[2026-05-16 05:22:47Z] SESSION_START symbol=ASTERUSDC dry_run=0 profile=major strategy=momentum base_url=https://api.binance.com
[2026-05-16 05:22:47Z] TOXIC_MEMORY_LOADED count=1 symbols=ORDIUSDC
[2026-05-16 05:22:49Z] CHK MOM:0% RANGE:0% UP:0% SPREAD:0.14925373% BID:0.67 ASK:0.671 MID:0.6705 P1:0.6705 P2:NA P3:NA P4:NA STATE:IDLE
[2026-05-16 05:22:49Z] CHK MOM:0% RANGE:0% UP:0% SPREAD:0.14925373% BID:0.67 ASK:0.671 MID:0.6705 P1:0.6705 P2:NA P3:NA P4:NA STATE:IDLE
[2026-05-16 05:22:50Z] CHK MOM:0% RANGE:0% UP:0% SPREAD:0.14925373% BID:0.67 ASK:0.671 MID:0.6705 P1:0.6705 P2:NA P3:NA P4:NA STATE:IDLE
[2026-05-16 05:22:50Z] CHK MOM:0% RANGE:0% UP:0% SPREAD:0.14925373% BID:0.67 ASK:0.671 MID:0.6705 P1:0.6705 P2:NA P3:NA P4:NA STATE:IDLE
[2026-05-16 05:22:51Z] CHK MOM:0% RANGE:0% UP:0% SPREAD:0.14925373% BID:0.67 ASK:0.671 MID:0.6705 P1:0.6705 P2:NA P3:NA P4:NA STATE:IDLE
[2026-05-16 05:22:52Z] CHK MOM:0% RANGE:0% UP:0% SPREAD:0.14925373% BID:0.67 ASK:0.671 MID:0.6705 P1:0.6705 P2:0.6705 P3:NA P4:NA STATE:IDLE
[2026-05-16 05:22:52Z] CHK MOM:0% RANGE:0% UP:0% SPREAD:0.14925373% BID:0.67 ASK:0.671 MID:0.6705 P1:0.6705 P2:0.6705 P3:0.6705 P4:NA STATE:IDLE
[2026-05-16 05:22:53Z] CHK MOM:0% RANGE:0% UP:0% SPREAD:0.14925373% BID:0.67 ASK:0.671 MID:0.6705 P1:0.6705 P2:0.6705 P3:0.6705 P4:NA STATE:IDLE
[2026-05-16 05:22:53Z] CHK MOM:0% RANGE:0% UP:0% SPREAD:0.14925373% BID:0.67 ASK:0.671 MID:0.6705 P1:0.6705 P2:0.6705 P3:0.6705 P4:NA STATE:IDLE
[2026-05-16 05:22:54Z] CHK MOM:0% RANGE:0% UP:0% SPREAD:0.14925373% BID:0.67 ASK:0.671 MID:0.6705 P1:0.6705 P2:0.6705 P3:0.6705 P4:NA STATE:IDLE
[2026-05-16 05:22:55Z] CHK MOM:0% RANGE:0% UP:0% SPREAD:0.14925373% BID:0.67 ASK:0.671 MID:0.6705 P1:0.6705 P2:0.6705 P3:0.6705 P4:NA STATE:IDLE
[2026-05-16 05:22:56Z] CHK MOM:0% RANGE:0% UP:0% SPREAD:0.14925373% BID:0.67 ASK:0.671 MID:0.6705 P1:0.6705 P2:0.6705 P3:0.6705 P4:0.6705 STATE:IDLE
[2026-05-16 05:22:56Z] CHK MOM:0% RANGE:0% UP:0% SPREAD:0.14925373% BID:0.67 ASK:0.671 MID:0.6705 P1:0.6705 P2:0.6705 P3:0.6705 P4:0.6705 STATE:IDLE
[2026-05-16 05:22:57Z] CHK MOM:0% RANGE:0% UP:0% SPREAD:0.14925373% BID:0.67 ASK:0.671 MID:0.6705 P1:0.6705 P2:0.6705 P3:0.6705 P4:0.6705 STATE:IDLE
[2026-05-16 05:22:57Z] CHK MOM:0% RANGE:0% UP:0% SPREAD:0.14925373% BID:0.67 ASK:0.671 MID:0.6705 P1:0.6705 P2:0.6705 P3:0.6705 P4:0.6705 STATE:IDLE
[2026-05-16 05:22:58Z] CHK MOM:0% RANGE:0% UP:0% SPREAD:0.14925373% BID:0.67 ASK:0.671 MID:0.6705 P1:0.6705 P2:0.6705 P3:0.6705 P4:0.6705 STATE:IDLE
[2026-05-16 05:22:58Z] CHK MOM:0% RANGE:0% UP:0% SPREAD:0.14925373% BID:0.67 ASK:0.671 MID:0.6705 P1:0.6705 P2:0.6705 P3:0.6705 P4:0.6705 STATE:IDLE
[2026-05-16 05:22:59Z] CHK MOM:0% RANGE:0% UP:0% SPREAD:0.14925373% BID:0.67 ASK:0.671 MID:0.6705 P1:0.6705 P2:0.6705 P3:0.6705 P4:0.6705 STATE:IDLE
[2026-05-16 05:23:00Z] CHK MOM:0% RANGE:0% UP:0% SPREAD:0.14925373% BID:0.67 ASK:0.671 MID:0.6705 P1:0.6705 P2:0.6705 P3:0.6705 P4:0.6705 STATE:IDLE
[2026-05-16 05:23:00Z] CHK MOM:0% RANGE:0% UP:0% SPREAD:0.14925373% BID:0.67 ASK:0.671 MID:0.6705 P1:0.6705 P2:0.6705 P3:0.6705 P4:0.6705 STATE:IDLE
[2026-05-16 05:23:01Z] CHK MOM:0% RANGE:0% UP:0% SPREAD:0.14925373% BID:0.67 ASK:0.671 MID:0.6705 P1:0.6705 P2:0.6705 P3:0.6705 P4:0.6705 STATE:IDLE
[2026-05-16 05:23:02Z] CHK MOM:0% RANGE:0% UP:0% SPREAD:0.14925373% BID:0.67 ASK:0.671 MID:0.6705 P1:0.6705 P2:0.6705 P3:0.6705 P4:0.6705 STATE:IDLE
[2026-05-16 05:23:02Z] CHK MOM:0% RANGE:0% UP:0% SPREAD:0.14925373% BID:0.67 ASK:0.671 MID:0.6705 P1:0.6705 P2:0.6705 P3:0.6705 P4:0.6705 STATE:IDLE
[2026-05-16 05:23:03Z] CHK MOM:0% RANGE:0% UP:0% SPREAD:0.14925373% BID:0.67 ASK:0.671 MID:0.6705 P1:0.6705 P2:0.6705 P3:0.6705 P4:0.6705 STATE:IDLE
[2026-05-16 05:23:03Z] CHK MOM:0% RANGE:0% UP:0% SPREAD:0.14925373% BID:0.67 ASK:0.671 MID:0.6705 P1:0.6705 P2:0.6705 P3:0.6705 P4:0.6705 STATE:IDLE
[2026-05-16 05:23:04Z] CHK MOM:0% RANGE:0% UP:0% SPREAD:0.14925373% BID:0.67 ASK:0.671 MID:0.6705 P1:0.6705 P2:0.6705 P3:0.6705 P4:0.6705 STATE:IDLE
[2026-05-16 05:23:04Z] CHK MOM:0% RANGE:0% UP:0% SPREAD:0.14925373% BID:0.67 ASK:0.671 MID:0.6705 P1:0.6705 P2:0.6705 P3:0.6705 P4:0.6705 STATE:IDLE
[2026-05-16 05:23:05Z] CHK MOM:0% RANGE:0% UP:0% SPREAD:0.14925373% BID:0.67 ASK:0.671 MID:0.6705 P1:0.6705 P2:0.6705 P3:0.6705 P4:0.6705 STATE:IDLE
[2026-05-16 05:23:06Z] CHK MOM:0% RANGE:0% UP:0% SPREAD:0.14925373% BID:0.67 ASK:0.671 MID:0.6705 P1:0.6705 P2:0.6705 P3:0.6705 P4:0.6705 STATE:IDLE
[2026-05-16 05:23:07Z] CHK MOM:0% RANGE:0% UP:0% SPREAD:0.14925373% BID:0.67 ASK:0.671 MID:0.6705 P1:0.6705 P2:0.6705 P3:0.6705 P4:0.6705 STATE:IDLE
[2026-05-16 05:23:07Z] CHK MOM:0% RANGE:0% UP:0% SPREAD:0.14925373% BID:0.67 ASK:0.671 MID:0.6705 P1:0.6705 P2:0.6705 P3:0.6705 P4:0.6705 STATE:IDLE
[2026-05-16 05:23:08Z] CHK MOM:0% RANGE:0% UP:0% SPREAD:0.14925373% BID:0.67 ASK:0.671 MID:0.6705 P1:0.6705 P2:0.6705 P3:0.6705 P4:0.6705 STATE:IDLE
[2026-05-16 05:23:08Z] CHK MOM:0% RANGE:0% UP:0% SPREAD:0.14925373% BID:0.67 ASK:0.671 MID:0.6705 P1:0.6705 P2:0.6705 P3:0.6705 P4:0.6705 STATE:IDLE
[2026-05-16 05:23:09Z] CHK MOM:0% RANGE:0% UP:0% SPREAD:0.14925373% BID:0.67 ASK:0.671 MID:0.6705 P1:0.6705 P2:0.6705 P3:0.6705 P4:0.6705 STATE:IDLE
[2026-05-16 05:23:10Z] CHK MOM:0% RANGE:0% UP:0% SPREAD:0.14925373% BID:0.67 ASK:0.671 MID:0.6705 P1:0.6705 P2:0.6705 P3:0.6705 P4:0.6705 STATE:IDLE
[2026-05-16 05:23:11Z] CHK MOM:0% RANGE:0% UP:0% SPREAD:0.14925373% BID:0.67 ASK:0.671 MID:0.6705 P1:0.6705 P2:0.6705 P3:0.6705 P4:0.6705 STATE:IDLE
[2026-05-16 05:23:11Z] CHK MOM:0% RANGE:0% UP:0% SPREAD:0.14925373% BID:0.67 ASK:0.671 MID:0.6705 P1:0.6705 P2:0.6705 P3:0.6705 P4:0.6705 STATE:IDLE
[2026-05-16 05:23:12Z] CHK MOM:0% RANGE:0% UP:0% SPREAD:0.14925373% BID:0.67 ASK:0.671 MID:0.6705 P1:0.6705 P2:0.6705 P3:0.6705 P4:0.6705 STATE:IDLE
[2026-05-16 05:23:12Z] CHK MOM:0% RANGE:0% UP:0% SPREAD:0.14925373% BID:0.67 ASK:0.671 MID:0.6705 P1:0.6705 P2:0.6705 P3:0.6705 P4:0.6705 STATE:IDLE
[2026-05-16 05:23:13Z] CHK MOM:0% RANGE:0% UP:0% SPREAD:0.14925373% BID:0.67 ASK:0.671 MID:0.6705 P1:0.6705 P2:0.6705 P3:0.6705 P4:0.6705 STATE:IDLE
[2026-05-16 05:23:14Z] CHK MOM:0% RANGE:0% UP:0% SPREAD:0.14925373% BID:0.67 ASK:0.671 MID:0.6705 P1:0.6705 P2:0.6705 P3:0.6705 P4:0.6705 STATE:IDLE
[2026-05-16 05:23:14Z] CHK MOM:0% RANGE:0% UP:0% SPREAD:0.14925373% BID:0.67 ASK:0.671 MID:0.6705 P1:0.6705 P2:0.6705 P3:0.6705 P4:0.6705 STATE:IDLE
[2026-05-16 05:23:15Z] CHK MOM:0% RANGE:0% UP:0% SPREAD:0.14925373% BID:0.67 ASK:0.671 MID:0.6705 P1:0.6705 P2:0.6705 P3:0.6705 P4:0.6705 STATE:IDLE
[2026-05-16 05:23:15Z] CHK MOM:0% RANGE:0% UP:0% SPREAD:0.14925373% BID:0.67 ASK:0.671 MID:0.6705 P1:0.6705 P2:0.6705 P3:0.6705 P4:0.6705 STATE:IDLE
[2026-05-16 05:23:16Z] CHK MOM:0% RANGE:0% UP:0% SPREAD:0.14925373% BID:0.67 ASK:0.671 MID:0.6705 P1:0.6705 P2:0.6705 P3:0.6705 P4:0.6705 STATE:IDLE
[2026-05-16 05:23:17Z] CHK MOM:0% RANGE:0% UP:0% SPREAD:0.14925373% BID:0.67 ASK:0.671 MID:0.6705 P1:0.6705 P2:0.6705 P3:0.6705 P4:0.6705 STATE:IDLE
[2026-05-16 05:23:17Z] CHK MOM:0% RANGE:0% UP:0% SPREAD:0.14925373% BID:0.67 ASK:0.671 MID:0.6705 P1:0.6705 P2:0.6705 P3:0.6705 P4:0.6705 STATE:IDLE
[2026-05-16 05:23:18Z] CHK MOM:0% RANGE:0% UP:0% SPREAD:0.14925373% BID:0.67 ASK:0.671 MID:0.6705 P1:0.6705 P2:0.6705 P3:0.6705 P4:0.6705 STATE:IDLE
[2026-05-16 05:23:18Z] CHK MOM:0% RANGE:0% UP:0% SPREAD:0.14925373% BID:0.67 ASK:0.671 MID:0.6705 P1:0.6705 P2:0.6705 P3:0.6705 P4:0.6705 STATE:IDLE
[2026-05-16 05:23:19Z] CHK MOM:0% RANGE:0% UP:0% SPREAD:0.14925373% BID:0.67 ASK:0.671 MID:0.6705 P1:0.6705 P2:0.6705 P3:0.6705 P4:0.6705 STATE:IDLE
[2026-05-16 05:23:19Z] CHK MOM:0% RANGE:0% UP:0% SPREAD:0.14925373% BID:0.67 ASK:0.671 MID:0.6705 P1:0.6705 P2:0.6705 P3:0.6705 P4:0.6705 STATE:IDLE
[2026-05-16 05:23:20Z] CHK MOM:0% RANGE:0% UP:0% SPREAD:0.14925373% BID:0.67 ASK:0.671 MID:0.6705 P1:0.6705 P2:0.6705 P3:0.6705 P4:0.6705 STATE:IDLE
[2026-05-16 05:23:20Z] CHK MOM:0% RANGE:0% UP:0% SPREAD:0.14925373% BID:0.67 ASK:0.671 MID:0.6705 P1:0.6705 P2:0.6705 P3:0.6705 P4:0.6705 STATE:IDLE
[2026-05-16 05:23:22Z] CHK MOM:0% RANGE:0% UP:0% SPREAD:0.14925373% BID:0.67 ASK:0.671 MID:0.6705 P1:0.6705 P2:0.6705 P3:0.6705 P4:0.6705 STATE:IDLE
[2026-05-16 05:23:22Z] CHK MOM:0% RANGE:0% UP:0% SPREAD:0.14925373% BID:0.67 ASK:0.671 MID:0.6705 P1:0.6705 P2:0.6705 P3:0.6705 P4:0.6705 STATE:IDLE
[2026-05-16 05:23:23Z] CHK MOM:0% RANGE:0% UP:0% SPREAD:0.14925373% BID:0.67 ASK:0.671 MID:0.6705 P1:0.6705 P2:0.6705 P3:0.6705 P4:0.6705 STATE:IDLE
[2026-05-16 05:23:23Z] CHK MOM:0% RANGE:0% UP:0% SPREAD:0.14925373% BID:0.67 ASK:0.671 MID:0.6705 P1:0.6705 P2:0.6705 P3:0.6705 P4:0.6705 STATE:IDLE
[2026-05-16 05:23:24Z] CHK MOM:0% RANGE:0% UP:0% SPREAD:0.14925373% BID:0.67 ASK:0.671 MID:0.6705 P1:0.6705 P2:0.6705 P3:0.6705 P4:0.6705 STATE:IDLE
[2026-05-16 05:23:24Z] CHK MOM:0% RANGE:0% UP:0% SPREAD:0.14925373% BID:0.67 ASK:0.671 MID:0.6705 P1:0.6705 P2:0.6705 P3:0.6705 P4:0.6705 STATE:IDLE
[2026-05-16 05:23:25Z] CHK MOM:0% RANGE:0% UP:0% SPREAD:0.14925373% BID:0.67 ASK:0.671 MID:0.6705 P1:0.6705 P2:0.6705 P3:0.6705 P4:0.6705 STATE:IDLE
[2026-05-16 05:23:25Z] CHK MOM:0% RANGE:0% UP:0% SPREAD:0.14925373% BID:0.67 ASK:0.671 MID:0.6705 P1:0.6705 P2:0.6705 P3:0.6705 P4:0.6705 STATE:IDLE
[2026-05-16 05:23:26Z] CHK MOM:0% RANGE:0% UP:0% SPREAD:0.14925373% BID:0.67 ASK:0.671 MID:0.6705 P1:0.6705 P2:0.6705 P3:0.6705 P4:0.6705 STATE:IDLE
[2026-05-16 05:23:26Z] CHK MOM:0% RANGE:0% UP:0% SPREAD:0.14925373% BID:0.67 ASK:0.671 MID:0.6705 P1:0.6705 P2:0.6705 P3:0.6705 P4:0.6705 STATE:IDLE
[2026-05-16 05:23:27Z] CHK MOM:0% RANGE:0% UP:0% SPREAD:0.14925373% BID:0.67 ASK:0.671 MID:0.6705 P1:0.6705 P2:0.6705 P3:0.6705 P4:0.6705 STATE:IDLE
[2026-05-16 05:23:28Z] CHK MOM:0% RANGE:0% UP:0% SPREAD:0.14925373% BID:0.67 ASK:0.671 MID:0.6705 P1:0.6705 P2:0.6705 P3:0.6705 P4:0.6705 STATE:IDLE
[2026-05-16 05:23:28Z] CHK MOM:0% RANGE:0% UP:0% SPREAD:0.14925373% BID:0.67 ASK:0.671 MID:0.6705 P1:0.6705 P2:0.6705 P3:0.6705 P4:0.6705 STATE:IDLE
[2026-05-16 05:23:29Z] CHK MOM:0% RANGE:0% UP:0% SPREAD:0.14925373% BID:0.67 ASK:0.671 MID:0.6705 P1:0.6705 P2:0.6705 P3:0.6705 P4:0.6705 STATE:IDLE
[2026-05-16 05:23:30Z] CHK MOM:0% RANGE:0% UP:0% SPREAD:0.14925373% BID:0.67 ASK:0.671 MID:0.6705 P1:0.6705 P2:0.6705 P3:0.6705 P4:0.6705 STATE:IDLE
[2026-05-16 05:23:30Z] CHK MOM:0% RANGE:0% UP:0% SPREAD:0.14925373% BID:0.67 ASK:0.671 MID:0.6705 P1:0.6705 P2:0.6705 P3:0.6705 P4:0.6705 STATE:IDLE
[2026-05-16 05:23:31Z] CHK MOM:0% RANGE:0% UP:0% SPREAD:0.14925373% BID:0.67 ASK:0.671 MID:0.6705 P1:0.6705 P2:0.6705 P3:0.6705 P4:0.6705 STATE:IDLE
[2026-05-16 05:23:31Z] CHK MOM:0% RANGE:0% UP:0% SPREAD:0.14925373% BID:0.67 ASK:0.671 MID:0.6705 P1:0.6705 P2:0.6705 P3:0.6705 P4:0.6705 STATE:IDLE
[2026-05-16 05:23:32Z] CHK MOM:0% RANGE:0% UP:0% SPREAD:0.14925373% BID:0.67 ASK:0.671 MID:0.6705 P1:0.6705 P2:0.6705 P3:0.6705 P4:0.6705 STATE:IDLE
[2026-05-16 05:23:33Z] CHK MOM:0% RANGE:0% UP:0% SPREAD:0.14925373% BID:0.67 ASK:0.671 MID:0.6705 P1:0.6705 P2:0.6705 P3:0.6705 P4:0.6705 STATE:IDLE
[2026-05-16 05:23:33Z] CHK MOM:0% RANGE:0% UP:0% SPREAD:0.14925373% BID:0.67 ASK:0.671 MID:0.6705 P1:0.6705 P2:0.6705 P3:0.6705 P4:0.6705 STATE:IDLE
[2026-05-16 05:23:34Z] CHK MOM:0% RANGE:0% UP:0% SPREAD:0.14925373% BID:0.67 ASK:0.671 MID:0.6705 P1:0.6705 P2:0.6705 P3:0.6705 P4:0.6705 STATE:IDLE
[2026-05-16 05:23:34Z] CHK MOM:0% RANGE:0% UP:0% SPREAD:0.14925373% BID:0.67 ASK:0.671 MID:0.6705 P1:0.6705 P2:0.6705 P3:0.6705 P4:0.6705 STATE:IDLE
[2026-05-16 05:23:35Z] CHK MOM:0% RANGE:0% UP:0% SPREAD:0.14925373% BID:0.67 ASK:0.671 MID:0.6705 P1:0.6705 P2:0.6705 P3:0.6705 P4:0.6705 STATE:IDLE
[2026-05-16 05:23:35Z] CHK MOM:0% RANGE:0% UP:0% SPREAD:0.14925373% BID:0.67 ASK:0.671 MID:0.6705 P1:0.6705 P2:0.6705 P3:0.6705 P4:0.6705 STATE:IDLE
[2026-05-16 05:23:36Z] CHK MOM:0% RANGE:0% UP:0% SPREAD:0.14925373% BID:0.67 ASK:0.671 MID:0.6705 P1:0.6705 P2:0.6705 P3:0.6705 P4:0.6705 STATE:IDLE
[2026-05-16 05:23:37Z] CHK MOM:0% RANGE:0% UP:0% SPREAD:0.14925373% BID:0.67 ASK:0.671 MID:0.6705 P1:0.6705 P2:0.6705 P3:0.6705 P4:0.6705 STATE:IDLE
[2026-05-16 05:23:37Z] CHK MOM:0% RANGE:0% UP:0% SPREAD:0.14925373% BID:0.67 ASK:0.671 MID:0.6705 P1:0.6705 P2:0.6705 P3:0.6705 P4:0.6705 STATE:IDLE
[2026-05-16 05:23:38Z] CHK MOM:0% RANGE:0% UP:0% SPREAD:0.14925373% BID:0.67 ASK:0.671 MID:0.6705 P1:0.6705 P2:0.6705 P3:0.6705 P4:0.6705 STATE:IDLE
[2026-05-16 05:23:39Z] CHK MOM:0% RANGE:0% UP:0% SPREAD:0.14925373% BID:0.67 ASK:0.671 MID:0.6705 P1:0.6705 P2:0.6705 P3:0.6705 P4:0.6705 STATE:IDLE
[2026-05-16 05:23:39Z] CHK MOM:0% RANGE:0% UP:0% SPREAD:0.14925373% BID:0.67 ASK:0.671 MID:0.6705 P1:0.6705 P2:0.6705 P3:0.6705 P4:0.6705 STATE:IDLE
[2026-05-16 05:23:40Z] CHK MOM:0% RANGE:0% UP:0% SPREAD:0.14925373% BID:0.67 ASK:0.671 MID:0.6705 P1:0.6705 P2:0.6705 P3:0.6705 P4:0.6705 STATE:IDLE
[2026-05-16 05:23:41Z] CHK MOM:0% RANGE:0% UP:0% SPREAD:0.14925373% BID:0.67 ASK:0.671 MID:0.6705 P1:0.6705 P2:0.6705 P3:0.6705 P4:0.6705 STATE:IDLE
[2026-05-16 05:23:41Z] CHK MOM:0% RANGE:0% UP:0% SPREAD:0.14925373% BID:0.67 ASK:0.671 MID:0.6705 P1:0.6705 P2:0.6705 P3:0.6705 P4:0.6705 STATE:IDLE
[2026-05-16 05:23:42Z] CHK MOM:0% RANGE:0% UP:0% SPREAD:0.14925373% BID:0.67 ASK:0.671 MID:0.6705 P1:0.6705 P2:0.6705 P3:0.6705 P4:0.6705 STATE:IDLE
[2026-05-16 05:23:42Z] CHK MOM:0% RANGE:0% UP:0% SPREAD:0.14925373% BID:0.67 ASK:0.671 MID:0.6705 P1:0.6705 P2:0.6705 P3:0.6705 P4:0.6705 STATE:IDLE
[2026-05-16 05:23:43Z] CHK MOM:0% RANGE:0% UP:0% SPREAD:0.14925373% BID:0.67 ASK:0.671 MID:0.6705 P1:0.6705 P2:0.6705 P3:0.6705 P4:0.6705 STATE:IDLE
[2026-05-16 05:23:44Z] CHK MOM:0% RANGE:0% UP:0% SPREAD:0.14925373% BID:0.67 ASK:0.671 MID:0.6705 P1:0.6705 P2:0.6705 P3:0.6705 P4:0.6705 STATE:IDLE
[2026-05-16 05:23:44Z] CHK MOM:0% RANGE:0% UP:0% SPREAD:0.14925373% BID:0.67 ASK:0.671 MID:0.6705 P1:0.6705 P2:0.6705 P3:0.6705 P4:0.6705 STATE:IDLE
[2026-05-16 05:23:45Z] CHK MOM:0% RANGE:0% UP:0% SPREAD:0.14925373% BID:0.67 ASK:0.671 MID:0.6705 P1:0.6705 P2:0.6705 P3:0.6705 P4:0.6705 STATE:IDLE
[2026-05-16 05:23:45Z] CHK MOM:0% RANGE:0% UP:0% SPREAD:0.14925373% BID:0.67 ASK:0.671 MID:0.6705 P1:0.6705 P2:0.6705 P3:0.6705 P4:0.6705 STATE:IDLE
[2026-05-16 05:23:46Z] CHK MOM:0% RANGE:0% UP:0% SPREAD:0.14925373% BID:0.67 ASK:0.671 MID:0.6705 P1:0.6705 P2:0.6705 P3:0.6705 P4:0.6705 STATE:IDLE
[2026-05-16 05:23:46Z] CHK MOM:0% RANGE:0% UP:0% SPREAD:0.14925373% BID:0.67 ASK:0.671 MID:0.6705 P1:0.6705 P2:0.6705 P3:0.6705 P4:0.6705 STATE:IDLE
[2026-05-16 05:23:47Z] CHK MOM:0% RANGE:0% UP:0% SPREAD:0.14925373% BID:0.67 ASK:0.671 MID:0.6705 P1:0.6705 P2:0.6705 P3:0.6705 P4:0.6705 STATE:IDLE
[2026-05-16 05:23:47Z] CHK MOM:0% RANGE:0% UP:0% SPREAD:0.14925373% BID:0.67 ASK:0.671 MID:0.6705 P1:0.6705 P2:0.6705 P3:0.6705 P4:0.6705 STATE:IDLE
[2026-05-16 05:23:48Z] CHK MOM:0% RANGE:0% UP:0% SPREAD:0.14925373% BID:0.67 ASK:0.671 MID:0.6705 P1:0.6705 P2:0.6705 P3:0.6705 P4:0.6705 STATE:IDLE
[2026-05-16 05:23:48Z] CHK MOM:0% RANGE:0% UP:0% SPREAD:0.14925373% BID:0.67 ASK:0.671 MID:0.6705 P1:0.6705 P2:0.6705 P3:0.6705 P4:0.6705 STATE:IDLE
[2026-05-16 05:23:49Z] CHK MOM:0% RANGE:0% UP:0% SPREAD:0.14925373% BID:0.67 ASK:0.671 MID:0.6705 P1:0.6705 P2:0.6705 P3:0.6705 P4:0.6705 STATE:IDLE
[2026-05-16 05:23:50Z] CHK MOM:0% RANGE:0% UP:0% SPREAD:0.14925373% BID:0.67 ASK:0.671 MID:0.6705 P1:0.6705 P2:0.6705 P3:0.6705 P4:0.6705 STATE:IDLE
[2026-05-16 05:23:50Z] CHK MOM:0% RANGE:0% UP:0% SPREAD:0.14925373% BID:0.67 ASK:0.671 MID:0.6705 P1:0.6705 P2:0.6705 P3:0.6705 P4:0.6705 STATE:IDLE
[2026-05-16 05:23:51Z] CHK MOM:0% RANGE:0% UP:0% SPREAD:0.14925373% BID:0.67 ASK:0.671 MID:0.6705 P1:0.6705 P2:0.6705 P3:0.6705 P4:0.6705 STATE:IDLE
[2026-05-16 05:23:51Z] CHK MOM:0% RANGE:0% UP:0% SPREAD:0.14925373% BID:0.67 ASK:0.671 MID:0.6705 P1:0.6705 P2:0.6705 P3:0.6705 P4:0.6705 STATE:IDLE
[2026-05-16 05:23:52Z] CHK MOM:0% RANGE:0% UP:0% SPREAD:0.14925373% BID:0.67 ASK:0.671 MID:0.6705 P1:0.6705 P2:0.6705 P3:0.6705 P4:0.6705 STATE:IDLE
[2026-05-16 05:23:52Z] CHK MOM:0% RANGE:0% UP:0% SPREAD:0.14925373% BID:0.67 ASK:0.671 MID:0.6705 P1:0.6705 P2:0.6705 P3:0.6705 P4:0.6705 STATE:IDLE
[2026-05-16 05:23:53Z] CHK MOM:0% RANGE:0% UP:0% SPREAD:0.14925373% BID:0.67 ASK:0.671 MID:0.6705 P1:0.6705 P2:0.6705 P3:0.6705 P4:0.6705 STATE:IDLE
[2026-05-16 05:23:53Z] CHK MOM:0% RANGE:0% UP:0% SPREAD:0.14925373% BID:0.67 ASK:0.671 MID:0.6705 P1:0.6705 P2:0.6705 P3:0.6705 P4:0.6705 STATE:IDLE
[2026-05-16 05:23:54Z] CHK MOM:0% RANGE:0% UP:0% SPREAD:0.14925373% BID:0.67 ASK:0.671 MID:0.6705 P1:0.6705 P2:0.6705 P3:0.6705 P4:0.6705 STATE:IDLE
[2026-05-16 05:23:55Z] CHK MOM:0% RANGE:0% UP:0% SPREAD:0.14925373% BID:0.67 ASK:0.671 MID:0.6705 P1:0.6705 P2:0.6705 P3:0.6705 P4:0.6705 STATE:IDLE
[2026-05-16 05:23:55Z] CHK MOM:0% RANGE:0% UP:0% SPREAD:0.14925373% BID:0.67 ASK:0.671 MID:0.6705 P1:0.6705 P2:0.6705 P3:0.6705 P4:0.6705 STATE:IDLE
[2026-05-16 05:23:56Z] CHK MOM:0% RANGE:0% UP:0% SPREAD:0.14925373% BID:0.67 ASK:0.671 MID:0.6705 P1:0.6705 P2:0.6705 P3:0.6705 P4:0.6705 STATE:IDLE
[2026-05-16 05:23:56Z] CHK MOM:0% RANGE:0% UP:0% SPREAD:0.14925373% BID:0.67 ASK:0.671 MID:0.6705 P1:0.6705 P2:0.6705 P3:0.6705 P4:0.6705 STATE:IDLE
[2026-05-16 05:23:57Z] CHK MOM:0% RANGE:0% UP:0% SPREAD:0.14925373% BID:0.67 ASK:0.671 MID:0.6705 P1:0.6705 P2:0.6705 P3:0.6705 P4:0.6705 STATE:IDLE
[2026-05-16 05:23:57Z] CHK MOM:0% RANGE:0% UP:0% SPREAD:0.14925373% BID:0.67 ASK:0.671 MID:0.6705 P1:0.6705 P2:0.6705 P3:0.6705 P4:0.6705 STATE:IDLE
[2026-05-16 05:23:58Z] CHK MOM:0% RANGE:0% UP:0% SPREAD:0.14925373% BID:0.67 ASK:0.671 MID:0.6705 P1:0.6705 P2:0.6705 P3:0.6705 P4:0.6705 STATE:IDLE
[2026-05-16 05:23:58Z] CHK MOM:0% RANGE:0% UP:0% SPREAD:0.14925373% BID:0.67 ASK:0.671 MID:0.6705 P1:0.6705 P2:0.6705 P3:0.6705 P4:0.6705 STATE:IDLE
[2026-05-16 05:23:59Z] CHK MOM:0% RANGE:0% UP:0% SPREAD:0.14925373% BID:0.67 ASK:0.671 MID:0.6705 P1:0.6705 P2:0.6705 P3:0.6705 P4:0.6705 STATE:IDLE
[2026-05-16 05:23:59Z] CHK MOM:0% RANGE:0% UP:0% SPREAD:0.14925373% BID:0.67 ASK:0.671 MID:0.6705 P1:0.6705 P2:0.6705 P3:0.6705 P4:0.6705 STATE:IDLE
[2026-05-16 05:24:00Z] CHK MOM:0% RANGE:0% UP:0% SPREAD:0.14925373% BID:0.67 ASK:0.671 MID:0.6705 P1:0.6705 P2:0.6705 P3:0.6705 P4:0.6705 STATE:IDLE
[2026-05-16 05:24:01Z] CHK MOM:0% RANGE:0% UP:0% SPREAD:0.14925373% BID:0.67 ASK:0.671 MID:0.6705 P1:0.6705 P2:0.6705 P3:0.6705 P4:0.6705 STATE:IDLE
[2026-05-16 05:24:01Z] CHK MOM:0% RANGE:0% UP:0% SPREAD:0.14925373% BID:0.67 ASK:0.671 MID:0.6705 P1:0.6705 P2:0.6705 P3:0.6705 P4:0.6705 STATE:IDLE
[2026-05-16 05:24:02Z] CHK MOM:0% RANGE:0% UP:0% SPREAD:0.14925373% BID:0.67 ASK:0.671 MID:0.6705 P1:0.6705 P2:0.6705 P3:0.6705 P4:0.6705 STATE:IDLE
[2026-05-16 05:24:02Z] CHK MOM:0% RANGE:0% UP:0% SPREAD:0.14925373% BID:0.67 ASK:0.671 MID:0.6705 P1:0.6705 P2:0.6705 P3:0.6705 P4:0.6705 STATE:IDLE
[2026-05-16 05:24:03Z] CHK MOM:0% RANGE:0% UP:0% SPREAD:0.14925373% BID:0.67 ASK:0.671 MID:0.6705 P1:0.6705 P2:0.6705 P3:0.6705 P4:0.6705 STATE:IDLE
[2026-05-16 05:24:03Z] CHK MOM:0% RANGE:0% UP:0% SPREAD:0.14925373% BID:0.67 ASK:0.671 MID:0.6705 P1:0.6705 P2:0.6705 P3:0.6705 P4:0.6705 STATE:IDLE
[2026-05-16 05:24:04Z] CHK MOM:0% RANGE:0% UP:0% SPREAD:0.14925373% BID:0.67 ASK:0.671 MID:0.6705 P1:0.6705 P2:0.6705 P3:0.6705 P4:0.6705 STATE:IDLE
[2026-05-16 05:24:04Z] CHK MOM:0% RANGE:0% UP:0% SPREAD:0.14925373% BID:0.67 ASK:0.671 MID:0.6705 P1:0.6705 P2:0.6705 P3:0.6705 P4:0.6705 STATE:IDLE
[2026-05-16 05:24:05Z] CHK MOM:0% RANGE:0% UP:0% SPREAD:0.14925373% BID:0.67 ASK:0.671 MID:0.6705 P1:0.6705 P2:0.6705 P3:0.6705 P4:0.6705 STATE:IDLE
[2026-05-16 05:24:06Z] CHK MOM:0% RANGE:0% UP:0% SPREAD:0.14925373% BID:0.67 ASK:0.671 MID:0.6705 P1:0.6705 P2:0.6705 P3:0.6705 P4:0.6705 STATE:IDLE
[2026-05-16 05:24:06Z] CHK MOM:0% RANGE:0% UP:0% SPREAD:0.14925373% BID:0.67 ASK:0.671 MID:0.6705 P1:0.6705 P2:0.6705 P3:0.6705 P4:0.6705 STATE:IDLE
[2026-05-16 05:24:07Z] CHK MOM:0% RANGE:0% UP:0% SPREAD:0.14925373% BID:0.67 ASK:0.671 MID:0.6705 P1:0.6705 P2:0.6705 P3:0.6705 P4:0.6705 STATE:IDLE
[2026-05-16 05:24:08Z] CHK MOM:0% RANGE:0% UP:0% SPREAD:0.14925373% BID:0.67 ASK:0.671 MID:0.6705 P1:0.6705 P2:0.6705 P3:0.6705 P4:0.6705 STATE:IDLE
[2026-05-16 05:24:08Z] CHK MOM:0% RANGE:0% UP:0% SPREAD:0.14925373% BID:0.67 ASK:0.671 MID:0.6705 P1:0.6705 P2:0.6705 P3:0.6705 P4:0.6705 STATE:IDLE
[2026-05-16 05:24:09Z] CHK MOM:0% RANGE:0% UP:0% SPREAD:0.14925373% BID:0.67 ASK:0.671 MID:0.6705 P1:0.6705 P2:0.6705 P3:0.6705 P4:0.6705 STATE:IDLE
[2026-05-16 05:24:09Z] CHK MOM:0% RANGE:0% UP:0% SPREAD:0.14925373% BID:0.67 ASK:0.671 MID:0.6705 P1:0.6705 P2:0.6705 P3:0.6705 P4:0.6705 STATE:IDLE
[2026-05-16 05:24:10Z] CHK MOM:0% RANGE:0% UP:0% SPREAD:0.14925373% BID:0.67 ASK:0.671 MID:0.6705 P1:0.6705 P2:0.6705 P3:0.6705 P4:0.6705 STATE:IDLE
[2026-05-16 05:24:11Z] CHK MOM:0% RANGE:0% UP:0% SPREAD:0.14925373% BID:0.67 ASK:0.671 MID:0.6705 P1:0.6705 P2:0.6705 P3:0.6705 P4:0.6705 STATE:IDLE
[2026-05-16 05:24:11Z] CHK MOM:0% RANGE:0% UP:0% SPREAD:0.14925373% BID:0.67 ASK:0.671 MID:0.6705 P1:0.6705 P2:0.6705 P3:0.6705 P4:0.6705 STATE:IDLE
[2026-05-16 05:24:12Z] CHK MOM:0% RANGE:0% UP:0% SPREAD:0.14925373% BID:0.67 ASK:0.671 MID:0.6705 P1:0.6705 P2:0.6705 P3:0.6705 P4:0.6705 STATE:IDLE
[2026-05-16 05:24:12Z] CHK MOM:0% RANGE:0% UP:0% SPREAD:0.14925373% BID:0.67 ASK:0.671 MID:0.6705 P1:0.6705 P2:0.6705 P3:0.6705 P4:0.6705 STATE:IDLE
[2026-05-16 05:24:13Z] CHK MOM:0% RANGE:0% UP:0% SPREAD:0.14925373% BID:0.67 ASK:0.671 MID:0.6705 P1:0.6705 P2:0.6705 P3:0.6705 P4:0.6705 STATE:IDLE
[2026-05-16 05:24:13Z] CHK MOM:0% RANGE:0% UP:0% SPREAD:0.14925373% BID:0.67 ASK:0.671 MID:0.6705 P1:0.6705 P2:0.6705 P3:0.6705 P4:0.6705 STATE:IDLE
[2026-05-16 05:24:14Z] CHK MOM:0% RANGE:0% UP:0% SPREAD:0.14925373% BID:0.67 ASK:0.671 MID:0.6705 P1:0.6705 P2:0.6705 P3:0.6705 P4:0.6705 STATE:IDLE
[2026-05-16 05:24:14Z] CHK MOM:0% RANGE:0% UP:0% SPREAD:0.14925373% BID:0.67 ASK:0.671 MID:0.6705 P1:0.6705 P2:0.6705 P3:0.6705 P4:0.6705 STATE:IDLE
[2026-05-16 05:24:15Z] CHK MOM:0% RANGE:0% UP:0% SPREAD:0.14925373% BID:0.67 ASK:0.671 MID:0.6705 P1:0.6705 P2:0.6705 P3:0.6705 P4:0.6705 STATE:IDLE
[2026-05-16 05:24:16Z] CHK MOM:0% RANGE:0% UP:0% SPREAD:0.14925373% BID:0.67 ASK:0.671 MID:0.6705 P1:0.6705 P2:0.6705 P3:0.6705 P4:0.6705 STATE:IDLE
[2026-05-16 05:24:17Z] CHK MOM:0% RANGE:0% UP:0% SPREAD:0.14925373% BID:0.67 ASK:0.671 MID:0.6705 P1:0.6705 P2:0.6705 P3:0.6705 P4:0.6705 STATE:IDLE
[2026-05-16 05:24:17Z] CHK MOM:0% RANGE:0% UP:0% SPREAD:0.14925373% BID:0.67 ASK:0.671 MID:0.6705 P1:0.6705 P2:0.6705 P3:0.6705 P4:0.6705 STATE:IDLE
[2026-05-16 05:24:18Z] CHK MOM:0% RANGE:0% UP:0% SPREAD:0.14925373% BID:0.67 ASK:0.671 MID:0.6705 P1:0.6705 P2:0.6705 P3:0.6705 P4:0.6705 STATE:IDLE
[2026-05-16 05:24:18Z] CHK MOM:0% RANGE:0% UP:0% SPREAD:0.14925373% BID:0.67 ASK:0.671 MID:0.6705 P1:0.6705 P2:0.6705 P3:0.6705 P4:0.6705 STATE:IDLE
[2026-05-16 05:24:19Z] CHK MOM:0% RANGE:0% UP:0% SPREAD:0.14925373% BID:0.67 ASK:0.671 MID:0.6705 P1:0.6705 P2:0.6705 P3:0.6705 P4:0.6705 STATE:IDLE
[2026-05-16 05:24:20Z] CHK MOM:0% RANGE:0% UP:0% SPREAD:0.14925373% BID:0.67 ASK:0.671 MID:0.6705 P1:0.6705 P2:0.6705 P3:0.6705 P4:0.6705 STATE:IDLE
[2026-05-16 05:24:20Z] CHK MOM:0% RANGE:0% UP:0% SPREAD:0.14925373% BID:0.67 ASK:0.671 MID:0.6705 P1:0.6705 P2:0.6705 P3:0.6705 P4:0.6705 STATE:IDLE
[2026-05-16 05:24:21Z] CHK MOM:0% RANGE:0% UP:0% SPREAD:0.14925373% BID:0.67 ASK:0.671 MID:0.6705 P1:0.6705 P2:0.6705 P3:0.6705 P4:0.6705 STATE:IDLE
[2026-05-16 05:24:22Z] CHK MOM:0% RANGE:0% UP:0% SPREAD:0.14925373% BID:0.67 ASK:0.671 MID:0.6705 P1:0.6705 P2:0.6705 P3:0.6705 P4:0.6705 STATE:IDLE
[2026-05-16 05:24:22Z] CHK MOM:0% RANGE:0% UP:0% SPREAD:0.14925373% BID:0.67 ASK:0.671 MID:0.6705 P1:0.6705 P2:0.6705 P3:0.6705 P4:0.6705 STATE:IDLE
[2026-05-16 05:24:23Z] CHK MOM:0% RANGE:0% UP:0% SPREAD:0.14925373% BID:0.67 ASK:0.671 MID:0.6705 P1:0.6705 P2:0.6705 P3:0.6705 P4:0.6705 STATE:IDLE
[2026-05-16 05:24:24Z] CHK MOM:0% RANGE:0% UP:0% SPREAD:0.14925373% BID:0.67 ASK:0.671 MID:0.6705 P1:0.6705 P2:0.6705 P3:0.6705 P4:0.6705 STATE:IDLE
[2026-05-16 05:24:24Z] CHK MOM:0% RANGE:0% UP:0% SPREAD:0.14925373% BID:0.67 ASK:0.671 MID:0.6705 P1:0.6705 P2:0.6705 P3:0.6705 P4:0.6705 STATE:IDLE
[2026-05-16 05:24:25Z] CHK MOM:0% RANGE:0% UP:0% SPREAD:0.14925373% BID:0.67 ASK:0.671 MID:0.6705 P1:0.6705 P2:0.6705 P3:0.6705 P4:0.6705 STATE:IDLE
[2026-05-16 05:24:25Z] CHK MOM:0% RANGE:0% UP:0% SPREAD:0.14925373% BID:0.67 ASK:0.671 MID:0.6705 P1:0.6705 P2:0.6705 P3:0.6705 P4:0.6705 STATE:IDLE
[2026-05-16 05:24:26Z] CHK MOM:0% RANGE:0% UP:0% SPREAD:0.14925373% BID:0.67 ASK:0.671 MID:0.6705 P1:0.6705 P2:0.6705 P3:0.6705 P4:0.6705 STATE:IDLE
[2026-05-16 05:24:26Z] CHK MOM:0% RANGE:0% UP:0% SPREAD:0.14925373% BID:0.67 ASK:0.671 MID:0.6705 P1:0.6705 P2:0.6705 P3:0.6705 P4:0.6705 STATE:IDLE
[2026-05-16 05:24:28Z] CHK MOM:0% RANGE:0% UP:0% SPREAD:0.14925373% BID:0.67 ASK:0.671 MID:0.6705 P1:0.6705 P2:0.6705 P3:0.6705 P4:0.6705 STATE:IDLE
[2026-05-16 05:24:28Z] CHK MOM:0% RANGE:0% UP:0% SPREAD:0.14925373% BID:0.67 ASK:0.671 MID:0.6705 P1:0.6705 P2:0.6705 P3:0.6705 P4:0.6705 STATE:IDLE
[2026-05-16 05:24:29Z] CHK MOM:0% RANGE:0% UP:0% SPREAD:0.14925373% BID:0.67 ASK:0.671 MID:0.6705 P1:0.6705 P2:0.6705 P3:0.6705 P4:0.6705 STATE:IDLE
[2026-05-16 05:24:29Z] CHK MOM:0% RANGE:0% UP:0% SPREAD:0.14925373% BID:0.67 ASK:0.671 MID:0.6705 P1:0.6705 P2:0.6705 P3:0.6705 P4:0.6705 STATE:IDLE
[2026-05-16 05:24:30Z] CHK MOM:0% RANGE:0% UP:0% SPREAD:0.14925373% BID:0.67 ASK:0.671 MID:0.6705 P1:0.6705 P2:0.6705 P3:0.6705 P4:0.6705 STATE:IDLE
[2026-05-16 05:24:30Z] CHK MOM:0% RANGE:0% UP:0% SPREAD:0.14925373% BID:0.67 ASK:0.671 MID:0.6705 P1:0.6705 P2:0.6705 P3:0.6705 P4:0.6705 STATE:IDLE
[2026-05-16 05:24:31Z] CHK MOM:0% RANGE:0% UP:0% SPREAD:0.14925373% BID:0.67 ASK:0.671 MID:0.6705 P1:0.6705 P2:0.6705 P3:0.6705 P4:0.6705 STATE:IDLE
[2026-05-16 05:24:31Z] CHK MOM:0% RANGE:0% UP:0% SPREAD:0.14925373% BID:0.67 ASK:0.671 MID:0.6705 P1:0.6705 P2:0.6705 P3:0.6705 P4:0.6705 STATE:IDLE
[2026-05-16 05:24:32Z] CHK MOM:0% RANGE:0% UP:0% SPREAD:0.14925373% BID:0.67 ASK:0.671 MID:0.6705 P1:0.6705 P2:0.6705 P3:0.6705 P4:0.6705 STATE:IDLE
[2026-05-16 05:24:32Z] CHK MOM:0% RANGE:0% UP:0% SPREAD:0.14925373% BID:0.67 ASK:0.671 MID:0.6705 P1:0.6705 P2:0.6705 P3:0.6705 P4:0.6705 STATE:IDLE
[2026-05-16 05:24:33Z] CHK MOM:0% RANGE:0% UP:0% SPREAD:0.14925373% BID:0.67 ASK:0.671 MID:0.6705 P1:0.6705 P2:0.6705 P3:0.6705 P4:0.6705 STATE:IDLE
[2026-05-16 05:24:34Z] CHK MOM:0% RANGE:0% UP:0% SPREAD:0.14925373% BID:0.67 ASK:0.671 MID:0.6705 P1:0.6705 P2:0.6705 P3:0.6705 P4:0.6705 STATE:IDLE
[2026-05-16 05:24:35Z] CHK MOM:0% RANGE:0% UP:0% SPREAD:0.14925373% BID:0.67 ASK:0.671 MID:0.6705 P1:0.6705 P2:0.6705 P3:0.6705 P4:0.6705 STATE:IDLE
[2026-05-16 05:24:35Z] CHK MOM:0% RANGE:0% UP:0% SPREAD:0.14925373% BID:0.67 ASK:0.671 MID:0.6705 P1:0.6705 P2:0.6705 P3:0.6705 P4:0.6705 STATE:IDLE
[2026-05-16 05:24:36Z] CHK MOM:0% RANGE:0% UP:0% SPREAD:0.14925373% BID:0.67 ASK:0.671 MID:0.6705 P1:0.6705 P2:0.6705 P3:0.6705 P4:0.6705 STATE:IDLE
[2026-05-16 05:24:36Z] CHK MOM:0% RANGE:0% UP:0% SPREAD:0.14925373% BID:0.67 ASK:0.671 MID:0.6705 P1:0.6705 P2:0.6705 P3:0.6705 P4:0.6705 STATE:IDLE
[2026-05-16 05:24:37Z] CHK MOM:0% RANGE:0% UP:0% SPREAD:0.14925373% BID:0.67 ASK:0.671 MID:0.6705 P1:0.6705 P2:0.6705 P3:0.6705 P4:0.6705 STATE:IDLE
[2026-05-16 05:24:37Z] CHK MOM:0% RANGE:0% UP:0% SPREAD:0.14925373% BID:0.67 ASK:0.671 MID:0.6705 P1:0.6705 P2:0.6705 P3:0.6705 P4:0.6705 STATE:IDLE
[2026-05-16 05:24:38Z] CHK MOM:0% RANGE:0% UP:0% SPREAD:0.14925373% BID:0.67 ASK:0.671 MID:0.6705 P1:0.6705 P2:0.6705 P3:0.6705 P4:0.6705 STATE:IDLE
[2026-05-16 05:24:39Z] CHK MOM:0% RANGE:0% UP:0% SPREAD:0.14925373% BID:0.67 ASK:0.671 MID:0.6705 P1:0.6705 P2:0.6705 P3:0.6705 P4:0.6705 STATE:IDLE
[2026-05-16 05:24:39Z] CHK MOM:0% RANGE:0% UP:0% SPREAD:0.14925373% BID:0.67 ASK:0.671 MID:0.6705 P1:0.6705 P2:0.6705 P3:0.6705 P4:0.6705 STATE:IDLE
[2026-05-16 05:24:40Z] CHK MOM:0% RANGE:0% UP:0% SPREAD:0.14925373% BID:0.67 ASK:0.671 MID:0.6705 P1:0.6705 P2:0.6705 P3:0.6705 P4:0.6705 STATE:IDLE
[2026-05-16 05:24:40Z] CHK MOM:0% RANGE:0% UP:0% SPREAD:0.14925373% BID:0.67 ASK:0.671 MID:0.6705 P1:0.6705 P2:0.6705 P3:0.6705 P4:0.6705 STATE:IDLE
[2026-05-16 05:24:41Z] CHK MOM:0% RANGE:0% UP:0% SPREAD:0.14925373% BID:0.67 ASK:0.671 MID:0.6705 P1:0.6705 P2:0.6705 P3:0.6705 P4:0.6705 STATE:IDLE
[2026-05-16 05:24:41Z] CHK MOM:0% RANGE:0% UP:0% SPREAD:0.14925373% BID:0.67 ASK:0.671 MID:0.6705 P1:0.6705 P2:0.6705 P3:0.6705 P4:0.6705 STATE:IDLE
[2026-05-16 05:24:42Z] CHK MOM:0% RANGE:0% UP:0% SPREAD:0.14925373% BID:0.67 ASK:0.671 MID:0.6705 P1:0.6705 P2:0.6705 P3:0.6705 P4:0.6705 STATE:IDLE
[2026-05-16 05:24:42Z] CHK MOM:0% RANGE:0% UP:0% SPREAD:0.14925373% BID:0.67 ASK:0.671 MID:0.6705 P1:0.6705 P2:0.6705 P3:0.6705 P4:0.6705 STATE:IDLE
[2026-05-16 05:24:43Z] CHK MOM:0% RANGE:0% UP:0% SPREAD:0.14925373% BID:0.67 ASK:0.671 MID:0.6705 P1:0.6705 P2:0.6705 P3:0.6705 P4:0.6705 STATE:IDLE
[2026-05-16 05:24:43Z] CHK MOM:0% RANGE:0% UP:0% SPREAD:0.14925373% BID:0.67 ASK:0.671 MID:0.6705 P1:0.6705 P2:0.6705 P3:0.6705 P4:0.6705 STATE:IDLE
[2026-05-16 05:24:44Z] CHK MOM:0% RANGE:0% UP:0% SPREAD:0.14925373% BID:0.67 ASK:0.671 MID:0.6705 P1:0.6705 P2:0.6705 P3:0.6705 P4:0.6705 STATE:IDLE
[2026-05-16 05:24:44Z] TOKEN_SWITCH old=ASTERUSDC new=LINKUSDC source=.service.env
[2026-05-16 09:20:44Z] SESSION_START symbol=ASTERUSDC dry_run=0 profile=major strategy=momentum base_url=https://api.binance.com
[2026-05-16 09:20:44Z] TOXIC_MEMORY_LOADED count=1 symbols=ORDIUSDC
[2026-05-16 09:20:48Z] CHK MOM:0% RANGE:0% UP:0% SPREAD:0.15151515% BID:0.66 ASK:0.661 MID:0.6605 P1:0.6605 P2:NA P3:NA P4:NA STATE:IDLE
[2026-05-16 09:20:49Z] CHK MOM:0% RANGE:0% UP:0% SPREAD:0.15151515% BID:0.66 ASK:0.661 MID:0.6605 P1:0.6605 P2:NA P3:NA P4:NA STATE:IDLE
[2026-05-16 09:20:49Z] CHK MOM:0% RANGE:0% UP:0% SPREAD:0.15151515% BID:0.66 ASK:0.661 MID:0.6605 P1:0.6605 P2:NA P3:NA P4:NA STATE:IDLE
[2026-05-16 09:20:50Z] CHK MOM:0% RANGE:0% UP:0% SPREAD:0.15151515% BID:0.66 ASK:0.661 MID:0.6605 P1:0.6605 P2:NA P3:NA P4:NA STATE:IDLE
[2026-05-16 09:20:50Z] CHK MOM:0% RANGE:0% UP:0% SPREAD:0.15151515% BID:0.66 ASK:0.661 MID:0.6605 P1:0.6605 P2:0.6605 P3:NA P4:NA STATE:IDLE
[2026-05-16 09:20:51Z] CHK MOM:0% RANGE:0% UP:0% SPREAD:0.15151515% BID:0.66 ASK:0.661 MID:0.6605 P1:0.6605 P2:0.6605 P3:NA P4:NA STATE:IDLE
[2026-05-16 09:20:51Z] CHK MOM:0% RANGE:0% UP:0% SPREAD:0.15151515% BID:0.66 ASK:0.661 MID:0.6605 P1:0.6605 P2:0.6605 P3:NA P4:NA STATE:IDLE
[2026-05-16 09:20:52Z] CHK MOM:0% RANGE:0% UP:0% SPREAD:0.15151515% BID:0.66 ASK:0.661 MID:0.6605 P1:0.6605 P2:0.6605 P3:0.6605 P4:NA STATE:IDLE
[2026-05-16 09:20:52Z] CHK MOM:0% RANGE:0% UP:0% SPREAD:0.15151515% BID:0.66 ASK:0.661 MID:0.6605 P1:0.6605 P2:0.6605 P3:0.6605 P4:NA STATE:IDLE
[2026-05-16 09:20:53Z] CHK MOM:0% RANGE:0% UP:0% SPREAD:0.15151515% BID:0.66 ASK:0.661 MID:0.6605 P1:0.6605 P2:0.6605 P3:0.6605 P4:NA STATE:IDLE
[2026-05-16 09:20:54Z] CHK MOM:0% RANGE:0% UP:0% SPREAD:0.15151515% BID:0.66 ASK:0.661 MID:0.6605 P1:0.6605 P2:0.6605 P3:0.6605 P4:0.6605 STATE:IDLE
[2026-05-16 09:20:54Z] CHK MOM:0% RANGE:0% UP:0% SPREAD:0.15151515% BID:0.66 ASK:0.661 MID:0.6605 P1:0.6605 P2:0.6605 P3:0.6605 P4:0.6605 STATE:IDLE
[2026-05-16 09:20:55Z] CHK MOM:0% RANGE:0% UP:0% SPREAD:0.15151515% BID:0.66 ASK:0.661 MID:0.6605 P1:0.6605 P2:0.6605 P3:0.6605 P4:0.6605 STATE:IDLE
[2026-05-16 09:20:55Z] CHK MOM:0% RANGE:0% UP:0% SPREAD:0.15151515% BID:0.66 ASK:0.661 MID:0.6605 P1:0.6605 P2:0.6605 P3:0.6605 P4:0.6605 STATE:IDLE
[2026-05-16 09:20:56Z] CHK MOM:0% RANGE:0% UP:0% SPREAD:0.15151515% BID:0.66 ASK:0.661 MID:0.6605 P1:0.6605 P2:0.6605 P3:0.6605 P4:0.6605 STATE:IDLE
[2026-05-16 09:20:56Z] CHK MOM:0% RANGE:0% UP:0% SPREAD:0.15151515% BID:0.66 ASK:0.661 MID:0.6605 P1:0.6605 P2:0.6605 P3:0.6605 P4:0.6605 STATE:IDLE
[2026-05-16 09:20:57Z] CHK MOM:0% RANGE:0% UP:0% SPREAD:0.15151515% BID:0.66 ASK:0.661 MID:0.6605 P1:0.6605 P2:0.6605 P3:0.6605 P4:0.6605 STATE:IDLE
[2026-05-16 09:20:57Z] CHK MOM:0% RANGE:0% UP:0% SPREAD:0.15151515% BID:0.66 ASK:0.661 MID:0.6605 P1:0.6605 P2:0.6605 P3:0.6605 P4:0.6605 STATE:IDLE
[2026-05-16 09:20:58Z] CHK MOM:0% RANGE:0% UP:0% SPREAD:0.15151515% BID:0.66 ASK:0.661 MID:0.6605 P1:0.6605 P2:0.6605 P3:0.6605 P4:0.6605 STATE:IDLE
[2026-05-16 09:20:59Z] CHK MOM:0% RANGE:0% UP:0% SPREAD:0.15151515% BID:0.66 ASK:0.661 MID:0.6605 P1:0.6605 P2:0.6605 P3:0.6605 P4:0.6605 STATE:IDLE
[2026-05-16 09:20:59Z] CHK MOM:0% RANGE:0% UP:0% SPREAD:0.15151515% BID:0.66 ASK:0.661 MID:0.6605 P1:0.6605 P2:0.6605 P3:0.6605 P4:0.6605 STATE:IDLE
[2026-05-16 09:21:00Z] CHK MOM:0% RANGE:0% UP:0% SPREAD:0.15151515% BID:0.66 ASK:0.661 MID:0.6605 P1:0.6605 P2:0.6605 P3:0.6605 P4:0.6605 STATE:IDLE
[2026-05-16 09:21:00Z] CHK MOM:0% RANGE:0% UP:0% SPREAD:0.15151515% BID:0.66 ASK:0.661 MID:0.6605 P1:0.6605 P2:0.6605 P3:0.6605 P4:0.6605 STATE:IDLE
[2026-05-16 09:21:01Z] CHK MOM:0% RANGE:0% UP:0% SPREAD:0.15151515% BID:0.66 ASK:0.661 MID:0.6605 P1:0.6605 P2:0.6605 P3:0.6605 P4:0.6605 STATE:IDLE
[2026-05-16 09:21:01Z] CHK MOM:0% RANGE:0% UP:0% SPREAD:0.15151515% BID:0.66 ASK:0.661 MID:0.6605 P1:0.6605 P2:0.6605 P3:0.6605 P4:0.6605 STATE:IDLE
[2026-05-16 09:21:02Z] CHK MOM:0% RANGE:0% UP:0% SPREAD:0.15151515% BID:0.66 ASK:0.661 MID:0.6605 P1:0.6605 P2:0.6605 P3:0.6605 P4:0.6605 STATE:IDLE
[2026-05-16 09:21:02Z] CHK MOM:0% RANGE:0% UP:0% SPREAD:0.15151515% BID:0.66 ASK:0.661 MID:0.6605 P1:0.6605 P2:0.6605 P3:0.6605 P4:0.6605 STATE:IDLE
[2026-05-16 09:21:03Z] CHK MOM:0% RANGE:0% UP:0% SPREAD:0.15151515% BID:0.66 ASK:0.661 MID:0.6605 P1:0.6605 P2:0.6605 P3:0.6605 P4:0.6605 STATE:IDLE
[2026-05-16 09:21:04Z] CHK MOM:0% RANGE:0% UP:0% SPREAD:0.15151515% BID:0.66 ASK:0.661 MID:0.6605 P1:0.6605 P2:0.6605 P3:0.6605 P4:0.6605 STATE:IDLE
[2026-05-16 09:21:04Z] CHK MOM:0% RANGE:0% UP:0% SPREAD:0.15151515% BID:0.66 ASK:0.661 MID:0.6605 P1:0.6605 P2:0.6605 P3:0.6605 P4:0.6605 STATE:IDLE
[2026-05-16 09:21:05Z] CHK MOM:0% RANGE:0% UP:0% SPREAD:0.15151515% BID:0.66 ASK:0.661 MID:0.6605 P1:0.6605 P2:0.6605 P3:0.6605 P4:0.6605 STATE:IDLE
[2026-05-16 09:21:05Z] CHK MOM:0% RANGE:0% UP:0% SPREAD:0.15151515% BID:0.66 ASK:0.661 MID:0.6605 P1:0.6605 P2:0.6605 P3:0.6605 P4:0.6605 STATE:IDLE
[2026-05-16 09:21:06Z] CHK MOM:0% RANGE:0% UP:0% SPREAD:0.15151515% BID:0.66 ASK:0.661 MID:0.6605 P1:0.6605 P2:0.6605 P3:0.6605 P4:0.6605 STATE:IDLE
[2026-05-16 09:21:06Z] CHK MOM:0% RANGE:0% UP:0% SPREAD:0.15151515% BID:0.66 ASK:0.661 MID:0.6605 P1:0.6605 P2:0.6605 P3:0.6605 P4:0.6605 STATE:IDLE
[2026-05-16 09:21:07Z] CHK MOM:0% RANGE:0% UP:0% SPREAD:0.15151515% BID:0.66 ASK:0.661 MID:0.6605 P1:0.6605 P2:0.6605 P3:0.6605 P4:0.6605 STATE:IDLE
[2026-05-16 09:21:08Z] CHK MOM:0% RANGE:0% UP:0% SPREAD:0.15151515% BID:0.66 ASK:0.661 MID:0.6605 P1:0.6605 P2:0.6605 P3:0.6605 P4:0.6605 STATE:IDLE
[2026-05-16 09:21:09Z] CHK MOM:0% RANGE:0% UP:0% SPREAD:0.15151515% BID:0.66 ASK:0.661 MID:0.6605 P1:0.6605 P2:0.6605 P3:0.6605 P4:0.6605 STATE:IDLE
[2026-05-16 09:21:09Z] CHK MOM:0% RANGE:0% UP:0% SPREAD:0.15151515% BID:0.66 ASK:0.661 MID:0.6605 P1:0.6605 P2:0.6605 P3:0.6605 P4:0.6605 STATE:IDLE
[2026-05-16 09:21:10Z] CHK MOM:0% RANGE:0% UP:0% SPREAD:0.15151515% BID:0.66 ASK:0.661 MID:0.6605 P1:0.6605 P2:0.6605 P3:0.6605 P4:0.6605 STATE:IDLE
[2026-05-16 09:21:10Z] CHK MOM:-0.15% RANGE:0.15% UP:0% SPREAD:0.15174506% BID:0.659 ASK:0.66 MID:0.6595 P1:0.6595 P2:0.6605 P3:0.6605 P4:0.6605 STATE:IDLE
[2026-05-16 09:21:11Z] CHK MOM:-0.15% RANGE:0.15% UP:0% SPREAD:0.15174506% BID:0.659 ASK:0.66 MID:0.6595 P1:0.6595 P2:0.6595 P3:0.6605 P4:0.6605 STATE:IDLE
[2026-05-16 09:21:11Z] CHK MOM:-0.15% RANGE:0.15% UP:0% SPREAD:0.15174506% BID:0.659 ASK:0.66 MID:0.6595 P1:0.6595 P2:0.6595 P3:0.6595 P4:0.6605 STATE:IDLE
[2026-05-16 09:21:12Z] CHK MOM:-0.15% RANGE:0.15% UP:0% SPREAD:0.15174506% BID:0.659 ASK:0.66 MID:0.6595 P1:0.6595 P2:0.6595 P3:0.6595 P4:0.6605 STATE:IDLE
[2026-05-16 09:21:12Z] CHK MOM:-0.15% RANGE:0.15% UP:0% SPREAD:0.15174506% BID:0.659 ASK:0.66 MID:0.6595 P1:0.6595 P2:0.6595 P3:0.6595 P4:0.6605 STATE:IDLE
[2026-05-16 09:21:13Z] CHK MOM:-0.15% RANGE:0.15% UP:0% SPREAD:0.15174506% BID:0.659 ASK:0.66 MID:0.6595 P1:0.6595 P2:0.6595 P3:0.6595 P4:0.6605 STATE:IDLE
[2026-05-16 09:21:13Z] CHK MOM:-0.15% RANGE:0.15% UP:0% SPREAD:0.15174506% BID:0.659 ASK:0.66 MID:0.6595 P1:0.6595 P2:0.6595 P3:0.6595 P4:0.6605 STATE:IDLE
[2026-05-16 09:21:14Z] CHK MOM:-0.15% RANGE:0.15% UP:0% SPREAD:0.15174506% BID:0.659 ASK:0.66 MID:0.6595 P1:0.6595 P2:0.6595 P3:0.6595 P4:0.6605 STATE:IDLE
[2026-05-16 09:21:15Z] CHK MOM:-0.15% RANGE:0.15% UP:0% SPREAD:0.15174506% BID:0.659 ASK:0.66 MID:0.6595 P1:0.6595 P2:0.6595 P3:0.6595 P4:0.6595 STATE:IDLE
[2026-05-16 09:21:15Z] CHK MOM:-0.15% RANGE:0.15% UP:0% SPREAD:0.15174506% BID:0.659 ASK:0.66 MID:0.6595 P1:0.6595 P2:0.6595 P3:0.6595 P4:0.6595 STATE:IDLE
[2026-05-16 09:21:16Z] CHK MOM:-0.15% RANGE:0.15% UP:0% SPREAD:0.15174506% BID:0.659 ASK:0.66 MID:0.6595 P1:0.6595 P2:0.6595 P3:0.6595 P4:0.6595 STATE:IDLE
[2026-05-16 09:21:16Z] CHK MOM:-0.15% RANGE:0.15% UP:0% SPREAD:0.15174506% BID:0.659 ASK:0.66 MID:0.6595 P1:0.6595 P2:0.6595 P3:0.6595 P4:0.6595 STATE:IDLE
[2026-05-16 09:21:17Z] CHK MOM:-0.15% RANGE:0.15% UP:0% SPREAD:0.15174506% BID:0.659 ASK:0.66 MID:0.6595 P1:0.6595 P2:0.6595 P3:0.6595 P4:0.6595 STATE:IDLE
[2026-05-16 09:21:17Z] CHK MOM:-0.15% RANGE:0.15% UP:0% SPREAD:0.15174506% BID:0.659 ASK:0.66 MID:0.6595 P1:0.6595 P2:0.6595 P3:0.6595 P4:0.6595 STATE:IDLE
[2026-05-16 09:21:18Z] CHK MOM:-0.15% RANGE:0.15% UP:0% SPREAD:0.15174506% BID:0.659 ASK:0.66 MID:0.6595 P1:0.6595 P2:0.6595 P3:0.6595 P4:0.6595 STATE:IDLE
[2026-05-16 09:21:18Z] CHK MOM:-0.15% RANGE:0.15% UP:0% SPREAD:0.15174506% BID:0.659 ASK:0.66 MID:0.6595 P1:0.6595 P2:0.6595 P3:0.6595 P4:0.6595 STATE:IDLE
[2026-05-16 09:21:19Z] CHK MOM:-0.15% RANGE:0.15% UP:0% SPREAD:0.15174506% BID:0.659 ASK:0.66 MID:0.6595 P1:0.6595 P2:0.6595 P3:0.6595 P4:0.6595 STATE:IDLE
[2026-05-16 09:21:20Z] CHK MOM:-0.15% RANGE:0.15% UP:0% SPREAD:0.15174506% BID:0.659 ASK:0.66 MID:0.6595 P1:0.6595 P2:0.6595 P3:0.6595 P4:0.6595 STATE:IDLE
[2026-05-16 09:21:20Z] CHK MOM:-0.15% RANGE:0.15% UP:0% SPREAD:0.15174506% BID:0.659 ASK:0.66 MID:0.6595 P1:0.6595 P2:0.6595 P3:0.6595 P4:0.6595 STATE:IDLE
[2026-05-16 09:21:21Z] CHK MOM:-0.15% RANGE:0.15% UP:0% SPREAD:0.15174506% BID:0.659 ASK:0.66 MID:0.6595 P1:0.6595 P2:0.6595 P3:0.6595 P4:0.6595 STATE:IDLE
[2026-05-16 09:21:21Z] CHK MOM:-0.15% RANGE:0.15% UP:0% SPREAD:0.15174506% BID:0.659 ASK:0.66 MID:0.6595 P1:0.6595 P2:0.6595 P3:0.6595 P4:0.6595 STATE:IDLE
[2026-05-16 09:21:22Z] CHK MOM:-0.15% RANGE:0.15% UP:0% SPREAD:0.15174506% BID:0.659 ASK:0.66 MID:0.6595 P1:0.6595 P2:0.6595 P3:0.6595 P4:0.6595 STATE:IDLE
[2026-05-16 09:21:22Z] CHK MOM:-0.15% RANGE:0.15% UP:0% SPREAD:0.15174506% BID:0.659 ASK:0.66 MID:0.6595 P1:0.6595 P2:0.6595 P3:0.6595 P4:0.6595 STATE:IDLE
[2026-05-16 09:21:23Z] CHK MOM:-0.15% RANGE:0.15% UP:0% SPREAD:0.15174506% BID:0.659 ASK:0.66 MID:0.6595 P1:0.6595 P2:0.6595 P3:0.6595 P4:0.6595 STATE:IDLE
[2026-05-16 09:21:23Z] CHK MOM:-0.15% RANGE:0.15% UP:0% SPREAD:0.15174506% BID:0.659 ASK:0.66 MID:0.6595 P1:0.6595 P2:0.6595 P3:0.6595 P4:0.6595 STATE:IDLE
[2026-05-16 09:21:24Z] CHK MOM:0% RANGE:0% UP:0% SPREAD:0.15174506% BID:0.659 ASK:0.66 MID:0.6595 P1:0.6595 P2:0.6595 P3:0.6595 P4:0.6595 STATE:IDLE
[2026-05-16 09:21:24Z] CHK MOM:0% RANGE:0% UP:0% SPREAD:0.15174506% BID:0.659 ASK:0.66 MID:0.6595 P1:0.6595 P2:0.6595 P3:0.6595 P4:0.6595 STATE:IDLE
[2026-05-16 09:21:25Z] CHK MOM:0% RANGE:0% UP:0% SPREAD:0.15174506% BID:0.659 ASK:0.66 MID:0.6595 P1:0.6595 P2:0.6595 P3:0.6595 P4:0.6595 STATE:IDLE
[2026-05-16 09:21:26Z] CHK MOM:0% RANGE:0% UP:0% SPREAD:0.15174506% BID:0.659 ASK:0.66 MID:0.6595 P1:0.6595 P2:0.6595 P3:0.6595 P4:0.6595 STATE:IDLE
[2026-05-16 09:21:26Z] CHK MOM:0% RANGE:0% UP:0% SPREAD:0.15174506% BID:0.659 ASK:0.66 MID:0.6595 P1:0.6595 P2:0.6595 P3:0.6595 P4:0.6595 STATE:IDLE
[2026-05-16 09:21:27Z] CHK MOM:0% RANGE:0% UP:0% SPREAD:0.15174506% BID:0.659 ASK:0.66 MID:0.6595 P1:0.6595 P2:0.6595 P3:0.6595 P4:0.6595 STATE:IDLE
[2026-05-16 09:21:27Z] CHK MOM:0% RANGE:0% UP:0% SPREAD:0.15174506% BID:0.659 ASK:0.66 MID:0.6595 P1:0.6595 P2:0.6595 P3:0.6595 P4:0.6595 STATE:IDLE
[2026-05-16 09:21:28Z] CHK MOM:0% RANGE:0% UP:0% SPREAD:0.15174506% BID:0.659 ASK:0.66 MID:0.6595 P1:0.6595 P2:0.6595 P3:0.6595 P4:0.6595 STATE:IDLE
[2026-05-16 09:21:28Z] CHK MOM:0% RANGE:0% UP:0% SPREAD:0.15174506% BID:0.659 ASK:0.66 MID:0.6595 P1:0.6595 P2:0.6595 P3:0.6595 P4:0.6595 STATE:IDLE
[2026-05-16 09:21:29Z] CHK MOM:0% RANGE:0% UP:0% SPREAD:0.15174506% BID:0.659 ASK:0.66 MID:0.6595 P1:0.6595 P2:0.6595 P3:0.6595 P4:0.6595 STATE:IDLE
[2026-05-16 09:21:29Z] CHK MOM:0% RANGE:0% UP:0% SPREAD:0.15174506% BID:0.659 ASK:0.66 MID:0.6595 P1:0.6595 P2:0.6595 P3:0.6595 P4:0.6595 STATE:IDLE
[2026-05-16 09:21:30Z] CHK MOM:0% RANGE:0% UP:0% SPREAD:0.15174506% BID:0.659 ASK:0.66 MID:0.6595 P1:0.6595 P2:0.6595 P3:0.6595 P4:0.6595 STATE:IDLE
[2026-05-16 09:21:31Z] CHK MOM:0% RANGE:0% UP:0% SPREAD:0.15174506% BID:0.659 ASK:0.66 MID:0.6595 P1:0.6595 P2:0.6595 P3:0.6595 P4:0.6595 STATE:IDLE
[2026-05-16 09:21:31Z] CHK MOM:0% RANGE:0% UP:0% SPREAD:0.15174506% BID:0.659 ASK:0.66 MID:0.6595 P1:0.6595 P2:0.6595 P3:0.6595 P4:0.6595 STATE:IDLE
[2026-05-16 09:21:33Z] CHK MOM:0% RANGE:0% UP:0% SPREAD:0.15174506% BID:0.659 ASK:0.66 MID:0.6595 P1:0.6595 P2:0.6595 P3:0.6595 P4:0.6595 STATE:IDLE
[2026-05-16 09:21:33Z] CHK MOM:0% RANGE:0% UP:0% SPREAD:0.15174506% BID:0.659 ASK:0.66 MID:0.6595 P1:0.6595 P2:0.6595 P3:0.6595 P4:0.6595 STATE:IDLE
[2026-05-16 09:21:34Z] CHK MOM:0% RANGE:0% UP:0% SPREAD:0.15174506% BID:0.659 ASK:0.66 MID:0.6595 P1:0.6595 P2:0.6595 P3:0.6595 P4:0.6595 STATE:IDLE
[2026-05-16 09:21:34Z] CHK MOM:0% RANGE:0% UP:0% SPREAD:0.15174506% BID:0.659 ASK:0.66 MID:0.6595 P1:0.6595 P2:0.6595 P3:0.6595 P4:0.6595 STATE:IDLE
[2026-05-16 09:21:35Z] CHK MOM:0% RANGE:0% UP:0% SPREAD:0.15174506% BID:0.659 ASK:0.66 MID:0.6595 P1:0.6595 P2:0.6595 P3:0.6595 P4:0.6595 STATE:IDLE
[2026-05-16 09:21:36Z] CHK MOM:0% RANGE:0% UP:0% SPREAD:0.15174506% BID:0.659 ASK:0.66 MID:0.6595 P1:0.6595 P2:0.6595 P3:0.6595 P4:0.6595 STATE:IDLE
[2026-05-16 09:21:36Z] CHK MOM:0% RANGE:0% UP:0% SPREAD:0.15174506% BID:0.659 ASK:0.66 MID:0.6595 P1:0.6595 P2:0.6595 P3:0.6595 P4:0.6595 STATE:IDLE
[2026-05-16 09:21:37Z] CHK MOM:0% RANGE:0% UP:0% SPREAD:0.15174506% BID:0.659 ASK:0.66 MID:0.6595 P1:0.6595 P2:0.6595 P3:0.6595 P4:0.6595 STATE:IDLE
[2026-05-16 09:21:38Z] CHK MOM:0% RANGE:0% UP:0% SPREAD:0.15174506% BID:0.659 ASK:0.66 MID:0.6595 P1:0.6595 P2:0.6595 P3:0.6595 P4:0.6595 STATE:IDLE
[2026-05-16 09:21:39Z] CHK MOM:0% RANGE:0% UP:0% SPREAD:0.15174506% BID:0.659 ASK:0.66 MID:0.6595 P1:0.6595 P2:0.6595 P3:0.6595 P4:0.6595 STATE:IDLE
[2026-05-16 09:21:39Z] CHK MOM:0% RANGE:0% UP:0% SPREAD:0.15174506% BID:0.659 ASK:0.66 MID:0.6595 P1:0.6595 P2:0.6595 P3:0.6595 P4:0.6595 STATE:IDLE
[2026-05-16 09:21:40Z] CHK MOM:0% RANGE:0% UP:0% SPREAD:0.15174506% BID:0.659 ASK:0.66 MID:0.6595 P1:0.6595 P2:0.6595 P3:0.6595 P4:0.6595 STATE:IDLE
[2026-05-16 09:21:40Z] CHK MOM:0% RANGE:0% UP:0% SPREAD:0.15174506% BID:0.659 ASK:0.66 MID:0.6595 P1:0.6595 P2:0.6595 P3:0.6595 P4:0.6595 STATE:IDLE
[2026-05-16 09:21:41Z] CHK MOM:0% RANGE:0% UP:0% SPREAD:0.15174506% BID:0.659 ASK:0.66 MID:0.6595 P1:0.6595 P2:0.6595 P3:0.6595 P4:0.6595 STATE:IDLE
[2026-05-16 09:21:43Z] CHK MOM:0% RANGE:0% UP:0% SPREAD:0.15174506% BID:0.659 ASK:0.66 MID:0.6595 P1:0.6595 P2:0.6595 P3:0.6595 P4:0.6595 STATE:IDLE
[2026-05-16 09:21:44Z] CHK MOM:0% RANGE:0% UP:0% SPREAD:0.15174506% BID:0.659 ASK:0.66 MID:0.6595 P1:0.6595 P2:0.6595 P3:0.6595 P4:0.6595 STATE:IDLE
[2026-05-16 09:21:44Z] CHK MOM:0% RANGE:0% UP:0% SPREAD:0.15174506% BID:0.659 ASK:0.66 MID:0.6595 P1:0.6595 P2:0.6595 P3:0.6595 P4:0.6595 STATE:IDLE
[2026-05-16 09:21:45Z] CHK MOM:0% RANGE:0% UP:0% SPREAD:0.15174506% BID:0.659 ASK:0.66 MID:0.6595 P1:0.6595 P2:0.6595 P3:0.6595 P4:0.6595 STATE:IDLE
[2026-05-16 09:21:45Z] CHK MOM:0% RANGE:0% UP:0% SPREAD:0.15174506% BID:0.659 ASK:0.66 MID:0.6595 P1:0.6595 P2:0.6595 P3:0.6595 P4:0.6595 STATE:IDLE
[2026-05-16 09:21:46Z] CHK MOM:0% RANGE:0% UP:0% SPREAD:0.15174506% BID:0.659 ASK:0.66 MID:0.6595 P1:0.6595 P2:0.6595 P3:0.6595 P4:0.6595 STATE:IDLE
[2026-05-16 09:21:47Z] CHK MOM:0% RANGE:0% UP:0% SPREAD:0.15174506% BID:0.659 ASK:0.66 MID:0.6595 P1:0.6595 P2:0.6595 P3:0.6595 P4:0.6595 STATE:IDLE
[2026-05-16 09:21:47Z] CHK MOM:0% RANGE:0% UP:0% SPREAD:0.15174506% BID:0.659 ASK:0.66 MID:0.6595 P1:0.6595 P2:0.6595 P3:0.6595 P4:0.6595 STATE:IDLE
[2026-05-16 09:21:48Z] CHK MOM:0% RANGE:0% UP:0% SPREAD:0.15174506% BID:0.659 ASK:0.66 MID:0.6595 P1:0.6595 P2:0.6595 P3:0.6595 P4:0.6595 STATE:IDLE
[2026-05-16 09:21:48Z] CHK MOM:0% RANGE:0% UP:0% SPREAD:0.15174506% BID:0.659 ASK:0.66 MID:0.6595 P1:0.6595 P2:0.6595 P3:0.6595 P4:0.6595 STATE:IDLE
[2026-05-16 09:21:49Z] CHK MOM:0% RANGE:0% UP:0% SPREAD:0.15174506% BID:0.659 ASK:0.66 MID:0.6595 P1:0.6595 P2:0.6595 P3:0.6595 P4:0.6595 STATE:IDLE
[2026-05-16 09:21:49Z] CHK MOM:0% RANGE:0% UP:0% SPREAD:0.15174506% BID:0.659 ASK:0.66 MID:0.6595 P1:0.6595 P2:0.6595 P3:0.6595 P4:0.6595 STATE:IDLE
[2026-05-16 09:21:50Z] CHK MOM:0% RANGE:0% UP:0% SPREAD:0.15174506% BID:0.659 ASK:0.66 MID:0.6595 P1:0.6595 P2:0.6595 P3:0.6595 P4:0.6595 STATE:IDLE
[2026-05-16 09:21:50Z] CHK MOM:0% RANGE:0% UP:0% SPREAD:0.15174506% BID:0.659 ASK:0.66 MID:0.6595 P1:0.6595 P2:0.6595 P3:0.6595 P4:0.6595 STATE:IDLE
[2026-05-16 09:21:51Z] CHK MOM:0% RANGE:0% UP:0% SPREAD:0.15174506% BID:0.659 ASK:0.66 MID:0.6595 P1:0.6595 P2:0.6595 P3:0.6595 P4:0.6595 STATE:IDLE
[2026-05-16 09:21:51Z] CHK MOM:0% RANGE:0% UP:0% SPREAD:0.15174506% BID:0.659 ASK:0.66 MID:0.6595 P1:0.6595 P2:0.6595 P3:0.6595 P4:0.6595 STATE:IDLE
[2026-05-16 09:21:52Z] CHK MOM:0% RANGE:0% UP:0% SPREAD:0.15174506% BID:0.659 ASK:0.66 MID:0.6595 P1:0.6595 P2:0.6595 P3:0.6595 P4:0.6595 STATE:IDLE
[2026-05-16 09:21:53Z] CHK MOM:0% RANGE:0% UP:0% SPREAD:0.15174506% BID:0.659 ASK:0.66 MID:0.6595 P1:0.6595 P2:0.6595 P3:0.6595 P4:0.6595 STATE:IDLE
[2026-05-16 09:21:53Z] CHK MOM:0% RANGE:0% UP:0% SPREAD:0.15174506% BID:0.659 ASK:0.66 MID:0.6595 P1:0.6595 P2:0.6595 P3:0.6595 P4:0.6595 STATE:IDLE
[2026-05-16 09:21:55Z] CHK MOM:0% RANGE:0% UP:0% SPREAD:0.15174506% BID:0.659 ASK:0.66 MID:0.6595 P1:0.6595 P2:0.6595 P3:0.6595 P4:0.6595 STATE:IDLE
[2026-05-16 09:21:55Z] CHK MOM:0% RANGE:0% UP:0% SPREAD:0.15174506% BID:0.659 ASK:0.66 MID:0.6595 P1:0.6595 P2:0.6595 P3:0.6595 P4:0.6595 STATE:IDLE
[2026-05-16 09:21:56Z] CHK MOM:0% RANGE:0% UP:0% SPREAD:0.15174506% BID:0.659 ASK:0.66 MID:0.6595 P1:0.6595 P2:0.6595 P3:0.6595 P4:0.6595 STATE:IDLE
[2026-05-16 09:21:56Z] CHK MOM:0% RANGE:0% UP:0% SPREAD:0.15174506% BID:0.659 ASK:0.66 MID:0.6595 P1:0.6595 P2:0.6595 P3:0.6595 P4:0.6595 STATE:IDLE
[2026-05-16 09:21:57Z] CHK MOM:0% RANGE:0% UP:0% SPREAD:0.15174506% BID:0.659 ASK:0.66 MID:0.6595 P1:0.6595 P2:0.6595 P3:0.6595 P4:0.6595 STATE:IDLE
[2026-05-16 09:21:58Z] CHK MOM:0% RANGE:0% UP:0% SPREAD:0.15174506% BID:0.659 ASK:0.66 MID:0.6595 P1:0.6595 P2:0.6595 P3:0.6595 P4:0.6595 STATE:IDLE
[2026-05-16 09:21:59Z] CHK MOM:0% RANGE:0% UP:0% SPREAD:0.15174506% BID:0.659 ASK:0.66 MID:0.6595 P1:0.6595 P2:0.6595 P3:0.6595 P4:0.6595 STATE:IDLE
[2026-05-16 09:21:59Z] CHK MOM:0% RANGE:0% UP:0% SPREAD:0.15174506% BID:0.659 ASK:0.66 MID:0.6595 P1:0.6595 P2:0.6595 P3:0.6595 P4:0.6595 STATE:IDLE
[2026-05-16 09:22:00Z] CHK MOM:0% RANGE:0% UP:0% SPREAD:0.15174506% BID:0.659 ASK:0.66 MID:0.6595 P1:0.6595 P2:0.6595 P3:0.6595 P4:0.6595 STATE:IDLE
[2026-05-16 09:22:00Z] CHK MOM:0% RANGE:0% UP:0% SPREAD:0.15174506% BID:0.659 ASK:0.66 MID:0.6595 P1:0.6595 P2:0.6595 P3:0.6595 P4:0.6595 STATE:IDLE
[2026-05-16 09:22:01Z] CHK MOM:-0.15% RANGE:0.15% UP:0% SPREAD:0.15197568% BID:0.658 ASK:0.659 MID:0.6585 P1:0.6585 P2:0.6595 P3:0.6595 P4:0.6595 STATE:IDLE
[2026-05-16 09:22:01Z] CHK MOM:-0.15% RANGE:0.15% UP:0% SPREAD:0.15197568% BID:0.658 ASK:0.659 MID:0.6585 P1:0.6585 P2:0.6585 P3:0.6595 P4:0.6595 STATE:IDLE
[2026-05-16 09:22:02Z] CHK MOM:-0.15% RANGE:0.15% UP:0% SPREAD:0.15197568% BID:0.658 ASK:0.659 MID:0.6585 P1:0.6585 P2:0.6585 P3:0.6585 P4:0.6595 STATE:IDLE
[2026-05-16 09:22:03Z] CHK MOM:-0.15% RANGE:0.15% UP:0% SPREAD:0.15197568% BID:0.658 ASK:0.659 MID:0.6585 P1:0.6585 P2:0.6585 P3:0.6585 P4:0.6585 STATE:IDLE
[2026-05-16 09:22:03Z] CHK MOM:-0.15% RANGE:0.15% UP:0% SPREAD:0.15197568% BID:0.658 ASK:0.659 MID:0.6585 P1:0.6585 P2:0.6585 P3:0.6585 P4:0.6585 STATE:IDLE
[2026-05-16 09:22:04Z] CHK MOM:-0.15% RANGE:0.15% UP:0% SPREAD:0.15197568% BID:0.658 ASK:0.659 MID:0.6585 P1:0.6585 P2:0.6585 P3:0.6585 P4:0.6585 STATE:IDLE
[2026-05-16 09:22:04Z] CHK MOM:-0.15% RANGE:0.15% UP:0% SPREAD:0.15197568% BID:0.658 ASK:0.659 MID:0.6585 P1:0.6585 P2:0.6585 P3:0.6585 P4:0.6585 STATE:IDLE
[2026-05-16 09:22:05Z] CHK MOM:-0.15% RANGE:0.15% UP:0% SPREAD:0.15197568% BID:0.658 ASK:0.659 MID:0.6585 P1:0.6585 P2:0.6585 P3:0.6585 P4:0.6585 STATE:IDLE
[2026-05-16 09:22:05Z] CHK MOM:-0.15% RANGE:0.15% UP:0% SPREAD:0.15197568% BID:0.658 ASK:0.659 MID:0.6585 P1:0.6585 P2:0.6585 P3:0.6585 P4:0.6585 STATE:IDLE
[2026-05-16 09:22:06Z] CHK MOM:-0.15% RANGE:0.15% UP:0% SPREAD:0.15197568% BID:0.658 ASK:0.659 MID:0.6585 P1:0.6585 P2:0.6585 P3:0.6585 P4:0.6585 STATE:IDLE
[2026-05-16 09:22:06Z] CHK MOM:-0.15% RANGE:0.15% UP:0% SPREAD:0.15197568% BID:0.658 ASK:0.659 MID:0.6585 P1:0.6585 P2:0.6585 P3:0.6585 P4:0.6585 STATE:IDLE
[2026-05-16 09:22:07Z] CHK MOM:-0.3% RANGE:0.3% UP:0% SPREAD:0.152207% BID:0.657 ASK:0.658 MID:0.6575 P1:0.6575 P2:0.6585 P3:0.6585 P4:0.6585 STATE:IDLE
[2026-05-16 09:22:07Z] CHK MOM:-0.3% RANGE:0.3% UP:0% SPREAD:0.152207% BID:0.657 ASK:0.658 MID:0.6575 P1:0.6575 P2:0.6575 P3:0.6585 P4:0.6585 STATE:IDLE
[2026-05-16 09:22:08Z] CHK MOM:-0.3% RANGE:0.3% UP:0% SPREAD:0.152207% BID:0.657 ASK:0.658 MID:0.6575 P1:0.6575 P2:0.6575 P3:0.6585 P4:0.6585 STATE:IDLE
[2026-05-16 09:22:09Z] CHK MOM:-0.3% RANGE:0.3% UP:0% SPREAD:0.152207% BID:0.657 ASK:0.658 MID:0.6575 P1:0.6575 P2:0.6575 P3:0.6575 P4:0.6585 STATE:IDLE
[2026-05-16 09:22:09Z] CHK MOM:-0.3% RANGE:0.3% UP:0% SPREAD:0.152207% BID:0.657 ASK:0.658 MID:0.6575 P1:0.6575 P2:0.6575 P3:0.6575 P4:0.6575 STATE:IDLE
[2026-05-16 09:22:10Z] CHK MOM:-0.3% RANGE:0.3% UP:0% SPREAD:0.152207% BID:0.657 ASK:0.658 MID:0.6575 P1:0.6575 P2:0.6575 P3:0.6575 P4:0.6575 STATE:IDLE
[2026-05-16 09:22:10Z] CHK MOM:-0.3% RANGE:0.3% UP:0% SPREAD:0.152207% BID:0.657 ASK:0.658 MID:0.6575 P1:0.6575 P2:0.6575 P3:0.6575 P4:0.6575 STATE:IDLE
[2026-05-16 09:22:11Z] CHK MOM:-0.3% RANGE:0.3% UP:0% SPREAD:0.152207% BID:0.657 ASK:0.658 MID:0.6575 P1:0.6575 P2:0.6575 P3:0.6575 P4:0.6575 STATE:IDLE
[2026-05-16 09:22:11Z] CHK MOM:-0.3% RANGE:0.3% UP:0% SPREAD:0.152207% BID:0.657 ASK:0.658 MID:0.6575 P1:0.6575 P2:0.6575 P3:0.6575 P4:0.6575 STATE:IDLE
[2026-05-16 09:22:12Z] CHK MOM:-0.3% RANGE:0.3% UP:0% SPREAD:0.152207% BID:0.657 ASK:0.658 MID:0.6575 P1:0.6575 P2:0.6575 P3:0.6575 P4:0.6575 STATE:IDLE
[2026-05-16 09:22:12Z] CHK MOM:-0.3% RANGE:0.3% UP:0% SPREAD:0.152207% BID:0.657 ASK:0.658 MID:0.6575 P1:0.6575 P2:0.6575 P3:0.6575 P4:0.6575 STATE:IDLE
[2026-05-16 09:22:13Z] CHK MOM:-0.15% RANGE:0.15% UP:0% SPREAD:0.152207% BID:0.657 ASK:0.658 MID:0.6575 P1:0.6575 P2:0.6575 P3:0.6575 P4:0.6575 STATE:IDLE
[2026-05-16 09:22:14Z] CHK MOM:-0.15% RANGE:0.15% UP:0% SPREAD:0.152207% BID:0.657 ASK:0.658 MID:0.6575 P1:0.6575 P2:0.6575 P3:0.6575 P4:0.6575 STATE:IDLE
[2026-05-16 09:22:14Z] CHK MOM:0% RANGE:0.15% UP:7.14% SPREAD:0.15197568% BID:0.658 ASK:0.659 MID:0.6585 P1:0.6585 P2:0.6575 P3:0.6575 P4:0.6575 STATE:IDLE
[2026-05-16 09:22:15Z] CHK MOM:0% RANGE:0.15% UP:6.66% SPREAD:0.15197568% BID:0.658 ASK:0.659 MID:0.6585 P1:0.6585 P2:0.6585 P3:0.6575 P4:0.6575 STATE:IDLE
[2026-05-16 09:22:15Z] CHK MOM:0% RANGE:0.15% UP:6.25% SPREAD:0.15197568% BID:0.658 ASK:0.659 MID:0.6585 P1:0.6585 P2:0.6585 P3:0.6585 P4:0.6575 STATE:IDLE
[2026-05-16 09:22:16Z] CHK MOM:0% RANGE:0.15% UP:6.25% SPREAD:0.15197568% BID:0.658 ASK:0.659 MID:0.6585 P1:0.6585 P2:0.6585 P3:0.6585 P4:0.6585 STATE:IDLE
[2026-05-16 09:22:16Z] CHK MOM:0% RANGE:0.15% UP:6.25% SPREAD:0.15197568% BID:0.658 ASK:0.659 MID:0.6585 P1:0.6585 P2:0.6585 P3:0.6585 P4:0.6585 STATE:IDLE
[2026-05-16 09:22:17Z] CHK MOM:0% RANGE:0.15% UP:6.25% SPREAD:0.15197568% BID:0.658 ASK:0.659 MID:0.6585 P1:0.6585 P2:0.6585 P3:0.6585 P4:0.6585 STATE:IDLE
[2026-05-16 09:22:17Z] CHK MOM:0% RANGE:0.15% UP:6.66% SPREAD:0.15197568% BID:0.658 ASK:0.659 MID:0.6585 P1:0.6585 P2:0.6585 P3:0.6585 P4:0.6585 STATE:IDLE
[2026-05-16 09:22:18Z] CHK MOM:0% RANGE:0.15% UP:6.66% SPREAD:0.15197568% BID:0.658 ASK:0.659 MID:0.6585 P1:0.6585 P2:0.6585 P3:0.6585 P4:0.6585 STATE:IDLE
[2026-05-16 09:22:18Z] CHK MOM:0.15% RANGE:0.15% UP:6.66% SPREAD:0.15197568% BID:0.658 ASK:0.659 MID:0.6585 P1:0.6585 P2:0.6585 P3:0.6585 P4:0.6585 STATE:IDLE
[2026-05-16 09:22:20Z] CHK MOM:0.15% RANGE:0.15% UP:6.66% SPREAD:0.15197568% BID:0.658 ASK:0.659 MID:0.6585 P1:0.6585 P2:0.6585 P3:0.6585 P4:0.6585 STATE:IDLE
[2026-05-16 09:22:20Z] CHK MOM:0.15% RANGE:0.15% UP:6.25% SPREAD:0.15197568% BID:0.658 ASK:0.659 MID:0.6585 P1:0.6585 P2:0.6585 P3:0.6585 P4:0.6585 STATE:IDLE
[2026-05-16 09:22:21Z] CHK MOM:0.15% RANGE:0.15% UP:6.25% SPREAD:0.15197568% BID:0.658 ASK:0.659 MID:0.6585 P1:0.6585 P2:0.6585 P3:0.6585 P4:0.6585 STATE:IDLE
[2026-05-16 09:22:21Z] CHK MOM:0.15% RANGE:0.15% UP:7.14% SPREAD:0.15197568% BID:0.658 ASK:0.659 MID:0.6585 P1:0.6585 P2:0.6585 P3:0.6585 P4:0.6585 STATE:IDLE
[2026-05-16 09:22:22Z] CHK MOM:0.15% RANGE:0.15% UP:7.14% SPREAD:0.15197568% BID:0.658 ASK:0.659 MID:0.6585 P1:0.6585 P2:0.6585 P3:0.6585 P4:0.6585 STATE:IDLE
[2026-05-16 09:22:22Z] CHK MOM:0.15% RANGE:0.15% UP:7.14% SPREAD:0.15197568% BID:0.658 ASK:0.659 MID:0.6585 P1:0.6585 P2:0.6585 P3:0.6585 P4:0.6585 STATE:IDLE
[2026-05-16 09:22:23Z] CHK MOM:0.15% RANGE:0.15% UP:7.14% SPREAD:0.15197568% BID:0.658 ASK:0.659 MID:0.6585 P1:0.6585 P2:0.6585 P3:0.6585 P4:0.6585 STATE:IDLE
[2026-05-16 09:22:23Z] CHK MOM:0.15% RANGE:0.15% UP:8.33% SPREAD:0.15197568% BID:0.658 ASK:0.659 MID:0.6585 P1:0.6585 P2:0.6585 P3:0.6585 P4:0.6585 STATE:IDLE
[2026-05-16 09:22:24Z] CHK MOM:0.15% RANGE:0.15% UP:7.69% SPREAD:0.15197568% BID:0.658 ASK:0.659 MID:0.6585 P1:0.6585 P2:0.6585 P3:0.6585 P4:0.6585 STATE:IDLE
[2026-05-16 09:22:25Z] CHK MOM:0.15% RANGE:0.15% UP:7.14% SPREAD:0.15197568% BID:0.658 ASK:0.659 MID:0.6585 P1:0.6585 P2:0.6585 P3:0.6585 P4:0.6585 STATE:IDLE
[2026-05-16 09:22:25Z] CHK MOM:0.15% RANGE:0.15% UP:7.14% SPREAD:0.15197568% BID:0.658 ASK:0.659 MID:0.6585 P1:0.6585 P2:0.6585 P3:0.6585 P4:0.6585 STATE:IDLE
[2026-05-16 09:22:26Z] CHK MOM:0.15% RANGE:0.15% UP:7.14% SPREAD:0.15197568% BID:0.658 ASK:0.659 MID:0.6585 P1:0.6585 P2:0.6585 P3:0.6585 P4:0.6585 STATE:IDLE
[2026-05-16 09:22:26Z] CHK MOM:0% RANGE:0% UP:0% SPREAD:0.15197568% BID:0.658 ASK:0.659 MID:0.6585 P1:0.6585 P2:0.6585 P3:0.6585 P4:0.6585 STATE:IDLE
[2026-05-16 09:22:27Z] CHK MOM:0% RANGE:0% UP:0% SPREAD:0.15197568% BID:0.658 ASK:0.659 MID:0.6585 P1:0.6585 P2:0.6585 P3:0.6585 P4:0.6585 STATE:IDLE
[2026-05-16 09:22:27Z] CHK MOM:0% RANGE:0% UP:0% SPREAD:0.15197568% BID:0.658 ASK:0.659 MID:0.6585 P1:0.6585 P2:0.6585 P3:0.6585 P4:0.6585 STATE:IDLE
[2026-05-16 09:22:28Z] CHK MOM:0% RANGE:0% UP:0% SPREAD:0.15197568% BID:0.658 ASK:0.659 MID:0.6585 P1:0.6585 P2:0.6585 P3:0.6585 P4:0.6585 STATE:IDLE
[2026-05-16 09:22:28Z] CHK MOM:0% RANGE:0% UP:0% SPREAD:0.15197568% BID:0.658 ASK:0.659 MID:0.6585 P1:0.6585 P2:0.6585 P3:0.6585 P4:0.6585 STATE:IDLE
[2026-05-16 09:22:29Z] CHK MOM:0% RANGE:0% UP:0% SPREAD:0.15197568% BID:0.658 ASK:0.659 MID:0.6585 P1:0.6585 P2:0.6585 P3:0.6585 P4:0.6585 STATE:IDLE
[2026-05-16 09:22:29Z] CHK MOM:0% RANGE:0% UP:0% SPREAD:0.15197568% BID:0.658 ASK:0.659 MID:0.6585 P1:0.6585 P2:0.6585 P3:0.6585 P4:0.6585 STATE:IDLE
[2026-05-16 09:22:30Z] CHK MOM:0% RANGE:0% UP:0% SPREAD:0.15197568% BID:0.658 ASK:0.659 MID:0.6585 P1:0.6585 P2:0.6585 P3:0.6585 P4:0.6585 STATE:IDLE
[2026-05-16 09:22:31Z] CHK MOM:0% RANGE:0% UP:0% SPREAD:0.15197568% BID:0.658 ASK:0.659 MID:0.6585 P1:0.6585 P2:0.6585 P3:0.6585 P4:0.6585 STATE:IDLE
[2026-05-16 09:22:31Z] CHK MOM:0% RANGE:0% UP:0% SPREAD:0.15197568% BID:0.658 ASK:0.659 MID:0.6585 P1:0.6585 P2:0.6585 P3:0.6585 P4:0.6585 STATE:IDLE
[2026-05-16 09:22:32Z] CHK MOM:0% RANGE:0% UP:0% SPREAD:0.15197568% BID:0.658 ASK:0.659 MID:0.6585 P1:0.6585 P2:0.6585 P3:0.6585 P4:0.6585 STATE:IDLE
[2026-05-16 09:22:32Z] CHK MOM:0% RANGE:0% UP:0% SPREAD:0.15197568% BID:0.658 ASK:0.659 MID:0.6585 P1:0.6585 P2:0.6585 P3:0.6585 P4:0.6585 STATE:IDLE
[2026-05-16 09:22:33Z] CHK MOM:0% RANGE:0% UP:0% SPREAD:0.15197568% BID:0.658 ASK:0.659 MID:0.6585 P1:0.6585 P2:0.6585 P3:0.6585 P4:0.6585 STATE:IDLE
[2026-05-16 09:22:33Z] CHK MOM:0% RANGE:0% UP:0% SPREAD:0.15197568% BID:0.658 ASK:0.659 MID:0.6585 P1:0.6585 P2:0.6585 P3:0.6585 P4:0.6585 STATE:IDLE
[2026-05-16 09:22:34Z] CHK MOM:0% RANGE:0% UP:0% SPREAD:0.15197568% BID:0.658 ASK:0.659 MID:0.6585 P1:0.6585 P2:0.6585 P3:0.6585 P4:0.6585 STATE:IDLE
[2026-05-16 09:22:34Z] CHK MOM:0% RANGE:0% UP:0% SPREAD:0.15197568% BID:0.658 ASK:0.659 MID:0.6585 P1:0.6585 P2:0.6585 P3:0.6585 P4:0.6585 STATE:IDLE
[2026-05-16 09:22:35Z] CHK MOM:0% RANGE:0% UP:0% SPREAD:0.15197568% BID:0.658 ASK:0.659 MID:0.6585 P1:0.6585 P2:0.6585 P3:0.6585 P4:0.6585 STATE:IDLE
[2026-05-16 09:22:36Z] CHK MOM:0% RANGE:0% UP:0% SPREAD:0.15197568% BID:0.658 ASK:0.659 MID:0.6585 P1:0.6585 P2:0.6585 P3:0.6585 P4:0.6585 STATE:IDLE
[2026-05-16 09:22:36Z] CHK MOM:0% RANGE:0% UP:0% SPREAD:0.15197568% BID:0.658 ASK:0.659 MID:0.6585 P1:0.6585 P2:0.6585 P3:0.6585 P4:0.6585 STATE:IDLE
[2026-05-16 09:22:37Z] CHK MOM:0% RANGE:0% UP:0% SPREAD:0.15197568% BID:0.658 ASK:0.659 MID:0.6585 P1:0.6585 P2:0.6585 P3:0.6585 P4:0.6585 STATE:IDLE
[2026-05-16 09:22:37Z] CHK MOM:0% RANGE:0% UP:0% SPREAD:0.15197568% BID:0.658 ASK:0.659 MID:0.6585 P1:0.6585 P2:0.6585 P3:0.6585 P4:0.6585 STATE:IDLE
[2026-05-16 09:22:38Z] CHK MOM:0% RANGE:0% UP:0% SPREAD:0.15197568% BID:0.658 ASK:0.659 MID:0.6585 P1:0.6585 P2:0.6585 P3:0.6585 P4:0.6585 STATE:IDLE
[2026-05-16 09:22:38Z] CHK MOM:0% RANGE:0% UP:0% SPREAD:0.15197568% BID:0.658 ASK:0.659 MID:0.6585 P1:0.6585 P2:0.6585 P3:0.6585 P4:0.6585 STATE:IDLE
[2026-05-16 09:22:39Z] CHK MOM:0% RANGE:0% UP:0% SPREAD:0.15197568% BID:0.658 ASK:0.659 MID:0.6585 P1:0.6585 P2:0.6585 P3:0.6585 P4:0.6585 STATE:IDLE
[2026-05-16 09:22:39Z] CHK MOM:0% RANGE:0% UP:0% SPREAD:0.15197568% BID:0.658 ASK:0.659 MID:0.6585 P1:0.6585 P2:0.6585 P3:0.6585 P4:0.6585 STATE:IDLE
[2026-05-16 09:22:42Z] CHK MOM:0% RANGE:0% UP:0% SPREAD:0.15197568% BID:0.658 ASK:0.659 MID:0.6585 P1:0.6585 P2:0.6585 P3:0.6585 P4:0.6585 STATE:IDLE
[2026-05-16 09:22:42Z] CHK MOM:0% RANGE:0% UP:0% SPREAD:0.15197568% BID:0.658 ASK:0.659 MID:0.6585 P1:0.6585 P2:0.6585 P3:0.6585 P4:0.6585 STATE:IDLE
[2026-05-16 09:22:43Z] CHK MOM:0% RANGE:0% UP:0% SPREAD:0.15197568% BID:0.658 ASK:0.659 MID:0.6585 P1:0.6585 P2:0.6585 P3:0.6585 P4:0.6585 STATE:IDLE
[2026-05-16 09:22:43Z] CHK MOM:0% RANGE:0% UP:0% SPREAD:0.15197568% BID:0.658 ASK:0.659 MID:0.6585 P1:0.6585 P2:0.6585 P3:0.6585 P4:0.6585 STATE:IDLE
[2026-05-16 09:22:44Z] CHK MOM:0% RANGE:0% UP:0% SPREAD:0.15197568% BID:0.658 ASK:0.659 MID:0.6585 P1:0.6585 P2:0.6585 P3:0.6585 P4:0.6585 STATE:IDLE
[2026-05-16 09:22:44Z] CHK MOM:0% RANGE:0% UP:0% SPREAD:0.15197568% BID:0.658 ASK:0.659 MID:0.6585 P1:0.6585 P2:0.6585 P3:0.6585 P4:0.6585 STATE:IDLE
[2026-05-16 09:22:45Z] CHK MOM:0% RANGE:0% UP:0% SPREAD:0.15197568% BID:0.658 ASK:0.659 MID:0.6585 P1:0.6585 P2:0.6585 P3:0.6585 P4:0.6585 STATE:IDLE
[2026-05-16 09:22:45Z] CHK MOM:0% RANGE:0% UP:0% SPREAD:0.15197568% BID:0.658 ASK:0.659 MID:0.6585 P1:0.6585 P2:0.6585 P3:0.6585 P4:0.6585 STATE:IDLE
[2026-05-16 09:22:46Z] CHK MOM:0% RANGE:0% UP:0% SPREAD:0.15197568% BID:0.658 ASK:0.659 MID:0.6585 P1:0.6585 P2:0.6585 P3:0.6585 P4:0.6585 STATE:IDLE
[2026-05-16 09:22:48Z] CHK MOM:0% RANGE:0% UP:0% SPREAD:0.15197568% BID:0.658 ASK:0.659 MID:0.6585 P1:0.6585 P2:0.6585 P3:0.6585 P4:0.6585 STATE:IDLE
[2026-05-16 09:22:48Z] CHK MOM:0% RANGE:0% UP:0% SPREAD:0.15197568% BID:0.658 ASK:0.659 MID:0.6585 P1:0.6585 P2:0.6585 P3:0.6585 P4:0.6585 STATE:IDLE
[2026-05-16 09:22:49Z] CHK MOM:0% RANGE:0% UP:0% SPREAD:0.15197568% BID:0.658 ASK:0.659 MID:0.6585 P1:0.6585 P2:0.6585 P3:0.6585 P4:0.6585 STATE:IDLE
[2026-05-16 09:22:49Z] CHK MOM:0% RANGE:0% UP:0% SPREAD:0.15197568% BID:0.658 ASK:0.659 MID:0.6585 P1:0.6585 P2:0.6585 P3:0.6585 P4:0.6585 STATE:IDLE
[2026-05-16 09:22:50Z] CHK MOM:0% RANGE:0% UP:0% SPREAD:0.15197568% BID:0.658 ASK:0.659 MID:0.6585 P1:0.6585 P2:0.6585 P3:0.6585 P4:0.6585 STATE:IDLE
[2026-05-16 09:22:50Z] CHK MOM:0% RANGE:0% UP:0% SPREAD:0.15197568% BID:0.658 ASK:0.659 MID:0.6585 P1:0.6585 P2:0.6585 P3:0.6585 P4:0.6585 STATE:IDLE
[2026-05-16 09:22:51Z] CHK MOM:0% RANGE:0% UP:0% SPREAD:0.15197568% BID:0.658 ASK:0.659 MID:0.6585 P1:0.6585 P2:0.6585 P3:0.6585 P4:0.6585 STATE:IDLE
[2026-05-16 09:22:51Z] CHK MOM:0% RANGE:0% UP:0% SPREAD:0.15197568% BID:0.658 ASK:0.659 MID:0.6585 P1:0.6585 P2:0.6585 P3:0.6585 P4:0.6585 STATE:IDLE
[2026-05-16 09:22:52Z] CHK MOM:0% RANGE:0% UP:0% SPREAD:0.15197568% BID:0.658 ASK:0.659 MID:0.6585 P1:0.6585 P2:0.6585 P3:0.6585 P4:0.6585 STATE:IDLE
[2026-05-16 09:22:52Z] CHK MOM:0% RANGE:0% UP:0% SPREAD:0.15197568% BID:0.658 ASK:0.659 MID:0.6585 P1:0.6585 P2:0.6585 P3:0.6585 P4:0.6585 STATE:IDLE
[2026-05-16 09:22:53Z] CHK MOM:0% RANGE:0% UP:0% SPREAD:0.15197568% BID:0.658 ASK:0.659 MID:0.6585 P1:0.6585 P2:0.6585 P3:0.6585 P4:0.6585 STATE:IDLE
[2026-05-16 09:22:54Z] CHK MOM:0% RANGE:0% UP:0% SPREAD:0.15197568% BID:0.658 ASK:0.659 MID:0.6585 P1:0.6585 P2:0.6585 P3:0.6585 P4:0.6585 STATE:IDLE
[2026-05-16 09:22:54Z] CHK MOM:0% RANGE:0% UP:0% SPREAD:0.15197568% BID:0.658 ASK:0.659 MID:0.6585 P1:0.6585 P2:0.6585 P3:0.6585 P4:0.6585 STATE:IDLE
[2026-05-16 09:22:55Z] CHK MOM:0% RANGE:0% UP:0% SPREAD:0.15197568% BID:0.658 ASK:0.659 MID:0.6585 P1:0.6585 P2:0.6585 P3:0.6585 P4:0.6585 STATE:IDLE
[2026-05-16 09:22:55Z] CHK MOM:0% RANGE:0% UP:0% SPREAD:0.15197568% BID:0.658 ASK:0.659 MID:0.6585 P1:0.6585 P2:0.6585 P3:0.6585 P4:0.6585 STATE:IDLE
[2026-05-16 09:22:57Z] CHK MOM:0% RANGE:0% UP:0% SPREAD:0.15197568% BID:0.658 ASK:0.659 MID:0.6585 P1:0.6585 P2:0.6585 P3:0.6585 P4:0.6585 STATE:IDLE
[2026-05-16 09:22:58Z] CHK MOM:0% RANGE:0% UP:0% SPREAD:0.15197568% BID:0.658 ASK:0.659 MID:0.6585 P1:0.6585 P2:0.6585 P3:0.6585 P4:0.6585 STATE:IDLE
[2026-05-16 09:22:59Z] CHK MOM:0% RANGE:0% UP:0% SPREAD:0.15197568% BID:0.658 ASK:0.659 MID:0.6585 P1:0.6585 P2:0.6585 P3:0.6585 P4:0.6585 STATE:IDLE
[2026-05-16 09:22:59Z] CHK MOM:0% RANGE:0% UP:0% SPREAD:0.15197568% BID:0.658 ASK:0.659 MID:0.6585 P1:0.6585 P2:0.6585 P3:0.6585 P4:0.6585 STATE:IDLE
[2026-05-16 09:23:00Z] CHK MOM:0% RANGE:0% UP:0% SPREAD:0.15197568% BID:0.658 ASK:0.659 MID:0.6585 P1:0.6585 P2:0.6585 P3:0.6585 P4:0.6585 STATE:IDLE
[2026-05-16 09:23:00Z] CHK MOM:0% RANGE:0% UP:0% SPREAD:0.15197568% BID:0.658 ASK:0.659 MID:0.6585 P1:0.6585 P2:0.6585 P3:0.6585 P4:0.6585 STATE:IDLE
[2026-05-16 09:23:01Z] CHK MOM:0% RANGE:0% UP:0% SPREAD:0.15197568% BID:0.658 ASK:0.659 MID:0.6585 P1:0.6585 P2:0.6585 P3:0.6585 P4:0.6585 STATE:IDLE
[2026-05-16 09:23:01Z] CHK MOM:0% RANGE:0% UP:0% SPREAD:0.15197568% BID:0.658 ASK:0.659 MID:0.6585 P1:0.6585 P2:0.6585 P3:0.6585 P4:0.6585 STATE:IDLE
[2026-05-16 09:23:02Z] CHK MOM:0% RANGE:0% UP:0% SPREAD:0.15197568% BID:0.658 ASK:0.659 MID:0.6585 P1:0.6585 P2:0.6585 P3:0.6585 P4:0.6585 STATE:IDLE
[2026-05-16 09:23:02Z] CHK MOM:0% RANGE:0% UP:0% SPREAD:0.15197568% BID:0.658 ASK:0.659 MID:0.6585 P1:0.6585 P2:0.6585 P3:0.6585 P4:0.6585 STATE:IDLE
[2026-05-16 09:23:03Z] CHK MOM:0% RANGE:0% UP:0% SPREAD:0.15197568% BID:0.658 ASK:0.659 MID:0.6585 P1:0.6585 P2:0.6585 P3:0.6585 P4:0.6585 STATE:IDLE
[2026-05-16 09:23:04Z] CHK MOM:0% RANGE:0% UP:0% SPREAD:0.15197568% BID:0.658 ASK:0.659 MID:0.6585 P1:0.6585 P2:0.6585 P3:0.6585 P4:0.6585 STATE:IDLE
[2026-05-16 09:23:04Z] CHK MOM:0% RANGE:0% UP:0% SPREAD:0.15197568% BID:0.658 ASK:0.659 MID:0.6585 P1:0.6585 P2:0.6585 P3:0.6585 P4:0.6585 STATE:IDLE
[2026-05-16 09:23:05Z] CHK MOM:0% RANGE:0% UP:0% SPREAD:0.15197568% BID:0.658 ASK:0.659 MID:0.6585 P1:0.6585 P2:0.6585 P3:0.6585 P4:0.6585 STATE:IDLE
[2026-05-16 09:23:06Z] CHK MOM:0% RANGE:0% UP:0% SPREAD:0.15197568% BID:0.658 ASK:0.659 MID:0.6585 P1:0.6585 P2:0.6585 P3:0.6585 P4:0.6585 STATE:IDLE
[2026-05-16 09:23:06Z] CHK MOM:0% RANGE:0% UP:0% SPREAD:0.15197568% BID:0.658 ASK:0.659 MID:0.6585 P1:0.6585 P2:0.6585 P3:0.6585 P4:0.6585 STATE:IDLE
[2026-05-16 09:23:07Z] CHK MOM:0% RANGE:0% UP:0% SPREAD:0.15197568% BID:0.658 ASK:0.659 MID:0.6585 P1:0.6585 P2:0.6585 P3:0.6585 P4:0.6585 STATE:IDLE
[2026-05-16 09:23:07Z] CHK MOM:0% RANGE:0% UP:0% SPREAD:0.15197568% BID:0.658 ASK:0.659 MID:0.6585 P1:0.6585 P2:0.6585 P3:0.6585 P4:0.6585 STATE:IDLE
[2026-05-16 09:23:08Z] CHK MOM:0% RANGE:0% UP:0% SPREAD:0.15197568% BID:0.658 ASK:0.659 MID:0.6585 P1:0.6585 P2:0.6585 P3:0.6585 P4:0.6585 STATE:IDLE
[2026-05-16 09:23:08Z] CHK MOM:0% RANGE:0% UP:0% SPREAD:0.15197568% BID:0.658 ASK:0.659 MID:0.6585 P1:0.6585 P2:0.6585 P3:0.6585 P4:0.6585 STATE:IDLE
[2026-05-16 09:23:09Z] CHK MOM:0% RANGE:0% UP:0% SPREAD:0.15197568% BID:0.658 ASK:0.659 MID:0.6585 P1:0.6585 P2:0.6585 P3:0.6585 P4:0.6585 STATE:IDLE
[2026-05-16 09:23:12Z] CHK MOM:0% RANGE:0% UP:0% SPREAD:0.15197568% BID:0.658 ASK:0.659 MID:0.6585 P1:0.6585 P2:0.6585 P3:0.6585 P4:0.6585 STATE:IDLE
[2026-05-16 09:23:12Z] CHK MOM:0% RANGE:0% UP:0% SPREAD:0.15197568% BID:0.658 ASK:0.659 MID:0.6585 P1:0.6585 P2:0.6585 P3:0.6585 P4:0.6585 STATE:IDLE
[2026-05-16 09:23:13Z] CHK MOM:0% RANGE:0% UP:0% SPREAD:0.15197568% BID:0.658 ASK:0.659 MID:0.6585 P1:0.6585 P2:0.6585 P3:0.6585 P4:0.6585 STATE:IDLE
[2026-05-16 09:23:13Z] CHK MOM:0% RANGE:0% UP:0% SPREAD:0.15197568% BID:0.658 ASK:0.659 MID:0.6585 P1:0.6585 P2:0.6585 P3:0.6585 P4:0.6585 STATE:IDLE
[2026-05-16 09:23:14Z] CHK MOM:0% RANGE:0% UP:0% SPREAD:0.15197568% BID:0.658 ASK:0.659 MID:0.6585 P1:0.6585 P2:0.6585 P3:0.6585 P4:0.6585 STATE:IDLE
[2026-05-16 09:23:15Z] CHK MOM:0% RANGE:0% UP:0% SPREAD:0.15197568% BID:0.658 ASK:0.659 MID:0.6585 P1:0.6585 P2:0.6585 P3:0.6585 P4:0.6585 STATE:IDLE
[2026-05-16 09:23:15Z] CHK MOM:-0.15% RANGE:0.15% UP:0% SPREAD:0.152207% BID:0.657 ASK:0.658 MID:0.6575 P1:0.6575 P2:0.6585 P3:0.6585 P4:0.6585 STATE:IDLE
[2026-05-16 09:23:16Z] CHK MOM:-0.15% RANGE:0.15% UP:0% SPREAD:0.152207% BID:0.657 ASK:0.658 MID:0.6575 P1:0.6575 P2:0.6575 P3:0.6585 P4:0.6585 STATE:IDLE
[2026-05-16 09:23:16Z] CHK MOM:-0.15% RANGE:0.15% UP:0% SPREAD:0.152207% BID:0.657 ASK:0.658 MID:0.6575 P1:0.6575 P2:0.6575 P3:0.6575 P4:0.6585 STATE:IDLE
[2026-05-16 09:23:17Z] CHK MOM:-0.15% RANGE:0.15% UP:0% SPREAD:0.152207% BID:0.657 ASK:0.658 MID:0.6575 P1:0.6575 P2:0.6575 P3:0.6575 P4:0.6585 STATE:IDLE
[2026-05-16 09:23:17Z] CHK MOM:-0.15% RANGE:0.15% UP:0% SPREAD:0.152207% BID:0.657 ASK:0.658 MID:0.6575 P1:0.6575 P2:0.6575 P3:0.6575 P4:0.6585 STATE:IDLE
[2026-05-16 09:23:18Z] CHK MOM:-0.15% RANGE:0.15% UP:0% SPREAD:0.152207% BID:0.657 ASK:0.658 MID:0.6575 P1:0.6575 P2:0.6575 P3:0.6575 P4:0.6575 STATE:IDLE
[2026-05-16 09:23:18Z] CHK MOM:-0.15% RANGE:0.15% UP:0% SPREAD:0.152207% BID:0.657 ASK:0.658 MID:0.6575 P1:0.6575 P2:0.6575 P3:0.6575 P4:0.6575 STATE:IDLE
[2026-05-16 09:23:19Z] CHK MOM:-0.15% RANGE:0.15% UP:0% SPREAD:0.152207% BID:0.657 ASK:0.658 MID:0.6575 P1:0.6575 P2:0.6575 P3:0.6575 P4:0.6575 STATE:IDLE
[2026-05-16 09:23:20Z] CHK MOM:-0.15% RANGE:0.15% UP:0% SPREAD:0.152207% BID:0.657 ASK:0.658 MID:0.6575 P1:0.6575 P2:0.6575 P3:0.6575 P4:0.6575 STATE:IDLE
[2026-05-16 09:23:21Z] CHK MOM:-0.15% RANGE:0.15% UP:0% SPREAD:0.152207% BID:0.657 ASK:0.658 MID:0.6575 P1:0.6575 P2:0.6575 P3:0.6575 P4:0.6575 STATE:IDLE
[2026-05-16 09:23:21Z] CHK MOM:-0.15% RANGE:0.15% UP:0% SPREAD:0.152207% BID:0.657 ASK:0.658 MID:0.6575 P1:0.6575 P2:0.6575 P3:0.6575 P4:0.6575 STATE:IDLE
[2026-05-16 09:23:22Z] CHK MOM:-0.15% RANGE:0.15% UP:0% SPREAD:0.152207% BID:0.657 ASK:0.658 MID:0.6575 P1:0.6575 P2:0.6575 P3:0.6575 P4:0.6575 STATE:IDLE
[2026-05-16 09:23:22Z] CHK MOM:-0.15% RANGE:0.15% UP:0% SPREAD:0.152207% BID:0.657 ASK:0.658 MID:0.6575 P1:0.6575 P2:0.6575 P3:0.6575 P4:0.6575 STATE:IDLE
[2026-05-16 09:23:23Z] CHK MOM:-0.15% RANGE:0.15% UP:0% SPREAD:0.152207% BID:0.657 ASK:0.658 MID:0.6575 P1:0.6575 P2:0.6575 P3:0.6575 P4:0.6575 STATE:IDLE
[2026-05-16 09:23:23Z] CHK MOM:-0.15% RANGE:0.15% UP:0% SPREAD:0.152207% BID:0.657 ASK:0.658 MID:0.6575 P1:0.6575 P2:0.6575 P3:0.6575 P4:0.6575 STATE:IDLE
[2026-05-16 09:23:24Z] CHK MOM:-0.15% RANGE:0.15% UP:0% SPREAD:0.152207% BID:0.657 ASK:0.658 MID:0.6575 P1:0.6575 P2:0.6575 P3:0.6575 P4:0.6575 STATE:IDLE
[2026-05-16 09:23:24Z] CHK MOM:-0.15% RANGE:0.15% UP:0% SPREAD:0.152207% BID:0.657 ASK:0.658 MID:0.6575 P1:0.6575 P2:0.6575 P3:0.6575 P4:0.6575 STATE:IDLE
[2026-05-16 09:23:26Z] CHK MOM:-0.15% RANGE:0.15% UP:0% SPREAD:0.152207% BID:0.657 ASK:0.658 MID:0.6575 P1:0.6575 P2:0.6575 P3:0.6575 P4:0.6575 STATE:IDLE
[2026-05-16 09:23:26Z] CHK MOM:-0.15% RANGE:0.15% UP:0% SPREAD:0.152207% BID:0.657 ASK:0.658 MID:0.6575 P1:0.6575 P2:0.6575 P3:0.6575 P4:0.6575 STATE:IDLE
[2026-05-16 09:23:27Z] CHK MOM:-0.15% RANGE:0.15% UP:0% SPREAD:0.152207% BID:0.657 ASK:0.658 MID:0.6575 P1:0.6575 P2:0.6575 P3:0.6575 P4:0.6575 STATE:IDLE
[2026-05-16 09:23:27Z] CHK MOM:-0.15% RANGE:0.15% UP:0% SPREAD:0.152207% BID:0.657 ASK:0.658 MID:0.6575 P1:0.6575 P2:0.6575 P3:0.6575 P4:0.6575 STATE:IDLE
[2026-05-16 09:23:28Z] CHK MOM:-0.15% RANGE:0.15% UP:0% SPREAD:0.152207% BID:0.657 ASK:0.658 MID:0.6575 P1:0.6575 P2:0.6575 P3:0.6575 P4:0.6575 STATE:IDLE
[2026-05-16 09:23:28Z] CHK MOM:-0.15% RANGE:0.15% UP:0% SPREAD:0.152207% BID:0.657 ASK:0.658 MID:0.6575 P1:0.6575 P2:0.6575 P3:0.6575 P4:0.6575 STATE:IDLE
[2026-05-16 09:23:31Z] CHK MOM:0% RANGE:0% UP:0% SPREAD:0.152207% BID:0.657 ASK:0.658 MID:0.6575 P1:0.6575 P2:0.6575 P3:0.6575 P4:0.6575 STATE:IDLE
[2026-05-16 09:23:32Z] CHK MOM:0% RANGE:0% UP:0% SPREAD:0.152207% BID:0.657 ASK:0.658 MID:0.6575 P1:0.6575 P2:0.6575 P3:0.6575 P4:0.6575 STATE:IDLE
[2026-05-16 09:23:32Z] CHK MOM:0.15% RANGE:0.15% UP:14.28% SPREAD:0.15197568% BID:0.658 ASK:0.659 MID:0.6585 P1:0.6585 P2:0.6575 P3:0.6575 P4:0.6575 STATE:IDLE
[2026-05-16 09:23:33Z] CHK MOM:0.15% RANGE:0.15% UP:12.5% SPREAD:0.15197568% BID:0.658 ASK:0.659 MID:0.6585 P1:0.6585 P2:0.6585 P3:0.6575 P4:0.6575 STATE:IDLE
[2026-05-16 09:23:33Z] CHK MOM:0.15% RANGE:0.15% UP:12.5% SPREAD:0.15197568% BID:0.658 ASK:0.659 MID:0.6585 P1:0.6585 P2:0.6585 P3:0.6575 P4:0.6575 STATE:IDLE
[2026-05-16 09:23:34Z] CHK MOM:0.15% RANGE:0.15% UP:12.5% SPREAD:0.15197568% BID:0.658 ASK:0.659 MID:0.6585 P1:0.6585 P2:0.6585 P3:0.6575 P4:0.6575 STATE:IDLE
[2026-05-16 09:23:34Z] CHK MOM:0.15% RANGE:0.15% UP:16.66% SPREAD:0.15197568% BID:0.658 ASK:0.659 MID:0.6585 P1:0.6585 P2:0.6585 P3:0.6585 P4:0.6575 STATE:IDLE
[2026-05-16 09:23:35Z] CHK MOM:0.15% RANGE:0.15% UP:14.28% SPREAD:0.15197568% BID:0.658 ASK:0.659 MID:0.6585 P1:0.6585 P2:0.6585 P3:0.6585 P4:0.6585 STATE:IDLE
[2026-05-16 09:23:35Z] CHK MOM:0.15% RANGE:0.15% UP:12.5% SPREAD:0.15197568% BID:0.658 ASK:0.659 MID:0.6585 P1:0.6585 P2:0.6585 P3:0.6585 P4:0.6585 STATE:IDLE
[2026-05-16 09:23:36Z] CHK MOM:0.15% RANGE:0.15% UP:12.5% SPREAD:0.15197568% BID:0.658 ASK:0.659 MID:0.6585 P1:0.6585 P2:0.6585 P3:0.6585 P4:0.6585 STATE:IDLE
[2026-05-16 09:23:37Z] CHK MOM:0.15% RANGE:0.15% UP:11.11% SPREAD:0.15197568% BID:0.658 ASK:0.659 MID:0.6585 P1:0.6585 P2:0.6585 P3:0.6585 P4:0.6585 STATE:IDLE
[2026-05-16 09:23:37Z] CHK MOM:0.15% RANGE:0.15% UP:10% SPREAD:0.15197568% BID:0.658 ASK:0.659 MID:0.6585 P1:0.6585 P2:0.6585 P3:0.6585 P4:0.6585 STATE:IDLE
[2026-05-16 09:23:38Z] CHK MOM:0.15% RANGE:0.15% UP:10% SPREAD:0.15197568% BID:0.658 ASK:0.659 MID:0.6585 P1:0.6585 P2:0.6585 P3:0.6585 P4:0.6585 STATE:IDLE
[2026-05-16 09:23:38Z] CHK MOM:0.15% RANGE:0.15% UP:10% SPREAD:0.15197568% BID:0.658 ASK:0.659 MID:0.6585 P1:0.6585 P2:0.6585 P3:0.6585 P4:0.6585 STATE:IDLE
[2026-05-16 09:23:39Z] CHK MOM:0.15% RANGE:0.15% UP:10% SPREAD:0.15197568% BID:0.658 ASK:0.659 MID:0.6585 P1:0.6585 P2:0.6585 P3:0.6585 P4:0.6585 STATE:IDLE
[2026-05-16 09:23:39Z] CHK MOM:0.15% RANGE:0.15% UP:10% SPREAD:0.15197568% BID:0.658 ASK:0.659 MID:0.6585 P1:0.6585 P2:0.6585 P3:0.6585 P4:0.6585 STATE:IDLE
[2026-05-16 09:23:40Z] CHK MOM:0.15% RANGE:0.15% UP:10% SPREAD:0.15197568% BID:0.658 ASK:0.659 MID:0.6585 P1:0.6585 P2:0.6585 P3:0.6585 P4:0.6585 STATE:IDLE
[2026-05-16 09:23:40Z] CHK MOM:0.15% RANGE:0.15% UP:10% SPREAD:0.15197568% BID:0.658 ASK:0.659 MID:0.6585 P1:0.6585 P2:0.6585 P3:0.6585 P4:0.6585 STATE:IDLE
[2026-05-16 09:23:42Z] CHK MOM:0.15% RANGE:0.15% UP:10% SPREAD:0.15197568% BID:0.658 ASK:0.659 MID:0.6585 P1:0.6585 P2:0.6585 P3:0.6585 P4:0.6585 STATE:IDLE
[2026-05-16 09:23:42Z] CHK MOM:0.15% RANGE:0.15% UP:10% SPREAD:0.15197568% BID:0.658 ASK:0.659 MID:0.6585 P1:0.6585 P2:0.6585 P3:0.6585 P4:0.6585 STATE:IDLE
[2026-05-16 09:23:43Z] CHK MOM:0.15% RANGE:0.15% UP:10% SPREAD:0.15197568% BID:0.658 ASK:0.659 MID:0.6585 P1:0.6585 P2:0.6585 P3:0.6585 P4:0.6585 STATE:IDLE
[2026-05-16 09:23:43Z] CHK MOM:0.15% RANGE:0.15% UP:10% SPREAD:0.15197568% BID:0.658 ASK:0.659 MID:0.6585 P1:0.6585 P2:0.6585 P3:0.6585 P4:0.6585 STATE:IDLE
[2026-05-16 09:23:44Z] CHK MOM:0.15% RANGE:0.15% UP:10% SPREAD:0.15197568% BID:0.658 ASK:0.659 MID:0.6585 P1:0.6585 P2:0.6585 P3:0.6585 P4:0.6585 STATE:IDLE
[2026-05-16 09:23:44Z] CHK MOM:0% RANGE:0% UP:0% SPREAD:0.15197568% BID:0.658 ASK:0.659 MID:0.6585 P1:0.6585 P2:0.6585 P3:0.6585 P4:0.6585 STATE:IDLE
[2026-05-16 09:23:45Z] CHK MOM:0% RANGE:0% UP:0% SPREAD:0.15197568% BID:0.658 ASK:0.659 MID:0.6585 P1:0.6585 P2:0.6585 P3:0.6585 P4:0.6585 STATE:IDLE
[2026-05-16 09:23:45Z] CHK MOM:0% RANGE:0% UP:0% SPREAD:0.15197568% BID:0.658 ASK:0.659 MID:0.6585 P1:0.6585 P2:0.6585 P3:0.6585 P4:0.6585 STATE:IDLE
[2026-05-16 09:23:46Z] CHK MOM:0% RANGE:0% UP:0% SPREAD:0.15197568% BID:0.658 ASK:0.659 MID:0.6585 P1:0.6585 P2:0.6585 P3:0.6585 P4:0.6585 STATE:IDLE
[2026-05-16 09:23:46Z] CHK MOM:0% RANGE:0% UP:0% SPREAD:0.15197568% BID:0.658 ASK:0.659 MID:0.6585 P1:0.6585 P2:0.6585 P3:0.6585 P4:0.6585 STATE:IDLE
[2026-05-16 09:23:47Z] CHK MOM:0% RANGE:0% UP:0% SPREAD:0.15197568% BID:0.658 ASK:0.659 MID:0.6585 P1:0.6585 P2:0.6585 P3:0.6585 P4:0.6585 STATE:IDLE
[2026-05-16 09:23:48Z] CHK MOM:0% RANGE:0% UP:0% SPREAD:0.15197568% BID:0.658 ASK:0.659 MID:0.6585 P1:0.6585 P2:0.6585 P3:0.6585 P4:0.6585 STATE:IDLE
[2026-05-16 09:23:48Z] CHK MOM:0% RANGE:0% UP:0% SPREAD:0.15197568% BID:0.658 ASK:0.659 MID:0.6585 P1:0.6585 P2:0.6585 P3:0.6585 P4:0.6585 STATE:IDLE
[2026-05-16 09:23:49Z] CHK MOM:0% RANGE:0% UP:0% SPREAD:0.15197568% BID:0.658 ASK:0.659 MID:0.6585 P1:0.6585 P2:0.6585 P3:0.6585 P4:0.6585 STATE:IDLE
[2026-05-16 09:23:50Z] CHK MOM:0% RANGE:0% UP:0% SPREAD:0.15197568% BID:0.658 ASK:0.659 MID:0.6585 P1:0.6585 P2:0.6585 P3:0.6585 P4:0.6585 STATE:IDLE
[2026-05-16 09:23:51Z] CHK MOM:0% RANGE:0% UP:0% SPREAD:0.15197568% BID:0.658 ASK:0.659 MID:0.6585 P1:0.6585 P2:0.6585 P3:0.6585 P4:0.6585 STATE:IDLE
[2026-05-16 09:23:51Z] CHK MOM:0% RANGE:0% UP:0% SPREAD:0.15197568% BID:0.658 ASK:0.659 MID:0.6585 P1:0.6585 P2:0.6585 P3:0.6585 P4:0.6585 STATE:IDLE
[2026-05-16 09:23:52Z] CHK MOM:0% RANGE:0% UP:0% SPREAD:0.15197568% BID:0.658 ASK:0.659 MID:0.6585 P1:0.6585 P2:0.6585 P3:0.6585 P4:0.6585 STATE:IDLE
[2026-05-16 09:23:53Z] CHK MOM:0% RANGE:0% UP:0% SPREAD:0.15197568% BID:0.658 ASK:0.659 MID:0.6585 P1:0.6585 P2:0.6585 P3:0.6585 P4:0.6585 STATE:IDLE
[2026-05-16 09:23:53Z] CHK MOM:0% RANGE:0% UP:0% SPREAD:0.15197568% BID:0.658 ASK:0.659 MID:0.6585 P1:0.6585 P2:0.6585 P3:0.6585 P4:0.6585 STATE:IDLE
[2026-05-16 09:23:54Z] CHK MOM:0% RANGE:0% UP:0% SPREAD:0.15197568% BID:0.658 ASK:0.659 MID:0.6585 P1:0.6585 P2:0.6585 P3:0.6585 P4:0.6585 STATE:IDLE
[2026-05-16 09:23:54Z] CHK MOM:0% RANGE:0% UP:0% SPREAD:0.15197568% BID:0.658 ASK:0.659 MID:0.6585 P1:0.6585 P2:0.6585 P3:0.6585 P4:0.6585 STATE:IDLE
[2026-05-16 09:23:57Z] CHK MOM:0% RANGE:0% UP:0% SPREAD:0.15197568% BID:0.658 ASK:0.659 MID:0.6585 P1:0.6585 P2:0.6585 P3:0.6585 P4:0.6585 STATE:IDLE
[2026-05-16 09:23:58Z] CHK MOM:0% RANGE:0% UP:0% SPREAD:0.15197568% BID:0.658 ASK:0.659 MID:0.6585 P1:0.6585 P2:0.6585 P3:0.6585 P4:0.6585 STATE:IDLE
[2026-05-16 09:23:59Z] CHK MOM:0% RANGE:0% UP:0% SPREAD:0.15197568% BID:0.658 ASK:0.659 MID:0.6585 P1:0.6585 P2:0.6585 P3:0.6585 P4:0.6585 STATE:IDLE
[2026-05-16 09:23:59Z] CHK MOM:0% RANGE:0% UP:0% SPREAD:0.15197568% BID:0.658 ASK:0.659 MID:0.6585 P1:0.6585 P2:0.6585 P3:0.6585 P4:0.6585 STATE:IDLE
[2026-05-16 09:24:00Z] CHK MOM:0% RANGE:0% UP:0% SPREAD:0.15197568% BID:0.658 ASK:0.659 MID:0.6585 P1:0.6585 P2:0.6585 P3:0.6585 P4:0.6585 STATE:IDLE
[2026-05-16 09:24:01Z] CHK MOM:0% RANGE:0% UP:0% SPREAD:0.15197568% BID:0.658 ASK:0.659 MID:0.6585 P1:0.6585 P2:0.6585 P3:0.6585 P4:0.6585 STATE:IDLE
[2026-05-16 09:24:01Z] CHK MOM:0% RANGE:0% UP:0% SPREAD:0.15197568% BID:0.658 ASK:0.659 MID:0.6585 P1:0.6585 P2:0.6585 P3:0.6585 P4:0.6585 STATE:IDLE
[2026-05-16 09:24:02Z] CHK MOM:0% RANGE:0% UP:0% SPREAD:0.15197568% BID:0.658 ASK:0.659 MID:0.6585 P1:0.6585 P2:0.6585 P3:0.6585 P4:0.6585 STATE:IDLE
[2026-05-16 09:24:02Z] CHK MOM:0% RANGE:0% UP:0% SPREAD:0.15197568% BID:0.658 ASK:0.659 MID:0.6585 P1:0.6585 P2:0.6585 P3:0.6585 P4:0.6585 STATE:IDLE
[2026-05-16 09:24:03Z] CHK MOM:0% RANGE:0% UP:0% SPREAD:0.15197568% BID:0.658 ASK:0.659 MID:0.6585 P1:0.6585 P2:0.6585 P3:0.6585 P4:0.6585 STATE:IDLE
[2026-05-16 09:24:04Z] CHK MOM:0% RANGE:0% UP:0% SPREAD:0.15197568% BID:0.658 ASK:0.659 MID:0.6585 P1:0.6585 P2:0.6585 P3:0.6585 P4:0.6585 STATE:IDLE
[2026-05-16 09:24:04Z] CHK MOM:0% RANGE:0% UP:0% SPREAD:0.15197568% BID:0.658 ASK:0.659 MID:0.6585 P1:0.6585 P2:0.6585 P3:0.6585 P4:0.6585 STATE:IDLE
[2026-05-16 09:24:05Z] CHK MOM:0% RANGE:0% UP:0% SPREAD:0.15197568% BID:0.658 ASK:0.659 MID:0.6585 P1:0.6585 P2:0.6585 P3:0.6585 P4:0.6585 STATE:IDLE
[2026-05-16 09:24:05Z] CHK MOM:0% RANGE:0% UP:0% SPREAD:0.15197568% BID:0.658 ASK:0.659 MID:0.6585 P1:0.6585 P2:0.6585 P3:0.6585 P4:0.6585 STATE:IDLE
[2026-05-16 09:24:06Z] CHK MOM:0% RANGE:0% UP:0% SPREAD:0.15197568% BID:0.658 ASK:0.659 MID:0.6585 P1:0.6585 P2:0.6585 P3:0.6585 P4:0.6585 STATE:IDLE
[2026-05-16 09:24:07Z] CHK MOM:0% RANGE:0% UP:0% SPREAD:0.15197568% BID:0.658 ASK:0.659 MID:0.6585 P1:0.6585 P2:0.6585 P3:0.6585 P4:0.6585 STATE:IDLE
[2026-05-16 09:24:07Z] CHK MOM:0% RANGE:0% UP:0% SPREAD:0.15197568% BID:0.658 ASK:0.659 MID:0.6585 P1:0.6585 P2:0.6585 P3:0.6585 P4:0.6585 STATE:IDLE
[2026-05-16 09:24:08Z] CHK MOM:0% RANGE:0% UP:0% SPREAD:0.15197568% BID:0.658 ASK:0.659 MID:0.6585 P1:0.6585 P2:0.6585 P3:0.6585 P4:0.6585 STATE:IDLE
[2026-05-16 09:24:08Z] CHK MOM:0% RANGE:0% UP:0% SPREAD:0.15197568% BID:0.658 ASK:0.659 MID:0.6585 P1:0.6585 P2:0.6585 P3:0.6585 P4:0.6585 STATE:IDLE
[2026-05-16 09:24:09Z] CHK MOM:0% RANGE:0% UP:0% SPREAD:0.15197568% BID:0.658 ASK:0.659 MID:0.6585 P1:0.6585 P2:0.6585 P3:0.6585 P4:0.6585 STATE:IDLE
[2026-05-16 09:24:09Z] CHK MOM:0% RANGE:0% UP:0% SPREAD:0.15197568% BID:0.658 ASK:0.659 MID:0.6585 P1:0.6585 P2:0.6585 P3:0.6585 P4:0.6585 STATE:IDLE
[2026-05-16 09:24:10Z] CHK MOM:0% RANGE:0% UP:0% SPREAD:0.15197568% BID:0.658 ASK:0.659 MID:0.6585 P1:0.6585 P2:0.6585 P3:0.6585 P4:0.6585 STATE:IDLE
[2026-05-16 09:24:10Z] CHK MOM:0% RANGE:0% UP:0% SPREAD:0.15197568% BID:0.658 ASK:0.659 MID:0.6585 P1:0.6585 P2:0.6585 P3:0.6585 P4:0.6585 STATE:IDLE
[2026-05-16 09:24:11Z] CHK MOM:0% RANGE:0% UP:0% SPREAD:0.15197568% BID:0.658 ASK:0.659 MID:0.6585 P1:0.6585 P2:0.6585 P3:0.6585 P4:0.6585 STATE:IDLE
[2026-05-16 09:24:12Z] CHK MOM:0% RANGE:0% UP:0% SPREAD:0.15197568% BID:0.658 ASK:0.659 MID:0.6585 P1:0.6585 P2:0.6585 P3:0.6585 P4:0.6585 STATE:IDLE
[2026-05-16 09:24:12Z] CHK MOM:0% RANGE:0% UP:0% SPREAD:0.15197568% BID:0.658 ASK:0.659 MID:0.6585 P1:0.6585 P2:0.6585 P3:0.6585 P4:0.6585 STATE:IDLE
[2026-05-16 09:24:13Z] CHK MOM:0% RANGE:0% UP:0% SPREAD:0.15197568% BID:0.658 ASK:0.659 MID:0.6585 P1:0.6585 P2:0.6585 P3:0.6585 P4:0.6585 STATE:IDLE
[2026-05-16 09:24:13Z] CHK MOM:0% RANGE:0% UP:0% SPREAD:0.15197568% BID:0.658 ASK:0.659 MID:0.6585 P1:0.6585 P2:0.6585 P3:0.6585 P4:0.6585 STATE:IDLE
[2026-05-16 09:24:14Z] CHK MOM:0% RANGE:0% UP:0% SPREAD:0.15197568% BID:0.658 ASK:0.659 MID:0.6585 P1:0.6585 P2:0.6585 P3:0.6585 P4:0.6585 STATE:IDLE
[2026-05-16 09:24:15Z] CHK MOM:0% RANGE:0% UP:0% SPREAD:0.15197568% BID:0.658 ASK:0.659 MID:0.6585 P1:0.6585 P2:0.6585 P3:0.6585 P4:0.6585 STATE:IDLE
[2026-05-16 09:24:15Z] CHK MOM:0% RANGE:0% UP:0% SPREAD:0.15197568% BID:0.658 ASK:0.659 MID:0.6585 P1:0.6585 P2:0.6585 P3:0.6585 P4:0.6585 STATE:IDLE
[2026-05-16 09:24:16Z] CHK MOM:-0.15% RANGE:0.15% UP:0% SPREAD:0.152207% BID:0.657 ASK:0.658 MID:0.6575 P1:0.6575 P2:0.6585 P3:0.6585 P4:0.6585 STATE:IDLE
[2026-05-16 09:24:16Z] CHK MOM:-0.15% RANGE:0.15% UP:0% SPREAD:0.152207% BID:0.657 ASK:0.658 MID:0.6575 P1:0.6575 P2:0.6575 P3:0.6585 P4:0.6585 STATE:IDLE
[2026-05-16 09:24:17Z] CHK MOM:-0.15% RANGE:0.15% UP:0% SPREAD:0.152207% BID:0.657 ASK:0.658 MID:0.6575 P1:0.6575 P2:0.6575 P3:0.6585 P4:0.6585 STATE:IDLE
[2026-05-16 09:24:17Z] CHK MOM:-0.15% RANGE:0.15% UP:0% SPREAD:0.152207% BID:0.657 ASK:0.658 MID:0.6575 P1:0.6575 P2:0.6575 P3:0.6585 P4:0.6585 STATE:IDLE
[2026-05-16 09:24:18Z] CHK MOM:-0.15% RANGE:0.15% UP:0% SPREAD:0.152207% BID:0.657 ASK:0.658 MID:0.6575 P1:0.6575 P2:0.6575 P3:0.6585 P4:0.6585 STATE:IDLE
[2026-05-16 09:24:18Z] CHK MOM:-0.15% RANGE:0.15% UP:0% SPREAD:0.152207% BID:0.657 ASK:0.658 MID:0.6575 P1:0.6575 P2:0.6575 P3:0.6585 P4:0.6585 STATE:IDLE
[2026-05-16 09:24:19Z] CHK MOM:-0.15% RANGE:0.15% UP:0% SPREAD:0.152207% BID:0.657 ASK:0.658 MID:0.6575 P1:0.6575 P2:0.6575 P3:0.6575 P4:0.6585 STATE:IDLE
[2026-05-16 09:24:19Z] CHK MOM:-0.15% RANGE:0.15% UP:0% SPREAD:0.152207% BID:0.657 ASK:0.658 MID:0.6575 P1:0.6575 P2:0.6575 P3:0.6575 P4:0.6575 STATE:IDLE
[2026-05-16 09:24:20Z] CHK MOM:-0.15% RANGE:0.15% UP:0% SPREAD:0.152207% BID:0.657 ASK:0.658 MID:0.6575 P1:0.6575 P2:0.6575 P3:0.6575 P4:0.6575 STATE:IDLE
[2026-05-16 09:24:20Z] CHK MOM:-0.15% RANGE:0.15% UP:0% SPREAD:0.152207% BID:0.657 ASK:0.658 MID:0.6575 P1:0.6575 P2:0.6575 P3:0.6575 P4:0.6575 STATE:IDLE
[2026-05-16 09:24:21Z] CHK MOM:-0.15% RANGE:0.15% UP:0% SPREAD:0.152207% BID:0.657 ASK:0.658 MID:0.6575 P1:0.6575 P2:0.6575 P3:0.6575 P4:0.6575 STATE:IDLE
[2026-05-16 09:24:21Z] CHK MOM:-0.15% RANGE:0.15% UP:0% SPREAD:0.152207% BID:0.657 ASK:0.658 MID:0.6575 P1:0.6575 P2:0.6575 P3:0.6575 P4:0.6575 STATE:IDLE
[2026-05-16 09:24:22Z] CHK MOM:-0.15% RANGE:0.15% UP:0% SPREAD:0.152207% BID:0.657 ASK:0.658 MID:0.6575 P1:0.6575 P2:0.6575 P3:0.6575 P4:0.6575 STATE:IDLE
[2026-05-16 09:24:22Z] CHK MOM:-0.15% RANGE:0.15% UP:0% SPREAD:0.152207% BID:0.657 ASK:0.658 MID:0.6575 P1:0.6575 P2:0.6575 P3:0.6575 P4:0.6575 STATE:IDLE
[2026-05-16 09:24:23Z] CHK MOM:-0.15% RANGE:0.15% UP:0% SPREAD:0.152207% BID:0.657 ASK:0.658 MID:0.6575 P1:0.6575 P2:0.6575 P3:0.6575 P4:0.6575 STATE:IDLE
[2026-05-16 09:24:24Z] CHK MOM:-0.15% RANGE:0.15% UP:0% SPREAD:0.152207% BID:0.657 ASK:0.658 MID:0.6575 P1:0.6575 P2:0.6575 P3:0.6575 P4:0.6575 STATE:IDLE
[2026-05-16 09:24:24Z] CHK MOM:-0.15% RANGE:0.15% UP:0% SPREAD:0.152207% BID:0.657 ASK:0.658 MID:0.6575 P1:0.6575 P2:0.6575 P3:0.6575 P4:0.6575 STATE:IDLE
[2026-05-16 09:24:25Z] CHK MOM:-0.15% RANGE:0.15% UP:0% SPREAD:0.152207% BID:0.657 ASK:0.658 MID:0.6575 P1:0.6575 P2:0.6575 P3:0.6575 P4:0.6575 STATE:IDLE
[2026-05-16 09:24:25Z] CHK MOM:0% RANGE:0% UP:0% SPREAD:0.152207% BID:0.657 ASK:0.658 MID:0.6575 P1:0.6575 P2:0.6575 P3:0.6575 P4:0.6575 STATE:IDLE
[2026-05-16 09:24:26Z] CHK MOM:0% RANGE:0% UP:0% SPREAD:0.152207% BID:0.657 ASK:0.658 MID:0.6575 P1:0.6575 P2:0.6575 P3:0.6575 P4:0.6575 STATE:IDLE
[2026-05-16 09:24:26Z] CHK MOM:0% RANGE:0% UP:0% SPREAD:0.152207% BID:0.657 ASK:0.658 MID:0.6575 P1:0.6575 P2:0.6575 P3:0.6575 P4:0.6575 STATE:IDLE
[2026-05-16 09:24:27Z] CHK MOM:0% RANGE:0% UP:0% SPREAD:0.152207% BID:0.657 ASK:0.658 MID:0.6575 P1:0.6575 P2:0.6575 P3:0.6575 P4:0.6575 STATE:IDLE
[2026-05-16 09:24:27Z] CHK MOM:0% RANGE:0% UP:0% SPREAD:0.152207% BID:0.657 ASK:0.658 MID:0.6575 P1:0.6575 P2:0.6575 P3:0.6575 P4:0.6575 STATE:IDLE
[2026-05-16 09:24:28Z] CHK MOM:0% RANGE:0% UP:0% SPREAD:0.152207% BID:0.657 ASK:0.658 MID:0.6575 P1:0.6575 P2:0.6575 P3:0.6575 P4:0.6575 STATE:IDLE
[2026-05-16 09:24:28Z] CHK MOM:0% RANGE:0% UP:0% SPREAD:0.152207% BID:0.657 ASK:0.658 MID:0.6575 P1:0.6575 P2:0.6575 P3:0.6575 P4:0.6575 STATE:IDLE
[2026-05-16 09:24:29Z] CHK MOM:0% RANGE:0% UP:0% SPREAD:0.152207% BID:0.657 ASK:0.658 MID:0.6575 P1:0.6575 P2:0.6575 P3:0.6575 P4:0.6575 STATE:IDLE
[2026-05-16 09:24:35Z] CHK MOM:0% RANGE:0% UP:0% SPREAD:0.152207% BID:0.657 ASK:0.658 MID:0.6575 P1:0.6575 P2:0.6575 P3:0.6575 P4:0.6575 STATE:IDLE
[2026-05-16 09:24:36Z] CHK MOM:0% RANGE:0% UP:0% SPREAD:0.152207% BID:0.657 ASK:0.658 MID:0.6575 P1:0.6575 P2:0.6575 P3:0.6575 P4:0.6575 STATE:IDLE
[2026-05-16 09:24:36Z] CHK MOM:0% RANGE:0% UP:0% SPREAD:0.152207% BID:0.657 ASK:0.658 MID:0.6575 P1:0.6575 P2:0.6575 P3:0.6575 P4:0.6575 STATE:IDLE
[2026-05-16 09:24:37Z] CHK MOM:0% RANGE:0% UP:0% SPREAD:0.152207% BID:0.657 ASK:0.658 MID:0.6575 P1:0.6575 P2:0.6575 P3:0.6575 P4:0.6575 STATE:IDLE
[2026-05-16 09:24:37Z] CHK MOM:0% RANGE:0% UP:0% SPREAD:0.152207% BID:0.657 ASK:0.658 MID:0.6575 P1:0.6575 P2:0.6575 P3:0.6575 P4:0.6575 STATE:IDLE
[2026-05-16 09:24:38Z] CHK MOM:0% RANGE:0% UP:0% SPREAD:0.152207% BID:0.657 ASK:0.658 MID:0.6575 P1:0.6575 P2:0.6575 P3:0.6575 P4:0.6575 STATE:IDLE
[2026-05-16 09:24:38Z] CHK MOM:0% RANGE:0% UP:0% SPREAD:0.152207% BID:0.657 ASK:0.658 MID:0.6575 P1:0.6575 P2:0.6575 P3:0.6575 P4:0.6575 STATE:IDLE
[2026-05-16 09:24:39Z] CHK MOM:0% RANGE:0% UP:0% SPREAD:0.152207% BID:0.657 ASK:0.658 MID:0.6575 P1:0.6575 P2:0.6575 P3:0.6575 P4:0.6575 STATE:IDLE
[2026-05-16 09:24:39Z] CHK MOM:0% RANGE:0% UP:0% SPREAD:0.152207% BID:0.657 ASK:0.658 MID:0.6575 P1:0.6575 P2:0.6575 P3:0.6575 P4:0.6575 STATE:IDLE
[2026-05-16 09:24:40Z] CHK MOM:0% RANGE:0% UP:0% SPREAD:0.152207% BID:0.657 ASK:0.658 MID:0.6575 P1:0.6575 P2:0.6575 P3:0.6575 P4:0.6575 STATE:IDLE
[2026-05-16 09:24:41Z] CHK MOM:0% RANGE:0% UP:0% SPREAD:0.152207% BID:0.657 ASK:0.658 MID:0.6575 P1:0.6575 P2:0.6575 P3:0.6575 P4:0.6575 STATE:IDLE
[2026-05-16 09:24:41Z] CHK MOM:0% RANGE:0% UP:0% SPREAD:0.152207% BID:0.657 ASK:0.658 MID:0.6575 P1:0.6575 P2:0.6575 P3:0.6575 P4:0.6575 STATE:IDLE
[2026-05-16 09:24:42Z] CHK MOM:0% RANGE:0% UP:0% SPREAD:0.152207% BID:0.657 ASK:0.658 MID:0.6575 P1:0.6575 P2:0.6575 P3:0.6575 P4:0.6575 STATE:IDLE
[2026-05-16 09:24:42Z] CHK MOM:0% RANGE:0% UP:0% SPREAD:0.152207% BID:0.657 ASK:0.658 MID:0.6575 P1:0.6575 P2:0.6575 P3:0.6575 P4:0.6575 STATE:IDLE
[2026-05-16 09:24:43Z] CHK MOM:0% RANGE:0% UP:0% SPREAD:0.152207% BID:0.657 ASK:0.658 MID:0.6575 P1:0.6575 P2:0.6575 P3:0.6575 P4:0.6575 STATE:IDLE
[2026-05-16 09:24:43Z] CHK MOM:0% RANGE:0% UP:0% SPREAD:0.152207% BID:0.657 ASK:0.658 MID:0.6575 P1:0.6575 P2:0.6575 P3:0.6575 P4:0.6575 STATE:IDLE
[2026-05-16 09:24:44Z] CHK MOM:0% RANGE:0% UP:0% SPREAD:0.152207% BID:0.657 ASK:0.658 MID:0.6575 P1:0.6575 P2:0.6575 P3:0.6575 P4:0.6575 STATE:IDLE
[2026-05-16 09:24:48Z] CHK MOM:0% RANGE:0% UP:0% SPREAD:0.152207% BID:0.657 ASK:0.658 MID:0.6575 P1:0.6575 P2:0.6575 P3:0.6575 P4:0.6575 STATE:IDLE
[2026-05-16 09:24:48Z] TOKEN_SWITCH old=ASTERUSDC new=UNIUSDC source=.service.env
[2026-05-16 09:47:11Z] SESSION_START symbol=ASTERUSDC dry_run=0 profile=major strategy=momentum base_url=https://api.binance.com
[2026-05-16 09:47:11Z] TOXIC_MEMORY_LOADED count=1 symbols=ORDIUSDC
[2026-05-16 09:47:13Z] CHK MOM:0% RANGE:0% UP:0% SPREAD:0.15197568% BID:0.658 ASK:0.659 MID:0.6585 P1:0.6585 P2:NA P3:NA P4:NA STATE:IDLE
[2026-05-16 09:47:13Z] CHK MOM:0% RANGE:0% UP:0% SPREAD:0.15197568% BID:0.658 ASK:0.659 MID:0.6585 P1:0.6585 P2:0.6585 P3:NA P4:NA STATE:IDLE
[2026-05-16 09:47:14Z] CHK MOM:0% RANGE:0% UP:0% SPREAD:0.15197568% BID:0.658 ASK:0.659 MID:0.6585 P1:0.6585 P2:0.6585 P3:0.6585 P4:NA STATE:IDLE
[2026-05-16 09:47:14Z] CHK MOM:0% RANGE:0% UP:0% SPREAD:0.15197568% BID:0.658 ASK:0.659 MID:0.6585 P1:0.6585 P2:0.6585 P3:0.6585 P4:NA STATE:IDLE
[2026-05-16 09:47:15Z] CHK MOM:0% RANGE:0% UP:0% SPREAD:0.15197568% BID:0.658 ASK:0.659 MID:0.6585 P1:0.6585 P2:0.6585 P3:0.6585 P4:0.6585 STATE:IDLE
[2026-05-16 09:47:15Z] CHK MOM:0% RANGE:0% UP:0% SPREAD:0.15197568% BID:0.658 ASK:0.659 MID:0.6585 P1:0.6585 P2:0.6585 P3:0.6585 P4:0.6585 STATE:IDLE
[2026-05-16 09:47:16Z] CHK MOM:0% RANGE:0% UP:0% SPREAD:0.15197568% BID:0.658 ASK:0.659 MID:0.6585 P1:0.6585 P2:0.6585 P3:0.6585 P4:0.6585 STATE:IDLE
[2026-05-16 09:47:16Z] CHK MOM:0% RANGE:0% UP:0% SPREAD:0.15197568% BID:0.658 ASK:0.659 MID:0.6585 P1:0.6585 P2:0.6585 P3:0.6585 P4:0.6585 STATE:IDLE
[2026-05-16 09:47:17Z] CHK MOM:0% RANGE:0% UP:0% SPREAD:0.15197568% BID:0.658 ASK:0.659 MID:0.6585 P1:0.6585 P2:0.6585 P3:0.6585 P4:0.6585 STATE:IDLE
[2026-05-16 09:47:17Z] CHK MOM:0% RANGE:0% UP:0% SPREAD:0.15197568% BID:0.658 ASK:0.659 MID:0.6585 P1:0.6585 P2:0.6585 P3:0.6585 P4:0.6585 STATE:IDLE
[2026-05-16 09:47:19Z] CHK MOM:0% RANGE:0% UP:0% SPREAD:0.15197568% BID:0.658 ASK:0.659 MID:0.6585 P1:0.6585 P2:0.6585 P3:0.6585 P4:0.6585 STATE:IDLE
[2026-05-16 09:47:19Z] CHK MOM:0% RANGE:0% UP:0% SPREAD:0.15197568% BID:0.658 ASK:0.659 MID:0.6585 P1:0.6585 P2:0.6585 P3:0.6585 P4:0.6585 STATE:IDLE
[2026-05-16 09:47:20Z] CHK MOM:0% RANGE:0% UP:0% SPREAD:0.15197568% BID:0.658 ASK:0.659 MID:0.6585 P1:0.6585 P2:0.6585 P3:0.6585 P4:0.6585 STATE:IDLE
[2026-05-16 09:47:20Z] CHK MOM:0% RANGE:0% UP:0% SPREAD:0.15197568% BID:0.658 ASK:0.659 MID:0.6585 P1:0.6585 P2:0.6585 P3:0.6585 P4:0.6585 STATE:IDLE
[2026-05-16 09:47:21Z] CHK MOM:0% RANGE:0% UP:0% SPREAD:0.15197568% BID:0.658 ASK:0.659 MID:0.6585 P1:0.6585 P2:0.6585 P3:0.6585 P4:0.6585 STATE:IDLE
[2026-05-16 09:47:21Z] CHK MOM:0% RANGE:0% UP:0% SPREAD:0.15197568% BID:0.658 ASK:0.659 MID:0.6585 P1:0.6585 P2:0.6585 P3:0.6585 P4:0.6585 STATE:IDLE
[2026-05-16 09:47:24Z] CHK MOM:0% RANGE:0% UP:0% SPREAD:0.15197568% BID:0.658 ASK:0.659 MID:0.6585 P1:0.6585 P2:0.6585 P3:0.6585 P4:0.6585 STATE:IDLE
[2026-05-16 09:47:25Z] CHK MOM:0% RANGE:0% UP:0% SPREAD:0.15197568% BID:0.658 ASK:0.659 MID:0.6585 P1:0.6585 P2:0.6585 P3:0.6585 P4:0.6585 STATE:IDLE
[2026-05-16 09:47:25Z] CHK MOM:0% RANGE:0% UP:0% SPREAD:0.15197568% BID:0.658 ASK:0.659 MID:0.6585 P1:0.6585 P2:0.6585 P3:0.6585 P4:0.6585 STATE:IDLE
[2026-05-16 09:47:26Z] CHK MOM:0% RANGE:0% UP:0% SPREAD:0.15197568% BID:0.658 ASK:0.659 MID:0.6585 P1:0.6585 P2:0.6585 P3:0.6585 P4:0.6585 STATE:IDLE
[2026-05-16 09:47:26Z] CHK MOM:0% RANGE:0% UP:0% SPREAD:0.15197568% BID:0.658 ASK:0.659 MID:0.6585 P1:0.6585 P2:0.6585 P3:0.6585 P4:0.6585 STATE:IDLE
[2026-05-16 09:47:27Z] CHK MOM:0% RANGE:0% UP:0% SPREAD:0.15197568% BID:0.658 ASK:0.659 MID:0.6585 P1:0.6585 P2:0.6585 P3:0.6585 P4:0.6585 STATE:IDLE
[2026-05-16 09:47:27Z] CHK MOM:0% RANGE:0% UP:0% SPREAD:0.15197568% BID:0.658 ASK:0.659 MID:0.6585 P1:0.6585 P2:0.6585 P3:0.6585 P4:0.6585 STATE:IDLE
[2026-05-16 09:47:28Z] CHK MOM:0% RANGE:0% UP:0% SPREAD:0.15197568% BID:0.658 ASK:0.659 MID:0.6585 P1:0.6585 P2:0.6585 P3:0.6585 P4:0.6585 STATE:IDLE
[2026-05-16 09:47:28Z] CHK MOM:0% RANGE:0% UP:0% SPREAD:0.15197568% BID:0.658 ASK:0.659 MID:0.6585 P1:0.6585 P2:0.6585 P3:0.6585 P4:0.6585 STATE:IDLE
[2026-05-16 09:47:29Z] CHK MOM:0% RANGE:0% UP:0% SPREAD:0.15197568% BID:0.658 ASK:0.659 MID:0.6585 P1:0.6585 P2:0.6585 P3:0.6585 P4:0.6585 STATE:IDLE
[2026-05-16 09:47:30Z] CHK MOM:0% RANGE:0% UP:0% SPREAD:0.15197568% BID:0.658 ASK:0.659 MID:0.6585 P1:0.6585 P2:0.6585 P3:0.6585 P4:0.6585 STATE:IDLE
[2026-05-16 09:47:30Z] CHK MOM:0% RANGE:0% UP:0% SPREAD:0.15197568% BID:0.658 ASK:0.659 MID:0.6585 P1:0.6585 P2:0.6585 P3:0.6585 P4:0.6585 STATE:IDLE
[2026-05-16 09:47:32Z] CHK MOM:0% RANGE:0% UP:0% SPREAD:0.15197568% BID:0.658 ASK:0.659 MID:0.6585 P1:0.6585 P2:0.6585 P3:0.6585 P4:0.6585 STATE:IDLE
[2026-05-16 09:47:33Z] CHK MOM:0% RANGE:0% UP:0% SPREAD:0.15197568% BID:0.658 ASK:0.659 MID:0.6585 P1:0.6585 P2:0.6585 P3:0.6585 P4:0.6585 STATE:IDLE
[2026-05-16 09:47:33Z] CHK MOM:0% RANGE:0% UP:0% SPREAD:0.15197568% BID:0.658 ASK:0.659 MID:0.6585 P1:0.6585 P2:0.6585 P3:0.6585 P4:0.6585 STATE:IDLE
[2026-05-16 09:47:34Z] CHK MOM:0% RANGE:0% UP:0% SPREAD:0.15197568% BID:0.658 ASK:0.659 MID:0.6585 P1:0.6585 P2:0.6585 P3:0.6585 P4:0.6585 STATE:IDLE
[2026-05-16 09:47:34Z] CHK MOM:0% RANGE:0% UP:0% SPREAD:0.15197568% BID:0.658 ASK:0.659 MID:0.6585 P1:0.6585 P2:0.6585 P3:0.6585 P4:0.6585 STATE:IDLE
[2026-05-16 09:47:35Z] CHK MOM:0% RANGE:0% UP:0% SPREAD:0.15197568% BID:0.658 ASK:0.659 MID:0.6585 P1:0.6585 P2:0.6585 P3:0.6585 P4:0.6585 STATE:IDLE
[2026-05-16 09:47:36Z] CHK MOM:0% RANGE:0% UP:0% SPREAD:0.15197568% BID:0.658 ASK:0.659 MID:0.6585 P1:0.6585 P2:0.6585 P3:0.6585 P4:0.6585 STATE:IDLE
[2026-05-16 09:47:36Z] CHK MOM:0% RANGE:0% UP:0% SPREAD:0.15197568% BID:0.658 ASK:0.659 MID:0.6585 P1:0.6585 P2:0.6585 P3:0.6585 P4:0.6585 STATE:IDLE
[2026-05-16 09:47:37Z] CHK MOM:0% RANGE:0% UP:0% SPREAD:0.15197568% BID:0.658 ASK:0.659 MID:0.6585 P1:0.6585 P2:0.6585 P3:0.6585 P4:0.6585 STATE:IDLE
[2026-05-16 09:47:37Z] CHK MOM:0% RANGE:0% UP:0% SPREAD:0.15197568% BID:0.658 ASK:0.659 MID:0.6585 P1:0.6585 P2:0.6585 P3:0.6585 P4:0.6585 STATE:IDLE
[2026-05-16 09:47:38Z] CHK MOM:0% RANGE:0% UP:0% SPREAD:0.15197568% BID:0.658 ASK:0.659 MID:0.6585 P1:0.6585 P2:0.6585 P3:0.6585 P4:0.6585 STATE:IDLE
[2026-05-16 09:47:38Z] CHK MOM:0% RANGE:0% UP:0% SPREAD:0.15197568% BID:0.658 ASK:0.659 MID:0.6585 P1:0.6585 P2:0.6585 P3:0.6585 P4:0.6585 STATE:IDLE
[2026-05-16 09:47:39Z] CHK MOM:0% RANGE:0% UP:0% SPREAD:0.15197568% BID:0.658 ASK:0.659 MID:0.6585 P1:0.6585 P2:0.6585 P3:0.6585 P4:0.6585 STATE:IDLE
[2026-05-16 09:47:39Z] CHK MOM:0% RANGE:0% UP:0% SPREAD:0.15197568% BID:0.658 ASK:0.659 MID:0.6585 P1:0.6585 P2:0.6585 P3:0.6585 P4:0.6585 STATE:IDLE
[2026-05-16 09:47:40Z] CHK MOM:0% RANGE:0% UP:0% SPREAD:0.15197568% BID:0.658 ASK:0.659 MID:0.6585 P1:0.6585 P2:0.6585 P3:0.6585 P4:0.6585 STATE:IDLE
[2026-05-16 09:47:41Z] CHK MOM:0% RANGE:0% UP:0% SPREAD:0.15197568% BID:0.658 ASK:0.659 MID:0.6585 P1:0.6585 P2:0.6585 P3:0.6585 P4:0.6585 STATE:IDLE
[2026-05-16 09:47:41Z] CHK MOM:0% RANGE:0% UP:0% SPREAD:0.15197568% BID:0.658 ASK:0.659 MID:0.6585 P1:0.6585 P2:0.6585 P3:0.6585 P4:0.6585 STATE:IDLE
[2026-05-16 09:47:42Z] CHK MOM:0% RANGE:0% UP:0% SPREAD:0.15197568% BID:0.658 ASK:0.659 MID:0.6585 P1:0.6585 P2:0.6585 P3:0.6585 P4:0.6585 STATE:IDLE
[2026-05-16 09:47:42Z] CHK MOM:0% RANGE:0% UP:0% SPREAD:0.15197568% BID:0.658 ASK:0.659 MID:0.6585 P1:0.6585 P2:0.6585 P3:0.6585 P4:0.6585 STATE:IDLE
[2026-05-16 09:47:43Z] CHK MOM:0% RANGE:0% UP:0% SPREAD:0.15197568% BID:0.658 ASK:0.659 MID:0.6585 P1:0.6585 P2:0.6585 P3:0.6585 P4:0.6585 STATE:IDLE
[2026-05-16 09:47:43Z] CHK MOM:0% RANGE:0% UP:0% SPREAD:0.15197568% BID:0.658 ASK:0.659 MID:0.6585 P1:0.6585 P2:0.6585 P3:0.6585 P4:0.6585 STATE:IDLE
[2026-05-16 09:47:44Z] CHK MOM:0% RANGE:0% UP:0% SPREAD:0.15197568% BID:0.658 ASK:0.659 MID:0.6585 P1:0.6585 P2:0.6585 P3:0.6585 P4:0.6585 STATE:IDLE
[2026-05-16 09:47:45Z] CHK MOM:0% RANGE:0% UP:0% SPREAD:0.15197568% BID:0.658 ASK:0.659 MID:0.6585 P1:0.6585 P2:0.6585 P3:0.6585 P4:0.6585 STATE:IDLE
[2026-05-16 09:47:45Z] CHK MOM:0% RANGE:0% UP:0% SPREAD:0.15197568% BID:0.658 ASK:0.659 MID:0.6585 P1:0.6585 P2:0.6585 P3:0.6585 P4:0.6585 STATE:IDLE
[2026-05-16 09:47:46Z] CHK MOM:0% RANGE:0% UP:0% SPREAD:0.15197568% BID:0.658 ASK:0.659 MID:0.6585 P1:0.6585 P2:0.6585 P3:0.6585 P4:0.6585 STATE:IDLE
[2026-05-16 09:47:47Z] CHK MOM:0% RANGE:0% UP:0% SPREAD:0.15197568% BID:0.658 ASK:0.659 MID:0.6585 P1:0.6585 P2:0.6585 P3:0.6585 P4:0.6585 STATE:IDLE
[2026-05-16 09:47:47Z] CHK MOM:0% RANGE:0% UP:0% SPREAD:0.15197568% BID:0.658 ASK:0.659 MID:0.6585 P1:0.6585 P2:0.6585 P3:0.6585 P4:0.6585 STATE:IDLE
[2026-05-16 09:47:48Z] CHK MOM:0% RANGE:0% UP:0% SPREAD:0.15197568% BID:0.658 ASK:0.659 MID:0.6585 P1:0.6585 P2:0.6585 P3:0.6585 P4:0.6585 STATE:IDLE
[2026-05-16 09:47:49Z] CHK MOM:0% RANGE:0% UP:0% SPREAD:0.15197568% BID:0.658 ASK:0.659 MID:0.6585 P1:0.6585 P2:0.6585 P3:0.6585 P4:0.6585 STATE:IDLE
[2026-05-16 09:47:49Z] CHK MOM:0% RANGE:0% UP:0% SPREAD:0.15197568% BID:0.658 ASK:0.659 MID:0.6585 P1:0.6585 P2:0.6585 P3:0.6585 P4:0.6585 STATE:IDLE
[2026-05-16 09:47:50Z] CHK MOM:0% RANGE:0% UP:0% SPREAD:0.15197568% BID:0.658 ASK:0.659 MID:0.6585 P1:0.6585 P2:0.6585 P3:0.6585 P4:0.6585 STATE:IDLE
[2026-05-16 09:47:50Z] CHK MOM:0% RANGE:0% UP:0% SPREAD:0.15197568% BID:0.658 ASK:0.659 MID:0.6585 P1:0.6585 P2:0.6585 P3:0.6585 P4:0.6585 STATE:IDLE
[2026-05-16 09:47:51Z] CHK MOM:0% RANGE:0% UP:0% SPREAD:0.15197568% BID:0.658 ASK:0.659 MID:0.6585 P1:0.6585 P2:0.6585 P3:0.6585 P4:0.6585 STATE:IDLE
[2026-05-16 09:47:52Z] CHK MOM:0% RANGE:0% UP:0% SPREAD:0.15197568% BID:0.658 ASK:0.659 MID:0.6585 P1:0.6585 P2:0.6585 P3:0.6585 P4:0.6585 STATE:IDLE
[2026-05-16 09:47:52Z] CHK MOM:0% RANGE:0% UP:0% SPREAD:0.15197568% BID:0.658 ASK:0.659 MID:0.6585 P1:0.6585 P2:0.6585 P3:0.6585 P4:0.6585 STATE:IDLE
[2026-05-16 09:47:53Z] CHK MOM:0% RANGE:0% UP:0% SPREAD:0.15197568% BID:0.658 ASK:0.659 MID:0.6585 P1:0.6585 P2:0.6585 P3:0.6585 P4:0.6585 STATE:IDLE
[2026-05-16 09:47:53Z] CHK MOM:0% RANGE:0% UP:0% SPREAD:0.15197568% BID:0.658 ASK:0.659 MID:0.6585 P1:0.6585 P2:0.6585 P3:0.6585 P4:0.6585 STATE:IDLE
[2026-05-16 09:47:54Z] CHK MOM:0% RANGE:0% UP:0% SPREAD:0.15197568% BID:0.658 ASK:0.659 MID:0.6585 P1:0.6585 P2:0.6585 P3:0.6585 P4:0.6585 STATE:IDLE
[2026-05-16 09:47:54Z] CHK MOM:0% RANGE:0% UP:0% SPREAD:0.15197568% BID:0.658 ASK:0.659 MID:0.6585 P1:0.6585 P2:0.6585 P3:0.6585 P4:0.6585 STATE:IDLE
[2026-05-16 09:47:55Z] CHK MOM:0% RANGE:0% UP:0% SPREAD:0.15197568% BID:0.658 ASK:0.659 MID:0.6585 P1:0.6585 P2:0.6585 P3:0.6585 P4:0.6585 STATE:IDLE
[2026-05-16 09:47:55Z] CHK MOM:0% RANGE:0% UP:0% SPREAD:0.15197568% BID:0.658 ASK:0.659 MID:0.6585 P1:0.6585 P2:0.6585 P3:0.6585 P4:0.6585 STATE:IDLE
[2026-05-16 09:47:56Z] CHK MOM:0% RANGE:0% UP:0% SPREAD:0.15197568% BID:0.658 ASK:0.659 MID:0.6585 P1:0.6585 P2:0.6585 P3:0.6585 P4:0.6585 STATE:IDLE
[2026-05-16 09:47:56Z] CHK MOM:0% RANGE:0% UP:0% SPREAD:0.15197568% BID:0.658 ASK:0.659 MID:0.6585 P1:0.6585 P2:0.6585 P3:0.6585 P4:0.6585 STATE:IDLE
[2026-05-16 09:47:57Z] CHK MOM:0% RANGE:0% UP:0% SPREAD:0.15197568% BID:0.658 ASK:0.659 MID:0.6585 P1:0.6585 P2:0.6585 P3:0.6585 P4:0.6585 STATE:IDLE
[2026-05-16 09:47:58Z] CHK MOM:0% RANGE:0% UP:0% SPREAD:0.15197568% BID:0.658 ASK:0.659 MID:0.6585 P1:0.6585 P2:0.6585 P3:0.6585 P4:0.6585 STATE:IDLE
[2026-05-16 09:47:58Z] CHK MOM:0% RANGE:0% UP:0% SPREAD:0.15197568% BID:0.658 ASK:0.659 MID:0.6585 P1:0.6585 P2:0.6585 P3:0.6585 P4:0.6585 STATE:IDLE
[2026-05-16 09:47:59Z] CHK MOM:0% RANGE:0% UP:0% SPREAD:0.15197568% BID:0.658 ASK:0.659 MID:0.6585 P1:0.6585 P2:0.6585 P3:0.6585 P4:0.6585 STATE:IDLE
[2026-05-16 09:47:59Z] CHK MOM:0% RANGE:0% UP:0% SPREAD:0.15197568% BID:0.658 ASK:0.659 MID:0.6585 P1:0.6585 P2:0.6585 P3:0.6585 P4:0.6585 STATE:IDLE
[2026-05-16 09:48:00Z] CHK MOM:0% RANGE:0% UP:0% SPREAD:0.15197568% BID:0.658 ASK:0.659 MID:0.6585 P1:0.6585 P2:0.6585 P3:0.6585 P4:0.6585 STATE:IDLE
[2026-05-16 09:48:01Z] CHK MOM:-0.15% RANGE:0.15% UP:0% SPREAD:0.152207% BID:0.657 ASK:0.658 MID:0.6575 P1:0.6575 P2:0.6585 P3:0.6585 P4:0.6585 STATE:IDLE
[2026-05-16 09:48:01Z] CHK MOM:-0.15% RANGE:0.15% UP:0% SPREAD:0.152207% BID:0.657 ASK:0.658 MID:0.6575 P1:0.6575 P2:0.6585 P3:0.6585 P4:0.6585 STATE:IDLE
[2026-05-16 09:48:02Z] CHK MOM:-0.15% RANGE:0.15% UP:0% SPREAD:0.152207% BID:0.657 ASK:0.658 MID:0.6575 P1:0.6575 P2:0.6585 P3:0.6585 P4:0.6585 STATE:IDLE
[2026-05-16 09:48:03Z] CHK MOM:-0.15% RANGE:0.15% UP:0% SPREAD:0.152207% BID:0.657 ASK:0.658 MID:0.6575 P1:0.6575 P2:0.6575 P3:0.6585 P4:0.6585 STATE:IDLE
[2026-05-16 09:48:03Z] CHK MOM:-0.15% RANGE:0.15% UP:0% SPREAD:0.152207% BID:0.657 ASK:0.658 MID:0.6575 P1:0.6575 P2:0.6575 P3:0.6575 P4:0.6585 STATE:IDLE
[2026-05-16 09:48:04Z] CHK MOM:-0.15% RANGE:0.15% UP:0% SPREAD:0.152207% BID:0.657 ASK:0.658 MID:0.6575 P1:0.6575 P2:0.6575 P3:0.6575 P4:0.6585 STATE:IDLE
[2026-05-16 09:48:04Z] CHK MOM:-0.15% RANGE:0.15% UP:0% SPREAD:0.152207% BID:0.657 ASK:0.658 MID:0.6575 P1:0.6575 P2:0.6575 P3:0.6575 P4:0.6575 STATE:IDLE
[2026-05-16 09:48:05Z] CHK MOM:-0.15% RANGE:0.15% UP:0% SPREAD:0.152207% BID:0.657 ASK:0.658 MID:0.6575 P1:0.6575 P2:0.6575 P3:0.6575 P4:0.6575 STATE:IDLE
[2026-05-16 09:48:05Z] CHK MOM:-0.15% RANGE:0.15% UP:0% SPREAD:0.152207% BID:0.657 ASK:0.658 MID:0.6575 P1:0.6575 P2:0.6575 P3:0.6575 P4:0.6575 STATE:IDLE
[2026-05-16 09:48:06Z] CHK MOM:-0.15% RANGE:0.15% UP:0% SPREAD:0.152207% BID:0.657 ASK:0.658 MID:0.6575 P1:0.6575 P2:0.6575 P3:0.6575 P4:0.6575 STATE:IDLE
[2026-05-16 09:48:06Z] CHK MOM:-0.15% RANGE:0.15% UP:0% SPREAD:0.152207% BID:0.657 ASK:0.658 MID:0.6575 P1:0.6575 P2:0.6575 P3:0.6575 P4:0.6575 STATE:IDLE
[2026-05-16 09:48:07Z] CHK MOM:-0.15% RANGE:0.15% UP:0% SPREAD:0.152207% BID:0.657 ASK:0.658 MID:0.6575 P1:0.6575 P2:0.6575 P3:0.6575 P4:0.6575 STATE:IDLE
[2026-05-16 09:48:09Z] CHK MOM:-0.15% RANGE:0.15% UP:0% SPREAD:0.152207% BID:0.657 ASK:0.658 MID:0.6575 P1:0.6575 P2:0.6575 P3:0.6575 P4:0.6575 STATE:IDLE
[2026-05-16 09:48:09Z] CHK MOM:-0.15% RANGE:0.15% UP:0% SPREAD:0.152207% BID:0.657 ASK:0.658 MID:0.6575 P1:0.6575 P2:0.6575 P3:0.6575 P4:0.6575 STATE:IDLE
[2026-05-16 09:48:10Z] CHK MOM:0% RANGE:0% UP:0% SPREAD:0.152207% BID:0.657 ASK:0.658 MID:0.6575 P1:0.6575 P2:0.6575 P3:0.6575 P4:0.6575 STATE:IDLE
[2026-05-16 09:48:10Z] CHK MOM:0% RANGE:0% UP:0% SPREAD:0.152207% BID:0.657 ASK:0.658 MID:0.6575 P1:0.6575 P2:0.6575 P3:0.6575 P4:0.6575 STATE:IDLE
[2026-05-16 09:48:11Z] CHK MOM:0% RANGE:0% UP:0% SPREAD:0.152207% BID:0.657 ASK:0.658 MID:0.6575 P1:0.6575 P2:0.6575 P3:0.6575 P4:0.6575 STATE:IDLE
[2026-05-16 09:48:11Z] CHK MOM:0% RANGE:0% UP:0% SPREAD:0.152207% BID:0.657 ASK:0.658 MID:0.6575 P1:0.6575 P2:0.6575 P3:0.6575 P4:0.6575 STATE:IDLE
[2026-05-16 09:48:12Z] CHK MOM:0% RANGE:0% UP:0% SPREAD:0.152207% BID:0.657 ASK:0.658 MID:0.6575 P1:0.6575 P2:0.6575 P3:0.6575 P4:0.6575 STATE:IDLE
[2026-05-16 09:48:12Z] CHK MOM:0% RANGE:0% UP:0% SPREAD:0.152207% BID:0.657 ASK:0.658 MID:0.6575 P1:0.6575 P2:0.6575 P3:0.6575 P4:0.6575 STATE:IDLE
[2026-05-16 09:48:13Z] CHK MOM:0% RANGE:0% UP:0% SPREAD:0.152207% BID:0.657 ASK:0.658 MID:0.6575 P1:0.6575 P2:0.6575 P3:0.6575 P4:0.6575 STATE:IDLE
[2026-05-16 09:48:13Z] CHK MOM:0% RANGE:0% UP:0% SPREAD:0.152207% BID:0.657 ASK:0.658 MID:0.6575 P1:0.6575 P2:0.6575 P3:0.6575 P4:0.6575 STATE:IDLE
[2026-05-16 09:48:14Z] CHK MOM:0% RANGE:0% UP:0% SPREAD:0.152207% BID:0.657 ASK:0.658 MID:0.6575 P1:0.6575 P2:0.6575 P3:0.6575 P4:0.6575 STATE:IDLE
[2026-05-16 09:48:15Z] CHK MOM:0% RANGE:0% UP:0% SPREAD:0.152207% BID:0.657 ASK:0.658 MID:0.6575 P1:0.6575 P2:0.6575 P3:0.6575 P4:0.6575 STATE:IDLE
[2026-05-16 09:48:15Z] CHK MOM:0% RANGE:0% UP:0% SPREAD:0.152207% BID:0.657 ASK:0.658 MID:0.6575 P1:0.6575 P2:0.6575 P3:0.6575 P4:0.6575 STATE:IDLE
[2026-05-16 09:48:16Z] CHK MOM:0% RANGE:0% UP:0% SPREAD:0.152207% BID:0.657 ASK:0.658 MID:0.6575 P1:0.6575 P2:0.6575 P3:0.6575 P4:0.6575 STATE:IDLE
[2026-05-16 09:48:16Z] CHK MOM:0% RANGE:0% UP:0% SPREAD:0.152207% BID:0.657 ASK:0.658 MID:0.6575 P1:0.6575 P2:0.6575 P3:0.6575 P4:0.6575 STATE:IDLE
[2026-05-16 09:48:17Z] CHK MOM:0% RANGE:0% UP:0% SPREAD:0.152207% BID:0.657 ASK:0.658 MID:0.6575 P1:0.6575 P2:0.6575 P3:0.6575 P4:0.6575 STATE:IDLE
[2026-05-16 09:48:17Z] CHK MOM:0% RANGE:0% UP:0% SPREAD:0.152207% BID:0.657 ASK:0.658 MID:0.6575 P1:0.6575 P2:0.6575 P3:0.6575 P4:0.6575 STATE:IDLE
[2026-05-16 09:48:18Z] CHK MOM:0% RANGE:0% UP:0% SPREAD:0.152207% BID:0.657 ASK:0.658 MID:0.6575 P1:0.6575 P2:0.6575 P3:0.6575 P4:0.6575 STATE:IDLE
[2026-05-16 09:48:18Z] CHK MOM:0% RANGE:0% UP:0% SPREAD:0.152207% BID:0.657 ASK:0.658 MID:0.6575 P1:0.6575 P2:0.6575 P3:0.6575 P4:0.6575 STATE:IDLE
[2026-05-16 09:48:19Z] CHK MOM:0% RANGE:0% UP:0% SPREAD:0.152207% BID:0.657 ASK:0.658 MID:0.6575 P1:0.6575 P2:0.6575 P3:0.6575 P4:0.6575 STATE:IDLE
[2026-05-16 09:48:20Z] CHK MOM:0% RANGE:0% UP:0% SPREAD:0.152207% BID:0.657 ASK:0.658 MID:0.6575 P1:0.6575 P2:0.6575 P3:0.6575 P4:0.6575 STATE:IDLE
[2026-05-16 09:48:20Z] CHK MOM:0% RANGE:0% UP:0% SPREAD:0.152207% BID:0.657 ASK:0.658 MID:0.6575 P1:0.6575 P2:0.6575 P3:0.6575 P4:0.6575 STATE:IDLE
[2026-05-16 09:48:21Z] CHK MOM:0% RANGE:0% UP:0% SPREAD:0.152207% BID:0.657 ASK:0.658 MID:0.6575 P1:0.6575 P2:0.6575 P3:0.6575 P4:0.6575 STATE:IDLE
[2026-05-16 09:48:21Z] CHK MOM:0% RANGE:0% UP:0% SPREAD:0.152207% BID:0.657 ASK:0.658 MID:0.6575 P1:0.6575 P2:0.6575 P3:0.6575 P4:0.6575 STATE:IDLE
[2026-05-16 09:48:22Z] CHK MOM:0% RANGE:0% UP:0% SPREAD:0.152207% BID:0.657 ASK:0.658 MID:0.6575 P1:0.6575 P2:0.6575 P3:0.6575 P4:0.6575 STATE:IDLE
[2026-05-16 09:48:24Z] CHK MOM:0% RANGE:0% UP:0% SPREAD:0.152207% BID:0.657 ASK:0.658 MID:0.6575 P1:0.6575 P2:0.6575 P3:0.6575 P4:0.6575 STATE:IDLE
[2026-05-16 09:48:24Z] CHK MOM:0% RANGE:0% UP:0% SPREAD:0.152207% BID:0.657 ASK:0.658 MID:0.6575 P1:0.6575 P2:0.6575 P3:0.6575 P4:0.6575 STATE:IDLE
[2026-05-16 09:48:25Z] CHK MOM:0% RANGE:0% UP:0% SPREAD:0.152207% BID:0.657 ASK:0.658 MID:0.6575 P1:0.6575 P2:0.6575 P3:0.6575 P4:0.6575 STATE:IDLE
[2026-05-16 09:48:26Z] CHK MOM:0% RANGE:0% UP:0% SPREAD:0.152207% BID:0.657 ASK:0.658 MID:0.6575 P1:0.6575 P2:0.6575 P3:0.6575 P4:0.6575 STATE:IDLE
[2026-05-16 09:48:26Z] CHK MOM:0% RANGE:0% UP:0% SPREAD:0.152207% BID:0.657 ASK:0.658 MID:0.6575 P1:0.6575 P2:0.6575 P3:0.6575 P4:0.6575 STATE:IDLE
[2026-05-16 09:48:27Z] CHK MOM:0% RANGE:0% UP:0% SPREAD:0.152207% BID:0.657 ASK:0.658 MID:0.6575 P1:0.6575 P2:0.6575 P3:0.6575 P4:0.6575 STATE:IDLE
[2026-05-16 09:48:28Z] CHK MOM:0% RANGE:0% UP:0% SPREAD:0.152207% BID:0.657 ASK:0.658 MID:0.6575 P1:0.6575 P2:0.6575 P3:0.6575 P4:0.6575 STATE:IDLE
[2026-05-16 09:48:28Z] CHK MOM:0% RANGE:0% UP:0% SPREAD:0.152207% BID:0.657 ASK:0.658 MID:0.6575 P1:0.6575 P2:0.6575 P3:0.6575 P4:0.6575 STATE:IDLE
[2026-05-16 09:48:29Z] CHK MOM:0% RANGE:0% UP:0% SPREAD:0.152207% BID:0.657 ASK:0.658 MID:0.6575 P1:0.6575 P2:0.6575 P3:0.6575 P4:0.6575 STATE:IDLE
[2026-05-16 09:48:29Z] CHK MOM:0% RANGE:0% UP:0% SPREAD:0.152207% BID:0.657 ASK:0.658 MID:0.6575 P1:0.6575 P2:0.6575 P3:0.6575 P4:0.6575 STATE:IDLE
[2026-05-16 09:48:30Z] CHK MOM:0% RANGE:0% UP:0% SPREAD:0.152207% BID:0.657 ASK:0.658 MID:0.6575 P1:0.6575 P2:0.6575 P3:0.6575 P4:0.6575 STATE:IDLE
[2026-05-16 09:48:31Z] CHK MOM:0% RANGE:0% UP:0% SPREAD:0.152207% BID:0.657 ASK:0.658 MID:0.6575 P1:0.6575 P2:0.6575 P3:0.6575 P4:0.6575 STATE:IDLE
[2026-05-16 09:48:31Z] CHK MOM:0% RANGE:0% UP:0% SPREAD:0.152207% BID:0.657 ASK:0.658 MID:0.6575 P1:0.6575 P2:0.6575 P3:0.6575 P4:0.6575 STATE:IDLE
[2026-05-16 09:48:32Z] CHK MOM:0% RANGE:0% UP:0% SPREAD:0.152207% BID:0.657 ASK:0.658 MID:0.6575 P1:0.6575 P2:0.6575 P3:0.6575 P4:0.6575 STATE:IDLE
[2026-05-16 09:48:34Z] CHK MOM:0% RANGE:0% UP:0% SPREAD:0.152207% BID:0.657 ASK:0.658 MID:0.6575 P1:0.6575 P2:0.6575 P3:0.6575 P4:0.6575 STATE:IDLE
[2026-05-16 09:48:35Z] CHK MOM:0% RANGE:0% UP:0% SPREAD:0.152207% BID:0.657 ASK:0.658 MID:0.6575 P1:0.6575 P2:0.6575 P3:0.6575 P4:0.6575 STATE:IDLE
[2026-05-16 09:48:35Z] CHK MOM:0% RANGE:0% UP:0% SPREAD:0.152207% BID:0.657 ASK:0.658 MID:0.6575 P1:0.6575 P2:0.6575 P3:0.6575 P4:0.6575 STATE:IDLE
[2026-05-16 09:48:36Z] CHK MOM:0% RANGE:0% UP:0% SPREAD:0.152207% BID:0.657 ASK:0.658 MID:0.6575 P1:0.6575 P2:0.6575 P3:0.6575 P4:0.6575 STATE:IDLE
[2026-05-16 09:48:37Z] CHK MOM:0% RANGE:0% UP:0% SPREAD:0.152207% BID:0.657 ASK:0.658 MID:0.6575 P1:0.6575 P2:0.6575 P3:0.6575 P4:0.6575 STATE:IDLE
[2026-05-16 09:48:37Z] CHK MOM:0% RANGE:0% UP:0% SPREAD:0.152207% BID:0.657 ASK:0.658 MID:0.6575 P1:0.6575 P2:0.6575 P3:0.6575 P4:0.6575 STATE:IDLE
[2026-05-16 09:48:38Z] CHK MOM:0% RANGE:0% UP:0% SPREAD:0.152207% BID:0.657 ASK:0.658 MID:0.6575 P1:0.6575 P2:0.6575 P3:0.6575 P4:0.6575 STATE:IDLE
[2026-05-16 09:48:38Z] CHK MOM:0% RANGE:0% UP:0% SPREAD:0.152207% BID:0.657 ASK:0.658 MID:0.6575 P1:0.6575 P2:0.6575 P3:0.6575 P4:0.6575 STATE:IDLE
[2026-05-16 09:48:39Z] CHK MOM:0% RANGE:0% UP:0% SPREAD:0.152207% BID:0.657 ASK:0.658 MID:0.6575 P1:0.6575 P2:0.6575 P3:0.6575 P4:0.6575 STATE:IDLE
[2026-05-16 09:48:39Z] CHK MOM:0% RANGE:0% UP:0% SPREAD:0.152207% BID:0.657 ASK:0.658 MID:0.6575 P1:0.6575 P2:0.6575 P3:0.6575 P4:0.6575 STATE:IDLE
[2026-05-16 09:48:40Z] CHK MOM:0% RANGE:0% UP:0% SPREAD:0.152207% BID:0.657 ASK:0.658 MID:0.6575 P1:0.6575 P2:0.6575 P3:0.6575 P4:0.6575 STATE:IDLE
[2026-05-16 09:48:40Z] CHK MOM:0% RANGE:0% UP:0% SPREAD:0.152207% BID:0.657 ASK:0.658 MID:0.6575 P1:0.6575 P2:0.6575 P3:0.6575 P4:0.6575 STATE:IDLE
[2026-05-16 09:48:41Z] CHK MOM:0% RANGE:0% UP:0% SPREAD:0.152207% BID:0.657 ASK:0.658 MID:0.6575 P1:0.6575 P2:0.6575 P3:0.6575 P4:0.6575 STATE:IDLE
[2026-05-16 09:48:42Z] CHK MOM:0% RANGE:0% UP:0% SPREAD:0.152207% BID:0.657 ASK:0.658 MID:0.6575 P1:0.6575 P2:0.6575 P3:0.6575 P4:0.6575 STATE:IDLE
[2026-05-16 09:48:42Z] CHK MOM:0% RANGE:0% UP:0% SPREAD:0.152207% BID:0.657 ASK:0.658 MID:0.6575 P1:0.6575 P2:0.6575 P3:0.6575 P4:0.6575 STATE:IDLE
[2026-05-16 09:48:43Z] CHK MOM:0% RANGE:0% UP:0% SPREAD:0.152207% BID:0.657 ASK:0.658 MID:0.6575 P1:0.6575 P2:0.6575 P3:0.6575 P4:0.6575 STATE:IDLE
[2026-05-16 09:48:43Z] CHK MOM:0% RANGE:0% UP:0% SPREAD:0.152207% BID:0.657 ASK:0.658 MID:0.6575 P1:0.6575 P2:0.6575 P3:0.6575 P4:0.6575 STATE:IDLE
[2026-05-16 09:48:46Z] CHK MOM:0% RANGE:0% UP:0% SPREAD:0.152207% BID:0.657 ASK:0.658 MID:0.6575 P1:0.6575 P2:0.6575 P3:0.6575 P4:0.6575 STATE:IDLE
[2026-05-16 09:48:46Z] CHK MOM:0% RANGE:0% UP:0% SPREAD:0.152207% BID:0.657 ASK:0.658 MID:0.6575 P1:0.6575 P2:0.6575 P3:0.6575 P4:0.6575 STATE:IDLE
[2026-05-16 09:48:47Z] CHK MOM:0% RANGE:0% UP:0% SPREAD:0.152207% BID:0.657 ASK:0.658 MID:0.6575 P1:0.6575 P2:0.6575 P3:0.6575 P4:0.6575 STATE:IDLE
[2026-05-16 09:48:48Z] CHK MOM:0% RANGE:0% UP:0% SPREAD:0.152207% BID:0.657 ASK:0.658 MID:0.6575 P1:0.6575 P2:0.6575 P3:0.6575 P4:0.6575 STATE:IDLE
[2026-05-16 09:48:48Z] CHK MOM:0% RANGE:0% UP:0% SPREAD:0.152207% BID:0.657 ASK:0.658 MID:0.6575 P1:0.6575 P2:0.6575 P3:0.6575 P4:0.6575 STATE:IDLE
[2026-05-16 09:48:49Z] CHK MOM:0% RANGE:0% UP:0% SPREAD:0.152207% BID:0.657 ASK:0.658 MID:0.6575 P1:0.6575 P2:0.6575 P3:0.6575 P4:0.6575 STATE:IDLE
[2026-05-16 09:48:49Z] CHK MOM:0% RANGE:0% UP:0% SPREAD:0.152207% BID:0.657 ASK:0.658 MID:0.6575 P1:0.6575 P2:0.6575 P3:0.6575 P4:0.6575 STATE:IDLE
[2026-05-16 09:48:50Z] CHK MOM:0% RANGE:0% UP:0% SPREAD:0.152207% BID:0.657 ASK:0.658 MID:0.6575 P1:0.6575 P2:0.6575 P3:0.6575 P4:0.6575 STATE:IDLE
[2026-05-16 09:48:50Z] CHK MOM:0% RANGE:0% UP:0% SPREAD:0.152207% BID:0.657 ASK:0.658 MID:0.6575 P1:0.6575 P2:0.6575 P3:0.6575 P4:0.6575 STATE:IDLE
[2026-05-16 09:48:51Z] CHK MOM:0% RANGE:0% UP:0% SPREAD:0.152207% BID:0.657 ASK:0.658 MID:0.6575 P1:0.6575 P2:0.6575 P3:0.6575 P4:0.6575 STATE:IDLE
[2026-05-16 09:48:51Z] CHK MOM:0% RANGE:0% UP:0% SPREAD:0.152207% BID:0.657 ASK:0.658 MID:0.6575 P1:0.6575 P2:0.6575 P3:0.6575 P4:0.6575 STATE:IDLE
[2026-05-16 09:48:52Z] CHK MOM:0% RANGE:0% UP:0% SPREAD:0.152207% BID:0.657 ASK:0.658 MID:0.6575 P1:0.6575 P2:0.6575 P3:0.6575 P4:0.6575 STATE:IDLE
[2026-05-16 09:48:53Z] CHK MOM:0% RANGE:0% UP:0% SPREAD:0.152207% BID:0.657 ASK:0.658 MID:0.6575 P1:0.6575 P2:0.6575 P3:0.6575 P4:0.6575 STATE:IDLE
[2026-05-16 09:48:53Z] CHK MOM:0% RANGE:0% UP:0% SPREAD:0.152207% BID:0.657 ASK:0.658 MID:0.6575 P1:0.6575 P2:0.6575 P3:0.6575 P4:0.6575 STATE:IDLE
[2026-05-16 09:48:54Z] CHK MOM:0% RANGE:0% UP:0% SPREAD:0.152207% BID:0.657 ASK:0.658 MID:0.6575 P1:0.6575 P2:0.6575 P3:0.6575 P4:0.6575 STATE:IDLE
[2026-05-16 09:48:54Z] CHK MOM:0% RANGE:0% UP:0% SPREAD:0.152207% BID:0.657 ASK:0.658 MID:0.6575 P1:0.6575 P2:0.6575 P3:0.6575 P4:0.6575 STATE:IDLE
[2026-05-16 09:48:55Z] CHK MOM:0% RANGE:0% UP:0% SPREAD:0.152207% BID:0.657 ASK:0.658 MID:0.6575 P1:0.6575 P2:0.6575 P3:0.6575 P4:0.6575 STATE:IDLE
[2026-05-16 09:48:55Z] CHK MOM:0% RANGE:0% UP:0% SPREAD:0.152207% BID:0.657 ASK:0.658 MID:0.6575 P1:0.6575 P2:0.6575 P3:0.6575 P4:0.6575 STATE:IDLE
[2026-05-16 09:48:56Z] CHK MOM:0% RANGE:0% UP:0% SPREAD:0.152207% BID:0.657 ASK:0.658 MID:0.6575 P1:0.6575 P2:0.6575 P3:0.6575 P4:0.6575 STATE:IDLE
[2026-05-16 09:48:56Z] CHK MOM:0% RANGE:0% UP:0% SPREAD:0.152207% BID:0.657 ASK:0.658 MID:0.6575 P1:0.6575 P2:0.6575 P3:0.6575 P4:0.6575 STATE:IDLE
[2026-05-16 09:48:57Z] CHK MOM:0% RANGE:0% UP:0% SPREAD:0.152207% BID:0.657 ASK:0.658 MID:0.6575 P1:0.6575 P2:0.6575 P3:0.6575 P4:0.6575 STATE:IDLE
[2026-05-16 09:48:57Z] CHK MOM:0% RANGE:0% UP:0% SPREAD:0.152207% BID:0.657 ASK:0.658 MID:0.6575 P1:0.6575 P2:0.6575 P3:0.6575 P4:0.6575 STATE:IDLE
[2026-05-16 09:48:58Z] CHK MOM:0% RANGE:0% UP:0% SPREAD:0.152207% BID:0.657 ASK:0.658 MID:0.6575 P1:0.6575 P2:0.6575 P3:0.6575 P4:0.6575 STATE:IDLE
[2026-05-16 09:48:59Z] CHK MOM:0% RANGE:0% UP:0% SPREAD:0.152207% BID:0.657 ASK:0.658 MID:0.6575 P1:0.6575 P2:0.6575 P3:0.6575 P4:0.6575 STATE:IDLE
[2026-05-16 09:48:59Z] CHK MOM:0% RANGE:0% UP:0% SPREAD:0.152207% BID:0.657 ASK:0.658 MID:0.6575 P1:0.6575 P2:0.6575 P3:0.6575 P4:0.6575 STATE:IDLE
[2026-05-16 09:49:02Z] CHK MOM:0% RANGE:0% UP:0% SPREAD:0.152207% BID:0.657 ASK:0.658 MID:0.6575 P1:0.6575 P2:0.6575 P3:0.6575 P4:0.6575 STATE:IDLE
[2026-05-16 09:49:03Z] CHK MOM:0% RANGE:0% UP:0% SPREAD:0.152207% BID:0.657 ASK:0.658 MID:0.6575 P1:0.6575 P2:0.6575 P3:0.6575 P4:0.6575 STATE:IDLE
[2026-05-16 09:49:04Z] CHK MOM:0% RANGE:0% UP:0% SPREAD:0.152207% BID:0.657 ASK:0.658 MID:0.6575 P1:0.6575 P2:0.6575 P3:0.6575 P4:0.6575 STATE:IDLE
[2026-05-16 09:49:04Z] CHK MOM:0% RANGE:0% UP:0% SPREAD:0.152207% BID:0.657 ASK:0.658 MID:0.6575 P1:0.6575 P2:0.6575 P3:0.6575 P4:0.6575 STATE:IDLE
[2026-05-16 09:49:05Z] CHK MOM:0% RANGE:0% UP:0% SPREAD:0.152207% BID:0.657 ASK:0.658 MID:0.6575 P1:0.6575 P2:0.6575 P3:0.6575 P4:0.6575 STATE:IDLE
[2026-05-16 09:49:05Z] CHK MOM:0% RANGE:0% UP:0% SPREAD:0.152207% BID:0.657 ASK:0.658 MID:0.6575 P1:0.6575 P2:0.6575 P3:0.6575 P4:0.6575 STATE:IDLE
[2026-05-16 09:49:06Z] CHK MOM:0% RANGE:0% UP:0% SPREAD:0.152207% BID:0.657 ASK:0.658 MID:0.6575 P1:0.6575 P2:0.6575 P3:0.6575 P4:0.6575 STATE:IDLE
[2026-05-16 09:49:06Z] CHK MOM:0% RANGE:0% UP:0% SPREAD:0.152207% BID:0.657 ASK:0.658 MID:0.6575 P1:0.6575 P2:0.6575 P3:0.6575 P4:0.6575 STATE:IDLE
[2026-05-16 09:49:07Z] CHK MOM:0% RANGE:0% UP:0% SPREAD:0.152207% BID:0.657 ASK:0.658 MID:0.6575 P1:0.6575 P2:0.6575 P3:0.6575 P4:0.6575 STATE:IDLE
[2026-05-16 09:49:07Z] CHK MOM:0% RANGE:0% UP:0% SPREAD:0.152207% BID:0.657 ASK:0.658 MID:0.6575 P1:0.6575 P2:0.6575 P3:0.6575 P4:0.6575 STATE:IDLE
[2026-05-16 09:49:08Z] CHK MOM:0% RANGE:0% UP:0% SPREAD:0.152207% BID:0.657 ASK:0.658 MID:0.6575 P1:0.6575 P2:0.6575 P3:0.6575 P4:0.6575 STATE:IDLE
[2026-05-16 09:49:08Z] CHK MOM:0% RANGE:0% UP:0% SPREAD:0.152207% BID:0.657 ASK:0.658 MID:0.6575 P1:0.6575 P2:0.6575 P3:0.6575 P4:0.6575 STATE:IDLE
[2026-05-16 09:49:09Z] CHK MOM:0% RANGE:0% UP:0% SPREAD:0.152207% BID:0.657 ASK:0.658 MID:0.6575 P1:0.6575 P2:0.6575 P3:0.6575 P4:0.6575 STATE:IDLE
[2026-05-16 09:49:10Z] CHK MOM:0% RANGE:0% UP:0% SPREAD:0.152207% BID:0.657 ASK:0.658 MID:0.6575 P1:0.6575 P2:0.6575 P3:0.6575 P4:0.6575 STATE:IDLE
[2026-05-16 09:49:10Z] CHK MOM:0% RANGE:0% UP:0% SPREAD:0.152207% BID:0.657 ASK:0.658 MID:0.6575 P1:0.6575 P2:0.6575 P3:0.6575 P4:0.6575 STATE:IDLE
[2026-05-16 09:49:10Z] TOKEN_SWITCH old=ASTERUSDC new=OSMOUSDC source=.service.env
[2026-05-16 10:09:27Z] SESSION_START symbol=ASTERUSDC dry_run=0 profile=major strategy=momentum base_url=https://api.binance.com
[2026-05-16 10:09:27Z] TOXIC_MEMORY_LOADED count=1 symbols=ORDIUSDC
[2026-05-16 10:09:31Z] CHK MOM:0% RANGE:0% UP:0% SPREAD:0.15267175% BID:0.655 ASK:0.656 MID:0.6555 P1:0.6555 P2:NA P3:NA P4:NA STATE:IDLE
[2026-05-16 10:09:32Z] CHK MOM:0% RANGE:0% UP:0% SPREAD:0.15267175% BID:0.655 ASK:0.656 MID:0.6555 P1:0.6555 P2:0.6555 P3:NA P4:NA STATE:IDLE
[2026-05-16 10:09:32Z] CHK MOM:0% RANGE:0% UP:0% SPREAD:0.15267175% BID:0.655 ASK:0.656 MID:0.6555 P1:0.6555 P2:0.6555 P3:0.6555 P4:NA STATE:IDLE
[2026-05-16 10:09:33Z] CHK MOM:0% RANGE:0% UP:0% SPREAD:0.15267175% BID:0.655 ASK:0.656 MID:0.6555 P1:0.6555 P2:0.6555 P3:0.6555 P4:0.6555 STATE:IDLE
[2026-05-16 10:09:33Z] CHK MOM:0% RANGE:0% UP:0% SPREAD:0.15267175% BID:0.655 ASK:0.656 MID:0.6555 P1:0.6555 P2:0.6555 P3:0.6555 P4:0.6555 STATE:IDLE
[2026-05-16 10:09:34Z] CHK MOM:0% RANGE:0% UP:0% SPREAD:0.15267175% BID:0.655 ASK:0.656 MID:0.6555 P1:0.6555 P2:0.6555 P3:0.6555 P4:0.6555 STATE:IDLE
[2026-05-16 10:09:34Z] CHK MOM:0% RANGE:0% UP:0% SPREAD:0.15267175% BID:0.655 ASK:0.656 MID:0.6555 P1:0.6555 P2:0.6555 P3:0.6555 P4:0.6555 STATE:IDLE
[2026-05-16 10:09:35Z] CHK MOM:-0.15% RANGE:0.15% UP:0% SPREAD:0.15290519% BID:0.654 ASK:0.655 MID:0.6545 P1:0.6545 P2:0.6555 P3:0.6555 P4:0.6555 STATE:IDLE
[2026-05-16 10:09:35Z] CHK MOM:-0.15% RANGE:0.15% UP:0% SPREAD:0.15290519% BID:0.654 ASK:0.655 MID:0.6545 P1:0.6545 P2:0.6545 P3:0.6555 P4:0.6555 STATE:IDLE
[2026-05-16 10:09:36Z] CHK MOM:-0.15% RANGE:0.15% UP:0% SPREAD:0.15290519% BID:0.654 ASK:0.655 MID:0.6545 P1:0.6545 P2:0.6545 P3:0.6545 P4:0.6555 STATE:IDLE
[2026-05-16 10:09:37Z] CHK MOM:-0.15% RANGE:0.15% UP:0% SPREAD:0.15290519% BID:0.654 ASK:0.655 MID:0.6545 P1:0.6545 P2:0.6545 P3:0.6545 P4:0.6545 STATE:IDLE
[2026-05-16 10:09:37Z] CHK MOM:-0.15% RANGE:0.15% UP:0% SPREAD:0.15290519% BID:0.654 ASK:0.655 MID:0.6545 P1:0.6545 P2:0.6545 P3:0.6545 P4:0.6545 STATE:IDLE
[2026-05-16 10:09:38Z] CHK MOM:-0.15% RANGE:0.15% UP:0% SPREAD:0.15290519% BID:0.654 ASK:0.655 MID:0.6545 P1:0.6545 P2:0.6545 P3:0.6545 P4:0.6545 STATE:IDLE
[2026-05-16 10:09:38Z] CHK MOM:-0.15% RANGE:0.15% UP:0% SPREAD:0.15290519% BID:0.654 ASK:0.655 MID:0.6545 P1:0.6545 P2:0.6545 P3:0.6545 P4:0.6545 STATE:IDLE
[2026-05-16 10:09:39Z] CHK MOM:-0.15% RANGE:0.15% UP:0% SPREAD:0.15290519% BID:0.654 ASK:0.655 MID:0.6545 P1:0.6545 P2:0.6545 P3:0.6545 P4:0.6545 STATE:IDLE
[2026-05-16 10:09:39Z] CHK MOM:-0.15% RANGE:0.15% UP:0% SPREAD:0.15290519% BID:0.654 ASK:0.655 MID:0.6545 P1:0.6545 P2:0.6545 P3:0.6545 P4:0.6545 STATE:IDLE
[2026-05-16 10:09:40Z] CHK MOM:-0.15% RANGE:0.15% UP:0% SPREAD:0.15290519% BID:0.654 ASK:0.655 MID:0.6545 P1:0.6545 P2:0.6545 P3:0.6545 P4:0.6545 STATE:IDLE
[2026-05-16 10:09:40Z] CHK MOM:-0.15% RANGE:0.15% UP:0% SPREAD:0.15290519% BID:0.654 ASK:0.655 MID:0.6545 P1:0.6545 P2:0.6545 P3:0.6545 P4:0.6545 STATE:IDLE
[2026-05-16 10:09:41Z] CHK MOM:-0.15% RANGE:0.15% UP:0% SPREAD:0.15290519% BID:0.654 ASK:0.655 MID:0.6545 P1:0.6545 P2:0.6545 P3:0.6545 P4:0.6545 STATE:IDLE
[2026-05-16 10:09:42Z] CHK MOM:-0.15% RANGE:0.15% UP:0% SPREAD:0.15290519% BID:0.654 ASK:0.655 MID:0.6545 P1:0.6545 P2:0.6545 P3:0.6545 P4:0.6545 STATE:IDLE
[2026-05-16 10:09:42Z] CHK MOM:-0.15% RANGE:0.15% UP:0% SPREAD:0.15290519% BID:0.654 ASK:0.655 MID:0.6545 P1:0.6545 P2:0.6545 P3:0.6545 P4:0.6545 STATE:IDLE
[2026-05-16 10:09:43Z] CHK MOM:-0.15% RANGE:0.15% UP:0% SPREAD:0.15290519% BID:0.654 ASK:0.655 MID:0.6545 P1:0.6545 P2:0.6545 P3:0.6545 P4:0.6545 STATE:IDLE
[2026-05-16 10:09:45Z] CHK MOM:-0.15% RANGE:0.15% UP:0% SPREAD:0.15290519% BID:0.654 ASK:0.655 MID:0.6545 P1:0.6545 P2:0.6545 P3:0.6545 P4:0.6545 STATE:IDLE
[2026-05-16 10:09:45Z] CHK MOM:-0.15% RANGE:0.15% UP:0% SPREAD:0.15290519% BID:0.654 ASK:0.655 MID:0.6545 P1:0.6545 P2:0.6545 P3:0.6545 P4:0.6545 STATE:IDLE
[2026-05-16 10:09:46Z] CHK MOM:-0.15% RANGE:0.15% UP:0% SPREAD:0.15290519% BID:0.654 ASK:0.655 MID:0.6545 P1:0.6545 P2:0.6545 P3:0.6545 P4:0.6545 STATE:IDLE
[2026-05-16 10:09:47Z] CHK MOM:-0.15% RANGE:0.15% UP:0% SPREAD:0.15290519% BID:0.654 ASK:0.655 MID:0.6545 P1:0.6545 P2:0.6545 P3:0.6545 P4:0.6545 STATE:IDLE
[2026-05-16 10:09:47Z] CHK MOM:-0.15% RANGE:0.15% UP:0% SPREAD:0.15290519% BID:0.654 ASK:0.655 MID:0.6545 P1:0.6545 P2:0.6545 P3:0.6545 P4:0.6545 STATE:IDLE
[2026-05-16 10:09:48Z] CHK MOM:-0.15% RANGE:0.15% UP:0% SPREAD:0.15290519% BID:0.654 ASK:0.655 MID:0.6545 P1:0.6545 P2:0.6545 P3:0.6545 P4:0.6545 STATE:IDLE
[2026-05-16 10:09:48Z] CHK MOM:-0.15% RANGE:0.15% UP:0% SPREAD:0.15290519% BID:0.654 ASK:0.655 MID:0.6545 P1:0.6545 P2:0.6545 P3:0.6545 P4:0.6545 STATE:IDLE
[2026-05-16 10:09:49Z] CHK MOM:0% RANGE:0% UP:0% SPREAD:0.15290519% BID:0.654 ASK:0.655 MID:0.6545 P1:0.6545 P2:0.6545 P3:0.6545 P4:0.6545 STATE:IDLE
[2026-05-16 10:09:49Z] CHK MOM:0.15% RANGE:0.15% UP:16.66% SPREAD:0.15267175% BID:0.655 ASK:0.656 MID:0.6555 P1:0.6555 P2:0.6545 P3:0.6545 P4:0.6545 STATE:IDLE
[2026-05-16 10:09:50Z] CHK MOM:0.15% RANGE:0.15% UP:16.66% SPREAD:0.15267175% BID:0.655 ASK:0.656 MID:0.6555 P1:0.6555 P2:0.6555 P3:0.6545 P4:0.6545 STATE:IDLE
[2026-05-16 10:09:50Z] CHK MOM:0.15% RANGE:0.15% UP:16.66% SPREAD:0.15267175% BID:0.655 ASK:0.656 MID:0.6555 P1:0.6555 P2:0.6555 P3:0.6545 P4:0.6545 STATE:IDLE
[2026-05-16 10:09:51Z] CHK MOM:0.15% RANGE:0.15% UP:16.66% SPREAD:0.15267175% BID:0.655 ASK:0.656 MID:0.6555 P1:0.6555 P2:0.6555 P3:0.6545 P4:0.6545 STATE:IDLE
[2026-05-16 10:09:51Z] CHK MOM:0.15% RANGE:0.15% UP:16.66% SPREAD:0.15267175% BID:0.655 ASK:0.656 MID:0.6555 P1:0.6555 P2:0.6555 P3:0.6545 P4:0.6545 STATE:IDLE
[2026-05-16 10:09:52Z] CHK MOM:0.15% RANGE:0.15% UP:16.66% SPREAD:0.15267175% BID:0.655 ASK:0.656 MID:0.6555 P1:0.6555 P2:0.6555 P3:0.6545 P4:0.6545 STATE:IDLE
[2026-05-16 10:09:53Z] CHK MOM:0.15% RANGE:0.15% UP:14.28% SPREAD:0.15267175% BID:0.655 ASK:0.656 MID:0.6555 P1:0.6555 P2:0.6555 P3:0.6555 P4:0.6545 STATE:IDLE
[2026-05-16 10:09:53Z] CHK MOM:0.15% RANGE:0.15% UP:14.28% SPREAD:0.15267175% BID:0.655 ASK:0.656 MID:0.6555 P1:0.6555 P2:0.6555 P3:0.6555 P4:0.6545 STATE:IDLE
[2026-05-16 10:09:54Z] CHK MOM:0.15% RANGE:0.15% UP:14.28% SPREAD:0.15267175% BID:0.655 ASK:0.656 MID:0.6555 P1:0.6555 P2:0.6555 P3:0.6555 P4:0.6555 STATE:IDLE
[2026-05-16 10:09:54Z] CHK MOM:0.15% RANGE:0.15% UP:12.5% SPREAD:0.15267175% BID:0.655 ASK:0.656 MID:0.6555 P1:0.6555 P2:0.6555 P3:0.6555 P4:0.6555 STATE:IDLE
[2026-05-16 10:09:55Z] CHK MOM:0.15% RANGE:0.15% UP:11.11% SPREAD:0.15267175% BID:0.655 ASK:0.656 MID:0.6555 P1:0.6555 P2:0.6555 P3:0.6555 P4:0.6555 STATE:IDLE
[2026-05-16 10:09:55Z] CHK MOM:0.15% RANGE:0.15% UP:10% SPREAD:0.15267175% BID:0.655 ASK:0.656 MID:0.6555 P1:0.6555 P2:0.6555 P3:0.6555 P4:0.6555 STATE:IDLE
[2026-05-16 10:09:56Z] CHK MOM:0.15% RANGE:0.15% UP:10% SPREAD:0.15267175% BID:0.655 ASK:0.656 MID:0.6555 P1:0.6555 P2:0.6555 P3:0.6555 P4:0.6555 STATE:IDLE
[2026-05-16 10:09:56Z] CHK MOM:0.15% RANGE:0.15% UP:10% SPREAD:0.15267175% BID:0.655 ASK:0.656 MID:0.6555 P1:0.6555 P2:0.6555 P3:0.6555 P4:0.6555 STATE:IDLE
[2026-05-16 10:09:57Z] CHK MOM:0.15% RANGE:0.15% UP:9.09% SPREAD:0.15267175% BID:0.655 ASK:0.656 MID:0.6555 P1:0.6555 P2:0.6555 P3:0.6555 P4:0.6555 STATE:IDLE
[2026-05-16 10:09:58Z] CHK MOM:0.15% RANGE:0.15% UP:10% SPREAD:0.15267175% BID:0.655 ASK:0.656 MID:0.6555 P1:0.6555 P2:0.6555 P3:0.6555 P4:0.6555 STATE:IDLE
[2026-05-16 10:09:58Z] CHK MOM:0.15% RANGE:0.15% UP:10% SPREAD:0.15267175% BID:0.655 ASK:0.656 MID:0.6555 P1:0.6555 P2:0.6555 P3:0.6555 P4:0.6555 STATE:IDLE
[2026-05-16 10:09:59Z] CHK MOM:0.15% RANGE:0.15% UP:10% SPREAD:0.15267175% BID:0.655 ASK:0.656 MID:0.6555 P1:0.6555 P2:0.6555 P3:0.6555 P4:0.6555 STATE:IDLE
[2026-05-16 10:09:59Z] CHK MOM:0.15% RANGE:0.15% UP:10% SPREAD:0.15267175% BID:0.655 ASK:0.656 MID:0.6555 P1:0.6555 P2:0.6555 P3:0.6555 P4:0.6555 STATE:IDLE
[2026-05-16 10:10:00Z] CHK MOM:0.15% RANGE:0.15% UP:10% SPREAD:0.15267175% BID:0.655 ASK:0.656 MID:0.6555 P1:0.6555 P2:0.6555 P3:0.6555 P4:0.6555 STATE:IDLE
[2026-05-16 10:10:00Z] CHK MOM:0.15% RANGE:0.15% UP:10% SPREAD:0.15267175% BID:0.655 ASK:0.656 MID:0.6555 P1:0.6555 P2:0.6555 P3:0.6555 P4:0.6555 STATE:IDLE
[2026-05-16 10:10:01Z] CHK MOM:0.15% RANGE:0.15% UP:10% SPREAD:0.15267175% BID:0.655 ASK:0.656 MID:0.6555 P1:0.6555 P2:0.6555 P3:0.6555 P4:0.6555 STATE:IDLE
[2026-05-16 10:10:01Z] CHK MOM:0.15% RANGE:0.15% UP:10% SPREAD:0.15267175% BID:0.655 ASK:0.656 MID:0.6555 P1:0.6555 P2:0.6555 P3:0.6555 P4:0.6555 STATE:IDLE
[2026-05-16 10:10:02Z] CHK MOM:0.15% RANGE:0.15% UP:10% SPREAD:0.15267175% BID:0.655 ASK:0.656 MID:0.6555 P1:0.6555 P2:0.6555 P3:0.6555 P4:0.6555 STATE:IDLE
[2026-05-16 10:10:02Z] CHK MOM:0.15% RANGE:0.15% UP:10% SPREAD:0.15267175% BID:0.655 ASK:0.656 MID:0.6555 P1:0.6555 P2:0.6555 P3:0.6555 P4:0.6555 STATE:IDLE
[2026-05-16 10:10:03Z] CHK MOM:-0.15% RANGE:0.15% UP:0% SPREAD:0.15290519% BID:0.654 ASK:0.655 MID:0.6545 P1:0.6545 P2:0.6555 P3:0.6555 P4:0.6555 STATE:IDLE
[2026-05-16 10:10:04Z] CHK MOM:-0.15% RANGE:0.15% UP:0% SPREAD:0.15290519% BID:0.654 ASK:0.655 MID:0.6545 P1:0.6545 P2:0.6545 P3:0.6555 P4:0.6555 STATE:IDLE
[2026-05-16 10:10:04Z] CHK MOM:-0.15% RANGE:0.15% UP:0% SPREAD:0.15290519% BID:0.654 ASK:0.655 MID:0.6545 P1:0.6545 P2:0.6545 P3:0.6545 P4:0.6555 STATE:IDLE
[2026-05-16 10:10:05Z] CHK MOM:-0.15% RANGE:0.15% UP:0% SPREAD:0.15290519% BID:0.654 ASK:0.655 MID:0.6545 P1:0.6545 P2:0.6545 P3:0.6545 P4:0.6555 STATE:IDLE
[2026-05-16 10:10:05Z] CHK MOM:-0.15% RANGE:0.15% UP:0% SPREAD:0.15290519% BID:0.654 ASK:0.655 MID:0.6545 P1:0.6545 P2:0.6545 P3:0.6545 P4:0.6555 STATE:IDLE
[2026-05-16 10:10:06Z] CHK MOM:-0.15% RANGE:0.15% UP:0% SPREAD:0.15290519% BID:0.654 ASK:0.655 MID:0.6545 P1:0.6545 P2:0.6545 P3:0.6545 P4:0.6545 STATE:IDLE
[2026-05-16 10:10:06Z] CHK MOM:-0.15% RANGE:0.15% UP:0% SPREAD:0.15290519% BID:0.654 ASK:0.655 MID:0.6545 P1:0.6545 P2:0.6545 P3:0.6545 P4:0.6545 STATE:IDLE
[2026-05-16 10:10:07Z] CHK MOM:-0.15% RANGE:0.15% UP:0% SPREAD:0.15290519% BID:0.654 ASK:0.655 MID:0.6545 P1:0.6545 P2:0.6545 P3:0.6545 P4:0.6545 STATE:IDLE
[2026-05-16 10:10:07Z] CHK MOM:-0.15% RANGE:0.15% UP:0% SPREAD:0.15290519% BID:0.654 ASK:0.655 MID:0.6545 P1:0.6545 P2:0.6545 P3:0.6545 P4:0.6545 STATE:IDLE
[2026-05-16 10:10:08Z] CHK MOM:-0.15% RANGE:0.15% UP:0% SPREAD:0.15290519% BID:0.654 ASK:0.655 MID:0.6545 P1:0.6545 P2:0.6545 P3:0.6545 P4:0.6545 STATE:IDLE
[2026-05-16 10:10:09Z] CHK MOM:-0.15% RANGE:0.15% UP:0% SPREAD:0.15290519% BID:0.654 ASK:0.655 MID:0.6545 P1:0.6545 P2:0.6545 P3:0.6545 P4:0.6545 STATE:IDLE
[2026-05-16 10:10:09Z] CHK MOM:-0.15% RANGE:0.15% UP:0% SPREAD:0.15290519% BID:0.654 ASK:0.655 MID:0.6545 P1:0.6545 P2:0.6545 P3:0.6545 P4:0.6545 STATE:IDLE
[2026-05-16 10:10:10Z] CHK MOM:-0.15% RANGE:0.15% UP:0% SPREAD:0.15290519% BID:0.654 ASK:0.655 MID:0.6545 P1:0.6545 P2:0.6545 P3:0.6545 P4:0.6545 STATE:IDLE
[2026-05-16 10:10:10Z] CHK MOM:-0.15% RANGE:0.15% UP:0% SPREAD:0.15290519% BID:0.654 ASK:0.655 MID:0.6545 P1:0.6545 P2:0.6545 P3:0.6545 P4:0.6545 STATE:IDLE
[2026-05-16 10:10:11Z] CHK MOM:-0.15% RANGE:0.15% UP:0% SPREAD:0.15290519% BID:0.654 ASK:0.655 MID:0.6545 P1:0.6545 P2:0.6545 P3:0.6545 P4:0.6545 STATE:IDLE
[2026-05-16 10:10:11Z] CHK MOM:-0.15% RANGE:0.15% UP:0% SPREAD:0.15290519% BID:0.654 ASK:0.655 MID:0.6545 P1:0.6545 P2:0.6545 P3:0.6545 P4:0.6545 STATE:IDLE
[2026-05-16 10:10:12Z] CHK MOM:-0.15% RANGE:0.15% UP:0% SPREAD:0.15290519% BID:0.654 ASK:0.655 MID:0.6545 P1:0.6545 P2:0.6545 P3:0.6545 P4:0.6545 STATE:IDLE
[2026-05-16 10:10:12Z] CHK MOM:-0.15% RANGE:0.15% UP:0% SPREAD:0.15290519% BID:0.654 ASK:0.655 MID:0.6545 P1:0.6545 P2:0.6545 P3:0.6545 P4:0.6545 STATE:IDLE
[2026-05-16 10:10:13Z] CHK MOM:0% RANGE:0% UP:0% SPREAD:0.15290519% BID:0.654 ASK:0.655 MID:0.6545 P1:0.6545 P2:0.6545 P3:0.6545 P4:0.6545 STATE:IDLE
[2026-05-16 10:10:13Z] CHK MOM:0% RANGE:0% UP:0% SPREAD:0.15290519% BID:0.654 ASK:0.655 MID:0.6545 P1:0.6545 P2:0.6545 P3:0.6545 P4:0.6545 STATE:IDLE
[2026-05-16 10:10:14Z] CHK MOM:0% RANGE:0% UP:0% SPREAD:0.15290519% BID:0.654 ASK:0.655 MID:0.6545 P1:0.6545 P2:0.6545 P3:0.6545 P4:0.6545 STATE:IDLE
[2026-05-16 10:10:15Z] CHK MOM:0% RANGE:0% UP:0% SPREAD:0.15290519% BID:0.654 ASK:0.655 MID:0.6545 P1:0.6545 P2:0.6545 P3:0.6545 P4:0.6545 STATE:IDLE
[2026-05-16 10:10:15Z] CHK MOM:0% RANGE:0% UP:0% SPREAD:0.15290519% BID:0.654 ASK:0.655 MID:0.6545 P1:0.6545 P2:0.6545 P3:0.6545 P4:0.6545 STATE:IDLE
[2026-05-16 10:10:16Z] CHK MOM:0% RANGE:0% UP:0% SPREAD:0.15290519% BID:0.654 ASK:0.655 MID:0.6545 P1:0.6545 P2:0.6545 P3:0.6545 P4:0.6545 STATE:IDLE
[2026-05-16 10:10:16Z] CHK MOM:0% RANGE:0% UP:0% SPREAD:0.15290519% BID:0.654 ASK:0.655 MID:0.6545 P1:0.6545 P2:0.6545 P3:0.6545 P4:0.6545 STATE:IDLE
[2026-05-16 10:10:17Z] CHK MOM:0% RANGE:0% UP:0% SPREAD:0.15290519% BID:0.654 ASK:0.655 MID:0.6545 P1:0.6545 P2:0.6545 P3:0.6545 P4:0.6545 STATE:IDLE
[2026-05-16 10:10:18Z] CHK MOM:0% RANGE:0% UP:0% SPREAD:0.15290519% BID:0.654 ASK:0.655 MID:0.6545 P1:0.6545 P2:0.6545 P3:0.6545 P4:0.6545 STATE:IDLE
[2026-05-16 10:10:19Z] CHK MOM:0% RANGE:0% UP:0% SPREAD:0.15290519% BID:0.654 ASK:0.655 MID:0.6545 P1:0.6545 P2:0.6545 P3:0.6545 P4:0.6545 STATE:IDLE
[2026-05-16 10:10:20Z] CHK MOM:0% RANGE:0% UP:0% SPREAD:0.15290519% BID:0.654 ASK:0.655 MID:0.6545 P1:0.6545 P2:0.6545 P3:0.6545 P4:0.6545 STATE:IDLE
[2026-05-16 10:10:20Z] CHK MOM:0% RANGE:0% UP:0% SPREAD:0.15290519% BID:0.654 ASK:0.655 MID:0.6545 P1:0.6545 P2:0.6545 P3:0.6545 P4:0.6545 STATE:IDLE
[2026-05-16 10:10:21Z] CHK MOM:0% RANGE:0% UP:0% SPREAD:0.15290519% BID:0.654 ASK:0.655 MID:0.6545 P1:0.6545 P2:0.6545 P3:0.6545 P4:0.6545 STATE:IDLE
[2026-05-16 10:10:21Z] CHK MOM:0% RANGE:0% UP:0% SPREAD:0.15290519% BID:0.654 ASK:0.655 MID:0.6545 P1:0.6545 P2:0.6545 P3:0.6545 P4:0.6545 STATE:IDLE
[2026-05-16 10:10:22Z] CHK MOM:0% RANGE:0% UP:0% SPREAD:0.15290519% BID:0.654 ASK:0.655 MID:0.6545 P1:0.6545 P2:0.6545 P3:0.6545 P4:0.6545 STATE:IDLE
[2026-05-16 10:10:22Z] CHK MOM:0% RANGE:0% UP:0% SPREAD:0.15290519% BID:0.654 ASK:0.655 MID:0.6545 P1:0.6545 P2:0.6545 P3:0.6545 P4:0.6545 STATE:IDLE
[2026-05-16 10:10:23Z] CHK MOM:0% RANGE:0% UP:0% SPREAD:0.15290519% BID:0.654 ASK:0.655 MID:0.6545 P1:0.6545 P2:0.6545 P3:0.6545 P4:0.6545 STATE:IDLE
[2026-05-16 10:10:23Z] CHK MOM:0% RANGE:0% UP:0% SPREAD:0.15290519% BID:0.654 ASK:0.655 MID:0.6545 P1:0.6545 P2:0.6545 P3:0.6545 P4:0.6545 STATE:IDLE
[2026-05-16 10:10:24Z] CHK MOM:0% RANGE:0% UP:0% SPREAD:0.15290519% BID:0.654 ASK:0.655 MID:0.6545 P1:0.6545 P2:0.6545 P3:0.6545 P4:0.6545 STATE:IDLE
[2026-05-16 10:10:25Z] CHK MOM:0% RANGE:0% UP:0% SPREAD:0.15290519% BID:0.654 ASK:0.655 MID:0.6545 P1:0.6545 P2:0.6545 P3:0.6545 P4:0.6545 STATE:IDLE
[2026-05-16 10:10:25Z] CHK MOM:0% RANGE:0% UP:0% SPREAD:0.15290519% BID:0.654 ASK:0.655 MID:0.6545 P1:0.6545 P2:0.6545 P3:0.6545 P4:0.6545 STATE:IDLE
[2026-05-16 10:10:26Z] CHK MOM:0% RANGE:0% UP:0% SPREAD:0.15290519% BID:0.654 ASK:0.655 MID:0.6545 P1:0.6545 P2:0.6545 P3:0.6545 P4:0.6545 STATE:IDLE
[2026-05-16 10:10:26Z] CHK MOM:0% RANGE:0% UP:0% SPREAD:0.15290519% BID:0.654 ASK:0.655 MID:0.6545 P1:0.6545 P2:0.6545 P3:0.6545 P4:0.6545 STATE:IDLE
[2026-05-16 10:10:27Z] CHK MOM:0% RANGE:0% UP:0% SPREAD:0.15290519% BID:0.654 ASK:0.655 MID:0.6545 P1:0.6545 P2:0.6545 P3:0.6545 P4:0.6545 STATE:IDLE
[2026-05-16 10:10:27Z] CHK MOM:0% RANGE:0% UP:0% SPREAD:0.15290519% BID:0.654 ASK:0.655 MID:0.6545 P1:0.6545 P2:0.6545 P3:0.6545 P4:0.6545 STATE:IDLE
[2026-05-16 10:10:28Z] CHK MOM:0% RANGE:0% UP:0% SPREAD:0.15290519% BID:0.654 ASK:0.655 MID:0.6545 P1:0.6545 P2:0.6545 P3:0.6545 P4:0.6545 STATE:IDLE
[2026-05-16 10:10:28Z] CHK MOM:0% RANGE:0% UP:0% SPREAD:0.15290519% BID:0.654 ASK:0.655 MID:0.6545 P1:0.6545 P2:0.6545 P3:0.6545 P4:0.6545 STATE:IDLE
[2026-05-16 10:10:29Z] CHK MOM:0% RANGE:0% UP:0% SPREAD:0.15290519% BID:0.654 ASK:0.655 MID:0.6545 P1:0.6545 P2:0.6545 P3:0.6545 P4:0.6545 STATE:IDLE
[2026-05-16 10:10:29Z] CHK MOM:0% RANGE:0% UP:0% SPREAD:0.15290519% BID:0.654 ASK:0.655 MID:0.6545 P1:0.6545 P2:0.6545 P3:0.6545 P4:0.6545 STATE:IDLE
[2026-05-16 10:10:30Z] CHK MOM:0% RANGE:0% UP:0% SPREAD:0.15290519% BID:0.654 ASK:0.655 MID:0.6545 P1:0.6545 P2:0.6545 P3:0.6545 P4:0.6545 STATE:IDLE
[2026-05-16 10:10:31Z] CHK MOM:0% RANGE:0% UP:0% SPREAD:0.15290519% BID:0.654 ASK:0.655 MID:0.6545 P1:0.6545 P2:0.6545 P3:0.6545 P4:0.6545 STATE:IDLE
[2026-05-16 10:10:31Z] CHK MOM:0% RANGE:0% UP:0% SPREAD:0.15290519% BID:0.654 ASK:0.655 MID:0.6545 P1:0.6545 P2:0.6545 P3:0.6545 P4:0.6545 STATE:IDLE
[2026-05-16 10:10:32Z] CHK MOM:0% RANGE:0% UP:0% SPREAD:0.15290519% BID:0.654 ASK:0.655 MID:0.6545 P1:0.6545 P2:0.6545 P3:0.6545 P4:0.6545 STATE:IDLE
[2026-05-16 10:10:33Z] CHK MOM:0.15% RANGE:0.15% UP:16.66% SPREAD:0.15267175% BID:0.655 ASK:0.656 MID:0.6555 P1:0.6555 P2:0.6545 P3:0.6545 P4:0.6545 STATE:IDLE
[2026-05-16 10:10:34Z] CHK MOM:0.15% RANGE:0.15% UP:14.28% SPREAD:0.15267175% BID:0.655 ASK:0.656 MID:0.6555 P1:0.6555 P2:0.6555 P3:0.6545 P4:0.6545 STATE:IDLE
[2026-05-16 10:10:34Z] CHK MOM:0.15% RANGE:0.15% UP:14.28% SPREAD:0.15267175% BID:0.655 ASK:0.656 MID:0.6555 P1:0.6555 P2:0.6555 P3:0.6545 P4:0.6545 STATE:IDLE
[2026-05-16 10:10:35Z] CHK MOM:0.15% RANGE:0.15% UP:12.5% SPREAD:0.15267175% BID:0.655 ASK:0.656 MID:0.6555 P1:0.6555 P2:0.6555 P3:0.6555 P4:0.6545 STATE:IDLE
[2026-05-16 10:10:36Z] CHK MOM:0.07% RANGE:0.15% UP:11.11% SPREAD:0.30581039% BID:0.654 ASK:0.656 MID:0.655 P1:0.655 P2:0.6555 P3:0.6555 P4:0.6555 STATE:IDLE
[2026-05-16 10:10:36Z] CHK MOM:0.07% RANGE:0.15% UP:11.11% SPREAD:0.30581039% BID:0.654 ASK:0.656 MID:0.655 P1:0.655 P2:0.6555 P3:0.6555 P4:0.6555 STATE:IDLE
[2026-05-16 10:10:37Z] CHK MOM:0.07% RANGE:0.15% UP:11.11% SPREAD:0.30581039% BID:0.654 ASK:0.656 MID:0.655 P1:0.655 P2:0.6555 P3:0.6555 P4:0.6555 STATE:IDLE
[2026-05-16 10:10:37Z] CHK MOM:0.07% RANGE:0.15% UP:11.11% SPREAD:0.30581039% BID:0.654 ASK:0.656 MID:0.655 P1:0.655 P2:0.6555 P3:0.6555 P4:0.6555 STATE:IDLE
[2026-05-16 10:10:38Z] CHK MOM:0.07% RANGE:0.15% UP:11.11% SPREAD:0.30581039% BID:0.654 ASK:0.656 MID:0.655 P1:0.655 P2:0.655 P3:0.6555 P4:0.6555 STATE:IDLE
[2026-05-16 10:10:38Z] CHK MOM:0.07% RANGE:0.15% UP:11.11% SPREAD:0.30581039% BID:0.654 ASK:0.656 MID:0.655 P1:0.655 P2:0.655 P3:0.6555 P4:0.6555 STATE:IDLE
[2026-05-16 10:10:39Z] CHK MOM:0.07% RANGE:0.15% UP:11.11% SPREAD:0.30581039% BID:0.654 ASK:0.656 MID:0.655 P1:0.655 P2:0.655 P3:0.6555 P4:0.6555 STATE:IDLE
[2026-05-16 10:10:39Z] CHK MOM:0.07% RANGE:0.15% UP:11.11% SPREAD:0.30581039% BID:0.654 ASK:0.656 MID:0.655 P1:0.655 P2:0.655 P3:0.6555 P4:0.6555 STATE:IDLE
[2026-05-16 10:10:40Z] CHK MOM:0.07% RANGE:0.15% UP:11.11% SPREAD:0.30581039% BID:0.654 ASK:0.656 MID:0.655 P1:0.655 P2:0.655 P3:0.6555 P4:0.6555 STATE:IDLE
[2026-05-16 10:10:41Z] CHK MOM:0.07% RANGE:0.15% UP:12.5% SPREAD:0.30581039% BID:0.654 ASK:0.656 MID:0.655 P1:0.655 P2:0.655 P3:0.655 P4:0.6555 STATE:IDLE
[2026-05-16 10:10:41Z] CHK MOM:0.07% RANGE:0.15% UP:14.28% SPREAD:0.30581039% BID:0.654 ASK:0.656 MID:0.655 P1:0.655 P2:0.655 P3:0.655 P4:0.655 STATE:IDLE
[2026-05-16 10:10:42Z] CHK MOM:0.07% RANGE:0.15% UP:14.28% SPREAD:0.30581039% BID:0.654 ASK:0.656 MID:0.655 P1:0.655 P2:0.655 P3:0.655 P4:0.655 STATE:IDLE
[2026-05-16 10:10:42Z] CHK MOM:-0.07% RANGE:0.07% UP:0% SPREAD:0.30581039% BID:0.654 ASK:0.656 MID:0.655 P1:0.655 P2:0.655 P3:0.655 P4:0.655 STATE:IDLE
[2026-05-16 10:10:43Z] CHK MOM:0% RANGE:0.07% UP:12.5% SPREAD:0.15267175% BID:0.655 ASK:0.656 MID:0.6555 P1:0.6555 P2:0.655 P3:0.655 P4:0.655 STATE:IDLE
[2026-05-16 10:10:43Z] CHK MOM:0% RANGE:0.07% UP:12.5% SPREAD:0.15267175% BID:0.655 ASK:0.656 MID:0.6555 P1:0.6555 P2:0.655 P3:0.655 P4:0.655 STATE:IDLE
[2026-05-16 10:10:44Z] CHK MOM:0% RANGE:0.07% UP:12.5% SPREAD:0.15267175% BID:0.655 ASK:0.656 MID:0.6555 P1:0.6555 P2:0.655 P3:0.655 P4:0.655 STATE:IDLE
[2026-05-16 10:10:44Z] CHK MOM:0% RANGE:0.07% UP:12.5% SPREAD:0.15267175% BID:0.655 ASK:0.656 MID:0.6555 P1:0.6555 P2:0.655 P3:0.655 P4:0.655 STATE:IDLE
[2026-05-16 10:10:45Z] CHK MOM:0% RANGE:0.07% UP:12.5% SPREAD:0.15267175% BID:0.655 ASK:0.656 MID:0.6555 P1:0.6555 P2:0.655 P3:0.655 P4:0.655 STATE:IDLE
[2026-05-16 10:10:45Z] CHK MOM:0% RANGE:0.07% UP:12.5% SPREAD:0.15267175% BID:0.655 ASK:0.656 MID:0.6555 P1:0.6555 P2:0.6555 P3:0.655 P4:0.655 STATE:IDLE
[2026-05-16 10:10:46Z] CHK MOM:0% RANGE:0.07% UP:11.11% SPREAD:0.15267175% BID:0.655 ASK:0.656 MID:0.6555 P1:0.6555 P2:0.6555 P3:0.6555 P4:0.655 STATE:IDLE
[2026-05-16 10:10:47Z] CHK MOM:0% RANGE:0.07% UP:11.11% SPREAD:0.15267175% BID:0.655 ASK:0.656 MID:0.6555 P1:0.6555 P2:0.6555 P3:0.6555 P4:0.655 STATE:IDLE
[2026-05-16 10:10:47Z] CHK MOM:0.07% RANGE:0.07% UP:12.5% SPREAD:0.15267175% BID:0.655 ASK:0.656 MID:0.6555 P1:0.6555 P2:0.6555 P3:0.6555 P4:0.6555 STATE:IDLE
[2026-05-16 10:10:48Z] CHK MOM:0.07% RANGE:0.07% UP:12.5% SPREAD:0.15267175% BID:0.655 ASK:0.656 MID:0.6555 P1:0.6555 P2:0.6555 P3:0.6555 P4:0.6555 STATE:IDLE
[2026-05-16 10:10:48Z] CHK MOM:0.07% RANGE:0.07% UP:12.5% SPREAD:0.15267175% BID:0.655 ASK:0.656 MID:0.6555 P1:0.6555 P2:0.6555 P3:0.6555 P4:0.6555 STATE:IDLE
[2026-05-16 10:10:49Z] CHK MOM:0.07% RANGE:0.07% UP:12.5% SPREAD:0.15267175% BID:0.655 ASK:0.656 MID:0.6555 P1:0.6555 P2:0.6555 P3:0.6555 P4:0.6555 STATE:IDLE
[2026-05-16 10:10:49Z] CHK MOM:0.07% RANGE:0.07% UP:12.5% SPREAD:0.15267175% BID:0.655 ASK:0.656 MID:0.6555 P1:0.6555 P2:0.6555 P3:0.6555 P4:0.6555 STATE:IDLE
[2026-05-16 10:10:50Z] CHK MOM:0.07% RANGE:0.07% UP:14.28% SPREAD:0.15267175% BID:0.655 ASK:0.656 MID:0.6555 P1:0.6555 P2:0.6555 P3:0.6555 P4:0.6555 STATE:IDLE
[2026-05-16 10:10:50Z] CHK MOM:0.07% RANGE:0.07% UP:14.28% SPREAD:0.15267175% BID:0.655 ASK:0.656 MID:0.6555 P1:0.6555 P2:0.6555 P3:0.6555 P4:0.6555 STATE:IDLE
[2026-05-16 10:10:51Z] CHK MOM:0.07% RANGE:0.07% UP:14.28% SPREAD:0.15267175% BID:0.655 ASK:0.656 MID:0.6555 P1:0.6555 P2:0.6555 P3:0.6555 P4:0.6555 STATE:IDLE
[2026-05-16 10:10:52Z] CHK MOM:0.07% RANGE:0.07% UP:14.28% SPREAD:0.15267175% BID:0.655 ASK:0.656 MID:0.6555 P1:0.6555 P2:0.6555 P3:0.6555 P4:0.6555 STATE:IDLE
[2026-05-16 10:10:52Z] CHK MOM:0.07% RANGE:0.07% UP:12.5% SPREAD:0.15267175% BID:0.655 ASK:0.656 MID:0.6555 P1:0.6555 P2:0.6555 P3:0.6555 P4:0.6555 STATE:IDLE
[2026-05-16 10:10:53Z] CHK MOM:0.07% RANGE:0.07% UP:12.5% SPREAD:0.15267175% BID:0.655 ASK:0.656 MID:0.6555 P1:0.6555 P2:0.6555 P3:0.6555 P4:0.6555 STATE:IDLE
[2026-05-16 10:10:53Z] CHK MOM:0.07% RANGE:0.07% UP:12.5% SPREAD:0.15267175% BID:0.655 ASK:0.656 MID:0.6555 P1:0.6555 P2:0.6555 P3:0.6555 P4:0.6555 STATE:IDLE
[2026-05-16 10:10:54Z] CHK MOM:0.07% RANGE:0.07% UP:12.5% SPREAD:0.15267175% BID:0.655 ASK:0.656 MID:0.6555 P1:0.6555 P2:0.6555 P3:0.6555 P4:0.6555 STATE:IDLE
[2026-05-16 10:10:54Z] CHK MOM:0.07% RANGE:0.07% UP:12.5% SPREAD:0.15267175% BID:0.655 ASK:0.656 MID:0.6555 P1:0.6555 P2:0.6555 P3:0.6555 P4:0.6555 STATE:IDLE
[2026-05-16 10:10:55Z] CHK MOM:0.07% RANGE:0.07% UP:12.5% SPREAD:0.15267175% BID:0.655 ASK:0.656 MID:0.6555 P1:0.6555 P2:0.6555 P3:0.6555 P4:0.6555 STATE:IDLE
[2026-05-16 10:10:55Z] CHK MOM:0.07% RANGE:0.07% UP:12.5% SPREAD:0.15267175% BID:0.655 ASK:0.656 MID:0.6555 P1:0.6555 P2:0.6555 P3:0.6555 P4:0.6555 STATE:IDLE
[2026-05-16 10:10:56Z] CHK MOM:0% RANGE:0% UP:0% SPREAD:0.15267175% BID:0.655 ASK:0.656 MID:0.6555 P1:0.6555 P2:0.6555 P3:0.6555 P4:0.6555 STATE:IDLE
[2026-05-16 10:10:56Z] CHK MOM:0% RANGE:0% UP:0% SPREAD:0.15267175% BID:0.655 ASK:0.656 MID:0.6555 P1:0.6555 P2:0.6555 P3:0.6555 P4:0.6555 STATE:IDLE
[2026-05-16 10:10:57Z] CHK MOM:0% RANGE:0% UP:0% SPREAD:0.15267175% BID:0.655 ASK:0.656 MID:0.6555 P1:0.6555 P2:0.6555 P3:0.6555 P4:0.6555 STATE:IDLE
[2026-05-16 10:10:58Z] CHK MOM:0% RANGE:0% UP:0% SPREAD:0.15267175% BID:0.655 ASK:0.656 MID:0.6555 P1:0.6555 P2:0.6555 P3:0.6555 P4:0.6555 STATE:IDLE
[2026-05-16 10:10:58Z] CHK MOM:0% RANGE:0% UP:0% SPREAD:0.15267175% BID:0.655 ASK:0.656 MID:0.6555 P1:0.6555 P2:0.6555 P3:0.6555 P4:0.6555 STATE:IDLE
[2026-05-16 10:10:59Z] CHK MOM:0% RANGE:0% UP:0% SPREAD:0.15267175% BID:0.655 ASK:0.656 MID:0.6555 P1:0.6555 P2:0.6555 P3:0.6555 P4:0.6555 STATE:IDLE
[2026-05-16 10:10:59Z] CHK MOM:0% RANGE:0% UP:0% SPREAD:0.15267175% BID:0.655 ASK:0.656 MID:0.6555 P1:0.6555 P2:0.6555 P3:0.6555 P4:0.6555 STATE:IDLE
[2026-05-16 10:11:00Z] CHK MOM:0% RANGE:0% UP:0% SPREAD:0.15267175% BID:0.655 ASK:0.656 MID:0.6555 P1:0.6555 P2:0.6555 P3:0.6555 P4:0.6555 STATE:IDLE
[2026-05-16 10:11:03Z] CHK MOM:0% RANGE:0% UP:0% SPREAD:0.15267175% BID:0.655 ASK:0.656 MID:0.6555 P1:0.6555 P2:0.6555 P3:0.6555 P4:0.6555 STATE:IDLE
[2026-05-16 10:11:03Z] CHK MOM:0% RANGE:0% UP:0% SPREAD:0.15267175% BID:0.655 ASK:0.656 MID:0.6555 P1:0.6555 P2:0.6555 P3:0.6555 P4:0.6555 STATE:IDLE
[2026-05-16 10:11:04Z] CHK MOM:0% RANGE:0% UP:0% SPREAD:0.15267175% BID:0.655 ASK:0.656 MID:0.6555 P1:0.6555 P2:0.6555 P3:0.6555 P4:0.6555 STATE:IDLE
[2026-05-16 10:11:04Z] CHK MOM:0% RANGE:0% UP:0% SPREAD:0.15267175% BID:0.655 ASK:0.656 MID:0.6555 P1:0.6555 P2:0.6555 P3:0.6555 P4:0.6555 STATE:IDLE
[2026-05-16 10:11:05Z] CHK MOM:0% RANGE:0% UP:0% SPREAD:0.15267175% BID:0.655 ASK:0.656 MID:0.6555 P1:0.6555 P2:0.6555 P3:0.6555 P4:0.6555 STATE:IDLE
[2026-05-16 10:11:06Z] CHK MOM:0% RANGE:0% UP:0% SPREAD:0.15267175% BID:0.655 ASK:0.656 MID:0.6555 P1:0.6555 P2:0.6555 P3:0.6555 P4:0.6555 STATE:IDLE
[2026-05-16 10:11:07Z] CHK MOM:0% RANGE:0% UP:0% SPREAD:0.15267175% BID:0.655 ASK:0.656 MID:0.6555 P1:0.6555 P2:0.6555 P3:0.6555 P4:0.6555 STATE:IDLE
[2026-05-16 10:11:07Z] CHK MOM:0% RANGE:0% UP:0% SPREAD:0.15267175% BID:0.655 ASK:0.656 MID:0.6555 P1:0.6555 P2:0.6555 P3:0.6555 P4:0.6555 STATE:IDLE
[2026-05-16 10:11:08Z] CHK MOM:0% RANGE:0% UP:0% SPREAD:0.15267175% BID:0.655 ASK:0.656 MID:0.6555 P1:0.6555 P2:0.6555 P3:0.6555 P4:0.6555 STATE:IDLE
[2026-05-16 10:11:09Z] CHK MOM:0% RANGE:0% UP:0% SPREAD:0.15267175% BID:0.655 ASK:0.656 MID:0.6555 P1:0.6555 P2:0.6555 P3:0.6555 P4:0.6555 STATE:IDLE
[2026-05-16 10:11:10Z] CHK MOM:0% RANGE:0% UP:0% SPREAD:0.15267175% BID:0.655 ASK:0.656 MID:0.6555 P1:0.6555 P2:0.6555 P3:0.6555 P4:0.6555 STATE:IDLE
[2026-05-16 10:11:10Z] CHK MOM:0% RANGE:0% UP:0% SPREAD:0.15267175% BID:0.655 ASK:0.656 MID:0.6555 P1:0.6555 P2:0.6555 P3:0.6555 P4:0.6555 STATE:IDLE
[2026-05-16 10:11:11Z] CHK MOM:0% RANGE:0% UP:0% SPREAD:0.15267175% BID:0.655 ASK:0.656 MID:0.6555 P1:0.6555 P2:0.6555 P3:0.6555 P4:0.6555 STATE:IDLE
[2026-05-16 10:11:11Z] CHK MOM:0% RANGE:0% UP:0% SPREAD:0.15267175% BID:0.655 ASK:0.656 MID:0.6555 P1:0.6555 P2:0.6555 P3:0.6555 P4:0.6555 STATE:IDLE
[2026-05-16 10:11:12Z] CHK MOM:0% RANGE:0% UP:0% SPREAD:0.15267175% BID:0.655 ASK:0.656 MID:0.6555 P1:0.6555 P2:0.6555 P3:0.6555 P4:0.6555 STATE:IDLE
[2026-05-16 10:11:12Z] CHK MOM:0% RANGE:0% UP:0% SPREAD:0.15267175% BID:0.655 ASK:0.656 MID:0.6555 P1:0.6555 P2:0.6555 P3:0.6555 P4:0.6555 STATE:IDLE
[2026-05-16 10:11:13Z] CHK MOM:0% RANGE:0% UP:0% SPREAD:0.15267175% BID:0.655 ASK:0.656 MID:0.6555 P1:0.6555 P2:0.6555 P3:0.6555 P4:0.6555 STATE:IDLE
[2026-05-16 10:11:14Z] CHK MOM:0% RANGE:0% UP:0% SPREAD:0.15267175% BID:0.655 ASK:0.656 MID:0.6555 P1:0.6555 P2:0.6555 P3:0.6555 P4:0.6555 STATE:IDLE
[2026-05-16 10:11:14Z] CHK MOM:0% RANGE:0% UP:0% SPREAD:0.15267175% BID:0.655 ASK:0.656 MID:0.6555 P1:0.6555 P2:0.6555 P3:0.6555 P4:0.6555 STATE:IDLE
[2026-05-16 10:11:15Z] CHK MOM:0% RANGE:0% UP:0% SPREAD:0.15267175% BID:0.655 ASK:0.656 MID:0.6555 P1:0.6555 P2:0.6555 P3:0.6555 P4:0.6555 STATE:IDLE
[2026-05-16 10:11:15Z] CHK MOM:0% RANGE:0% UP:0% SPREAD:0.15267175% BID:0.655 ASK:0.656 MID:0.6555 P1:0.6555 P2:0.6555 P3:0.6555 P4:0.6555 STATE:IDLE
[2026-05-16 10:11:16Z] CHK MOM:0% RANGE:0% UP:0% SPREAD:0.15267175% BID:0.655 ASK:0.656 MID:0.6555 P1:0.6555 P2:0.6555 P3:0.6555 P4:0.6555 STATE:IDLE
[2026-05-16 10:11:17Z] CHK MOM:0% RANGE:0% UP:0% SPREAD:0.15267175% BID:0.655 ASK:0.656 MID:0.6555 P1:0.6555 P2:0.6555 P3:0.6555 P4:0.6555 STATE:IDLE
[2026-05-16 10:11:17Z] CHK MOM:0% RANGE:0% UP:0% SPREAD:0.15267175% BID:0.655 ASK:0.656 MID:0.6555 P1:0.6555 P2:0.6555 P3:0.6555 P4:0.6555 STATE:IDLE
[2026-05-16 10:11:18Z] CHK MOM:0% RANGE:0% UP:0% SPREAD:0.15267175% BID:0.655 ASK:0.656 MID:0.6555 P1:0.6555 P2:0.6555 P3:0.6555 P4:0.6555 STATE:IDLE
[2026-05-16 10:11:19Z] CHK MOM:0% RANGE:0% UP:0% SPREAD:0.15267175% BID:0.655 ASK:0.656 MID:0.6555 P1:0.6555 P2:0.6555 P3:0.6555 P4:0.6555 STATE:IDLE
[2026-05-16 10:11:19Z] CHK MOM:0% RANGE:0% UP:0% SPREAD:0.15267175% BID:0.655 ASK:0.656 MID:0.6555 P1:0.6555 P2:0.6555 P3:0.6555 P4:0.6555 STATE:IDLE
[2026-05-16 10:11:20Z] CHK MOM:0% RANGE:0% UP:0% SPREAD:0.15267175% BID:0.655 ASK:0.656 MID:0.6555 P1:0.6555 P2:0.6555 P3:0.6555 P4:0.6555 STATE:IDLE
[2026-05-16 10:11:20Z] CHK MOM:0% RANGE:0% UP:0% SPREAD:0.15267175% BID:0.655 ASK:0.656 MID:0.6555 P1:0.6555 P2:0.6555 P3:0.6555 P4:0.6555 STATE:IDLE
[2026-05-16 10:11:21Z] CHK MOM:0% RANGE:0% UP:0% SPREAD:0.15267175% BID:0.655 ASK:0.656 MID:0.6555 P1:0.6555 P2:0.6555 P3:0.6555 P4:0.6555 STATE:IDLE
[2026-05-16 10:11:21Z] CHK MOM:0% RANGE:0% UP:0% SPREAD:0.15267175% BID:0.655 ASK:0.656 MID:0.6555 P1:0.6555 P2:0.6555 P3:0.6555 P4:0.6555 STATE:IDLE
[2026-05-16 10:11:22Z] CHK MOM:0% RANGE:0% UP:0% SPREAD:0.15267175% BID:0.655 ASK:0.656 MID:0.6555 P1:0.6555 P2:0.6555 P3:0.6555 P4:0.6555 STATE:IDLE
[2026-05-16 10:11:22Z] CHK MOM:0% RANGE:0% UP:0% SPREAD:0.15267175% BID:0.655 ASK:0.656 MID:0.6555 P1:0.6555 P2:0.6555 P3:0.6555 P4:0.6555 STATE:IDLE
[2026-05-16 10:11:23Z] CHK MOM:0% RANGE:0% UP:0% SPREAD:0.15267175% BID:0.655 ASK:0.656 MID:0.6555 P1:0.6555 P2:0.6555 P3:0.6555 P4:0.6555 STATE:IDLE
[2026-05-16 10:11:23Z] CHK MOM:0% RANGE:0% UP:0% SPREAD:0.15267175% BID:0.655 ASK:0.656 MID:0.6555 P1:0.6555 P2:0.6555 P3:0.6555 P4:0.6555 STATE:IDLE
[2026-05-16 10:11:24Z] CHK MOM:0% RANGE:0% UP:0% SPREAD:0.15267175% BID:0.655 ASK:0.656 MID:0.6555 P1:0.6555 P2:0.6555 P3:0.6555 P4:0.6555 STATE:IDLE
[2026-05-16 10:11:25Z] CHK MOM:0% RANGE:0% UP:0% SPREAD:0.15267175% BID:0.655 ASK:0.656 MID:0.6555 P1:0.6555 P2:0.6555 P3:0.6555 P4:0.6555 STATE:IDLE
[2026-05-16 10:11:25Z] CHK MOM:0% RANGE:0% UP:0% SPREAD:0.15267175% BID:0.655 ASK:0.656 MID:0.6555 P1:0.6555 P2:0.6555 P3:0.6555 P4:0.6555 STATE:IDLE
[2026-05-16 10:11:26Z] CHK MOM:0% RANGE:0% UP:0% SPREAD:0.15267175% BID:0.655 ASK:0.656 MID:0.6555 P1:0.6555 P2:0.6555 P3:0.6555 P4:0.6555 STATE:IDLE
[2026-05-16 10:11:26Z] TOKEN_SWITCH old=ASTERUSDC new=BCHUSDC source=.service.env
[2026-05-16 10:52:14Z] SESSION_START symbol=ASTERUSDC dry_run=0 profile=major strategy=momentum base_url=https://api.binance.com
[2026-05-16 10:52:14Z] TOXIC_MEMORY_LOADED count=1 symbols=ORDIUSDC
[2026-05-16 10:52:16Z] CHK MOM:0% RANGE:0% UP:0% SPREAD:0.15151515% BID:0.66 ASK:0.661 MID:0.6605 P1:0.6605 P2:NA P3:NA P4:NA STATE:IDLE
[2026-05-16 10:52:17Z] CHK MOM:0% RANGE:0% UP:0% SPREAD:0.15151515% BID:0.66 ASK:0.661 MID:0.6605 P1:0.6605 P2:0.6605 P3:NA P4:NA STATE:IDLE
[2026-05-16 10:52:17Z] CHK MOM:0% RANGE:0% UP:0% SPREAD:0.15151515% BID:0.66 ASK:0.661 MID:0.6605 P1:0.6605 P2:0.6605 P3:NA P4:NA STATE:IDLE
[2026-05-16 10:52:18Z] CHK MOM:0% RANGE:0% UP:0% SPREAD:0.15151515% BID:0.66 ASK:0.661 MID:0.6605 P1:0.6605 P2:0.6605 P3:NA P4:NA STATE:IDLE
[2026-05-16 10:52:18Z] CHK MOM:0% RANGE:0% UP:0% SPREAD:0.15151515% BID:0.66 ASK:0.661 MID:0.6605 P1:0.6605 P2:0.6605 P3:NA P4:NA STATE:IDLE
[2026-05-16 10:52:19Z] CHK MOM:0% RANGE:0% UP:0% SPREAD:0.15151515% BID:0.66 ASK:0.661 MID:0.6605 P1:0.6605 P2:0.6605 P3:NA P4:NA STATE:IDLE
[2026-05-16 10:52:21Z] CHK MOM:0% RANGE:0% UP:0% SPREAD:0.15151515% BID:0.66 ASK:0.661 MID:0.6605 P1:0.6605 P2:0.6605 P3:0.6605 P4:NA STATE:IDLE
[2026-05-16 10:52:22Z] CHK MOM:0% RANGE:0% UP:0% SPREAD:0.15151515% BID:0.66 ASK:0.661 MID:0.6605 P1:0.6605 P2:0.6605 P3:0.6605 P4:0.6605 STATE:IDLE
[2026-05-16 10:52:23Z] CHK MOM:0% RANGE:0% UP:0% SPREAD:0.15151515% BID:0.66 ASK:0.661 MID:0.6605 P1:0.6605 P2:0.6605 P3:0.6605 P4:0.6605 STATE:IDLE
[2026-05-16 10:52:23Z] CHK MOM:0% RANGE:0% UP:0% SPREAD:0.15151515% BID:0.66 ASK:0.661 MID:0.6605 P1:0.6605 P2:0.6605 P3:0.6605 P4:0.6605 STATE:IDLE
[2026-05-16 10:52:24Z] CHK MOM:0% RANGE:0% UP:0% SPREAD:0.15151515% BID:0.66 ASK:0.661 MID:0.6605 P1:0.6605 P2:0.6605 P3:0.6605 P4:0.6605 STATE:IDLE
[2026-05-16 10:52:24Z] CHK MOM:0% RANGE:0% UP:0% SPREAD:0.15151515% BID:0.66 ASK:0.661 MID:0.6605 P1:0.6605 P2:0.6605 P3:0.6605 P4:0.6605 STATE:IDLE
[2026-05-16 10:52:25Z] CHK MOM:0% RANGE:0% UP:0% SPREAD:0.15151515% BID:0.66 ASK:0.661 MID:0.6605 P1:0.6605 P2:0.6605 P3:0.6605 P4:0.6605 STATE:IDLE
[2026-05-16 10:52:26Z] CHK MOM:0% RANGE:0% UP:0% SPREAD:0.15151515% BID:0.66 ASK:0.661 MID:0.6605 P1:0.6605 P2:0.6605 P3:0.6605 P4:0.6605 STATE:IDLE
[2026-05-16 10:52:26Z] CHK MOM:0% RANGE:0% UP:0% SPREAD:0.15151515% BID:0.66 ASK:0.661 MID:0.6605 P1:0.6605 P2:0.6605 P3:0.6605 P4:0.6605 STATE:IDLE
[2026-05-16 10:52:27Z] CHK MOM:0% RANGE:0% UP:0% SPREAD:0.15151515% BID:0.66 ASK:0.661 MID:0.6605 P1:0.6605 P2:0.6605 P3:0.6605 P4:0.6605 STATE:IDLE
[2026-05-16 10:52:28Z] CHK MOM:0% RANGE:0% UP:0% SPREAD:0.15151515% BID:0.66 ASK:0.661 MID:0.6605 P1:0.6605 P2:0.6605 P3:0.6605 P4:0.6605 STATE:IDLE
[2026-05-16 10:52:28Z] CHK MOM:0% RANGE:0% UP:0% SPREAD:0.15151515% BID:0.66 ASK:0.661 MID:0.6605 P1:0.6605 P2:0.6605 P3:0.6605 P4:0.6605 STATE:IDLE
[2026-05-16 10:52:29Z] CHK MOM:0% RANGE:0% UP:0% SPREAD:0.15151515% BID:0.66 ASK:0.661 MID:0.6605 P1:0.6605 P2:0.6605 P3:0.6605 P4:0.6605 STATE:IDLE
[2026-05-16 10:52:29Z] CHK MOM:0% RANGE:0% UP:0% SPREAD:0.15151515% BID:0.66 ASK:0.661 MID:0.6605 P1:0.6605 P2:0.6605 P3:0.6605 P4:0.6605 STATE:IDLE
[2026-05-16 10:52:30Z] CHK MOM:0% RANGE:0% UP:0% SPREAD:0.15151515% BID:0.66 ASK:0.661 MID:0.6605 P1:0.6605 P2:0.6605 P3:0.6605 P4:0.6605 STATE:IDLE
[2026-05-16 10:52:30Z] CHK MOM:0% RANGE:0% UP:0% SPREAD:0.15151515% BID:0.66 ASK:0.661 MID:0.6605 P1:0.6605 P2:0.6605 P3:0.6605 P4:0.6605 STATE:IDLE
[2026-05-16 10:52:31Z] CHK MOM:0% RANGE:0% UP:0% SPREAD:0.15151515% BID:0.66 ASK:0.661 MID:0.6605 P1:0.6605 P2:0.6605 P3:0.6605 P4:0.6605 STATE:IDLE
[2026-05-16 10:52:31Z] CHK MOM:0% RANGE:0% UP:0% SPREAD:0.15151515% BID:0.66 ASK:0.661 MID:0.6605 P1:0.6605 P2:0.6605 P3:0.6605 P4:0.6605 STATE:IDLE
[2026-05-16 10:52:32Z] CHK MOM:0% RANGE:0% UP:0% SPREAD:0.15151515% BID:0.66 ASK:0.661 MID:0.6605 P1:0.6605 P2:0.6605 P3:0.6605 P4:0.6605 STATE:IDLE
[2026-05-16 10:52:33Z] CHK MOM:0% RANGE:0% UP:0% SPREAD:0.15151515% BID:0.66 ASK:0.661 MID:0.6605 P1:0.6605 P2:0.6605 P3:0.6605 P4:0.6605 STATE:IDLE
[2026-05-16 10:52:34Z] CHK MOM:0% RANGE:0% UP:0% SPREAD:0.15151515% BID:0.66 ASK:0.661 MID:0.6605 P1:0.6605 P2:0.6605 P3:0.6605 P4:0.6605 STATE:IDLE
[2026-05-16 10:52:34Z] CHK MOM:0% RANGE:0% UP:0% SPREAD:0.15151515% BID:0.66 ASK:0.661 MID:0.6605 P1:0.6605 P2:0.6605 P3:0.6605 P4:0.6605 STATE:IDLE
[2026-05-16 10:52:35Z] CHK MOM:0% RANGE:0% UP:0% SPREAD:0.15151515% BID:0.66 ASK:0.661 MID:0.6605 P1:0.6605 P2:0.6605 P3:0.6605 P4:0.6605 STATE:IDLE
[2026-05-16 10:52:35Z] CHK MOM:0% RANGE:0% UP:0% SPREAD:0.15151515% BID:0.66 ASK:0.661 MID:0.6605 P1:0.6605 P2:0.6605 P3:0.6605 P4:0.6605 STATE:IDLE
[2026-05-16 10:52:36Z] CHK MOM:0% RANGE:0% UP:0% SPREAD:0.15151515% BID:0.66 ASK:0.661 MID:0.6605 P1:0.6605 P2:0.6605 P3:0.6605 P4:0.6605 STATE:IDLE
[2026-05-16 10:52:36Z] CHK MOM:0% RANGE:0% UP:0% SPREAD:0.15151515% BID:0.66 ASK:0.661 MID:0.6605 P1:0.6605 P2:0.6605 P3:0.6605 P4:0.6605 STATE:IDLE
[2026-05-16 10:52:37Z] CHK MOM:0% RANGE:0% UP:0% SPREAD:0.15151515% BID:0.66 ASK:0.661 MID:0.6605 P1:0.6605 P2:0.6605 P3:0.6605 P4:0.6605 STATE:IDLE
[2026-05-16 10:52:38Z] CHK MOM:0% RANGE:0% UP:0% SPREAD:0.15151515% BID:0.66 ASK:0.661 MID:0.6605 P1:0.6605 P2:0.6605 P3:0.6605 P4:0.6605 STATE:IDLE
[2026-05-16 10:52:39Z] CHK MOM:0% RANGE:0% UP:0% SPREAD:0.15151515% BID:0.66 ASK:0.661 MID:0.6605 P1:0.6605 P2:0.6605 P3:0.6605 P4:0.6605 STATE:IDLE
[2026-05-16 10:52:39Z] CHK MOM:0% RANGE:0% UP:0% SPREAD:0.15151515% BID:0.66 ASK:0.661 MID:0.6605 P1:0.6605 P2:0.6605 P3:0.6605 P4:0.6605 STATE:IDLE
[2026-05-16 10:52:40Z] CHK MOM:0% RANGE:0% UP:0% SPREAD:0.15151515% BID:0.66 ASK:0.661 MID:0.6605 P1:0.6605 P2:0.6605 P3:0.6605 P4:0.6605 STATE:IDLE
[2026-05-16 10:52:40Z] CHK MOM:0% RANGE:0% UP:0% SPREAD:0.15151515% BID:0.66 ASK:0.661 MID:0.6605 P1:0.6605 P2:0.6605 P3:0.6605 P4:0.6605 STATE:IDLE
[2026-05-16 10:52:41Z] CHK MOM:0% RANGE:0% UP:0% SPREAD:0.15151515% BID:0.66 ASK:0.661 MID:0.6605 P1:0.6605 P2:0.6605 P3:0.6605 P4:0.6605 STATE:IDLE
[2026-05-16 10:52:42Z] CHK MOM:0% RANGE:0% UP:0% SPREAD:0.15151515% BID:0.66 ASK:0.661 MID:0.6605 P1:0.6605 P2:0.6605 P3:0.6605 P4:0.6605 STATE:IDLE
[2026-05-16 10:52:42Z] CHK MOM:0% RANGE:0% UP:0% SPREAD:0.15151515% BID:0.66 ASK:0.661 MID:0.6605 P1:0.6605 P2:0.6605 P3:0.6605 P4:0.6605 STATE:IDLE
[2026-05-16 10:52:43Z] CHK MOM:0% RANGE:0% UP:0% SPREAD:0.15151515% BID:0.66 ASK:0.661 MID:0.6605 P1:0.6605 P2:0.6605 P3:0.6605 P4:0.6605 STATE:IDLE
[2026-05-16 10:52:44Z] CHK MOM:0% RANGE:0% UP:0% SPREAD:0.15151515% BID:0.66 ASK:0.661 MID:0.6605 P1:0.6605 P2:0.6605 P3:0.6605 P4:0.6605 STATE:IDLE
[2026-05-16 10:52:44Z] CHK MOM:0% RANGE:0% UP:0% SPREAD:0.15151515% BID:0.66 ASK:0.661 MID:0.6605 P1:0.6605 P2:0.6605 P3:0.6605 P4:0.6605 STATE:IDLE
[2026-05-16 10:52:45Z] CHK MOM:0% RANGE:0% UP:0% SPREAD:0.15151515% BID:0.66 ASK:0.661 MID:0.6605 P1:0.6605 P2:0.6605 P3:0.6605 P4:0.6605 STATE:IDLE
[2026-05-16 10:52:46Z] CHK MOM:0% RANGE:0% UP:0% SPREAD:0.15151515% BID:0.66 ASK:0.661 MID:0.6605 P1:0.6605 P2:0.6605 P3:0.6605 P4:0.6605 STATE:IDLE
[2026-05-16 10:52:47Z] CHK MOM:0% RANGE:0% UP:0% SPREAD:0.15151515% BID:0.66 ASK:0.661 MID:0.6605 P1:0.6605 P2:0.6605 P3:0.6605 P4:0.6605 STATE:IDLE
[2026-05-16 10:52:47Z] CHK MOM:0% RANGE:0% UP:0% SPREAD:0.15151515% BID:0.66 ASK:0.661 MID:0.6605 P1:0.6605 P2:0.6605 P3:0.6605 P4:0.6605 STATE:IDLE
[2026-05-16 10:52:48Z] CHK MOM:0% RANGE:0% UP:0% SPREAD:0.15151515% BID:0.66 ASK:0.661 MID:0.6605 P1:0.6605 P2:0.6605 P3:0.6605 P4:0.6605 STATE:IDLE
[2026-05-16 10:52:48Z] CHK MOM:0% RANGE:0% UP:0% SPREAD:0.15151515% BID:0.66 ASK:0.661 MID:0.6605 P1:0.6605 P2:0.6605 P3:0.6605 P4:0.6605 STATE:IDLE
[2026-05-16 10:52:49Z] CHK MOM:0% RANGE:0% UP:0% SPREAD:0.15151515% BID:0.66 ASK:0.661 MID:0.6605 P1:0.6605 P2:0.6605 P3:0.6605 P4:0.6605 STATE:IDLE
[2026-05-16 10:52:53Z] CHK MOM:0% RANGE:0% UP:0% SPREAD:0.15151515% BID:0.66 ASK:0.661 MID:0.6605 P1:0.6605 P2:0.6605 P3:0.6605 P4:0.6605 STATE:IDLE
[2026-05-16 10:52:53Z] CHK MOM:0% RANGE:0% UP:0% SPREAD:0.15151515% BID:0.66 ASK:0.661 MID:0.6605 P1:0.6605 P2:0.6605 P3:0.6605 P4:0.6605 STATE:IDLE
[2026-05-16 10:52:54Z] CHK MOM:0% RANGE:0% UP:0% SPREAD:0.15151515% BID:0.66 ASK:0.661 MID:0.6605 P1:0.6605 P2:0.6605 P3:0.6605 P4:0.6605 STATE:IDLE
[2026-05-16 10:52:55Z] CHK MOM:0% RANGE:0% UP:0% SPREAD:0.15151515% BID:0.66 ASK:0.661 MID:0.6605 P1:0.6605 P2:0.6605 P3:0.6605 P4:0.6605 STATE:IDLE
[2026-05-16 10:52:55Z] CHK MOM:0% RANGE:0% UP:0% SPREAD:0.15151515% BID:0.66 ASK:0.661 MID:0.6605 P1:0.6605 P2:0.6605 P3:0.6605 P4:0.6605 STATE:IDLE
[2026-05-16 10:52:56Z] CHK MOM:0% RANGE:0% UP:0% SPREAD:0.15151515% BID:0.66 ASK:0.661 MID:0.6605 P1:0.6605 P2:0.6605 P3:0.6605 P4:0.6605 STATE:IDLE
[2026-05-16 10:52:57Z] CHK MOM:0% RANGE:0% UP:0% SPREAD:0.15151515% BID:0.66 ASK:0.661 MID:0.6605 P1:0.6605 P2:0.6605 P3:0.6605 P4:0.6605 STATE:IDLE
[2026-05-16 10:52:57Z] CHK MOM:0% RANGE:0% UP:0% SPREAD:0.15151515% BID:0.66 ASK:0.661 MID:0.6605 P1:0.6605 P2:0.6605 P3:0.6605 P4:0.6605 STATE:IDLE
[2026-05-16 10:52:58Z] CHK MOM:0% RANGE:0% UP:0% SPREAD:0.15151515% BID:0.66 ASK:0.661 MID:0.6605 P1:0.6605 P2:0.6605 P3:0.6605 P4:0.6605 STATE:IDLE
[2026-05-16 10:52:58Z] CHK MOM:0% RANGE:0% UP:0% SPREAD:0.15151515% BID:0.66 ASK:0.661 MID:0.6605 P1:0.6605 P2:0.6605 P3:0.6605 P4:0.6605 STATE:IDLE
[2026-05-16 10:52:59Z] CHK MOM:0% RANGE:0% UP:0% SPREAD:0.15151515% BID:0.66 ASK:0.661 MID:0.6605 P1:0.6605 P2:0.6605 P3:0.6605 P4:0.6605 STATE:IDLE
[2026-05-16 10:53:00Z] CHK MOM:0% RANGE:0% UP:0% SPREAD:0.15151515% BID:0.66 ASK:0.661 MID:0.6605 P1:0.6605 P2:0.6605 P3:0.6605 P4:0.6605 STATE:IDLE
[2026-05-16 10:53:00Z] CHK MOM:0% RANGE:0% UP:0% SPREAD:0.15151515% BID:0.66 ASK:0.661 MID:0.6605 P1:0.6605 P2:0.6605 P3:0.6605 P4:0.6605 STATE:IDLE
[2026-05-16 10:53:01Z] CHK MOM:0% RANGE:0% UP:0% SPREAD:0.15151515% BID:0.66 ASK:0.661 MID:0.6605 P1:0.6605 P2:0.6605 P3:0.6605 P4:0.6605 STATE:IDLE
[2026-05-16 10:53:02Z] CHK MOM:0% RANGE:0% UP:0% SPREAD:0.15151515% BID:0.66 ASK:0.661 MID:0.6605 P1:0.6605 P2:0.6605 P3:0.6605 P4:0.6605 STATE:IDLE
[2026-05-16 10:53:02Z] CHK MOM:0% RANGE:0% UP:0% SPREAD:0.15151515% BID:0.66 ASK:0.661 MID:0.6605 P1:0.6605 P2:0.6605 P3:0.6605 P4:0.6605 STATE:IDLE
[2026-05-16 10:53:03Z] CHK MOM:0% RANGE:0% UP:0% SPREAD:0.15151515% BID:0.66 ASK:0.661 MID:0.6605 P1:0.6605 P2:0.6605 P3:0.6605 P4:0.6605 STATE:IDLE
[2026-05-16 10:53:03Z] CHK MOM:0% RANGE:0% UP:0% SPREAD:0.15151515% BID:0.66 ASK:0.661 MID:0.6605 P1:0.6605 P2:0.6605 P3:0.6605 P4:0.6605 STATE:IDLE
[2026-05-16 10:53:04Z] CHK MOM:0% RANGE:0% UP:0% SPREAD:0.15151515% BID:0.66 ASK:0.661 MID:0.6605 P1:0.6605 P2:0.6605 P3:0.6605 P4:0.6605 STATE:IDLE
[2026-05-16 10:53:04Z] CHK MOM:0% RANGE:0% UP:0% SPREAD:0.15151515% BID:0.66 ASK:0.661 MID:0.6605 P1:0.6605 P2:0.6605 P3:0.6605 P4:0.6605 STATE:IDLE
[2026-05-16 10:53:05Z] CHK MOM:0% RANGE:0% UP:0% SPREAD:0.15151515% BID:0.66 ASK:0.661 MID:0.6605 P1:0.6605 P2:0.6605 P3:0.6605 P4:0.6605 STATE:IDLE
[2026-05-16 10:53:05Z] CHK MOM:0% RANGE:0% UP:0% SPREAD:0.15151515% BID:0.66 ASK:0.661 MID:0.6605 P1:0.6605 P2:0.6605 P3:0.6605 P4:0.6605 STATE:IDLE
[2026-05-16 10:53:06Z] CHK MOM:0% RANGE:0% UP:0% SPREAD:0.15151515% BID:0.66 ASK:0.661 MID:0.6605 P1:0.6605 P2:0.6605 P3:0.6605 P4:0.6605 STATE:IDLE
[2026-05-16 10:53:07Z] CHK MOM:0% RANGE:0% UP:0% SPREAD:0.15151515% BID:0.66 ASK:0.661 MID:0.6605 P1:0.6605 P2:0.6605 P3:0.6605 P4:0.6605 STATE:IDLE
[2026-05-16 10:53:07Z] CHK MOM:0% RANGE:0% UP:0% SPREAD:0.15151515% BID:0.66 ASK:0.661 MID:0.6605 P1:0.6605 P2:0.6605 P3:0.6605 P4:0.6605 STATE:IDLE
[2026-05-16 10:53:08Z] CHK MOM:0% RANGE:0% UP:0% SPREAD:0.15151515% BID:0.66 ASK:0.661 MID:0.6605 P1:0.6605 P2:0.6605 P3:0.6605 P4:0.6605 STATE:IDLE
[2026-05-16 10:53:08Z] CHK MOM:0% RANGE:0% UP:0% SPREAD:0.15151515% BID:0.66 ASK:0.661 MID:0.6605 P1:0.6605 P2:0.6605 P3:0.6605 P4:0.6605 STATE:IDLE
[2026-05-16 10:53:09Z] CHK MOM:0% RANGE:0% UP:0% SPREAD:0.15151515% BID:0.66 ASK:0.661 MID:0.6605 P1:0.6605 P2:0.6605 P3:0.6605 P4:0.6605 STATE:IDLE
[2026-05-16 10:53:11Z] CHK MOM:0% RANGE:0% UP:0% SPREAD:0.15151515% BID:0.66 ASK:0.661 MID:0.6605 P1:0.6605 P2:0.6605 P3:0.6605 P4:0.6605 STATE:IDLE
[2026-05-16 10:53:12Z] CHK MOM:0% RANGE:0% UP:0% SPREAD:0.15151515% BID:0.66 ASK:0.661 MID:0.6605 P1:0.6605 P2:0.6605 P3:0.6605 P4:0.6605 STATE:IDLE
[2026-05-16 10:53:12Z] CHK MOM:0% RANGE:0% UP:0% SPREAD:0.15151515% BID:0.66 ASK:0.661 MID:0.6605 P1:0.6605 P2:0.6605 P3:0.6605 P4:0.6605 STATE:IDLE
[2026-05-16 10:53:13Z] CHK MOM:0% RANGE:0% UP:0% SPREAD:0.15151515% BID:0.66 ASK:0.661 MID:0.6605 P1:0.6605 P2:0.6605 P3:0.6605 P4:0.6605 STATE:IDLE
[2026-05-16 10:53:13Z] CHK MOM:0% RANGE:0% UP:0% SPREAD:0.15151515% BID:0.66 ASK:0.661 MID:0.6605 P1:0.6605 P2:0.6605 P3:0.6605 P4:0.6605 STATE:IDLE
[2026-05-16 10:53:14Z] CHK MOM:0% RANGE:0% UP:0% SPREAD:0.15151515% BID:0.66 ASK:0.661 MID:0.6605 P1:0.6605 P2:0.6605 P3:0.6605 P4:0.6605 STATE:IDLE
[2026-05-16 10:53:14Z] CHK MOM:0% RANGE:0% UP:0% SPREAD:0.15151515% BID:0.66 ASK:0.661 MID:0.6605 P1:0.6605 P2:0.6605 P3:0.6605 P4:0.6605 STATE:IDLE
[2026-05-16 10:53:15Z] CHK MOM:0% RANGE:0% UP:0% SPREAD:0.15151515% BID:0.66 ASK:0.661 MID:0.6605 P1:0.6605 P2:0.6605 P3:0.6605 P4:0.6605 STATE:IDLE
[2026-05-16 10:53:16Z] CHK MOM:0% RANGE:0% UP:0% SPREAD:0.15151515% BID:0.66 ASK:0.661 MID:0.6605 P1:0.6605 P2:0.6605 P3:0.6605 P4:0.6605 STATE:IDLE
[2026-05-16 10:53:16Z] CHK MOM:0% RANGE:0% UP:0% SPREAD:0.15151515% BID:0.66 ASK:0.661 MID:0.6605 P1:0.6605 P2:0.6605 P3:0.6605 P4:0.6605 STATE:IDLE
[2026-05-16 10:53:17Z] CHK MOM:0% RANGE:0% UP:0% SPREAD:0.15151515% BID:0.66 ASK:0.661 MID:0.6605 P1:0.6605 P2:0.6605 P3:0.6605 P4:0.6605 STATE:IDLE
[2026-05-16 10:53:17Z] CHK MOM:0% RANGE:0% UP:0% SPREAD:0.15151515% BID:0.66 ASK:0.661 MID:0.6605 P1:0.6605 P2:0.6605 P3:0.6605 P4:0.6605 STATE:IDLE
[2026-05-16 10:53:18Z] CHK MOM:0% RANGE:0% UP:0% SPREAD:0.15151515% BID:0.66 ASK:0.661 MID:0.6605 P1:0.6605 P2:0.6605 P3:0.6605 P4:0.6605 STATE:IDLE
[2026-05-16 10:53:19Z] CHK MOM:0% RANGE:0% UP:0% SPREAD:0.15151515% BID:0.66 ASK:0.661 MID:0.6605 P1:0.6605 P2:0.6605 P3:0.6605 P4:0.6605 STATE:IDLE
[2026-05-16 10:53:19Z] CHK MOM:0% RANGE:0% UP:0% SPREAD:0.15151515% BID:0.66 ASK:0.661 MID:0.6605 P1:0.6605 P2:0.6605 P3:0.6605 P4:0.6605 STATE:IDLE
[2026-05-16 10:53:20Z] CHK MOM:0% RANGE:0% UP:0% SPREAD:0.15151515% BID:0.66 ASK:0.661 MID:0.6605 P1:0.6605 P2:0.6605 P3:0.6605 P4:0.6605 STATE:IDLE
[2026-05-16 10:53:20Z] CHK MOM:0% RANGE:0% UP:0% SPREAD:0.15151515% BID:0.66 ASK:0.661 MID:0.6605 P1:0.6605 P2:0.6605 P3:0.6605 P4:0.6605 STATE:IDLE
[2026-05-16 10:53:21Z] CHK MOM:0% RANGE:0% UP:0% SPREAD:0.15151515% BID:0.66 ASK:0.661 MID:0.6605 P1:0.6605 P2:0.6605 P3:0.6605 P4:0.6605 STATE:IDLE
[2026-05-16 10:53:21Z] CHK MOM:0% RANGE:0% UP:0% SPREAD:0.15151515% BID:0.66 ASK:0.661 MID:0.6605 P1:0.6605 P2:0.6605 P3:0.6605 P4:0.6605 STATE:IDLE
[2026-05-16 10:53:22Z] CHK MOM:0% RANGE:0% UP:0% SPREAD:0.15151515% BID:0.66 ASK:0.661 MID:0.6605 P1:0.6605 P2:0.6605 P3:0.6605 P4:0.6605 STATE:IDLE
[2026-05-16 10:53:23Z] CHK MOM:0% RANGE:0% UP:0% SPREAD:0.15151515% BID:0.66 ASK:0.661 MID:0.6605 P1:0.6605 P2:0.6605 P3:0.6605 P4:0.6605 STATE:IDLE
[2026-05-16 10:53:29Z] CHK MOM:0% RANGE:0% UP:0% SPREAD:0.15151515% BID:0.66 ASK:0.661 MID:0.6605 P1:0.6605 P2:0.6605 P3:0.6605 P4:0.6605 STATE:IDLE
[2026-05-16 10:53:30Z] CHK MOM:0% RANGE:0% UP:0% SPREAD:0.15151515% BID:0.66 ASK:0.661 MID:0.6605 P1:0.6605 P2:0.6605 P3:0.6605 P4:0.6605 STATE:IDLE
[2026-05-16 10:53:30Z] CHK MOM:0% RANGE:0% UP:0% SPREAD:0.15151515% BID:0.66 ASK:0.661 MID:0.6605 P1:0.6605 P2:0.6605 P3:0.6605 P4:0.6605 STATE:IDLE
[2026-05-16 10:53:31Z] CHK MOM:0% RANGE:0% UP:0% SPREAD:0.15151515% BID:0.66 ASK:0.661 MID:0.6605 P1:0.6605 P2:0.6605 P3:0.6605 P4:0.6605 STATE:IDLE
[2026-05-16 10:53:31Z] CHK MOM:0% RANGE:0% UP:0% SPREAD:0.15151515% BID:0.66 ASK:0.661 MID:0.6605 P1:0.6605 P2:0.6605 P3:0.6605 P4:0.6605 STATE:IDLE
[2026-05-16 10:53:32Z] CHK MOM:0% RANGE:0% UP:0% SPREAD:0.15151515% BID:0.66 ASK:0.661 MID:0.6605 P1:0.6605 P2:0.6605 P3:0.6605 P4:0.6605 STATE:IDLE
[2026-05-16 10:53:32Z] CHK MOM:0% RANGE:0% UP:0% SPREAD:0.15151515% BID:0.66 ASK:0.661 MID:0.6605 P1:0.6605 P2:0.6605 P3:0.6605 P4:0.6605 STATE:IDLE
[2026-05-16 10:53:33Z] CHK MOM:0% RANGE:0% UP:0% SPREAD:0.15151515% BID:0.66 ASK:0.661 MID:0.6605 P1:0.6605 P2:0.6605 P3:0.6605 P4:0.6605 STATE:IDLE
[2026-05-16 10:53:33Z] CHK MOM:0% RANGE:0% UP:0% SPREAD:0.15151515% BID:0.66 ASK:0.661 MID:0.6605 P1:0.6605 P2:0.6605 P3:0.6605 P4:0.6605 STATE:IDLE
[2026-05-16 10:53:35Z] CHK MOM:0% RANGE:0% UP:0% SPREAD:0.15151515% BID:0.66 ASK:0.661 MID:0.6605 P1:0.6605 P2:0.6605 P3:0.6605 P4:0.6605 STATE:IDLE
[2026-05-16 10:53:35Z] CHK MOM:0% RANGE:0% UP:0% SPREAD:0.15151515% BID:0.66 ASK:0.661 MID:0.6605 P1:0.6605 P2:0.6605 P3:0.6605 P4:0.6605 STATE:IDLE
[2026-05-16 10:53:36Z] CHK MOM:0% RANGE:0% UP:0% SPREAD:0.15151515% BID:0.66 ASK:0.661 MID:0.6605 P1:0.6605 P2:0.6605 P3:0.6605 P4:0.6605 STATE:IDLE
[2026-05-16 10:53:36Z] CHK MOM:0% RANGE:0% UP:0% SPREAD:0.15151515% BID:0.66 ASK:0.661 MID:0.6605 P1:0.6605 P2:0.6605 P3:0.6605 P4:0.6605 STATE:IDLE
[2026-05-16 10:53:37Z] CHK MOM:0% RANGE:0% UP:0% SPREAD:0.15151515% BID:0.66 ASK:0.661 MID:0.6605 P1:0.6605 P2:0.6605 P3:0.6605 P4:0.6605 STATE:IDLE
[2026-05-16 10:53:37Z] CHK MOM:0% RANGE:0% UP:0% SPREAD:0.15151515% BID:0.66 ASK:0.661 MID:0.6605 P1:0.6605 P2:0.6605 P3:0.6605 P4:0.6605 STATE:IDLE
[2026-05-16 10:53:38Z] CHK MOM:0% RANGE:0% UP:0% SPREAD:0.15151515% BID:0.66 ASK:0.661 MID:0.6605 P1:0.6605 P2:0.6605 P3:0.6605 P4:0.6605 STATE:IDLE
[2026-05-16 10:53:38Z] CHK MOM:0% RANGE:0% UP:0% SPREAD:0.15151515% BID:0.66 ASK:0.661 MID:0.6605 P1:0.6605 P2:0.6605 P3:0.6605 P4:0.6605 STATE:IDLE
[2026-05-16 10:53:39Z] CHK MOM:0% RANGE:0% UP:0% SPREAD:0.15151515% BID:0.66 ASK:0.661 MID:0.6605 P1:0.6605 P2:0.6605 P3:0.6605 P4:0.6605 STATE:IDLE
[2026-05-16 10:53:39Z] CHK MOM:0% RANGE:0% UP:0% SPREAD:0.15151515% BID:0.66 ASK:0.661 MID:0.6605 P1:0.6605 P2:0.6605 P3:0.6605 P4:0.6605 STATE:IDLE
[2026-05-16 10:53:40Z] CHK MOM:0% RANGE:0% UP:0% SPREAD:0.15151515% BID:0.66 ASK:0.661 MID:0.6605 P1:0.6605 P2:0.6605 P3:0.6605 P4:0.6605 STATE:IDLE
[2026-05-16 10:53:41Z] CHK MOM:0% RANGE:0% UP:0% SPREAD:0.15151515% BID:0.66 ASK:0.661 MID:0.6605 P1:0.6605 P2:0.6605 P3:0.6605 P4:0.6605 STATE:IDLE
[2026-05-16 10:53:41Z] CHK MOM:0% RANGE:0% UP:0% SPREAD:0.15151515% BID:0.66 ASK:0.661 MID:0.6605 P1:0.6605 P2:0.6605 P3:0.6605 P4:0.6605 STATE:IDLE
[2026-05-16 10:53:42Z] CHK MOM:0% RANGE:0% UP:0% SPREAD:0.15151515% BID:0.66 ASK:0.661 MID:0.6605 P1:0.6605 P2:0.6605 P3:0.6605 P4:0.6605 STATE:IDLE
[2026-05-16 10:53:42Z] CHK MOM:0% RANGE:0% UP:0% SPREAD:0.15151515% BID:0.66 ASK:0.661 MID:0.6605 P1:0.6605 P2:0.6605 P3:0.6605 P4:0.6605 STATE:IDLE
[2026-05-16 10:53:43Z] CHK MOM:0% RANGE:0% UP:0% SPREAD:0.15151515% BID:0.66 ASK:0.661 MID:0.6605 P1:0.6605 P2:0.6605 P3:0.6605 P4:0.6605 STATE:IDLE
[2026-05-16 10:53:43Z] CHK MOM:0% RANGE:0% UP:0% SPREAD:0.15151515% BID:0.66 ASK:0.661 MID:0.6605 P1:0.6605 P2:0.6605 P3:0.6605 P4:0.6605 STATE:IDLE
[2026-05-16 10:53:44Z] CHK MOM:0% RANGE:0% UP:0% SPREAD:0.15151515% BID:0.66 ASK:0.661 MID:0.6605 P1:0.6605 P2:0.6605 P3:0.6605 P4:0.6605 STATE:IDLE
[2026-05-16 10:53:44Z] CHK MOM:0% RANGE:0% UP:0% SPREAD:0.15151515% BID:0.66 ASK:0.661 MID:0.6605 P1:0.6605 P2:0.6605 P3:0.6605 P4:0.6605 STATE:IDLE
[2026-05-16 10:53:45Z] CHK MOM:0% RANGE:0% UP:0% SPREAD:0.15151515% BID:0.66 ASK:0.661 MID:0.6605 P1:0.6605 P2:0.6605 P3:0.6605 P4:0.6605 STATE:IDLE
[2026-05-16 10:53:46Z] CHK MOM:0% RANGE:0% UP:0% SPREAD:0.15151515% BID:0.66 ASK:0.661 MID:0.6605 P1:0.6605 P2:0.6605 P3:0.6605 P4:0.6605 STATE:IDLE
[2026-05-16 10:53:46Z] CHK MOM:0% RANGE:0% UP:0% SPREAD:0.15151515% BID:0.66 ASK:0.661 MID:0.6605 P1:0.6605 P2:0.6605 P3:0.6605 P4:0.6605 STATE:IDLE
[2026-05-16 10:53:47Z] CHK MOM:0% RANGE:0% UP:0% SPREAD:0.15151515% BID:0.66 ASK:0.661 MID:0.6605 P1:0.6605 P2:0.6605 P3:0.6605 P4:0.6605 STATE:IDLE
[2026-05-16 10:53:47Z] CHK MOM:0% RANGE:0% UP:0% SPREAD:0.15151515% BID:0.66 ASK:0.661 MID:0.6605 P1:0.6605 P2:0.6605 P3:0.6605 P4:0.6605 STATE:IDLE
[2026-05-16 10:53:48Z] CHK MOM:0% RANGE:0% UP:0% SPREAD:0.15151515% BID:0.66 ASK:0.661 MID:0.6605 P1:0.6605 P2:0.6605 P3:0.6605 P4:0.6605 STATE:IDLE
[2026-05-16 10:53:48Z] CHK MOM:0% RANGE:0% UP:0% SPREAD:0.15151515% BID:0.66 ASK:0.661 MID:0.6605 P1:0.6605 P2:0.6605 P3:0.6605 P4:0.6605 STATE:IDLE
[2026-05-16 10:53:49Z] CHK MOM:0% RANGE:0% UP:0% SPREAD:0.15151515% BID:0.66 ASK:0.661 MID:0.6605 P1:0.6605 P2:0.6605 P3:0.6605 P4:0.6605 STATE:IDLE
[2026-05-16 10:53:49Z] CHK MOM:0% RANGE:0% UP:0% SPREAD:0.15151515% BID:0.66 ASK:0.661 MID:0.6605 P1:0.6605 P2:0.6605 P3:0.6605 P4:0.6605 STATE:IDLE
[2026-05-16 10:53:50Z] CHK MOM:0% RANGE:0% UP:0% SPREAD:0.15151515% BID:0.66 ASK:0.661 MID:0.6605 P1:0.6605 P2:0.6605 P3:0.6605 P4:0.6605 STATE:IDLE
[2026-05-16 10:53:50Z] CHK MOM:0% RANGE:0% UP:0% SPREAD:0.15151515% BID:0.66 ASK:0.661 MID:0.6605 P1:0.6605 P2:0.6605 P3:0.6605 P4:0.6605 STATE:IDLE
[2026-05-16 10:53:51Z] CHK MOM:0% RANGE:0% UP:0% SPREAD:0.15151515% BID:0.66 ASK:0.661 MID:0.6605 P1:0.6605 P2:0.6605 P3:0.6605 P4:0.6605 STATE:IDLE
[2026-05-16 10:53:52Z] CHK MOM:0% RANGE:0% UP:0% SPREAD:0.15151515% BID:0.66 ASK:0.661 MID:0.6605 P1:0.6605 P2:0.6605 P3:0.6605 P4:0.6605 STATE:IDLE
[2026-05-16 10:53:53Z] CHK MOM:0% RANGE:0% UP:0% SPREAD:0.15151515% BID:0.66 ASK:0.661 MID:0.6605 P1:0.6605 P2:0.6605 P3:0.6605 P4:0.6605 STATE:IDLE
[2026-05-16 10:53:53Z] CHK MOM:0% RANGE:0% UP:0% SPREAD:0.15151515% BID:0.66 ASK:0.661 MID:0.6605 P1:0.6605 P2:0.6605 P3:0.6605 P4:0.6605 STATE:IDLE
[2026-05-16 10:53:54Z] CHK MOM:0% RANGE:0% UP:0% SPREAD:0.15151515% BID:0.66 ASK:0.661 MID:0.6605 P1:0.6605 P2:0.6605 P3:0.6605 P4:0.6605 STATE:IDLE
[2026-05-16 10:53:54Z] CHK MOM:0% RANGE:0% UP:0% SPREAD:0.15151515% BID:0.66 ASK:0.661 MID:0.6605 P1:0.6605 P2:0.6605 P3:0.6605 P4:0.6605 STATE:IDLE
[2026-05-16 10:53:55Z] CHK MOM:0% RANGE:0% UP:0% SPREAD:0.15151515% BID:0.66 ASK:0.661 MID:0.6605 P1:0.6605 P2:0.6605 P3:0.6605 P4:0.6605 STATE:IDLE
[2026-05-16 10:53:55Z] CHK MOM:0% RANGE:0% UP:0% SPREAD:0.15151515% BID:0.66 ASK:0.661 MID:0.6605 P1:0.6605 P2:0.6605 P3:0.6605 P4:0.6605 STATE:IDLE
[2026-05-16 10:53:56Z] CHK MOM:0% RANGE:0% UP:0% SPREAD:0.15151515% BID:0.66 ASK:0.661 MID:0.6605 P1:0.6605 P2:0.6605 P3:0.6605 P4:0.6605 STATE:IDLE
[2026-05-16 10:53:57Z] CHK MOM:0% RANGE:0% UP:0% SPREAD:0.15151515% BID:0.66 ASK:0.661 MID:0.6605 P1:0.6605 P2:0.6605 P3:0.6605 P4:0.6605 STATE:IDLE
[2026-05-16 10:53:57Z] CHK MOM:0% RANGE:0% UP:0% SPREAD:0.15151515% BID:0.66 ASK:0.661 MID:0.6605 P1:0.6605 P2:0.6605 P3:0.6605 P4:0.6605 STATE:IDLE
[2026-05-16 10:53:58Z] CHK MOM:0% RANGE:0% UP:0% SPREAD:0.15151515% BID:0.66 ASK:0.661 MID:0.6605 P1:0.6605 P2:0.6605 P3:0.6605 P4:0.6605 STATE:IDLE
[2026-05-16 10:53:58Z] CHK MOM:0% RANGE:0% UP:0% SPREAD:0.15151515% BID:0.66 ASK:0.661 MID:0.6605 P1:0.6605 P2:0.6605 P3:0.6605 P4:0.6605 STATE:IDLE
[2026-05-16 10:53:59Z] CHK MOM:0% RANGE:0% UP:0% SPREAD:0.15151515% BID:0.66 ASK:0.661 MID:0.6605 P1:0.6605 P2:0.6605 P3:0.6605 P4:0.6605 STATE:IDLE
[2026-05-16 10:54:02Z] CHK MOM:0% RANGE:0% UP:0% SPREAD:0.15151515% BID:0.66 ASK:0.661 MID:0.6605 P1:0.6605 P2:0.6605 P3:0.6605 P4:0.6605 STATE:IDLE
[2026-05-16 10:54:02Z] CHK MOM:0% RANGE:0% UP:0% SPREAD:0.15151515% BID:0.66 ASK:0.661 MID:0.6605 P1:0.6605 P2:0.6605 P3:0.6605 P4:0.6605 STATE:IDLE
[2026-05-16 10:54:03Z] CHK MOM:0% RANGE:0% UP:0% SPREAD:0.15151515% BID:0.66 ASK:0.661 MID:0.6605 P1:0.6605 P2:0.6605 P3:0.6605 P4:0.6605 STATE:IDLE
[2026-05-16 10:54:03Z] CHK MOM:0% RANGE:0% UP:0% SPREAD:0.15151515% BID:0.66 ASK:0.661 MID:0.6605 P1:0.6605 P2:0.6605 P3:0.6605 P4:0.6605 STATE:IDLE
[2026-05-16 10:54:04Z] CHK MOM:0% RANGE:0% UP:0% SPREAD:0.15151515% BID:0.66 ASK:0.661 MID:0.6605 P1:0.6605 P2:0.6605 P3:0.6605 P4:0.6605 STATE:IDLE
[2026-05-16 10:54:04Z] CHK MOM:0% RANGE:0% UP:0% SPREAD:0.15151515% BID:0.66 ASK:0.661 MID:0.6605 P1:0.6605 P2:0.6605 P3:0.6605 P4:0.6605 STATE:IDLE
[2026-05-16 10:54:06Z] CHK MOM:0% RANGE:0% UP:0% SPREAD:0.15151515% BID:0.66 ASK:0.661 MID:0.6605 P1:0.6605 P2:0.6605 P3:0.6605 P4:0.6605 STATE:IDLE
[2026-05-16 10:54:08Z] CHK MOM:0% RANGE:0% UP:0% SPREAD:0.15151515% BID:0.66 ASK:0.661 MID:0.6605 P1:0.6605 P2:0.6605 P3:0.6605 P4:0.6605 STATE:IDLE
[2026-05-16 10:54:08Z] CHK MOM:0% RANGE:0% UP:0% SPREAD:0.15151515% BID:0.66 ASK:0.661 MID:0.6605 P1:0.6605 P2:0.6605 P3:0.6605 P4:0.6605 STATE:IDLE
[2026-05-16 10:54:09Z] CHK MOM:0% RANGE:0% UP:0% SPREAD:0.15151515% BID:0.66 ASK:0.661 MID:0.6605 P1:0.6605 P2:0.6605 P3:0.6605 P4:0.6605 STATE:IDLE
[2026-05-16 10:54:09Z] CHK MOM:0% RANGE:0% UP:0% SPREAD:0.15151515% BID:0.66 ASK:0.661 MID:0.6605 P1:0.6605 P2:0.6605 P3:0.6605 P4:0.6605 STATE:IDLE
[2026-05-16 10:54:11Z] CHK MOM:0% RANGE:0% UP:0% SPREAD:0.15151515% BID:0.66 ASK:0.661 MID:0.6605 P1:0.6605 P2:0.6605 P3:0.6605 P4:0.6605 STATE:IDLE
[2026-05-16 10:54:12Z] CHK MOM:0% RANGE:0% UP:0% SPREAD:0.15151515% BID:0.66 ASK:0.661 MID:0.6605 P1:0.6605 P2:0.6605 P3:0.6605 P4:0.6605 STATE:IDLE
[2026-05-16 10:54:13Z] CHK MOM:0% RANGE:0% UP:0% SPREAD:0.15151515% BID:0.66 ASK:0.661 MID:0.6605 P1:0.6605 P2:0.6605 P3:0.6605 P4:0.6605 STATE:IDLE
[2026-05-16 10:54:13Z] CHK MOM:0% RANGE:0% UP:0% SPREAD:0.15151515% BID:0.66 ASK:0.661 MID:0.6605 P1:0.6605 P2:0.6605 P3:0.6605 P4:0.6605 STATE:IDLE
[2026-05-16 10:54:14Z] CHK MOM:0% RANGE:0% UP:0% SPREAD:0.15151515% BID:0.66 ASK:0.661 MID:0.6605 P1:0.6605 P2:0.6605 P3:0.6605 P4:0.6605 STATE:IDLE
[2026-05-16 10:54:14Z] CHK MOM:0% RANGE:0% UP:0% SPREAD:0.15151515% BID:0.66 ASK:0.661 MID:0.6605 P1:0.6605 P2:0.6605 P3:0.6605 P4:0.6605 STATE:IDLE
[2026-05-16 10:54:16Z] CHK MOM:0% RANGE:0% UP:0% SPREAD:0.15151515% BID:0.66 ASK:0.661 MID:0.6605 P1:0.6605 P2:0.6605 P3:0.6605 P4:0.6605 STATE:IDLE
[2026-05-16 10:54:17Z] CHK MOM:0% RANGE:0% UP:0% SPREAD:0.15151515% BID:0.66 ASK:0.661 MID:0.6605 P1:0.6605 P2:0.6605 P3:0.6605 P4:0.6605 STATE:IDLE
[2026-05-16 10:54:17Z] CHK MOM:0% RANGE:0% UP:0% SPREAD:0.15151515% BID:0.66 ASK:0.661 MID:0.6605 P1:0.6605 P2:0.6605 P3:0.6605 P4:0.6605 STATE:IDLE
[2026-05-16 10:54:18Z] CHK MOM:0% RANGE:0% UP:0% SPREAD:0.15151515% BID:0.66 ASK:0.661 MID:0.6605 P1:0.6605 P2:0.6605 P3:0.6605 P4:0.6605 STATE:IDLE
[2026-05-16 10:54:19Z] CHK MOM:0% RANGE:0% UP:0% SPREAD:0.15151515% BID:0.66 ASK:0.661 MID:0.6605 P1:0.6605 P2:0.6605 P3:0.6605 P4:0.6605 STATE:IDLE
[2026-05-16 10:54:19Z] CHK MOM:0% RANGE:0% UP:0% SPREAD:0.15151515% BID:0.66 ASK:0.661 MID:0.6605 P1:0.6605 P2:0.6605 P3:0.6605 P4:0.6605 STATE:IDLE
[2026-05-16 10:54:20Z] CHK MOM:0% RANGE:0% UP:0% SPREAD:0.15151515% BID:0.66 ASK:0.661 MID:0.6605 P1:0.6605 P2:0.6605 P3:0.6605 P4:0.6605 STATE:IDLE
[2026-05-16 10:54:20Z] CHK MOM:0% RANGE:0% UP:0% SPREAD:0.15151515% BID:0.66 ASK:0.661 MID:0.6605 P1:0.6605 P2:0.6605 P3:0.6605 P4:0.6605 STATE:IDLE
[2026-05-16 10:54:21Z] CHK MOM:0% RANGE:0% UP:0% SPREAD:0.15151515% BID:0.66 ASK:0.661 MID:0.6605 P1:0.6605 P2:0.6605 P3:0.6605 P4:0.6605 STATE:IDLE
[2026-05-16 10:54:21Z] CHK MOM:0% RANGE:0% UP:0% SPREAD:0.15151515% BID:0.66 ASK:0.661 MID:0.6605 P1:0.6605 P2:0.6605 P3:0.6605 P4:0.6605 STATE:IDLE
[2026-05-16 10:54:22Z] CHK MOM:0% RANGE:0% UP:0% SPREAD:0.15151515% BID:0.66 ASK:0.661 MID:0.6605 P1:0.6605 P2:0.6605 P3:0.6605 P4:0.6605 STATE:IDLE
[2026-05-16 10:54:22Z] CHK MOM:0% RANGE:0% UP:0% SPREAD:0.15151515% BID:0.66 ASK:0.661 MID:0.6605 P1:0.6605 P2:0.6605 P3:0.6605 P4:0.6605 STATE:IDLE
[2026-05-16 10:54:23Z] CHK MOM:0% RANGE:0% UP:0% SPREAD:0.15151515% BID:0.66 ASK:0.661 MID:0.6605 P1:0.6605 P2:0.6605 P3:0.6605 P4:0.6605 STATE:IDLE
[2026-05-16 10:54:24Z] CHK MOM:0% RANGE:0% UP:0% SPREAD:0.15151515% BID:0.66 ASK:0.661 MID:0.6605 P1:0.6605 P2:0.6605 P3:0.6605 P4:0.6605 STATE:IDLE
[2026-05-16 10:54:25Z] CHK MOM:0% RANGE:0% UP:0% SPREAD:0.15151515% BID:0.66 ASK:0.661 MID:0.6605 P1:0.6605 P2:0.6605 P3:0.6605 P4:0.6605 STATE:IDLE
[2026-05-16 10:54:25Z] CHK MOM:0% RANGE:0% UP:0% SPREAD:0.15151515% BID:0.66 ASK:0.661 MID:0.6605 P1:0.6605 P2:0.6605 P3:0.6605 P4:0.6605 STATE:IDLE
[2026-05-16 10:54:26Z] CHK MOM:0% RANGE:0% UP:0% SPREAD:0.15151515% BID:0.66 ASK:0.661 MID:0.6605 P1:0.6605 P2:0.6605 P3:0.6605 P4:0.6605 STATE:IDLE
[2026-05-16 10:54:26Z] CHK MOM:0% RANGE:0% UP:0% SPREAD:0.15151515% BID:0.66 ASK:0.661 MID:0.6605 P1:0.6605 P2:0.6605 P3:0.6605 P4:0.6605 STATE:IDLE
[2026-05-16 10:54:27Z] CHK MOM:0% RANGE:0% UP:0% SPREAD:0.15151515% BID:0.66 ASK:0.661 MID:0.6605 P1:0.6605 P2:0.6605 P3:0.6605 P4:0.6605 STATE:IDLE
[2026-05-16 10:54:27Z] CHK MOM:0% RANGE:0% UP:0% SPREAD:0.15151515% BID:0.66 ASK:0.661 MID:0.6605 P1:0.6605 P2:0.6605 P3:0.6605 P4:0.6605 STATE:IDLE
[2026-05-16 10:54:28Z] CHK MOM:0% RANGE:0% UP:0% SPREAD:0.15151515% BID:0.66 ASK:0.661 MID:0.6605 P1:0.6605 P2:0.6605 P3:0.6605 P4:0.6605 STATE:IDLE
[2026-05-16 10:54:28Z] CHK MOM:0% RANGE:0% UP:0% SPREAD:0.15151515% BID:0.66 ASK:0.661 MID:0.6605 P1:0.6605 P2:0.6605 P3:0.6605 P4:0.6605 STATE:IDLE
[2026-05-16 10:54:29Z] CHK MOM:0% RANGE:0% UP:0% SPREAD:0.15151515% BID:0.66 ASK:0.661 MID:0.6605 P1:0.6605 P2:0.6605 P3:0.6605 P4:0.6605 STATE:IDLE
[2026-05-16 10:54:30Z] CHK MOM:0% RANGE:0% UP:0% SPREAD:0.15151515% BID:0.66 ASK:0.661 MID:0.6605 P1:0.6605 P2:0.6605 P3:0.6605 P4:0.6605 STATE:IDLE
[2026-05-16 10:54:30Z] CHK MOM:0% RANGE:0% UP:0% SPREAD:0.15151515% BID:0.66 ASK:0.661 MID:0.6605 P1:0.6605 P2:0.6605 P3:0.6605 P4:0.6605 STATE:IDLE
[2026-05-16 10:54:36Z] CHK MOM:0% RANGE:0% UP:0% SPREAD:0.15151515% BID:0.66 ASK:0.661 MID:0.6605 P1:0.6605 P2:0.6605 P3:0.6605 P4:0.6605 STATE:IDLE
[2026-05-16 10:54:36Z] CHK MOM:0% RANGE:0% UP:0% SPREAD:0.15151515% BID:0.66 ASK:0.661 MID:0.6605 P1:0.6605 P2:0.6605 P3:0.6605 P4:0.6605 STATE:IDLE
[2026-05-16 10:54:37Z] CHK MOM:0% RANGE:0% UP:0% SPREAD:0.15151515% BID:0.66 ASK:0.661 MID:0.6605 P1:0.6605 P2:0.6605 P3:0.6605 P4:0.6605 STATE:IDLE
[2026-05-16 10:54:37Z] CHK MOM:0% RANGE:0% UP:0% SPREAD:0.15151515% BID:0.66 ASK:0.661 MID:0.6605 P1:0.6605 P2:0.6605 P3:0.6605 P4:0.6605 STATE:IDLE
[2026-05-16 10:54:38Z] CHK MOM:0% RANGE:0% UP:0% SPREAD:0.15151515% BID:0.66 ASK:0.661 MID:0.6605 P1:0.6605 P2:0.6605 P3:0.6605 P4:0.6605 STATE:IDLE
[2026-05-16 10:54:38Z] CHK MOM:0% RANGE:0% UP:0% SPREAD:0.15151515% BID:0.66 ASK:0.661 MID:0.6605 P1:0.6605 P2:0.6605 P3:0.6605 P4:0.6605 STATE:IDLE
[2026-05-16 10:54:39Z] CHK MOM:0% RANGE:0% UP:0% SPREAD:0.15151515% BID:0.66 ASK:0.661 MID:0.6605 P1:0.6605 P2:0.6605 P3:0.6605 P4:0.6605 STATE:IDLE
[2026-05-16 10:54:39Z] CHK MOM:0% RANGE:0% UP:0% SPREAD:0.15151515% BID:0.66 ASK:0.661 MID:0.6605 P1:0.6605 P2:0.6605 P3:0.6605 P4:0.6605 STATE:IDLE
[2026-05-16 10:54:40Z] CHK MOM:0% RANGE:0% UP:0% SPREAD:0.15151515% BID:0.66 ASK:0.661 MID:0.6605 P1:0.6605 P2:0.6605 P3:0.6605 P4:0.6605 STATE:IDLE
[2026-05-16 10:54:40Z] CHK MOM:0% RANGE:0% UP:0% SPREAD:0.15151515% BID:0.66 ASK:0.661 MID:0.6605 P1:0.6605 P2:0.6605 P3:0.6605 P4:0.6605 STATE:IDLE
[2026-05-16 10:54:41Z] CHK MOM:0% RANGE:0% UP:0% SPREAD:0.15151515% BID:0.66 ASK:0.661 MID:0.6605 P1:0.6605 P2:0.6605 P3:0.6605 P4:0.6605 STATE:IDLE
[2026-05-16 10:54:42Z] CHK MOM:0% RANGE:0% UP:0% SPREAD:0.15151515% BID:0.66 ASK:0.661 MID:0.6605 P1:0.6605 P2:0.6605 P3:0.6605 P4:0.6605 STATE:IDLE
[2026-05-16 10:54:43Z] CHK MOM:0% RANGE:0% UP:0% SPREAD:0.15151515% BID:0.66 ASK:0.661 MID:0.6605 P1:0.6605 P2:0.6605 P3:0.6605 P4:0.6605 STATE:IDLE
[2026-05-16 10:54:43Z] CHK MOM:0% RANGE:0% UP:0% SPREAD:0.15151515% BID:0.66 ASK:0.661 MID:0.6605 P1:0.6605 P2:0.6605 P3:0.6605 P4:0.6605 STATE:IDLE
[2026-05-16 10:54:44Z] CHK MOM:0% RANGE:0% UP:0% SPREAD:0.15151515% BID:0.66 ASK:0.661 MID:0.6605 P1:0.6605 P2:0.6605 P3:0.6605 P4:0.6605 STATE:IDLE
[2026-05-16 10:54:44Z] CHK MOM:0% RANGE:0% UP:0% SPREAD:0.15151515% BID:0.66 ASK:0.661 MID:0.6605 P1:0.6605 P2:0.6605 P3:0.6605 P4:0.6605 STATE:IDLE
[2026-05-16 10:54:45Z] CHK MOM:0% RANGE:0% UP:0% SPREAD:0.15151515% BID:0.66 ASK:0.661 MID:0.6605 P1:0.6605 P2:0.6605 P3:0.6605 P4:0.6605 STATE:IDLE
[2026-05-16 10:54:45Z] CHK MOM:0% RANGE:0% UP:0% SPREAD:0.15151515% BID:0.66 ASK:0.661 MID:0.6605 P1:0.6605 P2:0.6605 P3:0.6605 P4:0.6605 STATE:IDLE
[2026-05-16 10:54:46Z] CHK MOM:0% RANGE:0% UP:0% SPREAD:0.15151515% BID:0.66 ASK:0.661 MID:0.6605 P1:0.6605 P2:0.6605 P3:0.6605 P4:0.6605 STATE:IDLE
[2026-05-16 10:54:49Z] CHK MOM:0% RANGE:0% UP:0% SPREAD:0.15151515% BID:0.66 ASK:0.661 MID:0.6605 P1:0.6605 P2:0.6605 P3:0.6605 P4:0.6605 STATE:IDLE
[2026-05-16 10:54:49Z] CHK MOM:0% RANGE:0% UP:0% SPREAD:0.15151515% BID:0.66 ASK:0.661 MID:0.6605 P1:0.6605 P2:0.6605 P3:0.6605 P4:0.6605 STATE:IDLE
[2026-05-16 10:54:50Z] CHK MOM:0% RANGE:0% UP:0% SPREAD:0.15151515% BID:0.66 ASK:0.661 MID:0.6605 P1:0.6605 P2:0.6605 P3:0.6605 P4:0.6605 STATE:IDLE
[2026-05-16 10:54:50Z] CHK MOM:0% RANGE:0% UP:0% SPREAD:0.15151515% BID:0.66 ASK:0.661 MID:0.6605 P1:0.6605 P2:0.6605 P3:0.6605 P4:0.6605 STATE:IDLE
[2026-05-16 10:54:51Z] CHK MOM:0% RANGE:0% UP:0% SPREAD:0.15151515% BID:0.66 ASK:0.661 MID:0.6605 P1:0.6605 P2:0.6605 P3:0.6605 P4:0.6605 STATE:IDLE
[2026-05-16 10:54:51Z] CHK MOM:0% RANGE:0% UP:0% SPREAD:0.15151515% BID:0.66 ASK:0.661 MID:0.6605 P1:0.6605 P2:0.6605 P3:0.6605 P4:0.6605 STATE:IDLE
[2026-05-16 10:54:52Z] CHK MOM:0% RANGE:0% UP:0% SPREAD:0.15151515% BID:0.66 ASK:0.661 MID:0.6605 P1:0.6605 P2:0.6605 P3:0.6605 P4:0.6605 STATE:IDLE
[2026-05-16 10:54:52Z] CHK MOM:0% RANGE:0% UP:0% SPREAD:0.15151515% BID:0.66 ASK:0.661 MID:0.6605 P1:0.6605 P2:0.6605 P3:0.6605 P4:0.6605 STATE:IDLE
[2026-05-16 10:54:53Z] CHK MOM:0% RANGE:0% UP:0% SPREAD:0.15151515% BID:0.66 ASK:0.661 MID:0.6605 P1:0.6605 P2:0.6605 P3:0.6605 P4:0.6605 STATE:IDLE
[2026-05-16 10:54:53Z] CHK MOM:0% RANGE:0% UP:0% SPREAD:0.15151515% BID:0.66 ASK:0.661 MID:0.6605 P1:0.6605 P2:0.6605 P3:0.6605 P4:0.6605 STATE:IDLE
[2026-05-16 10:54:55Z] CHK MOM:0% RANGE:0% UP:0% SPREAD:0.15151515% BID:0.66 ASK:0.661 MID:0.6605 P1:0.6605 P2:0.6605 P3:0.6605 P4:0.6605 STATE:IDLE
[2026-05-16 10:54:55Z] CHK MOM:0% RANGE:0% UP:0% SPREAD:0.15151515% BID:0.66 ASK:0.661 MID:0.6605 P1:0.6605 P2:0.6605 P3:0.6605 P4:0.6605 STATE:IDLE
[2026-05-16 10:54:56Z] CHK MOM:0% RANGE:0% UP:0% SPREAD:0.15151515% BID:0.66 ASK:0.661 MID:0.6605 P1:0.6605 P2:0.6605 P3:0.6605 P4:0.6605 STATE:IDLE
[2026-05-16 10:54:56Z] CHK MOM:0% RANGE:0% UP:0% SPREAD:0.15151515% BID:0.66 ASK:0.661 MID:0.6605 P1:0.6605 P2:0.6605 P3:0.6605 P4:0.6605 STATE:IDLE
[2026-05-16 10:54:57Z] CHK MOM:0% RANGE:0% UP:0% SPREAD:0.15151515% BID:0.66 ASK:0.661 MID:0.6605 P1:0.6605 P2:0.6605 P3:0.6605 P4:0.6605 STATE:IDLE
[2026-05-16 10:54:57Z] CHK MOM:0% RANGE:0% UP:0% SPREAD:0.15151515% BID:0.66 ASK:0.661 MID:0.6605 P1:0.6605 P2:0.6605 P3:0.6605 P4:0.6605 STATE:IDLE
[2026-05-16 10:54:58Z] CHK MOM:0% RANGE:0% UP:0% SPREAD:0.15151515% BID:0.66 ASK:0.661 MID:0.6605 P1:0.6605 P2:0.6605 P3:0.6605 P4:0.6605 STATE:IDLE
[2026-05-16 10:54:59Z] CHK MOM:0% RANGE:0% UP:0% SPREAD:0.15151515% BID:0.66 ASK:0.661 MID:0.6605 P1:0.6605 P2:0.6605 P3:0.6605 P4:0.6605 STATE:IDLE
[2026-05-16 10:54:59Z] CHK MOM:0% RANGE:0% UP:0% SPREAD:0.15151515% BID:0.66 ASK:0.661 MID:0.6605 P1:0.6605 P2:0.6605 P3:0.6605 P4:0.6605 STATE:IDLE
[2026-05-16 10:55:00Z] CHK MOM:0% RANGE:0% UP:0% SPREAD:0.15151515% BID:0.66 ASK:0.661 MID:0.6605 P1:0.6605 P2:0.6605 P3:0.6605 P4:0.6605 STATE:IDLE
[2026-05-16 10:55:01Z] CHK MOM:0% RANGE:0% UP:0% SPREAD:0.15151515% BID:0.66 ASK:0.661 MID:0.6605 P1:0.6605 P2:0.6605 P3:0.6605 P4:0.6605 STATE:IDLE
[2026-05-16 10:55:01Z] CHK MOM:0% RANGE:0% UP:0% SPREAD:0.15151515% BID:0.66 ASK:0.661 MID:0.6605 P1:0.6605 P2:0.6605 P3:0.6605 P4:0.6605 STATE:IDLE
[2026-05-16 10:55:03Z] CHK MOM:0% RANGE:0% UP:0% SPREAD:0.15151515% BID:0.66 ASK:0.661 MID:0.6605 P1:0.6605 P2:0.6605 P3:0.6605 P4:0.6605 STATE:IDLE
[2026-05-16 10:55:03Z] CHK MOM:0% RANGE:0% UP:0% SPREAD:0.15151515% BID:0.66 ASK:0.661 MID:0.6605 P1:0.6605 P2:0.6605 P3:0.6605 P4:0.6605 STATE:IDLE
[2026-05-16 10:55:04Z] CHK MOM:0% RANGE:0% UP:0% SPREAD:0.15151515% BID:0.66 ASK:0.661 MID:0.6605 P1:0.6605 P2:0.6605 P3:0.6605 P4:0.6605 STATE:IDLE
[2026-05-16 10:55:04Z] CHK MOM:0% RANGE:0% UP:0% SPREAD:0.15151515% BID:0.66 ASK:0.661 MID:0.6605 P1:0.6605 P2:0.6605 P3:0.6605 P4:0.6605 STATE:IDLE
[2026-05-16 10:55:05Z] CHK MOM:0% RANGE:0% UP:0% SPREAD:0.15151515% BID:0.66 ASK:0.661 MID:0.6605 P1:0.6605 P2:0.6605 P3:0.6605 P4:0.6605 STATE:IDLE
[2026-05-16 10:55:06Z] CHK MOM:0% RANGE:0% UP:0% SPREAD:0.15151515% BID:0.66 ASK:0.661 MID:0.6605 P1:0.6605 P2:0.6605 P3:0.6605 P4:0.6605 STATE:IDLE
[2026-05-16 10:55:07Z] CHK MOM:0% RANGE:0% UP:0% SPREAD:0.15151515% BID:0.66 ASK:0.661 MID:0.6605 P1:0.6605 P2:0.6605 P3:0.6605 P4:0.6605 STATE:IDLE
[2026-05-16 10:55:07Z] CHK MOM:0% RANGE:0% UP:0% SPREAD:0.15151515% BID:0.66 ASK:0.661 MID:0.6605 P1:0.6605 P2:0.6605 P3:0.6605 P4:0.6605 STATE:IDLE
[2026-05-16 10:55:08Z] CHK MOM:0% RANGE:0% UP:0% SPREAD:0.15151515% BID:0.66 ASK:0.661 MID:0.6605 P1:0.6605 P2:0.6605 P3:0.6605 P4:0.6605 STATE:IDLE
[2026-05-16 10:55:08Z] CHK MOM:0% RANGE:0% UP:0% SPREAD:0.15151515% BID:0.66 ASK:0.661 MID:0.6605 P1:0.6605 P2:0.6605 P3:0.6605 P4:0.6605 STATE:IDLE
[2026-05-16 10:55:09Z] CHK MOM:0% RANGE:0% UP:0% SPREAD:0.15151515% BID:0.66 ASK:0.661 MID:0.6605 P1:0.6605 P2:0.6605 P3:0.6605 P4:0.6605 STATE:IDLE
[2026-05-16 10:55:09Z] CHK MOM:0% RANGE:0% UP:0% SPREAD:0.15151515% BID:0.66 ASK:0.661 MID:0.6605 P1:0.6605 P2:0.6605 P3:0.6605 P4:0.6605 STATE:IDLE
[2026-05-16 10:55:10Z] CHK MOM:0% RANGE:0% UP:0% SPREAD:0.15151515% BID:0.66 ASK:0.661 MID:0.6605 P1:0.6605 P2:0.6605 P3:0.6605 P4:0.6605 STATE:IDLE
[2026-05-16 10:55:10Z] CHK MOM:0% RANGE:0% UP:0% SPREAD:0.15151515% BID:0.66 ASK:0.661 MID:0.6605 P1:0.6605 P2:0.6605 P3:0.6605 P4:0.6605 STATE:IDLE
[2026-05-16 10:55:11Z] CHK MOM:0% RANGE:0% UP:0% SPREAD:0.15151515% BID:0.66 ASK:0.661 MID:0.6605 P1:0.6605 P2:0.6605 P3:0.6605 P4:0.6605 STATE:IDLE
[2026-05-16 10:55:12Z] CHK MOM:0% RANGE:0% UP:0% SPREAD:0.15151515% BID:0.66 ASK:0.661 MID:0.6605 P1:0.6605 P2:0.6605 P3:0.6605 P4:0.6605 STATE:IDLE
[2026-05-16 10:55:12Z] CHK MOM:0% RANGE:0% UP:0% SPREAD:0.15151515% BID:0.66 ASK:0.661 MID:0.6605 P1:0.6605 P2:0.6605 P3:0.6605 P4:0.6605 STATE:IDLE
[2026-05-16 10:55:13Z] CHK MOM:0% RANGE:0% UP:0% SPREAD:0.15151515% BID:0.66 ASK:0.661 MID:0.6605 P1:0.6605 P2:0.6605 P3:0.6605 P4:0.6605 STATE:IDLE
[2026-05-16 10:55:13Z] CHK MOM:0% RANGE:0% UP:0% SPREAD:0.15151515% BID:0.66 ASK:0.661 MID:0.6605 P1:0.6605 P2:0.6605 P3:0.6605 P4:0.6605 STATE:IDLE
[2026-05-16 10:55:14Z] CHK MOM:0% RANGE:0% UP:0% SPREAD:0.15151515% BID:0.66 ASK:0.661 MID:0.6605 P1:0.6605 P2:0.6605 P3:0.6605 P4:0.6605 STATE:IDLE
[2026-05-16 10:55:14Z] CHK MOM:0% RANGE:0% UP:0% SPREAD:0.15151515% BID:0.66 ASK:0.661 MID:0.6605 P1:0.6605 P2:0.6605 P3:0.6605 P4:0.6605 STATE:IDLE
[2026-05-16 10:55:15Z] CHK MOM:0% RANGE:0% UP:0% SPREAD:0.15151515% BID:0.66 ASK:0.661 MID:0.6605 P1:0.6605 P2:0.6605 P3:0.6605 P4:0.6605 STATE:IDLE
[2026-05-16 10:55:15Z] CHK MOM:0% RANGE:0% UP:0% SPREAD:0.15151515% BID:0.66 ASK:0.661 MID:0.6605 P1:0.6605 P2:0.6605 P3:0.6605 P4:0.6605 STATE:IDLE
[2026-05-16 10:55:16Z] CHK MOM:0% RANGE:0% UP:0% SPREAD:0.15151515% BID:0.66 ASK:0.661 MID:0.6605 P1:0.6605 P2:0.6605 P3:0.6605 P4:0.6605 STATE:IDLE
[2026-05-16 10:55:17Z] CHK MOM:0% RANGE:0% UP:0% SPREAD:0.15151515% BID:0.66 ASK:0.661 MID:0.6605 P1:0.6605 P2:0.6605 P3:0.6605 P4:0.6605 STATE:IDLE
[2026-05-16 10:55:18Z] CHK MOM:0% RANGE:0% UP:0% SPREAD:0.15151515% BID:0.66 ASK:0.661 MID:0.6605 P1:0.6605 P2:0.6605 P3:0.6605 P4:0.6605 STATE:IDLE
[2026-05-16 10:55:18Z] CHK MOM:0% RANGE:0% UP:0% SPREAD:0.15151515% BID:0.66 ASK:0.661 MID:0.6605 P1:0.6605 P2:0.6605 P3:0.6605 P4:0.6605 STATE:IDLE
[2026-05-16 10:55:19Z] CHK MOM:0% RANGE:0% UP:0% SPREAD:0.15151515% BID:0.66 ASK:0.661 MID:0.6605 P1:0.6605 P2:0.6605 P3:0.6605 P4:0.6605 STATE:IDLE
[2026-05-16 10:55:19Z] CHK MOM:0% RANGE:0% UP:0% SPREAD:0.15151515% BID:0.66 ASK:0.661 MID:0.6605 P1:0.6605 P2:0.6605 P3:0.6605 P4:0.6605 STATE:IDLE
[2026-05-16 10:55:20Z] CHK MOM:0% RANGE:0% UP:0% SPREAD:0.15151515% BID:0.66 ASK:0.661 MID:0.6605 P1:0.6605 P2:0.6605 P3:0.6605 P4:0.6605 STATE:IDLE
[2026-05-16 10:55:20Z] CHK MOM:0% RANGE:0% UP:0% SPREAD:0.15151515% BID:0.66 ASK:0.661 MID:0.6605 P1:0.6605 P2:0.6605 P3:0.6605 P4:0.6605 STATE:IDLE
[2026-05-16 10:55:21Z] CHK MOM:0% RANGE:0% UP:0% SPREAD:0.15151515% BID:0.66 ASK:0.661 MID:0.6605 P1:0.6605 P2:0.6605 P3:0.6605 P4:0.6605 STATE:IDLE
[2026-05-16 10:55:23Z] CHK MOM:0% RANGE:0% UP:0% SPREAD:0.15151515% BID:0.66 ASK:0.661 MID:0.6605 P1:0.6605 P2:0.6605 P3:0.6605 P4:0.6605 STATE:IDLE
[2026-05-16 10:55:24Z] CHK MOM:0% RANGE:0% UP:0% SPREAD:0.15151515% BID:0.66 ASK:0.661 MID:0.6605 P1:0.6605 P2:0.6605 P3:0.6605 P4:0.6605 STATE:IDLE
[2026-05-16 10:55:24Z] CHK MOM:0% RANGE:0% UP:0% SPREAD:0.15151515% BID:0.66 ASK:0.661 MID:0.6605 P1:0.6605 P2:0.6605 P3:0.6605 P4:0.6605 STATE:IDLE
[2026-05-16 10:55:25Z] CHK MOM:0% RANGE:0% UP:0% SPREAD:0.15151515% BID:0.66 ASK:0.661 MID:0.6605 P1:0.6605 P2:0.6605 P3:0.6605 P4:0.6605 STATE:IDLE
[2026-05-16 10:55:25Z] CHK MOM:0% RANGE:0% UP:0% SPREAD:0.15151515% BID:0.66 ASK:0.661 MID:0.6605 P1:0.6605 P2:0.6605 P3:0.6605 P4:0.6605 STATE:IDLE
[2026-05-16 10:55:29Z] CHK MOM:0% RANGE:0% UP:0% SPREAD:0.15151515% BID:0.66 ASK:0.661 MID:0.6605 P1:0.6605 P2:0.6605 P3:0.6605 P4:0.6605 STATE:IDLE
[2026-05-16 10:55:29Z] CHK MOM:0% RANGE:0% UP:0% SPREAD:0.15151515% BID:0.66 ASK:0.661 MID:0.6605 P1:0.6605 P2:0.6605 P3:0.6605 P4:0.6605 STATE:IDLE
[2026-05-16 10:55:30Z] CHK MOM:0% RANGE:0% UP:0% SPREAD:0.15151515% BID:0.66 ASK:0.661 MID:0.6605 P1:0.6605 P2:0.6605 P3:0.6605 P4:0.6605 STATE:IDLE
[2026-05-16 10:55:30Z] CHK MOM:0% RANGE:0% UP:0% SPREAD:0.15151515% BID:0.66 ASK:0.661 MID:0.6605 P1:0.6605 P2:0.6605 P3:0.6605 P4:0.6605 STATE:IDLE
[2026-05-16 10:55:31Z] CHK MOM:0% RANGE:0% UP:0% SPREAD:0.15151515% BID:0.66 ASK:0.661 MID:0.6605 P1:0.6605 P2:0.6605 P3:0.6605 P4:0.6605 STATE:IDLE
[2026-05-16 10:55:31Z] CHK MOM:0% RANGE:0% UP:0% SPREAD:0.15151515% BID:0.66 ASK:0.661 MID:0.6605 P1:0.6605 P2:0.6605 P3:0.6605 P4:0.6605 STATE:IDLE
[2026-05-16 10:55:32Z] CHK MOM:0% RANGE:0% UP:0% SPREAD:0.15151515% BID:0.66 ASK:0.661 MID:0.6605 P1:0.6605 P2:0.6605 P3:0.6605 P4:0.6605 STATE:IDLE
[2026-05-16 10:55:32Z] CHK MOM:0% RANGE:0% UP:0% SPREAD:0.15151515% BID:0.66 ASK:0.661 MID:0.6605 P1:0.6605 P2:0.6605 P3:0.6605 P4:0.6605 STATE:IDLE
[2026-05-16 10:55:33Z] CHK MOM:0% RANGE:0% UP:0% SPREAD:0.15151515% BID:0.66 ASK:0.661 MID:0.6605 P1:0.6605 P2:0.6605 P3:0.6605 P4:0.6605 STATE:IDLE
[2026-05-16 10:55:33Z] CHK MOM:0% RANGE:0% UP:0% SPREAD:0.15151515% BID:0.66 ASK:0.661 MID:0.6605 P1:0.6605 P2:0.6605 P3:0.6605 P4:0.6605 STATE:IDLE
[2026-05-16 10:55:34Z] CHK MOM:0% RANGE:0% UP:0% SPREAD:0.15151515% BID:0.66 ASK:0.661 MID:0.6605 P1:0.6605 P2:0.6605 P3:0.6605 P4:0.6605 STATE:IDLE
[2026-05-16 10:55:35Z] CHK MOM:0% RANGE:0% UP:0% SPREAD:0.15151515% BID:0.66 ASK:0.661 MID:0.6605 P1:0.6605 P2:0.6605 P3:0.6605 P4:0.6605 STATE:IDLE
[2026-05-16 10:55:35Z] CHK MOM:0% RANGE:0% UP:0% SPREAD:0.15151515% BID:0.66 ASK:0.661 MID:0.6605 P1:0.6605 P2:0.6605 P3:0.6605 P4:0.6605 STATE:IDLE
[2026-05-16 10:55:36Z] CHK MOM:0% RANGE:0% UP:0% SPREAD:0.15151515% BID:0.66 ASK:0.661 MID:0.6605 P1:0.6605 P2:0.6605 P3:0.6605 P4:0.6605 STATE:IDLE
[2026-05-16 10:55:36Z] CHK MOM:0% RANGE:0% UP:0% SPREAD:0.15151515% BID:0.66 ASK:0.661 MID:0.6605 P1:0.6605 P2:0.6605 P3:0.6605 P4:0.6605 STATE:IDLE
[2026-05-16 10:55:37Z] CHK MOM:0% RANGE:0% UP:0% SPREAD:0.15151515% BID:0.66 ASK:0.661 MID:0.6605 P1:0.6605 P2:0.6605 P3:0.6605 P4:0.6605 STATE:IDLE
[2026-05-16 10:55:37Z] CHK MOM:0% RANGE:0% UP:0% SPREAD:0.15151515% BID:0.66 ASK:0.661 MID:0.6605 P1:0.6605 P2:0.6605 P3:0.6605 P4:0.6605 STATE:IDLE
[2026-05-16 10:55:38Z] CHK MOM:0% RANGE:0% UP:0% SPREAD:0.15151515% BID:0.66 ASK:0.661 MID:0.6605 P1:0.6605 P2:0.6605 P3:0.6605 P4:0.6605 STATE:IDLE
[2026-05-16 10:55:38Z] CHK MOM:0% RANGE:0% UP:0% SPREAD:0.15151515% BID:0.66 ASK:0.661 MID:0.6605 P1:0.6605 P2:0.6605 P3:0.6605 P4:0.6605 STATE:IDLE
[2026-05-16 10:55:39Z] CHK MOM:0% RANGE:0% UP:0% SPREAD:0.15151515% BID:0.66 ASK:0.661 MID:0.6605 P1:0.6605 P2:0.6605 P3:0.6605 P4:0.6605 STATE:IDLE
[2026-05-16 10:55:40Z] CHK MOM:0% RANGE:0% UP:0% SPREAD:0.15151515% BID:0.66 ASK:0.661 MID:0.6605 P1:0.6605 P2:0.6605 P3:0.6605 P4:0.6605 STATE:IDLE
[2026-05-16 10:55:40Z] CHK MOM:0% RANGE:0% UP:0% SPREAD:0.15151515% BID:0.66 ASK:0.661 MID:0.6605 P1:0.6605 P2:0.6605 P3:0.6605 P4:0.6605 STATE:IDLE
[2026-05-16 10:55:41Z] CHK MOM:0% RANGE:0% UP:0% SPREAD:0.15151515% BID:0.66 ASK:0.661 MID:0.6605 P1:0.6605 P2:0.6605 P3:0.6605 P4:0.6605 STATE:IDLE
[2026-05-16 10:55:41Z] CHK MOM:0% RANGE:0% UP:0% SPREAD:0.15151515% BID:0.66 ASK:0.661 MID:0.6605 P1:0.6605 P2:0.6605 P3:0.6605 P4:0.6605 STATE:IDLE
[2026-05-16 10:55:42Z] CHK MOM:0% RANGE:0% UP:0% SPREAD:0.15151515% BID:0.66 ASK:0.661 MID:0.6605 P1:0.6605 P2:0.6605 P3:0.6605 P4:0.6605 STATE:IDLE
[2026-05-16 10:55:43Z] CHK MOM:0% RANGE:0% UP:0% SPREAD:0.15151515% BID:0.66 ASK:0.661 MID:0.6605 P1:0.6605 P2:0.6605 P3:0.6605 P4:0.6605 STATE:IDLE
[2026-05-16 10:55:43Z] CHK MOM:0% RANGE:0% UP:0% SPREAD:0.15151515% BID:0.66 ASK:0.661 MID:0.6605 P1:0.6605 P2:0.6605 P3:0.6605 P4:0.6605 STATE:IDLE
[2026-05-16 10:55:44Z] CHK MOM:0% RANGE:0% UP:0% SPREAD:0.15151515% BID:0.66 ASK:0.661 MID:0.6605 P1:0.6605 P2:0.6605 P3:0.6605 P4:0.6605 STATE:IDLE
[2026-05-16 10:55:44Z] CHK MOM:0% RANGE:0% UP:0% SPREAD:0.15151515% BID:0.66 ASK:0.661 MID:0.6605 P1:0.6605 P2:0.6605 P3:0.6605 P4:0.6605 STATE:IDLE
[2026-05-16 10:55:45Z] CHK MOM:0% RANGE:0% UP:0% SPREAD:0.15151515% BID:0.66 ASK:0.661 MID:0.6605 P1:0.6605 P2:0.6605 P3:0.6605 P4:0.6605 STATE:IDLE
[2026-05-16 10:55:46Z] CHK MOM:0% RANGE:0% UP:0% SPREAD:0.15151515% BID:0.66 ASK:0.661 MID:0.6605 P1:0.6605 P2:0.6605 P3:0.6605 P4:0.6605 STATE:IDLE
[2026-05-16 10:55:46Z] CHK MOM:0% RANGE:0% UP:0% SPREAD:0.15151515% BID:0.66 ASK:0.661 MID:0.6605 P1:0.6605 P2:0.6605 P3:0.6605 P4:0.6605 STATE:IDLE
[2026-05-16 10:55:47Z] CHK MOM:0% RANGE:0% UP:0% SPREAD:0.15151515% BID:0.66 ASK:0.661 MID:0.6605 P1:0.6605 P2:0.6605 P3:0.6605 P4:0.6605 STATE:IDLE
[2026-05-16 10:55:47Z] CHK MOM:0% RANGE:0% UP:0% SPREAD:0.15151515% BID:0.66 ASK:0.661 MID:0.6605 P1:0.6605 P2:0.6605 P3:0.6605 P4:0.6605 STATE:IDLE
[2026-05-16 10:55:48Z] CHK MOM:0% RANGE:0% UP:0% SPREAD:0.15151515% BID:0.66 ASK:0.661 MID:0.6605 P1:0.6605 P2:0.6605 P3:0.6605 P4:0.6605 STATE:IDLE
[2026-05-16 10:55:48Z] CHK MOM:0% RANGE:0% UP:0% SPREAD:0.15151515% BID:0.66 ASK:0.661 MID:0.6605 P1:0.6605 P2:0.6605 P3:0.6605 P4:0.6605 STATE:IDLE
[2026-05-16 10:55:49Z] CHK MOM:0% RANGE:0% UP:0% SPREAD:0.15151515% BID:0.66 ASK:0.661 MID:0.6605 P1:0.6605 P2:0.6605 P3:0.6605 P4:0.6605 STATE:IDLE
[2026-05-16 10:55:50Z] CHK MOM:0% RANGE:0% UP:0% SPREAD:0.15151515% BID:0.66 ASK:0.661 MID:0.6605 P1:0.6605 P2:0.6605 P3:0.6605 P4:0.6605 STATE:IDLE
[2026-05-16 10:55:51Z] CHK MOM:0% RANGE:0% UP:0% SPREAD:0.15151515% BID:0.66 ASK:0.661 MID:0.6605 P1:0.6605 P2:0.6605 P3:0.6605 P4:0.6605 STATE:IDLE
[2026-05-16 10:55:51Z] CHK MOM:0% RANGE:0% UP:0% SPREAD:0.15151515% BID:0.66 ASK:0.661 MID:0.6605 P1:0.6605 P2:0.6605 P3:0.6605 P4:0.6605 STATE:IDLE
[2026-05-16 10:55:52Z] CHK MOM:0% RANGE:0% UP:0% SPREAD:0.15151515% BID:0.66 ASK:0.661 MID:0.6605 P1:0.6605 P2:0.6605 P3:0.6605 P4:0.6605 STATE:IDLE
[2026-05-16 10:55:52Z] CHK MOM:0% RANGE:0% UP:0% SPREAD:0.15151515% BID:0.66 ASK:0.661 MID:0.6605 P1:0.6605 P2:0.6605 P3:0.6605 P4:0.6605 STATE:IDLE
[2026-05-16 10:55:53Z] CHK MOM:0% RANGE:0% UP:0% SPREAD:0.15151515% BID:0.66 ASK:0.661 MID:0.6605 P1:0.6605 P2:0.6605 P3:0.6605 P4:0.6605 STATE:IDLE
[2026-05-16 10:55:53Z] CHK MOM:0% RANGE:0% UP:0% SPREAD:0.15151515% BID:0.66 ASK:0.661 MID:0.6605 P1:0.6605 P2:0.6605 P3:0.6605 P4:0.6605 STATE:IDLE
[2026-05-16 10:55:54Z] CHK MOM:0% RANGE:0% UP:0% SPREAD:0.15151515% BID:0.66 ASK:0.661 MID:0.6605 P1:0.6605 P2:0.6605 P3:0.6605 P4:0.6605 STATE:IDLE
[2026-05-16 10:55:54Z] CHK MOM:0% RANGE:0% UP:0% SPREAD:0.15151515% BID:0.66 ASK:0.661 MID:0.6605 P1:0.6605 P2:0.6605 P3:0.6605 P4:0.6605 STATE:IDLE
[2026-05-16 10:55:55Z] CHK MOM:0% RANGE:0% UP:0% SPREAD:0.15151515% BID:0.66 ASK:0.661 MID:0.6605 P1:0.6605 P2:0.6605 P3:0.6605 P4:0.6605 STATE:IDLE
[2026-05-16 10:55:55Z] CHK MOM:0% RANGE:0% UP:0% SPREAD:0.15151515% BID:0.66 ASK:0.661 MID:0.6605 P1:0.6605 P2:0.6605 P3:0.6605 P4:0.6605 STATE:IDLE
[2026-05-16 10:55:56Z] CHK MOM:0% RANGE:0% UP:0% SPREAD:0.15151515% BID:0.66 ASK:0.661 MID:0.6605 P1:0.6605 P2:0.6605 P3:0.6605 P4:0.6605 STATE:IDLE
[2026-05-16 10:55:57Z] CHK MOM:0% RANGE:0% UP:0% SPREAD:0.15151515% BID:0.66 ASK:0.661 MID:0.6605 P1:0.6605 P2:0.6605 P3:0.6605 P4:0.6605 STATE:IDLE
[2026-05-16 10:55:57Z] CHK MOM:0% RANGE:0% UP:0% SPREAD:0.15151515% BID:0.66 ASK:0.661 MID:0.6605 P1:0.6605 P2:0.6605 P3:0.6605 P4:0.6605 STATE:IDLE
[2026-05-16 10:55:58Z] CHK MOM:0% RANGE:0% UP:0% SPREAD:0.15151515% BID:0.66 ASK:0.661 MID:0.6605 P1:0.6605 P2:0.6605 P3:0.6605 P4:0.6605 STATE:IDLE
[2026-05-16 10:55:58Z] CHK MOM:0% RANGE:0% UP:0% SPREAD:0.15151515% BID:0.66 ASK:0.661 MID:0.6605 P1:0.6605 P2:0.6605 P3:0.6605 P4:0.6605 STATE:IDLE
[2026-05-16 10:55:59Z] CHK MOM:0% RANGE:0% UP:0% SPREAD:0.15151515% BID:0.66 ASK:0.661 MID:0.6605 P1:0.6605 P2:0.6605 P3:0.6605 P4:0.6605 STATE:IDLE
[2026-05-16 10:55:59Z] CHK MOM:0% RANGE:0% UP:0% SPREAD:0.15151515% BID:0.66 ASK:0.661 MID:0.6605 P1:0.6605 P2:0.6605 P3:0.6605 P4:0.6605 STATE:IDLE
[2026-05-16 10:56:00Z] CHK MOM:0% RANGE:0% UP:0% SPREAD:0.15151515% BID:0.66 ASK:0.661 MID:0.6605 P1:0.6605 P2:0.6605 P3:0.6605 P4:0.6605 STATE:IDLE
[2026-05-16 10:56:00Z] CHK MOM:0% RANGE:0% UP:0% SPREAD:0.15151515% BID:0.66 ASK:0.661 MID:0.6605 P1:0.6605 P2:0.6605 P3:0.6605 P4:0.6605 STATE:IDLE
[2026-05-16 10:56:01Z] CHK MOM:0% RANGE:0% UP:0% SPREAD:0.15151515% BID:0.66 ASK:0.661 MID:0.6605 P1:0.6605 P2:0.6605 P3:0.6605 P4:0.6605 STATE:IDLE
[2026-05-16 10:56:02Z] CHK MOM:0% RANGE:0% UP:0% SPREAD:0.15151515% BID:0.66 ASK:0.661 MID:0.6605 P1:0.6605 P2:0.6605 P3:0.6605 P4:0.6605 STATE:IDLE
[2026-05-16 10:56:02Z] CHK MOM:0% RANGE:0% UP:0% SPREAD:0.15151515% BID:0.66 ASK:0.661 MID:0.6605 P1:0.6605 P2:0.6605 P3:0.6605 P4:0.6605 STATE:IDLE
[2026-05-16 10:56:03Z] CHK MOM:0% RANGE:0% UP:0% SPREAD:0.15151515% BID:0.66 ASK:0.661 MID:0.6605 P1:0.6605 P2:0.6605 P3:0.6605 P4:0.6605 STATE:IDLE
[2026-05-16 10:56:03Z] CHK MOM:0% RANGE:0% UP:0% SPREAD:0.15151515% BID:0.66 ASK:0.661 MID:0.6605 P1:0.6605 P2:0.6605 P3:0.6605 P4:0.6605 STATE:IDLE
[2026-05-16 10:56:04Z] CHK MOM:0% RANGE:0% UP:0% SPREAD:0.15151515% BID:0.66 ASK:0.661 MID:0.6605 P1:0.6605 P2:0.6605 P3:0.6605 P4:0.6605 STATE:IDLE
[2026-05-16 10:56:04Z] CHK MOM:0% RANGE:0% UP:0% SPREAD:0.15151515% BID:0.66 ASK:0.661 MID:0.6605 P1:0.6605 P2:0.6605 P3:0.6605 P4:0.6605 STATE:IDLE
[2026-05-16 10:56:05Z] CHK MOM:0% RANGE:0% UP:0% SPREAD:0.15151515% BID:0.66 ASK:0.661 MID:0.6605 P1:0.6605 P2:0.6605 P3:0.6605 P4:0.6605 STATE:IDLE
[2026-05-16 10:56:05Z] CHK MOM:0% RANGE:0% UP:0% SPREAD:0.15151515% BID:0.66 ASK:0.661 MID:0.6605 P1:0.6605 P2:0.6605 P3:0.6605 P4:0.6605 STATE:IDLE
[2026-05-16 10:56:06Z] CHK MOM:0% RANGE:0% UP:0% SPREAD:0.15151515% BID:0.66 ASK:0.661 MID:0.6605 P1:0.6605 P2:0.6605 P3:0.6605 P4:0.6605 STATE:IDLE
[2026-05-16 10:56:06Z] CHK MOM:0% RANGE:0% UP:0% SPREAD:0.15151515% BID:0.66 ASK:0.661 MID:0.6605 P1:0.6605 P2:0.6605 P3:0.6605 P4:0.6605 STATE:IDLE
[2026-05-16 10:56:07Z] CHK MOM:0% RANGE:0% UP:0% SPREAD:0.15151515% BID:0.66 ASK:0.661 MID:0.6605 P1:0.6605 P2:0.6605 P3:0.6605 P4:0.6605 STATE:IDLE
[2026-05-16 10:56:08Z] CHK MOM:0% RANGE:0% UP:0% SPREAD:0.15151515% BID:0.66 ASK:0.661 MID:0.6605 P1:0.6605 P2:0.6605 P3:0.6605 P4:0.6605 STATE:IDLE
[2026-05-16 10:56:09Z] CHK MOM:0% RANGE:0% UP:0% SPREAD:0.15151515% BID:0.66 ASK:0.661 MID:0.6605 P1:0.6605 P2:0.6605 P3:0.6605 P4:0.6605 STATE:IDLE
[2026-05-16 10:56:09Z] CHK MOM:0% RANGE:0% UP:0% SPREAD:0.15151515% BID:0.66 ASK:0.661 MID:0.6605 P1:0.6605 P2:0.6605 P3:0.6605 P4:0.6605 STATE:IDLE
[2026-05-16 10:56:10Z] CHK MOM:0% RANGE:0% UP:0% SPREAD:0.15151515% BID:0.66 ASK:0.661 MID:0.6605 P1:0.6605 P2:0.6605 P3:0.6605 P4:0.6605 STATE:IDLE
[2026-05-16 10:56:10Z] CHK MOM:0% RANGE:0% UP:0% SPREAD:0.15151515% BID:0.66 ASK:0.661 MID:0.6605 P1:0.6605 P2:0.6605 P3:0.6605 P4:0.6605 STATE:IDLE
[2026-05-16 10:56:11Z] CHK MOM:0% RANGE:0% UP:0% SPREAD:0.15151515% BID:0.66 ASK:0.661 MID:0.6605 P1:0.6605 P2:0.6605 P3:0.6605 P4:0.6605 STATE:IDLE
[2026-05-16 10:56:12Z] CHK MOM:0% RANGE:0% UP:0% SPREAD:0.15151515% BID:0.66 ASK:0.661 MID:0.6605 P1:0.6605 P2:0.6605 P3:0.6605 P4:0.6605 STATE:IDLE
[2026-05-16 10:56:13Z] CHK MOM:0% RANGE:0% UP:0% SPREAD:0.15151515% BID:0.66 ASK:0.661 MID:0.6605 P1:0.6605 P2:0.6605 P3:0.6605 P4:0.6605 STATE:IDLE
[2026-05-16 10:56:13Z] CHK MOM:0% RANGE:0% UP:0% SPREAD:0.15151515% BID:0.66 ASK:0.661 MID:0.6605 P1:0.6605 P2:0.6605 P3:0.6605 P4:0.6605 STATE:IDLE
[2026-05-16 10:56:14Z] CHK MOM:0% RANGE:0% UP:0% SPREAD:0.15151515% BID:0.66 ASK:0.661 MID:0.6605 P1:0.6605 P2:0.6605 P3:0.6605 P4:0.6605 STATE:IDLE
[2026-05-16 10:56:14Z] CHK MOM:0% RANGE:0% UP:0% SPREAD:0.15151515% BID:0.66 ASK:0.661 MID:0.6605 P1:0.6605 P2:0.6605 P3:0.6605 P4:0.6605 STATE:IDLE
[2026-05-16 10:56:14Z] TOKEN_SWITCH old=ASTERUSDC new=DOGEUSDC source=.service.env
[2026-05-16 12:19:23Z] SESSION_START symbol=ASTERUSDC dry_run=0 profile=major strategy=momentum base_url=https://api.binance.com
[2026-05-16 12:19:23Z] TOXIC_MEMORY_LOADED count=1 symbols=ORDIUSDC
[2026-05-16 12:19:26Z] CHK MOM:0% RANGE:0% UP:0% SPREAD:0.15151515% BID:0.66 ASK:0.661 MID:0.6605 P1:0.6605 P2:NA P3:NA P4:NA STATE:IDLE
[2026-05-16 12:19:26Z] CHK MOM:0% RANGE:0% UP:0% SPREAD:0.15151515% BID:0.66 ASK:0.661 MID:0.6605 P1:0.6605 P2:NA P3:NA P4:NA STATE:IDLE
[2026-05-16 12:19:27Z] CHK MOM:0% RANGE:0% UP:0% SPREAD:0.15151515% BID:0.66 ASK:0.661 MID:0.6605 P1:0.6605 P2:NA P3:NA P4:NA STATE:IDLE
[2026-05-16 12:19:27Z] CHK MOM:0% RANGE:0% UP:0% SPREAD:0.15151515% BID:0.66 ASK:0.661 MID:0.6605 P1:0.6605 P2:NA P3:NA P4:NA STATE:IDLE
[2026-05-16 12:19:28Z] CHK MOM:0% RANGE:0% UP:0% SPREAD:0.15151515% BID:0.66 ASK:0.661 MID:0.6605 P1:0.6605 P2:NA P3:NA P4:NA STATE:IDLE
[2026-05-16 12:19:29Z] CHK MOM:0% RANGE:0% UP:0% SPREAD:0.15151515% BID:0.66 ASK:0.661 MID:0.6605 P1:0.6605 P2:0.6605 P3:NA P4:NA STATE:IDLE
[2026-05-16 12:19:29Z] CHK MOM:0% RANGE:0% UP:0% SPREAD:0.15151515% BID:0.66 ASK:0.661 MID:0.6605 P1:0.6605 P2:0.6605 P3:NA P4:NA STATE:IDLE
[2026-05-16 12:19:30Z] CHK MOM:0% RANGE:0% UP:0% SPREAD:0.15151515% BID:0.66 ASK:0.661 MID:0.6605 P1:0.6605 P2:0.6605 P3:NA P4:NA STATE:IDLE
[2026-05-16 12:19:30Z] CHK MOM:0% RANGE:0% UP:0% SPREAD:0.15151515% BID:0.66 ASK:0.661 MID:0.6605 P1:0.6605 P2:0.6605 P3:NA P4:NA STATE:IDLE
[2026-05-16 12:19:31Z] CHK MOM:0% RANGE:0% UP:0% SPREAD:0.15151515% BID:0.66 ASK:0.661 MID:0.6605 P1:0.6605 P2:0.6605 P3:NA P4:NA STATE:IDLE
[2026-05-16 12:19:32Z] CHK MOM:0% RANGE:0% UP:0% SPREAD:0.15151515% BID:0.66 ASK:0.661 MID:0.6605 P1:0.6605 P2:0.6605 P3:0.6605 P4:NA STATE:IDLE
[2026-05-16 12:19:33Z] CHK MOM:0% RANGE:0% UP:0% SPREAD:0.15151515% BID:0.66 ASK:0.661 MID:0.6605 P1:0.6605 P2:0.6605 P3:0.6605 P4:NA STATE:IDLE
[2026-05-16 12:19:33Z] CHK MOM:0% RANGE:0% UP:0% SPREAD:0.15151515% BID:0.66 ASK:0.661 MID:0.6605 P1:0.6605 P2:0.6605 P3:0.6605 P4:NA STATE:IDLE
[2026-05-16 12:19:34Z] CHK MOM:0% RANGE:0% UP:0% SPREAD:0.15151515% BID:0.66 ASK:0.661 MID:0.6605 P1:0.6605 P2:0.6605 P3:0.6605 P4:NA STATE:IDLE
[2026-05-16 12:19:34Z] CHK MOM:0% RANGE:0% UP:0% SPREAD:0.15151515% BID:0.66 ASK:0.661 MID:0.6605 P1:0.6605 P2:0.6605 P3:0.6605 P4:NA STATE:IDLE
[2026-05-16 12:19:35Z] CHK MOM:0% RANGE:0% UP:0% SPREAD:0.15151515% BID:0.66 ASK:0.661 MID:0.6605 P1:0.6605 P2:0.6605 P3:0.6605 P4:NA STATE:IDLE
[2026-05-16 12:19:36Z] CHK MOM:0% RANGE:0% UP:0% SPREAD:0.15151515% BID:0.66 ASK:0.661 MID:0.6605 P1:0.6605 P2:0.6605 P3:0.6605 P4:0.6605 STATE:IDLE
[2026-05-16 12:19:37Z] CHK MOM:0% RANGE:0% UP:0% SPREAD:0.15151515% BID:0.66 ASK:0.661 MID:0.6605 P1:0.6605 P2:0.6605 P3:0.6605 P4:0.6605 STATE:IDLE
[2026-05-16 12:19:37Z] CHK MOM:0% RANGE:0% UP:0% SPREAD:0.15151515% BID:0.66 ASK:0.661 MID:0.6605 P1:0.6605 P2:0.6605 P3:0.6605 P4:0.6605 STATE:IDLE
[2026-05-16 12:19:38Z] CHK MOM:0% RANGE:0% UP:0% SPREAD:0.15151515% BID:0.66 ASK:0.661 MID:0.6605 P1:0.6605 P2:0.6605 P3:0.6605 P4:0.6605 STATE:IDLE
[2026-05-16 12:19:38Z] CHK MOM:0% RANGE:0% UP:0% SPREAD:0.15151515% BID:0.66 ASK:0.661 MID:0.6605 P1:0.6605 P2:0.6605 P3:0.6605 P4:0.6605 STATE:IDLE
[2026-05-16 12:19:39Z] CHK MOM:0% RANGE:0% UP:0% SPREAD:0.15151515% BID:0.66 ASK:0.661 MID:0.6605 P1:0.6605 P2:0.6605 P3:0.6605 P4:0.6605 STATE:IDLE
[2026-05-16 12:19:40Z] CHK MOM:0% RANGE:0% UP:0% SPREAD:0.15151515% BID:0.66 ASK:0.661 MID:0.6605 P1:0.6605 P2:0.6605 P3:0.6605 P4:0.6605 STATE:IDLE
[2026-05-16 12:19:40Z] CHK MOM:0% RANGE:0% UP:0% SPREAD:0.15151515% BID:0.66 ASK:0.661 MID:0.6605 P1:0.6605 P2:0.6605 P3:0.6605 P4:0.6605 STATE:IDLE
[2026-05-16 12:19:41Z] CHK MOM:0% RANGE:0% UP:0% SPREAD:0.15151515% BID:0.66 ASK:0.661 MID:0.6605 P1:0.6605 P2:0.6605 P3:0.6605 P4:0.6605 STATE:IDLE
[2026-05-16 12:19:42Z] CHK MOM:0% RANGE:0% UP:0% SPREAD:0.15151515% BID:0.66 ASK:0.661 MID:0.6605 P1:0.6605 P2:0.6605 P3:0.6605 P4:0.6605 STATE:IDLE
[2026-05-16 12:19:42Z] CHK MOM:0% RANGE:0% UP:0% SPREAD:0.15151515% BID:0.66 ASK:0.661 MID:0.6605 P1:0.6605 P2:0.6605 P3:0.6605 P4:0.6605 STATE:IDLE
[2026-05-16 12:19:43Z] CHK MOM:0% RANGE:0% UP:0% SPREAD:0.15151515% BID:0.66 ASK:0.661 MID:0.6605 P1:0.6605 P2:0.6605 P3:0.6605 P4:0.6605 STATE:IDLE
[2026-05-16 12:19:44Z] CHK MOM:0% RANGE:0% UP:0% SPREAD:0.15151515% BID:0.66 ASK:0.661 MID:0.6605 P1:0.6605 P2:0.6605 P3:0.6605 P4:0.6605 STATE:IDLE
[2026-05-16 12:19:44Z] CHK MOM:0% RANGE:0% UP:0% SPREAD:0.15151515% BID:0.66 ASK:0.661 MID:0.6605 P1:0.6605 P2:0.6605 P3:0.6605 P4:0.6605 STATE:IDLE
[2026-05-16 12:19:45Z] CHK MOM:0% RANGE:0% UP:0% SPREAD:0.15151515% BID:0.66 ASK:0.661 MID:0.6605 P1:0.6605 P2:0.6605 P3:0.6605 P4:0.6605 STATE:IDLE
[2026-05-16 12:19:45Z] CHK MOM:0% RANGE:0% UP:0% SPREAD:0.15151515% BID:0.66 ASK:0.661 MID:0.6605 P1:0.6605 P2:0.6605 P3:0.6605 P4:0.6605 STATE:IDLE
[2026-05-16 12:19:46Z] CHK MOM:0% RANGE:0% UP:0% SPREAD:0.15151515% BID:0.66 ASK:0.661 MID:0.6605 P1:0.6605 P2:0.6605 P3:0.6605 P4:0.6605 STATE:IDLE
[2026-05-16 12:19:49Z] CHK MOM:0% RANGE:0% UP:0% SPREAD:0.15151515% BID:0.66 ASK:0.661 MID:0.6605 P1:0.6605 P2:0.6605 P3:0.6605 P4:0.6605 STATE:IDLE
[2026-05-16 12:19:50Z] CHK MOM:0% RANGE:0% UP:0% SPREAD:0.15151515% BID:0.66 ASK:0.661 MID:0.6605 P1:0.6605 P2:0.6605 P3:0.6605 P4:0.6605 STATE:IDLE
[2026-05-16 12:19:50Z] CHK MOM:0% RANGE:0% UP:0% SPREAD:0.15151515% BID:0.66 ASK:0.661 MID:0.6605 P1:0.6605 P2:0.6605 P3:0.6605 P4:0.6605 STATE:IDLE
[2026-05-16 12:19:51Z] CHK MOM:0% RANGE:0% UP:0% SPREAD:0.15151515% BID:0.66 ASK:0.661 MID:0.6605 P1:0.6605 P2:0.6605 P3:0.6605 P4:0.6605 STATE:IDLE
[2026-05-16 12:19:51Z] CHK MOM:0% RANGE:0% UP:0% SPREAD:0.15151515% BID:0.66 ASK:0.661 MID:0.6605 P1:0.6605 P2:0.6605 P3:0.6605 P4:0.6605 STATE:IDLE
[2026-05-16 12:19:52Z] CHK MOM:0% RANGE:0% UP:0% SPREAD:0.15151515% BID:0.66 ASK:0.661 MID:0.6605 P1:0.6605 P2:0.6605 P3:0.6605 P4:0.6605 STATE:IDLE
[2026-05-16 12:19:53Z] CHK MOM:0% RANGE:0% UP:0% SPREAD:0.15151515% BID:0.66 ASK:0.661 MID:0.6605 P1:0.6605 P2:0.6605 P3:0.6605 P4:0.6605 STATE:IDLE
[2026-05-16 12:19:53Z] CHK MOM:0% RANGE:0% UP:0% SPREAD:0.15151515% BID:0.66 ASK:0.661 MID:0.6605 P1:0.6605 P2:0.6605 P3:0.6605 P4:0.6605 STATE:IDLE
[2026-05-16 12:19:54Z] CHK MOM:0% RANGE:0% UP:0% SPREAD:0.15151515% BID:0.66 ASK:0.661 MID:0.6605 P1:0.6605 P2:0.6605 P3:0.6605 P4:0.6605 STATE:IDLE
[2026-05-16 12:19:55Z] CHK MOM:0% RANGE:0% UP:0% SPREAD:0.15151515% BID:0.66 ASK:0.661 MID:0.6605 P1:0.6605 P2:0.6605 P3:0.6605 P4:0.6605 STATE:IDLE
[2026-05-16 12:19:56Z] CHK MOM:0% RANGE:0% UP:0% SPREAD:0.15151515% BID:0.66 ASK:0.661 MID:0.6605 P1:0.6605 P2:0.6605 P3:0.6605 P4:0.6605 STATE:IDLE
[2026-05-16 12:19:56Z] CHK MOM:0% RANGE:0% UP:0% SPREAD:0.15151515% BID:0.66 ASK:0.661 MID:0.6605 P1:0.6605 P2:0.6605 P3:0.6605 P4:0.6605 STATE:IDLE
[2026-05-16 12:19:57Z] CHK MOM:0% RANGE:0% UP:0% SPREAD:0.15151515% BID:0.66 ASK:0.661 MID:0.6605 P1:0.6605 P2:0.6605 P3:0.6605 P4:0.6605 STATE:IDLE
[2026-05-16 12:19:57Z] CHK MOM:0% RANGE:0% UP:0% SPREAD:0.15151515% BID:0.66 ASK:0.661 MID:0.6605 P1:0.6605 P2:0.6605 P3:0.6605 P4:0.6605 STATE:IDLE
[2026-05-16 12:19:58Z] CHK MOM:0% RANGE:0% UP:0% SPREAD:0.15151515% BID:0.66 ASK:0.661 MID:0.6605 P1:0.6605 P2:0.6605 P3:0.6605 P4:0.6605 STATE:IDLE
[2026-05-16 12:19:58Z] CHK MOM:0% RANGE:0% UP:0% SPREAD:0.15151515% BID:0.66 ASK:0.661 MID:0.6605 P1:0.6605 P2:0.6605 P3:0.6605 P4:0.6605 STATE:IDLE
[2026-05-16 12:20:00Z] CHK MOM:0% RANGE:0% UP:0% SPREAD:0.15151515% BID:0.66 ASK:0.661 MID:0.6605 P1:0.6605 P2:0.6605 P3:0.6605 P4:0.6605 STATE:IDLE
[2026-05-16 12:20:01Z] CHK MOM:0% RANGE:0% UP:0% SPREAD:0.15151515% BID:0.66 ASK:0.661 MID:0.6605 P1:0.6605 P2:0.6605 P3:0.6605 P4:0.6605 STATE:IDLE
[2026-05-16 12:20:01Z] CHK MOM:0% RANGE:0% UP:0% SPREAD:0.15151515% BID:0.66 ASK:0.661 MID:0.6605 P1:0.6605 P2:0.6605 P3:0.6605 P4:0.6605 STATE:IDLE
[2026-05-16 12:20:02Z] CHK MOM:0% RANGE:0% UP:0% SPREAD:0.15151515% BID:0.66 ASK:0.661 MID:0.6605 P1:0.6605 P2:0.6605 P3:0.6605 P4:0.6605 STATE:IDLE
[2026-05-16 12:20:02Z] CHK MOM:0% RANGE:0% UP:0% SPREAD:0.15151515% BID:0.66 ASK:0.661 MID:0.6605 P1:0.6605 P2:0.6605 P3:0.6605 P4:0.6605 STATE:IDLE
[2026-05-16 12:20:03Z] CHK MOM:0% RANGE:0% UP:0% SPREAD:0.15151515% BID:0.66 ASK:0.661 MID:0.6605 P1:0.6605 P2:0.6605 P3:0.6605 P4:0.6605 STATE:IDLE
[2026-05-16 12:20:04Z] CHK MOM:0% RANGE:0% UP:0% SPREAD:0.15151515% BID:0.66 ASK:0.661 MID:0.6605 P1:0.6605 P2:0.6605 P3:0.6605 P4:0.6605 STATE:IDLE
[2026-05-16 12:20:04Z] CHK MOM:0% RANGE:0% UP:0% SPREAD:0.15151515% BID:0.66 ASK:0.661 MID:0.6605 P1:0.6605 P2:0.6605 P3:0.6605 P4:0.6605 STATE:IDLE
[2026-05-16 12:20:05Z] CHK MOM:0% RANGE:0% UP:0% SPREAD:0.15151515% BID:0.66 ASK:0.661 MID:0.6605 P1:0.6605 P2:0.6605 P3:0.6605 P4:0.6605 STATE:IDLE
[2026-05-16 12:20:06Z] CHK MOM:0% RANGE:0% UP:0% SPREAD:0.15151515% BID:0.66 ASK:0.661 MID:0.6605 P1:0.6605 P2:0.6605 P3:0.6605 P4:0.6605 STATE:IDLE
[2026-05-16 12:20:06Z] CHK MOM:0% RANGE:0% UP:0% SPREAD:0.15151515% BID:0.66 ASK:0.661 MID:0.6605 P1:0.6605 P2:0.6605 P3:0.6605 P4:0.6605 STATE:IDLE
[2026-05-16 12:20:07Z] CHK MOM:0% RANGE:0% UP:0% SPREAD:0.15151515% BID:0.66 ASK:0.661 MID:0.6605 P1:0.6605 P2:0.6605 P3:0.6605 P4:0.6605 STATE:IDLE
[2026-05-16 12:20:07Z] CHK MOM:0% RANGE:0% UP:0% SPREAD:0.15151515% BID:0.66 ASK:0.661 MID:0.6605 P1:0.6605 P2:0.6605 P3:0.6605 P4:0.6605 STATE:IDLE
[2026-05-16 12:20:08Z] CHK MOM:0% RANGE:0% UP:0% SPREAD:0.15151515% BID:0.66 ASK:0.661 MID:0.6605 P1:0.6605 P2:0.6605 P3:0.6605 P4:0.6605 STATE:IDLE
[2026-05-16 12:20:08Z] CHK MOM:0% RANGE:0% UP:0% SPREAD:0.15151515% BID:0.66 ASK:0.661 MID:0.6605 P1:0.6605 P2:0.6605 P3:0.6605 P4:0.6605 STATE:IDLE
[2026-05-16 12:20:11Z] CHK MOM:0% RANGE:0% UP:0% SPREAD:0.15151515% BID:0.66 ASK:0.661 MID:0.6605 P1:0.6605 P2:0.6605 P3:0.6605 P4:0.6605 STATE:IDLE
[2026-05-16 12:20:12Z] CHK MOM:0% RANGE:0% UP:0% SPREAD:0.15151515% BID:0.66 ASK:0.661 MID:0.6605 P1:0.6605 P2:0.6605 P3:0.6605 P4:0.6605 STATE:IDLE
[2026-05-16 12:20:12Z] CHK MOM:0% RANGE:0% UP:0% SPREAD:0.15151515% BID:0.66 ASK:0.661 MID:0.6605 P1:0.6605 P2:0.6605 P3:0.6605 P4:0.6605 STATE:IDLE
[2026-05-16 12:20:13Z] CHK MOM:0% RANGE:0% UP:0% SPREAD:0.15151515% BID:0.66 ASK:0.661 MID:0.6605 P1:0.6605 P2:0.6605 P3:0.6605 P4:0.6605 STATE:IDLE
[2026-05-16 12:20:13Z] CHK MOM:0% RANGE:0% UP:0% SPREAD:0.15151515% BID:0.66 ASK:0.661 MID:0.6605 P1:0.6605 P2:0.6605 P3:0.6605 P4:0.6605 STATE:IDLE
[2026-05-16 12:20:14Z] CHK MOM:0% RANGE:0% UP:0% SPREAD:0.15151515% BID:0.66 ASK:0.661 MID:0.6605 P1:0.6605 P2:0.6605 P3:0.6605 P4:0.6605 STATE:IDLE
[2026-05-16 12:20:15Z] CHK MOM:0% RANGE:0% UP:0% SPREAD:0.15151515% BID:0.66 ASK:0.661 MID:0.6605 P1:0.6605 P2:0.6605 P3:0.6605 P4:0.6605 STATE:IDLE
[2026-05-16 12:20:15Z] CHK MOM:0% RANGE:0% UP:0% SPREAD:0.15151515% BID:0.66 ASK:0.661 MID:0.6605 P1:0.6605 P2:0.6605 P3:0.6605 P4:0.6605 STATE:IDLE
[2026-05-16 12:20:16Z] CHK MOM:0% RANGE:0% UP:0% SPREAD:0.15151515% BID:0.66 ASK:0.661 MID:0.6605 P1:0.6605 P2:0.6605 P3:0.6605 P4:0.6605 STATE:IDLE
[2026-05-16 12:20:17Z] CHK MOM:0% RANGE:0% UP:0% SPREAD:0.15151515% BID:0.66 ASK:0.661 MID:0.6605 P1:0.6605 P2:0.6605 P3:0.6605 P4:0.6605 STATE:IDLE
[2026-05-16 12:20:18Z] CHK MOM:0% RANGE:0% UP:0% SPREAD:0.15151515% BID:0.66 ASK:0.661 MID:0.6605 P1:0.6605 P2:0.6605 P3:0.6605 P4:0.6605 STATE:IDLE
[2026-05-16 12:20:18Z] CHK MOM:0% RANGE:0% UP:0% SPREAD:0.15151515% BID:0.66 ASK:0.661 MID:0.6605 P1:0.6605 P2:0.6605 P3:0.6605 P4:0.6605 STATE:IDLE
[2026-05-16 12:20:19Z] CHK MOM:0% RANGE:0% UP:0% SPREAD:0.15151515% BID:0.66 ASK:0.661 MID:0.6605 P1:0.6605 P2:0.6605 P3:0.6605 P4:0.6605 STATE:IDLE
[2026-05-16 12:20:19Z] CHK MOM:0% RANGE:0% UP:0% SPREAD:0.15151515% BID:0.66 ASK:0.661 MID:0.6605 P1:0.6605 P2:0.6605 P3:0.6605 P4:0.6605 STATE:IDLE
[2026-05-16 12:20:20Z] CHK MOM:0% RANGE:0% UP:0% SPREAD:0.15151515% BID:0.66 ASK:0.661 MID:0.6605 P1:0.6605 P2:0.6605 P3:0.6605 P4:0.6605 STATE:IDLE
[2026-05-16 12:20:20Z] CHK MOM:0% RANGE:0% UP:0% SPREAD:0.15151515% BID:0.66 ASK:0.661 MID:0.6605 P1:0.6605 P2:0.6605 P3:0.6605 P4:0.6605 STATE:IDLE
[2026-05-16 12:20:21Z] CHK MOM:0% RANGE:0% UP:0% SPREAD:0.15151515% BID:0.66 ASK:0.661 MID:0.6605 P1:0.6605 P2:0.6605 P3:0.6605 P4:0.6605 STATE:IDLE
[2026-05-16 12:20:22Z] CHK MOM:0% RANGE:0% UP:0% SPREAD:0.15151515% BID:0.66 ASK:0.661 MID:0.6605 P1:0.6605 P2:0.6605 P3:0.6605 P4:0.6605 STATE:IDLE
[2026-05-16 12:20:23Z] CHK MOM:0% RANGE:0% UP:0% SPREAD:0.15151515% BID:0.66 ASK:0.661 MID:0.6605 P1:0.6605 P2:0.6605 P3:0.6605 P4:0.6605 STATE:IDLE
[2026-05-16 12:20:23Z] CHK MOM:0% RANGE:0% UP:0% SPREAD:0.15151515% BID:0.66 ASK:0.661 MID:0.6605 P1:0.6605 P2:0.6605 P3:0.6605 P4:0.6605 STATE:IDLE
[2026-05-16 12:20:24Z] CHK MOM:0% RANGE:0% UP:0% SPREAD:0.15151515% BID:0.66 ASK:0.661 MID:0.6605 P1:0.6605 P2:0.6605 P3:0.6605 P4:0.6605 STATE:IDLE
[2026-05-16 12:20:25Z] CHK MOM:0% RANGE:0% UP:0% SPREAD:0.15151515% BID:0.66 ASK:0.661 MID:0.6605 P1:0.6605 P2:0.6605 P3:0.6605 P4:0.6605 STATE:IDLE
[2026-05-16 12:20:25Z] CHK MOM:0% RANGE:0% UP:0% SPREAD:0.15151515% BID:0.66 ASK:0.661 MID:0.6605 P1:0.6605 P2:0.6605 P3:0.6605 P4:0.6605 STATE:IDLE
[2026-05-16 12:20:26Z] CHK MOM:0% RANGE:0% UP:0% SPREAD:0.15151515% BID:0.66 ASK:0.661 MID:0.6605 P1:0.6605 P2:0.6605 P3:0.6605 P4:0.6605 STATE:IDLE
[2026-05-16 12:20:26Z] CHK MOM:0% RANGE:0% UP:0% SPREAD:0.15151515% BID:0.66 ASK:0.661 MID:0.6605 P1:0.6605 P2:0.6605 P3:0.6605 P4:0.6605 STATE:IDLE
[2026-05-16 12:20:27Z] CHK MOM:0% RANGE:0% UP:0% SPREAD:0.15151515% BID:0.66 ASK:0.661 MID:0.6605 P1:0.6605 P2:0.6605 P3:0.6605 P4:0.6605 STATE:IDLE
[2026-05-16 12:20:28Z] CHK MOM:0% RANGE:0% UP:0% SPREAD:0.15151515% BID:0.66 ASK:0.661 MID:0.6605 P1:0.6605 P2:0.6605 P3:0.6605 P4:0.6605 STATE:IDLE
[2026-05-16 12:20:28Z] CHK MOM:0% RANGE:0% UP:0% SPREAD:0.15151515% BID:0.66 ASK:0.661 MID:0.6605 P1:0.6605 P2:0.6605 P3:0.6605 P4:0.6605 STATE:IDLE
[2026-05-16 12:20:29Z] CHK MOM:0% RANGE:0% UP:0% SPREAD:0.15151515% BID:0.66 ASK:0.661 MID:0.6605 P1:0.6605 P2:0.6605 P3:0.6605 P4:0.6605 STATE:IDLE
[2026-05-16 12:20:29Z] CHK MOM:0% RANGE:0% UP:0% SPREAD:0.15151515% BID:0.66 ASK:0.661 MID:0.6605 P1:0.6605 P2:0.6605 P3:0.6605 P4:0.6605 STATE:IDLE
[2026-05-16 12:20:30Z] CHK MOM:0% RANGE:0% UP:0% SPREAD:0.15151515% BID:0.66 ASK:0.661 MID:0.6605 P1:0.6605 P2:0.6605 P3:0.6605 P4:0.6605 STATE:IDLE
[2026-05-16 12:20:30Z] CHK MOM:0% RANGE:0% UP:0% SPREAD:0.15151515% BID:0.66 ASK:0.661 MID:0.6605 P1:0.6605 P2:0.6605 P3:0.6605 P4:0.6605 STATE:IDLE
[2026-05-16 12:20:31Z] CHK MOM:0% RANGE:0% UP:0% SPREAD:0.15151515% BID:0.66 ASK:0.661 MID:0.6605 P1:0.6605 P2:0.6605 P3:0.6605 P4:0.6605 STATE:IDLE
[2026-05-16 12:20:31Z] CHK MOM:0% RANGE:0% UP:0% SPREAD:0.15151515% BID:0.66 ASK:0.661 MID:0.6605 P1:0.6605 P2:0.6605 P3:0.6605 P4:0.6605 STATE:IDLE
[2026-05-16 12:20:32Z] CHK MOM:0% RANGE:0% UP:0% SPREAD:0.15151515% BID:0.66 ASK:0.661 MID:0.6605 P1:0.6605 P2:0.6605 P3:0.6605 P4:0.6605 STATE:IDLE
[2026-05-16 12:20:32Z] CHK MOM:0% RANGE:0% UP:0% SPREAD:0.15151515% BID:0.66 ASK:0.661 MID:0.6605 P1:0.6605 P2:0.6605 P3:0.6605 P4:0.6605 STATE:IDLE
[2026-05-16 12:20:33Z] CHK MOM:0% RANGE:0% UP:0% SPREAD:0.15151515% BID:0.66 ASK:0.661 MID:0.6605 P1:0.6605 P2:0.6605 P3:0.6605 P4:0.6605 STATE:IDLE
[2026-05-16 12:20:34Z] CHK MOM:0% RANGE:0% UP:0% SPREAD:0.15151515% BID:0.66 ASK:0.661 MID:0.6605 P1:0.6605 P2:0.6605 P3:0.6605 P4:0.6605 STATE:IDLE
[2026-05-16 12:20:36Z] CHK MOM:0% RANGE:0% UP:0% SPREAD:0.15151515% BID:0.66 ASK:0.661 MID:0.6605 P1:0.6605 P2:0.6605 P3:0.6605 P4:0.6605 STATE:IDLE
[2026-05-16 12:20:36Z] CHK MOM:0% RANGE:0% UP:0% SPREAD:0.15151515% BID:0.66 ASK:0.661 MID:0.6605 P1:0.6605 P2:0.6605 P3:0.6605 P4:0.6605 STATE:IDLE
[2026-05-16 12:20:37Z] CHK MOM:0% RANGE:0% UP:0% SPREAD:0.15151515% BID:0.66 ASK:0.661 MID:0.6605 P1:0.6605 P2:0.6605 P3:0.6605 P4:0.6605 STATE:IDLE
[2026-05-16 12:20:37Z] CHK MOM:0% RANGE:0% UP:0% SPREAD:0.15151515% BID:0.66 ASK:0.661 MID:0.6605 P1:0.6605 P2:0.6605 P3:0.6605 P4:0.6605 STATE:IDLE
[2026-05-16 12:20:38Z] CHK MOM:0% RANGE:0% UP:0% SPREAD:0.15151515% BID:0.66 ASK:0.661 MID:0.6605 P1:0.6605 P2:0.6605 P3:0.6605 P4:0.6605 STATE:IDLE
[2026-05-16 12:20:39Z] CHK MOM:0% RANGE:0% UP:0% SPREAD:0.15151515% BID:0.66 ASK:0.661 MID:0.6605 P1:0.6605 P2:0.6605 P3:0.6605 P4:0.6605 STATE:IDLE
[2026-05-16 12:20:40Z] CHK MOM:0% RANGE:0% UP:0% SPREAD:0.15151515% BID:0.66 ASK:0.661 MID:0.6605 P1:0.6605 P2:0.6605 P3:0.6605 P4:0.6605 STATE:IDLE
[2026-05-16 12:20:40Z] CHK MOM:0% RANGE:0% UP:0% SPREAD:0.15151515% BID:0.66 ASK:0.661 MID:0.6605 P1:0.6605 P2:0.6605 P3:0.6605 P4:0.6605 STATE:IDLE
[2026-05-16 12:20:41Z] CHK MOM:0% RANGE:0% UP:0% SPREAD:0.15151515% BID:0.66 ASK:0.661 MID:0.6605 P1:0.6605 P2:0.6605 P3:0.6605 P4:0.6605 STATE:IDLE
[2026-05-16 12:20:41Z] CHK MOM:0% RANGE:0% UP:0% SPREAD:0.15151515% BID:0.66 ASK:0.661 MID:0.6605 P1:0.6605 P2:0.6605 P3:0.6605 P4:0.6605 STATE:IDLE
[2026-05-16 12:20:42Z] CHK MOM:0% RANGE:0% UP:0% SPREAD:0.15151515% BID:0.66 ASK:0.661 MID:0.6605 P1:0.6605 P2:0.6605 P3:0.6605 P4:0.6605 STATE:IDLE
[2026-05-16 12:20:43Z] CHK MOM:0% RANGE:0% UP:0% SPREAD:0.15151515% BID:0.66 ASK:0.661 MID:0.6605 P1:0.6605 P2:0.6605 P3:0.6605 P4:0.6605 STATE:IDLE
[2026-05-16 12:20:44Z] CHK MOM:0% RANGE:0% UP:0% SPREAD:0.15151515% BID:0.66 ASK:0.661 MID:0.6605 P1:0.6605 P2:0.6605 P3:0.6605 P4:0.6605 STATE:IDLE
[2026-05-16 12:20:44Z] CHK MOM:0% RANGE:0% UP:0% SPREAD:0.15151515% BID:0.66 ASK:0.661 MID:0.6605 P1:0.6605 P2:0.6605 P3:0.6605 P4:0.6605 STATE:IDLE
[2026-05-16 12:20:45Z] CHK MOM:0% RANGE:0% UP:0% SPREAD:0.15151515% BID:0.66 ASK:0.661 MID:0.6605 P1:0.6605 P2:0.6605 P3:0.6605 P4:0.6605 STATE:IDLE
[2026-05-16 12:20:45Z] CHK MOM:0% RANGE:0% UP:0% SPREAD:0.15151515% BID:0.66 ASK:0.661 MID:0.6605 P1:0.6605 P2:0.6605 P3:0.6605 P4:0.6605 STATE:IDLE
[2026-05-16 12:20:46Z] CHK MOM:0% RANGE:0% UP:0% SPREAD:0.15151515% BID:0.66 ASK:0.661 MID:0.6605 P1:0.6605 P2:0.6605 P3:0.6605 P4:0.6605 STATE:IDLE
[2026-05-16 12:20:47Z] CHK MOM:0% RANGE:0% UP:0% SPREAD:0.15151515% BID:0.66 ASK:0.661 MID:0.6605 P1:0.6605 P2:0.6605 P3:0.6605 P4:0.6605 STATE:IDLE
[2026-05-16 12:20:47Z] CHK MOM:0% RANGE:0% UP:0% SPREAD:0.15151515% BID:0.66 ASK:0.661 MID:0.6605 P1:0.6605 P2:0.6605 P3:0.6605 P4:0.6605 STATE:IDLE
[2026-05-16 12:20:48Z] CHK MOM:0% RANGE:0% UP:0% SPREAD:0.15151515% BID:0.66 ASK:0.661 MID:0.6605 P1:0.6605 P2:0.6605 P3:0.6605 P4:0.6605 STATE:IDLE
[2026-05-16 12:20:48Z] CHK MOM:0% RANGE:0% UP:0% SPREAD:0.15151515% BID:0.66 ASK:0.661 MID:0.6605 P1:0.6605 P2:0.6605 P3:0.6605 P4:0.6605 STATE:IDLE
[2026-05-16 12:20:49Z] CHK MOM:0% RANGE:0% UP:0% SPREAD:0.15151515% BID:0.66 ASK:0.661 MID:0.6605 P1:0.6605 P2:0.6605 P3:0.6605 P4:0.6605 STATE:IDLE
[2026-05-16 12:20:52Z] CHK MOM:0% RANGE:0% UP:0% SPREAD:0.15151515% BID:0.66 ASK:0.661 MID:0.6605 P1:0.6605 P2:0.6605 P3:0.6605 P4:0.6605 STATE:IDLE
[2026-05-16 12:20:53Z] CHK MOM:0% RANGE:0% UP:0% SPREAD:0.15151515% BID:0.66 ASK:0.661 MID:0.6605 P1:0.6605 P2:0.6605 P3:0.6605 P4:0.6605 STATE:IDLE
[2026-05-16 12:20:53Z] CHK MOM:0% RANGE:0% UP:0% SPREAD:0.15151515% BID:0.66 ASK:0.661 MID:0.6605 P1:0.6605 P2:0.6605 P3:0.6605 P4:0.6605 STATE:IDLE
[2026-05-16 12:20:54Z] CHK MOM:0% RANGE:0% UP:0% SPREAD:0.15151515% BID:0.66 ASK:0.661 MID:0.6605 P1:0.6605 P2:0.6605 P3:0.6605 P4:0.6605 STATE:IDLE
[2026-05-16 12:20:55Z] CHK MOM:0% RANGE:0% UP:0% SPREAD:0.15151515% BID:0.66 ASK:0.661 MID:0.6605 P1:0.6605 P2:0.6605 P3:0.6605 P4:0.6605 STATE:IDLE
[2026-05-16 12:20:55Z] CHK MOM:0% RANGE:0% UP:0% SPREAD:0.15151515% BID:0.66 ASK:0.661 MID:0.6605 P1:0.6605 P2:0.6605 P3:0.6605 P4:0.6605 STATE:IDLE
[2026-05-16 12:20:56Z] CHK MOM:0% RANGE:0% UP:0% SPREAD:0.15151515% BID:0.66 ASK:0.661 MID:0.6605 P1:0.6605 P2:0.6605 P3:0.6605 P4:0.6605 STATE:IDLE
[2026-05-16 12:20:56Z] CHK MOM:0% RANGE:0% UP:0% SPREAD:0.15151515% BID:0.66 ASK:0.661 MID:0.6605 P1:0.6605 P2:0.6605 P3:0.6605 P4:0.6605 STATE:IDLE
[2026-05-16 12:20:57Z] CHK MOM:0% RANGE:0% UP:0% SPREAD:0.15151515% BID:0.66 ASK:0.661 MID:0.6605 P1:0.6605 P2:0.6605 P3:0.6605 P4:0.6605 STATE:IDLE
[2026-05-16 12:20:57Z] CHK MOM:0% RANGE:0% UP:0% SPREAD:0.15151515% BID:0.66 ASK:0.661 MID:0.6605 P1:0.6605 P2:0.6605 P3:0.6605 P4:0.6605 STATE:IDLE
[2026-05-16 12:20:58Z] CHK MOM:0% RANGE:0% UP:0% SPREAD:0.15151515% BID:0.66 ASK:0.661 MID:0.6605 P1:0.6605 P2:0.6605 P3:0.6605 P4:0.6605 STATE:IDLE
[2026-05-16 12:20:58Z] CHK MOM:0% RANGE:0% UP:0% SPREAD:0.15151515% BID:0.66 ASK:0.661 MID:0.6605 P1:0.6605 P2:0.6605 P3:0.6605 P4:0.6605 STATE:IDLE
[2026-05-16 12:21:00Z] CHK MOM:0% RANGE:0% UP:0% SPREAD:0.15151515% BID:0.66 ASK:0.661 MID:0.6605 P1:0.6605 P2:0.6605 P3:0.6605 P4:0.6605 STATE:IDLE
[2026-05-16 12:21:00Z] CHK MOM:0% RANGE:0% UP:0% SPREAD:0.15151515% BID:0.66 ASK:0.661 MID:0.6605 P1:0.6605 P2:0.6605 P3:0.6605 P4:0.6605 STATE:IDLE
[2026-05-16 12:21:01Z] CHK MOM:0% RANGE:0% UP:0% SPREAD:0.15151515% BID:0.66 ASK:0.661 MID:0.6605 P1:0.6605 P2:0.6605 P3:0.6605 P4:0.6605 STATE:IDLE
[2026-05-16 12:21:01Z] CHK MOM:0% RANGE:0% UP:0% SPREAD:0.15151515% BID:0.66 ASK:0.661 MID:0.6605 P1:0.6605 P2:0.6605 P3:0.6605 P4:0.6605 STATE:IDLE
[2026-05-16 12:21:02Z] CHK MOM:0% RANGE:0% UP:0% SPREAD:0.15151515% BID:0.66 ASK:0.661 MID:0.6605 P1:0.6605 P2:0.6605 P3:0.6605 P4:0.6605 STATE:IDLE
[2026-05-16 12:21:06Z] CHK MOM:0% RANGE:0% UP:0% SPREAD:0.15151515% BID:0.66 ASK:0.661 MID:0.6605 P1:0.6605 P2:0.6605 P3:0.6605 P4:0.6605 STATE:IDLE
[2026-05-16 12:21:07Z] CHK MOM:0% RANGE:0% UP:0% SPREAD:0.15151515% BID:0.66 ASK:0.661 MID:0.6605 P1:0.6605 P2:0.6605 P3:0.6605 P4:0.6605 STATE:IDLE
[2026-05-16 12:21:07Z] CHK MOM:0% RANGE:0% UP:0% SPREAD:0.15151515% BID:0.66 ASK:0.661 MID:0.6605 P1:0.6605 P2:0.6605 P3:0.6605 P4:0.6605 STATE:IDLE
[2026-05-16 12:21:08Z] CHK MOM:0% RANGE:0% UP:0% SPREAD:0.15151515% BID:0.66 ASK:0.661 MID:0.6605 P1:0.6605 P2:0.6605 P3:0.6605 P4:0.6605 STATE:IDLE
[2026-05-16 12:21:08Z] CHK MOM:0% RANGE:0% UP:0% SPREAD:0.15151515% BID:0.66 ASK:0.661 MID:0.6605 P1:0.6605 P2:0.6605 P3:0.6605 P4:0.6605 STATE:IDLE
[2026-05-16 12:21:09Z] CHK MOM:0% RANGE:0% UP:0% SPREAD:0.15151515% BID:0.66 ASK:0.661 MID:0.6605 P1:0.6605 P2:0.6605 P3:0.6605 P4:0.6605 STATE:IDLE
[2026-05-16 12:21:10Z] CHK MOM:0% RANGE:0% UP:0% SPREAD:0.15151515% BID:0.66 ASK:0.661 MID:0.6605 P1:0.6605 P2:0.6605 P3:0.6605 P4:0.6605 STATE:IDLE
[2026-05-16 12:21:10Z] CHK MOM:0% RANGE:0% UP:0% SPREAD:0.15151515% BID:0.66 ASK:0.661 MID:0.6605 P1:0.6605 P2:0.6605 P3:0.6605 P4:0.6605 STATE:IDLE
[2026-05-16 12:21:11Z] CHK MOM:0% RANGE:0% UP:0% SPREAD:0.15151515% BID:0.66 ASK:0.661 MID:0.6605 P1:0.6605 P2:0.6605 P3:0.6605 P4:0.6605 STATE:IDLE
[2026-05-16 12:21:12Z] CHK MOM:0% RANGE:0% UP:0% SPREAD:0.15151515% BID:0.66 ASK:0.661 MID:0.6605 P1:0.6605 P2:0.6605 P3:0.6605 P4:0.6605 STATE:IDLE
[2026-05-16 12:21:13Z] CHK MOM:0% RANGE:0% UP:0% SPREAD:0.15151515% BID:0.66 ASK:0.661 MID:0.6605 P1:0.6605 P2:0.6605 P3:0.6605 P4:0.6605 STATE:IDLE
[2026-05-16 12:21:13Z] CHK MOM:0% RANGE:0% UP:0% SPREAD:0.15151515% BID:0.66 ASK:0.661 MID:0.6605 P1:0.6605 P2:0.6605 P3:0.6605 P4:0.6605 STATE:IDLE
[2026-05-16 12:21:14Z] CHK MOM:0% RANGE:0% UP:0% SPREAD:0.15151515% BID:0.66 ASK:0.661 MID:0.6605 P1:0.6605 P2:0.6605 P3:0.6605 P4:0.6605 STATE:IDLE
[2026-05-16 12:21:14Z] CHK MOM:0% RANGE:0% UP:0% SPREAD:0.15151515% BID:0.66 ASK:0.661 MID:0.6605 P1:0.6605 P2:0.6605 P3:0.6605 P4:0.6605 STATE:IDLE
[2026-05-16 12:21:15Z] CHK MOM:0% RANGE:0% UP:0% SPREAD:0.15151515% BID:0.66 ASK:0.661 MID:0.6605 P1:0.6605 P2:0.6605 P3:0.6605 P4:0.6605 STATE:IDLE
[2026-05-16 12:21:15Z] CHK MOM:0% RANGE:0% UP:0% SPREAD:0.15151515% BID:0.66 ASK:0.661 MID:0.6605 P1:0.6605 P2:0.6605 P3:0.6605 P4:0.6605 STATE:IDLE
[2026-05-16 12:21:17Z] CHK MOM:0% RANGE:0% UP:0% SPREAD:0.15151515% BID:0.66 ASK:0.661 MID:0.6605 P1:0.6605 P2:0.6605 P3:0.6605 P4:0.6605 STATE:IDLE
[2026-05-16 12:21:17Z] CHK MOM:0% RANGE:0% UP:0% SPREAD:0.15151515% BID:0.66 ASK:0.661 MID:0.6605 P1:0.6605 P2:0.6605 P3:0.6605 P4:0.6605 STATE:IDLE
[2026-05-16 12:21:18Z] CHK MOM:0% RANGE:0% UP:0% SPREAD:0.15151515% BID:0.66 ASK:0.661 MID:0.6605 P1:0.6605 P2:0.6605 P3:0.6605 P4:0.6605 STATE:IDLE
[2026-05-16 12:21:18Z] CHK MOM:0% RANGE:0% UP:0% SPREAD:0.15151515% BID:0.66 ASK:0.661 MID:0.6605 P1:0.6605 P2:0.6605 P3:0.6605 P4:0.6605 STATE:IDLE
[2026-05-16 12:21:19Z] CHK MOM:0% RANGE:0% UP:0% SPREAD:0.15151515% BID:0.66 ASK:0.661 MID:0.6605 P1:0.6605 P2:0.6605 P3:0.6605 P4:0.6605 STATE:IDLE
[2026-05-16 12:21:19Z] CHK MOM:0% RANGE:0% UP:0% SPREAD:0.15151515% BID:0.66 ASK:0.661 MID:0.6605 P1:0.6605 P2:0.6605 P3:0.6605 P4:0.6605 STATE:IDLE
[2026-05-16 12:21:20Z] CHK MOM:0% RANGE:0% UP:0% SPREAD:0.15151515% BID:0.66 ASK:0.661 MID:0.6605 P1:0.6605 P2:0.6605 P3:0.6605 P4:0.6605 STATE:IDLE
[2026-05-16 12:21:20Z] CHK MOM:0% RANGE:0% UP:0% SPREAD:0.15151515% BID:0.66 ASK:0.661 MID:0.6605 P1:0.6605 P2:0.6605 P3:0.6605 P4:0.6605 STATE:IDLE
[2026-05-16 12:21:21Z] CHK MOM:0% RANGE:0% UP:0% SPREAD:0.15151515% BID:0.66 ASK:0.661 MID:0.6605 P1:0.6605 P2:0.6605 P3:0.6605 P4:0.6605 STATE:IDLE
[2026-05-16 12:21:22Z] CHK MOM:0% RANGE:0% UP:0% SPREAD:0.15151515% BID:0.66 ASK:0.661 MID:0.6605 P1:0.6605 P2:0.6605 P3:0.6605 P4:0.6605 STATE:IDLE
[2026-05-16 12:21:23Z] CHK MOM:0% RANGE:0% UP:0% SPREAD:0.15151515% BID:0.66 ASK:0.661 MID:0.6605 P1:0.6605 P2:0.6605 P3:0.6605 P4:0.6605 STATE:IDLE
[2026-05-16 12:21:23Z] CHK MOM:0% RANGE:0% UP:0% SPREAD:0.15151515% BID:0.66 ASK:0.661 MID:0.6605 P1:0.6605 P2:0.6605 P3:0.6605 P4:0.6605 STATE:IDLE
[2026-05-16 12:21:23Z] TOKEN_SWITCH old=ASTERUSDC new=FETUSDC source=.service.env
