[2026-05-11 20:41:20Z] SESSION_START symbol=CRVUSDC dry_run=0 profile=major strategy=momentum base_url=https://api.binance.com
[2026-05-11 20:41:20Z] TOXIC_MEMORY_LOADED count=4 symbols=GUNUSDC,JTOUSDC,ORDIUSDC,SAHARAUSDC
[2026-05-11 20:41:22Z] CHK MOM:0% RANGE:0% UP:0% SPREAD:0.0698324% BID:0.2864 ASK:0.2866 MID:0.2865 P1:0.2865 P2:NA P3:NA P4:NA STATE:IDLE
[2026-05-11 20:41:22Z] CHK MOM:0% RANGE:0% UP:0% SPREAD:0.0698324% BID:0.2864 ASK:0.2866 MID:0.2865 P1:0.2865 P2:NA P3:NA P4:NA STATE:IDLE
[2026-05-11 20:41:23Z] CHK MOM:0% RANGE:0% UP:0% SPREAD:0.0698324% BID:0.2864 ASK:0.2866 MID:0.2865 P1:0.2865 P2:NA P3:NA P4:NA STATE:IDLE
[2026-05-11 20:41:23Z] CHK MOM:0% RANGE:0% UP:0% SPREAD:0.0698324% BID:0.2864 ASK:0.2866 MID:0.2865 P1:0.2865 P2:NA P3:NA P4:NA STATE:IDLE
[2026-05-11 20:41:24Z] CHK MOM:0% RANGE:0% UP:0% SPREAD:0.0698324% BID:0.2864 ASK:0.2866 MID:0.2865 P1:0.2865 P2:NA P3:NA P4:NA STATE:IDLE
[2026-05-11 20:41:25Z] CHK MOM:0.01% RANGE:0.01% UP:100% SPREAD:0.03490401% BID:0.2865 ASK:0.2866 MID:0.28654999 P1:0.28654999 P2:0.2865 P3:NA P4:NA STATE:IDLE
[2026-05-11 20:41:25Z] CHK MOM:0.05% RANGE:0.05% UP:100% SPREAD:0.10471204% BID:0.2865 ASK:0.2868 MID:0.28664999 P1:0.28664999 P2:0.28654999 P3:0.2865 P4:NA STATE:IDLE
[2026-05-11 20:41:26Z] CHK MOM:0.08% RANGE:0.08% UP:100% SPREAD:0.03487966% BID:0.2867 ASK:0.2868 MID:0.28675 P1:0.28675 P2:0.28664999 P3:0.28654999 P4:0.2865 STATE:IDLE
[2026-05-11 20:41:26Z] CHK MOM:0.08% RANGE:0.08% UP:75% SPREAD:0.03487966% BID:0.2867 ASK:0.2868 MID:0.28675 P1:0.28675 P2:0.28675 P3:0.28664999 P4:0.28654999 STATE:IDLE
[2026-05-11 20:41:27Z] CHK MOM:0.08% RANGE:0.08% UP:60% SPREAD:0.03487966% BID:0.2867 ASK:0.2868 MID:0.28675 P1:0.28675 P2:0.28675 P3:0.28675 P4:0.28664999 STATE:IDLE
[2026-05-11 20:41:28Z] CHK MOM:0.05% RANGE:0.08% UP:50% SPREAD:0.10471204% BID:0.2865 ASK:0.2868 MID:0.28664999 P1:0.28664999 P2:0.28675 P3:0.28675 P4:0.28675 STATE:IDLE
[2026-05-11 20:41:28Z] CHK MOM:0.06% RANGE:0.08% UP:57.14% SPREAD:0.06978367% BID:0.2866 ASK:0.2868 MID:0.2867 P1:0.2867 P2:0.28664999 P3:0.28675 P4:0.28675 STATE:IDLE
[2026-05-11 20:41:29Z] CHK MOM:0.06% RANGE:0.08% UP:50% SPREAD:0.06978367% BID:0.2866 ASK:0.2868 MID:0.2867 P1:0.2867 P2:0.2867 P3:0.28664999 P4:0.28675 STATE:IDLE
[2026-05-11 20:41:29Z] CHK MOM:0% RANGE:0.08% UP:44.44% SPREAD:0.0698324% BID:0.2864 ASK:0.2866 MID:0.2865 P1:0.2865 P2:0.2867 P3:0.2867 P4:0.28664999 STATE:IDLE
[2026-05-11 20:41:30Z] CHK MOM:0% RANGE:0.08% UP:40% SPREAD:0.0698324% BID:0.2864 ASK:0.2866 MID:0.2865 P1:0.2865 P2:0.2865 P3:0.2867 P4:0.2867 STATE:IDLE
[2026-05-11 20:41:30Z] CHK MOM:0% RANGE:0.08% UP:36.36% SPREAD:0.0698324% BID:0.2864 ASK:0.2866 MID:0.2865 P1:0.2865 P2:0.2865 P3:0.2865 P4:0.2867 STATE:IDLE
[2026-05-11 20:41:31Z] CHK MOM:0.01% RANGE:0.08% UP:41.66% SPREAD:0.03490401% BID:0.2865 ASK:0.2866 MID:0.28654999 P1:0.28654999 P2:0.2865 P3:0.2865 P4:0.2865 STATE:IDLE
[2026-05-11 20:41:31Z] CHK MOM:0.01% RANGE:0.08% UP:38.46% SPREAD:0.03490401% BID:0.2865 ASK:0.2866 MID:0.28654999 P1:0.28654999 P2:0.28654999 P3:0.2865 P4:0.2865 STATE:IDLE
[2026-05-11 20:41:32Z] CHK MOM:0.01% RANGE:0.08% UP:38.46% SPREAD:0.03490401% BID:0.2865 ASK:0.2866 MID:0.28654999 P1:0.28654999 P2:0.28654999 P3:0.2865 P4:0.2865 STATE:IDLE
[2026-05-11 20:41:33Z] CHK MOM:0.01% RANGE:0.08% UP:35.71% SPREAD:0.03490401% BID:0.2865 ASK:0.2866 MID:0.28654999 P1:0.28654999 P2:0.28654999 P3:0.28654999 P4:0.2865 STATE:IDLE
[2026-05-11 20:41:33Z] CHK MOM:0.01% RANGE:0.08% UP:33.33% SPREAD:0.03490401% BID:0.2865 ASK:0.2866 MID:0.28654999 P1:0.28654999 P2:0.28654999 P3:0.28654999 P4:0.28654999 STATE:IDLE
[2026-05-11 20:41:34Z] CHK MOM:0.03% RANGE:0.08% UP:33.33% SPREAD:0.10471204% BID:0.2865 ASK:0.2868 MID:0.28664999 P1:0.28664999 P2:0.28654999 P3:0.28654999 P4:0.28654999 STATE:IDLE
[2026-05-11 20:41:34Z] CHK MOM:0.03% RANGE:0.08% UP:33.33% SPREAD:0.10471204% BID:0.2865 ASK:0.2868 MID:0.28664999 P1:0.28664999 P2:0.28654999 P3:0.28654999 P4:0.28654999 STATE:IDLE
[2026-05-11 20:41:35Z] CHK MOM:0.03% RANGE:0.08% UP:31.25% SPREAD:0.10471204% BID:0.2865 ASK:0.2868 MID:0.28664999 P1:0.28664999 P2:0.28664999 P3:0.28654999 P4:0.28654999 STATE:IDLE
[2026-05-11 20:41:35Z] CHK MOM:0.05% RANGE:0.08% UP:35.29% SPREAD:0.06978367% BID:0.2866 ASK:0.2868 MID:0.2867 P1:0.2867 P2:0.28664999 P3:0.28664999 P4:0.28654999 STATE:IDLE
[2026-05-11 20:41:36Z] CHK MOM:0.03% RANGE:0.08% UP:33.33% SPREAD:0.10471204% BID:0.2865 ASK:0.2868 MID:0.28664999 P1:0.28664999 P2:0.2867 P3:0.28664999 P4:0.28664999 STATE:IDLE
[2026-05-11 20:41:36Z] CHK MOM:0.05% RANGE:0.08% UP:36.84% SPREAD:0.06978367% BID:0.2866 ASK:0.2868 MID:0.2867 P1:0.2867 P2:0.28664999 P3:0.2867 P4:0.28664999 STATE:IDLE
[2026-05-11 20:41:37Z] CHK MOM:0% RANGE:0.08% UP:35% SPREAD:0.1047486% BID:0.2864 ASK:0.2867 MID:0.28654999 P1:0.28654999 P2:0.2867 P3:0.28664999 P4:0.2867 STATE:IDLE
[2026-05-11 20:41:37Z] CHK MOM:-0.06% RANGE:0.1% UP:30% SPREAD:0.10478519% BID:0.2863 ASK:0.2866 MID:0.28645 P1:0.28645 P2:0.28654999 P3:0.2867 P4:0.28664999 STATE:IDLE
[2026-05-11 20:41:38Z] CHK MOM:-0.1% RANGE:0.1% UP:25% SPREAD:0.10478519% BID:0.2863 ASK:0.2866 MID:0.28645 P1:0.28645 P2:0.28645 P3:0.28654999 P4:0.2867 STATE:IDLE
[2026-05-11 20:41:39Z] CHK MOM:-0.1% RANGE:0.1% UP:26.31% SPREAD:0.10478519% BID:0.2863 ASK:0.2866 MID:0.28645 P1:0.28645 P2:0.28645 P3:0.28645 P4:0.28654999 STATE:IDLE
[2026-05-11 20:41:39Z] CHK MOM:-0.13% RANGE:0.15% UP:26.31% SPREAD:0.0349406% BID:0.2862 ASK:0.2863 MID:0.28625 P1:0.28625 P2:0.28645 P3:0.28645 P4:0.28645 STATE:IDLE
[2026-05-11 20:41:40Z] CHK MOM:-0.13% RANGE:0.15% UP:26.31% SPREAD:0.0349406% BID:0.2862 ASK:0.2863 MID:0.28625 P1:0.28625 P2:0.28645 P3:0.28645 P4:0.28645 STATE:IDLE
[2026-05-11 20:41:40Z] CHK MOM:-0.15% RANGE:0.15% UP:21.05% SPREAD:0.0349406% BID:0.2862 ASK:0.2863 MID:0.28625 P1:0.28625 P2:0.28625 P3:0.28645 P4:0.28645 STATE:IDLE
[2026-05-11 20:41:41Z] CHK MOM:-0.1% RANGE:0.17% UP:22.22% SPREAD:0.06990562% BID:0.2861 ASK:0.2863 MID:0.2862 P1:0.2862 P2:0.28625 P3:0.28625 P4:0.28645 STATE:IDLE
[2026-05-11 20:41:41Z] CHK MOM:-0.12% RANGE:0.19% UP:21.05% SPREAD:0.03495281% BID:0.2861 ASK:0.2862 MID:0.28615 P1:0.28615 P2:0.2862 P3:0.28625 P4:0.28625 STATE:IDLE
[2026-05-11 20:41:42Z] CHK MOM:-0.01% RANGE:0.19% UP:27.77% SPREAD:0.0349162% BID:0.2864 ASK:0.2865 MID:0.28645 P1:0.28645 P2:0.28615 P3:0.2862 P4:0.28625 STATE:IDLE
[2026-05-11 20:41:42Z] CHK MOM:0.01% RANGE:0.19% UP:31.57% SPREAD:0.03490401% BID:0.2865 ASK:0.2866 MID:0.28654999 P1:0.28654999 P2:0.28645 P3:0.28615 P4:0.2862 STATE:IDLE
[2026-05-11 20:41:43Z] BURST_TRIGGER ret=0.1398% need=0.1396% vel=0.1286%/s eff=1.000 pressure=999.00 drop=0.0000% dt=1.087s
[2026-05-11 20:41:44Z] BUY symbol=CRVUSDC qty=34.5 entry=0.2866 mode=BURST reason=BURST ret=0.1398% vel=0.1286%/s eff=1.000 pressure=999.00 drop=0.0000% P1=0.28654999999999997 P2=0.28645 P3=0.28615 P4=0.2862
[2026-05-11 20:41:45Z] CHK MOM:0% RANGE:0.19% UP:29.41% SPREAD:0.03490401% BID:0.2865 ASK:0.2866 MID:0.28654999 P1:0.28654999 P2:0.28654999 P3:0.28645 P4:0.28615 STATE:IN_POS
[2026-05-11 20:41:45Z] CHK MOM:-0.03% RANGE:0.19% UP:29.41% SPREAD:0.0349162% BID:0.2864 ASK:0.2865 MID:0.28645 P1:0.28645 P2:0.28654999 P3:0.28654999 P4:0.28645 STATE:IN_POS
[2026-05-11 20:41:46Z] CHK MOM:-0.03% RANGE:0.19% UP:29.41% SPREAD:0.0349162% BID:0.2864 ASK:0.2865 MID:0.28645 P1:0.28645 P2:0.28654999 P3:0.28654999 P4:0.28645 STATE:IN_POS
[2026-05-11 20:41:46Z] CHK MOM:-0.03% RANGE:0.19% UP:29.41% SPREAD:0.0349162% BID:0.2864 ASK:0.2865 MID:0.28645 P1:0.28645 P2:0.28654999 P3:0.28654999 P4:0.28645 STATE:IN_POS
[2026-05-11 20:41:47Z] CHK MOM:-0.03% RANGE:0.19% UP:29.41% SPREAD:0.0349162% BID:0.2864 ASK:0.2865 MID:0.28645 P1:0.28645 P2:0.28654999 P3:0.28654999 P4:0.28645 STATE:IN_POS
[2026-05-11 20:41:48Z] CHK MOM:-0.06% RANGE:0.19% UP:21.42% SPREAD:0.0349162% BID:0.2864 ASK:0.2865 MID:0.28645 P1:0.28645 P2:0.28645 P3:0.28654999 P4:0.28654999 STATE:IN_POS
[2026-05-11 20:41:48Z] CHK MOM:-0.06% RANGE:0.19% UP:21.42% SPREAD:0.0349162% BID:0.2864 ASK:0.2865 MID:0.28645 P1:0.28645 P2:0.28645 P3:0.28654999 P4:0.28654999 STATE:IN_POS
[2026-05-11 20:41:49Z] CHK MOM:-0.06% RANGE:0.19% UP:21.42% SPREAD:0.0349162% BID:0.2864 ASK:0.2865 MID:0.28645 P1:0.28645 P2:0.28645 P3:0.28654999 P4:0.28654999 STATE:IN_POS
[2026-05-11 20:41:50Z] CHK MOM:-0.06% RANGE:0.19% UP:21.42% SPREAD:0.0349162% BID:0.2864 ASK:0.2865 MID:0.28645 P1:0.28645 P2:0.28645 P3:0.28654999 P4:0.28654999 STATE:IN_POS
[2026-05-11 20:41:50Z] CHK MOM:-0.01% RANGE:0.13% UP:20% SPREAD:0.06985679% BID:0.2863 ASK:0.2865 MID:0.2864 P1:0.2864 P2:0.28645 P3:0.28645 P4:0.28654999 STATE:IN_POS
[2026-05-11 20:41:51Z] CHK MOM:0.05% RANGE:0.13% UP:20% SPREAD:0.06985679% BID:0.2863 ASK:0.2865 MID:0.2864 P1:0.2864 P2:0.2864 P3:0.28645 P4:0.28645 STATE:IN_POS
[2026-05-11 20:41:51Z] CHK MOM:0.03% RANGE:0.13% UP:18.18% SPREAD:0.1048218% BID:0.2862 ASK:0.2865 MID:0.28635 P1:0.28635 P2:0.2864 P3:0.2864 P4:0.28645 STATE:IN_POS
[2026-05-11 20:41:52Z] CHK MOM:0.03% RANGE:0.13% UP:18.18% SPREAD:0.1048218% BID:0.2862 ASK:0.2865 MID:0.28635 P1:0.28635 P2:0.28635 P3:0.2864 P4:0.2864 STATE:IN_POS
[2026-05-11 20:41:52Z] CHK MOM:0.03% RANGE:0.13% UP:16.66% SPREAD:0.1048218% BID:0.2862 ASK:0.2865 MID:0.28635 P1:0.28635 P2:0.28635 P3:0.28635 P4:0.2864 STATE:IN_POS
[2026-05-11 20:41:52Z] BURST_HANDOFF age=8.40s ext=0.0000% loss=0.1396% peak=0.28660000 stop=0.28430000 protect=0 trail=0
[2026-05-11 20:41:53Z] CHK MOM:0.03% RANGE:0.13% UP:16.66% SPREAD:0.1048218% BID:0.2862 ASK:0.2865 MID:0.28635 P1:0.28635 P2:0.28635 P3:0.28635 P4:0.2864 STATE:IN_POS
[2026-05-11 20:41:53Z] CHK MOM:-0.03% RANGE:0.06% UP:10% SPREAD:0.1048218% BID:0.2862 ASK:0.2865 MID:0.28635 P1:0.28635 P2:0.28635 P3:0.28635 P4:0.28635 STATE:IN_POS
[2026-05-11 20:41:54Z] CHK MOM:-0.03% RANGE:0.06% UP:9.09% SPREAD:0.1048218% BID:0.2862 ASK:0.2865 MID:0.28635 P1:0.28635 P2:0.28635 P3:0.28635 P4:0.28635 STATE:IN_POS
[2026-05-11 20:41:54Z] CHK MOM:-0.12% RANGE:0.12% UP:0% SPREAD:0.06990562% BID:0.2861 ASK:0.2863 MID:0.2862 P1:0.2862 P2:0.28635 P3:0.28635 P4:0.28635 STATE:IN_POS
[2026-05-11 20:41:55Z] CHK MOM:-0.12% RANGE:0.12% UP:0% SPREAD:0.06990562% BID:0.2861 ASK:0.2863 MID:0.2862 P1:0.2862 P2:0.28635 P3:0.28635 P4:0.28635 STATE:IN_POS
[2026-05-11 20:41:56Z] CHK MOM:-0.1% RANGE:0.12% UP:9.09% SPREAD:0.0349406% BID:0.2862 ASK:0.2863 MID:0.28625 P1:0.28625 P2:0.2862 P3:0.28635 P4:0.28635 STATE:IN_POS
[2026-05-11 20:41:56Z] CHK MOM:-0.06% RANGE:0.08% UP:9.09% SPREAD:0.0349406% BID:0.2862 ASK:0.2863 MID:0.28625 P1:0.28625 P2:0.28625 P3:0.2862 P4:0.28635 STATE:IN_POS
[2026-05-11 20:41:57Z] CHK MOM:-0.08% RANGE:0.08% UP:9.09% SPREAD:0.06990562% BID:0.2861 ASK:0.2863 MID:0.2862 P1:0.2862 P2:0.28625 P3:0.28625 P4:0.2862 STATE:IN_POS
[2026-05-11 20:41:57Z] CHK MOM:-0.08% RANGE:0.08% UP:9.09% SPREAD:0.06990562% BID:0.2861 ASK:0.2863 MID:0.2862 P1:0.2862 P2:0.28625 P3:0.28625 P4:0.2862 STATE:IN_POS
[2026-05-11 20:42:00Z] CHK MOM:0.05% RANGE:0.13% UP:16.66% SPREAD:0.06980802% BID:0.2865 ASK:0.2867 MID:0.28659999 P1:0.28659999 P2:0.2862 P3:0.28625 P4:0.28625 STATE:IN_POS
[2026-05-11 20:42:01Z] CHK MOM:0.05% RANGE:0.13% UP:16.66% SPREAD:0.06980802% BID:0.2865 ASK:0.2867 MID:0.28659999 P1:0.28659999 P2:0.2862 P3:0.28625 P4:0.28625 STATE:IN_POS
[2026-05-11 20:42:01Z] CHK MOM:0.06% RANGE:0.13% UP:16.66% SPREAD:0.06980802% BID:0.2865 ASK:0.2867 MID:0.28659999 P1:0.28659999 P2:0.28659999 P3:0.2862 P4:0.28625 STATE:IN_POS
[2026-05-11 20:42:02Z] CHK MOM:0.06% RANGE:0.13% UP:16.66% SPREAD:0.06980802% BID:0.2865 ASK:0.2867 MID:0.28659999 P1:0.28659999 P2:0.28659999 P3:0.2862 P4:0.28625 STATE:IN_POS
[2026-05-11 20:42:02Z] CHK MOM:0.06% RANGE:0.13% UP:16.66% SPREAD:0.06980802% BID:0.2865 ASK:0.2867 MID:0.28659999 P1:0.28659999 P2:0.28659999 P3:0.2862 P4:0.28625 STATE:IN_POS
[2026-05-11 20:42:03Z] CHK MOM:0.06% RANGE:0.13% UP:16.66% SPREAD:0.06980802% BID:0.2865 ASK:0.2867 MID:0.28659999 P1:0.28659999 P2:0.28659999 P3:0.2862 P4:0.28625 STATE:IN_POS
[2026-05-11 20:42:03Z] CHK MOM:0.06% RANGE:0.13% UP:16.66% SPREAD:0.06980802% BID:0.2865 ASK:0.2867 MID:0.28659999 P1:0.28659999 P2:0.28659999 P3:0.2862 P4:0.28625 STATE:IN_POS
[2026-05-11 20:42:04Z] CHK MOM:0.06% RANGE:0.13% UP:20% SPREAD:0.03490401% BID:0.2865 ASK:0.2866 MID:0.28654999 P1:0.28654999 P2:0.28659999 P3:0.28659999 P4:0.2862 STATE:IN_POS
[2026-05-11 20:42:04Z] CHK MOM:0.06% RANGE:0.13% UP:20% SPREAD:0.03490401% BID:0.2865 ASK:0.2866 MID:0.28654999 P1:0.28654999 P2:0.28659999 P3:0.28659999 P4:0.2862 STATE:IN_POS
[2026-05-11 20:42:05Z] CHK MOM:0.06% RANGE:0.13% UP:20% SPREAD:0.03490401% BID:0.2865 ASK:0.2866 MID:0.28654999 P1:0.28654999 P2:0.28659999 P3:0.28659999 P4:0.2862 STATE:IN_POS
[2026-05-11 20:42:05Z] CHK MOM:0.06% RANGE:0.13% UP:20% SPREAD:0.03490401% BID:0.2865 ASK:0.2866 MID:0.28654999 P1:0.28654999 P2:0.28659999 P3:0.28659999 P4:0.2862 STATE:IN_POS
[2026-05-11 20:42:06Z] CHK MOM:0.12% RANGE:0.13% UP:28.57% SPREAD:0.03490401% BID:0.2865 ASK:0.2866 MID:0.28654999 P1:0.28654999 P2:0.28654999 P3:0.28659999 P4:0.28659999 STATE:IN_POS
[2026-05-11 20:42:06Z] CHK MOM:0.08% RANGE:0.13% UP:14.28% SPREAD:0.0698324% BID:0.2864 ASK:0.2866 MID:0.2865 P1:0.2865 P2:0.28654999 P3:0.28654999 P4:0.28659999 STATE:IN_POS
[2026-05-11 20:42:07Z] CHK MOM:0.13% RANGE:0.15% UP:25% SPREAD:0.03489183% BID:0.2866 ASK:0.2867 MID:0.28665 P1:0.28665 P2:0.2865 P3:0.28654999 P4:0.28654999 STATE:IN_POS
[2026-05-11 20:42:07Z] CHK MOM:0.13% RANGE:0.15% UP:25% SPREAD:0.03489183% BID:0.2866 ASK:0.2867 MID:0.28665 P1:0.28665 P2:0.2865 P3:0.28654999 P4:0.28654999 STATE:IN_POS
[2026-05-11 20:42:08Z] CHK MOM:0.15% RANGE:0.15% UP:28.57% SPREAD:0.03489183% BID:0.2866 ASK:0.2867 MID:0.28665 P1:0.28665 P2:0.28665 P3:0.2865 P4:0.28654999 STATE:IN_POS
[2026-05-11 20:42:08Z] CHK MOM:0.15% RANGE:0.15% UP:28.57% SPREAD:0.03489183% BID:0.2866 ASK:0.2867 MID:0.28665 P1:0.28665 P2:0.28665 P3:0.2865 P4:0.28654999 STATE:IN_POS
[2026-05-11 20:42:09Z] CHK MOM:0.01% RANGE:0.05% UP:14.28% SPREAD:0.03489183% BID:0.2866 ASK:0.2867 MID:0.28665 P1:0.28665 P2:0.28665 P3:0.28665 P4:0.2865 STATE:IN_POS
[2026-05-11 20:42:09Z] CHK MOM:-0.01% RANGE:0.05% UP:12.5% SPREAD:0.03490401% BID:0.2865 ASK:0.2866 MID:0.28654999 P1:0.28654999 P2:0.28665 P3:0.28665 P4:0.28665 STATE:IN_POS
[2026-05-11 20:42:10Z] CHK MOM:-0.03% RANGE:0.05% UP:11.11% SPREAD:0.0698324% BID:0.2864 ASK:0.2866 MID:0.2865 P1:0.2865 P2:0.28654999 P3:0.28665 P4:0.28665 STATE:IN_POS
[2026-05-11 20:42:11Z] CHK MOM:-0.03% RANGE:0.05% UP:10% SPREAD:0.0698324% BID:0.2864 ASK:0.2866 MID:0.2865 P1:0.2865 P2:0.2865 P3:0.28654999 P4:0.28665 STATE:IN_POS
[2026-05-11 20:42:11Z] CHK MOM:-0.06% RANGE:0.08% UP:9.09% SPREAD:0.06985679% BID:0.2863 ASK:0.2865 MID:0.2864 P1:0.2864 P2:0.2865 P3:0.2865 P4:0.28654999 STATE:IN_POS
[2026-05-11 20:42:12Z] CHK MOM:-0.06% RANGE:0.08% UP:9.09% SPREAD:0.06985679% BID:0.2863 ASK:0.2865 MID:0.2864 P1:0.2864 P2:0.2865 P3:0.2865 P4:0.28654999 STATE:IN_POS
[2026-05-11 20:42:12Z] CHK MOM:-0.06% RANGE:0.08% UP:9.09% SPREAD:0.06985679% BID:0.2863 ASK:0.2865 MID:0.2864 P1:0.2864 P2:0.2865 P3:0.2865 P4:0.28654999 STATE:IN_POS
[2026-05-11 20:42:14Z] CHK MOM:-0.1% RANGE:0.13% UP:10% SPREAD:0.0349406% BID:0.2862 ASK:0.2863 MID:0.28625 P1:0.28625 P2:0.2864 P3:0.2865 P4:0.2865 STATE:IN_POS
[2026-05-11 20:42:14Z] CHK MOM:-0.1% RANGE:0.13% UP:10% SPREAD:0.0349406% BID:0.2862 ASK:0.2863 MID:0.28625 P1:0.28625 P2:0.2864 P3:0.2865 P4:0.2865 STATE:IN_POS
[2026-05-11 20:42:15Z] CHK MOM:-0.13% RANGE:0.17% UP:9.09% SPREAD:0.03495281% BID:0.2861 ASK:0.2862 MID:0.28615 P1:0.28615 P2:0.28625 P3:0.2864 P4:0.2865 STATE:IN_POS
[2026-05-11 20:42:15Z] CHK MOM:-0.13% RANGE:0.17% UP:9.09% SPREAD:0.03495281% BID:0.2861 ASK:0.2862 MID:0.28615 P1:0.28615 P2:0.28615 P3:0.28625 P4:0.2864 STATE:IN_POS
[2026-05-11 20:42:16Z] CHK MOM:-0.13% RANGE:0.17% UP:8.33% SPREAD:0.03495281% BID:0.2861 ASK:0.2862 MID:0.28615 P1:0.28615 P2:0.28615 P3:0.28615 P4:0.28625 STATE:IN_POS
[2026-05-11 20:42:17Z] CHK MOM:-0.08% RANGE:0.17% UP:15.38% SPREAD:0.0698812% BID:0.2862 ASK:0.2864 MID:0.2863 P1:0.2863 P2:0.28615 P3:0.28615 P4:0.28615 STATE:IN_POS
[2026-05-11 20:42:17Z] CHK MOM:-0.08% RANGE:0.17% UP:14.28% SPREAD:0.0698812% BID:0.2862 ASK:0.2864 MID:0.2863 P1:0.2863 P2:0.2863 P3:0.28615 P4:0.28615 STATE:IN_POS
[2026-05-11 20:42:18Z] CHK MOM:-0.1% RANGE:0.17% UP:14.28% SPREAD:0.06990562% BID:0.2861 ASK:0.2863 MID:0.2862 P1:0.2862 P2:0.2863 P3:0.2863 P4:0.28615 STATE:IN_POS
[2026-05-11 20:42:18Z] CHK MOM:-0.1% RANGE:0.17% UP:13.33% SPREAD:0.06990562% BID:0.2861 ASK:0.2863 MID:0.2862 P1:0.2862 P2:0.2862 P3:0.2863 P4:0.2863 STATE:IN_POS
[2026-05-11 20:42:19Z] CHK MOM:-0.15% RANGE:0.17% UP:7.14% SPREAD:0.06990562% BID:0.2861 ASK:0.2863 MID:0.2862 P1:0.2862 P2:0.2862 P3:0.2862 P4:0.2863 STATE:IN_POS
[2026-05-11 20:42:19Z] CHK MOM:-0.15% RANGE:0.17% UP:7.14% SPREAD:0.06990562% BID:0.2861 ASK:0.2863 MID:0.2862 P1:0.2862 P2:0.2862 P3:0.2862 P4:0.2863 STATE:IN_POS
[2026-05-11 20:42:20Z] CHK MOM:-0.15% RANGE:0.17% UP:7.14% SPREAD:0.06990562% BID:0.2861 ASK:0.2863 MID:0.2862 P1:0.2862 P2:0.2862 P3:0.2862 P4:0.2863 STATE:IN_POS
[2026-05-11 20:42:20Z] CHK MOM:-0.15% RANGE:0.17% UP:7.14% SPREAD:0.06990562% BID:0.2861 ASK:0.2863 MID:0.2862 P1:0.2862 P2:0.2862 P3:0.2862 P4:0.2862 STATE:IN_POS
[2026-05-11 20:42:21Z] CHK MOM:-0.15% RANGE:0.17% UP:6.66% SPREAD:0.06990562% BID:0.2861 ASK:0.2863 MID:0.2862 P1:0.2862 P2:0.2862 P3:0.2862 P4:0.2862 STATE:IN_POS
[2026-05-11 20:42:22Z] CHK MOM:-0.1% RANGE:0.12% UP:7.14% SPREAD:0.06990562% BID:0.2861 ASK:0.2863 MID:0.2862 P1:0.2862 P2:0.2862 P3:0.2862 P4:0.2862 STATE:IN_POS
[2026-05-11 20:42:22Z] CHK MOM:-0.1% RANGE:0.12% UP:7.14% SPREAD:0.06990562% BID:0.2861 ASK:0.2863 MID:0.2862 P1:0.2862 P2:0.2862 P3:0.2862 P4:0.2862 STATE:IN_POS
[2026-05-11 20:42:23Z] CHK MOM:-0.1% RANGE:0.12% UP:7.14% SPREAD:0.06990562% BID:0.2861 ASK:0.2863 MID:0.2862 P1:0.2862 P2:0.2862 P3:0.2862 P4:0.2862 STATE:IN_POS
[2026-05-11 20:42:23Z] CHK MOM:-0.1% RANGE:0.12% UP:7.14% SPREAD:0.06990562% BID:0.2861 ASK:0.2863 MID:0.2862 P1:0.2862 P2:0.2862 P3:0.2862 P4:0.2862 STATE:IN_POS
[2026-05-11 20:42:24Z] CHK MOM:-0.1% RANGE:0.12% UP:7.14% SPREAD:0.06990562% BID:0.2861 ASK:0.2863 MID:0.2862 P1:0.2862 P2:0.2862 P3:0.2862 P4:0.2862 STATE:IN_POS
[2026-05-11 20:42:24Z] CHK MOM:-0.01% RANGE:0.05% UP:7.69% SPREAD:0.06990562% BID:0.2861 ASK:0.2863 MID:0.2862 P1:0.2862 P2:0.2862 P3:0.2862 P4:0.2862 STATE:IN_POS
[2026-05-11 20:42:25Z] CHK MOM:-0.01% RANGE:0.05% UP:7.69% SPREAD:0.06990562% BID:0.2861 ASK:0.2863 MID:0.2862 P1:0.2862 P2:0.2862 P3:0.2862 P4:0.2862 STATE:IN_POS
[2026-05-11 20:42:25Z] CHK MOM:-0.05% RANGE:0.06% UP:7.14% SPREAD:0.06993006% BID:0.286 ASK:0.2862 MID:0.2861 P1:0.2861 P2:0.2862 P3:0.2862 P4:0.2862 STATE:IN_POS
[2026-05-11 20:42:26Z] CHK MOM:-0.01% RANGE:0.06% UP:13.33% SPREAD:0.06990562% BID:0.2861 ASK:0.2863 MID:0.2862 P1:0.2862 P2:0.2861 P3:0.2862 P4:0.2862 STATE:IN_POS
[2026-05-11 20:42:26Z] CHK MOM:-0.01% RANGE:0.06% UP:13.33% SPREAD:0.06990562% BID:0.2861 ASK:0.2863 MID:0.2862 P1:0.2862 P2:0.2861 P3:0.2862 P4:0.2862 STATE:IN_POS
[2026-05-11 20:42:27Z] CHK MOM:0% RANGE:0.06% UP:13.33% SPREAD:0.03495281% BID:0.2861 ASK:0.2862 MID:0.28615 P1:0.28615 P2:0.2862 P3:0.2861 P4:0.2862 STATE:IN_POS
[2026-05-11 20:42:28Z] CHK MOM:0.03% RANGE:0.06% UP:21.42% SPREAD:0.0349406% BID:0.2862 ASK:0.2863 MID:0.28625 P1:0.28625 P2:0.28615 P3:0.2862 P4:0.2861 STATE:IN_POS
[2026-05-11 20:42:29Z] CHK MOM:-0.08% RANGE:0.08% UP:15.38% SPREAD:0.03496503% BID:0.286 ASK:0.2861 MID:0.28605 P1:0.28605 P2:0.28625 P3:0.28615 P4:0.2862 STATE:IN_POS
[2026-05-11 20:42:30Z] CHK MOM:-0.08% RANGE:0.08% UP:15.38% SPREAD:0.03496503% BID:0.286 ASK:0.2861 MID:0.28605 P1:0.28605 P2:0.28625 P3:0.28615 P4:0.2862 STATE:IN_POS
[2026-05-11 20:42:30Z] CHK MOM:-0.08% RANGE:0.08% UP:15.38% SPREAD:0.03496503% BID:0.286 ASK:0.2861 MID:0.28605 P1:0.28605 P2:0.28625 P3:0.28615 P4:0.2862 STATE:IN_POS
[2026-05-11 20:42:31Z] CHK MOM:-0.08% RANGE:0.08% UP:15.38% SPREAD:0.03496503% BID:0.286 ASK:0.2861 MID:0.28605 P1:0.28605 P2:0.28625 P3:0.28615 P4:0.2862 STATE:IN_POS
[2026-05-11 20:42:31Z] CHK MOM:-0.08% RANGE:0.1% UP:20% SPREAD:0.03497726% BID:0.2859 ASK:0.286 MID:0.28595 P1:0.28595 P2:0.28605 P3:0.28625 P4:0.28615 STATE:IN_POS
[2026-05-11 20:42:32Z] CHK MOM:-0.08% RANGE:0.1% UP:18.18% SPREAD:0.03497726% BID:0.2859 ASK:0.286 MID:0.28595 P1:0.28595 P2:0.28595 P3:0.28605 P4:0.28625 STATE:IN_POS
[2026-05-11 20:42:33Z] CHK MOM:-0.08% RANGE:0.1% UP:18.18% SPREAD:0.03497726% BID:0.2859 ASK:0.286 MID:0.28595 P1:0.28595 P2:0.28595 P3:0.28605 P4:0.28625 STATE:IN_POS
[2026-05-11 20:42:33Z] CHK MOM:-0.06% RANGE:0.1% UP:27.27% SPREAD:0.06995452% BID:0.2859 ASK:0.2861 MID:0.286 P1:0.286 P2:0.28595 P3:0.28595 P4:0.28605 STATE:IN_POS
[2026-05-11 20:42:34Z] CHK MOM:-0.05% RANGE:0.1% UP:40% SPREAD:0.03496503% BID:0.286 ASK:0.2861 MID:0.28605 P1:0.28605 P2:0.286 P3:0.28595 P4:0.28595 STATE:IN_POS
[2026-05-11 20:42:34Z] CHK MOM:-0.05% RANGE:0.1% UP:36.36% SPREAD:0.03496503% BID:0.286 ASK:0.2861 MID:0.28605 P1:0.28605 P2:0.28605 P3:0.286 P4:0.28595 STATE:IN_POS
[2026-05-11 20:42:35Z] CHK MOM:-0.08% RANGE:0.1% UP:36.36% SPREAD:0.03497726% BID:0.2859 ASK:0.286 MID:0.28595 P1:0.28595 P2:0.28605 P3:0.28605 P4:0.286 STATE:IN_POS
[2026-05-11 20:42:35Z] CHK MOM:-0.08% RANGE:0.1% UP:36.36% SPREAD:0.03497726% BID:0.2859 ASK:0.286 MID:0.28595 P1:0.28595 P2:0.28605 P3:0.28605 P4:0.286 STATE:IN_POS
[2026-05-11 20:42:36Z] CHK MOM:-0.08% RANGE:0.1% UP:36.36% SPREAD:0.03497726% BID:0.2859 ASK:0.286 MID:0.28595 P1:0.28595 P2:0.28605 P3:0.28605 P4:0.286 STATE:IN_POS
[2026-05-11 20:42:36Z] CHK MOM:-0.06% RANGE:0.1% UP:41.66% SPREAD:0.06995452% BID:0.2859 ASK:0.2861 MID:0.286 P1:0.286 P2:0.28595 P3:0.28605 P4:0.28605 STATE:IN_POS
[2026-05-11 20:42:37Z] CHK MOM:-0.05% RANGE:0.1% UP:41.66% SPREAD:0.03497726% BID:0.2859 ASK:0.286 MID:0.28595 P1:0.28595 P2:0.286 P3:0.28595 P4:0.28605 STATE:IN_POS
[2026-05-11 20:42:37Z] CHK MOM:-0.05% RANGE:0.1% UP:38.46% SPREAD:0.03497726% BID:0.2859 ASK:0.286 MID:0.28595 P1:0.28595 P2:0.28595 P3:0.286 P4:0.28595 STATE:IN_POS
[2026-05-11 20:42:38Z] CHK MOM:-0.05% RANGE:0.1% UP:38.46% SPREAD:0.03497726% BID:0.2859 ASK:0.286 MID:0.28595 P1:0.28595 P2:0.28595 P3:0.286 P4:0.28595 STATE:IN_POS
[2026-05-11 20:42:39Z] CHK MOM:-0.05% RANGE:0.1% UP:38.46% SPREAD:0.03497726% BID:0.2859 ASK:0.286 MID:0.28595 P1:0.28595 P2:0.28595 P3:0.286 P4:0.28595 STATE:IN_POS
[2026-05-11 20:42:39Z] CHK MOM:-0.05% RANGE:0.1% UP:38.46% SPREAD:0.03497726% BID:0.2859 ASK:0.286 MID:0.28595 P1:0.28595 P2:0.28595 P3:0.286 P4:0.28595 STATE:IN_POS
[2026-05-11 20:42:40Z] CHK MOM:-0.05% RANGE:0.1% UP:38.46% SPREAD:0.03497726% BID:0.2859 ASK:0.286 MID:0.28595 P1:0.28595 P2:0.28595 P3:0.286 P4:0.28595 STATE:IN_POS
[2026-05-11 20:42:42Z] CHK MOM:0% RANGE:0.03% UP:33.33% SPREAD:0.03497726% BID:0.2859 ASK:0.286 MID:0.28595 P1:0.28595 P2:0.28595 P3:0.28595 P4:0.286 STATE:IN_POS
[2026-05-11 20:42:44Z] SELL symbol=CRVUSDC qty=34.4 exit=0.28590000000000004 pnl=-0.043774 reason=PSELL FAIL age=58.5s latest=0.28590000 guard=0.28608412 high=0.28660000 peak=0.0000% P1=0.28595 P2=0.28595 P3=0.28595 P4=0.28600000000000003 entry=0.2866 profile=major
[2026-05-11 20:43:14Z] CHK MOM:0.17% RANGE:0.17% UP:46.15% SPREAD:0.0349406% BID:0.2862 ASK:0.2863 MID:0.28625 P1:0.28625 P2:0.28615 P3:0.28615 P4:0.28605 STATE:IDLE
[2026-05-11 20:43:15Z] CHK MOM:0.15% RANGE:0.17% UP:38.46% SPREAD:0.0349406% BID:0.2862 ASK:0.2863 MID:0.28625 P1:0.28625 P2:0.28625 P3:0.28615 P4:0.28615 STATE:IDLE
[2026-05-11 20:43:15Z] CHK MOM:0.15% RANGE:0.17% UP:38.46% SPREAD:0.0349406% BID:0.2862 ASK:0.2863 MID:0.28625 P1:0.28625 P2:0.28625 P3:0.28615 P4:0.28615 STATE:IDLE
[2026-05-11 20:43:16Z] CHK MOM:0.15% RANGE:0.17% UP:38.46% SPREAD:0.0349406% BID:0.2862 ASK:0.2863 MID:0.28625 P1:0.28625 P2:0.28625 P3:0.28615 P4:0.28615 STATE:IDLE
[2026-05-11 20:43:16Z] CHK MOM:0.2% RANGE:0.2% UP:46.15% SPREAD:0.03492839% BID:0.2863 ASK:0.2864 MID:0.28635 P1:0.28635 P2:0.28625 P3:0.28625 P4:0.28615 STATE:IDLE
[2026-05-11 20:43:17Z] CHK MOM:0.2% RANGE:0.2% UP:42.85% SPREAD:0.03492839% BID:0.2863 ASK:0.2864 MID:0.28635 P1:0.28635 P2:0.28635 P3:0.28625 P4:0.28625 STATE:IDLE
[2026-05-11 20:43:17Z] CHK MOM:0.22% RANGE:0.22% UP:50% SPREAD:0.06985679% BID:0.2863 ASK:0.2865 MID:0.2864 P1:0.2864 P2:0.28635 P3:0.28635 P4:0.28625 STATE:IDLE
[2026-05-11 20:43:18Z] CHK MOM:0.22% RANGE:0.22% UP:46.66% SPREAD:0.06985679% BID:0.2863 ASK:0.2865 MID:0.2864 P1:0.2864 P2:0.2864 P3:0.28635 P4:0.28635 STATE:IDLE
[2026-05-11 20:43:18Z] CHK MOM:0.22% RANGE:0.22% UP:46.66% SPREAD:0.06985679% BID:0.2863 ASK:0.2865 MID:0.2864 P1:0.2864 P2:0.2864 P3:0.28635 P4:0.28635 STATE:IDLE
[2026-05-11 20:43:19Z] CHK MOM:0.22% RANGE:0.22% UP:46.66% SPREAD:0.06985679% BID:0.2863 ASK:0.2865 MID:0.2864 P1:0.2864 P2:0.2864 P3:0.28635 P4:0.28635 STATE:IDLE
[2026-05-11 20:43:20Z] CHK MOM:0.22% RANGE:0.22% UP:46.66% SPREAD:0.06985679% BID:0.2863 ASK:0.2865 MID:0.2864 P1:0.2864 P2:0.2864 P3:0.28635 P4:0.28635 STATE:IDLE
[2026-05-11 23:01:11Z] SESSION_START symbol=CRVUSDC dry_run=0 profile=major strategy=momentum base_url=https://api.binance.com
[2026-05-11 23:01:11Z] TOXIC_MEMORY_LOADED count=5 symbols=GUNUSDC,JTOUSDC,ORDIUSDC,SAHARAUSDC,TONUSDC
[2026-05-11 23:01:13Z] CHK MOM:0% RANGE:0% UP:0% SPREAD:0.03527336% BID:0.2835 ASK:0.2836 MID:0.28354999 P1:0.28354999 P2:NA P3:NA P4:NA STATE:IDLE
[2026-05-11 23:01:14Z] CHK MOM:0.03% RANGE:0.03% UP:100% SPREAD:0.03526093% BID:0.2836 ASK:0.2837 MID:0.28365 P1:0.28365 P2:0.28354999 P3:NA P4:NA STATE:IDLE
[2026-05-11 23:01:14Z] CHK MOM:0.03% RANGE:0.03% UP:50% SPREAD:0.03526093% BID:0.2836 ASK:0.2837 MID:0.28365 P1:0.28365 P2:0.28365 P3:0.28354999 P4:NA STATE:IDLE
[2026-05-11 23:01:15Z] CHK MOM:0.03% RANGE:0.03% UP:50% SPREAD:0.03526093% BID:0.2836 ASK:0.2837 MID:0.28365 P1:0.28365 P2:0.28365 P3:0.28354999 P4:NA STATE:IDLE
[2026-05-11 23:01:15Z] CHK MOM:0.03% RANGE:0.03% UP:50% SPREAD:0.03526093% BID:0.2836 ASK:0.2837 MID:0.28365 P1:0.28365 P2:0.28365 P3:0.28354999 P4:NA STATE:IDLE
[2026-05-11 23:01:16Z] CHK MOM:0.03% RANGE:0.03% UP:50% SPREAD:0.03526093% BID:0.2836 ASK:0.2837 MID:0.28365 P1:0.28365 P2:0.28365 P3:0.28354999 P4:NA STATE:IDLE
[2026-05-11 23:01:16Z] CHK MOM:0.03% RANGE:0.03% UP:50% SPREAD:0.03526093% BID:0.2836 ASK:0.2837 MID:0.28365 P1:0.28365 P2:0.28365 P3:0.28354999 P4:NA STATE:IDLE
[2026-05-11 23:01:17Z] CHK MOM:0.03% RANGE:0.03% UP:50% SPREAD:0.03526093% BID:0.2836 ASK:0.2837 MID:0.28365 P1:0.28365 P2:0.28365 P3:0.28354999 P4:NA STATE:IDLE
[2026-05-11 23:01:19Z] CHK MOM:0.07% RANGE:0.07% UP:66.66% SPREAD:0.0352485% BID:0.2837 ASK:0.2838 MID:0.28375 P1:0.28375 P2:0.28365 P3:0.28365 P4:0.28354999 STATE:IDLE
[2026-05-11 23:01:20Z] CHK MOM:0.12% RANGE:0.12% UP:75% SPREAD:0.07047216% BID:0.2838 ASK:0.284 MID:0.2839 P1:0.2839 P2:0.28375 P3:0.28365 P4:0.28365 STATE:IDLE
[2026-05-11 23:01:20Z] CHK MOM:0.12% RANGE:0.12% UP:75% SPREAD:0.07047216% BID:0.2838 ASK:0.284 MID:0.2839 P1:0.2839 P2:0.28375 P3:0.28365 P4:0.28365 STATE:IDLE
[2026-05-11 23:01:21Z] CHK MOM:0.12% RANGE:0.12% UP:60% SPREAD:0.07047216% BID:0.2838 ASK:0.284 MID:0.2839 P1:0.2839 P2:0.2839 P3:0.28375 P4:0.28365 STATE:IDLE
[2026-05-11 23:01:21Z] CHK MOM:0.1% RANGE:0.12% UP:50% SPREAD:0.03523608% BID:0.2838 ASK:0.2839 MID:0.28385 P1:0.28385 P2:0.2839 P3:0.2839 P4:0.28375 STATE:IDLE
[2026-05-11 23:01:22Z] CHK MOM:0.1% RANGE:0.12% UP:42.85% SPREAD:0.03523608% BID:0.2838 ASK:0.2839 MID:0.28385 P1:0.28385 P2:0.28385 P3:0.2839 P4:0.2839 STATE:IDLE
[2026-05-11 23:01:22Z] CHK MOM:0.1% RANGE:0.12% UP:37.5% SPREAD:0.03523608% BID:0.2838 ASK:0.2839 MID:0.28385 P1:0.28385 P2:0.28385 P3:0.28385 P4:0.2839 STATE:IDLE
[2026-05-11 23:01:23Z] CHK MOM:0.1% RANGE:0.12% UP:37.5% SPREAD:0.03523608% BID:0.2838 ASK:0.2839 MID:0.28385 P1:0.28385 P2:0.28385 P3:0.28385 P4:0.2839 STATE:IDLE
[2026-05-11 23:01:23Z] CHK MOM:0.1% RANGE:0.12% UP:37.5% SPREAD:0.03523608% BID:0.2838 ASK:0.2839 MID:0.28385 P1:0.28385 P2:0.28385 P3:0.28385 P4:0.2839 STATE:IDLE
[2026-05-11 23:01:24Z] CHK MOM:0.07% RANGE:0.12% UP:33.33% SPREAD:0.0352485% BID:0.2837 ASK:0.2838 MID:0.28375 P1:0.28375 P2:0.28385 P3:0.28385 P4:0.28385 STATE:IDLE
[2026-05-11 23:01:25Z] CHK MOM:0.15% RANGE:0.15% UP:40% SPREAD:0.07044734% BID:0.2839 ASK:0.2841 MID:0.284 P1:0.284 P2:0.28375 P3:0.28385 P4:0.28385 STATE:IDLE
[2026-05-11 23:01:25Z] CHK MOM:0.12% RANGE:0.12% UP:30% SPREAD:0.07044734% BID:0.2839 ASK:0.2841 MID:0.284 P1:0.284 P2:0.284 P3:0.28375 P4:0.28385 STATE:IDLE
[2026-05-11 23:01:26Z] CHK MOM:0.12% RANGE:0.12% UP:30% SPREAD:0.07044734% BID:0.2839 ASK:0.2841 MID:0.284 P1:0.284 P2:0.284 P3:0.284 P4:0.28375 STATE:IDLE
[2026-05-11 23:01:26Z] CHK MOM:0.12% RANGE:0.12% UP:27.27% SPREAD:0.07044734% BID:0.2839 ASK:0.2841 MID:0.284 P1:0.284 P2:0.284 P3:0.284 P4:0.284 STATE:IDLE
[2026-05-11 23:01:27Z] CHK MOM:0.12% RANGE:0.12% UP:27.27% SPREAD:0.07042253% BID:0.284 ASK:0.2842 MID:0.2841 P1:0.2841 P2:0.284 P3:0.284 P4:0.284 STATE:IDLE
[2026-05-11 23:01:27Z] CHK MOM:0.12% RANGE:0.12% UP:25% SPREAD:0.07042253% BID:0.284 ASK:0.2842 MID:0.2841 P1:0.2841 P2:0.2841 P3:0.284 P4:0.284 STATE:IDLE
[2026-05-11 23:01:28Z] CHK MOM:0.12% RANGE:0.12% UP:25% SPREAD:0.07042253% BID:0.284 ASK:0.2842 MID:0.2841 P1:0.2841 P2:0.2841 P3:0.284 P4:0.284 STATE:IDLE
[2026-05-11 23:01:28Z] CHK MOM:0.12% RANGE:0.12% UP:25% SPREAD:0.07042253% BID:0.284 ASK:0.2842 MID:0.2841 P1:0.2841 P2:0.2841 P3:0.284 P4:0.284 STATE:IDLE
[2026-05-11 23:01:29Z] CHK MOM:0.12% RANGE:0.12% UP:23.07% SPREAD:0.07042253% BID:0.284 ASK:0.2842 MID:0.2841 P1:0.2841 P2:0.2841 P3:0.2841 P4:0.284 STATE:IDLE
[2026-05-11 23:01:29Z] CHK MOM:0.12% RANGE:0.12% UP:21.42% SPREAD:0.07042253% BID:0.284 ASK:0.2842 MID:0.2841 P1:0.2841 P2:0.2841 P3:0.2841 P4:0.2841 STATE:IDLE
[2026-05-11 23:01:30Z] CHK MOM:0.14% RANGE:0.14% UP:26.66% SPREAD:0.03519887% BID:0.2841 ASK:0.2842 MID:0.28415 P1:0.28415 P2:0.2841 P3:0.2841 P4:0.2841 STATE:IDLE
[2026-05-11 23:01:31Z] CHK MOM:0.14% RANGE:0.14% UP:25% SPREAD:0.03519887% BID:0.2841 ASK:0.2842 MID:0.28415 P1:0.28415 P2:0.28415 P3:0.2841 P4:0.2841 STATE:IDLE
[2026-05-11 23:01:31Z] CHK MOM:0.14% RANGE:0.14% UP:25% SPREAD:0.03519887% BID:0.2841 ASK:0.2842 MID:0.28415 P1:0.28415 P2:0.28415 P3:0.2841 P4:0.2841 STATE:IDLE
[2026-05-11 23:01:32Z] CHK MOM:0.14% RANGE:0.14% UP:25% SPREAD:0.03519887% BID:0.2841 ASK:0.2842 MID:0.28415 P1:0.28415 P2:0.28415 P3:0.2841 P4:0.2841 STATE:IDLE
[2026-05-11 23:01:32Z] CHK MOM:0.14% RANGE:0.14% UP:25% SPREAD:0.03519887% BID:0.2841 ASK:0.2842 MID:0.28415 P1:0.28415 P2:0.28415 P3:0.2841 P4:0.2841 STATE:IDLE
[2026-05-11 23:01:33Z] CHK MOM:0.14% RANGE:0.14% UP:25% SPREAD:0.03519887% BID:0.2841 ASK:0.2842 MID:0.28415 P1:0.28415 P2:0.28415 P3:0.2841 P4:0.2841 STATE:IDLE
[2026-05-11 23:01:33Z] CHK MOM:0.1% RANGE:0.14% UP:21.42% SPREAD:0.03519887% BID:0.2841 ASK:0.2842 MID:0.28415 P1:0.28415 P2:0.28415 P3:0.28415 P4:0.2841 STATE:IDLE
[2026-05-11 23:01:34Z] CHK MOM:0.1% RANGE:0.14% UP:21.42% SPREAD:0.03519887% BID:0.2841 ASK:0.2842 MID:0.28415 P1:0.28415 P2:0.28415 P3:0.28415 P4:0.28415 STATE:IDLE
[2026-05-11 23:01:34Z] CHK MOM:0.1% RANGE:0.14% UP:21.42% SPREAD:0.03519887% BID:0.2841 ASK:0.2842 MID:0.28415 P1:0.28415 P2:0.28415 P3:0.28415 P4:0.28415 STATE:IDLE
[2026-05-11 23:01:35Z] CHK MOM:0.14% RANGE:0.14% UP:23.07% SPREAD:0.03519887% BID:0.2841 ASK:0.2842 MID:0.28415 P1:0.28415 P2:0.28415 P3:0.28415 P4:0.28415 STATE:IDLE
[2026-05-11 23:01:36Z] CHK MOM:0.14% RANGE:0.14% UP:21.42% SPREAD:0.03519887% BID:0.2841 ASK:0.2842 MID:0.28415 P1:0.28415 P2:0.28415 P3:0.28415 P4:0.28415 STATE:IDLE
[2026-05-11 23:01:37Z] CHK MOM:0.08% RANGE:0.08% UP:23.07% SPREAD:0.03518648% BID:0.2842 ASK:0.2843 MID:0.28425 P1:0.28425 P2:0.28415 P3:0.28415 P4:0.28415 STATE:IDLE
[2026-05-11 23:01:37Z] CHK MOM:0.08% RANGE:0.08% UP:23.07% SPREAD:0.03518648% BID:0.2842 ASK:0.2843 MID:0.28425 P1:0.28425 P2:0.28415 P3:0.28415 P4:0.28415 STATE:IDLE
[2026-05-11 23:01:38Z] CHK MOM:0.08% RANGE:0.08% UP:23.07% SPREAD:0.03518648% BID:0.2842 ASK:0.2843 MID:0.28425 P1:0.28425 P2:0.28415 P3:0.28415 P4:0.28415 STATE:IDLE
[2026-05-11 23:01:38Z] CHK MOM:0.08% RANGE:0.08% UP:25% SPREAD:0.03518648% BID:0.2842 ASK:0.2843 MID:0.28425 P1:0.28425 P2:0.28425 P3:0.28415 P4:0.28415 STATE:IDLE
[2026-05-11 23:01:39Z] CHK MOM:0.05% RANGE:0.05% UP:16.66% SPREAD:0.03518648% BID:0.2842 ASK:0.2843 MID:0.28425 P1:0.28425 P2:0.28425 P3:0.28425 P4:0.28415 STATE:IDLE
[2026-05-11 23:01:39Z] CHK MOM:0.05% RANGE:0.05% UP:16.66% SPREAD:0.03518648% BID:0.2842 ASK:0.2843 MID:0.28425 P1:0.28425 P2:0.28425 P3:0.28425 P4:0.28425 STATE:IDLE
[2026-05-11 23:01:40Z] CHK MOM:0.05% RANGE:0.05% UP:16.66% SPREAD:0.03518648% BID:0.2842 ASK:0.2843 MID:0.28425 P1:0.28425 P2:0.28425 P3:0.28425 P4:0.28425 STATE:IDLE
[2026-05-11 23:01:40Z] CHK MOM:0.01% RANGE:0.05% UP:15.38% SPREAD:0.03519887% BID:0.2841 ASK:0.2842 MID:0.28415 P1:0.28415 P2:0.28425 P3:0.28425 P4:0.28425 STATE:IDLE
[2026-05-11 23:01:41Z] CHK MOM:0.01% RANGE:0.05% UP:15.38% SPREAD:0.03519887% BID:0.2841 ASK:0.2842 MID:0.28415 P1:0.28415 P2:0.28415 P3:0.28425 P4:0.28425 STATE:IDLE
[2026-05-11 23:01:42Z] CHK MOM:-0.01% RANGE:0.05% UP:7.69% SPREAD:0.07042253% BID:0.284 ASK:0.2842 MID:0.2841 P1:0.2841 P2:0.28415 P3:0.28415 P4:0.28425 STATE:IDLE
[2026-05-11 23:01:42Z] CHK MOM:-0.01% RANGE:0.05% UP:7.69% SPREAD:0.07042253% BID:0.284 ASK:0.2842 MID:0.2841 P1:0.2841 P2:0.2841 P3:0.28415 P4:0.28415 STATE:IDLE
[2026-05-11 23:01:43Z] CHK MOM:-0.01% RANGE:0.05% UP:7.14% SPREAD:0.07042253% BID:0.284 ASK:0.2842 MID:0.2841 P1:0.2841 P2:0.2841 P3:0.2841 P4:0.28415 STATE:IDLE
[2026-05-11 23:01:43Z] CHK MOM:0% RANGE:0.05% UP:14.28% SPREAD:0.03519887% BID:0.2841 ASK:0.2842 MID:0.28415 P1:0.28415 P2:0.2841 P3:0.2841 P4:0.2841 STATE:IDLE
[2026-05-11 23:01:44Z] CHK MOM:0% RANGE:0.05% UP:13.33% SPREAD:0.03519887% BID:0.2841 ASK:0.2842 MID:0.28415 P1:0.28415 P2:0.28415 P3:0.2841 P4:0.2841 STATE:IDLE
[2026-05-11 23:01:44Z] CHK MOM:0% RANGE:0.05% UP:12.5% SPREAD:0.03519887% BID:0.2841 ASK:0.2842 MID:0.28415 P1:0.28415 P2:0.28415 P3:0.28415 P4:0.2841 STATE:IDLE
[2026-05-11 23:01:45Z] CHK MOM:0% RANGE:0.05% UP:11.76% SPREAD:0.03519887% BID:0.2841 ASK:0.2842 MID:0.28415 P1:0.28415 P2:0.28415 P3:0.28415 P4:0.28415 STATE:IDLE
[2026-05-11 23:01:45Z] CHK MOM:0% RANGE:0.05% UP:11.76% SPREAD:0.03519887% BID:0.2841 ASK:0.2842 MID:0.28415 P1:0.28415 P2:0.28415 P3:0.28415 P4:0.28415 STATE:IDLE
[2026-05-11 23:01:46Z] CHK MOM:0% RANGE:0.05% UP:11.76% SPREAD:0.03519887% BID:0.2841 ASK:0.2842 MID:0.28415 P1:0.28415 P2:0.28415 P3:0.28415 P4:0.28415 STATE:IDLE
[2026-05-11 23:01:47Z] CHK MOM:0% RANGE:0.05% UP:11.76% SPREAD:0.03519887% BID:0.2841 ASK:0.2842 MID:0.28415 P1:0.28415 P2:0.28415 P3:0.28415 P4:0.28415 STATE:IDLE
[2026-05-11 23:01:47Z] CHK MOM:-0.07% RANGE:0.07% UP:7.14% SPREAD:0.03521126% BID:0.284 ASK:0.2841 MID:0.28405 P1:0.28405 P2:0.28415 P3:0.28415 P4:0.28415 STATE:IDLE
[2026-05-11 23:01:48Z] CHK MOM:-0.07% RANGE:0.07% UP:7.14% SPREAD:0.03521126% BID:0.284 ASK:0.2841 MID:0.28405 P1:0.28405 P2:0.28415 P3:0.28415 P4:0.28415 STATE:IDLE
[2026-05-11 23:01:48Z] CHK MOM:-0.07% RANGE:0.07% UP:7.14% SPREAD:0.03521126% BID:0.284 ASK:0.2841 MID:0.28405 P1:0.28405 P2:0.28415 P3:0.28415 P4:0.28415 STATE:IDLE
[2026-05-11 23:01:49Z] CHK MOM:-0.07% RANGE:0.07% UP:7.14% SPREAD:0.03521126% BID:0.284 ASK:0.2841 MID:0.28405 P1:0.28405 P2:0.28415 P3:0.28415 P4:0.28415 STATE:IDLE
[2026-05-11 23:01:49Z] CHK MOM:-0.07% RANGE:0.07% UP:7.14% SPREAD:0.03521126% BID:0.284 ASK:0.2841 MID:0.28405 P1:0.28405 P2:0.28415 P3:0.28415 P4:0.28415 STATE:IDLE
[2026-05-11 23:01:50Z] CHK MOM:-0.07% RANGE:0.07% UP:7.14% SPREAD:0.03521126% BID:0.284 ASK:0.2841 MID:0.28405 P1:0.28405 P2:0.28415 P3:0.28415 P4:0.28415 STATE:IDLE
[2026-05-11 23:01:54Z] CHK MOM:-0.01% RANGE:0.03% UP:12.5% SPREAD:0.03521126% BID:0.284 ASK:0.2841 MID:0.28405 P1:0.28405 P2:0.28405 P3:0.28415 P4:0.28415 STATE:IDLE
[2026-05-11 23:01:54Z] CHK MOM:0% RANGE:0.03% UP:25% SPREAD:0.07042253% BID:0.284 ASK:0.2842 MID:0.2841 P1:0.2841 P2:0.28405 P3:0.28405 P4:0.28415 STATE:IDLE
[2026-05-11 23:01:55Z] CHK MOM:0% RANGE:0.03% UP:25% SPREAD:0.07042253% BID:0.284 ASK:0.2842 MID:0.2841 P1:0.2841 P2:0.28405 P3:0.28405 P4:0.28415 STATE:IDLE
[2026-05-11 23:01:55Z] CHK MOM:-0.01% RANGE:0.03% UP:14.28% SPREAD:0.07042253% BID:0.284 ASK:0.2842 MID:0.2841 P1:0.2841 P2:0.2841 P3:0.28405 P4:0.28405 STATE:IDLE
[2026-05-11 23:01:56Z] CHK MOM:-0.01% RANGE:0.03% UP:14.28% SPREAD:0.07042253% BID:0.284 ASK:0.2842 MID:0.2841 P1:0.2841 P2:0.2841 P3:0.28405 P4:0.28405 STATE:IDLE
[2026-05-11 23:01:56Z] CHK MOM:-0.03% RANGE:0.03% UP:16.66% SPREAD:0.03521126% BID:0.284 ASK:0.2841 MID:0.28405 P1:0.28405 P2:0.2841 P3:0.2841 P4:0.28405 STATE:IDLE
[2026-05-11 23:01:57Z] CHK MOM:0% RANGE:0.01% UP:20% SPREAD:0.03521126% BID:0.284 ASK:0.2841 MID:0.28405 P1:0.28405 P2:0.28405 P3:0.2841 P4:0.2841 STATE:IDLE
[2026-05-11 23:01:57Z] CHK MOM:-0.01% RANGE:0.03% UP:16.66% SPREAD:0.07044734% BID:0.2839 ASK:0.2841 MID:0.284 P1:0.284 P2:0.28405 P3:0.28405 P4:0.2841 STATE:IDLE
[2026-05-11 23:01:58Z] CHK MOM:-0.03% RANGE:0.05% UP:14.28% SPREAD:0.03522367% BID:0.2839 ASK:0.284 MID:0.28395 P1:0.28395 P2:0.284 P3:0.28405 P4:0.28405 STATE:IDLE
[2026-05-11 23:01:58Z] CHK MOM:-0.03% RANGE:0.05% UP:14.28% SPREAD:0.03522367% BID:0.2839 ASK:0.284 MID:0.28395 P1:0.28395 P2:0.284 P3:0.28405 P4:0.28405 STATE:IDLE
[2026-05-11 23:01:59Z] CHK MOM:-0.03% RANGE:0.05% UP:14.28% SPREAD:0.03522367% BID:0.2839 ASK:0.284 MID:0.28395 P1:0.28395 P2:0.284 P3:0.28405 P4:0.28405 STATE:IDLE
[2026-05-11 23:02:00Z] CHK MOM:-0.05% RANGE:0.07% UP:14.28% SPREAD:0.07047216% BID:0.2838 ASK:0.284 MID:0.2839 P1:0.2839 P2:0.28395 P3:0.284 P4:0.28405 STATE:IDLE
[2026-05-11 23:02:00Z] CHK MOM:-0.05% RANGE:0.07% UP:14.28% SPREAD:0.07047216% BID:0.2838 ASK:0.284 MID:0.2839 P1:0.2839 P2:0.28395 P3:0.284 P4:0.28405 STATE:IDLE
[2026-05-11 23:02:01Z] CHK MOM:-0.05% RANGE:0.07% UP:12.5% SPREAD:0.07047216% BID:0.2838 ASK:0.284 MID:0.2839 P1:0.2839 P2:0.2839 P3:0.28395 P4:0.284 STATE:IDLE
[2026-05-11 23:02:01Z] CHK MOM:-0.08% RANGE:0.1% UP:11.11% SPREAD:0.070497% BID:0.2837 ASK:0.2839 MID:0.2838 P1:0.2838 P2:0.2839 P3:0.2839 P4:0.28395 STATE:IDLE
[2026-05-11 23:02:02Z] CHK MOM:-0.1% RANGE:0.12% UP:10% SPREAD:0.0352485% BID:0.2837 ASK:0.2838 MID:0.28375 P1:0.28375 P2:0.2838 P3:0.2839 P4:0.2839 STATE:IDLE
[2026-05-11 23:02:02Z] CHK MOM:-0.1% RANGE:0.12% UP:10% SPREAD:0.0352485% BID:0.2837 ASK:0.2838 MID:0.28375 P1:0.28375 P2:0.2838 P3:0.2839 P4:0.2839 STATE:IDLE
[2026-05-11 23:02:03Z] CHK MOM:-0.1% RANGE:0.12% UP:9.09% SPREAD:0.0352485% BID:0.2837 ASK:0.2838 MID:0.28375 P1:0.28375 P2:0.28375 P3:0.2838 P4:0.2839 STATE:IDLE
[2026-05-11 23:02:03Z] CHK MOM:-0.1% RANGE:0.12% UP:9.09% SPREAD:0.0352485% BID:0.2837 ASK:0.2838 MID:0.28375 P1:0.28375 P2:0.28375 P3:0.2838 P4:0.2839 STATE:IDLE
[2026-05-11 23:02:04Z] CHK MOM:-0.12% RANGE:0.14% UP:8.33% SPREAD:0.07052186% BID:0.2836 ASK:0.2838 MID:0.2837 P1:0.2837 P2:0.28375 P3:0.28375 P4:0.2838 STATE:IDLE
[2026-05-11 23:02:05Z] CHK MOM:-0.15% RANGE:0.17% UP:7.69% SPREAD:0.07054673% BID:0.2835 ASK:0.2837 MID:0.28359999 P1:0.28359999 P2:0.2837 P3:0.28375 P4:0.28375 STATE:IDLE
[2026-05-11 23:02:05Z] CHK MOM:-0.15% RANGE:0.17% UP:7.14% SPREAD:0.07054673% BID:0.2835 ASK:0.2837 MID:0.28359999 P1:0.28359999 P2:0.28359999 P3:0.2837 P4:0.28375 STATE:IDLE
[2026-05-11 23:02:06Z] CHK MOM:-0.15% RANGE:0.17% UP:7.14% SPREAD:0.03526093% BID:0.2836 ASK:0.2837 MID:0.28365 P1:0.28365 P2:0.28359999 P3:0.28359999 P4:0.2837 STATE:IDLE
[2026-05-11 23:02:06Z] CHK MOM:-0.15% RANGE:0.17% UP:7.14% SPREAD:0.03526093% BID:0.2836 ASK:0.2837 MID:0.28365 P1:0.28365 P2:0.28359999 P3:0.28359999 P4:0.2837 STATE:IDLE
[2026-05-11 23:02:07Z] CHK MOM:-0.07% RANGE:0.17% UP:14.28% SPREAD:0.07047216% BID:0.2838 ASK:0.284 MID:0.2839 P1:0.2839 P2:0.28365 P3:0.28359999 P4:0.28359999 STATE:IDLE
[2026-05-11 23:02:07Z] CHK MOM:-0.05% RANGE:0.15% UP:14.28% SPREAD:0.07047216% BID:0.2838 ASK:0.284 MID:0.2839 P1:0.2839 P2:0.2839 P3:0.28365 P4:0.28359999 STATE:IDLE
[2026-05-11 23:02:08Z] CHK MOM:-0.05% RANGE:0.15% UP:14.28% SPREAD:0.07047216% BID:0.2838 ASK:0.284 MID:0.2839 P1:0.2839 P2:0.2839 P3:0.28365 P4:0.28359999 STATE:IDLE
[2026-05-11 23:02:08Z] CHK MOM:-0.05% RANGE:0.15% UP:14.28% SPREAD:0.07047216% BID:0.2838 ASK:0.284 MID:0.2839 P1:0.2839 P2:0.2839 P3:0.28365 P4:0.28359999 STATE:IDLE
[2026-05-11 23:02:09Z] CHK MOM:-0.05% RANGE:0.14% UP:15.38% SPREAD:0.1057455% BID:0.2837 ASK:0.284 MID:0.28385 P1:0.28385 P2:0.2839 P3:0.2839 P4:0.28365 STATE:IDLE
[2026-05-11 23:02:09Z] CHK MOM:-0.05% RANGE:0.14% UP:14.28% SPREAD:0.1057455% BID:0.2837 ASK:0.284 MID:0.28385 P1:0.28385 P2:0.28385 P3:0.2839 P4:0.2839 STATE:IDLE
[2026-05-11 23:02:10Z] CHK MOM:-0.05% RANGE:0.14% UP:14.28% SPREAD:0.1057455% BID:0.2837 ASK:0.284 MID:0.28385 P1:0.28385 P2:0.28385 P3:0.2839 P4:0.2839 STATE:IDLE
[2026-05-11 23:02:11Z] CHK MOM:-0.03% RANGE:0.1% UP:15.38% SPREAD:0.070497% BID:0.2837 ASK:0.2839 MID:0.2838 P1:0.2838 P2:0.28385 P3:0.28385 P4:0.2839 STATE:IDLE
[2026-05-11 23:02:11Z] CHK MOM:-0.03% RANGE:0.1% UP:15.38% SPREAD:0.070497% BID:0.2837 ASK:0.2839 MID:0.2838 P1:0.2838 P2:0.28385 P3:0.28385 P4:0.2839 STATE:IDLE
[2026-05-11 23:02:12Z] CHK MOM:-0.03% RANGE:0.1% UP:15.38% SPREAD:0.070497% BID:0.2837 ASK:0.2839 MID:0.2838 P1:0.2838 P2:0.28385 P3:0.28385 P4:0.2839 STATE:IDLE
[2026-05-11 23:02:12Z] CHK MOM:-0.03% RANGE:0.1% UP:15.38% SPREAD:0.070497% BID:0.2837 ASK:0.2839 MID:0.2838 P1:0.2838 P2:0.28385 P3:0.28385 P4:0.2839 STATE:IDLE
[2026-05-11 23:02:13Z] CHK MOM:-0.03% RANGE:0.1% UP:15.38% SPREAD:0.070497% BID:0.2837 ASK:0.2839 MID:0.2838 P1:0.2838 P2:0.2838 P3:0.28385 P4:0.28385 STATE:IDLE
[2026-05-11 23:02:13Z] CHK MOM:-0.03% RANGE:0.1% UP:15.38% SPREAD:0.070497% BID:0.2837 ASK:0.2839 MID:0.2838 P1:0.2838 P2:0.2838 P3:0.28385 P4:0.28385 STATE:IDLE
[2026-05-11 23:02:14Z] CHK MOM:-0.03% RANGE:0.1% UP:15.38% SPREAD:0.070497% BID:0.2837 ASK:0.2839 MID:0.2838 P1:0.2838 P2:0.2838 P3:0.28385 P4:0.28385 STATE:IDLE
[2026-05-11 23:02:14Z] CHK MOM:-0.01% RANGE:0.1% UP:18.18% SPREAD:0.07052186% BID:0.2836 ASK:0.2838 MID:0.2837 P1:0.2837 P2:0.2838 P3:0.2838 P4:0.28385 STATE:IDLE
[2026-05-11 23:02:15Z] CHK MOM:-0.01% RANGE:0.1% UP:18.18% SPREAD:0.07052186% BID:0.2836 ASK:0.2838 MID:0.2837 P1:0.2837 P2:0.2838 P3:0.2838 P4:0.28385 STATE:IDLE
[2026-05-11 23:02:16Z] CHK MOM:0% RANGE:0.1% UP:18.18% SPREAD:0.07052186% BID:0.2836 ASK:0.2838 MID:0.2837 P1:0.2837 P2:0.2837 P3:0.2838 P4:0.2838 STATE:IDLE
[2026-05-11 23:02:16Z] CHK MOM:0.01% RANGE:0.1% UP:25% SPREAD:0.0352485% BID:0.2837 ASK:0.2838 MID:0.28375 P1:0.28375 P2:0.2837 P3:0.2837 P4:0.2838 STATE:IDLE
[2026-05-11 23:02:17Z] CHK MOM:0.05% RANGE:0.1% UP:27.27% SPREAD:0.0352485% BID:0.2837 ASK:0.2838 MID:0.28375 P1:0.28375 P2:0.28375 P3:0.2837 P4:0.2837 STATE:IDLE
[2026-05-11 23:02:17Z] CHK MOM:0.03% RANGE:0.08% UP:18.18% SPREAD:0.0352485% BID:0.2837 ASK:0.2838 MID:0.28375 P1:0.28375 P2:0.28375 P3:0.28375 P4:0.2837 STATE:IDLE
[2026-05-11 23:02:18Z] CHK MOM:-0.07% RANGE:0.07% UP:9.09% SPREAD:0.07052186% BID:0.2836 ASK:0.2838 MID:0.2837 P1:0.2837 P2:0.28375 P3:0.28375 P4:0.28375 STATE:IDLE
[2026-05-11 23:02:18Z] CHK MOM:-0.07% RANGE:0.07% UP:8.33% SPREAD:0.07052186% BID:0.2836 ASK:0.2838 MID:0.2837 P1:0.2837 P2:0.2837 P3:0.28375 P4:0.28375 STATE:IDLE
[2026-05-11 23:02:19Z] CHK MOM:-0.08% RANGE:0.08% UP:7.69% SPREAD:0.03526093% BID:0.2836 ASK:0.2837 MID:0.28365 P1:0.28365 P2:0.2837 P3:0.2837 P4:0.28375 STATE:IDLE
[2026-05-11 23:02:19Z] CHK MOM:-0.08% RANGE:0.08% UP:7.69% SPREAD:0.03526093% BID:0.2836 ASK:0.2837 MID:0.28365 P1:0.28365 P2:0.2837 P3:0.2837 P4:0.28375 STATE:IDLE
[2026-05-11 23:02:20Z] CHK MOM:-0.03% RANGE:0.07% UP:16.66% SPREAD:0.0352485% BID:0.2837 ASK:0.2838 MID:0.28375 P1:0.28375 P2:0.28365 P3:0.2837 P4:0.2837 STATE:IDLE
[2026-05-11 23:02:20Z] CHK MOM:-0.03% RANGE:0.07% UP:16.66% SPREAD:0.0352485% BID:0.2837 ASK:0.2838 MID:0.28375 P1:0.28375 P2:0.28365 P3:0.2837 P4:0.2837 STATE:IDLE
[2026-05-11 23:02:21Z] CHK MOM:-0.03% RANGE:0.07% UP:15.38% SPREAD:0.0352485% BID:0.2837 ASK:0.2838 MID:0.28375 P1:0.28375 P2:0.28375 P3:0.28365 P4:0.2837 STATE:IDLE
[2026-05-11 23:02:21Z] CHK MOM:-0.03% RANGE:0.05% UP:16.66% SPREAD:0.07052186% BID:0.2836 ASK:0.2838 MID:0.2837 P1:0.2837 P2:0.28375 P3:0.28375 P4:0.28365 STATE:IDLE
[2026-05-11 23:02:22Z] CHK MOM:-0.03% RANGE:0.05% UP:16.66% SPREAD:0.07052186% BID:0.2836 ASK:0.2838 MID:0.2837 P1:0.2837 P2:0.28375 P3:0.28375 P4:0.28365 STATE:IDLE
[2026-05-11 23:02:23Z] CHK MOM:-0.05% RANGE:0.05% UP:16.66% SPREAD:0.03526093% BID:0.2836 ASK:0.2837 MID:0.28365 P1:0.28365 P2:0.2837 P3:0.28375 P4:0.28375 STATE:IDLE
[2026-05-11 23:02:23Z] CHK MOM:-0.01% RANGE:0.05% UP:23.07% SPREAD:0.0352485% BID:0.2837 ASK:0.2838 MID:0.28375 P1:0.28375 P2:0.28365 P3:0.2837 P4:0.28375 STATE:IDLE
[2026-05-11 23:02:24Z] CHK MOM:-0.05% RANGE:0.05% UP:21.42% SPREAD:0.03526093% BID:0.2836 ASK:0.2837 MID:0.28365 P1:0.28365 P2:0.28375 P3:0.28365 P4:0.2837 STATE:IDLE
[2026-05-11 23:02:24Z] CHK MOM:-0.05% RANGE:0.05% UP:21.42% SPREAD:0.03526093% BID:0.2836 ASK:0.2837 MID:0.28365 P1:0.28365 P2:0.28375 P3:0.28365 P4:0.2837 STATE:IDLE
[2026-05-11 23:02:25Z] CHK MOM:-0.01% RANGE:0.03% UP:21.42% SPREAD:0.03526093% BID:0.2836 ASK:0.2837 MID:0.28365 P1:0.28365 P2:0.28365 P3:0.28375 P4:0.28365 STATE:IDLE
[2026-05-11 23:02:25Z] CHK MOM:-0.01% RANGE:0.03% UP:21.42% SPREAD:0.03526093% BID:0.2836 ASK:0.2837 MID:0.28365 P1:0.28365 P2:0.28365 P3:0.28375 P4:0.28365 STATE:IDLE
[2026-05-11 23:02:26Z] CHK MOM:-0.01% RANGE:0.03% UP:21.42% SPREAD:0.03526093% BID:0.2836 ASK:0.2837 MID:0.28365 P1:0.28365 P2:0.28365 P3:0.28375 P4:0.28365 STATE:IDLE
[2026-05-11 23:02:27Z] CHK MOM:-0.01% RANGE:0.03% UP:21.42% SPREAD:0.03526093% BID:0.2836 ASK:0.2837 MID:0.28365 P1:0.28365 P2:0.28365 P3:0.28375 P4:0.28365 STATE:IDLE
[2026-05-11 23:02:27Z] CHK MOM:-0.01% RANGE:0.03% UP:21.42% SPREAD:0.03526093% BID:0.2836 ASK:0.2837 MID:0.28365 P1:0.28365 P2:0.28365 P3:0.28375 P4:0.28365 STATE:IDLE
[2026-05-11 23:02:28Z] CHK MOM:-0.03% RANGE:0.03% UP:18.18% SPREAD:0.03526093% BID:0.2836 ASK:0.2837 MID:0.28365 P1:0.28365 P2:0.28365 P3:0.28365 P4:0.28375 STATE:IDLE
[2026-05-11 23:02:29Z] CHK MOM:-0.03% RANGE:0.03% UP:18.18% SPREAD:0.03526093% BID:0.2836 ASK:0.2837 MID:0.28365 P1:0.28365 P2:0.28365 P3:0.28365 P4:0.28375 STATE:IDLE
[2026-05-11 23:02:29Z] CHK MOM:-0.03% RANGE:0.03% UP:18.18% SPREAD:0.03526093% BID:0.2836 ASK:0.2837 MID:0.28365 P1:0.28365 P2:0.28365 P3:0.28365 P4:0.28375 STATE:IDLE
[2026-05-11 23:02:30Z] CHK MOM:-0.03% RANGE:0.03% UP:18.18% SPREAD:0.03526093% BID:0.2836 ASK:0.2837 MID:0.28365 P1:0.28365 P2:0.28365 P3:0.28365 P4:0.28375 STATE:IDLE
[2026-05-11 23:02:30Z] CHK MOM:-0.03% RANGE:0.03% UP:18.18% SPREAD:0.03526093% BID:0.2836 ASK:0.2837 MID:0.28365 P1:0.28365 P2:0.28365 P3:0.28365 P4:0.28375 STATE:IDLE
[2026-05-11 23:02:31Z] CHK MOM:-0.03% RANGE:0.03% UP:18.18% SPREAD:0.03526093% BID:0.2836 ASK:0.2837 MID:0.28365 P1:0.28365 P2:0.28365 P3:0.28365 P4:0.28375 STATE:IDLE
[2026-05-11 23:02:32Z] CHK MOM:-0.03% RANGE:0.03% UP:12.5% SPREAD:0.03526093% BID:0.2836 ASK:0.2837 MID:0.28365 P1:0.28365 P2:0.28365 P3:0.28365 P4:0.28365 STATE:IDLE
[2026-05-11 23:02:32Z] CHK MOM:-0.03% RANGE:0.03% UP:12.5% SPREAD:0.03526093% BID:0.2836 ASK:0.2837 MID:0.28365 P1:0.28365 P2:0.28365 P3:0.28365 P4:0.28365 STATE:IDLE
[2026-05-11 23:02:33Z] CHK MOM:-0.03% RANGE:0.03% UP:12.5% SPREAD:0.03526093% BID:0.2836 ASK:0.2837 MID:0.28365 P1:0.28365 P2:0.28365 P3:0.28365 P4:0.28365 STATE:IDLE
[2026-05-11 23:02:33Z] CHK MOM:-0.03% RANGE:0.03% UP:12.5% SPREAD:0.03526093% BID:0.2836 ASK:0.2837 MID:0.28365 P1:0.28365 P2:0.28365 P3:0.28365 P4:0.28365 STATE:IDLE
[2026-05-11 23:02:34Z] CHK MOM:-0.03% RANGE:0.03% UP:12.5% SPREAD:0.03526093% BID:0.2836 ASK:0.2837 MID:0.28365 P1:0.28365 P2:0.28365 P3:0.28365 P4:0.28365 STATE:IDLE
[2026-05-11 23:02:35Z] CHK MOM:0% RANGE:0% UP:0% SPREAD:0.03526093% BID:0.2836 ASK:0.2837 MID:0.28365 P1:0.28365 P2:0.28365 P3:0.28365 P4:0.28365 STATE:IDLE
[2026-05-11 23:02:35Z] CHK MOM:-0.01% RANGE:0.01% UP:0% SPREAD:0.07054673% BID:0.2835 ASK:0.2837 MID:0.28359999 P1:0.28359999 P2:0.28365 P3:0.28365 P4:0.28365 STATE:IDLE
[2026-05-11 23:02:36Z] CHK MOM:-0.05% RANGE:0.05% UP:0% SPREAD:0.07057163% BID:0.2834 ASK:0.2836 MID:0.2835 P1:0.2835 P2:0.28359999 P3:0.28365 P4:0.28365 STATE:IDLE
[2026-05-11 23:02:36Z] CHK MOM:-0.05% RANGE:0.05% UP:0% SPREAD:0.07057163% BID:0.2834 ASK:0.2836 MID:0.2835 P1:0.2835 P2:0.28359999 P3:0.28365 P4:0.28365 STATE:IDLE
[2026-05-11 23:02:37Z] CHK MOM:-0.07% RANGE:0.07% UP:0% SPREAD:0.03528581% BID:0.2834 ASK:0.2835 MID:0.28345 P1:0.28345 P2:0.2835 P3:0.28359999 P4:0.28365 STATE:IDLE
[2026-05-11 23:02:38Z] CHK MOM:-0.07% RANGE:0.07% UP:0% SPREAD:0.03528581% BID:0.2834 ASK:0.2835 MID:0.28345 P1:0.28345 P2:0.2835 P3:0.28359999 P4:0.28365 STATE:IDLE
[2026-05-11 23:02:38Z] CHK MOM:-0.07% RANGE:0.07% UP:0% SPREAD:0.03528581% BID:0.2834 ASK:0.2835 MID:0.28345 P1:0.28345 P2:0.2835 P3:0.28359999 P4:0.28365 STATE:IDLE
[2026-05-11 23:02:39Z] CHK MOM:-0.07% RANGE:0.07% UP:0% SPREAD:0.03528581% BID:0.2834 ASK:0.2835 MID:0.28345 P1:0.28345 P2:0.2835 P3:0.28359999 P4:0.28365 STATE:IDLE
[2026-05-11 23:02:39Z] CHK MOM:-0.07% RANGE:0.07% UP:0% SPREAD:0.03528581% BID:0.2834 ASK:0.2835 MID:0.28345 P1:0.28345 P2:0.2835 P3:0.28359999 P4:0.28365 STATE:IDLE
[2026-05-11 23:02:40Z] CHK MOM:-0.07% RANGE:0.07% UP:0% SPREAD:0.03528581% BID:0.2834 ASK:0.2835 MID:0.28345 P1:0.28345 P2:0.28345 P3:0.2835 P4:0.28359999 STATE:IDLE
[2026-05-11 23:02:40Z] CHK MOM:-0.08% RANGE:0.08% UP:0% SPREAD:0.07059654% BID:0.2833 ASK:0.2835 MID:0.2834 P1:0.2834 P2:0.28345 P3:0.28345 P4:0.2835 STATE:IDLE
[2026-05-11 23:02:41Z] CHK MOM:-0.07% RANGE:0.08% UP:14.28% SPREAD:0.03528581% BID:0.2834 ASK:0.2835 MID:0.28345 P1:0.28345 P2:0.2834 P3:0.28345 P4:0.28345 STATE:IDLE
[2026-05-11 23:02:41Z] CHK MOM:-0.07% RANGE:0.08% UP:14.28% SPREAD:0.03528581% BID:0.2834 ASK:0.2835 MID:0.28345 P1:0.28345 P2:0.2834 P3:0.28345 P4:0.28345 STATE:IDLE
[2026-05-11 23:02:42Z] CHK MOM:-0.07% RANGE:0.08% UP:14.28% SPREAD:0.03528581% BID:0.2834 ASK:0.2835 MID:0.28345 P1:0.28345 P2:0.2834 P3:0.28345 P4:0.28345 STATE:IDLE
[2026-05-11 23:02:43Z] CHK MOM:-0.07% RANGE:0.08% UP:14.28% SPREAD:0.03528581% BID:0.2834 ASK:0.2835 MID:0.28345 P1:0.28345 P2:0.2834 P3:0.28345 P4:0.28345 STATE:IDLE
[2026-05-11 23:02:43Z] CHK MOM:-0.07% RANGE:0.08% UP:12.5% SPREAD:0.03528581% BID:0.2834 ASK:0.2835 MID:0.28345 P1:0.28345 P2:0.28345 P3:0.2834 P4:0.28345 STATE:IDLE
[2026-05-11 23:02:44Z] CHK MOM:-0.07% RANGE:0.08% UP:12.5% SPREAD:0.03528581% BID:0.2834 ASK:0.2835 MID:0.28345 P1:0.28345 P2:0.28345 P3:0.2834 P4:0.28345 STATE:IDLE
[2026-05-11 23:02:44Z] CHK MOM:-0.03% RANGE:0.08% UP:25% SPREAD:0.03527336% BID:0.2835 ASK:0.2836 MID:0.28354999 P1:0.28354999 P2:0.28345 P3:0.28345 P4:0.2834 STATE:IDLE
[2026-05-11 23:02:45Z] CHK MOM:-0.03% RANGE:0.08% UP:25% SPREAD:0.03527336% BID:0.2835 ASK:0.2836 MID:0.28354999 P1:0.28354999 P2:0.28345 P3:0.28345 P4:0.2834 STATE:IDLE
[2026-05-11 23:02:45Z] CHK MOM:-0.05% RANGE:0.08% UP:22.22% SPREAD:0.07057163% BID:0.2834 ASK:0.2836 MID:0.2835 P1:0.2835 P2:0.28354999 P3:0.28345 P4:0.28345 STATE:IDLE
[2026-05-11 23:02:46Z] CHK MOM:-0.07% RANGE:0.08% UP:20% SPREAD:0.03528581% BID:0.2834 ASK:0.2835 MID:0.28345 P1:0.28345 P2:0.2835 P3:0.28354999 P4:0.28345 STATE:IDLE
[2026-05-11 23:02:46Z] CHK MOM:-0.07% RANGE:0.08% UP:20% SPREAD:0.03528581% BID:0.2834 ASK:0.2835 MID:0.28345 P1:0.28345 P2:0.2835 P3:0.28354999 P4:0.28345 STATE:IDLE
[2026-05-11 23:02:47Z] CHK MOM:-0.07% RANGE:0.08% UP:20% SPREAD:0.03528581% BID:0.2834 ASK:0.2835 MID:0.28345 P1:0.28345 P2:0.2835 P3:0.28354999 P4:0.28345 STATE:IDLE
[2026-05-11 23:02:47Z] CHK MOM:-0.05% RANGE:0.07% UP:20% SPREAD:0.03528581% BID:0.2834 ASK:0.2835 MID:0.28345 P1:0.28345 P2:0.28345 P3:0.2835 P4:0.28354999 STATE:IDLE
[2026-05-11 23:02:48Z] CHK MOM:-0.05% RANGE:0.07% UP:20% SPREAD:0.03528581% BID:0.2834 ASK:0.2835 MID:0.28345 P1:0.28345 P2:0.28345 P3:0.2835 P4:0.28354999 STATE:IDLE
[2026-05-11 23:02:49Z] CHK MOM:0% RANGE:0.05% UP:22.22% SPREAD:0.03528581% BID:0.2834 ASK:0.2835 MID:0.28345 P1:0.28345 P2:0.28345 P3:0.28345 P4:0.2835 STATE:IDLE
[2026-05-11 23:02:49Z] CHK MOM:0% RANGE:0.05% UP:22.22% SPREAD:0.03528581% BID:0.2834 ASK:0.2835 MID:0.28345 P1:0.28345 P2:0.28345 P3:0.28345 P4:0.2835 STATE:IDLE
[2026-05-11 23:02:50Z] CHK MOM:0% RANGE:0.05% UP:22.22% SPREAD:0.03528581% BID:0.2834 ASK:0.2835 MID:0.28345 P1:0.28345 P2:0.28345 P3:0.28345 P4:0.2835 STATE:IDLE
[2026-05-11 23:02:50Z] CHK MOM:0.03% RANGE:0.05% UP:33.33% SPREAD:0.03527336% BID:0.2835 ASK:0.2836 MID:0.28354999 P1:0.28354999 P2:0.28345 P3:0.28345 P4:0.28345 STATE:IDLE
[2026-05-11 23:02:51Z] CHK MOM:0.03% RANGE:0.05% UP:33.33% SPREAD:0.03527336% BID:0.2835 ASK:0.2836 MID:0.28354999 P1:0.28354999 P2:0.28345 P3:0.28345 P4:0.28345 STATE:IDLE
[2026-05-11 23:02:51Z] CHK MOM:0.03% RANGE:0.05% UP:33.33% SPREAD:0.03527336% BID:0.2835 ASK:0.2836 MID:0.28354999 P1:0.28354999 P2:0.28345 P3:0.28345 P4:0.28345 STATE:IDLE
[2026-05-11 23:02:52Z] CHK MOM:0.03% RANGE:0.05% UP:33.33% SPREAD:0.03527336% BID:0.2835 ASK:0.2836 MID:0.28354999 P1:0.28354999 P2:0.28345 P3:0.28345 P4:0.28345 STATE:IDLE
[2026-05-11 23:02:52Z] CHK MOM:0.03% RANGE:0.03% UP:25% SPREAD:0.03527336% BID:0.2835 ASK:0.2836 MID:0.28354999 P1:0.28354999 P2:0.28354999 P3:0.28345 P4:0.28345 STATE:IDLE
[2026-05-11 23:02:53Z] CHK MOM:0.03% RANGE:0.03% UP:25% SPREAD:0.03527336% BID:0.2835 ASK:0.2836 MID:0.28354999 P1:0.28354999 P2:0.28354999 P3:0.28345 P4:0.28345 STATE:IDLE
[2026-05-11 23:02:54Z] CHK MOM:0.07% RANGE:0.07% UP:37.5% SPREAD:0.1058201% BID:0.2835 ASK:0.2838 MID:0.28364999 P1:0.28364999 P2:0.28354999 P3:0.28354999 P4:0.28345 STATE:IDLE
[2026-05-11 23:02:54Z] CHK MOM:0.07% RANGE:0.07% UP:33.33% SPREAD:0.1058201% BID:0.2835 ASK:0.2838 MID:0.28364999 P1:0.28364999 P2:0.28364999 P3:0.28354999 P4:0.28354999 STATE:IDLE
[2026-05-11 23:02:55Z] CHK MOM:0.07% RANGE:0.07% UP:33.33% SPREAD:0.1058201% BID:0.2835 ASK:0.2838 MID:0.28364999 P1:0.28364999 P2:0.28364999 P3:0.28354999 P4:0.28354999 STATE:IDLE
[2026-05-11 23:02:55Z] CHK MOM:0.03% RANGE:0.07% UP:22.22% SPREAD:0.1058201% BID:0.2835 ASK:0.2838 MID:0.28364999 P1:0.28364999 P2:0.28364999 P3:0.28364999 P4:0.28354999 STATE:IDLE
[2026-05-11 23:02:56Z] CHK MOM:0.03% RANGE:0.07% UP:22.22% SPREAD:0.1058201% BID:0.2835 ASK:0.2838 MID:0.28364999 P1:0.28364999 P2:0.28364999 P3:0.28364999 P4:0.28354999 STATE:IDLE
[2026-05-11 23:02:56Z] CHK MOM:0.03% RANGE:0.07% UP:22.22% SPREAD:0.1058201% BID:0.2835 ASK:0.2838 MID:0.28364999 P1:0.28364999 P2:0.28364999 P3:0.28364999 P4:0.28354999 STATE:IDLE
[2026-05-11 23:02:57Z] CHK MOM:0.03% RANGE:0.07% UP:22.22% SPREAD:0.1058201% BID:0.2835 ASK:0.2838 MID:0.28364999 P1:0.28364999 P2:0.28364999 P3:0.28364999 P4:0.28354999 STATE:IDLE
[2026-05-11 23:02:57Z] CHK MOM:0.03% RANGE:0.07% UP:22.22% SPREAD:0.1058201% BID:0.2835 ASK:0.2838 MID:0.28364999 P1:0.28364999 P2:0.28364999 P3:0.28364999 P4:0.28354999 STATE:IDLE
[2026-05-11 23:02:58Z] CHK MOM:0.05% RANGE:0.07% UP:25% SPREAD:0.07054673% BID:0.2835 ASK:0.2837 MID:0.28359999 P1:0.28359999 P2:0.28364999 P3:0.28364999 P4:0.28364999 STATE:IDLE
[2026-05-11 23:02:58Z] CHK MOM:0.05% RANGE:0.07% UP:25% SPREAD:0.07054673% BID:0.2835 ASK:0.2837 MID:0.28359999 P1:0.28359999 P2:0.28364999 P3:0.28364999 P4:0.28364999 STATE:IDLE
[2026-05-11 23:02:59Z] CHK MOM:0.05% RANGE:0.07% UP:25% SPREAD:0.07054673% BID:0.2835 ASK:0.2837 MID:0.28359999 P1:0.28359999 P2:0.28364999 P3:0.28364999 P4:0.28364999 STATE:IDLE
[2026-05-11 23:03:00Z] CHK MOM:0.05% RANGE:0.07% UP:28.57% SPREAD:0.07054673% BID:0.2835 ASK:0.2837 MID:0.28359999 P1:0.28359999 P2:0.28359999 P3:0.28364999 P4:0.28364999 STATE:IDLE
[2026-05-11 23:03:00Z] CHK MOM:0.05% RANGE:0.07% UP:25% SPREAD:0.07054673% BID:0.2835 ASK:0.2837 MID:0.28359999 P1:0.28359999 P2:0.28359999 P3:0.28359999 P4:0.28364999 STATE:IDLE
[2026-05-11 23:03:01Z] CHK MOM:0% RANGE:0.03% UP:12.5% SPREAD:0.03527336% BID:0.2835 ASK:0.2836 MID:0.28354999 P1:0.28354999 P2:0.28359999 P3:0.28359999 P4:0.28359999 STATE:IDLE
[2026-05-11 23:03:01Z] CHK MOM:0% RANGE:0.03% UP:11.11% SPREAD:0.03527336% BID:0.2835 ASK:0.2836 MID:0.28354999 P1:0.28354999 P2:0.28354999 P3:0.28359999 P4:0.28359999 STATE:IDLE
[2026-05-11 23:03:02Z] CHK MOM:0% RANGE:0.03% UP:10% SPREAD:0.03527336% BID:0.2835 ASK:0.2836 MID:0.28354999 P1:0.28354999 P2:0.28354999 P3:0.28354999 P4:0.28359999 STATE:IDLE
[2026-05-11 23:03:02Z] CHK MOM:0% RANGE:0.03% UP:10% SPREAD:0.03527336% BID:0.2835 ASK:0.2836 MID:0.28354999 P1:0.28354999 P2:0.28354999 P3:0.28354999 P4:0.28359999 STATE:IDLE
[2026-05-11 23:03:03Z] CHK MOM:0% RANGE:0.03% UP:10% SPREAD:0.03527336% BID:0.2835 ASK:0.2836 MID:0.28354999 P1:0.28354999 P2:0.28354999 P3:0.28354999 P4:0.28354999 STATE:IDLE
[2026-05-11 23:03:03Z] CHK MOM:0% RANGE:0.03% UP:10% SPREAD:0.03527336% BID:0.2835 ASK:0.2836 MID:0.28354999 P1:0.28354999 P2:0.28354999 P3:0.28354999 P4:0.28354999 STATE:IDLE
[2026-05-11 23:03:04Z] CHK MOM:0% RANGE:0.03% UP:10% SPREAD:0.03527336% BID:0.2835 ASK:0.2836 MID:0.28354999 P1:0.28354999 P2:0.28354999 P3:0.28354999 P4:0.28354999 STATE:IDLE
[2026-05-11 23:03:05Z] CHK MOM:0% RANGE:0.03% UP:10% SPREAD:0.03527336% BID:0.2835 ASK:0.2836 MID:0.28354999 P1:0.28354999 P2:0.28354999 P3:0.28354999 P4:0.28354999 STATE:IDLE
[2026-05-11 23:03:05Z] CHK MOM:-0.03% RANGE:0.03% UP:0% SPREAD:0.03527336% BID:0.2835 ASK:0.2836 MID:0.28354999 P1:0.28354999 P2:0.28354999 P3:0.28354999 P4:0.28354999 STATE:IDLE
[2026-05-11 23:03:06Z] CHK MOM:-0.03% RANGE:0.03% UP:0% SPREAD:0.03527336% BID:0.2835 ASK:0.2836 MID:0.28354999 P1:0.28354999 P2:0.28354999 P3:0.28354999 P4:0.28354999 STATE:IDLE
[2026-05-11 23:03:06Z] CHK MOM:-0.03% RANGE:0.03% UP:0% SPREAD:0.03527336% BID:0.2835 ASK:0.2836 MID:0.28354999 P1:0.28354999 P2:0.28354999 P3:0.28354999 P4:0.28354999 STATE:IDLE
[2026-05-11 23:03:07Z] CHK MOM:-0.03% RANGE:0.03% UP:0% SPREAD:0.03527336% BID:0.2835 ASK:0.2836 MID:0.28354999 P1:0.28354999 P2:0.28354999 P3:0.28354999 P4:0.28354999 STATE:IDLE
[2026-05-11 23:03:07Z] CHK MOM:-0.03% RANGE:0.03% UP:0% SPREAD:0.03527336% BID:0.2835 ASK:0.2836 MID:0.28354999 P1:0.28354999 P2:0.28354999 P3:0.28354999 P4:0.28354999 STATE:IDLE
[2026-05-11 23:03:08Z] CHK MOM:-0.03% RANGE:0.03% UP:0% SPREAD:0.03527336% BID:0.2835 ASK:0.2836 MID:0.28354999 P1:0.28354999 P2:0.28354999 P3:0.28354999 P4:0.28354999 STATE:IDLE
[2026-05-11 23:03:08Z] CHK MOM:-0.01% RANGE:0.01% UP:0% SPREAD:0.03527336% BID:0.2835 ASK:0.2836 MID:0.28354999 P1:0.28354999 P2:0.28354999 P3:0.28354999 P4:0.28354999 STATE:IDLE
[2026-05-11 23:03:09Z] CHK MOM:0% RANGE:0.01% UP:10% SPREAD:0.07054673% BID:0.2835 ASK:0.2837 MID:0.28359999 P1:0.28359999 P2:0.28354999 P3:0.28354999 P4:0.28354999 STATE:IDLE
[2026-05-11 23:03:09Z] CHK MOM:0% RANGE:0.01% UP:9.09% SPREAD:0.07054673% BID:0.2835 ASK:0.2837 MID:0.28359999 P1:0.28359999 P2:0.28359999 P3:0.28354999 P4:0.28354999 STATE:IDLE
[2026-05-11 23:03:10Z] CHK MOM:0% RANGE:0.01% UP:9.09% SPREAD:0.07054673% BID:0.2835 ASK:0.2837 MID:0.28359999 P1:0.28359999 P2:0.28359999 P3:0.28359999 P4:0.28354999 STATE:IDLE
[2026-05-11 23:03:11Z] CHK MOM:-0.01% RANGE:0.01% UP:8.33% SPREAD:0.03527336% BID:0.2835 ASK:0.2836 MID:0.28354999 P1:0.28354999 P2:0.28359999 P3:0.28359999 P4:0.28359999 STATE:IDLE
[2026-05-11 23:03:11Z] CHK MOM:-0.01% RANGE:0.01% UP:7.69% SPREAD:0.03527336% BID:0.2835 ASK:0.2836 MID:0.28354999 P1:0.28354999 P2:0.28354999 P3:0.28359999 P4:0.28359999 STATE:IDLE
[2026-05-11 23:03:12Z] CHK MOM:-0.01% RANGE:0.01% UP:7.69% SPREAD:0.03527336% BID:0.2835 ASK:0.2836 MID:0.28354999 P1:0.28354999 P2:0.28354999 P3:0.28359999 P4:0.28359999 STATE:IDLE
[2026-05-11 23:03:12Z] CHK MOM:-0.01% RANGE:0.01% UP:7.69% SPREAD:0.03527336% BID:0.2835 ASK:0.2836 MID:0.28354999 P1:0.28354999 P2:0.28354999 P3:0.28359999 P4:0.28359999 STATE:IDLE
[2026-05-11 23:03:13Z] CHK MOM:0% RANGE:0.01% UP:9.09% SPREAD:0.03527336% BID:0.2835 ASK:0.2836 MID:0.28354999 P1:0.28354999 P2:0.28354999 P3:0.28354999 P4:0.28359999 STATE:IDLE
[2026-05-11 23:03:13Z] CHK MOM:0% RANGE:0.01% UP:8.33% SPREAD:0.03527336% BID:0.2835 ASK:0.2836 MID:0.28354999 P1:0.28354999 P2:0.28354999 P3:0.28354999 P4:0.28354999 STATE:IDLE
[2026-05-11 23:03:14Z] CHK MOM:0% RANGE:0.01% UP:8.33% SPREAD:0.03527336% BID:0.2835 ASK:0.2836 MID:0.28354999 P1:0.28354999 P2:0.28354999 P3:0.28354999 P4:0.28354999 STATE:IDLE
[2026-05-11 23:34:05Z] SESSION_START symbol=CRVUSDC dry_run=0 profile=major strategy=momentum base_url=https://api.binance.com
[2026-05-11 23:34:05Z] TOXIC_MEMORY_LOADED count=5 symbols=GUNUSDC,JTOUSDC,ORDIUSDC,SAHARAUSDC,TONUSDC
[2026-05-11 23:34:07Z] CHK MOM:0% RANGE:0% UP:0% SPREAD:0.07064641% BID:0.2831 ASK:0.2833 MID:0.2832 P1:0.2832 P2:NA P3:NA P4:NA STATE:IDLE
[2026-05-11 23:34:08Z] CHK MOM:0% RANGE:0% UP:0% SPREAD:0.07064641% BID:0.2831 ASK:0.2833 MID:0.2832 P1:0.2832 P2:NA P3:NA P4:NA STATE:IDLE
[2026-05-11 23:34:08Z] CHK MOM:0% RANGE:0% UP:0% SPREAD:0.07064641% BID:0.2831 ASK:0.2833 MID:0.2832 P1:0.2832 P2:0.2832 P3:NA P4:NA STATE:IDLE
[2026-05-11 23:34:09Z] CHK MOM:0% RANGE:0% UP:0% SPREAD:0.07064641% BID:0.2831 ASK:0.2833 MID:0.2832 P1:0.2832 P2:0.2832 P3:0.2832 P4:NA STATE:IDLE
[2026-05-11 23:34:09Z] CHK MOM:0% RANGE:0% UP:0% SPREAD:0.07064641% BID:0.2831 ASK:0.2833 MID:0.2832 P1:0.2832 P2:0.2832 P3:0.2832 P4:NA STATE:IDLE
[2026-05-11 23:34:10Z] CHK MOM:0% RANGE:0% UP:0% SPREAD:0.07064641% BID:0.2831 ASK:0.2833 MID:0.2832 P1:0.2832 P2:0.2832 P3:0.2832 P4:0.2832 STATE:IDLE
[2026-05-11 23:34:10Z] CHK MOM:0% RANGE:0% UP:0% SPREAD:0.07064641% BID:0.2831 ASK:0.2833 MID:0.2832 P1:0.2832 P2:0.2832 P3:0.2832 P4:0.2832 STATE:IDLE
[2026-05-11 23:34:11Z] CHK MOM:-0.01% RANGE:0.01% UP:0% SPREAD:0.0353232% BID:0.2831 ASK:0.2832 MID:0.28315 P1:0.28315 P2:0.2832 P3:0.2832 P4:0.2832 STATE:IDLE
[2026-05-11 23:34:11Z] CHK MOM:-0.01% RANGE:0.01% UP:0% SPREAD:0.0353232% BID:0.2831 ASK:0.2832 MID:0.28315 P1:0.28315 P2:0.28315 P3:0.2832 P4:0.2832 STATE:IDLE
[2026-05-11 23:34:12Z] CHK MOM:-0.01% RANGE:0.01% UP:0% SPREAD:0.0353232% BID:0.2831 ASK:0.2832 MID:0.28315 P1:0.28315 P2:0.28315 P3:0.2832 P4:0.2832 STATE:IDLE
[2026-05-11 23:34:13Z] CHK MOM:-0.01% RANGE:0.01% UP:0% SPREAD:0.0353232% BID:0.2831 ASK:0.2832 MID:0.28315 P1:0.28315 P2:0.28315 P3:0.2832 P4:0.2832 STATE:IDLE
[2026-05-11 23:34:13Z] CHK MOM:-0.01% RANGE:0.01% UP:0% SPREAD:0.0353232% BID:0.2831 ASK:0.2832 MID:0.28315 P1:0.28315 P2:0.28315 P3:0.28315 P4:0.2832 STATE:IDLE
[2026-05-11 23:34:14Z] CHK MOM:-0.01% RANGE:0.01% UP:0% SPREAD:0.0353232% BID:0.2831 ASK:0.2832 MID:0.28315 P1:0.28315 P2:0.28315 P3:0.28315 P4:0.2832 STATE:IDLE
[2026-05-11 23:34:14Z] CHK MOM:-0.01% RANGE:0.01% UP:0% SPREAD:0.0353232% BID:0.2831 ASK:0.2832 MID:0.28315 P1:0.28315 P2:0.28315 P3:0.28315 P4:0.28315 STATE:IDLE
[2026-05-11 23:34:15Z] CHK MOM:-0.01% RANGE:0.01% UP:0% SPREAD:0.0353232% BID:0.2831 ASK:0.2832 MID:0.28315 P1:0.28315 P2:0.28315 P3:0.28315 P4:0.28315 STATE:IDLE
[2026-05-11 23:34:15Z] CHK MOM:-0.01% RANGE:0.01% UP:0% SPREAD:0.0353232% BID:0.2831 ASK:0.2832 MID:0.28315 P1:0.28315 P2:0.28315 P3:0.28315 P4:0.28315 STATE:IDLE
[2026-05-11 23:34:16Z] CHK MOM:-0.01% RANGE:0.01% UP:0% SPREAD:0.0353232% BID:0.2831 ASK:0.2832 MID:0.28315 P1:0.28315 P2:0.28315 P3:0.28315 P4:0.28315 STATE:IDLE
[2026-05-11 23:34:16Z] CHK MOM:-0.01% RANGE:0.01% UP:0% SPREAD:0.0353232% BID:0.2831 ASK:0.2832 MID:0.28315 P1:0.28315 P2:0.28315 P3:0.28315 P4:0.28315 STATE:IDLE
[2026-05-11 23:34:17Z] CHK MOM:-0.01% RANGE:0.01% UP:0% SPREAD:0.0353232% BID:0.2831 ASK:0.2832 MID:0.28315 P1:0.28315 P2:0.28315 P3:0.28315 P4:0.28315 STATE:IDLE
[2026-05-11 23:34:17Z] CHK MOM:-0.01% RANGE:0.01% UP:0% SPREAD:0.0353232% BID:0.2831 ASK:0.2832 MID:0.28315 P1:0.28315 P2:0.28315 P3:0.28315 P4:0.28315 STATE:IDLE
[2026-05-11 23:34:18Z] CHK MOM:-0.01% RANGE:0.01% UP:0% SPREAD:0.0353232% BID:0.2831 ASK:0.2832 MID:0.28315 P1:0.28315 P2:0.28315 P3:0.28315 P4:0.28315 STATE:IDLE
[2026-05-11 23:34:19Z] CHK MOM:-0.01% RANGE:0.01% UP:0% SPREAD:0.0353232% BID:0.2831 ASK:0.2832 MID:0.28315 P1:0.28315 P2:0.28315 P3:0.28315 P4:0.28315 STATE:IDLE
[2026-05-11 23:34:19Z] CHK MOM:-0.01% RANGE:0.01% UP:0% SPREAD:0.0353232% BID:0.2831 ASK:0.2832 MID:0.28315 P1:0.28315 P2:0.28315 P3:0.28315 P4:0.28315 STATE:IDLE
[2026-05-11 23:34:20Z] CHK MOM:0.05% RANGE:0.07% UP:7.69% SPREAD:0.03529827% BID:0.2833 ASK:0.2834 MID:0.28335 P1:0.28335 P2:0.28315 P3:0.28315 P4:0.28315 STATE:IDLE
[2026-05-11 23:34:20Z] CHK MOM:0.05% RANGE:0.07% UP:7.69% SPREAD:0.03529827% BID:0.2833 ASK:0.2834 MID:0.28335 P1:0.28335 P2:0.28315 P3:0.28315 P4:0.28315 STATE:IDLE
[2026-05-11 23:34:21Z] CHK MOM:0.08% RANGE:0.1% UP:16.66% SPREAD:0.03528581% BID:0.2834 ASK:0.2835 MID:0.28345 P1:0.28345 P2:0.28335 P3:0.28315 P4:0.28315 STATE:IDLE
[2026-05-11 23:34:21Z] CHK MOM:0.08% RANGE:0.1% UP:16.66% SPREAD:0.03528581% BID:0.2834 ASK:0.2835 MID:0.28345 P1:0.28345 P2:0.28335 P3:0.28315 P4:0.28315 STATE:IDLE
[2026-05-11 23:34:22Z] CHK MOM:0.05% RANGE:0.1% UP:15.38% SPREAD:0.03529827% BID:0.2833 ASK:0.2834 MID:0.28335 P1:0.28335 P2:0.28345 P3:0.28335 P4:0.28315 STATE:IDLE
[2026-05-11 23:34:22Z] CHK MOM:0.05% RANGE:0.1% UP:15.38% SPREAD:0.03529827% BID:0.2833 ASK:0.2834 MID:0.28335 P1:0.28335 P2:0.28345 P3:0.28335 P4:0.28315 STATE:IDLE
[2026-05-11 23:34:23Z] CHK MOM:0.05% RANGE:0.1% UP:15.38% SPREAD:0.03529827% BID:0.2833 ASK:0.2834 MID:0.28335 P1:0.28335 P2:0.28345 P3:0.28335 P4:0.28315 STATE:IDLE
[2026-05-11 23:34:24Z] CHK MOM:0.07% RANGE:0.1% UP:18.18% SPREAD:0.03529827% BID:0.2833 ASK:0.2834 MID:0.28335 P1:0.28335 P2:0.28335 P3:0.28345 P4:0.28335 STATE:IDLE
[2026-05-11 23:34:24Z] CHK MOM:0.07% RANGE:0.1% UP:18.18% SPREAD:0.03529827% BID:0.2833 ASK:0.2834 MID:0.28335 P1:0.28335 P2:0.28335 P3:0.28345 P4:0.28335 STATE:IDLE
[2026-05-11 23:34:25Z] CHK MOM:0.05% RANGE:0.1% UP:20% SPREAD:0.07062146% BID:0.2832 ASK:0.2834 MID:0.2833 P1:0.2833 P2:0.28335 P3:0.28335 P4:0.28345 STATE:IDLE
[2026-05-11 23:34:25Z] CHK MOM:0.05% RANGE:0.1% UP:18.18% SPREAD:0.07062146% BID:0.2832 ASK:0.2834 MID:0.2833 P1:0.2833 P2:0.2833 P3:0.28335 P4:0.28335 STATE:IDLE
[2026-05-11 23:34:26Z] CHK MOM:0.05% RANGE:0.1% UP:18.18% SPREAD:0.07062146% BID:0.2832 ASK:0.2834 MID:0.2833 P1:0.2833 P2:0.2833 P3:0.28335 P4:0.28335 STATE:IDLE
[2026-05-11 23:34:26Z] CHK MOM:0.05% RANGE:0.1% UP:16.66% SPREAD:0.07062146% BID:0.2832 ASK:0.2834 MID:0.2833 P1:0.2833 P2:0.2833 P3:0.2833 P4:0.28335 STATE:IDLE
[2026-05-11 23:34:27Z] CHK MOM:0.05% RANGE:0.1% UP:16.66% SPREAD:0.07062146% BID:0.2832 ASK:0.2834 MID:0.2833 P1:0.2833 P2:0.2833 P3:0.2833 P4:0.28335 STATE:IDLE
[2026-05-11 23:34:27Z] CHK MOM:0.05% RANGE:0.1% UP:18.18% SPREAD:0.07062146% BID:0.2832 ASK:0.2834 MID:0.2833 P1:0.2833 P2:0.2833 P3:0.2833 P4:0.2833 STATE:IDLE
[2026-05-11 23:34:28Z] CHK MOM:0.05% RANGE:0.1% UP:18.18% SPREAD:0.07062146% BID:0.2832 ASK:0.2834 MID:0.2833 P1:0.2833 P2:0.2833 P3:0.2833 P4:0.2833 STATE:IDLE
[2026-05-11 23:34:28Z] CHK MOM:0.07% RANGE:0.1% UP:27.27% SPREAD:0.03529827% BID:0.2833 ASK:0.2834 MID:0.28335 P1:0.28335 P2:0.2833 P3:0.2833 P4:0.2833 STATE:IDLE
[2026-05-11 23:34:29Z] CHK MOM:0.07% RANGE:0.1% UP:27.27% SPREAD:0.03529827% BID:0.2833 ASK:0.2834 MID:0.28335 P1:0.28335 P2:0.2833 P3:0.2833 P4:0.2833 STATE:IDLE
[2026-05-11 23:34:30Z] CHK MOM:0.07% RANGE:0.1% UP:27.27% SPREAD:0.03529827% BID:0.2833 ASK:0.2834 MID:0.28335 P1:0.28335 P2:0.2833 P3:0.2833 P4:0.2833 STATE:IDLE
[2026-05-11 23:34:30Z] CHK MOM:0.07% RANGE:0.1% UP:27.27% SPREAD:0.03529827% BID:0.2833 ASK:0.2834 MID:0.28335 P1:0.28335 P2:0.2833 P3:0.2833 P4:0.2833 STATE:IDLE
[2026-05-11 23:34:31Z] CHK MOM:0.01% RANGE:0.05% UP:33.33% SPREAD:0.07059654% BID:0.2833 ASK:0.2835 MID:0.2834 P1:0.2834 P2:0.28335 P3:0.2833 P4:0.2833 STATE:IDLE
[2026-05-11 23:34:31Z] CHK MOM:0.01% RANGE:0.05% UP:33.33% SPREAD:0.07059654% BID:0.2833 ASK:0.2835 MID:0.2834 P1:0.2834 P2:0.28335 P3:0.2833 P4:0.2833 STATE:IDLE
[2026-05-11 23:34:32Z] CHK MOM:0.01% RANGE:0.05% UP:33.33% SPREAD:0.07059654% BID:0.2833 ASK:0.2835 MID:0.2834 P1:0.2834 P2:0.28335 P3:0.2833 P4:0.2833 STATE:IDLE
[2026-05-11 23:34:32Z] CHK MOM:0.01% RANGE:0.05% UP:33.33% SPREAD:0.07059654% BID:0.2833 ASK:0.2835 MID:0.2834 P1:0.2834 P2:0.28335 P3:0.2833 P4:0.2833 STATE:IDLE
[2026-05-11 23:34:33Z] CHK MOM:0.01% RANGE:0.05% UP:33.33% SPREAD:0.07059654% BID:0.2833 ASK:0.2835 MID:0.2834 P1:0.2834 P2:0.28335 P3:0.2833 P4:0.2833 STATE:IDLE
[2026-05-11 23:34:33Z] CHK MOM:0.01% RANGE:0.05% UP:33.33% SPREAD:0.07059654% BID:0.2833 ASK:0.2835 MID:0.2834 P1:0.2834 P2:0.28335 P3:0.2833 P4:0.2833 STATE:IDLE
[2026-05-11 23:34:34Z] CHK MOM:0.14% RANGE:0.15% UP:42.85% SPREAD:0.10578279% BID:0.2836 ASK:0.2839 MID:0.28375 P1:0.28375 P2:0.2834 P3:0.28335 P4:0.2833 STATE:IDLE
[2026-05-11 23:34:35Z] CHK MOM:0.12% RANGE:0.15% UP:37.5% SPREAD:0.07052186% BID:0.2836 ASK:0.2838 MID:0.2837 P1:0.2837 P2:0.28375 P3:0.2834 P4:0.28335 STATE:IDLE
[2026-05-11 23:34:35Z] CHK MOM:0.15% RANGE:0.15% UP:50% SPREAD:0.10578279% BID:0.2836 ASK:0.2839 MID:0.28375 P1:0.28375 P2:0.2837 P3:0.28375 P4:0.2834 STATE:IDLE
[2026-05-11 23:34:36Z] CHK MOM:0.17% RANGE:0.17% UP:55.55% SPREAD:0.070497% BID:0.2837 ASK:0.2839 MID:0.2838 P1:0.2838 P2:0.28375 P3:0.2837 P4:0.28375 STATE:IDLE
[2026-05-11 23:34:36Z] CHK MOM:0.17% RANGE:0.17% UP:55.55% SPREAD:0.070497% BID:0.2837 ASK:0.2839 MID:0.2838 P1:0.2838 P2:0.28375 P3:0.2837 P4:0.28375 STATE:IDLE
[2026-05-11 23:34:37Z] CHK MOM:0.15% RANGE:0.17% UP:50% SPREAD:0.10578279% BID:0.2836 ASK:0.2839 MID:0.28375 P1:0.28375 P2:0.2838 P3:0.28375 P4:0.2837 STATE:IDLE
[2026-05-11 23:34:37Z] CHK MOM:0.17% RANGE:0.17% UP:66.66% SPREAD:0.070497% BID:0.2837 ASK:0.2839 MID:0.2838 P1:0.2838 P2:0.28375 P3:0.2838 P4:0.28375 STATE:IDLE
[2026-05-11 23:34:38Z] CHK MOM:0.17% RANGE:0.17% UP:66.66% SPREAD:0.070497% BID:0.2837 ASK:0.2839 MID:0.2838 P1:0.2838 P2:0.28375 P3:0.2838 P4:0.28375 STATE:IDLE
[2026-05-11 23:34:38Z] CHK MOM:0.17% RANGE:0.17% UP:60% SPREAD:0.070497% BID:0.2837 ASK:0.2839 MID:0.2838 P1:0.2838 P2:0.2838 P3:0.28375 P4:0.2838 STATE:IDLE
[2026-05-11 23:34:39Z] CHK MOM:0.17% RANGE:0.17% UP:60% SPREAD:0.070497% BID:0.2837 ASK:0.2839 MID:0.2838 P1:0.2838 P2:0.2838 P3:0.28375 P4:0.2838 STATE:IDLE
[2026-05-11 23:34:39Z] CHK MOM:0.17% RANGE:0.17% UP:60% SPREAD:0.070497% BID:0.2837 ASK:0.2839 MID:0.2838 P1:0.2838 P2:0.2838 P3:0.28375 P4:0.2838 STATE:IDLE
[2026-05-11 23:34:40Z] CHK MOM:0.15% RANGE:0.15% UP:55.55% SPREAD:0.070497% BID:0.2837 ASK:0.2839 MID:0.2838 P1:0.2838 P2:0.2838 P3:0.2838 P4:0.28375 STATE:IDLE
[2026-05-11 23:34:41Z] CHK MOM:0.14% RANGE:0.14% UP:44.44% SPREAD:0.070497% BID:0.2837 ASK:0.2839 MID:0.2838 P1:0.2838 P2:0.2838 P3:0.2838 P4:0.2838 STATE:IDLE
[2026-05-11 23:34:41Z] CHK MOM:0.14% RANGE:0.14% UP:44.44% SPREAD:0.070497% BID:0.2837 ASK:0.2839 MID:0.2838 P1:0.2838 P2:0.2838 P3:0.2838 P4:0.2838 STATE:IDLE
[2026-05-11 23:34:42Z] CHK MOM:0.14% RANGE:0.14% UP:44.44% SPREAD:0.070497% BID:0.2837 ASK:0.2839 MID:0.2838 P1:0.2838 P2:0.2838 P3:0.2838 P4:0.2838 STATE:IDLE
[2026-05-11 23:34:42Z] CHK MOM:0.12% RANGE:0.14% UP:40% SPREAD:0.0352485% BID:0.2837 ASK:0.2838 MID:0.28375 P1:0.28375 P2:0.2838 P3:0.2838 P4:0.2838 STATE:IDLE
[2026-05-11 23:34:43Z] CHK MOM:0.12% RANGE:0.14% UP:36.36% SPREAD:0.0352485% BID:0.2837 ASK:0.2838 MID:0.28375 P1:0.28375 P2:0.28375 P3:0.2838 P4:0.2838 STATE:IDLE
[2026-05-11 23:34:43Z] CHK MOM:0.12% RANGE:0.14% UP:36.36% SPREAD:0.0352485% BID:0.2837 ASK:0.2838 MID:0.28375 P1:0.28375 P2:0.28375 P3:0.2838 P4:0.2838 STATE:IDLE
[2026-05-11 23:34:44Z] CHK MOM:0.12% RANGE:0.14% UP:36.36% SPREAD:0.0352485% BID:0.2837 ASK:0.2838 MID:0.28375 P1:0.28375 P2:0.28375 P3:0.2838 P4:0.2838 STATE:IDLE
[2026-05-11 23:34:44Z] CHK MOM:0.12% RANGE:0.14% UP:36.36% SPREAD:0.0352485% BID:0.2837 ASK:0.2838 MID:0.28375 P1:0.28375 P2:0.28375 P3:0.2838 P4:0.2838 STATE:IDLE
[2026-05-11 23:34:45Z] CHK MOM:0% RANGE:0.03% UP:27.27% SPREAD:0.0352485% BID:0.2837 ASK:0.2838 MID:0.28375 P1:0.28375 P2:0.28375 P3:0.28375 P4:0.2838 STATE:IDLE
[2026-05-11 23:34:46Z] CHK MOM:0% RANGE:0.03% UP:25% SPREAD:0.0352485% BID:0.2837 ASK:0.2838 MID:0.28375 P1:0.28375 P2:0.28375 P3:0.28375 P4:0.28375 STATE:IDLE
[2026-05-11 23:34:46Z] CHK MOM:-0.03% RANGE:0.05% UP:23.07% SPREAD:0.03526093% BID:0.2836 ASK:0.2837 MID:0.28365 P1:0.28365 P2:0.28375 P3:0.28375 P4:0.28375 STATE:IDLE
[2026-05-11 23:34:47Z] CHK MOM:-0.03% RANGE:0.05% UP:23.07% SPREAD:0.03526093% BID:0.2836 ASK:0.2837 MID:0.28365 P1:0.28365 P2:0.28375 P3:0.28375 P4:0.28375 STATE:IDLE
[2026-05-11 23:34:47Z] CHK MOM:-0.03% RANGE:0.05% UP:23.07% SPREAD:0.03526093% BID:0.2836 ASK:0.2837 MID:0.28365 P1:0.28365 P2:0.28375 P3:0.28375 P4:0.28375 STATE:IDLE
[2026-05-11 23:34:48Z] CHK MOM:0% RANGE:0.05% UP:20% SPREAD:0.0352485% BID:0.2837 ASK:0.2838 MID:0.28375 P1:0.28375 P2:0.28365 P3:0.28375 P4:0.28375 STATE:IDLE
[2026-05-11 23:34:48Z] CHK MOM:0% RANGE:0.05% UP:20% SPREAD:0.0352485% BID:0.2837 ASK:0.2838 MID:0.28375 P1:0.28375 P2:0.28365 P3:0.28375 P4:0.28375 STATE:IDLE
[2026-05-11 23:34:49Z] CHK MOM:0% RANGE:0.05% UP:20% SPREAD:0.0352485% BID:0.2837 ASK:0.2838 MID:0.28375 P1:0.28375 P2:0.28365 P3:0.28375 P4:0.28375 STATE:IDLE
[2026-05-11 23:34:49Z] CHK MOM:0% RANGE:0.05% UP:20% SPREAD:0.0352485% BID:0.2837 ASK:0.2838 MID:0.28375 P1:0.28375 P2:0.28365 P3:0.28375 P4:0.28375 STATE:IDLE
[2026-05-11 23:34:50Z] CHK MOM:0% RANGE:0.05% UP:20% SPREAD:0.0352485% BID:0.2837 ASK:0.2838 MID:0.28375 P1:0.28375 P2:0.28365 P3:0.28375 P4:0.28375 STATE:IDLE
[2026-05-11 23:34:50Z] CHK MOM:-0.01% RANGE:0.05% UP:12.5% SPREAD:0.0352485% BID:0.2837 ASK:0.2838 MID:0.28375 P1:0.28375 P2:0.28375 P3:0.28365 P4:0.28375 STATE:IDLE
[2026-05-11 23:34:51Z] CHK MOM:-0.01% RANGE:0.05% UP:12.5% SPREAD:0.0352485% BID:0.2837 ASK:0.2838 MID:0.28375 P1:0.28375 P2:0.28375 P3:0.28365 P4:0.28375 STATE:IDLE
[2026-05-11 23:34:52Z] CHK MOM:-0.01% RANGE:0.05% UP:12.5% SPREAD:0.0352485% BID:0.2837 ASK:0.2838 MID:0.28375 P1:0.28375 P2:0.28375 P3:0.28365 P4:0.28375 STATE:IDLE
[2026-05-11 23:34:52Z] CHK MOM:-0.01% RANGE:0.05% UP:12.5% SPREAD:0.0352485% BID:0.2837 ASK:0.2838 MID:0.28375 P1:0.28375 P2:0.28375 P3:0.28365 P4:0.28375 STATE:IDLE
[2026-05-11 23:34:53Z] CHK MOM:-0.01% RANGE:0.05% UP:12.5% SPREAD:0.0352485% BID:0.2837 ASK:0.2838 MID:0.28375 P1:0.28375 P2:0.28375 P3:0.28365 P4:0.28375 STATE:IDLE
[2026-05-11 23:34:54Z] CHK MOM:0% RANGE:0.03% UP:14.28% SPREAD:0.0352485% BID:0.2837 ASK:0.2838 MID:0.28375 P1:0.28375 P2:0.28375 P3:0.28375 P4:0.28365 STATE:IDLE
[2026-05-11 23:34:55Z] CHK MOM:0% RANGE:0.03% UP:14.28% SPREAD:0.0352485% BID:0.2837 ASK:0.2838 MID:0.28375 P1:0.28375 P2:0.28375 P3:0.28375 P4:0.28365 STATE:IDLE
[2026-05-11 23:34:55Z] CHK MOM:0% RANGE:0.03% UP:16.66% SPREAD:0.0352485% BID:0.2837 ASK:0.2838 MID:0.28375 P1:0.28375 P2:0.28375 P3:0.28375 P4:0.28375 STATE:IDLE
[2026-05-11 23:34:56Z] CHK MOM:0% RANGE:0.03% UP:14.28% SPREAD:0.0352485% BID:0.2837 ASK:0.2838 MID:0.28375 P1:0.28375 P2:0.28375 P3:0.28375 P4:0.28375 STATE:IDLE
[2026-05-11 23:34:57Z] CHK MOM:0% RANGE:0.03% UP:14.28% SPREAD:0.0352485% BID:0.2837 ASK:0.2838 MID:0.28375 P1:0.28375 P2:0.28375 P3:0.28375 P4:0.28375 STATE:IDLE
[2026-05-11 23:34:57Z] CHK MOM:0% RANGE:0.03% UP:14.28% SPREAD:0.0352485% BID:0.2837 ASK:0.2838 MID:0.28375 P1:0.28375 P2:0.28375 P3:0.28375 P4:0.28375 STATE:IDLE
[2026-05-11 23:34:58Z] CHK MOM:0% RANGE:0.03% UP:14.28% SPREAD:0.0352485% BID:0.2837 ASK:0.2838 MID:0.28375 P1:0.28375 P2:0.28375 P3:0.28375 P4:0.28375 STATE:IDLE
[2026-05-11 23:34:58Z] CHK MOM:0% RANGE:0.03% UP:14.28% SPREAD:0.0352485% BID:0.2837 ASK:0.2838 MID:0.28375 P1:0.28375 P2:0.28375 P3:0.28375 P4:0.28375 STATE:IDLE
[2026-05-11 23:35:00Z] CHK MOM:0.03% RANGE:0.03% UP:25% SPREAD:0.03523608% BID:0.2838 ASK:0.2839 MID:0.28385 P1:0.28385 P2:0.28375 P3:0.28375 P4:0.28375 STATE:IDLE
[2026-05-11 23:35:00Z] CHK MOM:0.03% RANGE:0.03% UP:20% SPREAD:0.03523608% BID:0.2838 ASK:0.2839 MID:0.28385 P1:0.28385 P2:0.28385 P3:0.28375 P4:0.28375 STATE:IDLE
[2026-05-11 23:35:01Z] CHK MOM:0.03% RANGE:0.03% UP:20% SPREAD:0.03523608% BID:0.2838 ASK:0.2839 MID:0.28385 P1:0.28385 P2:0.28385 P3:0.28375 P4:0.28375 STATE:IDLE
[2026-05-11 23:35:01Z] CHK MOM:0.03% RANGE:0.03% UP:16.66% SPREAD:0.03523608% BID:0.2838 ASK:0.2839 MID:0.28385 P1:0.28385 P2:0.28385 P3:0.28385 P4:0.28375 STATE:IDLE
[2026-05-11 23:35:02Z] CHK MOM:0.03% RANGE:0.03% UP:14.28% SPREAD:0.03523608% BID:0.2838 ASK:0.2839 MID:0.28385 P1:0.28385 P2:0.28385 P3:0.28385 P4:0.28385 STATE:IDLE
[2026-05-11 23:35:03Z] CHK MOM:0.03% RANGE:0.03% UP:14.28% SPREAD:0.03523608% BID:0.2838 ASK:0.2839 MID:0.28385 P1:0.28385 P2:0.28385 P3:0.28385 P4:0.28385 STATE:IDLE
[2026-05-11 23:35:03Z] CHK MOM:0.03% RANGE:0.03% UP:14.28% SPREAD:0.03523608% BID:0.2838 ASK:0.2839 MID:0.28385 P1:0.28385 P2:0.28385 P3:0.28385 P4:0.28385 STATE:IDLE
[2026-05-11 23:35:04Z] CHK MOM:0.03% RANGE:0.03% UP:14.28% SPREAD:0.03523608% BID:0.2838 ASK:0.2839 MID:0.28385 P1:0.28385 P2:0.28385 P3:0.28385 P4:0.28385 STATE:IDLE
[2026-05-11 23:35:04Z] CHK MOM:0.03% RANGE:0.03% UP:14.28% SPREAD:0.03523608% BID:0.2838 ASK:0.2839 MID:0.28385 P1:0.28385 P2:0.28385 P3:0.28385 P4:0.28385 STATE:IDLE
[2026-05-11 23:35:06Z] CHK MOM:0.03% RANGE:0.03% UP:14.28% SPREAD:0.03523608% BID:0.2838 ASK:0.2839 MID:0.28385 P1:0.28385 P2:0.28385 P3:0.28385 P4:0.28385 STATE:IDLE
[2026-05-11 23:35:07Z] CHK MOM:0.03% RANGE:0.03% UP:14.28% SPREAD:0.03523608% BID:0.2838 ASK:0.2839 MID:0.28385 P1:0.28385 P2:0.28385 P3:0.28385 P4:0.28385 STATE:IDLE
[2026-05-11 23:35:08Z] CHK MOM:0.03% RANGE:0.03% UP:14.28% SPREAD:0.03523608% BID:0.2838 ASK:0.2839 MID:0.28385 P1:0.28385 P2:0.28385 P3:0.28385 P4:0.28385 STATE:IDLE
[2026-05-11 23:35:08Z] CHK MOM:0.01% RANGE:0.01% UP:20% SPREAD:0.07047216% BID:0.2838 ASK:0.284 MID:0.2839 P1:0.2839 P2:0.28385 P3:0.28385 P4:0.28385 STATE:IDLE
[2026-05-11 23:35:09Z] CHK MOM:0.01% RANGE:0.01% UP:16.66% SPREAD:0.07047216% BID:0.2838 ASK:0.284 MID:0.2839 P1:0.2839 P2:0.2839 P3:0.28385 P4:0.28385 STATE:IDLE
[2026-05-11 23:35:09Z] CHK MOM:0.01% RANGE:0.01% UP:16.66% SPREAD:0.07047216% BID:0.2838 ASK:0.284 MID:0.2839 P1:0.2839 P2:0.2839 P3:0.28385 P4:0.28385 STATE:IDLE
[2026-05-11 23:35:10Z] CHK MOM:0.01% RANGE:0.01% UP:14.28% SPREAD:0.07047216% BID:0.2838 ASK:0.284 MID:0.2839 P1:0.2839 P2:0.2839 P3:0.2839 P4:0.28385 STATE:IDLE
[2026-05-11 23:35:10Z] CHK MOM:0.01% RANGE:0.01% UP:14.28% SPREAD:0.07047216% BID:0.2838 ASK:0.284 MID:0.2839 P1:0.2839 P2:0.2839 P3:0.2839 P4:0.28385 STATE:IDLE
[2026-05-11 23:35:11Z] CHK MOM:0% RANGE:0.01% UP:12.5% SPREAD:0.03523608% BID:0.2838 ASK:0.2839 MID:0.28385 P1:0.28385 P2:0.2839 P3:0.2839 P4:0.2839 STATE:IDLE
[2026-05-11 23:35:11Z] CHK MOM:0% RANGE:0.01% UP:12.5% SPREAD:0.03523608% BID:0.2838 ASK:0.2839 MID:0.28385 P1:0.28385 P2:0.2839 P3:0.2839 P4:0.2839 STATE:IDLE
[2026-05-11 23:35:12Z] CHK MOM:0% RANGE:0.01% UP:12.5% SPREAD:0.03523608% BID:0.2838 ASK:0.2839 MID:0.28385 P1:0.28385 P2:0.2839 P3:0.2839 P4:0.2839 STATE:IDLE
[2026-05-11 23:35:12Z] CHK MOM:0% RANGE:0.01% UP:12.5% SPREAD:0.03523608% BID:0.2838 ASK:0.2839 MID:0.28385 P1:0.28385 P2:0.2839 P3:0.2839 P4:0.2839 STATE:IDLE
[2026-05-11 23:35:13Z] CHK MOM:0% RANGE:0.01% UP:12.5% SPREAD:0.03523608% BID:0.2838 ASK:0.2839 MID:0.28385 P1:0.28385 P2:0.2839 P3:0.2839 P4:0.2839 STATE:IDLE
[2026-05-11 23:35:14Z] CHK MOM:0% RANGE:0.01% UP:12.5% SPREAD:0.03523608% BID:0.2838 ASK:0.2839 MID:0.28385 P1:0.28385 P2:0.2839 P3:0.2839 P4:0.2839 STATE:IDLE
[2026-05-11 23:35:23Z] CHK MOM:0% RANGE:0% UP:0% SPREAD:0.03523608% BID:0.2838 ASK:0.2839 MID:0.28385 P1:0.28385 P2:0.28385 P3:0.2839 P4:0.2839 STATE:IDLE
[2026-05-11 23:35:23Z] CHK MOM:0% RANGE:0% UP:0% SPREAD:0.03523608% BID:0.2838 ASK:0.2839 MID:0.28385 P1:0.28385 P2:0.28385 P3:0.28385 P4:0.2839 STATE:IDLE
[2026-05-11 23:35:24Z] CHK MOM:0% RANGE:0% UP:0% SPREAD:0.03523608% BID:0.2838 ASK:0.2839 MID:0.28385 P1:0.28385 P2:0.28385 P3:0.28385 P4:0.2839 STATE:IDLE
[2026-05-11 23:35:24Z] CHK MOM:0% RANGE:0% UP:0% SPREAD:0.03523608% BID:0.2838 ASK:0.2839 MID:0.28385 P1:0.28385 P2:0.28385 P3:0.28385 P4:0.2839 STATE:IDLE
[2026-05-11 23:35:25Z] CHK MOM:0% RANGE:0% UP:0% SPREAD:0.03523608% BID:0.2838 ASK:0.2839 MID:0.28385 P1:0.28385 P2:0.28385 P3:0.28385 P4:0.2839 STATE:IDLE
[2026-05-11 23:35:25Z] CHK MOM:0% RANGE:0% UP:0% SPREAD:0.03523608% BID:0.2838 ASK:0.2839 MID:0.28385 P1:0.28385 P2:0.28385 P3:0.28385 P4:0.2839 STATE:IDLE
[2026-05-11 23:35:26Z] CHK MOM:0% RANGE:0% UP:0% SPREAD:0.03523608% BID:0.2838 ASK:0.2839 MID:0.28385 P1:0.28385 P2:0.28385 P3:0.28385 P4:0.2839 STATE:IDLE
[2026-05-11 23:35:38Z] CHK MOM:0% RANGE:0% UP:0% SPREAD:0.0352485% BID:0.2837 ASK:0.2838 MID:0.28375 P1:0.28375 P2:0.28385 P3:0.28385 P4:0.28385 STATE:IDLE
[2026-05-11 23:35:38Z] CHK MOM:0% RANGE:0% UP:0% SPREAD:0.0352485% BID:0.2837 ASK:0.2838 MID:0.28375 P1:0.28375 P2:0.28385 P3:0.28385 P4:0.28385 STATE:IDLE
[2026-05-11 23:35:39Z] CHK MOM:-0.03% RANGE:0.03% UP:0% SPREAD:0.03526093% BID:0.2836 ASK:0.2837 MID:0.28365 P1:0.28365 P2:0.28375 P3:0.28385 P4:0.28385 STATE:IDLE
[2026-05-11 23:35:39Z] CHK MOM:-0.03% RANGE:0.03% UP:0% SPREAD:0.03526093% BID:0.2836 ASK:0.2837 MID:0.28365 P1:0.28365 P2:0.28365 P3:0.28375 P4:0.28385 STATE:IDLE
[2026-05-11 23:35:40Z] CHK MOM:-0.03% RANGE:0.03% UP:0% SPREAD:0.03526093% BID:0.2836 ASK:0.2837 MID:0.28365 P1:0.28365 P2:0.28365 P3:0.28375 P4:0.28385 STATE:IDLE
[2026-05-11 23:35:40Z] CHK MOM:-0.03% RANGE:0.03% UP:0% SPREAD:0.03526093% BID:0.2836 ASK:0.2837 MID:0.28365 P1:0.28365 P2:0.28365 P3:0.28375 P4:0.28385 STATE:IDLE
[2026-05-11 23:35:41Z] CHK MOM:-0.03% RANGE:0.03% UP:0% SPREAD:0.03526093% BID:0.2836 ASK:0.2837 MID:0.28365 P1:0.28365 P2:0.28365 P3:0.28375 P4:0.28385 STATE:IDLE
[2026-05-11 23:35:41Z] CHK MOM:-0.03% RANGE:0.03% UP:0% SPREAD:0.03526093% BID:0.2836 ASK:0.2837 MID:0.28365 P1:0.28365 P2:0.28365 P3:0.28365 P4:0.28375 STATE:IDLE
[2026-05-11 23:35:42Z] CHK MOM:-0.03% RANGE:0.03% UP:0% SPREAD:0.03526093% BID:0.2836 ASK:0.2837 MID:0.28365 P1:0.28365 P2:0.28365 P3:0.28365 P4:0.28375 STATE:IDLE
[2026-05-11 23:35:42Z] CHK MOM:-0.03% RANGE:0.03% UP:0% SPREAD:0.03526093% BID:0.2836 ASK:0.2837 MID:0.28365 P1:0.28365 P2:0.28365 P3:0.28365 P4:0.28375 STATE:IDLE
[2026-05-11 23:35:43Z] CHK MOM:-0.03% RANGE:0.03% UP:0% SPREAD:0.03526093% BID:0.2836 ASK:0.2837 MID:0.28365 P1:0.28365 P2:0.28365 P3:0.28365 P4:0.28375 STATE:IDLE
[2026-05-11 23:35:44Z] CHK MOM:-0.03% RANGE:0.03% UP:0% SPREAD:0.03526093% BID:0.2836 ASK:0.2837 MID:0.28365 P1:0.28365 P2:0.28365 P3:0.28365 P4:0.28375 STATE:IDLE
[2026-05-11 23:35:44Z] CHK MOM:-0.03% RANGE:0.03% UP:0% SPREAD:0.03526093% BID:0.2836 ASK:0.2837 MID:0.28365 P1:0.28365 P2:0.28365 P3:0.28365 P4:0.28365 STATE:IDLE
[2026-05-11 23:35:45Z] CHK MOM:0% RANGE:0.03% UP:20% SPREAD:0.0352485% BID:0.2837 ASK:0.2838 MID:0.28375 P1:0.28375 P2:0.28365 P3:0.28365 P4:0.28365 STATE:IDLE
[2026-05-11 23:35:45Z] CHK MOM:0% RANGE:0.03% UP:20% SPREAD:0.0352485% BID:0.2837 ASK:0.2838 MID:0.28375 P1:0.28375 P2:0.28365 P3:0.28365 P4:0.28365 STATE:IDLE
[2026-05-11 23:35:46Z] CHK MOM:0% RANGE:0.03% UP:20% SPREAD:0.0352485% BID:0.2837 ASK:0.2838 MID:0.28375 P1:0.28375 P2:0.28365 P3:0.28365 P4:0.28365 STATE:IDLE
[2026-05-11 23:35:46Z] CHK MOM:0% RANGE:0.03% UP:16.66% SPREAD:0.0352485% BID:0.2837 ASK:0.2838 MID:0.28375 P1:0.28375 P2:0.28375 P3:0.28365 P4:0.28365 STATE:IDLE
[2026-05-11 23:35:47Z] CHK MOM:0% RANGE:0.03% UP:16.66% SPREAD:0.0352485% BID:0.2837 ASK:0.2838 MID:0.28375 P1:0.28375 P2:0.28375 P3:0.28365 P4:0.28365 STATE:IDLE
[2026-05-11 23:35:47Z] CHK MOM:0% RANGE:0.03% UP:16.66% SPREAD:0.0352485% BID:0.2837 ASK:0.2838 MID:0.28375 P1:0.28375 P2:0.28375 P3:0.28365 P4:0.28365 STATE:IDLE
[2026-05-11 23:35:48Z] CHK MOM:0% RANGE:0.03% UP:16.66% SPREAD:0.0352485% BID:0.2837 ASK:0.2838 MID:0.28375 P1:0.28375 P2:0.28375 P3:0.28365 P4:0.28365 STATE:IDLE
[2026-05-11 23:35:49Z] CHK MOM:0% RANGE:0.03% UP:16.66% SPREAD:0.0352485% BID:0.2837 ASK:0.2838 MID:0.28375 P1:0.28375 P2:0.28375 P3:0.28365 P4:0.28365 STATE:IDLE
[2026-05-11 23:35:51Z] CHK MOM:0% RANGE:0.03% UP:16.66% SPREAD:0.03526093% BID:0.2836 ASK:0.2837 MID:0.28365 P1:0.28365 P2:0.28375 P3:0.28375 P4:0.28365 STATE:IDLE
[2026-05-11 23:35:51Z] CHK MOM:0% RANGE:0.03% UP:20% SPREAD:0.03526093% BID:0.2836 ASK:0.2837 MID:0.28365 P1:0.28365 P2:0.28365 P3:0.28375 P4:0.28375 STATE:IDLE
[2026-05-11 23:35:52Z] CHK MOM:0% RANGE:0.03% UP:20% SPREAD:0.03526093% BID:0.2836 ASK:0.2837 MID:0.28365 P1:0.28365 P2:0.28365 P3:0.28375 P4:0.28375 STATE:IDLE
[2026-05-11 23:35:52Z] CHK MOM:0% RANGE:0.03% UP:20% SPREAD:0.03526093% BID:0.2836 ASK:0.2837 MID:0.28365 P1:0.28365 P2:0.28365 P3:0.28375 P4:0.28375 STATE:IDLE
[2026-05-11 23:35:53Z] CHK MOM:0% RANGE:0.03% UP:20% SPREAD:0.03526093% BID:0.2836 ASK:0.2837 MID:0.28365 P1:0.28365 P2:0.28365 P3:0.28375 P4:0.28375 STATE:IDLE
[2026-05-11 23:35:53Z] CHK MOM:0% RANGE:0.03% UP:20% SPREAD:0.03526093% BID:0.2836 ASK:0.2837 MID:0.28365 P1:0.28365 P2:0.28365 P3:0.28375 P4:0.28375 STATE:IDLE
[2026-05-11 23:35:54Z] CHK MOM:0.03% RANGE:0.03% UP:40% SPREAD:0.0352485% BID:0.2837 ASK:0.2838 MID:0.28375 P1:0.28375 P2:0.28365 P3:0.28365 P4:0.28375 STATE:IDLE
[2026-05-11 23:35:55Z] CHK MOM:0.03% RANGE:0.03% UP:40% SPREAD:0.0352485% BID:0.2837 ASK:0.2838 MID:0.28375 P1:0.28375 P2:0.28365 P3:0.28365 P4:0.28375 STATE:IDLE
[2026-05-11 23:35:55Z] CHK MOM:0.03% RANGE:0.03% UP:40% SPREAD:0.0352485% BID:0.2837 ASK:0.2838 MID:0.28375 P1:0.28375 P2:0.28365 P3:0.28365 P4:0.28375 STATE:IDLE
[2026-05-11 23:35:56Z] CHK MOM:0.03% RANGE:0.03% UP:40% SPREAD:0.0352485% BID:0.2837 ASK:0.2838 MID:0.28375 P1:0.28375 P2:0.28365 P3:0.28365 P4:0.28375 STATE:IDLE
[2026-05-11 23:35:56Z] CHK MOM:0.03% RANGE:0.03% UP:40% SPREAD:0.0352485% BID:0.2837 ASK:0.2838 MID:0.28375 P1:0.28375 P2:0.28365 P3:0.28365 P4:0.28375 STATE:IDLE
[2026-05-11 23:35:58Z] CHK MOM:-0.03% RANGE:0.03% UP:25% SPREAD:0.03526093% BID:0.2836 ASK:0.2837 MID:0.28365 P1:0.28365 P2:0.28375 P3:0.28365 P4:0.28365 STATE:IDLE
[2026-05-11 23:35:58Z] CHK MOM:-0.03% RANGE:0.03% UP:25% SPREAD:0.03526093% BID:0.2836 ASK:0.2837 MID:0.28365 P1:0.28365 P2:0.28375 P3:0.28365 P4:0.28365 STATE:IDLE
[2026-05-11 23:35:59Z] CHK MOM:0% RANGE:0.03% UP:25% SPREAD:0.03526093% BID:0.2836 ASK:0.2837 MID:0.28365 P1:0.28365 P2:0.28365 P3:0.28375 P4:0.28365 STATE:IDLE
[2026-05-11 23:36:00Z] CHK MOM:0% RANGE:0.03% UP:25% SPREAD:0.03526093% BID:0.2836 ASK:0.2837 MID:0.28365 P1:0.28365 P2:0.28365 P3:0.28375 P4:0.28365 STATE:IDLE
[2026-05-11 23:36:00Z] CHK MOM:0% RANGE:0.03% UP:25% SPREAD:0.03526093% BID:0.2836 ASK:0.2837 MID:0.28365 P1:0.28365 P2:0.28365 P3:0.28375 P4:0.28365 STATE:IDLE
[2026-05-11 23:36:01Z] CHK MOM:-0.03% RANGE:0.07% UP:20% SPREAD:0.03527336% BID:0.2835 ASK:0.2836 MID:0.28354999 P1:0.28354999 P2:0.28365 P3:0.28365 P4:0.28375 STATE:IDLE
[2026-05-11 23:36:01Z] CHK MOM:-0.03% RANGE:0.07% UP:16.66% SPREAD:0.03527336% BID:0.2835 ASK:0.2836 MID:0.28354999 P1:0.28354999 P2:0.28354999 P3:0.28365 P4:0.28365 STATE:IDLE
[2026-05-11 23:36:02Z] CHK MOM:-0.03% RANGE:0.07% UP:16.66% SPREAD:0.03527336% BID:0.2835 ASK:0.2836 MID:0.28354999 P1:0.28354999 P2:0.28354999 P3:0.28365 P4:0.28365 STATE:IDLE
[2026-05-11 23:36:02Z] CHK MOM:-0.07% RANGE:0.1% UP:14.28% SPREAD:0.03528581% BID:0.2834 ASK:0.2835 MID:0.28345 P1:0.28345 P2:0.28354999 P3:0.28354999 P4:0.28365 STATE:IDLE
[2026-05-11 23:36:03Z] CHK MOM:-0.07% RANGE:0.1% UP:14.28% SPREAD:0.03528581% BID:0.2834 ASK:0.2835 MID:0.28345 P1:0.28345 P2:0.28354999 P3:0.28354999 P4:0.28365 STATE:IDLE
[2026-05-11 23:36:03Z] CHK MOM:-0.07% RANGE:0.1% UP:14.28% SPREAD:0.03528581% BID:0.2834 ASK:0.2835 MID:0.28345 P1:0.28345 P2:0.28354999 P3:0.28354999 P4:0.28365 STATE:IDLE
[2026-05-11 23:36:04Z] CHK MOM:-0.07% RANGE:0.1% UP:16.66% SPREAD:0.03527336% BID:0.2835 ASK:0.2836 MID:0.28354999 P1:0.28354999 P2:0.28345 P3:0.28354999 P4:0.28354999 STATE:IDLE
[2026-05-11 23:36:04Z] CHK MOM:-0.08% RANGE:0.1% UP:14.28% SPREAD:0.07057163% BID:0.2834 ASK:0.2836 MID:0.2835 P1:0.2835 P2:0.28354999 P3:0.28345 P4:0.28354999 STATE:IDLE
[2026-05-11 23:36:05Z] CHK MOM:-0.08% RANGE:0.1% UP:14.28% SPREAD:0.07057163% BID:0.2834 ASK:0.2836 MID:0.2835 P1:0.2835 P2:0.28354999 P3:0.28345 P4:0.28354999 STATE:IDLE
[2026-05-11 23:36:06Z] CHK MOM:-0.03% RANGE:0.07% UP:28.57% SPREAD:0.03527336% BID:0.2835 ASK:0.2836 MID:0.28354999 P1:0.28354999 P2:0.2835 P3:0.28354999 P4:0.28345 STATE:IDLE
[2026-05-11 23:36:06Z] CHK MOM:-0.03% RANGE:0.07% UP:28.57% SPREAD:0.03527336% BID:0.2835 ASK:0.2836 MID:0.28354999 P1:0.28354999 P2:0.2835 P3:0.28354999 P4:0.28345 STATE:IDLE
[2026-05-11 23:36:07Z] CHK MOM:-0.03% RANGE:0.07% UP:28.57% SPREAD:0.03527336% BID:0.2835 ASK:0.2836 MID:0.28354999 P1:0.28354999 P2:0.2835 P3:0.28354999 P4:0.28345 STATE:IDLE
[2026-05-11 23:36:07Z] CHK MOM:-0.03% RANGE:0.07% UP:28.57% SPREAD:0.03527336% BID:0.2835 ASK:0.2836 MID:0.28354999 P1:0.28354999 P2:0.2835 P3:0.28354999 P4:0.28345 STATE:IDLE
[2026-05-11 23:40:17Z] SESSION_START symbol=CRVUSDC dry_run=0 profile=major strategy=momentum base_url=https://api.binance.com
[2026-05-11 23:40:17Z] TOXIC_MEMORY_LOADED count=5 symbols=GUNUSDC,JTOUSDC,ORDIUSDC,SAHARAUSDC,TONUSDC
[2026-05-11 23:40:19Z] CHK MOM:0% RANGE:0% UP:0% SPREAD:0.07029876% BID:0.2845 ASK:0.2847 MID:0.28459999 P1:0.28459999 P2:NA P3:NA P4:NA STATE:IDLE
[2026-05-11 23:40:19Z] CHK MOM:0% RANGE:0% UP:0% SPREAD:0.07029876% BID:0.2845 ASK:0.2847 MID:0.28459999 P1:0.28459999 P2:NA P3:NA P4:NA STATE:IDLE
[2026-05-11 23:40:20Z] CHK MOM:0% RANGE:0% UP:0% SPREAD:0.07029876% BID:0.2845 ASK:0.2847 MID:0.28459999 P1:0.28459999 P2:0.28459999 P3:NA P4:NA STATE:IDLE
[2026-05-11 23:40:20Z] CHK MOM:0% RANGE:0% UP:0% SPREAD:0.07029876% BID:0.2845 ASK:0.2847 MID:0.28459999 P1:0.28459999 P2:0.28459999 P3:NA P4:NA STATE:IDLE
[2026-05-11 23:40:21Z] CHK MOM:0% RANGE:0% UP:0% SPREAD:0.07029876% BID:0.2845 ASK:0.2847 MID:0.28459999 P1:0.28459999 P2:0.28459999 P3:NA P4:NA STATE:IDLE
[2026-05-11 23:40:21Z] CHK MOM:0% RANGE:0% UP:0% SPREAD:0.07029876% BID:0.2845 ASK:0.2847 MID:0.28459999 P1:0.28459999 P2:0.28459999 P3:0.28459999 P4:NA STATE:IDLE
[2026-05-11 23:40:22Z] CHK MOM:0% RANGE:0% UP:0% SPREAD:0.07029876% BID:0.2845 ASK:0.2847 MID:0.28459999 P1:0.28459999 P2:0.28459999 P3:0.28459999 P4:NA STATE:IDLE
[2026-05-11 23:40:22Z] CHK MOM:0% RANGE:0% UP:0% SPREAD:0.07029876% BID:0.2845 ASK:0.2847 MID:0.28459999 P1:0.28459999 P2:0.28459999 P3:0.28459999 P4:NA STATE:IDLE
[2026-05-11 23:40:23Z] CHK MOM:0.05% RANGE:0.05% UP:33.33% SPREAD:0.03512469% BID:0.2847 ASK:0.2848 MID:0.28475 P1:0.28475 P2:0.28459999 P3:0.28459999 P4:0.28459999 STATE:IDLE
[2026-05-11 23:40:23Z] CHK MOM:0.05% RANGE:0.05% UP:25% SPREAD:0.03512469% BID:0.2847 ASK:0.2848 MID:0.28475 P1:0.28475 P2:0.28475 P3:0.28459999 P4:0.28459999 STATE:IDLE
[2026-05-11 23:40:24Z] CHK MOM:0.05% RANGE:0.05% UP:25% SPREAD:0.03512469% BID:0.2847 ASK:0.2848 MID:0.28475 P1:0.28475 P2:0.28475 P3:0.28459999 P4:0.28459999 STATE:IDLE
[2026-05-11 23:40:25Z] CHK MOM:0.05% RANGE:0.05% UP:25% SPREAD:0.03512469% BID:0.2847 ASK:0.2848 MID:0.28475 P1:0.28475 P2:0.28475 P3:0.28459999 P4:0.28459999 STATE:IDLE
[2026-05-11 23:40:25Z] CHK MOM:0.05% RANGE:0.05% UP:25% SPREAD:0.03512469% BID:0.2847 ASK:0.2848 MID:0.28475 P1:0.28475 P2:0.28475 P3:0.28459999 P4:0.28459999 STATE:IDLE
[2026-05-11 23:40:26Z] CHK MOM:0.05% RANGE:0.05% UP:25% SPREAD:0.03512469% BID:0.2847 ASK:0.2848 MID:0.28475 P1:0.28475 P2:0.28475 P3:0.28459999 P4:0.28459999 STATE:IDLE
[2026-05-11 23:40:31Z] CHK MOM:0.01% RANGE:0.05% UP:20% SPREAD:0.03513703% BID:0.2846 ASK:0.2847 MID:0.28465 P1:0.28465 P2:0.28475 P3:0.28475 P4:0.28459999 STATE:IDLE
[2026-05-11 23:40:31Z] CHK MOM:-0.01% RANGE:0.07% UP:20% SPREAD:0.03514938% BID:0.2845 ASK:0.2846 MID:0.28454999 P1:0.28454999 P2:0.28465 P3:0.28475 P4:0.28475 STATE:IDLE
[2026-05-11 23:40:32Z] CHK MOM:-0.01% RANGE:0.07% UP:20% SPREAD:0.03514938% BID:0.2845 ASK:0.2846 MID:0.28454999 P1:0.28454999 P2:0.28465 P3:0.28475 P4:0.28475 STATE:IDLE
[2026-05-11 23:40:32Z] CHK MOM:-0.01% RANGE:0.07% UP:20% SPREAD:0.03514938% BID:0.2845 ASK:0.2846 MID:0.28454999 P1:0.28454999 P2:0.28465 P3:0.28475 P4:0.28475 STATE:IDLE
[2026-05-11 23:40:33Z] CHK MOM:-0.01% RANGE:0.07% UP:20% SPREAD:0.03514938% BID:0.2845 ASK:0.2846 MID:0.28454999 P1:0.28454999 P2:0.28465 P3:0.28475 P4:0.28475 STATE:IDLE
[2026-05-11 23:40:33Z] CHK MOM:-0.01% RANGE:0.07% UP:20% SPREAD:0.03514938% BID:0.2845 ASK:0.2846 MID:0.28454999 P1:0.28454999 P2:0.28465 P3:0.28475 P4:0.28475 STATE:IDLE
[2026-05-11 23:40:34Z] CHK MOM:-0.01% RANGE:0.07% UP:20% SPREAD:0.03514938% BID:0.2845 ASK:0.2846 MID:0.28454999 P1:0.28454999 P2:0.28465 P3:0.28475 P4:0.28475 STATE:IDLE
[2026-05-11 23:40:47Z] CHK MOM:0% RANGE:0% UP:0% SPREAD:0.03516174% BID:0.2844 ASK:0.2845 MID:0.28445 P1:0.28445 P2:0.28454999 P3:0.28465 P4:0.28475 STATE:IDLE
[2026-05-11 23:40:48Z] CHK MOM:0.03% RANGE:0.03% UP:100% SPREAD:0.03514938% BID:0.2845 ASK:0.2846 MID:0.28454999 P1:0.28454999 P2:0.28445 P3:0.28454999 P4:0.28465 STATE:IDLE
[2026-05-11 23:40:48Z] CHK MOM:0.03% RANGE:0.03% UP:100% SPREAD:0.03514938% BID:0.2845 ASK:0.2846 MID:0.28454999 P1:0.28454999 P2:0.28445 P3:0.28454999 P4:0.28465 STATE:IDLE
[2026-05-11 23:40:49Z] CHK MOM:0.03% RANGE:0.03% UP:100% SPREAD:0.03514938% BID:0.2845 ASK:0.2846 MID:0.28454999 P1:0.28454999 P2:0.28445 P3:0.28454999 P4:0.28465 STATE:IDLE
[2026-05-11 23:40:49Z] CHK MOM:0.03% RANGE:0.03% UP:100% SPREAD:0.03514938% BID:0.2845 ASK:0.2846 MID:0.28454999 P1:0.28454999 P2:0.28445 P3:0.28454999 P4:0.28465 STATE:IDLE
[2026-05-11 23:40:50Z] CHK MOM:0.03% RANGE:0.03% UP:100% SPREAD:0.03514938% BID:0.2845 ASK:0.2846 MID:0.28454999 P1:0.28454999 P2:0.28445 P3:0.28454999 P4:0.28465 STATE:IDLE
[2026-05-11 23:40:52Z] CHK MOM:0.03% RANGE:0.03% UP:50% SPREAD:0.03514938% BID:0.2845 ASK:0.2846 MID:0.28454999 P1:0.28454999 P2:0.28454999 P3:0.28445 P4:0.28454999 STATE:IDLE
[2026-05-11 23:40:53Z] CHK MOM:0.03% RANGE:0.03% UP:50% SPREAD:0.03514938% BID:0.2845 ASK:0.2846 MID:0.28454999 P1:0.28454999 P2:0.28454999 P3:0.28445 P4:0.28454999 STATE:IDLE
[2026-05-11 23:40:53Z] CHK MOM:0.03% RANGE:0.03% UP:50% SPREAD:0.03514938% BID:0.2845 ASK:0.2846 MID:0.28454999 P1:0.28454999 P2:0.28454999 P3:0.28445 P4:0.28454999 STATE:IDLE
[2026-05-11 23:40:54Z] CHK MOM:0.03% RANGE:0.03% UP:50% SPREAD:0.03514938% BID:0.2845 ASK:0.2846 MID:0.28454999 P1:0.28454999 P2:0.28454999 P3:0.28445 P4:0.28454999 STATE:IDLE
[2026-05-11 23:40:54Z] CHK MOM:0.03% RANGE:0.03% UP:50% SPREAD:0.03514938% BID:0.2845 ASK:0.2846 MID:0.28454999 P1:0.28454999 P2:0.28454999 P3:0.28445 P4:0.28454999 STATE:IDLE
[2026-05-11 23:41:01Z] CHK MOM:-0.03% RANGE:0.03% UP:0% SPREAD:0.03516174% BID:0.2844 ASK:0.2845 MID:0.28445 P1:0.28445 P2:0.28454999 P3:0.28454999 P4:0.28445 STATE:IDLE
[2026-05-11 23:41:02Z] CHK MOM:-0.03% RANGE:0.03% UP:0% SPREAD:0.03516174% BID:0.2844 ASK:0.2845 MID:0.28445 P1:0.28445 P2:0.28445 P3:0.28454999 P4:0.28454999 STATE:IDLE
[2026-05-11 23:41:02Z] CHK MOM:-0.03% RANGE:0.03% UP:0% SPREAD:0.03516174% BID:0.2844 ASK:0.2845 MID:0.28445 P1:0.28445 P2:0.28445 P3:0.28454999 P4:0.28454999 STATE:IDLE
[2026-05-11 23:41:03Z] CHK MOM:-0.03% RANGE:0.03% UP:0% SPREAD:0.03516174% BID:0.2844 ASK:0.2845 MID:0.28445 P1:0.28445 P2:0.28445 P3:0.28445 P4:0.28454999 STATE:IDLE
[2026-05-11 23:41:03Z] CHK MOM:-0.03% RANGE:0.03% UP:0% SPREAD:0.03516174% BID:0.2844 ASK:0.2845 MID:0.28445 P1:0.28445 P2:0.28445 P3:0.28445 P4:0.28454999 STATE:IDLE
[2026-05-11 23:41:04Z] CHK MOM:-0.03% RANGE:0.03% UP:0% SPREAD:0.03516174% BID:0.2844 ASK:0.2845 MID:0.28445 P1:0.28445 P2:0.28445 P3:0.28445 P4:0.28445 STATE:IDLE
[2026-05-11 23:41:04Z] CHK MOM:-0.03% RANGE:0.03% UP:0% SPREAD:0.03516174% BID:0.2844 ASK:0.2845 MID:0.28445 P1:0.28445 P2:0.28445 P3:0.28445 P4:0.28445 STATE:IDLE
[2026-05-11 23:41:05Z] CHK MOM:-0.03% RANGE:0.03% UP:0% SPREAD:0.03516174% BID:0.2844 ASK:0.2845 MID:0.28445 P1:0.28445 P2:0.28445 P3:0.28445 P4:0.28445 STATE:IDLE
[2026-05-11 23:41:05Z] CHK MOM:-0.03% RANGE:0.03% UP:0% SPREAD:0.03516174% BID:0.2844 ASK:0.2845 MID:0.28445 P1:0.28445 P2:0.28445 P3:0.28445 P4:0.28445 STATE:IDLE
[2026-05-11 23:41:06Z] CHK MOM:-0.03% RANGE:0.03% UP:0% SPREAD:0.03516174% BID:0.2844 ASK:0.2845 MID:0.28445 P1:0.28445 P2:0.28445 P3:0.28445 P4:0.28445 STATE:IDLE
[2026-05-11 23:41:06Z] CHK MOM:-0.03% RANGE:0.03% UP:0% SPREAD:0.03516174% BID:0.2844 ASK:0.2845 MID:0.28445 P1:0.28445 P2:0.28445 P3:0.28445 P4:0.28445 STATE:IDLE
[2026-05-11 23:41:07Z] CHK MOM:0% RANGE:0% UP:0% SPREAD:0.03516174% BID:0.2844 ASK:0.2845 MID:0.28445 P1:0.28445 P2:0.28445 P3:0.28445 P4:0.28445 STATE:IDLE
[2026-05-11 23:41:08Z] CHK MOM:0% RANGE:0% UP:0% SPREAD:0.03516174% BID:0.2844 ASK:0.2845 MID:0.28445 P1:0.28445 P2:0.28445 P3:0.28445 P4:0.28445 STATE:IDLE
[2026-05-11 23:41:08Z] CHK MOM:0% RANGE:0% UP:0% SPREAD:0.03516174% BID:0.2844 ASK:0.2845 MID:0.28445 P1:0.28445 P2:0.28445 P3:0.28445 P4:0.28445 STATE:IDLE
[2026-05-11 23:41:09Z] CHK MOM:0% RANGE:0% UP:0% SPREAD:0.03516174% BID:0.2844 ASK:0.2845 MID:0.28445 P1:0.28445 P2:0.28445 P3:0.28445 P4:0.28445 STATE:IDLE
[2026-05-11 23:41:09Z] CHK MOM:0% RANGE:0% UP:0% SPREAD:0.03516174% BID:0.2844 ASK:0.2845 MID:0.28445 P1:0.28445 P2:0.28445 P3:0.28445 P4:0.28445 STATE:IDLE
[2026-05-11 23:41:10Z] CHK MOM:0% RANGE:0% UP:0% SPREAD:0.03516174% BID:0.2844 ASK:0.2845 MID:0.28445 P1:0.28445 P2:0.28445 P3:0.28445 P4:0.28445 STATE:IDLE
[2026-05-11 23:41:11Z] CHK MOM:0% RANGE:0% UP:0% SPREAD:0.03516174% BID:0.2844 ASK:0.2845 MID:0.28445 P1:0.28445 P2:0.28445 P3:0.28445 P4:0.28445 STATE:IDLE
[2026-05-11 23:41:11Z] CHK MOM:0% RANGE:0% UP:0% SPREAD:0.03516174% BID:0.2844 ASK:0.2845 MID:0.28445 P1:0.28445 P2:0.28445 P3:0.28445 P4:0.28445 STATE:IDLE
[2026-05-11 23:41:12Z] CHK MOM:0% RANGE:0% UP:0% SPREAD:0.03516174% BID:0.2844 ASK:0.2845 MID:0.28445 P1:0.28445 P2:0.28445 P3:0.28445 P4:0.28445 STATE:IDLE
[2026-05-11 23:41:12Z] CHK MOM:0% RANGE:0% UP:0% SPREAD:0.03516174% BID:0.2844 ASK:0.2845 MID:0.28445 P1:0.28445 P2:0.28445 P3:0.28445 P4:0.28445 STATE:IDLE
[2026-05-11 23:41:13Z] CHK MOM:0% RANGE:0% UP:0% SPREAD:0.03516174% BID:0.2844 ASK:0.2845 MID:0.28445 P1:0.28445 P2:0.28445 P3:0.28445 P4:0.28445 STATE:IDLE
[2026-05-11 23:41:13Z] CHK MOM:0% RANGE:0% UP:0% SPREAD:0.03516174% BID:0.2844 ASK:0.2845 MID:0.28445 P1:0.28445 P2:0.28445 P3:0.28445 P4:0.28445 STATE:IDLE
[2026-05-11 23:41:14Z] CHK MOM:0% RANGE:0% UP:0% SPREAD:0.03516174% BID:0.2844 ASK:0.2845 MID:0.28445 P1:0.28445 P2:0.28445 P3:0.28445 P4:0.28445 STATE:IDLE
[2026-05-11 23:41:14Z] CHK MOM:0% RANGE:0% UP:0% SPREAD:0.03516174% BID:0.2844 ASK:0.2845 MID:0.28445 P1:0.28445 P2:0.28445 P3:0.28445 P4:0.28445 STATE:IDLE
[2026-05-11 23:41:15Z] CHK MOM:0% RANGE:0% UP:0% SPREAD:0.03516174% BID:0.2844 ASK:0.2845 MID:0.28445 P1:0.28445 P2:0.28445 P3:0.28445 P4:0.28445 STATE:IDLE
[2026-05-11 23:41:15Z] CHK MOM:0% RANGE:0% UP:0% SPREAD:0.03516174% BID:0.2844 ASK:0.2845 MID:0.28445 P1:0.28445 P2:0.28445 P3:0.28445 P4:0.28445 STATE:IDLE
[2026-05-11 23:41:16Z] CHK MOM:0% RANGE:0% UP:0% SPREAD:0.03516174% BID:0.2844 ASK:0.2845 MID:0.28445 P1:0.28445 P2:0.28445 P3:0.28445 P4:0.28445 STATE:IDLE
[2026-05-11 23:41:20Z] CHK MOM:0% RANGE:0% UP:0% SPREAD:0.03516174% BID:0.2844 ASK:0.2845 MID:0.28445 P1:0.28445 P2:0.28445 P3:0.28445 P4:0.28445 STATE:IDLE
[2026-05-11 23:41:20Z] CHK MOM:0% RANGE:0% UP:0% SPREAD:0.03516174% BID:0.2844 ASK:0.2845 MID:0.28445 P1:0.28445 P2:0.28445 P3:0.28445 P4:0.28445 STATE:IDLE
[2026-05-11 23:41:21Z] CHK MOM:0% RANGE:0% UP:0% SPREAD:0.03516174% BID:0.2844 ASK:0.2845 MID:0.28445 P1:0.28445 P2:0.28445 P3:0.28445 P4:0.28445 STATE:IDLE
[2026-05-11 23:41:21Z] CHK MOM:0% RANGE:0% UP:0% SPREAD:0.03516174% BID:0.2844 ASK:0.2845 MID:0.28445 P1:0.28445 P2:0.28445 P3:0.28445 P4:0.28445 STATE:IDLE
[2026-05-11 23:41:22Z] CHK MOM:0% RANGE:0% UP:0% SPREAD:0.03516174% BID:0.2844 ASK:0.2845 MID:0.28445 P1:0.28445 P2:0.28445 P3:0.28445 P4:0.28445 STATE:IDLE
[2026-05-11 23:41:22Z] CHK MOM:0% RANGE:0% UP:0% SPREAD:0.03516174% BID:0.2844 ASK:0.2845 MID:0.28445 P1:0.28445 P2:0.28445 P3:0.28445 P4:0.28445 STATE:IDLE
[2026-05-11 23:41:23Z] CHK MOM:0% RANGE:0% UP:0% SPREAD:0.03516174% BID:0.2844 ASK:0.2845 MID:0.28445 P1:0.28445 P2:0.28445 P3:0.28445 P4:0.28445 STATE:IDLE
[2026-05-11 23:41:23Z] CHK MOM:0% RANGE:0% UP:0% SPREAD:0.03516174% BID:0.2844 ASK:0.2845 MID:0.28445 P1:0.28445 P2:0.28445 P3:0.28445 P4:0.28445 STATE:IDLE
[2026-05-11 23:41:24Z] CHK MOM:0% RANGE:0% UP:0% SPREAD:0.03516174% BID:0.2844 ASK:0.2845 MID:0.28445 P1:0.28445 P2:0.28445 P3:0.28445 P4:0.28445 STATE:IDLE
[2026-05-11 23:41:25Z] CHK MOM:0% RANGE:0% UP:0% SPREAD:0.03516174% BID:0.2844 ASK:0.2845 MID:0.28445 P1:0.28445 P2:0.28445 P3:0.28445 P4:0.28445 STATE:IDLE
[2026-05-11 23:41:26Z] CHK MOM:0% RANGE:0% UP:0% SPREAD:0.03516174% BID:0.2844 ASK:0.2845 MID:0.28445 P1:0.28445 P2:0.28445 P3:0.28445 P4:0.28445 STATE:IDLE
[2026-05-11 23:41:26Z] CHK MOM:-0.03% RANGE:0.03% UP:0% SPREAD:0.03517411% BID:0.2843 ASK:0.2844 MID:0.28435 P1:0.28435 P2:0.28445 P3:0.28445 P4:0.28445 STATE:IDLE
[2026-05-11 23:41:27Z] CHK MOM:-0.03% RANGE:0.03% UP:0% SPREAD:0.03517411% BID:0.2843 ASK:0.2844 MID:0.28435 P1:0.28435 P2:0.28445 P3:0.28445 P4:0.28445 STATE:IDLE
[2026-05-11 23:41:27Z] CHK MOM:0% RANGE:0.03% UP:25% SPREAD:0.03516174% BID:0.2844 ASK:0.2845 MID:0.28445 P1:0.28445 P2:0.28435 P3:0.28445 P4:0.28445 STATE:IDLE
[2026-05-11 23:41:28Z] CHK MOM:0% RANGE:0.03% UP:20% SPREAD:0.03516174% BID:0.2844 ASK:0.2845 MID:0.28445 P1:0.28445 P2:0.28445 P3:0.28435 P4:0.28445 STATE:IDLE
[2026-05-11 23:41:28Z] CHK MOM:0% RANGE:0.03% UP:20% SPREAD:0.03516174% BID:0.2844 ASK:0.2845 MID:0.28445 P1:0.28445 P2:0.28445 P3:0.28435 P4:0.28445 STATE:IDLE
[2026-05-11 23:41:29Z] CHK MOM:0% RANGE:0.03% UP:20% SPREAD:0.03516174% BID:0.2844 ASK:0.2845 MID:0.28445 P1:0.28445 P2:0.28445 P3:0.28435 P4:0.28445 STATE:IDLE
[2026-05-11 23:41:29Z] CHK MOM:0% RANGE:0.03% UP:20% SPREAD:0.03516174% BID:0.2844 ASK:0.2845 MID:0.28445 P1:0.28445 P2:0.28445 P3:0.28435 P4:0.28445 STATE:IDLE
[2026-05-11 23:41:30Z] CHK MOM:0% RANGE:0.03% UP:20% SPREAD:0.03516174% BID:0.2844 ASK:0.2845 MID:0.28445 P1:0.28445 P2:0.28445 P3:0.28435 P4:0.28445 STATE:IDLE
[2026-05-11 23:41:31Z] CHK MOM:0% RANGE:0.03% UP:20% SPREAD:0.03516174% BID:0.2844 ASK:0.2845 MID:0.28445 P1:0.28445 P2:0.28445 P3:0.28435 P4:0.28445 STATE:IDLE
[2026-05-11 23:41:41Z] CHK MOM:0% RANGE:0% UP:0% SPREAD:0.03516174% BID:0.2844 ASK:0.2845 MID:0.28445 P1:0.28445 P2:0.28445 P3:0.28445 P4:0.28435 STATE:IDLE
[2026-05-11 23:41:41Z] CHK MOM:0% RANGE:0% UP:0% SPREAD:0.03516174% BID:0.2844 ASK:0.2845 MID:0.28445 P1:0.28445 P2:0.28445 P3:0.28445 P4:0.28445 STATE:IDLE
[2026-05-11 23:41:42Z] CHK MOM:0% RANGE:0% UP:0% SPREAD:0.03516174% BID:0.2844 ASK:0.2845 MID:0.28445 P1:0.28445 P2:0.28445 P3:0.28445 P4:0.28445 STATE:IDLE
[2026-05-11 23:41:42Z] CHK MOM:0% RANGE:0% UP:0% SPREAD:0.03516174% BID:0.2844 ASK:0.2845 MID:0.28445 P1:0.28445 P2:0.28445 P3:0.28445 P4:0.28445 STATE:IDLE
[2026-05-11 23:41:43Z] CHK MOM:0% RANGE:0% UP:0% SPREAD:0.03516174% BID:0.2844 ASK:0.2845 MID:0.28445 P1:0.28445 P2:0.28445 P3:0.28445 P4:0.28445 STATE:IDLE
[2026-05-11 23:41:43Z] CHK MOM:0% RANGE:0% UP:0% SPREAD:0.03516174% BID:0.2844 ASK:0.2845 MID:0.28445 P1:0.28445 P2:0.28445 P3:0.28445 P4:0.28445 STATE:IDLE
[2026-05-11 23:41:44Z] CHK MOM:0% RANGE:0% UP:0% SPREAD:0.03516174% BID:0.2844 ASK:0.2845 MID:0.28445 P1:0.28445 P2:0.28445 P3:0.28445 P4:0.28445 STATE:IDLE
[2026-05-11 23:41:46Z] CHK MOM:0.03% RANGE:0.03% UP:50% SPREAD:0.03514938% BID:0.2845 ASK:0.2846 MID:0.28454999 P1:0.28454999 P2:0.28445 P3:0.28445 P4:0.28445 STATE:IDLE
[2026-05-11 23:41:47Z] CHK MOM:0.1% RANGE:0.1% UP:66.66% SPREAD:0.03512469% BID:0.2847 ASK:0.2848 MID:0.28475 P1:0.28475 P2:0.28454999 P3:0.28445 P4:0.28445 STATE:IDLE
[2026-05-11 23:41:47Z] CHK MOM:0.1% RANGE:0.1% UP:50% SPREAD:0.03512469% BID:0.2847 ASK:0.2848 MID:0.28475 P1:0.28475 P2:0.28475 P3:0.28454999 P4:0.28445 STATE:IDLE
[2026-05-11 23:41:48Z] CHK MOM:0.1% RANGE:0.1% UP:50% SPREAD:0.03512469% BID:0.2847 ASK:0.2848 MID:0.28475 P1:0.28475 P2:0.28475 P3:0.28454999 P4:0.28445 STATE:IDLE
[2026-05-11 23:41:48Z] CHK MOM:0.1% RANGE:0.1% UP:50% SPREAD:0.03512469% BID:0.2847 ASK:0.2848 MID:0.28475 P1:0.28475 P2:0.28475 P3:0.28454999 P4:0.28445 STATE:IDLE
[2026-05-11 23:41:49Z] CHK MOM:0.1% RANGE:0.1% UP:50% SPREAD:0.03512469% BID:0.2847 ASK:0.2848 MID:0.28475 P1:0.28475 P2:0.28475 P3:0.28454999 P4:0.28445 STATE:IDLE
[2026-05-11 23:41:49Z] CHK MOM:0.1% RANGE:0.1% UP:40% SPREAD:0.03512469% BID:0.2847 ASK:0.2848 MID:0.28475 P1:0.28475 P2:0.28475 P3:0.28475 P4:0.28454999 STATE:IDLE
[2026-05-11 23:41:50Z] CHK MOM:0.1% RANGE:0.1% UP:33.33% SPREAD:0.03512469% BID:0.2847 ASK:0.2848 MID:0.28475 P1:0.28475 P2:0.28475 P3:0.28475 P4:0.28475 STATE:IDLE
[2026-05-11 23:41:50Z] CHK MOM:0.1% RANGE:0.1% UP:33.33% SPREAD:0.03512469% BID:0.2847 ASK:0.2848 MID:0.28475 P1:0.28475 P2:0.28475 P3:0.28475 P4:0.28475 STATE:IDLE
[2026-05-11 23:41:51Z] CHK MOM:0.1% RANGE:0.1% UP:33.33% SPREAD:0.03512469% BID:0.2847 ASK:0.2848 MID:0.28475 P1:0.28475 P2:0.28475 P3:0.28475 P4:0.28475 STATE:IDLE
[2026-05-11 23:41:52Z] CHK MOM:0.1% RANGE:0.1% UP:28.57% SPREAD:0.03512469% BID:0.2847 ASK:0.2848 MID:0.28475 P1:0.28475 P2:0.28475 P3:0.28475 P4:0.28475 STATE:IDLE
[2026-05-11 23:41:52Z] CHK MOM:0.1% RANGE:0.1% UP:28.57% SPREAD:0.03512469% BID:0.2847 ASK:0.2848 MID:0.28475 P1:0.28475 P2:0.28475 P3:0.28475 P4:0.28475 STATE:IDLE
[2026-05-11 23:41:53Z] CHK MOM:0.14% RANGE:0.14% UP:42.85% SPREAD:0.03511235% BID:0.2848 ASK:0.2849 MID:0.28485 P1:0.28485 P2:0.28475 P3:0.28475 P4:0.28475 STATE:IDLE
[2026-05-11 23:41:53Z] CHK MOM:0.14% RANGE:0.14% UP:42.85% SPREAD:0.03511235% BID:0.2848 ASK:0.2849 MID:0.28485 P1:0.28485 P2:0.28475 P3:0.28475 P4:0.28475 STATE:IDLE
[2026-05-11 23:41:54Z] CHK MOM:0.14% RANGE:0.14% UP:42.85% SPREAD:0.03511235% BID:0.2848 ASK:0.2849 MID:0.28485 P1:0.28485 P2:0.28475 P3:0.28475 P4:0.28475 STATE:IDLE
[2026-05-11 23:41:54Z] CHK MOM:0.14% RANGE:0.14% UP:42.85% SPREAD:0.03511235% BID:0.2848 ASK:0.2849 MID:0.28485 P1:0.28485 P2:0.28475 P3:0.28475 P4:0.28475 STATE:IDLE
[2026-05-11 23:41:55Z] CHK MOM:0.14% RANGE:0.14% UP:42.85% SPREAD:0.03511235% BID:0.2848 ASK:0.2849 MID:0.28485 P1:0.28485 P2:0.28475 P3:0.28475 P4:0.28475 STATE:IDLE
[2026-05-11 23:41:55Z] CHK MOM:0.14% RANGE:0.14% UP:42.85% SPREAD:0.03511235% BID:0.2848 ASK:0.2849 MID:0.28485 P1:0.28485 P2:0.28475 P3:0.28475 P4:0.28475 STATE:IDLE
[2026-05-11 23:41:56Z] CHK MOM:0.07% RANGE:0.1% UP:28.57% SPREAD:0.03512469% BID:0.2847 ASK:0.2848 MID:0.28475 P1:0.28475 P2:0.28485 P3:0.28475 P4:0.28475 STATE:IDLE
[2026-05-11 23:41:56Z] CHK MOM:0.07% RANGE:0.1% UP:28.57% SPREAD:0.03512469% BID:0.2847 ASK:0.2848 MID:0.28475 P1:0.28475 P2:0.28485 P3:0.28475 P4:0.28475 STATE:IDLE
[2026-05-11 23:41:57Z] CHK MOM:0.07% RANGE:0.1% UP:25% SPREAD:0.03512469% BID:0.2847 ASK:0.2848 MID:0.28475 P1:0.28475 P2:0.28475 P3:0.28485 P4:0.28475 STATE:IDLE
[2026-05-11 23:41:58Z] CHK MOM:0.08% RANGE:0.1% UP:33.33% SPREAD:0.07024938% BID:0.2847 ASK:0.2849 MID:0.2848 P1:0.2848 P2:0.28475 P3:0.28475 P4:0.28485 STATE:IDLE
[2026-05-11 23:41:58Z] CHK MOM:0.03% RANGE:0.03% UP:33.33% SPREAD:0.03511235% BID:0.2848 ASK:0.2849 MID:0.28485 P1:0.28485 P2:0.2848 P3:0.28475 P4:0.28475 STATE:IDLE
[2026-05-11 23:41:59Z] CHK MOM:0.03% RANGE:0.03% UP:33.33% SPREAD:0.03511235% BID:0.2848 ASK:0.2849 MID:0.28485 P1:0.28485 P2:0.2848 P3:0.28475 P4:0.28475 STATE:IDLE
[2026-05-11 23:41:59Z] CHK MOM:0.03% RANGE:0.03% UP:33.33% SPREAD:0.03511235% BID:0.2848 ASK:0.2849 MID:0.28485 P1:0.28485 P2:0.2848 P3:0.28475 P4:0.28475 STATE:IDLE
[2026-05-11 23:42:00Z] CHK MOM:0.03% RANGE:0.03% UP:33.33% SPREAD:0.03511235% BID:0.2848 ASK:0.2849 MID:0.28485 P1:0.28485 P2:0.2848 P3:0.28475 P4:0.28475 STATE:IDLE
[2026-05-11 23:42:00Z] CHK MOM:0.03% RANGE:0.03% UP:33.33% SPREAD:0.03511235% BID:0.2848 ASK:0.2849 MID:0.28485 P1:0.28485 P2:0.2848 P3:0.28475 P4:0.28475 STATE:IDLE
[2026-05-11 23:42:01Z] CHK MOM:0.03% RANGE:0.03% UP:33.33% SPREAD:0.03511235% BID:0.2848 ASK:0.2849 MID:0.28485 P1:0.28485 P2:0.2848 P3:0.28475 P4:0.28475 STATE:IDLE
[2026-05-11 23:42:01Z] CHK MOM:0.03% RANGE:0.03% UP:37.5% SPREAD:0.03511235% BID:0.2848 ASK:0.2849 MID:0.28485 P1:0.28485 P2:0.28485 P3:0.2848 P4:0.28475 STATE:IDLE
[2026-05-11 23:42:02Z] CHK MOM:0.03% RANGE:0.03% UP:37.5% SPREAD:0.03511235% BID:0.2848 ASK:0.2849 MID:0.28485 P1:0.28485 P2:0.28485 P3:0.28485 P4:0.2848 STATE:IDLE
[2026-05-11 23:42:03Z] CHK MOM:0.03% RANGE:0.03% UP:37.5% SPREAD:0.03511235% BID:0.2848 ASK:0.2849 MID:0.28485 P1:0.28485 P2:0.28485 P3:0.28485 P4:0.28485 STATE:IDLE
[2026-05-11 23:42:03Z] CHK MOM:0.03% RANGE:0.03% UP:33.33% SPREAD:0.03511235% BID:0.2848 ASK:0.2849 MID:0.28485 P1:0.28485 P2:0.28485 P3:0.28485 P4:0.28485 STATE:IDLE
[2026-05-11 23:42:04Z] CHK MOM:0.03% RANGE:0.03% UP:33.33% SPREAD:0.03511235% BID:0.2848 ASK:0.2849 MID:0.28485 P1:0.28485 P2:0.28485 P3:0.28485 P4:0.28485 STATE:IDLE
[2026-05-11 23:42:04Z] CHK MOM:0% RANGE:0.03% UP:22.22% SPREAD:0.03511235% BID:0.2848 ASK:0.2849 MID:0.28485 P1:0.28485 P2:0.28485 P3:0.28485 P4:0.28485 STATE:IDLE
[2026-05-11 23:42:05Z] CHK MOM:0% RANGE:0.03% UP:22.22% SPREAD:0.03511235% BID:0.2848 ASK:0.2849 MID:0.28485 P1:0.28485 P2:0.28485 P3:0.28485 P4:0.28485 STATE:IDLE
[2026-05-11 23:42:05Z] CHK MOM:0% RANGE:0.03% UP:22.22% SPREAD:0.03512469% BID:0.2847 ASK:0.2848 MID:0.28475 P1:0.28475 P2:0.28485 P3:0.28485 P4:0.28485 STATE:IDLE
[2026-05-11 23:42:06Z] CHK MOM:-0.03% RANGE:0.07% UP:20% SPREAD:0.03513703% BID:0.2846 ASK:0.2847 MID:0.28465 P1:0.28465 P2:0.28475 P3:0.28485 P4:0.28485 STATE:IDLE
[2026-05-11 23:42:06Z] CHK MOM:-0.03% RANGE:0.07% UP:20% SPREAD:0.03513703% BID:0.2846 ASK:0.2847 MID:0.28465 P1:0.28465 P2:0.28475 P3:0.28485 P4:0.28485 STATE:IDLE
[2026-05-11 23:42:07Z] CHK MOM:-0.03% RANGE:0.07% UP:18.18% SPREAD:0.03513703% BID:0.2846 ASK:0.2847 MID:0.28465 P1:0.28465 P2:0.28465 P3:0.28475 P4:0.28485 STATE:IDLE
[2026-05-11 23:42:07Z] CHK MOM:-0.03% RANGE:0.07% UP:18.18% SPREAD:0.03513703% BID:0.2846 ASK:0.2847 MID:0.28465 P1:0.28465 P2:0.28465 P3:0.28475 P4:0.28485 STATE:IDLE
[2026-05-11 23:42:08Z] CHK MOM:-0.03% RANGE:0.07% UP:18.18% SPREAD:0.03513703% BID:0.2846 ASK:0.2847 MID:0.28465 P1:0.28465 P2:0.28465 P3:0.28475 P4:0.28485 STATE:IDLE
[2026-05-11 23:42:09Z] CHK MOM:-0.03% RANGE:0.07% UP:18.18% SPREAD:0.03513703% BID:0.2846 ASK:0.2847 MID:0.28465 P1:0.28465 P2:0.28465 P3:0.28475 P4:0.28485 STATE:IDLE
[2026-05-11 23:42:09Z] CHK MOM:-0.03% RANGE:0.07% UP:18.18% SPREAD:0.03513703% BID:0.2846 ASK:0.2847 MID:0.28465 P1:0.28465 P2:0.28465 P3:0.28475 P4:0.28485 STATE:IDLE
[2026-05-11 23:42:15Z] CHK MOM:-0.07% RANGE:0.07% UP:0% SPREAD:0.03513703% BID:0.2846 ASK:0.2847 MID:0.28465 P1:0.28465 P2:0.28465 P3:0.28465 P4:0.28475 STATE:IDLE
[2026-05-11 23:42:15Z] CHK MOM:-0.07% RANGE:0.07% UP:0% SPREAD:0.03513703% BID:0.2846 ASK:0.2847 MID:0.28465 P1:0.28465 P2:0.28465 P3:0.28465 P4:0.28465 STATE:IDLE
[2026-05-11 23:42:16Z] CHK MOM:-0.07% RANGE:0.07% UP:0% SPREAD:0.03513703% BID:0.2846 ASK:0.2847 MID:0.28465 P1:0.28465 P2:0.28465 P3:0.28465 P4:0.28465 STATE:IDLE
[2026-05-11 23:42:16Z] CHK MOM:-0.07% RANGE:0.07% UP:0% SPREAD:0.03513703% BID:0.2846 ASK:0.2847 MID:0.28465 P1:0.28465 P2:0.28465 P3:0.28465 P4:0.28465 STATE:IDLE
[2026-05-11 23:42:17Z] CHK MOM:-0.07% RANGE:0.07% UP:0% SPREAD:0.03513703% BID:0.2846 ASK:0.2847 MID:0.28465 P1:0.28465 P2:0.28465 P3:0.28465 P4:0.28465 STATE:IDLE
[2026-05-11 23:42:17Z] CHK MOM:0% RANGE:0% UP:0% SPREAD:0.03513703% BID:0.2846 ASK:0.2847 MID:0.28465 P1:0.28465 P2:0.28465 P3:0.28465 P4:0.28465 STATE:IDLE
[2026-05-11 23:42:18Z] CHK MOM:0% RANGE:0% UP:0% SPREAD:0.03513703% BID:0.2846 ASK:0.2847 MID:0.28465 P1:0.28465 P2:0.28465 P3:0.28465 P4:0.28465 STATE:IDLE
[2026-05-11 23:42:18Z] CHK MOM:0% RANGE:0% UP:0% SPREAD:0.03513703% BID:0.2846 ASK:0.2847 MID:0.28465 P1:0.28465 P2:0.28465 P3:0.28465 P4:0.28465 STATE:IDLE
[2026-05-11 23:42:19Z] CHK MOM:0% RANGE:0% UP:0% SPREAD:0.03513703% BID:0.2846 ASK:0.2847 MID:0.28465 P1:0.28465 P2:0.28465 P3:0.28465 P4:0.28465 STATE:IDLE
