[2026-05-16 09:28:55Z] SESSION_START symbol=HBARUSDC dry_run=0 profile=major strategy=momentum base_url=https://api.binance.com
[2026-05-16 09:28:55Z] TOXIC_MEMORY_LOADED count=1 symbols=ORDIUSDC
[2026-05-16 09:28:58Z] CHK MOM:0% RANGE:0% UP:0% SPREAD:0.01108647% BID:0.0902 ASK:0.09021 MID:0.090205 P1:0.090205 P2:NA P3:NA P4:NA STATE:IDLE
[2026-05-16 09:28:58Z] CHK MOM:0% RANGE:0% UP:0% SPREAD:0.01108647% BID:0.0902 ASK:0.09021 MID:0.090205 P1:0.090205 P2:0.090205 P3:NA P4:NA STATE:IDLE
[2026-05-16 09:28:59Z] CHK MOM:0% RANGE:0% UP:0% SPREAD:0.01108647% BID:0.0902 ASK:0.09021 MID:0.090205 P1:0.090205 P2:0.090205 P3:0.090205 P4:NA STATE:IDLE
[2026-05-16 09:28:59Z] CHK MOM:0% RANGE:0% UP:0% SPREAD:0.01108647% BID:0.0902 ASK:0.09021 MID:0.090205 P1:0.090205 P2:0.090205 P3:0.090205 P4:0.090205 STATE:IDLE
[2026-05-16 09:29:00Z] CHK MOM:0% RANGE:0% UP:0% SPREAD:0.01108647% BID:0.0902 ASK:0.09021 MID:0.090205 P1:0.090205 P2:0.090205 P3:0.090205 P4:0.090205 STATE:IDLE
[2026-05-16 09:29:00Z] CHK MOM:0% RANGE:0% UP:0% SPREAD:0.01108647% BID:0.0902 ASK:0.09021 MID:0.090205 P1:0.090205 P2:0.090205 P3:0.090205 P4:0.090205 STATE:IDLE
[2026-05-16 09:29:01Z] CHK MOM:0.01% RANGE:0.01% UP:20% SPREAD:0.01108524% BID:0.09021 ASK:0.09022 MID:0.09021499 P1:0.09021499 P2:0.090205 P3:0.090205 P4:0.090205 STATE:IDLE
[2026-05-16 09:29:01Z] CHK MOM:0.01% RANGE:0.01% UP:33.33% SPREAD:0.02217049% BID:0.09021 ASK:0.09023 MID:0.09022 P1:0.09022 P2:0.09021499 P3:0.090205 P4:0.090205 STATE:IDLE
[2026-05-16 09:29:02Z] CHK MOM:0% RANGE:0.01% UP:28.57% SPREAD:0.02217294% BID:0.0902 ASK:0.09022 MID:0.09021 P1:0.09021 P2:0.09022 P3:0.09021499 P4:0.090205 STATE:IDLE
[2026-05-16 09:29:02Z] CHK MOM:0.01% RANGE:0.01% UP:37.5% SPREAD:0.01108524% BID:0.09021 ASK:0.09022 MID:0.09021499 P1:0.09021499 P2:0.09021 P3:0.09022 P4:0.09021499 STATE:IDLE
[2026-05-16 09:29:03Z] CHK MOM:0% RANGE:0.01% UP:33.33% SPREAD:0.02217294% BID:0.0902 ASK:0.09022 MID:0.09021 P1:0.09021 P2:0.09021499 P3:0.09021 P4:0.09022 STATE:IDLE
[2026-05-16 09:29:04Z] CHK MOM:0.01% RANGE:0.01% UP:40% SPREAD:0.01108524% BID:0.09021 ASK:0.09022 MID:0.09021499 P1:0.09021499 P2:0.09021 P3:0.09021499 P4:0.09021 STATE:IDLE
[2026-05-16 09:29:04Z] CHK MOM:0.01% RANGE:0.01% UP:36.36% SPREAD:0.01108524% BID:0.09021 ASK:0.09022 MID:0.09021499 P1:0.09021499 P2:0.09021499 P3:0.09021 P4:0.09021499 STATE:IDLE
[2026-05-16 09:29:05Z] CHK MOM:0.01% RANGE:0.01% UP:33.33% SPREAD:0.01108524% BID:0.09021 ASK:0.09022 MID:0.09021499 P1:0.09021499 P2:0.09021499 P3:0.09021499 P4:0.09021 STATE:IDLE
[2026-05-16 09:29:05Z] CHK MOM:0.01% RANGE:0.01% UP:33.33% SPREAD:0.01108524% BID:0.09021 ASK:0.09022 MID:0.09021499 P1:0.09021499 P2:0.09021499 P3:0.09021499 P4:0.09021 STATE:IDLE
[2026-05-16 09:29:06Z] CHK MOM:0.03% RANGE:0.03% UP:38.46% SPREAD:0.01108278% BID:0.09023 ASK:0.09024 MID:0.090235 P1:0.090235 P2:0.09021499 P3:0.09021499 P4:0.09021499 STATE:IDLE
[2026-05-16 09:29:06Z] CHK MOM:0.03% RANGE:0.03% UP:35.71% SPREAD:0.01108278% BID:0.09023 ASK:0.09024 MID:0.090235 P1:0.090235 P2:0.090235 P3:0.09021499 P4:0.09021499 STATE:IDLE
[2026-05-16 09:29:07Z] CHK MOM:0.02% RANGE:0.03% UP:33.33% SPREAD:0.02216803% BID:0.09022 ASK:0.09024 MID:0.09023 P1:0.09023 P2:0.090235 P3:0.090235 P4:0.09021499 STATE:IDLE
[2026-05-16 09:29:07Z] CHK MOM:0.03% RANGE:0.03% UP:37.5% SPREAD:0.01108278% BID:0.09023 ASK:0.09024 MID:0.090235 P1:0.090235 P2:0.09023 P3:0.090235 P4:0.090235 STATE:IDLE
[2026-05-16 09:29:08Z] CHK MOM:0.03% RANGE:0.03% UP:35.29% SPREAD:0.01108278% BID:0.09023 ASK:0.09024 MID:0.090235 P1:0.090235 P2:0.090235 P3:0.09023 P4:0.090235 STATE:IDLE
[2026-05-16 09:29:09Z] CHK MOM:0.03% RANGE:0.03% UP:33.33% SPREAD:0.01108278% BID:0.09023 ASK:0.09024 MID:0.090235 P1:0.090235 P2:0.090235 P3:0.090235 P4:0.09023 STATE:IDLE
[2026-05-16 09:29:09Z] CHK MOM:0.02% RANGE:0.03% UP:31.57% SPREAD:0.02216803% BID:0.09022 ASK:0.09024 MID:0.09023 P1:0.09023 P2:0.090235 P3:0.090235 P4:0.090235 STATE:IDLE
[2026-05-16 09:29:10Z] CHK MOM:0.02% RANGE:0.03% UP:31.57% SPREAD:0.01108401% BID:0.09022 ASK:0.09023 MID:0.090225 P1:0.090225 P2:0.09023 P3:0.090235 P4:0.090235 STATE:IDLE
[2026-05-16 09:29:10Z] CHK MOM:0.02% RANGE:0.03% UP:31.57% SPREAD:0.01108401% BID:0.09022 ASK:0.09023 MID:0.090225 P1:0.090225 P2:0.09023 P3:0.090235 P4:0.090235 STATE:IDLE
[2026-05-16 09:29:11Z] CHK MOM:0.02% RANGE:0.03% UP:31.57% SPREAD:0.01108401% BID:0.09022 ASK:0.09023 MID:0.090225 P1:0.090225 P2:0.09023 P3:0.090235 P4:0.090235 STATE:IDLE
[2026-05-16 09:29:11Z] CHK MOM:0.02% RANGE:0.03% UP:35.29% SPREAD:0.01108401% BID:0.09022 ASK:0.09023 MID:0.090225 P1:0.090225 P2:0.090225 P3:0.09023 P4:0.090235 STATE:IDLE
[2026-05-16 09:29:12Z] CHK MOM:0.02% RANGE:0.03% UP:33.33% SPREAD:0.01108401% BID:0.09022 ASK:0.09023 MID:0.090225 P1:0.090225 P2:0.090225 P3:0.090225 P4:0.09023 STATE:IDLE
[2026-05-16 09:29:12Z] CHK MOM:0.01% RANGE:0.02% UP:27.77% SPREAD:0.01108401% BID:0.09022 ASK:0.09023 MID:0.090225 P1:0.090225 P2:0.090225 P3:0.090225 P4:0.090225 STATE:IDLE
[2026-05-16 09:29:13Z] CHK MOM:0.01% RANGE:0.02% UP:26.31% SPREAD:0.01108401% BID:0.09022 ASK:0.09023 MID:0.090225 P1:0.090225 P2:0.090225 P3:0.090225 P4:0.090225 STATE:IDLE
[2026-05-16 09:29:13Z] CHK MOM:0.01% RANGE:0.02% UP:26.31% SPREAD:0.01108401% BID:0.09022 ASK:0.09023 MID:0.090225 P1:0.090225 P2:0.090225 P3:0.090225 P4:0.090225 STATE:IDLE
[2026-05-16 09:29:14Z] CHK MOM:0.01% RANGE:0.02% UP:22.22% SPREAD:0.01108401% BID:0.09022 ASK:0.09023 MID:0.090225 P1:0.090225 P2:0.090225 P3:0.090225 P4:0.090225 STATE:IDLE
[2026-05-16 09:29:15Z] CHK MOM:0.01% RANGE:0.02% UP:12.5% SPREAD:0.01108401% BID:0.09022 ASK:0.09023 MID:0.090225 P1:0.090225 P2:0.090225 P3:0.090225 P4:0.090225 STATE:IDLE
[2026-05-16 09:29:15Z] CHK MOM:0.01% RANGE:0.02% UP:12.5% SPREAD:0.01108401% BID:0.09022 ASK:0.09023 MID:0.090225 P1:0.090225 P2:0.090225 P3:0.090225 P4:0.090225 STATE:IDLE
[2026-05-16 09:29:16Z] CHK MOM:0.01% RANGE:0.02% UP:11.76% SPREAD:0.01108401% BID:0.09022 ASK:0.09023 MID:0.090225 P1:0.090225 P2:0.090225 P3:0.090225 P4:0.090225 STATE:IDLE
[2026-05-16 09:29:16Z] CHK MOM:0.01% RANGE:0.02% UP:11.76% SPREAD:0.01108401% BID:0.09022 ASK:0.09023 MID:0.090225 P1:0.090225 P2:0.090225 P3:0.090225 P4:0.090225 STATE:IDLE
[2026-05-16 09:29:17Z] CHK MOM:0.01% RANGE:0.02% UP:11.76% SPREAD:0.01108401% BID:0.09022 ASK:0.09023 MID:0.090225 P1:0.090225 P2:0.090225 P3:0.090225 P4:0.090225 STATE:IDLE
[2026-05-16 09:29:17Z] CHK MOM:0.01% RANGE:0.02% UP:11.76% SPREAD:0.01108401% BID:0.09022 ASK:0.09023 MID:0.090225 P1:0.090225 P2:0.090225 P3:0.090225 P4:0.090225 STATE:IDLE
[2026-05-16 09:29:18Z] CHK MOM:0.01% RANGE:0.02% UP:12.5% SPREAD:0.01108156% BID:0.09024 ASK:0.09025 MID:0.09024499 P1:0.09024499 P2:0.090225 P3:0.090225 P4:0.090225 STATE:IDLE
[2026-05-16 09:29:18Z] CHK MOM:0.01% RANGE:0.02% UP:12.5% SPREAD:0.01108156% BID:0.09024 ASK:0.09025 MID:0.09024499 P1:0.09024499 P2:0.09024499 P3:0.090225 P4:0.090225 STATE:IDLE
[2026-05-16 09:29:19Z] CHK MOM:0.01% RANGE:0.02% UP:12.5% SPREAD:0.01108156% BID:0.09024 ASK:0.09025 MID:0.09024499 P1:0.09024499 P2:0.09024499 P3:0.090225 P4:0.090225 STATE:IDLE
[2026-05-16 09:29:20Z] CHK MOM:0.01% RANGE:0.02% UP:12.5% SPREAD:0.01108156% BID:0.09024 ASK:0.09025 MID:0.09024499 P1:0.09024499 P2:0.09024499 P3:0.090225 P4:0.090225 STATE:IDLE
[2026-05-16 09:29:20Z] CHK MOM:0.01% RANGE:0.02% UP:7.69% SPREAD:0.01108156% BID:0.09024 ASK:0.09025 MID:0.09024499 P1:0.09024499 P2:0.09024499 P3:0.09024499 P4:0.090225 STATE:IDLE
[2026-05-16 09:29:21Z] CHK MOM:0.01% RANGE:0.02% UP:7.69% SPREAD:0.01108156% BID:0.09024 ASK:0.09025 MID:0.09024499 P1:0.09024499 P2:0.09024499 P3:0.09024499 P4:0.09024499 STATE:IDLE
[2026-05-16 09:29:21Z] CHK MOM:0% RANGE:0.02% UP:7.14% SPREAD:0.01108278% BID:0.09023 ASK:0.09024 MID:0.090235 P1:0.090235 P2:0.09024499 P3:0.09024499 P4:0.09024499 STATE:IDLE
[2026-05-16 09:29:22Z] CHK MOM:0% RANGE:0.02% UP:7.14% SPREAD:0.01108278% BID:0.09023 ASK:0.09024 MID:0.090235 P1:0.090235 P2:0.09024499 P3:0.09024499 P4:0.09024499 STATE:IDLE
[2026-05-16 09:29:22Z] CHK MOM:0.01% RANGE:0.02% UP:7.69% SPREAD:0.01108278% BID:0.09023 ASK:0.09024 MID:0.090235 P1:0.090235 P2:0.090235 P3:0.09024499 P4:0.09024499 STATE:IDLE
[2026-05-16 09:29:23Z] CHK MOM:0.01% RANGE:0.02% UP:7.14% SPREAD:0.01108278% BID:0.09023 ASK:0.09024 MID:0.090235 P1:0.090235 P2:0.090235 P3:0.090235 P4:0.09024499 STATE:IDLE
[2026-05-16 09:29:23Z] CHK MOM:0.01% RANGE:0.02% UP:6.66% SPREAD:0.01108278% BID:0.09023 ASK:0.09024 MID:0.090235 P1:0.090235 P2:0.090235 P3:0.090235 P4:0.090235 STATE:IDLE
[2026-05-16 09:29:24Z] CHK MOM:0.01% RANGE:0.02% UP:6.66% SPREAD:0.01108278% BID:0.09023 ASK:0.09024 MID:0.090235 P1:0.090235 P2:0.090235 P3:0.090235 P4:0.090235 STATE:IDLE
[2026-05-16 09:29:25Z] CHK MOM:0.01% RANGE:0.02% UP:6.66% SPREAD:0.01108278% BID:0.09023 ASK:0.09024 MID:0.090235 P1:0.090235 P2:0.090235 P3:0.090235 P4:0.090235 STATE:IDLE
[2026-05-16 09:29:25Z] CHK MOM:0.03% RANGE:0.03% UP:16.66% SPREAD:0.01108033% BID:0.09025 ASK:0.09026 MID:0.090255 P1:0.090255 P2:0.090235 P3:0.090235 P4:0.090235 STATE:IDLE
[2026-05-16 09:29:26Z] CHK MOM:0.03% RANGE:0.03% UP:16.66% SPREAD:0.01108033% BID:0.09025 ASK:0.09026 MID:0.090255 P1:0.090255 P2:0.090255 P3:0.090235 P4:0.090235 STATE:IDLE
[2026-05-16 09:29:26Z] CHK MOM:0.03% RANGE:0.03% UP:16.66% SPREAD:0.01108033% BID:0.09025 ASK:0.09026 MID:0.090255 P1:0.090255 P2:0.090255 P3:0.090235 P4:0.090235 STATE:IDLE
[2026-05-16 09:29:27Z] CHK MOM:0.03% RANGE:0.03% UP:16.66% SPREAD:0.01108033% BID:0.09025 ASK:0.09026 MID:0.090255 P1:0.090255 P2:0.090255 P3:0.090255 P4:0.090235 STATE:IDLE
[2026-05-16 09:29:27Z] CHK MOM:0.02% RANGE:0.03% UP:15.38% SPREAD:0.01108156% BID:0.09024 ASK:0.09025 MID:0.09024499 P1:0.09024499 P2:0.090255 P3:0.090255 P4:0.090255 STATE:IDLE
[2026-05-16 09:29:28Z] CHK MOM:0.02% RANGE:0.03% UP:15.38% SPREAD:0.01108156% BID:0.09024 ASK:0.09025 MID:0.09024499 P1:0.09024499 P2:0.090255 P3:0.090255 P4:0.090255 STATE:IDLE
[2026-05-16 09:29:28Z] CHK MOM:0.01% RANGE:0.02% UP:16.66% SPREAD:0.01108033% BID:0.09025 ASK:0.09026 MID:0.090255 P1:0.090255 P2:0.09024499 P3:0.090255 P4:0.090255 STATE:IDLE
[2026-05-16 09:29:29Z] CHK MOM:0.01% RANGE:0.02% UP:15.38% SPREAD:0.01108033% BID:0.09025 ASK:0.09026 MID:0.090255 P1:0.090255 P2:0.090255 P3:0.09024499 P4:0.090255 STATE:IDLE
[2026-05-16 09:29:29Z] CHK MOM:0.01% RANGE:0.02% UP:15.38% SPREAD:0.01108033% BID:0.09025 ASK:0.09026 MID:0.090255 P1:0.090255 P2:0.090255 P3:0.09024499 P4:0.090255 STATE:IDLE
[2026-05-16 09:29:30Z] CHK MOM:0.01% RANGE:0.02% UP:15.38% SPREAD:0.01108033% BID:0.09025 ASK:0.09026 MID:0.090255 P1:0.090255 P2:0.090255 P3:0.09024499 P4:0.090255 STATE:IDLE
[2026-05-16 09:29:31Z] CHK MOM:0.01% RANGE:0.02% UP:15.38% SPREAD:0.01108033% BID:0.09025 ASK:0.09026 MID:0.090255 P1:0.090255 P2:0.090255 P3:0.09024499 P4:0.090255 STATE:IDLE
[2026-05-16 09:29:31Z] CHK MOM:0.01% RANGE:0.02% UP:15.38% SPREAD:0.01108033% BID:0.09025 ASK:0.09026 MID:0.090255 P1:0.090255 P2:0.090255 P3:0.09024499 P4:0.090255 STATE:IDLE
[2026-05-16 09:29:32Z] CHK MOM:0.02% RANGE:0.03% UP:25% SPREAD:0.0110791% BID:0.09026 ASK:0.09027 MID:0.090265 P1:0.090265 P2:0.090255 P3:0.090255 P4:0.09024499 STATE:IDLE
[2026-05-16 09:29:32Z] CHK MOM:0.01% RANGE:0.03% UP:23.07% SPREAD:0.01108033% BID:0.09025 ASK:0.09026 MID:0.090255 P1:0.090255 P2:0.090265 P3:0.090255 P4:0.090255 STATE:IDLE
[2026-05-16 09:29:33Z] CHK MOM:0.01% RANGE:0.03% UP:23.07% SPREAD:0.01108033% BID:0.09025 ASK:0.09026 MID:0.090255 P1:0.090255 P2:0.090265 P3:0.090255 P4:0.090255 STATE:IDLE
[2026-05-16 09:29:33Z] CHK MOM:0.01% RANGE:0.03% UP:23.07% SPREAD:0.01108033% BID:0.09025 ASK:0.09026 MID:0.090255 P1:0.090255 P2:0.090265 P3:0.090255 P4:0.090255 STATE:IDLE
[2026-05-16 09:29:34Z] CHK MOM:0.02% RANGE:0.03% UP:27.27% SPREAD:0.01108033% BID:0.09025 ASK:0.09026 MID:0.090255 P1:0.090255 P2:0.090255 P3:0.090265 P4:0.090255 STATE:IDLE
[2026-05-16 09:29:34Z] CHK MOM:0.02% RANGE:0.03% UP:27.27% SPREAD:0.01108033% BID:0.09025 ASK:0.09026 MID:0.090255 P1:0.090255 P2:0.090255 P3:0.090265 P4:0.090255 STATE:IDLE
[2026-05-16 09:29:35Z] CHK MOM:0.02% RANGE:0.03% UP:27.27% SPREAD:0.01108033% BID:0.09025 ASK:0.09026 MID:0.090255 P1:0.090255 P2:0.090255 P3:0.090255 P4:0.090265 STATE:IDLE
[2026-05-16 09:29:36Z] CHK MOM:0.02% RANGE:0.03% UP:27.27% SPREAD:0.01108033% BID:0.09025 ASK:0.09026 MID:0.090255 P1:0.090255 P2:0.090255 P3:0.090255 P4:0.090265 STATE:IDLE
[2026-05-16 09:29:36Z] CHK MOM:0.01% RANGE:0.02% UP:30% SPREAD:0.0110791% BID:0.09026 ASK:0.09027 MID:0.090265 P1:0.090265 P2:0.090255 P3:0.090255 P4:0.090255 STATE:IDLE
[2026-05-16 09:29:37Z] CHK MOM:0.01% RANGE:0.02% UP:30% SPREAD:0.0110791% BID:0.09026 ASK:0.09027 MID:0.090265 P1:0.090265 P2:0.090255 P3:0.090255 P4:0.090255 STATE:IDLE
[2026-05-16 09:29:37Z] CHK MOM:0.01% RANGE:0.02% UP:30% SPREAD:0.0110791% BID:0.09026 ASK:0.09027 MID:0.090265 P1:0.090265 P2:0.090255 P3:0.090255 P4:0.090255 STATE:IDLE
[2026-05-16 09:29:38Z] CHK MOM:0.01% RANGE:0.02% UP:30% SPREAD:0.0110791% BID:0.09026 ASK:0.09027 MID:0.090265 P1:0.090265 P2:0.090255 P3:0.090255 P4:0.090255 STATE:IDLE
[2026-05-16 09:29:38Z] CHK MOM:0.01% RANGE:0.02% UP:33.33% SPREAD:0.0110791% BID:0.09026 ASK:0.09027 MID:0.090265 P1:0.090265 P2:0.090265 P3:0.090255 P4:0.090255 STATE:IDLE
[2026-05-16 09:29:39Z] CHK MOM:0.01% RANGE:0.02% UP:33.33% SPREAD:0.0110791% BID:0.09026 ASK:0.09027 MID:0.090265 P1:0.090265 P2:0.090265 P3:0.090255 P4:0.090255 STATE:IDLE
[2026-05-16 09:29:39Z] CHK MOM:0.01% RANGE:0.02% UP:33.33% SPREAD:0.0110791% BID:0.09026 ASK:0.09027 MID:0.090265 P1:0.090265 P2:0.090265 P3:0.090255 P4:0.090255 STATE:IDLE
[2026-05-16 09:29:40Z] CHK MOM:0.01% RANGE:0.02% UP:33.33% SPREAD:0.0110791% BID:0.09026 ASK:0.09027 MID:0.090265 P1:0.090265 P2:0.090265 P3:0.090255 P4:0.090255 STATE:IDLE
[2026-05-16 09:29:40Z] CHK MOM:0.01% RANGE:0.02% UP:33.33% SPREAD:0.0110791% BID:0.09026 ASK:0.09027 MID:0.090265 P1:0.090265 P2:0.090265 P3:0.090255 P4:0.090255 STATE:IDLE
[2026-05-16 09:29:41Z] CHK MOM:0.01% RANGE:0.01% UP:28.57% SPREAD:0.0110791% BID:0.09026 ASK:0.09027 MID:0.090265 P1:0.090265 P2:0.090265 P3:0.090265 P4:0.090255 STATE:IDLE
[2026-05-16 09:29:42Z] CHK MOM:0% RANGE:0.01% UP:14.28% SPREAD:0.0110791% BID:0.09026 ASK:0.09027 MID:0.090265 P1:0.090265 P2:0.090265 P3:0.090265 P4:0.090265 STATE:IDLE
[2026-05-16 09:29:42Z] CHK MOM:-0.01% RANGE:0.01% UP:12.5% SPREAD:0.01108033% BID:0.09025 ASK:0.09026 MID:0.090255 P1:0.090255 P2:0.090265 P3:0.090265 P4:0.090265 STATE:IDLE
[2026-05-16 09:29:43Z] CHK MOM:0% RANGE:0.01% UP:22.22% SPREAD:0.0110791% BID:0.09026 ASK:0.09027 MID:0.090265 P1:0.090265 P2:0.090255 P3:0.090265 P4:0.090265 STATE:IDLE
[2026-05-16 09:29:43Z] CHK MOM:0% RANGE:0.01% UP:20% SPREAD:0.0110791% BID:0.09026 ASK:0.09027 MID:0.090265 P1:0.090265 P2:0.090265 P3:0.090255 P4:0.090265 STATE:IDLE
[2026-05-16 09:29:44Z] CHK MOM:0% RANGE:0.01% UP:18.18% SPREAD:0.0110791% BID:0.09026 ASK:0.09027 MID:0.090265 P1:0.090265 P2:0.090265 P3:0.090265 P4:0.090255 STATE:IDLE
[2026-05-16 09:29:44Z] CHK MOM:0.01% RANGE:0.01% UP:20% SPREAD:0.0110791% BID:0.09026 ASK:0.09027 MID:0.090265 P1:0.090265 P2:0.090265 P3:0.090265 P4:0.090265 STATE:IDLE
[2026-05-16 09:29:45Z] CHK MOM:0.01% RANGE:0.01% UP:18.18% SPREAD:0.0110791% BID:0.09026 ASK:0.09027 MID:0.090265 P1:0.090265 P2:0.090265 P3:0.090265 P4:0.090265 STATE:IDLE
[2026-05-16 09:29:45Z] CHK MOM:0.01% RANGE:0.01% UP:18.18% SPREAD:0.0110791% BID:0.09026 ASK:0.09027 MID:0.090265 P1:0.090265 P2:0.090265 P3:0.090265 P4:0.090265 STATE:IDLE
[2026-05-16 09:29:46Z] CHK MOM:0.01% RANGE:0.01% UP:18.18% SPREAD:0.0110791% BID:0.09026 ASK:0.09027 MID:0.090265 P1:0.090265 P2:0.090265 P3:0.090265 P4:0.090265 STATE:IDLE
[2026-05-16 09:29:47Z] CHK MOM:0.01% RANGE:0.01% UP:18.18% SPREAD:0.0110791% BID:0.09026 ASK:0.09027 MID:0.090265 P1:0.090265 P2:0.090265 P3:0.090265 P4:0.090265 STATE:IDLE
[2026-05-16 09:29:47Z] CHK MOM:0% RANGE:0.01% UP:9.09% SPREAD:0.0110791% BID:0.09026 ASK:0.09027 MID:0.090265 P1:0.090265 P2:0.090265 P3:0.090265 P4:0.090265 STATE:IDLE
[2026-05-16 09:29:48Z] CHK MOM:0.01% RANGE:0.02% UP:16.66% SPREAD:0.01107787% BID:0.09027 ASK:0.09028 MID:0.090275 P1:0.090275 P2:0.090265 P3:0.090265 P4:0.090265 STATE:IDLE
[2026-05-16 09:29:48Z] CHK MOM:0.03% RANGE:0.04% UP:25% SPREAD:0.01107542% BID:0.09029 ASK:0.0903 MID:0.090295 P1:0.090295 P2:0.090275 P3:0.090265 P4:0.090265 STATE:IDLE
[2026-05-16 09:29:49Z] CHK MOM:0.03% RANGE:0.04% UP:25% SPREAD:0.01107542% BID:0.09029 ASK:0.0903 MID:0.090295 P1:0.090295 P2:0.090275 P3:0.090265 P4:0.090265 STATE:IDLE
[2026-05-16 09:29:49Z] CHK MOM:0.03% RANGE:0.04% UP:23.07% SPREAD:0.01107542% BID:0.09029 ASK:0.0903 MID:0.090295 P1:0.090295 P2:0.090295 P3:0.090275 P4:0.090265 STATE:IDLE
[2026-05-16 09:29:50Z] CHK MOM:0.03% RANGE:0.04% UP:23.07% SPREAD:0.01107542% BID:0.09029 ASK:0.0903 MID:0.090295 P1:0.090295 P2:0.090295 P3:0.090275 P4:0.090265 STATE:IDLE
[2026-05-16 09:29:50Z] CHK MOM:0.03% RANGE:0.04% UP:23.07% SPREAD:0.01107542% BID:0.09029 ASK:0.0903 MID:0.090295 P1:0.090295 P2:0.090295 P3:0.090275 P4:0.090265 STATE:IDLE
[2026-05-16 09:29:51Z] CHK MOM:0.04% RANGE:0.05% UP:30.76% SPREAD:0.01107419% BID:0.0903 ASK:0.09031 MID:0.090305 P1:0.090305 P2:0.090295 P3:0.090295 P4:0.090275 STATE:IDLE
[2026-05-16 09:29:51Z] CHK MOM:0.05% RANGE:0.06% UP:35.71% SPREAD:0.01107297% BID:0.09031 ASK:0.09032 MID:0.090315 P1:0.090315 P2:0.090305 P3:0.090295 P4:0.090295 STATE:IDLE
[2026-05-16 09:29:52Z] CHK MOM:0.06% RANGE:0.07% UP:40% SPREAD:0.01107174% BID:0.09032 ASK:0.09033 MID:0.09032499 P1:0.09032499 P2:0.090315 P3:0.090305 P4:0.090295 STATE:IDLE
[2026-05-16 09:29:53Z] CHK MOM:0.06% RANGE:0.07% UP:40% SPREAD:0.01107174% BID:0.09032 ASK:0.09033 MID:0.09032499 P1:0.09032499 P2:0.09032499 P3:0.090315 P4:0.090305 STATE:IDLE
[2026-05-16 09:29:53Z] CHK MOM:0.06% RANGE:0.07% UP:40% SPREAD:0.01107174% BID:0.09032 ASK:0.09033 MID:0.09032499 P1:0.09032499 P2:0.09032499 P3:0.090315 P4:0.090305 STATE:IDLE
[2026-05-16 09:29:54Z] CHK MOM:0.08% RANGE:0.09% UP:43.75% SPREAD:0.01106929% BID:0.09034 ASK:0.09035 MID:0.090345 P1:0.090345 P2:0.09032499 P3:0.09032499 P4:0.090315 STATE:IDLE
[2026-05-16 09:29:54Z] CHK MOM:0.09% RANGE:0.09% UP:43.75% SPREAD:0.01106929% BID:0.09034 ASK:0.09035 MID:0.090345 P1:0.090345 P2:0.090345 P3:0.09032499 P4:0.09032499 STATE:IDLE
[2026-05-16 09:29:55Z] CHK MOM:0.09% RANGE:0.09% UP:46.66% SPREAD:0.01106806% BID:0.09035 ASK:0.09036 MID:0.09035499 P1:0.09035499 P2:0.090345 P3:0.090345 P4:0.09032499 STATE:IDLE
[2026-05-16 09:29:55Z] CHK MOM:0.08% RANGE:0.09% UP:43.75% SPREAD:0.01106929% BID:0.09034 ASK:0.09035 MID:0.090345 P1:0.090345 P2:0.09035499 P3:0.090345 P4:0.090345 STATE:IDLE
[2026-05-16 09:29:56Z] CHK MOM:0.09% RANGE:0.09% UP:50% SPREAD:0.01106806% BID:0.09035 ASK:0.09036 MID:0.09035499 P1:0.09035499 P2:0.090345 P3:0.09035499 P4:0.090345 STATE:IDLE
[2026-05-16 09:29:56Z] CHK MOM:0.09% RANGE:0.09% UP:53.33% SPREAD:0.01106806% BID:0.09035 ASK:0.09036 MID:0.09035499 P1:0.09035499 P2:0.09035499 P3:0.090345 P4:0.09035499 STATE:IDLE
[2026-05-16 09:29:57Z] CHK MOM:0.09% RANGE:0.09% UP:53.33% SPREAD:0.01106806% BID:0.09035 ASK:0.09036 MID:0.09035499 P1:0.09035499 P2:0.09035499 P3:0.09035499 P4:0.090345 STATE:IDLE
[2026-05-16 09:29:58Z] CHK MOM:0.09% RANGE:0.09% UP:53.33% SPREAD:0.01106806% BID:0.09035 ASK:0.09036 MID:0.09035499 P1:0.09035499 P2:0.09035499 P3:0.09035499 P4:0.090345 STATE:IDLE
[2026-05-16 09:29:58Z] CHK MOM:0.09% RANGE:0.09% UP:50% SPREAD:0.01106806% BID:0.09035 ASK:0.09036 MID:0.09035499 P1:0.09035499 P2:0.09035499 P3:0.09035499 P4:0.09035499 STATE:IDLE
[2026-05-16 09:29:59Z] CHK MOM:0.09% RANGE:0.09% UP:50% SPREAD:0.01106806% BID:0.09035 ASK:0.09036 MID:0.09035499 P1:0.09035499 P2:0.09035499 P3:0.09035499 P4:0.09035499 STATE:IDLE
[2026-05-16 09:29:59Z] CHK MOM:0.08% RANGE:0.08% UP:43.75% SPREAD:0.01106806% BID:0.09035 ASK:0.09036 MID:0.09035499 P1:0.09035499 P2:0.09035499 P3:0.09035499 P4:0.09035499 STATE:IDLE
[2026-05-16 09:30:00Z] CHK MOM:0.08% RANGE:0.08% UP:41.17% SPREAD:0.01106806% BID:0.09035 ASK:0.09036 MID:0.09035499 P1:0.09035499 P2:0.09035499 P3:0.09035499 P4:0.09035499 STATE:IDLE
[2026-05-16 09:30:00Z] CHK MOM:0.08% RANGE:0.08% UP:41.17% SPREAD:0.01106806% BID:0.09035 ASK:0.09036 MID:0.09035499 P1:0.09035499 P2:0.09035499 P3:0.09035499 P4:0.09035499 STATE:IDLE
[2026-05-16 09:30:01Z] CHK MOM:0.06% RANGE:0.06% UP:37.5% SPREAD:0.01106806% BID:0.09035 ASK:0.09036 MID:0.09035499 P1:0.09035499 P2:0.09035499 P3:0.09035499 P4:0.09035499 STATE:IDLE
[2026-05-16 09:30:01Z] CHK MOM:0.05% RANGE:0.05% UP:31.25% SPREAD:0.01106806% BID:0.09035 ASK:0.09036 MID:0.09035499 P1:0.09035499 P2:0.09035499 P3:0.09035499 P4:0.09035499 STATE:IDLE
[2026-05-16 09:30:02Z] CHK MOM:0.05% RANGE:0.05% UP:29.41% SPREAD:0.01106806% BID:0.09035 ASK:0.09036 MID:0.09035499 P1:0.09035499 P2:0.09035499 P3:0.09035499 P4:0.09035499 STATE:IDLE
[2026-05-16 09:30:02Z] CHK MOM:0.05% RANGE:0.05% UP:29.41% SPREAD:0.01106806% BID:0.09035 ASK:0.09036 MID:0.09035499 P1:0.09035499 P2:0.09035499 P3:0.09035499 P4:0.09035499 STATE:IDLE
[2026-05-16 09:30:03Z] CHK MOM:0.05% RANGE:0.05% UP:27.77% SPREAD:0.01106806% BID:0.09035 ASK:0.09036 MID:0.09035499 P1:0.09035499 P2:0.09035499 P3:0.09035499 P4:0.09035499 STATE:IDLE
[2026-05-16 09:30:04Z] CHK MOM:0.03% RANGE:0.03% UP:17.64% SPREAD:0.01106806% BID:0.09035 ASK:0.09036 MID:0.09035499 P1:0.09035499 P2:0.09035499 P3:0.09035499 P4:0.09035499 STATE:IDLE
[2026-05-16 09:30:04Z] CHK MOM:0.03% RANGE:0.03% UP:17.64% SPREAD:0.01106806% BID:0.09035 ASK:0.09036 MID:0.09035499 P1:0.09035499 P2:0.09035499 P3:0.09035499 P4:0.09035499 STATE:IDLE
[2026-05-16 09:30:05Z] CHK MOM:0.01% RANGE:0.01% UP:17.64% SPREAD:0.02213613% BID:0.09035 ASK:0.09037 MID:0.09036 P1:0.09036 P2:0.09035499 P3:0.09035499 P4:0.09035499 STATE:IDLE
[2026-05-16 09:30:05Z] CHK MOM:0.01% RANGE:0.01% UP:16.66% SPREAD:0.01106806% BID:0.09035 ASK:0.09036 MID:0.09035499 P1:0.09035499 P2:0.09036 P3:0.09035499 P4:0.09035499 STATE:IDLE
[2026-05-16 09:30:06Z] CHK MOM:0.01% RANGE:0.01% UP:16.66% SPREAD:0.01106806% BID:0.09035 ASK:0.09036 MID:0.09035499 P1:0.09035499 P2:0.09036 P3:0.09035499 P4:0.09035499 STATE:IDLE
[2026-05-16 09:30:06Z] CHK MOM:0.01% RANGE:0.01% UP:16.66% SPREAD:0.01106806% BID:0.09035 ASK:0.09036 MID:0.09035499 P1:0.09035499 P2:0.09035499 P3:0.09036 P4:0.09035499 STATE:IDLE
[2026-05-16 09:30:07Z] CHK MOM:0.01% RANGE:0.02% UP:16.66% SPREAD:0.01106684% BID:0.09036 ASK:0.09037 MID:0.090365 P1:0.090365 P2:0.09035499 P3:0.09035499 P4:0.09036 STATE:IDLE
[2026-05-16 09:30:07Z] CHK MOM:0.02% RANGE:0.02% UP:16.66% SPREAD:0.01106684% BID:0.09036 ASK:0.09037 MID:0.090365 P1:0.090365 P2:0.090365 P3:0.09035499 P4:0.09035499 STATE:IDLE
[2026-05-16 09:30:08Z] CHK MOM:0.01% RANGE:0.01% UP:11.76% SPREAD:0.01106684% BID:0.09036 ASK:0.09037 MID:0.090365 P1:0.090365 P2:0.090365 P3:0.090365 P4:0.09035499 STATE:IDLE
[2026-05-16 09:30:09Z] CHK MOM:0.01% RANGE:0.01% UP:11.11% SPREAD:0.01106684% BID:0.09036 ASK:0.09037 MID:0.090365 P1:0.090365 P2:0.090365 P3:0.090365 P4:0.090365 STATE:IDLE
[2026-05-16 09:30:09Z] CHK MOM:0.01% RANGE:0.01% UP:11.11% SPREAD:0.01106684% BID:0.09036 ASK:0.09037 MID:0.090365 P1:0.090365 P2:0.090365 P3:0.090365 P4:0.090365 STATE:IDLE
[2026-05-16 09:30:10Z] CHK MOM:0.01% RANGE:0.01% UP:11.11% SPREAD:0.01106684% BID:0.09036 ASK:0.09037 MID:0.090365 P1:0.090365 P2:0.090365 P3:0.090365 P4:0.090365 STATE:IDLE
[2026-05-16 09:30:10Z] CHK MOM:0.03% RANGE:0.03% UP:18.75% SPREAD:0.01106439% BID:0.09038 ASK:0.09039 MID:0.090385 P1:0.090385 P2:0.090365 P3:0.090365 P4:0.090365 STATE:IDLE
[2026-05-16 09:30:11Z] CHK MOM:0.02% RANGE:0.03% UP:18.75% SPREAD:0.01106561% BID:0.09037 ASK:0.09038 MID:0.090375 P1:0.090375 P2:0.090385 P3:0.090365 P4:0.090365 STATE:IDLE
[2026-05-16 09:30:11Z] CHK MOM:0.02% RANGE:0.03% UP:17.64% SPREAD:0.01106561% BID:0.09037 ASK:0.09038 MID:0.090375 P1:0.090375 P2:0.090375 P3:0.090385 P4:0.090365 STATE:IDLE
[2026-05-16 09:30:12Z] CHK MOM:0.02% RANGE:0.03% UP:18.75% SPREAD:0.01106561% BID:0.09037 ASK:0.09038 MID:0.090375 P1:0.090375 P2:0.090375 P3:0.090375 P4:0.090385 STATE:IDLE
[2026-05-16 09:30:12Z] CHK MOM:0.03% RANGE:0.03% UP:23.52% SPREAD:0.01106439% BID:0.09038 ASK:0.09039 MID:0.090385 P1:0.090385 P2:0.090375 P3:0.090375 P4:0.090375 STATE:IDLE
[2026-05-16 09:30:13Z] CHK MOM:0.05% RANGE:0.05% UP:27.77% SPREAD:0.01106194% BID:0.0904 ASK:0.09041 MID:0.090405 P1:0.090405 P2:0.090385 P3:0.090375 P4:0.090375 STATE:IDLE
[2026-05-16 09:30:13Z] CHK MOM:0.06% RANGE:0.06% UP:33.33% SPREAD:0.02212389% BID:0.0904 ASK:0.09042 MID:0.09040999 P1:0.09040999 P2:0.090405 P3:0.090385 P4:0.090375 STATE:IDLE
[2026-05-16 09:30:14Z] CHK MOM:0.05% RANGE:0.06% UP:33.33% SPREAD:0.01106194% BID:0.0904 ASK:0.09041 MID:0.090405 P1:0.090405 P2:0.09040999 P3:0.090405 P4:0.090385 STATE:IDLE
[2026-05-16 09:30:15Z] CHK MOM:0.05% RANGE:0.06% UP:35.29% SPREAD:0.01106194% BID:0.0904 ASK:0.09041 MID:0.090405 P1:0.090405 P2:0.090405 P3:0.09040999 P4:0.090405 STATE:IDLE
[2026-05-16 09:30:15Z] CHK MOM:0.05% RANGE:0.06% UP:33.33% SPREAD:0.01106194% BID:0.0904 ASK:0.09041 MID:0.090405 P1:0.090405 P2:0.090405 P3:0.090405 P4:0.09040999 STATE:IDLE
[2026-05-16 09:30:16Z] CHK MOM:0.05% RANGE:0.06% UP:33.33% SPREAD:0.01106194% BID:0.0904 ASK:0.09041 MID:0.090405 P1:0.090405 P2:0.090405 P3:0.090405 P4:0.090405 STATE:IDLE
[2026-05-16 09:30:16Z] CHK MOM:0.05% RANGE:0.06% UP:33.33% SPREAD:0.01106194% BID:0.0904 ASK:0.09041 MID:0.090405 P1:0.090405 P2:0.090405 P3:0.090405 P4:0.090405 STATE:IDLE
[2026-05-16 09:30:17Z] CHK MOM:0.04% RANGE:0.06% UP:27.77% SPREAD:0.01106194% BID:0.0904 ASK:0.09041 MID:0.090405 P1:0.090405 P2:0.090405 P3:0.090405 P4:0.090405 STATE:IDLE
[2026-05-16 09:30:17Z] CHK MOM:0.04% RANGE:0.06% UP:27.77% SPREAD:0.01106194% BID:0.0904 ASK:0.09041 MID:0.090405 P1:0.090405 P2:0.090405 P3:0.090405 P4:0.090405 STATE:IDLE
[2026-05-16 09:30:18Z] CHK MOM:0.05% RANGE:0.06% UP:29.41% SPREAD:0.01106194% BID:0.0904 ASK:0.09041 MID:0.090405 P1:0.090405 P2:0.090405 P3:0.090405 P4:0.090405 STATE:IDLE
[2026-05-16 09:30:18Z] CHK MOM:0.04% RANGE:0.04% UP:23.52% SPREAD:0.01106194% BID:0.0904 ASK:0.09041 MID:0.090405 P1:0.090405 P2:0.090405 P3:0.090405 P4:0.090405 STATE:IDLE
[2026-05-16 09:30:19Z] CHK MOM:0.04% RANGE:0.04% UP:23.52% SPREAD:0.01106194% BID:0.0904 ASK:0.09041 MID:0.090405 P1:0.090405 P2:0.090405 P3:0.090405 P4:0.090405 STATE:IDLE
[2026-05-16 09:30:19Z] CHK MOM:0.04% RANGE:0.04% UP:25% SPREAD:0.01106194% BID:0.0904 ASK:0.09041 MID:0.090405 P1:0.090405 P2:0.090405 P3:0.090405 P4:0.090405 STATE:IDLE
[2026-05-16 09:30:20Z] CHK MOM:0.04% RANGE:0.04% UP:23.52% SPREAD:0.01106194% BID:0.0904 ASK:0.09041 MID:0.090405 P1:0.090405 P2:0.090405 P3:0.090405 P4:0.090405 STATE:IDLE
[2026-05-16 09:30:20Z] CHK MOM:0.02% RANGE:0.03% UP:18.75% SPREAD:0.01106194% BID:0.0904 ASK:0.09041 MID:0.090405 P1:0.090405 P2:0.090405 P3:0.090405 P4:0.090405 STATE:IDLE
[2026-05-16 09:30:21Z] CHK MOM:0.02% RANGE:0.03% UP:18.75% SPREAD:0.01106194% BID:0.0904 ASK:0.09041 MID:0.090405 P1:0.090405 P2:0.090405 P3:0.090405 P4:0.090405 STATE:IDLE
[2026-05-16 09:30:21Z] CHK MOM:0.03% RANGE:0.04% UP:23.52% SPREAD:0.01106072% BID:0.09041 ASK:0.09042 MID:0.090415 P1:0.090415 P2:0.090405 P3:0.090405 P4:0.090405 STATE:IDLE
[2026-05-16 09:30:22Z] CHK MOM:0.05% RANGE:0.05% UP:29.41% SPREAD:0.0110595% BID:0.09042 ASK:0.09043 MID:0.090425 P1:0.090425 P2:0.090415 P3:0.090405 P4:0.090405 STATE:IDLE
[2026-05-16 09:30:22Z] CHK MOM:0.05% RANGE:0.05% UP:27.77% SPREAD:0.0110595% BID:0.09042 ASK:0.09043 MID:0.090425 P1:0.090425 P2:0.090425 P3:0.090415 P4:0.090405 STATE:IDLE
[2026-05-16 09:30:23Z] CHK MOM:0.05% RANGE:0.05% UP:27.77% SPREAD:0.0110595% BID:0.09042 ASK:0.09043 MID:0.090425 P1:0.090425 P2:0.090425 P3:0.090415 P4:0.090405 STATE:IDLE
[2026-05-16 09:30:23Z] CHK MOM:0.03% RANGE:0.04% UP:25% SPREAD:0.02212144% BID:0.09041 ASK:0.09043 MID:0.09042 P1:0.09042 P2:0.090425 P3:0.090425 P4:0.090415 STATE:IDLE
[2026-05-16 09:30:24Z] CHK MOM:0.01% RANGE:0.02% UP:18.75% SPREAD:0.02212144% BID:0.09041 ASK:0.09043 MID:0.09042 P1:0.09042 P2:0.09042 P3:0.090425 P4:0.090425 STATE:IDLE
[2026-05-16 09:30:25Z] CHK MOM:0.01% RANGE:0.02% UP:12.5% SPREAD:0.02212144% BID:0.09041 ASK:0.09043 MID:0.09042 P1:0.09042 P2:0.09042 P3:0.09042 P4:0.090425 STATE:IDLE
[2026-05-16 09:30:25Z] CHK MOM:0.01% RANGE:0.02% UP:12.5% SPREAD:0.02212144% BID:0.09041 ASK:0.09043 MID:0.09042 P1:0.09042 P2:0.09042 P3:0.09042 P4:0.090425 STATE:IDLE
[2026-05-16 09:30:26Z] CHK MOM:0.01% RANGE:0.02% UP:12.5% SPREAD:0.02212144% BID:0.09041 ASK:0.09043 MID:0.09042 P1:0.09042 P2:0.09042 P3:0.09042 P4:0.090425 STATE:IDLE
[2026-05-16 09:30:26Z] CHK MOM:0.01% RANGE:0.02% UP:13.33% SPREAD:0.02212144% BID:0.09041 ASK:0.09043 MID:0.09042 P1:0.09042 P2:0.09042 P3:0.09042 P4:0.09042 STATE:IDLE
[2026-05-16 09:30:27Z] CHK MOM:0.01% RANGE:0.02% UP:14.28% SPREAD:0.02212144% BID:0.09041 ASK:0.09043 MID:0.09042 P1:0.09042 P2:0.09042 P3:0.09042 P4:0.09042 STATE:IDLE
[2026-05-16 09:30:28Z] CHK MOM:0.01% RANGE:0.02% UP:14.28% SPREAD:0.02212144% BID:0.09041 ASK:0.09043 MID:0.09042 P1:0.09042 P2:0.09042 P3:0.09042 P4:0.09042 STATE:IDLE
[2026-05-16 09:30:28Z] CHK MOM:0.01% RANGE:0.02% UP:14.28% SPREAD:0.02212144% BID:0.09041 ASK:0.09043 MID:0.09042 P1:0.09042 P2:0.09042 P3:0.09042 P4:0.09042 STATE:IDLE
[2026-05-16 09:30:29Z] CHK MOM:0.02% RANGE:0.02% UP:23.07% SPREAD:0.0110595% BID:0.09042 ASK:0.09043 MID:0.090425 P1:0.090425 P2:0.09042 P3:0.09042 P4:0.09042 STATE:IDLE
[2026-05-16 09:30:29Z] CHK MOM:0.03% RANGE:0.03% UP:28.57% SPREAD:0.01105827% BID:0.09043 ASK:0.09044 MID:0.090435 P1:0.090435 P2:0.090425 P3:0.09042 P4:0.09042 STATE:IDLE
[2026-05-16 09:30:30Z] CHK MOM:0.03% RANGE:0.03% UP:28.57% SPREAD:0.01105827% BID:0.09043 ASK:0.09044 MID:0.090435 P1:0.090435 P2:0.090435 P3:0.090425 P4:0.09042 STATE:IDLE
[2026-05-16 09:30:30Z] CHK MOM:0.02% RANGE:0.03% UP:28.57% SPREAD:0.0110595% BID:0.09042 ASK:0.09043 MID:0.090425 P1:0.090425 P2:0.090435 P3:0.090435 P4:0.090425 STATE:IDLE
[2026-05-16 09:30:31Z] CHK MOM:0.02% RANGE:0.03% UP:26.66% SPREAD:0.0110595% BID:0.09042 ASK:0.09043 MID:0.090425 P1:0.090425 P2:0.090425 P3:0.090435 P4:0.090435 STATE:IDLE
[2026-05-16 09:30:31Z] CHK MOM:0.02% RANGE:0.03% UP:28.57% SPREAD:0.0110595% BID:0.09042 ASK:0.09043 MID:0.090425 P1:0.090425 P2:0.090425 P3:0.090425 P4:0.090435 STATE:IDLE
[2026-05-16 09:30:32Z] CHK MOM:0.02% RANGE:0.03% UP:28.57% SPREAD:0.0110595% BID:0.09042 ASK:0.09043 MID:0.090425 P1:0.090425 P2:0.090425 P3:0.090425 P4:0.090435 STATE:IDLE
[2026-05-16 09:30:32Z] CHK MOM:0.02% RANGE:0.03% UP:28.57% SPREAD:0.0110595% BID:0.09042 ASK:0.09043 MID:0.090425 P1:0.090425 P2:0.090425 P3:0.090425 P4:0.090435 STATE:IDLE
[2026-05-16 09:30:33Z] CHK MOM:0.01% RANGE:0.02% UP:21.42% SPREAD:0.0110595% BID:0.09042 ASK:0.09043 MID:0.090425 P1:0.090425 P2:0.090425 P3:0.090425 P4:0.090425 STATE:IDLE
[2026-05-16 09:30:33Z] CHK MOM:0.01% RANGE:0.02% UP:21.42% SPREAD:0.0110595% BID:0.09042 ASK:0.09043 MID:0.090425 P1:0.090425 P2:0.090425 P3:0.090425 P4:0.090425 STATE:IDLE
[2026-05-16 09:30:34Z] CHK MOM:0% RANGE:0.01% UP:14.28% SPREAD:0.0110595% BID:0.09042 ASK:0.09043 MID:0.090425 P1:0.090425 P2:0.090425 P3:0.090425 P4:0.090425 STATE:IDLE
[2026-05-16 09:30:34Z] CHK MOM:0% RANGE:0.01% UP:14.28% SPREAD:0.0110595% BID:0.09042 ASK:0.09043 MID:0.090425 P1:0.090425 P2:0.090425 P3:0.090425 P4:0.090425 STATE:IDLE
[2026-05-16 09:30:35Z] CHK MOM:0% RANGE:0.01% UP:14.28% SPREAD:0.0110595% BID:0.09042 ASK:0.09043 MID:0.090425 P1:0.090425 P2:0.090425 P3:0.090425 P4:0.090425 STATE:IDLE
[2026-05-16 09:30:36Z] CHK MOM:0% RANGE:0.01% UP:15.38% SPREAD:0.0110595% BID:0.09042 ASK:0.09043 MID:0.090425 P1:0.090425 P2:0.090425 P3:0.090425 P4:0.090425 STATE:IDLE
[2026-05-16 09:30:36Z] CHK MOM:0% RANGE:0.01% UP:15.38% SPREAD:0.0110595% BID:0.09042 ASK:0.09043 MID:0.090425 P1:0.090425 P2:0.090425 P3:0.090425 P4:0.090425 STATE:IDLE
[2026-05-16 09:30:37Z] CHK MOM:0% RANGE:0.01% UP:15.38% SPREAD:0.0110595% BID:0.09042 ASK:0.09043 MID:0.090425 P1:0.090425 P2:0.090425 P3:0.090425 P4:0.090425 STATE:IDLE
[2026-05-16 09:30:37Z] CHK MOM:0% RANGE:0.01% UP:15.38% SPREAD:0.0110595% BID:0.09042 ASK:0.09043 MID:0.090425 P1:0.090425 P2:0.090425 P3:0.090425 P4:0.090425 STATE:IDLE
[2026-05-16 09:30:38Z] CHK MOM:0% RANGE:0.01% UP:15.38% SPREAD:0.0110595% BID:0.09042 ASK:0.09043 MID:0.090425 P1:0.090425 P2:0.090425 P3:0.090425 P4:0.090425 STATE:IDLE
[2026-05-16 09:30:38Z] CHK MOM:0% RANGE:0.01% UP:15.38% SPREAD:0.0110595% BID:0.09042 ASK:0.09043 MID:0.090425 P1:0.090425 P2:0.090425 P3:0.090425 P4:0.090425 STATE:IDLE
[2026-05-16 09:30:39Z] CHK MOM:0.01% RANGE:0.01% UP:20% SPREAD:0.01105827% BID:0.09043 ASK:0.09044 MID:0.090435 P1:0.090435 P2:0.090425 P3:0.090425 P4:0.090425 STATE:IDLE
[2026-05-16 09:30:40Z] CHK MOM:0.01% RANGE:0.01% UP:18.18% SPREAD:0.01105827% BID:0.09043 ASK:0.09044 MID:0.090435 P1:0.090435 P2:0.090435 P3:0.090425 P4:0.090425 STATE:IDLE
[2026-05-16 09:30:41Z] CHK MOM:0% RANGE:0.01% UP:9.09% SPREAD:0.01105827% BID:0.09043 ASK:0.09044 MID:0.090435 P1:0.090435 P2:0.090435 P3:0.090435 P4:0.090425 STATE:IDLE
[2026-05-16 09:30:41Z] CHK MOM:-0.01% RANGE:0.01% UP:9.09% SPREAD:0.0110595% BID:0.09042 ASK:0.09043 MID:0.090425 P1:0.090425 P2:0.090435 P3:0.090435 P4:0.090435 STATE:IDLE
[2026-05-16 09:30:42Z] CHK MOM:0% RANGE:0.01% UP:9.09% SPREAD:0.0110595% BID:0.09042 ASK:0.09043 MID:0.090425 P1:0.090425 P2:0.090425 P3:0.090435 P4:0.090435 STATE:IDLE
[2026-05-16 09:30:42Z] CHK MOM:0% RANGE:0.01% UP:8.33% SPREAD:0.0110595% BID:0.09042 ASK:0.09043 MID:0.090425 P1:0.090425 P2:0.090425 P3:0.090425 P4:0.090435 STATE:IDLE
[2026-05-16 09:30:43Z] CHK MOM:0% RANGE:0.01% UP:9.09% SPREAD:0.0110595% BID:0.09042 ASK:0.09043 MID:0.090425 P1:0.090425 P2:0.090425 P3:0.090425 P4:0.090425 STATE:IDLE
[2026-05-16 09:30:43Z] CHK MOM:0% RANGE:0.01% UP:9.09% SPREAD:0.0110595% BID:0.09042 ASK:0.09043 MID:0.090425 P1:0.090425 P2:0.090425 P3:0.090425 P4:0.090425 STATE:IDLE
[2026-05-16 09:30:44Z] CHK MOM:0% RANGE:0.01% UP:9.09% SPREAD:0.0110595% BID:0.09042 ASK:0.09043 MID:0.090425 P1:0.090425 P2:0.090425 P3:0.090425 P4:0.090425 STATE:IDLE
[2026-05-16 09:30:44Z] CHK MOM:0% RANGE:0.01% UP:9.09% SPREAD:0.0110595% BID:0.09042 ASK:0.09043 MID:0.090425 P1:0.090425 P2:0.090425 P3:0.090425 P4:0.090425 STATE:IDLE
[2026-05-16 09:30:45Z] CHK MOM:0% RANGE:0.01% UP:9.09% SPREAD:0.0110595% BID:0.09042 ASK:0.09043 MID:0.090425 P1:0.090425 P2:0.090425 P3:0.090425 P4:0.090425 STATE:IDLE
[2026-05-16 09:30:45Z] CHK MOM:0% RANGE:0.01% UP:10% SPREAD:0.02212144% BID:0.09041 ASK:0.09043 MID:0.09042 P1:0.09042 P2:0.090425 P3:0.090425 P4:0.090425 STATE:IDLE
[2026-05-16 09:30:46Z] CHK MOM:-0.01% RANGE:0.02% UP:10% SPREAD:0.02212389% BID:0.0904 ASK:0.09042 MID:0.09040999 P1:0.09040999 P2:0.09042 P3:0.090425 P4:0.090425 STATE:IDLE
[2026-05-16 09:30:47Z] CHK MOM:-0.02% RANGE:0.03% UP:10% SPREAD:0.03318951% BID:0.09039 ASK:0.09042 MID:0.090405 P1:0.090405 P2:0.09040999 P3:0.09042 P4:0.090425 STATE:IDLE
[2026-05-16 09:30:47Z] CHK MOM:-0.02% RANGE:0.03% UP:9.09% SPREAD:0.03318951% BID:0.09039 ASK:0.09042 MID:0.090405 P1:0.090405 P2:0.090405 P3:0.09040999 P4:0.09042 STATE:IDLE
[2026-05-16 09:30:48Z] CHK MOM:-0.02% RANGE:0.03% UP:9.09% SPREAD:0.03318951% BID:0.09039 ASK:0.09042 MID:0.090405 P1:0.090405 P2:0.090405 P3:0.09040999 P4:0.09042 STATE:IDLE
[2026-05-16 09:30:48Z] CHK MOM:-0.02% RANGE:0.03% UP:9.09% SPREAD:0.02212389% BID:0.0904 ASK:0.09042 MID:0.09040999 P1:0.09040999 P2:0.090405 P3:0.090405 P4:0.09040999 STATE:IDLE
[2026-05-16 09:30:49Z] CHK MOM:-0.02% RANGE:0.03% UP:9.09% SPREAD:0.02212389% BID:0.0904 ASK:0.09042 MID:0.09040999 P1:0.09040999 P2:0.090405 P3:0.090405 P4:0.09040999 STATE:IDLE
[2026-05-16 09:30:49Z] CHK MOM:-0.02% RANGE:0.03% UP:9.09% SPREAD:0.02212389% BID:0.0904 ASK:0.09042 MID:0.09040999 P1:0.09040999 P2:0.090405 P3:0.090405 P4:0.09040999 STATE:IDLE
[2026-05-16 09:30:50Z] CHK MOM:-0.02% RANGE:0.03% UP:9.09% SPREAD:0.02212389% BID:0.0904 ASK:0.09042 MID:0.09040999 P1:0.09040999 P2:0.090405 P3:0.090405 P4:0.09040999 STATE:IDLE
[2026-05-16 09:30:50Z] CHK MOM:-0.03% RANGE:0.03% UP:8.33% SPREAD:0.03318951% BID:0.09039 ASK:0.09042 MID:0.090405 P1:0.090405 P2:0.09040999 P3:0.090405 P4:0.090405 STATE:IDLE
[2026-05-16 09:30:51Z] CHK MOM:-0.03% RANGE:0.03% UP:7.69% SPREAD:0.03318951% BID:0.09039 ASK:0.09042 MID:0.090405 P1:0.090405 P2:0.090405 P3:0.09040999 P4:0.090405 STATE:IDLE
[2026-05-16 09:30:52Z] CHK MOM:-0.03% RANGE:0.03% UP:7.69% SPREAD:0.03318951% BID:0.09039 ASK:0.09042 MID:0.090405 P1:0.090405 P2:0.090405 P3:0.09040999 P4:0.090405 STATE:IDLE
[2026-05-16 09:30:52Z] CHK MOM:-0.02% RANGE:0.03% UP:16.66% SPREAD:0.02212389% BID:0.0904 ASK:0.09042 MID:0.09040999 P1:0.09040999 P2:0.090405 P3:0.090405 P4:0.09040999 STATE:IDLE
[2026-05-16 09:30:53Z] CHK MOM:-0.02% RANGE:0.02% UP:16.66% SPREAD:0.01106194% BID:0.0904 ASK:0.09041 MID:0.090405 P1:0.090405 P2:0.09040999 P3:0.090405 P4:0.090405 STATE:IDLE
[2026-05-16 09:30:53Z] CHK MOM:-0.02% RANGE:0.02% UP:15.38% SPREAD:0.01106194% BID:0.0904 ASK:0.09041 MID:0.090405 P1:0.090405 P2:0.090405 P3:0.09040999 P4:0.090405 STATE:IDLE
[2026-05-16 09:30:54Z] CHK MOM:-0.02% RANGE:0.02% UP:16.66% SPREAD:0.01106194% BID:0.0904 ASK:0.09041 MID:0.090405 P1:0.090405 P2:0.090405 P3:0.090405 P4:0.09040999 STATE:IDLE
[2026-05-16 09:30:54Z] CHK MOM:-0.02% RANGE:0.02% UP:16.66% SPREAD:0.01106194% BID:0.0904 ASK:0.09041 MID:0.090405 P1:0.090405 P2:0.090405 P3:0.090405 P4:0.09040999 STATE:IDLE
[2026-05-16 09:30:55Z] CHK MOM:-0.02% RANGE:0.02% UP:16.66% SPREAD:0.01106194% BID:0.0904 ASK:0.09041 MID:0.090405 P1:0.090405 P2:0.090405 P3:0.090405 P4:0.09040999 STATE:IDLE
[2026-05-16 09:30:55Z] CHK MOM:-0.01% RANGE:0.01% UP:18.18% SPREAD:0.01106194% BID:0.0904 ASK:0.09041 MID:0.090405 P1:0.090405 P2:0.090405 P3:0.090405 P4:0.090405 STATE:IDLE
[2026-05-16 09:30:56Z] CHK MOM:-0.01% RANGE:0.01% UP:18.18% SPREAD:0.01106194% BID:0.0904 ASK:0.09041 MID:0.090405 P1:0.090405 P2:0.090405 P3:0.090405 P4:0.090405 STATE:IDLE
[2026-05-16 09:30:57Z] CHK MOM:-0.01% RANGE:0.01% UP:16.66% SPREAD:0.01106194% BID:0.0904 ASK:0.09041 MID:0.090405 P1:0.090405 P2:0.090405 P3:0.090405 P4:0.090405 STATE:IDLE
[2026-05-16 09:30:57Z] CHK MOM:-0.01% RANGE:0.01% UP:16.66% SPREAD:0.01106194% BID:0.0904 ASK:0.09041 MID:0.090405 P1:0.090405 P2:0.090405 P3:0.090405 P4:0.090405 STATE:IDLE
[2026-05-16 09:30:58Z] CHK MOM:-0.01% RANGE:0.01% UP:16.66% SPREAD:0.01106194% BID:0.0904 ASK:0.09041 MID:0.090405 P1:0.090405 P2:0.090405 P3:0.090405 P4:0.090405 STATE:IDLE
[2026-05-16 09:30:58Z] CHK MOM:-0.01% RANGE:0.01% UP:16.66% SPREAD:0.01106194% BID:0.0904 ASK:0.09041 MID:0.090405 P1:0.090405 P2:0.090405 P3:0.090405 P4:0.090405 STATE:IDLE
[2026-05-16 09:30:59Z] CHK MOM:0% RANGE:0% UP:18.18% SPREAD:0.01106194% BID:0.0904 ASK:0.09041 MID:0.090405 P1:0.090405 P2:0.090405 P3:0.090405 P4:0.090405 STATE:IDLE
[2026-05-16 09:30:59Z] CHK MOM:-0.01% RANGE:0.01% UP:10% SPREAD:0.02212634% BID:0.09039 ASK:0.09041 MID:0.0904 P1:0.0904 P2:0.090405 P3:0.090405 P4:0.090405 STATE:IDLE
[2026-05-16 09:31:00Z] CHK MOM:0% RANGE:0.01% UP:18.18% SPREAD:0.02212389% BID:0.0904 ASK:0.09042 MID:0.09040999 P1:0.09040999 P2:0.0904 P3:0.090405 P4:0.090405 STATE:IDLE
[2026-05-16 09:31:00Z] CHK MOM:0% RANGE:0.01% UP:18.18% SPREAD:0.02212389% BID:0.0904 ASK:0.09042 MID:0.09040999 P1:0.09040999 P2:0.09040999 P3:0.0904 P4:0.090405 STATE:IDLE
[2026-05-16 09:31:01Z] CHK MOM:0.01% RANGE:0.01% UP:25% SPREAD:0.01106072% BID:0.09041 ASK:0.09042 MID:0.090415 P1:0.090415 P2:0.09040999 P3:0.09040999 P4:0.0904 STATE:IDLE
[2026-05-16 09:31:01Z] CHK MOM:0.01% RANGE:0.01% UP:23.07% SPREAD:0.01106072% BID:0.09041 ASK:0.09042 MID:0.090415 P1:0.090415 P2:0.090415 P3:0.09040999 P4:0.09040999 STATE:IDLE
[2026-05-16 09:31:02Z] CHK MOM:0.01% RANGE:0.01% UP:23.07% SPREAD:0.01106072% BID:0.09041 ASK:0.09042 MID:0.090415 P1:0.090415 P2:0.090415 P3:0.09040999 P4:0.09040999 STATE:IDLE
[2026-05-16 09:31:03Z] CHK MOM:0.01% RANGE:0.01% UP:23.07% SPREAD:0.01106072% BID:0.09041 ASK:0.09042 MID:0.090415 P1:0.090415 P2:0.090415 P3:0.090415 P4:0.09040999 STATE:IDLE
[2026-05-16 09:31:03Z] CHK MOM:0.01% RANGE:0.01% UP:23.07% SPREAD:0.01106072% BID:0.09041 ASK:0.09042 MID:0.090415 P1:0.090415 P2:0.090415 P3:0.090415 P4:0.09040999 STATE:IDLE
[2026-05-16 09:31:04Z] CHK MOM:0.01% RANGE:0.01% UP:23.07% SPREAD:0.01106072% BID:0.09041 ASK:0.09042 MID:0.090415 P1:0.090415 P2:0.090415 P3:0.090415 P4:0.09040999 STATE:IDLE
[2026-05-16 09:31:04Z] CHK MOM:0.02% RANGE:0.02% UP:25% SPREAD:0.0110595% BID:0.09042 ASK:0.09043 MID:0.090425 P1:0.090425 P2:0.090415 P3:0.090415 P4:0.090415 STATE:IDLE
[2026-05-16 09:31:05Z] CHK MOM:0.02% RANGE:0.02% UP:25% SPREAD:0.0110595% BID:0.09042 ASK:0.09043 MID:0.090425 P1:0.090425 P2:0.090415 P3:0.090415 P4:0.090415 STATE:IDLE
[2026-05-16 09:31:05Z] CHK MOM:0.03% RANGE:0.03% UP:33.33% SPREAD:0.01105827% BID:0.09043 ASK:0.09044 MID:0.090435 P1:0.090435 P2:0.090425 P3:0.090415 P4:0.090415 STATE:IDLE
[2026-05-16 09:31:06Z] CHK MOM:0.03% RANGE:0.03% UP:33.33% SPREAD:0.01105827% BID:0.09043 ASK:0.09044 MID:0.090435 P1:0.090435 P2:0.090425 P3:0.090415 P4:0.090415 STATE:IDLE
[2026-05-16 09:31:06Z] CHK MOM:0.03% RANGE:0.03% UP:33.33% SPREAD:0.01105827% BID:0.09043 ASK:0.09044 MID:0.090435 P1:0.090435 P2:0.090425 P3:0.090415 P4:0.090415 STATE:IDLE
[2026-05-16 09:31:07Z] CHK MOM:0.03% RANGE:0.03% UP:33.33% SPREAD:0.01105827% BID:0.09043 ASK:0.09044 MID:0.090435 P1:0.090435 P2:0.090425 P3:0.090415 P4:0.090415 STATE:IDLE
[2026-05-16 09:31:08Z] CHK MOM:0% RANGE:0.03% UP:40% SPREAD:0.01106194% BID:0.0904 ASK:0.09041 MID:0.090405 P1:0.090405 P2:0.090435 P3:0.090425 P4:0.090415 STATE:IDLE
[2026-05-16 09:31:08Z] CHK MOM:0% RANGE:0.03% UP:36.36% SPREAD:0.01106194% BID:0.0904 ASK:0.09041 MID:0.090405 P1:0.090405 P2:0.090405 P3:0.090435 P4:0.090425 STATE:IDLE
[2026-05-16 09:31:09Z] CHK MOM:0% RANGE:0.03% UP:36.36% SPREAD:0.01106194% BID:0.0904 ASK:0.09041 MID:0.090405 P1:0.090405 P2:0.090405 P3:0.090405 P4:0.090435 STATE:IDLE
[2026-05-16 09:31:09Z] CHK MOM:0% RANGE:0.03% UP:33.33% SPREAD:0.01106194% BID:0.0904 ASK:0.09041 MID:0.090405 P1:0.090405 P2:0.090405 P3:0.090405 P4:0.090405 STATE:IDLE
[2026-05-16 09:31:10Z] CHK MOM:0% RANGE:0.03% UP:30.76% SPREAD:0.01106194% BID:0.0904 ASK:0.09041 MID:0.090405 P1:0.090405 P2:0.090405 P3:0.090405 P4:0.090405 STATE:IDLE
[2026-05-16 09:31:10Z] CHK MOM:0% RANGE:0.03% UP:28.57% SPREAD:0.01106194% BID:0.0904 ASK:0.09041 MID:0.090405 P1:0.090405 P2:0.090405 P3:0.090405 P4:0.090405 STATE:IDLE
[2026-05-16 09:31:11Z] CHK MOM:0% RANGE:0.03% UP:28.57% SPREAD:0.01106194% BID:0.0904 ASK:0.09041 MID:0.090405 P1:0.090405 P2:0.090405 P3:0.090405 P4:0.090405 STATE:IDLE
[2026-05-16 09:31:11Z] CHK MOM:0.03% RANGE:0.03% UP:33.33% SPREAD:0.022119% BID:0.09042 ASK:0.09044 MID:0.09043 P1:0.09043 P2:0.090405 P3:0.090405 P4:0.090405 STATE:IDLE
[2026-05-16 09:31:12Z] CHK MOM:0.03% RANGE:0.03% UP:33.33% SPREAD:0.022119% BID:0.09042 ASK:0.09044 MID:0.09043 P1:0.09043 P2:0.090405 P3:0.090405 P4:0.090405 STATE:IDLE
[2026-05-16 09:31:13Z] CHK MOM:0.01% RANGE:0.03% UP:28.57% SPREAD:0.0110595% BID:0.09042 ASK:0.09043 MID:0.090425 P1:0.090425 P2:0.09043 P3:0.090405 P4:0.090405 STATE:IDLE
[2026-05-16 09:31:13Z] CHK MOM:0.01% RANGE:0.03% UP:23.07% SPREAD:0.0110595% BID:0.09042 ASK:0.09043 MID:0.090425 P1:0.090425 P2:0.090425 P3:0.09043 P4:0.090405 STATE:IDLE
[2026-05-16 09:31:14Z] CHK MOM:0.01% RANGE:0.03% UP:23.07% SPREAD:0.0110595% BID:0.09042 ASK:0.09043 MID:0.090425 P1:0.090425 P2:0.090425 P3:0.09043 P4:0.090405 STATE:IDLE
[2026-05-16 09:31:14Z] CHK MOM:0.01% RANGE:0.03% UP:30.76% SPREAD:0.022119% BID:0.09042 ASK:0.09044 MID:0.09043 P1:0.09043 P2:0.090425 P3:0.090425 P4:0.09043 STATE:IDLE
[2026-05-16 09:31:15Z] CHK MOM:0% RANGE:0.03% UP:23.07% SPREAD:0.0110595% BID:0.09042 ASK:0.09043 MID:0.090425 P1:0.090425 P2:0.09043 P3:0.090425 P4:0.090425 STATE:IDLE
[2026-05-16 09:31:15Z] CHK MOM:-0.01% RANGE:0.03% UP:21.42% SPREAD:0.01106072% BID:0.09041 ASK:0.09042 MID:0.090415 P1:0.090415 P2:0.090425 P3:0.09043 P4:0.090425 STATE:IDLE
[2026-05-16 09:31:16Z] CHK MOM:-0.01% RANGE:0.03% UP:21.42% SPREAD:0.01106072% BID:0.09041 ASK:0.09042 MID:0.090415 P1:0.090415 P2:0.090425 P3:0.09043 P4:0.090425 STATE:IDLE
[2026-05-16 09:31:16Z] CHK MOM:-0.01% RANGE:0.03% UP:20% SPREAD:0.01106072% BID:0.09041 ASK:0.09042 MID:0.090415 P1:0.090415 P2:0.090415 P3:0.090425 P4:0.09043 STATE:IDLE
[2026-05-16 09:31:17Z] CHK MOM:-0.01% RANGE:0.03% UP:20% SPREAD:0.01106072% BID:0.09041 ASK:0.09042 MID:0.090415 P1:0.090415 P2:0.090415 P3:0.090425 P4:0.09043 STATE:IDLE
[2026-05-16 09:31:17Z] CHK MOM:-0.01% RANGE:0.03% UP:20% SPREAD:0.01106072% BID:0.09041 ASK:0.09042 MID:0.090415 P1:0.090415 P2:0.090415 P3:0.090425 P4:0.09043 STATE:IDLE
[2026-05-16 09:31:18Z] CHK MOM:-0.01% RANGE:0.03% UP:20% SPREAD:0.01106072% BID:0.09041 ASK:0.09042 MID:0.090415 P1:0.090415 P2:0.090415 P3:0.090425 P4:0.09043 STATE:IDLE
[2026-05-16 09:31:19Z] CHK MOM:-0.01% RANGE:0.03% UP:20% SPREAD:0.01106072% BID:0.09041 ASK:0.09042 MID:0.090415 P1:0.090415 P2:0.090415 P3:0.090425 P4:0.09043 STATE:IDLE
[2026-05-16 09:31:19Z] CHK MOM:0.01% RANGE:0.02% UP:14.28% SPREAD:0.01106072% BID:0.09041 ASK:0.09042 MID:0.090415 P1:0.090415 P2:0.090415 P3:0.090415 P4:0.090425 STATE:IDLE
[2026-05-16 09:31:20Z] CHK MOM:0.01% RANGE:0.02% UP:14.28% SPREAD:0.01106072% BID:0.09041 ASK:0.09042 MID:0.090415 P1:0.090415 P2:0.090415 P3:0.090415 P4:0.090425 STATE:IDLE
[2026-05-16 09:31:20Z] CHK MOM:0.01% RANGE:0.02% UP:14.28% SPREAD:0.01106072% BID:0.09041 ASK:0.09042 MID:0.090415 P1:0.090415 P2:0.090415 P3:0.090415 P4:0.090415 STATE:IDLE
[2026-05-16 09:31:21Z] CHK MOM:0.01% RANGE:0.02% UP:14.28% SPREAD:0.01106072% BID:0.09041 ASK:0.09042 MID:0.090415 P1:0.090415 P2:0.090415 P3:0.090415 P4:0.090415 STATE:IDLE
[2026-05-16 09:31:21Z] CHK MOM:0.01% RANGE:0.02% UP:14.28% SPREAD:0.01106072% BID:0.09041 ASK:0.09042 MID:0.090415 P1:0.090415 P2:0.090415 P3:0.090415 P4:0.090415 STATE:IDLE
[2026-05-16 09:31:22Z] CHK MOM:0.01% RANGE:0.02% UP:14.28% SPREAD:0.01106072% BID:0.09041 ASK:0.09042 MID:0.090415 P1:0.090415 P2:0.090415 P3:0.090415 P4:0.090415 STATE:IDLE
[2026-05-16 09:31:22Z] CHK MOM:0.01% RANGE:0.02% UP:18.18% SPREAD:0.01106072% BID:0.09041 ASK:0.09042 MID:0.090415 P1:0.090415 P2:0.090415 P3:0.090415 P4:0.090415 STATE:IDLE
[2026-05-16 09:31:23Z] CHK MOM:0.01% RANGE:0.02% UP:18.18% SPREAD:0.01106072% BID:0.09041 ASK:0.09042 MID:0.090415 P1:0.090415 P2:0.090415 P3:0.090415 P4:0.090415 STATE:IDLE
[2026-05-16 09:31:24Z] CHK MOM:-0.01% RANGE:0.01% UP:10% SPREAD:0.01106072% BID:0.09041 ASK:0.09042 MID:0.090415 P1:0.090415 P2:0.090415 P3:0.090415 P4:0.090415 STATE:IDLE
[2026-05-16 09:31:24Z] CHK MOM:-0.01% RANGE:0.01% UP:10% SPREAD:0.01106072% BID:0.09041 ASK:0.09042 MID:0.090415 P1:0.090415 P2:0.090415 P3:0.090415 P4:0.090415 STATE:IDLE
[2026-05-16 09:31:25Z] CHK MOM:-0.01% RANGE:0.01% UP:10% SPREAD:0.01106072% BID:0.09041 ASK:0.09042 MID:0.090415 P1:0.090415 P2:0.090415 P3:0.090415 P4:0.090415 STATE:IDLE
[2026-05-16 09:31:25Z] CHK MOM:-0.01% RANGE:0.01% UP:10% SPREAD:0.01106072% BID:0.09041 ASK:0.09042 MID:0.090415 P1:0.090415 P2:0.090415 P3:0.090415 P4:0.090415 STATE:IDLE
[2026-05-16 09:31:26Z] CHK MOM:-0.02% RANGE:0.02% UP:0% SPREAD:0.01106194% BID:0.0904 ASK:0.09041 MID:0.090405 P1:0.090405 P2:0.090415 P3:0.090415 P4:0.090415 STATE:IDLE
[2026-05-16 09:31:26Z] CHK MOM:-0.02% RANGE:0.02% UP:0% SPREAD:0.01106194% BID:0.0904 ASK:0.09041 MID:0.090405 P1:0.090405 P2:0.090405 P3:0.090415 P4:0.090415 STATE:IDLE
[2026-05-16 09:31:27Z] CHK MOM:-0.02% RANGE:0.02% UP:0% SPREAD:0.01106194% BID:0.0904 ASK:0.09041 MID:0.090405 P1:0.090405 P2:0.090405 P3:0.090415 P4:0.090415 STATE:IDLE
[2026-05-16 09:31:27Z] CHK MOM:-0.02% RANGE:0.02% UP:0% SPREAD:0.01106194% BID:0.0904 ASK:0.09041 MID:0.090405 P1:0.090405 P2:0.090405 P3:0.090415 P4:0.090415 STATE:IDLE
[2026-05-16 09:31:28Z] CHK MOM:-0.01% RANGE:0.01% UP:0% SPREAD:0.01106194% BID:0.0904 ASK:0.09041 MID:0.090405 P1:0.090405 P2:0.090405 P3:0.090405 P4:0.090415 STATE:IDLE
[2026-05-16 09:31:28Z] CHK MOM:-0.01% RANGE:0.01% UP:0% SPREAD:0.01106194% BID:0.0904 ASK:0.09041 MID:0.090405 P1:0.090405 P2:0.090405 P3:0.090405 P4:0.090405 STATE:IDLE
[2026-05-16 09:31:29Z] CHK MOM:-0.01% RANGE:0.01% UP:0% SPREAD:0.01106194% BID:0.0904 ASK:0.09041 MID:0.090405 P1:0.090405 P2:0.090405 P3:0.090405 P4:0.090405 STATE:IDLE
[2026-05-16 09:31:30Z] CHK MOM:-0.01% RANGE:0.01% UP:0% SPREAD:0.01106194% BID:0.0904 ASK:0.09041 MID:0.090405 P1:0.090405 P2:0.090405 P3:0.090405 P4:0.090405 STATE:IDLE
[2026-05-16 09:31:30Z] CHK MOM:-0.01% RANGE:0.01% UP:0% SPREAD:0.01106194% BID:0.0904 ASK:0.09041 MID:0.090405 P1:0.090405 P2:0.090405 P3:0.090405 P4:0.090405 STATE:IDLE
[2026-05-16 09:31:31Z] CHK MOM:-0.01% RANGE:0.01% UP:0% SPREAD:0.01106194% BID:0.0904 ASK:0.09041 MID:0.090405 P1:0.090405 P2:0.090405 P3:0.090405 P4:0.090405 STATE:IDLE
[2026-05-16 09:31:31Z] CHK MOM:-0.01% RANGE:0.01% UP:0% SPREAD:0.01106194% BID:0.0904 ASK:0.09041 MID:0.090405 P1:0.090405 P2:0.090405 P3:0.090405 P4:0.090405 STATE:IDLE
[2026-05-16 09:31:32Z] CHK MOM:-0.01% RANGE:0.01% UP:0% SPREAD:0.01106194% BID:0.0904 ASK:0.09041 MID:0.090405 P1:0.090405 P2:0.090405 P3:0.090405 P4:0.090405 STATE:IDLE
[2026-05-16 09:31:32Z] CHK MOM:-0.01% RANGE:0.01% UP:0% SPREAD:0.02212634% BID:0.09039 ASK:0.09041 MID:0.0904 P1:0.0904 P2:0.090405 P3:0.090405 P4:0.090405 STATE:IDLE
[2026-05-16 09:31:33Z] CHK MOM:-0.01% RANGE:0.01% UP:0% SPREAD:0.02212634% BID:0.09039 ASK:0.09041 MID:0.0904 P1:0.0904 P2:0.0904 P3:0.090405 P4:0.090405 STATE:IDLE
[2026-05-16 09:31:33Z] CHK MOM:-0.01% RANGE:0.01% UP:0% SPREAD:0.02212634% BID:0.09039 ASK:0.09041 MID:0.0904 P1:0.0904 P2:0.0904 P3:0.0904 P4:0.090405 STATE:IDLE
[2026-05-16 09:31:34Z] CHK MOM:-0.01% RANGE:0.01% UP:0% SPREAD:0.02212634% BID:0.09039 ASK:0.09041 MID:0.0904 P1:0.0904 P2:0.0904 P3:0.0904 P4:0.090405 STATE:IDLE
[2026-05-16 09:31:35Z] CHK MOM:-0.01% RANGE:0.01% UP:0% SPREAD:0.02212634% BID:0.09039 ASK:0.09041 MID:0.0904 P1:0.0904 P2:0.0904 P3:0.0904 P4:0.0904 STATE:IDLE
[2026-05-16 09:31:35Z] CHK MOM:-0.01% RANGE:0.01% UP:0% SPREAD:0.02212634% BID:0.09039 ASK:0.09041 MID:0.0904 P1:0.0904 P2:0.0904 P3:0.0904 P4:0.0904 STATE:IDLE
[2026-05-16 09:31:36Z] CHK MOM:-0.01% RANGE:0.01% UP:0% SPREAD:0.02212634% BID:0.09039 ASK:0.09041 MID:0.0904 P1:0.0904 P2:0.0904 P3:0.0904 P4:0.0904 STATE:IDLE
[2026-05-16 09:31:36Z] CHK MOM:-0.01% RANGE:0.01% UP:0% SPREAD:0.02212634% BID:0.09039 ASK:0.09041 MID:0.0904 P1:0.0904 P2:0.0904 P3:0.0904 P4:0.0904 STATE:IDLE
[2026-05-16 09:31:37Z] CHK MOM:-0.01% RANGE:0.01% UP:0% SPREAD:0.02212634% BID:0.09039 ASK:0.09041 MID:0.0904 P1:0.0904 P2:0.0904 P3:0.0904 P4:0.0904 STATE:IDLE
[2026-05-16 09:31:37Z] CHK MOM:0% RANGE:0% UP:0% SPREAD:0.02212634% BID:0.09039 ASK:0.09041 MID:0.0904 P1:0.0904 P2:0.0904 P3:0.0904 P4:0.0904 STATE:IDLE
[2026-05-16 09:31:38Z] CHK MOM:0% RANGE:0% UP:7.69% SPREAD:0.01106194% BID:0.0904 ASK:0.09041 MID:0.090405 P1:0.090405 P2:0.0904 P3:0.0904 P4:0.0904 STATE:IDLE
[2026-05-16 09:31:38Z] CHK MOM:0% RANGE:0% UP:7.69% SPREAD:0.01106194% BID:0.0904 ASK:0.09041 MID:0.090405 P1:0.090405 P2:0.0904 P3:0.0904 P4:0.0904 STATE:IDLE
[2026-05-16 09:31:39Z] CHK MOM:0% RANGE:0% UP:8.33% SPREAD:0.01106194% BID:0.0904 ASK:0.09041 MID:0.090405 P1:0.090405 P2:0.090405 P3:0.0904 P4:0.0904 STATE:IDLE
[2026-05-16 09:31:39Z] CHK MOM:0.01% RANGE:0.02% UP:15.38% SPREAD:0.02212144% BID:0.09041 ASK:0.09043 MID:0.09042 P1:0.09042 P2:0.090405 P3:0.090405 P4:0.0904 STATE:IDLE
[2026-05-16 09:31:40Z] CHK MOM:0.01% RANGE:0.02% UP:15.38% SPREAD:0.02212144% BID:0.09041 ASK:0.09043 MID:0.09042 P1:0.09042 P2:0.090405 P3:0.090405 P4:0.0904 STATE:IDLE
[2026-05-16 09:31:41Z] CHK MOM:0.01% RANGE:0.02% UP:16.66% SPREAD:0.02212144% BID:0.09041 ASK:0.09043 MID:0.09042 P1:0.09042 P2:0.09042 P3:0.090405 P4:0.090405 STATE:IDLE
[2026-05-16 09:31:41Z] CHK MOM:0.01% RANGE:0.02% UP:16.66% SPREAD:0.02212144% BID:0.09041 ASK:0.09043 MID:0.09042 P1:0.09042 P2:0.09042 P3:0.090405 P4:0.090405 STATE:IDLE
[2026-05-16 09:31:42Z] CHK MOM:0.01% RANGE:0.02% UP:15.38% SPREAD:0.02212144% BID:0.09041 ASK:0.09043 MID:0.09042 P1:0.09042 P2:0.09042 P3:0.09042 P4:0.090405 STATE:IDLE
[2026-05-16 09:31:42Z] CHK MOM:0.03% RANGE:0.03% UP:25% SPREAD:0.01105827% BID:0.09043 ASK:0.09044 MID:0.090435 P1:0.090435 P2:0.09042 P3:0.09042 P4:0.09042 STATE:IDLE
[2026-05-16 09:31:43Z] CHK MOM:0.03% RANGE:0.03% UP:23.07% SPREAD:0.01105827% BID:0.09043 ASK:0.09044 MID:0.090435 P1:0.090435 P2:0.090435 P3:0.09042 P4:0.09042 STATE:IDLE
[2026-05-16 09:31:43Z] CHK MOM:0.03% RANGE:0.03% UP:23.07% SPREAD:0.01105827% BID:0.09043 ASK:0.09044 MID:0.090435 P1:0.090435 P2:0.090435 P3:0.09042 P4:0.09042 STATE:IDLE
[2026-05-16 09:31:44Z] CHK MOM:0.03% RANGE:0.03% UP:23.07% SPREAD:0.01105827% BID:0.09043 ASK:0.09044 MID:0.090435 P1:0.090435 P2:0.090435 P3:0.09042 P4:0.09042 STATE:IDLE
[2026-05-16 09:31:44Z] CHK MOM:0.03% RANGE:0.03% UP:23.07% SPREAD:0.01105827% BID:0.09043 ASK:0.09044 MID:0.090435 P1:0.090435 P2:0.090435 P3:0.09042 P4:0.09042 STATE:IDLE
[2026-05-16 09:31:45Z] CHK MOM:0.03% RANGE:0.03% UP:23.07% SPREAD:0.01105827% BID:0.09043 ASK:0.09044 MID:0.090435 P1:0.090435 P2:0.090435 P3:0.09042 P4:0.09042 STATE:IDLE
[2026-05-16 09:31:46Z] CHK MOM:0.03% RANGE:0.03% UP:23.07% SPREAD:0.01105827% BID:0.09043 ASK:0.09044 MID:0.090435 P1:0.090435 P2:0.090435 P3:0.09042 P4:0.09042 STATE:IDLE
[2026-05-16 09:31:50Z] CHK MOM:0.03% RANGE:0.03% UP:50% SPREAD:0.02211655% BID:0.09043 ASK:0.09045 MID:0.09043999 P1:0.09043999 P2:0.090435 P3:0.090435 P4:0.09042 STATE:IDLE
[2026-05-16 09:31:50Z] CHK MOM:0.03% RANGE:0.03% UP:50% SPREAD:0.02211655% BID:0.09043 ASK:0.09045 MID:0.09043999 P1:0.09043999 P2:0.090435 P3:0.090435 P4:0.09042 STATE:IDLE
[2026-05-16 09:31:51Z] CHK MOM:0.02% RANGE:0.02% UP:50% SPREAD:0.03317483% BID:0.09043 ASK:0.09046 MID:0.090445 P1:0.090445 P2:0.09043999 P3:0.090435 P4:0.090435 STATE:IDLE
[2026-05-16 09:31:52Z] CHK MOM:0.03% RANGE:0.03% UP:66.66% SPREAD:0.0221141% BID:0.09044 ASK:0.09046 MID:0.09045 P1:0.09045 P2:0.090445 P3:0.09043999 P4:0.090435 STATE:IDLE
[2026-05-16 09:31:52Z] CHK MOM:0.03% RANGE:0.03% UP:57.14% SPREAD:0.0221141% BID:0.09044 ASK:0.09046 MID:0.09045 P1:0.09045 P2:0.09045 P3:0.090445 P4:0.09043999 STATE:IDLE
[2026-05-16 09:31:53Z] CHK MOM:0.03% RANGE:0.03% UP:71.42% SPREAD:0.01105583% BID:0.09045 ASK:0.09046 MID:0.090455 P1:0.090455 P2:0.09045 P3:0.09045 P4:0.090445 STATE:IDLE
[2026-05-16 09:31:53Z] CHK MOM:0.03% RANGE:0.03% UP:71.42% SPREAD:0.01105583% BID:0.09045 ASK:0.09046 MID:0.090455 P1:0.090455 P2:0.09045 P3:0.09045 P4:0.090445 STATE:IDLE
[2026-05-16 09:31:54Z] CHK MOM:0.02% RANGE:0.02% UP:57.14% SPREAD:0.01105583% BID:0.09045 ASK:0.09046 MID:0.090455 P1:0.090455 P2:0.090455 P3:0.09045 P4:0.09045 STATE:IDLE
[2026-05-16 09:31:54Z] CHK MOM:0.02% RANGE:0.02% UP:57.14% SPREAD:0.01105583% BID:0.09045 ASK:0.09046 MID:0.090455 P1:0.090455 P2:0.090455 P3:0.09045 P4:0.09045 STATE:IDLE
[2026-05-16 09:31:55Z] CHK MOM:0.02% RANGE:0.02% UP:57.14% SPREAD:0.01105583% BID:0.09045 ASK:0.09046 MID:0.090455 P1:0.090455 P2:0.090455 P3:0.09045 P4:0.09045 STATE:IDLE
[2026-05-16 09:31:55Z] CHK MOM:0.02% RANGE:0.02% UP:57.14% SPREAD:0.01105583% BID:0.09045 ASK:0.09046 MID:0.090455 P1:0.090455 P2:0.090455 P3:0.09045 P4:0.09045 STATE:IDLE
[2026-05-16 09:31:56Z] CHK MOM:0.02% RANGE:0.02% UP:57.14% SPREAD:0.01105583% BID:0.09045 ASK:0.09046 MID:0.090455 P1:0.090455 P2:0.090455 P3:0.09045 P4:0.09045 STATE:IDLE
[2026-05-16 09:31:57Z] CHK MOM:0.01% RANGE:0.01% UP:50% SPREAD:0.01105583% BID:0.09045 ASK:0.09046 MID:0.090455 P1:0.090455 P2:0.090455 P3:0.090455 P4:0.09045 STATE:IDLE
[2026-05-16 09:31:57Z] CHK MOM:0.01% RANGE:0.01% UP:50% SPREAD:0.01105583% BID:0.09045 ASK:0.09046 MID:0.090455 P1:0.090455 P2:0.090455 P3:0.090455 P4:0.09045 STATE:IDLE
[2026-05-16 09:31:58Z] CHK MOM:0.03% RANGE:0.03% UP:57.14% SPREAD:0.01105338% BID:0.09047 ASK:0.09048 MID:0.090475 P1:0.090475 P2:0.090455 P3:0.090455 P4:0.090455 STATE:IDLE
[2026-05-16 09:31:58Z] CHK MOM:0.03% RANGE:0.03% UP:57.14% SPREAD:0.01105338% BID:0.09047 ASK:0.09048 MID:0.090475 P1:0.090475 P2:0.090455 P3:0.090455 P4:0.090455 STATE:IDLE
[2026-05-16 09:31:59Z] CHK MOM:0.03% RANGE:0.03% UP:57.14% SPREAD:0.01105338% BID:0.09047 ASK:0.09048 MID:0.090475 P1:0.090475 P2:0.090455 P3:0.090455 P4:0.090455 STATE:IDLE
[2026-05-16 09:31:59Z] CHK MOM:0.03% RANGE:0.03% UP:57.14% SPREAD:0.01105338% BID:0.09047 ASK:0.09048 MID:0.090475 P1:0.090475 P2:0.090455 P3:0.090455 P4:0.090455 STATE:IDLE
[2026-05-16 09:32:00Z] CHK MOM:0.02% RANGE:0.03% UP:50% SPREAD:0.0110546% BID:0.09046 ASK:0.09047 MID:0.09046499 P1:0.09046499 P2:0.090475 P3:0.090455 P4:0.090455 STATE:IDLE
[2026-05-16 09:32:00Z] CHK MOM:0.02% RANGE:0.03% UP:44.44% SPREAD:0.0110546% BID:0.09046 ASK:0.09047 MID:0.09046499 P1:0.09046499 P2:0.09046499 P3:0.090475 P4:0.090455 STATE:IDLE
[2026-05-16 09:32:01Z] CHK MOM:0.02% RANGE:0.03% UP:44.44% SPREAD:0.0110546% BID:0.09046 ASK:0.09047 MID:0.09046499 P1:0.09046499 P2:0.09046499 P3:0.090475 P4:0.090455 STATE:IDLE
[2026-05-16 09:32:01Z] CHK MOM:0.02% RANGE:0.03% UP:44.44% SPREAD:0.0110546% BID:0.09046 ASK:0.09047 MID:0.09046499 P1:0.09046499 P2:0.09046499 P3:0.090475 P4:0.090455 STATE:IDLE
[2026-05-16 09:32:02Z] CHK MOM:0.02% RANGE:0.03% UP:44.44% SPREAD:0.0110546% BID:0.09046 ASK:0.09047 MID:0.09046499 P1:0.09046499 P2:0.09046499 P3:0.090475 P4:0.090455 STATE:IDLE
[2026-05-16 09:32:03Z] CHK MOM:0.01% RANGE:0.02% UP:25% SPREAD:0.0110546% BID:0.09046 ASK:0.09047 MID:0.09046499 P1:0.09046499 P2:0.09046499 P3:0.09046499 P4:0.090475 STATE:IDLE
[2026-05-16 09:32:03Z] CHK MOM:0.01% RANGE:0.02% UP:22.22% SPREAD:0.0110546% BID:0.09046 ASK:0.09047 MID:0.09046499 P1:0.09046499 P2:0.09046499 P3:0.09046499 P4:0.09046499 STATE:IDLE
[2026-05-16 09:32:04Z] CHK MOM:0.01% RANGE:0.02% UP:20% SPREAD:0.0110546% BID:0.09046 ASK:0.09047 MID:0.09046499 P1:0.09046499 P2:0.09046499 P3:0.09046499 P4:0.09046499 STATE:IDLE
[2026-05-16 09:32:04Z] CHK MOM:0.01% RANGE:0.02% UP:11.11% SPREAD:0.0110546% BID:0.09046 ASK:0.09047 MID:0.09046499 P1:0.09046499 P2:0.09046499 P3:0.09046499 P4:0.09046499 STATE:IDLE
[2026-05-16 09:32:05Z] CHK MOM:0.01% RANGE:0.02% UP:10% SPREAD:0.0110546% BID:0.09046 ASK:0.09047 MID:0.09046499 P1:0.09046499 P2:0.09046499 P3:0.09046499 P4:0.09046499 STATE:IDLE
[2026-05-16 09:32:05Z] CHK MOM:0.01% RANGE:0.02% UP:10% SPREAD:0.0110546% BID:0.09046 ASK:0.09047 MID:0.09046499 P1:0.09046499 P2:0.09046499 P3:0.09046499 P4:0.09046499 STATE:IDLE
[2026-05-16 09:32:06Z] CHK MOM:0.01% RANGE:0.02% UP:10% SPREAD:0.0110546% BID:0.09046 ASK:0.09047 MID:0.09046499 P1:0.09046499 P2:0.09046499 P3:0.09046499 P4:0.09046499 STATE:IDLE
[2026-05-16 09:32:06Z] CHK MOM:0.01% RANGE:0.02% UP:10% SPREAD:0.0110546% BID:0.09046 ASK:0.09047 MID:0.09046499 P1:0.09046499 P2:0.09046499 P3:0.09046499 P4:0.09046499 STATE:IDLE
[2026-05-16 09:32:07Z] CHK MOM:0.01% RANGE:0.02% UP:10% SPREAD:0.0110546% BID:0.09046 ASK:0.09047 MID:0.09046499 P1:0.09046499 P2:0.09046499 P3:0.09046499 P4:0.09046499 STATE:IDLE
[2026-05-16 09:32:08Z] CHK MOM:0.01% RANGE:0.02% UP:10% SPREAD:0.0110546% BID:0.09046 ASK:0.09047 MID:0.09046499 P1:0.09046499 P2:0.09046499 P3:0.09046499 P4:0.09046499 STATE:IDLE
[2026-05-16 09:32:08Z] CHK MOM:0.01% RANGE:0.02% UP:10% SPREAD:0.0110546% BID:0.09046 ASK:0.09047 MID:0.09046499 P1:0.09046499 P2:0.09046499 P3:0.09046499 P4:0.09046499 STATE:IDLE
[2026-05-16 09:32:09Z] CHK MOM:-0.01% RANGE:0.01% UP:0% SPREAD:0.0110546% BID:0.09046 ASK:0.09047 MID:0.09046499 P1:0.09046499 P2:0.09046499 P3:0.09046499 P4:0.09046499 STATE:IDLE
[2026-05-16 09:32:09Z] CHK MOM:-0.01% RANGE:0.01% UP:0% SPREAD:0.0110546% BID:0.09046 ASK:0.09047 MID:0.09046499 P1:0.09046499 P2:0.09046499 P3:0.09046499 P4:0.09046499 STATE:IDLE
[2026-05-16 09:32:10Z] CHK MOM:-0.01% RANGE:0.01% UP:0% SPREAD:0.0110546% BID:0.09046 ASK:0.09047 MID:0.09046499 P1:0.09046499 P2:0.09046499 P3:0.09046499 P4:0.09046499 STATE:IDLE
[2026-05-16 09:32:10Z] CHK MOM:-0.01% RANGE:0.01% UP:0% SPREAD:0.0110546% BID:0.09046 ASK:0.09047 MID:0.09046499 P1:0.09046499 P2:0.09046499 P3:0.09046499 P4:0.09046499 STATE:IDLE
[2026-05-16 09:32:11Z] CHK MOM:0% RANGE:0% UP:0% SPREAD:0.0110546% BID:0.09046 ASK:0.09047 MID:0.09046499 P1:0.09046499 P2:0.09046499 P3:0.09046499 P4:0.09046499 STATE:IDLE
[2026-05-16 09:32:11Z] CHK MOM:0% RANGE:0% UP:0% SPREAD:0.0110546% BID:0.09046 ASK:0.09047 MID:0.09046499 P1:0.09046499 P2:0.09046499 P3:0.09046499 P4:0.09046499 STATE:IDLE
[2026-05-16 09:32:12Z] CHK MOM:0% RANGE:0% UP:0% SPREAD:0.0110546% BID:0.09046 ASK:0.09047 MID:0.09046499 P1:0.09046499 P2:0.09046499 P3:0.09046499 P4:0.09046499 STATE:IDLE
[2026-05-16 09:32:13Z] CHK MOM:0% RANGE:0% UP:0% SPREAD:0.0110546% BID:0.09046 ASK:0.09047 MID:0.09046499 P1:0.09046499 P2:0.09046499 P3:0.09046499 P4:0.09046499 STATE:IDLE
[2026-05-16 09:32:13Z] CHK MOM:0% RANGE:0% UP:0% SPREAD:0.0110546% BID:0.09046 ASK:0.09047 MID:0.09046499 P1:0.09046499 P2:0.09046499 P3:0.09046499 P4:0.09046499 STATE:IDLE
[2026-05-16 09:32:14Z] CHK MOM:0% RANGE:0% UP:0% SPREAD:0.0110546% BID:0.09046 ASK:0.09047 MID:0.09046499 P1:0.09046499 P2:0.09046499 P3:0.09046499 P4:0.09046499 STATE:IDLE
[2026-05-16 09:32:14Z] CHK MOM:0% RANGE:0% UP:0% SPREAD:0.0110546% BID:0.09046 ASK:0.09047 MID:0.09046499 P1:0.09046499 P2:0.09046499 P3:0.09046499 P4:0.09046499 STATE:IDLE
[2026-05-16 09:32:15Z] CHK MOM:0% RANGE:0% UP:0% SPREAD:0.0110546% BID:0.09046 ASK:0.09047 MID:0.09046499 P1:0.09046499 P2:0.09046499 P3:0.09046499 P4:0.09046499 STATE:IDLE
[2026-05-16 09:32:15Z] CHK MOM:0% RANGE:0% UP:0% SPREAD:0.0110546% BID:0.09046 ASK:0.09047 MID:0.09046499 P1:0.09046499 P2:0.09046499 P3:0.09046499 P4:0.09046499 STATE:IDLE
[2026-05-16 09:32:16Z] CHK MOM:0% RANGE:0% UP:0% SPREAD:0.0110546% BID:0.09046 ASK:0.09047 MID:0.09046499 P1:0.09046499 P2:0.09046499 P3:0.09046499 P4:0.09046499 STATE:IDLE
[2026-05-16 09:32:16Z] CHK MOM:-0.01% RANGE:0.01% UP:0% SPREAD:0.01105583% BID:0.09045 ASK:0.09046 MID:0.090455 P1:0.090455 P2:0.09046499 P3:0.09046499 P4:0.09046499 STATE:IDLE
[2026-05-16 09:32:17Z] CHK MOM:-0.01% RANGE:0.01% UP:0% SPREAD:0.01105583% BID:0.09045 ASK:0.09046 MID:0.090455 P1:0.090455 P2:0.090455 P3:0.09046499 P4:0.09046499 STATE:IDLE
[2026-05-16 09:32:17Z] CHK MOM:-0.01% RANGE:0.01% UP:0% SPREAD:0.01105583% BID:0.09045 ASK:0.09046 MID:0.090455 P1:0.090455 P2:0.090455 P3:0.090455 P4:0.09046499 STATE:IDLE
[2026-05-16 09:32:18Z] CHK MOM:-0.01% RANGE:0.01% UP:0% SPREAD:0.01105583% BID:0.09045 ASK:0.09046 MID:0.090455 P1:0.090455 P2:0.090455 P3:0.090455 P4:0.090455 STATE:IDLE
[2026-05-16 09:32:19Z] CHK MOM:-0.01% RANGE:0.01% UP:0% SPREAD:0.01105583% BID:0.09045 ASK:0.09046 MID:0.090455 P1:0.090455 P2:0.090455 P3:0.090455 P4:0.090455 STATE:IDLE
[2026-05-16 09:32:19Z] CHK MOM:-0.01% RANGE:0.01% UP:0% SPREAD:0.01105583% BID:0.09045 ASK:0.09046 MID:0.090455 P1:0.090455 P2:0.090455 P3:0.090455 P4:0.090455 STATE:IDLE
[2026-05-16 09:32:20Z] CHK MOM:-0.01% RANGE:0.01% UP:0% SPREAD:0.01105583% BID:0.09045 ASK:0.09046 MID:0.090455 P1:0.090455 P2:0.090455 P3:0.090455 P4:0.090455 STATE:IDLE
[2026-05-16 09:32:20Z] CHK MOM:-0.01% RANGE:0.01% UP:0% SPREAD:0.01105583% BID:0.09045 ASK:0.09046 MID:0.090455 P1:0.090455 P2:0.090455 P3:0.090455 P4:0.090455 STATE:IDLE
[2026-05-16 09:32:21Z] CHK MOM:-0.01% RANGE:0.01% UP:0% SPREAD:0.01105583% BID:0.09045 ASK:0.09046 MID:0.090455 P1:0.090455 P2:0.090455 P3:0.090455 P4:0.090455 STATE:IDLE
[2026-05-16 09:32:21Z] CHK MOM:-0.01% RANGE:0.01% UP:0% SPREAD:0.01105583% BID:0.09045 ASK:0.09046 MID:0.090455 P1:0.090455 P2:0.090455 P3:0.090455 P4:0.090455 STATE:IDLE
[2026-05-16 09:32:22Z] CHK MOM:-0.01% RANGE:0.01% UP:0% SPREAD:0.01105583% BID:0.09045 ASK:0.09046 MID:0.090455 P1:0.090455 P2:0.090455 P3:0.090455 P4:0.090455 STATE:IDLE
[2026-05-16 09:32:22Z] CHK MOM:-0.01% RANGE:0.01% UP:0% SPREAD:0.01105583% BID:0.09045 ASK:0.09046 MID:0.090455 P1:0.090455 P2:0.090455 P3:0.090455 P4:0.090455 STATE:IDLE
[2026-05-16 09:32:23Z] CHK MOM:-0.01% RANGE:0.01% UP:0% SPREAD:0.01105583% BID:0.09045 ASK:0.09046 MID:0.090455 P1:0.090455 P2:0.090455 P3:0.090455 P4:0.090455 STATE:IDLE
[2026-05-16 09:32:24Z] CHK MOM:-0.01% RANGE:0.01% UP:0% SPREAD:0.01105583% BID:0.09045 ASK:0.09046 MID:0.090455 P1:0.090455 P2:0.090455 P3:0.090455 P4:0.090455 STATE:IDLE
[2026-05-16 09:32:24Z] CHK MOM:-0.01% RANGE:0.01% UP:0% SPREAD:0.01105583% BID:0.09045 ASK:0.09046 MID:0.090455 P1:0.090455 P2:0.090455 P3:0.090455 P4:0.090455 STATE:IDLE
[2026-05-16 09:32:25Z] CHK MOM:-0.01% RANGE:0.01% UP:0% SPREAD:0.01105583% BID:0.09045 ASK:0.09046 MID:0.090455 P1:0.090455 P2:0.090455 P3:0.090455 P4:0.090455 STATE:IDLE
[2026-05-16 09:32:25Z] CHK MOM:-0.01% RANGE:0.01% UP:0% SPREAD:0.01105583% BID:0.09045 ASK:0.09046 MID:0.090455 P1:0.090455 P2:0.090455 P3:0.090455 P4:0.090455 STATE:IDLE
[2026-05-16 09:32:26Z] CHK MOM:-0.01% RANGE:0.01% UP:0% SPREAD:0.01105583% BID:0.09045 ASK:0.09046 MID:0.090455 P1:0.090455 P2:0.090455 P3:0.090455 P4:0.090455 STATE:IDLE
[2026-05-16 09:32:26Z] CHK MOM:-0.01% RANGE:0.01% UP:0% SPREAD:0.01105583% BID:0.09045 ASK:0.09046 MID:0.090455 P1:0.090455 P2:0.090455 P3:0.090455 P4:0.090455 STATE:IDLE
[2026-05-16 09:32:27Z] CHK MOM:-0.01% RANGE:0.01% UP:0% SPREAD:0.01105583% BID:0.09045 ASK:0.09046 MID:0.090455 P1:0.090455 P2:0.090455 P3:0.090455 P4:0.090455 STATE:IDLE
[2026-05-16 09:32:27Z] CHK MOM:-0.01% RANGE:0.01% UP:0% SPREAD:0.01105583% BID:0.09045 ASK:0.09046 MID:0.090455 P1:0.090455 P2:0.090455 P3:0.090455 P4:0.090455 STATE:IDLE
[2026-05-16 09:32:28Z] CHK MOM:0% RANGE:0% UP:0% SPREAD:0.01105583% BID:0.09045 ASK:0.09046 MID:0.090455 P1:0.090455 P2:0.090455 P3:0.090455 P4:0.090455 STATE:IDLE
[2026-05-16 09:32:28Z] CHK MOM:0% RANGE:0% UP:0% SPREAD:0.01105583% BID:0.09045 ASK:0.09046 MID:0.090455 P1:0.090455 P2:0.090455 P3:0.090455 P4:0.090455 STATE:IDLE
[2026-05-16 09:32:29Z] CHK MOM:0% RANGE:0% UP:0% SPREAD:0.01105583% BID:0.09045 ASK:0.09046 MID:0.090455 P1:0.090455 P2:0.090455 P3:0.090455 P4:0.090455 STATE:IDLE
[2026-05-16 09:32:30Z] CHK MOM:0.01% RANGE:0.01% UP:7.14% SPREAD:0.0110546% BID:0.09046 ASK:0.09047 MID:0.09046499 P1:0.09046499 P2:0.090455 P3:0.090455 P4:0.090455 STATE:IDLE
[2026-05-16 09:32:30Z] CHK MOM:0.01% RANGE:0.01% UP:7.14% SPREAD:0.0110546% BID:0.09046 ASK:0.09047 MID:0.09046499 P1:0.09046499 P2:0.090455 P3:0.090455 P4:0.090455 STATE:IDLE
[2026-05-16 09:32:31Z] CHK MOM:0.01% RANGE:0.01% UP:7.14% SPREAD:0.0110546% BID:0.09046 ASK:0.09047 MID:0.09046499 P1:0.09046499 P2:0.090455 P3:0.090455 P4:0.090455 STATE:IDLE
[2026-05-16 09:32:31Z] CHK MOM:0.01% RANGE:0.01% UP:7.14% SPREAD:0.0110546% BID:0.09046 ASK:0.09047 MID:0.09046499 P1:0.09046499 P2:0.090455 P3:0.090455 P4:0.090455 STATE:IDLE
[2026-05-16 09:32:32Z] CHK MOM:0.01% RANGE:0.01% UP:7.14% SPREAD:0.0110546% BID:0.09046 ASK:0.09047 MID:0.09046499 P1:0.09046499 P2:0.090455 P3:0.090455 P4:0.090455 STATE:IDLE
[2026-05-16 09:32:32Z] CHK MOM:0.01% RANGE:0.01% UP:7.14% SPREAD:0.0110546% BID:0.09046 ASK:0.09047 MID:0.09046499 P1:0.09046499 P2:0.090455 P3:0.090455 P4:0.090455 STATE:IDLE
[2026-05-16 09:32:33Z] CHK MOM:0.02% RANGE:0.02% UP:20% SPREAD:0.01105338% BID:0.09047 ASK:0.09048 MID:0.090475 P1:0.090475 P2:0.09046499 P3:0.090455 P4:0.090455 STATE:IDLE
[2026-05-16 09:32:34Z] CHK MOM:0.03% RANGE:0.03% UP:27.27% SPREAD:0.01105216% BID:0.09048 ASK:0.09049 MID:0.090485 P1:0.090485 P2:0.090475 P3:0.09046499 P4:0.090455 STATE:IDLE
[2026-05-16 09:32:35Z] CHK MOM:0.03% RANGE:0.03% UP:30% SPREAD:0.01105216% BID:0.09048 ASK:0.09049 MID:0.090485 P1:0.090485 P2:0.090485 P3:0.090475 P4:0.09046499 STATE:IDLE
[2026-05-16 09:32:35Z] CHK MOM:0.01% RANGE:0.03% UP:33.33% SPREAD:0.0110546% BID:0.09046 ASK:0.09047 MID:0.09046499 P1:0.09046499 P2:0.090485 P3:0.090485 P4:0.090475 STATE:IDLE
[2026-05-16 09:32:36Z] CHK MOM:0.01% RANGE:0.03% UP:30% SPREAD:0.0110546% BID:0.09046 ASK:0.09047 MID:0.09046499 P1:0.09046499 P2:0.09046499 P3:0.090485 P4:0.090485 STATE:IDLE
[2026-05-16 09:32:36Z] CHK MOM:0.01% RANGE:0.03% UP:30% SPREAD:0.0110546% BID:0.09046 ASK:0.09047 MID:0.09046499 P1:0.09046499 P2:0.09046499 P3:0.090485 P4:0.090485 STATE:IDLE
[2026-05-16 09:32:37Z] CHK MOM:0.01% RANGE:0.03% UP:33.33% SPREAD:0.0110546% BID:0.09046 ASK:0.09047 MID:0.09046499 P1:0.09046499 P2:0.09046499 P3:0.09046499 P4:0.090485 STATE:IDLE
[2026-05-16 09:32:37Z] CHK MOM:0.01% RANGE:0.03% UP:33.33% SPREAD:0.0110546% BID:0.09046 ASK:0.09047 MID:0.09046499 P1:0.09046499 P2:0.09046499 P3:0.09046499 P4:0.090485 STATE:IDLE
[2026-05-16 09:32:38Z] CHK MOM:0.01% RANGE:0.03% UP:33.33% SPREAD:0.0110546% BID:0.09046 ASK:0.09047 MID:0.09046499 P1:0.09046499 P2:0.09046499 P3:0.09046499 P4:0.090485 STATE:IDLE
[2026-05-16 09:32:38Z] CHK MOM:0.01% RANGE:0.03% UP:33.33% SPREAD:0.0110546% BID:0.09046 ASK:0.09047 MID:0.09046499 P1:0.09046499 P2:0.09046499 P3:0.09046499 P4:0.090485 STATE:IDLE
[2026-05-16 09:32:39Z] CHK MOM:0.01% RANGE:0.03% UP:33.33% SPREAD:0.0110546% BID:0.09046 ASK:0.09047 MID:0.09046499 P1:0.09046499 P2:0.09046499 P3:0.09046499 P4:0.090485 STATE:IDLE
[2026-05-16 09:32:40Z] CHK MOM:0.01% RANGE:0.03% UP:33.33% SPREAD:0.0110546% BID:0.09046 ASK:0.09047 MID:0.09046499 P1:0.09046499 P2:0.09046499 P3:0.09046499 P4:0.09046499 STATE:IDLE
[2026-05-16 09:32:40Z] CHK MOM:0.02% RANGE:0.03% UP:44.44% SPREAD:0.01105338% BID:0.09047 ASK:0.09048 MID:0.090475 P1:0.090475 P2:0.09046499 P3:0.09046499 P4:0.09046499 STATE:IDLE
[2026-05-16 09:32:41Z] CHK MOM:0.02% RANGE:0.03% UP:44.44% SPREAD:0.01105338% BID:0.09047 ASK:0.09048 MID:0.090475 P1:0.090475 P2:0.09046499 P3:0.09046499 P4:0.09046499 STATE:IDLE
[2026-05-16 09:32:41Z] CHK MOM:0.01% RANGE:0.02% UP:33.33% SPREAD:0.01105338% BID:0.09047 ASK:0.09048 MID:0.090475 P1:0.090475 P2:0.090475 P3:0.09046499 P4:0.09046499 STATE:IDLE
[2026-05-16 09:32:42Z] CHK MOM:0% RANGE:0.02% UP:22.22% SPREAD:0.01105338% BID:0.09047 ASK:0.09048 MID:0.090475 P1:0.090475 P2:0.090475 P3:0.090475 P4:0.09046499 STATE:IDLE
[2026-05-16 09:32:42Z] CHK MOM:0% RANGE:0.02% UP:22.22% SPREAD:0.01105338% BID:0.09047 ASK:0.09048 MID:0.090475 P1:0.090475 P2:0.090475 P3:0.090475 P4:0.09046499 STATE:IDLE
[2026-05-16 09:32:43Z] CHK MOM:0% RANGE:0.02% UP:22.22% SPREAD:0.01105338% BID:0.09047 ASK:0.09048 MID:0.090475 P1:0.090475 P2:0.090475 P3:0.090475 P4:0.09046499 STATE:IDLE
[2026-05-16 09:32:43Z] CHK MOM:0% RANGE:0.02% UP:22.22% SPREAD:0.01105338% BID:0.09047 ASK:0.09048 MID:0.090475 P1:0.090475 P2:0.090475 P3:0.090475 P4:0.09046499 STATE:IDLE
[2026-05-16 09:32:44Z] CHK MOM:0% RANGE:0.02% UP:22.22% SPREAD:0.01105338% BID:0.09047 ASK:0.09048 MID:0.090475 P1:0.090475 P2:0.090475 P3:0.090475 P4:0.09046499 STATE:IDLE
[2026-05-16 09:32:44Z] CHK MOM:0% RANGE:0.02% UP:22.22% SPREAD:0.01105338% BID:0.09047 ASK:0.09048 MID:0.090475 P1:0.090475 P2:0.090475 P3:0.090475 P4:0.09046499 STATE:IDLE
[2026-05-16 09:32:45Z] CHK MOM:0% RANGE:0.02% UP:20% SPREAD:0.01105338% BID:0.09047 ASK:0.09048 MID:0.090475 P1:0.090475 P2:0.090475 P3:0.090475 P4:0.090475 STATE:IDLE
[2026-05-16 09:32:46Z] CHK MOM:0% RANGE:0.02% UP:20% SPREAD:0.01105338% BID:0.09047 ASK:0.09048 MID:0.090475 P1:0.090475 P2:0.090475 P3:0.090475 P4:0.090475 STATE:IDLE
[2026-05-16 09:32:46Z] CHK MOM:0% RANGE:0.02% UP:20% SPREAD:0.01105338% BID:0.09047 ASK:0.09048 MID:0.090475 P1:0.090475 P2:0.090475 P3:0.090475 P4:0.090475 STATE:IDLE
[2026-05-16 09:32:47Z] CHK MOM:0.01% RANGE:0.01% UP:12.5% SPREAD:0.01105338% BID:0.09047 ASK:0.09048 MID:0.090475 P1:0.090475 P2:0.090475 P3:0.090475 P4:0.090475 STATE:IDLE
[2026-05-16 09:32:47Z] CHK MOM:0.01% RANGE:0.01% UP:12.5% SPREAD:0.01105338% BID:0.09047 ASK:0.09048 MID:0.090475 P1:0.090475 P2:0.090475 P3:0.090475 P4:0.090475 STATE:IDLE
[2026-05-16 09:32:48Z] CHK MOM:0.01% RANGE:0.01% UP:12.5% SPREAD:0.01105338% BID:0.09047 ASK:0.09048 MID:0.090475 P1:0.090475 P2:0.090475 P3:0.090475 P4:0.090475 STATE:IDLE
[2026-05-16 09:32:48Z] CHK MOM:0.01% RANGE:0.01% UP:28.57% SPREAD:0.02210677% BID:0.09047 ASK:0.09049 MID:0.09048 P1:0.09048 P2:0.090475 P3:0.090475 P4:0.090475 STATE:IDLE
[2026-05-16 09:32:49Z] CHK MOM:0.01% RANGE:0.01% UP:28.57% SPREAD:0.02210677% BID:0.09047 ASK:0.09049 MID:0.09048 P1:0.09048 P2:0.090475 P3:0.090475 P4:0.090475 STATE:IDLE
[2026-05-16 09:32:49Z] CHK MOM:0.01% RANGE:0.01% UP:28.57% SPREAD:0.02210677% BID:0.09047 ASK:0.09049 MID:0.09048 P1:0.09048 P2:0.09048 P3:0.090475 P4:0.090475 STATE:IDLE
[2026-05-16 09:32:50Z] CHK MOM:0.01% RANGE:0.01% UP:28.57% SPREAD:0.02210677% BID:0.09047 ASK:0.09049 MID:0.09048 P1:0.09048 P2:0.09048 P3:0.090475 P4:0.090475 STATE:IDLE
[2026-05-16 09:32:51Z] CHK MOM:0.01% RANGE:0.01% UP:28.57% SPREAD:0.02210677% BID:0.09047 ASK:0.09049 MID:0.09048 P1:0.09048 P2:0.09048 P3:0.090475 P4:0.090475 STATE:IDLE
[2026-05-16 09:32:51Z] CHK MOM:0.01% RANGE:0.01% UP:28.57% SPREAD:0.01105216% BID:0.09048 ASK:0.09049 MID:0.090485 P1:0.090485 P2:0.09048 P3:0.09048 P4:0.090475 STATE:IDLE
[2026-05-16 09:32:52Z] CHK MOM:0.01% RANGE:0.01% UP:28.57% SPREAD:0.01105216% BID:0.09048 ASK:0.09049 MID:0.090485 P1:0.090485 P2:0.09048 P3:0.09048 P4:0.090475 STATE:IDLE
[2026-05-16 09:32:52Z] CHK MOM:0.01% RANGE:0.01% UP:28.57% SPREAD:0.01105216% BID:0.09048 ASK:0.09049 MID:0.090485 P1:0.090485 P2:0.09048 P3:0.09048 P4:0.090475 STATE:IDLE
[2026-05-16 09:32:53Z] CHK MOM:0.01% RANGE:0.01% UP:28.57% SPREAD:0.01105216% BID:0.09048 ASK:0.09049 MID:0.090485 P1:0.090485 P2:0.09048 P3:0.09048 P4:0.090475 STATE:IDLE
[2026-05-16 09:32:53Z] CHK MOM:0.01% RANGE:0.01% UP:28.57% SPREAD:0.01105216% BID:0.09048 ASK:0.09049 MID:0.090485 P1:0.090485 P2:0.09048 P3:0.09048 P4:0.090475 STATE:IDLE
[2026-05-16 09:32:54Z] CHK MOM:0.01% RANGE:0.01% UP:28.57% SPREAD:0.01105216% BID:0.09048 ASK:0.09049 MID:0.090485 P1:0.090485 P2:0.09048 P3:0.09048 P4:0.090475 STATE:IDLE
[2026-05-16 09:32:59Z] CHK MOM:0.01% RANGE:0.01% UP:75% SPREAD:0.02210433% BID:0.09048 ASK:0.0905 MID:0.09049 P1:0.09049 P2:0.090485 P3:0.09048 P4:0.09048 STATE:IDLE
[2026-05-16 09:32:59Z] CHK MOM:0.01% RANGE:0.01% UP:50% SPREAD:0.02210433% BID:0.09048 ASK:0.0905 MID:0.09049 P1:0.09049 P2:0.09049 P3:0.090485 P4:0.09048 STATE:IDLE
[2026-05-16 09:33:00Z] CHK MOM:0% RANGE:0.01% UP:40% SPREAD:0.01105216% BID:0.09048 ASK:0.09049 MID:0.090485 P1:0.090485 P2:0.09049 P3:0.09049 P4:0.090485 STATE:IDLE
[2026-05-16 09:33:00Z] CHK MOM:0% RANGE:0.01% UP:33.33% SPREAD:0.01105338% BID:0.09047 ASK:0.09048 MID:0.090475 P1:0.090475 P2:0.090485 P3:0.09049 P4:0.09049 STATE:IDLE
[2026-05-16 09:33:01Z] CHK MOM:0% RANGE:0.01% UP:33.33% SPREAD:0.01105338% BID:0.09047 ASK:0.09048 MID:0.090475 P1:0.090475 P2:0.090475 P3:0.090485 P4:0.09049 STATE:IDLE
[2026-05-16 09:33:01Z] CHK MOM:0% RANGE:0.01% UP:33.33% SPREAD:0.01105338% BID:0.09047 ASK:0.09048 MID:0.090475 P1:0.090475 P2:0.090475 P3:0.090485 P4:0.09049 STATE:IDLE
[2026-05-16 09:33:02Z] CHK MOM:-0.01% RANGE:0.01% UP:16.66% SPREAD:0.01105338% BID:0.09047 ASK:0.09048 MID:0.090475 P1:0.090475 P2:0.090475 P3:0.090475 P4:0.090485 STATE:IDLE
[2026-05-16 09:33:02Z] CHK MOM:-0.01% RANGE:0.01% UP:14.28% SPREAD:0.01105338% BID:0.09047 ASK:0.09048 MID:0.090475 P1:0.090475 P2:0.090475 P3:0.090475 P4:0.090475 STATE:IDLE
[2026-05-16 09:33:02Z] TOKEN_SWITCH old=HBARUSDC new=FILUSDC source=.service.env
[2026-05-16 10:23:43Z] SESSION_START symbol=HBARUSDC dry_run=0 profile=major strategy=momentum base_url=https://api.binance.com
[2026-05-16 10:23:43Z] TOXIC_MEMORY_LOADED count=1 symbols=ORDIUSDC
[2026-05-16 10:23:46Z] CHK MOM:0% RANGE:0% UP:0% SPREAD:0.01105705% BID:0.09044 ASK:0.09045 MID:0.090445 P1:0.090445 P2:NA P3:NA P4:NA STATE:IDLE
[2026-05-16 10:23:47Z] CHK MOM:0% RANGE:0% UP:0% SPREAD:0.01105705% BID:0.09044 ASK:0.09045 MID:0.090445 P1:0.090445 P2:NA P3:NA P4:NA STATE:IDLE
[2026-05-16 10:23:47Z] CHK MOM:0% RANGE:0% UP:0% SPREAD:0.01105705% BID:0.09044 ASK:0.09045 MID:0.090445 P1:0.090445 P2:NA P3:NA P4:NA STATE:IDLE
[2026-05-16 10:23:48Z] CHK MOM:-0.01% RANGE:0.01% UP:0% SPREAD:0.01105827% BID:0.09043 ASK:0.09044 MID:0.090435 P1:0.090435 P2:0.090445 P3:NA P4:NA STATE:IDLE
[2026-05-16 10:23:48Z] CHK MOM:-0.01% RANGE:0.01% UP:0% SPREAD:0.01105827% BID:0.09043 ASK:0.09044 MID:0.090435 P1:0.090435 P2:0.090445 P3:NA P4:NA STATE:IDLE
[2026-05-16 10:23:49Z] CHK MOM:-0.01% RANGE:0.01% UP:0% SPREAD:0.01105827% BID:0.09043 ASK:0.09044 MID:0.090435 P1:0.090435 P2:0.090445 P3:NA P4:NA STATE:IDLE
[2026-05-16 10:23:49Z] CHK MOM:-0.01% RANGE:0.01% UP:0% SPREAD:0.01105827% BID:0.09043 ASK:0.09044 MID:0.090435 P1:0.090435 P2:0.090445 P3:NA P4:NA STATE:IDLE
[2026-05-16 10:23:50Z] CHK MOM:-0.01% RANGE:0.01% UP:0% SPREAD:0.01105827% BID:0.09043 ASK:0.09044 MID:0.090435 P1:0.090435 P2:0.090445 P3:NA P4:NA STATE:IDLE
[2026-05-16 10:23:50Z] CHK MOM:-0.01% RANGE:0.01% UP:0% SPREAD:0.01105827% BID:0.09043 ASK:0.09044 MID:0.090435 P1:0.090435 P2:0.090435 P3:0.090445 P4:NA STATE:IDLE
[2026-05-16 10:23:51Z] CHK MOM:-0.01% RANGE:0.01% UP:0% SPREAD:0.01105827% BID:0.09043 ASK:0.09044 MID:0.090435 P1:0.090435 P2:0.090435 P3:0.090445 P4:NA STATE:IDLE
[2026-05-16 10:23:52Z] CHK MOM:-0.01% RANGE:0.01% UP:0% SPREAD:0.01105827% BID:0.09043 ASK:0.09044 MID:0.090435 P1:0.090435 P2:0.090435 P3:0.090445 P4:NA STATE:IDLE
[2026-05-16 10:23:52Z] CHK MOM:-0.01% RANGE:0.01% UP:0% SPREAD:0.01105827% BID:0.09043 ASK:0.09044 MID:0.090435 P1:0.090435 P2:0.090435 P3:0.090435 P4:0.090445 STATE:IDLE
[2026-05-16 10:23:53Z] CHK MOM:-0.01% RANGE:0.01% UP:0% SPREAD:0.01105827% BID:0.09043 ASK:0.09044 MID:0.090435 P1:0.090435 P2:0.090435 P3:0.090435 P4:0.090435 STATE:IDLE
[2026-05-16 10:23:53Z] CHK MOM:-0.01% RANGE:0.01% UP:0% SPREAD:0.01105827% BID:0.09043 ASK:0.09044 MID:0.090435 P1:0.090435 P2:0.090435 P3:0.090435 P4:0.090435 STATE:IDLE
[2026-05-16 10:23:54Z] CHK MOM:-0.01% RANGE:0.01% UP:0% SPREAD:0.01105827% BID:0.09043 ASK:0.09044 MID:0.090435 P1:0.090435 P2:0.090435 P3:0.090435 P4:0.090435 STATE:IDLE
[2026-05-16 10:23:54Z] CHK MOM:-0.01% RANGE:0.01% UP:0% SPREAD:0.01105827% BID:0.09043 ASK:0.09044 MID:0.090435 P1:0.090435 P2:0.090435 P3:0.090435 P4:0.090435 STATE:IDLE
[2026-05-16 10:23:55Z] CHK MOM:-0.01% RANGE:0.01% UP:0% SPREAD:0.01105827% BID:0.09043 ASK:0.09044 MID:0.090435 P1:0.090435 P2:0.090435 P3:0.090435 P4:0.090435 STATE:IDLE
[2026-05-16 10:23:55Z] CHK MOM:-0.01% RANGE:0.01% UP:0% SPREAD:0.01105827% BID:0.09043 ASK:0.09044 MID:0.090435 P1:0.090435 P2:0.090435 P3:0.090435 P4:0.090435 STATE:IDLE
[2026-05-16 10:23:56Z] CHK MOM:-0.01% RANGE:0.01% UP:0% SPREAD:0.01105827% BID:0.09043 ASK:0.09044 MID:0.090435 P1:0.090435 P2:0.090435 P3:0.090435 P4:0.090435 STATE:IDLE
[2026-05-16 10:23:57Z] CHK MOM:-0.01% RANGE:0.01% UP:0% SPREAD:0.01105827% BID:0.09043 ASK:0.09044 MID:0.090435 P1:0.090435 P2:0.090435 P3:0.090435 P4:0.090435 STATE:IDLE
[2026-05-16 10:23:57Z] CHK MOM:-0.01% RANGE:0.01% UP:0% SPREAD:0.01105827% BID:0.09043 ASK:0.09044 MID:0.090435 P1:0.090435 P2:0.090435 P3:0.090435 P4:0.090435 STATE:IDLE
[2026-05-16 10:23:58Z] CHK MOM:0% RANGE:0.01% UP:11.11% SPREAD:0.01105705% BID:0.09044 ASK:0.09045 MID:0.090445 P1:0.090445 P2:0.090435 P3:0.090435 P4:0.090435 STATE:IDLE
[2026-05-16 10:23:58Z] CHK MOM:0.01% RANGE:0.01% UP:11.11% SPREAD:0.01105705% BID:0.09044 ASK:0.09045 MID:0.090445 P1:0.090445 P2:0.090445 P3:0.090435 P4:0.090435 STATE:IDLE
[2026-05-16 10:23:59Z] CHK MOM:0.01% RANGE:0.01% UP:11.11% SPREAD:0.01105705% BID:0.09044 ASK:0.09045 MID:0.090445 P1:0.090445 P2:0.090445 P3:0.090435 P4:0.090435 STATE:IDLE
[2026-05-16 10:23:59Z] CHK MOM:0.01% RANGE:0.01% UP:11.11% SPREAD:0.01105705% BID:0.09044 ASK:0.09045 MID:0.090445 P1:0.090445 P2:0.090445 P3:0.090435 P4:0.090435 STATE:IDLE
[2026-05-16 10:24:00Z] CHK MOM:0.01% RANGE:0.01% UP:11.11% SPREAD:0.01105705% BID:0.09044 ASK:0.09045 MID:0.090445 P1:0.090445 P2:0.090445 P3:0.090435 P4:0.090435 STATE:IDLE
[2026-05-16 10:24:00Z] CHK MOM:0.01% RANGE:0.01% UP:11.11% SPREAD:0.01105705% BID:0.09044 ASK:0.09045 MID:0.090445 P1:0.090445 P2:0.090445 P3:0.090435 P4:0.090435 STATE:IDLE
[2026-05-16 10:24:01Z] CHK MOM:0.01% RANGE:0.01% UP:11.11% SPREAD:0.01105705% BID:0.09044 ASK:0.09045 MID:0.090445 P1:0.090445 P2:0.090445 P3:0.090435 P4:0.090435 STATE:IDLE
[2026-05-16 10:24:02Z] CHK MOM:0.02% RANGE:0.02% UP:22.22% SPREAD:0.01105583% BID:0.09045 ASK:0.09046 MID:0.090455 P1:0.090455 P2:0.090445 P3:0.090445 P4:0.090435 STATE:IDLE
[2026-05-16 10:24:03Z] CHK MOM:0.02% RANGE:0.02% UP:22.22% SPREAD:0.01105583% BID:0.09045 ASK:0.09046 MID:0.090455 P1:0.090455 P2:0.090455 P3:0.090445 P4:0.090445 STATE:IDLE
[2026-05-16 10:24:03Z] CHK MOM:0.01% RANGE:0.02% UP:20% SPREAD:0.01105705% BID:0.09044 ASK:0.09045 MID:0.090445 P1:0.090445 P2:0.090455 P3:0.090455 P4:0.090445 STATE:IDLE
[2026-05-16 10:24:04Z] CHK MOM:0.01% RANGE:0.02% UP:20% SPREAD:0.01105705% BID:0.09044 ASK:0.09045 MID:0.090445 P1:0.090445 P2:0.090455 P3:0.090455 P4:0.090445 STATE:IDLE
[2026-05-16 10:24:04Z] CHK MOM:0.01% RANGE:0.02% UP:20% SPREAD:0.01105705% BID:0.09044 ASK:0.09045 MID:0.090445 P1:0.090445 P2:0.090445 P3:0.090455 P4:0.090455 STATE:IDLE
[2026-05-16 10:24:05Z] CHK MOM:0.01% RANGE:0.02% UP:20% SPREAD:0.01105705% BID:0.09044 ASK:0.09045 MID:0.090445 P1:0.090445 P2:0.090445 P3:0.090455 P4:0.090455 STATE:IDLE
[2026-05-16 10:24:05Z] CHK MOM:0.01% RANGE:0.02% UP:20% SPREAD:0.01105705% BID:0.09044 ASK:0.09045 MID:0.090445 P1:0.090445 P2:0.090445 P3:0.090455 P4:0.090455 STATE:IDLE
[2026-05-16 10:24:06Z] CHK MOM:0.01% RANGE:0.02% UP:20% SPREAD:0.01105705% BID:0.09044 ASK:0.09045 MID:0.090445 P1:0.090445 P2:0.090445 P3:0.090455 P4:0.090455 STATE:IDLE
[2026-05-16 10:24:06Z] CHK MOM:0.01% RANGE:0.02% UP:20% SPREAD:0.01105705% BID:0.09044 ASK:0.09045 MID:0.090445 P1:0.090445 P2:0.090445 P3:0.090455 P4:0.090455 STATE:IDLE
[2026-05-16 10:24:07Z] CHK MOM:0.01% RANGE:0.02% UP:20% SPREAD:0.01105705% BID:0.09044 ASK:0.09045 MID:0.090445 P1:0.090445 P2:0.090445 P3:0.090455 P4:0.090455 STATE:IDLE
[2026-05-16 10:24:09Z] CHK MOM:0.02% RANGE:0.02% UP:42.85% SPREAD:0.01105583% BID:0.09045 ASK:0.09046 MID:0.090455 P1:0.090455 P2:0.090445 P3:0.090445 P4:0.090455 STATE:IDLE
[2026-05-16 10:24:09Z] CHK MOM:0% RANGE:0.01% UP:28.57% SPREAD:0.01105705% BID:0.09044 ASK:0.09045 MID:0.090445 P1:0.090445 P2:0.090455 P3:0.090445 P4:0.090445 STATE:IDLE
[2026-05-16 10:24:10Z] CHK MOM:0% RANGE:0.01% UP:28.57% SPREAD:0.01105705% BID:0.09044 ASK:0.09045 MID:0.090445 P1:0.090445 P2:0.090455 P3:0.090445 P4:0.090445 STATE:IDLE
[2026-05-16 10:24:10Z] CHK MOM:0% RANGE:0.01% UP:28.57% SPREAD:0.01105705% BID:0.09044 ASK:0.09045 MID:0.090445 P1:0.090445 P2:0.090455 P3:0.090445 P4:0.090445 STATE:IDLE
[2026-05-16 10:24:11Z] CHK MOM:-0.01% RANGE:0.01% UP:16.66% SPREAD:0.01105705% BID:0.09044 ASK:0.09045 MID:0.090445 P1:0.090445 P2:0.090445 P3:0.090455 P4:0.090445 STATE:IDLE
[2026-05-16 10:24:11Z] CHK MOM:-0.01% RANGE:0.01% UP:16.66% SPREAD:0.01105705% BID:0.09044 ASK:0.09045 MID:0.090445 P1:0.090445 P2:0.090445 P3:0.090455 P4:0.090445 STATE:IDLE
[2026-05-16 10:24:12Z] CHK MOM:-0.01% RANGE:0.01% UP:16.66% SPREAD:0.01105705% BID:0.09044 ASK:0.09045 MID:0.090445 P1:0.090445 P2:0.090445 P3:0.090455 P4:0.090445 STATE:IDLE
[2026-05-16 10:24:12Z] CHK MOM:-0.01% RANGE:0.01% UP:16.66% SPREAD:0.01105705% BID:0.09044 ASK:0.09045 MID:0.090445 P1:0.090445 P2:0.090445 P3:0.090455 P4:0.090445 STATE:IDLE
[2026-05-16 10:24:13Z] CHK MOM:-0.01% RANGE:0.01% UP:14.28% SPREAD:0.01105705% BID:0.09044 ASK:0.09045 MID:0.090445 P1:0.090445 P2:0.090445 P3:0.090445 P4:0.090455 STATE:IDLE
[2026-05-16 10:24:13Z] CHK MOM:-0.02% RANGE:0.02% UP:12.5% SPREAD:0.01105827% BID:0.09043 ASK:0.09044 MID:0.090435 P1:0.090435 P2:0.090445 P3:0.090445 P4:0.090445 STATE:IDLE
[2026-05-16 10:24:14Z] CHK MOM:-0.02% RANGE:0.02% UP:12.5% SPREAD:0.01105827% BID:0.09043 ASK:0.09044 MID:0.090435 P1:0.090435 P2:0.090435 P3:0.090445 P4:0.090445 STATE:IDLE
[2026-05-16 10:24:15Z] CHK MOM:-0.01% RANGE:0.02% UP:12.5% SPREAD:0.01105827% BID:0.09043 ASK:0.09044 MID:0.090435 P1:0.090435 P2:0.090435 P3:0.090435 P4:0.090445 STATE:IDLE
[2026-05-16 10:24:15Z] CHK MOM:-0.01% RANGE:0.02% UP:12.5% SPREAD:0.01105827% BID:0.09043 ASK:0.09044 MID:0.090435 P1:0.090435 P2:0.090435 P3:0.090435 P4:0.090445 STATE:IDLE
[2026-05-16 10:24:16Z] CHK MOM:-0.01% RANGE:0.02% UP:12.5% SPREAD:0.01105827% BID:0.09043 ASK:0.09044 MID:0.090435 P1:0.090435 P2:0.090435 P3:0.090435 P4:0.090445 STATE:IDLE
[2026-05-16 10:24:16Z] CHK MOM:-0.01% RANGE:0.02% UP:12.5% SPREAD:0.01105827% BID:0.09043 ASK:0.09044 MID:0.090435 P1:0.090435 P2:0.090435 P3:0.090435 P4:0.090445 STATE:IDLE
[2026-05-16 10:24:17Z] CHK MOM:-0.01% RANGE:0.02% UP:12.5% SPREAD:0.01105827% BID:0.09043 ASK:0.09044 MID:0.090435 P1:0.090435 P2:0.090435 P3:0.090435 P4:0.090445 STATE:IDLE
[2026-05-16 10:24:17Z] CHK MOM:-0.01% RANGE:0.02% UP:14.28% SPREAD:0.01105705% BID:0.09044 ASK:0.09045 MID:0.090445 P1:0.090445 P2:0.090435 P3:0.090435 P4:0.090435 STATE:IDLE
[2026-05-16 10:24:18Z] CHK MOM:-0.01% RANGE:0.02% UP:14.28% SPREAD:0.01105705% BID:0.09044 ASK:0.09045 MID:0.090445 P1:0.090445 P2:0.090435 P3:0.090435 P4:0.090435 STATE:IDLE
[2026-05-16 10:24:18Z] CHK MOM:-0.01% RANGE:0.02% UP:12.5% SPREAD:0.01105705% BID:0.09044 ASK:0.09045 MID:0.090445 P1:0.090445 P2:0.090445 P3:0.090435 P4:0.090435 STATE:IDLE
[2026-05-16 10:24:19Z] CHK MOM:-0.01% RANGE:0.02% UP:11.11% SPREAD:0.01105705% BID:0.09044 ASK:0.09045 MID:0.090445 P1:0.090445 P2:0.090445 P3:0.090445 P4:0.090435 STATE:IDLE
[2026-05-16 10:24:20Z] CHK MOM:-0.02% RANGE:0.02% UP:10% SPREAD:0.01105827% BID:0.09043 ASK:0.09044 MID:0.090435 P1:0.090435 P2:0.090445 P3:0.090445 P4:0.090445 STATE:IDLE
[2026-05-16 10:24:20Z] CHK MOM:-0.02% RANGE:0.02% UP:9.09% SPREAD:0.01105827% BID:0.09043 ASK:0.09044 MID:0.090435 P1:0.090435 P2:0.090435 P3:0.090445 P4:0.090445 STATE:IDLE
[2026-05-16 10:24:21Z] CHK MOM:-0.02% RANGE:0.02% UP:9.09% SPREAD:0.01105827% BID:0.09043 ASK:0.09044 MID:0.090435 P1:0.090435 P2:0.090435 P3:0.090445 P4:0.090445 STATE:IDLE
[2026-05-16 10:24:21Z] CHK MOM:-0.02% RANGE:0.02% UP:9.09% SPREAD:0.01105827% BID:0.09043 ASK:0.09044 MID:0.090435 P1:0.090435 P2:0.090435 P3:0.090445 P4:0.090445 STATE:IDLE
[2026-05-16 10:24:22Z] CHK MOM:-0.01% RANGE:0.01% UP:10% SPREAD:0.01105827% BID:0.09043 ASK:0.09044 MID:0.090435 P1:0.090435 P2:0.090435 P3:0.090435 P4:0.090445 STATE:IDLE
[2026-05-16 10:24:22Z] CHK MOM:-0.01% RANGE:0.01% UP:9.09% SPREAD:0.01105827% BID:0.09043 ASK:0.09044 MID:0.090435 P1:0.090435 P2:0.090435 P3:0.090435 P4:0.090435 STATE:IDLE
[2026-05-16 10:24:23Z] CHK MOM:-0.01% RANGE:0.01% UP:9.09% SPREAD:0.01105827% BID:0.09043 ASK:0.09044 MID:0.090435 P1:0.090435 P2:0.090435 P3:0.090435 P4:0.090435 STATE:IDLE
[2026-05-16 10:24:23Z] CHK MOM:-0.01% RANGE:0.01% UP:9.09% SPREAD:0.01105827% BID:0.09043 ASK:0.09044 MID:0.090435 P1:0.090435 P2:0.090435 P3:0.090435 P4:0.090435 STATE:IDLE
[2026-05-16 10:24:24Z] CHK MOM:-0.01% RANGE:0.01% UP:8.33% SPREAD:0.01105827% BID:0.09043 ASK:0.09044 MID:0.090435 P1:0.090435 P2:0.090435 P3:0.090435 P4:0.090435 STATE:IDLE
[2026-05-16 10:24:24Z] CHK MOM:-0.01% RANGE:0.01% UP:8.33% SPREAD:0.01105827% BID:0.09043 ASK:0.09044 MID:0.090435 P1:0.090435 P2:0.090435 P3:0.090435 P4:0.090435 STATE:IDLE
[2026-05-16 10:24:25Z] CHK MOM:0% RANGE:0.01% UP:15.38% SPREAD:0.01105705% BID:0.09044 ASK:0.09045 MID:0.090445 P1:0.090445 P2:0.090435 P3:0.090435 P4:0.090435 STATE:IDLE
[2026-05-16 10:24:26Z] CHK MOM:0% RANGE:0.01% UP:18.18% SPREAD:0.01105827% BID:0.09043 ASK:0.09044 MID:0.090435 P1:0.090435 P2:0.090445 P3:0.090435 P4:0.090435 STATE:IDLE
[2026-05-16 10:24:26Z] CHK MOM:0% RANGE:0.01% UP:18.18% SPREAD:0.01105827% BID:0.09043 ASK:0.09044 MID:0.090435 P1:0.090435 P2:0.090445 P3:0.090435 P4:0.090435 STATE:IDLE
[2026-05-16 10:24:27Z] CHK MOM:0% RANGE:0.01% UP:18.18% SPREAD:0.01105827% BID:0.09043 ASK:0.09044 MID:0.090435 P1:0.090435 P2:0.090445 P3:0.090435 P4:0.090435 STATE:IDLE
[2026-05-16 10:24:27Z] CHK MOM:0% RANGE:0.01% UP:18.18% SPREAD:0.01105827% BID:0.09043 ASK:0.09044 MID:0.090435 P1:0.090435 P2:0.090445 P3:0.090435 P4:0.090435 STATE:IDLE
[2026-05-16 10:24:28Z] CHK MOM:0% RANGE:0.01% UP:18.18% SPREAD:0.01105827% BID:0.09043 ASK:0.09044 MID:0.090435 P1:0.090435 P2:0.090445 P3:0.090435 P4:0.090435 STATE:IDLE
[2026-05-16 10:24:28Z] CHK MOM:0% RANGE:0.01% UP:18.18% SPREAD:0.01105827% BID:0.09043 ASK:0.09044 MID:0.090435 P1:0.090435 P2:0.090445 P3:0.090435 P4:0.090435 STATE:IDLE
[2026-05-16 10:24:31Z] CHK MOM:0% RANGE:0.01% UP:20% SPREAD:0.01105705% BID:0.09044 ASK:0.09045 MID:0.090445 P1:0.090445 P2:0.090435 P3:0.090445 P4:0.090435 STATE:IDLE
[2026-05-16 10:24:31Z] CHK MOM:0.01% RANGE:0.01% UP:22.22% SPREAD:0.01105705% BID:0.09044 ASK:0.09045 MID:0.090445 P1:0.090445 P2:0.090445 P3:0.090435 P4:0.090445 STATE:IDLE
[2026-05-16 10:24:32Z] CHK MOM:0.01% RANGE:0.01% UP:22.22% SPREAD:0.01105705% BID:0.09044 ASK:0.09045 MID:0.090445 P1:0.090445 P2:0.090445 P3:0.090435 P4:0.090445 STATE:IDLE
[2026-05-16 10:24:32Z] CHK MOM:0.01% RANGE:0.01% UP:22.22% SPREAD:0.01105705% BID:0.09044 ASK:0.09045 MID:0.090445 P1:0.090445 P2:0.090445 P3:0.090435 P4:0.090445 STATE:IDLE
[2026-05-16 10:24:33Z] CHK MOM:0.01% RANGE:0.01% UP:22.22% SPREAD:0.01105705% BID:0.09044 ASK:0.09045 MID:0.090445 P1:0.090445 P2:0.090445 P3:0.090435 P4:0.090445 STATE:IDLE
[2026-05-16 10:24:33Z] CHK MOM:0.02% RANGE:0.02% UP:37.5% SPREAD:0.01105583% BID:0.09045 ASK:0.09046 MID:0.090455 P1:0.090455 P2:0.090445 P3:0.090445 P4:0.090435 STATE:IDLE
[2026-05-16 10:24:34Z] CHK MOM:0.02% RANGE:0.02% UP:37.5% SPREAD:0.01105583% BID:0.09045 ASK:0.09046 MID:0.090455 P1:0.090455 P2:0.090455 P3:0.090445 P4:0.090445 STATE:IDLE
[2026-05-16 10:24:34Z] CHK MOM:0.02% RANGE:0.02% UP:33.33% SPREAD:0.01105583% BID:0.09045 ASK:0.09046 MID:0.090455 P1:0.090455 P2:0.090455 P3:0.090455 P4:0.090445 STATE:IDLE
[2026-05-16 10:24:35Z] CHK MOM:0.02% RANGE:0.02% UP:33.33% SPREAD:0.01105583% BID:0.09045 ASK:0.09046 MID:0.090455 P1:0.090455 P2:0.090455 P3:0.090455 P4:0.090445 STATE:IDLE
[2026-05-16 10:24:36Z] CHK MOM:0.02% RANGE:0.02% UP:37.5% SPREAD:0.01105583% BID:0.09045 ASK:0.09046 MID:0.090455 P1:0.090455 P2:0.090455 P3:0.090455 P4:0.090455 STATE:IDLE
[2026-05-16 10:24:36Z] CHK MOM:0.02% RANGE:0.02% UP:37.5% SPREAD:0.01105583% BID:0.09045 ASK:0.09046 MID:0.090455 P1:0.090455 P2:0.090455 P3:0.090455 P4:0.090455 STATE:IDLE
[2026-05-16 10:24:37Z] CHK MOM:0.02% RANGE:0.02% UP:37.5% SPREAD:0.01105583% BID:0.09045 ASK:0.09046 MID:0.090455 P1:0.090455 P2:0.090455 P3:0.090455 P4:0.090455 STATE:IDLE
[2026-05-16 10:24:37Z] CHK MOM:0.02% RANGE:0.02% UP:37.5% SPREAD:0.01105583% BID:0.09045 ASK:0.09046 MID:0.090455 P1:0.090455 P2:0.090455 P3:0.090455 P4:0.090455 STATE:IDLE
[2026-05-16 10:24:38Z] CHK MOM:0.01% RANGE:0.02% UP:28.57% SPREAD:0.01105705% BID:0.09044 ASK:0.09045 MID:0.090445 P1:0.090445 P2:0.090455 P3:0.090455 P4:0.090455 STATE:IDLE
[2026-05-16 10:24:38Z] CHK MOM:0% RANGE:0.01% UP:14.28% SPREAD:0.01105705% BID:0.09044 ASK:0.09045 MID:0.090445 P1:0.090445 P2:0.090445 P3:0.090455 P4:0.090455 STATE:IDLE
[2026-05-16 10:24:39Z] CHK MOM:0% RANGE:0.01% UP:12.5% SPREAD:0.01105705% BID:0.09044 ASK:0.09045 MID:0.090445 P1:0.090445 P2:0.090445 P3:0.090445 P4:0.090455 STATE:IDLE
[2026-05-16 10:24:39Z] CHK MOM:-0.02% RANGE:0.03% UP:11.11% SPREAD:0.0110595% BID:0.09042 ASK:0.09043 MID:0.090425 P1:0.090425 P2:0.090445 P3:0.090445 P4:0.090445 STATE:IDLE
[2026-05-16 10:24:40Z] CHK MOM:-0.01% RANGE:0.03% UP:20% SPREAD:0.01105827% BID:0.09043 ASK:0.09044 MID:0.090435 P1:0.090435 P2:0.090425 P3:0.090445 P4:0.090445 STATE:IDLE
[2026-05-16 10:24:41Z] CHK MOM:-0.02% RANGE:0.03% UP:18.18% SPREAD:0.0110595% BID:0.09042 ASK:0.09043 MID:0.090425 P1:0.090425 P2:0.090435 P3:0.090425 P4:0.090445 STATE:IDLE
[2026-05-16 10:24:41Z] CHK MOM:-0.02% RANGE:0.03% UP:18.18% SPREAD:0.0110595% BID:0.09042 ASK:0.09043 MID:0.090425 P1:0.090425 P2:0.090435 P3:0.090425 P4:0.090445 STATE:IDLE
[2026-05-16 10:24:42Z] CHK MOM:-0.02% RANGE:0.03% UP:18.18% SPREAD:0.0110595% BID:0.09042 ASK:0.09043 MID:0.090425 P1:0.090425 P2:0.090435 P3:0.090425 P4:0.090445 STATE:IDLE
[2026-05-16 10:24:42Z] CHK MOM:-0.02% RANGE:0.03% UP:18.18% SPREAD:0.0110595% BID:0.09042 ASK:0.09043 MID:0.090425 P1:0.090425 P2:0.090435 P3:0.090425 P4:0.090445 STATE:IDLE
[2026-05-16 10:24:43Z] CHK MOM:-0.01% RANGE:0.03% UP:27.27% SPREAD:0.01105827% BID:0.09043 ASK:0.09044 MID:0.090435 P1:0.090435 P2:0.090425 P3:0.090435 P4:0.090425 STATE:IDLE
[2026-05-16 10:24:43Z] CHK MOM:-0.01% RANGE:0.03% UP:27.27% SPREAD:0.01105827% BID:0.09043 ASK:0.09044 MID:0.090435 P1:0.090435 P2:0.090425 P3:0.090435 P4:0.090425 STATE:IDLE
[2026-05-16 10:24:44Z] CHK MOM:-0.02% RANGE:0.03% UP:18.18% SPREAD:0.01105827% BID:0.09043 ASK:0.09044 MID:0.090435 P1:0.090435 P2:0.090435 P3:0.090425 P4:0.090435 STATE:IDLE
[2026-05-16 10:24:44Z] CHK MOM:-0.02% RANGE:0.03% UP:18.18% SPREAD:0.01105827% BID:0.09043 ASK:0.09044 MID:0.090435 P1:0.090435 P2:0.090435 P3:0.090425 P4:0.090435 STATE:IDLE
[2026-05-16 10:24:45Z] CHK MOM:-0.02% RANGE:0.03% UP:18.18% SPREAD:0.01105827% BID:0.09043 ASK:0.09044 MID:0.090435 P1:0.090435 P2:0.090435 P3:0.090425 P4:0.090435 STATE:IDLE
[2026-05-16 10:24:45Z] CHK MOM:-0.02% RANGE:0.03% UP:18.18% SPREAD:0.01105827% BID:0.09043 ASK:0.09044 MID:0.090435 P1:0.090435 P2:0.090435 P3:0.090435 P4:0.090425 STATE:IDLE
[2026-05-16 10:24:46Z] CHK MOM:-0.03% RANGE:0.03% UP:16.66% SPREAD:0.0110595% BID:0.09042 ASK:0.09043 MID:0.090425 P1:0.090425 P2:0.090435 P3:0.090435 P4:0.090435 STATE:IDLE
[2026-05-16 10:24:47Z] CHK MOM:-0.03% RANGE:0.03% UP:18.18% SPREAD:0.0110595% BID:0.09042 ASK:0.09043 MID:0.090425 P1:0.090425 P2:0.090425 P3:0.090435 P4:0.090435 STATE:IDLE
[2026-05-16 10:24:47Z] CHK MOM:0% RANGE:0.02% UP:27.27% SPREAD:0.02211655% BID:0.09043 ASK:0.09045 MID:0.09043999 P1:0.09043999 P2:0.090425 P3:0.090425 P4:0.090435 STATE:IDLE
[2026-05-16 10:24:48Z] CHK MOM:-0.01% RANGE:0.02% UP:25% SPREAD:0.01105827% BID:0.09043 ASK:0.09044 MID:0.090435 P1:0.090435 P2:0.09043999 P3:0.090425 P4:0.090425 STATE:IDLE
[2026-05-16 10:24:48Z] CHK MOM:-0.02% RANGE:0.02% UP:23.07% SPREAD:0.0110595% BID:0.09042 ASK:0.09043 MID:0.090425 P1:0.090425 P2:0.090435 P3:0.09043999 P4:0.090425 STATE:IDLE
[2026-05-16 10:24:49Z] CHK MOM:-0.02% RANGE:0.02% UP:21.42% SPREAD:0.0110595% BID:0.09042 ASK:0.09043 MID:0.090425 P1:0.090425 P2:0.090425 P3:0.090435 P4:0.09043999 STATE:IDLE
[2026-05-16 10:24:49Z] CHK MOM:-0.02% RANGE:0.02% UP:21.42% SPREAD:0.0110595% BID:0.09042 ASK:0.09043 MID:0.090425 P1:0.090425 P2:0.090425 P3:0.090435 P4:0.09043999 STATE:IDLE
[2026-05-16 10:24:50Z] CHK MOM:-0.02% RANGE:0.02% UP:21.42% SPREAD:0.0110595% BID:0.09042 ASK:0.09043 MID:0.090425 P1:0.090425 P2:0.090425 P3:0.090435 P4:0.09043999 STATE:IDLE
[2026-05-16 10:24:50Z] CHK MOM:-0.02% RANGE:0.02% UP:21.42% SPREAD:0.0110595% BID:0.09042 ASK:0.09043 MID:0.090425 P1:0.090425 P2:0.090425 P3:0.090435 P4:0.09043999 STATE:IDLE
[2026-05-16 10:24:51Z] CHK MOM:-0.02% RANGE:0.02% UP:23.07% SPREAD:0.0110595% BID:0.09042 ASK:0.09043 MID:0.090425 P1:0.090425 P2:0.090425 P3:0.090425 P4:0.090435 STATE:IDLE
[2026-05-16 10:24:52Z] CHK MOM:0% RANGE:0.01% UP:23.07% SPREAD:0.0110595% BID:0.09042 ASK:0.09043 MID:0.090425 P1:0.090425 P2:0.090425 P3:0.090425 P4:0.090425 STATE:IDLE
[2026-05-16 10:24:52Z] CHK MOM:0% RANGE:0.01% UP:23.07% SPREAD:0.0110595% BID:0.09042 ASK:0.09043 MID:0.090425 P1:0.090425 P2:0.090425 P3:0.090425 P4:0.090425 STATE:IDLE
[2026-05-16 10:24:53Z] CHK MOM:-0.01% RANGE:0.01% UP:9.09% SPREAD:0.0110595% BID:0.09042 ASK:0.09043 MID:0.090425 P1:0.090425 P2:0.090425 P3:0.090425 P4:0.090425 STATE:IDLE
[2026-05-16 10:24:53Z] CHK MOM:-0.01% RANGE:0.01% UP:9.09% SPREAD:0.0110595% BID:0.09042 ASK:0.09043 MID:0.090425 P1:0.090425 P2:0.090425 P3:0.090425 P4:0.090425 STATE:IDLE
[2026-05-16 10:24:54Z] CHK MOM:-0.01% RANGE:0.01% UP:8.33% SPREAD:0.0110595% BID:0.09042 ASK:0.09043 MID:0.090425 P1:0.090425 P2:0.090425 P3:0.090425 P4:0.090425 STATE:IDLE
[2026-05-16 10:24:54Z] CHK MOM:-0.01% RANGE:0.01% UP:7.69% SPREAD:0.0110595% BID:0.09042 ASK:0.09043 MID:0.090425 P1:0.090425 P2:0.090425 P3:0.090425 P4:0.090425 STATE:IDLE
[2026-05-16 10:24:55Z] CHK MOM:-0.01% RANGE:0.01% UP:7.69% SPREAD:0.0110595% BID:0.09042 ASK:0.09043 MID:0.090425 P1:0.090425 P2:0.090425 P3:0.090425 P4:0.090425 STATE:IDLE
[2026-05-16 10:24:55Z] CHK MOM:-0.01% RANGE:0.01% UP:7.69% SPREAD:0.0110595% BID:0.09042 ASK:0.09043 MID:0.090425 P1:0.090425 P2:0.090425 P3:0.090425 P4:0.090425 STATE:IDLE
[2026-05-16 10:24:56Z] CHK MOM:-0.01% RANGE:0.01% UP:7.69% SPREAD:0.0110595% BID:0.09042 ASK:0.09043 MID:0.090425 P1:0.090425 P2:0.090425 P3:0.090425 P4:0.090425 STATE:IDLE
[2026-05-16 10:24:56Z] CHK MOM:-0.01% RANGE:0.01% UP:8.33% SPREAD:0.0110595% BID:0.09042 ASK:0.09043 MID:0.090425 P1:0.090425 P2:0.090425 P3:0.090425 P4:0.090425 STATE:IDLE
[2026-05-16 10:24:58Z] CHK MOM:-0.02% RANGE:0.02% UP:7.69% SPREAD:0.01106072% BID:0.09041 ASK:0.09042 MID:0.090415 P1:0.090415 P2:0.090425 P3:0.090425 P4:0.090425 STATE:IDLE
[2026-05-16 10:24:58Z] CHK MOM:-0.02% RANGE:0.02% UP:7.69% SPREAD:0.01106072% BID:0.09041 ASK:0.09042 MID:0.090415 P1:0.090415 P2:0.090425 P3:0.090425 P4:0.090425 STATE:IDLE
[2026-05-16 10:24:59Z] CHK MOM:-0.01% RANGE:0.02% UP:8.33% SPREAD:0.01106072% BID:0.09041 ASK:0.09042 MID:0.090415 P1:0.090415 P2:0.090415 P3:0.090425 P4:0.090425 STATE:IDLE
[2026-05-16 10:24:59Z] CHK MOM:-0.01% RANGE:0.02% UP:8.33% SPREAD:0.01106072% BID:0.09041 ASK:0.09042 MID:0.090415 P1:0.090415 P2:0.090415 P3:0.090425 P4:0.090425 STATE:IDLE
[2026-05-16 10:25:00Z] CHK MOM:-0.01% RANGE:0.02% UP:8.33% SPREAD:0.01106072% BID:0.09041 ASK:0.09042 MID:0.090415 P1:0.090415 P2:0.090415 P3:0.090425 P4:0.090425 STATE:IDLE
[2026-05-16 10:25:00Z] CHK MOM:0% RANGE:0.01% UP:11.11% SPREAD:0.0110595% BID:0.09042 ASK:0.09043 MID:0.090425 P1:0.090425 P2:0.090415 P3:0.090415 P4:0.090425 STATE:IDLE
[2026-05-16 10:25:01Z] CHK MOM:0% RANGE:0.01% UP:11.11% SPREAD:0.0110595% BID:0.09042 ASK:0.09043 MID:0.090425 P1:0.090425 P2:0.090415 P3:0.090415 P4:0.090425 STATE:IDLE
[2026-05-16 10:25:01Z] CHK MOM:0% RANGE:0.01% UP:11.11% SPREAD:0.0110595% BID:0.09042 ASK:0.09043 MID:0.090425 P1:0.090425 P2:0.090425 P3:0.090415 P4:0.090415 STATE:IDLE
[2026-05-16 10:25:02Z] CHK MOM:0% RANGE:0.01% UP:10% SPREAD:0.0110595% BID:0.09042 ASK:0.09043 MID:0.090425 P1:0.090425 P2:0.090425 P3:0.090425 P4:0.090415 STATE:IDLE
[2026-05-16 10:25:03Z] CHK MOM:-0.02% RANGE:0.02% UP:10% SPREAD:0.01106194% BID:0.0904 ASK:0.09041 MID:0.090405 P1:0.090405 P2:0.090425 P3:0.090425 P4:0.090425 STATE:IDLE
[2026-05-16 10:25:03Z] CHK MOM:-0.02% RANGE:0.02% UP:10% SPREAD:0.01106194% BID:0.0904 ASK:0.09041 MID:0.090405 P1:0.090405 P2:0.090405 P3:0.090425 P4:0.090425 STATE:IDLE
[2026-05-16 10:25:04Z] CHK MOM:-0.02% RANGE:0.02% UP:10% SPREAD:0.01106194% BID:0.0904 ASK:0.09041 MID:0.090405 P1:0.090405 P2:0.090405 P3:0.090425 P4:0.090425 STATE:IDLE
[2026-05-16 10:25:04Z] CHK MOM:-0.02% RANGE:0.02% UP:10% SPREAD:0.01106194% BID:0.0904 ASK:0.09041 MID:0.090405 P1:0.090405 P2:0.090405 P3:0.090425 P4:0.090425 STATE:IDLE
[2026-05-16 10:25:05Z] CHK MOM:-0.02% RANGE:0.02% UP:10% SPREAD:0.01106194% BID:0.0904 ASK:0.09041 MID:0.090405 P1:0.090405 P2:0.090405 P3:0.090425 P4:0.090425 STATE:IDLE
[2026-05-16 10:25:05Z] CHK MOM:-0.02% RANGE:0.02% UP:10% SPREAD:0.01106194% BID:0.0904 ASK:0.09041 MID:0.090405 P1:0.090405 P2:0.090405 P3:0.090405 P4:0.090425 STATE:IDLE
[2026-05-16 10:25:06Z] CHK MOM:-0.02% RANGE:0.02% UP:10% SPREAD:0.01106194% BID:0.0904 ASK:0.09041 MID:0.090405 P1:0.090405 P2:0.090405 P3:0.090405 P4:0.090425 STATE:IDLE
[2026-05-16 10:25:06Z] CHK MOM:-0.02% RANGE:0.02% UP:10% SPREAD:0.01106194% BID:0.0904 ASK:0.09041 MID:0.090405 P1:0.090405 P2:0.090405 P3:0.090405 P4:0.090425 STATE:IDLE
[2026-05-16 10:25:07Z] CHK MOM:-0.02% RANGE:0.02% UP:11.11% SPREAD:0.01106194% BID:0.0904 ASK:0.09041 MID:0.090405 P1:0.090405 P2:0.090405 P3:0.090405 P4:0.090405 STATE:IDLE
[2026-05-16 10:25:08Z] CHK MOM:-0.04% RANGE:0.04% UP:10% SPREAD:0.01106439% BID:0.09038 ASK:0.09039 MID:0.090385 P1:0.090385 P2:0.090405 P3:0.090405 P4:0.090405 STATE:IDLE
[2026-05-16 10:25:08Z] CHK MOM:-0.04% RANGE:0.04% UP:10% SPREAD:0.01106439% BID:0.09038 ASK:0.09039 MID:0.090385 P1:0.090385 P2:0.090405 P3:0.090405 P4:0.090405 STATE:IDLE
[2026-05-16 10:25:09Z] CHK MOM:-0.04% RANGE:0.04% UP:10% SPREAD:0.01106439% BID:0.09038 ASK:0.09039 MID:0.090385 P1:0.090385 P2:0.090405 P3:0.090405 P4:0.090405 STATE:IDLE
[2026-05-16 10:25:09Z] CHK MOM:-0.04% RANGE:0.04% UP:10% SPREAD:0.01106439% BID:0.09038 ASK:0.09039 MID:0.090385 P1:0.090385 P2:0.090405 P3:0.090405 P4:0.090405 STATE:IDLE
[2026-05-16 10:25:10Z] CHK MOM:-0.04% RANGE:0.04% UP:10% SPREAD:0.01106439% BID:0.09038 ASK:0.09039 MID:0.090385 P1:0.090385 P2:0.090405 P3:0.090405 P4:0.090405 STATE:IDLE
[2026-05-16 10:25:10Z] CHK MOM:-0.04% RANGE:0.05% UP:11.11% SPREAD:0.01106561% BID:0.09037 ASK:0.09038 MID:0.090375 P1:0.090375 P2:0.090385 P3:0.090405 P4:0.090405 STATE:IDLE
[2026-05-16 10:25:11Z] CHK MOM:-0.04% RANGE:0.05% UP:11.11% SPREAD:0.01106561% BID:0.09037 ASK:0.09038 MID:0.090375 P1:0.090375 P2:0.090385 P3:0.090405 P4:0.090405 STATE:IDLE
[2026-05-16 10:25:11Z] CHK MOM:-0.05% RANGE:0.05% UP:0% SPREAD:0.01106561% BID:0.09037 ASK:0.09038 MID:0.090375 P1:0.090375 P2:0.090375 P3:0.090385 P4:0.090405 STATE:IDLE
[2026-05-16 10:25:12Z] CHK MOM:-0.05% RANGE:0.05% UP:0% SPREAD:0.01106561% BID:0.09037 ASK:0.09038 MID:0.090375 P1:0.090375 P2:0.090375 P3:0.090375 P4:0.090385 STATE:IDLE
[2026-05-16 10:25:13Z] CHK MOM:-0.05% RANGE:0.05% UP:0% SPREAD:0.01106561% BID:0.09037 ASK:0.09038 MID:0.090375 P1:0.090375 P2:0.090375 P3:0.090375 P4:0.090385 STATE:IDLE
[2026-05-16 10:25:13Z] CHK MOM:-0.05% RANGE:0.05% UP:0% SPREAD:0.01106561% BID:0.09037 ASK:0.09038 MID:0.090375 P1:0.090375 P2:0.090375 P3:0.090375 P4:0.090385 STATE:IDLE
[2026-05-16 10:25:14Z] CHK MOM:-0.01% RANGE:0.03% UP:12.5% SPREAD:0.03319318% BID:0.09038 ASK:0.09041 MID:0.090395 P1:0.090395 P2:0.090375 P3:0.090375 P4:0.090375 STATE:IDLE
[2026-05-16 10:25:14Z] CHK MOM:-0.01% RANGE:0.03% UP:11.11% SPREAD:0.02212878% BID:0.09038 ASK:0.0904 MID:0.09039 P1:0.09039 P2:0.090395 P3:0.090375 P4:0.090375 STATE:IDLE
[2026-05-16 10:25:15Z] CHK MOM:-0.01% RANGE:0.03% UP:22.22% SPREAD:0.03319318% BID:0.09038 ASK:0.09041 MID:0.090395 P1:0.090395 P2:0.09039 P3:0.090395 P4:0.090375 STATE:IDLE
[2026-05-16 10:25:15Z] CHK MOM:-0.01% RANGE:0.03% UP:20% SPREAD:0.03319318% BID:0.09038 ASK:0.09041 MID:0.090395 P1:0.090395 P2:0.090395 P3:0.09039 P4:0.090395 STATE:IDLE
[2026-05-16 10:25:16Z] CHK MOM:-0.01% RANGE:0.03% UP:20% SPREAD:0.03319318% BID:0.09038 ASK:0.09041 MID:0.090395 P1:0.090395 P2:0.090395 P3:0.090395 P4:0.09039 STATE:IDLE
[2026-05-16 10:25:16Z] CHK MOM:-0.01% RANGE:0.03% UP:20% SPREAD:0.03319318% BID:0.09038 ASK:0.09041 MID:0.090395 P1:0.090395 P2:0.090395 P3:0.090395 P4:0.09039 STATE:IDLE
[2026-05-16 10:25:17Z] CHK MOM:-0.01% RANGE:0.03% UP:18.18% SPREAD:0.03319318% BID:0.09038 ASK:0.09041 MID:0.090395 P1:0.090395 P2:0.090395 P3:0.090395 P4:0.090395 STATE:IDLE
[2026-05-16 10:25:18Z] CHK MOM:-0.01% RANGE:0.03% UP:18.18% SPREAD:0.03319318% BID:0.09038 ASK:0.09041 MID:0.090395 P1:0.090395 P2:0.090395 P3:0.090395 P4:0.090395 STATE:IDLE
[2026-05-16 10:25:18Z] CHK MOM:-0.01% RANGE:0.03% UP:18.18% SPREAD:0.03319318% BID:0.09038 ASK:0.09041 MID:0.090395 P1:0.090395 P2:0.090395 P3:0.090395 P4:0.090395 STATE:IDLE
[2026-05-16 10:25:19Z] CHK MOM:-0.01% RANGE:0.03% UP:18.18% SPREAD:0.03319318% BID:0.09038 ASK:0.09041 MID:0.090395 P1:0.090395 P2:0.090395 P3:0.090395 P4:0.090395 STATE:IDLE
[2026-05-16 10:25:19Z] CHK MOM:0.01% RANGE:0.02% UP:18.18% SPREAD:0.03319318% BID:0.09038 ASK:0.09041 MID:0.090395 P1:0.090395 P2:0.090395 P3:0.090395 P4:0.090395 STATE:IDLE
[2026-05-16 10:25:20Z] CHK MOM:0.02% RANGE:0.02% UP:18.18% SPREAD:0.03319318% BID:0.09038 ASK:0.09041 MID:0.090395 P1:0.090395 P2:0.090395 P3:0.090395 P4:0.090395 STATE:IDLE
[2026-05-16 10:25:20Z] CHK MOM:0.01% RANGE:0.02% UP:16.66% SPREAD:0.02212878% BID:0.09038 ASK:0.0904 MID:0.09039 P1:0.09039 P2:0.090395 P3:0.090395 P4:0.090395 STATE:IDLE
[2026-05-16 10:25:21Z] CHK MOM:0.01% RANGE:0.02% UP:16.66% SPREAD:0.02212878% BID:0.09038 ASK:0.0904 MID:0.09039 P1:0.09039 P2:0.090395 P3:0.090395 P4:0.090395 STATE:IDLE
[2026-05-16 10:25:21Z] CHK MOM:0% RANGE:0.02% UP:15.38% SPREAD:0.02213123% BID:0.09037 ASK:0.09039 MID:0.09038 P1:0.09038 P2:0.09039 P3:0.090395 P4:0.090395 STATE:IDLE
[2026-05-16 10:25:22Z] CHK MOM:0.01% RANGE:0.02% UP:21.42% SPREAD:0.01106439% BID:0.09038 ASK:0.09039 MID:0.090385 P1:0.090385 P2:0.09038 P3:0.09039 P4:0.090395 STATE:IDLE
[2026-05-16 10:25:22Z] CHK MOM:0% RANGE:0.02% UP:20% SPREAD:0.02213123% BID:0.09037 ASK:0.09039 MID:0.09038 P1:0.09038 P2:0.090385 P3:0.09038 P4:0.09039 STATE:IDLE
[2026-05-16 10:25:23Z] CHK MOM:0% RANGE:0.02% UP:20% SPREAD:0.02213123% BID:0.09037 ASK:0.09039 MID:0.09038 P1:0.09038 P2:0.090385 P3:0.09038 P4:0.09039 STATE:IDLE
[2026-05-16 10:25:24Z] CHK MOM:0% RANGE:0.02% UP:20% SPREAD:0.02213123% BID:0.09037 ASK:0.09039 MID:0.09038 P1:0.09038 P2:0.09038 P3:0.090385 P4:0.09038 STATE:IDLE
[2026-05-16 10:25:24Z] CHK MOM:0% RANGE:0.02% UP:20% SPREAD:0.02213123% BID:0.09037 ASK:0.09039 MID:0.09038 P1:0.09038 P2:0.09038 P3:0.090385 P4:0.09038 STATE:IDLE
[2026-05-16 10:25:25Z] CHK MOM:-0.01% RANGE:0.01% UP:21.42% SPREAD:0.01106439% BID:0.09038 ASK:0.09039 MID:0.090385 P1:0.090385 P2:0.09038 P3:0.09038 P4:0.090385 STATE:IDLE
[2026-05-16 10:25:25Z] CHK MOM:-0.02% RANGE:0.02% UP:20% SPREAD:0.01106561% BID:0.09037 ASK:0.09038 MID:0.090375 P1:0.090375 P2:0.090385 P3:0.09038 P4:0.09038 STATE:IDLE
[2026-05-16 10:25:26Z] CHK MOM:-0.02% RANGE:0.02% UP:20% SPREAD:0.01106561% BID:0.09037 ASK:0.09038 MID:0.090375 P1:0.090375 P2:0.090385 P3:0.09038 P4:0.09038 STATE:IDLE
[2026-05-16 10:25:26Z] CHK MOM:-0.01% RANGE:0.02% UP:20% SPREAD:0.01106561% BID:0.09037 ASK:0.09038 MID:0.090375 P1:0.090375 P2:0.090375 P3:0.090385 P4:0.09038 STATE:IDLE
[2026-05-16 10:25:27Z] CHK MOM:-0.02% RANGE:0.02% UP:13.33% SPREAD:0.01106561% BID:0.09037 ASK:0.09038 MID:0.090375 P1:0.090375 P2:0.090375 P3:0.090375 P4:0.090385 STATE:IDLE
[2026-05-16 10:25:27Z] CHK MOM:-0.02% RANGE:0.02% UP:13.33% SPREAD:0.02213368% BID:0.09036 ASK:0.09038 MID:0.09037 P1:0.09037 P2:0.090375 P3:0.090375 P4:0.090375 STATE:IDLE
[2026-05-16 10:25:28Z] CHK MOM:-0.02% RANGE:0.02% UP:13.33% SPREAD:0.02213368% BID:0.09036 ASK:0.09038 MID:0.09037 P1:0.09037 P2:0.090375 P3:0.090375 P4:0.090375 STATE:IDLE
[2026-05-16 10:25:29Z] CHK MOM:-0.02% RANGE:0.02% UP:14.28% SPREAD:0.02213368% BID:0.09036 ASK:0.09038 MID:0.09037 P1:0.09037 P2:0.09037 P3:0.090375 P4:0.090375 STATE:IDLE
[2026-05-16 10:25:29Z] CHK MOM:-0.02% RANGE:0.02% UP:14.28% SPREAD:0.02213368% BID:0.09036 ASK:0.09038 MID:0.09037 P1:0.09037 P2:0.09037 P3:0.09037 P4:0.090375 STATE:IDLE
[2026-05-16 10:25:30Z] CHK MOM:-0.03% RANGE:0.03% UP:13.33% SPREAD:0.0332042% BID:0.09035 ASK:0.09038 MID:0.090365 P1:0.090365 P2:0.09037 P3:0.09037 P4:0.09037 STATE:IDLE
[2026-05-16 10:25:30Z] CHK MOM:-0.03% RANGE:0.03% UP:12.5% SPREAD:0.02213613% BID:0.09035 ASK:0.09037 MID:0.09036 P1:0.09036 P2:0.090365 P3:0.09037 P4:0.09037 STATE:IDLE
[2026-05-16 10:25:31Z] CHK MOM:-0.04% RANGE:0.04% UP:11.76% SPREAD:0.01106806% BID:0.09035 ASK:0.09036 MID:0.09035499 P1:0.09035499 P2:0.09036 P3:0.090365 P4:0.09037 STATE:IDLE
[2026-05-16 10:25:31Z] CHK MOM:-0.04% RANGE:0.04% UP:11.76% SPREAD:0.02213858% BID:0.09034 ASK:0.09036 MID:0.09035 P1:0.09035 P2:0.09035499 P3:0.09036 P4:0.090365 STATE:IDLE
[2026-05-16 10:25:32Z] CHK MOM:-0.04% RANGE:0.04% UP:11.76% SPREAD:0.02213858% BID:0.09034 ASK:0.09036 MID:0.09035 P1:0.09035 P2:0.09035 P3:0.09035499 P4:0.09036 STATE:IDLE
[2026-05-16 10:25:32Z] CHK MOM:-0.03% RANGE:0.03% UP:12.5% SPREAD:0.02213858% BID:0.09034 ASK:0.09036 MID:0.09035 P1:0.09035 P2:0.09035 P3:0.09035 P4:0.09035499 STATE:IDLE
[2026-05-16 10:25:33Z] CHK MOM:-0.03% RANGE:0.03% UP:12.5% SPREAD:0.02213858% BID:0.09034 ASK:0.09036 MID:0.09035 P1:0.09035 P2:0.09035 P3:0.09035 P4:0.09035499 STATE:IDLE
[2026-05-16 10:25:34Z] CHK MOM:-0.03% RANGE:0.03% UP:12.5% SPREAD:0.02213858% BID:0.09034 ASK:0.09036 MID:0.09035 P1:0.09035 P2:0.09035 P3:0.09035 P4:0.09035499 STATE:IDLE
[2026-05-16 10:25:34Z] CHK MOM:-0.03% RANGE:0.03% UP:12.5% SPREAD:0.02213858% BID:0.09034 ASK:0.09036 MID:0.09035 P1:0.09035 P2:0.09035 P3:0.09035 P4:0.09035499 STATE:IDLE
[2026-05-16 10:25:35Z] CHK MOM:-0.03% RANGE:0.03% UP:12.5% SPREAD:0.02213858% BID:0.09034 ASK:0.09036 MID:0.09035 P1:0.09035 P2:0.09035 P3:0.09035 P4:0.09035499 STATE:IDLE
[2026-05-16 10:25:35Z] CHK MOM:-0.03% RANGE:0.03% UP:7.14% SPREAD:0.02213858% BID:0.09034 ASK:0.09036 MID:0.09035 P1:0.09035 P2:0.09035 P3:0.09035 P4:0.09035 STATE:IDLE
[2026-05-16 10:25:36Z] CHK MOM:-0.03% RANGE:0.03% UP:0% SPREAD:0.02213858% BID:0.09034 ASK:0.09036 MID:0.09035 P1:0.09035 P2:0.09035 P3:0.09035 P4:0.09035 STATE:IDLE
[2026-05-16 10:25:36Z] CHK MOM:-0.03% RANGE:0.03% UP:0% SPREAD:0.02213858% BID:0.09034 ASK:0.09036 MID:0.09035 P1:0.09035 P2:0.09035 P3:0.09035 P4:0.09035 STATE:IDLE
[2026-05-16 10:25:37Z] CHK MOM:-0.03% RANGE:0.03% UP:0% SPREAD:0.02213858% BID:0.09034 ASK:0.09036 MID:0.09035 P1:0.09035 P2:0.09035 P3:0.09035 P4:0.09035 STATE:IDLE
[2026-05-16 10:25:37Z] CHK MOM:-0.02% RANGE:0.02% UP:0% SPREAD:0.02213858% BID:0.09034 ASK:0.09036 MID:0.09035 P1:0.09035 P2:0.09035 P3:0.09035 P4:0.09035 STATE:IDLE
[2026-05-16 10:25:38Z] CHK MOM:-0.02% RANGE:0.02% UP:0% SPREAD:0.02213858% BID:0.09034 ASK:0.09036 MID:0.09035 P1:0.09035 P2:0.09035 P3:0.09035 P4:0.09035 STATE:IDLE
[2026-05-16 10:25:38Z] CHK MOM:-0.02% RANGE:0.02% UP:0% SPREAD:0.02213858% BID:0.09034 ASK:0.09036 MID:0.09035 P1:0.09035 P2:0.09035 P3:0.09035 P4:0.09035 STATE:IDLE
[2026-05-16 10:25:39Z] CHK MOM:-0.03% RANGE:0.03% UP:0% SPREAD:0.01106929% BID:0.09034 ASK:0.09035 MID:0.090345 P1:0.090345 P2:0.09035 P3:0.09035 P4:0.09035 STATE:IDLE
[2026-05-16 10:25:40Z] CHK MOM:-0.03% RANGE:0.03% UP:0% SPREAD:0.01106929% BID:0.09034 ASK:0.09035 MID:0.090345 P1:0.090345 P2:0.09035 P3:0.09035 P4:0.09035 STATE:IDLE
[2026-05-16 10:25:40Z] CHK MOM:-0.01% RANGE:0.02% UP:7.14% SPREAD:0.01106806% BID:0.09035 ASK:0.09036 MID:0.09035499 P1:0.09035499 P2:0.090345 P3:0.09035 P4:0.09035 STATE:IDLE
[2026-05-16 10:25:41Z] CHK MOM:0% RANGE:0.03% UP:13.33% SPREAD:0.01106561% BID:0.09037 ASK:0.09038 MID:0.090375 P1:0.090375 P2:0.09035499 P3:0.090345 P4:0.09035 STATE:IDLE
[2026-05-16 10:25:41Z] CHK MOM:0.01% RANGE:0.04% UP:18.75% SPREAD:0.01106439% BID:0.09038 ASK:0.09039 MID:0.090385 P1:0.090385 P2:0.090375 P3:0.09035499 P4:0.090345 STATE:IDLE
[2026-05-16 10:25:42Z] CHK MOM:0.01% RANGE:0.04% UP:18.75% SPREAD:0.01106439% BID:0.09038 ASK:0.09039 MID:0.090385 P1:0.090385 P2:0.090375 P3:0.09035499 P4:0.090345 STATE:IDLE
[2026-05-16 10:25:42Z] CHK MOM:0.02% RANGE:0.04% UP:20% SPREAD:0.01106439% BID:0.09038 ASK:0.09039 MID:0.090385 P1:0.090385 P2:0.090385 P3:0.090375 P4:0.09035499 STATE:IDLE
[2026-05-16 10:25:43Z] CHK MOM:0.02% RANGE:0.04% UP:20% SPREAD:0.01106439% BID:0.09038 ASK:0.09039 MID:0.090385 P1:0.090385 P2:0.090385 P3:0.090375 P4:0.09035499 STATE:IDLE
[2026-05-16 10:25:43Z] CHK MOM:0.02% RANGE:0.04% UP:20% SPREAD:0.01106439% BID:0.09038 ASK:0.09039 MID:0.090385 P1:0.090385 P2:0.090385 P3:0.090375 P4:0.09035499 STATE:IDLE
[2026-05-16 10:25:44Z] CHK MOM:0.02% RANGE:0.04% UP:20% SPREAD:0.01106439% BID:0.09038 ASK:0.09039 MID:0.090385 P1:0.090385 P2:0.090385 P3:0.090375 P4:0.09035499 STATE:IDLE
[2026-05-16 10:25:45Z] CHK MOM:0.02% RANGE:0.04% UP:25% SPREAD:0.01106561% BID:0.09037 ASK:0.09038 MID:0.090375 P1:0.090375 P2:0.090385 P3:0.090385 P4:0.090375 STATE:IDLE
[2026-05-16 10:25:45Z] CHK MOM:0.02% RANGE:0.04% UP:25% SPREAD:0.01106561% BID:0.09037 ASK:0.09038 MID:0.090375 P1:0.090375 P2:0.090375 P3:0.090385 P4:0.090385 STATE:IDLE
[2026-05-16 10:25:46Z] CHK MOM:0.02% RANGE:0.04% UP:23.07% SPREAD:0.01106561% BID:0.09037 ASK:0.09038 MID:0.090375 P1:0.090375 P2:0.090375 P3:0.090375 P4:0.090385 STATE:IDLE
[2026-05-16 10:25:46Z] CHK MOM:0.02% RANGE:0.04% UP:21.42% SPREAD:0.01106561% BID:0.09037 ASK:0.09038 MID:0.090375 P1:0.090375 P2:0.090375 P3:0.090375 P4:0.090375 STATE:IDLE
[2026-05-16 10:25:47Z] CHK MOM:0.02% RANGE:0.04% UP:20% SPREAD:0.01106561% BID:0.09037 ASK:0.09038 MID:0.090375 P1:0.090375 P2:0.090375 P3:0.090375 P4:0.090375 STATE:IDLE
[2026-05-16 10:25:47Z] CHK MOM:0.02% RANGE:0.04% UP:18.75% SPREAD:0.01106561% BID:0.09037 ASK:0.09038 MID:0.090375 P1:0.090375 P2:0.090375 P3:0.090375 P4:0.090375 STATE:IDLE
[2026-05-16 10:25:48Z] CHK MOM:0.02% RANGE:0.04% UP:20% SPREAD:0.01106561% BID:0.09037 ASK:0.09038 MID:0.090375 P1:0.090375 P2:0.090375 P3:0.090375 P4:0.090375 STATE:IDLE
[2026-05-16 10:25:48Z] CHK MOM:0.02% RANGE:0.04% UP:20% SPREAD:0.01106561% BID:0.09037 ASK:0.09038 MID:0.090375 P1:0.090375 P2:0.090375 P3:0.090375 P4:0.090375 STATE:IDLE
[2026-05-16 10:25:49Z] CHK MOM:0.02% RANGE:0.04% UP:20% SPREAD:0.01106561% BID:0.09037 ASK:0.09038 MID:0.090375 P1:0.090375 P2:0.090375 P3:0.090375 P4:0.090375 STATE:IDLE
[2026-05-16 10:25:50Z] CHK MOM:0.02% RANGE:0.04% UP:20% SPREAD:0.01106561% BID:0.09037 ASK:0.09038 MID:0.090375 P1:0.090375 P2:0.090375 P3:0.090375 P4:0.090375 STATE:IDLE
[2026-05-16 10:25:50Z] CHK MOM:0.05% RANGE:0.05% UP:30.76% SPREAD:0.01106317% BID:0.09039 ASK:0.0904 MID:0.090395 P1:0.090395 P2:0.090375 P3:0.090375 P4:0.090375 STATE:IDLE
[2026-05-16 10:25:51Z] CHK MOM:0.05% RANGE:0.05% UP:30.76% SPREAD:0.01106317% BID:0.09039 ASK:0.0904 MID:0.090395 P1:0.090395 P2:0.090375 P3:0.090375 P4:0.090375 STATE:IDLE
[2026-05-16 10:25:51Z] CHK MOM:0.05% RANGE:0.05% UP:30.76% SPREAD:0.01106317% BID:0.09039 ASK:0.0904 MID:0.090395 P1:0.090395 P2:0.090375 P3:0.090375 P4:0.090375 STATE:IDLE
[2026-05-16 10:25:52Z] CHK MOM:0.04% RANGE:0.04% UP:23.07% SPREAD:0.01106317% BID:0.09039 ASK:0.0904 MID:0.090395 P1:0.090395 P2:0.090395 P3:0.090375 P4:0.090375 STATE:IDLE
[2026-05-16 10:25:52Z] CHK MOM:0.04% RANGE:0.04% UP:21.42% SPREAD:0.01106317% BID:0.09039 ASK:0.0904 MID:0.090395 P1:0.090395 P2:0.090395 P3:0.090395 P4:0.090375 STATE:IDLE
[2026-05-16 10:25:53Z] CHK MOM:0.04% RANGE:0.04% UP:21.42% SPREAD:0.01106317% BID:0.09039 ASK:0.0904 MID:0.090395 P1:0.090395 P2:0.090395 P3:0.090395 P4:0.090375 STATE:IDLE
[2026-05-16 10:25:53Z] CHK MOM:0.01% RANGE:0.02% UP:8.33% SPREAD:0.01106317% BID:0.09039 ASK:0.0904 MID:0.090395 P1:0.090395 P2:0.090395 P3:0.090395 P4:0.090395 STATE:IDLE
[2026-05-16 10:25:54Z] CHK MOM:0.01% RANGE:0.02% UP:8.33% SPREAD:0.01106317% BID:0.09039 ASK:0.0904 MID:0.090395 P1:0.090395 P2:0.090395 P3:0.090395 P4:0.090395 STATE:IDLE
[2026-05-16 10:25:54Z] CHK MOM:0.02% RANGE:0.02% UP:8.33% SPREAD:0.01106317% BID:0.09039 ASK:0.0904 MID:0.090395 P1:0.090395 P2:0.090395 P3:0.090395 P4:0.090395 STATE:IDLE
[2026-05-16 10:25:55Z] CHK MOM:0.03% RANGE:0.03% UP:15.38% SPREAD:0.01106194% BID:0.0904 ASK:0.09041 MID:0.090405 P1:0.090405 P2:0.090395 P3:0.090395 P4:0.090395 STATE:IDLE
[2026-05-16 10:25:56Z] CHK MOM:0.03% RANGE:0.03% UP:15.38% SPREAD:0.01106194% BID:0.0904 ASK:0.09041 MID:0.090405 P1:0.090405 P2:0.090395 P3:0.090395 P4:0.090395 STATE:IDLE
[2026-05-16 10:25:56Z] CHK MOM:0.02% RANGE:0.03% UP:15.38% SPREAD:0.01106317% BID:0.09039 ASK:0.0904 MID:0.090395 P1:0.090395 P2:0.090405 P3:0.090395 P4:0.090395 STATE:IDLE
[2026-05-16 10:25:57Z] CHK MOM:0.03% RANGE:0.03% UP:21.42% SPREAD:0.01106194% BID:0.0904 ASK:0.09041 MID:0.090405 P1:0.090405 P2:0.090395 P3:0.090405 P4:0.090395 STATE:IDLE
[2026-05-16 10:25:57Z] CHK MOM:0.03% RANGE:0.03% UP:20% SPREAD:0.01106194% BID:0.0904 ASK:0.09041 MID:0.090405 P1:0.090405 P2:0.090405 P3:0.090395 P4:0.090405 STATE:IDLE
[2026-05-16 10:25:58Z] CHK MOM:0.03% RANGE:0.03% UP:20% SPREAD:0.01106194% BID:0.0904 ASK:0.09041 MID:0.090405 P1:0.090405 P2:0.090405 P3:0.090395 P4:0.090405 STATE:IDLE
[2026-05-16 10:25:58Z] CHK MOM:0.03% RANGE:0.03% UP:23.07% SPREAD:0.01106194% BID:0.0904 ASK:0.09041 MID:0.090405 P1:0.090405 P2:0.090405 P3:0.090405 P4:0.090395 STATE:IDLE
[2026-05-16 10:25:59Z] CHK MOM:0.03% RANGE:0.03% UP:23.07% SPREAD:0.01106194% BID:0.0904 ASK:0.09041 MID:0.090405 P1:0.090405 P2:0.090405 P3:0.090405 P4:0.090395 STATE:IDLE
[2026-05-16 10:25:59Z] CHK MOM:0.02% RANGE:0.03% UP:25% SPREAD:0.01106317% BID:0.09039 ASK:0.0904 MID:0.090395 P1:0.090395 P2:0.090405 P3:0.090405 P4:0.090405 STATE:IDLE
[2026-05-16 10:26:00Z] CHK MOM:0.02% RANGE:0.03% UP:23.07% SPREAD:0.01106317% BID:0.09039 ASK:0.0904 MID:0.090395 P1:0.090395 P2:0.090395 P3:0.090405 P4:0.090405 STATE:IDLE
[2026-05-16 10:26:01Z] CHK MOM:0.02% RANGE:0.03% UP:23.07% SPREAD:0.01106317% BID:0.09039 ASK:0.0904 MID:0.090395 P1:0.090395 P2:0.090395 P3:0.090405 P4:0.090405 STATE:IDLE
[2026-05-16 10:26:01Z] CHK MOM:0.01% RANGE:0.01% UP:25% SPREAD:0.01106194% BID:0.0904 ASK:0.09041 MID:0.090405 P1:0.090405 P2:0.090395 P3:0.090395 P4:0.090405 STATE:IDLE
[2026-05-16 10:26:02Z] CHK MOM:0% RANGE:0.01% UP:23.07% SPREAD:0.01106317% BID:0.09039 ASK:0.0904 MID:0.090395 P1:0.090395 P2:0.090405 P3:0.090395 P4:0.090395 STATE:IDLE
[2026-05-16 10:26:02Z] CHK MOM:0% RANGE:0.01% UP:23.07% SPREAD:0.01106317% BID:0.09039 ASK:0.0904 MID:0.090395 P1:0.090395 P2:0.090405 P3:0.090395 P4:0.090395 STATE:IDLE
[2026-05-16 10:26:03Z] CHK MOM:0% RANGE:0.01% UP:23.07% SPREAD:0.01106317% BID:0.09039 ASK:0.0904 MID:0.090395 P1:0.090395 P2:0.090405 P3:0.090395 P4:0.090395 STATE:IDLE
[2026-05-16 10:26:03Z] CHK MOM:0% RANGE:0.01% UP:23.07% SPREAD:0.01106317% BID:0.09039 ASK:0.0904 MID:0.090395 P1:0.090395 P2:0.090395 P3:0.090405 P4:0.090395 STATE:IDLE
[2026-05-16 10:26:04Z] CHK MOM:0% RANGE:0.01% UP:23.07% SPREAD:0.01106317% BID:0.09039 ASK:0.0904 MID:0.090395 P1:0.090395 P2:0.090395 P3:0.090405 P4:0.090395 STATE:IDLE
[2026-05-16 10:26:04Z] CHK MOM:0% RANGE:0.01% UP:25% SPREAD:0.01106317% BID:0.09039 ASK:0.0904 MID:0.090395 P1:0.090395 P2:0.090395 P3:0.090395 P4:0.090405 STATE:IDLE
[2026-05-16 10:26:05Z] CHK MOM:0% RANGE:0.01% UP:25% SPREAD:0.01106317% BID:0.09039 ASK:0.0904 MID:0.090395 P1:0.090395 P2:0.090395 P3:0.090395 P4:0.090405 STATE:IDLE
[2026-05-16 10:26:05Z] CHK MOM:0% RANGE:0.01% UP:23.07% SPREAD:0.01106317% BID:0.09039 ASK:0.0904 MID:0.090395 P1:0.090395 P2:0.090395 P3:0.090395 P4:0.090395 STATE:IDLE
[2026-05-16 10:26:06Z] CHK MOM:0% RANGE:0.01% UP:23.07% SPREAD:0.01106317% BID:0.09039 ASK:0.0904 MID:0.090395 P1:0.090395 P2:0.090395 P3:0.090395 P4:0.090395 STATE:IDLE
[2026-05-16 10:26:07Z] CHK MOM:-0.01% RANGE:0.01% UP:15.38% SPREAD:0.01106317% BID:0.09039 ASK:0.0904 MID:0.090395 P1:0.090395 P2:0.090395 P3:0.090395 P4:0.090395 STATE:IDLE
[2026-05-16 10:26:07Z] CHK MOM:0.01% RANGE:0.01% UP:23.07% SPREAD:0.01106194% BID:0.0904 ASK:0.09041 MID:0.090405 P1:0.090405 P2:0.090395 P3:0.090395 P4:0.090395 STATE:IDLE
[2026-05-16 10:26:08Z] CHK MOM:0.01% RANGE:0.01% UP:23.07% SPREAD:0.01106194% BID:0.0904 ASK:0.09041 MID:0.090405 P1:0.090405 P2:0.090395 P3:0.090395 P4:0.090395 STATE:IDLE
[2026-05-16 10:26:08Z] CHK MOM:0.01% RANGE:0.01% UP:23.07% SPREAD:0.01106194% BID:0.0904 ASK:0.09041 MID:0.090405 P1:0.090405 P2:0.090395 P3:0.090395 P4:0.090395 STATE:IDLE
[2026-05-16 10:26:09Z] CHK MOM:0% RANGE:0.01% UP:16.66% SPREAD:0.01106194% BID:0.0904 ASK:0.09041 MID:0.090405 P1:0.090405 P2:0.090405 P3:0.090395 P4:0.090395 STATE:IDLE
[2026-05-16 10:26:09Z] CHK MOM:0% RANGE:0.01% UP:16.66% SPREAD:0.01106194% BID:0.0904 ASK:0.09041 MID:0.090405 P1:0.090405 P2:0.090405 P3:0.090395 P4:0.090395 STATE:IDLE
[2026-05-16 10:26:10Z] CHK MOM:0% RANGE:0.01% UP:16.66% SPREAD:0.01106194% BID:0.0904 ASK:0.09041 MID:0.090405 P1:0.090405 P2:0.090405 P3:0.090395 P4:0.090395 STATE:IDLE
[2026-05-16 10:26:10Z] CHK MOM:0.02% RANGE:0.02% UP:27.27% SPREAD:0.01106072% BID:0.09041 ASK:0.09042 MID:0.090415 P1:0.090415 P2:0.090405 P3:0.090405 P4:0.090395 STATE:IDLE
[2026-05-16 10:26:11Z] CHK MOM:0.04% RANGE:0.04% UP:33.33% SPREAD:0.01105827% BID:0.09043 ASK:0.09044 MID:0.090435 P1:0.090435 P2:0.090415 P3:0.090405 P4:0.090405 STATE:IDLE
[2026-05-16 10:26:12Z] CHK MOM:0.04% RANGE:0.04% UP:33.33% SPREAD:0.01105827% BID:0.09043 ASK:0.09044 MID:0.090435 P1:0.090435 P2:0.090415 P3:0.090405 P4:0.090405 STATE:IDLE
[2026-05-16 10:26:12Z] CHK MOM:0.03% RANGE:0.04% UP:27.27% SPREAD:0.01105827% BID:0.09043 ASK:0.09044 MID:0.090435 P1:0.090435 P2:0.090435 P3:0.090415 P4:0.090405 STATE:IDLE
[2026-05-16 10:26:13Z] CHK MOM:0.03% RANGE:0.04% UP:27.27% SPREAD:0.01105827% BID:0.09043 ASK:0.09044 MID:0.090435 P1:0.090435 P2:0.090435 P3:0.090415 P4:0.090405 STATE:IDLE
[2026-05-16 10:26:13Z] CHK MOM:0.03% RANGE:0.04% UP:27.27% SPREAD:0.01105827% BID:0.09043 ASK:0.09044 MID:0.090435 P1:0.090435 P2:0.090435 P3:0.090415 P4:0.090405 STATE:IDLE
[2026-05-16 10:26:14Z] CHK MOM:0.03% RANGE:0.04% UP:27.27% SPREAD:0.01105827% BID:0.09043 ASK:0.09044 MID:0.090435 P1:0.090435 P2:0.090435 P3:0.090415 P4:0.090405 STATE:IDLE
[2026-05-16 10:26:14Z] CHK MOM:0.03% RANGE:0.04% UP:27.27% SPREAD:0.01105827% BID:0.09043 ASK:0.09044 MID:0.090435 P1:0.090435 P2:0.090435 P3:0.090415 P4:0.090405 STATE:IDLE
[2026-05-16 10:26:15Z] CHK MOM:0.03% RANGE:0.04% UP:27.27% SPREAD:0.01105827% BID:0.09043 ASK:0.09044 MID:0.090435 P1:0.090435 P2:0.090435 P3:0.090415 P4:0.090405 STATE:IDLE
[2026-05-16 10:26:18Z] CHK MOM:0.03% RANGE:0.04% UP:42.85% SPREAD:0.0110595% BID:0.09042 ASK:0.09043 MID:0.090425 P1:0.090425 P2:0.090435 P3:0.090435 P4:0.090415 STATE:IDLE
[2026-05-16 10:26:19Z] CHK MOM:0.04% RANGE:0.04% UP:57.14% SPREAD:0.01105827% BID:0.09043 ASK:0.09044 MID:0.090435 P1:0.090435 P2:0.090425 P3:0.090435 P4:0.090435 STATE:IDLE
[2026-05-16 10:26:19Z] CHK MOM:0.04% RANGE:0.04% UP:57.14% SPREAD:0.01105827% BID:0.09043 ASK:0.09044 MID:0.090435 P1:0.090435 P2:0.090425 P3:0.090435 P4:0.090435 STATE:IDLE
[2026-05-16 10:26:20Z] CHK MOM:0.04% RANGE:0.04% UP:57.14% SPREAD:0.01105827% BID:0.09043 ASK:0.09044 MID:0.090435 P1:0.090435 P2:0.090425 P3:0.090435 P4:0.090435 STATE:IDLE
[2026-05-16 10:26:20Z] CHK MOM:0.03% RANGE:0.03% UP:50% SPREAD:0.01105827% BID:0.09043 ASK:0.09044 MID:0.090435 P1:0.090435 P2:0.090435 P3:0.090425 P4:0.090435 STATE:IDLE
[2026-05-16 10:26:21Z] CHK MOM:0.03% RANGE:0.03% UP:50% SPREAD:0.01105827% BID:0.09043 ASK:0.09044 MID:0.090435 P1:0.090435 P2:0.090435 P3:0.090425 P4:0.090435 STATE:IDLE
[2026-05-16 10:26:21Z] CHK MOM:0.03% RANGE:0.03% UP:50% SPREAD:0.01105827% BID:0.09043 ASK:0.09044 MID:0.090435 P1:0.090435 P2:0.090435 P3:0.090425 P4:0.090435 STATE:IDLE
[2026-05-16 10:26:22Z] CHK MOM:0.03% RANGE:0.03% UP:50% SPREAD:0.01105827% BID:0.09043 ASK:0.09044 MID:0.090435 P1:0.090435 P2:0.090435 P3:0.090425 P4:0.090435 STATE:IDLE
[2026-05-16 10:26:22Z] CHK MOM:0.03% RANGE:0.03% UP:50% SPREAD:0.01105827% BID:0.09043 ASK:0.09044 MID:0.090435 P1:0.090435 P2:0.090435 P3:0.090425 P4:0.090435 STATE:IDLE
[2026-05-16 10:26:23Z] CHK MOM:0% RANGE:0.01% UP:20% SPREAD:0.01105827% BID:0.09043 ASK:0.09044 MID:0.090435 P1:0.090435 P2:0.090435 P3:0.090435 P4:0.090425 STATE:IDLE
[2026-05-16 10:26:24Z] CHK MOM:0% RANGE:0.01% UP:20% SPREAD:0.01105827% BID:0.09043 ASK:0.09044 MID:0.090435 P1:0.090435 P2:0.090435 P3:0.090435 P4:0.090425 STATE:IDLE
[2026-05-16 10:26:24Z] CHK MOM:0% RANGE:0.01% UP:20% SPREAD:0.01105827% BID:0.09043 ASK:0.09044 MID:0.090435 P1:0.090435 P2:0.090435 P3:0.090435 P4:0.090425 STATE:IDLE
[2026-05-16 10:26:25Z] CHK MOM:0% RANGE:0.01% UP:20% SPREAD:0.01105827% BID:0.09043 ASK:0.09044 MID:0.090435 P1:0.090435 P2:0.090435 P3:0.090435 P4:0.090425 STATE:IDLE
[2026-05-16 10:26:25Z] CHK MOM:0% RANGE:0.01% UP:25% SPREAD:0.0110595% BID:0.09042 ASK:0.09043 MID:0.090425 P1:0.090425 P2:0.090435 P3:0.090435 P4:0.090435 STATE:IDLE
[2026-05-16 10:26:26Z] CHK MOM:0% RANGE:0.01% UP:20% SPREAD:0.0110595% BID:0.09042 ASK:0.09043 MID:0.090425 P1:0.090425 P2:0.090425 P3:0.090435 P4:0.090435 STATE:IDLE
[2026-05-16 10:26:26Z] CHK MOM:0% RANGE:0.01% UP:16.66% SPREAD:0.0110595% BID:0.09042 ASK:0.09043 MID:0.090425 P1:0.090425 P2:0.090425 P3:0.090425 P4:0.090435 STATE:IDLE
[2026-05-16 10:26:27Z] CHK MOM:0% RANGE:0.01% UP:16.66% SPREAD:0.0110595% BID:0.09042 ASK:0.09043 MID:0.090425 P1:0.090425 P2:0.090425 P3:0.090425 P4:0.090435 STATE:IDLE
[2026-05-16 10:26:27Z] CHK MOM:0% RANGE:0.01% UP:16.66% SPREAD:0.0110595% BID:0.09042 ASK:0.09043 MID:0.090425 P1:0.090425 P2:0.090425 P3:0.090425 P4:0.090435 STATE:IDLE
[2026-05-16 10:26:28Z] CHK MOM:0% RANGE:0.01% UP:16.66% SPREAD:0.0110595% BID:0.09042 ASK:0.09043 MID:0.090425 P1:0.090425 P2:0.090425 P3:0.090425 P4:0.090435 STATE:IDLE
[2026-05-16 10:26:28Z] CHK MOM:0% RANGE:0.01% UP:16.66% SPREAD:0.0110595% BID:0.09042 ASK:0.09043 MID:0.090425 P1:0.090425 P2:0.090425 P3:0.090425 P4:0.090435 STATE:IDLE
[2026-05-16 10:26:29Z] CHK MOM:0% RANGE:0.01% UP:16.66% SPREAD:0.0110595% BID:0.09042 ASK:0.09043 MID:0.090425 P1:0.090425 P2:0.090425 P3:0.090425 P4:0.090435 STATE:IDLE
[2026-05-16 10:26:30Z] CHK MOM:0% RANGE:0.01% UP:14.28% SPREAD:0.0110595% BID:0.09042 ASK:0.09043 MID:0.090425 P1:0.090425 P2:0.090425 P3:0.090425 P4:0.090425 STATE:IDLE
[2026-05-16 10:26:30Z] CHK MOM:0% RANGE:0.01% UP:14.28% SPREAD:0.0110595% BID:0.09042 ASK:0.09043 MID:0.090425 P1:0.090425 P2:0.090425 P3:0.090425 P4:0.090425 STATE:IDLE
[2026-05-16 10:26:31Z] CHK MOM:0% RANGE:0.01% UP:14.28% SPREAD:0.0110595% BID:0.09042 ASK:0.09043 MID:0.090425 P1:0.090425 P2:0.090425 P3:0.090425 P4:0.090425 STATE:IDLE
[2026-05-16 10:26:31Z] CHK MOM:0% RANGE:0.01% UP:16.66% SPREAD:0.01105827% BID:0.09043 ASK:0.09044 MID:0.090435 P1:0.090435 P2:0.090425 P3:0.090425 P4:0.090425 STATE:IDLE
[2026-05-16 10:26:32Z] CHK MOM:0% RANGE:0.01% UP:14.28% SPREAD:0.01105827% BID:0.09043 ASK:0.09044 MID:0.090435 P1:0.090435 P2:0.090435 P3:0.090425 P4:0.090425 STATE:IDLE
[2026-05-16 10:26:32Z] CHK MOM:0% RANGE:0.01% UP:14.28% SPREAD:0.01105827% BID:0.09043 ASK:0.09044 MID:0.090435 P1:0.090435 P2:0.090435 P3:0.090425 P4:0.090425 STATE:IDLE
[2026-05-16 10:26:33Z] CHK MOM:0% RANGE:0.01% UP:14.28% SPREAD:0.01105827% BID:0.09043 ASK:0.09044 MID:0.090435 P1:0.090435 P2:0.090435 P3:0.090425 P4:0.090425 STATE:IDLE
[2026-05-16 10:26:33Z] CHK MOM:0% RANGE:0.01% UP:14.28% SPREAD:0.01105827% BID:0.09043 ASK:0.09044 MID:0.090435 P1:0.090435 P2:0.090435 P3:0.090435 P4:0.090425 STATE:IDLE
[2026-05-16 10:26:34Z] CHK MOM:0% RANGE:0.01% UP:14.28% SPREAD:0.01105827% BID:0.09043 ASK:0.09044 MID:0.090435 P1:0.090435 P2:0.090435 P3:0.090435 P4:0.090425 STATE:IDLE
[2026-05-16 10:26:35Z] CHK MOM:0% RANGE:0.01% UP:14.28% SPREAD:0.01105827% BID:0.09043 ASK:0.09044 MID:0.090435 P1:0.090435 P2:0.090435 P3:0.090435 P4:0.090425 STATE:IDLE
[2026-05-16 10:26:35Z] CHK MOM:0.02% RANGE:0.02% UP:28.57% SPREAD:0.01105705% BID:0.09044 ASK:0.09045 MID:0.090445 P1:0.090445 P2:0.090435 P3:0.090435 P4:0.090435 STATE:IDLE
[2026-05-16 10:26:36Z] CHK MOM:0.02% RANGE:0.02% UP:25% SPREAD:0.01105705% BID:0.09044 ASK:0.09045 MID:0.090445 P1:0.090445 P2:0.090445 P3:0.090435 P4:0.090435 STATE:IDLE
[2026-05-16 10:26:36Z] CHK MOM:0.02% RANGE:0.02% UP:25% SPREAD:0.01105705% BID:0.09044 ASK:0.09045 MID:0.090445 P1:0.090445 P2:0.090445 P3:0.090435 P4:0.090435 STATE:IDLE
[2026-05-16 10:26:37Z] CHK MOM:0.02% RANGE:0.02% UP:25% SPREAD:0.01105705% BID:0.09044 ASK:0.09045 MID:0.090445 P1:0.090445 P2:0.090445 P3:0.090435 P4:0.090435 STATE:IDLE
[2026-05-16 10:26:37Z] CHK MOM:0.02% RANGE:0.02% UP:25% SPREAD:0.01105705% BID:0.09044 ASK:0.09045 MID:0.090445 P1:0.090445 P2:0.090445 P3:0.090435 P4:0.090435 STATE:IDLE
[2026-05-16 10:26:38Z] CHK MOM:0.02% RANGE:0.02% UP:25% SPREAD:0.01105705% BID:0.09044 ASK:0.09045 MID:0.090445 P1:0.090445 P2:0.090445 P3:0.090435 P4:0.090435 STATE:IDLE
[2026-05-16 10:26:38Z] CHK MOM:0.02% RANGE:0.02% UP:25% SPREAD:0.01105705% BID:0.09044 ASK:0.09045 MID:0.090445 P1:0.090445 P2:0.090445 P3:0.090435 P4:0.090435 STATE:IDLE
[2026-05-16 10:26:39Z] CHK MOM:0.02% RANGE:0.02% UP:33.33% SPREAD:0.01105705% BID:0.09044 ASK:0.09045 MID:0.090445 P1:0.090445 P2:0.090445 P3:0.090445 P4:0.090435 STATE:IDLE
[2026-05-16 10:26:39Z] CHK MOM:0.02% RANGE:0.02% UP:33.33% SPREAD:0.01105705% BID:0.09044 ASK:0.09045 MID:0.090445 P1:0.090445 P2:0.090445 P3:0.090445 P4:0.090435 STATE:IDLE
[2026-05-16 10:26:40Z] CHK MOM:0.02% RANGE:0.02% UP:33.33% SPREAD:0.01105705% BID:0.09044 ASK:0.09045 MID:0.090445 P1:0.090445 P2:0.090445 P3:0.090445 P4:0.090435 STATE:IDLE
[2026-05-16 10:26:41Z] CHK MOM:0.02% RANGE:0.02% UP:28.57% SPREAD:0.01105705% BID:0.09044 ASK:0.09045 MID:0.090445 P1:0.090445 P2:0.090445 P3:0.090445 P4:0.090445 STATE:IDLE
[2026-05-16 10:26:41Z] CHK MOM:0.02% RANGE:0.02% UP:28.57% SPREAD:0.01105705% BID:0.09044 ASK:0.09045 MID:0.090445 P1:0.090445 P2:0.090445 P3:0.090445 P4:0.090445 STATE:IDLE
[2026-05-16 10:26:42Z] CHK MOM:0.02% RANGE:0.02% UP:25% SPREAD:0.01105705% BID:0.09044 ASK:0.09045 MID:0.090445 P1:0.090445 P2:0.090445 P3:0.090445 P4:0.090445 STATE:IDLE
[2026-05-16 10:26:42Z] CHK MOM:0.01% RANGE:0.01% UP:12.5% SPREAD:0.01105705% BID:0.09044 ASK:0.09045 MID:0.090445 P1:0.090445 P2:0.090445 P3:0.090445 P4:0.090445 STATE:IDLE
[2026-05-16 10:26:43Z] CHK MOM:0.01% RANGE:0.01% UP:12.5% SPREAD:0.01105705% BID:0.09044 ASK:0.09045 MID:0.090445 P1:0.090445 P2:0.090445 P3:0.090445 P4:0.090445 STATE:IDLE
[2026-05-16 10:26:43Z] CHK MOM:0.01% RANGE:0.01% UP:12.5% SPREAD:0.01105705% BID:0.09044 ASK:0.09045 MID:0.090445 P1:0.090445 P2:0.090445 P3:0.090445 P4:0.090445 STATE:IDLE
[2026-05-16 10:26:44Z] CHK MOM:0.01% RANGE:0.01% UP:12.5% SPREAD:0.01105705% BID:0.09044 ASK:0.09045 MID:0.090445 P1:0.090445 P2:0.090445 P3:0.090445 P4:0.090445 STATE:IDLE
[2026-05-16 10:26:44Z] CHK MOM:0.01% RANGE:0.01% UP:14.28% SPREAD:0.03317483% BID:0.09043 ASK:0.09046 MID:0.090445 P1:0.090445 P2:0.090445 P3:0.090445 P4:0.090445 STATE:IDLE
[2026-05-16 10:26:45Z] CHK MOM:0.01% RANGE:0.01% UP:12.5% SPREAD:0.03317483% BID:0.09043 ASK:0.09046 MID:0.090445 P1:0.090445 P2:0.090445 P3:0.090445 P4:0.090445 STATE:IDLE
[2026-05-16 10:26:46Z] CHK MOM:0% RANGE:0% UP:0% SPREAD:0.01105705% BID:0.09044 ASK:0.09045 MID:0.090445 P1:0.090445 P2:0.090445 P3:0.090445 P4:0.090445 STATE:IDLE
[2026-05-16 10:26:46Z] CHK MOM:0% RANGE:0% UP:11.11% SPREAD:0.0221141% BID:0.09044 ASK:0.09046 MID:0.09045 P1:0.09045 P2:0.090445 P3:0.090445 P4:0.090445 STATE:IDLE
[2026-05-16 10:26:47Z] CHK MOM:0% RANGE:0% UP:11.11% SPREAD:0.0221141% BID:0.09044 ASK:0.09046 MID:0.09045 P1:0.09045 P2:0.090445 P3:0.090445 P4:0.090445 STATE:IDLE
[2026-05-16 10:26:47Z] CHK MOM:0% RANGE:0% UP:11.11% SPREAD:0.0221141% BID:0.09044 ASK:0.09046 MID:0.09045 P1:0.09045 P2:0.090445 P3:0.090445 P4:0.090445 STATE:IDLE
[2026-05-16 10:26:48Z] CHK MOM:0% RANGE:0% UP:11.11% SPREAD:0.0221141% BID:0.09044 ASK:0.09046 MID:0.09045 P1:0.09045 P2:0.090445 P3:0.090445 P4:0.090445 STATE:IDLE
[2026-05-16 10:26:48Z] CHK MOM:0% RANGE:0% UP:12.5% SPREAD:0.0221141% BID:0.09044 ASK:0.09046 MID:0.09045 P1:0.09045 P2:0.09045 P3:0.090445 P4:0.090445 STATE:IDLE
[2026-05-16 10:26:49Z] CHK MOM:0% RANGE:0% UP:12.5% SPREAD:0.0221141% BID:0.09044 ASK:0.09046 MID:0.09045 P1:0.09045 P2:0.09045 P3:0.090445 P4:0.090445 STATE:IDLE
[2026-05-16 10:26:49Z] CHK MOM:0% RANGE:0% UP:12.5% SPREAD:0.0221141% BID:0.09044 ASK:0.09046 MID:0.09045 P1:0.09045 P2:0.09045 P3:0.090445 P4:0.090445 STATE:IDLE
[2026-05-16 10:26:50Z] CHK MOM:0% RANGE:0% UP:12.5% SPREAD:0.0221141% BID:0.09044 ASK:0.09046 MID:0.09045 P1:0.09045 P2:0.09045 P3:0.090445 P4:0.090445 STATE:IDLE
[2026-05-16 10:26:50Z] CHK MOM:0% RANGE:0% UP:12.5% SPREAD:0.0221141% BID:0.09044 ASK:0.09046 MID:0.09045 P1:0.09045 P2:0.09045 P3:0.090445 P4:0.090445 STATE:IDLE
[2026-05-16 10:26:51Z] CHK MOM:0% RANGE:0% UP:12.5% SPREAD:0.0221141% BID:0.09044 ASK:0.09046 MID:0.09045 P1:0.09045 P2:0.09045 P3:0.090445 P4:0.090445 STATE:IDLE
[2026-05-16 10:26:54Z] CHK MOM:0% RANGE:0% UP:14.28% SPREAD:0.0221141% BID:0.09044 ASK:0.09046 MID:0.09045 P1:0.09045 P2:0.09045 P3:0.09045 P4:0.090445 STATE:IDLE
[2026-05-16 10:26:54Z] CHK MOM:0% RANGE:0% UP:14.28% SPREAD:0.0221141% BID:0.09044 ASK:0.09046 MID:0.09045 P1:0.09045 P2:0.09045 P3:0.09045 P4:0.090445 STATE:IDLE
[2026-05-16 10:26:55Z] CHK MOM:0% RANGE:0% UP:14.28% SPREAD:0.0221141% BID:0.09044 ASK:0.09046 MID:0.09045 P1:0.09045 P2:0.09045 P3:0.09045 P4:0.090445 STATE:IDLE
[2026-05-16 10:26:55Z] CHK MOM:0.02% RANGE:0.02% UP:33.33% SPREAD:0.0110546% BID:0.09046 ASK:0.09047 MID:0.09046499 P1:0.09046499 P2:0.09045 P3:0.09045 P4:0.09045 STATE:IDLE
[2026-05-16 10:26:56Z] CHK MOM:0.02% RANGE:0.02% UP:33.33% SPREAD:0.0110546% BID:0.09046 ASK:0.09047 MID:0.09046499 P1:0.09046499 P2:0.09045 P3:0.09045 P4:0.09045 STATE:IDLE
[2026-05-16 10:26:57Z] CHK MOM:0.02% RANGE:0.02% UP:28.57% SPREAD:0.0110546% BID:0.09046 ASK:0.09047 MID:0.09046499 P1:0.09046499 P2:0.09046499 P3:0.09045 P4:0.09045 STATE:IDLE
[2026-05-16 10:26:57Z] CHK MOM:0.03% RANGE:0.03% UP:42.85% SPREAD:0.01105338% BID:0.09047 ASK:0.09048 MID:0.090475 P1:0.090475 P2:0.09046499 P3:0.09046499 P4:0.09045 STATE:IDLE
[2026-05-16 10:26:58Z] CHK MOM:0.03% RANGE:0.03% UP:42.85% SPREAD:0.01105338% BID:0.09047 ASK:0.09048 MID:0.090475 P1:0.090475 P2:0.09046499 P3:0.09046499 P4:0.09045 STATE:IDLE
[2026-05-16 10:26:58Z] CHK MOM:0.03% RANGE:0.03% UP:60% SPREAD:0.01105216% BID:0.09048 ASK:0.09049 MID:0.090485 P1:0.090485 P2:0.090475 P3:0.09046499 P4:0.09046499 STATE:IDLE
[2026-05-16 10:26:59Z] CHK MOM:0.03% RANGE:0.03% UP:60% SPREAD:0.01105216% BID:0.09048 ASK:0.09049 MID:0.090485 P1:0.090485 P2:0.090475 P3:0.09046499 P4:0.09046499 STATE:IDLE
[2026-05-16 10:26:59Z] CHK MOM:0.03% RANGE:0.03% UP:60% SPREAD:0.01105216% BID:0.09048 ASK:0.09049 MID:0.090485 P1:0.090485 P2:0.090475 P3:0.09046499 P4:0.09046499 STATE:IDLE
[2026-05-16 10:27:00Z] CHK MOM:0.03% RANGE:0.03% UP:50% SPREAD:0.01105216% BID:0.09048 ASK:0.09049 MID:0.090485 P1:0.090485 P2:0.090485 P3:0.090475 P4:0.09046499 STATE:IDLE
[2026-05-16 10:27:00Z] CHK MOM:0.03% RANGE:0.03% UP:50% SPREAD:0.01105216% BID:0.09048 ASK:0.09049 MID:0.090485 P1:0.090485 P2:0.090485 P3:0.090475 P4:0.09046499 STATE:IDLE
[2026-05-16 10:27:01Z] CHK MOM:0.03% RANGE:0.03% UP:50% SPREAD:0.01105216% BID:0.09048 ASK:0.09049 MID:0.090485 P1:0.090485 P2:0.090485 P3:0.090475 P4:0.09046499 STATE:IDLE
[2026-05-16 10:27:01Z] CHK MOM:0.02% RANGE:0.03% UP:50% SPREAD:0.01105338% BID:0.09047 ASK:0.09048 MID:0.090475 P1:0.090475 P2:0.090485 P3:0.090485 P4:0.090475 STATE:IDLE
[2026-05-16 10:27:02Z] CHK MOM:0.02% RANGE:0.03% UP:42.85% SPREAD:0.01105338% BID:0.09047 ASK:0.09048 MID:0.090475 P1:0.090475 P2:0.090475 P3:0.090485 P4:0.090485 STATE:IDLE
[2026-05-16 10:27:03Z] CHK MOM:0.02% RANGE:0.03% UP:37.5% SPREAD:0.01105338% BID:0.09047 ASK:0.09048 MID:0.090475 P1:0.090475 P2:0.090475 P3:0.090475 P4:0.090485 STATE:IDLE
[2026-05-16 10:27:03Z] CHK MOM:0.02% RANGE:0.03% UP:33.33% SPREAD:0.01105338% BID:0.09047 ASK:0.09048 MID:0.090475 P1:0.090475 P2:0.090475 P3:0.090475 P4:0.090475 STATE:IDLE
[2026-05-16 10:27:04Z] CHK MOM:0.02% RANGE:0.03% UP:30% SPREAD:0.01105338% BID:0.09047 ASK:0.09048 MID:0.090475 P1:0.090475 P2:0.090475 P3:0.090475 P4:0.090475 STATE:IDLE
[2026-05-16 10:27:04Z] CHK MOM:0.02% RANGE:0.03% UP:30% SPREAD:0.01105338% BID:0.09047 ASK:0.09048 MID:0.090475 P1:0.090475 P2:0.090475 P3:0.090475 P4:0.090475 STATE:IDLE
[2026-05-16 10:27:05Z] CHK MOM:0.02% RANGE:0.03% UP:27.27% SPREAD:0.01105338% BID:0.09047 ASK:0.09048 MID:0.090475 P1:0.090475 P2:0.090475 P3:0.090475 P4:0.090475 STATE:IDLE
[2026-05-16 10:27:05Z] CHK MOM:0.02% RANGE:0.03% UP:27.27% SPREAD:0.01105338% BID:0.09047 ASK:0.09048 MID:0.090475 P1:0.090475 P2:0.090475 P3:0.090475 P4:0.090475 STATE:IDLE
[2026-05-16 10:27:06Z] CHK MOM:0.02% RANGE:0.03% UP:27.27% SPREAD:0.01105338% BID:0.09047 ASK:0.09048 MID:0.090475 P1:0.090475 P2:0.090475 P3:0.090475 P4:0.090475 STATE:IDLE
[2026-05-16 10:27:06Z] CHK MOM:0.02% RANGE:0.03% UP:27.27% SPREAD:0.01105338% BID:0.09047 ASK:0.09048 MID:0.090475 P1:0.090475 P2:0.090475 P3:0.090475 P4:0.090475 STATE:IDLE
[2026-05-16 10:27:07Z] CHK MOM:0.02% RANGE:0.03% UP:27.27% SPREAD:0.01105338% BID:0.09047 ASK:0.09048 MID:0.090475 P1:0.090475 P2:0.090475 P3:0.090475 P4:0.090475 STATE:IDLE
[2026-05-16 10:27:08Z] CHK MOM:0.02% RANGE:0.03% UP:27.27% SPREAD:0.01105338% BID:0.09047 ASK:0.09048 MID:0.090475 P1:0.090475 P2:0.090475 P3:0.090475 P4:0.090475 STATE:IDLE
[2026-05-16 10:27:08Z] CHK MOM:0% RANGE:0.01% UP:11.11% SPREAD:0.01105338% BID:0.09047 ASK:0.09048 MID:0.090475 P1:0.090475 P2:0.090475 P3:0.090475 P4:0.090475 STATE:IDLE
[2026-05-16 10:27:09Z] CHK MOM:0% RANGE:0.01% UP:11.11% SPREAD:0.01105338% BID:0.09047 ASK:0.09048 MID:0.090475 P1:0.090475 P2:0.090475 P3:0.090475 P4:0.090475 STATE:IDLE
[2026-05-16 10:27:09Z] CHK MOM:0% RANGE:0.01% UP:11.11% SPREAD:0.01105338% BID:0.09047 ASK:0.09048 MID:0.090475 P1:0.090475 P2:0.090475 P3:0.090475 P4:0.090475 STATE:IDLE
[2026-05-16 10:27:10Z] CHK MOM:0% RANGE:0.01% UP:11.11% SPREAD:0.01105338% BID:0.09047 ASK:0.09048 MID:0.090475 P1:0.090475 P2:0.090475 P3:0.090475 P4:0.090475 STATE:IDLE
[2026-05-16 10:27:10Z] CHK MOM:0% RANGE:0.01% UP:11.11% SPREAD:0.01105338% BID:0.09047 ASK:0.09048 MID:0.090475 P1:0.090475 P2:0.090475 P3:0.090475 P4:0.090475 STATE:IDLE
[2026-05-16 10:27:11Z] CHK MOM:0% RANGE:0.01% UP:11.11% SPREAD:0.01105338% BID:0.09047 ASK:0.09048 MID:0.090475 P1:0.090475 P2:0.090475 P3:0.090475 P4:0.090475 STATE:IDLE
[2026-05-16 10:27:12Z] CHK MOM:0% RANGE:0% UP:0% SPREAD:0.01105338% BID:0.09047 ASK:0.09048 MID:0.090475 P1:0.090475 P2:0.090475 P3:0.090475 P4:0.090475 STATE:IDLE
[2026-05-16 10:27:12Z] CHK MOM:0% RANGE:0% UP:0% SPREAD:0.01105338% BID:0.09047 ASK:0.09048 MID:0.090475 P1:0.090475 P2:0.090475 P3:0.090475 P4:0.090475 STATE:IDLE
[2026-05-16 10:27:14Z] CHK MOM:0% RANGE:0% UP:0% SPREAD:0.01105338% BID:0.09047 ASK:0.09048 MID:0.090475 P1:0.090475 P2:0.090475 P3:0.090475 P4:0.090475 STATE:IDLE
[2026-05-16 10:27:14Z] CHK MOM:0% RANGE:0% UP:0% SPREAD:0.01105338% BID:0.09047 ASK:0.09048 MID:0.090475 P1:0.090475 P2:0.090475 P3:0.090475 P4:0.090475 STATE:IDLE
[2026-05-16 10:27:15Z] CHK MOM:0% RANGE:0% UP:0% SPREAD:0.01105338% BID:0.09047 ASK:0.09048 MID:0.090475 P1:0.090475 P2:0.090475 P3:0.090475 P4:0.090475 STATE:IDLE
[2026-05-16 10:27:16Z] CHK MOM:0% RANGE:0% UP:0% SPREAD:0.01105338% BID:0.09047 ASK:0.09048 MID:0.090475 P1:0.090475 P2:0.090475 P3:0.090475 P4:0.090475 STATE:IDLE
[2026-05-16 10:27:16Z] CHK MOM:0% RANGE:0% UP:0% SPREAD:0.01105338% BID:0.09047 ASK:0.09048 MID:0.090475 P1:0.090475 P2:0.090475 P3:0.090475 P4:0.090475 STATE:IDLE
[2026-05-16 10:27:17Z] CHK MOM:0% RANGE:0% UP:0% SPREAD:0.01105338% BID:0.09047 ASK:0.09048 MID:0.090475 P1:0.090475 P2:0.090475 P3:0.090475 P4:0.090475 STATE:IDLE
[2026-05-16 10:27:17Z] CHK MOM:0% RANGE:0% UP:0% SPREAD:0.01105338% BID:0.09047 ASK:0.09048 MID:0.090475 P1:0.090475 P2:0.090475 P3:0.090475 P4:0.090475 STATE:IDLE
[2026-05-16 10:27:18Z] CHK MOM:0% RANGE:0% UP:0% SPREAD:0.01105338% BID:0.09047 ASK:0.09048 MID:0.090475 P1:0.090475 P2:0.090475 P3:0.090475 P4:0.090475 STATE:IDLE
[2026-05-16 10:27:19Z] CHK MOM:0.01% RANGE:0.01% UP:25% SPREAD:0.01105216% BID:0.09048 ASK:0.09049 MID:0.090485 P1:0.090485 P2:0.090475 P3:0.090475 P4:0.090475 STATE:IDLE
[2026-05-16 10:27:19Z] CHK MOM:0.01% RANGE:0.01% UP:25% SPREAD:0.01105216% BID:0.09048 ASK:0.09049 MID:0.090485 P1:0.090485 P2:0.090475 P3:0.090475 P4:0.090475 STATE:IDLE
[2026-05-16 10:27:20Z] CHK MOM:0.01% RANGE:0.01% UP:25% SPREAD:0.01105216% BID:0.09048 ASK:0.09049 MID:0.090485 P1:0.090485 P2:0.090475 P3:0.090475 P4:0.090475 STATE:IDLE
[2026-05-16 10:27:20Z] CHK MOM:0.01% RANGE:0.01% UP:20% SPREAD:0.01105216% BID:0.09048 ASK:0.09049 MID:0.090485 P1:0.090485 P2:0.090485 P3:0.090475 P4:0.090475 STATE:IDLE
[2026-05-16 10:27:21Z] CHK MOM:0.01% RANGE:0.01% UP:20% SPREAD:0.01105216% BID:0.09048 ASK:0.09049 MID:0.090485 P1:0.090485 P2:0.090485 P3:0.090485 P4:0.090475 STATE:IDLE
[2026-05-16 10:27:21Z] CHK MOM:0% RANGE:0.01% UP:16.66% SPREAD:0.02210677% BID:0.09047 ASK:0.09049 MID:0.09048 P1:0.09048 P2:0.090485 P3:0.090485 P4:0.090485 STATE:IDLE
[2026-05-16 10:27:22Z] CHK MOM:0% RANGE:0.01% UP:16.66% SPREAD:0.02210677% BID:0.09047 ASK:0.09049 MID:0.09048 P1:0.09048 P2:0.090485 P3:0.090485 P4:0.090485 STATE:IDLE
[2026-05-16 10:27:22Z] CHK MOM:0% RANGE:0.01% UP:16.66% SPREAD:0.02210677% BID:0.09047 ASK:0.09049 MID:0.09048 P1:0.09048 P2:0.090485 P3:0.090485 P4:0.090485 STATE:IDLE
[2026-05-16 10:27:23Z] CHK MOM:0% RANGE:0.01% UP:16.66% SPREAD:0.02210677% BID:0.09047 ASK:0.09049 MID:0.09048 P1:0.09048 P2:0.090485 P3:0.090485 P4:0.090485 STATE:IDLE
[2026-05-16 10:27:23Z] CHK MOM:0% RANGE:0.01% UP:14.28% SPREAD:0.02210677% BID:0.09047 ASK:0.09049 MID:0.09048 P1:0.09048 P2:0.09048 P3:0.090485 P4:0.090485 STATE:IDLE
[2026-05-16 10:27:24Z] CHK MOM:0% RANGE:0.01% UP:14.28% SPREAD:0.02210677% BID:0.09047 ASK:0.09049 MID:0.09048 P1:0.09048 P2:0.09048 P3:0.090485 P4:0.090485 STATE:IDLE
[2026-05-16 10:27:25Z] CHK MOM:0% RANGE:0.01% UP:14.28% SPREAD:0.03316382% BID:0.09046 ASK:0.09049 MID:0.090475 P1:0.090475 P2:0.09048 P3:0.09048 P4:0.090485 STATE:IDLE
[2026-05-16 10:27:25Z] CHK MOM:0% RANGE:0.01% UP:12.5% SPREAD:0.03316382% BID:0.09046 ASK:0.09049 MID:0.090475 P1:0.090475 P2:0.090475 P3:0.09048 P4:0.09048 STATE:IDLE
[2026-05-16 10:27:26Z] CHK MOM:-0.01% RANGE:0.02% UP:11.11% SPREAD:0.03316749% BID:0.09045 ASK:0.09048 MID:0.090465 P1:0.090465 P2:0.090475 P3:0.090475 P4:0.09048 STATE:IDLE
[2026-05-16 10:27:26Z] CHK MOM:-0.01% RANGE:0.02% UP:11.11% SPREAD:0.03316749% BID:0.09045 ASK:0.09048 MID:0.090465 P1:0.090465 P2:0.090475 P3:0.090475 P4:0.09048 STATE:IDLE
[2026-05-16 10:27:27Z] CHK MOM:-0.01% RANGE:0.02% UP:10% SPREAD:0.02211166% BID:0.09045 ASK:0.09047 MID:0.09046 P1:0.09046 P2:0.090465 P3:0.090475 P4:0.090475 STATE:IDLE
[2026-05-16 10:27:27Z] CHK MOM:-0.01% RANGE:0.02% UP:10% SPREAD:0.02211166% BID:0.09045 ASK:0.09047 MID:0.09046 P1:0.09046 P2:0.090465 P3:0.090475 P4:0.090475 STATE:IDLE
[2026-05-16 10:27:28Z] CHK MOM:-0.01% RANGE:0.02% UP:9.09% SPREAD:0.02211166% BID:0.09045 ASK:0.09047 MID:0.09046 P1:0.09046 P2:0.09046 P3:0.090465 P4:0.090475 STATE:IDLE
[2026-05-16 10:27:28Z] CHK MOM:-0.01% RANGE:0.02% UP:9.09% SPREAD:0.02211166% BID:0.09045 ASK:0.09047 MID:0.09046 P1:0.09046 P2:0.09046 P3:0.090465 P4:0.090475 STATE:IDLE
[2026-05-16 10:27:29Z] CHK MOM:-0.01% RANGE:0.02% UP:9.09% SPREAD:0.02211166% BID:0.09045 ASK:0.09047 MID:0.09046 P1:0.09046 P2:0.09046 P3:0.090465 P4:0.090475 STATE:IDLE
[2026-05-16 10:27:30Z] CHK MOM:-0.01% RANGE:0.02% UP:9.09% SPREAD:0.02211166% BID:0.09045 ASK:0.09047 MID:0.09046 P1:0.09046 P2:0.09046 P3:0.090465 P4:0.090475 STATE:IDLE
[2026-05-16 10:27:30Z] CHK MOM:-0.02% RANGE:0.02% UP:0% SPREAD:0.02211166% BID:0.09045 ASK:0.09047 MID:0.09046 P1:0.09046 P2:0.09046 P3:0.09046 P4:0.090465 STATE:IDLE
[2026-05-16 10:27:31Z] CHK MOM:-0.01% RANGE:0.02% UP:10% SPREAD:0.02210921% BID:0.09046 ASK:0.09048 MID:0.09047 P1:0.09047 P2:0.09046 P3:0.09046 P4:0.09046 STATE:IDLE
[2026-05-16 10:27:31Z] CHK MOM:-0.01% RANGE:0.02% UP:18.18% SPREAD:0.01105338% BID:0.09047 ASK:0.09048 MID:0.090475 P1:0.090475 P2:0.09047 P3:0.09046 P4:0.09046 STATE:IDLE
[2026-05-16 10:27:32Z] CHK MOM:-0.01% RANGE:0.02% UP:16.66% SPREAD:0.01105338% BID:0.09047 ASK:0.09048 MID:0.090475 P1:0.090475 P2:0.090475 P3:0.09047 P4:0.09046 STATE:IDLE
[2026-05-16 10:27:32Z] CHK MOM:-0.01% RANGE:0.02% UP:16.66% SPREAD:0.01105338% BID:0.09047 ASK:0.09048 MID:0.090475 P1:0.090475 P2:0.090475 P3:0.09047 P4:0.09046 STATE:IDLE
[2026-05-16 10:27:33Z] CHK MOM:-0.01% RANGE:0.02% UP:16.66% SPREAD:0.01105338% BID:0.09047 ASK:0.09048 MID:0.090475 P1:0.090475 P2:0.090475 P3:0.09047 P4:0.09046 STATE:IDLE
[2026-05-16 10:27:33Z] CHK MOM:-0.01% RANGE:0.02% UP:16.66% SPREAD:0.01105338% BID:0.09047 ASK:0.09048 MID:0.090475 P1:0.090475 P2:0.090475 P3:0.09047 P4:0.09046 STATE:IDLE
[2026-05-16 10:27:34Z] CHK MOM:-0.01% RANGE:0.02% UP:16.66% SPREAD:0.01105338% BID:0.09047 ASK:0.09048 MID:0.090475 P1:0.090475 P2:0.090475 P3:0.09047 P4:0.09046 STATE:IDLE
[2026-05-16 10:27:34Z] CHK MOM:-0.01% RANGE:0.02% UP:16.66% SPREAD:0.01105338% BID:0.09047 ASK:0.09048 MID:0.090475 P1:0.090475 P2:0.090475 P3:0.09047 P4:0.09046 STATE:IDLE
[2026-05-16 10:27:36Z] CHK MOM:0% RANGE:0.01% UP:22.22% SPREAD:0.01105338% BID:0.09047 ASK:0.09048 MID:0.090475 P1:0.090475 P2:0.090475 P3:0.090475 P4:0.09047 STATE:IDLE
[2026-05-16 10:27:36Z] CHK MOM:-0.01% RANGE:0.01% UP:22.22% SPREAD:0.0110546% BID:0.09046 ASK:0.09047 MID:0.09046499 P1:0.09046499 P2:0.090475 P3:0.090475 P4:0.090475 STATE:IDLE
[2026-05-16 10:27:37Z] CHK MOM:-0.01% RANGE:0.01% UP:22.22% SPREAD:0.0110546% BID:0.09046 ASK:0.09047 MID:0.09046499 P1:0.09046499 P2:0.090475 P3:0.090475 P4:0.090475 STATE:IDLE
[2026-05-16 10:27:37Z] CHK MOM:-0.01% RANGE:0.01% UP:22.22% SPREAD:0.0110546% BID:0.09046 ASK:0.09047 MID:0.09046499 P1:0.09046499 P2:0.090475 P3:0.090475 P4:0.090475 STATE:IDLE
[2026-05-16 10:27:38Z] CHK MOM:-0.01% RANGE:0.01% UP:22.22% SPREAD:0.0110546% BID:0.09046 ASK:0.09047 MID:0.09046499 P1:0.09046499 P2:0.090475 P3:0.090475 P4:0.090475 STATE:IDLE
[2026-05-16 10:27:38Z] CHK MOM:-0.01% RANGE:0.01% UP:22.22% SPREAD:0.0110546% BID:0.09046 ASK:0.09047 MID:0.09046499 P1:0.09046499 P2:0.090475 P3:0.090475 P4:0.090475 STATE:IDLE
[2026-05-16 10:27:39Z] CHK MOM:0% RANGE:0.01% UP:25% SPREAD:0.0110546% BID:0.09046 ASK:0.09047 MID:0.09046499 P1:0.09046499 P2:0.09046499 P3:0.090475 P4:0.090475 STATE:IDLE
[2026-05-16 10:27:39Z] CHK MOM:0% RANGE:0.01% UP:25% SPREAD:0.0110546% BID:0.09046 ASK:0.09047 MID:0.09046499 P1:0.09046499 P2:0.09046499 P3:0.09046499 P4:0.090475 STATE:IDLE
[2026-05-16 10:27:40Z] CHK MOM:0% RANGE:0.01% UP:25% SPREAD:0.0110546% BID:0.09046 ASK:0.09047 MID:0.09046499 P1:0.09046499 P2:0.09046499 P3:0.09046499 P4:0.090475 STATE:IDLE
[2026-05-16 10:27:41Z] CHK MOM:0% RANGE:0.01% UP:25% SPREAD:0.0110546% BID:0.09046 ASK:0.09047 MID:0.09046499 P1:0.09046499 P2:0.09046499 P3:0.09046499 P4:0.090475 STATE:IDLE
[2026-05-16 10:27:41Z] CHK MOM:0% RANGE:0.01% UP:25% SPREAD:0.0110546% BID:0.09046 ASK:0.09047 MID:0.09046499 P1:0.09046499 P2:0.09046499 P3:0.09046499 P4:0.090475 STATE:IDLE
[2026-05-16 10:27:42Z] CHK MOM:0% RANGE:0.01% UP:25% SPREAD:0.0110546% BID:0.09046 ASK:0.09047 MID:0.09046499 P1:0.09046499 P2:0.09046499 P3:0.09046499 P4:0.09046499 STATE:IDLE
[2026-05-16 10:27:42Z] CHK MOM:0% RANGE:0.01% UP:25% SPREAD:0.0110546% BID:0.09046 ASK:0.09047 MID:0.09046499 P1:0.09046499 P2:0.09046499 P3:0.09046499 P4:0.09046499 STATE:IDLE
[2026-05-16 10:27:43Z] CHK MOM:0% RANGE:0.01% UP:25% SPREAD:0.0110546% BID:0.09046 ASK:0.09047 MID:0.09046499 P1:0.09046499 P2:0.09046499 P3:0.09046499 P4:0.09046499 STATE:IDLE
[2026-05-16 10:27:43Z] CHK MOM:0% RANGE:0.01% UP:25% SPREAD:0.0110546% BID:0.09046 ASK:0.09047 MID:0.09046499 P1:0.09046499 P2:0.09046499 P3:0.09046499 P4:0.09046499 STATE:IDLE
[2026-05-16 10:27:44Z] CHK MOM:0% RANGE:0.01% UP:25% SPREAD:0.0110546% BID:0.09046 ASK:0.09047 MID:0.09046499 P1:0.09046499 P2:0.09046499 P3:0.09046499 P4:0.09046499 STATE:IDLE
[2026-05-16 10:27:44Z] CHK MOM:0% RANGE:0.01% UP:25% SPREAD:0.0110546% BID:0.09046 ASK:0.09047 MID:0.09046499 P1:0.09046499 P2:0.09046499 P3:0.09046499 P4:0.09046499 STATE:IDLE
[2026-05-16 10:27:48Z] CHK MOM:0% RANGE:0% UP:0% SPREAD:0.02211166% BID:0.09045 ASK:0.09047 MID:0.09046 P1:0.09046 P2:0.09046499 P3:0.09046499 P4:0.09046499 STATE:IDLE
[2026-05-16 10:27:48Z] TOKEN_SWITCH old=HBARUSDC new=SUIUSDC source=.service.env
[2026-05-16 10:48:12Z] SESSION_START symbol=HBARUSDC dry_run=0 profile=major strategy=momentum base_url=https://api.binance.com
[2026-05-16 10:48:12Z] TOXIC_MEMORY_LOADED count=1 symbols=ORDIUSDC
[2026-05-16 10:48:14Z] CHK MOM:0% RANGE:0% UP:0% SPREAD:0.01100836% BID:0.09084 ASK:0.09085 MID:0.090845 P1:0.090845 P2:NA P3:NA P4:NA STATE:IDLE
[2026-05-16 10:48:14Z] CHK MOM:0% RANGE:0% UP:0% SPREAD:0.01100836% BID:0.09084 ASK:0.09085 MID:0.090845 P1:0.090845 P2:0.090845 P3:NA P4:NA STATE:IDLE
[2026-05-16 10:48:15Z] CHK MOM:0% RANGE:0% UP:0% SPREAD:0.01100836% BID:0.09084 ASK:0.09085 MID:0.090845 P1:0.090845 P2:0.090845 P3:NA P4:NA STATE:IDLE
[2026-05-16 10:48:15Z] CHK MOM:0% RANGE:0% UP:0% SPREAD:0.01100836% BID:0.09084 ASK:0.09085 MID:0.090845 P1:0.090845 P2:0.090845 P3:0.090845 P4:NA STATE:IDLE
[2026-05-16 10:48:16Z] CHK MOM:0% RANGE:0% UP:0% SPREAD:0.01100836% BID:0.09084 ASK:0.09085 MID:0.090845 P1:0.090845 P2:0.090845 P3:0.090845 P4:NA STATE:IDLE
[2026-05-16 10:48:16Z] CHK MOM:0% RANGE:0% UP:0% SPREAD:0.01100836% BID:0.09084 ASK:0.09085 MID:0.090845 P1:0.090845 P2:0.090845 P3:0.090845 P4:NA STATE:IDLE
[2026-05-16 10:48:17Z] CHK MOM:0% RANGE:0% UP:0% SPREAD:0.01100836% BID:0.09084 ASK:0.09085 MID:0.090845 P1:0.090845 P2:0.090845 P3:0.090845 P4:NA STATE:IDLE
[2026-05-16 10:48:17Z] CHK MOM:0% RANGE:0% UP:0% SPREAD:0.01100836% BID:0.09084 ASK:0.09085 MID:0.090845 P1:0.090845 P2:0.090845 P3:0.090845 P4:NA STATE:IDLE
[2026-05-16 10:48:18Z] CHK MOM:0% RANGE:0% UP:0% SPREAD:0.01100836% BID:0.09084 ASK:0.09085 MID:0.090845 P1:0.090845 P2:0.090845 P3:0.090845 P4:NA STATE:IDLE
[2026-05-16 10:48:21Z] CHK MOM:0% RANGE:0% UP:0% SPREAD:0.01100836% BID:0.09084 ASK:0.09085 MID:0.090845 P1:0.090845 P2:0.090845 P3:0.090845 P4:0.090845 STATE:IDLE
[2026-05-16 10:48:22Z] CHK MOM:0% RANGE:0% UP:0% SPREAD:0.01100836% BID:0.09084 ASK:0.09085 MID:0.090845 P1:0.090845 P2:0.090845 P3:0.090845 P4:0.090845 STATE:IDLE
[2026-05-16 10:48:22Z] CHK MOM:0% RANGE:0% UP:0% SPREAD:0.01100836% BID:0.09084 ASK:0.09085 MID:0.090845 P1:0.090845 P2:0.090845 P3:0.090845 P4:0.090845 STATE:IDLE
[2026-05-16 10:48:23Z] CHK MOM:0% RANGE:0% UP:0% SPREAD:0.01100836% BID:0.09084 ASK:0.09085 MID:0.090845 P1:0.090845 P2:0.090845 P3:0.090845 P4:0.090845 STATE:IDLE
[2026-05-16 10:48:23Z] CHK MOM:0% RANGE:0% UP:0% SPREAD:0.01100836% BID:0.09084 ASK:0.09085 MID:0.090845 P1:0.090845 P2:0.090845 P3:0.090845 P4:0.090845 STATE:IDLE
[2026-05-16 10:48:24Z] CHK MOM:0% RANGE:0% UP:0% SPREAD:0.01100836% BID:0.09084 ASK:0.09085 MID:0.090845 P1:0.090845 P2:0.090845 P3:0.090845 P4:0.090845 STATE:IDLE
[2026-05-16 10:48:24Z] CHK MOM:0% RANGE:0% UP:0% SPREAD:0.01100836% BID:0.09084 ASK:0.09085 MID:0.090845 P1:0.090845 P2:0.090845 P3:0.090845 P4:0.090845 STATE:IDLE
[2026-05-16 10:48:25Z] CHK MOM:0% RANGE:0% UP:0% SPREAD:0.01100836% BID:0.09084 ASK:0.09085 MID:0.090845 P1:0.090845 P2:0.090845 P3:0.090845 P4:0.090845 STATE:IDLE
[2026-05-16 10:48:25Z] CHK MOM:0% RANGE:0% UP:0% SPREAD:0.01100836% BID:0.09084 ASK:0.09085 MID:0.090845 P1:0.090845 P2:0.090845 P3:0.090845 P4:0.090845 STATE:IDLE
[2026-05-16 10:48:26Z] CHK MOM:0% RANGE:0% UP:0% SPREAD:0.01100836% BID:0.09084 ASK:0.09085 MID:0.090845 P1:0.090845 P2:0.090845 P3:0.090845 P4:0.090845 STATE:IDLE
[2026-05-16 10:48:27Z] CHK MOM:0% RANGE:0% UP:0% SPREAD:0.01100836% BID:0.09084 ASK:0.09085 MID:0.090845 P1:0.090845 P2:0.090845 P3:0.090845 P4:0.090845 STATE:IDLE
[2026-05-16 10:48:27Z] CHK MOM:0% RANGE:0% UP:0% SPREAD:0.01100836% BID:0.09084 ASK:0.09085 MID:0.090845 P1:0.090845 P2:0.090845 P3:0.090845 P4:0.090845 STATE:IDLE
[2026-05-16 10:48:30Z] CHK MOM:0.02% RANGE:0.02% UP:25% SPREAD:0.01100594% BID:0.09086 ASK:0.09087 MID:0.090865 P1:0.090865 P2:0.090845 P3:0.090845 P4:0.090845 STATE:IDLE
[2026-05-16 10:48:30Z] CHK MOM:0.02% RANGE:0.02% UP:25% SPREAD:0.01100594% BID:0.09086 ASK:0.09087 MID:0.090865 P1:0.090865 P2:0.090845 P3:0.090845 P4:0.090845 STATE:IDLE
[2026-05-16 10:48:31Z] CHK MOM:0.02% RANGE:0.02% UP:20% SPREAD:0.01100594% BID:0.09086 ASK:0.09087 MID:0.090865 P1:0.090865 P2:0.090865 P3:0.090845 P4:0.090845 STATE:IDLE
[2026-05-16 10:48:31Z] CHK MOM:0.02% RANGE:0.02% UP:16.66% SPREAD:0.01100594% BID:0.09086 ASK:0.09087 MID:0.090865 P1:0.090865 P2:0.090865 P3:0.090865 P4:0.090845 STATE:IDLE
[2026-05-16 10:48:32Z] CHK MOM:0.02% RANGE:0.02% UP:16.66% SPREAD:0.01100594% BID:0.09086 ASK:0.09087 MID:0.090865 P1:0.090865 P2:0.090865 P3:0.090865 P4:0.090845 STATE:IDLE
[2026-05-16 10:48:33Z] CHK MOM:0.02% RANGE:0.02% UP:14.28% SPREAD:0.01100594% BID:0.09086 ASK:0.09087 MID:0.090865 P1:0.090865 P2:0.090865 P3:0.090865 P4:0.090865 STATE:IDLE
[2026-05-16 10:48:33Z] CHK MOM:0.02% RANGE:0.02% UP:14.28% SPREAD:0.01100594% BID:0.09086 ASK:0.09087 MID:0.090865 P1:0.090865 P2:0.090865 P3:0.090865 P4:0.090865 STATE:IDLE
[2026-05-16 10:48:34Z] CHK MOM:0.02% RANGE:0.02% UP:14.28% SPREAD:0.01100594% BID:0.09086 ASK:0.09087 MID:0.090865 P1:0.090865 P2:0.090865 P3:0.090865 P4:0.090865 STATE:IDLE
[2026-05-16 10:48:34Z] CHK MOM:0.02% RANGE:0.02% UP:14.28% SPREAD:0.01100594% BID:0.09086 ASK:0.09087 MID:0.090865 P1:0.090865 P2:0.090865 P3:0.090865 P4:0.090865 STATE:IDLE
[2026-05-16 10:48:35Z] CHK MOM:0.02% RANGE:0.02% UP:16.66% SPREAD:0.01100594% BID:0.09086 ASK:0.09087 MID:0.090865 P1:0.090865 P2:0.090865 P3:0.090865 P4:0.090865 STATE:IDLE
[2026-05-16 10:48:35Z] CHK MOM:0.02% RANGE:0.02% UP:16.66% SPREAD:0.01100594% BID:0.09086 ASK:0.09087 MID:0.090865 P1:0.090865 P2:0.090865 P3:0.090865 P4:0.090865 STATE:IDLE
[2026-05-16 10:48:36Z] CHK MOM:0.02% RANGE:0.02% UP:16.66% SPREAD:0.01100594% BID:0.09086 ASK:0.09087 MID:0.090865 P1:0.090865 P2:0.090865 P3:0.090865 P4:0.090865 STATE:IDLE
[2026-05-16 10:48:36Z] CHK MOM:0.02% RANGE:0.02% UP:16.66% SPREAD:0.01100594% BID:0.09086 ASK:0.09087 MID:0.090865 P1:0.090865 P2:0.090865 P3:0.090865 P4:0.090865 STATE:IDLE
[2026-05-16 10:48:37Z] CHK MOM:0.02% RANGE:0.02% UP:16.66% SPREAD:0.01100594% BID:0.09086 ASK:0.09087 MID:0.090865 P1:0.090865 P2:0.090865 P3:0.090865 P4:0.090865 STATE:IDLE
[2026-05-16 10:48:38Z] CHK MOM:0% RANGE:0% UP:0% SPREAD:0.0220143% BID:0.09085 ASK:0.09087 MID:0.09086 P1:0.09086 P2:0.090865 P3:0.090865 P4:0.090865 STATE:IDLE
[2026-05-16 10:48:38Z] CHK MOM:0% RANGE:0% UP:0% SPREAD:0.0220143% BID:0.09085 ASK:0.09087 MID:0.09086 P1:0.09086 P2:0.09086 P3:0.090865 P4:0.090865 STATE:IDLE
[2026-05-16 10:48:39Z] CHK MOM:0% RANGE:0% UP:0% SPREAD:0.0220143% BID:0.09085 ASK:0.09087 MID:0.09086 P1:0.09086 P2:0.09086 P3:0.09086 P4:0.090865 STATE:IDLE
[2026-05-16 10:48:39Z] CHK MOM:0% RANGE:0% UP:12.5% SPREAD:0.01100594% BID:0.09086 ASK:0.09087 MID:0.090865 P1:0.090865 P2:0.09086 P3:0.09086 P4:0.09086 STATE:IDLE
[2026-05-16 10:48:40Z] CHK MOM:0% RANGE:0% UP:11.11% SPREAD:0.0220143% BID:0.09085 ASK:0.09087 MID:0.09086 P1:0.09086 P2:0.090865 P3:0.09086 P4:0.09086 STATE:IDLE
[2026-05-16 10:48:40Z] CHK MOM:0% RANGE:0% UP:11.11% SPREAD:0.0220143% BID:0.09085 ASK:0.09087 MID:0.09086 P1:0.09086 P2:0.090865 P3:0.09086 P4:0.09086 STATE:IDLE
[2026-05-16 10:48:41Z] CHK MOM:0% RANGE:0% UP:11.11% SPREAD:0.0220143% BID:0.09085 ASK:0.09087 MID:0.09086 P1:0.09086 P2:0.090865 P3:0.09086 P4:0.09086 STATE:IDLE
[2026-05-16 10:48:41Z] CHK MOM:0% RANGE:0% UP:11.11% SPREAD:0.0220143% BID:0.09085 ASK:0.09087 MID:0.09086 P1:0.09086 P2:0.090865 P3:0.09086 P4:0.09086 STATE:IDLE
[2026-05-16 10:48:42Z] CHK MOM:0% RANGE:0% UP:10% SPREAD:0.0220143% BID:0.09085 ASK:0.09087 MID:0.09086 P1:0.09086 P2:0.09086 P3:0.090865 P4:0.09086 STATE:IDLE
[2026-05-16 10:48:42Z] CHK MOM:0% RANGE:0% UP:10% SPREAD:0.0220143% BID:0.09085 ASK:0.09087 MID:0.09086 P1:0.09086 P2:0.09086 P3:0.090865 P4:0.09086 STATE:IDLE
[2026-05-16 10:48:43Z] CHK MOM:0% RANGE:0% UP:10% SPREAD:0.0220143% BID:0.09085 ASK:0.09087 MID:0.09086 P1:0.09086 P2:0.09086 P3:0.090865 P4:0.09086 STATE:IDLE
[2026-05-16 10:48:44Z] CHK MOM:0% RANGE:0% UP:25% SPREAD:0.01100594% BID:0.09086 ASK:0.09087 MID:0.090865 P1:0.090865 P2:0.09086 P3:0.09086 P4:0.090865 STATE:IDLE
[2026-05-16 10:48:44Z] CHK MOM:0% RANGE:0% UP:25% SPREAD:0.01100594% BID:0.09086 ASK:0.09087 MID:0.090865 P1:0.090865 P2:0.09086 P3:0.09086 P4:0.090865 STATE:IDLE
[2026-05-16 10:48:45Z] CHK MOM:-0.01% RANGE:0.01% UP:25% SPREAD:0.01100715% BID:0.09085 ASK:0.09086 MID:0.09085499 P1:0.09085499 P2:0.090865 P3:0.09086 P4:0.09086 STATE:IDLE
[2026-05-16 10:48:45Z] CHK MOM:-0.01% RANGE:0.01% UP:22.22% SPREAD:0.01100715% BID:0.09085 ASK:0.09086 MID:0.09085499 P1:0.09085499 P2:0.09085499 P3:0.090865 P4:0.09086 STATE:IDLE
[2026-05-16 10:48:46Z] CHK MOM:-0.01% RANGE:0.01% UP:22.22% SPREAD:0.01100715% BID:0.09085 ASK:0.09086 MID:0.09085499 P1:0.09085499 P2:0.09085499 P3:0.090865 P4:0.09086 STATE:IDLE
[2026-05-16 10:48:46Z] CHK MOM:-0.01% RANGE:0.01% UP:22.22% SPREAD:0.01100715% BID:0.09085 ASK:0.09086 MID:0.09085499 P1:0.09085499 P2:0.09085499 P3:0.090865 P4:0.09086 STATE:IDLE
[2026-05-16 10:48:47Z] CHK MOM:-0.01% RANGE:0.01% UP:22.22% SPREAD:0.01100715% BID:0.09085 ASK:0.09086 MID:0.09085499 P1:0.09085499 P2:0.09085499 P3:0.090865 P4:0.09086 STATE:IDLE
[2026-05-16 10:48:47Z] CHK MOM:-0.01% RANGE:0.01% UP:22.22% SPREAD:0.01100715% BID:0.09085 ASK:0.09086 MID:0.09085499 P1:0.09085499 P2:0.09085499 P3:0.090865 P4:0.09086 STATE:IDLE
[2026-05-16 10:48:48Z] CHK MOM:0% RANGE:0.01% UP:22.22% SPREAD:0.01100715% BID:0.09085 ASK:0.09086 MID:0.09085499 P1:0.09085499 P2:0.09085499 P3:0.09085499 P4:0.090865 STATE:IDLE
[2026-05-16 10:48:49Z] CHK MOM:0% RANGE:0.01% UP:22.22% SPREAD:0.01100715% BID:0.09085 ASK:0.09086 MID:0.09085499 P1:0.09085499 P2:0.09085499 P3:0.09085499 P4:0.090865 STATE:IDLE
[2026-05-16 10:48:49Z] CHK MOM:0% RANGE:0.01% UP:20% SPREAD:0.01100715% BID:0.09085 ASK:0.09086 MID:0.09085499 P1:0.09085499 P2:0.09085499 P3:0.09085499 P4:0.09085499 STATE:IDLE
[2026-05-16 10:48:50Z] CHK MOM:0% RANGE:0.01% UP:20% SPREAD:0.01100715% BID:0.09085 ASK:0.09086 MID:0.09085499 P1:0.09085499 P2:0.09085499 P3:0.09085499 P4:0.09085499 STATE:IDLE
[2026-05-16 10:48:50Z] CHK MOM:0% RANGE:0.01% UP:20% SPREAD:0.01100715% BID:0.09085 ASK:0.09086 MID:0.09085499 P1:0.09085499 P2:0.09085499 P3:0.09085499 P4:0.09085499 STATE:IDLE
[2026-05-16 10:48:51Z] CHK MOM:0% RANGE:0.01% UP:20% SPREAD:0.01100715% BID:0.09085 ASK:0.09086 MID:0.09085499 P1:0.09085499 P2:0.09085499 P3:0.09085499 P4:0.09085499 STATE:IDLE
[2026-05-16 10:48:51Z] CHK MOM:0% RANGE:0.01% UP:20% SPREAD:0.01100715% BID:0.09085 ASK:0.09086 MID:0.09085499 P1:0.09085499 P2:0.09085499 P3:0.09085499 P4:0.09085499 STATE:IDLE
[2026-05-16 10:48:52Z] CHK MOM:0% RANGE:0.01% UP:20% SPREAD:0.01100715% BID:0.09085 ASK:0.09086 MID:0.09085499 P1:0.09085499 P2:0.09085499 P3:0.09085499 P4:0.09085499 STATE:IDLE
[2026-05-16 10:49:02Z] CHK MOM:0% RANGE:0% UP:0% SPREAD:0.01100715% BID:0.09085 ASK:0.09086 MID:0.09085499 P1:0.09085499 P2:0.09085499 P3:0.09085499 P4:0.09085499 STATE:IDLE
[2026-05-16 10:49:02Z] CHK MOM:0% RANGE:0% UP:0% SPREAD:0.01100715% BID:0.09085 ASK:0.09086 MID:0.09085499 P1:0.09085499 P2:0.09085499 P3:0.09085499 P4:0.09085499 STATE:IDLE
[2026-05-16 10:49:03Z] CHK MOM:0% RANGE:0% UP:0% SPREAD:0.01100715% BID:0.09085 ASK:0.09086 MID:0.09085499 P1:0.09085499 P2:0.09085499 P3:0.09085499 P4:0.09085499 STATE:IDLE
[2026-05-16 10:49:03Z] CHK MOM:0% RANGE:0% UP:0% SPREAD:0.01100715% BID:0.09085 ASK:0.09086 MID:0.09085499 P1:0.09085499 P2:0.09085499 P3:0.09085499 P4:0.09085499 STATE:IDLE
[2026-05-16 10:49:04Z] CHK MOM:0% RANGE:0% UP:0% SPREAD:0.01100715% BID:0.09085 ASK:0.09086 MID:0.09085499 P1:0.09085499 P2:0.09085499 P3:0.09085499 P4:0.09085499 STATE:IDLE
[2026-05-16 10:49:04Z] CHK MOM:-0.01% RANGE:0.01% UP:0% SPREAD:0.01100836% BID:0.09084 ASK:0.09085 MID:0.090845 P1:0.090845 P2:0.09085499 P3:0.09085499 P4:0.09085499 STATE:IDLE
[2026-05-16 10:49:05Z] CHK MOM:-0.02% RANGE:0.02% UP:0% SPREAD:0.01100957% BID:0.09083 ASK:0.09084 MID:0.090835 P1:0.090835 P2:0.090845 P3:0.09085499 P4:0.09085499 STATE:IDLE
[2026-05-16 10:49:05Z] CHK MOM:-0.02% RANGE:0.02% UP:0% SPREAD:0.01100957% BID:0.09083 ASK:0.09084 MID:0.090835 P1:0.090835 P2:0.090835 P3:0.090845 P4:0.09085499 STATE:IDLE
[2026-05-16 10:49:06Z] CHK MOM:-0.02% RANGE:0.02% UP:0% SPREAD:0.01100957% BID:0.09083 ASK:0.09084 MID:0.090835 P1:0.090835 P2:0.090835 P3:0.090845 P4:0.09085499 STATE:IDLE
[2026-05-16 10:49:06Z] CHK MOM:-0.02% RANGE:0.02% UP:0% SPREAD:0.01100957% BID:0.09083 ASK:0.09084 MID:0.090835 P1:0.090835 P2:0.090835 P3:0.090845 P4:0.09085499 STATE:IDLE
[2026-05-16 10:49:07Z] CHK MOM:-0.02% RANGE:0.02% UP:0% SPREAD:0.01100957% BID:0.09083 ASK:0.09084 MID:0.090835 P1:0.090835 P2:0.090835 P3:0.090845 P4:0.09085499 STATE:IDLE
[2026-05-16 10:49:08Z] CHK MOM:-0.02% RANGE:0.02% UP:0% SPREAD:0.01100957% BID:0.09083 ASK:0.09084 MID:0.090835 P1:0.090835 P2:0.090835 P3:0.090845 P4:0.09085499 STATE:IDLE
[2026-05-16 10:49:22Z] CHK MOM:0% RANGE:0% UP:0% SPREAD:0.01100836% BID:0.09084 ASK:0.09085 MID:0.090845 P1:0.090845 P2:0.090835 P3:0.090835 P4:0.090845 STATE:IDLE
[2026-05-16 10:49:23Z] CHK MOM:0% RANGE:0% UP:0% SPREAD:0.01100836% BID:0.09084 ASK:0.09085 MID:0.090845 P1:0.090845 P2:0.090835 P3:0.090835 P4:0.090845 STATE:IDLE
[2026-05-16 10:49:23Z] CHK MOM:0% RANGE:0% UP:0% SPREAD:0.01100836% BID:0.09084 ASK:0.09085 MID:0.090845 P1:0.090845 P2:0.090835 P3:0.090835 P4:0.090845 STATE:IDLE
[2026-05-16 10:49:24Z] CHK MOM:0% RANGE:0% UP:0% SPREAD:0.01100836% BID:0.09084 ASK:0.09085 MID:0.090845 P1:0.090845 P2:0.090835 P3:0.090835 P4:0.090845 STATE:IDLE
[2026-05-16 10:49:24Z] CHK MOM:0% RANGE:0% UP:0% SPREAD:0.01100836% BID:0.09084 ASK:0.09085 MID:0.090845 P1:0.090845 P2:0.090835 P3:0.090835 P4:0.090845 STATE:IDLE
[2026-05-16 10:49:30Z] CHK MOM:0% RANGE:0% UP:0% SPREAD:0.01100836% BID:0.09084 ASK:0.09085 MID:0.090845 P1:0.090845 P2:0.090845 P3:0.090835 P4:0.090835 STATE:IDLE
[2026-05-16 10:49:30Z] CHK MOM:0% RANGE:0% UP:0% SPREAD:0.01100836% BID:0.09084 ASK:0.09085 MID:0.090845 P1:0.090845 P2:0.090845 P3:0.090845 P4:0.090835 STATE:IDLE
[2026-05-16 10:49:31Z] CHK MOM:0% RANGE:0% UP:0% SPREAD:0.01100836% BID:0.09084 ASK:0.09085 MID:0.090845 P1:0.090845 P2:0.090845 P3:0.090845 P4:0.090845 STATE:IDLE
[2026-05-16 10:49:31Z] CHK MOM:0% RANGE:0% UP:0% SPREAD:0.01100836% BID:0.09084 ASK:0.09085 MID:0.090845 P1:0.090845 P2:0.090845 P3:0.090845 P4:0.090845 STATE:IDLE
[2026-05-16 10:49:32Z] CHK MOM:0% RANGE:0% UP:0% SPREAD:0.01100836% BID:0.09084 ASK:0.09085 MID:0.090845 P1:0.090845 P2:0.090845 P3:0.090845 P4:0.090845 STATE:IDLE
[2026-05-16 10:49:32Z] CHK MOM:0% RANGE:0% UP:0% SPREAD:0.01100836% BID:0.09084 ASK:0.09085 MID:0.090845 P1:0.090845 P2:0.090845 P3:0.090845 P4:0.090845 STATE:IDLE
[2026-05-16 10:49:33Z] CHK MOM:0% RANGE:0% UP:0% SPREAD:0.01100836% BID:0.09084 ASK:0.09085 MID:0.090845 P1:0.090845 P2:0.090845 P3:0.090845 P4:0.090845 STATE:IDLE
[2026-05-16 10:49:33Z] CHK MOM:0% RANGE:0% UP:0% SPREAD:0.01100836% BID:0.09084 ASK:0.09085 MID:0.090845 P1:0.090845 P2:0.090845 P3:0.090845 P4:0.090845 STATE:IDLE
[2026-05-16 10:49:34Z] CHK MOM:0% RANGE:0% UP:0% SPREAD:0.01100836% BID:0.09084 ASK:0.09085 MID:0.090845 P1:0.090845 P2:0.090845 P3:0.090845 P4:0.090845 STATE:IDLE
[2026-05-16 10:49:34Z] CHK MOM:0% RANGE:0% UP:0% SPREAD:0.01100836% BID:0.09084 ASK:0.09085 MID:0.090845 P1:0.090845 P2:0.090845 P3:0.090845 P4:0.090845 STATE:IDLE
[2026-05-16 10:49:35Z] CHK MOM:0.01% RANGE:0.01% UP:25% SPREAD:0.01100715% BID:0.09085 ASK:0.09086 MID:0.09085499 P1:0.09085499 P2:0.090845 P3:0.090845 P4:0.090845 STATE:IDLE
[2026-05-16 10:49:36Z] CHK MOM:0.01% RANGE:0.01% UP:20% SPREAD:0.01100715% BID:0.09085 ASK:0.09086 MID:0.09085499 P1:0.09085499 P2:0.09085499 P3:0.090845 P4:0.090845 STATE:IDLE
[2026-05-16 10:49:36Z] CHK MOM:0.01% RANGE:0.01% UP:20% SPREAD:0.01100715% BID:0.09085 ASK:0.09086 MID:0.09085499 P1:0.09085499 P2:0.09085499 P3:0.090845 P4:0.090845 STATE:IDLE
[2026-05-16 10:49:37Z] CHK MOM:0.01% RANGE:0.01% UP:20% SPREAD:0.01100715% BID:0.09085 ASK:0.09086 MID:0.09085499 P1:0.09085499 P2:0.09085499 P3:0.090845 P4:0.090845 STATE:IDLE
[2026-05-16 10:49:37Z] CHK MOM:0.01% RANGE:0.01% UP:16.66% SPREAD:0.01100715% BID:0.09085 ASK:0.09086 MID:0.09085499 P1:0.09085499 P2:0.09085499 P3:0.09085499 P4:0.090845 STATE:IDLE
[2026-05-16 10:49:38Z] CHK MOM:0.01% RANGE:0.01% UP:16.66% SPREAD:0.01100715% BID:0.09085 ASK:0.09086 MID:0.09085499 P1:0.09085499 P2:0.09085499 P3:0.09085499 P4:0.090845 STATE:IDLE
[2026-05-16 10:49:38Z] CHK MOM:0.01% RANGE:0.01% UP:16.66% SPREAD:0.01100715% BID:0.09085 ASK:0.09086 MID:0.09085499 P1:0.09085499 P2:0.09085499 P3:0.09085499 P4:0.090845 STATE:IDLE
[2026-05-16 10:49:39Z] CHK MOM:0.01% RANGE:0.01% UP:16.66% SPREAD:0.01100715% BID:0.09085 ASK:0.09086 MID:0.09085499 P1:0.09085499 P2:0.09085499 P3:0.09085499 P4:0.090845 STATE:IDLE
[2026-05-16 10:49:39Z] CHK MOM:0.01% RANGE:0.01% UP:16.66% SPREAD:0.01100715% BID:0.09085 ASK:0.09086 MID:0.09085499 P1:0.09085499 P2:0.09085499 P3:0.09085499 P4:0.090845 STATE:IDLE
[2026-05-16 10:49:40Z] CHK MOM:0.01% RANGE:0.01% UP:16.66% SPREAD:0.01100715% BID:0.09085 ASK:0.09086 MID:0.09085499 P1:0.09085499 P2:0.09085499 P3:0.09085499 P4:0.090845 STATE:IDLE
[2026-05-16 10:49:43Z] CHK MOM:0.01% RANGE:0.01% UP:20% SPREAD:0.01100715% BID:0.09085 ASK:0.09086 MID:0.09085499 P1:0.09085499 P2:0.09085499 P3:0.09085499 P4:0.09085499 STATE:IDLE
[2026-05-16 10:49:44Z] CHK MOM:0.01% RANGE:0.01% UP:20% SPREAD:0.01100715% BID:0.09085 ASK:0.09086 MID:0.09085499 P1:0.09085499 P2:0.09085499 P3:0.09085499 P4:0.09085499 STATE:IDLE
[2026-05-16 10:49:44Z] CHK MOM:0.01% RANGE:0.01% UP:20% SPREAD:0.01100715% BID:0.09085 ASK:0.09086 MID:0.09085499 P1:0.09085499 P2:0.09085499 P3:0.09085499 P4:0.09085499 STATE:IDLE
[2026-05-16 10:49:45Z] CHK MOM:0.01% RANGE:0.01% UP:20% SPREAD:0.01100715% BID:0.09085 ASK:0.09086 MID:0.09085499 P1:0.09085499 P2:0.09085499 P3:0.09085499 P4:0.09085499 STATE:IDLE
[2026-05-16 10:49:45Z] CHK MOM:0.01% RANGE:0.01% UP:20% SPREAD:0.01100715% BID:0.09085 ASK:0.09086 MID:0.09085499 P1:0.09085499 P2:0.09085499 P3:0.09085499 P4:0.09085499 STATE:IDLE
[2026-05-16 10:49:46Z] CHK MOM:0.01% RANGE:0.01% UP:20% SPREAD:0.01100715% BID:0.09085 ASK:0.09086 MID:0.09085499 P1:0.09085499 P2:0.09085499 P3:0.09085499 P4:0.09085499 STATE:IDLE
[2026-05-16 10:49:46Z] CHK MOM:-0.01% RANGE:0.01% UP:0% SPREAD:0.01100836% BID:0.09084 ASK:0.09085 MID:0.090845 P1:0.090845 P2:0.09085499 P3:0.09085499 P4:0.09085499 STATE:IDLE
[2026-05-16 10:49:47Z] CHK MOM:0% RANGE:0.01% UP:16.66% SPREAD:0.01100715% BID:0.09085 ASK:0.09086 MID:0.09085499 P1:0.09085499 P2:0.090845 P3:0.09085499 P4:0.09085499 STATE:IDLE
[2026-05-16 10:49:47Z] CHK MOM:0% RANGE:0.01% UP:20% SPREAD:0.01100715% BID:0.09085 ASK:0.09086 MID:0.09085499 P1:0.09085499 P2:0.09085499 P3:0.090845 P4:0.09085499 STATE:IDLE
[2026-05-16 10:49:48Z] CHK MOM:0% RANGE:0.01% UP:20% SPREAD:0.01100715% BID:0.09085 ASK:0.09086 MID:0.09085499 P1:0.09085499 P2:0.09085499 P3:0.090845 P4:0.09085499 STATE:IDLE
[2026-05-16 10:49:49Z] CHK MOM:0.01% RANGE:0.02% UP:33.33% SPREAD:0.01100594% BID:0.09086 ASK:0.09087 MID:0.090865 P1:0.090865 P2:0.09085499 P3:0.09085499 P4:0.090845 STATE:IDLE
[2026-05-16 10:49:49Z] CHK MOM:0.01% RANGE:0.02% UP:33.33% SPREAD:0.01100594% BID:0.09086 ASK:0.09087 MID:0.090865 P1:0.090865 P2:0.09085499 P3:0.09085499 P4:0.090845 STATE:IDLE
[2026-05-16 10:49:50Z] CHK MOM:0.01% RANGE:0.02% UP:33.33% SPREAD:0.01100594% BID:0.09086 ASK:0.09087 MID:0.090865 P1:0.090865 P2:0.090865 P3:0.09085499 P4:0.09085499 STATE:IDLE
[2026-05-16 10:49:50Z] CHK MOM:0.01% RANGE:0.02% UP:33.33% SPREAD:0.01100594% BID:0.09086 ASK:0.09087 MID:0.090865 P1:0.090865 P2:0.090865 P3:0.09085499 P4:0.09085499 STATE:IDLE
[2026-05-16 10:49:51Z] CHK MOM:0.01% RANGE:0.02% UP:33.33% SPREAD:0.01100594% BID:0.09086 ASK:0.09087 MID:0.090865 P1:0.090865 P2:0.090865 P3:0.09085499 P4:0.09085499 STATE:IDLE
[2026-05-16 10:49:51Z] CHK MOM:0.01% RANGE:0.02% UP:33.33% SPREAD:0.01100594% BID:0.09086 ASK:0.09087 MID:0.090865 P1:0.090865 P2:0.090865 P3:0.09085499 P4:0.09085499 STATE:IDLE
[2026-05-16 10:49:52Z] CHK MOM:0.01% RANGE:0.02% UP:28.57% SPREAD:0.01100594% BID:0.09086 ASK:0.09087 MID:0.090865 P1:0.090865 P2:0.090865 P3:0.090865 P4:0.09085499 STATE:IDLE
[2026-05-16 10:49:52Z] CHK MOM:0.01% RANGE:0.02% UP:28.57% SPREAD:0.01100594% BID:0.09086 ASK:0.09087 MID:0.090865 P1:0.090865 P2:0.090865 P3:0.090865 P4:0.09085499 STATE:IDLE
[2026-05-16 10:49:53Z] CHK MOM:0.01% RANGE:0.02% UP:28.57% SPREAD:0.01100594% BID:0.09086 ASK:0.09087 MID:0.090865 P1:0.090865 P2:0.090865 P3:0.090865 P4:0.09085499 STATE:IDLE
[2026-05-16 10:49:54Z] CHK MOM:0.01% RANGE:0.02% UP:25% SPREAD:0.01100594% BID:0.09086 ASK:0.09087 MID:0.090865 P1:0.090865 P2:0.090865 P3:0.090865 P4:0.090865 STATE:IDLE
[2026-05-16 10:49:54Z] CHK MOM:0.01% RANGE:0.02% UP:22.22% SPREAD:0.01100594% BID:0.09086 ASK:0.09087 MID:0.090865 P1:0.090865 P2:0.090865 P3:0.090865 P4:0.090865 STATE:IDLE
[2026-05-16 10:49:55Z] CHK MOM:0.01% RANGE:0.02% UP:22.22% SPREAD:0.01100594% BID:0.09086 ASK:0.09087 MID:0.090865 P1:0.090865 P2:0.090865 P3:0.090865 P4:0.090865 STATE:IDLE
[2026-05-16 10:49:55Z] CHK MOM:0.01% RANGE:0.02% UP:22.22% SPREAD:0.01100594% BID:0.09086 ASK:0.09087 MID:0.090865 P1:0.090865 P2:0.090865 P3:0.090865 P4:0.090865 STATE:IDLE
[2026-05-16 10:49:56Z] CHK MOM:0.01% RANGE:0.02% UP:22.22% SPREAD:0.01100594% BID:0.09086 ASK:0.09087 MID:0.090865 P1:0.090865 P2:0.090865 P3:0.090865 P4:0.090865 STATE:IDLE
[2026-05-16 10:49:56Z] CHK MOM:0.02% RANGE:0.02% UP:22.22% SPREAD:0.01100594% BID:0.09086 ASK:0.09087 MID:0.090865 P1:0.090865 P2:0.090865 P3:0.090865 P4:0.090865 STATE:IDLE
[2026-05-16 10:49:57Z] CHK MOM:0.02% RANGE:0.02% UP:22.22% SPREAD:0.01100594% BID:0.09086 ASK:0.09087 MID:0.090865 P1:0.090865 P2:0.090865 P3:0.090865 P4:0.090865 STATE:IDLE
[2026-05-16 10:49:57Z] CHK MOM:0.02% RANGE:0.02% UP:22.22% SPREAD:0.01100594% BID:0.09086 ASK:0.09087 MID:0.090865 P1:0.090865 P2:0.090865 P3:0.090865 P4:0.090865 STATE:IDLE
[2026-05-16 10:49:58Z] CHK MOM:0.02% RANGE:0.02% UP:22.22% SPREAD:0.01100594% BID:0.09086 ASK:0.09087 MID:0.090865 P1:0.090865 P2:0.090865 P3:0.090865 P4:0.090865 STATE:IDLE
[2026-05-16 10:49:58Z] CHK MOM:0.02% RANGE:0.02% UP:22.22% SPREAD:0.01100594% BID:0.09086 ASK:0.09087 MID:0.090865 P1:0.090865 P2:0.090865 P3:0.090865 P4:0.090865 STATE:IDLE
[2026-05-16 10:49:59Z] CHK MOM:0.02% RANGE:0.02% UP:22.22% SPREAD:0.01100594% BID:0.09086 ASK:0.09087 MID:0.090865 P1:0.090865 P2:0.090865 P3:0.090865 P4:0.090865 STATE:IDLE
[2026-05-16 10:50:00Z] CHK MOM:-0.01% RANGE:0.01% UP:0% SPREAD:0.01100715% BID:0.09085 ASK:0.09086 MID:0.09085499 P1:0.09085499 P2:0.090865 P3:0.090865 P4:0.090865 STATE:IDLE
[2026-05-16 10:50:00Z] CHK MOM:-0.01% RANGE:0.01% UP:0% SPREAD:0.01100715% BID:0.09085 ASK:0.09086 MID:0.09085499 P1:0.09085499 P2:0.090865 P3:0.090865 P4:0.090865 STATE:IDLE
[2026-05-16 10:50:01Z] CHK MOM:-0.01% RANGE:0.01% UP:0% SPREAD:0.02201673% BID:0.09084 ASK:0.09086 MID:0.09085 P1:0.09085 P2:0.09085499 P3:0.090865 P4:0.090865 STATE:IDLE
[2026-05-16 10:50:01Z] CHK MOM:-0.01% RANGE:0.01% UP:0% SPREAD:0.02201673% BID:0.09084 ASK:0.09086 MID:0.09085 P1:0.09085 P2:0.09085499 P3:0.090865 P4:0.090865 STATE:IDLE
[2026-05-16 10:50:02Z] CHK MOM:-0.02% RANGE:0.02% UP:0% SPREAD:0.01100836% BID:0.09084 ASK:0.09085 MID:0.090845 P1:0.090845 P2:0.09085 P3:0.09085499 P4:0.090865 STATE:IDLE
[2026-05-16 10:50:02Z] CHK MOM:-0.03% RANGE:0.03% UP:0% SPREAD:0.01100957% BID:0.09083 ASK:0.09084 MID:0.090835 P1:0.090835 P2:0.090845 P3:0.09085 P4:0.09085499 STATE:IDLE
[2026-05-16 10:50:03Z] CHK MOM:-0.03% RANGE:0.03% UP:0% SPREAD:0.01100957% BID:0.09083 ASK:0.09084 MID:0.090835 P1:0.090835 P2:0.090845 P3:0.09085 P4:0.09085499 STATE:IDLE
[2026-05-16 10:50:03Z] CHK MOM:-0.03% RANGE:0.03% UP:0% SPREAD:0.01100957% BID:0.09083 ASK:0.09084 MID:0.090835 P1:0.090835 P2:0.090845 P3:0.09085 P4:0.09085499 STATE:IDLE
[2026-05-16 10:50:04Z] CHK MOM:-0.03% RANGE:0.03% UP:0% SPREAD:0.01100957% BID:0.09083 ASK:0.09084 MID:0.090835 P1:0.090835 P2:0.090835 P3:0.090845 P4:0.09085 STATE:IDLE
[2026-05-16 10:50:05Z] CHK MOM:-0.03% RANGE:0.03% UP:0% SPREAD:0.01100957% BID:0.09083 ASK:0.09084 MID:0.090835 P1:0.090835 P2:0.090835 P3:0.090835 P4:0.090845 STATE:IDLE
[2026-05-16 10:50:05Z] CHK MOM:-0.03% RANGE:0.03% UP:0% SPREAD:0.01100957% BID:0.09083 ASK:0.09084 MID:0.090835 P1:0.090835 P2:0.090835 P3:0.090835 P4:0.090845 STATE:IDLE
[2026-05-16 10:50:06Z] CHK MOM:-0.02% RANGE:0.03% UP:11.11% SPREAD:0.01100836% BID:0.09084 ASK:0.09085 MID:0.090845 P1:0.090845 P2:0.090835 P3:0.090835 P4:0.090835 STATE:IDLE
[2026-05-16 10:50:06Z] CHK MOM:-0.02% RANGE:0.03% UP:11.11% SPREAD:0.01100836% BID:0.09084 ASK:0.09085 MID:0.090845 P1:0.090845 P2:0.090835 P3:0.090835 P4:0.090835 STATE:IDLE
[2026-05-16 10:50:07Z] CHK MOM:-0.02% RANGE:0.03% UP:11.11% SPREAD:0.01100836% BID:0.09084 ASK:0.09085 MID:0.090845 P1:0.090845 P2:0.090835 P3:0.090835 P4:0.090835 STATE:IDLE
[2026-05-16 10:50:07Z] CHK MOM:-0.02% RANGE:0.03% UP:11.11% SPREAD:0.01100836% BID:0.09084 ASK:0.09085 MID:0.090845 P1:0.090845 P2:0.090835 P3:0.090835 P4:0.090835 STATE:IDLE
[2026-05-16 10:50:08Z] CHK MOM:-0.02% RANGE:0.03% UP:11.11% SPREAD:0.01100836% BID:0.09084 ASK:0.09085 MID:0.090845 P1:0.090845 P2:0.090835 P3:0.090835 P4:0.090835 STATE:IDLE
[2026-05-16 10:50:08Z] CHK MOM:-0.02% RANGE:0.03% UP:11.11% SPREAD:0.01100836% BID:0.09084 ASK:0.09085 MID:0.090845 P1:0.090845 P2:0.090835 P3:0.090835 P4:0.090835 STATE:IDLE
[2026-05-16 10:50:10Z] CHK MOM:-0.01% RANGE:0.02% UP:14.28% SPREAD:0.01100836% BID:0.09084 ASK:0.09085 MID:0.090845 P1:0.090845 P2:0.090845 P3:0.090835 P4:0.090835 STATE:IDLE
[2026-05-16 10:50:11Z] CHK MOM:-0.01% RANGE:0.02% UP:14.28% SPREAD:0.01100836% BID:0.09084 ASK:0.09085 MID:0.090845 P1:0.090845 P2:0.090845 P3:0.090835 P4:0.090835 STATE:IDLE
[2026-05-16 10:50:11Z] CHK MOM:-0.01% RANGE:0.02% UP:14.28% SPREAD:0.01100836% BID:0.09084 ASK:0.09085 MID:0.090845 P1:0.090845 P2:0.090845 P3:0.090835 P4:0.090835 STATE:IDLE
[2026-05-16 10:50:12Z] CHK MOM:-0.01% RANGE:0.02% UP:14.28% SPREAD:0.01100836% BID:0.09084 ASK:0.09085 MID:0.090845 P1:0.090845 P2:0.090845 P3:0.090835 P4:0.090835 STATE:IDLE
[2026-05-16 10:50:12Z] CHK MOM:-0.01% RANGE:0.02% UP:14.28% SPREAD:0.01100836% BID:0.09084 ASK:0.09085 MID:0.090845 P1:0.090845 P2:0.090845 P3:0.090835 P4:0.090835 STATE:IDLE
[2026-05-16 10:50:13Z] CHK MOM:0% RANGE:0.01% UP:16.66% SPREAD:0.01100836% BID:0.09084 ASK:0.09085 MID:0.090845 P1:0.090845 P2:0.090845 P3:0.090845 P4:0.090835 STATE:IDLE
[2026-05-16 10:50:14Z] CHK MOM:0% RANGE:0.01% UP:16.66% SPREAD:0.01100836% BID:0.09084 ASK:0.09085 MID:0.090845 P1:0.090845 P2:0.090845 P3:0.090845 P4:0.090835 STATE:IDLE
[2026-05-16 10:50:14Z] CHK MOM:0% RANGE:0.01% UP:16.66% SPREAD:0.01100836% BID:0.09084 ASK:0.09085 MID:0.090845 P1:0.090845 P2:0.090845 P3:0.090845 P4:0.090835 STATE:IDLE
[2026-05-16 10:50:15Z] CHK MOM:0% RANGE:0.01% UP:16.66% SPREAD:0.01100836% BID:0.09084 ASK:0.09085 MID:0.090845 P1:0.090845 P2:0.090845 P3:0.090845 P4:0.090835 STATE:IDLE
[2026-05-16 10:50:16Z] CHK MOM:0.02% RANGE:0.02% UP:40% SPREAD:0.01100715% BID:0.09085 ASK:0.09086 MID:0.09085499 P1:0.09085499 P2:0.090845 P3:0.090845 P4:0.090845 STATE:IDLE
[2026-05-16 10:50:16Z] CHK MOM:0.02% RANGE:0.02% UP:40% SPREAD:0.01100715% BID:0.09085 ASK:0.09086 MID:0.09085499 P1:0.09085499 P2:0.09085499 P3:0.090845 P4:0.090845 STATE:IDLE
[2026-05-16 10:50:17Z] CHK MOM:0.02% RANGE:0.02% UP:40% SPREAD:0.01100715% BID:0.09085 ASK:0.09086 MID:0.09085499 P1:0.09085499 P2:0.09085499 P3:0.090845 P4:0.090845 STATE:IDLE
[2026-05-16 10:50:17Z] CHK MOM:0.02% RANGE:0.02% UP:40% SPREAD:0.01100715% BID:0.09085 ASK:0.09086 MID:0.09085499 P1:0.09085499 P2:0.09085499 P3:0.090845 P4:0.090845 STATE:IDLE
[2026-05-16 10:50:18Z] CHK MOM:0.02% RANGE:0.02% UP:40% SPREAD:0.01100715% BID:0.09085 ASK:0.09086 MID:0.09085499 P1:0.09085499 P2:0.09085499 P3:0.090845 P4:0.090845 STATE:IDLE
[2026-05-16 10:50:18Z] CHK MOM:0.02% RANGE:0.02% UP:40% SPREAD:0.01100715% BID:0.09085 ASK:0.09086 MID:0.09085499 P1:0.09085499 P2:0.09085499 P3:0.090845 P4:0.090845 STATE:IDLE
[2026-05-16 10:50:22Z] CHK MOM:0.04% RANGE:0.04% UP:50% SPREAD:0.01100352% BID:0.09088 ASK:0.09089 MID:0.090885 P1:0.090885 P2:0.09085499 P3:0.09085499 P4:0.090845 STATE:IDLE
[2026-05-16 10:50:22Z] CHK MOM:0.04% RANGE:0.04% UP:50% SPREAD:0.01100352% BID:0.09088 ASK:0.09089 MID:0.090885 P1:0.090885 P2:0.090885 P3:0.09085499 P4:0.09085499 STATE:IDLE
[2026-05-16 10:50:23Z] CHK MOM:0.04% RANGE:0.04% UP:50% SPREAD:0.01100352% BID:0.09088 ASK:0.09089 MID:0.090885 P1:0.090885 P2:0.090885 P3:0.09085499 P4:0.09085499 STATE:IDLE
[2026-05-16 10:50:23Z] CHK MOM:0.04% RANGE:0.04% UP:50% SPREAD:0.01100352% BID:0.09088 ASK:0.09089 MID:0.090885 P1:0.090885 P2:0.090885 P3:0.09085499 P4:0.09085499 STATE:IDLE
[2026-05-16 10:50:24Z] CHK MOM:0.04% RANGE:0.04% UP:50% SPREAD:0.01100352% BID:0.09088 ASK:0.09089 MID:0.090885 P1:0.090885 P2:0.090885 P3:0.09085499 P4:0.09085499 STATE:IDLE
[2026-05-16 10:50:24Z] CHK MOM:0.04% RANGE:0.04% UP:50% SPREAD:0.01100352% BID:0.09088 ASK:0.09089 MID:0.090885 P1:0.090885 P2:0.090885 P3:0.09085499 P4:0.09085499 STATE:IDLE
[2026-05-16 10:50:25Z] CHK MOM:0.04% RANGE:0.04% UP:50% SPREAD:0.01100352% BID:0.09088 ASK:0.09089 MID:0.090885 P1:0.090885 P2:0.090885 P3:0.09085499 P4:0.09085499 STATE:IDLE
[2026-05-16 10:50:25Z] CHK MOM:0.05% RANGE:0.05% UP:60% SPREAD:0.01100231% BID:0.09089 ASK:0.0909 MID:0.090895 P1:0.090895 P2:0.090885 P3:0.090885 P4:0.09085499 STATE:IDLE
[2026-05-16 10:50:26Z] CHK MOM:0.05% RANGE:0.05% UP:60% SPREAD:0.01100231% BID:0.09089 ASK:0.0909 MID:0.090895 P1:0.090895 P2:0.090885 P3:0.090885 P4:0.09085499 STATE:IDLE
[2026-05-16 10:50:26Z] CHK MOM:0.05% RANGE:0.05% UP:60% SPREAD:0.01100231% BID:0.09089 ASK:0.0909 MID:0.090895 P1:0.090895 P2:0.090885 P3:0.090885 P4:0.09085499 STATE:IDLE
[2026-05-16 10:50:27Z] CHK MOM:0.05% RANGE:0.05% UP:60% SPREAD:0.01100231% BID:0.09089 ASK:0.0909 MID:0.090895 P1:0.090895 P2:0.090885 P3:0.090885 P4:0.09085499 STATE:IDLE
[2026-05-16 10:50:28Z] CHK MOM:0.05% RANGE:0.05% UP:60% SPREAD:0.01100231% BID:0.09089 ASK:0.0909 MID:0.090895 P1:0.090895 P2:0.090885 P3:0.090885 P4:0.09085499 STATE:IDLE
[2026-05-16 10:50:28Z] CHK MOM:0.01% RANGE:0.01% UP:33.33% SPREAD:0.01100231% BID:0.09089 ASK:0.0909 MID:0.090895 P1:0.090895 P2:0.090895 P3:0.090885 P4:0.090885 STATE:IDLE
[2026-05-16 10:50:29Z] CHK MOM:0.01% RANGE:0.01% UP:33.33% SPREAD:0.01100231% BID:0.09089 ASK:0.0909 MID:0.090895 P1:0.090895 P2:0.090895 P3:0.090885 P4:0.090885 STATE:IDLE
[2026-05-16 10:50:29Z] CHK MOM:0.01% RANGE:0.01% UP:33.33% SPREAD:0.01100231% BID:0.09089 ASK:0.0909 MID:0.090895 P1:0.090895 P2:0.090895 P3:0.090885 P4:0.090885 STATE:IDLE
[2026-05-16 10:50:30Z] CHK MOM:0.01% RANGE:0.01% UP:33.33% SPREAD:0.01100231% BID:0.09089 ASK:0.0909 MID:0.090895 P1:0.090895 P2:0.090895 P3:0.090885 P4:0.090885 STATE:IDLE
[2026-05-16 10:50:30Z] CHK MOM:0.01% RANGE:0.01% UP:33.33% SPREAD:0.01100231% BID:0.09089 ASK:0.0909 MID:0.090895 P1:0.090895 P2:0.090895 P3:0.090885 P4:0.090885 STATE:IDLE
[2026-05-16 10:50:31Z] CHK MOM:0.01% RANGE:0.01% UP:33.33% SPREAD:0.01100231% BID:0.09089 ASK:0.0909 MID:0.090895 P1:0.090895 P2:0.090895 P3:0.090885 P4:0.090885 STATE:IDLE
[2026-05-16 10:50:34Z] CHK MOM:0.01% RANGE:0.01% UP:33.33% SPREAD:0.01100231% BID:0.09089 ASK:0.0909 MID:0.090895 P1:0.090895 P2:0.090895 P3:0.090895 P4:0.090885 STATE:IDLE
[2026-05-16 10:50:35Z] CHK MOM:0% RANGE:0% UP:0% SPREAD:0.01100231% BID:0.09089 ASK:0.0909 MID:0.090895 P1:0.090895 P2:0.090895 P3:0.090895 P4:0.090895 STATE:IDLE
[2026-05-16 10:50:35Z] CHK MOM:0% RANGE:0% UP:0% SPREAD:0.01100231% BID:0.09089 ASK:0.0909 MID:0.090895 P1:0.090895 P2:0.090895 P3:0.090895 P4:0.090895 STATE:IDLE
[2026-05-16 10:50:36Z] CHK MOM:0% RANGE:0% UP:0% SPREAD:0.01100231% BID:0.09089 ASK:0.0909 MID:0.090895 P1:0.090895 P2:0.090895 P3:0.090895 P4:0.090895 STATE:IDLE
[2026-05-16 10:50:36Z] CHK MOM:0.01% RANGE:0.01% UP:16.66% SPREAD:0.0110011% BID:0.0909 ASK:0.09091 MID:0.090905 P1:0.090905 P2:0.090895 P3:0.090895 P4:0.090895 STATE:IDLE
[2026-05-16 10:50:37Z] CHK MOM:0.01% RANGE:0.01% UP:16.66% SPREAD:0.0110011% BID:0.0909 ASK:0.09091 MID:0.090905 P1:0.090905 P2:0.090895 P3:0.090895 P4:0.090895 STATE:IDLE
[2026-05-16 10:50:37Z] CHK MOM:0.01% RANGE:0.01% UP:16.66% SPREAD:0.0110011% BID:0.0909 ASK:0.09091 MID:0.090905 P1:0.090905 P2:0.090895 P3:0.090895 P4:0.090895 STATE:IDLE
[2026-05-16 10:50:38Z] CHK MOM:0.01% RANGE:0.01% UP:16.66% SPREAD:0.0110011% BID:0.0909 ASK:0.09091 MID:0.090905 P1:0.090905 P2:0.090895 P3:0.090895 P4:0.090895 STATE:IDLE
[2026-05-16 10:50:38Z] CHK MOM:0.01% RANGE:0.01% UP:16.66% SPREAD:0.0110011% BID:0.0909 ASK:0.09091 MID:0.090905 P1:0.090905 P2:0.090895 P3:0.090895 P4:0.090895 STATE:IDLE
[2026-05-16 10:50:39Z] CHK MOM:0.01% RANGE:0.01% UP:16.66% SPREAD:0.0110011% BID:0.0909 ASK:0.09091 MID:0.090905 P1:0.090905 P2:0.090895 P3:0.090895 P4:0.090895 STATE:IDLE
[2026-05-16 10:50:42Z] CHK MOM:0.01% RANGE:0.01% UP:20% SPREAD:0.0110011% BID:0.0909 ASK:0.09091 MID:0.090905 P1:0.090905 P2:0.090905 P3:0.090895 P4:0.090895 STATE:IDLE
[2026-05-16 10:50:43Z] CHK MOM:0.02% RANGE:0.02% UP:33.33% SPREAD:0.01099989% BID:0.09091 ASK:0.09092 MID:0.090915 P1:0.090915 P2:0.090905 P3:0.090905 P4:0.090895 STATE:IDLE
[2026-05-16 10:50:43Z] CHK MOM:0.02% RANGE:0.02% UP:33.33% SPREAD:0.01099989% BID:0.09091 ASK:0.09092 MID:0.090915 P1:0.090915 P2:0.090905 P3:0.090905 P4:0.090895 STATE:IDLE
[2026-05-16 10:50:44Z] CHK MOM:0.02% RANGE:0.02% UP:33.33% SPREAD:0.01099989% BID:0.09091 ASK:0.09092 MID:0.090915 P1:0.090915 P2:0.090905 P3:0.090905 P4:0.090895 STATE:IDLE
[2026-05-16 10:50:44Z] CHK MOM:0.02% RANGE:0.02% UP:33.33% SPREAD:0.01099989% BID:0.09091 ASK:0.09092 MID:0.090915 P1:0.090915 P2:0.090905 P3:0.090905 P4:0.090895 STATE:IDLE
[2026-05-16 10:50:45Z] CHK MOM:0.02% RANGE:0.02% UP:33.33% SPREAD:0.01099989% BID:0.09091 ASK:0.09092 MID:0.090915 P1:0.090915 P2:0.090905 P3:0.090905 P4:0.090895 STATE:IDLE
[2026-05-16 10:50:45Z] CHK MOM:0.02% RANGE:0.02% UP:33.33% SPREAD:0.01099989% BID:0.09091 ASK:0.09092 MID:0.090915 P1:0.090915 P2:0.090905 P3:0.090905 P4:0.090895 STATE:IDLE
[2026-05-16 10:50:48Z] CHK MOM:0.02% RANGE:0.02% UP:40% SPREAD:0.01099989% BID:0.09091 ASK:0.09092 MID:0.090915 P1:0.090915 P2:0.090915 P3:0.090905 P4:0.090905 STATE:IDLE
[2026-05-16 10:50:48Z] CHK MOM:0.01% RANGE:0.01% UP:33.33% SPREAD:0.01099989% BID:0.09091 ASK:0.09092 MID:0.090915 P1:0.090915 P2:0.090915 P3:0.090915 P4:0.090905 STATE:IDLE
[2026-05-16 10:50:49Z] CHK MOM:0.01% RANGE:0.01% UP:25% SPREAD:0.01099989% BID:0.09091 ASK:0.09092 MID:0.090915 P1:0.090915 P2:0.090915 P3:0.090915 P4:0.090915 STATE:IDLE
[2026-05-16 10:50:49Z] CHK MOM:0.01% RANGE:0.01% UP:25% SPREAD:0.01099989% BID:0.09091 ASK:0.09092 MID:0.090915 P1:0.090915 P2:0.090915 P3:0.090915 P4:0.090915 STATE:IDLE
[2026-05-16 10:50:50Z] CHK MOM:0.01% RANGE:0.01% UP:25% SPREAD:0.01099989% BID:0.09091 ASK:0.09092 MID:0.090915 P1:0.090915 P2:0.090915 P3:0.090915 P4:0.090915 STATE:IDLE
[2026-05-16 10:50:50Z] CHK MOM:0.01% RANGE:0.01% UP:25% SPREAD:0.01099989% BID:0.09091 ASK:0.09092 MID:0.090915 P1:0.090915 P2:0.090915 P3:0.090915 P4:0.090915 STATE:IDLE
[2026-05-16 10:50:51Z] CHK MOM:0.01% RANGE:0.01% UP:25% SPREAD:0.01099989% BID:0.09091 ASK:0.09092 MID:0.090915 P1:0.090915 P2:0.090915 P3:0.090915 P4:0.090915 STATE:IDLE
[2026-05-16 10:50:51Z] CHK MOM:0.01% RANGE:0.01% UP:25% SPREAD:0.01099989% BID:0.09091 ASK:0.09092 MID:0.090915 P1:0.090915 P2:0.090915 P3:0.090915 P4:0.090915 STATE:IDLE
[2026-05-16 10:50:54Z] CHK MOM:0% RANGE:0.01% UP:20% SPREAD:0.0220022% BID:0.0909 ASK:0.09092 MID:0.09090999 P1:0.09090999 P2:0.090915 P3:0.090915 P4:0.090915 STATE:IDLE
[2026-05-16 10:50:54Z] CHK MOM:0% RANGE:0.01% UP:20% SPREAD:0.0220022% BID:0.0909 ASK:0.09092 MID:0.09090999 P1:0.09090999 P2:0.090915 P3:0.090915 P4:0.090915 STATE:IDLE
[2026-05-16 10:50:55Z] CHK MOM:0% RANGE:0.01% UP:20% SPREAD:0.0220022% BID:0.0909 ASK:0.09092 MID:0.09090999 P1:0.09090999 P2:0.090915 P3:0.090915 P4:0.090915 STATE:IDLE
[2026-05-16 10:50:55Z] CHK MOM:0% RANGE:0% UP:25% SPREAD:0.01099989% BID:0.09091 ASK:0.09092 MID:0.090915 P1:0.090915 P2:0.09090999 P3:0.090915 P4:0.090915 STATE:IDLE
[2026-05-16 10:50:56Z] CHK MOM:0% RANGE:0% UP:25% SPREAD:0.01099989% BID:0.09091 ASK:0.09092 MID:0.090915 P1:0.090915 P2:0.09090999 P3:0.090915 P4:0.090915 STATE:IDLE
[2026-05-16 10:50:56Z] CHK MOM:0% RANGE:0% UP:25% SPREAD:0.01099989% BID:0.09091 ASK:0.09092 MID:0.090915 P1:0.090915 P2:0.09090999 P3:0.090915 P4:0.090915 STATE:IDLE
[2026-05-16 10:50:57Z] CHK MOM:0% RANGE:0% UP:25% SPREAD:0.01099989% BID:0.09091 ASK:0.09092 MID:0.090915 P1:0.090915 P2:0.09090999 P3:0.090915 P4:0.090915 STATE:IDLE
[2026-05-16 10:50:57Z] CHK MOM:0% RANGE:0% UP:25% SPREAD:0.01099989% BID:0.09091 ASK:0.09092 MID:0.090915 P1:0.090915 P2:0.09090999 P3:0.090915 P4:0.090915 STATE:IDLE
[2026-05-16 10:50:58Z] CHK MOM:0% RANGE:0% UP:25% SPREAD:0.01099989% BID:0.09091 ASK:0.09092 MID:0.090915 P1:0.090915 P2:0.09090999 P3:0.090915 P4:0.090915 STATE:IDLE
[2026-05-16 10:50:58Z] CHK MOM:0% RANGE:0% UP:20% SPREAD:0.01099989% BID:0.09091 ASK:0.09092 MID:0.090915 P1:0.090915 P2:0.090915 P3:0.09090999 P4:0.090915 STATE:IDLE
[2026-05-16 10:50:59Z] CHK MOM:0% RANGE:0% UP:16.66% SPREAD:0.01099989% BID:0.09091 ASK:0.09092 MID:0.090915 P1:0.090915 P2:0.090915 P3:0.090915 P4:0.09090999 STATE:IDLE
[2026-05-16 10:51:00Z] CHK MOM:0% RANGE:0% UP:16.66% SPREAD:0.01099989% BID:0.09091 ASK:0.09092 MID:0.090915 P1:0.090915 P2:0.090915 P3:0.090915 P4:0.090915 STATE:IDLE
[2026-05-16 10:51:00Z] CHK MOM:0% RANGE:0% UP:16.66% SPREAD:0.01099989% BID:0.09091 ASK:0.09092 MID:0.090915 P1:0.090915 P2:0.090915 P3:0.090915 P4:0.090915 STATE:IDLE
[2026-05-16 10:51:01Z] CHK MOM:0% RANGE:0% UP:20% SPREAD:0.01099989% BID:0.09091 ASK:0.09092 MID:0.090915 P1:0.090915 P2:0.090915 P3:0.090915 P4:0.090915 STATE:IDLE
[2026-05-16 10:51:01Z] CHK MOM:0% RANGE:0% UP:20% SPREAD:0.01099989% BID:0.09091 ASK:0.09092 MID:0.090915 P1:0.090915 P2:0.090915 P3:0.090915 P4:0.090915 STATE:IDLE
[2026-05-16 10:51:02Z] CHK MOM:0% RANGE:0% UP:16.66% SPREAD:0.01099989% BID:0.09091 ASK:0.09092 MID:0.090915 P1:0.090915 P2:0.090915 P3:0.090915 P4:0.090915 STATE:IDLE
[2026-05-16 10:51:02Z] CHK MOM:0% RANGE:0% UP:16.66% SPREAD:0.01099989% BID:0.09091 ASK:0.09092 MID:0.090915 P1:0.090915 P2:0.090915 P3:0.090915 P4:0.090915 STATE:IDLE
[2026-05-16 10:51:03Z] CHK MOM:0% RANGE:0% UP:14.28% SPREAD:0.01099989% BID:0.09091 ASK:0.09092 MID:0.090915 P1:0.090915 P2:0.090915 P3:0.090915 P4:0.090915 STATE:IDLE
[2026-05-16 10:51:03Z] CHK MOM:0% RANGE:0% UP:14.28% SPREAD:0.01099989% BID:0.09091 ASK:0.09092 MID:0.090915 P1:0.090915 P2:0.090915 P3:0.090915 P4:0.090915 STATE:IDLE
[2026-05-16 10:51:04Z] CHK MOM:0% RANGE:0% UP:14.28% SPREAD:0.01099989% BID:0.09091 ASK:0.09092 MID:0.090915 P1:0.090915 P2:0.090915 P3:0.090915 P4:0.090915 STATE:IDLE
[2026-05-16 10:51:05Z] CHK MOM:0% RANGE:0% UP:12.5% SPREAD:0.01099989% BID:0.09091 ASK:0.09092 MID:0.090915 P1:0.090915 P2:0.090915 P3:0.090915 P4:0.090915 STATE:IDLE
[2026-05-16 10:51:05Z] CHK MOM:0% RANGE:0% UP:11.11% SPREAD:0.01099989% BID:0.09091 ASK:0.09092 MID:0.090915 P1:0.090915 P2:0.090915 P3:0.090915 P4:0.090915 STATE:IDLE
[2026-05-16 10:51:06Z] CHK MOM:0% RANGE:0% UP:0% SPREAD:0.01099989% BID:0.09091 ASK:0.09092 MID:0.090915 P1:0.090915 P2:0.090915 P3:0.090915 P4:0.090915 STATE:IDLE
[2026-05-16 10:51:06Z] CHK MOM:0% RANGE:0% UP:0% SPREAD:0.01099989% BID:0.09091 ASK:0.09092 MID:0.090915 P1:0.090915 P2:0.090915 P3:0.090915 P4:0.090915 STATE:IDLE
[2026-05-16 10:51:07Z] CHK MOM:0% RANGE:0% UP:0% SPREAD:0.01099989% BID:0.09091 ASK:0.09092 MID:0.090915 P1:0.090915 P2:0.090915 P3:0.090915 P4:0.090915 STATE:IDLE
[2026-05-16 10:51:07Z] CHK MOM:0% RANGE:0% UP:0% SPREAD:0.01099989% BID:0.09091 ASK:0.09092 MID:0.090915 P1:0.090915 P2:0.090915 P3:0.090915 P4:0.090915 STATE:IDLE
[2026-05-16 10:51:08Z] CHK MOM:0% RANGE:0% UP:0% SPREAD:0.01099989% BID:0.09091 ASK:0.09092 MID:0.090915 P1:0.090915 P2:0.090915 P3:0.090915 P4:0.090915 STATE:IDLE
[2026-05-16 10:51:08Z] CHK MOM:0% RANGE:0% UP:0% SPREAD:0.01099989% BID:0.09091 ASK:0.09092 MID:0.090915 P1:0.090915 P2:0.090915 P3:0.090915 P4:0.090915 STATE:IDLE
[2026-05-16 10:51:09Z] CHK MOM:0% RANGE:0% UP:0% SPREAD:0.01099989% BID:0.09091 ASK:0.09092 MID:0.090915 P1:0.090915 P2:0.090915 P3:0.090915 P4:0.090915 STATE:IDLE
[2026-05-16 10:51:09Z] CHK MOM:0% RANGE:0% UP:0% SPREAD:0.0220022% BID:0.0909 ASK:0.09092 MID:0.09090999 P1:0.09090999 P2:0.090915 P3:0.090915 P4:0.090915 STATE:IDLE
[2026-05-16 10:51:10Z] CHK MOM:0% RANGE:0% UP:0% SPREAD:0.0220022% BID:0.0909 ASK:0.09092 MID:0.09090999 P1:0.09090999 P2:0.090915 P3:0.090915 P4:0.090915 STATE:IDLE
[2026-05-16 10:51:11Z] CHK MOM:0% RANGE:0% UP:0% SPREAD:0.0220022% BID:0.0909 ASK:0.09092 MID:0.09090999 P1:0.09090999 P2:0.09090999 P3:0.090915 P4:0.090915 STATE:IDLE
[2026-05-16 10:51:11Z] CHK MOM:0% RANGE:0% UP:0% SPREAD:0.0220022% BID:0.0909 ASK:0.09092 MID:0.09090999 P1:0.09090999 P2:0.09090999 P3:0.090915 P4:0.090915 STATE:IDLE
[2026-05-16 10:51:12Z] CHK MOM:0% RANGE:0% UP:0% SPREAD:0.0220022% BID:0.0909 ASK:0.09092 MID:0.09090999 P1:0.09090999 P2:0.09090999 P3:0.090915 P4:0.090915 STATE:IDLE
[2026-05-16 10:51:12Z] CHK MOM:0% RANGE:0% UP:7.14% SPREAD:0.01099989% BID:0.09091 ASK:0.09092 MID:0.090915 P1:0.090915 P2:0.09090999 P3:0.09090999 P4:0.090915 STATE:IDLE
[2026-05-16 10:51:13Z] CHK MOM:0% RANGE:0% UP:7.14% SPREAD:0.01099989% BID:0.09091 ASK:0.09092 MID:0.090915 P1:0.090915 P2:0.09090999 P3:0.09090999 P4:0.090915 STATE:IDLE
[2026-05-16 10:51:13Z] CHK MOM:0% RANGE:0% UP:7.14% SPREAD:0.01099989% BID:0.09091 ASK:0.09092 MID:0.090915 P1:0.090915 P2:0.090915 P3:0.09090999 P4:0.09090999 STATE:IDLE
[2026-05-16 10:51:14Z] CHK MOM:0% RANGE:0% UP:6.66% SPREAD:0.01099989% BID:0.09091 ASK:0.09092 MID:0.090915 P1:0.090915 P2:0.090915 P3:0.090915 P4:0.09090999 STATE:IDLE
[2026-05-16 10:51:14Z] CHK MOM:0% RANGE:0% UP:6.66% SPREAD:0.01099989% BID:0.09091 ASK:0.09092 MID:0.090915 P1:0.090915 P2:0.090915 P3:0.090915 P4:0.09090999 STATE:IDLE
[2026-05-16 10:51:15Z] CHK MOM:0% RANGE:0% UP:6.66% SPREAD:0.01099989% BID:0.09091 ASK:0.09092 MID:0.090915 P1:0.090915 P2:0.090915 P3:0.090915 P4:0.09090999 STATE:IDLE
[2026-05-16 10:51:16Z] CHK MOM:0% RANGE:0% UP:6.66% SPREAD:0.01099989% BID:0.09091 ASK:0.09092 MID:0.090915 P1:0.090915 P2:0.090915 P3:0.090915 P4:0.09090999 STATE:IDLE
[2026-05-16 10:51:17Z] CHK MOM:0.01% RANGE:0.01% UP:15.38% SPREAD:0.01099868% BID:0.09092 ASK:0.09093 MID:0.090925 P1:0.090925 P2:0.090915 P3:0.090915 P4:0.090915 STATE:IDLE
[2026-05-16 10:51:17Z] CHK MOM:0.01% RANGE:0.01% UP:15.38% SPREAD:0.01099868% BID:0.09092 ASK:0.09093 MID:0.090925 P1:0.090925 P2:0.090915 P3:0.090915 P4:0.090915 STATE:IDLE
[2026-05-16 10:51:18Z] CHK MOM:0.01% RANGE:0.01% UP:15.38% SPREAD:0.01099868% BID:0.09092 ASK:0.09093 MID:0.090925 P1:0.090925 P2:0.090915 P3:0.090915 P4:0.090915 STATE:IDLE
[2026-05-16 10:51:18Z] CHK MOM:0.01% RANGE:0.01% UP:15.38% SPREAD:0.01099868% BID:0.09092 ASK:0.09093 MID:0.090925 P1:0.090925 P2:0.090915 P3:0.090915 P4:0.090915 STATE:IDLE
[2026-05-16 10:51:19Z] CHK MOM:0.01% RANGE:0.01% UP:15.38% SPREAD:0.01099868% BID:0.09092 ASK:0.09093 MID:0.090925 P1:0.090925 P2:0.090915 P3:0.090915 P4:0.090915 STATE:IDLE
[2026-05-16 10:51:19Z] CHK MOM:0.01% RANGE:0.01% UP:15.38% SPREAD:0.01099868% BID:0.09092 ASK:0.09093 MID:0.090925 P1:0.090925 P2:0.090915 P3:0.090915 P4:0.090915 STATE:IDLE
[2026-05-16 10:51:20Z] CHK MOM:0.01% RANGE:0.01% UP:25% SPREAD:0.01099868% BID:0.09092 ASK:0.09093 MID:0.090925 P1:0.090925 P2:0.090925 P3:0.090915 P4:0.090915 STATE:IDLE
[2026-05-16 10:51:21Z] CHK MOM:0% RANGE:0.01% UP:25% SPREAD:0.01099989% BID:0.09091 ASK:0.09092 MID:0.090915 P1:0.090915 P2:0.090925 P3:0.090925 P4:0.090915 STATE:IDLE
[2026-05-16 10:51:22Z] CHK MOM:0.01% RANGE:0.01% UP:37.5% SPREAD:0.01099868% BID:0.09092 ASK:0.09093 MID:0.090925 P1:0.090925 P2:0.090915 P3:0.090925 P4:0.090925 STATE:IDLE
[2026-05-16 10:51:22Z] CHK MOM:0% RANGE:0.01% UP:28.57% SPREAD:0.01099989% BID:0.09091 ASK:0.09092 MID:0.090915 P1:0.090915 P2:0.090925 P3:0.090915 P4:0.090925 STATE:IDLE
[2026-05-16 10:51:23Z] CHK MOM:0% RANGE:0.01% UP:25% SPREAD:0.01099989% BID:0.09091 ASK:0.09092 MID:0.090915 P1:0.090915 P2:0.090915 P3:0.090925 P4:0.090915 STATE:IDLE
[2026-05-16 10:51:23Z] CHK MOM:0% RANGE:0.01% UP:22.22% SPREAD:0.01099989% BID:0.09091 ASK:0.09092 MID:0.090915 P1:0.090915 P2:0.090915 P3:0.090915 P4:0.090925 STATE:IDLE
[2026-05-16 10:51:24Z] CHK MOM:0% RANGE:0.01% UP:22.22% SPREAD:0.01099989% BID:0.09091 ASK:0.09092 MID:0.090915 P1:0.090915 P2:0.090915 P3:0.090915 P4:0.090925 STATE:IDLE
[2026-05-16 10:51:24Z] CHK MOM:0% RANGE:0.01% UP:22.22% SPREAD:0.01099989% BID:0.09091 ASK:0.09092 MID:0.090915 P1:0.090915 P2:0.090915 P3:0.090915 P4:0.090925 STATE:IDLE
[2026-05-16 10:51:25Z] CHK MOM:0% RANGE:0.01% UP:22.22% SPREAD:0.01099989% BID:0.09091 ASK:0.09092 MID:0.090915 P1:0.090915 P2:0.090915 P3:0.090915 P4:0.090925 STATE:IDLE
[2026-05-16 10:51:25Z] CHK MOM:0% RANGE:0.01% UP:25% SPREAD:0.01099989% BID:0.09091 ASK:0.09092 MID:0.090915 P1:0.090915 P2:0.090915 P3:0.090915 P4:0.090915 STATE:IDLE
[2026-05-16 10:51:26Z] CHK MOM:0% RANGE:0.01% UP:25% SPREAD:0.01099989% BID:0.09091 ASK:0.09092 MID:0.090915 P1:0.090915 P2:0.090915 P3:0.090915 P4:0.090915 STATE:IDLE
[2026-05-16 10:51:27Z] CHK MOM:-0.01% RANGE:0.01% UP:12.5% SPREAD:0.01099989% BID:0.09091 ASK:0.09092 MID:0.090915 P1:0.090915 P2:0.090915 P3:0.090915 P4:0.090915 STATE:IDLE
[2026-05-16 10:51:27Z] CHK MOM:-0.01% RANGE:0.01% UP:11.11% SPREAD:0.01099989% BID:0.09091 ASK:0.09092 MID:0.090915 P1:0.090915 P2:0.090915 P3:0.090915 P4:0.090915 STATE:IDLE
[2026-05-16 10:51:28Z] CHK MOM:-0.01% RANGE:0.01% UP:11.11% SPREAD:0.01099989% BID:0.09091 ASK:0.09092 MID:0.090915 P1:0.090915 P2:0.090915 P3:0.090915 P4:0.090915 STATE:IDLE
[2026-05-16 10:51:28Z] CHK MOM:-0.01% RANGE:0.01% UP:10% SPREAD:0.01099989% BID:0.09091 ASK:0.09092 MID:0.090915 P1:0.090915 P2:0.090915 P3:0.090915 P4:0.090915 STATE:IDLE
[2026-05-16 10:51:29Z] CHK MOM:-0.01% RANGE:0.01% UP:10% SPREAD:0.01099989% BID:0.09091 ASK:0.09092 MID:0.090915 P1:0.090915 P2:0.090915 P3:0.090915 P4:0.090915 STATE:IDLE
[2026-05-16 10:51:29Z] CHK MOM:-0.01% RANGE:0.01% UP:10% SPREAD:0.01099989% BID:0.09091 ASK:0.09092 MID:0.090915 P1:0.090915 P2:0.090915 P3:0.090915 P4:0.090915 STATE:IDLE
[2026-05-16 10:51:30Z] CHK MOM:-0.01% RANGE:0.01% UP:10% SPREAD:0.01099989% BID:0.09091 ASK:0.09092 MID:0.090915 P1:0.090915 P2:0.090915 P3:0.090915 P4:0.090915 STATE:IDLE
[2026-05-16 10:51:30Z] CHK MOM:-0.01% RANGE:0.01% UP:10% SPREAD:0.01099989% BID:0.09091 ASK:0.09092 MID:0.090915 P1:0.090915 P2:0.090915 P3:0.090915 P4:0.090915 STATE:IDLE
[2026-05-16 10:51:31Z] CHK MOM:0% RANGE:0.01% UP:18.18% SPREAD:0.01099868% BID:0.09092 ASK:0.09093 MID:0.090925 P1:0.090925 P2:0.090915 P3:0.090915 P4:0.090915 STATE:IDLE
[2026-05-16 10:51:31Z] CHK MOM:0% RANGE:0.01% UP:18.18% SPREAD:0.01099868% BID:0.09092 ASK:0.09093 MID:0.090925 P1:0.090925 P2:0.090915 P3:0.090915 P4:0.090915 STATE:IDLE
[2026-05-16 10:51:32Z] CHK MOM:0% RANGE:0.01% UP:16.66% SPREAD:0.01099868% BID:0.09092 ASK:0.09093 MID:0.090925 P1:0.090925 P2:0.090925 P3:0.090915 P4:0.090915 STATE:IDLE
[2026-05-16 10:51:33Z] CHK MOM:0% RANGE:0.01% UP:16.66% SPREAD:0.01099868% BID:0.09092 ASK:0.09093 MID:0.090925 P1:0.090925 P2:0.090925 P3:0.090915 P4:0.090915 STATE:IDLE
[2026-05-16 10:51:33Z] CHK MOM:0% RANGE:0.01% UP:16.66% SPREAD:0.01099868% BID:0.09092 ASK:0.09093 MID:0.090925 P1:0.090925 P2:0.090925 P3:0.090915 P4:0.090915 STATE:IDLE
[2026-05-16 10:51:34Z] CHK MOM:0.01% RANGE:0.01% UP:10% SPREAD:0.01099868% BID:0.09092 ASK:0.09093 MID:0.090925 P1:0.090925 P2:0.090925 P3:0.090925 P4:0.090915 STATE:IDLE
[2026-05-16 10:51:34Z] CHK MOM:0.01% RANGE:0.01% UP:10% SPREAD:0.01099868% BID:0.09092 ASK:0.09093 MID:0.090925 P1:0.090925 P2:0.090925 P3:0.090925 P4:0.090915 STATE:IDLE
[2026-05-16 10:51:35Z] CHK MOM:0.01% RANGE:0.01% UP:10% SPREAD:0.01099868% BID:0.09092 ASK:0.09093 MID:0.090925 P1:0.090925 P2:0.090925 P3:0.090925 P4:0.090915 STATE:IDLE
[2026-05-16 10:51:35Z] CHK MOM:0.01% RANGE:0.01% UP:10% SPREAD:0.01099868% BID:0.09092 ASK:0.09093 MID:0.090925 P1:0.090925 P2:0.090925 P3:0.090925 P4:0.090915 STATE:IDLE
[2026-05-16 10:51:36Z] CHK MOM:0.01% RANGE:0.01% UP:12.5% SPREAD:0.01099868% BID:0.09092 ASK:0.09093 MID:0.090925 P1:0.090925 P2:0.090925 P3:0.090925 P4:0.090925 STATE:IDLE
[2026-05-16 10:51:36Z] CHK MOM:0.01% RANGE:0.01% UP:12.5% SPREAD:0.01099868% BID:0.09092 ASK:0.09093 MID:0.090925 P1:0.090925 P2:0.090925 P3:0.090925 P4:0.090925 STATE:IDLE
[2026-05-16 10:51:37Z] CHK MOM:0.01% RANGE:0.01% UP:12.5% SPREAD:0.01099868% BID:0.09092 ASK:0.09093 MID:0.090925 P1:0.090925 P2:0.090925 P3:0.090925 P4:0.090925 STATE:IDLE
[2026-05-16 10:51:38Z] CHK MOM:0.01% RANGE:0.01% UP:12.5% SPREAD:0.01099868% BID:0.09092 ASK:0.09093 MID:0.090925 P1:0.090925 P2:0.090925 P3:0.090925 P4:0.090925 STATE:IDLE
[2026-05-16 10:51:38Z] CHK MOM:0.01% RANGE:0.01% UP:12.5% SPREAD:0.01099868% BID:0.09092 ASK:0.09093 MID:0.090925 P1:0.090925 P2:0.090925 P3:0.090925 P4:0.090925 STATE:IDLE
[2026-05-16 10:51:39Z] CHK MOM:0.01% RANGE:0.01% UP:16.66% SPREAD:0.01099868% BID:0.09092 ASK:0.09093 MID:0.090925 P1:0.090925 P2:0.090925 P3:0.090925 P4:0.090925 STATE:IDLE
[2026-05-16 10:51:40Z] CHK MOM:0.01% RANGE:0.01% UP:16.66% SPREAD:0.01099868% BID:0.09092 ASK:0.09093 MID:0.090925 P1:0.090925 P2:0.090925 P3:0.090925 P4:0.090925 STATE:IDLE
[2026-05-16 10:51:40Z] CHK MOM:0.01% RANGE:0.01% UP:16.66% SPREAD:0.01099868% BID:0.09092 ASK:0.09093 MID:0.090925 P1:0.090925 P2:0.090925 P3:0.090925 P4:0.090925 STATE:IDLE
[2026-05-16 10:51:41Z] CHK MOM:0.01% RANGE:0.01% UP:16.66% SPREAD:0.01099868% BID:0.09092 ASK:0.09093 MID:0.090925 P1:0.090925 P2:0.090925 P3:0.090925 P4:0.090925 STATE:IDLE
[2026-05-16 10:51:41Z] CHK MOM:0.01% RANGE:0.01% UP:16.66% SPREAD:0.01099868% BID:0.09092 ASK:0.09093 MID:0.090925 P1:0.090925 P2:0.090925 P3:0.090925 P4:0.090925 STATE:IDLE
[2026-05-16 10:51:42Z] CHK MOM:0.01% RANGE:0.01% UP:16.66% SPREAD:0.01099868% BID:0.09092 ASK:0.09093 MID:0.090925 P1:0.090925 P2:0.090925 P3:0.090925 P4:0.090925 STATE:IDLE
[2026-05-16 10:51:42Z] CHK MOM:0% RANGE:0% UP:0% SPREAD:0.01099868% BID:0.09092 ASK:0.09093 MID:0.090925 P1:0.090925 P2:0.090925 P3:0.090925 P4:0.090925 STATE:IDLE
[2026-05-16 10:51:43Z] CHK MOM:0% RANGE:0% UP:0% SPREAD:0.01099868% BID:0.09092 ASK:0.09093 MID:0.090925 P1:0.090925 P2:0.090925 P3:0.090925 P4:0.090925 STATE:IDLE
[2026-05-16 10:51:44Z] CHK MOM:0% RANGE:0% UP:0% SPREAD:0.01099868% BID:0.09092 ASK:0.09093 MID:0.090925 P1:0.090925 P2:0.090925 P3:0.090925 P4:0.090925 STATE:IDLE
[2026-05-16 10:51:44Z] CHK MOM:0% RANGE:0% UP:0% SPREAD:0.01099868% BID:0.09092 ASK:0.09093 MID:0.090925 P1:0.090925 P2:0.090925 P3:0.090925 P4:0.090925 STATE:IDLE
[2026-05-16 10:51:45Z] CHK MOM:-0.01% RANGE:0.01% UP:0% SPREAD:0.0330033% BID:0.0909 ASK:0.09093 MID:0.090915 P1:0.090915 P2:0.090925 P3:0.090925 P4:0.090925 STATE:IDLE
[2026-05-16 10:51:45Z] CHK MOM:-0.01% RANGE:0.01% UP:0% SPREAD:0.0330033% BID:0.0909 ASK:0.09093 MID:0.090915 P1:0.090915 P2:0.090925 P3:0.090925 P4:0.090925 STATE:IDLE
[2026-05-16 10:51:46Z] CHK MOM:-0.01% RANGE:0.01% UP:0% SPREAD:0.0330033% BID:0.0909 ASK:0.09093 MID:0.090915 P1:0.090915 P2:0.090915 P3:0.090925 P4:0.090925 STATE:IDLE
[2026-05-16 10:51:46Z] CHK MOM:-0.01% RANGE:0.01% UP:0% SPREAD:0.0330033% BID:0.0909 ASK:0.09093 MID:0.090915 P1:0.090915 P2:0.090915 P3:0.090925 P4:0.090925 STATE:IDLE
[2026-05-16 10:51:47Z] CHK MOM:-0.01% RANGE:0.01% UP:0% SPREAD:0.0330033% BID:0.0909 ASK:0.09093 MID:0.090915 P1:0.090915 P2:0.090915 P3:0.090925 P4:0.090925 STATE:IDLE
[2026-05-16 10:51:47Z] CHK MOM:-0.01% RANGE:0.01% UP:0% SPREAD:0.0330033% BID:0.0909 ASK:0.09093 MID:0.090915 P1:0.090915 P2:0.090915 P3:0.090925 P4:0.090925 STATE:IDLE
[2026-05-16 10:51:48Z] CHK MOM:-0.01% RANGE:0.01% UP:0% SPREAD:0.0330033% BID:0.0909 ASK:0.09093 MID:0.090915 P1:0.090915 P2:0.090915 P3:0.090915 P4:0.090925 STATE:IDLE
[2026-05-16 10:51:49Z] CHK MOM:-0.01% RANGE:0.01% UP:0% SPREAD:0.0330033% BID:0.0909 ASK:0.09093 MID:0.090915 P1:0.090915 P2:0.090915 P3:0.090915 P4:0.090925 STATE:IDLE
[2026-05-16 10:51:49Z] CHK MOM:-0.01% RANGE:0.01% UP:0% SPREAD:0.04400924% BID:0.09089 ASK:0.09093 MID:0.09090999 P1:0.09090999 P2:0.090915 P3:0.090915 P4:0.090915 STATE:IDLE
[2026-05-16 10:51:50Z] CHK MOM:-0.01% RANGE:0.01% UP:12.5% SPREAD:0.0330033% BID:0.0909 ASK:0.09093 MID:0.090915 P1:0.090915 P2:0.09090999 P3:0.090915 P4:0.090915 STATE:IDLE
[2026-05-16 10:51:50Z] CHK MOM:-0.01% RANGE:0.01% UP:12.5% SPREAD:0.0330033% BID:0.0909 ASK:0.09093 MID:0.090915 P1:0.090915 P2:0.09090999 P3:0.090915 P4:0.090915 STATE:IDLE
[2026-05-16 10:51:51Z] CHK MOM:-0.01% RANGE:0.01% UP:12.5% SPREAD:0.0330033% BID:0.0909 ASK:0.09093 MID:0.090915 P1:0.090915 P2:0.09090999 P3:0.090915 P4:0.090915 STATE:IDLE
[2026-05-16 10:51:51Z] CHK MOM:-0.01% RANGE:0.01% UP:12.5% SPREAD:0.0330033% BID:0.0909 ASK:0.09093 MID:0.090915 P1:0.090915 P2:0.09090999 P3:0.090915 P4:0.090915 STATE:IDLE
[2026-05-16 10:51:52Z] CHK MOM:-0.01% RANGE:0.01% UP:12.5% SPREAD:0.0330033% BID:0.0909 ASK:0.09093 MID:0.090915 P1:0.090915 P2:0.09090999 P3:0.090915 P4:0.090915 STATE:IDLE
[2026-05-16 10:51:52Z] CHK MOM:-0.01% RANGE:0.01% UP:12.5% SPREAD:0.0330033% BID:0.0909 ASK:0.09093 MID:0.090915 P1:0.090915 P2:0.09090999 P3:0.090915 P4:0.090915 STATE:IDLE
[2026-05-16 10:51:53Z] CHK MOM:-0.02% RANGE:0.02% UP:12.5% SPREAD:0.03300693% BID:0.09089 ASK:0.09092 MID:0.090905 P1:0.090905 P2:0.090915 P3:0.09090999 P4:0.090915 STATE:IDLE
[2026-05-16 10:51:54Z] CHK MOM:-0.01% RANGE:0.02% UP:22.22% SPREAD:0.0220022% BID:0.0909 ASK:0.09092 MID:0.09090999 P1:0.09090999 P2:0.090905 P3:0.090915 P4:0.09090999 STATE:IDLE
[2026-05-16 10:51:55Z] CHK MOM:-0.01% RANGE:0.02% UP:22.22% SPREAD:0.0220022% BID:0.0909 ASK:0.09092 MID:0.09090999 P1:0.09090999 P2:0.090905 P3:0.090915 P4:0.09090999 STATE:IDLE
[2026-05-16 10:51:55Z] CHK MOM:-0.01% RANGE:0.02% UP:25% SPREAD:0.0220022% BID:0.0909 ASK:0.09092 MID:0.09090999 P1:0.09090999 P2:0.09090999 P3:0.090905 P4:0.090915 STATE:IDLE
[2026-05-16 10:51:56Z] CHK MOM:-0.01% RANGE:0.02% UP:22.22% SPREAD:0.0220022% BID:0.0909 ASK:0.09092 MID:0.09090999 P1:0.09090999 P2:0.09090999 P3:0.09090999 P4:0.090905 STATE:IDLE
[2026-05-16 10:51:56Z] CHK MOM:0% RANGE:0.01% UP:22.22% SPREAD:0.0220022% BID:0.0909 ASK:0.09092 MID:0.09090999 P1:0.09090999 P2:0.09090999 P3:0.09090999 P4:0.09090999 STATE:IDLE
[2026-05-16 10:51:57Z] CHK MOM:0% RANGE:0.01% UP:22.22% SPREAD:0.0220022% BID:0.0909 ASK:0.09092 MID:0.09090999 P1:0.09090999 P2:0.09090999 P3:0.09090999 P4:0.09090999 STATE:IDLE
[2026-05-16 10:51:57Z] CHK MOM:0% RANGE:0.01% UP:22.22% SPREAD:0.0220022% BID:0.0909 ASK:0.09092 MID:0.09090999 P1:0.09090999 P2:0.09090999 P3:0.09090999 P4:0.09090999 STATE:IDLE
[2026-05-16 10:51:58Z] CHK MOM:0% RANGE:0.01% UP:22.22% SPREAD:0.0220022% BID:0.0909 ASK:0.09092 MID:0.09090999 P1:0.09090999 P2:0.09090999 P3:0.09090999 P4:0.09090999 STATE:IDLE
[2026-05-16 10:51:58Z] CHK MOM:0% RANGE:0.01% UP:25% SPREAD:0.0220022% BID:0.0909 ASK:0.09092 MID:0.09090999 P1:0.09090999 P2:0.09090999 P3:0.09090999 P4:0.09090999 STATE:IDLE
[2026-05-16 10:51:59Z] CHK MOM:0% RANGE:0.01% UP:25% SPREAD:0.0220022% BID:0.0909 ASK:0.09092 MID:0.09090999 P1:0.09090999 P2:0.09090999 P3:0.09090999 P4:0.09090999 STATE:IDLE
[2026-05-16 10:52:00Z] CHK MOM:0% RANGE:0.01% UP:25% SPREAD:0.0220022% BID:0.0909 ASK:0.09092 MID:0.09090999 P1:0.09090999 P2:0.09090999 P3:0.09090999 P4:0.09090999 STATE:IDLE
[2026-05-16 10:52:00Z] CHK MOM:0% RANGE:0.01% UP:22.22% SPREAD:0.0220022% BID:0.0909 ASK:0.09092 MID:0.09090999 P1:0.09090999 P2:0.09090999 P3:0.09090999 P4:0.09090999 STATE:IDLE
[2026-05-16 10:52:01Z] CHK MOM:0% RANGE:0.01% UP:22.22% SPREAD:0.03300693% BID:0.09089 ASK:0.09092 MID:0.090905 P1:0.090905 P2:0.09090999 P3:0.09090999 P4:0.09090999 STATE:IDLE
[2026-05-16 10:52:01Z] CHK MOM:0% RANGE:0.01% UP:22.22% SPREAD:0.0220022% BID:0.0909 ASK:0.09092 MID:0.09090999 P1:0.09090999 P2:0.090905 P3:0.09090999 P4:0.09090999 STATE:IDLE
[2026-05-16 10:52:02Z] CHK MOM:-0.01% RANGE:0.01% UP:20% SPREAD:0.03300693% BID:0.09089 ASK:0.09092 MID:0.090905 P1:0.090905 P2:0.09090999 P3:0.090905 P4:0.09090999 STATE:IDLE
[2026-05-16 10:52:02Z] CHK MOM:0% RANGE:0% UP:30% SPREAD:0.0220022% BID:0.0909 ASK:0.09092 MID:0.09090999 P1:0.09090999 P2:0.090905 P3:0.09090999 P4:0.090905 STATE:IDLE
[2026-05-16 10:52:03Z] CHK MOM:0% RANGE:0% UP:27.27% SPREAD:0.03300693% BID:0.09089 ASK:0.09092 MID:0.090905 P1:0.090905 P2:0.09090999 P3:0.090905 P4:0.09090999 STATE:IDLE
[2026-05-16 10:52:03Z] CHK MOM:-0.07% RANGE:0.07% UP:25% SPREAD:0.02201915% BID:0.09083 ASK:0.09085 MID:0.09084 P1:0.09084 P2:0.090905 P3:0.09090999 P4:0.090905 STATE:IDLE
[2026-05-16 10:52:04Z] CHK MOM:-0.07% RANGE:0.08% UP:23.07% SPREAD:0.01100957% BID:0.09083 ASK:0.09084 MID:0.090835 P1:0.090835 P2:0.09084 P3:0.090905 P4:0.09090999 STATE:IDLE
[2026-05-16 10:52:04Z] CHK MOM:-0.07% RANGE:0.08% UP:28.57% SPREAD:0.02201915% BID:0.09083 ASK:0.09085 MID:0.09084 P1:0.09084 P2:0.090835 P3:0.09084 P4:0.090905 STATE:IDLE
[2026-05-16 10:52:05Z] CHK MOM:-0.07% RANGE:0.08% UP:26.66% SPREAD:0.01100957% BID:0.09083 ASK:0.09084 MID:0.090835 P1:0.090835 P2:0.09084 P3:0.090835 P4:0.09084 STATE:IDLE
[2026-05-16 10:52:06Z] CHK MOM:-0.07% RANGE:0.08% UP:28.57% SPREAD:0.03302873% BID:0.09083 ASK:0.09086 MID:0.090845 P1:0.090845 P2:0.090835 P3:0.09084 P4:0.090835 STATE:IDLE
[2026-05-16 10:52:06Z] CHK MOM:-0.07% RANGE:0.08% UP:28.57% SPREAD:0.03302873% BID:0.09083 ASK:0.09086 MID:0.090845 P1:0.090845 P2:0.090835 P3:0.09084 P4:0.090835 STATE:IDLE
[2026-05-16 10:52:07Z] CHK MOM:-0.07% RANGE:0.08% UP:26.66% SPREAD:0.03302873% BID:0.09083 ASK:0.09086 MID:0.090845 P1:0.090845 P2:0.090845 P3:0.090835 P4:0.09084 STATE:IDLE
[2026-05-16 10:52:07Z] CHK MOM:-0.07% RANGE:0.08% UP:25% SPREAD:0.02201915% BID:0.09083 ASK:0.09085 MID:0.09084 P1:0.09084 P2:0.090845 P3:0.090845 P4:0.090835 STATE:IDLE
[2026-05-16 10:52:08Z] CHK MOM:-0.08% RANGE:0.08% UP:26.66% SPREAD:0.01100957% BID:0.09083 ASK:0.09084 MID:0.090835 P1:0.090835 P2:0.09084 P3:0.090845 P4:0.090845 STATE:IDLE
[2026-05-16 10:52:08Z] CHK MOM:-0.08% RANGE:0.08% UP:26.66% SPREAD:0.01100957% BID:0.09083 ASK:0.09084 MID:0.090835 P1:0.090835 P2:0.09084 P3:0.090845 P4:0.090845 STATE:IDLE
[2026-05-16 10:52:09Z] CHK MOM:-0.08% RANGE:0.08% UP:26.66% SPREAD:0.01100957% BID:0.09083 ASK:0.09084 MID:0.090835 P1:0.090835 P2:0.09084 P3:0.090845 P4:0.090845 STATE:IDLE
[2026-05-16 10:52:09Z] CHK MOM:-0.08% RANGE:0.08% UP:26.66% SPREAD:0.01100957% BID:0.09083 ASK:0.09084 MID:0.090835 P1:0.090835 P2:0.09084 P3:0.090845 P4:0.090845 STATE:IDLE
[2026-05-16 10:52:10Z] CHK MOM:-0.08% RANGE:0.08% UP:26.66% SPREAD:0.01100957% BID:0.09083 ASK:0.09084 MID:0.090835 P1:0.090835 P2:0.09084 P3:0.090845 P4:0.090845 STATE:IDLE
[2026-05-16 10:52:11Z] CHK MOM:-0.08% RANGE:0.08% UP:26.66% SPREAD:0.01100957% BID:0.09083 ASK:0.09084 MID:0.090835 P1:0.090835 P2:0.09084 P3:0.090845 P4:0.090845 STATE:IDLE
[2026-05-16 10:52:12Z] CHK MOM:-0.08% RANGE:0.08% UP:30.76% SPREAD:0.02202158% BID:0.09082 ASK:0.09084 MID:0.09083 P1:0.09083 P2:0.090835 P3:0.09084 P4:0.090845 STATE:IDLE
[2026-05-16 10:52:13Z] CHK MOM:-0.08% RANGE:0.08% UP:23.07% SPREAD:0.02202158% BID:0.09082 ASK:0.09084 MID:0.09083 P1:0.09083 P2:0.09083 P3:0.090835 P4:0.09084 STATE:IDLE
[2026-05-16 10:52:13Z] TOKEN_SWITCH old=HBARUSDC new=ASTERUSDC source=.service.env
[2026-05-16 14:11:44Z] SESSION_START symbol=HBARUSDC dry_run=0 profile=major strategy=momentum base_url=https://api.binance.com
[2026-05-16 14:11:44Z] TOXIC_MEMORY_LOADED count=1 symbols=ORDIUSDC
[2026-05-16 14:11:45Z] CHK MOM:0% RANGE:0% UP:0% SPREAD:0.02197319% BID:0.09102 ASK:0.09104 MID:0.09103 P1:0.09103 P2:NA P3:NA P4:NA STATE:IDLE
[2026-05-16 14:11:46Z] CHK MOM:0% RANGE:0% UP:0% SPREAD:0.02197319% BID:0.09102 ASK:0.09104 MID:0.09103 P1:0.09103 P2:0.09103 P3:NA P4:NA STATE:IDLE
[2026-05-16 14:11:46Z] CHK MOM:0% RANGE:0% UP:0% SPREAD:0.02197319% BID:0.09102 ASK:0.09104 MID:0.09103 P1:0.09103 P2:0.09103 P3:NA P4:NA STATE:IDLE
[2026-05-16 14:11:47Z] CHK MOM:0% RANGE:0% UP:0% SPREAD:0.01098659% BID:0.09102 ASK:0.09103 MID:0.091025 P1:0.091025 P2:0.09103 P3:0.09103 P4:NA STATE:IDLE
[2026-05-16 14:11:47Z] CHK MOM:0% RANGE:0% UP:0% SPREAD:0.01098659% BID:0.09102 ASK:0.09103 MID:0.091025 P1:0.091025 P2:0.09103 P3:0.09103 P4:NA STATE:IDLE
[2026-05-16 14:11:48Z] CHK MOM:0% RANGE:0% UP:0% SPREAD:0.01098659% BID:0.09102 ASK:0.09103 MID:0.091025 P1:0.091025 P2:0.09103 P3:0.09103 P4:NA STATE:IDLE
[2026-05-16 14:11:48Z] CHK MOM:0% RANGE:0% UP:0% SPREAD:0.01098659% BID:0.09102 ASK:0.09103 MID:0.091025 P1:0.091025 P2:0.091025 P3:0.09103 P4:0.09103 STATE:IDLE
[2026-05-16 14:11:49Z] CHK MOM:0% RANGE:0% UP:0% SPREAD:0.01098659% BID:0.09102 ASK:0.09103 MID:0.091025 P1:0.091025 P2:0.091025 P3:0.09103 P4:0.09103 STATE:IDLE
[2026-05-16 14:11:49Z] CHK MOM:0.02% RANGE:0.03% UP:25% SPREAD:0.05492694% BID:0.09103 ASK:0.09108 MID:0.091055 P1:0.091055 P2:0.091025 P3:0.091025 P4:0.09103 STATE:IDLE
[2026-05-16 14:11:50Z] CHK MOM:0.02% RANGE:0.03% UP:20% SPREAD:0.04394155% BID:0.09103 ASK:0.09107 MID:0.09104999 P1:0.09104999 P2:0.091055 P3:0.091025 P4:0.091025 STATE:IDLE
[2026-05-16 14:11:51Z] CHK MOM:0.02% RANGE:0.03% UP:20% SPREAD:0.04394155% BID:0.09103 ASK:0.09107 MID:0.09104999 P1:0.09104999 P2:0.091055 P3:0.091025 P4:0.091025 STATE:IDLE
[2026-05-16 14:11:51Z] CHK MOM:0.02% RANGE:0.03% UP:20% SPREAD:0.04394155% BID:0.09103 ASK:0.09107 MID:0.09104999 P1:0.09104999 P2:0.091055 P3:0.091025 P4:0.091025 STATE:IDLE
[2026-05-16 14:11:52Z] CHK MOM:0.02% RANGE:0.03% UP:20% SPREAD:0.04394155% BID:0.09103 ASK:0.09107 MID:0.09104999 P1:0.09104999 P2:0.091055 P3:0.091025 P4:0.091025 STATE:IDLE
[2026-05-16 14:11:52Z] CHK MOM:0.02% RANGE:0.03% UP:20% SPREAD:0.04394155% BID:0.09103 ASK:0.09107 MID:0.09104999 P1:0.09104999 P2:0.091055 P3:0.091025 P4:0.091025 STATE:IDLE
[2026-05-16 14:11:54Z] CHK MOM:0.05% RANGE:0.06% UP:33.33% SPREAD:0.04392708% BID:0.09106 ASK:0.0911 MID:0.09108 P1:0.09108 P2:0.09104999 P3:0.091055 P4:0.091025 STATE:IDLE
[2026-05-16 14:11:54Z] CHK MOM:0.05% RANGE:0.06% UP:33.33% SPREAD:0.04392708% BID:0.09106 ASK:0.0911 MID:0.09108 P1:0.09108 P2:0.09104999 P3:0.091055 P4:0.091025 STATE:IDLE
[2026-05-16 14:11:55Z] CHK MOM:0.05% RANGE:0.06% UP:33.33% SPREAD:0.04392708% BID:0.09106 ASK:0.0911 MID:0.09108 P1:0.09108 P2:0.09104999 P3:0.091055 P4:0.091025 STATE:IDLE
[2026-05-16 14:11:56Z] CHK MOM:0.05% RANGE:0.06% UP:33.33% SPREAD:0.04392708% BID:0.09106 ASK:0.0911 MID:0.09108 P1:0.09108 P2:0.09104999 P3:0.091055 P4:0.091025 STATE:IDLE
[2026-05-16 14:11:56Z] CHK MOM:0.05% RANGE:0.06% UP:33.33% SPREAD:0.04392708% BID:0.09106 ASK:0.0911 MID:0.09108 P1:0.09108 P2:0.09104999 P3:0.091055 P4:0.091025 STATE:IDLE
[2026-05-16 14:12:01Z] CHK MOM:0.03% RANGE:0.03% UP:66.66% SPREAD:0.03294169% BID:0.09107 ASK:0.0911 MID:0.091085 P1:0.091085 P2:0.09108 P3:0.09104999 P4:0.091055 STATE:IDLE
[2026-05-16 14:12:02Z] CHK MOM:0.03% RANGE:0.03% UP:66.66% SPREAD:0.03294169% BID:0.09107 ASK:0.0911 MID:0.091085 P1:0.091085 P2:0.09108 P3:0.09104999 P4:0.091055 STATE:IDLE
[2026-05-16 14:12:02Z] CHK MOM:0.03% RANGE:0.03% UP:66.66% SPREAD:0.03294169% BID:0.09107 ASK:0.0911 MID:0.091085 P1:0.091085 P2:0.09108 P3:0.09104999 P4:0.091055 STATE:IDLE
[2026-05-16 14:12:03Z] CHK MOM:0.03% RANGE:0.03% UP:66.66% SPREAD:0.03294169% BID:0.09107 ASK:0.0911 MID:0.091085 P1:0.091085 P2:0.09108 P3:0.09104999 P4:0.091055 STATE:IDLE
[2026-05-16 14:12:03Z] CHK MOM:0.03% RANGE:0.03% UP:66.66% SPREAD:0.03294169% BID:0.09107 ASK:0.0911 MID:0.091085 P1:0.091085 P2:0.09108 P3:0.09104999 P4:0.091055 STATE:IDLE
[2026-05-16 14:12:05Z] CHK MOM:0.01% RANGE:0.01% UP:100% SPREAD:0.04392225% BID:0.09107 ASK:0.09111 MID:0.09109 P1:0.09109 P2:0.091085 P3:0.09108 P4:0.09104999 STATE:IDLE
[2026-05-16 14:12:06Z] CHK MOM:0.01% RANGE:0.01% UP:100% SPREAD:0.04392225% BID:0.09107 ASK:0.09111 MID:0.09109 P1:0.09109 P2:0.091085 P3:0.09108 P4:0.09104999 STATE:IDLE
[2026-05-16 14:12:07Z] CHK MOM:0.01% RANGE:0.01% UP:100% SPREAD:0.04392225% BID:0.09107 ASK:0.09111 MID:0.09109 P1:0.09109 P2:0.091085 P3:0.09108 P4:0.09104999 STATE:IDLE
[2026-05-16 14:12:07Z] CHK MOM:0.02% RANGE:0.02% UP:100% SPREAD:0.02195389% BID:0.0911 ASK:0.09112 MID:0.09111 P1:0.09111 P2:0.09109 P3:0.091085 P4:0.09108 STATE:IDLE
[2026-05-16 14:12:08Z] CHK MOM:0.02% RANGE:0.02% UP:100% SPREAD:0.02195389% BID:0.0911 ASK:0.09112 MID:0.09111 P1:0.09111 P2:0.09109 P3:0.091085 P4:0.09108 STATE:IDLE
[2026-05-16 14:12:08Z] CHK MOM:0.02% RANGE:0.02% UP:100% SPREAD:0.02195389% BID:0.0911 ASK:0.09112 MID:0.09111 P1:0.09111 P2:0.09109 P3:0.091085 P4:0.09108 STATE:IDLE
[2026-05-16 14:12:09Z] CHK MOM:0.02% RANGE:0.02% UP:100% SPREAD:0.02195389% BID:0.0911 ASK:0.09112 MID:0.09111 P1:0.09111 P2:0.09109 P3:0.091085 P4:0.09108 STATE:IDLE
[2026-05-16 14:12:09Z] CHK MOM:0.02% RANGE:0.02% UP:100% SPREAD:0.02195389% BID:0.0911 ASK:0.09112 MID:0.09111 P1:0.09111 P2:0.09109 P3:0.091085 P4:0.09108 STATE:IDLE
[2026-05-16 14:12:10Z] CHK MOM:0.02% RANGE:0.02% UP:100% SPREAD:0.02195389% BID:0.0911 ASK:0.09112 MID:0.09111 P1:0.09111 P2:0.09109 P3:0.091085 P4:0.09108 STATE:IDLE
[2026-05-16 14:12:19Z] CHK MOM:0.01% RANGE:0.01% UP:100% SPREAD:0.02195148% BID:0.09111 ASK:0.09113 MID:0.09112 P1:0.09112 P2:0.09111 P3:0.09109 P4:0.091085 STATE:IDLE
[2026-05-16 14:12:20Z] CHK MOM:0.01% RANGE:0.01% UP:100% SPREAD:0.02194907% BID:0.09112 ASK:0.09114 MID:0.09113 P1:0.09113 P2:0.09112 P3:0.09111 P4:0.09109 STATE:IDLE
[2026-05-16 14:12:20Z] CHK MOM:0% RANGE:0.01% UP:50% SPREAD:0.03292723% BID:0.09111 ASK:0.09114 MID:0.091125 P1:0.091125 P2:0.09113 P3:0.09112 P4:0.09111 STATE:IDLE
[2026-05-16 14:12:21Z] CHK MOM:0% RANGE:0.01% UP:50% SPREAD:0.03292723% BID:0.09111 ASK:0.09114 MID:0.091125 P1:0.091125 P2:0.09113 P3:0.09112 P4:0.09111 STATE:IDLE
[2026-05-16 14:12:21Z] CHK MOM:0% RANGE:0.01% UP:50% SPREAD:0.03292723% BID:0.09111 ASK:0.09114 MID:0.091125 P1:0.091125 P2:0.09113 P3:0.09112 P4:0.09111 STATE:IDLE
[2026-05-16 14:12:22Z] CHK MOM:-0.01% RANGE:0.02% UP:33.33% SPREAD:0.03293446% BID:0.09109 ASK:0.09112 MID:0.091105 P1:0.091105 P2:0.091125 P3:0.09113 P4:0.09112 STATE:IDLE
[2026-05-16 14:12:22Z] CHK MOM:-0.01% RANGE:0.02% UP:33.33% SPREAD:0.03293446% BID:0.09109 ASK:0.09112 MID:0.091105 P1:0.091105 P2:0.091125 P3:0.09113 P4:0.09112 STATE:IDLE
[2026-05-16 14:12:23Z] CHK MOM:-0.01% RANGE:0.02% UP:33.33% SPREAD:0.03293446% BID:0.09109 ASK:0.09112 MID:0.091105 P1:0.091105 P2:0.091125 P3:0.09113 P4:0.09112 STATE:IDLE
[2026-05-16 14:12:23Z] CHK MOM:-0.01% RANGE:0.02% UP:33.33% SPREAD:0.03293446% BID:0.09109 ASK:0.09112 MID:0.091105 P1:0.091105 P2:0.091125 P3:0.09113 P4:0.09112 STATE:IDLE
[2026-05-16 14:12:24Z] CHK MOM:-0.01% RANGE:0.02% UP:50% SPREAD:0.02195389% BID:0.0911 ASK:0.09112 MID:0.09111 P1:0.09111 P2:0.091105 P3:0.091125 P4:0.09113 STATE:IDLE
[2026-05-16 14:12:25Z] CHK MOM:-0.01% RANGE:0.02% UP:50% SPREAD:0.02195389% BID:0.0911 ASK:0.09112 MID:0.09111 P1:0.09111 P2:0.091105 P3:0.091125 P4:0.09113 STATE:IDLE
[2026-05-16 14:12:25Z] CHK MOM:-0.01% RANGE:0.02% UP:50% SPREAD:0.02195389% BID:0.0911 ASK:0.09112 MID:0.09111 P1:0.09111 P2:0.091105 P3:0.091125 P4:0.09113 STATE:IDLE
[2026-05-16 14:12:26Z] CHK MOM:-0.01% RANGE:0.02% UP:50% SPREAD:0.02195389% BID:0.0911 ASK:0.09112 MID:0.09111 P1:0.09111 P2:0.091105 P3:0.091125 P4:0.09113 STATE:IDLE
[2026-05-16 14:12:26Z] CHK MOM:-0.01% RANGE:0.02% UP:40% SPREAD:0.03293446% BID:0.09109 ASK:0.09112 MID:0.091105 P1:0.091105 P2:0.09111 P3:0.091105 P4:0.091125 STATE:IDLE
[2026-05-16 14:12:27Z] CHK MOM:-0.01% RANGE:0.02% UP:40% SPREAD:0.03293446% BID:0.09109 ASK:0.09112 MID:0.091105 P1:0.091105 P2:0.09111 P3:0.091105 P4:0.091125 STATE:IDLE
[2026-05-16 14:12:27Z] CHK MOM:-0.01% RANGE:0.02% UP:40% SPREAD:0.03293446% BID:0.09109 ASK:0.09112 MID:0.091105 P1:0.091105 P2:0.09111 P3:0.091105 P4:0.091125 STATE:IDLE
[2026-05-16 14:12:28Z] CHK MOM:-0.01% RANGE:0.02% UP:40% SPREAD:0.03293446% BID:0.09109 ASK:0.09112 MID:0.091105 P1:0.091105 P2:0.09111 P3:0.091105 P4:0.091125 STATE:IDLE
[2026-05-16 14:12:28Z] CHK MOM:-0.01% RANGE:0.02% UP:40% SPREAD:0.03293446% BID:0.09109 ASK:0.09112 MID:0.091105 P1:0.091105 P2:0.09111 P3:0.091105 P4:0.091125 STATE:IDLE
[2026-05-16 14:12:29Z] CHK MOM:-0.01% RANGE:0.02% UP:40% SPREAD:0.03293446% BID:0.09109 ASK:0.09112 MID:0.091105 P1:0.091105 P2:0.09111 P3:0.091105 P4:0.091125 STATE:IDLE
[2026-05-16 14:12:42Z] CHK MOM:0% RANGE:0% UP:0% SPREAD:0.02195389% BID:0.0911 ASK:0.09112 MID:0.09111 P1:0.09111 P2:0.091105 P3:0.09111 P4:0.091105 STATE:IDLE
[2026-05-16 14:12:43Z] CHK MOM:0% RANGE:0% UP:0% SPREAD:0.02195389% BID:0.0911 ASK:0.09112 MID:0.09111 P1:0.09111 P2:0.091105 P3:0.09111 P4:0.091105 STATE:IDLE
[2026-05-16 14:12:43Z] CHK MOM:0% RANGE:0% UP:0% SPREAD:0.02195389% BID:0.0911 ASK:0.09112 MID:0.09111 P1:0.09111 P2:0.091105 P3:0.09111 P4:0.091105 STATE:IDLE
[2026-05-16 14:12:44Z] CHK MOM:0% RANGE:0% UP:0% SPREAD:0.02195389% BID:0.0911 ASK:0.09112 MID:0.09111 P1:0.09111 P2:0.091105 P3:0.09111 P4:0.091105 STATE:IDLE
[2026-05-16 14:12:44Z] CHK MOM:0% RANGE:0% UP:0% SPREAD:0.02195389% BID:0.0911 ASK:0.09112 MID:0.09111 P1:0.09111 P2:0.091105 P3:0.09111 P4:0.091105 STATE:IDLE
[2026-05-16 14:12:45Z] CHK MOM:0% RANGE:0% UP:0% SPREAD:0.03293446% BID:0.09109 ASK:0.09112 MID:0.091105 P1:0.091105 P2:0.09111 P3:0.091105 P4:0.09111 STATE:IDLE
[2026-05-16 14:12:45Z] CHK MOM:0% RANGE:0% UP:0% SPREAD:0.03293446% BID:0.09109 ASK:0.09112 MID:0.091105 P1:0.091105 P2:0.09111 P3:0.091105 P4:0.09111 STATE:IDLE
[2026-05-16 14:12:46Z] CHK MOM:0% RANGE:0% UP:50% SPREAD:0.02195389% BID:0.0911 ASK:0.09112 MID:0.09111 P1:0.09111 P2:0.091105 P3:0.09111 P4:0.091105 STATE:IDLE
[2026-05-16 14:12:46Z] CHK MOM:0% RANGE:0% UP:50% SPREAD:0.02195389% BID:0.0911 ASK:0.09112 MID:0.09111 P1:0.09111 P2:0.091105 P3:0.09111 P4:0.091105 STATE:IDLE
[2026-05-16 14:12:47Z] CHK MOM:0% RANGE:0% UP:33.33% SPREAD:0.03293446% BID:0.09109 ASK:0.09112 MID:0.091105 P1:0.091105 P2:0.09111 P3:0.091105 P4:0.09111 STATE:IDLE
[2026-05-16 14:12:48Z] CHK MOM:0% RANGE:0% UP:50% SPREAD:0.02195389% BID:0.0911 ASK:0.09112 MID:0.09111 P1:0.09111 P2:0.091105 P3:0.09111 P4:0.091105 STATE:IDLE
[2026-05-16 14:12:48Z] CHK MOM:0% RANGE:0% UP:50% SPREAD:0.02195389% BID:0.0911 ASK:0.09112 MID:0.09111 P1:0.09111 P2:0.091105 P3:0.09111 P4:0.091105 STATE:IDLE
[2026-05-16 14:12:49Z] CHK MOM:0% RANGE:0% UP:50% SPREAD:0.02195389% BID:0.0911 ASK:0.09112 MID:0.09111 P1:0.09111 P2:0.091105 P3:0.09111 P4:0.091105 STATE:IDLE
[2026-05-16 14:12:49Z] CHK MOM:0% RANGE:0% UP:50% SPREAD:0.02195389% BID:0.0911 ASK:0.09112 MID:0.09111 P1:0.09111 P2:0.091105 P3:0.09111 P4:0.091105 STATE:IDLE
[2026-05-16 14:12:50Z] CHK MOM:0% RANGE:0% UP:50% SPREAD:0.02195389% BID:0.0911 ASK:0.09112 MID:0.09111 P1:0.09111 P2:0.091105 P3:0.09111 P4:0.091105 STATE:IDLE
[2026-05-16 14:12:51Z] CHK MOM:0% RANGE:0.01% UP:60% SPREAD:0.01097574% BID:0.09111 ASK:0.09112 MID:0.091115 P1:0.091115 P2:0.09111 P3:0.091105 P4:0.09111 STATE:IDLE
[2026-05-16 14:12:52Z] CHK MOM:0% RANGE:0.01% UP:60% SPREAD:0.01097574% BID:0.09111 ASK:0.09112 MID:0.091115 P1:0.091115 P2:0.09111 P3:0.091105 P4:0.09111 STATE:IDLE
[2026-05-16 14:12:53Z] CHK MOM:0% RANGE:0.01% UP:50% SPREAD:0.02195389% BID:0.0911 ASK:0.09112 MID:0.09111 P1:0.09111 P2:0.091115 P3:0.09111 P4:0.091105 STATE:IDLE
[2026-05-16 14:12:53Z] CHK MOM:0% RANGE:0.01% UP:42.85% SPREAD:0.02195389% BID:0.0911 ASK:0.09112 MID:0.09111 P1:0.09111 P2:0.09111 P3:0.091115 P4:0.09111 STATE:IDLE
[2026-05-16 14:12:54Z] CHK MOM:0% RANGE:0.01% UP:42.85% SPREAD:0.02195389% BID:0.0911 ASK:0.09112 MID:0.09111 P1:0.09111 P2:0.09111 P3:0.091115 P4:0.09111 STATE:IDLE
[2026-05-16 14:12:54Z] CHK MOM:0% RANGE:0.01% UP:42.85% SPREAD:0.02195389% BID:0.0911 ASK:0.09112 MID:0.09111 P1:0.09111 P2:0.09111 P3:0.091115 P4:0.09111 STATE:IDLE
[2026-05-16 14:12:55Z] CHK MOM:0% RANGE:0.01% UP:42.85% SPREAD:0.02195389% BID:0.0911 ASK:0.09112 MID:0.09111 P1:0.09111 P2:0.09111 P3:0.091115 P4:0.09111 STATE:IDLE
[2026-05-16 14:12:55Z] CHK MOM:0% RANGE:0.01% UP:42.85% SPREAD:0.02195389% BID:0.0911 ASK:0.09112 MID:0.09111 P1:0.09111 P2:0.09111 P3:0.091115 P4:0.09111 STATE:IDLE
[2026-05-16 14:12:56Z] CHK MOM:0% RANGE:0.01% UP:42.85% SPREAD:0.02195389% BID:0.0911 ASK:0.09112 MID:0.09111 P1:0.09111 P2:0.09111 P3:0.09111 P4:0.091115 STATE:IDLE
[2026-05-16 14:12:56Z] CHK MOM:0% RANGE:0.01% UP:42.85% SPREAD:0.02195389% BID:0.0911 ASK:0.09112 MID:0.09111 P1:0.09111 P2:0.09111 P3:0.09111 P4:0.091115 STATE:IDLE
[2026-05-16 14:12:57Z] CHK MOM:0% RANGE:0.01% UP:42.85% SPREAD:0.02195389% BID:0.0911 ASK:0.09112 MID:0.09111 P1:0.09111 P2:0.09111 P3:0.09111 P4:0.091115 STATE:IDLE
[2026-05-16 14:12:58Z] CHK MOM:0% RANGE:0.01% UP:42.85% SPREAD:0.02195389% BID:0.0911 ASK:0.09112 MID:0.09111 P1:0.09111 P2:0.09111 P3:0.09111 P4:0.091115 STATE:IDLE
[2026-05-16 14:12:58Z] CHK MOM:0% RANGE:0.01% UP:33.33% SPREAD:0.02195389% BID:0.0911 ASK:0.09112 MID:0.09111 P1:0.09111 P2:0.09111 P3:0.09111 P4:0.09111 STATE:IDLE
[2026-05-16 14:12:59Z] CHK MOM:0% RANGE:0.01% UP:33.33% SPREAD:0.02195389% BID:0.0911 ASK:0.09112 MID:0.09111 P1:0.09111 P2:0.09111 P3:0.09111 P4:0.09111 STATE:IDLE
[2026-05-16 14:12:59Z] CHK MOM:0% RANGE:0% UP:16.66% SPREAD:0.02195389% BID:0.0911 ASK:0.09112 MID:0.09111 P1:0.09111 P2:0.09111 P3:0.09111 P4:0.09111 STATE:IDLE
[2026-05-16 14:13:00Z] CHK MOM:0% RANGE:0% UP:16.66% SPREAD:0.02195389% BID:0.0911 ASK:0.09112 MID:0.09111 P1:0.09111 P2:0.09111 P3:0.09111 P4:0.09111 STATE:IDLE
[2026-05-16 14:13:00Z] CHK MOM:0% RANGE:0% UP:16.66% SPREAD:0.02195389% BID:0.0911 ASK:0.09112 MID:0.09111 P1:0.09111 P2:0.09111 P3:0.09111 P4:0.09111 STATE:IDLE
[2026-05-16 14:13:01Z] CHK MOM:0% RANGE:0% UP:16.66% SPREAD:0.02195389% BID:0.0911 ASK:0.09112 MID:0.09111 P1:0.09111 P2:0.09111 P3:0.09111 P4:0.09111 STATE:IDLE
[2026-05-16 14:13:01Z] CHK MOM:0% RANGE:0% UP:16.66% SPREAD:0.02195389% BID:0.0911 ASK:0.09112 MID:0.09111 P1:0.09111 P2:0.09111 P3:0.09111 P4:0.09111 STATE:IDLE
[2026-05-16 14:13:02Z] CHK MOM:0% RANGE:0% UP:16.66% SPREAD:0.02195389% BID:0.0911 ASK:0.09112 MID:0.09111 P1:0.09111 P2:0.09111 P3:0.09111 P4:0.09111 STATE:IDLE
[2026-05-16 14:13:03Z] CHK MOM:0.02% RANGE:0.03% UP:16.66% SPREAD:0.06585446% BID:0.09111 ASK:0.09117 MID:0.09114 P1:0.09114 P2:0.09111 P3:0.09111 P4:0.09111 STATE:IDLE
[2026-05-16 14:13:04Z] CHK MOM:0.02% RANGE:0.03% UP:14.28% SPREAD:0.05487871% BID:0.09111 ASK:0.09116 MID:0.091135 P1:0.091135 P2:0.09114 P3:0.09111 P4:0.09111 STATE:IDLE
[2026-05-16 14:13:04Z] CHK MOM:0.02% RANGE:0.03% UP:14.28% SPREAD:0.05487871% BID:0.09111 ASK:0.09116 MID:0.091135 P1:0.091135 P2:0.09114 P3:0.09111 P4:0.09111 STATE:IDLE
[2026-05-16 14:13:05Z] CHK MOM:0.01% RANGE:0.03% UP:16.66% SPREAD:0.03292723% BID:0.09111 ASK:0.09114 MID:0.091125 P1:0.091125 P2:0.091135 P3:0.09114 P4:0.09111 STATE:IDLE
[2026-05-16 14:13:05Z] CHK MOM:0.01% RANGE:0.03% UP:16.66% SPREAD:0.03292723% BID:0.09111 ASK:0.09114 MID:0.091125 P1:0.091125 P2:0.091135 P3:0.09114 P4:0.09111 STATE:IDLE
[2026-05-16 14:13:06Z] CHK MOM:0.01% RANGE:0.03% UP:16.66% SPREAD:0.03292723% BID:0.09111 ASK:0.09114 MID:0.091125 P1:0.091125 P2:0.091135 P3:0.09114 P4:0.09111 STATE:IDLE
[2026-05-16 14:13:06Z] CHK MOM:0.01% RANGE:0.03% UP:16.66% SPREAD:0.03292723% BID:0.09111 ASK:0.09114 MID:0.091125 P1:0.091125 P2:0.091125 P3:0.091135 P4:0.09114 STATE:IDLE
[2026-05-16 14:13:07Z] CHK MOM:0.01% RANGE:0.03% UP:16.66% SPREAD:0.03292723% BID:0.09111 ASK:0.09114 MID:0.091125 P1:0.091125 P2:0.091125 P3:0.091135 P4:0.09114 STATE:IDLE
[2026-05-16 14:13:07Z] CHK MOM:0.02% RANGE:0.03% UP:28.57% SPREAD:0.04390297% BID:0.09111 ASK:0.09115 MID:0.09112999 P1:0.09112999 P2:0.091125 P3:0.091125 P4:0.091135 STATE:IDLE
[2026-05-16 14:13:08Z] CHK MOM:0.02% RANGE:0.03% UP:28.57% SPREAD:0.04390297% BID:0.09111 ASK:0.09115 MID:0.09112999 P1:0.09112999 P2:0.091125 P3:0.091125 P4:0.091135 STATE:IDLE
[2026-05-16 14:13:09Z] CHK MOM:0.02% RANGE:0.03% UP:28.57% SPREAD:0.04390297% BID:0.09111 ASK:0.09115 MID:0.09112999 P1:0.09112999 P2:0.091125 P3:0.091125 P4:0.091135 STATE:IDLE
[2026-05-16 14:13:09Z] CHK MOM:0.02% RANGE:0.03% UP:28.57% SPREAD:0.04390297% BID:0.09111 ASK:0.09115 MID:0.09112999 P1:0.09112999 P2:0.091125 P3:0.091125 P4:0.091135 STATE:IDLE
[2026-05-16 14:13:10Z] CHK MOM:0.02% RANGE:0.03% UP:28.57% SPREAD:0.04390297% BID:0.09111 ASK:0.09115 MID:0.09112999 P1:0.09112999 P2:0.091125 P3:0.091125 P4:0.091135 STATE:IDLE
[2026-05-16 14:13:15Z] CHK MOM:0% RANGE:0.01% UP:40% SPREAD:0.03292361% BID:0.09112 ASK:0.09115 MID:0.091135 P1:0.091135 P2:0.09112999 P3:0.091125 P4:0.091125 STATE:IDLE
[2026-05-16 14:13:16Z] CHK MOM:0% RANGE:0.01% UP:40% SPREAD:0.03292361% BID:0.09112 ASK:0.09115 MID:0.091135 P1:0.091135 P2:0.09112999 P3:0.091125 P4:0.091125 STATE:IDLE
[2026-05-16 14:13:16Z] CHK MOM:0% RANGE:0.01% UP:40% SPREAD:0.03292361% BID:0.09112 ASK:0.09115 MID:0.091135 P1:0.091135 P2:0.09112999 P3:0.091125 P4:0.091125 STATE:IDLE
[2026-05-16 14:13:17Z] CHK MOM:0.01% RANGE:0.01% UP:75% SPREAD:0.02194666% BID:0.09113 ASK:0.09115 MID:0.09114 P1:0.09114 P2:0.091135 P3:0.09112999 P4:0.091125 STATE:IDLE
[2026-05-16 14:13:17Z] CHK MOM:0.01% RANGE:0.01% UP:75% SPREAD:0.02194666% BID:0.09113 ASK:0.09115 MID:0.09114 P1:0.09114 P2:0.091135 P3:0.09112999 P4:0.091125 STATE:IDLE
[2026-05-16 14:13:18Z] CHK MOM:0.01% RANGE:0.01% UP:75% SPREAD:0.02194666% BID:0.09113 ASK:0.09115 MID:0.09114 P1:0.09114 P2:0.091135 P3:0.09112999 P4:0.091125 STATE:IDLE
[2026-05-16 14:13:18Z] CHK MOM:0.01% RANGE:0.01% UP:75% SPREAD:0.02194666% BID:0.09113 ASK:0.09115 MID:0.09114 P1:0.09114 P2:0.091135 P3:0.09112999 P4:0.091125 STATE:IDLE
[2026-05-16 14:13:19Z] CHK MOM:0.01% RANGE:0.01% UP:75% SPREAD:0.02194666% BID:0.09113 ASK:0.09115 MID:0.09114 P1:0.09114 P2:0.091135 P3:0.09112999 P4:0.091125 STATE:IDLE
[2026-05-16 14:13:19Z] CHK MOM:0.01% RANGE:0.01% UP:75% SPREAD:0.02194666% BID:0.09113 ASK:0.09115 MID:0.09114 P1:0.09114 P2:0.091135 P3:0.09112999 P4:0.091125 STATE:IDLE
[2026-05-16 14:13:21Z] CHK MOM:0% RANGE:0% UP:50% SPREAD:0.03292361% BID:0.09112 ASK:0.09115 MID:0.091135 P1:0.091135 P2:0.09114 P3:0.091135 P4:0.09112999 STATE:IDLE
[2026-05-16 14:13:21Z] CHK MOM:0% RANGE:0% UP:66.66% SPREAD:0.02194666% BID:0.09113 ASK:0.09115 MID:0.09114 P1:0.09114 P2:0.091135 P3:0.09114 P4:0.091135 STATE:IDLE
[2026-05-16 14:13:22Z] CHK MOM:0% RANGE:0% UP:66.66% SPREAD:0.02194666% BID:0.09113 ASK:0.09115 MID:0.09114 P1:0.09114 P2:0.091135 P3:0.09114 P4:0.091135 STATE:IDLE
[2026-05-16 14:13:22Z] CHK MOM:0% RANGE:0% UP:66.66% SPREAD:0.02194666% BID:0.09113 ASK:0.09115 MID:0.09114 P1:0.09114 P2:0.091135 P3:0.09114 P4:0.091135 STATE:IDLE
[2026-05-16 14:13:23Z] CHK MOM:0% RANGE:0% UP:66.66% SPREAD:0.02194666% BID:0.09113 ASK:0.09115 MID:0.09114 P1:0.09114 P2:0.091135 P3:0.09114 P4:0.091135 STATE:IDLE
[2026-05-16 14:13:23Z] CHK MOM:0% RANGE:0% UP:50% SPREAD:0.02194666% BID:0.09113 ASK:0.09115 MID:0.09114 P1:0.09114 P2:0.09114 P3:0.091135 P4:0.09114 STATE:IDLE
[2026-05-16 14:13:24Z] CHK MOM:0% RANGE:0% UP:50% SPREAD:0.02194666% BID:0.09113 ASK:0.09115 MID:0.09114 P1:0.09114 P2:0.09114 P3:0.091135 P4:0.09114 STATE:IDLE
[2026-05-16 14:13:24Z] CHK MOM:0% RANGE:0% UP:50% SPREAD:0.02194666% BID:0.09113 ASK:0.09115 MID:0.09114 P1:0.09114 P2:0.09114 P3:0.091135 P4:0.09114 STATE:IDLE
[2026-05-16 14:13:25Z] CHK MOM:0% RANGE:0% UP:50% SPREAD:0.02194666% BID:0.09113 ASK:0.09115 MID:0.09114 P1:0.09114 P2:0.09114 P3:0.091135 P4:0.09114 STATE:IDLE
[2026-05-16 14:13:25Z] CHK MOM:0% RANGE:0% UP:50% SPREAD:0.02194666% BID:0.09113 ASK:0.09115 MID:0.09114 P1:0.09114 P2:0.09114 P3:0.091135 P4:0.09114 STATE:IDLE
[2026-05-16 14:13:26Z] CHK MOM:0% RANGE:0% UP:50% SPREAD:0.02194666% BID:0.09113 ASK:0.09115 MID:0.09114 P1:0.09114 P2:0.09114 P3:0.091135 P4:0.09114 STATE:IDLE
[2026-05-16 14:13:31Z] CHK MOM:0% RANGE:0% UP:33.33% SPREAD:0.03292361% BID:0.09112 ASK:0.09115 MID:0.091135 P1:0.091135 P2:0.09114 P3:0.09114 P4:0.091135 STATE:IDLE
[2026-05-16 14:13:32Z] CHK MOM:0% RANGE:0% UP:33.33% SPREAD:0.03292361% BID:0.09112 ASK:0.09115 MID:0.091135 P1:0.091135 P2:0.09114 P3:0.09114 P4:0.091135 STATE:IDLE
[2026-05-16 14:13:32Z] CHK MOM:0% RANGE:0% UP:33.33% SPREAD:0.03292361% BID:0.09112 ASK:0.09115 MID:0.091135 P1:0.091135 P2:0.09114 P3:0.09114 P4:0.091135 STATE:IDLE
[2026-05-16 14:13:33Z] CHK MOM:0% RANGE:0% UP:33.33% SPREAD:0.03292361% BID:0.09112 ASK:0.09115 MID:0.091135 P1:0.091135 P2:0.09114 P3:0.09114 P4:0.091135 STATE:IDLE
[2026-05-16 14:13:33Z] CHK MOM:0% RANGE:0% UP:33.33% SPREAD:0.03292361% BID:0.09112 ASK:0.09115 MID:0.091135 P1:0.091135 P2:0.09114 P3:0.09114 P4:0.091135 STATE:IDLE
[2026-05-16 14:13:34Z] CHK MOM:0% RANGE:0% UP:50% SPREAD:0.02194666% BID:0.09113 ASK:0.09115 MID:0.09114 P1:0.09114 P2:0.091135 P3:0.09114 P4:0.09114 STATE:IDLE
[2026-05-16 14:13:35Z] CHK MOM:0% RANGE:0% UP:50% SPREAD:0.02194666% BID:0.09113 ASK:0.09115 MID:0.09114 P1:0.09114 P2:0.091135 P3:0.09114 P4:0.09114 STATE:IDLE
[2026-05-16 14:13:35Z] CHK MOM:0% RANGE:0% UP:50% SPREAD:0.02194666% BID:0.09113 ASK:0.09115 MID:0.09114 P1:0.09114 P2:0.091135 P3:0.09114 P4:0.09114 STATE:IDLE
[2026-05-16 14:13:36Z] CHK MOM:0% RANGE:0% UP:50% SPREAD:0.02194666% BID:0.09113 ASK:0.09115 MID:0.09114 P1:0.09114 P2:0.091135 P3:0.09114 P4:0.09114 STATE:IDLE
[2026-05-16 14:13:36Z] CHK MOM:0% RANGE:0% UP:50% SPREAD:0.02194666% BID:0.09113 ASK:0.09115 MID:0.09114 P1:0.09114 P2:0.091135 P3:0.09114 P4:0.09114 STATE:IDLE
[2026-05-16 14:13:37Z] CHK MOM:0% RANGE:0% UP:50% SPREAD:0.02194666% BID:0.09113 ASK:0.09115 MID:0.09114 P1:0.09114 P2:0.091135 P3:0.09114 P4:0.09114 STATE:IDLE
[2026-05-16 14:14:04Z] CHK MOM:0% RANGE:0% UP:0% SPREAD:0.03291639% BID:0.09114 ASK:0.09117 MID:0.091155 P1:0.091155 P2:0.09114 P3:0.091135 P4:NA STATE:IDLE
[2026-05-16 14:14:04Z] TOKEN_SWITCH old=HBARUSDC new=ONDOUSDC source=.service.env
[2026-05-16 14:21:52Z] SESSION_START symbol=HBARUSDC dry_run=0 profile=major strategy=momentum base_url=https://api.binance.com
[2026-05-16 14:21:52Z] TOXIC_MEMORY_LOADED count=1 symbols=ORDIUSDC
[2026-05-16 14:21:54Z] CHK MOM:0% RANGE:0% UP:0% SPREAD:0.02189141% BID:0.09136 ASK:0.09138 MID:0.09137 P1:0.09137 P2:NA P3:NA P4:NA STATE:IDLE
[2026-05-16 14:21:54Z] CHK MOM:0% RANGE:0% UP:0% SPREAD:0.02189141% BID:0.09136 ASK:0.09138 MID:0.09137 P1:0.09137 P2:0.09137 P3:NA P4:NA STATE:IDLE
[2026-05-16 14:21:55Z] CHK MOM:0% RANGE:0% UP:0% SPREAD:0.02189141% BID:0.09136 ASK:0.09138 MID:0.09137 P1:0.09137 P2:0.09137 P3:NA P4:NA STATE:IDLE
[2026-05-16 14:21:55Z] CHK MOM:0.01% RANGE:0.01% UP:50% SPREAD:0.02188902% BID:0.09137 ASK:0.09139 MID:0.09138 P1:0.09138 P2:0.09137 P3:0.09137 P4:NA STATE:IDLE
[2026-05-16 14:21:56Z] CHK MOM:0% RANGE:0.01% UP:33.33% SPREAD:0.02189141% BID:0.09136 ASK:0.09138 MID:0.09137 P1:0.09137 P2:0.09138 P3:0.09137 P4:0.09137 STATE:IDLE
[2026-05-16 14:21:56Z] CHK MOM:0.01% RANGE:0.01% UP:50% SPREAD:0.02188902% BID:0.09137 ASK:0.09139 MID:0.09138 P1:0.09138 P2:0.09137 P3:0.09138 P4:0.09137 STATE:IDLE
[2026-05-16 14:21:57Z] CHK MOM:0.01% RANGE:0.01% UP:40% SPREAD:0.02188902% BID:0.09137 ASK:0.09139 MID:0.09138 P1:0.09138 P2:0.09138 P3:0.09137 P4:0.09138 STATE:IDLE
[2026-05-16 14:21:57Z] CHK MOM:0% RANGE:0.01% UP:33.33% SPREAD:0.02189141% BID:0.09136 ASK:0.09138 MID:0.09137 P1:0.09137 P2:0.09138 P3:0.09138 P4:0.09137 STATE:IDLE
[2026-05-16 14:21:58Z] CHK MOM:0% RANGE:0.01% UP:33.33% SPREAD:0.02189141% BID:0.09136 ASK:0.09138 MID:0.09137 P1:0.09137 P2:0.09138 P3:0.09138 P4:0.09137 STATE:IDLE
[2026-05-16 14:21:59Z] CHK MOM:0% RANGE:0.01% UP:33.33% SPREAD:0.02189141% BID:0.09136 ASK:0.09138 MID:0.09137 P1:0.09137 P2:0.09138 P3:0.09138 P4:0.09137 STATE:IDLE
[2026-05-16 14:21:59Z] CHK MOM:0% RANGE:0.01% UP:33.33% SPREAD:0.02189141% BID:0.09136 ASK:0.09138 MID:0.09137 P1:0.09137 P2:0.09138 P3:0.09138 P4:0.09137 STATE:IDLE
[2026-05-16 14:22:00Z] CHK MOM:0% RANGE:0.01% UP:33.33% SPREAD:0.02189141% BID:0.09136 ASK:0.09138 MID:0.09137 P1:0.09137 P2:0.09138 P3:0.09138 P4:0.09137 STATE:IDLE
[2026-05-16 14:22:00Z] CHK MOM:0.01% RANGE:0.01% UP:42.85% SPREAD:0.02188902% BID:0.09137 ASK:0.09139 MID:0.09138 P1:0.09138 P2:0.09137 P3:0.09138 P4:0.09138 STATE:IDLE
[2026-05-16 14:22:01Z] CHK MOM:0.01% RANGE:0.01% UP:50% SPREAD:0.01094331% BID:0.09138 ASK:0.09139 MID:0.091385 P1:0.091385 P2:0.09138 P3:0.09137 P4:0.09138 STATE:IDLE
[2026-05-16 14:22:01Z] CHK MOM:0.01% RANGE:0.01% UP:50% SPREAD:0.01094331% BID:0.09138 ASK:0.09139 MID:0.091385 P1:0.091385 P2:0.09138 P3:0.09137 P4:0.09138 STATE:IDLE
[2026-05-16 14:22:02Z] CHK MOM:0.01% RANGE:0.01% UP:50% SPREAD:0.01094331% BID:0.09138 ASK:0.09139 MID:0.091385 P1:0.091385 P2:0.09138 P3:0.09137 P4:0.09138 STATE:IDLE
[2026-05-16 14:22:02Z] CHK MOM:0% RANGE:0.01% UP:44.44% SPREAD:0.01094451% BID:0.09137 ASK:0.09138 MID:0.091375 P1:0.091375 P2:0.091385 P3:0.09138 P4:0.09137 STATE:IDLE
[2026-05-16 14:22:03Z] CHK MOM:0% RANGE:0.01% UP:44.44% SPREAD:0.01094451% BID:0.09137 ASK:0.09138 MID:0.091375 P1:0.091375 P2:0.091385 P3:0.09138 P4:0.09137 STATE:IDLE
[2026-05-16 14:22:03Z] CHK MOM:0% RANGE:0.01% UP:44.44% SPREAD:0.01094451% BID:0.09137 ASK:0.09138 MID:0.091375 P1:0.091375 P2:0.091385 P3:0.09138 P4:0.09137 STATE:IDLE
[2026-05-16 14:22:04Z] CHK MOM:0% RANGE:0.01% UP:44.44% SPREAD:0.01094451% BID:0.09137 ASK:0.09138 MID:0.091375 P1:0.091375 P2:0.091385 P3:0.09138 P4:0.09137 STATE:IDLE
[2026-05-16 14:22:05Z] CHK MOM:0% RANGE:0.01% UP:40% SPREAD:0.01094451% BID:0.09137 ASK:0.09138 MID:0.091375 P1:0.091375 P2:0.091375 P3:0.091385 P4:0.09138 STATE:IDLE
[2026-05-16 14:22:05Z] CHK MOM:0.02% RANGE:0.02% UP:50% SPREAD:0.02188662% BID:0.09138 ASK:0.0914 MID:0.09139 P1:0.09139 P2:0.091375 P3:0.091375 P4:0.091385 STATE:IDLE
[2026-05-16 14:22:06Z] CHK MOM:0% RANGE:0.02% UP:40% SPREAD:0.01094331% BID:0.09138 ASK:0.09139 MID:0.091385 P1:0.091385 P2:0.09139 P3:0.091375 P4:0.091375 STATE:IDLE
[2026-05-16 14:22:06Z] CHK MOM:0% RANGE:0.02% UP:40% SPREAD:0.01094331% BID:0.09138 ASK:0.09139 MID:0.091385 P1:0.091385 P2:0.09139 P3:0.091375 P4:0.091375 STATE:IDLE
[2026-05-16 14:22:07Z] CHK MOM:0% RANGE:0.02% UP:36.36% SPREAD:0.02188902% BID:0.09137 ASK:0.09139 MID:0.09138 P1:0.09138 P2:0.091385 P3:0.09139 P4:0.091375 STATE:IDLE
[2026-05-16 14:22:07Z] CHK MOM:0.01% RANGE:0.02% UP:36.36% SPREAD:0.02188902% BID:0.09137 ASK:0.09139 MID:0.09138 P1:0.09138 P2:0.09138 P3:0.091385 P4:0.09139 STATE:IDLE
[2026-05-16 14:22:08Z] CHK MOM:-0.01% RANGE:0.02% UP:27.27% SPREAD:0.0109457% BID:0.09136 ASK:0.09137 MID:0.091365 P1:0.091365 P2:0.09138 P3:0.09138 P4:0.091385 STATE:IDLE
[2026-05-16 14:22:08Z] CHK MOM:-0.01% RANGE:0.02% UP:25% SPREAD:0.0109457% BID:0.09136 ASK:0.09137 MID:0.091365 P1:0.091365 P2:0.091365 P3:0.09138 P4:0.09138 STATE:IDLE
[2026-05-16 14:22:09Z] CHK MOM:0% RANGE:0.02% UP:27.27% SPREAD:0.0109457% BID:0.09136 ASK:0.09137 MID:0.091365 P1:0.091365 P2:0.091365 P3:0.091365 P4:0.09138 STATE:IDLE
[2026-05-16 14:22:10Z] CHK MOM:0% RANGE:0.02% UP:27.27% SPREAD:0.0109457% BID:0.09136 ASK:0.09137 MID:0.091365 P1:0.091365 P2:0.091365 P3:0.091365 P4:0.09138 STATE:IDLE
[2026-05-16 14:22:10Z] CHK MOM:0% RANGE:0.02% UP:27.27% SPREAD:0.0109457% BID:0.09136 ASK:0.09137 MID:0.091365 P1:0.091365 P2:0.091365 P3:0.091365 P4:0.09138 STATE:IDLE
[2026-05-16 14:22:11Z] CHK MOM:0% RANGE:0.02% UP:27.27% SPREAD:0.0109457% BID:0.09136 ASK:0.09137 MID:0.091365 P1:0.091365 P2:0.091365 P3:0.091365 P4:0.09138 STATE:IDLE
[2026-05-16 14:22:11Z] CHK MOM:0% RANGE:0.02% UP:27.27% SPREAD:0.0109457% BID:0.09136 ASK:0.09137 MID:0.091365 P1:0.091365 P2:0.091365 P3:0.091365 P4:0.09138 STATE:IDLE
[2026-05-16 14:22:13Z] CHK MOM:-0.01% RANGE:0.02% UP:11.11% SPREAD:0.0109457% BID:0.09136 ASK:0.09137 MID:0.091365 P1:0.091365 P2:0.091365 P3:0.091365 P4:0.091365 STATE:IDLE
[2026-05-16 14:22:13Z] CHK MOM:-0.01% RANGE:0.02% UP:10% SPREAD:0.0109457% BID:0.09136 ASK:0.09137 MID:0.091365 P1:0.091365 P2:0.091365 P3:0.091365 P4:0.091365 STATE:IDLE
[2026-05-16 14:22:14Z] CHK MOM:-0.01% RANGE:0.02% UP:10% SPREAD:0.0109457% BID:0.09136 ASK:0.09137 MID:0.091365 P1:0.091365 P2:0.091365 P3:0.091365 P4:0.091365 STATE:IDLE
[2026-05-16 14:22:14Z] CHK MOM:-0.01% RANGE:0.02% UP:10% SPREAD:0.0109457% BID:0.09136 ASK:0.09137 MID:0.091365 P1:0.091365 P2:0.091365 P3:0.091365 P4:0.091365 STATE:IDLE
[2026-05-16 14:22:16Z] CHK MOM:-0.01% RANGE:0.02% UP:10% SPREAD:0.0109457% BID:0.09136 ASK:0.09137 MID:0.091365 P1:0.091365 P2:0.091365 P3:0.091365 P4:0.091365 STATE:IDLE
[2026-05-16 14:22:16Z] CHK MOM:-0.01% RANGE:0.02% UP:10% SPREAD:0.0109457% BID:0.09136 ASK:0.09137 MID:0.091365 P1:0.091365 P2:0.091365 P3:0.091365 P4:0.091365 STATE:IDLE
[2026-05-16 14:22:17Z] CHK MOM:-0.01% RANGE:0.02% UP:10% SPREAD:0.0109457% BID:0.09136 ASK:0.09137 MID:0.091365 P1:0.091365 P2:0.091365 P3:0.091365 P4:0.091365 STATE:IDLE
[2026-05-16 14:22:23Z] CHK MOM:0% RANGE:0% UP:0% SPREAD:0.02189381% BID:0.09135 ASK:0.09137 MID:0.09136 P1:0.09136 P2:0.091365 P3:0.091365 P4:0.091365 STATE:IDLE
[2026-05-16 14:22:24Z] CHK MOM:-0.01% RANGE:0.01% UP:0% SPREAD:0.0109469% BID:0.09135 ASK:0.09136 MID:0.09135499 P1:0.09135499 P2:0.09136 P3:0.091365 P4:0.091365 STATE:IDLE
[2026-05-16 14:22:24Z] CHK MOM:-0.01% RANGE:0.01% UP:0% SPREAD:0.0109469% BID:0.09135 ASK:0.09136 MID:0.09135499 P1:0.09135499 P2:0.09136 P3:0.091365 P4:0.091365 STATE:IDLE
[2026-05-16 14:22:25Z] CHK MOM:-0.01% RANGE:0.01% UP:0% SPREAD:0.0109469% BID:0.09135 ASK:0.09136 MID:0.09135499 P1:0.09135499 P2:0.09136 P3:0.091365 P4:0.091365 STATE:IDLE
[2026-05-16 14:22:25Z] CHK MOM:-0.01% RANGE:0.01% UP:0% SPREAD:0.0109469% BID:0.09135 ASK:0.09136 MID:0.09135499 P1:0.09135499 P2:0.09136 P3:0.091365 P4:0.091365 STATE:IDLE
[2026-05-16 14:22:26Z] CHK MOM:-0.01% RANGE:0.01% UP:0% SPREAD:0.0109469% BID:0.09135 ASK:0.09136 MID:0.09135499 P1:0.09135499 P2:0.09136 P3:0.091365 P4:0.091365 STATE:IDLE
[2026-05-16 14:22:29Z] CHK MOM:-0.01% RANGE:0.01% UP:0% SPREAD:0.0109481% BID:0.09134 ASK:0.09135 MID:0.091345 P1:0.091345 P2:0.09135499 P3:0.09136 P4:0.091365 STATE:IDLE
[2026-05-16 14:22:29Z] CHK MOM:-0.01% RANGE:0.01% UP:0% SPREAD:0.0109481% BID:0.09134 ASK:0.09135 MID:0.091345 P1:0.091345 P2:0.09135499 P3:0.09136 P4:0.091365 STATE:IDLE
[2026-05-16 14:22:30Z] CHK MOM:-0.01% RANGE:0.01% UP:0% SPREAD:0.0109481% BID:0.09134 ASK:0.09135 MID:0.091345 P1:0.091345 P2:0.09135499 P3:0.09136 P4:0.091365 STATE:IDLE
[2026-05-16 14:22:30Z] CHK MOM:-0.01% RANGE:0.01% UP:0% SPREAD:0.0109481% BID:0.09134 ASK:0.09135 MID:0.091345 P1:0.091345 P2:0.09135499 P3:0.09136 P4:0.091365 STATE:IDLE
[2026-05-16 14:22:31Z] CHK MOM:-0.01% RANGE:0.01% UP:0% SPREAD:0.0109481% BID:0.09134 ASK:0.09135 MID:0.091345 P1:0.091345 P2:0.09135499 P3:0.09136 P4:0.091365 STATE:IDLE
[2026-05-16 14:22:33Z] CHK MOM:-0.01% RANGE:0.01% UP:0% SPREAD:0.0109481% BID:0.09134 ASK:0.09135 MID:0.091345 P1:0.091345 P2:0.091345 P3:0.09135499 P4:0.09136 STATE:IDLE
[2026-05-16 14:22:34Z] CHK MOM:-0.01% RANGE:0.01% UP:0% SPREAD:0.0109481% BID:0.09134 ASK:0.09135 MID:0.091345 P1:0.091345 P2:0.091345 P3:0.091345 P4:0.09135499 STATE:IDLE
[2026-05-16 14:22:35Z] CHK MOM:-0.01% RANGE:0.01% UP:0% SPREAD:0.0109481% BID:0.09134 ASK:0.09135 MID:0.091345 P1:0.091345 P2:0.091345 P3:0.091345 P4:0.09135499 STATE:IDLE
[2026-05-16 14:22:35Z] CHK MOM:-0.01% RANGE:0.01% UP:0% SPREAD:0.0109481% BID:0.09134 ASK:0.09135 MID:0.091345 P1:0.091345 P2:0.091345 P3:0.091345 P4:0.09135499 STATE:IDLE
[2026-05-16 14:22:36Z] CHK MOM:-0.01% RANGE:0.01% UP:0% SPREAD:0.0109481% BID:0.09134 ASK:0.09135 MID:0.091345 P1:0.091345 P2:0.091345 P3:0.091345 P4:0.09135499 STATE:IDLE
[2026-05-16 14:22:36Z] CHK MOM:-0.01% RANGE:0.01% UP:0% SPREAD:0.0109481% BID:0.09134 ASK:0.09135 MID:0.091345 P1:0.091345 P2:0.091345 P3:0.091345 P4:0.09135499 STATE:IDLE
[2026-05-16 14:22:37Z] CHK MOM:0% RANGE:0% UP:0% SPREAD:0.0109481% BID:0.09134 ASK:0.09135 MID:0.091345 P1:0.091345 P2:0.091345 P3:0.091345 P4:0.091345 STATE:IDLE
[2026-05-16 14:22:37Z] CHK MOM:0% RANGE:0% UP:0% SPREAD:0.0109481% BID:0.09134 ASK:0.09135 MID:0.091345 P1:0.091345 P2:0.091345 P3:0.091345 P4:0.091345 STATE:IDLE
[2026-05-16 14:22:38Z] CHK MOM:0.01% RANGE:0.01% UP:25% SPREAD:0.0109469% BID:0.09135 ASK:0.09136 MID:0.09135499 P1:0.09135499 P2:0.091345 P3:0.091345 P4:0.091345 STATE:IDLE
[2026-05-16 14:22:38Z] CHK MOM:0.01% RANGE:0.01% UP:25% SPREAD:0.0109469% BID:0.09135 ASK:0.09136 MID:0.09135499 P1:0.09135499 P2:0.091345 P3:0.091345 P4:0.091345 STATE:IDLE
[2026-05-16 14:22:39Z] CHK MOM:0.01% RANGE:0.01% UP:25% SPREAD:0.0109469% BID:0.09135 ASK:0.09136 MID:0.09135499 P1:0.09135499 P2:0.091345 P3:0.091345 P4:0.091345 STATE:IDLE
[2026-05-16 14:22:40Z] CHK MOM:0% RANGE:0.01% UP:20% SPREAD:0.02189621% BID:0.09134 ASK:0.09136 MID:0.09135 P1:0.09135 P2:0.09135499 P3:0.091345 P4:0.091345 STATE:IDLE
[2026-05-16 14:22:40Z] CHK MOM:0% RANGE:0.01% UP:20% SPREAD:0.0109481% BID:0.09134 ASK:0.09135 MID:0.091345 P1:0.091345 P2:0.09135 P3:0.09135499 P4:0.091345 STATE:IDLE
[2026-05-16 14:22:41Z] CHK MOM:0% RANGE:0.01% UP:16.66% SPREAD:0.0109481% BID:0.09134 ASK:0.09135 MID:0.091345 P1:0.091345 P2:0.091345 P3:0.09135 P4:0.09135499 STATE:IDLE
[2026-05-16 14:22:41Z] CHK MOM:0% RANGE:0.01% UP:16.66% SPREAD:0.0109481% BID:0.09134 ASK:0.09135 MID:0.091345 P1:0.091345 P2:0.091345 P3:0.09135 P4:0.09135499 STATE:IDLE
[2026-05-16 14:22:42Z] CHK MOM:0% RANGE:0.01% UP:16.66% SPREAD:0.0109481% BID:0.09134 ASK:0.09135 MID:0.091345 P1:0.091345 P2:0.091345 P3:0.09135 P4:0.09135499 STATE:IDLE
[2026-05-16 14:22:42Z] CHK MOM:0% RANGE:0.01% UP:16.66% SPREAD:0.0109481% BID:0.09134 ASK:0.09135 MID:0.091345 P1:0.091345 P2:0.091345 P3:0.09135 P4:0.09135499 STATE:IDLE
[2026-05-16 14:22:43Z] CHK MOM:0% RANGE:0.01% UP:16.66% SPREAD:0.0109481% BID:0.09134 ASK:0.09135 MID:0.091345 P1:0.091345 P2:0.091345 P3:0.09135 P4:0.09135499 STATE:IDLE
[2026-05-16 14:22:43Z] CHK MOM:0% RANGE:0.01% UP:16.66% SPREAD:0.0109481% BID:0.09134 ASK:0.09135 MID:0.091345 P1:0.091345 P2:0.091345 P3:0.09135 P4:0.09135499 STATE:IDLE
[2026-05-16 14:22:49Z] CHK MOM:0% RANGE:0.01% UP:20% SPREAD:0.0109481% BID:0.09134 ASK:0.09135 MID:0.091345 P1:0.091345 P2:0.091345 P3:0.091345 P4:0.09135 STATE:IDLE
[2026-05-16 14:22:49Z] CHK MOM:0% RANGE:0.01% UP:20% SPREAD:0.0109481% BID:0.09134 ASK:0.09135 MID:0.091345 P1:0.091345 P2:0.091345 P3:0.091345 P4:0.09135 STATE:IDLE
[2026-05-16 14:22:50Z] CHK MOM:0% RANGE:0.01% UP:20% SPREAD:0.0109481% BID:0.09134 ASK:0.09135 MID:0.091345 P1:0.091345 P2:0.091345 P3:0.091345 P4:0.09135 STATE:IDLE
[2026-05-16 14:22:50Z] CHK MOM:0% RANGE:0.01% UP:20% SPREAD:0.0109481% BID:0.09134 ASK:0.09135 MID:0.091345 P1:0.091345 P2:0.091345 P3:0.091345 P4:0.09135 STATE:IDLE
[2026-05-16 14:22:51Z] CHK MOM:0% RANGE:0.01% UP:20% SPREAD:0.0109481% BID:0.09134 ASK:0.09135 MID:0.091345 P1:0.091345 P2:0.091345 P3:0.091345 P4:0.09135 STATE:IDLE
[2026-05-16 14:22:57Z] CHK MOM:0% RANGE:0% UP:0% SPREAD:0.0109481% BID:0.09134 ASK:0.09135 MID:0.091345 P1:0.091345 P2:0.091345 P3:0.091345 P4:0.091345 STATE:IDLE
[2026-05-16 14:22:58Z] CHK MOM:0% RANGE:0% UP:0% SPREAD:0.0109481% BID:0.09134 ASK:0.09135 MID:0.091345 P1:0.091345 P2:0.091345 P3:0.091345 P4:0.091345 STATE:IDLE
[2026-05-16 14:22:58Z] CHK MOM:0% RANGE:0% UP:0% SPREAD:0.0109481% BID:0.09134 ASK:0.09135 MID:0.091345 P1:0.091345 P2:0.091345 P3:0.091345 P4:0.091345 STATE:IDLE
[2026-05-16 14:22:59Z] CHK MOM:0% RANGE:0% UP:0% SPREAD:0.0109481% BID:0.09134 ASK:0.09135 MID:0.091345 P1:0.091345 P2:0.091345 P3:0.091345 P4:0.091345 STATE:IDLE
[2026-05-16 14:22:59Z] CHK MOM:0% RANGE:0% UP:0% SPREAD:0.0109481% BID:0.09134 ASK:0.09135 MID:0.091345 P1:0.091345 P2:0.091345 P3:0.091345 P4:0.091345 STATE:IDLE
[2026-05-16 14:23:01Z] CHK MOM:0% RANGE:0% UP:0% SPREAD:0.0109481% BID:0.09134 ASK:0.09135 MID:0.091345 P1:0.091345 P2:0.091345 P3:0.091345 P4:0.091345 STATE:IDLE
[2026-05-16 14:23:01Z] CHK MOM:0% RANGE:0% UP:0% SPREAD:0.0109481% BID:0.09134 ASK:0.09135 MID:0.091345 P1:0.091345 P2:0.091345 P3:0.091345 P4:0.091345 STATE:IDLE
[2026-05-16 14:23:02Z] CHK MOM:0% RANGE:0% UP:0% SPREAD:0.0109481% BID:0.09134 ASK:0.09135 MID:0.091345 P1:0.091345 P2:0.091345 P3:0.091345 P4:0.091345 STATE:IDLE
[2026-05-16 14:23:03Z] CHK MOM:0% RANGE:0% UP:0% SPREAD:0.0109481% BID:0.09134 ASK:0.09135 MID:0.091345 P1:0.091345 P2:0.091345 P3:0.091345 P4:0.091345 STATE:IDLE
[2026-05-16 14:23:03Z] CHK MOM:0% RANGE:0% UP:0% SPREAD:0.0109481% BID:0.09134 ASK:0.09135 MID:0.091345 P1:0.091345 P2:0.091345 P3:0.091345 P4:0.091345 STATE:IDLE
[2026-05-16 14:23:04Z] CHK MOM:0% RANGE:0% UP:0% SPREAD:0.0109481% BID:0.09134 ASK:0.09135 MID:0.091345 P1:0.091345 P2:0.091345 P3:0.091345 P4:0.091345 STATE:IDLE
[2026-05-16 14:23:04Z] CHK MOM:0% RANGE:0% UP:0% SPREAD:0.0109481% BID:0.09134 ASK:0.09135 MID:0.091345 P1:0.091345 P2:0.091345 P3:0.091345 P4:0.091345 STATE:IDLE
[2026-05-16 14:23:05Z] CHK MOM:0% RANGE:0% UP:0% SPREAD:0.0109481% BID:0.09134 ASK:0.09135 MID:0.091345 P1:0.091345 P2:0.091345 P3:0.091345 P4:0.091345 STATE:IDLE
[2026-05-16 14:23:05Z] CHK MOM:0% RANGE:0% UP:0% SPREAD:0.0109481% BID:0.09134 ASK:0.09135 MID:0.091345 P1:0.091345 P2:0.091345 P3:0.091345 P4:0.091345 STATE:IDLE
[2026-05-16 14:23:06Z] CHK MOM:0% RANGE:0% UP:0% SPREAD:0.0109481% BID:0.09134 ASK:0.09135 MID:0.091345 P1:0.091345 P2:0.091345 P3:0.091345 P4:0.091345 STATE:IDLE
[2026-05-16 14:23:06Z] CHK MOM:0% RANGE:0% UP:0% SPREAD:0.0109481% BID:0.09134 ASK:0.09135 MID:0.091345 P1:0.091345 P2:0.091345 P3:0.091345 P4:0.091345 STATE:IDLE
[2026-05-16 14:23:09Z] CHK MOM:0% RANGE:0% UP:0% SPREAD:0.0109481% BID:0.09134 ASK:0.09135 MID:0.091345 P1:0.091345 P2:0.091345 P3:0.091345 P4:0.091345 STATE:IDLE
[2026-05-16 14:23:09Z] CHK MOM:0% RANGE:0% UP:0% SPREAD:0.0109481% BID:0.09134 ASK:0.09135 MID:0.091345 P1:0.091345 P2:0.091345 P3:0.091345 P4:0.091345 STATE:IDLE
[2026-05-16 14:23:10Z] CHK MOM:0% RANGE:0% UP:0% SPREAD:0.0109481% BID:0.09134 ASK:0.09135 MID:0.091345 P1:0.091345 P2:0.091345 P3:0.091345 P4:0.091345 STATE:IDLE
[2026-05-16 14:23:10Z] CHK MOM:0% RANGE:0% UP:0% SPREAD:0.0109481% BID:0.09134 ASK:0.09135 MID:0.091345 P1:0.091345 P2:0.091345 P3:0.091345 P4:0.091345 STATE:IDLE
[2026-05-16 14:23:11Z] CHK MOM:0% RANGE:0% UP:0% SPREAD:0.0109481% BID:0.09134 ASK:0.09135 MID:0.091345 P1:0.091345 P2:0.091345 P3:0.091345 P4:0.091345 STATE:IDLE
[2026-05-16 14:23:11Z] CHK MOM:0% RANGE:0% UP:0% SPREAD:0.0109481% BID:0.09134 ASK:0.09135 MID:0.091345 P1:0.091345 P2:0.091345 P3:0.091345 P4:0.091345 STATE:IDLE
[2026-05-16 14:23:12Z] CHK MOM:0% RANGE:0% UP:0% SPREAD:0.0109481% BID:0.09134 ASK:0.09135 MID:0.091345 P1:0.091345 P2:0.091345 P3:0.091345 P4:0.091345 STATE:IDLE
[2026-05-16 14:23:12Z] CHK MOM:0% RANGE:0% UP:0% SPREAD:0.0109481% BID:0.09134 ASK:0.09135 MID:0.091345 P1:0.091345 P2:0.091345 P3:0.091345 P4:0.091345 STATE:IDLE
[2026-05-16 14:23:13Z] CHK MOM:0% RANGE:0% UP:0% SPREAD:0.0109481% BID:0.09134 ASK:0.09135 MID:0.091345 P1:0.091345 P2:0.091345 P3:0.091345 P4:0.091345 STATE:IDLE
[2026-05-16 14:23:13Z] CHK MOM:0% RANGE:0% UP:0% SPREAD:0.0109481% BID:0.09134 ASK:0.09135 MID:0.091345 P1:0.091345 P2:0.091345 P3:0.091345 P4:0.091345 STATE:IDLE
[2026-05-16 14:23:14Z] CHK MOM:0% RANGE:0% UP:0% SPREAD:0.0109481% BID:0.09134 ASK:0.09135 MID:0.091345 P1:0.091345 P2:0.091345 P3:0.091345 P4:0.091345 STATE:IDLE
[2026-05-16 14:23:17Z] CHK MOM:0% RANGE:0% UP:0% SPREAD:0.0109481% BID:0.09134 ASK:0.09135 MID:0.091345 P1:0.091345 P2:0.091345 P3:0.091345 P4:0.091345 STATE:IDLE
[2026-05-16 14:23:18Z] CHK MOM:0% RANGE:0% UP:0% SPREAD:0.0109481% BID:0.09134 ASK:0.09135 MID:0.091345 P1:0.091345 P2:0.091345 P3:0.091345 P4:0.091345 STATE:IDLE
[2026-05-16 14:23:18Z] CHK MOM:0% RANGE:0% UP:0% SPREAD:0.0109481% BID:0.09134 ASK:0.09135 MID:0.091345 P1:0.091345 P2:0.091345 P3:0.091345 P4:0.091345 STATE:IDLE
[2026-05-16 14:23:19Z] CHK MOM:0% RANGE:0% UP:0% SPREAD:0.0109481% BID:0.09134 ASK:0.09135 MID:0.091345 P1:0.091345 P2:0.091345 P3:0.091345 P4:0.091345 STATE:IDLE
[2026-05-16 14:23:20Z] CHK MOM:0% RANGE:0% UP:0% SPREAD:0.0109481% BID:0.09134 ASK:0.09135 MID:0.091345 P1:0.091345 P2:0.091345 P3:0.091345 P4:0.091345 STATE:IDLE
[2026-05-16 14:23:20Z] CHK MOM:0% RANGE:0% UP:0% SPREAD:0.0109481% BID:0.09134 ASK:0.09135 MID:0.091345 P1:0.091345 P2:0.091345 P3:0.091345 P4:0.091345 STATE:IDLE
[2026-05-16 14:23:21Z] CHK MOM:0% RANGE:0% UP:0% SPREAD:0.0109481% BID:0.09134 ASK:0.09135 MID:0.091345 P1:0.091345 P2:0.091345 P3:0.091345 P4:0.091345 STATE:IDLE
[2026-05-16 14:23:22Z] CHK MOM:0% RANGE:0% UP:0% SPREAD:0.0109481% BID:0.09134 ASK:0.09135 MID:0.091345 P1:0.091345 P2:0.091345 P3:0.091345 P4:0.091345 STATE:IDLE
[2026-05-16 14:23:22Z] CHK MOM:0% RANGE:0% UP:0% SPREAD:0.0109481% BID:0.09134 ASK:0.09135 MID:0.091345 P1:0.091345 P2:0.091345 P3:0.091345 P4:0.091345 STATE:IDLE
[2026-05-16 14:23:23Z] CHK MOM:0% RANGE:0% UP:0% SPREAD:0.0109481% BID:0.09134 ASK:0.09135 MID:0.091345 P1:0.091345 P2:0.091345 P3:0.091345 P4:0.091345 STATE:IDLE
[2026-05-16 14:23:23Z] CHK MOM:0% RANGE:0% UP:25% SPREAD:0.02189621% BID:0.09134 ASK:0.09136 MID:0.09135 P1:0.09135 P2:0.091345 P3:0.091345 P4:0.091345 STATE:IDLE
[2026-05-16 14:23:24Z] CHK MOM:0% RANGE:0% UP:20% SPREAD:0.0109481% BID:0.09134 ASK:0.09135 MID:0.091345 P1:0.091345 P2:0.09135 P3:0.091345 P4:0.091345 STATE:IDLE
[2026-05-16 14:23:25Z] CHK MOM:0% RANGE:0% UP:20% SPREAD:0.0109481% BID:0.09134 ASK:0.09135 MID:0.091345 P1:0.091345 P2:0.09135 P3:0.091345 P4:0.091345 STATE:IDLE
[2026-05-16 14:23:25Z] CHK MOM:0% RANGE:0% UP:20% SPREAD:0.0109481% BID:0.09134 ASK:0.09135 MID:0.091345 P1:0.091345 P2:0.09135 P3:0.091345 P4:0.091345 STATE:IDLE
[2026-05-16 14:23:26Z] CHK MOM:0% RANGE:0% UP:20% SPREAD:0.0109481% BID:0.09134 ASK:0.09135 MID:0.091345 P1:0.091345 P2:0.09135 P3:0.091345 P4:0.091345 STATE:IDLE
[2026-05-16 14:23:26Z] CHK MOM:0% RANGE:0% UP:20% SPREAD:0.0109481% BID:0.09134 ASK:0.09135 MID:0.091345 P1:0.091345 P2:0.09135 P3:0.091345 P4:0.091345 STATE:IDLE
[2026-05-16 14:23:27Z] CHK MOM:0% RANGE:0% UP:40% SPREAD:0.02189621% BID:0.09134 ASK:0.09136 MID:0.09135 P1:0.09135 P2:0.091345 P3:0.09135 P4:0.091345 STATE:IDLE
[2026-05-16 14:23:27Z] CHK MOM:0% RANGE:0% UP:33.33% SPREAD:0.0109481% BID:0.09134 ASK:0.09135 MID:0.091345 P1:0.091345 P2:0.09135 P3:0.091345 P4:0.09135 STATE:IDLE
[2026-05-16 14:23:28Z] CHK MOM:0% RANGE:0% UP:33.33% SPREAD:0.0109481% BID:0.09134 ASK:0.09135 MID:0.091345 P1:0.091345 P2:0.09135 P3:0.091345 P4:0.09135 STATE:IDLE
[2026-05-16 14:23:28Z] CHK MOM:0% RANGE:0% UP:33.33% SPREAD:0.0109481% BID:0.09134 ASK:0.09135 MID:0.091345 P1:0.091345 P2:0.09135 P3:0.091345 P4:0.09135 STATE:IDLE
[2026-05-16 14:23:29Z] CHK MOM:0% RANGE:0% UP:33.33% SPREAD:0.0109481% BID:0.09134 ASK:0.09135 MID:0.091345 P1:0.091345 P2:0.09135 P3:0.091345 P4:0.09135 STATE:IDLE
[2026-05-16 14:23:30Z] CHK MOM:0% RANGE:0% UP:33.33% SPREAD:0.0109481% BID:0.09134 ASK:0.09135 MID:0.091345 P1:0.091345 P2:0.09135 P3:0.091345 P4:0.09135 STATE:IDLE
[2026-05-16 14:23:30Z] CHK MOM:0% RANGE:0% UP:33.33% SPREAD:0.0109481% BID:0.09134 ASK:0.09135 MID:0.091345 P1:0.091345 P2:0.091345 P3:0.09135 P4:0.091345 STATE:IDLE
[2026-05-16 14:23:31Z] CHK MOM:0% RANGE:0% UP:33.33% SPREAD:0.0109481% BID:0.09134 ASK:0.09135 MID:0.091345 P1:0.091345 P2:0.091345 P3:0.091345 P4:0.09135 STATE:IDLE
[2026-05-16 14:23:31Z] CHK MOM:0% RANGE:0% UP:33.33% SPREAD:0.0109481% BID:0.09134 ASK:0.09135 MID:0.091345 P1:0.091345 P2:0.091345 P3:0.091345 P4:0.09135 STATE:IDLE
[2026-05-16 14:23:32Z] CHK MOM:0% RANGE:0% UP:33.33% SPREAD:0.0109481% BID:0.09134 ASK:0.09135 MID:0.091345 P1:0.091345 P2:0.091345 P3:0.091345 P4:0.09135 STATE:IDLE
[2026-05-16 14:23:32Z] CHK MOM:0% RANGE:0% UP:33.33% SPREAD:0.0109481% BID:0.09134 ASK:0.09135 MID:0.091345 P1:0.091345 P2:0.091345 P3:0.091345 P4:0.09135 STATE:IDLE
[2026-05-16 14:23:33Z] CHK MOM:0% RANGE:0% UP:33.33% SPREAD:0.0109481% BID:0.09134 ASK:0.09135 MID:0.091345 P1:0.091345 P2:0.091345 P3:0.091345 P4:0.09135 STATE:IDLE
[2026-05-16 14:23:33Z] CHK MOM:0% RANGE:0% UP:33.33% SPREAD:0.0109481% BID:0.09134 ASK:0.09135 MID:0.091345 P1:0.091345 P2:0.091345 P3:0.091345 P4:0.09135 STATE:IDLE
[2026-05-16 14:23:36Z] CHK MOM:0% RANGE:0% UP:16.66% SPREAD:0.0109481% BID:0.09134 ASK:0.09135 MID:0.091345 P1:0.091345 P2:0.091345 P3:0.091345 P4:0.091345 STATE:IDLE
[2026-05-16 14:23:36Z] CHK MOM:0% RANGE:0% UP:16.66% SPREAD:0.0109481% BID:0.09134 ASK:0.09135 MID:0.091345 P1:0.091345 P2:0.091345 P3:0.091345 P4:0.091345 STATE:IDLE
[2026-05-16 14:23:37Z] CHK MOM:0% RANGE:0% UP:0% SPREAD:0.0109481% BID:0.09134 ASK:0.09135 MID:0.091345 P1:0.091345 P2:0.091345 P3:0.091345 P4:0.091345 STATE:IDLE
[2026-05-16 14:23:37Z] CHK MOM:0% RANGE:0% UP:0% SPREAD:0.0109481% BID:0.09134 ASK:0.09135 MID:0.091345 P1:0.091345 P2:0.091345 P3:0.091345 P4:0.091345 STATE:IDLE
[2026-05-16 14:23:38Z] CHK MOM:0% RANGE:0% UP:0% SPREAD:0.0109481% BID:0.09134 ASK:0.09135 MID:0.091345 P1:0.091345 P2:0.091345 P3:0.091345 P4:0.091345 STATE:IDLE
[2026-05-16 14:23:38Z] CHK MOM:0% RANGE:0% UP:0% SPREAD:0.0109481% BID:0.09134 ASK:0.09135 MID:0.091345 P1:0.091345 P2:0.091345 P3:0.091345 P4:0.091345 STATE:IDLE
[2026-05-16 14:23:39Z] CHK MOM:0% RANGE:0% UP:0% SPREAD:0.0109481% BID:0.09134 ASK:0.09135 MID:0.091345 P1:0.091345 P2:0.091345 P3:0.091345 P4:0.091345 STATE:IDLE
[2026-05-16 14:23:39Z] CHK MOM:0% RANGE:0% UP:0% SPREAD:0.0109481% BID:0.09134 ASK:0.09135 MID:0.091345 P1:0.091345 P2:0.091345 P3:0.091345 P4:0.091345 STATE:IDLE
[2026-05-16 14:23:44Z] CHK MOM:0% RANGE:0% UP:0% SPREAD:0.0109481% BID:0.09134 ASK:0.09135 MID:0.091345 P1:0.091345 P2:0.091345 P3:0.091345 P4:0.091345 STATE:IDLE
[2026-05-16 14:23:44Z] CHK MOM:0% RANGE:0% UP:0% SPREAD:0.0109481% BID:0.09134 ASK:0.09135 MID:0.091345 P1:0.091345 P2:0.091345 P3:0.091345 P4:0.091345 STATE:IDLE
[2026-05-16 14:23:45Z] CHK MOM:-0.02% RANGE:0.02% UP:0% SPREAD:0.0109505% BID:0.09132 ASK:0.09133 MID:0.09132499 P1:0.09132499 P2:0.091345 P3:0.091345 P4:0.091345 STATE:IDLE
[2026-05-16 14:23:45Z] CHK MOM:-0.03% RANGE:0.03% UP:0% SPREAD:0.0109517% BID:0.09131 ASK:0.09132 MID:0.091315 P1:0.091315 P2:0.09132499 P3:0.091345 P4:0.091345 STATE:IDLE
[2026-05-16 14:23:46Z] CHK MOM:-0.03% RANGE:0.03% UP:0% SPREAD:0.0109517% BID:0.09131 ASK:0.09132 MID:0.091315 P1:0.091315 P2:0.09132499 P3:0.091345 P4:0.091345 STATE:IDLE
[2026-05-16 14:23:46Z] CHK MOM:-0.03% RANGE:0.03% UP:0% SPREAD:0.0109517% BID:0.09131 ASK:0.09132 MID:0.091315 P1:0.091315 P2:0.091315 P3:0.09132499 P4:0.091345 STATE:IDLE
[2026-05-16 14:23:47Z] CHK MOM:-0.03% RANGE:0.03% UP:0% SPREAD:0.0109517% BID:0.09131 ASK:0.09132 MID:0.091315 P1:0.091315 P2:0.091315 P3:0.09132499 P4:0.091345 STATE:IDLE
[2026-05-16 14:23:47Z] CHK MOM:-0.03% RANGE:0.03% UP:0% SPREAD:0.0109517% BID:0.09131 ASK:0.09132 MID:0.091315 P1:0.091315 P2:0.091315 P3:0.09132499 P4:0.091345 STATE:IDLE
[2026-05-16 14:23:48Z] CHK MOM:-0.03% RANGE:0.03% UP:0% SPREAD:0.0109517% BID:0.09131 ASK:0.09132 MID:0.091315 P1:0.091315 P2:0.091315 P3:0.09132499 P4:0.091345 STATE:IDLE
[2026-05-16 14:23:49Z] CHK MOM:-0.03% RANGE:0.03% UP:0% SPREAD:0.0109517% BID:0.09131 ASK:0.09132 MID:0.091315 P1:0.091315 P2:0.091315 P3:0.091315 P4:0.09132499 STATE:IDLE
[2026-05-16 14:23:49Z] CHK MOM:-0.03% RANGE:0.03% UP:0% SPREAD:0.0109517% BID:0.09131 ASK:0.09132 MID:0.091315 P1:0.091315 P2:0.091315 P3:0.091315 P4:0.091315 STATE:IDLE
[2026-05-16 14:23:50Z] CHK MOM:-0.03% RANGE:0.03% UP:0% SPREAD:0.0109517% BID:0.09131 ASK:0.09132 MID:0.091315 P1:0.091315 P2:0.091315 P3:0.091315 P4:0.091315 STATE:IDLE
[2026-05-16 14:23:50Z] CHK MOM:-0.03% RANGE:0.03% UP:0% SPREAD:0.0109517% BID:0.09131 ASK:0.09132 MID:0.091315 P1:0.091315 P2:0.091315 P3:0.091315 P4:0.091315 STATE:IDLE
[2026-05-16 14:23:51Z] CHK MOM:-0.03% RANGE:0.03% UP:0% SPREAD:0.0109517% BID:0.09131 ASK:0.09132 MID:0.091315 P1:0.091315 P2:0.091315 P3:0.091315 P4:0.091315 STATE:IDLE
[2026-05-16 14:23:51Z] CHK MOM:-0.03% RANGE:0.03% UP:0% SPREAD:0.0109517% BID:0.09131 ASK:0.09132 MID:0.091315 P1:0.091315 P2:0.091315 P3:0.091315 P4:0.091315 STATE:IDLE
[2026-05-16 14:23:52Z] CHK MOM:-0.03% RANGE:0.03% UP:0% SPREAD:0.0109517% BID:0.09131 ASK:0.09132 MID:0.091315 P1:0.091315 P2:0.091315 P3:0.091315 P4:0.091315 STATE:IDLE
[2026-05-16 14:24:01Z] CHK MOM:0% RANGE:0% UP:0% SPREAD:0.0109517% BID:0.09131 ASK:0.09132 MID:0.091315 P1:0.091315 P2:0.091315 P3:0.091315 P4:0.091315 STATE:IDLE
[2026-05-16 14:24:01Z] TOKEN_SWITCH old=HBARUSDC new=INJUSDC source=.service.env
[2026-05-16 15:00:48Z] SESSION_START symbol=HBARUSDC dry_run=0 profile=major strategy=momentum base_url=https://api.binance.com
[2026-05-16 15:00:48Z] TOXIC_MEMORY_LOADED count=1 symbols=ORDIUSDC
[2026-05-16 15:00:50Z] CHK MOM:0% RANGE:0% UP:0% SPREAD:0.01091107% BID:0.09165 ASK:0.09166 MID:0.091655 P1:0.091655 P2:NA P3:NA P4:NA STATE:IDLE
[2026-05-16 15:00:51Z] CHK MOM:0.01% RANGE:0.01% UP:100% SPREAD:0.01090988% BID:0.09166 ASK:0.09167 MID:0.091665 P1:0.091665 P2:0.091655 P3:NA P4:NA STATE:IDLE
[2026-05-16 15:00:51Z] CHK MOM:0.01% RANGE:0.01% UP:100% SPREAD:0.01090988% BID:0.09166 ASK:0.09167 MID:0.091665 P1:0.091665 P2:0.091655 P3:NA P4:NA STATE:IDLE
[2026-05-16 15:00:52Z] CHK MOM:0.01% RANGE:0.01% UP:100% SPREAD:0.01090988% BID:0.09166 ASK:0.09167 MID:0.091665 P1:0.091665 P2:0.091655 P3:NA P4:NA STATE:IDLE
[2026-05-16 15:00:52Z] CHK MOM:0.01% RANGE:0.01% UP:100% SPREAD:0.01090988% BID:0.09166 ASK:0.09167 MID:0.091665 P1:0.091665 P2:0.091655 P3:NA P4:NA STATE:IDLE
[2026-05-16 15:00:53Z] CHK MOM:0% RANGE:0.01% UP:50% SPREAD:0.01091107% BID:0.09165 ASK:0.09166 MID:0.091655 P1:0.091655 P2:0.091665 P3:0.091655 P4:NA STATE:IDLE
[2026-05-16 15:00:53Z] CHK MOM:0% RANGE:0.01% UP:50% SPREAD:0.01091107% BID:0.09165 ASK:0.09166 MID:0.091655 P1:0.091655 P2:0.091665 P3:0.091655 P4:NA STATE:IDLE
[2026-05-16 15:00:54Z] CHK MOM:0% RANGE:0.01% UP:50% SPREAD:0.01091107% BID:0.09165 ASK:0.09166 MID:0.091655 P1:0.091655 P2:0.091665 P3:0.091655 P4:NA STATE:IDLE
[2026-05-16 15:00:54Z] CHK MOM:0% RANGE:0.01% UP:33.33% SPREAD:0.01091107% BID:0.09165 ASK:0.09166 MID:0.091655 P1:0.091655 P2:0.091655 P3:0.091665 P4:0.091655 STATE:IDLE
[2026-05-16 15:00:55Z] CHK MOM:0% RANGE:0.01% UP:25% SPREAD:0.01091107% BID:0.09165 ASK:0.09166 MID:0.091655 P1:0.091655 P2:0.091655 P3:0.091655 P4:0.091665 STATE:IDLE
[2026-05-16 15:00:56Z] CHK MOM:0.02% RANGE:0.02% UP:40% SPREAD:0.01090869% BID:0.09167 ASK:0.09168 MID:0.091675 P1:0.091675 P2:0.091655 P3:0.091655 P4:0.091655 STATE:IDLE
[2026-05-16 15:00:56Z] CHK MOM:0.02% RANGE:0.02% UP:40% SPREAD:0.01090869% BID:0.09167 ASK:0.09168 MID:0.091675 P1:0.091675 P2:0.091655 P3:0.091655 P4:0.091655 STATE:IDLE
[2026-05-16 15:00:57Z] CHK MOM:0.02% RANGE:0.02% UP:40% SPREAD:0.01090869% BID:0.09167 ASK:0.09168 MID:0.091675 P1:0.091675 P2:0.091655 P3:0.091655 P4:0.091655 STATE:IDLE
[2026-05-16 15:00:57Z] CHK MOM:0.02% RANGE:0.02% UP:40% SPREAD:0.01090869% BID:0.09167 ASK:0.09168 MID:0.091675 P1:0.091675 P2:0.091655 P3:0.091655 P4:0.091655 STATE:IDLE
[2026-05-16 15:00:58Z] CHK MOM:0.02% RANGE:0.02% UP:40% SPREAD:0.01090869% BID:0.09167 ASK:0.09168 MID:0.091675 P1:0.091675 P2:0.091655 P3:0.091655 P4:0.091655 STATE:IDLE
[2026-05-16 15:00:58Z] CHK MOM:0.02% RANGE:0.02% UP:40% SPREAD:0.01090869% BID:0.09167 ASK:0.09168 MID:0.091675 P1:0.091675 P2:0.091655 P3:0.091655 P4:0.091655 STATE:IDLE
[2026-05-16 15:01:00Z] CHK MOM:0.03% RANGE:0.03% UP:50% SPREAD:0.0109075% BID:0.09168 ASK:0.09169 MID:0.09168499 P1:0.09168499 P2:0.091675 P3:0.091655 P4:0.091655 STATE:IDLE
[2026-05-16 15:01:01Z] CHK MOM:0.03% RANGE:0.03% UP:50% SPREAD:0.0109075% BID:0.09168 ASK:0.09169 MID:0.09168499 P1:0.09168499 P2:0.091675 P3:0.091655 P4:0.091655 STATE:IDLE
[2026-05-16 15:01:02Z] CHK MOM:0.03% RANGE:0.03% UP:50% SPREAD:0.0109075% BID:0.09168 ASK:0.09169 MID:0.09168499 P1:0.09168499 P2:0.091675 P3:0.091655 P4:0.091655 STATE:IDLE
[2026-05-16 15:01:02Z] CHK MOM:0.03% RANGE:0.03% UP:50% SPREAD:0.0109075% BID:0.09168 ASK:0.09169 MID:0.09168499 P1:0.09168499 P2:0.091675 P3:0.091655 P4:0.091655 STATE:IDLE
[2026-05-16 15:01:03Z] CHK MOM:0.05% RANGE:0.06% UP:50% SPREAD:0.01090393% BID:0.09171 ASK:0.09172 MID:0.09171499 P1:0.09171499 P2:0.09168499 P3:0.091675 P4:0.091655 STATE:IDLE
[2026-05-16 15:01:03Z] CHK MOM:0.05% RANGE:0.06% UP:50% SPREAD:0.01090393% BID:0.09171 ASK:0.09172 MID:0.09171499 P1:0.09171499 P2:0.09168499 P3:0.091675 P4:0.091655 STATE:IDLE
[2026-05-16 15:01:04Z] CHK MOM:0.05% RANGE:0.06% UP:50% SPREAD:0.01090393% BID:0.09171 ASK:0.09172 MID:0.09171499 P1:0.09171499 P2:0.09168499 P3:0.091675 P4:0.091655 STATE:IDLE
[2026-05-16 15:01:04Z] CHK MOM:0.05% RANGE:0.06% UP:50% SPREAD:0.01090393% BID:0.09171 ASK:0.09172 MID:0.09171499 P1:0.09171499 P2:0.09168499 P3:0.091675 P4:0.091655 STATE:IDLE
[2026-05-16 15:01:05Z] CHK MOM:0.05% RANGE:0.06% UP:50% SPREAD:0.01090393% BID:0.09171 ASK:0.09172 MID:0.09171499 P1:0.09171499 P2:0.09168499 P3:0.091675 P4:0.091655 STATE:IDLE
[2026-05-16 15:01:05Z] CHK MOM:0.06% RANGE:0.06% UP:60% SPREAD:0.02181025% BID:0.0917 ASK:0.09172 MID:0.09171 P1:0.09171 P2:0.09171499 P3:0.09168499 P4:0.091675 STATE:IDLE
[2026-05-16 15:01:06Z] CHK MOM:0.06% RANGE:0.06% UP:66.66% SPREAD:0.01090393% BID:0.09171 ASK:0.09172 MID:0.09171499 P1:0.09171499 P2:0.09171 P3:0.09171499 P4:0.09168499 STATE:IDLE
[2026-05-16 15:01:07Z] CHK MOM:0.05% RANGE:0.06% UP:66.66% SPREAD:0.03271894% BID:0.09169 ASK:0.09172 MID:0.091705 P1:0.091705 P2:0.09171499 P3:0.09171 P4:0.09171499 STATE:IDLE
[2026-05-16 15:01:07Z] CHK MOM:0.05% RANGE:0.06% UP:57.14% SPREAD:0.03271894% BID:0.09169 ASK:0.09172 MID:0.091705 P1:0.091705 P2:0.091705 P3:0.09171499 P4:0.09171 STATE:IDLE
[2026-05-16 15:01:08Z] CHK MOM:0.03% RANGE:0.04% UP:42.85% SPREAD:0.03271894% BID:0.09169 ASK:0.09172 MID:0.091705 P1:0.091705 P2:0.091705 P3:0.091705 P4:0.09171499 STATE:IDLE
[2026-05-16 15:01:08Z] CHK MOM:0.03% RANGE:0.04% UP:42.85% SPREAD:0.03271894% BID:0.09169 ASK:0.09172 MID:0.091705 P1:0.091705 P2:0.091705 P3:0.091705 P4:0.09171499 STATE:IDLE
[2026-05-16 15:01:09Z] CHK MOM:0.03% RANGE:0.04% UP:42.85% SPREAD:0.03271894% BID:0.09169 ASK:0.09172 MID:0.091705 P1:0.091705 P2:0.091705 P3:0.091705 P4:0.09171499 STATE:IDLE
[2026-05-16 15:01:09Z] CHK MOM:0.03% RANGE:0.04% UP:42.85% SPREAD:0.03271894% BID:0.09169 ASK:0.09172 MID:0.091705 P1:0.091705 P2:0.091705 P3:0.091705 P4:0.09171499 STATE:IDLE
[2026-05-16 15:01:10Z] CHK MOM:0.03% RANGE:0.04% UP:42.85% SPREAD:0.03271894% BID:0.09169 ASK:0.09172 MID:0.091705 P1:0.091705 P2:0.091705 P3:0.091705 P4:0.09171499 STATE:IDLE
[2026-05-16 15:01:10Z] CHK MOM:0.03% RANGE:0.04% UP:42.85% SPREAD:0.03271894% BID:0.09169 ASK:0.09172 MID:0.091705 P1:0.091705 P2:0.091705 P3:0.091705 P4:0.09171499 STATE:IDLE
[2026-05-16 15:01:11Z] CHK MOM:0.01% RANGE:0.03% UP:28.57% SPREAD:0.02181262% BID:0.09169 ASK:0.09171 MID:0.0917 P1:0.0917 P2:0.091705 P3:0.091705 P4:0.091705 STATE:IDLE
[2026-05-16 15:01:12Z] CHK MOM:0.01% RANGE:0.03% UP:28.57% SPREAD:0.02181262% BID:0.09169 ASK:0.09171 MID:0.0917 P1:0.0917 P2:0.091705 P3:0.091705 P4:0.091705 STATE:IDLE
[2026-05-16 15:01:12Z] CHK MOM:0.01% RANGE:0.03% UP:25% SPREAD:0.01090631% BID:0.09169 ASK:0.0917 MID:0.091695 P1:0.091695 P2:0.0917 P3:0.091705 P4:0.091705 STATE:IDLE
[2026-05-16 15:01:13Z] CHK MOM:0.01% RANGE:0.03% UP:25% SPREAD:0.01090631% BID:0.09169 ASK:0.0917 MID:0.091695 P1:0.091695 P2:0.0917 P3:0.091705 P4:0.091705 STATE:IDLE
[2026-05-16 15:01:13Z] CHK MOM:0.01% RANGE:0.03% UP:25% SPREAD:0.01090631% BID:0.09169 ASK:0.0917 MID:0.091695 P1:0.091695 P2:0.0917 P3:0.091705 P4:0.091705 STATE:IDLE
[2026-05-16 15:01:14Z] CHK MOM:0.01% RANGE:0.03% UP:25% SPREAD:0.01090631% BID:0.09169 ASK:0.0917 MID:0.091695 P1:0.091695 P2:0.0917 P3:0.091705 P4:0.091705 STATE:IDLE
[2026-05-16 15:01:14Z] CHK MOM:-0.02% RANGE:0.02% UP:12.5% SPREAD:0.01090631% BID:0.09169 ASK:0.0917 MID:0.091695 P1:0.091695 P2:0.091695 P3:0.0917 P4:0.091705 STATE:IDLE
[2026-05-16 15:01:15Z] CHK MOM:-0.02% RANGE:0.02% UP:12.5% SPREAD:0.01090631% BID:0.09169 ASK:0.0917 MID:0.091695 P1:0.091695 P2:0.091695 P3:0.0917 P4:0.091705 STATE:IDLE
[2026-05-16 15:01:15Z] CHK MOM:0% RANGE:0.02% UP:25% SPREAD:0.01090512% BID:0.0917 ASK:0.09171 MID:0.091705 P1:0.091705 P2:0.091695 P3:0.091695 P4:0.0917 STATE:IDLE
[2026-05-16 15:01:16Z] CHK MOM:0% RANGE:0.02% UP:33.33% SPREAD:0.01090393% BID:0.09171 ASK:0.09172 MID:0.09171499 P1:0.09171499 P2:0.091705 P3:0.091695 P4:0.091695 STATE:IDLE
[2026-05-16 15:01:16Z] CHK MOM:0% RANGE:0.02% UP:33.33% SPREAD:0.01090393% BID:0.09171 ASK:0.09172 MID:0.09171499 P1:0.09171499 P2:0.091705 P3:0.091695 P4:0.091695 STATE:IDLE
[2026-05-16 15:01:17Z] CHK MOM:0% RANGE:0.02% UP:33.33% SPREAD:0.01090393% BID:0.09171 ASK:0.09172 MID:0.09171499 P1:0.09171499 P2:0.091705 P3:0.091695 P4:0.091695 STATE:IDLE
[2026-05-16 15:01:17Z] CHK MOM:0% RANGE:0.02% UP:33.33% SPREAD:0.01090393% BID:0.09171 ASK:0.09172 MID:0.09171499 P1:0.09171499 P2:0.091705 P3:0.091695 P4:0.091695 STATE:IDLE
[2026-05-16 15:01:18Z] CHK MOM:0% RANGE:0.02% UP:33.33% SPREAD:0.01090393% BID:0.09171 ASK:0.09172 MID:0.09171499 P1:0.09171499 P2:0.091705 P3:0.091695 P4:0.091695 STATE:IDLE
[2026-05-16 15:01:19Z] CHK MOM:0.01% RANGE:0.02% UP:33.33% SPREAD:0.01090393% BID:0.09171 ASK:0.09172 MID:0.09171499 P1:0.09171499 P2:0.09171499 P3:0.091705 P4:0.091695 STATE:IDLE
[2026-05-16 15:01:20Z] CHK MOM:0.01% RANGE:0.02% UP:33.33% SPREAD:0.01090393% BID:0.09171 ASK:0.09172 MID:0.09171499 P1:0.09171499 P2:0.09171499 P3:0.09171499 P4:0.091705 STATE:IDLE
[2026-05-16 15:01:20Z] CHK MOM:0.01% RANGE:0.02% UP:33.33% SPREAD:0.01090393% BID:0.09171 ASK:0.09172 MID:0.09171499 P1:0.09171499 P2:0.09171499 P3:0.09171499 P4:0.091705 STATE:IDLE
[2026-05-16 15:01:21Z] CHK MOM:0.01% RANGE:0.02% UP:33.33% SPREAD:0.01090393% BID:0.09171 ASK:0.09172 MID:0.09171499 P1:0.09171499 P2:0.09171499 P3:0.09171499 P4:0.091705 STATE:IDLE
[2026-05-16 15:01:21Z] CHK MOM:0.01% RANGE:0.02% UP:33.33% SPREAD:0.01090393% BID:0.09171 ASK:0.09172 MID:0.09171499 P1:0.09171499 P2:0.09171499 P3:0.09171499 P4:0.091705 STATE:IDLE
[2026-05-16 15:01:22Z] CHK MOM:0.01% RANGE:0.02% UP:33.33% SPREAD:0.01090393% BID:0.09171 ASK:0.09172 MID:0.09171499 P1:0.09171499 P2:0.09171499 P3:0.09171499 P4:0.091705 STATE:IDLE
[2026-05-16 15:01:24Z] CHK MOM:0.02% RANGE:0.02% UP:40% SPREAD:0.01090393% BID:0.09171 ASK:0.09172 MID:0.09171499 P1:0.09171499 P2:0.09171499 P3:0.09171499 P4:0.09171499 STATE:IDLE
[2026-05-16 15:01:24Z] CHK MOM:0.02% RANGE:0.02% UP:40% SPREAD:0.01090393% BID:0.09171 ASK:0.09172 MID:0.09171499 P1:0.09171499 P2:0.09171499 P3:0.09171499 P4:0.09171499 STATE:IDLE
[2026-05-16 15:01:25Z] CHK MOM:0.03% RANGE:0.03% UP:50% SPREAD:0.01090274% BID:0.09172 ASK:0.09173 MID:0.091725 P1:0.091725 P2:0.09171499 P3:0.09171499 P4:0.09171499 STATE:IDLE
[2026-05-16 15:01:25Z] CHK MOM:0.03% RANGE:0.03% UP:42.85% SPREAD:0.01090274% BID:0.09172 ASK:0.09173 MID:0.091725 P1:0.091725 P2:0.091725 P3:0.09171499 P4:0.09171499 STATE:IDLE
[2026-05-16 15:01:26Z] CHK MOM:0.03% RANGE:0.03% UP:42.85% SPREAD:0.01090274% BID:0.09172 ASK:0.09173 MID:0.091725 P1:0.091725 P2:0.091725 P3:0.09171499 P4:0.09171499 STATE:IDLE
[2026-05-16 15:01:26Z] CHK MOM:0.03% RANGE:0.03% UP:42.85% SPREAD:0.01090274% BID:0.09172 ASK:0.09173 MID:0.091725 P1:0.091725 P2:0.091725 P3:0.09171499 P4:0.09171499 STATE:IDLE
[2026-05-16 15:01:27Z] CHK MOM:0.03% RANGE:0.03% UP:42.85% SPREAD:0.01090274% BID:0.09172 ASK:0.09173 MID:0.091725 P1:0.091725 P2:0.091725 P3:0.09171499 P4:0.09171499 STATE:IDLE
[2026-05-16 15:01:28Z] CHK MOM:0.03% RANGE:0.03% UP:42.85% SPREAD:0.01090274% BID:0.09172 ASK:0.09173 MID:0.091725 P1:0.091725 P2:0.091725 P3:0.09171499 P4:0.09171499 STATE:IDLE
[2026-05-16 15:01:31Z] CHK MOM:0.01% RANGE:0.01% UP:20% SPREAD:0.01090274% BID:0.09172 ASK:0.09173 MID:0.091725 P1:0.091725 P2:0.091725 P3:0.091725 P4:0.09171499 STATE:IDLE
[2026-05-16 15:01:31Z] CHK MOM:0.01% RANGE:0.01% UP:20% SPREAD:0.01090274% BID:0.09172 ASK:0.09173 MID:0.091725 P1:0.091725 P2:0.091725 P3:0.091725 P4:0.09171499 STATE:IDLE
[2026-05-16 15:01:32Z] CHK MOM:0.01% RANGE:0.01% UP:20% SPREAD:0.01090274% BID:0.09172 ASK:0.09173 MID:0.091725 P1:0.091725 P2:0.091725 P3:0.091725 P4:0.091725 STATE:IDLE
[2026-05-16 15:01:32Z] CHK MOM:0.01% RANGE:0.01% UP:40% SPREAD:0.02180549% BID:0.09172 ASK:0.09174 MID:0.09173 P1:0.09173 P2:0.091725 P3:0.091725 P4:0.091725 STATE:IDLE
[2026-05-16 15:01:33Z] CHK MOM:0.01% RANGE:0.01% UP:40% SPREAD:0.02180549% BID:0.09172 ASK:0.09174 MID:0.09173 P1:0.09173 P2:0.091725 P3:0.091725 P4:0.091725 STATE:IDLE
[2026-05-16 15:01:34Z] CHK MOM:0.01% RANGE:0.01% UP:40% SPREAD:0.02180549% BID:0.09172 ASK:0.09174 MID:0.09173 P1:0.09173 P2:0.091725 P3:0.091725 P4:0.091725 STATE:IDLE
[2026-05-16 15:01:34Z] CHK MOM:0.01% RANGE:0.01% UP:40% SPREAD:0.02180549% BID:0.09172 ASK:0.09174 MID:0.09173 P1:0.09173 P2:0.091725 P3:0.091725 P4:0.091725 STATE:IDLE
[2026-05-16 15:01:35Z] CHK MOM:0.02% RANGE:0.02% UP:50% SPREAD:0.01090155% BID:0.09173 ASK:0.09174 MID:0.091735 P1:0.091735 P2:0.09173 P3:0.091725 P4:0.091725 STATE:IDLE
[2026-05-16 15:01:35Z] CHK MOM:0.02% RANGE:0.02% UP:50% SPREAD:0.01090155% BID:0.09173 ASK:0.09174 MID:0.091735 P1:0.091735 P2:0.09173 P3:0.091725 P4:0.091725 STATE:IDLE
[2026-05-16 15:01:36Z] CHK MOM:0.02% RANGE:0.02% UP:50% SPREAD:0.01090155% BID:0.09173 ASK:0.09174 MID:0.091735 P1:0.091735 P2:0.09173 P3:0.091725 P4:0.091725 STATE:IDLE
[2026-05-16 15:01:36Z] CHK MOM:0.02% RANGE:0.02% UP:50% SPREAD:0.01090037% BID:0.09174 ASK:0.09175 MID:0.091745 P1:0.091745 P2:0.091735 P3:0.09173 P4:0.091725 STATE:IDLE
[2026-05-16 15:01:37Z] CHK MOM:0.01% RANGE:0.02% UP:50% SPREAD:0.02180311% BID:0.09173 ASK:0.09175 MID:0.09174 P1:0.09174 P2:0.091745 P3:0.091735 P4:0.09173 STATE:IDLE
[2026-05-16 15:01:37Z] CHK MOM:0.01% RANGE:0.02% UP:42.85% SPREAD:0.02180311% BID:0.09173 ASK:0.09175 MID:0.09174 P1:0.09174 P2:0.09174 P3:0.091745 P4:0.091735 STATE:IDLE
[2026-05-16 15:01:38Z] CHK MOM:0.01% RANGE:0.02% UP:42.85% SPREAD:0.02180311% BID:0.09173 ASK:0.09175 MID:0.09174 P1:0.09174 P2:0.09174 P3:0.091745 P4:0.091735 STATE:IDLE
[2026-05-16 15:01:39Z] CHK MOM:0.01% RANGE:0.02% UP:42.85% SPREAD:0.02180311% BID:0.09173 ASK:0.09175 MID:0.09174 P1:0.09174 P2:0.09174 P3:0.09174 P4:0.091745 STATE:IDLE
[2026-05-16 15:01:39Z] CHK MOM:0.01% RANGE:0.02% UP:42.85% SPREAD:0.02180311% BID:0.09173 ASK:0.09175 MID:0.09174 P1:0.09174 P2:0.09174 P3:0.09174 P4:0.091745 STATE:IDLE
[2026-05-16 15:01:40Z] CHK MOM:0.01% RANGE:0.02% UP:42.85% SPREAD:0.02180311% BID:0.09173 ASK:0.09175 MID:0.09174 P1:0.09174 P2:0.09174 P3:0.09174 P4:0.091745 STATE:IDLE
[2026-05-16 15:01:40Z] CHK MOM:0.01% RANGE:0.02% UP:42.85% SPREAD:0.02180311% BID:0.09173 ASK:0.09175 MID:0.09174 P1:0.09174 P2:0.09174 P3:0.09174 P4:0.091745 STATE:IDLE
[2026-05-16 15:01:41Z] CHK MOM:0.01% RANGE:0.02% UP:42.85% SPREAD:0.02180311% BID:0.09173 ASK:0.09175 MID:0.09174 P1:0.09174 P2:0.09174 P3:0.09174 P4:0.091745 STATE:IDLE
[2026-05-16 15:01:44Z] CHK MOM:0.02% RANGE:0.02% UP:57.14% SPREAD:0.01090037% BID:0.09174 ASK:0.09175 MID:0.091745 P1:0.091745 P2:0.09174 P3:0.09174 P4:0.09174 STATE:IDLE
[2026-05-16 15:01:45Z] CHK MOM:0.01% RANGE:0.01% UP:33.33% SPREAD:0.01090037% BID:0.09174 ASK:0.09175 MID:0.091745 P1:0.091745 P2:0.091745 P3:0.09174 P4:0.09174 STATE:IDLE
[2026-05-16 15:01:45Z] CHK MOM:0.01% RANGE:0.01% UP:33.33% SPREAD:0.01090037% BID:0.09174 ASK:0.09175 MID:0.091745 P1:0.091745 P2:0.091745 P3:0.09174 P4:0.09174 STATE:IDLE
[2026-05-16 15:01:46Z] CHK MOM:0.01% RANGE:0.01% UP:33.33% SPREAD:0.01090037% BID:0.09174 ASK:0.09175 MID:0.091745 P1:0.091745 P2:0.091745 P3:0.09174 P4:0.09174 STATE:IDLE
[2026-05-16 15:01:46Z] CHK MOM:0.01% RANGE:0.01% UP:33.33% SPREAD:0.01090037% BID:0.09174 ASK:0.09175 MID:0.091745 P1:0.091745 P2:0.091745 P3:0.09174 P4:0.09174 STATE:IDLE
[2026-05-16 15:01:47Z] CHK MOM:0% RANGE:0.01% UP:28.57% SPREAD:0.02180311% BID:0.09173 ASK:0.09175 MID:0.09174 P1:0.09174 P2:0.091745 P3:0.091745 P4:0.09174 STATE:IDLE
[2026-05-16 15:01:47Z] CHK MOM:0% RANGE:0.01% UP:28.57% SPREAD:0.02180311% BID:0.09173 ASK:0.09175 MID:0.09174 P1:0.09174 P2:0.091745 P3:0.091745 P4:0.09174 STATE:IDLE
[2026-05-16 15:01:48Z] CHK MOM:0% RANGE:0.01% UP:28.57% SPREAD:0.02180311% BID:0.09173 ASK:0.09175 MID:0.09174 P1:0.09174 P2:0.091745 P3:0.091745 P4:0.09174 STATE:IDLE
[2026-05-16 15:01:48Z] CHK MOM:-0.01% RANGE:0.01% UP:16.66% SPREAD:0.02180549% BID:0.09172 ASK:0.09174 MID:0.09173 P1:0.09173 P2:0.09174 P3:0.091745 P4:0.091745 STATE:IDLE
[2026-05-16 15:01:49Z] CHK MOM:-0.01% RANGE:0.01% UP:14.28% SPREAD:0.02180549% BID:0.09172 ASK:0.09174 MID:0.09173 P1:0.09173 P2:0.09173 P3:0.09174 P4:0.091745 STATE:IDLE
[2026-05-16 15:01:50Z] CHK MOM:-0.01% RANGE:0.01% UP:16.66% SPREAD:0.02180549% BID:0.09172 ASK:0.09174 MID:0.09173 P1:0.09173 P2:0.09173 P3:0.09173 P4:0.09174 STATE:IDLE
[2026-05-16 15:01:51Z] CHK MOM:-0.01% RANGE:0.01% UP:16.66% SPREAD:0.01090155% BID:0.09173 ASK:0.09174 MID:0.091735 P1:0.091735 P2:0.09173 P3:0.09173 P4:0.09173 STATE:IDLE
[2026-05-16 15:01:51Z] CHK MOM:-0.01% RANGE:0.01% UP:16.66% SPREAD:0.01090155% BID:0.09173 ASK:0.09174 MID:0.091735 P1:0.091735 P2:0.09173 P3:0.09173 P4:0.09173 STATE:IDLE
[2026-05-16 15:01:52Z] CHK MOM:-0.01% RANGE:0.01% UP:14.28% SPREAD:0.02180549% BID:0.09172 ASK:0.09174 MID:0.09173 P1:0.09173 P2:0.091735 P3:0.09173 P4:0.09173 STATE:IDLE
[2026-05-16 15:01:52Z] CHK MOM:-0.01% RANGE:0.01% UP:14.28% SPREAD:0.02180549% BID:0.09172 ASK:0.09174 MID:0.09173 P1:0.09173 P2:0.091735 P3:0.09173 P4:0.09173 STATE:IDLE
[2026-05-16 15:01:53Z] CHK MOM:-0.01% RANGE:0.01% UP:14.28% SPREAD:0.02180549% BID:0.09172 ASK:0.09174 MID:0.09173 P1:0.09173 P2:0.091735 P3:0.09173 P4:0.09173 STATE:IDLE
[2026-05-16 15:01:53Z] CHK MOM:-0.01% RANGE:0.01% UP:14.28% SPREAD:0.02180549% BID:0.09172 ASK:0.09174 MID:0.09173 P1:0.09173 P2:0.091735 P3:0.09173 P4:0.09173 STATE:IDLE
[2026-05-16 15:01:54Z] CHK MOM:-0.01% RANGE:0.01% UP:14.28% SPREAD:0.02180549% BID:0.09172 ASK:0.09174 MID:0.09173 P1:0.09173 P2:0.091735 P3:0.09173 P4:0.09173 STATE:IDLE
[2026-05-16 15:01:54Z] CHK MOM:-0.01% RANGE:0.01% UP:14.28% SPREAD:0.02180549% BID:0.09172 ASK:0.09174 MID:0.09173 P1:0.09173 P2:0.091735 P3:0.09173 P4:0.09173 STATE:IDLE
[2026-05-16 15:01:55Z] CHK MOM:-0.02% RANGE:0.02% UP:12.5% SPREAD:0.01090274% BID:0.09172 ASK:0.09173 MID:0.091725 P1:0.091725 P2:0.09173 P3:0.091735 P4:0.09173 STATE:IDLE
[2026-05-16 15:01:56Z] CHK MOM:-0.01% RANGE:0.02% UP:22.22% SPREAD:0.02180549% BID:0.09172 ASK:0.09174 MID:0.09173 P1:0.09173 P2:0.091725 P3:0.09173 P4:0.091735 STATE:IDLE
[2026-05-16 15:01:56Z] CHK MOM:-0.02% RANGE:0.02% UP:22.22% SPREAD:0.01090274% BID:0.09172 ASK:0.09173 MID:0.091725 P1:0.091725 P2:0.09173 P3:0.091725 P4:0.09173 STATE:IDLE
[2026-05-16 15:01:57Z] CHK MOM:-0.01% RANGE:0.01% UP:22.22% SPREAD:0.01090274% BID:0.09172 ASK:0.09173 MID:0.091725 P1:0.091725 P2:0.091725 P3:0.09173 P4:0.091725 STATE:IDLE
[2026-05-16 15:01:57Z] CHK MOM:-0.01% RANGE:0.01% UP:30% SPREAD:0.02180549% BID:0.09172 ASK:0.09174 MID:0.09173 P1:0.09173 P2:0.091725 P3:0.091725 P4:0.09173 STATE:IDLE
[2026-05-16 15:01:58Z] CHK MOM:-0.01% RANGE:0.01% UP:30% SPREAD:0.02180549% BID:0.09172 ASK:0.09174 MID:0.09173 P1:0.09173 P2:0.091725 P3:0.091725 P4:0.09173 STATE:IDLE
[2026-05-16 15:01:58Z] CHK MOM:-0.01% RANGE:0.01% UP:30% SPREAD:0.02180549% BID:0.09172 ASK:0.09174 MID:0.09173 P1:0.09173 P2:0.091725 P3:0.091725 P4:0.09173 STATE:IDLE
[2026-05-16 15:01:59Z] CHK MOM:-0.01% RANGE:0.01% UP:30% SPREAD:0.02180549% BID:0.09172 ASK:0.09174 MID:0.09173 P1:0.09173 P2:0.091725 P3:0.091725 P4:0.09173 STATE:IDLE
[2026-05-16 15:01:59Z] CHK MOM:0% RANGE:0.01% UP:30% SPREAD:0.01090274% BID:0.09172 ASK:0.09173 MID:0.091725 P1:0.091725 P2:0.09173 P3:0.091725 P4:0.091725 STATE:IDLE
[2026-05-16 15:02:00Z] CHK MOM:0% RANGE:0.01% UP:36.36% SPREAD:0.02180549% BID:0.09172 ASK:0.09174 MID:0.09173 P1:0.09173 P2:0.091725 P3:0.09173 P4:0.091725 STATE:IDLE
[2026-05-16 15:02:01Z] CHK MOM:0% RANGE:0.01% UP:36.36% SPREAD:0.02180549% BID:0.09172 ASK:0.09174 MID:0.09173 P1:0.09173 P2:0.091725 P3:0.09173 P4:0.091725 STATE:IDLE
[2026-05-16 15:02:01Z] CHK MOM:0.01% RANGE:0.02% UP:45.45% SPREAD:0.01090037% BID:0.09174 ASK:0.09175 MID:0.091745 P1:0.091745 P2:0.09173 P3:0.091725 P4:0.09173 STATE:IDLE
[2026-05-16 15:02:02Z] CHK MOM:0.01% RANGE:0.02% UP:45.45% SPREAD:0.01090037% BID:0.09174 ASK:0.09175 MID:0.091745 P1:0.091745 P2:0.09173 P3:0.091725 P4:0.09173 STATE:IDLE
[2026-05-16 15:02:02Z] CHK MOM:0.01% RANGE:0.02% UP:50% SPREAD:0.02180074% BID:0.09174 ASK:0.09176 MID:0.09175 P1:0.09175 P2:0.091745 P3:0.09173 P4:0.091725 STATE:IDLE
[2026-05-16 15:02:03Z] CHK MOM:0.01% RANGE:0.02% UP:50% SPREAD:0.02180074% BID:0.09174 ASK:0.09176 MID:0.09175 P1:0.09175 P2:0.091745 P3:0.09173 P4:0.091725 STATE:IDLE
[2026-05-16 15:02:03Z] CHK MOM:0.01% RANGE:0.02% UP:50% SPREAD:0.02180074% BID:0.09174 ASK:0.09176 MID:0.09175 P1:0.09175 P2:0.091745 P3:0.09173 P4:0.091725 STATE:IDLE
[2026-05-16 15:02:04Z] CHK MOM:0.01% RANGE:0.02% UP:50% SPREAD:0.02180074% BID:0.09174 ASK:0.09176 MID:0.09175 P1:0.09175 P2:0.091745 P3:0.09173 P4:0.091725 STATE:IDLE
[2026-05-16 15:02:04Z] CHK MOM:0.01% RANGE:0.02% UP:50% SPREAD:0.02180074% BID:0.09174 ASK:0.09176 MID:0.09175 P1:0.09175 P2:0.091745 P3:0.09173 P4:0.091725 STATE:IDLE
[2026-05-16 15:02:05Z] CHK MOM:0.01% RANGE:0.02% UP:50% SPREAD:0.02180074% BID:0.09174 ASK:0.09176 MID:0.09175 P1:0.09175 P2:0.091745 P3:0.09173 P4:0.091725 STATE:IDLE
[2026-05-16 15:02:11Z] CHK MOM:0.02% RANGE:0.02% UP:75% SPREAD:0.02180074% BID:0.09174 ASK:0.09176 MID:0.09175 P1:0.09175 P2:0.09175 P3:0.091745 P4:0.09173 STATE:IDLE
[2026-05-16 15:02:12Z] CHK MOM:0.02% RANGE:0.02% UP:75% SPREAD:0.02180074% BID:0.09174 ASK:0.09176 MID:0.09175 P1:0.09175 P2:0.09175 P3:0.091745 P4:0.09173 STATE:IDLE
[2026-05-16 15:02:12Z] CHK MOM:0.02% RANGE:0.02% UP:75% SPREAD:0.02180074% BID:0.09174 ASK:0.09176 MID:0.09175 P1:0.09175 P2:0.09175 P3:0.091745 P4:0.09173 STATE:IDLE
[2026-05-16 15:02:13Z] CHK MOM:0.02% RANGE:0.02% UP:75% SPREAD:0.02180074% BID:0.09174 ASK:0.09176 MID:0.09175 P1:0.09175 P2:0.09175 P3:0.091745 P4:0.09173 STATE:IDLE
[2026-05-16 15:02:13Z] CHK MOM:0.02% RANGE:0.02% UP:75% SPREAD:0.02180074% BID:0.09174 ASK:0.09176 MID:0.09175 P1:0.09175 P2:0.09175 P3:0.091745 P4:0.09173 STATE:IDLE
[2026-05-16 15:02:15Z] CHK MOM:0.01% RANGE:0.01% UP:100% SPREAD:0.02179836% BID:0.09175 ASK:0.09177 MID:0.09176 P1:0.09176 P2:0.09175 P3:0.09175 P4:0.091745 STATE:IDLE
[2026-05-16 15:02:15Z] CHK MOM:0.01% RANGE:0.01% UP:50% SPREAD:0.02179836% BID:0.09175 ASK:0.09177 MID:0.09176 P1:0.09176 P2:0.09176 P3:0.09175 P4:0.09175 STATE:IDLE
[2026-05-16 15:02:16Z] CHK MOM:0.01% RANGE:0.01% UP:66.66% SPREAD:0.01089799% BID:0.09176 ASK:0.09177 MID:0.091765 P1:0.091765 P2:0.09176 P3:0.09176 P4:0.09175 STATE:IDLE
[2026-05-16 15:02:17Z] CHK MOM:0% RANGE:0.01% UP:50% SPREAD:0.02180074% BID:0.09174 ASK:0.09176 MID:0.09175 P1:0.09175 P2:0.091765 P3:0.09176 P4:0.09176 STATE:IDLE
[2026-05-16 15:02:17Z] CHK MOM:0% RANGE:0.01% UP:40% SPREAD:0.02180074% BID:0.09174 ASK:0.09176 MID:0.09175 P1:0.09175 P2:0.09175 P3:0.091765 P4:0.09176 STATE:IDLE
[2026-05-16 15:02:18Z] CHK MOM:0.02% RANGE:0.02% UP:50% SPREAD:0.02179598% BID:0.09176 ASK:0.09178 MID:0.09176999 P1:0.09176999 P2:0.09175 P3:0.09175 P4:0.091765 STATE:IDLE
[2026-05-16 15:02:18Z] CHK MOM:0.02% RANGE:0.02% UP:50% SPREAD:0.02179598% BID:0.09176 ASK:0.09178 MID:0.09176999 P1:0.09176999 P2:0.09175 P3:0.09175 P4:0.091765 STATE:IDLE
[2026-05-16 15:02:19Z] CHK MOM:0.02% RANGE:0.02% UP:50% SPREAD:0.02179598% BID:0.09176 ASK:0.09178 MID:0.09176999 P1:0.09176999 P2:0.09175 P3:0.09175 P4:0.091765 STATE:IDLE
[2026-05-16 15:02:19Z] CHK MOM:0.02% RANGE:0.02% UP:50% SPREAD:0.02179598% BID:0.09176 ASK:0.09178 MID:0.09176999 P1:0.09176999 P2:0.09175 P3:0.09175 P4:0.091765 STATE:IDLE
[2026-05-16 15:02:20Z] CHK MOM:0.01% RANGE:0.02% UP:42.85% SPREAD:0.02179836% BID:0.09175 ASK:0.09177 MID:0.09176 P1:0.09176 P2:0.09176999 P3:0.09175 P4:0.09175 STATE:IDLE
[2026-05-16 15:02:20Z] CHK MOM:0.01% RANGE:0.02% UP:50% SPREAD:0.01089799% BID:0.09176 ASK:0.09177 MID:0.091765 P1:0.091765 P2:0.09176 P3:0.09176999 P4:0.09175 STATE:IDLE
[2026-05-16 15:02:21Z] CHK MOM:0.01% RANGE:0.02% UP:50% SPREAD:0.01089799% BID:0.09176 ASK:0.09177 MID:0.091765 P1:0.091765 P2:0.09176 P3:0.09176999 P4:0.09175 STATE:IDLE
[2026-05-16 15:02:21Z] CHK MOM:0.01% RANGE:0.02% UP:44.44% SPREAD:0.02179836% BID:0.09175 ASK:0.09177 MID:0.09176 P1:0.09176 P2:0.091765 P3:0.09176 P4:0.09176999 STATE:IDLE
[2026-05-16 15:02:22Z] CHK MOM:0.01% RANGE:0.02% UP:40% SPREAD:0.02179836% BID:0.09175 ASK:0.09177 MID:0.09176 P1:0.09176 P2:0.09176 P3:0.091765 P4:0.09176 STATE:IDLE
[2026-05-16 15:02:23Z] CHK MOM:0.01% RANGE:0.02% UP:40% SPREAD:0.02179836% BID:0.09175 ASK:0.09177 MID:0.09176 P1:0.09176 P2:0.09176 P3:0.091765 P4:0.09176 STATE:IDLE
[2026-05-16 15:02:23Z] CHK MOM:0.01% RANGE:0.02% UP:40% SPREAD:0.02179836% BID:0.09175 ASK:0.09177 MID:0.09176 P1:0.09176 P2:0.09176 P3:0.091765 P4:0.09176 STATE:IDLE
[2026-05-16 15:02:24Z] CHK MOM:0.01% RANGE:0.02% UP:40% SPREAD:0.02179836% BID:0.09175 ASK:0.09177 MID:0.09176 P1:0.09176 P2:0.09176 P3:0.091765 P4:0.09176 STATE:IDLE
[2026-05-16 15:02:24Z] CHK MOM:0.02% RANGE:0.03% UP:40% SPREAD:0.01089561% BID:0.09178 ASK:0.09179 MID:0.091785 P1:0.091785 P2:0.09176 P3:0.09176 P4:0.091765 STATE:IDLE
[2026-05-16 15:02:25Z] CHK MOM:0.02% RANGE:0.03% UP:36.36% SPREAD:0.02179361% BID:0.09177 ASK:0.09179 MID:0.09178 P1:0.09178 P2:0.091785 P3:0.09176 P4:0.09176 STATE:IDLE
[2026-05-16 15:02:25Z] CHK MOM:0.02% RANGE:0.03% UP:41.66% SPREAD:0.01089561% BID:0.09178 ASK:0.09179 MID:0.091785 P1:0.091785 P2:0.09178 P3:0.091785 P4:0.09176 STATE:IDLE
[2026-05-16 15:02:26Z] CHK MOM:0.02% RANGE:0.03% UP:41.66% SPREAD:0.01089561% BID:0.09178 ASK:0.09179 MID:0.091785 P1:0.091785 P2:0.09178 P3:0.091785 P4:0.09176 STATE:IDLE
[2026-05-16 15:02:26Z] CHK MOM:0.02% RANGE:0.03% UP:38.46% SPREAD:0.01089561% BID:0.09178 ASK:0.09179 MID:0.091785 P1:0.091785 P2:0.091785 P3:0.09178 P4:0.091785 STATE:IDLE
[2026-05-16 15:02:27Z] CHK MOM:0.02% RANGE:0.03% UP:38.46% SPREAD:0.01089561% BID:0.09178 ASK:0.09179 MID:0.091785 P1:0.091785 P2:0.091785 P3:0.09178 P4:0.091785 STATE:IDLE
[2026-05-16 15:02:28Z] CHK MOM:0.02% RANGE:0.03% UP:38.46% SPREAD:0.01089561% BID:0.09178 ASK:0.09179 MID:0.091785 P1:0.091785 P2:0.091785 P3:0.09178 P4:0.091785 STATE:IDLE
[2026-05-16 15:02:28Z] CHK MOM:0.04% RANGE:0.04% UP:45.45% SPREAD:0.02179123% BID:0.09178 ASK:0.0918 MID:0.09179 P1:0.09179 P2:0.091785 P3:0.091785 P4:0.09178 STATE:IDLE
[2026-05-16 15:02:29Z] CHK MOM:0.04% RANGE:0.04% UP:45.45% SPREAD:0.02179123% BID:0.09178 ASK:0.0918 MID:0.09179 P1:0.09179 P2:0.091785 P3:0.091785 P4:0.09178 STATE:IDLE
[2026-05-16 15:02:29Z] CHK MOM:0.04% RANGE:0.04% UP:45.45% SPREAD:0.02179123% BID:0.09178 ASK:0.0918 MID:0.09179 P1:0.09179 P2:0.091785 P3:0.091785 P4:0.09178 STATE:IDLE
[2026-05-16 15:02:30Z] CHK MOM:0.04% RANGE:0.05% UP:50% SPREAD:0.02178649% BID:0.0918 ASK:0.09182 MID:0.09181 P1:0.09181 P2:0.09179 P3:0.091785 P4:0.091785 STATE:IDLE
[2026-05-16 15:02:30Z] CHK MOM:0.05% RANGE:0.05% UP:50% SPREAD:0.02178649% BID:0.0918 ASK:0.09182 MID:0.09181 P1:0.09181 P2:0.09181 P3:0.09179 P4:0.091785 STATE:IDLE
[2026-05-16 15:02:31Z] CHK MOM:0.05% RANGE:0.05% UP:50% SPREAD:0.02178649% BID:0.0918 ASK:0.09182 MID:0.09181 P1:0.09181 P2:0.09181 P3:0.09179 P4:0.091785 STATE:IDLE
[2026-05-16 15:02:31Z] CHK MOM:0.05% RANGE:0.05% UP:45.45% SPREAD:0.02178649% BID:0.0918 ASK:0.09182 MID:0.09181 P1:0.09181 P2:0.09181 P3:0.09181 P4:0.09179 STATE:IDLE
[2026-05-16 15:02:32Z] CHK MOM:0.05% RANGE:0.05% UP:45.45% SPREAD:0.02178649% BID:0.0918 ASK:0.09182 MID:0.09181 P1:0.09181 P2:0.09181 P3:0.09181 P4:0.09179 STATE:IDLE
[2026-05-16 15:02:33Z] CHK MOM:0.05% RANGE:0.05% UP:45.45% SPREAD:0.02178649% BID:0.0918 ASK:0.09182 MID:0.09181 P1:0.09181 P2:0.09181 P3:0.09181 P4:0.09179 STATE:IDLE
[2026-05-16 15:02:33Z] CHK MOM:0.05% RANGE:0.05% UP:45.45% SPREAD:0.02178649% BID:0.0918 ASK:0.09182 MID:0.09181 P1:0.09181 P2:0.09181 P3:0.09181 P4:0.09179 STATE:IDLE
[2026-05-16 15:02:34Z] CHK MOM:0.05% RANGE:0.05% UP:45.45% SPREAD:0.02178649% BID:0.0918 ASK:0.09182 MID:0.09181 P1:0.09181 P2:0.09181 P3:0.09181 P4:0.09179 STATE:IDLE
[2026-05-16 15:02:34Z] CHK MOM:0.03% RANGE:0.03% UP:50% SPREAD:0.01089205% BID:0.09181 ASK:0.09182 MID:0.091815 P1:0.091815 P2:0.09181 P3:0.09181 P4:0.09181 STATE:IDLE
[2026-05-16 15:02:35Z] CHK MOM:0.02% RANGE:0.03% UP:44.44% SPREAD:0.02178649% BID:0.0918 ASK:0.09182 MID:0.09181 P1:0.09181 P2:0.091815 P3:0.09181 P4:0.09181 STATE:IDLE
[2026-05-16 15:02:35Z] CHK MOM:0.02% RANGE:0.03% UP:44.44% SPREAD:0.02178649% BID:0.0918 ASK:0.09182 MID:0.09181 P1:0.09181 P2:0.091815 P3:0.09181 P4:0.09181 STATE:IDLE
[2026-05-16 15:02:36Z] CHK MOM:0.02% RANGE:0.03% UP:40% SPREAD:0.02178649% BID:0.0918 ASK:0.09182 MID:0.09181 P1:0.09181 P2:0.09181 P3:0.091815 P4:0.09181 STATE:IDLE
[2026-05-16 15:02:36Z] CHK MOM:0.03% RANGE:0.03% UP:40% SPREAD:0.02178649% BID:0.0918 ASK:0.09182 MID:0.09181 P1:0.09181 P2:0.09181 P3:0.09181 P4:0.091815 STATE:IDLE
[2026-05-16 15:02:37Z] CHK MOM:0.03% RANGE:0.03% UP:40% SPREAD:0.02178649% BID:0.0918 ASK:0.09182 MID:0.09181 P1:0.09181 P2:0.09181 P3:0.09181 P4:0.091815 STATE:IDLE
[2026-05-16 15:02:38Z] CHK MOM:0.02% RANGE:0.03% UP:30% SPREAD:0.02178649% BID:0.0918 ASK:0.09182 MID:0.09181 P1:0.09181 P2:0.09181 P3:0.09181 P4:0.09181 STATE:IDLE
[2026-05-16 15:02:38Z] CHK MOM:0.03% RANGE:0.03% UP:40% SPREAD:0.01089205% BID:0.09181 ASK:0.09182 MID:0.091815 P1:0.091815 P2:0.09181 P3:0.09181 P4:0.09181 STATE:IDLE
[2026-05-16 15:02:39Z] CHK MOM:0.03% RANGE:0.03% UP:40% SPREAD:0.01089205% BID:0.09181 ASK:0.09182 MID:0.091815 P1:0.091815 P2:0.09181 P3:0.09181 P4:0.09181 STATE:IDLE
[2026-05-16 15:02:39Z] CHK MOM:0.03% RANGE:0.03% UP:40% SPREAD:0.01089205% BID:0.09181 ASK:0.09182 MID:0.091815 P1:0.091815 P2:0.09181 P3:0.09181 P4:0.09181 STATE:IDLE
[2026-05-16 15:02:40Z] CHK MOM:0.03% RANGE:0.03% UP:40% SPREAD:0.02178411% BID:0.09181 ASK:0.09183 MID:0.09182 P1:0.09182 P2:0.091815 P3:0.09181 P4:0.09181 STATE:IDLE
[2026-05-16 15:02:40Z] CHK MOM:0.03% RANGE:0.03% UP:40% SPREAD:0.02178411% BID:0.09181 ASK:0.09183 MID:0.09182 P1:0.09182 P2:0.091815 P3:0.09181 P4:0.09181 STATE:IDLE
[2026-05-16 15:02:41Z] CHK MOM:0.01% RANGE:0.01% UP:30% SPREAD:0.02178411% BID:0.09181 ASK:0.09183 MID:0.09182 P1:0.09182 P2:0.09182 P3:0.091815 P4:0.09181 STATE:IDLE
[2026-05-16 15:02:41Z] CHK MOM:0.01% RANGE:0.01% UP:30% SPREAD:0.02178411% BID:0.09181 ASK:0.09183 MID:0.09182 P1:0.09182 P2:0.09182 P3:0.091815 P4:0.09181 STATE:IDLE
[2026-05-16 15:02:42Z] CHK MOM:0.05% RANGE:0.05% UP:40% SPREAD:0.02177463% BID:0.09185 ASK:0.09187 MID:0.09186 P1:0.09186 P2:0.09182 P3:0.09182 P4:0.091815 STATE:IDLE
[2026-05-16 15:02:42Z] CHK MOM:0.05% RANGE:0.05% UP:36.36% SPREAD:0.02177463% BID:0.09185 ASK:0.09187 MID:0.09186 P1:0.09186 P2:0.09186 P3:0.09182 P4:0.09182 STATE:IDLE
[2026-05-16 15:02:43Z] CHK MOM:0.05% RANGE:0.05% UP:36.36% SPREAD:0.02177463% BID:0.09185 ASK:0.09187 MID:0.09186 P1:0.09186 P2:0.09186 P3:0.09186 P4:0.09182 STATE:IDLE
[2026-05-16 15:02:44Z] CHK MOM:0.04% RANGE:0.05% UP:27.27% SPREAD:0.02177463% BID:0.09185 ASK:0.09187 MID:0.09186 P1:0.09186 P2:0.09186 P3:0.09186 P4:0.09186 STATE:IDLE
[2026-05-16 15:02:44Z] CHK MOM:0.04% RANGE:0.05% UP:25% SPREAD:0.02177463% BID:0.09185 ASK:0.09187 MID:0.09186 P1:0.09186 P2:0.09186 P3:0.09186 P4:0.09186 STATE:IDLE
[2026-05-16 15:02:45Z] CHK MOM:0.05% RANGE:0.05% UP:30.76% SPREAD:0.01088613% BID:0.09186 ASK:0.09187 MID:0.091865 P1:0.091865 P2:0.09186 P3:0.09186 P4:0.09186 STATE:IDLE
[2026-05-16 15:02:45Z] CHK MOM:0.05% RANGE:0.05% UP:30.76% SPREAD:0.01088613% BID:0.09186 ASK:0.09187 MID:0.091865 P1:0.091865 P2:0.09186 P3:0.09186 P4:0.09186 STATE:IDLE
[2026-05-16 15:02:46Z] CHK MOM:0.05% RANGE:0.05% UP:30.76% SPREAD:0.01088613% BID:0.09186 ASK:0.09187 MID:0.091865 P1:0.091865 P2:0.09186 P3:0.09186 P4:0.09186 STATE:IDLE
[2026-05-16 15:02:46Z] CHK MOM:0.05% RANGE:0.05% UP:30.76% SPREAD:0.01088613% BID:0.09186 ASK:0.09187 MID:0.091865 P1:0.091865 P2:0.09186 P3:0.09186 P4:0.09186 STATE:IDLE
[2026-05-16 15:02:47Z] CHK MOM:0.07% RANGE:0.07% UP:38.46% SPREAD:0.01088494% BID:0.09187 ASK:0.09188 MID:0.091875 P1:0.091875 P2:0.091865 P3:0.09186 P4:0.09186 STATE:IDLE
[2026-05-16 15:02:47Z] CHK MOM:0.08% RANGE:0.08% UP:46.15% SPREAD:0.01088376% BID:0.09188 ASK:0.09189 MID:0.091885 P1:0.091885 P2:0.091875 P3:0.091865 P4:0.09186 STATE:IDLE
[2026-05-16 15:02:48Z] CHK MOM:0.07% RANGE:0.08% UP:42.85% SPREAD:0.02176989% BID:0.09187 ASK:0.09189 MID:0.09187999 P1:0.09187999 P2:0.091885 P3:0.091875 P4:0.091865 STATE:IDLE
[2026-05-16 15:02:49Z] CHK MOM:0.07% RANGE:0.08% UP:42.85% SPREAD:0.02176989% BID:0.09187 ASK:0.09189 MID:0.09187999 P1:0.09187999 P2:0.09187999 P3:0.091885 P4:0.091875 STATE:IDLE
[2026-05-16 15:02:49Z] CHK MOM:0.07% RANGE:0.07% UP:38.46% SPREAD:0.02176989% BID:0.09187 ASK:0.09189 MID:0.09187999 P1:0.09187999 P2:0.09187999 P3:0.09187999 P4:0.091885 STATE:IDLE
[2026-05-16 15:02:50Z] CHK MOM:0.07% RANGE:0.07% UP:38.46% SPREAD:0.02176989% BID:0.09187 ASK:0.09189 MID:0.09187999 P1:0.09187999 P2:0.09187999 P3:0.09187999 P4:0.091885 STATE:IDLE
[2026-05-16 15:02:50Z] CHK MOM:0.05% RANGE:0.07% UP:30.76% SPREAD:0.02177226% BID:0.09186 ASK:0.09188 MID:0.09187 P1:0.09187 P2:0.09187999 P3:0.09187999 P4:0.09187999 STATE:IDLE
[2026-05-16 15:02:51Z] CHK MOM:0.05% RANGE:0.07% UP:30.76% SPREAD:0.02177226% BID:0.09186 ASK:0.09188 MID:0.09187 P1:0.09187 P2:0.09187999 P3:0.09187999 P4:0.09187999 STATE:IDLE
[2026-05-16 15:02:51Z] CHK MOM:0.05% RANGE:0.07% UP:28.57% SPREAD:0.02177226% BID:0.09186 ASK:0.09188 MID:0.09187 P1:0.09187 P2:0.09187 P3:0.09187999 P4:0.09187999 STATE:IDLE
[2026-05-16 15:02:52Z] CHK MOM:0.05% RANGE:0.07% UP:28.57% SPREAD:0.02177226% BID:0.09186 ASK:0.09188 MID:0.09187 P1:0.09187 P2:0.09187 P3:0.09187999 P4:0.09187999 STATE:IDLE
[2026-05-16 15:02:52Z] CHK MOM:0.05% RANGE:0.07% UP:28.57% SPREAD:0.02177226% BID:0.09186 ASK:0.09188 MID:0.09187 P1:0.09187 P2:0.09187 P3:0.09187999 P4:0.09187999 STATE:IDLE
[2026-05-16 15:02:53Z] CHK MOM:0.05% RANGE:0.07% UP:28.57% SPREAD:0.02177226% BID:0.09186 ASK:0.09188 MID:0.09187 P1:0.09187 P2:0.09187 P3:0.09187999 P4:0.09187999 STATE:IDLE
[2026-05-16 15:02:54Z] CHK MOM:0.01% RANGE:0.02% UP:23.07% SPREAD:0.02177226% BID:0.09186 ASK:0.09188 MID:0.09187 P1:0.09187 P2:0.09187 P3:0.09187 P4:0.09187999 STATE:IDLE
[2026-05-16 15:02:54Z] CHK MOM:0.01% RANGE:0.02% UP:23.07% SPREAD:0.02177226% BID:0.09186 ASK:0.09188 MID:0.09187 P1:0.09187 P2:0.09187 P3:0.09187 P4:0.09187 STATE:IDLE
[2026-05-16 15:02:55Z] CHK MOM:0.01% RANGE:0.02% UP:23.07% SPREAD:0.02177226% BID:0.09186 ASK:0.09188 MID:0.09187 P1:0.09187 P2:0.09187 P3:0.09187 P4:0.09187 STATE:IDLE
[2026-05-16 15:02:55Z] CHK MOM:0.01% RANGE:0.02% UP:23.07% SPREAD:0.02177226% BID:0.09186 ASK:0.09188 MID:0.09187 P1:0.09187 P2:0.09187 P3:0.09187 P4:0.09187 STATE:IDLE
[2026-05-16 15:02:56Z] CHK MOM:0.01% RANGE:0.02% UP:23.07% SPREAD:0.02177226% BID:0.09186 ASK:0.09188 MID:0.09187 P1:0.09187 P2:0.09187 P3:0.09187 P4:0.09187 STATE:IDLE
[2026-05-16 15:02:56Z] CHK MOM:0.01% RANGE:0.02% UP:23.07% SPREAD:0.02177226% BID:0.09186 ASK:0.09188 MID:0.09187 P1:0.09187 P2:0.09187 P3:0.09187 P4:0.09187 STATE:IDLE
[2026-05-16 15:02:57Z] CHK MOM:0.01% RANGE:0.02% UP:23.07% SPREAD:0.02177226% BID:0.09186 ASK:0.09188 MID:0.09187 P1:0.09187 P2:0.09187 P3:0.09187 P4:0.09187 STATE:IDLE
[2026-05-16 15:02:59Z] CHK MOM:0% RANGE:0.01% UP:11.11% SPREAD:0.02177226% BID:0.09186 ASK:0.09188 MID:0.09187 P1:0.09187 P2:0.09187 P3:0.09187 P4:0.09187 STATE:IDLE
[2026-05-16 15:02:59Z] CHK MOM:-0.03% RANGE:0.03% UP:0% SPREAD:0.01088731% BID:0.09185 ASK:0.09186 MID:0.09185499 P1:0.09185499 P2:0.09187 P3:0.09187 P4:0.09187 STATE:IDLE
[2026-05-16 15:03:00Z] CHK MOM:-0.03% RANGE:0.03% UP:0% SPREAD:0.021777% BID:0.09184 ASK:0.09186 MID:0.09185 P1:0.09185 P2:0.09185499 P3:0.09187 P4:0.09187 STATE:IDLE
[2026-05-16 15:03:00Z] CHK MOM:-0.04% RANGE:0.04% UP:0% SPREAD:0.02177937% BID:0.09183 ASK:0.09185 MID:0.09184 P1:0.09184 P2:0.09185 P3:0.09185499 P4:0.09187 STATE:IDLE
[2026-05-16 15:03:01Z] CHK MOM:-0.04% RANGE:0.04% UP:0% SPREAD:0.02177937% BID:0.09183 ASK:0.09185 MID:0.09184 P1:0.09184 P2:0.09184 P3:0.09185 P4:0.09185499 STATE:IDLE
[2026-05-16 15:03:01Z] CHK MOM:-0.04% RANGE:0.04% UP:0% SPREAD:0.02177937% BID:0.09183 ASK:0.09185 MID:0.09184 P1:0.09184 P2:0.09184 P3:0.09185 P4:0.09185499 STATE:IDLE
[2026-05-16 15:03:02Z] CHK MOM:-0.04% RANGE:0.04% UP:0% SPREAD:0.02177937% BID:0.09183 ASK:0.09185 MID:0.09184 P1:0.09184 P2:0.09184 P3:0.09185 P4:0.09185499 STATE:IDLE
[2026-05-16 15:03:02Z] CHK MOM:-0.04% RANGE:0.04% UP:0% SPREAD:0.02177937% BID:0.09183 ASK:0.09185 MID:0.09184 P1:0.09184 P2:0.09184 P3:0.09185 P4:0.09185499 STATE:IDLE
[2026-05-16 15:03:03Z] CHK MOM:-0.04% RANGE:0.04% UP:0% SPREAD:0.02177937% BID:0.09183 ASK:0.09185 MID:0.09184 P1:0.09184 P2:0.09184 P3:0.09185 P4:0.09185499 STATE:IDLE
[2026-05-16 15:03:04Z] CHK MOM:-0.04% RANGE:0.04% UP:0% SPREAD:0.02177937% BID:0.09183 ASK:0.09185 MID:0.09184 P1:0.09184 P2:0.09184 P3:0.09185 P4:0.09185499 STATE:IDLE
[2026-05-16 15:03:05Z] CHK MOM:-0.02% RANGE:0.03% UP:14.28% SPREAD:0.0108885% BID:0.09184 ASK:0.09185 MID:0.091845 P1:0.091845 P2:0.09184 P3:0.09184 P4:0.09185 STATE:IDLE
[2026-05-16 15:03:05Z] CHK MOM:-0.02% RANGE:0.03% UP:14.28% SPREAD:0.0108885% BID:0.09184 ASK:0.09185 MID:0.091845 P1:0.091845 P2:0.09184 P3:0.09184 P4:0.09185 STATE:IDLE
[2026-05-16 15:03:06Z] CHK MOM:-0.01% RANGE:0.03% UP:28.57% SPREAD:0.01088731% BID:0.09185 ASK:0.09186 MID:0.09185499 P1:0.09185499 P2:0.091845 P3:0.09184 P4:0.09184 STATE:IDLE
[2026-05-16 15:03:06Z] CHK MOM:-0.02% RANGE:0.03% UP:25% SPREAD:0.021777% BID:0.09184 ASK:0.09186 MID:0.09185 P1:0.09185 P2:0.09185499 P3:0.091845 P4:0.09184 STATE:IDLE
[2026-05-16 15:03:07Z] CHK MOM:-0.02% RANGE:0.03% UP:25% SPREAD:0.021777% BID:0.09184 ASK:0.09186 MID:0.09185 P1:0.09185 P2:0.09185499 P3:0.091845 P4:0.09184 STATE:IDLE
[2026-05-16 15:03:07Z] CHK MOM:-0.03% RANGE:0.03% UP:25% SPREAD:0.02177937% BID:0.09183 ASK:0.09185 MID:0.09184 P1:0.09184 P2:0.09185 P3:0.09185499 P4:0.091845 STATE:IDLE
[2026-05-16 15:03:08Z] CHK MOM:-0.03% RANGE:0.03% UP:22.22% SPREAD:0.02177937% BID:0.09183 ASK:0.09185 MID:0.09184 P1:0.09184 P2:0.09184 P3:0.09185 P4:0.09185499 STATE:IDLE
[2026-05-16 15:03:08Z] CHK MOM:-0.03% RANGE:0.03% UP:22.22% SPREAD:0.02177937% BID:0.09183 ASK:0.09185 MID:0.09184 P1:0.09184 P2:0.09184 P3:0.09185 P4:0.09185499 STATE:IDLE
[2026-05-16 15:03:09Z] CHK MOM:-0.03% RANGE:0.03% UP:22.22% SPREAD:0.02177937% BID:0.09183 ASK:0.09185 MID:0.09184 P1:0.09184 P2:0.09184 P3:0.09185 P4:0.09185499 STATE:IDLE
[2026-05-16 15:03:10Z] CHK MOM:-0.03% RANGE:0.03% UP:22.22% SPREAD:0.02177937% BID:0.09183 ASK:0.09185 MID:0.09184 P1:0.09184 P2:0.09184 P3:0.09185 P4:0.09185499 STATE:IDLE
[2026-05-16 15:03:10Z] CHK MOM:-0.03% RANGE:0.03% UP:22.22% SPREAD:0.02177937% BID:0.09183 ASK:0.09185 MID:0.09184 P1:0.09184 P2:0.09184 P3:0.09185 P4:0.09185499 STATE:IDLE
[2026-05-16 15:03:11Z] CHK MOM:-0.01% RANGE:0.01% UP:22.22% SPREAD:0.02177937% BID:0.09183 ASK:0.09185 MID:0.09184 P1:0.09184 P2:0.09184 P3:0.09184 P4:0.09185 STATE:IDLE
[2026-05-16 15:03:11Z] CHK MOM:-0.01% RANGE:0.01% UP:22.22% SPREAD:0.02177937% BID:0.09183 ASK:0.09185 MID:0.09184 P1:0.09184 P2:0.09184 P3:0.09184 P4:0.09185 STATE:IDLE
[2026-05-16 15:03:12Z] CHK MOM:-0.01% RANGE:0.01% UP:22.22% SPREAD:0.02177937% BID:0.09183 ASK:0.09185 MID:0.09184 P1:0.09184 P2:0.09184 P3:0.09184 P4:0.09185 STATE:IDLE
[2026-05-16 15:03:12Z] CHK MOM:-0.01% RANGE:0.01% UP:22.22% SPREAD:0.02177937% BID:0.09183 ASK:0.09185 MID:0.09184 P1:0.09184 P2:0.09184 P3:0.09184 P4:0.09185 STATE:IDLE
[2026-05-16 15:03:13Z] CHK MOM:-0.01% RANGE:0.01% UP:22.22% SPREAD:0.02177937% BID:0.09183 ASK:0.09185 MID:0.09184 P1:0.09184 P2:0.09184 P3:0.09184 P4:0.09185 STATE:IDLE
[2026-05-16 15:03:13Z] CHK MOM:0% RANGE:0.01% UP:33.33% SPREAD:0.021777% BID:0.09184 ASK:0.09186 MID:0.09185 P1:0.09185 P2:0.09184 P3:0.09184 P4:0.09184 STATE:IDLE
[2026-05-16 15:03:14Z] CHK MOM:0% RANGE:0.01% UP:33.33% SPREAD:0.021777% BID:0.09184 ASK:0.09186 MID:0.09185 P1:0.09185 P2:0.09184 P3:0.09184 P4:0.09184 STATE:IDLE
[2026-05-16 15:03:15Z] CHK MOM:0% RANGE:0.01% UP:33.33% SPREAD:0.021777% BID:0.09184 ASK:0.09186 MID:0.09185 P1:0.09185 P2:0.09184 P3:0.09184 P4:0.09184 STATE:IDLE
[2026-05-16 15:03:15Z] CHK MOM:0% RANGE:0.01% UP:28.57% SPREAD:0.0108885% BID:0.09184 ASK:0.09185 MID:0.091845 P1:0.091845 P2:0.09185 P3:0.09184 P4:0.09184 STATE:IDLE
[2026-05-16 15:03:16Z] CHK MOM:0% RANGE:0.01% UP:37.5% SPREAD:0.021777% BID:0.09184 ASK:0.09186 MID:0.09185 P1:0.09185 P2:0.091845 P3:0.09185 P4:0.09184 STATE:IDLE
[2026-05-16 15:03:16Z] CHK MOM:0% RANGE:0.01% UP:37.5% SPREAD:0.021777% BID:0.09184 ASK:0.09186 MID:0.09185 P1:0.09185 P2:0.091845 P3:0.09185 P4:0.09184 STATE:IDLE
[2026-05-16 15:03:17Z] CHK MOM:0% RANGE:0.01% UP:37.5% SPREAD:0.021777% BID:0.09184 ASK:0.09186 MID:0.09185 P1:0.09185 P2:0.091845 P3:0.09185 P4:0.09184 STATE:IDLE
[2026-05-16 15:03:17Z] CHK MOM:0% RANGE:0.01% UP:37.5% SPREAD:0.021777% BID:0.09184 ASK:0.09186 MID:0.09185 P1:0.09185 P2:0.091845 P3:0.09185 P4:0.09184 STATE:IDLE
[2026-05-16 15:03:18Z] CHK MOM:0% RANGE:0.01% UP:37.5% SPREAD:0.021777% BID:0.09184 ASK:0.09186 MID:0.09185 P1:0.09185 P2:0.091845 P3:0.09185 P4:0.09184 STATE:IDLE
[2026-05-16 15:03:18Z] CHK MOM:0% RANGE:0.01% UP:37.5% SPREAD:0.021777% BID:0.09184 ASK:0.09186 MID:0.09185 P1:0.09185 P2:0.091845 P3:0.09185 P4:0.09184 STATE:IDLE
[2026-05-16 15:03:21Z] CHK MOM:0.02% RANGE:0.02% UP:75% SPREAD:0.03266194% BID:0.09185 ASK:0.09188 MID:0.091865 P1:0.091865 P2:0.09185 P3:0.091845 P4:0.09185 STATE:IDLE
[2026-05-16 15:03:22Z] CHK MOM:0.02% RANGE:0.02% UP:75% SPREAD:0.03266194% BID:0.09185 ASK:0.09188 MID:0.091865 P1:0.091865 P2:0.09185 P3:0.091845 P4:0.09185 STATE:IDLE
[2026-05-16 15:03:22Z] CHK MOM:0.02% RANGE:0.02% UP:75% SPREAD:0.03266194% BID:0.09185 ASK:0.09188 MID:0.091865 P1:0.091865 P2:0.09185 P3:0.091845 P4:0.09185 STATE:IDLE
[2026-05-16 15:03:23Z] CHK MOM:0.02% RANGE:0.02% UP:60% SPREAD:0.02177463% BID:0.09185 ASK:0.09187 MID:0.09186 P1:0.09186 P2:0.091865 P3:0.09185 P4:0.091845 STATE:IDLE
[2026-05-16 15:03:23Z] CHK MOM:0.02% RANGE:0.02% UP:60% SPREAD:0.02177463% BID:0.09185 ASK:0.09187 MID:0.09186 P1:0.09186 P2:0.091865 P3:0.09185 P4:0.091845 STATE:IDLE
[2026-05-16 15:03:24Z] CHK MOM:0.01% RANGE:0.02% UP:40% SPREAD:0.02177463% BID:0.09185 ASK:0.09187 MID:0.09186 P1:0.09186 P2:0.09186 P3:0.091865 P4:0.09185 STATE:IDLE
[2026-05-16 15:03:24Z] CHK MOM:0.01% RANGE:0.02% UP:50% SPREAD:0.01088613% BID:0.09186 ASK:0.09187 MID:0.091865 P1:0.091865 P2:0.09186 P3:0.09186 P4:0.091865 STATE:IDLE
[2026-05-16 15:03:25Z] CHK MOM:0.01% RANGE:0.02% UP:50% SPREAD:0.01088613% BID:0.09186 ASK:0.09187 MID:0.091865 P1:0.091865 P2:0.09186 P3:0.09186 P4:0.091865 STATE:IDLE
[2026-05-16 15:03:25Z] CHK MOM:0.02% RANGE:0.03% UP:57.14% SPREAD:0.01088494% BID:0.09187 ASK:0.09188 MID:0.091875 P1:0.091875 P2:0.091865 P3:0.09186 P4:0.09186 STATE:IDLE
[2026-05-16 15:03:26Z] CHK MOM:0.02% RANGE:0.03% UP:57.14% SPREAD:0.02177226% BID:0.09186 ASK:0.09188 MID:0.09187 P1:0.09187 P2:0.091875 P3:0.091865 P4:0.09186 STATE:IDLE
[2026-05-16 15:03:27Z] CHK MOM:0.02% RANGE:0.03% UP:50% SPREAD:0.02177226% BID:0.09186 ASK:0.09188 MID:0.09187 P1:0.09187 P2:0.09187 P3:0.091875 P4:0.091865 STATE:IDLE
[2026-05-16 15:03:27Z] CHK MOM:0.02% RANGE:0.03% UP:50% SPREAD:0.02177226% BID:0.09186 ASK:0.09188 MID:0.09187 P1:0.09187 P2:0.09187 P3:0.091875 P4:0.091865 STATE:IDLE
[2026-05-16 15:03:28Z] CHK MOM:0.02% RANGE:0.03% UP:50% SPREAD:0.02177226% BID:0.09186 ASK:0.09188 MID:0.09187 P1:0.09187 P2:0.09187 P3:0.091875 P4:0.091865 STATE:IDLE
[2026-05-16 15:03:28Z] CHK MOM:0.02% RANGE:0.03% UP:50% SPREAD:0.02177226% BID:0.09186 ASK:0.09188 MID:0.09187 P1:0.09187 P2:0.09187 P3:0.091875 P4:0.091865 STATE:IDLE
[2026-05-16 15:03:29Z] CHK MOM:0% RANGE:0.01% UP:28.57% SPREAD:0.01088613% BID:0.09186 ASK:0.09187 MID:0.091865 P1:0.091865 P2:0.09187 P3:0.09187 P4:0.091875 STATE:IDLE
[2026-05-16 15:03:29Z] CHK MOM:0.01% RANGE:0.01% UP:37.5% SPREAD:0.01088494% BID:0.09187 ASK:0.09188 MID:0.091875 P1:0.091875 P2:0.091865 P3:0.09187 P4:0.09187 STATE:IDLE
[2026-05-16 15:03:30Z] CHK MOM:0.01% RANGE:0.01% UP:37.5% SPREAD:0.01088494% BID:0.09187 ASK:0.09188 MID:0.091875 P1:0.091875 P2:0.091865 P3:0.09187 P4:0.09187 STATE:IDLE
[2026-05-16 15:03:30Z] CHK MOM:0.01% RANGE:0.01% UP:37.5% SPREAD:0.01088494% BID:0.09187 ASK:0.09188 MID:0.091875 P1:0.091875 P2:0.091865 P3:0.09187 P4:0.09187 STATE:IDLE
[2026-05-16 15:03:31Z] CHK MOM:0.01% RANGE:0.01% UP:37.5% SPREAD:0.01088494% BID:0.09187 ASK:0.09188 MID:0.091875 P1:0.091875 P2:0.091865 P3:0.09187 P4:0.09187 STATE:IDLE
[2026-05-16 15:03:31Z] CHK MOM:0.01% RANGE:0.01% UP:37.5% SPREAD:0.01088494% BID:0.09187 ASK:0.09188 MID:0.091875 P1:0.091875 P2:0.091865 P3:0.09187 P4:0.09187 STATE:IDLE
[2026-05-16 15:03:32Z] CHK MOM:0.01% RANGE:0.01% UP:37.5% SPREAD:0.01088494% BID:0.09187 ASK:0.09188 MID:0.091875 P1:0.091875 P2:0.091865 P3:0.09187 P4:0.09187 STATE:IDLE
[2026-05-16 15:03:36Z] CHK MOM:0.01% RANGE:0.01% UP:33.33% SPREAD:0.01088494% BID:0.09187 ASK:0.09188 MID:0.091875 P1:0.091875 P2:0.091875 P3:0.091865 P4:0.09187 STATE:IDLE
[2026-05-16 15:03:37Z] CHK MOM:0.01% RANGE:0.01% UP:33.33% SPREAD:0.01088494% BID:0.09187 ASK:0.09188 MID:0.091875 P1:0.091875 P2:0.091875 P3:0.091865 P4:0.09187 STATE:IDLE
[2026-05-16 15:03:38Z] CHK MOM:0.01% RANGE:0.01% UP:33.33% SPREAD:0.01088494% BID:0.09187 ASK:0.09188 MID:0.091875 P1:0.091875 P2:0.091875 P3:0.091865 P4:0.09187 STATE:IDLE
[2026-05-16 15:03:38Z] CHK MOM:0.01% RANGE:0.01% UP:33.33% SPREAD:0.01088494% BID:0.09187 ASK:0.09188 MID:0.091875 P1:0.091875 P2:0.091875 P3:0.091865 P4:0.09187 STATE:IDLE
[2026-05-16 15:03:39Z] CHK MOM:0.01% RANGE:0.01% UP:33.33% SPREAD:0.01088494% BID:0.09187 ASK:0.09188 MID:0.091875 P1:0.091875 P2:0.091875 P3:0.091865 P4:0.09187 STATE:IDLE
[2026-05-16 15:03:47Z] CHK MOM:0% RANGE:0% UP:100% SPREAD:0.02176989% BID:0.09187 ASK:0.09189 MID:0.09187999 P1:0.09187999 P2:0.091875 P3:0.091875 P4:0.091865 STATE:IDLE
[2026-05-16 15:03:47Z] CHK MOM:0% RANGE:0% UP:50% SPREAD:0.01088494% BID:0.09187 ASK:0.09188 MID:0.091875 P1:0.091875 P2:0.09187999 P3:0.091875 P4:0.091875 STATE:IDLE
[2026-05-16 15:03:48Z] CHK MOM:0% RANGE:0% UP:50% SPREAD:0.01088494% BID:0.09187 ASK:0.09188 MID:0.091875 P1:0.091875 P2:0.09187999 P3:0.091875 P4:0.091875 STATE:IDLE
[2026-05-16 15:03:48Z] CHK MOM:0% RANGE:0% UP:0% SPREAD:0.01088494% BID:0.09187 ASK:0.09188 MID:0.091875 P1:0.091875 P2:0.091875 P3:0.09187999 P4:0.091875 STATE:IDLE
[2026-05-16 15:03:49Z] CHK MOM:0% RANGE:0% UP:0% SPREAD:0.01088494% BID:0.09187 ASK:0.09188 MID:0.091875 P1:0.091875 P2:0.091875 P3:0.09187999 P4:0.091875 STATE:IDLE
[2026-05-16 15:03:49Z] CHK MOM:0% RANGE:0% UP:0% SPREAD:0.01088494% BID:0.09187 ASK:0.09188 MID:0.091875 P1:0.091875 P2:0.091875 P3:0.09187999 P4:0.091875 STATE:IDLE
[2026-05-16 15:03:50Z] CHK MOM:0% RANGE:0% UP:0% SPREAD:0.01088494% BID:0.09187 ASK:0.09188 MID:0.091875 P1:0.091875 P2:0.091875 P3:0.09187999 P4:0.091875 STATE:IDLE
[2026-05-16 15:03:50Z] CHK MOM:0% RANGE:0% UP:0% SPREAD:0.01088494% BID:0.09187 ASK:0.09188 MID:0.091875 P1:0.091875 P2:0.091875 P3:0.09187999 P4:0.091875 STATE:IDLE
[2026-05-16 15:03:51Z] CHK MOM:0% RANGE:0% UP:0% SPREAD:0.01088494% BID:0.09187 ASK:0.09188 MID:0.091875 P1:0.091875 P2:0.091875 P3:0.091875 P4:0.09187999 STATE:IDLE
[2026-05-16 15:03:51Z] CHK MOM:0% RANGE:0% UP:0% SPREAD:0.01088494% BID:0.09187 ASK:0.09188 MID:0.091875 P1:0.091875 P2:0.091875 P3:0.091875 P4:0.09187999 STATE:IDLE
[2026-05-16 15:03:52Z] CHK MOM:0% RANGE:0% UP:0% SPREAD:0.01088494% BID:0.09187 ASK:0.09188 MID:0.091875 P1:0.091875 P2:0.091875 P3:0.091875 P4:0.09187999 STATE:IDLE
[2026-05-16 15:03:53Z] CHK MOM:0% RANGE:0% UP:0% SPREAD:0.01088494% BID:0.09187 ASK:0.09188 MID:0.091875 P1:0.091875 P2:0.091875 P3:0.091875 P4:0.09187999 STATE:IDLE
[2026-05-16 15:03:53Z] CHK MOM:0% RANGE:0% UP:0% SPREAD:0.01088494% BID:0.09187 ASK:0.09188 MID:0.091875 P1:0.091875 P2:0.091875 P3:0.091875 P4:0.09187999 STATE:IDLE
[2026-05-16 15:03:56Z] CHK MOM:0% RANGE:0% UP:25% SPREAD:0.02176989% BID:0.09187 ASK:0.09189 MID:0.09187999 P1:0.09187999 P2:0.091875 P3:0.091875 P4:0.091875 STATE:IDLE
[2026-05-16 15:03:57Z] CHK MOM:0% RANGE:0% UP:20% SPREAD:0.01088494% BID:0.09187 ASK:0.09188 MID:0.091875 P1:0.091875 P2:0.09187999 P3:0.091875 P4:0.091875 STATE:IDLE
[2026-05-16 15:03:58Z] CHK MOM:0% RANGE:0% UP:16.66% SPREAD:0.01088494% BID:0.09187 ASK:0.09188 MID:0.091875 P1:0.091875 P2:0.091875 P3:0.09187999 P4:0.091875 STATE:IDLE
[2026-05-16 15:03:58Z] CHK MOM:0% RANGE:0% UP:16.66% SPREAD:0.01088494% BID:0.09187 ASK:0.09188 MID:0.091875 P1:0.091875 P2:0.091875 P3:0.09187999 P4:0.091875 STATE:IDLE
[2026-05-16 15:03:59Z] CHK MOM:0.03% RANGE:0.03% UP:33.33% SPREAD:0.02176278% BID:0.0919 ASK:0.09192 MID:0.09190999 P1:0.09190999 P2:0.091875 P3:0.091875 P4:0.09187999 STATE:IDLE
[2026-05-16 15:03:59Z] CHK MOM:0.03% RANGE:0.03% UP:28.57% SPREAD:0.02176278% BID:0.0919 ASK:0.09192 MID:0.09190999 P1:0.09190999 P2:0.09190999 P3:0.091875 P4:0.091875 STATE:IDLE
[2026-05-16 15:04:00Z] CHK MOM:0.03% RANGE:0.03% UP:28.57% SPREAD:0.02176278% BID:0.0919 ASK:0.09192 MID:0.09190999 P1:0.09190999 P2:0.09190999 P3:0.091875 P4:0.091875 STATE:IDLE
[2026-05-16 15:04:00Z] CHK MOM:0.03% RANGE:0.03% UP:28.57% SPREAD:0.02176278% BID:0.0919 ASK:0.09192 MID:0.09190999 P1:0.09190999 P2:0.09190999 P3:0.091875 P4:0.091875 STATE:IDLE
[2026-05-16 15:04:01Z] CHK MOM:0.03% RANGE:0.03% UP:33.33% SPREAD:0.02176278% BID:0.0919 ASK:0.09192 MID:0.09190999 P1:0.09190999 P2:0.09190999 P3:0.09190999 P4:0.091875 STATE:IDLE
[2026-05-16 15:04:01Z] CHK MOM:0.03% RANGE:0.03% UP:33.33% SPREAD:0.02176278% BID:0.0919 ASK:0.09192 MID:0.09190999 P1:0.09190999 P2:0.09190999 P3:0.09190999 P4:0.091875 STATE:IDLE
[2026-05-16 15:04:02Z] CHK MOM:0.03% RANGE:0.03% UP:28.57% SPREAD:0.02176278% BID:0.0919 ASK:0.09192 MID:0.09190999 P1:0.09190999 P2:0.09190999 P3:0.09190999 P4:0.09190999 STATE:IDLE
[2026-05-16 15:04:03Z] CHK MOM:0.04% RANGE:0.04% UP:37.5% SPREAD:0.02176041% BID:0.09191 ASK:0.09193 MID:0.09192 P1:0.09192 P2:0.09190999 P3:0.09190999 P4:0.09190999 STATE:IDLE
[2026-05-16 15:04:04Z] CHK MOM:0.04% RANGE:0.04% UP:37.5% SPREAD:0.02176041% BID:0.09191 ASK:0.09193 MID:0.09192 P1:0.09192 P2:0.09190999 P3:0.09190999 P4:0.09190999 STATE:IDLE
[2026-05-16 15:04:04Z] CHK MOM:0.04% RANGE:0.04% UP:37.5% SPREAD:0.02176041% BID:0.09191 ASK:0.09193 MID:0.09192 P1:0.09192 P2:0.09190999 P3:0.09190999 P4:0.09190999 STATE:IDLE
[2026-05-16 15:04:05Z] CHK MOM:0.04% RANGE:0.04% UP:37.5% SPREAD:0.02176041% BID:0.09191 ASK:0.09193 MID:0.09192 P1:0.09192 P2:0.09190999 P3:0.09190999 P4:0.09190999 STATE:IDLE
[2026-05-16 15:04:05Z] CHK MOM:0.03% RANGE:0.04% UP:25% SPREAD:0.03264417% BID:0.0919 ASK:0.09193 MID:0.091915 P1:0.091915 P2:0.09192 P3:0.09190999 P4:0.09190999 STATE:IDLE
[2026-05-16 15:04:06Z] CHK MOM:0.03% RANGE:0.04% UP:25% SPREAD:0.03264417% BID:0.0919 ASK:0.09193 MID:0.091915 P1:0.091915 P2:0.09192 P3:0.09190999 P4:0.09190999 STATE:IDLE
[2026-05-16 15:04:06Z] CHK MOM:0.03% RANGE:0.04% UP:22.22% SPREAD:0.02176278% BID:0.0919 ASK:0.09192 MID:0.09190999 P1:0.09190999 P2:0.091915 P3:0.09192 P4:0.09190999 STATE:IDLE
[2026-05-16 15:04:07Z] CHK MOM:0.04% RANGE:0.04% UP:30% SPREAD:0.02176041% BID:0.09191 ASK:0.09193 MID:0.09192 P1:0.09192 P2:0.09190999 P3:0.091915 P4:0.09192 STATE:IDLE
[2026-05-16 15:04:07Z] CHK MOM:0.04% RANGE:0.04% UP:27.27% SPREAD:0.02176041% BID:0.09191 ASK:0.09193 MID:0.09192 P1:0.09192 P2:0.09192 P3:0.09190999 P4:0.091915 STATE:IDLE
[2026-05-16 15:04:08Z] CHK MOM:0.04% RANGE:0.04% UP:25% SPREAD:0.02176041% BID:0.09191 ASK:0.09193 MID:0.09192 P1:0.09192 P2:0.09192 P3:0.09192 P4:0.09190999 STATE:IDLE
[2026-05-16 15:04:09Z] CHK MOM:0.04% RANGE:0.04% UP:23.07% SPREAD:0.02176041% BID:0.09191 ASK:0.09193 MID:0.09192 P1:0.09192 P2:0.09192 P3:0.09192 P4:0.09192 STATE:IDLE
[2026-05-16 15:04:09Z] CHK MOM:0.04% RANGE:0.04% UP:23.07% SPREAD:0.02176041% BID:0.09191 ASK:0.09193 MID:0.09192 P1:0.09192 P2:0.09192 P3:0.09192 P4:0.09192 STATE:IDLE
[2026-05-16 15:04:10Z] CHK MOM:0.04% RANGE:0.04% UP:23.07% SPREAD:0.02176041% BID:0.09191 ASK:0.09193 MID:0.09192 P1:0.09192 P2:0.09192 P3:0.09192 P4:0.09192 STATE:IDLE
[2026-05-16 15:04:10Z] CHK MOM:0.04% RANGE:0.04% UP:23.07% SPREAD:0.02176041% BID:0.09191 ASK:0.09193 MID:0.09192 P1:0.09192 P2:0.09192 P3:0.09192 P4:0.09192 STATE:IDLE
[2026-05-16 15:04:11Z] CHK MOM:0.04% RANGE:0.04% UP:23.07% SPREAD:0.02176041% BID:0.09191 ASK:0.09193 MID:0.09192 P1:0.09192 P2:0.09192 P3:0.09192 P4:0.09192 STATE:IDLE
[2026-05-16 15:04:12Z] CHK MOM:0.01% RANGE:0.01% UP:22.22% SPREAD:0.02176041% BID:0.09191 ASK:0.09193 MID:0.09192 P1:0.09192 P2:0.09192 P3:0.09192 P4:0.09192 STATE:IDLE
[2026-05-16 15:04:13Z] CHK MOM:0.01% RANGE:0.01% UP:30% SPREAD:0.03264062% BID:0.09191 ASK:0.09194 MID:0.091925 P1:0.091925 P2:0.09192 P3:0.09192 P4:0.09192 STATE:IDLE
[2026-05-16 15:04:14Z] CHK MOM:0% RANGE:0.01% UP:30% SPREAD:0.02176278% BID:0.0919 ASK:0.09192 MID:0.09190999 P1:0.09190999 P2:0.091925 P3:0.09192 P4:0.09192 STATE:IDLE
[2026-05-16 15:04:14Z] CHK MOM:0% RANGE:0.01% UP:30% SPREAD:0.03264417% BID:0.0919 ASK:0.09193 MID:0.091915 P1:0.091915 P2:0.09190999 P3:0.091925 P4:0.09192 STATE:IDLE
[2026-05-16 15:04:15Z] CHK MOM:0% RANGE:0.01% UP:30% SPREAD:0.03264417% BID:0.0919 ASK:0.09193 MID:0.091915 P1:0.091915 P2:0.09190999 P3:0.091925 P4:0.09192 STATE:IDLE
[2026-05-16 15:04:15Z] CHK MOM:0% RANGE:0.01% UP:30% SPREAD:0.03264417% BID:0.0919 ASK:0.09193 MID:0.091915 P1:0.091915 P2:0.09190999 P3:0.091925 P4:0.09192 STATE:IDLE
[2026-05-16 15:04:16Z] CHK MOM:0% RANGE:0.01% UP:30% SPREAD:0.03264417% BID:0.0919 ASK:0.09193 MID:0.091915 P1:0.091915 P2:0.09190999 P3:0.091925 P4:0.09192 STATE:IDLE
[2026-05-16 15:04:16Z] CHK MOM:0% RANGE:0.01% UP:30% SPREAD:0.02176278% BID:0.0919 ASK:0.09192 MID:0.09190999 P1:0.09190999 P2:0.091915 P3:0.09190999 P4:0.091925 STATE:IDLE
[2026-05-16 15:04:17Z] CHK MOM:0% RANGE:0.01% UP:30% SPREAD:0.02176278% BID:0.0919 ASK:0.09192 MID:0.09190999 P1:0.09190999 P2:0.091915 P3:0.09190999 P4:0.091925 STATE:IDLE
[2026-05-16 15:04:17Z] CHK MOM:0% RANGE:0.01% UP:30% SPREAD:0.02176278% BID:0.0919 ASK:0.09192 MID:0.09190999 P1:0.09190999 P2:0.091915 P3:0.09190999 P4:0.091925 STATE:IDLE
[2026-05-16 15:04:18Z] CHK MOM:0% RANGE:0.01% UP:30% SPREAD:0.02176278% BID:0.0919 ASK:0.09192 MID:0.09190999 P1:0.09190999 P2:0.091915 P3:0.09190999 P4:0.091925 STATE:IDLE
[2026-05-16 15:04:19Z] CHK MOM:0% RANGE:0.01% UP:30% SPREAD:0.02176278% BID:0.0919 ASK:0.09192 MID:0.09190999 P1:0.09190999 P2:0.09190999 P3:0.091915 P4:0.09190999 STATE:IDLE
[2026-05-16 15:04:19Z] CHK MOM:0% RANGE:0.01% UP:30% SPREAD:0.02176278% BID:0.0919 ASK:0.09192 MID:0.09190999 P1:0.09190999 P2:0.09190999 P3:0.091915 P4:0.09190999 STATE:IDLE
[2026-05-16 15:04:20Z] CHK MOM:0% RANGE:0.01% UP:30% SPREAD:0.02176278% BID:0.0919 ASK:0.09192 MID:0.09190999 P1:0.09190999 P2:0.09190999 P3:0.091915 P4:0.09190999 STATE:IDLE
[2026-05-16 15:04:20Z] CHK MOM:0% RANGE:0.01% UP:50% SPREAD:0.0108802% BID:0.09191 ASK:0.09192 MID:0.091915 P1:0.091915 P2:0.09190999 P3:0.09190999 P4:0.091915 STATE:IDLE
[2026-05-16 15:04:21Z] CHK MOM:0% RANGE:0.01% UP:50% SPREAD:0.0108802% BID:0.09191 ASK:0.09192 MID:0.091915 P1:0.091915 P2:0.09190999 P3:0.09190999 P4:0.091915 STATE:IDLE
[2026-05-16 15:04:21Z] CHK MOM:0% RANGE:0.01% UP:50% SPREAD:0.0108802% BID:0.09191 ASK:0.09192 MID:0.091915 P1:0.091915 P2:0.09190999 P3:0.09190999 P4:0.091915 STATE:IDLE
[2026-05-16 15:04:22Z] CHK MOM:0% RANGE:0.01% UP:42.85% SPREAD:0.0108802% BID:0.09191 ASK:0.09192 MID:0.091915 P1:0.091915 P2:0.091915 P3:0.09190999 P4:0.09190999 STATE:IDLE
[2026-05-16 15:04:22Z] CHK MOM:0% RANGE:0.01% UP:37.5% SPREAD:0.0108802% BID:0.09191 ASK:0.09192 MID:0.091915 P1:0.091915 P2:0.091915 P3:0.091915 P4:0.09190999 STATE:IDLE
[2026-05-16 15:04:23Z] CHK MOM:0% RANGE:0.01% UP:37.5% SPREAD:0.0108802% BID:0.09191 ASK:0.09192 MID:0.091915 P1:0.091915 P2:0.091915 P3:0.091915 P4:0.09190999 STATE:IDLE
[2026-05-16 15:04:23Z] CHK MOM:0% RANGE:0.01% UP:33.33% SPREAD:0.0108802% BID:0.09191 ASK:0.09192 MID:0.091915 P1:0.091915 P2:0.091915 P3:0.091915 P4:0.091915 STATE:IDLE
[2026-05-16 15:04:25Z] CHK MOM:0% RANGE:0.01% UP:33.33% SPREAD:0.0108802% BID:0.09191 ASK:0.09192 MID:0.091915 P1:0.091915 P2:0.091915 P3:0.091915 P4:0.091915 STATE:IDLE
[2026-05-16 15:04:25Z] CHK MOM:0% RANGE:0.01% UP:33.33% SPREAD:0.0108802% BID:0.09191 ASK:0.09192 MID:0.091915 P1:0.091915 P2:0.091915 P3:0.091915 P4:0.091915 STATE:IDLE
[2026-05-16 15:04:26Z] CHK MOM:0% RANGE:0% UP:14.28% SPREAD:0.0108802% BID:0.09191 ASK:0.09192 MID:0.091915 P1:0.091915 P2:0.091915 P3:0.091915 P4:0.091915 STATE:IDLE
[2026-05-16 15:04:26Z] CHK MOM:0% RANGE:0% UP:14.28% SPREAD:0.0108802% BID:0.09191 ASK:0.09192 MID:0.091915 P1:0.091915 P2:0.091915 P3:0.091915 P4:0.091915 STATE:IDLE
[2026-05-16 15:04:27Z] CHK MOM:0% RANGE:0% UP:14.28% SPREAD:0.0108802% BID:0.09191 ASK:0.09192 MID:0.091915 P1:0.091915 P2:0.091915 P3:0.091915 P4:0.091915 STATE:IDLE
[2026-05-16 15:04:27Z] CHK MOM:0.01% RANGE:0.01% UP:25% SPREAD:0.02176041% BID:0.09191 ASK:0.09193 MID:0.09192 P1:0.09192 P2:0.091915 P3:0.091915 P4:0.091915 STATE:IDLE
[2026-05-16 15:04:28Z] CHK MOM:0% RANGE:0.01% UP:22.22% SPREAD:0.0108802% BID:0.09191 ASK:0.09192 MID:0.091915 P1:0.091915 P2:0.09192 P3:0.091915 P4:0.091915 STATE:IDLE
[2026-05-16 15:04:28Z] CHK MOM:0% RANGE:0.01% UP:22.22% SPREAD:0.0108802% BID:0.09191 ASK:0.09192 MID:0.091915 P1:0.091915 P2:0.09192 P3:0.091915 P4:0.091915 STATE:IDLE
[2026-05-16 15:04:29Z] CHK MOM:0% RANGE:0.01% UP:22.22% SPREAD:0.0108802% BID:0.09191 ASK:0.09192 MID:0.091915 P1:0.091915 P2:0.09192 P3:0.091915 P4:0.091915 STATE:IDLE
[2026-05-16 15:04:30Z] CHK MOM:0% RANGE:0.01% UP:22.22% SPREAD:0.0108802% BID:0.09191 ASK:0.09192 MID:0.091915 P1:0.091915 P2:0.09192 P3:0.091915 P4:0.091915 STATE:IDLE
[2026-05-16 15:04:30Z] CHK MOM:0% RANGE:0% UP:12.5% SPREAD:0.0108802% BID:0.09191 ASK:0.09192 MID:0.091915 P1:0.091915 P2:0.091915 P3:0.09192 P4:0.091915 STATE:IDLE
[2026-05-16 15:04:31Z] CHK MOM:0% RANGE:0% UP:12.5% SPREAD:0.0108802% BID:0.09191 ASK:0.09192 MID:0.091915 P1:0.091915 P2:0.091915 P3:0.09192 P4:0.091915 STATE:IDLE
[2026-05-16 15:04:31Z] CHK MOM:0% RANGE:0% UP:12.5% SPREAD:0.0108802% BID:0.09191 ASK:0.09192 MID:0.091915 P1:0.091915 P2:0.091915 P3:0.09192 P4:0.091915 STATE:IDLE
[2026-05-16 15:04:32Z] CHK MOM:0% RANGE:0% UP:12.5% SPREAD:0.0108802% BID:0.09191 ASK:0.09192 MID:0.091915 P1:0.091915 P2:0.091915 P3:0.09192 P4:0.091915 STATE:IDLE
[2026-05-16 15:04:32Z] CHK MOM:0% RANGE:0% UP:12.5% SPREAD:0.0108802% BID:0.09191 ASK:0.09192 MID:0.091915 P1:0.091915 P2:0.091915 P3:0.09192 P4:0.091915 STATE:IDLE
[2026-05-16 15:04:33Z] CHK MOM:0% RANGE:0% UP:12.5% SPREAD:0.0108802% BID:0.09191 ASK:0.09192 MID:0.091915 P1:0.091915 P2:0.091915 P3:0.09192 P4:0.091915 STATE:IDLE
[2026-05-16 15:04:38Z] CHK MOM:0% RANGE:0% UP:20% SPREAD:0.0108802% BID:0.09191 ASK:0.09192 MID:0.091915 P1:0.091915 P2:0.091915 P3:0.091915 P4:0.09192 STATE:IDLE
[2026-05-16 15:04:39Z] CHK MOM:0% RANGE:0% UP:20% SPREAD:0.0108802% BID:0.09191 ASK:0.09192 MID:0.091915 P1:0.091915 P2:0.091915 P3:0.091915 P4:0.09192 STATE:IDLE
[2026-05-16 15:04:39Z] CHK MOM:0% RANGE:0% UP:20% SPREAD:0.0108802% BID:0.09191 ASK:0.09192 MID:0.091915 P1:0.091915 P2:0.091915 P3:0.091915 P4:0.09192 STATE:IDLE
[2026-05-16 15:04:40Z] CHK MOM:0% RANGE:0% UP:20% SPREAD:0.0108802% BID:0.09191 ASK:0.09192 MID:0.091915 P1:0.091915 P2:0.091915 P3:0.091915 P4:0.09192 STATE:IDLE
[2026-05-16 15:04:40Z] CHK MOM:0% RANGE:0% UP:20% SPREAD:0.0108802% BID:0.09191 ASK:0.09192 MID:0.091915 P1:0.091915 P2:0.091915 P3:0.091915 P4:0.09192 STATE:IDLE
[2026-05-16 15:04:42Z] CHK MOM:0% RANGE:0% UP:50% SPREAD:0.02176041% BID:0.09191 ASK:0.09193 MID:0.09192 P1:0.09192 P2:0.091915 P3:0.091915 P4:0.091915 STATE:IDLE
[2026-05-16 15:04:42Z] CHK MOM:0% RANGE:0% UP:33.33% SPREAD:0.02176041% BID:0.09191 ASK:0.09193 MID:0.09192 P1:0.09192 P2:0.09192 P3:0.091915 P4:0.091915 STATE:IDLE
[2026-05-16 15:04:43Z] CHK MOM:0% RANGE:0% UP:33.33% SPREAD:0.02176041% BID:0.09191 ASK:0.09193 MID:0.09192 P1:0.09192 P2:0.09192 P3:0.09192 P4:0.091915 STATE:IDLE
[2026-05-16 15:04:44Z] CHK MOM:0% RANGE:0% UP:33.33% SPREAD:0.02176041% BID:0.09191 ASK:0.09193 MID:0.09192 P1:0.09192 P2:0.09192 P3:0.09192 P4:0.091915 STATE:IDLE
[2026-05-16 15:04:44Z] CHK MOM:0% RANGE:0% UP:33.33% SPREAD:0.02176041% BID:0.09191 ASK:0.09193 MID:0.09192 P1:0.09192 P2:0.09192 P3:0.09192 P4:0.091915 STATE:IDLE
[2026-05-16 15:04:45Z] CHK MOM:0% RANGE:0% UP:33.33% SPREAD:0.02176041% BID:0.09191 ASK:0.09193 MID:0.09192 P1:0.09192 P2:0.09192 P3:0.09192 P4:0.091915 STATE:IDLE
[2026-05-16 15:04:45Z] CHK MOM:0% RANGE:0% UP:33.33% SPREAD:0.02176041% BID:0.09191 ASK:0.09193 MID:0.09192 P1:0.09192 P2:0.09192 P3:0.09192 P4:0.091915 STATE:IDLE
[2026-05-16 15:04:47Z] CHK MOM:0% RANGE:0% UP:25% SPREAD:0.0108802% BID:0.09191 ASK:0.09192 MID:0.091915 P1:0.091915 P2:0.09192 P3:0.09192 P4:0.09192 STATE:IDLE
[2026-05-16 15:04:47Z] CHK MOM:0% RANGE:0% UP:25% SPREAD:0.0108802% BID:0.09191 ASK:0.09192 MID:0.091915 P1:0.091915 P2:0.09192 P3:0.09192 P4:0.09192 STATE:IDLE
[2026-05-16 15:04:48Z] CHK MOM:0% RANGE:0% UP:20% SPREAD:0.0108802% BID:0.09191 ASK:0.09192 MID:0.091915 P1:0.091915 P2:0.091915 P3:0.09192 P4:0.09192 STATE:IDLE
[2026-05-16 15:04:49Z] CHK MOM:0% RANGE:0% UP:20% SPREAD:0.0108802% BID:0.09191 ASK:0.09192 MID:0.091915 P1:0.091915 P2:0.091915 P3:0.09192 P4:0.09192 STATE:IDLE
[2026-05-16 15:04:49Z] CHK MOM:0% RANGE:0% UP:20% SPREAD:0.0108802% BID:0.09191 ASK:0.09192 MID:0.091915 P1:0.091915 P2:0.091915 P3:0.09192 P4:0.09192 STATE:IDLE
[2026-05-16 15:04:50Z] CHK MOM:0% RANGE:0% UP:20% SPREAD:0.0108802% BID:0.09191 ASK:0.09192 MID:0.091915 P1:0.091915 P2:0.091915 P3:0.09192 P4:0.09192 STATE:IDLE
[2026-05-16 15:04:50Z] CHK MOM:0% RANGE:0% UP:20% SPREAD:0.0108802% BID:0.09191 ASK:0.09192 MID:0.091915 P1:0.091915 P2:0.091915 P3:0.09192 P4:0.09192 STATE:IDLE
[2026-05-16 15:04:52Z] CHK MOM:0% RANGE:0% UP:0% SPREAD:0.0108802% BID:0.09191 ASK:0.09192 MID:0.091915 P1:0.091915 P2:0.091915 P3:0.091915 P4:0.09192 STATE:IDLE
[2026-05-16 15:04:53Z] CHK MOM:0% RANGE:0% UP:0% SPREAD:0.0108802% BID:0.09191 ASK:0.09192 MID:0.091915 P1:0.091915 P2:0.091915 P3:0.091915 P4:0.09192 STATE:IDLE
[2026-05-16 15:04:54Z] CHK MOM:0% RANGE:0% UP:0% SPREAD:0.0108802% BID:0.09191 ASK:0.09192 MID:0.091915 P1:0.091915 P2:0.091915 P3:0.091915 P4:0.09192 STATE:IDLE
[2026-05-16 15:04:54Z] TOKEN_SWITCH old=HBARUSDC new=TONUSDC source=.service.env
[2026-05-16 16:25:01Z] SESSION_START symbol=HBARUSDC dry_run=0 profile=major strategy=momentum base_url=https://api.binance.com
[2026-05-16 16:25:01Z] TOXIC_MEMORY_LOADED count=1 symbols=ORDIUSDC
[2026-05-16 16:25:04Z] CHK MOM:0% RANGE:0% UP:0% SPREAD:0.01089561% BID:0.09178 ASK:0.09179 MID:0.091785 P1:0.091785 P2:NA P3:NA P4:NA STATE:IDLE
[2026-05-16 16:25:04Z] CHK MOM:0% RANGE:0% UP:0% SPREAD:0.01089561% BID:0.09178 ASK:0.09179 MID:0.091785 P1:0.091785 P2:0.091785 P3:NA P4:NA STATE:IDLE
[2026-05-16 16:25:05Z] CHK MOM:0% RANGE:0% UP:0% SPREAD:0.01089561% BID:0.09178 ASK:0.09179 MID:0.091785 P1:0.091785 P2:0.091785 P3:NA P4:NA STATE:IDLE
[2026-05-16 16:25:05Z] CHK MOM:0% RANGE:0% UP:0% SPREAD:0.01089561% BID:0.09178 ASK:0.09179 MID:0.091785 P1:0.091785 P2:0.091785 P3:NA P4:NA STATE:IDLE
[2026-05-16 16:25:06Z] CHK MOM:-0.02% RANGE:0.02% UP:0% SPREAD:0.01089799% BID:0.09176 ASK:0.09177 MID:0.091765 P1:0.091765 P2:0.091785 P3:0.091785 P4:NA STATE:IDLE
[2026-05-16 16:25:06Z] CHK MOM:-0.02% RANGE:0.02% UP:0% SPREAD:0.01089799% BID:0.09176 ASK:0.09177 MID:0.091765 P1:0.091765 P2:0.091785 P3:0.091785 P4:NA STATE:IDLE
[2026-05-16 16:25:07Z] CHK MOM:-0.02% RANGE:0.02% UP:0% SPREAD:0.01089799% BID:0.09176 ASK:0.09177 MID:0.091765 P1:0.091765 P2:0.091765 P3:0.091785 P4:0.091785 STATE:IDLE
[2026-05-16 16:25:07Z] CHK MOM:-0.02% RANGE:0.02% UP:0% SPREAD:0.01089799% BID:0.09176 ASK:0.09177 MID:0.091765 P1:0.091765 P2:0.091765 P3:0.091785 P4:0.091785 STATE:IDLE
[2026-05-16 16:25:08Z] CHK MOM:-0.02% RANGE:0.02% UP:0% SPREAD:0.01089799% BID:0.09176 ASK:0.09177 MID:0.091765 P1:0.091765 P2:0.091765 P3:0.091765 P4:0.091785 STATE:IDLE
[2026-05-16 16:25:08Z] CHK MOM:-0.02% RANGE:0.02% UP:0% SPREAD:0.01089799% BID:0.09176 ASK:0.09177 MID:0.091765 P1:0.091765 P2:0.091765 P3:0.091765 P4:0.091785 STATE:IDLE
[2026-05-16 16:25:09Z] CHK MOM:-0.02% RANGE:0.02% UP:0% SPREAD:0.01089799% BID:0.09176 ASK:0.09177 MID:0.091765 P1:0.091765 P2:0.091765 P3:0.091765 P4:0.091785 STATE:IDLE
[2026-05-16 16:25:10Z] CHK MOM:-0.02% RANGE:0.02% UP:0% SPREAD:0.01089799% BID:0.09176 ASK:0.09177 MID:0.091765 P1:0.091765 P2:0.091765 P3:0.091765 P4:0.091785 STATE:IDLE
[2026-05-16 16:25:10Z] CHK MOM:-0.02% RANGE:0.02% UP:0% SPREAD:0.01089799% BID:0.09176 ASK:0.09177 MID:0.091765 P1:0.091765 P2:0.091765 P3:0.091765 P4:0.091785 STATE:IDLE
[2026-05-16 16:25:16Z] CHK MOM:-0.02% RANGE:0.02% UP:0% SPREAD:0.02179836% BID:0.09175 ASK:0.09177 MID:0.09176 P1:0.09176 P2:0.091765 P3:0.091765 P4:0.091765 STATE:IDLE
[2026-05-16 16:25:17Z] CHK MOM:-0.02% RANGE:0.02% UP:0% SPREAD:0.02179836% BID:0.09175 ASK:0.09177 MID:0.09176 P1:0.09176 P2:0.091765 P3:0.091765 P4:0.091765 STATE:IDLE
[2026-05-16 16:25:17Z] CHK MOM:-0.02% RANGE:0.02% UP:0% SPREAD:0.02179836% BID:0.09175 ASK:0.09177 MID:0.09176 P1:0.09176 P2:0.091765 P3:0.091765 P4:0.091765 STATE:IDLE
[2026-05-16 16:25:18Z] CHK MOM:-0.02% RANGE:0.02% UP:0% SPREAD:0.02179836% BID:0.09175 ASK:0.09177 MID:0.09176 P1:0.09176 P2:0.091765 P3:0.091765 P4:0.091765 STATE:IDLE
[2026-05-16 16:25:18Z] CHK MOM:-0.02% RANGE:0.02% UP:0% SPREAD:0.02179836% BID:0.09175 ASK:0.09177 MID:0.09176 P1:0.09176 P2:0.091765 P3:0.091765 P4:0.091765 STATE:IDLE
[2026-05-16 16:25:19Z] CHK MOM:0% RANGE:0% UP:0% SPREAD:0.02179836% BID:0.09175 ASK:0.09177 MID:0.09176 P1:0.09176 P2:0.09176 P3:0.091765 P4:0.091765 STATE:IDLE
[2026-05-16 16:25:19Z] CHK MOM:-0.01% RANGE:0.01% UP:0% SPREAD:0.01089918% BID:0.09175 ASK:0.09176 MID:0.091755 P1:0.091755 P2:0.09176 P3:0.09176 P4:0.091765 STATE:IDLE
[2026-05-16 16:25:20Z] CHK MOM:-0.01% RANGE:0.01% UP:0% SPREAD:0.01089918% BID:0.09175 ASK:0.09176 MID:0.091755 P1:0.091755 P2:0.09176 P3:0.09176 P4:0.091765 STATE:IDLE
[2026-05-16 16:25:20Z] CHK MOM:-0.01% RANGE:0.01% UP:0% SPREAD:0.01090037% BID:0.09174 ASK:0.09175 MID:0.091745 P1:0.091745 P2:0.091755 P3:0.09176 P4:0.09176 STATE:IDLE
[2026-05-16 16:25:21Z] CHK MOM:-0.01% RANGE:0.01% UP:0% SPREAD:0.01090037% BID:0.09174 ASK:0.09175 MID:0.091745 P1:0.091745 P2:0.091755 P3:0.09176 P4:0.09176 STATE:IDLE
[2026-05-16 16:25:22Z] CHK MOM:-0.01% RANGE:0.01% UP:0% SPREAD:0.01090037% BID:0.09174 ASK:0.09175 MID:0.091745 P1:0.091745 P2:0.091755 P3:0.09176 P4:0.09176 STATE:IDLE
[2026-05-16 16:25:22Z] CHK MOM:-0.01% RANGE:0.01% UP:0% SPREAD:0.01090037% BID:0.09174 ASK:0.09175 MID:0.091745 P1:0.091745 P2:0.091755 P3:0.09176 P4:0.09176 STATE:IDLE
[2026-05-16 16:25:23Z] CHK MOM:0% RANGE:0.01% UP:25% SPREAD:0.01089918% BID:0.09175 ASK:0.09176 MID:0.091755 P1:0.091755 P2:0.091745 P3:0.091755 P4:0.09176 STATE:IDLE
[2026-05-16 16:25:23Z] CHK MOM:0% RANGE:0.01% UP:25% SPREAD:0.01089918% BID:0.09175 ASK:0.09176 MID:0.091755 P1:0.091755 P2:0.091745 P3:0.091755 P4:0.09176 STATE:IDLE
[2026-05-16 16:25:24Z] CHK MOM:0% RANGE:0.01% UP:25% SPREAD:0.01089918% BID:0.09175 ASK:0.09176 MID:0.091755 P1:0.091755 P2:0.091745 P3:0.091755 P4:0.09176 STATE:IDLE
[2026-05-16 16:25:24Z] CHK MOM:0% RANGE:0.01% UP:25% SPREAD:0.01089918% BID:0.09175 ASK:0.09176 MID:0.091755 P1:0.091755 P2:0.091745 P3:0.091755 P4:0.09176 STATE:IDLE
[2026-05-16 16:25:25Z] CHK MOM:0% RANGE:0.01% UP:25% SPREAD:0.01089918% BID:0.09175 ASK:0.09176 MID:0.091755 P1:0.091755 P2:0.091745 P3:0.091755 P4:0.09176 STATE:IDLE
[2026-05-16 16:25:25Z] CHK MOM:0% RANGE:0.01% UP:25% SPREAD:0.01089918% BID:0.09175 ASK:0.09176 MID:0.091755 P1:0.091755 P2:0.091745 P3:0.091755 P4:0.09176 STATE:IDLE
[2026-05-16 16:25:31Z] CHK MOM:-0.01% RANGE:0.01% UP:25% SPREAD:0.01090037% BID:0.09174 ASK:0.09175 MID:0.091745 P1:0.091745 P2:0.091755 P3:0.091745 P4:0.091755 STATE:IDLE
[2026-05-16 16:25:32Z] CHK MOM:-0.01% RANGE:0.01% UP:25% SPREAD:0.01090037% BID:0.09174 ASK:0.09175 MID:0.091745 P1:0.091745 P2:0.091755 P3:0.091745 P4:0.091755 STATE:IDLE
[2026-05-16 16:25:32Z] CHK MOM:-0.01% RANGE:0.01% UP:25% SPREAD:0.01090037% BID:0.09174 ASK:0.09175 MID:0.091745 P1:0.091745 P2:0.091755 P3:0.091745 P4:0.091755 STATE:IDLE
[2026-05-16 16:25:33Z] CHK MOM:-0.01% RANGE:0.01% UP:25% SPREAD:0.01090037% BID:0.09174 ASK:0.09175 MID:0.091745 P1:0.091745 P2:0.091755 P3:0.091745 P4:0.091755 STATE:IDLE
[2026-05-16 16:25:33Z] CHK MOM:-0.01% RANGE:0.01% UP:25% SPREAD:0.01090037% BID:0.09174 ASK:0.09175 MID:0.091745 P1:0.091745 P2:0.091755 P3:0.091745 P4:0.091755 STATE:IDLE
[2026-05-16 16:25:34Z] CHK MOM:0% RANGE:0.01% UP:50% SPREAD:0.01089918% BID:0.09175 ASK:0.09176 MID:0.091755 P1:0.091755 P2:0.091745 P3:0.091755 P4:0.091745 STATE:IDLE
[2026-05-16 16:25:34Z] CHK MOM:-0.01% RANGE:0.01% UP:33.33% SPREAD:0.01090037% BID:0.09174 ASK:0.09175 MID:0.091745 P1:0.091745 P2:0.091755 P3:0.091745 P4:0.091755 STATE:IDLE
[2026-05-16 16:25:35Z] CHK MOM:-0.01% RANGE:0.01% UP:33.33% SPREAD:0.01090037% BID:0.09174 ASK:0.09175 MID:0.091745 P1:0.091745 P2:0.091755 P3:0.091745 P4:0.091755 STATE:IDLE
[2026-05-16 16:25:35Z] CHK MOM:0% RANGE:0.01% UP:33.33% SPREAD:0.01090037% BID:0.09174 ASK:0.09175 MID:0.091745 P1:0.091745 P2:0.091745 P3:0.091755 P4:0.091745 STATE:IDLE
[2026-05-16 16:25:36Z] CHK MOM:0% RANGE:0.01% UP:33.33% SPREAD:0.01090037% BID:0.09174 ASK:0.09175 MID:0.091745 P1:0.091745 P2:0.091745 P3:0.091755 P4:0.091745 STATE:IDLE
[2026-05-16 16:25:37Z] CHK MOM:0% RANGE:0.01% UP:33.33% SPREAD:0.01090037% BID:0.09174 ASK:0.09175 MID:0.091745 P1:0.091745 P2:0.091745 P3:0.091755 P4:0.091745 STATE:IDLE
[2026-05-16 16:25:37Z] CHK MOM:0% RANGE:0.01% UP:33.33% SPREAD:0.01090037% BID:0.09174 ASK:0.09175 MID:0.091745 P1:0.091745 P2:0.091745 P3:0.091755 P4:0.091745 STATE:IDLE
[2026-05-16 16:25:38Z] CHK MOM:0% RANGE:0.01% UP:33.33% SPREAD:0.01090037% BID:0.09174 ASK:0.09175 MID:0.091745 P1:0.091745 P2:0.091745 P3:0.091755 P4:0.091745 STATE:IDLE
[2026-05-16 16:25:38Z] CHK MOM:0% RANGE:0.01% UP:25% SPREAD:0.01090037% BID:0.09174 ASK:0.09175 MID:0.091745 P1:0.091745 P2:0.091745 P3:0.091745 P4:0.091755 STATE:IDLE
[2026-05-16 16:25:39Z] CHK MOM:0% RANGE:0.01% UP:25% SPREAD:0.01090037% BID:0.09174 ASK:0.09175 MID:0.091745 P1:0.091745 P2:0.091745 P3:0.091745 P4:0.091755 STATE:IDLE
[2026-05-16 16:25:39Z] CHK MOM:0% RANGE:0.01% UP:25% SPREAD:0.01090037% BID:0.09174 ASK:0.09175 MID:0.091745 P1:0.091745 P2:0.091745 P3:0.091745 P4:0.091755 STATE:IDLE
[2026-05-16 16:25:40Z] CHK MOM:0% RANGE:0.01% UP:25% SPREAD:0.01090037% BID:0.09174 ASK:0.09175 MID:0.091745 P1:0.091745 P2:0.091745 P3:0.091745 P4:0.091755 STATE:IDLE
[2026-05-16 16:25:40Z] CHK MOM:0% RANGE:0.01% UP:25% SPREAD:0.01090037% BID:0.09174 ASK:0.09175 MID:0.091745 P1:0.091745 P2:0.091745 P3:0.091745 P4:0.091755 STATE:IDLE
[2026-05-16 16:25:41Z] CHK MOM:0% RANGE:0.01% UP:25% SPREAD:0.01090037% BID:0.09174 ASK:0.09175 MID:0.091745 P1:0.091745 P2:0.091745 P3:0.091745 P4:0.091755 STATE:IDLE
[2026-05-16 16:25:43Z] CHK MOM:0% RANGE:0.01% UP:25% SPREAD:0.01089918% BID:0.09175 ASK:0.09176 MID:0.091755 P1:0.091755 P2:0.091745 P3:0.091745 P4:0.091745 STATE:IDLE
[2026-05-16 16:25:44Z] CHK MOM:0% RANGE:0.01% UP:25% SPREAD:0.01089918% BID:0.09175 ASK:0.09176 MID:0.091755 P1:0.091755 P2:0.091745 P3:0.091745 P4:0.091745 STATE:IDLE
[2026-05-16 16:25:44Z] CHK MOM:0% RANGE:0.01% UP:25% SPREAD:0.01089918% BID:0.09175 ASK:0.09176 MID:0.091755 P1:0.091755 P2:0.091745 P3:0.091745 P4:0.091745 STATE:IDLE
[2026-05-16 16:25:45Z] CHK MOM:0% RANGE:0.01% UP:25% SPREAD:0.01089918% BID:0.09175 ASK:0.09176 MID:0.091755 P1:0.091755 P2:0.091745 P3:0.091745 P4:0.091745 STATE:IDLE
[2026-05-16 16:25:45Z] CHK MOM:0% RANGE:0.01% UP:25% SPREAD:0.01089918% BID:0.09175 ASK:0.09176 MID:0.091755 P1:0.091755 P2:0.091745 P3:0.091745 P4:0.091745 STATE:IDLE
[2026-05-16 16:25:57Z] CHK MOM:0% RANGE:0% UP:0% SPREAD:0.01089918% BID:0.09175 ASK:0.09176 MID:0.091755 P1:0.091755 P2:0.091755 P3:0.091745 P4:0.091745 STATE:IDLE
[2026-05-16 16:25:58Z] CHK MOM:0% RANGE:0% UP:0% SPREAD:0.01089918% BID:0.09175 ASK:0.09176 MID:0.091755 P1:0.091755 P2:0.091755 P3:0.091745 P4:0.091745 STATE:IDLE
[2026-05-16 16:25:58Z] CHK MOM:0% RANGE:0% UP:0% SPREAD:0.01089918% BID:0.09175 ASK:0.09176 MID:0.091755 P1:0.091755 P2:0.091755 P3:0.091745 P4:0.091745 STATE:IDLE
[2026-05-16 16:25:59Z] CHK MOM:0% RANGE:0% UP:0% SPREAD:0.01089918% BID:0.09175 ASK:0.09176 MID:0.091755 P1:0.091755 P2:0.091755 P3:0.091745 P4:0.091745 STATE:IDLE
[2026-05-16 16:25:59Z] CHK MOM:0% RANGE:0% UP:0% SPREAD:0.01089918% BID:0.09175 ASK:0.09176 MID:0.091755 P1:0.091755 P2:0.091755 P3:0.091745 P4:0.091745 STATE:IDLE
[2026-05-16 16:26:01Z] CHK MOM:0% RANGE:0% UP:0% SPREAD:0.01089918% BID:0.09175 ASK:0.09176 MID:0.091755 P1:0.091755 P2:0.091755 P3:0.091755 P4:0.091745 STATE:IDLE
[2026-05-16 16:26:01Z] CHK MOM:-0.01% RANGE:0.01% UP:0% SPREAD:0.01090037% BID:0.09174 ASK:0.09175 MID:0.091745 P1:0.091745 P2:0.091755 P3:0.091755 P4:0.091755 STATE:IDLE
[2026-05-16 16:26:02Z] CHK MOM:-0.01% RANGE:0.01% UP:0% SPREAD:0.01090037% BID:0.09174 ASK:0.09175 MID:0.091745 P1:0.091745 P2:0.091755 P3:0.091755 P4:0.091755 STATE:IDLE
[2026-05-16 16:26:03Z] CHK MOM:-0.01% RANGE:0.01% UP:0% SPREAD:0.01090037% BID:0.09174 ASK:0.09175 MID:0.091745 P1:0.091745 P2:0.091755 P3:0.091755 P4:0.091755 STATE:IDLE
[2026-05-16 16:26:03Z] CHK MOM:-0.01% RANGE:0.01% UP:0% SPREAD:0.01090037% BID:0.09174 ASK:0.09175 MID:0.091745 P1:0.091745 P2:0.091755 P3:0.091755 P4:0.091755 STATE:IDLE
[2026-05-16 16:26:04Z] CHK MOM:-0.01% RANGE:0.01% UP:0% SPREAD:0.01090037% BID:0.09174 ASK:0.09175 MID:0.091745 P1:0.091745 P2:0.091755 P3:0.091755 P4:0.091755 STATE:IDLE
[2026-05-16 16:26:18Z] CHK MOM:0% RANGE:0% UP:0% SPREAD:0.01089918% BID:0.09175 ASK:0.09176 MID:0.091755 P1:0.091755 P2:0.091745 P3:0.091755 P4:0.091755 STATE:IDLE
[2026-05-16 16:26:19Z] CHK MOM:0% RANGE:0% UP:0% SPREAD:0.01089918% BID:0.09175 ASK:0.09176 MID:0.091755 P1:0.091755 P2:0.091745 P3:0.091755 P4:0.091755 STATE:IDLE
[2026-05-16 16:26:19Z] CHK MOM:0% RANGE:0% UP:0% SPREAD:0.01089918% BID:0.09175 ASK:0.09176 MID:0.091755 P1:0.091755 P2:0.091745 P3:0.091755 P4:0.091755 STATE:IDLE
[2026-05-16 16:26:20Z] CHK MOM:0% RANGE:0% UP:0% SPREAD:0.01089918% BID:0.09175 ASK:0.09176 MID:0.091755 P1:0.091755 P2:0.091745 P3:0.091755 P4:0.091755 STATE:IDLE
[2026-05-16 16:26:20Z] CHK MOM:0% RANGE:0% UP:0% SPREAD:0.01089918% BID:0.09175 ASK:0.09176 MID:0.091755 P1:0.091755 P2:0.091745 P3:0.091755 P4:0.091755 STATE:IDLE
[2026-05-16 16:26:21Z] CHK MOM:-0.01% RANGE:0.01% UP:0% SPREAD:0.01090037% BID:0.09174 ASK:0.09175 MID:0.091745 P1:0.091745 P2:0.091755 P3:0.091745 P4:0.091755 STATE:IDLE
[2026-05-16 16:26:22Z] CHK MOM:-0.01% RANGE:0.01% UP:0% SPREAD:0.01090037% BID:0.09174 ASK:0.09175 MID:0.091745 P1:0.091745 P2:0.091755 P3:0.091745 P4:0.091755 STATE:IDLE
[2026-05-16 16:26:22Z] CHK MOM:-0.01% RANGE:0.01% UP:0% SPREAD:0.01090037% BID:0.09174 ASK:0.09175 MID:0.091745 P1:0.091745 P2:0.091755 P3:0.091745 P4:0.091755 STATE:IDLE
[2026-05-16 16:26:23Z] CHK MOM:-0.01% RANGE:0.01% UP:0% SPREAD:0.01090037% BID:0.09174 ASK:0.09175 MID:0.091745 P1:0.091745 P2:0.091755 P3:0.091745 P4:0.091755 STATE:IDLE
[2026-05-16 16:26:24Z] CHK MOM:-0.01% RANGE:0.01% UP:0% SPREAD:0.01090037% BID:0.09174 ASK:0.09175 MID:0.091745 P1:0.091745 P2:0.091755 P3:0.091745 P4:0.091755 STATE:IDLE
[2026-05-16 16:26:27Z] CHK MOM:0% RANGE:0.01% UP:50% SPREAD:0.01089918% BID:0.09175 ASK:0.09176 MID:0.091755 P1:0.091755 P2:0.091745 P3:0.091755 P4:0.091745 STATE:IDLE
[2026-05-16 16:26:27Z] CHK MOM:0% RANGE:0.01% UP:50% SPREAD:0.01089918% BID:0.09175 ASK:0.09176 MID:0.091755 P1:0.091755 P2:0.091745 P3:0.091755 P4:0.091745 STATE:IDLE
[2026-05-16 16:26:28Z] CHK MOM:0% RANGE:0.01% UP:50% SPREAD:0.01089918% BID:0.09175 ASK:0.09176 MID:0.091755 P1:0.091755 P2:0.091745 P3:0.091755 P4:0.091745 STATE:IDLE
[2026-05-16 16:26:28Z] CHK MOM:-0.08% RANGE:0.08% UP:33.33% SPREAD:0.01090869% BID:0.09167 ASK:0.09168 MID:0.091675 P1:0.091675 P2:0.091755 P3:0.091745 P4:0.091755 STATE:IDLE
[2026-05-16 16:26:29Z] CHK MOM:-0.08% RANGE:0.08% UP:33.33% SPREAD:0.01090869% BID:0.09167 ASK:0.09168 MID:0.091675 P1:0.091675 P2:0.091755 P3:0.091745 P4:0.091755 STATE:IDLE
[2026-05-16 16:26:30Z] CHK MOM:-0.08% RANGE:0.08% UP:33.33% SPREAD:0.01090869% BID:0.09167 ASK:0.09168 MID:0.091675 P1:0.091675 P2:0.091755 P3:0.091745 P4:0.091755 STATE:IDLE
[2026-05-16 16:26:30Z] CHK MOM:-0.08% RANGE:0.08% UP:33.33% SPREAD:0.01090869% BID:0.09167 ASK:0.09168 MID:0.091675 P1:0.091675 P2:0.091755 P3:0.091745 P4:0.091755 STATE:IDLE
[2026-05-16 16:26:31Z] CHK MOM:-0.08% RANGE:0.08% UP:33.33% SPREAD:0.01090869% BID:0.09167 ASK:0.09168 MID:0.091675 P1:0.091675 P2:0.091755 P3:0.091745 P4:0.091755 STATE:IDLE
[2026-05-16 16:26:33Z] CHK MOM:-0.08% RANGE:0.09% UP:33.33% SPREAD:0.01090988% BID:0.09166 ASK:0.09167 MID:0.091665 P1:0.091665 P2:0.091675 P3:0.091755 P4:0.091745 STATE:IDLE
[2026-05-16 16:26:34Z] CHK MOM:-0.1% RANGE:0.1% UP:0% SPREAD:0.01091107% BID:0.09165 ASK:0.09166 MID:0.091655 P1:0.091655 P2:0.091665 P3:0.091675 P4:0.091755 STATE:IDLE
[2026-05-16 16:26:35Z] CHK MOM:-0.1% RANGE:0.1% UP:0% SPREAD:0.01091107% BID:0.09165 ASK:0.09166 MID:0.091655 P1:0.091655 P2:0.091665 P3:0.091675 P4:0.091755 STATE:IDLE
[2026-05-16 16:26:35Z] CHK MOM:-0.1% RANGE:0.1% UP:0% SPREAD:0.01091107% BID:0.09165 ASK:0.09166 MID:0.091655 P1:0.091655 P2:0.091665 P3:0.091675 P4:0.091755 STATE:IDLE
[2026-05-16 16:26:36Z] CHK MOM:-0.1% RANGE:0.1% UP:0% SPREAD:0.01091107% BID:0.09165 ASK:0.09166 MID:0.091655 P1:0.091655 P2:0.091665 P3:0.091675 P4:0.091755 STATE:IDLE
[2026-05-16 16:26:36Z] CHK MOM:-0.1% RANGE:0.1% UP:0% SPREAD:0.01091107% BID:0.09165 ASK:0.09166 MID:0.091655 P1:0.091655 P2:0.091655 P3:0.091665 P4:0.091675 STATE:IDLE
[2026-05-16 16:26:37Z] CHK MOM:-0.1% RANGE:0.1% UP:0% SPREAD:0.01091107% BID:0.09165 ASK:0.09166 MID:0.091655 P1:0.091655 P2:0.091655 P3:0.091665 P4:0.091675 STATE:IDLE
[2026-05-16 16:26:37Z] CHK MOM:-0.1% RANGE:0.1% UP:0% SPREAD:0.01091107% BID:0.09165 ASK:0.09166 MID:0.091655 P1:0.091655 P2:0.091655 P3:0.091665 P4:0.091675 STATE:IDLE
[2026-05-16 16:26:38Z] CHK MOM:-0.1% RANGE:0.1% UP:0% SPREAD:0.01091107% BID:0.09165 ASK:0.09166 MID:0.091655 P1:0.091655 P2:0.091655 P3:0.091665 P4:0.091675 STATE:IDLE
[2026-05-16 16:26:38Z] CHK MOM:-0.1% RANGE:0.1% UP:0% SPREAD:0.01091107% BID:0.09165 ASK:0.09166 MID:0.091655 P1:0.091655 P2:0.091655 P3:0.091665 P4:0.091675 STATE:IDLE
[2026-05-16 16:26:39Z] CHK MOM:-0.1% RANGE:0.1% UP:0% SPREAD:0.01091107% BID:0.09165 ASK:0.09166 MID:0.091655 P1:0.091655 P2:0.091655 P3:0.091665 P4:0.091675 STATE:IDLE
[2026-05-16 16:26:50Z] CHK MOM:0% RANGE:0% UP:0% SPREAD:0.02182453% BID:0.09164 ASK:0.09166 MID:0.09165 P1:0.09165 P2:0.091655 P3:0.091655 P4:0.091665 STATE:IDLE
[2026-05-16 16:26:50Z] CHK MOM:0% RANGE:0% UP:0% SPREAD:0.02182453% BID:0.09164 ASK:0.09166 MID:0.09165 P1:0.09165 P2:0.09165 P3:0.091655 P4:0.091655 STATE:IDLE
[2026-05-16 16:26:51Z] CHK MOM:0% RANGE:0% UP:0% SPREAD:0.02182453% BID:0.09164 ASK:0.09166 MID:0.09165 P1:0.09165 P2:0.09165 P3:0.091655 P4:0.091655 STATE:IDLE
[2026-05-16 16:26:51Z] CHK MOM:0% RANGE:0% UP:0% SPREAD:0.02182453% BID:0.09164 ASK:0.09166 MID:0.09165 P1:0.09165 P2:0.09165 P3:0.091655 P4:0.091655 STATE:IDLE
[2026-05-16 16:26:52Z] CHK MOM:0% RANGE:0% UP:0% SPREAD:0.02182453% BID:0.09164 ASK:0.09166 MID:0.09165 P1:0.09165 P2:0.09165 P3:0.091655 P4:0.091655 STATE:IDLE
[2026-05-16 16:26:52Z] CHK MOM:0% RANGE:0% UP:0% SPREAD:0.02182453% BID:0.09164 ASK:0.09166 MID:0.09165 P1:0.09165 P2:0.09165 P3:0.091655 P4:0.091655 STATE:IDLE
[2026-05-16 16:26:53Z] CHK MOM:0% RANGE:0% UP:0% SPREAD:0.01091226% BID:0.09164 ASK:0.09165 MID:0.091645 P1:0.091645 P2:0.09165 P3:0.09165 P4:0.091655 STATE:IDLE
[2026-05-16 16:26:53Z] CHK MOM:0% RANGE:0% UP:0% SPREAD:0.01091226% BID:0.09164 ASK:0.09165 MID:0.091645 P1:0.091645 P2:0.09165 P3:0.09165 P4:0.091655 STATE:IDLE
[2026-05-16 16:26:54Z] CHK MOM:0% RANGE:0% UP:0% SPREAD:0.01091226% BID:0.09164 ASK:0.09165 MID:0.091645 P1:0.091645 P2:0.09165 P3:0.09165 P4:0.091655 STATE:IDLE
[2026-05-16 16:26:54Z] CHK MOM:0% RANGE:0% UP:0% SPREAD:0.01091226% BID:0.09164 ASK:0.09165 MID:0.091645 P1:0.091645 P2:0.09165 P3:0.09165 P4:0.091655 STATE:IDLE
[2026-05-16 16:26:55Z] CHK MOM:0% RANGE:0% UP:0% SPREAD:0.01091226% BID:0.09164 ASK:0.09165 MID:0.091645 P1:0.091645 P2:0.09165 P3:0.09165 P4:0.091655 STATE:IDLE
[2026-05-16 16:27:21Z] CHK MOM:0% RANGE:0% UP:0% SPREAD:0.01091107% BID:0.09165 ASK:0.09166 MID:0.091655 P1:0.091655 P2:0.091645 P3:0.09165 P4:0.09165 STATE:IDLE
[2026-05-16 16:27:21Z] TOKEN_SWITCH old=HBARUSDC new=INJUSDC source=.service.env
