[2026-02-28 04:48:18] SESSION_START symbol=BARDUSDC dry_run=0 profile=major strategy=momentum base_url=https://api.binance.com
[2026-02-28 04:48:20] CHK EMA1m:OK EMA5m:OK RSI:69.17922948 VOL:NO MOM:0% RANGE:0% UP:0% SPREAD:0.30401737% BID:0.921 ASK:0.9238 STATE:IDLE
[2026-02-28 04:48:20] DECIDE_HOLD reason=HOLD_SPREAD spread=0.3040% mom=0.0000% range=0.0000% up=0.00% rsi=69.17922948073706
[2026-02-28 04:48:21] CHK EMA1m:OK EMA5m:OK RSI:69.17922948 VOL:NO MOM:0% RANGE:0% UP:0% SPREAD:0.412595% BID:0.921 ASK:0.9248 STATE:IDLE
[2026-02-28 04:48:22] CHK EMA1m:OK EMA5m:OK RSI:69.17922948 VOL:NO MOM:0.03% RANGE:0.03% UP:5E+1% SPREAD:0.40160642% BID:0.9213 ASK:0.925 STATE:IDLE
[2026-02-28 04:48:23] CHK EMA1m:OK EMA5m:OK RSI:69.17922948 VOL:NO MOM:0.05% RANGE:0.05% UP:66.66% SPREAD:0.31470428% BID:0.9215 ASK:0.9244 STATE:IDLE
[2026-02-28 04:48:24] CHK EMA1m:OK EMA5m:OK RSI:69.17922948 VOL:NO MOM:0.05% RANGE:0.05% UP:5E+1% SPREAD:0.40151926% BID:0.9215 ASK:0.9252 STATE:IDLE
[2026-02-28 04:48:26] CHK EMA1m:OK EMA5m:OK RSI:69.17922948 VOL:NO MOM:0.05% RANGE:0.05% UP:4E+1% SPREAD:0.33640803% BID:0.9215 ASK:0.9246 STATE:IDLE
[2026-02-28 04:48:27] CHK EMA1m:OK EMA5m:OK RSI:69.17922948 VOL:NO MOM:0.05% RANGE:0.05% UP:33.33% SPREAD:0.37981551% BID:0.9215 ASK:0.925 STATE:IDLE
[2026-02-28 04:48:27] CHK EMA1m:OK EMA5m:OK RSI:69.17922948 VOL:NO MOM:0.05% RANGE:0.05% UP:28.57% SPREAD:0.37981551% BID:0.9215 ASK:0.925 STATE:IDLE
[2026-02-28 04:48:28] CHK EMA1m:OK EMA5m:OK RSI:69.17922948 VOL:NO MOM:0.18% RANGE:0.18% UP:37.5% SPREAD:0.24926845% BID:0.9227 ASK:0.925 STATE:IDLE
[2026-02-28 04:48:30] CHK EMA1m:OK EMA5m:OK RSI:69.17922948 VOL:NO MOM:0.14% RANGE:0.18% UP:33.33% SPREAD:0.29274639% BID:0.9223 ASK:0.925 STATE:IDLE
[2026-02-28 04:48:31] CHK EMA1m:OK EMA5m:OK RSI:69.17922948 VOL:NO MOM:0.14% RANGE:0.18% UP:3E+1% SPREAD:0.29274639% BID:0.9223 ASK:0.925 STATE:IDLE
[2026-02-28 04:48:31] DECIDE_HOLD reason=HOLD_SPREAD spread=0.2927% mom=0.1412% range=0.1846% up=30.00% rsi=69.17922948073706
[2026-02-28 04:48:33] CHK EMA1m:OK EMA5m:OK RSI:69.17922948 VOL:NO MOM:0.06% RANGE:0.18% UP:27.27% SPREAD:0.33637152% BID:0.9216 ASK:0.9247 STATE:IDLE
[2026-02-28 04:48:34] CHK EMA1m:OK EMA5m:OK RSI:69.17922948 VOL:NO MOM:0.21% RANGE:0.21% UP:33.33% SPREAD:0.29252437% BID:0.923 ASK:0.9257 STATE:IDLE
[2026-02-28 04:48:35] CHK EMA1m:OK EMA5m:OK RSI:69.17922948 VOL:NO MOM:0.24% RANGE:0.24% UP:38.46% SPREAD:0.32492147% BID:0.9233 ASK:0.9263 STATE:IDLE
[2026-02-28 04:48:37] CHK EMA1m:OK EMA5m:OK RSI:69.17922948 VOL:NO MOM:0.29% RANGE:0.29% UP:42.85% SPREAD:0.28147666% BID:0.9237 ASK:0.9263 STATE:IDLE
[2026-02-28 04:48:37] CHK EMA1m:OK EMA5m:OK RSI:69.17922948 VOL:NO MOM:0.33% RANGE:0.33% UP:46.66% SPREAD:0.23806947% BID:0.9241 ASK:0.9263 STATE:IDLE
[2026-02-28 04:48:39] BUY symbol=BARDUSDC qty=10.7 entry=0.9263 momPct=0.0033659066232356043 rangePct=0.0033659066232356043 upRatio=0.4666666666666667 profile=major
[2026-02-28 04:48:40] CHK EMA1m:OK EMA5m:OK RSI:70.67729083 VOL:OK MOM:0.33% RANGE:0.33% UP:43.75% SPREAD:0.23806947% BID:0.9241 ASK:0.9263 STATE:IN_POS
[2026-02-28 04:48:41] CHK EMA1m:OK EMA5m:OK RSI:70.67729083 VOL:OK MOM:0.39% RANGE:0.39% UP:5E+1% SPREAD:0.33528012% BID:0.9246 ASK:0.9277 STATE:IN_POS
[2026-02-28 04:48:42] CHK EMA1m:OK EMA5m:OK RSI:70.67729083 VOL:OK MOM:0.48% RANGE:0.48% UP:5E+1% SPREAD:0.42125729% BID:0.9258 ASK:0.9297 STATE:IN_POS
[2026-02-28 04:48:43] CHK EMA1m:OK EMA5m:OK RSI:70.67729083 VOL:OK MOM:0.45% RANGE:0.46% UP:43.75% SPREAD:0.43210543% BID:0.9257 ASK:0.9297 STATE:IN_POS
[2026-02-28 04:48:44] CHK EMA1m:OK EMA5m:OK RSI:70.67729083 VOL:OK MOM:0.43% RANGE:0.46% UP:43.75% SPREAD:0.28092922% BID:0.9255 ASK:0.9281 STATE:IN_POS
[2026-02-28 04:48:45] CHK EMA1m:OK EMA5m:OK RSI:70.44176706 VOL:OK MOM:0.23% RANGE:0.46% UP:46.66% SPREAD:0.36808487% BID:0.9237 ASK:0.9271 STATE:IN_POS
[2026-02-28 04:48:46] CHK EMA1m:OK EMA5m:OK RSI:70.44176706 VOL:OK MOM:0.26% RANGE:0.46% UP:5E+1% SPREAD:0.41129992% BID:0.9239 ASK:0.9277 STATE:IN_POS
[2026-02-28 04:48:48] CHK EMA1m:OK EMA5m:OK RSI:70.44176706 VOL:OK MOM:0.31% RANGE:0.46% UP:56.25% SPREAD:0.37862397% BID:0.9244 ASK:0.9279 STATE:IN_POS
[2026-02-28 04:48:49] CHK EMA1m:OK EMA5m:OK RSI:70.44176706 VOL:OK MOM:0.26% RANGE:0.45% UP:6E+1% SPREAD:0.31361522% BID:0.9247 ASK:0.9276 STATE:IN_POS
[2026-02-28 04:48:50] CHK EMA1m:OK EMA5m:OK RSI:70.44176706 VOL:OK MOM:0.24% RANGE:0.45% UP:6E+1% SPREAD:0.29201817% BID:0.9246 ASK:0.9273 STATE:IN_POS
[2026-02-28 04:48:51] CHK EMA1m:OK EMA5m:OK RSI:70.44176706 VOL:OK MOM:0.26% RANGE:0.45% UP:62.5% SPREAD:0.35687249% BID:0.9247 ASK:0.928 STATE:IN_POS
[2026-02-28 04:48:52] CHK EMA1m:OK EMA5m:OK RSI:70.44176706 VOL:OK MOM:0.31% RANGE:0.45% UP:62.5% SPREAD:0.37858301% BID:0.9245 ASK:0.928 STATE:IN_POS
[2026-02-28 04:48:53] CHK EMA1m:OK EMA5m:OK RSI:70.44176706 VOL:OK MOM:0.18% RANGE:0.3% UP:62.5% SPREAD:0.36768681% BID:0.9247 ASK:0.9281 STATE:IN_POS
[2026-02-28 04:48:54] CHK EMA1m:OK EMA5m:OK RSI:70.44176706 VOL:OK MOM:0.18% RANGE:0.27% UP:62.5% SPREAD:0.28108108% BID:0.925 ASK:0.9276 STATE:IN_POS
[2026-02-28 04:48:55] CHK EMA1m:OK EMA5m:OK RSI:70.44176706 VOL:OK MOM:0.18% RANGE:0.27% UP:58.82% SPREAD:0.28108108% BID:0.925 ASK:0.9276 STATE:IN_POS
[2026-02-28 04:48:56] CHK EMA1m:OK EMA5m:OK RSI:70.44176706 VOL:OK MOM:0.09% RANGE:0.22% UP:5E+1% SPREAD:0.22702702% BID:0.925 ASK:0.9271 STATE:IN_POS
[2026-02-28 04:48:57] CHK EMA1m:OK EMA5m:OK RSI:70.44176706 VOL:OK MOM:0.09% RANGE:0.22% UP:47.05% SPREAD:0.31351351% BID:0.925 ASK:0.9279 STATE:IN_POS
[2026-02-28 04:48:59] CHK EMA1m:OK EMA5m:OK RSI:70.44176706 VOL:OK MOM:0.09% RANGE:0.22% UP:47.05% SPREAD:0.32432432% BID:0.925 ASK:0.928 STATE:IN_POS
[2026-02-28 04:49:00] CHK EMA1m:OK EMA5m:OK RSI:70.44176706 VOL:OK MOM:0.18% RANGE:0.28% UP:47.05% SPREAD:0.34546043% BID:0.9263 ASK:0.9295 STATE:IN_POS
[2026-02-28 04:49:01] CHK EMA1m:OK EMA5m:OK RSI:70.44176706 VOL:OK MOM:0.1% RANGE:0.33% UP:47.05% SPREAD:0.29132498% BID:0.9268 ASK:0.9295 STATE:IN_POS
[2026-02-28 04:49:02] CHK EMA1m:OK EMA5m:OK RSI:70.44176706 VOL:NO MOM:0.17% RANGE:0.38% UP:52.94% SPREAD:0.24803192% BID:0.9273 ASK:0.9296 STATE:IN_POS
[2026-02-28 04:49:03] CHK EMA1m:OK EMA5m:OK RSI:70.44176706 VOL:NO MOM:0.1% RANGE:0.38% UP:5E+1% SPREAD:0.3021474% BID:0.9267 ASK:0.9295 STATE:IN_POS
[2026-02-28 04:49:04] CHK EMA1m:OK EMA5m:OK RSI:70.44176706 VOL:NO MOM:0.11% RANGE:0.38% UP:5E+1% SPREAD:0.31297215% BID:0.9266 ASK:0.9295 STATE:IN_POS
[2026-02-28 04:49:05] CHK EMA1m:OK EMA5m:OK RSI:70.44176706 VOL:NO MOM:0.16% RANGE:0.38% UP:5E+1% SPREAD:0.34587116% BID:0.9252 ASK:0.9284 STATE:IN_POS
[2026-02-28 04:49:06] CHK EMA1m:OK EMA5m:OK RSI:70.44176706 VOL:NO MOM:0.14% RANGE:0.36% UP:44.44% SPREAD:0.33506268% BID:0.9252 ASK:0.9283 STATE:IN_POS
[2026-02-28 04:49:07] CHK EMA1m:OK EMA5m:OK RSI:70.44176706 VOL:NO MOM:0.08% RANGE:0.31% UP:38.88% SPREAD:0.31344574% BID:0.9252 ASK:0.9281 STATE:IN_POS
[2026-02-28 04:49:08] CHK EMA1m:OK EMA5m:OK RSI:70.44176706 VOL:NO MOM:0.01% RANGE:0.3% UP:33.33% SPREAD:0.35683391% BID:0.9248 ASK:0.9281 STATE:IN_POS
[2026-02-28 04:49:10] CHK EMA1m:OK EMA5m:OK RSI:70.44176706 VOL:NO MOM:0.01% RANGE:0.3% UP:33.33% SPREAD:0.36768681% BID:0.9247 ASK:0.9281 STATE:IN_POS
[2026-02-28 04:49:12] CHK EMA1m:OK EMA5m:OK RSI:70.44176706 VOL:NO MOM:0.09% RANGE:0.3% UP:35.29% SPREAD:0.29176572% BID:0.9254 ASK:0.9281 STATE:IN_POS
[2026-02-28 04:49:13] CHK EMA1m:OK EMA5m:OK RSI:70.44176706 VOL:NO MOM:0.04% RANGE:0.28% UP:25% SPREAD:0.29176572% BID:0.9254 ASK:0.9281 STATE:IN_POS
[2026-02-28 04:49:14] CHK EMA1m:OK EMA5m:OK RSI:70.44176706 VOL:NO MOM:0.14% RANGE:0.28% UP:29.41% SPREAD:0.38864298% BID:0.9263 ASK:0.9299 STATE:IN_POS
[2026-02-28 04:49:15] CHK EMA1m:OK EMA5m:OK RSI:70.44176706 VOL:NO MOM:0.15% RANGE:0.28% UP:35.29% SPREAD:0.30224525% BID:0.9264 ASK:0.9292 STATE:IN_POS
[2026-02-28 04:49:16] CHK EMA1m:OK EMA5m:OK RSI:70.44176706 VOL:NO MOM:0.11% RANGE:0.28% UP:35.29% SPREAD:0.31314112% BID:0.9261 ASK:0.929 STATE:IN_POS
[2026-02-28 04:49:17] CHK EMA1m:OK EMA5m:OK RSI:70.44176706 VOL:NO MOM:0.14% RANGE:0.28% UP:43.75% SPREAD:0.37784734% BID:0.9263 ASK:0.9298 STATE:IN_POS
[2026-02-28 04:49:18] CHK EMA1m:OK EMA5m:OK RSI:70.44176706 VOL:NO MOM:0.01% RANGE:0.28% UP:43.75% SPREAD:0.35621761% BID:0.9264 ASK:0.9297 STATE:IN_POS
[2026-02-28 04:49:19] CHK EMA1m:OK EMA5m:OK RSI:70.44176706 VOL:NO MOM:0.02% RANGE:0.28% UP:47.05% SPREAD:0.32379924% BID:0.9265 ASK:0.9295 STATE:IN_POS
[2026-02-28 04:49:22] CHK EMA1m:OK EMA5m:OK RSI:70.44176706 VOL:NO MOM:-0.03% RANGE:0.28% UP:41.17% SPREAD:0.32379924% BID:0.9265 ASK:0.9295 STATE:IN_POS
[2026-02-28 04:49:23] CHK EMA1m:OK EMA5m:OK RSI:70.44176706 VOL:NO MOM:-0.01% RANGE:0.2% UP:4E+1% SPREAD:0.29141932% BID:0.9265 ASK:0.9292 STATE:IN_POS
[2026-02-28 04:49:24] CHK EMA1m:OK EMA5m:OK RSI:70.44176706 VOL:NO MOM:0.14% RANGE:0.19% UP:4E+1% SPREAD:0.31300593% BID:0.9265 ASK:0.9294 STATE:IN_POS
[2026-02-28 04:49:25] CHK EMA1m:OK EMA5m:OK RSI:70.44176706 VOL:NO MOM:0.14% RANGE:0.19% UP:37.5% SPREAD:0.31300593% BID:0.9265 ASK:0.9294 STATE:IN_POS
[2026-02-28 04:49:26] CHK EMA1m:OK EMA5m:OK RSI:70.44176706 VOL:NO MOM:0.14% RANGE:0.19% UP:37.5% SPREAD:0.2698327% BID:0.9265 ASK:0.929 STATE:IN_POS
[2026-02-28 04:49:27] CHK EMA1m:OK EMA5m:OK RSI:70.44176706 VOL:NO MOM:0.18% RANGE:0.19% UP:4E+1% SPREAD:0.29141932% BID:0.9265 ASK:0.9292 STATE:IN_POS
[2026-02-28 04:49:28] CHK EMA1m:OK EMA5m:OK RSI:70.44176706 VOL:NO MOM:0.2% RANGE:0.2% UP:46.66% SPREAD:0.30218001% BID:0.9266 ASK:0.9294 STATE:IN_POS
[2026-02-28 04:49:29] CHK EMA1m:OK EMA5m:OK RSI:70.44176706 VOL:NO MOM:0.12% RANGE:0.12% UP:4E+1% SPREAD:0.26980358% BID:0.9266 ASK:0.9291 STATE:IN_POS
[2026-02-28 04:49:30] CHK EMA1m:OK EMA5m:OK RSI:70.44176706 VOL:NO MOM:0.12% RANGE:0.12% UP:37.5% SPREAD:0.28059572% BID:0.9266 ASK:0.9292 STATE:IN_POS
[2026-02-28 04:49:32] CHK EMA1m:OK EMA5m:OK RSI:70.44176706 VOL:NO MOM:0.12% RANGE:0.12% UP:37.5% SPREAD:0.31297215% BID:0.9266 ASK:0.9295 STATE:IN_POS
[2026-02-28 04:49:33] CHK EMA1m:OK EMA5m:OK RSI:70.44176706 VOL:NO MOM:0.03% RANGE:0.05% UP:31.25% SPREAD:0.31297215% BID:0.9266 ASK:0.9295 STATE:IN_POS
[2026-02-28 04:49:34] CHK EMA1m:OK EMA5m:OK RSI:70.44176706 VOL:NO MOM:-0.18% RANGE:0.2% UP:25% SPREAD:0.44338704% BID:0.9247 ASK:0.9288 STATE:IN_POS
[2026-02-28 04:49:35] CHK EMA1m:OK EMA5m:OK RSI:70.44176706 VOL:NO MOM:-0.15% RANGE:0.2% UP:25% SPREAD:0.51908727% BID:0.9247 ASK:0.9295 STATE:IN_POS
[2026-02-28 04:49:36] CHK EMA1m:OK EMA5m:OK RSI:70.44176706 VOL:NO MOM:-0.16% RANGE:0.21% UP:23.52% SPREAD:0.40017304% BID:0.9246 ASK:0.9283 STATE:IN_POS
[2026-02-28 04:49:37] CHK EMA1m:OK EMA5m:OK RSI:70.56 VOL:OK MOM:-0.26% RANGE:0.3% UP:17.64% SPREAD:0.24897163% BID:0.9238 ASK:0.9261 STATE:IN_POS
[2026-02-28 04:49:38] CHK EMA1m:OK EMA5m:OK RSI:70.56 VOL:OK MOM:-0.36% RANGE:0.39% UP:11.76% SPREAD:0.40086673% BID:0.923 ASK:0.9267 STATE:IN_POS
[2026-02-28 04:49:40] CHK EMA1m:OK EMA5m:OK RSI:70.56 VOL:OK MOM:-0.35% RANGE:0.39% UP:11.76% SPREAD:0.37911611% BID:0.9232 ASK:0.9267 STATE:IN_POS
[2026-02-28 04:49:41] CHK EMA1m:OK EMA5m:OK RSI:70.56 VOL:OK MOM:-0.36% RANGE:0.39% UP:12.5% SPREAD:0.29249268% BID:0.9231 ASK:0.9258 STATE:IN_POS
[2026-02-28 04:49:42] CHK EMA1m:OK EMA5m:OK RSI:70.56 VOL:OK MOM:-0.35% RANGE:0.39% UP:17.64% SPREAD:0.28162911% BID:0.9232 ASK:0.9258 STATE:IN_POS
[2026-02-28 04:49:43] CHK EMA1m:OK EMA5m:OK RSI:70.56 VOL:OK MOM:-0.33% RANGE:0.39% UP:23.52% SPREAD:0.28156811% BID:0.9234 ASK:0.926 STATE:IN_POS
[2026-02-28 04:49:45] CHK EMA1m:OK EMA5m:OK RSI:70.56 VOL:OK MOM:-0.33% RANGE:0.39% UP:23.52% SPREAD:0.32488628% BID:0.9234 ASK:0.9264 STATE:IN_POS
[2026-02-28 04:49:46] CHK EMA1m:OK EMA5m:OK RSI:70.56 VOL:OK MOM:-0.33% RANGE:0.39% UP:23.52% SPREAD:0.31405674% BID:0.9234 ASK:0.9263 STATE:IN_POS
[2026-02-28 04:49:47] CHK EMA1m:OK EMA5m:OK RSI:70.56 VOL:OK MOM:-0.33% RANGE:0.39% UP:23.52% SPREAD:0.31405674% BID:0.9234 ASK:0.9263 STATE:IN_POS
[2026-02-28 04:49:48] CHK EMA1m:OK EMA5m:OK RSI:69.00078678 VOL:OK MOM:-0.59% RANGE:0.59% UP:17.64% SPREAD:0.49940288% BID:0.9211 ASK:0.9257 STATE:IN_POS
[2026-02-28 04:49:49] CHK EMA1m:OK EMA5m:OK RSI:69.00078678 VOL:OK MOM:-0.59% RANGE:0.59% UP:17.64% SPREAD:0.44511996% BID:0.9211 ASK:0.9252 STATE:IN_POS
[2026-02-28 04:49:50] CHK EMA1m:OK EMA5m:OK RSI:69.00078678 VOL:OK MOM:-0.63% RANGE:0.64% UP:17.64% SPREAD:0.38014554% BID:0.9207 ASK:0.9242 STATE:IN_POS
[2026-02-28 04:49:51] CHK EMA1m:OK EMA5m:OK RSI:69.00078678 VOL:OK MOM:-0.61% RANGE:0.64% UP:23.52% SPREAD:0.31490932% BID:0.9209 ASK:0.9238 STATE:IN_POS
[2026-02-28 04:49:52] CHK EMA1m:OK EMA5m:OK RSI:69.00078678 VOL:OK MOM:-0.67% RANGE:0.68% UP:23.52% SPREAD:0.38031076% BID:0.9203 ASK:0.9238 STATE:IN_POS
[2026-02-28 04:49:53] CHK EMA1m:OK EMA5m:OK RSI:69.00078678 VOL:OK MOM:-0.47% RANGE:0.47% UP:23.52% SPREAD:0.32598065% BID:0.9203 ASK:0.9233 STATE:IN_POS
[2026-02-28 04:49:54] CHK EMA1m:OK EMA5m:OK RSI:69.00078678 VOL:OK MOM:-0.45% RANGE:0.47% UP:29.41% SPREAD:0.38022813% BID:0.9205 ASK:0.924 STATE:IN_POS
[2026-02-28 04:49:55] CHK EMA1m:OK EMA5m:OK RSI:69.00078678 VOL:OK MOM:-0.44% RANGE:0.46% UP:29.41% SPREAD:0.27159152% BID:0.9205 ASK:0.923 STATE:IN_POS
[2026-02-28 04:49:56] CHK EMA1m:OK EMA5m:OK RSI:69.00078678 VOL:OK MOM:-0.35% RANGE:0.38% UP:29.41% SPREAD:0.4454101% BID:0.9205 ASK:0.9246 STATE:IN_POS
[2026-02-28 04:49:57] CHK EMA1m:OK EMA5m:OK RSI:69.00078678 VOL:OK MOM:-0.29% RANGE:0.33% UP:29.41% SPREAD:0.35857872% BID:0.9203 ASK:0.9236 STATE:IN_POS
[2026-02-28 04:49:59] CHK EMA1m:OK EMA5m:OK RSI:69.00078678 VOL:OK MOM:-0.31% RANGE:0.33% UP:23.52% SPREAD:0.33684668% BID:0.9203 ASK:0.9234 STATE:IN_POS
[2026-02-28 04:50:00] CHK EMA1m:OK EMA5m:OK RSI:69.00078678 VOL:OK MOM:-0.3% RANGE:0.33% UP:23.52% SPREAD:0.46723894% BID:0.9203 ASK:0.9246 STATE:IN_POS
[2026-02-28 04:50:01] CHK EMA1m:OK EMA5m:OK RSI:69.00078678 VOL:OK MOM:-0.17% RANGE:0.33% UP:27.77% SPREAD:0.33640803% BID:0.9215 ASK:0.9246 STATE:IN_POS
[2026-02-28 04:50:02] CHK EMA1m:OK EMA5m:OK RSI:69.00078678 VOL:NO MOM:-0.18% RANGE:0.33% UP:23.52% SPREAD:0.31463599% BID:0.9217 ASK:0.9246 STATE:IN_POS
[2026-02-28 04:50:03] CHK EMA1m:OK EMA5m:OK RSI:69.00078678 VOL:NO MOM:-0.11% RANGE:0.33% UP:27.77% SPREAD:0.33611623% BID:0.9223 ASK:0.9254 STATE:IN_POS
[2026-02-28 04:50:04] CHK EMA1m:OK EMA5m:OK RSI:69.00078678 VOL:NO MOM:-0.2% RANGE:0.33% UP:27.77% SPREAD:0.27129679% BID:0.9215 ASK:0.924 STATE:IN_POS
[2026-02-28 04:50:05] CHK EMA1m:OK EMA5m:OK RSI:69.00078678 VOL:NO MOM:-0.29% RANGE:0.33% UP:27.77% SPREAD:0.29325513% BID:0.9207 ASK:0.9234 STATE:IN_POS
[2026-02-28 04:50:06] CHK EMA1m:OK EMA5m:OK RSI:69.00078678 VOL:NO MOM:-0.27% RANGE:0.33% UP:33.33% SPREAD:0.27147355% BID:0.9209 ASK:0.9234 STATE:IN_POS
[2026-02-28 04:50:07] CHK EMA1m:OK EMA5m:OK RSI:69.00078678 VOL:NO MOM:-0.01% RANGE:0.21% UP:38.88% SPREAD:0.28230184% BID:0.921 ASK:0.9236 STATE:IN_POS
[2026-02-28 04:50:09] CHK EMA1m:OK EMA5m:OK RSI:69.00078678 VOL:NO MOM:-0.01% RANGE:0.21% UP:38.88% SPREAD:0.26058631% BID:0.921 ASK:0.9234 STATE:IN_POS
[2026-02-28 04:50:11] CHK EMA1m:OK EMA5m:OK RSI:69.00078678 VOL:NO MOM:-0.18% RANGE:0.35% UP:38.88% SPREAD:0.2937976% BID:0.919 ASK:0.9217 STATE:IN_POS
[2026-02-28 04:50:13] CHK EMA1m:OK EMA5m:OK RSI:69.00078678 VOL:NO MOM:0.05% RANGE:0.35% UP:43.75% SPREAD:0.28236316% BID:0.9208 ASK:0.9234 STATE:IN_POS
[2026-02-28 04:50:13] CHK EMA1m:OK EMA5m:OK RSI:69.00078678 VOL:NO MOM:0.04% RANGE:0.35% UP:43.75% SPREAD:0.32576827% BID:0.9209 ASK:0.9239 STATE:IN_POS
[2026-02-28 04:50:14] CHK EMA1m:OK EMA5m:OK RSI:69.00078678 VOL:NO MOM:0.03% RANGE:0.35% UP:43.75% SPREAD:0.29322328% BID:0.9208 ASK:0.9235 STATE:IN_POS
[2026-02-28 04:50:16] CHK EMA1m:OK EMA5m:OK RSI:69.00078678 VOL:NO MOM:0.03% RANGE:0.35% UP:43.75% SPREAD:0.29322328% BID:0.9208 ASK:0.9235 STATE:IN_POS
[2026-02-28 04:50:17] CHK EMA1m:OK EMA5m:OK RSI:69.00078678 VOL:NO MOM:0.05% RANGE:0.35% UP:43.75% SPREAD:0.29322328% BID:0.9208 ASK:0.9235 STATE:IN_POS
[2026-02-28 04:50:18] CHK EMA1m:OK EMA5m:OK RSI:69.00078678 VOL:NO MOM:0.07% RANGE:0.35% UP:5E+1% SPREAD:0.27144408% BID:0.921 ASK:0.9235 STATE:IN_POS
[2026-02-28 04:50:19] CHK EMA1m:OK EMA5m:OK RSI:69.00078678 VOL:NO MOM:0.09% RANGE:0.35% UP:56.25% SPREAD:0.26052974% BID:0.9212 ASK:0.9236 STATE:IN_POS
[2026-02-28 04:50:20] CHK EMA1m:OK EMA5m:OK RSI:69.00078678 VOL:NO MOM:-0.03% RANGE:0.35% UP:5E+1% SPREAD:0.29309596% BID:0.9212 ASK:0.9239 STATE:IN_POS
[2026-02-28 04:50:21] CHK EMA1m:OK EMA5m:OK RSI:69.00078678 VOL:NO MOM:-0.04% RANGE:0.35% UP:5E+1% SPREAD:0.28220992% BID:0.9213 ASK:0.9239 STATE:IN_POS
[2026-02-28 04:50:22] CHK EMA1m:OK EMA5m:OK RSI:69.00078678 VOL:NO MOM:-0.09% RANGE:0.35% UP:5E+1% SPREAD:0.27132624% BID:0.9214 ASK:0.9239 STATE:IN_POS
[2026-02-28 04:50:23] CHK EMA1m:OK EMA5m:OK RSI:69.00078678 VOL:NO MOM:-0.01% RANGE:0.27% UP:5E+1% SPREAD:0.24962014% BID:0.9214 ASK:0.9237 STATE:IN_POS
[2026-02-28 04:50:24] CHK EMA1m:OK EMA5m:OK RSI:69.00078678 VOL:NO MOM:0.07% RANGE:0.26% UP:5E+1% SPREAD:0.30388539% BID:0.9214 ASK:0.9242 STATE:IN_POS
[2026-02-28 04:50:25] CHK EMA1m:OK EMA5m:OK RSI:69.00078678 VOL:NO MOM:0.07% RANGE:0.26% UP:47.05% SPREAD:0.26047319% BID:0.9214 ASK:0.9238 STATE:IN_POS
[2026-02-28 04:50:26] CHK EMA1m:OK EMA5m:OK RSI:69.00078678 VOL:NO MOM:0.05% RANGE:0.26% UP:41.17% SPREAD:0.26047319% BID:0.9214 ASK:0.9238 STATE:IN_POS
[2026-02-28 04:50:27] CHK EMA1m:OK EMA5m:OK RSI:69.00078678 VOL:NO MOM:0.04% RANGE:0.26% UP:37.5% SPREAD:0.33644454% BID:0.9214 ASK:0.9245 STATE:IN_POS
[2026-02-28 04:50:28] CHK EMA1m:OK EMA5m:OK RSI:69.00078678 VOL:NO MOM:0.26% RANGE:0.26% UP:37.5% SPREAD:0.29303234% BID:0.9214 ASK:0.9241 STATE:IN_POS
[2026-02-28 04:50:29] CHK EMA1m:OK EMA5m:OK RSI:69.00078678 VOL:NO MOM:0.15% RANGE:0.26% UP:35.29% SPREAD:0.38026944% BID:0.9204 ASK:0.9239 STATE:IN_POS
[2026-02-28 04:50:30] CHK EMA1m:OK EMA5m:OK RSI:69.00078678 VOL:NO MOM:-0.09% RANGE:0.16% UP:29.41% SPREAD:0.38047613% BID:0.9199 ASK:0.9234 STATE:IN_POS
[2026-02-28 04:50:32] CHK EMA1m:OK EMA5m:OK RSI:69.00078678 VOL:NO MOM:-0.08% RANGE:0.16% UP:33.33% SPREAD:0.36956521% BID:0.92 ASK:0.9234 STATE:IN_POS
[2026-02-28 04:50:33] CHK EMA1m:OK EMA5m:OK RSI:69.00078678 VOL:NO MOM:-0.11% RANGE:0.17% UP:27.77% SPREAD:0.41313328% BID:0.9198 ASK:0.9236 STATE:IN_POS
[2026-02-28 04:50:34] CHK EMA1m:OK EMA5m:OK RSI:69.00078678 VOL:NO MOM:-0.09% RANGE:0.17% UP:33.33% SPREAD:0.23915643% BID:0.9199 ASK:0.9221 STATE:IN_POS
[2026-02-28 04:50:35] CHK EMA1m:OK EMA5m:OK RSI:69.00078678 VOL:NO MOM:-0.17% RANGE:0.23% UP:33.33% SPREAD:0.3046127% BID:0.9192 ASK:0.922 STATE:IN_POS
[2026-02-28 04:50:36] CHK EMA1m:OK EMA5m:OK RSI:69.00078678 VOL:NO MOM:-0.17% RANGE:0.23% UP:33.33% SPREAD:0.3046127% BID:0.9192 ASK:0.922 STATE:IN_POS
[2026-02-28 04:50:38] CHK EMA1m:OK EMA5m:OK RSI:69.00078678 VOL:NO MOM:-0.17% RANGE:0.23% UP:31.57% SPREAD:0.3046127% BID:0.9192 ASK:0.922 STATE:IN_POS
[2026-02-28 04:50:38] CHK EMA1m:OK EMA5m:OK RSI:69.00078678 VOL:NO MOM:-0.33% RANGE:0.35% UP:22.22% SPREAD:0.31586973% BID:0.9181 ASK:0.921 STATE:IN_POS
[2026-02-28 04:50:39] SELL symbol=BARDUSDC qty=10.6 exit=0.9182 pnl=-0.08585999999999995 reason=STOP profile=major
[2026-02-28 04:51:10] CHK EMA1m:OK EMA5m:OK RSI:58.21854912 VOL:NO MOM:0.14% RANGE:0.39% UP:43.58% SPREAD:0.35912504% BID:0.9189 ASK:0.9222 STATE:IDLE
[2026-02-28 04:51:10] DECIDE_HOLD reason=HOLD_SPREAD spread=0.3591% mom=0.1417% range=0.3931% up=43.59% rsi=58.21854912764001
[2026-02-28 04:51:11] CHK EMA1m:OK EMA5m:OK RSI:58.21854912 VOL:NO MOM:0.11% RANGE:0.39% UP:44.73% SPREAD:0.3375068% BID:0.9185 ASK:0.9216 STATE:IDLE
[2026-02-28 04:51:12] CHK EMA1m:OK EMA5m:OK RSI:58.21854912 VOL:NO MOM:0.11% RANGE:0.39% UP:45.94% SPREAD:0.29395753% BID:0.9185 ASK:0.9212 STATE:IDLE
[2026-02-28 04:51:13] CHK EMA1m:OK EMA5m:OK RSI:58.21854912 VOL:NO MOM:0.28% RANGE:0.39% UP:5E+1% SPREAD:0.36980639% BID:0.9194 ASK:0.9228 STATE:IDLE
[2026-02-28 04:51:14] CHK EMA1m:OK EMA5m:OK RSI:58.21854912 VOL:NO MOM:0.34% RANGE:0.4% UP:54.28% SPREAD:0.43497172% BID:0.9196 ASK:0.9236 STATE:IDLE
[2026-02-28 04:51:15] CHK EMA1m:OK EMA5m:OK RSI:58.21854912 VOL:NO MOM:0.22% RANGE:0.4% UP:52.94% SPREAD:0.33743332% BID:0.9187 ASK:0.9218 STATE:IDLE
[2026-02-28 04:51:16] CHK EMA1m:OK EMA5m:OK RSI:58.21854912 VOL:NO MOM:0.31% RANGE:0.4% UP:59.37% SPREAD:0.32651284% BID:0.9188 ASK:0.9218 STATE:IDLE
[2026-02-28 04:51:17] CHK EMA1m:OK EMA5m:OK RSI:58.21854912 VOL:NO MOM:0.27% RANGE:0.37% UP:54.83% SPREAD:0.27212365% BID:0.9187 ASK:0.9212 STATE:IDLE
[2026-02-28 04:51:18] CHK EMA1m:OK EMA5m:OK RSI:58.21854912 VOL:NO MOM:0.34% RANGE:0.34% UP:56.66% SPREAD:0.61983471% BID:0.9196 ASK:0.9253 STATE:IDLE
[2026-02-28 04:51:19] CHK EMA1m:OK EMA5m:OK RSI:58.21854912 VOL:NO MOM:0.29% RANGE:0.34% UP:58.62% SPREAD:0.6088942% BID:0.9197 ASK:0.9253 STATE:IDLE
[2026-02-28 04:51:21] CHK EMA1m:OK EMA5m:OK RSI:58.21854912 VOL:NO MOM:0.35% RANGE:0.38% UP:64.28% SPREAD:0.32608695% BID:0.92 ASK:0.923 STATE:IDLE
[2026-02-28 04:51:21] DECIDE_HOLD reason=HOLD_RANGE_SPREAD spread=0.3261% mom=0.3600% range=0.3819% up=64.29% rsi=58.21854912764001
[2026-02-28 04:51:22] CHK EMA1m:OK EMA5m:OK RSI:58.21854912 VOL:NO MOM:0.32% RANGE:0.38% UP:61.53% SPREAD:0.41308837% BID:0.9199 ASK:0.9237 STATE:IDLE
[2026-02-28 04:51:23] CHK EMA1m:OK EMA5m:OK RSI:58.21854912 VOL:NO MOM:0.22% RANGE:0.38% UP:56% SPREAD:0.38047613% BID:0.9199 ASK:0.9234 STATE:IDLE
[2026-02-28 04:51:24] CHK EMA1m:OK EMA5m:OK RSI:58.21854912 VOL:NO MOM:0.37% RANGE:0.38% UP:58.33% SPREAD:0.35873464% BID:0.9199 ASK:0.9232 STATE:IDLE
[2026-02-28 04:51:25] CHK EMA1m:OK EMA5m:OK RSI:58.21854912 VOL:NO MOM:0.32% RANGE:0.33% UP:54.16% SPREAD:0.34786389% BID:0.9199 ASK:0.9231 STATE:IDLE
[2026-02-28 04:51:26] CHK EMA1m:OK EMA5m:OK RSI:58.21854912 VOL:NO MOM:0.21% RANGE:0.22% UP:47.82% SPREAD:0.34786389% BID:0.9199 ASK:0.9231 STATE:IDLE
[2026-02-28 04:51:27] CHK EMA1m:OK EMA5m:OK RSI:58.21854912 VOL:NO MOM:0.19% RANGE:0.2% UP:42.85% SPREAD:0.29335071% BID:0.9204 ASK:0.9231 STATE:IDLE
[2026-02-28 04:51:28] CHK EMA1m:OK EMA5m:OK RSI:58.21854912 VOL:NO MOM:0.13% RANGE:0.2% UP:4E+1% SPREAD:0.34782608% BID:0.92 ASK:0.9232 STATE:IDLE
[2026-02-28 04:51:29] CHK EMA1m:OK EMA5m:OK RSI:58.21854912 VOL:NO MOM:0.11% RANGE:0.2% UP:36.84% SPREAD:0.31521739% BID:0.92 ASK:0.9229 STATE:IDLE
[2026-02-28 04:51:30] CHK EMA1m:OK EMA5m:OK RSI:58.21854912 VOL:NO MOM:0.16% RANGE:0.2% UP:38.88% SPREAD:0.32608695% BID:0.92 ASK:0.923 STATE:IDLE
[2026-02-28 04:51:31] CHK EMA1m:OK EMA5m:OK RSI:58.21854912 VOL:NO MOM:0.16% RANGE:0.2% UP:36.84% SPREAD:0.36956521% BID:0.92 ASK:0.9234 STATE:IDLE
[2026-02-28 04:51:31] DECIDE_HOLD reason=HOLD_SPREAD spread=0.3696% mom=0.1633% range=0.2069% up=36.84% rsi=58.21854912764001
[2026-02-28 04:51:32] CHK EMA1m:OK EMA5m:OK RSI:58.21854912 VOL:NO MOM:0.06% RANGE:0.18% UP:33.33% SPREAD:0.36956521% BID:0.92 ASK:0.9234 STATE:IDLE
[2026-02-28 04:51:33] CHK EMA1m:OK EMA5m:OK RSI:58.21854912 VOL:NO MOM:0.26% RANGE:0.35% UP:33.33% SPREAD:0.4989154% BID:0.922 ASK:0.9266 STATE:IDLE
[2026-02-28 04:51:34] CHK EMA1m:OK EMA5m:OK RSI:58.21854912 VOL:NO MOM:0.35% RANGE:0.35% UP:33.33% SPREAD:0.44468546% BID:0.922 ASK:0.9261 STATE:IDLE
[2026-02-28 04:51:35] CHK EMA1m:OK EMA5m:OK RSI:58.21854912 VOL:NO MOM:0.34% RANGE:0.35% UP:27.77% SPREAD:0.48806941% BID:0.922 ASK:0.9265 STATE:IDLE
[2026-02-28 04:51:37] CHK EMA1m:OK EMA5m:OK RSI:58.21854912 VOL:NO MOM:0.34% RANGE:0.35% UP:26.31% SPREAD:0.4121475% BID:0.922 ASK:0.9258 STATE:IDLE
[2026-02-28 04:51:38] CHK EMA1m:OK EMA5m:OK RSI:58.21854912 VOL:NO MOM:0.26% RANGE:0.26% UP:22.22% SPREAD:0.40130151% BID:0.922 ASK:0.9257 STATE:IDLE
[2026-02-28 04:51:39] CHK EMA1m:OK EMA5m:OK RSI:58.21854912 VOL:NO MOM:0.31% RANGE:0.31% UP:22.22% SPREAD:0.4227184% BID:0.9226 ASK:0.9265 STATE:IDLE
[2026-02-28 04:51:40] CHK EMA1m:OK EMA5m:OK RSI:58.21854912 VOL:NO MOM:0.33% RANGE:0.34% UP:22.22% SPREAD:0.37915718% BID:0.9231 ASK:0.9266 STATE:IDLE
[2026-02-28 04:51:41] CHK EMA1m:OK EMA5m:OK RSI:58.21854912 VOL:NO MOM:0.31% RANGE:0.34% UP:22.22% SPREAD:0.4117902% BID:0.9228 ASK:0.9266 STATE:IDLE
[2026-02-28 04:51:41] DECIDE_HOLD reason=HOLD_SPREAD spread=0.4118% mom=0.3153% range=0.3479% up=22.22% rsi=58.21854912764001
[2026-02-28 04:51:43] CHK EMA1m:OK EMA5m:OK RSI:58.21854912 VOL:NO MOM:0.28% RANGE:0.34% UP:22.22% SPREAD:0.29268292% BID:0.9225 ASK:0.9252 STATE:IDLE
[2026-02-28 04:51:44] CHK EMA1m:OK EMA5m:OK RSI:58.21854912 VOL:NO MOM:0.28% RANGE:0.34% UP:23.52% SPREAD:0.29268292% BID:0.9225 ASK:0.9252 STATE:IDLE
[2026-02-28 04:51:45] CHK EMA1m:OK EMA5m:OK RSI:58.21854912 VOL:NO MOM:0.25% RANGE:0.34% UP:23.52% SPREAD:0.2819345% BID:0.9222 ASK:0.9248 STATE:IDLE
[2026-02-28 04:51:46] CHK EMA1m:OK EMA5m:OK RSI:58.21854912 VOL:NO MOM:0.19% RANGE:0.33% UP:17.64% SPREAD:0.36868358% BID:0.9222 ASK:0.9256 STATE:IDLE
[2026-02-28 04:51:48] CHK EMA1m:OK EMA5m:OK RSI:58.21854912 VOL:NO MOM:0.19% RANGE:0.33% UP:17.64% SPREAD:0.41223692% BID:0.9218 ASK:0.9256 STATE:IDLE
[2026-02-28 04:51:49] CHK EMA1m:OK EMA5m:OK RSI:58.21854912 VOL:NO MOM:0.26% RANGE:0.33% UP:23.52% SPREAD:0.34692107% BID:0.9224 ASK:0.9256 STATE:IDLE
[2026-02-28 04:51:50] CHK EMA1m:OK EMA5m:OK RSI:58.21854912 VOL:NO MOM:0.26% RANGE:0.33% UP:25% SPREAD:0.34692107% BID:0.9224 ASK:0.9256 STATE:IDLE
[2026-02-28 04:51:51] CHK EMA1m:OK EMA5m:OK RSI:58.21854912 VOL:NO MOM:0.19% RANGE:0.33% UP:25% SPREAD:0.31460186% BID:0.9218 ASK:0.9247 STATE:IDLE
[2026-02-28 04:51:51] DECIDE_HOLD reason=HOLD_SPREAD spread=0.3146% mom=0.1957% range=0.3370% up=25.00% rsi=58.21854912764001
[2026-02-28 04:51:52] CHK EMA1m:OK EMA5m:OK RSI:58.21854912 VOL:NO MOM:0.2% RANGE:0.33% UP:29.41% SPREAD:0.30372057% BID:0.9219 ASK:0.9247 STATE:IDLE
[2026-02-28 04:51:53] CHK EMA1m:OK EMA5m:OK RSI:58.21854912 VOL:NO MOM:-0.01% RANGE:0.14% UP:23.52% SPREAD:0.30372057% BID:0.9219 ASK:0.9247 STATE:IDLE
[2026-02-28 04:51:54] CHK EMA1m:OK EMA5m:OK RSI:58.21854912 VOL:NO MOM:-0.01% RANGE:0.14% UP:25% SPREAD:0.31456774% BID:0.9219 ASK:0.9248 STATE:IDLE
[2026-02-28 04:51:55] CHK EMA1m:OK EMA5m:OK RSI:58.21854912 VOL:NO MOM:-0.01% RANGE:0.14% UP:25% SPREAD:0.31456774% BID:0.9219 ASK:0.9248 STATE:IDLE
[2026-02-28 04:51:56] CHK EMA1m:OK EMA5m:OK RSI:58.21854912 VOL:NO MOM:-0.01% RANGE:0.14% UP:25% SPREAD:0.31456774% BID:0.9219 ASK:0.9248 STATE:IDLE
[2026-02-28 04:51:57] CHK EMA1m:OK EMA5m:OK RSI:58.21854912 VOL:NO MOM:-0.01% RANGE:0.14% UP:23.52% SPREAD:0.31456774% BID:0.9219 ASK:0.9248 STATE:IDLE
[2026-02-28 04:51:59] CHK EMA1m:OK EMA5m:OK RSI:58.21854912 VOL:NO MOM:-0.07% RANGE:0.14% UP:17.64% SPREAD:0.31456774% BID:0.9219 ASK:0.9248 STATE:IDLE
[2026-02-28 04:52:00] CHK EMA1m:OK EMA5m:OK RSI:58.21854912 VOL:NO MOM:-0.08% RANGE:0.14% UP:17.64% SPREAD:0.32527377% BID:0.9223 ASK:0.9253 STATE:IDLE
[2026-02-28 04:52:01] CHK EMA1m:OK EMA5m:OK RSI:50.75757575 VOL:NO MOM:-0.03% RANGE:0.1% UP:23.52% SPREAD:0.29268292% BID:0.9225 ASK:0.9252 STATE:IDLE
[2026-02-28 04:52:02] CHK EMA1m:OK EMA5m:OK RSI:50.75757575 VOL:NO MOM:-0.06% RANGE:0.07% UP:25% SPREAD:0.31456774% BID:0.9219 ASK:0.9248 STATE:IDLE
[2026-02-28 04:52:02] DECIDE_HOLD reason=HOLD_SPREAD spread=0.3146% mom=-0.0650% range=0.0759% up=25.00% rsi=50.75757575757574
[2026-02-28 04:52:03] CHK EMA1m:OK EMA5m:OK RSI:50.75757575 VOL:NO MOM:-0.06% RANGE:0.07% UP:23.52% SPREAD:0.33626206% BID:0.9219 ASK:0.925 STATE:IDLE
[2026-02-28 04:52:04] CHK EMA1m:OK EMA5m:OK RSI:50.75757575 VOL:NO MOM:-0.04% RANGE:0.07% UP:23.52% SPREAD:0.31460186% BID:0.9218 ASK:0.9247 STATE:IDLE
[2026-02-28 04:52:05] CHK EMA1m:OK EMA5m:OK RSI:50.75757575 VOL:NO MOM:-0.04% RANGE:0.07% UP:23.52% SPREAD:0.29290518% BID:0.9218 ASK:0.9245 STATE:IDLE
[2026-02-28 04:52:06] CHK EMA1m:OK EMA5m:OK RSI:50.75757575 VOL:NO MOM:-0.02% RANGE:0.09% UP:23.52% SPREAD:0.28211805% BID:0.9216 ASK:0.9242 STATE:IDLE
[2026-02-28 04:52:07] CHK EMA1m:OK EMA5m:OK RSI:50.75757575 VOL:NO MOM:-0.08% RANGE:0.09% UP:17.64% SPREAD:0.27126736% BID:0.9216 ASK:0.9241 STATE:IDLE
[2026-02-28 04:52:08] CHK EMA1m:OK EMA5m:OK RSI:50.75757575 VOL:NO MOM:-0.11% RANGE:0.13% UP:16.66% SPREAD:0.30391837% BID:0.9213 ASK:0.9241 STATE:IDLE
[2026-02-28 04:52:10] CHK EMA1m:OK EMA5m:OK RSI:50.75757575 VOL:NO MOM:-0.1% RANGE:0.13% UP:22.22% SPREAD:0.29303234% BID:0.9214 ASK:0.9241 STATE:IDLE
[2026-02-28 04:52:11] CHK EMA1m:OK EMA5m:OK RSI:50.75757575 VOL:NO MOM:-0.03% RANGE:0.13% UP:27.77% SPREAD:0.28214867% BID:0.9215 ASK:0.9241 STATE:IDLE
[2026-02-28 04:52:12] CHK EMA1m:OK EMA5m:OK RSI:50.75757575 VOL:NO MOM:-0.04% RANGE:0.13% UP:22.22% SPREAD:0.28214867% BID:0.9215 ASK:0.9241 STATE:IDLE
[2026-02-28 04:52:14] CHK EMA1m:OK EMA5m:OK RSI:50.75757575 VOL:NO MOM:-0.1% RANGE:0.17% UP:22.22% SPREAD:0.18460201% BID:0.9209 ASK:0.9226 STATE:IDLE
[2026-02-28 04:52:14] DECIDE_HOLD reason=HOLD_RANGE_SPREAD spread=0.1846% mom=-0.1085% range=0.1737% up=22.22% rsi=50.75757575757574
[2026-02-28 04:52:16] CHK EMA1m:OK EMA5m:OK RSI:50.75757575 VOL:NO MOM:-0.26% RANGE:0.32% UP:23.52% SPREAD:0.28276237% BID:0.9195 ASK:0.9221 STATE:IDLE
[2026-02-28 04:52:17] CHK EMA1m:OK EMA5m:OK RSI:50.75757575 VOL:NO MOM:-0.27% RANGE:0.33% UP:25% SPREAD:0.40243637% BID:0.9194 ASK:0.9231 STATE:IDLE
[2026-02-28 04:52:18] CHK EMA1m:OK EMA5m:OK RSI:50.75757575 VOL:NO MOM:-0.27% RANGE:0.33% UP:25% SPREAD:0.40243637% BID:0.9194 ASK:0.9231 STATE:IDLE
[2026-02-28 04:52:19] CHK EMA1m:OK EMA5m:OK RSI:50.75757575 VOL:NO MOM:-0.26% RANGE:0.33% UP:25% SPREAD:0.30438091% BID:0.9199 ASK:0.9227 STATE:IDLE
[2026-02-28 04:52:20] CHK EMA1m:OK EMA5m:OK RSI:50.75757575 VOL:NO MOM:-0.34% RANGE:0.34% UP:18.75% SPREAD:0.32633525% BID:0.9193 ASK:0.9223 STATE:IDLE
[2026-02-28 04:52:21] CHK EMA1m:OK EMA5m:OK RSI:51.85185185 VOL:OK MOM:-0.47% RANGE:0.47% UP:18.75% SPREAD:0.26158038% BID:0.9175 ASK:0.9199 STATE:IDLE
[2026-02-28 04:52:22] CHK EMA1m:OK EMA5m:OK RSI:51.85185185 VOL:OK MOM:-0.48% RANGE:0.49% UP:18.75% SPREAD:0.29431% BID:0.9174 ASK:0.9201 STATE:IDLE
[2026-02-28 04:52:24] CHK EMA1m:OK EMA5m:OK RSI:51.85185185 VOL:OK MOM:-0.49% RANGE:0.5% UP:18.75% SPREAD:0.31617967% BID:0.9172 ASK:0.9201 STATE:IDLE
[2026-02-28 04:52:24] DECIDE_HOLD reason=HOLD_SPREAD spread=0.3162% mom=-0.4990% range=0.5015% up=18.75% rsi=51.851851851851826
[2026-02-28 04:52:25] CHK EMA1m:OK EMA5m:OK RSI:51.85185185 VOL:OK MOM:-0.58% RANGE:0.58% UP:18.75% SPREAD:0.27280663% BID:0.9164 ASK:0.9189 STATE:IDLE
[2026-02-28 04:52:26] CHK EMA1m:OK EMA5m:OK RSI:51.85185185 VOL:OK MOM:-0.64% RANGE:0.64% UP:18.75% SPREAD:0.3166976% BID:0.9157 ASK:0.9186 STATE:IDLE
[2026-02-28 04:52:27] CHK EMA1m:OK EMA5m:OK RSI:51.85185185 VOL:OK MOM:-0.61% RANGE:0.64% UP:25% SPREAD:0.36030134% BID:0.9159 ASK:0.9192 STATE:IDLE
[2026-02-28 04:52:28] BUY symbol=BARDUSDC qty=10.6 entry=0.9192 momPct=-0.006184895833333255 rangePct=0.00644315823959814 upRatio=0.25 profile=major
[2026-02-28 04:52:28] CHK EMA1m:OK EMA5m:OK RSI:52.10526315 VOL:OK MOM:-0.59% RANGE:0.63% UP:2E+1% SPREAD:0.36030134% BID:0.9159 ASK:0.9192 STATE:IN_POS
[2026-02-28 04:52:29] CHK EMA1m:OK EMA5m:OK RSI:52.10526315 VOL:OK MOM:-0.58% RANGE:0.63% UP:2E+1% SPREAD:0.338391% BID:0.9161 ASK:0.9192 STATE:IN_POS
[2026-02-28 04:52:30] CHK EMA1m:OK EMA5m:OK RSI:52.10526315 VOL:OK MOM:-0.64% RANGE:0.64% UP:18.75% SPREAD:0.32765399% BID:0.9156 ASK:0.9186 STATE:IN_POS
[2026-02-28 04:52:32] CHK EMA1m:OK EMA5m:OK RSI:52.10526315 VOL:OK MOM:-0.64% RANGE:0.64% UP:18.75% SPREAD:0.32765399% BID:0.9156 ASK:0.9186 STATE:IN_POS
[2026-02-28 04:52:33] CHK EMA1m:OK EMA5m:OK RSI:52.10526315 VOL:OK MOM:-0.42% RANGE:0.46% UP:2E+1% SPREAD:0.32765399% BID:0.9156 ASK:0.9186 STATE:IN_POS
[2026-02-28 04:52:35] CHK EMA1m:OK EMA5m:OK RSI:52.10526315 VOL:OK MOM:-0.42% RANGE:0.48% UP:2E+1% SPREAD:0.2949208% BID:0.9155 ASK:0.9182 STATE:IN_POS
[2026-02-28 04:52:36] CHK EMA1m:OK EMA5m:OK RSI:52.10526315 VOL:OK MOM:-0.48% RANGE:0.54% UP:18.75% SPREAD:0.38255547% BID:0.9149 ASK:0.9184 STATE:IN_POS
[2026-02-28 04:52:37] CHK EMA1m:OK EMA5m:OK RSI:52.10526315 VOL:OK MOM:-0.48% RANGE:0.54% UP:17.64% SPREAD:0.349765% BID:0.9149 ASK:0.9181 STATE:IN_POS
[2026-02-28 04:52:38] CHK EMA1m:OK EMA5m:OK RSI:52.10526315 VOL:OK MOM:-0.41% RANGE:0.54% UP:23.52% SPREAD:0.27304499% BID:0.9156 ASK:0.9181 STATE:IN_POS
[2026-02-28 04:52:39] CHK EMA1m:OK EMA5m:OK RSI:52.10526315 VOL:OK MOM:-0.42% RANGE:0.48% UP:18.75% SPREAD:0.31680139% BID:0.9154 ASK:0.9183 STATE:IN_POS
[2026-02-28 04:52:40] CHK EMA1m:OK EMA5m:OK RSI:52.10526315 VOL:OK MOM:-0.21% RANGE:0.28% UP:25% SPREAD:0.32768978% BID:0.9155 ASK:0.9185 STATE:IN_POS
[2026-02-28 04:52:41] CHK EMA1m:OK EMA5m:OK RSI:52.10526315 VOL:OK MOM:-0.23% RANGE:0.28% UP:23.52% SPREAD:0.34961214% BID:0.9153 ASK:0.9185 STATE:IN_POS
[2026-02-28 04:52:43] CHK EMA1m:OK EMA5m:OK RSI:52.10526315 VOL:OK MOM:-0.27% RANGE:0.27% UP:23.52% SPREAD:0.30604437% BID:0.9149 ASK:0.9177 STATE:IN_POS
[2026-02-28 04:52:44] CHK EMA1m:OK EMA5m:OK RSI:52.10526315 VOL:OK MOM:-0.16% RANGE:0.16% UP:25% SPREAD:0.30604437% BID:0.9149 ASK:0.9177 STATE:IN_POS
[2026-02-28 04:52:45] CHK EMA1m:OK EMA5m:OK RSI:52.10526315 VOL:OK MOM:-0.16% RANGE:0.16% UP:23.52% SPREAD:0.30604437% BID:0.9149 ASK:0.9177 STATE:IN_POS
[2026-02-28 04:52:46] CHK EMA1m:OK EMA5m:OK RSI:52.10526315 VOL:OK MOM:-0.08% RANGE:0.13% UP:23.52% SPREAD:0.30604437% BID:0.9149 ASK:0.9177 STATE:IN_POS
[2026-02-28 04:52:47] CHK EMA1m:OK EMA5m:OK RSI:52.10526315 VOL:OK MOM:-0.2% RANGE:0.22% UP:17.64% SPREAD:0.36105032% BID:0.914 ASK:0.9173 STATE:IN_POS
[2026-02-28 04:52:48] CHK EMA1m:OK EMA5m:OK RSI:52.10526315 VOL:OK MOM:-0.22% RANGE:0.25% UP:17.64% SPREAD:0.38301597% BID:0.9138 ASK:0.9173 STATE:IN_POS
[2026-02-28 04:52:49] CHK EMA1m:OK EMA5m:OK RSI:52.10526315 VOL:OK MOM:-0.37% RANGE:0.37% UP:11.76% SPREAD:0.48208611% BID:0.9127 ASK:0.9171 STATE:IN_POS
[2026-02-28 04:52:50] CHK EMA1m:OK EMA5m:OK RSI:52.10526315 VOL:OK MOM:-0.24% RANGE:0.31% UP:17.64% SPREAD:0.29559886% BID:0.9134 ASK:0.9161 STATE:IN_POS
[2026-02-28 04:52:51] CHK EMA1m:OK EMA5m:OK RSI:52.10526315 VOL:OK MOM:-0.15% RANGE:0.31% UP:23.52% SPREAD:0.35003281% BID:0.9142 ASK:0.9174 STATE:IN_POS
[2026-02-28 04:52:52] CHK EMA1m:OK EMA5m:OK RSI:52.10526315 VOL:OK MOM:-0.17% RANGE:0.31% UP:23.52% SPREAD:0.37199124% BID:0.914 ASK:0.9174 STATE:IN_POS
[2026-02-28 04:52:53] CHK EMA1m:OK EMA5m:OK RSI:52.10526315 VOL:OK MOM:-0.16% RANGE:0.31% UP:23.52% SPREAD:0.37199124% BID:0.914 ASK:0.9174 STATE:IN_POS
[2026-02-28 04:52:54] CHK EMA1m:OK EMA5m:OK RSI:52.10526315 VOL:OK MOM:-0.16% RANGE:0.31% UP:22.22% SPREAD:0.37199124% BID:0.914 ASK:0.9174 STATE:IN_POS
[2026-02-28 04:52:56] CHK EMA1m:OK EMA5m:OK RSI:52.10526315 VOL:OK MOM:-0.07% RANGE:0.31% UP:29.41% SPREAD:0.35003281% BID:0.9142 ASK:0.9174 STATE:IN_POS
[2026-02-28 04:52:57] CHK EMA1m:OK EMA5m:OK RSI:52.10526315 VOL:OK MOM:-0.15% RANGE:0.31% UP:23.52% SPREAD:0.35003281% BID:0.9142 ASK:0.9174 STATE:IN_POS
[2026-02-28 04:52:58] CHK EMA1m:OK EMA5m:OK RSI:52.10526315 VOL:OK MOM:-0.15% RANGE:0.31% UP:22.22% SPREAD:0.35003281% BID:0.9142 ASK:0.9174 STATE:IN_POS
[2026-02-28 04:52:59] CHK EMA1m:OK EMA5m:OK RSI:52.10526315 VOL:OK MOM:-0.18% RANGE:0.3% UP:22.22% SPREAD:0.2955018% BID:0.9137 ASK:0.9164 STATE:IN_POS
[2026-02-28 04:53:00] CHK EMA1m:OK EMA5m:OK RSI:52.10526315 VOL:OK MOM:-0.19% RANGE:0.3% UP:16.66% SPREAD:0.27361278% BID:0.9137 ASK:0.9162 STATE:IN_POS
[2026-02-28 04:53:01] CHK EMA1m:OK EMA5m:OK RSI:49.33184855 VOL:NO MOM:-0.17% RANGE:0.28% UP:16.66% SPREAD:0.30644631% BID:0.9137 ASK:0.9165 STATE:IN_POS
[2026-02-28 04:53:02] CHK EMA1m:OK EMA5m:OK RSI:49.33184855 VOL:NO MOM:-0.13% RANGE:0.24% UP:16.66% SPREAD:0.28455729% BID:0.9137 ASK:0.9163 STATE:IN_POS
[2026-02-28 04:53:03] CHK EMA1m:OK EMA5m:OK RSI:49.33184855 VOL:NO MOM:-0.13% RANGE:0.24% UP:16.66% SPREAD:0.30644631% BID:0.9137 ASK:0.9165 STATE:IN_POS
[2026-02-28 04:53:05] CHK EMA1m:OK EMA5m:OK RSI:49.33184855 VOL:NO MOM:-0.17% RANGE:0.24% UP:16.66% SPREAD:0.35037775% BID:0.9133 ASK:0.9165 STATE:IN_POS
[2026-02-28 04:53:05] CHK EMA1m:OK EMA5m:OK RSI:49.33184855 VOL:NO MOM:-0.19% RANGE:0.24% UP:16.66% SPREAD:0.30664768% BID:0.9131 ASK:0.9159 STATE:IN_POS
[2026-02-28 04:53:06] CHK EMA1m:OK EMA5m:OK RSI:49.33184855 VOL:NO MOM:-0.07% RANGE:0.16% UP:22.22% SPREAD:0.30658053% BID:0.9133 ASK:0.9161 STATE:IN_POS
[2026-02-28 04:53:07] CHK EMA1m:OK EMA5m:OK RSI:49.33184855 VOL:NO MOM:-0.07% RANGE:0.16% UP:22.22% SPREAD:0.32855108% BID:0.9131 ASK:0.9161 STATE:IN_POS
[2026-02-28 04:53:08] CHK EMA1m:OK EMA5m:OK RSI:49.33184855 VOL:NO MOM:0.06% RANGE:0.16% UP:27.77% SPREAD:0.30658053% BID:0.9133 ASK:0.9161 STATE:IN_POS
[2026-02-28 04:53:10] CHK EMA1m:OK EMA5m:OK RSI:49.33184855 VOL:NO MOM:-0.03% RANGE:0.12% UP:22.22% SPREAD:0.30664768% BID:0.9131 ASK:0.9159 STATE:IN_POS
[2026-02-28 04:53:11] CHK EMA1m:OK EMA5m:OK RSI:49.33184855 VOL:NO MOM:-0.14% RANGE:0.14% UP:16.66% SPREAD:0.32862306% BID:0.9129 ASK:0.9159 STATE:IN_POS
[2026-02-28 04:53:12] CHK EMA1m:OK EMA5m:OK RSI:49.33184855 VOL:NO MOM:-0.12% RANGE:0.14% UP:16.66% SPREAD:0.41625588% BID:0.9129 ASK:0.9167 STATE:IN_POS
[2026-02-28 04:53:13] CHK EMA1m:OK EMA5m:OK RSI:49.33184855 VOL:NO MOM:-0.09% RANGE:0.14% UP:22.22% SPREAD:0.33950279% BID:0.9131 ASK:0.9162 STATE:IN_POS
[2026-02-28 04:53:14] CHK EMA1m:OK EMA5m:OK RSI:49.33184855 VOL:NO MOM:-0.09% RANGE:0.14% UP:22.22% SPREAD:0.33950279% BID:0.9131 ASK:0.9162 STATE:IN_POS
[2026-02-28 04:53:17] CHK EMA1m:OK EMA5m:OK RSI:49.33184855 VOL:NO MOM:-0.09% RANGE:0.14% UP:23.52% SPREAD:0.35037775% BID:0.9133 ASK:0.9165 STATE:IN_POS
[2026-02-28 04:53:18] CHK EMA1m:OK EMA5m:OK RSI:49.33184855 VOL:NO MOM:-0.04% RANGE:0.08% UP:25% SPREAD:0.35037775% BID:0.9133 ASK:0.9165 STATE:IN_POS
[2026-02-28 04:53:19] CHK EMA1m:OK EMA5m:OK RSI:49.33184855 VOL:NO MOM:-0.04% RANGE:0.08% UP:25% SPREAD:0.35037775% BID:0.9133 ASK:0.9165 STATE:IN_POS
[2026-02-28 04:53:20] CHK EMA1m:OK EMA5m:OK RSI:49.33184855 VOL:NO MOM:-0.04% RANGE:0.08% UP:25% SPREAD:0.35037775% BID:0.9133 ASK:0.9165 STATE:IN_POS
[2026-02-28 04:53:22] CHK EMA1m:OK EMA5m:OK RSI:49.33184855 VOL:NO MOM:-0.04% RANGE:0.08% UP:25% SPREAD:0.35037775% BID:0.9133 ASK:0.9165 STATE:IN_POS
[2026-02-28 04:53:23] CHK EMA1m:OK EMA5m:OK RSI:49.33184855 VOL:NO MOM:-0.03% RANGE:0.08% UP:31.25% SPREAD:0.33939128% BID:0.9134 ASK:0.9165 STATE:IN_POS
[2026-02-28 04:53:24] CHK EMA1m:OK EMA5m:OK RSI:49.33184855 VOL:NO MOM:0.03% RANGE:0.07% UP:37.5% SPREAD:0.31742556% BID:0.9136 ASK:0.9165 STATE:IN_POS
[2026-02-28 04:53:25] CHK EMA1m:OK EMA5m:OK RSI:49.33184855 VOL:NO MOM:0.01% RANGE:0.07% UP:37.5% SPREAD:0.36136662% BID:0.9132 ASK:0.9165 STATE:IN_POS
[2026-02-28 04:53:26] CHK EMA1m:OK EMA5m:OK RSI:49.33184855 VOL:NO MOM:0.33% RANGE:0.38% UP:37.5% SPREAD:0.30554343% BID:0.9164 ASK:0.9192 STATE:IN_POS
[2026-02-28 04:53:27] CHK EMA1m:OK EMA5m:OK RSI:49.33184855 VOL:NO MOM:0.31% RANGE:0.38% UP:37.5% SPREAD:0.32751091% BID:0.916 ASK:0.919 STATE:IN_POS
[2026-02-28 04:53:28] CHK EMA1m:OK EMA5m:OK RSI:49.33184855 VOL:NO MOM:0.29% RANGE:0.38% UP:31.25% SPREAD:0.34934497% BID:0.916 ASK:0.9192 STATE:IN_POS
[2026-02-28 04:53:29] CHK EMA1m:OK EMA5m:OK RSI:49.33184855 VOL:NO MOM:0.31% RANGE:0.38% UP:31.25% SPREAD:0.32751091% BID:0.916 ASK:0.919 STATE:IN_POS
[2026-02-28 04:53:30] CHK EMA1m:OK EMA5m:OK RSI:49.33184855 VOL:NO MOM:0.33% RANGE:0.38% UP:31.25% SPREAD:0.34934497% BID:0.916 ASK:0.9192 STATE:IN_POS
[2026-02-28 04:53:31] CHK EMA1m:OK EMA5m:OK RSI:49.33184855 VOL:NO MOM:0.36% RANGE:0.38% UP:37.5% SPREAD:0.32743942% BID:0.9162 ASK:0.9192 STATE:IN_POS
[2026-02-28 04:53:32] CHK EMA1m:OK EMA5m:OK RSI:49.33184855 VOL:NO MOM:0.38% RANGE:0.38% UP:37.5% SPREAD:0.28365699% BID:0.9166 ASK:0.9192 STATE:IN_POS
[2026-02-28 04:53:33] CHK EMA1m:OK EMA5m:OK RSI:49.33184855 VOL:NO MOM:0.33% RANGE:0.38% UP:37.5% SPREAD:0.32743942% BID:0.9162 ASK:0.9192 STATE:IN_POS
[2026-02-28 04:53:34] CHK EMA1m:OK EMA5m:OK RSI:49.33184855 VOL:NO MOM:0.31% RANGE:0.37% UP:31.25% SPREAD:0.32743942% BID:0.9162 ASK:0.9192 STATE:IN_POS
[2026-02-28 04:53:35] CHK EMA1m:OK EMA5m:OK RSI:49.33184855 VOL:NO MOM:0.36% RANGE:0.37% UP:35.29% SPREAD:0.28365699% BID:0.9166 ASK:0.9192 STATE:IN_POS
[2026-02-28 04:53:36] CHK EMA1m:OK EMA5m:OK RSI:49.33184855 VOL:NO MOM:0.31% RANGE:0.37% UP:35.29% SPREAD:0.32743942% BID:0.9162 ASK:0.9192 STATE:IN_POS
[2026-02-28 04:53:38] CHK EMA1m:OK EMA5m:OK RSI:49.33184855 VOL:NO MOM:0.33% RANGE:0.37% UP:38.88% SPREAD:0.30554343% BID:0.9164 ASK:0.9192 STATE:IN_POS
[2026-02-28 04:53:39] CHK EMA1m:OK EMA5m:OK RSI:49.33184855 VOL:NO MOM:0.31% RANGE:0.37% UP:38.88% SPREAD:0.32743942% BID:0.9162 ASK:0.9192 STATE:IN_POS
[2026-02-28 04:53:40] CHK EMA1m:OK EMA5m:OK RSI:49.33184855 VOL:NO MOM:0.3% RANGE:0.37% UP:38.88% SPREAD:0.338391% BID:0.9161 ASK:0.9192 STATE:IN_POS
[2026-02-28 04:53:41] CHK EMA1m:OK EMA5m:OK RSI:49.33184855 VOL:NO MOM:0.3% RANGE:0.37% UP:38.88% SPREAD:0.29472764% BID:0.9161 ASK:0.9188 STATE:IN_POS
[2026-02-28 04:53:42] CHK EMA1m:OK EMA5m:OK RSI:49.33184855 VOL:NO MOM:0.29% RANGE:0.37% UP:33.33% SPREAD:0.31655932% BID:0.9161 ASK:0.919 STATE:IN_POS
[2026-02-28 04:53:43] CHK EMA1m:OK EMA5m:OK RSI:49.33184855 VOL:NO MOM:0.29% RANGE:0.37% UP:31.57% SPREAD:0.31655932% BID:0.9161 ASK:0.919 STATE:IN_POS
[2026-02-28 04:53:44] CHK EMA1m:OK EMA5m:OK RSI:49.33184855 VOL:NO MOM:0.31% RANGE:0.37% UP:27.77% SPREAD:0.30564348% BID:0.9161 ASK:0.9189 STATE:IN_POS
[2026-02-28 04:53:45] CHK EMA1m:OK EMA5m:OK RSI:49.33184855 VOL:NO MOM:0.01% RANGE:0.06% UP:27.77% SPREAD:0.27277686% BID:0.9165 ASK:0.919 STATE:IN_POS
[2026-02-28 04:53:46] CHK EMA1m:OK EMA5m:OK RSI:49.33184855 VOL:NO MOM:0.05% RANGE:0.06% UP:27.77% SPREAD:0.32733224% BID:0.9165 ASK:0.9195 STATE:IN_POS
[2026-02-28 04:53:47] CHK EMA1m:OK EMA5m:OK RSI:49.33184855 VOL:NO MOM:0.12% RANGE:0.12% UP:33.33% SPREAD:0.29440628% BID:0.9171 ASK:0.9198 STATE:IN_POS
[2026-02-28 04:53:48] CHK EMA1m:OK EMA5m:OK RSI:49.33184855 VOL:NO MOM:0.12% RANGE:0.12% UP:31.57% SPREAD:0.28350234% BID:0.9171 ASK:0.9197 STATE:IN_POS
[2026-02-28 04:53:49] CHK EMA1m:OK EMA5m:OK RSI:49.33184855 VOL:NO MOM:0.12% RANGE:0.12% UP:33.33% SPREAD:0.28350234% BID:0.9171 ASK:0.9197 STATE:IN_POS
[2026-02-28 04:53:50] CHK EMA1m:OK EMA5m:OK RSI:49.33184855 VOL:NO MOM:0.07% RANGE:0.1% UP:27.77% SPREAD:0.30537681% BID:0.9169 ASK:0.9197 STATE:IN_POS
[2026-02-28 04:53:51] CHK EMA1m:OK EMA5m:OK RSI:49.33184855 VOL:NO MOM:0.03% RANGE:0.1% UP:22.22% SPREAD:0.30537681% BID:0.9169 ASK:0.9197 STATE:IN_POS
[2026-02-28 04:53:52] CHK EMA1m:OK EMA5m:OK RSI:49.33184855 VOL:NO MOM:0.07% RANGE:0.1% UP:22.22% SPREAD:0.30537681% BID:0.9169 ASK:0.9197 STATE:IN_POS
[2026-02-28 04:53:54] CHK EMA1m:OK EMA5m:OK RSI:49.33184855 VOL:NO MOM:0.14% RANGE:0.15% UP:26.31% SPREAD:0.25068119% BID:0.9175 ASK:0.9198 STATE:IN_POS
[2026-02-28 04:53:55] CHK EMA1m:OK EMA5m:OK RSI:49.33184855 VOL:NO MOM:0.09% RANGE:0.15% UP:22.22% SPREAD:0.31607629% BID:0.9175 ASK:0.9204 STATE:IN_POS
[2026-02-28 04:53:56] CHK EMA1m:OK EMA5m:OK RSI:49.33184855 VOL:NO MOM:0.13% RANGE:0.15% UP:22.22% SPREAD:0.32701111% BID:0.9174 ASK:0.9204 STATE:IN_POS
[2026-02-28 04:53:57] CHK EMA1m:OK EMA5m:OK RSI:49.33184855 VOL:NO MOM:0.1% RANGE:0.15% UP:16.66% SPREAD:0.32701111% BID:0.9174 ASK:0.9204 STATE:IN_POS
[2026-02-28 04:53:58] CHK EMA1m:OK EMA5m:OK RSI:49.33184855 VOL:NO MOM:0.13% RANGE:0.15% UP:16.66% SPREAD:0.32701111% BID:0.9174 ASK:0.9204 STATE:IN_POS
[2026-02-28 04:53:59] CHK EMA1m:OK EMA5m:OK RSI:49.33184855 VOL:NO MOM:0.16% RANGE:0.16% UP:22.22% SPREAD:0.30514385% BID:0.9176 ASK:0.9204 STATE:IN_POS
[2026-02-28 04:54:00] CHK EMA1m:OK EMA5m:OK RSI:49.33184855 VOL:NO MOM:0.16% RANGE:0.16% UP:22.22% SPREAD:0.34873583% BID:0.9176 ASK:0.9208 STATE:IN_POS
[2026-02-28 04:54:01] CHK EMA1m:OK EMA5m:OK RSI:60.02710027 VOL:NO MOM:0.16% RANGE:0.16% UP:22.22% SPREAD:0.34873583% BID:0.9176 ASK:0.9208 STATE:IN_POS
[2026-02-28 04:54:03] CHK EMA1m:OK EMA5m:OK RSI:60.02710027 VOL:NO MOM:0.16% RANGE:0.16% UP:22.22% SPREAD:0.34873583% BID:0.9176 ASK:0.9208 STATE:IN_POS
[2026-02-28 04:54:04] CHK EMA1m:OK EMA5m:OK RSI:60.02710027 VOL:NO MOM:0.16% RANGE:0.16% UP:22.22% SPREAD:0.33783783% BID:0.9176 ASK:0.9207 STATE:IN_POS
[2026-02-28 04:54:05] CHK EMA1m:OK EMA5m:OK RSI:60.02710027 VOL:NO MOM:0.01% RANGE:0.12% UP:16.66% SPREAD:0.36002618% BID:0.9166 ASK:0.9199 STATE:IN_POS
[2026-02-28 04:54:06] CHK EMA1m:OK EMA5m:OK RSI:60.02710027 VOL:NO MOM:-0.05% RANGE:0.1% UP:11.76% SPREAD:0.33820641% BID:0.9166 ASK:0.9197 STATE:IN_POS
[2026-02-28 04:54:08] CHK EMA1m:OK EMA5m:OK RSI:60.02710027 VOL:NO MOM:-0.06% RANGE:0.12% UP:11.76% SPREAD:0.30551009% BID:0.9165 ASK:0.9193 STATE:IN_POS
[2026-02-28 04:54:09] CHK EMA1m:OK EMA5m:OK RSI:60.02710027 VOL:NO MOM:-0.06% RANGE:0.12% UP:11.76% SPREAD:0.30551009% BID:0.9165 ASK:0.9193 STATE:IN_POS
[2026-02-28 04:54:09] CHK EMA1m:OK EMA5m:OK RSI:60.02710027 VOL:NO MOM:-0.04% RANGE:0.12% UP:11.76% SPREAD:0.30551009% BID:0.9165 ASK:0.9193 STATE:IN_POS
[2026-02-28 04:54:11] CHK EMA1m:OK EMA5m:OK RSI:60.02710027 VOL:NO MOM:-0.04% RANGE:0.12% UP:11.76% SPREAD:0.30551009% BID:0.9165 ASK:0.9193 STATE:IN_POS
[2026-02-28 04:54:12] CHK EMA1m:OK EMA5m:OK RSI:60.02710027 VOL:NO MOM:0.08% RANGE:0.13% UP:17.64% SPREAD:0.34869783% BID:0.9177 ASK:0.9209 STATE:IN_POS
[2026-02-28 04:54:13] CHK EMA1m:OK EMA5m:OK RSI:60.02710027 VOL:NO MOM:0.04% RANGE:0.15% UP:17.64% SPREAD:0.32683298% BID:0.9179 ASK:0.9209 STATE:IN_POS
[2026-02-28 04:54:14] CHK EMA1m:OK EMA5m:OK RSI:60.02710027 VOL:NO MOM:0.04% RANGE:0.15% UP:17.64% SPREAD:0.32683298% BID:0.9179 ASK:0.9209 STATE:IN_POS
[2026-02-28 04:54:16] CHK EMA1m:OK EMA5m:OK RSI:60.02710027 VOL:NO MOM:0.05% RANGE:0.15% UP:17.64% SPREAD:0.31593855% BID:0.9179 ASK:0.9208 STATE:IN_POS
[2026-02-28 04:54:18] CHK EMA1m:OK EMA5m:OK RSI:60.02710027 VOL:NO MOM:-0.04% RANGE:0.15% UP:18.75% SPREAD:0.32715376% BID:0.917 ASK:0.92 STATE:IN_POS
[2026-02-28 04:54:19] CHK EMA1m:OK EMA5m:OK RSI:60.02710027 VOL:NO MOM:-0.14% RANGE:0.17% UP:12.5% SPREAD:0.36014405% BID:0.9163 ASK:0.9196 STATE:IN_POS
[2026-02-28 04:54:19] CHK EMA1m:OK EMA5m:OK RSI:60.02710027 VOL:NO MOM:-0.14% RANGE:0.17% UP:12.5% SPREAD:0.36014405% BID:0.9163 ASK:0.9196 STATE:IN_POS
[2026-02-28 04:54:21] CHK EMA1m:OK EMA5m:OK RSI:60.02710027 VOL:NO MOM:-0.17% RANGE:0.2% UP:12.5% SPREAD:0.37117903% BID:0.916 ASK:0.9194 STATE:IN_POS
[2026-02-28 04:54:22] CHK EMA1m:OK EMA5m:OK RSI:60.02710027 VOL:NO MOM:-0.14% RANGE:0.2% UP:18.75% SPREAD:0.33831714% BID:0.9163 ASK:0.9194 STATE:IN_POS
[2026-02-28 04:54:23] CHK EMA1m:OK EMA5m:OK RSI:60.02710027 VOL:NO MOM:-0.14% RANGE:0.2% UP:18.75% SPREAD:0.33831714% BID:0.9163 ASK:0.9194 STATE:IN_POS
[2026-02-28 04:54:24] CHK EMA1m:OK EMA5m:OK RSI:60.02710027 VOL:NO MOM:-0.03% RANGE:0.2% UP:18.75% SPREAD:0.31649023% BID:0.9163 ASK:0.9192 STATE:IN_POS
[2026-02-28 04:54:25] CHK EMA1m:OK EMA5m:OK RSI:60.02710027 VOL:NO MOM:0.01% RANGE:0.2% UP:25% SPREAD:0.32726082% BID:0.9167 ASK:0.9197 STATE:IN_POS
[2026-02-28 04:54:26] CHK EMA1m:OK EMA5m:OK RSI:60.02710027 VOL:NO MOM:0.06% RANGE:0.2% UP:31.25% SPREAD:0.33802202% BID:0.9171 ASK:0.9202 STATE:IN_POS
[2026-02-28 04:54:28] CHK EMA1m:OK EMA5m:OK RSI:60.02710027 VOL:NO MOM:0.1% RANGE:0.2% UP:37.5% SPREAD:0.33787465% BID:0.9175 ASK:0.9206 STATE:IN_POS
[2026-02-28 04:54:29] CHK EMA1m:OK EMA5m:OK RSI:60.02710027 VOL:NO MOM:0.1% RANGE:0.2% UP:37.5% SPREAD:0.33787465% BID:0.9175 ASK:0.9206 STATE:IN_POS
[2026-02-28 04:54:30] CHK EMA1m:OK EMA5m:OK RSI:60.02710027 VOL:NO MOM:0.09% RANGE:0.2% UP:37.5% SPREAD:0.33791148% BID:0.9174 ASK:0.9205 STATE:IN_POS
[2026-02-28 04:54:31] CHK EMA1m:OK EMA5m:OK RSI:60.02710027 VOL:NO MOM:-0.03% RANGE:0.2% UP:31.25% SPREAD:0.33791148% BID:0.9174 ASK:0.9205 STATE:IN_POS
[2026-02-28 04:54:32] CHK EMA1m:OK EMA5m:OK RSI:60.02710027 VOL:NO MOM:-0.03% RANGE:0.2% UP:29.41% SPREAD:0.33791148% BID:0.9174 ASK:0.9205 STATE:IN_POS
[2026-02-28 04:54:35] CHK EMA1m:OK EMA5m:OK RSI:60.02710027 VOL:NO MOM:-0.05% RANGE:0.2% UP:26.66% SPREAD:0.26160889% BID:0.9174 ASK:0.9198 STATE:IN_POS
[2026-02-28 04:54:36] CHK EMA1m:OK EMA5m:OK RSI:60.02710027 VOL:NO MOM:0.01% RANGE:0.16% UP:26.66% SPREAD:0.29440628% BID:0.9171 ASK:0.9198 STATE:IN_POS
[2026-02-28 04:54:37] CHK EMA1m:OK EMA5m:OK RSI:60.02710027 VOL:NO MOM:0.08% RANGE:0.16% UP:26.66% SPREAD:0.29440628% BID:0.9171 ASK:0.9198 STATE:IN_POS
[2026-02-28 04:54:38] CHK EMA1m:OK EMA5m:OK RSI:60.02710027 VOL:NO MOM:0.08% RANGE:0.16% UP:25% SPREAD:0.29440628% BID:0.9171 ASK:0.9198 STATE:IN_POS
[2026-02-28 04:54:40] CHK EMA1m:OK EMA5m:OK RSI:60.02710027 VOL:NO MOM:0.16% RANGE:0.16% UP:33.33% SPREAD:0.28337874% BID:0.9175 ASK:0.9201 STATE:IN_POS
[2026-02-28 04:54:41] CHK EMA1m:OK EMA5m:OK RSI:60.02710027 VOL:NO MOM:0.13% RANGE:0.13% UP:26.66% SPREAD:0.27247956% BID:0.9175 ASK:0.92 STATE:IN_POS
[2026-02-28 04:54:42] CHK EMA1m:OK EMA5m:OK RSI:60.02710027 VOL:NO MOM:0.1% RANGE:0.13% UP:26.66% SPREAD:0.29434209% BID:0.9173 ASK:0.92 STATE:IN_POS
[2026-02-28 04:54:43] CHK EMA1m:OK EMA5m:OK RSI:60.02710027 VOL:NO MOM:0.13% RANGE:0.13% UP:31.25% SPREAD:0.27247956% BID:0.9175 ASK:0.92 STATE:IN_POS
[2026-02-28 04:54:44] CHK EMA1m:OK EMA5m:OK RSI:60.02710027 VOL:NO MOM:0.13% RANGE:0.13% UP:31.25% SPREAD:0.27247956% BID:0.9175 ASK:0.92 STATE:IN_POS
[2026-02-28 04:54:45] CHK EMA1m:OK EMA5m:OK RSI:60.02710027 VOL:NO MOM:0.05% RANGE:0.08% UP:25% SPREAD:0.28347143% BID:0.9172 ASK:0.9198 STATE:IN_POS
[2026-02-28 04:54:47] CHK EMA1m:OK EMA5m:OK RSI:60.02710027 VOL:NO MOM:0.01% RANGE:0.04% UP:18.75% SPREAD:0.28347143% BID:0.9172 ASK:0.9198 STATE:IN_POS
[2026-02-28 04:54:48] CHK EMA1m:OK EMA5m:OK RSI:60.02710027 VOL:NO MOM:-0.03% RANGE:0.04% UP:13.33% SPREAD:0.28347143% BID:0.9172 ASK:0.9198 STATE:IN_POS
[2026-02-28 04:54:53] CHK EMA1m:OK EMA5m:OK RSI:60.02710027 VOL:NO MOM:0% RANGE:0.04% UP:25% SPREAD:0.26160889% BID:0.9174 ASK:0.9198 STATE:IN_POS
[2026-02-28 04:54:54] CHK EMA1m:OK EMA5m:OK RSI:60.02710027 VOL:NO MOM:-0.02% RANGE:0.04% UP:23.07% SPREAD:0.28347143% BID:0.9172 ASK:0.9198 STATE:IN_POS
[2026-02-28 04:54:55] CHK EMA1m:OK EMA5m:OK RSI:60.02710027 VOL:NO MOM:-0.08% RANGE:0.09% UP:21.42% SPREAD:0.34911629% BID:0.9166 ASK:0.9198 STATE:IN_POS
[2026-02-28 04:54:56] CHK EMA1m:OK EMA5m:OK RSI:60.02710027 VOL:NO MOM:-0.06% RANGE:0.1% UP:21.42% SPREAD:0.36006546% BID:0.9165 ASK:0.9198 STATE:IN_POS
[2026-02-28 04:54:57] CHK EMA1m:OK EMA5m:OK RSI:60.02710027 VOL:NO MOM:-0.04% RANGE:0.1% UP:28.57% SPREAD:0.33816952% BID:0.9167 ASK:0.9198 STATE:IN_POS
[2026-02-28 04:54:58] CHK EMA1m:OK EMA5m:OK RSI:60.02710027 VOL:NO MOM:-0.04% RANGE:0.1% UP:28.57% SPREAD:0.34907821% BID:0.9167 ASK:0.9199 STATE:IN_POS
[2026-02-28 04:54:59] CHK EMA1m:OK EMA5m:OK RSI:60.02710027 VOL:NO MOM:-0.06% RANGE:0.1% UP:28.57% SPREAD:0.32718944% BID:0.9169 ASK:0.9199 STATE:IN_POS
[2026-02-28 04:55:00] CHK EMA1m:OK EMA5m:OK RSI:60.02710027 VOL:NO MOM:-0.08% RANGE:0.1% UP:28.57% SPREAD:0.34907821% BID:0.9167 ASK:0.9199 STATE:IN_POS
[2026-02-28 04:55:02] CHK EMA1m:OK EMA5m:OK RSI:57.91726105 VOL:NO MOM:0% RANGE:0.1% UP:35.71% SPREAD:0.29434209% BID:0.9173 ASK:0.92 STATE:IN_POS
[2026-02-28 04:55:03] CHK EMA1m:OK EMA5m:OK RSI:57.91726105 VOL:NO MOM:-0.05% RANGE:0.1% UP:28.57% SPREAD:0.33805888% BID:0.917 ASK:0.9201 STATE:IN_POS
[2026-02-28 04:55:04] CHK EMA1m:OK EMA5m:OK RSI:57.91726105 VOL:NO MOM:-0.14% RANGE:0.14% UP:28.57% SPREAD:0.37109801% BID:0.9162 ASK:0.9196 STATE:IN_POS
[2026-02-28 04:55:05] CHK EMA1m:OK EMA5m:OK RSI:57.91726105 VOL:NO MOM:-0.08% RANGE:0.13% UP:35.71% SPREAD:0.34919249% BID:0.9164 ASK:0.9196 STATE:IN_POS
[2026-02-28 04:55:07] CHK EMA1m:OK EMA5m:OK RSI:58.45070422 VOL:OK MOM:-0.02% RANGE:0.13% UP:42.85% SPREAD:0.32715376% BID:0.917 ASK:0.92 STATE:IN_POS
[2026-02-28 04:55:08] CHK EMA1m:OK EMA5m:OK RSI:59.08460471 VOL:OK MOM:0.38% RANGE:0.49% UP:5E+1% SPREAD:0.22808732% BID:0.9207 ASK:0.9228 STATE:IN_POS
[2026-02-28 04:55:08] CHK EMA1m:OK EMA5m:OK RSI:59.08460471 VOL:OK MOM:0.35% RANGE:0.49% UP:42.85% SPREAD:0.26067122% BID:0.9207 ASK:0.9231 STATE:IN_POS
[2026-02-28 04:55:10] CHK EMA1m:OK EMA5m:OK RSI:59.08460471 VOL:OK MOM:0.35% RANGE:0.49% UP:4E+1% SPREAD:0.34756163% BID:0.9207 ASK:0.9239 STATE:IN_POS
[2026-02-28 04:55:11] CHK EMA1m:OK EMA5m:OK RSI:59.08460471 VOL:OK MOM:0.5% RANGE:0.63% UP:43.75% SPREAD:0.20607375% BID:0.922 ASK:0.9239 STATE:IN_POS
[2026-02-28 04:55:12] CHK EMA1m:OK EMA5m:OK RSI:60.56149732 VOL:OK MOM:0.55% RANGE:0.68% UP:47.05% SPREAD:0.15176151% BID:0.9225 ASK:0.9239 STATE:IN_POS
[2026-02-28 04:55:13] CHK EMA1m:OK EMA5m:OK RSI:59.69945355 VOL:OK MOM:0.56% RANGE:0.68% UP:47.05% SPREAD:0.16261925% BID:0.9224 ASK:0.9239 STATE:IN_POS
[2026-02-28 04:55:14] CHK EMA1m:OK EMA5m:OK RSI:59.69945355 VOL:OK MOM:0.57% RANGE:0.68% UP:5E+1% SPREAD:0.15176151% BID:0.9225 ASK:0.9239 STATE:IN_POS
[2026-02-28 04:55:17] CHK EMA1m:OK EMA5m:OK RSI:59.69945355 VOL:OK MOM:0.61% RANGE:0.68% UP:5E+1% SPREAD:0.18434179% BID:0.9222 ASK:0.9239 STATE:IN_POS
[2026-02-28 04:55:18] CHK EMA1m:OK EMA5m:OK RSI:59.69945355 VOL:OK MOM:0.54% RANGE:0.68% UP:5E+1% SPREAD:0.23868937% BID:0.9217 ASK:0.9239 STATE:IN_POS
[2026-02-28 04:55:19] CHK EMA1m:OK EMA5m:OK RSI:59.69945355 VOL:OK MOM:0.52% RANGE:0.68% UP:43.75% SPREAD:0.23868937% BID:0.9217 ASK:0.9239 STATE:IN_POS
[2026-02-28 04:55:22] CHK EMA1m:OK EMA5m:OK RSI:59.19778699 VOL:OK MOM:0.45% RANGE:0.68% UP:4E+1% SPREAD:0.24959305% BID:0.9215 ASK:0.9238 STATE:IN_POS
[2026-02-28 04:55:23] CHK EMA1m:OK EMA5m:OK RSI:59.19778699 VOL:OK MOM:0.4% RANGE:0.68% UP:4E+1% SPREAD:0.27153252% BID:0.9207 ASK:0.9232 STATE:IN_POS
[2026-02-28 04:55:24] CHK EMA1m:OK EMA5m:OK RSI:59.19778699 VOL:OK MOM:0.49% RANGE:0.68% UP:4E+1% SPREAD:0.27153252% BID:0.9207 ASK:0.9232 STATE:IN_POS
[2026-02-28 04:55:25] CHK EMA1m:OK EMA5m:OK RSI:59.19778699 VOL:OK MOM:0.46% RANGE:0.66% UP:33.33% SPREAD:0.27153252% BID:0.9207 ASK:0.9232 STATE:IN_POS
[2026-02-28 04:55:26] CHK EMA1m:OK EMA5m:OK RSI:59.19778699 VOL:OK MOM:0.4% RANGE:0.59% UP:26.66% SPREAD:0.24980992% BID:0.9207 ASK:0.923 STATE:IN_POS
[2026-02-28 04:55:27] CHK EMA1m:OK EMA5m:OK RSI:59.19778699 VOL:OK MOM:0% RANGE:0.19% UP:2E+1% SPREAD:0.27153252% BID:0.9207 ASK:0.9232 STATE:IN_POS
[2026-02-28 04:55:28] CHK EMA1m:OK EMA5m:OK RSI:59.19778699 VOL:OK MOM:-0.1% RANGE:0.3% UP:2E+1% SPREAD:0.35881265% BID:0.9197 ASK:0.923 STATE:IN_POS
[2026-02-28 04:55:29] CHK EMA1m:OK EMA5m:OK RSI:59.19778699 VOL:OK MOM:-0.1% RANGE:0.3% UP:2E+1% SPREAD:0.33706643% BID:0.9197 ASK:0.9228 STATE:IN_POS
[2026-02-28 04:55:30] CHK EMA1m:OK EMA5m:OK RSI:59.19778699 VOL:OK MOM:-0.33% RANGE:0.39% UP:13.33% SPREAD:0.31559473% BID:0.9189 ASK:0.9218 STATE:IN_POS
[2026-02-28 04:55:31] CHK EMA1m:OK EMA5m:OK RSI:59.19778699 VOL:OK MOM:-0.29% RANGE:0.39% UP:18.75% SPREAD:0.31545741% BID:0.9193 ASK:0.9222 STATE:IN_POS
[2026-02-28 04:55:32] CHK EMA1m:OK EMA5m:OK RSI:59.19778699 VOL:OK MOM:-0.33% RANGE:0.39% UP:13.33% SPREAD:0.34809093% BID:0.9193 ASK:0.9225 STATE:IN_POS
[2026-02-28 04:55:33] CHK EMA1m:OK EMA5m:OK RSI:59.19778699 VOL:OK MOM:-0.34% RANGE:0.39% UP:6.66% SPREAD:0.34809093% BID:0.9193 ASK:0.9225 STATE:IN_POS
[2026-02-28 04:55:34] CHK EMA1m:OK EMA5m:OK RSI:59.19778699 VOL:OK MOM:-0.28% RANGE:0.35% UP:13.33% SPREAD:0.34797738% BID:0.9196 ASK:0.9228 STATE:IN_POS
[2026-02-28 04:55:35] CHK EMA1m:OK EMA5m:OK RSI:59.19778699 VOL:OK MOM:-0.24% RANGE:0.3% UP:13.33% SPREAD:0.34805307% BID:0.9194 ASK:0.9226 STATE:IN_POS
[2026-02-28 04:55:37] CHK EMA1m:OK EMA5m:OK RSI:59.19778699 VOL:OK MOM:-0.24% RANGE:0.3% UP:12.5% SPREAD:0.32629976% BID:0.9194 ASK:0.9224 STATE:IN_POS
[2026-02-28 04:55:38] CHK EMA1m:OK EMA5m:OK RSI:59.19778699 VOL:OK MOM:-0.24% RANGE:0.3% UP:12.5% SPREAD:0.32629976% BID:0.9194 ASK:0.9224 STATE:IN_POS
[2026-02-28 04:55:39] CHK EMA1m:OK EMA5m:OK RSI:59.19778699 VOL:OK MOM:-0.24% RANGE:0.3% UP:11.76% SPREAD:0.32629976% BID:0.9194 ASK:0.9224 STATE:IN_POS
[2026-02-28 04:55:40] CHK EMA1m:OK EMA5m:OK RSI:59.19778699 VOL:OK MOM:-0.22% RANGE:0.28% UP:11.76% SPREAD:0.32629976% BID:0.9194 ASK:0.9224 STATE:IN_POS
[2026-02-28 04:55:41] CHK EMA1m:OK EMA5m:OK RSI:59.19778699 VOL:OK MOM:-0.11% RANGE:0.19% UP:17.64% SPREAD:0.3044802% BID:0.9196 ASK:0.9224 STATE:IN_POS
[2026-02-28 04:55:42] CHK EMA1m:OK EMA5m:OK RSI:59.19778699 VOL:OK MOM:-0.11% RANGE:0.19% UP:16.66% SPREAD:0.3044802% BID:0.9196 ASK:0.9224 STATE:IN_POS
[2026-02-28 04:55:43] CHK EMA1m:OK EMA5m:OK RSI:59.19778699 VOL:OK MOM:-0.04% RANGE:0.19% UP:22.22% SPREAD:0.31511463% BID:0.9203 ASK:0.9232 STATE:IN_POS
[2026-02-28 04:55:44] CHK EMA1m:OK EMA5m:OK RSI:59.19778699 VOL:OK MOM:-0.07% RANGE:0.19% UP:22.22% SPREAD:0.34782608% BID:0.92 ASK:0.9232 STATE:IN_POS
[2026-02-28 04:55:45] CHK EMA1m:OK EMA5m:OK RSI:59.19778699 VOL:OK MOM:-0.06% RANGE:0.19% UP:27.77% SPREAD:0.35865666% BID:0.9201 ASK:0.9234 STATE:IN_POS
[2026-02-28 04:55:46] CHK EMA1m:OK EMA5m:OK RSI:59.19778699 VOL:OK MOM:-0.06% RANGE:0.19% UP:27.77% SPREAD:0.35865666% BID:0.9201 ASK:0.9234 STATE:IN_POS
[2026-02-28 04:55:48] CHK EMA1m:OK EMA5m:OK RSI:59.19778699 VOL:OK MOM:0.04% RANGE:0.15% UP:27.77% SPREAD:0.35865666% BID:0.9201 ASK:0.9234 STATE:IN_POS
[2026-02-28 04:55:49] CHK EMA1m:OK EMA5m:OK RSI:59.19778699 VOL:OK MOM:0.13% RANGE:0.15% UP:29.41% SPREAD:0.4021302% BID:0.9201 ASK:0.9238 STATE:IN_POS
[2026-02-28 04:55:50] CHK EMA1m:OK EMA5m:OK RSI:59.19778699 VOL:OK MOM:0.08% RANGE:0.1% UP:23.52% SPREAD:0.4021302% BID:0.9201 ASK:0.9238 STATE:IN_POS
[2026-02-28 04:55:51] CHK EMA1m:OK EMA5m:OK RSI:59.19778699 VOL:OK MOM:0.08% RANGE:0.1% UP:23.52% SPREAD:0.4021302% BID:0.9201 ASK:0.9238 STATE:IN_POS
[2026-02-28 04:55:52] CHK EMA1m:OK EMA5m:OK RSI:59.19778699 VOL:OK MOM:0.17% RANGE:0.17% UP:27.77% SPREAD:0.31490932% BID:0.9209 ASK:0.9238 STATE:IN_POS
[2026-02-28 04:55:53] CHK EMA1m:OK EMA5m:OK RSI:59.19778699 VOL:OK MOM:0.2% RANGE:0.2% UP:33.33% SPREAD:0.28224055% BID:0.9212 ASK:0.9238 STATE:IN_POS
[2026-02-28 04:55:54] CHK EMA1m:OK EMA5m:OK RSI:59.19778699 VOL:OK MOM:0.17% RANGE:0.19% UP:29.41% SPREAD:0.30401737% BID:0.921 ASK:0.9238 STATE:IN_POS
[2026-02-28 04:55:55] CHK EMA1m:OK EMA5m:OK RSI:59.19778699 VOL:OK MOM:0.17% RANGE:0.19% UP:29.41% SPREAD:0.30401737% BID:0.921 ASK:0.9238 STATE:IN_POS
[2026-02-28 04:55:56] CHK EMA1m:OK EMA5m:OK RSI:59.19778699 VOL:OK MOM:0.26% RANGE:0.26% UP:35.29% SPREAD:0.22781514% BID:0.9218 ASK:0.9239 STATE:IN_POS
[2026-02-28 04:55:57] CHK EMA1m:OK EMA5m:OK RSI:59.19778699 VOL:OK MOM:0.3% RANGE:0.3% UP:38.88% SPREAD:0.18434179% BID:0.9222 ASK:0.9239 STATE:IN_POS
[2026-02-28 04:55:59] CHK EMA1m:OK EMA5m:OK RSI:59.19778699 VOL:OK MOM:0.3% RANGE:0.3% UP:38.88% SPREAD:0.18434179% BID:0.9222 ASK:0.9239 STATE:IN_POS
[2026-02-28 04:56:00] CHK EMA1m:OK EMA5m:OK RSI:59.19778699 VOL:OK MOM:0.3% RANGE:0.3% UP:38.88% SPREAD:0.18434179% BID:0.9222 ASK:0.9239 STATE:IN_POS
[2026-02-28 04:56:01] CHK EMA1m:OK EMA5m:OK RSI:59.19778699 VOL:OK MOM:0.28% RANGE:0.28% UP:33.33% SPREAD:0.18434179% BID:0.9222 ASK:0.9239 STATE:IN_POS
[2026-02-28 04:56:02] CHK EMA1m:OK EMA5m:OK RSI:59.19778699 VOL:NO MOM:0.26% RANGE:0.28% UP:33.33% SPREAD:0.20607375% BID:0.922 ASK:0.9239 STATE:IN_POS
[2026-02-28 04:56:03] CHK EMA1m:OK EMA5m:OK RSI:59.19778699 VOL:NO MOM:0.18% RANGE:0.23% UP:27.77% SPREAD:0.20607375% BID:0.922 ASK:0.9239 STATE:IN_POS
[2026-02-28 04:56:04] CHK EMA1m:OK EMA5m:OK RSI:59.19778699 VOL:NO MOM:0.21% RANGE:0.23% UP:27.77% SPREAD:0.19522776% BID:0.922 ASK:0.9238 STATE:IN_POS
[2026-02-28 04:56:05] CHK EMA1m:OK EMA5m:OK RSI:59.19778699 VOL:NO MOM:0.21% RANGE:0.22% UP:27.77% SPREAD:0.19520659% BID:0.9221 ASK:0.9239 STATE:IN_POS
[2026-02-28 04:56:06] CHK EMA1m:OK EMA5m:OK RSI:59.19778699 VOL:NO MOM:0.2% RANGE:0.22% UP:27.77% SPREAD:0.20607375% BID:0.922 ASK:0.9239 STATE:IN_POS
[2026-02-28 04:56:07] CHK EMA1m:OK EMA5m:OK RSI:59.19778699 VOL:NO MOM:0.21% RANGE:0.22% UP:33.33% SPREAD:0.19520659% BID:0.9221 ASK:0.9239 STATE:IN_POS
[2026-02-28 04:56:08] CHK EMA1m:OK EMA5m:OK RSI:59.19778699 VOL:NO MOM:0.23% RANGE:0.23% UP:38.88% SPREAD:0.17347934% BID:0.9223 ASK:0.9239 STATE:IN_POS
[2026-02-28 04:56:09] CHK EMA1m:OK EMA5m:OK RSI:59.19778699 VOL:NO MOM:0.23% RANGE:0.23% UP:36.84% SPREAD:0.17347934% BID:0.9223 ASK:0.9239 STATE:IN_POS
[2026-02-28 04:56:10] CHK EMA1m:OK EMA5m:OK RSI:59.19778699 VOL:NO MOM:0.23% RANGE:0.23% UP:38.88% SPREAD:0.17347934% BID:0.9223 ASK:0.9239 STATE:IN_POS
[2026-02-28 04:56:17] CHK EMA1m:OK EMA5m:OK RSI:59.19778699 VOL:NO MOM:0.04% RANGE:0.05% UP:28.57% SPREAD:0.18434179% BID:0.9222 ASK:0.9239 STATE:IN_POS
[2026-02-28 04:56:19] CHK EMA1m:OK EMA5m:OK RSI:59.19778699 VOL:NO MOM:-0.14% RANGE:0.15% UP:23.07% SPREAD:0.27147355% BID:0.9209 ASK:0.9234 STATE:IN_POS
[2026-02-28 04:56:20] CHK EMA1m:OK EMA5m:OK RSI:59.19778699 VOL:NO MOM:-0.14% RANGE:0.15% UP:23.07% SPREAD:0.31490932% BID:0.9209 ASK:0.9238 STATE:IN_POS
[2026-02-28 04:56:21] CHK EMA1m:OK EMA5m:OK RSI:59.19778699 VOL:NO MOM:-0.13% RANGE:0.15% UP:30.76% SPREAD:0.30401737% BID:0.921 ASK:0.9238 STATE:IN_POS
[2026-02-28 04:56:22] CHK EMA1m:OK EMA5m:OK RSI:59.19778699 VOL:NO MOM:-0.17% RANGE:0.2% UP:30.76% SPREAD:0.31508039% BID:0.9204 ASK:0.9233 STATE:IN_POS
[2026-02-28 04:56:23] CHK EMA1m:OK EMA5m:OK RSI:59.19778699 VOL:NO MOM:-0.17% RANGE:0.2% UP:33.33% SPREAD:0.31508039% BID:0.9204 ASK:0.9233 STATE:IN_POS
[2026-02-28 04:56:24] CHK EMA1m:OK EMA5m:OK RSI:59.19778699 VOL:NO MOM:-0.24% RANGE:0.27% UP:25% SPREAD:0.32615786% BID:0.9198 ASK:0.9228 STATE:IN_POS
[2026-02-28 04:56:25] CHK EMA1m:OK EMA5m:OK RSI:59.19778699 VOL:NO MOM:-0.24% RANGE:0.27% UP:23.07% SPREAD:0.32615786% BID:0.9198 ASK:0.9228 STATE:IN_POS
[2026-02-28 04:56:26] CHK EMA1m:OK EMA5m:OK RSI:59.19778699 VOL:NO MOM:-0.23% RANGE:0.27% UP:23.07% SPREAD:0.32615786% BID:0.9198 ASK:0.9228 STATE:IN_POS
[2026-02-28 04:56:30] CHK EMA1m:OK EMA5m:OK RSI:59.19778699 VOL:NO MOM:-0.29% RANGE:0.29% UP:1E+1% SPREAD:0.33710308% BID:0.9196 ASK:0.9227 STATE:IN_POS
[2026-02-28 04:56:31] CHK EMA1m:OK EMA5m:OK RSI:59.19778699 VOL:NO MOM:-0.28% RANGE:0.28% UP:1E+1% SPREAD:0.33710308% BID:0.9196 ASK:0.9227 STATE:IN_POS
[2026-02-28 04:56:32] CHK EMA1m:OK EMA5m:OK RSI:59.19778699 VOL:NO MOM:-0.28% RANGE:0.28% UP:9.09% SPREAD:0.33710308% BID:0.9196 ASK:0.9227 STATE:IN_POS
[2026-02-28 04:56:34] CHK EMA1m:OK EMA5m:OK RSI:59.19778699 VOL:NO MOM:-0.34% RANGE:0.34% UP:8.33% SPREAD:0.2937976% BID:0.919 ASK:0.9217 STATE:IN_POS
[2026-02-28 04:56:36] CHK EMA1m:OK EMA5m:OK RSI:59.19778699 VOL:NO MOM:-0.41% RANGE:0.41% UP:7.69% SPREAD:0.30487804% BID:0.9184 ASK:0.9212 STATE:IN_POS
[2026-02-28 04:56:37] CHK EMA1m:OK EMA5m:OK RSI:59.19778699 VOL:NO MOM:-0.28% RANGE:0.29% UP:7.69% SPREAD:0.23957312% BID:0.9183 ASK:0.9205 STATE:IN_POS
[2026-02-28 04:56:38] CHK EMA1m:OK EMA5m:OK RSI:59.19778699 VOL:NO MOM:-0.35% RANGE:0.37% UP:7.14% SPREAD:0.31604184% BID:0.9176 ASK:0.9205 STATE:IN_POS
[2026-02-28 04:56:39] CHK EMA1m:OK EMA5m:OK RSI:59.19778699 VOL:NO MOM:-0.35% RANGE:0.37% UP:7.14% SPREAD:0.31604184% BID:0.9176 ASK:0.9205 STATE:IN_POS
[2026-02-28 04:56:40] CHK EMA1m:OK EMA5m:OK RSI:59.19778699 VOL:NO MOM:-0.35% RANGE:0.37% UP:6.66% SPREAD:0.30514385% BID:0.9176 ASK:0.9204 STATE:IN_POS
[2026-02-28 04:56:41] CHK EMA1m:OK EMA5m:OK RSI:59.19778699 VOL:NO MOM:-0.38% RANGE:0.38% UP:0% SPREAD:0.30517711% BID:0.9175 ASK:0.9203 STATE:IN_POS
[2026-02-28 04:56:42] CHK EMA1m:OK EMA5m:OK RSI:59.19778699 VOL:NO MOM:-0.29% RANGE:0.31% UP:7.14% SPREAD:0.27242018% BID:0.9177 ASK:0.9202 STATE:IN_POS
[2026-02-28 04:56:43] CHK EMA1m:OK EMA5m:OK RSI:59.19778699 VOL:NO MOM:-0.31% RANGE:0.31% UP:6.66% SPREAD:0.29427792% BID:0.9175 ASK:0.9202 STATE:IN_POS
[2026-02-28 04:56:44] CHK EMA1m:OK EMA5m:OK RSI:59.19778699 VOL:NO MOM:-0.28% RANGE:0.28% UP:6.66% SPREAD:0.32708242% BID:0.9172 ASK:0.9202 STATE:IN_POS
[2026-02-28 04:56:45] CHK EMA1m:OK EMA5m:OK RSI:59.19778699 VOL:NO MOM:-0.3% RANGE:0.3% UP:6.66% SPREAD:0.33805888% BID:0.917 ASK:0.9201 STATE:IN_POS
[2026-02-28 04:56:47] CHK EMA1m:OK EMA5m:OK RSI:59.19778699 VOL:NO MOM:-0.3% RANGE:0.3% UP:6.66% SPREAD:0.32715376% BID:0.917 ASK:0.92 STATE:IN_POS
[2026-02-28 04:56:48] CHK EMA1m:OK EMA5m:OK RSI:59.19778699 VOL:NO MOM:-0.1% RANGE:0.28% UP:13.33% SPREAD:0.30481166% BID:0.9186 ASK:0.9214 STATE:IN_POS
[2026-02-28 04:56:49] CHK EMA1m:OK EMA5m:OK RSI:59.19778699 VOL:NO MOM:-0.1% RANGE:0.28% UP:12.5% SPREAD:0.30481166% BID:0.9186 ASK:0.9214 STATE:IN_POS
[2026-02-28 04:56:50] CHK EMA1m:OK EMA5m:OK RSI:59.19778699 VOL:NO MOM:-0.13% RANGE:0.28% UP:12.5% SPREAD:0.32665505% BID:0.9184 ASK:0.9214 STATE:IN_POS
[2026-02-28 04:56:51] CHK EMA1m:OK EMA5m:OK RSI:59.19778699 VOL:NO MOM:-0.11% RANGE:0.28% UP:17.64% SPREAD:0.31573217% BID:0.9185 ASK:0.9214 STATE:IN_POS
[2026-02-28 04:56:52] CHK EMA1m:OK EMA5m:OK RSI:59.19778699 VOL:NO MOM:-0.14% RANGE:0.28% UP:17.64% SPREAD:0.33758031% BID:0.9183 ASK:0.9214 STATE:IN_POS
[2026-02-28 04:56:53] CHK EMA1m:OK EMA5m:OK RSI:59.19778699 VOL:NO MOM:-0.26% RANGE:0.26% UP:17.64% SPREAD:0.33820641% BID:0.9166 ASK:0.9197 STATE:IN_POS
[2026-02-28 04:56:54] CHK EMA1m:OK EMA5m:OK RSI:59.19778699 VOL:NO MOM:-0.21% RANGE:0.26% UP:22.22% SPREAD:0.31624863% BID:0.917 ASK:0.9199 STATE:IN_POS
[2026-02-28 04:56:55] CHK EMA1m:OK EMA5m:OK RSI:59.19778699 VOL:NO MOM:-0.17% RANGE:0.21% UP:22.22% SPREAD:0.33813263% BID:0.9168 ASK:0.9199 STATE:IN_POS
[2026-02-28 04:56:56] CHK EMA1m:OK EMA5m:OK RSI:59.19778699 VOL:NO MOM:-0.16% RANGE:0.21% UP:22.22% SPREAD:0.33813263% BID:0.9168 ASK:0.9199 STATE:IN_POS
[2026-02-28 04:56:57] CHK EMA1m:OK EMA5m:OK RSI:59.19778699 VOL:NO MOM:-0.04% RANGE:0.21% UP:27.77% SPREAD:0.29437418% BID:0.9172 ASK:0.9199 STATE:IN_POS
[2026-02-28 04:56:58] CHK EMA1m:OK EMA5m:OK RSI:59.19778699 VOL:NO MOM:-0.04% RANGE:0.21% UP:27.77% SPREAD:0.29437418% BID:0.9172 ASK:0.9199 STATE:IN_POS
[2026-02-28 04:56:59] CHK EMA1m:OK EMA5m:OK RSI:59.19778699 VOL:NO MOM:0% RANGE:0.21% UP:33.33% SPREAD:0.25065387% BID:0.9176 ASK:0.9199 STATE:IN_POS
[2026-02-28 04:57:00] CHK EMA1m:OK EMA5m:OK RSI:59.19778699 VOL:NO MOM:-0.01% RANGE:0.21% UP:33.33% SPREAD:0.27250926% BID:0.9174 ASK:0.9199 STATE:IN_POS
[2026-02-28 04:57:01] CHK EMA1m:OK EMA5m:OK RSI:59.19778699 VOL:NO MOM:-0.04% RANGE:0.21% UP:27.77% SPREAD:0.28344053% BID:0.9173 ASK:0.9199 STATE:IN_POS
[2026-02-28 04:57:03] CHK EMA1m:OK EMA5m:OK RSI:27.16049382 VOL:NO MOM:-0.02% RANGE:0.21% UP:27.77% SPREAD:0.28344053% BID:0.9173 ASK:0.9199 STATE:IN_POS
[2026-02-28 04:57:04] CHK EMA1m:OK EMA5m:OK RSI:27.16049382 VOL:NO MOM:-0.01% RANGE:0.21% UP:27.77% SPREAD:0.37073383% BID:0.9171 ASK:0.9205 STATE:IN_POS
[2026-02-28 04:57:05] CHK EMA1m:OK EMA5m:OK RSI:27.16049382 VOL:NO MOM:0.01% RANGE:0.21% UP:27.77% SPREAD:0.37073383% BID:0.9171 ASK:0.9205 STATE:IN_POS
[2026-02-28 04:57:06] CHK EMA1m:OK EMA5m:OK RSI:27.16049382 VOL:NO MOM:0.01% RANGE:0.21% UP:27.77% SPREAD:0.37073383% BID:0.9171 ASK:0.9205 STATE:IN_POS
[2026-02-28 04:57:07] CHK EMA1m:OK EMA5m:OK RSI:27.16049382 VOL:NO MOM:-0.09% RANGE:0.21% UP:27.77% SPREAD:0.33780102% BID:0.9177 ASK:0.9208 STATE:IN_POS
[2026-02-28 04:57:08] CHK EMA1m:OK EMA5m:OK RSI:27.16049382 VOL:NO MOM:-0.09% RANGE:0.21% UP:26.31% SPREAD:0.33780102% BID:0.9177 ASK:0.9208 STATE:IN_POS
[2026-02-28 04:57:09] CHK EMA1m:OK EMA5m:OK RSI:27.16049382 VOL:NO MOM:-0.07% RANGE:0.2% UP:27.77% SPREAD:0.32690421% BID:0.9177 ASK:0.9207 STATE:IN_POS
[2026-02-28 04:57:10] CHK EMA1m:OK EMA5m:OK RSI:27.16049382 VOL:NO MOM:-0.09% RANGE:0.2% UP:22.22% SPREAD:0.33783783% BID:0.9176 ASK:0.9207 STATE:IN_POS
[2026-02-28 04:57:11] CHK EMA1m:OK EMA5m:OK RSI:27.16049382 VOL:NO MOM:-0.07% RANGE:0.18% UP:22.22% SPREAD:0.33783783% BID:0.9176 ASK:0.9207 STATE:IN_POS
[2026-02-28 04:57:12] CHK EMA1m:OK EMA5m:OK RSI:27.16049382 VOL:NO MOM:0.1% RANGE:0.12% UP:22.22% SPREAD:0.33783783% BID:0.9176 ASK:0.9207 STATE:IN_POS
[2026-02-28 04:57:13] CHK EMA1m:OK EMA5m:OK RSI:27.16049382 VOL:NO MOM:0.13% RANGE:0.13% UP:26.31% SPREAD:0.31597297% BID:0.9178 ASK:0.9207 STATE:IN_POS
[2026-02-28 04:57:14] CHK EMA1m:OK EMA5m:OK RSI:27.16049382 VOL:NO MOM:0.03% RANGE:0.1% UP:22.22% SPREAD:0.34892596% BID:0.9171 ASK:0.9203 STATE:IN_POS
[2026-02-28 04:57:15] CHK EMA1m:OK EMA5m:OK RSI:27.16049382 VOL:NO MOM:0.01% RANGE:0.1% UP:22.22% SPREAD:0.33809575% BID:0.9169 ASK:0.92 STATE:IN_POS
[2026-02-28 04:57:16] CHK EMA1m:OK EMA5m:OK RSI:27.16049382 VOL:NO MOM:-0.03% RANGE:0.09% UP:16.66% SPREAD:0.32718944% BID:0.9169 ASK:0.9199 STATE:IN_POS
[2026-02-28 04:57:18] CHK EMA1m:OK EMA5m:OK RSI:27.16049382 VOL:NO MOM:-0.08% RANGE:0.15% UP:16.66% SPREAD:0.32736796% BID:0.9164 ASK:0.9194 STATE:IN_POS
[2026-02-28 04:57:19] CHK EMA1m:OK EMA5m:OK RSI:27.16049382 VOL:NO MOM:-0.21% RANGE:0.24% UP:11.11% SPREAD:0.38226299% BID:0.9156 ASK:0.9191 STATE:IN_POS
[2026-02-28 04:57:20] CHK EMA1m:OK EMA5m:OK RSI:27.16049382 VOL:NO MOM:-0.15% RANGE:0.24% UP:16.66% SPREAD:0.28384279% BID:0.916 ASK:0.9186 STATE:IN_POS
[2026-02-28 04:57:21] CHK EMA1m:OK EMA5m:OK RSI:27.16049382 VOL:NO MOM:-0.07% RANGE:0.24% UP:22.22% SPREAD:0.2727471% BID:0.9166 ASK:0.9191 STATE:IN_POS
[2026-02-28 04:57:22] CHK EMA1m:OK EMA5m:OK RSI:27.16049382 VOL:NO MOM:-0.03% RANGE:0.24% UP:27.77% SPREAD:0.32715376% BID:0.917 ASK:0.92 STATE:IN_POS
[2026-02-28 04:57:23] CHK EMA1m:OK EMA5m:OK RSI:27.16049382 VOL:NO MOM:0.03% RANGE:0.24% UP:33.33% SPREAD:0.28340963% BID:0.9174 ASK:0.92 STATE:IN_POS
[2026-02-28 04:57:25] CHK EMA1m:OK EMA5m:OK RSI:27.16049382 VOL:NO MOM:-0.01% RANGE:0.24% UP:33.33% SPREAD:0.32715376% BID:0.917 ASK:0.92 STATE:IN_POS
[2026-02-28 04:57:26] CHK EMA1m:OK EMA5m:OK RSI:27.16049382 VOL:NO MOM:-0.07% RANGE:0.24% UP:29.41% SPREAD:0.34896401% BID:0.917 ASK:0.9202 STATE:IN_POS
[2026-02-28 04:57:27] CHK EMA1m:OK EMA5m:OK RSI:27.16049382 VOL:NO MOM:-0.07% RANGE:0.24% UP:29.41% SPREAD:0.34896401% BID:0.917 ASK:0.9202 STATE:IN_POS
[2026-02-28 04:57:28] CHK EMA1m:OK EMA5m:OK RSI:27.16049382 VOL:NO MOM:-0.02% RANGE:0.24% UP:35.29% SPREAD:0.31607629% BID:0.9175 ASK:0.9204 STATE:IN_POS
[2026-02-28 04:57:29] CHK EMA1m:OK EMA5m:OK RSI:27.16049382 VOL:NO MOM:0% RANGE:0.24% UP:38.88% SPREAD:0.29421379% BID:0.9177 ASK:0.9204 STATE:IN_POS
[2026-02-28 04:57:30] CHK EMA1m:OK EMA5m:OK RSI:27.16049382 VOL:NO MOM:-0.01% RANGE:0.24% UP:38.88% SPREAD:0.31607629% BID:0.9175 ASK:0.9204 STATE:IN_POS
[2026-02-28 04:57:31] CHK EMA1m:OK EMA5m:OK RSI:27.16049382 VOL:NO MOM:0.04% RANGE:0.26% UP:47.05% SPREAD:0.2832244% BID:0.918 ASK:0.9206 STATE:IN_POS
[2026-02-28 04:57:32] CHK EMA1m:OK EMA5m:OK RSI:27.16049382 VOL:NO MOM:0.03% RANGE:0.27% UP:47.05% SPREAD:0.27230149% BID:0.9181 ASK:0.9206 STATE:IN_POS
[2026-02-28 04:57:33] CHK EMA1m:OK EMA5m:OK RSI:27.16049382 VOL:NO MOM:0.1% RANGE:0.27% UP:47.05% SPREAD:0.27230149% BID:0.9181 ASK:0.9206 STATE:IN_POS
[2026-02-28 04:57:34] CHK EMA1m:OK EMA5m:OK RSI:27.16049382 VOL:NO MOM:0.11% RANGE:0.28% UP:5E+1% SPREAD:0.26138096% BID:0.9182 ASK:0.9206 STATE:IN_POS
[2026-02-28 04:57:35] CHK EMA1m:OK EMA5m:OK RSI:27.16049382 VOL:NO MOM:0.14% RANGE:0.28% UP:5E+1% SPREAD:0.26138096% BID:0.9182 ASK:0.9206 STATE:IN_POS
[2026-02-28 04:57:36] CHK EMA1m:OK EMA5m:OK RSI:27.16049382 VOL:NO MOM:0.19% RANGE:0.28% UP:52.94% SPREAD:0.21781746% BID:0.9182 ASK:0.9202 STATE:IN_POS
[2026-02-28 04:57:37] CHK EMA1m:OK EMA5m:OK RSI:27.16049382 VOL:NO MOM:0.19% RANGE:0.28% UP:52.94% SPREAD:0.32701111% BID:0.9174 ASK:0.9204 STATE:IN_POS
[2026-02-28 04:57:38] CHK EMA1m:OK EMA5m:OK RSI:27.16049382 VOL:NO MOM:0.19% RANGE:0.28% UP:5E+1% SPREAD:0.32701111% BID:0.9174 ASK:0.9204 STATE:IN_POS
[2026-02-28 04:57:39] CHK EMA1m:OK EMA5m:OK RSI:27.16049382 VOL:NO MOM:0.24% RANGE:0.24% UP:5E+1% SPREAD:0.33761707% BID:0.9182 ASK:0.9213 STATE:IN_POS
[2026-02-28 04:57:41] CHK EMA1m:OK EMA5m:OK RSI:27.16049382 VOL:NO MOM:0.21% RANGE:0.21% UP:5E+1% SPREAD:0.29392553% BID:0.9186 ASK:0.9213 STATE:IN_POS
[2026-02-28 04:57:42] CHK EMA1m:OK EMA5m:OK RSI:27.16049382 VOL:NO MOM:0.23% RANGE:0.23% UP:5E+1% SPREAD:0.23933855% BID:0.9192 ASK:0.9214 STATE:IN_POS
[2026-02-28 04:57:43] CHK EMA1m:OK EMA5m:OK RSI:27.16049382 VOL:NO MOM:0.18% RANGE:0.23% UP:44.44% SPREAD:0.2502448% BID:0.9191 ASK:0.9214 STATE:IN_POS
[2026-02-28 04:57:44] CHK EMA1m:OK EMA5m:OK RSI:27.16049382 VOL:NO MOM:0.2% RANGE:0.23% UP:44.44% SPREAD:0.27206442% BID:0.9189 ASK:0.9214 STATE:IN_POS
[2026-02-28 04:57:45] CHK EMA1m:OK EMA5m:OK RSI:27.16049382 VOL:NO MOM:0.2% RANGE:0.23% UP:44.44% SPREAD:0.27206442% BID:0.9189 ASK:0.9214 STATE:IN_POS
[2026-02-28 04:57:46] CHK EMA1m:OK EMA5m:OK RSI:27.16049382 VOL:NO MOM:0.17% RANGE:0.23% UP:42.1% SPREAD:0.30481166% BID:0.9186 ASK:0.9214 STATE:IN_POS
[2026-02-28 04:57:47] CHK EMA1m:OK EMA5m:OK RSI:27.16049382 VOL:NO MOM:0.16% RANGE:0.19% UP:44.44% SPREAD:0.2937976% BID:0.919 ASK:0.9217 STATE:IN_POS
[2026-02-28 04:57:48] CHK EMA1m:OK EMA5m:OK RSI:27.16049382 VOL:NO MOM:0.11% RANGE:0.19% UP:38.88% SPREAD:0.31562908% BID:0.9188 ASK:0.9217 STATE:IN_POS
[2026-02-28 04:57:49] CHK EMA1m:OK EMA5m:OK RSI:27.16049382 VOL:NO MOM:0.08% RANGE:0.19% UP:38.88% SPREAD:0.34846999% BID:0.9183 ASK:0.9215 STATE:IN_POS
[2026-02-28 04:57:50] CHK EMA1m:OK EMA5m:OK RSI:27.16049382 VOL:NO MOM:0.03% RANGE:0.19% UP:33.33% SPREAD:0.34846999% BID:0.9183 ASK:0.9215 STATE:IN_POS
[2026-02-28 04:57:52] CHK EMA1m:OK EMA5m:OK RSI:27.16049382 VOL:NO MOM:0.06% RANGE:0.19% UP:33.33% SPREAD:0.29389354% BID:0.9187 ASK:0.9214 STATE:IN_POS
[2026-02-28 04:57:53] CHK EMA1m:OK EMA5m:OK RSI:27.16049382 VOL:NO MOM:0.13% RANGE:0.2% UP:38.88% SPREAD:0.2610682% BID:0.9193 ASK:0.9217 STATE:IN_POS
[2026-02-28 04:57:54] CHK EMA1m:OK EMA5m:OK RSI:27.16049382 VOL:NO MOM:0.14% RANGE:0.22% UP:38.88% SPREAD:0.23926046% BID:0.9195 ASK:0.9217 STATE:IN_POS
[2026-02-28 04:57:55] CHK EMA1m:OK EMA5m:OK RSI:27.16049382 VOL:NO MOM:0.09% RANGE:0.22% UP:38.88% SPREAD:0.27200522% BID:0.9191 ASK:0.9216 STATE:IN_POS
[2026-02-28 04:57:56] CHK EMA1m:OK EMA5m:OK RSI:27.16049382 VOL:NO MOM:0.08% RANGE:0.22% UP:38.88% SPREAD:0.27203482% BID:0.919 ASK:0.9215 STATE:IN_POS
[2026-02-28 04:57:57] CHK EMA1m:OK EMA5m:OK RSI:27.16049382 VOL:NO MOM:0.14% RANGE:0.22% UP:38.88% SPREAD:0.30477849% BID:0.9187 ASK:0.9215 STATE:IN_POS
[2026-02-28 04:57:58] CHK EMA1m:OK EMA5m:OK RSI:27.16049382 VOL:NO MOM:0.14% RANGE:0.22% UP:38.88% SPREAD:0.30477849% BID:0.9187 ASK:0.9215 STATE:IN_POS
[2026-02-28 04:58:01] CHK EMA1m:OK EMA5m:OK RSI:27.16049382 VOL:NO MOM:-0.06% RANGE:0.13% UP:25% SPREAD:0.27215327% BID:0.9186 ASK:0.9211 STATE:IN_POS
[2026-02-28 04:58:02] CHK EMA1m:OK EMA5m:OK RSI:55.83756345 VOL:NO MOM:-0.06% RANGE:0.13% UP:23.52% SPREAD:0.27215327% BID:0.9186 ASK:0.9211 STATE:IN_POS
[2026-02-28 04:58:03] CHK EMA1m:OK EMA5m:OK RSI:55.83756345 VOL:NO MOM:-0.05% RANGE:0.13% UP:23.52% SPREAD:0.26126714% BID:0.9186 ASK:0.921 STATE:IN_POS
[2026-02-28 04:58:04] CHK EMA1m:OK EMA5m:OK RSI:55.83756345 VOL:NO MOM:-0.03% RANGE:0.13% UP:25% SPREAD:0.23949488% BID:0.9186 ASK:0.9208 STATE:IN_POS
[2026-02-28 04:58:05] CHK EMA1m:OK EMA5m:OK RSI:55.83756345 VOL:NO MOM:-0.09% RANGE:0.19% UP:25% SPREAD:0.3051106% BID:0.9177 ASK:0.9205 STATE:IN_POS
[2026-02-28 04:58:06] CHK EMA1m:OK EMA5m:OK RSI:55.83756345 VOL:NO MOM:-0.14% RANGE:0.19% UP:18.75% SPREAD:0.3051106% BID:0.9177 ASK:0.9205 STATE:IN_POS
[2026-02-28 04:58:07] CHK EMA1m:OK EMA5m:OK RSI:55.83756345 VOL:NO MOM:-0.09% RANGE:0.19% UP:23.52% SPREAD:0.25051737% BID:0.9181 ASK:0.9204 STATE:IN_POS
[2026-02-28 04:58:08] CHK EMA1m:OK EMA5m:OK RSI:55.83756345 VOL:NO MOM:-0.09% RANGE:0.19% UP:23.52% SPREAD:0.27236082% BID:0.9179 ASK:0.9204 STATE:IN_POS
[2026-02-28 04:58:09] CHK EMA1m:OK EMA5m:OK RSI:55.83756345 VOL:NO MOM:-0.02% RANGE:0.19% UP:31.25% SPREAD:0.25051737% BID:0.9181 ASK:0.9204 STATE:IN_POS
[2026-02-28 04:58:10] CHK EMA1m:OK EMA5m:OK RSI:55.83756345 VOL:NO MOM:0% RANGE:0.19% UP:31.25% SPREAD:0.30477849% BID:0.9187 ASK:0.9215 STATE:IN_POS
[2026-02-28 04:58:12] CHK EMA1m:OK EMA5m:OK RSI:55.83756345 VOL:NO MOM:0.04% RANGE:0.19% UP:35.29% SPREAD:0.30464584% BID:0.9191 ASK:0.9219 STATE:IN_POS
[2026-02-28 04:58:13] CHK EMA1m:OK EMA5m:OK RSI:55.83756345 VOL:NO MOM:-0.02% RANGE:0.19% UP:29.41% SPREAD:0.30464584% BID:0.9191 ASK:0.9219 STATE:IN_POS
[2026-02-28 04:58:15] CHK EMA1m:OK EMA5m:OK RSI:55.83756345 VOL:NO MOM:-0.01% RANGE:0.15% UP:25% SPREAD:0.28291621% BID:0.919 ASK:0.9216 STATE:IN_POS
[2026-02-28 04:58:16] CHK EMA1m:OK EMA5m:OK RSI:55.83756345 VOL:NO MOM:-0.03% RANGE:0.15% UP:25% SPREAD:0.31566343% BID:0.9187 ASK:0.9216 STATE:IN_POS
[2026-02-28 04:58:16] CHK EMA1m:OK EMA5m:OK RSI:55.83756345 VOL:NO MOM:0.04% RANGE:0.15% UP:31.25% SPREAD:0.28288543% BID:0.9191 ASK:0.9217 STATE:IN_POS
[2026-02-28 04:58:17] CHK EMA1m:OK EMA5m:OK RSI:55.83756345 VOL:NO MOM:0.05% RANGE:0.16% UP:37.5% SPREAD:0.27197563% BID:0.9192 ASK:0.9217 STATE:IN_POS
[2026-02-28 04:58:19] CHK EMA1m:OK EMA5m:OK RSI:48.88888888 VOL:OK MOM:0.06% RANGE:0.16% UP:37.5% SPREAD:0.27197563% BID:0.9192 ASK:0.9217 STATE:IN_POS
[2026-02-28 04:58:22] CHK EMA1m:OK EMA5m:OK RSI:48.88888888 VOL:OK MOM:-0.1% RANGE:0.17% UP:35.29% SPREAD:0.31604184% BID:0.9176 ASK:0.9205 STATE:IN_POS
[2026-02-28 04:58:23] CHK EMA1m:OK EMA5m:OK RSI:48.88888888 VOL:OK MOM:-0.11% RANGE:0.18% UP:4E+1% SPREAD:0.31607629% BID:0.9175 ASK:0.9204 STATE:IN_POS
[2026-02-28 04:58:24] CHK EMA1m:OK EMA5m:OK RSI:48.88888888 VOL:OK MOM:-0.02% RANGE:0.18% UP:4E+1% SPREAD:0.30517711% BID:0.9175 ASK:0.9203 STATE:IN_POS
[2026-02-28 04:58:25] CHK EMA1m:OK EMA5m:OK RSI:48.88888888 VOL:OK MOM:-0.02% RANGE:0.18% UP:4E+1% SPREAD:0.30517711% BID:0.9175 ASK:0.9203 STATE:IN_POS
[2026-02-28 04:58:27] CHK EMA1m:OK EMA5m:OK RSI:48.88888888 VOL:OK MOM:-0.02% RANGE:0.18% UP:37.5% SPREAD:0.30517711% BID:0.9175 ASK:0.9203 STATE:IN_POS
[2026-02-28 04:58:31] CHK EMA1m:OK EMA5m:OK RSI:48.88888888 VOL:OK MOM:-0.4% RANGE:0.41% UP:16.66% SPREAD:0.37142232% BID:0.9154 ASK:0.9188 STATE:IN_POS
[2026-02-28 04:58:32] CHK EMA1m:OK EMA5m:OK RSI:43.1372549 VOL:OK MOM:-0.38% RANGE:0.41% UP:25% SPREAD:0.38226299% BID:0.9156 ASK:0.9191 STATE:IN_POS
[2026-02-28 04:58:33] CHK EMA1m:OK EMA5m:OK RSI:43.1372549 VOL:OK MOM:-0.36% RANGE:0.41% UP:25% SPREAD:0.38226299% BID:0.9156 ASK:0.9191 STATE:IN_POS
[2026-02-28 04:58:34] CHK EMA1m:OK EMA5m:OK RSI:43.1372549 VOL:OK MOM:-0.31% RANGE:0.41% UP:33.33% SPREAD:0.36034068% BID:0.9158 ASK:0.9191 STATE:IN_POS
[2026-02-28 04:58:35] CHK EMA1m:OK EMA5m:OK RSI:43.1372549 VOL:OK MOM:-0.31% RANGE:0.41% UP:30.76% SPREAD:0.36034068% BID:0.9158 ASK:0.9191 STATE:IN_POS
[2026-02-28 04:58:36] CHK EMA1m:OK EMA5m:OK RSI:43.1372549 VOL:OK MOM:-0.35% RANGE:0.41% UP:23.07% SPREAD:0.40401834% BID:0.9158 ASK:0.9195 STATE:IN_POS
[2026-02-28 04:58:38] CHK EMA1m:OK EMA5m:OK RSI:43.1372549 VOL:OK MOM:-0.36% RANGE:0.41% UP:15.38% SPREAD:0.41493775% BID:0.9158 ASK:0.9196 STATE:IN_POS
[2026-02-28 04:58:39] CHK EMA1m:OK EMA5m:OK RSI:43.1372549 VOL:OK MOM:-0.04% RANGE:0.24% UP:25% SPREAD:0.33798517% BID:0.9172 ASK:0.9203 STATE:IN_POS
[2026-02-28 04:58:40] CHK EMA1m:OK EMA5m:OK RSI:43.1372549 VOL:OK MOM:0.19% RANGE:0.43% UP:30.76% SPREAD:0.33717641% BID:0.9194 ASK:0.9225 STATE:IN_POS
[2026-02-28 04:58:40] CHK EMA1m:OK EMA5m:OK RSI:43.1372549 VOL:OK MOM:0.22% RANGE:0.45% UP:38.46% SPREAD:0.33710308% BID:0.9196 ASK:0.9227 STATE:IN_POS
[2026-02-28 04:58:41] CHK EMA1m:OK EMA5m:OK RSI:43.1372549 VOL:OK MOM:0.22% RANGE:0.45% UP:35.71% SPREAD:0.33710308% BID:0.9196 ASK:0.9227 STATE:IN_POS
[2026-02-28 04:58:43] CHK EMA1m:OK EMA5m:OK RSI:43.1372549 VOL:OK MOM:0.22% RANGE:0.45% UP:33.33% SPREAD:0.33710308% BID:0.9196 ASK:0.9227 STATE:IN_POS
[2026-02-28 04:58:44] CHK EMA1m:OK EMA5m:OK RSI:43.1372549 VOL:OK MOM:0.25% RANGE:0.48% UP:4E+1% SPREAD:0.31528593% BID:0.9198 ASK:0.9227 STATE:IN_POS
[2026-02-28 04:58:45] CHK EMA1m:OK EMA5m:OK RSI:43.1372549 VOL:OK MOM:0.22% RANGE:0.48% UP:4E+1% SPREAD:0.3153545% BID:0.9196 ASK:0.9225 STATE:IN_POS
[2026-02-28 04:58:46] CHK EMA1m:OK EMA5m:OK RSI:51.88679245 VOL:OK MOM:0.22% RANGE:0.48% UP:4E+1% SPREAD:0.3153545% BID:0.9196 ASK:0.9225 STATE:IN_POS
[2026-02-28 04:58:47] CHK EMA1m:OK EMA5m:OK RSI:51.88679245 VOL:OK MOM:0.5% RANGE:0.5% UP:46.66% SPREAD:0.29347826% BID:0.92 ASK:0.9227 STATE:IN_POS
[2026-02-28 04:58:48] CHK EMA1m:OK EMA5m:OK RSI:51.88679245 VOL:OK MOM:0.5% RANGE:0.5% UP:43.75% SPREAD:0.29347826% BID:0.92 ASK:0.9227 STATE:IN_POS
[2026-02-28 04:58:49] CHK EMA1m:OK EMA5m:OK RSI:51.88679245 VOL:OK MOM:0.46% RANGE:0.5% UP:41.17% SPREAD:0.32619332% BID:0.9197 ASK:0.9227 STATE:IN_POS
[2026-02-28 04:58:50] CHK EMA1m:OK EMA5m:OK RSI:51.88679245 VOL:OK MOM:0.46% RANGE:0.5% UP:38.88% SPREAD:0.32619332% BID:0.9197 ASK:0.9227 STATE:IN_POS
[2026-02-28 04:58:51] CHK EMA1m:OK EMA5m:OK RSI:51.88679245 VOL:OK MOM:0.44% RANGE:0.48% UP:33.33% SPREAD:0.32619332% BID:0.9197 ASK:0.9227 STATE:IN_POS
[2026-02-28 04:58:55] CHK EMA1m:OK EMA5m:OK RSI:51.88679245 VOL:OK MOM:0.42% RANGE:0.45% UP:29.41% SPREAD:0.32619332% BID:0.9197 ASK:0.9227 STATE:IN_POS
[2026-02-28 04:58:56] CHK EMA1m:OK EMA5m:OK RSI:51.88679245 VOL:OK MOM:0.42% RANGE:0.45% UP:31.25% SPREAD:0.32619332% BID:0.9197 ASK:0.9227 STATE:IN_POS
[2026-02-28 04:58:56] CHK EMA1m:OK EMA5m:OK RSI:51.88679245 VOL:OK MOM:0.42% RANGE:0.45% UP:31.25% SPREAD:0.32619332% BID:0.9197 ASK:0.9227 STATE:IN_POS
[2026-02-28 04:59:04] CHK EMA1m:OK EMA5m:OK RSI:51.88679245 VOL:NO MOM:-0.05% RANGE:0.09% UP:1E+1% SPREAD:0.3699271% BID:0.9191 ASK:0.9225 STATE:IN_POS
[2026-02-28 04:59:05] CHK EMA1m:OK EMA5m:OK RSI:51.88679245 VOL:NO MOM:-0.04% RANGE:0.09% UP:2E+1% SPREAD:0.3046127% BID:0.9192 ASK:0.922 STATE:IN_POS
[2026-02-28 04:59:06] CHK EMA1m:OK EMA5m:OK RSI:51.88679245 VOL:NO MOM:-0.08% RANGE:0.09% UP:1E+1% SPREAD:0.3046127% BID:0.9192 ASK:0.922 STATE:IN_POS
[2026-02-28 04:59:07] CHK EMA1m:OK EMA5m:OK RSI:51.88679245 VOL:NO MOM:-0.08% RANGE:0.09% UP:1E+1% SPREAD:0.3046127% BID:0.9192 ASK:0.922 STATE:IN_POS
[2026-02-28 04:59:08] CHK EMA1m:OK EMA5m:OK RSI:51.88679245 VOL:NO MOM:-0.05% RANGE:0.06% UP:1E+1% SPREAD:0.31549173% BID:0.9192 ASK:0.9221 STATE:IN_POS
[2026-02-28 04:59:10] CHK EMA1m:OK EMA5m:OK RSI:51.88679245 VOL:NO MOM:-0.03% RANGE:0.06% UP:2E+1% SPREAD:0.33717641% BID:0.9194 ASK:0.9225 STATE:IN_POS
[2026-02-28 04:59:11] CHK EMA1m:OK EMA5m:OK RSI:51.88679245 VOL:NO MOM:-0.03% RANGE:0.06% UP:2E+1% SPREAD:0.3154231% BID:0.9194 ASK:0.9223 STATE:IN_POS
[2026-02-28 04:59:12] CHK EMA1m:OK EMA5m:OK RSI:51.88679245 VOL:NO MOM:-0.03% RANGE:0.06% UP:2E+1% SPREAD:0.3154231% BID:0.9194 ASK:0.9223 STATE:IN_POS
[2026-02-28 04:59:13] CHK EMA1m:OK EMA5m:OK RSI:51.88679245 VOL:NO MOM:0.01% RANGE:0.07% UP:27.27% SPREAD:0.29354207% BID:0.9198 ASK:0.9225 STATE:IN_POS
[2026-02-28 04:59:14] CHK EMA1m:OK EMA5m:OK RSI:51.88679245 VOL:NO MOM:0.01% RANGE:0.07% UP:25% SPREAD:0.29354207% BID:0.9198 ASK:0.9225 STATE:IN_POS
[2026-02-28 04:59:15] CHK EMA1m:OK EMA5m:OK RSI:51.88679245 VOL:NO MOM:-0.06% RANGE:0.07% UP:25% SPREAD:0.32640626% BID:0.9191 ASK:0.9221 STATE:IN_POS
[2026-02-28 04:59:16] CHK EMA1m:OK EMA5m:OK RSI:51.88679245 VOL:NO MOM:-0.06% RANGE:0.07% UP:25% SPREAD:0.32640626% BID:0.9191 ASK:0.9221 STATE:IN_POS
[2026-02-28 04:59:17] CHK EMA1m:OK EMA5m:OK RSI:51.88679245 VOL:NO MOM:-0.07% RANGE:0.15% UP:25% SPREAD:0.31576655% BID:0.9184 ASK:0.9213 STATE:IN_POS
[2026-02-28 04:59:18] CHK EMA1m:OK EMA5m:OK RSI:51.88679245 VOL:NO MOM:-0.07% RANGE:0.15% UP:23.07% SPREAD:0.30487804% BID:0.9184 ASK:0.9212 STATE:IN_POS
[2026-02-28 04:59:19] CHK EMA1m:OK EMA5m:OK RSI:51.88679245 VOL:NO MOM:-0.07% RANGE:0.15% UP:21.42% SPREAD:0.30487804% BID:0.9184 ASK:0.9212 STATE:IN_POS
[2026-02-28 04:59:20] CHK EMA1m:OK EMA5m:OK RSI:51.88679245 VOL:NO MOM:-0.07% RANGE:0.15% UP:2E+1% SPREAD:0.30487804% BID:0.9184 ASK:0.9212 STATE:IN_POS
[2026-02-28 04:59:21] CHK EMA1m:OK EMA5m:OK RSI:51.88679245 VOL:NO MOM:-0.15% RANGE:0.22% UP:18.75% SPREAD:0.35959463% BID:0.9177 ASK:0.921 STATE:IN_POS
[2026-02-28 04:59:22] CHK EMA1m:OK EMA5m:OK RSI:51.88679245 VOL:NO MOM:-0.15% RANGE:0.22% UP:17.64% SPREAD:0.35959463% BID:0.9177 ASK:0.921 STATE:IN_POS
[2026-02-28 04:59:23] CHK EMA1m:OK EMA5m:OK RSI:51.88679245 VOL:NO MOM:-0.15% RANGE:0.22% UP:16.66% SPREAD:0.35959463% BID:0.9177 ASK:0.921 STATE:IN_POS
[2026-02-28 04:59:25] CHK EMA1m:OK EMA5m:OK RSI:51.88679245 VOL:NO MOM:-0.2% RANGE:0.27% UP:11.11% SPREAD:0.34884988% BID:0.9173 ASK:0.9205 STATE:IN_POS
[2026-02-28 04:59:26] CHK EMA1m:OK EMA5m:OK RSI:51.88679245 VOL:NO MOM:-0.2% RANGE:0.27% UP:11.11% SPREAD:0.33794832% BID:0.9173 ASK:0.9204 STATE:IN_POS
[2026-02-28 04:59:27] CHK EMA1m:OK EMA5m:OK RSI:51.88679245 VOL:NO MOM:-0.2% RANGE:0.27% UP:11.11% SPREAD:0.33794832% BID:0.9173 ASK:0.9204 STATE:IN_POS
[2026-02-28 04:59:29] CHK EMA1m:OK EMA5m:OK RSI:51.88679245 VOL:NO MOM:-0.22% RANGE:0.27% UP:5.88% SPREAD:0.32704676% BID:0.9173 ASK:0.9203 STATE:IN_POS
[2026-02-28 04:59:30] CHK EMA1m:OK EMA5m:OK RSI:51.88679245 VOL:NO MOM:-0.25% RANGE:0.29% UP:5.88% SPREAD:0.30531021% BID:0.9171 ASK:0.9199 STATE:IN_POS
[2026-02-28 04:59:32] CHK EMA1m:OK EMA5m:OK RSI:51.88679245 VOL:NO MOM:-0.3% RANGE:0.34% UP:5.88% SPREAD:0.32729653% BID:0.9166 ASK:0.9196 STATE:IN_POS
[2026-02-28 04:59:33] CHK EMA1m:OK EMA5m:OK RSI:51.88679245 VOL:NO MOM:-0.26% RANGE:0.34% UP:5.88% SPREAD:0.23980815% BID:0.9174 ASK:0.9196 STATE:IN_POS
[2026-02-28 04:59:34] CHK EMA1m:OK EMA5m:OK RSI:51.88679245 VOL:NO MOM:-0.1% RANGE:0.27% UP:12.5% SPREAD:0.29408561% BID:0.9181 ASK:0.9208 STATE:IN_POS
[2026-02-28 04:59:35] CHK EMA1m:OK EMA5m:OK RSI:51.88679245 VOL:NO MOM:-0.1% RANGE:0.27% UP:12.5% SPREAD:0.26140943% BID:0.9181 ASK:0.9205 STATE:IN_POS
[2026-02-28 04:59:36] CHK EMA1m:OK EMA5m:OK RSI:51.88679245 VOL:NO MOM:-0.1% RANGE:0.27% UP:11.76% SPREAD:0.26140943% BID:0.9181 ASK:0.9205 STATE:IN_POS
[2026-02-28 04:59:37] CHK EMA1m:OK EMA5m:OK RSI:51.88679245 VOL:NO MOM:-0.03% RANGE:0.19% UP:11.76% SPREAD:0.26140943% BID:0.9181 ASK:0.9205 STATE:IN_POS
[2026-02-28 04:59:39] CHK EMA1m:OK EMA5m:OK RSI:51.88679245 VOL:NO MOM:0.01% RANGE:0.2% UP:18.75% SPREAD:0.21774632% BID:0.9185 ASK:0.9205 STATE:IN_POS
[2026-02-28 04:59:40] CHK EMA1m:OK EMA5m:OK RSI:51.88679245 VOL:NO MOM:0.01% RANGE:0.2% UP:18.75% SPREAD:0.26129559% BID:0.9185 ASK:0.9209 STATE:IN_POS
[2026-02-28 04:59:41] CHK EMA1m:OK EMA5m:OK RSI:51.88679245 VOL:NO MOM:0.11% RANGE:0.24% UP:25% SPREAD:0.22855898% BID:0.9188 ASK:0.9209 STATE:IN_POS
[2026-02-28 04:59:42] CHK EMA1m:OK EMA5m:OK RSI:51.88679245 VOL:NO MOM:0.11% RANGE:0.24% UP:25% SPREAD:0.22855898% BID:0.9188 ASK:0.9209 STATE:IN_POS
[2026-02-28 04:59:43] CHK EMA1m:OK EMA5m:OK RSI:51.88679245 VOL:NO MOM:0.11% RANGE:0.24% UP:25% SPREAD:0.22855898% BID:0.9188 ASK:0.9209 STATE:IN_POS
[2026-02-28 04:59:45] CHK EMA1m:OK EMA5m:OK RSI:51.88679245 VOL:NO MOM:0.16% RANGE:0.24% UP:25% SPREAD:0.22855898% BID:0.9188 ASK:0.9209 STATE:IN_POS
[2026-02-28 04:59:46] CHK EMA1m:OK EMA5m:OK RSI:51.88679245 VOL:NO MOM:0.16% RANGE:0.24% UP:25% SPREAD:0.22855898% BID:0.9188 ASK:0.9209 STATE:IN_POS
[2026-02-28 04:59:47] CHK EMA1m:OK EMA5m:OK RSI:51.88679245 VOL:NO MOM:0.16% RANGE:0.24% UP:25% SPREAD:0.22855898% BID:0.9188 ASK:0.9209 STATE:IN_POS
[2026-02-28 04:59:48] CHK EMA1m:OK EMA5m:OK RSI:51.88679245 VOL:NO MOM:0.16% RANGE:0.24% UP:25% SPREAD:0.30474531% BID:0.9188 ASK:0.9216 STATE:IN_POS
[2026-02-28 04:59:49] CHK EMA1m:OK EMA5m:OK RSI:51.88679245 VOL:NO MOM:0.19% RANGE:0.25% UP:31.25% SPREAD:0.31559473% BID:0.9189 ASK:0.9218 STATE:IN_POS
[2026-02-28 04:59:50] CHK EMA1m:OK EMA5m:OK RSI:51.88679245 VOL:NO MOM:0.25% RANGE:0.25% UP:31.25% SPREAD:0.29382957% BID:0.9189 ASK:0.9216 STATE:IN_POS
[2026-02-28 04:59:51] CHK EMA1m:OK EMA5m:OK RSI:51.88679245 VOL:NO MOM:0.11% RANGE:0.16% UP:25% SPREAD:0.29395753% BID:0.9185 ASK:0.9212 STATE:IN_POS
[2026-02-28 04:59:52] CHK EMA1m:OK EMA5m:OK RSI:51.88679245 VOL:NO MOM:0.1% RANGE:0.16% UP:23.52% SPREAD:0.30487804% BID:0.9184 ASK:0.9212 STATE:IN_POS
[2026-02-28 04:59:54] CHK EMA1m:OK EMA5m:OK RSI:51.88679245 VOL:NO MOM:0.03% RANGE:0.08% UP:17.64% SPREAD:0.27221254% BID:0.9184 ASK:0.9209 STATE:IN_POS
[2026-02-28 04:59:55] CHK EMA1m:OK EMA5m:OK RSI:51.88679245 VOL:NO MOM:0.03% RANGE:0.08% UP:17.64% SPREAD:0.32665505% BID:0.9184 ASK:0.9214 STATE:IN_POS
[2026-02-28 04:59:56] CHK EMA1m:OK EMA5m:OK RSI:51.88679245 VOL:NO MOM:0.03% RANGE:0.08% UP:17.64% SPREAD:0.32665505% BID:0.9184 ASK:0.9214 STATE:IN_POS
[2026-02-28 04:59:57] CHK EMA1m:OK EMA5m:OK RSI:51.88679245 VOL:NO MOM:0.03% RANGE:0.08% UP:17.64% SPREAD:0.30487804% BID:0.9184 ASK:0.9212 STATE:IN_POS
[2026-02-28 04:59:58] CHK EMA1m:OK EMA5m:OK RSI:51.88679245 VOL:NO MOM:-0.01% RANGE:0.05% UP:11.76% SPREAD:0.30487804% BID:0.9184 ASK:0.9212 STATE:IN_POS
[2026-02-28 04:59:59] CHK EMA1m:OK EMA5m:OK RSI:51.88679245 VOL:NO MOM:0.05% RANGE:0.06% UP:17.64% SPREAD:0.27203482% BID:0.919 ASK:0.9215 STATE:IN_POS
[2026-02-28 05:00:01] CHK EMA1m:OK EMA5m:OK RSI:51.88679245 VOL:NO MOM:-0.06% RANGE:0.08% UP:11.76% SPREAD:0.31583532% BID:0.9182 ASK:0.9211 STATE:IN_POS
[2026-02-28 05:00:03] CHK EMA1m:OK EMA5m:OK RSI:49.25373134 VOL:NO MOM:0.02% RANGE:0.08% UP:18.75% SPREAD:0.27203482% BID:0.919 ASK:0.9215 STATE:IN_POS
[2026-02-28 05:00:05] CHK EMA1m:OK EMA5m:OK RSI:49.25373134 VOL:NO MOM:-0.08% RANGE:0.1% UP:2E+1% SPREAD:0.2614379% BID:0.918 ASK:0.9204 STATE:IN_POS
[2026-02-28 05:00:06] CHK EMA1m:OK EMA5m:OK RSI:49.25373134 VOL:NO MOM:-0.15% RANGE:0.17% UP:2E+1% SPREAD:0.34881185% BID:0.9174 ASK:0.9206 STATE:IN_POS
[2026-02-28 05:00:07] CHK EMA1m:OK EMA5m:OK RSI:49.25373134 VOL:NO MOM:-0.15% RANGE:0.17% UP:18.75% SPREAD:0.34881185% BID:0.9174 ASK:0.9206 STATE:IN_POS
[2026-02-28 05:00:08] CHK EMA1m:OK EMA5m:OK RSI:49.25373134 VOL:NO MOM:-0.15% RANGE:0.17% UP:18.75% SPREAD:0.34881185% BID:0.9174 ASK:0.9206 STATE:IN_POS
[2026-02-28 05:00:09] CHK EMA1m:OK EMA5m:OK RSI:49.25373134 VOL:NO MOM:-0.18% RANGE:0.19% UP:12.5% SPREAD:0.32708242% BID:0.9172 ASK:0.9202 STATE:IN_POS
[2026-02-28 05:00:10] CHK EMA1m:OK EMA5m:OK RSI:49.25373134 VOL:NO MOM:-0.2% RANGE:0.21% UP:12.5% SPREAD:0.32715376% BID:0.917 ASK:0.92 STATE:IN_POS
[2026-02-28 05:00:11] CHK EMA1m:OK EMA5m:OK RSI:49.25373134 VOL:NO MOM:-0.14% RANGE:0.21% UP:18.75% SPREAD:0.30527692% BID:0.9172 ASK:0.92 STATE:IN_POS
[2026-02-28 05:00:12] CHK EMA1m:OK EMA5m:OK RSI:49.25373134 VOL:NO MOM:-0.1% RANGE:0.21% UP:25% SPREAD:0.28340963% BID:0.9174 ASK:0.92 STATE:IN_POS
[2026-02-28 05:00:13] CHK EMA1m:OK EMA5m:OK RSI:49.25373134 VOL:NO MOM:-0.04% RANGE:0.21% UP:31.25% SPREAD:0.2832244% BID:0.918 ASK:0.9206 STATE:IN_POS
[2026-02-28 05:00:14] CHK EMA1m:OK EMA5m:OK RSI:49.25373134 VOL:NO MOM:0% RANGE:0.21% UP:37.5% SPREAD:0.30487804% BID:0.9184 ASK:0.9212 STATE:IN_POS
[2026-02-28 05:00:15] CHK EMA1m:OK EMA5m:OK RSI:49.25373134 VOL:NO MOM:0.02% RANGE:0.21% UP:43.75% SPREAD:0.2830394% BID:0.9186 ASK:0.9212 STATE:IN_POS
[2026-02-28 05:00:16] CHK EMA1m:OK EMA5m:OK RSI:49.25373134 VOL:NO MOM:0.04% RANGE:0.21% UP:5E+1% SPREAD:0.26121027% BID:0.9188 ASK:0.9212 STATE:IN_POS
[2026-02-28 05:00:17] CHK EMA1m:OK EMA5m:OK RSI:49.25373134 VOL:NO MOM:0.3% RANGE:0.45% UP:56.25% SPREAD:0.23881893% BID:0.9212 ASK:0.9234 STATE:IN_POS
[2026-02-28 05:00:18] SELL symbol=BARDUSDC qty=10.6 exit=0.9214 pnl=0.023319999999999785 reason=TIME profile=major
[2026-02-28 05:00:29] CHK EMA1m:OK EMA5m:OK RSI:56.77966101 VOL:OK MOM:0.16% RANGE:0.57% UP:41.37% SPREAD:0.45716773% BID:0.9187 ASK:0.9229 STATE:IDLE
[2026-02-28 05:00:29] DECIDE_HOLD reason=HOLD_SPREAD spread=0.4572% mom=0.1635% range=0.5780% up=41.38% rsi=56.779661016949134
[2026-02-28 05:00:30] CHK EMA1m:OK EMA5m:OK RSI:56.77966101 VOL:OK MOM:0.16% RANGE:0.55% UP:39.28% SPREAD:0.43539784% BID:0.9187 ASK:0.9227 STATE:IDLE
[2026-02-28 05:00:31] CHK EMA1m:OK EMA5m:OK RSI:56.77966101 VOL:OK MOM:0.16% RANGE:0.55% UP:37.93% SPREAD:0.43539784% BID:0.9187 ASK:0.9227 STATE:IDLE
[2026-02-28 05:00:32] CHK EMA1m:OK EMA5m:OK RSI:56.77966101 VOL:OK MOM:0.14% RANGE:0.53% UP:34.48% SPREAD:0.39185806% BID:0.9187 ASK:0.9223 STATE:IDLE
[2026-02-28 05:00:33] CHK EMA1m:OK EMA5m:OK RSI:56.77966101 VOL:OK MOM:0.07% RANGE:0.46% UP:31.03% SPREAD:0.37008816% BID:0.9187 ASK:0.9221 STATE:IDLE
[2026-02-28 05:00:34] CHK EMA1m:OK EMA5m:OK RSI:56.77966101 VOL:OK MOM:0.03% RANGE:0.42% UP:27.58% SPREAD:0.37008816% BID:0.9187 ASK:0.9221 STATE:IDLE
[2026-02-28 05:00:37] CHK EMA1m:OK EMA5m:OK RSI:56.77966101 VOL:OK MOM:-0.22% RANGE:0.4% UP:22.22% SPREAD:0.32640626% BID:0.9191 ASK:0.9221 STATE:IDLE
[2026-02-28 05:00:38] BUY symbol=BARDUSDC qty=10.6 entry=0.9221 momPct=-0.0022796352583586525 rangePct=0.004027868495536726 upRatio=0.2222222222222222 profile=major
[2026-02-28 05:00:39] CHK EMA1m:OK EMA5m:OK RSI:54.26008968 VOL:OK MOM:-0.24% RANGE:0.4% UP:19.23% SPREAD:0.22826086% BID:0.92 ASK:0.9221 STATE:IN_POS
[2026-02-28 05:00:40] CHK EMA1m:OK EMA5m:OK RSI:54.26008968 VOL:OK MOM:-0.13% RANGE:0.32% UP:2E+1% SPREAD:0.1847023% BID:0.9204 ASK:0.9221 STATE:IN_POS
[2026-02-28 05:00:41] CHK EMA1m:OK EMA5m:OK RSI:54.26008968 VOL:OK MOM:-0.03% RANGE:0.22% UP:21.73% SPREAD:0.1847023% BID:0.9204 ASK:0.9221 STATE:IN_POS
[2026-02-28 05:00:42] CHK EMA1m:OK EMA5m:OK RSI:54.26008968 VOL:OK MOM:0% RANGE:0.22% UP:27.27% SPREAD:0.16291951% BID:0.9207 ASK:0.9222 STATE:IN_POS
[2026-02-28 05:00:43] CHK EMA1m:OK EMA5m:OK RSI:54.26008968 VOL:OK MOM:0.19% RANGE:0.22% UP:28.57% SPREAD:0.27153252% BID:0.9207 ASK:0.9232 STATE:IN_POS
[2026-02-28 05:00:44] CHK EMA1m:OK EMA5m:OK RSI:54.26008968 VOL:OK MOM:0.21% RANGE:0.22% UP:3E+1% SPREAD:0.26067122% BID:0.9207 ASK:0.9231 STATE:IN_POS
[2026-02-28 05:00:46] CHK EMA1m:OK EMA5m:OK RSI:54.26008968 VOL:OK MOM:0.19% RANGE:0.22% UP:26.31% SPREAD:0.26067122% BID:0.9207 ASK:0.9231 STATE:IN_POS
[2026-02-28 05:00:46] CHK EMA1m:OK EMA5m:OK RSI:54.26008968 VOL:OK MOM:0.21% RANGE:0.21% UP:23.52% SPREAD:0.27153252% BID:0.9207 ASK:0.9232 STATE:IN_POS
[2026-02-28 05:00:47] CHK EMA1m:OK EMA5m:OK RSI:54.26008968 VOL:OK MOM:0.16% RANGE:0.21% UP:23.52% SPREAD:0.27168006% BID:0.9202 ASK:0.9227 STATE:IN_POS
[2026-02-28 05:00:48] CHK EMA1m:OK EMA5m:OK RSI:54.26008968 VOL:OK MOM:0.16% RANGE:0.21% UP:25% SPREAD:0.27168006% BID:0.9202 ASK:0.9227 STATE:IN_POS
[2026-02-28 05:00:49] CHK EMA1m:OK EMA5m:OK RSI:54.26008968 VOL:OK MOM:0.16% RANGE:0.21% UP:25% SPREAD:0.30428167% BID:0.9202 ASK:0.923 STATE:IN_POS
[2026-02-28 05:00:51] CHK EMA1m:OK EMA5m:OK RSI:54.26008968 VOL:OK MOM:0.16% RANGE:0.21% UP:25% SPREAD:0.29341447% BID:0.9202 ASK:0.9229 STATE:IN_POS
[2026-02-28 05:00:52] CHK EMA1m:OK EMA5m:OK RSI:54.26008968 VOL:OK MOM:0.16% RANGE:0.21% UP:25% SPREAD:0.29341447% BID:0.9202 ASK:0.9229 STATE:IN_POS
[2026-02-28 05:01:01] CHK EMA1m:OK EMA5m:OK RSI:54.26008968 VOL:NO MOM:-0.02% RANGE:0.05% UP:9.09% SPREAD:0.28254727% BID:0.9202 ASK:0.9228 STATE:IN_POS
[2026-02-28 05:01:02] CHK EMA1m:OK EMA5m:OK RSI:54.26008968 VOL:NO MOM:-0.05% RANGE:0.05% UP:0% SPREAD:0.32601608% BID:0.9202 ASK:0.9232 STATE:IN_POS
[2026-02-28 05:01:03] CHK EMA1m:OK EMA5m:OK RSI:54.26008968 VOL:NO MOM:-0.01% RANGE:0.05% UP:9.09% SPREAD:0.29328698% BID:0.9206 ASK:0.9233 STATE:IN_POS
[2026-02-28 05:01:04] CHK EMA1m:OK EMA5m:OK RSI:54.26008968 VOL:NO MOM:-0.01% RANGE:0.05% UP:9.09% SPREAD:0.29328698% BID:0.9206 ASK:0.9233 STATE:IN_POS
[2026-02-28 05:01:05] CHK EMA1m:OK EMA5m:OK RSI:54.26008968 VOL:NO MOM:0.01% RANGE:0.06% UP:18.18% SPREAD:0.27150304% BID:0.9208 ASK:0.9233 STATE:IN_POS
[2026-02-28 05:01:06] CHK EMA1m:OK EMA5m:OK RSI:58.19672131 VOL:OK MOM:0.21% RANGE:0.27% UP:27.27% SPREAD:0.32513276% BID:0.9227 ASK:0.9257 STATE:IN_POS
[2026-02-28 05:01:07] CHK EMA1m:OK EMA5m:OK RSI:58.19672131 VOL:OK MOM:0.24% RANGE:0.27% UP:27.27% SPREAD:0.32520325% BID:0.9225 ASK:0.9255 STATE:IN_POS
[2026-02-28 05:01:08] CHK EMA1m:OK EMA5m:OK RSI:58.19672131 VOL:OK MOM:0.27% RANGE:0.27% UP:36.36% SPREAD:0.29261948% BID:0.9227 ASK:0.9254 STATE:IN_POS
[2026-02-28 05:01:09] CHK EMA1m:OK EMA5m:OK RSI:58.19672131 VOL:OK MOM:0.3% RANGE:0.3% UP:45.45% SPREAD:0.29252437% BID:0.923 ASK:0.9257 STATE:IN_POS
[2026-02-28 05:01:10] CHK EMA1m:OK EMA5m:OK RSI:58.19672131 VOL:OK MOM:0.27% RANGE:0.3% UP:45.45% SPREAD:0.32513276% BID:0.9227 ASK:0.9257 STATE:IN_POS
[2026-02-28 05:01:12] CHK EMA1m:OK EMA5m:OK RSI:58.19672131 VOL:OK MOM:0.31% RANGE:0.31% UP:54.54% SPREAD:0.35749106% BID:0.9231 ASK:0.9264 STATE:IN_POS
[2026-02-28 05:01:13] CHK EMA1m:OK EMA5m:OK RSI:58.19672131 VOL:OK MOM:0.33% RANGE:0.33% UP:63.63% SPREAD:0.22744503% BID:0.9233 ASK:0.9254 STATE:IN_POS
[2026-02-28 05:01:13] CHK EMA1m:OK EMA5m:OK RSI:58.19672131 VOL:OK MOM:0.18% RANGE:0.33% UP:58.33% SPREAD:0.31456774% BID:0.9219 ASK:0.9248 STATE:IN_POS
[2026-02-28 05:01:14] CHK EMA1m:OK EMA5m:OK RSI:58.19672131 VOL:OK MOM:0.16% RANGE:0.33% UP:53.84% SPREAD:0.33633503% BID:0.9217 ASK:0.9248 STATE:IN_POS
[2026-02-28 05:01:15] CHK EMA1m:OK EMA5m:OK RSI:58.19672131 VOL:OK MOM:0.22% RANGE:0.33% UP:57.14% SPREAD:0.27106147% BID:0.9223 ASK:0.9248 STATE:IN_POS
[2026-02-28 05:01:17] CHK EMA1m:OK EMA5m:OK RSI:58.19672131 VOL:OK MOM:0.22% RANGE:0.33% UP:53.33% SPREAD:0.33611623% BID:0.9223 ASK:0.9254 STATE:IN_POS
[2026-02-28 05:01:18] CHK EMA1m:OK EMA5m:OK RSI:58.19672131 VOL:OK MOM:0.31% RANGE:0.33% UP:56.25% SPREAD:0.29249268% BID:0.9231 ASK:0.9258 STATE:IN_POS
[2026-02-28 05:01:19] CHK EMA1m:OK EMA5m:OK RSI:58.19672131 VOL:OK MOM:0.31% RANGE:0.33% UP:52.94% SPREAD:0.29249268% BID:0.9231 ASK:0.9258 STATE:IN_POS
[2026-02-28 05:01:20] CHK EMA1m:OK EMA5m:OK RSI:58.19672131 VOL:OK MOM:0.38% RANGE:0.38% UP:55.55% SPREAD:0.29230269% BID:0.9237 ASK:0.9264 STATE:IN_POS
[2026-02-28 05:01:21] CHK EMA1m:OK EMA5m:OK RSI:58.19672131 VOL:OK MOM:0.4% RANGE:0.4% UP:61.11% SPREAD:0.27059205% BID:0.9239 ASK:0.9264 STATE:IN_POS
[2026-02-28 05:01:23] CHK EMA1m:OK EMA5m:OK RSI:58.19672131 VOL:OK MOM:0.29% RANGE:0.35% UP:55.55% SPREAD:0.29242932% BID:0.9233 ASK:0.926 STATE:IN_POS
[2026-02-28 05:01:24] CHK EMA1m:OK EMA5m:OK RSI:58.19672131 VOL:OK MOM:0.29% RANGE:0.35% UP:55.55% SPREAD:0.22744503% BID:0.9233 ASK:0.9254 STATE:IN_POS
[2026-02-28 05:01:25] CHK EMA1m:OK EMA5m:OK RSI:58.19672131 VOL:OK MOM:0.27% RANGE:0.33% UP:5E+1% SPREAD:0.29242932% BID:0.9233 ASK:0.926 STATE:IN_POS
[2026-02-28 05:01:26] CHK EMA1m:OK EMA5m:OK RSI:58.19672131 VOL:OK MOM:0.06% RANGE:0.23% UP:44.44% SPREAD:0.29242932% BID:0.9233 ASK:0.926 STATE:IN_POS
[2026-02-28 05:01:27] CHK EMA1m:OK EMA5m:OK RSI:58.19672131 VOL:OK MOM:0.08% RANGE:0.23% UP:44.44% SPREAD:0.31409076% BID:0.9233 ASK:0.9262 STATE:IN_POS
[2026-02-28 05:01:28] CHK EMA1m:OK EMA5m:OK RSI:58.19672131 VOL:OK MOM:0.08% RANGE:0.23% UP:44.44% SPREAD:0.30319436% BID:0.9235 ASK:0.9263 STATE:IN_POS
[2026-02-28 05:01:29] CHK EMA1m:OK EMA5m:OK RSI:58.19672131 VOL:OK MOM:0.03% RANGE:0.23% UP:38.88% SPREAD:0.32492147% BID:0.9233 ASK:0.9263 STATE:IN_POS
[2026-02-28 05:01:30] CHK EMA1m:OK EMA5m:OK RSI:58.19672131 VOL:OK MOM:0.11% RANGE:0.23% UP:44.44% SPREAD:0.27062134% BID:0.9238 ASK:0.9263 STATE:IN_POS
[2026-02-28 05:01:31] CHK EMA1m:OK EMA5m:OK RSI:58.19672131 VOL:OK MOM:0.1% RANGE:0.26% UP:44.44% SPREAD:0.23806947% BID:0.9241 ASK:0.9263 STATE:IN_POS
[2026-02-28 05:01:32] CHK EMA1m:OK EMA5m:OK RSI:58.19672131 VOL:OK MOM:0.2% RANGE:0.37% UP:44.44% SPREAD:0.32425421% BID:0.9252 ASK:0.9282 STATE:IN_POS
[2026-02-28 05:01:34] CHK EMA1m:OK EMA5m:OK RSI:58.19672131 VOL:OK MOM:0.42% RANGE:0.44% UP:5E+1% SPREAD:0.3132426% BID:0.9258 ASK:0.9287 STATE:IN_POS
[2026-02-28 05:01:35] CHK EMA1m:OK EMA5m:OK RSI:58.19672131 VOL:OK MOM:0.37% RANGE:0.37% UP:47.05% SPREAD:0.3132426% BID:0.9258 ASK:0.9287 STATE:IN_POS
[2026-02-28 05:01:36] CHK EMA1m:OK EMA5m:OK RSI:58.19672131 VOL:OK MOM:0.35% RANGE:0.37% UP:47.05% SPREAD:0.33491789% BID:0.9256 ASK:0.9287 STATE:IN_POS
[2026-02-28 05:01:37] CHK EMA1m:OK EMA5m:OK RSI:58.19672131 VOL:OK MOM:0.27% RANGE:0.29% UP:41.17% SPREAD:0.33491789% BID:0.9256 ASK:0.9287 STATE:IN_POS
[2026-02-28 05:01:38] CHK EMA1m:OK EMA5m:OK RSI:58.19672131 VOL:OK MOM:0.33% RANGE:0.33% UP:44.44% SPREAD:0.33470092% BID:0.9262 ASK:0.9293 STATE:IN_POS
[2026-02-28 05:01:39] CHK EMA1m:OK EMA5m:OK RSI:58.19672131 VOL:OK MOM:0.33% RANGE:0.33% UP:44.44% SPREAD:0.33470092% BID:0.9262 ASK:0.9293 STATE:IN_POS
[2026-02-28 05:01:40] CHK EMA1m:OK EMA5m:OK RSI:58.19672131 VOL:OK MOM:0.33% RANGE:0.4% UP:41.17% SPREAD:0.29126213% BID:0.927 ASK:0.9297 STATE:IN_POS
[2026-02-28 05:01:41] CHK EMA1m:OK EMA5m:OK RSI:58.19672131 VOL:OK MOM:0.35% RANGE:0.4% UP:41.17% SPREAD:0.33455644% BID:0.9266 ASK:0.9297 STATE:IN_POS
[2026-02-28 05:01:42] CHK EMA1m:OK EMA5m:OK RSI:58.19672131 VOL:OK MOM:0.35% RANGE:0.4% UP:38.88% SPREAD:0.33455644% BID:0.9266 ASK:0.9297 STATE:IN_POS
[2026-02-28 05:01:43] CHK EMA1m:OK EMA5m:OK RSI:58.19672131 VOL:OK MOM:0.35% RANGE:0.4% UP:38.88% SPREAD:0.26980358% BID:0.9266 ASK:0.9291 STATE:IN_POS
[2026-02-28 05:01:45] CHK EMA1m:OK EMA5m:OK RSI:58.19672131 VOL:OK MOM:0.35% RANGE:0.4% UP:38.88% SPREAD:0.30218001% BID:0.9266 ASK:0.9294 STATE:IN_POS
[2026-02-28 05:01:47] CHK EMA1m:OK EMA5m:OK RSI:58.19672131 VOL:OK MOM:0.18% RANGE:0.4% UP:41.17% SPREAD:0.29189189% BID:0.925 ASK:0.9277 STATE:IN_POS
[2026-02-28 05:01:48] CHK EMA1m:OK EMA5m:OK RSI:58.19672131 VOL:OK MOM:0.16% RANGE:0.4% UP:37.5% SPREAD:0.31358131% BID:0.9248 ASK:0.9277 STATE:IN_POS
[2026-02-28 05:01:49] CHK EMA1m:OK EMA5m:OK RSI:58.19672131 VOL:OK MOM:0.17% RANGE:0.34% UP:37.5% SPREAD:0.24854117% BID:0.9254 ASK:0.9277 STATE:IN_POS
[2026-02-28 05:01:50] CHK EMA1m:OK EMA5m:OK RSI:58.19672131 VOL:OK MOM:0.16% RANGE:0.31% UP:37.5% SPREAD:0.22687986% BID:0.9256 ASK:0.9277 STATE:IN_POS
[2026-02-28 05:01:51] CHK EMA1m:OK EMA5m:OK RSI:58.19672131 VOL:OK MOM:0.04% RANGE:0.23% UP:31.25% SPREAD:0.22687986% BID:0.9256 ASK:0.9277 STATE:IN_POS
[2026-02-28 05:01:53] CHK EMA1m:OK EMA5m:OK RSI:58.19672131 VOL:OK MOM:-0.04% RANGE:0.23% UP:25% SPREAD:0.24854117% BID:0.9254 ASK:0.9277 STATE:IN_POS
[2026-02-28 05:01:54] CHK EMA1m:OK EMA5m:OK RSI:58.19672131 VOL:OK MOM:-0.04% RANGE:0.23% UP:25% SPREAD:0.24854117% BID:0.9254 ASK:0.9277 STATE:IN_POS
[2026-02-28 05:01:55] CHK EMA1m:OK EMA5m:OK RSI:58.19672131 VOL:OK MOM:-0.02% RANGE:0.23% UP:25% SPREAD:0.24854117% BID:0.9254 ASK:0.9277 STATE:IN_POS
[2026-02-28 05:01:56] CHK EMA1m:OK EMA5m:OK RSI:58.19672131 VOL:OK MOM:-0.06% RANGE:0.23% UP:25% SPREAD:0.29189189% BID:0.925 ASK:0.9277 STATE:IN_POS
[2026-02-28 05:01:58] CHK EMA1m:OK EMA5m:OK RSI:58.19672131 VOL:OK MOM:-0.1% RANGE:0.23% UP:25% SPREAD:0.27021184% BID:0.9252 ASK:0.9277 STATE:IN_POS
[2026-02-28 05:01:59] CHK EMA1m:OK EMA5m:OK RSI:58.19672131 VOL:OK MOM:-0.21% RANGE:0.23% UP:2E+1% SPREAD:0.29189189% BID:0.925 ASK:0.9277 STATE:IN_POS
[2026-02-28 05:02:00] CHK EMA1m:OK EMA5m:OK RSI:58.19672131 VOL:OK MOM:-0.33% RANGE:0.33% UP:18.75% SPREAD:0.32471046% BID:0.9239 ASK:0.9269 STATE:IN_POS
[2026-02-28 05:02:01] CHK EMA1m:OK EMA5m:OK RSI:47.15025906 VOL:NO MOM:-0.32% RANGE:0.32% UP:18.75% SPREAD:0.24902555% BID:0.9236 ASK:0.9259 STATE:IN_POS
[2026-02-28 05:02:02] CHK EMA1m:OK EMA5m:OK RSI:47.15025906 VOL:NO MOM:-0.46% RANGE:0.46% UP:18.75% SPREAD:0.30358885% BID:0.9223 ASK:0.9251 STATE:IN_POS
[2026-02-28 05:02:03] CHK EMA1m:OK EMA5m:OK RSI:47.15025906 VOL:NO MOM:-0.48% RANGE:0.48% UP:18.75% SPREAD:0.34703394% BID:0.9221 ASK:0.9253 STATE:IN_POS
[2026-02-28 05:02:04] CHK EMA1m:OK EMA5m:OK RSI:47.15025906 VOL:NO MOM:-0.48% RANGE:0.48% UP:18.75% SPREAD:0.27112026% BID:0.9221 ASK:0.9246 STATE:IN_POS
[2026-02-28 05:02:05] CHK EMA1m:OK EMA5m:OK RSI:47.15025906 VOL:NO MOM:-0.27% RANGE:0.37% UP:25% SPREAD:0.32520325% BID:0.9225 ASK:0.9255 STATE:IN_POS
[2026-02-28 05:02:06] CHK EMA1m:OK EMA5m:OK RSI:47.15025906 VOL:NO MOM:-0.29% RANGE:0.37% UP:23.52% SPREAD:0.29274639% BID:0.9223 ASK:0.925 STATE:IN_POS
[2026-02-28 05:02:07] CHK EMA1m:OK EMA5m:OK RSI:47.15025906 VOL:NO MOM:-0.22% RANGE:0.37% UP:29.41% SPREAD:0.30345724% BID:0.9227 ASK:0.9255 STATE:IN_POS
[2026-02-28 05:02:08] CHK EMA1m:OK EMA5m:OK RSI:47.15025906 VOL:NO MOM:-0.31% RANGE:0.37% UP:23.52% SPREAD:0.31436314% BID:0.9225 ASK:0.9254 STATE:IN_POS
[2026-02-28 05:02:09] CHK EMA1m:OK EMA5m:OK RSI:47.15025906 VOL:NO MOM:-0.33% RANGE:0.37% UP:17.64% SPREAD:0.31436314% BID:0.9225 ASK:0.9254 STATE:IN_POS
[2026-02-28 05:02:10] CHK EMA1m:OK EMA5m:OK RSI:47.15025906 VOL:NO MOM:-0.42% RANGE:0.42% UP:16.66% SPREAD:0.30378648% BID:0.9217 ASK:0.9245 STATE:IN_POS
[2026-02-28 05:02:12] CHK EMA1m:OK EMA5m:OK RSI:47.15025906 VOL:NO MOM:-0.39% RANGE:0.42% UP:22.22% SPREAD:0.31456774% BID:0.9219 ASK:0.9248 STATE:IN_POS
[2026-02-28 05:02:13] CHK EMA1m:OK EMA5m:OK RSI:47.15025906 VOL:NO MOM:-0.28% RANGE:0.4% UP:29.41% SPREAD:0.30342436% BID:0.9228 ASK:0.9256 STATE:IN_POS
[2026-02-28 05:02:13] CHK EMA1m:OK EMA5m:OK RSI:47.15025906 VOL:NO MOM:-0.25% RANGE:0.4% UP:33.33% SPREAD:0.2708559% BID:0.923 ASK:0.9255 STATE:IN_POS
[2026-02-28 05:02:14] CHK EMA1m:OK EMA5m:OK RSI:47.15025906 VOL:NO MOM:-0.25% RANGE:0.4% UP:33.33% SPREAD:0.2708559% BID:0.923 ASK:0.9255 STATE:IN_POS
[2026-02-28 05:02:15] CHK EMA1m:OK EMA5m:OK RSI:47.15025906 VOL:NO MOM:-0.23% RANGE:0.37% UP:33.33% SPREAD:0.30342436% BID:0.9228 ASK:0.9256 STATE:IN_POS
[2026-02-28 05:02:17] CHK EMA1m:OK EMA5m:OK RSI:47.15025906 VOL:NO MOM:-0.23% RANGE:0.37% UP:33.33% SPREAD:0.30335861% BID:0.923 ASK:0.9258 STATE:IN_POS
[2026-02-28 05:02:18] CHK EMA1m:OK EMA5m:OK RSI:47.15025906 VOL:NO MOM:-0.21% RANGE:0.35% UP:33.33% SPREAD:0.28169014% BID:0.923 ASK:0.9256 STATE:IN_POS
[2026-02-28 05:02:19] CHK EMA1m:OK EMA5m:OK RSI:47.15025906 VOL:NO MOM:-0.16% RANGE:0.23% UP:33.33% SPREAD:0.30355594% BID:0.9224 ASK:0.9252 STATE:IN_POS
[2026-02-28 05:02:20] CHK EMA1m:OK EMA5m:OK RSI:47.15025906 VOL:NO MOM:-0.08% RANGE:0.2% UP:38.88% SPREAD:0.32509752% BID:0.9228 ASK:0.9258 STATE:IN_POS
[2026-02-28 05:02:21] CHK EMA1m:OK EMA5m:OK RSI:47.15025906 VOL:NO MOM:-0.04% RANGE:0.14% UP:38.88% SPREAD:0.33626206% BID:0.9219 ASK:0.925 STATE:IN_POS
[2026-02-28 05:02:23] CHK EMA1m:OK EMA5m:OK RSI:47.15025906 VOL:NO MOM:0.05% RANGE:0.14% UP:42.1% SPREAD:0.2709146% BID:0.9228 ASK:0.9253 STATE:IN_POS
[2026-02-28 05:02:24] CHK EMA1m:OK EMA5m:OK RSI:47.15025906 VOL:NO MOM:0.04% RANGE:0.14% UP:47.05% SPREAD:0.28172066% BID:0.9229 ASK:0.9255 STATE:IN_POS
[2026-02-28 05:02:25] CHK EMA1m:OK EMA5m:OK RSI:47.15025906 VOL:NO MOM:0.06% RANGE:0.14% UP:47.05% SPREAD:0.28172066% BID:0.9229 ASK:0.9255 STATE:IN_POS
[2026-02-28 05:02:26] CHK EMA1m:OK EMA5m:OK RSI:47.15025906 VOL:NO MOM:0.02% RANGE:0.14% UP:41.17% SPREAD:0.28172066% BID:0.9229 ASK:0.9255 STATE:IN_POS
[2026-02-28 05:02:35] CHK EMA1m:OK EMA5m:OK RSI:47.15025906 VOL:NO MOM:0.15% RANGE:0.27% UP:45.45% SPREAD:0.22717438% BID:0.9244 ASK:0.9265 STATE:IN_POS
[2026-02-28 05:02:36] CHK EMA1m:OK EMA5m:OK RSI:47.15025906 VOL:NO MOM:0.16% RANGE:0.28% UP:5E+1% SPREAD:0.28123309% BID:0.9245 ASK:0.9271 STATE:IN_POS
[2026-02-28 05:02:37] CHK EMA1m:OK EMA5m:OK RSI:47.15025906 VOL:NO MOM:0.16% RANGE:0.28% UP:5E+1% SPREAD:0.30286641% BID:0.9245 ASK:0.9273 STATE:IN_POS
[2026-02-28 05:02:38] CHK EMA1m:OK EMA5m:OK RSI:47.15025906 VOL:NO MOM:0.14% RANGE:0.28% UP:45.45% SPREAD:0.27047495% BID:0.9243 ASK:0.9268 STATE:IN_POS
[2026-02-28 05:02:39] CHK EMA1m:OK EMA5m:OK RSI:47.15025906 VOL:NO MOM:0.2% RANGE:0.28% UP:45.45% SPREAD:0.25965595% BID:0.9243 ASK:0.9267 STATE:IN_POS
[2026-02-28 05:02:40] CHK EMA1m:OK EMA5m:OK RSI:47.15025906 VOL:NO MOM:0.16% RANGE:0.28% UP:36.36% SPREAD:0.25965595% BID:0.9243 ASK:0.9267 STATE:IN_POS
[2026-02-28 05:02:41] CHK EMA1m:OK EMA5m:OK RSI:47.15025906 VOL:NO MOM:0.21% RANGE:0.21% UP:4E+1% SPREAD:0.20544982% BID:0.9248 ASK:0.9267 STATE:IN_POS
[2026-02-28 05:02:42] CHK EMA1m:OK EMA5m:OK RSI:47.15025906 VOL:NO MOM:0.15% RANGE:0.2% UP:3E+1% SPREAD:0.28129395% BID:0.9243 ASK:0.9269 STATE:IN_POS
[2026-02-28 05:02:43] CHK EMA1m:OK EMA5m:OK RSI:47.15025906 VOL:NO MOM:0.15% RANGE:0.2% UP:27.27% SPREAD:0.30293194% BID:0.9243 ASK:0.9271 STATE:IN_POS
[2026-02-28 05:02:44] CHK EMA1m:OK EMA5m:OK RSI:47.15025906 VOL:NO MOM:0.15% RANGE:0.2% UP:25% SPREAD:0.30293194% BID:0.9243 ASK:0.9271 STATE:IN_POS
[2026-02-28 05:02:45] CHK EMA1m:OK EMA5m:OK RSI:47.15025906 VOL:NO MOM:0.15% RANGE:0.2% UP:25% SPREAD:0.30293194% BID:0.9243 ASK:0.9271 STATE:IN_POS
[2026-02-28 05:02:46] CHK EMA1m:OK EMA5m:OK RSI:47.15025906 VOL:NO MOM:0.1% RANGE:0.11% UP:27.27% SPREAD:0.24854117% BID:0.9254 ASK:0.9277 STATE:IN_POS
[2026-02-28 05:02:47] CHK EMA1m:OK EMA5m:OK RSI:47.15025906 VOL:NO MOM:0.1% RANGE:0.11% UP:25% SPREAD:0.24854117% BID:0.9254 ASK:0.9277 STATE:IN_POS
[2026-02-28 05:02:49] CHK EMA1m:OK EMA5m:OK RSI:47.15025906 VOL:NO MOM:0.11% RANGE:0.12% UP:30.76% SPREAD:0.23770934% BID:0.9255 ASK:0.9277 STATE:IN_POS
[2026-02-28 05:02:50] CHK EMA1m:OK EMA5m:OK RSI:47.15025906 VOL:NO MOM:0.11% RANGE:0.12% UP:28.57% SPREAD:0.23770934% BID:0.9255 ASK:0.9277 STATE:IN_POS
[2026-02-28 05:02:51] CHK EMA1m:OK EMA5m:OK RSI:47.15025906 VOL:NO MOM:0.11% RANGE:0.12% UP:26.66% SPREAD:0.23770934% BID:0.9255 ASK:0.9277 STATE:IN_POS
[2026-02-28 05:02:52] CHK EMA1m:OK EMA5m:OK RSI:47.15025906 VOL:NO MOM:0.14% RANGE:0.15% UP:31.25% SPREAD:0.19444744% BID:0.9257 ASK:0.9275 STATE:IN_POS
[2026-02-28 05:02:53] CHK EMA1m:OK EMA5m:OK RSI:47.15025906 VOL:NO MOM:0.14% RANGE:0.15% UP:29.41% SPREAD:0.19444744% BID:0.9257 ASK:0.9275 STATE:IN_POS
[2026-02-28 05:02:54] CHK EMA1m:OK EMA5m:OK RSI:47.15025906 VOL:NO MOM:0.11% RANGE:0.15% UP:27.77% SPREAD:0.2160994% BID:0.9255 ASK:0.9275 STATE:IN_POS
[2026-02-28 05:02:55] CHK EMA1m:OK EMA5m:OK RSI:47.15025906 VOL:NO MOM:0.1% RANGE:0.15% UP:22.22% SPREAD:0.2160994% BID:0.9255 ASK:0.9275 STATE:IN_POS
[2026-02-28 05:02:56] CHK EMA1m:OK EMA5m:OK RSI:47.15025906 VOL:NO MOM:0.1% RANGE:0.15% UP:22.22% SPREAD:0.2160994% BID:0.9255 ASK:0.9275 STATE:IN_POS
[2026-02-28 05:02:59] CHK EMA1m:OK EMA5m:OK RSI:47.15025906 VOL:NO MOM:0.09% RANGE:0.15% UP:25% SPREAD:0.24859489% BID:0.9252 ASK:0.9275 STATE:IN_POS
[2026-02-28 05:03:00] CHK EMA1m:OK EMA5m:OK RSI:47.15025906 VOL:NO MOM:0.02% RANGE:0.15% UP:18.75% SPREAD:0.27027027% BID:0.925 ASK:0.9275 STATE:IN_POS
[2026-02-28 05:03:01] CHK EMA1m:OK EMA5m:OK RSI:54.49101796 VOL:NO MOM:0% RANGE:0.15% UP:17.64% SPREAD:0.29195501% BID:0.9248 ASK:0.9275 STATE:IN_POS
[2026-02-28 05:03:02] CHK EMA1m:OK EMA5m:OK RSI:54.49101796 VOL:NO MOM:0.06% RANGE:0.15% UP:23.52% SPREAD:0.28111147% BID:0.9249 ASK:0.9275 STATE:IN_POS
[2026-02-28 05:03:03] CHK EMA1m:OK EMA5m:OK RSI:54.49101796 VOL:NO MOM:0.06% RANGE:0.15% UP:25% SPREAD:0.28111147% BID:0.9249 ASK:0.9275 STATE:IN_POS
[2026-02-28 05:03:04] CHK EMA1m:OK EMA5m:OK RSI:54.49101796 VOL:NO MOM:0.06% RANGE:0.15% UP:25% SPREAD:0.28111147% BID:0.9249 ASK:0.9275 STATE:IN_POS
[2026-02-28 05:03:05] CHK EMA1m:OK EMA5m:OK RSI:54.49101796 VOL:NO MOM:-0.04% RANGE:0.09% UP:25% SPREAD:0.27027027% BID:0.925 ASK:0.9275 STATE:IN_POS
[2026-02-28 05:03:06] CHK EMA1m:OK EMA5m:OK RSI:54.49101796 VOL:NO MOM:-0.04% RANGE:0.09% UP:23.52% SPREAD:0.27027027% BID:0.925 ASK:0.9275 STATE:IN_POS
[2026-02-28 05:03:08] CHK EMA1m:OK EMA5m:OK RSI:54.49101796 VOL:NO MOM:-0.11% RANGE:0.15% UP:23.52% SPREAD:0.30293194% BID:0.9243 ASK:0.9271 STATE:IN_POS
[2026-02-28 05:03:09] CHK EMA1m:OK EMA5m:OK RSI:54.49101796 VOL:NO MOM:-0.12% RANGE:0.15% UP:18.75% SPREAD:0.34620794% BID:0.9243 ASK:0.9275 STATE:IN_POS
[2026-02-28 05:03:10] CHK EMA1m:OK EMA5m:OK RSI:54.49101796 VOL:NO MOM:-0.06% RANGE:0.15% UP:23.52% SPREAD:0.28111147% BID:0.9249 ASK:0.9275 STATE:IN_POS
[2026-02-28 05:03:11] CHK EMA1m:OK EMA5m:OK RSI:54.49101796 VOL:NO MOM:-0.06% RANGE:0.15% UP:23.52% SPREAD:0.28111147% BID:0.9249 ASK:0.9275 STATE:IN_POS
[2026-02-28 05:03:12] CHK EMA1m:OK EMA5m:OK RSI:54.49101796 VOL:NO MOM:-0.08% RANGE:0.15% UP:17.64% SPREAD:0.28111147% BID:0.9249 ASK:0.9275 STATE:IN_POS
[2026-02-28 05:03:13] CHK EMA1m:OK EMA5m:OK RSI:54.49101796 VOL:NO MOM:-0.02% RANGE:0.15% UP:23.52% SPREAD:0.2160994% BID:0.9255 ASK:0.9275 STATE:IN_POS
[2026-02-28 05:03:14] CHK EMA1m:OK EMA5m:OK RSI:54.49101796 VOL:NO MOM:0% RANGE:0.12% UP:23.52% SPREAD:0.22690437% BID:0.9255 ASK:0.9276 STATE:IN_POS
[2026-02-28 05:03:15] CHK EMA1m:OK EMA5m:OK RSI:54.49101796 VOL:NO MOM:-0.01% RANGE:0.12% UP:23.52% SPREAD:0.23773503% BID:0.9254 ASK:0.9276 STATE:IN_POS
[2026-02-28 05:03:16] CHK EMA1m:OK EMA5m:OK RSI:54.49101796 VOL:NO MOM:-0.06% RANGE:0.12% UP:23.52% SPREAD:0.29192345% BID:0.9249 ASK:0.9276 STATE:IN_POS
[2026-02-28 05:03:17] CHK EMA1m:OK EMA5m:OK RSI:54.49101796 VOL:NO MOM:0.05% RANGE:0.15% UP:29.41% SPREAD:0.20525008% BID:0.9257 ASK:0.9276 STATE:IN_POS
[2026-02-28 05:03:18] CHK EMA1m:OK EMA5m:OK RSI:54.49101796 VOL:NO MOM:0.05% RANGE:0.15% UP:27.77% SPREAD:0.20525008% BID:0.9257 ASK:0.9276 STATE:IN_POS
[2026-02-28 05:03:19] CHK EMA1m:OK EMA5m:OK RSI:54.49101796 VOL:NO MOM:0.03% RANGE:0.15% UP:27.77% SPREAD:0.24856803% BID:0.9253 ASK:0.9276 STATE:IN_POS
[2026-02-28 05:03:20] CHK EMA1m:OK EMA5m:OK RSI:54.49101796 VOL:NO MOM:0.07% RANGE:0.15% UP:33.33% SPREAD:0.22690437% BID:0.9255 ASK:0.9276 STATE:IN_POS
[2026-02-28 05:03:21] CHK EMA1m:OK EMA5m:OK RSI:54.49101796 VOL:NO MOM:0.06% RANGE:0.15% UP:27.77% SPREAD:0.22690437% BID:0.9255 ASK:0.9276 STATE:IN_POS
[2026-02-28 05:03:22] CHK EMA1m:OK EMA5m:OK RSI:54.49101796 VOL:NO MOM:0.06% RANGE:0.15% UP:27.77% SPREAD:0.22690437% BID:0.9255 ASK:0.9276 STATE:IN_POS
[2026-02-28 05:03:24] CHK EMA1m:OK EMA5m:OK RSI:54.49101796 VOL:NO MOM:0.06% RANGE:0.15% UP:26.31% SPREAD:0.22690437% BID:0.9255 ASK:0.9276 STATE:IN_POS
[2026-02-28 05:03:25] CHK EMA1m:OK EMA5m:OK RSI:54.49101796 VOL:NO MOM:0.03% RANGE:0.15% UP:22.22% SPREAD:0.24856803% BID:0.9253 ASK:0.9276 STATE:IN_POS
[2026-02-28 05:03:26] CHK EMA1m:OK EMA5m:OK RSI:54.49101796 VOL:NO MOM:0.03% RANGE:0.15% UP:22.22% SPREAD:0.24856803% BID:0.9253 ASK:0.9276 STATE:IN_POS
[2026-02-28 05:03:28] CHK EMA1m:OK EMA5m:OK RSI:54.49101796 VOL:NO MOM:0.08% RANGE:0.15% UP:23.52% SPREAD:0.27024105% BID:0.9251 ASK:0.9276 STATE:IN_POS
[2026-02-28 05:03:29] CHK EMA1m:OK EMA5m:OK RSI:54.49101796 VOL:NO MOM:0.02% RANGE:0.08% UP:17.64% SPREAD:0.27024105% BID:0.9251 ASK:0.9276 STATE:IN_POS
[2026-02-28 05:03:30] CHK EMA1m:OK EMA5m:OK RSI:54.49101796 VOL:NO MOM:-0.04% RANGE:0.12% UP:17.64% SPREAD:0.30286641% BID:0.9245 ASK:0.9273 STATE:IN_POS
[2026-02-28 05:03:31] CHK EMA1m:OK EMA5m:OK RSI:53.84615384 VOL:OK MOM:-0.28% RANGE:0.36% UP:17.64% SPREAD:0.32527377% BID:0.9223 ASK:0.9253 STATE:IN_POS
[2026-02-28 05:03:32] CHK EMA1m:OK EMA5m:OK RSI:53.84615384 VOL:OK MOM:-0.28% RANGE:0.36% UP:17.64% SPREAD:0.30339148% BID:0.9229 ASK:0.9257 STATE:IN_POS
[2026-02-28 05:03:33] CHK EMA1m:OK EMA5m:OK RSI:53.84615384 VOL:OK MOM:-0.36% RANGE:0.39% UP:17.64% SPREAD:0.36872356% BID:0.9221 ASK:0.9255 STATE:IN_POS
[2026-02-28 05:03:35] CHK EMA1m:OK EMA5m:OK RSI:53.84615384 VOL:OK MOM:-0.33% RANGE:0.39% UP:23.52% SPREAD:0.32527377% BID:0.9223 ASK:0.9253 STATE:IN_POS
[2026-02-28 05:03:36] CHK EMA1m:OK EMA5m:OK RSI:53.84615384 VOL:OK MOM:-0.28% RANGE:0.39% UP:23.52% SPREAD:0.32527377% BID:0.9223 ASK:0.9253 STATE:IN_POS
[2026-02-28 05:03:37] CHK EMA1m:OK EMA5m:OK RSI:53.84615384 VOL:OK MOM:-0.36% RANGE:0.39% UP:17.64% SPREAD:0.31443131% BID:0.9223 ASK:0.9252 STATE:IN_POS
[2026-02-28 05:03:38] CHK EMA1m:OK EMA5m:OK RSI:53.84615384 VOL:OK MOM:-0.37% RANGE:0.39% UP:17.64% SPREAD:0.3144654% BID:0.9222 ASK:0.9251 STATE:IN_POS
[2026-02-28 05:03:39] CHK EMA1m:OK EMA5m:OK RSI:53.84615384 VOL:OK MOM:-0.32% RANGE:0.36% UP:23.52% SPREAD:0.30358885% BID:0.9223 ASK:0.9251 STATE:IN_POS
[2026-02-28 05:03:40] CHK EMA1m:OK EMA5m:OK RSI:53.84615384 VOL:OK MOM:-0.34% RANGE:0.36% UP:17.64% SPREAD:0.30358885% BID:0.9223 ASK:0.9251 STATE:IN_POS
[2026-02-28 05:03:41] CHK EMA1m:OK EMA5m:OK RSI:53.84615384 VOL:OK MOM:-0.32% RANGE:0.36% UP:23.52% SPREAD:0.28184281% BID:0.9225 ASK:0.9251 STATE:IN_POS
[2026-02-28 05:03:42] CHK EMA1m:OK EMA5m:OK RSI:53.84615384 VOL:OK MOM:-0.34% RANGE:0.36% UP:23.52% SPREAD:0.30358885% BID:0.9223 ASK:0.9251 STATE:IN_POS
[2026-02-28 05:03:43] CHK EMA1m:OK EMA5m:OK RSI:53.84615384 VOL:OK MOM:-0.34% RANGE:0.36% UP:23.52% SPREAD:0.30358885% BID:0.9223 ASK:0.9251 STATE:IN_POS
[2026-02-28 05:03:44] CHK EMA1m:OK EMA5m:OK RSI:53.84615384 VOL:OK MOM:-0.32% RANGE:0.34% UP:23.52% SPREAD:0.30358885% BID:0.9223 ASK:0.9251 STATE:IN_POS
[2026-02-28 05:03:51] CHK EMA1m:OK EMA5m:OK RSI:53.84615384 VOL:OK MOM:-0.17% RANGE:0.26% UP:35.71% SPREAD:0.23837902% BID:0.9229 ASK:0.9251 STATE:IN_POS
[2026-02-28 05:03:52] CHK EMA1m:OK EMA5m:OK RSI:53.84615384 VOL:OK MOM:0% RANGE:0.08% UP:30.76% SPREAD:0.23837902% BID:0.9229 ASK:0.9251 STATE:IN_POS
[2026-02-28 05:03:53] CHK EMA1m:OK EMA5m:OK RSI:53.84615384 VOL:OK MOM:0.08% RANGE:0.08% UP:30.76% SPREAD:0.23837902% BID:0.9229 ASK:0.9251 STATE:IN_POS
[2026-02-28 05:03:55] CHK EMA1m:OK EMA5m:OK RSI:53.84615384 VOL:OK MOM:0.02% RANGE:0.07% UP:25% SPREAD:0.28184281% BID:0.9225 ASK:0.9251 STATE:IN_POS
[2026-02-28 05:03:56] CHK EMA1m:OK EMA5m:OK RSI:53.84615384 VOL:OK MOM:0.06% RANGE:0.07% UP:30.76% SPREAD:0.23837902% BID:0.9229 ASK:0.9251 STATE:IN_POS
[2026-02-28 05:03:57] CHK EMA1m:OK EMA5m:OK RSI:53.84615384 VOL:OK MOM:0.31% RANGE:0.31% UP:41.66% SPREAD:0.27024105% BID:0.9251 ASK:0.9276 STATE:IN_POS
[2026-02-28 05:03:58] CHK EMA1m:OK EMA5m:OK RSI:53.84615384 VOL:OK MOM:0.3% RANGE:0.3% UP:33.33% SPREAD:0.25943141% BID:0.9251 ASK:0.9275 STATE:IN_POS
[2026-02-28 05:03:59] CHK EMA1m:OK EMA5m:OK RSI:53.84615384 VOL:OK MOM:0.3% RANGE:0.3% UP:33.33% SPREAD:0.25943141% BID:0.9251 ASK:0.9275 STATE:IN_POS
[2026-02-28 05:04:00] CHK EMA1m:OK EMA5m:OK RSI:53.84615384 VOL:OK MOM:0.3% RANGE:0.32% UP:33.33% SPREAD:0.23776072% BID:0.9253 ASK:0.9275 STATE:IN_POS
[2026-02-28 05:04:01] CHK EMA1m:OK EMA5m:OK RSI:84.25925925 VOL:NO MOM:0.24% RANGE:0.32% UP:30.76% SPREAD:0.29195501% BID:0.9248 ASK:0.9275 STATE:IN_POS
[2026-02-28 05:04:02] CHK EMA1m:OK EMA5m:OK RSI:84.25925925 VOL:NO MOM:0.27% RANGE:0.32% UP:33.33% SPREAD:0.29195501% BID:0.9248 ASK:0.9275 STATE:IN_POS
[2026-02-28 05:04:03] CHK EMA1m:OK EMA5m:OK RSI:84.25925925 VOL:NO MOM:0.27% RANGE:0.32% UP:33.33% SPREAD:0.29195501% BID:0.9248 ASK:0.9275 STATE:IN_POS
[2026-02-28 05:04:04] CHK EMA1m:OK EMA5m:OK RSI:84.25925925 VOL:NO MOM:0.22% RANGE:0.3% UP:33.33% SPREAD:0.27027027% BID:0.925 ASK:0.9275 STATE:IN_POS
[2026-02-28 05:04:05] CHK EMA1m:OK EMA5m:OK RSI:84.25925925 VOL:NO MOM:0.22% RANGE:0.3% UP:30.76% SPREAD:0.27027027% BID:0.925 ASK:0.9275 STATE:IN_POS
[2026-02-28 05:04:07] CHK EMA1m:OK EMA5m:OK RSI:84.25925925 VOL:NO MOM:0.22% RANGE:0.3% UP:28.57% SPREAD:0.27027027% BID:0.925 ASK:0.9275 STATE:IN_POS
[2026-02-28 05:04:08] CHK EMA1m:OK EMA5m:OK RSI:84.25925925 VOL:NO MOM:0.2% RANGE:0.3% UP:26.66% SPREAD:0.29195501% BID:0.9248 ASK:0.9275 STATE:IN_POS
[2026-02-28 05:04:09] CHK EMA1m:OK EMA5m:OK RSI:84.25925925 VOL:NO MOM:0.24% RANGE:0.3% UP:31.25% SPREAD:0.24859489% BID:0.9252 ASK:0.9275 STATE:IN_POS
[2026-02-28 05:04:10] CHK EMA1m:OK EMA5m:OK RSI:84.25925925 VOL:NO MOM:0.24% RANGE:0.3% UP:29.41% SPREAD:0.24859489% BID:0.9252 ASK:0.9275 STATE:IN_POS
[2026-02-28 05:04:11] CHK EMA1m:OK EMA5m:OK RSI:84.25925925 VOL:NO MOM:0.2% RANGE:0.3% UP:29.41% SPREAD:0.29195501% BID:0.9248 ASK:0.9275 STATE:IN_POS
[2026-02-28 05:04:13] CHK EMA1m:OK EMA5m:OK RSI:84.25925925 VOL:NO MOM:0.2% RANGE:0.3% UP:29.41% SPREAD:0.29195501% BID:0.9248 ASK:0.9275 STATE:IN_POS
[2026-02-28 05:04:14] CHK EMA1m:OK EMA5m:OK RSI:84.25925925 VOL:NO MOM:0.29% RANGE:0.3% UP:35.29% SPREAD:0.24859489% BID:0.9252 ASK:0.9275 STATE:IN_POS
[2026-02-28 05:04:15] CHK EMA1m:OK EMA5m:OK RSI:84.25925925 VOL:NO MOM:0.29% RANGE:0.3% UP:33.33% SPREAD:0.24859489% BID:0.9252 ASK:0.9275 STATE:IN_POS
[2026-02-28 05:04:16] CHK EMA1m:OK EMA5m:OK RSI:84.25925925 VOL:NO MOM:0.22% RANGE:0.26% UP:27.77% SPREAD:0.27027027% BID:0.925 ASK:0.9275 STATE:IN_POS
[2026-02-28 05:04:16] CHK EMA1m:OK EMA5m:OK RSI:84.25925925 VOL:NO MOM:-0.01% RANGE:0.05% UP:22.22% SPREAD:0.27027027% BID:0.925 ASK:0.9275 STATE:IN_POS
[2026-02-28 05:04:18] CHK EMA1m:OK EMA5m:OK RSI:84.25925925 VOL:NO MOM:-0.01% RANGE:0.05% UP:22.22% SPREAD:0.27027027% BID:0.925 ASK:0.9275 STATE:IN_POS
[2026-02-28 05:04:24] CHK EMA1m:OK EMA5m:OK RSI:84.25925925 VOL:NO MOM:-0.07% RANGE:0.09% UP:15.38% SPREAD:0.34620794% BID:0.9243 ASK:0.9275 STATE:IN_POS
[2026-02-28 05:04:26] CHK EMA1m:OK EMA5m:OK RSI:84.25925925 VOL:NO MOM:-0.07% RANGE:0.09% UP:15.38% SPREAD:0.34620794% BID:0.9243 ASK:0.9275 STATE:IN_POS
[2026-02-28 05:04:30] CHK EMA1m:OK EMA5m:OK RSI:84.25925925 VOL:NO MOM:-0.05% RANGE:0.09% UP:2E+1% SPREAD:0.3028009% BID:0.9247 ASK:0.9275 STATE:IN_POS
[2026-02-28 05:04:31] CHK EMA1m:OK EMA5m:OK RSI:84.25925925 VOL:NO MOM:-0.01% RANGE:0.09% UP:22.22% SPREAD:0.3028009% BID:0.9247 ASK:0.9275 STATE:IN_POS
[2026-02-28 05:04:32] CHK EMA1m:OK EMA5m:OK RSI:84.25925925 VOL:NO MOM:-0.05% RANGE:0.09% UP:11.11% SPREAD:0.3028009% BID:0.9247 ASK:0.9275 STATE:IN_POS
[2026-02-28 05:04:45] CHK EMA1m:OK EMA5m:OK RSI:84.25925925 VOL:NO MOM:0.2% RANGE:0.2% UP:5E+1% SPREAD:0.15115525% BID:0.9262 ASK:0.9276 STATE:IN_POS
[2026-02-28 05:04:46] CHK EMA1m:OK EMA5m:OK RSI:84.25925925 VOL:NO MOM:0.15% RANGE:0.16% UP:25% SPREAD:0.16196954% BID:0.9261 ASK:0.9276 STATE:IN_POS
[2026-02-28 05:04:47] CHK EMA1m:OK EMA5m:OK RSI:84.25925925 VOL:NO MOM:0.12% RANGE:0.16% UP:2E+1% SPREAD:0.18360514% BID:0.9259 ASK:0.9276 STATE:IN_POS
[2026-02-28 05:04:48] CHK EMA1m:OK EMA5m:OK RSI:84.25925925 VOL:NO MOM:0.16% RANGE:0.16% UP:33.33% SPREAD:0.15115525% BID:0.9262 ASK:0.9276 STATE:IN_POS
[2026-02-28 05:04:49] CHK EMA1m:OK EMA5m:OK RSI:84.25925925 VOL:NO MOM:0.16% RANGE:0.16% UP:28.57% SPREAD:0.15115525% BID:0.9262 ASK:0.9276 STATE:IN_POS
[2026-02-28 05:04:50] CHK EMA1m:OK EMA5m:OK RSI:88.19444444 VOL:OK MOM:0.16% RANGE:0.16% UP:28.57% SPREAD:0.15115525% BID:0.9262 ASK:0.9276 STATE:IN_POS
[2026-02-28 05:04:51] CHK EMA1m:OK EMA5m:OK RSI:88.19444444 VOL:OK MOM:0.2% RANGE:0.2% UP:42.85% SPREAD:0.10792143% BID:0.9266 ASK:0.9276 STATE:IN_POS
[2026-02-28 05:04:53] CHK EMA1m:OK EMA5m:OK RSI:88.19444444 VOL:OK MOM:0.08% RANGE:0.11% UP:42.85% SPREAD:0.22653721% BID:0.927 ASK:0.9291 STATE:IN_POS
[2026-02-28 05:04:54] CHK EMA1m:OK EMA5m:OK RSI:88.19444444 VOL:OK MOM:0.06% RANGE:0.11% UP:37.5% SPREAD:0.24816573% BID:0.9268 ASK:0.9291 STATE:IN_POS
[2026-02-28 05:04:55] CHK EMA1m:OK EMA5m:OK RSI:87.5 VOL:OK MOM:-0.05% RANGE:0.14% UP:33.33% SPREAD:0.33488171% BID:0.9257 ASK:0.9288 STATE:IN_POS
[2026-02-28 05:04:57] CHK EMA1m:OK EMA5m:OK RSI:87.5 VOL:OK MOM:-0.2% RANGE:0.29% UP:3E+1% SPREAD:0.32456994% BID:0.9243 ASK:0.9273 STATE:IN_POS
[2026-02-28 05:04:58] CHK EMA1m:OK EMA5m:OK RSI:87.5 VOL:OK MOM:-0.45% RANGE:0.54% UP:27.27% SPREAD:0.42299349% BID:0.922 ASK:0.9259 STATE:IN_POS
[2026-02-28 05:04:59] CHK EMA1m:OK EMA5m:OK RSI:87.5 VOL:OK MOM:-0.43% RANGE:0.54% UP:33.33% SPREAD:0.40121448% BID:0.9222 ASK:0.9259 STATE:IN_POS
[2026-02-28 05:05:00] CHK EMA1m:OK EMA5m:OK RSI:87.5 VOL:OK MOM:-0.43% RANGE:0.54% UP:30.76% SPREAD:0.40121448% BID:0.9222 ASK:0.9259 STATE:IN_POS
[2026-02-28 05:05:02] CHK EMA1m:OK EMA5m:OK RSI:87.5 VOL:NO MOM:-0.25% RANGE:0.54% UP:35.71% SPREAD:0.22732193% BID:0.9238 ASK:0.9259 STATE:IN_POS
[2026-02-28 05:05:03] CHK EMA1m:OK EMA5m:OK RSI:87.94326241 VOL:OK MOM:-0.01% RANGE:0.54% UP:4E+1% SPREAD:0.38872691% BID:0.9261 ASK:0.9297 STATE:IN_POS
[2026-02-28 05:05:04] CHK EMA1m:OK EMA5m:OK RSI:87.94326241 VOL:OK MOM:-0.01% RANGE:0.54% UP:37.5% SPREAD:0.36713097% BID:0.9261 ASK:0.9295 STATE:IN_POS
[2026-02-28 05:05:05] CHK EMA1m:OK EMA5m:OK RSI:87.94326241 VOL:OK MOM:0.02% RANGE:0.54% UP:43.75% SPREAD:0.32386915% BID:0.9263 ASK:0.9293 STATE:IN_POS
[2026-02-28 05:05:06] CHK EMA1m:OK EMA5m:OK RSI:87.94326241 VOL:OK MOM:0.02% RANGE:0.54% UP:41.17% SPREAD:0.31307351% BID:0.9263 ASK:0.9292 STATE:IN_POS
[2026-02-28 05:05:07] CHK EMA1m:OK EMA5m:OK RSI:87.94326241 VOL:OK MOM:0.04% RANGE:0.54% UP:41.17% SPREAD:0.31307351% BID:0.9263 ASK:0.9292 STATE:IN_POS
[2026-02-28 05:05:08] CHK EMA1m:OK EMA5m:OK RSI:87.94326241 VOL:OK MOM:0.01% RANGE:0.54% UP:35.29% SPREAD:0.30227787% BID:0.9263 ASK:0.9291 STATE:IN_POS
[2026-02-28 05:05:09] CHK EMA1m:OK EMA5m:OK RSI:87.94326241 VOL:OK MOM:0% RANGE:0.54% UP:37.5% SPREAD:0.31310732% BID:0.9262 ASK:0.9291 STATE:IN_POS
[2026-02-28 05:05:10] CHK EMA1m:OK EMA5m:OK RSI:87.94326241 VOL:OK MOM:-0.04% RANGE:0.54% UP:31.25% SPREAD:0.36709134% BID:0.9262 ASK:0.9296 STATE:IN_POS
[2026-02-28 05:05:11] CHK EMA1m:OK EMA5m:OK RSI:87.94326241 VOL:OK MOM:-0.04% RANGE:0.54% UP:29.41% SPREAD:0.38868494% BID:0.9262 ASK:0.9298 STATE:IN_POS
[2026-02-28 05:05:12] CHK EMA1m:OK EMA5m:OK RSI:87.94326241 VOL:OK MOM:-0.08% RANGE:0.54% UP:23.52% SPREAD:0.32390412% BID:0.9262 ASK:0.9292 STATE:IN_POS
[2026-02-28 05:05:14] CHK EMA1m:OK EMA5m:OK RSI:87.94326241 VOL:OK MOM:-0.06% RANGE:0.52% UP:23.52% SPREAD:0.37788814% BID:0.9262 ASK:0.9297 STATE:IN_POS
[2026-02-28 05:05:15] CHK EMA1m:OK EMA5m:OK RSI:87.94326241 VOL:OK MOM:0.05% RANGE:0.46% UP:23.52% SPREAD:0.37788814% BID:0.9262 ASK:0.9297 STATE:IN_POS
[2026-02-28 05:05:17] CHK EMA1m:OK EMA5m:OK RSI:87.94326241 VOL:OK MOM:0.45% RANGE:0.46% UP:25% SPREAD:0.35629453% BID:0.9262 ASK:0.9295 STATE:IN_POS
[2026-02-28 05:05:17] CHK EMA1m:OK EMA5m:OK RSI:87.94326241 VOL:OK MOM:0.45% RANGE:0.46% UP:23.52% SPREAD:0.35629453% BID:0.9262 ASK:0.9295 STATE:IN_POS
[2026-02-28 05:05:19] CHK EMA1m:OK EMA5m:OK RSI:87.94326241 VOL:OK MOM:0.44% RANGE:0.44% UP:23.52% SPREAD:0.32386915% BID:0.9263 ASK:0.9293 STATE:IN_POS
[2026-02-28 05:05:20] CHK EMA1m:OK EMA5m:OK RSI:87.94326241 VOL:OK MOM:0.44% RANGE:0.44% UP:23.52% SPREAD:0.32386915% BID:0.9263 ASK:0.9293 STATE:IN_POS
[2026-02-28 05:05:21] CHK EMA1m:OK EMA5m:OK RSI:87.94326241 VOL:OK MOM:0.03% RANGE:0.03% UP:18.75% SPREAD:0.35621761% BID:0.9264 ASK:0.9297 STATE:IN_POS
[2026-02-28 05:05:22] CHK EMA1m:OK EMA5m:OK RSI:87.94326241 VOL:OK MOM:0.03% RANGE:0.03% UP:17.64% SPREAD:0.35621761% BID:0.9264 ASK:0.9297 STATE:IN_POS
[2026-02-28 05:05:23] CHK EMA1m:OK EMA5m:OK RSI:87.94326241 VOL:OK MOM:0.03% RANGE:0.03% UP:17.64% SPREAD:0.35621761% BID:0.9264 ASK:0.9297 STATE:IN_POS
[2026-02-28 05:05:25] CHK EMA1m:OK EMA5m:OK RSI:87.94326241 VOL:OK MOM:0.01% RANGE:0.02% UP:11.76% SPREAD:0.31303972% BID:0.9264 ASK:0.9293 STATE:IN_POS
[2026-02-28 05:05:26] CHK EMA1m:OK EMA5m:OK RSI:87.94326241 VOL:OK MOM:0.01% RANGE:0.02% UP:11.76% SPREAD:0.31303972% BID:0.9264 ASK:0.9293 STATE:IN_POS
[2026-02-28 05:05:27] CHK EMA1m:OK EMA5m:OK RSI:87.94326241 VOL:OK MOM:0.01% RANGE:0.02% UP:12.5% SPREAD:0.31303972% BID:0.9264 ASK:0.9293 STATE:IN_POS
[2026-02-28 05:05:29] CHK EMA1m:OK EMA5m:OK RSI:87.94326241 VOL:OK MOM:0.03% RANGE:0.03% UP:18.75% SPREAD:0.34538586% BID:0.9265 ASK:0.9297 STATE:IN_POS
[2026-02-28 05:05:30] CHK EMA1m:OK EMA5m:OK RSI:87.94326241 VOL:OK MOM:0.03% RANGE:0.03% UP:18.75% SPREAD:0.38855909% BID:0.9265 ASK:0.9301 STATE:IN_POS
[2026-02-28 05:05:31] CHK EMA1m:OK EMA5m:OK RSI:87.94326241 VOL:OK MOM:0.03% RANGE:0.03% UP:2E+1% SPREAD:0.38855909% BID:0.9265 ASK:0.9301 STATE:IN_POS
[2026-02-28 05:05:32] CHK EMA1m:OK EMA5m:OK RSI:87.94326241 VOL:OK MOM:0.03% RANGE:0.03% UP:2E+1% SPREAD:0.38855909% BID:0.9265 ASK:0.9301 STATE:IN_POS
[2026-02-28 05:05:55] CHK EMA1m:OK EMA5m:OK RSI:87.94326241 VOL:OK MOM:0% RANGE:0% UP:0% SPREAD:0.33448424% BID:0.9268 ASK:0.9299 STATE:IN_POS
[2026-02-28 05:05:56] SELL symbol=BARDUSDC qty=10.6 exit=0.9268000000000001 pnl=0.0498200000000004 reason=TIME profile=major
[2026-02-28 05:06:06] CHK EMA1m:OK EMA5m:OK RSI:73.45679012 VOL:OK MOM:-0.16% RANGE:0.17% UP:14.28% SPREAD:0.28098994% BID:0.9253 ASK:0.9279 STATE:IDLE
[2026-02-28 05:06:06] DECIDE_HOLD reason=HOLD_SPREAD spread=0.2810% mom=-0.1618% range=0.1729% up=14.29% rsi=73.45679012345678
[2026-02-28 05:06:07] CHK EMA1m:OK EMA5m:OK RSI:73.45679012 VOL:OK MOM:-0.11% RANGE:0.17% UP:18.18% SPREAD:0.22685535% BID:0.9257 ASK:0.9278 STATE:IDLE
[2026-02-28 05:06:08] CHK EMA1m:OK EMA5m:OK RSI:73.45679012 VOL:OK MOM:-0.09% RANGE:0.17% UP:21.73% SPREAD:0.20520574% BID:0.9259 ASK:0.9278 STATE:IDLE
[2026-02-28 05:06:09] CHK EMA1m:OK EMA5m:OK RSI:73.45679012 VOL:OK MOM:-0.05% RANGE:0.17% UP:25% SPREAD:0.16193457% BID:0.9263 ASK:0.9278 STATE:IDLE
[2026-02-28 05:06:10] CHK EMA1m:OK EMA5m:OK RSI:80.4054054 VOL:OK MOM:0.01% RANGE:0.17% UP:28% SPREAD:0.16182975% BID:0.9269 ASK:0.9284 STATE:IDLE
[2026-02-28 05:06:12] CHK EMA1m:OK EMA5m:OK RSI:80.4054054 VOL:OK MOM:0.01% RANGE:0.17% UP:26.92% SPREAD:0.16182975% BID:0.9269 ASK:0.9284 STATE:IDLE
[2026-02-28 05:06:13] CHK EMA1m:OK EMA5m:OK RSI:80.4054054 VOL:OK MOM:0% RANGE:0.17% UP:25.92% SPREAD:0.17263703% BID:0.9268 ASK:0.9284 STATE:IDLE
[2026-02-28 05:06:14] CHK EMA1m:OK EMA5m:OK RSI:80.4054054 VOL:OK MOM:0% RANGE:0.17% UP:25% SPREAD:0.17263703% BID:0.9268 ASK:0.9284 STATE:IDLE
[2026-02-28 05:06:15] CHK EMA1m:OK EMA5m:OK RSI:80.4054054 VOL:OK MOM:-0.03% RANGE:0.17% UP:25% SPREAD:0.20507285% BID:0.9265 ASK:0.9284 STATE:IDLE
[2026-02-28 05:06:16] CHK EMA1m:OK EMA5m:OK RSI:80.4054054 VOL:OK MOM:-0.03% RANGE:0.17% UP:24.13% SPREAD:0.20507285% BID:0.9265 ASK:0.9284 STATE:IDLE
[2026-02-28 05:06:17] CHK EMA1m:OK EMA5m:OK RSI:80.4054054 VOL:OK MOM:-0.06% RANGE:0.17% UP:21.42% SPREAD:0.2267084% BID:0.9263 ASK:0.9284 STATE:IDLE
[2026-02-28 05:06:17] DECIDE_HOLD reason=HOLD_RANGE_SPREAD spread=0.2267% mom=-0.0647% range=0.1729% up=21.43% rsi=80.40540540540582
[2026-02-28 05:06:18] CHK EMA1m:OK EMA5m:OK RSI:80.4054054 VOL:OK MOM:-0.04% RANGE:0.17% UP:26.92% SPREAD:0.20507285% BID:0.9265 ASK:0.9284 STATE:IDLE
[2026-02-28 05:06:19] CHK EMA1m:OK EMA5m:OK RSI:80.4054054 VOL:OK MOM:-0.03% RANGE:0.17% UP:28% SPREAD:0.20507285% BID:0.9265 ASK:0.9284 STATE:IDLE
[2026-02-28 05:06:20] CHK EMA1m:OK EMA5m:OK RSI:80.4054054 VOL:OK MOM:-0.05% RANGE:0.17% UP:25% SPREAD:0.2267084% BID:0.9263 ASK:0.9284 STATE:IDLE
[2026-02-28 05:06:21] CHK EMA1m:OK EMA5m:OK RSI:80.4054054 VOL:OK MOM:-0.06% RANGE:0.17% UP:20.83% SPREAD:0.2267084% BID:0.9263 ASK:0.9284 STATE:IDLE
[2026-02-28 05:06:22] CHK EMA1m:OK EMA5m:OK RSI:80.4054054 VOL:OK MOM:-0.07% RANGE:0.17% UP:21.73% SPREAD:0.23752969% BID:0.9262 ASK:0.9284 STATE:IDLE
[2026-02-28 05:06:23] CHK EMA1m:OK EMA5m:OK RSI:80.4054054 VOL:OK MOM:0.06% RANGE:0.17% UP:23.8% SPREAD:0.23752969% BID:0.9262 ASK:0.9284 STATE:IDLE
[2026-02-28 05:06:28] CHK EMA1m:OK EMA5m:OK RSI:80.4054054 VOL:OK MOM:0.04% RANGE:0.1% UP:26.66% SPREAD:0.2267084% BID:0.9263 ASK:0.9284 STATE:IDLE
[2026-02-28 05:06:28] DECIDE_HOLD reason=HOLD_RANGE_SPREAD spread=0.2267% mom=0.0432% range=0.1080% up=26.67% rsi=80.40540540540582
[2026-02-28 05:06:29] CHK EMA1m:OK EMA5m:OK RSI:80.4054054 VOL:OK MOM:-0.02% RANGE:0.08% UP:2E+1% SPREAD:0.2483533% BID:0.9261 ASK:0.9284 STATE:IDLE
[2026-02-28 05:06:30] CHK EMA1m:OK EMA5m:OK RSI:80.4054054 VOL:OK MOM:-0.08% RANGE:0.08% UP:13.33% SPREAD:0.2483533% BID:0.9261 ASK:0.9284 STATE:IDLE
[2026-02-28 05:06:31] CHK EMA1m:OK EMA5m:OK RSI:80.4054054 VOL:OK MOM:-0.08% RANGE:0.08% UP:13.33% SPREAD:0.2483533% BID:0.9261 ASK:0.9284 STATE:IDLE
[2026-02-28 05:06:32] CHK EMA1m:OK EMA5m:OK RSI:80.4054054 VOL:OK MOM:-0.07% RANGE:0.07% UP:13.33% SPREAD:0.2483533% BID:0.9261 ASK:0.9284 STATE:IDLE
[2026-02-28 05:06:36] CHK EMA1m:OK EMA5m:OK RSI:80.4054054 VOL:OK MOM:-0.05% RANGE:0.05% UP:15.38% SPREAD:0.25917926% BID:0.926 ASK:0.9284 STATE:IDLE
[2026-02-28 05:06:37] CHK EMA1m:OK EMA5m:OK RSI:80.4054054 VOL:OK MOM:-0.03% RANGE:0.05% UP:15.38% SPREAD:0.25917926% BID:0.926 ASK:0.9284 STATE:IDLE
[2026-02-28 05:06:38] CHK EMA1m:OK EMA5m:OK RSI:80.4054054 VOL:OK MOM:-0.05% RANGE:0.05% UP:7.69% SPREAD:0.25917926% BID:0.926 ASK:0.9284 STATE:IDLE
[2026-02-28 05:06:42] CHK EMA1m:OK EMA5m:OK RSI:66.85393258 VOL:OK MOM:-0.09% RANGE:0.1% UP:1E+1% SPREAD:0.30260456% BID:0.9253 ASK:0.9281 STATE:IDLE
[2026-02-28 05:06:42] DECIDE_HOLD reason=HOLD_SPREAD spread=0.3026% mom=-0.0972% range=0.1081% up=10.00% rsi=66.85393258426986
[2026-02-28 05:06:43] CHK EMA1m:OK EMA5m:OK RSI:64.67391304 VOL:OK MOM:-0.24% RANGE:0.25% UP:1E+1% SPREAD:0.3030631% BID:0.9239 ASK:0.9267 STATE:IDLE
[2026-02-28 05:06:43] CHK EMA1m:OK EMA5m:OK RSI:64.67391304 VOL:OK MOM:-0.25% RANGE:0.25% UP:0% SPREAD:0.3030631% BID:0.9239 ASK:0.9267 STATE:IDLE
[2026-02-28 05:06:44] CHK EMA1m:OK EMA5m:OK RSI:64.67391304 VOL:OK MOM:-0.37% RANGE:0.37% UP:0% SPREAD:0.42262678% BID:0.9228 ASK:0.9267 STATE:IDLE
[2026-02-28 05:06:45] CHK EMA1m:OK EMA5m:OK RSI:64.67391304 VOL:OK MOM:-0.32% RANGE:0.37% UP:8.33% SPREAD:0.36824434% BID:0.9233 ASK:0.9267 STATE:IDLE
[2026-02-28 05:06:47] CHK EMA1m:OK EMA5m:OK RSI:64.67391304 VOL:OK MOM:-0.3% RANGE:0.37% UP:15.38% SPREAD:0.3248511% BID:0.9235 ASK:0.9265 STATE:IDLE
[2026-02-28 05:06:48] CHK EMA1m:OK EMA5m:OK RSI:64.67391304 VOL:OK MOM:-0.32% RANGE:0.37% UP:14.28% SPREAD:0.24910646% BID:0.9233 ASK:0.9256 STATE:IDLE
[2026-02-28 05:06:49] CHK EMA1m:OK EMA5m:OK RSI:64.67391304 VOL:OK MOM:-0.25% RANGE:0.35% UP:23.07% SPREAD:0.23817256% BID:0.9237 ASK:0.9259 STATE:IDLE
[2026-02-28 05:06:50] BUY symbol=BARDUSDC qty=10.6 entry=0.9259 momPct=-0.0025915127955945024 rangePct=0.0035760728218466415 upRatio=0.23076923076923078 profile=major
[2026-02-28 05:06:51] CHK EMA1m:OK EMA5m:OK RSI:69.59064327 VOL:OK MOM:-0.29% RANGE:0.35% UP:23.07% SPREAD:0.28156811% BID:0.9234 ASK:0.926 STATE:IN_POS
[2026-02-28 05:06:52] CHK EMA1m:OK EMA5m:OK RSI:69.59064327 VOL:OK MOM:-0.26% RANGE:0.35% UP:30.76% SPREAD:0.25985275% BID:0.9236 ASK:0.926 STATE:IN_POS
[2026-02-28 05:06:53] CHK EMA1m:OK EMA5m:OK RSI:69.59064327 VOL:OK MOM:-0.21% RANGE:0.34% UP:38.46% SPREAD:0.21645021% BID:0.924 ASK:0.926 STATE:IN_POS
[2026-02-28 05:06:54] CHK EMA1m:OK EMA5m:OK RSI:69.59064327 VOL:OK MOM:-0.12% RANGE:0.34% UP:42.85% SPREAD:0.15138408% BID:0.9248 ASK:0.9262 STATE:IN_POS
[2026-02-28 05:06:55] CHK EMA1m:OK EMA5m:OK RSI:65.74585635 VOL:OK MOM:-0.21% RANGE:0.34% UP:4E+1% SPREAD:0.21645021% BID:0.924 ASK:0.926 STATE:IN_POS
[2026-02-28 05:06:56] CHK EMA1m:OK EMA5m:OK RSI:65.74585635 VOL:OK MOM:-0.21% RANGE:0.34% UP:4E+1% SPREAD:0.21645021% BID:0.924 ASK:0.926 STATE:IN_POS
[2026-02-28 05:06:58] CHK EMA1m:OK EMA5m:OK RSI:65.74585635 VOL:OK MOM:-0.21% RANGE:0.34% UP:4E+1% SPREAD:0.21645021% BID:0.924 ASK:0.926 STATE:IN_POS
[2026-02-28 05:06:59] CHK EMA1m:OK EMA5m:OK RSI:62.30366492 VOL:OK MOM:-0.22% RANGE:0.27% UP:4E+1% SPREAD:0.28162911% BID:0.9232 ASK:0.9258 STATE:IN_POS
[2026-02-28 05:07:01] CHK EMA1m:OK EMA5m:OK RSI:62.30366492 VOL:OK MOM:-0.22% RANGE:0.27% UP:37.5% SPREAD:0.28162911% BID:0.9232 ASK:0.9258 STATE:IN_POS
[2026-02-28 05:07:02] CHK EMA1m:OK EMA5m:OK RSI:62.30366492 VOL:NO MOM:-0.07% RANGE:0.21% UP:37.5% SPREAD:0.28162911% BID:0.9232 ASK:0.9258 STATE:IN_POS
[2026-02-28 05:07:04] CHK EMA1m:OK EMA5m:OK RSI:66.97247706 VOL:OK MOM:-0.02% RANGE:0.21% UP:43.75% SPREAD:0.32478077% BID:0.9237 ASK:0.9267 STATE:IN_POS
[2026-02-28 05:07:05] CHK EMA1m:OK EMA5m:OK RSI:67.42081447 VOL:OK MOM:0.06% RANGE:0.17% UP:46.66% SPREAD:0.48706569% BID:0.9239 ASK:0.9284 STATE:IN_POS
[2026-02-28 05:07:06] CHK EMA1m:OK EMA5m:OK RSI:67.42081447 VOL:OK MOM:-0.02% RANGE:0.17% UP:4E+1% SPREAD:0.62818152% BID:0.9233 ASK:0.9291 STATE:IN_POS
[2026-02-28 05:07:06] CHK EMA1m:OK EMA5m:OK RSI:67.42081447 VOL:OK MOM:0% RANGE:0.17% UP:4E+1% SPREAD:0.64984295% BID:0.9233 ASK:0.9293 STATE:IN_POS
[2026-02-28 05:07:07] CHK EMA1m:OK EMA5m:OK RSI:67.42081447 VOL:OK MOM:0% RANGE:0.17% UP:37.5% SPREAD:0.64984295% BID:0.9233 ASK:0.9293 STATE:IN_POS
[2026-02-28 05:07:09] CHK EMA1m:OK EMA5m:OK RSI:67.42081447 VOL:OK MOM:-0.04% RANGE:0.17% UP:31.25% SPREAD:0.64984295% BID:0.9233 ASK:0.9293 STATE:IN_POS
[2026-02-28 05:07:10] CHK EMA1m:OK EMA5m:OK RSI:67.42081447 VOL:OK MOM:-0.01% RANGE:0.17% UP:31.25% SPREAD:0.74731939% BID:0.9233 ASK:0.9302 STATE:IN_POS
[2026-02-28 05:07:11] CHK EMA1m:OK EMA5m:OK RSI:67.42081447 VOL:OK MOM:0.07% RANGE:0.17% UP:31.25% SPREAD:0.96289083% BID:0.9243 ASK:0.9332 STATE:IN_POS
[2026-02-28 05:07:12] CHK EMA1m:OK EMA5m:OK RSI:67.42081447 VOL:OK MOM:0.04% RANGE:0.17% UP:31.25% SPREAD:0.95196884% BID:0.9244 ASK:0.9332 STATE:IN_POS
[2026-02-28 05:07:13] CHK EMA1m:OK EMA5m:OK RSI:67.42081447 VOL:OK MOM:0.04% RANGE:0.17% UP:29.41% SPREAD:0.95196884% BID:0.9244 ASK:0.9332 STATE:IN_POS
[2026-02-28 05:07:14] CHK EMA1m:OK EMA5m:OK RSI:67.42081447 VOL:OK MOM:-0.02% RANGE:0.17% UP:29.41% SPREAD:0.93013194% BID:0.9246 ASK:0.9332 STATE:IN_POS
[2026-02-28 05:07:15] CHK EMA1m:OK EMA5m:OK RSI:67.42081447 VOL:OK MOM:0.06% RANGE:0.15% UP:31.25% SPREAD:0.95176292% BID:0.9246 ASK:0.9334 STATE:IN_POS
[2026-02-28 05:07:16] CHK EMA1m:OK EMA5m:OK RSI:67.42081447 VOL:OK MOM:0.06% RANGE:0.15% UP:31.25% SPREAD:0.94094743% BID:0.9246 ASK:0.9333 STATE:IN_POS
[2026-02-28 05:07:17] CHK EMA1m:OK EMA5m:OK RSI:67.42081447 VOL:OK MOM:0.16% RANGE:0.16% UP:37.5% SPREAD:0.93003136% BID:0.9247 ASK:0.9333 STATE:IN_POS
[2026-02-28 05:07:18] CHK EMA1m:OK EMA5m:OK RSI:67.42081447 VOL:OK MOM:0.17% RANGE:0.17% UP:41.17% SPREAD:0.97318339% BID:0.9248 ASK:0.9338 STATE:IN_POS
[2026-02-28 05:07:20] CHK EMA1m:OK EMA5m:OK RSI:67.42081447 VOL:OK MOM:0.17% RANGE:0.17% UP:41.17% SPREAD:0.97318339% BID:0.9248 ASK:0.9338 STATE:IN_POS
[2026-02-28 05:07:21] CHK EMA1m:OK EMA5m:OK RSI:67.42081447 VOL:OK MOM:0.17% RANGE:0.17% UP:41.17% SPREAD:0.96237024% BID:0.9248 ASK:0.9337 STATE:IN_POS
[2026-02-28 05:07:22] CHK EMA1m:OK EMA5m:OK RSI:67.42081447 VOL:OK MOM:0.11% RANGE:0.16% UP:35.29% SPREAD:1.00562283% BID:0.9248 ASK:0.9341 STATE:IN_POS
[2026-02-28 05:07:23] CHK EMA1m:OK EMA5m:OK RSI:67.42081447 VOL:OK MOM:0.11% RANGE:0.16% UP:33.33% SPREAD:1.00562283% BID:0.9248 ASK:0.9341 STATE:IN_POS
[2026-02-28 05:07:24] CHK EMA1m:OK EMA5m:OK RSI:67.42081447 VOL:OK MOM:0.09% RANGE:0.16% UP:27.77% SPREAD:1.00562283% BID:0.9248 ASK:0.9341 STATE:IN_POS
[2026-02-28 05:07:28] CHK EMA1m:OK EMA5m:OK RSI:67.42081447 VOL:OK MOM:0.17% RANGE:0.17% UP:37.5% SPREAD:0.98389015% BID:0.9249 ASK:0.934 STATE:IN_POS
[2026-02-28 05:07:29] CHK EMA1m:OK EMA5m:OK RSI:67.42081447 VOL:OK MOM:0.17% RANGE:0.17% UP:4E+1% SPREAD:0.98389015% BID:0.9249 ASK:0.934 STATE:IN_POS
[2026-02-28 05:07:30] CHK EMA1m:OK EMA5m:OK RSI:67.42081447 VOL:OK MOM:0.06% RANGE:0.06% UP:33.33% SPREAD:0.98389015% BID:0.9249 ASK:0.934 STATE:IN_POS
[2026-02-28 05:07:31] CHK EMA1m:OK EMA5m:OK RSI:64.17910447 VOL:OK MOM:0.05% RANGE:0.05% UP:26.66% SPREAD:0.95145421% BID:0.9249 ASK:0.9337 STATE:IN_POS
[2026-02-28 05:07:33] CHK EMA1m:OK EMA5m:OK RSI:64.17910447 VOL:OK MOM:0.05% RANGE:0.05% UP:26.66% SPREAD:0.95145421% BID:0.9249 ASK:0.9337 STATE:IN_POS
[2026-02-28 05:07:34] CHK EMA1m:OK EMA5m:OK RSI:64.17910447 VOL:OK MOM:-0.02% RANGE:0.05% UP:21.42% SPREAD:0.94115101% BID:0.9244 ASK:0.9331 STATE:IN_POS
[2026-02-28 05:07:35] CHK EMA1m:OK EMA5m:OK RSI:64.17910447 VOL:OK MOM:-0.01% RANGE:0.05% UP:26.66% SPREAD:0.93023255% BID:0.9245 ASK:0.9331 STATE:IN_POS
[2026-02-28 05:07:36] CHK EMA1m:OK EMA5m:OK RSI:64.17910447 VOL:OK MOM:0.01% RANGE:0.05% UP:33.33% SPREAD:0.90840272% BID:0.9247 ASK:0.9331 STATE:IN_POS
[2026-02-28 05:07:37] CHK EMA1m:OK EMA5m:OK RSI:64.17910447 VOL:OK MOM:0.01% RANGE:0.05% UP:33.33% SPREAD:0.89749134% BID:0.9248 ASK:0.9331 STATE:IN_POS
[2026-02-28 05:07:39] CHK EMA1m:OK EMA5m:OK RSI:64.17910447 VOL:OK MOM:0% RANGE:0.05% UP:26.66% SPREAD:0.89749134% BID:0.9248 ASK:0.9331 STATE:IN_POS
[2026-02-28 05:07:41] CHK EMA1m:OK EMA5m:OK RSI:64.17910447 VOL:OK MOM:0% RANGE:0.05% UP:28.57% SPREAD:0.76773356% BID:0.9248 ASK:0.9319 STATE:IN_POS
[2026-02-28 05:07:42] CHK EMA1m:OK EMA5m:OK RSI:64.17910447 VOL:OK MOM:0% RANGE:0.05% UP:28.57% SPREAD:0.74610726% BID:0.9248 ASK:0.9317 STATE:IN_POS
[2026-02-28 05:07:43] CHK EMA1m:OK EMA5m:OK RSI:64.17910447 VOL:OK MOM:0.12% RANGE:0.17% UP:35.71% SPREAD:0.38876889% BID:0.926 ASK:0.9296 STATE:IN_POS
[2026-02-28 05:07:44] CHK EMA1m:OK EMA5m:OK RSI:64.17910447 VOL:OK MOM:-0.29% RANGE:0.42% UP:35.71% SPREAD:0.79167118% BID:0.9221 ASK:0.9294 STATE:IN_POS
[2026-02-28 05:07:45] CHK EMA1m:OK EMA5m:OK RSI:64.17910447 VOL:OK MOM:-0.07% RANGE:0.42% UP:35.71% SPREAD:0.41116641% BID:0.9242 ASK:0.928 STATE:IN_POS
[2026-02-28 05:07:46] CHK EMA1m:OK EMA5m:OK RSI:68.96551724 VOL:OK MOM:-0.07% RANGE:0.42% UP:33.33% SPREAD:0.5518286% BID:0.9242 ASK:0.9293 STATE:IN_POS
[2026-02-28 05:07:47] CHK EMA1m:OK EMA5m:OK RSI:68.96551724 VOL:OK MOM:-0.07% RANGE:0.42% UP:33.33% SPREAD:0.61674962% BID:0.9242 ASK:0.9299 STATE:IN_POS
[2026-02-28 05:07:48] CHK EMA1m:OK EMA5m:OK RSI:68.96551724 VOL:OK MOM:-0.07% RANGE:0.42% UP:31.25% SPREAD:0.61674962% BID:0.9242 ASK:0.9299 STATE:IN_POS
[2026-02-28 05:07:50] CHK EMA1m:OK EMA5m:OK RSI:68.96551724 VOL:OK MOM:-0.07% RANGE:0.42% UP:31.25% SPREAD:0.59510928% BID:0.9242 ASK:0.9297 STATE:IN_POS
[2026-02-28 05:07:51] CHK EMA1m:OK EMA5m:OK RSI:68.96551724 VOL:OK MOM:-0.01% RANGE:0.42% UP:37.5% SPREAD:0.4000865% BID:0.9248 ASK:0.9285 STATE:IN_POS
[2026-02-28 05:07:52] CHK EMA1m:OK EMA5m:OK RSI:68.96551724 VOL:OK MOM:-0.09% RANGE:0.42% UP:37.5% SPREAD:0.48701298% BID:0.924 ASK:0.9285 STATE:IN_POS
[2026-02-28 05:07:53] CHK EMA1m:OK EMA5m:OK RSI:68.96551724 VOL:OK MOM:-0.04% RANGE:0.42% UP:37.5% SPREAD:0.48701298% BID:0.924 ASK:0.9285 STATE:IN_POS
[2026-02-28 05:07:54] CHK EMA1m:OK EMA5m:OK RSI:68.96551724 VOL:OK MOM:-0.1% RANGE:0.42% UP:35.29% SPREAD:0.5306476% BID:0.9234 ASK:0.9283 STATE:IN_POS
[2026-02-28 05:07:55] CHK EMA1m:OK EMA5m:OK RSI:68.96551724 VOL:OK MOM:-0.11% RANGE:0.42% UP:29.41% SPREAD:0.54147714% BID:0.9234 ASK:0.9284 STATE:IN_POS
[2026-02-28 05:07:56] CHK EMA1m:OK EMA5m:OK RSI:68.96551724 VOL:OK MOM:-0.17% RANGE:0.42% UP:18.75% SPREAD:0.56325823% BID:0.9232 ASK:0.9284 STATE:IN_POS
[2026-02-28 05:07:57] CHK EMA1m:OK EMA5m:OK RSI:68.96551724 VOL:OK MOM:-0.1% RANGE:0.42% UP:25% SPREAD:0.55206754% BID:0.9238 ASK:0.9289 STATE:IN_POS
[2026-02-28 05:07:58] CHK EMA1m:OK EMA5m:OK RSI:68.96551724 VOL:OK MOM:-0.09% RANGE:0.42% UP:31.25% SPREAD:0.54118411% BID:0.9239 ASK:0.9289 STATE:IN_POS
[2026-02-28 05:07:59] CHK EMA1m:OK EMA5m:OK RSI:68.96551724 VOL:OK MOM:-0.09% RANGE:0.42% UP:29.41% SPREAD:0.54118411% BID:0.9239 ASK:0.9289 STATE:IN_POS
[2026-02-28 05:08:01] CHK EMA1m:OK EMA5m:OK RSI:68.96551724 VOL:OK MOM:-0.09% RANGE:0.42% UP:29.41% SPREAD:0.53036042% BID:0.9239 ASK:0.9288 STATE:IN_POS
[2026-02-28 05:08:02] CHK EMA1m:OK EMA5m:OK RSI:68.96551724 VOL:NO MOM:-0.22% RANGE:0.42% UP:23.52% SPREAD:0.41129992% BID:0.9239 ASK:0.9277 STATE:IN_POS
[2026-02-28 05:08:03] CHK EMA1m:OK EMA5m:OK RSI:68.96551724 VOL:NO MOM:0.19% RANGE:0.29% UP:23.52% SPREAD:0.41129992% BID:0.9239 ASK:0.9277 STATE:IN_POS
[2026-02-28 05:08:04] CHK EMA1m:OK EMA5m:OK RSI:68.96551724 VOL:NO MOM:-0.03% RANGE:0.17% UP:17.64% SPREAD:0.41129992% BID:0.9239 ASK:0.9277 STATE:IN_POS
[2026-02-28 05:08:05] CHK EMA1m:OK EMA5m:OK RSI:68.96551724 VOL:NO MOM:-0.01% RANGE:0.17% UP:23.52% SPREAD:0.34628286% BID:0.9241 ASK:0.9273 STATE:IN_POS
[2026-02-28 05:08:07] CHK EMA1m:OK EMA5m:OK RSI:68.96551724 VOL:NO MOM:-0.01% RANGE:0.17% UP:23.52% SPREAD:0.34628286% BID:0.9241 ASK:0.9273 STATE:IN_POS
[2026-02-28 05:08:08] CHK EMA1m:OK EMA5m:OK RSI:68.96551724 VOL:NO MOM:-0.01% RANGE:0.17% UP:23.52% SPREAD:0.34628286% BID:0.9241 ASK:0.9273 STATE:IN_POS
[2026-02-28 05:08:08] CHK EMA1m:OK EMA5m:OK RSI:68.96551724 VOL:NO MOM:-0.33% RANGE:0.4% UP:23.52% SPREAD:0.56454239% BID:0.9211 ASK:0.9263 STATE:IN_POS
[2026-02-28 05:08:09] CHK EMA1m:OK EMA5m:OK RSI:68.96551724 VOL:NO MOM:-0.38% RANGE:0.4% UP:23.52% SPREAD:0.49934867% BID:0.9212 ASK:0.9258 STATE:IN_POS
[2026-02-28 05:08:10] CHK EMA1m:OK EMA5m:OK RSI:68.96551724 VOL:NO MOM:-0.63% RANGE:0.64% UP:22.22% SPREAD:0.57677658% BID:0.9189 ASK:0.9242 STATE:IN_POS
[2026-02-28 05:08:12] CHK EMA1m:OK EMA5m:OK RSI:68.96551724 VOL:NO MOM:-0.53% RANGE:0.56% UP:27.77% SPREAD:0.55489065% BID:0.9191 ASK:0.9242 STATE:IN_POS
[2026-02-28 05:08:13] CHK EMA1m:OK EMA5m:OK RSI:68.96551724 VOL:NO MOM:-0.46% RANGE:0.56% UP:29.41% SPREAD:0.46784898% BID:0.9191 ASK:0.9234 STATE:IN_POS
[2026-02-28 05:08:14] CHK EMA1m:OK EMA5m:OK RSI:68.96551724 VOL:NO MOM:-0.46% RANGE:0.56% UP:29.41% SPREAD:0.45696877% BID:0.9191 ASK:0.9233 STATE:IN_POS
[2026-02-28 05:08:15] CHK EMA1m:OK EMA5m:OK RSI:68.96551724 VOL:NO MOM:-0.44% RANGE:0.56% UP:29.41% SPREAD:0.45696877% BID:0.9191 ASK:0.9233 STATE:IN_POS
[2026-02-28 05:08:16] CHK EMA1m:OK EMA5m:OK RSI:68.96551724 VOL:NO MOM:-0.44% RANGE:0.56% UP:27.77% SPREAD:0.45696877% BID:0.9191 ASK:0.9233 STATE:IN_POS
[2026-02-28 05:08:17] CHK EMA1m:OK EMA5m:OK RSI:68.96551724 VOL:NO MOM:-0.5% RANGE:0.56% UP:22.22% SPREAD:0.45696877% BID:0.9191 ASK:0.9233 STATE:IN_POS
[2026-02-28 05:08:18] CHK EMA1m:OK EMA5m:OK RSI:68.96551724 VOL:NO MOM:-0.51% RANGE:0.56% UP:16.66% SPREAD:0.44608856% BID:0.9191 ASK:0.9232 STATE:IN_POS
[2026-02-28 05:08:19] CHK EMA1m:OK EMA5m:OK RSI:68.96551724 VOL:NO MOM:-0.49% RANGE:0.56% UP:22.22% SPREAD:0.33721309% BID:0.9193 ASK:0.9224 STATE:IN_POS
[2026-02-28 05:08:20] CHK EMA1m:OK EMA5m:OK RSI:68.96551724 VOL:NO MOM:-0.57% RANGE:0.59% UP:22.22% SPREAD:0.37012845% BID:0.9186 ASK:0.922 STATE:IN_POS
[2026-02-28 05:08:21] CHK EMA1m:OK EMA5m:OK RSI:48.19277108 VOL:OK MOM:-0.74% RANGE:0.77% UP:22.22% SPREAD:0.50163576% BID:0.917 ASK:0.9216 STATE:IN_POS
[2026-02-28 05:08:22] SELL symbol=BARDUSDC qty=10.6 exit=0.917 pnl=-0.09433999999999902 reason=STOP profile=major
[2026-02-28 05:08:53] CHK EMA1m:OK EMA5m:OK RSI:46.78362573 VOL:OK MOM:0.09% RANGE:0.09% UP:7.69% SPREAD:0.65430752% BID:0.917 ASK:0.923 STATE:IDLE
[2026-02-28 05:08:53] DECIDE_HOLD reason=HOLD_SPREAD spread=0.6543% mom=0.0982% range=0.0982% up=7.69% rsi=46.78362573099417
[2026-02-28 05:08:54] CHK EMA1m:OK EMA5m:OK RSI:46.78362573 VOL:OK MOM:0.09% RANGE:0.09% UP:7.89% SPREAD:0.65430752% BID:0.917 ASK:0.923 STATE:IDLE
[2026-02-28 05:08:55] CHK EMA1m:OK EMA5m:OK RSI:46.78362573 VOL:OK MOM:0.21% RANGE:0.21% UP:10.81% SPREAD:0.5119268% BID:0.9181 ASK:0.9228 STATE:IDLE
[2026-02-28 05:08:56] CHK EMA1m:OK EMA5m:OK RSI:46.78362573 VOL:OK MOM:0.2% RANGE:0.2% UP:8.33% SPREAD:0.55549504% BID:0.9181 ASK:0.9232 STATE:IDLE
[2026-02-28 05:08:57] CHK EMA1m:OK EMA5m:OK RSI:46.78362573 VOL:OK MOM:0.18% RANGE:0.2% UP:8.57% SPREAD:0.44667175% BID:0.9179 ASK:0.922 STATE:IDLE
[2026-02-28 05:08:58] CHK EMA1m:OK EMA5m:OK RSI:46.78362573 VOL:OK MOM:0.18% RANGE:0.2% UP:8.82% SPREAD:0.49024948% BID:0.9179 ASK:0.9224 STATE:IDLE
[2026-02-28 05:08:59] CHK EMA1m:OK EMA5m:OK RSI:46.78362573 VOL:OK MOM:0.18% RANGE:0.2% UP:9.37% SPREAD:0.47935504% BID:0.9179 ASK:0.9223 STATE:IDLE
[2026-02-28 05:09:00] CHK EMA1m:OK EMA5m:OK RSI:46.78362573 VOL:OK MOM:0.18% RANGE:0.2% UP:9.67% SPREAD:0.47935504% BID:0.9179 ASK:0.9223 STATE:IDLE
[2026-02-28 05:09:01] CHK EMA1m:OK EMA5m:OK RSI:46.78362573 VOL:OK MOM:0.18% RANGE:0.2% UP:1E+1% SPREAD:0.52293278% BID:0.9179 ASK:0.9227 STATE:IDLE
[2026-02-28 05:09:02] CHK EMA1m:OK EMA5m:OK RSI:43.125 VOL:NO MOM:0.18% RANGE:0.2% UP:10.34% SPREAD:0.39219958% BID:0.9179 ASK:0.9215 STATE:IDLE
[2026-02-28 05:09:03] CHK EMA1m:OK EMA5m:OK RSI:43.125 VOL:NO MOM:0.18% RANGE:0.2% UP:10.71% SPREAD:0.41398845% BID:0.9179 ASK:0.9217 STATE:IDLE
[2026-02-28 05:09:03] DECIDE_HOLD reason=HOLD_SPREAD spread=0.4140% mom=0.1855% range=0.2074% up=10.71% rsi=43.12500000000002
[2026-02-28 05:09:04] CHK EMA1m:OK EMA5m:OK RSI:43.125 VOL:NO MOM:0.07% RANGE:0.2% UP:11.53% SPREAD:0.3708147% BID:0.9169 ASK:0.9203 STATE:IDLE
[2026-02-28 05:09:05] CHK EMA1m:OK EMA5m:OK RSI:43.125 VOL:NO MOM:0.07% RANGE:0.2% UP:12% SPREAD:0.3708147% BID:0.9169 ASK:0.9203 STATE:IDLE
[2026-02-28 05:09:06] CHK EMA1m:OK EMA5m:OK RSI:43.125 VOL:NO MOM:0.07% RANGE:0.2% UP:12.5% SPREAD:0.40353364% BID:0.9169 ASK:0.9206 STATE:IDLE
[2026-02-28 05:09:07] CHK EMA1m:OK EMA5m:OK RSI:43.125 VOL:NO MOM:0.07% RANGE:0.2% UP:12.5% SPREAD:0.42534627% BID:0.9169 ASK:0.9208 STATE:IDLE
[2026-02-28 05:09:09] CHK EMA1m:OK EMA5m:OK RSI:43.125 VOL:NO MOM:0.02% RANGE:0.15% UP:8.69% SPREAD:0.41443996% BID:0.9169 ASK:0.9207 STATE:IDLE
[2026-02-28 05:09:10] CHK EMA1m:OK EMA5m:OK RSI:43.125 VOL:NO MOM:-0.01% RANGE:0.13% UP:4.76% SPREAD:0.42534627% BID:0.9169 ASK:0.9208 STATE:IDLE
[2026-02-28 05:09:11] CHK EMA1m:OK EMA5m:OK RSI:43.125 VOL:NO MOM:-0.01% RANGE:0.13% UP:5% SPREAD:0.46897153% BID:0.9169 ASK:0.9212 STATE:IDLE
[2026-02-28 05:09:12] CHK EMA1m:OK EMA5m:OK RSI:43.125 VOL:NO MOM:-0.01% RANGE:0.13% UP:5.26% SPREAD:0.4471589% BID:0.9169 ASK:0.921 STATE:IDLE
[2026-02-28 05:09:13] CHK EMA1m:OK EMA5m:OK RSI:43.125 VOL:NO MOM:-0.01% RANGE:0.13% UP:5.55% SPREAD:0.38172101% BID:0.9169 ASK:0.9204 STATE:IDLE
[2026-02-28 05:09:14] CHK EMA1m:OK EMA5m:OK RSI:43.125 VOL:NO MOM:-0.01% RANGE:0.13% UP:5.26% SPREAD:0.34900207% BID:0.9169 ASK:0.9201 STATE:IDLE
[2026-02-28 05:09:14] DECIDE_HOLD reason=HOLD_SPREAD spread=0.3490% mom=-0.0109% range=0.1309% up=5.26% rsi=43.12500000000002
[2026-02-28 05:09:15] CHK EMA1m:OK EMA5m:OK RSI:43.125 VOL:NO MOM:-0.13% RANGE:0.13% UP:0% SPREAD:0.38172101% BID:0.9169 ASK:0.9204 STATE:IDLE
[2026-02-28 05:09:16] CHK EMA1m:OK EMA5m:OK RSI:43.125 VOL:NO MOM:-0.1% RANGE:0.1% UP:0% SPREAD:0.38172101% BID:0.9169 ASK:0.9204 STATE:IDLE
[2026-02-28 05:09:17] CHK EMA1m:OK EMA5m:OK RSI:43.125 VOL:NO MOM:-0.1% RANGE:0.1% UP:0% SPREAD:0.25084523% BID:0.9169 ASK:0.9192 STATE:IDLE
[2026-02-28 05:09:18] CHK EMA1m:OK EMA5m:OK RSI:43.125 VOL:NO MOM:-0.1% RANGE:0.1% UP:0% SPREAD:0.38172101% BID:0.9169 ASK:0.9204 STATE:IDLE
[2026-02-28 05:09:21] CHK EMA1m:OK EMA5m:OK RSI:43.125 VOL:NO MOM:-0.09% RANGE:0.1% UP:5.55% SPREAD:0.32715376% BID:0.917 ASK:0.92 STATE:IDLE
[2026-02-28 05:09:22] CHK EMA1m:OK EMA5m:OK RSI:43.125 VOL:NO MOM:-0.09% RANGE:0.1% UP:5.88% SPREAD:0.33805888% BID:0.917 ASK:0.9201 STATE:IDLE
[2026-02-28 05:09:23] CHK EMA1m:OK EMA5m:OK RSI:43.125 VOL:NO MOM:0.01% RANGE:0.01% UP:6.25% SPREAD:0.31624863% BID:0.917 ASK:0.9199 STATE:IDLE
[2026-02-28 05:09:24] CHK EMA1m:OK EMA5m:OK RSI:43.125 VOL:NO MOM:0.01% RANGE:0.01% UP:5.88% SPREAD:0.31624863% BID:0.917 ASK:0.9199 STATE:IDLE
[2026-02-28 05:09:24] DECIDE_HOLD reason=HOLD_SPREAD spread=0.3162% mom=0.0109% range=0.0109% up=5.88% rsi=43.12500000000002
[2026-02-28 05:09:25] CHK EMA1m:OK EMA5m:OK RSI:43.125 VOL:NO MOM:0.01% RANGE:0.01% UP:5.88% SPREAD:0.29443838% BID:0.917 ASK:0.9197 STATE:IDLE
[2026-02-28 05:09:26] CHK EMA1m:OK EMA5m:OK RSI:43.125 VOL:NO MOM:0.01% RANGE:0.01% UP:6.25% SPREAD:0.30534351% BID:0.917 ASK:0.9198 STATE:IDLE
[2026-02-28 05:09:27] CHK EMA1m:OK EMA5m:OK RSI:43.125 VOL:NO MOM:0% RANGE:0.01% UP:6.25% SPREAD:0.31628312% BID:0.9169 ASK:0.9198 STATE:IDLE
[2026-02-28 05:09:28] CHK EMA1m:OK EMA5m:OK RSI:43.125 VOL:NO MOM:0% RANGE:0.01% UP:6.25% SPREAD:0.31628312% BID:0.9169 ASK:0.9198 STATE:IDLE
[2026-02-28 05:09:30] CHK EMA1m:OK EMA5m:OK RSI:43.125 VOL:NO MOM:0% RANGE:0.01% UP:5.88% SPREAD:0.31628312% BID:0.9169 ASK:0.9198 STATE:IDLE
[2026-02-28 05:09:32] CHK EMA1m:OK EMA5m:OK RSI:43.125 VOL:NO MOM:0% RANGE:0.01% UP:6.25% SPREAD:0.32718944% BID:0.9169 ASK:0.9199 STATE:IDLE
[2026-02-28 05:09:33] CHK EMA1m:OK EMA5m:OK RSI:43.125 VOL:NO MOM:0% RANGE:0.01% UP:6.66% SPREAD:0.39262733% BID:0.9169 ASK:0.9205 STATE:IDLE
[2026-02-28 05:09:34] CHK EMA1m:OK EMA5m:OK RSI:43.125 VOL:NO MOM:0% RANGE:0.01% UP:6.66% SPREAD:0.39262733% BID:0.9169 ASK:0.9205 STATE:IDLE
[2026-02-28 05:09:34] DECIDE_HOLD reason=HOLD_SPREAD spread=0.3926% mom=0.0000% range=0.0109% up=6.67% rsi=43.12500000000002
[2026-02-28 05:09:40] CHK EMA1m:OK EMA5m:OK RSI:43.125 VOL:NO MOM:-0.01% RANGE:0.01% UP:0% SPREAD:0.4471589% BID:0.9169 ASK:0.921 STATE:IDLE
[2026-02-28 05:09:41] CHK EMA1m:OK EMA5m:OK RSI:43.125 VOL:NO MOM:-0.01% RANGE:0.01% UP:0% SPREAD:0.45806521% BID:0.9169 ASK:0.9211 STATE:IDLE
[2026-02-28 05:09:42] CHK EMA1m:OK EMA5m:OK RSI:43.125 VOL:NO MOM:0.15% RANGE:0.16% UP:8.33% SPREAD:0.40287456% BID:0.9184 ASK:0.9221 STATE:IDLE
[2026-02-28 05:09:43] CHK EMA1m:OK EMA5m:OK RSI:50.54347826 VOL:OK MOM:0.15% RANGE:0.16% UP:8.33% SPREAD:0.50087108% BID:0.9184 ASK:0.923 STATE:IDLE
[2026-02-28 05:09:44] CHK EMA1m:OK EMA5m:OK RSI:50.54347826 VOL:OK MOM:0.15% RANGE:0.16% UP:8.33% SPREAD:0.56620209% BID:0.9184 ASK:0.9236 STATE:IDLE
[2026-02-28 05:09:46] CHK EMA1m:OK EMA5m:OK RSI:50.54347826 VOL:OK MOM:0.15% RANGE:0.16% UP:8.33% SPREAD:0.54442508% BID:0.9184 ASK:0.9234 STATE:IDLE
[2026-02-28 05:09:46] DECIDE_HOLD reason=HOLD_SPREAD spread=0.5444% mom=0.1527% range=0.1636% up=8.33% rsi=50.543478260869506
[2026-02-28 05:09:47] CHK EMA1m:OK EMA5m:OK RSI:50.54347826 VOL:OK MOM:0.16% RANGE:0.16% UP:8.33% SPREAD:0.58797909% BID:0.9184 ASK:0.9238 STATE:IDLE
[2026-02-28 05:09:48] CHK EMA1m:OK EMA5m:OK RSI:50.54347826 VOL:OK MOM:0.16% RANGE:0.16% UP:8.33% SPREAD:0.60975609% BID:0.9184 ASK:0.924 STATE:IDLE
[2026-02-28 05:09:49] CHK EMA1m:OK EMA5m:OK RSI:50.54347826 VOL:OK MOM:0.17% RANGE:0.17% UP:16.66% SPREAD:0.59880239% BID:0.9185 ASK:0.924 STATE:IDLE
[2026-02-28 05:09:50] CHK EMA1m:OK EMA5m:OK RSI:50.54347826 VOL:OK MOM:0.19% RANGE:0.19% UP:25% SPREAD:0.57690214% BID:0.9187 ASK:0.924 STATE:IDLE
[2026-02-28 05:09:51] CHK EMA1m:OK EMA5m:OK RSI:50.54347826 VOL:OK MOM:0.2% RANGE:0.2% UP:30.76% SPREAD:0.63125816% BID:0.9188 ASK:0.9246 STATE:IDLE
[2026-02-28 05:09:52] CHK EMA1m:OK EMA5m:OK RSI:50.54347826 VOL:OK MOM:0.2% RANGE:0.2% UP:30.76% SPREAD:0.60949063% BID:0.9188 ASK:0.9244 STATE:IDLE
[2026-02-28 05:19:58] SESSION_START symbol=BARDUSDC dry_run=0 profile=major strategy=momentum base_url=https://api.binance.com
[2026-02-28 05:20:01] CHK EMA1m:OK EMA5m:OK RSI:69.91150442 VOL:OK MOM:0% RANGE:0% UP:0% SPREAD:0.63131313% BID:0.9504 ASK:0.9564 STATE:IDLE
[2026-02-28 05:20:01] DECIDE_HOLD reason=HOLD_SPREAD spread=0.6313% mom=0.0000% range=0.0000% up=0.00% rsi=69.91150442477885
[2026-02-28 05:20:02] CHK EMA1m:OK EMA5m:OK RSI:76.08346709 VOL:NO MOM:-0.16% RANGE:0.16% UP:0% SPREAD:0.82209106% BID:0.9488 ASK:0.9566 STATE:IDLE
[2026-02-28 05:20:03] CHK EMA1m:OK EMA5m:OK RSI:76.08346709 VOL:NO MOM:-0.16% RANGE:0.16% UP:0% SPREAD:0.82209106% BID:0.9488 ASK:0.9566 STATE:IDLE
[2026-02-28 05:20:05] CHK EMA1m:OK EMA5m:OK RSI:76.08346709 VOL:NO MOM:-0.31% RANGE:0.31% UP:0% SPREAD:0.90774751% BID:0.9474 ASK:0.956 STATE:IDLE
[2026-02-28 05:20:06] CHK EMA1m:OK EMA5m:OK RSI:76.23604465 VOL:OK MOM:-0.15% RANGE:0.31% UP:25% SPREAD:0.74823479% BID:0.9489 ASK:0.956 STATE:IDLE
[2026-02-28 05:20:08] CHK EMA1m:OK EMA5m:OK RSI:76.23604465 VOL:OK MOM:-0.15% RANGE:0.31% UP:2E+1% SPREAD:0.74823479% BID:0.9489 ASK:0.956 STATE:IDLE
[2026-02-28 05:20:10] CHK EMA1m:OK EMA5m:OK RSI:76.23604465 VOL:OK MOM:-0.15% RANGE:0.31% UP:16.66% SPREAD:0.74823479% BID:0.9489 ASK:0.956 STATE:IDLE
[2026-02-28 05:20:11] CHK EMA1m:OK EMA5m:OK RSI:75.59808612 VOL:OK MOM:-0.15% RANGE:0.31% UP:14.28% SPREAD:0.83254294% BID:0.9489 ASK:0.9568 STATE:IDLE
[2026-02-28 05:20:11] DECIDE_HOLD reason=HOLD_SPREAD spread=0.8325% mom=-0.1578% range=0.3167% up=14.29% rsi=75.59808612440189
[2026-02-28 05:20:12] CHK EMA1m:OK EMA5m:OK RSI:75.59808612 VOL:OK MOM:-0.15% RANGE:0.31% UP:12.5% SPREAD:0.83254294% BID:0.9489 ASK:0.9568 STATE:IDLE
[2026-02-28 05:20:13] CHK EMA1m:OK EMA5m:OK RSI:75.59808612 VOL:OK MOM:-0.04% RANGE:0.31% UP:22.22% SPREAD:0.71578947% BID:0.95 ASK:0.9568 STATE:IDLE
[2026-02-28 05:20:14] CHK EMA1m:OK EMA5m:OK RSI:75.59808612 VOL:OK MOM:-0.04% RANGE:0.31% UP:2E+1% SPREAD:0.71578947% BID:0.95 ASK:0.9568 STATE:IDLE
[2026-02-28 05:20:15] CHK EMA1m:OK EMA5m:OK RSI:75.59808612 VOL:OK MOM:0.3% RANGE:0.62% UP:27.27% SPREAD:0.55596349% BID:0.9533 ASK:0.9586 STATE:IDLE
[2026-02-28 05:20:16] CHK EMA1m:OK EMA5m:OK RSI:75.59808612 VOL:OK MOM:0.33% RANGE:0.65% UP:33.33% SPREAD:0.52432885% BID:0.9536 ASK:0.9586 STATE:IDLE
[2026-02-28 05:20:17] CHK EMA1m:OK EMA5m:OK RSI:75.59808612 VOL:OK MOM:0.36% RANGE:0.68% UP:38.46% SPREAD:0.63948002% BID:0.9539 ASK:0.96 STATE:IDLE
[2026-02-28 05:20:18] CHK EMA1m:OK EMA5m:OK RSI:75.59808612 VOL:OK MOM:0.18% RANGE:0.68% UP:35.71% SPREAD:0.6616257% BID:0.9522 ASK:0.9585 STATE:IDLE
[2026-02-28 05:20:19] CHK EMA1m:OK EMA5m:OK RSI:75.59808612 VOL:OK MOM:0.14% RANGE:0.68% UP:33.33% SPREAD:0.70392939% BID:0.9518 ASK:0.9585 STATE:IDLE
[2026-02-28 05:20:20] CHK EMA1m:OK EMA5m:OK RSI:75.59808612 VOL:OK MOM:0.23% RANGE:0.68% UP:33.33% SPREAD:0.60988433% BID:0.951 ASK:0.9568 STATE:IDLE
[2026-02-28 05:20:21] CHK EMA1m:OK EMA5m:OK RSI:75.59808612 VOL:OK MOM:0.28% RANGE:0.68% UP:37.5% SPREAD:0.55701523% BID:0.9515 ASK:0.9568 STATE:IDLE
[2026-02-28 05:20:21] DECIDE_HOLD reason=HOLD_SPREAD spread=0.5570% mom=0.2846% range=0.6861% up=37.50% rsi=75.59808612440189
[2026-02-28 05:20:23] CHK EMA1m:OK EMA5m:OK RSI:76.23604465 VOL:OK MOM:0.36% RANGE:0.68% UP:43.75% SPREAD:0.57754909% BID:0.9523 ASK:0.9578 STATE:IDLE
[2026-02-28 05:20:24] CHK EMA1m:OK EMA5m:OK RSI:76.23604465 VOL:OK MOM:0.6% RANGE:0.68% UP:5E+1% SPREAD:0.71346133% BID:0.9531 ASK:0.9599 STATE:IDLE
[2026-02-28 05:20:24] CHK EMA1m:OK EMA5m:OK RSI:76.23604465 VOL:OK MOM:0.5% RANGE:0.52% UP:5E+1% SPREAD:0.66058508% BID:0.9537 ASK:0.96 STATE:IDLE
[2026-02-28 05:20:25] CHK EMA1m:OK EMA5m:OK RSI:77.38998482 VOL:OK MOM:0.52% RANGE:0.52% UP:52.94% SPREAD:0.63948002% BID:0.9539 ASK:0.96 STATE:IDLE
[2026-02-28 05:20:26] CHK EMA1m:OK EMA5m:OK RSI:77.38998482 VOL:OK MOM:0.63% RANGE:0.63% UP:58.82% SPREAD:0.52361503% BID:0.9549 ASK:0.9599 STATE:IDLE
[2026-02-28 05:20:28] CHK EMA1m:OK EMA5m:OK RSI:77.38998482 VOL:OK MOM:0.65% RANGE:0.65% UP:64.7% SPREAD:0.50256517% BID:0.9551 ASK:0.9599 STATE:IDLE
[2026-02-28 05:20:29] CHK EMA1m:OK EMA5m:OK RSI:73.48837209 VOL:OK MOM:0.55% RANGE:0.65% UP:61.11% SPREAD:0.58687906% BID:0.9542 ASK:0.9598 STATE:IDLE
[2026-02-28 05:20:30] CHK EMA1m:OK EMA5m:OK RSI:73.48837209 VOL:OK MOM:0.53% RANGE:0.65% UP:61.11% SPREAD:0.60796645% BID:0.954 ASK:0.9598 STATE:IDLE
[2026-02-28 05:20:31] CHK EMA1m:OK EMA5m:OK RSI:73.48837209 VOL:OK MOM:0.53% RANGE:0.65% UP:61.11% SPREAD:0.60796645% BID:0.954 ASK:0.9598 STATE:IDLE
[2026-02-28 05:20:32] CHK EMA1m:OK EMA5m:OK RSI:77.3556231 VOL:OK MOM:0.44% RANGE:0.53% UP:61.11% SPREAD:0.59735904% BID:0.9542 ASK:0.9599 STATE:IDLE
[2026-02-28 05:20:32] DECIDE_HOLD reason=HOLD_SPREAD spread=0.5974% mom=0.4421% range=0.5368% up=61.11% rsi=77.355623100304
[2026-02-28 05:20:33] CHK EMA1m:OK EMA5m:OK RSI:77.3556231 VOL:OK MOM:0.44% RANGE:0.53% UP:57.89% SPREAD:0.59735904% BID:0.9542 ASK:0.9599 STATE:IDLE
[2026-02-28 05:20:34] CHK EMA1m:OK EMA5m:OK RSI:77.3556231 VOL:OK MOM:0.09% RANGE:0.43% UP:55.55% SPREAD:0.57639907% BID:0.9542 ASK:0.9597 STATE:IDLE
[2026-02-28 05:20:35] CHK EMA1m:OK EMA5m:OK RSI:77.3556231 VOL:OK MOM:-0.03% RANGE:0.43% UP:5E+1% SPREAD:0.67135214% BID:0.9533 ASK:0.9597 STATE:IDLE
[2026-02-28 05:20:36] CHK EMA1m:OK EMA5m:OK RSI:76.68231611 VOL:OK MOM:-0.27% RANGE:0.43% UP:44.44% SPREAD:0.70429937% BID:0.9513 ASK:0.958 STATE:IDLE
[2026-02-28 05:20:37] CHK EMA1m:OK EMA5m:OK RSI:76.68231611 VOL:OK MOM:-0.07% RANGE:0.43% UP:5E+1% SPREAD:0.68313189% BID:0.9515 ASK:0.958 STATE:IDLE
[2026-02-28 05:20:38] CHK EMA1m:OK EMA5m:OK RSI:76.68231611 VOL:OK MOM:-0.03% RANGE:0.43% UP:52.63% SPREAD:0.65132892% BID:0.9519 ASK:0.9581 STATE:IDLE
[2026-02-28 05:20:39] CHK EMA1m:OK EMA5m:OK RSI:76.68231611 VOL:OK MOM:0.11% RANGE:0.43% UP:61.11% SPREAD:0.68270139% BID:0.9521 ASK:0.9586 STATE:IDLE
[2026-02-28 05:20:41] CHK EMA1m:OK EMA5m:OK RSI:77.11213517 VOL:OK MOM:0.18% RANGE:0.39% UP:61.11% SPREAD:0.65037239% BID:0.9533 ASK:0.9595 STATE:IDLE
[2026-02-28 05:20:43] CHK EMA1m:OK EMA5m:OK RSI:77.11213517 VOL:OK MOM:0.14% RANGE:0.39% UP:58.82% SPREAD:0.52383446% BID:0.9545 ASK:0.9595 STATE:IDLE
[2026-02-28 05:20:43] DECIDE_HOLD reason=HOLD_SPREAD spread=0.5238% mom=0.1469% range=0.3995% up=58.82% rsi=77.11213517665138
[2026-02-28 05:20:45] CHK EMA1m:OK EMA5m:OK RSI:77.11213517 VOL:OK MOM:0.14% RANGE:0.39% UP:58.82% SPREAD:0.46068474% BID:0.9551 ASK:0.9595 STATE:IDLE
[2026-02-28 05:20:46] CHK EMA1m:OK EMA5m:OK RSI:73.60248447 VOL:OK MOM:-0.1% RANGE:0.39% UP:5E+1% SPREAD:0.58706363% BID:0.9539 ASK:0.9595 STATE:IDLE
[2026-02-28 05:20:46] CHK EMA1m:OK EMA5m:OK RSI:72.92307692 VOL:OK MOM:-0.25% RANGE:0.39% UP:43.75% SPREAD:0.60879605% BID:0.9527 ASK:0.9585 STATE:IDLE
[2026-02-28 05:20:47] CHK EMA1m:OK EMA5m:OK RSI:72.92307692 VOL:OK MOM:-0.15% RANGE:0.39% UP:43.75% SPREAD:0.60879605% BID:0.9527 ASK:0.9585 STATE:IDLE
[2026-02-28 05:20:48] CHK EMA1m:OK EMA5m:OK RSI:72.92307692 VOL:OK MOM:-0.07% RANGE:0.39% UP:47.05% SPREAD:0.5453592% BID:0.9535 ASK:0.9587 STATE:IDLE
[2026-02-28 05:20:50] CHK EMA1m:OK EMA5m:OK RSI:72.92307692 VOL:OK MOM:-0.03% RANGE:0.39% UP:52.94% SPREAD:0.52427388% BID:0.9537 ASK:0.9587 STATE:IDLE
[2026-02-28 05:20:51] CHK EMA1m:OK EMA5m:OK RSI:72.92307692 VOL:OK MOM:0.01% RANGE:0.39% UP:56.25% SPREAD:0.53442313% BID:0.9543 ASK:0.9594 STATE:IDLE
[2026-02-28 05:20:52] CHK EMA1m:OK EMA5m:OK RSI:72.92307692 VOL:OK MOM:0.02% RANGE:0.39% UP:62.5% SPREAD:0.52388935% BID:0.9544 ASK:0.9594 STATE:IDLE
[2026-02-28 05:20:53] CHK EMA1m:OK EMA5m:OK RSI:72.92307692 VOL:OK MOM:0.08% RANGE:0.39% UP:68.75% SPREAD:0.62827225% BID:0.955 ASK:0.961 STATE:IDLE
[2026-02-28 05:20:53] DECIDE_HOLD reason=HOLD_SPREAD spread=0.6283% mom=0.0838% range=0.3995% up=68.75% rsi=72.92307692307693
[2026-02-28 05:20:54] CHK EMA1m:OK EMA5m:OK RSI:72.92307692 VOL:OK MOM:0.08% RANGE:0.39% UP:64.7% SPREAD:0.45026178% BID:0.955 ASK:0.9593 STATE:IDLE
[2026-02-28 05:20:55] CHK EMA1m:OK EMA5m:OK RSI:72.92307692 VOL:OK MOM:0.17% RANGE:0.39% UP:64.7% SPREAD:0.45026178% BID:0.955 ASK:0.9593 STATE:IDLE
[2026-02-28 05:20:56] CHK EMA1m:OK EMA5m:OK RSI:72.92307692 VOL:OK MOM:0.35% RANGE:0.37% UP:62.5% SPREAD:0.46078123% BID:0.9549 ASK:0.9593 STATE:IDLE
[2026-02-28 05:20:57] CHK EMA1m:OK EMA5m:OK RSI:72.92307692 VOL:OK MOM:0.35% RANGE:0.35% UP:62.5% SPREAD:0.54433162% BID:0.9553 ASK:0.9605 STATE:IDLE
[2026-02-28 05:20:58] CHK EMA1m:OK EMA5m:OK RSI:72.92307692 VOL:OK MOM:0.37% RANGE:0.37% UP:62.5% SPREAD:0.50224965% BID:0.9557 ASK:0.9605 STATE:IDLE
[2026-02-28 05:20:59] CHK EMA1m:OK EMA5m:OK RSI:72.92307692 VOL:OK MOM:0.43% RANGE:0.43% UP:64.7% SPREAD:0.53336122% BID:0.9562 ASK:0.9613 STATE:IDLE
[2026-02-28 05:21:00] CHK EMA1m:OK EMA5m:OK RSI:72.92307692 VOL:OK MOM:0.25% RANGE:0.36% UP:58.82% SPREAD:0.5754944% BID:0.9557 ASK:0.9612 STATE:IDLE
[2026-02-28 05:21:01] CHK EMA1m:OK EMA5m:OK RSI:71.1001642 VOL:NO MOM:0.25% RANGE:0.44% UP:58.82% SPREAD:0.56432229% BID:0.9569 ASK:0.9623 STATE:IDLE
[2026-02-28 05:21:02] CHK EMA1m:OK EMA5m:OK RSI:71.1001642 VOL:NO MOM:0.33% RANGE:0.58% UP:58.82% SPREAD:0.50088698% BID:0.9583 ASK:0.9631 STATE:IDLE
[2026-02-28 05:21:03] CHK EMA1m:OK EMA5m:OK RSI:71.1001642 VOL:NO MOM:0.37% RANGE:0.62% UP:61.11% SPREAD:0.6258475% BID:0.9587 ASK:0.9647 STATE:IDLE
[2026-02-28 05:21:03] DECIDE_HOLD reason=HOLD_SPREAD spread=0.6258% mom=0.3769% range=0.6298% up=61.11% rsi=71.1001642036125
[2026-02-28 05:21:04] CHK EMA1m:OK EMA5m:OK RSI:75.55555555 VOL:OK MOM:0.52% RANGE:0.65% UP:66.66% SPREAD:0.54228803% BID:0.9589 ASK:0.9641 STATE:IDLE
[2026-02-28 05:21:06] CHK EMA1m:OK EMA5m:OK RSI:75.55555555 VOL:OK MOM:0.58% RANGE:0.71% UP:68.42% SPREAD:0.53152683% BID:0.9595 ASK:0.9646 STATE:IDLE
[2026-02-28 05:21:07] CHK EMA1m:OK EMA5m:OK RSI:75.55555555 VOL:OK MOM:0.73% RANGE:0.73% UP:77.77% SPREAD:0.71897467% BID:0.9597 ASK:0.9666 STATE:IDLE
[2026-02-28 05:21:08] CHK EMA1m:OK EMA5m:OK RSI:75.55555555 VOL:OK MOM:0.77% RANGE:0.77% UP:77.77% SPREAD:0.65563534% BID:0.9609 ASK:0.9672 STATE:IDLE
[2026-02-28 05:21:09] CHK EMA1m:OK EMA5m:OK RSI:75.55555555 VOL:OK MOM:0.83% RANGE:0.83% UP:77.77% SPREAD:0.57190392% BID:0.9617 ASK:0.9672 STATE:IDLE
[2026-02-28 05:21:10] CHK EMA1m:OK EMA5m:OK RSI:75.55555555 VOL:OK MOM:0.73% RANGE:0.77% UP:72.22% SPREAD:0.61375221% BID:0.9613 ASK:0.9672 STATE:IDLE
[2026-02-28 05:21:11] CHK EMA1m:OK EMA5m:OK RSI:75.55555555 VOL:OK MOM:0.66% RANGE:0.77% UP:68.42% SPREAD:0.64542993% BID:0.9606 ASK:0.9668 STATE:IDLE
[2026-02-28 05:21:12] CHK EMA1m:OK EMA5m:OK RSI:75.55555555 VOL:OK MOM:0.62% RANGE:0.71% UP:66.66% SPREAD:0.60353798% BID:0.961 ASK:0.9668 STATE:IDLE
[2026-02-28 05:21:13] CHK EMA1m:OK EMA5m:OK RSI:75.55555555 VOL:OK MOM:0.31% RANGE:0.71% UP:66.66% SPREAD:0.61586638% BID:0.958 ASK:0.9639 STATE:IDLE
[2026-02-28 05:21:14] CHK EMA1m:OK EMA5m:OK RSI:75.55555555 VOL:OK MOM:0.5% RANGE:0.71% UP:72.22% SPREAD:0.63554907% BID:0.9598 ASK:0.9659 STATE:IDLE
[2026-02-28 05:21:14] DECIDE_HOLD reason=HOLD_SPREAD spread=0.6355% mom=0.5026% range=0.7121% up=72.22% rsi=75.55555555555557
[2026-02-28 05:21:15] CHK EMA1m:OK EMA5m:OK RSI:75.55555555 VOL:OK MOM:0.49% RANGE:0.71% UP:72.22% SPREAD:0.65652355% BID:0.9596 ASK:0.9659 STATE:IDLE
[2026-02-28 05:21:16] CHK EMA1m:OK EMA5m:OK RSI:75.55555555 VOL:OK MOM:0.45% RANGE:0.71% UP:68.42% SPREAD:0.69849874% BID:0.9592 ASK:0.9659 STATE:IDLE
[2026-02-28 05:21:17] CHK EMA1m:OK EMA5m:OK RSI:75.55555555 VOL:OK MOM:0.21% RANGE:0.62% UP:61.11% SPREAD:0.5951138% BID:0.9578 ASK:0.9635 STATE:IDLE
[2026-02-28 05:21:18] CHK EMA1m:OK EMA5m:OK RSI:75.55555555 VOL:OK MOM:0.17% RANGE:0.62% UP:61.11% SPREAD:0.58461217% BID:0.9579 ASK:0.9635 STATE:IDLE
[2026-02-28 05:21:19] CHK EMA1m:OK EMA5m:OK RSI:75.55555555 VOL:OK MOM:0.14% RANGE:0.62% UP:61.11% SPREAD:0.50151499% BID:0.9571 ASK:0.9619 STATE:IDLE
[2026-02-28 05:21:20] CHK EMA1m:OK EMA5m:OK RSI:75.55555555 VOL:OK MOM:0.21% RANGE:0.5% UP:61.11% SPREAD:0.63607924% BID:0.959 ASK:0.9651 STATE:IDLE
[2026-02-28 05:21:22] CHK EMA1m:OK EMA5m:OK RSI:75.55555555 VOL:OK MOM:0.21% RANGE:0.5% UP:57.89% SPREAD:0.63607924% BID:0.959 ASK:0.9651 STATE:IDLE
[2026-02-28 05:21:23] CHK EMA1m:OK EMA5m:OK RSI:75.55555555 VOL:OK MOM:0.07% RANGE:0.48% UP:55.55% SPREAD:0.59412132% BID:0.9594 ASK:0.9651 STATE:IDLE
[2026-02-28 05:21:24] CHK EMA1m:OK EMA5m:OK RSI:75.55555555 VOL:OK MOM:0.17% RANGE:0.48% UP:55.55% SPREAD:0.65584009% BID:0.9606 ASK:0.9669 STATE:IDLE
[2026-02-28 05:21:24] DECIDE_HOLD reason=HOLD_SPREAD spread=0.6558% mom=0.1773% range=0.4806% up=55.56% rsi=75.55555555555557
[2026-02-28 05:21:25] CHK EMA1m:OK EMA5m:OK RSI:75.55555555 VOL:OK MOM:0.21% RANGE:0.48% UP:55.55% SPREAD:0.60316139% BID:0.9616 ASK:0.9674 STATE:IDLE
[2026-02-28 05:21:26] CHK EMA1m:OK EMA5m:OK RSI:75.55555555 VOL:OK MOM:0.19% RANGE:0.48% UP:5E+1% SPREAD:0.60316139% BID:0.9616 ASK:0.9674 STATE:IDLE
[2026-02-28 05:21:27] CHK EMA1m:OK EMA5m:OK RSI:75.55555555 VOL:OK MOM:0.08% RANGE:0.48% UP:5E+1% SPREAD:0.59270042% BID:0.9617 ASK:0.9674 STATE:IDLE
[2026-02-28 05:21:28] CHK EMA1m:OK EMA5m:OK RSI:75.55555555 VOL:OK MOM:-0.01% RANGE:0.48% UP:44.44% SPREAD:0.60316139% BID:0.9616 ASK:0.9674 STATE:IDLE
[2026-02-28 05:21:29] CHK EMA1m:OK EMA5m:OK RSI:75.55555555 VOL:OK MOM:0.02% RANGE:0.48% UP:44.44% SPREAD:0.47841913% BID:0.9615 ASK:0.9661 STATE:IDLE
[2026-02-28 05:21:30] CHK EMA1m:OK EMA5m:OK RSI:75.55555555 VOL:OK MOM:-0.12% RANGE:0.48% UP:44.44% SPREAD:0.69835313% BID:0.9594 ASK:0.9661 STATE:IDLE
[2026-02-28 05:21:31] CHK EMA1m:OK EMA5m:OK RSI:75.55555555 VOL:OK MOM:-0.12% RANGE:0.48% UP:44.44% SPREAD:0.65638674% BID:0.9598 ASK:0.9661 STATE:IDLE
[2026-02-28 05:21:33] CHK EMA1m:OK EMA5m:OK RSI:75.55555555 VOL:OK MOM:0.18% RANGE:0.48% UP:44.44% SPREAD:0.66680558% BID:0.9598 ASK:0.9662 STATE:IDLE
[2026-02-28 05:21:34] CHK EMA1m:OK EMA5m:OK RSI:75.55555555 VOL:OK MOM:0.01% RANGE:0.48% UP:44.44% SPREAD:0.65631836% BID:0.9599 ASK:0.9662 STATE:IDLE
[2026-02-28 05:21:35] CHK EMA1m:OK EMA5m:OK RSI:75.55555555 VOL:OK MOM:0.03% RANGE:0.48% UP:44.44% SPREAD:0.79174914% BID:0.9599 ASK:0.9675 STATE:IDLE
[2026-02-28 05:21:35] DECIDE_HOLD reason=HOLD_SPREAD spread=0.7917% mom=0.0313% range=0.4806% up=44.44% rsi=75.55555555555557
[2026-02-28 05:21:36] CHK EMA1m:OK EMA5m:OK RSI:75.55555555 VOL:OK MOM:0.34% RANGE:0.56% UP:5E+1% SPREAD:0.51948051% BID:0.9625 ASK:0.9675 STATE:IDLE
[2026-02-28 05:21:37] CHK EMA1m:OK EMA5m:OK RSI:75.55555555 VOL:OK MOM:0.59% RANGE:0.66% UP:55.55% SPREAD:0.43591074% BID:0.9635 ASK:0.9677 STATE:IDLE
[2026-02-28 05:21:38] CHK EMA1m:OK EMA5m:OK RSI:75.55555555 VOL:OK MOM:0.52% RANGE:0.66% UP:5E+1% SPREAD:0.49849413% BID:0.9629 ASK:0.9677 STATE:IDLE
[2026-02-28 05:21:39] CHK EMA1m:OK EMA5m:OK RSI:75.55555555 VOL:OK MOM:0.36% RANGE:0.46% UP:47.05% SPREAD:0.54025974% BID:0.9625 ASK:0.9677 STATE:IDLE
[2026-02-28 05:21:40] CHK EMA1m:OK EMA5m:OK RSI:75.55555555 VOL:OK MOM:0.67% RANGE:0.67% UP:52.94% SPREAD:0.22786121% BID:0.9655 ASK:0.9677 STATE:IDLE
[2026-02-28 05:21:42] BUY symbol=BARDUSDC qty=9.6 entry=0.9677000000000001 momPct=0.006777893639207572 rangePct=0.006777893639207572 upRatio=0.5294117647058824 profile=major
[2026-02-28 05:21:43] CHK EMA1m:OK EMA5m:OK RSI:75.38461538 VOL:OK MOM:0.5% RANGE:0.63% UP:47.05% SPREAD:0.45633685% BID:0.9642 ASK:0.9686 STATE:IN_POS
[2026-02-28 05:21:44] CHK EMA1m:OK EMA5m:OK RSI:75.35014005 VOL:OK MOM:0.16% RANGE:0.63% UP:41.17% SPREAD:0.66514238% BID:0.9622 ASK:0.9686 STATE:IN_POS
[2026-02-28 05:21:45] CHK EMA1m:OK EMA5m:OK RSI:75.35014005 VOL:OK MOM:0.1% RANGE:0.63% UP:43.75% SPREAD:0.58175773% BID:0.9626 ASK:0.9682 STATE:IN_POS
[2026-02-28 05:21:46] CHK EMA1m:OK EMA5m:OK RSI:75.35014005 VOL:OK MOM:0.11% RANGE:0.63% UP:43.75% SPREAD:0.47777316% BID:0.9628 ASK:0.9674 STATE:IN_POS
[2026-02-28 05:21:47] CHK EMA1m:OK EMA5m:OK RSI:75.35014005 VOL:OK MOM:0.16% RANGE:0.63% UP:5E+1% SPREAD:0.52948504% BID:0.9632 ASK:0.9683 STATE:IN_POS
[2026-02-28 05:21:48] CHK EMA1m:OK EMA5m:OK RSI:75.35014005 VOL:OK MOM:0.11% RANGE:0.63% UP:5E+1% SPREAD:0.59214627% BID:0.9626 ASK:0.9683 STATE:IN_POS
[2026-02-28 05:21:50] CHK EMA1m:OK EMA5m:OK RSI:75.35014005 VOL:OK MOM:0.32% RANGE:0.63% UP:5E+1% SPREAD:0.45714285% BID:0.9625 ASK:0.9669 STATE:IN_POS
[2026-02-28 05:21:51] CHK EMA1m:OK EMA5m:OK RSI:75.35014005 VOL:OK MOM:0.2% RANGE:0.59% UP:43.75% SPREAD:0.45747556% BID:0.9618 ASK:0.9662 STATE:IN_POS
[2026-02-28 05:21:52] CHK EMA1m:OK EMA5m:OK RSI:75.35014005 VOL:OK MOM:0.04% RANGE:0.59% UP:43.75% SPREAD:0.47906686% BID:0.9602 ASK:0.9648 STATE:IN_POS
[2026-02-28 05:21:53] CHK EMA1m:OK EMA5m:OK RSI:75.55555555 VOL:OK MOM:0.01% RANGE:0.58% UP:37.5% SPREAD:0.55208333% BID:0.96 ASK:0.9653 STATE:IN_POS
[2026-02-28 05:21:54] CHK EMA1m:OK EMA5m:OK RSI:75.55555555 VOL:OK MOM:0.02% RANGE:0.58% UP:43.75% SPREAD:0.54161024% BID:0.9601 ASK:0.9653 STATE:IN_POS
[2026-02-28 05:21:55] CHK EMA1m:OK EMA5m:OK RSI:75.55555555 VOL:OK MOM:-0.38% RANGE:0.69% UP:37.5% SPREAD:0.65707133% BID:0.9588 ASK:0.9651 STATE:IN_POS
[2026-02-28 05:21:56] SELL symbol=BARDUSDC qty=9.6 exit=0.9588000000000001 pnl=-0.08544000000000018 reason=STOP profile=major
[2026-02-28 05:22:27] CHK EMA1m:OK EMA5m:OK RSI:89.23327895 VOL:NO MOM:0.31% RANGE:0.36% UP:41.02% SPREAD:0.58260507% BID:0.9612 ASK:0.9668 STATE:IDLE
[2026-02-28 05:22:27] DECIDE_HOLD reason=HOLD_SPREAD spread=0.5826% mom=0.3131% range=0.3653% up=41.03% rsi=89.23327895595439
[2026-02-28 05:22:28] CHK EMA1m:OK EMA5m:OK RSI:89.23327895 VOL:NO MOM:0.31% RANGE:0.36% UP:39.47% SPREAD:0.55139409% BID:0.9612 ASK:0.9665 STATE:IDLE
[2026-02-28 05:22:29] CHK EMA1m:OK EMA5m:OK RSI:89.23327895 VOL:NO MOM:0.38% RANGE:0.38% UP:37.83% SPREAD:0.52954002% BID:0.9631 ASK:0.9682 STATE:IDLE
[2026-02-28 05:22:30] CHK EMA1m:OK EMA5m:OK RSI:89.23327895 VOL:NO MOM:0.32% RANGE:0.38% UP:38.88% SPREAD:0.5090909% BID:0.9625 ASK:0.9674 STATE:IDLE
[2026-02-28 05:22:31] CHK EMA1m:OK EMA5m:OK RSI:89.23327895 VOL:NO MOM:0.22% RANGE:0.38% UP:4E+1% SPREAD:0.50956738% BID:0.9616 ASK:0.9665 STATE:IDLE
[2026-02-28 05:22:32] CHK EMA1m:OK EMA5m:OK RSI:89.23327895 VOL:NO MOM:0.22% RANGE:0.38% UP:41.17% SPREAD:0.50956738% BID:0.9616 ASK:0.9665 STATE:IDLE
[2026-02-28 05:22:33] CHK EMA1m:OK EMA5m:OK RSI:84.02457757 VOL:OK MOM:0.16% RANGE:0.34% UP:40.62% SPREAD:0.50967339% BID:0.9614 ASK:0.9663 STATE:IDLE
[2026-02-28 05:22:34] CHK EMA1m:OK EMA5m:OK RSI:84.02457757 VOL:OK MOM:0.09% RANGE:0.27% UP:38.7% SPREAD:0.47831964% BID:0.9617 ASK:0.9663 STATE:IDLE
[2026-02-28 05:22:35] CHK EMA1m:OK EMA5m:OK RSI:84.02457757 VOL:OK MOM:0.03% RANGE:0.27% UP:36.66% SPREAD:0.457428% BID:0.9619 ASK:0.9663 STATE:IDLE
[2026-02-28 05:22:36] CHK EMA1m:OK EMA5m:OK RSI:84.02457757 VOL:OK MOM:0.09% RANGE:0.27% UP:37.93% SPREAD:0.44698544% BID:0.962 ASK:0.9663 STATE:IDLE
[2026-02-28 05:22:37] CHK EMA1m:OK EMA5m:OK RSI:84.02457757 VOL:OK MOM:0.06% RANGE:0.27% UP:35.71% SPREAD:0.42610683% BID:0.9622 ASK:0.9663 STATE:IDLE
[2026-02-28 05:22:37] DECIDE_HOLD reason=HOLD_SPREAD spread=0.4261% mom=0.0624% range=0.2707% up=35.71% rsi=84.02457757296483
[2026-02-28 05:22:38] CHK EMA1m:OK EMA5m:OK RSI:84.02457757 VOL:OK MOM:0.08% RANGE:0.27% UP:38.46% SPREAD:0.44698544% BID:0.962 ASK:0.9663 STATE:IDLE
[2026-02-28 05:22:39] CHK EMA1m:OK EMA5m:OK RSI:84.02457757 VOL:OK MOM:0.01% RANGE:0.27% UP:32% SPREAD:0.48876871% BID:0.9616 ASK:0.9663 STATE:IDLE
[2026-02-28 05:22:40] CHK EMA1m:OK EMA5m:OK RSI:84.02457757 VOL:OK MOM:-0.01% RANGE:0.27% UP:32% SPREAD:0.4680674% BID:0.9614 ASK:0.9659 STATE:IDLE
[2026-02-28 05:22:41] CHK EMA1m:OK EMA5m:OK RSI:84.02457757 VOL:OK MOM:-0.01% RANGE:0.27% UP:33.33% SPREAD:0.48887039% BID:0.9614 ASK:0.9661 STATE:IDLE
[2026-02-28 05:22:44] CHK EMA1m:OK EMA5m:OK RSI:84.02457757 VOL:OK MOM:0% RANGE:0.27% UP:39.13% SPREAD:0.47841913% BID:0.9615 ASK:0.9661 STATE:IDLE
[2026-02-28 05:22:44] CHK EMA1m:OK EMA5m:OK RSI:84.02457757 VOL:OK MOM:0.08% RANGE:0.26% UP:42.1% SPREAD:0.48887039% BID:0.9614 ASK:0.9661 STATE:IDLE
[2026-02-28 05:22:46] CHK EMA1m:OK EMA5m:OK RSI:84.02457757 VOL:OK MOM:-0.01% RANGE:0.19% UP:38.88% SPREAD:0.47841913% BID:0.9615 ASK:0.9661 STATE:IDLE
[2026-02-28 05:22:47] CHK EMA1m:OK EMA5m:OK RSI:84.02457757 VOL:OK MOM:0.02% RANGE:0.19% UP:41.17% SPREAD:0.48887039% BID:0.9614 ASK:0.9661 STATE:IDLE
[2026-02-28 05:22:49] CHK EMA1m:OK EMA5m:OK RSI:84.02457757 VOL:OK MOM:-0.17% RANGE:0.17% UP:35.29% SPREAD:0.48887039% BID:0.9614 ASK:0.9661 STATE:IDLE
[2026-02-28 05:22:49] DECIDE_HOLD reason=HOLD_SPREAD spread=0.4889% mom=-0.1765% range=0.1768% up=35.29% rsi=84.02457757296483
[2026-02-28 05:22:50] CHK EMA1m:OK EMA5m:OK RSI:84.02457757 VOL:OK MOM:0.13% RANGE:0.15% UP:43.75% SPREAD:0.5504206% BID:0.9629 ASK:0.9682 STATE:IDLE
[2026-02-28 05:22:51] CHK EMA1m:OK EMA5m:OK RSI:84.02457757 VOL:OK MOM:0.13% RANGE:0.15% UP:43.75% SPREAD:0.5504206% BID:0.9629 ASK:0.9682 STATE:IDLE
[2026-02-28 05:22:52] CHK EMA1m:OK EMA5m:OK RSI:84.02457757 VOL:OK MOM:0.15% RANGE:0.15% UP:43.75% SPREAD:0.5504206% BID:0.9629 ASK:0.9682 STATE:IDLE
[2026-02-28 05:22:53] CHK EMA1m:OK EMA5m:OK RSI:84.02457757 VOL:OK MOM:0.15% RANGE:0.15% UP:41.17% SPREAD:0.5504206% BID:0.9629 ASK:0.9682 STATE:IDLE
[2026-02-28 05:22:54] CHK EMA1m:OK EMA5m:OK RSI:84.02457757 VOL:OK MOM:0.1% RANGE:0.15% UP:35.29% SPREAD:0.57130985% BID:0.9627 ASK:0.9682 STATE:IDLE
[2026-02-28 05:22:55] CHK EMA1m:OK EMA5m:OK RSI:84.02457757 VOL:OK MOM:0.07% RANGE:0.15% UP:25% SPREAD:0.57130985% BID:0.9627 ASK:0.9682 STATE:IDLE
[2026-02-28 05:22:56] CHK EMA1m:OK EMA5m:OK RSI:84.02457757 VOL:OK MOM:0.05% RANGE:0.15% UP:18.75% SPREAD:0.57130985% BID:0.9627 ASK:0.9682 STATE:IDLE
[2026-02-28 05:22:57] CHK EMA1m:OK EMA5m:OK RSI:84.02457757 VOL:OK MOM:0.07% RANGE:0.15% UP:18.75% SPREAD:0.57130985% BID:0.9627 ASK:0.9682 STATE:IDLE
[2026-02-28 05:22:58] CHK EMA1m:OK EMA5m:OK RSI:84.02457757 VOL:OK MOM:0.07% RANGE:0.15% UP:17.64% SPREAD:0.57130985% BID:0.9627 ASK:0.9682 STATE:IDLE
[2026-02-28 05:22:59] CHK EMA1m:OK EMA5m:OK RSI:84.02457757 VOL:OK MOM:0.03% RANGE:0.15% UP:17.64% SPREAD:0.53020064% BID:0.9619 ASK:0.967 STATE:IDLE
[2026-02-28 05:22:59] DECIDE_HOLD reason=HOLD_SPREAD spread=0.5302% mom=0.0312% range=0.1560% up=17.65% rsi=84.02457757296483
[2026-02-28 05:23:00] CHK EMA1m:OK EMA5m:OK RSI:84.02457757 VOL:OK MOM:0.15% RANGE:0.15% UP:25% SPREAD:0.44656766% BID:0.9629 ASK:0.9672 STATE:IDLE
[2026-02-28 05:23:01] CHK EMA1m:OK EMA5m:OK RSI:82.75290215 VOL:NO MOM:0.06% RANGE:0.15% UP:18.75% SPREAD:0.53009042% BID:0.9621 ASK:0.9672 STATE:IDLE
[2026-02-28 05:23:02] CHK EMA1m:OK EMA5m:OK RSI:82.75290215 VOL:NO MOM:0.13% RANGE:0.15% UP:25% SPREAD:0.57130985% BID:0.9627 ASK:0.9682 STATE:IDLE
[2026-02-28 05:23:03] CHK EMA1m:OK EMA5m:OK RSI:82.75290215 VOL:NO MOM:0.28% RANGE:0.28% UP:29.41% SPREAD:0.45638419% BID:0.9641 ASK:0.9685 STATE:IDLE
[2026-02-28 05:23:05] CHK EMA1m:OK EMA5m:OK RSI:82.75290215 VOL:NO MOM:0.47% RANGE:0.47% UP:33.33% SPREAD:0.2795031% BID:0.966 ASK:0.9687 STATE:IDLE
[2026-02-28 05:23:05] BUY symbol=BARDUSDC qty=9.5 entry=0.9686 momPct=0.004784688995215246 rangePct=0.004784688995215246 upRatio=0.3333333333333333 profile=major
[2026-02-28 05:23:06] CHK EMA1m:OK EMA5m:OK RSI:84.61538461 VOL:OK MOM:0.39% RANGE:0.47% UP:29.41% SPREAD:0.35225859% BID:0.9652 ASK:0.9686 STATE:IN_POS
[2026-02-28 05:23:07] CHK EMA1m:OK EMA5m:OK RSI:84.61538461 VOL:OK MOM:0.39% RANGE:0.47% UP:27.77% SPREAD:0.35225859% BID:0.9652 ASK:0.9686 STATE:IN_POS
[2026-02-28 05:23:08] CHK EMA1m:OK EMA5m:OK RSI:84.61538461 VOL:OK MOM:0.28% RANGE:0.47% UP:27.77% SPREAD:0.46675656% BID:0.9641 ASK:0.9686 STATE:IN_POS
[2026-02-28 05:23:09] CHK EMA1m:OK EMA5m:OK RSI:84.61538461 VOL:OK MOM:0.16% RANGE:0.42% UP:27.77% SPREAD:0.42509072% BID:0.9645 ASK:0.9686 STATE:IN_POS
[2026-02-28 05:23:10] CHK EMA1m:OK EMA5m:OK RSI:84.61538461 VOL:OK MOM:0.33% RANGE:0.43% UP:31.57% SPREAD:0.26912327% BID:0.9661 ASK:0.9687 STATE:IN_POS
[2026-02-28 05:23:11] CHK EMA1m:OK EMA5m:OK RSI:84.61538461 VOL:OK MOM:0.33% RANGE:0.43% UP:33.33% SPREAD:0.26912327% BID:0.9661 ASK:0.9687 STATE:IN_POS
[2026-02-28 05:23:12] CHK EMA1m:OK EMA5m:OK RSI:84.61538461 VOL:OK MOM:0.33% RANGE:0.43% UP:33.33% SPREAD:0.26912327% BID:0.9661 ASK:0.9687 STATE:IN_POS
[2026-02-28 05:23:14] CHK EMA1m:OK EMA5m:OK RSI:84.61538461 VOL:OK MOM:0.45% RANGE:0.54% UP:41.17% SPREAD:0.29986557% BID:0.9671 ASK:0.97 STATE:IN_POS
[2026-02-28 05:23:15] CHK EMA1m:OK EMA5m:OK RSI:85.05747126 VOL:OK MOM:0.83% RANGE:0.91% UP:44.44% SPREAD:0.50479035% BID:0.9707 ASK:0.9756 STATE:IN_POS
[2026-02-28 05:23:16] CHK EMA1m:OK EMA5m:OK RSI:85.05747126 VOL:OK MOM:0.83% RANGE:0.91% UP:47.05% SPREAD:0.50479035% BID:0.9707 ASK:0.9756 STATE:IN_POS
[2026-02-28 05:23:17] CHK EMA1m:OK EMA5m:OK RSI:85.10028653 VOL:OK MOM:0.85% RANGE:0.93% UP:52.94% SPREAD:0.42228859% BID:0.9709 ASK:0.975 STATE:IN_POS
[2026-02-28 05:23:18] CHK EMA1m:OK EMA5m:OK RSI:85.10028653 VOL:OK MOM:0.94% RANGE:0.94% UP:58.82% SPREAD:0.57672502% BID:0.971 ASK:0.9766 STATE:IN_POS
[2026-02-28 05:23:19] CHK EMA1m:OK EMA5m:OK RSI:85.10028653 VOL:OK MOM:0.83% RANGE:0.92% UP:52.94% SPREAD:0.53558553% BID:0.9709 ASK:0.9761 STATE:IN_POS
[2026-02-28 05:23:21] CHK EMA1m:OK EMA5m:OK RSI:85.10028653 VOL:OK MOM:0.93% RANGE:1.01% UP:55.55% SPREAD:0.48358884% BID:0.9719 ASK:0.9766 STATE:IN_POS
[2026-02-28 05:23:22] CHK EMA1m:OK EMA5m:OK RSI:85.10028653 VOL:OK MOM:0.95% RANGE:0.95% UP:52.94% SPREAD:0.48358884% BID:0.9719 ASK:0.9766 STATE:IN_POS
[2026-02-28 05:23:23] CHK EMA1m:OK EMA5m:OK RSI:85.10028653 VOL:OK MOM:0.82% RANGE:0.82% UP:52.94% SPREAD:0.46291533% BID:0.9721 ASK:0.9766 STATE:IN_POS
[2026-02-28 05:23:24] CHK EMA1m:OK EMA5m:OK RSI:85.10028653 VOL:OK MOM:0.67% RANGE:0.87% UP:52.94% SPREAD:0.42159383% BID:0.9725 ASK:0.9766 STATE:IN_POS
[2026-02-28 05:23:25] CHK EMA1m:OK EMA5m:OK RSI:85.10028653 VOL:OK MOM:0.67% RANGE:0.87% UP:52.94% SPREAD:0.49397962% BID:0.9717 ASK:0.9765 STATE:IN_POS
[2026-02-28 05:23:26] CHK EMA1m:OK EMA5m:OK RSI:85.10028653 VOL:OK MOM:0.59% RANGE:0.87% UP:5E+1% SPREAD:0.50468637% BID:0.9709 ASK:0.9758 STATE:IN_POS
[2026-02-28 05:23:27] CHK EMA1m:OK EMA5m:OK RSI:85.10028653 VOL:OK MOM:0.77% RANGE:0.87% UP:58.82% SPREAD:0.43227665% BID:0.9716 ASK:0.9758 STATE:IN_POS
[2026-02-28 05:23:28] CHK EMA1m:OK EMA5m:OK RSI:85.10028653 VOL:OK MOM:0.76% RANGE:0.82% UP:58.82% SPREAD:0.43214322% BID:0.9719 ASK:0.9761 STATE:IN_POS
[2026-02-28 05:23:29] CHK EMA1m:OK EMA5m:OK RSI:85.10028653 VOL:OK MOM:0.63% RANGE:0.66% UP:58.82% SPREAD:0.40115202% BID:0.9722 ASK:0.9761 STATE:IN_POS
[2026-02-28 05:23:30] CHK EMA1m:OK EMA5m:OK RSI:85.10028653 VOL:OK MOM:0.64% RANGE:0.66% UP:64.7% SPREAD:0.43196544% BID:0.9723 ASK:0.9765 STATE:IN_POS
[2026-02-28 05:23:31] CHK EMA1m:OK EMA5m:OK RSI:85.10028653 VOL:OK MOM:0.68% RANGE:0.68% UP:66.66% SPREAD:0.39066515% BID:0.9727 ASK:0.9765 STATE:IN_POS
[2026-02-28 05:23:32] CHK EMA1m:OK EMA5m:OK RSI:85.10028653 VOL:OK MOM:0.74% RANGE:0.74% UP:70.58% SPREAD:0.49266139% BID:0.9743 ASK:0.9791 STATE:IN_POS
[2026-02-28 05:23:33] CHK EMA1m:OK EMA5m:OK RSI:86.22516556 VOL:OK MOM:0.66% RANGE:0.74% UP:66.66% SPREAD:0.51361068% BID:0.9735 ASK:0.9785 STATE:IN_POS
[2026-02-28 05:23:34] CHK EMA1m:OK EMA5m:OK RSI:86.22516556 VOL:OK MOM:0.26% RANGE:0.37% UP:61.11% SPREAD:0.48289324% BID:0.9733 ASK:0.978 STATE:IN_POS
[2026-02-28 05:23:35] CHK EMA1m:OK EMA5m:OK RSI:86.22516556 VOL:OK MOM:0.35% RANGE:0.37% UP:66.66% SPREAD:0.58515552% BID:0.9741 ASK:0.9798 STATE:IN_POS
[2026-02-28 05:23:37] CHK EMA1m:OK EMA5m:OK RSI:86.22516556 VOL:OK MOM:0.39% RANGE:0.39% UP:68.42% SPREAD:0.43099025% BID:0.9745 ASK:0.9787 STATE:IN_POS
[2026-02-28 05:23:38] CHK EMA1m:OK EMA5m:OK RSI:86.22516556 VOL:OK MOM:0.51% RANGE:0.52% UP:66.66% SPREAD:0.40983606% BID:0.976 ASK:0.98 STATE:IN_POS
[2026-02-28 05:23:39] CHK EMA1m:OK EMA5m:OK RSI:86.22516556 VOL:OK MOM:0.52% RANGE:0.52% UP:66.66% SPREAD:0.39959016% BID:0.976 ASK:0.9799 STATE:IN_POS
[2026-02-28 05:23:40] CHK EMA1m:OK EMA5m:OK RSI:86.22516556 VOL:OK MOM:0.42% RANGE:0.52% UP:61.11% SPREAD:0.39959016% BID:0.976 ASK:0.9799 STATE:IN_POS
[2026-02-28 05:23:41] CHK EMA1m:OK EMA5m:OK RSI:86.22516556 VOL:OK MOM:0.42% RANGE:0.52% UP:61.11% SPREAD:0.39959016% BID:0.976 ASK:0.9799 STATE:IN_POS
[2026-02-28 05:23:42] CHK EMA1m:OK EMA5m:OK RSI:86.22516556 VOL:OK MOM:0.42% RANGE:0.52% UP:57.89% SPREAD:0.39959016% BID:0.976 ASK:0.9799 STATE:IN_POS
[2026-02-28 05:23:43] CHK EMA1m:OK EMA5m:OK RSI:86.22516556 VOL:OK MOM:0.35% RANGE:0.52% UP:5E+1% SPREAD:0.35860655% BID:0.976 ASK:0.9795 STATE:IN_POS
[2026-02-28 05:23:45] CHK EMA1m:OK EMA5m:OK RSI:86.22516556 VOL:OK MOM:0.49% RANGE:0.57% UP:55.55% SPREAD:0.30721966% BID:0.9765 ASK:0.9795 STATE:IN_POS
[2026-02-28 05:23:46] CHK EMA1m:OK EMA5m:OK RSI:86.22516556 VOL:OK MOM:0.39% RANGE:0.5% UP:52.94% SPREAD:0.12302645% BID:0.9754 ASK:0.9766 STATE:IN_POS
[2026-02-28 05:23:47] CHK EMA1m:OK EMA5m:OK RSI:86.22516556 VOL:OK MOM:0.31% RANGE:0.5% UP:5E+1% SPREAD:0.19493177% BID:0.9747 ASK:0.9766 STATE:IN_POS
[2026-02-28 05:23:48] CHK EMA1m:OK EMA5m:OK RSI:86.22516556 VOL:OK MOM:0.25% RANGE:0.44% UP:41.17% SPREAD:0.19493177% BID:0.9747 ASK:0.9766 STATE:IN_POS
[2026-02-28 05:23:49] CHK EMA1m:OK EMA5m:OK RSI:86.22516556 VOL:OK MOM:0.25% RANGE:0.43% UP:41.17% SPREAD:0.18465326% BID:0.9748 ASK:0.9766 STATE:IN_POS
[2026-02-28 05:23:50] CHK EMA1m:OK EMA5m:OK RSI:86.24338624 VOL:OK MOM:0.22% RANGE:0.39% UP:41.17% SPREAD:0.17437685% BID:0.9749 ASK:0.9766 STATE:IN_POS
[2026-02-28 05:23:52] CHK EMA1m:OK EMA5m:OK RSI:86.83544303 VOL:OK MOM:0.41% RANGE:0.51% UP:41.17% SPREAD:0.52131248% BID:0.9783 ASK:0.9834 STATE:IN_POS
[2026-02-28 05:23:53] CHK EMA1m:OK EMA5m:OK RSI:86.83544303 VOL:OK MOM:0.39% RANGE:0.51% UP:41.17% SPREAD:0.4092909% BID:0.9773 ASK:0.9813 STATE:IN_POS
[2026-02-28 05:23:54] CHK EMA1m:OK EMA5m:OK RSI:86.83544303 VOL:OK MOM:0.32% RANGE:0.43% UP:37.5% SPREAD:0.34789726% BID:0.9773 ASK:0.9807 STATE:IN_POS
[2026-02-28 05:23:55] CHK EMA1m:OK EMA5m:OK RSI:86.83544303 VOL:OK MOM:0.28% RANGE:0.38% UP:31.25% SPREAD:0.34789726% BID:0.9773 ASK:0.9807 STATE:IN_POS
[2026-02-28 05:23:56] CHK EMA1m:OK EMA5m:OK RSI:86.83544303 VOL:OK MOM:0.13% RANGE:0.36% UP:25% SPREAD:0.33766499% BID:0.9773 ASK:0.9806 STATE:IN_POS
[2026-02-28 05:23:57] CHK EMA1m:OK EMA5m:OK RSI:86.83544303 VOL:OK MOM:-0.01% RANGE:0.36% UP:23.52% SPREAD:0.48160672% BID:0.9759 ASK:0.9806 STATE:IN_POS
[2026-02-28 05:23:59] CHK EMA1m:OK EMA5m:OK RSI:86.83544303 VOL:OK MOM:0.15% RANGE:0.36% UP:29.41% SPREAD:0.48081841% BID:0.9775 ASK:0.9822 STATE:IN_POS
[2026-02-28 05:24:00] CHK EMA1m:OK EMA5m:OK RSI:86.83544303 VOL:OK MOM:0.29% RANGE:0.43% UP:37.5% SPREAD:0.39840637% BID:0.9789 ASK:0.9828 STATE:IN_POS
[2026-02-28 05:24:01] CHK EMA1m:OK EMA5m:OK RSI:85.96491228 VOL:OK MOM:0.24% RANGE:0.43% UP:37.5% SPREAD:0.44971381% BID:0.9784 ASK:0.9828 STATE:IN_POS
[2026-02-28 05:24:02] CHK EMA1m:OK EMA5m:OK RSI:85.96491228 VOL:OK MOM:0.31% RANGE:0.45% UP:43.75% SPREAD:0.54131345% BID:0.9791 ASK:0.9844 STATE:IN_POS
[2026-02-28 05:24:03] CHK EMA1m:OK EMA5m:OK RSI:85.96491228 VOL:OK MOM:0.27% RANGE:0.46% UP:43.75% SPREAD:0.53104575% BID:0.9792 ASK:0.9844 STATE:IN_POS
[2026-02-28 05:24:05] CHK EMA1m:OK EMA5m:OK RSI:85.96491228 VOL:OK MOM:0.25% RANGE:0.46% UP:41.17% SPREAD:0.40858018% BID:0.979 ASK:0.983 STATE:IN_POS
[2026-02-28 05:24:06] CHK EMA1m:OK EMA5m:OK RSI:85.96491228 VOL:OK MOM:0.28% RANGE:0.46% UP:43.75% SPREAD:0.55242966% BID:0.9775 ASK:0.9829 STATE:IN_POS
[2026-02-28 05:24:07] CHK EMA1m:OK EMA5m:OK RSI:85.96491228 VOL:OK MOM:0.31% RANGE:0.46% UP:5E+1% SPREAD:0.52157905% BID:0.9778 ASK:0.9829 STATE:IN_POS
[2026-02-28 05:24:08] CHK EMA1m:OK EMA5m:OK RSI:85.96491228 VOL:OK MOM:0.25% RANGE:0.46% UP:47.05% SPREAD:0.50143266% BID:0.9772 ASK:0.9821 STATE:IN_POS
[2026-02-28 05:24:09] CHK EMA1m:OK EMA5m:OK RSI:85.96491228 VOL:OK MOM:0.21% RANGE:0.45% UP:41.17% SPREAD:0.48111372% BID:0.9769 ASK:0.9816 STATE:IN_POS
[2026-02-28 05:24:11] CHK EMA1m:OK EMA5m:OK RSI:85.96491228 VOL:OK MOM:-0.51% RANGE:0.6% UP:31.25% SPREAD:0.55481352% BID:0.9733 ASK:0.9787 STATE:IN_POS
[2026-02-28 05:24:12] CHK EMA1m:OK EMA5m:OK RSI:85.96491228 VOL:OK MOM:-0.4% RANGE:0.6% UP:31.25% SPREAD:0.53426487% BID:0.9733 ASK:0.9785 STATE:IN_POS
[2026-02-28 05:24:13] CHK EMA1m:OK EMA5m:OK RSI:85.96491228 VOL:OK MOM:-0.39% RANGE:0.6% UP:37.5% SPREAD:0.52393671% BID:0.9734 ASK:0.9785 STATE:IN_POS
[2026-02-28 05:24:14] CHK EMA1m:OK EMA5m:OK RSI:85.96491228 VOL:OK MOM:-0.39% RANGE:0.6% UP:35.29% SPREAD:0.52393671% BID:0.9734 ASK:0.9785 STATE:IN_POS
[2026-02-28 05:24:15] CHK EMA1m:OK EMA5m:OK RSI:85.96491228 VOL:OK MOM:-0.35% RANGE:0.6% UP:41.17% SPREAD:0.4826453% BID:0.9738 ASK:0.9785 STATE:IN_POS
[2026-02-28 05:24:16] CHK EMA1m:OK EMA5m:OK RSI:85.96491228 VOL:OK MOM:-0.37% RANGE:0.6% UP:41.17% SPREAD:0.50328677% BID:0.9736 ASK:0.9785 STATE:IN_POS
[2026-02-28 05:24:17] CHK EMA1m:OK EMA5m:OK RSI:85.96491228 VOL:OK MOM:-0.24% RANGE:0.6% UP:41.17% SPREAD:0.49306625% BID:0.9735 ASK:0.9783 STATE:IN_POS
[2026-02-28 05:24:18] CHK EMA1m:OK EMA5m:OK RSI:85.96491228 VOL:OK MOM:-0.5% RANGE:0.67% UP:35.29% SPREAD:0.60662142% BID:0.9726 ASK:0.9785 STATE:IN_POS
[2026-02-28 05:24:19] CHK EMA1m:OK EMA5m:OK RSI:85.96491228 VOL:OK MOM:-0.48% RANGE:0.67% UP:35.29% SPREAD:0.49271196% BID:0.9742 ASK:0.979 STATE:IN_POS
[2026-02-28 05:24:20] CHK EMA1m:OK EMA5m:OK RSI:85.96491228 VOL:OK MOM:-0.48% RANGE:0.67% UP:33.33% SPREAD:0.49271196% BID:0.9742 ASK:0.979 STATE:IN_POS
[2026-02-28 05:24:21] CHK EMA1m:OK EMA5m:OK RSI:85.96491228 VOL:OK MOM:-0.49% RANGE:0.67% UP:33.33% SPREAD:0.55464256% BID:0.9736 ASK:0.979 STATE:IN_POS
[2026-02-28 05:24:22] CHK EMA1m:OK EMA5m:OK RSI:85.96491228 VOL:OK MOM:-0.86% RANGE:0.87% UP:23.52% SPREAD:0.50479035% BID:0.9707 ASK:0.9756 STATE:IN_POS
[2026-02-28 05:24:23] CHK EMA1m:OK EMA5m:OK RSI:85.96491228 VOL:OK MOM:-0.81% RANGE:0.85% UP:29.41% SPREAD:0.47373841% BID:0.971 ASK:0.9756 STATE:IN_POS
[2026-02-28 05:24:24] CHK EMA1m:OK EMA5m:OK RSI:85.96491228 VOL:OK MOM:-0.48% RANGE:0.73% UP:35.29% SPREAD:0.37006578% BID:0.9728 ASK:0.9764 STATE:IN_POS
[2026-02-28 05:24:25] CHK EMA1m:OK EMA5m:OK RSI:85.96491228 VOL:OK MOM:-0.51% RANGE:0.73% UP:33.33% SPREAD:0.40102827% BID:0.9725 ASK:0.9764 STATE:IN_POS
[2026-02-28 05:24:27] CHK EMA1m:OK EMA5m:OK RSI:85.96491228 VOL:OK MOM:-0.54% RANGE:0.73% UP:27.77% SPREAD:0.40102827% BID:0.9725 ASK:0.9764 STATE:IN_POS
[2026-02-28 05:24:28] CHK EMA1m:OK EMA5m:OK RSI:85.96491228 VOL:OK MOM:-0.47% RANGE:0.66% UP:33.33% SPREAD:0.39070532% BID:0.9726 ASK:0.9764 STATE:IN_POS
[2026-02-28 05:24:29] CHK EMA1m:OK EMA5m:OK RSI:85.96491228 VOL:OK MOM:-0.42% RANGE:0.63% UP:38.88% SPREAD:0.54487508% BID:0.9727 ASK:0.978 STATE:IN_POS
[2026-02-28 05:24:30] CHK EMA1m:OK EMA5m:OK RSI:85.96491228 VOL:OK MOM:0.06% RANGE:0.36% UP:44.44% SPREAD:0.61607967% BID:0.9739 ASK:0.9799 STATE:IN_POS
[2026-02-28 05:24:30] CHK EMA1m:OK EMA5m:OK RSI:83.35358444 VOL:OK MOM:0.33% RANGE:0.6% UP:5E+1% SPREAD:0.33790702% BID:0.9766 ASK:0.9799 STATE:IN_POS
[2026-02-28 05:24:32] CHK EMA1m:OK EMA5m:OK RSI:83.35358444 VOL:OK MOM:0.33% RANGE:0.6% UP:47.36% SPREAD:0.33790702% BID:0.9766 ASK:0.9799 STATE:IN_POS
[2026-02-28 05:24:33] CHK EMA1m:OK EMA5m:OK RSI:83.35358444 VOL:OK MOM:0.32% RANGE:0.6% UP:44.44% SPREAD:0.33790702% BID:0.9766 ASK:0.9799 STATE:IN_POS
[2026-02-28 05:24:34] CHK EMA1m:OK EMA5m:OK RSI:83.35358444 VOL:OK MOM:0.33% RANGE:0.65% UP:44.44% SPREAD:0.55265581% BID:0.9771 ASK:0.9825 STATE:IN_POS
[2026-02-28 05:24:35] CHK EMA1m:OK EMA5m:OK RSI:83.35358444 VOL:OK MOM:0.35% RANGE:0.65% UP:44.44% SPREAD:0.53218708% BID:0.9771 ASK:0.9823 STATE:IN_POS
[2026-02-28 05:24:36] CHK EMA1m:OK EMA5m:OK RSI:83.35358444 VOL:OK MOM:0.39% RANGE:0.67% UP:5E+1% SPREAD:0.53207817% BID:0.9773 ASK:0.9825 STATE:IN_POS
[2026-02-28 05:24:37] CHK EMA1m:OK EMA5m:OK RSI:83.35358444 VOL:OK MOM:0.67% RANGE:0.96% UP:52.63% SPREAD:0.67340067% BID:0.9801 ASK:0.9867 STATE:IN_POS
[2026-02-28 05:24:38] CHK EMA1m:OK EMA5m:OK RSI:83.35358444 VOL:OK MOM:0.68% RANGE:1.05% UP:55.55% SPREAD:0.50973595% BID:0.9809 ASK:0.9859 STATE:IN_POS
[2026-02-28 05:24:39] CHK EMA1m:OK EMA5m:OK RSI:83.35358444 VOL:OK MOM:0.55% RANGE:1.05% UP:55.55% SPREAD:0.5716619% BID:0.9796 ASK:0.9852 STATE:IN_POS
[2026-02-28 05:24:40] CHK EMA1m:OK EMA5m:OK RSI:83.35358444 VOL:OK MOM:0.61% RANGE:1.05% UP:55.55% SPREAD:0.59207839% BID:0.9796 ASK:0.9854 STATE:IN_POS
[2026-02-28 05:24:41] CHK EMA1m:OK EMA5m:OK RSI:83.35358444 VOL:OK MOM:0.69% RANGE:1.05% UP:55.55% SPREAD:0.59341109% BID:0.9774 ASK:0.9832 STATE:IN_POS
[2026-02-28 05:24:43] CHK EMA1m:OK EMA5m:OK RSI:83.35358444 VOL:OK MOM:0.59% RANGE:1.05% UP:52.63% SPREAD:0.68612391% BID:0.9765 ASK:0.9832 STATE:IN_POS
[2026-02-28 05:24:43] CHK EMA1m:OK EMA5m:OK RSI:83.35358444 VOL:OK MOM:0.38% RANGE:0.86% UP:44.44% SPREAD:0.65540194% BID:0.9765 ASK:0.9829 STATE:IN_POS
[2026-02-28 05:24:45] CHK EMA1m:OK EMA5m:OK RSI:83.35358444 VOL:OK MOM:0.43% RANGE:0.86% UP:5E+1% SPREAD:0.51192792% BID:0.9767 ASK:0.9817 STATE:IN_POS
[2026-02-28 05:24:47] CHK EMA1m:OK EMA5m:OK RSI:83.35358444 VOL:OK MOM:0.33% RANGE:0.85% UP:47.05% SPREAD:0.50210062% BID:0.9759 ASK:0.9808 STATE:IN_POS
[2026-02-28 05:24:49] CHK EMA1m:OK EMA5m:OK RSI:83.35358444 VOL:OK MOM:0.28% RANGE:0.84% UP:41.17% SPREAD:0.5023065% BID:0.9755 ASK:0.9804 STATE:IN_POS
[2026-02-28 05:24:50] CHK EMA1m:OK EMA5m:OK RSI:83.35358444 VOL:OK MOM:-0.21% RANGE:0.65% UP:31.25% SPREAD:0.50282195% BID:0.9745 ASK:0.9794 STATE:IN_POS
[2026-02-28 05:24:50] SELL symbol=BARDUSDC qty=9.5 exit=0.9744999999999999 pnl=0.0560499999999991 reason=TRAIL profile=major
[2026-02-28 05:25:02] CHK EMA1m:OK EMA5m:OK RSI:81.66666666 VOL:NO MOM:0.26% RANGE:0.62% UP:29.62% SPREAD:0.54081632% BID:0.98 ASK:0.9853 STATE:IDLE
[2026-02-28 05:25:02] DECIDE_HOLD reason=HOLD_SPREAD spread=0.5408% mom=0.2660% range=0.6260% up=29.63% rsi=81.66666666666677
[2026-02-28 05:25:03] CHK EMA1m:OK EMA5m:OK RSI:81.66666666 VOL:NO MOM:0.43% RANGE:0.63% UP:34.61% SPREAD:0.49964311% BID:0.9807 ASK:0.9856 STATE:IDLE
[2026-02-28 05:25:04] CHK EMA1m:OK EMA5m:OK RSI:81.66666666 VOL:NO MOM:0.5% RANGE:0.72% UP:34.61% SPREAD:0.41768541% BID:0.9816 ASK:0.9857 STATE:IDLE
[2026-02-28 05:25:05] CHK EMA1m:OK EMA5m:OK RSI:81.66666666 VOL:NO MOM:0.58% RANGE:0.72% UP:34.61% SPREAD:0.4380603% BID:0.9816 ASK:0.9859 STATE:IDLE
[2026-02-28 05:25:06] CHK EMA1m:OK EMA5m:OK RSI:81.66666666 VOL:NO MOM:0.63% RANGE:0.77% UP:37.03% SPREAD:0.60075348% BID:0.9821 ASK:0.988 STATE:IDLE
[2026-02-28 05:25:07] CHK EMA1m:OK EMA5m:OK RSI:81.66666666 VOL:NO MOM:0.72% RANGE:0.83% UP:40.74% SPREAD:0.52920822% BID:0.9826 ASK:0.9878 STATE:IDLE
[2026-02-28 05:25:08] CHK EMA1m:OK EMA5m:OK RSI:81.66666666 VOL:NO MOM:0.58% RANGE:0.83% UP:40.74% SPREAD:0.59171597% BID:0.9802 ASK:0.986 STATE:IDLE
[2026-02-28 05:25:09] CHK EMA1m:OK EMA5m:OK RSI:81.66666666 VOL:NO MOM:0.54% RANGE:0.83% UP:39.28% SPREAD:0.54092671% BID:0.9798 ASK:0.9851 STATE:IDLE
[2026-02-28 05:25:10] CHK EMA1m:OK EMA5m:OK RSI:81.66666666 VOL:NO MOM:0.5% RANGE:0.83% UP:39.28% SPREAD:0.49009597% BID:0.9794 ASK:0.9842 STATE:IDLE
[2026-02-28 05:25:12] CHK EMA1m:OK EMA5m:OK RSI:81.66666666 VOL:NO MOM:0.43% RANGE:0.82% UP:37.03% SPREAD:0.51082958% BID:0.9788 ASK:0.9838 STATE:IDLE
[2026-02-28 05:25:12] DECIDE_HOLD reason=HOLD_SPREAD spread=0.5108% mom=0.4309% range=0.8208% up=37.04% rsi=81.66666666666677
[2026-02-28 05:25:13] CHK EMA1m:OK EMA5m:OK RSI:81.66666666 VOL:NO MOM:0.3% RANGE:0.69% UP:32% SPREAD:0.4903964% BID:0.9788 ASK:0.9836 STATE:IDLE
[2026-02-28 05:25:14] CHK EMA1m:OK EMA5m:OK RSI:81.66666666 VOL:NO MOM:0.05% RANGE:0.53% UP:33.33% SPREAD:0.45960576% BID:0.9791 ASK:0.9836 STATE:IDLE
[2026-02-28 05:25:15] CHK EMA1m:OK EMA5m:OK RSI:81.66666666 VOL:NO MOM:0.1% RANGE:0.53% UP:34.78% SPREAD:0.50066414% BID:0.9787 ASK:0.9836 STATE:IDLE
[2026-02-28 05:25:16] CHK EMA1m:OK EMA5m:OK RSI:81.66666666 VOL:NO MOM:0.2% RANGE:0.52% UP:36.36% SPREAD:0.46962736% BID:0.9795 ASK:0.9841 STATE:IDLE
[2026-02-28 05:25:18] CHK EMA1m:OK EMA5m:OK RSI:81.66666666 VOL:NO MOM:0.16% RANGE:0.52% UP:38.09% SPREAD:0.51067306% BID:0.9791 ASK:0.9841 STATE:IDLE
[2026-02-28 05:25:18] CHK EMA1m:OK EMA5m:OK RSI:81.66666666 VOL:NO MOM:0.14% RANGE:0.52% UP:42.1% SPREAD:0.53120849% BID:0.9789 ASK:0.9841 STATE:IDLE
[2026-02-28 05:25:19] CHK EMA1m:OK EMA5m:OK RSI:81.66666666 VOL:NO MOM:0.03% RANGE:0.39% UP:44.44% SPREAD:0.51067306% BID:0.9791 ASK:0.9841 STATE:IDLE
[2026-02-28 05:25:20] CHK EMA1m:OK EMA5m:OK RSI:81.66666666 VOL:NO MOM:0.2% RANGE:0.39% UP:47.05% SPREAD:0.51934826% BID:0.982 ASK:0.9871 STATE:IDLE
[2026-02-28 05:25:21] CHK EMA1m:OK EMA5m:OK RSI:81.66666666 VOL:NO MOM:-0.01% RANGE:0.39% UP:41.17% SPREAD:0.60167244% BID:0.9806 ASK:0.9865 STATE:IDLE
[2026-02-28 05:25:21] DECIDE_HOLD reason=HOLD_SPREAD spread=0.6017% mom=-0.0102% range=0.3985% up=41.18% rsi=81.66666666666677
[2026-02-28 05:25:23] CHK EMA1m:OK EMA5m:OK RSI:81.66666666 VOL:NO MOM:-0.18% RANGE:0.39% UP:38.88% SPREAD:0.62314843% BID:0.9789 ASK:0.985 STATE:IDLE
[2026-02-28 05:25:24] CHK EMA1m:OK EMA5m:OK RSI:81.66666666 VOL:NO MOM:-0.23% RANGE:0.39% UP:41.17% SPREAD:0.5412029% BID:0.9793 ASK:0.9846 STATE:IDLE
[2026-02-28 05:25:25] CHK EMA1m:OK EMA5m:OK RSI:81.66666666 VOL:NO MOM:-0.2% RANGE:0.39% UP:44.44% SPREAD:0.5308289% BID:0.9796 ASK:0.9848 STATE:IDLE
[2026-02-28 05:25:26] CHK EMA1m:OK EMA5m:OK RSI:81.66666666 VOL:NO MOM:-0.22% RANGE:0.39% UP:44.44% SPREAD:0.50005102% BID:0.9799 ASK:0.9848 STATE:IDLE
[2026-02-28 05:25:27] CHK EMA1m:OK EMA5m:OK RSI:82.44013683 VOL:OK MOM:-0.51% RANGE:0.52% UP:38.88% SPREAD:0.50127877% BID:0.9775 ASK:0.9824 STATE:IDLE
[2026-02-28 05:25:28] CHK EMA1m:OK EMA5m:OK RSI:82.44013683 VOL:OK MOM:-0.35% RANGE:0.54% UP:38.88% SPREAD:0.52216647% BID:0.9767 ASK:0.9818 STATE:IDLE
[2026-02-28 05:25:29] CHK EMA1m:OK EMA5m:OK RSI:82.44013683 VOL:OK MOM:-0.31% RANGE:0.54% UP:38.88% SPREAD:0.50168936% BID:0.9767 ASK:0.9816 STATE:IDLE
[2026-02-28 05:25:30] CHK EMA1m:OK EMA5m:OK RSI:82.44013683 VOL:OK MOM:-0.27% RANGE:0.54% UP:38.88% SPREAD:0.50168936% BID:0.9767 ASK:0.9816 STATE:IDLE
[2026-02-28 05:25:31] CHK EMA1m:OK EMA5m:OK RSI:82.44013683 VOL:OK MOM:-0.21% RANGE:0.54% UP:38.88% SPREAD:0.48121224% BID:0.9767 ASK:0.9814 STATE:IDLE
[2026-02-28 05:25:32] CHK EMA1m:OK EMA5m:OK RSI:82.44013683 VOL:OK MOM:-0.55% RANGE:0.88% UP:38.88% SPREAD:0.52393671% BID:0.9734 ASK:0.9785 STATE:IDLE
[2026-02-28 05:25:32] DECIDE_HOLD reason=HOLD_SPREAD spread=0.5239% mom=-0.5517% range=0.8835% up=38.89% rsi=82.44013683010272
[2026-02-28 05:25:33] CHK EMA1m:OK EMA5m:OK RSI:82.44013683 VOL:OK MOM:-0.71% RANGE:1.04% UP:36.84% SPREAD:0.53508952% BID:0.9718 ASK:0.977 STATE:IDLE
[2026-02-28 05:25:34] CHK EMA1m:OK EMA5m:OK RSI:82.44013683 VOL:OK MOM:-0.71% RANGE:1.05% UP:33.33% SPREAD:0.54543583% BID:0.9717 ASK:0.977 STATE:IDLE
[2026-02-28 05:25:35] CHK EMA1m:OK EMA5m:OK RSI:82.44013683 VOL:OK MOM:-0.8% RANGE:1.07% UP:27.77% SPREAD:0.55578427% BID:0.9716 ASK:0.977 STATE:IDLE
[2026-02-28 05:25:36] CHK EMA1m:OK EMA5m:OK RSI:82.44013683 VOL:OK MOM:-0.75% RANGE:1.07% UP:33.33% SPREAD:0.54543583% BID:0.9717 ASK:0.977 STATE:IDLE
[2026-02-28 05:25:37] CHK EMA1m:OK EMA5m:OK RSI:82.44013683 VOL:OK MOM:-0.52% RANGE:1.07% UP:38.88% SPREAD:0.5442596% BID:0.9738 ASK:0.9791 STATE:IDLE
[2026-02-28 05:25:39] CHK EMA1m:OK EMA5m:OK RSI:82.44013683 VOL:OK MOM:-0.39% RANGE:1.07% UP:42.1% SPREAD:0.55384615% BID:0.975 ASK:0.9804 STATE:IDLE
[2026-02-28 05:25:40] CHK EMA1m:OK EMA5m:OK RSI:82.44013683 VOL:OK MOM:-0.76% RANGE:1.07% UP:33.33% SPREAD:0.54386865% BID:0.9745 ASK:0.9798 STATE:IDLE
[2026-02-28 05:25:41] CHK EMA1m:OK EMA5m:OK RSI:82.44013683 VOL:OK MOM:-0.66% RANGE:0.92% UP:33.33% SPREAD:0.54409198% BID:0.9741 ASK:0.9794 STATE:IDLE
[2026-02-28 05:25:42] CHK EMA1m:OK EMA5m:OK RSI:82.44013683 VOL:OK MOM:-0.54% RANGE:0.85% UP:33.33% SPREAD:0.5443714% BID:0.9736 ASK:0.9789 STATE:IDLE
[2026-02-28 05:25:43] CHK EMA1m:OK EMA5m:OK RSI:82.44013683 VOL:OK MOM:-0.58% RANGE:0.85% UP:27.77% SPREAD:0.5443714% BID:0.9736 ASK:0.9789 STATE:IDLE
[2026-02-28 05:25:43] DECIDE_HOLD reason=HOLD_SPREAD spread=0.5444% mom=-0.5820% range=0.8543% up=27.78% rsi=82.44013683010272
[2026-02-28 05:25:44] CHK EMA1m:OK EMA5m:OK RSI:82.44013683 VOL:OK MOM:-0.56% RANGE:0.85% UP:31.57% SPREAD:0.5237215% BID:0.9738 ASK:0.9789 STATE:IDLE
[2026-02-28 05:25:45] CHK EMA1m:OK EMA5m:OK RSI:82.44013683 VOL:OK MOM:-0.58% RANGE:0.85% UP:27.77% SPREAD:0.48244713% BID:0.9742 ASK:0.9789 STATE:IDLE
[2026-02-28 05:25:47] CHK EMA1m:OK EMA5m:OK RSI:82.44013683 VOL:OK MOM:-0.33% RANGE:0.6% UP:27.77% SPREAD:0.62615479% BID:0.9742 ASK:0.9803 STATE:IDLE
[2026-02-28 05:25:48] CHK EMA1m:OK EMA5m:OK RSI:82.44013683 VOL:OK MOM:-0.23% RANGE:0.52% UP:35.29% SPREAD:0.58497536% BID:0.9744 ASK:0.9801 STATE:IDLE
[2026-02-28 05:25:50] CHK EMA1m:OK EMA5m:OK RSI:82.44013683 VOL:OK MOM:-0.19% RANGE:0.52% UP:41.17% SPREAD:0.5642183% BID:0.9748 ASK:0.9803 STATE:IDLE
[2026-02-28 05:25:51] CHK EMA1m:OK EMA5m:OK RSI:82.44013683 VOL:OK MOM:-0.19% RANGE:0.52% UP:41.17% SPREAD:0.5642183% BID:0.9748 ASK:0.9803 STATE:IDLE
[2026-02-28 05:25:52] CHK EMA1m:OK EMA5m:OK RSI:82.44013683 VOL:OK MOM:0.16% RANGE:0.34% UP:47.05% SPREAD:0.54358974% BID:0.975 ASK:0.9803 STATE:IDLE
[2026-02-28 05:25:53] CHK EMA1m:OK EMA5m:OK RSI:82.44013683 VOL:OK MOM:0.33% RANGE:0.34% UP:5E+1% SPREAD:0.54358974% BID:0.975 ASK:0.9803 STATE:IDLE
[2026-02-28 05:25:53] DECIDE_HOLD reason=HOLD_SPREAD spread=0.5436% mom=0.3396% range=0.3499% up=50.00% rsi=82.44013683010272
[2026-02-28 05:25:55] CHK EMA1m:OK EMA5m:OK RSI:82.44013683 VOL:OK MOM:0.39% RANGE:0.39% UP:56.25% SPREAD:0.502358% BID:0.9754 ASK:0.9803 STATE:IDLE
[2026-02-28 05:25:56] CHK EMA1m:OK EMA5m:OK RSI:82.44013683 VOL:OK MOM:0.38% RANGE:0.38% UP:5E+1% SPREAD:0.502358% BID:0.9754 ASK:0.9803 STATE:IDLE
[2026-02-28 05:25:57] CHK EMA1m:OK EMA5m:OK RSI:82.44013683 VOL:OK MOM:0.3% RANGE:0.32% UP:5E+1% SPREAD:0.59377559% BID:0.9768 ASK:0.9826 STATE:IDLE
[2026-02-28 05:25:58] CHK EMA1m:OK EMA5m:OK RSI:82.44013683 VOL:OK MOM:0.18% RANGE:0.32% UP:43.75% SPREAD:0.55282555% BID:0.9768 ASK:0.9822 STATE:IDLE
[2026-02-28 05:25:59] CHK EMA1m:OK EMA5m:OK RSI:82.44013683 VOL:OK MOM:0.18% RANGE:0.32% UP:43.75% SPREAD:0.60432244% BID:0.9763 ASK:0.9822 STATE:IDLE
[2026-02-28 05:26:01] CHK EMA1m:OK EMA5m:OK RSI:82.42009132 VOL:NO MOM:0.24% RANGE:0.32% UP:5E+1% SPREAD:0.58371735% BID:0.9765 ASK:0.9822 STATE:IDLE
[2026-02-28 05:26:02] CHK EMA1m:OK EMA5m:OK RSI:82.42009132 VOL:NO MOM:0.43% RANGE:0.43% UP:6E+1% SPREAD:0.57271425% BID:0.9778 ASK:0.9834 STATE:IDLE
[2026-02-28 05:26:03] CHK EMA1m:OK EMA5m:OK RSI:82.42009132 VOL:NO MOM:0.44% RANGE:0.44% UP:6E+1% SPREAD:0.54186688% BID:0.9781 ASK:0.9834 STATE:IDLE
[2026-02-28 05:26:04] CHK EMA1m:OK EMA5m:OK RSI:82.42009132 VOL:NO MOM:0.42% RANGE:0.42% UP:6E+1% SPREAD:0.52131248% BID:0.9783 ASK:0.9834 STATE:IDLE
[2026-02-28 05:26:04] DECIDE_HOLD reason=HOLD_SPREAD spread=0.5213% mom=0.4209% range=0.4209% up=60.00% rsi=82.42009132420101
[2026-02-28 05:26:05] CHK EMA1m:OK EMA5m:OK RSI:82.42009132 VOL:NO MOM:0.42% RANGE:0.42% UP:56.25% SPREAD:0.52131248% BID:0.9783 ASK:0.9834 STATE:IDLE
[2026-02-28 05:26:06] CHK EMA1m:OK EMA5m:OK RSI:82.42009132 VOL:NO MOM:0.42% RANGE:0.42% UP:56.25% SPREAD:0.52131248% BID:0.9783 ASK:0.9834 STATE:IDLE
[2026-02-28 05:26:08] CHK EMA1m:OK EMA5m:OK RSI:82.42009132 VOL:NO MOM:0.37% RANGE:0.37% UP:53.33% SPREAD:0.50076647% BID:0.9785 ASK:0.9834 STATE:IDLE
[2026-02-28 05:26:09] CHK EMA1m:OK EMA5m:OK RSI:82.42009132 VOL:NO MOM:0.36% RANGE:0.37% UP:53.33% SPREAD:0.51103843% BID:0.9784 ASK:0.9834 STATE:IDLE
[2026-02-28 05:26:10] CHK EMA1m:OK EMA5m:OK RSI:82.42009132 VOL:NO MOM:0.34% RANGE:0.37% UP:5E+1% SPREAD:0.53158863% BID:0.9782 ASK:0.9834 STATE:IDLE
[2026-02-28 05:26:12] CHK EMA1m:OK EMA5m:OK RSI:82.42009132 VOL:NO MOM:0.32% RANGE:0.35% UP:43.75% SPREAD:0.49069719% BID:0.9782 ASK:0.983 STATE:IDLE
[2026-02-28 05:26:13] CHK EMA1m:OK EMA5m:OK RSI:82.42009132 VOL:NO MOM:0.32% RANGE:0.35% UP:43.75% SPREAD:0.49069719% BID:0.9782 ASK:0.983 STATE:IDLE
[2026-02-28 05:26:14] CHK EMA1m:OK EMA5m:OK RSI:82.42009132 VOL:NO MOM:0.26% RANGE:0.31% UP:37.5% SPREAD:0.49079754% BID:0.978 ASK:0.9828 STATE:IDLE
[2026-02-28 05:26:15] CHK EMA1m:OK EMA5m:OK RSI:82.42009132 VOL:NO MOM:0.31% RANGE:0.31% UP:43.75% SPREAD:0.43944813% BID:0.9785 ASK:0.9828 STATE:IDLE
[2026-02-28 05:26:15] DECIDE_HOLD reason=HOLD_SPREAD spread=0.4394% mom=0.3178% range=0.3178% up=43.75% rsi=82.42009132420101
[2026-02-28 05:26:16] CHK EMA1m:OK EMA5m:OK RSI:82.42009132 VOL:NO MOM:0.31% RANGE:0.31% UP:41.17% SPREAD:0.37812979% BID:0.9785 ASK:0.9822 STATE:IDLE
[2026-02-28 05:26:17] CHK EMA1m:OK EMA5m:OK RSI:82.48009101 VOL:OK MOM:0.17% RANGE:0.22% UP:35.29% SPREAD:0.37812979% BID:0.9785 ASK:0.9822 STATE:IDLE
[2026-02-28 05:26:18] CHK EMA1m:OK EMA5m:OK RSI:82.48009101 VOL:OK MOM:0.17% RANGE:0.22% UP:37.5% SPREAD:0.42944785% BID:0.978 ASK:0.9822 STATE:IDLE
[2026-02-28 05:26:19] CHK EMA1m:OK EMA5m:OK RSI:82.23234624 VOL:OK MOM:-0.17% RANGE:0.37% UP:31.25% SPREAD:0.58473533% BID:0.9748 ASK:0.9805 STATE:IDLE
[2026-02-28 05:26:20] CHK EMA1m:OK EMA5m:OK RSI:82.23234624 VOL:OK MOM:-0.27% RANGE:0.48% UP:29.41% SPREAD:0.58533579% BID:0.9738 ASK:0.9795 STATE:IDLE
[2026-02-28 05:26:21] CHK EMA1m:OK EMA5m:OK RSI:82.23234624 VOL:OK MOM:-0.4% RANGE:0.48% UP:23.52% SPREAD:0.60587389% BID:0.9738 ASK:0.9797 STATE:IDLE
[2026-02-28 05:26:22] CHK EMA1m:OK EMA5m:OK RSI:82.23234624 VOL:OK MOM:-0.55% RANGE:0.62% UP:22.22% SPREAD:0.48334018% BID:0.9724 ASK:0.9771 STATE:IDLE
[2026-02-28 05:26:23] CHK EMA1m:OK EMA5m:OK RSI:82.23234624 VOL:OK MOM:-0.57% RANGE:0.62% UP:17.64% SPREAD:0.64768171% BID:0.9727 ASK:0.979 STATE:IDLE
[2026-02-28 05:26:24] CHK EMA1m:OK EMA5m:OK RSI:82.23234624 VOL:OK MOM:-0.57% RANGE:0.62% UP:17.64% SPREAD:0.62712038% BID:0.9727 ASK:0.9788 STATE:IDLE
[2026-02-28 05:26:25] CHK EMA1m:OK EMA5m:OK RSI:82.23234624 VOL:OK MOM:-0.57% RANGE:0.62% UP:17.64% SPREAD:0.62712038% BID:0.9727 ASK:0.9788 STATE:IDLE
[2026-02-28 05:26:25] DECIDE_HOLD reason=HOLD_SPREAD spread=0.6271% mom=-0.5724% range=0.6273% up=17.65% rsi=82.23234624145798
[2026-02-28 05:26:26] CHK EMA1m:OK EMA5m:OK RSI:82.23234624 VOL:OK MOM:-0.59% RANGE:0.62% UP:11.76% SPREAD:0.58599773% BID:0.9727 ASK:0.9784 STATE:IDLE
[2026-02-28 05:26:28] CHK EMA1m:OK EMA5m:OK RSI:82.23234624 VOL:OK MOM:-0.59% RANGE:0.62% UP:11.11% SPREAD:0.46262979% BID:0.9727 ASK:0.9772 STATE:IDLE
[2026-02-28 05:26:29] CHK EMA1m:OK EMA5m:OK RSI:82.23234624 VOL:OK MOM:-0.75% RANGE:0.77% UP:11.11% SPREAD:0.47373841% BID:0.971 ASK:0.9756 STATE:IDLE
[2026-02-28 05:26:30] CHK EMA1m:OK EMA5m:OK RSI:82.23234624 VOL:OK MOM:-0.79% RANGE:0.83% UP:11.11% SPREAD:0.47403132% BID:0.9704 ASK:0.975 STATE:IDLE
[2026-02-28 05:26:31] CHK EMA1m:OK EMA5m:OK RSI:82.23234624 VOL:OK MOM:-0.79% RANGE:0.83% UP:11.11% SPREAD:0.47403132% BID:0.9704 ASK:0.975 STATE:IDLE
[2026-02-28 05:26:31] CHK EMA1m:OK EMA5m:OK RSI:82.23234624 VOL:OK MOM:-1.05% RANGE:1.09% UP:11.11% SPREAD:0.44426077% BID:0.9679 ASK:0.9722 STATE:IDLE
[2026-02-28 05:26:33] CHK EMA1m:OK EMA5m:OK RSI:82.23234624 VOL:OK MOM:-1.26% RANGE:1.31% UP:10.52% SPREAD:0.4969973% BID:0.9658 ASK:0.9706 STATE:IDLE
[2026-02-28 05:26:34] CHK EMA1m:OK EMA5m:OK RSI:82.23234624 VOL:OK MOM:-1.26% RANGE:1.31% UP:11.11% SPREAD:0.46579029% BID:0.9661 ASK:0.9706 STATE:IDLE
[2026-02-28 05:26:35] CHK EMA1m:OK EMA5m:OK RSI:82.23234624 VOL:OK MOM:-1.21% RANGE:1.31% UP:16.66% SPREAD:0.48624043% BID:0.9666 ASK:0.9713 STATE:IDLE
[2026-02-28 05:26:36] CHK EMA1m:OK EMA5m:OK RSI:82.23234624 VOL:OK MOM:-1.17% RANGE:1.31% UP:22.22% SPREAD:0.44467425% BID:0.967 ASK:0.9713 STATE:IDLE
[2026-02-28 05:26:36] DECIDE_HOLD reason=HOLD_SPREAD spread=0.4447% mom=-1.1753% range=1.3150% up=22.22% rsi=82.23234624145798
[2026-02-28 05:26:37] CHK EMA1m:OK EMA5m:OK RSI:82.23234624 VOL:OK MOM:-1.06% RANGE:1.26% UP:27.77% SPREAD:0.38238941% BID:0.9676 ASK:0.9713 STATE:IDLE
[2026-02-28 05:26:38] CHK EMA1m:OK EMA5m:OK RSI:82.23234624 VOL:OK MOM:-1% RANGE:1.26% UP:31.57% SPREAD:0.46478% BID:0.9682 ASK:0.9727 STATE:IDLE
[2026-02-28 05:26:39] CHK EMA1m:OK EMA5m:OK RSI:82.23234624 VOL:OK MOM:-0.59% RANGE:0.82% UP:33.33% SPREAD:0.78512396% BID:0.968 ASK:0.9756 STATE:IDLE
[2026-02-28 05:26:40] CHK EMA1m:OK EMA5m:OK RSI:82.23234624 VOL:OK MOM:-0.43% RANGE:0.82% UP:38.88% SPREAD:0.56724422% BID:0.9696 ASK:0.9751 STATE:IDLE
[2026-02-28 05:26:41] CHK EMA1m:OK EMA5m:OK RSI:82.23234624 VOL:OK MOM:-0.27% RANGE:0.71% UP:44.44% SPREAD:0.49499845% BID:0.9697 ASK:0.9745 STATE:IDLE
[2026-02-28 05:26:42] CHK EMA1m:OK EMA5m:OK RSI:82.23234624 VOL:OK MOM:-0.31% RANGE:0.71% UP:38.88% SPREAD:0.50536303% BID:0.9696 ASK:0.9745 STATE:IDLE
[2026-02-28 05:26:44] CHK EMA1m:OK EMA5m:OK RSI:82.23234624 VOL:OK MOM:-0.29% RANGE:0.71% UP:42.1% SPREAD:0.50525881% BID:0.9698 ASK:0.9747 STATE:IDLE
[2026-02-28 05:26:44] CHK EMA1m:OK EMA5m:OK RSI:82.23234624 VOL:OK MOM:-0.29% RANGE:0.71% UP:44.44% SPREAD:0.50525881% BID:0.9698 ASK:0.9747 STATE:IDLE
[2026-02-28 05:26:45] CHK EMA1m:OK EMA5m:OK RSI:82.23234624 VOL:OK MOM:-0.29% RANGE:0.71% UP:44.44% SPREAD:0.50525881% BID:0.9698 ASK:0.9747 STATE:IDLE
[2026-02-28 05:26:47] CHK EMA1m:OK EMA5m:OK RSI:82.23234624 VOL:OK MOM:-0.27% RANGE:0.71% UP:5E+1% SPREAD:0.48453608% BID:0.97 ASK:0.9747 STATE:IDLE
[2026-02-28 05:26:47] DECIDE_HOLD reason=HOLD_SPREAD spread=0.4845% mom=-0.2776% range=0.7144% up=50.00% rsi=82.23234624145798
[2026-02-28 05:26:48] CHK EMA1m:OK EMA5m:OK RSI:82.23234624 VOL:OK MOM:0.04% RANGE:0.57% UP:55.55% SPREAD:0.43236565% BID:0.9714 ASK:0.9756 STATE:IDLE
[2026-02-28 05:26:50] CHK EMA1m:OK EMA5m:OK RSI:82.23234624 VOL:OK MOM:0.1% RANGE:0.57% UP:55.55% SPREAD:0.43236565% BID:0.9714 ASK:0.9756 STATE:IDLE
[2026-02-28 05:26:51] CHK EMA1m:OK EMA5m:OK RSI:82.23234624 VOL:OK MOM:0.36% RANGE:0.57% UP:58.82% SPREAD:0.43236565% BID:0.9714 ASK:0.9756 STATE:IDLE
[2026-02-28 05:26:52] CHK EMA1m:OK EMA5m:OK RSI:82.23234624 VOL:OK MOM:0.56% RANGE:0.57% UP:58.82% SPREAD:0.42211469% BID:0.9713 ASK:0.9754 STATE:IDLE
[2026-02-28 05:26:53] CHK EMA1m:OK EMA5m:OK RSI:82.23234624 VOL:OK MOM:0.52% RANGE:0.54% UP:52.94% SPREAD:0.43245469% BID:0.9712 ASK:0.9754 STATE:IDLE
[2026-02-28 05:26:55] CHK EMA1m:OK EMA5m:OK RSI:82.23234624 VOL:OK MOM:0.47% RANGE:0.49% UP:47.05% SPREAD:0.43245469% BID:0.9712 ASK:0.9754 STATE:IDLE
[2026-02-28 05:26:56] CHK EMA1m:OK EMA5m:OK RSI:82.23234624 VOL:OK MOM:0.25% RANGE:0.45% UP:41.17% SPREAD:0.52604435% BID:0.9695 ASK:0.9746 STATE:IDLE
[2026-02-28 05:26:56] CHK EMA1m:OK EMA5m:OK RSI:82.23234624 VOL:OK MOM:0.21% RANGE:0.39% UP:41.17% SPREAD:0.55687325% BID:0.9697 ASK:0.9751 STATE:IDLE
[2026-02-28 05:26:56] DECIDE_HOLD reason=HOLD_SPREAD spread=0.5569% mom=0.2170% range=0.3927% up=41.18% rsi=82.23234624145798
[2026-02-28 05:26:58] CHK EMA1m:OK EMA5m:OK RSI:82.23234624 VOL:OK MOM:0.26% RANGE:0.35% UP:41.17% SPREAD:0.44293366% BID:0.9708 ASK:0.9751 STATE:IDLE
[2026-02-28 05:26:59] CHK EMA1m:OK EMA5m:OK RSI:82.23234624 VOL:OK MOM:0.15% RANGE:0.35% UP:41.17% SPREAD:0.51572975% BID:0.9695 ASK:0.9745 STATE:IDLE
[2026-02-28 05:27:00] CHK EMA1m:OK EMA5m:OK RSI:78.56365614 VOL:OK MOM:-0.07% RANGE:0.25% UP:35.29% SPREAD:0.47476519% BID:0.9689 ASK:0.9735 STATE:IDLE
[2026-02-28 05:27:01] CHK EMA1m:OK EMA5m:OK RSI:81.5819209 VOL:NO MOM:0.04% RANGE:0.25% UP:37.5% SPREAD:0.52577319% BID:0.97 ASK:0.9751 STATE:IDLE
[2026-02-28 05:27:02] CHK EMA1m:OK EMA5m:OK RSI:81.5819209 VOL:NO MOM:-0.03% RANGE:0.25% UP:31.25% SPREAD:0.49510056% BID:0.9695 ASK:0.9743 STATE:IDLE
[2026-02-28 05:27:03] CHK EMA1m:OK EMA5m:OK RSI:81.5819209 VOL:NO MOM:-0.2% RANGE:0.37% UP:31.25% SPREAD:0.48563752% BID:0.9678 ASK:0.9725 STATE:IDLE
[2026-02-28 05:27:04] CHK EMA1m:OK EMA5m:OK RSI:81.5819209 VOL:NO MOM:-0.23% RANGE:0.4% UP:29.41% SPREAD:0.47545219% BID:0.9675 ASK:0.9721 STATE:IDLE
[2026-02-28 05:27:06] CHK EMA1m:OK EMA5m:OK RSI:81.5819209 VOL:NO MOM:-0.32% RANGE:0.49% UP:29.41% SPREAD:0.50693151% BID:0.9666 ASK:0.9715 STATE:IDLE
[2026-02-28 05:27:07] CHK EMA1m:OK EMA5m:OK RSI:81.5819209 VOL:NO MOM:-0.85% RANGE:0.86% UP:18.75% SPREAD:0.53992316% BID:0.9631 ASK:0.9683 STATE:IDLE
[2026-02-28 05:27:07] DECIDE_HOLD reason=HOLD_SPREAD spread=0.5399% mom=-0.8544% range=0.8618% up=18.75% rsi=81.58192090395488
[2026-02-28 05:27:08] CHK EMA1m:OK EMA5m:OK RSI:81.5819209 VOL:NO MOM:-0.72% RANGE:0.86% UP:23.52% SPREAD:0.65325591% BID:0.9644 ASK:0.9707 STATE:IDLE
[2026-02-28 05:27:08] CHK EMA1m:OK EMA5m:OK RSI:81.5819209 VOL:NO MOM:-0.95% RANGE:0.96% UP:23.52% SPREAD:0.84190832% BID:0.9621 ASK:0.9702 STATE:IDLE
[2026-02-28 05:27:09] CHK EMA1m:OK EMA5m:OK RSI:81.5819209 VOL:NO MOM:-0.95% RANGE:0.96% UP:23.52% SPREAD:0.84190832% BID:0.9621 ASK:0.9702 STATE:IDLE
[2026-02-28 05:27:11] CHK EMA1m:OK EMA5m:OK RSI:81.5819209 VOL:NO MOM:-0.7% RANGE:0.96% UP:27.77% SPREAD:0.4872486% BID:0.9646 ASK:0.9693 STATE:IDLE
[2026-02-28 05:27:12] CHK EMA1m:OK EMA5m:OK RSI:81.5819209 VOL:NO MOM:-0.52% RANGE:0.95% UP:33.33% SPREAD:0.41399296% BID:0.9662 ASK:0.9702 STATE:IDLE
[2026-02-28 05:27:13] CHK EMA1m:OK EMA5m:OK RSI:81.5819209 VOL:NO MOM:-0.49% RANGE:0.94% UP:38.88% SPREAD:0.39321192% BID:0.9664 ASK:0.9702 STATE:IDLE
[2026-02-28 05:27:14] CHK EMA1m:OK EMA5m:OK RSI:81.5819209 VOL:NO MOM:-0.81% RANGE:0.94% UP:38.88% SPREAD:0.50866812% BID:0.9633 ASK:0.9682 STATE:IDLE
[2026-02-28 05:27:15] CHK EMA1m:OK EMA5m:OK RSI:81.5819209 VOL:NO MOM:-0.55% RANGE:0.9% UP:44.44% SPREAD:0.44601182% BID:0.9641 ASK:0.9684 STATE:IDLE
[2026-02-28 05:27:16] CHK EMA1m:OK EMA5m:OK RSI:76.80851063 VOL:OK MOM:-0.57% RANGE:0.9% UP:38.88% SPREAD:0.36303288% BID:0.9641 ASK:0.9676 STATE:IDLE
[2026-02-28 05:27:17] CHK EMA1m:OK EMA5m:OK RSI:76.80851063 VOL:OK MOM:-0.69% RANGE:0.9% UP:33.33% SPREAD:0.36303288% BID:0.9641 ASK:0.9676 STATE:IDLE
[2026-02-28 05:27:17] DECIDE_HOLD reason=HOLD_SPREAD spread=0.3630% mom=-0.6902% range=0.9043% up=33.33% rsi=76.80851063829797
[2026-02-28 05:27:18] CHK EMA1m:OK EMA5m:OK RSI:76.80851063 VOL:OK MOM:-0.55% RANGE:0.82% UP:33.33% SPREAD:0.36303288% BID:0.9641 ASK:0.9676 STATE:IDLE
[2026-02-28 05:27:19] CHK EMA1m:OK EMA5m:OK RSI:76.80851063 VOL:OK MOM:-0.53% RANGE:0.82% UP:33.33% SPREAD:0.40469025% BID:0.9637 ASK:0.9676 STATE:IDLE
[2026-02-28 05:27:20] CHK EMA1m:OK EMA5m:OK RSI:76.80851063 VOL:OK MOM:-0.69% RANGE:0.82% UP:27.77% SPREAD:0.44638222% BID:0.9633 ASK:0.9676 STATE:IDLE
[2026-02-28 05:27:21] CHK EMA1m:OK EMA5m:OK RSI:76.80851063 VOL:OK MOM:-0.51% RANGE:0.82% UP:31.57% SPREAD:0.26943005% BID:0.965 ASK:0.9676 STATE:IDLE
[2026-02-28 05:27:22] BUY symbol=BARDUSDC qty=9.5 entry=0.9676 momPct=-0.005154639175257737 rangePct=0.008211204656480635 upRatio=0.3157894736842105 profile=major
[2026-02-28 05:27:23] CHK EMA1m:OK EMA5m:OK RSI:76.16033755 VOL:OK MOM:-0.39% RANGE:0.59% UP:33.33% SPREAD:0.37344398% BID:0.964 ASK:0.9676 STATE:IN_POS
[2026-02-28 05:27:24] CHK EMA1m:OK EMA5m:OK RSI:76.16033755 VOL:OK MOM:-0.15% RANGE:0.56% UP:38.88% SPREAD:0.4658385% BID:0.966 ASK:0.9705 STATE:IN_POS
[2026-02-28 05:27:25] CHK EMA1m:OK EMA5m:OK RSI:74.27983539 VOL:OK MOM:-0.1% RANGE:0.46% UP:38.88% SPREAD:0.40389395% BID:0.9656 ASK:0.9695 STATE:IN_POS
[2026-02-28 05:27:26] CHK EMA1m:OK EMA5m:OK RSI:74.27983539 VOL:OK MOM:0.18% RANGE:0.44% UP:38.88% SPREAD:0.41455073% BID:0.9649 ASK:0.9689 STATE:IN_POS
[2026-02-28 05:27:27] CHK EMA1m:OK EMA5m:OK RSI:77.21925133 VOL:OK MOM:0.16% RANGE:0.44% UP:36.84% SPREAD:0.41463667% BID:0.9647 ASK:0.9687 STATE:IN_POS
[2026-02-28 05:27:28] CHK EMA1m:OK EMA5m:OK RSI:77.21925133 VOL:OK MOM:0.43% RANGE:0.44% UP:38.88% SPREAD:0.58987891% BID:0.9663 ASK:0.972 STATE:IN_POS
[2026-02-28 05:27:29] CHK EMA1m:OK EMA5m:OK RSI:77.21925133 VOL:OK MOM:0.56% RANGE:0.56% UP:44.44% SPREAD:0.52713178% BID:0.9675 ASK:0.9726 STATE:IN_POS
[2026-02-28 05:27:30] CHK EMA1m:OK EMA5m:OK RSI:77.21925133 VOL:OK MOM:0.3% RANGE:0.43% UP:38.88% SPREAD:0.44444444% BID:0.9675 ASK:0.9718 STATE:IN_POS
[2026-02-28 05:27:31] CHK EMA1m:OK EMA5m:OK RSI:77.21925133 VOL:OK MOM:0.09% RANGE:0.43% UP:33.33% SPREAD:0.46530865% BID:0.9671 ASK:0.9716 STATE:IN_POS
[2026-02-28 05:27:32] CHK EMA1m:OK EMA5m:OK RSI:77.21925133 VOL:OK MOM:0.09% RANGE:0.43% UP:31.57% SPREAD:0.44462827% BID:0.9671 ASK:0.9714 STATE:IN_POS
[2026-02-28 05:27:33] CHK EMA1m:OK EMA5m:OK RSI:77.21925133 VOL:OK MOM:0.57% RANGE:0.57% UP:33.33% SPREAD:0.56771263% BID:0.9688 ASK:0.9743 STATE:IN_POS
[2026-02-28 05:27:34] CHK EMA1m:OK EMA5m:OK RSI:77.21925133 VOL:OK MOM:0.48% RANGE:0.57% UP:27.77% SPREAD:0.56771263% BID:0.9688 ASK:0.9743 STATE:IN_POS
[2026-02-28 05:27:35] CHK EMA1m:OK EMA5m:OK RSI:77.21925133 VOL:OK MOM:0.49% RANGE:0.58% UP:33.33% SPREAD:0.45412323% BID:0.9689 ASK:0.9733 STATE:IN_POS
[2026-02-28 05:27:36] CHK EMA1m:OK EMA5m:OK RSI:77.21925133 VOL:OK MOM:0.49% RANGE:0.58% UP:33.33% SPREAD:0.45412323% BID:0.9689 ASK:0.9733 STATE:IN_POS
[2026-02-28 05:27:38] CHK EMA1m:OK EMA5m:OK RSI:77.21925133 VOL:OK MOM:0.54% RANGE:0.63% UP:36.84% SPREAD:0.42294202% BID:0.9694 ASK:0.9735 STATE:IN_POS
[2026-02-28 05:27:39] CHK EMA1m:OK EMA5m:OK RSI:77.21925133 VOL:OK MOM:0.62% RANGE:0.66% UP:44.44% SPREAD:0.39187377% BID:0.9697 ASK:0.9735 STATE:IN_POS
[2026-02-28 05:27:40] CHK EMA1m:OK EMA5m:OK RSI:77.21925133 VOL:OK MOM:0.58% RANGE:0.66% UP:44.44% SPREAD:0.49540716% BID:0.9689 ASK:0.9737 STATE:IN_POS
[2026-02-28 05:27:40] CHK EMA1m:OK EMA5m:OK RSI:77.21925133 VOL:OK MOM:0.41% RANGE:0.59% UP:44.44% SPREAD:0.46439628% BID:0.969 ASK:0.9735 STATE:IN_POS
[2026-02-28 05:27:41] CHK EMA1m:OK EMA5m:OK RSI:77.21925133 VOL:OK MOM:0.5% RANGE:0.59% UP:44.44% SPREAD:0.45412323% BID:0.9689 ASK:0.9733 STATE:IN_POS
[2026-02-28 05:27:43] CHK EMA1m:OK EMA5m:OK RSI:77.21925133 VOL:OK MOM:0.52% RANGE:0.59% UP:47.36% SPREAD:0.4333918% BID:0.9691 ASK:0.9733 STATE:IN_POS
[2026-02-28 05:27:44] CHK EMA1m:OK EMA5m:OK RSI:77.21925133 VOL:OK MOM:0.39% RANGE:0.51% UP:5E+1% SPREAD:0.48483598% BID:0.9694 ASK:0.9741 STATE:IN_POS
[2026-02-28 05:27:45] CHK EMA1m:OK EMA5m:OK RSI:77.21925133 VOL:OK MOM:0.38% RANGE:0.51% UP:5E+1% SPREAD:0.4439397% BID:0.9686 ASK:0.9729 STATE:IN_POS
[2026-02-28 05:27:46] CHK EMA1m:OK EMA5m:OK RSI:77.21925133 VOL:OK MOM:0.31% RANGE:0.51% UP:5E+1% SPREAD:0.47535393% BID:0.9677 ASK:0.9723 STATE:IN_POS
[2026-02-28 05:27:47] CHK EMA1m:OK EMA5m:OK RSI:77.21925133 VOL:OK MOM:0.16% RANGE:0.35% UP:5E+1% SPREAD:0.45459241% BID:0.9679 ASK:0.9723 STATE:IN_POS
[2026-02-28 05:27:49] CHK EMA1m:OK EMA5m:OK RSI:77.21925133 VOL:OK MOM:0.05% RANGE:0.26% UP:5E+1% SPREAD:0.44421487% BID:0.968 ASK:0.9723 STATE:IN_POS
[2026-02-28 05:27:50] CHK EMA1m:OK EMA5m:OK RSI:77.21925133 VOL:OK MOM:0.06% RANGE:0.26% UP:52.94% SPREAD:0.4340188% BID:0.9677 ASK:0.9719 STATE:IN_POS
[2026-02-28 05:27:51] CHK EMA1m:OK EMA5m:OK RSI:77.21925133 VOL:OK MOM:0.07% RANGE:0.26% UP:58.82% SPREAD:0.44430667% BID:0.9678 ASK:0.9721 STATE:IN_POS
[2026-02-28 05:27:53] CHK EMA1m:OK EMA5m:OK RSI:77.21925133 VOL:OK MOM:-0.1% RANGE:0.2% UP:52.94% SPREAD:0.50630295% BID:0.9678 ASK:0.9727 STATE:IN_POS
[2026-02-28 05:27:55] CHK EMA1m:OK EMA5m:OK RSI:77.21925133 VOL:OK MOM:-0.11% RANGE:0.2% UP:5E+1% SPREAD:0.48563752% BID:0.9678 ASK:0.9725 STATE:IN_POS
[2026-02-28 05:27:56] CHK EMA1m:OK EMA5m:OK RSI:77.21925133 VOL:OK MOM:-0.1% RANGE:0.2% UP:56.25% SPREAD:0.4752557% BID:0.9679 ASK:0.9725 STATE:IN_POS
[2026-02-28 05:27:57] CHK EMA1m:OK EMA5m:OK RSI:77.21925133 VOL:OK MOM:-0.15% RANGE:0.2% UP:5E+1% SPREAD:0.55790887% BID:0.9679 ASK:0.9733 STATE:IN_POS
[2026-02-28 05:27:58] CHK EMA1m:OK EMA5m:OK RSI:77.21925133 VOL:OK MOM:-0.18% RANGE:0.2% UP:43.75% SPREAD:0.53724558% BID:0.9679 ASK:0.9731 STATE:IN_POS
[2026-02-28 05:27:59] CHK EMA1m:OK EMA5m:OK RSI:77.21925133 VOL:OK MOM:-0.1% RANGE:0.17% UP:43.75% SPREAD:0.49591899% BID:0.9679 ASK:0.9727 STATE:IN_POS
[2026-02-28 05:28:00] CHK EMA1m:OK EMA5m:OK RSI:77.21925133 VOL:OK MOM:-0.11% RANGE:0.17% UP:37.5% SPREAD:0.49591899% BID:0.9679 ASK:0.9727 STATE:IN_POS
[2026-02-28 05:28:01] CHK EMA1m:OK EMA5m:OK RSI:75.31865585 VOL:NO MOM:-0.1% RANGE:0.17% UP:37.5% SPREAD:0.51658229% BID:0.9679 ASK:0.9729 STATE:IN_POS
[2026-02-28 05:28:02] CHK EMA1m:OK EMA5m:OK RSI:75.31865585 VOL:NO MOM:-0.12% RANGE:0.17% UP:31.25% SPREAD:0.51658229% BID:0.9679 ASK:0.9729 STATE:IN_POS
[2026-02-28 05:28:03] CHK EMA1m:OK EMA5m:OK RSI:75.31865585 VOL:NO MOM:-0.15% RANGE:0.17% UP:25% SPREAD:0.4752557% BID:0.9679 ASK:0.9725 STATE:IN_POS
[2026-02-28 05:28:04] CHK EMA1m:OK EMA5m:OK RSI:75.31865585 VOL:NO MOM:-0.07% RANGE:0.09% UP:25% SPREAD:0.55790887% BID:0.9679 ASK:0.9733 STATE:IN_POS
[2026-02-28 05:28:05] CHK EMA1m:OK EMA5m:OK RSI:75.31865585 VOL:NO MOM:0.02% RANGE:0.03% UP:25% SPREAD:0.53724558% BID:0.9679 ASK:0.9731 STATE:IN_POS
[2026-02-28 05:28:06] CHK EMA1m:OK EMA5m:OK RSI:75.31865585 VOL:NO MOM:0.1% RANGE:0.12% UP:25% SPREAD:0.588296% BID:0.9689 ASK:0.9746 STATE:IN_POS
[2026-02-28 05:28:07] CHK EMA1m:OK EMA5m:OK RSI:75.31865585 VOL:NO MOM:0.13% RANGE:0.16% UP:25% SPREAD:0.52615289% BID:0.9693 ASK:0.9744 STATE:IN_POS
[2026-02-28 05:28:08] CHK EMA1m:OK EMA5m:OK RSI:75.31865585 VOL:NO MOM:0.2% RANGE:0.2% UP:31.25% SPREAD:0.46406104% BID:0.9697 ASK:0.9742 STATE:IN_POS
[2026-02-28 05:28:09] CHK EMA1m:OK EMA5m:OK RSI:75.31865585 VOL:NO MOM:0.21% RANGE:0.21% UP:35.29% SPREAD:0.4743246% BID:0.9698 ASK:0.9744 STATE:IN_POS
[2026-02-28 05:28:11] CHK EMA1m:OK EMA5m:OK RSI:75.31865585 VOL:NO MOM:0.23% RANGE:0.23% UP:35.29% SPREAD:0.4638697% BID:0.9701 ASK:0.9746 STATE:IN_POS
[2026-02-28 05:28:12] CHK EMA1m:OK EMA5m:OK RSI:75.31865585 VOL:NO MOM:0.23% RANGE:0.23% UP:35.29% SPREAD:0.4638697% BID:0.9701 ASK:0.9746 STATE:IN_POS
[2026-02-28 05:28:13] CHK EMA1m:OK EMA5m:OK RSI:75.31865585 VOL:NO MOM:0.24% RANGE:0.24% UP:41.17% SPREAD:0.45351473% BID:0.9702 ASK:0.9746 STATE:IN_POS
[2026-02-28 05:28:14] CHK EMA1m:OK EMA5m:OK RSI:75.31865585 VOL:NO MOM:0.24% RANGE:0.24% UP:38.88% SPREAD:0.45351473% BID:0.9702 ASK:0.9746 STATE:IN_POS
[2026-02-28 05:28:15] CHK EMA1m:OK EMA5m:OK RSI:75.31865585 VOL:NO MOM:0.23% RANGE:0.23% UP:33.33% SPREAD:0.45351473% BID:0.9702 ASK:0.9746 STATE:IN_POS
[2026-02-28 05:28:16] CHK EMA1m:OK EMA5m:OK RSI:75.31865585 VOL:NO MOM:0.25% RANGE:0.25% UP:38.88% SPREAD:0.62860676% BID:0.9704 ASK:0.9765 STATE:IN_POS
[2026-02-28 05:28:17] CHK EMA1m:OK EMA5m:OK RSI:75.31865585 VOL:NO MOM:0.25% RANGE:0.25% UP:38.88% SPREAD:0.62860676% BID:0.9704 ASK:0.9765 STATE:IN_POS
[2026-02-28 05:28:18] CHK EMA1m:OK EMA5m:OK RSI:75.31865585 VOL:NO MOM:0.36% RANGE:0.36% UP:44.44% SPREAD:0.57648754% BID:0.9714 ASK:0.977 STATE:IN_POS
[2026-02-28 05:28:19] CHK EMA1m:OK EMA5m:OK RSI:75.31865585 VOL:NO MOM:0.36% RANGE:0.36% UP:44.44% SPREAD:0.57648754% BID:0.9714 ASK:0.977 STATE:IN_POS
[2026-02-28 05:28:20] CHK EMA1m:OK EMA5m:OK RSI:75.31865585 VOL:NO MOM:0.36% RANGE:0.36% UP:44.44% SPREAD:0.57648754% BID:0.9714 ASK:0.977 STATE:IN_POS
[2026-02-28 05:28:22] CHK EMA1m:OK EMA5m:OK RSI:75.31865585 VOL:NO MOM:0.4% RANGE:0.4% UP:5E+1% SPREAD:0.64828153% BID:0.9718 ASK:0.9781 STATE:IN_POS
[2026-02-28 05:28:23] CHK EMA1m:OK EMA5m:OK RSI:75.31865585 VOL:NO MOM:0.4% RANGE:0.4% UP:5E+1% SPREAD:0.58654044% BID:0.9718 ASK:0.9775 STATE:IN_POS
[2026-02-28 05:28:24] CHK EMA1m:OK EMA5m:OK RSI:75.31865585 VOL:NO MOM:0.43% RANGE:0.43% UP:55.55% SPREAD:0.45262833% BID:0.9721 ASK:0.9765 STATE:IN_POS
[2026-02-28 05:28:25] CHK EMA1m:OK EMA5m:OK RSI:75.31865585 VOL:NO MOM:0.39% RANGE:0.43% UP:55.55% SPREAD:0.46310589% BID:0.9717 ASK:0.9762 STATE:IN_POS
[2026-02-28 05:28:26] CHK EMA1m:OK EMA5m:OK RSI:75.60137457 VOL:OK MOM:-0.04% RANGE:0.37% UP:5E+1% SPREAD:0.37170882% BID:0.9685 ASK:0.9721 STATE:IN_POS
[2026-02-28 05:28:27] CHK EMA1m:OK EMA5m:OK RSI:75.48906789 VOL:OK MOM:-0.02% RANGE:0.37% UP:5E+1% SPREAD:0.42307295% BID:0.9691 ASK:0.9732 STATE:IN_POS
[2026-02-28 05:28:28] CHK EMA1m:OK EMA5m:OK RSI:75.48906789 VOL:OK MOM:-0.02% RANGE:0.37% UP:5E+1% SPREAD:0.39195461% BID:0.9695 ASK:0.9733 STATE:IN_POS
[2026-02-28 05:28:29] CHK EMA1m:OK EMA5m:OK RSI:76.51598676 VOL:OK MOM:0.15% RANGE:0.37% UP:5E+1% SPREAD:0.55595593% BID:0.9713 ASK:0.9767 STATE:IN_POS
[2026-02-28 05:28:30] CHK EMA1m:OK EMA5m:OK RSI:76.51598676 VOL:OK MOM:0.08% RANGE:0.37% UP:44.44% SPREAD:0.8960758% BID:0.9709 ASK:0.9796 STATE:IN_POS
[2026-02-28 05:28:31] CHK EMA1m:OK EMA5m:OK RSI:76.51598676 VOL:OK MOM:0.09% RANGE:0.37% UP:5E+1% SPREAD:0.88568486% BID:0.971 ASK:0.9796 STATE:IN_POS
[2026-02-28 05:28:32] CHK EMA1m:OK EMA5m:OK RSI:76.51598676 VOL:OK MOM:0.5% RANGE:0.68% UP:5E+1% SPREAD:0.46149112% BID:0.9751 ASK:0.9796 STATE:IN_POS
[2026-02-28 05:28:33] CHK EMA1m:OK EMA5m:OK RSI:76.51598676 VOL:OK MOM:0.51% RANGE:0.69% UP:55.55% SPREAD:0.45118949% BID:0.9752 ASK:0.9796 STATE:IN_POS
[2026-02-28 05:28:34] CHK EMA1m:OK EMA5m:OK RSI:76.51598676 VOL:OK MOM:0.56% RANGE:0.74% UP:61.11% SPREAD:0.39971302% BID:0.9757 ASK:0.9796 STATE:IN_POS
[2026-02-28 05:28:35] CHK EMA1m:OK EMA5m:OK RSI:76.51598676 VOL:OK MOM:0.57% RANGE:0.77% UP:61.11% SPREAD:0.38934426% BID:0.976 ASK:0.9798 STATE:IN_POS
[2026-02-28 05:28:36] CHK EMA1m:OK EMA5m:OK RSI:76.51598676 VOL:OK MOM:0.5% RANGE:0.77% UP:61.11% SPREAD:0.39987696% BID:0.9753 ASK:0.9792 STATE:IN_POS
[2026-02-28 05:28:38] CHK EMA1m:OK EMA5m:OK RSI:76.51598676 VOL:OK MOM:0.46% RANGE:0.77% UP:57.89% SPREAD:0.42055595% BID:0.9749 ASK:0.979 STATE:IN_POS
[2026-02-28 05:28:39] CHK EMA1m:OK EMA5m:OK RSI:76.51598676 VOL:OK MOM:0.15% RANGE:0.77% UP:55.55% SPREAD:0.44197759% BID:0.9729 ASK:0.9772 STATE:IN_POS
[2026-02-28 05:28:40] CHK EMA1m:OK EMA5m:OK RSI:76.51598676 VOL:OK MOM:0.01% RANGE:0.77% UP:55.55% SPREAD:0.41173443% BID:0.9715 ASK:0.9755 STATE:IN_POS
[2026-02-28 05:28:40] CHK EMA1m:OK EMA5m:OK RSI:76.51598676 VOL:OK MOM:-0.07% RANGE:0.77% UP:5E+1% SPREAD:0.41190402% BID:0.9711 ASK:0.9751 STATE:IN_POS
[2026-02-28 05:28:41] CHK EMA1m:OK EMA5m:OK RSI:76.51598676 VOL:OK MOM:-0.09% RANGE:0.77% UP:5E+1% SPREAD:0.37078998% BID:0.9709 ASK:0.9745 STATE:IN_POS
[2026-02-28 05:28:43] CHK EMA1m:OK EMA5m:OK RSI:76.51598676 VOL:OK MOM:0.07% RANGE:0.77% UP:52.63% SPREAD:0.35989717% BID:0.9725 ASK:0.976 STATE:IN_POS
[2026-02-28 05:28:44] CHK EMA1m:OK EMA5m:OK RSI:76.51598676 VOL:OK MOM:0.14% RANGE:0.77% UP:55.55% SPREAD:0.38022813% BID:0.9731 ASK:0.9768 STATE:IN_POS
[2026-02-28 05:28:45] CHK EMA1m:OK EMA5m:OK RSI:76.51598676 VOL:OK MOM:0.47% RANGE:0.77% UP:55.55% SPREAD:0.38022813% BID:0.9731 ASK:0.9768 STATE:IN_POS
[2026-02-28 05:28:46] CHK EMA1m:OK EMA5m:OK RSI:76.51598676 VOL:OK MOM:0.31% RANGE:0.71% UP:5E+1% SPREAD:0.41143797% BID:0.9722 ASK:0.9762 STATE:IN_POS
[2026-02-28 05:28:47] CHK EMA1m:OK EMA5m:OK RSI:76.51598676 VOL:OK MOM:0.33% RANGE:0.67% UP:5E+1% SPREAD:0.46262979% BID:0.9727 ASK:0.9772 STATE:IN_POS
[2026-02-28 05:28:49] CHK EMA1m:OK EMA5m:OK RSI:76.51598676 VOL:OK MOM:0.34% RANGE:0.67% UP:52.63% SPREAD:0.41118421% BID:0.9728 ASK:0.9768 STATE:IN_POS
[2026-02-28 05:28:50] CHK EMA1m:OK EMA5m:OK RSI:76.51598676 VOL:OK MOM:0.32% RANGE:0.52% UP:52.94% SPREAD:0.43112297% BID:0.9742 ASK:0.9784 STATE:IN_POS
[2026-02-28 05:28:51] CHK EMA1m:OK EMA5m:OK RSI:76.51598676 VOL:OK MOM:-0.09% RANGE:0.52% UP:47.05% SPREAD:0.48244713% BID:0.9742 ASK:0.9789 STATE:IN_POS
[2026-02-28 05:28:52] CHK EMA1m:OK EMA5m:OK RSI:77.88161993 VOL:OK MOM:-0.12% RANGE:0.52% UP:41.17% SPREAD:0.44147843% BID:0.974 ASK:0.9783 STATE:IN_POS
[2026-02-28 05:28:54] CHK EMA1m:OK EMA5m:OK RSI:77.88161993 VOL:OK MOM:-0.15% RANGE:0.52% UP:41.17% SPREAD:0.4413878% BID:0.9742 ASK:0.9785 STATE:IN_POS
[2026-02-28 05:28:55] CHK EMA1m:OK EMA5m:OK RSI:77.88161993 VOL:OK MOM:-0.21% RANGE:0.52% UP:35.29% SPREAD:0.45179176% BID:0.9739 ASK:0.9783 STATE:IN_POS
[2026-02-28 05:28:56] CHK EMA1m:OK EMA5m:OK RSI:77.88161993 VOL:OK MOM:-0.14% RANGE:0.45% UP:35.29% SPREAD:0.41071978% BID:0.9739 ASK:0.9779 STATE:IN_POS
[2026-02-28 05:28:57] CHK EMA1m:OK EMA5m:OK RSI:77.88161993 VOL:OK MOM:-0.15% RANGE:0.41% UP:35.29% SPREAD:0.33901787% BID:0.9734 ASK:0.9767 STATE:IN_POS
[2026-02-28 05:28:58] CHK EMA1m:OK EMA5m:OK RSI:77.88161993 VOL:OK MOM:0.05% RANGE:0.33% UP:35.29% SPREAD:0.33901787% BID:0.9734 ASK:0.9767 STATE:IN_POS
[2026-02-28 05:28:59] CHK EMA1m:OK EMA5m:OK RSI:77.88161993 VOL:OK MOM:0.08% RANGE:0.33% UP:35.29% SPREAD:0.37025609% BID:0.9723 ASK:0.9759 STATE:IN_POS
[2026-02-28 05:29:00] CHK EMA1m:OK EMA5m:OK RSI:77.88161993 VOL:OK MOM:0.1% RANGE:0.33% UP:35.29% SPREAD:0.39090628% BID:0.9721 ASK:0.9759 STATE:IN_POS
[2026-02-28 05:29:01] CHK EMA1m:OK EMA5m:OK RSI:77.88161993 VOL:NO MOM:0.12% RANGE:0.33% UP:35.29% SPREAD:0.29832321% BID:0.9721 ASK:0.975 STATE:IN_POS
[2026-02-28 05:29:02] CHK EMA1m:OK EMA5m:OK RSI:77.88161993 VOL:NO MOM:-0.12% RANGE:0.29% UP:29.41% SPREAD:0.35004632% BID:0.9713 ASK:0.9747 STATE:IN_POS
[2026-02-28 05:29:03] CHK EMA1m:OK EMA5m:OK RSI:77.88161993 VOL:NO MOM:-0.16% RANGE:0.29% UP:29.41% SPREAD:0.34997426% BID:0.9715 ASK:0.9749 STATE:IN_POS
[2026-02-28 05:29:04] CHK EMA1m:OK EMA5m:OK RSI:77.88161993 VOL:NO MOM:-0.16% RANGE:0.29% UP:29.41% SPREAD:0.34997426% BID:0.9715 ASK:0.9749 STATE:IN_POS
[2026-02-28 05:29:05] CHK EMA1m:OK EMA5m:OK RSI:77.88161993 VOL:NO MOM:-0.01% RANGE:0.29% UP:35.29% SPREAD:0.37033227% BID:0.9721 ASK:0.9757 STATE:IN_POS
[2026-02-28 05:29:06] CHK EMA1m:OK EMA5m:OK RSI:77.88161993 VOL:NO MOM:0.06% RANGE:0.29% UP:35.29% SPREAD:0.34932703% BID:0.9733 ASK:0.9767 STATE:IN_POS
[2026-02-28 05:29:07] CHK EMA1m:OK EMA5m:OK RSI:77.88161993 VOL:NO MOM:0.04% RANGE:0.29% UP:29.41% SPREAD:0.31853678% BID:0.9732 ASK:0.9763 STATE:IN_POS
[2026-02-28 05:29:08] CHK EMA1m:OK EMA5m:OK RSI:77.88161993 VOL:NO MOM:-0.09% RANGE:0.29% UP:29.41% SPREAD:0.32877838% BID:0.9733 ASK:0.9765 STATE:IN_POS
[2026-02-28 05:29:10] CHK EMA1m:OK EMA5m:OK RSI:75.91093117 VOL:OK MOM:-0.2% RANGE:0.29% UP:27.77% SPREAD:0.36000822% BID:0.9722 ASK:0.9757 STATE:IN_POS
[2026-02-28 05:29:11] CHK EMA1m:OK EMA5m:OK RSI:75.91093117 VOL:OK MOM:-0.14% RANGE:0.29% UP:33.33% SPREAD:0.38034539% BID:0.9728 ASK:0.9765 STATE:IN_POS
[2026-02-28 05:29:12] CHK EMA1m:OK EMA5m:OK RSI:75.91093117 VOL:OK MOM:-0.08% RANGE:0.29% UP:38.88% SPREAD:0.42129058% BID:0.9732 ASK:0.9773 STATE:IN_POS
[2026-02-28 05:29:13] CHK EMA1m:OK EMA5m:OK RSI:75.91093117 VOL:OK MOM:-0.08% RANGE:0.29% UP:38.88% SPREAD:0.40065748% BID:0.9734 ASK:0.9773 STATE:IN_POS
[2026-02-28 05:29:14] CHK EMA1m:OK EMA5m:OK RSI:75.91093117 VOL:OK MOM:-0.03% RANGE:0.26% UP:44.44% SPREAD:0.3697617% BID:0.9736 ASK:0.9772 STATE:IN_POS
[2026-02-28 05:29:15] CHK EMA1m:OK EMA5m:OK RSI:75.91093117 VOL:OK MOM:-0.11% RANGE:0.26% UP:42.1% SPREAD:0.37006578% BID:0.9728 ASK:0.9764 STATE:IN_POS
[2026-02-28 05:29:16] CHK EMA1m:OK EMA5m:OK RSI:75.91093117 VOL:OK MOM:-0.01% RANGE:0.23% UP:5E+1% SPREAD:0.36987568% BID:0.9733 ASK:0.9769 STATE:IN_POS
[2026-02-28 05:29:17] CHK EMA1m:OK EMA5m:OK RSI:75.91093117 VOL:OK MOM:-0.05% RANGE:0.23% UP:5E+1% SPREAD:0.40086339% BID:0.9729 ASK:0.9768 STATE:IN_POS
[2026-02-28 05:29:18] CHK EMA1m:OK EMA5m:OK RSI:75.91093117 VOL:OK MOM:0.07% RANGE:0.23% UP:55.55% SPREAD:0.36998972% BID:0.973 ASK:0.9766 STATE:IN_POS
[2026-02-28 05:29:19] CHK EMA1m:OK EMA5m:OK RSI:75.91093117 VOL:OK MOM:0.08% RANGE:0.23% UP:55.55% SPREAD:0.3597492% BID:0.9729 ASK:0.9764 STATE:IN_POS
[2026-02-28 05:29:20] CHK EMA1m:OK EMA5m:OK RSI:75.91093117 VOL:OK MOM:0.09% RANGE:0.23% UP:57.89% SPREAD:0.36998972% BID:0.973 ASK:0.9766 STATE:IN_POS
[2026-02-28 05:29:21] CHK EMA1m:OK EMA5m:OK RSI:75.91093117 VOL:OK MOM:0.22% RANGE:0.23% UP:66.66% SPREAD:0.3800719% BID:0.9735 ASK:0.9772 STATE:IN_POS
[2026-02-28 05:29:23] CHK EMA1m:OK EMA5m:OK RSI:75.91093117 VOL:OK MOM:0.05% RANGE:0.21% UP:61.11% SPREAD:0.30864197% BID:0.972 ASK:0.975 STATE:IN_POS
[2026-02-28 05:29:24] CHK EMA1m:OK EMA5m:OK RSI:75.91093117 VOL:OK MOM:0.04% RANGE:0.21% UP:61.11% SPREAD:0.34983022% BID:0.9719 ASK:0.9753 STATE:IN_POS
[2026-02-28 05:29:25] CHK EMA1m:OK EMA5m:OK RSI:75.91093117 VOL:OK MOM:-0.01% RANGE:0.17% UP:61.11% SPREAD:0.34979423% BID:0.972 ASK:0.9754 STATE:IN_POS
[2026-02-28 05:29:26] CHK EMA1m:OK EMA5m:OK RSI:75.91093117 VOL:OK MOM:-0.13% RANGE:0.17% UP:55.55% SPREAD:0.33950617% BID:0.972 ASK:0.9753 STATE:IN_POS
[2026-02-28 05:29:27] CHK EMA1m:OK EMA5m:OK RSI:75.91093117 VOL:OK MOM:-0.22% RANGE:0.26% UP:55.55% SPREAD:0.41194644% BID:0.971 ASK:0.975 STATE:IN_POS
[2026-02-28 05:29:28] CHK EMA1m:OK EMA5m:OK RSI:75.91093117 VOL:OK MOM:-0.36% RANGE:0.4% UP:5E+1% SPREAD:0.42281117% BID:0.9697 ASK:0.9738 STATE:IN_POS
[2026-02-28 05:29:29] CHK EMA1m:OK EMA5m:OK RSI:75.91093117 VOL:OK MOM:-0.25% RANGE:0.4% UP:5E+1% SPREAD:0.3506239% BID:0.9697 ASK:0.9731 STATE:IN_POS
[2026-02-28 05:29:30] CHK EMA1m:OK EMA5m:OK RSI:75.91093117 VOL:OK MOM:-0.4% RANGE:0.48% UP:44.44% SPREAD:0.3509134% BID:0.9689 ASK:0.9723 STATE:IN_POS
[2026-02-28 05:29:31] CHK EMA1m:OK EMA5m:OK RSI:75.91093117 VOL:OK MOM:-0.23% RANGE:0.48% UP:44.44% SPREAD:0.29869193% BID:0.9709 ASK:0.9738 STATE:IN_POS
[2026-02-28 05:29:32] CHK EMA1m:OK EMA5m:OK RSI:75.91093117 VOL:OK MOM:-0.28% RANGE:0.48% UP:38.88% SPREAD:0.36060168% BID:0.9706 ASK:0.9741 STATE:IN_POS
[2026-02-28 05:29:33] CHK EMA1m:OK EMA5m:OK RSI:75.91093117 VOL:OK MOM:-0.29% RANGE:0.48% UP:38.88% SPREAD:0.35026269% BID:0.9707 ASK:0.9741 STATE:IN_POS
[2026-02-28 05:29:34] CHK EMA1m:OK EMA5m:OK RSI:75.91093117 VOL:OK MOM:-0.21% RANGE:0.47% UP:38.88% SPREAD:0.35026269% BID:0.9707 ASK:0.9741 STATE:IN_POS
[2026-02-28 05:29:35] CHK EMA1m:OK EMA5m:OK RSI:75.91093117 VOL:OK MOM:-0.26% RANGE:0.47% UP:33.33% SPREAD:0.21633872% BID:0.9707 ASK:0.9728 STATE:IN_POS
[2026-02-28 05:29:37] CHK EMA1m:OK EMA5m:OK RSI:75.91093117 VOL:OK MOM:-0.22% RANGE:0.47% UP:33.33% SPREAD:0.23694241% BID:0.9707 ASK:0.973 STATE:IN_POS
[2026-02-28 05:29:38] CHK EMA1m:OK EMA5m:OK RSI:75.91093117 VOL:OK MOM:-0.35% RANGE:0.47% UP:27.77% SPREAD:0.34038164% BID:0.9695 ASK:0.9728 STATE:IN_POS
[2026-02-28 05:29:39] CHK EMA1m:OK EMA5m:OK RSI:75.91093117 VOL:OK MOM:-0.34% RANGE:0.47% UP:27.77% SPREAD:0.33006704% BID:0.9695 ASK:0.9727 STATE:IN_POS
[2026-02-28 05:29:40] CHK EMA1m:OK EMA5m:OK RSI:75.91093117 VOL:OK MOM:-0.44% RANGE:0.49% UP:22.22% SPREAD:0.37163208% BID:0.9687 ASK:0.9723 STATE:IN_POS
[2026-02-28 05:29:41] CHK EMA1m:OK EMA5m:OK RSI:75.91093117 VOL:OK MOM:-0.49% RANGE:0.49% UP:16.66% SPREAD:0.36130897% BID:0.9687 ASK:0.9722 STATE:IN_POS
[2026-02-28 05:29:42] CHK EMA1m:OK EMA5m:OK RSI:75.91093117 VOL:OK MOM:-0.33% RANGE:0.34% UP:16.66% SPREAD:0.36130897% BID:0.9687 ASK:0.9722 STATE:IN_POS
[2026-02-28 05:29:43] CHK EMA1m:OK EMA5m:OK RSI:75.91093117 VOL:OK MOM:-0.3% RANGE:0.34% UP:22.22% SPREAD:0.34059242% BID:0.9689 ASK:0.9722 STATE:IN_POS
[2026-02-28 05:29:44] CHK EMA1m:OK EMA5m:OK RSI:75.91093117 VOL:OK MOM:-0.31% RANGE:0.34% UP:16.66% SPREAD:0.37155537% BID:0.9689 ASK:0.9725 STATE:IN_POS
[2026-02-28 05:29:45] CHK EMA1m:OK EMA5m:OK RSI:75.91093117 VOL:OK MOM:-0.31% RANGE:0.34% UP:16.66% SPREAD:0.33027144% BID:0.9689 ASK:0.9721 STATE:IN_POS
[2026-02-28 05:29:46] CHK EMA1m:OK EMA5m:OK RSI:75.91093117 VOL:OK MOM:-0.21% RANGE:0.23% UP:16.66% SPREAD:0.3509134% BID:0.9689 ASK:0.9723 STATE:IN_POS
[2026-02-28 05:29:47] CHK EMA1m:OK EMA5m:OK RSI:75.91093117 VOL:OK MOM:-0.21% RANGE:0.23% UP:15.78% SPREAD:0.3509134% BID:0.9689 ASK:0.9723 STATE:IN_POS
[2026-02-28 05:29:48] CHK EMA1m:OK EMA5m:OK RSI:75.91093117 VOL:OK MOM:-0.08% RANGE:0.22% UP:16.66% SPREAD:0.3509134% BID:0.9689 ASK:0.9723 STATE:IN_POS
[2026-02-28 05:29:50] CHK EMA1m:OK EMA5m:OK RSI:75.91093117 VOL:OK MOM:0.1% RANGE:0.22% UP:22.22% SPREAD:0.29899989% BID:0.9699 ASK:0.9728 STATE:IN_POS
[2026-02-28 05:29:51] CHK EMA1m:OK EMA5m:OK RSI:75.91093117 VOL:OK MOM:-0.06% RANGE:0.22% UP:22.22% SPREAD:0.35040709% BID:0.9703 ASK:0.9737 STATE:IN_POS
[2026-02-28 05:29:53] CHK EMA1m:OK EMA5m:OK RSI:75.91093117 VOL:OK MOM:0.01% RANGE:0.2% UP:27.77% SPREAD:0.33996085% BID:0.9707 ASK:0.974 STATE:IN_POS
[2026-02-28 05:29:54] CHK EMA1m:OK EMA5m:OK RSI:75.91093117 VOL:OK MOM:0.01% RANGE:0.21% UP:29.41% SPREAD:0.3605274% BID:0.9708 ASK:0.9743 STATE:IN_POS
[2026-02-28 05:29:55] CHK EMA1m:OK EMA5m:OK RSI:75.91093117 VOL:OK MOM:0.11% RANGE:0.32% UP:35.29% SPREAD:0.33957604% BID:0.9718 ASK:0.9751 STATE:IN_POS
[2026-02-28 05:29:56] CHK EMA1m:OK EMA5m:OK RSI:75.91093117 VOL:OK MOM:0.15% RANGE:0.36% UP:41.17% SPREAD:0.39086607% BID:0.9722 ASK:0.976 STATE:IN_POS
[2026-02-28 05:29:57] CHK EMA1m:OK EMA5m:OK RSI:75.91093117 VOL:OK MOM:0.31% RANGE:0.4% UP:47.05% SPREAD:0.39070532% BID:0.9726 ASK:0.9764 STATE:IN_POS
[2026-02-28 05:29:58] CHK EMA1m:OK EMA5m:OK RSI:75.91093117 VOL:OK MOM:0.31% RANGE:0.4% UP:47.05% SPREAD:0.39070532% BID:0.9726 ASK:0.9764 STATE:IN_POS
[2026-02-28 05:29:59] CHK EMA1m:OK EMA5m:OK RSI:75.91093117 VOL:OK MOM:0.44% RANGE:0.44% UP:52.94% SPREAD:0.34943473% BID:0.973 ASK:0.9764 STATE:IN_POS
[2026-02-28 05:30:00] CHK EMA1m:OK EMA5m:OK RSI:75.91093117 VOL:OK MOM:0.56% RANGE:0.56% UP:58.82% SPREAD:0.22582631% BID:0.9742 ASK:0.9764 STATE:IN_POS
[2026-02-28 05:30:03] CHK EMA1m:OK EMA5m:OK RSI:75 VOL:NO MOM:0.46% RANGE:0.56% UP:58.82% SPREAD:0.31853678% BID:0.9732 ASK:0.9763 STATE:IN_POS
[2026-02-28 05:30:04] CHK EMA1m:OK EMA5m:OK RSI:75 VOL:NO MOM:0.43% RANGE:0.54% UP:56.25% SPREAD:0.32884595% BID:0.9731 ASK:0.9763 STATE:IN_POS
[2026-02-28 05:30:05] CHK EMA1m:OK EMA5m:OK RSI:75 VOL:NO MOM:0.54% RANGE:0.54% UP:66.66% SPREAD:0.22582631% BID:0.9742 ASK:0.9764 STATE:IN_POS
[2026-02-28 05:30:06] CHK EMA1m:OK EMA5m:OK RSI:75 VOL:NO MOM:0.46% RANGE:0.54% UP:66.66% SPREAD:0.23628518% BID:0.9734 ASK:0.9757 STATE:IN_POS
[2026-02-28 05:30:07] CHK EMA1m:OK EMA5m:OK RSI:75 VOL:NO MOM:0.47% RANGE:0.54% UP:73.33% SPREAD:0.27734976% BID:0.9735 ASK:0.9762 STATE:IN_POS
[2026-02-28 05:30:08] CHK EMA1m:OK EMA5m:OK RSI:75 VOL:NO MOM:0.53% RANGE:0.54% UP:75% SPREAD:0.23611538% BID:0.9741 ASK:0.9764 STATE:IN_POS
[2026-02-28 05:30:09] CHK EMA1m:OK EMA5m:OK RSI:75 VOL:NO MOM:0.38% RANGE:0.44% UP:68.75% SPREAD:0.28759244% BID:0.9736 ASK:0.9764 STATE:IN_POS
[2026-02-28 05:30:10] CHK EMA1m:OK EMA5m:OK RSI:75 VOL:NO MOM:0.36% RANGE:0.4% UP:68.75% SPREAD:0.26699527% BID:0.9738 ASK:0.9764 STATE:IN_POS
[2026-02-28 05:30:11] CHK EMA1m:OK EMA5m:OK RSI:75 VOL:NO MOM:0.44% RANGE:0.44% UP:68.75% SPREAD:0.14358974% BID:0.975 ASK:0.9764 STATE:IN_POS
[2026-02-28 05:30:12] CHK EMA1m:OK EMA5m:OK RSI:75 VOL:OK MOM:0.45% RANGE:0.45% UP:68.75% SPREAD:0.36915504% BID:0.9752 ASK:0.9788 STATE:IN_POS
[2026-02-28 05:30:13] CHK EMA1m:OK EMA5m:OK RSI:75 VOL:OK MOM:0.49% RANGE:0.49% UP:70.58% SPREAD:0.31775317% BID:0.9756 ASK:0.9787 STATE:IN_POS
[2026-02-28 05:30:15] CHK EMA1m:OK EMA5m:OK RSI:75 VOL:OK MOM:0.37% RANGE:0.39% UP:64.7% SPREAD:0.37933155% BID:0.9754 ASK:0.9791 STATE:IN_POS
[2026-02-28 05:30:16] CHK EMA1m:OK EMA5m:OK RSI:75 VOL:OK MOM:0.3% RANGE:0.34% UP:58.82% SPREAD:0.36915504% BID:0.9752 ASK:0.9788 STATE:IN_POS
[2026-02-28 05:30:17] CHK EMA1m:OK EMA5m:OK RSI:75 VOL:OK MOM:0.32% RANGE:0.32% UP:58.82% SPREAD:0.31768805% BID:0.9758 ASK:0.9789 STATE:IN_POS
[2026-02-28 05:30:18] CHK EMA1m:OK EMA5m:OK RSI:75 VOL:OK MOM:0.32% RANGE:0.32% UP:58.82% SPREAD:0.31768805% BID:0.9758 ASK:0.9789 STATE:IN_POS
[2026-02-28 05:30:18] CHK EMA1m:OK EMA5m:OK RSI:75 VOL:OK MOM:0.28% RANGE:0.28% UP:52.94% SPREAD:0.31768805% BID:0.9758 ASK:0.9789 STATE:IN_POS
[2026-02-28 05:30:20] CHK EMA1m:OK EMA5m:OK RSI:75.6397134 VOL:OK MOM:0.16% RANGE:0.27% UP:47.05% SPREAD:0.31768805% BID:0.9758 ASK:0.9789 STATE:IN_POS
[2026-02-28 05:30:21] CHK EMA1m:OK EMA5m:OK RSI:75.6397134 VOL:OK MOM:0.43% RANGE:0.44% UP:52.94% SPREAD:0.30693677% BID:0.9774 ASK:0.9804 STATE:IN_POS
[2026-02-28 05:30:22] CHK EMA1m:OK EMA5m:OK RSI:76.38888888 VOL:OK MOM:0.61% RANGE:0.61% UP:58.82% SPREAD:0.29619037% BID:0.9791 ASK:0.982 STATE:IN_POS
[2026-02-28 05:30:23] CHK EMA1m:OK EMA5m:OK RSI:77.50472589 VOL:OK MOM:0.95% RANGE:0.95% UP:61.11% SPREAD:0.4987785% BID:0.9824 ASK:0.9873 STATE:IN_POS
[2026-02-28 05:30:24] SELL symbol=BARDUSDC qty=9.5 exit=0.9824 pnl=0.14060000000000034 reason=TP profile=major
[2026-02-28 05:30:34] CHK EMA1m:OK EMA5m:OK RSI:76.6437684 VOL:OK MOM:0.38% RANGE:0.81% UP:31.03% SPREAD:0.41870915% BID:0.9792 ASK:0.9833 STATE:IDLE
[2026-02-28 05:30:34] DECIDE_HOLD reason=HOLD_SPREAD spread=0.4187% mom=0.3896% range=0.8101% up=31.03% rsi=76.64376840039264
[2026-02-28 05:30:35] CHK EMA1m:OK EMA5m:OK RSI:76.6437684 VOL:OK MOM:0.36% RANGE:0.81% UP:31.03% SPREAD:0.45974662% BID:0.9788 ASK:0.9833 STATE:IDLE
[2026-02-28 05:30:36] CHK EMA1m:OK EMA5m:OK RSI:76.6437684 VOL:OK MOM:0.3% RANGE:0.74% UP:27.58% SPREAD:0.45974662% BID:0.9788 ASK:0.9833 STATE:IDLE
[2026-02-28 05:30:37] CHK EMA1m:OK EMA5m:OK RSI:76.6437684 VOL:OK MOM:0.32% RANGE:0.74% UP:31.03% SPREAD:0.43922369% BID:0.979 ASK:0.9833 STATE:IDLE
[2026-02-28 05:30:38] CHK EMA1m:OK EMA5m:OK RSI:76.6437684 VOL:OK MOM:0.38% RANGE:0.74% UP:34.48% SPREAD:0.37770518% BID:0.9796 ASK:0.9833 STATE:IDLE
[2026-02-28 05:30:40] CHK EMA1m:OK EMA5m:OK RSI:76.6437684 VOL:OK MOM:0.34% RANGE:0.74% UP:34.48% SPREAD:0.41870915% BID:0.9792 ASK:0.9833 STATE:IDLE
[2026-02-28 05:30:41] CHK EMA1m:OK EMA5m:OK RSI:76.6437684 VOL:OK MOM:0.21% RANGE:0.58% UP:34.48% SPREAD:0.38795303% BID:0.9795 ASK:0.9833 STATE:IDLE
[2026-02-28 05:30:42] CHK EMA1m:OK EMA5m:OK RSI:76.6437684 VOL:OK MOM:-0.04% RANGE:0.44% UP:31.03% SPREAD:0.47001123% BID:0.9787 ASK:0.9833 STATE:IDLE
[2026-02-28 05:30:43] CHK EMA1m:OK EMA5m:OK RSI:76.6437684 VOL:OK MOM:-0.35% RANGE:0.44% UP:31.03% SPREAD:0.44948411% BID:0.9789 ASK:0.9833 STATE:IDLE
[2026-02-28 05:30:44] CHK EMA1m:OK EMA5m:OK RSI:76.6437684 VOL:OK MOM:-0.35% RANGE:0.44% UP:31.03% SPREAD:0.36775973% BID:0.9789 ASK:0.9825 STATE:IDLE
[2026-02-28 05:30:45] CHK EMA1m:OK EMA5m:OK RSI:76.50542941 VOL:OK MOM:-0.18% RANGE:0.2% UP:28.57% SPREAD:0.36775973% BID:0.9789 ASK:0.9825 STATE:IDLE
[2026-02-28 05:30:45] DECIDE_HOLD reason=HOLD_SPREAD spread=0.3678% mom=-0.1835% range=0.2044% up=28.57% rsi=76.50542941757169
[2026-02-28 05:30:46] CHK EMA1m:OK EMA5m:OK RSI:76.50542941 VOL:OK MOM:-0.3% RANGE:0.3% UP:30.76% SPREAD:0.40954233% BID:0.9767 ASK:0.9807 STATE:IDLE
[2026-02-28 05:30:47] CHK EMA1m:OK EMA5m:OK RSI:76.50542941 VOL:OK MOM:-0.31% RANGE:0.36% UP:32% SPREAD:0.48155737% BID:0.976 ASK:0.9807 STATE:IDLE
[2026-02-28 05:30:48] CHK EMA1m:OK EMA5m:OK RSI:76.50542941 VOL:OK MOM:-0.11% RANGE:0.36% UP:36% SPREAD:0.43976273% BID:0.9778 ASK:0.9821 STATE:IDLE
[2026-02-28 05:30:49] CHK EMA1m:OK EMA5m:OK RSI:76.50542941 VOL:OK MOM:-0.09% RANGE:0.36% UP:37.5% SPREAD:0.3883892% BID:0.9784 ASK:0.9822 STATE:IDLE
[2026-02-28 05:30:52] CHK EMA1m:OK EMA5m:OK RSI:76.50542941 VOL:OK MOM:-0.22% RANGE:0.36% UP:34.78% SPREAD:0.36836181% BID:0.9773 ASK:0.9809 STATE:IDLE
[2026-02-28 05:30:54] CHK EMA1m:OK EMA5m:OK RSI:76.50542941 VOL:OK MOM:-0.21% RANGE:0.36% UP:38.88% SPREAD:0.4092909% BID:0.9773 ASK:0.9813 STATE:IDLE
[2026-02-28 05:30:55] CHK EMA1m:OK EMA5m:OK RSI:76.50542941 VOL:OK MOM:-0.07% RANGE:0.36% UP:43.75% SPREAD:0.36806052% BID:0.9781 ASK:0.9817 STATE:IDLE
[2026-02-28 05:30:55] DECIDE_HOLD reason=HOLD_RANGE_SPREAD spread=0.3681% mom=-0.0715% range=0.3689% up=43.75% rsi=76.50542941757169
[2026-02-28 05:30:57] CHK EMA1m:OK EMA5m:OK RSI:76.50542941 VOL:OK MOM:0.14% RANGE:0.43% UP:5E+1% SPREAD:0.38767598% BID:0.9802 ASK:0.984 STATE:IDLE
[2026-02-28 05:30:58] CHK EMA1m:OK EMA5m:OK RSI:76.50542941 VOL:OK MOM:0.09% RANGE:0.46% UP:46.66% SPREAD:0.40795512% BID:0.9805 ASK:0.9845 STATE:IDLE
[2026-02-28 05:30:59] CHK EMA1m:OK EMA5m:OK RSI:76.50542941 VOL:OK MOM:0.22% RANGE:0.55% UP:53.33% SPREAD:0.39739148% BID:0.9814 ASK:0.9853 STATE:IDLE
[2026-02-28 05:31:00] CHK EMA1m:OK EMA5m:OK RSI:76.50542941 VOL:OK MOM:0.12% RANGE:0.55% UP:46.66% SPREAD:0.46905271% BID:0.9807 ASK:0.9853 STATE:IDLE
[2026-02-28 05:31:01] CHK EMA1m:OK EMA5m:OK RSI:73.58490566 VOL:NO MOM:-0.07% RANGE:0.55% UP:46.66% SPREAD:0.50102249% BID:0.978 ASK:0.9829 STATE:IDLE
[2026-02-28 05:31:02] CHK EMA1m:OK EMA5m:OK RSI:73.58490566 VOL:NO MOM:-0.24% RANGE:0.55% UP:4E+1% SPREAD:0.51203277% BID:0.9765 ASK:0.9815 STATE:IDLE
[2026-02-28 05:31:03] CHK EMA1m:OK EMA5m:OK RSI:73.58490566 VOL:NO MOM:-0.35% RANGE:0.61% UP:4E+1% SPREAD:0.42034037% BID:0.9754 ASK:0.9795 STATE:IDLE
[2026-02-28 05:31:05] CHK EMA1m:OK EMA5m:OK RSI:73.58490566 VOL:NO MOM:-0.4% RANGE:0.66% UP:4E+1% SPREAD:0.47184326% BID:0.9749 ASK:0.9795 STATE:IDLE
[2026-02-28 05:31:06] CHK EMA1m:OK EMA5m:OK RSI:73.58490566 VOL:NO MOM:-0.09% RANGE:0.66% UP:46.66% SPREAD:0.37917606% BID:0.9758 ASK:0.9795 STATE:IDLE
[2026-02-28 05:31:06] DECIDE_HOLD reason=HOLD_SPREAD spread=0.3792% mom=-0.0921% range=0.6667% up=46.67% rsi=73.58490566037747
[2026-02-28 05:31:07] CHK EMA1m:OK EMA5m:OK RSI:73.58490566 VOL:NO MOM:0.03% RANGE:0.66% UP:53.33% SPREAD:0.35849636% BID:0.9763 ASK:0.9798 STATE:IDLE
[2026-02-28 05:31:07] BUY symbol=BARDUSDC qty=9.5 entry=0.9798 momPct=0.000307377049180294 rangePct=0.006667350497486985 upRatio=0.5333333333333333 profile=major
[2026-02-28 05:31:08] CHK EMA1m:OK EMA5m:OK RSI:68.91891891 VOL:OK MOM:-0.18% RANGE:0.66% UP:46.66% SPREAD:0.37909836% BID:0.976 ASK:0.9797 STATE:IN_POS
[2026-02-28 05:31:09] CHK EMA1m:OK EMA5m:OK RSI:68.91891891 VOL:OK MOM:-0.11% RANGE:0.66% UP:5E+1% SPREAD:0.33804548% BID:0.9762 ASK:0.9795 STATE:IN_POS
[2026-02-28 05:31:10] CHK EMA1m:OK EMA5m:OK RSI:68.91891891 VOL:OK MOM:-0.07% RANGE:0.66% UP:57.14% SPREAD:0.35838623% BID:0.9766 ASK:0.9801 STATE:IN_POS
[2026-02-28 05:31:11] CHK EMA1m:OK EMA5m:OK RSI:68.91891891 VOL:OK MOM:0.07% RANGE:0.66% UP:6E+1% SPREAD:0.31697341% BID:0.978 ASK:0.9811 STATE:IN_POS
[2026-02-28 05:31:12] CHK EMA1m:OK EMA5m:OK RSI:68.91891891 VOL:OK MOM:0.11% RANGE:0.66% UP:62.5% SPREAD:0.30662305% BID:0.9784 ASK:0.9814 STATE:IN_POS
[2026-02-28 05:31:14] CHK EMA1m:OK EMA5m:OK RSI:68.91891891 VOL:OK MOM:0.04% RANGE:0.66% UP:62.5% SPREAD:0.33725089% BID:0.9785 ASK:0.9818 STATE:IN_POS
[2026-02-28 05:31:15] CHK EMA1m:OK EMA5m:OK RSI:68.91891891 VOL:OK MOM:0.17% RANGE:0.66% UP:64.7% SPREAD:0.25515411% BID:0.9798 ASK:0.9823 STATE:IN_POS
[2026-02-28 05:31:16] CHK EMA1m:OK EMA5m:OK RSI:68.91891891 VOL:OK MOM:-0.03% RANGE:0.66% UP:64.7% SPREAD:0.24492295% BID:0.9799 ASK:0.9823 STATE:IN_POS
[2026-02-28 05:31:16] CHK EMA1m:OK EMA5m:OK RSI:68.91891891 VOL:OK MOM:0.01% RANGE:0.66% UP:64.7% SPREAD:0.33652865% BID:0.9806 ASK:0.9839 STATE:IN_POS
[2026-02-28 05:31:17] CHK EMA1m:OK EMA5m:OK RSI:68.91891891 VOL:OK MOM:0.03% RANGE:0.66% UP:66.66% SPREAD:0.32626427% BID:0.9808 ASK:0.984 STATE:IN_POS
[2026-02-28 05:31:19] CHK EMA1m:OK EMA5m:OK RSI:68.91891891 VOL:OK MOM:0.09% RANGE:0.75% UP:66.66% SPREAD:0.21378397% BID:0.9823 ASK:0.9844 STATE:IN_POS
[2026-02-28 05:31:20] CHK EMA1m:OK EMA5m:OK RSI:68.91891891 VOL:OK MOM:0.37% RANGE:0.97% UP:72.22% SPREAD:0.35554652% BID:0.9844 ASK:0.9879 STATE:IN_POS
[2026-02-28 05:31:21] CHK EMA1m:OK EMA5m:OK RSI:68.91891891 VOL:OK MOM:0.7% RANGE:1.02% UP:77.77% SPREAD:0.32490608% BID:0.9849 ASK:0.9881 STATE:IN_POS
[2026-02-28 05:31:22] CHK EMA1m:OK EMA5m:OK RSI:68.91891891 VOL:OK MOM:1.14% RANGE:1.31% UP:83.33% SPREAD:0.23286423% BID:0.9877 ASK:0.99 STATE:IN_POS
[2026-02-28 05:31:23] CHK EMA1m:OK EMA5m:OK RSI:68.91891891 VOL:OK MOM:1.28% RANGE:1.33% UP:88.88% SPREAD:0.21257212% BID:0.9879 ASK:0.99 STATE:IN_POS
[2026-02-28 05:31:24] CHK EMA1m:OK EMA5m:OK RSI:68.91891891 VOL:OK MOM:1.09% RANGE:1.33% UP:88.88% SPREAD:0.31452922% BID:0.9856 ASK:0.9887 STATE:IN_POS
[2026-02-28 05:31:25] CHK EMA1m:OK EMA5m:OK RSI:68.91891891 VOL:OK MOM:1.31% RANGE:1.31% UP:88.88% SPREAD:0.1416144% BID:0.9886 ASK:0.99 STATE:IN_POS
[2026-02-28 05:31:26] CHK EMA1m:OK EMA5m:OK RSI:68.91891891 VOL:OK MOM:0.66% RANGE:1.29% UP:83.33% SPREAD:0.73260073% BID:0.9828 ASK:0.99 STATE:IN_POS
[2026-02-28 05:31:27] CHK EMA1m:OK EMA5m:OK RSI:68.91891891 VOL:OK MOM:0.69% RANGE:1.29% UP:83.33% SPREAD:0.72242572% BID:0.9828 ASK:0.9899 STATE:IN_POS
[2026-02-28 05:31:28] CHK EMA1m:OK EMA5m:OK RSI:68.91891891 VOL:OK MOM:0.68% RANGE:1.27% UP:83.33% SPREAD:0.71217824% BID:0.9829 ASK:0.9899 STATE:IN_POS
[2026-02-28 05:31:29] CHK EMA1m:OK EMA5m:OK RSI:68.91891891 VOL:OK MOM:0.69% RANGE:1.27% UP:84.21% SPREAD:0.70193285% BID:0.983 ASK:0.9899 STATE:IN_POS
[2026-02-28 05:31:30] CHK EMA1m:OK EMA5m:OK RSI:68.91891891 VOL:OK MOM:0.8% RANGE:1.08% UP:83.33% SPREAD:0.30429049% BID:0.9859 ASK:0.9889 STATE:IN_POS
[2026-02-28 05:31:31] CHK EMA1m:OK EMA5m:OK RSI:75.61475409 VOL:OK MOM:1.09% RANGE:1.09% UP:83.33% SPREAD:0.31341623% BID:0.9891 ASK:0.9922 STATE:IN_POS
[2026-02-28 05:31:32] CHK EMA1m:OK EMA5m:OK RSI:75.61475409 VOL:OK MOM:0.96% RANGE:1.08% UP:77.77% SPREAD:0.39477679% BID:0.9879 ASK:0.9918 STATE:IN_POS
[2026-02-28 05:31:33] CHK EMA1m:OK EMA5m:OK RSI:75.61475409 VOL:OK MOM:0.82% RANGE:0.94% UP:72.22% SPREAD:0.38465431% BID:0.9879 ASK:0.9917 STATE:IN_POS
[2026-02-28 05:31:35] CHK EMA1m:OK EMA5m:OK RSI:75.61475409 VOL:OK MOM:0.84% RANGE:0.94% UP:73.68% SPREAD:0.35421516% BID:0.9881 ASK:0.9916 STATE:IN_POS
[2026-02-28 05:31:36] CHK EMA1m:OK EMA5m:OK RSI:75.61475409 VOL:OK MOM:0.68% RANGE:0.86% UP:66.66% SPREAD:0.44565988% BID:0.9873 ASK:0.9917 STATE:IN_POS
[2026-02-28 05:31:37] CHK EMA1m:OK EMA5m:OK RSI:75.61475409 VOL:OK MOM:0.67% RANGE:0.84% UP:66.66% SPREAD:0.43548713% BID:0.9874 ASK:0.9917 STATE:IN_POS
[2026-02-28 05:31:38] CHK EMA1m:OK EMA5m:OK RSI:76.6437684 VOL:OK MOM:0.66% RANGE:0.69% UP:66.66% SPREAD:0.50566343% BID:0.9888 ASK:0.9938 STATE:IN_POS
[2026-02-28 05:31:39] CHK EMA1m:OK EMA5m:OK RSI:76.6437684 VOL:OK MOM:0.44% RANGE:0.64% UP:61.11% SPREAD:0.50566343% BID:0.9888 ASK:0.9938 STATE:IN_POS
[2026-02-28 05:31:40] CHK EMA1m:OK EMA5m:OK RSI:74.94736842 VOL:OK MOM:0.44% RANGE:0.64% UP:57.89% SPREAD:0.46521035% BID:0.9888 ASK:0.9934 STATE:IN_POS
[2026-02-28 05:31:41] CHK EMA1m:OK EMA5m:OK RSI:74.94736842 VOL:OK MOM:-0.05% RANGE:0.64% UP:5E+1% SPREAD:0.46596434% BID:0.9872 ASK:0.9918 STATE:IN_POS
[2026-02-28 05:31:42] CHK EMA1m:OK EMA5m:OK RSI:74.94736842 VOL:OK MOM:-0.1% RANGE:0.64% UP:44.44% SPREAD:0.36477859% BID:0.9869 ASK:0.9905 STATE:IN_POS
[2026-02-28 05:31:43] CHK EMA1m:OK EMA5m:OK RSI:74.94736842 VOL:OK MOM:0.11% RANGE:0.64% UP:44.44% SPREAD:0.38512212% BID:0.9867 ASK:0.9905 STATE:IN_POS
[2026-02-28 05:31:44] CHK EMA1m:OK EMA5m:OK RSI:74.94736842 VOL:OK MOM:-0.29% RANGE:0.64% UP:38.88% SPREAD:0.34493253% BID:0.9857 ASK:0.9891 STATE:IN_POS
[2026-02-28 05:31:45] CHK EMA1m:OK EMA5m:OK RSI:74.94736842 VOL:OK MOM:-0.21% RANGE:0.64% UP:42.1% SPREAD:0.53725291% BID:0.9865 ASK:0.9918 STATE:IN_POS
[2026-02-28 05:31:46] CHK EMA1m:OK EMA5m:OK RSI:74.94736842 VOL:OK MOM:0.39% RANGE:0.64% UP:5E+1% SPREAD:0.48647005% BID:0.9867 ASK:0.9915 STATE:IN_POS
[2026-02-28 05:31:47] CHK EMA1m:OK EMA5m:OK RSI:74.94736842 VOL:OK MOM:0.38% RANGE:0.63% UP:44.44% SPREAD:0.46620046% BID:0.9867 ASK:0.9913 STATE:IN_POS
[2026-02-28 05:31:48] CHK EMA1m:OK EMA5m:OK RSI:74.94736842 VOL:OK MOM:0.38% RANGE:0.62% UP:44.44% SPREAD:0.45601945% BID:0.9868 ASK:0.9913 STATE:IN_POS
[2026-02-28 05:31:49] CHK EMA1m:OK EMA5m:OK RSI:74.94736842 VOL:OK MOM:0.09% RANGE:0.34% UP:38.88% SPREAD:0.45601945% BID:0.9868 ASK:0.9913 STATE:IN_POS
[2026-02-28 05:31:51] CHK EMA1m:OK EMA5m:OK RSI:74.94736842 VOL:OK MOM:0.1% RANGE:0.34% UP:42.1% SPREAD:0.40530955% BID:0.9869 ASK:0.9909 STATE:IN_POS
[2026-02-28 05:31:53] CHK EMA1m:OK EMA5m:OK RSI:74.94736842 VOL:OK MOM:-0.1% RANGE:0.31% UP:38.88% SPREAD:0.36477859% BID:0.9869 ASK:0.9905 STATE:IN_POS
[2026-02-28 05:31:53] CHK EMA1m:OK EMA5m:OK RSI:74.94736842 VOL:OK MOM:-0.12% RANGE:0.31% UP:35.29% SPREAD:0.44584051% BID:0.9869 ASK:0.9913 STATE:IN_POS
[2026-02-28 05:31:54] CHK EMA1m:OK EMA5m:OK RSI:74.94736842 VOL:OK MOM:-0.04% RANGE:0.31% UP:35.29% SPREAD:0.44584051% BID:0.9869 ASK:0.9913 STATE:IN_POS
[2026-02-28 05:31:57] CHK EMA1m:OK EMA5m:OK RSI:74.94736842 VOL:OK MOM:0% RANGE:0.31% UP:38.88% SPREAD:0.42540261% BID:0.9873 ASK:0.9915 STATE:IN_POS
[2026-02-28 05:31:58] CHK EMA1m:OK EMA5m:OK RSI:74.94736842 VOL:OK MOM:-0.15% RANGE:0.31% UP:31.25% SPREAD:0.42540261% BID:0.9873 ASK:0.9915 STATE:IN_POS
[2026-02-28 05:31:59] CHK EMA1m:OK EMA5m:OK RSI:74.94736842 VOL:OK MOM:-0.15% RANGE:0.31% UP:31.25% SPREAD:0.42540261% BID:0.9873 ASK:0.9915 STATE:IN_POS
[2026-02-28 05:32:00] CHK EMA1m:OK EMA5m:OK RSI:74.94736842 VOL:OK MOM:0.03% RANGE:0.18% UP:37.5% SPREAD:0.5670886% BID:0.9875 ASK:0.9931 STATE:IN_POS
[2026-02-28 05:32:02] CHK EMA1m:OK EMA5m:OK RSI:74.73460721 VOL:OK MOM:0.06% RANGE:0.18% UP:37.5% SPREAD:0.5670886% BID:0.9875 ASK:0.9931 STATE:IN_POS
[2026-02-28 05:32:03] CHK EMA1m:OK EMA5m:OK RSI:74.73460721 VOL:OK MOM:0.08% RANGE:0.18% UP:37.5% SPREAD:0.5670886% BID:0.9875 ASK:0.9931 STATE:IN_POS
[2026-02-28 05:32:04] CHK EMA1m:OK EMA5m:OK RSI:74.73460721 VOL:OK MOM:0.18% RANGE:0.18% UP:4E+1% SPREAD:0.61722149% BID:0.9883 ASK:0.9944 STATE:IN_POS
[2026-02-28 05:32:05] CHK EMA1m:OK EMA5m:OK RSI:74.73460721 VOL:OK MOM:0.16% RANGE:0.16% UP:33.33% SPREAD:0.59698472% BID:0.9883 ASK:0.9942 STATE:IN_POS
[2026-02-28 05:32:06] CHK EMA1m:OK EMA5m:OK RSI:74.73460721 VOL:OK MOM:0.16% RANGE:0.16% UP:31.25% SPREAD:0.51603764% BID:0.9883 ASK:0.9934 STATE:IN_POS
[2026-02-28 05:32:07] CHK EMA1m:OK EMA5m:OK RSI:74.73460721 VOL:OK MOM:0.16% RANGE:0.16% UP:31.25% SPREAD:0.55651118% BID:0.9883 ASK:0.9938 STATE:IN_POS
[2026-02-28 05:32:08] CHK EMA1m:OK EMA5m:OK RSI:74.73460721 VOL:OK MOM:0.15% RANGE:0.15% UP:26.66% SPREAD:0.61722149% BID:0.9883 ASK:0.9944 STATE:IN_POS
[2026-02-28 05:32:09] CHK EMA1m:OK EMA5m:OK RSI:74.73460721 VOL:OK MOM:0.46% RANGE:0.46% UP:26.66% SPREAD:0.29248613% BID:0.9915 ASK:0.9944 STATE:IN_POS
[2026-02-28 05:32:11] CHK EMA1m:OK EMA5m:OK RSI:74.73460721 VOL:OK MOM:0.46% RANGE:0.46% UP:26.66% SPREAD:0.31265758% BID:0.9915 ASK:0.9946 STATE:IN_POS
[2026-02-28 05:32:12] CHK EMA1m:OK EMA5m:OK RSI:74.73460721 VOL:OK MOM:0.03% RANGE:0.46% UP:25% SPREAD:0.40518638% BID:0.9872 ASK:0.9912 STATE:IN_POS
[2026-02-28 05:32:13] CHK EMA1m:OK EMA5m:OK RSI:74.73460721 VOL:OK MOM:0.03% RANGE:0.46% UP:25% SPREAD:0.38492706% BID:0.9872 ASK:0.991 STATE:IN_POS
[2026-02-28 05:32:14] CHK EMA1m:OK EMA5m:OK RSI:74.73460721 VOL:OK MOM:-0.16% RANGE:0.62% UP:25% SPREAD:0.48716127% BID:0.9853 ASK:0.9901 STATE:IN_POS
[2026-02-28 05:32:15] CHK EMA1m:OK EMA5m:OK RSI:74.73460721 VOL:OK MOM:-0.2% RANGE:0.62% UP:18.75% SPREAD:0.47701207% BID:0.9853 ASK:0.99 STATE:IN_POS
[2026-02-28 05:32:16] CHK EMA1m:OK EMA5m:OK RSI:71.9088937 VOL:OK MOM:-0.2% RANGE:0.62% UP:18.75% SPREAD:0.578504% BID:0.9853 ASK:0.991 STATE:IN_POS
[2026-02-28 05:32:17] CHK EMA1m:OK EMA5m:OK RSI:71.9088937 VOL:OK MOM:-0.2% RANGE:0.62% UP:17.64% SPREAD:0.578504% BID:0.9853 ASK:0.991 STATE:IN_POS
[2026-02-28 05:32:19] CHK EMA1m:OK EMA5m:OK RSI:71.9088937 VOL:OK MOM:-0.2% RANGE:0.62% UP:16.66% SPREAD:0.39581853% BID:0.9853 ASK:0.9892 STATE:IN_POS
[2026-02-28 05:32:20] CHK EMA1m:OK EMA5m:OK RSI:71.9088937 VOL:OK MOM:-0.24% RANGE:0.64% UP:11.76% SPREAD:0.4162014% BID:0.9851 ASK:0.9892 STATE:IN_POS
[2026-02-28 05:32:21] CHK EMA1m:OK EMA5m:OK RSI:71.9088937 VOL:OK MOM:-0.24% RANGE:0.64% UP:11.76% SPREAD:0.4162014% BID:0.9851 ASK:0.9892 STATE:IN_POS
[2026-02-28 05:32:22] CHK EMA1m:OK EMA5m:OK RSI:71.9088937 VOL:OK MOM:-0.24% RANGE:0.64% UP:11.76% SPREAD:0.42635265% BID:0.9851 ASK:0.9893 STATE:IN_POS
[2026-02-28 05:32:23] CHK EMA1m:OK EMA5m:OK RSI:74.13043478 VOL:OK MOM:-0.23% RANGE:0.64% UP:11.76% SPREAD:0.50709939% BID:0.986 ASK:0.991 STATE:IN_POS
[2026-02-28 05:32:24] CHK EMA1m:OK EMA5m:OK RSI:74.54545454 VOL:OK MOM:-0.06% RANGE:0.64% UP:16.66% SPREAD:0.39485673% BID:0.9877 ASK:0.9916 STATE:IN_POS
[2026-02-28 05:32:25] CHK EMA1m:OK EMA5m:OK RSI:74.54545454 VOL:OK MOM:0.04% RANGE:0.64% UP:23.52% SPREAD:0.31354303% BID:0.9887 ASK:0.9918 STATE:IN_POS
[2026-02-28 05:32:26] CHK EMA1m:OK EMA5m:OK RSI:74.54545454 VOL:OK MOM:0.04% RANGE:0.64% UP:23.52% SPREAD:0.30342874% BID:0.9887 ASK:0.9917 STATE:IN_POS
[2026-02-28 05:32:27] CHK EMA1m:OK EMA5m:OK RSI:74.86800422 VOL:OK MOM:0.04% RANGE:0.64% UP:23.52% SPREAD:0.33377161% BID:0.9887 ASK:0.992 STATE:IN_POS
[2026-02-28 05:32:28] CHK EMA1m:OK EMA5m:OK RSI:74.86800422 VOL:OK MOM:-0.06% RANGE:0.64% UP:22.22% SPREAD:0.43535486% BID:0.9877 ASK:0.992 STATE:IN_POS
[2026-02-28 05:32:29] CHK EMA1m:OK EMA5m:OK RSI:74.86800422 VOL:OK MOM:-0.33% RANGE:0.64% UP:22.22% SPREAD:0.39465695% BID:0.9882 ASK:0.9921 STATE:IN_POS
[2026-02-28 05:32:30] CHK EMA1m:OK EMA5m:OK RSI:74.86800422 VOL:OK MOM:0.11% RANGE:0.36% UP:29.41% SPREAD:0.38449863% BID:0.9883 ASK:0.9921 STATE:IN_POS
[2026-02-28 05:32:31] CHK EMA1m:OK EMA5m:OK RSI:74.86800422 VOL:OK MOM:0.27% RANGE:0.48% UP:33.33% SPREAD:0.30306091% BID:0.9899 ASK:0.9929 STATE:IN_POS
[2026-02-28 05:32:32] CHK EMA1m:OK EMA5m:OK RSI:74.86800422 VOL:OK MOM:0.3% RANGE:0.51% UP:38.88% SPREAD:0.27267218% BID:0.9902 ASK:0.9929 STATE:IN_POS
[2026-02-28 05:32:33] CHK EMA1m:OK EMA5m:OK RSI:74.86800422 VOL:OK MOM:0.4% RANGE:0.51% UP:38.88% SPREAD:0.36389366% BID:0.9893 ASK:0.9929 STATE:IN_POS
[2026-02-28 05:32:35] CHK EMA1m:OK EMA5m:OK RSI:74.86800422 VOL:OK MOM:0.46% RANGE:0.51% UP:44.44% SPREAD:0.30306091% BID:0.9899 ASK:0.9929 STATE:IN_POS
[2026-02-28 05:32:36] CHK EMA1m:OK EMA5m:OK RSI:74.86800422 VOL:OK MOM:0.44% RANGE:0.51% UP:47.05% SPREAD:0.3233303% BID:0.9897 ASK:0.9929 STATE:IN_POS
[2026-02-28 05:32:37] CHK EMA1m:OK EMA5m:OK RSI:74.86800422 VOL:OK MOM:0.48% RANGE:0.51% UP:52.94% SPREAD:0.28279971% BID:0.9901 ASK:0.9929 STATE:IN_POS
[2026-02-28 05:32:38] CHK EMA1m:OK EMA5m:OK RSI:74.86800422 VOL:OK MOM:0.48% RANGE:0.51% UP:52.94% SPREAD:0.30306091% BID:0.9899 ASK:0.9929 STATE:IN_POS
[2026-02-28 05:32:39] CHK EMA1m:OK EMA5m:OK RSI:74.86800422 VOL:OK MOM:0.5% RANGE:0.51% UP:55.55% SPREAD:0.28279971% BID:0.9901 ASK:0.9929 STATE:IN_POS
[2026-02-28 05:32:40] CHK EMA1m:OK EMA5m:OK RSI:74.86800422 VOL:OK MOM:0.58% RANGE:0.58% UP:61.11% SPREAD:0.20183671% BID:0.9909 ASK:0.9929 STATE:IN_POS
[2026-02-28 05:32:41] CHK EMA1m:OK EMA5m:OK RSI:75.10460251 VOL:OK MOM:0.75% RANGE:0.75% UP:66.66% SPREAD:0.40302267% BID:0.9925 ASK:0.9965 STATE:IN_POS
[2026-02-28 05:32:42] CHK EMA1m:OK EMA5m:OK RSI:75.10460251 VOL:OK MOM:0.91% RANGE:0.91% UP:66.66% SPREAD:0.34170854% BID:0.995 ASK:0.9984 STATE:IN_POS
[2026-02-28 05:32:43] SELL symbol=BARDUSDC qty=9.5 exit=0.9950000000000001 pnl=0.14440000000000097 reason=TP profile=major
[2026-02-28 05:32:54] CHK EMA1m:OK EMA5m:OK RSI:75.36231884 VOL:OK MOM:0.39% RANGE:0.53% UP:46.42% SPREAD:0.4528074% BID:0.9938 ASK:0.9983 STATE:IDLE
[2026-02-28 05:32:54] DECIDE_HOLD reason=HOLD_SPREAD spread=0.4528% mom=0.3940% range=0.5355% up=46.43% rsi=75.36231884057982
[2026-02-28 05:32:55] CHK EMA1m:OK EMA5m:OK RSI:75.36231884 VOL:OK MOM:0.34% RANGE:0.53% UP:46.42% SPREAD:0.44305709% BID:0.9931 ASK:0.9975 STATE:IDLE
[2026-02-28 05:32:56] CHK EMA1m:OK EMA5m:OK RSI:75.36231884 VOL:OK MOM:0.29% RANGE:0.51% UP:42.85% SPREAD:0.4531722% BID:0.993 ASK:0.9975 STATE:IDLE
[2026-02-28 05:32:57] CHK EMA1m:OK EMA5m:OK RSI:75.36231884 VOL:OK MOM:0.35% RANGE:0.51% UP:46.42% SPREAD:0.41272397% BID:0.9934 ASK:0.9975 STATE:IDLE
[2026-02-28 05:32:58] CHK EMA1m:OK EMA5m:OK RSI:75.36231884 VOL:OK MOM:0.39% RANGE:0.49% UP:46.42% SPREAD:0.36217303% BID:0.994 ASK:0.9976 STATE:IDLE
[2026-02-28 05:32:59] BUY symbol=BARDUSDC qty=9.5 entry=0.9975999999999999 momPct=0.003938996061003954 rangePct=0.0049489950510049644 upRatio=0.4642857142857143 profile=major
[2026-02-28 05:33:00] CHK EMA1m:OK EMA5m:OK RSI:75.33678756 VOL:OK MOM:0.32% RANGE:0.41% UP:46.42% SPREAD:0.3822553% BID:0.9941 ASK:0.9979 STATE:IN_POS
[2026-02-28 05:33:01] CHK EMA1m:OK EMA5m:OK RSI:75.33678756 VOL:OK MOM:0.12% RANGE:0.32% UP:42.85% SPREAD:0.37234577% BID:0.9937 ASK:0.9974 STATE:IN_POS
[2026-02-28 05:33:02] CHK EMA1m:OK EMA5m:OK RSI:72 VOL:NO MOM:-0.14% RANGE:0.32% UP:39.28% SPREAD:0.34219001% BID:0.9936 ASK:0.997 STATE:IN_POS
[2026-02-28 05:33:03] CHK EMA1m:OK EMA5m:OK RSI:72 VOL:NO MOM:-0.11% RANGE:0.31% UP:39.28% SPREAD:0.34219001% BID:0.9936 ASK:0.997 STATE:IN_POS
[2026-02-28 05:33:04] CHK EMA1m:OK EMA5m:OK RSI:72 VOL:NO MOM:-0.11% RANGE:0.31% UP:39.28% SPREAD:0.38244766% BID:0.9936 ASK:0.9974 STATE:IN_POS
[2026-02-28 05:33:05] CHK EMA1m:OK EMA5m:OK RSI:72 VOL:NO MOM:-0.04% RANGE:0.25% UP:37.03% SPREAD:0.30193236% BID:0.9936 ASK:0.9966 STATE:IN_POS
[2026-02-28 05:33:06] CHK EMA1m:OK EMA5m:OK RSI:72 VOL:NO MOM:-0.05% RANGE:0.3% UP:4E+1% SPREAD:0.35307172% BID:0.9913 ASK:0.9948 STATE:IN_POS
[2026-02-28 05:33:07] CHK EMA1m:OK EMA5m:OK RSI:72 VOL:NO MOM:-0.16% RANGE:0.32% UP:33.33% SPREAD:0.33296337% BID:0.9911 ASK:0.9944 STATE:IN_POS
[2026-02-28 05:33:08] CHK EMA1m:OK EMA5m:OK RSI:72 VOL:NO MOM:-0.17% RANGE:0.32% UP:34.78% SPREAD:0.4842615% BID:0.9912 ASK:0.996 STATE:IN_POS
[2026-02-28 05:33:09] CHK EMA1m:OK EMA5m:OK RSI:72 VOL:NO MOM:-0.17% RANGE:0.32% UP:31.81% SPREAD:0.3732849% BID:0.9912 ASK:0.9949 STATE:IN_POS
[2026-02-28 05:33:11] CHK EMA1m:OK EMA5m:OK RSI:72 VOL:NO MOM:-0.18% RANGE:0.32% UP:33.33% SPREAD:0.38325769% BID:0.9915 ASK:0.9953 STATE:IN_POS
[2026-02-28 05:33:12] CHK EMA1m:OK EMA5m:OK RSI:72 VOL:NO MOM:-0.25% RANGE:0.3% UP:3E+1% SPREAD:0.38325769% BID:0.9915 ASK:0.9953 STATE:IN_POS
[2026-02-28 05:33:12] CHK EMA1m:OK EMA5m:OK RSI:72 VOL:NO MOM:-0.13% RANGE:0.3% UP:36.84% SPREAD:0.32251562% BID:0.9922 ASK:0.9954 STATE:IN_POS
[2026-02-28 05:33:13] CHK EMA1m:OK EMA5m:OK RSI:72.51732101 VOL:OK MOM:-0.26% RANGE:0.3% UP:33.33% SPREAD:0.3732849% BID:0.9912 ASK:0.9949 STATE:IN_POS
[2026-02-28 05:33:14] CHK EMA1m:OK EMA5m:OK RSI:72.51732101 VOL:OK MOM:-0.18% RANGE:0.3% UP:38.88% SPREAD:0.46403712% BID:0.9913 ASK:0.9959 STATE:IN_POS
[2026-02-28 05:33:16] CHK EMA1m:OK EMA5m:OK RSI:72.51732101 VOL:OK MOM:-0.01% RANGE:0.3% UP:42.1% SPREAD:0.55387713% BID:0.993 ASK:0.9985 STATE:IN_POS
[2026-02-28 05:33:17] CHK EMA1m:OK EMA5m:OK RSI:72.51732101 VOL:OK MOM:0.02% RANGE:0.3% UP:44.44% SPREAD:0.43276972% BID:0.9936 ASK:0.9979 STATE:IN_POS
[2026-02-28 05:33:18] CHK EMA1m:OK EMA5m:OK RSI:72.51732101 VOL:OK MOM:-0.1% RANGE:0.3% UP:38.88% SPREAD:0.42296072% BID:0.993 ASK:0.9972 STATE:IN_POS
[2026-02-28 05:33:19] CHK EMA1m:OK EMA5m:OK RSI:72.51732101 VOL:OK MOM:-0.12% RANGE:0.3% UP:33.33% SPREAD:0.32228824% BID:0.9929 ASK:0.9961 STATE:IN_POS
[2026-02-28 05:33:20] CHK EMA1m:OK EMA5m:OK RSI:72.51732101 VOL:OK MOM:-0.09% RANGE:0.26% UP:33.33% SPREAD:0.35253827% BID:0.9928 ASK:0.9963 STATE:IN_POS
[2026-02-28 05:33:21] CHK EMA1m:OK EMA5m:OK RSI:72.51732101 VOL:OK MOM:-0.09% RANGE:0.26% UP:31.57% SPREAD:0.3223207% BID:0.9928 ASK:0.996 STATE:IN_POS
[2026-02-28 05:33:22] CHK EMA1m:OK EMA5m:OK RSI:72.51732101 VOL:OK MOM:-0.08% RANGE:0.25% UP:33.33% SPREAD:0.30217566% BID:0.9928 ASK:0.9958 STATE:IN_POS
[2026-02-28 05:33:23] CHK EMA1m:OK EMA5m:OK RSI:72.51732101 VOL:OK MOM:-0.08% RANGE:0.25% UP:33.33% SPREAD:0.34246575% BID:0.9928 ASK:0.9962 STATE:IN_POS
[2026-02-28 05:33:24] CHK EMA1m:OK EMA5m:OK RSI:72.51732101 VOL:OK MOM:-0.08% RANGE:0.25% UP:33.33% SPREAD:0.26188557% BID:0.9928 ASK:0.9954 STATE:IN_POS
[2026-02-28 05:33:25] CHK EMA1m:OK EMA5m:OK RSI:72.51732101 VOL:OK MOM:0.15% RANGE:0.25% UP:33.33% SPREAD:0.3223207% BID:0.9928 ASK:0.996 STATE:IN_POS
[2026-02-28 05:33:26] CHK EMA1m:OK EMA5m:OK RSI:72.51732101 VOL:OK MOM:0.01% RANGE:0.25% UP:31.57% SPREAD:0.31268912% BID:0.9914 ASK:0.9945 STATE:IN_POS
[2026-02-28 05:33:27] CHK EMA1m:OK EMA5m:OK RSI:72.51732101 VOL:OK MOM:0% RANGE:0.24% UP:27.77% SPREAD:0.36319612% BID:0.9912 ASK:0.9948 STATE:IN_POS
[2026-02-28 05:33:28] CHK EMA1m:OK EMA5m:OK RSI:72.51732101 VOL:OK MOM:-0.02% RANGE:0.26% UP:27.77% SPREAD:0.38345105% BID:0.991 ASK:0.9948 STATE:IN_POS
[2026-02-28 05:33:29] CHK EMA1m:OK EMA5m:OK RSI:72.51732101 VOL:OK MOM:-0.04% RANGE:0.26% UP:27.77% SPREAD:0.37332257% BID:0.9911 ASK:0.9948 STATE:IN_POS
[2026-02-28 05:33:30] CHK EMA1m:OK EMA5m:OK RSI:72.51732101 VOL:OK MOM:-0.07% RANGE:0.28% UP:27.77% SPREAD:0.40371417% BID:0.9908 ASK:0.9948 STATE:IN_POS
[2026-02-28 05:33:32] CHK EMA1m:OK EMA5m:OK RSI:72.51732101 VOL:OK MOM:-0.07% RANGE:0.28% UP:26.31% SPREAD:0.40371417% BID:0.9908 ASK:0.9948 STATE:IN_POS
[2026-02-28 05:33:33] CHK EMA1m:OK EMA5m:OK RSI:72.51732101 VOL:OK MOM:-0.04% RANGE:0.28% UP:22.22% SPREAD:0.43399273% BID:0.9908 ASK:0.9951 STATE:IN_POS
[2026-02-28 05:33:34] CHK EMA1m:OK EMA5m:OK RSI:72.51732101 VOL:OK MOM:-0.05% RANGE:0.28% UP:16.66% SPREAD:0.36334275% BID:0.9908 ASK:0.9944 STATE:IN_POS
[2026-02-28 05:33:35] CHK EMA1m:OK EMA5m:OK RSI:72.22870478 VOL:OK MOM:-0.22% RANGE:0.28% UP:11.11% SPREAD:0.34315704% BID:0.9908 ASK:0.9942 STATE:IN_POS
[2026-02-28 05:33:36] CHK EMA1m:OK EMA5m:OK RSI:72.22870478 VOL:OK MOM:-0.03% RANGE:0.28% UP:11.11% SPREAD:0.44296788% BID:0.9933 ASK:0.9977 STATE:IN_POS
[2026-02-28 05:33:37] CHK EMA1m:OK EMA5m:OK RSI:72.22870478 VOL:OK MOM:-0.15% RANGE:0.28% UP:10.52% SPREAD:0.46366293% BID:0.9921 ASK:0.9967 STATE:IN_POS
[2026-02-28 05:33:38] CHK EMA1m:OK EMA5m:OK RSI:72.22870478 VOL:OK MOM:-0.27% RANGE:0.31% UP:11.11% SPREAD:0.39385982% BID:0.9902 ASK:0.9941 STATE:IN_POS
[2026-02-28 05:33:39] CHK EMA1m:OK EMA5m:OK RSI:72.22870478 VOL:OK MOM:-0.29% RANGE:0.34% UP:11.11% SPREAD:0.42428528% BID:0.9899 ASK:0.9941 STATE:IN_POS
[2026-02-28 05:33:40] CHK EMA1m:OK EMA5m:OK RSI:67.54966887 VOL:OK MOM:-0.56% RANGE:0.61% UP:11.11% SPREAD:0.41531604% BID:0.9872 ASK:0.9913 STATE:IN_POS
[2026-02-28 05:33:41] SELL symbol=BARDUSDC qty=9.5 exit=0.9879999999999999 pnl=-0.0912000000000005 reason=STOP profile=major
[2026-02-28 05:34:12] CHK EMA1m:OK EMA5m:OK RSI:71.3625866 VOL:OK MOM:-0.27% RANGE:0.62% UP:33.33% SPREAD:0.46657876% BID:0.9859 ASK:0.9905 STATE:IDLE
[2026-02-28 05:34:12] DECIDE_HOLD reason=HOLD_SPREAD spread=0.4666% mom=-0.2731% range=0.6289% up=33.33% rsi=71.36258660508099
[2026-02-28 05:34:13] CHK EMA1m:OK EMA5m:OK RSI:71.3625866 VOL:OK MOM:-0.43% RANGE:0.67% UP:28.94% SPREAD:0.52775804% BID:0.9853 ASK:0.9905 STATE:IDLE
[2026-02-28 05:34:14] CHK EMA1m:OK EMA5m:OK RSI:71.3625866 VOL:OK MOM:-0.6% RANGE:0.86% UP:27.02% SPREAD:0.57956278% BID:0.9835 ASK:0.9892 STATE:IDLE
[2026-02-28 05:34:15] CHK EMA1m:OK EMA5m:OK RSI:71.3625866 VOL:OK MOM:-0.68% RANGE:0.86% UP:22.22% SPREAD:0.5083884% BID:0.9835 ASK:0.9885 STATE:IDLE
[2026-02-28 05:34:15] CHK EMA1m:OK EMA5m:OK RSI:71.3625866 VOL:OK MOM:-0.63% RANGE:0.86% UP:25.71% SPREAD:0.45731707% BID:0.984 ASK:0.9885 STATE:IDLE
[2026-02-28 05:34:17] CHK EMA1m:OK EMA5m:OK RSI:71.3625866 VOL:OK MOM:-0.63% RANGE:0.86% UP:26.47% SPREAD:0.43699186% BID:0.984 ASK:0.9883 STATE:IDLE
[2026-02-28 05:34:18] CHK EMA1m:OK EMA5m:OK RSI:71.3625866 VOL:OK MOM:-0.8% RANGE:0.86% UP:18.75% SPREAD:0.43699186% BID:0.984 ASK:0.9883 STATE:IDLE
[2026-02-28 05:34:19] CHK EMA1m:OK EMA5m:OK RSI:71.3625866 VOL:OK MOM:-0.49% RANGE:0.76% UP:22.58% SPREAD:0.40580298% BID:0.9857 ASK:0.9897 STATE:IDLE
[2026-02-28 05:34:20] CHK EMA1m:OK EMA5m:OK RSI:71.3625866 VOL:OK MOM:-0.54% RANGE:0.75% UP:2E+1% SPREAD:0.4261796% BID:0.9855 ASK:0.9897 STATE:IDLE
[2026-02-28 05:34:21] CHK EMA1m:OK EMA5m:OK RSI:71.3625866 VOL:OK MOM:-0.15% RANGE:0.41% UP:24.13% SPREAD:0.40580298% BID:0.9857 ASK:0.9897 STATE:IDLE
[2026-02-28 05:34:22] CHK EMA1m:OK EMA5m:OK RSI:71.3625866 VOL:OK MOM:-0.17% RANGE:0.39% UP:21.42% SPREAD:0.40580298% BID:0.9857 ASK:0.9897 STATE:IDLE
[2026-02-28 05:34:22] DECIDE_HOLD reason=HOLD_SPREAD spread=0.4058% mom=-0.1722% range=0.3965% up=21.43% rsi=71.36258660508099
[2026-02-28 05:34:23] CHK EMA1m:OK EMA5m:OK RSI:71.3625866 VOL:OK MOM:-0.21% RANGE:0.39% UP:19.23% SPREAD:0.44656449% BID:0.9853 ASK:0.9897 STATE:IDLE
[2026-02-28 05:34:24] CHK EMA1m:OK EMA5m:OK RSI:71.3625866 VOL:OK MOM:-0.13% RANGE:0.31% UP:2E+1% SPREAD:0.44656449% BID:0.9853 ASK:0.9897 STATE:IDLE
[2026-02-28 05:34:25] CHK EMA1m:OK EMA5m:OK RSI:71.3625866 VOL:OK MOM:-0.22% RANGE:0.31% UP:20.83% SPREAD:0.53839902% BID:0.9844 ASK:0.9897 STATE:IDLE
[2026-02-28 05:34:26] CHK EMA1m:OK EMA5m:OK RSI:71.3625866 VOL:OK MOM:-0.22% RANGE:0.31% UP:20.83% SPREAD:0.53839902% BID:0.9844 ASK:0.9897 STATE:IDLE
[2026-02-28 05:34:28] CHK EMA1m:OK EMA5m:OK RSI:71.3625866 VOL:OK MOM:-0.1% RANGE:0.27% UP:26.08% SPREAD:0.48735912% BID:0.9849 ASK:0.9897 STATE:IDLE
[2026-02-28 05:34:29] CHK EMA1m:OK EMA5m:OK RSI:71.3625866 VOL:OK MOM:-0.19% RANGE:0.27% UP:26.31% SPREAD:0.49796747% BID:0.984 ASK:0.9889 STATE:IDLE
[2026-02-28 05:34:30] CHK EMA1m:OK EMA5m:OK RSI:71.3625866 VOL:OK MOM:-0.19% RANGE:0.24% UP:22.22% SPREAD:0.39634146% BID:0.984 ASK:0.9879 STATE:IDLE
[2026-02-28 05:34:31] CHK EMA1m:OK EMA5m:OK RSI:71.3625866 VOL:OK MOM:-0.13% RANGE:0.22% UP:23.52% SPREAD:0.39634146% BID:0.984 ASK:0.9879 STATE:IDLE
[2026-02-28 05:34:33] CHK EMA1m:OK EMA5m:OK RSI:71.3625866 VOL:OK MOM:-0.13% RANGE:0.22% UP:22.22% SPREAD:0.39634146% BID:0.984 ASK:0.9879 STATE:IDLE
[2026-02-28 05:34:33] DECIDE_HOLD reason=HOLD_SPREAD spread=0.3963% mom=-0.1319% range=0.2237% up=22.22% rsi=71.36258660508099
[2026-02-28 05:34:35] CHK EMA1m:OK EMA5m:OK RSI:66.23794212 VOL:OK MOM:-0.22% RANGE:0.39% UP:18.75% SPREAD:0.46852719% BID:0.9818 ASK:0.9864 STATE:IDLE
[2026-02-28 05:34:36] CHK EMA1m:OK EMA5m:OK RSI:66.23794212 VOL:OK MOM:-0.17% RANGE:0.39% UP:25% SPREAD:0.41738776% BID:0.9823 ASK:0.9864 STATE:IDLE
[2026-02-28 05:34:37] CHK EMA1m:OK EMA5m:OK RSI:66.23794212 VOL:OK MOM:-0.18% RANGE:0.39% UP:25% SPREAD:0.42761148% BID:0.9822 ASK:0.9864 STATE:IDLE
[2026-02-28 05:34:39] CHK EMA1m:OK EMA5m:OK RSI:66.23794212 VOL:OK MOM:-0.34% RANGE:0.39% UP:25% SPREAD:0.41738776% BID:0.9823 ASK:0.9864 STATE:IDLE
[2026-02-28 05:34:40] CHK EMA1m:OK EMA5m:OK RSI:66.23794212 VOL:OK MOM:-0.4% RANGE:0.42% UP:25% SPREAD:0.49923586% BID:0.9815 ASK:0.9864 STATE:IDLE
[2026-02-28 05:34:41] CHK EMA1m:OK EMA5m:OK RSI:66.23794212 VOL:OK MOM:-0.45% RANGE:0.45% UP:18.75% SPREAD:0.52996331% BID:0.9812 ASK:0.9864 STATE:IDLE
[2026-02-28 05:34:42] CHK EMA1m:OK EMA5m:OK RSI:66.23794212 VOL:OK MOM:-0.52% RANGE:0.53% UP:18.75% SPREAD:0.48954614% BID:0.9805 ASK:0.9853 STATE:IDLE
[2026-02-28 05:34:43] CHK EMA1m:OK EMA5m:OK RSI:66.23794212 VOL:OK MOM:-0.49% RANGE:0.49% UP:18.75% SPREAD:0.499796% BID:0.9804 ASK:0.9853 STATE:IDLE
[2026-02-28 05:34:43] DECIDE_HOLD reason=HOLD_SPREAD spread=0.4998% mom=-0.4973% range=0.4998% up=18.75% rsi=66.23794212218658
[2026-02-28 05:34:44] CHK EMA1m:OK EMA5m:OK RSI:66.23794212 VOL:OK MOM:-0.64% RANGE:0.65% UP:18.75% SPREAD:0.50056185% BID:0.9789 ASK:0.9838 STATE:IDLE
[2026-02-28 05:34:45] CHK EMA1m:OK EMA5m:OK RSI:66.23794212 VOL:OK MOM:-0.84% RANGE:0.9% UP:18.75% SPREAD:0.65567052% BID:0.9761 ASK:0.9825 STATE:IDLE
[2026-02-28 05:34:46] CHK EMA1m:OK EMA5m:OK RSI:66.23794212 VOL:OK MOM:-0.93% RANGE:0.99% UP:18.75% SPREAD:0.59474979% BID:0.9752 ASK:0.981 STATE:IDLE
[2026-02-28 05:34:47] CHK EMA1m:OK EMA5m:OK RSI:66.23794212 VOL:OK MOM:-0.97% RANGE:0.99% UP:18.75% SPREAD:0.50240951% BID:0.9753 ASK:0.9802 STATE:IDLE
[2026-02-28 05:34:48] CHK EMA1m:OK EMA5m:OK RSI:66.23794212 VOL:OK MOM:-0.95% RANGE:0.96% UP:18.75% SPREAD:0.53355222% BID:0.9746 ASK:0.9798 STATE:IDLE
[2026-02-28 05:34:49] CHK EMA1m:OK EMA5m:OK RSI:66.23794212 VOL:OK MOM:-0.6% RANGE:0.96% UP:23.52% SPREAD:0.52147239% BID:0.978 ASK:0.9831 STATE:IDLE
[2026-02-28 05:34:50] CHK EMA1m:OK EMA5m:OK RSI:66.23794212 VOL:OK MOM:-0.81% RANGE:0.96% UP:23.52% SPREAD:0.59426229% BID:0.976 ASK:0.9818 STATE:IDLE
[2026-02-28 05:34:51] CHK EMA1m:OK EMA5m:OK RSI:66.23794212 VOL:OK MOM:-0.73% RANGE:0.96% UP:29.41% SPREAD:0.51187551% BID:0.9768 ASK:0.9818 STATE:IDLE
[2026-02-28 05:34:52] CHK EMA1m:OK EMA5m:OK RSI:66.23794212 VOL:OK MOM:-0.85% RANGE:0.96% UP:29.41% SPREAD:0.45100451% BID:0.9756 ASK:0.98 STATE:IDLE
[2026-02-28 05:34:54] CHK EMA1m:OK EMA5m:OK RSI:66.23794212 VOL:OK MOM:-0.69% RANGE:0.79% UP:29.41% SPREAD:0.41025641% BID:0.975 ASK:0.979 STATE:IDLE
[2026-02-28 05:34:54] DECIDE_HOLD reason=HOLD_SPREAD spread=0.4103% mom=-0.6926% range=0.7901% up=29.41% rsi=66.23794212218658
[2026-02-28 05:34:56] CHK EMA1m:OK EMA5m:OK RSI:66.23794212 VOL:OK MOM:-0.6% RANGE:0.79% UP:33.33% SPREAD:0.42012501% BID:0.9759 ASK:0.98 STATE:IDLE
[2026-02-28 05:34:57] CHK EMA1m:OK EMA5m:OK RSI:66.23794212 VOL:OK MOM:-1.02% RANGE:1.04% UP:29.41% SPREAD:0.33947124% BID:0.9721 ASK:0.9754 STATE:IDLE
[2026-02-28 05:34:58] CHK EMA1m:OK EMA5m:OK RSI:66.23794212 VOL:OK MOM:-1.15% RANGE:1.16% UP:23.52% SPREAD:0.44284243% BID:0.971 ASK:0.9753 STATE:IDLE
[2026-02-28 05:34:59] CHK EMA1m:OK EMA5m:OK RSI:66.23794212 VOL:OK MOM:-0.98% RANGE:1.08% UP:29.41% SPREAD:0.33957604% BID:0.9718 ASK:0.9751 STATE:IDLE
[2026-02-28 05:35:00] BUY symbol=BARDUSDC qty=9.6 entry=0.9751000000000001 momPct=-0.009882832399388733 rangePct=0.01081359423274981 upRatio=0.29411764705882354 profile=major
[2026-02-28 05:35:01] CHK EMA1m:OK EMA5m:OK RSI:55.50660792 VOL:NO MOM:-0.91% RANGE:1.05% UP:35.29% SPREAD:0.37029417% BID:0.9722 ASK:0.9758 STATE:IN_POS
[2026-02-28 05:35:02] CHK EMA1m:OK EMA5m:OK RSI:55.50660792 VOL:NO MOM:-0.64% RANGE:0.96% UP:43.75% SPREAD:0.36957191% BID:0.9741 ASK:0.9777 STATE:IN_POS
[2026-02-28 05:35:03] CHK EMA1m:OK EMA5m:OK RSI:55.50660792 VOL:NO MOM:-0.37% RANGE:0.81% UP:5E+1% SPREAD:0.3076292% BID:0.9752 ASK:0.9782 STATE:IN_POS
[2026-02-28 05:35:04] CHK EMA1m:OK EMA5m:OK RSI:55.50660792 VOL:NO MOM:0.1% RANGE:0.72% UP:56.25% SPREAD:0.40937468% BID:0.9771 ASK:0.9811 STATE:IN_POS
[2026-02-28 05:35:05] CHK EMA1m:OK EMA5m:OK RSI:55.50660792 VOL:NO MOM:-0.12% RANGE:0.72% UP:56.25% SPREAD:0.72895277% BID:0.974 ASK:0.9811 STATE:IN_POS
[2026-02-28 05:35:07] CHK EMA1m:OK EMA5m:OK RSI:55.50660792 VOL:NO MOM:-0.13% RANGE:0.72% UP:5E+1% SPREAD:0.72895277% BID:0.974 ASK:0.9811 STATE:IN_POS
[2026-02-28 05:35:08] CHK EMA1m:OK EMA5m:OK RSI:55.50660792 VOL:NO MOM:0.09% RANGE:0.72% UP:56.25% SPREAD:0.57406458% BID:0.9755 ASK:0.9811 STATE:IN_POS
[2026-02-28 05:35:09] CHK EMA1m:OK EMA5m:OK RSI:55.50660792 VOL:NO MOM:-0.27% RANGE:0.72% UP:5E+1% SPREAD:0.5741823% BID:0.9753 ASK:0.9809 STATE:IN_POS
[2026-02-28 05:35:10] CHK EMA1m:OK EMA5m:OK RSI:55.50660792 VOL:NO MOM:-0.07% RANGE:0.62% UP:5E+1% SPREAD:0.5741823% BID:0.9753 ASK:0.9809 STATE:IN_POS
[2026-02-28 05:35:11] CHK EMA1m:OK EMA5m:OK RSI:55.50660792 VOL:NO MOM:0.03% RANGE:0.62% UP:5E+1% SPREAD:0.31726537% BID:0.9771 ASK:0.9802 STATE:IN_POS
[2026-02-28 05:35:12] CHK EMA1m:OK EMA5m:OK RSI:55.50660792 VOL:NO MOM:0.16% RANGE:0.63% UP:56.25% SPREAD:0.32746623% BID:0.9772 ASK:0.9804 STATE:IN_POS
[2026-02-28 05:35:14] CHK EMA1m:OK EMA5m:OK RSI:55.50660792 VOL:NO MOM:0.1% RANGE:0.63% UP:53.33% SPREAD:0.39922202% BID:0.9769 ASK:0.9808 STATE:IN_POS
[2026-02-28 05:35:15] CHK EMA1m:OK EMA5m:OK RSI:55.50660792 VOL:NO MOM:0.43% RANGE:0.63% UP:53.33% SPREAD:0.39946737% BID:0.9763 ASK:0.9802 STATE:IN_POS
[2026-02-28 05:35:16] CHK EMA1m:OK EMA5m:OK RSI:55.50660792 VOL:NO MOM:0.48% RANGE:0.63% UP:56.25% SPREAD:0.33783783% BID:0.9768 ASK:0.9801 STATE:IN_POS
[2026-02-28 05:35:17] CHK EMA1m:OK EMA5m:OK RSI:55.50660792 VOL:NO MOM:0.45% RANGE:0.63% UP:52.94% SPREAD:0.37890424% BID:0.9765 ASK:0.9802 STATE:IN_POS
[2026-02-28 05:35:18] CHK EMA1m:OK EMA5m:OK RSI:55.50660792 VOL:NO MOM:0.71% RANGE:0.71% UP:58.82% SPREAD:0.23519787% BID:0.9779 ASK:0.9802 STATE:IN_POS
[2026-02-28 05:35:19] CHK EMA1m:OK EMA5m:OK RSI:55.50660792 VOL:NO MOM:0.57% RANGE:0.58% UP:5E+1% SPREAD:0.24544896% BID:0.9778 ASK:0.9802 STATE:IN_POS
[2026-02-28 05:35:20] CHK EMA1m:OK EMA5m:OK RSI:55.50660792 VOL:NO MOM:0.46% RANGE:0.58% UP:47.05% SPREAD:0.35834954% BID:0.9767 ASK:0.9802 STATE:IN_POS
[2026-02-28 05:35:21] CHK EMA1m:OK EMA5m:OK RSI:55.50660792 VOL:NO MOM:0.28% RANGE:0.4% UP:47.05% SPREAD:0.40945849% BID:0.9769 ASK:0.9809 STATE:IN_POS
[2026-02-28 05:35:22] CHK EMA1m:OK EMA5m:OK RSI:55.50660792 VOL:NO MOM:0.28% RANGE:0.4% UP:44.44% SPREAD:0.36851264% BID:0.9769 ASK:0.9805 STATE:IN_POS
[2026-02-28 05:35:24] CHK EMA1m:OK EMA5m:OK RSI:55.50660792 VOL:NO MOM:0.17% RANGE:0.4% UP:38.88% SPREAD:0.38898556% BID:0.9769 ASK:0.9807 STATE:IN_POS
[2026-02-28 05:35:24] CHK EMA1m:OK EMA5m:OK RSI:55.50660792 VOL:NO MOM:0.32% RANGE:0.4% UP:41.17% SPREAD:0.5218993% BID:0.9772 ASK:0.9823 STATE:IN_POS
[2026-02-28 05:35:25] CHK EMA1m:OK EMA5m:OK RSI:55.50660792 VOL:NO MOM:0.33% RANGE:0.4% UP:47.05% SPREAD:0.51161362% BID:0.9773 ASK:0.9823 STATE:IN_POS
[2026-02-28 05:35:26] CHK EMA1m:OK EMA5m:OK RSI:55.50660792 VOL:NO MOM:0.33% RANGE:0.35% UP:47.05% SPREAD:0.43931344% BID:0.9788 ASK:0.9831 STATE:IN_POS
[2026-02-28 05:35:27] CHK EMA1m:OK EMA5m:OK RSI:55.50660792 VOL:NO MOM:0.33% RANGE:0.35% UP:44.44% SPREAD:0.43931344% BID:0.9788 ASK:0.9831 STATE:IN_POS
[2026-02-28 05:35:29] CHK EMA1m:OK EMA5m:OK RSI:55.50660792 VOL:NO MOM:0.35% RANGE:0.35% UP:44.44% SPREAD:0.39844707% BID:0.9788 ASK:0.9827 STATE:IN_POS
[2026-02-28 05:35:30] CHK EMA1m:OK EMA5m:OK RSI:55.50660792 VOL:NO MOM:0.32% RANGE:0.35% UP:44.44% SPREAD:0.38834951% BID:0.9785 ASK:0.9823 STATE:IN_POS
[2026-02-28 05:35:31] CHK EMA1m:OK EMA5m:OK RSI:55.50660792 VOL:NO MOM:0.09% RANGE:0.25% UP:38.88% SPREAD:0.4192229% BID:0.978 ASK:0.9821 STATE:IN_POS
[2026-02-28 05:35:32] CHK EMA1m:OK EMA5m:OK RSI:55.50660792 VOL:NO MOM:0.09% RANGE:0.25% UP:35.29% SPREAD:0.35794641% BID:0.9778 ASK:0.9813 STATE:IN_POS
[2026-02-28 05:35:33] CHK EMA1m:OK EMA5m:OK RSI:55.50660792 VOL:NO MOM:0% RANGE:0.25% UP:33.33% SPREAD:0.3787491% BID:0.9769 ASK:0.9806 STATE:IN_POS
[2026-02-28 05:35:35] CHK EMA1m:OK EMA5m:OK RSI:55.50660792 VOL:NO MOM:0.06% RANGE:0.25% UP:33.33% SPREAD:0.50158665% BID:0.9769 ASK:0.9818 STATE:IN_POS
[2026-02-28 05:35:36] CHK EMA1m:OK EMA5m:OK RSI:55.50660792 VOL:NO MOM:0.01% RANGE:0.23% UP:27.77% SPREAD:0.48111372% BID:0.9769 ASK:0.9816 STATE:IN_POS
[2026-02-28 05:35:37] CHK EMA1m:OK EMA5m:OK RSI:55.50660792 VOL:NO MOM:0.09% RANGE:0.23% UP:33.33% SPREAD:0.45017393% BID:0.9774 ASK:0.9818 STATE:IN_POS
[2026-02-28 05:35:37] CHK EMA1m:OK EMA5m:OK RSI:55.50660792 VOL:NO MOM:0% RANGE:0.21% UP:33.33% SPREAD:0.39881378% BID:0.9779 ASK:0.9818 STATE:IN_POS
[2026-02-28 05:35:38] CHK EMA1m:OK EMA5m:OK RSI:55.50660792 VOL:NO MOM:-0.01% RANGE:0.21% UP:33.33% SPREAD:0.37843919% BID:0.9777 ASK:0.9814 STATE:IN_POS
[2026-02-28 05:35:40] CHK EMA1m:OK EMA5m:OK RSI:55.50660792 VOL:NO MOM:0.03% RANGE:0.21% UP:33.33% SPREAD:0.42988741% BID:0.977 ASK:0.9812 STATE:IN_POS
[2026-02-28 05:35:41] CHK EMA1m:OK EMA5m:OK RSI:55.50660792 VOL:NO MOM:0.02% RANGE:0.19% UP:33.33% SPREAD:0.41960904% BID:0.9771 ASK:0.9812 STATE:IN_POS
[2026-02-28 05:35:42] CHK EMA1m:OK EMA5m:OK RSI:55.50660792 VOL:NO MOM:0.11% RANGE:0.19% UP:38.88% SPREAD:0.46012269% BID:0.978 ASK:0.9825 STATE:IN_POS
[2026-02-28 05:35:43] CHK EMA1m:OK EMA5m:OK RSI:55.50660792 VOL:NO MOM:0.3% RANGE:0.3% UP:44.44% SPREAD:0.3571793% BID:0.9799 ASK:0.9834 STATE:IN_POS
[2026-02-28 05:35:44] CHK EMA1m:OK EMA5m:OK RSI:55.50660792 VOL:NO MOM:0.22% RANGE:0.3% UP:38.88% SPREAD:0.51051664% BID:0.9794 ASK:0.9844 STATE:IN_POS
[2026-02-28 05:35:46] CHK EMA1m:OK EMA5m:OK RSI:55.50660792 VOL:NO MOM:0.22% RANGE:0.3% UP:38.88% SPREAD:0.45941807% BID:0.9795 ASK:0.984 STATE:IN_POS
[2026-02-28 05:35:47] CHK EMA1m:OK EMA5m:OK RSI:55.50660792 VOL:NO MOM:0.12% RANGE:0.31% UP:41.17% SPREAD:0.42857142% BID:0.98 ASK:0.9842 STATE:IN_POS
[2026-02-28 05:35:48] CHK EMA1m:OK EMA5m:OK RSI:55.50660792 VOL:NO MOM:0.06% RANGE:0.31% UP:41.17% SPREAD:0.44925464% BID:0.9794 ASK:0.9838 STATE:IN_POS
[2026-02-28 05:35:49] CHK EMA1m:OK EMA5m:OK RSI:55.50660792 VOL:NO MOM:-0.05% RANGE:0.31% UP:41.17% SPREAD:0.36809815% BID:0.978 ASK:0.9816 STATE:IN_POS
[2026-02-28 05:35:49] CHK EMA1m:OK EMA5m:OK RSI:55.50660792 VOL:NO MOM:-0.06% RANGE:0.31% UP:38.88% SPREAD:0.3579098% BID:0.9779 ASK:0.9814 STATE:IN_POS
[2026-02-28 05:35:51] CHK EMA1m:OK EMA5m:OK RSI:55.50660792 VOL:NO MOM:-0.06% RANGE:0.31% UP:38.88% SPREAD:0.38878657% BID:0.9774 ASK:0.9812 STATE:IN_POS
[2026-02-28 05:35:52] CHK EMA1m:OK EMA5m:OK RSI:55.50660792 VOL:NO MOM:-0.04% RANGE:0.31% UP:38.88% SPREAD:0.36832412% BID:0.9774 ASK:0.981 STATE:IN_POS
[2026-02-28 05:35:53] CHK EMA1m:OK EMA5m:OK RSI:55.50660792 VOL:NO MOM:0.01% RANGE:0.31% UP:38.88% SPREAD:0.40941658% BID:0.977 ASK:0.981 STATE:IN_POS
[2026-02-28 05:35:54] CHK EMA1m:OK EMA5m:OK RSI:55.50660792 VOL:NO MOM:0.01% RANGE:0.31% UP:38.88% SPREAD:0.42988741% BID:0.977 ASK:0.9812 STATE:IN_POS
[2026-02-28 05:35:55] CHK EMA1m:OK EMA5m:OK RSI:55.50660792 VOL:NO MOM:-0.01% RANGE:0.32% UP:38.88% SPREAD:0.49140049% BID:0.9768 ASK:0.9816 STATE:IN_POS
[2026-02-28 05:35:57] CHK EMA1m:OK EMA5m:OK RSI:55.50660792 VOL:NO MOM:-0.06% RANGE:0.32% UP:33.33% SPREAD:0.47092547% BID:0.9768 ASK:0.9814 STATE:IN_POS
[2026-02-28 05:35:58] CHK EMA1m:OK EMA5m:OK RSI:55.50660792 VOL:NO MOM:-0.01% RANGE:0.32% UP:35.29% SPREAD:0.36824877% BID:0.9776 ASK:0.9812 STATE:IN_POS
[2026-02-28 05:35:59] CHK EMA1m:OK EMA5m:OK RSI:55.50660792 VOL:NO MOM:0.06% RANGE:0.32% UP:35.29% SPREAD:0.26595744% BID:0.9776 ASK:0.9802 STATE:IN_POS
[2026-02-28 05:36:00] CHK EMA1m:OK EMA5m:OK RSI:55.50660792 VOL:NO MOM:0.06% RANGE:0.32% UP:35.29% SPREAD:0.35798302% BID:0.9777 ASK:0.9812 STATE:IN_POS
[2026-02-28 05:36:02] CHK EMA1m:OK EMA5m:OK RSI:57.93103448 VOL:NO MOM:-0.15% RANGE:0.35% UP:29.41% SPREAD:0.44034818% BID:0.9765 ASK:0.9808 STATE:IN_POS
[2026-02-28 05:36:03] CHK EMA1m:OK EMA5m:OK RSI:57.93103448 VOL:NO MOM:-0.27% RANGE:0.35% UP:31.25% SPREAD:0.44025801% BID:0.9767 ASK:0.981 STATE:IN_POS
[2026-02-28 05:36:04] CHK EMA1m:OK EMA5m:OK RSI:57.93103448 VOL:NO MOM:-0.27% RANGE:0.35% UP:31.25% SPREAD:0.42997542% BID:0.9768 ASK:0.981 STATE:IN_POS
[2026-02-28 05:36:05] CHK EMA1m:OK EMA5m:OK RSI:57.93103448 VOL:NO MOM:-0.32% RANGE:0.35% UP:25% SPREAD:0.42997542% BID:0.9768 ASK:0.981 STATE:IN_POS
[2026-02-28 05:36:06] CHK EMA1m:OK EMA5m:OK RSI:57.93103448 VOL:NO MOM:-0.58% RANGE:0.58% UP:23.52% SPREAD:0.32844093% BID:0.9743 ASK:0.9775 STATE:IN_POS
[2026-02-28 05:36:07] CHK EMA1m:OK EMA5m:OK RSI:59.42350332 VOL:OK MOM:-0.41% RANGE:0.52% UP:29.41% SPREAD:0.32810417% BID:0.9753 ASK:0.9785 STATE:IN_POS
[2026-02-28 05:36:08] CHK EMA1m:OK EMA5m:OK RSI:59.42350332 VOL:OK MOM:-0.37% RANGE:0.37% UP:29.41% SPREAD:0.41055116% BID:0.9743 ASK:0.9783 STATE:IN_POS
[2026-02-28 05:36:09] CHK EMA1m:OK EMA5m:OK RSI:59.42350332 VOL:OK MOM:-0.27% RANGE:0.36% UP:35.29% SPREAD:0.37940935% BID:0.9752 ASK:0.9789 STATE:IN_POS
[2026-02-28 05:36:11] CHK EMA1m:OK EMA5m:OK RSI:59.42350332 VOL:OK MOM:-0.45% RANGE:0.48% UP:35.29% SPREAD:0.40082219% BID:0.973 ASK:0.9769 STATE:IN_POS
[2026-02-28 05:36:11] CHK EMA1m:OK EMA5m:OK RSI:59.42350332 VOL:OK MOM:-0.32% RANGE:0.48% UP:41.17% SPREAD:0.40032847% BID:0.9742 ASK:0.9781 STATE:IN_POS
[2026-02-28 05:36:13] CHK EMA1m:OK EMA5m:OK RSI:59.42350332 VOL:OK MOM:-0.26% RANGE:0.48% UP:47.05% SPREAD:0.37972085% BID:0.9744 ASK:0.9781 STATE:IN_POS
[2026-02-28 05:36:14] CHK EMA1m:OK EMA5m:OK RSI:59.42350332 VOL:OK MOM:-0.21% RANGE:0.48% UP:56.25% SPREAD:0.43090181% BID:0.9747 ASK:0.9789 STATE:IN_POS
[2026-02-28 05:36:15] CHK EMA1m:OK EMA5m:OK RSI:59.42350332 VOL:OK MOM:-0.19% RANGE:0.48% UP:62.5% SPREAD:0.41029849% BID:0.9749 ASK:0.9789 STATE:IN_POS
[2026-02-28 05:36:16] CHK EMA1m:OK EMA5m:OK RSI:59.42350332 VOL:OK MOM:-0.26% RANGE:0.48% UP:62.5% SPREAD:0.52307692% BID:0.975 ASK:0.9801 STATE:IN_POS
[2026-02-28 05:36:17] CHK EMA1m:OK EMA5m:OK RSI:59.42350332 VOL:OK MOM:-0.24% RANGE:0.48% UP:64.7% SPREAD:0.63576702% BID:0.9752 ASK:0.9814 STATE:IN_POS
[2026-02-28 05:36:18] CHK EMA1m:OK EMA5m:OK RSI:59.42350332 VOL:OK MOM:-0.22% RANGE:0.48% UP:70.58% SPREAD:0.51261021% BID:0.9754 ASK:0.9804 STATE:IN_POS
[2026-02-28 05:36:19] CHK EMA1m:OK EMA5m:OK RSI:59.42350332 VOL:OK MOM:-0.18% RANGE:0.48% UP:70.58% SPREAD:0.3996311% BID:0.9759 ASK:0.9798 STATE:IN_POS
[2026-02-28 05:36:20] CHK EMA1m:OK EMA5m:OK RSI:59.42350332 VOL:OK MOM:-0.06% RANGE:0.39% UP:70.58% SPREAD:0.3996311% BID:0.9759 ASK:0.9798 STATE:IN_POS
[2026-02-28 05:36:21] CHK EMA1m:OK EMA5m:OK RSI:59.42350332 VOL:OK MOM:0.08% RANGE:0.46% UP:70.58% SPREAD:0.35805626% BID:0.9775 ASK:0.981 STATE:IN_POS
[2026-02-28 05:36:22] CHK EMA1m:OK EMA5m:OK RSI:59.42350332 VOL:OK MOM:0.11% RANGE:0.49% UP:72.22% SPREAD:0.32726528% BID:0.9778 ASK:0.981 STATE:IN_POS
[2026-02-28 05:36:24] CHK EMA1m:OK EMA5m:OK RSI:59.42350332 VOL:OK MOM:0.12% RANGE:0.51% UP:72.22% SPREAD:0.3783231% BID:0.978 ASK:0.9817 STATE:IN_POS
[2026-02-28 05:36:25] CHK EMA1m:OK EMA5m:OK RSI:59.42350332 VOL:OK MOM:0.4% RANGE:0.53% UP:82.35% SPREAD:0.4395829% BID:0.9782 ASK:0.9825 STATE:IN_POS
[2026-02-28 05:36:26] CHK EMA1m:OK EMA5m:OK RSI:59.42350332 VOL:OK MOM:0.29% RANGE:0.53% UP:76.47% SPREAD:0.4395829% BID:0.9782 ASK:0.9825 STATE:IN_POS
[2026-02-28 05:36:27] CHK EMA1m:OK EMA5m:OK RSI:59.42350332 VOL:OK MOM:0.36% RANGE:0.53% UP:76.47% SPREAD:0.44994375% BID:0.9779 ASK:0.9823 STATE:IN_POS
[2026-02-28 05:36:29] CHK EMA1m:OK EMA5m:OK RSI:59.42350332 VOL:OK MOM:0.23% RANGE:0.53% UP:70.58% SPREAD:0.42966751% BID:0.9775 ASK:0.9817 STATE:IN_POS
[2026-02-28 05:36:30] CHK EMA1m:OK EMA5m:OK RSI:59.42350332 VOL:OK MOM:0.46% RANGE:0.53% UP:70.58% SPREAD:0.40920716% BID:0.9775 ASK:0.9815 STATE:IN_POS
[2026-02-28 05:36:31] CHK EMA1m:OK EMA5m:OK RSI:59.42350332 VOL:OK MOM:0.33% RANGE:0.41% UP:64.7% SPREAD:0.40920716% BID:0.9775 ASK:0.9815 STATE:IN_POS
[2026-02-28 05:36:32] CHK EMA1m:OK EMA5m:OK RSI:59.42350332 VOL:OK MOM:0.31% RANGE:0.38% UP:58.82% SPREAD:0.36828644% BID:0.9775 ASK:0.9811 STATE:IN_POS
[2026-02-28 05:36:33] CHK EMA1m:OK EMA5m:OK RSI:59.42350332 VOL:OK MOM:0.3% RANGE:0.35% UP:58.82% SPREAD:0.48072005% BID:0.9777 ASK:0.9824 STATE:IN_POS
[2026-02-28 05:36:34] CHK EMA1m:OK EMA5m:OK RSI:59.42350332 VOL:OK MOM:0.3% RANGE:0.35% UP:55.55% SPREAD:0.41935153% BID:0.9777 ASK:0.9818 STATE:IN_POS
[2026-02-28 05:36:35] CHK EMA1m:OK EMA5m:OK RSI:59.42350332 VOL:OK MOM:0.3% RANGE:0.32% UP:52.94% SPREAD:0.40899795% BID:0.978 ASK:0.982 STATE:IN_POS
[2026-02-28 05:36:36] CHK EMA1m:OK EMA5m:OK RSI:59.42350332 VOL:OK MOM:0.29% RANGE:0.3% UP:52.94% SPREAD:0.39873223% BID:0.9781 ASK:0.982 STATE:IN_POS
[2026-02-28 05:36:37] CHK EMA1m:OK EMA5m:OK RSI:59.42350332 VOL:OK MOM:0.28% RANGE:0.28% UP:52.94% SPREAD:0.38846861% BID:0.9782 ASK:0.982 STATE:IN_POS
[2026-02-28 05:36:38] CHK EMA1m:OK EMA5m:OK RSI:59.42350332 VOL:OK MOM:0.24% RANGE:0.24% UP:52.94% SPREAD:0.37820709% BID:0.9783 ASK:0.982 STATE:IN_POS
[2026-02-28 05:36:39] CHK EMA1m:OK EMA5m:OK RSI:59.42350332 VOL:OK MOM:0.03% RANGE:0.24% UP:5E+1% SPREAD:0.4507273% BID:0.9762 ASK:0.9806 STATE:IN_POS
[2026-02-28 05:36:40] CHK EMA1m:OK EMA5m:OK RSI:59.42350332 VOL:OK MOM:-0.21% RANGE:0.29% UP:47.05% SPREAD:0.43059257% BID:0.9754 ASK:0.9796 STATE:IN_POS
[2026-02-28 05:36:41] CHK EMA1m:OK EMA5m:OK RSI:59.42350332 VOL:OK MOM:-0.26% RANGE:0.31% UP:41.17% SPREAD:0.47169811% BID:0.9752 ASK:0.9798 STATE:IN_POS
[2026-02-28 05:36:42] CHK EMA1m:OK EMA5m:OK RSI:59.42350332 VOL:OK MOM:-0.14% RANGE:0.31% UP:41.17% SPREAD:0.39934466% BID:0.9766 ASK:0.9805 STATE:IN_POS
[2026-02-28 05:36:43] CHK EMA1m:OK EMA5m:OK RSI:59.42350332 VOL:OK MOM:-0.15% RANGE:0.31% UP:41.17% SPREAD:0.38906521% BID:0.9767 ASK:0.9805 STATE:IN_POS
[2026-02-28 05:36:45] CHK EMA1m:OK EMA5m:OK RSI:59.42350332 VOL:OK MOM:-0.06% RANGE:0.31% UP:44.44% SPREAD:0.46031096% BID:0.9776 ASK:0.9821 STATE:IN_POS
[2026-02-28 05:36:46] CHK EMA1m:OK EMA5m:OK RSI:59.42350332 VOL:OK MOM:-0.05% RANGE:0.31% UP:5E+1% SPREAD:0.45003579% BID:0.9777 ASK:0.9821 STATE:IN_POS
[2026-02-28 05:36:47] CHK EMA1m:OK EMA5m:OK RSI:59.42350332 VOL:OK MOM:-0.01% RANGE:0.31% UP:55.55% SPREAD:0.41930865% BID:0.9778 ASK:0.9819 STATE:IN_POS
[2026-02-28 05:36:48] CHK EMA1m:OK EMA5m:OK RSI:59.42350332 VOL:OK MOM:0.03% RANGE:0.31% UP:55.55% SPREAD:0.39885457% BID:0.9778 ASK:0.9817 STATE:IN_POS
[2026-02-28 05:36:49] CHK EMA1m:OK EMA5m:OK RSI:59.42350332 VOL:OK MOM:0.03% RANGE:0.31% UP:55.55% SPREAD:0.39885457% BID:0.9778 ASK:0.9817 STATE:IN_POS
[2026-02-28 05:36:50] CHK EMA1m:OK EMA5m:OK RSI:59.42350332 VOL:OK MOM:0.03% RANGE:0.31% UP:52.63% SPREAD:0.39885457% BID:0.9778 ASK:0.9817 STATE:IN_POS
[2026-02-28 05:36:51] CHK EMA1m:OK EMA5m:OK RSI:59.42350332 VOL:OK MOM:0.03% RANGE:0.31% UP:55.55% SPREAD:0.39885457% BID:0.9778 ASK:0.9817 STATE:IN_POS
[2026-02-28 05:36:52] CHK EMA1m:OK EMA5m:OK RSI:59.42350332 VOL:OK MOM:0.11% RANGE:0.36% UP:55.55% SPREAD:0.41888026% BID:0.9788 ASK:0.9829 STATE:IN_POS
[2026-02-28 05:36:53] CHK EMA1m:OK EMA5m:OK RSI:59.42350332 VOL:OK MOM:0.13% RANGE:0.38% UP:61.11% SPREAD:0.35750766% BID:0.979 ASK:0.9825 STATE:IN_POS
[2026-02-28 05:36:54] CHK EMA1m:OK EMA5m:OK RSI:59.42350332 VOL:OK MOM:0.1% RANGE:0.38% UP:55.55% SPREAD:0.29622063% BID:0.979 ASK:0.9819 STATE:IN_POS
[2026-02-28 05:36:55] CHK EMA1m:OK EMA5m:OK RSI:59.42350332 VOL:OK MOM:0.1% RANGE:0.38% UP:52.63% SPREAD:0.29622063% BID:0.979 ASK:0.9819 STATE:IN_POS
[2026-02-28 05:36:57] CHK EMA1m:OK EMA5m:OK RSI:59.42350332 VOL:OK MOM:0% RANGE:0.38% UP:44.44% SPREAD:0.39869147% BID:0.9782 ASK:0.9821 STATE:IN_POS
[2026-02-28 05:36:59] CHK EMA1m:OK EMA5m:OK RSI:59.42350332 VOL:OK MOM:0.3% RANGE:0.41% UP:47.05% SPREAD:0.47998366% BID:0.9792 ASK:0.9839 STATE:IN_POS
[2026-02-28 05:37:00] CHK EMA1m:OK EMA5m:OK RSI:59.42350332 VOL:OK MOM:0.61% RANGE:0.63% UP:52.94% SPREAD:0.51966578% BID:0.9814 ASK:0.9865 STATE:IN_POS
[2026-02-28 05:37:02] CHK EMA1m:OK EMA5m:OK RSI:48.81118881 VOL:NO MOM:0.38% RANGE:0.49% UP:5E+1% SPREAD:0.45899632% BID:0.9804 ASK:0.9849 STATE:IN_POS
[2026-02-28 05:37:03] CHK EMA1m:OK EMA5m:OK RSI:48.81118881 VOL:NO MOM:0.73% RANGE:0.73% UP:5E+1% SPREAD:0.40654538% BID:0.9839 ASK:0.9879 STATE:IN_POS
[2026-02-28 05:37:04] CHK EMA1m:OK EMA5m:OK RSI:48.81118881 VOL:NO MOM:0.52% RANGE:0.64% UP:43.75% SPREAD:0.32563345% BID:0.9827 ASK:0.9859 STATE:IN_POS
[2026-02-28 05:37:05] CHK EMA1m:OK EMA5m:OK RSI:48.81118881 VOL:NO MOM:0.43% RANGE:0.63% UP:37.5% SPREAD:0.45824847% BID:0.982 ASK:0.9865 STATE:IN_POS
[2026-02-28 05:37:07] CHK EMA1m:OK EMA5m:OK RSI:48.81118881 VOL:NO MOM:0.39% RANGE:0.62% UP:31.25% SPREAD:0.46857492% BID:0.9817 ASK:0.9863 STATE:IN_POS
[2026-02-28 05:37:08] CHK EMA1m:OK EMA5m:OK RSI:48.81118881 VOL:NO MOM:0.5% RANGE:0.62% UP:4E+1% SPREAD:0.49862623% BID:0.9827 ASK:0.9876 STATE:IN_POS
[2026-02-28 05:37:09] CHK EMA1m:OK EMA5m:OK RSI:48.81118881 VOL:NO MOM:0.39% RANGE:0.62% UP:4E+1% SPREAD:0.60099826% BID:0.9817 ASK:0.9876 STATE:IN_POS
[2026-02-28 05:37:10] CHK EMA1m:OK EMA5m:OK RSI:48.81118881 VOL:NO MOM:0.52% RANGE:0.62% UP:46.66% SPREAD:0.48835079% BID:0.9829 ASK:0.9877 STATE:IN_POS
[2026-02-28 05:37:11] CHK EMA1m:OK EMA5m:OK RSI:48.81118881 VOL:NO MOM:0.6% RANGE:0.62% UP:5E+1% SPREAD:0.39646233% BID:0.9837 ASK:0.9876 STATE:IN_POS
[2026-02-28 05:37:12] CHK EMA1m:OK EMA5m:OK RSI:48.81118881 VOL:NO MOM:0.5% RANGE:0.58% UP:43.75% SPREAD:0.38629663% BID:0.9837 ASK:0.9875 STATE:IN_POS
[2026-02-28 05:37:13] CHK EMA1m:OK EMA5m:OK RSI:48.81118881 VOL:NO MOM:0.48% RANGE:0.58% UP:4E+1% SPREAD:0.38629663% BID:0.9837 ASK:0.9875 STATE:IN_POS
[2026-02-28 05:37:14] CHK EMA1m:OK EMA5m:OK RSI:48.81118881 VOL:NO MOM:0.59% RANGE:0.67% UP:46.66% SPREAD:0.43663688% BID:0.9848 ASK:0.9891 STATE:IN_POS
[2026-02-28 05:37:15] CHK EMA1m:OK EMA5m:OK RSI:48.81118881 VOL:NO MOM:0.94% RANGE:0.94% UP:53.33% SPREAD:0.36459388% BID:0.9874 ASK:0.991 STATE:IN_POS
[2026-02-28 05:37:16] CHK EMA1m:OK EMA5m:OK RSI:48.81118881 VOL:NO MOM:1.23% RANGE:1.23% UP:56.25% SPREAD:0.25244875% BID:0.9903 ASK:0.9928 STATE:IN_POS
[2026-02-28 05:37:21] CHK EMA1m:OK EMA5m:OK RSI:54.25 VOL:OK MOM:0.76% RANGE:1% UP:5E+1% SPREAD:0.3340419% BID:0.9879 ASK:0.9912 STATE:IN_POS
[2026-02-28 05:37:22] CHK EMA1m:OK EMA5m:OK RSI:54.25 VOL:OK MOM:0.27% RANGE:0.87% UP:42.85% SPREAD:0.38516115% BID:0.9866 ASK:0.9904 STATE:IN_POS
[2026-02-28 05:37:23] CHK EMA1m:OK EMA5m:OK RSI:54.25 VOL:OK MOM:0.34% RANGE:0.87% UP:42.85% SPREAD:0.37521549% BID:0.9861 ASK:0.9898 STATE:IN_POS
[2026-02-28 05:37:24] CHK EMA1m:OK EMA5m:OK RSI:54.25 VOL:OK MOM:0.56% RANGE:0.87% UP:5E+1% SPREAD:0.41518987% BID:0.9875 ASK:0.9916 STATE:IN_POS
[2026-02-28 05:37:26] CHK EMA1m:OK EMA5m:OK RSI:54.25 VOL:OK MOM:0.63% RANGE:0.87% UP:57.14% SPREAD:0.37453183% BID:0.9879 ASK:0.9916 STATE:IN_POS
[2026-02-28 05:37:27] CHK EMA1m:OK EMA5m:OK RSI:54.25 VOL:OK MOM:0.46% RANGE:0.87% UP:5E+1% SPREAD:0.39501671% BID:0.9873 ASK:0.9912 STATE:IN_POS
[2026-02-28 05:37:28] CHK EMA1m:OK EMA5m:OK RSI:57.0926143 VOL:OK MOM:0.52% RANGE:0.87% UP:5E+1% SPREAD:0.57756611% BID:0.9869 ASK:0.9926 STATE:IN_POS
[2026-02-28 05:37:29] CHK EMA1m:OK EMA5m:OK RSI:57.0926143 VOL:OK MOM:0.4% RANGE:0.75% UP:42.85% SPREAD:0.56743337% BID:0.9869 ASK:0.9925 STATE:IN_POS
[2026-02-28 05:37:30] CHK EMA1m:OK EMA5m:OK RSI:57.0926143 VOL:OK MOM:0.47% RANGE:0.67% UP:42.85% SPREAD:0.67786321% BID:0.9884 ASK:0.9951 STATE:IN_POS
[2026-02-28 05:37:31] CHK EMA1m:OK EMA5m:OK RSI:57.0926143 VOL:OK MOM:0.66% RANGE:0.67% UP:5E+1% SPREAD:0.41405776% BID:0.9902 ASK:0.9943 STATE:IN_POS
[2026-02-28 05:37:32] SELL symbol=BARDUSDC qty=9.6 exit=0.9902 pnl=0.14495999999999895 reason=TP profile=major
[2026-02-28 05:37:42] CHK EMA1m:OK EMA5m:OK RSI:59.64718853 VOL:OK MOM:0.7% RANGE:0.92% UP:44.82% SPREAD:0.49315619% BID:0.9936 ASK:0.9985 STATE:IDLE
[2026-02-28 05:37:42] DECIDE_HOLD reason=HOLD_SPREAD spread=0.4932% mom=0.7095% range=0.9228% up=44.83% rsi=59.6471885336274
[2026-02-28 05:37:43] CHK EMA1m:OK EMA5m:OK RSI:59.64718853 VOL:OK MOM:0.58% RANGE:0.84% UP:42.85% SPREAD:0.51344004% BID:0.9933 ASK:0.9984 STATE:IDLE
[2026-02-28 05:37:44] CHK EMA1m:OK EMA5m:OK RSI:59.64718853 VOL:OK MOM:0.29% RANGE:0.84% UP:39.28% SPREAD:0.53492127% BID:0.9908 ASK:0.9961 STATE:IDLE
[2026-02-28 05:37:45] CHK EMA1m:OK EMA5m:OK RSI:59.01455767 VOL:OK MOM:0.47% RANGE:0.84% UP:42.85% SPREAD:0.41330645% BID:0.992 ASK:0.9961 STATE:IDLE
[2026-02-28 05:37:46] CHK EMA1m:OK EMA5m:OK RSI:59.01455767 VOL:OK MOM:0.51% RANGE:0.84% UP:44.82% SPREAD:0.53405884% BID:0.9924 ASK:0.9977 STATE:IDLE
[2026-02-28 05:37:48] CHK EMA1m:OK EMA5m:OK RSI:59.01455767 VOL:OK MOM:0.47% RANGE:0.84% UP:44.82% SPREAD:0.57482855% BID:0.9916 ASK:0.9973 STATE:IDLE
[2026-02-28 05:37:49] CHK EMA1m:OK EMA5m:OK RSI:59.01455767 VOL:OK MOM:0.54% RANGE:0.84% UP:48.27% SPREAD:0.54419026% BID:0.9923 ASK:0.9977 STATE:IDLE
[2026-02-28 05:37:50] CHK EMA1m:OK EMA5m:OK RSI:59.01455767 VOL:OK MOM:0.56% RANGE:0.68% UP:48.27% SPREAD:0.54325955% BID:0.994 ASK:0.9994 STATE:IDLE
[2026-02-28 05:37:51] CHK EMA1m:OK EMA5m:OK RSI:60.89743589 VOL:OK MOM:0.64% RANGE:0.68% UP:48.27% SPREAD:0.64218342% BID:0.9966 ASK:1.003 STATE:IDLE
[2026-02-28 05:37:52] CHK EMA1m:OK EMA5m:OK RSI:60.89743589 VOL:OK MOM:0.46% RANGE:0.68% UP:48.27% SPREAD:0.7240547% BID:0.9944 ASK:1.0016 STATE:IDLE
[2026-02-28 05:37:53] CHK EMA1m:OK EMA5m:OK RSI:60.89743589 VOL:OK MOM:0.47% RANGE:0.68% UP:53.57% SPREAD:0.71392659% BID:0.9945 ASK:1.0016 STATE:IDLE
[2026-02-28 05:37:53] DECIDE_HOLD reason=HOLD_SPREAD spread=0.7139% mom=0.4748% range=0.6870% up=53.57% rsi=60.89743589743592
[2026-02-28 05:37:54] CHK EMA1m:OK EMA5m:OK RSI:61.39240506 VOL:OK MOM:0.37% RANGE:0.58% UP:5E+1% SPREAD:0.76366559% BID:0.9952 ASK:1.0028 STATE:IDLE
[2026-02-28 05:37:55] CHK EMA1m:OK EMA5m:OK RSI:61.39240506 VOL:OK MOM:0.47% RANGE:0.64% UP:52% SPREAD:0.55154432% BID:0.9972 ASK:1.0027 STATE:IDLE
[2026-02-28 05:37:56] CHK EMA1m:OK EMA5m:OK RSI:61.39240506 VOL:OK MOM:0.42% RANGE:0.64% UP:45.83% SPREAD:0.5615724% BID:0.9972 ASK:1.0028 STATE:IDLE
[2026-02-28 05:37:57] CHK EMA1m:OK EMA5m:OK RSI:61.39240506 VOL:OK MOM:0.47% RANGE:0.68% UP:5E+1% SPREAD:0.57137129% BID:0.9976 ASK:1.0033 STATE:IDLE
[2026-02-28 05:37:59] CHK EMA1m:OK EMA5m:OK RSI:61.39240506 VOL:OK MOM:0.47% RANGE:0.72% UP:52.17% SPREAD:0.53106212% BID:0.998 ASK:1.0033 STATE:IDLE
[2026-02-28 05:38:00] CHK EMA1m:OK EMA5m:OK RSI:61.39240506 VOL:OK MOM:0.5% RANGE:0.82% UP:57.89% SPREAD:0.62062062% BID:0.999 ASK:1.0052 STATE:IDLE
[2026-02-28 05:38:02] CHK EMA1m:OK EMA5m:OK RSI:65.17357222 VOL:NO MOM:0.65% RANGE:0.96% UP:66.66% SPREAD:0.47980807% BID:1.0004 ASK:1.0052 STATE:IDLE
[2026-02-28 05:38:03] CHK EMA1m:OK EMA5m:OK RSI:65.17357222 VOL:NO MOM:0.65% RANGE:0.96% UP:70.58% SPREAD:0.54010802% BID:0.9998 ASK:1.0052 STATE:IDLE
[2026-02-28 05:38:03] DECIDE_HOLD reason=HOLD_SPREAD spread=0.5401% mom=0.6544% range=0.9689% up=70.59% rsi=65.17357222844348
[2026-02-28 05:38:05] CHK EMA1m:OK EMA5m:OK RSI:65.17357222 VOL:NO MOM:0.9% RANGE:0.96% UP:70.58% SPREAD:0.52010402% BID:0.9998 ASK:1.005 STATE:IDLE
[2026-02-28 05:38:05] CHK EMA1m:OK EMA5m:OK RSI:61.45723336 VOL:OK MOM:0.37% RANGE:0.88% UP:62.5% SPREAD:0.4015661% BID:0.9961 ASK:1.0001 STATE:IDLE
[2026-02-28 05:38:06] CHK EMA1m:OK EMA5m:OK RSI:61.45723336 VOL:OK MOM:0.46% RANGE:0.88% UP:68.75% SPREAD:0.48183095% BID:0.9962 ASK:1.001 STATE:IDLE
[2026-02-28 05:38:07] CHK EMA1m:OK EMA5m:OK RSI:61.45723336 VOL:OK MOM:0.4% RANGE:0.81% UP:68.75% SPREAD:0.58215396% BID:0.9963 ASK:1.0021 STATE:IDLE
[2026-02-28 05:38:08] CHK EMA1m:OK EMA5m:OK RSI:61.45723336 VOL:OK MOM:0.4% RANGE:0.81% UP:64.7% SPREAD:0.63233965% BID:0.9963 ASK:1.0026 STATE:IDLE
[2026-02-28 05:38:10] CHK EMA1m:OK EMA5m:OK RSI:61.45723336 VOL:OK MOM:0.27% RANGE:0.64% UP:64.7% SPREAD:0.61201966% BID:0.9967 ASK:1.0028 STATE:IDLE
[2026-02-28 05:38:11] CHK EMA1m:OK EMA5m:OK RSI:61.45723336 VOL:OK MOM:0.26% RANGE:0.6% UP:68.75% SPREAD:0.62186559% BID:0.997 ASK:1.0032 STATE:IDLE
[2026-02-28 05:38:12] CHK EMA1m:OK EMA5m:OK RSI:61.45723336 VOL:OK MOM:0.43% RANGE:0.59% UP:68.75% SPREAD:0.4905887% BID:0.9988 ASK:1.0037 STATE:IDLE
[2026-02-28 05:38:13] CHK EMA1m:OK EMA5m:OK RSI:61.45723336 VOL:OK MOM:0.36% RANGE:0.52% UP:62.5% SPREAD:0.4905887% BID:0.9988 ASK:1.0037 STATE:IDLE
[2026-02-28 05:38:13] DECIDE_HOLD reason=HOLD_SPREAD spread=0.4906% mom=0.3617% range=0.5225% up=62.50% rsi=61.45723336853219
[2026-02-28 05:38:14] CHK EMA1m:OK EMA5m:OK RSI:61.45723336 VOL:OK MOM:0.16% RANGE:0.43% UP:56.25% SPREAD:0.43051661% BID:0.9988 ASK:1.0031 STATE:IDLE
[2026-02-28 05:38:16] CHK EMA1m:OK EMA5m:OK RSI:61.45723336 VOL:OK MOM:0.16% RANGE:0.43% UP:56.25% SPREAD:0.53063676% BID:0.9988 ASK:1.0041 STATE:IDLE
[2026-02-28 05:38:17] CHK EMA1m:OK EMA5m:OK RSI:61.45723336 VOL:OK MOM:0.12% RANGE:0.43% UP:5E+1% SPREAD:0.51061273% BID:0.9988 ASK:1.0039 STATE:IDLE
[2026-02-28 05:38:18] CHK EMA1m:OK EMA5m:OK RSI:61.45723336 VOL:OK MOM:0.11% RANGE:0.43% UP:5E+1% SPREAD:0.42037834% BID:0.9991 ASK:1.0033 STATE:IDLE
[2026-02-28 05:38:18] CHK EMA1m:OK EMA5m:OK RSI:61.45723336 VOL:OK MOM:0.01% RANGE:0.43% UP:43.75% SPREAD:0.42037834% BID:0.9991 ASK:1.0033 STATE:IDLE
[2026-02-28 05:38:19] CHK EMA1m:OK EMA5m:OK RSI:61.45723336 VOL:OK MOM:0% RANGE:0.43% UP:41.17% SPREAD:0.35035035% BID:0.999 ASK:1.0025 STATE:IDLE
[2026-02-28 05:38:21] CHK EMA1m:OK EMA5m:OK RSI:61.45723336 VOL:OK MOM:-0.13% RANGE:0.43% UP:35.29% SPREAD:0.32032032% BID:0.999 ASK:1.0022 STATE:IDLE
[2026-02-28 05:38:22] CHK EMA1m:OK EMA5m:OK RSI:61.45723336 VOL:OK MOM:-0.08% RANGE:0.37% UP:35.29% SPREAD:0.28028028% BID:0.999 ASK:1.0018 STATE:IDLE
[2026-02-28 05:38:23] CHK EMA1m:OK EMA5m:OK RSI:61.45723336 VOL:OK MOM:-0.08% RANGE:0.37% UP:35.29% SPREAD:0.29029029% BID:0.999 ASK:1.0019 STATE:IDLE
[2026-02-28 05:38:23] DECIDE_HOLD reason=HOLD_SPREAD spread=0.2903% mom=-0.0800% range=0.3714% up=35.29% rsi=61.45723336853219
[2026-02-28 05:38:24] CHK EMA1m:OK EMA5m:OK RSI:61.45723336 VOL:OK MOM:0.29% RANGE:0.3% UP:35.29% SPREAD:0.27027027% BID:0.999 ASK:1.0017 STATE:IDLE
[2026-02-28 05:38:25] CHK EMA1m:OK EMA5m:OK RSI:61.45723336 VOL:OK MOM:0.29% RANGE:0.3% UP:33.33% SPREAD:0.17017017% BID:0.999 ASK:1.0007 STATE:IDLE
[2026-02-28 05:38:26] BUY symbol=BARDUSDC qty=9.5 entry=0.9990000000000001 momPct=0.0029113542816986385 rangePct=0.003011745808653752 upRatio=0.3333333333333333 profile=major
[2026-02-28 05:38:27] CHK EMA1m:OK EMA5m:OK RSI:63.3297062 VOL:OK MOM:0.05% RANGE:0.29% UP:27.77% SPREAD:0.23076151% BID:0.9967 ASK:0.999 STATE:IN_POS
[2026-02-28 05:38:28] CHK EMA1m:OK EMA5m:OK RSI:63.3297062 VOL:OK MOM:0.04% RANGE:0.28% UP:23.52% SPREAD:0.43142369% BID:0.9967 ASK:1.001 STATE:IN_POS
[2026-02-28 05:38:29] CHK EMA1m:OK EMA5m:OK RSI:63.3297062 VOL:OK MOM:0.01% RANGE:0.24% UP:23.52% SPREAD:0.44141252% BID:0.9968 ASK:1.0012 STATE:IN_POS
[2026-02-28 05:38:30] CHK EMA1m:OK EMA5m:OK RSI:63.3297062 VOL:OK MOM:0.03% RANGE:0.24% UP:23.52% SPREAD:0.53143487% BID:0.9973 ASK:1.0026 STATE:IN_POS
[2026-02-28 05:38:31] CHK EMA1m:OK EMA5m:OK RSI:63.3297062 VOL:OK MOM:0.21% RANGE:0.24% UP:27.77% SPREAD:0.52046842% BID:0.9991 ASK:1.0043 STATE:IN_POS
[2026-02-28 05:38:32] CHK EMA1m:OK EMA5m:OK RSI:63.3297062 VOL:OK MOM:0.03% RANGE:0.24% UP:22.22% SPREAD:0.52046842% BID:0.9991 ASK:1.0043 STATE:IN_POS
[2026-02-28 05:38:33] CHK EMA1m:OK EMA5m:OK RSI:63.3297062 VOL:OK MOM:0.09% RANGE:0.3% UP:27.77% SPREAD:0.60018005% BID:0.9997 ASK:1.0057 STATE:IN_POS
[2026-02-28 05:38:34] CHK EMA1m:OK EMA5m:OK RSI:63.3297062 VOL:OK MOM:0.09% RANGE:0.3% UP:27.77% SPREAD:0.61018305% BID:0.9997 ASK:1.0058 STATE:IN_POS
[2026-02-28 05:38:35] CHK EMA1m:OK EMA5m:OK RSI:63.3297062 VOL:OK MOM:0.08% RANGE:0.3% UP:27.77% SPREAD:0.41016406% BID:0.9996 ASK:1.0037 STATE:IN_POS
[2026-02-28 05:38:36] CHK EMA1m:OK EMA5m:OK RSI:63.3297062 VOL:OK MOM:0.1% RANGE:0.31% UP:33.33% SPREAD:0.47009401% BID:0.9998 ASK:1.0045 STATE:IN_POS
[2026-02-28 05:38:37] CHK EMA1m:OK EMA5m:OK RSI:63.3297062 VOL:OK MOM:0.07% RANGE:0.31% UP:27.77% SPREAD:0.43008601% BID:0.9998 ASK:1.0041 STATE:IN_POS
[2026-02-28 05:38:38] CHK EMA1m:OK EMA5m:OK RSI:63.3297062 VOL:OK MOM:0.08% RANGE:0.32% UP:33.33% SPREAD:0.420042% BID:0.9999 ASK:1.0041 STATE:IN_POS
[2026-02-28 05:38:39] CHK EMA1m:OK EMA5m:OK RSI:63.3297062 VOL:OK MOM:0.09% RANGE:0.32% UP:33.33% SPREAD:0.480048% BID:0.9999 ASK:1.0047 STATE:IN_POS
[2026-02-28 05:38:40] CHK EMA1m:OK EMA5m:OK RSI:63.95604395 VOL:OK MOM:0.09% RANGE:0.32% UP:33.33% SPREAD:0.440044% BID:0.9999 ASK:1.0043 STATE:IN_POS
[2026-02-28 05:38:41] CHK EMA1m:OK EMA5m:OK RSI:63.95604395 VOL:OK MOM:0.17% RANGE:0.4% UP:38.88% SPREAD:0.6295593% BID:1.0007 ASK:1.007 STATE:IN_POS
[2026-02-28 05:38:43] CHK EMA1m:OK EMA5m:OK RSI:63.95604395 VOL:OK MOM:0.18% RANGE:0.41% UP:44.44% SPREAD:0.4796163% BID:1.0008 ASK:1.0056 STATE:IN_POS
[2026-02-28 05:38:44] CHK EMA1m:OK EMA5m:OK RSI:63.95604395 VOL:OK MOM:0.17% RANGE:0.41% UP:44.44% SPREAD:0.60957329% BID:1.0007 ASK:1.0068 STATE:IN_POS
[2026-02-28 05:38:45] CHK EMA1m:OK EMA5m:OK RSI:63.95604395 VOL:OK MOM:0.23% RANGE:0.46% UP:5E+1% SPREAD:0.48936382% BID:1.0013 ASK:1.0062 STATE:IN_POS
[2026-02-28 05:38:46] CHK EMA1m:OK EMA5m:OK RSI:63.95604395 VOL:OK MOM:0.44% RANGE:0.46% UP:5E+1% SPREAD:0.53940665% BID:1.0011 ASK:1.0065 STATE:IN_POS
[2026-02-28 05:38:47] CHK EMA1m:OK EMA5m:OK RSI:63.95604395 VOL:OK MOM:0.49% RANGE:0.49% UP:55.55% SPREAD:0.48921725% BID:1.0016 ASK:1.0065 STATE:IN_POS
[2026-02-28 05:38:48] CHK EMA1m:OK EMA5m:OK RSI:63.95604395 VOL:OK MOM:0.56% RANGE:0.56% UP:57.89% SPREAD:0.42901326% BID:1.0023 ASK:1.0066 STATE:IN_POS
[2026-02-28 05:38:49] CHK EMA1m:OK EMA5m:OK RSI:63.95604395 VOL:OK MOM:0.42% RANGE:0.5% UP:5E+1% SPREAD:0.49925112% BID:1.0015 ASK:1.0065 STATE:IN_POS
[2026-02-28 05:38:50] CHK EMA1m:OK EMA5m:OK RSI:63.95604395 VOL:OK MOM:0.24% RANGE:0.32% UP:44.44% SPREAD:0.50923614% BID:1.0015 ASK:1.0066 STATE:IN_POS
[2026-02-28 05:38:51] CHK EMA1m:OK EMA5m:OK RSI:63.95604395 VOL:OK MOM:0.24% RANGE:0.32% UP:44.44% SPREAD:0.62905641% BID:1.0015 ASK:1.0078 STATE:IN_POS
[2026-02-28 05:38:52] CHK EMA1m:OK EMA5m:OK RSI:63.95604395 VOL:OK MOM:0.18% RANGE:0.27% UP:38.88% SPREAD:0.61907139% BID:1.0015 ASK:1.0077 STATE:IN_POS
[2026-02-28 05:38:53] CHK EMA1m:OK EMA5m:OK RSI:63.95604395 VOL:OK MOM:0.18% RANGE:0.27% UP:36.84% SPREAD:0.61907139% BID:1.0015 ASK:1.0077 STATE:IN_POS
[2026-02-28 05:38:54] CHK EMA1m:OK EMA5m:OK RSI:63.95604395 VOL:OK MOM:0.23% RANGE:0.27% UP:44.44% SPREAD:0.57890008% BID:1.0019 ASK:1.0077 STATE:IN_POS
[2026-02-28 05:38:55] CHK EMA1m:OK EMA5m:OK RSI:63.95604395 VOL:OK MOM:0.21% RANGE:0.25% UP:38.88% SPREAD:0.3892604% BID:1.0019 ASK:1.0058 STATE:IN_POS
[2026-02-28 05:38:56] CHK EMA1m:OK EMA5m:OK RSI:63.95604395 VOL:OK MOM:0.21% RANGE:0.25% UP:38.88% SPREAD:0.36929833% BID:1.0019 ASK:1.0056 STATE:IN_POS
[2026-02-28 05:38:57] CHK EMA1m:OK EMA5m:OK RSI:65.17357222 VOL:OK MOM:0.24% RANGE:0.24% UP:38.88% SPREAD:0.65848548% BID:1.0023 ASK:1.0089 STATE:IN_POS
[2026-02-28 05:39:00] CHK EMA1m:OK EMA5m:OK RSI:65.17357222 VOL:OK MOM:0.42% RANGE:0.42% UP:42.1% SPREAD:0.68718255% BID:1.0041 ASK:1.011 STATE:IN_POS
[2026-02-28 05:39:02] CHK EMA1m:OK EMA5m:OK RSI:63.66822429 VOL:NO MOM:0.59% RANGE:0.59% UP:47.05% SPREAD:0.41720472% BID:1.0067 ASK:1.0109 STATE:IN_POS
[2026-02-28 05:39:03] CHK EMA1m:OK EMA5m:OK RSI:63.66822429 VOL:NO MOM:0.54% RANGE:0.59% UP:43.75% SPREAD:0.46710395% BID:1.0062 ASK:1.0109 STATE:IN_POS
[2026-02-28 05:39:05] CHK EMA1m:OK EMA5m:OK RSI:63.66822429 VOL:NO MOM:0.48% RANGE:0.55% UP:37.5% SPREAD:0.62611806% BID:1.0062 ASK:1.0125 STATE:IN_POS
[2026-02-28 05:39:06] CHK EMA1m:OK EMA5m:OK RSI:63.66822429 VOL:NO MOM:0.66% RANGE:0.67% UP:4E+1% SPREAD:0.6446494% BID:1.0083 ASK:1.0148 STATE:IN_POS
[2026-02-28 05:39:07] CHK EMA1m:OK EMA5m:OK RSI:63.66822429 VOL:NO MOM:0.59% RANGE:0.67% UP:33.33% SPREAD:0.62481404% BID:1.0083 ASK:1.0146 STATE:IN_POS
[2026-02-28 05:39:08] CHK EMA1m:OK EMA5m:OK RSI:63.66822429 VOL:NO MOM:0.71% RANGE:0.71% UP:4E+1% SPREAD:0.53534252% BID:1.0087 ASK:1.0141 STATE:IN_POS
[2026-02-28 05:39:09] CHK EMA1m:OK EMA5m:OK RSI:63.66822429 VOL:NO MOM:0.79% RANGE:0.79% UP:46.66% SPREAD:0.45567112% BID:1.0095 ASK:1.0141 STATE:IN_POS
[2026-02-28 05:39:11] CHK EMA1m:OK EMA5m:OK RSI:63.66822429 VOL:NO MOM:0.79% RANGE:0.79% UP:46.66% SPREAD:0.45567112% BID:1.0095 ASK:1.0141 STATE:IN_POS
[2026-02-28 05:39:12] CHK EMA1m:OK EMA5m:OK RSI:63.66822429 VOL:NO MOM:0.74% RANGE:0.79% UP:46.66% SPREAD:0.48562933% BID:1.009 ASK:1.0139 STATE:IN_POS
[2026-02-28 05:39:13] CHK EMA1m:OK EMA5m:OK RSI:63.66822429 VOL:NO MOM:0.68% RANGE:0.79% UP:46.66% SPREAD:0.42641808% BID:1.0084 ASK:1.0127 STATE:IN_POS
[2026-02-28 05:39:14] CHK EMA1m:OK EMA5m:OK RSI:63.66822429 VOL:NO MOM:0.63% RANGE:0.75% UP:4E+1% SPREAD:0.41654269% BID:1.0083 ASK:1.0125 STATE:IN_POS
[2026-02-28 05:39:15] CHK EMA1m:OK EMA5m:OK RSI:63.66822429 VOL:NO MOM:0.64% RANGE:0.75% UP:46.66% SPREAD:0.49583498% BID:1.0084 ASK:1.0134 STATE:IN_POS
[2026-02-28 05:39:16] CHK EMA1m:OK EMA5m:OK RSI:63.66822429 VOL:NO MOM:0.62% RANGE:0.75% UP:46.66% SPREAD:0.59512001% BID:1.0082 ASK:1.0142 STATE:IN_POS
[2026-02-28 05:39:17] CHK EMA1m:OK EMA5m:OK RSI:63.66822429 VOL:NO MOM:0.6% RANGE:0.71% UP:46.66% SPREAD:0.55533518% BID:1.0084 ASK:1.014 STATE:IN_POS
[2026-02-28 05:39:18] CHK EMA1m:OK EMA5m:OK RSI:63.66822429 VOL:NO MOM:0.42% RANGE:0.53% UP:4E+1% SPREAD:0.66441888% BID:1.0084 ASK:1.0151 STATE:IN_POS
[2026-02-28 05:39:19] CHK EMA1m:OK EMA5m:OK RSI:63.66822429 VOL:NO MOM:0.16% RANGE:0.32% UP:33.33% SPREAD:0.51566838% BID:1.0084 ASK:1.0136 STATE:IN_POS
[2026-02-28 05:39:20] CHK EMA1m:OK EMA5m:OK RSI:63.66822429 VOL:NO MOM:0.22% RANGE:0.32% UP:37.5% SPREAD:0.69375619% BID:1.009 ASK:1.016 STATE:IN_POS
[2026-02-28 05:39:21] CHK EMA1m:OK EMA5m:OK RSI:63.66822429 VOL:NO MOM:0.22% RANGE:0.32% UP:35.29% SPREAD:0.54509415% BID:1.009 ASK:1.0145 STATE:IN_POS
[2026-02-28 05:39:22] CHK EMA1m:OK EMA5m:OK RSI:63.66822429 VOL:NO MOM:0.29% RANGE:0.32% UP:41.17% SPREAD:0.49544193% BID:1.0092 ASK:1.0142 STATE:IN_POS
[2026-02-28 05:39:23] CHK EMA1m:OK EMA5m:OK RSI:63.66822429 VOL:NO MOM:0.31% RANGE:0.32% UP:47.05% SPREAD:0.43590251% BID:1.0094 ASK:1.0138 STATE:IN_POS
[2026-02-28 05:39:24] CHK EMA1m:OK EMA5m:OK RSI:63.66822429 VOL:NO MOM:0.28% RANGE:0.32% UP:44.44% SPREAD:0.39639282% BID:1.0091 ASK:1.0131 STATE:IN_POS
[2026-02-28 05:39:25] CHK EMA1m:OK EMA5m:OK RSI:63.66822429 VOL:NO MOM:0.13% RANGE:0.14% UP:44.44% SPREAD:0.36644547% BID:1.0097 ASK:1.0134 STATE:IN_POS
[2026-02-28 05:39:27] CHK EMA1m:OK EMA5m:OK RSI:63.66822429 VOL:NO MOM:0.13% RANGE:0.14% UP:44.44% SPREAD:0.36644547% BID:1.0097 ASK:1.0134 STATE:IN_POS
[2026-02-28 05:39:28] CHK EMA1m:OK EMA5m:OK RSI:63.66822429 VOL:NO MOM:0.1% RANGE:0.15% UP:44.44% SPREAD:0.4654387% BID:1.0098 ASK:1.0145 STATE:IN_POS
[2026-02-28 05:39:29] CHK EMA1m:OK EMA5m:OK RSI:63.66822429 VOL:NO MOM:0.02% RANGE:0.15% UP:38.88% SPREAD:0.44563279% BID:1.0098 ASK:1.0143 STATE:IN_POS
[2026-02-28 05:39:29] CHK EMA1m:OK EMA5m:OK RSI:63.66822429 VOL:NO MOM:0.02% RANGE:0.15% UP:38.88% SPREAD:0.42582689% BID:1.0098 ASK:1.0141 STATE:IN_POS
[2026-02-28 05:39:30] CHK EMA1m:OK EMA5m:OK RSI:63.66822429 VOL:NO MOM:0.11% RANGE:0.19% UP:44.44% SPREAD:0.40586022% BID:1.0102 ASK:1.0143 STATE:IN_POS
[2026-02-28 05:39:32] CHK EMA1m:OK EMA5m:OK RSI:63.66822429 VOL:NO MOM:0.14% RANGE:0.22% UP:47.36% SPREAD:0.46511627% BID:1.0105 ASK:1.0152 STATE:IN_POS
[2026-02-28 05:39:33] CHK EMA1m:OK EMA5m:OK RSI:63.66822429 VOL:NO MOM:0.17% RANGE:0.22% UP:5E+1% SPREAD:0.51480051% BID:1.0101 ASK:1.0153 STATE:IN_POS
[2026-02-28 05:39:34] CHK EMA1m:OK EMA5m:OK RSI:63.66822429 VOL:NO MOM:0.16% RANGE:0.22% UP:44.44% SPREAD:0.49500049% BID:1.0101 ASK:1.0151 STATE:IN_POS
[2026-02-28 05:39:35] CHK EMA1m:OK EMA5m:OK RSI:63.66822429 VOL:NO MOM:0.18% RANGE:0.22% UP:44.44% SPREAD:0.51480051% BID:1.0101 ASK:1.0153 STATE:IN_POS
[2026-02-28 05:39:36] CHK EMA1m:OK EMA5m:OK RSI:63.66822429 VOL:NO MOM:0.16% RANGE:0.2% UP:38.88% SPREAD:0.49500049% BID:1.0101 ASK:1.0151 STATE:IN_POS
[2026-02-28 05:39:37] CHK EMA1m:OK EMA5m:OK RSI:63.66822429 VOL:NO MOM:0.16% RANGE:0.2% UP:36.84% SPREAD:0.54450054% BID:1.0101 ASK:1.0156 STATE:IN_POS
[2026-02-28 05:39:38] CHK EMA1m:OK EMA5m:OK RSI:63.66822429 VOL:NO MOM:0.16% RANGE:0.2% UP:38.88% SPREAD:0.47520047% BID:1.0101 ASK:1.0149 STATE:IN_POS
[2026-02-28 05:39:39] CHK EMA1m:OK EMA5m:OK RSI:63.66822429 VOL:NO MOM:0.1% RANGE:0.14% UP:33.33% SPREAD:0.47520047% BID:1.0101 ASK:1.0149 STATE:IN_POS
[2026-02-28 05:39:40] CHK EMA1m:OK EMA5m:OK RSI:63.66822429 VOL:NO MOM:0.11% RANGE:0.14% UP:38.88% SPREAD:0.4652544% BID:1.0102 ASK:1.0149 STATE:IN_POS
[2026-02-28 05:39:41] CHK EMA1m:OK EMA5m:OK RSI:63.66822429 VOL:NO MOM:-0.09% RANGE:0.22% UP:33.33% SPREAD:0.45625867% BID:1.0082 ASK:1.0128 STATE:IN_POS
[2026-02-28 05:39:42] CHK EMA1m:OK EMA5m:OK RSI:63.66822429 VOL:NO MOM:-0.09% RANGE:0.22% UP:31.57% SPREAD:0.46617734% BID:1.0082 ASK:1.0129 STATE:IN_POS
[2026-02-28 05:39:43] CHK EMA1m:OK EMA5m:OK RSI:63.66822429 VOL:NO MOM:-0.08% RANGE:0.22% UP:27.77% SPREAD:0.45625867% BID:1.0082 ASK:1.0128 STATE:IN_POS
[2026-02-28 05:39:44] CHK EMA1m:OK EMA5m:OK RSI:67.90505675 VOL:OK MOM:-0.12% RANGE:0.22% UP:27.77% SPREAD:0.43633478% BID:1.0084 ASK:1.0128 STATE:IN_POS
[2026-02-28 05:39:45] CHK EMA1m:OK EMA5m:OK RSI:67.90505675 VOL:OK MOM:-0.11% RANGE:0.22% UP:33.33% SPREAD:0.40654437% BID:1.0085 ASK:1.0126 STATE:IN_POS
[2026-02-28 05:39:46] CHK EMA1m:OK EMA5m:OK RSI:66.37837837 VOL:OK MOM:-0.11% RANGE:0.22% UP:33.33% SPREAD:0.41641879% BID:1.0086 ASK:1.0128 STATE:IN_POS
[2026-02-28 05:39:48] CHK EMA1m:OK EMA5m:OK RSI:66.37837837 VOL:OK MOM:-0.12% RANGE:0.22% UP:31.57% SPREAD:0.4263758% BID:1.0085 ASK:1.0128 STATE:IN_POS
[2026-02-28 05:39:49] CHK EMA1m:OK EMA5m:OK RSI:66.37837837 VOL:OK MOM:0.01% RANGE:0.22% UP:38.88% SPREAD:0.60396039% BID:1.01 ASK:1.0161 STATE:IN_POS
[2026-02-28 05:39:50] CHK EMA1m:OK EMA5m:OK RSI:66.37837837 VOL:OK MOM:-0.01% RANGE:0.22% UP:33.33% SPREAD:0.58415841% BID:1.01 ASK:1.0159 STATE:IN_POS
[2026-02-28 05:39:51] CHK EMA1m:OK EMA5m:OK RSI:66.37837837 VOL:OK MOM:-0% RANGE:0.22% UP:33.33% SPREAD:0.48495645% BID:1.0104 ASK:1.0153 STATE:IN_POS
[2026-02-28 05:39:52] CHK EMA1m:OK EMA5m:OK RSI:66.37837837 VOL:OK MOM:-0.05% RANGE:0.21% UP:33.33% SPREAD:0.57454185% BID:1.0095 ASK:1.0153 STATE:IN_POS
[2026-02-28 05:39:53] CHK EMA1m:OK EMA5m:OK RSI:68.96207584 VOL:OK MOM:-0.05% RANGE:0.21% UP:31.57% SPREAD:0.62407132% BID:1.0095 ASK:1.0158 STATE:IN_POS
[2026-02-28 05:39:54] CHK EMA1m:OK EMA5m:OK RSI:68.96207584 VOL:OK MOM:-0.01% RANGE:0.21% UP:38.88% SPREAD:0.51490246% BID:1.0099 ASK:1.0151 STATE:IN_POS
[2026-02-28 05:39:55] CHK EMA1m:OK EMA5m:OK RSI:66.84434968 VOL:OK MOM:-0.02% RANGE:0.21% UP:38.88% SPREAD:0.4852446% BID:1.0098 ASK:1.0147 STATE:IN_POS
[2026-02-28 05:39:56] CHK EMA1m:OK EMA5m:OK RSI:66.30552546 VOL:OK MOM:-0.23% RANGE:0.26% UP:38.88% SPREAD:0.46640865% BID:1.0077 ASK:1.0124 STATE:IN_POS
[2026-02-28 05:39:57] CHK EMA1m:OK EMA5m:OK RSI:66.30552546 VOL:OK MOM:-0.21% RANGE:0.26% UP:44.44% SPREAD:0.45639448% BID:1.0079 ASK:1.0125 STATE:IN_POS
[2026-02-28 05:39:58] CHK EMA1m:OK EMA5m:OK RSI:66.30552546 VOL:OK MOM:-0.14% RANGE:0.26% UP:47.36% SPREAD:0.46599246% BID:1.0086 ASK:1.0133 STATE:IN_POS
[2026-02-28 05:40:00] CHK EMA1m:OK EMA5m:OK RSI:68.93106893 VOL:OK MOM:-0.11% RANGE:0.26% UP:5E+1% SPREAD:0.57482656% BID:1.009 ASK:1.0148 STATE:IN_POS
[2026-02-28 05:40:02] CHK EMA1m:OK EMA5m:OK RSI:72.02505219 VOL:NO MOM:0.15% RANGE:0.26% UP:58.82% SPREAD:0.49514755% BID:1.0098 ASK:1.0148 STATE:IN_POS
[2026-02-28 05:40:03] CHK EMA1m:OK EMA5m:OK RSI:72.02505219 VOL:NO MOM:0.25% RANGE:0.3% UP:64.7% SPREAD:0.39572615% BID:1.0108 ASK:1.0148 STATE:IN_POS
[2026-02-28 05:40:04] CHK EMA1m:OK EMA5m:OK RSI:69.69696969 VOL:OK MOM:0.44% RANGE:0.51% UP:64.7% SPREAD:0.37516043% BID:1.0129 ASK:1.0167 STATE:IN_POS
[2026-02-28 05:40:05] CHK EMA1m:OK EMA5m:OK RSI:69.69696969 VOL:OK MOM:0.42% RANGE:0.51% UP:56.25% SPREAD:0.37516043% BID:1.0129 ASK:1.0167 STATE:IN_POS
[2026-02-28 05:40:06] CHK EMA1m:OK EMA5m:OK RSI:68.11451135 VOL:OK MOM:0.1% RANGE:0.51% UP:56.25% SPREAD:0.32686212% BID:1.0096 ASK:1.0129 STATE:IN_POS
[2026-02-28 05:40:07] CHK EMA1m:OK EMA5m:OK RSI:68.11451135 VOL:OK MOM:-0.21% RANGE:0.51% UP:5E+1% SPREAD:0.49613018% BID:1.0078 ASK:1.0128 STATE:IN_POS
[2026-02-28 05:40:08] CHK EMA1m:OK EMA5m:OK RSI:68.11451135 VOL:OK MOM:0% RANGE:0.51% UP:52.94% SPREAD:0.27720027% BID:1.0101 ASK:1.0129 STATE:IN_POS
[2026-02-28 05:40:10] CHK EMA1m:OK EMA5m:OK RSI:68.11451135 VOL:OK MOM:-0.04% RANGE:0.51% UP:52.94% SPREAD:0.33680039% BID:1.0095 ASK:1.0129 STATE:IN_POS
[2026-02-28 05:40:11] CHK EMA1m:OK EMA5m:OK RSI:68.11451135 VOL:OK MOM:0.05% RANGE:0.51% UP:56.25% SPREAD:0.26730026% BID:1.0101 ASK:1.0128 STATE:IN_POS
[2026-02-28 05:40:12] CHK EMA1m:OK EMA5m:OK RSI:68.11451135 VOL:OK MOM:0.05% RANGE:0.51% UP:56.25% SPREAD:0.27720027% BID:1.0101 ASK:1.0129 STATE:IN_POS
[2026-02-28 05:40:13] CHK EMA1m:OK EMA5m:OK RSI:68.11451135 VOL:OK MOM:0.02% RANGE:0.51% UP:56.25% SPREAD:0.44545634% BID:1.0102 ASK:1.0147 STATE:IN_POS
[2026-02-28 05:40:14] CHK EMA1m:OK EMA5m:OK RSI:71.13402061 VOL:OK MOM:0.02% RANGE:0.51% UP:52.94% SPREAD:0.54444664% BID:1.0102 ASK:1.0157 STATE:IN_POS
[2026-02-28 05:40:15] CHK EMA1m:OK EMA5m:OK RSI:71.13402061 VOL:OK MOM:-0.05% RANGE:0.51% UP:52.94% SPREAD:0.5648038% BID:1.0092 ASK:1.0149 STATE:IN_POS
[2026-02-28 05:40:16] CHK EMA1m:OK EMA5m:OK RSI:71.13402061 VOL:OK MOM:-0.08% RANGE:0.58% UP:5E+1% SPREAD:0.54617676% BID:1.007 ASK:1.0125 STATE:IN_POS
[2026-02-28 05:40:17] CHK EMA1m:OK EMA5m:OK RSI:71.13402061 VOL:OK MOM:-0.18% RANGE:0.61% UP:43.75% SPREAD:0.53640607% BID:1.0067 ASK:1.0121 STATE:IN_POS
[2026-02-28 05:40:18] SELL symbol=BARDUSDC qty=9.4 exit=1.0071999999999999 pnl=0.07707999999999778 reason=TRAIL profile=major
[2026-02-28 05:40:29] CHK EMA1m:OK EMA5m:OK RSI:65.90257879 VOL:OK MOM:-0.24% RANGE:0.34% UP:25% SPREAD:0.5163853% BID:1.007 ASK:1.0122 STATE:IDLE
[2026-02-28 05:40:29] DECIDE_HOLD reason=HOLD_SPREAD spread=0.5164% mom=-0.2476% range=0.3477% up=25.00% rsi=65.9025787965617
[2026-02-28 05:40:30] CHK EMA1m:OK EMA5m:OK RSI:65.90257879 VOL:OK MOM:-0.25% RANGE:0.34% UP:25% SPREAD:0.65508684% BID:1.0075 ASK:1.0141 STATE:IDLE
[2026-02-28 05:40:31] CHK EMA1m:OK EMA5m:OK RSI:65.90257879 VOL:OK MOM:-0.19% RANGE:0.34% UP:28.57% SPREAD:0.59517904% BID:1.0081 ASK:1.0141 STATE:IDLE
[2026-02-28 05:40:32] CHK EMA1m:OK EMA5m:OK RSI:65.90257879 VOL:OK MOM:-0.14% RANGE:0.34% UP:28.57% SPREAD:0.53534252% BID:1.0087 ASK:1.0141 STATE:IDLE
[2026-02-28 05:40:33] CHK EMA1m:OK EMA5m:OK RSI:65.90257879 VOL:OK MOM:-0.13% RANGE:0.34% UP:32.14% SPREAD:0.48572561% BID:1.0088 ASK:1.0137 STATE:IDLE
[2026-02-28 05:40:35] CHK EMA1m:OK EMA5m:OK RSI:65.90257879 VOL:OK MOM:-0.02% RANGE:0.24% UP:35.71% SPREAD:0.49558925% BID:1.0089 ASK:1.0139 STATE:IDLE
[2026-02-28 05:40:36] CHK EMA1m:OK EMA5m:OK RSI:65.90257879 VOL:OK MOM:0.18% RANGE:0.21% UP:35.71% SPREAD:0.49558925% BID:1.0089 ASK:1.0139 STATE:IDLE
[2026-02-28 05:40:37] CHK EMA1m:OK EMA5m:OK RSI:65.90257879 VOL:OK MOM:0.21% RANGE:0.21% UP:35.71% SPREAD:0.63435424% BID:1.0089 ASK:1.0153 STATE:IDLE
[2026-02-28 05:40:38] CHK EMA1m:OK EMA5m:OK RSI:65.90257879 VOL:OK MOM:0.04% RANGE:0.18% UP:32.14% SPREAD:0.56564453% BID:1.0077 ASK:1.0134 STATE:IDLE
[2026-02-28 05:40:39] CHK EMA1m:OK EMA5m:OK RSI:65.90257879 VOL:OK MOM:0.02% RANGE:0.18% UP:28.57% SPREAD:0.54585152% BID:1.0076 ASK:1.0131 STATE:IDLE
[2026-02-28 05:40:39] DECIDE_HOLD reason=HOLD_SPREAD spread=0.5459% mom=0.0298% range=0.1887% up=28.57% rsi=65.9025787965617
[2026-02-28 05:40:40] CHK EMA1m:OK EMA5m:OK RSI:65.90257879 VOL:OK MOM:0.03% RANGE:0.18% UP:33.33% SPREAD:0.53587377% BID:1.0077 ASK:1.0131 STATE:IDLE
[2026-02-28 05:40:41] CHK EMA1m:OK EMA5m:OK RSI:65.90257879 VOL:OK MOM:0.02% RANGE:0.18% UP:34.61% SPREAD:0.52600238% BID:1.0076 ASK:1.0129 STATE:IDLE
[2026-02-28 05:40:42] CHK EMA1m:OK EMA5m:OK RSI:65.90257879 VOL:OK MOM:0.01% RANGE:0.18% UP:32% SPREAD:0.52600238% BID:1.0076 ASK:1.0129 STATE:IDLE
[2026-02-28 05:40:43] CHK EMA1m:OK EMA5m:OK RSI:65.90257879 VOL:OK MOM:0.05% RANGE:0.18% UP:33.33% SPREAD:0.49598254% BID:1.0081 ASK:1.0131 STATE:IDLE
[2026-02-28 05:40:44] CHK EMA1m:OK EMA5m:OK RSI:65.90257879 VOL:OK MOM:0.03% RANGE:0.18% UP:30.43% SPREAD:0.50595238% BID:1.008 ASK:1.0131 STATE:IDLE
[2026-02-28 05:40:45] CHK EMA1m:OK EMA5m:OK RSI:65.90257879 VOL:OK MOM:0% RANGE:0.18% UP:31.81% SPREAD:0.52600238% BID:1.0076 ASK:1.0129 STATE:IDLE
[2026-02-28 05:40:46] CHK EMA1m:OK EMA5m:OK RSI:65.90257879 VOL:OK MOM:0.06% RANGE:0.18% UP:4E+1% SPREAD:0.51602659% BID:1.0077 ASK:1.0129 STATE:IDLE
[2026-02-28 05:40:47] CHK EMA1m:OK EMA5m:OK RSI:65.90257879 VOL:OK MOM:0.06% RANGE:0.18% UP:42.1% SPREAD:0.51602659% BID:1.0077 ASK:1.0129 STATE:IDLE
[2026-02-28 05:40:48] CHK EMA1m:OK EMA5m:OK RSI:65.90257879 VOL:OK MOM:0.06% RANGE:0.18% UP:44.44% SPREAD:0.51602659% BID:1.0077 ASK:1.0129 STATE:IDLE
[2026-02-28 05:40:49] CHK EMA1m:OK EMA5m:OK RSI:65.90257879 VOL:OK MOM:0% RANGE:0.13% UP:38.88% SPREAD:0.51612903% BID:1.0075 ASK:1.0127 STATE:IDLE
[2026-02-28 05:40:49] DECIDE_HOLD reason=HOLD_SPREAD spread=0.5161% mom=0.0000% range=0.1390% up=38.89% rsi=65.9025787965617
[2026-02-28 05:40:51] CHK EMA1m:OK EMA5m:OK RSI:65.90257879 VOL:OK MOM:-0.04% RANGE:0.13% UP:38.88% SPREAD:0.75426756% BID:1.0076 ASK:1.0152 STATE:IDLE
[2026-02-28 05:40:52] CHK EMA1m:OK EMA5m:OK RSI:65.90257879 VOL:OK MOM:-0.1% RANGE:0.13% UP:33.33% SPREAD:0.58554982% BID:1.0076 ASK:1.0135 STATE:IDLE
[2026-02-28 05:40:53] CHK EMA1m:OK EMA5m:OK RSI:65.90257879 VOL:OK MOM:-0.11% RANGE:0.13% UP:27.77% SPREAD:0.58554982% BID:1.0076 ASK:1.0135 STATE:IDLE
[2026-02-28 05:40:54] CHK EMA1m:OK EMA5m:OK RSI:65.90257879 VOL:OK MOM:-0.12% RANGE:0.13% UP:22.22% SPREAD:0.5160778% BID:1.0076 ASK:1.0128 STATE:IDLE
[2026-02-28 05:40:55] CHK EMA1m:OK EMA5m:OK RSI:65.90257879 VOL:OK MOM:-0.11% RANGE:0.13% UP:27.77% SPREAD:0.506103% BID:1.0077 ASK:1.0128 STATE:IDLE
[2026-02-28 05:40:56] CHK EMA1m:OK EMA5m:OK RSI:65.90257879 VOL:OK MOM:-0.09% RANGE:0.13% UP:31.57% SPREAD:0.6746701% BID:1.0079 ASK:1.0147 STATE:IDLE
[2026-02-28 05:40:57] CHK EMA1m:OK EMA5m:OK RSI:65.90257879 VOL:OK MOM:-0.01% RANGE:0.05% UP:33.33% SPREAD:0.53598014% BID:1.0075 ASK:1.0129 STATE:IDLE
[2026-02-28 05:40:58] CHK EMA1m:OK EMA5m:OK RSI:65.90257879 VOL:OK MOM:0.05% RANGE:0.06% UP:38.88% SPREAD:0.48601467% BID:1.0082 ASK:1.0131 STATE:IDLE
[2026-02-28 05:40:59] CHK EMA1m:OK EMA5m:OK RSI:65.90257879 VOL:OK MOM:0.04% RANGE:0.06% UP:33.33% SPREAD:0.48601467% BID:1.0082 ASK:1.0131 STATE:IDLE
[2026-02-28 05:41:00] CHK EMA1m:OK EMA5m:OK RSI:65.90257879 VOL:OK MOM:0% RANGE:0.06% UP:33.33% SPREAD:0.54585152% BID:1.0076 ASK:1.0131 STATE:IDLE
[2026-02-28 05:41:00] DECIDE_HOLD reason=HOLD_SPREAD spread=0.5459% mom=0.0000% range=0.0695% up=33.33% rsi=65.9025787965617
[2026-02-28 05:41:03] CHK EMA1m:OK EMA5m:OK RSI:69.20762286 VOL:NO MOM:0.01% RANGE:0.06% UP:38.88% SPREAD:0.52589799% BID:1.0078 ASK:1.0131 STATE:IDLE
[2026-02-28 05:41:04] CHK EMA1m:OK EMA5m:OK RSI:69.20762286 VOL:NO MOM:0.26% RANGE:0.31% UP:41.17% SPREAD:0.5144949% BID:1.0107 ASK:1.0159 STATE:IDLE
[2026-02-28 05:41:05] CHK EMA1m:OK EMA5m:OK RSI:69.20762286 VOL:NO MOM:0.3% RANGE:0.31% UP:41.17% SPREAD:0.5144949% BID:1.0107 ASK:1.0159 STATE:IDLE
[2026-02-28 05:41:06] CHK EMA1m:OK EMA5m:OK RSI:69.20762286 VOL:NO MOM:0.29% RANGE:0.31% UP:35.29% SPREAD:0.5144949% BID:1.0107 ASK:1.0159 STATE:IDLE
[2026-02-28 05:41:08] CHK EMA1m:OK EMA5m:OK RSI:69.20762286 VOL:NO MOM:0.29% RANGE:0.31% UP:37.5% SPREAD:0.52438903% BID:1.0107 ASK:1.016 STATE:IDLE
[2026-02-28 05:41:09] CHK EMA1m:OK EMA5m:OK RSI:71.70506912 VOL:OK MOM:0.36% RANGE:0.36% UP:43.75% SPREAD:0.73180379% BID:1.0112 ASK:1.0186 STATE:IDLE
[2026-02-28 05:41:10] CHK EMA1m:OK EMA5m:OK RSI:71.70506912 VOL:OK MOM:0.61% RANGE:0.62% UP:43.75% SPREAD:0.47346616% BID:1.0138 ASK:1.0186 STATE:IDLE
[2026-02-28 05:41:10] DECIDE_HOLD reason=HOLD_SPREAD spread=0.4735% mom=0.6153% range=0.6253% up=43.75% rsi=71.70506912442403
[2026-02-28 05:41:11] CHK EMA1m:OK EMA5m:OK RSI:72.71111111 VOL:OK MOM:0.74% RANGE:0.75% UP:5E+1% SPREAD:0.97527337% BID:1.0151 ASK:1.025 STATE:IDLE
[2026-02-28 05:41:12] CHK EMA1m:OK EMA5m:OK RSI:71.25468164 VOL:OK MOM:0.36% RANGE:0.75% UP:5E+1% SPREAD:0.75150796% BID:1.0113 ASK:1.0189 STATE:IDLE
[2026-02-28 05:41:14] CHK EMA1m:OK EMA5m:OK RSI:71.25468164 VOL:OK MOM:0.67% RANGE:0.75% UP:56.25% SPREAD:0.63091482% BID:1.0144 ASK:1.0208 STATE:IDLE
[2026-02-28 05:41:15] CHK EMA1m:OK EMA5m:OK RSI:71.25468164 VOL:OK MOM:0.37% RANGE:0.75% UP:46.66% SPREAD:0.87970742% BID:1.0117 ASK:1.0206 STATE:IDLE
[2026-02-28 05:41:16] CHK EMA1m:OK EMA5m:OK RSI:71.25468164 VOL:OK MOM:0.51% RANGE:0.75% UP:53.33% SPREAD:0.78009282% BID:1.0127 ASK:1.0206 STATE:IDLE
[2026-02-28 05:41:17] CHK EMA1m:OK EMA5m:OK RSI:71.25468164 VOL:OK MOM:0.51% RANGE:0.75% UP:5E+1% SPREAD:0.78009282% BID:1.0127 ASK:1.0206 STATE:IDLE
[2026-02-28 05:41:18] CHK EMA1m:OK EMA5m:OK RSI:71.25468164 VOL:OK MOM:0.35% RANGE:0.74% UP:43.75% SPREAD:0.77090334% BID:1.0118 ASK:1.0196 STATE:IDLE
[2026-02-28 05:41:19] CHK EMA1m:OK EMA5m:OK RSI:71.25468164 VOL:OK MOM:0.35% RANGE:0.74% UP:43.75% SPREAD:0.77090334% BID:1.0118 ASK:1.0196 STATE:IDLE
[2026-02-28 05:41:20] CHK EMA1m:OK EMA5m:OK RSI:71.25468164 VOL:OK MOM:0.41% RANGE:0.72% UP:46.66% SPREAD:0.65217391% BID:1.012 ASK:1.0186 STATE:IDLE
[2026-02-28 05:41:20] DECIDE_HOLD reason=HOLD_SPREAD spread=0.6522% mom=0.4167% range=0.7244% up=46.67% rsi=71.25468164794013
[2026-02-28 05:41:21] CHK EMA1m:OK EMA5m:OK RSI:71.25468164 VOL:OK MOM:0.65% RANGE:0.72% UP:5E+1% SPREAD:0.48304416% BID:1.0144 ASK:1.0193 STATE:IDLE
[2026-02-28 05:41:22] CHK EMA1m:OK EMA5m:OK RSI:71.25468164 VOL:OK MOM:0.41% RANGE:0.43% UP:5E+1% SPREAD:0.3941275% BID:1.0149 ASK:1.0189 STATE:IDLE
[2026-02-28 05:41:23] CHK EMA1m:OK EMA5m:OK RSI:71.25468164 VOL:OK MOM:0.41% RANGE:0.43% UP:47.05% SPREAD:0.3941275% BID:1.0149 ASK:1.0189 STATE:IDLE
[2026-02-28 05:41:24] CHK EMA1m:OK EMA5m:OK RSI:71.25468164 VOL:OK MOM:0.42% RANGE:0.43% UP:52.94% SPREAD:0.49261083% BID:1.015 ASK:1.02 STATE:IDLE
[2026-02-28 05:41:25] CHK EMA1m:OK EMA5m:OK RSI:71.25468164 VOL:OK MOM:0.42% RANGE:0.43% UP:52.94% SPREAD:0.4729064% BID:1.015 ASK:1.0198 STATE:IDLE
[2026-02-28 05:41:26] CHK EMA1m:OK EMA5m:OK RSI:71.25468164 VOL:OK MOM:0.42% RANGE:0.43% UP:52.94% SPREAD:0.4729064% BID:1.015 ASK:1.0198 STATE:IDLE
[2026-02-28 05:41:27] CHK EMA1m:OK EMA5m:OK RSI:71.25468164 VOL:OK MOM:0.35% RANGE:0.43% UP:5E+1% SPREAD:0.48309178% BID:1.0143 ASK:1.0192 STATE:IDLE
[2026-02-28 05:41:28] CHK EMA1m:OK EMA5m:OK RSI:71.25468164 VOL:OK MOM:0.32% RANGE:0.38% UP:5E+1% SPREAD:0.42385411% BID:1.0145 ASK:1.0188 STATE:IDLE
[2026-02-28 05:41:30] CHK EMA1m:OK EMA5m:OK RSI:72.41689128 VOL:OK MOM:0.05% RANGE:0.37% UP:44.44% SPREAD:0.43375394% BID:1.0144 ASK:1.0188 STATE:IDLE
[2026-02-28 05:41:31] CHK EMA1m:OK EMA5m:OK RSI:72.41689128 VOL:OK MOM:0.12% RANGE:0.5% UP:44.44% SPREAD:0.43290043% BID:1.0164 ASK:1.0208 STATE:IDLE
[2026-02-28 05:41:31] DECIDE_HOLD reason=HOLD_SPREAD spread=0.4329% mom=0.1281% range=0.5043% up=44.44% rsi=72.41689128481586
[2026-02-28 05:41:32] CHK EMA1m:OK EMA5m:OK RSI:72.41689128 VOL:OK MOM:0.52% RANGE:0.52% UP:5E+1% SPREAD:0.52134566% BID:1.0166 ASK:1.0219 STATE:IDLE
[2026-02-28 05:41:33] CHK EMA1m:OK EMA5m:OK RSI:72.41689128 VOL:OK MOM:0.19% RANGE:0.48% UP:44.44% SPREAD:0.54112554% BID:1.0164 ASK:1.0219 STATE:IDLE
[2026-02-28 05:41:34] CHK EMA1m:OK EMA5m:OK RSI:73.18777292 VOL:OK MOM:0.57% RANGE:0.57% UP:5E+1% SPREAD:0.55036855% BID:1.0175 ASK:1.0231 STATE:IDLE
[2026-02-28 05:41:35] CHK EMA1m:OK EMA5m:OK RSI:73.18777292 VOL:OK MOM:0.37% RANGE:0.57% UP:47.36% SPREAD:0.56129985% BID:1.0155 ASK:1.0212 STATE:IDLE
[2026-02-28 05:41:36] CHK EMA1m:OK EMA5m:OK RSI:73.18777292 VOL:OK MOM:0.15% RANGE:0.56% UP:44.44% SPREAD:0.4929508% BID:1.0143 ASK:1.0193 STATE:IDLE
[2026-02-28 05:41:37] CHK EMA1m:OK EMA5m:OK RSI:72.8318584 VOL:OK MOM:0.25% RANGE:0.56% UP:5E+1% SPREAD:0.54219242% BID:1.0144 ASK:1.0199 STATE:IDLE
[2026-02-28 05:41:38] CHK EMA1m:OK EMA5m:OK RSI:71.25468164 VOL:OK MOM:0.24% RANGE:0.56% UP:5E+1% SPREAD:0.36478359% BID:1.0143 ASK:1.018 STATE:IDLE
[2026-02-28 05:41:39] CHK EMA1m:OK EMA5m:OK RSI:71.25468164 VOL:OK MOM:0.22% RANGE:0.54% UP:44.44% SPREAD:0.45351473% BID:1.0143 ASK:1.0189 STATE:IDLE
[2026-02-28 05:41:40] CHK EMA1m:OK EMA5m:OK RSI:72.4416517 VOL:OK MOM:0.22% RANGE:0.54% UP:42.1% SPREAD:0.66055407% BID:1.0143 ASK:1.021 STATE:IDLE
[2026-02-28 05:41:41] CHK EMA1m:OK EMA5m:OK RSI:72.4416517 VOL:OK MOM:-0.05% RANGE:0.31% UP:33.33% SPREAD:0.48309178% BID:1.0143 ASK:1.0192 STATE:IDLE
[2026-02-28 05:41:41] DECIDE_HOLD reason=HOLD_SPREAD spread=0.4831% mom=-0.0591% range=0.3155% up=33.33% rsi=72.44165170556558
[2026-02-28 05:41:42] CHK EMA1m:OK EMA5m:OK RSI:72.4416517 VOL:OK MOM:-0.05% RANGE:0.31% UP:33.33% SPREAD:0.48309178% BID:1.0143 ASK:1.0192 STATE:IDLE
[2026-02-28 05:41:43] CHK EMA1m:OK EMA5m:OK RSI:71.25468164 VOL:OK MOM:-0.24% RANGE:0.49% UP:27.77% SPREAD:0.6419753% BID:1.0125 ASK:1.019 STATE:IDLE
[2026-02-28 05:41:44] CHK EMA1m:OK EMA5m:OK RSI:71.25468164 VOL:OK MOM:-0.38% RANGE:0.63% UP:27.77% SPREAD:0.74176639% BID:1.0111 ASK:1.0186 STATE:IDLE
[2026-02-28 05:41:46] CHK EMA1m:OK EMA5m:OK RSI:73.23452484 VOL:OK MOM:0.7% RANGE:1.09% UP:31.57% SPREAD:0.45000978% BID:1.0222 ASK:1.0268 STATE:IDLE
[2026-02-28 05:41:47] CHK EMA1m:OK EMA5m:OK RSI:73.23452484 VOL:OK MOM:0.34% RANGE:1.09% UP:33.33% SPREAD:0.65828257% BID:1.0178 ASK:1.0245 STATE:IDLE
[2026-02-28 05:41:47] CHK EMA1m:OK EMA5m:OK RSI:73.23452484 VOL:OK MOM:0.24% RANGE:1.09% UP:27.77% SPREAD:0.68829891% BID:1.017 ASK:1.024 STATE:IDLE
[2026-02-28 05:41:48] CHK EMA1m:OK EMA5m:OK RSI:73.23452484 VOL:OK MOM:0.24% RANGE:1.09% UP:27.77% SPREAD:0.5801947% BID:1.0169 ASK:1.0228 STATE:IDLE
[2026-02-28 05:41:49] CHK EMA1m:OK EMA5m:OK RSI:73.23452484 VOL:OK MOM:0.05% RANGE:1.09% UP:27.77% SPREAD:0.57030481% BID:1.017 ASK:1.0228 STATE:IDLE
[2026-02-28 05:41:51] CHK EMA1m:OK EMA5m:OK RSI:73.23452484 VOL:OK MOM:0.07% RANGE:1.09% UP:31.57% SPREAD:0.55053086% BID:1.0172 ASK:1.0228 STATE:IDLE
[2026-02-28 05:41:52] CHK EMA1m:OK EMA5m:OK RSI:73.23452484 VOL:OK MOM:0.17% RANGE:1.09% UP:33.33% SPREAD:0.59909644% BID:1.0182 ASK:1.0243 STATE:IDLE
[2026-02-28 05:41:52] DECIDE_HOLD reason=HOLD_SPREAD spread=0.5991% mom=0.1771% range=1.0978% up=33.33% rsi=73.23452484742815
[2026-02-28 05:41:53] CHK EMA1m:OK EMA5m:OK RSI:73.23452484 VOL:OK MOM:0.08% RANGE:1.09% UP:33.33% SPREAD:0.63825608% BID:1.0184 ASK:1.0249 STATE:IDLE
[2026-02-28 05:41:54] CHK EMA1m:OK EMA5m:OK RSI:73.23452484 VOL:OK MOM:0.3% RANGE:1.09% UP:38.88% SPREAD:0.60867857% BID:1.0186 ASK:1.0248 STATE:IDLE
[2026-02-28 05:41:55] CHK EMA1m:OK EMA5m:OK RSI:73.23452484 VOL:OK MOM:0.42% RANGE:1.09% UP:38.88% SPREAD:0.45160023% BID:1.0186 ASK:1.0232 STATE:IDLE
[2026-02-28 05:41:56] CHK EMA1m:OK EMA5m:OK RSI:72.36723672 VOL:OK MOM:0.18% RANGE:1.09% UP:36.84% SPREAD:0.51171029% BID:1.0162 ASK:1.0214 STATE:IDLE
[2026-02-28 05:41:57] CHK EMA1m:OK EMA5m:OK RSI:72.36723672 VOL:OK MOM:-0.32% RANGE:1.1% UP:33.33% SPREAD:0.75173095% BID:1.011 ASK:1.0186 STATE:IDLE
[2026-02-28 05:41:58] CHK EMA1m:OK EMA5m:OK RSI:72.36723672 VOL:OK MOM:-0.16% RANGE:1.1% UP:38.88% SPREAD:0.6419119% BID:1.0126 ASK:1.0191 STATE:IDLE
[2026-02-28 05:41:59] CHK EMA1m:OK EMA5m:OK RSI:72.36723672 VOL:OK MOM:-0.16% RANGE:1.1% UP:38.88% SPREAD:0.6419119% BID:1.0126 ASK:1.0191 STATE:IDLE
[2026-02-28 05:42:00] CHK EMA1m:OK EMA5m:OK RSI:72.36723672 VOL:OK MOM:-0.16% RANGE:1.1% UP:38.88% SPREAD:0.67153861% BID:1.0126 ASK:1.0194 STATE:IDLE
[2026-02-28 05:42:02] CHK EMA1m:OK EMA5m:OK RSI:69.63402571 VOL:NO MOM:-0.1% RANGE:1.1% UP:42.1% SPREAD:0.6020529% BID:1.0132 ASK:1.0193 STATE:IDLE
[2026-02-28 05:42:04] CHK EMA1m:OK EMA5m:OK RSI:69.63402571 VOL:NO MOM:0.12% RANGE:1.1% UP:47.05% SPREAD:0.68154879% BID:1.0124 ASK:1.0193 STATE:IDLE
[2026-02-28 05:42:04] DECIDE_HOLD reason=HOLD_SPREAD spread=0.6815% mom=0.1286% range=1.1078% up=47.06% rsi=69.63402571711183
[2026-02-28 05:42:05] CHK EMA1m:OK EMA5m:OK RSI:69.63402571 VOL:NO MOM:-0.95% RANGE:1.1% UP:41.17% SPREAD:0.67167127% BID:1.0124 ASK:1.0192 STATE:IDLE
[2026-02-28 05:42:06] CHK EMA1m:OK EMA5m:OK RSI:69.63402571 VOL:NO MOM:-0.53% RANGE:0.75% UP:41.17% SPREAD:0.67167127% BID:1.0124 ASK:1.0192 STATE:IDLE
[2026-02-28 05:42:07] CHK EMA1m:OK EMA5m:OK RSI:69.63402571 VOL:NO MOM:-0.09% RANGE:0.75% UP:47.05% SPREAD:0.30511811% BID:1.016 ASK:1.0191 STATE:IDLE
[2026-02-28 05:42:11] ENTRY_TIMEOUT_CANCEL
[2026-02-28 05:42:24] CHK EMA1m:OK EMA5m:OK RSI:67.88813886 VOL:OK MOM:0.35% RANGE:0.46% UP:15.38% SPREAD:0.39370078% BID:1.016 ASK:1.02 STATE:IDLE
[2026-02-28 05:42:24] DECIDE_HOLD reason=HOLD_SPREAD spread=0.3937% mom=0.3556% range=0.4642% up=15.38% rsi=67.8881388621023
[2026-02-28 05:42:25] CHK EMA1m:OK EMA5m:OK RSI:67.88813886 VOL:OK MOM:-0.03% RANGE:0.5% UP:15.38% SPREAD:0.79051383% BID:1.012 ASK:1.02 STATE:IDLE
[2026-02-28 05:42:26] CHK EMA1m:OK EMA5m:OK RSI:67.88813886 VOL:OK MOM:-0.39% RANGE:0.5% UP:11.53% SPREAD:0.60276679% BID:1.012 ASK:1.0181 STATE:IDLE
[2026-02-28 05:42:27] CHK EMA1m:OK EMA5m:OK RSI:67.88813886 VOL:OK MOM:-0.46% RANGE:0.5% UP:7.69% SPREAD:0.60276679% BID:1.012 ASK:1.0181 STATE:IDLE
[2026-02-28 05:42:28] CHK EMA1m:OK EMA5m:OK RSI:67.88813886 VOL:OK MOM:-0.46% RANGE:0.5% UP:7.4% SPREAD:0.60276679% BID:1.012 ASK:1.0181 STATE:IDLE
[2026-02-28 05:42:29] CHK EMA1m:OK EMA5m:OK RSI:67.88813886 VOL:OK MOM:-0.46% RANGE:0.5% UP:7.14% SPREAD:0.60276679% BID:1.012 ASK:1.0181 STATE:IDLE
[2026-02-28 05:42:30] CHK EMA1m:OK EMA5m:OK RSI:67.88813886 VOL:OK MOM:-0.4% RANGE:0.5% UP:10.34% SPREAD:0.72091645% BID:1.0126 ASK:1.0199 STATE:IDLE
[2026-02-28 05:42:31] CHK EMA1m:OK EMA5m:OK RSI:67.88813886 VOL:OK MOM:-0.34% RANGE:0.5% UP:13.33% SPREAD:0.67114093% BID:1.0132 ASK:1.02 STATE:IDLE
[2026-02-28 05:42:32] CHK EMA1m:OK EMA5m:OK RSI:67.88813886 VOL:OK MOM:-0.34% RANGE:0.5% UP:13.33% SPREAD:0.67114093% BID:1.0132 ASK:1.02 STATE:IDLE
[2026-02-28 05:42:33] CHK EMA1m:OK EMA5m:OK RSI:67.88813886 VOL:OK MOM:-0.16% RANGE:0.5% UP:17.24% SPREAD:0.67980295% BID:1.015 ASK:1.0219 STATE:IDLE
[2026-02-28 05:42:35] CHK EMA1m:OK EMA5m:OK RSI:67.88813886 VOL:OK MOM:-0.16% RANGE:0.5% UP:17.85% SPREAD:0.67980295% BID:1.015 ASK:1.0219 STATE:IDLE
[2026-02-28 05:42:35] DECIDE_HOLD reason=HOLD_SPREAD spread=0.6798% mom=-0.1672% range=0.5040% up=17.86% rsi=67.8881388621023
[2026-02-28 05:42:36] CHK EMA1m:OK EMA5m:OK RSI:67.88813886 VOL:OK MOM:-0.16% RANGE:0.5% UP:19.23% SPREAD:0.67980295% BID:1.015 ASK:1.0219 STATE:IDLE
[2026-02-28 05:42:37] CHK EMA1m:OK EMA5m:OK RSI:67.88813886 VOL:OK MOM:-0.28% RANGE:0.5% UP:16% SPREAD:0.6015779% BID:1.014 ASK:1.0201 STATE:IDLE
[2026-02-28 05:42:38] CHK EMA1m:OK EMA5m:OK RSI:67.88813886 VOL:OK MOM:-0.28% RANGE:0.5% UP:16% SPREAD:0.6015779% BID:1.014 ASK:1.0201 STATE:IDLE
[2026-02-28 05:42:38] CHK EMA1m:OK EMA5m:OK RSI:67.88813886 VOL:OK MOM:-0.28% RANGE:0.5% UP:16.66% SPREAD:0.6015779% BID:1.014 ASK:1.0201 STATE:IDLE
[2026-02-28 05:42:40] CHK EMA1m:OK EMA5m:OK RSI:67.88813886 VOL:OK MOM:-0.31% RANGE:0.5% UP:17.39% SPREAD:0.63135049% BID:1.0137 ASK:1.0201 STATE:IDLE
[2026-02-28 05:42:41] CHK EMA1m:OK EMA5m:OK RSI:67.88813886 VOL:OK MOM:-0.28% RANGE:0.42% UP:14.28% SPREAD:0.66114071% BID:1.0134 ASK:1.0201 STATE:IDLE
[2026-02-28 05:42:42] CHK EMA1m:OK EMA5m:OK RSI:67.88813886 VOL:OK MOM:-0.25% RANGE:0.39% UP:15% SPREAD:0.66114071% BID:1.0134 ASK:1.0201 STATE:IDLE
[2026-02-28 05:42:43] CHK EMA1m:OK EMA5m:OK RSI:67.88813886 VOL:OK MOM:-0.25% RANGE:0.39% UP:15.78% SPREAD:0.66114071% BID:1.0134 ASK:1.0201 STATE:IDLE
[2026-02-28 05:42:44] CHK EMA1m:OK EMA5m:OK RSI:67.88813886 VOL:OK MOM:0.05% RANGE:0.29% UP:16.66% SPREAD:0.74066758% BID:1.0126 ASK:1.0201 STATE:IDLE
[2026-02-28 05:42:45] CHK EMA1m:OK EMA5m:OK RSI:67.88813886 VOL:OK MOM:0.07% RANGE:0.29% UP:21.05% SPREAD:0.7306477% BID:1.0128 ASK:1.0202 STATE:IDLE
[2026-02-28 05:42:45] DECIDE_HOLD reason=HOLD_SPREAD spread=0.7306% mom=0.0791% range=0.2964% up=21.05% rsi=67.8881388621023
[2026-02-28 05:42:46] CHK EMA1m:OK EMA5m:OK RSI:67.88813886 VOL:OK MOM:0.31% RANGE:0.31% UP:27.77% SPREAD:0.47281323% BID:1.0152 ASK:1.02 STATE:IDLE
[2026-02-28 05:42:47] CHK EMA1m:OK EMA5m:OK RSI:67.88813886 VOL:OK MOM:0.34% RANGE:0.34% UP:33.33% SPREAD:0.44313146% BID:1.0155 ASK:1.02 STATE:IDLE
[2026-02-28 05:42:48] CHK EMA1m:OK EMA5m:OK RSI:67.88813886 VOL:OK MOM:0.27% RANGE:0.34% UP:33.33% SPREAD:0.51241623% BID:1.0148 ASK:1.02 STATE:IDLE
[2026-02-28 05:42:49] CHK EMA1m:OK EMA5m:OK RSI:67.88813886 VOL:OK MOM:0.2% RANGE:0.28% UP:27.77% SPREAD:0.52232186% BID:1.0147 ASK:1.02 STATE:IDLE
[2026-02-28 05:42:51] CHK EMA1m:OK EMA5m:OK RSI:67.88813886 VOL:OK MOM:0.09% RANGE:0.28% UP:26.31% SPREAD:0.63141278% BID:1.0136 ASK:1.02 STATE:IDLE
[2026-02-28 05:42:51] CHK EMA1m:OK EMA5m:OK RSI:67.88813886 VOL:OK MOM:0.06% RANGE:0.28% UP:27.77% SPREAD:0.44383075% BID:1.0139 ASK:1.0184 STATE:IDLE
[2026-02-28 05:42:52] CHK EMA1m:OK EMA5m:OK RSI:67.88813886 VOL:OK MOM:-0.22% RANGE:0.28% UP:22.22% SPREAD:0.55297718% BID:1.0127 ASK:1.0183 STATE:IDLE
[2026-02-28 05:42:53] CHK EMA1m:OK EMA5m:OK RSI:67.88813886 VOL:OK MOM:-0.22% RANGE:0.28% UP:22.22% SPREAD:0.55297718% BID:1.0127 ASK:1.0183 STATE:IDLE
[2026-02-28 05:42:54] CHK EMA1m:OK EMA5m:OK RSI:67.88813886 VOL:OK MOM:-0.24% RANGE:0.29% UP:22.22% SPREAD:0.5728395% BID:1.0125 ASK:1.0183 STATE:IDLE
[2026-02-28 05:42:56] CHK EMA1m:OK EMA5m:OK RSI:67.88813886 VOL:OK MOM:-0.27% RANGE:0.32% UP:21.05% SPREAD:0.60264769% BID:1.0122 ASK:1.0183 STATE:IDLE
[2026-02-28 05:42:56] DECIDE_HOLD reason=HOLD_SPREAD spread=0.6026% mom=-0.2759% range=0.3260% up=21.05% rsi=67.8881388621023
[2026-02-28 05:42:57] CHK EMA1m:OK EMA5m:OK RSI:67.88813886 VOL:OK MOM:-0.16% RANGE:0.32% UP:27.77% SPREAD:0.5334387% BID:1.0123 ASK:1.0177 STATE:IDLE
[2026-02-28 05:42:58] CHK EMA1m:OK EMA5m:OK RSI:67.88813886 VOL:OK MOM:-0.16% RANGE:0.32% UP:27.77% SPREAD:0.59270967% BID:1.0123 ASK:1.0183 STATE:IDLE
[2026-02-28 05:42:59] CHK EMA1m:OK EMA5m:OK RSI:67.88813886 VOL:OK MOM:-0.09% RANGE:0.32% UP:33.33% SPREAD:0.50360422% BID:1.0127 ASK:1.0178 STATE:IDLE
[2026-02-28 05:43:00] CHK EMA1m:OK EMA5m:OK RSI:67.88813886 VOL:OK MOM:0.1% RANGE:0.32% UP:38.88% SPREAD:0.53228191% BID:1.0145 ASK:1.0199 STATE:IDLE
[2026-02-28 05:43:01] CHK EMA1m:OK EMA5m:OK RSI:69.56521739 VOL:NO MOM:0.16% RANGE:0.32% UP:42.1% SPREAD:0.54181854% BID:1.0151 ASK:1.0206 STATE:IDLE
[2026-02-28 05:43:03] CHK EMA1m:OK EMA5m:OK RSI:69.56521739 VOL:NO MOM:0.4% RANGE:0.52% UP:5E+1% SPREAD:0.51105651% BID:1.0175 ASK:1.0227 STATE:IDLE
[2026-02-28 05:43:04] CHK EMA1m:OK EMA5m:OK RSI:69.56521739 VOL:NO MOM:1.01% RANGE:1.07% UP:52.94% SPREAD:0.37142019% BID:1.0231 ASK:1.0269 STATE:IDLE
[2026-02-28 05:43:06] BUY symbol=BARDUSDC qty=9.2 entry=1.0264000000000002 momPct=0.010169826224328571 rangePct=0.010768622801817734 upRatio=0.5294117647058824 profile=major
[2026-02-28 05:43:06] CHK EMA1m:OK EMA5m:OK RSI:72.30215827 VOL:OK MOM:0.62% RANGE:1.07% UP:47.05% SPREAD:0.44052863% BID:1.0215 ASK:1.026 STATE:IN_POS
[2026-02-28 05:43:07] CHK EMA1m:OK EMA5m:OK RSI:72.30215827 VOL:OK MOM:0.67% RANGE:1.07% UP:5E+1% SPREAD:0.50900548% BID:1.0216 ASK:1.0268 STATE:IN_POS
[2026-02-28 05:43:08] CHK EMA1m:OK EMA5m:OK RSI:72.30215827 VOL:OK MOM:0.67% RANGE:1.07% UP:5E+1% SPREAD:0.42094958% BID:1.0215 ASK:1.0258 STATE:IN_POS
[2026-02-28 05:43:09] CHK EMA1m:OK EMA5m:OK RSI:72.30215827 VOL:OK MOM:0.69% RANGE:1.07% UP:5E+1% SPREAD:0.39192631% BID:1.0206 ASK:1.0246 STATE:IN_POS
[2026-02-28 05:43:10] CHK EMA1m:OK EMA5m:OK RSI:72.30215827 VOL:OK MOM:0.67% RANGE:1.07% UP:5E+1% SPREAD:0.4702655% BID:1.0207 ASK:1.0255 STATE:IN_POS
[2026-02-28 05:43:12] CHK EMA1m:OK EMA5m:OK RSI:73.05336832 VOL:OK MOM:0.48% RANGE:1.07% UP:47.05% SPREAD:0.34354142% BID:1.0188 ASK:1.0223 STATE:IN_POS
[2026-02-28 05:43:13] CHK EMA1m:OK EMA5m:OK RSI:73.05336832 VOL:OK MOM:0.64% RANGE:1.07% UP:56.25% SPREAD:0.6966248% BID:1.0192 ASK:1.0263 STATE:IN_POS
[2026-02-28 05:43:14] CHK EMA1m:OK EMA5m:OK RSI:73.05336832 VOL:OK MOM:0.66% RANGE:1.07% UP:56.25% SPREAD:0.6966248% BID:1.0192 ASK:1.0263 STATE:IN_POS
[2026-02-28 05:43:15] CHK EMA1m:OK EMA5m:OK RSI:73.05336832 VOL:OK MOM:0.69% RANGE:1.07% UP:56.25% SPREAD:0.6966248% BID:1.0192 ASK:1.0263 STATE:IN_POS
[2026-02-28 05:43:16] CHK EMA1m:OK EMA5m:OK RSI:73.05336832 VOL:OK MOM:0.68% RANGE:1.06% UP:5E+1% SPREAD:0.6966248% BID:1.0192 ASK:1.0263 STATE:IN_POS
[2026-02-28 05:43:18] CHK EMA1m:OK EMA5m:OK RSI:73.05336832 VOL:OK MOM:0.66% RANGE:1.06% UP:5E+1% SPREAD:0.5299313% BID:1.019 ASK:1.0244 STATE:IN_POS
[2026-02-28 05:43:19] CHK EMA1m:OK EMA5m:OK RSI:73.05336832 VOL:OK MOM:0.71% RANGE:1.02% UP:5E+1% SPREAD:0.44121972% BID:1.0199 ASK:1.0244 STATE:IN_POS
[2026-02-28 05:43:19] CHK EMA1m:OK EMA5m:OK RSI:73.05336832 VOL:OK MOM:0.56% RANGE:0.84% UP:5E+1% SPREAD:0.41168398% BID:1.0202 ASK:1.0244 STATE:IN_POS
[2026-02-28 05:43:20] CHK EMA1m:OK EMA5m:OK RSI:73.05336832 VOL:OK MOM:0.5% RANGE:0.78% UP:43.75% SPREAD:0.41168398% BID:1.0202 ASK:1.0244 STATE:IN_POS
[2026-02-28 05:43:21] CHK EMA1m:OK EMA5m:OK RSI:73.05336832 VOL:OK MOM:0.14% RANGE:0.55% UP:37.5% SPREAD:0.5299313% BID:1.019 ASK:1.0244 STATE:IN_POS
[2026-02-28 05:43:23] CHK EMA1m:OK EMA5m:OK RSI:71.89781021 VOL:OK MOM:-0.74% RANGE:0.74% UP:31.25% SPREAD:0.64007877% BID:1.0155 ASK:1.022 STATE:IN_POS
[2026-02-28 05:43:24] SELL symbol=BARDUSDC qty=9.2 exit=1.0155 pnl=-0.1002800000000012 reason=STOP profile=major
[2026-02-28 05:43:54] CHK EMA1m:OK EMA5m:OK RSI:70.27027027 VOL:OK MOM:-0.31% RANGE:0.62% UP:16.21% SPREAD:0.59247556% BID:1.0127 ASK:1.0187 STATE:IDLE
[2026-02-28 05:43:54] DECIDE_HOLD reason=HOLD_SPREAD spread=0.5925% mom=-0.3150% range=0.6240% up=16.22% rsi=70.27027027027032
[2026-02-28 05:43:55] CHK EMA1m:OK EMA5m:OK RSI:70.27027027 VOL:OK MOM:-0.07% RANGE:0.52% UP:16.66% SPREAD:0.59247556% BID:1.0127 ASK:1.0187 STATE:IDLE
[2026-02-28 05:43:56] CHK EMA1m:OK EMA5m:OK RSI:70.27027027 VOL:OK MOM:-0.21% RANGE:0.52% UP:11.42% SPREAD:0.68134689% BID:1.0127 ASK:1.0196 STATE:IDLE
[2026-02-28 05:43:57] CHK EMA1m:OK EMA5m:OK RSI:70.27027027 VOL:OK MOM:-0.21% RANGE:0.52% UP:11.76% SPREAD:0.6615977% BID:1.0127 ASK:1.0194 STATE:IDLE
[2026-02-28 05:43:58] CHK EMA1m:OK EMA5m:OK RSI:70.27027027 VOL:OK MOM:-0.15% RANGE:0.52% UP:15.15% SPREAD:0.66120596% BID:1.0133 ASK:1.02 STATE:IDLE
[2026-02-28 05:44:00] CHK EMA1m:OK EMA5m:OK RSI:70.27027027 VOL:OK MOM:0.37% RANGE:0.46% UP:18.75% SPREAD:0.69999014% BID:1.0143 ASK:1.0214 STATE:IDLE
[2026-02-28 05:44:01] CHK EMA1m:OK EMA5m:OK RSI:68.41025641 VOL:NO MOM:0.45% RANGE:0.48% UP:2E+1% SPREAD:0.68013799% BID:1.0145 ASK:1.0214 STATE:IDLE
[2026-02-28 05:44:02] CHK EMA1m:OK EMA5m:OK RSI:68.41025641 VOL:NO MOM:0.4% RANGE:0.5% UP:17.24% SPREAD:0.66029368% BID:1.0147 ASK:1.0214 STATE:IDLE
[2026-02-28 05:44:03] CHK EMA1m:OK EMA5m:OK RSI:68.41025641 VOL:NO MOM:0.52% RANGE:0.52% UP:21.42% SPREAD:0.62075081% BID:1.0149 ASK:1.0212 STATE:IDLE
[2026-02-28 05:44:04] CHK EMA1m:OK EMA5m:OK RSI:68.41025641 VOL:NO MOM:0.62% RANGE:0.62% UP:25.92% SPREAD:0.61029628% BID:1.0159 ASK:1.0221 STATE:IDLE
[2026-02-28 05:44:06] CHK EMA1m:OK EMA5m:OK RSI:68.41025641 VOL:NO MOM:0.64% RANGE:0.64% UP:32% SPREAD:0.5216022% BID:1.0161 ASK:1.0214 STATE:IDLE
[2026-02-28 05:44:06] DECIDE_HOLD reason=HOLD_SPREAD spread=0.5216% mom=0.6438% range=0.6438% up=32.00% rsi=68.41025641025645
[2026-02-28 05:44:08] CHK EMA1m:OK EMA5m:OK RSI:68.41025641 VOL:NO MOM:0.66% RANGE:0.66% UP:40.9% SPREAD:0.58053724% BID:1.0163 ASK:1.0222 STATE:IDLE
[2026-02-28 05:44:09] CHK EMA1m:OK EMA5m:OK RSI:68.41025641 VOL:NO MOM:0.72% RANGE:0.72% UP:5E+1% SPREAD:0.55069328% BID:1.0169 ASK:1.0225 STATE:IDLE
[2026-02-28 05:44:10] CHK EMA1m:OK EMA5m:OK RSI:68.41025641 VOL:NO MOM:0.49% RANGE:0.49% UP:52.63% SPREAD:0.47165176% BID:1.0177 ASK:1.0225 STATE:IDLE
[2026-02-28 05:44:11] CHK EMA1m:OK EMA5m:OK RSI:68.41025641 VOL:NO MOM:0.4% RANGE:0.49% UP:5E+1% SPREAD:0.52124311% BID:1.0168 ASK:1.0221 STATE:IDLE
[2026-02-28 05:44:12] CHK EMA1m:OK EMA5m:OK RSI:68.41025641 VOL:NO MOM:0.39% RANGE:0.49% UP:55.55% SPREAD:0.45244418% BID:1.0167 ASK:1.0213 STATE:IDLE
[2026-02-28 05:44:13] CHK EMA1m:OK EMA5m:OK RSI:68.41025641 VOL:NO MOM:0.39% RANGE:0.49% UP:58.82% SPREAD:0.45244418% BID:1.0167 ASK:1.0213 STATE:IDLE
[2026-02-28 05:44:14] CHK EMA1m:OK EMA5m:OK RSI:68.41025641 VOL:NO MOM:0.39% RANGE:0.49% UP:62.5% SPREAD:0.45244418% BID:1.0167 ASK:1.0213 STATE:IDLE
[2026-02-28 05:44:15] CHK EMA1m:OK EMA5m:OK RSI:68.41025641 VOL:NO MOM:0.36% RANGE:0.49% UP:58.82% SPREAD:0.46241637% BID:1.0164 ASK:1.0211 STATE:IDLE
[2026-02-28 05:44:15] DECIDE_HOLD reason=HOLD_SPREAD spread=0.4624% mom=0.3654% range=0.4937% up=58.82% rsi=68.41025641025645
[2026-02-28 05:44:17] CHK EMA1m:OK EMA5m:OK RSI:68.41025641 VOL:NO MOM:0.37% RANGE:0.49% UP:64.7% SPREAD:0.47220855% BID:1.0165 ASK:1.0213 STATE:IDLE
[2026-02-28 05:44:18] CHK EMA1m:OK EMA5m:OK RSI:68.41025641 VOL:NO MOM:0.33% RANGE:0.43% UP:68.75% SPREAD:0.45244418% BID:1.0167 ASK:1.0213 STATE:IDLE
[2026-02-28 05:44:19] CHK EMA1m:OK EMA5m:OK RSI:68.41025641 VOL:NO MOM:0.24% RANGE:0.33% UP:68.75% SPREAD:0.4425649% BID:1.0168 ASK:1.0213 STATE:IDLE
[2026-02-28 05:44:20] CHK EMA1m:OK EMA5m:OK RSI:68.41025641 VOL:NO MOM:0.2% RANGE:0.31% UP:62.5% SPREAD:0.44265197% BID:1.0166 ASK:1.0211 STATE:IDLE
[2026-02-28 05:44:21] CHK EMA1m:OK EMA5m:OK RSI:68.41025641 VOL:NO MOM:0.06% RANGE:0.29% UP:56.25% SPREAD:0.40378176% BID:1.0154 ASK:1.0195 STATE:IDLE
[2026-02-28 05:44:22] CHK EMA1m:OK EMA5m:OK RSI:66.43426294 VOL:OK MOM:0.1% RANGE:0.27% UP:56.25% SPREAD:0.37401574% BID:1.016 ASK:1.0198 STATE:IDLE
[2026-02-28 05:44:23] CHK EMA1m:OK EMA5m:OK RSI:66.43426294 VOL:OK MOM:0.03% RANGE:0.22% UP:56.25% SPREAD:0.4132638% BID:1.0163 ASK:1.0205 STATE:IDLE
[2026-02-28 05:44:25] CHK EMA1m:OK EMA5m:OK RSI:66.43426294 VOL:OK MOM:0.04% RANGE:0.22% UP:56.25% SPREAD:0.57052921% BID:1.0166 ASK:1.0224 STATE:IDLE
[2026-02-28 05:44:26] CHK EMA1m:OK EMA5m:OK RSI:66.43426294 VOL:OK MOM:0.02% RANGE:0.22% UP:5E+1% SPREAD:0.57052921% BID:1.0166 ASK:1.0224 STATE:IDLE
[2026-02-28 05:44:26] DECIDE_HOLD reason=HOLD_SPREAD spread=0.5705% mom=0.0295% range=0.2265% up=50.00% rsi=66.43426294820728
[2026-02-28 05:44:28] CHK EMA1m:OK EMA5m:OK RSI:66.43426294 VOL:OK MOM:0.02% RANGE:0.22% UP:47.05% SPREAD:0.59020263% BID:1.0166 ASK:1.0226 STATE:IDLE
[2026-02-28 05:44:29] CHK EMA1m:OK EMA5m:OK RSI:66.43426294 VOL:OK MOM:0.01% RANGE:0.22% UP:47.05% SPREAD:0.48176187% BID:1.0171 ASK:1.022 STATE:IDLE
[2026-02-28 05:44:29] CHK EMA1m:OK EMA5m:OK RSI:66.43426294 VOL:OK MOM:-0.08% RANGE:0.22% UP:41.17% SPREAD:0.47206923% BID:1.0168 ASK:1.0216 STATE:IDLE
[2026-02-28 05:44:30] CHK EMA1m:OK EMA5m:OK RSI:66.43426294 VOL:OK MOM:-0.02% RANGE:0.16% UP:41.17% SPREAD:0.52139695% BID:1.0165 ASK:1.0218 STATE:IDLE
[2026-02-28 05:44:31] CHK EMA1m:OK EMA5m:OK RSI:66.43426294 VOL:OK MOM:-0.06% RANGE:0.16% UP:41.17% SPREAD:0.57086614% BID:1.016 ASK:1.0218 STATE:IDLE
[2026-02-28 05:44:33] CHK EMA1m:OK EMA5m:OK RSI:66.43426294 VOL:OK MOM:-0.06% RANGE:0.16% UP:41.17% SPREAD:0.53149606% BID:1.016 ASK:1.0214 STATE:IDLE
[2026-02-28 05:44:34] CHK EMA1m:OK EMA5m:OK RSI:66.43426294 VOL:OK MOM:-0% RANGE:0.16% UP:47.05% SPREAD:0.39346842% BID:1.0166 ASK:1.0206 STATE:IDLE
[2026-02-28 05:44:35] CHK EMA1m:OK EMA5m:OK RSI:67.17019133 VOL:OK MOM:0% RANGE:0.16% UP:47.05% SPREAD:0.34431874% BID:1.0165 ASK:1.02 STATE:IDLE
[2026-02-28 05:44:36] CHK EMA1m:OK EMA5m:OK RSI:67.17019133 VOL:OK MOM:0% RANGE:0.16% UP:41.17% SPREAD:0.32464338% BID:1.0165 ASK:1.0198 STATE:IDLE
[2026-02-28 05:44:36] DECIDE_HOLD reason=HOLD_SPREAD spread=0.3246% mom=0.0000% range=0.1674% up=41.18% rsi=67.17019133937565
[2026-02-28 05:44:37] CHK EMA1m:OK EMA5m:OK RSI:67.17019133 VOL:OK MOM:-0.01% RANGE:0.16% UP:35.29% SPREAD:0.34431874% BID:1.0165 ASK:1.02 STATE:IDLE
[2026-02-28 05:44:39] CHK EMA1m:OK EMA5m:OK RSI:67.17019133 VOL:OK MOM:-0% RANGE:0.16% UP:38.88% SPREAD:0.39346842% BID:1.0166 ASK:1.0206 STATE:IDLE
[2026-02-28 05:44:40] CHK EMA1m:OK EMA5m:OK RSI:67.17019133 VOL:OK MOM:-0% RANGE:0.16% UP:35.29% SPREAD:0.46237088% BID:1.0165 ASK:1.0212 STATE:IDLE
[2026-02-28 05:44:41] CHK EMA1m:OK EMA5m:OK RSI:67.17019133 VOL:OK MOM:0.1% RANGE:0.16% UP:35.29% SPREAD:0.46237088% BID:1.0165 ASK:1.0212 STATE:IDLE
[2026-02-28 05:44:42] CHK EMA1m:OK EMA5m:OK RSI:67.17019133 VOL:OK MOM:0.04% RANGE:0.1% UP:29.41% SPREAD:0.34431874% BID:1.0165 ASK:1.02 STATE:IDLE
[2026-02-28 05:44:42] CHK EMA1m:OK EMA5m:OK RSI:67.17019133 VOL:OK MOM:0.01% RANGE:0.1% UP:23.52% SPREAD:0.34431874% BID:1.0165 ASK:1.02 STATE:IDLE
[2026-02-28 05:44:44] CHK EMA1m:OK EMA5m:OK RSI:67.17019133 VOL:OK MOM:-0.04% RANGE:0.1% UP:17.64% SPREAD:0.34445428% BID:1.0161 ASK:1.0196 STATE:IDLE
[2026-02-28 05:44:45] CHK EMA1m:OK EMA5m:OK RSI:67.17019133 VOL:OK MOM:-0.04% RANGE:0.1% UP:17.64% SPREAD:0.34445428% BID:1.0161 ASK:1.0196 STATE:IDLE
[2026-02-28 05:44:46] CHK EMA1m:OK EMA5m:OK RSI:67.17019133 VOL:OK MOM:-0.13% RANGE:0.18% UP:17.64% SPREAD:0.41371158% BID:1.0152 ASK:1.0194 STATE:IDLE
[2026-02-28 05:44:46] DECIDE_HOLD reason=HOLD_SPREAD spread=0.4137% mom=-0.1377% range=0.1872% up=17.65% rsi=67.17019133937565
[2026-02-28 05:44:47] CHK EMA1m:OK EMA5m:OK RSI:67.17019133 VOL:OK MOM:-0.13% RANGE:0.18% UP:16.66% SPREAD:0.45311268% BID:1.0152 ASK:1.0198 STATE:IDLE
[2026-02-28 05:44:48] CHK EMA1m:OK EMA5m:OK RSI:67.17019133 VOL:OK MOM:-0.18% RANGE:0.18% UP:11.11% SPREAD:0.43341213% BID:1.0152 ASK:1.0196 STATE:IDLE
[2026-02-28 05:44:49] CHK EMA1m:OK EMA5m:OK RSI:67.17019133 VOL:OK MOM:-0.15% RANGE:0.15% UP:11.11% SPREAD:0.43341213% BID:1.0152 ASK:1.0196 STATE:IDLE
[2026-02-28 05:44:50] CHK EMA1m:OK EMA5m:OK RSI:67.17019133 VOL:OK MOM:-0.12% RANGE:0.13% UP:11.11% SPREAD:0.39401103% BID:1.0152 ASK:1.0192 STATE:IDLE
[2026-02-28 05:44:51] CHK EMA1m:OK EMA5m:OK RSI:67.17019133 VOL:OK MOM:-0.07% RANGE:0.13% UP:11.11% SPREAD:0.39401103% BID:1.0152 ASK:1.0192 STATE:IDLE
[2026-02-28 05:44:52] CHK EMA1m:OK EMA5m:OK RSI:67.17019133 VOL:OK MOM:-0.01% RANGE:0.13% UP:16.66% SPREAD:0.43315613% BID:1.0158 ASK:1.0202 STATE:IDLE
[2026-02-28 05:44:53] CHK EMA1m:OK EMA5m:OK RSI:67.17019133 VOL:OK MOM:-0.12% RANGE:0.13% UP:11.11% SPREAD:0.48261597% BID:1.0153 ASK:1.0202 STATE:IDLE
[2026-02-28 05:44:55] CHK EMA1m:OK EMA5m:OK RSI:67.17019133 VOL:OK MOM:-0.1% RANGE:0.13% UP:16.66% SPREAD:0.47272011% BID:1.0154 ASK:1.0202 STATE:IDLE
[2026-02-28 05:44:55] CHK EMA1m:OK EMA5m:OK RSI:67.17019133 VOL:OK MOM:-0.1% RANGE:0.13% UP:16.66% SPREAD:0.37423675% BID:1.0154 ASK:1.0192 STATE:IDLE
[2026-02-28 05:44:56] CHK EMA1m:OK EMA5m:OK RSI:67.17019133 VOL:OK MOM:-0.1% RANGE:0.13% UP:16.66% SPREAD:0.37423675% BID:1.0154 ASK:1.0192 STATE:IDLE
[2026-02-28 05:44:56] DECIDE_HOLD reason=HOLD_SPREAD spread=0.3742% mom=-0.1082% range=0.1379% up=16.67% rsi=67.17019133937565
[2026-02-28 05:44:57] CHK EMA1m:OK EMA5m:OK RSI:67.17019133 VOL:OK MOM:-0.11% RANGE:0.13% UP:11.11% SPREAD:0.37423675% BID:1.0154 ASK:1.0192 STATE:IDLE
[2026-02-28 05:44:58] CHK EMA1m:OK EMA5m:OK RSI:67.17019133 VOL:OK MOM:-0.12% RANGE:0.12% UP:11.11% SPREAD:0.39401103% BID:1.0152 ASK:1.0192 STATE:IDLE
[2026-02-28 05:45:00] CHK EMA1m:OK EMA5m:OK RSI:67.17019133 VOL:OK MOM:-0.22% RANGE:0.22% UP:10.52% SPREAD:0.45355945% BID:1.0142 ASK:1.0188 STATE:IDLE
[2026-02-28 05:45:01] CHK EMA1m:OK EMA5m:OK RSI:65.46610169 VOL:NO MOM:-0.2% RANGE:0.22% UP:16.66% SPREAD:0.45347003% BID:1.0144 ASK:1.019 STATE:IDLE
[2026-02-28 05:45:03] CHK EMA1m:OK EMA5m:OK RSI:65.46610169 VOL:NO MOM:-0.19% RANGE:0.22% UP:22.22% SPREAD:0.44356826% BID:1.0145 ASK:1.019 STATE:IDLE
[2026-02-28 05:45:03] CHK EMA1m:OK EMA5m:OK RSI:63.97515527 VOL:OK MOM:-0.16% RANGE:0.18% UP:23.52% SPREAD:0.38446372% BID:1.0144 ASK:1.0183 STATE:IDLE
[2026-02-28 05:45:06] CHK EMA1m:OK EMA5m:OK RSI:63.97515527 VOL:OK MOM:-0.18% RANGE:0.18% UP:22.22% SPREAD:0.34509958% BID:1.0142 ASK:1.0177 STATE:IDLE
[2026-02-28 05:45:07] CHK EMA1m:OK EMA5m:OK RSI:63.97515527 VOL:OK MOM:-0.22% RANGE:0.28% UP:25% SPREAD:0.31592457% BID:1.0129 ASK:1.0161 STATE:IDLE
[2026-02-28 05:45:07] DECIDE_HOLD reason=HOLD_SPREAD spread=0.3159% mom=-0.2266% range=0.2863% up=25.00% rsi=63.97515527950313
[2026-02-28 05:45:09] CHK EMA1m:OK EMA5m:OK RSI:63.97515527 VOL:OK MOM:-0.34% RANGE:0.4% UP:25% SPREAD:0.35583671% BID:1.0117 ASK:1.0153 STATE:IDLE
[2026-02-28 05:45:10] CHK EMA1m:OK EMA5m:OK RSI:63.97515527 VOL:OK MOM:-0.35% RANGE:0.41% UP:25% SPREAD:0.38552787% BID:1.0116 ASK:1.0155 STATE:IDLE
[2026-02-28 05:45:11] CHK EMA1m:OK EMA5m:OK RSI:63.97515527 VOL:OK MOM:-0.36% RANGE:0.42% UP:25% SPREAD:0.36579337% BID:1.0115 ASK:1.0152 STATE:IDLE
[2026-02-28 05:45:12] CHK EMA1m:OK EMA5m:OK RSI:63.97515527 VOL:OK MOM:-0.43% RANGE:0.44% UP:2E+1% SPREAD:0.34622613% BID:1.0109 ASK:1.0144 STATE:IDLE
[2026-02-28 05:45:13] CHK EMA1m:OK EMA5m:OK RSI:63.97515527 VOL:OK MOM:-0.42% RANGE:0.44% UP:2E+1% SPREAD:0.31648699% BID:1.0111 ASK:1.0143 STATE:IDLE
[2026-02-28 05:45:14] CHK EMA1m:OK EMA5m:OK RSI:63.97515527 VOL:OK MOM:-0.4% RANGE:0.44% UP:26.66% SPREAD:0.30653614% BID:1.0113 ASK:1.0144 STATE:IDLE
[2026-02-28 05:45:16] CHK EMA1m:OK EMA5m:OK RSI:61.12759643 VOL:OK MOM:-0.55% RANGE:0.55% UP:25% SPREAD:0.29708853% BID:1.0098 ASK:1.0128 STATE:IDLE
[2026-02-28 05:45:17] CHK EMA1m:OK EMA5m:OK RSI:61.12759643 VOL:OK MOM:-0.55% RANGE:0.55% UP:26.66% SPREAD:0.36640918% BID:1.0098 ASK:1.0135 STATE:IDLE
[2026-02-28 05:45:18] CHK EMA1m:OK EMA5m:OK RSI:61.12759643 VOL:OK MOM:-0.53% RANGE:0.53% UP:26.66% SPREAD:0.36640918% BID:1.0098 ASK:1.0135 STATE:IDLE
[2026-02-28 05:45:18] DECIDE_HOLD reason=HOLD_SPREAD spread=0.3664% mom=-0.5319% range=0.5348% up=26.67% rsi=61.127596439169174
[2026-02-28 05:45:19] CHK EMA1m:OK EMA5m:OK RSI:61.12759643 VOL:OK MOM:-0.43% RANGE:0.46% UP:26.66% SPREAD:0.36640918% BID:1.0098 ASK:1.0135 STATE:IDLE
[2026-02-28 05:45:20] CHK EMA1m:OK EMA5m:OK RSI:61.12759643 VOL:OK MOM:-0.56% RANGE:0.57% UP:2E+1% SPREAD:0.43620501% BID:1.0087 ASK:1.0131 STATE:IDLE
[2026-02-28 05:45:21] CHK EMA1m:OK EMA5m:OK RSI:61.06719367 VOL:OK MOM:-0.55% RANGE:0.57% UP:25% SPREAD:0.40642347% BID:1.0088 ASK:1.0129 STATE:IDLE
[2026-02-28 05:45:22] CHK EMA1m:OK EMA5m:OK RSI:61.06719367 VOL:OK MOM:-0.8% RANGE:0.81% UP:18.75% SPREAD:0.39749577% BID:1.0063 ASK:1.0103 STATE:IDLE
[2026-02-28 05:45:23] CHK EMA1m:OK EMA5m:OK RSI:61.06719367 VOL:OK MOM:-0.75% RANGE:0.8% UP:25% SPREAD:0.35760405% BID:1.0067 ASK:1.0103 STATE:IDLE
[2026-02-28 05:45:24] BUY symbol=BARDUSDC qty=9.3 entry=1.0101999999999998 momPct=-0.007590694006309188 rangePct=0.00804928947629931 upRatio=0.25 profile=major
[2026-02-28 05:45:24] CHK EMA1m:OK EMA5m:OK RSI:61.06719367 VOL:OK MOM:-0.75% RANGE:0.78% UP:25% SPREAD:0.36761053% BID:1.0065 ASK:1.0102 STATE:IN_POS
[2026-02-28 05:45:25] CHK EMA1m:OK EMA5m:OK RSI:61.3095238 VOL:OK MOM:-0.55% RANGE:0.65% UP:31.25% SPREAD:0.29782587% BID:1.0073 ASK:1.0103 STATE:IN_POS
[2026-02-28 05:45:27] CHK EMA1m:OK EMA5m:OK RSI:61.06719367 VOL:OK MOM:-0.68% RANGE:0.68% UP:29.41% SPREAD:0.36779324% BID:1.006 ASK:1.0097 STATE:IN_POS
[2026-02-28 05:45:28] CHK EMA1m:OK EMA5m:OK RSI:58.52272727 VOL:OK MOM:-0.55% RANGE:0.56% UP:35.29% SPREAD:0.35781731% BID:1.0061 ASK:1.0097 STATE:IN_POS
[2026-02-28 05:45:29] CHK EMA1m:OK EMA5m:OK RSI:58.52272727 VOL:OK MOM:-0.66% RANGE:0.66% UP:35.29% SPREAD:0.47765946% BID:1.0049 ASK:1.0097 STATE:IN_POS
[2026-02-28 05:45:29] CHK EMA1m:OK EMA5m:OK RSI:57.06371191 VOL:OK MOM:-1.11% RANGE:1.12% UP:33.33% SPREAD:0.73977806% BID:1.0003 ASK:1.0077 STATE:IN_POS
[2026-02-28 05:45:30] SELL symbol=BARDUSDC qty=9.3 exit=1.0016 pnl=-0.07997999999999739 reason=STOP profile=major
[2026-02-28 05:46:01] CHK EMA1m:OK EMA5m:OK RSI:57.11340206 VOL:NO MOM:0.12% RANGE:0.39% UP:28.2% SPREAD:0.31913832% BID:1.0027 ASK:1.0059 STATE:IDLE
[2026-02-28 05:46:01] DECIDE_HOLD reason=HOLD_SPREAD spread=0.3191% mom=0.1298% range=0.3994% up=28.21% rsi=57.113402061855716
[2026-02-28 05:46:02] CHK EMA1m:OK EMA5m:OK RSI:52.96367112 VOL:OK MOM:-0.28% RANGE:0.63% UP:23.68% SPREAD:0.09008107% BID:0.9991 ASK:1 STATE:IDLE
[2026-02-28 05:46:03] CHK EMA1m:OK EMA5m:OK RSI:54.90584737 VOL:OK MOM:-0.13% RANGE:0.63% UP:25% SPREAD:0.2996105% BID:1.0013 ASK:1.0043 STATE:IDLE
[2026-02-28 05:46:04] BUY symbol=BARDUSDC qty=9.2 entry=1.0033 momPct=-0.0013962301785178477 rangePct=0.00630567510759692 upRatio=0.25 profile=major
[2026-02-28 05:46:04] CHK EMA1m:OK EMA5m:OK RSI:54.68904244 VOL:OK MOM:-0.23% RANGE:0.63% UP:22.85% SPREAD:0.29997% BID:1.0001 ASK:1.0031 STATE:IN_POS
[2026-02-28 05:46:05] CHK EMA1m:OK EMA5m:OK RSI:52.71170313 VOL:OK MOM:-0.64% RANGE:0.65% UP:20.58% SPREAD:0.28036447% BID:0.9987 ASK:1.0015 STATE:IN_POS
[2026-02-28 05:46:07] CHK EMA1m:OK EMA5m:OK RSI:52.71170313 VOL:OK MOM:-0.48% RANGE:0.65% UP:24.24% SPREAD:0.32016008% BID:0.9995 ASK:1.0027 STATE:IN_POS
[2026-02-28 05:46:08] CHK EMA1m:OK EMA5m:OK RSI:52.71170313 VOL:OK MOM:-0.52% RANGE:0.65% UP:22.58% SPREAD:0.45058576% BID:0.9987 ASK:1.0032 STATE:IN_POS
[2026-02-28 05:46:09] CHK EMA1m:OK EMA5m:OK RSI:52.71170313 VOL:OK MOM:-0.52% RANGE:0.65% UP:23.33% SPREAD:0.46059877% BID:0.9987 ASK:1.0033 STATE:IN_POS
[2026-02-28 05:46:11] CHK EMA1m:OK EMA5m:OK RSI:52.71170313 VOL:OK MOM:-0.66% RANGE:0.67% UP:17.85% SPREAD:0.30045067% BID:0.9985 ASK:1.0015 STATE:IN_POS
[2026-02-28 05:46:12] CHK EMA1m:OK EMA5m:OK RSI:52.71170313 VOL:OK MOM:-0.62% RANGE:0.65% UP:22.22% SPREAD:0.3604686% BID:0.9987 ASK:1.0023 STATE:IN_POS
[2026-02-28 05:46:13] CHK EMA1m:OK EMA5m:OK RSI:52.71170313 VOL:OK MOM:-0.6% RANGE:0.61% UP:24% SPREAD:0.36061304% BID:0.9983 ASK:1.0019 STATE:IN_POS
[2026-02-28 05:46:14] CHK EMA1m:OK EMA5m:OK RSI:52.71170313 VOL:OK MOM:-0.6% RANGE:0.61% UP:20.83% SPREAD:0.36061304% BID:0.9983 ASK:1.0019 STATE:IN_POS
[2026-02-28 05:46:15] CHK EMA1m:OK EMA5m:OK RSI:52.71170313 VOL:OK MOM:-0.63% RANGE:0.64% UP:21.73% SPREAD:0.32067341% BID:0.9979 ASK:1.0011 STATE:IN_POS
[2026-02-28 05:46:16] CHK EMA1m:OK EMA5m:OK RSI:52.71170313 VOL:OK MOM:-0.54% RANGE:0.58% UP:22.72% SPREAD:0.32067341% BID:0.9979 ASK:1.0011 STATE:IN_POS
[2026-02-28 05:46:18] CHK EMA1m:OK EMA5m:OK RSI:53.52657004 VOL:OK MOM:-0.43% RANGE:0.58% UP:23.8% SPREAD:0.32067341% BID:0.9979 ASK:1.0011 STATE:IN_POS
[2026-02-28 05:46:19] CHK EMA1m:OK EMA5m:OK RSI:53.52657004 VOL:OK MOM:-0.46% RANGE:0.56% UP:22.22% SPREAD:0.2803364% BID:0.9988 ASK:1.0016 STATE:IN_POS
[2026-02-28 05:46:20] CHK EMA1m:OK EMA5m:OK RSI:53.52657004 VOL:OK MOM:-0.17% RANGE:0.48% UP:31.25% SPREAD:0.36966729% BID:1.0009 ASK:1.0046 STATE:IN_POS
[2026-02-28 05:46:21] CHK EMA1m:OK EMA5m:OK RSI:53.52657004 VOL:OK MOM:0.08% RANGE:0.34% UP:31.25% SPREAD:0.310031% BID:0.9999 ASK:1.003 STATE:IN_POS
[2026-02-28 05:46:23] CHK EMA1m:OK EMA5m:OK RSI:53.52657004 VOL:OK MOM:-0.09% RANGE:0.34% UP:31.25% SPREAD:0.39988003% BID:1.0003 ASK:1.0043 STATE:IN_POS
[2026-02-28 05:46:24] CHK EMA1m:OK EMA5m:OK RSI:53.52657004 VOL:OK MOM:0.01% RANGE:0.3% UP:31.25% SPREAD:0.33989803% BID:1.0003 ASK:1.0037 STATE:IN_POS
[2026-02-28 05:46:25] CHK EMA1m:OK EMA5m:OK RSI:53.52657004 VOL:OK MOM:0.16% RANGE:0.3% UP:31.25% SPREAD:0.37988603% BID:1.0003 ASK:1.0041 STATE:IN_POS
[2026-02-28 05:46:26] CHK EMA1m:OK EMA5m:OK RSI:53.52657004 VOL:OK MOM:0.1% RANGE:0.3% UP:31.25% SPREAD:0.4397801% BID:1.0005 ASK:1.0049 STATE:IN_POS
[2026-02-28 05:46:27] CHK EMA1m:OK EMA5m:OK RSI:53.52657004 VOL:OK MOM:0.18% RANGE:0.3% UP:31.25% SPREAD:0.35982008% BID:1.0005 ASK:1.0041 STATE:IN_POS
[2026-02-28 05:46:28] CHK EMA1m:OK EMA5m:OK RSI:53.52657004 VOL:OK MOM:0.23% RANGE:0.31% UP:37.5% SPREAD:0.33966033% BID:1.001 ASK:1.0044 STATE:IN_POS
[2026-02-28 05:46:29] CHK EMA1m:OK EMA5m:OK RSI:53.52657004 VOL:OK MOM:0.27% RANGE:0.33% UP:43.75% SPREAD:0.31961646% BID:1.0012 ASK:1.0044 STATE:IN_POS
[2026-02-28 05:46:30] CHK EMA1m:OK EMA5m:OK RSI:53.52657004 VOL:OK MOM:0.33% RANGE:0.41% UP:43.75% SPREAD:0.23952095% BID:1.002 ASK:1.0044 STATE:IN_POS
[2026-02-28 05:46:31] CHK EMA1m:OK EMA5m:OK RSI:55.28942115 VOL:OK MOM:0.41% RANGE:0.49% UP:47.05% SPREAD:0.39888312% BID:1.0028 ASK:1.0068 STATE:IN_POS
[2026-02-28 05:46:32] CHK EMA1m:OK EMA5m:OK RSI:55.28942115 VOL:OK MOM:0.37% RANGE:0.49% UP:47.05% SPREAD:0.47904191% BID:1.002 ASK:1.0068 STATE:IN_POS
[2026-02-28 05:46:34] CHK EMA1m:OK EMA5m:OK RSI:55.28942115 VOL:OK MOM:0.4% RANGE:0.49% UP:52.94% SPREAD:0.46892148% BID:1.0023 ASK:1.007 STATE:IN_POS
[2026-02-28 05:46:35] CHK EMA1m:OK EMA5m:OK RSI:55.28942115 VOL:OK MOM:0.48% RANGE:0.49% UP:58.82% SPREAD:0.36900369% BID:1.0027 ASK:1.0064 STATE:IN_POS
[2026-02-28 05:46:36] CHK EMA1m:OK EMA5m:OK RSI:55.28942115 VOL:OK MOM:0.48% RANGE:0.49% UP:58.82% SPREAD:0.26927296% BID:1.0027 ASK:1.0054 STATE:IN_POS
[2026-02-28 05:46:37] CHK EMA1m:OK EMA5m:OK RSI:55.28942115 VOL:OK MOM:0.48% RANGE:0.49% UP:58.82% SPREAD:0.34905754% BID:1.0027 ASK:1.0062 STATE:IN_POS
[2026-02-28 05:46:38] CHK EMA1m:OK EMA5m:OK RSI:55.28942115 VOL:OK MOM:0.39% RANGE:0.4% UP:52.94% SPREAD:0.30916525% BID:1.0027 ASK:1.0058 STATE:IN_POS
[2026-02-28 05:46:39] CHK EMA1m:OK EMA5m:OK RSI:55.28942115 VOL:OK MOM:0.3% RANGE:0.4% UP:5E+1% SPREAD:0.31942503% BID:1.0018 ASK:1.005 STATE:IN_POS
[2026-02-28 05:46:40] CHK EMA1m:OK EMA5m:OK RSI:55.28942115 VOL:OK MOM:0.07% RANGE:0.29% UP:44.44% SPREAD:0.30947389% BID:1.0017 ASK:1.0048 STATE:IN_POS
[2026-02-28 05:46:41] CHK EMA1m:OK EMA5m:OK RSI:55.28942115 VOL:OK MOM:0.2% RANGE:0.29% UP:5E+1% SPREAD:0.32937418% BID:1.0019 ASK:1.0052 STATE:IN_POS
[2026-02-28 05:46:42] CHK EMA1m:OK EMA5m:OK RSI:55.28942115 VOL:OK MOM:0.09% RANGE:0.24% UP:44.44% SPREAD:0.34954559% BID:1.0013 ASK:1.0048 STATE:IN_POS
[2026-02-28 05:46:43] CHK EMA1m:OK EMA5m:OK RSI:55.28942115 VOL:OK MOM:0.09% RANGE:0.24% UP:44.44% SPREAD:0.34954559% BID:1.0013 ASK:1.0048 STATE:IN_POS
[2026-02-28 05:46:44] CHK EMA1m:OK EMA5m:OK RSI:55.28942115 VOL:OK MOM:0.04% RANGE:0.24% UP:44.44% SPREAD:0.25979216% BID:1.0008 ASK:1.0034 STATE:IN_POS
[2026-02-28 05:46:45] CHK EMA1m:OK EMA5m:OK RSI:55.28942115 VOL:OK MOM:0.01% RANGE:0.22% UP:38.88% SPREAD:0.18986709% BID:1.0007 ASK:1.0026 STATE:IN_POS
[2026-02-28 05:46:46] CHK EMA1m:OK EMA5m:OK RSI:55.28942115 VOL:OK MOM:0.02% RANGE:0.22% UP:44.44% SPREAD:0.25979216% BID:1.0008 ASK:1.0034 STATE:IN_POS
[2026-02-28 05:46:47] CHK EMA1m:OK EMA5m:OK RSI:55.28942115 VOL:OK MOM:-0.01% RANGE:0.2% UP:38.88% SPREAD:0.4796163% BID:1.0008 ASK:1.0056 STATE:IN_POS
[2026-02-28 05:46:48] CHK EMA1m:OK EMA5m:OK RSI:56.12968591 VOL:OK MOM:0.24% RANGE:0.29% UP:38.88% SPREAD:0.37859918% BID:1.0037 ASK:1.0075 STATE:IN_POS
[2026-02-28 05:46:50] CHK EMA1m:OK EMA5m:OK RSI:56.12968591 VOL:OK MOM:0.19% RANGE:0.29% UP:36.84% SPREAD:0.32894736% BID:1.0032 ASK:1.0065 STATE:IN_POS
[2026-02-28 05:46:51] CHK EMA1m:OK EMA5m:OK RSI:56.12968591 VOL:OK MOM:0.01% RANGE:0.29% UP:27.77% SPREAD:0.34895314% BID:1.003 ASK:1.0065 STATE:IN_POS
[2026-02-28 05:46:52] CHK EMA1m:OK EMA5m:OK RSI:57.93731041 VOL:OK MOM:0.52% RANGE:0.65% UP:33.33% SPREAD:0.41695621% BID:1.0073 ASK:1.0115 STATE:IN_POS
[2026-02-28 05:46:52] CHK EMA1m:OK EMA5m:OK RSI:56.93730729 VOL:OK MOM:0.36% RANGE:0.65% UP:27.77% SPREAD:0.36779324% BID:1.006 ASK:1.0097 STATE:IN_POS
[2026-02-28 05:46:53] CHK EMA1m:OK EMA5m:OK RSI:56.93730729 VOL:OK MOM:0.44% RANGE:0.65% UP:27.77% SPREAD:0.62549642% BID:1.0072 ASK:1.0135 STATE:IN_POS
[2026-02-28 05:46:55] CHK EMA1m:OK EMA5m:OK RSI:56.93730729 VOL:OK MOM:0.93% RANGE:1.13% UP:31.57% SPREAD:0.49402232% BID:1.0121 ASK:1.0171 STATE:IN_POS
[2026-02-28 05:46:56] CHK EMA1m:OK EMA5m:OK RSI:56.93730729 VOL:OK MOM:0.97% RANGE:1.17% UP:38.88% SPREAD:0.47407407% BID:1.0125 ASK:1.0173 STATE:IN_POS
[2026-02-28 05:46:57] CHK EMA1m:OK EMA5m:OK RSI:61.01218369 VOL:OK MOM:1.08% RANGE:1.28% UP:44.44% SPREAD:0.51302288% BID:1.0136 ASK:1.0188 STATE:IN_POS
[2026-02-28 05:46:58] CHK EMA1m:OK EMA5m:OK RSI:61.01218369 VOL:OK MOM:0.95% RANGE:1.28% UP:44.44% SPREAD:0.50425153% BID:1.0114 ASK:1.0165 STATE:IN_POS
[2026-02-28 05:46:59] CHK EMA1m:OK EMA5m:OK RSI:61.01218369 VOL:OK MOM:0.97% RANGE:1.28% UP:5E+1% SPREAD:0.49431537% BID:1.0115 ASK:1.0165 STATE:IN_POS
[2026-02-28 05:47:00] CHK EMA1m:OK EMA5m:OK RSI:61.01218369 VOL:OK MOM:1.01% RANGE:1.28% UP:52.63% SPREAD:0.45459037% BID:1.0119 ASK:1.0165 STATE:IN_POS
[2026-02-28 05:47:01] CHK EMA1m:OK EMA5m:OK RSI:57.95148247 VOL:OK MOM:1.25% RANGE:1.31% UP:55.55% SPREAD:0.59177433% BID:1.0139 ASK:1.0199 STATE:IN_POS
[2026-02-28 05:47:02] CHK EMA1m:OK EMA5m:OK RSI:61.76470588 VOL:OK MOM:1.45% RANGE:1.51% UP:61.11% SPREAD:0.34452209% BID:1.0159 ASK:1.0194 STATE:IN_POS
[2026-02-28 05:47:03] CHK EMA1m:OK EMA5m:OK RSI:61.76470588 VOL:OK MOM:1.38% RANGE:1.51% UP:61.11% SPREAD:0.34492953% BID:1.0147 ASK:1.0182 STATE:IN_POS
[2026-02-28 05:47:04] CHK EMA1m:OK EMA5m:OK RSI:61.76470588 VOL:OK MOM:1.32% RANGE:1.51% UP:61.11% SPREAD:0.33530571% BID:1.014 ASK:1.0174 STATE:IN_POS
[2026-02-28 05:47:05] CHK EMA1m:OK EMA5m:OK RSI:58.95795246 VOL:OK MOM:1.33% RANGE:1.51% UP:63.15% SPREAD:0.38457745% BID:1.0141 ASK:1.018 STATE:IN_POS
[2026-02-28 05:47:07] CHK EMA1m:OK EMA5m:OK RSI:58.95795246 VOL:OK MOM:1.32% RANGE:1.5% UP:61.11% SPREAD:0.56207474% BID:1.0141 ASK:1.0198 STATE:IN_POS
[2026-02-28 05:47:08] CHK EMA1m:OK EMA5m:OK RSI:58.95795246 VOL:OK MOM:1.08% RANGE:1.28% UP:58.82% SPREAD:0.6212405% BID:1.0141 ASK:1.0204 STATE:IN_POS
[2026-02-28 05:47:10] CHK EMA1m:OK EMA5m:OK RSI:58.95795246 VOL:OK MOM:1.11% RANGE:1.28% UP:64.7% SPREAD:0.59159929% BID:1.0142 ASK:1.0202 STATE:IN_POS
[2026-02-28 05:47:12] CHK EMA1m:OK EMA5m:OK RSI:58.95795246 VOL:OK MOM:0.61% RANGE:0.98% UP:58.82% SPREAD:0.58214109% BID:1.0135 ASK:1.0194 STATE:IN_POS
[2026-02-28 05:47:13] CHK EMA1m:OK EMA5m:OK RSI:58.95795246 VOL:OK MOM:0.62% RANGE:0.86% UP:56.25% SPREAD:0.49333991% BID:1.0135 ASK:1.0185 STATE:IN_POS
[2026-02-28 05:47:14] CHK EMA1m:OK EMA5m:OK RSI:58.95795246 VOL:OK MOM:0.13% RANGE:0.44% UP:5E+1% SPREAD:0.49333991% BID:1.0135 ASK:1.0185 STATE:IN_POS
[2026-02-28 05:47:14] CHK EMA1m:OK EMA5m:OK RSI:58.95795246 VOL:OK MOM:0.09% RANGE:0.44% UP:43.75% SPREAD:0.64134188% BID:1.0135 ASK:1.02 STATE:IN_POS
[2026-02-28 05:47:15] CHK EMA1m:OK EMA5m:OK RSI:58.95795246 VOL:OK MOM:0.09% RANGE:0.44% UP:41.17% SPREAD:0.58214109% BID:1.0135 ASK:1.0194 STATE:IN_POS
[2026-02-28 05:47:17] CHK EMA1m:OK EMA5m:OK RSI:58.95795246 VOL:OK MOM:-0% RANGE:0.44% UP:35.29% SPREAD:0.42427232% BID:1.0135 ASK:1.0178 STATE:IN_POS
[2026-02-28 05:47:18] CHK EMA1m:OK EMA5m:OK RSI:58.95795246 VOL:OK MOM:0.12% RANGE:0.43% UP:31.25% SPREAD:0.41469194% BID:1.0128 ASK:1.017 STATE:IN_POS
[2026-02-28 05:47:19] CHK EMA1m:OK EMA5m:OK RSI:58.31826401 VOL:OK MOM:-0.13% RANGE:0.53% UP:25% SPREAD:0.74220682% BID:1.0105 ASK:1.018 STATE:IN_POS
[2026-02-28 05:47:20] CHK EMA1m:OK EMA5m:OK RSI:58.31826401 VOL:OK MOM:-0.33% RANGE:0.53% UP:18.75% SPREAD:0.70262246% BID:1.0105 ASK:1.0176 STATE:IN_POS
[2026-02-28 05:47:21] CHK EMA1m:OK EMA5m:OK RSI:58.31826401 VOL:OK MOM:-0.33% RANGE:0.53% UP:17.64% SPREAD:0.66303809% BID:1.0105 ASK:1.0172 STATE:IN_POS
[2026-02-28 05:47:22] CHK EMA1m:OK EMA5m:OK RSI:58.31826401 VOL:OK MOM:-0.53% RANGE:0.53% UP:11.76% SPREAD:0.56407718% BID:1.0105 ASK:1.0162 STATE:IN_POS
[2026-02-28 05:47:23] CHK EMA1m:OK EMA5m:OK RSI:57.07964601 VOL:OK MOM:-0.55% RANGE:0.57% UP:12.5% SPREAD:0.79333597% BID:1.0084 ASK:1.0164 STATE:IN_POS
[2026-02-28 05:47:24] SELL symbol=BARDUSDC qty=9.2 exit=1.0084 pnl=0.046919999999998914 reason=TRAIL profile=major
[2026-02-28 05:47:35] CHK EMA1m:OK EMA5m:OK RSI:56.08695652 VOL:OK MOM:-0.5% RANGE:0.5% UP:0% SPREAD:0.67433558% BID:1.0084 ASK:1.0152 STATE:IDLE
[2026-02-28 05:47:35] DECIDE_HOLD reason=HOLD_SPREAD spread=0.6743% mom=-0.5032% range=0.5058% up=0.00% rsi=56.086956521739154
[2026-02-28 05:47:36] CHK EMA1m:OK EMA5m:OK RSI:56.08695652 VOL:OK MOM:-0.67% RANGE:0.67% UP:0% SPREAD:0.67547432% BID:1.0067 ASK:1.0135 STATE:IDLE
[2026-02-28 05:47:37] CHK EMA1m:OK EMA5m:OK RSI:56.08695652 VOL:OK MOM:-0.6% RANGE:0.6% UP:0% SPREAD:0.63574053% BID:1.0067 ASK:1.0131 STATE:IDLE
[2026-02-28 05:47:38] CHK EMA1m:OK EMA5m:OK RSI:54.98721227 VOL:OK MOM:-0.6% RANGE:0.6% UP:0% SPREAD:0.56620641% BID:1.0067 ASK:1.0124 STATE:IDLE
[2026-02-28 05:47:39] CHK EMA1m:OK EMA5m:OK RSI:54.98721227 VOL:OK MOM:-0.44% RANGE:0.44% UP:0% SPREAD:0.6361829% BID:1.006 ASK:1.0124 STATE:IDLE
[2026-02-28 05:47:40] CHK EMA1m:OK EMA5m:OK RSI:54.98721227 VOL:OK MOM:-0.44% RANGE:0.44% UP:0% SPREAD:0.6361829% BID:1.006 ASK:1.0124 STATE:IDLE
[2026-02-28 05:47:41] CHK EMA1m:OK EMA5m:OK RSI:54.98721227 VOL:OK MOM:-0.44% RANGE:0.44% UP:0% SPREAD:0.53677932% BID:1.006 ASK:1.0114 STATE:IDLE
[2026-02-28 05:47:42] CHK EMA1m:OK EMA5m:OK RSI:54.98721227 VOL:OK MOM:-0.23% RANGE:0.23% UP:0% SPREAD:0.47713717% BID:1.006 ASK:1.0108 STATE:IDLE
[2026-02-28 05:47:43] CHK EMA1m:OK EMA5m:OK RSI:54.98721227 VOL:OK MOM:-0.23% RANGE:0.23% UP:0% SPREAD:0.65606361% BID:1.006 ASK:1.0126 STATE:IDLE
[2026-02-28 05:47:44] CHK EMA1m:OK EMA5m:OK RSI:54.98721227 VOL:OK MOM:-0.23% RANGE:0.23% UP:0% SPREAD:0.64612326% BID:1.006 ASK:1.0125 STATE:IDLE
[2026-02-28 05:47:45] CHK EMA1m:OK EMA5m:OK RSI:54.98721227 VOL:OK MOM:-0.23% RANGE:0.23% UP:0% SPREAD:0.64612326% BID:1.006 ASK:1.0125 STATE:IDLE
[2026-02-28 05:47:45] DECIDE_HOLD reason=HOLD_SPREAD spread=0.6461% mom=-0.2380% range=0.2386% up=0.00% rsi=54.98721227621486
[2026-02-28 05:47:47] CHK EMA1m:OK EMA5m:OK RSI:54.98721227 VOL:OK MOM:-0.23% RANGE:0.23% UP:0% SPREAD:0.66600397% BID:1.006 ASK:1.0127 STATE:IDLE
[2026-02-28 05:47:48] CHK EMA1m:OK EMA5m:OK RSI:54.98721227 VOL:OK MOM:-0.23% RANGE:0.23% UP:0% SPREAD:0.66600397% BID:1.006 ASK:1.0127 STATE:IDLE
[2026-02-28 05:47:49] CHK EMA1m:OK EMA5m:OK RSI:54.98721227 VOL:OK MOM:-0.23% RANGE:0.23% UP:0% SPREAD:0.66600397% BID:1.006 ASK:1.0127 STATE:IDLE
[2026-02-28 05:47:52] CHK EMA1m:OK EMA5m:OK RSI:54.98721227 VOL:OK MOM:-0.23% RANGE:0.23% UP:0% SPREAD:0.58648111% BID:1.006 ASK:1.0119 STATE:IDLE
[2026-02-28 05:47:53] CHK EMA1m:OK EMA5m:OK RSI:54.98721227 VOL:OK MOM:-0.23% RANGE:0.23% UP:0% SPREAD:0.66600397% BID:1.006 ASK:1.0127 STATE:IDLE
[2026-02-28 05:47:54] CHK EMA1m:OK EMA5m:OK RSI:54.98721227 VOL:OK MOM:-0.23% RANGE:0.23% UP:0% SPREAD:0.64612326% BID:1.006 ASK:1.0125 STATE:IDLE
[2026-02-28 05:47:55] CHK EMA1m:OK EMA5m:OK RSI:54.98721227 VOL:OK MOM:-0.06% RANGE:0.06% UP:0% SPREAD:0.52683896% BID:1.006 ASK:1.0113 STATE:IDLE
[2026-02-28 05:47:56] CHK EMA1m:OK EMA5m:OK RSI:54.98721227 VOL:OK MOM:-0.03% RANGE:0.06% UP:5.88% SPREAD:0.61611845% BID:1.0063 ASK:1.0125 STATE:IDLE
[2026-02-28 05:47:56] DECIDE_HOLD reason=HOLD_SPREAD spread=0.6161% mom=-0.0397% range=0.0696% up=5.88% rsi=54.98721227621486
[2026-02-28 05:47:57] CHK EMA1m:OK EMA5m:OK RSI:58.1081081 VOL:OK MOM:-0.03% RANGE:0.06% UP:5.88% SPREAD:0.61611845% BID:1.0063 ASK:1.0125 STATE:IDLE
[2026-02-28 05:47:58] CHK EMA1m:OK EMA5m:OK RSI:58.1081081 VOL:OK MOM:0.16% RANGE:0.16% UP:12.5% SPREAD:0.506103% BID:1.0077 ASK:1.0128 STATE:IDLE
[2026-02-28 05:47:59] CHK EMA1m:OK EMA5m:OK RSI:58.1081081 VOL:OK MOM:0.16% RANGE:0.16% UP:12.5% SPREAD:0.506103% BID:1.0077 ASK:1.0128 STATE:IDLE
[2026-02-28 05:48:05] CHK EMA1m:OK EMA5m:OK RSI:70.33805888 VOL:NO MOM:0.16% RANGE:0.16% UP:18.18% SPREAD:0.62518606% BID:1.0077 ASK:1.014 STATE:IDLE
[2026-02-28 05:48:06] CHK EMA1m:OK EMA5m:OK RSI:70.33805888 VOL:NO MOM:0.16% RANGE:0.16% UP:16.66% SPREAD:0.62518606% BID:1.0077 ASK:1.014 STATE:IDLE
[2026-02-28 05:48:06] DECIDE_HOLD reason=HOLD_SPREAD spread=0.6252% mom=0.1690% range=0.1690% up=16.67% rsi=70.33805888767725
[2026-02-28 05:48:08] CHK EMA1m:OK EMA5m:OK RSI:70.33805888 VOL:NO MOM:0.16% RANGE:0.16% UP:16.66% SPREAD:0.62518606% BID:1.0077 ASK:1.014 STATE:IDLE
[2026-02-28 05:48:09] CHK EMA1m:OK EMA5m:OK RSI:70.33805888 VOL:NO MOM:0.16% RANGE:0.16% UP:18.18% SPREAD:0.61526247% BID:1.0077 ASK:1.0139 STATE:IDLE
[2026-02-28 05:48:11] CHK EMA1m:OK EMA5m:OK RSI:70.33805888 VOL:NO MOM:0.16% RANGE:0.16% UP:16.66% SPREAD:0.62518606% BID:1.0077 ASK:1.014 STATE:IDLE
[2026-02-28 05:48:12] CHK EMA1m:OK EMA5m:OK RSI:70.33805888 VOL:NO MOM:0.16% RANGE:0.16% UP:16.66% SPREAD:0.62518606% BID:1.0077 ASK:1.014 STATE:IDLE
[2026-02-28 05:48:13] CHK EMA1m:OK EMA5m:OK RSI:70.33805888 VOL:NO MOM:0.17% RANGE:0.17% UP:23.07% SPREAD:0.73427267% BID:1.0078 ASK:1.0152 STATE:IDLE
[2026-02-28 05:48:14] CHK EMA1m:OK EMA5m:OK RSI:70.33805888 VOL:NO MOM:0.42% RANGE:0.42% UP:30.76% SPREAD:0.5542908% BID:1.0103 ASK:1.0159 STATE:IDLE
[2026-02-28 05:48:15] CHK EMA1m:OK EMA5m:OK RSI:70.33805888 VOL:NO MOM:0.28% RANGE:0.39% UP:25% SPREAD:0.66389219% BID:1.0092 ASK:1.0159 STATE:IDLE
[2026-02-28 05:48:17] CHK EMA1m:OK EMA5m:OK RSI:70.33805888 VOL:NO MOM:0.18% RANGE:0.39% UP:25% SPREAD:0.54552668% BID:1.0082 ASK:1.0137 STATE:IDLE
[2026-02-28 05:48:18] CHK EMA1m:OK EMA5m:OK RSI:70.33805888 VOL:NO MOM:0.06% RANGE:0.25% UP:25% SPREAD:0.50575168% BID:1.0084 ASK:1.0135 STATE:IDLE
[2026-02-28 05:48:18] DECIDE_HOLD reason=HOLD_SPREAD spread=0.5058% mom=0.0695% range=0.2580% up=25.00% rsi=70.33805888767725
[2026-02-28 05:48:19] CHK EMA1m:OK EMA5m:OK RSI:70.33805888 VOL:NO MOM:0.07% RANGE:0.25% UP:33.33% SPREAD:0.49578582% BID:1.0085 ASK:1.0135 STATE:IDLE
[2026-02-28 05:48:20] CHK EMA1m:OK EMA5m:OK RSI:67.46861924 VOL:OK MOM:0.07% RANGE:0.25% UP:33.33% SPREAD:0.4263758% BID:1.0085 ASK:1.0128 STATE:IDLE
[2026-02-28 05:48:21] CHK EMA1m:OK EMA5m:OK RSI:67.46861924 VOL:OK MOM:-0.13% RANGE:0.39% UP:30.76% SPREAD:0.55649408% BID:1.0063 ASK:1.0119 STATE:IDLE
[2026-02-28 05:48:22] CHK EMA1m:OK EMA5m:OK RSI:69.95661605 VOL:OK MOM:-0.11% RANGE:0.39% UP:35.71% SPREAD:0.59612518% BID:1.0065 ASK:1.0125 STATE:IDLE
[2026-02-28 05:48:24] CHK EMA1m:OK EMA5m:OK RSI:69.95661605 VOL:OK MOM:-0.11% RANGE:0.39% UP:33.33% SPREAD:0.4570293% BID:1.0065 ASK:1.0111 STATE:IDLE
[2026-02-28 05:48:25] CHK EMA1m:OK EMA5m:OK RSI:69.95661605 VOL:OK MOM:-0.43% RANGE:0.69% UP:31.25% SPREAD:0.42858566% BID:1.0033 ASK:1.0076 STATE:IDLE
[2026-02-28 05:48:26] CHK EMA1m:OK EMA5m:OK RSI:69.95661605 VOL:OK MOM:-0.49% RANGE:0.75% UP:31.25% SPREAD:0.40889598% BID:1.0027 ASK:1.0068 STATE:IDLE
[2026-02-28 05:48:26] CHK EMA1m:OK EMA5m:OK RSI:69.95661605 VOL:OK MOM:-0.49% RANGE:0.75% UP:31.25% SPREAD:0.40889598% BID:1.0027 ASK:1.0068 STATE:IDLE
[2026-02-28 05:48:28] CHK EMA1m:OK EMA5m:OK RSI:69.95661605 VOL:OK MOM:-0.49% RANGE:0.75% UP:31.25% SPREAD:0.44878827% BID:1.0027 ASK:1.0072 STATE:IDLE
[2026-02-28 05:48:29] CHK EMA1m:OK EMA5m:OK RSI:69.95661605 VOL:OK MOM:-0.49% RANGE:0.75% UP:29.41% SPREAD:0.46873441% BID:1.0027 ASK:1.0074 STATE:IDLE
[2026-02-28 05:48:29] DECIDE_HOLD reason=HOLD_SPREAD spread=0.4687% mom=-0.4962% range=0.7580% up=29.41% rsi=69.95661605206082
[2026-02-28 05:48:30] CHK EMA1m:OK EMA5m:OK RSI:69.95661605 VOL:OK MOM:-0.49% RANGE:0.75% UP:29.41% SPREAD:0.46873441% BID:1.0027 ASK:1.0074 STATE:IDLE
[2026-02-28 05:48:31] CHK EMA1m:OK EMA5m:OK RSI:69.95661605 VOL:OK MOM:-0.55% RANGE:0.81% UP:29.41% SPREAD:0.44905698% BID:1.0021 ASK:1.0066 STATE:IDLE
[2026-02-28 05:48:32] CHK EMA1m:OK EMA5m:OK RSI:69.95661605 VOL:OK MOM:-0.56% RANGE:0.81% UP:23.52% SPREAD:0.52888933% BID:1.0021 ASK:1.0074 STATE:IDLE
[2026-02-28 05:48:33] CHK EMA1m:OK EMA5m:OK RSI:69.95661605 VOL:OK MOM:-0.81% RANGE:0.81% UP:17.64% SPREAD:0.53886837% BID:1.0021 ASK:1.0075 STATE:IDLE
[2026-02-28 05:48:34] CHK EMA1m:OK EMA5m:OK RSI:69.95661605 VOL:OK MOM:-0.7% RANGE:0.7% UP:17.64% SPREAD:0.46901506% BID:1.0021 ASK:1.0068 STATE:IDLE
[2026-02-28 05:48:35] CHK EMA1m:OK EMA5m:OK RSI:69.95661605 VOL:OK MOM:-0.6% RANGE:0.63% UP:17.64% SPREAD:0.42909889% BID:1.0021 ASK:1.0064 STATE:IDLE
[2026-02-28 05:48:36] CHK EMA1m:OK EMA5m:OK RSI:69.95661605 VOL:OK MOM:-0.62% RANGE:0.63% UP:11.76% SPREAD:0.41911984% BID:1.0021 ASK:1.0063 STATE:IDLE
[2026-02-28 05:48:37] CHK EMA1m:OK EMA5m:OK RSI:69.95661605 VOL:OK MOM:-0.62% RANGE:0.63% UP:11.11% SPREAD:0.41911984% BID:1.0021 ASK:1.0063 STATE:IDLE
[2026-02-28 05:48:39] CHK EMA1m:OK EMA5m:OK RSI:69.95661605 VOL:OK MOM:-0.63% RANGE:0.63% UP:5.55% SPREAD:0.50893124% BID:1.0021 ASK:1.0072 STATE:IDLE
[2026-02-28 05:48:39] CHK EMA1m:OK EMA5m:OK RSI:66.01842374 VOL:OK MOM:-0.61% RANGE:0.63% UP:11.11% SPREAD:0.55871495% BID:1.0023 ASK:1.0079 STATE:IDLE
[2026-02-28 05:48:39] DECIDE_HOLD reason=HOLD_SPREAD spread=0.5587% mom=-0.6148% range=0.6387% up=11.11% rsi=66.01842374616176
[2026-02-28 05:48:40] CHK EMA1m:OK EMA5m:OK RSI:66.01842374 VOL:OK MOM:-0.39% RANGE:0.43% UP:11.11% SPREAD:0.55871495% BID:1.0023 ASK:1.0079 STATE:IDLE
[2026-02-28 05:48:41] CHK EMA1m:OK EMA5m:OK RSI:66.01842374 VOL:OK MOM:-0.41% RANGE:0.43% UP:5.55% SPREAD:0.55871495% BID:1.0023 ASK:1.0079 STATE:IDLE
[2026-02-28 05:48:42] CHK EMA1m:OK EMA5m:OK RSI:66.01842374 VOL:OK MOM:-0.41% RANGE:0.43% UP:5.55% SPREAD:0.55871495% BID:1.0023 ASK:1.0079 STATE:IDLE
[2026-02-28 05:48:44] CHK EMA1m:OK EMA5m:OK RSI:67.04781704 VOL:OK MOM:0% RANGE:0.12% UP:11.11% SPREAD:0.45844129% BID:1.0034 ASK:1.008 STATE:IDLE
[2026-02-28 05:48:45] CHK EMA1m:OK EMA5m:OK RSI:67.04781704 VOL:OK MOM:0.22% RANGE:0.28% UP:16.66% SPREAD:0.29850746% BID:1.005 ASK:1.008 STATE:IDLE
[2026-02-28 05:48:46] CHK EMA1m:OK EMA5m:OK RSI:67.04781704 VOL:OK MOM:0.35% RANGE:0.41% UP:22.22% SPREAD:0.28818443% BID:1.0063 ASK:1.0092 STATE:IDLE
[2026-02-28 05:48:46] BUY symbol=BARDUSDC qty=9.2 entry=1.0092 momPct=0.0035903061733320515 rangePct=0.004191198483185292 upRatio=0.2222222222222222 profile=major
[2026-02-28 05:48:47] CHK EMA1m:OK EMA5m:OK RSI:67.96628029 VOL:OK MOM:0.35% RANGE:0.41% UP:22.22% SPREAD:0.35774619% BID:1.0063 ASK:1.0099 STATE:IN_POS
[2026-02-28 05:48:48] CHK EMA1m:OK EMA5m:OK RSI:67.96628029 VOL:OK MOM:0.55% RANGE:0.61% UP:27.77% SPREAD:0.32728354% BID:1.0083 ASK:1.0116 STATE:IN_POS
[2026-02-28 05:48:49] CHK EMA1m:OK EMA5m:OK RSI:65.88355464 VOL:OK MOM:0.28% RANGE:0.61% UP:26.31% SPREAD:0.54693715% BID:1.0056 ASK:1.0111 STATE:IN_POS
[2026-02-28 05:48:50] CHK EMA1m:OK EMA5m:OK RSI:65.88355464 VOL:OK MOM:0.19% RANGE:0.61% UP:27.77% SPREAD:0.61746837% BID:1.0041 ASK:1.0103 STATE:IN_POS
[2026-02-28 05:48:51] CHK EMA1m:OK EMA5m:OK RSI:65.88355464 VOL:OK MOM:0.11% RANGE:0.61% UP:27.77% SPREAD:0.77743446% BID:1.0033 ASK:1.0111 STATE:IN_POS
[2026-02-28 05:48:52] CHK EMA1m:OK EMA5m:OK RSI:69.42949407 VOL:OK MOM:0.57% RANGE:0.61% UP:33.33% SPREAD:0.47623772% BID:1.0079 ASK:1.0127 STATE:IN_POS
[2026-02-28 05:48:53] CHK EMA1m:OK EMA5m:OK RSI:69.42949407 VOL:OK MOM:0.57% RANGE:0.61% UP:33.33% SPREAD:0.48615934% BID:1.0079 ASK:1.0128 STATE:IN_POS
[2026-02-28 05:48:55] CHK EMA1m:OK EMA5m:OK RSI:69.42949407 VOL:OK MOM:0.61% RANGE:0.61% UP:36.84% SPREAD:0.42646037% BID:1.0083 ASK:1.0126 STATE:IN_POS
[2026-02-28 05:48:56] CHK EMA1m:OK EMA5m:OK RSI:69.42949407 VOL:OK MOM:0.65% RANGE:0.65% UP:44.44% SPREAD:0.42629126% BID:1.0087 ASK:1.013 STATE:IN_POS
[2026-02-28 05:48:57] CHK EMA1m:OK EMA5m:OK RSI:69.42949407 VOL:OK MOM:0.65% RANGE:0.65% UP:44.44% SPREAD:0.44611876% BID:1.0087 ASK:1.0132 STATE:IN_POS
[2026-02-28 05:48:57] CHK EMA1m:OK EMA5m:OK RSI:69.42949407 VOL:OK MOM:0.71% RANGE:0.71% UP:5E+1% SPREAD:0.40622213% BID:1.0093 ASK:1.0134 STATE:IN_POS
[2026-02-28 05:48:58] CHK EMA1m:OK EMA5m:OK RSI:69.42949407 VOL:OK MOM:0.67% RANGE:0.69% UP:44.44% SPREAD:0.66395798% BID:1.0091 ASK:1.0158 STATE:IN_POS
[2026-02-28 05:49:00] CHK EMA1m:OK EMA5m:OK RSI:69.42949407 VOL:OK MOM:0.67% RANGE:0.69% UP:42.1% SPREAD:0.7234169% BID:1.0091 ASK:1.0164 STATE:IN_POS
[2026-02-28 05:49:01] CHK EMA1m:OK EMA5m:OK RSI:69.42949407 VOL:NO MOM:0.67% RANGE:0.69% UP:44.44% SPREAD:0.78287582% BID:1.0091 ASK:1.017 STATE:IN_POS
[2026-02-28 05:49:02] CHK EMA1m:OK EMA5m:OK RSI:69.42949407 VOL:NO MOM:0.67% RANGE:0.69% UP:44.44% SPREAD:0.68377762% BID:1.0091 ASK:1.016 STATE:IN_POS
[2026-02-28 05:49:03] CHK EMA1m:OK EMA5m:OK RSI:69.42949407 VOL:NO MOM:0.56% RANGE:0.59% UP:38.88% SPREAD:0.46576156% BID:1.0091 ASK:1.0138 STATE:IN_POS
[2026-02-28 05:49:04] CHK EMA1m:OK EMA5m:OK RSI:69.42949407 VOL:NO MOM:0.44% RANGE:0.61% UP:38.88% SPREAD:0.44576523% BID:1.0095 ASK:1.014 STATE:IN_POS
[2026-02-28 05:49:05] CHK EMA1m:OK EMA5m:OK RSI:69.42949407 VOL:NO MOM:0.44% RANGE:0.61% UP:36.84% SPREAD:0.44576523% BID:1.0095 ASK:1.014 STATE:IN_POS
[2026-02-28 05:49:06] CHK EMA1m:OK EMA5m:OK RSI:69.42949407 VOL:NO MOM:0.08% RANGE:0.61% UP:33.33% SPREAD:0.41699761% BID:1.0072 ASK:1.0114 STATE:IN_POS
[2026-02-28 05:49:07] CHK EMA1m:OK EMA5m:OK RSI:69.42949407 VOL:NO MOM:-0.04% RANGE:0.61% UP:33.33% SPREAD:0.43659456% BID:1.0078 ASK:1.0122 STATE:IN_POS
[2026-02-28 05:49:09] CHK EMA1m:OK EMA5m:OK RSI:69.42949407 VOL:NO MOM:0.21% RANGE:0.61% UP:33.33% SPREAD:0.43659456% BID:1.0078 ASK:1.0122 STATE:IN_POS
[2026-02-28 05:49:11] CHK EMA1m:OK EMA5m:OK RSI:69.42949407 VOL:NO MOM:0.42% RANGE:0.61% UP:38.88% SPREAD:0.45616818% BID:1.0084 ASK:1.013 STATE:IN_POS
[2026-02-28 05:49:12] CHK EMA1m:OK EMA5m:OK RSI:69.42949407 VOL:NO MOM:0.06% RANGE:0.22% UP:41.17% SPREAD:0.41641879% BID:1.0086 ASK:1.0128 STATE:IN_POS
[2026-02-28 05:49:13] CHK EMA1m:OK EMA5m:OK RSI:69.42949407 VOL:NO MOM:0.06% RANGE:0.22% UP:41.17% SPREAD:0.51556613% BID:1.0086 ASK:1.0138 STATE:IN_POS
[2026-02-28 05:49:14] CHK EMA1m:OK EMA5m:OK RSI:69.42949407 VOL:NO MOM:0.02% RANGE:0.22% UP:35.29% SPREAD:0.49573666% BID:1.0086 ASK:1.0136 STATE:IN_POS
[2026-02-28 05:49:15] CHK EMA1m:OK EMA5m:OK RSI:69.42949407 VOL:NO MOM:-0.19% RANGE:0.27% UP:29.41% SPREAD:0.57613986% BID:1.0067 ASK:1.0125 STATE:IN_POS
[2026-02-28 05:49:17] CHK EMA1m:OK EMA5m:OK RSI:69.42949407 VOL:NO MOM:-0.19% RANGE:0.27% UP:29.41% SPREAD:0.51653918% BID:1.0067 ASK:1.0119 STATE:IN_POS
[2026-02-28 05:49:18] CHK EMA1m:OK EMA5m:OK RSI:69.42949407 VOL:NO MOM:-0.28% RANGE:0.32% UP:25% SPREAD:0.34784337% BID:1.0062 ASK:1.0097 STATE:IN_POS
[2026-02-28 05:49:19] CHK EMA1m:OK EMA5m:OK RSI:69.42949407 VOL:NO MOM:-0.3% RANGE:0.34% UP:25% SPREAD:0.42743538% BID:1.006 ASK:1.0103 STATE:IN_POS
[2026-02-28 05:49:20] CHK EMA1m:OK EMA5m:OK RSI:69.42949407 VOL:NO MOM:-0.3% RANGE:0.34% UP:25% SPREAD:0.42743538% BID:1.006 ASK:1.0103 STATE:IN_POS
[2026-02-28 05:49:20] CHK EMA1m:OK EMA5m:OK RSI:69.42949407 VOL:NO MOM:-0.3% RANGE:0.34% UP:23.52% SPREAD:0.42743538% BID:1.006 ASK:1.0103 STATE:IN_POS
[2026-02-28 05:49:22] CHK EMA1m:OK EMA5m:OK RSI:69.42949407 VOL:NO MOM:-0.39% RANGE:0.43% UP:25% SPREAD:0.51736145% BID:1.0051 ASK:1.0103 STATE:IN_POS
[2026-02-28 05:49:23] CHK EMA1m:OK EMA5m:OK RSI:69.42949407 VOL:NO MOM:-0.43% RANGE:0.43% UP:18.75% SPREAD:0.43776738% BID:1.0051 ASK:1.0095 STATE:IN_POS
[2026-02-28 05:49:24] CHK EMA1m:OK EMA5m:OK RSI:68.10982048 VOL:OK MOM:-0.3% RANGE:0.43% UP:25% SPREAD:0.40739268% BID:1.0064 ASK:1.0105 STATE:IN_POS
[2026-02-28 05:49:25] CHK EMA1m:OK EMA5m:OK RSI:68.10982048 VOL:OK MOM:0.11% RANGE:0.34% UP:31.25% SPREAD:0.34708449% BID:1.0084 ASK:1.0119 STATE:IN_POS
[2026-02-28 05:49:26] CHK EMA1m:OK EMA5m:OK RSI:68.10982048 VOL:OK MOM:0.06% RANGE:0.34% UP:31.25% SPREAD:0.33713435% BID:1.0085 ASK:1.0119 STATE:IN_POS
[2026-02-28 05:49:28] CHK EMA1m:OK EMA5m:OK RSI:67.53926701 VOL:OK MOM:-0.23% RANGE:0.34% UP:31.25% SPREAD:0.46747563% BID:1.0054 ASK:1.0101 STATE:IN_POS
[2026-02-28 05:49:29] CHK EMA1m:OK EMA5m:OK RSI:67.53926701 VOL:OK MOM:-0.21% RANGE:0.34% UP:31.25% SPREAD:0.36772013% BID:1.0062 ASK:1.0099 STATE:IN_POS
[2026-02-28 05:49:30] CHK EMA1m:OK EMA5m:OK RSI:67.53926701 VOL:OK MOM:-0.14% RANGE:0.34% UP:35.29% SPREAD:0.29794418% BID:1.0069 ASK:1.0099 STATE:IN_POS
[2026-02-28 05:49:31] CHK EMA1m:OK EMA5m:OK RSI:67.53926701 VOL:OK MOM:-0.15% RANGE:0.34% UP:35.29% SPREAD:0.367428% BID:1.007 ASK:1.0107 STATE:IN_POS
[2026-02-28 05:49:32] CHK EMA1m:OK EMA5m:OK RSI:67.53926701 VOL:OK MOM:-0.06% RANGE:0.34% UP:38.88% SPREAD:0.27780533% BID:1.0079 ASK:1.0107 STATE:IN_POS
[2026-02-28 05:49:33] CHK EMA1m:OK EMA5m:OK RSI:67.53926701 VOL:OK MOM:-0.11% RANGE:0.34% UP:38.88% SPREAD:0.32757593% BID:1.0074 ASK:1.0107 STATE:IN_POS
[2026-02-28 05:49:34] CHK EMA1m:OK EMA5m:OK RSI:67.53926701 VOL:OK MOM:0.1% RANGE:0.33% UP:47.05% SPREAD:0.2877555% BID:1.0078 ASK:1.0107 STATE:IN_POS
[2026-02-28 05:49:35] CHK EMA1m:OK EMA5m:OK RSI:67.53926701 VOL:OK MOM:0.12% RANGE:0.33% UP:52.94% SPREAD:0.26785714% BID:1.008 ASK:1.0107 STATE:IN_POS
[2026-02-28 05:49:36] CHK EMA1m:OK EMA5m:OK RSI:67.53926701 VOL:OK MOM:0.17% RANGE:0.33% UP:52.94% SPREAD:0.32738095% BID:1.008 ASK:1.0113 STATE:IN_POS
[2026-02-28 05:49:37] CHK EMA1m:OK EMA5m:OK RSI:67.53926701 VOL:OK MOM:0.19% RANGE:0.33% UP:55.55% SPREAD:0.327316% BID:1.0082 ASK:1.0115 STATE:IN_POS
[2026-02-28 05:49:38] CHK EMA1m:OK EMA5m:OK RSI:67.53926701 VOL:OK MOM:0.18% RANGE:0.33% UP:55.55% SPREAD:0.38694314% BID:1.0079 ASK:1.0118 STATE:IN_POS
[2026-02-28 05:49:39] CHK EMA1m:OK EMA5m:OK RSI:67.53926701 VOL:OK MOM:0.11% RANGE:0.33% UP:55.55% SPREAD:0.35742652% BID:1.0072 ASK:1.0108 STATE:IN_POS
[2026-02-28 05:49:40] CHK EMA1m:OK EMA5m:OK RSI:70.63081695 VOL:OK MOM:0.6% RANGE:0.69% UP:61.11% SPREAD:0.39521786% BID:1.0121 ASK:1.0161 STATE:IN_POS
[2026-02-28 05:49:41] CHK EMA1m:OK EMA5m:OK RSI:70.63081695 VOL:OK MOM:0.72% RANGE:0.72% UP:66.66% SPREAD:0.36546819% BID:1.0124 ASK:1.0161 STATE:IN_POS
[2026-02-28 05:49:42] CHK EMA1m:OK EMA5m:OK RSI:70.63081695 VOL:OK MOM:0.73% RANGE:0.73% UP:72.22% SPREAD:0.35555555% BID:1.0125 ASK:1.0161 STATE:IN_POS
[2026-02-28 05:49:44] CHK EMA1m:OK EMA5m:OK RSI:69.85138004 VOL:OK MOM:0.6% RANGE:0.73% UP:68.42% SPREAD:0.31645569% BID:1.0112 ASK:1.0144 STATE:IN_POS
[2026-02-28 05:49:45] CHK EMA1m:OK EMA5m:OK RSI:69.85138004 VOL:OK MOM:0.27% RANGE:0.7% UP:61.11% SPREAD:0.31645569% BID:1.0112 ASK:1.0144 STATE:IN_POS
[2026-02-28 05:49:46] CHK EMA1m:OK EMA5m:OK RSI:69.85138004 VOL:OK MOM:0.29% RANGE:0.7% UP:61.11% SPREAD:0.4053386% BID:1.0115 ASK:1.0156 STATE:IN_POS
[2026-02-28 05:49:47] CHK EMA1m:OK EMA5m:OK RSI:69.85138004 VOL:OK MOM:0.61% RANGE:0.7% UP:66.66% SPREAD:0.33610122% BID:1.0116 ASK:1.015 STATE:IN_POS
[2026-02-28 05:49:47] CHK EMA1m:OK EMA5m:OK RSI:69.85138004 VOL:OK MOM:0.51% RANGE:0.62% UP:61.11% SPREAD:0.31639311% BID:1.0114 ASK:1.0146 STATE:IN_POS
[2026-02-28 05:49:49] CHK EMA1m:OK EMA5m:OK RSI:69.85138004 VOL:OK MOM:0.52% RANGE:0.62% UP:63.15% SPREAD:0.36579337% BID:1.0115 ASK:1.0152 STATE:IN_POS
[2026-02-28 05:49:50] CHK EMA1m:OK EMA5m:OK RSI:71.07942973 VOL:OK MOM:0.7% RANGE:0.7% UP:61.11% SPREAD:0.68040627% BID:1.0141 ASK:1.021 STATE:IN_POS
[2026-02-28 05:49:51] CHK EMA1m:OK EMA5m:OK RSI:71.07942973 VOL:OK MOM:0.72% RANGE:0.79% UP:61.11% SPREAD:0.42356185% BID:1.0152 ASK:1.0195 STATE:IN_POS
[2026-02-28 05:49:52] CHK EMA1m:OK EMA5m:OK RSI:71.07942973 VOL:OK MOM:1.02% RANGE:1.04% UP:66.66% SPREAD:0.3144345% BID:1.0177 ASK:1.0209 STATE:IN_POS
[2026-02-28 05:49:53] CHK EMA1m:OK EMA5m:OK RSI:71.07942973 VOL:OK MOM:0.96% RANGE:1.04% UP:61.11% SPREAD:0.35380835% BID:1.0175 ASK:1.0211 STATE:IN_POS
[2026-02-28 05:49:55] CHK EMA1m:OK EMA5m:OK RSI:71.07942973 VOL:OK MOM:1.16% RANGE:1.24% UP:61.11% SPREAD:0.23536334% BID:1.0197 ASK:1.0221 STATE:IN_POS
[2026-02-28 05:49:56] CHK EMA1m:OK EMA5m:OK RSI:71.07942973 VOL:OK MOM:1.14% RANGE:1.24% UP:61.11% SPREAD:0.29426189% BID:1.0195 ASK:1.0225 STATE:IN_POS
[2026-02-28 05:49:57] CHK EMA1m:OK EMA5m:OK RSI:71.07942973 VOL:OK MOM:1.12% RANGE:1.24% UP:55.55% SPREAD:0.33349681% BID:1.0195 ASK:1.0229 STATE:IN_POS
[2026-02-28 05:49:58] CHK EMA1m:OK EMA5m:OK RSI:71.07942973 VOL:OK MOM:1.25% RANGE:1.32% UP:61.11% SPREAD:0.35276825% BID:1.0205 ASK:1.0241 STATE:IN_POS
[2026-02-28 05:49:59] CHK EMA1m:OK EMA5m:OK RSI:71.07942973 VOL:OK MOM:1.28% RANGE:1.32% UP:61.11% SPREAD:0.65679835% BID:1.0201 ASK:1.0268 STATE:IN_POS
[2026-02-28 05:50:00] CHK EMA1m:OK EMA5m:OK RSI:71.07942973 VOL:OK MOM:0.79% RANGE:0.91% UP:55.55% SPREAD:0.69601019% BID:1.0201 ASK:1.0272 STATE:IN_POS
[2026-02-28 05:50:01] CHK EMA1m:OK EMA5m:OK RSI:70.10526315 VOL:NO MOM:1.43% RANGE:1.55% UP:55.55% SPREAD:0.28240334% BID:1.0269 ASK:1.0298 STATE:IN_POS
[2026-02-28 05:50:02] SELL symbol=BARDUSDC qty=9.2 exit=1.0293 pnl=0.18492000000000006 reason=TP profile=major
[2026-02-28 05:50:13] CHK EMA1m:OK EMA5m:OK RSI:74.64285714 VOL:OK MOM:1.23% RANGE:1.23% UP:46.42% SPREAD:0.32035724% BID:1.0301 ASK:1.0334 STATE:IDLE
[2026-02-28 05:50:13] DECIDE_HOLD reason=HOLD_SPREAD spread=0.3204% mom=1.2383% range=1.2383% up=46.43% rsi=74.64285714285728
[2026-02-28 05:50:14] CHK EMA1m:OK EMA5m:OK RSI:74.64285714 VOL:OK MOM:1.07% RANGE:1.09% UP:46.42% SPREAD:0.55302221% BID:1.0307 ASK:1.0364 STATE:IDLE
[2026-02-28 05:50:15] CHK EMA1m:OK EMA5m:OK RSI:74.64285714 VOL:OK MOM:1.09% RANGE:1.09% UP:46.42% SPREAD:0.55302221% BID:1.0307 ASK:1.0364 STATE:IDLE
[2026-02-28 05:50:16] CHK EMA1m:OK EMA5m:OK RSI:74.64285714 VOL:OK MOM:1.05% RANGE:1.09% UP:46.42% SPREAD:0.59206056% BID:1.0303 ASK:1.0364 STATE:IDLE
[2026-02-28 05:50:17] CHK EMA1m:OK EMA5m:OK RSI:74.64285714 VOL:OK MOM:1.26% RANGE:1.3% UP:46.42% SPREAD:0.32901103% BID:1.0334 ASK:1.0368 STATE:IDLE
[2026-02-28 05:50:18] BUY symbol=BARDUSDC qty=9.2 entry=1.0368000000000002 momPct=0.012640862322391117 rangePct=0.013037937457112136 upRatio=0.4642857142857143 profile=major
[2026-02-28 05:50:20] CHK EMA1m:OK EMA5m:OK RSI:74.36823104 VOL:OK MOM:1.19% RANGE:1.3% UP:46.42% SPREAD:0.43591979% BID:1.0323 ASK:1.0368 STATE:IN_POS
[2026-02-28 05:50:21] CHK EMA1m:OK EMA5m:OK RSI:74.36823104 VOL:OK MOM:0.5% RANGE:0.63% UP:44.44% SPREAD:0.37787036% BID:1.0321 ASK:1.036 STATE:IN_POS
[2026-02-28 05:50:22] CHK EMA1m:OK EMA5m:OK RSI:74.36823104 VOL:OK MOM:0.34% RANGE:0.53% UP:44.44% SPREAD:0.30012585% BID:1.0329 ASK:1.036 STATE:IN_POS
[2026-02-28 05:50:23] CHK EMA1m:OK EMA5m:OK RSI:74.36823104 VOL:OK MOM:0.34% RANGE:0.53% UP:42.3% SPREAD:0.32920216% BID:1.0328 ASK:1.0362 STATE:IN_POS
[2026-02-28 05:50:25] CHK EMA1m:OK EMA5m:OK RSI:74.36823104 VOL:OK MOM:0.56% RANGE:0.71% UP:44% SPREAD:0.28979907% BID:1.0352 ASK:1.0382 STATE:IN_POS
[2026-02-28 05:50:26] CHK EMA1m:OK EMA5m:OK RSI:75.19650655 VOL:OK MOM:0.5% RANGE:0.71% UP:47.82% SPREAD:0.21288949% BID:1.0334 ASK:1.0356 STATE:IN_POS
[2026-02-28 05:50:27] CHK EMA1m:OK EMA5m:OK RSI:75.19650655 VOL:OK MOM:0.53% RANGE:0.71% UP:5E+1% SPREAD:0.43541364% BID:1.0335 ASK:1.038 STATE:IN_POS
[2026-02-28 05:50:28] CHK EMA1m:OK EMA5m:OK RSI:75.19650655 VOL:OK MOM:0.54% RANGE:0.71% UP:5E+1% SPREAD:0.43541364% BID:1.0335 ASK:1.038 STATE:IN_POS
[2026-02-28 05:50:29] CHK EMA1m:OK EMA5m:OK RSI:75.64322469 VOL:OK MOM:0.55% RANGE:0.7% UP:52.38% SPREAD:0.60946115% BID:1.0337 ASK:1.04 STATE:IN_POS
[2026-02-28 05:50:30] CHK EMA1m:OK EMA5m:OK RSI:75.64322469 VOL:OK MOM:0.47% RANGE:0.62% UP:5E+1% SPREAD:0.5030473% BID:1.0337 ASK:1.0389 STATE:IN_POS
[2026-02-28 05:50:31] CHK EMA1m:OK EMA5m:OK RSI:75.87085811 VOL:OK MOM:0.76% RANGE:0.76% UP:5E+1% SPREAD:0.22181502% BID:1.0369 ASK:1.0392 STATE:IN_POS
[2026-02-28 05:50:32] CHK EMA1m:OK EMA5m:OK RSI:76.09427609 VOL:OK MOM:0.65% RANGE:0.66% UP:41.17% SPREAD:0.32793209% BID:1.0368 ASK:1.0402 STATE:IN_POS
[2026-02-28 05:50:33] CHK EMA1m:OK EMA5m:OK RSI:76.09427609 VOL:OK MOM:0.69% RANGE:0.73% UP:43.75% SPREAD:0.30831486% BID:1.0379 ASK:1.0411 STATE:IN_POS
[2026-02-28 05:50:34] CHK EMA1m:OK EMA5m:OK RSI:76.09427609 VOL:OK MOM:0.55% RANGE:0.73% UP:41.17% SPREAD:0.45349285% BID:1.0364 ASK:1.0411 STATE:IN_POS
[2026-02-28 05:50:35] CHK EMA1m:OK EMA5m:OK RSI:76.09427609 VOL:OK MOM:0.6% RANGE:0.73% UP:47.05% SPREAD:0.43398591% BID:1.0369 ASK:1.0414 STATE:IN_POS
[2026-02-28 05:50:36] CHK EMA1m:OK EMA5m:OK RSI:76.09427609 VOL:OK MOM:0.56% RANGE:0.68% UP:5E+1% SPREAD:0.35604311% BID:1.0392 ASK:1.0429 STATE:IN_POS
[2026-02-28 05:50:37] CHK EMA1m:OK EMA5m:OK RSI:76.09427609 VOL:OK MOM:0.54% RANGE:0.68% UP:5E+1% SPREAD:0.54918585% BID:1.0379 ASK:1.0436 STATE:IN_POS
[2026-02-28 05:50:38] CHK EMA1m:OK EMA5m:OK RSI:76.09427609 VOL:OK MOM:0.54% RANGE:0.68% UP:47.05% SPREAD:0.47210713% BID:1.0379 ASK:1.0428 STATE:IN_POS
[2026-02-28 05:50:39] CHK EMA1m:OK EMA5m:OK RSI:76.09427609 VOL:OK MOM:0.54% RANGE:0.68% UP:47.05% SPREAD:0.45292473% BID:1.0377 ASK:1.0424 STATE:IN_POS
[2026-02-28 05:50:41] CHK EMA1m:OK EMA5m:OK RSI:76.09427609 VOL:OK MOM:0.41% RANGE:0.68% UP:44.44% SPREAD:0.52103434% BID:1.0364 ASK:1.0418 STATE:IN_POS
[2026-02-28 05:50:42] CHK EMA1m:OK EMA5m:OK RSI:76.09427609 VOL:OK MOM:0.43% RANGE:0.61% UP:47.05% SPREAD:0.40489732% BID:1.0373 ASK:1.0415 STATE:IN_POS
[2026-02-28 05:50:43] CHK EMA1m:OK EMA5m:OK RSI:76.09427609 VOL:OK MOM:0.64% RANGE:0.64% UP:5E+1% SPREAD:0.31746031% BID:1.0395 ASK:1.0428 STATE:IN_POS
[2026-02-28 05:50:44] CHK EMA1m:OK EMA5m:OK RSI:76.09427609 VOL:OK MOM:0.48% RANGE:0.65% UP:5E+1% SPREAD:0.24995193% BID:1.0402 ASK:1.0428 STATE:IN_POS
[2026-02-28 05:50:45] CHK EMA1m:OK EMA5m:OK RSI:76.09427609 VOL:OK MOM:0.67% RANGE:0.67% UP:55.55% SPREAD:0.33640907% BID:1.0404 ASK:1.0439 STATE:IN_POS
[2026-02-28 05:50:46] CHK EMA1m:OK EMA5m:OK RSI:79.81520966 VOL:OK MOM:0.79% RANGE:0.79% UP:55.55% SPREAD:0.40318709% BID:1.0417 ASK:1.0459 STATE:IN_POS
[2026-02-28 05:50:47] CHK EMA1m:OK EMA5m:OK RSI:79.81520966 VOL:OK MOM:0.82% RANGE:0.82% UP:61.11% SPREAD:0.53742802% BID:1.042 ASK:1.0476 STATE:IN_POS
[2026-02-28 05:50:48] CHK EMA1m:OK EMA5m:OK RSI:79.42028985 VOL:OK MOM:1.3% RANGE:1.3% UP:61.11% SPREAD:1.05996944% BID:1.0472 ASK:1.0583 STATE:IN_POS
[2026-02-28 05:50:49] CHK EMA1m:OK EMA5m:OK RSI:79.42028985 VOL:OK MOM:1.3% RANGE:1.3% UP:61.11% SPREAD:1.01222307% BID:1.0472 ASK:1.0578 STATE:IN_POS
[2026-02-28 05:50:50] CHK EMA1m:OK EMA5m:OK RSI:79.42028985 VOL:OK MOM:0.99% RANGE:1.04% UP:55.55% SPREAD:0.57295645% BID:1.0472 ASK:1.0532 STATE:IN_POS
[2026-02-28 05:50:52] CHK EMA1m:OK EMA5m:OK RSI:79.42028985 VOL:OK MOM:1.73% RANGE:1.77% UP:61.11% SPREAD:0.36973833% BID:1.0548 ASK:1.0587 STATE:IN_POS
[2026-02-28 05:50:56] CHK EMA1m:OK EMA5m:OK RSI:77.29816147 VOL:OK MOM:0.71% RANGE:1.77% UP:53.33% SPREAD:0.53506592% BID:1.0466 ASK:1.0522 STATE:IN_POS
[2026-02-28 05:50:57] SELL symbol=BARDUSDC qty=9.2 exit=1.0466 pnl=0.09015999999999823 reason=TRAIL profile=major
[2026-02-28 05:51:08] CHK EMA1m:OK EMA5m:OK RSI:73.43311506 VOL:NO MOM:0.35% RANGE:1.22% UP:23.07% SPREAD:0.7554748% BID:1.0457 ASK:1.0536 STATE:IDLE
[2026-02-28 05:51:08] DECIDE_HOLD reason=HOLD_SPREAD spread=0.7555% mom=0.3551% range=1.2284% up=23.08% rsi=73.43311506080461
[2026-02-28 05:51:09] CHK EMA1m:OK EMA5m:OK RSI:73.43311506 VOL:NO MOM:-0.14% RANGE:1.13% UP:2E+1% SPREAD:0.69809696% BID:1.0457 ASK:1.053 STATE:IDLE
[2026-02-28 05:51:10] CHK EMA1m:OK EMA5m:OK RSI:73.43311506 VOL:NO MOM:-0.14% RANGE:1.13% UP:2E+1% SPREAD:0.69809696% BID:1.0457 ASK:1.053 STATE:IDLE
[2026-02-28 05:51:11] CHK EMA1m:OK EMA5m:OK RSI:73.43311506 VOL:NO MOM:-0.58% RANGE:1.13% UP:2E+1% SPREAD:0.38146099% BID:1.0486 ASK:1.0526 STATE:IDLE
[2026-02-28 05:51:12] CHK EMA1m:OK EMA5m:OK RSI:73.43311506 VOL:NO MOM:0.19% RANGE:0.76% UP:2E+1% SPREAD:0.39099752% BID:1.0486 ASK:1.0527 STATE:IDLE
[2026-02-28 05:51:13] CHK EMA1m:OK EMA5m:OK RSI:73.43311506 VOL:NO MOM:0.53% RANGE:0.88% UP:23.07% SPREAD:0.19958182% BID:1.0522 ASK:1.0543 STATE:IDLE
[2026-02-28 05:51:14] BUY symbol=BARDUSDC qty=9.1 entry=1.0542 momPct=0.005350659277661045 rangePct=0.008820709491850525 upRatio=0.23076923076923078 profile=major
[2026-02-28 05:51:15] CHK EMA1m:OK EMA5m:OK RSI:74.04021937 VOL:OK MOM:0.33% RANGE:0.88% UP:22.22% SPREAD:0.390439% BID:1.0501 ASK:1.0542 STATE:IN_POS
[2026-02-28 05:51:16] CHK EMA1m:OK EMA5m:OK RSI:74.04021937 VOL:OK MOM:0.4% RANGE:0.88% UP:25% SPREAD:0.33307955% BID:1.0508 ASK:1.0543 STATE:IN_POS
[2026-02-28 05:51:17] CHK EMA1m:OK EMA5m:OK RSI:74.04021937 VOL:OK MOM:0.47% RANGE:0.88% UP:28.57% SPREAD:0.4186489% BID:1.051 ASK:1.0554 STATE:IN_POS
[2026-02-28 05:51:19] CHK EMA1m:OK EMA5m:OK RSI:74.04021937 VOL:OK MOM:0.56% RANGE:0.88% UP:30.76% SPREAD:0.60062923% BID:1.0489 ASK:1.0552 STATE:IN_POS
[2026-02-28 05:51:20] CHK EMA1m:OK EMA5m:OK RSI:74.04021937 VOL:OK MOM:0.11% RANGE:0.62% UP:29.16% SPREAD:0.59103908% BID:1.049 ASK:1.0552 STATE:IN_POS
[2026-02-28 05:51:21] CHK EMA1m:OK EMA5m:OK RSI:74.04021937 VOL:OK MOM:0.03% RANGE:0.62% UP:26.08% SPREAD:0.35191173% BID:1.0514 ASK:1.0551 STATE:IN_POS
[2026-02-28 05:51:22] CHK EMA1m:OK EMA5m:OK RSI:74.04021937 VOL:OK MOM:0.21% RANGE:0.62% UP:31.81% SPREAD:0.34227039% BID:1.0518 ASK:1.0554 STATE:IN_POS
[2026-02-28 05:51:23] CHK EMA1m:OK EMA5m:OK RSI:73.43311506 VOL:OK MOM:0.23% RANGE:0.62% UP:33.33% SPREAD:0.55269677% BID:1.0494 ASK:1.0552 STATE:IN_POS
[2026-02-28 05:51:24] CHK EMA1m:OK EMA5m:OK RSI:73.43311506 VOL:OK MOM:0.24% RANGE:0.62% UP:35% SPREAD:0.58156163% BID:1.0489 ASK:1.055 STATE:IN_POS
[2026-02-28 05:51:25] CHK EMA1m:OK EMA5m:OK RSI:73.43311506 VOL:OK MOM:0.43% RANGE:0.62% UP:42.1% SPREAD:0.47609979% BID:1.0502 ASK:1.0552 STATE:IN_POS
[2026-02-28 05:51:26] CHK EMA1m:OK EMA5m:OK RSI:73.43311506 VOL:OK MOM:0.49% RANGE:0.62% UP:5E+1% SPREAD:0.40917308% BID:1.0509 ASK:1.0552 STATE:IN_POS
[2026-02-28 05:51:27] CHK EMA1m:OK EMA5m:OK RSI:73.43311506 VOL:OK MOM:0.47% RANGE:0.62% UP:52.94% SPREAD:0.47587322% BID:1.0507 ASK:1.0557 STATE:IN_POS
[2026-02-28 05:51:28] CHK EMA1m:OK EMA5m:OK RSI:73.43311506 VOL:OK MOM:0.49% RANGE:0.62% UP:58.82% SPREAD:0.47578266% BID:1.0509 ASK:1.0559 STATE:IN_POS
[2026-02-28 05:51:30] CHK EMA1m:OK EMA5m:OK RSI:73.43311506 VOL:OK MOM:0.5% RANGE:0.62% UP:64.7% SPREAD:0.77069457% BID:1.051 ASK:1.0591 STATE:IN_POS
[2026-02-28 05:51:30] CHK EMA1m:OK EMA5m:OK RSI:73.43311506 VOL:OK MOM:0.61% RANGE:0.61% UP:64.7% SPREAD:0.36963321% BID:1.0551 ASK:1.059 STATE:IN_POS
[2026-02-28 05:51:31] CHK EMA1m:OK EMA5m:OK RSI:73.43311506 VOL:OK MOM:0.63% RANGE:0.63% UP:70.58% SPREAD:0.3506112% BID:1.0553 ASK:1.059 STATE:IN_POS
[2026-02-28 05:51:32] CHK EMA1m:OK EMA5m:OK RSI:73.43311506 VOL:OK MOM:0.33% RANGE:0.64% UP:70.58% SPREAD:0.48309178% BID:1.0557 ASK:1.0608 STATE:IN_POS
[2026-02-28 05:51:33] CHK EMA1m:OK EMA5m:OK RSI:74.39134355 VOL:OK MOM:0.51% RANGE:0.64% UP:70.58% SPREAD:0.38844149% BID:1.0555 ASK:1.0596 STATE:IN_POS
[2026-02-28 05:51:35] CHK EMA1m:OK EMA5m:OK RSI:74.39134355 VOL:OK MOM:0.03% RANGE:0.64% UP:64.7% SPREAD:0.43759512% BID:1.0512 ASK:1.0558 STATE:IN_POS
[2026-02-28 05:51:36] CHK EMA1m:OK EMA5m:OK RSI:74.39134355 VOL:OK MOM:-0.23% RANGE:0.68% UP:58.82% SPREAD:0.78206962% BID:1.0485 ASK:1.0567 STATE:IN_POS
[2026-02-28 05:51:37] CHK EMA1m:OK EMA5m:OK RSI:74.39134355 VOL:OK MOM:0% RANGE:0.68% UP:64.7% SPREAD:0.73403241% BID:1.049 ASK:1.0567 STATE:IN_POS
[2026-02-28 05:51:39] CHK EMA1m:OK EMA5m:OK RSI:74.39134355 VOL:OK MOM:0.01% RANGE:0.68% UP:66.66% SPREAD:0.72443046% BID:1.0491 ASK:1.0567 STATE:IN_POS
[2026-02-28 05:51:40] CHK EMA1m:OK EMA5m:OK RSI:74.39134355 VOL:OK MOM:-0.09% RANGE:0.73% UP:61.11% SPREAD:0.50572519% BID:1.048 ASK:1.0533 STATE:IN_POS
[2026-02-28 05:51:41] CHK EMA1m:OK EMA5m:OK RSI:74.39134355 VOL:OK MOM:-0.23% RANGE:0.73% UP:58.82% SPREAD:0.37167635% BID:1.0493 ASK:1.0532 STATE:IN_POS
[2026-02-28 05:51:42] CHK EMA1m:OK EMA5m:OK RSI:74.39134355 VOL:OK MOM:0.09% RANGE:0.73% UP:64.7% SPREAD:0.38080731% BID:1.0504 ASK:1.0544 STATE:IN_POS
[2026-02-28 05:51:43] CHK EMA1m:OK EMA5m:OK RSI:74.39134355 VOL:OK MOM:0.02% RANGE:0.73% UP:64.7% SPREAD:0.4288982% BID:1.0492 ASK:1.0537 STATE:IN_POS
[2026-02-28 05:51:44] CHK EMA1m:OK EMA5m:OK RSI:74.39134355 VOL:OK MOM:0.06% RANGE:0.73% UP:64.7% SPREAD:0.42820439% BID:1.0509 ASK:1.0554 STATE:IN_POS
[2026-02-28 05:51:46] CHK EMA1m:OK EMA5m:OK RSI:71.62408759 VOL:OK MOM:-0.37% RANGE:0.83% UP:58.82% SPREAD:0.71633237% BID:1.047 ASK:1.0545 STATE:IN_POS
[2026-02-28 05:51:47] CHK EMA1m:OK EMA5m:OK RSI:71.62408759 VOL:OK MOM:-0.33% RANGE:0.83% UP:64.7% SPREAD:0.67799847% BID:1.0472 ASK:1.0543 STATE:IN_POS
[2026-02-28 05:51:48] CHK EMA1m:OK EMA5m:OK RSI:71.62408759 VOL:OK MOM:-0.35% RANGE:0.83% UP:58.82% SPREAD:0.66844919% BID:1.0472 ASK:1.0542 STATE:IN_POS
[2026-02-28 05:51:49] CHK EMA1m:OK EMA5m:OK RSI:71.62408759 VOL:OK MOM:-0.38% RANGE:0.83% UP:52.94% SPREAD:0.582617% BID:1.047 ASK:1.0531 STATE:IN_POS
[2026-02-28 05:51:50] CHK EMA1m:OK EMA5m:OK RSI:71.62408759 VOL:OK MOM:-0.75% RANGE:0.83% UP:52.94% SPREAD:0.67806322% BID:1.0471 ASK:1.0542 STATE:IN_POS
[2026-02-28 05:51:51] CHK EMA1m:OK EMA5m:OK RSI:71.62408759 VOL:OK MOM:-0.49% RANGE:0.83% UP:52.94% SPREAD:0.3999619% BID:1.0501 ASK:1.0543 STATE:IN_POS
[2026-02-28 05:51:52] CHK EMA1m:OK EMA5m:OK RSI:71.62408759 VOL:OK MOM:-0.51% RANGE:0.83% UP:52.94% SPREAD:0.6093497% BID:1.0503 ASK:1.0567 STATE:IN_POS
[2026-02-28 05:51:53] CHK EMA1m:OK EMA5m:OK RSI:71.62408759 VOL:OK MOM:-0.53% RANGE:0.81% UP:52.94% SPREAD:0.64768073% BID:1.0499 ASK:1.0567 STATE:IN_POS
[2026-02-28 05:51:54] CHK EMA1m:OK EMA5m:OK RSI:71.62408759 VOL:OK MOM:0.15% RANGE:0.55% UP:58.82% SPREAD:0.51291793% BID:1.0528 ASK:1.0582 STATE:IN_POS
[2026-02-28 05:51:55] CHK EMA1m:OK EMA5m:OK RSI:71.62408759 VOL:OK MOM:0.46% RANGE:0.61% UP:64.7% SPREAD:0.45566736% BID:1.0534 ASK:1.0582 STATE:IN_POS
[2026-02-28 05:51:56] CHK EMA1m:OK EMA5m:OK RSI:71.62408759 VOL:OK MOM:0.32% RANGE:0.61% UP:61.11% SPREAD:0.59891624% BID:1.0519 ASK:1.0582 STATE:IN_POS
[2026-02-28 05:51:57] CHK EMA1m:OK EMA5m:OK RSI:71.62408759 VOL:OK MOM:0.24% RANGE:0.61% UP:52.94% SPREAD:0.61804697% BID:1.0517 ASK:1.0582 STATE:IN_POS
[2026-02-28 05:51:58] CHK EMA1m:OK EMA5m:OK RSI:71.62408759 VOL:OK MOM:0.35% RANGE:0.61% UP:52.94% SPREAD:0.61804697% BID:1.0517 ASK:1.0582 STATE:IN_POS
[2026-02-28 05:51:59] CHK EMA1m:OK EMA5m:OK RSI:71.62408759 VOL:OK MOM:0.35% RANGE:0.61% UP:5E+1% SPREAD:0.56099648% BID:1.0517 ASK:1.0576 STATE:IN_POS
[2026-02-28 05:52:01] CHK EMA1m:OK EMA5m:OK RSI:71.62408759 VOL:OK MOM:0.22% RANGE:0.61% UP:44.44% SPREAD:0.56099648% BID:1.0517 ASK:1.0576 STATE:IN_POS
[2026-02-28 05:52:02] CHK EMA1m:OK EMA5m:OK RSI:71.62408759 VOL:NO MOM:0.16% RANGE:0.61% UP:44.44% SPREAD:0.52276399% BID:1.0521 ASK:1.0576 STATE:IN_POS
[2026-02-28 05:52:03] CHK EMA1m:OK EMA5m:OK RSI:71.62408759 VOL:NO MOM:0.4% RANGE:0.62% UP:5E+1% SPREAD:0.50308495% BID:1.0535 ASK:1.0588 STATE:IN_POS
[2026-02-28 05:52:04] CHK EMA1m:OK EMA5m:OK RSI:71.62408759 VOL:NO MOM:0.3% RANGE:0.67% UP:5E+1% SPREAD:0.45536476% BID:1.0541 ASK:1.0589 STATE:IN_POS
[2026-02-28 05:52:05] CHK EMA1m:OK EMA5m:OK RSI:71.62408759 VOL:NO MOM:0.9% RANGE:0.9% UP:55.55% SPREAD:0.42593469% BID:1.0565 ASK:1.061 STATE:IN_POS
[2026-02-28 05:52:06] CHK EMA1m:OK EMA5m:OK RSI:71.62408759 VOL:NO MOM:0.96% RANGE:0.98% UP:55.55% SPREAD:0.46344462% BID:1.0573 ASK:1.0622 STATE:IN_POS
[2026-02-28 05:52:07] CHK EMA1m:OK EMA5m:OK RSI:71.62408759 VOL:NO MOM:0.88% RANGE:0.98% UP:55.55% SPREAD:0.53951727% BID:1.0565 ASK:1.0622 STATE:IN_POS
[2026-02-28 05:52:08] CHK EMA1m:OK EMA5m:OK RSI:71.62408759 VOL:NO MOM:0.96% RANGE:0.98% UP:61.11% SPREAD:0.48245199% BID:1.0571 ASK:1.0622 STATE:IN_POS
[2026-02-28 05:52:09] CHK EMA1m:OK EMA5m:OK RSI:71.62408759 VOL:NO MOM:0.97% RANGE:0.97% UP:61.11% SPREAD:0.46344462% BID:1.0573 ASK:1.0622 STATE:IN_POS
[2026-02-28 05:52:10] CHK EMA1m:OK EMA5m:OK RSI:71.62408759 VOL:NO MOM:0.76% RANGE:0.78% UP:61.11% SPREAD:0.387487% BID:1.0581 ASK:1.0622 STATE:IN_POS
[2026-02-28 05:52:12] CHK EMA1m:OK EMA5m:OK RSI:71.62408759 VOL:NO MOM:0.68% RANGE:0.78% UP:55.55% SPREAD:0.44444444% BID:1.0575 ASK:1.0622 STATE:IN_POS
[2026-02-28 05:52:14] CHK EMA1m:OK EMA5m:OK RSI:71.62408759 VOL:NO MOM:0.38% RANGE:0.6% UP:52.94% SPREAD:0.50146655% BID:1.0569 ASK:1.0622 STATE:IN_POS
[2026-02-28 05:52:15] CHK EMA1m:OK EMA5m:OK RSI:71.62408759 VOL:NO MOM:0.41% RANGE:0.6% UP:5E+1% SPREAD:0.55855344% BID:1.0563 ASK:1.0622 STATE:IN_POS
[2026-02-28 05:52:16] CHK EMA1m:OK EMA5m:OK RSI:71.62408759 VOL:NO MOM:0.35% RANGE:0.6% UP:5E+1% SPREAD:0.44532878% BID:1.0554 ASK:1.0601 STATE:IN_POS
[2026-02-28 05:52:17] CHK EMA1m:OK EMA5m:OK RSI:71.62408759 VOL:NO MOM:0.35% RANGE:0.6% UP:5E+1% SPREAD:0.44532878% BID:1.0554 ASK:1.0601 STATE:IN_POS
[2026-02-28 05:52:19] CHK EMA1m:OK EMA5m:OK RSI:71.62408759 VOL:NO MOM:0.35% RANGE:0.6% UP:5E+1% SPREAD:0.44532878% BID:1.0554 ASK:1.0601 STATE:IN_POS
[2026-02-28 05:52:20] CHK EMA1m:OK EMA5m:OK RSI:71.62408759 VOL:NO MOM:0.36% RANGE:0.6% UP:56.25% SPREAD:0.64424443% BID:1.0555 ASK:1.0623 STATE:IN_POS
[2026-02-28 05:52:21] CHK EMA1m:OK EMA5m:OK RSI:71.62408759 VOL:NO MOM:0.32% RANGE:0.57% UP:5E+1% SPREAD:0.64424443% BID:1.0555 ASK:1.0623 STATE:IN_POS
[2026-02-28 05:52:22] CHK EMA1m:OK EMA5m:OK RSI:71.62408759 VOL:NO MOM:0.33% RANGE:0.43% UP:5E+1% SPREAD:0.50141911% BID:1.057 ASK:1.0623 STATE:IN_POS
[2026-02-28 05:52:23] CHK EMA1m:OK EMA5m:OK RSI:71.62408759 VOL:NO MOM:0.32% RANGE:0.43% UP:47.05% SPREAD:0.51092818% BID:1.0569 ASK:1.0623 STATE:IN_POS
[2026-02-28 05:52:24] CHK EMA1m:OK EMA5m:OK RSI:73.55442176 VOL:OK MOM:0.18% RANGE:0.37% UP:41.17% SPREAD:0.55871212% BID:1.056 ASK:1.0619 STATE:IN_POS
[2026-02-28 05:52:25] CHK EMA1m:OK EMA5m:OK RSI:73.55442176 VOL:OK MOM:-0.18% RANGE:0.26% UP:31.25% SPREAD:0.55908272% BID:1.0553 ASK:1.0612 STATE:IN_POS
[2026-02-28 05:52:26] CHK EMA1m:OK EMA5m:OK RSI:73.55442176 VOL:OK MOM:-0.13% RANGE:0.28% UP:31.25% SPREAD:0.49284428% BID:1.0551 ASK:1.0603 STATE:IN_POS
[2026-02-28 05:52:27] CHK EMA1m:OK EMA5m:OK RSI:73.55442176 VOL:OK MOM:-0.22% RANGE:0.32% UP:25% SPREAD:0.53095667% BID:1.0547 ASK:1.0603 STATE:IN_POS
[2026-02-28 05:52:28] CHK EMA1m:OK EMA5m:OK RSI:73.55442176 VOL:OK MOM:-0.34% RANGE:0.43% UP:23.52% SPREAD:0.60749881% BID:1.0535 ASK:1.0599 STATE:IN_POS
[2026-02-28 05:52:29] CHK EMA1m:OK EMA5m:OK RSI:73.55442176 VOL:OK MOM:-0.34% RANGE:0.43% UP:23.52% SPREAD:0.43655689% BID:1.0537 ASK:1.0583 STATE:IN_POS
[2026-02-28 05:52:30] CHK EMA1m:OK EMA5m:OK RSI:73.55442176 VOL:OK MOM:-0.39% RANGE:0.39% UP:18.75% SPREAD:0.56963827% BID:1.0533 ASK:1.0593 STATE:IN_POS
[2026-02-28 05:52:31] CHK EMA1m:OK EMA5m:OK RSI:73.55442176 VOL:OK MOM:-0.38% RANGE:0.39% UP:18.75% SPREAD:0.53191489% BID:1.0528 ASK:1.0584 STATE:IN_POS
[2026-02-28 05:52:32] CHK EMA1m:OK EMA5m:OK RSI:73.55442176 VOL:OK MOM:-0.24% RANGE:0.39% UP:23.52% SPREAD:0.38888361% BID:1.0543 ASK:1.0584 STATE:IN_POS
[2026-02-28 05:52:33] CHK EMA1m:OK EMA5m:OK RSI:73.55442176 VOL:OK MOM:-0.1% RANGE:0.39% UP:29.41% SPREAD:0.48332069% BID:1.0552 ASK:1.0603 STATE:IN_POS
[2026-02-28 05:52:35] CHK EMA1m:OK EMA5m:OK RSI:73.55442176 VOL:OK MOM:-0.13% RANGE:0.39% UP:27.77% SPREAD:0.51189686% BID:1.0549 ASK:1.0603 STATE:IN_POS
[2026-02-28 05:52:36] CHK EMA1m:OK EMA5m:OK RSI:73.55442176 VOL:OK MOM:-0.1% RANGE:0.39% UP:27.77% SPREAD:0.56909797% BID:1.0543 ASK:1.0603 STATE:IN_POS
[2026-02-28 05:52:37] CHK EMA1m:OK EMA5m:OK RSI:73.55442176 VOL:OK MOM:-0.04% RANGE:0.39% UP:33.33% SPREAD:0.51189686% BID:1.0549 ASK:1.0603 STATE:IN_POS
[2026-02-28 05:52:38] CHK EMA1m:OK EMA5m:OK RSI:73.55442176 VOL:OK MOM:0.01% RANGE:0.39% UP:38.88% SPREAD:0.44524441% BID:1.0556 ASK:1.0603 STATE:IN_POS
[2026-02-28 05:52:39] CHK EMA1m:OK EMA5m:OK RSI:73.55442176 VOL:OK MOM:-0.04% RANGE:0.39% UP:33.33% SPREAD:0.50236966% BID:1.055 ASK:1.0603 STATE:IN_POS
[2026-02-28 05:52:40] CHK EMA1m:OK EMA5m:OK RSI:73.55442176 VOL:OK MOM:0.01% RANGE:0.39% UP:36.84% SPREAD:0.43572984% BID:1.0557 ASK:1.0603 STATE:IN_POS
[2026-02-28 05:52:41] CHK EMA1m:OK EMA5m:OK RSI:73.55442176 VOL:OK MOM:-0.03% RANGE:0.39% UP:38.88% SPREAD:0.53000189% BID:1.0566 ASK:1.0622 STATE:IN_POS
[2026-02-28 05:52:42] CHK EMA1m:OK EMA5m:OK RSI:73.55442176 VOL:OK MOM:0.01% RANGE:0.4% UP:44.44% SPREAD:0.48245199% BID:1.0571 ASK:1.0622 STATE:IN_POS
[2026-02-28 05:52:43] CHK EMA1m:OK EMA5m:OK RSI:73.55442176 VOL:OK MOM:0.09% RANGE:0.4% UP:44.44% SPREAD:0.49195837% BID:1.057 ASK:1.0622 STATE:IN_POS
[2026-02-28 05:52:44] CHK EMA1m:OK EMA5m:OK RSI:73.55442176 VOL:OK MOM:0.16% RANGE:0.4% UP:44.44% SPREAD:0.49195837% BID:1.057 ASK:1.0622 STATE:IN_POS
[2026-02-28 05:52:45] CHK EMA1m:OK EMA5m:OK RSI:73.55442176 VOL:OK MOM:0.1% RANGE:0.4% UP:42.1% SPREAD:0.54903445% BID:1.0564 ASK:1.0622 STATE:IN_POS
[2026-02-28 05:52:47] CHK EMA1m:OK EMA5m:OK RSI:73.55442176 VOL:OK MOM:-0.18% RANGE:0.41% UP:44.44% SPREAD:0.39897406% BID:1.0527 ASK:1.0569 STATE:IN_POS
[2026-02-28 05:52:48] CHK EMA1m:OK EMA5m:OK RSI:73.55442176 VOL:OK MOM:-0.07% RANGE:0.41% UP:44.44% SPREAD:0.39897406% BID:1.0527 ASK:1.0569 STATE:IN_POS
[2026-02-28 05:52:49] CHK EMA1m:OK EMA5m:OK RSI:73.55442176 VOL:OK MOM:-0.06% RANGE:0.41% UP:44.44% SPREAD:0.37986704% BID:1.053 ASK:1.057 STATE:IN_POS
[2026-02-28 05:52:50] CHK EMA1m:OK EMA5m:OK RSI:73.55442176 VOL:OK MOM:-0.05% RANGE:0.41% UP:44.44% SPREAD:0.40847344% BID:1.0527 ASK:1.057 STATE:IN_POS
[2026-02-28 05:52:51] CHK EMA1m:OK EMA5m:OK RSI:73.55442176 VOL:OK MOM:-0.01% RANGE:0.42% UP:44.44% SPREAD:0.41801254% BID:1.0526 ASK:1.057 STATE:IN_POS
[2026-02-28 05:52:52] CHK EMA1m:OK EMA5m:OK RSI:73.55442176 VOL:OK MOM:-0.21% RANGE:0.48% UP:38.88% SPREAD:0.46577946% BID:1.052 ASK:1.0569 STATE:IN_POS
[2026-02-28 05:52:53] CHK EMA1m:OK EMA5m:OK RSI:73.55442176 VOL:OK MOM:-0.22% RANGE:0.48% UP:38.88% SPREAD:0.38943768% BID:1.0528 ASK:1.0569 STATE:IN_POS
[2026-02-28 05:52:54] CHK EMA1m:OK EMA5m:OK RSI:73.55442176 VOL:OK MOM:-0.31% RANGE:0.52% UP:38.88% SPREAD:0.50399391% BID:1.0516 ASK:1.0569 STATE:IN_POS
[2026-02-28 05:52:55] CHK EMA1m:OK EMA5m:OK RSI:73.55442176 VOL:OK MOM:-0.21% RANGE:0.52% UP:44.44% SPREAD:0.46577946% BID:1.052 ASK:1.0569 STATE:IN_POS
[2026-02-28 05:52:56] CHK EMA1m:OK EMA5m:OK RSI:73.55442176 VOL:OK MOM:-0.25% RANGE:0.52% UP:44.44% SPREAD:0.44668314% BID:1.0522 ASK:1.0569 STATE:IN_POS
[2026-02-28 05:52:57] CHK EMA1m:OK EMA5m:OK RSI:73.55442176 VOL:OK MOM:-0.15% RANGE:0.52% UP:44.44% SPREAD:0.28462998% BID:1.054 ASK:1.057 STATE:IN_POS
[2026-02-28 05:52:58] CHK EMA1m:OK EMA5m:OK RSI:73.55442176 VOL:OK MOM:-0.13% RANGE:0.52% UP:44.44% SPREAD:0.32270311% BID:1.0536 ASK:1.057 STATE:IN_POS
[2026-02-28 05:52:59] CHK EMA1m:OK EMA5m:OK RSI:73.55442176 VOL:OK MOM:-0.23% RANGE:0.52% UP:38.88% SPREAD:0.35131029% BID:1.0532 ASK:1.0569 STATE:IN_POS
[2026-02-28 05:53:00] CHK EMA1m:OK EMA5m:OK RSI:73.55442176 VOL:OK MOM:-0.32% RANGE:0.52% UP:33.33% SPREAD:0.36080516% BID:1.0532 ASK:1.057 STATE:IN_POS
[2026-02-28 05:53:02] CHK EMA1m:OK EMA5m:OK RSI:69.83511154 VOL:NO MOM:-0.44% RANGE:0.52% UP:27.77% SPREAD:0.43709616% BID:1.0524 ASK:1.057 STATE:IN_POS
[2026-02-28 05:53:03] CHK EMA1m:OK EMA5m:OK RSI:69.83511154 VOL:NO MOM:-0.3% RANGE:0.51% UP:33.33% SPREAD:0.30366293% BID:1.0538 ASK:1.057 STATE:IN_POS
[2026-02-28 05:53:04] CHK EMA1m:OK EMA5m:OK RSI:69.83511154 VOL:NO MOM:-0.28% RANGE:0.51% UP:38.88% SPREAD:0.28462998% BID:1.054 ASK:1.057 STATE:IN_POS
[2026-02-28 05:53:05] CHK EMA1m:OK EMA5m:OK RSI:69.83511154 VOL:NO MOM:-0.17% RANGE:0.45% UP:44.44% SPREAD:0.23707918% BID:1.0545 ASK:1.057 STATE:IN_POS
[2026-02-28 05:53:06] CHK EMA1m:OK EMA5m:OK RSI:69.83511154 VOL:NO MOM:0% RANGE:0.27% UP:44.44% SPREAD:0.39897406% BID:1.0527 ASK:1.0569 STATE:IN_POS
[2026-02-28 05:53:07] CHK EMA1m:OK EMA5m:OK RSI:69.83511154 VOL:NO MOM:-0.18% RANGE:0.35% UP:44.44% SPREAD:0.56147696% BID:1.0508 ASK:1.0567 STATE:IN_POS
[2026-02-28 05:53:08] CHK EMA1m:OK EMA5m:OK RSI:69.83511154 VOL:NO MOM:-0.28% RANGE:0.42% UP:38.88% SPREAD:0.36190476% BID:1.05 ASK:1.0538 STATE:IN_POS
[2026-02-28 05:53:09] CHK EMA1m:OK EMA5m:OK RSI:69.83511154 VOL:NO MOM:-0.25% RANGE:0.42% UP:38.88% SPREAD:0.39047619% BID:1.05 ASK:1.0541 STATE:IN_POS
[2026-02-28 05:53:10] CHK EMA1m:OK EMA5m:OK RSI:69.83511154 VOL:NO MOM:-0.23% RANGE:0.42% UP:44.44% SPREAD:0.51423673% BID:1.0501 ASK:1.0555 STATE:IN_POS
[2026-02-28 05:53:11] CHK EMA1m:OK EMA5m:OK RSI:69.83511154 VOL:NO MOM:-0.17% RANGE:0.42% UP:5E+1% SPREAD:0.50466577% BID:1.0502 ASK:1.0555 STATE:IN_POS
[2026-02-28 05:53:13] CHK EMA1m:OK EMA5m:OK RSI:69.83511154 VOL:NO MOM:-0.17% RANGE:0.42% UP:47.36% SPREAD:0.50466577% BID:1.0502 ASK:1.0555 STATE:IN_POS
[2026-02-28 05:53:14] CHK EMA1m:OK EMA5m:OK RSI:69.83511154 VOL:NO MOM:0.12% RANGE:0.42% UP:47.05% SPREAD:0.35127693% BID:1.0533 ASK:1.057 STATE:IN_POS
[2026-02-28 05:53:15] CHK EMA1m:OK EMA5m:OK RSI:69.83511154 VOL:NO MOM:0.1% RANGE:0.42% UP:41.17% SPREAD:0.35127693% BID:1.0533 ASK:1.057 STATE:IN_POS
[2026-02-28 05:53:16] CHK EMA1m:OK EMA5m:OK RSI:69.83511154 VOL:NO MOM:-0.01% RANGE:0.42% UP:41.17% SPREAD:0.30366293% BID:1.0538 ASK:1.057 STATE:IN_POS
[2026-02-28 05:53:18] CHK EMA1m:OK EMA5m:OK RSI:69.83511154 VOL:NO MOM:-0.11% RANGE:0.42% UP:41.17% SPREAD:0.43709616% BID:1.0524 ASK:1.057 STATE:IN_POS
[2026-02-28 05:53:19] CHK EMA1m:OK EMA5m:OK RSI:69.83511154 VOL:NO MOM:0.01% RANGE:0.42% UP:47.05% SPREAD:0.34175052% BID:1.0534 ASK:1.057 STATE:IN_POS
[2026-02-28 05:53:20] CHK EMA1m:OK EMA5m:OK RSI:69.83511154 VOL:NO MOM:-0.05% RANGE:0.42% UP:47.05% SPREAD:0.40851225% BID:1.0526 ASK:1.0569 STATE:IN_POS
[2026-02-28 05:53:21] CHK EMA1m:OK EMA5m:OK RSI:69.83511154 VOL:NO MOM:-0.05% RANGE:0.42% UP:47.05% SPREAD:0.61798821% BID:1.0518 ASK:1.0583 STATE:IN_POS
[2026-02-28 05:53:22] CHK EMA1m:OK EMA5m:OK RSI:69.83511154 VOL:NO MOM:-0.18% RANGE:0.42% UP:41.17% SPREAD:0.56094314% BID:1.0518 ASK:1.0577 STATE:IN_POS
[2026-02-28 05:53:23] CHK EMA1m:OK EMA5m:OK RSI:69.83511154 VOL:NO MOM:-0.2% RANGE:0.42% UP:35.29% SPREAD:0.56094314% BID:1.0518 ASK:1.0577 STATE:IN_POS
[2026-02-28 05:53:24] CHK EMA1m:OK EMA5m:OK RSI:69.83511154 VOL:NO MOM:-0.22% RANGE:0.42% UP:35.29% SPREAD:0.55127839% BID:1.0521 ASK:1.0579 STATE:IN_POS
[2026-02-28 05:53:25] CHK EMA1m:OK EMA5m:OK RSI:69.83511154 VOL:NO MOM:-0.03% RANGE:0.36% UP:41.17% SPREAD:0.53216763% BID:1.0523 ASK:1.0579 STATE:IN_POS
[2026-02-28 05:53:26] CHK EMA1m:OK EMA5m:OK RSI:69.83511154 VOL:NO MOM:0.03% RANGE:0.36% UP:41.17% SPREAD:0.51369863% BID:1.0512 ASK:1.0566 STATE:IN_POS
[2026-02-28 05:53:27] CHK EMA1m:OK EMA5m:OK RSI:69.83511154 VOL:NO MOM:0.09% RANGE:0.36% UP:41.17% SPREAD:0.53282588% BID:1.051 ASK:1.0566 STATE:IN_POS
[2026-02-28 05:53:29] CHK EMA1m:OK EMA5m:OK RSI:69.83511154 VOL:NO MOM:0.11% RANGE:0.36% UP:47.05% SPREAD:0.5327245% BID:1.0512 ASK:1.0568 STATE:IN_POS
[2026-02-28 05:53:29] CHK EMA1m:OK EMA5m:OK RSI:69.83511154 VOL:NO MOM:0.02% RANGE:0.35% UP:41.17% SPREAD:0.57121096% BID:1.0504 ASK:1.0564 STATE:IN_POS
[2026-02-28 05:53:30] CHK EMA1m:OK EMA5m:OK RSI:65.57377049 VOL:OK MOM:-0.01% RANGE:0.36% UP:35.29% SPREAD:0.39999999% BID:1.05 ASK:1.0542 STATE:IN_POS
[2026-02-28 05:53:31] CHK EMA1m:OK EMA5m:OK RSI:65.57377049 VOL:OK MOM:-0.01% RANGE:0.36% UP:35.29% SPREAD:0.41904761% BID:1.05 ASK:1.0544 STATE:IN_POS
[2026-02-28 05:53:32] CHK EMA1m:OK EMA5m:OK RSI:68.11731315 VOL:OK MOM:-0.27% RANGE:0.36% UP:35.29% SPREAD:0.39984767% BID:1.0504 ASK:1.0546 STATE:IN_POS
[2026-02-28 05:53:34] CHK EMA1m:OK EMA5m:OK RSI:68.11731315 VOL:OK MOM:-0.31% RANGE:0.36% UP:33.33% SPREAD:0.53333333% BID:1.05 ASK:1.0556 STATE:IN_POS
[2026-02-28 05:53:35] CHK EMA1m:OK EMA5m:OK RSI:68.11731315 VOL:OK MOM:-0.29% RANGE:0.36% UP:38.88% SPREAD:0.51418777% BID:1.0502 ASK:1.0556 STATE:IN_POS
[2026-02-28 05:53:36] CHK EMA1m:OK EMA5m:OK RSI:68.11731315 VOL:OK MOM:-0.36% RANGE:0.36% UP:33.33% SPREAD:0.36190476% BID:1.05 ASK:1.0538 STATE:IN_POS
[2026-02-28 05:53:37] CHK EMA1m:OK EMA5m:OK RSI:65.39509536 VOL:OK MOM:-0.32% RANGE:0.41% UP:33.33% SPREAD:0.38131553% BID:1.049 ASK:1.053 STATE:IN_POS
[2026-02-28 05:53:38] CHK EMA1m:OK EMA5m:OK RSI:64.80648064 VOL:OK MOM:-0.41% RANGE:0.41% UP:27.77% SPREAD:0.38131553% BID:1.049 ASK:1.053 STATE:IN_POS
[2026-02-28 05:53:39] CHK EMA1m:OK EMA5m:OK RSI:64.80648064 VOL:OK MOM:-0.41% RANGE:0.41% UP:26.31% SPREAD:0.45757864% BID:1.049 ASK:1.0538 STATE:IN_POS
[2026-02-28 05:53:40] CHK EMA1m:OK EMA5m:OK RSI:64.80648064 VOL:OK MOM:-0.26% RANGE:0.31% UP:27.77% SPREAD:0.43851286% BID:1.049 ASK:1.0536 STATE:IN_POS
[2026-02-28 05:53:41] CHK EMA1m:OK EMA5m:OK RSI:64.80648064 VOL:OK MOM:-0.26% RANGE:0.31% UP:27.77% SPREAD:0.43851286% BID:1.049 ASK:1.0536 STATE:IN_POS
[2026-02-28 05:53:42] CHK EMA1m:OK EMA5m:OK RSI:64.80648064 VOL:OK MOM:-0.47% RANGE:0.52% UP:27.77% SPREAD:0.56362246% BID:1.0468 ASK:1.0527 STATE:IN_POS
[2026-02-28 05:53:43] CHK EMA1m:OK EMA5m:OK RSI:64.80648064 VOL:OK MOM:-0.5% RANGE:0.52% UP:22.22% SPREAD:0.55406954% BID:1.0468 ASK:1.0526 STATE:IN_POS
[2026-02-28 05:53:44] CHK EMA1m:OK EMA5m:OK RSI:64.80648064 VOL:OK MOM:-0.48% RANGE:0.52% UP:26.31% SPREAD:0.5348615% BID:1.047 ASK:1.0526 STATE:IN_POS
[2026-02-28 05:53:45] CHK EMA1m:OK EMA5m:OK RSI:64.80648064 VOL:OK MOM:-0.24% RANGE:0.42% UP:27.77% SPREAD:0.41960709% BID:1.0486 ASK:1.053 STATE:IN_POS
[2026-02-28 05:53:46] CHK EMA1m:OK EMA5m:OK RSI:64.80648064 VOL:OK MOM:-0.22% RANGE:0.42% UP:27.77% SPREAD:0.41960709% BID:1.0486 ASK:1.053 STATE:IN_POS
[2026-02-28 05:53:47] CHK EMA1m:OK EMA5m:OK RSI:64.80648064 VOL:OK MOM:-0.13% RANGE:0.42% UP:27.77% SPREAD:0.52390931% BID:1.0498 ASK:1.0553 STATE:IN_POS
[2026-02-28 05:53:48] CHK EMA1m:OK EMA5m:OK RSI:64.80648064 VOL:OK MOM:-0% RANGE:0.34% UP:33.33% SPREAD:0.47605446% BID:1.0503 ASK:1.0553 STATE:IN_POS
[2026-02-28 05:53:50] CHK EMA1m:OK EMA5m:OK RSI:64.80648064 VOL:OK MOM:-0.02% RANGE:0.34% UP:31.57% SPREAD:0.49519093% BID:1.0501 ASK:1.0553 STATE:IN_POS
[2026-02-28 05:53:51] CHK EMA1m:OK EMA5m:OK RSI:64.80648064 VOL:OK MOM:0.28% RANGE:0.59% UP:38.88% SPREAD:0.4748338% BID:1.053 ASK:1.058 STATE:IN_POS
[2026-02-28 05:53:52] CHK EMA1m:OK EMA5m:OK RSI:64.80648064 VOL:OK MOM:0.15% RANGE:0.59% UP:33.33% SPREAD:0.50380228% BID:1.052 ASK:1.0573 STATE:IN_POS
[2026-02-28 05:53:53] CHK EMA1m:OK EMA5m:OK RSI:64.80648064 VOL:OK MOM:0.18% RANGE:0.59% UP:33.33% SPREAD:0.45631714% BID:1.0519 ASK:1.0567 STATE:IN_POS
[2026-02-28 05:53:54] CHK EMA1m:OK EMA5m:OK RSI:64.80648064 VOL:OK MOM:0.06% RANGE:0.59% UP:27.77% SPREAD:0.42820439% BID:1.0509 ASK:1.0554 STATE:IN_POS
[2026-02-28 05:53:55] CHK EMA1m:OK EMA5m:OK RSI:64.80648064 VOL:OK MOM:0.06% RANGE:0.59% UP:26.31% SPREAD:0.42820439% BID:1.0509 ASK:1.0554 STATE:IN_POS
[2026-02-28 05:53:56] CHK EMA1m:OK EMA5m:OK RSI:64.80648064 VOL:OK MOM:0.23% RANGE:0.59% UP:33.33% SPREAD:0.42796005% BID:1.0515 ASK:1.056 STATE:IN_POS
[2026-02-28 05:53:57] CHK EMA1m:OK EMA5m:OK RSI:64.80648064 VOL:OK MOM:0.14% RANGE:0.59% UP:33.33% SPREAD:0.5235602% BID:1.0505 ASK:1.056 STATE:IN_POS
[2026-02-28 05:53:58] CHK EMA1m:OK EMA5m:OK RSI:64.80648064 VOL:OK MOM:0.1% RANGE:0.59% UP:33.33% SPREAD:0.52375964% BID:1.0501 ASK:1.0556 STATE:IN_POS
[2026-02-28 05:53:59] CHK EMA1m:OK EMA5m:OK RSI:64.80648064 VOL:OK MOM:0.1% RANGE:0.59% UP:33.33% SPREAD:0.52375964% BID:1.0501 ASK:1.0556 STATE:IN_POS
[2026-02-28 05:54:00] CHK EMA1m:OK EMA5m:OK RSI:64.80648064 VOL:OK MOM:0.03% RANGE:0.59% UP:31.57% SPREAD:0.49552125% BID:1.0494 ASK:1.0546 STATE:IN_POS
[2026-02-28 05:54:01] CHK EMA1m:OK EMA5m:OK RSI:70.45009784 VOL:NO MOM:0.05% RANGE:0.59% UP:33.33% SPREAD:0.57284704% BID:1.0474 ASK:1.0534 STATE:IN_POS
[2026-02-28 05:54:02] CHK EMA1m:OK EMA5m:OK RSI:70.45009784 VOL:NO MOM:0.38% RANGE:0.59% UP:38.88% SPREAD:0.39969547% BID:1.0508 ASK:1.055 STATE:IN_POS
[2026-02-28 05:54:03] CHK EMA1m:OK EMA5m:OK RSI:70.45009784 VOL:NO MOM:0.35% RANGE:0.57% UP:33.33% SPREAD:0.53297801% BID:1.0507 ASK:1.0563 STATE:IN_POS
[2026-02-28 05:54:04] CHK EMA1m:OK EMA5m:OK RSI:70.45009784 VOL:NO MOM:0.01% RANGE:0.53% UP:27.77% SPREAD:0.61975591% BID:1.0488 ASK:1.0553 STATE:IN_POS
[2026-02-28 05:54:06] CHK EMA1m:OK EMA5m:OK RSI:70.45009784 VOL:NO MOM:0.04% RANGE:0.53% UP:31.57% SPREAD:0.50519492% BID:1.0491 ASK:1.0544 STATE:IN_POS
[2026-02-28 05:54:07] CHK EMA1m:OK EMA5m:OK RSI:70.45009784 VOL:NO MOM:-0.1% RANGE:0.53% UP:27.77% SPREAD:0.47678077% BID:1.0487 ASK:1.0537 STATE:IN_POS
[2026-02-28 05:54:08] CHK EMA1m:OK EMA5m:OK RSI:70.45009784 VOL:NO MOM:-0.18% RANGE:0.53% UP:22.22% SPREAD:0.50553223% BID:1.0484 ASK:1.0537 STATE:IN_POS
[2026-02-28 05:54:09] CHK EMA1m:OK EMA5m:OK RSI:70.45009784 VOL:NO MOM:-0.16% RANGE:0.53% UP:22.22% SPREAD:0.48645555% BID:1.0484 ASK:1.0535 STATE:IN_POS
[2026-02-28 05:54:10] CHK EMA1m:OK EMA5m:OK RSI:70.45009784 VOL:NO MOM:-0.49% RANGE:0.53% UP:16.66% SPREAD:0.56308455% BID:1.0478 ASK:1.0537 STATE:IN_POS
[2026-02-28 05:54:11] CHK EMA1m:OK EMA5m:OK RSI:70.45009784 VOL:NO MOM:-0.39% RANGE:0.43% UP:16.66% SPREAD:0.52490933% BID:1.0478 ASK:1.0533 STATE:IN_POS
[2026-02-28 05:54:12] CHK EMA1m:OK EMA5m:OK RSI:70.45009784 VOL:NO MOM:-0.63% RANGE:0.64% UP:16.66% SPREAD:0.49751243% BID:1.0452 ASK:1.0504 STATE:IN_POS
[2026-02-28 05:54:14] SELL symbol=BARDUSDC qty=9.1 exit=1.0454 pnl=-0.08007999999999926 reason=STOP profile=major
[2026-02-28 05:54:45] CHK EMA1m:OK EMA5m:OK RSI:68.05293005 VOL:OK MOM:0.37% RANGE:0.37% UP:48.71% SPREAD:0.52541077% BID:1.0468 ASK:1.0523 STATE:IDLE
[2026-02-28 05:54:45] DECIDE_HOLD reason=HOLD_SPREAD spread=0.5254% mom=0.3740% range=0.3740% up=48.72% rsi=68.05293005671084
[2026-02-28 05:54:46] CHK EMA1m:OK EMA5m:OK RSI:68.05293005 VOL:OK MOM:0.26% RANGE:0.42% UP:47.36% SPREAD:0.47741812% BID:1.0473 ASK:1.0523 STATE:IDLE
[2026-02-28 05:54:47] CHK EMA1m:OK EMA5m:OK RSI:68.05293005 VOL:OK MOM:0.46% RANGE:0.46% UP:52.77% SPREAD:0.41038366% BID:1.0478 ASK:1.0521 STATE:IDLE
[2026-02-28 05:54:48] CHK EMA1m:OK EMA5m:OK RSI:68.05293005 VOL:OK MOM:0.41% RANGE:0.46% UP:51.42% SPREAD:0.35285142% BID:1.0486 ASK:1.0523 STATE:IDLE
[2026-02-28 05:54:49] BUY symbol=BARDUSDC qty=9.0 entry=1.0523 momPct=0.004117590730632932 rangePct=0.004694835680751082 upRatio=0.5142857142857142 profile=major
[2026-02-28 05:54:49] CHK EMA1m:OK EMA5m:OK RSI:71.37440758 VOL:OK MOM:0.48% RANGE:0.54% UP:52.94% SPREAD:0.44787497% BID:1.0494 ASK:1.0541 STATE:IN_POS
[2026-02-28 05:54:51] CHK EMA1m:OK EMA5m:OK RSI:71.37440758 VOL:OK MOM:0.34% RANGE:0.54% UP:48.48% SPREAD:0.52450886% BID:1.0486 ASK:1.0541 STATE:IN_POS
[2026-02-28 05:54:52] CHK EMA1m:OK EMA5m:OK RSI:71.37440758 VOL:OK MOM:0.39% RANGE:0.54% UP:51.61% SPREAD:0.47678077% BID:1.0487 ASK:1.0537 STATE:IN_POS
[2026-02-28 05:54:53] CHK EMA1m:OK EMA5m:OK RSI:71.37440758 VOL:OK MOM:0.43% RANGE:0.54% UP:56.66% SPREAD:0.44813119% BID:1.0488 ASK:1.0535 STATE:IN_POS
[2026-02-28 05:54:54] CHK EMA1m:OK EMA5m:OK RSI:71.37440758 VOL:OK MOM:0.5% RANGE:0.54% UP:62.06% SPREAD:0.40975795% BID:1.0494 ASK:1.0537 STATE:IN_POS
[2026-02-28 05:54:55] CHK EMA1m:OK EMA5m:OK RSI:71.37440758 VOL:OK MOM:0.56% RANGE:0.66% UP:60.71% SPREAD:0.3521797% BID:1.0506 ASK:1.0543 STATE:IN_POS
[2026-02-28 05:54:57] CHK EMA1m:OK EMA5m:OK RSI:71.37440758 VOL:OK MOM:0.54% RANGE:0.69% UP:61.53% SPREAD:0.46622264% BID:1.051 ASK:1.0559 STATE:IN_POS
[2026-02-28 05:54:58] CHK EMA1m:OK EMA5m:OK RSI:71.37440758 VOL:OK MOM:0.59% RANGE:0.69% UP:66.66% SPREAD:0.51433469% BID:1.0499 ASK:1.0553 STATE:IN_POS
[2026-02-28 05:54:58] CHK EMA1m:OK EMA5m:OK RSI:71.37440758 VOL:OK MOM:0.59% RANGE:0.68% UP:69.56% SPREAD:0.46666666% BID:1.05 ASK:1.0549 STATE:IN_POS
[2026-02-28 05:54:59] CHK EMA1m:OK EMA5m:OK RSI:71.37440758 VOL:OK MOM:0.6% RANGE:0.64% UP:72.72% SPREAD:0.52351037% BID:1.0506 ASK:1.0561 STATE:IN_POS
[2026-02-28 05:55:01] CHK EMA1m:OK EMA5m:OK RSI:71.37440758 VOL:OK MOM:0.64% RANGE:0.64% UP:76.19% SPREAD:0.46613394% BID:1.0512 ASK:1.0561 STATE:IN_POS
[2026-02-28 05:55:02] CHK EMA1m:OK EMA5m:OK RSI:67.90648246 VOL:NO MOM:0.36% RANGE:0.63% UP:75% SPREAD:0.48645555% BID:1.0484 ASK:1.0535 STATE:IN_POS
[2026-02-28 05:55:03] CHK EMA1m:OK EMA5m:OK RSI:67.90648246 VOL:NO MOM:0.05% RANGE:0.49% UP:72.22% SPREAD:0.44907318% BID:1.0466 ASK:1.0513 STATE:IN_POS
[2026-02-28 05:55:04] CHK EMA1m:OK EMA5m:OK RSI:67.90648246 VOL:NO MOM:-0.1% RANGE:0.52% UP:70.58% SPREAD:0.44945969% BID:1.0457 ASK:1.0504 STATE:IN_POS
[2026-02-28 05:55:05] CHK EMA1m:OK EMA5m:OK RSI:67.90648246 VOL:NO MOM:-0.19% RANGE:0.56% UP:64.7% SPREAD:0.48789821% BID:1.0453 ASK:1.0504 STATE:IN_POS
[2026-02-28 05:55:06] CHK EMA1m:OK EMA5m:OK RSI:67.90648246 VOL:NO MOM:-0.2% RANGE:0.56% UP:64.7% SPREAD:0.44945969% BID:1.0457 ASK:1.0504 STATE:IN_POS
[2026-02-28 05:55:08] CHK EMA1m:OK EMA5m:OK RSI:66.77115987 VOL:OK MOM:-0.02% RANGE:0.56% UP:66.66% SPREAD:0.45823389% BID:1.0475 ASK:1.0523 STATE:IN_POS
[2026-02-28 05:55:08] CHK EMA1m:OK EMA5m:OK RSI:66.77115987 VOL:OK MOM:-0.15% RANGE:0.56% UP:64.7% SPREAD:0.42947127% BID:1.0478 ASK:1.0523 STATE:IN_POS
[2026-02-28 05:55:09] CHK EMA1m:OK EMA5m:OK RSI:66.77115987 VOL:OK MOM:-0.08% RANGE:0.56% UP:64.7% SPREAD:0.43905698% BID:1.0477 ASK:1.0523 STATE:IN_POS
[2026-02-28 05:55:10] CHK EMA1m:OK EMA5m:OK RSI:66.77115987 VOL:OK MOM:0% RANGE:0.56% UP:64.7% SPREAD:0.50538762% BID:1.0487 ASK:1.054 STATE:IN_POS
[2026-02-28 05:55:11] CHK EMA1m:OK EMA5m:OK RSI:66.77115987 VOL:OK MOM:0.07% RANGE:0.56% UP:66.66% SPREAD:0.4287756% BID:1.0495 ASK:1.054 STATE:IN_POS
[2026-02-28 05:55:13] CHK EMA1m:OK EMA5m:OK RSI:66.77115987 VOL:OK MOM:0.05% RANGE:0.56% UP:61.11% SPREAD:0.43834572% BID:1.0494 ASK:1.054 STATE:IN_POS
[2026-02-28 05:55:14] CHK EMA1m:OK EMA5m:OK RSI:66.77115987 VOL:OK MOM:-0% RANGE:0.56% UP:58.82% SPREAD:0.5235602% BID:1.0505 ASK:1.056 STATE:IN_POS
[2026-02-28 05:55:16] CHK EMA1m:OK EMA5m:OK RSI:66.77115987 VOL:OK MOM:-0% RANGE:0.56% UP:58.82% SPREAD:0.466267% BID:1.0509 ASK:1.0558 STATE:IN_POS
[2026-02-28 05:55:17] CHK EMA1m:OK EMA5m:OK RSI:66.77115987 VOL:OK MOM:0.1% RANGE:0.56% UP:64.7% SPREAD:0.45670789% BID:1.051 ASK:1.0558 STATE:IN_POS
[2026-02-28 05:55:19] CHK EMA1m:OK EMA5m:OK RSI:66.77115987 VOL:OK MOM:0.11% RANGE:0.56% UP:64.7% SPREAD:0.46613394% BID:1.0512 ASK:1.0561 STATE:IN_POS
[2026-02-28 05:55:20] CHK EMA1m:OK EMA5m:OK RSI:66.77115987 VOL:OK MOM:0% RANGE:0.57% UP:62.5% SPREAD:0.51364976% BID:1.0513 ASK:1.0567 STATE:IN_POS
[2026-02-28 05:55:21] CHK EMA1m:OK EMA5m:OK RSI:66.77115987 VOL:OK MOM:0.25% RANGE:0.57% UP:62.5% SPREAD:0.46617828% BID:1.0511 ASK:1.056 STATE:IN_POS
[2026-02-28 05:55:22] CHK EMA1m:OK EMA5m:OK RSI:66.77115987 VOL:OK MOM:0.5% RANGE:0.63% UP:68.75% SPREAD:0.43730392% BID:1.0519 ASK:1.0565 STATE:IN_POS
[2026-02-28 05:55:23] CHK EMA1m:OK EMA5m:OK RSI:66.77115987 VOL:OK MOM:0.52% RANGE:0.65% UP:70.58% SPREAD:0.45623039% BID:1.0521 ASK:1.0569 STATE:IN_POS
[2026-02-28 05:55:24] CHK EMA1m:OK EMA5m:OK RSI:66.77115987 VOL:OK MOM:0.31% RANGE:0.65% UP:75% SPREAD:0.41960709% BID:1.0486 ASK:1.053 STATE:IN_POS
[2026-02-28 05:55:25] CHK EMA1m:OK EMA5m:OK RSI:66.77115987 VOL:OK MOM:0.37% RANGE:0.61% UP:75% SPREAD:0.41920731% BID:1.0496 ASK:1.054 STATE:IN_POS
[2026-02-28 05:55:26] CHK EMA1m:OK EMA5m:OK RSI:66.77115987 VOL:OK MOM:0.25% RANGE:0.43% UP:75% SPREAD:0.39992382% BID:1.0502 ASK:1.0544 STATE:IN_POS
[2026-02-28 05:55:27] CHK EMA1m:OK EMA5m:OK RSI:66.77115987 VOL:OK MOM:0.25% RANGE:0.41% UP:75% SPREAD:0.37125178% BID:1.0505 ASK:1.0544 STATE:IN_POS
[2026-02-28 05:55:29] CHK EMA1m:OK EMA5m:OK RSI:66.77115987 VOL:OK MOM:0.13% RANGE:0.41% UP:70.58% SPREAD:0.45749142% BID:1.0492 ASK:1.054 STATE:IN_POS
[2026-02-28 05:55:30] CHK EMA1m:OK EMA5m:OK RSI:66.77115987 VOL:OK MOM:-0.05% RANGE:0.38% UP:68.75% SPREAD:0.43888941% BID:1.0481 ASK:1.0527 STATE:IN_POS
[2026-02-28 05:55:31] CHK EMA1m:OK EMA5m:OK RSI:66.77115987 VOL:OK MOM:-0.21% RANGE:0.46% UP:62.5% SPREAD:0.5156608% BID:1.0472 ASK:1.0526 STATE:IN_POS
[2026-02-28 05:55:31] CHK EMA1m:OK EMA5m:OK RSI:66.77115987 VOL:OK MOM:-0.29% RANGE:0.55% UP:62.5% SPREAD:0.30583962% BID:1.0463 ASK:1.0495 STATE:IN_POS
[2026-02-28 05:55:32] CHK EMA1m:OK EMA5m:OK RSI:66.77115987 VOL:OK MOM:-0.58% RANGE:0.73% UP:56.25% SPREAD:0.4691689% BID:1.0444 ASK:1.0493 STATE:IN_POS
[2026-02-28 05:55:34] CHK EMA1m:OK EMA5m:OK RSI:66.77115987 VOL:OK MOM:-0.57% RANGE:0.73% UP:58.82% SPREAD:0.45955002% BID:1.0445 ASK:1.0493 STATE:IN_POS
[2026-02-28 05:55:35] CHK EMA1m:OK EMA5m:OK RSI:66.77115987 VOL:OK MOM:-0.66% RANGE:0.78% UP:52.94% SPREAD:0.47897308% BID:1.0439 ASK:1.0489 STATE:IN_POS
[2026-02-28 05:55:36] CHK EMA1m:OK EMA5m:OK RSI:66.77115987 VOL:OK MOM:-0.67% RANGE:0.78% UP:47.05% SPREAD:0.45981415% BID:1.0439 ASK:1.0487 STATE:IN_POS
[2026-02-28 05:55:37] CHK EMA1m:OK EMA5m:OK RSI:66.77115987 VOL:OK MOM:-0.69% RANGE:0.78% UP:41.17% SPREAD:0.45981415% BID:1.0439 ASK:1.0487 STATE:IN_POS
[2026-02-28 05:55:38] CHK EMA1m:OK EMA5m:OK RSI:66.77115987 VOL:OK MOM:-0.7% RANGE:0.78% UP:35.29% SPREAD:0.34486061% BID:1.0439 ASK:1.0475 STATE:IN_POS
[2026-02-28 05:55:39] CHK EMA1m:OK EMA5m:OK RSI:66.77115987 VOL:OK MOM:-0.7% RANGE:0.78% UP:33.33% SPREAD:0.34486061% BID:1.0439 ASK:1.0475 STATE:IN_POS
[2026-02-28 05:55:40] CHK EMA1m:OK EMA5m:OK RSI:66.77115987 VOL:OK MOM:-0.77% RANGE:0.87% UP:33.33% SPREAD:0.33557046% BID:1.043 ASK:1.0465 STATE:IN_POS
[2026-02-28 05:55:41] SELL symbol=BARDUSDC qty=9.0 exit=1.0430000000000001 pnl=-0.08369999999999878 reason=STOP profile=major
[2026-02-28 05:56:12] CHK EMA1m:OK EMA5m:OK RSI:65.53846153 VOL:NO MOM:0.15% RANGE:0.84% UP:46.15% SPREAD:0.39110941% BID:1.0483 ASK:1.0524 STATE:IDLE
[2026-02-28 05:56:12] DECIDE_HOLD reason=HOLD_SPREAD spread=0.3911% mom=0.1529% range=0.8466% up=46.15% rsi=65.53846153846152
[2026-02-28 05:56:13] CHK EMA1m:OK EMA5m:OK RSI:65.53846153 VOL:NO MOM:0.29% RANGE:0.84% UP:44.73% SPREAD:0.41026619% BID:1.0481 ASK:1.0524 STATE:IDLE
[2026-02-28 05:56:14] CHK EMA1m:OK EMA5m:OK RSI:65.53846153 VOL:NO MOM:0.26% RANGE:0.84% UP:40.54% SPREAD:0.41026619% BID:1.0481 ASK:1.0524 STATE:IDLE
[2026-02-28 05:56:15] CHK EMA1m:OK EMA5m:OK RSI:65.53846153 VOL:NO MOM:0.21% RANGE:0.84% UP:41.66% SPREAD:0.42959427% BID:1.0475 ASK:1.052 STATE:IDLE
[2026-02-28 05:56:16] CHK EMA1m:OK EMA5m:OK RSI:65.53846153 VOL:NO MOM:0.26% RANGE:0.84% UP:45.71% SPREAD:0.40087811% BID:1.0477 ASK:1.0519 STATE:IDLE
[2026-02-28 05:56:17] CHK EMA1m:OK EMA5m:OK RSI:65.53846153 VOL:NO MOM:0.26% RANGE:0.84% UP:47.05% SPREAD:0.39129604% BID:1.0478 ASK:1.0519 STATE:IDLE
[2026-02-28 05:56:18] CHK EMA1m:OK EMA5m:OK RSI:68.12144212 VOL:OK MOM:0.61% RANGE:1.01% UP:5E+1% SPREAD:0.80944671% BID:1.0501 ASK:1.0586 STATE:IDLE
[2026-02-28 05:56:19] CHK EMA1m:OK EMA5m:OK RSI:68.12144212 VOL:OK MOM:0.69% RANGE:1.01% UP:51.61% SPREAD:0.70516485% BID:1.0494 ASK:1.0568 STATE:IDLE
[2026-02-28 05:56:20] CHK EMA1m:OK EMA5m:OK RSI:68.12144212 VOL:OK MOM:0.66% RANGE:1.01% UP:5E+1% SPREAD:0.82904516% BID:1.0494 ASK:1.0581 STATE:IDLE
[2026-02-28 05:56:21] CHK EMA1m:OK EMA5m:OK RSI:68.12144212 VOL:OK MOM:1.23% RANGE:1.34% UP:55.17% SPREAD:0.40816326% BID:1.0535 ASK:1.0578 STATE:IDLE
[2026-02-28 05:56:23] CHK EMA1m:OK EMA5m:OK RSI:68.12144212 VOL:OK MOM:1.17% RANGE:1.34% UP:57.14% SPREAD:0.35181135% BID:1.0517 ASK:1.0554 STATE:IDLE
[2026-02-28 05:56:23] DECIDE_HOLD reason=HOLD_SPREAD spread=0.3518% mom=1.1736% range=1.3468% up=57.14% rsi=68.12144212523717
[2026-02-28 05:56:24] CHK EMA1m:OK EMA5m:OK RSI:68.12144212 VOL:OK MOM:0.75% RANGE:1.05% UP:48% SPREAD:0.39984767% BID:1.0504 ASK:1.0546 STATE:IDLE
[2026-02-28 05:56:25] CHK EMA1m:OK EMA5m:OK RSI:68.12144212 VOL:OK MOM:0.82% RANGE:1.05% UP:52% SPREAD:0.41860907% BID:1.0511 ASK:1.0555 STATE:IDLE
[2026-02-28 05:56:26] CHK EMA1m:OK EMA5m:OK RSI:68.12144212 VOL:OK MOM:0.82% RANGE:0.99% UP:54.16% SPREAD:0.36131976% BID:1.0517 ASK:1.0555 STATE:IDLE
[2026-02-28 05:56:27] BUY symbol=BARDUSDC qty=8.9 entry=1.0554999999999999 momPct=0.008244655354232733 rangePct=0.009970280893490738 upRatio=0.5416666666666666 profile=major
[2026-02-28 05:56:29] CHK EMA1m:OK EMA5m:OK RSI:68.50984067 VOL:OK MOM:0.47% RANGE:0.68% UP:47.61% SPREAD:0.39950537% BID:1.0513 ASK:1.0555 STATE:IN_POS
[2026-02-28 05:56:30] CHK EMA1m:OK EMA5m:OK RSI:68.50984067 VOL:OK MOM:0.56% RANGE:0.62% UP:47.05% SPREAD:0.49335863% BID:1.054 ASK:1.0592 STATE:IN_POS
[2026-02-28 05:56:32] CHK EMA1m:OK EMA5m:OK RSI:68.50984067 VOL:OK MOM:0.47% RANGE:0.62% UP:43.75% SPREAD:0.37975885% BID:1.0533 ASK:1.0573 STATE:IN_POS
[2026-02-28 05:56:33] CHK EMA1m:OK EMA5m:OK RSI:68.50984067 VOL:OK MOM:0.64% RANGE:0.7% UP:5E+1% SPREAD:0.42658071% BID:1.0549 ASK:1.0594 STATE:IN_POS
[2026-02-28 05:56:34] CHK EMA1m:OK EMA5m:OK RSI:68.50984067 VOL:OK MOM:0.77% RANGE:0.77% UP:6E+1% SPREAD:0.40735126% BID:1.0556 ASK:1.0599 STATE:IN_POS
[2026-02-28 05:56:35] CHK EMA1m:OK EMA5m:OK RSI:68.50984067 VOL:OK MOM:0.27% RANGE:0.75% UP:53.33% SPREAD:0.80906148% BID:1.0506 ASK:1.0591 STATE:IN_POS
[2026-02-28 05:56:36] CHK EMA1m:OK EMA5m:OK RSI:68.50984067 VOL:OK MOM:0.28% RANGE:0.74% UP:53.33% SPREAD:0.78987438% BID:1.0508 ASK:1.0591 STATE:IN_POS
[2026-02-28 05:56:37] CHK EMA1m:OK EMA5m:OK RSI:68.50984067 VOL:OK MOM:0.08% RANGE:0.59% UP:53.33% SPREAD:1.05613701% BID:1.051 ASK:1.0621 STATE:IN_POS
[2026-02-28 05:56:39] CHK EMA1m:OK EMA5m:OK RSI:68.50984067 VOL:OK MOM:0.12% RANGE:0.59% UP:53.33% SPREAD:1.08499095% BID:1.0507 ASK:1.0621 STATE:IN_POS
[2026-02-28 05:56:40] CHK EMA1m:OK EMA5m:OK RSI:68.50984067 VOL:OK MOM:0.14% RANGE:0.59% UP:6E+1% SPREAD:1.06575316% BID:1.0509 ASK:1.0621 STATE:IN_POS
[2026-02-28 05:56:41] CHK EMA1m:OK EMA5m:OK RSI:68.50984067 VOL:OK MOM:0.26% RANGE:0.56% UP:6E+1% SPREAD:0.32187825% BID:1.0563 ASK:1.0597 STATE:IN_POS
[2026-02-28 05:56:42] CHK EMA1m:OK EMA5m:OK RSI:68.50984067 VOL:OK MOM:0.39% RANGE:0.56% UP:6E+1% SPREAD:0.37882375% BID:1.0559 ASK:1.0599 STATE:IN_POS
[2026-02-28 05:56:43] CHK EMA1m:OK EMA5m:OK RSI:68.50984067 VOL:OK MOM:0.48% RANGE:0.56% UP:6E+1% SPREAD:0.39791567% BID:1.0555 ASK:1.0597 STATE:IN_POS
[2026-02-28 05:56:44] CHK EMA1m:OK EMA5m:OK RSI:68.50984067 VOL:OK MOM:0.48% RANGE:0.56% UP:56.25% SPREAD:0.33159639% BID:1.0555 ASK:1.059 STATE:IN_POS
[2026-02-28 05:56:45] CHK EMA1m:OK EMA5m:OK RSI:68.50984067 VOL:OK MOM:0.34% RANGE:0.54% UP:46.66% SPREAD:0.64436653% BID:1.0553 ASK:1.0621 STATE:IN_POS
[2026-02-28 05:56:46] CHK EMA1m:OK EMA5m:OK RSI:68.50984067 VOL:OK MOM:0.41% RANGE:0.54% UP:53.33% SPREAD:0.81462536% BID:1.0557 ASK:1.0643 STATE:IN_POS
[2026-02-28 05:56:47] CHK EMA1m:OK EMA5m:OK RSI:68.53932584 VOL:OK MOM:0.42% RANGE:0.54% UP:56.25% SPREAD:0.80507671% BID:1.0558 ASK:1.0643 STATE:IN_POS
[2026-02-28 05:56:48] CHK EMA1m:OK EMA5m:OK RSI:68.53932584 VOL:OK MOM:0.17% RANGE:0.54% UP:5E+1% SPREAD:0.48304603% BID:1.0558 ASK:1.0609 STATE:IN_POS
[2026-02-28 05:56:50] CHK EMA1m:OK EMA5m:OK RSI:68.53932584 VOL:OK MOM:0.14% RANGE:0.54% UP:47.05% SPREAD:0.38844149% BID:1.0555 ASK:1.0596 STATE:IN_POS
[2026-02-28 05:56:51] CHK EMA1m:OK EMA5m:OK RSI:68.53932584 VOL:OK MOM:0.2% RANGE:0.54% UP:47.05% SPREAD:0.17053529% BID:1.0555 ASK:1.0573 STATE:IN_POS
[2026-02-28 05:56:52] CHK EMA1m:OK EMA5m:OK RSI:68.53932584 VOL:OK MOM:0.05% RANGE:0.54% UP:41.17% SPREAD:0.22738038% BID:1.0555 ASK:1.0579 STATE:IN_POS
[2026-02-28 05:56:53] CHK EMA1m:OK EMA5m:OK RSI:68.53932584 VOL:OK MOM:-0% RANGE:0.54% UP:35.29% SPREAD:0.20843202% BID:1.0555 ASK:1.0577 STATE:IN_POS
[2026-02-28 05:56:54] CHK EMA1m:OK EMA5m:OK RSI:68.53932584 VOL:OK MOM:-0% RANGE:0.54% UP:33.33% SPREAD:0.36001894% BID:1.0555 ASK:1.0593 STATE:IN_POS
[2026-02-28 05:56:56] CHK EMA1m:OK EMA5m:OK RSI:68.50984067 VOL:OK MOM:0.46% RANGE:0.54% UP:33.33% SPREAD:0.18948365% BID:1.0555 ASK:1.0575 STATE:IN_POS
[2026-02-28 05:56:57] CHK EMA1m:OK EMA5m:OK RSI:68.50984067 VOL:OK MOM:0.13% RANGE:0.53% UP:23.52% SPREAD:0.50361079% BID:1.0524 ASK:1.0577 STATE:IN_POS
[2026-02-28 05:56:57] CHK EMA1m:OK EMA5m:OK RSI:68.50984067 VOL:OK MOM:0.23% RANGE:0.53% UP:29.41% SPREAD:0.43676414% BID:1.0532 ASK:1.0578 STATE:IN_POS
[2026-02-28 05:56:58] CHK EMA1m:OK EMA5m:OK RSI:68.50984067 VOL:OK MOM:0.22% RANGE:0.51% UP:29.41% SPREAD:0.45571062% BID:1.0533 ASK:1.0581 STATE:IN_POS
[2026-02-28 05:56:59] CHK EMA1m:OK EMA5m:OK RSI:68.50984067 VOL:OK MOM:0.24% RANGE:0.51% UP:33.33% SPREAD:0.79734219% BID:1.0535 ASK:1.0619 STATE:IN_POS
[2026-02-28 05:57:01] CHK EMA1m:OK EMA5m:OK RSI:68.50984067 VOL:OK MOM:0.05% RANGE:0.42% UP:33.33% SPREAD:0.45415838% BID:1.0569 ASK:1.0617 STATE:IN_POS
[2026-02-28 05:57:02] CHK EMA1m:OK EMA5m:OK RSI:67.78523489 VOL:NO MOM:0.07% RANGE:0.42% UP:35.29% SPREAD:0.45441635% BID:1.0563 ASK:1.0611 STATE:IN_POS
[2026-02-28 05:57:03] CHK EMA1m:OK EMA5m:OK RSI:67.78523489 VOL:NO MOM:0.23% RANGE:0.53% UP:41.17% SPREAD:0.34971644% BID:1.058 ASK:1.0617 STATE:IN_POS
[2026-02-28 05:57:04] CHK EMA1m:OK EMA5m:OK RSI:67.78523489 VOL:NO MOM:0.24% RANGE:0.53% UP:41.17% SPREAD:0.3497495% BID:1.0579 ASK:1.0616 STATE:IN_POS
[2026-02-28 05:57:05] CHK EMA1m:OK EMA5m:OK RSI:67.78523489 VOL:NO MOM:0.19% RANGE:0.53% UP:38.88% SPREAD:0.38774352% BID:1.0574 ASK:1.0615 STATE:IN_POS
[2026-02-28 05:57:06] CHK EMA1m:OK EMA5m:OK RSI:67.78523489 VOL:NO MOM:0.42% RANGE:0.74% UP:38.88% SPREAD:0.43388039% BID:1.0602 ASK:1.0648 STATE:IN_POS
[2026-02-28 05:57:07] CHK EMA1m:OK EMA5m:OK RSI:67.78523489 VOL:NO MOM:0.45% RANGE:0.77% UP:41.17% SPREAD:0.41485951% BID:1.0606 ASK:1.065 STATE:IN_POS
[2026-02-28 05:57:08] CHK EMA1m:OK EMA5m:OK RSI:67.78523489 VOL:NO MOM:0.44% RANGE:0.77% UP:41.17% SPREAD:0.45274476% BID:1.0602 ASK:1.065 STATE:IN_POS
[2026-02-28 05:57:09] CHK EMA1m:OK EMA5m:OK RSI:71.50127226 VOL:OK MOM:0.53% RANGE:0.82% UP:47.05% SPREAD:0.75393459% BID:1.0611 ASK:1.0691 STATE:IN_POS
[2026-02-28 05:57:10] CHK EMA1m:OK EMA5m:OK RSI:71.50127226 VOL:OK MOM:0.54% RANGE:0.84% UP:5E+1% SPREAD:0.7349477% BID:1.0613 ASK:1.0691 STATE:IN_POS
[2026-02-28 05:57:11] CHK EMA1m:OK EMA5m:OK RSI:71.50127226 VOL:OK MOM:1.03% RANGE:1.33% UP:55.55% SPREAD:0.24381095% BID:1.0664 ASK:1.069 STATE:IN_POS
[2026-02-28 05:57:12] CHK EMA1m:OK EMA5m:OK RSI:71.50127226 VOL:OK MOM:0.84% RANGE:1.33% UP:55.55% SPREAD:0.59188275% BID:1.0644 ASK:1.0707 STATE:IN_POS
[2026-02-28 05:57:13] CHK EMA1m:OK EMA5m:OK RSI:71.50127226 VOL:OK MOM:0.89% RANGE:1.33% UP:61.11% SPREAD:0.54465208% BID:1.0649 ASK:1.0707 STATE:IN_POS
[2026-02-28 05:57:14] CHK EMA1m:OK EMA5m:OK RSI:71.50127226 VOL:OK MOM:0.89% RANGE:1.33% UP:61.11% SPREAD:0.53526152% BID:1.0649 ASK:1.0706 STATE:IN_POS
[2026-02-28 05:57:15] CHK EMA1m:OK EMA5m:OK RSI:71.50127226 VOL:OK MOM:1.19% RANGE:1.33% UP:66.66% SPREAD:0.51643192% BID:1.065 ASK:1.0705 STATE:IN_POS
[2026-02-28 05:57:18] CHK EMA1m:OK EMA5m:OK RSI:71.50127226 VOL:OK MOM:1.14% RANGE:1.33% UP:63.15% SPREAD:0.40398346% BID:1.0644 ASK:1.0687 STATE:IN_POS
[2026-02-28 05:57:19] CHK EMA1m:OK EMA5m:OK RSI:71.40425531 VOL:OK MOM:0.87% RANGE:1.22% UP:52.94% SPREAD:0.54577961% BID:1.0627 ASK:1.0685 STATE:IN_POS
[2026-02-28 05:57:20] CHK EMA1m:OK EMA5m:OK RSI:71.40425531 VOL:OK MOM:0.52% RANGE:0.95% UP:47.05% SPREAD:0.57417168% BID:1.0624 ASK:1.0685 STATE:IN_POS
[2026-02-28 05:57:21] CHK EMA1m:OK EMA5m:OK RSI:71.40425531 VOL:OK MOM:0.71% RANGE:0.95% UP:52.94% SPREAD:0.37597518% BID:1.0639 ASK:1.0679 STATE:IN_POS
[2026-02-28 05:57:22] CHK EMA1m:OK EMA5m:OK RSI:71.40425531 VOL:OK MOM:0.59% RANGE:0.85% UP:52.94% SPREAD:0.36643803% BID:1.0643 ASK:1.0682 STATE:IN_POS
[2026-02-28 05:57:23] CHK EMA1m:OK EMA5m:OK RSI:71.40425531 VOL:OK MOM:0.77% RANGE:0.85% UP:58.82% SPREAD:0.3845793% BID:1.0661 ASK:1.0702 STATE:IN_POS
[2026-02-28 05:57:24] CHK EMA1m:OK EMA5m:OK RSI:71.40425531 VOL:OK MOM:0.98% RANGE:0.98% UP:64.7% SPREAD:0.34650683% BID:1.0678 ASK:1.0715 STATE:IN_POS
[2026-02-28 05:57:25] CHK EMA1m:OK EMA5m:OK RSI:71.40425531 VOL:OK MOM:0.66% RANGE:0.71% UP:58.82% SPREAD:0.51536731% BID:1.0672 ASK:1.0727 STATE:IN_POS
[2026-02-28 05:57:26] CHK EMA1m:OK EMA5m:OK RSI:71.40425531 VOL:OK MOM:0.63% RANGE:0.71% UP:58.82% SPREAD:0.50594959% BID:1.0673 ASK:1.0727 STATE:IN_POS
[2026-02-28 05:57:28] CHK EMA1m:OK EMA5m:OK RSI:71.40425531 VOL:OK MOM:0.59% RANGE:0.71% UP:58.82% SPREAD:0.57196436% BID:1.0665 ASK:1.0726 STATE:IN_POS
[2026-02-28 05:57:29] CHK EMA1m:OK EMA5m:OK RSI:71.40425531 VOL:OK MOM:0.52% RANGE:0.63% UP:58.82% SPREAD:0.55310771% BID:1.0667 ASK:1.0726 STATE:IN_POS
[2026-02-28 05:57:30] CHK EMA1m:OK EMA5m:OK RSI:71.40425531 VOL:OK MOM:0.5% RANGE:0.61% UP:52.94% SPREAD:0.58123183% BID:1.0667 ASK:1.0729 STATE:IN_POS
[2026-02-28 05:57:31] CHK EMA1m:OK EMA5m:OK RSI:71.40425531 VOL:OK MOM:0.14% RANGE:0.51% UP:52.94% SPREAD:0.46820863% BID:1.0679 ASK:1.0729 STATE:IN_POS
[2026-02-28 05:57:32] CHK EMA1m:OK EMA5m:OK RSI:71.40425531 VOL:OK MOM:0.23% RANGE:0.51% UP:52.94% SPREAD:0.44052863% BID:1.0669 ASK:1.0716 STATE:IN_POS
[2026-02-28 05:57:33] CHK EMA1m:OK EMA5m:OK RSI:71.40425531 VOL:OK MOM:0.09% RANGE:0.51% UP:47.05% SPREAD:0.52537761% BID:1.0659 ASK:1.0715 STATE:IN_POS
[2026-02-28 05:57:34] CHK EMA1m:OK EMA5m:OK RSI:71.40425531 VOL:OK MOM:0.1% RANGE:0.51% UP:52.94% SPREAD:0.49718574% BID:1.066 ASK:1.0713 STATE:IN_POS
[2026-02-28 05:57:35] CHK EMA1m:OK EMA5m:OK RSI:71.40425531 VOL:OK MOM:0.03% RANGE:0.51% UP:47.05% SPREAD:0.55378261% BID:1.0654 ASK:1.0713 STATE:IN_POS
[2026-02-28 05:57:36] CHK EMA1m:OK EMA5m:OK RSI:71.40425531 VOL:OK MOM:-0.1% RANGE:0.51% UP:47.05% SPREAD:0.50785291% BID:1.0633 ASK:1.0687 STATE:IN_POS
[2026-02-28 05:57:37] CHK EMA1m:OK EMA5m:OK RSI:71.40425531 VOL:OK MOM:-0.1% RANGE:0.59% UP:47.05% SPREAD:0.50866616% BID:1.0616 ASK:1.067 STATE:IN_POS
[2026-02-28 05:57:39] CHK EMA1m:OK EMA5m:OK RSI:71.40425531 VOL:OK MOM:-0.09% RANGE:0.59% UP:5E+1% SPREAD:0.6499011% BID:1.0617 ASK:1.0686 STATE:IN_POS
[2026-02-28 05:57:40] CHK EMA1m:OK EMA5m:OK RSI:71.40425531 VOL:OK MOM:-0.21% RANGE:0.59% UP:47.05% SPREAD:0.53692539% BID:1.0616 ASK:1.0673 STATE:IN_POS
[2026-02-28 05:57:41] CHK EMA1m:OK EMA5m:OK RSI:71.40425531 VOL:OK MOM:-0.1% RANGE:0.59% UP:5E+1% SPREAD:0.52691004% BID:1.0628 ASK:1.0684 STATE:IN_POS
[2026-02-28 05:57:42] CHK EMA1m:OK EMA5m:OK RSI:71.40425531 VOL:OK MOM:-0.01% RANGE:0.59% UP:5E+1% SPREAD:0.42289258% BID:1.0641 ASK:1.0686 STATE:IN_POS
[2026-02-28 05:57:43] CHK EMA1m:OK EMA5m:OK RSI:71.40425531 VOL:OK MOM:-0.16% RANGE:0.59% UP:5E+1% SPREAD:0.42281311% BID:1.0643 ASK:1.0688 STATE:IN_POS
[2026-02-28 05:57:44] CHK EMA1m:OK EMA5m:OK RSI:71.40425531 VOL:OK MOM:-0.37% RANGE:0.59% UP:44.44% SPREAD:0.47001316% BID:1.0638 ASK:1.0688 STATE:IN_POS
[2026-02-28 05:57:45] CHK EMA1m:OK EMA5m:OK RSI:71.40425531 VOL:OK MOM:-0.29% RANGE:0.59% UP:5E+1% SPREAD:0.60144723% BID:1.0641 ASK:1.0705 STATE:IN_POS
[2026-02-28 05:57:46] CHK EMA1m:OK EMA5m:OK RSI:71.40425531 VOL:OK MOM:-0.29% RANGE:0.59% UP:5E+1% SPREAD:0.59199398% BID:1.0642 ASK:1.0705 STATE:IN_POS
[2026-02-28 05:57:47] CHK EMA1m:OK EMA5m:OK RSI:71.40425531 VOL:OK MOM:-0.21% RANGE:0.59% UP:5E+1% SPREAD:0.40405938% BID:1.0642 ASK:1.0685 STATE:IN_POS
[2026-02-28 05:57:48] CHK EMA1m:OK EMA5m:OK RSI:71.40425531 VOL:OK MOM:-0.23% RANGE:0.59% UP:44.44% SPREAD:0.40405938% BID:1.0642 ASK:1.0685 STATE:IN_POS
[2026-02-28 05:57:49] CHK EMA1m:OK EMA5m:OK RSI:71.40425531 VOL:OK MOM:-0.15% RANGE:0.59% UP:5E+1% SPREAD:0.33802816% BID:1.065 ASK:1.0686 STATE:IN_POS
[2026-02-28 05:57:50] CHK EMA1m:OK EMA5m:OK RSI:71.40425531 VOL:OK MOM:-0.1% RANGE:0.59% UP:5E+1% SPREAD:0.1687289% BID:1.0668 ASK:1.0686 STATE:IN_POS
[2026-02-28 05:57:51] CHK EMA1m:OK EMA5m:OK RSI:71.40425531 VOL:OK MOM:-0.06% RANGE:0.49% UP:5E+1% SPREAD:0.22509848% BID:1.0662 ASK:1.0686 STATE:IN_POS
[2026-02-28 05:57:52] CHK EMA1m:OK EMA5m:OK RSI:71.40425531 VOL:OK MOM:0.02% RANGE:0.48% UP:5E+1% SPREAD:0.22509848% BID:1.0662 ASK:1.0686 STATE:IN_POS
[2026-02-28 05:57:53] CHK EMA1m:OK EMA5m:OK RSI:71.40425531 VOL:OK MOM:0.01% RANGE:0.48% UP:44.44% SPREAD:0.22509848% BID:1.0662 ASK:1.0686 STATE:IN_POS
[2026-02-28 05:57:55] CHK EMA1m:OK EMA5m:OK RSI:71.37989778 VOL:OK MOM:0.15% RANGE:0.5% UP:5E+1% SPREAD:0.33739456% BID:1.067 ASK:1.0706 STATE:IN_POS
[2026-02-28 05:57:56] CHK EMA1m:OK EMA5m:OK RSI:71.40425531 VOL:OK MOM:0.16% RANGE:0.5% UP:5E+1% SPREAD:0.48821706% BID:1.0651 ASK:1.0703 STATE:IN_POS
[2026-02-28 05:57:57] CHK EMA1m:OK EMA5m:OK RSI:71.40425531 VOL:OK MOM:0.31% RANGE:0.5% UP:5E+1% SPREAD:0.57282373% BID:1.0649 ASK:1.071 STATE:IN_POS
[2026-02-28 05:57:58] CHK EMA1m:OK EMA5m:OK RSI:71.40425531 VOL:OK MOM:0.21% RANGE:0.5% UP:44.44% SPREAD:0.63909774% BID:1.064 ASK:1.0708 STATE:IN_POS
[2026-02-28 05:57:59] CHK EMA1m:OK EMA5m:OK RSI:71.40425531 VOL:OK MOM:0.26% RANGE:0.5% UP:5E+1% SPREAD:0.46974821% BID:1.0644 ASK:1.0694 STATE:IN_POS
[2026-02-28 05:58:00] CHK EMA1m:OK EMA5m:OK RSI:71.40425531 VOL:OK MOM:0.16% RANGE:0.5% UP:47.36% SPREAD:0.60189974% BID:1.0633 ASK:1.0697 STATE:IN_POS
[2026-02-28 05:58:01] CHK EMA1m:OK EMA5m:OK RSI:72.51512532 VOL:NO MOM:-0.17% RANGE:0.45% UP:38.88% SPREAD:0.63076633% BID:1.0622 ASK:1.0689 STATE:IN_POS
[2026-02-28 05:58:02] CHK EMA1m:OK EMA5m:OK RSI:69.28158546 VOL:OK MOM:-0.28% RANGE:0.53% UP:33.33% SPREAD:0.51823235% BID:1.0613 ASK:1.0668 STATE:IN_POS
[2026-02-28 05:58:03] CHK EMA1m:OK EMA5m:OK RSI:69.28158546 VOL:OK MOM:-0.19% RANGE:0.53% UP:38.88% SPREAD:0.55571253% BID:1.0617 ASK:1.0676 STATE:IN_POS
[2026-02-28 05:58:04] CHK EMA1m:OK EMA5m:OK RSI:69.28158546 VOL:OK MOM:-0.15% RANGE:0.53% UP:38.88% SPREAD:0.58352941% BID:1.0625 ASK:1.0687 STATE:IN_POS
[2026-02-28 05:58:05] CHK EMA1m:OK EMA5m:OK RSI:69.28158546 VOL:OK MOM:-0.13% RANGE:0.53% UP:42.1% SPREAD:0.60223957% BID:1.0627 ASK:1.0691 STATE:IN_POS
[2026-02-28 05:58:06] CHK EMA1m:OK EMA5m:OK RSI:69.28158546 VOL:OK MOM:-0.14% RANGE:0.53% UP:38.88% SPREAD:0.5645996% BID:1.0627 ASK:1.0687 STATE:IN_POS
[2026-02-28 05:58:07] CHK EMA1m:OK EMA5m:OK RSI:69.28158546 VOL:OK MOM:-0.14% RANGE:0.53% UP:38.88% SPREAD:0.50813964% BID:1.0627 ASK:1.0681 STATE:IN_POS
[2026-02-28 05:58:08] CHK EMA1m:OK EMA5m:OK RSI:69.28158546 VOL:OK MOM:-0.21% RANGE:0.53% UP:33.33% SPREAD:0.50813964% BID:1.0627 ASK:1.0681 STATE:IN_POS
[2026-02-28 05:58:09] CHK EMA1m:OK EMA5m:OK RSI:69.28158546 VOL:OK MOM:-0.38% RANGE:0.53% UP:27.77% SPREAD:0.50813964% BID:1.0627 ASK:1.0681 STATE:IN_POS
[2026-02-28 05:58:11] CHK EMA1m:OK EMA5m:OK RSI:69.28158546 VOL:OK MOM:-0.38% RANGE:0.53% UP:26.31% SPREAD:0.48931965% BID:1.0627 ASK:1.0679 STATE:IN_POS
[2026-02-28 05:58:12] CHK EMA1m:OK EMA5m:OK RSI:69.28158546 VOL:OK MOM:-0.32% RANGE:0.53% UP:27.77% SPREAD:0.45167968% BID:1.0627 ASK:1.0675 STATE:IN_POS
[2026-02-28 05:58:12] CHK EMA1m:OK EMA5m:OK RSI:69.28158546 VOL:OK MOM:-0.3% RANGE:0.53% UP:33.33% SPREAD:0.56449336% BID:1.0629 ASK:1.0689 STATE:IN_POS
[2026-02-28 05:58:13] CHK EMA1m:OK EMA5m:OK RSI:69.28158546 VOL:OK MOM:-0.38% RANGE:0.53% UP:27.77% SPREAD:0.47041113% BID:1.0629 ASK:1.0679 STATE:IN_POS
[2026-02-28 05:58:14] CHK EMA1m:OK EMA5m:OK RSI:69.28158546 VOL:OK MOM:-0.2% RANGE:0.35% UP:27.77% SPREAD:0.48922758% BID:1.0629 ASK:1.0681 STATE:IN_POS
[2026-02-28 05:58:16] CHK EMA1m:OK EMA5m:OK RSI:68.26688364 VOL:OK MOM:-0.32% RANGE:0.35% UP:26.31% SPREAD:0.54634513% BID:1.0616 ASK:1.0674 STATE:IN_POS
[2026-02-28 05:58:17] CHK EMA1m:OK EMA5m:OK RSI:68.26688364 VOL:OK MOM:-0.22% RANGE:0.29% UP:27.77% SPREAD:0.4521477% BID:1.0616 ASK:1.0664 STATE:IN_POS
[2026-02-28 05:58:19] CHK EMA1m:OK EMA5m:OK RSI:68.26688364 VOL:OK MOM:-0.26% RANGE:0.29% UP:22.22% SPREAD:0.4521477% BID:1.0616 ASK:1.0664 STATE:IN_POS
[2026-02-28 05:58:20] CHK EMA1m:OK EMA5m:OK RSI:68.26688364 VOL:OK MOM:-0.05% RANGE:0.15% UP:23.52% SPREAD:0.5180859% BID:1.0616 ASK:1.0671 STATE:IN_POS
[2026-02-28 05:58:21] CHK EMA1m:OK EMA5m:OK RSI:68.26688364 VOL:OK MOM:-0.05% RANGE:0.15% UP:22.22% SPREAD:0.46156744% BID:1.0616 ASK:1.0665 STATE:IN_POS
[2026-02-28 05:58:22] CHK EMA1m:OK EMA5m:OK RSI:68.26688364 VOL:OK MOM:-0% RANGE:0.12% UP:17.64% SPREAD:0.36737% BID:1.0616 ASK:1.0655 STATE:IN_POS
[2026-02-28 05:58:23] CHK EMA1m:OK EMA5m:OK RSI:68.26688364 VOL:OK MOM:-0.19% RANGE:0.23% UP:11.76% SPREAD:0.42436816% BID:1.0604 ASK:1.0649 STATE:IN_POS
[2026-02-28 05:58:24] CHK EMA1m:OK EMA5m:OK RSI:68.26688364 VOL:OK MOM:-0.38% RANGE:0.4% UP:5.88% SPREAD:0.3684111% BID:1.0586 ASK:1.0625 STATE:IN_POS
[2026-02-28 05:58:25] CHK EMA1m:OK EMA5m:OK RSI:68.26688364 VOL:OK MOM:-0.38% RANGE:0.4% UP:5.88% SPREAD:0.3684111% BID:1.0586 ASK:1.0625 STATE:IN_POS
[2026-02-28 05:58:27] CHK EMA1m:OK EMA5m:OK RSI:68.26688364 VOL:OK MOM:-0.38% RANGE:0.4% UP:5.55% SPREAD:0.3684111% BID:1.0586 ASK:1.0625 STATE:IN_POS
[2026-02-28 05:58:28] CHK EMA1m:OK EMA5m:OK RSI:68.26688364 VOL:OK MOM:-0.38% RANGE:0.4% UP:5.88% SPREAD:0.38730398% BID:1.0586 ASK:1.0627 STATE:IN_POS
[2026-02-28 05:58:29] CHK EMA1m:OK EMA5m:OK RSI:68.26688364 VOL:OK MOM:-0.38% RANGE:0.4% UP:5.88% SPREAD:0.50066125% BID:1.0586 ASK:1.0639 STATE:IN_POS
[2026-02-28 05:58:29] CHK EMA1m:OK EMA5m:OK RSI:68.26688364 VOL:OK MOM:-0.38% RANGE:0.4% UP:5.88% SPREAD:0.59512563% BID:1.0586 ASK:1.0649 STATE:IN_POS
[2026-02-28 05:58:30] CHK EMA1m:OK EMA5m:OK RSI:68.26688364 VOL:OK MOM:-0.38% RANGE:0.4% UP:5.88% SPREAD:0.46287549% BID:1.0586 ASK:1.0635 STATE:IN_POS
[2026-02-28 05:58:32] CHK EMA1m:OK EMA5m:OK RSI:68.26688364 VOL:OK MOM:-0.38% RANGE:0.4% UP:5.55% SPREAD:0.45342905% BID:1.0586 ASK:1.0634 STATE:IN_POS
[2026-02-28 05:58:33] CHK EMA1m:OK EMA5m:OK RSI:68.26688364 VOL:OK MOM:-0.07% RANGE:0.4% UP:5.88% SPREAD:0.64024103% BID:1.0621 ASK:1.0689 STATE:IN_POS
[2026-02-28 05:58:34] CHK EMA1m:OK EMA5m:OK RSI:68.26688364 VOL:OK MOM:-0.07% RANGE:0.4% UP:5.88% SPREAD:0.64024103% BID:1.0621 ASK:1.0689 STATE:IN_POS
[2026-02-28 05:58:35] CHK EMA1m:OK EMA5m:OK RSI:68.26688364 VOL:OK MOM:0.04% RANGE:0.33% UP:5.88% SPREAD:0.43310422% BID:1.0621 ASK:1.0667 STATE:IN_POS
[2026-02-28 05:58:36] CHK EMA1m:OK EMA5m:OK RSI:68.26688364 VOL:OK MOM:-0.07% RANGE:0.33% UP:5.88% SPREAD:0.34879336% BID:1.0608 ASK:1.0645 STATE:IN_POS
[2026-02-28 05:58:38] CHK EMA1m:OK EMA5m:OK RSI:68.26688364 VOL:OK MOM:-0.07% RANGE:0.33% UP:5.88% SPREAD:0.36764705% BID:1.0608 ASK:1.0647 STATE:IN_POS
[2026-02-28 05:58:39] CHK EMA1m:OK EMA5m:OK RSI:68.26688364 VOL:OK MOM:-0.07% RANGE:0.33% UP:5.88% SPREAD:0.68815987% BID:1.0608 ASK:1.0681 STATE:IN_POS
[2026-02-28 05:58:40] CHK EMA1m:OK EMA5m:OK RSI:68.26688364 VOL:OK MOM:-0.07% RANGE:0.33% UP:5.55% SPREAD:0.68815987% BID:1.0608 ASK:1.0681 STATE:IN_POS
[2026-02-28 05:58:41] CHK EMA1m:OK EMA5m:OK RSI:68.26688364 VOL:OK MOM:-0.07% RANGE:0.33% UP:5.55% SPREAD:0.55618401% BID:1.0608 ASK:1.0667 STATE:IN_POS
[2026-02-28 05:58:41] CHK EMA1m:OK EMA5m:OK RSI:68.26688364 VOL:OK MOM:-0.07% RANGE:0.33% UP:5.55% SPREAD:0.47134238% BID:1.0608 ASK:1.0658 STATE:IN_POS
[2026-02-28 05:58:43] CHK EMA1m:OK EMA5m:OK RSI:68.26688364 VOL:OK MOM:0.03% RANGE:0.33% UP:5.55% SPREAD:0.51847662% BID:1.0608 ASK:1.0663 STATE:IN_POS
[2026-02-28 05:58:44] CHK EMA1m:OK EMA5m:OK RSI:68.26688364 VOL:OK MOM:0.2% RANGE:0.33% UP:5.55% SPREAD:0.50904977% BID:1.0608 ASK:1.0662 STATE:IN_POS
[2026-02-28 05:58:45] CHK EMA1m:OK EMA5m:OK RSI:68.26688364 VOL:OK MOM:0.2% RANGE:0.33% UP:5.55% SPREAD:0.50904977% BID:1.0608 ASK:1.0662 STATE:IN_POS
[2026-02-28 05:58:46] CHK EMA1m:OK EMA5m:OK RSI:68.26688364 VOL:OK MOM:0.2% RANGE:0.33% UP:5.55% SPREAD:0.51847662% BID:1.0608 ASK:1.0663 STATE:IN_POS
[2026-02-28 05:58:47] CHK EMA1m:OK EMA5m:OK RSI:68.26688364 VOL:OK MOM:0.2% RANGE:0.33% UP:5.55% SPREAD:0.46191553% BID:1.0608 ASK:1.0657 STATE:IN_POS
[2026-02-28 05:58:48] CHK EMA1m:OK EMA5m:OK RSI:68.26688364 VOL:OK MOM:0.2% RANGE:0.33% UP:5.55% SPREAD:0.49962292% BID:1.0608 ASK:1.0661 STATE:IN_POS
[2026-02-28 05:58:49] CHK EMA1m:OK EMA5m:OK RSI:68.26688364 VOL:OK MOM:0.2% RANGE:0.33% UP:5.55% SPREAD:0.53733031% BID:1.0608 ASK:1.0665 STATE:IN_POS
[2026-02-28 05:58:50] CHK EMA1m:OK EMA5m:OK RSI:68.26688364 VOL:OK MOM:0.2% RANGE:0.33% UP:5.55% SPREAD:0.5938914% BID:1.0608 ASK:1.0671 STATE:IN_POS
[2026-02-28 05:58:51] CHK EMA1m:OK EMA5m:OK RSI:68.26688364 VOL:OK MOM:0.22% RANGE:0.33% UP:11.11% SPREAD:0.74458058% BID:1.061 ASK:1.0689 STATE:IN_POS
[2026-02-28 05:58:52] CHK EMA1m:OK EMA5m:OK RSI:68.26688364 VOL:OK MOM:-0.1% RANGE:0.12% UP:5.55% SPREAD:0.7068803% BID:1.061 ASK:1.0685 STATE:IN_POS
[2026-02-28 05:58:54] CHK EMA1m:OK EMA5m:OK RSI:68.26688364 VOL:OK MOM:-0.1% RANGE:0.12% UP:5.26% SPREAD:0.83883129% BID:1.061 ASK:1.0699 STATE:IN_POS
[2026-02-28 05:58:54] CHK EMA1m:OK EMA5m:OK RSI:68.26688364 VOL:OK MOM:-0.1% RANGE:0.12% UP:5.55% SPREAD:0.81998114% BID:1.061 ASK:1.0697 STATE:IN_POS
[2026-02-28 05:58:55] CHK EMA1m:OK EMA5m:OK RSI:68.26688364 VOL:OK MOM:0.07% RANGE:0.07% UP:11.11% SPREAD:0.80067822% BID:1.0616 ASK:1.0701 STATE:IN_POS
[2026-02-28 05:58:56] CHK EMA1m:OK EMA5m:OK RSI:68.26688364 VOL:OK MOM:0.07% RANGE:0.07% UP:11.11% SPREAD:0.8195177% BID:1.0616 ASK:1.0703 STATE:IN_POS
[2026-02-28 05:58:57] CHK EMA1m:OK EMA5m:OK RSI:68.26688364 VOL:OK MOM:0.14% RANGE:0.14% UP:16.66% SPREAD:0.82839122% BID:1.0623 ASK:1.0711 STATE:IN_POS
[2026-02-28 05:58:59] CHK EMA1m:OK EMA5m:OK RSI:68.26688364 VOL:OK MOM:0.14% RANGE:0.14% UP:15.78% SPREAD:0.82839122% BID:1.0623 ASK:1.0711 STATE:IN_POS
[2026-02-28 05:59:00] CHK EMA1m:OK EMA5m:OK RSI:68.26688364 VOL:OK MOM:0.14% RANGE:0.14% UP:16.66% SPREAD:0.86604537% BID:1.0623 ASK:1.0715 STATE:IN_POS
[2026-02-28 05:59:01] CHK EMA1m:OK EMA5m:OK RSI:68.26688364 VOL:OK MOM:0.14% RANGE:0.14% UP:16.66% SPREAD:0.84721829% BID:1.0623 ASK:1.0713 STATE:IN_POS
[2026-02-28 05:59:02] CHK EMA1m:OK EMA5m:OK RSI:73.66110623 VOL:NO MOM:0.14% RANGE:0.14% UP:16.66% SPREAD:0.86604537% BID:1.0623 ASK:1.0715 STATE:IN_POS
[2026-02-28 05:59:03] CHK EMA1m:OK EMA5m:OK RSI:73.66110623 VOL:NO MOM:0.14% RANGE:0.14% UP:16.66% SPREAD:0.86604537% BID:1.0623 ASK:1.0715 STATE:IN_POS
[2026-02-28 05:59:04] CHK EMA1m:OK EMA5m:OK RSI:73.66110623 VOL:NO MOM:0.14% RANGE:0.14% UP:15.78% SPREAD:0.84721829% BID:1.0623 ASK:1.0713 STATE:IN_POS
[2026-02-28 05:59:05] CHK EMA1m:OK EMA5m:OK RSI:73.66110623 VOL:NO MOM:0.14% RANGE:0.14% UP:16.66% SPREAD:0.88487244% BID:1.0623 ASK:1.0717 STATE:IN_POS
[2026-02-28 05:59:06] CHK EMA1m:OK EMA5m:OK RSI:76.05746209 VOL:OK MOM:0.7% RANGE:0.7% UP:22.22% SPREAD:0.38378732% BID:1.0683 ASK:1.0724 STATE:IN_POS
[2026-02-28 05:59:07] CHK EMA1m:OK EMA5m:OK RSI:76.05746209 VOL:OK MOM:0.6% RANGE:0.7% UP:22.22% SPREAD:0.33733133% BID:1.0672 ASK:1.0708 STATE:IN_POS
[2026-02-28 05:59:08] CHK EMA1m:OK EMA5m:OK RSI:76.05746209 VOL:OK MOM:0.6% RANGE:0.7% UP:22.22% SPREAD:0.33733133% BID:1.0672 ASK:1.0708 STATE:IN_POS
[2026-02-28 05:59:09] CHK EMA1m:OK EMA5m:OK RSI:76.05746209 VOL:OK MOM:0.33% RANGE:0.7% UP:21.05% SPREAD:0.60127771% BID:1.0644 ASK:1.0708 STATE:IN_POS
[2026-02-28 05:59:10] CHK EMA1m:OK EMA5m:OK RSI:76.05746209 VOL:OK MOM:0.36% RANGE:0.68% UP:22.22% SPREAD:0.35684101% BID:1.0649 ASK:1.0687 STATE:IN_POS
[2026-02-28 05:59:11] CHK EMA1m:OK EMA5m:OK RSI:76.05746209 VOL:OK MOM:0.42% RANGE:0.68% UP:27.77% SPREAD:0.4035664% BID:1.0655 ASK:1.0698 STATE:IN_POS
[2026-02-28 05:59:12] CHK EMA1m:OK EMA5m:OK RSI:76.05746209 VOL:OK MOM:0.4% RANGE:0.68% UP:27.77% SPREAD:0.34732% BID:1.0653 ASK:1.069 STATE:IN_POS
[2026-02-28 05:59:13] CHK EMA1m:OK EMA5m:OK RSI:76.05746209 VOL:OK MOM:0.64% RANGE:0.68% UP:33.33% SPREAD:0.50571268% BID:1.0678 ASK:1.0732 STATE:IN_POS
[2026-02-28 05:59:15] CHK EMA1m:OK EMA5m:OK RSI:76.05746209 VOL:OK MOM:0.27% RANGE:0.68% UP:31.57% SPREAD:0.80834664% BID:1.0639 ASK:1.0725 STATE:IN_POS
[2026-02-28 05:59:16] CHK EMA1m:OK EMA5m:OK RSI:76.05746209 VOL:OK MOM:0.22% RANGE:0.63% UP:33.33% SPREAD:0.60150375% BID:1.064 ASK:1.0704 STATE:IN_POS
[2026-02-28 05:59:17] CHK EMA1m:OK EMA5m:OK RSI:74.24892703 VOL:OK MOM:-0.14% RANGE:0.7% UP:27.77% SPREAD:0.62217194% BID:1.0608 ASK:1.0674 STATE:IN_POS
[2026-02-28 05:59:17] SELL symbol=BARDUSDC qty=8.9 exit=1.0608 pnl=0.04717000000000073 reason=TRAIL profile=major
[2026-02-28 05:59:28] CHK EMA1m:OK EMA5m:OK RSI:73.21116928 VOL:OK MOM:-0.36% RANGE:0.65% UP:27.58% SPREAD:0.31035455% BID:1.0633 ASK:1.0666 STATE:IDLE
[2026-02-28 05:59:28] DECIDE_HOLD reason=HOLD_SPREAD spread=0.3104% mom=-0.3654% range=0.6599% up=27.59% rsi=73.21116928446762
[2026-02-28 05:59:29] CHK EMA1m:OK EMA5m:OK RSI:73.21116928 VOL:OK MOM:-0.15% RANGE:0.65% UP:25% SPREAD:0.31035455% BID:1.0633 ASK:1.0666 STATE:IDLE
[2026-02-28 05:59:30] CHK EMA1m:OK EMA5m:OK RSI:73.21116928 VOL:OK MOM:-0.17% RANGE:0.65% UP:24.13% SPREAD:0.3010348% BID:1.063 ASK:1.0662 STATE:IDLE
[2026-02-28 05:59:31] CHK EMA1m:OK EMA5m:OK RSI:73.21116928 VOL:OK MOM:-0.23% RANGE:0.65% UP:20.68% SPREAD:0.3010348% BID:1.063 ASK:1.0662 STATE:IDLE
[2026-02-28 05:59:32] CHK EMA1m:OK EMA5m:OK RSI:73.21116928 VOL:OK MOM:-0.61% RANGE:0.85% UP:20.68% SPREAD:0.50061396% BID:1.0587 ASK:1.064 STATE:IDLE
[2026-02-28 05:59:34] CHK EMA1m:OK EMA5m:OK RSI:73.21116928 VOL:OK MOM:-0.79% RANGE:0.85% UP:20.68% SPREAD:0.44368922% BID:1.0593 ASK:1.064 STATE:IDLE
[2026-02-28 05:59:35] CHK EMA1m:OK EMA5m:OK RSI:73.21116928 VOL:OK MOM:-0.44% RANGE:0.61% UP:17.85% SPREAD:0.44368922% BID:1.0593 ASK:1.064 STATE:IDLE
[2026-02-28 05:59:36] CHK EMA1m:OK EMA5m:OK RSI:73.21116928 VOL:OK MOM:-0.53% RANGE:0.65% UP:17.24% SPREAD:0.38741377% BID:1.0583 ASK:1.0624 STATE:IDLE
[2026-02-28 05:59:37] CHK EMA1m:OK EMA5m:OK RSI:73.21116928 VOL:OK MOM:-0.21% RANGE:0.65% UP:20.68% SPREAD:0.36844591% BID:1.0585 ASK:1.0624 STATE:IDLE
[2026-02-28 05:59:37] CHK EMA1m:OK EMA5m:OK RSI:73.21116928 VOL:OK MOM:-0.22% RANGE:0.65% UP:17.24% SPREAD:0.36844591% BID:1.0585 ASK:1.0624 STATE:IDLE
[2026-02-28 05:59:39] CHK EMA1m:OK EMA5m:OK RSI:73.21116928 VOL:OK MOM:-0.2% RANGE:0.65% UP:21.42% SPREAD:0.3872674% BID:1.0587 ASK:1.0628 STATE:IDLE
[2026-02-28 05:59:39] DECIDE_HOLD reason=HOLD_SPREAD spread=0.3873% mom=-0.2074% range=0.6520% up=21.43% rsi=73.21116928446762
[2026-02-28 05:59:41] CHK EMA1m:OK EMA5m:OK RSI:73.21116928 VOL:OK MOM:-0.66% RANGE:0.74% UP:2E+1% SPREAD:0.48236073% BID:1.0573 ASK:1.0624 STATE:IDLE
[2026-02-28 05:59:42] CHK EMA1m:OK EMA5m:OK RSI:73.21116928 VOL:OK MOM:-0.92% RANGE:0.92% UP:16.66% SPREAD:0.45480386% BID:1.0554 ASK:1.0602 STATE:IDLE
[2026-02-28 05:59:43] CHK EMA1m:OK EMA5m:OK RSI:73.21116928 VOL:OK MOM:-0.8% RANGE:0.89% UP:21.73% SPREAD:0.45445938% BID:1.0562 ASK:1.061 STATE:IDLE
[2026-02-28 05:59:45] CHK EMA1m:OK EMA5m:OK RSI:73.21116928 VOL:OK MOM:-0.73% RANGE:0.74% UP:19.04% SPREAD:0.40738986% BID:1.0555 ASK:1.0598 STATE:IDLE
[2026-02-28 05:59:46] CHK EMA1m:OK EMA5m:OK RSI:73.21116928 VOL:OK MOM:-0.67% RANGE:0.74% UP:26.31% SPREAD:0.36928321% BID:1.0561 ASK:1.06 STATE:IDLE
[2026-02-28 05:59:46] BUY symbol=BARDUSDC qty=8.9 entry=1.0588 momPct=-0.006771372143327258 rangePct=0.007485313625165832 upRatio=0.2631578947368421 profile=major
[2026-02-28 05:59:47] CHK EMA1m:OK EMA5m:OK RSI:71.95540308 VOL:OK MOM:-0.81% RANGE:0.82% UP:27.77% SPREAD:0.38877299% BID:1.0546 ASK:1.0587 STATE:IN_POS
[2026-02-28 05:59:48] CHK EMA1m:OK EMA5m:OK RSI:71.95540308 VOL:OK MOM:-0.78% RANGE:0.82% UP:35.29% SPREAD:0.49289099% BID:1.055 ASK:1.0602 STATE:IN_POS
[2026-02-28 05:59:49] CHK EMA1m:OK EMA5m:OK RSI:71.95540308 VOL:OK MOM:-0.78% RANGE:0.82% UP:35.29% SPREAD:0.62559241% BID:1.055 ASK:1.0616 STATE:IN_POS
[2026-02-28 05:59:50] CHK EMA1m:OK EMA5m:OK RSI:71.95540308 VOL:OK MOM:-0.75% RANGE:0.79% UP:35.29% SPREAD:0.62559241% BID:1.055 ASK:1.0616 STATE:IN_POS
[2026-02-28 05:59:51] CHK EMA1m:OK EMA5m:OK RSI:71.95540308 VOL:OK MOM:-0.71% RANGE:0.79% UP:41.17% SPREAD:0.36952814% BID:1.0554 ASK:1.0593 STATE:IN_POS
[2026-02-28 05:59:52] CHK EMA1m:OK EMA5m:OK RSI:71.95540308 VOL:OK MOM:-0.27% RANGE:0.44% UP:47.05% SPREAD:0.38833112% BID:1.0558 ASK:1.0599 STATE:IN_POS
[2026-02-28 05:59:53] CHK EMA1m:OK EMA5m:OK RSI:71.95540308 VOL:OK MOM:-0.38% RANGE:0.44% UP:41.17% SPREAD:0.40750568% BID:1.0552 ASK:1.0595 STATE:IN_POS
[2026-02-28 05:59:54] CHK EMA1m:OK EMA5m:OK RSI:73.0200174 VOL:OK MOM:-0.14% RANGE:0.44% UP:47.05% SPREAD:0.47267914% BID:1.0578 ASK:1.0628 STATE:IN_POS
[2026-02-28 05:59:55] CHK EMA1m:OK EMA5m:OK RSI:73.95833333 VOL:OK MOM:0.06% RANGE:0.41% UP:52.94% SPREAD:0.42492917% BID:1.059 ASK:1.0635 STATE:IN_POS
[2026-02-28 05:59:56] CHK EMA1m:OK EMA5m:OK RSI:73.95833333 VOL:OK MOM:-0.11% RANGE:0.41% UP:47.05% SPREAD:0.58639931% BID:1.0573 ASK:1.0635 STATE:IN_POS
[2026-02-28 05:59:57] CHK EMA1m:OK EMA5m:OK RSI:73.95833333 VOL:OK MOM:-0.16% RANGE:0.41% UP:47.05% SPREAD:0.6339894% BID:1.0568 ASK:1.0635 STATE:IN_POS
[2026-02-28 05:59:58] CHK EMA1m:OK EMA5m:OK RSI:73.95833333 VOL:OK MOM:-0.16% RANGE:0.41% UP:47.05% SPREAD:0.55818353% BID:1.057 ASK:1.0629 STATE:IN_POS
[2026-02-28 05:59:59] CHK EMA1m:OK EMA5m:OK RSI:73.95833333 VOL:OK MOM:-0.02% RANGE:0.41% UP:47.05% SPREAD:0.55818353% BID:1.057 ASK:1.0629 STATE:IN_POS
[2026-02-28 06:00:02] CHK EMA1m:OK EMA5m:OK RSI:73.95833333 VOL:OK MOM:-0.02% RANGE:0.41% UP:44.44% SPREAD:0.52034058% BID:1.057 ASK:1.0625 STATE:IN_POS
[2026-02-28 06:00:04] CHK EMA1m:OK EMA5m:OK RSI:71.56398104 VOL:NO MOM:-0.13% RANGE:0.46% UP:43.75% SPREAD:0.53125889% BID:1.0541 ASK:1.0597 STATE:IN_POS
[2026-02-28 06:00:05] CHK EMA1m:OK EMA5m:OK RSI:71.56398104 VOL:NO MOM:-0.15% RANGE:0.46% UP:43.75% SPREAD:0.4931247% BID:1.0545 ASK:1.0597 STATE:IN_POS
[2026-02-28 06:00:06] CHK EMA1m:OK EMA5m:OK RSI:71.56398104 VOL:NO MOM:0.08% RANGE:0.46% UP:5E+1% SPREAD:0.46423495% BID:1.0555 ASK:1.0604 STATE:IN_POS
[2026-02-28 06:00:07] CHK EMA1m:OK EMA5m:OK RSI:71.56398104 VOL:NO MOM:0.02% RANGE:0.46% UP:43.75% SPREAD:0.48327489% BID:1.0553 ASK:1.0604 STATE:IN_POS
[2026-02-28 06:00:08] CHK EMA1m:OK EMA5m:OK RSI:71.56398104 VOL:NO MOM:0.02% RANGE:0.46% UP:43.75% SPREAD:0.47379891% BID:1.0553 ASK:1.0603 STATE:IN_POS
[2026-02-28 06:00:09] CHK EMA1m:OK EMA5m:OK RSI:71.56398104 VOL:NO MOM:0.08% RANGE:0.46% UP:5E+1% SPREAD:0.41670612% BID:1.0559 ASK:1.0603 STATE:IN_POS
[2026-02-28 06:00:10] CHK EMA1m:OK EMA5m:OK RSI:71.56398104 VOL:NO MOM:0.12% RANGE:0.46% UP:5E+1% SPREAD:0.34068325% BID:1.0567 ASK:1.0603 STATE:IN_POS
[2026-02-28 06:00:12] CHK EMA1m:OK EMA5m:OK RSI:69.9074074 VOL:OK MOM:0.27% RANGE:0.46% UP:52.94% SPREAD:0.38741377% BID:1.0583 ASK:1.0624 STATE:IN_POS
[2026-02-28 06:00:13] CHK EMA1m:OK EMA5m:OK RSI:69.9074074 VOL:OK MOM:0.13% RANGE:0.46% UP:5E+1% SPREAD:0.53946621% BID:1.0566 ASK:1.0623 STATE:IN_POS
[2026-02-28 06:00:14] CHK EMA1m:OK EMA5m:OK RSI:69.9074074 VOL:OK MOM:-0.03% RANGE:0.46% UP:5E+1% SPREAD:0.46340079% BID:1.0574 ASK:1.0623 STATE:IN_POS
[2026-02-28 06:00:15] CHK EMA1m:OK EMA5m:OK RSI:69.9074074 VOL:OK MOM:-0.26% RANGE:0.46% UP:43.75% SPREAD:0.57754213% BID:1.0562 ASK:1.0623 STATE:IN_POS
[2026-02-28 06:00:16] CHK EMA1m:OK EMA5m:OK RSI:69.9074074 VOL:OK MOM:-0.15% RANGE:0.39% UP:43.75% SPREAD:0.5493985% BID:1.0557 ASK:1.0615 STATE:IN_POS
[2026-02-28 06:00:17] CHK EMA1m:OK EMA5m:OK RSI:69.9074074 VOL:OK MOM:-0.17% RANGE:0.39% UP:43.75% SPREAD:0.53080568% BID:1.055 ASK:1.0606 STATE:IN_POS
[2026-02-28 06:00:18] CHK EMA1m:OK EMA5m:OK RSI:69.9074074 VOL:OK MOM:-0.07% RANGE:0.39% UP:43.75% SPREAD:0.48286309% BID:1.0562 ASK:1.0613 STATE:IN_POS
[2026-02-28 06:00:20] CHK EMA1m:OK EMA5m:OK RSI:69.9074074 VOL:OK MOM:-0.09% RANGE:0.39% UP:43.75% SPREAD:0.50189393% BID:1.056 ASK:1.0613 STATE:IN_POS
[2026-02-28 06:00:21] CHK EMA1m:OK EMA5m:OK RSI:69.9074074 VOL:OK MOM:-0.09% RANGE:0.49% UP:46.66% SPREAD:0.68369575% BID:1.0531 ASK:1.0603 STATE:IN_POS
[2026-02-28 06:00:22] CHK EMA1m:OK EMA5m:OK RSI:66.11208406 VOL:OK MOM:-0.05% RANGE:0.49% UP:5E+1% SPREAD:0.62648315% BID:1.0535 ASK:1.0601 STATE:IN_POS
[2026-02-28 06:00:23] CHK EMA1m:OK EMA5m:OK RSI:66.11208406 VOL:OK MOM:-0.1% RANGE:0.49% UP:43.75% SPREAD:0.63603569% BID:1.0534 ASK:1.0601 STATE:IN_POS
[2026-02-28 06:00:24] CHK EMA1m:OK EMA5m:OK RSI:66.11208406 VOL:OK MOM:-0.06% RANGE:0.49% UP:47.05% SPREAD:0.55987853% BID:1.0538 ASK:1.0597 STATE:IN_POS
[2026-02-28 06:00:25] CHK EMA1m:OK EMA5m:OK RSI:65.8238884 VOL:OK MOM:-0.18% RANGE:0.49% UP:41.17% SPREAD:0.57896735% BID:1.0536 ASK:1.0597 STATE:IN_POS
[2026-02-28 06:00:26] CHK EMA1m:OK EMA5m:OK RSI:65.8238884 VOL:OK MOM:-0.14% RANGE:0.49% UP:47.05% SPREAD:0.52192066% BID:1.0538 ASK:1.0593 STATE:IN_POS
[2026-02-28 06:00:28] CHK EMA1m:OK EMA5m:OK RSI:65.8238884 VOL:OK MOM:-0.16% RANGE:0.49% UP:47.05% SPREAD:0.54100227% BID:1.0536 ASK:1.0593 STATE:IN_POS
[2026-02-28 06:00:29] CHK EMA1m:OK EMA5m:OK RSI:65.93886462 VOL:OK MOM:-0.16% RANGE:0.49% UP:47.05% SPREAD:0.48377916% BID:1.0542 ASK:1.0593 STATE:IN_POS
[2026-02-28 06:00:30] CHK EMA1m:OK EMA5m:OK RSI:65.93886462 VOL:OK MOM:-0.42% RANGE:0.57% UP:41.17% SPREAD:0.64626496% BID:1.0522 ASK:1.059 STATE:IN_POS
[2026-02-28 06:00:31] CHK EMA1m:OK EMA5m:OK RSI:65.93886462 VOL:OK MOM:-0.5% RANGE:0.57% UP:41.17% SPREAD:0.49382716% BID:1.053 ASK:1.0582 STATE:IN_POS
[2026-02-28 06:00:32] CHK EMA1m:OK EMA5m:OK RSI:65.93886462 VOL:OK MOM:-0.32% RANGE:0.49% UP:47.05% SPREAD:0.47474363% BID:1.0532 ASK:1.0582 STATE:IN_POS
[2026-02-28 06:00:33] CHK EMA1m:OK EMA5m:OK RSI:65.93886462 VOL:OK MOM:-0.13% RANGE:0.49% UP:5E+1% SPREAD:0.41698256% BID:1.0552 ASK:1.0596 STATE:IN_POS
[2026-02-28 06:00:34] CHK EMA1m:OK EMA5m:OK RSI:71.6713881 VOL:OK MOM:0.37% RANGE:0.76% UP:52.94% SPREAD:0.45274476% BID:1.0602 ASK:1.065 STATE:IN_POS
[2026-02-28 06:00:35] CHK EMA1m:OK EMA5m:OK RSI:71.6713881 VOL:OK MOM:0.46% RANGE:0.79% UP:58.82% SPREAD:0.48085989% BID:1.0606 ASK:1.0657 STATE:IN_POS
[2026-02-28 06:00:36] CHK EMA1m:OK EMA5m:OK RSI:71.6713881 VOL:OK MOM:0.45% RANGE:0.79% UP:58.82% SPREAD:0.49065861% BID:1.0598 ASK:1.065 STATE:IN_POS
[2026-02-28 06:00:37] CHK EMA1m:OK EMA5m:OK RSI:71.6713881 VOL:OK MOM:0.37% RANGE:0.79% UP:58.82% SPREAD:0.45274476% BID:1.0602 ASK:1.065 STATE:IN_POS
[2026-02-28 06:00:39] CHK EMA1m:OK EMA5m:OK RSI:71.6713881 VOL:OK MOM:0.34% RANGE:0.79% UP:58.82% SPREAD:0.50962627% BID:1.0596 ASK:1.065 STATE:IN_POS
[2026-02-28 06:00:40] CHK EMA1m:OK EMA5m:OK RSI:71.6713881 VOL:OK MOM:0.57% RANGE:0.79% UP:58.82% SPREAD:0.53814199% BID:1.0592 ASK:1.0649 STATE:IN_POS
[2026-02-28 06:00:41] CHK EMA1m:OK EMA5m:OK RSI:71.6713881 VOL:OK MOM:0.72% RANGE:0.84% UP:58.82% SPREAD:0.34869475% BID:1.0611 ASK:1.0648 STATE:IN_POS
[2026-02-28 06:00:42] CHK EMA1m:OK EMA5m:OK RSI:71.6713881 VOL:OK MOM:0.66% RANGE:0.84% UP:55.55% SPREAD:0.40546911% BID:1.0605 ASK:1.0648 STATE:IN_POS
[2026-02-28 06:00:43] CHK EMA1m:OK EMA5m:OK RSI:71.6713881 VOL:OK MOM:0.67% RANGE:0.84% UP:55.55% SPREAD:0.40546911% BID:1.0605 ASK:1.0648 STATE:IN_POS
[2026-02-28 06:00:44] CHK EMA1m:OK EMA5m:OK RSI:71.6713881 VOL:OK MOM:0.65% RANGE:0.84% UP:55.55% SPREAD:0.38653719% BID:1.0607 ASK:1.0648 STATE:IN_POS
[2026-02-28 06:00:45] CHK EMA1m:OK EMA5m:OK RSI:72.09302325 VOL:OK MOM:0.65% RANGE:0.84% UP:52.94% SPREAD:0.38653719% BID:1.0607 ASK:1.0648 STATE:IN_POS
[2026-02-28 06:00:46] CHK EMA1m:OK EMA5m:OK RSI:72.09302325 VOL:OK MOM:0.66% RANGE:0.84% UP:52.94% SPREAD:0.39600226% BID:1.0606 ASK:1.0648 STATE:IN_POS
[2026-02-28 06:00:47] CHK EMA1m:OK EMA5m:OK RSI:72.09302325 VOL:OK MOM:0.57% RANGE:0.84% UP:47.05% SPREAD:0.42440818% BID:1.0603 ASK:1.0648 STATE:IN_POS
[2026-02-28 06:00:48] CHK EMA1m:OK EMA5m:OK RSI:69.9074074 VOL:OK MOM:0.57% RANGE:0.84% UP:44.44% SPREAD:0.41497689% BID:1.0603 ASK:1.0647 STATE:IN_POS
[2026-02-28 06:00:50] CHK EMA1m:OK EMA5m:OK RSI:69.9074074 VOL:OK MOM:0.78% RANGE:0.84% UP:5E+1% SPREAD:0.3960396% BID:1.0605 ASK:1.0647 STATE:IN_POS
[2026-02-28 06:00:51] CHK EMA1m:OK EMA5m:OK RSI:69.9074074 VOL:OK MOM:0.75% RANGE:0.75% UP:47.05% SPREAD:0.36754311% BID:1.0611 ASK:1.065 STATE:IN_POS
[2026-02-28 06:00:52] CHK EMA1m:OK EMA5m:OK RSI:69.9074074 VOL:OK MOM:0.69% RANGE:0.69% UP:47.05% SPREAD:0.37647058% BID:1.0625 ASK:1.0665 STATE:IN_POS
[2026-02-28 06:00:53] CHK EMA1m:OK EMA5m:OK RSI:69.9074074 VOL:OK MOM:0.24% RANGE:0.33% UP:47.05% SPREAD:0.34813699% BID:1.0628 ASK:1.0665 STATE:IN_POS
[2026-02-28 06:00:54] CHK EMA1m:OK EMA5m:OK RSI:69.9074074 VOL:OK MOM:0.42% RANGE:0.51% UP:5E+1% SPREAD:0.34751573% BID:1.0647 ASK:1.0684 STATE:IN_POS
[2026-02-28 06:00:55] CHK EMA1m:OK EMA5m:OK RSI:69.9074074 VOL:OK MOM:0.42% RANGE:0.55% UP:5E+1% SPREAD:0.40371796% BID:1.0651 ASK:1.0694 STATE:IN_POS
[2026-02-28 06:00:56] CHK EMA1m:OK EMA5m:OK RSI:69.9074074 VOL:OK MOM:0.55% RANGE:0.61% UP:55.55% SPREAD:0.45040818% BID:1.0657 ASK:1.0705 STATE:IN_POS
[2026-02-28 06:00:57] CHK EMA1m:OK EMA5m:OK RSI:69.9074074 VOL:OK MOM:0.43% RANGE:0.61% UP:5E+1% SPREAD:0.57287753% BID:1.0648 ASK:1.0709 STATE:IN_POS
[2026-02-28 06:00:58] CHK EMA1m:OK EMA5m:OK RSI:69.9074074 VOL:OK MOM:0.49% RANGE:0.61% UP:5E+1% SPREAD:0.57287753% BID:1.0648 ASK:1.0709 STATE:IN_POS
[2026-02-28 06:00:59] CHK EMA1m:OK EMA5m:OK RSI:69.9074074 VOL:OK MOM:0.43% RANGE:0.61% UP:5E+1% SPREAD:0.59221658% BID:1.0638 ASK:1.0701 STATE:IN_POS
[2026-02-28 06:01:00] CHK EMA1m:OK EMA5m:OK RSI:69.9074074 VOL:OK MOM:-0% RANGE:0.5% UP:44.44% SPREAD:0.65975494% BID:1.061 ASK:1.068 STATE:IN_POS
[2026-02-28 06:01:01] CHK EMA1m:OK EMA5m:OK RSI:73.2298739 VOL:NO MOM:0.3% RANGE:0.5% UP:5E+1% SPREAD:0.50766193% BID:1.0637 ASK:1.0691 STATE:IN_POS
[2026-02-28 06:01:02] CHK EMA1m:OK EMA5m:OK RSI:73.2298739 VOL:NO MOM:0.33% RANGE:0.5% UP:55.55% SPREAD:0.46988065% BID:1.0641 ASK:1.0691 STATE:IN_POS
[2026-02-28 06:01:03] CHK EMA1m:OK EMA5m:OK RSI:73.2298739 VOL:NO MOM:0.41% RANGE:0.5% UP:55.55% SPREAD:0.38494038% BID:1.0651 ASK:1.0692 STATE:IN_POS
[2026-02-28 06:01:04] CHK EMA1m:OK EMA5m:OK RSI:73.2298739 VOL:NO MOM:0.49% RANGE:0.52% UP:61.11% SPREAD:0.47846889% BID:1.0659 ASK:1.071 STATE:IN_POS
[2026-02-28 06:01:06] CHK EMA1m:OK EMA5m:OK RSI:73.2298739 VOL:NO MOM:0.49% RANGE:0.52% UP:57.89% SPREAD:0.47846889% BID:1.0659 ASK:1.071 STATE:IN_POS
[2026-02-28 06:01:07] CHK EMA1m:OK EMA5m:OK RSI:73.2298739 VOL:NO MOM:0.54% RANGE:0.54% UP:66.66% SPREAD:0.48775912% BID:1.0661 ASK:1.0713 STATE:IN_POS
[2026-02-28 06:01:08] CHK EMA1m:OK EMA5m:OK RSI:73.2298739 VOL:NO MOM:0.52% RANGE:0.54% UP:66.66% SPREAD:0.50661412% BID:1.0659 ASK:1.0713 STATE:IN_POS
[2026-02-28 06:01:09] CHK EMA1m:OK EMA5m:OK RSI:73.2298739 VOL:NO MOM:0.5% RANGE:0.52% UP:61.11% SPREAD:0.50661412% BID:1.0659 ASK:1.0713 STATE:IN_POS
[2026-02-28 06:01:10] CHK EMA1m:OK EMA5m:OK RSI:73.2298739 VOL:NO MOM:0.23% RANGE:0.48% UP:55.55% SPREAD:0.50770966% BID:1.0636 ASK:1.069 STATE:IN_POS
[2026-02-28 06:01:11] CHK EMA1m:OK EMA5m:OK RSI:73.2298739 VOL:NO MOM:0.04% RANGE:0.48% UP:52.63% SPREAD:0.54634513% BID:1.0616 ASK:1.0674 STATE:IN_POS
[2026-02-28 06:01:12] CHK EMA1m:OK EMA5m:OK RSI:73.2298739 VOL:NO MOM:-0.16% RANGE:0.48% UP:44.44% SPREAD:0.52780395% BID:1.061 ASK:1.0666 STATE:IN_POS
[2026-02-28 06:01:13] CHK EMA1m:OK EMA5m:OK RSI:73.2298739 VOL:NO MOM:-0.29% RANGE:0.48% UP:44.44% SPREAD:0.4521477% BID:1.0616 ASK:1.0664 STATE:IN_POS
[2026-02-28 06:01:14] CHK EMA1m:OK EMA5m:OK RSI:73.2298739 VOL:NO MOM:-0.18% RANGE:0.48% UP:44.44% SPREAD:0.37625811% BID:1.0631 ASK:1.0671 STATE:IN_POS
[2026-02-28 06:01:15] CHK EMA1m:OK EMA5m:OK RSI:73.2298739 VOL:NO MOM:-0.21% RANGE:0.48% UP:44.44% SPREAD:0.39495956% BID:1.0634 ASK:1.0676 STATE:IN_POS
[2026-02-28 06:01:16] CHK EMA1m:OK EMA5m:OK RSI:73.2298739 VOL:NO MOM:-0.16% RANGE:0.48% UP:47.36% SPREAD:0.35717642% BID:1.0639 ASK:1.0677 STATE:IN_POS
[2026-02-28 06:01:17] CHK EMA1m:OK EMA5m:OK RSI:73.2298739 VOL:NO MOM:0% RANGE:0.48% UP:55.55% SPREAD:0.27235161% BID:1.0648 ASK:1.0677 STATE:IN_POS
[2026-02-28 06:01:18] CHK EMA1m:OK EMA5m:OK RSI:73.2298739 VOL:NO MOM:0.09% RANGE:0.48% UP:55.55% SPREAD:0.27235161% BID:1.0648 ASK:1.0677 STATE:IN_POS
[2026-02-28 06:01:19] CHK EMA1m:OK EMA5m:OK RSI:73.2298739 VOL:NO MOM:0.35% RANGE:0.48% UP:55.55% SPREAD:0.26296018% BID:1.0648 ASK:1.0676 STATE:IN_POS
[2026-02-28 06:01:21] CHK EMA1m:OK EMA5m:OK RSI:74.34944237 VOL:OK MOM:-0.18% RANGE:0.48% UP:5E+1% SPREAD:0.49919939% BID:1.0617 ASK:1.067 STATE:IN_POS
[2026-02-28 06:01:23] CHK EMA1m:OK EMA5m:OK RSI:74.34944237 VOL:OK MOM:-0.17% RANGE:0.48% UP:5E+1% SPREAD:0.45189229% BID:1.0622 ASK:1.067 STATE:IN_POS
[2026-02-28 06:01:25] CHK EMA1m:OK EMA5m:OK RSI:74.34944237 VOL:OK MOM:-0.49% RANGE:0.51% UP:43.75% SPREAD:0.48085989% BID:1.0606 ASK:1.0657 STATE:IN_POS
[2026-02-28 06:01:26] CHK EMA1m:OK EMA5m:OK RSI:74.34944237 VOL:OK MOM:-0.54% RANGE:0.54% UP:37.5% SPREAD:0.45270206% BID:1.0603 ASK:1.0651 STATE:IN_POS
[2026-02-28 06:01:27] CHK EMA1m:OK EMA5m:OK RSI:74.34944237 VOL:OK MOM:-0.52% RANGE:0.52% UP:37.5% SPREAD:0.45270206% BID:1.0603 ASK:1.0651 STATE:IN_POS
[2026-02-28 06:01:28] CHK EMA1m:OK EMA5m:OK RSI:74.34944237 VOL:OK MOM:-0.68% RANGE:0.68% UP:37.5% SPREAD:0.54789344% BID:1.0586 ASK:1.0644 STATE:IN_POS
[2026-02-28 06:01:29] CHK EMA1m:OK EMA5m:OK RSI:74.10881801 VOL:OK MOM:-0.47% RANGE:0.58% UP:37.5% SPREAD:0.49121481% BID:1.0586 ASK:1.0638 STATE:IN_POS
[2026-02-28 06:01:30] CHK EMA1m:OK EMA5m:OK RSI:74.10881801 VOL:OK MOM:-0.46% RANGE:0.76% UP:37.5% SPREAD:0.52995173% BID:1.0567 ASK:1.0623 STATE:IN_POS
[2026-02-28 06:01:31] CHK EMA1m:OK EMA5m:OK RSI:74.10881801 VOL:OK MOM:-0.41% RANGE:0.77% UP:37.5% SPREAD:0.52053757% BID:1.0566 ASK:1.0621 STATE:IN_POS
[2026-02-28 06:01:32] CHK EMA1m:OK EMA5m:OK RSI:74.10881801 VOL:OK MOM:-0.47% RANGE:0.77% UP:31.25% SPREAD:0.52053757% BID:1.0566 ASK:1.0621 STATE:IN_POS
[2026-02-28 06:01:33] CHK EMA1m:OK EMA5m:OK RSI:74.10881801 VOL:OK MOM:-0.74% RANGE:0.9% UP:25% SPREAD:0.57808946% BID:1.0552 ASK:1.0613 STATE:IN_POS
[2026-02-28 06:01:34] CHK EMA1m:OK EMA5m:OK RSI:74.10881801 VOL:OK MOM:-0.81% RANGE:0.95% UP:18.75% SPREAD:0.29392244% BID:1.0547 ASK:1.0578 STATE:IN_POS
[2026-02-28 06:01:35] CHK EMA1m:OK EMA5m:OK RSI:74.10881801 VOL:OK MOM:-1.05% RANGE:1.14% UP:12.5% SPREAD:0.40847344% BID:1.0527 ASK:1.057 STATE:IN_POS
[2026-02-28 06:01:36] CHK EMA1m:OK EMA5m:OK RSI:67.11111111 VOL:OK MOM:-1.31% RANGE:1.33% UP:6.25% SPREAD:0.20936429% BID:1.0508 ASK:1.053 STATE:IN_POS
[2026-02-28 06:01:37] CHK EMA1m:OK EMA5m:OK RSI:67.11111111 VOL:OK MOM:-1.28% RANGE:1.33% UP:12.5% SPREAD:0.48520597% BID:1.0511 ASK:1.0562 STATE:IN_POS
[2026-02-28 06:01:39] CHK EMA1m:OK EMA5m:OK RSI:67.05150976 VOL:OK MOM:-1.31% RANGE:1.33% UP:12.5% SPREAD:0.30452988% BID:1.0508 ASK:1.054 STATE:IN_POS
[2026-02-28 06:01:40] CHK EMA1m:OK EMA5m:OK RSI:67.05150976 VOL:OK MOM:-1.57% RANGE:1.64% UP:12.5% SPREAD:0.24880382% BID:1.045 ASK:1.0476 STATE:IN_POS
[2026-02-28 06:01:45] CHK EMA1m:OK EMA5m:OK RSI:62.81198003 VOL:OK MOM:-1.76% RANGE:1.79% UP:6.66% SPREAD:0.4031097% BID:1.0419 ASK:1.0461 STATE:IN_POS
[2026-02-28 06:01:45] SELL symbol=BARDUSDC qty=8.9 exit=1.0418999999999998 pnl=-0.15041000000000124 reason=STOP profile=major
[2026-02-28 06:02:16] CHK EMA1m:OK EMA5m:OK RSI:64.03225806 VOL:OK MOM:1.03% RANGE:1.16% UP:46.15% SPREAD:0.44006505% BID:1.0453 ASK:1.0499 STATE:IDLE
[2026-02-28 06:02:16] DECIDE_HOLD reason=HOLD_SPREAD spread=0.4401% mom=1.0342% range=1.1695% up=46.15% rsi=64.03225806451613
[2026-02-28 06:02:17] CHK EMA1m:OK EMA5m:OK RSI:64.03225806 VOL:OK MOM:1% RANGE:1.13% UP:47.36% SPREAD:0.38248231% BID:1.0458 ASK:1.0498 STATE:IDLE
[2026-02-28 06:02:18] CHK EMA1m:OK EMA5m:OK RSI:64.03225806 VOL:OK MOM:1.07% RANGE:1.14% UP:45.94% SPREAD:0.28656032% BID:1.0469 ASK:1.0499 STATE:IDLE
[2026-02-28 06:02:19] BUY symbol=BARDUSDC qty=8.8 entry=1.0498999999999998 momPct=0.010716354508592284 rangePct=0.011497584541062823 upRatio=0.4594594594594595 profile=major
[2026-02-28 06:02:19] CHK EMA1m:OK EMA5m:OK RSI:65.12900703 VOL:OK MOM:0.92% RANGE:1.24% UP:45.71% SPREAD:0.2004008% BID:1.0479 ASK:1.05 STATE:IN_POS
[2026-02-28 06:02:20] CHK EMA1m:OK EMA5m:OK RSI:64.54689984 VOL:OK MOM:0.89% RANGE:1.24% UP:47.05% SPREAD:0.32489249% BID:1.0465 ASK:1.0499 STATE:IN_POS
[2026-02-28 06:02:23] CHK EMA1m:OK EMA5m:OK RSI:63.94502829 VOL:OK MOM:0.86% RANGE:1.18% UP:45.45% SPREAD:0.45950603% BID:1.0446 ASK:1.0494 STATE:IN_POS
[2026-02-28 06:02:24] CHK EMA1m:OK EMA5m:OK RSI:63.94502829 VOL:OK MOM:0.89% RANGE:1.06% UP:46.66% SPREAD:0.27698185% BID:1.047 ASK:1.0499 STATE:IN_POS
[2026-02-28 06:02:25] CHK EMA1m:OK EMA5m:OK RSI:63.94502829 VOL:OK MOM:0.69% RANGE:1.06% UP:44.82% SPREAD:0.36325399% BID:1.0461 ASK:1.0499 STATE:IN_POS
[2026-02-28 06:02:26] CHK EMA1m:OK EMA5m:OK RSI:63.94502829 VOL:OK MOM:0.66% RANGE:1.06% UP:46.42% SPREAD:0.35366086% BID:1.0462 ASK:1.0499 STATE:IN_POS
[2026-02-28 06:02:28] CHK EMA1m:OK EMA5m:OK RSI:65.15625 VOL:OK MOM:1.19% RANGE:1.19% UP:53.84% SPREAD:0.3335557% BID:1.0493 ASK:1.0528 STATE:IN_POS
[2026-02-28 06:02:29] CHK EMA1m:OK EMA5m:OK RSI:65.15625 VOL:OK MOM:0.64% RANGE:0.68% UP:5E+1% SPREAD:0.42902087% BID:1.0489 ASK:1.0534 STATE:IN_POS
[2026-02-28 06:02:30] CHK EMA1m:OK EMA5m:OK RSI:65.15625 VOL:OK MOM:0.6% RANGE:0.61% UP:54.54% SPREAD:0.3621807% BID:1.0492 ASK:1.053 STATE:IN_POS
[2026-02-28 06:02:31] CHK EMA1m:OK EMA5m:OK RSI:65.15625 VOL:OK MOM:0.23% RANGE:0.44% UP:52.38% SPREAD:0.34338038% BID:1.0484 ASK:1.052 STATE:IN_POS
[2026-02-28 06:02:33] CHK EMA1m:OK EMA5m:OK RSI:65.15625 VOL:OK MOM:0.1% RANGE:0.44% UP:55% SPREAD:0.36301108% BID:1.0468 ASK:1.0506 STATE:IN_POS
[2026-02-28 06:02:34] CHK EMA1m:OK EMA5m:OK RSI:65.15625 VOL:OK MOM:-0.03% RANGE:0.44% UP:55.55% SPREAD:0.22957719% BID:1.0454 ASK:1.0478 STATE:IN_POS
[2026-02-28 06:02:35] CHK EMA1m:OK EMA5m:OK RSI:65.15625 VOL:OK MOM:-0.11% RANGE:0.44% UP:47.05% SPREAD:0.30610292% BID:1.0454 ASK:1.0486 STATE:IN_POS
[2026-02-28 06:02:36] CHK EMA1m:OK EMA5m:OK RSI:63.76929325 VOL:OK MOM:-0.24% RANGE:0.58% UP:4E+1% SPREAD:0.42177914% BID:1.0432 ASK:1.0476 STATE:IN_POS
[2026-02-28 06:02:37] CHK EMA1m:OK EMA5m:OK RSI:63.76929325 VOL:OK MOM:-0.33% RANGE:0.67% UP:37.5% SPREAD:0.33579583% BID:1.0423 ASK:1.0458 STATE:IN_POS
[2026-02-28 06:02:38] CHK EMA1m:OK EMA5m:OK RSI:63.76929325 VOL:OK MOM:-0.43% RANGE:0.67% UP:31.25% SPREAD:0.45092583% BID:1.0423 ASK:1.047 STATE:IN_POS
[2026-02-28 06:02:39] CHK EMA1m:OK EMA5m:OK RSI:63.76929325 VOL:OK MOM:-0.41% RANGE:0.68% UP:26.66% SPREAD:0.38380349% BID:1.0422 ASK:1.0462 STATE:IN_POS
[2026-02-28 06:02:40] CHK EMA1m:OK EMA5m:OK RSI:63.76929325 VOL:OK MOM:-0.22% RANGE:0.68% UP:26.66% SPREAD:0.47975436% BID:1.0422 ASK:1.0472 STATE:IN_POS
[2026-02-28 06:02:41] CHK EMA1m:OK EMA5m:OK RSI:63.76929325 VOL:OK MOM:-0.43% RANGE:0.68% UP:26.66% SPREAD:0.49884881% BID:1.0424 ASK:1.0476 STATE:IN_POS
[2026-02-28 06:02:42] CHK EMA1m:OK EMA5m:OK RSI:63.76929325 VOL:OK MOM:-0.13% RANGE:0.68% UP:31.25% SPREAD:0.38255547% BID:1.0456 ASK:1.0496 STATE:IN_POS
[2026-02-28 06:02:44] CHK EMA1m:OK EMA5m:OK RSI:63.76929325 VOL:OK MOM:-0.22% RANGE:0.68% UP:29.41% SPREAD:0.47865211% BID:1.0446 ASK:1.0496 STATE:IN_POS
[2026-02-28 06:02:45] CHK EMA1m:OK EMA5m:OK RSI:63.76929325 VOL:OK MOM:-0.13% RANGE:0.68% UP:31.25% SPREAD:0.45941807% BID:1.0448 ASK:1.0496 STATE:IN_POS
[2026-02-28 06:02:46] CHK EMA1m:OK EMA5m:OK RSI:63.76929325 VOL:OK MOM:-0.48% RANGE:0.68% UP:25% SPREAD:0.5171423% BID:1.0442 ASK:1.0496 STATE:IN_POS
[2026-02-28 06:02:47] CHK EMA1m:OK EMA5m:OK RSI:63.76929325 VOL:OK MOM:-0.48% RANGE:0.68% UP:23.52% SPREAD:0.5171423% BID:1.0442 ASK:1.0496 STATE:IN_POS
[2026-02-28 06:02:48] CHK EMA1m:OK EMA5m:OK RSI:63.76929325 VOL:OK MOM:-0.47% RANGE:0.67% UP:23.52% SPREAD:0.33528115% BID:1.0439 ASK:1.0474 STATE:IN_POS
[2026-02-28 06:02:50] CHK EMA1m:OK EMA5m:OK RSI:63.76929325 VOL:OK MOM:-0.26% RANGE:0.67% UP:23.52% SPREAD:0.42048929% BID:1.0464 ASK:1.0508 STATE:IN_POS
[2026-02-28 06:02:51] CHK EMA1m:OK EMA5m:OK RSI:63.76929325 VOL:OK MOM:-0.19% RANGE:0.59% UP:23.52% SPREAD:0.42048929% BID:1.0464 ASK:1.0508 STATE:IN_POS
[2026-02-28 06:02:51] CHK EMA1m:OK EMA5m:OK RSI:63.76929325 VOL:OK MOM:-0.01% RANGE:0.44% UP:29.41% SPREAD:0.40129944% BID:1.0466 ASK:1.0508 STATE:IN_POS
[2026-02-28 06:02:52] CHK EMA1m:OK EMA5m:OK RSI:63.76929325 VOL:OK MOM:0% RANGE:0.42% UP:29.41% SPREAD:0.38262865% BID:1.0454 ASK:1.0494 STATE:IN_POS
[2026-02-28 06:02:53] CHK EMA1m:OK EMA5m:OK RSI:63.76929325 VOL:OK MOM:0% RANGE:0.42% UP:27.77% SPREAD:0.37306294% BID:1.0454 ASK:1.0493 STATE:IN_POS
[2026-02-28 06:02:55] CHK EMA1m:OK EMA5m:OK RSI:63.94502829 VOL:OK MOM:0% RANGE:0.42% UP:33.33% SPREAD:0.41128646% BID:1.0455 ASK:1.0498 STATE:IN_POS
[2026-02-28 06:02:56] CHK EMA1m:OK EMA5m:OK RSI:63.94502829 VOL:OK MOM:0.09% RANGE:0.42% UP:35.29% SPREAD:0.42173871% BID:1.0433 ASK:1.0477 STATE:IN_POS
[2026-02-28 06:02:57] CHK EMA1m:OK EMA5m:OK RSI:63.94502829 VOL:OK MOM:-0.01% RANGE:0.43% UP:35.29% SPREAD:0.2399002% BID:1.0421 ASK:1.0446 STATE:IN_POS
[2026-02-28 06:02:58] CHK EMA1m:OK EMA5m:OK RSI:62.86427976 VOL:OK MOM:-0.43% RANGE:0.85% UP:35.29% SPREAD:0.42401464% BID:1.0377 ASK:1.0421 STATE:IN_POS
[2026-02-28 06:02:59] SELL symbol=BARDUSDC qty=8.8 exit=1.0379 pnl=-0.10559999999999815 reason=STOP profile=major
[2026-02-28 06:03:30] CHK EMA1m:OK EMA5m:OK RSI:58.99159663 VOL:NO MOM:0% RANGE:0.26% UP:12.82% SPREAD:0.91372511% BID:1.0397 ASK:1.0492 STATE:IDLE
[2026-02-28 06:03:30] DECIDE_HOLD reason=HOLD_SPREAD spread=0.9137% mom=0.0096% range=0.2694% up=12.82% rsi=58.991596638655494
[2026-02-28 06:03:31] CHK EMA1m:OK EMA5m:OK RSI:58.99159663 VOL:NO MOM:0.29% RANGE:0.3% UP:15.78% SPREAD:0.53706722% BID:1.0427 ASK:1.0483 STATE:IDLE
[2026-02-28 06:03:32] CHK EMA1m:OK EMA5m:OK RSI:58.99159663 VOL:NO MOM:0.29% RANGE:0.3% UP:16.21% SPREAD:0.53706722% BID:1.0427 ASK:1.0483 STATE:IDLE
[2026-02-28 06:03:33] CHK EMA1m:OK EMA5m:OK RSI:58.99159663 VOL:NO MOM:0.29% RANGE:0.3% UP:16.66% SPREAD:0.53706722% BID:1.0427 ASK:1.0483 STATE:IDLE
[2026-02-28 06:03:34] CHK EMA1m:OK EMA5m:OK RSI:58.99159663 VOL:NO MOM:0.29% RANGE:0.3% UP:17.64% SPREAD:0.51788625% BID:1.0427 ASK:1.0481 STATE:IDLE
[2026-02-28 06:03:36] CHK EMA1m:OK EMA5m:OK RSI:58.99159663 VOL:NO MOM:0.3% RANGE:0.31% UP:21.21% SPREAD:0.41235136% BID:1.0428 ASK:1.0471 STATE:IDLE
[2026-02-28 06:03:37] CHK EMA1m:OK EMA5m:OK RSI:58.99159663 VOL:NO MOM:0.2% RANGE:0.31% UP:19.35% SPREAD:0.51783659% BID:1.0428 ASK:1.0482 STATE:IDLE
[2026-02-28 06:03:38] CHK EMA1m:OK EMA5m:OK RSI:58.99159663 VOL:NO MOM:0.2% RANGE:0.31% UP:20.68% SPREAD:0.51783659% BID:1.0428 ASK:1.0482 STATE:IDLE
[2026-02-28 06:03:39] CHK EMA1m:OK EMA5m:OK RSI:62.28748068 VOL:OK MOM:0.82% RANGE:0.93% UP:25.92% SPREAD:0.40030499% BID:1.0492 ASK:1.0534 STATE:IDLE
[2026-02-28 06:03:39] DECIDE_HOLD reason=HOLD_SPREAD spread=0.4003% mom=0.8264% range=0.9331% up=25.93% rsi=62.28748068006185
[2026-02-28 06:03:41] CHK EMA1m:OK EMA5m:OK RSI:62.28748068 VOL:OK MOM:0.82% RANGE:0.93% UP:26.92% SPREAD:0.30499428% BID:1.0492 ASK:1.0524 STATE:IDLE
[2026-02-28 06:03:42] CHK EMA1m:OK EMA5m:OK RSI:62.28748068 VOL:OK MOM:0.99% RANGE:1.26% UP:28% SPREAD:0.35147715% BID:1.0527 ASK:1.0564 STATE:IDLE
[2026-02-28 06:03:45] BUY symbol=BARDUSDC qty=8.7 entry=1.0564000000000002 momPct=0.009977933416482745 rangePct=0.01269841269841258 upRatio=0.28 profile=major
[2026-02-28 06:03:46] CHK EMA1m:OK EMA5m:OK RSI:64.5090909 VOL:OK MOM:1.19% RANGE:1.29% UP:33.33% SPREAD:0.41785375% BID:1.053 ASK:1.0574 STATE:IN_POS
[2026-02-28 06:03:47] CHK EMA1m:OK EMA5m:OK RSI:64.5090909 VOL:OK MOM:1.34% RANGE:1.34% UP:43.75% SPREAD:0.5790223% BID:1.0535 ASK:1.0596 STATE:IN_POS
[2026-02-28 06:03:48] CHK EMA1m:OK EMA5m:OK RSI:64.5090909 VOL:OK MOM:1.32% RANGE:1.32% UP:4E+1% SPREAD:0.5790223% BID:1.0535 ASK:1.0596 STATE:IN_POS
[2026-02-28 06:03:49] CHK EMA1m:OK EMA5m:OK RSI:64.5090909 VOL:OK MOM:1.32% RANGE:1.32% UP:42.85% SPREAD:0.84480303% BID:1.0535 ASK:1.0624 STATE:IN_POS
[2026-02-28 06:03:50] CHK EMA1m:OK EMA5m:OK RSI:64.5090909 VOL:OK MOM:1.19% RANGE:1.19% UP:42.85% SPREAD:1.11827141% BID:1.0552 ASK:1.067 STATE:IN_POS
[2026-02-28 06:03:51] CHK EMA1m:OK EMA5m:OK RSI:64.5090909 VOL:OK MOM:1.7% RANGE:1.7% UP:5E+1% SPREAD:0.34889203% BID:1.0605 ASK:1.0642 STATE:IN_POS
[2026-02-28 06:03:52] CHK EMA1m:OK EMA5m:OK RSI:66.84782608 VOL:OK MOM:1.87% RANGE:1.87% UP:57.14% SPREAD:0.37657691% BID:1.0622 ASK:1.0662 STATE:IN_POS
[2026-02-28 06:03:53] CHK EMA1m:OK EMA5m:OK RSI:66.84782608 VOL:OK MOM:1.55% RANGE:1.87% UP:57.14% SPREAD:0.68939465% BID:1.0589 ASK:1.0662 STATE:IN_POS
[2026-02-28 06:03:54] CHK EMA1m:OK EMA5m:OK RSI:66.84782608 VOL:OK MOM:1.69% RANGE:1.86% UP:57.14% SPREAD:0.53748231% BID:1.0605 ASK:1.0662 STATE:IN_POS
[2026-02-28 06:03:55] CHK EMA1m:OK EMA5m:OK RSI:66.84782608 VOL:OK MOM:1.71% RANGE:1.86% UP:64.28% SPREAD:0.5185255% BID:1.0607 ASK:1.0662 STATE:IN_POS
[2026-02-28 06:03:57] CHK EMA1m:OK EMA5m:OK RSI:66.87033265 VOL:OK MOM:2.01% RANGE:2.01% UP:66.66% SPREAD:0.97762737% BID:1.0638 ASK:1.0742 STATE:IN_POS
[2026-02-28 06:03:59] CHK EMA1m:OK EMA5m:OK RSI:66.87033265 VOL:OK MOM:1.55% RANGE:1.55% UP:71.42% SPREAD:0.75082121% BID:1.0655 ASK:1.0735 STATE:IN_POS
[2026-02-28 06:03:59] CHK EMA1m:OK EMA5m:OK RSI:69.70825574 VOL:OK MOM:2.01% RANGE:2.01% UP:78.57% SPREAD:0.90628795% BID:1.0703 ASK:1.08 STATE:IN_POS
[2026-02-28 06:04:00] CHK EMA1m:OK EMA5m:OK RSI:69.70825574 VOL:OK MOM:2.2% RANGE:2.2% UP:78.57% SPREAD:0.44613811% BID:1.0759 ASK:1.0807 STATE:IN_POS
[2026-02-28 06:04:01] SELL symbol=BARDUSDC qty=8.6 exit=1.0769000000000002 pnl=0.17629999999999968 reason=TP profile=major
[2026-02-28 06:04:12] CHK EMA1m:OK EMA5m:OK RSI:63.52765321 VOL:OK MOM:2.28% RANGE:2.69% UP:60.71% SPREAD:0.5338242% BID:1.0865 ASK:1.0923 STATE:IDLE
[2026-02-28 06:04:12] DECIDE_HOLD reason=HOLD_SPREAD spread=0.5338% mom=2.2877% range=2.6915% up=60.71% rsi=63.52765321375188
[2026-02-28 06:04:13] CHK EMA1m:OK EMA5m:OK RSI:63.52765321 VOL:OK MOM:2.96% RANGE:2.96% UP:64.28% SPREAD:0.43107401% BID:1.0903 ASK:1.095 STATE:IDLE
[2026-02-28 06:04:14] CHK EMA1m:OK EMA5m:OK RSI:63.52765321 VOL:OK MOM:2.91% RANGE:2.91% UP:64.28% SPREAD:0.71467839% BID:1.0914 ASK:1.0992 STATE:IDLE
[2026-02-28 06:04:15] CHK EMA1m:OK EMA5m:OK RSI:63.52765321 VOL:OK MOM:2.46% RANGE:2.89% UP:60.71% SPREAD:0.59808612% BID:1.0868 ASK:1.0933 STATE:IDLE
[2026-02-28 06:04:16] CHK EMA1m:OK EMA5m:OK RSI:63.52765321 VOL:OK MOM:1.63% RANGE:2.59% UP:57.14% SPREAD:1.10987791% BID:1.0812 ASK:1.0932 STATE:IDLE
[2026-02-28 06:04:17] CHK EMA1m:OK EMA5m:OK RSI:63.52765321 VOL:OK MOM:1.65% RANGE:2.43% UP:57.14% SPREAD:0.95097405% BID:1.0831 ASK:1.0934 STATE:IDLE
[2026-02-28 06:04:18] CHK EMA1m:OK EMA5m:OK RSI:63.52765321 VOL:OK MOM:1.55% RANGE:1.97% UP:57.14% SPREAD:0.75443923% BID:1.0869 ASK:1.0951 STATE:IDLE
[2026-02-28 06:04:19] CHK EMA1m:OK EMA5m:OK RSI:63.52765321 VOL:OK MOM:1.46% RANGE:1.97% UP:55.17% SPREAD:0.83793738% BID:1.086 ASK:1.0951 STATE:IDLE
[2026-02-28 06:04:20] CHK EMA1m:OK EMA5m:OK RSI:63.52765321 VOL:OK MOM:1.54% RANGE:1.74% UP:55.17% SPREAD:0.58581235% BID:1.0925 ASK:1.0989 STATE:IDLE
[2026-02-28 06:04:22] CHK EMA1m:OK EMA5m:OK RSI:63.52765321 VOL:OK MOM:1.18% RANGE:1.74% UP:51.72% SPREAD:0.60567128% BID:1.0897 ASK:1.0963 STATE:IDLE
[2026-02-28 06:04:24] CHK EMA1m:OK EMA5m:OK RSI:63.52765321 VOL:OK MOM:1.45% RANGE:1.74% UP:55.55% SPREAD:0.63337617% BID:1.0894 ASK:1.0963 STATE:IDLE
[2026-02-28 06:04:24] DECIDE_HOLD reason=HOLD_SPREAD spread=0.6334% mom=1.4528% range=1.7415% up=55.56% rsi=63.52765321375188
[2026-02-28 06:04:25] CHK EMA1m:OK EMA5m:OK RSI:63.52765321 VOL:OK MOM:1.13% RANGE:1.42% UP:48% SPREAD:0.45901037% BID:1.0893 ASK:1.0943 STATE:IDLE
[2026-02-28 06:04:26] CHK EMA1m:OK EMA5m:OK RSI:63.52765321 VOL:OK MOM:0.83% RANGE:1.12% UP:43.47% SPREAD:0.45901037% BID:1.0893 ASK:1.0943 STATE:IDLE
[2026-02-28 06:04:27] CHK EMA1m:OK EMA5m:OK RSI:63.52765321 VOL:OK MOM:0.44% RANGE:1.07% UP:40.9% SPREAD:0.60790273% BID:1.0857 ASK:1.0923 STATE:IDLE
[2026-02-28 06:04:28] CHK EMA1m:OK EMA5m:OK RSI:64.68885672 VOL:OK MOM:0.19% RANGE:1.04% UP:42.85% SPREAD:0.58011049% BID:1.086 ASK:1.0923 STATE:IDLE
[2026-02-28 06:04:29] CHK EMA1m:OK EMA5m:OK RSI:64.68885672 VOL:OK MOM:0.22% RANGE:1.04% UP:47.36% SPREAD:0.49682583% BID:1.0869 ASK:1.0923 STATE:IDLE
[2026-02-28 06:04:30] CHK EMA1m:OK EMA5m:OK RSI:64.68885672 VOL:OK MOM:-0.01% RANGE:1.04% UP:5E+1% SPREAD:0.47829286% BID:1.0872 ASK:1.0924 STATE:IDLE
[2026-02-28 06:04:31] CHK EMA1m:OK EMA5m:OK RSI:64.68885672 VOL:OK MOM:-0.23% RANGE:1.04% UP:47.05% SPREAD:0.69194575% BID:1.0839 ASK:1.0914 STATE:IDLE
[2026-02-28 06:04:32] CHK EMA1m:OK EMA5m:OK RSI:64.68885672 VOL:OK MOM:-0.44% RANGE:1.04% UP:47.05% SPREAD:0.54352832% BID:1.0855 ASK:1.0914 STATE:IDLE
[2026-02-28 06:04:34] CHK EMA1m:OK EMA5m:OK RSI:64.68885672 VOL:OK MOM:-0.59% RANGE:1.04% UP:41.17% SPREAD:0.59913356% BID:1.0849 ASK:1.0914 STATE:IDLE
[2026-02-28 06:04:34] DECIDE_HOLD reason=HOLD_SPREAD spread=0.5991% mom=-0.5956% range=1.0451% up=41.18% rsi=64.6888567293777
[2026-02-28 06:04:35] CHK EMA1m:OK EMA5m:OK RSI:64.68885672 VOL:OK MOM:-0.08% RANGE:1.04% UP:47.05% SPREAD:0.50649231% BID:1.0859 ASK:1.0914 STATE:IDLE
[2026-02-28 06:04:36] CHK EMA1m:OK EMA5m:OK RSI:64.68885672 VOL:OK MOM:0.47% RANGE:1.04% UP:52.94% SPREAD:0.48789468% BID:1.0863 ASK:1.0916 STATE:IDLE
[2026-02-28 06:04:37] CHK EMA1m:OK EMA5m:OK RSI:64.68885672 VOL:OK MOM:0.18% RANGE:0.86% UP:47.05% SPREAD:0.59902313% BID:1.0851 ASK:1.0916 STATE:IDLE
[2026-02-28 06:04:38] CHK EMA1m:OK EMA5m:OK RSI:64.68885672 VOL:OK MOM:-0.23% RANGE:0.79% UP:41.17% SPREAD:0.67324541% BID:1.0843 ASK:1.0916 STATE:IDLE
[2026-02-28 06:04:39] CHK EMA1m:OK EMA5m:OK RSI:64.68885672 VOL:OK MOM:-0.14% RANGE:0.79% UP:47.05% SPREAD:0.64551825% BID:1.0844 ASK:1.0914 STATE:IDLE
[2026-02-28 06:04:40] CHK EMA1m:OK EMA5m:OK RSI:64.68885672 VOL:OK MOM:-0.46% RANGE:0.79% UP:47.05% SPREAD:0.59775611% BID:1.0874 ASK:1.0939 STATE:IDLE
[2026-02-28 06:04:41] CHK EMA1m:OK EMA5m:OK RSI:65.09298998 VOL:OK MOM:-0.37% RANGE:0.53% UP:47.05% SPREAD:0.76455416% BID:1.0856 ASK:1.0939 STATE:IDLE
[2026-02-28 06:04:42] CHK EMA1m:OK EMA5m:OK RSI:65.09298998 VOL:OK MOM:-0.23% RANGE:0.5% UP:52.94% SPREAD:0.65329407% BID:1.0868 ASK:1.0939 STATE:IDLE
[2026-02-28 06:04:43] CHK EMA1m:OK EMA5m:OK RSI:65.09298998 VOL:OK MOM:-0.3% RANGE:0.49% UP:52.94% SPREAD:0.72744014% BID:1.086 ASK:1.0939 STATE:IDLE
[2026-02-28 06:04:44] CHK EMA1m:OK EMA5m:OK RSI:65.09298998 VOL:OK MOM:-0.37% RANGE:0.49% UP:5E+1% SPREAD:0.80169553% BID:1.0852 ASK:1.0939 STATE:IDLE
[2026-02-28 06:04:44] DECIDE_HOLD reason=HOLD_SPREAD spread=0.8017% mom=-0.3764% range=0.4982% up=50.00% rsi=65.09298998569386
[2026-02-28 06:04:45] CHK EMA1m:OK EMA5m:OK RSI:65.09298998 VOL:OK MOM:-0.44% RANGE:0.49% UP:5E+1% SPREAD:0.6916267% BID:1.0844 ASK:1.0919 STATE:IDLE
[2026-02-28 06:04:46] CHK EMA1m:OK EMA5m:OK RSI:65.09298998 VOL:OK MOM:-0.04% RANGE:0.32% UP:55.55% SPREAD:0.61739771% BID:1.0852 ASK:1.0919 STATE:IDLE
[2026-02-28 06:04:47] CHK EMA1m:OK EMA5m:OK RSI:65.09298998 VOL:OK MOM:-0.07% RANGE:0.32% UP:5E+1% SPREAD:0.61739771% BID:1.0852 ASK:1.0919 STATE:IDLE
[2026-02-28 06:04:48] CHK EMA1m:OK EMA5m:OK RSI:64.58635703 VOL:OK MOM:0.24% RANGE:0.52% UP:5E+1% SPREAD:0.43135095% BID:1.0896 ASK:1.0943 STATE:IDLE
[2026-02-28 06:04:50] CHK EMA1m:OK EMA5m:OK RSI:65.14285714 VOL:OK MOM:0.41% RANGE:0.69% UP:52.63% SPREAD:0.47645226% BID:1.0914 ASK:1.0966 STATE:IDLE
[2026-02-28 06:04:51] CHK EMA1m:OK EMA5m:OK RSI:65.14285714 VOL:OK MOM:0.43% RANGE:0.69% UP:5E+1% SPREAD:0.75326106% BID:1.0886 ASK:1.0968 STATE:IDLE
[2026-02-28 06:04:51] CHK EMA1m:OK EMA5m:OK RSI:65.14285714 VOL:OK MOM:0.26% RANGE:0.65% UP:44.44% SPREAD:0.6155825% BID:1.0884 ASK:1.0951 STATE:IDLE
[2026-02-28 06:04:52] CHK EMA1m:OK EMA5m:OK RSI:65.14285714 VOL:OK MOM:0.34% RANGE:0.65% UP:5E+1% SPREAD:0.59709718% BID:1.0886 ASK:1.0951 STATE:IDLE
[2026-02-28 06:04:53] CHK EMA1m:OK EMA5m:OK RSI:65.14285714 VOL:OK MOM:0.5% RANGE:0.65% UP:5E+1% SPREAD:0.56807769% BID:1.0914 ASK:1.0976 STATE:IDLE
[2026-02-28 06:04:55] CHK EMA1m:OK EMA5m:OK RSI:65.14285714 VOL:OK MOM:0.54% RANGE:0.69% UP:52.63% SPREAD:0.50375526% BID:1.0918 ASK:1.0973 STATE:IDLE
[2026-02-28 06:04:55] DECIDE_HOLD reason=HOLD_SPREAD spread=0.5038% mom=0.5433% range=0.6917% up=52.63% rsi=65.14285714285715
[2026-02-28 06:04:56] CHK EMA1m:OK EMA5m:OK RSI:65.14285714 VOL:OK MOM:0.87% RANGE:0.94% UP:55.55% SPREAD:0.42024483% BID:1.0946 ASK:1.0992 STATE:IDLE
[2026-02-28 06:04:57] CHK EMA1m:OK EMA5m:OK RSI:65.26690391 VOL:OK MOM:0.63% RANGE:0.94% UP:55.55% SPREAD:0.71480938% BID:1.0912 ASK:1.099 STATE:IDLE
[2026-02-28 06:04:58] CHK EMA1m:OK EMA5m:OK RSI:65.26690391 VOL:OK MOM:0.66% RANGE:0.94% UP:55.55% SPREAD:0.67790399% BID:1.0916 ASK:1.099 STATE:IDLE
[2026-02-28 06:04:59] CHK EMA1m:OK EMA5m:OK RSI:65.26690391 VOL:OK MOM:0.2% RANGE:0.94% UP:5E+1% SPREAD:0.78928046% BID:1.0896 ASK:1.0982 STATE:IDLE
[2026-02-28 06:05:00] CHK EMA1m:OK EMA5m:OK RSI:65.26690391 VOL:OK MOM:0.2% RANGE:0.94% UP:47.36% SPREAD:0.73421439% BID:1.0896 ASK:1.0976 STATE:IDLE
[2026-02-28 06:05:02] CHK EMA1m:OK EMA5m:OK RSI:66.54571843 VOL:NO MOM:0.11% RANGE:0.94% UP:44.44% SPREAD:0.6617647% BID:1.088 ASK:1.0952 STATE:IDLE
[2026-02-28 06:05:03] CHK EMA1m:OK EMA5m:OK RSI:66.54571843 VOL:NO MOM:0.34% RANGE:0.94% UP:5E+1% SPREAD:0.48632776% BID:1.0898 ASK:1.0951 STATE:IDLE
[2026-02-28 06:05:04] CHK EMA1m:OK EMA5m:OK RSI:66.54571843 VOL:NO MOM:0.49% RANGE:0.94% UP:55.55% SPREAD:0.57766367% BID:1.0906 ASK:1.0969 STATE:IDLE
[2026-02-28 06:05:05] CHK EMA1m:OK EMA5m:OK RSI:66.54571843 VOL:NO MOM:0.73% RANGE:0.94% UP:61.11% SPREAD:0.47601611% BID:1.0924 ASK:1.0976 STATE:IDLE
[2026-02-28 06:05:05] DECIDE_HOLD reason=HOLD_SPREAD spread=0.4760% mom=0.7377% range=0.9406% up=61.11% rsi=66.54571843251095
[2026-02-28 06:05:06] CHK EMA1m:OK EMA5m:OK RSI:66.54571843 VOL:NO MOM:0.62% RANGE:0.86% UP:55.55% SPREAD:0.62271062% BID:1.092 ASK:1.0988 STATE:IDLE
[2026-02-28 06:05:07] CHK EMA1m:OK EMA5m:OK RSI:66.54571843 VOL:NO MOM:0.49% RANGE:0.86% UP:55.55% SPREAD:0.75187969% BID:1.0906 ASK:1.0988 STATE:IDLE
[2026-02-28 06:05:08] CHK EMA1m:OK EMA5m:OK RSI:66.54571843 VOL:NO MOM:0.05% RANGE:0.6% UP:5E+1% SPREAD:0.62373876% BID:1.0902 ASK:1.097 STATE:IDLE
[2026-02-28 06:05:09] CHK EMA1m:OK EMA5m:OK RSI:66.54571843 VOL:NO MOM:-0.43% RANGE:0.73% UP:44.44% SPREAD:0.5981962% BID:1.0866 ASK:1.0931 STATE:IDLE
[2026-02-28 06:05:10] CHK EMA1m:OK EMA5m:OK RSI:66.54571843 VOL:NO MOM:-0.22% RANGE:0.77% UP:44.44% SPREAD:0.63524212% BID:1.0862 ASK:1.0931 STATE:IDLE
[2026-02-28 06:05:11] CHK EMA1m:OK EMA5m:OK RSI:66.54571843 VOL:NO MOM:-0.35% RANGE:0.93% UP:44.44% SPREAD:0.79299216% BID:1.0845 ASK:1.0931 STATE:IDLE
[2026-02-28 06:05:12] CHK EMA1m:OK EMA5m:OK RSI:66.54571843 VOL:NO MOM:-0.3% RANGE:0.93% UP:44.44% SPREAD:0.71869529% BID:1.0853 ASK:1.0931 STATE:IDLE
[2026-02-28 06:05:13] CHK EMA1m:OK EMA5m:OK RSI:66.54571843 VOL:NO MOM:-0.46% RANGE:0.93% UP:44.44% SPREAD:0.62597809% BID:1.0863 ASK:1.0931 STATE:IDLE
[2026-02-28 06:05:14] CHK EMA1m:OK EMA5m:OK RSI:66.54571843 VOL:NO MOM:-0.5% RANGE:0.93% UP:38.88% SPREAD:0.62597809% BID:1.0863 ASK:1.0931 STATE:IDLE
[2026-02-28 06:05:16] CHK EMA1m:OK EMA5m:OK RSI:66.54571843 VOL:NO MOM:-0.75% RANGE:0.93% UP:33.33% SPREAD:0.62597809% BID:1.0863 ASK:1.0931 STATE:IDLE
[2026-02-28 06:05:16] DECIDE_HOLD reason=HOLD_SPREAD spread=0.6260% mom=-0.7583% range=0.9313% up=33.33% rsi=66.54571843251095
[2026-02-28 06:05:17] CHK EMA1m:OK EMA5m:OK RSI:66.54571843 VOL:NO MOM:-0.54% RANGE:0.72% UP:33.33% SPREAD:0.71869529% BID:1.0853 ASK:1.0931 STATE:IDLE
[2026-02-28 06:05:18] CHK EMA1m:OK EMA5m:OK RSI:66.54571843 VOL:NO MOM:-0.55% RANGE:0.72% UP:33.33% SPREAD:0.63565177% BID:1.0855 ASK:1.0924 STATE:IDLE
[2026-02-28 06:05:19] CHK EMA1m:OK EMA5m:OK RSI:66.54571843 VOL:NO MOM:-0% RANGE:0.72% UP:38.88% SPREAD:0.47728315% BID:1.0895 ASK:1.0947 STATE:IDLE
[2026-02-28 06:05:20] CHK EMA1m:OK EMA5m:OK RSI:66.54571843 VOL:NO MOM:0% RANGE:0.72% UP:44.44% SPREAD:0.65155547% BID:1.0897 ASK:1.0968 STATE:IDLE
[2026-02-28 06:05:21] CHK EMA1m:OK EMA5m:OK RSI:62.59385665 VOL:OK MOM:-0.18% RANGE:0.72% UP:44.44% SPREAD:0.51565377% BID:1.086 ASK:1.0916 STATE:IDLE
[2026-02-28 06:05:22] CHK EMA1m:OK EMA5m:OK RSI:62.59385665 VOL:OK MOM:-0.48% RANGE:0.72% UP:38.88% SPREAD:0.64545873% BID:1.0845 ASK:1.0915 STATE:IDLE
[2026-02-28 06:05:23] CHK EMA1m:OK EMA5m:OK RSI:62.59385665 VOL:OK MOM:-0.68% RANGE:0.85% UP:33.33% SPREAD:0.77555165% BID:1.0831 ASK:1.0915 STATE:IDLE
[2026-02-28 06:05:24] CHK EMA1m:OK EMA5m:OK RSI:65.08161816 VOL:OK MOM:-0.97% RANGE:0.97% UP:27.77% SPREAD:0.89665372% BID:1.0818 ASK:1.0915 STATE:IDLE
[2026-02-28 06:05:26] CHK EMA1m:OK EMA5m:OK RSI:65.08161816 VOL:OK MOM:-0.89% RANGE:0.94% UP:33.33% SPREAD:0.85936056% BID:1.0822 ASK:1.0915 STATE:IDLE
[2026-02-28 06:05:26] DECIDE_HOLD reason=HOLD_SPREAD spread=0.8594% mom=-0.8974% range=0.9429% up=33.33% rsi=65.08161816891413
[2026-02-28 06:05:28] CHK EMA1m:OK EMA5m:OK RSI:63.94700139 VOL:OK MOM:-0.77% RANGE:0.81% UP:33.33% SPREAD:0.62834965% BID:1.0822 ASK:1.089 STATE:IDLE
[2026-02-28 06:05:29] CHK EMA1m:OK EMA5m:OK RSI:63.94700139 VOL:OK MOM:-0.27% RANGE:0.73% UP:41.17% SPREAD:0.69213732% BID:1.0836 ASK:1.0911 STATE:IDLE
[2026-02-28 06:05:30] CHK EMA1m:OK EMA5m:OK RSI:63.94700139 VOL:OK MOM:-0% RANGE:0.73% UP:5E+1% SPREAD:0.6086315% BID:1.0844 ASK:1.091 STATE:IDLE
[2026-02-28 06:05:31] CHK EMA1m:OK EMA5m:OK RSI:65.08161816 VOL:OK MOM:0.17% RANGE:0.73% UP:52.94% SPREAD:0.66273932% BID:1.0864 ASK:1.0936 STATE:IDLE
[2026-02-28 06:05:32] CHK EMA1m:OK EMA5m:OK RSI:65.08161816 VOL:OK MOM:0.36% RANGE:0.73% UP:52.94% SPREAD:0.6150739% BID:1.0893 ASK:1.096 STATE:IDLE
[2026-02-28 06:05:33] CHK EMA1m:OK EMA5m:OK RSI:65.08161816 VOL:OK MOM:0.27% RANGE:0.73% UP:5E+1% SPREAD:0.6150739% BID:1.0893 ASK:1.096 STATE:IDLE
[2026-02-28 06:05:34] CHK EMA1m:OK EMA5m:OK RSI:65.08161816 VOL:OK MOM:0.11% RANGE:0.73% UP:5E+1% SPREAD:0.70804597% BID:1.0875 ASK:1.0952 STATE:IDLE
[2026-02-28 06:05:35] CHK EMA1m:OK EMA5m:OK RSI:65.08161816 VOL:OK MOM:0.23% RANGE:0.73% UP:56.25% SPREAD:0.6802721% BID:1.0878 ASK:1.0952 STATE:IDLE
[2026-02-28 06:05:35] DECIDE_HOLD reason=HOLD_SPREAD spread=0.6803% mom=0.2304% range=0.7303% up=56.25% rsi=65.08161816891413
[2026-02-28 06:05:36] CHK EMA1m:OK EMA5m:OK RSI:65.08161816 VOL:OK MOM:0.23% RANGE:0.73% UP:52.94% SPREAD:0.6802721% BID:1.0878 ASK:1.0952 STATE:IDLE
[2026-02-28 06:05:38] CHK EMA1m:OK EMA5m:OK RSI:65.08161816 VOL:OK MOM:0.3% RANGE:0.73% UP:52.94% SPREAD:0.58780308% BID:1.0888 ASK:1.0952 STATE:IDLE
[2026-02-28 06:05:39] CHK EMA1m:OK EMA5m:OK RSI:65.08161816 VOL:OK MOM:-0.14% RANGE:0.73% UP:43.75% SPREAD:0.65251355% BID:1.0881 ASK:1.0952 STATE:IDLE
[2026-02-28 06:05:40] CHK EMA1m:OK EMA5m:OK RSI:65.08161816 VOL:OK MOM:0.21% RANGE:0.69% UP:5E+1% SPREAD:0.63401635% BID:1.0883 ASK:1.0952 STATE:IDLE
[2026-02-28 06:05:41] CHK EMA1m:OK EMA5m:OK RSI:65.08161816 VOL:OK MOM:0.35% RANGE:0.69% UP:5E+1% SPREAD:0.63401635% BID:1.0883 ASK:1.0952 STATE:IDLE
[2026-02-28 06:05:42] CHK EMA1m:OK EMA5m:OK RSI:65.08161816 VOL:OK MOM:0.48% RANGE:0.69% UP:5E+1% SPREAD:0.63401635% BID:1.0883 ASK:1.0952 STATE:IDLE
[2026-02-28 06:05:44] CHK EMA1m:OK EMA5m:OK RSI:65.08161816 VOL:OK MOM:0.35% RANGE:0.69% UP:5E+1% SPREAD:0.81061164% BID:1.0856 ASK:1.0944 STATE:IDLE
[2026-02-28 06:05:45] CHK EMA1m:OK EMA5m:OK RSI:65.08161816 VOL:OK MOM:0.35% RANGE:0.65% UP:5E+1% SPREAD:0.77348066% BID:1.086 ASK:1.0944 STATE:IDLE
[2026-02-28 06:05:46] CHK EMA1m:OK EMA5m:OK RSI:65.08161816 VOL:OK MOM:0.31% RANGE:0.65% UP:5E+1% SPREAD:0.81061164% BID:1.0856 ASK:1.0944 STATE:IDLE
[2026-02-28 06:05:46] DECIDE_HOLD reason=HOLD_SPREAD spread=0.8106% mom=0.3142% range=0.6561% up=50.00% rsi=65.08161816891413
[2026-02-28 06:05:46] CHK EMA1m:OK EMA5m:OK RSI:66.44927536 VOL:OK MOM:0.2% RANGE:0.65% UP:47.05% SPREAD:0.91294725% BID:1.0844 ASK:1.0943 STATE:IDLE
[2026-02-28 06:05:47] CHK EMA1m:OK EMA5m:OK RSI:66.44927536 VOL:OK MOM:0% RANGE:0.52% UP:41.17% SPREAD:0.77519379% BID:1.0836 ASK:1.092 STATE:IDLE
[2026-02-28 06:05:49] CHK EMA1m:OK EMA5m:OK RSI:66.44927536 VOL:OK MOM:0.23% RANGE:0.52% UP:44.44% SPREAD:0.54317805% BID:1.0862 ASK:1.0921 STATE:IDLE
[2026-02-28 06:05:50] CHK EMA1m:OK EMA5m:OK RSI:66.44927536 VOL:OK MOM:-0.05% RANGE:0.52% UP:38.88% SPREAD:0.71968997% BID:1.0838 ASK:1.0916 STATE:IDLE
[2026-02-28 06:05:51] CHK EMA1m:OK EMA5m:OK RSI:66.44927536 VOL:OK MOM:-0.34% RANGE:0.61% UP:33.33% SPREAD:0.83133197% BID:1.0826 ASK:1.0916 STATE:IDLE
[2026-02-28 06:05:52] CHK EMA1m:OK EMA5m:OK RSI:66.44927536 VOL:OK MOM:-0.58% RANGE:0.61% UP:35.29% SPREAD:0.80339828% BID:1.0829 ASK:1.0916 STATE:IDLE
[2026-02-28 06:05:53] CHK EMA1m:OK EMA5m:OK RSI:66.44927536 VOL:OK MOM:-0.58% RANGE:0.61% UP:33.33% SPREAD:0.80339828% BID:1.0829 ASK:1.0916 STATE:IDLE
[2026-02-28 06:05:55] CHK EMA1m:OK EMA5m:OK RSI:66.44927536 VOL:OK MOM:-0.16% RANGE:0.57% UP:38.88% SPREAD:0.57106014% BID:1.0857 ASK:1.0919 STATE:IDLE
[2026-02-28 06:05:56] CHK EMA1m:OK EMA5m:OK RSI:66.44927536 VOL:OK MOM:-0.17% RANGE:0.57% UP:41.17% SPREAD:0.71829818% BID:1.0859 ASK:1.0937 STATE:IDLE
[2026-02-28 06:05:56] DECIDE_HOLD reason=HOLD_SPREAD spread=0.7183% mom=-0.1747% range=0.5727% up=41.18% rsi=66.44927536231891
[2026-02-28 06:05:57] CHK EMA1m:OK EMA5m:OK RSI:66.44927536 VOL:OK MOM:0% RANGE:0.58% UP:41.17% SPREAD:0.57856552% BID:1.0889 ASK:1.0952 STATE:IDLE
[2026-02-28 06:05:58] CHK EMA1m:OK EMA5m:OK RSI:66.44927536 VOL:OK MOM:0.31% RANGE:0.82% UP:47.05% SPREAD:0.41227668% BID:1.0915 ASK:1.096 STATE:IDLE
[2026-02-28 06:05:58] CHK EMA1m:OK EMA5m:OK RSI:66.44927536 VOL:OK MOM:0.33% RANGE:0.84% UP:5E+1% SPREAD:0.3938811% BID:1.0917 ASK:1.096 STATE:IDLE
[2026-02-28 06:06:00] CHK EMA1m:OK EMA5m:OK RSI:66.8821839 VOL:OK MOM:0.4% RANGE:0.93% UP:5E+1% SPREAD:0.63146334% BID:1.0927 ASK:1.0996 STATE:IDLE
[2026-02-28 06:06:01] CHK EMA1m:OK EMA5m:OK RSI:66.8821839 VOL:OK MOM:0.62% RANGE:1.15% UP:55.55% SPREAD:0.44744772% BID:1.0951 ASK:1.1 STATE:IDLE
[2026-02-28 06:06:02] CHK EMA1m:OK EMA5m:OK RSI:64.86280487 VOL:NO MOM:0.74% RANGE:1.27% UP:61.11% SPREAD:0.32834731% BID:1.0964 ASK:1.1 STATE:IDLE
[2026-02-28 06:06:03] BUY symbol=BARDUSDC qty=8.4 entry=1.0997999999999999 momPct=0.007442800698336852 rangePct=0.012747090338075036 upRatio=0.6111111111111112 profile=major
[2026-02-28 06:06:03] CHK EMA1m:OK EMA5m:OK RSI:65.85185185 VOL:OK MOM:0.81% RANGE:1.27% UP:61.11% SPREAD:0.47510278% BID:1.0945 ASK:1.0997 STATE:IN_POS
[2026-02-28 06:06:04] CHK EMA1m:OK EMA5m:OK RSI:65.85185185 VOL:OK MOM:0.39% RANGE:1.27% UP:55.55% SPREAD:0.85297624% BID:1.0903 ASK:1.0996 STATE:IN_POS
[2026-02-28 06:06:05] SELL symbol=BARDUSDC qty=8.4 exit=1.0921 pnl=-0.06467999999999847 reason=STOP profile=major
[2026-02-28 06:06:37] CHK EMA1m:OK EMA5m:OK RSI:60.82916368 VOL:OK MOM:-0.01% RANGE:0.4% UP:18.91% SPREAD:0.61620527% BID:1.0873 ASK:1.094 STATE:IDLE
[2026-02-28 06:06:37] DECIDE_HOLD reason=HOLD_SPREAD spread=0.6162% mom=-0.0184% range=0.4058% up=18.92% rsi=60.82916368834882
[2026-02-28 06:06:38] CHK EMA1m:OK EMA5m:OK RSI:60.82916368 VOL:OK MOM:-0.12% RANGE:0.4% UP:19.44% SPREAD:0.72737317% BID:1.0861 ASK:1.094 STATE:IDLE
[2026-02-28 06:06:39] CHK EMA1m:OK EMA5m:OK RSI:63.88888888 VOL:OK MOM:0.16% RANGE:0.4% UP:2E+1% SPREAD:0.72737317% BID:1.0861 ASK:1.094 STATE:IDLE
[2026-02-28 06:06:40] CHK EMA1m:OK EMA5m:OK RSI:63.88888888 VOL:OK MOM:0% RANGE:0.23% UP:15.15% SPREAD:0.72737317% BID:1.0861 ASK:1.094 STATE:IDLE
[2026-02-28 06:06:41] CHK EMA1m:OK EMA5m:OK RSI:63.88888888 VOL:OK MOM:-0.02% RANGE:0.23% UP:12.5% SPREAD:0.64397424% BID:1.087 ASK:1.094 STATE:IDLE
[2026-02-28 06:06:43] CHK EMA1m:OK EMA5m:OK RSI:63.88888888 VOL:OK MOM:0.02% RANGE:0.23% UP:16.12% SPREAD:0.62522986% BID:1.0876 ASK:1.0944 STATE:IDLE
[2026-02-28 06:06:44] CHK EMA1m:OK EMA5m:OK RSI:63.88888888 VOL:OK MOM:-0.06% RANGE:0.23% UP:14.28% SPREAD:0.62522986% BID:1.0876 ASK:1.0944 STATE:IDLE
[2026-02-28 06:06:45] CHK EMA1m:OK EMA5m:OK RSI:63.88888888 VOL:OK MOM:-0.06% RANGE:0.23% UP:14.81% SPREAD:0.6160353% BID:1.0876 ASK:1.0943 STATE:IDLE
[2026-02-28 06:06:46] CHK EMA1m:OK EMA5m:OK RSI:64.03310759 VOL:OK MOM:-0.06% RANGE:0.23% UP:16% SPREAD:0.49641478% BID:1.0878 ASK:1.0932 STATE:IDLE
[2026-02-28 06:06:46] DECIDE_HOLD reason=HOLD_SPREAD spread=0.4964% mom=-0.0643% range=0.2394% up=16.00% rsi=64.0331075996991
[2026-02-28 06:06:48] CHK EMA1m:OK EMA5m:OK RSI:64.03310759 VOL:OK MOM:-0.08% RANGE:0.23% UP:12.5% SPREAD:0.58834344% BID:1.0878 ASK:1.0942 STATE:IDLE
[2026-02-28 06:06:49] CHK EMA1m:OK EMA5m:OK RSI:64.03310759 VOL:OK MOM:-0.08% RANGE:0.23% UP:13.63% SPREAD:0.57915057% BID:1.0878 ASK:1.0941 STATE:IDLE
[2026-02-28 06:06:50] CHK EMA1m:OK EMA5m:OK RSI:64.03310759 VOL:OK MOM:0.04% RANGE:0.15% UP:15% SPREAD:0.57915057% BID:1.0878 ASK:1.0941 STATE:IDLE
[2026-02-28 06:06:51] CHK EMA1m:OK EMA5m:OK RSI:64.03310759 VOL:OK MOM:0.04% RANGE:0.15% UP:15.78% SPREAD:0.57915057% BID:1.0878 ASK:1.0941 STATE:IDLE
[2026-02-28 06:06:53] CHK EMA1m:OK EMA5m:OK RSI:64.03310759 VOL:OK MOM:-0.21% RANGE:0.25% UP:16.66% SPREAD:0.83870967% BID:1.085 ASK:1.0941 STATE:IDLE
[2026-02-28 06:06:54] CHK EMA1m:OK EMA5m:OK RSI:64.03310759 VOL:OK MOM:-0.27% RANGE:0.32% UP:18.75% SPREAD:0.86691874% BID:1.0843 ASK:1.0937 STATE:IDLE
[2026-02-28 06:06:55] CHK EMA1m:OK EMA5m:OK RSI:64.03310759 VOL:OK MOM:-0.25% RANGE:0.32% UP:26.66% SPREAD:0.84831719% BID:1.0845 ASK:1.0937 STATE:IDLE
[2026-02-28 06:06:56] CHK EMA1m:OK EMA5m:OK RSI:64.03310759 VOL:OK MOM:-0.25% RANGE:0.32% UP:25% SPREAD:0.84831719% BID:1.0845 ASK:1.0937 STATE:IDLE
[2026-02-28 06:06:57] CHK EMA1m:OK EMA5m:OK RSI:64.03310759 VOL:OK MOM:-0.14% RANGE:0.32% UP:25% SPREAD:0.84831719% BID:1.0845 ASK:1.0937 STATE:IDLE
[2026-02-28 06:06:57] DECIDE_HOLD reason=HOLD_SPREAD spread=0.8483% mom=-0.1473% range=0.3228% up=25.00% rsi=64.0331075996991
[2026-02-28 06:06:59] CHK EMA1m:OK EMA5m:OK RSI:64.03310759 VOL:OK MOM:-0.14% RANGE:0.32% UP:25% SPREAD:0.81143384% BID:1.0845 ASK:1.0933 STATE:IDLE
[2026-02-28 06:07:00] CHK EMA1m:OK EMA5m:OK RSI:64.03310759 VOL:OK MOM:-0.11% RANGE:0.32% UP:31.25% SPREAD:0.63600331% BID:1.0849 ASK:1.0918 STATE:IDLE
[2026-02-28 06:07:01] CHK EMA1m:OK EMA5m:OK RSI:64.03310759 VOL:OK MOM:-0.24% RANGE:0.32% UP:25% SPREAD:0.65480033% BID:1.0843 ASK:1.0914 STATE:IDLE
[2026-02-28 06:07:01] CHK EMA1m:OK EMA5m:OK RSI:68.1345076 VOL:NO MOM:-0.3% RANGE:0.32% UP:18.75% SPREAD:0.64557779% BID:1.0843 ASK:1.0913 STATE:IDLE
[2026-02-28 06:07:02] CHK EMA1m:OK EMA5m:OK RSI:68.1345076 VOL:NO MOM:-0.11% RANGE:0.32% UP:25% SPREAD:0.65359477% BID:1.0863 ASK:1.0934 STATE:IDLE
[2026-02-28 06:07:04] CHK EMA1m:OK EMA5m:OK RSI:68.1345076 VOL:NO MOM:-0.11% RANGE:0.32% UP:23.52% SPREAD:0.65359477% BID:1.0863 ASK:1.0934 STATE:IDLE
[2026-02-28 06:07:05] CHK EMA1m:OK EMA5m:OK RSI:68.1345076 VOL:NO MOM:-0.24% RANGE:0.32% UP:18.75% SPREAD:0.76490646% BID:1.0851 ASK:1.0934 STATE:IDLE
[2026-02-28 06:07:06] CHK EMA1m:OK EMA5m:OK RSI:68.1345076 VOL:NO MOM:-0.15% RANGE:0.32% UP:23.52% SPREAD:0.67212963% BID:1.0861 ASK:1.0934 STATE:IDLE
[2026-02-28 06:07:07] CHK EMA1m:OK EMA5m:OK RSI:68.1345076 VOL:NO MOM:-0.11% RANGE:0.32% UP:31.25% SPREAD:0.63506672% BID:1.0865 ASK:1.0934 STATE:IDLE
[2026-02-28 06:07:07] DECIDE_HOLD reason=HOLD_SPREAD spread=0.6351% mom=-0.1195% range=0.3228% up=31.25% rsi=68.13450760608495
[2026-02-28 06:07:08] CHK EMA1m:OK EMA5m:OK RSI:68.1345076 VOL:NO MOM:-0.11% RANGE:0.32% UP:29.41% SPREAD:0.63506672% BID:1.0865 ASK:1.0934 STATE:IDLE
[2026-02-28 06:07:10] CHK EMA1m:OK EMA5m:OK RSI:68.1345076 VOL:NO MOM:-0.11% RANGE:0.32% UP:29.41% SPREAD:0.63506672% BID:1.0865 ASK:1.0934 STATE:IDLE
[2026-02-28 06:07:11] CHK EMA1m:OK EMA5m:OK RSI:68.1345076 VOL:NO MOM:-0.43% RANGE:0.43% UP:29.41% SPREAD:0.84018096% BID:1.0831 ASK:1.0922 STATE:IDLE
[2026-02-28 06:07:12] CHK EMA1m:OK EMA5m:OK RSI:68.1345076 VOL:NO MOM:-0.17% RANGE:0.31% UP:29.41% SPREAD:0.84018096% BID:1.0831 ASK:1.0922 STATE:IDLE
[2026-02-28 06:07:13] CHK EMA1m:OK EMA5m:OK RSI:68.1345076 VOL:NO MOM:-0.18% RANGE:0.38% UP:29.41% SPREAD:0.91471865% BID:1.0823 ASK:1.0922 STATE:IDLE
[2026-02-28 06:07:14] CHK EMA1m:OK EMA5m:OK RSI:68.1345076 VOL:NO MOM:-0.16% RANGE:0.38% UP:33.33% SPREAD:0.8960739% BID:1.0825 ASK:1.0922 STATE:IDLE
[2026-02-28 06:07:15] CHK EMA1m:OK EMA5m:OK RSI:68.1345076 VOL:NO MOM:-0.14% RANGE:0.38% UP:33.33% SPREAD:0.85880506% BID:1.0829 ASK:1.0922 STATE:IDLE
[2026-02-28 06:07:16] CHK EMA1m:OK EMA5m:OK RSI:68.1345076 VOL:NO MOM:0% RANGE:0.38% UP:41.17% SPREAD:0.71000461% BID:1.0845 ASK:1.0922 STATE:IDLE
[2026-02-28 06:07:17] CHK EMA1m:OK EMA5m:OK RSI:68.1345076 VOL:NO MOM:0% RANGE:0.38% UP:41.17% SPREAD:0.71000461% BID:1.0845 ASK:1.0922 STATE:IDLE
[2026-02-28 06:07:18] CHK EMA1m:OK EMA5m:OK RSI:68.1345076 VOL:NO MOM:-0.03% RANGE:0.38% UP:35.29% SPREAD:0.71000461% BID:1.0845 ASK:1.0922 STATE:IDLE
[2026-02-28 06:07:18] DECIDE_HOLD reason=HOLD_SPREAD spread=0.7100% mom=-0.0369% range=0.3881% up=35.29% rsi=68.13450760608495
[2026-02-28 06:07:19] CHK EMA1m:OK EMA5m:OK RSI:68.1345076 VOL:NO MOM:-0.4% RANGE:0.55% UP:33.33% SPREAD:0.8699676% BID:1.0805 ASK:1.0899 STATE:IDLE
[2026-02-28 06:07:20] CHK EMA1m:OK EMA5m:OK RSI:68.1345076 VOL:NO MOM:-0.25% RANGE:0.55% UP:38.88% SPREAD:0.77669902% BID:1.0815 ASK:1.0899 STATE:IDLE
[2026-02-28 06:07:21] CHK EMA1m:OK EMA5m:OK RSI:68.1345076 VOL:NO MOM:-0.37% RANGE:0.58% UP:38.88% SPREAD:0.89798185% BID:1.0802 ASK:1.0899 STATE:IDLE
[2026-02-28 06:07:22] CHK EMA1m:OK EMA5m:OK RSI:68.1345076 VOL:NO MOM:-1.04% RANGE:1.06% UP:33.33% SPREAD:0.71627906% BID:1.075 ASK:1.0827 STATE:IDLE
[2026-02-28 06:07:23] CHK EMA1m:OK EMA5m:OK RSI:68.1345076 VOL:NO MOM:-1.04% RANGE:1.06% UP:33.33% SPREAD:0.71627906% BID:1.075 ASK:1.0827 STATE:IDLE
[2026-02-28 06:07:24] CHK EMA1m:OK EMA5m:OK RSI:68.1345076 VOL:NO MOM:-0.87% RANGE:1.06% UP:38.88% SPREAD:0.66009669% BID:1.0756 ASK:1.0827 STATE:IDLE
[2026-02-28 06:07:26] CHK EMA1m:OK EMA5m:OK RSI:68.1345076 VOL:NO MOM:-1.03% RANGE:1.07% UP:33.33% SPREAD:0.72564889% BID:1.0749 ASK:1.0827 STATE:IDLE
[2026-02-28 06:07:27] CHK EMA1m:OK EMA5m:OK RSI:68.1345076 VOL:NO MOM:-0.82% RANGE:1.07% UP:33.33% SPREAD:0.69605568% BID:1.0775 ASK:1.085 STATE:IDLE
[2026-02-28 06:07:28] CHK EMA1m:OK EMA5m:OK RSI:68.1345076 VOL:NO MOM:-0.82% RANGE:1.07% UP:33.33% SPREAD:0.69605568% BID:1.0775 ASK:1.085 STATE:IDLE
[2026-02-28 06:07:28] DECIDE_HOLD reason=HOLD_SPREAD spread=0.6961% mom=-0.8283% range=1.0792% up=33.33% rsi=68.13450760608495
[2026-02-28 06:07:29] CHK EMA1m:OK EMA5m:OK RSI:68.1345076 VOL:NO MOM:-0.51% RANGE:0.89% UP:35.29% SPREAD:0.69605568% BID:1.0775 ASK:1.085 STATE:IDLE
[2026-02-28 06:07:31] CHK EMA1m:OK EMA5m:OK RSI:68.1345076 VOL:NO MOM:-0.42% RANGE:0.89% UP:38.88% SPREAD:0.60268891% BID:1.0785 ASK:1.085 STATE:IDLE
[2026-02-28 06:07:32] CHK EMA1m:OK EMA5m:OK RSI:68.1345076 VOL:NO MOM:-0.57% RANGE:0.89% UP:41.17% SPREAD:0.80847504% BID:1.0761 ASK:1.0848 STATE:IDLE
[2026-02-28 06:07:33] CHK EMA1m:OK EMA5m:OK RSI:68.1345076 VOL:NO MOM:-0.75% RANGE:0.94% UP:35.29% SPREAD:0.80052126% BID:1.0743 ASK:1.0829 STATE:IDLE
[2026-02-28 06:07:35] CHK EMA1m:OK EMA5m:OK RSI:68.1345076 VOL:NO MOM:-0.73% RANGE:0.94% UP:35.29% SPREAD:0.74425527% BID:1.0749 ASK:1.0829 STATE:IDLE
[2026-02-28 06:07:36] CHK EMA1m:OK EMA5m:OK RSI:68.1345076 VOL:NO MOM:-0.84% RANGE:0.94% UP:35.29% SPREAD:0.71607923% BID:1.0753 ASK:1.083 STATE:IDLE
[2026-02-28 06:07:37] CHK EMA1m:OK EMA5m:OK RSI:68.1345076 VOL:NO MOM:-0.84% RANGE:0.94% UP:37.5% SPREAD:0.71607923% BID:1.0753 ASK:1.083 STATE:IDLE
[2026-02-28 06:07:38] CHK EMA1m:OK EMA5m:OK RSI:68.1345076 VOL:NO MOM:-0.72% RANGE:0.82% UP:37.5% SPREAD:0.74578167% BID:1.0727 ASK:1.0807 STATE:IDLE
[2026-02-28 06:07:38] DECIDE_HOLD reason=HOLD_SPREAD spread=0.7458% mom=-0.7219% range=0.8204% up=37.50% rsi=68.13450760608495
[2026-02-28 06:07:39] CHK EMA1m:OK EMA5m:OK RSI:68.1345076 VOL:NO MOM:-0.81% RANGE:0.82% UP:31.25% SPREAD:0.75510394% BID:1.0727 ASK:1.0808 STATE:IDLE
[2026-02-28 06:07:40] CHK EMA1m:OK EMA5m:OK RSI:68.1345076 VOL:NO MOM:-0.5% RANGE:0.69% UP:37.5% SPREAD:0.72578393% BID:1.0747 ASK:1.0825 STATE:IDLE
[2026-02-28 06:07:42] CHK EMA1m:OK EMA5m:OK RSI:68.1345076 VOL:NO MOM:0.04% RANGE:0.54% UP:43.75% SPREAD:0.69735006% BID:1.0755 ASK:1.083 STATE:IDLE
[2026-02-28 06:07:43] CHK EMA1m:OK EMA5m:OK RSI:68.1345076 VOL:NO MOM:0.06% RANGE:0.54% UP:5E+1% SPREAD:0.66003532% BID:1.0757 ASK:1.0828 STATE:IDLE
[2026-02-28 06:07:44] CHK EMA1m:OK EMA5m:OK RSI:68.1345076 VOL:NO MOM:0.04% RANGE:0.54% UP:5E+1% SPREAD:0.61332589% BID:1.0761 ASK:1.0827 STATE:IDLE
[2026-02-28 06:07:45] CHK EMA1m:OK EMA5m:OK RSI:68.1345076 VOL:NO MOM:0.24% RANGE:0.54% UP:56.25% SPREAD:0.68677494% BID:1.0775 ASK:1.0849 STATE:IDLE
[2026-02-28 06:07:46] CHK EMA1m:OK EMA5m:OK RSI:68.1345076 VOL:NO MOM:0.03% RANGE:0.54% UP:56.25% SPREAD:0.64941089% BID:1.0779 ASK:1.0849 STATE:IDLE
[2026-02-28 06:07:47] CHK EMA1m:OK EMA5m:OK RSI:68.1345076 VOL:NO MOM:0.03% RANGE:0.54% UP:56.25% SPREAD:0.64013359% BID:1.0779 ASK:1.0848 STATE:IDLE
[2026-02-28 06:07:48] CHK EMA1m:OK EMA5m:OK RSI:68.1345076 VOL:NO MOM:0.03% RANGE:0.54% UP:56.25% SPREAD:0.64013359% BID:1.0779 ASK:1.0848 STATE:IDLE
[2026-02-28 06:07:49] CHK EMA1m:OK EMA5m:OK RSI:68.1345076 VOL:NO MOM:0.03% RANGE:0.54% UP:52.94% SPREAD:0.64013359% BID:1.0779 ASK:1.0848 STATE:IDLE
[2026-02-28 06:07:49] DECIDE_HOLD reason=HOLD_SPREAD spread=0.6401% mom=0.0371% range=0.5407% up=52.94% rsi=68.13450760608495
[2026-02-28 06:07:50] CHK EMA1m:OK EMA5m:OK RSI:68.1345076 VOL:NO MOM:-0.05% RANGE:0.54% UP:47.05% SPREAD:0.61230169% BID:1.0779 ASK:1.0845 STATE:IDLE
[2026-02-28 06:07:51] CHK EMA1m:OK EMA5m:OK RSI:68.1345076 VOL:NO MOM:0.16% RANGE:0.48% UP:47.05% SPREAD:0.36181463% BID:1.0779 ASK:1.0818 STATE:IDLE
[2026-02-28 06:07:52] CHK EMA1m:OK EMA5m:OK RSI:68.1345076 VOL:NO MOM:-0.05% RANGE:0.48% UP:44.44% SPREAD:0.60437006% BID:1.0755 ASK:1.082 STATE:IDLE
[2026-02-28 06:07:53] CHK EMA1m:OK EMA5m:OK RSI:68.1345076 VOL:NO MOM:0.05% RANGE:0.48% UP:41.17% SPREAD:0.60437006% BID:1.0755 ASK:1.082 STATE:IDLE
[2026-02-28 06:07:54] CHK EMA1m:OK EMA5m:OK RSI:68.1345076 VOL:NO MOM:0.01% RANGE:0.48% UP:35.29% SPREAD:0.60437006% BID:1.0755 ASK:1.082 STATE:IDLE
[2026-02-28 06:07:55] CHK EMA1m:OK EMA5m:OK RSI:68.1345076 VOL:NO MOM:0.01% RANGE:0.48% UP:33.33% SPREAD:0.60437006% BID:1.0755 ASK:1.082 STATE:IDLE
[2026-02-28 06:07:56] CHK EMA1m:OK EMA5m:OK RSI:68.1345076 VOL:NO MOM:-0.26% RANGE:0.5% UP:33.33% SPREAD:0.82051282% BID:1.0725 ASK:1.0813 STATE:IDLE
[2026-02-28 06:07:58] CHK EMA1m:OK EMA5m:OK RSI:68.1345076 VOL:NO MOM:0.05% RANGE:0.5% UP:38.88% SPREAD:0.58697475% BID:1.0733 ASK:1.0796 STATE:IDLE
[2026-02-28 06:07:59] CHK EMA1m:OK EMA5m:OK RSI:68.1345076 VOL:NO MOM:0.09% RANGE:0.5% UP:44.44% SPREAD:0.5681289% BID:1.0737 ASK:1.0798 STATE:IDLE
[2026-02-28 06:08:00] CHK EMA1m:OK EMA5m:OK RSI:68.1345076 VOL:NO MOM:-0.09% RANGE:0.5% UP:38.88% SPREAD:0.54018813% BID:1.0737 ASK:1.0795 STATE:IDLE
[2026-02-28 06:08:00] DECIDE_HOLD reason=HOLD_SPREAD spread=0.5402% mom=-0.0930% range=0.5035% up=38.89% rsi=68.13450760608495
[2026-02-28 06:08:01] CHK EMA1m:OK EMA5m:OK RSI:68.1345076 VOL:NO MOM:-0.16% RANGE:0.5% UP:33.33% SPREAD:0.46567942% BID:1.0737 ASK:1.0787 STATE:IDLE
[2026-02-28 06:08:02] CHK EMA1m:OK EMA5m:OK RSI:67.26973684 VOL:NO MOM:-0.35% RANGE:0.55% UP:27.77% SPREAD:0.57841216% BID:1.0719 ASK:1.0781 STATE:IDLE
[2026-02-28 06:08:03] CHK EMA1m:OK EMA5m:OK RSI:67.26973684 VOL:NO MOM:-0.13% RANGE:0.55% UP:27.77% SPREAD:0.66064948% BID:1.0747 ASK:1.0818 STATE:IDLE
[2026-02-28 06:08:04] CHK EMA1m:OK EMA5m:OK RSI:67.26973684 VOL:NO MOM:-0.27% RANGE:0.55% UP:22.22% SPREAD:0.53047929% BID:1.0745 ASK:1.0802 STATE:IDLE
[2026-02-28 06:08:05] CHK EMA1m:OK EMA5m:OK RSI:67.26973684 VOL:NO MOM:-0.31% RANGE:0.55% UP:16.66% SPREAD:0.82829222% BID:1.0745 ASK:1.0834 STATE:IDLE
[2026-02-28 06:08:06] CHK EMA1m:OK EMA5m:OK RSI:67.26973684 VOL:NO MOM:-0.3% RANGE:0.55% UP:22.22% SPREAD:0.81890936% BID:1.0746 ASK:1.0834 STATE:IDLE
[2026-02-28 06:08:07] CHK EMA1m:OK EMA5m:OK RSI:67.26973684 VOL:NO MOM:-0.3% RANGE:0.55% UP:22.22% SPREAD:0.81890936% BID:1.0746 ASK:1.0834 STATE:IDLE
[2026-02-28 06:08:09] CHK EMA1m:OK EMA5m:OK RSI:67.26973684 VOL:NO MOM:-0.3% RANGE:0.55% UP:22.22% SPREAD:0.81890936% BID:1.0746 ASK:1.0834 STATE:IDLE
[2026-02-28 06:08:10] CHK EMA1m:OK EMA5m:OK RSI:67.26973684 VOL:NO MOM:-0.29% RANGE:0.55% UP:27.77% SPREAD:0.80952824% BID:1.0747 ASK:1.0834 STATE:IDLE
[2026-02-28 06:08:10] DECIDE_HOLD reason=HOLD_SPREAD spread=0.8095% mom=-0.2969% range=0.5598% up=27.78% rsi=67.26973684210532
[2026-02-28 06:08:11] CHK EMA1m:OK EMA5m:OK RSI:67.26973684 VOL:NO MOM:-0% RANGE:0.55% UP:33.33% SPREAD:0.56596771% BID:1.0778 ASK:1.0839 STATE:IDLE
[2026-02-28 06:08:12] CHK EMA1m:OK EMA5m:OK RSI:67.26973684 VOL:NO MOM:0.25% RANGE:0.58% UP:38.88% SPREAD:0.63068076% BID:1.0782 ASK:1.085 STATE:IDLE
[2026-02-28 06:08:13] CHK EMA1m:OK EMA5m:OK RSI:59.40450254 VOL:OK MOM:0.26% RANGE:0.6% UP:44.44% SPREAD:0.53783382% BID:1.0784 ASK:1.0842 STATE:IDLE
[2026-02-28 06:08:14] CHK EMA1m:OK EMA5m:OK RSI:59.40450254 VOL:OK MOM:0.26% RANGE:0.6% UP:44.44% SPREAD:0.50074183% BID:1.0784 ASK:1.0838 STATE:IDLE
[2026-02-28 06:08:15] CHK EMA1m:OK EMA5m:OK RSI:59.40450254 VOL:OK MOM:0.34% RANGE:0.68% UP:5E+1% SPREAD:0.54670126% BID:1.0792 ASK:1.0851 STATE:IDLE
[2026-02-28 06:08:16] CHK EMA1m:OK EMA5m:OK RSI:59.40450254 VOL:OK MOM:0.58% RANGE:0.68% UP:5E+1% SPREAD:0.54690396% BID:1.0788 ASK:1.0847 STATE:IDLE
[2026-02-28 06:08:17] CHK EMA1m:OK EMA5m:OK RSI:59.40450254 VOL:OK MOM:0.51% RANGE:0.68% UP:44.44% SPREAD:0.54690396% BID:1.0788 ASK:1.0847 STATE:IDLE
[2026-02-28 06:08:18] CHK EMA1m:OK EMA5m:OK RSI:59.40450254 VOL:OK MOM:0.32% RANGE:0.68% UP:38.88% SPREAD:0.62198291% BID:1.0772 ASK:1.0839 STATE:IDLE
[2026-02-28 06:08:19] CHK EMA1m:OK EMA5m:OK RSI:59.40450254 VOL:OK MOM:0.41% RANGE:0.68% UP:44.44% SPREAD:0.51938415% BID:1.0782 ASK:1.0838 STATE:IDLE
[2026-02-28 06:08:20] CHK EMA1m:OK EMA5m:OK RSI:59.40450254 VOL:OK MOM:0.42% RANGE:0.68% UP:5E+1% SPREAD:0.51006213% BID:1.0783 ASK:1.0838 STATE:IDLE
[2026-02-28 06:08:20] DECIDE_HOLD reason=HOLD_SPREAD spread=0.5101% mom=0.4284% range=0.6810% up=50.00% rsi=59.40450254175748
[2026-02-28 06:08:21] CHK EMA1m:OK EMA5m:OK RSI:59.40450254 VOL:OK MOM:0.59% RANGE:0.68% UP:5E+1% SPREAD:0.38950199% BID:1.0783 ASK:1.0825 STATE:IDLE
[2026-02-28 06:08:22] CHK EMA1m:OK EMA5m:OK RSI:59.40450254 VOL:OK MOM:0.33% RANGE:0.43% UP:44.44% SPREAD:0.52860984% BID:1.0783 ASK:1.084 STATE:IDLE
[2026-02-28 06:08:23] CHK EMA1m:OK EMA5m:OK RSI:59.40450254 VOL:OK MOM:0.35% RANGE:0.43% UP:44.44% SPREAD:0.45441899% BID:1.0783 ASK:1.0832 STATE:IDLE
[2026-02-28 06:08:25] CHK EMA1m:OK EMA5m:OK RSI:59.40450254 VOL:OK MOM:0.35% RANGE:0.43% UP:42.1% SPREAD:0.42659742% BID:1.0783 ASK:1.0829 STATE:IDLE
[2026-02-28 06:08:26] CHK EMA1m:OK EMA5m:OK RSI:59.40450254 VOL:OK MOM:0.36% RANGE:0.42% UP:44.44% SPREAD:0.40797403% BID:1.0785 ASK:1.0829 STATE:IDLE
[2026-02-28 06:08:27] CHK EMA1m:OK EMA5m:OK RSI:59.40450254 VOL:OK MOM:0.37% RANGE:0.42% UP:5E+1% SPREAD:0.39866493% BID:1.0786 ASK:1.0829 STATE:IDLE
[2026-02-28 06:08:28] CHK EMA1m:OK EMA5m:OK RSI:59.40450254 VOL:OK MOM:0.37% RANGE:0.42% UP:5E+1% SPREAD:0.38939365% BID:1.0786 ASK:1.0828 STATE:IDLE
[2026-02-28 06:08:30] CHK EMA1m:OK EMA5m:OK RSI:59.40450254 VOL:OK MOM:0.35% RANGE:0.41% UP:44.44% SPREAD:0.2503477% BID:1.0785 ASK:1.0812 STATE:IDLE
[2026-02-28 06:08:31] CHK EMA1m:OK EMA5m:OK RSI:59.40450254 VOL:OK MOM:0.02% RANGE:0.18% UP:35.29% SPREAD:0.34306907% BID:1.0785 ASK:1.0822 STATE:IDLE
[2026-02-28 06:08:31] DECIDE_HOLD reason=HOLD_SPREAD spread=0.3431% mom=0.0278% range=0.1857% up=35.29% rsi=59.40450254175748
[2026-02-28 06:08:32] CHK EMA1m:OK EMA5m:OK RSI:59.40450254 VOL:OK MOM:0% RANGE:0.18% UP:29.41% SPREAD:0.34306907% BID:1.0785 ASK:1.0822 STATE:IDLE
[2026-02-28 06:08:34] CHK EMA1m:OK EMA5m:OK RSI:57.85007072 VOL:OK MOM:-1.17% RANGE:1.19% UP:25% SPREAD:0.74074074% BID:1.0665 ASK:1.0744 STATE:IDLE
[2026-02-28 06:08:36] CHK EMA1m:OK EMA5m:OK RSI:57.28291316 VOL:OK MOM:-0.52% RANGE:1.15% UP:31.25% SPREAD:0.52185257% BID:1.0731 ASK:1.0787 STATE:IDLE
[2026-02-28 06:08:37] CHK EMA1m:OK EMA5m:OK RSI:59.62099125 VOL:OK MOM:-0.52% RANGE:1.15% UP:31.25% SPREAD:0.52185257% BID:1.0731 ASK:1.0787 STATE:IDLE
[2026-02-28 06:08:38] CHK EMA1m:OK EMA5m:OK RSI:59.62099125 VOL:OK MOM:-0.67% RANGE:1.13% UP:31.25% SPREAD:0.79446677% BID:1.0699 ASK:1.0784 STATE:IDLE
[2026-02-28 06:08:39] CHK EMA1m:OK EMA5m:OK RSI:59.62099125 VOL:OK MOM:-0.71% RANGE:1.13% UP:31.25% SPREAD:0.72863148% BID:1.0705 ASK:1.0783 STATE:IDLE
[2026-02-28 06:08:40] CHK EMA1m:OK EMA5m:OK RSI:59.62099125 VOL:OK MOM:-0.89% RANGE:1.13% UP:25% SPREAD:0.76728735% BID:1.0687 ASK:1.0769 STATE:IDLE
[2026-02-28 06:08:41] CHK EMA1m:OK EMA5m:OK RSI:54.20808482 VOL:OK MOM:-1.23% RANGE:1.27% UP:25% SPREAD:0.64788732% BID:1.065 ASK:1.0719 STATE:IDLE
[2026-02-28 06:08:42] CHK EMA1m:OK EMA5m:OK RSI:54.20808482 VOL:OK MOM:-1.91% RANGE:1.97% UP:25% SPREAD:0.80363051% BID:1.0577 ASK:1.0662 STATE:IDLE
[2026-02-28 06:08:42] DECIDE_HOLD reason=HOLD_SPREAD spread=0.8036% mom=-1.9104% range=1.9760% up=25.00% rsi=54.208084824387
[2026-02-28 06:08:43] CHK EMA1m:OK EMA5m:OK RSI:54.20808482 VOL:OK MOM:-2.27% RANGE:2.35% UP:25% SPREAD:0.854052% BID:1.0538 ASK:1.0628 STATE:IDLE
[2026-02-28 06:08:44] CHK EMA1m:OK EMA5m:OK RSI:54.20808482 VOL:OK MOM:-2.49% RANGE:2.58% UP:25% SPREAD:0.75137911% BID:1.0514 ASK:1.0593 STATE:IDLE
[2026-02-28 06:08:45] CHK EMA1m:OK EMA5m:OK RSI:54.20808482 VOL:OK MOM:-2.05% RANGE:2.58% UP:25% SPREAD:0.7668276% BID:1.0563 ASK:1.0644 STATE:IDLE
[2026-02-28 06:08:46] CHK EMA1m:OK EMA5m:OK RSI:54.20808482 VOL:OK MOM:-1.52% RANGE:2.58% UP:25% SPREAD:0.55545095% BID:1.0622 ASK:1.0681 STATE:IDLE
[2026-02-28 06:08:47] CHK EMA1m:OK EMA5m:OK RSI:54.20808482 VOL:OK MOM:-1.52% RANGE:2.58% UP:25% SPREAD:0.64965634% BID:1.0621 ASK:1.069 STATE:IDLE
[2026-02-28 06:08:48] CHK EMA1m:OK EMA5m:OK RSI:54.20808482 VOL:OK MOM:-1.66% RANGE:2.57% UP:25% SPREAD:0.80150872% BID:1.0605 ASK:1.069 STATE:IDLE
[2026-02-28 06:08:49] CHK EMA1m:OK EMA5m:OK RSI:54.20808482 VOL:OK MOM:-1.66% RANGE:2.57% UP:23.52% SPREAD:0.96181046% BID:1.0605 ASK:1.0707 STATE:IDLE
[2026-02-28 06:08:50] CHK EMA1m:OK EMA5m:OK RSI:56.33608815 VOL:OK MOM:-1.31% RANGE:2.57% UP:29.41% SPREAD:0.7798553% BID:1.0643 ASK:1.0726 STATE:IDLE
[2026-02-28 06:08:52] CHK EMA1m:OK EMA5m:OK RSI:56.33608815 VOL:OK MOM:-1.19% RANGE:2.57% UP:35.29% SPREAD:0.6569069% BID:1.0656 ASK:1.0726 STATE:IDLE
[2026-02-28 06:08:53] CHK EMA1m:OK EMA5m:OK RSI:57.08304256 VOL:OK MOM:-0.04% RANGE:2.06% UP:41.17% SPREAD:0.61913696% BID:1.066 ASK:1.0726 STATE:IDLE
[2026-02-28 06:08:53] DECIDE_HOLD reason=HOLD_SPREAD spread=0.6191% mom=-0.0469% range=2.0639% up=41.18% rsi=57.08304256803909
[2026-02-28 06:08:54] CHK EMA1m:OK EMA5m:OK RSI:57.08304256 VOL:OK MOM:-0.03% RANGE:2.06% UP:44.44% SPREAD:0.6096989% BID:1.0661 ASK:1.0726 STATE:IDLE
[2026-02-28 06:08:54] CHK EMA1m:OK EMA5m:OK RSI:57.08304256 VOL:OK MOM:-0.65% RANGE:2.06% UP:38.88% SPREAD:0.6096989% BID:1.0661 ASK:1.0726 STATE:IDLE
[2026-02-28 06:08:55] CHK EMA1m:OK EMA5m:OK RSI:57.08304256 VOL:OK MOM:-0.65% RANGE:2.06% UP:38.88% SPREAD:0.6096989% BID:1.0661 ASK:1.0726 STATE:IDLE
[2026-02-28 06:08:57] CHK EMA1m:OK EMA5m:OK RSI:57.08304256 VOL:OK MOM:-0.32% RANGE:2.06% UP:42.1% SPREAD:0.51421091% BID:1.0696 ASK:1.0751 STATE:IDLE
[2026-02-28 06:08:58] CHK EMA1m:OK EMA5m:OK RSI:57.08304256 VOL:OK MOM:-0.28% RANGE:1.81% UP:38.88% SPREAD:0.50590219% BID:1.0674 ASK:1.0728 STATE:IDLE
[2026-02-28 06:08:59] CHK EMA1m:OK EMA5m:OK RSI:57.08304256 VOL:OK MOM:0.02% RANGE:1.73% UP:44.44% SPREAD:0.54256314% BID:1.069 ASK:1.0748 STATE:IDLE
[2026-02-28 06:09:00] CHK EMA1m:OK EMA5m:OK RSI:57.08304256 VOL:OK MOM:0.1% RANGE:1.73% UP:44.44% SPREAD:0.62845886% BID:1.0661 ASK:1.0728 STATE:IDLE
[2026-02-28 06:09:01] CHK EMA1m:OK EMA5m:OK RSI:59.57756737 VOL:NO MOM:0.78% RANGE:1.73% UP:44.44% SPREAD:0.47842401% BID:1.066 ASK:1.0711 STATE:IDLE
[2026-02-28 06:09:03] CHK EMA1m:OK EMA5m:OK RSI:59.57756737 VOL:NO MOM:1.15% RANGE:1.73% UP:44.44% SPREAD:0.47842401% BID:1.066 ASK:1.0711 STATE:IDLE
[2026-02-28 06:09:04] CHK EMA1m:OK EMA5m:OK RSI:59.57756737 VOL:NO MOM:1.68% RANGE:1.73% UP:5E+1% SPREAD:0.59863436% BID:1.0691 ASK:1.0755 STATE:IDLE
[2026-02-28 06:09:04] DECIDE_HOLD reason=HOLD_SPREAD spread=0.5986% mom=1.6835% range=1.7310% up=50.00% rsi=59.57756737072106
[2026-02-28 06:09:05] CHK EMA1m:OK EMA5m:OK RSI:59.57756737 VOL:NO MOM:1.05% RANGE:1.25% UP:44.44% SPREAD:0.75885328% BID:1.0674 ASK:1.0755 STATE:IDLE
[2026-02-28 06:09:06] CHK EMA1m:OK EMA5m:OK RSI:59.57756737 VOL:NO MOM:0.48% RANGE:0.85% UP:38.88% SPREAD:0.50594959% BID:1.0673 ASK:1.0727 STATE:IDLE
[2026-02-28 06:09:07] CHK EMA1m:OK EMA5m:OK RSI:59.57756737 VOL:NO MOM:0.56% RANGE:0.85% UP:44.44% SPREAD:0.65536934% BID:1.0681 ASK:1.0751 STATE:IDLE
[2026-02-28 06:09:08] CHK EMA1m:OK EMA5m:OK RSI:59.57756737 VOL:NO MOM:0.51% RANGE:0.85% UP:44.44% SPREAD:0.48780487% BID:1.066 ASK:1.0712 STATE:IDLE
[2026-02-28 06:09:09] CHK EMA1m:OK EMA5m:OK RSI:59.57756737 VOL:NO MOM:0.51% RANGE:0.85% UP:44.44% SPREAD:0.48780487% BID:1.066 ASK:1.0712 STATE:IDLE
[2026-02-28 06:09:10] CHK EMA1m:OK EMA5m:OK RSI:58.97620764 VOL:OK MOM:0.15% RANGE:0.49% UP:38.88% SPREAD:0.48780487% BID:1.066 ASK:1.0712 STATE:IDLE
[2026-02-28 06:09:11] CHK EMA1m:OK EMA5m:OK RSI:56.84503127 VOL:OK MOM:-0.07% RANGE:0.45% UP:33.33% SPREAD:0.4038317% BID:1.0648 ASK:1.0691 STATE:IDLE
[2026-02-28 06:09:12] CHK EMA1m:OK EMA5m:OK RSI:56.84503127 VOL:OK MOM:-0.29% RANGE:0.63% UP:27.77% SPREAD:0.58330981% BID:1.0629 ASK:1.0691 STATE:IDLE
[2026-02-28 06:09:13] CHK EMA1m:OK EMA5m:OK RSI:56.84503127 VOL:OK MOM:-0.33% RANGE:0.66% UP:22.22% SPREAD:0.59294117% BID:1.0625 ASK:1.0688 STATE:IDLE
[2026-02-28 06:09:14] CHK EMA1m:OK EMA5m:OK RSI:56.84503127 VOL:OK MOM:-0.53% RANGE:0.86% UP:22.22% SPREAD:0.7921539% BID:1.0604 ASK:1.0688 STATE:IDLE
[2026-02-28 06:09:14] DECIDE_HOLD reason=HOLD_SPREAD spread=0.7922% mom=-0.5347% range=0.8676% up=22.22% rsi=56.84503127171651
[2026-02-28 06:09:15] CHK EMA1m:OK EMA5m:OK RSI:54.71571906 VOL:OK MOM:-0.48% RANGE:0.86% UP:27.77% SPREAD:0.58440946% BID:1.0609 ASK:1.0671 STATE:IDLE
[2026-02-28 06:09:16] CHK EMA1m:OK EMA5m:OK RSI:54.71571906 VOL:OK MOM:-0.77% RANGE:0.86% UP:27.77% SPREAD:0.54649957% BID:1.0613 ASK:1.0671 STATE:IDLE
[2026-02-28 06:09:17] CHK EMA1m:OK EMA5m:OK RSI:54.71571906 VOL:OK MOM:-0.49% RANGE:0.82% UP:33.33% SPREAD:0.63082572% BID:1.0621 ASK:1.0688 STATE:IDLE
[2026-02-28 06:09:19] CHK EMA1m:OK EMA5m:OK RSI:54.71571906 VOL:OK MOM:-0.49% RANGE:0.82% UP:33.33% SPREAD:0.47945849% BID:1.0637 ASK:1.0688 STATE:IDLE
[2026-02-28 06:09:20] CHK EMA1m:OK EMA5m:OK RSI:54.71571906 VOL:OK MOM:-0.41% RANGE:0.82% UP:33.33% SPREAD:0.65931995% BID:1.0617 ASK:1.0687 STATE:IDLE
[2026-02-28 06:09:20] CHK EMA1m:OK EMA5m:OK RSI:54.71571906 VOL:OK MOM:-0.38% RANGE:0.82% UP:38.88% SPREAD:0.5367737% BID:1.0619 ASK:1.0676 STATE:IDLE
[2026-02-28 06:09:22] CHK EMA1m:OK EMA5m:OK RSI:54.71571906 VOL:OK MOM:-0.25% RANGE:0.82% UP:44.44% SPREAD:0.50785291% BID:1.0633 ASK:1.0687 STATE:IDLE
[2026-02-28 06:09:23] CHK EMA1m:OK EMA5m:OK RSI:54.71571906 VOL:OK MOM:-0.49% RANGE:0.82% UP:44.44% SPREAD:0.46061289% BID:1.0638 ASK:1.0687 STATE:IDLE
[2026-02-28 06:09:24] CHK EMA1m:OK EMA5m:OK RSI:54.71571906 VOL:OK MOM:-0.25% RANGE:0.72% UP:5E+1% SPREAD:0.47900817% BID:1.0647 ASK:1.0698 STATE:IDLE
[2026-02-28 06:09:25] CHK EMA1m:OK EMA5m:OK RSI:54.71571906 VOL:OK MOM:-0.16% RANGE:0.72% UP:55.55% SPREAD:0.4035664% BID:1.0655 ASK:1.0698 STATE:IDLE
[2026-02-28 06:09:25] DECIDE_HOLD reason=HOLD_SPREAD spread=0.4036% mom=-0.1686% range=0.7261% up=55.56% rsi=54.715719063545166
[2026-02-28 06:09:26] CHK EMA1m:OK EMA5m:OK RSI:54.71571906 VOL:OK MOM:-0.24% RANGE:0.72% UP:5E+1% SPREAD:0.4035664% BID:1.0655 ASK:1.0698 STATE:IDLE
[2026-02-28 06:09:27] CHK EMA1m:OK EMA5m:OK RSI:54.71571906 VOL:OK MOM:-0.06% RANGE:0.52% UP:5E+1% SPREAD:0.60076973% BID:1.0653 ASK:1.0717 STATE:IDLE
[2026-02-28 06:09:29] CHK EMA1m:OK EMA5m:OK RSI:54.71571906 VOL:OK MOM:-0.14% RANGE:0.52% UP:5E+1% SPREAD:0.67637388% BID:1.0645 ASK:1.0717 STATE:IDLE
[2026-02-28 06:09:31] CHK EMA1m:OK EMA5m:OK RSI:54.71571906 VOL:OK MOM:0.04% RANGE:0.48% UP:58.82% SPREAD:0.60076973% BID:1.0653 ASK:1.0717 STATE:IDLE
[2026-02-28 06:09:32] CHK EMA1m:OK EMA5m:OK RSI:54.71571906 VOL:OK MOM:0.43% RANGE:0.63% UP:68.75% SPREAD:0.43107487% BID:1.0671 ASK:1.0717 STATE:IDLE
[2026-02-28 06:09:34] CHK EMA1m:OK EMA5m:OK RSI:54.71571906 VOL:OK MOM:0.64% RANGE:0.64% UP:75% SPREAD:0.44977511% BID:1.0672 ASK:1.072 STATE:IDLE
[2026-02-28 06:09:35] CHK EMA1m:OK EMA5m:OK RSI:54.71571906 VOL:OK MOM:0.53% RANGE:0.59% UP:68.75% SPREAD:0.50628164% BID:1.0666 ASK:1.072 STATE:IDLE
[2026-02-28 06:09:37] CHK EMA1m:OK EMA5m:OK RSI:54.71571906 VOL:OK MOM:0.48% RANGE:0.55% UP:62.5% SPREAD:0.51570557% BID:1.0665 ASK:1.072 STATE:IDLE
[2026-02-28 06:09:37] DECIDE_HOLD reason=HOLD_SPREAD spread=0.5157% mom=0.4900% range=0.5559% up=62.50% rsi=54.715719063545166
[2026-02-28 06:09:38] CHK EMA1m:OK EMA5m:OK RSI:54.71571906 VOL:OK MOM:0.33% RANGE:0.52% UP:6E+1% SPREAD:0.44036353% BID:1.0673 ASK:1.072 STATE:IDLE
[2026-02-28 06:09:39] CHK EMA1m:OK EMA5m:OK RSI:54.71571906 VOL:OK MOM:0.64% RANGE:0.64% UP:66.66% SPREAD:0.4585868% BID:1.0685 ASK:1.0734 STATE:IDLE
[2026-02-28 06:09:40] CHK EMA1m:OK EMA5m:OK RSI:54.71571906 VOL:OK MOM:0.71% RANGE:0.71% UP:68.75% SPREAD:0.55176283% BID:1.0693 ASK:1.0752 STATE:IDLE
[2026-02-28 06:09:40] CHK EMA1m:OK EMA5m:OK RSI:54.71571906 VOL:OK MOM:0.65% RANGE:0.69% UP:62.5% SPREAD:0.58939096% BID:1.0689 ASK:1.0752 STATE:IDLE
[2026-02-28 06:09:42] CHK EMA1m:OK EMA5m:OK RSI:58.01418439 VOL:OK MOM:0.47% RANGE:0.56% UP:56.25% SPREAD:0.62716465% BID:1.0683 ASK:1.075 STATE:IDLE
[2026-02-28 06:09:43] CHK EMA1m:OK EMA5m:OK RSI:58.01418439 VOL:OK MOM:0.39% RANGE:0.45% UP:53.33% SPREAD:0.57068013% BID:1.0689 ASK:1.075 STATE:IDLE
[2026-02-28 06:09:44] CHK EMA1m:OK EMA5m:OK RSI:58.01418439 VOL:OK MOM:0.32% RANGE:0.45% UP:53.33% SPREAD:0.56127221% BID:1.069 ASK:1.075 STATE:IDLE
[2026-02-28 06:09:45] CHK EMA1m:OK EMA5m:OK RSI:58.01418439 VOL:OK MOM:0.34% RANGE:0.45% UP:56.25% SPREAD:0.54246165% BID:1.0692 ASK:1.075 STATE:IDLE
[2026-02-28 06:09:46] CHK EMA1m:OK EMA5m:OK RSI:58.01418439 VOL:OK MOM:0.39% RANGE:0.48% UP:62.5% SPREAD:0.49546601% BID:1.0697 ASK:1.075 STATE:IDLE
[2026-02-28 06:09:46] DECIDE_HOLD reason=HOLD_SPREAD spread=0.4955% mom=0.3942% range=0.4885% up=62.50% rsi=58.01418439716312
[2026-02-28 06:09:47] CHK EMA1m:OK EMA5m:OK RSI:58.01418439 VOL:OK MOM:0.46% RANGE:0.54% UP:68.75% SPREAD:0.56059048% BID:1.0703 ASK:1.0763 STATE:IDLE
[2026-02-28 06:09:48] CHK EMA1m:OK EMA5m:OK RSI:58.01418439 VOL:OK MOM:0.46% RANGE:0.46% UP:66.66% SPREAD:0.67270858% BID:1.0703 ASK:1.0775 STATE:IDLE
[2026-02-28 06:09:49] CHK EMA1m:OK EMA5m:OK RSI:58.01418439 VOL:OK MOM:0.45% RANGE:0.46% UP:62.5% SPREAD:0.55135034% BID:1.0701 ASK:1.076 STATE:IDLE
[2026-02-28 06:09:50] CHK EMA1m:OK EMA5m:OK RSI:58.01418439 VOL:OK MOM:0.28% RANGE:0.35% UP:56.25% SPREAD:0.38314176% BID:1.0701 ASK:1.0742 STATE:IDLE
[2026-02-28 06:09:51] CHK EMA1m:OK EMA5m:OK RSI:57.28291316 VOL:OK MOM:-0.09% RANGE:0.39% UP:52.94% SPREAD:0.43147922% BID:1.0661 ASK:1.0707 STATE:IDLE
[2026-02-28 06:09:53] CHK EMA1m:OK EMA5m:OK RSI:57.28291316 VOL:OK MOM:-0.1% RANGE:0.39% UP:47.05% SPREAD:0.41271925% BID:1.0661 ASK:1.0705 STATE:IDLE
[2026-02-28 06:09:54] CHK EMA1m:OK EMA5m:OK RSI:57.28291316 VOL:OK MOM:-0.04% RANGE:0.39% UP:47.05% SPREAD:0.39395929% BID:1.0661 ASK:1.0703 STATE:IDLE
[2026-02-28 06:09:54] CHK EMA1m:OK EMA5m:OK RSI:57.28291316 VOL:OK MOM:-0.04% RANGE:0.39% UP:44.44% SPREAD:0.53465903% BID:1.0661 ASK:1.0718 STATE:IDLE
[2026-02-28 06:09:55] CHK EMA1m:OK EMA5m:OK RSI:57.28291316 VOL:OK MOM:-0.03% RANGE:0.39% UP:44.44% SPREAD:0.45961917% BID:1.0661 ASK:1.071 STATE:IDLE
[2026-02-28 06:09:56] CHK EMA1m:OK EMA5m:OK RSI:57.28291316 VOL:OK MOM:-0.11% RANGE:0.39% UP:38.88% SPREAD:0.6096989% BID:1.0661 ASK:1.0726 STATE:IDLE
[2026-02-28 06:09:56] DECIDE_HOLD reason=HOLD_SPREAD spread=0.6097% mom=-0.1124% range=0.3940% up=38.89% rsi=57.282913165266095
[2026-02-28 06:09:58] CHK EMA1m:OK EMA5m:OK RSI:57.28291316 VOL:OK MOM:-0.11% RANGE:0.39% UP:36.84% SPREAD:0.76915861% BID:1.0661 ASK:1.0743 STATE:IDLE
[2026-02-28 06:09:59] CHK EMA1m:OK EMA5m:OK RSI:57.28291316 VOL:OK MOM:-0.29% RANGE:0.39% UP:27.77% SPREAD:0.56279898% BID:1.0661 ASK:1.0721 STATE:IDLE
[2026-02-28 06:10:00] CHK EMA1m:OK EMA5m:OK RSI:57.28291316 VOL:OK MOM:-0.26% RANGE:0.39% UP:27.77% SPREAD:0.86295844% BID:1.0661 ASK:1.0753 STATE:IDLE
[2026-02-28 06:10:01] CHK EMA1m:OK EMA5m:OK RSI:54.34131736 VOL:NO MOM:-0.2% RANGE:0.39% UP:27.77% SPREAD:0.82543851% BID:1.0661 ASK:1.0749 STATE:IDLE
[2026-02-28 06:10:03] CHK EMA1m:OK EMA5m:OK RSI:54.34131736 VOL:NO MOM:-0.26% RANGE:0.39% UP:22.22% SPREAD:0.76915861% BID:1.0661 ASK:1.0743 STATE:IDLE
[2026-02-28 06:10:04] CHK EMA1m:OK EMA5m:OK RSI:57.52089136 VOL:OK MOM:-0.36% RANGE:0.48% UP:16.66% SPREAD:0.56332738% BID:1.0651 ASK:1.0711 STATE:IDLE
[2026-02-28 06:10:05] CHK EMA1m:OK EMA5m:OK RSI:54.34131736 VOL:OK MOM:-0.76% RANGE:0.82% UP:5.88% SPREAD:0.51813471% BID:1.0615 ASK:1.067 STATE:IDLE
[2026-02-28 06:10:06] CHK EMA1m:OK EMA5m:OK RSI:54.34131736 VOL:OK MOM:-1.29% RANGE:1.31% UP:0% SPREAD:0.82355168% BID:1.0564 ASK:1.0651 STATE:IDLE
[2026-02-28 06:10:07] CHK EMA1m:OK EMA5m:OK RSI:54.34131736 VOL:OK MOM:-1.2% RANGE:1.31% UP:5.88% SPREAD:0.72820124% BID:1.0574 ASK:1.0651 STATE:IDLE
[2026-02-28 06:10:07] DECIDE_HOLD reason=HOLD_SPREAD spread=0.7282% mom=-1.2053% range=1.3158% up=5.88% rsi=54.34131736526941
[2026-02-28 06:10:08] CHK EMA1m:OK EMA5m:OK RSI:54.34131736 VOL:OK MOM:-1.11% RANGE:1.31% UP:11.11% SPREAD:0.63303099% BID:1.0584 ASK:1.0651 STATE:IDLE
[2026-02-28 06:10:09] CHK EMA1m:OK EMA5m:OK RSI:54.34131736 VOL:OK MOM:-1.72% RANGE:1.75% UP:11.11% SPREAD:0.81780144% BID:1.0516 ASK:1.0602 STATE:IDLE
[2026-02-28 06:10:10] CHK EMA1m:OK EMA5m:OK RSI:54.34131736 VOL:OK MOM:-0.97% RANGE:1.37% UP:17.64% SPREAD:0.5493985% BID:1.0557 ASK:1.0615 STATE:IDLE
[2026-02-28 06:10:11] CHK EMA1m:OK EMA5m:OK RSI:54.34131736 VOL:OK MOM:-1.01% RANGE:1.37% UP:17.64% SPREAD:0.6538425% BID:1.0553 ASK:1.0622 STATE:IDLE
[2026-02-28 06:10:12] CHK EMA1m:OK EMA5m:OK RSI:54.34131736 VOL:OK MOM:-1.1% RANGE:1.37% UP:17.64% SPREAD:0.74931233% BID:1.0543 ASK:1.0622 STATE:IDLE
[2026-02-28 06:10:13] CHK EMA1m:OK EMA5m:OK RSI:54.34131736 VOL:OK MOM:-1.27% RANGE:1.37% UP:16.66% SPREAD:0.9216152% BID:1.0525 ASK:1.0622 STATE:IDLE
[2026-02-28 06:10:15] CHK EMA1m:OK EMA5m:OK RSI:54.34131736 VOL:OK MOM:-1.13% RANGE:1.37% UP:22.22% SPREAD:0.75901328% BID:1.054 ASK:1.062 STATE:IDLE
[2026-02-28 06:10:16] CHK EMA1m:OK EMA5m:OK RSI:54.34131736 VOL:OK MOM:-0.9% RANGE:1.37% UP:29.41% SPREAD:0.53010223% BID:1.0564 ASK:1.062 STATE:IDLE
[2026-02-28 06:10:17] CHK EMA1m:OK EMA5m:OK RSI:54.34131736 VOL:OK MOM:-0.94% RANGE:1.37% UP:29.41% SPREAD:0.56818181% BID:1.056 ASK:1.062 STATE:IDLE
[2026-02-28 06:10:18] CHK EMA1m:OK EMA5m:OK RSI:54.34131736 VOL:OK MOM:-0.81% RANGE:1.37% UP:35.29% SPREAD:0.43502931% BID:1.0574 ASK:1.062 STATE:IDLE
[2026-02-28 06:10:18] DECIDE_HOLD reason=HOLD_SPREAD spread=0.4350% mom=-0.8161% range=1.3789% up=35.29% rsi=54.34131736526941
[2026-02-28 06:10:19] CHK EMA1m:OK EMA5m:OK RSI:62.01743462 VOL:OK MOM:-0.32% RANGE:1.37% UP:38.88% SPREAD:0.49877658% BID:1.0626 ASK:1.0679 STATE:IDLE
[2026-02-28 06:10:20] CHK EMA1m:OK EMA5m:OK RSI:62.01743462 VOL:OK MOM:-0.53% RANGE:1.37% UP:38.88% SPREAD:0.70728027% BID:1.0604 ASK:1.0679 STATE:IDLE
[2026-02-28 06:10:21] CHK EMA1m:OK EMA5m:OK RSI:62.01743462 VOL:OK MOM:-0.53% RANGE:1.37% UP:41.17% SPREAD:0.70728027% BID:1.0604 ASK:1.0679 STATE:IDLE
[2026-02-28 06:10:22] CHK EMA1m:OK EMA5m:OK RSI:62.01743462 VOL:OK MOM:-0.51% RANGE:1.37% UP:44.44% SPREAD:0.68828964% BID:1.0606 ASK:1.0679 STATE:IDLE
[2026-02-28 06:10:23] CHK EMA1m:OK EMA5m:OK RSI:62.01743462 VOL:OK MOM:-0.42% RANGE:1.28% UP:44.44% SPREAD:0.92400528% BID:1.0606 ASK:1.0704 STATE:IDLE
[2026-02-28 06:10:24] CHK EMA1m:OK EMA5m:OK RSI:62.01743462 VOL:OK MOM:-0.08% RANGE:1.04% UP:44.44% SPREAD:0.95229115% BID:1.0606 ASK:1.0707 STATE:IDLE
[2026-02-28 06:10:25] CHK EMA1m:OK EMA5m:OK RSI:53.50036845 VOL:OK MOM:0.34% RANGE:1.29% UP:47.36% SPREAD:0.51633496% BID:1.0652 ASK:1.0707 STATE:IDLE
[2026-02-28 06:10:26] CHK EMA1m:OK EMA5m:OK RSI:53.50036845 VOL:OK MOM:0.78% RANGE:1.34% UP:5E+1% SPREAD:0.46917519% BID:1.0657 ASK:1.0707 STATE:IDLE
[2026-02-28 06:10:27] CHK EMA1m:OK EMA5m:OK RSI:53.50036845 VOL:OK MOM:0.44% RANGE:1.34% UP:44.44% SPREAD:0.48913554% BID:1.0631 ASK:1.0683 STATE:IDLE
[2026-02-28 06:10:28] CHK EMA1m:OK EMA5m:OK RSI:53.50036845 VOL:OK MOM:1.09% RANGE:1.34% UP:44.44% SPREAD:0.48913554% BID:1.0631 ASK:1.0683 STATE:IDLE
[2026-02-28 06:10:28] DECIDE_HOLD reason=HOLD_SPREAD spread=0.4891% mom=1.0936% range=1.3408% up=44.44% rsi=53.50036845983782
[2026-02-28 06:10:30] CHK EMA1m:OK EMA5m:OK RSI:53.50036845 VOL:OK MOM:0.53% RANGE:1.25% UP:38.88% SPREAD:0.49934049% BID:1.0614 ASK:1.0667 STATE:IDLE
[2026-02-28 06:10:32] CHK EMA1m:OK EMA5m:OK RSI:53.50036845 VOL:OK MOM:0.62% RANGE:1.25% UP:44.44% SPREAD:0.52735662% BID:1.0619 ASK:1.0675 STATE:IDLE
[2026-02-28 06:10:33] CHK EMA1m:OK EMA5m:OK RSI:53.50036845 VOL:OK MOM:0.91% RANGE:1.25% UP:52.94% SPREAD:0.47076546% BID:1.0621 ASK:1.0671 STATE:IDLE
[2026-02-28 06:10:34] CHK EMA1m:OK EMA5m:OK RSI:53.50036845 VOL:OK MOM:0.82% RANGE:1.11% UP:52.94% SPREAD:0.52695963% BID:1.0627 ASK:1.0683 STATE:IDLE
[2026-02-28 06:10:35] CHK EMA1m:OK EMA5m:OK RSI:53.50036845 VOL:OK MOM:0.59% RANGE:0.91% UP:47.05% SPREAD:0.47049967% BID:1.0627 ASK:1.0677 STATE:IDLE
[2026-02-28 06:10:36] CHK EMA1m:OK EMA5m:OK RSI:53.50036845 VOL:OK MOM:0.62% RANGE:0.91% UP:47.05% SPREAD:0.46113306% BID:1.0626 ASK:1.0675 STATE:IDLE
[2026-02-28 06:10:37] CHK EMA1m:OK EMA5m:OK RSI:53.50036845 VOL:OK MOM:0.49% RANGE:0.78% UP:41.17% SPREAD:0.44231131% BID:1.0626 ASK:1.0673 STATE:IDLE
[2026-02-28 06:10:38] CHK EMA1m:OK EMA5m:OK RSI:52.57060101 VOL:OK MOM:-0.31% RANGE:0.61% UP:35.29% SPREAD:0.32099697% BID:1.0592 ASK:1.0626 STATE:IDLE
[2026-02-28 06:10:39] CHK EMA1m:OK EMA5m:OK RSI:52.57060101 VOL:OK MOM:-0.11% RANGE:0.61% UP:35.29% SPREAD:0.32099697% BID:1.0592 ASK:1.0626 STATE:IDLE
[2026-02-28 06:10:39] DECIDE_HOLD reason=HOLD_SPREAD spread=0.3210% mom=-0.1132% range=0.6137% up=35.29% rsi=52.570601013758115
[2026-02-28 06:10:40] CHK EMA1m:OK EMA5m:OK RSI:52.57060101 VOL:OK MOM:-0.08% RANGE:0.61% UP:41.17% SPREAD:0.29259084% BID:1.0595 ASK:1.0626 STATE:IDLE
[2026-02-28 06:10:44] ENTRY_TIMEOUT_CANCEL
[2026-02-28 06:10:57] CHK EMA1m:OK EMA5m:OK RSI:52.57060101 VOL:OK MOM:0.4% RANGE:0.75% UP:33.33% SPREAD:0.44990158% BID:1.0669 ASK:1.0717 STATE:IN_POS
[2026-02-28 06:10:58] CHK EMA1m:OK EMA5m:OK RSI:52.57060101 VOL:OK MOM:0.65% RANGE:0.75% UP:33.33% SPREAD:0.46899915% BID:1.0661 ASK:1.0711 STATE:IN_POS
[2026-02-28 06:10:59] CHK EMA1m:OK EMA5m:OK RSI:52.57060101 VOL:OK MOM:0.65% RANGE:0.75% UP:33.33% SPREAD:0.46899915% BID:1.0661 ASK:1.0711 STATE:IN_POS
[2026-02-28 06:11:00] CHK EMA1m:OK EMA5m:OK RSI:52.57060101 VOL:OK MOM:0.61% RANGE:0.72% UP:29.62% SPREAD:0.44090056% BID:1.066 ASK:1.0707 STATE:IN_POS
[2026-02-28 06:11:01] CHK EMA1m:OK EMA5m:OK RSI:52.57060101 VOL:OK MOM:0.15% RANGE:0.31% UP:25.92% SPREAD:0.51623803% BID:1.0654 ASK:1.0709 STATE:IN_POS
[2026-02-28 06:11:02] CHK EMA1m:OK EMA5m:OK RSI:47.55804643 VOL:NO MOM:0.26% RANGE:0.31% UP:28.57% SPREAD:0.63753984% BID:1.0666 ASK:1.0734 STATE:IN_POS
[2026-02-28 06:11:03] CHK EMA1m:OK EMA5m:OK RSI:47.55804643 VOL:NO MOM:0.38% RANGE:0.38% UP:31.03% SPREAD:0.51502949% BID:1.0679 ASK:1.0734 STATE:IN_POS
[2026-02-28 06:11:04] CHK EMA1m:OK EMA5m:OK RSI:47.55804643 VOL:NO MOM:0.36% RANGE:0.38% UP:3E+1% SPREAD:0.64624894% BID:1.0677 ASK:1.0746 STATE:IN_POS
[2026-02-28 06:11:05] CHK EMA1m:OK EMA5m:OK RSI:47.55804643 VOL:NO MOM:0.29% RANGE:0.29% UP:3E+1% SPREAD:0.55238273% BID:1.0681 ASK:1.074 STATE:IN_POS
[2026-02-28 06:11:06] CHK EMA1m:OK EMA5m:OK RSI:47.55804643 VOL:NO MOM:0.32% RANGE:0.45% UP:27.58% SPREAD:0.50453143% BID:1.0703 ASK:1.0757 STATE:IN_POS
[2026-02-28 06:11:08] CHK EMA1m:OK EMA5m:OK RSI:47.55804643 VOL:NO MOM:0.38% RANGE:0.45% UP:28.57% SPREAD:0.52331557% BID:1.0701 ASK:1.0757 STATE:IN_POS
[2026-02-28 06:11:09] CHK EMA1m:OK EMA5m:OK RSI:47.55804643 VOL:NO MOM:0.35% RANGE:0.52% UP:30.76% SPREAD:0.4388422% BID:1.071 ASK:1.0757 STATE:IN_POS
[2026-02-28 06:11:10] CHK EMA1m:OK EMA5m:OK RSI:47.55804643 VOL:NO MOM:0.46% RANGE:0.52% UP:32% SPREAD:0.45760179% BID:1.0708 ASK:1.0757 STATE:IN_POS
[2026-02-28 06:11:11] CHK EMA1m:OK EMA5m:OK RSI:47.55804643 VOL:NO MOM:0.54% RANGE:0.58% UP:36% SPREAD:0.38260544% BID:1.0716 ASK:1.0757 STATE:IN_POS
[2026-02-28 06:11:12] CHK EMA1m:OK EMA5m:OK RSI:47.55804643 VOL:NO MOM:0.76% RANGE:0.8% UP:41.66% SPREAD:0.4934823% BID:1.074 ASK:1.0793 STATE:IN_POS
[2026-02-28 06:11:13] CHK EMA1m:OK EMA5m:OK RSI:47.55804643 VOL:NO MOM:0.9% RANGE:0.95% UP:43.47% SPREAD:0.39977686% BID:1.0756 ASK:1.0799 STATE:IN_POS
[2026-02-28 06:11:14] CHK EMA1m:OK EMA5m:OK RSI:54.06732117 VOL:OK MOM:0.87% RANGE:0.95% UP:47.61% SPREAD:0.51148516% BID:1.0753 ASK:1.0808 STATE:IN_POS
[2026-02-28 06:11:15] CHK EMA1m:OK EMA5m:OK RSI:54.06732117 VOL:OK MOM:0.99% RANGE:1.07% UP:5E+1% SPREAD:0.52929705% BID:1.0769 ASK:1.0826 STATE:IN_POS
[2026-02-28 06:11:16] CHK EMA1m:OK EMA5m:OK RSI:54.06732117 VOL:OK MOM:0.83% RANGE:1.07% UP:47.36% SPREAD:0.52978901% BID:1.0759 ASK:1.0816 STATE:IN_POS
[2026-02-28 06:11:17] CHK EMA1m:OK EMA5m:OK RSI:54.06732117 VOL:OK MOM:1.01% RANGE:1.07% UP:55.55% SPREAD:0.45500975% BID:1.0769 ASK:1.0818 STATE:IN_POS
[2026-02-28 06:11:18] CHK EMA1m:OK EMA5m:OK RSI:54.06732117 VOL:OK MOM:0.86% RANGE:1.07% UP:52.63% SPREAD:0.54868408% BID:1.0753 ASK:1.0812 STATE:IN_POS
[2026-02-28 06:11:19] CHK EMA1m:OK EMA5m:OK RSI:54.06732117 VOL:OK MOM:0.87% RANGE:1.07% UP:55.55% SPREAD:0.54868408% BID:1.0753 ASK:1.0812 STATE:IN_POS
[2026-02-28 06:11:20] CHK EMA1m:OK EMA5m:OK RSI:54.06732117 VOL:OK MOM:1.1% RANGE:1.1% UP:61.11% SPREAD:0.50129966% BID:1.0772 ASK:1.0826 STATE:IN_POS
[2026-02-28 06:11:21] CHK EMA1m:OK EMA5m:OK RSI:54.06732117 VOL:OK MOM:1.01% RANGE:1.01% UP:61.11% SPREAD:0.4826434% BID:1.0774 ASK:1.0826 STATE:IN_POS
[2026-02-28 06:11:22] CHK EMA1m:OK EMA5m:OK RSI:54.06732117 VOL:OK MOM:0.99% RANGE:1.01% UP:61.11% SPREAD:0.38015762% BID:1.0785 ASK:1.0826 STATE:IN_POS
[2026-02-28 06:11:24] CHK EMA1m:OK EMA5m:OK RSI:54.06732117 VOL:OK MOM:1.04% RANGE:1.06% UP:63.15% SPREAD:0.50968399% BID:1.0791 ASK:1.0846 STATE:IN_POS
[2026-02-28 06:11:25] CHK EMA1m:OK EMA5m:OK RSI:54.06732117 VOL:OK MOM:1.2% RANGE:1.2% UP:66.66% SPREAD:0.38852913% BID:1.081 ASK:1.0852 STATE:IN_POS
[2026-02-28 06:11:26] CHK EMA1m:OK EMA5m:OK RSI:54.06732117 VOL:OK MOM:1.03% RANGE:1.05% UP:66.66% SPREAD:0.56408359% BID:1.0814 ASK:1.0875 STATE:IN_POS
[2026-02-28 06:11:26] CHK EMA1m:OK EMA5m:OK RSI:54.06732117 VOL:OK MOM:1.05% RANGE:1.05% UP:66.66% SPREAD:0.50859996% BID:1.0814 ASK:1.0869 STATE:IN_POS
[2026-02-28 06:11:27] CHK EMA1m:OK EMA5m:OK RSI:54.06732117 VOL:OK MOM:0.61% RANGE:0.98% UP:61.11% SPREAD:0.50111358% BID:1.0776 ASK:1.083 STATE:IN_POS
[2026-02-28 06:11:29] CHK EMA1m:OK EMA5m:OK RSI:54.06732117 VOL:OK MOM:0.64% RANGE:0.98% UP:63.15% SPREAD:0.71435198% BID:1.0779 ASK:1.0856 STATE:IN_POS
[2026-02-28 06:11:30] CHK EMA1m:OK EMA5m:OK RSI:54.06732117 VOL:OK MOM:0.59% RANGE:0.91% UP:66.66% SPREAD:0.70500927% BID:1.078 ASK:1.0856 STATE:IN_POS
[2026-02-28 06:11:31] CHK EMA1m:OK EMA5m:OK RSI:54.06732117 VOL:OK MOM:0.54% RANGE:0.68% UP:66.66% SPREAD:0.4444856% BID:1.0799 ASK:1.0847 STATE:IN_POS
[2026-02-28 06:11:33] CHK EMA1m:OK EMA5m:OK RSI:54.06732117 VOL:OK MOM:0.38% RANGE:0.56% UP:61.11% SPREAD:0.48161526% BID:1.0797 ASK:1.0849 STATE:IN_POS
[2026-02-28 06:11:35] CHK EMA1m:OK EMA5m:OK RSI:53.41394025 VOL:OK MOM:0.37% RANGE:0.56% UP:61.11% SPREAD:0.33354952% BID:1.0793 ASK:1.0829 STATE:IN_POS
[2026-02-28 06:11:36] CHK EMA1m:OK EMA5m:OK RSI:53.41394025 VOL:OK MOM:0.03% RANGE:0.56% UP:58.82% SPREAD:0.46455449% BID:1.0763 ASK:1.0813 STATE:IN_POS
[2026-02-28 06:11:36] CHK EMA1m:OK EMA5m:OK RSI:53.41394025 VOL:OK MOM:-0.01% RANGE:0.56% UP:58.82% SPREAD:0.4643819% BID:1.0767 ASK:1.0817 STATE:IN_POS
[2026-02-28 06:11:37] CHK EMA1m:OK EMA5m:OK RSI:53.41394025 VOL:OK MOM:-0.09% RANGE:0.66% UP:58.82% SPREAD:0.40026063% BID:1.0743 ASK:1.0786 STATE:IN_POS
[2026-02-28 06:11:38] SELL symbol=BARDUSDC qty=5.2 exit=1.0748 pnl=0.041080000000000096 reason=TRAIL profile=major
[2026-02-28 06:11:49] CHK EMA1m:OK EMA5m:OK RSI:52.22465353 VOL:OK MOM:-0.65% RANGE:0.86% UP:40.74% SPREAD:0.62564198% BID:1.0709 ASK:1.0776 STATE:IDLE
[2026-02-28 06:11:49] DECIDE_HOLD reason=HOLD_SPREAD spread=0.6256% mom=-0.6586% range=0.8687% up=40.74% rsi=52.22465353756382
[2026-02-28 06:11:50] CHK EMA1m:OK EMA5m:OK RSI:52.22465353 VOL:OK MOM:-0.83% RANGE:0.86% UP:37.03% SPREAD:0.8404146% BID:1.0709 ASK:1.0799 STATE:IDLE
[2026-02-28 06:11:51] CHK EMA1m:OK EMA5m:OK RSI:52.22465353 VOL:OK MOM:-0.43% RANGE:0.84% UP:40.74% SPREAD:0.37209302% BID:1.075 ASK:1.079 STATE:IDLE
[2026-02-28 06:11:52] BUY symbol=BARDUSDC qty=8.5 entry=1.079 momPct=-0.004353061035472954 rangePct=0.00849990659443313 upRatio=0.4074074074074074 profile=major
[2026-02-28 06:11:53] CHK EMA1m:OK EMA5m:OK RSI:52.22465353 VOL:OK MOM:-0.4% RANGE:0.81% UP:40.74% SPREAD:0.41864359% BID:1.0749 ASK:1.0794 STATE:IN_POS
[2026-02-28 06:11:54] CHK EMA1m:OK EMA5m:OK RSI:53.64472753 VOL:OK MOM:-0.4% RANGE:0.81% UP:39.28% SPREAD:0.41864359% BID:1.0749 ASK:1.0794 STATE:IN_POS
[2026-02-28 06:11:55] CHK EMA1m:OK EMA5m:OK RSI:53.64472753 VOL:OK MOM:-0.13% RANGE:0.56% UP:39.28% SPREAD:0.41864359% BID:1.0749 ASK:1.0794 STATE:IN_POS
[2026-02-28 06:11:56] CHK EMA1m:OK EMA5m:OK RSI:53.64472753 VOL:OK MOM:-0.17% RANGE:0.56% UP:35.71% SPREAD:0.41868254% BID:1.0748 ASK:1.0793 STATE:IN_POS
[2026-02-28 06:11:57] CHK EMA1m:OK EMA5m:OK RSI:53.64472753 VOL:OK MOM:0.04% RANGE:0.42% UP:35.71% SPREAD:0.41868254% BID:1.0748 ASK:1.0793 STATE:IN_POS
[2026-02-28 06:11:58] CHK EMA1m:OK EMA5m:OK RSI:53.64472753 VOL:OK MOM:-0.13% RANGE:0.42% UP:32.14% SPREAD:0.5496553% BID:1.0734 ASK:1.0793 STATE:IN_POS
[2026-02-28 06:11:59] CHK EMA1m:OK EMA5m:OK RSI:53.64472753 VOL:OK MOM:-0.04% RANGE:0.42% UP:35.71% SPREAD:0.58681073% BID:1.0736 ASK:1.0799 STATE:IN_POS
[2026-02-28 06:12:00] CHK EMA1m:OK EMA5m:OK RSI:53.64472753 VOL:OK MOM:-0.07% RANGE:0.42% UP:29.62% SPREAD:0.58681073% BID:1.0736 ASK:1.0799 STATE:IN_POS
[2026-02-28 06:12:01] CHK EMA1m:OK EMA5m:OK RSI:56.52498135 VOL:NO MOM:0.2% RANGE:0.63% UP:24% SPREAD:0.40839056% BID:1.0774 ASK:1.0818 STATE:IN_POS
[2026-02-28 06:12:02] CHK EMA1m:OK EMA5m:OK RSI:56.52498135 VOL:NO MOM:0.17% RANGE:0.63% UP:25% SPREAD:0.41794371% BID:1.0767 ASK:1.0812 STATE:IN_POS
[2026-02-28 06:12:03] CHK EMA1m:OK EMA5m:OK RSI:56.52498135 VOL:NO MOM:0.44% RANGE:0.63% UP:26.08% SPREAD:0.38114715% BID:1.0757 ASK:1.0798 STATE:IN_POS
[2026-02-28 06:12:04] CHK EMA1m:OK EMA5m:OK RSI:56.52498135 VOL:NO MOM:0.46% RANGE:0.62% UP:27.27% SPREAD:0.40876997% BID:1.0764 ASK:1.0808 STATE:IN_POS
[2026-02-28 06:12:06] CHK EMA1m:OK EMA5m:OK RSI:57.0375829 VOL:OK MOM:0.39% RANGE:0.61% UP:23.8% SPREAD:0.41848786% BID:1.0753 ASK:1.0798 STATE:IN_POS
[2026-02-28 06:12:07] CHK EMA1m:OK EMA5m:OK RSI:57.0375829 VOL:OK MOM:0.49% RANGE:0.61% UP:3E+1% SPREAD:0.42746956% BID:1.0761 ASK:1.0807 STATE:IN_POS
[2026-02-28 06:12:08] CHK EMA1m:OK EMA5m:OK RSI:57.0375829 VOL:OK MOM:0.56% RANGE:0.61% UP:36.84% SPREAD:0.46433878% BID:1.0768 ASK:1.0818 STATE:IN_POS
[2026-02-28 06:12:09] CHK EMA1m:OK EMA5m:OK RSI:57.0375829 VOL:OK MOM:0.4% RANGE:0.6% UP:33.33% SPREAD:0.79055059% BID:1.0752 ASK:1.0837 STATE:IN_POS
[2026-02-28 06:12:09] CHK EMA1m:OK EMA5m:OK RSI:57.0375829 VOL:OK MOM:0.41% RANGE:0.6% UP:38.88% SPREAD:0.78117734% BID:1.0753 ASK:1.0837 STATE:IN_POS
[2026-02-28 06:12:11] CHK EMA1m:OK EMA5m:OK RSI:57.0375829 VOL:OK MOM:0.24% RANGE:0.39% UP:38.88% SPREAD:0.40831477% BID:1.0776 ASK:1.082 STATE:IN_POS
[2026-02-28 06:12:12] CHK EMA1m:OK EMA5m:OK RSI:57.0375829 VOL:OK MOM:0.23% RANGE:0.39% UP:38.88% SPREAD:0.37126415% BID:1.0774 ASK:1.0814 STATE:IN_POS
[2026-02-28 06:12:13] CHK EMA1m:OK EMA5m:OK RSI:57.0375829 VOL:OK MOM:0.23% RANGE:0.39% UP:38.88% SPREAD:0.33413773% BID:1.0774 ASK:1.081 STATE:IN_POS
[2026-02-28 06:12:14] CHK EMA1m:OK EMA5m:OK RSI:57.0375829 VOL:OK MOM:0.23% RANGE:0.39% UP:38.88% SPREAD:0.33413773% BID:1.0774 ASK:1.081 STATE:IN_POS
[2026-02-28 06:12:15] CHK EMA1m:OK EMA5m:OK RSI:55.85851142 VOL:OK MOM:0.14% RANGE:0.39% UP:38.88% SPREAD:0.39018952% BID:1.0764 ASK:1.0806 STATE:IN_POS
[2026-02-28 06:12:16] CHK EMA1m:OK EMA5m:OK RSI:55.85851142 VOL:OK MOM:0.13% RANGE:0.39% UP:36.84% SPREAD:0.39026203% BID:1.0762 ASK:1.0804 STATE:IN_POS
[2026-02-28 06:12:17] CHK EMA1m:OK EMA5m:OK RSI:55.85851142 VOL:OK MOM:0.19% RANGE:0.39% UP:38.88% SPREAD:0.33472803% BID:1.0755 ASK:1.0791 STATE:IN_POS
[2026-02-28 06:12:18] CHK EMA1m:OK EMA5m:OK RSI:55.85851142 VOL:OK MOM:0.09% RANGE:0.37% UP:33.33% SPREAD:0.34431416% BID:1.0746 ASK:1.0783 STATE:IN_POS
[2026-02-28 06:12:19] CHK EMA1m:OK EMA5m:OK RSI:55.85851142 VOL:OK MOM:0.03% RANGE:0.37% UP:33.33% SPREAD:0.45623836% BID:1.074 ASK:1.0789 STATE:IN_POS
[2026-02-28 06:12:20] CHK EMA1m:OK EMA5m:OK RSI:55.85851142 VOL:OK MOM:-0.33% RANGE:0.35% UP:27.77% SPREAD:0.39113428% BID:1.0738 ASK:1.078 STATE:IN_POS
[2026-02-28 06:12:22] CHK EMA1m:OK EMA5m:OK RSI:55.85851142 VOL:OK MOM:-0.18% RANGE:0.35% UP:31.57% SPREAD:0.39985121% BID:1.0754 ASK:1.0797 STATE:IN_POS
[2026-02-28 06:12:22] CHK EMA1m:OK EMA5m:OK RSI:55.85851142 VOL:OK MOM:-0.06% RANGE:0.35% UP:33.33% SPREAD:0.56744186% BID:1.075 ASK:1.0811 STATE:IN_POS
[2026-02-28 06:12:23] CHK EMA1m:OK EMA5m:OK RSI:55.85851142 VOL:OK MOM:-0.13% RANGE:0.35% UP:27.77% SPREAD:0.4372093% BID:1.075 ASK:1.0797 STATE:IN_POS
[2026-02-28 06:12:24] CHK EMA1m:OK EMA5m:OK RSI:55.85851142 VOL:OK MOM:-0.13% RANGE:0.35% UP:27.77% SPREAD:0.36319612% BID:1.0738 ASK:1.0777 STATE:IN_POS
[2026-02-28 06:12:25] CHK EMA1m:OK EMA5m:OK RSI:55.85851142 VOL:OK MOM:-0.21% RANGE:0.35% UP:22.22% SPREAD:0.36319612% BID:1.0738 ASK:1.0777 STATE:IN_POS
[2026-02-28 06:12:27] CHK EMA1m:OK EMA5m:OK RSI:55.85851142 VOL:OK MOM:-0.21% RANGE:0.35% UP:21.05% SPREAD:0.36319612% BID:1.0738 ASK:1.0777 STATE:IN_POS
[2026-02-28 06:12:28] CHK EMA1m:OK EMA5m:OK RSI:55.85851142 VOL:OK MOM:-0.13% RANGE:0.35% UP:16.66% SPREAD:0.36319612% BID:1.0738 ASK:1.0777 STATE:IN_POS
[2026-02-28 06:12:29] CHK EMA1m:OK EMA5m:OK RSI:55.85851142 VOL:OK MOM:-0.13% RANGE:0.35% UP:11.11% SPREAD:0.36319612% BID:1.0738 ASK:1.0777 STATE:IN_POS
[2026-02-28 06:12:30] CHK EMA1m:OK EMA5m:OK RSI:55.85851142 VOL:OK MOM:-0.43% RANGE:0.43% UP:5.55% SPREAD:0.37282132% BID:1.0729 ASK:1.0769 STATE:IN_POS
[2026-02-28 06:12:31] CHK EMA1m:OK EMA5m:OK RSI:55.85851142 VOL:OK MOM:-0.47% RANGE:0.47% UP:5.55% SPREAD:0.44763592% BID:1.0723 ASK:1.0771 STATE:IN_POS
[2026-02-28 06:12:33] CHK EMA1m:OK EMA5m:OK RSI:55.85851142 VOL:OK MOM:-0.25% RANGE:0.47% UP:10.52% SPREAD:0.41876046% BID:1.0746 ASK:1.0791 STATE:IN_POS
[2026-02-28 06:12:34] CHK EMA1m:OK EMA5m:OK RSI:55.85851142 VOL:OK MOM:-0% RANGE:0.38% UP:17.64% SPREAD:0.44597231% BID:1.0763 ASK:1.0811 STATE:IN_POS
[2026-02-28 06:12:35] CHK EMA1m:OK EMA5m:OK RSI:55.85851142 VOL:OK MOM:0.01% RANGE:0.38% UP:23.52% SPREAD:0.43664065% BID:1.0764 ASK:1.0811 STATE:IN_POS
[2026-02-28 06:12:37] CHK EMA1m:OK EMA5m:OK RSI:55.85851142 VOL:OK MOM:-0.05% RANGE:0.38% UP:23.52% SPREAD:0.57679784% BID:1.0749 ASK:1.0811 STATE:IN_POS
[2026-02-28 06:12:39] CHK EMA1m:OK EMA5m:OK RSI:55.85851142 VOL:OK MOM:0.04% RANGE:0.38% UP:29.41% SPREAD:0.55808761% BID:1.0751 ASK:1.0811 STATE:IN_POS
[2026-02-28 06:12:40] CHK EMA1m:OK EMA5m:OK RSI:55.85851142 VOL:OK MOM:-0.02% RANGE:0.38% UP:31.25% SPREAD:0.60549604% BID:1.0735 ASK:1.08 STATE:IN_POS
[2026-02-28 06:12:41] CHK EMA1m:OK EMA5m:OK RSI:55.85851142 VOL:OK MOM:-0.21% RANGE:0.38% UP:25% SPREAD:0.41002702% BID:1.0731 ASK:1.0775 STATE:IN_POS
[2026-02-28 06:12:42] CHK EMA1m:OK EMA5m:OK RSI:55.85851142 VOL:OK MOM:-0.09% RANGE:0.38% UP:31.25% SPREAD:0.46554934% BID:1.074 ASK:1.079 STATE:IN_POS
[2026-02-28 06:12:43] CHK EMA1m:OK EMA5m:OK RSI:55.85851142 VOL:OK MOM:-0.09% RANGE:0.38% UP:31.25% SPREAD:0.46554934% BID:1.074 ASK:1.079 STATE:IN_POS
[2026-02-28 06:12:44] CHK EMA1m:OK EMA5m:OK RSI:55.85851142 VOL:OK MOM:-0.05% RANGE:0.38% UP:31.25% SPREAD:0.3727171% BID:1.0732 ASK:1.0772 STATE:IN_POS
[2026-02-28 06:12:45] CHK EMA1m:OK EMA5m:OK RSI:55.85851142 VOL:OK MOM:-0.05% RANGE:0.38% UP:31.25% SPREAD:0.3727171% BID:1.0732 ASK:1.0772 STATE:IN_POS
[2026-02-28 06:12:46] CHK EMA1m:OK EMA5m:OK RSI:55.85851142 VOL:OK MOM:-0.21% RANGE:0.45% UP:31.25% SPREAD:0.53196453% BID:1.0715 ASK:1.0772 STATE:IN_POS
[2026-02-28 06:12:47] CHK EMA1m:OK EMA5m:OK RSI:55.85851142 VOL:OK MOM:-0.38% RANGE:0.62% UP:31.25% SPREAD:0.70113115% BID:1.0697 ASK:1.0772 STATE:IN_POS
[2026-02-28 06:12:48] SELL symbol=BARDUSDC qty=8.5 exit=1.0696999999999999 pnl=-0.07905000000000073 reason=STOP profile=major
[2026-02-28 06:13:19] CHK EMA1m:OK EMA5m:OK RSI:50.09771986 VOL:OK MOM:0.75% RANGE:0.93% UP:41.02% SPREAD:0.46961585% BID:1.0647 ASK:1.0697 STATE:IDLE
[2026-02-28 06:13:19] DECIDE_HOLD reason=HOLD_SPREAD spread=0.4696% mom=0.7571% range=0.9386% up=41.03% rsi=50.09771986970683
[2026-02-28 06:13:19] CHK EMA1m:OK EMA5m:OK RSI:50.09771986 VOL:OK MOM:0.86% RANGE:0.93% UP:39.47% SPREAD:0.54516401% BID:1.0639 ASK:1.0697 STATE:IDLE
[2026-02-28 06:13:20] CHK EMA1m:OK EMA5m:OK RSI:50.09771986 VOL:OK MOM:0.66% RANGE:0.73% UP:37.83% SPREAD:0.77074913% BID:1.0639 ASK:1.0721 STATE:IDLE
[2026-02-28 06:13:21] CHK EMA1m:OK EMA5m:OK RSI:50.09771986 VOL:OK MOM:0.43% RANGE:0.73% UP:33.33% SPREAD:0.77074913% BID:1.0639 ASK:1.0721 STATE:IDLE
[2026-02-28 06:13:22] CHK EMA1m:OK EMA5m:OK RSI:50.09771986 VOL:OK MOM:0.22% RANGE:0.73% UP:31.42% SPREAD:0.77074913% BID:1.0639 ASK:1.0721 STATE:IDLE
[2026-02-28 06:13:24] CHK EMA1m:OK EMA5m:OK RSI:50.09771986 VOL:OK MOM:0.34% RANGE:0.73% UP:32.35% SPREAD:0.68609022% BID:1.064 ASK:1.0713 STATE:IDLE
[2026-02-28 06:13:25] CHK EMA1m:OK EMA5m:OK RSI:50.67611075 VOL:OK MOM:0.39% RANGE:0.73% UP:34.37% SPREAD:0.63879755% BID:1.0645 ASK:1.0713 STATE:IDLE
[2026-02-28 06:13:26] CHK EMA1m:OK EMA5m:OK RSI:50.67611075 VOL:OK MOM:0.39% RANGE:0.73% UP:35.48% SPREAD:0.63879755% BID:1.0645 ASK:1.0713 STATE:IDLE
[2026-02-28 06:13:27] CHK EMA1m:OK EMA5m:OK RSI:50.67611075 VOL:OK MOM:0.52% RANGE:0.73% UP:37.93% SPREAD:0.71529411% BID:1.0625 ASK:1.0701 STATE:IDLE
[2026-02-28 06:13:28] CHK EMA1m:OK EMA5m:OK RSI:50.67611075 VOL:OK MOM:0.44% RANGE:0.73% UP:35.71% SPREAD:0.60275004% BID:1.0618 ASK:1.0682 STATE:IDLE
[2026-02-28 06:13:28] DECIDE_HOLD reason=HOLD_SPREAD spread=0.6028% mom=0.4446% range=0.7380% up=35.71% rsi=50.67611075338055
[2026-02-28 06:13:30] CHK EMA1m:OK EMA5m:OK RSI:50.67611075 VOL:OK MOM:0.11% RANGE:0.73% UP:33.33% SPREAD:0.60383055% BID:1.0599 ASK:1.0663 STATE:IDLE
[2026-02-28 06:13:31] CHK EMA1m:OK EMA5m:OK RSI:50.67611075 VOL:OK MOM:-0.31% RANGE:0.63% UP:32% SPREAD:0.60491493% BID:1.058 ASK:1.0644 STATE:IDLE
[2026-02-28 06:13:32] CHK EMA1m:OK EMA5m:OK RSI:50.67611075 VOL:OK MOM:-0.37% RANGE:0.63% UP:32% SPREAD:0.3969379% BID:1.0581 ASK:1.0623 STATE:IDLE
[2026-02-28 06:13:33] CHK EMA1m:OK EMA5m:OK RSI:50.67611075 VOL:OK MOM:-0.52% RANGE:0.63% UP:29.16% SPREAD:0.40642722% BID:1.058 ASK:1.0623 STATE:IDLE
[2026-02-28 06:13:34] CHK EMA1m:OK EMA5m:OK RSI:48.43953185 VOL:OK MOM:-0.69% RANGE:0.78% UP:27.27% SPREAD:0.55850056% BID:1.0564 ASK:1.0623 STATE:IDLE
[2026-02-28 06:13:36] CHK EMA1m:OK EMA5m:OK RSI:48.43953185 VOL:OK MOM:-0.61% RANGE:0.78% UP:2E+1% SPREAD:0.55850056% BID:1.0564 ASK:1.0623 STATE:IDLE
[2026-02-28 06:13:37] CHK EMA1m:OK EMA5m:OK RSI:48.43953185 VOL:OK MOM:-0.78% RANGE:0.95% UP:22.22% SPREAD:0.73013464% BID:1.0546 ASK:1.0623 STATE:IDLE
[2026-02-28 06:13:39] CHK EMA1m:OK EMA5m:OK RSI:46.76710608 VOL:OK MOM:-1.13% RANGE:1.14% UP:17.64% SPREAD:0.49401482% BID:1.0526 ASK:1.0578 STATE:IDLE
[2026-02-28 06:13:40] CHK EMA1m:OK EMA5m:OK RSI:46.76710608 VOL:OK MOM:-1.2% RANGE:1.27% UP:18.75% SPREAD:0.59937208% BID:1.0511 ASK:1.0574 STATE:IDLE
[2026-02-28 06:13:40] DECIDE_HOLD reason=HOLD_SPREAD spread=0.5994% mom=-1.2031% range=1.2749% up=18.75% rsi=46.76710608913999
[2026-02-28 06:13:41] CHK EMA1m:OK EMA5m:OK RSI:46.76710608 VOL:OK MOM:-1.36% RANGE:1.43% UP:18.75% SPREAD:0.76234038% BID:1.0494 ASK:1.0574 STATE:IDLE
[2026-02-28 06:13:42] CHK EMA1m:OK EMA5m:OK RSI:46.76710608 VOL:OK MOM:-1.32% RANGE:1.43% UP:25% SPREAD:0.72394741% BID:1.0498 ASK:1.0574 STATE:IDLE
[2026-02-28 06:13:43] CHK EMA1m:OK EMA5m:OK RSI:45.78979717 VOL:OK MOM:-1.43% RANGE:1.5% UP:18.75% SPREAD:0.6770287% BID:1.0487 ASK:1.0558 STATE:IDLE
[2026-02-28 06:13:44] CHK EMA1m:OK EMA5m:OK RSI:45.78979717 VOL:OK MOM:-1.41% RANGE:1.5% UP:18.75% SPREAD:0.62893081% BID:1.0494 ASK:1.056 STATE:IDLE
[2026-02-28 06:13:45] CHK EMA1m:OK EMA5m:OK RSI:45.78979717 VOL:OK MOM:-1.36% RANGE:1.5% UP:25% SPREAD:0.76190476% BID:1.05 ASK:1.058 STATE:IDLE
[2026-02-28 06:13:47] CHK EMA1m:OK EMA5m:OK RSI:46.50436953 VOL:OK MOM:-1.02% RANGE:1.31% UP:31.25% SPREAD:0.47546595% BID:1.0516 ASK:1.0566 STATE:IDLE
[2026-02-28 06:13:48] CHK EMA1m:OK EMA5m:OK RSI:46.50436953 VOL:OK MOM:-1.23% RANGE:1.24% UP:31.25% SPREAD:0.45770954% BID:1.0487 ASK:1.0535 STATE:IDLE
[2026-02-28 06:13:49] CHK EMA1m:OK EMA5m:OK RSI:46.50436953 VOL:OK MOM:-1.05% RANGE:1.06% UP:31.25% SPREAD:0.58167254% BID:1.0487 ASK:1.0548 STATE:IDLE
[2026-02-28 06:13:50] CHK EMA1m:OK EMA5m:OK RSI:46.50436953 VOL:OK MOM:-0.87% RANGE:0.89% UP:31.25% SPREAD:0.68656431% BID:1.0487 ASK:1.0559 STATE:IDLE
[2026-02-28 06:13:50] DECIDE_HOLD reason=HOLD_SPREAD spread=0.6866% mom=-0.8790% range=0.8963% up=31.25% rsi=46.504369538077434
[2026-02-28 06:13:51] CHK EMA1m:OK EMA5m:OK RSI:46.50436953 VOL:OK MOM:-0.88% RANGE:0.89% UP:25% SPREAD:0.58167254% BID:1.0487 ASK:1.0548 STATE:IDLE
[2026-02-28 06:13:52] CHK EMA1m:OK EMA5m:OK RSI:46.50436953 VOL:OK MOM:-0.98% RANGE:0.99% UP:25% SPREAD:0.76365024% BID:1.0476 ASK:1.0556 STATE:IDLE
[2026-02-28 06:13:53] CHK EMA1m:OK EMA5m:OK RSI:46.50436953 VOL:OK MOM:-0.9% RANGE:0.91% UP:25% SPREAD:0.66870462% BID:1.0468 ASK:1.0538 STATE:IDLE
[2026-02-28 06:13:54] CHK EMA1m:OK EMA5m:OK RSI:46.50436953 VOL:OK MOM:-0.77% RANGE:0.91% UP:31.25% SPREAD:0.62965082% BID:1.0482 ASK:1.0548 STATE:IDLE
[2026-02-28 06:13:55] CHK EMA1m:OK EMA5m:OK RSI:46.50436953 VOL:OK MOM:-0.77% RANGE:0.91% UP:29.41% SPREAD:0.72505247% BID:1.0482 ASK:1.0558 STATE:IDLE
[2026-02-28 06:13:56] CHK EMA1m:OK EMA5m:OK RSI:45.51007941 VOL:OK MOM:-0.61% RANGE:0.74% UP:29.41% SPREAD:0.67741627% BID:1.0481 ASK:1.0552 STATE:IDLE
[2026-02-28 06:13:57] CHK EMA1m:OK EMA5m:OK RSI:45.51007941 VOL:OK MOM:-0.54% RANGE:0.55% UP:29.41% SPREAD:0.73550482% BID:1.0469 ASK:1.0546 STATE:IDLE
[2026-02-28 06:13:58] CHK EMA1m:OK EMA5m:OK RSI:45.51007941 VOL:OK MOM:-0.78% RANGE:0.84% UP:29.41% SPREAD:1.11238971% BID:1.0428 ASK:1.0544 STATE:IDLE
[2026-02-28 06:13:59] CHK EMA1m:OK EMA5m:OK RSI:45.51007941 VOL:OK MOM:-0.55% RANGE:0.84% UP:33.33% SPREAD:1.0618961% BID:1.0453 ASK:1.0564 STATE:IDLE
[2026-02-28 06:14:00] CHK EMA1m:OK EMA5m:OK RSI:45.51007941 VOL:OK MOM:-0.06% RANGE:0.84% UP:38.88% SPREAD:0.52445885% BID:1.0487 ASK:1.0542 STATE:IDLE
[2026-02-28 06:14:00] DECIDE_HOLD reason=HOLD_SPREAD spread=0.5245% mom=-0.0667% range=0.8439% up=38.89% rsi=45.51007941356141
[2026-02-28 06:14:01] CHK EMA1m:OK EMA5m:OK RSI:46.24922504 VOL:OK MOM:-0.12% RANGE:0.84% UP:33.33% SPREAD:0.50548402% BID:1.0485 ASK:1.0538 STATE:IDLE
[2026-02-28 06:14:03] CHK EMA1m:OK EMA5m:OK RSI:46.24922504 VOL:OK MOM:-0.01% RANGE:0.84% UP:33.33% SPREAD:0.50548402% BID:1.0485 ASK:1.0538 STATE:IDLE
[2026-02-28 06:14:04] CHK EMA1m:OK EMA5m:OK RSI:48.14593301 VOL:OK MOM:0.1% RANGE:0.84% UP:33.33% SPREAD:0.57115659% BID:1.0505 ASK:1.0565 STATE:IDLE
[2026-02-28 06:14:05] CHK EMA1m:OK EMA5m:OK RSI:46.58040665 VOL:OK MOM:-0.03% RANGE:0.84% UP:27.77% SPREAD:0.44778963% BID:1.0496 ASK:1.0543 STATE:IDLE
[2026-02-28 06:14:06] CHK EMA1m:OK EMA5m:OK RSI:46.58040665 VOL:OK MOM:-0.55% RANGE:0.84% UP:22.22% SPREAD:0.53547523% BID:1.0458 ASK:1.0514 STATE:IDLE
[2026-02-28 06:14:07] CHK EMA1m:OK EMA5m:OK RSI:46.58040665 VOL:OK MOM:-0.33% RANGE:0.73% UP:22.22% SPREAD:0.53578262% BID:1.0452 ASK:1.0508 STATE:IDLE
[2026-02-28 06:14:08] CHK EMA1m:OK EMA5m:OK RSI:46.58040665 VOL:OK MOM:-0.33% RANGE:0.73% UP:21.05% SPREAD:0.65059318% BID:1.0452 ASK:1.052 STATE:IDLE
[2026-02-28 06:14:09] CHK EMA1m:OK EMA5m:OK RSI:46.58040665 VOL:OK MOM:-0.46% RANGE:0.73% UP:22.22% SPREAD:0.59398352% BID:1.0438 ASK:1.05 STATE:IDLE
[2026-02-28 06:14:10] CHK EMA1m:OK EMA5m:OK RSI:46.58040665 VOL:OK MOM:-0.45% RANGE:0.73% UP:27.77% SPREAD:0.747198% BID:1.0439 ASK:1.0517 STATE:IDLE
[2026-02-28 06:14:11] CHK EMA1m:OK EMA5m:OK RSI:46.58040665 VOL:OK MOM:-0.34% RANGE:0.73% UP:33.33% SPREAD:0.68965517% BID:1.044 ASK:1.0512 STATE:IDLE
[2026-02-28 06:14:11] DECIDE_HOLD reason=HOLD_SPREAD spread=0.6897% mom=-0.3436% range=0.7384% up=33.33% rsi=46.58040665434377
[2026-02-28 06:14:12] CHK EMA1m:OK EMA5m:OK RSI:46.58040665 VOL:OK MOM:-0.16% RANGE:0.73% UP:38.88% SPREAD:0.64108697% BID:1.0451 ASK:1.0518 STATE:IDLE
[2026-02-28 06:14:13] CHK EMA1m:OK EMA5m:OK RSI:46.58040665 VOL:OK MOM:0.06% RANGE:0.73% UP:42.1% SPREAD:0.93556085% BID:1.0475 ASK:1.0573 STATE:IDLE
[2026-02-28 06:14:14] CHK EMA1m:OK EMA5m:OK RSI:46.58040665 VOL:OK MOM:0.03% RANGE:0.73% UP:44.44% SPREAD:0.55311844% BID:1.0486 ASK:1.0544 STATE:IDLE
[2026-02-28 06:14:15] CHK EMA1m:OK EMA5m:OK RSI:46.38218923 VOL:OK MOM:0.04% RANGE:0.73% UP:44.44% SPREAD:0.57219149% BID:1.0486 ASK:1.0546 STATE:IDLE
[2026-02-28 06:14:16] CHK EMA1m:OK EMA5m:OK RSI:46.38218923 VOL:OK MOM:0.16% RANGE:0.73% UP:44.44% SPREAD:0.57219149% BID:1.0486 ASK:1.0546 STATE:IDLE
[2026-02-28 06:14:17] CHK EMA1m:OK EMA5m:OK RSI:46.38218923 VOL:OK MOM:0.5% RANGE:0.73% UP:44.44% SPREAD:0.48659479% BID:1.0481 ASK:1.0532 STATE:IDLE
[2026-02-28 06:14:19] CHK EMA1m:OK EMA5m:OK RSI:46.38218923 VOL:OK MOM:0.5% RANGE:0.73% UP:42.1% SPREAD:0.46751264% BID:1.0481 ASK:1.053 STATE:IDLE
[2026-02-28 06:14:20] CHK EMA1m:OK EMA5m:OK RSI:46.38218923 VOL:OK MOM:-0.05% RANGE:0.64% UP:33.33% SPREAD:0.50567693% BID:1.0481 ASK:1.0534 STATE:IDLE
[2026-02-28 06:14:21] CHK EMA1m:OK EMA5m:OK RSI:46.38218923 VOL:OK MOM:-0.03% RANGE:0.64% UP:33.33% SPREAD:0.54384123% BID:1.0481 ASK:1.0538 STATE:IDLE
[2026-02-28 06:14:22] CHK EMA1m:OK EMA5m:OK RSI:46.38218923 VOL:OK MOM:-0.26% RANGE:0.64% UP:33.33% SPREAD:0.52596346% BID:1.0457 ASK:1.0512 STATE:IDLE
[2026-02-28 06:14:22] DECIDE_HOLD reason=HOLD_SPREAD spread=0.5260% mom=-0.2670% range=0.6419% up=33.33% rsi=46.382189239332085
[2026-02-28 06:14:23] CHK EMA1m:OK EMA5m:OK RSI:46.38218923 VOL:OK MOM:-1.01% RANGE:1.02% UP:27.77% SPREAD:0.79823042% BID:1.0398 ASK:1.0481 STATE:IDLE
[2026-02-28 06:14:24] CHK EMA1m:OK EMA5m:OK RSI:46.38218923 VOL:OK MOM:-0.53% RANGE:1.02% UP:31.57% SPREAD:0.58378792% BID:1.0449 ASK:1.051 STATE:IDLE
[2026-02-28 06:14:25] CHK EMA1m:OK EMA5m:OK RSI:46.38218923 VOL:OK MOM:0% RANGE:0.84% UP:38.88% SPREAD:0.5641614% BID:1.0458 ASK:1.0517 STATE:IDLE
[2026-02-28 06:14:26] CHK EMA1m:OK EMA5m:OK RSI:46.38218923 VOL:OK MOM:0.05% RANGE:0.84% UP:38.88% SPREAD:0.50678906% BID:1.0458 ASK:1.0511 STATE:IDLE
[2026-02-28 06:14:27] CHK EMA1m:OK EMA5m:OK RSI:46.38218923 VOL:OK MOM:0.05% RANGE:0.84% UP:38.88% SPREAD:0.50678906% BID:1.0458 ASK:1.0511 STATE:IDLE
[2026-02-28 06:14:28] CHK EMA1m:OK EMA5m:OK RSI:46.38218923 VOL:OK MOM:0.19% RANGE:0.84% UP:38.88% SPREAD:0.44941671% BID:1.0458 ASK:1.0505 STATE:IDLE
[2026-02-28 06:14:29] CHK EMA1m:OK EMA5m:OK RSI:46.38218923 VOL:OK MOM:0% RANGE:0.84% UP:36.84% SPREAD:0.49817972% BID:1.0438 ASK:1.049 STATE:IDLE
[2026-02-28 06:14:30] CHK EMA1m:OK EMA5m:OK RSI:46.38218923 VOL:OK MOM:-0.13% RANGE:0.84% UP:27.77% SPREAD:0.54671014% BID:1.0426 ASK:1.0483 STATE:IDLE
[2026-02-28 06:14:31] CHK EMA1m:OK EMA5m:OK RSI:46.38218923 VOL:OK MOM:-0.23% RANGE:0.84% UP:22.22% SPREAD:0.52752733% BID:1.0426 ASK:1.0481 STATE:IDLE
[2026-02-28 06:14:32] CHK EMA1m:OK EMA5m:OK RSI:46.38218923 VOL:OK MOM:-0.67% RANGE:0.84% UP:16.66% SPREAD:0.49019607% BID:1.0404 ASK:1.0455 STATE:IDLE
[2026-02-28 06:14:32] DECIDE_HOLD reason=HOLD_SPREAD spread=0.4902% mom=-0.6778% range=0.8463% up=16.67% rsi=46.382189239332085
[2026-02-28 06:14:34] CHK EMA1m:OK EMA5m:OK RSI:46.38218923 VOL:OK MOM:-0.78% RANGE:0.84% UP:11.11% SPREAD:0.4709727% BID:1.0404 ASK:1.0453 STATE:IDLE
[2026-02-28 06:14:36] CHK EMA1m:OK EMA5m:OK RSI:46.38218923 VOL:OK MOM:-0.92% RANGE:0.93% UP:11.11% SPREAD:0.53903166% BID:1.0389 ASK:1.0445 STATE:IDLE
[2026-02-28 06:14:38] CHK EMA1m:OK EMA5m:OK RSI:46.38218923 VOL:OK MOM:-0.87% RANGE:0.88% UP:12.5% SPREAD:0.53903166% BID:1.0389 ASK:1.0445 STATE:IDLE
[2026-02-28 06:14:39] CHK EMA1m:OK EMA5m:OK RSI:46.38218923 VOL:OK MOM:-0.87% RANGE:0.88% UP:12.5% SPREAD:0.53903166% BID:1.0389 ASK:1.0445 STATE:IDLE
[2026-02-28 06:14:41] CHK EMA1m:OK EMA5m:OK RSI:46.38218923 VOL:OK MOM:-0.77% RANGE:0.88% UP:18.75% SPREAD:0.50961538% BID:1.04 ASK:1.0453 STATE:IDLE
[2026-02-28 06:14:42] CHK EMA1m:OK EMA5m:OK RSI:46.38218923 VOL:OK MOM:0.01% RANGE:0.66% UP:2E+1% SPREAD:0.29807692% BID:1.04 ASK:1.0431 STATE:IDLE
[2026-02-28 06:14:43] CHK EMA1m:OK EMA5m:OK RSI:44.00472533 VOL:OK MOM:-0.9% RANGE:1% UP:13.33% SPREAD:0.52153757% BID:1.0354 ASK:1.0408 STATE:IDLE
[2026-02-28 06:14:43] DECIDE_HOLD reason=HOLD_SPREAD spread=0.5215% mom=-0.9092% range=1.0044% up=13.33% rsi=44.00472533963379
[2026-02-28 06:14:44] CHK EMA1m:OK EMA5m:OK RSI:44.00472533 VOL:OK MOM:-0.99% RANGE:1% UP:6.66% SPREAD:0.72435773% BID:1.0354 ASK:1.0429 STATE:IDLE
[2026-02-28 06:14:44] CHK EMA1m:OK EMA5m:OK RSI:44.00472533 VOL:OK MOM:-0.99% RANGE:1% UP:6.25% SPREAD:0.66640911% BID:1.0354 ASK:1.0423 STATE:IDLE
[2026-02-28 06:14:46] CHK EMA1m:OK EMA5m:OK RSI:44.00472533 VOL:OK MOM:-0.93% RANGE:1% UP:12.5% SPREAD:0.57915057% BID:1.036 ASK:1.042 STATE:IDLE
[2026-02-28 06:14:47] CHK EMA1m:OK EMA5m:OK RSI:44.00472533 VOL:OK MOM:-1.08% RANGE:1.09% UP:13.33% SPREAD:0.54132431% BID:1.0345 ASK:1.0401 STATE:IDLE
[2026-02-28 06:14:48] CHK EMA1m:OK EMA5m:OK RSI:44.00472533 VOL:OK MOM:-1.26% RANGE:1.27% UP:12.5% SPREAD:0.58105752% BID:1.0326 ASK:1.0386 STATE:IDLE
[2026-02-28 06:14:49] CHK EMA1m:OK EMA5m:OK RSI:44.00472533 VOL:OK MOM:-1.26% RANGE:1.28% UP:12.5% SPREAD:0.77624684% BID:1.0306 ASK:1.0386 STATE:IDLE
[2026-02-28 06:14:50] CHK EMA1m:OK EMA5m:OK RSI:44.00472533 VOL:OK MOM:-1.07% RANGE:1.16% UP:18.75% SPREAD:0.86290478% BID:1.0314 ASK:1.0403 STATE:IDLE
[2026-02-28 06:14:51] CHK EMA1m:OK EMA5m:OK RSI:44.00472533 VOL:OK MOM:-0.77% RANGE:1.16% UP:25% SPREAD:0.73465442% BID:1.0345 ASK:1.0421 STATE:IDLE
[2026-02-28 06:14:52] CHK EMA1m:OK EMA5m:OK RSI:44.00472533 VOL:OK MOM:-0.91% RANGE:0.95% UP:25% SPREAD:0.7372199% BID:1.0309 ASK:1.0385 STATE:IDLE
[2026-02-28 06:14:53] CHK EMA1m:OK EMA5m:OK RSI:44.00472533 VOL:OK MOM:-0.49% RANGE:0.95% UP:31.25% SPREAD:0.71476866% BID:1.0353 ASK:1.0427 STATE:IDLE
[2026-02-28 06:14:53] DECIDE_HOLD reason=HOLD_SPREAD spread=0.7148% mom=-0.4902% range=0.9509% up=31.25% rsi=44.00472533963379
[2026-02-28 06:14:54] CHK EMA1m:OK EMA5m:OK RSI:44.00472533 VOL:OK MOM:-0.36% RANGE:0.91% UP:31.25% SPREAD:0.56999323% BID:1.0351 ASK:1.041 STATE:IDLE
[2026-02-28 06:14:55] CHK EMA1m:OK EMA5m:OK RSI:44.00472533 VOL:OK MOM:-0.46% RANGE:0.91% UP:31.25% SPREAD:0.69625761% BID:1.0341 ASK:1.0413 STATE:IDLE
[2026-02-28 06:14:57] CHK EMA1m:OK EMA5m:OK RSI:44.00472533 VOL:OK MOM:-0.25% RANGE:0.91% UP:35.29% SPREAD:0.68512978% BID:1.0363 ASK:1.0434 STATE:IDLE
[2026-02-28 06:14:57] CHK EMA1m:OK EMA5m:OK RSI:44.00472533 VOL:OK MOM:-0.46% RANGE:0.91% UP:35.29% SPREAD:0.96702446% BID:1.0341 ASK:1.0441 STATE:IDLE
[2026-02-28 06:14:58] CHK EMA1m:OK EMA5m:OK RSI:44.00472533 VOL:OK MOM:-0.1% RANGE:0.91% UP:38.88% SPREAD:0.66486798% BID:1.0378 ASK:1.0447 STATE:IDLE
[2026-02-28 06:14:59] CHK EMA1m:OK EMA5m:OK RSI:44.00472533 VOL:OK MOM:-0.23% RANGE:0.91% UP:33.33% SPREAD:0.53970701% BID:1.0376 ASK:1.0432 STATE:IDLE
[2026-02-28 06:15:01] CHK EMA1m:OK EMA5m:OK RSI:44.00472533 VOL:OK MOM:-0.23% RANGE:0.91% UP:33.33% SPREAD:0.55898226% BID:1.0376 ASK:1.0434 STATE:IDLE
[2026-02-28 06:15:03] CHK EMA1m:NO EMA5m:OK RSI:49.30509596 VOL:NO MOM:-0.18% RANGE:0.69% UP:33.33% SPREAD:0.59022738% BID:1.0335 ASK:1.0396 STATE:IDLE
[2026-02-28 06:15:04] CHK EMA1m:NO EMA5m:OK RSI:49.30509596 VOL:NO MOM:-0.52% RANGE:0.75% UP:35.29% SPREAD:0.62135922% BID:1.03 ASK:1.0364 STATE:IDLE
[2026-02-28 06:15:04] DECIDE_HOLD reason=HOLD_SPREAD spread=0.6214% mom=-0.5215% range=0.7573% up=35.29% rsi=49.30509596293846
[2026-02-28 06:15:05] CHK EMA1m:NO EMA5m:OK RSI:48.50260416 VOL:OK MOM:-0.15% RANGE:0.75% UP:35.29% SPREAD:0.42536736% BID:1.0344 ASK:1.0388 STATE:IDLE
[2026-02-28 06:15:06] CHK EMA1m:NO EMA5m:OK RSI:48.50260416 VOL:OK MOM:0.02% RANGE:0.75% UP:41.17% SPREAD:0.40587553% BID:1.0348 ASK:1.039 STATE:IDLE
[2026-02-28 06:15:07] CHK EMA1m:NO EMA5m:OK RSI:48.50260416 VOL:OK MOM:0.1% RANGE:0.75% UP:44.44% SPREAD:0.44418694% BID:1.0356 ASK:1.0402 STATE:IDLE
