[2026-05-11 14:56:02Z] SESSION_START symbol=ONDOUSDC dry_run=0 profile=major strategy=momentum base_url=https://api.binance.com
[2026-05-11 14:56:02Z] TOXIC_MEMORY_LOADED count=4 symbols=GUNUSDC,JTOUSDC,ORDIUSDC,SAHARAUSDC
[2026-05-11 14:56:04Z] CHK MOM:0% RANGE:0% UP:0% SPREAD:0.02351834% BID:0.4252 ASK:0.4253 MID:0.42525 P1:0.42525 P2:NA P3:NA P4:NA STATE:IDLE
[2026-05-11 14:56:04Z] CHK MOM:0% RANGE:0% UP:0% SPREAD:0.02351834% BID:0.4252 ASK:0.4253 MID:0.42525 P1:0.42525 P2:0.42525 P3:NA P4:NA STATE:IDLE
[2026-05-11 14:56:05Z] CHK MOM:-0.02% RANGE:0.02% UP:0% SPREAD:0.02352387% BID:0.4251 ASK:0.4252 MID:0.42515 P1:0.42515 P2:0.42525 P3:0.42525 P4:NA STATE:IDLE
[2026-05-11 14:56:05Z] CHK MOM:-0.02% RANGE:0.02% UP:0% SPREAD:0.02352387% BID:0.4251 ASK:0.4252 MID:0.42515 P1:0.42515 P2:0.42515 P3:0.42525 P4:0.42525 STATE:IDLE
[2026-05-11 14:56:06Z] CHK MOM:-0.02% RANGE:0.02% UP:0% SPREAD:0.02352387% BID:0.4251 ASK:0.4252 MID:0.42515 P1:0.42515 P2:0.42515 P3:0.42525 P4:0.42525 STATE:IDLE
[2026-05-11 14:56:06Z] CHK MOM:-0.02% RANGE:0.02% UP:0% SPREAD:0.02352387% BID:0.4251 ASK:0.4252 MID:0.42515 P1:0.42515 P2:0.42515 P3:0.42525 P4:0.42525 STATE:IDLE
[2026-05-11 14:56:07Z] CHK MOM:-0.02% RANGE:0.02% UP:0% SPREAD:0.02352387% BID:0.4251 ASK:0.4252 MID:0.42515 P1:0.42515 P2:0.42515 P3:0.42515 P4:0.42525 STATE:IDLE
[2026-05-11 14:56:07Z] CHK MOM:-0.02% RANGE:0.02% UP:0% SPREAD:0.02352387% BID:0.4251 ASK:0.4252 MID:0.42515 P1:0.42515 P2:0.42515 P3:0.42515 P4:0.42515 STATE:IDLE
[2026-05-11 14:56:08Z] CHK MOM:0% RANGE:0.02% UP:16.66% SPREAD:0.02351834% BID:0.4252 ASK:0.4253 MID:0.42525 P1:0.42525 P2:0.42515 P3:0.42515 P4:0.42515 STATE:IDLE
[2026-05-11 14:56:08Z] CHK MOM:0.01% RANGE:0.03% UP:28.57% SPREAD:0.04703668% BID:0.4252 ASK:0.4254 MID:0.4253 P1:0.4253 P2:0.42525 P3:0.42515 P4:0.42515 STATE:IDLE
[2026-05-11 14:56:09Z] CHK MOM:0.02% RANGE:0.04% UP:37.5% SPREAD:0.02351281% BID:0.4253 ASK:0.4254 MID:0.42535 P1:0.42535 P2:0.4253 P3:0.42525 P4:0.42515 STATE:IDLE
[2026-05-11 14:56:10Z] CHK MOM:0.02% RANGE:0.04% UP:33.33% SPREAD:0.02351281% BID:0.4253 ASK:0.4254 MID:0.42535 P1:0.42535 P2:0.42535 P3:0.4253 P4:0.42525 STATE:IDLE
[2026-05-11 14:56:10Z] CHK MOM:0% RANGE:0.04% UP:30% SPREAD:0.02351834% BID:0.4252 ASK:0.4253 MID:0.42525 P1:0.42525 P2:0.42535 P3:0.42535 P4:0.4253 STATE:IDLE
[2026-05-11 14:56:11Z] CHK MOM:0% RANGE:0.04% UP:30% SPREAD:0.02351834% BID:0.4252 ASK:0.4253 MID:0.42525 P1:0.42525 P2:0.42535 P3:0.42535 P4:0.4253 STATE:IDLE
[2026-05-11 14:56:11Z] CHK MOM:0% RANGE:0.04% UP:27.27% SPREAD:0.02351834% BID:0.4252 ASK:0.4253 MID:0.42525 P1:0.42525 P2:0.42525 P3:0.42535 P4:0.42535 STATE:IDLE
[2026-05-11 14:56:12Z] CHK MOM:0% RANGE:0.04% UP:25% SPREAD:0.02351834% BID:0.4252 ASK:0.4253 MID:0.42525 P1:0.42525 P2:0.42525 P3:0.42525 P4:0.42535 STATE:IDLE
[2026-05-11 14:56:12Z] CHK MOM:0.04% RANGE:0.07% UP:30.76% SPREAD:0.02350728% BID:0.4254 ASK:0.4255 MID:0.42545 P1:0.42545 P2:0.42525 P3:0.42525 P4:0.42525 STATE:IDLE
[2026-05-11 14:56:13Z] CHK MOM:0.04% RANGE:0.07% UP:28.57% SPREAD:0.02350728% BID:0.4254 ASK:0.4255 MID:0.42545 P1:0.42545 P2:0.42545 P3:0.42525 P4:0.42525 STATE:IDLE
[2026-05-11 14:56:13Z] CHK MOM:0% RANGE:0.07% UP:26.66% SPREAD:0.02351834% BID:0.4252 ASK:0.4253 MID:0.42525 P1:0.42525 P2:0.42545 P3:0.42545 P4:0.42525 STATE:IDLE
[2026-05-11 14:56:14Z] CHK MOM:0.02% RANGE:0.07% UP:31.25% SPREAD:0.02351281% BID:0.4253 ASK:0.4254 MID:0.42535 P1:0.42535 P2:0.42525 P3:0.42545 P4:0.42545 STATE:IDLE
[2026-05-11 14:56:15Z] CHK MOM:0% RANGE:0.07% UP:29.41% SPREAD:0.02351834% BID:0.4252 ASK:0.4253 MID:0.42525 P1:0.42525 P2:0.42535 P3:0.42525 P4:0.42545 STATE:IDLE
[2026-05-11 14:56:15Z] CHK MOM:-0.02% RANGE:0.07% UP:27.77% SPREAD:0.02352387% BID:0.4251 ASK:0.4252 MID:0.42515 P1:0.42515 P2:0.42525 P3:0.42535 P4:0.42525 STATE:IDLE
[2026-05-11 14:56:16Z] CHK MOM:0% RANGE:0.07% UP:29.41% SPREAD:0.02352387% BID:0.4251 ASK:0.4252 MID:0.42515 P1:0.42515 P2:0.42515 P3:0.42525 P4:0.42535 STATE:IDLE
[2026-05-11 14:56:16Z] CHK MOM:0.02% RANGE:0.07% UP:33.33% SPREAD:0.02351834% BID:0.4252 ASK:0.4253 MID:0.42525 P1:0.42525 P2:0.42515 P3:0.42515 P4:0.42525 STATE:IDLE
[2026-05-11 14:56:17Z] CHK MOM:0.02% RANGE:0.07% UP:33.33% SPREAD:0.02351834% BID:0.4252 ASK:0.4253 MID:0.42525 P1:0.42525 P2:0.42515 P3:0.42515 P4:0.42525 STATE:IDLE
[2026-05-11 14:56:17Z] CHK MOM:0.02% RANGE:0.07% UP:33.33% SPREAD:0.02351834% BID:0.4252 ASK:0.4253 MID:0.42525 P1:0.42525 P2:0.42515 P3:0.42515 P4:0.42525 STATE:IDLE
[2026-05-11 14:56:18Z] CHK MOM:0.02% RANGE:0.07% UP:35.29% SPREAD:0.02351834% BID:0.4252 ASK:0.4253 MID:0.42525 P1:0.42525 P2:0.42525 P3:0.42515 P4:0.42515 STATE:IDLE
[2026-05-11 14:56:18Z] CHK MOM:0.04% RANGE:0.07% UP:38.88% SPREAD:0.02351281% BID:0.4253 ASK:0.4254 MID:0.42535 P1:0.42535 P2:0.42525 P3:0.42525 P4:0.42515 STATE:IDLE
[2026-05-11 14:56:19Z] CHK MOM:0.02% RANGE:0.07% UP:38.88% SPREAD:0.02351834% BID:0.4252 ASK:0.4253 MID:0.42525 P1:0.42525 P2:0.42535 P3:0.42525 P4:0.42525 STATE:IDLE
[2026-05-11 14:56:20Z] CHK MOM:0% RANGE:0.07% UP:33.33% SPREAD:0.02351834% BID:0.4252 ASK:0.4253 MID:0.42525 P1:0.42525 P2:0.42525 P3:0.42535 P4:0.42525 STATE:IDLE
[2026-05-11 14:56:20Z] CHK MOM:0.02% RANGE:0.07% UP:36.84% SPREAD:0.02351281% BID:0.4253 ASK:0.4254 MID:0.42535 P1:0.42535 P2:0.42525 P3:0.42525 P4:0.42535 STATE:IDLE
[2026-05-11 14:56:21Z] CHK MOM:0% RANGE:0.07% UP:29.41% SPREAD:0.02351281% BID:0.4253 ASK:0.4254 MID:0.42535 P1:0.42535 P2:0.42535 P3:0.42525 P4:0.42525 STATE:IDLE
[2026-05-11 14:56:21Z] CHK MOM:0% RANGE:0.07% UP:27.77% SPREAD:0.02351281% BID:0.4253 ASK:0.4254 MID:0.42535 P1:0.42535 P2:0.42535 P3:0.42535 P4:0.42525 STATE:IDLE
[2026-05-11 14:56:22Z] CHK MOM:0.01% RANGE:0.07% UP:31.57% SPREAD:0.04702562% BID:0.4253 ASK:0.4255 MID:0.4254 P1:0.4254 P2:0.42535 P3:0.42535 P4:0.42535 STATE:IDLE
[2026-05-11 14:56:22Z] CHK MOM:0.02% RANGE:0.07% UP:31.57% SPREAD:0.02351281% BID:0.4253 ASK:0.4254 MID:0.42535 P1:0.42535 P2:0.4254 P3:0.42535 P4:0.42535 STATE:IDLE
[2026-05-11 14:56:23Z] CHK MOM:0% RANGE:0.07% UP:31.57% SPREAD:0.02351834% BID:0.4252 ASK:0.4253 MID:0.42525 P1:0.42525 P2:0.42535 P3:0.4254 P4:0.42535 STATE:IDLE
[2026-05-11 14:56:23Z] CHK MOM:-0.01% RANGE:0.07% UP:31.57% SPREAD:0.04704775% BID:0.4251 ASK:0.4253 MID:0.4252 P1:0.4252 P2:0.42525 P3:0.42535 P4:0.4254 STATE:IDLE
[2026-05-11 14:56:24Z] CHK MOM:-0.04% RANGE:0.07% UP:31.57% SPREAD:0.02351834% BID:0.4252 ASK:0.4253 MID:0.42525 P1:0.42525 P2:0.4252 P3:0.42525 P4:0.42535 STATE:IDLE
[2026-05-11 14:56:24Z] CHK MOM:-0.04% RANGE:0.07% UP:31.57% SPREAD:0.02351834% BID:0.4252 ASK:0.4253 MID:0.42525 P1:0.42525 P2:0.4252 P3:0.42525 P4:0.42535 STATE:IDLE
[2026-05-11 14:56:25Z] CHK MOM:-0.04% RANGE:0.07% UP:31.57% SPREAD:0.02351834% BID:0.4252 ASK:0.4253 MID:0.42525 P1:0.42525 P2:0.4252 P3:0.42525 P4:0.42535 STATE:IDLE
[2026-05-11 14:56:26Z] CHK MOM:-0.04% RANGE:0.07% UP:31.57% SPREAD:0.02351834% BID:0.4252 ASK:0.4253 MID:0.42525 P1:0.42525 P2:0.4252 P3:0.42525 P4:0.42535 STATE:IDLE
[2026-05-11 14:56:26Z] CHK MOM:0% RANGE:0.05% UP:31.25% SPREAD:0.02351834% BID:0.4252 ASK:0.4253 MID:0.42525 P1:0.42525 P2:0.42525 P3:0.4252 P4:0.42525 STATE:IDLE
[2026-05-11 14:56:27Z] CHK MOM:-0.01% RANGE:0.05% UP:29.41% SPREAD:0.04704775% BID:0.4251 ASK:0.4253 MID:0.4252 P1:0.4252 P2:0.42525 P3:0.42525 P4:0.4252 STATE:IDLE
[2026-05-11 14:56:27Z] CHK MOM:0% RANGE:0.05% UP:31.25% SPREAD:0.02352387% BID:0.4251 ASK:0.4252 MID:0.42515 P1:0.42515 P2:0.4252 P3:0.42525 P4:0.42525 STATE:IDLE
[2026-05-11 14:56:28Z] CHK MOM:0.01% RANGE:0.05% UP:35.29% SPREAD:0.04704775% BID:0.4251 ASK:0.4253 MID:0.4252 P1:0.4252 P2:0.42515 P3:0.4252 P4:0.42525 STATE:IDLE
[2026-05-11 14:56:28Z] CHK MOM:0.01% RANGE:0.05% UP:35.29% SPREAD:0.04704775% BID:0.4251 ASK:0.4253 MID:0.4252 P1:0.4252 P2:0.42515 P3:0.4252 P4:0.42525 STATE:IDLE
[2026-05-11 14:56:29Z] CHK MOM:-0.02% RANGE:0.05% UP:31.25% SPREAD:0.02352387% BID:0.4251 ASK:0.4252 MID:0.42515 P1:0.42515 P2:0.4252 P3:0.42515 P4:0.4252 STATE:IDLE
[2026-05-11 14:56:29Z] CHK MOM:-0.02% RANGE:0.05% UP:29.41% SPREAD:0.02352387% BID:0.4251 ASK:0.4252 MID:0.42515 P1:0.42515 P2:0.42515 P3:0.4252 P4:0.42515 STATE:IDLE
[2026-05-11 14:56:30Z] CHK MOM:0% RANGE:0.05% UP:33.33% SPREAD:0.02351834% BID:0.4252 ASK:0.4253 MID:0.42525 P1:0.42525 P2:0.42515 P3:0.42515 P4:0.4252 STATE:IDLE
[2026-05-11 14:56:31Z] CHK MOM:0% RANGE:0.05% UP:29.41% SPREAD:0.02351834% BID:0.4252 ASK:0.4253 MID:0.42525 P1:0.42525 P2:0.42525 P3:0.42515 P4:0.42515 STATE:IDLE
[2026-05-11 14:56:31Z] CHK MOM:0% RANGE:0.05% UP:29.41% SPREAD:0.02351834% BID:0.4252 ASK:0.4253 MID:0.42525 P1:0.42525 P2:0.42525 P3:0.42515 P4:0.42515 STATE:IDLE
[2026-05-11 14:56:32Z] CHK MOM:-0.02% RANGE:0.05% UP:26.66% SPREAD:0.02351834% BID:0.4252 ASK:0.4253 MID:0.42525 P1:0.42525 P2:0.42525 P3:0.42525 P4:0.42515 STATE:IDLE
[2026-05-11 14:56:32Z] CHK MOM:-0.02% RANGE:0.05% UP:25% SPREAD:0.02351834% BID:0.4252 ASK:0.4253 MID:0.42525 P1:0.42525 P2:0.42525 P3:0.42525 P4:0.42525 STATE:IDLE
[2026-05-11 14:56:33Z] CHK MOM:-0.02% RANGE:0.05% UP:25% SPREAD:0.02351834% BID:0.4252 ASK:0.4253 MID:0.42525 P1:0.42525 P2:0.42525 P3:0.42525 P4:0.42525 STATE:IDLE
[2026-05-11 14:56:33Z] CHK MOM:-0.1% RANGE:0.1% UP:20% SPREAD:0.02353494% BID:0.4249 ASK:0.425 MID:0.42495 P1:0.42495 P2:0.42525 P3:0.42525 P4:0.42525 STATE:IDLE
[2026-05-11 14:56:34Z] CHK MOM:-0.08% RANGE:0.1% UP:25% SPREAD:0.02352941% BID:0.425 ASK:0.4251 MID:0.42505 P1:0.42505 P2:0.42495 P3:0.42525 P4:0.42525 STATE:IDLE
[2026-05-11 14:56:34Z] CHK MOM:-0.11% RANGE:0.11% UP:26.66% SPREAD:0.02354603% BID:0.4247 ASK:0.4248 MID:0.42475 P1:0.42475 P2:0.42505 P3:0.42495 P4:0.42525 STATE:IDLE
[2026-05-11 14:56:35Z] CHK MOM:-0.12% RANGE:0.14% UP:26.66% SPREAD:0.02355157% BID:0.4246 ASK:0.4247 MID:0.42464999 P1:0.42464999 P2:0.42475 P3:0.42505 P4:0.42495 STATE:IDLE
[2026-05-11 14:56:36Z] CHK MOM:-0.12% RANGE:0.14% UP:25% SPREAD:0.02355157% BID:0.4246 ASK:0.4247 MID:0.42464999 P1:0.42464999 P2:0.42464999 P3:0.42475 P4:0.42505 STATE:IDLE
[2026-05-11 14:56:36Z] CHK MOM:-0.16% RANGE:0.16% UP:20% SPREAD:0.02355712% BID:0.4245 ASK:0.4246 MID:0.42455 P1:0.42455 P2:0.42464999 P3:0.42464999 P4:0.42475 STATE:IDLE
[2026-05-11 14:56:37Z] CHK MOM:-0.16% RANGE:0.16% UP:18.75% SPREAD:0.02355712% BID:0.4245 ASK:0.4246 MID:0.42455 P1:0.42455 P2:0.42455 P3:0.42464999 P4:0.42464999 STATE:IDLE
[2026-05-11 14:56:37Z] CHK MOM:-0.16% RANGE:0.16% UP:18.75% SPREAD:0.02355712% BID:0.4245 ASK:0.4246 MID:0.42455 P1:0.42455 P2:0.42455 P3:0.42464999 P4:0.42464999 STATE:IDLE
[2026-05-11 14:56:38Z] CHK MOM:-0.18% RANGE:0.18% UP:17.64% SPREAD:0.02356267% BID:0.4244 ASK:0.4245 MID:0.42445 P1:0.42445 P2:0.42455 P3:0.42455 P4:0.42464999 STATE:IDLE
[2026-05-11 14:56:38Z] CHK MOM:-0.16% RANGE:0.18% UP:22.22% SPREAD:0.02355712% BID:0.4245 ASK:0.4246 MID:0.42455 P1:0.42455 P2:0.42445 P3:0.42455 P4:0.42455 STATE:IDLE
[2026-05-11 14:56:39Z] CHK MOM:-0.16% RANGE:0.18% UP:22.22% SPREAD:0.04712535% BID:0.4244 ASK:0.4246 MID:0.4245 P1:0.4245 P2:0.42455 P3:0.42445 P4:0.42455 STATE:IDLE
[2026-05-11 14:56:39Z] CHK MOM:-0.16% RANGE:0.18% UP:22.22% SPREAD:0.02356267% BID:0.4244 ASK:0.4245 MID:0.42445 P1:0.42445 P2:0.4245 P3:0.42455 P4:0.42445 STATE:IDLE
[2026-05-11 14:56:40Z] CHK MOM:-0.16% RANGE:0.18% UP:22.22% SPREAD:0.02356267% BID:0.4244 ASK:0.4245 MID:0.42445 P1:0.42445 P2:0.4245 P3:0.42455 P4:0.42445 STATE:IDLE
[2026-05-11 14:56:40Z] CHK MOM:-0.16% RANGE:0.18% UP:17.64% SPREAD:0.02356267% BID:0.4244 ASK:0.4245 MID:0.42445 P1:0.42445 P2:0.42445 P3:0.4245 P4:0.42455 STATE:IDLE
[2026-05-11 14:56:41Z] CHK MOM:-0.17% RANGE:0.2% UP:17.64% SPREAD:0.04713646% BID:0.4243 ASK:0.4245 MID:0.4244 P1:0.4244 P2:0.42445 P3:0.42445 P4:0.4245 STATE:IDLE
[2026-05-11 14:56:42Z] CHK MOM:-0.16% RANGE:0.2% UP:22.22% SPREAD:0.02356267% BID:0.4244 ASK:0.4245 MID:0.42445 P1:0.42445 P2:0.4244 P3:0.42445 P4:0.42445 STATE:IDLE
[2026-05-11 14:56:42Z] CHK MOM:-0.16% RANGE:0.2% UP:23.52% SPREAD:0.02355712% BID:0.4245 ASK:0.4246 MID:0.42455 P1:0.42455 P2:0.42445 P3:0.4244 P4:0.42445 STATE:IDLE
[2026-05-11 14:56:43Z] CHK MOM:-0.18% RANGE:0.2% UP:23.52% SPREAD:0.02356267% BID:0.4244 ASK:0.4245 MID:0.42445 P1:0.42445 P2:0.42455 P3:0.42445 P4:0.4244 STATE:IDLE
[2026-05-11 14:56:43Z] CHK MOM:-0.21% RANGE:0.21% UP:22.22% SPREAD:0.02356823% BID:0.4243 ASK:0.4244 MID:0.42435 P1:0.42435 P2:0.42445 P3:0.42455 P4:0.42445 STATE:IDLE
[2026-05-11 14:56:44Z] CHK MOM:-0.18% RANGE:0.21% UP:27.77% SPREAD:0.02356267% BID:0.4244 ASK:0.4245 MID:0.42445 P1:0.42445 P2:0.42435 P3:0.42445 P4:0.42455 STATE:IDLE
[2026-05-11 14:56:44Z] CHK MOM:-0.09% RANGE:0.16% UP:33.33% SPREAD:0.02355712% BID:0.4245 ASK:0.4246 MID:0.42455 P1:0.42455 P2:0.42445 P3:0.42435 P4:0.42445 STATE:IDLE
[2026-05-11 14:56:45Z] CHK MOM:-0.09% RANGE:0.16% UP:31.57% SPREAD:0.02355712% BID:0.4245 ASK:0.4246 MID:0.42455 P1:0.42455 P2:0.42455 P3:0.42445 P4:0.42435 STATE:IDLE
[2026-05-11 14:56:45Z] CHK MOM:-0.09% RANGE:0.16% UP:30% SPREAD:0.02355712% BID:0.4245 ASK:0.4246 MID:0.42455 P1:0.42455 P2:0.42455 P3:0.42455 P4:0.42445 STATE:IDLE
[2026-05-11 14:56:46Z] CHK MOM:-0.09% RANGE:0.16% UP:30% SPREAD:0.02355712% BID:0.4245 ASK:0.4246 MID:0.42455 P1:0.42455 P2:0.42455 P3:0.42455 P4:0.42445 STATE:IDLE
[2026-05-11 14:56:47Z] CHK MOM:-0.02% RANGE:0.07% UP:27.77% SPREAD:0.02355712% BID:0.4245 ASK:0.4246 MID:0.42455 P1:0.42455 P2:0.42455 P3:0.42455 P4:0.42455 STATE:IDLE
[2026-05-11 14:56:47Z] CHK MOM:0.02% RANGE:0.07% UP:35.29% SPREAD:0.02355157% BID:0.4246 ASK:0.4247 MID:0.42464999 P1:0.42464999 P2:0.42455 P3:0.42455 P4:0.42455 STATE:IDLE
[2026-05-11 14:56:48Z] CHK MOM:0.02% RANGE:0.07% UP:35.29% SPREAD:0.02355157% BID:0.4246 ASK:0.4247 MID:0.42464999 P1:0.42464999 P2:0.42455 P3:0.42455 P4:0.42455 STATE:IDLE
[2026-05-11 14:56:48Z] CHK MOM:0.02% RANGE:0.07% UP:35.29% SPREAD:0.02355157% BID:0.4246 ASK:0.4247 MID:0.42464999 P1:0.42464999 P2:0.42455 P3:0.42455 P4:0.42455 STATE:IDLE
[2026-05-11 14:56:49Z] CHK MOM:0.02% RANGE:0.07% UP:35.29% SPREAD:0.02355157% BID:0.4246 ASK:0.4247 MID:0.42464999 P1:0.42464999 P2:0.42455 P3:0.42455 P4:0.42455 STATE:IDLE
[2026-05-11 14:56:49Z] CHK MOM:0.02% RANGE:0.07% UP:35.29% SPREAD:0.02355157% BID:0.4246 ASK:0.4247 MID:0.42464999 P1:0.42464999 P2:0.42455 P3:0.42455 P4:0.42455 STATE:IDLE
[2026-05-11 14:56:50Z] CHK MOM:0.02% RANGE:0.07% UP:35.29% SPREAD:0.02355157% BID:0.4246 ASK:0.4247 MID:0.42464999 P1:0.42464999 P2:0.42455 P3:0.42455 P4:0.42455 STATE:IDLE
[2026-05-11 14:56:50Z] CHK MOM:0.05% RANGE:0.09% UP:42.85% SPREAD:0.02354603% BID:0.4247 ASK:0.4248 MID:0.42475 P1:0.42475 P2:0.42464999 P3:0.42455 P4:0.42455 STATE:IDLE
[2026-05-11 14:56:51Z] CHK MOM:0.05% RANGE:0.09% UP:42.85% SPREAD:0.02354603% BID:0.4247 ASK:0.4248 MID:0.42475 P1:0.42475 P2:0.42464999 P3:0.42455 P4:0.42455 STATE:IDLE
[2026-05-11 14:56:52Z] CHK MOM:0.05% RANGE:0.09% UP:42.85% SPREAD:0.02354603% BID:0.4247 ASK:0.4248 MID:0.42475 P1:0.42475 P2:0.42464999 P3:0.42455 P4:0.42455 STATE:IDLE
[2026-05-11 14:56:52Z] CHK MOM:0.05% RANGE:0.09% UP:42.85% SPREAD:0.02354603% BID:0.4247 ASK:0.4248 MID:0.42475 P1:0.42475 P2:0.42464999 P3:0.42455 P4:0.42455 STATE:IDLE
[2026-05-11 14:56:53Z] CHK MOM:0.1% RANGE:0.12% UP:54.54% SPREAD:0.04708097% BID:0.4248 ASK:0.425 MID:0.4249 P1:0.4249 P2:0.42475 P3:0.42464999 P4:0.42455 STATE:IDLE
[2026-05-11 14:56:53Z] CHK MOM:0.1% RANGE:0.12% UP:54.54% SPREAD:0.04708097% BID:0.4248 ASK:0.425 MID:0.4249 P1:0.4249 P2:0.42475 P3:0.42464999 P4:0.42455 STATE:IDLE
[2026-05-11 14:56:54Z] CHK MOM:0.1% RANGE:0.12% UP:54.54% SPREAD:0.04708097% BID:0.4248 ASK:0.425 MID:0.4249 P1:0.4249 P2:0.42475 P3:0.42464999 P4:0.42455 STATE:IDLE
[2026-05-11 14:56:54Z] CHK MOM:0.1% RANGE:0.12% UP:54.54% SPREAD:0.04708097% BID:0.4248 ASK:0.425 MID:0.4249 P1:0.4249 P2:0.42475 P3:0.42464999 P4:0.42455 STATE:IDLE
[2026-05-11 14:56:55Z] CHK MOM:0.16% RANGE:0.18% UP:60% SPREAD:0.02352387% BID:0.4251 ASK:0.4252 MID:0.42515 P1:0.42515 P2:0.4249 P3:0.42475 P4:0.42464999 STATE:IDLE
[2026-05-11 14:56:55Z] CHK MOM:0.16% RANGE:0.16% UP:55.55% SPREAD:0.02352387% BID:0.4251 ASK:0.4252 MID:0.42515 P1:0.42515 P2:0.42515 P3:0.4249 P4:0.42475 STATE:IDLE
[2026-05-11 14:56:56Z] CHK MOM:0.16% RANGE:0.16% UP:55.55% SPREAD:0.02352387% BID:0.4251 ASK:0.4252 MID:0.42515 P1:0.42515 P2:0.42515 P3:0.4249 P4:0.42475 STATE:IDLE
[2026-05-11 14:56:56Z] CHK MOM:0.16% RANGE:0.16% UP:55.55% SPREAD:0.02352387% BID:0.4251 ASK:0.4252 MID:0.42515 P1:0.42515 P2:0.42515 P3:0.4249 P4:0.42475 STATE:IDLE
[2026-05-11 14:56:57Z] CHK MOM:0.11% RANGE:0.14% UP:57.14% SPREAD:0.02352941% BID:0.425 ASK:0.4251 MID:0.42505 P1:0.42505 P2:0.42515 P3:0.42515 P4:0.4249 STATE:IDLE
[2026-05-11 14:56:58Z] CHK MOM:0.11% RANGE:0.14% UP:57.14% SPREAD:0.02352941% BID:0.425 ASK:0.4251 MID:0.42505 P1:0.42505 P2:0.42515 P3:0.42515 P4:0.4249 STATE:IDLE
[2026-05-11 14:56:58Z] CHK MOM:0.11% RANGE:0.14% UP:57.14% SPREAD:0.02352941% BID:0.425 ASK:0.4251 MID:0.42505 P1:0.42505 P2:0.42505 P3:0.42515 P4:0.42515 STATE:IDLE
[2026-05-11 14:56:59Z] CHK MOM:0.11% RANGE:0.14% UP:50% SPREAD:0.02352941% BID:0.425 ASK:0.4251 MID:0.42505 P1:0.42505 P2:0.42505 P3:0.42505 P4:0.42515 STATE:IDLE
[2026-05-11 14:56:59Z] CHK MOM:0.11% RANGE:0.14% UP:50% SPREAD:0.02352941% BID:0.425 ASK:0.4251 MID:0.42505 P1:0.42505 P2:0.42505 P3:0.42505 P4:0.42515 STATE:IDLE
[2026-05-11 14:57:00Z] CHK MOM:0.09% RANGE:0.09% UP:42.85% SPREAD:0.02352387% BID:0.4251 ASK:0.4252 MID:0.42515 P1:0.42515 P2:0.42505 P3:0.42505 P4:0.42505 STATE:IDLE
[2026-05-11 14:57:00Z] CHK MOM:0.08% RANGE:0.09% UP:37.5% SPREAD:0.04705882% BID:0.425 ASK:0.4252 MID:0.4251 P1:0.4251 P2:0.42515 P3:0.42505 P4:0.42505 STATE:IDLE
[2026-05-11 14:57:01Z] CHK MOM:0.07% RANGE:0.09% UP:33.33% SPREAD:0.02352941% BID:0.425 ASK:0.4251 MID:0.42505 P1:0.42505 P2:0.4251 P3:0.42515 P4:0.42505 STATE:IDLE
[2026-05-11 14:57:01Z] CHK MOM:0.07% RANGE:0.09% UP:33.33% SPREAD:0.02352941% BID:0.425 ASK:0.4251 MID:0.42505 P1:0.42505 P2:0.4251 P3:0.42515 P4:0.42505 STATE:IDLE
[2026-05-11 14:57:02Z] CHK MOM:0.05% RANGE:0.09% UP:30% SPREAD:0.04706989% BID:0.4249 ASK:0.4251 MID:0.425 P1:0.425 P2:0.42505 P3:0.4251 P4:0.42515 STATE:IDLE
[2026-05-11 14:57:03Z] CHK MOM:0.03% RANGE:0.05% UP:30% SPREAD:0.02352941% BID:0.425 ASK:0.4251 MID:0.42505 P1:0.42505 P2:0.425 P3:0.42505 P4:0.4251 STATE:IDLE
[2026-05-11 14:57:03Z] CHK MOM:0.03% RANGE:0.05% UP:27.27% SPREAD:0.02352941% BID:0.425 ASK:0.4251 MID:0.42505 P1:0.42505 P2:0.42505 P3:0.425 P4:0.42505 STATE:IDLE
[2026-05-11 14:57:04Z] CHK MOM:0.02% RANGE:0.05% UP:25% SPREAD:0.04706989% BID:0.4249 ASK:0.4251 MID:0.425 P1:0.425 P2:0.42505 P3:0.42505 P4:0.425 STATE:IDLE
[2026-05-11 14:57:04Z] CHK MOM:0.03% RANGE:0.05% UP:30.76% SPREAD:0.02352941% BID:0.425 ASK:0.4251 MID:0.42505 P1:0.42505 P2:0.425 P3:0.42505 P4:0.42505 STATE:IDLE
[2026-05-11 14:57:05Z] CHK MOM:0.08% RANGE:0.08% UP:35.71% SPREAD:0.02351834% BID:0.4252 ASK:0.4253 MID:0.42525 P1:0.42525 P2:0.42505 P3:0.425 P4:0.42505 STATE:IDLE
[2026-05-11 14:57:05Z] CHK MOM:0% RANGE:0.05% UP:28.57% SPREAD:0.02352387% BID:0.4251 ASK:0.4252 MID:0.42515 P1:0.42515 P2:0.42525 P3:0.42505 P4:0.425 STATE:IDLE
[2026-05-11 14:57:06Z] CHK MOM:-0.01% RANGE:0.05% UP:26.66% SPREAD:0.04705882% BID:0.425 ASK:0.4252 MID:0.4251 P1:0.4251 P2:0.42515 P3:0.42525 P4:0.42505 STATE:IDLE
[2026-05-11 14:57:06Z] CHK MOM:-0.01% RANGE:0.05% UP:26.66% SPREAD:0.04705882% BID:0.425 ASK:0.4252 MID:0.4251 P1:0.4251 P2:0.42515 P3:0.42525 P4:0.42505 STATE:IDLE
[2026-05-11 14:57:07Z] CHK MOM:-0.01% RANGE:0.05% UP:26.66% SPREAD:0.04705882% BID:0.425 ASK:0.4252 MID:0.4251 P1:0.4251 P2:0.42515 P3:0.42525 P4:0.42505 STATE:IDLE
[2026-05-11 14:57:07Z] CHK MOM:-0.01% RANGE:0.05% UP:26.66% SPREAD:0.04705882% BID:0.425 ASK:0.4252 MID:0.4251 P1:0.4251 P2:0.42515 P3:0.42525 P4:0.42505 STATE:IDLE
[2026-05-11 14:57:08Z] CHK MOM:-0.01% RANGE:0.05% UP:28.57% SPREAD:0.04706989% BID:0.4249 ASK:0.4251 MID:0.425 P1:0.425 P2:0.4251 P3:0.42515 P4:0.42525 STATE:IDLE
[2026-05-11 14:57:09Z] CHK MOM:0% RANGE:0.05% UP:33.33% SPREAD:0.02352941% BID:0.425 ASK:0.4251 MID:0.42505 P1:0.42505 P2:0.425 P3:0.4251 P4:0.42515 STATE:IDLE
[2026-05-11 14:57:09Z] CHK MOM:-0.01% RANGE:0.05% UP:33.33% SPREAD:0.04706989% BID:0.4249 ASK:0.4251 MID:0.425 P1:0.425 P2:0.42505 P3:0.425 P4:0.4251 STATE:IDLE
[2026-05-11 14:57:10Z] CHK MOM:-0.01% RANGE:0.05% UP:33.33% SPREAD:0.04706989% BID:0.4249 ASK:0.4251 MID:0.425 P1:0.425 P2:0.42505 P3:0.425 P4:0.4251 STATE:IDLE
[2026-05-11 14:57:10Z] CHK MOM:-0.01% RANGE:0.05% UP:33.33% SPREAD:0.04706989% BID:0.4249 ASK:0.4251 MID:0.425 P1:0.425 P2:0.42505 P3:0.425 P4:0.4251 STATE:IDLE
[2026-05-11 14:57:11Z] CHK MOM:-0.02% RANGE:0.07% UP:33.33% SPREAD:0.02353494% BID:0.4249 ASK:0.425 MID:0.42495 P1:0.42495 P2:0.425 P3:0.42505 P4:0.425 STATE:IDLE
[2026-05-11 14:57:11Z] CHK MOM:-0.02% RANGE:0.07% UP:33.33% SPREAD:0.02353494% BID:0.4249 ASK:0.425 MID:0.42495 P1:0.42495 P2:0.425 P3:0.42505 P4:0.425 STATE:IDLE
[2026-05-11 14:57:12Z] CHK MOM:0.02% RANGE:0.07% UP:35.71% SPREAD:0.04704775% BID:0.4251 ASK:0.4253 MID:0.4252 P1:0.4252 P2:0.42495 P3:0.425 P4:0.42505 STATE:IDLE
[2026-05-11 14:57:12Z] CHK MOM:0.02% RANGE:0.07% UP:33.33% SPREAD:0.04704775% BID:0.4251 ASK:0.4253 MID:0.4252 P1:0.4252 P2:0.4252 P3:0.42495 P4:0.425 STATE:IDLE
[2026-05-11 14:57:13Z] CHK MOM:0.02% RANGE:0.07% UP:33.33% SPREAD:0.04704775% BID:0.4251 ASK:0.4253 MID:0.4252 P1:0.4252 P2:0.4252 P3:0.42495 P4:0.425 STATE:IDLE
[2026-05-11 14:57:14Z] CHK MOM:0.03% RANGE:0.07% UP:30.76% SPREAD:0.04704775% BID:0.4251 ASK:0.4253 MID:0.4252 P1:0.4252 P2:0.4252 P3:0.4252 P4:0.42495 STATE:IDLE
[2026-05-11 14:57:14Z] CHK MOM:0.03% RANGE:0.07% UP:30.76% SPREAD:0.04704775% BID:0.4251 ASK:0.4253 MID:0.4252 P1:0.4252 P2:0.4252 P3:0.4252 P4:0.42495 STATE:IDLE
[2026-05-11 14:57:15Z] CHK MOM:0.03% RANGE:0.07% UP:30.76% SPREAD:0.04704775% BID:0.4251 ASK:0.4253 MID:0.4252 P1:0.4252 P2:0.4252 P3:0.4252 P4:0.42495 STATE:IDLE
[2026-05-11 14:57:15Z] CHK MOM:0.07% RANGE:0.08% UP:41.66% SPREAD:0.04703668% BID:0.4252 ASK:0.4254 MID:0.4253 P1:0.4253 P2:0.4252 P3:0.4252 P4:0.4252 STATE:IDLE
[2026-05-11 14:57:16Z] CHK MOM:0.07% RANGE:0.08% UP:38.46% SPREAD:0.04703668% BID:0.4252 ASK:0.4254 MID:0.4253 P1:0.4253 P2:0.4253 P3:0.4252 P4:0.4252 STATE:IDLE
[2026-05-11 14:57:16Z] CHK MOM:0.07% RANGE:0.08% UP:38.46% SPREAD:0.04703668% BID:0.4252 ASK:0.4254 MID:0.4253 P1:0.4253 P2:0.4253 P3:0.4252 P4:0.4252 STATE:IDLE
[2026-05-11 14:57:17Z] CHK MOM:0.02% RANGE:0.09% UP:33.33% SPREAD:0.02351281% BID:0.4253 ASK:0.4254 MID:0.42535 P1:0.42535 P2:0.4253 P3:0.4253 P4:0.4252 STATE:IDLE
[2026-05-11 14:57:17Z] CHK MOM:0.03% RANGE:0.09% UP:33.33% SPREAD:0.04703668% BID:0.4252 ASK:0.4254 MID:0.4253 P1:0.4253 P2:0.42535 P3:0.4253 P4:0.4253 STATE:IDLE
[2026-05-11 14:57:18Z] CHK MOM:0.03% RANGE:0.09% UP:33.33% SPREAD:0.04703668% BID:0.4252 ASK:0.4254 MID:0.4253 P1:0.4253 P2:0.42535 P3:0.4253 P4:0.4253 STATE:IDLE
[2026-05-11 14:57:19Z] CHK MOM:0.03% RANGE:0.09% UP:36.36% SPREAD:0.02352387% BID:0.4251 ASK:0.4252 MID:0.42515 P1:0.42515 P2:0.4253 P3:0.42535 P4:0.4253 STATE:IDLE
[2026-05-11 14:57:19Z] CHK MOM:0.03% RANGE:0.09% UP:36.36% SPREAD:0.02352387% BID:0.4251 ASK:0.4252 MID:0.42515 P1:0.42515 P2:0.4253 P3:0.42535 P4:0.4253 STATE:IDLE
[2026-05-11 14:57:20Z] CHK MOM:0.03% RANGE:0.09% UP:36.36% SPREAD:0.02352387% BID:0.4251 ASK:0.4252 MID:0.42515 P1:0.42515 P2:0.4253 P3:0.42535 P4:0.4253 STATE:IDLE
[2026-05-11 14:57:20Z] CHK MOM:0.03% RANGE:0.09% UP:36.36% SPREAD:0.02352387% BID:0.4251 ASK:0.4252 MID:0.42515 P1:0.42515 P2:0.4253 P3:0.42535 P4:0.4253 STATE:IDLE
[2026-05-11 14:57:21Z] CHK MOM:0.03% RANGE:0.09% UP:36.36% SPREAD:0.02352387% BID:0.4251 ASK:0.4252 MID:0.42515 P1:0.42515 P2:0.4253 P3:0.42535 P4:0.4253 STATE:IDLE
[2026-05-11 14:57:21Z] CHK MOM:0.01% RANGE:0.09% UP:30% SPREAD:0.02352941% BID:0.425 ASK:0.4251 MID:0.42505 P1:0.42505 P2:0.42515 P3:0.4253 P4:0.42535 STATE:IDLE
[2026-05-11 14:57:22Z] CHK MOM:0.08% RANGE:0.09% UP:40% SPREAD:0.04703668% BID:0.4252 ASK:0.4254 MID:0.4253 P1:0.4253 P2:0.42505 P3:0.42515 P4:0.4253 STATE:IDLE
[2026-05-11 14:57:22Z] CHK MOM:0.07% RANGE:0.09% UP:36.36% SPREAD:0.02351834% BID:0.4252 ASK:0.4253 MID:0.42525 P1:0.42525 P2:0.4253 P3:0.42505 P4:0.42515 STATE:IDLE
[2026-05-11 14:57:23Z] CHK MOM:0.01% RANGE:0.07% UP:27.27% SPREAD:0.02351834% BID:0.4252 ASK:0.4253 MID:0.42525 P1:0.42525 P2:0.42525 P3:0.4253 P4:0.42505 STATE:IDLE
[2026-05-11 14:57:24Z] CHK MOM:0.01% RANGE:0.07% UP:25% SPREAD:0.02351834% BID:0.4252 ASK:0.4253 MID:0.42525 P1:0.42525 P2:0.42525 P3:0.42525 P4:0.4253 STATE:IDLE
[2026-05-11 14:57:24Z] CHK MOM:0.01% RANGE:0.07% UP:25% SPREAD:0.02351834% BID:0.4252 ASK:0.4253 MID:0.42525 P1:0.42525 P2:0.42525 P3:0.42525 P4:0.4253 STATE:IDLE
[2026-05-11 14:57:25Z] CHK MOM:0.01% RANGE:0.07% UP:27.27% SPREAD:0.02351834% BID:0.4252 ASK:0.4253 MID:0.42525 P1:0.42525 P2:0.42525 P3:0.42525 P4:0.42525 STATE:IDLE
[2026-05-11 14:57:25Z] CHK MOM:0.01% RANGE:0.07% UP:25% SPREAD:0.02351834% BID:0.4252 ASK:0.4253 MID:0.42525 P1:0.42525 P2:0.42525 P3:0.42525 P4:0.42525 STATE:IDLE
[2026-05-11 14:57:26Z] CHK MOM:0.01% RANGE:0.07% UP:25% SPREAD:0.02351834% BID:0.4252 ASK:0.4253 MID:0.42525 P1:0.42525 P2:0.42525 P3:0.42525 P4:0.42525 STATE:IDLE
[2026-05-11 14:57:26Z] CHK MOM:0.01% RANGE:0.07% UP:25% SPREAD:0.02351834% BID:0.4252 ASK:0.4253 MID:0.42525 P1:0.42525 P2:0.42525 P3:0.42525 P4:0.42525 STATE:IDLE
[2026-05-11 14:57:27Z] CHK MOM:0.01% RANGE:0.07% UP:25% SPREAD:0.02351834% BID:0.4252 ASK:0.4253 MID:0.42525 P1:0.42525 P2:0.42525 P3:0.42525 P4:0.42525 STATE:IDLE
[2026-05-11 14:57:27Z] CHK MOM:0.01% RANGE:0.07% UP:25% SPREAD:0.02351281% BID:0.4253 ASK:0.4254 MID:0.42535 P1:0.42535 P2:0.42525 P3:0.42525 P4:0.42525 STATE:IDLE
[2026-05-11 14:57:28Z] CHK MOM:0.01% RANGE:0.07% UP:25% SPREAD:0.02351281% BID:0.4253 ASK:0.4254 MID:0.42535 P1:0.42535 P2:0.42525 P3:0.42525 P4:0.42525 STATE:IDLE
[2026-05-11 14:57:28Z] CHK MOM:0.01% RANGE:0.07% UP:25% SPREAD:0.02351281% BID:0.4253 ASK:0.4254 MID:0.42535 P1:0.42535 P2:0.42525 P3:0.42525 P4:0.42525 STATE:IDLE
[2026-05-11 14:57:29Z] CHK MOM:-0.01% RANGE:0.07% UP:18.18% SPREAD:0.04703668% BID:0.4252 ASK:0.4254 MID:0.4253 P1:0.4253 P2:0.42535 P3:0.42525 P4:0.42525 STATE:IDLE
[2026-05-11 14:57:30Z] CHK MOM:0.02% RANGE:0.07% UP:20% SPREAD:0.02351834% BID:0.4252 ASK:0.4253 MID:0.42525 P1:0.42525 P2:0.4253 P3:0.42535 P4:0.42525 STATE:IDLE
[2026-05-11 14:57:30Z] CHK MOM:0.02% RANGE:0.07% UP:20% SPREAD:0.02351834% BID:0.4252 ASK:0.4253 MID:0.42525 P1:0.42525 P2:0.4253 P3:0.42535 P4:0.42525 STATE:IDLE
[2026-05-11 14:57:31Z] CHK MOM:0.02% RANGE:0.07% UP:20% SPREAD:0.02351834% BID:0.4252 ASK:0.4253 MID:0.42525 P1:0.42525 P2:0.4253 P3:0.42535 P4:0.42525 STATE:IDLE
[2026-05-11 14:57:31Z] CHK MOM:0.02% RANGE:0.07% UP:20% SPREAD:0.02351834% BID:0.4252 ASK:0.4253 MID:0.42525 P1:0.42525 P2:0.4253 P3:0.42535 P4:0.42525 STATE:IDLE
[2026-05-11 14:57:32Z] CHK MOM:0.02% RANGE:0.07% UP:20% SPREAD:0.02351834% BID:0.4252 ASK:0.4253 MID:0.42525 P1:0.42525 P2:0.4253 P3:0.42535 P4:0.42525 STATE:IDLE
[2026-05-11 14:57:32Z] CHK MOM:0.02% RANGE:0.07% UP:20% SPREAD:0.02351834% BID:0.4252 ASK:0.4253 MID:0.42525 P1:0.42525 P2:0.4253 P3:0.42535 P4:0.42525 STATE:IDLE
[2026-05-11 14:57:33Z] CHK MOM:0.04% RANGE:0.07% UP:20% SPREAD:0.02351834% BID:0.4252 ASK:0.4253 MID:0.42525 P1:0.42525 P2:0.42525 P3:0.4253 P4:0.42535 STATE:IDLE
[2026-05-11 14:57:33Z] CHK MOM:-0.02% RANGE:0.03% UP:10% SPREAD:0.04704775% BID:0.4251 ASK:0.4253 MID:0.4252 P1:0.4252 P2:0.42525 P3:0.42525 P4:0.4253 STATE:IDLE
[2026-05-11 14:57:34Z] CHK MOM:-0.02% RANGE:0.03% UP:10% SPREAD:0.04704775% BID:0.4251 ASK:0.4253 MID:0.4252 P1:0.4252 P2:0.42525 P3:0.42525 P4:0.4253 STATE:IDLE
[2026-05-11 14:57:35Z] CHK MOM:0% RANGE:0.03% UP:22.22% SPREAD:0.02351834% BID:0.4252 ASK:0.4253 MID:0.42525 P1:0.42525 P2:0.4252 P3:0.42525 P4:0.42525 STATE:IDLE
[2026-05-11 14:57:35Z] CHK MOM:0% RANGE:0.03% UP:22.22% SPREAD:0.02351834% BID:0.4252 ASK:0.4253 MID:0.42525 P1:0.42525 P2:0.4252 P3:0.42525 P4:0.42525 STATE:IDLE
[2026-05-11 14:57:36Z] CHK MOM:-0.01% RANGE:0.03% UP:25% SPREAD:0.04704775% BID:0.4251 ASK:0.4253 MID:0.4252 P1:0.4252 P2:0.42525 P3:0.4252 P4:0.42525 STATE:IDLE
[2026-05-11 14:57:36Z] CHK MOM:-0.01% RANGE:0.03% UP:25% SPREAD:0.04704775% BID:0.4251 ASK:0.4253 MID:0.4252 P1:0.4252 P2:0.42525 P3:0.4252 P4:0.42525 STATE:IDLE
[2026-05-11 14:57:37Z] CHK MOM:-0.05% RANGE:0.08% UP:25% SPREAD:0.04706989% BID:0.4249 ASK:0.4251 MID:0.425 P1:0.425 P2:0.4252 P3:0.42525 P4:0.4252 STATE:IDLE
[2026-05-11 14:57:37Z] CHK MOM:-0.04% RANGE:0.08% UP:33.33% SPREAD:0.02352941% BID:0.425 ASK:0.4251 MID:0.42505 P1:0.42505 P2:0.425 P3:0.4252 P4:0.42525 STATE:IDLE
[2026-05-11 14:57:38Z] CHK MOM:-0.04% RANGE:0.08% UP:33.33% SPREAD:0.02352941% BID:0.425 ASK:0.4251 MID:0.42505 P1:0.42505 P2:0.425 P3:0.4252 P4:0.42525 STATE:IDLE
[2026-05-11 14:57:38Z] CHK MOM:-0.07% RANGE:0.08% UP:22.22% SPREAD:0.02352941% BID:0.425 ASK:0.4251 MID:0.42505 P1:0.42505 P2:0.42505 P3:0.425 P4:0.4252 STATE:IDLE
[2026-05-11 14:57:39Z] CHK MOM:-0.05% RANGE:0.08% UP:30% SPREAD:0.04705882% BID:0.425 ASK:0.4252 MID:0.4251 P1:0.4251 P2:0.42505 P3:0.42505 P4:0.425 STATE:IDLE
[2026-05-11 14:57:39Z] CHK MOM:-0.03% RANGE:0.07% UP:40% SPREAD:0.02352387% BID:0.4251 ASK:0.4252 MID:0.42515 P1:0.42515 P2:0.4251 P3:0.42505 P4:0.42505 STATE:IDLE
[2026-05-11 14:57:40Z] CHK MOM:-0.03% RANGE:0.07% UP:40% SPREAD:0.02352387% BID:0.4251 ASK:0.4252 MID:0.42515 P1:0.42515 P2:0.4251 P3:0.42505 P4:0.42505 STATE:IDLE
[2026-05-11 14:57:41Z] CHK MOM:-0.01% RANGE:0.05% UP:50% SPREAD:0.04704775% BID:0.4251 ASK:0.4253 MID:0.4252 P1:0.4252 P2:0.42515 P3:0.4251 P4:0.42505 STATE:IDLE
[2026-05-11 14:57:41Z] CHK MOM:-0.01% RANGE:0.05% UP:50% SPREAD:0.04704775% BID:0.4251 ASK:0.4253 MID:0.4252 P1:0.4252 P2:0.42515 P3:0.4251 P4:0.42505 STATE:IDLE
[2026-05-11 14:57:42Z] CHK MOM:-0.02% RANGE:0.05% UP:45.45% SPREAD:0.02352387% BID:0.4251 ASK:0.4252 MID:0.42515 P1:0.42515 P2:0.4252 P3:0.42515 P4:0.4251 STATE:IDLE
[2026-05-11 14:57:42Z] CHK MOM:-0.02% RANGE:0.05% UP:45.45% SPREAD:0.02352387% BID:0.4251 ASK:0.4252 MID:0.42515 P1:0.42515 P2:0.42515 P3:0.4252 P4:0.42515 STATE:IDLE
[2026-05-11 14:57:43Z] CHK MOM:-0.02% RANGE:0.05% UP:45.45% SPREAD:0.02352387% BID:0.4251 ASK:0.4252 MID:0.42515 P1:0.42515 P2:0.42515 P3:0.4252 P4:0.42515 STATE:IDLE
[2026-05-11 14:57:43Z] CHK MOM:-0.02% RANGE:0.05% UP:45.45% SPREAD:0.02352387% BID:0.4251 ASK:0.4252 MID:0.42515 P1:0.42515 P2:0.42515 P3:0.4252 P4:0.42515 STATE:IDLE
[2026-05-11 14:57:44Z] CHK MOM:-0.01% RANGE:0.05% UP:50% SPREAD:0.04704775% BID:0.4251 ASK:0.4253 MID:0.4252 P1:0.4252 P2:0.42515 P3:0.42515 P4:0.4252 STATE:IDLE
[2026-05-11 14:57:44Z] CHK MOM:-0.02% RANGE:0.05% UP:46.15% SPREAD:0.02352387% BID:0.4251 ASK:0.4252 MID:0.42515 P1:0.42515 P2:0.4252 P3:0.42515 P4:0.42515 STATE:IDLE
[2026-05-11 14:57:45Z] CHK MOM:-0.02% RANGE:0.05% UP:46.15% SPREAD:0.02352387% BID:0.4251 ASK:0.4252 MID:0.42515 P1:0.42515 P2:0.4252 P3:0.42515 P4:0.42515 STATE:IDLE
[2026-05-11 14:57:46Z] CHK MOM:-0.02% RANGE:0.05% UP:46.15% SPREAD:0.02352387% BID:0.4251 ASK:0.4252 MID:0.42515 P1:0.42515 P2:0.4252 P3:0.42515 P4:0.42515 STATE:IDLE
[2026-05-11 14:57:46Z] CHK MOM:-0.03% RANGE:0.04% UP:45.45% SPREAD:0.02352941% BID:0.425 ASK:0.4251 MID:0.42505 P1:0.42505 P2:0.42515 P3:0.4252 P4:0.42515 STATE:IDLE
[2026-05-11 14:57:47Z] CHK MOM:-0.07% RANGE:0.07% UP:41.66% SPREAD:0.04708097% BID:0.4248 ASK:0.425 MID:0.4249 P1:0.4249 P2:0.42505 P3:0.42515 P4:0.4252 STATE:IDLE
[2026-05-11 14:57:47Z] CHK MOM:-0.07% RANGE:0.07% UP:41.66% SPREAD:0.04708097% BID:0.4248 ASK:0.425 MID:0.4249 P1:0.4249 P2:0.42505 P3:0.42515 P4:0.4252 STATE:IDLE
[2026-05-11 14:57:48Z] CHK MOM:-0.07% RANGE:0.07% UP:41.66% SPREAD:0.04708097% BID:0.4248 ASK:0.425 MID:0.4249 P1:0.4249 P2:0.42505 P3:0.42515 P4:0.4252 STATE:IDLE
[2026-05-11 14:57:48Z] CHK MOM:-0.01% RANGE:0.07% UP:50% SPREAD:0.02353494% BID:0.4249 ASK:0.425 MID:0.42495 P1:0.42495 P2:0.4249 P3:0.42505 P4:0.42515 STATE:IDLE
[2026-05-11 14:57:49Z] CHK MOM:-0.01% RANGE:0.07% UP:50% SPREAD:0.02353494% BID:0.4249 ASK:0.425 MID:0.42495 P1:0.42495 P2:0.4249 P3:0.42505 P4:0.42515 STATE:IDLE
[2026-05-11 14:57:49Z] CHK MOM:-0.05% RANGE:0.09% UP:45.45% SPREAD:0.04709206% BID:0.4247 ASK:0.4249 MID:0.4248 P1:0.4248 P2:0.42495 P3:0.4249 P4:0.42505 STATE:IDLE
[2026-05-11 14:57:50Z] CHK MOM:-0.03% RANGE:0.09% UP:50% SPREAD:0.04708097% BID:0.4248 ASK:0.425 MID:0.4249 P1:0.4249 P2:0.4248 P3:0.42495 P4:0.4249 STATE:IDLE
[2026-05-11 14:57:51Z] CHK MOM:-0.05% RANGE:0.09% UP:41.66% SPREAD:0.02354048% BID:0.4248 ASK:0.4249 MID:0.42485 P1:0.42485 P2:0.4249 P3:0.4248 P4:0.42495 STATE:IDLE
[2026-05-11 14:57:51Z] CHK MOM:-0.07% RANGE:0.09% UP:36.36% SPREAD:0.04708097% BID:0.4248 ASK:0.425 MID:0.4249 P1:0.4249 P2:0.42485 P3:0.4249 P4:0.4248 STATE:IDLE
[2026-05-11 14:57:52Z] CHK MOM:-0.03% RANGE:0.09% UP:41.66% SPREAD:0.02352941% BID:0.425 ASK:0.4251 MID:0.42505 P1:0.42505 P2:0.4249 P3:0.42485 P4:0.4249 STATE:IDLE
[2026-05-11 14:57:52Z] CHK MOM:-0.03% RANGE:0.09% UP:41.66% SPREAD:0.02352941% BID:0.425 ASK:0.4251 MID:0.42505 P1:0.42505 P2:0.4249 P3:0.42485 P4:0.4249 STATE:IDLE
[2026-05-11 14:57:53Z] CHK MOM:-0.01% RANGE:0.09% UP:50% SPREAD:0.04705882% BID:0.425 ASK:0.4252 MID:0.4251 P1:0.4251 P2:0.42505 P3:0.4249 P4:0.42485 STATE:IDLE
[2026-05-11 14:57:53Z] CHK MOM:-0.01% RANGE:0.09% UP:50% SPREAD:0.04705882% BID:0.425 ASK:0.4252 MID:0.4251 P1:0.4251 P2:0.42505 P3:0.4249 P4:0.42485 STATE:IDLE
[2026-05-11 14:57:54Z] CHK MOM:-0.01% RANGE:0.09% UP:50% SPREAD:0.04705882% BID:0.425 ASK:0.4252 MID:0.4251 P1:0.4251 P2:0.42505 P3:0.4249 P4:0.42485 STATE:IDLE
[2026-05-11 14:57:54Z] CHK MOM:0.02% RANGE:0.11% UP:54.54% SPREAD:0.04703668% BID:0.4252 ASK:0.4254 MID:0.4253 P1:0.4253 P2:0.4251 P3:0.42505 P4:0.4249 STATE:IDLE
[2026-05-11 14:57:55Z] CHK MOM:0.02% RANGE:0.11% UP:54.54% SPREAD:0.04703668% BID:0.4252 ASK:0.4254 MID:0.4253 P1:0.4253 P2:0.4251 P3:0.42505 P4:0.4249 STATE:IDLE
[2026-05-11 14:57:56Z] CHK MOM:0.02% RANGE:0.11% UP:54.54% SPREAD:0.04703668% BID:0.4252 ASK:0.4254 MID:0.4253 P1:0.4253 P2:0.4251 P3:0.42505 P4:0.4249 STATE:IDLE
[2026-05-11 14:57:56Z] CHK MOM:0.02% RANGE:0.11% UP:54.54% SPREAD:0.04703668% BID:0.4252 ASK:0.4254 MID:0.4253 P1:0.4253 P2:0.4251 P3:0.42505 P4:0.4249 STATE:IDLE
[2026-05-11 14:57:57Z] CHK MOM:0.01% RANGE:0.11% UP:60% SPREAD:0.04705882% BID:0.425 ASK:0.4252 MID:0.4251 P1:0.4251 P2:0.4253 P3:0.4251 P4:0.42505 STATE:IDLE
[2026-05-11 14:57:57Z] CHK MOM:0.01% RANGE:0.11% UP:60% SPREAD:0.04705882% BID:0.425 ASK:0.4252 MID:0.4251 P1:0.4251 P2:0.4253 P3:0.4251 P4:0.42505 STATE:IDLE
[2026-05-11 14:57:58Z] CHK MOM:0.01% RANGE:0.11% UP:60% SPREAD:0.04705882% BID:0.425 ASK:0.4252 MID:0.4251 P1:0.4251 P2:0.4253 P3:0.4251 P4:0.42505 STATE:IDLE
[2026-05-11 15:02:01Z] SESSION_START symbol=ONDOUSDC dry_run=0 profile=major strategy=momentum base_url=https://api.binance.com
[2026-05-11 15:02:01Z] TOXIC_MEMORY_LOADED count=4 symbols=GUNUSDC,JTOUSDC,ORDIUSDC,SAHARAUSDC
[2026-05-11 15:02:02Z] CHK MOM:0% RANGE:0% UP:0% SPREAD:0.02339728% BID:0.4274 ASK:0.4275 MID:0.42745 P1:0.42745 P2:NA P3:NA P4:NA STATE:IDLE
[2026-05-11 15:02:03Z] CHK MOM:-0.01% RANGE:0.01% UP:0% SPREAD:0.04680552% BID:0.4273 ASK:0.4275 MID:0.4274 P1:0.4274 P2:0.42745 P3:NA P4:NA STATE:IDLE
[2026-05-11 15:02:03Z] CHK MOM:-0.01% RANGE:0.01% UP:0% SPREAD:0.04680552% BID:0.4273 ASK:0.4275 MID:0.4274 P1:0.4274 P2:0.4274 P3:0.42745 P4:NA STATE:IDLE
[2026-05-11 15:02:04Z] CHK MOM:-0.01% RANGE:0.01% UP:0% SPREAD:0.04680552% BID:0.4273 ASK:0.4275 MID:0.4274 P1:0.4274 P2:0.4274 P3:0.4274 P4:0.42745 STATE:IDLE
[2026-05-11 15:02:04Z] CHK MOM:-0.01% RANGE:0.01% UP:0% SPREAD:0.04680552% BID:0.4273 ASK:0.4275 MID:0.4274 P1:0.4274 P2:0.4274 P3:0.4274 P4:0.4274 STATE:IDLE
[2026-05-11 15:02:05Z] CHK MOM:-0.02% RANGE:0.02% UP:0% SPREAD:0.02340276% BID:0.4273 ASK:0.4274 MID:0.42735 P1:0.42735 P2:0.4274 P3:0.4274 P4:0.4274 STATE:IDLE
[2026-05-11 15:02:05Z] CHK MOM:-0.02% RANGE:0.02% UP:0% SPREAD:0.02340276% BID:0.4273 ASK:0.4274 MID:0.42735 P1:0.42735 P2:0.4274 P3:0.4274 P4:0.4274 STATE:IDLE
[2026-05-11 15:02:06Z] CHK MOM:-0.02% RANGE:0.02% UP:0% SPREAD:0.02340276% BID:0.4273 ASK:0.4274 MID:0.42735 P1:0.42735 P2:0.42735 P3:0.4274 P4:0.4274 STATE:IDLE
[2026-05-11 15:02:06Z] CHK MOM:-0.03% RANGE:0.03% UP:0% SPREAD:0.04681647% BID:0.4272 ASK:0.4274 MID:0.4273 P1:0.4273 P2:0.42735 P3:0.42735 P4:0.4274 STATE:IDLE
[2026-05-11 15:02:07Z] CHK MOM:-0.01% RANGE:0.03% UP:12.5% SPREAD:0.04680552% BID:0.4273 ASK:0.4275 MID:0.4274 P1:0.4274 P2:0.4273 P3:0.42735 P4:0.42735 STATE:IDLE
[2026-05-11 15:02:08Z] CHK MOM:-0.01% RANGE:0.03% UP:11.11% SPREAD:0.04680552% BID:0.4273 ASK:0.4275 MID:0.4274 P1:0.4274 P2:0.4274 P3:0.4273 P4:0.42735 STATE:IDLE
[2026-05-11 15:02:08Z] CHK MOM:0% RANGE:0.03% UP:20% SPREAD:0.02339728% BID:0.4274 ASK:0.4275 MID:0.42745 P1:0.42745 P2:0.4274 P3:0.4274 P4:0.4273 STATE:IDLE
[2026-05-11 15:02:09Z] CHK MOM:0.02% RANGE:0.05% UP:27.27% SPREAD:0.02339181% BID:0.4275 ASK:0.4276 MID:0.42755 P1:0.42755 P2:0.42745 P3:0.4274 P4:0.4274 STATE:IDLE
[2026-05-11 15:02:09Z] CHK MOM:0.02% RANGE:0.05% UP:25% SPREAD:0.02339181% BID:0.4275 ASK:0.4276 MID:0.42755 P1:0.42755 P2:0.42755 P3:0.42745 P4:0.4274 STATE:IDLE
[2026-05-11 15:02:10Z] CHK MOM:0.02% RANGE:0.05% UP:23.07% SPREAD:0.02339181% BID:0.4275 ASK:0.4276 MID:0.42755 P1:0.42755 P2:0.42755 P3:0.42755 P4:0.42745 STATE:IDLE
[2026-05-11 15:02:10Z] CHK MOM:0.02% RANGE:0.05% UP:23.07% SPREAD:0.02339181% BID:0.4275 ASK:0.4276 MID:0.42755 P1:0.42755 P2:0.42755 P3:0.42755 P4:0.42745 STATE:IDLE
[2026-05-11 15:02:11Z] CHK MOM:0.02% RANGE:0.05% UP:23.07% SPREAD:0.02339181% BID:0.4275 ASK:0.4276 MID:0.42755 P1:0.42755 P2:0.42755 P3:0.42755 P4:0.42745 STATE:IDLE
[2026-05-11 15:02:11Z] CHK MOM:0.01% RANGE:0.05% UP:21.42% SPREAD:0.04679457% BID:0.4274 ASK:0.4276 MID:0.4275 P1:0.4275 P2:0.42755 P3:0.42755 P4:0.42755 STATE:IDLE
[2026-05-11 15:02:12Z] CHK MOM:0% RANGE:0.05% UP:20% SPREAD:0.02339728% BID:0.4274 ASK:0.4275 MID:0.42745 P1:0.42745 P2:0.4275 P3:0.42755 P4:0.42755 STATE:IDLE
[2026-05-11 15:02:13Z] CHK MOM:-0.01% RANGE:0.05% UP:18.75% SPREAD:0.04680552% BID:0.4273 ASK:0.4275 MID:0.4274 P1:0.4274 P2:0.42745 P3:0.4275 P4:0.42755 STATE:IDLE
[2026-05-11 15:02:13Z] CHK MOM:-0.02% RANGE:0.05% UP:17.64% SPREAD:0.02340276% BID:0.4273 ASK:0.4274 MID:0.42735 P1:0.42735 P2:0.4274 P3:0.42745 P4:0.4275 STATE:IDLE
[2026-05-11 15:02:14Z] CHK MOM:0% RANGE:0.05% UP:22.22% SPREAD:0.02339728% BID:0.4274 ASK:0.4275 MID:0.42745 P1:0.42745 P2:0.42735 P3:0.4274 P4:0.42745 STATE:IDLE
[2026-05-11 15:02:14Z] CHK MOM:0.03% RANGE:0.05% UP:27.77% SPREAD:0.02339181% BID:0.4275 ASK:0.4276 MID:0.42755 P1:0.42755 P2:0.42745 P3:0.42735 P4:0.4274 STATE:IDLE
[2026-05-11 15:02:15Z] CHK MOM:0.03% RANGE:0.05% UP:27.77% SPREAD:0.02339181% BID:0.4275 ASK:0.4276 MID:0.42755 P1:0.42755 P2:0.42745 P3:0.42735 P4:0.4274 STATE:IDLE
[2026-05-11 15:02:15Z] CHK MOM:0.01% RANGE:0.05% UP:27.77% SPREAD:0.02339728% BID:0.4274 ASK:0.4275 MID:0.42745 P1:0.42745 P2:0.42755 P3:0.42745 P4:0.42735 STATE:IDLE
[2026-05-11 15:02:16Z] CHK MOM:0.03% RANGE:0.05% UP:35.29% SPREAD:0.02339181% BID:0.4275 ASK:0.4276 MID:0.42755 P1:0.42755 P2:0.42745 P3:0.42755 P4:0.42745 STATE:IDLE
[2026-05-11 15:02:16Z] CHK MOM:0.09% RANGE:0.1% UP:41.17% SPREAD:0.02338087% BID:0.4277 ASK:0.4278 MID:0.42775 P1:0.42775 P2:0.42755 P3:0.42745 P4:0.42755 STATE:IDLE
[2026-05-11 15:02:17Z] CHK MOM:0.05% RANGE:0.1% UP:41.17% SPREAD:0.04678362% BID:0.4275 ASK:0.4277 MID:0.4276 P1:0.4276 P2:0.42775 P3:0.42755 P4:0.42745 STATE:IDLE
[2026-05-11 15:02:17Z] CHK MOM:0.07% RANGE:0.1% UP:44.44% SPREAD:0.02338634% BID:0.4276 ASK:0.4277 MID:0.42765 P1:0.42765 P2:0.4276 P3:0.42775 P4:0.42755 STATE:IDLE
[2026-05-11 15:02:18Z] CHK MOM:0.1% RANGE:0.11% UP:47.36% SPREAD:0.04676174% BID:0.4277 ASK:0.4279 MID:0.4278 P1:0.4278 P2:0.42765 P3:0.4276 P4:0.42775 STATE:IDLE
[2026-05-11 15:02:19Z] CHK MOM:0.09% RANGE:0.1% UP:44.44% SPREAD:0.04676174% BID:0.4277 ASK:0.4279 MID:0.4278 P1:0.4278 P2:0.4278 P3:0.42765 P4:0.4276 STATE:IDLE
[2026-05-11 15:02:19Z] CHK MOM:0.09% RANGE:0.11% UP:47.05% SPREAD:0.0233754% BID:0.4278 ASK:0.4279 MID:0.42785 P1:0.42785 P2:0.4278 P3:0.4278 P4:0.42765 STATE:IDLE
[2026-05-11 15:02:20Z] CHK MOM:0.08% RANGE:0.11% UP:44.44% SPREAD:0.04676174% BID:0.4277 ASK:0.4279 MID:0.4278 P1:0.4278 P2:0.42785 P3:0.4278 P4:0.4278 STATE:IDLE
[2026-05-11 15:02:20Z] CHK MOM:0.08% RANGE:0.11% UP:42.1% SPREAD:0.04676174% BID:0.4277 ASK:0.4279 MID:0.4278 P1:0.4278 P2:0.4278 P3:0.42785 P4:0.4278 STATE:IDLE
[2026-05-11 15:02:21Z] CHK MOM:0.08% RANGE:0.11% UP:42.1% SPREAD:0.04676174% BID:0.4277 ASK:0.4279 MID:0.4278 P1:0.4278 P2:0.4278 P3:0.42785 P4:0.4278 STATE:IDLE
[2026-05-11 15:02:21Z] CHK MOM:-0.04% RANGE:0.11% UP:41.17% SPREAD:0.02340276% BID:0.4273 ASK:0.4274 MID:0.42735 P1:0.42735 P2:0.4278 P3:0.4278 P4:0.42785 STATE:IDLE
[2026-05-11 15:02:22Z] CHK MOM:-0.02% RANGE:0.11% UP:44.44% SPREAD:0.02339728% BID:0.4274 ASK:0.4275 MID:0.42745 P1:0.42745 P2:0.42735 P3:0.4278 P4:0.4278 STATE:IDLE
[2026-05-11 15:02:22Z] CHK MOM:-0.02% RANGE:0.11% UP:44.44% SPREAD:0.02339728% BID:0.4274 ASK:0.4275 MID:0.42745 P1:0.42745 P2:0.42735 P3:0.4278 P4:0.4278 STATE:IDLE
[2026-05-11 15:02:23Z] CHK MOM:0.01% RANGE:0.11% UP:50% SPREAD:0.02339181% BID:0.4275 ASK:0.4276 MID:0.42755 P1:0.42755 P2:0.42745 P3:0.42735 P4:0.4278 STATE:IDLE
[2026-05-11 15:02:24Z] CHK MOM:0% RANGE:0.11% UP:47.36% SPREAD:0.04679457% BID:0.4274 ASK:0.4276 MID:0.4275 P1:0.4275 P2:0.42755 P3:0.42745 P4:0.42735 STATE:IDLE
[2026-05-11 15:02:24Z] CHK MOM:0% RANGE:0.11% UP:47.36% SPREAD:0.04679457% BID:0.4274 ASK:0.4276 MID:0.4275 P1:0.4275 P2:0.42755 P3:0.42745 P4:0.42735 STATE:IDLE
[2026-05-11 15:02:25Z] CHK MOM:0% RANGE:0.11% UP:47.36% SPREAD:0.04679457% BID:0.4274 ASK:0.4276 MID:0.4275 P1:0.4275 P2:0.42755 P3:0.42745 P4:0.42735 STATE:IDLE
[2026-05-11 15:02:25Z] CHK MOM:-0.02% RANGE:0.11% UP:50% SPREAD:0.02340276% BID:0.4273 ASK:0.4274 MID:0.42735 P1:0.42735 P2:0.4275 P3:0.42755 P4:0.42745 STATE:IDLE
[2026-05-11 15:02:26Z] CHK MOM:-0.05% RANGE:0.12% UP:43.75% SPREAD:0.04681647% BID:0.4272 ASK:0.4274 MID:0.4273 P1:0.4273 P2:0.42735 P3:0.4275 P4:0.42755 STATE:IDLE
[2026-05-11 15:02:26Z] CHK MOM:-0.07% RANGE:0.16% UP:43.75% SPREAD:0.02341372% BID:0.4271 ASK:0.4272 MID:0.42715 P1:0.42715 P2:0.4273 P3:0.42735 P4:0.4275 STATE:IDLE
[2026-05-11 15:02:27Z] CHK MOM:-0.05% RANGE:0.16% UP:47.05% SPREAD:0.04682744% BID:0.4271 ASK:0.4273 MID:0.4272 P1:0.4272 P2:0.42715 P3:0.4273 P4:0.42735 STATE:IDLE
[2026-05-11 15:02:27Z] CHK MOM:-0.12% RANGE:0.19% UP:41.17% SPREAD:0.04684937% BID:0.4269 ASK:0.4271 MID:0.427 P1:0.427 P2:0.4272 P3:0.42715 P4:0.4273 STATE:IDLE
[2026-05-11 15:02:28Z] CHK MOM:-0.12% RANGE:0.19% UP:38.88% SPREAD:0.04684937% BID:0.4269 ASK:0.4271 MID:0.427 P1:0.427 P2:0.427 P3:0.4272 P4:0.42715 STATE:IDLE
[2026-05-11 15:02:28Z] CHK MOM:-0.21% RANGE:0.23% UP:33.33% SPREAD:0.02343017% BID:0.4268 ASK:0.4269 MID:0.42685 P1:0.42685 P2:0.427 P3:0.427 P4:0.4272 STATE:IDLE
[2026-05-11 15:02:29Z] CHK MOM:-0.18% RANGE:0.23% UP:29.41% SPREAD:0.02343017% BID:0.4268 ASK:0.4269 MID:0.42685 P1:0.42685 P2:0.42685 P3:0.427 P4:0.427 STATE:IDLE
[2026-05-11 15:02:30Z] CHK MOM:-0.22% RANGE:0.23% UP:25% SPREAD:0.02343017% BID:0.4268 ASK:0.4269 MID:0.42685 P1:0.42685 P2:0.42685 P3:0.42685 P4:0.427 STATE:IDLE
[2026-05-11 15:02:30Z] CHK MOM:-0.25% RANGE:0.25% UP:18.75% SPREAD:0.02343566% BID:0.4267 ASK:0.4268 MID:0.42675 P1:0.42675 P2:0.42685 P3:0.42685 P4:0.42685 STATE:IDLE
[2026-05-11 15:02:31Z] CHK MOM:-0.29% RANGE:0.29% UP:17.64% SPREAD:0.04689331% BID:0.4265 ASK:0.4267 MID:0.4266 P1:0.4266 P2:0.42675 P3:0.42685 P4:0.42685 STATE:IDLE
[2026-05-11 15:02:31Z] CHK MOM:-0.29% RANGE:0.29% UP:17.64% SPREAD:0.04689331% BID:0.4265 ASK:0.4267 MID:0.4266 P1:0.4266 P2:0.42675 P3:0.42685 P4:0.42685 STATE:IDLE
[2026-05-11 15:02:32Z] CHK MOM:-0.29% RANGE:0.29% UP:17.64% SPREAD:0.04689331% BID:0.4265 ASK:0.4267 MID:0.4266 P1:0.4266 P2:0.42675 P3:0.42685 P4:0.42685 STATE:IDLE
[2026-05-11 15:02:32Z] CHK MOM:-0.23% RANGE:0.28% UP:25% SPREAD:0.04687133% BID:0.4267 ASK:0.4269 MID:0.4268 P1:0.4268 P2:0.4266 P3:0.42675 P4:0.42685 STATE:IDLE
[2026-05-11 15:02:33Z] CHK MOM:-0.23% RANGE:0.28% UP:25% SPREAD:0.04687133% BID:0.4267 ASK:0.4269 MID:0.4268 P1:0.4268 P2:0.4266 P3:0.42675 P4:0.42685 STATE:IDLE
[2026-05-11 15:02:33Z] CHK MOM:-0.23% RANGE:0.28% UP:25% SPREAD:0.04687133% BID:0.4267 ASK:0.4269 MID:0.4268 P1:0.4268 P2:0.4266 P3:0.42675 P4:0.42685 STATE:IDLE
[2026-05-11 15:02:35Z] CHK MOM:-0.19% RANGE:0.22% UP:14.28% SPREAD:0.04688232% BID:0.4266 ASK:0.4268 MID:0.42669999 P1:0.42669999 P2:0.4268 P3:0.4266 P4:0.42675 STATE:IDLE
[2026-05-11 15:02:35Z] CHK MOM:-0.11% RANGE:0.17% UP:23.07% SPREAD:0.02343017% BID:0.4268 ASK:0.4269 MID:0.42685 P1:0.42685 P2:0.42669999 P3:0.4268 P4:0.4266 STATE:IDLE
[2026-05-11 15:02:36Z] CHK MOM:-0.11% RANGE:0.17% UP:21.42% SPREAD:0.02343017% BID:0.4268 ASK:0.4269 MID:0.42685 P1:0.42685 P2:0.42685 P3:0.42669999 P4:0.4268 STATE:IDLE
[2026-05-11 15:02:36Z] CHK MOM:-0.11% RANGE:0.17% UP:21.42% SPREAD:0.02343017% BID:0.4268 ASK:0.4269 MID:0.42685 P1:0.42685 P2:0.42685 P3:0.42669999 P4:0.4268 STATE:IDLE
[2026-05-11 15:02:37Z] CHK MOM:-0.12% RANGE:0.17% UP:20% SPREAD:0.04687133% BID:0.4267 ASK:0.4269 MID:0.4268 P1:0.4268 P2:0.42685 P3:0.42685 P4:0.42669999 STATE:IDLE
[2026-05-11 15:02:37Z] CHK MOM:-0.12% RANGE:0.17% UP:20% SPREAD:0.04687133% BID:0.4267 ASK:0.4269 MID:0.4268 P1:0.4268 P2:0.42685 P3:0.42685 P4:0.42669999 STATE:IDLE
[2026-05-11 15:02:38Z] CHK MOM:-0.12% RANGE:0.17% UP:20% SPREAD:0.04687133% BID:0.4267 ASK:0.4269 MID:0.4268 P1:0.4268 P2:0.42685 P3:0.42685 P4:0.42669999 STATE:IDLE
[2026-05-11 15:02:38Z] CHK MOM:-0.12% RANGE:0.17% UP:20% SPREAD:0.04687133% BID:0.4267 ASK:0.4269 MID:0.4268 P1:0.4268 P2:0.42685 P3:0.42685 P4:0.42669999 STATE:IDLE
[2026-05-11 15:02:39Z] CHK MOM:-0.12% RANGE:0.17% UP:20% SPREAD:0.04687133% BID:0.4267 ASK:0.4269 MID:0.4268 P1:0.4268 P2:0.42685 P3:0.42685 P4:0.42669999 STATE:IDLE
[2026-05-11 15:02:40Z] CHK MOM:-0.04% RANGE:0.09% UP:16.66% SPREAD:0.04687133% BID:0.4267 ASK:0.4269 MID:0.4268 P1:0.4268 P2:0.4268 P3:0.42685 P4:0.42685 STATE:IDLE
[2026-05-11 15:02:40Z] CHK MOM:-0.04% RANGE:0.09% UP:16.66% SPREAD:0.04687133% BID:0.4267 ASK:0.4269 MID:0.4268 P1:0.4268 P2:0.4268 P3:0.42685 P4:0.42685 STATE:IDLE
[2026-05-11 15:02:41Z] CHK MOM:0% RANGE:0.05% UP:30% SPREAD:0.02343017% BID:0.4268 ASK:0.4269 MID:0.42685 P1:0.42685 P2:0.4268 P3:0.4268 P4:0.42685 STATE:IDLE
[2026-05-11 15:02:41Z] CHK MOM:-0.01% RANGE:0.05% UP:30% SPREAD:0.04687133% BID:0.4267 ASK:0.4269 MID:0.4268 P1:0.4268 P2:0.42685 P3:0.4268 P4:0.4268 STATE:IDLE
[2026-05-11 15:02:42Z] CHK MOM:-0.02% RANGE:0.05% UP:30% SPREAD:0.02344116% BID:0.4266 ASK:0.4267 MID:0.42665 P1:0.42665 P2:0.4268 P3:0.42685 P4:0.4268 STATE:IDLE
[2026-05-11 15:02:42Z] CHK MOM:-0.01% RANGE:0.05% UP:36.36% SPREAD:0.04688232% BID:0.4266 ASK:0.4268 MID:0.42669999 P1:0.42669999 P2:0.42665 P3:0.4268 P4:0.42685 STATE:IDLE
[2026-05-11 15:02:43Z] CHK MOM:0.03% RANGE:0.05% UP:45.45% SPREAD:0.02343566% BID:0.4267 ASK:0.4268 MID:0.42675 P1:0.42675 P2:0.42669999 P3:0.42665 P4:0.4268 STATE:IDLE
[2026-05-11 15:02:43Z] CHK MOM:0.03% RANGE:0.05% UP:45.45% SPREAD:0.02343566% BID:0.4267 ASK:0.4268 MID:0.42675 P1:0.42675 P2:0.42669999 P3:0.42665 P4:0.4268 STATE:IDLE
[2026-05-11 15:02:44Z] CHK MOM:-0.04% RANGE:0.05% UP:36.36% SPREAD:0.04689331% BID:0.4265 ASK:0.4267 MID:0.4266 P1:0.4266 P2:0.42675 P3:0.42669999 P4:0.42665 STATE:IDLE
[2026-05-11 15:02:44Z] CHK MOM:-0.04% RANGE:0.08% UP:36.36% SPREAD:0.04690431% BID:0.4264 ASK:0.4266 MID:0.4265 P1:0.4265 P2:0.4266 P3:0.42675 P4:0.42669999 STATE:IDLE
[2026-05-11 15:02:45Z] CHK MOM:-0.11% RANGE:0.15% UP:33.33% SPREAD:0.04693733% BID:0.4261 ASK:0.4263 MID:0.4262 P1:0.4262 P2:0.4265 P3:0.4266 P4:0.42675 STATE:IDLE
[2026-05-11 15:02:46Z] CHK MOM:-0.12% RANGE:0.16% UP:30.76% SPREAD:0.02346866% BID:0.4261 ASK:0.4262 MID:0.42615 P1:0.42615 P2:0.4262 P3:0.4265 P4:0.4266 STATE:IDLE
[2026-05-11 15:02:46Z] CHK MOM:-0.15% RANGE:0.16% UP:30.76% SPREAD:0.04693733% BID:0.4261 ASK:0.4263 MID:0.4262 P1:0.4262 P2:0.42615 P3:0.4262 P4:0.4265 STATE:IDLE
[2026-05-11 15:02:47Z] CHK MOM:-0.15% RANGE:0.16% UP:30.76% SPREAD:0.04693733% BID:0.4261 ASK:0.4263 MID:0.4262 P1:0.4262 P2:0.42615 P3:0.4262 P4:0.4265 STATE:IDLE
[2026-05-11 15:02:47Z] CHK MOM:-0.15% RANGE:0.16% UP:30.76% SPREAD:0.04693733% BID:0.4261 ASK:0.4263 MID:0.4262 P1:0.4262 P2:0.42615 P3:0.4262 P4:0.4265 STATE:IDLE
[2026-05-11 15:02:48Z] CHK MOM:-0.14% RANGE:0.16% UP:33.33% SPREAD:0.04693733% BID:0.4261 ASK:0.4263 MID:0.4262 P1:0.4262 P2:0.4262 P3:0.42615 P4:0.4262 STATE:IDLE
[2026-05-11 15:02:48Z] CHK MOM:-0.12% RANGE:0.16% UP:38.46% SPREAD:0.02346316% BID:0.4262 ASK:0.4263 MID:0.42625 P1:0.42625 P2:0.4262 P3:0.4262 P4:0.42615 STATE:IDLE
[2026-05-11 15:02:49Z] CHK MOM:-0.12% RANGE:0.16% UP:38.46% SPREAD:0.02346316% BID:0.4262 ASK:0.4263 MID:0.42625 P1:0.42625 P2:0.4262 P3:0.4262 P4:0.42615 STATE:IDLE
[2026-05-11 15:02:49Z] CHK MOM:-0.15% RANGE:0.16% UP:38.46% SPREAD:0.02346866% BID:0.4261 ASK:0.4262 MID:0.42615 P1:0.42615 P2:0.42625 P3:0.4262 P4:0.4262 STATE:IDLE
[2026-05-11 15:02:50Z] CHK MOM:-0.15% RANGE:0.16% UP:38.46% SPREAD:0.02346866% BID:0.4261 ASK:0.4262 MID:0.42615 P1:0.42615 P2:0.42625 P3:0.4262 P4:0.4262 STATE:IDLE
[2026-05-11 15:02:51Z] CHK MOM:-0.15% RANGE:0.16% UP:38.46% SPREAD:0.02346866% BID:0.4261 ASK:0.4262 MID:0.42615 P1:0.42615 P2:0.42625 P3:0.4262 P4:0.4262 STATE:IDLE
[2026-05-11 15:02:51Z] CHK MOM:-0.14% RANGE:0.16% UP:38.46% SPREAD:0.02346316% BID:0.4262 ASK:0.4263 MID:0.42625 P1:0.42625 P2:0.42615 P3:0.42625 P4:0.4262 STATE:IDLE
[2026-05-11 15:02:52Z] CHK MOM:-0.05% RANGE:0.16% UP:42.85% SPREAD:0.04689331% BID:0.4265 ASK:0.4267 MID:0.4266 P1:0.4266 P2:0.42625 P3:0.42615 P4:0.42625 STATE:IDLE
[2026-05-11 15:02:52Z] CHK MOM:-0.03% RANGE:0.16% UP:46.66% SPREAD:0.04688232% BID:0.4266 ASK:0.4268 MID:0.42669999 P1:0.42669999 P2:0.4266 P3:0.42625 P4:0.42615 STATE:IDLE
[2026-05-11 15:02:53Z] CHK MOM:-0.03% RANGE:0.16% UP:46.66% SPREAD:0.04688232% BID:0.4266 ASK:0.4268 MID:0.42669999 P1:0.42669999 P2:0.4266 P3:0.42625 P4:0.42615 STATE:IDLE
[2026-05-11 15:02:53Z] CHK MOM:-0.03% RANGE:0.16% UP:46.66% SPREAD:0.04688232% BID:0.4266 ASK:0.4268 MID:0.42669999 P1:0.42669999 P2:0.4266 P3:0.42625 P4:0.42615 STATE:IDLE
[2026-05-11 15:02:54Z] CHK MOM:0% RANGE:0.14% UP:50% SPREAD:0.07033997% BID:0.4265 ASK:0.4268 MID:0.42665 P1:0.42665 P2:0.42669999 P3:0.4266 P4:0.42625 STATE:IDLE
[2026-05-11 15:02:54Z] CHK MOM:-0.05% RANGE:0.14% UP:38.46% SPREAD:0.04690431% BID:0.4264 ASK:0.4266 MID:0.4265 P1:0.4265 P2:0.42665 P3:0.42669999 P4:0.4266 STATE:IDLE
[2026-05-11 15:02:55Z] CHK MOM:-0.05% RANGE:0.14% UP:35.71% SPREAD:0.04690431% BID:0.4264 ASK:0.4266 MID:0.4265 P1:0.4265 P2:0.4265 P3:0.42665 P4:0.42669999 STATE:IDLE
[2026-05-11 15:02:55Z] CHK MOM:0.01% RANGE:0.12% UP:42.85% SPREAD:0.02344116% BID:0.4266 ASK:0.4267 MID:0.42665 P1:0.42665 P2:0.4265 P3:0.4265 P4:0.42665 STATE:IDLE
[2026-05-11 15:02:56Z] CHK MOM:0% RANGE:0.12% UP:40% SPREAD:0.04689331% BID:0.4265 ASK:0.4267 MID:0.4266 P1:0.4266 P2:0.42665 P3:0.4265 P4:0.4265 STATE:IDLE
[2026-05-11 15:02:57Z] CHK MOM:0.07% RANGE:0.12% UP:42.85% SPREAD:0.04690431% BID:0.4264 ASK:0.4266 MID:0.4265 P1:0.4265 P2:0.4266 P3:0.42665 P4:0.4265 STATE:IDLE
[2026-05-11 15:02:57Z] CHK MOM:0.07% RANGE:0.12% UP:42.85% SPREAD:0.04690431% BID:0.4264 ASK:0.4266 MID:0.4265 P1:0.4265 P2:0.4266 P3:0.42665 P4:0.4265 STATE:IDLE
[2026-05-11 15:02:58Z] CHK MOM:0.04% RANGE:0.12% UP:38.46% SPREAD:0.04691531% BID:0.4263 ASK:0.4265 MID:0.4264 P1:0.4264 P2:0.4265 P3:0.4266 P4:0.42665 STATE:IDLE
[2026-05-11 15:02:58Z] CHK MOM:0.08% RANGE:0.12% UP:42.85% SPREAD:0.02344665% BID:0.4265 ASK:0.4266 MID:0.42655 P1:0.42655 P2:0.4264 P3:0.4265 P4:0.4266 STATE:IDLE
[2026-05-11 15:02:59Z] CHK MOM:0.09% RANGE:0.12% UP:50% SPREAD:0.04689331% BID:0.4265 ASK:0.4267 MID:0.4266 P1:0.4266 P2:0.42655 P3:0.4264 P4:0.4265 STATE:IDLE
[2026-05-11 15:02:59Z] CHK MOM:0.09% RANGE:0.12% UP:46.66% SPREAD:0.04689331% BID:0.4265 ASK:0.4267 MID:0.4266 P1:0.4266 P2:0.4266 P3:0.42655 P4:0.4264 STATE:IDLE
[2026-05-11 15:03:00Z] CHK MOM:0.09% RANGE:0.12% UP:46.66% SPREAD:0.04689331% BID:0.4265 ASK:0.4267 MID:0.4266 P1:0.4266 P2:0.4266 P3:0.42655 P4:0.4264 STATE:IDLE
[2026-05-11 15:03:00Z] CHK MOM:0.08% RANGE:0.12% UP:40% SPREAD:0.04689331% BID:0.4265 ASK:0.4267 MID:0.4266 P1:0.4266 P2:0.4266 P3:0.4266 P4:0.42655 STATE:IDLE
[2026-05-11 15:03:01Z] CHK MOM:0.1% RANGE:0.12% UP:40% SPREAD:0.04689331% BID:0.4265 ASK:0.4267 MID:0.4266 P1:0.4266 P2:0.4266 P3:0.4266 P4:0.4266 STATE:IDLE
[2026-05-11 15:03:02Z] CHK MOM:0.11% RANGE:0.11% UP:40% SPREAD:0.02343566% BID:0.4267 ASK:0.4268 MID:0.42675 P1:0.42675 P2:0.4266 P3:0.4266 P4:0.4266 STATE:IDLE
[2026-05-11 15:03:02Z] CHK MOM:0.11% RANGE:0.11% UP:37.5% SPREAD:0.02343566% BID:0.4267 ASK:0.4268 MID:0.42675 P1:0.42675 P2:0.42675 P3:0.4266 P4:0.4266 STATE:IDLE
[2026-05-11 15:03:03Z] CHK MOM:0.11% RANGE:0.11% UP:35.29% SPREAD:0.02343566% BID:0.4267 ASK:0.4268 MID:0.42675 P1:0.42675 P2:0.42675 P3:0.42675 P4:0.4266 STATE:IDLE
[2026-05-11 15:03:03Z] CHK MOM:0.05% RANGE:0.1% UP:35.29% SPREAD:0.02343017% BID:0.4268 ASK:0.4269 MID:0.42685 P1:0.42685 P2:0.42675 P3:0.42675 P4:0.42675 STATE:IDLE
[2026-05-11 15:03:04Z] CHK MOM:0.05% RANGE:0.1% UP:35.29% SPREAD:0.02343017% BID:0.4268 ASK:0.4269 MID:0.42685 P1:0.42685 P2:0.42675 P3:0.42675 P4:0.42675 STATE:IDLE
[2026-05-11 15:03:04Z] CHK MOM:0.05% RANGE:0.1% UP:35.29% SPREAD:0.02343017% BID:0.4268 ASK:0.4269 MID:0.42685 P1:0.42685 P2:0.42675 P3:0.42675 P4:0.42675 STATE:IDLE
[2026-05-11 15:03:05Z] CHK MOM:0.07% RANGE:0.12% UP:37.5% SPREAD:0.02342468% BID:0.4269 ASK:0.427 MID:0.42695 P1:0.42695 P2:0.42685 P3:0.42675 P4:0.42675 STATE:IDLE
[2026-05-11 15:03:05Z] CHK MOM:0.09% RANGE:0.15% UP:41.17% SPREAD:0.0234192% BID:0.427 ASK:0.4271 MID:0.42705 P1:0.42705 P2:0.42695 P3:0.42685 P4:0.42675 STATE:IDLE
[2026-05-11 15:03:06Z] CHK MOM:0.12% RANGE:0.15% UP:41.17% SPREAD:0.0234192% BID:0.427 ASK:0.4271 MID:0.42705 P1:0.42705 P2:0.42705 P3:0.42695 P4:0.42685 STATE:IDLE
[2026-05-11 15:03:06Z] CHK MOM:0.12% RANGE:0.15% UP:41.17% SPREAD:0.0234192% BID:0.427 ASK:0.4271 MID:0.42705 P1:0.42705 P2:0.42705 P3:0.42705 P4:0.42695 STATE:IDLE
[2026-05-11 15:03:07Z] CHK MOM:0.11% RANGE:0.17% UP:41.17% SPREAD:0.02341372% BID:0.4271 ASK:0.4272 MID:0.42715 P1:0.42715 P2:0.42705 P3:0.42705 P4:0.42705 STATE:IDLE
[2026-05-11 15:03:08Z] CHK MOM:0.22% RANGE:0.24% UP:50% SPREAD:0.02339728% BID:0.4274 ASK:0.4275 MID:0.42745 P1:0.42745 P2:0.42715 P3:0.42705 P4:0.42705 STATE:IDLE
[2026-05-11 15:03:08Z] CHK MOM:0.22% RANGE:0.24% UP:47.05% SPREAD:0.02339728% BID:0.4274 ASK:0.4275 MID:0.42745 P1:0.42745 P2:0.42745 P3:0.42715 P4:0.42705 STATE:IDLE
[2026-05-11 15:03:09Z] CHK MOM:0.22% RANGE:0.24% UP:44.44% SPREAD:0.02339728% BID:0.4274 ASK:0.4275 MID:0.42745 P1:0.42745 P2:0.42745 P3:0.42745 P4:0.42715 STATE:IDLE
[2026-05-11 15:03:09Z] CHK MOM:0.22% RANGE:0.24% UP:44.44% SPREAD:0.02340276% BID:0.4273 ASK:0.4274 MID:0.42735 P1:0.42735 P2:0.42745 P3:0.42745 P4:0.42745 STATE:IDLE
[2026-05-11 15:03:10Z] CHK MOM:0.15% RANGE:0.21% UP:38.88% SPREAD:0.04682744% BID:0.4271 ASK:0.4273 MID:0.4272 P1:0.4272 P2:0.42735 P3:0.42745 P4:0.42745 STATE:IDLE
[2026-05-11 15:03:10Z] CHK MOM:0.09% RANGE:0.21% UP:36.84% SPREAD:0.02342468% BID:0.4269 ASK:0.427 MID:0.42695 P1:0.42695 P2:0.4272 P3:0.42735 P4:0.42745 STATE:IDLE
[2026-05-11 15:03:11Z] CHK MOM:0.07% RANGE:0.19% UP:31.57% SPREAD:0.04686035% BID:0.4268 ASK:0.427 MID:0.4269 P1:0.4269 P2:0.42695 P3:0.4272 P4:0.42735 STATE:IDLE
[2026-05-11 15:03:11Z] CHK MOM:0.08% RANGE:0.19% UP:36.84% SPREAD:0.02342468% BID:0.4269 ASK:0.427 MID:0.42695 P1:0.42695 P2:0.4269 P3:0.42695 P4:0.4272 STATE:IDLE
[2026-05-11 15:03:12Z] CHK MOM:0.05% RANGE:0.19% UP:36.84% SPREAD:0.02343017% BID:0.4268 ASK:0.4269 MID:0.42685 P1:0.42685 P2:0.42695 P3:0.4269 P4:0.42695 STATE:IDLE
[2026-05-11 15:03:12Z] CHK MOM:0.05% RANGE:0.19% UP:36.84% SPREAD:0.02343017% BID:0.4268 ASK:0.4269 MID:0.42685 P1:0.42685 P2:0.42685 P3:0.42695 P4:0.4269 STATE:IDLE
[2026-05-11 15:03:13Z] CHK MOM:-0.03% RANGE:0.19% UP:31.57% SPREAD:0.04689331% BID:0.4265 ASK:0.4267 MID:0.4266 P1:0.4266 P2:0.42685 P3:0.42685 P4:0.42695 STATE:IDLE
[2026-05-11 15:03:13Z] CHK MOM:-0.05% RANGE:0.22% UP:31.57% SPREAD:0.04690431% BID:0.4264 ASK:0.4266 MID:0.4265 P1:0.4265 P2:0.4266 P3:0.42685 P4:0.42685 STATE:IDLE
[2026-05-11 15:03:14Z] CHK MOM:-0.07% RANGE:0.23% UP:31.57% SPREAD:0.02345215% BID:0.4264 ASK:0.4265 MID:0.42645 P1:0.42645 P2:0.4265 P3:0.4266 P4:0.42685 STATE:IDLE
[2026-05-11 15:03:14Z] CHK MOM:-0.07% RANGE:0.23% UP:30% SPREAD:0.02345215% BID:0.4264 ASK:0.4265 MID:0.42645 P1:0.42645 P2:0.42645 P3:0.4265 P4:0.4266 STATE:IDLE
[2026-05-11 15:03:15Z] CHK MOM:-0.07% RANGE:0.23% UP:30% SPREAD:0.02345215% BID:0.4264 ASK:0.4265 MID:0.42645 P1:0.42645 P2:0.42645 P3:0.4265 P4:0.4266 STATE:IDLE
[2026-05-11 15:03:15Z] CHK MOM:-0.14% RANGE:0.25% UP:21.05% SPREAD:0.02345765% BID:0.4263 ASK:0.4264 MID:0.42635 P1:0.42635 P2:0.42645 P3:0.42645 P4:0.4265 STATE:IDLE
[2026-05-11 15:03:16Z] CHK MOM:-0.12% RANGE:0.25% UP:25% SPREAD:0.04691531% BID:0.4263 ASK:0.4265 MID:0.4264 P1:0.4264 P2:0.42635 P3:0.42645 P4:0.42645 STATE:IDLE
[2026-05-11 15:03:17Z] CHK MOM:-0.1% RANGE:0.25% UP:28.57% SPREAD:0.04690431% BID:0.4264 ASK:0.4266 MID:0.4265 P1:0.4265 P2:0.4264 P3:0.42635 P4:0.42645 STATE:IDLE
[2026-05-11 15:03:17Z] CHK MOM:-0.12% RANGE:0.25% UP:23.8% SPREAD:0.04690431% BID:0.4264 ASK:0.4266 MID:0.4265 P1:0.4265 P2:0.4265 P3:0.4264 P4:0.42635 STATE:IDLE
[2026-05-11 15:03:18Z] CHK MOM:-0.1% RANGE:0.25% UP:28.57% SPREAD:0.04689331% BID:0.4265 ASK:0.4267 MID:0.4266 P1:0.4266 P2:0.4265 P3:0.4265 P4:0.4264 STATE:IDLE
[2026-05-11 15:03:19Z] CHK MOM:-0.12% RANGE:0.25% UP:25% SPREAD:0.04689331% BID:0.4265 ASK:0.4267 MID:0.4266 P1:0.4266 P2:0.4266 P3:0.4265 P4:0.4265 STATE:IDLE
[2026-05-11 15:03:19Z] CHK MOM:-0.18% RANGE:0.25% UP:25% SPREAD:0.02344116% BID:0.4266 ASK:0.4267 MID:0.42665 P1:0.42665 P2:0.4266 P3:0.4266 P4:0.4265 STATE:IDLE
[2026-05-11 15:03:20Z] CHK MOM:-0.18% RANGE:0.25% UP:25% SPREAD:0.02344116% BID:0.4266 ASK:0.4267 MID:0.42665 P1:0.42665 P2:0.4266 P3:0.4266 P4:0.4265 STATE:IDLE
[2026-05-11 15:03:20Z] CHK MOM:-0.18% RANGE:0.25% UP:25% SPREAD:0.02344116% BID:0.4266 ASK:0.4267 MID:0.42665 P1:0.42665 P2:0.4266 P3:0.4266 P4:0.4265 STATE:IDLE
[2026-05-11 15:03:21Z] CHK MOM:-0.18% RANGE:0.25% UP:25% SPREAD:0.02344116% BID:0.4266 ASK:0.4267 MID:0.42665 P1:0.42665 P2:0.4266 P3:0.4266 P4:0.4265 STATE:IDLE
[2026-05-11 15:03:21Z] CHK MOM:-0.09% RANGE:0.19% UP:35.29% SPREAD:0.04687133% BID:0.4267 ASK:0.4269 MID:0.4268 P1:0.4268 P2:0.42665 P3:0.4266 P4:0.4266 STATE:IDLE
[2026-05-11 15:03:22Z] CHK MOM:-0.09% RANGE:0.19% UP:33.33% SPREAD:0.04687133% BID:0.4267 ASK:0.4269 MID:0.4268 P1:0.4268 P2:0.4268 P3:0.42665 P4:0.4266 STATE:IDLE
[2026-05-11 15:03:22Z] CHK MOM:-0.01% RANGE:0.14% UP:41.17% SPREAD:0.02343017% BID:0.4268 ASK:0.4269 MID:0.42685 P1:0.42685 P2:0.4268 P3:0.4268 P4:0.42665 STATE:IDLE
[2026-05-11 15:03:23Z] CHK MOM:-0.01% RANGE:0.14% UP:38.88% SPREAD:0.02343017% BID:0.4268 ASK:0.4269 MID:0.42685 P1:0.42685 P2:0.42685 P3:0.4268 P4:0.4268 STATE:IDLE
[2026-05-11 15:03:23Z] CHK MOM:-0.02% RANGE:0.14% UP:33.33% SPREAD:0.02343017% BID:0.4268 ASK:0.4269 MID:0.42685 P1:0.42685 P2:0.42685 P3:0.42685 P4:0.4268 STATE:IDLE
[2026-05-11 15:03:24Z] CHK MOM:0% RANGE:0.11% UP:35.29% SPREAD:0.02343017% BID:0.4268 ASK:0.4269 MID:0.42685 P1:0.42685 P2:0.42685 P3:0.42685 P4:0.42685 STATE:IDLE
[2026-05-11 15:03:24Z] CHK MOM:0.03% RANGE:0.11% UP:35.29% SPREAD:0.02343566% BID:0.4267 ASK:0.4268 MID:0.42675 P1:0.42675 P2:0.42685 P3:0.42685 P4:0.42685 STATE:IDLE
[2026-05-11 15:03:25Z] CHK MOM:0% RANGE:0.11% UP:35.29% SPREAD:0.04690431% BID:0.4264 ASK:0.4266 MID:0.4265 P1:0.4265 P2:0.42675 P3:0.42685 P4:0.42685 STATE:IDLE
[2026-05-11 15:03:25Z] CHK MOM:0% RANGE:0.11% UP:33.33% SPREAD:0.04690431% BID:0.4264 ASK:0.4266 MID:0.4265 P1:0.4265 P2:0.4265 P3:0.42675 P4:0.42685 STATE:IDLE
[2026-05-11 15:03:26Z] CHK MOM:0% RANGE:0.11% UP:33.33% SPREAD:0.04690431% BID:0.4264 ASK:0.4266 MID:0.4265 P1:0.4265 P2:0.4265 P3:0.42675 P4:0.42685 STATE:IDLE
[2026-05-11 15:03:26Z] CHK MOM:0.03% RANGE:0.11% UP:37.5% SPREAD:0.04690431% BID:0.4264 ASK:0.4266 MID:0.4265 P1:0.4265 P2:0.4265 P3:0.4265 P4:0.42675 STATE:IDLE
[2026-05-11 15:03:27Z] CHK MOM:0.04% RANGE:0.11% UP:41.17% SPREAD:0.02344665% BID:0.4265 ASK:0.4266 MID:0.42655 P1:0.42655 P2:0.4265 P3:0.4265 P4:0.4265 STATE:IDLE
[2026-05-11 15:03:27Z] CHK MOM:0.01% RANGE:0.1% UP:35.29% SPREAD:0.02345215% BID:0.4264 ASK:0.4265 MID:0.42645 P1:0.42645 P2:0.42655 P3:0.4265 P4:0.4265 STATE:IDLE
[2026-05-11 15:03:28Z] CHK MOM:0.01% RANGE:0.1% UP:35.29% SPREAD:0.02345215% BID:0.4264 ASK:0.4265 MID:0.42645 P1:0.42645 P2:0.42655 P3:0.4265 P4:0.4265 STATE:IDLE
[2026-05-11 15:03:29Z] CHK MOM:0.01% RANGE:0.09% UP:37.5% SPREAD:0.02344665% BID:0.4265 ASK:0.4266 MID:0.42655 P1:0.42655 P2:0.42645 P3:0.42655 P4:0.4265 STATE:IDLE
[2026-05-11 15:03:29Z] CHK MOM:0.01% RANGE:0.09% UP:37.5% SPREAD:0.02344665% BID:0.4265 ASK:0.4266 MID:0.42655 P1:0.42655 P2:0.42645 P3:0.42655 P4:0.4265 STATE:IDLE
[2026-05-11 15:03:30Z] CHK MOM:0.01% RANGE:0.09% UP:37.5% SPREAD:0.02344665% BID:0.4265 ASK:0.4266 MID:0.42655 P1:0.42655 P2:0.42645 P3:0.42655 P4:0.4265 STATE:IDLE
[2026-05-11 15:03:30Z] CHK MOM:0.01% RANGE:0.09% UP:37.5% SPREAD:0.02344665% BID:0.4265 ASK:0.4266 MID:0.42655 P1:0.42655 P2:0.42645 P3:0.42655 P4:0.4265 STATE:IDLE
[2026-05-11 15:03:31Z] CHK MOM:-0.04% RANGE:0.09% UP:28.57% SPREAD:0.02345215% BID:0.4264 ASK:0.4265 MID:0.42645 P1:0.42645 P2:0.42655 P3:0.42645 P4:0.42655 STATE:IDLE
[2026-05-11 15:03:31Z] CHK MOM:-0.1% RANGE:0.11% UP:21.42% SPREAD:0.02345765% BID:0.4263 ASK:0.4264 MID:0.42635 P1:0.42635 P2:0.42645 P3:0.42655 P4:0.42645 STATE:IDLE
[2026-05-11 15:03:32Z] CHK MOM:-0.1% RANGE:0.11% UP:21.42% SPREAD:0.02345765% BID:0.4263 ASK:0.4264 MID:0.42635 P1:0.42635 P2:0.42645 P3:0.42655 P4:0.42645 STATE:IDLE
[2026-05-11 15:03:32Z] CHK MOM:-0.15% RANGE:0.16% UP:20% SPREAD:0.02346866% BID:0.4261 ASK:0.4262 MID:0.42615 P1:0.42615 P2:0.42635 P3:0.42645 P4:0.42655 STATE:IDLE
[2026-05-11 15:03:33Z] CHK MOM:-0.14% RANGE:0.16% UP:26.66% SPREAD:0.04693733% BID:0.4261 ASK:0.4263 MID:0.4262 P1:0.4262 P2:0.42615 P3:0.42635 P4:0.42645 STATE:IDLE
[2026-05-11 15:03:34Z] CHK MOM:-0.14% RANGE:0.16% UP:25% SPREAD:0.04693733% BID:0.4261 ASK:0.4263 MID:0.4262 P1:0.4262 P2:0.4262 P3:0.42615 P4:0.42635 STATE:IDLE
[2026-05-11 15:03:34Z] CHK MOM:-0.15% RANGE:0.16% UP:18.75% SPREAD:0.04693733% BID:0.4261 ASK:0.4263 MID:0.4262 P1:0.4262 P2:0.4262 P3:0.4262 P4:0.42615 STATE:IDLE
[2026-05-11 15:03:35Z] CHK MOM:-0.15% RANGE:0.16% UP:18.75% SPREAD:0.04693733% BID:0.4261 ASK:0.4263 MID:0.4262 P1:0.4262 P2:0.4262 P3:0.4262 P4:0.42615 STATE:IDLE
[2026-05-11 15:03:35Z] CHK MOM:-0.15% RANGE:0.16% UP:18.75% SPREAD:0.04693733% BID:0.4261 ASK:0.4263 MID:0.4262 P1:0.4262 P2:0.4262 P3:0.4262 P4:0.42615 STATE:IDLE
[2026-05-11 15:03:36Z] CHK MOM:-0.07% RANGE:0.14% UP:30.76% SPREAD:0.02345215% BID:0.4264 ASK:0.4265 MID:0.42645 P1:0.42645 P2:0.4262 P3:0.4262 P4:0.4262 STATE:IDLE
[2026-05-11 15:03:36Z] CHK MOM:-0.07% RANGE:0.14% UP:28.57% SPREAD:0.02345215% BID:0.4264 ASK:0.4265 MID:0.42645 P1:0.42645 P2:0.42645 P3:0.4262 P4:0.4262 STATE:IDLE
[2026-05-11 15:03:37Z] CHK MOM:-0.03% RANGE:0.09% UP:28.57% SPREAD:0.02345765% BID:0.4263 ASK:0.4264 MID:0.42635 P1:0.42635 P2:0.42645 P3:0.42645 P4:0.4262 STATE:IDLE
[2026-05-11 15:03:37Z] CHK MOM:-0.03% RANGE:0.09% UP:28.57% SPREAD:0.02345765% BID:0.4263 ASK:0.4264 MID:0.42635 P1:0.42635 P2:0.42645 P3:0.42645 P4:0.4262 STATE:IDLE
[2026-05-11 15:03:38Z] CHK MOM:-0.02% RANGE:0.09% UP:38.46% SPREAD:0.04691531% BID:0.4263 ASK:0.4265 MID:0.4264 P1:0.4264 P2:0.42635 P3:0.42645 P4:0.42645 STATE:IDLE
[2026-05-11 15:03:38Z] CHK MOM:-0.02% RANGE:0.09% UP:38.46% SPREAD:0.04691531% BID:0.4263 ASK:0.4265 MID:0.4264 P1:0.4264 P2:0.42635 P3:0.42645 P4:0.42645 STATE:IDLE
[2026-05-11 15:03:39Z] CHK MOM:-0.02% RANGE:0.09% UP:38.46% SPREAD:0.04691531% BID:0.4263 ASK:0.4265 MID:0.4264 P1:0.4264 P2:0.42635 P3:0.42645 P4:0.42645 STATE:IDLE
[2026-05-11 15:03:40Z] CHK MOM:-0.04% RANGE:0.09% UP:33.33% SPREAD:0.02346316% BID:0.4262 ASK:0.4263 MID:0.42625 P1:0.42625 P2:0.4264 P3:0.42635 P4:0.42645 STATE:IDLE
[2026-05-11 15:03:40Z] CHK MOM:-0.04% RANGE:0.09% UP:33.33% SPREAD:0.02345765% BID:0.4263 ASK:0.4264 MID:0.42635 P1:0.42635 P2:0.42625 P3:0.4264 P4:0.42635 STATE:IDLE
[2026-05-11 15:03:41Z] CHK MOM:-0.03% RANGE:0.07% UP:33.33% SPREAD:0.04692632% BID:0.4262 ASK:0.4264 MID:0.4263 P1:0.4263 P2:0.42635 P3:0.42625 P4:0.4264 STATE:IDLE
[2026-05-11 15:03:41Z] CHK MOM:-0.04% RANGE:0.07% UP:30.76% SPREAD:0.02346316% BID:0.4262 ASK:0.4263 MID:0.42625 P1:0.42625 P2:0.4263 P3:0.42635 P4:0.42625 STATE:IDLE
[2026-05-11 15:03:42Z] CHK MOM:-0.04% RANGE:0.07% UP:30.76% SPREAD:0.02346316% BID:0.4262 ASK:0.4263 MID:0.42625 P1:0.42625 P2:0.4263 P3:0.42635 P4:0.42625 STATE:IDLE
[2026-05-11 15:03:42Z] CHK MOM:-0.04% RANGE:0.07% UP:30.76% SPREAD:0.02346316% BID:0.4262 ASK:0.4263 MID:0.42625 P1:0.42625 P2:0.4263 P3:0.42635 P4:0.42625 STATE:IDLE
[2026-05-11 15:03:43Z] CHK MOM:-0.04% RANGE:0.07% UP:30.76% SPREAD:0.02346316% BID:0.4262 ASK:0.4263 MID:0.42625 P1:0.42625 P2:0.4263 P3:0.42635 P4:0.42625 STATE:IDLE
[2026-05-11 15:03:43Z] CHK MOM:0.02% RANGE:0.07% UP:33.33% SPREAD:0.02346316% BID:0.4262 ASK:0.4263 MID:0.42625 P1:0.42625 P2:0.42625 P3:0.4263 P4:0.42635 STATE:IDLE
[2026-05-11 15:03:44Z] CHK MOM:0.03% RANGE:0.07% UP:38.46% SPREAD:0.04692632% BID:0.4262 ASK:0.4264 MID:0.4263 P1:0.4263 P2:0.42625 P3:0.42625 P4:0.4263 STATE:IDLE
[2026-05-11 15:03:45Z] CHK MOM:0.04% RANGE:0.07% UP:42.85% SPREAD:0.02345765% BID:0.4263 ASK:0.4264 MID:0.42635 P1:0.42635 P2:0.4263 P3:0.42625 P4:0.42625 STATE:IDLE
[2026-05-11 15:03:45Z] CHK MOM:0.04% RANGE:0.05% UP:42.85% SPREAD:0.04691531% BID:0.4263 ASK:0.4265 MID:0.4264 P1:0.4264 P2:0.42635 P3:0.4263 P4:0.42625 STATE:IDLE
[2026-05-11 15:03:46Z] CHK MOM:-0.05% RANGE:0.05% UP:41.66% SPREAD:0.04693733% BID:0.4261 ASK:0.4263 MID:0.4262 P1:0.4262 P2:0.4264 P3:0.42635 P4:0.4263 STATE:IDLE
[2026-05-11 15:03:46Z] CHK MOM:-0.05% RANGE:0.05% UP:41.66% SPREAD:0.04693733% BID:0.4261 ASK:0.4263 MID:0.4262 P1:0.4262 P2:0.4264 P3:0.42635 P4:0.4263 STATE:IDLE
[2026-05-11 15:03:47Z] CHK MOM:-0.07% RANGE:0.07% UP:38.46% SPREAD:0.02346866% BID:0.4261 ASK:0.4262 MID:0.42615 P1:0.42615 P2:0.4262 P3:0.4264 P4:0.42635 STATE:IDLE
[2026-05-11 15:03:47Z] CHK MOM:-0.05% RANGE:0.07% UP:42.85% SPREAD:0.04693733% BID:0.4261 ASK:0.4263 MID:0.4262 P1:0.4262 P2:0.42615 P3:0.4262 P4:0.4264 STATE:IDLE
[2026-05-11 15:03:48Z] CHK MOM:-0.02% RANGE:0.07% UP:46.66% SPREAD:0.02345765% BID:0.4263 ASK:0.4264 MID:0.42635 P1:0.42635 P2:0.4262 P3:0.42615 P4:0.4262 STATE:IDLE
[2026-05-11 15:03:48Z] CHK MOM:-0.01% RANGE:0.07% UP:53.33% SPREAD:0.04691531% BID:0.4263 ASK:0.4265 MID:0.4264 P1:0.4264 P2:0.42635 P3:0.4262 P4:0.42615 STATE:IDLE
[2026-05-11 15:03:49Z] CHK MOM:0% RANGE:0.05% UP:50% SPREAD:0.04691531% BID:0.4263 ASK:0.4265 MID:0.4264 P1:0.4264 P2:0.4264 P3:0.42635 P4:0.4262 STATE:IDLE
[2026-05-11 15:03:50Z] CHK MOM:0.02% RANGE:0.08% UP:53.33% SPREAD:0.04690431% BID:0.4264 ASK:0.4266 MID:0.4265 P1:0.4265 P2:0.4264 P3:0.4264 P4:0.42635 STATE:IDLE
[2026-05-11 15:03:50Z] CHK MOM:0.08% RANGE:0.1% UP:60% SPREAD:0.04689331% BID:0.4265 ASK:0.4267 MID:0.4266 P1:0.4266 P2:0.4265 P3:0.4264 P4:0.4264 STATE:IDLE
[2026-05-11 15:03:51Z] CHK MOM:0.07% RANGE:0.1% UP:56.25% SPREAD:0.02344665% BID:0.4265 ASK:0.4266 MID:0.42655 P1:0.42655 P2:0.4266 P3:0.4265 P4:0.4264 STATE:IDLE
[2026-05-11 15:03:51Z] CHK MOM:0.08% RANGE:0.1% UP:58.82% SPREAD:0.04689331% BID:0.4265 ASK:0.4267 MID:0.4266 P1:0.4266 P2:0.42655 P3:0.4266 P4:0.4265 STATE:IDLE
[2026-05-11 15:03:52Z] CHK MOM:0.07% RANGE:0.11% UP:58.82% SPREAD:0.02344116% BID:0.4266 ASK:0.4267 MID:0.42665 P1:0.42665 P2:0.4266 P3:0.42655 P4:0.4266 STATE:IDLE
[2026-05-11 15:03:52Z] CHK MOM:0.07% RANGE:0.11% UP:55.55% SPREAD:0.02344116% BID:0.4266 ASK:0.4267 MID:0.42665 P1:0.42665 P2:0.42665 P3:0.4266 P4:0.42655 STATE:IDLE
[2026-05-11 15:03:53Z] CHK MOM:0.1% RANGE:0.12% UP:64.7% SPREAD:0.04688232% BID:0.4266 ASK:0.4268 MID:0.42669999 P1:0.42669999 P2:0.42665 P3:0.42665 P4:0.4266 STATE:IDLE
[2026-05-11 15:03:53Z] CHK MOM:-0.04% RANGE:0.15% UP:64.7% SPREAD:0.02347417% BID:0.426 ASK:0.4261 MID:0.42605 P1:0.42605 P2:0.42669999 P3:0.42665 P4:0.42665 STATE:IDLE
[2026-05-11 15:03:54Z] CHK MOM:-0.04% RANGE:0.15% UP:61.11% SPREAD:0.02347417% BID:0.426 ASK:0.4261 MID:0.42605 P1:0.42605 P2:0.42605 P3:0.42669999 P4:0.42665 STATE:IDLE
[2026-05-11 15:03:54Z] CHK MOM:-0.04% RANGE:0.15% UP:61.11% SPREAD:0.02347417% BID:0.426 ASK:0.4261 MID:0.42605 P1:0.42605 P2:0.42605 P3:0.42669999 P4:0.42665 STATE:IDLE
[2026-05-11 15:03:55Z] CHK MOM:-0.04% RANGE:0.15% UP:61.11% SPREAD:0.02347417% BID:0.426 ASK:0.4261 MID:0.42605 P1:0.42605 P2:0.42605 P3:0.42669999 P4:0.42665 STATE:IDLE
[2026-05-11 15:03:56Z] CHK MOM:-0.03% RANGE:0.15% UP:63.15% SPREAD:0.04694835% BID:0.426 ASK:0.4262 MID:0.4261 P1:0.4261 P2:0.42605 P3:0.42605 P4:0.42669999 STATE:IDLE
[2026-05-11 15:03:56Z] CHK MOM:-0.01% RANGE:0.15% UP:58.82% SPREAD:0.02345765% BID:0.4263 ASK:0.4264 MID:0.42635 P1:0.42635 P2:0.4261 P3:0.42605 P4:0.42605 STATE:IDLE
[2026-05-11 15:03:57Z] CHK MOM:-0.01% RANGE:0.15% UP:58.82% SPREAD:0.02345765% BID:0.4263 ASK:0.4264 MID:0.42635 P1:0.42635 P2:0.4261 P3:0.42605 P4:0.42605 STATE:IDLE
[2026-05-11 15:03:57Z] CHK MOM:0.02% RANGE:0.15% UP:58.82% SPREAD:0.04692632% BID:0.4262 ASK:0.4264 MID:0.4263 P1:0.4263 P2:0.42635 P3:0.4261 P4:0.42605 STATE:IDLE
[2026-05-11 15:03:58Z] CHK MOM:0.03% RANGE:0.15% UP:61.11% SPREAD:0.02345765% BID:0.4263 ASK:0.4264 MID:0.42635 P1:0.42635 P2:0.4263 P3:0.42635 P4:0.4261 STATE:IDLE
[2026-05-11 15:03:58Z] CHK MOM:0.05% RANGE:0.15% UP:66.66% SPREAD:0.04691531% BID:0.4263 ASK:0.4265 MID:0.4264 P1:0.4264 P2:0.42635 P3:0.4263 P4:0.42635 STATE:IDLE
[2026-05-11 15:03:59Z] CHK MOM:0.07% RANGE:0.15% UP:66.66% SPREAD:0.04690431% BID:0.4264 ASK:0.4266 MID:0.4265 P1:0.4265 P2:0.4264 P3:0.42635 P4:0.4263 STATE:IDLE
[2026-05-11 15:03:59Z] CHK MOM:0.07% RANGE:0.15% UP:66.66% SPREAD:0.04690431% BID:0.4264 ASK:0.4266 MID:0.4265 P1:0.4265 P2:0.4264 P3:0.42635 P4:0.4263 STATE:IDLE
[2026-05-11 15:04:00Z] CHK MOM:0.07% RANGE:0.15% UP:66.66% SPREAD:0.04690431% BID:0.4264 ASK:0.4266 MID:0.4265 P1:0.4265 P2:0.4264 P3:0.42635 P4:0.4263 STATE:IDLE
[2026-05-11 15:04:01Z] CHK MOM:0.05% RANGE:0.15% UP:68.75% SPREAD:0.02344116% BID:0.4266 ASK:0.4267 MID:0.42665 P1:0.42665 P2:0.4265 P3:0.4264 P4:0.42635 STATE:IDLE
[2026-05-11 15:04:01Z] CHK MOM:0.01% RANGE:0.15% UP:60% SPREAD:0.02344116% BID:0.4266 ASK:0.4267 MID:0.42665 P1:0.42665 P2:0.42665 P3:0.4265 P4:0.4264 STATE:IDLE
[2026-05-11 15:04:02Z] CHK MOM:0.02% RANGE:0.15% UP:62.5% SPREAD:0.04688232% BID:0.4266 ASK:0.4268 MID:0.42669999 P1:0.42669999 P2:0.42665 P3:0.42665 P4:0.4265 STATE:IDLE
[2026-05-11 15:04:02Z] CHK MOM:0.03% RANGE:0.15% UP:62.5% SPREAD:0.04688232% BID:0.4266 ASK:0.4268 MID:0.42669999 P1:0.42669999 P2:0.42669999 P3:0.42665 P4:0.42665 STATE:IDLE
[2026-05-11 15:04:03Z] CHK MOM:0.01% RANGE:0.15% UP:56.25% SPREAD:0.02344116% BID:0.4266 ASK:0.4267 MID:0.42665 P1:0.42665 P2:0.42669999 P3:0.42669999 P4:0.42665 STATE:IDLE
[2026-05-11 15:04:03Z] CHK MOM:-0.03% RANGE:0.15% UP:50% SPREAD:0.04690431% BID:0.4264 ASK:0.4266 MID:0.4265 P1:0.4265 P2:0.42665 P3:0.42669999 P4:0.42669999 STATE:IDLE
[2026-05-11 15:04:04Z] CHK MOM:-0.03% RANGE:0.15% UP:50% SPREAD:0.04690431% BID:0.4264 ASK:0.4266 MID:0.4265 P1:0.4265 P2:0.4265 P3:0.42665 P4:0.42669999 STATE:IDLE
[2026-05-11 15:04:04Z] CHK MOM:-0.03% RANGE:0.15% UP:47.05% SPREAD:0.04690431% BID:0.4264 ASK:0.4266 MID:0.4265 P1:0.4265 P2:0.4265 P3:0.4265 P4:0.42665 STATE:IDLE
[2026-05-11 15:04:05Z] CHK MOM:-0.03% RANGE:0.15% UP:47.05% SPREAD:0.04690431% BID:0.4264 ASK:0.4266 MID:0.4265 P1:0.4265 P2:0.4265 P3:0.4265 P4:0.42665 STATE:IDLE
[2026-05-11 15:04:05Z] CHK MOM:0.15% RANGE:0.15% UP:50% SPREAD:0.04688232% BID:0.4266 ASK:0.4268 MID:0.42669999 P1:0.42669999 P2:0.4265 P3:0.4265 P4:0.4265 STATE:IDLE
[2026-05-11 15:04:06Z] CHK MOM:0.15% RANGE:0.15% UP:50% SPREAD:0.04688232% BID:0.4266 ASK:0.4268 MID:0.42669999 P1:0.42669999 P2:0.42669999 P3:0.4265 P4:0.4265 STATE:IDLE
[2026-05-11 15:04:07Z] CHK MOM:0.14% RANGE:0.14% UP:43.75% SPREAD:0.04688232% BID:0.4266 ASK:0.4268 MID:0.42669999 P1:0.42669999 P2:0.42669999 P3:0.42669999 P4:0.4265 STATE:IDLE
[2026-05-11 15:04:07Z] CHK MOM:0.1% RANGE:0.11% UP:43.75% SPREAD:0.04687133% BID:0.4267 ASK:0.4269 MID:0.4268 P1:0.4268 P2:0.42669999 P3:0.42669999 P4:0.42669999 STATE:IDLE
[2026-05-11 15:04:08Z] CHK MOM:0.1% RANGE:0.11% UP:41.17% SPREAD:0.04687133% BID:0.4267 ASK:0.4269 MID:0.4268 P1:0.4268 P2:0.4268 P3:0.42669999 P4:0.42669999 STATE:IDLE
[2026-05-11 15:04:08Z] CHK MOM:0.12% RANGE:0.14% UP:44.44% SPREAD:0.04686035% BID:0.4268 ASK:0.427 MID:0.4269 P1:0.4269 P2:0.4268 P3:0.4268 P4:0.42669999 STATE:IDLE
[2026-05-11 15:04:09Z] CHK MOM:0.12% RANGE:0.14% UP:44.44% SPREAD:0.04686035% BID:0.4268 ASK:0.427 MID:0.4269 P1:0.4269 P2:0.4268 P3:0.4268 P4:0.42669999 STATE:IDLE
[2026-05-11 15:04:09Z] CHK MOM:0.11% RANGE:0.12% UP:41.17% SPREAD:0.02343017% BID:0.4268 ASK:0.4269 MID:0.42685 P1:0.42685 P2:0.4269 P3:0.4268 P4:0.4268 STATE:IDLE
[2026-05-11 15:04:10Z] CHK MOM:0.11% RANGE:0.11% UP:41.17% SPREAD:0.04686035% BID:0.4268 ASK:0.427 MID:0.4269 P1:0.4269 P2:0.42685 P3:0.4269 P4:0.4268 STATE:IDLE
[2026-05-11 15:04:10Z] CHK MOM:0.02% RANGE:0.09% UP:35.29% SPREAD:0.04689331% BID:0.4265 ASK:0.4267 MID:0.4266 P1:0.4266 P2:0.4269 P3:0.42685 P4:0.4269 STATE:IDLE
[2026-05-11 15:04:11Z] CHK MOM:-0.08% RANGE:0.14% UP:29.41% SPREAD:0.04692632% BID:0.4262 ASK:0.4264 MID:0.4263 P1:0.4263 P2:0.4266 P3:0.4269 P4:0.42685 STATE:IDLE
[2026-05-11 15:04:12Z] CHK MOM:-0.05% RANGE:0.14% UP:33.33% SPREAD:0.04691531% BID:0.4263 ASK:0.4265 MID:0.4264 P1:0.4264 P2:0.4263 P3:0.4266 P4:0.4269 STATE:IDLE
[2026-05-11 15:04:12Z] CHK MOM:-0.05% RANGE:0.14% UP:33.33% SPREAD:0.04691531% BID:0.4263 ASK:0.4265 MID:0.4264 P1:0.4264 P2:0.4263 P3:0.4266 P4:0.4269 STATE:IDLE
[2026-05-11 15:04:13Z] CHK MOM:-0.03% RANGE:0.14% UP:38.88% SPREAD:0.04690431% BID:0.4264 ASK:0.4266 MID:0.4265 P1:0.4265 P2:0.4264 P3:0.4263 P4:0.4266 STATE:IDLE
[2026-05-11 15:04:13Z] CHK MOM:-0.03% RANGE:0.14% UP:38.88% SPREAD:0.04690431% BID:0.4264 ASK:0.4266 MID:0.4265 P1:0.4265 P2:0.4264 P3:0.4263 P4:0.4266 STATE:IDLE
[2026-05-11 15:04:14Z] CHK MOM:-0.03% RANGE:0.14% UP:38.88% SPREAD:0.04690431% BID:0.4264 ASK:0.4266 MID:0.4265 P1:0.4265 P2:0.4264 P3:0.4263 P4:0.4266 STATE:IDLE
[2026-05-11 15:04:14Z] CHK MOM:-0.03% RANGE:0.14% UP:38.88% SPREAD:0.04690431% BID:0.4264 ASK:0.4266 MID:0.4265 P1:0.4265 P2:0.4264 P3:0.4263 P4:0.4266 STATE:IDLE
[2026-05-11 15:04:15Z] CHK MOM:-0.03% RANGE:0.14% UP:38.88% SPREAD:0.04690431% BID:0.4264 ASK:0.4266 MID:0.4265 P1:0.4265 P2:0.4264 P3:0.4263 P4:0.4266 STATE:IDLE
[2026-05-11 15:04:15Z] CHK MOM:0% RANGE:0.14% UP:42.85% SPREAD:0.04690431% BID:0.4264 ASK:0.4266 MID:0.4265 P1:0.4265 P2:0.4265 P3:0.4264 P4:0.4263 STATE:IDLE
[2026-05-11 15:04:16Z] CHK MOM:0.02% RANGE:0.14% UP:50% SPREAD:0.04689331% BID:0.4265 ASK:0.4267 MID:0.4266 P1:0.4266 P2:0.4265 P3:0.4265 P4:0.4264 STATE:IDLE
[2026-05-11 15:04:17Z] CHK MOM:0.02% RANGE:0.14% UP:50% SPREAD:0.04689331% BID:0.4265 ASK:0.4267 MID:0.4266 P1:0.4266 P2:0.4265 P3:0.4265 P4:0.4264 STATE:IDLE
[2026-05-11 15:04:17Z] CHK MOM:0.02% RANGE:0.14% UP:50% SPREAD:0.04689331% BID:0.4265 ASK:0.4267 MID:0.4266 P1:0.4266 P2:0.4265 P3:0.4265 P4:0.4264 STATE:IDLE
[2026-05-11 15:04:18Z] CHK MOM:0.02% RANGE:0.14% UP:50% SPREAD:0.04689331% BID:0.4265 ASK:0.4267 MID:0.4266 P1:0.4266 P2:0.4265 P3:0.4265 P4:0.4264 STATE:IDLE
[2026-05-11 15:04:18Z] CHK MOM:0.02% RANGE:0.14% UP:50% SPREAD:0.04689331% BID:0.4265 ASK:0.4267 MID:0.4266 P1:0.4266 P2:0.4265 P3:0.4265 P4:0.4264 STATE:IDLE
[2026-05-11 15:04:20Z] CHK MOM:-0.08% RANGE:0.14% UP:44.44% SPREAD:0.02344665% BID:0.4265 ASK:0.4266 MID:0.42655 P1:0.42655 P2:0.4266 P3:0.4265 P4:0.4265 STATE:IDLE
[2026-05-11 15:04:20Z] CHK MOM:-0.08% RANGE:0.14% UP:44.44% SPREAD:0.02344665% BID:0.4265 ASK:0.4266 MID:0.42655 P1:0.42655 P2:0.4266 P3:0.4265 P4:0.4265 STATE:IDLE
[2026-05-11 15:04:21Z] CHK MOM:-0.09% RANGE:0.14% UP:44.44% SPREAD:0.02345215% BID:0.4264 ASK:0.4265 MID:0.42645 P1:0.42645 P2:0.42655 P3:0.4266 P4:0.4265 STATE:IDLE
[2026-05-11 15:04:22Z] CHK MOM:-0.09% RANGE:0.14% UP:44.44% SPREAD:0.02345215% BID:0.4264 ASK:0.4265 MID:0.42645 P1:0.42645 P2:0.42655 P3:0.4266 P4:0.4265 STATE:IDLE
[2026-05-11 15:04:22Z] CHK MOM:-0.04% RANGE:0.07% UP:37.5% SPREAD:0.04691531% BID:0.4263 ASK:0.4265 MID:0.4264 P1:0.4264 P2:0.42645 P3:0.42655 P4:0.4266 STATE:IDLE
[2026-05-11 15:04:23Z] CHK MOM:-0.04% RANGE:0.07% UP:37.5% SPREAD:0.04691531% BID:0.4263 ASK:0.4265 MID:0.4264 P1:0.4264 P2:0.42645 P3:0.42655 P4:0.4266 STATE:IDLE
[2026-05-11 15:04:23Z] CHK MOM:-0.04% RANGE:0.07% UP:37.5% SPREAD:0.04691531% BID:0.4263 ASK:0.4265 MID:0.4264 P1:0.4264 P2:0.42645 P3:0.42655 P4:0.4266 STATE:IDLE
[2026-05-11 15:04:24Z] CHK MOM:-0.04% RANGE:0.07% UP:37.5% SPREAD:0.04691531% BID:0.4263 ASK:0.4265 MID:0.4264 P1:0.4264 P2:0.42645 P3:0.42655 P4:0.4266 STATE:IDLE
[2026-05-11 15:04:24Z] CHK MOM:-0.03% RANGE:0.05% UP:16.66% SPREAD:0.02345765% BID:0.4263 ASK:0.4264 MID:0.42635 P1:0.42635 P2:0.4264 P3:0.42645 P4:0.42655 STATE:IDLE
[2026-05-11 15:04:25Z] CHK MOM:-0.05% RANGE:0.08% UP:16.66% SPREAD:0.02346316% BID:0.4262 ASK:0.4263 MID:0.42625 P1:0.42625 P2:0.42635 P3:0.4264 P4:0.42645 STATE:IDLE
[2026-05-11 15:04:25Z] CHK MOM:-0.08% RANGE:0.1% UP:14.28% SPREAD:0.02346866% BID:0.4261 ASK:0.4262 MID:0.42615 P1:0.42615 P2:0.42625 P3:0.42635 P4:0.4264 STATE:IDLE
[2026-05-11 15:04:26Z] CHK MOM:-0.08% RANGE:0.1% UP:12.5% SPREAD:0.02346866% BID:0.4261 ASK:0.4262 MID:0.42615 P1:0.42615 P2:0.42615 P3:0.42625 P4:0.42635 STATE:IDLE
[2026-05-11 15:04:26Z] CHK MOM:-0.07% RANGE:0.1% UP:22.22% SPREAD:0.04693733% BID:0.4261 ASK:0.4263 MID:0.4262 P1:0.4262 P2:0.42615 P3:0.42615 P4:0.42625 STATE:IDLE
[2026-05-11 15:04:27Z] CHK MOM:-0.07% RANGE:0.1% UP:22.22% SPREAD:0.04693733% BID:0.4261 ASK:0.4263 MID:0.4262 P1:0.4262 P2:0.42615 P3:0.42615 P4:0.42625 STATE:IDLE
[2026-05-11 15:04:28Z] CHK MOM:-0.04% RANGE:0.1% UP:30% SPREAD:0.04692632% BID:0.4262 ASK:0.4264 MID:0.4263 P1:0.4263 P2:0.4262 P3:0.42615 P4:0.42615 STATE:IDLE
[2026-05-11 15:04:28Z] CHK MOM:-0.01% RANGE:0.09% UP:33.33% SPREAD:0.04690431% BID:0.4264 ASK:0.4266 MID:0.4265 P1:0.4265 P2:0.4263 P3:0.4262 P4:0.42615 STATE:IDLE
[2026-05-11 15:04:29Z] CHK MOM:-0.02% RANGE:0.09% UP:30% SPREAD:0.02345215% BID:0.4264 ASK:0.4265 MID:0.42645 P1:0.42645 P2:0.4265 P3:0.4263 P4:0.4262 STATE:IDLE
[2026-05-11 15:04:29Z] CHK MOM:-0.02% RANGE:0.09% UP:27.27% SPREAD:0.02345215% BID:0.4264 ASK:0.4265 MID:0.42645 P1:0.42645 P2:0.42645 P3:0.4265 P4:0.4263 STATE:IDLE
[2026-05-11 15:04:30Z] CHK MOM:0% RANGE:0.09% UP:33.33% SPREAD:0.02344665% BID:0.4265 ASK:0.4266 MID:0.42655 P1:0.42655 P2:0.42645 P3:0.42645 P4:0.4265 STATE:IDLE
[2026-05-11 15:04:30Z] CHK MOM:0.01% RANGE:0.1% UP:38.46% SPREAD:0.04689331% BID:0.4265 ASK:0.4267 MID:0.4266 P1:0.4266 P2:0.42655 P3:0.42645 P4:0.42645 STATE:IDLE
[2026-05-11 15:04:31Z] CHK MOM:0.01% RANGE:0.1% UP:38.46% SPREAD:0.04689331% BID:0.4265 ASK:0.4267 MID:0.4266 P1:0.4266 P2:0.42655 P3:0.42645 P4:0.42645 STATE:IDLE
[2026-05-11 15:04:31Z] CHK MOM:-0.01% RANGE:0.1% UP:35.71% SPREAD:0.04690431% BID:0.4264 ASK:0.4266 MID:0.4265 P1:0.4265 P2:0.4266 P3:0.42655 P4:0.42645 STATE:IDLE
[2026-05-11 15:04:32Z] CHK MOM:-0.01% RANGE:0.1% UP:33.33% SPREAD:0.04690431% BID:0.4264 ASK:0.4266 MID:0.4265 P1:0.4265 P2:0.4265 P3:0.4266 P4:0.42655 STATE:IDLE
[2026-05-11 15:04:33Z] CHK MOM:-0.01% RANGE:0.1% UP:33.33% SPREAD:0.04690431% BID:0.4264 ASK:0.4266 MID:0.4265 P1:0.4265 P2:0.4265 P3:0.4266 P4:0.42655 STATE:IDLE
[2026-05-11 15:04:33Z] CHK MOM:0.02% RANGE:0.1% UP:35.71% SPREAD:0.04690431% BID:0.4264 ASK:0.4266 MID:0.4265 P1:0.4265 P2:0.4265 P3:0.4265 P4:0.4266 STATE:IDLE
[2026-05-11 15:04:34Z] CHK MOM:0.01% RANGE:0.1% UP:33.33% SPREAD:0.02345215% BID:0.4264 ASK:0.4265 MID:0.42645 P1:0.42645 P2:0.4265 P3:0.4265 P4:0.4265 STATE:IDLE
[2026-05-11 15:04:34Z] CHK MOM:0.02% RANGE:0.1% UP:37.5% SPREAD:0.04690431% BID:0.4264 ASK:0.4266 MID:0.4265 P1:0.4265 P2:0.42645 P3:0.4265 P4:0.4265 STATE:IDLE
[2026-05-11 15:04:35Z] CHK MOM:0.02% RANGE:0.1% UP:37.5% SPREAD:0.02345215% BID:0.4264 ASK:0.4265 MID:0.42645 P1:0.42645 P2:0.4265 P3:0.42645 P4:0.4265 STATE:IDLE
[2026-05-11 15:04:35Z] CHK MOM:0.02% RANGE:0.1% UP:37.5% SPREAD:0.02345215% BID:0.4264 ASK:0.4265 MID:0.42645 P1:0.42645 P2:0.4265 P3:0.42645 P4:0.4265 STATE:IDLE
[2026-05-11 15:04:36Z] CHK MOM:0.02% RANGE:0.1% UP:37.5% SPREAD:0.02345215% BID:0.4264 ASK:0.4265 MID:0.42645 P1:0.42645 P2:0.4265 P3:0.42645 P4:0.4265 STATE:IDLE
[2026-05-11 15:04:36Z] CHK MOM:0.02% RANGE:0.1% UP:37.5% SPREAD:0.02345765% BID:0.4263 ASK:0.4264 MID:0.42635 P1:0.42635 P2:0.42645 P3:0.4265 P4:0.42645 STATE:IDLE
[2026-05-11 15:04:37Z] CHK MOM:0.05% RANGE:0.1% UP:43.75% SPREAD:0.04691531% BID:0.4263 ASK:0.4265 MID:0.4264 P1:0.4264 P2:0.42635 P3:0.42645 P4:0.4265 STATE:IDLE
[2026-05-11 15:04:37Z] CHK MOM:0.07% RANGE:0.1% UP:47.05% SPREAD:0.02345215% BID:0.4264 ASK:0.4265 MID:0.42645 P1:0.42645 P2:0.4264 P3:0.42635 P4:0.42645 STATE:IDLE
[2026-05-11 15:04:38Z] CHK MOM:0.07% RANGE:0.1% UP:47.05% SPREAD:0.02345215% BID:0.4264 ASK:0.4265 MID:0.42645 P1:0.42645 P2:0.4264 P3:0.42635 P4:0.42645 STATE:IDLE
[2026-05-11 15:04:39Z] CHK MOM:0.03% RANGE:0.07% UP:40% SPREAD:0.02345215% BID:0.4264 ASK:0.4265 MID:0.42645 P1:0.42645 P2:0.42645 P3:0.4264 P4:0.42635 STATE:IDLE
[2026-05-11 15:04:39Z] CHK MOM:0% RANGE:0.07% UP:37.5% SPREAD:0.04692632% BID:0.4262 ASK:0.4264 MID:0.4263 P1:0.4263 P2:0.42645 P3:0.42645 P4:0.4264 STATE:IDLE
[2026-05-11 15:04:40Z] CHK MOM:-0.05% RANGE:0.08% UP:31.25% SPREAD:0.02346316% BID:0.4262 ASK:0.4263 MID:0.42625 P1:0.42625 P2:0.4263 P3:0.42645 P4:0.42645 STATE:IDLE
[2026-05-11 15:04:40Z] CHK MOM:-0.03% RANGE:0.08% UP:37.5% SPREAD:0.04692632% BID:0.4262 ASK:0.4264 MID:0.4263 P1:0.4263 P2:0.42625 P3:0.4263 P4:0.42645 STATE:IDLE
[2026-05-11 15:04:41Z] CHK MOM:-0.03% RANGE:0.08% UP:37.5% SPREAD:0.04692632% BID:0.4262 ASK:0.4264 MID:0.4263 P1:0.4263 P2:0.4263 P3:0.42625 P4:0.4263 STATE:IDLE
[2026-05-11 15:04:41Z] CHK MOM:-0.02% RANGE:0.08% UP:41.17% SPREAD:0.02345765% BID:0.4263 ASK:0.4264 MID:0.42635 P1:0.42635 P2:0.4263 P3:0.4263 P4:0.42625 STATE:IDLE
[2026-05-11 15:04:42Z] CHK MOM:-0.04% RANGE:0.08% UP:35.29% SPREAD:0.02345765% BID:0.4263 ASK:0.4264 MID:0.42635 P1:0.42635 P2:0.42635 P3:0.4263 P4:0.4263 STATE:IDLE
[2026-05-11 15:04:42Z] CHK MOM:-0.04% RANGE:0.08% UP:35.29% SPREAD:0.02345765% BID:0.4263 ASK:0.4264 MID:0.42635 P1:0.42635 P2:0.42635 P3:0.4263 P4:0.4263 STATE:IDLE
[2026-05-11 15:04:43Z] CHK MOM:-0.04% RANGE:0.08% UP:35.29% SPREAD:0.02345765% BID:0.4263 ASK:0.4264 MID:0.42635 P1:0.42635 P2:0.42635 P3:0.4263 P4:0.4263 STATE:IDLE
[2026-05-11 15:04:44Z] CHK MOM:-0.04% RANGE:0.08% UP:35.29% SPREAD:0.02345765% BID:0.4263 ASK:0.4264 MID:0.42635 P1:0.42635 P2:0.42635 P3:0.4263 P4:0.4263 STATE:IDLE
[2026-05-11 15:04:44Z] CHK MOM:-0.01% RANGE:0.05% UP:42.85% SPREAD:0.02345215% BID:0.4264 ASK:0.4265 MID:0.42645 P1:0.42645 P2:0.42635 P3:0.42635 P4:0.4263 STATE:IDLE
[2026-05-11 15:04:45Z] CHK MOM:-0.03% RANGE:0.05% UP:40% SPREAD:0.02345765% BID:0.4263 ASK:0.4264 MID:0.42635 P1:0.42635 P2:0.42645 P3:0.42635 P4:0.42635 STATE:IDLE
[2026-05-11 15:04:45Z] CHK MOM:-0.03% RANGE:0.05% UP:40% SPREAD:0.02345765% BID:0.4263 ASK:0.4264 MID:0.42635 P1:0.42635 P2:0.42645 P3:0.42635 P4:0.42635 STATE:IDLE
[2026-05-11 15:04:46Z] CHK MOM:-0.03% RANGE:0.05% UP:40% SPREAD:0.02345765% BID:0.4263 ASK:0.4264 MID:0.42635 P1:0.42635 P2:0.42645 P3:0.42635 P4:0.42635 STATE:IDLE
[2026-05-11 15:04:46Z] CHK MOM:-0.03% RANGE:0.05% UP:40% SPREAD:0.02345765% BID:0.4263 ASK:0.4264 MID:0.42635 P1:0.42635 P2:0.42645 P3:0.42635 P4:0.42635 STATE:IDLE
[2026-05-11 15:04:47Z] CHK MOM:0% RANGE:0.04% UP:41.66% SPREAD:0.02345765% BID:0.4263 ASK:0.4264 MID:0.42635 P1:0.42635 P2:0.42635 P3:0.42645 P4:0.42635 STATE:IDLE
[2026-05-11 15:04:47Z] CHK MOM:0.01% RANGE:0.04% UP:46.15% SPREAD:0.04691531% BID:0.4263 ASK:0.4265 MID:0.4264 P1:0.4264 P2:0.42635 P3:0.42635 P4:0.42645 STATE:IDLE
[2026-05-11 15:04:48Z] CHK MOM:0.02% RANGE:0.04% UP:50% SPREAD:0.02345215% BID:0.4264 ASK:0.4265 MID:0.42645 P1:0.42645 P2:0.4264 P3:0.42635 P4:0.42635 STATE:IDLE
[2026-05-11 15:04:49Z] CHK MOM:0.02% RANGE:0.04% UP:50% SPREAD:0.02345215% BID:0.4264 ASK:0.4265 MID:0.42645 P1:0.42645 P2:0.4264 P3:0.42635 P4:0.42635 STATE:IDLE
[2026-05-11 15:04:49Z] CHK MOM:0% RANGE:0.04% UP:41.66% SPREAD:0.02345215% BID:0.4264 ASK:0.4265 MID:0.42645 P1:0.42645 P2:0.42645 P3:0.4264 P4:0.42635 STATE:IDLE
[2026-05-11 15:04:50Z] CHK MOM:0% RANGE:0.04% UP:41.66% SPREAD:0.02345215% BID:0.4264 ASK:0.4265 MID:0.42645 P1:0.42645 P2:0.42645 P3:0.4264 P4:0.42635 STATE:IDLE
[2026-05-11 15:04:50Z] CHK MOM:0% RANGE:0.04% UP:41.66% SPREAD:0.02345215% BID:0.4264 ASK:0.4265 MID:0.42645 P1:0.42645 P2:0.42645 P3:0.4264 P4:0.42635 STATE:IDLE
[2026-05-11 15:04:51Z] CHK MOM:0.01% RANGE:0.05% UP:46.15% SPREAD:0.04690431% BID:0.4264 ASK:0.4266 MID:0.4265 P1:0.4265 P2:0.42645 P3:0.42645 P4:0.4264 STATE:IDLE
[2026-05-11 15:04:51Z] CHK MOM:0.04% RANGE:0.05% UP:50% SPREAD:0.02345215% BID:0.4264 ASK:0.4265 MID:0.42645 P1:0.42645 P2:0.4265 P3:0.42645 P4:0.42645 STATE:IDLE
[2026-05-11 15:04:52Z] CHK MOM:0.04% RANGE:0.05% UP:50% SPREAD:0.02345215% BID:0.4264 ASK:0.4265 MID:0.42645 P1:0.42645 P2:0.4265 P3:0.42645 P4:0.42645 STATE:IDLE
[2026-05-11 15:04:52Z] CHK MOM:0% RANGE:0.04% UP:45.45% SPREAD:0.04692632% BID:0.4262 ASK:0.4264 MID:0.4263 P1:0.4263 P2:0.42645 P3:0.4265 P4:0.42645 STATE:IDLE
[2026-05-11 15:04:53Z] CHK MOM:-0.01% RANGE:0.05% UP:41.66% SPREAD:0.02346316% BID:0.4262 ASK:0.4263 MID:0.42625 P1:0.42625 P2:0.4263 P3:0.42645 P4:0.4265 STATE:IDLE
[2026-05-11 15:04:53Z] CHK MOM:-0.01% RANGE:0.05% UP:41.66% SPREAD:0.02346316% BID:0.4262 ASK:0.4263 MID:0.42625 P1:0.42625 P2:0.4263 P3:0.42645 P4:0.4265 STATE:IDLE
[2026-05-11 15:04:54Z] CHK MOM:-0.01% RANGE:0.05% UP:41.66% SPREAD:0.02346316% BID:0.4262 ASK:0.4263 MID:0.42625 P1:0.42625 P2:0.4263 P3:0.42645 P4:0.4265 STATE:IDLE
[2026-05-11 15:04:55Z] CHK MOM:-0.05% RANGE:0.07% UP:30% SPREAD:0.04693733% BID:0.4261 ASK:0.4263 MID:0.4262 P1:0.4262 P2:0.42625 P3:0.4263 P4:0.42645 STATE:IDLE
[2026-05-11 15:04:55Z] CHK MOM:-0.03% RANGE:0.07% UP:36.36% SPREAD:0.04692632% BID:0.4262 ASK:0.4264 MID:0.4263 P1:0.4263 P2:0.4262 P3:0.42625 P4:0.4263 STATE:IDLE
[2026-05-11 15:04:56Z] CHK MOM:-0.03% RANGE:0.07% UP:36.36% SPREAD:0.04692632% BID:0.4262 ASK:0.4264 MID:0.4263 P1:0.4263 P2:0.4262 P3:0.42625 P4:0.4263 STATE:IDLE
[2026-05-11 15:04:56Z] CHK MOM:-0.03% RANGE:0.07% UP:36.36% SPREAD:0.04692632% BID:0.4262 ASK:0.4264 MID:0.4263 P1:0.4263 P2:0.4262 P3:0.42625 P4:0.4263 STATE:IDLE
[2026-05-11 15:04:57Z] CHK MOM:0.01% RANGE:0.07% UP:45.45% SPREAD:0.04691531% BID:0.4263 ASK:0.4265 MID:0.4264 P1:0.4264 P2:0.4263 P3:0.4262 P4:0.42625 STATE:IDLE
[2026-05-11 15:04:57Z] CHK MOM:0.01% RANGE:0.07% UP:45.45% SPREAD:0.04691531% BID:0.4263 ASK:0.4265 MID:0.4264 P1:0.4264 P2:0.4263 P3:0.4262 P4:0.42625 STATE:IDLE
[2026-05-11 15:04:58Z] CHK MOM:0% RANGE:0.07% UP:45.45% SPREAD:0.02345765% BID:0.4263 ASK:0.4264 MID:0.42635 P1:0.42635 P2:0.4264 P3:0.4263 P4:0.4262 STATE:IDLE
[2026-05-11 15:04:58Z] CHK MOM:0% RANGE:0.07% UP:41.66% SPREAD:0.02345765% BID:0.4263 ASK:0.4264 MID:0.42635 P1:0.42635 P2:0.42635 P3:0.4264 P4:0.4263 STATE:IDLE
[2026-05-11 15:04:59Z] CHK MOM:-0.01% RANGE:0.07% UP:33.33% SPREAD:0.02345765% BID:0.4263 ASK:0.4264 MID:0.42635 P1:0.42635 P2:0.42635 P3:0.42635 P4:0.4264 STATE:IDLE
[2026-05-11 15:05:00Z] CHK MOM:-0.01% RANGE:0.07% UP:33.33% SPREAD:0.02345765% BID:0.4263 ASK:0.4264 MID:0.42635 P1:0.42635 P2:0.42635 P3:0.42635 P4:0.4264 STATE:IDLE
[2026-05-11 15:05:00Z] CHK MOM:-0.02% RANGE:0.07% UP:27.27% SPREAD:0.02345765% BID:0.4263 ASK:0.4264 MID:0.42635 P1:0.42635 P2:0.42635 P3:0.42635 P4:0.42635 STATE:IDLE
[2026-05-11 15:05:01Z] CHK MOM:-0.07% RANGE:0.08% UP:25% SPREAD:0.02346866% BID:0.4261 ASK:0.4262 MID:0.42615 P1:0.42615 P2:0.42635 P3:0.42635 P4:0.42635 STATE:IDLE
[2026-05-11 15:05:01Z] CHK MOM:-0.1% RANGE:0.1% UP:16.66% SPREAD:0.02347417% BID:0.426 ASK:0.4261 MID:0.42605 P1:0.42605 P2:0.42615 P3:0.42635 P4:0.42635 STATE:IDLE
[2026-05-11 15:05:02Z] CHK MOM:-0.1% RANGE:0.1% UP:15.38% SPREAD:0.02347417% BID:0.426 ASK:0.4261 MID:0.42605 P1:0.42605 P2:0.42605 P3:0.42615 P4:0.42635 STATE:IDLE
[2026-05-11 15:05:02Z] CHK MOM:-0.09% RANGE:0.1% UP:21.42% SPREAD:0.04694835% BID:0.426 ASK:0.4262 MID:0.4261 P1:0.4261 P2:0.42605 P3:0.42605 P4:0.42615 STATE:IDLE
[2026-05-11 15:05:03Z] CHK MOM:-0.09% RANGE:0.09% UP:21.42% SPREAD:0.02347417% BID:0.426 ASK:0.4261 MID:0.42605 P1:0.42605 P2:0.4261 P3:0.42605 P4:0.42605 STATE:IDLE
[2026-05-11 15:05:03Z] CHK MOM:0.03% RANGE:0.09% UP:28.57% SPREAD:0.02345215% BID:0.4264 ASK:0.4265 MID:0.42645 P1:0.42645 P2:0.42605 P3:0.4261 P4:0.42605 STATE:IDLE
[2026-05-11 15:05:04Z] CHK MOM:0.03% RANGE:0.09% UP:26.66% SPREAD:0.02345215% BID:0.4264 ASK:0.4265 MID:0.42645 P1:0.42645 P2:0.42645 P3:0.42605 P4:0.4261 STATE:IDLE
[2026-05-11 15:05:04Z] CHK MOM:0.04% RANGE:0.1% UP:31.25% SPREAD:0.04690431% BID:0.4264 ASK:0.4266 MID:0.4265 P1:0.4265 P2:0.42645 P3:0.42645 P4:0.42605 STATE:IDLE
[2026-05-11 15:05:05Z] CHK MOM:0.05% RANGE:0.1% UP:33.33% SPREAD:0.02345215% BID:0.4264 ASK:0.4265 MID:0.42645 P1:0.42645 P2:0.4265 P3:0.42645 P4:0.42645 STATE:IDLE
[2026-05-11 15:05:06Z] CHK MOM:0.07% RANGE:0.1% UP:37.5% SPREAD:0.04690431% BID:0.4264 ASK:0.4266 MID:0.4265 P1:0.4265 P2:0.42645 P3:0.4265 P4:0.42645 STATE:IDLE
[2026-05-11 15:05:06Z] CHK MOM:0.05% RANGE:0.1% UP:35.29% SPREAD:0.02345215% BID:0.4264 ASK:0.4265 MID:0.42645 P1:0.42645 P2:0.4265 P3:0.42645 P4:0.4265 STATE:IDLE
[2026-05-11 15:05:07Z] CHK MOM:0.05% RANGE:0.1% UP:33.33% SPREAD:0.02345215% BID:0.4264 ASK:0.4265 MID:0.42645 P1:0.42645 P2:0.42645 P3:0.4265 P4:0.42645 STATE:IDLE
[2026-05-11 15:05:07Z] CHK MOM:0.05% RANGE:0.1% UP:33.33% SPREAD:0.02345215% BID:0.4264 ASK:0.4265 MID:0.42645 P1:0.42645 P2:0.42645 P3:0.4265 P4:0.42645 STATE:IDLE
[2026-05-11 15:05:08Z] CHK MOM:0.05% RANGE:0.1% UP:33.33% SPREAD:0.02345215% BID:0.4264 ASK:0.4265 MID:0.42645 P1:0.42645 P2:0.42645 P3:0.4265 P4:0.42645 STATE:IDLE
[2026-05-11 15:05:08Z] CHK MOM:0.03% RANGE:0.11% UP:29.41% SPREAD:0.02344665% BID:0.4265 ASK:0.4266 MID:0.42655 P1:0.42655 P2:0.42645 P3:0.42645 P4:0.4265 STATE:IDLE
[2026-05-11 15:05:09Z] CHK MOM:0.02% RANGE:0.11% UP:29.41% SPREAD:0.02345215% BID:0.4264 ASK:0.4265 MID:0.42645 P1:0.42645 P2:0.42655 P3:0.42645 P4:0.42645 STATE:IDLE
[2026-05-11 15:05:09Z] CHK MOM:0% RANGE:0.11% UP:27.77% SPREAD:0.02345765% BID:0.4263 ASK:0.4264 MID:0.42635 P1:0.42635 P2:0.42645 P3:0.42655 P4:0.42645 STATE:IDLE
[2026-05-11 15:05:10Z] CHK MOM:0.02% RANGE:0.11% UP:31.57% SPREAD:0.02345215% BID:0.4264 ASK:0.4265 MID:0.42645 P1:0.42645 P2:0.42635 P3:0.42645 P4:0.42655 STATE:IDLE
[2026-05-11 15:05:11Z] CHK MOM:0.02% RANGE:0.11% UP:31.57% SPREAD:0.02345215% BID:0.4264 ASK:0.4265 MID:0.42645 P1:0.42645 P2:0.42635 P3:0.42645 P4:0.42655 STATE:IDLE
[2026-05-11 15:05:11Z] CHK MOM:0.02% RANGE:0.11% UP:35.29% SPREAD:0.02345215% BID:0.4264 ASK:0.4265 MID:0.42645 P1:0.42645 P2:0.42645 P3:0.42635 P4:0.42645 STATE:IDLE
[2026-05-11 15:05:12Z] CHK MOM:0.04% RANGE:0.11% UP:38.88% SPREAD:0.02344665% BID:0.4265 ASK:0.4266 MID:0.42655 P1:0.42655 P2:0.42645 P3:0.42645 P4:0.42635 STATE:IDLE
[2026-05-11 15:05:12Z] CHK MOM:0.09% RANGE:0.11% UP:38.88% SPREAD:0.02344665% BID:0.4265 ASK:0.4266 MID:0.42655 P1:0.42655 P2:0.42655 P3:0.42645 P4:0.42645 STATE:IDLE
[2026-05-11 15:05:13Z] CHK MOM:0.08% RANGE:0.11% UP:38.88% SPREAD:0.04691531% BID:0.4263 ASK:0.4265 MID:0.4264 P1:0.4264 P2:0.42655 P3:0.42655 P4:0.42645 STATE:IDLE
[2026-05-11 15:05:13Z] CHK MOM:0.08% RANGE:0.11% UP:38.88% SPREAD:0.04691531% BID:0.4263 ASK:0.4265 MID:0.4264 P1:0.4264 P2:0.42655 P3:0.42655 P4:0.42645 STATE:IDLE
[2026-05-11 15:05:14Z] CHK MOM:0.09% RANGE:0.11% UP:44.44% SPREAD:0.02345215% BID:0.4264 ASK:0.4265 MID:0.42645 P1:0.42645 P2:0.4264 P3:0.42655 P4:0.42655 STATE:IDLE
[2026-05-11 15:05:14Z] CHK MOM:0.09% RANGE:0.11% UP:44.44% SPREAD:0.04690431% BID:0.4264 ASK:0.4266 MID:0.4265 P1:0.4265 P2:0.42645 P3:0.4264 P4:0.42655 STATE:IDLE
[2026-05-11 15:05:15Z] CHK MOM:0.09% RANGE:0.11% UP:44.44% SPREAD:0.04690431% BID:0.4264 ASK:0.4266 MID:0.4265 P1:0.4265 P2:0.42645 P3:0.4264 P4:0.42655 STATE:IDLE
[2026-05-11 15:05:15Z] CHK MOM:0.09% RANGE:0.11% UP:44.44% SPREAD:0.04690431% BID:0.4264 ASK:0.4266 MID:0.4265 P1:0.4265 P2:0.42645 P3:0.4264 P4:0.42655 STATE:IDLE
[2026-05-11 15:05:16Z] CHK MOM:0.09% RANGE:0.11% UP:44.44% SPREAD:0.04690431% BID:0.4264 ASK:0.4266 MID:0.4265 P1:0.4265 P2:0.42645 P3:0.4264 P4:0.42655 STATE:IDLE
[2026-05-11 15:05:17Z] CHK MOM:-0.02% RANGE:0.04% UP:42.85% SPREAD:0.02345765% BID:0.4263 ASK:0.4264 MID:0.42635 P1:0.42635 P2:0.4265 P3:0.42645 P4:0.4264 STATE:IDLE
[2026-05-11 15:05:17Z] CHK MOM:-0.03% RANGE:0.04% UP:35.71% SPREAD:0.02345765% BID:0.4263 ASK:0.4264 MID:0.42635 P1:0.42635 P2:0.42635 P3:0.4265 P4:0.42645 STATE:IDLE
[2026-05-11 15:05:18Z] CHK MOM:-0.03% RANGE:0.04% UP:35.71% SPREAD:0.02345765% BID:0.4263 ASK:0.4264 MID:0.42635 P1:0.42635 P2:0.42635 P3:0.4265 P4:0.42645 STATE:IDLE
[2026-05-11 15:05:18Z] CHK MOM:-0.03% RANGE:0.04% UP:35.71% SPREAD:0.02345765% BID:0.4263 ASK:0.4264 MID:0.42635 P1:0.42635 P2:0.42635 P3:0.4265 P4:0.42645 STATE:IDLE
[2026-05-11 15:05:19Z] CHK MOM:-0.03% RANGE:0.04% UP:35.71% SPREAD:0.02345765% BID:0.4263 ASK:0.4264 MID:0.42635 P1:0.42635 P2:0.42635 P3:0.4265 P4:0.42645 STATE:IDLE
[2026-05-11 15:05:19Z] CHK MOM:-0.03% RANGE:0.04% UP:35.71% SPREAD:0.02345765% BID:0.4263 ASK:0.4264 MID:0.42635 P1:0.42635 P2:0.42635 P3:0.4265 P4:0.42645 STATE:IDLE
[2026-05-11 15:05:20Z] CHK MOM:-0.03% RANGE:0.04% UP:35.71% SPREAD:0.02345765% BID:0.4263 ASK:0.4264 MID:0.42635 P1:0.42635 P2:0.42635 P3:0.4265 P4:0.42645 STATE:IDLE
[2026-05-11 15:05:21Z] CHK MOM:0% RANGE:0.04% UP:45.45% SPREAD:0.02345215% BID:0.4264 ASK:0.4265 MID:0.42645 P1:0.42645 P2:0.42635 P3:0.42635 P4:0.4265 STATE:IDLE
[2026-05-11 15:05:22Z] CHK MOM:0.03% RANGE:0.04% UP:54.54% SPREAD:0.04690431% BID:0.4264 ASK:0.4266 MID:0.4265 P1:0.4265 P2:0.42645 P3:0.42635 P4:0.42635 STATE:IDLE
[2026-05-11 15:05:22Z] CHK MOM:-0.02% RANGE:0.04% UP:50% SPREAD:0.02345765% BID:0.4263 ASK:0.4264 MID:0.42635 P1:0.42635 P2:0.4265 P3:0.42645 P4:0.42635 STATE:IDLE
[2026-05-11 15:05:23Z] CHK MOM:-0.04% RANGE:0.07% UP:45.45% SPREAD:0.02346316% BID:0.4262 ASK:0.4263 MID:0.42625 P1:0.42625 P2:0.42635 P3:0.4265 P4:0.42645 STATE:IDLE
[2026-05-11 15:05:23Z] CHK MOM:-0.04% RANGE:0.07% UP:45.45% SPREAD:0.02345765% BID:0.4263 ASK:0.4264 MID:0.42635 P1:0.42635 P2:0.42625 P3:0.42635 P4:0.4265 STATE:IDLE
[2026-05-11 15:05:24Z] CHK MOM:-0.04% RANGE:0.07% UP:45.45% SPREAD:0.02345765% BID:0.4263 ASK:0.4264 MID:0.42635 P1:0.42635 P2:0.42625 P3:0.42635 P4:0.4265 STATE:IDLE
[2026-05-11 15:05:24Z] CHK MOM:0% RANGE:0.05% UP:60% SPREAD:0.04691531% BID:0.4263 ASK:0.4265 MID:0.4264 P1:0.4264 P2:0.42635 P3:0.42625 P4:0.42635 STATE:IDLE
[2026-05-11 15:05:25Z] CHK MOM:0% RANGE:0.05% UP:60% SPREAD:0.04691531% BID:0.4263 ASK:0.4265 MID:0.4264 P1:0.4264 P2:0.42635 P3:0.42625 P4:0.42635 STATE:IDLE
[2026-05-11 15:05:25Z] CHK MOM:0% RANGE:0.05% UP:60% SPREAD:0.04691531% BID:0.4263 ASK:0.4265 MID:0.4264 P1:0.4264 P2:0.42635 P3:0.42625 P4:0.42635 STATE:IDLE
[2026-05-11 15:05:26Z] CHK MOM:-0.01% RANGE:0.05% UP:55.55% SPREAD:0.02345215% BID:0.4264 ASK:0.4265 MID:0.42645 P1:0.42645 P2:0.4264 P3:0.42635 P4:0.42625 STATE:IDLE
[2026-05-11 15:05:26Z] CHK MOM:0.03% RANGE:0.05% UP:66.66% SPREAD:0.04690431% BID:0.4264 ASK:0.4266 MID:0.4265 P1:0.4265 P2:0.42645 P3:0.4264 P4:0.42635 STATE:IDLE
[2026-05-11 15:05:27Z] CHK MOM:0.02% RANGE:0.05% UP:60% SPREAD:0.02345215% BID:0.4264 ASK:0.4265 MID:0.42645 P1:0.42645 P2:0.4265 P3:0.42645 P4:0.4264 STATE:IDLE
[2026-05-11 15:05:28Z] CHK MOM:0% RANGE:0.05% UP:54.54% SPREAD:0.02345765% BID:0.4263 ASK:0.4264 MID:0.42635 P1:0.42635 P2:0.42645 P3:0.4265 P4:0.42645 STATE:IDLE
[2026-05-11 15:05:28Z] CHK MOM:0% RANGE:0.05% UP:54.54% SPREAD:0.02345765% BID:0.4263 ASK:0.4264 MID:0.42635 P1:0.42635 P2:0.42645 P3:0.4265 P4:0.42645 STATE:IDLE
[2026-05-11 15:05:29Z] CHK MOM:0% RANGE:0.05% UP:50% SPREAD:0.02345765% BID:0.4263 ASK:0.4264 MID:0.42635 P1:0.42635 P2:0.42635 P3:0.42645 P4:0.4265 STATE:IDLE
[2026-05-11 15:05:29Z] CHK MOM:0% RANGE:0.05% UP:50% SPREAD:0.02345765% BID:0.4263 ASK:0.4264 MID:0.42635 P1:0.42635 P2:0.42635 P3:0.42645 P4:0.4265 STATE:IDLE
[2026-05-11 15:05:30Z] CHK MOM:0% RANGE:0.05% UP:50% SPREAD:0.02345765% BID:0.4263 ASK:0.4264 MID:0.42635 P1:0.42635 P2:0.42635 P3:0.42645 P4:0.4265 STATE:IDLE
[2026-05-11 15:05:30Z] CHK MOM:-0.01% RANGE:0.05% UP:54.54% SPREAD:0.04691531% BID:0.4263 ASK:0.4265 MID:0.4264 P1:0.4264 P2:0.42635 P3:0.42635 P4:0.42645 STATE:IDLE
[2026-05-11 15:05:31Z] CHK MOM:-0.01% RANGE:0.05% UP:50% SPREAD:0.04691531% BID:0.4263 ASK:0.4265 MID:0.4264 P1:0.4264 P2:0.4264 P3:0.42635 P4:0.42635 STATE:IDLE
[2026-05-11 15:05:31Z] CHK MOM:-0.02% RANGE:0.05% UP:46.15% SPREAD:0.02345765% BID:0.4263 ASK:0.4264 MID:0.42635 P1:0.42635 P2:0.4264 P3:0.4264 P4:0.42635 STATE:IDLE
[2026-05-11 15:05:32Z] CHK MOM:-0.02% RANGE:0.05% UP:46.15% SPREAD:0.02345765% BID:0.4263 ASK:0.4264 MID:0.42635 P1:0.42635 P2:0.4264 P3:0.4264 P4:0.42635 STATE:IDLE
[2026-05-11 15:05:33Z] CHK MOM:-0.01% RANGE:0.05% UP:50% SPREAD:0.04691531% BID:0.4263 ASK:0.4265 MID:0.4264 P1:0.4264 P2:0.42635 P3:0.4264 P4:0.4264 STATE:IDLE
[2026-05-11 15:05:33Z] CHK MOM:0.02% RANGE:0.05% UP:53.84% SPREAD:0.02345215% BID:0.4264 ASK:0.4265 MID:0.42645 P1:0.42645 P2:0.4264 P3:0.42635 P4:0.4264 STATE:IDLE
[2026-05-11 15:05:34Z] CHK MOM:0.04% RANGE:0.07% UP:57.14% SPREAD:0.02344665% BID:0.4265 ASK:0.4266 MID:0.42655 P1:0.42655 P2:0.42645 P3:0.4264 P4:0.42635 STATE:IDLE
[2026-05-11 15:05:34Z] CHK MOM:0.04% RANGE:0.07% UP:57.14% SPREAD:0.02344665% BID:0.4265 ASK:0.4266 MID:0.42655 P1:0.42655 P2:0.42645 P3:0.4264 P4:0.42635 STATE:IDLE
[2026-05-11 15:05:35Z] CHK MOM:0.05% RANGE:0.07% UP:57.14% SPREAD:0.04690431% BID:0.4264 ASK:0.4266 MID:0.4265 P1:0.4265 P2:0.42655 P3:0.42645 P4:0.4264 STATE:IDLE
[2026-05-11 15:05:35Z] CHK MOM:0.05% RANGE:0.07% UP:57.14% SPREAD:0.04690431% BID:0.4264 ASK:0.4266 MID:0.4265 P1:0.4265 P2:0.42655 P3:0.42645 P4:0.4264 STATE:IDLE
[2026-05-11 15:05:36Z] CHK MOM:0.01% RANGE:0.04% UP:46.15% SPREAD:0.02345215% BID:0.4264 ASK:0.4265 MID:0.42645 P1:0.42645 P2:0.4265 P3:0.42655 P4:0.42645 STATE:IDLE
[2026-05-11 15:05:36Z] CHK MOM:0% RANGE:0.04% UP:38.46% SPREAD:0.02345215% BID:0.4264 ASK:0.4265 MID:0.42645 P1:0.42645 P2:0.42645 P3:0.4265 P4:0.42655 STATE:IDLE
[2026-05-11 15:05:37Z] CHK MOM:-0.01% RANGE:0.04% UP:35.71% SPREAD:0.04691531% BID:0.4263 ASK:0.4265 MID:0.4264 P1:0.4264 P2:0.42645 P3:0.42645 P4:0.4265 STATE:IDLE
[2026-05-11 15:05:38Z] CHK MOM:0% RANGE:0.04% UP:40% SPREAD:0.02345215% BID:0.4264 ASK:0.4265 MID:0.42645 P1:0.42645 P2:0.4264 P3:0.42645 P4:0.42645 STATE:IDLE
[2026-05-11 15:05:38Z] CHK MOM:0% RANGE:0.04% UP:40% SPREAD:0.02345215% BID:0.4264 ASK:0.4265 MID:0.42645 P1:0.42645 P2:0.4264 P3:0.42645 P4:0.42645 STATE:IDLE
[2026-05-11 15:05:39Z] CHK MOM:0% RANGE:0.04% UP:40% SPREAD:0.02345215% BID:0.4264 ASK:0.4265 MID:0.42645 P1:0.42645 P2:0.4264 P3:0.42645 P4:0.42645 STATE:IDLE
[2026-05-11 15:05:39Z] CHK MOM:0% RANGE:0.04% UP:40% SPREAD:0.02345215% BID:0.4264 ASK:0.4265 MID:0.42645 P1:0.42645 P2:0.4264 P3:0.42645 P4:0.42645 STATE:IDLE
[2026-05-11 15:05:40Z] CHK MOM:0% RANGE:0.04% UP:40% SPREAD:0.02345215% BID:0.4264 ASK:0.4265 MID:0.42645 P1:0.42645 P2:0.4264 P3:0.42645 P4:0.42645 STATE:IDLE
[2026-05-11 15:05:40Z] CHK MOM:0.04% RANGE:0.04% UP:50% SPREAD:0.02344665% BID:0.4265 ASK:0.4266 MID:0.42655 P1:0.42655 P2:0.42645 P3:0.4264 P4:0.42645 STATE:IDLE
[2026-05-11 15:05:41Z] CHK MOM:0.02% RANGE:0.04% UP:41.66% SPREAD:0.04690431% BID:0.4264 ASK:0.4266 MID:0.4265 P1:0.4265 P2:0.42655 P3:0.42645 P4:0.4264 STATE:IDLE
[2026-05-11 15:05:41Z] CHK MOM:0.01% RANGE:0.04% UP:38.46% SPREAD:0.02345215% BID:0.4264 ASK:0.4265 MID:0.42645 P1:0.42645 P2:0.4265 P3:0.42655 P4:0.42645 STATE:IDLE
[2026-05-11 15:05:42Z] CHK MOM:0.01% RANGE:0.04% UP:38.46% SPREAD:0.02345215% BID:0.4264 ASK:0.4265 MID:0.42645 P1:0.42645 P2:0.4265 P3:0.42655 P4:0.42645 STATE:IDLE
[2026-05-11 15:05:43Z] CHK MOM:0.02% RANGE:0.04% UP:42.85% SPREAD:0.04690431% BID:0.4264 ASK:0.4266 MID:0.4265 P1:0.4265 P2:0.42645 P3:0.4265 P4:0.42655 STATE:IDLE
[2026-05-11 15:05:43Z] CHK MOM:0.02% RANGE:0.03% UP:41.66% SPREAD:0.04690431% BID:0.4264 ASK:0.4266 MID:0.4265 P1:0.4265 P2:0.4265 P3:0.42645 P4:0.4265 STATE:IDLE
[2026-05-11 15:05:44Z] CHK MOM:0.01% RANGE:0.03% UP:38.46% SPREAD:0.02345215% BID:0.4264 ASK:0.4265 MID:0.42645 P1:0.42645 P2:0.4265 P3:0.4265 P4:0.42645 STATE:IDLE
[2026-05-11 15:05:44Z] CHK MOM:0.01% RANGE:0.03% UP:38.46% SPREAD:0.02345215% BID:0.4264 ASK:0.4265 MID:0.42645 P1:0.42645 P2:0.4265 P3:0.4265 P4:0.42645 STATE:IDLE
[2026-05-11 15:05:45Z] CHK MOM:0.01% RANGE:0.03% UP:38.46% SPREAD:0.02345215% BID:0.4264 ASK:0.4265 MID:0.42645 P1:0.42645 P2:0.4265 P3:0.4265 P4:0.42645 STATE:IDLE
[2026-05-11 15:05:45Z] CHK MOM:0.01% RANGE:0.03% UP:38.46% SPREAD:0.02345215% BID:0.4264 ASK:0.4265 MID:0.42645 P1:0.42645 P2:0.4265 P3:0.4265 P4:0.42645 STATE:IDLE
[2026-05-11 15:05:46Z] CHK MOM:-0.03% RANGE:0.03% UP:25% SPREAD:0.04691531% BID:0.4263 ASK:0.4265 MID:0.4264 P1:0.4264 P2:0.42645 P3:0.4265 P4:0.4265 STATE:IDLE
[2026-05-11 15:05:46Z] CHK MOM:-0.03% RANGE:0.04% UP:25% SPREAD:0.02345765% BID:0.4263 ASK:0.4264 MID:0.42635 P1:0.42635 P2:0.4264 P3:0.42645 P4:0.4265 STATE:IDLE
[2026-05-11 15:05:47Z] CHK MOM:-0.01% RANGE:0.04% UP:33.33% SPREAD:0.04691531% BID:0.4263 ASK:0.4265 MID:0.4264 P1:0.4264 P2:0.42635 P3:0.4264 P4:0.42645 STATE:IDLE
[2026-05-11 15:05:47Z] CHK MOM:-0.02% RANGE:0.04% UP:30.76% SPREAD:0.02345765% BID:0.4263 ASK:0.4264 MID:0.42635 P1:0.42635 P2:0.4264 P3:0.42635 P4:0.4264 STATE:IDLE
[2026-05-11 15:05:48Z] CHK MOM:-0.02% RANGE:0.04% UP:30.76% SPREAD:0.02345765% BID:0.4263 ASK:0.4264 MID:0.42635 P1:0.42635 P2:0.4264 P3:0.42635 P4:0.4264 STATE:IDLE
[2026-05-11 15:05:49Z] CHK MOM:-0.11% RANGE:0.14% UP:27.27% SPREAD:0.02347969% BID:0.4259 ASK:0.426 MID:0.42595 P1:0.42595 P2:0.42635 P3:0.4264 P4:0.42635 STATE:IDLE
[2026-05-11 15:05:49Z] CHK MOM:-0.11% RANGE:0.14% UP:25% SPREAD:0.02347969% BID:0.4259 ASK:0.426 MID:0.42595 P1:0.42595 P2:0.42595 P3:0.42635 P4:0.4264 STATE:IDLE
[2026-05-11 15:05:50Z] CHK MOM:-0.12% RANGE:0.14% UP:25% SPREAD:0.04695938% BID:0.4259 ASK:0.4261 MID:0.426 P1:0.426 P2:0.42595 P3:0.42595 P4:0.42635 STATE:IDLE
[2026-05-11 15:05:50Z] CHK MOM:-0.11% RANGE:0.14% UP:30.76% SPREAD:0.02347417% BID:0.426 ASK:0.4261 MID:0.42605 P1:0.42605 P2:0.426 P3:0.42595 P4:0.42595 STATE:IDLE
[2026-05-11 15:05:51Z] CHK MOM:-0.11% RANGE:0.14% UP:30.76% SPREAD:0.02347417% BID:0.426 ASK:0.4261 MID:0.42605 P1:0.42605 P2:0.426 P3:0.42595 P4:0.42595 STATE:IDLE
[2026-05-11 15:05:51Z] CHK MOM:-0.11% RANGE:0.14% UP:28.57% SPREAD:0.02347417% BID:0.426 ASK:0.4261 MID:0.42605 P1:0.42605 P2:0.42605 P3:0.426 P4:0.42595 STATE:IDLE
[2026-05-11 15:05:52Z] CHK MOM:-0.11% RANGE:0.14% UP:28.57% SPREAD:0.02347417% BID:0.426 ASK:0.4261 MID:0.42605 P1:0.42605 P2:0.42605 P3:0.426 P4:0.42595 STATE:IDLE
[2026-05-11 15:05:52Z] CHK MOM:-0.11% RANGE:0.14% UP:26.66% SPREAD:0.02347417% BID:0.426 ASK:0.4261 MID:0.42605 P1:0.42605 P2:0.42605 P3:0.42605 P4:0.426 STATE:IDLE
[2026-05-11 15:05:53Z] CHK MOM:-0.11% RANGE:0.14% UP:26.66% SPREAD:0.02347417% BID:0.426 ASK:0.4261 MID:0.42605 P1:0.42605 P2:0.42605 P3:0.42605 P4:0.426 STATE:IDLE
[2026-05-11 15:05:54Z] CHK MOM:-0.11% RANGE:0.14% UP:26.66% SPREAD:0.02347417% BID:0.426 ASK:0.4261 MID:0.42605 P1:0.42605 P2:0.42605 P3:0.42605 P4:0.426 STATE:IDLE
[2026-05-11 15:05:54Z] CHK MOM:-0.09% RANGE:0.12% UP:30.76% SPREAD:0.04694835% BID:0.426 ASK:0.4262 MID:0.4261 P1:0.4261 P2:0.42605 P3:0.42605 P4:0.42605 STATE:IDLE
[2026-05-11 15:05:55Z] CHK MOM:-0.11% RANGE:0.12% UP:30.76% SPREAD:0.04695938% BID:0.4259 ASK:0.4261 MID:0.426 P1:0.426 P2:0.4261 P3:0.42605 P4:0.42605 STATE:IDLE
[2026-05-11 15:05:55Z] CHK MOM:-0.09% RANGE:0.12% UP:35.71% SPREAD:0.04694835% BID:0.426 ASK:0.4262 MID:0.4261 P1:0.4261 P2:0.426 P3:0.4261 P4:0.42605 STATE:IDLE
[2026-05-11 15:05:56Z] CHK MOM:-0.04% RANGE:0.1% UP:46.15% SPREAD:0.04693733% BID:0.4261 ASK:0.4263 MID:0.4262 P1:0.4262 P2:0.4261 P3:0.426 P4:0.4261 STATE:IDLE
[2026-05-11 15:05:56Z] CHK MOM:-0.04% RANGE:0.1% UP:46.15% SPREAD:0.04693733% BID:0.4261 ASK:0.4263 MID:0.4262 P1:0.4262 P2:0.4261 P3:0.426 P4:0.4261 STATE:IDLE
[2026-05-11 15:05:57Z] CHK MOM:-0.04% RANGE:0.1% UP:46.15% SPREAD:0.04693733% BID:0.4261 ASK:0.4263 MID:0.4262 P1:0.4262 P2:0.4261 P3:0.426 P4:0.4261 STATE:IDLE
[2026-05-11 15:05:57Z] CHK MOM:-0.04% RANGE:0.1% UP:42.85% SPREAD:0.04693733% BID:0.4261 ASK:0.4263 MID:0.4262 P1:0.4262 P2:0.4262 P3:0.4261 P4:0.426 STATE:IDLE
[2026-05-11 15:05:58Z] CHK MOM:-0.02% RANGE:0.1% UP:50% SPREAD:0.02346316% BID:0.4262 ASK:0.4263 MID:0.42625 P1:0.42625 P2:0.4262 P3:0.4262 P4:0.4261 STATE:IDLE
[2026-05-11 15:05:59Z] CHK MOM:-0.02% RANGE:0.1% UP:50% SPREAD:0.02346316% BID:0.4262 ASK:0.4263 MID:0.42625 P1:0.42625 P2:0.4262 P3:0.4262 P4:0.4261 STATE:IDLE
[2026-05-11 15:05:59Z] CHK MOM:-0.03% RANGE:0.1% UP:42.85% SPREAD:0.02346316% BID:0.4262 ASK:0.4263 MID:0.42625 P1:0.42625 P2:0.42625 P3:0.4262 P4:0.4262 STATE:IDLE
[2026-05-11 15:06:00Z] CHK MOM:0.1% RANGE:0.1% UP:53.84% SPREAD:0.04691531% BID:0.4263 ASK:0.4265 MID:0.4264 P1:0.4264 P2:0.42625 P3:0.42625 P4:0.4262 STATE:IDLE
[2026-05-11 15:06:00Z] CHK MOM:0.1% RANGE:0.1% UP:50% SPREAD:0.04691531% BID:0.4263 ASK:0.4265 MID:0.4264 P1:0.4264 P2:0.4264 P3:0.42625 P4:0.42625 STATE:IDLE
[2026-05-11 15:06:01Z] CHK MOM:0.09% RANGE:0.1% UP:46.66% SPREAD:0.02345765% BID:0.4263 ASK:0.4264 MID:0.42635 P1:0.42635 P2:0.4264 P3:0.4264 P4:0.42625 STATE:IDLE
[2026-05-11 15:06:01Z] CHK MOM:0.1% RANGE:0.1% UP:53.33% SPREAD:0.04691531% BID:0.4263 ASK:0.4265 MID:0.4264 P1:0.4264 P2:0.42635 P3:0.4264 P4:0.4264 STATE:IDLE
[2026-05-11 15:06:02Z] CHK MOM:0.05% RANGE:0.09% UP:46.66% SPREAD:0.02346316% BID:0.4262 ASK:0.4263 MID:0.42625 P1:0.42625 P2:0.4264 P3:0.42635 P4:0.4264 STATE:IDLE
[2026-05-11 15:06:02Z] CHK MOM:0.05% RANGE:0.09% UP:50% SPREAD:0.04692632% BID:0.4262 ASK:0.4264 MID:0.4263 P1:0.4263 P2:0.42625 P3:0.4264 P4:0.42635 STATE:IDLE
[2026-05-11 15:06:03Z] CHK MOM:0.08% RANGE:0.09% UP:53.33% SPREAD:0.04691531% BID:0.4263 ASK:0.4265 MID:0.4264 P1:0.4264 P2:0.4263 P3:0.42625 P4:0.4264 STATE:IDLE
[2026-05-11 15:06:03Z] CHK MOM:0.08% RANGE:0.09% UP:53.33% SPREAD:0.04691531% BID:0.4263 ASK:0.4265 MID:0.4264 P1:0.4264 P2:0.4263 P3:0.42625 P4:0.4264 STATE:IDLE
[2026-05-11 15:06:04Z] CHK MOM:0.07% RANGE:0.09% UP:53.33% SPREAD:0.02345765% BID:0.4263 ASK:0.4264 MID:0.42635 P1:0.42635 P2:0.4264 P3:0.4263 P4:0.42625 STATE:IDLE
[2026-05-11 15:20:28Z] SESSION_START symbol=ONDOUSDC dry_run=0 profile=major strategy=momentum base_url=https://api.binance.com
[2026-05-11 15:20:28Z] TOXIC_MEMORY_LOADED count=4 symbols=GUNUSDC,JTOUSDC,ORDIUSDC,SAHARAUSDC
[2026-05-11 15:20:30Z] CHK MOM:0% RANGE:0% UP:0% SPREAD:0.0464684% BID:0.4304 ASK:0.4306 MID:0.4305 P1:0.4305 P2:NA P3:NA P4:NA STATE:IDLE
[2026-05-11 15:20:31Z] CHK MOM:0.08% RANGE:0.08% UP:100% SPREAD:0.02321262% BID:0.4308 ASK:0.4309 MID:0.43085 P1:0.43085 P2:0.4305 P3:NA P4:NA STATE:IDLE
[2026-05-11 15:20:31Z] CHK MOM:0.08% RANGE:0.08% UP:50% SPREAD:0.02321262% BID:0.4308 ASK:0.4309 MID:0.43085 P1:0.43085 P2:0.43085 P3:0.4305 P4:NA STATE:IDLE
[2026-05-11 15:20:32Z] CHK MOM:0.08% RANGE:0.08% UP:50% SPREAD:0.02321262% BID:0.4308 ASK:0.4309 MID:0.43085 P1:0.43085 P2:0.43085 P3:0.4305 P4:NA STATE:IDLE
[2026-05-11 15:20:32Z] CHK MOM:0.08% RANGE:0.08% UP:50% SPREAD:0.02321262% BID:0.4308 ASK:0.4309 MID:0.43085 P1:0.43085 P2:0.43085 P3:0.4305 P4:NA STATE:IDLE
[2026-05-11 15:20:33Z] CHK MOM:0.08% RANGE:0.08% UP:50% SPREAD:0.02321262% BID:0.4308 ASK:0.4309 MID:0.43085 P1:0.43085 P2:0.43085 P3:0.4305 P4:NA STATE:IDLE
[2026-05-11 15:20:33Z] CHK MOM:0.08% RANGE:0.08% UP:50% SPREAD:0.02321262% BID:0.4308 ASK:0.4309 MID:0.43085 P1:0.43085 P2:0.43085 P3:0.4305 P4:NA STATE:IDLE
[2026-05-11 15:20:34Z] CHK MOM:0.05% RANGE:0.08% UP:33.33% SPREAD:0.02321801% BID:0.4307 ASK:0.4308 MID:0.43075 P1:0.43075 P2:0.43085 P3:0.43085 P4:0.4305 STATE:IDLE
[2026-05-11 15:20:34Z] CHK MOM:0.06% RANGE:0.08% UP:50% SPREAD:0.04643603% BID:0.4307 ASK:0.4309 MID:0.4308 P1:0.4308 P2:0.43075 P3:0.43085 P4:0.43085 STATE:IDLE
[2026-05-11 15:20:35Z] CHK MOM:0.05% RANGE:0.08% UP:40% SPREAD:0.02321801% BID:0.4307 ASK:0.4308 MID:0.43075 P1:0.43075 P2:0.4308 P3:0.43075 P4:0.43085 STATE:IDLE
[2026-05-11 15:20:36Z] CHK MOM:0.02% RANGE:0.08% UP:33.33% SPREAD:0.0464576% BID:0.4305 ASK:0.4307 MID:0.4306 P1:0.4306 P2:0.43075 P3:0.4308 P4:0.43075 STATE:IDLE
[2026-05-11 15:20:36Z] CHK MOM:0.03% RANGE:0.08% UP:42.85% SPREAD:0.0232234% BID:0.4306 ASK:0.4307 MID:0.43065 P1:0.43065 P2:0.4306 P3:0.43075 P4:0.4308 STATE:IDLE
[2026-05-11 15:20:37Z] CHK MOM:0.03% RANGE:0.08% UP:37.5% SPREAD:0.0232234% BID:0.4306 ASK:0.4307 MID:0.43065 P1:0.43065 P2:0.43065 P3:0.4306 P4:0.43075 STATE:IDLE
[2026-05-11 15:20:37Z] CHK MOM:0.06% RANGE:0.08% UP:44.44% SPREAD:0.04643603% BID:0.4307 ASK:0.4309 MID:0.4308 P1:0.4308 P2:0.43065 P3:0.43065 P4:0.4306 STATE:IDLE
[2026-05-11 15:20:38Z] CHK MOM:0.06% RANGE:0.08% UP:40% SPREAD:0.04643603% BID:0.4307 ASK:0.4309 MID:0.4308 P1:0.4308 P2:0.4308 P3:0.43065 P4:0.43065 STATE:IDLE
[2026-05-11 15:20:38Z] CHK MOM:0.02% RANGE:0.08% UP:36.36% SPREAD:0.0464576% BID:0.4305 ASK:0.4307 MID:0.4306 P1:0.4306 P2:0.4308 P3:0.4308 P4:0.43065 STATE:IDLE
[2026-05-11 15:20:39Z] CHK MOM:0.02% RANGE:0.08% UP:33.33% SPREAD:0.0464576% BID:0.4305 ASK:0.4307 MID:0.4306 P1:0.4306 P2:0.4306 P3:0.4308 P4:0.4308 STATE:IDLE
[2026-05-11 15:20:39Z] CHK MOM:0.03% RANGE:0.08% UP:38.46% SPREAD:0.0232234% BID:0.4306 ASK:0.4307 MID:0.43065 P1:0.43065 P2:0.4306 P3:0.4306 P4:0.4308 STATE:IDLE
[2026-05-11 15:20:40Z] CHK MOM:0.06% RANGE:0.08% UP:42.85% SPREAD:0.04643603% BID:0.4307 ASK:0.4309 MID:0.4308 P1:0.4308 P2:0.43065 P3:0.4306 P4:0.4306 STATE:IDLE
[2026-05-11 15:20:41Z] CHK MOM:0.04% RANGE:0.08% UP:40% SPREAD:0.04644681% BID:0.4306 ASK:0.4308 MID:0.43069999 P1:0.43069999 P2:0.4308 P3:0.43065 P4:0.4306 STATE:IDLE
[2026-05-11 15:20:41Z] CHK MOM:0.06% RANGE:0.08% UP:43.75% SPREAD:0.04643603% BID:0.4307 ASK:0.4309 MID:0.4308 P1:0.4308 P2:0.43069999 P3:0.4308 P4:0.43065 STATE:IDLE
[2026-05-11 15:20:42Z] CHK MOM:0.08% RANGE:0.08% UP:47.05% SPREAD:0.02321262% BID:0.4308 ASK:0.4309 MID:0.43085 P1:0.43085 P2:0.4308 P3:0.43069999 P4:0.4308 STATE:IDLE
[2026-05-11 15:20:42Z] CHK MOM:0.08% RANGE:0.08% UP:47.05% SPREAD:0.02321262% BID:0.4308 ASK:0.4309 MID:0.43085 P1:0.43085 P2:0.4308 P3:0.43069999 P4:0.4308 STATE:IDLE
[2026-05-11 15:20:43Z] CHK MOM:0.08% RANGE:0.08% UP:47.05% SPREAD:0.02321262% BID:0.4308 ASK:0.4309 MID:0.43085 P1:0.43085 P2:0.4308 P3:0.43069999 P4:0.4308 STATE:IDLE
[2026-05-11 15:20:43Z] CHK MOM:0.08% RANGE:0.08% UP:47.05% SPREAD:0.02321262% BID:0.4308 ASK:0.4309 MID:0.43085 P1:0.43085 P2:0.4308 P3:0.43069999 P4:0.4308 STATE:IDLE
[2026-05-11 15:20:44Z] CHK MOM:0% RANGE:0.05% UP:46.66% SPREAD:0.02321801% BID:0.4307 ASK:0.4308 MID:0.43075 P1:0.43075 P2:0.43085 P3:0.4308 P4:0.43069999 STATE:IDLE
[2026-05-11 15:20:44Z] CHK MOM:0% RANGE:0.05% UP:43.75% SPREAD:0.02321801% BID:0.4307 ASK:0.4308 MID:0.43075 P1:0.43075 P2:0.43075 P3:0.43085 P4:0.4308 STATE:IDLE
[2026-05-11 15:20:45Z] CHK MOM:0.03% RANGE:0.06% UP:47.05% SPREAD:0.04642525% BID:0.4308 ASK:0.431 MID:0.4309 P1:0.4309 P2:0.43075 P3:0.43075 P4:0.43085 STATE:IDLE
[2026-05-11 15:20:46Z] CHK MOM:0.02% RANGE:0.06% UP:44.44% SPREAD:0.02321262% BID:0.4308 ASK:0.4309 MID:0.43085 P1:0.43085 P2:0.4309 P3:0.43075 P4:0.43075 STATE:IDLE
[2026-05-11 15:20:46Z] CHK MOM:0.03% RANGE:0.08% UP:44.44% SPREAD:0.02320724% BID:0.4309 ASK:0.431 MID:0.43095 P1:0.43095 P2:0.43085 P3:0.4309 P4:0.43075 STATE:IDLE
[2026-05-11 15:20:47Z] CHK MOM:0.06% RANGE:0.1% UP:50% SPREAD:0.02320185% BID:0.431 ASK:0.4311 MID:0.43105 P1:0.43105 P2:0.43095 P3:0.43085 P4:0.4309 STATE:IDLE
[2026-05-11 15:20:47Z] CHK MOM:0.06% RANGE:0.1% UP:50% SPREAD:0.02320185% BID:0.431 ASK:0.4311 MID:0.43105 P1:0.43105 P2:0.43095 P3:0.43085 P4:0.4309 STATE:IDLE
[2026-05-11 15:20:48Z] CHK MOM:0.08% RANGE:0.1% UP:47.05% SPREAD:0.04641448% BID:0.4309 ASK:0.4311 MID:0.431 P1:0.431 P2:0.43105 P3:0.43095 P4:0.43085 STATE:IDLE
[2026-05-11 15:20:48Z] CHK MOM:0.08% RANGE:0.1% UP:47.05% SPREAD:0.04641448% BID:0.4309 ASK:0.4311 MID:0.431 P1:0.431 P2:0.43105 P3:0.43095 P4:0.43085 STATE:IDLE
[2026-05-11 15:20:49Z] CHK MOM:0.08% RANGE:0.12% UP:50% SPREAD:0.02319647% BID:0.4311 ASK:0.4312 MID:0.43115 P1:0.43115 P2:0.431 P3:0.43105 P4:0.43095 STATE:IDLE
[2026-05-11 15:20:49Z] CHK MOM:0.12% RANGE:0.17% UP:52.94% SPREAD:0.02318571% BID:0.4313 ASK:0.4314 MID:0.43135 P1:0.43135 P2:0.43115 P3:0.431 P4:0.43105 STATE:IDLE
[2026-05-11 15:20:50Z] CHK MOM:0.12% RANGE:0.17% UP:52.94% SPREAD:0.02318571% BID:0.4313 ASK:0.4314 MID:0.43135 P1:0.43135 P2:0.43115 P3:0.431 P4:0.43105 STATE:IDLE
[2026-05-11 15:20:50Z] CHK MOM:0.13% RANGE:0.17% UP:60% SPREAD:0.04639294% BID:0.4311 ASK:0.4313 MID:0.4312 P1:0.4312 P2:0.43135 P3:0.43115 P4:0.431 STATE:IDLE
[2026-05-11 15:20:51Z] CHK MOM:0.17% RANGE:0.17% UP:62.5% SPREAD:0.02318571% BID:0.4313 ASK:0.4314 MID:0.43135 P1:0.43135 P2:0.4312 P3:0.43135 P4:0.43115 STATE:IDLE
[2026-05-11 15:20:52Z] CHK MOM:0.17% RANGE:0.19% UP:60% SPREAD:0.02317497% BID:0.4315 ASK:0.4316 MID:0.43155 P1:0.43155 P2:0.43135 P3:0.4312 P4:0.43135 STATE:IDLE
[2026-05-11 15:20:52Z] CHK MOM:0.17% RANGE:0.19% UP:60% SPREAD:0.02317497% BID:0.4315 ASK:0.4316 MID:0.43155 P1:0.43155 P2:0.43135 P3:0.4312 P4:0.43135 STATE:IDLE
[2026-05-11 15:20:53Z] CHK MOM:0.17% RANGE:0.18% UP:57.14% SPREAD:0.02317497% BID:0.4315 ASK:0.4316 MID:0.43155 P1:0.43155 P2:0.43155 P3:0.43135 P4:0.4312 STATE:IDLE
[2026-05-11 15:20:53Z] CHK MOM:0.17% RANGE:0.18% UP:57.14% SPREAD:0.02317497% BID:0.4315 ASK:0.4316 MID:0.43155 P1:0.43155 P2:0.43155 P3:0.43135 P4:0.4312 STATE:IDLE
[2026-05-11 15:20:54Z] CHK MOM:0.2% RANGE:0.2% UP:61.53% SPREAD:0.0231696% BID:0.4316 ASK:0.4317 MID:0.43165 P1:0.43165 P2:0.43155 P3:0.43155 P4:0.43135 STATE:IDLE
[2026-05-11 15:20:54Z] CHK MOM:0.2% RANGE:0.2% UP:57.14% SPREAD:0.0231696% BID:0.4316 ASK:0.4317 MID:0.43165 P1:0.43165 P2:0.43165 P3:0.43155 P4:0.43155 STATE:IDLE
[2026-05-11 15:20:55Z] CHK MOM:0.2% RANGE:0.2% UP:57.14% SPREAD:0.0231696% BID:0.4316 ASK:0.4317 MID:0.43165 P1:0.43165 P2:0.43165 P3:0.43155 P4:0.43155 STATE:IDLE
[2026-05-11 15:20:55Z] CHK MOM:0.2% RANGE:0.2% UP:57.14% SPREAD:0.0231696% BID:0.4316 ASK:0.4317 MID:0.43165 P1:0.43165 P2:0.43165 P3:0.43155 P4:0.43155 STATE:IDLE
[2026-05-11 15:20:56Z] CHK MOM:0.23% RANGE:0.23% UP:60% SPREAD:0.02316423% BID:0.4317 ASK:0.4318 MID:0.43174999 P1:0.43174999 P2:0.43165 P3:0.43165 P4:0.43155 STATE:IDLE
[2026-05-11 15:20:57Z] CHK MOM:0.16% RANGE:0.2% UP:61.53% SPREAD:0.02317497% BID:0.4315 ASK:0.4316 MID:0.43155 P1:0.43155 P2:0.43174999 P3:0.43165 P4:0.43165 STATE:IDLE
[2026-05-11 15:20:57Z] CHK MOM:0.16% RANGE:0.18% UP:61.53% SPREAD:0.0231696% BID:0.4316 ASK:0.4317 MID:0.43165 P1:0.43165 P2:0.43155 P3:0.43174999 P4:0.43165 STATE:IDLE
[2026-05-11 15:20:58Z] CHK MOM:0.16% RANGE:0.18% UP:61.53% SPREAD:0.0231696% BID:0.4316 ASK:0.4317 MID:0.43165 P1:0.43165 P2:0.43155 P3:0.43174999 P4:0.43165 STATE:IDLE
[2026-05-11 15:20:58Z] CHK MOM:0.16% RANGE:0.18% UP:57.14% SPREAD:0.0231696% BID:0.4316 ASK:0.4317 MID:0.43165 P1:0.43165 P2:0.43165 P3:0.43155 P4:0.43174999 STATE:IDLE
[2026-05-11 15:20:59Z] CHK MOM:0.17% RANGE:0.17% UP:61.53% SPREAD:0.02316423% BID:0.4317 ASK:0.4318 MID:0.43174999 P1:0.43174999 P2:0.43165 P3:0.43165 P4:0.43155 STATE:IDLE
[2026-05-11 15:20:59Z] CHK MOM:0.12% RANGE:0.17% UP:57.14% SPREAD:0.02317497% BID:0.4315 ASK:0.4316 MID:0.43155 P1:0.43155 P2:0.43174999 P3:0.43165 P4:0.43165 STATE:IDLE
[2026-05-11 15:21:00Z] CHK MOM:0.11% RANGE:0.17% UP:53.33% SPREAD:0.04636068% BID:0.4314 ASK:0.4316 MID:0.4315 P1:0.4315 P2:0.43155 P3:0.43174999 P4:0.43165 STATE:IDLE
[2026-05-11 15:21:00Z] CHK MOM:0.08% RANGE:0.13% UP:46.66% SPREAD:0.04636068% BID:0.4314 ASK:0.4316 MID:0.4315 P1:0.4315 P2:0.4315 P3:0.43155 P4:0.43174999 STATE:IDLE
[2026-05-11 15:21:01Z] CHK MOM:-0.01% RANGE:0.12% UP:40% SPREAD:0.04638218% BID:0.4312 ASK:0.4314 MID:0.4313 P1:0.4313 P2:0.4315 P3:0.4315 P4:0.43155 STATE:IDLE
[2026-05-11 15:21:02Z] CHK MOM:0% RANGE:0.12% UP:40% SPREAD:0.04639294% BID:0.4311 ASK:0.4313 MID:0.4312 P1:0.4312 P2:0.4313 P3:0.4315 P4:0.4315 STATE:IDLE
[2026-05-11 15:21:02Z] CHK MOM:0% RANGE:0.12% UP:37.5% SPREAD:0.04639294% BID:0.4311 ASK:0.4313 MID:0.4312 P1:0.4312 P2:0.4312 P3:0.4313 P4:0.4315 STATE:IDLE
[2026-05-11 15:21:03Z] CHK MOM:0% RANGE:0.12% UP:37.5% SPREAD:0.04639294% BID:0.4311 ASK:0.4313 MID:0.4312 P1:0.4312 P2:0.4312 P3:0.4313 P4:0.4315 STATE:IDLE
[2026-05-11 15:21:03Z] CHK MOM:-0.02% RANGE:0.12% UP:33.33% SPREAD:0.02318034% BID:0.4314 ASK:0.4315 MID:0.43145 P1:0.43145 P2:0.4312 P3:0.4312 P4:0.4313 STATE:IDLE
[2026-05-11 15:21:04Z] CHK MOM:-0.06% RANGE:0.12% UP:33.33% SPREAD:0.02319109% BID:0.4312 ASK:0.4313 MID:0.43125 P1:0.43125 P2:0.43145 P3:0.4312 P4:0.4312 STATE:IDLE
[2026-05-11 15:21:04Z] CHK MOM:-0.05% RANGE:0.12% UP:37.5% SPREAD:0.04638218% BID:0.4312 ASK:0.4314 MID:0.4313 P1:0.4313 P2:0.43125 P3:0.43145 P4:0.4312 STATE:IDLE
[2026-05-11 15:21:05Z] CHK MOM:-0.05% RANGE:0.12% UP:37.5% SPREAD:0.04638218% BID:0.4312 ASK:0.4314 MID:0.4313 P1:0.4313 P2:0.43125 P3:0.43145 P4:0.4312 STATE:IDLE
[2026-05-11 15:21:05Z] CHK MOM:-0.05% RANGE:0.12% UP:37.5% SPREAD:0.04638218% BID:0.4312 ASK:0.4314 MID:0.4313 P1:0.4313 P2:0.43125 P3:0.43145 P4:0.4312 STATE:IDLE
[2026-05-11 15:21:06Z] CHK MOM:-0.12% RANGE:0.15% UP:31.25% SPREAD:0.04640371% BID:0.431 ASK:0.4312 MID:0.4311 P1:0.4311 P2:0.4313 P3:0.43125 P4:0.43145 STATE:IDLE
[2026-05-11 15:21:07Z] CHK MOM:-0.11% RANGE:0.15% UP:33.33% SPREAD:0.02319109% BID:0.4312 ASK:0.4313 MID:0.43125 P1:0.43125 P2:0.4311 P3:0.4313 P4:0.43125 STATE:IDLE
[2026-05-11 15:21:07Z] CHK MOM:-0.12% RANGE:0.15% UP:31.25% SPREAD:0.04639294% BID:0.4311 ASK:0.4313 MID:0.4312 P1:0.4312 P2:0.43125 P3:0.4311 P4:0.4313 STATE:IDLE
[2026-05-11 15:21:08Z] CHK MOM:-0.11% RANGE:0.15% UP:35.29% SPREAD:0.02319109% BID:0.4312 ASK:0.4313 MID:0.43125 P1:0.43125 P2:0.4312 P3:0.43125 P4:0.4311 STATE:IDLE
[2026-05-11 15:21:08Z] CHK MOM:-0.06% RANGE:0.15% UP:35.29% SPREAD:0.02319109% BID:0.4312 ASK:0.4313 MID:0.43125 P1:0.43125 P2:0.43125 P3:0.4312 P4:0.43125 STATE:IDLE
[2026-05-11 15:21:09Z] CHK MOM:-0.1% RANGE:0.15% UP:29.41% SPREAD:0.04639294% BID:0.4311 ASK:0.4313 MID:0.4312 P1:0.4312 P2:0.43125 P3:0.43125 P4:0.4312 STATE:IDLE
[2026-05-11 15:21:09Z] CHK MOM:-0.09% RANGE:0.15% UP:35.29% SPREAD:0.02319109% BID:0.4312 ASK:0.4313 MID:0.43125 P1:0.43125 P2:0.4312 P3:0.43125 P4:0.43125 STATE:IDLE
[2026-05-11 15:21:10Z] CHK MOM:-0.18% RANGE:0.2% UP:33.33% SPREAD:0.02321262% BID:0.4308 ASK:0.4309 MID:0.43085 P1:0.43085 P2:0.43125 P3:0.4312 P4:0.43125 STATE:IDLE
[2026-05-11 15:21:10Z] CHK MOM:-0.22% RANGE:0.22% UP:27.77% SPREAD:0.04643603% BID:0.4307 ASK:0.4309 MID:0.4308 P1:0.4308 P2:0.43085 P3:0.43125 P4:0.4312 STATE:IDLE
[2026-05-11 15:21:11Z] CHK MOM:-0.22% RANGE:0.22% UP:26.31% SPREAD:0.04643603% BID:0.4307 ASK:0.4309 MID:0.4308 P1:0.4308 P2:0.4308 P3:0.43085 P4:0.43125 STATE:IDLE
[2026-05-11 15:21:12Z] CHK MOM:-0.16% RANGE:0.16% UP:27.77% SPREAD:0.04643603% BID:0.4307 ASK:0.4309 MID:0.4308 P1:0.4308 P2:0.4308 P3:0.4308 P4:0.43085 STATE:IDLE
[2026-05-11 15:21:12Z] CHK MOM:-0.17% RANGE:0.17% UP:27.77% SPREAD:0.02321801% BID:0.4307 ASK:0.4308 MID:0.43075 P1:0.43075 P2:0.4308 P3:0.4308 P4:0.4308 STATE:IDLE
[2026-05-11 15:21:13Z] CHK MOM:-0.12% RANGE:0.16% UP:27.77% SPREAD:0.02321801% BID:0.4307 ASK:0.4308 MID:0.43075 P1:0.43075 P2:0.43075 P3:0.4308 P4:0.4308 STATE:IDLE
[2026-05-11 15:21:13Z] CHK MOM:0.03% RANGE:0.16% UP:35.29% SPREAD:0.02318571% BID:0.4313 ASK:0.4314 MID:0.43135 P1:0.43135 P2:0.43075 P3:0.43075 P4:0.4308 STATE:IDLE
[2026-05-11 15:21:14Z] BURST_TRIGGER ret=0.1393% need=0.1200% vel=0.1128%/s eff=1.000 pressure=999.00 drop=0.0000% dt=1.235s
[2026-05-11 15:21:15Z] BUY symbol=ONDOUSDC qty=23.1 entry=0.43129999999999996 mode=BURST reason=BURST ret=0.1393% vel=0.1128%/s eff=1.000 pressure=999.00 drop=0.0000% P1=0.43135 P2=0.43075 P3=0.43075 P4=0.4308
[2026-05-11 15:21:15Z] CHK MOM:-0.04% RANGE:0.16% UP:29.41% SPREAD:0.02319109% BID:0.4312 ASK:0.4313 MID:0.43125 P1:0.43125 P2:0.43135 P3:0.43075 P4:0.43075 STATE:IN_POS
[2026-05-11 15:21:15Z] CHK MOM:-0.03% RANGE:0.13% UP:29.41% SPREAD:0.04640371% BID:0.431 ASK:0.4312 MID:0.4311 P1:0.4311 P2:0.43125 P3:0.43135 P4:0.43075 STATE:IN_POS
[2026-05-11 15:21:16Z] CHK MOM:-0.03% RANGE:0.13% UP:29.41% SPREAD:0.04640371% BID:0.431 ASK:0.4312 MID:0.4311 P1:0.4311 P2:0.43125 P3:0.43135 P4:0.43075 STATE:IN_POS
[2026-05-11 15:21:17Z] CHK MOM:-0.03% RANGE:0.13% UP:29.41% SPREAD:0.04640371% BID:0.431 ASK:0.4312 MID:0.4311 P1:0.4311 P2:0.43125 P3:0.43135 P4:0.43075 STATE:IN_POS
[2026-05-11 15:21:17Z] CHK MOM:-0.03% RANGE:0.13% UP:29.41% SPREAD:0.04640371% BID:0.431 ASK:0.4312 MID:0.4311 P1:0.4311 P2:0.43125 P3:0.43135 P4:0.43075 STATE:IN_POS
[2026-05-11 15:21:18Z] CHK MOM:-0.01% RANGE:0.13% UP:26.66% SPREAD:0.04639294% BID:0.4311 ASK:0.4313 MID:0.4312 P1:0.4312 P2:0.4311 P3:0.43125 P4:0.43135 STATE:IN_POS
[2026-05-11 15:21:18Z] CHK MOM:-0.05% RANGE:0.13% UP:25% SPREAD:0.04641448% BID:0.4309 ASK:0.4311 MID:0.431 P1:0.431 P2:0.4312 P3:0.4311 P4:0.43125 STATE:IN_POS
[2026-05-11 15:21:19Z] CHK MOM:-0.03% RANGE:0.13% UP:29.41% SPREAD:0.04640371% BID:0.431 ASK:0.4312 MID:0.4311 P1:0.4311 P2:0.431 P3:0.4312 P4:0.4311 STATE:IN_POS
[2026-05-11 15:21:19Z] CHK MOM:-0.03% RANGE:0.13% UP:29.41% SPREAD:0.04640371% BID:0.431 ASK:0.4312 MID:0.4311 P1:0.4311 P2:0.431 P3:0.4312 P4:0.4311 STATE:IN_POS
[2026-05-11 15:21:20Z] CHK MOM:-0.03% RANGE:0.13% UP:29.41% SPREAD:0.04640371% BID:0.431 ASK:0.4312 MID:0.4311 P1:0.4311 P2:0.431 P3:0.4312 P4:0.4311 STATE:IN_POS
[2026-05-11 15:21:20Z] CHK MOM:-0.02% RANGE:0.13% UP:28.57% SPREAD:0.04640371% BID:0.431 ASK:0.4312 MID:0.4311 P1:0.4311 P2:0.4311 P3:0.431 P4:0.4312 STATE:IN_POS
[2026-05-11 15:21:21Z] CHK MOM:-0.02% RANGE:0.13% UP:28.57% SPREAD:0.02319647% BID:0.4311 ASK:0.4312 MID:0.43115 P1:0.43115 P2:0.4311 P3:0.4311 P4:0.431 STATE:IN_POS
[2026-05-11 15:21:22Z] CHK MOM:0.1% RANGE:0.13% UP:35.71% SPREAD:0.04638218% BID:0.4312 ASK:0.4314 MID:0.4313 P1:0.4313 P2:0.43115 P3:0.4311 P4:0.4311 STATE:IN_POS
[2026-05-11 15:21:22Z] CHK MOM:0.1% RANGE:0.13% UP:35.71% SPREAD:0.04638218% BID:0.4312 ASK:0.4314 MID:0.4313 P1:0.4313 P2:0.43115 P3:0.4311 P4:0.4311 STATE:IN_POS
[2026-05-11 15:21:23Z] CHK MOM:0.1% RANGE:0.13% UP:35.71% SPREAD:0.04638218% BID:0.4312 ASK:0.4314 MID:0.4313 P1:0.4313 P2:0.43115 P3:0.4311 P4:0.4311 STATE:IN_POS
[2026-05-11 15:21:23Z] CHK MOM:0.08% RANGE:0.13% UP:45.45% SPREAD:0.04640371% BID:0.431 ASK:0.4312 MID:0.4311 P1:0.4311 P2:0.4313 P3:0.43115 P4:0.4311 STATE:IN_POS
[2026-05-11 15:21:23Z] BURST_HANDOFF age=8.45s ext=0.0000% loss=0.0696% peak=0.43130000 stop=0.42780000 protect=0 trail=0
[2026-05-11 15:21:24Z] CHK MOM:0.05% RANGE:0.13% UP:41.66% SPREAD:0.04641448% BID:0.4309 ASK:0.4311 MID:0.431 P1:0.431 P2:0.4311 P3:0.4313 P4:0.43115 STATE:IN_POS
[2026-05-11 15:21:24Z] CHK MOM:0.05% RANGE:0.13% UP:41.66% SPREAD:0.04641448% BID:0.4309 ASK:0.4311 MID:0.431 P1:0.431 P2:0.4311 P3:0.4313 P4:0.43115 STATE:IN_POS
[2026-05-11 15:21:25Z] CHK MOM:0.05% RANGE:0.13% UP:41.66% SPREAD:0.04641448% BID:0.4309 ASK:0.4311 MID:0.431 P1:0.431 P2:0.4311 P3:0.4313 P4:0.43115 STATE:IN_POS
[2026-05-11 15:21:25Z] CHK MOM:0.05% RANGE:0.13% UP:41.66% SPREAD:0.04641448% BID:0.4309 ASK:0.4311 MID:0.431 P1:0.431 P2:0.4311 P3:0.4313 P4:0.43115 STATE:IN_POS
[2026-05-11 15:21:26Z] CHK MOM:-0.05% RANGE:0.06% UP:40% SPREAD:0.04641448% BID:0.4309 ASK:0.4311 MID:0.431 P1:0.431 P2:0.431 P3:0.4311 P4:0.4313 STATE:IN_POS
[2026-05-11 15:21:26Z] CHK MOM:-0.05% RANGE:0.06% UP:40% SPREAD:0.04641448% BID:0.4309 ASK:0.4311 MID:0.431 P1:0.431 P2:0.431 P3:0.4311 P4:0.4313 STATE:IN_POS
[2026-05-11 15:21:27Z] CHK MOM:-0.05% RANGE:0.06% UP:40% SPREAD:0.04641448% BID:0.4309 ASK:0.4311 MID:0.431 P1:0.431 P2:0.431 P3:0.4311 P4:0.4313 STATE:IN_POS
[2026-05-11 15:21:28Z] CHK MOM:-0.02% RANGE:0.06% UP:44.44% SPREAD:0.04640371% BID:0.431 ASK:0.4312 MID:0.4311 P1:0.4311 P2:0.431 P3:0.431 P4:0.4311 STATE:IN_POS
[2026-05-11 15:21:28Z] CHK MOM:-0.02% RANGE:0.06% UP:40% SPREAD:0.04640371% BID:0.431 ASK:0.4312 MID:0.4311 P1:0.4311 P2:0.4311 P3:0.431 P4:0.431 STATE:IN_POS
[2026-05-11 15:21:30Z] CHK MOM:0.09% RANGE:0.09% UP:50% SPREAD:0.04637143% BID:0.4313 ASK:0.4315 MID:0.4314 P1:0.4314 P2:0.4311 P3:0.4311 P4:0.431 STATE:IN_POS
[2026-05-11 15:21:30Z] CHK MOM:0.03% RANGE:0.09% UP:40% SPREAD:0.02319109% BID:0.4312 ASK:0.4313 MID:0.43125 P1:0.43125 P2:0.4314 P3:0.4311 P4:0.4311 STATE:IN_POS
[2026-05-11 15:21:31Z] CHK MOM:0.04% RANGE:0.09% UP:45.45% SPREAD:0.04638218% BID:0.4312 ASK:0.4314 MID:0.4313 P1:0.4313 P2:0.43125 P3:0.4314 P4:0.4311 STATE:IN_POS
[2026-05-11 15:21:31Z] CHK MOM:0.04% RANGE:0.09% UP:45.45% SPREAD:0.04638218% BID:0.4312 ASK:0.4314 MID:0.4313 P1:0.4313 P2:0.4313 P3:0.43125 P4:0.4314 STATE:IN_POS
[2026-05-11 15:21:32Z] CHK MOM:0.02% RANGE:0.09% UP:41.66% SPREAD:0.04639294% BID:0.4311 ASK:0.4313 MID:0.4312 P1:0.4312 P2:0.4313 P3:0.4313 P4:0.43125 STATE:IN_POS
[2026-05-11 15:21:33Z] CHK MOM:0.02% RANGE:0.09% UP:41.66% SPREAD:0.04639294% BID:0.4311 ASK:0.4313 MID:0.4312 P1:0.4312 P2:0.4313 P3:0.4313 P4:0.43125 STATE:IN_POS
[2026-05-11 15:21:33Z] CHK MOM:-0.02% RANGE:0.09% UP:27.27% SPREAD:0.04639294% BID:0.4311 ASK:0.4313 MID:0.4312 P1:0.4312 P2:0.4312 P3:0.4313 P4:0.4313 STATE:IN_POS
[2026-05-11 15:21:34Z] CHK MOM:-0.02% RANGE:0.09% UP:27.27% SPREAD:0.04639294% BID:0.4311 ASK:0.4313 MID:0.4312 P1:0.4312 P2:0.4312 P3:0.4313 P4:0.4313 STATE:IN_POS
[2026-05-11 15:21:34Z] CHK MOM:0% RANGE:0.09% UP:27.27% SPREAD:0.04640371% BID:0.431 ASK:0.4312 MID:0.4311 P1:0.4311 P2:0.4312 P3:0.4312 P4:0.4313 STATE:IN_POS
[2026-05-11 15:21:35Z] CHK MOM:0% RANGE:0.09% UP:27.27% SPREAD:0.04640371% BID:0.431 ASK:0.4312 MID:0.4311 P1:0.4311 P2:0.4312 P3:0.4312 P4:0.4313 STATE:IN_POS
[2026-05-11 15:21:35Z] CHK MOM:-0.02% RANGE:0.09% UP:25% SPREAD:0.04641448% BID:0.4309 ASK:0.4311 MID:0.431 P1:0.431 P2:0.4311 P3:0.4312 P4:0.4312 STATE:IN_POS
[2026-05-11 15:21:36Z] CHK MOM:0% RANGE:0.09% UP:25% SPREAD:0.04641448% BID:0.4309 ASK:0.4311 MID:0.431 P1:0.431 P2:0.431 P3:0.4311 P4:0.4312 STATE:IN_POS
[2026-05-11 15:21:36Z] CHK MOM:0% RANGE:0.09% UP:25% SPREAD:0.04641448% BID:0.4309 ASK:0.4311 MID:0.431 P1:0.431 P2:0.431 P3:0.431 P4:0.4311 STATE:IN_POS
[2026-05-11 15:21:37Z] CHK MOM:0% RANGE:0.09% UP:25% SPREAD:0.04641448% BID:0.4309 ASK:0.4311 MID:0.431 P1:0.431 P2:0.431 P3:0.431 P4:0.4311 STATE:IN_POS
[2026-05-11 15:21:37Z] CHK MOM:-0.02% RANGE:0.11% UP:23.07% SPREAD:0.04642525% BID:0.4308 ASK:0.431 MID:0.4309 P1:0.4309 P2:0.431 P3:0.431 P4:0.431 STATE:IN_POS
[2026-05-11 15:21:38Z] CHK MOM:-0.02% RANGE:0.11% UP:23.07% SPREAD:0.04642525% BID:0.4308 ASK:0.431 MID:0.4309 P1:0.4309 P2:0.431 P3:0.431 P4:0.431 STATE:IN_POS
[2026-05-11 15:21:39Z] CHK MOM:0% RANGE:0.11% UP:23.07% SPREAD:0.04640371% BID:0.431 ASK:0.4312 MID:0.4311 P1:0.4311 P2:0.4309 P3:0.431 P4:0.431 STATE:IN_POS
[2026-05-11 15:21:39Z] CHK MOM:-0.02% RANGE:0.11% UP:21.42% SPREAD:0.04641448% BID:0.4309 ASK:0.4311 MID:0.431 P1:0.431 P2:0.4311 P3:0.4309 P4:0.431 STATE:IN_POS
[2026-05-11 15:21:40Z] CHK MOM:-0.03% RANGE:0.11% UP:20% SPREAD:0.02320724% BID:0.4309 ASK:0.431 MID:0.43095 P1:0.43095 P2:0.431 P3:0.4311 P4:0.4309 STATE:IN_POS
[2026-05-11 15:21:40Z] CHK MOM:-0.1% RANGE:0.11% UP:14.28% SPREAD:0.02320724% BID:0.4309 ASK:0.431 MID:0.43095 P1:0.43095 P2:0.43095 P3:0.431 P4:0.4311 STATE:IN_POS
[2026-05-11 15:21:41Z] CHK MOM:-0.1% RANGE:0.11% UP:14.28% SPREAD:0.02320724% BID:0.4309 ASK:0.431 MID:0.43095 P1:0.43095 P2:0.43095 P3:0.431 P4:0.4311 STATE:IN_POS
[2026-05-11 15:21:41Z] CHK MOM:-0.11% RANGE:0.11% UP:13.33% SPREAD:0.04642525% BID:0.4308 ASK:0.431 MID:0.4309 P1:0.4309 P2:0.43095 P3:0.43095 P4:0.431 STATE:IN_POS
[2026-05-11 15:21:42Z] CHK MOM:-0.11% RANGE:0.11% UP:12.5% SPREAD:0.04642525% BID:0.4308 ASK:0.431 MID:0.4309 P1:0.4309 P2:0.4309 P3:0.43095 P4:0.43095 STATE:IN_POS
[2026-05-11 15:21:42Z] CHK MOM:-0.11% RANGE:0.11% UP:12.5% SPREAD:0.04642525% BID:0.4308 ASK:0.431 MID:0.4309 P1:0.4309 P2:0.4309 P3:0.43095 P4:0.43095 STATE:IN_POS
[2026-05-11 15:21:43Z] CHK MOM:-0.11% RANGE:0.11% UP:12.5% SPREAD:0.04642525% BID:0.4308 ASK:0.431 MID:0.4309 P1:0.4309 P2:0.4309 P3:0.43095 P4:0.43095 STATE:IN_POS
[2026-05-11 15:21:44Z] CHK MOM:-0.11% RANGE:0.11% UP:12.5% SPREAD:0.04642525% BID:0.4308 ASK:0.431 MID:0.4309 P1:0.4309 P2:0.4309 P3:0.43095 P4:0.43095 STATE:IN_POS
[2026-05-11 15:21:45Z] CHK MOM:-0.09% RANGE:0.09% UP:8.33% SPREAD:0.04643603% BID:0.4307 ASK:0.4309 MID:0.4308 P1:0.4308 P2:0.4309 P3:0.4309 P4:0.43095 STATE:IN_POS
[2026-05-11 15:21:46Z] CHK MOM:-0.09% RANGE:0.09% UP:8.33% SPREAD:0.04643603% BID:0.4307 ASK:0.4309 MID:0.4308 P1:0.4308 P2:0.4309 P3:0.4309 P4:0.43095 STATE:IN_POS
[2026-05-11 15:21:46Z] CHK MOM:-0.05% RANGE:0.06% UP:16.66% SPREAD:0.02321262% BID:0.4308 ASK:0.4309 MID:0.43085 P1:0.43085 P2:0.4308 P3:0.4309 P4:0.4309 STATE:IN_POS
[2026-05-11 15:21:47Z] CHK MOM:-0.05% RANGE:0.06% UP:16.66% SPREAD:0.02321262% BID:0.4308 ASK:0.4309 MID:0.43085 P1:0.43085 P2:0.4308 P3:0.4309 P4:0.4309 STATE:IN_POS
[2026-05-11 15:21:47Z] CHK MOM:-0.03% RANGE:0.06% UP:16.66% SPREAD:0.02321262% BID:0.4308 ASK:0.4309 MID:0.43085 P1:0.43085 P2:0.43085 P3:0.4308 P4:0.4309 STATE:IN_POS
[2026-05-11 15:21:48Z] CHK MOM:-0.02% RANGE:0.06% UP:27.27% SPREAD:0.04642525% BID:0.4308 ASK:0.431 MID:0.4309 P1:0.4309 P2:0.43085 P3:0.43085 P4:0.4308 STATE:IN_POS
[2026-05-11 15:21:48Z] CHK MOM:0.06% RANGE:0.09% UP:36.36% SPREAD:0.04639294% BID:0.4311 ASK:0.4313 MID:0.4312 P1:0.4312 P2:0.4309 P3:0.43085 P4:0.43085 STATE:IN_POS
[2026-05-11 15:21:49Z] CHK MOM:0.04% RANGE:0.09% UP:33.33% SPREAD:0.04640371% BID:0.431 ASK:0.4312 MID:0.4311 P1:0.4311 P2:0.4312 P3:0.4309 P4:0.43085 STATE:IN_POS
[2026-05-11 15:21:50Z] CHK MOM:0% RANGE:0.09% UP:25% SPREAD:0.04640371% BID:0.431 ASK:0.4312 MID:0.4311 P1:0.4311 P2:0.4311 P3:0.4312 P4:0.4309 STATE:IN_POS
[2026-05-11 15:21:50Z] CHK MOM:0.02% RANGE:0.09% UP:30.76% SPREAD:0.04639294% BID:0.4311 ASK:0.4313 MID:0.4312 P1:0.4312 P2:0.4311 P3:0.4311 P4:0.4312 STATE:IN_POS
[2026-05-11 15:21:51Z] CHK MOM:0.04% RANGE:0.11% UP:35.71% SPREAD:0.04638218% BID:0.4312 ASK:0.4314 MID:0.4313 P1:0.4313 P2:0.4312 P3:0.4311 P4:0.4311 STATE:IN_POS
[2026-05-11 15:21:51Z] CHK MOM:0.08% RANGE:0.12% UP:42.85% SPREAD:0.02318571% BID:0.4313 ASK:0.4314 MID:0.43135 P1:0.43135 P2:0.4313 P3:0.4312 P4:0.4311 STATE:IN_POS
[2026-05-11 15:21:52Z] CHK MOM:0.1% RANGE:0.13% UP:53.84% SPREAD:0.04637143% BID:0.4313 ASK:0.4315 MID:0.4314 P1:0.4314 P2:0.43135 P3:0.4313 P4:0.4312 STATE:IN_POS
[2026-05-11 15:21:52Z] CHK MOM:0.1% RANGE:0.13% UP:50% SPREAD:0.04637143% BID:0.4313 ASK:0.4315 MID:0.4314 P1:0.4314 P2:0.4314 P3:0.43135 P4:0.4313 STATE:IN_POS
[2026-05-11 15:21:53Z] CHK MOM:0.11% RANGE:0.13% UP:50% SPREAD:0.04637143% BID:0.4313 ASK:0.4315 MID:0.4314 P1:0.4314 P2:0.4314 P3:0.4314 P4:0.43135 STATE:IN_POS
[2026-05-11 15:21:53Z] CHK MOM:0.11% RANGE:0.13% UP:50% SPREAD:0.04637143% BID:0.4313 ASK:0.4315 MID:0.4314 P1:0.4314 P2:0.4314 P3:0.4314 P4:0.43135 STATE:IN_POS
[2026-05-11 15:21:54Z] CHK MOM:0.09% RANGE:0.13% UP:50% SPREAD:0.04638218% BID:0.4312 ASK:0.4314 MID:0.4313 P1:0.4313 P2:0.4314 P3:0.4314 P4:0.4314 STATE:IN_POS
[2026-05-11 15:21:55Z] CHK MOM:0.09% RANGE:0.13% UP:50% SPREAD:0.04638218% BID:0.4312 ASK:0.4314 MID:0.4313 P1:0.4313 P2:0.4314 P3:0.4314 P4:0.4314 STATE:IN_POS
[2026-05-11 15:21:55Z] CHK MOM:0.15% RANGE:0.15% UP:57.14% SPREAD:0.02318034% BID:0.4314 ASK:0.4315 MID:0.43145 P1:0.43145 P2:0.4313 P3:0.4314 P4:0.4314 STATE:IN_POS
[2026-05-11 15:21:56Z] CHK MOM:0.16% RANGE:0.16% UP:60% SPREAD:0.04636068% BID:0.4314 ASK:0.4316 MID:0.4315 P1:0.4315 P2:0.43145 P3:0.4313 P4:0.4314 STATE:IN_POS
[2026-05-11 15:21:56Z] CHK MOM:0.11% RANGE:0.16% UP:56.25% SPREAD:0.04638218% BID:0.4312 ASK:0.4314 MID:0.4313 P1:0.4313 P2:0.4315 P3:0.43145 P4:0.4313 STATE:IN_POS
[2026-05-11 15:21:57Z] CHK MOM:0.1% RANGE:0.15% UP:50% SPREAD:0.04638218% BID:0.4312 ASK:0.4314 MID:0.4313 P1:0.4313 P2:0.4313 P3:0.4315 P4:0.43145 STATE:IN_POS
[2026-05-11 15:21:57Z] CHK MOM:0.1% RANGE:0.15% UP:47.05% SPREAD:0.04638218% BID:0.4312 ASK:0.4314 MID:0.4313 P1:0.4313 P2:0.4313 P3:0.4313 P4:0.4315 STATE:IN_POS
[2026-05-11 15:21:58Z] CHK MOM:0.1% RANGE:0.15% UP:44.44% SPREAD:0.04638218% BID:0.4312 ASK:0.4314 MID:0.4313 P1:0.4313 P2:0.4313 P3:0.4313 P4:0.4313 STATE:IN_POS
[2026-05-11 15:21:58Z] CHK MOM:0.1% RANGE:0.15% UP:44.44% SPREAD:0.04638218% BID:0.4312 ASK:0.4314 MID:0.4313 P1:0.4313 P2:0.4313 P3:0.4313 P4:0.4313 STATE:IN_POS
[2026-05-11 15:21:59Z] CHK MOM:0.1% RANGE:0.15% UP:44.44% SPREAD:0.04638218% BID:0.4312 ASK:0.4314 MID:0.4313 P1:0.4313 P2:0.4313 P3:0.4313 P4:0.4313 STATE:IN_POS
[2026-05-11 15:21:59Z] CHK MOM:0.1% RANGE:0.15% UP:42.1% SPREAD:0.04638218% BID:0.4312 ASK:0.4314 MID:0.4313 P1:0.4313 P2:0.4313 P3:0.4313 P4:0.4313 STATE:IN_POS
[2026-05-11 15:22:01Z] CHK MOM:0.02% RANGE:0.09% UP:33.33% SPREAD:0.04638218% BID:0.4312 ASK:0.4314 MID:0.4313 P1:0.4313 P2:0.4313 P3:0.4313 P4:0.4313 STATE:IN_POS
[2026-05-11 15:22:02Z] CHK MOM:0.06% RANGE:0.09% UP:41.17% SPREAD:0.04637143% BID:0.4313 ASK:0.4315 MID:0.4314 P1:0.4314 P2:0.4313 P3:0.4313 P4:0.4313 STATE:IN_POS
[2026-05-11 15:22:02Z] CHK MOM:0.06% RANGE:0.09% UP:41.17% SPREAD:0.04637143% BID:0.4313 ASK:0.4315 MID:0.4314 P1:0.4314 P2:0.4313 P3:0.4313 P4:0.4313 STATE:IN_POS
[2026-05-11 15:22:03Z] CHK MOM:0.02% RANGE:0.04% UP:31.25% SPREAD:0.04637143% BID:0.4313 ASK:0.4315 MID:0.4314 P1:0.4314 P2:0.4314 P3:0.4313 P4:0.4313 STATE:IN_POS
[2026-05-11 15:22:03Z] CHK MOM:0.02% RANGE:0.04% UP:31.25% SPREAD:0.04637143% BID:0.4313 ASK:0.4315 MID:0.4314 P1:0.4314 P2:0.4314 P3:0.4313 P4:0.4313 STATE:IN_POS
[2026-05-11 15:22:04Z] CHK MOM:0% RANGE:0.04% UP:20% SPREAD:0.04637143% BID:0.4313 ASK:0.4315 MID:0.4314 P1:0.4314 P2:0.4314 P3:0.4314 P4:0.4313 STATE:IN_POS
[2026-05-11 15:22:04Z] CHK MOM:-0.02% RANGE:0.04% UP:21.42% SPREAD:0.04638218% BID:0.4312 ASK:0.4314 MID:0.4313 P1:0.4313 P2:0.4314 P3:0.4314 P4:0.4314 STATE:IN_POS
[2026-05-11 15:22:05Z] CHK MOM:-0.02% RANGE:0.04% UP:21.42% SPREAD:0.04638218% BID:0.4312 ASK:0.4314 MID:0.4313 P1:0.4313 P2:0.4314 P3:0.4314 P4:0.4314 STATE:IN_POS
[2026-05-11 15:22:05Z] CHK MOM:-0.02% RANGE:0.04% UP:21.42% SPREAD:0.04638218% BID:0.4312 ASK:0.4314 MID:0.4313 P1:0.4313 P2:0.4314 P3:0.4314 P4:0.4314 STATE:IN_POS
[2026-05-11 15:22:06Z] CHK MOM:-0.04% RANGE:0.09% UP:21.42% SPREAD:0.04640371% BID:0.431 ASK:0.4312 MID:0.4311 P1:0.4311 P2:0.4313 P3:0.4314 P4:0.4314 STATE:IN_POS
[2026-05-11 15:22:07Z] CHK MOM:-0.05% RANGE:0.09% UP:21.42% SPREAD:0.04639294% BID:0.4311 ASK:0.4313 MID:0.4312 P1:0.4312 P2:0.4311 P3:0.4313 P4:0.4314 STATE:IN_POS
[2026-05-11 15:22:07Z] CHK MOM:-0.05% RANGE:0.09% UP:20% SPREAD:0.04639294% BID:0.4311 ASK:0.4313 MID:0.4312 P1:0.4312 P2:0.4312 P3:0.4311 P4:0.4313 STATE:IN_POS
[2026-05-11 15:22:08Z] CHK MOM:-0.08% RANGE:0.09% UP:13.33% SPREAD:0.02319647% BID:0.4311 ASK:0.4312 MID:0.43115 P1:0.43115 P2:0.4312 P3:0.4312 P4:0.4311 STATE:IN_POS
[2026-05-11 15:22:08Z] CHK MOM:-0.02% RANGE:0.06% UP:21.42% SPREAD:0.04639294% BID:0.4311 ASK:0.4313 MID:0.4312 P1:0.4312 P2:0.43115 P3:0.4312 P4:0.4312 STATE:IN_POS
[2026-05-11 15:22:09Z] CHK MOM:-0.09% RANGE:0.11% UP:20% SPREAD:0.04642525% BID:0.4308 ASK:0.431 MID:0.4309 P1:0.4309 P2:0.4312 P3:0.43115 P4:0.4312 STATE:IN_POS
[2026-05-11 15:22:09Z] CHK MOM:-0.09% RANGE:0.11% UP:21.42% SPREAD:0.04642525% BID:0.4308 ASK:0.431 MID:0.4309 P1:0.4309 P2:0.4309 P3:0.4312 P4:0.43115 STATE:IN_POS
[2026-05-11 15:22:10Z] CHK MOM:-0.1% RANGE:0.12% UP:21.42% SPREAD:0.02321262% BID:0.4308 ASK:0.4309 MID:0.43085 P1:0.43085 P2:0.4309 P3:0.4309 P4:0.4312 STATE:IN_POS
[2026-05-11 15:22:10Z] CHK MOM:-0.11% RANGE:0.13% UP:20% SPREAD:0.04643603% BID:0.4307 ASK:0.4309 MID:0.4308 P1:0.4308 P2:0.43085 P3:0.4309 P4:0.4309 STATE:IN_POS
[2026-05-11 15:22:11Z] CHK MOM:-0.12% RANGE:0.15% UP:20% SPREAD:0.02321801% BID:0.4307 ASK:0.4308 MID:0.43075 P1:0.43075 P2:0.4308 P3:0.43085 P4:0.4309 STATE:IN_POS
[2026-05-11 15:22:12Z] CHK MOM:-0.12% RANGE:0.15% UP:18.75% SPREAD:0.02321801% BID:0.4307 ASK:0.4308 MID:0.43075 P1:0.43075 P2:0.43075 P3:0.4308 P4:0.43085 STATE:IN_POS
[2026-05-11 15:22:12Z] CHK MOM:-0.09% RANGE:0.15% UP:25% SPREAD:0.04642525% BID:0.4308 ASK:0.431 MID:0.4309 P1:0.4309 P2:0.43075 P3:0.43075 P4:0.4308 STATE:IN_POS
[2026-05-11 15:22:13Z] CHK MOM:-0.09% RANGE:0.15% UP:25% SPREAD:0.04642525% BID:0.4308 ASK:0.431 MID:0.4309 P1:0.4309 P2:0.43075 P3:0.43075 P4:0.4308 STATE:IN_POS
[2026-05-11 15:22:13Z] CHK MOM:-0.12% RANGE:0.15% UP:18.75% SPREAD:0.02321262% BID:0.4308 ASK:0.4309 MID:0.43085 P1:0.43085 P2:0.4309 P3:0.43075 P4:0.43075 STATE:IN_POS
[2026-05-11 15:22:14Z] CHK MOM:-0.12% RANGE:0.15% UP:18.75% SPREAD:0.02321262% BID:0.4308 ASK:0.4309 MID:0.43085 P1:0.43085 P2:0.4309 P3:0.43075 P4:0.43075 STATE:IN_POS
[2026-05-11 15:22:14Z] CHK MOM:-0.18% RANGE:0.18% UP:18.75% SPREAD:0.0464576% BID:0.4305 ASK:0.4307 MID:0.4306 P1:0.4306 P2:0.43085 P3:0.4309 P4:0.43075 STATE:IN_POS
[2026-05-11 15:22:16Z] SELL symbol=ONDOUSDC qty=23.1 exit=0.43049999999999994 pnl=-0.038387580000000275 reason=PSELL FAIL age=59.3s latest=0.43050000 guard=0.43052366 high=0.43140000 peak=0.0232% P1=0.4306 P2=0.43085 P3=0.4309 P4=0.43075 entry=0.43129999999999996 profile=major
[2026-05-11 15:26:01Z] SESSION_START symbol=ONDOUSDC dry_run=0 profile=major strategy=momentum base_url=https://api.binance.com
[2026-05-11 15:26:01Z] TOXIC_MEMORY_LOADED count=4 symbols=GUNUSDC,JTOUSDC,ORDIUSDC,SAHARAUSDC
[2026-05-11 15:26:02Z] CHK MOM:0% RANGE:0% UP:0% SPREAD:0.02288329% BID:0.437 ASK:0.4371 MID:0.43705 P1:0.43705 P2:NA P3:NA P4:NA STATE:IDLE
[2026-05-11 15:26:03Z] CHK MOM:-0.03% RANGE:0.03% UP:0% SPREAD:0.04578754% BID:0.4368 ASK:0.437 MID:0.4369 P1:0.4369 P2:0.43705 P3:NA P4:NA STATE:IDLE
[2026-05-11 15:26:03Z] CHK MOM:0% RANGE:0.03% UP:50% SPREAD:0.02288329% BID:0.437 ASK:0.4371 MID:0.43705 P1:0.43705 P2:0.4369 P3:0.43705 P4:NA STATE:IDLE
[2026-05-11 15:26:04Z] CHK MOM:0% RANGE:0.03% UP:33.33% SPREAD:0.02288329% BID:0.437 ASK:0.4371 MID:0.43705 P1:0.43705 P2:0.43705 P3:0.4369 P4:0.43705 STATE:IDLE
[2026-05-11 15:26:04Z] CHK MOM:0.04% RANGE:0.08% UP:50% SPREAD:0.02287282% BID:0.4372 ASK:0.4373 MID:0.43725 P1:0.43725 P2:0.43705 P3:0.43705 P4:0.4369 STATE:IDLE
[2026-05-11 15:26:05Z] CHK MOM:0.04% RANGE:0.08% UP:40% SPREAD:0.02287282% BID:0.4372 ASK:0.4373 MID:0.43725 P1:0.43725 P2:0.43725 P3:0.43705 P4:0.43705 STATE:IDLE
[2026-05-11 15:26:05Z] CHK MOM:0.05% RANGE:0.09% UP:50% SPREAD:0.04574565% BID:0.4372 ASK:0.4374 MID:0.4373 P1:0.4373 P2:0.43725 P3:0.43725 P4:0.43705 STATE:IDLE
[2026-05-11 15:26:06Z] CHK MOM:0.09% RANGE:0.12% UP:57.14% SPREAD:0.02286236% BID:0.4374 ASK:0.4375 MID:0.43745 P1:0.43745 P2:0.4373 P3:0.43725 P4:0.43725 STATE:IDLE
[2026-05-11 15:26:06Z] CHK MOM:0.06% RANGE:0.12% UP:50% SPREAD:0.02286759% BID:0.4373 ASK:0.4374 MID:0.43735 P1:0.43735 P2:0.43745 P3:0.4373 P4:0.43725 STATE:IDLE
[2026-05-11 15:26:07Z] CHK MOM:0.05% RANGE:0.12% UP:44.44% SPREAD:0.04574565% BID:0.4372 ASK:0.4374 MID:0.4373 P1:0.4373 P2:0.43735 P3:0.43745 P4:0.4373 STATE:IDLE
[2026-05-11 15:26:08Z] CHK MOM:0.03% RANGE:0.12% UP:40% SPREAD:0.04575611% BID:0.4371 ASK:0.4373 MID:0.4372 P1:0.4372 P2:0.4373 P3:0.43735 P4:0.43745 STATE:IDLE
[2026-05-11 15:26:08Z] CHK MOM:0.03% RANGE:0.12% UP:36.36% SPREAD:0.04575611% BID:0.4371 ASK:0.4373 MID:0.4372 P1:0.4372 P2:0.4372 P3:0.4373 P4:0.43735 STATE:IDLE
[2026-05-11 15:26:09Z] CHK MOM:0.05% RANGE:0.12% UP:41.66% SPREAD:0.04574565% BID:0.4372 ASK:0.4374 MID:0.4373 P1:0.4373 P2:0.4372 P3:0.4372 P4:0.4373 STATE:IDLE
[2026-05-11 15:26:09Z] CHK MOM:0.08% RANGE:0.12% UP:46.15% SPREAD:0.04573519% BID:0.4373 ASK:0.4375 MID:0.4374 P1:0.4374 P2:0.4373 P3:0.4372 P4:0.4372 STATE:IDLE
[2026-05-11 15:26:10Z] CHK MOM:0.11% RANGE:0.14% UP:50% SPREAD:0.02285714% BID:0.4375 ASK:0.4376 MID:0.43755 P1:0.43755 P2:0.4374 P3:0.4373 P4:0.4372 STATE:IDLE
[2026-05-11 15:26:10Z] CHK MOM:0.1% RANGE:0.14% UP:46.66% SPREAD:0.04572473% BID:0.4374 ASK:0.4376 MID:0.4375 P1:0.4375 P2:0.43755 P3:0.4374 P4:0.4373 STATE:IDLE
[2026-05-11 15:26:11Z] CHK MOM:0.1% RANGE:0.14% UP:43.75% SPREAD:0.04572473% BID:0.4374 ASK:0.4376 MID:0.4375 P1:0.4375 P2:0.4375 P3:0.43755 P4:0.4374 STATE:IDLE
[2026-05-11 15:26:11Z] CHK MOM:0.11% RANGE:0.14% UP:47.05% SPREAD:0.02285714% BID:0.4375 ASK:0.4376 MID:0.43755 P1:0.43755 P2:0.4375 P3:0.4375 P4:0.43755 STATE:IDLE
[2026-05-11 15:26:12Z] CHK MOM:0.1% RANGE:0.14% UP:44.44% SPREAD:0.04572473% BID:0.4374 ASK:0.4376 MID:0.4375 P1:0.4375 P2:0.43755 P3:0.4375 P4:0.4375 STATE:IDLE
[2026-05-11 15:26:13Z] CHK MOM:0.05% RANGE:0.14% UP:42.1% SPREAD:0.04574565% BID:0.4372 ASK:0.4374 MID:0.4373 P1:0.4373 P2:0.4375 P3:0.43755 P4:0.4375 STATE:IDLE
[2026-05-11 15:26:13Z] CHK MOM:0.03% RANGE:0.14% UP:40% SPREAD:0.04575611% BID:0.4371 ASK:0.4373 MID:0.4372 P1:0.4372 P2:0.4373 P3:0.4375 P4:0.43755 STATE:IDLE
[2026-05-11 15:26:14Z] CHK MOM:0.03% RANGE:0.14% UP:38.09% SPREAD:0.04575611% BID:0.4371 ASK:0.4373 MID:0.4372 P1:0.4372 P2:0.4372 P3:0.4373 P4:0.4375 STATE:IDLE
[2026-05-11 15:26:14Z] CHK MOM:0.06% RANGE:0.14% UP:38.09% SPREAD:0.04575611% BID:0.4371 ASK:0.4373 MID:0.4372 P1:0.4372 P2:0.4372 P3:0.4372 P4:0.4373 STATE:IDLE
[2026-05-11 15:26:15Z] CHK MOM:0.03% RANGE:0.11% UP:33.33% SPREAD:0.04575611% BID:0.4371 ASK:0.4373 MID:0.4372 P1:0.4372 P2:0.4372 P3:0.4372 P4:0.4372 STATE:IDLE
[2026-05-11 15:26:15Z] CHK MOM:0.04% RANGE:0.11% UP:36.36% SPREAD:0.02287282% BID:0.4372 ASK:0.4373 MID:0.43725 P1:0.43725 P2:0.4372 P3:0.4372 P4:0.4372 STATE:IDLE
[2026-05-11 15:26:16Z] CHK MOM:0.03% RANGE:0.11% UP:36.36% SPREAD:0.04575611% BID:0.4371 ASK:0.4373 MID:0.4372 P1:0.4372 P2:0.43725 P3:0.4372 P4:0.4372 STATE:IDLE
[2026-05-11 15:26:16Z] CHK MOM:0.03% RANGE:0.11% UP:36.36% SPREAD:0.04575611% BID:0.4371 ASK:0.4373 MID:0.4372 P1:0.4372 P2:0.43725 P3:0.4372 P4:0.4372 STATE:IDLE
[2026-05-11 15:26:17Z] CHK MOM:0.01% RANGE:0.08% UP:38.09% SPREAD:0.04574565% BID:0.4372 ASK:0.4374 MID:0.4373 P1:0.4373 P2:0.4372 P3:0.43725 P4:0.4372 STATE:IDLE
[2026-05-11 15:26:17Z] CHK MOM:-0.08% RANGE:0.1% UP:30% SPREAD:0.04576659% BID:0.437 ASK:0.4372 MID:0.4371 P1:0.4371 P2:0.4373 P3:0.4372 P4:0.43725 STATE:IDLE
[2026-05-11 15:26:18Z] CHK MOM:-0.05% RANGE:0.1% UP:33.33% SPREAD:0.04575611% BID:0.4371 ASK:0.4373 MID:0.4372 P1:0.4372 P2:0.4371 P3:0.4373 P4:0.4372 STATE:IDLE
[2026-05-11 15:26:19Z] CHK MOM:0.03% RANGE:0.1% UP:40% SPREAD:0.02286236% BID:0.4374 ASK:0.4375 MID:0.43745 P1:0.43745 P2:0.4372 P3:0.4371 P4:0.4373 STATE:IDLE
[2026-05-11 15:26:19Z] CHK MOM:-0.02% RANGE:0.1% UP:40% SPREAD:0.04576659% BID:0.437 ASK:0.4372 MID:0.4371 P1:0.4371 P2:0.43745 P3:0.4372 P4:0.4371 STATE:IDLE
[2026-05-11 15:26:20Z] CHK MOM:0.01% RANGE:0.1% UP:42.85% SPREAD:0.02287282% BID:0.4372 ASK:0.4373 MID:0.43725 P1:0.43725 P2:0.4371 P3:0.43745 P4:0.4372 STATE:IDLE
[2026-05-11 15:26:20Z] CHK MOM:0.01% RANGE:0.1% UP:42.85% SPREAD:0.02287282% BID:0.4372 ASK:0.4373 MID:0.43725 P1:0.43725 P2:0.4371 P3:0.43745 P4:0.4372 STATE:IDLE
[2026-05-11 15:26:21Z] CHK MOM:-0.08% RANGE:0.11% UP:36.84% SPREAD:0.02288329% BID:0.437 ASK:0.4371 MID:0.43705 P1:0.43705 P2:0.43725 P3:0.4371 P4:0.43745 STATE:IDLE
[2026-05-11 15:26:21Z] CHK MOM:-0.1% RANGE:0.11% UP:36.84% SPREAD:0.04576659% BID:0.437 ASK:0.4372 MID:0.4371 P1:0.4371 P2:0.43705 P3:0.43725 P4:0.4371 STATE:IDLE
[2026-05-11 15:26:22Z] CHK MOM:-0.09% RANGE:0.11% UP:40% SPREAD:0.02287805% BID:0.4371 ASK:0.4372 MID:0.43715 P1:0.43715 P2:0.4371 P3:0.43705 P4:0.43725 STATE:IDLE
[2026-05-11 15:26:22Z] CHK MOM:-0.04% RANGE:0.11% UP:47.36% SPREAD:0.04574565% BID:0.4372 ASK:0.4374 MID:0.4373 P1:0.4373 P2:0.43715 P3:0.4371 P4:0.43705 STATE:IDLE
[2026-05-11 15:26:23Z] CHK MOM:-0.04% RANGE:0.11% UP:45% SPREAD:0.04574565% BID:0.4372 ASK:0.4374 MID:0.4373 P1:0.4373 P2:0.4373 P3:0.43715 P4:0.4371 STATE:IDLE
[2026-05-11 15:26:24Z] CHK MOM:0.03% RANGE:0.09% UP:50% SPREAD:0.02286236% BID:0.4374 ASK:0.4375 MID:0.43745 P1:0.43745 P2:0.4373 P3:0.4373 P4:0.43715 STATE:IDLE
[2026-05-11 15:26:24Z] CHK MOM:-0.06% RANGE:0.1% UP:47.36% SPREAD:0.04577706% BID:0.4369 ASK:0.4371 MID:0.437 P1:0.437 P2:0.43745 P3:0.4373 P4:0.4373 STATE:IDLE
[2026-05-11 15:26:25Z] CHK MOM:-0.03% RANGE:0.1% UP:52.63% SPREAD:0.06866559% BID:0.4369 ASK:0.4372 MID:0.43705 P1:0.43705 P2:0.437 P3:0.43745 P4:0.4373 STATE:IDLE
[2026-05-11 15:26:25Z] CHK MOM:-0.03% RANGE:0.1% UP:50% SPREAD:0.06866559% BID:0.4369 ASK:0.4372 MID:0.43705 P1:0.43705 P2:0.43705 P3:0.437 P4:0.43745 STATE:IDLE
[2026-05-11 15:26:26Z] CHK MOM:-0.04% RANGE:0.1% UP:52.63% SPREAD:0.04577706% BID:0.4369 ASK:0.4371 MID:0.437 P1:0.437 P2:0.43705 P3:0.43705 P4:0.437 STATE:IDLE
[2026-05-11 15:26:26Z] CHK MOM:-0.08% RANGE:0.13% UP:52.63% SPREAD:0.02289377% BID:0.4368 ASK:0.4369 MID:0.43685 P1:0.43685 P2:0.437 P3:0.43705 P4:0.43705 STATE:IDLE
[2026-05-11 15:26:27Z] CHK MOM:-0.09% RANGE:0.14% UP:50% SPREAD:0.04579803% BID:0.4367 ASK:0.4369 MID:0.43679999 P1:0.43679999 P2:0.43685 P3:0.437 P4:0.43705 STATE:IDLE
[2026-05-11 15:26:27Z] CHK MOM:-0.02% RANGE:0.14% UP:50% SPREAD:0.06864988% BID:0.437 ASK:0.4373 MID:0.43715 P1:0.43715 P2:0.43679999 P3:0.43685 P4:0.437 STATE:IDLE
[2026-05-11 15:26:28Z] CHK MOM:-0.04% RANGE:0.14% UP:47.36% SPREAD:0.04576659% BID:0.437 ASK:0.4372 MID:0.4371 P1:0.4371 P2:0.43715 P3:0.43679999 P4:0.43685 STATE:IDLE
[2026-05-11 15:26:29Z] CHK MOM:-0.04% RANGE:0.14% UP:47.36% SPREAD:0.04576659% BID:0.437 ASK:0.4372 MID:0.4371 P1:0.4371 P2:0.43715 P3:0.43679999 P4:0.43685 STATE:IDLE
[2026-05-11 15:26:29Z] CHK MOM:0% RANGE:0.14% UP:47.36% SPREAD:0.04576659% BID:0.437 ASK:0.4372 MID:0.4371 P1:0.4371 P2:0.4371 P3:0.43715 P4:0.43679999 STATE:IDLE
[2026-05-11 15:26:30Z] CHK MOM:-0.04% RANGE:0.14% UP:42.1% SPREAD:0.04577706% BID:0.4369 ASK:0.4371 MID:0.437 P1:0.437 P2:0.4371 P3:0.4371 P4:0.43715 STATE:IDLE
[2026-05-11 15:26:30Z] CHK MOM:-0.12% RANGE:0.14% UP:36.84% SPREAD:0.04578754% BID:0.4368 ASK:0.437 MID:0.4369 P1:0.4369 P2:0.437 P3:0.4371 P4:0.4371 STATE:IDLE
[2026-05-11 15:26:31Z] CHK MOM:-0.12% RANGE:0.14% UP:36.84% SPREAD:0.04578754% BID:0.4368 ASK:0.437 MID:0.4369 P1:0.4369 P2:0.437 P3:0.4371 P4:0.4371 STATE:IDLE
[2026-05-11 15:26:31Z] CHK MOM:-0.08% RANGE:0.16% UP:36.84% SPREAD:0.02289901% BID:0.4367 ASK:0.4368 MID:0.43674999 P1:0.43674999 P2:0.4369 P3:0.437 P4:0.4371 STATE:IDLE
[2026-05-11 15:26:32Z] CHK MOM:-0.11% RANGE:0.16% UP:31.57% SPREAD:0.02289901% BID:0.4367 ASK:0.4368 MID:0.43674999 P1:0.43674999 P2:0.43674999 P3:0.4369 P4:0.437 STATE:IDLE
[2026-05-11 15:26:32Z] CHK MOM:-0.11% RANGE:0.16% UP:31.57% SPREAD:0.02289901% BID:0.4367 ASK:0.4368 MID:0.43674999 P1:0.43674999 P2:0.43674999 P3:0.4369 P4:0.437 STATE:IDLE
[2026-05-11 15:26:33Z] CHK MOM:-0.06% RANGE:0.16% UP:31.57% SPREAD:0.02289901% BID:0.4367 ASK:0.4368 MID:0.43674999 P1:0.43674999 P2:0.43674999 P3:0.43674999 P4:0.4369 STATE:IDLE
[2026-05-11 15:26:33Z] CHK MOM:-0.08% RANGE:0.16% UP:26.31% SPREAD:0.02289901% BID:0.4367 ASK:0.4368 MID:0.43674999 P1:0.43674999 P2:0.43674999 P3:0.43674999 P4:0.43674999 STATE:IDLE
[2026-05-11 15:26:34Z] CHK MOM:-0.11% RANGE:0.16% UP:22.22% SPREAD:0.04579803% BID:0.4367 ASK:0.4369 MID:0.43679999 P1:0.43679999 P2:0.43674999 P3:0.43674999 P4:0.43674999 STATE:IDLE
[2026-05-11 15:26:35Z] CHK MOM:-0.11% RANGE:0.16% UP:21.05% SPREAD:0.04579803% BID:0.4367 ASK:0.4369 MID:0.43679999 P1:0.43679999 P2:0.43679999 P3:0.43674999 P4:0.43674999 STATE:IDLE
[2026-05-11 15:26:35Z] CHK MOM:-0.12% RANGE:0.16% UP:22.22% SPREAD:0.04578754% BID:0.4368 ASK:0.437 MID:0.4369 P1:0.4369 P2:0.43679999 P3:0.43679999 P4:0.43674999 STATE:IDLE
[2026-05-11 15:26:36Z] CHK MOM:-0.12% RANGE:0.16% UP:21.05% SPREAD:0.04578754% BID:0.4368 ASK:0.437 MID:0.4369 P1:0.4369 P2:0.4369 P3:0.43679999 P4:0.43679999 STATE:IDLE
[2026-05-11 15:26:36Z] CHK MOM:-0.12% RANGE:0.16% UP:21.05% SPREAD:0.04578754% BID:0.4368 ASK:0.437 MID:0.4369 P1:0.4369 P2:0.4369 P3:0.43679999 P4:0.43679999 STATE:IDLE
[2026-05-11 15:26:37Z] CHK MOM:-0.03% RANGE:0.09% UP:17.64% SPREAD:0.04578754% BID:0.4368 ASK:0.437 MID:0.4369 P1:0.4369 P2:0.4369 P3:0.4369 P4:0.43679999 STATE:IDLE
[2026-05-11 15:26:37Z] CHK MOM:-0.04% RANGE:0.09% UP:16.66% SPREAD:0.06869704% BID:0.4367 ASK:0.437 MID:0.43684999 P1:0.43684999 P2:0.4369 P3:0.4369 P4:0.4369 STATE:IDLE
[2026-05-11 15:26:38Z] CHK MOM:-0.05% RANGE:0.09% UP:16.66% SPREAD:0.02289901% BID:0.4367 ASK:0.4368 MID:0.43674999 P1:0.43674999 P2:0.43684999 P3:0.4369 P4:0.4369 STATE:IDLE
[2026-05-11 15:26:38Z] CHK MOM:0% RANGE:0.09% UP:23.52% SPREAD:0.04579803% BID:0.4367 ASK:0.4369 MID:0.43679999 P1:0.43679999 P2:0.43674999 P3:0.43684999 P4:0.4369 STATE:IDLE
[2026-05-11 15:26:39Z] CHK MOM:-0.09% RANGE:0.09% UP:17.64% SPREAD:0.02289901% BID:0.4367 ASK:0.4368 MID:0.43674999 P1:0.43674999 P2:0.43679999 P3:0.43674999 P4:0.43684999 STATE:IDLE
[2026-05-11 15:26:40Z] CHK MOM:-0.08% RANGE:0.09% UP:22.22% SPREAD:0.04579803% BID:0.4367 ASK:0.4369 MID:0.43679999 P1:0.43679999 P2:0.43674999 P3:0.43679999 P4:0.43674999 STATE:IDLE
[2026-05-11 15:26:40Z] CHK MOM:-0.08% RANGE:0.08% UP:23.52% SPREAD:0.02289901% BID:0.4367 ASK:0.4368 MID:0.43674999 P1:0.43674999 P2:0.43679999 P3:0.43674999 P4:0.43679999 STATE:IDLE
[2026-05-11 15:26:41Z] CHK MOM:-0.04% RANGE:0.08% UP:27.77% SPREAD:0.04578754% BID:0.4368 ASK:0.437 MID:0.4369 P1:0.4369 P2:0.43674999 P3:0.43679999 P4:0.43674999 STATE:IDLE
[2026-05-11 15:26:41Z] CHK MOM:-0.04% RANGE:0.08% UP:27.77% SPREAD:0.04578754% BID:0.4368 ASK:0.437 MID:0.4369 P1:0.4369 P2:0.43674999 P3:0.43679999 P4:0.43674999 STATE:IDLE
[2026-05-11 16:34:49Z] SESSION_START symbol=ONDOUSDC dry_run=0 profile=major strategy=momentum base_url=https://api.binance.com
[2026-05-11 16:34:49Z] TOXIC_MEMORY_LOADED count=4 symbols=GUNUSDC,JTOUSDC,ORDIUSDC,SAHARAUSDC
[2026-05-11 16:34:52Z] CHK MOM:0% RANGE:0% UP:0% SPREAD:0.04672897% BID:0.428 ASK:0.4282 MID:0.4281 P1:0.4281 P2:NA P3:NA P4:NA STATE:IDLE
[2026-05-11 16:34:52Z] CHK MOM:-0.01% RANGE:0.01% UP:0% SPREAD:0.02336448% BID:0.428 ASK:0.4281 MID:0.42805 P1:0.42805 P2:0.4281 P3:NA P4:NA STATE:IDLE
[2026-05-11 16:34:53Z] CHK MOM:-0.01% RANGE:0.01% UP:0% SPREAD:0.02336448% BID:0.428 ASK:0.4281 MID:0.42805 P1:0.42805 P2:0.4281 P3:NA P4:NA STATE:IDLE
[2026-05-11 16:34:53Z] CHK MOM:-0.01% RANGE:0.01% UP:0% SPREAD:0.02336448% BID:0.428 ASK:0.4281 MID:0.42805 P1:0.42805 P2:0.42805 P3:0.4281 P4:NA STATE:IDLE
[2026-05-11 16:34:54Z] CHK MOM:-0.01% RANGE:0.01% UP:0% SPREAD:0.02336448% BID:0.428 ASK:0.4281 MID:0.42805 P1:0.42805 P2:0.42805 P3:0.42805 P4:0.4281 STATE:IDLE
[2026-05-11 16:34:54Z] CHK MOM:-0.01% RANGE:0.01% UP:0% SPREAD:0.02336448% BID:0.428 ASK:0.4281 MID:0.42805 P1:0.42805 P2:0.42805 P3:0.42805 P4:0.42805 STATE:IDLE
[2026-05-11 16:34:55Z] CHK MOM:-0.01% RANGE:0.01% UP:0% SPREAD:0.02336448% BID:0.428 ASK:0.4281 MID:0.42805 P1:0.42805 P2:0.42805 P3:0.42805 P4:0.42805 STATE:IDLE
[2026-05-11 16:34:55Z] CHK MOM:-0.01% RANGE:0.01% UP:0% SPREAD:0.02336448% BID:0.428 ASK:0.4281 MID:0.42805 P1:0.42805 P2:0.42805 P3:0.42805 P4:0.42805 STATE:IDLE
[2026-05-11 16:34:56Z] CHK MOM:0% RANGE:0.01% UP:16.66% SPREAD:0.04672897% BID:0.428 ASK:0.4282 MID:0.4281 P1:0.4281 P2:0.42805 P3:0.42805 P4:0.42805 STATE:IDLE
[2026-05-11 16:34:56Z] CHK MOM:-0.01% RANGE:0.01% UP:14.28% SPREAD:0.02336448% BID:0.428 ASK:0.4281 MID:0.42805 P1:0.42805 P2:0.4281 P3:0.42805 P4:0.42805 STATE:IDLE
[2026-05-11 16:34:57Z] CHK MOM:0% RANGE:0.01% UP:25% SPREAD:0.04672897% BID:0.428 ASK:0.4282 MID:0.4281 P1:0.4281 P2:0.42805 P3:0.4281 P4:0.42805 STATE:IDLE
[2026-05-11 16:34:58Z] CHK MOM:0.01% RANGE:0.02% UP:33.33% SPREAD:0.02335902% BID:0.4281 ASK:0.4282 MID:0.42815 P1:0.42815 P2:0.4281 P3:0.42805 P4:0.4281 STATE:IDLE
[2026-05-11 16:34:58Z] CHK MOM:0.01% RANGE:0.02% UP:33.33% SPREAD:0.02335902% BID:0.4281 ASK:0.4282 MID:0.42815 P1:0.42815 P2:0.4281 P3:0.42805 P4:0.4281 STATE:IDLE
[2026-05-11 16:34:59Z] CHK MOM:0.01% RANGE:0.02% UP:30% SPREAD:0.02335902% BID:0.4281 ASK:0.4282 MID:0.42815 P1:0.42815 P2:0.42815 P3:0.4281 P4:0.42805 STATE:IDLE
[2026-05-11 16:34:59Z] CHK MOM:0.01% RANGE:0.02% UP:27.27% SPREAD:0.02335902% BID:0.4281 ASK:0.4282 MID:0.42815 P1:0.42815 P2:0.42815 P3:0.42815 P4:0.4281 STATE:IDLE
[2026-05-11 16:35:00Z] CHK MOM:-0.01% RANGE:0.02% UP:25% SPREAD:0.02336448% BID:0.428 ASK:0.4281 MID:0.42805 P1:0.42805 P2:0.42815 P3:0.42815 P4:0.42815 STATE:IDLE
[2026-05-11 16:35:00Z] CHK MOM:-0.01% RANGE:0.02% UP:23.07% SPREAD:0.02336448% BID:0.428 ASK:0.4281 MID:0.42805 P1:0.42805 P2:0.42805 P3:0.42815 P4:0.42815 STATE:IDLE
[2026-05-11 16:35:01Z] CHK MOM:0.05% RANGE:0.07% UP:28.57% SPREAD:0.02334812% BID:0.4283 ASK:0.4284 MID:0.42835 P1:0.42835 P2:0.42805 P3:0.42805 P4:0.42815 STATE:IDLE
[2026-05-11 16:35:01Z] CHK MOM:0.05% RANGE:0.07% UP:26.66% SPREAD:0.02334812% BID:0.4283 ASK:0.4284 MID:0.42835 P1:0.42835 P2:0.42835 P3:0.42805 P4:0.42805 STATE:IDLE
[2026-05-11 16:35:02Z] CHK MOM:0.05% RANGE:0.07% UP:26.66% SPREAD:0.02334812% BID:0.4283 ASK:0.4284 MID:0.42835 P1:0.42835 P2:0.42835 P3:0.42805 P4:0.42805 STATE:IDLE
[2026-05-11 16:35:03Z] CHK MOM:0.05% RANGE:0.07% UP:25% SPREAD:0.02334812% BID:0.4283 ASK:0.4284 MID:0.42835 P1:0.42835 P2:0.42835 P3:0.42835 P4:0.42805 STATE:IDLE
[2026-05-11 16:35:03Z] CHK MOM:0.07% RANGE:0.08% UP:29.41% SPREAD:0.04669624% BID:0.4283 ASK:0.4285 MID:0.4284 P1:0.4284 P2:0.42835 P3:0.42835 P4:0.42835 STATE:IDLE
[2026-05-11 16:35:04Z] CHK MOM:0.09% RANGE:0.09% UP:37.5% SPREAD:0.02334267% BID:0.4284 ASK:0.4285 MID:0.42845 P1:0.42845 P2:0.4284 P3:0.42835 P4:0.42835 STATE:IDLE
[2026-05-11 16:35:04Z] CHK MOM:0.12% RANGE:0.12% UP:41.17% SPREAD:0.04667444% BID:0.4285 ASK:0.4287 MID:0.4286 P1:0.4286 P2:0.42845 P3:0.4284 P4:0.42835 STATE:IDLE
[2026-05-11 16:35:05Z] CHK MOM:0.12% RANGE:0.12% UP:38.88% SPREAD:0.04667444% BID:0.4285 ASK:0.4287 MID:0.4286 P1:0.4286 P2:0.4286 P3:0.42845 P4:0.4284 STATE:IDLE
[2026-05-11 16:35:05Z] CHK MOM:0.12% RANGE:0.12% UP:38.88% SPREAD:0.04667444% BID:0.4285 ASK:0.4287 MID:0.4286 P1:0.4286 P2:0.4286 P3:0.4286 P4:0.42845 STATE:IDLE
[2026-05-11 16:35:06Z] CHK MOM:0.05% RANGE:0.12% UP:36.84% SPREAD:0.04670714% BID:0.4282 ASK:0.4284 MID:0.4283 P1:0.4283 P2:0.4286 P3:0.4286 P4:0.4286 STATE:IDLE
[2026-05-11 16:35:06Z] CHK MOM:0.05% RANGE:0.12% UP:36.84% SPREAD:0.04670714% BID:0.4282 ASK:0.4284 MID:0.4283 P1:0.4283 P2:0.4286 P3:0.4286 P4:0.4286 STATE:IDLE
[2026-05-11 16:35:07Z] CHK MOM:-0.01% RANGE:0.14% UP:38.88% SPREAD:0.04673989% BID:0.4279 ASK:0.4281 MID:0.428 P1:0.428 P2:0.4283 P3:0.4286 P4:0.4286 STATE:IDLE
[2026-05-11 16:35:08Z] CHK MOM:-0.02% RANGE:0.14% UP:33.33% SPREAD:0.04673989% BID:0.4279 ASK:0.4281 MID:0.428 P1:0.428 P2:0.428 P3:0.4283 P4:0.4286 STATE:IDLE
[2026-05-11 16:35:08Z] CHK MOM:-0.03% RANGE:0.15% UP:29.41% SPREAD:0.02336994% BID:0.4279 ASK:0.428 MID:0.42795 P1:0.42795 P2:0.428 P3:0.428 P4:0.4283 STATE:IDLE
[2026-05-11 16:35:09Z] CHK MOM:-0.03% RANGE:0.15% UP:29.41% SPREAD:0.02336994% BID:0.4279 ASK:0.428 MID:0.42795 P1:0.42795 P2:0.428 P3:0.428 P4:0.4283 STATE:IDLE
[2026-05-11 16:35:09Z] CHK MOM:-0.03% RANGE:0.15% UP:29.41% SPREAD:0.04673989% BID:0.4279 ASK:0.4281 MID:0.428 P1:0.428 P2:0.42795 P3:0.428 P4:0.428 STATE:IDLE
[2026-05-11 16:35:10Z] CHK MOM:-0.04% RANGE:0.15% UP:29.41% SPREAD:0.02336994% BID:0.4279 ASK:0.428 MID:0.42795 P1:0.42795 P2:0.428 P3:0.42795 P4:0.428 STATE:IDLE
[2026-05-11 16:35:10Z] CHK MOM:-0.04% RANGE:0.15% UP:29.41% SPREAD:0.02336994% BID:0.4279 ASK:0.428 MID:0.42795 P1:0.42795 P2:0.428 P3:0.42795 P4:0.428 STATE:IDLE
[2026-05-11 16:35:11Z] CHK MOM:-0.04% RANGE:0.15% UP:29.41% SPREAD:0.02336994% BID:0.4279 ASK:0.428 MID:0.42795 P1:0.42795 P2:0.428 P3:0.42795 P4:0.428 STATE:IDLE
[2026-05-11 16:35:11Z] CHK MOM:-0.07% RANGE:0.19% UP:31.25% SPREAD:0.02338087% BID:0.4277 ASK:0.4278 MID:0.42775 P1:0.42775 P2:0.42795 P3:0.428 P4:0.42795 STATE:IDLE
[2026-05-11 16:35:12Z] CHK MOM:-0.09% RANGE:0.22% UP:29.41% SPREAD:0.02338634% BID:0.4276 ASK:0.4277 MID:0.42765 P1:0.42765 P2:0.42775 P3:0.42795 P4:0.428 STATE:IDLE
[2026-05-11 16:35:13Z] CHK MOM:-0.09% RANGE:0.22% UP:29.41% SPREAD:0.02338634% BID:0.4276 ASK:0.4277 MID:0.42765 P1:0.42765 P2:0.42775 P3:0.42795 P4:0.428 STATE:IDLE
[2026-05-11 16:35:13Z] CHK MOM:-0.16% RANGE:0.22% UP:28.57% SPREAD:0.02338634% BID:0.4276 ASK:0.4277 MID:0.42765 P1:0.42765 P2:0.42765 P3:0.42775 P4:0.42795 STATE:IDLE
[2026-05-11 16:35:14Z] CHK MOM:-0.14% RANGE:0.22% UP:33.33% SPREAD:0.02338087% BID:0.4277 ASK:0.4278 MID:0.42775 P1:0.42775 P2:0.42765 P3:0.42765 P4:0.42775 STATE:IDLE
[2026-05-11 16:35:14Z] CHK MOM:-0.14% RANGE:0.22% UP:33.33% SPREAD:0.02338087% BID:0.4277 ASK:0.4278 MID:0.42775 P1:0.42775 P2:0.42765 P3:0.42765 P4:0.42775 STATE:IDLE
[2026-05-11 16:35:15Z] CHK MOM:-0.14% RANGE:0.22% UP:33.33% SPREAD:0.02338087% BID:0.4277 ASK:0.4278 MID:0.42775 P1:0.42775 P2:0.42765 P3:0.42765 P4:0.42775 STATE:IDLE
[2026-05-11 16:35:15Z] CHK MOM:-0.14% RANGE:0.22% UP:33.33% SPREAD:0.02338087% BID:0.4277 ASK:0.4278 MID:0.42775 P1:0.42775 P2:0.42765 P3:0.42765 P4:0.42775 STATE:IDLE
[2026-05-11 16:35:16Z] CHK MOM:-0.14% RANGE:0.22% UP:33.33% SPREAD:0.02338087% BID:0.4277 ASK:0.4278 MID:0.42775 P1:0.42775 P2:0.42765 P3:0.42765 P4:0.42775 STATE:IDLE
[2026-05-11 16:35:16Z] CHK MOM:-0.13% RANGE:0.22% UP:25% SPREAD:0.04673989% BID:0.4279 ASK:0.4281 MID:0.428 P1:0.428 P2:0.42775 P3:0.42765 P4:0.42765 STATE:IDLE
[2026-05-11 16:35:17Z] CHK MOM:-0.15% RANGE:0.22% UP:23.07% SPREAD:0.07012622% BID:0.4278 ASK:0.4281 MID:0.42795 P1:0.42795 P2:0.428 P3:0.42775 P4:0.42765 STATE:IDLE
[2026-05-11 16:35:18Z] CHK MOM:-0.13% RANGE:0.22% UP:30.76% SPREAD:0.04673989% BID:0.4279 ASK:0.4281 MID:0.428 P1:0.428 P2:0.42795 P3:0.428 P4:0.42775 STATE:IDLE
[2026-05-11 16:35:18Z] CHK MOM:-0.03% RANGE:0.08% UP:33.33% SPREAD:0.0233754% BID:0.4278 ASK:0.4279 MID:0.42785 P1:0.42785 P2:0.428 P3:0.42795 P4:0.428 STATE:IDLE
[2026-05-11 16:35:19Z] CHK MOM:-0.03% RANGE:0.08% UP:30.76% SPREAD:0.0233754% BID:0.4278 ASK:0.4279 MID:0.42785 P1:0.42785 P2:0.42785 P3:0.428 P4:0.42795 STATE:IDLE
[2026-05-11 16:35:19Z] CHK MOM:-0.03% RANGE:0.08% UP:33.33% SPREAD:0.04676174% BID:0.4277 ASK:0.4279 MID:0.4278 P1:0.4278 P2:0.42785 P3:0.42785 P4:0.428 STATE:IDLE
[2026-05-11 16:35:20Z] CHK MOM:-0.05% RANGE:0.08% UP:30.76% SPREAD:0.04677268% BID:0.4276 ASK:0.4278 MID:0.42769999 P1:0.42769999 P2:0.4278 P3:0.42785 P4:0.42785 STATE:IDLE
[2026-05-11 16:35:20Z] CHK MOM:-0.07% RANGE:0.08% UP:28.57% SPREAD:0.02338634% BID:0.4276 ASK:0.4277 MID:0.42765 P1:0.42765 P2:0.42769999 P3:0.4278 P4:0.42785 STATE:IDLE
[2026-05-11 16:35:21Z] CHK MOM:-0.11% RANGE:0.11% UP:21.42% SPREAD:0.04679457% BID:0.4274 ASK:0.4276 MID:0.4275 P1:0.4275 P2:0.42765 P3:0.42769999 P4:0.4278 STATE:IDLE
[2026-05-11 16:35:21Z] CHK MOM:-0.11% RANGE:0.11% UP:21.42% SPREAD:0.04679457% BID:0.4274 ASK:0.4276 MID:0.4275 P1:0.4275 P2:0.42765 P3:0.42769999 P4:0.4278 STATE:IDLE
[2026-05-11 16:35:22Z] CHK MOM:-0.11% RANGE:0.11% UP:21.42% SPREAD:0.04679457% BID:0.4274 ASK:0.4276 MID:0.4275 P1:0.4275 P2:0.42765 P3:0.42769999 P4:0.4278 STATE:IDLE
[2026-05-11 16:35:22Z] CHK MOM:-0.11% RANGE:0.11% UP:21.42% SPREAD:0.04679457% BID:0.4274 ASK:0.4276 MID:0.4275 P1:0.4275 P2:0.42765 P3:0.42769999 P4:0.4278 STATE:IDLE
[2026-05-11 16:35:23Z] CHK MOM:-0.07% RANGE:0.12% UP:23.07% SPREAD:0.02339728% BID:0.4274 ASK:0.4275 MID:0.42745 P1:0.42745 P2:0.4275 P3:0.42765 P4:0.42769999 STATE:IDLE
[2026-05-11 16:35:24Z] CHK MOM:-0.1% RANGE:0.18% UP:25% SPREAD:0.04682744% BID:0.4271 ASK:0.4273 MID:0.4272 P1:0.4272 P2:0.42745 P3:0.4275 P4:0.42765 STATE:IDLE
[2026-05-11 16:35:24Z] CHK MOM:-0.1% RANGE:0.18% UP:23.07% SPREAD:0.04682744% BID:0.4271 ASK:0.4273 MID:0.4272 P1:0.4272 P2:0.4272 P3:0.42745 P4:0.4275 STATE:IDLE
[2026-05-11 16:35:25Z] CHK MOM:-0.11% RANGE:0.19% UP:21.42% SPREAD:0.02341372% BID:0.4271 ASK:0.4272 MID:0.42715 P1:0.42715 P2:0.4272 P3:0.4272 P4:0.42745 STATE:IDLE
[2026-05-11 16:35:25Z] CHK MOM:-0.11% RANGE:0.19% UP:20% SPREAD:0.02341372% BID:0.4271 ASK:0.4272 MID:0.42715 P1:0.42715 P2:0.42715 P3:0.4272 P4:0.4272 STATE:IDLE
[2026-05-11 16:35:26Z] CHK MOM:-0.22% RANGE:0.22% UP:7.14% SPREAD:0.0234192% BID:0.427 ASK:0.4271 MID:0.42705 P1:0.42705 P2:0.42715 P3:0.42715 P4:0.4272 STATE:IDLE
[2026-05-11 16:35:26Z] CHK MOM:-0.25% RANGE:0.25% UP:6.66% SPREAD:0.04686035% BID:0.4268 ASK:0.427 MID:0.4269 P1:0.4269 P2:0.42705 P3:0.42715 P4:0.42715 STATE:IDLE
[2026-05-11 16:35:27Z] CHK MOM:-0.25% RANGE:0.25% UP:6.25% SPREAD:0.04686035% BID:0.4268 ASK:0.427 MID:0.4269 P1:0.4269 P2:0.4269 P3:0.42705 P4:0.42715 STATE:IDLE
[2026-05-11 16:35:27Z] CHK MOM:-0.24% RANGE:0.25% UP:11.76% SPREAD:0.02342468% BID:0.4269 ASK:0.427 MID:0.42695 P1:0.42695 P2:0.4269 P3:0.4269 P4:0.42705 STATE:IDLE
[2026-05-11 16:35:28Z] CHK MOM:-0.24% RANGE:0.25% UP:11.76% SPREAD:0.02342468% BID:0.4269 ASK:0.427 MID:0.42695 P1:0.42695 P2:0.4269 P3:0.4269 P4:0.42705 STATE:IDLE
[2026-05-11 16:35:29Z] CHK MOM:-0.25% RANGE:0.25% UP:11.11% SPREAD:0.04686035% BID:0.4268 ASK:0.427 MID:0.4269 P1:0.4269 P2:0.42695 P3:0.4269 P4:0.4269 STATE:IDLE
[2026-05-11 16:35:29Z] CHK MOM:-0.21% RANGE:0.22% UP:12.5% SPREAD:0.02342468% BID:0.4269 ASK:0.427 MID:0.42695 P1:0.42695 P2:0.4269 P3:0.42695 P4:0.4269 STATE:IDLE
[2026-05-11 16:35:30Z] CHK MOM:-0.23% RANGE:0.23% UP:11.76% SPREAD:0.02343017% BID:0.4268 ASK:0.4269 MID:0.42685 P1:0.42685 P2:0.42695 P3:0.4269 P4:0.42695 STATE:IDLE
[2026-05-11 16:35:30Z] CHK MOM:-0.24% RANGE:0.24% UP:11.11% SPREAD:0.04687133% BID:0.4267 ASK:0.4269 MID:0.4268 P1:0.4268 P2:0.42685 P3:0.42695 P4:0.4269 STATE:IDLE
[2026-05-11 16:35:31Z] CHK MOM:-0.24% RANGE:0.24% UP:11.11% SPREAD:0.04687133% BID:0.4267 ASK:0.4269 MID:0.4268 P1:0.4268 P2:0.42685 P3:0.42695 P4:0.4269 STATE:IDLE
[2026-05-11 16:35:31Z] CHK MOM:-0.24% RANGE:0.24% UP:12.5% SPREAD:0.02344116% BID:0.4266 ASK:0.4267 MID:0.42665 P1:0.42665 P2:0.4268 P3:0.42685 P4:0.42695 STATE:IDLE
[2026-05-11 16:35:32Z] CHK MOM:-0.24% RANGE:0.24% UP:12.5% SPREAD:0.02344116% BID:0.4266 ASK:0.4267 MID:0.42665 P1:0.42665 P2:0.4268 P3:0.42685 P4:0.42695 STATE:IDLE
[2026-05-11 16:35:32Z] CHK MOM:-0.18% RANGE:0.19% UP:20% SPREAD:0.04688232% BID:0.4266 ASK:0.4268 MID:0.42669999 P1:0.42669999 P2:0.42665 P3:0.4268 P4:0.42685 STATE:IDLE
[2026-05-11 16:35:33Z] CHK MOM:-0.18% RANGE:0.19% UP:18.75% SPREAD:0.04688232% BID:0.4266 ASK:0.4268 MID:0.42669999 P1:0.42669999 P2:0.42669999 P3:0.42665 P4:0.4268 STATE:IDLE
[2026-05-11 16:35:33Z] CHK MOM:-0.17% RANGE:0.18% UP:18.75% SPREAD:0.04688232% BID:0.4266 ASK:0.4268 MID:0.42669999 P1:0.42669999 P2:0.42669999 P3:0.42669999 P4:0.42665 STATE:IDLE
[2026-05-11 16:35:34Z] CHK MOM:-0.17% RANGE:0.18% UP:18.75% SPREAD:0.04688232% BID:0.4266 ASK:0.4268 MID:0.42669999 P1:0.42669999 P2:0.42669999 P3:0.42669999 P4:0.42665 STATE:IDLE
[2026-05-11 16:35:35Z] CHK MOM:-0.04% RANGE:0.12% UP:25% SPREAD:0.04684937% BID:0.4269 ASK:0.4271 MID:0.427 P1:0.427 P2:0.42669999 P3:0.42669999 P4:0.42669999 STATE:IDLE
[2026-05-11 16:35:35Z] CHK MOM:-0.04% RANGE:0.12% UP:23.52% SPREAD:0.04684937% BID:0.4269 ASK:0.4271 MID:0.427 P1:0.427 P2:0.427 P3:0.42669999 P4:0.42669999 STATE:IDLE
[2026-05-11 16:35:36Z] CHK MOM:-0.04% RANGE:0.12% UP:23.52% SPREAD:0.04684937% BID:0.4269 ASK:0.4271 MID:0.427 P1:0.427 P2:0.427 P3:0.42669999 P4:0.42669999 STATE:IDLE
[2026-05-11 16:35:36Z] CHK MOM:-0.03% RANGE:0.12% UP:29.41% SPREAD:0.0234192% BID:0.427 ASK:0.4271 MID:0.42705 P1:0.42705 P2:0.427 P3:0.427 P4:0.42669999 STATE:IDLE
[2026-05-11 16:35:37Z] CHK MOM:-0.03% RANGE:0.11% UP:31.25% SPREAD:0.04684937% BID:0.4269 ASK:0.4271 MID:0.427 P1:0.427 P2:0.42705 P3:0.427 P4:0.427 STATE:IDLE
[2026-05-11 16:35:37Z] CHK MOM:-0.01% RANGE:0.09% UP:31.25% SPREAD:0.04684937% BID:0.4269 ASK:0.4271 MID:0.427 P1:0.427 P2:0.427 P3:0.42705 P4:0.427 STATE:IDLE
[2026-05-11 16:35:38Z] CHK MOM:-0.01% RANGE:0.09% UP:31.25% SPREAD:0.04684937% BID:0.4269 ASK:0.4271 MID:0.427 P1:0.427 P2:0.427 P3:0.42705 P4:0.427 STATE:IDLE
[2026-05-11 16:35:38Z] CHK MOM:0.02% RANGE:0.09% UP:31.25% SPREAD:0.04684937% BID:0.4269 ASK:0.4271 MID:0.427 P1:0.427 P2:0.427 P3:0.427 P4:0.42705 STATE:IDLE
[2026-05-11 16:35:39Z] CHK MOM:0.02% RANGE:0.09% UP:31.25% SPREAD:0.04684937% BID:0.4269 ASK:0.4271 MID:0.427 P1:0.427 P2:0.427 P3:0.427 P4:0.42705 STATE:IDLE
[2026-05-11 16:35:40Z] CHK MOM:0.02% RANGE:0.09% UP:28.57% SPREAD:0.04684937% BID:0.4269 ASK:0.4271 MID:0.427 P1:0.427 P2:0.427 P3:0.427 P4:0.427 STATE:IDLE
[2026-05-11 16:35:40Z] CHK MOM:0.02% RANGE:0.09% UP:28.57% SPREAD:0.04684937% BID:0.4269 ASK:0.4271 MID:0.427 P1:0.427 P2:0.427 P3:0.427 P4:0.427 STATE:IDLE
[2026-05-11 16:35:41Z] CHK MOM:0.01% RANGE:0.09% UP:21.42% SPREAD:0.04684937% BID:0.4269 ASK:0.4271 MID:0.427 P1:0.427 P2:0.427 P3:0.427 P4:0.427 STATE:IDLE
[2026-05-11 16:35:41Z] CHK MOM:0% RANGE:0.09% UP:20% SPREAD:0.02342468% BID:0.4269 ASK:0.427 MID:0.42695 P1:0.42695 P2:0.427 P3:0.427 P4:0.427 STATE:IDLE
[2026-05-11 16:35:42Z] CHK MOM:-0.01% RANGE:0.09% UP:21.42% SPREAD:0.02343566% BID:0.4267 ASK:0.4268 MID:0.42675 P1:0.42675 P2:0.42695 P3:0.427 P4:0.427 STATE:IDLE
[2026-05-11 16:35:42Z] CHK MOM:0.03% RANGE:0.09% UP:28.57% SPREAD:0.04687133% BID:0.4267 ASK:0.4269 MID:0.4268 P1:0.4268 P2:0.42675 P3:0.42695 P4:0.427 STATE:IDLE
[2026-05-11 16:35:43Z] CHK MOM:0% RANGE:0.09% UP:26.66% SPREAD:0.02344116% BID:0.4266 ASK:0.4267 MID:0.42665 P1:0.42665 P2:0.4268 P3:0.42675 P4:0.42695 STATE:IDLE
[2026-05-11 16:35:43Z] CHK MOM:0% RANGE:0.09% UP:26.66% SPREAD:0.02344116% BID:0.4266 ASK:0.4267 MID:0.42665 P1:0.42665 P2:0.4268 P3:0.42675 P4:0.42695 STATE:IDLE
[2026-05-11 16:35:44Z] CHK MOM:-0.01% RANGE:0.09% UP:20% SPREAD:0.02344116% BID:0.4266 ASK:0.4267 MID:0.42665 P1:0.42665 P2:0.42665 P3:0.4268 P4:0.42675 STATE:IDLE
[2026-05-11 16:35:45Z] CHK MOM:-0.01% RANGE:0.09% UP:18.75% SPREAD:0.02344116% BID:0.4266 ASK:0.4267 MID:0.42665 P1:0.42665 P2:0.42665 P3:0.42665 P4:0.4268 STATE:IDLE
[2026-05-11 16:35:45Z] CHK MOM:-0.01% RANGE:0.09% UP:18.75% SPREAD:0.02344116% BID:0.4266 ASK:0.4267 MID:0.42665 P1:0.42665 P2:0.42665 P3:0.42665 P4:0.4268 STATE:IDLE
[2026-05-11 16:35:46Z] CHK MOM:-0.12% RANGE:0.14% UP:14.28% SPREAD:0.02345215% BID:0.4264 ASK:0.4265 MID:0.42645 P1:0.42645 P2:0.42665 P3:0.42665 P4:0.42665 STATE:IDLE
[2026-05-11 16:35:46Z] CHK MOM:-0.1% RANGE:0.14% UP:20% SPREAD:0.02344665% BID:0.4265 ASK:0.4266 MID:0.42655 P1:0.42655 P2:0.42645 P3:0.42665 P4:0.42665 STATE:IDLE
[2026-05-11 16:35:47Z] CHK MOM:-0.1% RANGE:0.14% UP:20% SPREAD:0.02344665% BID:0.4265 ASK:0.4266 MID:0.42655 P1:0.42655 P2:0.42645 P3:0.42665 P4:0.42665 STATE:IDLE
[2026-05-11 16:35:47Z] CHK MOM:-0.11% RANGE:0.14% UP:14.28% SPREAD:0.02344665% BID:0.4265 ASK:0.4266 MID:0.42655 P1:0.42655 P2:0.42655 P3:0.42645 P4:0.42665 STATE:IDLE
[2026-05-11 16:35:48Z] CHK MOM:-0.11% RANGE:0.14% UP:13.33% SPREAD:0.02344665% BID:0.4265 ASK:0.4266 MID:0.42655 P1:0.42655 P2:0.42655 P3:0.42655 P4:0.42645 STATE:IDLE
[2026-05-11 16:35:48Z] CHK MOM:-0.1% RANGE:0.12% UP:13.33% SPREAD:0.02344665% BID:0.4265 ASK:0.4266 MID:0.42655 P1:0.42655 P2:0.42655 P3:0.42655 P4:0.42655 STATE:IDLE
[2026-05-11 16:35:49Z] CHK MOM:-0.08% RANGE:0.12% UP:20% SPREAD:0.02344116% BID:0.4266 ASK:0.4267 MID:0.42665 P1:0.42665 P2:0.42655 P3:0.42655 P4:0.42655 STATE:IDLE
[2026-05-11 16:35:50Z] CHK MOM:-0.1% RANGE:0.12% UP:20% SPREAD:0.02344665% BID:0.4265 ASK:0.4266 MID:0.42655 P1:0.42655 P2:0.42665 P3:0.42655 P4:0.42655 STATE:IDLE
[2026-05-11 16:35:50Z] CHK MOM:-0.1% RANGE:0.12% UP:18.75% SPREAD:0.02344665% BID:0.4265 ASK:0.4266 MID:0.42655 P1:0.42655 P2:0.42655 P3:0.42665 P4:0.42655 STATE:IDLE
[2026-05-11 16:35:51Z] CHK MOM:-0.12% RANGE:0.12% UP:18.75% SPREAD:0.02345215% BID:0.4264 ASK:0.4265 MID:0.42645 P1:0.42645 P2:0.42655 P3:0.42655 P4:0.42665 STATE:IDLE
[2026-05-11 16:35:51Z] CHK MOM:-0.12% RANGE:0.12% UP:18.75% SPREAD:0.02345215% BID:0.4264 ASK:0.4265 MID:0.42645 P1:0.42645 P2:0.42655 P3:0.42655 P4:0.42665 STATE:IDLE
[2026-05-11 16:35:52Z] CHK MOM:-0.12% RANGE:0.12% UP:18.75% SPREAD:0.02345215% BID:0.4264 ASK:0.4265 MID:0.42645 P1:0.42645 P2:0.42655 P3:0.42655 P4:0.42665 STATE:IDLE
[2026-05-11 16:35:52Z] CHK MOM:-0.12% RANGE:0.12% UP:18.75% SPREAD:0.02345215% BID:0.4264 ASK:0.4265 MID:0.42645 P1:0.42645 P2:0.42655 P3:0.42655 P4:0.42665 STATE:IDLE
[2026-05-11 16:35:53Z] CHK MOM:-0.12% RANGE:0.12% UP:18.75% SPREAD:0.02345215% BID:0.4264 ASK:0.4265 MID:0.42645 P1:0.42645 P2:0.42645 P3:0.42655 P4:0.42655 STATE:IDLE
[2026-05-11 16:35:53Z] CHK MOM:-0.12% RANGE:0.12% UP:18.75% SPREAD:0.02345215% BID:0.4264 ASK:0.4265 MID:0.42645 P1:0.42645 P2:0.42645 P3:0.42655 P4:0.42655 STATE:IDLE
[2026-05-11 16:35:54Z] CHK MOM:-0.12% RANGE:0.12% UP:14.28% SPREAD:0.02346316% BID:0.4262 ASK:0.4263 MID:0.42625 P1:0.42625 P2:0.42645 P3:0.42645 P4:0.42655 STATE:IDLE
[2026-05-11 16:35:54Z] CHK MOM:-0.15% RANGE:0.15% UP:13.33% SPREAD:0.02346866% BID:0.4261 ASK:0.4262 MID:0.42615 P1:0.42615 P2:0.42625 P3:0.42645 P4:0.42645 STATE:IDLE
[2026-05-11 16:35:55Z] CHK MOM:-0.11% RANGE:0.11% UP:13.33% SPREAD:0.02346866% BID:0.4261 ASK:0.4262 MID:0.42615 P1:0.42615 P2:0.42615 P3:0.42625 P4:0.42645 STATE:IDLE
[2026-05-11 16:35:56Z] CHK MOM:-0.14% RANGE:0.14% UP:13.33% SPREAD:0.02347417% BID:0.426 ASK:0.4261 MID:0.42605 P1:0.42605 P2:0.42615 P3:0.42615 P4:0.42625 STATE:IDLE
[2026-05-11 16:35:56Z] CHK MOM:-0.09% RANGE:0.14% UP:14.28% SPREAD:0.02347417% BID:0.426 ASK:0.4261 MID:0.42605 P1:0.42605 P2:0.42605 P3:0.42615 P4:0.42615 STATE:IDLE
[2026-05-11 16:35:57Z] CHK MOM:-0.04% RANGE:0.14% UP:20% SPREAD:0.02346316% BID:0.4262 ASK:0.4263 MID:0.42625 P1:0.42625 P2:0.42605 P3:0.42605 P4:0.42615 STATE:IDLE
[2026-05-11 16:35:57Z] CHK MOM:-0.08% RANGE:0.14% UP:18.75% SPREAD:0.04694835% BID:0.426 ASK:0.4262 MID:0.4261 P1:0.4261 P2:0.42625 P3:0.42605 P4:0.42605 STATE:IDLE
[2026-05-11 16:35:58Z] CHK MOM:-0.09% RANGE:0.14% UP:17.64% SPREAD:0.02347417% BID:0.426 ASK:0.4261 MID:0.42605 P1:0.42605 P2:0.4261 P3:0.42625 P4:0.42605 STATE:IDLE
[2026-05-11 16:35:58Z] CHK MOM:-0.09% RANGE:0.14% UP:17.64% SPREAD:0.02347417% BID:0.426 ASK:0.4261 MID:0.42605 P1:0.42605 P2:0.4261 P3:0.42625 P4:0.42605 STATE:IDLE
[2026-05-11 16:35:59Z] CHK MOM:-0.07% RANGE:0.14% UP:18.75% SPREAD:0.02346316% BID:0.4262 ASK:0.4263 MID:0.42625 P1:0.42625 P2:0.42605 P3:0.4261 P4:0.42625 STATE:IDLE
[2026-05-11 16:35:59Z] CHK MOM:-0.07% RANGE:0.14% UP:18.75% SPREAD:0.02346316% BID:0.4262 ASK:0.4263 MID:0.42625 P1:0.42625 P2:0.42605 P3:0.4261 P4:0.42625 STATE:IDLE
[2026-05-11 16:36:00Z] CHK MOM:-0.03% RANGE:0.14% UP:26.66% SPREAD:0.04691531% BID:0.4263 ASK:0.4265 MID:0.4264 P1:0.4264 P2:0.42625 P3:0.42605 P4:0.4261 STATE:IDLE
[2026-05-11 16:36:01Z] CHK MOM:-0.07% RANGE:0.14% UP:25% SPREAD:0.02346316% BID:0.4262 ASK:0.4263 MID:0.42625 P1:0.42625 P2:0.4264 P3:0.42625 P4:0.42605 STATE:IDLE
[2026-05-11 16:36:01Z] CHK MOM:-0.07% RANGE:0.14% UP:25% SPREAD:0.02345765% BID:0.4263 ASK:0.4264 MID:0.42635 P1:0.42635 P2:0.42625 P3:0.4264 P4:0.42625 STATE:IDLE
[2026-05-11 16:36:02Z] CHK MOM:-0.05% RANGE:0.11% UP:26.66% SPREAD:0.04692632% BID:0.4262 ASK:0.4264 MID:0.4263 P1:0.4263 P2:0.42635 P3:0.42625 P4:0.4264 STATE:IDLE
[2026-05-11 16:36:02Z] CHK MOM:-0.05% RANGE:0.11% UP:26.66% SPREAD:0.04692632% BID:0.4262 ASK:0.4264 MID:0.4263 P1:0.4263 P2:0.42635 P3:0.42625 P4:0.4264 STATE:IDLE
[2026-05-11 16:36:03Z] CHK MOM:-0.05% RANGE:0.11% UP:26.66% SPREAD:0.04692632% BID:0.4262 ASK:0.4264 MID:0.4263 P1:0.4263 P2:0.42635 P3:0.42625 P4:0.4264 STATE:IDLE
[2026-05-11 16:36:03Z] CHK MOM:-0.05% RANGE:0.11% UP:26.66% SPREAD:0.04692632% BID:0.4262 ASK:0.4264 MID:0.4263 P1:0.4263 P2:0.42635 P3:0.42625 P4:0.4264 STATE:IDLE
[2026-05-11 16:36:04Z] CHK MOM:0% RANGE:0.09% UP:35.71% SPREAD:0.02345215% BID:0.4264 ASK:0.4265 MID:0.42645 P1:0.42645 P2:0.4263 P3:0.42635 P4:0.42625 STATE:IDLE
[2026-05-11 16:36:04Z] CHK MOM:0.01% RANGE:0.1% UP:40% SPREAD:0.04690431% BID:0.4264 ASK:0.4266 MID:0.4265 P1:0.4265 P2:0.42645 P3:0.4263 P4:0.42635 STATE:IDLE
[2026-05-11 16:36:05Z] CHK MOM:0.07% RANGE:0.11% UP:46.66% SPREAD:0.02344665% BID:0.4265 ASK:0.4266 MID:0.42655 P1:0.42655 P2:0.4265 P3:0.42645 P4:0.4263 STATE:IDLE
[2026-05-11 16:36:05Z] CHK MOM:0.07% RANGE:0.11% UP:43.75% SPREAD:0.02344665% BID:0.4265 ASK:0.4266 MID:0.42655 P1:0.42655 P2:0.42655 P3:0.4265 P4:0.42645 STATE:IDLE
[2026-05-11 16:36:06Z] CHK MOM:0.07% RANGE:0.11% UP:43.75% SPREAD:0.02344665% BID:0.4265 ASK:0.4266 MID:0.42655 P1:0.42655 P2:0.42655 P3:0.4265 P4:0.42645 STATE:IDLE
[2026-05-11 16:36:07Z] CHK MOM:0.11% RANGE:0.14% UP:50% SPREAD:0.02344116% BID:0.4266 ASK:0.4267 MID:0.42665 P1:0.42665 P2:0.42655 P3:0.42655 P4:0.4265 STATE:IDLE
[2026-05-11 16:36:07Z] CHK MOM:0.11% RANGE:0.14% UP:53.33% SPREAD:0.02344665% BID:0.4265 ASK:0.4266 MID:0.42655 P1:0.42655 P2:0.42665 P3:0.42655 P4:0.42655 STATE:IDLE
[2026-05-11 16:36:08Z] CHK MOM:0.11% RANGE:0.14% UP:53.33% SPREAD:0.02344665% BID:0.4265 ASK:0.4266 MID:0.42655 P1:0.42655 P2:0.42655 P3:0.42665 P4:0.42655 STATE:IDLE
[2026-05-11 16:36:08Z] CHK MOM:0.11% RANGE:0.14% UP:53.33% SPREAD:0.02344665% BID:0.4265 ASK:0.4266 MID:0.42655 P1:0.42655 P2:0.42655 P3:0.42665 P4:0.42655 STATE:IDLE
[2026-05-11 16:36:09Z] CHK MOM:0.15% RANGE:0.16% UP:57.14% SPREAD:0.02343566% BID:0.4267 ASK:0.4268 MID:0.42675 P1:0.42675 P2:0.42655 P3:0.42655 P4:0.42665 STATE:IDLE
[2026-05-11 16:36:09Z] CHK MOM:0.15% RANGE:0.16% UP:57.14% SPREAD:0.02343566% BID:0.4267 ASK:0.4268 MID:0.42675 P1:0.42675 P2:0.42655 P3:0.42655 P4:0.42665 STATE:IDLE
[2026-05-11 16:36:10Z] CHK MOM:0.15% RANGE:0.16% UP:57.14% SPREAD:0.02343566% BID:0.4267 ASK:0.4268 MID:0.42675 P1:0.42675 P2:0.42655 P3:0.42655 P4:0.42665 STATE:IDLE
[2026-05-11 16:36:10Z] CHK MOM:0.15% RANGE:0.16% UP:57.14% SPREAD:0.02343566% BID:0.4267 ASK:0.4268 MID:0.42675 P1:0.42675 P2:0.42655 P3:0.42655 P4:0.42665 STATE:IDLE
[2026-05-11 16:36:11Z] CHK MOM:0.11% RANGE:0.11% UP:53.84% SPREAD:0.02343566% BID:0.4267 ASK:0.4268 MID:0.42675 P1:0.42675 P2:0.42675 P3:0.42655 P4:0.42655 STATE:IDLE
[2026-05-11 16:36:12Z] CHK MOM:0.11% RANGE:0.11% UP:53.84% SPREAD:0.02343566% BID:0.4267 ASK:0.4268 MID:0.42675 P1:0.42675 P2:0.42675 P3:0.42655 P4:0.42655 STATE:IDLE
[2026-05-11 16:36:12Z] CHK MOM:0.11% RANGE:0.11% UP:50% SPREAD:0.02343566% BID:0.4267 ASK:0.4268 MID:0.42675 P1:0.42675 P2:0.42675 P3:0.42675 P4:0.42655 STATE:IDLE
[2026-05-11 16:36:13Z] CHK MOM:0.09% RANGE:0.1% UP:41.66% SPREAD:0.02343566% BID:0.4267 ASK:0.4268 MID:0.42675 P1:0.42675 P2:0.42675 P3:0.42675 P4:0.42675 STATE:IDLE
[2026-05-11 16:36:13Z] CHK MOM:0.09% RANGE:0.1% UP:41.66% SPREAD:0.02343566% BID:0.4267 ASK:0.4268 MID:0.42675 P1:0.42675 P2:0.42675 P3:0.42675 P4:0.42675 STATE:IDLE
[2026-05-11 16:36:14Z] CHK MOM:0.08% RANGE:0.08% UP:45.45% SPREAD:0.04687133% BID:0.4267 ASK:0.4269 MID:0.4268 P1:0.4268 P2:0.42675 P3:0.42675 P4:0.42675 STATE:IDLE
[2026-05-11 16:36:14Z] CHK MOM:0.07% RANGE:0.08% UP:41.66% SPREAD:0.02343566% BID:0.4267 ASK:0.4268 MID:0.42675 P1:0.42675 P2:0.4268 P3:0.42675 P4:0.42675 STATE:IDLE
[2026-05-11 16:36:15Z] CHK MOM:0.11% RANGE:0.11% UP:46.15% SPREAD:0.02342468% BID:0.4269 ASK:0.427 MID:0.42695 P1:0.42695 P2:0.42675 P3:0.4268 P4:0.42675 STATE:IDLE
[2026-05-11 16:36:15Z] CHK MOM:0.12% RANGE:0.12% UP:50% SPREAD:0.04684937% BID:0.4269 ASK:0.4271 MID:0.427 P1:0.427 P2:0.42695 P3:0.42675 P4:0.4268 STATE:IDLE
[2026-05-11 16:36:16Z] CHK MOM:0.14% RANGE:0.14% UP:50% SPREAD:0.0468384% BID:0.427 ASK:0.4272 MID:0.4271 P1:0.4271 P2:0.427 P3:0.42695 P4:0.42675 STATE:IDLE
[2026-05-11 16:36:16Z] CHK MOM:0.14% RANGE:0.14% UP:50% SPREAD:0.02341372% BID:0.4271 ASK:0.4272 MID:0.42715 P1:0.42715 P2:0.4271 P3:0.427 P4:0.42695 STATE:IDLE
[2026-05-11 16:36:17Z] CHK MOM:0.16% RANGE:0.16% UP:57.14% SPREAD:0.02340823% BID:0.4272 ASK:0.4273 MID:0.42725 P1:0.42725 P2:0.42715 P3:0.4271 P4:0.427 STATE:IDLE
[2026-05-11 16:36:18Z] CHK MOM:0.15% RANGE:0.17% UP:57.14% SPREAD:0.04681647% BID:0.4272 ASK:0.4274 MID:0.4273 P1:0.4273 P2:0.42725 P3:0.42715 P4:0.4271 STATE:IDLE
[2026-05-11 16:36:18Z] CHK MOM:0.16% RANGE:0.18% UP:60% SPREAD:0.02340276% BID:0.4273 ASK:0.4274 MID:0.42735 P1:0.42735 P2:0.4273 P3:0.42725 P4:0.42715 STATE:IDLE
[2026-05-11 16:36:19Z] CHK MOM:0.14% RANGE:0.18% UP:60% SPREAD:0.02341372% BID:0.4271 ASK:0.4272 MID:0.42715 P1:0.42715 P2:0.42735 P3:0.4273 P4:0.42725 STATE:IDLE
[2026-05-11 16:36:19Z] CHK MOM:0.14% RANGE:0.18% UP:60% SPREAD:0.02341372% BID:0.4271 ASK:0.4272 MID:0.42715 P1:0.42715 P2:0.42735 P3:0.4273 P4:0.42725 STATE:IDLE
[2026-05-11 16:36:20Z] CHK MOM:0.11% RANGE:0.14% UP:64.28% SPREAD:0.02340823% BID:0.4272 ASK:0.4273 MID:0.42725 P1:0.42725 P2:0.42715 P3:0.42735 P4:0.4273 STATE:IDLE
[2026-05-11 16:36:20Z] CHK MOM:0.11% RANGE:0.14% UP:60% SPREAD:0.02340823% BID:0.4272 ASK:0.4273 MID:0.42725 P1:0.42725 P2:0.42725 P3:0.42715 P4:0.42735 STATE:IDLE
[2026-05-11 16:36:21Z] CHK MOM:0.11% RANGE:0.14% UP:60% SPREAD:0.02340823% BID:0.4272 ASK:0.4273 MID:0.42725 P1:0.42725 P2:0.42725 P3:0.42715 P4:0.42735 STATE:IDLE
[2026-05-11 16:36:21Z] CHK MOM:0.09% RANGE:0.14% UP:60% SPREAD:0.02341372% BID:0.4271 ASK:0.4272 MID:0.42715 P1:0.42715 P2:0.42725 P3:0.42725 P4:0.42715 STATE:IDLE
[2026-05-11 16:36:22Z] CHK MOM:0.09% RANGE:0.14% UP:60% SPREAD:0.02341372% BID:0.4271 ASK:0.4272 MID:0.42715 P1:0.42715 P2:0.42725 P3:0.42725 P4:0.42715 STATE:IDLE
[2026-05-11 16:36:22Z] CHK MOM:0.09% RANGE:0.14% UP:56.25% SPREAD:0.02341372% BID:0.4271 ASK:0.4272 MID:0.42715 P1:0.42715 P2:0.42715 P3:0.42725 P4:0.42725 STATE:IDLE
[2026-05-11 16:36:23Z] CHK MOM:0.09% RANGE:0.14% UP:56.25% SPREAD:0.02341372% BID:0.4271 ASK:0.4272 MID:0.42715 P1:0.42715 P2:0.42715 P3:0.42725 P4:0.42725 STATE:IDLE
[2026-05-11 16:36:23Z] CHK MOM:0.09% RANGE:0.14% UP:56.25% SPREAD:0.02341372% BID:0.4271 ASK:0.4272 MID:0.42715 P1:0.42715 P2:0.42715 P3:0.42715 P4:0.42725 STATE:IDLE
[2026-05-11 16:36:24Z] CHK MOM:0.11% RANGE:0.14% UP:58.82% SPREAD:0.02340823% BID:0.4272 ASK:0.4273 MID:0.42725 P1:0.42725 P2:0.42715 P3:0.42715 P4:0.42715 STATE:IDLE
[2026-05-11 16:36:24Z] CHK MOM:0.11% RANGE:0.14% UP:62.5% SPREAD:0.04681647% BID:0.4272 ASK:0.4274 MID:0.4273 P1:0.4273 P2:0.42725 P3:0.42715 P4:0.42715 STATE:IDLE
[2026-05-11 16:36:25Z] CHK MOM:0.11% RANGE:0.14% UP:58.82% SPREAD:0.04681647% BID:0.4272 ASK:0.4274 MID:0.4273 P1:0.4273 P2:0.4273 P3:0.42725 P4:0.42715 STATE:IDLE
[2026-05-11 16:36:25Z] CHK MOM:0.11% RANGE:0.14% UP:58.82% SPREAD:0.04681647% BID:0.4272 ASK:0.4274 MID:0.4273 P1:0.4273 P2:0.4273 P3:0.42725 P4:0.42715 STATE:IDLE
[2026-05-11 16:36:26Z] CHK MOM:0.09% RANGE:0.09% UP:62.5% SPREAD:0.02340276% BID:0.4273 ASK:0.4274 MID:0.42735 P1:0.42735 P2:0.4273 P3:0.4273 P4:0.42725 STATE:IDLE
[2026-05-11 16:36:26Z] CHK MOM:0.07% RANGE:0.09% UP:58.82% SPREAD:0.02340823% BID:0.4272 ASK:0.4273 MID:0.42725 P1:0.42725 P2:0.42735 P3:0.4273 P4:0.4273 STATE:IDLE
[2026-05-11 16:36:27Z] CHK MOM:0.04% RANGE:0.05% UP:56.25% SPREAD:0.04681647% BID:0.4272 ASK:0.4274 MID:0.4273 P1:0.4273 P2:0.42725 P3:0.42735 P4:0.4273 STATE:IDLE
[2026-05-11 16:36:28Z] CHK MOM:0.04% RANGE:0.05% UP:56.25% SPREAD:0.04681647% BID:0.4272 ASK:0.4274 MID:0.4273 P1:0.4273 P2:0.42725 P3:0.42735 P4:0.4273 STATE:IDLE
[2026-05-11 16:36:28Z] CHK MOM:0.02% RANGE:0.04% UP:53.33% SPREAD:0.02340276% BID:0.4273 ASK:0.4274 MID:0.42735 P1:0.42735 P2:0.4273 P3:0.42725 P4:0.42735 STATE:IDLE
[2026-05-11 16:36:29Z] CHK MOM:0% RANGE:0.04% UP:46.66% SPREAD:0.04681647% BID:0.4272 ASK:0.4274 MID:0.4273 P1:0.4273 P2:0.42735 P3:0.4273 P4:0.42725 STATE:IDLE
[2026-05-11 16:36:29Z] CHK MOM:-0.01% RANGE:0.04% UP:43.75% SPREAD:0.02340823% BID:0.4272 ASK:0.4273 MID:0.42725 P1:0.42725 P2:0.4273 P3:0.42735 P4:0.4273 STATE:IDLE
[2026-05-11 16:36:30Z] CHK MOM:0.02% RANGE:0.04% UP:40% SPREAD:0.02340823% BID:0.4272 ASK:0.4273 MID:0.42725 P1:0.42725 P2:0.42725 P3:0.4273 P4:0.42735 STATE:IDLE
[2026-05-11 16:36:30Z] CHK MOM:0.02% RANGE:0.04% UP:40% SPREAD:0.02340823% BID:0.4272 ASK:0.4273 MID:0.42725 P1:0.42725 P2:0.42725 P3:0.4273 P4:0.42735 STATE:IDLE
[2026-05-11 16:36:31Z] CHK MOM:0.02% RANGE:0.04% UP:40% SPREAD:0.02340823% BID:0.4272 ASK:0.4273 MID:0.42725 P1:0.42725 P2:0.42725 P3:0.4273 P4:0.42735 STATE:IDLE
[2026-05-11 16:36:31Z] CHK MOM:0.02% RANGE:0.04% UP:40% SPREAD:0.02340823% BID:0.4272 ASK:0.4273 MID:0.42725 P1:0.42725 P2:0.42725 P3:0.4273 P4:0.42735 STATE:IDLE
[2026-05-11 16:36:32Z] CHK MOM:0.05% RANGE:0.05% UP:46.15% SPREAD:0.04680552% BID:0.4273 ASK:0.4275 MID:0.4274 P1:0.4274 P2:0.42725 P3:0.42725 P4:0.4273 STATE:IDLE
[2026-05-11 16:36:32Z] CHK MOM:0.04% RANGE:0.05% UP:42.85% SPREAD:0.02340276% BID:0.4273 ASK:0.4274 MID:0.42735 P1:0.42735 P2:0.4274 P3:0.42725 P4:0.42725 STATE:IDLE
[2026-05-11 16:36:33Z] CHK MOM:0.04% RANGE:0.05% UP:42.85% SPREAD:0.02340276% BID:0.4273 ASK:0.4274 MID:0.42735 P1:0.42735 P2:0.4274 P3:0.42725 P4:0.42725 STATE:IDLE
[2026-05-11 16:36:34Z] CHK MOM:0.04% RANGE:0.05% UP:42.85% SPREAD:0.02340276% BID:0.4273 ASK:0.4274 MID:0.42735 P1:0.42735 P2:0.42735 P3:0.4274 P4:0.42725 STATE:IDLE
[2026-05-11 16:36:34Z] CHK MOM:0% RANGE:0.05% UP:42.85% SPREAD:0.02341372% BID:0.4271 ASK:0.4272 MID:0.42715 P1:0.42715 P2:0.42735 P3:0.42735 P4:0.4274 STATE:IDLE
[2026-05-11 16:36:35Z] CHK MOM:0% RANGE:0.05% UP:42.85% SPREAD:0.02341372% BID:0.4271 ASK:0.4272 MID:0.42715 P1:0.42715 P2:0.42735 P3:0.42735 P4:0.4274 STATE:IDLE
[2026-05-11 16:36:35Z] CHK MOM:-0.04% RANGE:0.1% UP:40% SPREAD:0.02342468% BID:0.4269 ASK:0.427 MID:0.42695 P1:0.42695 P2:0.42715 P3:0.42735 P4:0.42735 STATE:IDLE
[2026-05-11 16:36:36Z] CHK MOM:-0.07% RANGE:0.1% UP:33.33% SPREAD:0.02342468% BID:0.4269 ASK:0.427 MID:0.42695 P1:0.42695 P2:0.42695 P3:0.42715 P4:0.42735 STATE:IDLE
[2026-05-11 16:36:36Z] CHK MOM:-0.08% RANGE:0.1% UP:26.66% SPREAD:0.02342468% BID:0.4269 ASK:0.427 MID:0.42695 P1:0.42695 P2:0.42695 P3:0.42695 P4:0.42715 STATE:IDLE
[2026-05-11 16:36:37Z] CHK MOM:-0.1% RANGE:0.12% UP:26.66% SPREAD:0.02343017% BID:0.4268 ASK:0.4269 MID:0.42685 P1:0.42685 P2:0.42695 P3:0.42695 P4:0.42695 STATE:IDLE
[2026-05-11 16:36:37Z] CHK MOM:-0.07% RANGE:0.12% UP:26.66% SPREAD:0.0234192% BID:0.427 ASK:0.4271 MID:0.42705 P1:0.42705 P2:0.42685 P3:0.42695 P4:0.42695 STATE:IDLE
[2026-05-11 16:36:38Z] CHK MOM:-0.04% RANGE:0.12% UP:31.25% SPREAD:0.02341372% BID:0.4271 ASK:0.4272 MID:0.42715 P1:0.42715 P2:0.42705 P3:0.42685 P4:0.42695 STATE:IDLE
[2026-05-11 16:36:39Z] CHK MOM:-0.05% RANGE:0.12% UP:26.66% SPREAD:0.0234192% BID:0.427 ASK:0.4271 MID:0.42705 P1:0.42705 P2:0.42715 P3:0.42705 P4:0.42685 STATE:IDLE
[2026-05-11 16:36:39Z] CHK MOM:-0.07% RANGE:0.12% UP:20% SPREAD:0.0234192% BID:0.427 ASK:0.4271 MID:0.42705 P1:0.42705 P2:0.42705 P3:0.42715 P4:0.42705 STATE:IDLE
[2026-05-11 16:36:40Z] CHK MOM:-0.07% RANGE:0.12% UP:18.75% SPREAD:0.0234192% BID:0.427 ASK:0.4271 MID:0.42705 P1:0.42705 P2:0.42705 P3:0.42705 P4:0.42715 STATE:IDLE
[2026-05-11 16:36:40Z] CHK MOM:-0.07% RANGE:0.12% UP:17.64% SPREAD:0.0234192% BID:0.427 ASK:0.4271 MID:0.42705 P1:0.42705 P2:0.42705 P3:0.42705 P4:0.42705 STATE:IDLE
[2026-05-11 16:36:41Z] CHK MOM:-0.05% RANGE:0.12% UP:17.64% SPREAD:0.0234192% BID:0.427 ASK:0.4271 MID:0.42705 P1:0.42705 P2:0.42705 P3:0.42705 P4:0.42705 STATE:IDLE
[2026-05-11 16:36:41Z] CHK MOM:-0.04% RANGE:0.12% UP:18.75% SPREAD:0.0234192% BID:0.427 ASK:0.4271 MID:0.42705 P1:0.42705 P2:0.42705 P3:0.42705 P4:0.42705 STATE:IDLE
[2026-05-11 16:36:42Z] CHK MOM:-0.04% RANGE:0.12% UP:18.75% SPREAD:0.0234192% BID:0.427 ASK:0.4271 MID:0.42705 P1:0.42705 P2:0.42705 P3:0.42705 P4:0.42705 STATE:IDLE
[2026-05-11 16:36:42Z] CHK MOM:-0.08% RANGE:0.12% UP:12.5% SPREAD:0.0234192% BID:0.427 ASK:0.4271 MID:0.42705 P1:0.42705 P2:0.42705 P3:0.42705 P4:0.42705 STATE:IDLE
[2026-05-11 16:36:43Z] CHK MOM:-0.08% RANGE:0.12% UP:11.76% SPREAD:0.0234192% BID:0.427 ASK:0.4271 MID:0.42705 P1:0.42705 P2:0.42705 P3:0.42705 P4:0.42705 STATE:IDLE
[2026-05-11 16:36:44Z] CHK MOM:-0.08% RANGE:0.12% UP:11.11% SPREAD:0.0234192% BID:0.427 ASK:0.4271 MID:0.42705 P1:0.42705 P2:0.42705 P3:0.42705 P4:0.42705 STATE:IDLE
[2026-05-11 16:36:44Z] CHK MOM:-0.07% RANGE:0.11% UP:11.11% SPREAD:0.0234192% BID:0.427 ASK:0.4271 MID:0.42705 P1:0.42705 P2:0.42705 P3:0.42705 P4:0.42705 STATE:IDLE
[2026-05-11 16:36:45Z] CHK MOM:-0.07% RANGE:0.11% UP:11.11% SPREAD:0.0234192% BID:0.427 ASK:0.4271 MID:0.42705 P1:0.42705 P2:0.42705 P3:0.42705 P4:0.42705 STATE:IDLE
[2026-05-11 16:36:45Z] CHK MOM:-0.02% RANGE:0.07% UP:11.76% SPREAD:0.0234192% BID:0.427 ASK:0.4271 MID:0.42705 P1:0.42705 P2:0.42705 P3:0.42705 P4:0.42705 STATE:IDLE
[2026-05-11 16:36:46Z] CHK MOM:-0.02% RANGE:0.07% UP:11.76% SPREAD:0.0234192% BID:0.427 ASK:0.4271 MID:0.42705 P1:0.42705 P2:0.42705 P3:0.42705 P4:0.42705 STATE:IDLE
[2026-05-11 16:36:46Z] CHK MOM:0.02% RANGE:0.07% UP:11.76% SPREAD:0.0234192% BID:0.427 ASK:0.4271 MID:0.42705 P1:0.42705 P2:0.42705 P3:0.42705 P4:0.42705 STATE:IDLE
[2026-05-11 16:36:47Z] CHK MOM:0.02% RANGE:0.07% UP:11.76% SPREAD:0.0234192% BID:0.427 ASK:0.4271 MID:0.42705 P1:0.42705 P2:0.42705 P3:0.42705 P4:0.42705 STATE:IDLE
[2026-05-11 16:36:47Z] CHK MOM:-0.02% RANGE:0.07% UP:11.11% SPREAD:0.02343017% BID:0.4268 ASK:0.4269 MID:0.42685 P1:0.42685 P2:0.42705 P3:0.42705 P4:0.42705 STATE:IDLE
[2026-05-11 16:36:48Z] CHK MOM:-0.04% RANGE:0.09% UP:11.11% SPREAD:0.02343566% BID:0.4267 ASK:0.4268 MID:0.42675 P1:0.42675 P2:0.42685 P3:0.42705 P4:0.42705 STATE:IDLE
[2026-05-11 16:36:48Z] CHK MOM:-0.03% RANGE:0.1% UP:11.76% SPREAD:0.04688232% BID:0.4266 ASK:0.4268 MID:0.42669999 P1:0.42669999 P2:0.42675 P3:0.42685 P4:0.42705 STATE:IDLE
[2026-05-11 16:36:49Z] CHK MOM:-0.02% RANGE:0.1% UP:16.66% SPREAD:0.02343566% BID:0.4267 ASK:0.4268 MID:0.42675 P1:0.42675 P2:0.42669999 P3:0.42675 P4:0.42685 STATE:IDLE
[2026-05-11 16:36:50Z] CHK MOM:-0.07% RANGE:0.08% UP:6.25% SPREAD:0.02343566% BID:0.4267 ASK:0.4268 MID:0.42675 P1:0.42675 P2:0.42675 P3:0.42669999 P4:0.42675 STATE:IDLE
[2026-05-11 16:36:50Z] CHK MOM:-0.07% RANGE:0.08% UP:6.25% SPREAD:0.02343566% BID:0.4267 ASK:0.4268 MID:0.42675 P1:0.42675 P2:0.42675 P3:0.42669999 P4:0.42675 STATE:IDLE
[2026-05-11 16:36:51Z] CHK MOM:-0.07% RANGE:0.08% UP:6.25% SPREAD:0.02343566% BID:0.4267 ASK:0.4268 MID:0.42675 P1:0.42675 P2:0.42675 P3:0.42669999 P4:0.42675 STATE:IDLE
[2026-05-11 16:36:51Z] CHK MOM:-0.07% RANGE:0.08% UP:6.25% SPREAD:0.02343566% BID:0.4267 ASK:0.4268 MID:0.42675 P1:0.42675 P2:0.42675 P3:0.42669999 P4:0.42675 STATE:IDLE
[2026-05-11 16:36:52Z] CHK MOM:-0.04% RANGE:0.08% UP:14.28% SPREAD:0.02343017% BID:0.4268 ASK:0.4269 MID:0.42685 P1:0.42685 P2:0.42675 P3:0.42675 P4:0.42669999 STATE:IDLE
[2026-05-11 16:47:19Z] SESSION_START symbol=ONDOUSDC dry_run=0 profile=major strategy=momentum base_url=https://api.binance.com
[2026-05-11 16:47:19Z] TOXIC_MEMORY_LOADED count=4 symbols=GUNUSDC,JTOUSDC,ORDIUSDC,SAHARAUSDC
[2026-05-11 16:47:23Z] CHK MOM:0% RANGE:0% UP:0% SPREAD:0.02352941% BID:0.425 ASK:0.4251 MID:0.42505 P1:0.42505 P2:NA P3:NA P4:NA STATE:IDLE
[2026-05-11 16:47:23Z] CHK MOM:0% RANGE:0% UP:0% SPREAD:0.02352941% BID:0.425 ASK:0.4251 MID:0.42505 P1:0.42505 P2:0.42505 P3:NA P4:NA STATE:IDLE
[2026-05-11 16:47:24Z] CHK MOM:0% RANGE:0% UP:0% SPREAD:0.02352941% BID:0.425 ASK:0.4251 MID:0.42505 P1:0.42505 P2:0.42505 P3:NA P4:NA STATE:IDLE
[2026-05-11 16:47:24Z] CHK MOM:0% RANGE:0% UP:0% SPREAD:0.02352941% BID:0.425 ASK:0.4251 MID:0.42505 P1:0.42505 P2:0.42505 P3:0.42505 P4:NA STATE:IDLE
[2026-05-11 16:47:25Z] CHK MOM:0% RANGE:0% UP:0% SPREAD:0.02352941% BID:0.425 ASK:0.4251 MID:0.42505 P1:0.42505 P2:0.42505 P3:0.42505 P4:NA STATE:IDLE
[2026-05-11 16:47:25Z] CHK MOM:0.01% RANGE:0.01% UP:33.33% SPREAD:0.04705882% BID:0.425 ASK:0.4252 MID:0.4251 P1:0.4251 P2:0.42505 P3:0.42505 P4:0.42505 STATE:IDLE
[2026-05-11 16:47:26Z] CHK MOM:0.02% RANGE:0.02% UP:50% SPREAD:0.02352387% BID:0.4251 ASK:0.4252 MID:0.42515 P1:0.42515 P2:0.4251 P3:0.42505 P4:0.42505 STATE:IDLE
[2026-05-11 16:47:26Z] CHK MOM:0.01% RANGE:0.02% UP:40% SPREAD:0.04705882% BID:0.425 ASK:0.4252 MID:0.4251 P1:0.4251 P2:0.42515 P3:0.4251 P4:0.42505 STATE:IDLE
[2026-05-11 16:47:27Z] CHK MOM:0.02% RANGE:0.02% UP:50% SPREAD:0.02352387% BID:0.4251 ASK:0.4252 MID:0.42515 P1:0.42515 P2:0.4251 P3:0.42515 P4:0.4251 STATE:IDLE
[2026-05-11 16:47:27Z] CHK MOM:0.02% RANGE:0.02% UP:50% SPREAD:0.02352387% BID:0.4251 ASK:0.4252 MID:0.42515 P1:0.42515 P2:0.4251 P3:0.42515 P4:0.4251 STATE:IDLE
[2026-05-11 16:47:28Z] CHK MOM:0.02% RANGE:0.02% UP:42.85% SPREAD:0.02352387% BID:0.4251 ASK:0.4252 MID:0.42515 P1:0.42515 P2:0.42515 P3:0.4251 P4:0.42515 STATE:IDLE
[2026-05-11 16:47:28Z] CHK MOM:0.02% RANGE:0.02% UP:37.5% SPREAD:0.02352387% BID:0.4251 ASK:0.4252 MID:0.42515 P1:0.42515 P2:0.42515 P3:0.42515 P4:0.4251 STATE:IDLE
[2026-05-11 16:47:29Z] CHK MOM:0.02% RANGE:0.02% UP:37.5% SPREAD:0.02352387% BID:0.4251 ASK:0.4252 MID:0.42515 P1:0.42515 P2:0.42515 P3:0.42515 P4:0.4251 STATE:IDLE
[2026-05-11 16:47:30Z] CHK MOM:0.02% RANGE:0.02% UP:33.33% SPREAD:0.02352387% BID:0.4251 ASK:0.4252 MID:0.42515 P1:0.42515 P2:0.42515 P3:0.42515 P4:0.42515 STATE:IDLE
[2026-05-11 16:47:30Z] CHK MOM:0.02% RANGE:0.02% UP:33.33% SPREAD:0.02352387% BID:0.4251 ASK:0.4252 MID:0.42515 P1:0.42515 P2:0.42515 P3:0.42515 P4:0.42515 STATE:IDLE
[2026-05-11 16:47:31Z] CHK MOM:0.04% RANGE:0.04% UP:40% SPREAD:0.02351834% BID:0.4252 ASK:0.4253 MID:0.42525 P1:0.42525 P2:0.42515 P3:0.42515 P4:0.42515 STATE:IDLE
[2026-05-11 16:47:31Z] CHK MOM:0.04% RANGE:0.04% UP:40% SPREAD:0.02351834% BID:0.4252 ASK:0.4253 MID:0.42525 P1:0.42525 P2:0.42515 P3:0.42515 P4:0.42515 STATE:IDLE
[2026-05-11 16:47:32Z] CHK MOM:0.04% RANGE:0.04% UP:40% SPREAD:0.02351834% BID:0.4252 ASK:0.4253 MID:0.42525 P1:0.42525 P2:0.42515 P3:0.42515 P4:0.42515 STATE:IDLE
[2026-05-11 16:47:32Z] CHK MOM:0.04% RANGE:0.04% UP:40% SPREAD:0.02351834% BID:0.4252 ASK:0.4253 MID:0.42525 P1:0.42525 P2:0.42515 P3:0.42515 P4:0.42515 STATE:IDLE
[2026-05-11 16:47:33Z] CHK MOM:0.04% RANGE:0.04% UP:40% SPREAD:0.02351834% BID:0.4252 ASK:0.4253 MID:0.42525 P1:0.42525 P2:0.42515 P3:0.42515 P4:0.42515 STATE:IDLE
[2026-05-11 16:47:33Z] CHK MOM:0.04% RANGE:0.04% UP:36.36% SPREAD:0.02351834% BID:0.4252 ASK:0.4253 MID:0.42525 P1:0.42525 P2:0.42525 P3:0.42515 P4:0.42515 STATE:IDLE
[2026-05-11 16:47:34Z] CHK MOM:0.05% RANGE:0.05% UP:41.66% SPREAD:0.04703668% BID:0.4252 ASK:0.4254 MID:0.4253 P1:0.4253 P2:0.42525 P3:0.42525 P4:0.42515 STATE:IDLE
[2026-05-11 16:47:34Z] CHK MOM:0.07% RANGE:0.07% UP:50% SPREAD:0.02351281% BID:0.4253 ASK:0.4254 MID:0.42535 P1:0.42535 P2:0.4253 P3:0.42525 P4:0.42525 STATE:IDLE
[2026-05-11 16:47:35Z] CHK MOM:0.07% RANGE:0.07% UP:50% SPREAD:0.02351281% BID:0.4253 ASK:0.4254 MID:0.42535 P1:0.42535 P2:0.42535 P3:0.4253 P4:0.42525 STATE:IDLE
[2026-05-11 16:47:35Z] CHK MOM:0.07% RANGE:0.07% UP:46.15% SPREAD:0.02351281% BID:0.4253 ASK:0.4254 MID:0.42535 P1:0.42535 P2:0.42535 P3:0.42535 P4:0.4253 STATE:IDLE
[2026-05-11 16:47:36Z] CHK MOM:0.08% RANGE:0.08% UP:50% SPREAD:0.04702562% BID:0.4253 ASK:0.4255 MID:0.4254 P1:0.4254 P2:0.42535 P3:0.42535 P4:0.42535 STATE:IDLE
[2026-05-11 16:47:36Z] CHK MOM:0.08% RANGE:0.08% UP:50% SPREAD:0.04702562% BID:0.4253 ASK:0.4255 MID:0.4254 P1:0.4254 P2:0.42535 P3:0.42535 P4:0.42535 STATE:IDLE
[2026-05-11 16:47:37Z] CHK MOM:0.08% RANGE:0.08% UP:50% SPREAD:0.04702562% BID:0.4253 ASK:0.4255 MID:0.4254 P1:0.4254 P2:0.42535 P3:0.42535 P4:0.42535 STATE:IDLE
[2026-05-11 16:47:37Z] CHK MOM:0.05% RANGE:0.07% UP:38.46% SPREAD:0.04702562% BID:0.4253 ASK:0.4255 MID:0.4254 P1:0.4254 P2:0.4254 P3:0.42535 P4:0.42535 STATE:IDLE
[2026-05-11 16:47:38Z] CHK MOM:0.05% RANGE:0.05% UP:33.33% SPREAD:0.04702562% BID:0.4253 ASK:0.4255 MID:0.4254 P1:0.4254 P2:0.4254 P3:0.4254 P4:0.42535 STATE:IDLE
[2026-05-11 16:47:39Z] CHK MOM:0.05% RANGE:0.05% UP:33.33% SPREAD:0.04702562% BID:0.4253 ASK:0.4255 MID:0.4254 P1:0.4254 P2:0.4254 P3:0.4254 P4:0.42535 STATE:IDLE
[2026-05-11 16:47:39Z] CHK MOM:0.07% RANGE:0.07% UP:41.66% SPREAD:0.02350728% BID:0.4254 ASK:0.4255 MID:0.42545 P1:0.42545 P2:0.4254 P3:0.4254 P4:0.4254 STATE:IDLE
[2026-05-11 16:47:40Z] CHK MOM:0.07% RANGE:0.07% UP:41.66% SPREAD:0.02350728% BID:0.4254 ASK:0.4255 MID:0.42545 P1:0.42545 P2:0.42545 P3:0.4254 P4:0.4254 STATE:IDLE
[2026-05-11 16:47:40Z] CHK MOM:0.08% RANGE:0.08% UP:50% SPREAD:0.04701457% BID:0.4254 ASK:0.4256 MID:0.4255 P1:0.4255 P2:0.42545 P3:0.42545 P4:0.4254 STATE:IDLE
[2026-05-11 16:47:41Z] CHK MOM:0.07% RANGE:0.08% UP:46.15% SPREAD:0.02350728% BID:0.4254 ASK:0.4255 MID:0.42545 P1:0.42545 P2:0.4255 P3:0.42545 P4:0.42545 STATE:IDLE
[2026-05-11 16:47:41Z] CHK MOM:0.04% RANGE:0.05% UP:38.46% SPREAD:0.02350728% BID:0.4254 ASK:0.4255 MID:0.42545 P1:0.42545 P2:0.42545 P3:0.4255 P4:0.42545 STATE:IDLE
[2026-05-11 16:47:42Z] CHK MOM:0.04% RANGE:0.05% UP:35.71% SPREAD:0.02350728% BID:0.4254 ASK:0.4255 MID:0.42545 P1:0.42545 P2:0.42545 P3:0.42545 P4:0.4255 STATE:IDLE
[2026-05-11 16:47:42Z] CHK MOM:0.04% RANGE:0.05% UP:35.71% SPREAD:0.02350728% BID:0.4254 ASK:0.4255 MID:0.42545 P1:0.42545 P2:0.42545 P3:0.42545 P4:0.4255 STATE:IDLE
[2026-05-11 16:47:43Z] CHK MOM:0.05% RANGE:0.05% UP:42.85% SPREAD:0.04701457% BID:0.4254 ASK:0.4256 MID:0.4255 P1:0.4255 P2:0.42545 P3:0.42545 P4:0.42545 STATE:IDLE
[2026-05-11 16:47:43Z] CHK MOM:0.05% RANGE:0.05% UP:42.85% SPREAD:0.04701457% BID:0.4254 ASK:0.4256 MID:0.4255 P1:0.4255 P2:0.42545 P3:0.42545 P4:0.42545 STATE:IDLE
[2026-05-11 16:47:44Z] CHK MOM:0.05% RANGE:0.05% UP:40% SPREAD:0.04701457% BID:0.4254 ASK:0.4256 MID:0.4255 P1:0.4255 P2:0.4255 P3:0.42545 P4:0.42545 STATE:IDLE
[2026-05-11 16:47:45Z] CHK MOM:0.07% RANGE:0.07% UP:43.75% SPREAD:0.02350176% BID:0.4255 ASK:0.4256 MID:0.42555 P1:0.42555 P2:0.4255 P3:0.4255 P4:0.42545 STATE:IDLE
[2026-05-11 16:47:45Z] CHK MOM:0.07% RANGE:0.07% UP:43.75% SPREAD:0.02350176% BID:0.4255 ASK:0.4256 MID:0.42555 P1:0.42555 P2:0.4255 P3:0.4255 P4:0.42545 STATE:IDLE
[2026-05-11 16:47:46Z] CHK MOM:0.02% RANGE:0.04% UP:33.33% SPREAD:0.02350728% BID:0.4254 ASK:0.4255 MID:0.42545 P1:0.42545 P2:0.42555 P3:0.4255 P4:0.4255 STATE:IDLE
[2026-05-11 16:47:46Z] CHK MOM:0.02% RANGE:0.04% UP:33.33% SPREAD:0.02350728% BID:0.4254 ASK:0.4255 MID:0.42545 P1:0.42545 P2:0.42555 P3:0.4255 P4:0.4255 STATE:IDLE
[2026-05-11 16:47:47Z] CHK MOM:0.02% RANGE:0.04% UP:33.33% SPREAD:0.02350728% BID:0.4254 ASK:0.4255 MID:0.42545 P1:0.42545 P2:0.42545 P3:0.42555 P4:0.4255 STATE:IDLE
[2026-05-11 16:47:47Z] CHK MOM:0.02% RANGE:0.04% UP:33.33% SPREAD:0.02350728% BID:0.4254 ASK:0.4255 MID:0.42545 P1:0.42545 P2:0.42545 P3:0.42555 P4:0.4255 STATE:IDLE
[2026-05-11 16:47:48Z] CHK MOM:0.04% RANGE:0.04% UP:38.46% SPREAD:0.04700352% BID:0.4255 ASK:0.4257 MID:0.4256 P1:0.4256 P2:0.42545 P3:0.42545 P4:0.42555 STATE:IDLE
[2026-05-11 16:47:48Z] CHK MOM:0.04% RANGE:0.04% UP:38.46% SPREAD:0.04700352% BID:0.4255 ASK:0.4257 MID:0.4256 P1:0.4256 P2:0.42545 P3:0.42545 P4:0.42555 STATE:IDLE
[2026-05-11 16:47:49Z] CHK MOM:0.04% RANGE:0.04% UP:38.46% SPREAD:0.04700352% BID:0.4255 ASK:0.4257 MID:0.4256 P1:0.4256 P2:0.42545 P3:0.42545 P4:0.42555 STATE:IDLE
[2026-05-11 16:47:50Z] CHK MOM:0.04% RANGE:0.04% UP:38.46% SPREAD:0.04700352% BID:0.4255 ASK:0.4257 MID:0.4256 P1:0.4256 P2:0.42545 P3:0.42545 P4:0.42555 STATE:IDLE
[2026-05-11 16:47:50Z] CHK MOM:0.04% RANGE:0.04% UP:38.46% SPREAD:0.04700352% BID:0.4255 ASK:0.4257 MID:0.4256 P1:0.4256 P2:0.42545 P3:0.42545 P4:0.42555 STATE:IDLE
[2026-05-11 16:47:56Z] CHK MOM:0% RANGE:0.03% UP:40% SPREAD:0.04701457% BID:0.4254 ASK:0.4256 MID:0.4255 P1:0.4255 P2:0.4256 P3:0.42545 P4:0.42545 STATE:IDLE
[2026-05-11 16:47:56Z] CHK MOM:-0.01% RANGE:0.03% UP:20% SPREAD:0.04701457% BID:0.4254 ASK:0.4256 MID:0.4255 P1:0.4255 P2:0.4255 P3:0.4256 P4:0.42545 STATE:IDLE
[2026-05-11 16:47:57Z] CHK MOM:-0.01% RANGE:0.03% UP:20% SPREAD:0.04701457% BID:0.4254 ASK:0.4256 MID:0.4255 P1:0.4255 P2:0.4255 P3:0.4256 P4:0.42545 STATE:IDLE
[2026-05-11 16:47:57Z] CHK MOM:0.02% RANGE:0.03% UP:40% SPREAD:0.07052186% BID:0.4254 ASK:0.4257 MID:0.42555 P1:0.42555 P2:0.4255 P3:0.4255 P4:0.4256 STATE:IDLE
[2026-05-11 16:47:58Z] CHK MOM:0.03% RANGE:0.03% UP:50% SPREAD:0.04700352% BID:0.4255 ASK:0.4257 MID:0.4256 P1:0.4256 P2:0.42555 P3:0.4255 P4:0.4255 STATE:IDLE
[2026-05-11 16:47:58Z] CHK MOM:0.01% RANGE:0.03% UP:50% SPREAD:0.04701457% BID:0.4254 ASK:0.4256 MID:0.4255 P1:0.4255 P2:0.4256 P3:0.42555 P4:0.4255 STATE:IDLE
[2026-05-11 16:47:59Z] CHK MOM:0.01% RANGE:0.03% UP:50% SPREAD:0.04701457% BID:0.4254 ASK:0.4256 MID:0.4255 P1:0.4255 P2:0.4256 P3:0.42555 P4:0.4255 STATE:IDLE
[2026-05-11 16:47:59Z] CHK MOM:0.01% RANGE:0.03% UP:50% SPREAD:0.02349624% BID:0.4256 ASK:0.4257 MID:0.42565 P1:0.42565 P2:0.4255 P3:0.4256 P4:0.42555 STATE:IDLE
[2026-05-11 16:48:00Z] CHK MOM:0.05% RANGE:0.05% UP:66.66% SPREAD:0.02349072% BID:0.4257 ASK:0.4258 MID:0.42575 P1:0.42575 P2:0.42565 P3:0.4255 P4:0.4256 STATE:IDLE
[2026-05-11 16:48:00Z] CHK MOM:0.07% RANGE:0.07% UP:71.42% SPREAD:0.04698144% BID:0.4257 ASK:0.4259 MID:0.4258 P1:0.4258 P2:0.42575 P3:0.42565 P4:0.4255 STATE:IDLE
[2026-05-11 16:48:01Z] CHK MOM:0.08% RANGE:0.08% UP:75% SPREAD:0.0234852% BID:0.4258 ASK:0.4259 MID:0.42585 P1:0.42585 P2:0.4258 P3:0.42575 P4:0.42565 STATE:IDLE
[2026-05-11 16:48:02Z] CHK MOM:0.05% RANGE:0.08% UP:66.66% SPREAD:0.02349072% BID:0.4257 ASK:0.4258 MID:0.42575 P1:0.42575 P2:0.42585 P3:0.4258 P4:0.42575 STATE:IDLE
[2026-05-11 16:48:02Z] CHK MOM:0.07% RANGE:0.08% UP:70% SPREAD:0.04698144% BID:0.4257 ASK:0.4259 MID:0.4258 P1:0.4258 P2:0.42575 P3:0.42585 P4:0.4258 STATE:IDLE
[2026-05-11 16:48:03Z] CHK MOM:0.07% RANGE:0.08% UP:70% SPREAD:0.04698144% BID:0.4257 ASK:0.4259 MID:0.4258 P1:0.4258 P2:0.42575 P3:0.42585 P4:0.4258 STATE:IDLE
[2026-05-11 16:48:03Z] CHK MOM:0.07% RANGE:0.08% UP:63.63% SPREAD:0.04698144% BID:0.4257 ASK:0.4259 MID:0.4258 P1:0.4258 P2:0.4258 P3:0.42575 P4:0.42585 STATE:IDLE
[2026-05-11 16:48:04Z] CHK MOM:0.07% RANGE:0.08% UP:63.63% SPREAD:0.04698144% BID:0.4257 ASK:0.4259 MID:0.4258 P1:0.4258 P2:0.4258 P3:0.42575 P4:0.42585 STATE:IDLE
[2026-05-11 16:48:04Z] CHK MOM:0.1% RANGE:0.1% UP:66.66% SPREAD:0.02347969% BID:0.4259 ASK:0.426 MID:0.42595 P1:0.42595 P2:0.4258 P3:0.4258 P4:0.42575 STATE:IDLE
[2026-05-11 16:48:05Z] CHK MOM:0.11% RANGE:0.11% UP:69.23% SPREAD:0.04695938% BID:0.4259 ASK:0.4261 MID:0.426 P1:0.426 P2:0.42595 P3:0.4258 P4:0.4258 STATE:IDLE
[2026-05-11 16:48:05Z] CHK MOM:0.11% RANGE:0.11% UP:69.23% SPREAD:0.04695938% BID:0.4259 ASK:0.4261 MID:0.426 P1:0.426 P2:0.42595 P3:0.4258 P4:0.4258 STATE:IDLE
[2026-05-11 16:48:06Z] CHK MOM:0.11% RANGE:0.11% UP:64.28% SPREAD:0.04695938% BID:0.4259 ASK:0.4261 MID:0.426 P1:0.426 P2:0.426 P3:0.42595 P4:0.4258 STATE:IDLE
[2026-05-11 16:48:07Z] CHK MOM:0.12% RANGE:0.12% UP:66.66% SPREAD:0.02347417% BID:0.426 ASK:0.4261 MID:0.42605 P1:0.42605 P2:0.426 P3:0.426 P4:0.42595 STATE:IDLE
[2026-05-11 16:48:07Z] CHK MOM:0.11% RANGE:0.12% UP:62.5% SPREAD:0.04695938% BID:0.4259 ASK:0.4261 MID:0.426 P1:0.426 P2:0.42605 P3:0.426 P4:0.426 STATE:IDLE
[2026-05-11 16:48:08Z] CHK MOM:0.1% RANGE:0.12% UP:62.5% SPREAD:0.02347969% BID:0.4259 ASK:0.426 MID:0.42595 P1:0.42595 P2:0.426 P3:0.42605 P4:0.426 STATE:IDLE
[2026-05-11 16:48:08Z] CHK MOM:0.1% RANGE:0.12% UP:58.82% SPREAD:0.02347969% BID:0.4259 ASK:0.426 MID:0.42595 P1:0.42595 P2:0.42595 P3:0.426 P4:0.42605 STATE:IDLE
[2026-05-11 16:48:09Z] CHK MOM:0.1% RANGE:0.12% UP:58.82% SPREAD:0.02347969% BID:0.4259 ASK:0.426 MID:0.42595 P1:0.42595 P2:0.42595 P3:0.426 P4:0.42605 STATE:IDLE
[2026-05-11 16:48:09Z] CHK MOM:0.08% RANGE:0.12% UP:52.94% SPREAD:0.0469704% BID:0.4258 ASK:0.426 MID:0.4259 P1:0.4259 P2:0.42595 P3:0.42595 P4:0.426 STATE:IDLE
[2026-05-11 16:48:10Z] CHK MOM:0.1% RANGE:0.12% UP:56.25% SPREAD:0.02347969% BID:0.4259 ASK:0.426 MID:0.42595 P1:0.42595 P2:0.4259 P3:0.42595 P4:0.42595 STATE:IDLE
[2026-05-11 16:48:10Z] CHK MOM:0.09% RANGE:0.12% UP:52.94% SPREAD:0.0469704% BID:0.4258 ASK:0.426 MID:0.4259 P1:0.4259 P2:0.42595 P3:0.4259 P4:0.42595 STATE:IDLE
[2026-05-11 16:48:11Z] CHK MOM:0.09% RANGE:0.12% UP:52.94% SPREAD:0.0469704% BID:0.4258 ASK:0.426 MID:0.4259 P1:0.4259 P2:0.42595 P3:0.4259 P4:0.42595 STATE:IDLE
[2026-05-11 16:48:11Z] CHK MOM:0.07% RANGE:0.09% UP:52.94% SPREAD:0.02347969% BID:0.4259 ASK:0.426 MID:0.42595 P1:0.42595 P2:0.4259 P3:0.42595 P4:0.4259 STATE:IDLE
[2026-05-11 16:48:12Z] CHK MOM:0.07% RANGE:0.09% UP:52.94% SPREAD:0.02347969% BID:0.4259 ASK:0.426 MID:0.42595 P1:0.42595 P2:0.4259 P3:0.42595 P4:0.4259 STATE:IDLE
[2026-05-11 16:48:13Z] CHK MOM:0.01% RANGE:0.07% UP:40% SPREAD:0.0469704% BID:0.4258 ASK:0.426 MID:0.4259 P1:0.4259 P2:0.42595 P3:0.4259 P4:0.42595 STATE:IDLE
[2026-05-11 16:48:13Z] CHK MOM:0.04% RANGE:0.07% UP:46.66% SPREAD:0.02347969% BID:0.4259 ASK:0.426 MID:0.42595 P1:0.42595 P2:0.4259 P3:0.42595 P4:0.4259 STATE:IDLE
[2026-05-11 16:48:14Z] CHK MOM:0.04% RANGE:0.07% UP:46.66% SPREAD:0.02347969% BID:0.4259 ASK:0.426 MID:0.42595 P1:0.42595 P2:0.4259 P3:0.42595 P4:0.4259 STATE:IDLE
[2026-05-11 16:48:14Z] CHK MOM:0.04% RANGE:0.07% UP:46.66% SPREAD:0.02347969% BID:0.4259 ASK:0.426 MID:0.42595 P1:0.42595 P2:0.4259 P3:0.42595 P4:0.4259 STATE:IDLE
[2026-05-11 16:48:15Z] CHK MOM:0.04% RANGE:0.07% UP:46.66% SPREAD:0.02347969% BID:0.4259 ASK:0.426 MID:0.42595 P1:0.42595 P2:0.4259 P3:0.42595 P4:0.4259 STATE:IDLE
[2026-05-11 16:48:15Z] CHK MOM:0% RANGE:0.03% UP:38.46% SPREAD:0.02347969% BID:0.4259 ASK:0.426 MID:0.42595 P1:0.42595 P2:0.42595 P3:0.4259 P4:0.42595 STATE:IDLE
[2026-05-11 16:48:16Z] CHK MOM:0% RANGE:0.03% UP:35.71% SPREAD:0.02347969% BID:0.4259 ASK:0.426 MID:0.42595 P1:0.42595 P2:0.42595 P3:0.42595 P4:0.4259 STATE:IDLE
[2026-05-11 16:48:16Z] CHK MOM:0% RANGE:0.03% UP:33.33% SPREAD:0.02347969% BID:0.4259 ASK:0.426 MID:0.42595 P1:0.42595 P2:0.42595 P3:0.42595 P4:0.42595 STATE:IDLE
[2026-05-11 16:48:17Z] CHK MOM:-0.01% RANGE:0.03% UP:28.57% SPREAD:0.02347969% BID:0.4259 ASK:0.426 MID:0.42595 P1:0.42595 P2:0.42595 P3:0.42595 P4:0.42595 STATE:IDLE
[2026-05-11 16:48:18Z] CHK MOM:-0.01% RANGE:0.03% UP:28.57% SPREAD:0.02347969% BID:0.4259 ASK:0.426 MID:0.42595 P1:0.42595 P2:0.42595 P3:0.42595 P4:0.42595 STATE:IDLE
[2026-05-11 16:48:19Z] CHK MOM:-0.02% RANGE:0.02% UP:23.07% SPREAD:0.0469704% BID:0.4258 ASK:0.426 MID:0.4259 P1:0.4259 P2:0.42595 P3:0.42595 P4:0.42595 STATE:IDLE
[2026-05-11 16:48:19Z] CHK MOM:-0.02% RANGE:0.02% UP:21.42% SPREAD:0.0469704% BID:0.4258 ASK:0.426 MID:0.4259 P1:0.4259 P2:0.4259 P3:0.42595 P4:0.42595 STATE:IDLE
[2026-05-11 16:48:20Z] CHK MOM:-0.01% RANGE:0.01% UP:21.42% SPREAD:0.0469704% BID:0.4258 ASK:0.426 MID:0.4259 P1:0.4259 P2:0.4259 P3:0.4259 P4:0.42595 STATE:IDLE
[2026-05-11 16:48:20Z] CHK MOM:-0.01% RANGE:0.01% UP:21.42% SPREAD:0.0469704% BID:0.4258 ASK:0.426 MID:0.4259 P1:0.4259 P2:0.4259 P3:0.4259 P4:0.42595 STATE:IDLE
[2026-05-11 16:48:21Z] CHK MOM:0% RANGE:0.01% UP:23.07% SPREAD:0.0469704% BID:0.4258 ASK:0.426 MID:0.4259 P1:0.4259 P2:0.4259 P3:0.4259 P4:0.4259 STATE:IDLE
[2026-05-11 16:48:21Z] CHK MOM:-0.01% RANGE:0.01% UP:15.38% SPREAD:0.0469704% BID:0.4258 ASK:0.426 MID:0.4259 P1:0.4259 P2:0.4259 P3:0.4259 P4:0.4259 STATE:IDLE
[2026-05-11 16:48:22Z] CHK MOM:-0.01% RANGE:0.01% UP:15.38% SPREAD:0.0469704% BID:0.4258 ASK:0.426 MID:0.4259 P1:0.4259 P2:0.4259 P3:0.4259 P4:0.4259 STATE:IDLE
[2026-05-11 16:48:22Z] CHK MOM:-0.01% RANGE:0.01% UP:15.38% SPREAD:0.0469704% BID:0.4258 ASK:0.426 MID:0.4259 P1:0.4259 P2:0.4259 P3:0.4259 P4:0.4259 STATE:IDLE
[2026-05-11 16:48:23Z] CHK MOM:-0.01% RANGE:0.01% UP:15.38% SPREAD:0.0469704% BID:0.4258 ASK:0.426 MID:0.4259 P1:0.4259 P2:0.4259 P3:0.4259 P4:0.4259 STATE:IDLE
[2026-05-11 16:48:24Z] CHK MOM:0% RANGE:0.01% UP:9.09% SPREAD:0.0469704% BID:0.4258 ASK:0.426 MID:0.4259 P1:0.4259 P2:0.4259 P3:0.4259 P4:0.4259 STATE:IDLE
[2026-05-11 16:48:24Z] CHK MOM:0% RANGE:0.01% UP:9.09% SPREAD:0.0469704% BID:0.4258 ASK:0.426 MID:0.4259 P1:0.4259 P2:0.4259 P3:0.4259 P4:0.4259 STATE:IDLE
[2026-05-11 16:48:25Z] CHK MOM:0% RANGE:0.01% UP:9.09% SPREAD:0.0469704% BID:0.4258 ASK:0.426 MID:0.4259 P1:0.4259 P2:0.4259 P3:0.4259 P4:0.4259 STATE:IDLE
[2026-05-11 16:48:25Z] CHK MOM:0% RANGE:0.01% UP:9.09% SPREAD:0.0469704% BID:0.4258 ASK:0.426 MID:0.4259 P1:0.4259 P2:0.4259 P3:0.4259 P4:0.4259 STATE:IDLE
[2026-05-11 16:48:26Z] CHK MOM:0% RANGE:0.01% UP:9.09% SPREAD:0.0469704% BID:0.4258 ASK:0.426 MID:0.4259 P1:0.4259 P2:0.4259 P3:0.4259 P4:0.4259 STATE:IDLE
[2026-05-11 16:48:26Z] CHK MOM:0% RANGE:0.01% UP:9.09% SPREAD:0.0469704% BID:0.4258 ASK:0.426 MID:0.4259 P1:0.4259 P2:0.4259 P3:0.4259 P4:0.4259 STATE:IDLE
[2026-05-11 16:48:28Z] CHK MOM:-0.01% RANGE:0.01% UP:0% SPREAD:0.0469704% BID:0.4258 ASK:0.426 MID:0.4259 P1:0.4259 P2:0.4259 P3:0.4259 P4:0.4259 STATE:IDLE
[2026-05-11 16:48:29Z] CHK MOM:-0.01% RANGE:0.01% UP:0% SPREAD:0.0469704% BID:0.4258 ASK:0.426 MID:0.4259 P1:0.4259 P2:0.4259 P3:0.4259 P4:0.4259 STATE:IDLE
[2026-05-11 16:48:29Z] CHK MOM:0% RANGE:0% UP:0% SPREAD:0.0469704% BID:0.4258 ASK:0.426 MID:0.4259 P1:0.4259 P2:0.4259 P3:0.4259 P4:0.4259 STATE:IDLE
[2026-05-11 16:48:30Z] CHK MOM:0% RANGE:0% UP:0% SPREAD:0.0469704% BID:0.4258 ASK:0.426 MID:0.4259 P1:0.4259 P2:0.4259 P3:0.4259 P4:0.4259 STATE:IDLE
[2026-05-11 16:48:30Z] CHK MOM:0% RANGE:0% UP:0% SPREAD:0.0469704% BID:0.4258 ASK:0.426 MID:0.4259 P1:0.4259 P2:0.4259 P3:0.4259 P4:0.4259 STATE:IDLE
[2026-05-11 16:48:31Z] CHK MOM:0% RANGE:0% UP:0% SPREAD:0.0469704% BID:0.4258 ASK:0.426 MID:0.4259 P1:0.4259 P2:0.4259 P3:0.4259 P4:0.4259 STATE:IDLE
[2026-05-11 16:48:31Z] CHK MOM:0% RANGE:0% UP:0% SPREAD:0.0469704% BID:0.4258 ASK:0.426 MID:0.4259 P1:0.4259 P2:0.4259 P3:0.4259 P4:0.4259 STATE:IDLE
[2026-05-11 16:48:32Z] CHK MOM:0% RANGE:0% UP:0% SPREAD:0.0469704% BID:0.4258 ASK:0.426 MID:0.4259 P1:0.4259 P2:0.4259 P3:0.4259 P4:0.4259 STATE:IDLE
[2026-05-11 16:48:32Z] CHK MOM:0% RANGE:0% UP:0% SPREAD:0.0469704% BID:0.4258 ASK:0.426 MID:0.4259 P1:0.4259 P2:0.4259 P3:0.4259 P4:0.4259 STATE:IDLE
[2026-05-11 16:48:33Z] CHK MOM:0.05% RANGE:0.05% UP:14.28% SPREAD:0.02346866% BID:0.4261 ASK:0.4262 MID:0.42615 P1:0.42615 P2:0.4259 P3:0.4259 P4:0.4259 STATE:IDLE
[2026-05-11 16:48:33Z] CHK MOM:0.08% RANGE:0.08% UP:25% SPREAD:0.02346316% BID:0.4262 ASK:0.4263 MID:0.42625 P1:0.42625 P2:0.42615 P3:0.4259 P4:0.4259 STATE:IDLE
[2026-05-11 16:48:34Z] CHK MOM:0.08% RANGE:0.08% UP:25% SPREAD:0.02346316% BID:0.4262 ASK:0.4263 MID:0.42625 P1:0.42625 P2:0.42625 P3:0.42615 P4:0.4259 STATE:IDLE
[2026-05-11 16:48:35Z] CHK MOM:0.07% RANGE:0.08% UP:22.22% SPREAD:0.04693733% BID:0.4261 ASK:0.4263 MID:0.4262 P1:0.4262 P2:0.42625 P3:0.42625 P4:0.42615 STATE:IDLE
[2026-05-11 16:48:35Z] CHK MOM:0.02% RANGE:0.08% UP:20% SPREAD:0.04695938% BID:0.4259 ASK:0.4261 MID:0.426 P1:0.426 P2:0.4262 P3:0.42625 P4:0.42625 STATE:IDLE
[2026-05-11 16:48:36Z] CHK MOM:0% RANGE:0.08% UP:20% SPREAD:0.0469704% BID:0.4258 ASK:0.426 MID:0.4259 P1:0.4259 P2:0.426 P3:0.4262 P4:0.42625 STATE:IDLE
[2026-05-11 16:48:36Z] CHK MOM:0% RANGE:0.08% UP:18.18% SPREAD:0.0469704% BID:0.4258 ASK:0.426 MID:0.4259 P1:0.4259 P2:0.4259 P3:0.426 P4:0.4262 STATE:IDLE
[2026-05-11 16:48:37Z] CHK MOM:0% RANGE:0.08% UP:18.18% SPREAD:0.0469704% BID:0.4258 ASK:0.426 MID:0.4259 P1:0.4259 P2:0.4259 P3:0.426 P4:0.4262 STATE:IDLE
[2026-05-11 16:48:37Z] CHK MOM:0% RANGE:0.08% UP:18.18% SPREAD:0.0469704% BID:0.4258 ASK:0.426 MID:0.4259 P1:0.4259 P2:0.4259 P3:0.426 P4:0.4262 STATE:IDLE
[2026-05-11 16:48:38Z] CHK MOM:0.01% RANGE:0.08% UP:25% SPREAD:0.02347969% BID:0.4259 ASK:0.426 MID:0.42595 P1:0.42595 P2:0.4259 P3:0.4259 P4:0.426 STATE:IDLE
[2026-05-11 16:48:38Z] CHK MOM:0.01% RANGE:0.08% UP:25% SPREAD:0.02347969% BID:0.4259 ASK:0.426 MID:0.42595 P1:0.42595 P2:0.4259 P3:0.4259 P4:0.426 STATE:IDLE
[2026-05-11 16:48:39Z] CHK MOM:0.01% RANGE:0.08% UP:25% SPREAD:0.02347969% BID:0.4259 ASK:0.426 MID:0.42595 P1:0.42595 P2:0.4259 P3:0.4259 P4:0.426 STATE:IDLE
[2026-05-11 16:48:40Z] CHK MOM:0.01% RANGE:0.08% UP:25% SPREAD:0.02347969% BID:0.4259 ASK:0.426 MID:0.42595 P1:0.42595 P2:0.4259 P3:0.4259 P4:0.426 STATE:IDLE
[2026-05-11 16:48:40Z] CHK MOM:0.01% RANGE:0.08% UP:25% SPREAD:0.02347969% BID:0.4259 ASK:0.426 MID:0.42595 P1:0.42595 P2:0.42595 P3:0.4259 P4:0.4259 STATE:IDLE
[2026-05-11 16:48:41Z] CHK MOM:0.01% RANGE:0.08% UP:25% SPREAD:0.02347969% BID:0.4259 ASK:0.426 MID:0.42595 P1:0.42595 P2:0.42595 P3:0.4259 P4:0.4259 STATE:IDLE
[2026-05-11 16:48:41Z] CHK MOM:0.01% RANGE:0.08% UP:25% SPREAD:0.02347969% BID:0.4259 ASK:0.426 MID:0.42595 P1:0.42595 P2:0.42595 P3:0.42595 P4:0.4259 STATE:IDLE
[2026-05-11 16:48:42Z] CHK MOM:0.01% RANGE:0.08% UP:25% SPREAD:0.02347969% BID:0.4259 ASK:0.426 MID:0.42595 P1:0.42595 P2:0.42595 P3:0.42595 P4:0.42595 STATE:IDLE
[2026-05-11 16:48:42Z] CHK MOM:0.01% RANGE:0.08% UP:25% SPREAD:0.02347969% BID:0.4259 ASK:0.426 MID:0.42595 P1:0.42595 P2:0.42595 P3:0.42595 P4:0.42595 STATE:IDLE
[2026-05-11 16:48:43Z] CHK MOM:0.01% RANGE:0.08% UP:23.07% SPREAD:0.02347969% BID:0.4259 ASK:0.426 MID:0.42595 P1:0.42595 P2:0.42595 P3:0.42595 P4:0.42595 STATE:IDLE
[2026-05-11 16:48:43Z] CHK MOM:0.01% RANGE:0.08% UP:21.42% SPREAD:0.02347969% BID:0.4259 ASK:0.426 MID:0.42595 P1:0.42595 P2:0.42595 P3:0.42595 P4:0.42595 STATE:IDLE
[2026-05-11 16:48:44Z] CHK MOM:0.01% RANGE:0.08% UP:21.42% SPREAD:0.02347969% BID:0.4259 ASK:0.426 MID:0.42595 P1:0.42595 P2:0.42595 P3:0.42595 P4:0.42595 STATE:IDLE
[2026-05-11 16:48:44Z] CHK MOM:0.01% RANGE:0.08% UP:21.42% SPREAD:0.02347969% BID:0.4259 ASK:0.426 MID:0.42595 P1:0.42595 P2:0.42595 P3:0.42595 P4:0.42595 STATE:IDLE
[2026-05-11 16:48:45Z] CHK MOM:0.01% RANGE:0.08% UP:21.42% SPREAD:0.02347969% BID:0.4259 ASK:0.426 MID:0.42595 P1:0.42595 P2:0.42595 P3:0.42595 P4:0.42595 STATE:IDLE
[2026-05-11 16:48:46Z] CHK MOM:-0.07% RANGE:0.08% UP:8.33% SPREAD:0.02347969% BID:0.4259 ASK:0.426 MID:0.42595 P1:0.42595 P2:0.42595 P3:0.42595 P4:0.42595 STATE:IDLE
[2026-05-11 16:48:46Z] CHK MOM:-0.07% RANGE:0.08% UP:8.33% SPREAD:0.02347969% BID:0.4259 ASK:0.426 MID:0.42595 P1:0.42595 P2:0.42595 P3:0.42595 P4:0.42595 STATE:IDLE
[2026-05-11 16:48:47Z] CHK MOM:-0.07% RANGE:0.08% UP:8.33% SPREAD:0.02347969% BID:0.4259 ASK:0.426 MID:0.42595 P1:0.42595 P2:0.42595 P3:0.42595 P4:0.42595 STATE:IDLE
[2026-05-11 16:48:47Z] CHK MOM:-0.04% RANGE:0.04% UP:9.09% SPREAD:0.04698144% BID:0.4257 ASK:0.4259 MID:0.4258 P1:0.4258 P2:0.42595 P3:0.42595 P4:0.42595 STATE:IDLE
[2026-05-11 16:48:48Z] CHK MOM:-0.04% RANGE:0.04% UP:9.09% SPREAD:0.04698144% BID:0.4257 ASK:0.4259 MID:0.4258 P1:0.4258 P2:0.42595 P3:0.42595 P4:0.42595 STATE:IDLE
[2026-05-11 16:48:48Z] CHK MOM:-0.04% RANGE:0.04% UP:9.09% SPREAD:0.04698144% BID:0.4257 ASK:0.4259 MID:0.4258 P1:0.4258 P2:0.42595 P3:0.42595 P4:0.42595 STATE:IDLE
[2026-05-11 16:48:49Z] CHK MOM:-0.04% RANGE:0.04% UP:9.09% SPREAD:0.04698144% BID:0.4257 ASK:0.4259 MID:0.4258 P1:0.4258 P2:0.42595 P3:0.42595 P4:0.42595 STATE:IDLE
[2026-05-11 16:48:49Z] CHK MOM:-0.02% RANGE:0.03% UP:11.11% SPREAD:0.0234852% BID:0.4258 ASK:0.4259 MID:0.42585 P1:0.42585 P2:0.4258 P3:0.42595 P4:0.42595 STATE:IDLE
[2026-05-11 16:48:50Z] CHK MOM:-0.02% RANGE:0.03% UP:11.11% SPREAD:0.0234852% BID:0.4258 ASK:0.4259 MID:0.42585 P1:0.42585 P2:0.4258 P3:0.42595 P4:0.42595 STATE:IDLE
[2026-05-11 16:48:51Z] CHK MOM:0% RANGE:0.03% UP:22.22% SPREAD:0.02347969% BID:0.4259 ASK:0.426 MID:0.42595 P1:0.42595 P2:0.42585 P3:0.4258 P4:0.42595 STATE:IDLE
[2026-05-11 16:48:51Z] CHK MOM:0.01% RANGE:0.04% UP:30% SPREAD:0.04695938% BID:0.4259 ASK:0.4261 MID:0.426 P1:0.426 P2:0.42595 P3:0.42585 P4:0.4258 STATE:IDLE
[2026-05-11 16:48:52Z] CHK MOM:0.01% RANGE:0.04% UP:30% SPREAD:0.04695938% BID:0.4259 ASK:0.4261 MID:0.426 P1:0.426 P2:0.42595 P3:0.42585 P4:0.4258 STATE:IDLE
[2026-05-11 16:48:52Z] CHK MOM:0.01% RANGE:0.04% UP:30% SPREAD:0.04695938% BID:0.4259 ASK:0.4261 MID:0.426 P1:0.426 P2:0.42595 P3:0.42585 P4:0.4258 STATE:IDLE
[2026-05-11 16:48:53Z] CHK MOM:0.01% RANGE:0.04% UP:30% SPREAD:0.04695938% BID:0.4259 ASK:0.4261 MID:0.426 P1:0.426 P2:0.42595 P3:0.42585 P4:0.4258 STATE:IDLE
[2026-05-11 16:48:53Z] CHK MOM:0.01% RANGE:0.04% UP:30% SPREAD:0.04695938% BID:0.4259 ASK:0.4261 MID:0.426 P1:0.426 P2:0.42595 P3:0.42585 P4:0.4258 STATE:IDLE
[2026-05-11 16:48:54Z] CHK MOM:0.01% RANGE:0.04% UP:30% SPREAD:0.04695938% BID:0.4259 ASK:0.4261 MID:0.426 P1:0.426 P2:0.42595 P3:0.42585 P4:0.4258 STATE:IDLE
[2026-05-11 16:48:57Z] CHK MOM:0.01% RANGE:0.04% UP:60% SPREAD:0.04695938% BID:0.4259 ASK:0.4261 MID:0.426 P1:0.426 P2:0.426 P3:0.42595 P4:0.42585 STATE:IDLE
[2026-05-11 16:48:57Z] CHK MOM:-0.03% RANGE:0.04% UP:50% SPREAD:0.04698144% BID:0.4257 ASK:0.4259 MID:0.4258 P1:0.4258 P2:0.426 P3:0.426 P4:0.42595 STATE:IDLE
[2026-05-11 16:48:58Z] CHK MOM:-0.01% RANGE:0.05% UP:50% SPREAD:0.02349072% BID:0.4257 ASK:0.4258 MID:0.42575 P1:0.42575 P2:0.4258 P3:0.426 P4:0.426 STATE:IDLE
[2026-05-11 16:48:58Z] CHK MOM:-0.01% RANGE:0.05% UP:42.85% SPREAD:0.02349072% BID:0.4257 ASK:0.4258 MID:0.42575 P1:0.42575 P2:0.42575 P3:0.4258 P4:0.426 STATE:IDLE
[2026-05-11 16:48:59Z] CHK MOM:-0.02% RANGE:0.07% UP:37.5% SPREAD:0.04699248% BID:0.4256 ASK:0.4258 MID:0.42569999 P1:0.42569999 P2:0.42575 P3:0.42575 P4:0.4258 STATE:IDLE
[2026-05-11 16:48:59Z] CHK MOM:-0.05% RANGE:0.1% UP:33.33% SPREAD:0.02350176% BID:0.4255 ASK:0.4256 MID:0.42555 P1:0.42555 P2:0.42569999 P3:0.42575 P4:0.42575 STATE:IDLE
[2026-05-11 16:49:00Z] CHK MOM:-0.05% RANGE:0.1% UP:33.33% SPREAD:0.02350176% BID:0.4255 ASK:0.4256 MID:0.42555 P1:0.42555 P2:0.42569999 P3:0.42575 P4:0.42575 STATE:IDLE
[2026-05-11 16:49:00Z] CHK MOM:-0.07% RANGE:0.1% UP:22.22% SPREAD:0.02350176% BID:0.4255 ASK:0.4256 MID:0.42555 P1:0.42555 P2:0.42555 P3:0.42569999 P4:0.42575 STATE:IDLE
[2026-05-11 16:49:01Z] CHK MOM:-0.05% RANGE:0.1% UP:30% SPREAD:0.04700352% BID:0.4255 ASK:0.4257 MID:0.4256 P1:0.4256 P2:0.42555 P3:0.42555 P4:0.42569999 STATE:IDLE
[2026-05-11 16:49:01Z] CHK MOM:-0.05% RANGE:0.1% UP:27.27% SPREAD:0.04700352% BID:0.4255 ASK:0.4257 MID:0.4256 P1:0.4256 P2:0.4256 P3:0.42555 P4:0.42555 STATE:IDLE
[2026-05-11 16:49:02Z] CHK MOM:-0.08% RANGE:0.1% UP:18.18% SPREAD:0.04700352% BID:0.4255 ASK:0.4257 MID:0.4256 P1:0.4256 P2:0.4256 P3:0.4256 P4:0.42555 STATE:IDLE
[2026-05-11 16:49:03Z] CHK MOM:-0.05% RANGE:0.1% UP:18.18% SPREAD:0.02349072% BID:0.4257 ASK:0.4258 MID:0.42575 P1:0.42575 P2:0.4256 P3:0.4256 P4:0.4256 STATE:IDLE
[2026-05-11 16:49:03Z] CHK MOM:-0.02% RANGE:0.1% UP:27.27% SPREAD:0.0469704% BID:0.4258 ASK:0.426 MID:0.4259 P1:0.4259 P2:0.42575 P3:0.4256 P4:0.4256 STATE:IDLE
[2026-05-11 16:49:04Z] CHK MOM:-0.01% RANGE:0.1% UP:33.33% SPREAD:0.02347969% BID:0.4259 ASK:0.426 MID:0.42595 P1:0.42595 P2:0.4259 P3:0.42575 P4:0.4256 STATE:IDLE
[2026-05-11 16:49:04Z] CHK MOM:0% RANGE:0.1% UP:38.46% SPREAD:0.04695938% BID:0.4259 ASK:0.4261 MID:0.426 P1:0.426 P2:0.42595 P3:0.4259 P4:0.42575 STATE:IDLE
[2026-05-11 16:49:05Z] CHK MOM:-0.01% RANGE:0.1% UP:35.71% SPREAD:0.02347969% BID:0.4259 ASK:0.426 MID:0.42595 P1:0.42595 P2:0.426 P3:0.42595 P4:0.4259 STATE:IDLE
[2026-05-11 16:49:05Z] CHK MOM:-0.01% RANGE:0.1% UP:35.71% SPREAD:0.02347969% BID:0.4259 ASK:0.426 MID:0.42595 P1:0.42595 P2:0.426 P3:0.42595 P4:0.4259 STATE:IDLE
[2026-05-11 16:49:06Z] CHK MOM:-0.01% RANGE:0.1% UP:33.33% SPREAD:0.02347969% BID:0.4259 ASK:0.426 MID:0.42595 P1:0.42595 P2:0.42595 P3:0.426 P4:0.42595 STATE:IDLE
[2026-05-11 16:49:06Z] CHK MOM:-0.01% RANGE:0.1% UP:33.33% SPREAD:0.02347969% BID:0.4259 ASK:0.426 MID:0.42595 P1:0.42595 P2:0.42595 P3:0.426 P4:0.42595 STATE:IDLE
[2026-05-11 16:49:07Z] CHK MOM:-0.01% RANGE:0.1% UP:33.33% SPREAD:0.02347969% BID:0.4259 ASK:0.426 MID:0.42595 P1:0.42595 P2:0.42595 P3:0.426 P4:0.42595 STATE:IDLE
[2026-05-11 16:49:08Z] CHK MOM:-0.01% RANGE:0.1% UP:33.33% SPREAD:0.02347969% BID:0.4259 ASK:0.426 MID:0.42595 P1:0.42595 P2:0.42595 P3:0.426 P4:0.42595 STATE:IDLE
[2026-05-11 16:49:08Z] CHK MOM:0.05% RANGE:0.11% UP:40% SPREAD:0.02347417% BID:0.426 ASK:0.4261 MID:0.42605 P1:0.42605 P2:0.42595 P3:0.42595 P4:0.426 STATE:IDLE
[2026-05-11 16:49:09Z] CHK MOM:0.08% RANGE:0.14% UP:43.75% SPREAD:0.02346866% BID:0.4261 ASK:0.4262 MID:0.42615 P1:0.42615 P2:0.42605 P3:0.42595 P4:0.42595 STATE:IDLE
[2026-05-11 16:49:09Z] CHK MOM:0.11% RANGE:0.16% UP:50% SPREAD:0.02346316% BID:0.4262 ASK:0.4263 MID:0.42625 P1:0.42625 P2:0.42615 P3:0.42605 P4:0.42595 STATE:IDLE
[2026-05-11 16:49:10Z] CHK MOM:0.11% RANGE:0.16% UP:50% SPREAD:0.02346316% BID:0.4262 ASK:0.4263 MID:0.42625 P1:0.42625 P2:0.42625 P3:0.42615 P4:0.42605 STATE:IDLE
[2026-05-11 16:49:10Z] CHK MOM:0.11% RANGE:0.16% UP:50% SPREAD:0.02346316% BID:0.4262 ASK:0.4263 MID:0.42625 P1:0.42625 P2:0.42625 P3:0.42615 P4:0.42605 STATE:IDLE
[2026-05-11 16:49:11Z] CHK MOM:0.08% RANGE:0.16% UP:50% SPREAD:0.02347417% BID:0.426 ASK:0.4261 MID:0.42605 P1:0.42605 P2:0.42625 P3:0.42625 P4:0.42615 STATE:IDLE
[2026-05-11 16:49:11Z] CHK MOM:0.12% RANGE:0.16% UP:56.25% SPREAD:0.04694835% BID:0.426 ASK:0.4262 MID:0.4261 P1:0.4261 P2:0.42605 P3:0.42625 P4:0.42625 STATE:IDLE
[2026-05-11 16:49:12Z] CHK MOM:0.12% RANGE:0.16% UP:56.25% SPREAD:0.04694835% BID:0.426 ASK:0.4262 MID:0.4261 P1:0.4261 P2:0.42605 P3:0.42625 P4:0.42625 STATE:IDLE
[2026-05-11 16:49:12Z] CHK MOM:0.14% RANGE:0.16% UP:62.5% SPREAD:0.02346866% BID:0.4261 ASK:0.4262 MID:0.42615 P1:0.42615 P2:0.4261 P3:0.42605 P4:0.42625 STATE:IDLE
[2026-05-11 16:49:13Z] CHK MOM:0.12% RANGE:0.15% UP:56.25% SPREAD:0.02346866% BID:0.4261 ASK:0.4262 MID:0.42615 P1:0.42615 P2:0.42615 P3:0.4261 P4:0.42605 STATE:IDLE
[2026-05-11 16:49:14Z] CHK MOM:0.15% RANGE:0.15% UP:66.66% SPREAD:0.02346316% BID:0.4262 ASK:0.4263 MID:0.42625 P1:0.42625 P2:0.42615 P3:0.42615 P4:0.4261 STATE:IDLE
[2026-05-11 16:49:14Z] CHK MOM:0.12% RANGE:0.12% UP:66.66% SPREAD:0.04692632% BID:0.4262 ASK:0.4264 MID:0.4263 P1:0.4263 P2:0.42625 P3:0.42615 P4:0.42615 STATE:IDLE
[2026-05-11 16:49:15Z] CHK MOM:0.14% RANGE:0.14% UP:68.75% SPREAD:0.02345765% BID:0.4263 ASK:0.4264 MID:0.42635 P1:0.42635 P2:0.4263 P3:0.42625 P4:0.42615 STATE:IDLE
[2026-05-11 16:49:15Z] CHK MOM:0.1% RANGE:0.1% UP:62.5% SPREAD:0.02345765% BID:0.4263 ASK:0.4264 MID:0.42635 P1:0.42635 P2:0.42635 P3:0.4263 P4:0.42625 STATE:IDLE
[2026-05-11 16:49:16Z] CHK MOM:0.1% RANGE:0.1% UP:62.5% SPREAD:0.02345765% BID:0.4263 ASK:0.4264 MID:0.42635 P1:0.42635 P2:0.42635 P3:0.4263 P4:0.42625 STATE:IDLE
[2026-05-11 16:49:16Z] CHK MOM:0.07% RANGE:0.09% UP:53.33% SPREAD:0.04692632% BID:0.4262 ASK:0.4264 MID:0.4263 P1:0.4263 P2:0.42635 P3:0.42635 P4:0.4263 STATE:IDLE
[2026-05-11 16:49:17Z] CHK MOM:0.07% RANGE:0.09% UP:53.33% SPREAD:0.04692632% BID:0.4262 ASK:0.4264 MID:0.4263 P1:0.4263 P2:0.42635 P3:0.42635 P4:0.4263 STATE:IDLE
[2026-05-11 16:49:17Z] CHK MOM:0.07% RANGE:0.09% UP:57.14% SPREAD:0.02346316% BID:0.4262 ASK:0.4263 MID:0.42625 P1:0.42625 P2:0.4263 P3:0.42635 P4:0.42635 STATE:IDLE
[2026-05-11 16:49:18Z] CHK MOM:0.07% RANGE:0.09% UP:53.33% SPREAD:0.02346316% BID:0.4262 ASK:0.4263 MID:0.42625 P1:0.42625 P2:0.42625 P3:0.4263 P4:0.42635 STATE:IDLE
[2026-05-11 16:49:19Z] CHK MOM:0.07% RANGE:0.09% UP:53.33% SPREAD:0.02346316% BID:0.4262 ASK:0.4263 MID:0.42625 P1:0.42625 P2:0.42625 P3:0.4263 P4:0.42635 STATE:IDLE
[2026-05-11 16:49:19Z] CHK MOM:0.05% RANGE:0.07% UP:53.33% SPREAD:0.04692632% BID:0.4262 ASK:0.4264 MID:0.4263 P1:0.4263 P2:0.42625 P3:0.42625 P4:0.4263 STATE:IDLE
[2026-05-11 16:49:20Z] CHK MOM:0.05% RANGE:0.07% UP:53.33% SPREAD:0.04692632% BID:0.4262 ASK:0.4264 MID:0.4263 P1:0.4263 P2:0.42625 P3:0.42625 P4:0.4263 STATE:IDLE
[2026-05-11 16:49:20Z] CHK MOM:0.07% RANGE:0.07% UP:56.25% SPREAD:0.02345765% BID:0.4263 ASK:0.4264 MID:0.42635 P1:0.42635 P2:0.4263 P3:0.42625 P4:0.42625 STATE:IDLE
[2026-05-11 16:49:21Z] CHK MOM:0.07% RANGE:0.07% UP:56.25% SPREAD:0.02345765% BID:0.4263 ASK:0.4264 MID:0.42635 P1:0.42635 P2:0.4263 P3:0.42625 P4:0.42625 STATE:IDLE
[2026-05-11 16:49:21Z] CHK MOM:0.07% RANGE:0.07% UP:56.25% SPREAD:0.02345765% BID:0.4263 ASK:0.4264 MID:0.42635 P1:0.42635 P2:0.4263 P3:0.42625 P4:0.42625 STATE:IDLE
[2026-05-11 16:49:22Z] CHK MOM:0.02% RANGE:0.07% UP:50% SPREAD:0.02345765% BID:0.4263 ASK:0.4264 MID:0.42635 P1:0.42635 P2:0.42635 P3:0.4263 P4:0.42625 STATE:IDLE
[2026-05-11 16:49:22Z] CHK MOM:0.02% RANGE:0.07% UP:50% SPREAD:0.02345765% BID:0.4263 ASK:0.4264 MID:0.42635 P1:0.42635 P2:0.42635 P3:0.4263 P4:0.42625 STATE:IDLE
[2026-05-11 18:17:51Z] SESSION_START symbol=ONDOUSDC dry_run=0 profile=major strategy=momentum base_url=https://api.binance.com
[2026-05-11 18:17:51Z] TOXIC_MEMORY_LOADED count=4 symbols=GUNUSDC,JTOUSDC,ORDIUSDC,SAHARAUSDC
[2026-05-11 18:17:54Z] CHK MOM:0% RANGE:0% UP:0% SPREAD:0.04703668% BID:0.4252 ASK:0.4254 MID:0.4253 P1:0.4253 P2:NA P3:NA P4:NA STATE:IDLE
[2026-05-11 18:17:55Z] CHK MOM:-0.01% RANGE:0.01% UP:0% SPREAD:0.02351834% BID:0.4252 ASK:0.4253 MID:0.42525 P1:0.42525 P2:0.4253 P3:NA P4:NA STATE:IDLE
[2026-05-11 18:17:55Z] CHK MOM:0% RANGE:0.01% UP:50% SPREAD:0.04703668% BID:0.4252 ASK:0.4254 MID:0.4253 P1:0.4253 P2:0.42525 P3:0.4253 P4:NA STATE:IDLE
[2026-05-11 18:17:56Z] CHK MOM:0% RANGE:0.01% UP:50% SPREAD:0.04703668% BID:0.4252 ASK:0.4254 MID:0.4253 P1:0.4253 P2:0.42525 P3:0.4253 P4:NA STATE:IDLE
[2026-05-11 18:17:56Z] CHK MOM:0% RANGE:0.01% UP:33.33% SPREAD:0.04703668% BID:0.4252 ASK:0.4254 MID:0.4253 P1:0.4253 P2:0.4253 P3:0.42525 P4:0.4253 STATE:IDLE
[2026-05-11 18:17:57Z] CHK MOM:0% RANGE:0.01% UP:33.33% SPREAD:0.04703668% BID:0.4252 ASK:0.4254 MID:0.4253 P1:0.4253 P2:0.4253 P3:0.42525 P4:0.4253 STATE:IDLE
[2026-05-11 18:17:57Z] CHK MOM:-0.01% RANGE:0.01% UP:25% SPREAD:0.02351834% BID:0.4252 ASK:0.4253 MID:0.42525 P1:0.42525 P2:0.4253 P3:0.4253 P4:0.42525 STATE:IDLE
[2026-05-11 18:17:58Z] CHK MOM:-0.01% RANGE:0.01% UP:25% SPREAD:0.02351834% BID:0.4252 ASK:0.4253 MID:0.42525 P1:0.42525 P2:0.4253 P3:0.4253 P4:0.42525 STATE:IDLE
[2026-05-11 18:17:58Z] CHK MOM:-0.01% RANGE:0.01% UP:25% SPREAD:0.02351834% BID:0.4252 ASK:0.4253 MID:0.42525 P1:0.42525 P2:0.4253 P3:0.4253 P4:0.42525 STATE:IDLE
[2026-05-11 18:17:59Z] CHK MOM:-0.01% RANGE:0.01% UP:20% SPREAD:0.02351834% BID:0.4252 ASK:0.4253 MID:0.42525 P1:0.42525 P2:0.42525 P3:0.4253 P4:0.4253 STATE:IDLE
[2026-05-11 18:17:59Z] CHK MOM:-0.01% RANGE:0.01% UP:16.66% SPREAD:0.02351834% BID:0.4252 ASK:0.4253 MID:0.42525 P1:0.42525 P2:0.42525 P3:0.42525 P4:0.4253 STATE:IDLE
[2026-05-11 18:18:00Z] CHK MOM:-0.02% RANGE:0.02% UP:14.28% SPREAD:0.04704775% BID:0.4251 ASK:0.4253 MID:0.4252 P1:0.4252 P2:0.42525 P3:0.42525 P4:0.42525 STATE:IDLE
[2026-05-11 18:18:00Z] CHK MOM:-0.01% RANGE:0.02% UP:25% SPREAD:0.02351834% BID:0.4252 ASK:0.4253 MID:0.42525 P1:0.42525 P2:0.4252 P3:0.42525 P4:0.42525 STATE:IDLE
[2026-05-11 18:18:01Z] CHK MOM:-0.01% RANGE:0.02% UP:25% SPREAD:0.02351834% BID:0.4252 ASK:0.4253 MID:0.42525 P1:0.42525 P2:0.4252 P3:0.42525 P4:0.42525 STATE:IDLE
[2026-05-11 18:18:02Z] CHK MOM:-0.01% RANGE:0.02% UP:25% SPREAD:0.02351834% BID:0.4252 ASK:0.4253 MID:0.42525 P1:0.42525 P2:0.4252 P3:0.42525 P4:0.42525 STATE:IDLE
[2026-05-11 18:18:02Z] CHK MOM:-0.03% RANGE:0.03% UP:22.22% SPREAD:0.02352387% BID:0.4251 ASK:0.4252 MID:0.42515 P1:0.42515 P2:0.42525 P3:0.4252 P4:0.42525 STATE:IDLE
[2026-05-11 18:18:03Z] CHK MOM:-0.03% RANGE:0.03% UP:20% SPREAD:0.02352387% BID:0.4251 ASK:0.4252 MID:0.42515 P1:0.42515 P2:0.42515 P3:0.42525 P4:0.4252 STATE:IDLE
[2026-05-11 18:18:03Z] CHK MOM:-0.03% RANGE:0.03% UP:18.18% SPREAD:0.02352387% BID:0.4251 ASK:0.4252 MID:0.42515 P1:0.42515 P2:0.42515 P3:0.42515 P4:0.42525 STATE:IDLE
[2026-05-11 18:18:04Z] CHK MOM:-0.03% RANGE:0.03% UP:16.66% SPREAD:0.02352387% BID:0.4251 ASK:0.4252 MID:0.42515 P1:0.42515 P2:0.42515 P3:0.42515 P4:0.42515 STATE:IDLE
[2026-05-11 18:18:04Z] CHK MOM:-0.03% RANGE:0.03% UP:15.38% SPREAD:0.02352387% BID:0.4251 ASK:0.4252 MID:0.42515 P1:0.42515 P2:0.42515 P3:0.42515 P4:0.42515 STATE:IDLE
[2026-05-11 18:18:05Z] CHK MOM:-0.03% RANGE:0.03% UP:15.38% SPREAD:0.02352387% BID:0.4251 ASK:0.4252 MID:0.42515 P1:0.42515 P2:0.42515 P3:0.42515 P4:0.42515 STATE:IDLE
[2026-05-11 18:18:05Z] CHK MOM:-0.03% RANGE:0.03% UP:14.28% SPREAD:0.02352387% BID:0.4251 ASK:0.4252 MID:0.42515 P1:0.42515 P2:0.42515 P3:0.42515 P4:0.42515 STATE:IDLE
[2026-05-11 18:18:06Z] CHK MOM:-0.03% RANGE:0.03% UP:14.28% SPREAD:0.02352387% BID:0.4251 ASK:0.4252 MID:0.42515 P1:0.42515 P2:0.42515 P3:0.42515 P4:0.42515 STATE:IDLE
[2026-05-11 18:18:06Z] CHK MOM:-0.02% RANGE:0.03% UP:15.38% SPREAD:0.04704775% BID:0.4251 ASK:0.4253 MID:0.4252 P1:0.4252 P2:0.42515 P3:0.42515 P4:0.42515 STATE:IDLE
[2026-05-11 18:18:07Z] CHK MOM:-0.04% RANGE:0.04% UP:15.38% SPREAD:0.04705882% BID:0.425 ASK:0.4252 MID:0.4251 P1:0.4251 P2:0.4252 P3:0.42515 P4:0.42515 STATE:IDLE
[2026-05-11 18:18:07Z] CHK MOM:-0.04% RANGE:0.04% UP:15.38% SPREAD:0.04705882% BID:0.425 ASK:0.4252 MID:0.4251 P1:0.4251 P2:0.4252 P3:0.42515 P4:0.42515 STATE:IDLE
[2026-05-11 18:18:08Z] CHK MOM:-0.01% RANGE:0.03% UP:23.07% SPREAD:0.04704775% BID:0.4251 ASK:0.4253 MID:0.4252 P1:0.4252 P2:0.4251 P3:0.4252 P4:0.42515 STATE:IDLE
[2026-05-11 18:18:08Z] CHK MOM:0.01% RANGE:0.04% UP:28.57% SPREAD:0.04703668% BID:0.4252 ASK:0.4254 MID:0.4253 P1:0.4253 P2:0.4252 P3:0.4251 P4:0.4252 STATE:IDLE
[2026-05-11 18:18:09Z] CHK MOM:0.01% RANGE:0.04% UP:28.57% SPREAD:0.04703668% BID:0.4252 ASK:0.4254 MID:0.4253 P1:0.4253 P2:0.4252 P3:0.4251 P4:0.4252 STATE:IDLE
[2026-05-11 18:18:09Z] CHK MOM:0.01% RANGE:0.04% UP:28.57% SPREAD:0.04703668% BID:0.4252 ASK:0.4254 MID:0.4253 P1:0.4253 P2:0.4252 P3:0.4251 P4:0.4252 STATE:IDLE
[2026-05-11 18:18:10Z] CHK MOM:0.01% RANGE:0.04% UP:28.57% SPREAD:0.04703668% BID:0.4252 ASK:0.4254 MID:0.4253 P1:0.4253 P2:0.4252 P3:0.4251 P4:0.4252 STATE:IDLE
[2026-05-11 18:18:11Z] CHK MOM:0.09% RANGE:0.12% UP:38.46% SPREAD:0.02349624% BID:0.4256 ASK:0.4257 MID:0.42565 P1:0.42565 P2:0.4253 P3:0.4252 P4:0.4251 STATE:IDLE
[2026-05-11 18:18:11Z] CHK MOM:0.11% RANGE:0.14% UP:46.15% SPREAD:0.04699248% BID:0.4256 ASK:0.4258 MID:0.42569999 P1:0.42569999 P2:0.42565 P3:0.4253 P4:0.4252 STATE:IDLE
[2026-05-11 18:18:12Z] CHK MOM:0.11% RANGE:0.14% UP:46.15% SPREAD:0.04699248% BID:0.4256 ASK:0.4258 MID:0.42569999 P1:0.42569999 P2:0.42565 P3:0.4253 P4:0.4252 STATE:IDLE
[2026-05-11 18:18:12Z] CHK MOM:0.11% RANGE:0.14% UP:46.15% SPREAD:0.04699248% BID:0.4256 ASK:0.4258 MID:0.42569999 P1:0.42569999 P2:0.42565 P3:0.4253 P4:0.4252 STATE:IDLE
[2026-05-11 18:18:13Z] CHK MOM:0.11% RANGE:0.14% UP:46.15% SPREAD:0.04699248% BID:0.4256 ASK:0.4258 MID:0.42569999 P1:0.42569999 P2:0.42565 P3:0.4253 P4:0.4252 STATE:IDLE
[2026-05-11 18:18:13Z] CHK MOM:0.11% RANGE:0.14% UP:46.15% SPREAD:0.04699248% BID:0.4256 ASK:0.4258 MID:0.42569999 P1:0.42569999 P2:0.42565 P3:0.4253 P4:0.4252 STATE:IDLE
[2026-05-11 18:18:14Z] CHK MOM:0.11% RANGE:0.14% UP:46.15% SPREAD:0.04699248% BID:0.4256 ASK:0.4258 MID:0.42569999 P1:0.42569999 P2:0.42565 P3:0.4253 P4:0.4252 STATE:IDLE
[2026-05-11 18:18:15Z] CHK MOM:0.11% RANGE:0.14% UP:55.55% SPREAD:0.02349624% BID:0.4256 ASK:0.4257 MID:0.42565 P1:0.42565 P2:0.42569999 P3:0.42565 P4:0.4253 STATE:IDLE
[2026-05-11 18:18:16Z] CHK MOM:0.11% RANGE:0.14% UP:55.55% SPREAD:0.02349624% BID:0.4256 ASK:0.4257 MID:0.42565 P1:0.42565 P2:0.42569999 P3:0.42565 P4:0.4253 STATE:IDLE
[2026-05-11 18:18:16Z] CHK MOM:0.12% RANGE:0.14% UP:75% SPREAD:0.04699248% BID:0.4256 ASK:0.4258 MID:0.42569999 P1:0.42569999 P2:0.42565 P3:0.42569999 P4:0.42565 STATE:IDLE
[2026-05-11 18:18:17Z] CHK MOM:0.12% RANGE:0.14% UP:75% SPREAD:0.04699248% BID:0.4256 ASK:0.4258 MID:0.42569999 P1:0.42569999 P2:0.42565 P3:0.42569999 P4:0.42565 STATE:IDLE
[2026-05-11 18:18:17Z] CHK MOM:0.12% RANGE:0.14% UP:75% SPREAD:0.04699248% BID:0.4256 ASK:0.4258 MID:0.42569999 P1:0.42569999 P2:0.42565 P3:0.42569999 P4:0.42565 STATE:IDLE
[2026-05-11 18:18:18Z] CHK MOM:0.1% RANGE:0.14% UP:62.5% SPREAD:0.02349624% BID:0.4256 ASK:0.4257 MID:0.42565 P1:0.42565 P2:0.42569999 P3:0.42565 P4:0.42569999 STATE:IDLE
[2026-05-11 18:18:18Z] CHK MOM:0.1% RANGE:0.14% UP:62.5% SPREAD:0.02349624% BID:0.4256 ASK:0.4257 MID:0.42565 P1:0.42565 P2:0.42569999 P3:0.42565 P4:0.42569999 STATE:IDLE
[2026-05-11 18:18:19Z] CHK MOM:0.1% RANGE:0.14% UP:62.5% SPREAD:0.02349624% BID:0.4256 ASK:0.4257 MID:0.42565 P1:0.42565 P2:0.42569999 P3:0.42565 P4:0.42569999 STATE:IDLE
[2026-05-11 18:18:19Z] CHK MOM:0.09% RANGE:0.11% UP:57.14% SPREAD:0.04700352% BID:0.4255 ASK:0.4257 MID:0.4256 P1:0.4256 P2:0.42565 P3:0.42569999 P4:0.42565 STATE:IDLE
[2026-05-11 18:18:20Z] CHK MOM:0.09% RANGE:0.11% UP:57.14% SPREAD:0.04700352% BID:0.4255 ASK:0.4257 MID:0.4256 P1:0.4256 P2:0.42565 P3:0.42569999 P4:0.42565 STATE:IDLE
[2026-05-11 18:18:20Z] CHK MOM:0.09% RANGE:0.11% UP:57.14% SPREAD:0.04700352% BID:0.4255 ASK:0.4257 MID:0.4256 P1:0.4256 P2:0.42565 P3:0.42569999 P4:0.42565 STATE:IDLE
[2026-05-11 18:18:21Z] CHK MOM:0.09% RANGE:0.11% UP:57.14% SPREAD:0.04700352% BID:0.4255 ASK:0.4257 MID:0.4256 P1:0.4256 P2:0.42565 P3:0.42569999 P4:0.42565 STATE:IDLE
[2026-05-11 18:18:22Z] CHK MOM:-0.01% RANGE:0.02% UP:33.33% SPREAD:0.04700352% BID:0.4255 ASK:0.4257 MID:0.4256 P1:0.4256 P2:0.4256 P3:0.42565 P4:0.42569999 STATE:IDLE
[2026-05-11 18:18:22Z] CHK MOM:-0.03% RANGE:0.04% UP:28.57% SPREAD:0.04701457% BID:0.4254 ASK:0.4256 MID:0.4255 P1:0.4255 P2:0.4256 P3:0.4256 P4:0.42565 STATE:IDLE
[2026-05-11 18:18:23Z] CHK MOM:-0.03% RANGE:0.04% UP:28.57% SPREAD:0.04701457% BID:0.4254 ASK:0.4256 MID:0.4255 P1:0.4255 P2:0.4256 P3:0.4256 P4:0.42565 STATE:IDLE
[2026-05-11 18:18:23Z] CHK MOM:-0.03% RANGE:0.04% UP:28.57% SPREAD:0.04701457% BID:0.4254 ASK:0.4256 MID:0.4255 P1:0.4255 P2:0.4256 P3:0.4256 P4:0.42565 STATE:IDLE
[2026-05-11 18:18:24Z] CHK MOM:-0.03% RANGE:0.04% UP:16.66% SPREAD:0.04701457% BID:0.4254 ASK:0.4256 MID:0.4255 P1:0.4255 P2:0.4255 P3:0.4256 P4:0.4256 STATE:IDLE
[2026-05-11 18:18:24Z] CHK MOM:-0.03% RANGE:0.04% UP:14.28% SPREAD:0.04701457% BID:0.4254 ASK:0.4256 MID:0.4255 P1:0.4255 P2:0.4255 P3:0.4255 P4:0.4256 STATE:IDLE
[2026-05-11 18:18:25Z] CHK MOM:-0.01% RANGE:0.04% UP:25% SPREAD:0.04700352% BID:0.4255 ASK:0.4257 MID:0.4256 P1:0.4256 P2:0.4255 P3:0.4255 P4:0.4255 STATE:IDLE
[2026-05-11 18:18:25Z] CHK MOM:-0.01% RANGE:0.04% UP:25% SPREAD:0.04700352% BID:0.4255 ASK:0.4257 MID:0.4256 P1:0.4256 P2:0.4255 P3:0.4255 P4:0.4255 STATE:IDLE
[2026-05-11 18:18:26Z] CHK MOM:-0.01% RANGE:0.04% UP:25% SPREAD:0.04700352% BID:0.4255 ASK:0.4257 MID:0.4256 P1:0.4256 P2:0.4255 P3:0.4255 P4:0.4255 STATE:IDLE
[2026-05-11 18:18:27Z] CHK MOM:-0.03% RANGE:0.04% UP:22.22% SPREAD:0.04701457% BID:0.4254 ASK:0.4256 MID:0.4255 P1:0.4255 P2:0.4256 P3:0.4255 P4:0.4255 STATE:IDLE
[2026-05-11 18:18:27Z] CHK MOM:-0.04% RANGE:0.04% UP:11.11% SPREAD:0.04701457% BID:0.4254 ASK:0.4256 MID:0.4255 P1:0.4255 P2:0.4255 P3:0.4256 P4:0.4255 STATE:IDLE
[2026-05-11 18:18:28Z] CHK MOM:-0.08% RANGE:0.08% UP:10% SPREAD:0.02351281% BID:0.4253 ASK:0.4254 MID:0.42535 P1:0.42535 P2:0.4255 P3:0.4255 P4:0.4256 STATE:IDLE
[2026-05-11 18:18:28Z] CHK MOM:-0.08% RANGE:0.08% UP:10% SPREAD:0.04703668% BID:0.4252 ASK:0.4254 MID:0.4253 P1:0.4253 P2:0.42535 P3:0.4255 P4:0.4255 STATE:IDLE
[2026-05-11 18:18:29Z] CHK MOM:-0.08% RANGE:0.08% UP:9.09% SPREAD:0.04703668% BID:0.4252 ASK:0.4254 MID:0.4253 P1:0.4253 P2:0.4253 P3:0.42535 P4:0.4255 STATE:IDLE
[2026-05-11 18:18:29Z] CHK MOM:-0.11% RANGE:0.11% UP:8.33% SPREAD:0.02352387% BID:0.4251 ASK:0.4252 MID:0.42515 P1:0.42515 P2:0.4253 P3:0.4253 P4:0.42535 STATE:IDLE
[2026-05-11 18:18:30Z] CHK MOM:-0.11% RANGE:0.11% UP:8.33% SPREAD:0.02352387% BID:0.4251 ASK:0.4252 MID:0.42515 P1:0.42515 P2:0.4253 P3:0.4253 P4:0.42535 STATE:IDLE
[2026-05-11 18:18:30Z] CHK MOM:-0.09% RANGE:0.1% UP:16.66% SPREAD:0.04704775% BID:0.4251 ASK:0.4253 MID:0.4252 P1:0.4252 P2:0.42515 P3:0.4253 P4:0.4253 STATE:IDLE
[2026-05-11 18:18:31Z] CHK MOM:-0.09% RANGE:0.1% UP:16.66% SPREAD:0.04704775% BID:0.4251 ASK:0.4253 MID:0.4252 P1:0.4252 P2:0.42515 P3:0.4253 P4:0.4253 STATE:IDLE
[2026-05-11 18:18:31Z] CHK MOM:-0.09% RANGE:0.1% UP:16.66% SPREAD:0.04704775% BID:0.4251 ASK:0.4253 MID:0.4252 P1:0.4252 P2:0.42515 P3:0.4253 P4:0.4253 STATE:IDLE
[2026-05-11 18:18:32Z] CHK MOM:-0.08% RANGE:0.1% UP:25% SPREAD:0.02351834% BID:0.4252 ASK:0.4253 MID:0.42525 P1:0.42525 P2:0.4252 P3:0.42515 P4:0.4253 STATE:IDLE
[2026-05-11 18:18:33Z] CHK MOM:-0.08% RANGE:0.1% UP:23.07% SPREAD:0.02351834% BID:0.4252 ASK:0.4253 MID:0.42525 P1:0.42525 P2:0.42525 P3:0.4252 P4:0.42515 STATE:IDLE
[2026-05-11 18:18:33Z] CHK MOM:-0.08% RANGE:0.1% UP:23.07% SPREAD:0.02351834% BID:0.4252 ASK:0.4253 MID:0.42525 P1:0.42525 P2:0.42525 P3:0.4252 P4:0.42515 STATE:IDLE
[2026-05-11 18:18:34Z] CHK MOM:-0.08% RANGE:0.1% UP:23.07% SPREAD:0.02351834% BID:0.4252 ASK:0.4253 MID:0.42525 P1:0.42525 P2:0.42525 P3:0.4252 P4:0.42515 STATE:IDLE
[2026-05-11 18:18:34Z] CHK MOM:-0.08% RANGE:0.1% UP:23.07% SPREAD:0.02351834% BID:0.4252 ASK:0.4253 MID:0.42525 P1:0.42525 P2:0.42525 P3:0.4252 P4:0.42515 STATE:IDLE
[2026-05-11 18:18:35Z] CHK MOM:-0.08% RANGE:0.1% UP:25% SPREAD:0.02352387% BID:0.4251 ASK:0.4252 MID:0.42515 P1:0.42515 P2:0.42525 P3:0.42525 P4:0.4252 STATE:IDLE
[2026-05-11 18:18:35Z] CHK MOM:-0.08% RANGE:0.1% UP:25% SPREAD:0.02352387% BID:0.4251 ASK:0.4252 MID:0.42515 P1:0.42515 P2:0.42525 P3:0.42525 P4:0.4252 STATE:IDLE
[2026-05-11 18:18:36Z] CHK MOM:-0.08% RANGE:0.1% UP:25% SPREAD:0.02352387% BID:0.4251 ASK:0.4252 MID:0.42515 P1:0.42515 P2:0.42515 P3:0.42525 P4:0.42525 STATE:IDLE
[2026-05-11 18:18:36Z] CHK MOM:-0.08% RANGE:0.1% UP:23.07% SPREAD:0.02352387% BID:0.4251 ASK:0.4252 MID:0.42515 P1:0.42515 P2:0.42515 P3:0.42515 P4:0.42525 STATE:IDLE
[2026-05-11 18:18:37Z] CHK MOM:-0.08% RANGE:0.1% UP:23.07% SPREAD:0.02352387% BID:0.4251 ASK:0.4252 MID:0.42515 P1:0.42515 P2:0.42515 P3:0.42515 P4:0.42525 STATE:IDLE
[2026-05-11 18:18:38Z] CHK MOM:-0.08% RANGE:0.08% UP:16.66% SPREAD:0.02352387% BID:0.4251 ASK:0.4252 MID:0.42515 P1:0.42515 P2:0.42515 P3:0.42515 P4:0.42515 STATE:IDLE
[2026-05-11 18:18:38Z] CHK MOM:-0.1% RANGE:0.1% UP:15.38% SPREAD:0.02352941% BID:0.425 ASK:0.4251 MID:0.42505 P1:0.42505 P2:0.42515 P3:0.42515 P4:0.42515 STATE:IDLE
[2026-05-11 18:18:39Z] CHK MOM:-0.1% RANGE:0.1% UP:15.38% SPREAD:0.02352941% BID:0.425 ASK:0.4251 MID:0.42505 P1:0.42505 P2:0.42505 P3:0.42515 P4:0.42515 STATE:IDLE
[2026-05-11 18:18:39Z] CHK MOM:-0.04% RANGE:0.07% UP:23.07% SPREAD:0.02352387% BID:0.4251 ASK:0.4252 MID:0.42515 P1:0.42515 P2:0.42505 P3:0.42505 P4:0.42515 STATE:IDLE
[2026-05-11 18:18:40Z] CHK MOM:-0.04% RANGE:0.07% UP:23.07% SPREAD:0.02352387% BID:0.4251 ASK:0.4252 MID:0.42515 P1:0.42515 P2:0.42505 P3:0.42505 P4:0.42515 STATE:IDLE
[2026-05-11 18:18:40Z] CHK MOM:-0.04% RANGE:0.07% UP:23.07% SPREAD:0.02352387% BID:0.4251 ASK:0.4252 MID:0.42515 P1:0.42515 P2:0.42505 P3:0.42505 P4:0.42515 STATE:IDLE
[2026-05-11 18:18:41Z] CHK MOM:-0.04% RANGE:0.07% UP:23.07% SPREAD:0.02352387% BID:0.4251 ASK:0.4252 MID:0.42515 P1:0.42515 P2:0.42505 P3:0.42505 P4:0.42515 STATE:IDLE
[2026-05-11 18:18:41Z] CHK MOM:-0.01% RANGE:0.04% UP:27.27% SPREAD:0.04705882% BID:0.425 ASK:0.4252 MID:0.4251 P1:0.4251 P2:0.42515 P3:0.42505 P4:0.42505 STATE:IDLE
[2026-05-11 18:18:42Z] CHK MOM:0% RANGE:0.04% UP:27.27% SPREAD:0.04704775% BID:0.4251 ASK:0.4253 MID:0.4252 P1:0.4252 P2:0.4251 P3:0.42515 P4:0.42505 STATE:IDLE
[2026-05-11 18:18:42Z] CHK MOM:-0.02% RANGE:0.04% UP:18.18% SPREAD:0.02352387% BID:0.4251 ASK:0.4252 MID:0.42515 P1:0.42515 P2:0.4252 P3:0.4251 P4:0.42515 STATE:IDLE
[2026-05-11 18:18:43Z] CHK MOM:-0.02% RANGE:0.04% UP:16.66% SPREAD:0.02352387% BID:0.4251 ASK:0.4252 MID:0.42515 P1:0.42515 P2:0.42515 P3:0.4252 P4:0.4251 STATE:IDLE
[2026-05-11 18:18:44Z] CHK MOM:-0.02% RANGE:0.04% UP:16.66% SPREAD:0.02352387% BID:0.4251 ASK:0.4252 MID:0.42515 P1:0.42515 P2:0.42515 P3:0.4252 P4:0.4251 STATE:IDLE
[2026-05-11 18:18:44Z] CHK MOM:-0.02% RANGE:0.04% UP:16.66% SPREAD:0.02352387% BID:0.4251 ASK:0.4252 MID:0.42515 P1:0.42515 P2:0.42515 P3:0.4252 P4:0.4251 STATE:IDLE
[2026-05-11 18:18:45Z] CHK MOM:-0.02% RANGE:0.04% UP:16.66% SPREAD:0.02352387% BID:0.4251 ASK:0.4252 MID:0.42515 P1:0.42515 P2:0.42515 P3:0.4252 P4:0.4251 STATE:IDLE
[2026-05-11 18:18:45Z] CHK MOM:0.02% RANGE:0.04% UP:27.27% SPREAD:0.02351834% BID:0.4252 ASK:0.4253 MID:0.42525 P1:0.42525 P2:0.42515 P3:0.42515 P4:0.4252 STATE:IDLE
[2026-05-11 18:18:46Z] CHK MOM:0.02% RANGE:0.04% UP:27.27% SPREAD:0.02351834% BID:0.4252 ASK:0.4253 MID:0.42525 P1:0.42525 P2:0.42515 P3:0.42515 P4:0.4252 STATE:IDLE
[2026-05-11 18:18:46Z] CHK MOM:0.02% RANGE:0.04% UP:27.27% SPREAD:0.02351834% BID:0.4252 ASK:0.4253 MID:0.42525 P1:0.42525 P2:0.42515 P3:0.42515 P4:0.4252 STATE:IDLE
[2026-05-11 18:18:47Z] CHK MOM:0.02% RANGE:0.04% UP:27.27% SPREAD:0.02351834% BID:0.4252 ASK:0.4253 MID:0.42525 P1:0.42525 P2:0.42515 P3:0.42515 P4:0.4252 STATE:IDLE
[2026-05-11 18:18:47Z] CHK MOM:0.07% RANGE:0.09% UP:36.36% SPREAD:0.02350728% BID:0.4254 ASK:0.4255 MID:0.42545 P1:0.42545 P2:0.42525 P3:0.42515 P4:0.42515 STATE:IDLE
[2026-05-11 18:18:48Z] CHK MOM:0.07% RANGE:0.09% UP:36.36% SPREAD:0.02350728% BID:0.4254 ASK:0.4255 MID:0.42545 P1:0.42545 P2:0.42525 P3:0.42515 P4:0.42515 STATE:IDLE
[2026-05-11 18:18:49Z] CHK MOM:0.07% RANGE:0.09% UP:36.36% SPREAD:0.02350728% BID:0.4254 ASK:0.4255 MID:0.42545 P1:0.42545 P2:0.42525 P3:0.42515 P4:0.42515 STATE:IDLE
[2026-05-11 18:18:49Z] CHK MOM:0.07% RANGE:0.09% UP:40% SPREAD:0.02350728% BID:0.4254 ASK:0.4255 MID:0.42545 P1:0.42545 P2:0.42545 P3:0.42525 P4:0.42515 STATE:IDLE
[2026-05-11 18:18:50Z] CHK MOM:0.07% RANGE:0.09% UP:40% SPREAD:0.02350728% BID:0.4254 ASK:0.4255 MID:0.42545 P1:0.42545 P2:0.42545 P3:0.42525 P4:0.42515 STATE:IDLE
[2026-05-11 18:18:50Z] CHK MOM:0.11% RANGE:0.11% UP:55.55% SPREAD:0.02350176% BID:0.4255 ASK:0.4256 MID:0.42555 P1:0.42555 P2:0.42545 P3:0.42545 P4:0.42525 STATE:IDLE
[2026-05-11 18:18:51Z] CHK MOM:0.11% RANGE:0.11% UP:50% SPREAD:0.02350176% BID:0.4255 ASK:0.4256 MID:0.42555 P1:0.42555 P2:0.42555 P3:0.42545 P4:0.42545 STATE:IDLE
[2026-05-11 18:18:51Z] CHK MOM:0.07% RANGE:0.1% UP:40% SPREAD:0.02350728% BID:0.4254 ASK:0.4255 MID:0.42545 P1:0.42545 P2:0.42555 P3:0.42555 P4:0.42545 STATE:IDLE
[2026-05-11 18:18:52Z] CHK MOM:0.1% RANGE:0.1% UP:50% SPREAD:0.02350176% BID:0.4255 ASK:0.4256 MID:0.42555 P1:0.42555 P2:0.42545 P3:0.42555 P4:0.42555 STATE:IDLE
[2026-05-11 18:18:52Z] CHK MOM:0.09% RANGE:0.1% UP:45.45% SPREAD:0.04701457% BID:0.4254 ASK:0.4256 MID:0.4255 P1:0.4255 P2:0.42555 P3:0.42545 P4:0.42555 STATE:IDLE
[2026-05-11 18:18:53Z] CHK MOM:0.09% RANGE:0.1% UP:41.66% SPREAD:0.04701457% BID:0.4254 ASK:0.4256 MID:0.4255 P1:0.4255 P2:0.4255 P3:0.42555 P4:0.42545 STATE:IDLE
[2026-05-11 18:18:54Z] CHK MOM:0.09% RANGE:0.1% UP:41.66% SPREAD:0.04701457% BID:0.4254 ASK:0.4256 MID:0.4255 P1:0.4255 P2:0.4255 P3:0.42555 P4:0.42545 STATE:IDLE
[2026-05-11 18:18:54Z] CHK MOM:0.08% RANGE:0.09% UP:41.66% SPREAD:0.02350176% BID:0.4255 ASK:0.4256 MID:0.42555 P1:0.42555 P2:0.4255 P3:0.4255 P4:0.42555 STATE:IDLE
[2026-05-11 18:18:55Z] CHK MOM:0.08% RANGE:0.08% UP:50% SPREAD:0.04700352% BID:0.4255 ASK:0.4257 MID:0.4256 P1:0.4256 P2:0.42555 P3:0.4255 P4:0.4255 STATE:IDLE
[2026-05-11 18:18:55Z] CHK MOM:0.09% RANGE:0.09% UP:54.54% SPREAD:0.02349624% BID:0.4256 ASK:0.4257 MID:0.42565 P1:0.42565 P2:0.4256 P3:0.42555 P4:0.4255 STATE:IDLE
[2026-05-11 18:18:56Z] CHK MOM:0.09% RANGE:0.09% UP:54.54% SPREAD:0.02349624% BID:0.4256 ASK:0.4257 MID:0.42565 P1:0.42565 P2:0.4256 P3:0.42555 P4:0.4255 STATE:IDLE
[2026-05-11 18:18:56Z] CHK MOM:0.09% RANGE:0.09% UP:54.54% SPREAD:0.02349624% BID:0.4256 ASK:0.4257 MID:0.42565 P1:0.42565 P2:0.4256 P3:0.42555 P4:0.4255 STATE:IDLE
[2026-05-11 18:18:57Z] CHK MOM:0.09% RANGE:0.09% UP:54.54% SPREAD:0.02349624% BID:0.4256 ASK:0.4257 MID:0.42565 P1:0.42565 P2:0.4256 P3:0.42555 P4:0.4255 STATE:IDLE
[2026-05-11 18:18:57Z] CHK MOM:0.09% RANGE:0.09% UP:54.54% SPREAD:0.02349624% BID:0.4256 ASK:0.4257 MID:0.42565 P1:0.42565 P2:0.4256 P3:0.42555 P4:0.4255 STATE:IDLE
[2026-05-11 18:18:58Z] CHK MOM:0.09% RANGE:0.09% UP:54.54% SPREAD:0.02349624% BID:0.4256 ASK:0.4257 MID:0.42565 P1:0.42565 P2:0.4256 P3:0.42555 P4:0.4255 STATE:IDLE
[2026-05-11 18:19:00Z] CHK MOM:0.07% RANGE:0.07% UP:60% SPREAD:0.02349072% BID:0.4257 ASK:0.4258 MID:0.42575 P1:0.42575 P2:0.42565 P3:0.4256 P4:0.42555 STATE:IDLE
[2026-05-11 18:19:00Z] CHK MOM:0.07% RANGE:0.07% UP:54.54% SPREAD:0.02349072% BID:0.4257 ASK:0.4258 MID:0.42575 P1:0.42575 P2:0.42575 P3:0.42565 P4:0.4256 STATE:IDLE
[2026-05-11 18:19:01Z] CHK MOM:0.09% RANGE:0.11% UP:54.54% SPREAD:0.02347969% BID:0.4259 ASK:0.426 MID:0.42595 P1:0.42595 P2:0.42575 P3:0.42575 P4:0.42565 STATE:IDLE
[2026-05-11 18:19:01Z] CHK MOM:0.08% RANGE:0.11% UP:50% SPREAD:0.0469704% BID:0.4258 ASK:0.426 MID:0.4259 P1:0.4259 P2:0.42595 P3:0.42575 P4:0.42575 STATE:IDLE
[2026-05-11 18:19:02Z] CHK MOM:0.08% RANGE:0.11% UP:46.15% SPREAD:0.0469704% BID:0.4258 ASK:0.426 MID:0.4259 P1:0.4259 P2:0.4259 P3:0.42595 P4:0.42575 STATE:IDLE
[2026-05-11 18:19:02Z] CHK MOM:0.09% RANGE:0.11% UP:50% SPREAD:0.02347969% BID:0.4259 ASK:0.426 MID:0.42595 P1:0.42595 P2:0.4259 P3:0.4259 P4:0.42595 STATE:IDLE
[2026-05-11 18:19:03Z] CHK MOM:0.1% RANGE:0.11% UP:53.84% SPREAD:0.0469704% BID:0.4258 ASK:0.426 MID:0.4259 P1:0.4259 P2:0.42595 P3:0.4259 P4:0.4259 STATE:IDLE
[2026-05-11 18:19:03Z] CHK MOM:0.1% RANGE:0.11% UP:53.84% SPREAD:0.04695938% BID:0.4259 ASK:0.4261 MID:0.426 P1:0.426 P2:0.4259 P3:0.42595 P4:0.4259 STATE:IDLE
[2026-05-11 18:19:04Z] CHK MOM:0.09% RANGE:0.11% UP:50% SPREAD:0.02347969% BID:0.4259 ASK:0.426 MID:0.42595 P1:0.42595 P2:0.426 P3:0.4259 P4:0.42595 STATE:IDLE
[2026-05-11 18:19:04Z] CHK MOM:0.1% RANGE:0.11% UP:50% SPREAD:0.02347969% BID:0.4259 ASK:0.426 MID:0.42595 P1:0.42595 P2:0.42595 P3:0.426 P4:0.4259 STATE:IDLE
[2026-05-11 18:19:05Z] CHK MOM:0.11% RANGE:0.11% UP:57.14% SPREAD:0.04695938% BID:0.4259 ASK:0.4261 MID:0.426 P1:0.426 P2:0.42595 P3:0.42595 P4:0.426 STATE:IDLE
[2026-05-11 18:19:06Z] CHK MOM:0.1% RANGE:0.1% UP:53.84% SPREAD:0.02347417% BID:0.426 ASK:0.4261 MID:0.42605 P1:0.42605 P2:0.426 P3:0.42595 P4:0.42595 STATE:IDLE
[2026-05-11 18:19:06Z] CHK MOM:0.08% RANGE:0.1% UP:50% SPREAD:0.02347969% BID:0.4259 ASK:0.426 MID:0.42595 P1:0.42595 P2:0.42605 P3:0.426 P4:0.42595 STATE:IDLE
[2026-05-11 18:19:07Z] CHK MOM:0.1% RANGE:0.1% UP:53.33% SPREAD:0.02347417% BID:0.426 ASK:0.4261 MID:0.42605 P1:0.42605 P2:0.42595 P3:0.42605 P4:0.426 STATE:IDLE
[2026-05-11 18:19:07Z] CHK MOM:0.1% RANGE:0.1% UP:53.33% SPREAD:0.02347417% BID:0.426 ASK:0.4261 MID:0.42605 P1:0.42605 P2:0.42595 P3:0.42605 P4:0.426 STATE:IDLE
[2026-05-11 18:19:08Z] CHK MOM:0.1% RANGE:0.1% UP:53.33% SPREAD:0.02347417% BID:0.426 ASK:0.4261 MID:0.42605 P1:0.42605 P2:0.42595 P3:0.42605 P4:0.426 STATE:IDLE
[2026-05-11 18:19:08Z] CHK MOM:0.1% RANGE:0.1% UP:53.33% SPREAD:0.02347417% BID:0.426 ASK:0.4261 MID:0.42605 P1:0.42605 P2:0.42595 P3:0.42605 P4:0.426 STATE:IDLE
[2026-05-11 18:19:09Z] CHK MOM:0.04% RANGE:0.07% UP:42.85% SPREAD:0.02347969% BID:0.4259 ASK:0.426 MID:0.42595 P1:0.42595 P2:0.42605 P3:0.42595 P4:0.42605 STATE:IDLE
[2026-05-11 18:19:09Z] CHK MOM:0.05% RANGE:0.07% UP:46.66% SPREAD:0.04695938% BID:0.4259 ASK:0.4261 MID:0.426 P1:0.426 P2:0.42595 P3:0.42605 P4:0.42595 STATE:IDLE
[2026-05-11 18:19:10Z] CHK MOM:0.04% RANGE:0.07% UP:43.75% SPREAD:0.02347969% BID:0.4259 ASK:0.426 MID:0.42595 P1:0.42595 P2:0.426 P3:0.42595 P4:0.42605 STATE:IDLE
[2026-05-11 18:19:11Z] CHK MOM:0.05% RANGE:0.07% UP:47.05% SPREAD:0.04695938% BID:0.4259 ASK:0.4261 MID:0.426 P1:0.426 P2:0.42595 P3:0.426 P4:0.42595 STATE:IDLE
[2026-05-11 18:19:11Z] CHK MOM:0.05% RANGE:0.07% UP:47.05% SPREAD:0.04695938% BID:0.4259 ASK:0.4261 MID:0.426 P1:0.426 P2:0.42595 P3:0.426 P4:0.42595 STATE:IDLE
[2026-05-11 18:19:12Z] CHK MOM:0.05% RANGE:0.07% UP:47.05% SPREAD:0.04695938% BID:0.4259 ASK:0.4261 MID:0.426 P1:0.426 P2:0.42595 P3:0.426 P4:0.42595 STATE:IDLE
[2026-05-11 18:19:12Z] CHK MOM:0.05% RANGE:0.07% UP:47.05% SPREAD:0.04695938% BID:0.4259 ASK:0.4261 MID:0.426 P1:0.426 P2:0.42595 P3:0.426 P4:0.42595 STATE:IDLE
[2026-05-11 18:19:13Z] CHK MOM:0.05% RANGE:0.07% UP:47.05% SPREAD:0.04695938% BID:0.4259 ASK:0.4261 MID:0.426 P1:0.426 P2:0.42595 P3:0.426 P4:0.42595 STATE:IDLE
[2026-05-11 18:19:14Z] CHK MOM:0.01% RANGE:0.03% UP:50% SPREAD:0.02347969% BID:0.4259 ASK:0.426 MID:0.42595 P1:0.42595 P2:0.426 P3:0.42595 P4:0.426 STATE:IDLE
[2026-05-11 18:19:14Z] CHK MOM:0.01% RANGE:0.03% UP:50% SPREAD:0.02347969% BID:0.4259 ASK:0.426 MID:0.42595 P1:0.42595 P2:0.426 P3:0.42595 P4:0.426 STATE:IDLE
[2026-05-11 18:19:15Z] CHK MOM:0.01% RANGE:0.03% UP:50% SPREAD:0.02347969% BID:0.4259 ASK:0.426 MID:0.42595 P1:0.42595 P2:0.426 P3:0.42595 P4:0.426 STATE:IDLE
[2026-05-11 18:19:16Z] CHK MOM:0.01% RANGE:0.03% UP:50% SPREAD:0.02347969% BID:0.4259 ASK:0.426 MID:0.42595 P1:0.42595 P2:0.426 P3:0.42595 P4:0.426 STATE:IDLE
[2026-05-11 18:19:16Z] CHK MOM:0% RANGE:0.02% UP:55.55% SPREAD:0.04695938% BID:0.4259 ASK:0.4261 MID:0.426 P1:0.426 P2:0.42595 P3:0.426 P4:0.42595 STATE:IDLE
[2026-05-11 18:19:17Z] CHK MOM:0% RANGE:0.02% UP:55.55% SPREAD:0.04695938% BID:0.4259 ASK:0.4261 MID:0.426 P1:0.426 P2:0.42595 P3:0.426 P4:0.42595 STATE:IDLE
[2026-05-11 18:19:17Z] CHK MOM:0% RANGE:0.02% UP:55.55% SPREAD:0.04695938% BID:0.4259 ASK:0.4261 MID:0.426 P1:0.426 P2:0.42595 P3:0.426 P4:0.42595 STATE:IDLE
[2026-05-11 18:19:18Z] CHK MOM:0% RANGE:0.02% UP:55.55% SPREAD:0.04695938% BID:0.4259 ASK:0.4261 MID:0.426 P1:0.426 P2:0.42595 P3:0.426 P4:0.42595 STATE:IDLE
[2026-05-11 18:19:18Z] CHK MOM:0% RANGE:0.02% UP:55.55% SPREAD:0.04695938% BID:0.4259 ASK:0.4261 MID:0.426 P1:0.426 P2:0.42595 P3:0.426 P4:0.42595 STATE:IDLE
[2026-05-11 18:19:19Z] CHK MOM:0% RANGE:0.02% UP:55.55% SPREAD:0.04695938% BID:0.4259 ASK:0.4261 MID:0.426 P1:0.426 P2:0.42595 P3:0.426 P4:0.42595 STATE:IDLE
[2026-05-11 18:19:22Z] CHK MOM:0% RANGE:0.01% UP:40% SPREAD:0.04695938% BID:0.4259 ASK:0.4261 MID:0.426 P1:0.426 P2:0.426 P3:0.42595 P4:0.426 STATE:IDLE
[2026-05-11 18:19:22Z] CHK MOM:0% RANGE:0.01% UP:40% SPREAD:0.04695938% BID:0.4259 ASK:0.4261 MID:0.426 P1:0.426 P2:0.426 P3:0.42595 P4:0.426 STATE:IDLE
[2026-05-11 18:19:23Z] CHK MOM:0% RANGE:0.01% UP:40% SPREAD:0.04695938% BID:0.4259 ASK:0.4261 MID:0.426 P1:0.426 P2:0.426 P3:0.42595 P4:0.426 STATE:IDLE
[2026-05-11 18:19:23Z] CHK MOM:0% RANGE:0.01% UP:40% SPREAD:0.04695938% BID:0.4259 ASK:0.4261 MID:0.426 P1:0.426 P2:0.426 P3:0.42595 P4:0.426 STATE:IDLE
[2026-05-11 18:19:24Z] CHK MOM:0% RANGE:0.01% UP:33.33% SPREAD:0.02347969% BID:0.4259 ASK:0.426 MID:0.42595 P1:0.42595 P2:0.426 P3:0.426 P4:0.42595 STATE:IDLE
[2026-05-11 18:19:24Z] CHK MOM:0% RANGE:0.01% UP:33.33% SPREAD:0.02347969% BID:0.4259 ASK:0.426 MID:0.42595 P1:0.42595 P2:0.426 P3:0.426 P4:0.42595 STATE:IDLE
[2026-05-11 18:19:25Z] CHK MOM:0% RANGE:0.01% UP:33.33% SPREAD:0.02347969% BID:0.4259 ASK:0.426 MID:0.42595 P1:0.42595 P2:0.426 P3:0.426 P4:0.42595 STATE:IDLE
[2026-05-11 18:19:25Z] CHK MOM:0% RANGE:0.01% UP:33.33% SPREAD:0.02347969% BID:0.4259 ASK:0.426 MID:0.42595 P1:0.42595 P2:0.426 P3:0.426 P4:0.42595 STATE:IDLE
[2026-05-11 18:19:26Z] CHK MOM:-0.01% RANGE:0.01% UP:0% SPREAD:0.02347969% BID:0.4259 ASK:0.426 MID:0.42595 P1:0.42595 P2:0.42595 P3:0.426 P4:0.426 STATE:IDLE
[2026-05-11 18:19:26Z] CHK MOM:-0.01% RANGE:0.01% UP:0% SPREAD:0.02347969% BID:0.4259 ASK:0.426 MID:0.42595 P1:0.42595 P2:0.42595 P3:0.42595 P4:0.426 STATE:IDLE
[2026-05-11 18:19:27Z] CHK MOM:-0.01% RANGE:0.01% UP:0% SPREAD:0.02347969% BID:0.4259 ASK:0.426 MID:0.42595 P1:0.42595 P2:0.42595 P3:0.42595 P4:0.426 STATE:IDLE
[2026-05-11 18:19:28Z] CHK MOM:-0.01% RANGE:0.01% UP:0% SPREAD:0.02347969% BID:0.4259 ASK:0.426 MID:0.42595 P1:0.42595 P2:0.42595 P3:0.42595 P4:0.426 STATE:IDLE
[2026-05-11 18:19:28Z] CHK MOM:-0.01% RANGE:0.01% UP:0% SPREAD:0.02347969% BID:0.4259 ASK:0.426 MID:0.42595 P1:0.42595 P2:0.42595 P3:0.42595 P4:0.426 STATE:IDLE
[2026-05-11 18:19:29Z] CHK MOM:-0.01% RANGE:0.01% UP:0% SPREAD:0.02347969% BID:0.4259 ASK:0.426 MID:0.42595 P1:0.42595 P2:0.42595 P3:0.42595 P4:0.426 STATE:IDLE
[2026-05-11 18:19:29Z] CHK MOM:0% RANGE:0.01% UP:25% SPREAD:0.04695938% BID:0.4259 ASK:0.4261 MID:0.426 P1:0.426 P2:0.42595 P3:0.42595 P4:0.42595 STATE:IDLE
[2026-05-11 18:19:30Z] CHK MOM:0% RANGE:0.01% UP:25% SPREAD:0.04695938% BID:0.4259 ASK:0.4261 MID:0.426 P1:0.426 P2:0.42595 P3:0.42595 P4:0.42595 STATE:IDLE
[2026-05-11 18:19:30Z] CHK MOM:0% RANGE:0.01% UP:25% SPREAD:0.04695938% BID:0.4259 ASK:0.4261 MID:0.426 P1:0.426 P2:0.42595 P3:0.42595 P4:0.42595 STATE:IDLE
[2026-05-11 18:19:31Z] CHK MOM:-0.01% RANGE:0.01% UP:20% SPREAD:0.02347969% BID:0.4259 ASK:0.426 MID:0.42595 P1:0.42595 P2:0.426 P3:0.42595 P4:0.42595 STATE:IDLE
[2026-05-11 18:19:31Z] CHK MOM:-0.01% RANGE:0.01% UP:20% SPREAD:0.02347969% BID:0.4259 ASK:0.426 MID:0.42595 P1:0.42595 P2:0.426 P3:0.42595 P4:0.42595 STATE:IDLE
[2026-05-11 18:19:32Z] CHK MOM:0% RANGE:0.01% UP:33.33% SPREAD:0.04695938% BID:0.4259 ASK:0.4261 MID:0.426 P1:0.426 P2:0.42595 P3:0.426 P4:0.42595 STATE:IDLE
[2026-05-11 18:19:33Z] CHK MOM:0% RANGE:0.01% UP:33.33% SPREAD:0.04695938% BID:0.4259 ASK:0.4261 MID:0.426 P1:0.426 P2:0.42595 P3:0.426 P4:0.42595 STATE:IDLE
[2026-05-11 18:19:33Z] CHK MOM:0% RANGE:0.01% UP:33.33% SPREAD:0.04695938% BID:0.4259 ASK:0.4261 MID:0.426 P1:0.426 P2:0.42595 P3:0.426 P4:0.42595 STATE:IDLE
[2026-05-11 18:19:34Z] CHK MOM:0% RANGE:0.01% UP:33.33% SPREAD:0.04695938% BID:0.4259 ASK:0.4261 MID:0.426 P1:0.426 P2:0.42595 P3:0.426 P4:0.42595 STATE:IDLE
[2026-05-11 18:19:34Z] CHK MOM:0.01% RANGE:0.01% UP:33.33% SPREAD:0.04695938% BID:0.4259 ASK:0.4261 MID:0.426 P1:0.426 P2:0.426 P3:0.42595 P4:0.426 STATE:IDLE
[2026-05-11 18:19:35Z] CHK MOM:0% RANGE:0.01% UP:28.57% SPREAD:0.02347969% BID:0.4259 ASK:0.426 MID:0.42595 P1:0.42595 P2:0.426 P3:0.426 P4:0.42595 STATE:IDLE
[2026-05-11 18:19:35Z] CHK MOM:-0.01% RANGE:0.02% UP:25% SPREAD:0.0469704% BID:0.4258 ASK:0.426 MID:0.4259 P1:0.4259 P2:0.42595 P3:0.426 P4:0.426 STATE:IDLE
[2026-05-11 18:19:36Z] CHK MOM:-0.01% RANGE:0.02% UP:25% SPREAD:0.0469704% BID:0.4258 ASK:0.426 MID:0.4259 P1:0.4259 P2:0.42595 P3:0.426 P4:0.426 STATE:IDLE
[2026-05-11 18:19:36Z] CHK MOM:-0.01% RANGE:0.02% UP:25% SPREAD:0.0469704% BID:0.4258 ASK:0.426 MID:0.4259 P1:0.4259 P2:0.42595 P3:0.426 P4:0.426 STATE:IDLE
[2026-05-11 18:19:37Z] CHK MOM:-0.01% RANGE:0.02% UP:25% SPREAD:0.0469704% BID:0.4258 ASK:0.426 MID:0.4259 P1:0.4259 P2:0.42595 P3:0.426 P4:0.426 STATE:IDLE
[2026-05-11 18:19:38Z] CHK MOM:0% RANGE:0.02% UP:37.5% SPREAD:0.07045561% BID:0.4258 ASK:0.4261 MID:0.42595 P1:0.42595 P2:0.4259 P3:0.42595 P4:0.426 STATE:IDLE
[2026-05-11 18:19:38Z] CHK MOM:0% RANGE:0.02% UP:33.33% SPREAD:0.02347969% BID:0.4259 ASK:0.426 MID:0.42595 P1:0.42595 P2:0.42595 P3:0.4259 P4:0.42595 STATE:IDLE
[2026-05-11 18:19:39Z] CHK MOM:0% RANGE:0.02% UP:37.5% SPREAD:0.04695938% BID:0.4259 ASK:0.4261 MID:0.426 P1:0.426 P2:0.42595 P3:0.42595 P4:0.4259 STATE:IDLE
[2026-05-11 18:19:39Z] CHK MOM:0% RANGE:0.02% UP:37.5% SPREAD:0.04695938% BID:0.4259 ASK:0.4261 MID:0.426 P1:0.426 P2:0.42595 P3:0.42595 P4:0.4259 STATE:IDLE
[2026-05-11 18:19:40Z] CHK MOM:0% RANGE:0.02% UP:33.33% SPREAD:0.04695938% BID:0.4259 ASK:0.4261 MID:0.426 P1:0.426 P2:0.426 P3:0.42595 P4:0.42595 STATE:IDLE
[2026-05-11 18:19:40Z] CHK MOM:-0.01% RANGE:0.02% UP:30% SPREAD:0.02347969% BID:0.4259 ASK:0.426 MID:0.42595 P1:0.42595 P2:0.426 P3:0.426 P4:0.42595 STATE:IDLE
[2026-05-11 18:19:41Z] CHK MOM:-0.01% RANGE:0.02% UP:30% SPREAD:0.02347969% BID:0.4259 ASK:0.426 MID:0.42595 P1:0.42595 P2:0.426 P3:0.426 P4:0.42595 STATE:IDLE
[2026-05-11 18:19:41Z] CHK MOM:0% RANGE:0.02% UP:36.36% SPREAD:0.04695938% BID:0.4259 ASK:0.4261 MID:0.426 P1:0.426 P2:0.42595 P3:0.426 P4:0.426 STATE:IDLE
[2026-05-11 18:19:42Z] CHK MOM:0% RANGE:0.02% UP:36.36% SPREAD:0.02347969% BID:0.4259 ASK:0.426 MID:0.42595 P1:0.42595 P2:0.426 P3:0.42595 P4:0.426 STATE:IDLE
[2026-05-11 18:19:42Z] CHK MOM:0% RANGE:0.02% UP:36.36% SPREAD:0.02347969% BID:0.4259 ASK:0.426 MID:0.42595 P1:0.42595 P2:0.426 P3:0.42595 P4:0.426 STATE:IDLE
[2026-05-11 18:19:43Z] CHK MOM:0% RANGE:0.02% UP:36.36% SPREAD:0.02347969% BID:0.4259 ASK:0.426 MID:0.42595 P1:0.42595 P2:0.426 P3:0.42595 P4:0.426 STATE:IDLE
[2026-05-11 18:19:44Z] CHK MOM:0% RANGE:0.02% UP:36.36% SPREAD:0.02347969% BID:0.4259 ASK:0.426 MID:0.42595 P1:0.42595 P2:0.426 P3:0.42595 P4:0.426 STATE:IDLE
[2026-05-11 18:19:44Z] CHK MOM:0% RANGE:0.02% UP:36.36% SPREAD:0.02347969% BID:0.4259 ASK:0.426 MID:0.42595 P1:0.42595 P2:0.426 P3:0.42595 P4:0.426 STATE:IDLE
[2026-05-11 18:19:45Z] CHK MOM:0% RANGE:0.02% UP:40% SPREAD:0.04695938% BID:0.4259 ASK:0.4261 MID:0.426 P1:0.426 P2:0.42595 P3:0.426 P4:0.42595 STATE:IDLE
[2026-05-11 18:19:46Z] CHK MOM:0% RANGE:0.02% UP:36.36% SPREAD:0.04695938% BID:0.4259 ASK:0.4261 MID:0.426 P1:0.426 P2:0.426 P3:0.42595 P4:0.426 STATE:IDLE
[2026-05-11 18:19:46Z] CHK MOM:0% RANGE:0.02% UP:36.36% SPREAD:0.04695938% BID:0.4259 ASK:0.4261 MID:0.426 P1:0.426 P2:0.426 P3:0.42595 P4:0.426 STATE:IDLE
[2026-05-11 18:19:47Z] CHK MOM:0.04% RANGE:0.04% UP:50% SPREAD:0.04694835% BID:0.426 ASK:0.4262 MID:0.4261 P1:0.4261 P2:0.426 P3:0.426 P4:0.42595 STATE:IDLE
[2026-05-11 18:19:47Z] CHK MOM:0.02% RANGE:0.03% UP:40% SPREAD:0.02347417% BID:0.426 ASK:0.4261 MID:0.42605 P1:0.42605 P2:0.4261 P3:0.426 P4:0.426 STATE:IDLE
[2026-05-11 18:19:48Z] CHK MOM:0.02% RANGE:0.03% UP:40% SPREAD:0.02347417% BID:0.426 ASK:0.4261 MID:0.42605 P1:0.42605 P2:0.4261 P3:0.426 P4:0.426 STATE:IDLE
[2026-05-11 18:19:49Z] CHK MOM:0.04% RANGE:0.04% UP:45.45% SPREAD:0.02346866% BID:0.4261 ASK:0.4262 MID:0.42615 P1:0.42615 P2:0.42605 P3:0.4261 P4:0.426 STATE:IDLE
[2026-05-11 18:19:50Z] CHK MOM:0.05% RANGE:0.05% UP:50% SPREAD:0.04693733% BID:0.4261 ASK:0.4263 MID:0.4262 P1:0.4262 P2:0.42615 P3:0.42605 P4:0.4261 STATE:IDLE
[2026-05-11 18:19:50Z] CHK MOM:0.05% RANGE:0.07% UP:54.54% SPREAD:0.02346316% BID:0.4262 ASK:0.4263 MID:0.42625 P1:0.42625 P2:0.4262 P3:0.42615 P4:0.42605 STATE:IDLE
[2026-05-11 18:19:51Z] CHK MOM:0.07% RANGE:0.08% UP:63.63% SPREAD:0.04692632% BID:0.4262 ASK:0.4264 MID:0.4263 P1:0.4263 P2:0.42625 P3:0.4262 P4:0.42615 STATE:IDLE
[2026-05-11 18:19:51Z] CHK MOM:0.07% RANGE:0.08% UP:58.33% SPREAD:0.04692632% BID:0.4262 ASK:0.4264 MID:0.4263 P1:0.4263 P2:0.4263 P3:0.42625 P4:0.4262 STATE:IDLE
[2026-05-11 18:19:52Z] CHK MOM:0.07% RANGE:0.08% UP:58.33% SPREAD:0.04692632% BID:0.4262 ASK:0.4264 MID:0.4263 P1:0.4263 P2:0.4263 P3:0.42625 P4:0.4262 STATE:IDLE
[2026-05-11 18:19:52Z] CHK MOM:0.08% RANGE:0.09% UP:63.63% SPREAD:0.02345765% BID:0.4263 ASK:0.4264 MID:0.42635 P1:0.42635 P2:0.4263 P3:0.4263 P4:0.42625 STATE:IDLE
[2026-05-11 18:19:53Z] CHK MOM:0.08% RANGE:0.09% UP:63.63% SPREAD:0.02345765% BID:0.4263 ASK:0.4264 MID:0.42635 P1:0.42635 P2:0.4263 P3:0.4263 P4:0.42625 STATE:IDLE
[2026-05-11 18:19:53Z] CHK MOM:0.09% RANGE:0.09% UP:63.63% SPREAD:0.02345765% BID:0.4263 ASK:0.4264 MID:0.42635 P1:0.42635 P2:0.42635 P3:0.4263 P4:0.4263 STATE:IDLE
[2026-05-11 18:19:54Z] CHK MOM:0.09% RANGE:0.09% UP:63.63% SPREAD:0.02345765% BID:0.4263 ASK:0.4264 MID:0.42635 P1:0.42635 P2:0.42635 P3:0.4263 P4:0.4263 STATE:IDLE
[2026-05-11 18:19:55Z] CHK MOM:0.08% RANGE:0.08% UP:54.54% SPREAD:0.02345765% BID:0.4263 ASK:0.4264 MID:0.42635 P1:0.42635 P2:0.42635 P3:0.42635 P4:0.4263 STATE:IDLE
[2026-05-11 18:19:55Z] CHK MOM:0.08% RANGE:0.08% UP:50% SPREAD:0.02345765% BID:0.4263 ASK:0.4264 MID:0.42635 P1:0.42635 P2:0.42635 P3:0.42635 P4:0.42635 STATE:IDLE
[2026-05-11 18:19:56Z] CHK MOM:0.08% RANGE:0.08% UP:50% SPREAD:0.02345765% BID:0.4263 ASK:0.4264 MID:0.42635 P1:0.42635 P2:0.42635 P3:0.42635 P4:0.42635 STATE:IDLE
[2026-05-11 18:19:56Z] CHK MOM:0.08% RANGE:0.08% UP:50% SPREAD:0.02345765% BID:0.4263 ASK:0.4264 MID:0.42635 P1:0.42635 P2:0.42635 P3:0.42635 P4:0.42635 STATE:IDLE
[2026-05-11 18:19:57Z] CHK MOM:0.08% RANGE:0.08% UP:50% SPREAD:0.02345765% BID:0.4263 ASK:0.4264 MID:0.42635 P1:0.42635 P2:0.42635 P3:0.42635 P4:0.42635 STATE:IDLE
[2026-05-11 18:19:57Z] CHK MOM:0.08% RANGE:0.08% UP:50% SPREAD:0.02345765% BID:0.4263 ASK:0.4264 MID:0.42635 P1:0.42635 P2:0.42635 P3:0.42635 P4:0.42635 STATE:IDLE
[2026-05-11 18:19:58Z] CHK MOM:0.08% RANGE:0.08% UP:50% SPREAD:0.02345765% BID:0.4263 ASK:0.4264 MID:0.42635 P1:0.42635 P2:0.42635 P3:0.42635 P4:0.42635 STATE:IDLE
[2026-05-11 18:20:01Z] CHK MOM:0.04% RANGE:0.04% UP:44.44% SPREAD:0.02345765% BID:0.4263 ASK:0.4264 MID:0.42635 P1:0.42635 P2:0.42635 P3:0.42635 P4:0.42635 STATE:IDLE
[2026-05-11 18:20:01Z] CHK MOM:0.04% RANGE:0.04% UP:44.44% SPREAD:0.02345765% BID:0.4263 ASK:0.4264 MID:0.42635 P1:0.42635 P2:0.42635 P3:0.42635 P4:0.42635 STATE:IDLE
[2026-05-11 18:20:02Z] CHK MOM:0.04% RANGE:0.04% UP:44.44% SPREAD:0.02345765% BID:0.4263 ASK:0.4264 MID:0.42635 P1:0.42635 P2:0.42635 P3:0.42635 P4:0.42635 STATE:IDLE
[2026-05-11 18:20:02Z] CHK MOM:0.04% RANGE:0.04% UP:44.44% SPREAD:0.02345765% BID:0.4263 ASK:0.4264 MID:0.42635 P1:0.42635 P2:0.42635 P3:0.42635 P4:0.42635 STATE:IDLE
[2026-05-11 18:20:03Z] CHK MOM:0.01% RANGE:0.01% UP:14.28% SPREAD:0.02345765% BID:0.4263 ASK:0.4264 MID:0.42635 P1:0.42635 P2:0.42635 P3:0.42635 P4:0.42635 STATE:IDLE
[2026-05-11 18:20:03Z] CHK MOM:0.01% RANGE:0.01% UP:14.28% SPREAD:0.02345765% BID:0.4263 ASK:0.4264 MID:0.42635 P1:0.42635 P2:0.42635 P3:0.42635 P4:0.42635 STATE:IDLE
[2026-05-11 18:20:04Z] CHK MOM:0% RANGE:0% UP:0% SPREAD:0.02345765% BID:0.4263 ASK:0.4264 MID:0.42635 P1:0.42635 P2:0.42635 P3:0.42635 P4:0.42635 STATE:IDLE
[2026-05-11 18:20:04Z] CHK MOM:0% RANGE:0% UP:0% SPREAD:0.02345765% BID:0.4263 ASK:0.4264 MID:0.42635 P1:0.42635 P2:0.42635 P3:0.42635 P4:0.42635 STATE:IDLE
[2026-05-11 18:20:05Z] CHK MOM:0% RANGE:0% UP:0% SPREAD:0.02345765% BID:0.4263 ASK:0.4264 MID:0.42635 P1:0.42635 P2:0.42635 P3:0.42635 P4:0.42635 STATE:IDLE
[2026-05-11 18:20:05Z] CHK MOM:0% RANGE:0% UP:0% SPREAD:0.02345765% BID:0.4263 ASK:0.4264 MID:0.42635 P1:0.42635 P2:0.42635 P3:0.42635 P4:0.42635 STATE:IDLE
[2026-05-11 18:20:06Z] CHK MOM:0% RANGE:0% UP:0% SPREAD:0.02345765% BID:0.4263 ASK:0.4264 MID:0.42635 P1:0.42635 P2:0.42635 P3:0.42635 P4:0.42635 STATE:IDLE
[2026-05-11 18:20:09Z] CHK MOM:0.01% RANGE:0.01% UP:33.33% SPREAD:0.04691531% BID:0.4263 ASK:0.4265 MID:0.4264 P1:0.4264 P2:0.42635 P3:0.42635 P4:0.42635 STATE:IDLE
[2026-05-11 18:20:10Z] CHK MOM:0.01% RANGE:0.01% UP:33.33% SPREAD:0.04691531% BID:0.4263 ASK:0.4265 MID:0.4264 P1:0.4264 P2:0.42635 P3:0.42635 P4:0.42635 STATE:IDLE
[2026-05-11 18:20:10Z] CHK MOM:0.01% RANGE:0.01% UP:33.33% SPREAD:0.04691531% BID:0.4263 ASK:0.4265 MID:0.4264 P1:0.4264 P2:0.42635 P3:0.42635 P4:0.42635 STATE:IDLE
[2026-05-11 18:20:11Z] CHK MOM:0.01% RANGE:0.01% UP:33.33% SPREAD:0.04691531% BID:0.4263 ASK:0.4265 MID:0.4264 P1:0.4264 P2:0.42635 P3:0.42635 P4:0.42635 STATE:IDLE
[2026-05-11 18:20:12Z] CHK MOM:0.01% RANGE:0.01% UP:33.33% SPREAD:0.04691531% BID:0.4263 ASK:0.4265 MID:0.4264 P1:0.4264 P2:0.42635 P3:0.42635 P4:0.42635 STATE:IDLE
[2026-05-11 18:20:12Z] CHK MOM:0.01% RANGE:0.01% UP:25% SPREAD:0.04691531% BID:0.4263 ASK:0.4265 MID:0.4264 P1:0.4264 P2:0.4264 P3:0.42635 P4:0.42635 STATE:IDLE
[2026-05-11 18:20:13Z] CHK MOM:0.02% RANGE:0.02% UP:50% SPREAD:0.02345215% BID:0.4264 ASK:0.4265 MID:0.42645 P1:0.42645 P2:0.4264 P3:0.4264 P4:0.42635 STATE:IDLE
[2026-05-11 18:20:13Z] CHK MOM:0.02% RANGE:0.02% UP:50% SPREAD:0.02345215% BID:0.4264 ASK:0.4265 MID:0.42645 P1:0.42645 P2:0.4264 P3:0.4264 P4:0.42635 STATE:IDLE
[2026-05-11 18:20:14Z] CHK MOM:-0.11% RANGE:0.14% UP:40% SPREAD:0.0234852% BID:0.4258 ASK:0.4259 MID:0.42585 P1:0.42585 P2:0.42645 P3:0.4264 P4:0.4264 STATE:IDLE
[2026-05-11 18:20:14Z] CHK MOM:-0.09% RANGE:0.14% UP:50% SPREAD:0.02347969% BID:0.4259 ASK:0.426 MID:0.42595 P1:0.42595 P2:0.42585 P3:0.42645 P4:0.4264 STATE:IDLE
[2026-05-11 18:20:15Z] CHK MOM:-0.09% RANGE:0.14% UP:42.85% SPREAD:0.02347969% BID:0.4259 ASK:0.426 MID:0.42595 P1:0.42595 P2:0.42595 P3:0.42585 P4:0.42645 STATE:IDLE
[2026-05-11 18:20:15Z] CHK MOM:-0.07% RANGE:0.14% UP:57.14% SPREAD:0.02347417% BID:0.426 ASK:0.4261 MID:0.42605 P1:0.42605 P2:0.42595 P3:0.42595 P4:0.42585 STATE:IDLE
[2026-05-11 18:20:16Z] CHK MOM:-0.1% RANGE:0.14% UP:42.85% SPREAD:0.02347969% BID:0.4259 ASK:0.426 MID:0.42595 P1:0.42595 P2:0.42605 P3:0.42595 P4:0.42595 STATE:IDLE
[2026-05-11 18:20:16Z] CHK MOM:-0.1% RANGE:0.14% UP:37.5% SPREAD:0.02347969% BID:0.4259 ASK:0.426 MID:0.42595 P1:0.42595 P2:0.42595 P3:0.42605 P4:0.42595 STATE:IDLE
[2026-05-11 18:20:17Z] CHK MOM:-0.1% RANGE:0.14% UP:33.33% SPREAD:0.02347969% BID:0.4259 ASK:0.426 MID:0.42595 P1:0.42595 P2:0.42595 P3:0.42595 P4:0.42605 STATE:IDLE
[2026-05-11 18:20:18Z] CHK MOM:-0.1% RANGE:0.14% UP:33.33% SPREAD:0.02347969% BID:0.4259 ASK:0.426 MID:0.42595 P1:0.42595 P2:0.42595 P3:0.42595 P4:0.42605 STATE:IDLE
[2026-05-11 18:20:18Z] CHK MOM:-0.1% RANGE:0.14% UP:33.33% SPREAD:0.02347969% BID:0.4259 ASK:0.426 MID:0.42595 P1:0.42595 P2:0.42595 P3:0.42595 P4:0.42605 STATE:IDLE
[2026-05-11 18:20:19Z] CHK MOM:-0.08% RANGE:0.14% UP:40% SPREAD:0.02347417% BID:0.426 ASK:0.4261 MID:0.42605 P1:0.42605 P2:0.42595 P3:0.42595 P4:0.42595 STATE:IDLE
[2026-05-11 18:20:19Z] CHK MOM:-0.07% RANGE:0.14% UP:45.45% SPREAD:0.04694835% BID:0.426 ASK:0.4262 MID:0.4261 P1:0.4261 P2:0.42605 P3:0.42595 P4:0.42595 STATE:IDLE
[2026-05-11 18:20:20Z] CHK MOM:-0.08% RANGE:0.14% UP:41.66% SPREAD:0.02347417% BID:0.426 ASK:0.4261 MID:0.42605 P1:0.42605 P2:0.4261 P3:0.42605 P4:0.42595 STATE:IDLE
[2026-05-11 18:20:20Z] CHK MOM:-0.08% RANGE:0.14% UP:41.66% SPREAD:0.02347417% BID:0.426 ASK:0.4261 MID:0.42605 P1:0.42605 P2:0.4261 P3:0.42605 P4:0.42595 STATE:IDLE
[2026-05-11 18:20:21Z] CHK MOM:-0.07% RANGE:0.14% UP:46.15% SPREAD:0.04694835% BID:0.426 ASK:0.4262 MID:0.4261 P1:0.4261 P2:0.42605 P3:0.4261 P4:0.42605 STATE:IDLE
[2026-05-11 18:20:21Z] CHK MOM:-0.05% RANGE:0.14% UP:53.84% SPREAD:0.02346866% BID:0.4261 ASK:0.4262 MID:0.42615 P1:0.42615 P2:0.4261 P3:0.42605 P4:0.4261 STATE:IDLE
[2026-05-11 18:20:22Z] CHK MOM:-0.05% RANGE:0.14% UP:53.84% SPREAD:0.02346866% BID:0.4261 ASK:0.4262 MID:0.42615 P1:0.42615 P2:0.4261 P3:0.42605 P4:0.4261 STATE:IDLE
[2026-05-11 18:20:23Z] CHK MOM:-0.03% RANGE:0.14% UP:57.14% SPREAD:0.02346316% BID:0.4262 ASK:0.4263 MID:0.42625 P1:0.42625 P2:0.42615 P3:0.4261 P4:0.42605 STATE:IDLE
[2026-05-11 18:20:23Z] CHK MOM:-0.03% RANGE:0.14% UP:53.33% SPREAD:0.02346316% BID:0.4262 ASK:0.4263 MID:0.42625 P1:0.42625 P2:0.42625 P3:0.42615 P4:0.4261 STATE:IDLE
[2026-05-11 18:20:24Z] CHK MOM:-0.03% RANGE:0.14% UP:53.33% SPREAD:0.02346316% BID:0.4262 ASK:0.4263 MID:0.42625 P1:0.42625 P2:0.42625 P3:0.42615 P4:0.4261 STATE:IDLE
[2026-05-11 18:20:24Z] CHK MOM:-0.03% RANGE:0.14% UP:53.33% SPREAD:0.02346316% BID:0.4262 ASK:0.4263 MID:0.42625 P1:0.42625 P2:0.42625 P3:0.42615 P4:0.4261 STATE:IDLE
[2026-05-11 18:20:25Z] CHK MOM:-0.03% RANGE:0.14% UP:53.33% SPREAD:0.02346316% BID:0.4262 ASK:0.4263 MID:0.42625 P1:0.42625 P2:0.42625 P3:0.42615 P4:0.4261 STATE:IDLE
[2026-05-11 18:20:25Z] CHK MOM:-0.03% RANGE:0.14% UP:53.33% SPREAD:0.02346316% BID:0.4262 ASK:0.4263 MID:0.42625 P1:0.42625 P2:0.42625 P3:0.42615 P4:0.4261 STATE:IDLE
[2026-05-11 18:20:26Z] CHK MOM:-0.03% RANGE:0.14% UP:53.33% SPREAD:0.02346316% BID:0.4262 ASK:0.4263 MID:0.42625 P1:0.42625 P2:0.42625 P3:0.42615 P4:0.4261 STATE:IDLE
[2026-05-11 18:20:26Z] CHK MOM:0.07% RANGE:0.07% UP:46.15% SPREAD:0.02346316% BID:0.4262 ASK:0.4263 MID:0.42625 P1:0.42625 P2:0.42625 P3:0.42625 P4:0.42615 STATE:IDLE
[2026-05-11 18:20:27Z] CHK MOM:0.07% RANGE:0.07% UP:46.15% SPREAD:0.02346316% BID:0.4262 ASK:0.4263 MID:0.42625 P1:0.42625 P2:0.42625 P3:0.42625 P4:0.42615 STATE:IDLE
[2026-05-11 18:20:27Z] CHK MOM:0.07% RANGE:0.07% UP:46.15% SPREAD:0.02346316% BID:0.4262 ASK:0.4263 MID:0.42625 P1:0.42625 P2:0.42625 P3:0.42625 P4:0.42615 STATE:IDLE
[2026-05-11 18:20:28Z] CHK MOM:0.07% RANGE:0.07% UP:46.15% SPREAD:0.02346316% BID:0.4262 ASK:0.4263 MID:0.42625 P1:0.42625 P2:0.42625 P3:0.42625 P4:0.42615 STATE:IDLE
[2026-05-11 18:20:29Z] CHK MOM:0.02% RANGE:0.07% UP:55.55% SPREAD:0.02347417% BID:0.426 ASK:0.4261 MID:0.42605 P1:0.42605 P2:0.42625 P3:0.42625 P4:0.42625 STATE:IDLE
[2026-05-11 18:20:29Z] CHK MOM:0% RANGE:0.04% UP:44.44% SPREAD:0.02347417% BID:0.426 ASK:0.4261 MID:0.42605 P1:0.42605 P2:0.42605 P3:0.42625 P4:0.42625 STATE:IDLE
[2026-05-11 18:20:30Z] CHK MOM:0% RANGE:0.04% UP:44.44% SPREAD:0.02347417% BID:0.426 ASK:0.4261 MID:0.42605 P1:0.42605 P2:0.42605 P3:0.42625 P4:0.42625 STATE:IDLE
[2026-05-11 18:20:30Z] CHK MOM:0% RANGE:0.04% UP:44.44% SPREAD:0.02347417% BID:0.426 ASK:0.4261 MID:0.42605 P1:0.42605 P2:0.42605 P3:0.42625 P4:0.42625 STATE:IDLE
[2026-05-11 18:20:31Z] CHK MOM:0% RANGE:0.04% UP:44.44% SPREAD:0.02347417% BID:0.426 ASK:0.4261 MID:0.42605 P1:0.42605 P2:0.42605 P3:0.42625 P4:0.42625 STATE:IDLE
[2026-05-11 18:20:31Z] CHK MOM:0% RANGE:0.04% UP:44.44% SPREAD:0.02347417% BID:0.426 ASK:0.4261 MID:0.42605 P1:0.42605 P2:0.42605 P3:0.42625 P4:0.42625 STATE:IDLE
[2026-05-11 18:20:32Z] CHK MOM:0% RANGE:0.04% UP:44.44% SPREAD:0.02347417% BID:0.426 ASK:0.4261 MID:0.42605 P1:0.42605 P2:0.42605 P3:0.42625 P4:0.42625 STATE:IDLE
[2026-05-11 18:20:32Z] CHK MOM:-0.02% RANGE:0.05% UP:28.57% SPREAD:0.04695938% BID:0.4259 ASK:0.4261 MID:0.426 P1:0.426 P2:0.42605 P3:0.42605 P4:0.42625 STATE:IDLE
[2026-05-11 18:20:33Z] CHK MOM:-0.02% RANGE:0.05% UP:28.57% SPREAD:0.02347417% BID:0.426 ASK:0.4261 MID:0.42605 P1:0.42605 P2:0.426 P3:0.42605 P4:0.42605 STATE:IDLE
[2026-05-11 18:20:34Z] CHK MOM:-0.03% RANGE:0.05% UP:25% SPREAD:0.04695938% BID:0.4259 ASK:0.4261 MID:0.426 P1:0.426 P2:0.42605 P3:0.426 P4:0.42605 STATE:IDLE
[2026-05-11 18:20:34Z] CHK MOM:-0.05% RANGE:0.05% UP:12.5% SPREAD:0.04695938% BID:0.4259 ASK:0.4261 MID:0.426 P1:0.426 P2:0.426 P3:0.42605 P4:0.426 STATE:IDLE
[2026-05-11 18:20:35Z] CHK MOM:-0.05% RANGE:0.05% UP:12.5% SPREAD:0.04695938% BID:0.4259 ASK:0.4261 MID:0.426 P1:0.426 P2:0.426 P3:0.426 P4:0.42605 STATE:IDLE
[2026-05-11 18:20:35Z] CHK MOM:-0.04% RANGE:0.05% UP:22.22% SPREAD:0.02347417% BID:0.426 ASK:0.4261 MID:0.42605 P1:0.42605 P2:0.426 P3:0.426 P4:0.426 STATE:IDLE
[2026-05-11 18:20:36Z] CHK MOM:-0.04% RANGE:0.05% UP:22.22% SPREAD:0.02347417% BID:0.426 ASK:0.4261 MID:0.42605 P1:0.42605 P2:0.42605 P3:0.426 P4:0.426 STATE:IDLE
[2026-05-11 18:20:36Z] CHK MOM:-0.04% RANGE:0.05% UP:22.22% SPREAD:0.02347417% BID:0.426 ASK:0.4261 MID:0.42605 P1:0.42605 P2:0.42605 P3:0.426 P4:0.426 STATE:IDLE
[2026-05-11 18:20:37Z] CHK MOM:-0.02% RANGE:0.05% UP:30% SPREAD:0.02346866% BID:0.4261 ASK:0.4262 MID:0.42615 P1:0.42615 P2:0.42605 P3:0.42605 P4:0.426 STATE:IDLE
[2026-05-11 18:20:37Z] CHK MOM:-0.02% RANGE:0.05% UP:30% SPREAD:0.02346866% BID:0.4261 ASK:0.4262 MID:0.42615 P1:0.42615 P2:0.42605 P3:0.42605 P4:0.426 STATE:IDLE
[2026-05-11 18:20:38Z] CHK MOM:-0.02% RANGE:0.05% UP:30% SPREAD:0.02346866% BID:0.4261 ASK:0.4262 MID:0.42615 P1:0.42615 P2:0.42605 P3:0.42605 P4:0.426 STATE:IDLE
[2026-05-11 18:20:38Z] CHK MOM:-0.02% RANGE:0.05% UP:30% SPREAD:0.02346866% BID:0.4261 ASK:0.4262 MID:0.42615 P1:0.42615 P2:0.42605 P3:0.42605 P4:0.426 STATE:IDLE
[2026-05-11 18:20:39Z] CHK MOM:-0.02% RANGE:0.05% UP:30% SPREAD:0.02346866% BID:0.4261 ASK:0.4262 MID:0.42615 P1:0.42615 P2:0.42605 P3:0.42605 P4:0.426 STATE:IDLE
[2026-05-11 18:20:40Z] CHK MOM:0.04% RANGE:0.05% UP:40% SPREAD:0.02346316% BID:0.4262 ASK:0.4263 MID:0.42625 P1:0.42625 P2:0.42615 P3:0.42605 P4:0.42605 STATE:IDLE
[2026-05-11 18:20:40Z] CHK MOM:0.04% RANGE:0.05% UP:40% SPREAD:0.02346316% BID:0.4262 ASK:0.4263 MID:0.42625 P1:0.42625 P2:0.42615 P3:0.42605 P4:0.42605 STATE:IDLE
[2026-05-11 18:20:41Z] CHK MOM:0.07% RANGE:0.08% UP:50% SPREAD:0.02345765% BID:0.4263 ASK:0.4264 MID:0.42635 P1:0.42635 P2:0.42625 P3:0.42615 P4:0.42605 STATE:IDLE
[2026-05-11 18:20:41Z] CHK MOM:0.07% RANGE:0.08% UP:50% SPREAD:0.02345765% BID:0.4263 ASK:0.4264 MID:0.42635 P1:0.42635 P2:0.42625 P3:0.42615 P4:0.42605 STATE:IDLE
[2026-05-11 18:20:42Z] CHK MOM:0.07% RANGE:0.08% UP:50% SPREAD:0.02345765% BID:0.4263 ASK:0.4264 MID:0.42635 P1:0.42635 P2:0.42625 P3:0.42615 P4:0.42605 STATE:IDLE
[2026-05-11 18:20:42Z] CHK MOM:0.08% RANGE:0.08% UP:50% SPREAD:0.02345765% BID:0.4263 ASK:0.4264 MID:0.42635 P1:0.42635 P2:0.42635 P3:0.42625 P4:0.42615 STATE:IDLE
[2026-05-11 18:20:43Z] CHK MOM:0.08% RANGE:0.08% UP:50% SPREAD:0.02345765% BID:0.4263 ASK:0.4264 MID:0.42635 P1:0.42635 P2:0.42635 P3:0.42625 P4:0.42615 STATE:IDLE
[2026-05-11 18:20:43Z] CHK MOM:0.08% RANGE:0.08% UP:50% SPREAD:0.02345765% BID:0.4263 ASK:0.4264 MID:0.42635 P1:0.42635 P2:0.42635 P3:0.42625 P4:0.42615 STATE:IDLE
[2026-05-11 18:20:44Z] CHK MOM:0.08% RANGE:0.08% UP:50% SPREAD:0.02345765% BID:0.4263 ASK:0.4264 MID:0.42635 P1:0.42635 P2:0.42635 P3:0.42625 P4:0.42615 STATE:IDLE
[2026-05-11 18:20:45Z] CHK MOM:0.08% RANGE:0.08% UP:50% SPREAD:0.02345765% BID:0.4263 ASK:0.4264 MID:0.42635 P1:0.42635 P2:0.42635 P3:0.42625 P4:0.42615 STATE:IDLE
[2026-05-11 18:20:47Z] CHK MOM:0.03% RANGE:0.08% UP:57.14% SPREAD:0.02346866% BID:0.4261 ASK:0.4262 MID:0.42615 P1:0.42615 P2:0.42635 P3:0.42635 P4:0.42625 STATE:IDLE
[2026-05-11 18:20:47Z] CHK MOM:0.03% RANGE:0.07% UP:66.66% SPREAD:0.04693733% BID:0.4261 ASK:0.4263 MID:0.4262 P1:0.4262 P2:0.42615 P3:0.42635 P4:0.42635 STATE:IDLE
[2026-05-11 18:20:48Z] CHK MOM:0.03% RANGE:0.07% UP:66.66% SPREAD:0.04693733% BID:0.4261 ASK:0.4263 MID:0.4262 P1:0.4262 P2:0.42615 P3:0.42635 P4:0.42635 STATE:IDLE
[2026-05-11 18:20:48Z] CHK MOM:0.01% RANGE:0.04% UP:50% SPREAD:0.04693733% BID:0.4261 ASK:0.4263 MID:0.4262 P1:0.4262 P2:0.4262 P3:0.42615 P4:0.42635 STATE:IDLE
[2026-05-11 18:20:49Z] CHK MOM:0.01% RANGE:0.04% UP:50% SPREAD:0.04693733% BID:0.4261 ASK:0.4263 MID:0.4262 P1:0.4262 P2:0.4262 P3:0.42615 P4:0.42635 STATE:IDLE
[2026-05-11 18:20:49Z] CHK MOM:0.01% RANGE:0.04% UP:50% SPREAD:0.04693733% BID:0.4261 ASK:0.4263 MID:0.4262 P1:0.4262 P2:0.4262 P3:0.42615 P4:0.42635 STATE:IDLE
[2026-05-11 18:20:50Z] CHK MOM:0.01% RANGE:0.04% UP:50% SPREAD:0.04693733% BID:0.4261 ASK:0.4263 MID:0.4262 P1:0.4262 P2:0.4262 P3:0.42615 P4:0.42635 STATE:IDLE
[2026-05-11 18:20:51Z] CHK MOM:0.01% RANGE:0.04% UP:50% SPREAD:0.04693733% BID:0.4261 ASK:0.4263 MID:0.4262 P1:0.4262 P2:0.4262 P3:0.42615 P4:0.42635 STATE:IDLE
[2026-05-11 18:20:53Z] CHK MOM:-0.02% RANGE:0.04% UP:50% SPREAD:0.02346316% BID:0.4262 ASK:0.4263 MID:0.42625 P1:0.42625 P2:0.4262 P3:0.4262 P4:0.42615 STATE:IDLE
[2026-05-11 18:20:53Z] CHK MOM:-0.02% RANGE:0.04% UP:50% SPREAD:0.02346316% BID:0.4262 ASK:0.4263 MID:0.42625 P1:0.42625 P2:0.4262 P3:0.4262 P4:0.42615 STATE:IDLE
[2026-05-11 18:20:54Z] CHK MOM:-0.02% RANGE:0.04% UP:50% SPREAD:0.02346316% BID:0.4262 ASK:0.4263 MID:0.42625 P1:0.42625 P2:0.4262 P3:0.4262 P4:0.42615 STATE:IDLE
[2026-05-11 18:20:54Z] CHK MOM:-0.02% RANGE:0.04% UP:50% SPREAD:0.02346316% BID:0.4262 ASK:0.4263 MID:0.42625 P1:0.42625 P2:0.4262 P3:0.4262 P4:0.42615 STATE:IDLE
[2026-05-11 18:20:55Z] CHK MOM:-0.02% RANGE:0.04% UP:50% SPREAD:0.02346316% BID:0.4262 ASK:0.4263 MID:0.42625 P1:0.42625 P2:0.4262 P3:0.4262 P4:0.42615 STATE:IDLE
[2026-05-11 18:20:56Z] CHK MOM:0.03% RANGE:0.03% UP:75% SPREAD:0.04692632% BID:0.4262 ASK:0.4264 MID:0.4263 P1:0.4263 P2:0.42625 P3:0.4262 P4:0.4262 STATE:IDLE
[2026-05-11 18:20:56Z] CHK MOM:0.01% RANGE:0.03% UP:60% SPREAD:0.04693733% BID:0.4261 ASK:0.4263 MID:0.4262 P1:0.4262 P2:0.4263 P3:0.42625 P4:0.4262 STATE:IDLE
[2026-05-11 18:20:57Z] CHK MOM:0.01% RANGE:0.03% UP:60% SPREAD:0.04693733% BID:0.4261 ASK:0.4263 MID:0.4262 P1:0.4262 P2:0.4263 P3:0.42625 P4:0.4262 STATE:IDLE
[2026-05-11 18:20:57Z] CHK MOM:0.01% RANGE:0.03% UP:50% SPREAD:0.04693733% BID:0.4261 ASK:0.4263 MID:0.4262 P1:0.4262 P2:0.4262 P3:0.4263 P4:0.42625 STATE:IDLE
[2026-05-11 18:20:58Z] CHK MOM:0.01% RANGE:0.03% UP:50% SPREAD:0.04693733% BID:0.4261 ASK:0.4263 MID:0.4262 P1:0.4262 P2:0.4262 P3:0.4263 P4:0.42625 STATE:IDLE
[2026-05-11 18:20:58Z] CHK MOM:0.01% RANGE:0.03% UP:50% SPREAD:0.04693733% BID:0.4261 ASK:0.4263 MID:0.4262 P1:0.4262 P2:0.4262 P3:0.4263 P4:0.42625 STATE:IDLE
[2026-05-11 18:20:59Z] CHK MOM:0.01% RANGE:0.03% UP:50% SPREAD:0.04693733% BID:0.4261 ASK:0.4263 MID:0.4262 P1:0.4262 P2:0.4262 P3:0.4263 P4:0.42625 STATE:IDLE
[2026-05-11 18:20:59Z] CHK MOM:0.01% RANGE:0.03% UP:50% SPREAD:0.04693733% BID:0.4261 ASK:0.4263 MID:0.4262 P1:0.4262 P2:0.4262 P3:0.4263 P4:0.42625 STATE:IDLE
[2026-05-11 18:21:00Z] CHK MOM:0.01% RANGE:0.03% UP:50% SPREAD:0.04693733% BID:0.4261 ASK:0.4263 MID:0.4262 P1:0.4262 P2:0.4262 P3:0.4263 P4:0.42625 STATE:IDLE
[2026-05-11 18:21:01Z] CHK MOM:-0.03% RANGE:0.04% UP:25% SPREAD:0.04694835% BID:0.426 ASK:0.4262 MID:0.4261 P1:0.4261 P2:0.4262 P3:0.4262 P4:0.4263 STATE:IDLE
[2026-05-11 18:21:02Z] CHK MOM:-0.02% RANGE:0.04% UP:40% SPREAD:0.02346866% BID:0.4261 ASK:0.4262 MID:0.42615 P1:0.42615 P2:0.4261 P3:0.4262 P4:0.4262 STATE:IDLE
[2026-05-11 18:21:02Z] CHK MOM:-0.02% RANGE:0.04% UP:40% SPREAD:0.02346866% BID:0.4261 ASK:0.4262 MID:0.42615 P1:0.42615 P2:0.4261 P3:0.4262 P4:0.4262 STATE:IDLE
[2026-05-11 18:21:03Z] CHK MOM:-0.02% RANGE:0.04% UP:40% SPREAD:0.02346866% BID:0.4261 ASK:0.4262 MID:0.42615 P1:0.42615 P2:0.4261 P3:0.4262 P4:0.4262 STATE:IDLE
[2026-05-11 18:21:03Z] CHK MOM:-0.02% RANGE:0.04% UP:40% SPREAD:0.02346866% BID:0.4261 ASK:0.4262 MID:0.42615 P1:0.42615 P2:0.4261 P3:0.4262 P4:0.4262 STATE:IDLE
[2026-05-11 18:21:04Z] CHK MOM:-0.03% RANGE:0.04% UP:33.33% SPREAD:0.04694835% BID:0.426 ASK:0.4262 MID:0.4261 P1:0.4261 P2:0.42615 P3:0.4261 P4:0.4262 STATE:IDLE
[2026-05-11 18:21:04Z] CHK MOM:-0.03% RANGE:0.04% UP:33.33% SPREAD:0.04694835% BID:0.426 ASK:0.4262 MID:0.4261 P1:0.4261 P2:0.42615 P3:0.4261 P4:0.4262 STATE:IDLE
[2026-05-11 18:21:05Z] CHK MOM:-0.03% RANGE:0.04% UP:33.33% SPREAD:0.04694835% BID:0.426 ASK:0.4262 MID:0.4261 P1:0.4261 P2:0.42615 P3:0.4261 P4:0.4262 STATE:IDLE
[2026-05-11 18:21:05Z] CHK MOM:-0.03% RANGE:0.04% UP:33.33% SPREAD:0.04694835% BID:0.426 ASK:0.4262 MID:0.4261 P1:0.4261 P2:0.42615 P3:0.4261 P4:0.4262 STATE:IDLE
[2026-05-11 18:21:06Z] CHK MOM:-0.03% RANGE:0.04% UP:33.33% SPREAD:0.02346866% BID:0.4261 ASK:0.4262 MID:0.42615 P1:0.42615 P2:0.4261 P3:0.42615 P4:0.4261 STATE:IDLE
[2026-05-11 18:21:07Z] CHK MOM:-0.03% RANGE:0.04% UP:33.33% SPREAD:0.02346866% BID:0.4261 ASK:0.4262 MID:0.42615 P1:0.42615 P2:0.4261 P3:0.42615 P4:0.4261 STATE:IDLE
[2026-05-11 18:21:07Z] CHK MOM:-0.03% RANGE:0.04% UP:28.57% SPREAD:0.02346866% BID:0.4261 ASK:0.4262 MID:0.42615 P1:0.42615 P2:0.42615 P3:0.4261 P4:0.42615 STATE:IDLE
[2026-05-11 18:21:08Z] CHK MOM:-0.02% RANGE:0.02% UP:28.57% SPREAD:0.04694835% BID:0.426 ASK:0.4262 MID:0.4261 P1:0.4261 P2:0.42615 P3:0.42615 P4:0.4261 STATE:IDLE
[2026-05-11 18:21:08Z] CHK MOM:-0.01% RANGE:0.02% UP:37.5% SPREAD:0.02346866% BID:0.4261 ASK:0.4262 MID:0.42615 P1:0.42615 P2:0.4261 P3:0.42615 P4:0.42615 STATE:IDLE
[2026-05-11 18:21:09Z] CHK MOM:-0.01% RANGE:0.02% UP:37.5% SPREAD:0.02346866% BID:0.4261 ASK:0.4262 MID:0.42615 P1:0.42615 P2:0.42615 P3:0.4261 P4:0.42615 STATE:IDLE
[2026-05-11 18:21:09Z] CHK MOM:-0.01% RANGE:0.02% UP:33.33% SPREAD:0.02346866% BID:0.4261 ASK:0.4262 MID:0.42615 P1:0.42615 P2:0.42615 P3:0.42615 P4:0.4261 STATE:IDLE
[2026-05-11 18:21:10Z] CHK MOM:0.03% RANGE:0.03% UP:44.44% SPREAD:0.02346316% BID:0.4262 ASK:0.4263 MID:0.42625 P1:0.42625 P2:0.42615 P3:0.42615 P4:0.42615 STATE:IDLE
[2026-05-11 18:21:10Z] CHK MOM:0.02% RANGE:0.03% UP:40% SPREAD:0.04693733% BID:0.4261 ASK:0.4263 MID:0.4262 P1:0.4262 P2:0.42625 P3:0.42615 P4:0.42615 STATE:IDLE
[2026-05-11 18:21:11Z] CHK MOM:0.04% RANGE:0.04% UP:45.45% SPREAD:0.04692632% BID:0.4262 ASK:0.4264 MID:0.4263 P1:0.4263 P2:0.4262 P3:0.42625 P4:0.42615 STATE:IDLE
[2026-05-11 18:21:11Z] CHK MOM:0.02% RANGE:0.04% UP:41.66% SPREAD:0.04693733% BID:0.4261 ASK:0.4263 MID:0.4262 P1:0.4262 P2:0.4263 P3:0.4262 P4:0.42625 STATE:IDLE
[2026-05-11 18:21:12Z] CHK MOM:0.02% RANGE:0.04% UP:41.66% SPREAD:0.04693733% BID:0.4261 ASK:0.4263 MID:0.4262 P1:0.4262 P2:0.4263 P3:0.4262 P4:0.42625 STATE:IDLE
[2026-05-11 18:21:13Z] CHK MOM:0.02% RANGE:0.04% UP:41.66% SPREAD:0.04693733% BID:0.4261 ASK:0.4263 MID:0.4262 P1:0.4262 P2:0.4263 P3:0.4262 P4:0.42625 STATE:IDLE
[2026-05-11 18:21:13Z] CHK MOM:0.02% RANGE:0.04% UP:41.66% SPREAD:0.04693733% BID:0.4261 ASK:0.4263 MID:0.4262 P1:0.4262 P2:0.4263 P3:0.4262 P4:0.42625 STATE:IDLE
[2026-05-11 18:21:14Z] CHK MOM:0.02% RANGE:0.04% UP:41.66% SPREAD:0.04693733% BID:0.4261 ASK:0.4263 MID:0.4262 P1:0.4262 P2:0.4263 P3:0.4262 P4:0.42625 STATE:IDLE
[2026-05-11 18:21:15Z] CHK MOM:0.03% RANGE:0.04% UP:45.45% SPREAD:0.02346316% BID:0.4262 ASK:0.4263 MID:0.42625 P1:0.42625 P2:0.4262 P3:0.4263 P4:0.4262 STATE:IDLE
[2026-05-11 18:21:16Z] CHK MOM:0.02% RANGE:0.04% UP:41.66% SPREAD:0.04693733% BID:0.4261 ASK:0.4263 MID:0.4262 P1:0.4262 P2:0.42625 P3:0.4262 P4:0.4263 STATE:IDLE
[2026-05-11 18:21:16Z] CHK MOM:0.02% RANGE:0.04% UP:41.66% SPREAD:0.02346316% BID:0.4262 ASK:0.4263 MID:0.42625 P1:0.42625 P2:0.4262 P3:0.42625 P4:0.4262 STATE:IDLE
[2026-05-11 18:21:17Z] CHK MOM:0.02% RANGE:0.04% UP:38.46% SPREAD:0.02346316% BID:0.4262 ASK:0.4263 MID:0.42625 P1:0.42625 P2:0.42625 P3:0.4262 P4:0.42625 STATE:IDLE
[2026-05-11 18:21:18Z] CHK MOM:0.04% RANGE:0.05% UP:42.85% SPREAD:0.02345765% BID:0.4263 ASK:0.4264 MID:0.42635 P1:0.42635 P2:0.42625 P3:0.42625 P4:0.4262 STATE:IDLE
[2026-05-11 18:21:18Z] CHK MOM:0.04% RANGE:0.05% UP:42.85% SPREAD:0.02345765% BID:0.4263 ASK:0.4264 MID:0.42635 P1:0.42635 P2:0.42635 P3:0.42625 P4:0.42625 STATE:IDLE
[2026-05-11 18:21:19Z] CHK MOM:0.04% RANGE:0.05% UP:42.85% SPREAD:0.02345765% BID:0.4263 ASK:0.4264 MID:0.42635 P1:0.42635 P2:0.42635 P3:0.42625 P4:0.42625 STATE:IDLE
[2026-05-11 18:21:19Z] CHK MOM:0.05% RANGE:0.05% UP:42.85% SPREAD:0.02345765% BID:0.4263 ASK:0.4264 MID:0.42635 P1:0.42635 P2:0.42635 P3:0.42635 P4:0.42625 STATE:IDLE
[2026-05-11 18:21:20Z] CHK MOM:0.05% RANGE:0.05% UP:40% SPREAD:0.02345765% BID:0.4263 ASK:0.4264 MID:0.42635 P1:0.42635 P2:0.42635 P3:0.42635 P4:0.42635 STATE:IDLE
[2026-05-11 18:21:20Z] CHK MOM:0.05% RANGE:0.05% UP:40% SPREAD:0.02345765% BID:0.4263 ASK:0.4264 MID:0.42635 P1:0.42635 P2:0.42635 P3:0.42635 P4:0.42635 STATE:IDLE
[2026-05-11 18:21:21Z] CHK MOM:0.05% RANGE:0.05% UP:40% SPREAD:0.02345765% BID:0.4263 ASK:0.4264 MID:0.42635 P1:0.42635 P2:0.42635 P3:0.42635 P4:0.42635 STATE:IDLE
[2026-05-11 18:21:21Z] CHK MOM:0.05% RANGE:0.05% UP:40% SPREAD:0.02345765% BID:0.4263 ASK:0.4264 MID:0.42635 P1:0.42635 P2:0.42635 P3:0.42635 P4:0.42635 STATE:IDLE
[2026-05-11 18:21:22Z] CHK MOM:0.02% RANGE:0.03% UP:33.33% SPREAD:0.02345765% BID:0.4263 ASK:0.4264 MID:0.42635 P1:0.42635 P2:0.42635 P3:0.42635 P4:0.42635 STATE:IDLE
[2026-05-11 18:21:22Z] CHK MOM:0.01% RANGE:0.03% UP:27.27% SPREAD:0.02345765% BID:0.4263 ASK:0.4264 MID:0.42635 P1:0.42635 P2:0.42635 P3:0.42635 P4:0.42635 STATE:IDLE
[2026-05-11 18:21:23Z] CHK MOM:0.01% RANGE:0.03% UP:27.27% SPREAD:0.02345765% BID:0.4263 ASK:0.4264 MID:0.42635 P1:0.42635 P2:0.42635 P3:0.42635 P4:0.42635 STATE:IDLE
[2026-05-11 18:21:24Z] CHK MOM:0.01% RANGE:0.03% UP:20% SPREAD:0.04692632% BID:0.4262 ASK:0.4264 MID:0.4263 P1:0.4263 P2:0.42635 P3:0.42635 P4:0.42635 STATE:IDLE
[2026-05-11 18:21:24Z] CHK MOM:0.01% RANGE:0.03% UP:20% SPREAD:0.04692632% BID:0.4262 ASK:0.4264 MID:0.4263 P1:0.4263 P2:0.42635 P3:0.42635 P4:0.42635 STATE:IDLE
[2026-05-11 18:21:25Z] CHK MOM:-0.01% RANGE:0.03% UP:18.18% SPREAD:0.04693733% BID:0.4261 ASK:0.4263 MID:0.4262 P1:0.4262 P2:0.4263 P3:0.42635 P4:0.42635 STATE:IDLE
[2026-05-11 18:21:25Z] CHK MOM:-0.01% RANGE:0.03% UP:18.18% SPREAD:0.04693733% BID:0.4261 ASK:0.4263 MID:0.4262 P1:0.4262 P2:0.4263 P3:0.42635 P4:0.42635 STATE:IDLE
[2026-05-11 18:21:26Z] CHK MOM:-0.01% RANGE:0.03% UP:18.18% SPREAD:0.04693733% BID:0.4261 ASK:0.4263 MID:0.4262 P1:0.4262 P2:0.4263 P3:0.42635 P4:0.42635 STATE:IDLE
[2026-05-11 18:21:26Z] CHK MOM:-0.01% RANGE:0.03% UP:18.18% SPREAD:0.04693733% BID:0.4261 ASK:0.4263 MID:0.4262 P1:0.4262 P2:0.4263 P3:0.42635 P4:0.42635 STATE:IDLE
[2026-05-11 18:21:27Z] CHK MOM:-0.01% RANGE:0.03% UP:18.18% SPREAD:0.04693733% BID:0.4261 ASK:0.4263 MID:0.4262 P1:0.4262 P2:0.4263 P3:0.42635 P4:0.42635 STATE:IDLE
[2026-05-11 18:21:27Z] CHK MOM:0% RANGE:0.03% UP:25% SPREAD:0.02346316% BID:0.4262 ASK:0.4263 MID:0.42625 P1:0.42625 P2:0.4262 P3:0.4263 P4:0.42635 STATE:IDLE
[2026-05-11 18:21:28Z] CHK MOM:0.01% RANGE:0.03% UP:25% SPREAD:0.02346316% BID:0.4262 ASK:0.4263 MID:0.42625 P1:0.42625 P2:0.42625 P3:0.4262 P4:0.4263 STATE:IDLE
[2026-05-11 18:21:29Z] CHK MOM:0.01% RANGE:0.03% UP:25% SPREAD:0.02346316% BID:0.4262 ASK:0.4263 MID:0.42625 P1:0.42625 P2:0.42625 P3:0.4262 P4:0.4263 STATE:IDLE
[2026-05-11 18:21:29Z] CHK MOM:-0.03% RANGE:0.03% UP:10% SPREAD:0.04693733% BID:0.4261 ASK:0.4263 MID:0.4262 P1:0.4262 P2:0.42625 P3:0.42625 P4:0.4262 STATE:IDLE
[2026-05-11 18:21:30Z] CHK MOM:-0.03% RANGE:0.03% UP:10% SPREAD:0.04693733% BID:0.4261 ASK:0.4263 MID:0.4262 P1:0.4262 P2:0.42625 P3:0.42625 P4:0.4262 STATE:IDLE
[2026-05-11 18:21:30Z] CHK MOM:-0.03% RANGE:0.03% UP:10% SPREAD:0.04693733% BID:0.4261 ASK:0.4263 MID:0.4262 P1:0.4262 P2:0.42625 P3:0.42625 P4:0.4262 STATE:IDLE
[2026-05-11 18:21:31Z] CHK MOM:-0.02% RANGE:0.03% UP:22.22% SPREAD:0.02346316% BID:0.4262 ASK:0.4263 MID:0.42625 P1:0.42625 P2:0.4262 P3:0.42625 P4:0.42625 STATE:IDLE
[2026-05-11 18:21:31Z] CHK MOM:-0.02% RANGE:0.03% UP:22.22% SPREAD:0.02346316% BID:0.4262 ASK:0.4263 MID:0.42625 P1:0.42625 P2:0.4262 P3:0.42625 P4:0.42625 STATE:IDLE
[2026-05-11 18:21:32Z] CHK MOM:0% RANGE:0.03% UP:37.5% SPREAD:0.02345765% BID:0.4263 ASK:0.4264 MID:0.42635 P1:0.42635 P2:0.42625 P3:0.4262 P4:0.42625 STATE:IDLE
[2026-05-11 18:21:32Z] CHK MOM:0% RANGE:0.03% UP:37.5% SPREAD:0.02345765% BID:0.4263 ASK:0.4264 MID:0.42635 P1:0.42635 P2:0.42625 P3:0.4262 P4:0.42625 STATE:IDLE
[2026-05-11 18:21:33Z] CHK MOM:0% RANGE:0.03% UP:37.5% SPREAD:0.02345765% BID:0.4263 ASK:0.4264 MID:0.42635 P1:0.42635 P2:0.42625 P3:0.4262 P4:0.42625 STATE:IDLE
[2026-05-11 18:21:33Z] CHK MOM:0% RANGE:0.03% UP:37.5% SPREAD:0.02345765% BID:0.4263 ASK:0.4264 MID:0.42635 P1:0.42635 P2:0.42625 P3:0.4262 P4:0.42625 STATE:IDLE
[2026-05-11 18:21:34Z] CHK MOM:0% RANGE:0.03% UP:37.5% SPREAD:0.02345765% BID:0.4263 ASK:0.4264 MID:0.42635 P1:0.42635 P2:0.42625 P3:0.4262 P4:0.42625 STATE:IDLE
[2026-05-11 18:21:35Z] CHK MOM:0.02% RANGE:0.04% UP:57.14% SPREAD:0.04691531% BID:0.4263 ASK:0.4265 MID:0.4264 P1:0.4264 P2:0.42635 P3:0.42625 P4:0.4262 STATE:IDLE
[2026-05-11 18:21:36Z] CHK MOM:0.03% RANGE:0.05% UP:62.5% SPREAD:0.02345215% BID:0.4264 ASK:0.4265 MID:0.42645 P1:0.42645 P2:0.4264 P3:0.42635 P4:0.42625 STATE:IDLE
[2026-05-11 18:21:36Z] CHK MOM:0.03% RANGE:0.05% UP:62.5% SPREAD:0.02345215% BID:0.4264 ASK:0.4265 MID:0.42645 P1:0.42645 P2:0.4264 P3:0.42635 P4:0.42625 STATE:IDLE
[2026-05-11 18:21:37Z] CHK MOM:0.03% RANGE:0.05% UP:62.5% SPREAD:0.02345215% BID:0.4264 ASK:0.4265 MID:0.42645 P1:0.42645 P2:0.4264 P3:0.42635 P4:0.42625 STATE:IDLE
[2026-05-11 18:21:37Z] CHK MOM:0.03% RANGE:0.05% UP:62.5% SPREAD:0.02345215% BID:0.4264 ASK:0.4265 MID:0.42645 P1:0.42645 P2:0.4264 P3:0.42635 P4:0.42625 STATE:IDLE
[2026-05-11 18:21:38Z] CHK MOM:0.03% RANGE:0.05% UP:62.5% SPREAD:0.02345215% BID:0.4264 ASK:0.4265 MID:0.42645 P1:0.42645 P2:0.4264 P3:0.42635 P4:0.42625 STATE:IDLE
[2026-05-11 18:21:38Z] CHK MOM:0.03% RANGE:0.05% UP:62.5% SPREAD:0.02345215% BID:0.4264 ASK:0.4265 MID:0.42645 P1:0.42645 P2:0.4264 P3:0.42635 P4:0.42625 STATE:IDLE
[2026-05-11 18:21:40Z] CHK MOM:0.03% RANGE:0.05% UP:66.66% SPREAD:0.04691531% BID:0.4263 ASK:0.4265 MID:0.4264 P1:0.4264 P2:0.42645 P3:0.4264 P4:0.42635 STATE:IDLE
[2026-05-11 18:21:40Z] CHK MOM:0.05% RANGE:0.05% UP:83.33% SPREAD:0.02345215% BID:0.4264 ASK:0.4265 MID:0.42645 P1:0.42645 P2:0.4264 P3:0.42645 P4:0.4264 STATE:IDLE
[2026-05-11 18:21:41Z] CHK MOM:0.05% RANGE:0.05% UP:83.33% SPREAD:0.02345215% BID:0.4264 ASK:0.4265 MID:0.42645 P1:0.42645 P2:0.4264 P3:0.42645 P4:0.4264 STATE:IDLE
[2026-05-11 18:21:41Z] CHK MOM:0.05% RANGE:0.05% UP:83.33% SPREAD:0.02345215% BID:0.4264 ASK:0.4265 MID:0.42645 P1:0.42645 P2:0.4264 P3:0.42645 P4:0.4264 STATE:IDLE
[2026-05-11 18:21:42Z] CHK MOM:0.05% RANGE:0.05% UP:83.33% SPREAD:0.02345215% BID:0.4264 ASK:0.4265 MID:0.42645 P1:0.42645 P2:0.4264 P3:0.42645 P4:0.4264 STATE:IDLE
[2026-05-11 18:21:42Z] CHK MOM:0.05% RANGE:0.05% UP:83.33% SPREAD:0.02345215% BID:0.4264 ASK:0.4265 MID:0.42645 P1:0.42645 P2:0.4264 P3:0.42645 P4:0.4264 STATE:IDLE
[2026-05-11 18:21:43Z] CHK MOM:0.05% RANGE:0.05% UP:83.33% SPREAD:0.02345215% BID:0.4264 ASK:0.4265 MID:0.42645 P1:0.42645 P2:0.4264 P3:0.42645 P4:0.4264 STATE:IDLE
[2026-05-11 18:21:43Z] CHK MOM:0.02% RANGE:0.02% UP:60% SPREAD:0.02345215% BID:0.4264 ASK:0.4265 MID:0.42645 P1:0.42645 P2:0.42645 P3:0.4264 P4:0.42645 STATE:IDLE
[2026-05-11 18:21:44Z] CHK MOM:0.03% RANGE:0.03% UP:66.66% SPREAD:0.04690431% BID:0.4264 ASK:0.4266 MID:0.4265 P1:0.4265 P2:0.42645 P3:0.42645 P4:0.4264 STATE:IDLE
[2026-05-11 18:21:44Z] CHK MOM:0.01% RANGE:0.02% UP:50% SPREAD:0.02345215% BID:0.4264 ASK:0.4265 MID:0.42645 P1:0.42645 P2:0.4265 P3:0.42645 P4:0.42645 STATE:IDLE
[2026-05-11 18:21:45Z] CHK MOM:0.01% RANGE:0.02% UP:50% SPREAD:0.02345215% BID:0.4264 ASK:0.4265 MID:0.42645 P1:0.42645 P2:0.4265 P3:0.42645 P4:0.42645 STATE:IDLE
[2026-05-11 18:21:46Z] CHK MOM:0.01% RANGE:0.02% UP:42.85% SPREAD:0.02345215% BID:0.4264 ASK:0.4265 MID:0.42645 P1:0.42645 P2:0.42645 P3:0.4265 P4:0.42645 STATE:IDLE
[2026-05-11 18:21:46Z] CHK MOM:0.01% RANGE:0.02% UP:42.85% SPREAD:0.02345215% BID:0.4264 ASK:0.4265 MID:0.42645 P1:0.42645 P2:0.42645 P3:0.4265 P4:0.42645 STATE:IDLE
[2026-05-11 18:21:47Z] CHK MOM:-0.01% RANGE:0.03% UP:37.5% SPREAD:0.02345765% BID:0.4263 ASK:0.4264 MID:0.42635 P1:0.42635 P2:0.42645 P3:0.42645 P4:0.4265 STATE:IDLE
[2026-05-11 18:21:47Z] CHK MOM:-0.01% RANGE:0.03% UP:37.5% SPREAD:0.02345765% BID:0.4263 ASK:0.4264 MID:0.42635 P1:0.42635 P2:0.42645 P3:0.42645 P4:0.4265 STATE:IDLE
[2026-05-11 18:21:48Z] CHK MOM:-0.01% RANGE:0.03% UP:37.5% SPREAD:0.02345765% BID:0.4263 ASK:0.4264 MID:0.42635 P1:0.42635 P2:0.42645 P3:0.42645 P4:0.4265 STATE:IDLE
[2026-05-11 18:21:48Z] CHK MOM:0% RANGE:0.03% UP:42.85% SPREAD:0.04691531% BID:0.4263 ASK:0.4265 MID:0.4264 P1:0.4264 P2:0.42635 P3:0.42645 P4:0.42645 STATE:IDLE
[2026-05-11 18:21:49Z] CHK MOM:-0.01% RANGE:0.03% UP:37.5% SPREAD:0.02345765% BID:0.4263 ASK:0.4264 MID:0.42635 P1:0.42635 P2:0.4264 P3:0.42635 P4:0.42645 STATE:IDLE
[2026-05-11 18:21:49Z] CHK MOM:-0.01% RANGE:0.03% UP:37.5% SPREAD:0.02345765% BID:0.4263 ASK:0.4264 MID:0.42635 P1:0.42635 P2:0.4264 P3:0.42635 P4:0.42645 STATE:IDLE
[2026-05-11 18:21:50Z] CHK MOM:-0.01% RANGE:0.03% UP:37.5% SPREAD:0.02345765% BID:0.4263 ASK:0.4264 MID:0.42635 P1:0.42635 P2:0.4264 P3:0.42635 P4:0.42645 STATE:IDLE
[2026-05-11 18:21:51Z] CHK MOM:0% RANGE:0.03% UP:44.44% SPREAD:0.04691531% BID:0.4263 ASK:0.4265 MID:0.4264 P1:0.4264 P2:0.42635 P3:0.4264 P4:0.42635 STATE:IDLE
[2026-05-11 18:21:51Z] CHK MOM:0% RANGE:0.03% UP:44.44% SPREAD:0.04691531% BID:0.4263 ASK:0.4265 MID:0.4264 P1:0.4264 P2:0.42635 P3:0.4264 P4:0.42635 STATE:IDLE
[2026-05-11 18:21:52Z] CHK MOM:0% RANGE:0.03% UP:44.44% SPREAD:0.02345215% BID:0.4264 ASK:0.4265 MID:0.42645 P1:0.42645 P2:0.4264 P3:0.42635 P4:0.4264 STATE:IDLE
[2026-05-11 18:21:52Z] CHK MOM:0% RANGE:0.03% UP:44.44% SPREAD:0.02345215% BID:0.4264 ASK:0.4265 MID:0.42645 P1:0.42645 P2:0.4264 P3:0.42635 P4:0.4264 STATE:IDLE
[2026-05-11 18:46:37Z] SESSION_START symbol=ONDOUSDC dry_run=0 profile=major strategy=momentum base_url=https://api.binance.com
[2026-05-11 18:46:37Z] TOXIC_MEMORY_LOADED count=4 symbols=GUNUSDC,JTOUSDC,ORDIUSDC,SAHARAUSDC
[2026-05-11 18:46:39Z] CHK MOM:0% RANGE:0% UP:0% SPREAD:0.02341372% BID:0.4271 ASK:0.4272 MID:0.42715 P1:0.42715 P2:NA P3:NA P4:NA STATE:IDLE
[2026-05-11 18:46:39Z] CHK MOM:0% RANGE:0% UP:0% SPREAD:0.02341372% BID:0.4271 ASK:0.4272 MID:0.42715 P1:0.42715 P2:NA P3:NA P4:NA STATE:IDLE
[2026-05-11 18:46:40Z] CHK MOM:0% RANGE:0% UP:0% SPREAD:0.02341372% BID:0.4271 ASK:0.4272 MID:0.42715 P1:0.42715 P2:NA P3:NA P4:NA STATE:IDLE
[2026-05-11 18:46:40Z] CHK MOM:-0.02% RANGE:0.02% UP:0% SPREAD:0.0234192% BID:0.427 ASK:0.4271 MID:0.42705 P1:0.42705 P2:0.42715 P3:NA P4:NA STATE:IDLE
[2026-05-11 18:46:41Z] CHK MOM:-0.02% RANGE:0.02% UP:0% SPREAD:0.0234192% BID:0.427 ASK:0.4271 MID:0.42705 P1:0.42705 P2:0.42705 P3:0.42715 P4:NA STATE:IDLE
[2026-05-11 18:46:41Z] CHK MOM:-0.01% RANGE:0.02% UP:33.33% SPREAD:0.0468384% BID:0.427 ASK:0.4272 MID:0.4271 P1:0.4271 P2:0.42705 P3:0.42705 P4:0.42715 STATE:IDLE
[2026-05-11 18:46:42Z] CHK MOM:0% RANGE:0.02% UP:50% SPREAD:0.02341372% BID:0.4271 ASK:0.4272 MID:0.42715 P1:0.42715 P2:0.4271 P3:0.42705 P4:0.42705 STATE:IDLE
[2026-05-11 18:46:42Z] CHK MOM:0% RANGE:0.02% UP:40% SPREAD:0.02341372% BID:0.4271 ASK:0.4272 MID:0.42715 P1:0.42715 P2:0.42715 P3:0.4271 P4:0.42705 STATE:IDLE
[2026-05-11 18:46:43Z] CHK MOM:0% RANGE:0.02% UP:40% SPREAD:0.02341372% BID:0.4271 ASK:0.4272 MID:0.42715 P1:0.42715 P2:0.42715 P3:0.4271 P4:0.42705 STATE:IDLE
[2026-05-11 18:46:44Z] CHK MOM:-0.01% RANGE:0.02% UP:33.33% SPREAD:0.0468384% BID:0.427 ASK:0.4272 MID:0.4271 P1:0.4271 P2:0.42715 P3:0.42715 P4:0.4271 STATE:IDLE
[2026-05-11 18:46:44Z] CHK MOM:0% RANGE:0.02% UP:42.85% SPREAD:0.02341372% BID:0.4271 ASK:0.4272 MID:0.42715 P1:0.42715 P2:0.4271 P3:0.42715 P4:0.42715 STATE:IDLE
[2026-05-11 18:46:45Z] CHK MOM:0% RANGE:0.02% UP:42.85% SPREAD:0.02341372% BID:0.4271 ASK:0.4272 MID:0.42715 P1:0.42715 P2:0.4271 P3:0.42715 P4:0.42715 STATE:IDLE
[2026-05-11 18:46:45Z] CHK MOM:0% RANGE:0.02% UP:42.85% SPREAD:0.02341372% BID:0.4271 ASK:0.4272 MID:0.42715 P1:0.42715 P2:0.4271 P3:0.42715 P4:0.42715 STATE:IDLE
[2026-05-11 18:46:46Z] CHK MOM:0% RANGE:0.02% UP:42.85% SPREAD:0.02341372% BID:0.4271 ASK:0.4272 MID:0.42715 P1:0.42715 P2:0.4271 P3:0.42715 P4:0.42715 STATE:IDLE
[2026-05-11 18:46:46Z] CHK MOM:0.01% RANGE:0.03% UP:50% SPREAD:0.04682744% BID:0.4271 ASK:0.4273 MID:0.4272 P1:0.4272 P2:0.42715 P3:0.4271 P4:0.42715 STATE:IDLE
[2026-05-11 18:46:47Z] CHK MOM:0.02% RANGE:0.04% UP:55.55% SPREAD:0.02340823% BID:0.4272 ASK:0.4273 MID:0.42725 P1:0.42725 P2:0.4272 P3:0.42715 P4:0.4271 STATE:IDLE
[2026-05-11 18:46:47Z] CHK MOM:0.02% RANGE:0.04% UP:50% SPREAD:0.02340823% BID:0.4272 ASK:0.4273 MID:0.42725 P1:0.42725 P2:0.42725 P3:0.4272 P4:0.42715 STATE:IDLE
[2026-05-11 18:46:48Z] CHK MOM:-0.02% RANGE:0.04% UP:45.45% SPREAD:0.0234192% BID:0.427 ASK:0.4271 MID:0.42705 P1:0.42705 P2:0.42725 P3:0.42725 P4:0.4272 STATE:IDLE
[2026-05-11 18:46:48Z] CHK MOM:-0.02% RANGE:0.04% UP:41.66% SPREAD:0.0234192% BID:0.427 ASK:0.4271 MID:0.42705 P1:0.42705 P2:0.42705 P3:0.42725 P4:0.42725 STATE:IDLE
[2026-05-11 18:46:50Z] CHK MOM:-0.02% RANGE:0.04% UP:38.46% SPREAD:0.0234192% BID:0.427 ASK:0.4271 MID:0.42705 P1:0.42705 P2:0.42705 P3:0.42705 P4:0.42725 STATE:IDLE
[2026-05-11 18:46:50Z] CHK MOM:0% RANGE:0.04% UP:38.46% SPREAD:0.0234192% BID:0.427 ASK:0.4271 MID:0.42705 P1:0.42705 P2:0.42705 P3:0.42705 P4:0.42705 STATE:IDLE
[2026-05-11 18:46:51Z] CHK MOM:0% RANGE:0.04% UP:38.46% SPREAD:0.0234192% BID:0.427 ASK:0.4271 MID:0.42705 P1:0.42705 P2:0.42705 P3:0.42705 P4:0.42705 STATE:IDLE
[2026-05-11 18:46:51Z] CHK MOM:-0.01% RANGE:0.05% UP:35.71% SPREAD:0.04684937% BID:0.4269 ASK:0.4271 MID:0.427 P1:0.427 P2:0.42705 P3:0.42705 P4:0.42705 STATE:IDLE
[2026-05-11 18:46:52Z] CHK MOM:-0.02% RANGE:0.07% UP:33.33% SPREAD:0.02342468% BID:0.4269 ASK:0.427 MID:0.42695 P1:0.42695 P2:0.427 P3:0.42705 P4:0.42705 STATE:IDLE
[2026-05-11 18:46:52Z] CHK MOM:-0.02% RANGE:0.07% UP:33.33% SPREAD:0.02342468% BID:0.4269 ASK:0.427 MID:0.42695 P1:0.42695 P2:0.427 P3:0.42705 P4:0.42705 STATE:IDLE
[2026-05-11 18:46:53Z] CHK MOM:-0.02% RANGE:0.07% UP:33.33% SPREAD:0.02342468% BID:0.4269 ASK:0.427 MID:0.42695 P1:0.42695 P2:0.427 P3:0.42705 P4:0.42705 STATE:IDLE
[2026-05-11 18:46:53Z] CHK MOM:-0.02% RANGE:0.07% UP:33.33% SPREAD:0.02342468% BID:0.4269 ASK:0.427 MID:0.42695 P1:0.42695 P2:0.427 P3:0.42705 P4:0.42705 STATE:IDLE
[2026-05-11 18:46:54Z] CHK MOM:-0.02% RANGE:0.07% UP:33.33% SPREAD:0.02342468% BID:0.4269 ASK:0.427 MID:0.42695 P1:0.42695 P2:0.427 P3:0.42705 P4:0.42705 STATE:IDLE
[2026-05-11 18:46:55Z] CHK MOM:-0.02% RANGE:0.07% UP:33.33% SPREAD:0.02342468% BID:0.4269 ASK:0.427 MID:0.42695 P1:0.42695 P2:0.427 P3:0.42705 P4:0.42705 STATE:IDLE
[2026-05-11 18:46:56Z] CHK MOM:-0.07% RANGE:0.08% UP:11.11% SPREAD:0.04686035% BID:0.4268 ASK:0.427 MID:0.4269 P1:0.4269 P2:0.42695 P3:0.427 P4:0.42705 STATE:IDLE
[2026-05-11 18:46:56Z] CHK MOM:-0.03% RANGE:0.08% UP:20% SPREAD:0.0234192% BID:0.427 ASK:0.4271 MID:0.42705 P1:0.42705 P2:0.4269 P3:0.42695 P4:0.427 STATE:IDLE
[2026-05-11 18:46:57Z] CHK MOM:-0.04% RANGE:0.08% UP:18.18% SPREAD:0.04684937% BID:0.4269 ASK:0.4271 MID:0.427 P1:0.427 P2:0.42705 P3:0.4269 P4:0.42695 STATE:IDLE
[2026-05-11 18:46:57Z] CHK MOM:-0.05% RANGE:0.08% UP:16.66% SPREAD:0.02342468% BID:0.4269 ASK:0.427 MID:0.42695 P1:0.42695 P2:0.427 P3:0.42705 P4:0.4269 STATE:IDLE
[2026-05-11 18:46:58Z] CHK MOM:-0.05% RANGE:0.08% UP:16.66% SPREAD:0.02342468% BID:0.4269 ASK:0.427 MID:0.42695 P1:0.42695 P2:0.427 P3:0.42705 P4:0.4269 STATE:IDLE
[2026-05-11 18:46:58Z] CHK MOM:-0.05% RANGE:0.08% UP:15.38% SPREAD:0.02342468% BID:0.4269 ASK:0.427 MID:0.42695 P1:0.42695 P2:0.42695 P3:0.427 P4:0.42705 STATE:IDLE
[2026-05-11 18:46:59Z] CHK MOM:-0.09% RANGE:0.09% UP:7.69% SPREAD:0.02343017% BID:0.4268 ASK:0.4269 MID:0.42685 P1:0.42685 P2:0.42695 P3:0.42695 P4:0.427 STATE:IDLE
[2026-05-11 18:46:59Z] CHK MOM:-0.09% RANGE:0.09% UP:7.69% SPREAD:0.02343017% BID:0.4268 ASK:0.4269 MID:0.42685 P1:0.42685 P2:0.42695 P3:0.42695 P4:0.427 STATE:IDLE
[2026-05-11 18:47:00Z] CHK MOM:-0.03% RANGE:0.04% UP:16.66% SPREAD:0.04686035% BID:0.4268 ASK:0.427 MID:0.4269 P1:0.4269 P2:0.42685 P3:0.42695 P4:0.42695 STATE:IDLE
[2026-05-11 18:47:00Z] CHK MOM:-0.02% RANGE:0.04% UP:27.27% SPREAD:0.02342468% BID:0.4269 ASK:0.427 MID:0.42695 P1:0.42695 P2:0.4269 P3:0.42685 P4:0.42695 STATE:IDLE
[2026-05-11 18:47:01Z] CHK MOM:-0.02% RANGE:0.04% UP:27.27% SPREAD:0.02342468% BID:0.4269 ASK:0.427 MID:0.42695 P1:0.42695 P2:0.42695 P3:0.4269 P4:0.42685 STATE:IDLE
[2026-05-11 18:47:01Z] CHK MOM:-0.02% RANGE:0.04% UP:25% SPREAD:0.02342468% BID:0.4269 ASK:0.427 MID:0.42695 P1:0.42695 P2:0.42695 P3:0.42695 P4:0.4269 STATE:IDLE
[2026-05-11 18:47:02Z] CHK MOM:-0.01% RANGE:0.04% UP:25% SPREAD:0.02342468% BID:0.4269 ASK:0.427 MID:0.42695 P1:0.42695 P2:0.42695 P3:0.42695 P4:0.42695 STATE:IDLE
[2026-05-11 18:47:02Z] CHK MOM:-0.01% RANGE:0.04% UP:23.07% SPREAD:0.02342468% BID:0.4269 ASK:0.427 MID:0.42695 P1:0.42695 P2:0.42695 P3:0.42695 P4:0.42695 STATE:IDLE
[2026-05-11 18:47:03Z] CHK MOM:-0.01% RANGE:0.04% UP:23.07% SPREAD:0.02342468% BID:0.4269 ASK:0.427 MID:0.42695 P1:0.42695 P2:0.42695 P3:0.42695 P4:0.42695 STATE:IDLE
[2026-05-11 18:47:03Z] CHK MOM:-0.01% RANGE:0.04% UP:23.07% SPREAD:0.02342468% BID:0.4269 ASK:0.427 MID:0.42695 P1:0.42695 P2:0.42695 P3:0.42695 P4:0.42695 STATE:IDLE
[2026-05-11 18:47:04Z] CHK MOM:-0.01% RANGE:0.04% UP:23.07% SPREAD:0.02342468% BID:0.4269 ASK:0.427 MID:0.42695 P1:0.42695 P2:0.42695 P3:0.42695 P4:0.42695 STATE:IDLE
[2026-05-11 18:47:04Z] CHK MOM:0.02% RANGE:0.04% UP:33.33% SPREAD:0.04684937% BID:0.4269 ASK:0.4271 MID:0.427 P1:0.427 P2:0.42695 P3:0.42695 P4:0.42695 STATE:IDLE
[2026-05-11 18:47:05Z] CHK MOM:0.01% RANGE:0.04% UP:30.76% SPREAD:0.02342468% BID:0.4269 ASK:0.427 MID:0.42695 P1:0.42695 P2:0.427 P3:0.42695 P4:0.42695 STATE:IDLE
[2026-05-11 18:47:06Z] CHK MOM:0.01% RANGE:0.04% UP:28.57% SPREAD:0.02342468% BID:0.4269 ASK:0.427 MID:0.42695 P1:0.42695 P2:0.42695 P3:0.427 P4:0.42695 STATE:IDLE
[2026-05-11 18:47:06Z] CHK MOM:-0.01% RANGE:0.04% UP:26.66% SPREAD:0.02343017% BID:0.4268 ASK:0.4269 MID:0.42685 P1:0.42685 P2:0.42695 P3:0.42695 P4:0.427 STATE:IDLE
[2026-05-11 18:47:07Z] CHK MOM:0% RANGE:0.04% UP:31.25% SPREAD:0.04686035% BID:0.4268 ASK:0.427 MID:0.4269 P1:0.4269 P2:0.42685 P3:0.42695 P4:0.42695 STATE:IDLE
[2026-05-11 18:47:07Z] CHK MOM:0% RANGE:0.04% UP:31.25% SPREAD:0.04686035% BID:0.4268 ASK:0.427 MID:0.4269 P1:0.4269 P2:0.42685 P3:0.42695 P4:0.42695 STATE:IDLE
[2026-05-11 18:47:08Z] CHK MOM:-0.02% RANGE:0.04% UP:31.25% SPREAD:0.02342468% BID:0.4269 ASK:0.427 MID:0.42695 P1:0.42695 P2:0.4269 P3:0.42685 P4:0.42695 STATE:IDLE
[2026-05-11 18:47:08Z] CHK MOM:-0.02% RANGE:0.04% UP:31.25% SPREAD:0.02342468% BID:0.4269 ASK:0.427 MID:0.42695 P1:0.42695 P2:0.4269 P3:0.42685 P4:0.42695 STATE:IDLE
[2026-05-11 18:47:09Z] CHK MOM:0% RANGE:0.03% UP:33.33% SPREAD:0.02342468% BID:0.4269 ASK:0.427 MID:0.42695 P1:0.42695 P2:0.42695 P3:0.4269 P4:0.42685 STATE:IDLE
[2026-05-11 18:47:09Z] CHK MOM:0% RANGE:0.03% UP:33.33% SPREAD:0.02342468% BID:0.4269 ASK:0.427 MID:0.42695 P1:0.42695 P2:0.42695 P3:0.42695 P4:0.4269 STATE:IDLE
[2026-05-11 18:47:10Z] CHK MOM:0% RANGE:0.03% UP:33.33% SPREAD:0.02342468% BID:0.4269 ASK:0.427 MID:0.42695 P1:0.42695 P2:0.42695 P3:0.42695 P4:0.4269 STATE:IDLE
[2026-05-11 18:47:11Z] CHK MOM:0% RANGE:0.03% UP:33.33% SPREAD:0.02342468% BID:0.4269 ASK:0.427 MID:0.42695 P1:0.42695 P2:0.42695 P3:0.42695 P4:0.4269 STATE:IDLE
[2026-05-11 18:47:11Z] CHK MOM:0.01% RANGE:0.03% UP:28.57% SPREAD:0.02342468% BID:0.4269 ASK:0.427 MID:0.42695 P1:0.42695 P2:0.42695 P3:0.42695 P4:0.42695 STATE:IDLE
[2026-05-11 18:47:12Z] CHK MOM:0.01% RANGE:0.03% UP:28.57% SPREAD:0.02342468% BID:0.4269 ASK:0.427 MID:0.42695 P1:0.42695 P2:0.42695 P3:0.42695 P4:0.42695 STATE:IDLE
[2026-05-11 18:47:12Z] CHK MOM:0% RANGE:0.03% UP:21.42% SPREAD:0.02342468% BID:0.4269 ASK:0.427 MID:0.42695 P1:0.42695 P2:0.42695 P3:0.42695 P4:0.42695 STATE:IDLE
[2026-05-11 18:47:13Z] CHK MOM:0% RANGE:0.03% UP:21.42% SPREAD:0.02342468% BID:0.4269 ASK:0.427 MID:0.42695 P1:0.42695 P2:0.42695 P3:0.42695 P4:0.42695 STATE:IDLE
[2026-05-11 18:47:13Z] CHK MOM:-0.02% RANGE:0.03% UP:23.07% SPREAD:0.02343017% BID:0.4268 ASK:0.4269 MID:0.42685 P1:0.42685 P2:0.42695 P3:0.42695 P4:0.42695 STATE:IDLE
[2026-05-11 18:47:14Z] CHK MOM:-0.02% RANGE:0.03% UP:23.07% SPREAD:0.02343017% BID:0.4268 ASK:0.4269 MID:0.42685 P1:0.42685 P2:0.42695 P3:0.42695 P4:0.42695 STATE:IDLE
[2026-05-11 18:47:14Z] CHK MOM:-0.02% RANGE:0.03% UP:23.07% SPREAD:0.02343017% BID:0.4268 ASK:0.4269 MID:0.42685 P1:0.42685 P2:0.42695 P3:0.42695 P4:0.42695 STATE:IDLE
[2026-05-11 18:47:15Z] CHK MOM:-0.02% RANGE:0.03% UP:23.07% SPREAD:0.02343017% BID:0.4268 ASK:0.4269 MID:0.42685 P1:0.42685 P2:0.42695 P3:0.42695 P4:0.42695 STATE:IDLE
[2026-05-11 18:47:15Z] CHK MOM:-0.05% RANGE:0.05% UP:18.18% SPREAD:0.02343566% BID:0.4267 ASK:0.4268 MID:0.42675 P1:0.42675 P2:0.42685 P3:0.42695 P4:0.42695 STATE:IDLE
[2026-05-11 18:47:16Z] CHK MOM:-0.02% RANGE:0.05% UP:25% SPREAD:0.04686035% BID:0.4268 ASK:0.427 MID:0.4269 P1:0.4269 P2:0.42675 P3:0.42685 P4:0.42695 STATE:IDLE
[2026-05-11 18:47:17Z] CHK MOM:-0.03% RANGE:0.05% UP:23.07% SPREAD:0.02343017% BID:0.4268 ASK:0.4269 MID:0.42685 P1:0.42685 P2:0.4269 P3:0.42675 P4:0.42685 STATE:IDLE
[2026-05-11 18:47:17Z] CHK MOM:-0.03% RANGE:0.05% UP:23.07% SPREAD:0.02343017% BID:0.4268 ASK:0.4269 MID:0.42685 P1:0.42685 P2:0.4269 P3:0.42675 P4:0.42685 STATE:IDLE
[2026-05-11 18:47:18Z] CHK MOM:0% RANGE:0.04% UP:27.27% SPREAD:0.02343017% BID:0.4268 ASK:0.4269 MID:0.42685 P1:0.42685 P2:0.42685 P3:0.4269 P4:0.42675 STATE:IDLE
[2026-05-11 18:47:18Z] CHK MOM:0% RANGE:0.04% UP:27.27% SPREAD:0.02343017% BID:0.4268 ASK:0.4269 MID:0.42685 P1:0.42685 P2:0.42685 P3:0.4269 P4:0.42675 STATE:IDLE
[2026-05-11 18:47:19Z] CHK MOM:-0.02% RANGE:0.04% UP:10% SPREAD:0.02343017% BID:0.4268 ASK:0.4269 MID:0.42685 P1:0.42685 P2:0.42685 P3:0.42685 P4:0.4269 STATE:IDLE
[2026-05-11 18:47:19Z] CHK MOM:-0.02% RANGE:0.04% UP:10% SPREAD:0.02343017% BID:0.4268 ASK:0.4269 MID:0.42685 P1:0.42685 P2:0.42685 P3:0.42685 P4:0.4269 STATE:IDLE
[2026-05-11 18:47:20Z] CHK MOM:-0.02% RANGE:0.04% UP:10% SPREAD:0.02343017% BID:0.4268 ASK:0.4269 MID:0.42685 P1:0.42685 P2:0.42685 P3:0.42685 P4:0.4269 STATE:IDLE
[2026-05-11 18:47:20Z] CHK MOM:-0.02% RANGE:0.04% UP:10% SPREAD:0.02343017% BID:0.4268 ASK:0.4269 MID:0.42685 P1:0.42685 P2:0.42685 P3:0.42685 P4:0.4269 STATE:IDLE
[2026-05-11 18:47:21Z] CHK MOM:-0.02% RANGE:0.04% UP:10% SPREAD:0.02343017% BID:0.4268 ASK:0.4269 MID:0.42685 P1:0.42685 P2:0.42685 P3:0.42685 P4:0.4269 STATE:IDLE
[2026-05-11 18:47:22Z] CHK MOM:-0.02% RANGE:0.04% UP:10% SPREAD:0.02343017% BID:0.4268 ASK:0.4269 MID:0.42685 P1:0.42685 P2:0.42685 P3:0.42685 P4:0.4269 STATE:IDLE
[2026-05-11 18:47:23Z] CHK MOM:-0.03% RANGE:0.04% UP:12.5% SPREAD:0.04687133% BID:0.4267 ASK:0.4269 MID:0.4268 P1:0.4268 P2:0.42685 P3:0.42685 P4:0.42685 STATE:IDLE
[2026-05-11 18:47:23Z] CHK MOM:-0.02% RANGE:0.04% UP:25% SPREAD:0.02343017% BID:0.4268 ASK:0.4269 MID:0.42685 P1:0.42685 P2:0.4268 P3:0.42685 P4:0.42685 STATE:IDLE
[2026-05-11 18:47:24Z] CHK MOM:-0.02% RANGE:0.04% UP:25% SPREAD:0.02343017% BID:0.4268 ASK:0.4269 MID:0.42685 P1:0.42685 P2:0.4268 P3:0.42685 P4:0.42685 STATE:IDLE
[2026-05-11 18:47:24Z] CHK MOM:-0.02% RANGE:0.04% UP:22.22% SPREAD:0.02343017% BID:0.4268 ASK:0.4269 MID:0.42685 P1:0.42685 P2:0.42685 P3:0.4268 P4:0.42685 STATE:IDLE
[2026-05-11 18:47:25Z] CHK MOM:-0.02% RANGE:0.04% UP:22.22% SPREAD:0.02343017% BID:0.4268 ASK:0.4269 MID:0.42685 P1:0.42685 P2:0.42685 P3:0.4268 P4:0.42685 STATE:IDLE
[2026-05-11 18:47:25Z] CHK MOM:0.01% RANGE:0.03% UP:25% SPREAD:0.04687133% BID:0.4267 ASK:0.4269 MID:0.4268 P1:0.4268 P2:0.42685 P3:0.42685 P4:0.4268 STATE:IDLE
[2026-05-11 18:47:26Z] CHK MOM:0.02% RANGE:0.03% UP:33.33% SPREAD:0.02343017% BID:0.4268 ASK:0.4269 MID:0.42685 P1:0.42685 P2:0.4268 P3:0.42685 P4:0.42685 STATE:IDLE
[2026-05-11 18:47:26Z] CHK MOM:0.02% RANGE:0.03% UP:30% SPREAD:0.02343017% BID:0.4268 ASK:0.4269 MID:0.42685 P1:0.42685 P2:0.42685 P3:0.4268 P4:0.42685 STATE:IDLE
[2026-05-11 18:47:27Z] CHK MOM:0.02% RANGE:0.03% UP:27.27% SPREAD:0.02343017% BID:0.4268 ASK:0.4269 MID:0.42685 P1:0.42685 P2:0.42685 P3:0.42685 P4:0.4268 STATE:IDLE
[2026-05-11 18:47:28Z] CHK MOM:0.02% RANGE:0.03% UP:27.27% SPREAD:0.02343017% BID:0.4268 ASK:0.4269 MID:0.42685 P1:0.42685 P2:0.42685 P3:0.42685 P4:0.4268 STATE:IDLE
[2026-05-11 18:47:28Z] CHK MOM:0.02% RANGE:0.03% UP:27.27% SPREAD:0.02343017% BID:0.4268 ASK:0.4269 MID:0.42685 P1:0.42685 P2:0.42685 P3:0.42685 P4:0.4268 STATE:IDLE
[2026-05-11 18:47:29Z] CHK MOM:0.02% RANGE:0.03% UP:27.27% SPREAD:0.02343017% BID:0.4268 ASK:0.4269 MID:0.42685 P1:0.42685 P2:0.42685 P3:0.42685 P4:0.4268 STATE:IDLE
[2026-05-11 18:47:29Z] CHK MOM:0.02% RANGE:0.03% UP:27.27% SPREAD:0.02343017% BID:0.4268 ASK:0.4269 MID:0.42685 P1:0.42685 P2:0.42685 P3:0.42685 P4:0.4268 STATE:IDLE
[2026-05-11 18:47:30Z] CHK MOM:0% RANGE:0.01% UP:25% SPREAD:0.02343017% BID:0.4268 ASK:0.4269 MID:0.42685 P1:0.42685 P2:0.42685 P3:0.42685 P4:0.42685 STATE:IDLE
[2026-05-11 18:47:31Z] CHK MOM:0% RANGE:0.01% UP:22.22% SPREAD:0.02343017% BID:0.4268 ASK:0.4269 MID:0.42685 P1:0.42685 P2:0.42685 P3:0.42685 P4:0.42685 STATE:IDLE
[2026-05-11 18:47:31Z] CHK MOM:-0.01% RANGE:0.02% UP:22.22% SPREAD:0.02343566% BID:0.4267 ASK:0.4268 MID:0.42675 P1:0.42675 P2:0.42685 P3:0.42685 P4:0.42685 STATE:IDLE
[2026-05-11 18:47:33Z] CHK MOM:-0.01% RANGE:0.02% UP:22.22% SPREAD:0.02343566% BID:0.4267 ASK:0.4268 MID:0.42675 P1:0.42675 P2:0.42685 P3:0.42685 P4:0.42685 STATE:IDLE
[2026-05-11 18:47:33Z] CHK MOM:0.01% RANGE:0.02% UP:30% SPREAD:0.02343017% BID:0.4268 ASK:0.4269 MID:0.42685 P1:0.42685 P2:0.42675 P3:0.42685 P4:0.42685 STATE:IDLE
[2026-05-11 18:47:34Z] CHK MOM:0.01% RANGE:0.02% UP:30% SPREAD:0.02343017% BID:0.4268 ASK:0.4269 MID:0.42685 P1:0.42685 P2:0.42675 P3:0.42685 P4:0.42685 STATE:IDLE
[2026-05-11 18:47:34Z] CHK MOM:0.01% RANGE:0.02% UP:30% SPREAD:0.02343017% BID:0.4268 ASK:0.4269 MID:0.42685 P1:0.42685 P2:0.42675 P3:0.42685 P4:0.42685 STATE:IDLE
[2026-05-11 18:47:35Z] CHK MOM:0% RANGE:0.02% UP:20% SPREAD:0.02343017% BID:0.4268 ASK:0.4269 MID:0.42685 P1:0.42685 P2:0.42685 P3:0.42675 P4:0.42685 STATE:IDLE
[2026-05-11 18:47:35Z] CHK MOM:-0.01% RANGE:0.02% UP:20% SPREAD:0.04687133% BID:0.4267 ASK:0.4269 MID:0.4268 P1:0.4268 P2:0.42685 P3:0.42685 P4:0.42675 STATE:IDLE
[2026-05-11 18:47:36Z] CHK MOM:0% RANGE:0.02% UP:27.27% SPREAD:0.02343017% BID:0.4268 ASK:0.4269 MID:0.42685 P1:0.42685 P2:0.4268 P3:0.42685 P4:0.42685 STATE:IDLE
[2026-05-11 18:47:36Z] CHK MOM:0% RANGE:0.02% UP:27.27% SPREAD:0.02343017% BID:0.4268 ASK:0.4269 MID:0.42685 P1:0.42685 P2:0.4268 P3:0.42685 P4:0.42685 STATE:IDLE
[2026-05-11 18:47:37Z] CHK MOM:0% RANGE:0.02% UP:27.27% SPREAD:0.04687133% BID:0.4267 ASK:0.4269 MID:0.4268 P1:0.4268 P2:0.42685 P3:0.4268 P4:0.42685 STATE:IDLE
[2026-05-11 18:47:38Z] CHK MOM:-0.01% RANGE:0.02% UP:25% SPREAD:0.02343566% BID:0.4267 ASK:0.4268 MID:0.42675 P1:0.42675 P2:0.4268 P3:0.42685 P4:0.4268 STATE:IDLE
[2026-05-11 18:47:38Z] CHK MOM:0% RANGE:0.02% UP:25% SPREAD:0.02343017% BID:0.4268 ASK:0.4269 MID:0.42685 P1:0.42685 P2:0.42675 P3:0.4268 P4:0.42685 STATE:IDLE
[2026-05-11 18:47:39Z] CHK MOM:0% RANGE:0.02% UP:25% SPREAD:0.02343017% BID:0.4268 ASK:0.4269 MID:0.42685 P1:0.42685 P2:0.42675 P3:0.4268 P4:0.42685 STATE:IDLE
[2026-05-11 18:47:39Z] CHK MOM:0% RANGE:0.02% UP:25% SPREAD:0.02343017% BID:0.4268 ASK:0.4269 MID:0.42685 P1:0.42685 P2:0.42675 P3:0.4268 P4:0.42685 STATE:IDLE
[2026-05-11 18:47:40Z] CHK MOM:0% RANGE:0.02% UP:25% SPREAD:0.02343017% BID:0.4268 ASK:0.4269 MID:0.42685 P1:0.42685 P2:0.42675 P3:0.4268 P4:0.42685 STATE:IDLE
[2026-05-11 18:47:40Z] CHK MOM:0% RANGE:0.02% UP:30% SPREAD:0.02343017% BID:0.4268 ASK:0.4269 MID:0.42685 P1:0.42685 P2:0.42685 P3:0.42675 P4:0.4268 STATE:IDLE
[2026-05-11 18:47:41Z] CHK MOM:0% RANGE:0.02% UP:30% SPREAD:0.02343017% BID:0.4268 ASK:0.4269 MID:0.42685 P1:0.42685 P2:0.42685 P3:0.42675 P4:0.4268 STATE:IDLE
[2026-05-11 18:47:41Z] CHK MOM:0% RANGE:0.02% UP:30% SPREAD:0.02343017% BID:0.4268 ASK:0.4269 MID:0.42685 P1:0.42685 P2:0.42685 P3:0.42675 P4:0.4268 STATE:IDLE
[2026-05-11 18:47:42Z] CHK MOM:0% RANGE:0.02% UP:30% SPREAD:0.02343017% BID:0.4268 ASK:0.4269 MID:0.42685 P1:0.42685 P2:0.42685 P3:0.42675 P4:0.4268 STATE:IDLE
[2026-05-11 18:47:42Z] CHK MOM:0% RANGE:0.02% UP:30% SPREAD:0.02343017% BID:0.4268 ASK:0.4269 MID:0.42685 P1:0.42685 P2:0.42685 P3:0.42675 P4:0.4268 STATE:IDLE
[2026-05-11 18:47:43Z] CHK MOM:0% RANGE:0.02% UP:33.33% SPREAD:0.02343566% BID:0.4267 ASK:0.4268 MID:0.42675 P1:0.42675 P2:0.42685 P3:0.42685 P4:0.42675 STATE:IDLE
[2026-05-11 18:47:44Z] CHK MOM:0% RANGE:0.02% UP:30% SPREAD:0.02343566% BID:0.4267 ASK:0.4268 MID:0.42675 P1:0.42675 P2:0.42675 P3:0.42685 P4:0.42685 STATE:IDLE
[2026-05-11 18:47:44Z] CHK MOM:0% RANGE:0.02% UP:30% SPREAD:0.02343566% BID:0.4267 ASK:0.4268 MID:0.42675 P1:0.42675 P2:0.42675 P3:0.42685 P4:0.42685 STATE:IDLE
[2026-05-11 18:47:45Z] CHK MOM:0% RANGE:0.02% UP:30% SPREAD:0.02343566% BID:0.4267 ASK:0.4268 MID:0.42675 P1:0.42675 P2:0.42675 P3:0.42685 P4:0.42685 STATE:IDLE
[2026-05-11 18:47:45Z] CHK MOM:-0.01% RANGE:0.02% UP:33.33% SPREAD:0.04687133% BID:0.4267 ASK:0.4269 MID:0.4268 P1:0.4268 P2:0.42675 P3:0.42675 P4:0.42685 STATE:IDLE
[2026-05-11 18:47:46Z] CHK MOM:0% RANGE:0.02% UP:40% SPREAD:0.02343017% BID:0.4268 ASK:0.4269 MID:0.42685 P1:0.42685 P2:0.4268 P3:0.42675 P4:0.42675 STATE:IDLE
[2026-05-11 18:47:46Z] CHK MOM:0% RANGE:0.02% UP:36.36% SPREAD:0.02343017% BID:0.4268 ASK:0.4269 MID:0.42685 P1:0.42685 P2:0.42685 P3:0.4268 P4:0.42675 STATE:IDLE
[2026-05-11 18:47:47Z] CHK MOM:0% RANGE:0.02% UP:36.36% SPREAD:0.02343017% BID:0.4268 ASK:0.4269 MID:0.42685 P1:0.42685 P2:0.42685 P3:0.4268 P4:0.42675 STATE:IDLE
[2026-05-11 18:47:47Z] CHK MOM:0% RANGE:0.02% UP:36.36% SPREAD:0.02343017% BID:0.4268 ASK:0.4269 MID:0.42685 P1:0.42685 P2:0.42685 P3:0.4268 P4:0.42675 STATE:IDLE
[2026-05-11 18:47:48Z] CHK MOM:0% RANGE:0.02% UP:36.36% SPREAD:0.02343017% BID:0.4268 ASK:0.4269 MID:0.42685 P1:0.42685 P2:0.42685 P3:0.4268 P4:0.42675 STATE:IDLE
[2026-05-11 18:47:49Z] CHK MOM:0.03% RANGE:0.04% UP:44.44% SPREAD:0.02342468% BID:0.4269 ASK:0.427 MID:0.42695 P1:0.42695 P2:0.42685 P3:0.42685 P4:0.4268 STATE:IDLE
[2026-05-11 18:47:49Z] CHK MOM:0.03% RANGE:0.04% UP:44.44% SPREAD:0.02342468% BID:0.4269 ASK:0.427 MID:0.42695 P1:0.42695 P2:0.42685 P3:0.42685 P4:0.4268 STATE:IDLE
[2026-05-11 18:47:50Z] CHK MOM:0.03% RANGE:0.05% UP:57.14% SPREAD:0.04684937% BID:0.4269 ASK:0.4271 MID:0.427 P1:0.427 P2:0.42695 P3:0.42685 P4:0.42685 STATE:IDLE
[2026-05-11 18:47:50Z] CHK MOM:0.02% RANGE:0.05% UP:50% SPREAD:0.02342468% BID:0.4269 ASK:0.427 MID:0.42695 P1:0.42695 P2:0.427 P3:0.42695 P4:0.42685 STATE:IDLE
[2026-05-11 18:47:51Z] CHK MOM:0.02% RANGE:0.05% UP:44.44% SPREAD:0.02342468% BID:0.4269 ASK:0.427 MID:0.42695 P1:0.42695 P2:0.42695 P3:0.427 P4:0.42695 STATE:IDLE
[2026-05-11 18:47:51Z] CHK MOM:0.02% RANGE:0.05% UP:44.44% SPREAD:0.02342468% BID:0.4269 ASK:0.427 MID:0.42695 P1:0.42695 P2:0.42695 P3:0.427 P4:0.42695 STATE:IDLE
[2026-05-11 18:47:52Z] CHK MOM:0.02% RANGE:0.05% UP:44.44% SPREAD:0.02342468% BID:0.4269 ASK:0.427 MID:0.42695 P1:0.42695 P2:0.42695 P3:0.427 P4:0.42695 STATE:IDLE
[2026-05-11 18:47:52Z] CHK MOM:0.04% RANGE:0.05% UP:44.44% SPREAD:0.02342468% BID:0.4269 ASK:0.427 MID:0.42695 P1:0.42695 P2:0.42695 P3:0.42695 P4:0.427 STATE:IDLE
[2026-05-11 18:47:53Z] CHK MOM:0.05% RANGE:0.05% UP:50% SPREAD:0.04684937% BID:0.4269 ASK:0.4271 MID:0.427 P1:0.427 P2:0.42695 P3:0.42695 P4:0.42695 STATE:IDLE
[2026-05-11 18:47:53Z] CHK MOM:0.05% RANGE:0.05% UP:45.45% SPREAD:0.04684937% BID:0.4269 ASK:0.4271 MID:0.427 P1:0.427 P2:0.427 P3:0.42695 P4:0.42695 STATE:IDLE
[2026-05-11 18:47:54Z] CHK MOM:0.05% RANGE:0.05% UP:45.45% SPREAD:0.04684937% BID:0.4269 ASK:0.4271 MID:0.427 P1:0.427 P2:0.427 P3:0.42695 P4:0.42695 STATE:IDLE
[2026-05-11 18:47:55Z] CHK MOM:0.05% RANGE:0.05% UP:45.45% SPREAD:0.04684937% BID:0.4269 ASK:0.4271 MID:0.427 P1:0.427 P2:0.427 P3:0.427 P4:0.42695 STATE:IDLE
[2026-05-11 18:47:55Z] CHK MOM:0.05% RANGE:0.05% UP:45.45% SPREAD:0.04684937% BID:0.4269 ASK:0.4271 MID:0.427 P1:0.427 P2:0.427 P3:0.427 P4:0.42695 STATE:IDLE
[2026-05-11 18:47:56Z] CHK MOM:0.03% RANGE:0.04% UP:36.36% SPREAD:0.02342468% BID:0.4269 ASK:0.427 MID:0.42695 P1:0.42695 P2:0.427 P3:0.427 P4:0.427 STATE:IDLE
[2026-05-11 18:47:56Z] CHK MOM:0.03% RANGE:0.04% UP:33.33% SPREAD:0.02342468% BID:0.4269 ASK:0.427 MID:0.42695 P1:0.42695 P2:0.42695 P3:0.427 P4:0.427 STATE:IDLE
[2026-05-11 18:47:57Z] CHK MOM:0.03% RANGE:0.04% UP:33.33% SPREAD:0.02342468% BID:0.4269 ASK:0.427 MID:0.42695 P1:0.42695 P2:0.42695 P3:0.427 P4:0.427 STATE:IDLE
[2026-05-11 18:47:57Z] CHK MOM:0.03% RANGE:0.03% UP:33.33% SPREAD:0.04684937% BID:0.4269 ASK:0.4271 MID:0.427 P1:0.427 P2:0.42695 P3:0.42695 P4:0.427 STATE:IDLE
[2026-05-11 18:47:58Z] CHK MOM:0.03% RANGE:0.03% UP:33.33% SPREAD:0.04684937% BID:0.4269 ASK:0.4271 MID:0.427 P1:0.427 P2:0.427 P3:0.42695 P4:0.42695 STATE:IDLE
[2026-05-11 18:47:58Z] CHK MOM:0.04% RANGE:0.04% UP:38.46% SPREAD:0.0234192% BID:0.427 ASK:0.4271 MID:0.42705 P1:0.42705 P2:0.427 P3:0.427 P4:0.42695 STATE:IDLE
[2026-05-11 18:47:59Z] CHK MOM:0.04% RANGE:0.04% UP:38.46% SPREAD:0.0234192% BID:0.427 ASK:0.4271 MID:0.42705 P1:0.42705 P2:0.427 P3:0.427 P4:0.42695 STATE:IDLE
[2026-05-11 18:48:00Z] CHK MOM:0.01% RANGE:0.02% UP:30.76% SPREAD:0.04684937% BID:0.4269 ASK:0.4271 MID:0.427 P1:0.427 P2:0.42705 P3:0.427 P4:0.427 STATE:IDLE
[2026-05-11 18:48:00Z] CHK MOM:0.02% RANGE:0.02% UP:35.71% SPREAD:0.0234192% BID:0.427 ASK:0.4271 MID:0.42705 P1:0.42705 P2:0.427 P3:0.42705 P4:0.427 STATE:IDLE
[2026-05-11 18:48:01Z] CHK MOM:0.03% RANGE:0.04% UP:35.71% SPREAD:0.02341372% BID:0.4271 ASK:0.4272 MID:0.42715 P1:0.42715 P2:0.42705 P3:0.427 P4:0.42705 STATE:IDLE
[2026-05-11 18:48:01Z] CHK MOM:0.05% RANGE:0.07% UP:40% SPREAD:0.02340823% BID:0.4272 ASK:0.4273 MID:0.42725 P1:0.42725 P2:0.42715 P3:0.42705 P4:0.427 STATE:IDLE
[2026-05-11 18:48:02Z] CHK MOM:0.08% RANGE:0.09% UP:43.75% SPREAD:0.02340276% BID:0.4273 ASK:0.4274 MID:0.42735 P1:0.42735 P2:0.42725 P3:0.42715 P4:0.42705 STATE:IDLE
[2026-05-11 18:48:02Z] CHK MOM:0.08% RANGE:0.09% UP:43.75% SPREAD:0.04681647% BID:0.4272 ASK:0.4274 MID:0.4273 P1:0.4273 P2:0.42735 P3:0.42725 P4:0.42715 STATE:IDLE
[2026-05-11 18:48:03Z] CHK MOM:0.08% RANGE:0.09% UP:46.66% SPREAD:0.04681647% BID:0.4272 ASK:0.4274 MID:0.4273 P1:0.4273 P2:0.4273 P3:0.42735 P4:0.42725 STATE:IDLE
[2026-05-11 18:48:03Z] CHK MOM:0.07% RANGE:0.09% UP:43.75% SPREAD:0.02340823% BID:0.4272 ASK:0.4273 MID:0.42725 P1:0.42725 P2:0.4273 P3:0.4273 P4:0.42735 STATE:IDLE
[2026-05-11 18:48:04Z] CHK MOM:0.09% RANGE:0.09% UP:47.05% SPREAD:0.02340276% BID:0.4273 ASK:0.4274 MID:0.42735 P1:0.42735 P2:0.42725 P3:0.4273 P4:0.4273 STATE:IDLE
[2026-05-11 18:48:04Z] CHK MOM:0.08% RANGE:0.09% UP:41.17% SPREAD:0.02340276% BID:0.4273 ASK:0.4274 MID:0.42735 P1:0.42735 P2:0.42735 P3:0.42725 P4:0.4273 STATE:IDLE
[2026-05-11 18:48:05Z] CHK MOM:0.08% RANGE:0.09% UP:41.17% SPREAD:0.02340276% BID:0.4273 ASK:0.4274 MID:0.42735 P1:0.42735 P2:0.42735 P3:0.42725 P4:0.4273 STATE:IDLE
[2026-05-11 18:48:06Z] CHK MOM:0.05% RANGE:0.09% UP:43.75% SPREAD:0.02340823% BID:0.4272 ASK:0.4273 MID:0.42725 P1:0.42725 P2:0.42735 P3:0.42735 P4:0.42725 STATE:IDLE
[2026-05-11 18:48:06Z] CHK MOM:0.05% RANGE:0.09% UP:43.75% SPREAD:0.02340823% BID:0.4272 ASK:0.4273 MID:0.42725 P1:0.42725 P2:0.42735 P3:0.42735 P4:0.42725 STATE:IDLE
[2026-05-11 18:48:07Z] CHK MOM:0.03% RANGE:0.09% UP:41.17% SPREAD:0.02341372% BID:0.4271 ASK:0.4272 MID:0.42715 P1:0.42715 P2:0.42725 P3:0.42735 P4:0.42735 STATE:IDLE
[2026-05-11 18:48:07Z] CHK MOM:0.05% RANGE:0.09% UP:47.05% SPREAD:0.04682744% BID:0.4271 ASK:0.4273 MID:0.4272 P1:0.4272 P2:0.42715 P3:0.42725 P4:0.42735 STATE:IDLE
[2026-05-11 18:48:08Z] CHK MOM:0.07% RANGE:0.09% UP:50% SPREAD:0.02340823% BID:0.4272 ASK:0.4273 MID:0.42725 P1:0.42725 P2:0.4272 P3:0.42715 P4:0.42725 STATE:IDLE
[2026-05-11 18:48:08Z] CHK MOM:0.05% RANGE:0.08% UP:47.05% SPREAD:0.02340823% BID:0.4272 ASK:0.4273 MID:0.42725 P1:0.42725 P2:0.42725 P3:0.4272 P4:0.42715 STATE:IDLE
[2026-05-11 18:48:09Z] CHK MOM:0.05% RANGE:0.08% UP:47.05% SPREAD:0.02340823% BID:0.4272 ASK:0.4273 MID:0.42725 P1:0.42725 P2:0.42725 P3:0.4272 P4:0.42715 STATE:IDLE
[2026-05-11 18:48:09Z] CHK MOM:0.04% RANGE:0.08% UP:44.44% SPREAD:0.04682744% BID:0.4271 ASK:0.4273 MID:0.4272 P1:0.4272 P2:0.42725 P3:0.42725 P4:0.4272 STATE:IDLE
[2026-05-11 18:48:10Z] CHK MOM:0.01% RANGE:0.08% UP:44.44% SPREAD:0.0234192% BID:0.427 ASK:0.4271 MID:0.42705 P1:0.42705 P2:0.4272 P3:0.42725 P4:0.42725 STATE:IDLE
[2026-05-11 18:48:11Z] CHK MOM:0.02% RANGE:0.08% UP:47.05% SPREAD:0.0468384% BID:0.427 ASK:0.4272 MID:0.4271 P1:0.4271 P2:0.42705 P3:0.4272 P4:0.42725 STATE:IDLE
[2026-05-11 18:48:11Z] CHK MOM:0.01% RANGE:0.07% UP:41.17% SPREAD:0.0468384% BID:0.427 ASK:0.4272 MID:0.4271 P1:0.4271 P2:0.4271 P3:0.42705 P4:0.4272 STATE:IDLE
[2026-05-11 18:48:12Z] CHK MOM:0.01% RANGE:0.07% UP:41.17% SPREAD:0.0468384% BID:0.427 ASK:0.4272 MID:0.4271 P1:0.4271 P2:0.4271 P3:0.42705 P4:0.4272 STATE:IDLE
[2026-05-11 18:48:12Z] CHK MOM:0.01% RANGE:0.07% UP:41.17% SPREAD:0.0468384% BID:0.427 ASK:0.4272 MID:0.4271 P1:0.4271 P2:0.4271 P3:0.42705 P4:0.4272 STATE:IDLE
[2026-05-11 18:48:13Z] CHK MOM:0.01% RANGE:0.07% UP:41.17% SPREAD:0.0468384% BID:0.427 ASK:0.4272 MID:0.4271 P1:0.4271 P2:0.4271 P3:0.42705 P4:0.4272 STATE:IDLE
[2026-05-11 18:48:13Z] CHK MOM:0.01% RANGE:0.07% UP:41.17% SPREAD:0.0468384% BID:0.427 ASK:0.4272 MID:0.4271 P1:0.4271 P2:0.4271 P3:0.42705 P4:0.4272 STATE:IDLE
[2026-05-11 18:48:14Z] CHK MOM:-0.07% RANGE:0.07% UP:26.66% SPREAD:0.0234192% BID:0.427 ASK:0.4271 MID:0.42705 P1:0.42705 P2:0.4271 P3:0.4271 P4:0.42705 STATE:IDLE
[2026-05-11 18:48:14Z] CHK MOM:-0.07% RANGE:0.08% UP:26.66% SPREAD:0.04684937% BID:0.4269 ASK:0.4271 MID:0.427 P1:0.427 P2:0.42705 P3:0.4271 P4:0.4271 STATE:IDLE
[2026-05-11 18:48:15Z] CHK MOM:-0.07% RANGE:0.08% UP:26.66% SPREAD:0.04684937% BID:0.4269 ASK:0.4271 MID:0.427 P1:0.427 P2:0.427 P3:0.42705 P4:0.4271 STATE:IDLE
[2026-05-11 18:48:16Z] CHK MOM:-0.09% RANGE:0.09% UP:21.42% SPREAD:0.02342468% BID:0.4269 ASK:0.427 MID:0.42695 P1:0.42695 P2:0.427 P3:0.427 P4:0.42705 STATE:IDLE
[2026-05-11 18:48:17Z] CHK MOM:-0.08% RANGE:0.08% UP:23.07% SPREAD:0.04686035% BID:0.4268 ASK:0.427 MID:0.4269 P1:0.4269 P2:0.42695 P3:0.427 P4:0.427 STATE:IDLE
[2026-05-11 18:48:17Z] CHK MOM:-0.08% RANGE:0.08% UP:23.07% SPREAD:0.04686035% BID:0.4268 ASK:0.427 MID:0.4269 P1:0.4269 P2:0.42695 P3:0.427 P4:0.427 STATE:IDLE
[2026-05-11 18:48:18Z] CHK MOM:-0.08% RANGE:0.08% UP:23.07% SPREAD:0.04686035% BID:0.4268 ASK:0.427 MID:0.4269 P1:0.4269 P2:0.42695 P3:0.427 P4:0.427 STATE:IDLE
[2026-05-11 18:48:18Z] CHK MOM:-0.08% RANGE:0.08% UP:23.07% SPREAD:0.04686035% BID:0.4268 ASK:0.427 MID:0.4269 P1:0.4269 P2:0.42695 P3:0.427 P4:0.427 STATE:IDLE
[2026-05-11 18:48:19Z] CHK MOM:-0.08% RANGE:0.08% UP:23.07% SPREAD:0.04686035% BID:0.4268 ASK:0.427 MID:0.4269 P1:0.4269 P2:0.42695 P3:0.427 P4:0.427 STATE:IDLE
[2026-05-11 18:48:19Z] CHK MOM:-0.08% RANGE:0.08% UP:23.07% SPREAD:0.04686035% BID:0.4268 ASK:0.427 MID:0.4269 P1:0.4269 P2:0.42695 P3:0.427 P4:0.427 STATE:IDLE
[2026-05-11 18:48:20Z] CHK MOM:-0.08% RANGE:0.08% UP:10% SPREAD:0.04686035% BID:0.4268 ASK:0.427 MID:0.4269 P1:0.4269 P2:0.4269 P3:0.42695 P4:0.427 STATE:IDLE
[2026-05-11 18:48:20Z] CHK MOM:-0.08% RANGE:0.08% UP:10% SPREAD:0.04686035% BID:0.4268 ASK:0.427 MID:0.4269 P1:0.4269 P2:0.4269 P3:0.42695 P4:0.427 STATE:IDLE
[2026-05-11 18:48:21Z] CHK MOM:-0.08% RANGE:0.08% UP:10% SPREAD:0.04686035% BID:0.4268 ASK:0.427 MID:0.4269 P1:0.4269 P2:0.4269 P3:0.42695 P4:0.427 STATE:IDLE
[2026-05-11 18:48:22Z] CHK MOM:-0.04% RANGE:0.05% UP:11.11% SPREAD:0.02343017% BID:0.4268 ASK:0.4269 MID:0.42685 P1:0.42685 P2:0.4269 P3:0.4269 P4:0.42695 STATE:IDLE
[2026-05-11 18:48:22Z] CHK MOM:-0.05% RANGE:0.05% UP:0% SPREAD:0.02343017% BID:0.4268 ASK:0.4269 MID:0.42685 P1:0.42685 P2:0.42685 P3:0.4269 P4:0.4269 STATE:IDLE
[2026-05-11 18:48:23Z] CHK MOM:-0.05% RANGE:0.05% UP:0% SPREAD:0.02343017% BID:0.4268 ASK:0.4269 MID:0.42685 P1:0.42685 P2:0.42685 P3:0.4269 P4:0.4269 STATE:IDLE
[2026-05-11 18:48:23Z] CHK MOM:-0.05% RANGE:0.05% UP:0% SPREAD:0.02343017% BID:0.4268 ASK:0.4269 MID:0.42685 P1:0.42685 P2:0.42685 P3:0.4269 P4:0.4269 STATE:IDLE
[2026-05-11 18:48:24Z] CHK MOM:-0.05% RANGE:0.05% UP:0% SPREAD:0.02343017% BID:0.4268 ASK:0.4269 MID:0.42685 P1:0.42685 P2:0.42685 P3:0.4269 P4:0.4269 STATE:IDLE
[2026-05-11 18:48:24Z] CHK MOM:-0.05% RANGE:0.05% UP:0% SPREAD:0.02343017% BID:0.4268 ASK:0.4269 MID:0.42685 P1:0.42685 P2:0.42685 P3:0.4269 P4:0.4269 STATE:IDLE
[2026-05-11 18:48:25Z] CHK MOM:-0.05% RANGE:0.05% UP:0% SPREAD:0.02343017% BID:0.4268 ASK:0.4269 MID:0.42685 P1:0.42685 P2:0.42685 P3:0.4269 P4:0.4269 STATE:IDLE
[2026-05-11 18:48:27Z] CHK MOM:-0.03% RANGE:0.03% UP:0% SPREAD:0.02343017% BID:0.4268 ASK:0.4269 MID:0.42685 P1:0.42685 P2:0.42685 P3:0.42685 P4:0.4269 STATE:IDLE
[2026-05-11 18:48:27Z] CHK MOM:-0.04% RANGE:0.04% UP:0% SPREAD:0.02343566% BID:0.4267 ASK:0.4268 MID:0.42675 P1:0.42675 P2:0.42685 P3:0.42685 P4:0.42685 STATE:IDLE
[2026-05-11 18:48:28Z] CHK MOM:-0.04% RANGE:0.04% UP:0% SPREAD:0.02343566% BID:0.4267 ASK:0.4268 MID:0.42675 P1:0.42675 P2:0.42685 P3:0.42685 P4:0.42685 STATE:IDLE
[2026-05-11 18:48:28Z] CHK MOM:-0.04% RANGE:0.04% UP:0% SPREAD:0.02343566% BID:0.4267 ASK:0.4268 MID:0.42675 P1:0.42675 P2:0.42685 P3:0.42685 P4:0.42685 STATE:IDLE
[2026-05-11 18:48:29Z] CHK MOM:-0.03% RANGE:0.03% UP:0% SPREAD:0.02343566% BID:0.4267 ASK:0.4268 MID:0.42675 P1:0.42675 P2:0.42675 P3:0.42685 P4:0.42685 STATE:IDLE
[2026-05-11 18:48:29Z] CHK MOM:-0.03% RANGE:0.03% UP:0% SPREAD:0.02343566% BID:0.4267 ASK:0.4268 MID:0.42675 P1:0.42675 P2:0.42675 P3:0.42685 P4:0.42685 STATE:IDLE
[2026-05-11 18:48:30Z] CHK MOM:-0.03% RANGE:0.03% UP:0% SPREAD:0.02343566% BID:0.4267 ASK:0.4268 MID:0.42675 P1:0.42675 P2:0.42675 P3:0.42685 P4:0.42685 STATE:IDLE
[2026-05-11 18:48:30Z] CHK MOM:-0.02% RANGE:0.03% UP:16.66% SPREAD:0.04687133% BID:0.4267 ASK:0.4269 MID:0.4268 P1:0.4268 P2:0.42675 P3:0.42675 P4:0.42685 STATE:IDLE
[2026-05-11 18:48:31Z] CHK MOM:-0.03% RANGE:0.03% UP:14.28% SPREAD:0.02343566% BID:0.4267 ASK:0.4268 MID:0.42675 P1:0.42675 P2:0.4268 P3:0.42675 P4:0.42675 STATE:IDLE
[2026-05-11 18:48:31Z] CHK MOM:-0.03% RANGE:0.03% UP:14.28% SPREAD:0.02343566% BID:0.4267 ASK:0.4268 MID:0.42675 P1:0.42675 P2:0.4268 P3:0.42675 P4:0.42675 STATE:IDLE
[2026-05-11 18:48:32Z] CHK MOM:-0.03% RANGE:0.03% UP:12.5% SPREAD:0.02343566% BID:0.4267 ASK:0.4268 MID:0.42675 P1:0.42675 P2:0.42675 P3:0.4268 P4:0.42675 STATE:IDLE
[2026-05-11 18:48:33Z] CHK MOM:-0.02% RANGE:0.02% UP:12.5% SPREAD:0.02343566% BID:0.4267 ASK:0.4268 MID:0.42675 P1:0.42675 P2:0.42675 P3:0.42675 P4:0.4268 STATE:IDLE
[2026-05-11 18:48:33Z] CHK MOM:-0.02% RANGE:0.02% UP:12.5% SPREAD:0.02343566% BID:0.4267 ASK:0.4268 MID:0.42675 P1:0.42675 P2:0.42675 P3:0.42675 P4:0.4268 STATE:IDLE
[2026-05-11 18:48:34Z] CHK MOM:-0.03% RANGE:0.03% UP:12.5% SPREAD:0.04688232% BID:0.4266 ASK:0.4268 MID:0.42669999 P1:0.42669999 P2:0.42675 P3:0.42675 P4:0.42675 STATE:IDLE
[2026-05-11 18:48:34Z] CHK MOM:-0.03% RANGE:0.03% UP:12.5% SPREAD:0.04688232% BID:0.4266 ASK:0.4268 MID:0.42669999 P1:0.42669999 P2:0.42675 P3:0.42675 P4:0.42675 STATE:IDLE
[2026-05-11 18:48:35Z] CHK MOM:-0.03% RANGE:0.03% UP:12.5% SPREAD:0.04688232% BID:0.4266 ASK:0.4268 MID:0.42669999 P1:0.42669999 P2:0.42669999 P3:0.42675 P4:0.42675 STATE:IDLE
[2026-05-11 18:48:35Z] CHK MOM:-0.04% RANGE:0.04% UP:11.11% SPREAD:0.02344116% BID:0.4266 ASK:0.4267 MID:0.42665 P1:0.42665 P2:0.42669999 P3:0.42669999 P4:0.42675 STATE:IDLE
[2026-05-11 18:48:36Z] CHK MOM:-0.02% RANGE:0.04% UP:20% SPREAD:0.02343566% BID:0.4267 ASK:0.4268 MID:0.42675 P1:0.42675 P2:0.42665 P3:0.42669999 P4:0.42669999 STATE:IDLE
[2026-05-11 18:48:36Z] CHK MOM:-0.02% RANGE:0.04% UP:20% SPREAD:0.02343566% BID:0.4267 ASK:0.4268 MID:0.42675 P1:0.42675 P2:0.42665 P3:0.42669999 P4:0.42669999 STATE:IDLE
[2026-05-11 18:48:37Z] CHK MOM:-0.02% RANGE:0.04% UP:18.18% SPREAD:0.02343566% BID:0.4267 ASK:0.4268 MID:0.42675 P1:0.42675 P2:0.42675 P3:0.42665 P4:0.42669999 STATE:IDLE
[2026-05-11 18:52:52Z] SESSION_START symbol=ONDOUSDC dry_run=0 profile=major strategy=momentum base_url=https://api.binance.com
[2026-05-11 18:52:52Z] TOXIC_MEMORY_LOADED count=4 symbols=GUNUSDC,JTOUSDC,ORDIUSDC,SAHARAUSDC
[2026-05-11 18:52:55Z] CHK MOM:0% RANGE:0% UP:0% SPREAD:0.04693733% BID:0.4261 ASK:0.4263 MID:0.4262 P1:0.4262 P2:NA P3:NA P4:NA STATE:IDLE
[2026-05-11 18:52:56Z] CHK MOM:0% RANGE:0% UP:0% SPREAD:0.04693733% BID:0.4261 ASK:0.4263 MID:0.4262 P1:0.4262 P2:NA P3:NA P4:NA STATE:IDLE
[2026-05-11 18:52:56Z] CHK MOM:0% RANGE:0% UP:0% SPREAD:0.04693733% BID:0.4261 ASK:0.4263 MID:0.4262 P1:0.4262 P2:NA P3:NA P4:NA STATE:IDLE
[2026-05-11 18:52:57Z] CHK MOM:0% RANGE:0% UP:0% SPREAD:0.04693733% BID:0.4261 ASK:0.4263 MID:0.4262 P1:0.4262 P2:NA P3:NA P4:NA STATE:IDLE
[2026-05-11 18:52:57Z] CHK MOM:0% RANGE:0% UP:0% SPREAD:0.04693733% BID:0.4261 ASK:0.4263 MID:0.4262 P1:0.4262 P2:NA P3:NA P4:NA STATE:IDLE
[2026-05-11 18:52:59Z] CHK MOM:-0.03% RANGE:0.03% UP:0% SPREAD:0.02347417% BID:0.426 ASK:0.4261 MID:0.42605 P1:0.42605 P2:0.4262 P3:NA P4:NA STATE:IDLE
[2026-05-11 18:53:00Z] CHK MOM:-0.02% RANGE:0.03% UP:50% SPREAD:0.04694835% BID:0.426 ASK:0.4262 MID:0.4261 P1:0.4261 P2:0.42605 P3:0.4262 P4:NA STATE:IDLE
[2026-05-11 18:53:01Z] CHK MOM:-0.02% RANGE:0.03% UP:50% SPREAD:0.04694835% BID:0.426 ASK:0.4262 MID:0.4261 P1:0.4261 P2:0.42605 P3:0.4262 P4:NA STATE:IDLE
[2026-05-11 18:53:02Z] CHK MOM:-0.02% RANGE:0.03% UP:33.33% SPREAD:0.04694835% BID:0.426 ASK:0.4262 MID:0.4261 P1:0.4261 P2:0.4261 P3:0.42605 P4:0.4262 STATE:IDLE
[2026-05-11 18:53:02Z] CHK MOM:-0.02% RANGE:0.03% UP:25% SPREAD:0.04694835% BID:0.426 ASK:0.4262 MID:0.4261 P1:0.4261 P2:0.4261 P3:0.4261 P4:0.42605 STATE:IDLE
[2026-05-11 18:53:03Z] CHK MOM:-0.02% RANGE:0.03% UP:20% SPREAD:0.04694835% BID:0.426 ASK:0.4262 MID:0.4261 P1:0.4261 P2:0.4261 P3:0.4261 P4:0.4261 STATE:IDLE
[2026-05-11 18:53:03Z] CHK MOM:-0.02% RANGE:0.03% UP:20% SPREAD:0.04694835% BID:0.426 ASK:0.4262 MID:0.4261 P1:0.4261 P2:0.4261 P3:0.4261 P4:0.4261 STATE:IDLE
[2026-05-11 18:53:04Z] CHK MOM:-0.02% RANGE:0.03% UP:20% SPREAD:0.04694835% BID:0.426 ASK:0.4262 MID:0.4261 P1:0.4261 P2:0.4261 P3:0.4261 P4:0.4261 STATE:IDLE
[2026-05-11 18:53:04Z] CHK MOM:-0.02% RANGE:0.03% UP:20% SPREAD:0.04694835% BID:0.426 ASK:0.4262 MID:0.4261 P1:0.4261 P2:0.4261 P3:0.4261 P4:0.4261 STATE:IDLE
[2026-05-11 18:53:05Z] CHK MOM:-0.02% RANGE:0.03% UP:20% SPREAD:0.04694835% BID:0.426 ASK:0.4262 MID:0.4261 P1:0.4261 P2:0.4261 P3:0.4261 P4:0.4261 STATE:IDLE
[2026-05-11 18:53:05Z] CHK MOM:-0.02% RANGE:0.03% UP:16.66% SPREAD:0.04694835% BID:0.426 ASK:0.4262 MID:0.4261 P1:0.4261 P2:0.4261 P3:0.4261 P4:0.4261 STATE:IDLE
[2026-05-11 18:53:06Z] CHK MOM:-0.02% RANGE:0.03% UP:16.66% SPREAD:0.04694835% BID:0.426 ASK:0.4262 MID:0.4261 P1:0.4261 P2:0.4261 P3:0.4261 P4:0.4261 STATE:IDLE
[2026-05-11 18:53:07Z] CHK MOM:-0.02% RANGE:0.03% UP:16.66% SPREAD:0.04694835% BID:0.426 ASK:0.4262 MID:0.4261 P1:0.4261 P2:0.4261 P3:0.4261 P4:0.4261 STATE:IDLE
[2026-05-11 18:53:07Z] CHK MOM:-0.02% RANGE:0.03% UP:16.66% SPREAD:0.04694835% BID:0.426 ASK:0.4262 MID:0.4261 P1:0.4261 P2:0.4261 P3:0.4261 P4:0.4261 STATE:IDLE
[2026-05-11 18:53:08Z] CHK MOM:-0.02% RANGE:0.03% UP:16.66% SPREAD:0.04694835% BID:0.426 ASK:0.4262 MID:0.4261 P1:0.4261 P2:0.4261 P3:0.4261 P4:0.4261 STATE:IDLE
[2026-05-11 18:53:09Z] CHK MOM:0.18% RANGE:0.18% UP:33.33% SPREAD:0.02343017% BID:0.4268 ASK:0.4269 MID:0.42685 P1:0.42685 P2:0.4261 P3:0.4261 P4:0.4261 STATE:IDLE
[2026-05-11 18:53:09Z] CHK MOM:0.18% RANGE:0.18% UP:28.57% SPREAD:0.02343017% BID:0.4268 ASK:0.4269 MID:0.42685 P1:0.42685 P2:0.42685 P3:0.4261 P4:0.4261 STATE:IDLE
[2026-05-11 18:53:10Z] CHK MOM:0.16% RANGE:0.18% UP:25% SPREAD:0.02343566% BID:0.4267 ASK:0.4268 MID:0.42675 P1:0.42675 P2:0.42685 P3:0.42685 P4:0.4261 STATE:IDLE
[2026-05-11 18:53:10Z] CHK MOM:0.21% RANGE:0.21% UP:33.33% SPREAD:0.02342468% BID:0.4269 ASK:0.427 MID:0.42695 P1:0.42695 P2:0.42675 P3:0.42685 P4:0.42685 STATE:IDLE
[2026-05-11 18:53:11Z] CHK MOM:0.18% RANGE:0.21% UP:30% SPREAD:0.02343017% BID:0.4268 ASK:0.4269 MID:0.42685 P1:0.42685 P2:0.42695 P3:0.42675 P4:0.42685 STATE:IDLE
[2026-05-11 18:53:12Z] CHK MOM:0.18% RANGE:0.21% UP:30% SPREAD:0.02343017% BID:0.4268 ASK:0.4269 MID:0.42685 P1:0.42685 P2:0.42695 P3:0.42675 P4:0.42685 STATE:IDLE
[2026-05-11 18:53:12Z] CHK MOM:0.18% RANGE:0.19% UP:33.33% SPREAD:0.04686035% BID:0.4268 ASK:0.427 MID:0.4269 P1:0.4269 P2:0.42685 P3:0.42695 P4:0.42675 STATE:IDLE
[2026-05-11 18:53:13Z] CHK MOM:0.18% RANGE:0.19% UP:30% SPREAD:0.04686035% BID:0.4268 ASK:0.427 MID:0.4269 P1:0.4269 P2:0.4269 P3:0.42685 P4:0.42695 STATE:IDLE
[2026-05-11 18:53:13Z] CHK MOM:0.17% RANGE:0.19% UP:27.27% SPREAD:0.02343017% BID:0.4268 ASK:0.4269 MID:0.42685 P1:0.42685 P2:0.4269 P3:0.4269 P4:0.42685 STATE:IDLE
[2026-05-11 18:53:14Z] CHK MOM:0.17% RANGE:0.19% UP:27.27% SPREAD:0.02343017% BID:0.4268 ASK:0.4269 MID:0.42685 P1:0.42685 P2:0.4269 P3:0.4269 P4:0.42685 STATE:IDLE
[2026-05-11 18:53:14Z] CHK MOM:0.17% RANGE:0.19% UP:27.27% SPREAD:0.02343017% BID:0.4268 ASK:0.4269 MID:0.42685 P1:0.42685 P2:0.4269 P3:0.4269 P4:0.42685 STATE:IDLE
[2026-05-11 18:53:15Z] CHK MOM:0.17% RANGE:0.19% UP:27.27% SPREAD:0.02343017% BID:0.4268 ASK:0.4269 MID:0.42685 P1:0.42685 P2:0.4269 P3:0.4269 P4:0.42685 STATE:IDLE
[2026-05-11 18:53:15Z] CHK MOM:0.16% RANGE:0.19% UP:33.33% SPREAD:0.04687133% BID:0.4267 ASK:0.4269 MID:0.4268 P1:0.4268 P2:0.42685 P3:0.4269 P4:0.4269 STATE:IDLE
[2026-05-11 18:53:16Z] CHK MOM:0.15% RANGE:0.19% UP:30% SPREAD:0.02343566% BID:0.4267 ASK:0.4268 MID:0.42675 P1:0.42675 P2:0.4268 P3:0.42685 P4:0.4269 STATE:IDLE
[2026-05-11 18:53:16Z] CHK MOM:0.15% RANGE:0.19% UP:30% SPREAD:0.02343566% BID:0.4267 ASK:0.4268 MID:0.42675 P1:0.42675 P2:0.4268 P3:0.42685 P4:0.4269 STATE:IDLE
[2026-05-11 18:53:17Z] CHK MOM:0.15% RANGE:0.19% UP:30% SPREAD:0.02343566% BID:0.4267 ASK:0.4268 MID:0.42675 P1:0.42675 P2:0.4268 P3:0.42685 P4:0.4269 STATE:IDLE
[2026-05-11 18:53:18Z] CHK MOM:0.15% RANGE:0.19% UP:30% SPREAD:0.02343566% BID:0.4267 ASK:0.4268 MID:0.42675 P1:0.42675 P2:0.4268 P3:0.42685 P4:0.4269 STATE:IDLE
[2026-05-11 18:53:18Z] CHK MOM:0.15% RANGE:0.19% UP:30% SPREAD:0.02343566% BID:0.4267 ASK:0.4268 MID:0.42675 P1:0.42675 P2:0.4268 P3:0.42685 P4:0.4269 STATE:IDLE
[2026-05-11 18:53:19Z] CHK MOM:0% RANGE:0.04% UP:30% SPREAD:0.02343017% BID:0.4268 ASK:0.4269 MID:0.42685 P1:0.42685 P2:0.42675 P3:0.4268 P4:0.42685 STATE:IDLE
[2026-05-11 18:53:20Z] CHK MOM:0% RANGE:0.04% UP:30% SPREAD:0.02343017% BID:0.4268 ASK:0.4269 MID:0.42685 P1:0.42685 P2:0.42675 P3:0.4268 P4:0.42685 STATE:IDLE
[2026-05-11 18:53:20Z] CHK MOM:0% RANGE:0.04% UP:30% SPREAD:0.02343017% BID:0.4268 ASK:0.4269 MID:0.42685 P1:0.42685 P2:0.42675 P3:0.4268 P4:0.42685 STATE:IDLE
[2026-05-11 18:53:21Z] CHK MOM:0% RANGE:0.04% UP:30% SPREAD:0.02343017% BID:0.4268 ASK:0.4269 MID:0.42685 P1:0.42685 P2:0.42675 P3:0.4268 P4:0.42685 STATE:IDLE
[2026-05-11 18:53:21Z] CHK MOM:0% RANGE:0.04% UP:30% SPREAD:0.02343017% BID:0.4268 ASK:0.4269 MID:0.42685 P1:0.42685 P2:0.42685 P3:0.42675 P4:0.4268 STATE:IDLE
[2026-05-11 18:53:22Z] CHK MOM:0.02% RANGE:0.04% UP:30% SPREAD:0.02343017% BID:0.4268 ASK:0.4269 MID:0.42685 P1:0.42685 P2:0.42685 P3:0.42685 P4:0.42675 STATE:IDLE
[2026-05-11 18:53:23Z] CHK MOM:-0.07% RANGE:0.07% UP:20% SPREAD:0.02344116% BID:0.4266 ASK:0.4267 MID:0.42665 P1:0.42665 P2:0.42685 P3:0.42685 P4:0.42685 STATE:IDLE
[2026-05-11 18:53:23Z] CHK MOM:-0.08% RANGE:0.08% UP:11.11% SPREAD:0.02344665% BID:0.4265 ASK:0.4266 MID:0.42655 P1:0.42655 P2:0.42665 P3:0.42685 P4:0.42685 STATE:IDLE
[2026-05-11 18:53:24Z] CHK MOM:-0.07% RANGE:0.08% UP:20% SPREAD:0.04689331% BID:0.4265 ASK:0.4267 MID:0.4266 P1:0.4266 P2:0.42655 P3:0.42665 P4:0.42685 STATE:IDLE
[2026-05-11 18:53:24Z] CHK MOM:-0.08% RANGE:0.08% UP:18.18% SPREAD:0.02344665% BID:0.4265 ASK:0.4266 MID:0.42655 P1:0.42655 P2:0.4266 P3:0.42655 P4:0.42665 STATE:IDLE
[2026-05-11 18:53:25Z] CHK MOM:-0.07% RANGE:0.08% UP:27.27% SPREAD:0.04689331% BID:0.4265 ASK:0.4267 MID:0.4266 P1:0.4266 P2:0.42655 P3:0.4266 P4:0.42655 STATE:IDLE
[2026-05-11 18:53:25Z] CHK MOM:-0.1% RANGE:0.11% UP:30% SPREAD:0.02345765% BID:0.4263 ASK:0.4264 MID:0.42635 P1:0.42635 P2:0.4266 P3:0.42655 P4:0.4266 STATE:IDLE
[2026-05-11 18:53:26Z] CHK MOM:-0.1% RANGE:0.11% UP:30% SPREAD:0.02345765% BID:0.4263 ASK:0.4264 MID:0.42635 P1:0.42635 P2:0.4266 P3:0.42655 P4:0.4266 STATE:IDLE
[2026-05-11 18:53:26Z] CHK MOM:-0.1% RANGE:0.11% UP:30% SPREAD:0.02345765% BID:0.4263 ASK:0.4264 MID:0.42635 P1:0.42635 P2:0.4266 P3:0.42655 P4:0.4266 STATE:IDLE
[2026-05-11 18:53:27Z] CHK MOM:-0.1% RANGE:0.11% UP:27.27% SPREAD:0.02345765% BID:0.4263 ASK:0.4264 MID:0.42635 P1:0.42635 P2:0.42635 P3:0.4266 P4:0.42655 STATE:IDLE
[2026-05-11 18:53:28Z] CHK MOM:-0.11% RANGE:0.12% UP:25% SPREAD:0.04692632% BID:0.4262 ASK:0.4264 MID:0.4263 P1:0.4263 P2:0.42635 P3:0.42635 P4:0.4266 STATE:IDLE
[2026-05-11 18:53:28Z] CHK MOM:-0.09% RANGE:0.12% UP:27.27% SPREAD:0.02345215% BID:0.4264 ASK:0.4265 MID:0.42645 P1:0.42645 P2:0.4263 P3:0.42635 P4:0.42635 STATE:IDLE
[2026-05-11 18:53:29Z] CHK MOM:-0.09% RANGE:0.12% UP:25% SPREAD:0.02345215% BID:0.4264 ASK:0.4265 MID:0.42645 P1:0.42645 P2:0.42645 P3:0.4263 P4:0.42635 STATE:IDLE
[2026-05-11 18:53:29Z] CHK MOM:-0.09% RANGE:0.12% UP:25% SPREAD:0.02345215% BID:0.4264 ASK:0.4265 MID:0.42645 P1:0.42645 P2:0.42645 P3:0.4263 P4:0.42635 STATE:IDLE
[2026-05-11 18:53:30Z] CHK MOM:-0.09% RANGE:0.12% UP:25% SPREAD:0.02345215% BID:0.4264 ASK:0.4265 MID:0.42645 P1:0.42645 P2:0.42645 P3:0.4263 P4:0.42635 STATE:IDLE
[2026-05-11 18:53:30Z] CHK MOM:-0.09% RANGE:0.12% UP:25% SPREAD:0.02345215% BID:0.4264 ASK:0.4265 MID:0.42645 P1:0.42645 P2:0.42645 P3:0.4263 P4:0.42635 STATE:IDLE
[2026-05-11 18:53:31Z] CHK MOM:-0.09% RANGE:0.12% UP:25% SPREAD:0.02345215% BID:0.4264 ASK:0.4265 MID:0.42645 P1:0.42645 P2:0.42645 P3:0.4263 P4:0.42635 STATE:IDLE
[2026-05-11 18:53:31Z] CHK MOM:-0.09% RANGE:0.12% UP:25% SPREAD:0.02345215% BID:0.4264 ASK:0.4265 MID:0.42645 P1:0.42645 P2:0.42645 P3:0.4263 P4:0.42635 STATE:IDLE
[2026-05-11 18:53:32Z] CHK MOM:-0.09% RANGE:0.12% UP:25% SPREAD:0.02345215% BID:0.4264 ASK:0.4265 MID:0.42645 P1:0.42645 P2:0.42645 P3:0.42645 P4:0.4263 STATE:IDLE
[2026-05-11 18:53:32Z] CHK MOM:-0.1% RANGE:0.12% UP:23.07% SPREAD:0.04691531% BID:0.4263 ASK:0.4265 MID:0.4264 P1:0.4264 P2:0.42645 P3:0.42645 P4:0.42645 STATE:IDLE
[2026-05-11 18:53:33Z] CHK MOM:-0.1% RANGE:0.12% UP:23.07% SPREAD:0.04691531% BID:0.4263 ASK:0.4265 MID:0.4264 P1:0.4264 P2:0.42645 P3:0.42645 P4:0.42645 STATE:IDLE
[2026-05-11 18:53:34Z] CHK MOM:-0.1% RANGE:0.12% UP:23.07% SPREAD:0.04691531% BID:0.4263 ASK:0.4265 MID:0.4264 P1:0.4264 P2:0.42645 P3:0.42645 P4:0.42645 STATE:IDLE
[2026-05-11 18:53:34Z] CHK MOM:-0.1% RANGE:0.12% UP:23.07% SPREAD:0.04691531% BID:0.4263 ASK:0.4265 MID:0.4264 P1:0.4264 P2:0.42645 P3:0.42645 P4:0.42645 STATE:IDLE
[2026-05-11 18:53:35Z] CHK MOM:-0.1% RANGE:0.12% UP:23.07% SPREAD:0.04691531% BID:0.4263 ASK:0.4265 MID:0.4264 P1:0.4264 P2:0.42645 P3:0.42645 P4:0.42645 STATE:IDLE
[2026-05-11 18:53:36Z] CHK MOM:-0.04% RANGE:0.07% UP:22.22% SPREAD:0.02345765% BID:0.4263 ASK:0.4264 MID:0.42635 P1:0.42635 P2:0.4264 P3:0.42645 P4:0.42645 STATE:IDLE
[2026-05-11 18:53:36Z] CHK MOM:-0.04% RANGE:0.07% UP:22.22% SPREAD:0.02345765% BID:0.4263 ASK:0.4264 MID:0.42635 P1:0.42635 P2:0.4264 P3:0.42645 P4:0.42645 STATE:IDLE
[2026-05-11 18:53:37Z] CHK MOM:-0.04% RANGE:0.07% UP:22.22% SPREAD:0.02345765% BID:0.4263 ASK:0.4264 MID:0.42635 P1:0.42635 P2:0.4264 P3:0.42645 P4:0.42645 STATE:IDLE
[2026-05-11 18:53:37Z] CHK MOM:-0.04% RANGE:0.07% UP:22.22% SPREAD:0.02345765% BID:0.4263 ASK:0.4264 MID:0.42635 P1:0.42635 P2:0.4264 P3:0.42645 P4:0.42645 STATE:IDLE
[2026-05-11 18:53:38Z] CHK MOM:-0.04% RANGE:0.07% UP:22.22% SPREAD:0.02345765% BID:0.4263 ASK:0.4264 MID:0.42635 P1:0.42635 P2:0.4264 P3:0.42645 P4:0.42645 STATE:IDLE
[2026-05-11 18:53:39Z] CHK MOM:0% RANGE:0.03% UP:14.28% SPREAD:0.02345765% BID:0.4263 ASK:0.4264 MID:0.42635 P1:0.42635 P2:0.42635 P3:0.4264 P4:0.42645 STATE:IDLE
[2026-05-11 18:53:39Z] CHK MOM:0% RANGE:0.03% UP:14.28% SPREAD:0.02345765% BID:0.4263 ASK:0.4264 MID:0.42635 P1:0.42635 P2:0.42635 P3:0.4264 P4:0.42645 STATE:IDLE
[2026-05-11 18:53:40Z] CHK MOM:0% RANGE:0.03% UP:14.28% SPREAD:0.02345765% BID:0.4263 ASK:0.4264 MID:0.42635 P1:0.42635 P2:0.42635 P3:0.4264 P4:0.42645 STATE:IDLE
[2026-05-11 18:53:40Z] CHK MOM:0% RANGE:0.03% UP:14.28% SPREAD:0.02345765% BID:0.4263 ASK:0.4264 MID:0.42635 P1:0.42635 P2:0.42635 P3:0.4264 P4:0.42645 STATE:IDLE
[2026-05-11 18:53:41Z] CHK MOM:0% RANGE:0.03% UP:14.28% SPREAD:0.02345765% BID:0.4263 ASK:0.4264 MID:0.42635 P1:0.42635 P2:0.42635 P3:0.4264 P4:0.42645 STATE:IDLE
[2026-05-11 18:53:43Z] CHK MOM:0.01% RANGE:0.03% UP:25% SPREAD:0.04690431% BID:0.4264 ASK:0.4266 MID:0.4265 P1:0.4265 P2:0.42635 P3:0.42635 P4:0.4264 STATE:IDLE
[2026-05-11 18:53:44Z] CHK MOM:0.03% RANGE:0.05% UP:40% SPREAD:0.04689331% BID:0.4265 ASK:0.4267 MID:0.4266 P1:0.4266 P2:0.4265 P3:0.42635 P4:0.42635 STATE:IDLE
[2026-05-11 18:53:45Z] CHK MOM:0% RANGE:0.05% UP:50% SPREAD:0.07038948% BID:0.4262 ASK:0.4265 MID:0.42635 P1:0.42635 P2:0.4266 P3:0.4265 P4:0.42635 STATE:IDLE
[2026-05-11 18:53:45Z] CHK MOM:-0.02% RANGE:0.08% UP:40% SPREAD:0.02346316% BID:0.4262 ASK:0.4263 MID:0.42625 P1:0.42625 P2:0.42635 P3:0.4266 P4:0.4265 STATE:IDLE
[2026-05-11 18:53:46Z] CHK MOM:-0.02% RANGE:0.08% UP:33.33% SPREAD:0.02346316% BID:0.4262 ASK:0.4263 MID:0.42625 P1:0.42625 P2:0.42625 P3:0.42635 P4:0.4266 STATE:IDLE
[2026-05-11 18:53:46Z] CHK MOM:-0.02% RANGE:0.08% UP:33.33% SPREAD:0.02346316% BID:0.4262 ASK:0.4263 MID:0.42625 P1:0.42625 P2:0.42625 P3:0.42635 P4:0.4266 STATE:IDLE
[2026-05-11 18:53:47Z] CHK MOM:-0.02% RANGE:0.08% UP:33.33% SPREAD:0.02346316% BID:0.4262 ASK:0.4263 MID:0.42625 P1:0.42625 P2:0.42625 P3:0.42635 P4:0.4266 STATE:IDLE
[2026-05-11 18:53:47Z] CHK MOM:-0.02% RANGE:0.08% UP:33.33% SPREAD:0.02346316% BID:0.4262 ASK:0.4263 MID:0.42625 P1:0.42625 P2:0.42625 P3:0.42635 P4:0.4266 STATE:IDLE
[2026-05-11 18:53:48Z] CHK MOM:-0.02% RANGE:0.08% UP:33.33% SPREAD:0.02346316% BID:0.4262 ASK:0.4263 MID:0.42625 P1:0.42625 P2:0.42625 P3:0.42625 P4:0.42635 STATE:IDLE
[2026-05-11 18:53:48Z] CHK MOM:-0.02% RANGE:0.08% UP:28.57% SPREAD:0.02346316% BID:0.4262 ASK:0.4263 MID:0.42625 P1:0.42625 P2:0.42625 P3:0.42625 P4:0.42625 STATE:IDLE
[2026-05-11 18:53:49Z] CHK MOM:-0.02% RANGE:0.08% UP:28.57% SPREAD:0.02346316% BID:0.4262 ASK:0.4263 MID:0.42625 P1:0.42625 P2:0.42625 P3:0.42625 P4:0.42625 STATE:IDLE
[2026-05-11 18:53:50Z] CHK MOM:-0.02% RANGE:0.08% UP:28.57% SPREAD:0.02346316% BID:0.4262 ASK:0.4263 MID:0.42625 P1:0.42625 P2:0.42625 P3:0.42625 P4:0.42625 STATE:IDLE
[2026-05-11 18:53:50Z] CHK MOM:0% RANGE:0.08% UP:37.5% SPREAD:0.02345765% BID:0.4263 ASK:0.4264 MID:0.42635 P1:0.42635 P2:0.42625 P3:0.42625 P4:0.42625 STATE:IDLE
[2026-05-11 18:53:51Z] CHK MOM:0% RANGE:0.08% UP:37.5% SPREAD:0.02345765% BID:0.4263 ASK:0.4264 MID:0.42635 P1:0.42635 P2:0.42625 P3:0.42625 P4:0.42625 STATE:IDLE
[2026-05-11 18:53:51Z] CHK MOM:-0.02% RANGE:0.08% UP:37.5% SPREAD:0.04691531% BID:0.4263 ASK:0.4265 MID:0.4264 P1:0.4264 P2:0.42635 P3:0.42625 P4:0.42625 STATE:IDLE
[2026-05-11 18:53:52Z] CHK MOM:-0.02% RANGE:0.08% UP:37.5% SPREAD:0.04691531% BID:0.4263 ASK:0.4265 MID:0.4264 P1:0.4264 P2:0.42635 P3:0.42625 P4:0.42625 STATE:IDLE
[2026-05-11 18:53:52Z] CHK MOM:-0.02% RANGE:0.08% UP:37.5% SPREAD:0.04691531% BID:0.4263 ASK:0.4265 MID:0.4264 P1:0.4264 P2:0.42635 P3:0.42625 P4:0.42625 STATE:IDLE
[2026-05-11 18:53:53Z] CHK MOM:-0.02% RANGE:0.08% UP:37.5% SPREAD:0.04691531% BID:0.4263 ASK:0.4265 MID:0.4264 P1:0.4264 P2:0.42635 P3:0.42625 P4:0.42625 STATE:IDLE
[2026-05-11 18:53:53Z] CHK MOM:-0.02% RANGE:0.08% UP:33.33% SPREAD:0.04691531% BID:0.4263 ASK:0.4265 MID:0.4264 P1:0.4264 P2:0.4264 P3:0.42635 P4:0.42625 STATE:IDLE
[2026-05-11 18:53:54Z] CHK MOM:-0.02% RANGE:0.08% UP:33.33% SPREAD:0.04691531% BID:0.4263 ASK:0.4265 MID:0.4264 P1:0.4264 P2:0.4264 P3:0.42635 P4:0.42625 STATE:IDLE
[2026-05-11 18:53:55Z] CHK MOM:-0.02% RANGE:0.08% UP:33.33% SPREAD:0.04691531% BID:0.4263 ASK:0.4265 MID:0.4264 P1:0.4264 P2:0.4264 P3:0.42635 P4:0.42625 STATE:IDLE
[2026-05-11 18:53:55Z] CHK MOM:-0.03% RANGE:0.08% UP:30% SPREAD:0.02345765% BID:0.4263 ASK:0.4264 MID:0.42635 P1:0.42635 P2:0.4264 P3:0.4264 P4:0.42635 STATE:IDLE
[2026-05-11 18:53:56Z] CHK MOM:-0.01% RANGE:0.03% UP:22.22% SPREAD:0.04692632% BID:0.4262 ASK:0.4264 MID:0.4263 P1:0.4263 P2:0.42635 P3:0.4264 P4:0.4264 STATE:IDLE
[2026-05-11 18:53:56Z] CHK MOM:-0.01% RANGE:0.03% UP:20% SPREAD:0.04692632% BID:0.4262 ASK:0.4264 MID:0.4263 P1:0.4263 P2:0.4263 P3:0.42635 P4:0.4264 STATE:IDLE
[2026-05-11 18:53:57Z] CHK MOM:-0.01% RANGE:0.03% UP:18.18% SPREAD:0.04692632% BID:0.4262 ASK:0.4264 MID:0.4263 P1:0.4263 P2:0.4263 P3:0.4263 P4:0.42635 STATE:IDLE
[2026-05-11 18:53:57Z] CHK MOM:-0.01% RANGE:0.03% UP:18.18% SPREAD:0.04692632% BID:0.4262 ASK:0.4264 MID:0.4263 P1:0.4263 P2:0.4263 P3:0.4263 P4:0.42635 STATE:IDLE
[2026-05-11 18:53:58Z] CHK MOM:-0.01% RANGE:0.03% UP:18.18% SPREAD:0.04692632% BID:0.4262 ASK:0.4264 MID:0.4263 P1:0.4263 P2:0.4263 P3:0.4263 P4:0.42635 STATE:IDLE
[2026-05-11 18:53:58Z] CHK MOM:-0.01% RANGE:0.03% UP:18.18% SPREAD:0.04692632% BID:0.4262 ASK:0.4264 MID:0.4263 P1:0.4263 P2:0.4263 P3:0.4263 P4:0.42635 STATE:IDLE
[2026-05-11 18:53:59Z] CHK MOM:0.01% RANGE:0.03% UP:22.22% SPREAD:0.04692632% BID:0.4262 ASK:0.4264 MID:0.4263 P1:0.4263 P2:0.4263 P3:0.4263 P4:0.4263 STATE:IDLE
[2026-05-11 18:54:00Z] CHK MOM:0.01% RANGE:0.03% UP:22.22% SPREAD:0.04692632% BID:0.4262 ASK:0.4264 MID:0.4263 P1:0.4263 P2:0.4263 P3:0.4263 P4:0.4263 STATE:IDLE
[2026-05-11 18:54:00Z] CHK MOM:0.01% RANGE:0.03% UP:22.22% SPREAD:0.04692632% BID:0.4262 ASK:0.4264 MID:0.4263 P1:0.4263 P2:0.4263 P3:0.4263 P4:0.4263 STATE:IDLE
[2026-05-11 18:54:01Z] CHK MOM:-0.01% RANGE:0.02% UP:12.5% SPREAD:0.04692632% BID:0.4262 ASK:0.4264 MID:0.4263 P1:0.4263 P2:0.4263 P3:0.4263 P4:0.4263 STATE:IDLE
[2026-05-11 18:54:01Z] CHK MOM:-0.01% RANGE:0.02% UP:11.11% SPREAD:0.04692632% BID:0.4262 ASK:0.4264 MID:0.4263 P1:0.4263 P2:0.4263 P3:0.4263 P4:0.4263 STATE:IDLE
[2026-05-11 18:54:02Z] CHK MOM:-0.08% RANGE:0.08% UP:0% SPREAD:0.02347417% BID:0.426 ASK:0.4261 MID:0.42605 P1:0.42605 P2:0.4263 P3:0.4263 P4:0.4263 STATE:IDLE
[2026-05-11 18:54:02Z] CHK MOM:-0.11% RANGE:0.11% UP:0% SPREAD:0.0469704% BID:0.4258 ASK:0.426 MID:0.4259 P1:0.4259 P2:0.42605 P3:0.4263 P4:0.4263 STATE:IDLE
[2026-05-11 18:54:03Z] CHK MOM:-0.11% RANGE:0.11% UP:0% SPREAD:0.0469704% BID:0.4258 ASK:0.426 MID:0.4259 P1:0.4259 P2:0.42605 P3:0.4263 P4:0.4263 STATE:IDLE
[2026-05-11 18:54:03Z] CHK MOM:-0.12% RANGE:0.12% UP:0% SPREAD:0.0234852% BID:0.4258 ASK:0.4259 MID:0.42585 P1:0.42585 P2:0.4259 P3:0.42605 P4:0.4263 STATE:IDLE
[2026-05-11 18:54:04Z] CHK MOM:-0.12% RANGE:0.12% UP:0% SPREAD:0.0234852% BID:0.4258 ASK:0.4259 MID:0.42585 P1:0.42585 P2:0.4259 P3:0.42605 P4:0.4263 STATE:IDLE
[2026-05-11 18:54:04Z] CHK MOM:-0.11% RANGE:0.12% UP:9.09% SPREAD:0.0469704% BID:0.4258 ASK:0.426 MID:0.4259 P1:0.4259 P2:0.42585 P3:0.4259 P4:0.42605 STATE:IDLE
[2026-05-11 18:54:05Z] CHK MOM:-0.11% RANGE:0.12% UP:9.09% SPREAD:0.0469704% BID:0.4258 ASK:0.426 MID:0.4259 P1:0.4259 P2:0.42585 P3:0.4259 P4:0.42605 STATE:IDLE
[2026-05-11 18:54:06Z] CHK MOM:-0.1% RANGE:0.11% UP:9.09% SPREAD:0.0469704% BID:0.4258 ASK:0.426 MID:0.4259 P1:0.4259 P2:0.4259 P3:0.42585 P4:0.4259 STATE:IDLE
[2026-05-11 18:54:06Z] CHK MOM:-0.12% RANGE:0.12% UP:8.33% SPREAD:0.04698144% BID:0.4257 ASK:0.4259 MID:0.4258 P1:0.4258 P2:0.4259 P3:0.4259 P4:0.42585 STATE:IDLE
[2026-05-11 18:54:07Z] CHK MOM:-0.14% RANGE:0.14% UP:8.33% SPREAD:0.04699248% BID:0.4256 ASK:0.4258 MID:0.42569999 P1:0.42569999 P2:0.4258 P3:0.4259 P4:0.4259 STATE:IDLE
[2026-05-11 18:54:07Z] CHK MOM:-0.14% RANGE:0.14% UP:7.69% SPREAD:0.04699248% BID:0.4256 ASK:0.4258 MID:0.42569999 P1:0.42569999 P2:0.42569999 P3:0.4258 P4:0.4259 STATE:IDLE
[2026-05-11 18:54:08Z] CHK MOM:-0.14% RANGE:0.14% UP:7.14% SPREAD:0.04699248% BID:0.4256 ASK:0.4258 MID:0.42569999 P1:0.42569999 P2:0.42569999 P3:0.42569999 P4:0.4258 STATE:IDLE
[2026-05-11 18:54:08Z] CHK MOM:-0.14% RANGE:0.14% UP:7.14% SPREAD:0.04699248% BID:0.4256 ASK:0.4258 MID:0.42569999 P1:0.42569999 P2:0.42569999 P3:0.42569999 P4:0.4258 STATE:IDLE
[2026-05-11 18:54:09Z] CHK MOM:-0.14% RANGE:0.14% UP:8.33% SPREAD:0.04699248% BID:0.4256 ASK:0.4258 MID:0.42569999 P1:0.42569999 P2:0.42569999 P3:0.42569999 P4:0.42569999 STATE:IDLE
[2026-05-11 18:54:09Z] CHK MOM:-0.1% RANGE:0.14% UP:15.38% SPREAD:0.0234852% BID:0.4258 ASK:0.4259 MID:0.42585 P1:0.42585 P2:0.42569999 P3:0.42569999 P4:0.42569999 STATE:IDLE
[2026-05-11 18:54:10Z] CHK MOM:-0.1% RANGE:0.14% UP:15.38% SPREAD:0.0234852% BID:0.4258 ASK:0.4259 MID:0.42585 P1:0.42585 P2:0.42569999 P3:0.42569999 P4:0.42569999 STATE:IDLE
[2026-05-11 18:54:11Z] CHK MOM:-0.1% RANGE:0.14% UP:14.28% SPREAD:0.0234852% BID:0.4258 ASK:0.4259 MID:0.42585 P1:0.42585 P2:0.42585 P3:0.42569999 P4:0.42569999 STATE:IDLE
[2026-05-11 18:54:11Z] CHK MOM:-0.11% RANGE:0.14% UP:14.28% SPREAD:0.04698144% BID:0.4257 ASK:0.4259 MID:0.4258 P1:0.4258 P2:0.42585 P3:0.42585 P4:0.42569999 STATE:IDLE
[2026-05-11 18:54:12Z] CHK MOM:-0.11% RANGE:0.14% UP:14.28% SPREAD:0.04698144% BID:0.4257 ASK:0.4259 MID:0.4258 P1:0.4258 P2:0.42585 P3:0.42585 P4:0.42569999 STATE:IDLE
[2026-05-11 18:54:12Z] CHK MOM:-0.11% RANGE:0.14% UP:13.33% SPREAD:0.04698144% BID:0.4257 ASK:0.4259 MID:0.4258 P1:0.4258 P2:0.4258 P3:0.42585 P4:0.42585 STATE:IDLE
[2026-05-11 18:54:13Z] CHK MOM:-0.11% RANGE:0.14% UP:13.33% SPREAD:0.04698144% BID:0.4257 ASK:0.4259 MID:0.4258 P1:0.4258 P2:0.4258 P3:0.42585 P4:0.42585 STATE:IDLE
[2026-05-11 18:54:13Z] CHK MOM:-0.04% RANGE:0.08% UP:21.42% SPREAD:0.0234852% BID:0.4258 ASK:0.4259 MID:0.42585 P1:0.42585 P2:0.4258 P3:0.4258 P4:0.42585 STATE:IDLE
[2026-05-11 18:54:14Z] CHK MOM:-0.05% RANGE:0.08% UP:20% SPREAD:0.04698144% BID:0.4257 ASK:0.4259 MID:0.4258 P1:0.4258 P2:0.42585 P3:0.4258 P4:0.4258 STATE:IDLE
[2026-05-11 18:54:14Z] CHK MOM:-0.01% RANGE:0.04% UP:26.66% SPREAD:0.0234852% BID:0.4258 ASK:0.4259 MID:0.42585 P1:0.42585 P2:0.4258 P3:0.42585 P4:0.4258 STATE:IDLE
[2026-05-11 18:54:15Z] CHK MOM:-0.01% RANGE:0.04% UP:26.66% SPREAD:0.04698144% BID:0.4257 ASK:0.4259 MID:0.4258 P1:0.4258 P2:0.42585 P3:0.4258 P4:0.42585 STATE:IDLE
[2026-05-11 18:54:15Z] CHK MOM:-0.01% RANGE:0.04% UP:25% SPREAD:0.04698144% BID:0.4257 ASK:0.4259 MID:0.4258 P1:0.4258 P2:0.4258 P3:0.42585 P4:0.4258 STATE:IDLE
[2026-05-11 18:54:16Z] CHK MOM:-0.01% RANGE:0.04% UP:25% SPREAD:0.0234852% BID:0.4258 ASK:0.4259 MID:0.42585 P1:0.42585 P2:0.4258 P3:0.4258 P4:0.42585 STATE:IDLE
[2026-05-11 18:54:17Z] CHK MOM:-0.01% RANGE:0.04% UP:25% SPREAD:0.0234852% BID:0.4258 ASK:0.4259 MID:0.42585 P1:0.42585 P2:0.42585 P3:0.4258 P4:0.4258 STATE:IDLE
[2026-05-11 18:54:17Z] CHK MOM:-0.01% RANGE:0.04% UP:25% SPREAD:0.0234852% BID:0.4258 ASK:0.4259 MID:0.42585 P1:0.42585 P2:0.42585 P3:0.4258 P4:0.4258 STATE:IDLE
[2026-05-11 18:54:18Z] CHK MOM:-0.07% RANGE:0.07% UP:23.52% SPREAD:0.04700352% BID:0.4255 ASK:0.4257 MID:0.4256 P1:0.4256 P2:0.42585 P3:0.42585 P4:0.4258 STATE:IDLE
[2026-05-11 18:54:18Z] CHK MOM:-0.03% RANGE:0.07% UP:25% SPREAD:0.02350176% BID:0.4255 ASK:0.4256 MID:0.42555 P1:0.42555 P2:0.4256 P3:0.42585 P4:0.42585 STATE:IDLE
[2026-05-11 18:54:19Z] CHK MOM:-0.03% RANGE:0.07% UP:25% SPREAD:0.02350176% BID:0.4255 ASK:0.4256 MID:0.42555 P1:0.42555 P2:0.4256 P3:0.42585 P4:0.42585 STATE:IDLE
[2026-05-11 18:54:19Z] CHK MOM:-0.03% RANGE:0.07% UP:26.66% SPREAD:0.02350176% BID:0.4255 ASK:0.4256 MID:0.42555 P1:0.42555 P2:0.42555 P3:0.4256 P4:0.42585 STATE:IDLE
[2026-05-11 18:54:20Z] CHK MOM:0% RANGE:0.07% UP:31.25% SPREAD:0.04699248% BID:0.4256 ASK:0.4258 MID:0.42569999 P1:0.42569999 P2:0.42555 P3:0.42555 P4:0.4256 STATE:IDLE
[2026-05-11 18:54:20Z] CHK MOM:0.02% RANGE:0.07% UP:37.5% SPREAD:0.04698144% BID:0.4257 ASK:0.4259 MID:0.4258 P1:0.4258 P2:0.42569999 P3:0.42555 P4:0.42555 STATE:IDLE
[2026-05-11 18:54:21Z] CHK MOM:0.02% RANGE:0.07% UP:37.5% SPREAD:0.04698144% BID:0.4257 ASK:0.4259 MID:0.4258 P1:0.4258 P2:0.42569999 P3:0.42555 P4:0.42555 STATE:IDLE
[2026-05-11 18:54:22Z] CHK MOM:0.02% RANGE:0.07% UP:37.5% SPREAD:0.04698144% BID:0.4257 ASK:0.4259 MID:0.4258 P1:0.4258 P2:0.42569999 P3:0.42555 P4:0.42555 STATE:IDLE
[2026-05-11 18:54:22Z] CHK MOM:-0.03% RANGE:0.07% UP:33.33% SPREAD:0.04699248% BID:0.4256 ASK:0.4258 MID:0.42569999 P1:0.42569999 P2:0.4258 P3:0.42569999 P4:0.42555 STATE:IDLE
[2026-05-11 18:54:23Z] CHK MOM:-0.03% RANGE:0.07% UP:33.33% SPREAD:0.04699248% BID:0.4256 ASK:0.4258 MID:0.42569999 P1:0.42569999 P2:0.4258 P3:0.42569999 P4:0.42555 STATE:IDLE
[2026-05-11 18:54:23Z] CHK MOM:-0.02% RANGE:0.07% UP:35.71% SPREAD:0.04699248% BID:0.4256 ASK:0.4258 MID:0.42569999 P1:0.42569999 P2:0.42569999 P3:0.4258 P4:0.42569999 STATE:IDLE
[2026-05-11 18:54:24Z] CHK MOM:-0.01% RANGE:0.07% UP:40% SPREAD:0.02349072% BID:0.4257 ASK:0.4258 MID:0.42575 P1:0.42575 P2:0.42569999 P3:0.42569999 P4:0.4258 STATE:IDLE
[2026-05-11 18:54:24Z] CHK MOM:-0.03% RANGE:0.07% UP:33.33% SPREAD:0.04699248% BID:0.4256 ASK:0.4258 MID:0.42569999 P1:0.42569999 P2:0.42575 P3:0.42569999 P4:0.42569999 STATE:IDLE
[2026-05-11 18:54:25Z] CHK MOM:-0.02% RANGE:0.07% UP:37.5% SPREAD:0.02349072% BID:0.4257 ASK:0.4258 MID:0.42575 P1:0.42575 P2:0.42569999 P3:0.42575 P4:0.42569999 STATE:IDLE
[2026-05-11 18:54:25Z] CHK MOM:-0.02% RANGE:0.07% UP:37.5% SPREAD:0.04699248% BID:0.4256 ASK:0.4258 MID:0.42569999 P1:0.42569999 P2:0.42575 P3:0.42569999 P4:0.42575 STATE:IDLE
[2026-05-11 18:54:26Z] CHK MOM:-0.02% RANGE:0.07% UP:37.5% SPREAD:0.04699248% BID:0.4256 ASK:0.4258 MID:0.42569999 P1:0.42569999 P2:0.42575 P3:0.42569999 P4:0.42575 STATE:IDLE
[2026-05-11 18:54:27Z] CHK MOM:-0.02% RANGE:0.07% UP:37.5% SPREAD:0.04699248% BID:0.4256 ASK:0.4258 MID:0.42569999 P1:0.42569999 P2:0.42575 P3:0.42569999 P4:0.42575 STATE:IDLE
[2026-05-11 18:54:27Z] CHK MOM:-0.02% RANGE:0.07% UP:37.5% SPREAD:0.04699248% BID:0.4256 ASK:0.4258 MID:0.42569999 P1:0.42569999 P2:0.42575 P3:0.42569999 P4:0.42575 STATE:IDLE
[2026-05-11 18:54:28Z] CHK MOM:-0.02% RANGE:0.07% UP:37.5% SPREAD:0.04699248% BID:0.4256 ASK:0.4258 MID:0.42569999 P1:0.42569999 P2:0.42575 P3:0.42569999 P4:0.42575 STATE:IDLE
[2026-05-11 18:54:30Z] CHK MOM:0.04% RANGE:0.05% UP:55.55% SPREAD:0.02349072% BID:0.4257 ASK:0.4258 MID:0.42575 P1:0.42575 P2:0.42569999 P3:0.42575 P4:0.42569999 STATE:IDLE
[2026-05-11 18:54:31Z] CHK MOM:0.04% RANGE:0.05% UP:55.55% SPREAD:0.02349072% BID:0.4257 ASK:0.4258 MID:0.42575 P1:0.42575 P2:0.42569999 P3:0.42575 P4:0.42569999 STATE:IDLE
[2026-05-11 18:54:31Z] CHK MOM:0.05% RANGE:0.05% UP:60% SPREAD:0.04698144% BID:0.4257 ASK:0.4259 MID:0.4258 P1:0.4258 P2:0.42575 P3:0.42569999 P4:0.42575 STATE:IDLE
[2026-05-11 18:54:32Z] CHK MOM:0.01% RANGE:0.03% UP:55.55% SPREAD:0.0234852% BID:0.4258 ASK:0.4259 MID:0.42585 P1:0.42585 P2:0.4258 P3:0.42575 P4:0.42569999 STATE:IDLE
[2026-05-11 18:54:33Z] CHK MOM:0% RANGE:0.03% UP:50% SPREAD:0.04698144% BID:0.4257 ASK:0.4259 MID:0.4258 P1:0.4258 P2:0.42585 P3:0.4258 P4:0.42575 STATE:IDLE
[2026-05-11 18:54:33Z] CHK MOM:0.03% RANGE:0.03% UP:60% SPREAD:0.0234852% BID:0.4258 ASK:0.4259 MID:0.42585 P1:0.42585 P2:0.4258 P3:0.42585 P4:0.4258 STATE:IDLE
[2026-05-11 18:54:34Z] CHK MOM:0.03% RANGE:0.03% UP:54.54% SPREAD:0.0234852% BID:0.4258 ASK:0.4259 MID:0.42585 P1:0.42585 P2:0.42585 P3:0.4258 P4:0.42585 STATE:IDLE
[2026-05-11 18:54:34Z] CHK MOM:0.03% RANGE:0.03% UP:54.54% SPREAD:0.0234852% BID:0.4258 ASK:0.4259 MID:0.42585 P1:0.42585 P2:0.42585 P3:0.42585 P4:0.4258 STATE:IDLE
[2026-05-11 18:54:35Z] CHK MOM:0.04% RANGE:0.04% UP:58.33% SPREAD:0.0469704% BID:0.4258 ASK:0.426 MID:0.4259 P1:0.4259 P2:0.42585 P3:0.42585 P4:0.42585 STATE:IDLE
[2026-05-11 18:54:35Z] CHK MOM:0.04% RANGE:0.04% UP:58.33% SPREAD:0.0469704% BID:0.4258 ASK:0.426 MID:0.4259 P1:0.4259 P2:0.42585 P3:0.42585 P4:0.42585 STATE:IDLE
[2026-05-11 18:54:36Z] CHK MOM:0.04% RANGE:0.04% UP:58.33% SPREAD:0.0469704% BID:0.4258 ASK:0.426 MID:0.4259 P1:0.4259 P2:0.42585 P3:0.42585 P4:0.42585 STATE:IDLE
[2026-05-11 18:54:36Z] CHK MOM:0.04% RANGE:0.04% UP:58.33% SPREAD:0.0469704% BID:0.4258 ASK:0.426 MID:0.4259 P1:0.4259 P2:0.42585 P3:0.42585 P4:0.42585 STATE:IDLE
[2026-05-11 18:54:37Z] CHK MOM:0.04% RANGE:0.04% UP:58.33% SPREAD:0.0469704% BID:0.4258 ASK:0.426 MID:0.4259 P1:0.4259 P2:0.42585 P3:0.42585 P4:0.42585 STATE:IDLE
[2026-05-11 18:54:38Z] CHK MOM:0.04% RANGE:0.04% UP:62.5% SPREAD:0.02347969% BID:0.4259 ASK:0.426 MID:0.42595 P1:0.42595 P2:0.4259 P3:0.42585 P4:0.42585 STATE:IDLE
[2026-05-11 18:54:39Z] CHK MOM:0.04% RANGE:0.04% UP:62.5% SPREAD:0.02347969% BID:0.4259 ASK:0.426 MID:0.42595 P1:0.42595 P2:0.4259 P3:0.42585 P4:0.42585 STATE:IDLE
[2026-05-11 18:54:39Z] CHK MOM:0.03% RANGE:0.04% UP:55.55% SPREAD:0.0469704% BID:0.4258 ASK:0.426 MID:0.4259 P1:0.4259 P2:0.42595 P3:0.4259 P4:0.42585 STATE:IDLE
[2026-05-11 18:54:40Z] CHK MOM:0.03% RANGE:0.04% UP:50% SPREAD:0.0469704% BID:0.4258 ASK:0.426 MID:0.4259 P1:0.4259 P2:0.4259 P3:0.42595 P4:0.4259 STATE:IDLE
[2026-05-11 18:54:40Z] CHK MOM:0.03% RANGE:0.04% UP:50% SPREAD:0.0469704% BID:0.4258 ASK:0.426 MID:0.4259 P1:0.4259 P2:0.4259 P3:0.42595 P4:0.4259 STATE:IDLE
[2026-05-11 18:54:41Z] CHK MOM:0.02% RANGE:0.04% UP:45.45% SPREAD:0.0234852% BID:0.4258 ASK:0.4259 MID:0.42585 P1:0.42585 P2:0.4259 P3:0.4259 P4:0.42595 STATE:IDLE
[2026-05-11 18:54:41Z] CHK MOM:0.02% RANGE:0.04% UP:45.45% SPREAD:0.0234852% BID:0.4258 ASK:0.4259 MID:0.42585 P1:0.42585 P2:0.4259 P3:0.4259 P4:0.42595 STATE:IDLE
[2026-05-11 18:54:42Z] CHK MOM:0.02% RANGE:0.04% UP:45.45% SPREAD:0.0234852% BID:0.4258 ASK:0.4259 MID:0.42585 P1:0.42585 P2:0.4259 P3:0.4259 P4:0.42595 STATE:IDLE
[2026-05-11 18:54:43Z] CHK MOM:0.02% RANGE:0.04% UP:45.45% SPREAD:0.0234852% BID:0.4258 ASK:0.4259 MID:0.42585 P1:0.42585 P2:0.4259 P3:0.4259 P4:0.42595 STATE:IDLE
[2026-05-11 18:54:43Z] CHK MOM:0.02% RANGE:0.04% UP:45.45% SPREAD:0.0234852% BID:0.4258 ASK:0.4259 MID:0.42585 P1:0.42585 P2:0.4259 P3:0.4259 P4:0.42595 STATE:IDLE
[2026-05-11 18:54:44Z] CHK MOM:0.02% RANGE:0.03% UP:40% SPREAD:0.02347969% BID:0.4259 ASK:0.426 MID:0.42595 P1:0.42595 P2:0.42585 P3:0.4259 P4:0.4259 STATE:IDLE
[2026-05-11 18:54:44Z] CHK MOM:0.01% RANGE:0.02% UP:33.33% SPREAD:0.0469704% BID:0.4258 ASK:0.426 MID:0.4259 P1:0.4259 P2:0.42595 P3:0.42585 P4:0.4259 STATE:IDLE
[2026-05-11 18:54:45Z] CHK MOM:0.01% RANGE:0.02% UP:30% SPREAD:0.0469704% BID:0.4258 ASK:0.426 MID:0.4259 P1:0.4259 P2:0.4259 P3:0.42595 P4:0.42585 STATE:IDLE
[2026-05-11 18:54:45Z] CHK MOM:0.01% RANGE:0.02% UP:27.27% SPREAD:0.0469704% BID:0.4258 ASK:0.426 MID:0.4259 P1:0.4259 P2:0.4259 P3:0.4259 P4:0.42595 STATE:IDLE
[2026-05-11 18:54:46Z] CHK MOM:0.01% RANGE:0.02% UP:30% SPREAD:0.0469704% BID:0.4258 ASK:0.426 MID:0.4259 P1:0.4259 P2:0.4259 P3:0.4259 P4:0.4259 STATE:IDLE
[2026-05-11 18:54:46Z] CHK MOM:0.01% RANGE:0.02% UP:30% SPREAD:0.0469704% BID:0.4258 ASK:0.426 MID:0.4259 P1:0.4259 P2:0.4259 P3:0.4259 P4:0.4259 STATE:IDLE
[2026-05-11 18:54:47Z] CHK MOM:-0.01% RANGE:0.02% UP:11.11% SPREAD:0.0469704% BID:0.4258 ASK:0.426 MID:0.4259 P1:0.4259 P2:0.4259 P3:0.4259 P4:0.4259 STATE:IDLE
[2026-05-11 18:54:47Z] CHK MOM:-0.01% RANGE:0.02% UP:11.11% SPREAD:0.0469704% BID:0.4258 ASK:0.426 MID:0.4259 P1:0.4259 P2:0.4259 P3:0.4259 P4:0.4259 STATE:IDLE
[2026-05-11 18:54:48Z] CHK MOM:-0.01% RANGE:0.02% UP:11.11% SPREAD:0.0469704% BID:0.4258 ASK:0.426 MID:0.4259 P1:0.4259 P2:0.4259 P3:0.4259 P4:0.4259 STATE:IDLE
[2026-05-11 18:54:49Z] CHK MOM:0% RANGE:0.02% UP:20% SPREAD:0.02347969% BID:0.4259 ASK:0.426 MID:0.42595 P1:0.42595 P2:0.4259 P3:0.4259 P4:0.4259 STATE:IDLE
[2026-05-11 18:54:49Z] CHK MOM:0.03% RANGE:0.05% UP:27.27% SPREAD:0.04694835% BID:0.426 ASK:0.4262 MID:0.4261 P1:0.4261 P2:0.42595 P3:0.4259 P4:0.4259 STATE:IDLE
[2026-05-11 18:54:50Z] CHK MOM:0.02% RANGE:0.05% UP:25% SPREAD:0.02347417% BID:0.426 ASK:0.4261 MID:0.42605 P1:0.42605 P2:0.4261 P3:0.42595 P4:0.4259 STATE:IDLE
[2026-05-11 18:54:50Z] CHK MOM:0.02% RANGE:0.05% UP:25% SPREAD:0.02347417% BID:0.426 ASK:0.4261 MID:0.42605 P1:0.42605 P2:0.4261 P3:0.42595 P4:0.4259 STATE:IDLE
[2026-05-11 18:54:51Z] CHK MOM:0.02% RANGE:0.05% UP:25% SPREAD:0.02347417% BID:0.426 ASK:0.4261 MID:0.42605 P1:0.42605 P2:0.4261 P3:0.42595 P4:0.4259 STATE:IDLE
[2026-05-11 18:54:51Z] CHK MOM:0.02% RANGE:0.05% UP:25% SPREAD:0.02347417% BID:0.426 ASK:0.4261 MID:0.42605 P1:0.42605 P2:0.4261 P3:0.42595 P4:0.4259 STATE:IDLE
[2026-05-11 18:54:52Z] CHK MOM:0.02% RANGE:0.05% UP:25% SPREAD:0.02347417% BID:0.426 ASK:0.4261 MID:0.42605 P1:0.42605 P2:0.4261 P3:0.42595 P4:0.4259 STATE:IDLE
[2026-05-11 18:54:52Z] CHK MOM:0.02% RANGE:0.05% UP:25% SPREAD:0.02347417% BID:0.426 ASK:0.4261 MID:0.42605 P1:0.42605 P2:0.4261 P3:0.42595 P4:0.4259 STATE:IDLE
[2026-05-11 18:54:54Z] CHK MOM:0.02% RANGE:0.04% UP:22.22% SPREAD:0.02347417% BID:0.426 ASK:0.4261 MID:0.42605 P1:0.42605 P2:0.42605 P3:0.4261 P4:0.42595 STATE:IDLE
[2026-05-11 18:54:54Z] CHK MOM:0.02% RANGE:0.04% UP:22.22% SPREAD:0.02347417% BID:0.426 ASK:0.4261 MID:0.42605 P1:0.42605 P2:0.42605 P3:0.4261 P4:0.42595 STATE:IDLE
[2026-05-11 18:54:55Z] CHK MOM:0.02% RANGE:0.04% UP:22.22% SPREAD:0.02347417% BID:0.426 ASK:0.4261 MID:0.42605 P1:0.42605 P2:0.42605 P3:0.4261 P4:0.42595 STATE:IDLE
[2026-05-11 18:54:55Z] CHK MOM:0.02% RANGE:0.04% UP:22.22% SPREAD:0.02347417% BID:0.426 ASK:0.4261 MID:0.42605 P1:0.42605 P2:0.42605 P3:0.4261 P4:0.42595 STATE:IDLE
[2026-05-11 18:54:56Z] CHK MOM:0.07% RANGE:0.07% UP:33.33% SPREAD:0.04693733% BID:0.4261 ASK:0.4263 MID:0.4262 P1:0.4262 P2:0.42605 P3:0.42605 P4:0.4261 STATE:IDLE
[2026-05-11 18:54:56Z] CHK MOM:0.07% RANGE:0.07% UP:33.33% SPREAD:0.04693733% BID:0.4261 ASK:0.4263 MID:0.4262 P1:0.4262 P2:0.4262 P3:0.42605 P4:0.42605 STATE:IDLE
[2026-05-11 18:54:57Z] CHK MOM:0.08% RANGE:0.08% UP:40% SPREAD:0.02346316% BID:0.4262 ASK:0.4263 MID:0.42625 P1:0.42625 P2:0.4262 P3:0.4262 P4:0.42605 STATE:IDLE
[2026-05-11 18:54:57Z] CHK MOM:0.08% RANGE:0.08% UP:40% SPREAD:0.02346316% BID:0.4262 ASK:0.4263 MID:0.42625 P1:0.42625 P2:0.4262 P3:0.4262 P4:0.42605 STATE:IDLE
[2026-05-11 18:54:58Z] CHK MOM:0.08% RANGE:0.08% UP:44.44% SPREAD:0.02346316% BID:0.4262 ASK:0.4263 MID:0.42625 P1:0.42625 P2:0.42625 P3:0.4262 P4:0.4262 STATE:IDLE
[2026-05-11 18:54:58Z] CHK MOM:0.05% RANGE:0.08% UP:44.44% SPREAD:0.02346866% BID:0.4261 ASK:0.4262 MID:0.42615 P1:0.42615 P2:0.42625 P3:0.42625 P4:0.4262 STATE:IDLE
[2026-05-11 18:54:59Z] CHK MOM:0.05% RANGE:0.08% UP:44.44% SPREAD:0.02346866% BID:0.4261 ASK:0.4262 MID:0.42615 P1:0.42615 P2:0.42625 P3:0.42625 P4:0.4262 STATE:IDLE
[2026-05-11 18:54:59Z] CHK MOM:0.05% RANGE:0.08% UP:44.44% SPREAD:0.02346866% BID:0.4261 ASK:0.4262 MID:0.42615 P1:0.42615 P2:0.42625 P3:0.42625 P4:0.4262 STATE:IDLE
[2026-05-11 18:55:00Z] CHK MOM:0.04% RANGE:0.07% UP:33.33% SPREAD:0.02346866% BID:0.4261 ASK:0.4262 MID:0.42615 P1:0.42615 P2:0.42615 P3:0.42625 P4:0.42625 STATE:IDLE
[2026-05-11 18:55:00Z] CHK MOM:0.02% RANGE:0.07% UP:30% SPREAD:0.02347417% BID:0.426 ASK:0.4261 MID:0.42605 P1:0.42605 P2:0.42615 P3:0.42615 P4:0.42625 STATE:IDLE
[2026-05-11 18:55:01Z] CHK MOM:0.02% RANGE:0.07% UP:30% SPREAD:0.02347417% BID:0.426 ASK:0.4261 MID:0.42605 P1:0.42605 P2:0.42615 P3:0.42615 P4:0.42625 STATE:IDLE
[2026-05-11 18:55:02Z] CHK MOM:0.02% RANGE:0.07% UP:30% SPREAD:0.02347417% BID:0.426 ASK:0.4261 MID:0.42605 P1:0.42605 P2:0.42615 P3:0.42615 P4:0.42625 STATE:IDLE
[2026-05-11 18:55:02Z] CHK MOM:-0.02% RANGE:0.07% UP:25% SPREAD:0.02347969% BID:0.4259 ASK:0.426 MID:0.42595 P1:0.42595 P2:0.42605 P3:0.42615 P4:0.42615 STATE:IDLE
[2026-05-11 18:55:03Z] CHK MOM:0% RANGE:0.07% UP:33.33% SPREAD:0.02347417% BID:0.426 ASK:0.4261 MID:0.42605 P1:0.42605 P2:0.42595 P3:0.42605 P4:0.42615 STATE:IDLE
[2026-05-11 18:55:03Z] CHK MOM:0% RANGE:0.07% UP:33.33% SPREAD:0.02347417% BID:0.426 ASK:0.4261 MID:0.42605 P1:0.42605 P2:0.42595 P3:0.42605 P4:0.42615 STATE:IDLE
[2026-05-11 18:55:04Z] CHK MOM:0% RANGE:0.07% UP:33.33% SPREAD:0.02347417% BID:0.426 ASK:0.4261 MID:0.42605 P1:0.42605 P2:0.42595 P3:0.42605 P4:0.42615 STATE:IDLE
[2026-05-11 18:55:05Z] CHK MOM:0% RANGE:0.07% UP:33.33% SPREAD:0.02347417% BID:0.426 ASK:0.4261 MID:0.42605 P1:0.42605 P2:0.42595 P3:0.42605 P4:0.42615 STATE:IDLE
[2026-05-11 18:55:05Z] CHK MOM:0% RANGE:0.07% UP:30% SPREAD:0.02347417% BID:0.426 ASK:0.4261 MID:0.42605 P1:0.42605 P2:0.42605 P3:0.42595 P4:0.42605 STATE:IDLE
[2026-05-11 18:55:06Z] CHK MOM:0% RANGE:0.07% UP:30% SPREAD:0.02347417% BID:0.426 ASK:0.4261 MID:0.42605 P1:0.42605 P2:0.42605 P3:0.42595 P4:0.42605 STATE:IDLE
[2026-05-11 18:55:06Z] CHK MOM:0% RANGE:0.07% UP:30% SPREAD:0.02347417% BID:0.426 ASK:0.4261 MID:0.42605 P1:0.42605 P2:0.42605 P3:0.42595 P4:0.42605 STATE:IDLE
[2026-05-11 18:55:07Z] CHK MOM:0% RANGE:0.07% UP:30% SPREAD:0.02347417% BID:0.426 ASK:0.4261 MID:0.42605 P1:0.42605 P2:0.42605 P3:0.42595 P4:0.42605 STATE:IDLE
[2026-05-11 18:55:07Z] CHK MOM:0% RANGE:0.07% UP:30% SPREAD:0.02347417% BID:0.426 ASK:0.4261 MID:0.42605 P1:0.42605 P2:0.42605 P3:0.42595 P4:0.42605 STATE:IDLE
[2026-05-11 18:55:08Z] CHK MOM:-0.05% RANGE:0.07% UP:14.28% SPREAD:0.04695938% BID:0.4259 ASK:0.4261 MID:0.426 P1:0.426 P2:0.42605 P3:0.42605 P4:0.42595 STATE:IDLE
[2026-05-11 18:55:09Z] CHK MOM:-0.04% RANGE:0.07% UP:25% SPREAD:0.02347417% BID:0.426 ASK:0.4261 MID:0.42605 P1:0.42605 P2:0.426 P3:0.42605 P4:0.42605 STATE:IDLE
[2026-05-11 18:55:10Z] CHK MOM:-0.08% RANGE:0.08% UP:22.22% SPREAD:0.0469704% BID:0.4258 ASK:0.426 MID:0.4259 P1:0.4259 P2:0.42605 P3:0.426 P4:0.42605 STATE:IDLE
[2026-05-11 18:55:10Z] CHK MOM:-0.05% RANGE:0.05% UP:25% SPREAD:0.0469704% BID:0.4258 ASK:0.426 MID:0.4259 P1:0.4259 P2:0.4259 P3:0.42605 P4:0.426 STATE:IDLE
[2026-05-11 18:55:11Z] CHK MOM:-0.05% RANGE:0.05% UP:22.22% SPREAD:0.0469704% BID:0.4258 ASK:0.426 MID:0.4259 P1:0.4259 P2:0.4259 P3:0.4259 P4:0.42605 STATE:IDLE
[2026-05-11 18:55:11Z] CHK MOM:-0.05% RANGE:0.05% UP:22.22% SPREAD:0.0469704% BID:0.4258 ASK:0.426 MID:0.4259 P1:0.4259 P2:0.4259 P3:0.4259 P4:0.42605 STATE:IDLE
[2026-05-11 18:55:12Z] CHK MOM:-0.07% RANGE:0.07% UP:20% SPREAD:0.0234852% BID:0.4258 ASK:0.4259 MID:0.42585 P1:0.42585 P2:0.4259 P3:0.4259 P4:0.4259 STATE:IDLE
[2026-05-11 18:55:12Z] CHK MOM:-0.01% RANGE:0.04% UP:33.33% SPREAD:0.0469704% BID:0.4258 ASK:0.426 MID:0.4259 P1:0.4259 P2:0.42585 P3:0.4259 P4:0.4259 STATE:IDLE
[2026-05-11 18:55:13Z] CHK MOM:-0.02% RANGE:0.04% UP:30% SPREAD:0.0234852% BID:0.4258 ASK:0.4259 MID:0.42585 P1:0.42585 P2:0.4259 P3:0.42585 P4:0.4259 STATE:IDLE
[2026-05-11 18:55:13Z] CHK MOM:-0.02% RANGE:0.04% UP:30% SPREAD:0.0234852% BID:0.4258 ASK:0.4259 MID:0.42585 P1:0.42585 P2:0.4259 P3:0.42585 P4:0.4259 STATE:IDLE
[2026-05-11 18:55:14Z] CHK MOM:-0.02% RANGE:0.04% UP:27.27% SPREAD:0.0234852% BID:0.4258 ASK:0.4259 MID:0.42585 P1:0.42585 P2:0.42585 P3:0.4259 P4:0.42585 STATE:IDLE
[2026-05-11 18:55:14Z] CHK MOM:-0.03% RANGE:0.04% UP:30% SPREAD:0.0469704% BID:0.4258 ASK:0.426 MID:0.4259 P1:0.4259 P2:0.42585 P3:0.42585 P4:0.4259 STATE:IDLE
[2026-05-11 18:55:15Z] CHK MOM:-0.03% RANGE:0.04% UP:27.27% SPREAD:0.0469704% BID:0.4258 ASK:0.426 MID:0.4259 P1:0.4259 P2:0.4259 P3:0.42585 P4:0.42585 STATE:IDLE
[2026-05-11 18:55:16Z] CHK MOM:-0.01% RANGE:0.04% UP:33.33% SPREAD:0.04695938% BID:0.4259 ASK:0.4261 MID:0.426 P1:0.426 P2:0.4259 P3:0.4259 P4:0.42585 STATE:IDLE
[2026-05-11 18:55:16Z] CHK MOM:-0.01% RANGE:0.04% UP:30.76% SPREAD:0.04695938% BID:0.4259 ASK:0.4261 MID:0.426 P1:0.426 P2:0.426 P3:0.4259 P4:0.4259 STATE:IDLE
[2026-05-11 18:55:17Z] CHK MOM:0.04% RANGE:0.08% UP:38.46% SPREAD:0.04693733% BID:0.4261 ASK:0.4263 MID:0.4262 P1:0.4262 P2:0.426 P3:0.426 P4:0.4259 STATE:IDLE
[2026-05-11 18:55:17Z] CHK MOM:0.15% RANGE:0.18% UP:42.85% SPREAD:0.02344116% BID:0.4266 ASK:0.4267 MID:0.42665 P1:0.42665 P2:0.4262 P3:0.426 P4:0.426 STATE:IDLE
[2026-05-11 18:55:18Z] DECIDE_HOLD reason=HOLD_BURST_EMA spread=0.0234% mom=0.1526% range=0.1879% up=42.86% mid=0.42665000 P1=0.42665 P2=0.4262 P3=0.426 P4=0.426 ema1=0
[2026-05-11 18:55:19Z] CHK MOM:0.23% RANGE:0.27% UP:46.66% SPREAD:0.04684937% BID:0.4269 ASK:0.4271 MID:0.427 P1:0.427 P2:0.42665 P3:0.4262 P4:0.426 STATE:IDLE
[2026-05-11 18:55:19Z] CHK MOM:0.25% RANGE:0.29% UP:50% SPREAD:0.0468384% BID:0.427 ASK:0.4272 MID:0.4271 P1:0.4271 P2:0.427 P3:0.42665 P4:0.4262 STATE:IDLE
[2026-05-11 18:55:20Z] CHK MOM:0.25% RANGE:0.29% UP:47.05% SPREAD:0.0468384% BID:0.427 ASK:0.4272 MID:0.4271 P1:0.4271 P2:0.4271 P3:0.427 P4:0.42665 STATE:IDLE
[2026-05-11 18:55:21Z] CHK MOM:0.25% RANGE:0.29% UP:44.44% SPREAD:0.0468384% BID:0.427 ASK:0.4272 MID:0.4271 P1:0.4271 P2:0.4271 P3:0.4271 P4:0.427 STATE:IDLE
[2026-05-11 18:55:21Z] CHK MOM:0.29% RANGE:0.3% UP:50% SPREAD:0.02341372% BID:0.4271 ASK:0.4272 MID:0.42715 P1:0.42715 P2:0.4271 P3:0.4271 P4:0.4271 STATE:IDLE
[2026-05-11 18:55:22Z] CHK MOM:0.28% RANGE:0.3% UP:47.05% SPREAD:0.0468384% BID:0.427 ASK:0.4272 MID:0.4271 P1:0.4271 P2:0.42715 P3:0.4271 P4:0.4271 STATE:IDLE
[2026-05-11 18:55:22Z] CHK MOM:0.25% RANGE:0.3% UP:47.05% SPREAD:0.04684937% BID:0.4269 ASK:0.4271 MID:0.427 P1:0.427 P2:0.4271 P3:0.42715 P4:0.4271 STATE:IDLE
[2026-05-11 18:55:23Z] CHK MOM:0.25% RANGE:0.3% UP:44.44% SPREAD:0.04684937% BID:0.4269 ASK:0.4271 MID:0.427 P1:0.427 P2:0.427 P3:0.4271 P4:0.42715 STATE:IDLE
[2026-05-11 18:55:23Z] CHK MOM:0.25% RANGE:0.3% UP:44.44% SPREAD:0.04684937% BID:0.4269 ASK:0.4271 MID:0.427 P1:0.427 P2:0.427 P3:0.4271 P4:0.42715 STATE:IDLE
[2026-05-11 18:55:24Z] CHK MOM:0.24% RANGE:0.3% UP:44.44% SPREAD:0.04686035% BID:0.4268 ASK:0.427 MID:0.4269 P1:0.4269 P2:0.427 P3:0.427 P4:0.4271 STATE:IDLE
[2026-05-11 18:55:24Z] CHK MOM:0.23% RANGE:0.3% UP:38.88% SPREAD:0.04686035% BID:0.4268 ASK:0.427 MID:0.4269 P1:0.4269 P2:0.4269 P3:0.427 P4:0.427 STATE:IDLE
[2026-05-11 18:55:25Z] CHK MOM:0.25% RANGE:0.3% UP:47.05% SPREAD:0.02342468% BID:0.4269 ASK:0.427 MID:0.42695 P1:0.42695 P2:0.4269 P3:0.4269 P4:0.427 STATE:IDLE
[2026-05-11 18:55:25Z] CHK MOM:0.25% RANGE:0.3% UP:44.44% SPREAD:0.02342468% BID:0.4269 ASK:0.427 MID:0.42695 P1:0.42695 P2:0.42695 P3:0.4269 P4:0.4269 STATE:IDLE
[2026-05-11 18:55:26Z] CHK MOM:0.27% RANGE:0.3% UP:47.36% SPREAD:0.04684937% BID:0.4269 ASK:0.4271 MID:0.427 P1:0.427 P2:0.42695 P3:0.42695 P4:0.4269 STATE:IDLE
[2026-05-11 18:55:27Z] CHK MOM:0.29% RANGE:0.29% UP:50% SPREAD:0.02341372% BID:0.4271 ASK:0.4272 MID:0.42715 P1:0.42715 P2:0.427 P3:0.42695 P4:0.42695 STATE:IDLE
[2026-05-11 18:55:27Z] CHK MOM:0.26% RANGE:0.26% UP:44.44% SPREAD:0.02341372% BID:0.4271 ASK:0.4272 MID:0.42715 P1:0.42715 P2:0.42715 P3:0.427 P4:0.42695 STATE:IDLE
[2026-05-11 18:55:28Z] CHK MOM:0.26% RANGE:0.26% UP:44.44% SPREAD:0.02341372% BID:0.4271 ASK:0.4272 MID:0.42715 P1:0.42715 P2:0.42715 P3:0.427 P4:0.42695 STATE:IDLE
[2026-05-11 18:55:28Z] CHK MOM:0.26% RANGE:0.26% UP:44.44% SPREAD:0.02341372% BID:0.4271 ASK:0.4272 MID:0.42715 P1:0.42715 P2:0.42715 P3:0.42715 P4:0.427 STATE:IDLE
[2026-05-11 18:55:29Z] CHK MOM:0.26% RANGE:0.26% UP:44.44% SPREAD:0.02341372% BID:0.4271 ASK:0.4272 MID:0.42715 P1:0.42715 P2:0.42715 P3:0.42715 P4:0.427 STATE:IDLE
[2026-05-11 18:55:29Z] CHK MOM:0.11% RANGE:0.11% UP:35.29% SPREAD:0.02341372% BID:0.4271 ASK:0.4272 MID:0.42715 P1:0.42715 P2:0.42715 P3:0.42715 P4:0.42715 STATE:IDLE
[2026-05-11 18:55:30Z] CHK MOM:0.11% RANGE:0.11% UP:35.29% SPREAD:0.02341372% BID:0.4271 ASK:0.4272 MID:0.42715 P1:0.42715 P2:0.42715 P3:0.42715 P4:0.42715 STATE:IDLE
[2026-05-11 18:55:30Z] CHK MOM:0.03% RANGE:0.05% UP:29.41% SPREAD:0.02341372% BID:0.4271 ASK:0.4272 MID:0.42715 P1:0.42715 P2:0.42715 P3:0.42715 P4:0.42715 STATE:IDLE
[2026-05-11 18:55:31Z] CHK MOM:0.03% RANGE:0.05% UP:29.41% SPREAD:0.02341372% BID:0.4271 ASK:0.4272 MID:0.42715 P1:0.42715 P2:0.42715 P3:0.42715 P4:0.42715 STATE:IDLE
[2026-05-11 18:55:32Z] CHK MOM:0.01% RANGE:0.05% UP:23.52% SPREAD:0.02341372% BID:0.4271 ASK:0.4272 MID:0.42715 P1:0.42715 P2:0.42715 P3:0.42715 P4:0.42715 STATE:IDLE
[2026-05-11 18:55:32Z] CHK MOM:0.02% RANGE:0.07% UP:31.25% SPREAD:0.04682744% BID:0.4271 ASK:0.4273 MID:0.4272 P1:0.4272 P2:0.42715 P3:0.42715 P4:0.42715 STATE:IDLE
[2026-05-11 18:55:33Z] CHK MOM:0.02% RANGE:0.07% UP:31.25% SPREAD:0.04682744% BID:0.4271 ASK:0.4273 MID:0.4272 P1:0.4272 P2:0.42715 P3:0.42715 P4:0.42715 STATE:IDLE
[2026-05-11 18:55:33Z] CHK MOM:0.04% RANGE:0.09% UP:33.33% SPREAD:0.04681647% BID:0.4272 ASK:0.4274 MID:0.4273 P1:0.4273 P2:0.4272 P3:0.42715 P4:0.42715 STATE:IDLE
[2026-05-11 18:55:34Z] CHK MOM:0.04% RANGE:0.09% UP:33.33% SPREAD:0.04681647% BID:0.4272 ASK:0.4274 MID:0.4273 P1:0.4273 P2:0.4272 P3:0.42715 P4:0.42715 STATE:IDLE
[2026-05-11 18:55:34Z] CHK MOM:0.04% RANGE:0.09% UP:33.33% SPREAD:0.04681647% BID:0.4272 ASK:0.4274 MID:0.4273 P1:0.4273 P2:0.4272 P3:0.42715 P4:0.42715 STATE:IDLE
[2026-05-11 18:55:35Z] CHK MOM:0.04% RANGE:0.09% UP:33.33% SPREAD:0.04681647% BID:0.4272 ASK:0.4274 MID:0.4273 P1:0.4273 P2:0.4272 P3:0.42715 P4:0.42715 STATE:IDLE
[2026-05-11 18:55:35Z] CHK MOM:0.09% RANGE:0.09% UP:38.46% SPREAD:0.04681647% BID:0.4272 ASK:0.4274 MID:0.4273 P1:0.4273 P2:0.4273 P3:0.4272 P4:0.42715 STATE:IDLE
[2026-05-11 18:55:36Z] CHK MOM:0.09% RANGE:0.09% UP:38.46% SPREAD:0.04681647% BID:0.4272 ASK:0.4274 MID:0.4273 P1:0.4273 P2:0.4273 P3:0.4272 P4:0.42715 STATE:IDLE
[2026-05-11 18:55:36Z] CHK MOM:0.09% RANGE:0.09% UP:38.46% SPREAD:0.04681647% BID:0.4272 ASK:0.4274 MID:0.4273 P1:0.4273 P2:0.4273 P3:0.4272 P4:0.42715 STATE:IDLE
[2026-05-11 18:55:37Z] CHK MOM:0.09% RANGE:0.09% UP:38.46% SPREAD:0.04681647% BID:0.4272 ASK:0.4274 MID:0.4273 P1:0.4273 P2:0.4273 P3:0.4272 P4:0.42715 STATE:IDLE
[2026-05-11 18:55:38Z] CHK MOM:0.07% RANGE:0.07% UP:30% SPREAD:0.04681647% BID:0.4272 ASK:0.4274 MID:0.4273 P1:0.4273 P2:0.4273 P3:0.4273 P4:0.4272 STATE:IDLE
[2026-05-11 18:55:38Z] CHK MOM:0.07% RANGE:0.07% UP:30% SPREAD:0.04681647% BID:0.4272 ASK:0.4274 MID:0.4273 P1:0.4273 P2:0.4273 P3:0.4273 P4:0.4272 STATE:IDLE
[2026-05-11 18:55:39Z] CHK MOM:0.03% RANGE:0.03% UP:22.22% SPREAD:0.04681647% BID:0.4272 ASK:0.4274 MID:0.4273 P1:0.4273 P2:0.4273 P3:0.4273 P4:0.4273 STATE:IDLE
[2026-05-11 18:55:39Z] CHK MOM:0.02% RANGE:0.03% UP:20% SPREAD:0.02340823% BID:0.4272 ASK:0.4273 MID:0.42725 P1:0.42725 P2:0.4273 P3:0.4273 P4:0.4273 STATE:IDLE
[2026-05-11 18:55:40Z] CHK MOM:0.02% RANGE:0.03% UP:20% SPREAD:0.02340823% BID:0.4272 ASK:0.4273 MID:0.42725 P1:0.42725 P2:0.42725 P3:0.4273 P4:0.4273 STATE:IDLE
[2026-05-11 18:55:40Z] CHK MOM:0.02% RANGE:0.03% UP:18.18% SPREAD:0.02340823% BID:0.4272 ASK:0.4273 MID:0.42725 P1:0.42725 P2:0.42725 P3:0.42725 P4:0.4273 STATE:IDLE
[2026-05-11 18:55:41Z] CHK MOM:0.02% RANGE:0.03% UP:18.18% SPREAD:0.02340823% BID:0.4272 ASK:0.4273 MID:0.42725 P1:0.42725 P2:0.42725 P3:0.42725 P4:0.42725 STATE:IDLE
[2026-05-11 18:55:41Z] CHK MOM:0.02% RANGE:0.03% UP:18.18% SPREAD:0.02340823% BID:0.4272 ASK:0.4273 MID:0.42725 P1:0.42725 P2:0.42725 P3:0.42725 P4:0.42725 STATE:IDLE
[2026-05-11 18:55:42Z] CHK MOM:0.02% RANGE:0.03% UP:18.18% SPREAD:0.02340823% BID:0.4272 ASK:0.4273 MID:0.42725 P1:0.42725 P2:0.42725 P3:0.42725 P4:0.42725 STATE:IDLE
[2026-05-11 18:55:43Z] CHK MOM:0.02% RANGE:0.03% UP:18.18% SPREAD:0.02340823% BID:0.4272 ASK:0.4273 MID:0.42725 P1:0.42725 P2:0.42725 P3:0.42725 P4:0.42725 STATE:IDLE
[2026-05-11 18:55:43Z] CHK MOM:0.02% RANGE:0.03% UP:18.18% SPREAD:0.02340823% BID:0.4272 ASK:0.4273 MID:0.42725 P1:0.42725 P2:0.42725 P3:0.42725 P4:0.42725 STATE:IDLE
[2026-05-11 18:55:44Z] CHK MOM:0% RANGE:0.02% UP:10% SPREAD:0.04682744% BID:0.4271 ASK:0.4273 MID:0.4272 P1:0.4272 P2:0.42725 P3:0.42725 P4:0.42725 STATE:IDLE
[2026-05-11 18:55:44Z] CHK MOM:0% RANGE:0.02% UP:10% SPREAD:0.04682744% BID:0.4271 ASK:0.4273 MID:0.4272 P1:0.4272 P2:0.42725 P3:0.42725 P4:0.42725 STATE:IDLE
[2026-05-11 18:55:45Z] CHK MOM:0% RANGE:0.02% UP:10% SPREAD:0.04682744% BID:0.4271 ASK:0.4273 MID:0.4272 P1:0.4272 P2:0.42725 P3:0.42725 P4:0.42725 STATE:IDLE
[2026-05-11 18:55:45Z] CHK MOM:-0.01% RANGE:0.02% UP:11.11% SPREAD:0.07024116% BID:0.4271 ASK:0.4274 MID:0.42725 P1:0.42725 P2:0.4272 P3:0.42725 P4:0.42725 STATE:IDLE
[2026-05-11 18:55:46Z] CHK MOM:-0.02% RANGE:0.02% UP:10% SPREAD:0.04682744% BID:0.4271 ASK:0.4273 MID:0.4272 P1:0.4272 P2:0.42725 P3:0.4272 P4:0.42725 STATE:IDLE
[2026-05-11 18:55:46Z] CHK MOM:-0.02% RANGE:0.02% UP:10% SPREAD:0.04682744% BID:0.4271 ASK:0.4273 MID:0.4272 P1:0.4272 P2:0.42725 P3:0.4272 P4:0.42725 STATE:IDLE
[2026-05-11 18:55:47Z] CHK MOM:-0.02% RANGE:0.02% UP:10% SPREAD:0.04682744% BID:0.4271 ASK:0.4273 MID:0.4272 P1:0.4272 P2:0.42725 P3:0.4272 P4:0.42725 STATE:IDLE
[2026-05-11 18:55:48Z] CHK MOM:-0.02% RANGE:0.02% UP:10% SPREAD:0.04682744% BID:0.4271 ASK:0.4273 MID:0.4272 P1:0.4272 P2:0.42725 P3:0.4272 P4:0.42725 STATE:IDLE
[2026-05-11 18:55:48Z] CHK MOM:-0.02% RANGE:0.02% UP:10% SPREAD:0.04682744% BID:0.4271 ASK:0.4273 MID:0.4272 P1:0.4272 P2:0.4272 P3:0.42725 P4:0.4272 STATE:IDLE
[2026-05-11 18:55:49Z] CHK MOM:-0.02% RANGE:0.02% UP:9.09% SPREAD:0.04682744% BID:0.4271 ASK:0.4273 MID:0.4272 P1:0.4272 P2:0.4272 P3:0.4272 P4:0.42725 STATE:IDLE
[2026-05-11 18:55:49Z] CHK MOM:-0.02% RANGE:0.02% UP:8.33% SPREAD:0.04682744% BID:0.4271 ASK:0.4273 MID:0.4272 P1:0.4272 P2:0.4272 P3:0.4272 P4:0.4272 STATE:IDLE
[2026-05-11 18:55:50Z] CHK MOM:-0.02% RANGE:0.02% UP:8.33% SPREAD:0.04682744% BID:0.4271 ASK:0.4273 MID:0.4272 P1:0.4272 P2:0.4272 P3:0.4272 P4:0.4272 STATE:IDLE
[2026-05-11 18:55:50Z] CHK MOM:-0.02% RANGE:0.02% UP:8.33% SPREAD:0.04682744% BID:0.4271 ASK:0.4273 MID:0.4272 P1:0.4272 P2:0.4272 P3:0.4272 P4:0.4272 STATE:IDLE
[2026-05-11 18:55:51Z] CHK MOM:-0.02% RANGE:0.02% UP:8.33% SPREAD:0.04682744% BID:0.4271 ASK:0.4273 MID:0.4272 P1:0.4272 P2:0.4272 P3:0.4272 P4:0.4272 STATE:IDLE
[2026-05-11 18:55:51Z] CHK MOM:-0.02% RANGE:0.02% UP:8.33% SPREAD:0.04682744% BID:0.4271 ASK:0.4273 MID:0.4272 P1:0.4272 P2:0.4272 P3:0.4272 P4:0.4272 STATE:IDLE
[2026-05-11 18:55:52Z] CHK MOM:-0.02% RANGE:0.02% UP:10% SPREAD:0.02341372% BID:0.4271 ASK:0.4272 MID:0.42715 P1:0.42715 P2:0.4272 P3:0.4272 P4:0.4272 STATE:IDLE
[2026-05-11 18:55:52Z] CHK MOM:-0.02% RANGE:0.02% UP:10% SPREAD:0.02341372% BID:0.4271 ASK:0.4272 MID:0.42715 P1:0.42715 P2:0.42715 P3:0.4272 P4:0.4272 STATE:IDLE
[2026-05-11 18:55:53Z] CHK MOM:-0.02% RANGE:0.02% UP:10% SPREAD:0.02341372% BID:0.4271 ASK:0.4272 MID:0.42715 P1:0.42715 P2:0.42715 P3:0.4272 P4:0.4272 STATE:IDLE
[2026-05-11 18:55:54Z] CHK MOM:-0.02% RANGE:0.02% UP:10% SPREAD:0.02341372% BID:0.4271 ASK:0.4272 MID:0.42715 P1:0.42715 P2:0.42715 P3:0.42715 P4:0.4272 STATE:IDLE
[2026-05-11 18:55:54Z] CHK MOM:-0.02% RANGE:0.03% UP:10% SPREAD:0.0468384% BID:0.427 ASK:0.4272 MID:0.4271 P1:0.4271 P2:0.42715 P3:0.42715 P4:0.42715 STATE:IDLE
[2026-05-11 18:55:55Z] CHK MOM:0% RANGE:0.03% UP:18.18% SPREAD:0.04682744% BID:0.4271 ASK:0.4273 MID:0.4272 P1:0.4272 P2:0.4271 P3:0.42715 P4:0.42715 STATE:IDLE
[2026-05-11 18:55:55Z] CHK MOM:0% RANGE:0.03% UP:16.66% SPREAD:0.04682744% BID:0.4271 ASK:0.4273 MID:0.4272 P1:0.4272 P2:0.4272 P3:0.4271 P4:0.42715 STATE:IDLE
[2026-05-11 18:55:56Z] CHK MOM:-0.01% RANGE:0.03% UP:8.33% SPREAD:0.04682744% BID:0.4271 ASK:0.4273 MID:0.4272 P1:0.4272 P2:0.4272 P3:0.4272 P4:0.4271 STATE:IDLE
[2026-05-11 18:55:56Z] CHK MOM:-0.01% RANGE:0.03% UP:8.33% SPREAD:0.04682744% BID:0.4271 ASK:0.4273 MID:0.4272 P1:0.4272 P2:0.4272 P3:0.4272 P4:0.4271 STATE:IDLE
[2026-05-11 18:55:57Z] CHK MOM:-0.01% RANGE:0.03% UP:8.33% SPREAD:0.04682744% BID:0.4271 ASK:0.4273 MID:0.4272 P1:0.4272 P2:0.4272 P3:0.4272 P4:0.4271 STATE:IDLE
[2026-05-11 18:55:57Z] CHK MOM:-0.02% RANGE:0.03% UP:7.69% SPREAD:0.02341372% BID:0.4271 ASK:0.4272 MID:0.42715 P1:0.42715 P2:0.4272 P3:0.4272 P4:0.4272 STATE:IDLE
[2026-05-11 18:55:58Z] CHK MOM:0% RANGE:0.02% UP:16.66% SPREAD:0.04682744% BID:0.4271 ASK:0.4273 MID:0.4272 P1:0.4272 P2:0.42715 P3:0.4272 P4:0.4272 STATE:IDLE
[2026-05-11 18:55:59Z] CHK MOM:0% RANGE:0.02% UP:15.38% SPREAD:0.04682744% BID:0.4271 ASK:0.4273 MID:0.4272 P1:0.4272 P2:0.4272 P3:0.42715 P4:0.4272 STATE:IDLE
[2026-05-11 18:55:59Z] CHK MOM:-0.01% RANGE:0.02% UP:14.28% SPREAD:0.02341372% BID:0.4271 ASK:0.4272 MID:0.42715 P1:0.42715 P2:0.4272 P3:0.4272 P4:0.42715 STATE:IDLE
[2026-05-11 18:56:00Z] CHK MOM:-0.01% RANGE:0.02% UP:14.28% SPREAD:0.02341372% BID:0.4271 ASK:0.4272 MID:0.42715 P1:0.42715 P2:0.4272 P3:0.4272 P4:0.42715 STATE:IDLE
[2026-05-11 18:56:00Z] CHK MOM:0.02% RANGE:0.04% UP:20% SPREAD:0.04681647% BID:0.4272 ASK:0.4274 MID:0.4273 P1:0.4273 P2:0.42715 P3:0.4272 P4:0.4272 STATE:IDLE
[2026-05-11 18:56:01Z] CHK MOM:0.02% RANGE:0.04% UP:20% SPREAD:0.04681647% BID:0.4272 ASK:0.4274 MID:0.4273 P1:0.4273 P2:0.42715 P3:0.4272 P4:0.4272 STATE:IDLE
[2026-05-11 18:56:01Z] CHK MOM:0.01% RANGE:0.04% UP:21.42% SPREAD:0.02340823% BID:0.4272 ASK:0.4273 MID:0.42725 P1:0.42725 P2:0.4273 P3:0.42715 P4:0.4272 STATE:IDLE
[2026-05-11 18:56:02Z] CHK MOM:0.01% RANGE:0.04% UP:21.42% SPREAD:0.02340823% BID:0.4272 ASK:0.4273 MID:0.42725 P1:0.42725 P2:0.42725 P3:0.4273 P4:0.42715 STATE:IDLE
[2026-05-11 18:56:02Z] CHK MOM:0.01% RANGE:0.04% UP:21.42% SPREAD:0.02340823% BID:0.4272 ASK:0.4273 MID:0.42725 P1:0.42725 P2:0.42725 P3:0.4273 P4:0.42715 STATE:IDLE
[2026-05-11 18:56:03Z] CHK MOM:0.01% RANGE:0.04% UP:21.42% SPREAD:0.02340823% BID:0.4272 ASK:0.4273 MID:0.42725 P1:0.42725 P2:0.42725 P3:0.4273 P4:0.42715 STATE:IDLE
[2026-05-11 18:56:04Z] CHK MOM:0.01% RANGE:0.04% UP:21.42% SPREAD:0.02340823% BID:0.4272 ASK:0.4273 MID:0.42725 P1:0.42725 P2:0.42725 P3:0.4273 P4:0.42715 STATE:IDLE
[2026-05-11 18:56:04Z] CHK MOM:0.01% RANGE:0.04% UP:21.42% SPREAD:0.02340823% BID:0.4272 ASK:0.4273 MID:0.42725 P1:0.42725 P2:0.42725 P3:0.4273 P4:0.42715 STATE:IDLE
[2026-05-11 18:56:05Z] CHK MOM:0.02% RANGE:0.04% UP:25% SPREAD:0.02340823% BID:0.4272 ASK:0.4273 MID:0.42725 P1:0.42725 P2:0.42725 P3:0.42725 P4:0.4273 STATE:IDLE
[2026-05-11 18:56:05Z] CHK MOM:0.03% RANGE:0.04% UP:30.76% SPREAD:0.04681647% BID:0.4272 ASK:0.4274 MID:0.4273 P1:0.4273 P2:0.42725 P3:0.42725 P4:0.42725 STATE:IDLE
[2026-05-11 18:56:06Z] CHK MOM:0.03% RANGE:0.04% UP:30.76% SPREAD:0.02340823% BID:0.4272 ASK:0.4273 MID:0.42725 P1:0.42725 P2:0.4273 P3:0.42725 P4:0.42725 STATE:IDLE
[2026-05-11 18:56:06Z] CHK MOM:0.03% RANGE:0.04% UP:30.76% SPREAD:0.02340823% BID:0.4272 ASK:0.4273 MID:0.42725 P1:0.42725 P2:0.4273 P3:0.42725 P4:0.42725 STATE:IDLE
[2026-05-11 18:56:07Z] CHK MOM:-0.04% RANGE:0.07% UP:25% SPREAD:0.04684937% BID:0.4269 ASK:0.4271 MID:0.427 P1:0.427 P2:0.42725 P3:0.4273 P4:0.42725 STATE:IDLE
[2026-05-11 18:56:07Z] CHK MOM:-0.05% RANGE:0.08% UP:23.07% SPREAD:0.02342468% BID:0.4269 ASK:0.427 MID:0.42695 P1:0.42695 P2:0.427 P3:0.42725 P4:0.4273 STATE:IDLE
[2026-05-11 18:56:08Z] CHK MOM:-0.05% RANGE:0.08% UP:23.07% SPREAD:0.02342468% BID:0.4269 ASK:0.427 MID:0.42695 P1:0.42695 P2:0.427 P3:0.42725 P4:0.4273 STATE:IDLE
[2026-05-11 18:56:08Z] CHK MOM:-0.05% RANGE:0.08% UP:23.07% SPREAD:0.02342468% BID:0.4269 ASK:0.427 MID:0.42695 P1:0.42695 P2:0.427 P3:0.42725 P4:0.4273 STATE:IDLE
[2026-05-11 18:56:09Z] CHK MOM:-0.05% RANGE:0.08% UP:23.07% SPREAD:0.02342468% BID:0.4269 ASK:0.427 MID:0.42695 P1:0.42695 P2:0.427 P3:0.42725 P4:0.4273 STATE:IDLE
[2026-05-11 18:56:10Z] CHK MOM:-0.05% RANGE:0.08% UP:23.07% SPREAD:0.02342468% BID:0.4269 ASK:0.427 MID:0.42695 P1:0.42695 P2:0.427 P3:0.42725 P4:0.4273 STATE:IDLE
[2026-05-11 18:56:11Z] CHK MOM:-0.07% RANGE:0.08% UP:25% SPREAD:0.04684937% BID:0.4269 ASK:0.4271 MID:0.427 P1:0.427 P2:0.42695 P3:0.427 P4:0.42725 STATE:IDLE
[2026-05-11 18:56:12Z] CHK MOM:-0.07% RANGE:0.08% UP:22.22% SPREAD:0.04684937% BID:0.4269 ASK:0.4271 MID:0.427 P1:0.427 P2:0.427 P3:0.42695 P4:0.427 STATE:IDLE
[2026-05-11 18:56:12Z] CHK MOM:-0.05% RANGE:0.08% UP:22.22% SPREAD:0.04684937% BID:0.4269 ASK:0.4271 MID:0.427 P1:0.427 P2:0.427 P3:0.427 P4:0.42695 STATE:IDLE
[2026-05-11 18:56:13Z] CHK MOM:-0.07% RANGE:0.08% UP:20% SPREAD:0.02342468% BID:0.4269 ASK:0.427 MID:0.42695 P1:0.42695 P2:0.427 P3:0.427 P4:0.427 STATE:IDLE
[2026-05-11 18:56:13Z] CHK MOM:-0.07% RANGE:0.08% UP:20% SPREAD:0.02342468% BID:0.4269 ASK:0.427 MID:0.42695 P1:0.42695 P2:0.427 P3:0.427 P4:0.427 STATE:IDLE
[2026-05-11 18:56:14Z] CHK MOM:-0.07% RANGE:0.08% UP:20% SPREAD:0.02342468% BID:0.4269 ASK:0.427 MID:0.42695 P1:0.42695 P2:0.427 P3:0.427 P4:0.427 STATE:IDLE
[2026-05-11 18:56:15Z] CHK MOM:-0.03% RANGE:0.08% UP:33.33% SPREAD:0.0468384% BID:0.427 ASK:0.4272 MID:0.4271 P1:0.4271 P2:0.42695 P3:0.427 P4:0.427 STATE:IDLE
[2026-05-11 18:56:15Z] CHK MOM:-0.04% RANGE:0.08% UP:30% SPREAD:0.0234192% BID:0.427 ASK:0.4271 MID:0.42705 P1:0.42705 P2:0.4271 P3:0.42695 P4:0.427 STATE:IDLE
[2026-05-11 18:56:16Z] CHK MOM:-0.04% RANGE:0.08% UP:30% SPREAD:0.0234192% BID:0.427 ASK:0.4271 MID:0.42705 P1:0.42705 P2:0.4271 P3:0.42695 P4:0.427 STATE:IDLE
[2026-05-11 18:56:16Z] CHK MOM:-0.04% RANGE:0.08% UP:30% SPREAD:0.0234192% BID:0.427 ASK:0.4271 MID:0.42705 P1:0.42705 P2:0.4271 P3:0.42695 P4:0.427 STATE:IDLE
[2026-05-11 18:56:17Z] CHK MOM:-0.03% RANGE:0.08% UP:36.36% SPREAD:0.0468384% BID:0.427 ASK:0.4272 MID:0.4271 P1:0.4271 P2:0.42705 P3:0.4271 P4:0.42695 STATE:IDLE
[2026-05-11 18:56:17Z] CHK MOM:-0.05% RANGE:0.07% UP:30% SPREAD:0.04684937% BID:0.4269 ASK:0.4271 MID:0.427 P1:0.427 P2:0.4271 P3:0.42705 P4:0.4271 STATE:IDLE
[2026-05-11 18:56:18Z] CHK MOM:-0.01% RANGE:0.03% UP:30% SPREAD:0.02342468% BID:0.4269 ASK:0.427 MID:0.42695 P1:0.42695 P2:0.427 P3:0.4271 P4:0.42705 STATE:IDLE
[2026-05-11 18:56:18Z] CHK MOM:0% RANGE:0.03% UP:36.36% SPREAD:0.04684937% BID:0.4269 ASK:0.4271 MID:0.427 P1:0.427 P2:0.42695 P3:0.427 P4:0.4271 STATE:IDLE
[2026-05-11 18:56:19Z] CHK MOM:0% RANGE:0.03% UP:36.36% SPREAD:0.04684937% BID:0.4269 ASK:0.4271 MID:0.427 P1:0.427 P2:0.42695 P3:0.427 P4:0.4271 STATE:IDLE
[2026-05-11 18:56:19Z] CHK MOM:0% RANGE:0.03% UP:30% SPREAD:0.04684937% BID:0.4269 ASK:0.4271 MID:0.427 P1:0.427 P2:0.427 P3:0.42695 P4:0.427 STATE:IDLE
[2026-05-11 18:56:20Z] CHK MOM:0% RANGE:0.03% UP:30% SPREAD:0.04684937% BID:0.4269 ASK:0.4271 MID:0.427 P1:0.427 P2:0.427 P3:0.42695 P4:0.427 STATE:IDLE
[2026-05-11 18:56:21Z] CHK MOM:-0.01% RANGE:0.03% UP:27.27% SPREAD:0.02342468% BID:0.4269 ASK:0.427 MID:0.42695 P1:0.42695 P2:0.427 P3:0.427 P4:0.42695 STATE:IDLE
[2026-05-11 18:56:21Z] CHK MOM:-0.01% RANGE:0.03% UP:27.27% SPREAD:0.02342468% BID:0.4269 ASK:0.427 MID:0.42695 P1:0.42695 P2:0.427 P3:0.427 P4:0.42695 STATE:IDLE
[2026-05-11 18:56:22Z] CHK MOM:-0.01% RANGE:0.03% UP:27.27% SPREAD:0.02342468% BID:0.4269 ASK:0.427 MID:0.42695 P1:0.42695 P2:0.427 P3:0.427 P4:0.42695 STATE:IDLE
[2026-05-11 18:56:22Z] CHK MOM:-0.01% RANGE:0.03% UP:27.27% SPREAD:0.02342468% BID:0.4269 ASK:0.427 MID:0.42695 P1:0.42695 P2:0.427 P3:0.427 P4:0.42695 STATE:IDLE
[2026-05-11 18:56:23Z] CHK MOM:-0.01% RANGE:0.03% UP:27.27% SPREAD:0.02342468% BID:0.4269 ASK:0.427 MID:0.42695 P1:0.42695 P2:0.427 P3:0.427 P4:0.42695 STATE:IDLE
[2026-05-11 18:56:23Z] CHK MOM:-0.01% RANGE:0.03% UP:25% SPREAD:0.02342468% BID:0.4269 ASK:0.427 MID:0.42695 P1:0.42695 P2:0.42695 P3:0.427 P4:0.427 STATE:IDLE
[2026-05-11 18:56:24Z] CHK MOM:-0.01% RANGE:0.03% UP:25% SPREAD:0.02342468% BID:0.4269 ASK:0.427 MID:0.42695 P1:0.42695 P2:0.42695 P3:0.427 P4:0.427 STATE:IDLE
[2026-05-11 18:56:24Z] CHK MOM:-0.01% RANGE:0.03% UP:25% SPREAD:0.02342468% BID:0.4269 ASK:0.427 MID:0.42695 P1:0.42695 P2:0.42695 P3:0.427 P4:0.427 STATE:IDLE
[2026-05-11 18:56:25Z] CHK MOM:-0.01% RANGE:0.03% UP:25% SPREAD:0.02342468% BID:0.4269 ASK:0.427 MID:0.42695 P1:0.42695 P2:0.42695 P3:0.427 P4:0.427 STATE:IDLE
[2026-05-11 18:56:26Z] CHK MOM:-0.01% RANGE:0.03% UP:25% SPREAD:0.02342468% BID:0.4269 ASK:0.427 MID:0.42695 P1:0.42695 P2:0.42695 P3:0.427 P4:0.427 STATE:IDLE
[2026-05-11 18:56:27Z] CHK MOM:-0.02% RANGE:0.03% UP:25% SPREAD:0.02342468% BID:0.4269 ASK:0.427 MID:0.42695 P1:0.42695 P2:0.42695 P3:0.42695 P4:0.427 STATE:IDLE
[2026-05-11 18:56:28Z] CHK MOM:-0.02% RANGE:0.03% UP:25% SPREAD:0.02342468% BID:0.4269 ASK:0.427 MID:0.42695 P1:0.42695 P2:0.42695 P3:0.42695 P4:0.427 STATE:IDLE
[2026-05-11 18:56:28Z] CHK MOM:-0.02% RANGE:0.03% UP:25% SPREAD:0.02342468% BID:0.4269 ASK:0.427 MID:0.42695 P1:0.42695 P2:0.42695 P3:0.42695 P4:0.427 STATE:IDLE
[2026-05-11 18:56:29Z] CHK MOM:-0.02% RANGE:0.03% UP:25% SPREAD:0.02342468% BID:0.4269 ASK:0.427 MID:0.42695 P1:0.42695 P2:0.42695 P3:0.42695 P4:0.427 STATE:IDLE
[2026-05-11 18:56:29Z] CHK MOM:-0.02% RANGE:0.03% UP:25% SPREAD:0.02342468% BID:0.4269 ASK:0.427 MID:0.42695 P1:0.42695 P2:0.42695 P3:0.42695 P4:0.427 STATE:IDLE
[2026-05-11 18:56:30Z] CHK MOM:-0.01% RANGE:0.02% UP:16.66% SPREAD:0.04686035% BID:0.4268 ASK:0.427 MID:0.4269 P1:0.4269 P2:0.42695 P3:0.42695 P4:0.42695 STATE:IDLE
[2026-05-11 18:56:30Z] CHK MOM:-0.02% RANGE:0.02% UP:0% SPREAD:0.04686035% BID:0.4268 ASK:0.427 MID:0.4269 P1:0.4269 P2:0.4269 P3:0.42695 P4:0.42695 STATE:IDLE
[2026-05-11 18:56:31Z] CHK MOM:-0.01% RANGE:0.02% UP:16.66% SPREAD:0.02342468% BID:0.4269 ASK:0.427 MID:0.42695 P1:0.42695 P2:0.4269 P3:0.4269 P4:0.42695 STATE:IDLE
[2026-05-11 18:56:32Z] CHK MOM:-0.01% RANGE:0.02% UP:16.66% SPREAD:0.02342468% BID:0.4269 ASK:0.427 MID:0.42695 P1:0.42695 P2:0.4269 P3:0.4269 P4:0.42695 STATE:IDLE
[2026-05-11 18:56:32Z] CHK MOM:-0.02% RANGE:0.02% UP:16.66% SPREAD:0.02343017% BID:0.4268 ASK:0.4269 MID:0.42685 P1:0.42685 P2:0.42695 P3:0.4269 P4:0.4269 STATE:IDLE
[2026-05-11 18:56:33Z] CHK MOM:-0.02% RANGE:0.02% UP:16.66% SPREAD:0.02343017% BID:0.4268 ASK:0.4269 MID:0.42685 P1:0.42685 P2:0.42695 P3:0.4269 P4:0.4269 STATE:IDLE
[2026-05-11 18:56:33Z] CHK MOM:-0.02% RANGE:0.02% UP:16.66% SPREAD:0.02343017% BID:0.4268 ASK:0.4269 MID:0.42685 P1:0.42685 P2:0.42695 P3:0.4269 P4:0.4269 STATE:IDLE
[2026-05-11 18:56:34Z] CHK MOM:-0.02% RANGE:0.02% UP:16.66% SPREAD:0.02343017% BID:0.4268 ASK:0.4269 MID:0.42685 P1:0.42685 P2:0.42695 P3:0.4269 P4:0.4269 STATE:IDLE
[2026-05-11 18:56:34Z] CHK MOM:-0.02% RANGE:0.02% UP:16.66% SPREAD:0.02343017% BID:0.4268 ASK:0.4269 MID:0.42685 P1:0.42685 P2:0.42695 P3:0.4269 P4:0.4269 STATE:IDLE
[2026-05-11 18:56:35Z] CHK MOM:-0.02% RANGE:0.02% UP:16.66% SPREAD:0.02343017% BID:0.4268 ASK:0.4269 MID:0.42685 P1:0.42685 P2:0.42685 P3:0.42695 P4:0.4269 STATE:IDLE
[2026-05-11 18:56:35Z] CHK MOM:-0.02% RANGE:0.02% UP:16.66% SPREAD:0.02343017% BID:0.4268 ASK:0.4269 MID:0.42685 P1:0.42685 P2:0.42685 P3:0.42695 P4:0.4269 STATE:IDLE
[2026-05-11 18:56:36Z] CHK MOM:-0.02% RANGE:0.02% UP:16.66% SPREAD:0.02343017% BID:0.4268 ASK:0.4269 MID:0.42685 P1:0.42685 P2:0.42685 P3:0.42685 P4:0.42695 STATE:IDLE
[2026-05-11 18:56:37Z] CHK MOM:-0.02% RANGE:0.02% UP:16.66% SPREAD:0.02343017% BID:0.4268 ASK:0.4269 MID:0.42685 P1:0.42685 P2:0.42685 P3:0.42685 P4:0.42695 STATE:IDLE
[2026-05-11 18:56:37Z] CHK MOM:-0.02% RANGE:0.02% UP:16.66% SPREAD:0.02343017% BID:0.4268 ASK:0.4269 MID:0.42685 P1:0.42685 P2:0.42685 P3:0.42685 P4:0.42695 STATE:IDLE
[2026-05-11 18:56:38Z] CHK MOM:0% RANGE:0.02% UP:28.57% SPREAD:0.02342468% BID:0.4269 ASK:0.427 MID:0.42695 P1:0.42695 P2:0.42685 P3:0.42685 P4:0.42685 STATE:IDLE
[2026-05-11 18:56:38Z] CHK MOM:0% RANGE:0.02% UP:28.57% SPREAD:0.02342468% BID:0.4269 ASK:0.427 MID:0.42695 P1:0.42695 P2:0.42685 P3:0.42685 P4:0.42685 STATE:IDLE
[2026-05-11 18:56:39Z] CHK MOM:-0.01% RANGE:0.02% UP:25% SPREAD:0.04686035% BID:0.4268 ASK:0.427 MID:0.4269 P1:0.4269 P2:0.42695 P3:0.42685 P4:0.42685 STATE:IDLE
[2026-05-11 18:56:39Z] CHK MOM:0.01% RANGE:0.02% UP:37.5% SPREAD:0.02342468% BID:0.4269 ASK:0.427 MID:0.42695 P1:0.42695 P2:0.4269 P3:0.42695 P4:0.42685 STATE:IDLE
[2026-05-11 18:56:40Z] CHK MOM:0.01% RANGE:0.02% UP:37.5% SPREAD:0.02342468% BID:0.4269 ASK:0.427 MID:0.42695 P1:0.42695 P2:0.4269 P3:0.42695 P4:0.42685 STATE:IDLE
[2026-05-11 18:56:40Z] CHK MOM:0.01% RANGE:0.02% UP:37.5% SPREAD:0.02342468% BID:0.4269 ASK:0.427 MID:0.42695 P1:0.42695 P2:0.4269 P3:0.42695 P4:0.42685 STATE:IDLE
[2026-05-11 18:56:41Z] CHK MOM:0% RANGE:0.02% UP:33.33% SPREAD:0.04686035% BID:0.4268 ASK:0.427 MID:0.4269 P1:0.4269 P2:0.42695 P3:0.4269 P4:0.42695 STATE:IDLE
[2026-05-11 18:56:41Z] CHK MOM:-0.01% RANGE:0.02% UP:30% SPREAD:0.02343017% BID:0.4268 ASK:0.4269 MID:0.42685 P1:0.42685 P2:0.4269 P3:0.42695 P4:0.4269 STATE:IDLE
[2026-05-11 18:56:42Z] CHK MOM:0% RANGE:0.02% UP:36.36% SPREAD:0.04686035% BID:0.4268 ASK:0.427 MID:0.4269 P1:0.4269 P2:0.42685 P3:0.4269 P4:0.42695 STATE:IDLE
[2026-05-11 18:56:43Z] CHK MOM:0.02% RANGE:0.02% UP:44.44% SPREAD:0.02342468% BID:0.4269 ASK:0.427 MID:0.42695 P1:0.42695 P2:0.4269 P3:0.42685 P4:0.4269 STATE:IDLE
[2026-05-11 18:56:43Z] CHK MOM:0.02% RANGE:0.02% UP:44.44% SPREAD:0.02342468% BID:0.4269 ASK:0.427 MID:0.42695 P1:0.42695 P2:0.4269 P3:0.42685 P4:0.4269 STATE:IDLE
[2026-05-11 18:56:44Z] CHK MOM:0.02% RANGE:0.02% UP:44.44% SPREAD:0.02342468% BID:0.4269 ASK:0.427 MID:0.42695 P1:0.42695 P2:0.4269 P3:0.42685 P4:0.4269 STATE:IDLE
[2026-05-11 18:56:44Z] CHK MOM:0.02% RANGE:0.02% UP:44.44% SPREAD:0.02342468% BID:0.4269 ASK:0.427 MID:0.42695 P1:0.42695 P2:0.4269 P3:0.42685 P4:0.4269 STATE:IDLE
[2026-05-11 18:56:45Z] CHK MOM:0.02% RANGE:0.02% UP:44.44% SPREAD:0.02342468% BID:0.4269 ASK:0.427 MID:0.42695 P1:0.42695 P2:0.4269 P3:0.42685 P4:0.4269 STATE:IDLE
[2026-05-11 18:56:45Z] CHK MOM:0.02% RANGE:0.02% UP:44.44% SPREAD:0.02342468% BID:0.4269 ASK:0.427 MID:0.42695 P1:0.42695 P2:0.4269 P3:0.42685 P4:0.4269 STATE:IDLE
[2026-05-11 18:56:46Z] CHK MOM:0.03% RANGE:0.03% UP:55.55% SPREAD:0.04684937% BID:0.4269 ASK:0.4271 MID:0.427 P1:0.427 P2:0.42695 P3:0.4269 P4:0.42685 STATE:IDLE
[2026-05-11 18:56:46Z] CHK MOM:0.02% RANGE:0.03% UP:50% SPREAD:0.02342468% BID:0.4269 ASK:0.427 MID:0.42695 P1:0.42695 P2:0.427 P3:0.42695 P4:0.4269 STATE:IDLE
[2026-05-11 18:56:47Z] CHK MOM:0% RANGE:0.03% UP:50% SPREAD:0.02343017% BID:0.4268 ASK:0.4269 MID:0.42685 P1:0.42685 P2:0.42695 P3:0.427 P4:0.42695 STATE:IDLE
[2026-05-11 18:56:48Z] CHK MOM:0.02% RANGE:0.03% UP:54.54% SPREAD:0.02342468% BID:0.4269 ASK:0.427 MID:0.42695 P1:0.42695 P2:0.42685 P3:0.42695 P4:0.427 STATE:IDLE
[2026-05-11 18:56:48Z] CHK MOM:-0.01% RANGE:0.03% UP:45.45% SPREAD:0.04686035% BID:0.4268 ASK:0.427 MID:0.4269 P1:0.4269 P2:0.42695 P3:0.42685 P4:0.42695 STATE:IDLE
[2026-05-11 18:56:49Z] CHK MOM:0% RANGE:0.03% UP:50% SPREAD:0.02342468% BID:0.4269 ASK:0.427 MID:0.42695 P1:0.42695 P2:0.4269 P3:0.42695 P4:0.42685 STATE:IDLE
[2026-05-11 18:56:49Z] CHK MOM:-0.01% RANGE:0.03% UP:46.15% SPREAD:0.04686035% BID:0.4268 ASK:0.427 MID:0.4269 P1:0.4269 P2:0.42695 P3:0.4269 P4:0.42695 STATE:IDLE
[2026-05-11 18:56:50Z] CHK MOM:-0.01% RANGE:0.03% UP:46.15% SPREAD:0.02343017% BID:0.4268 ASK:0.4269 MID:0.42685 P1:0.42685 P2:0.4269 P3:0.42695 P4:0.4269 STATE:IDLE
[2026-05-11 18:56:50Z] CHK MOM:-0.01% RANGE:0.03% UP:46.15% SPREAD:0.02343017% BID:0.4268 ASK:0.4269 MID:0.42685 P1:0.42685 P2:0.4269 P3:0.42695 P4:0.4269 STATE:IDLE
[2026-05-11 18:56:51Z] CHK MOM:-0.01% RANGE:0.03% UP:46.15% SPREAD:0.02343017% BID:0.4268 ASK:0.4269 MID:0.42685 P1:0.42685 P2:0.4269 P3:0.42695 P4:0.4269 STATE:IDLE
[2026-05-11 18:56:51Z] CHK MOM:0.02% RANGE:0.04% UP:46.15% SPREAD:0.0234192% BID:0.427 ASK:0.4271 MID:0.42705 P1:0.42705 P2:0.42685 P3:0.4269 P4:0.42695 STATE:IDLE
[2026-05-11 18:56:52Z] CHK MOM:0.02% RANGE:0.04% UP:46.15% SPREAD:0.0234192% BID:0.427 ASK:0.4271 MID:0.42705 P1:0.42705 P2:0.42685 P3:0.4269 P4:0.42695 STATE:IDLE
[2026-05-11 18:56:53Z] CHK MOM:0.02% RANGE:0.04% UP:46.15% SPREAD:0.0234192% BID:0.427 ASK:0.4271 MID:0.42705 P1:0.42705 P2:0.42685 P3:0.4269 P4:0.42695 STATE:IDLE
[2026-05-11 18:56:53Z] CHK MOM:0.02% RANGE:0.04% UP:46.15% SPREAD:0.0234192% BID:0.427 ASK:0.4271 MID:0.42705 P1:0.42705 P2:0.42685 P3:0.4269 P4:0.42695 STATE:IDLE
[2026-05-11 18:56:54Z] CHK MOM:0% RANGE:0.04% UP:40% SPREAD:0.02342468% BID:0.4269 ASK:0.427 MID:0.42695 P1:0.42695 P2:0.42705 P3:0.42685 P4:0.4269 STATE:IDLE
[2026-05-11 18:56:54Z] CHK MOM:0% RANGE:0.04% UP:36.36% SPREAD:0.02342468% BID:0.4269 ASK:0.427 MID:0.42695 P1:0.42695 P2:0.42695 P3:0.42705 P4:0.42685 STATE:IDLE
[2026-05-11 18:56:55Z] CHK MOM:-0.02% RANGE:0.04% UP:27.27% SPREAD:0.04686035% BID:0.4268 ASK:0.427 MID:0.4269 P1:0.4269 P2:0.42695 P3:0.42695 P4:0.42705 STATE:IDLE
[2026-05-11 18:56:55Z] CHK MOM:-0.01% RANGE:0.04% UP:33.33% SPREAD:0.02342468% BID:0.4269 ASK:0.427 MID:0.42695 P1:0.42695 P2:0.4269 P3:0.42695 P4:0.42695 STATE:IDLE
[2026-05-11 18:56:56Z] CHK MOM:-0.01% RANGE:0.04% UP:33.33% SPREAD:0.02342468% BID:0.4269 ASK:0.427 MID:0.42695 P1:0.42695 P2:0.4269 P3:0.42695 P4:0.42695 STATE:IDLE
[2026-05-11 18:56:56Z] CHK MOM:-0.01% RANGE:0.04% UP:33.33% SPREAD:0.02342468% BID:0.4269 ASK:0.427 MID:0.42695 P1:0.42695 P2:0.4269 P3:0.42695 P4:0.42695 STATE:IDLE
[2026-05-11 18:56:57Z] CHK MOM:-0.01% RANGE:0.04% UP:33.33% SPREAD:0.02342468% BID:0.4269 ASK:0.427 MID:0.42695 P1:0.42695 P2:0.4269 P3:0.42695 P4:0.42695 STATE:IDLE
