[2026-05-11 15:28:48Z] SESSION_START symbol=PENDLEUSDC dry_run=0 profile=major strategy=momentum base_url=https://api.binance.com
[2026-05-11 15:28:48Z] TOXIC_MEMORY_LOADED count=4 symbols=GUNUSDC,JTOUSDC,ORDIUSDC,SAHARAUSDC
[2026-05-11 15:28:50Z] CHK MOM:0% RANGE:0% UP:0% SPREAD:0.05115089% BID:1.955 ASK:1.956 MID:1.9555 P1:1.9555 P2:NA P3:NA P4:NA STATE:IDLE
[2026-05-11 15:28:51Z] CHK MOM:-0.02% RANGE:0.02% UP:0% SPREAD:0.10235414% BID:1.954 ASK:1.956 MID:1.955 P1:1.955 P2:1.9555 P3:NA P4:NA STATE:IDLE
[2026-05-11 15:28:51Z] CHK MOM:-0.02% RANGE:0.02% UP:0% SPREAD:0.10235414% BID:1.954 ASK:1.956 MID:1.955 P1:1.955 P2:1.955 P3:1.9555 P4:NA STATE:IDLE
[2026-05-11 15:28:52Z] CHK MOM:-0.02% RANGE:0.02% UP:0% SPREAD:0.10235414% BID:1.954 ASK:1.956 MID:1.955 P1:1.955 P2:1.955 P3:1.9555 P4:NA STATE:IDLE
[2026-05-11 15:28:52Z] CHK MOM:-0.02% RANGE:0.02% UP:0% SPREAD:0.10235414% BID:1.954 ASK:1.956 MID:1.955 P1:1.955 P2:1.955 P3:1.9555 P4:NA STATE:IDLE
[2026-05-11 15:28:53Z] CHK MOM:-0.02% RANGE:0.02% UP:0% SPREAD:0.10235414% BID:1.954 ASK:1.956 MID:1.955 P1:1.955 P2:1.955 P3:1.9555 P4:NA STATE:IDLE
[2026-05-11 15:28:53Z] CHK MOM:-0.07% RANGE:0.07% UP:0% SPREAD:0.10240655% BID:1.953 ASK:1.955 MID:1.954 P1:1.954 P2:1.955 P3:1.955 P4:1.9555 STATE:IDLE
[2026-05-11 15:28:54Z] CHK MOM:-0.07% RANGE:0.07% UP:0% SPREAD:0.10240655% BID:1.953 ASK:1.955 MID:1.954 P1:1.954 P2:1.955 P3:1.955 P4:1.9555 STATE:IDLE
[2026-05-11 15:28:54Z] CHK MOM:-0.07% RANGE:0.07% UP:0% SPREAD:0.10240655% BID:1.953 ASK:1.955 MID:1.954 P1:1.954 P2:1.955 P3:1.955 P4:1.9555 STATE:IDLE
[2026-05-11 15:28:55Z] CHK MOM:-0.07% RANGE:0.07% UP:0% SPREAD:0.10240655% BID:1.953 ASK:1.955 MID:1.954 P1:1.954 P2:1.954 P3:1.955 P4:1.955 STATE:IDLE
[2026-05-11 15:28:56Z] CHK MOM:-0.07% RANGE:0.07% UP:0% SPREAD:0.10240655% BID:1.953 ASK:1.955 MID:1.954 P1:1.954 P2:1.954 P3:1.955 P4:1.955 STATE:IDLE
[2026-05-11 15:28:56Z] CHK MOM:-0.05% RANGE:0.07% UP:20% SPREAD:0.05117707% BID:1.954 ASK:1.955 MID:1.9545 P1:1.9545 P2:1.954 P3:1.954 P4:1.955 STATE:IDLE
[2026-05-11 15:28:57Z] CHK MOM:-0.05% RANGE:0.07% UP:20% SPREAD:0.05117707% BID:1.954 ASK:1.955 MID:1.9545 P1:1.9545 P2:1.954 P3:1.954 P4:1.955 STATE:IDLE
[2026-05-11 15:28:57Z] CHK MOM:-0.05% RANGE:0.07% UP:20% SPREAD:0.05117707% BID:1.954 ASK:1.955 MID:1.9545 P1:1.9545 P2:1.954 P3:1.954 P4:1.955 STATE:IDLE
[2026-05-11 15:28:58Z] CHK MOM:-0.1% RANGE:0.1% UP:16.66% SPREAD:0.05120327% BID:1.953 ASK:1.954 MID:1.9535 P1:1.9535 P2:1.9545 P3:1.954 P4:1.954 STATE:IDLE
[2026-05-11 15:28:58Z] CHK MOM:-0.07% RANGE:0.1% UP:28.57% SPREAD:0.10240655% BID:1.953 ASK:1.955 MID:1.954 P1:1.954 P2:1.9535 P3:1.9545 P4:1.954 STATE:IDLE
[2026-05-11 15:28:59Z] CHK MOM:-0.07% RANGE:0.1% UP:28.57% SPREAD:0.10240655% BID:1.953 ASK:1.955 MID:1.954 P1:1.954 P2:1.9535 P3:1.9545 P4:1.954 STATE:IDLE
[2026-05-11 15:28:59Z] CHK MOM:-0.1% RANGE:0.1% UP:25% SPREAD:0.05120327% BID:1.953 ASK:1.954 MID:1.9535 P1:1.9535 P2:1.954 P3:1.9535 P4:1.9545 STATE:IDLE
[2026-05-11 15:29:00Z] CHK MOM:-0.1% RANGE:0.1% UP:22.22% SPREAD:0.05120327% BID:1.953 ASK:1.954 MID:1.9535 P1:1.9535 P2:1.9535 P3:1.954 P4:1.9535 STATE:IDLE
[2026-05-11 15:29:01Z] CHK MOM:-0.1% RANGE:0.1% UP:22.22% SPREAD:0.05120327% BID:1.953 ASK:1.954 MID:1.9535 P1:1.9535 P2:1.9535 P3:1.954 P4:1.9535 STATE:IDLE
[2026-05-11 15:29:01Z] CHK MOM:-0.07% RANGE:0.1% UP:30% SPREAD:0.10240655% BID:1.953 ASK:1.955 MID:1.954 P1:1.954 P2:1.9535 P3:1.9535 P4:1.954 STATE:IDLE
[2026-05-11 15:29:02Z] CHK MOM:-0.07% RANGE:0.1% UP:30% SPREAD:0.10240655% BID:1.953 ASK:1.955 MID:1.954 P1:1.954 P2:1.9535 P3:1.9535 P4:1.954 STATE:IDLE
[2026-05-11 15:29:02Z] CHK MOM:-0.05% RANGE:0.07% UP:30% SPREAD:0.10240655% BID:1.953 ASK:1.955 MID:1.954 P1:1.954 P2:1.954 P3:1.9535 P4:1.9535 STATE:IDLE
[2026-05-11 15:29:03Z] CHK MOM:-0.05% RANGE:0.07% UP:30% SPREAD:0.10240655% BID:1.953 ASK:1.955 MID:1.954 P1:1.954 P2:1.954 P3:1.9535 P4:1.9535 STATE:IDLE
[2026-05-11 15:29:03Z] CHK MOM:-0.05% RANGE:0.07% UP:30% SPREAD:0.10240655% BID:1.953 ASK:1.955 MID:1.954 P1:1.954 P2:1.954 P3:1.9535 P4:1.9535 STATE:IDLE
[2026-05-11 15:29:04Z] CHK MOM:-0.02% RANGE:0.05% UP:33.33% SPREAD:0.05120327% BID:1.953 ASK:1.954 MID:1.9535 P1:1.9535 P2:1.954 P3:1.954 P4:1.9535 STATE:IDLE
[2026-05-11 15:29:04Z] CHK MOM:-0.02% RANGE:0.05% UP:30% SPREAD:0.05120327% BID:1.953 ASK:1.954 MID:1.9535 P1:1.9535 P2:1.9535 P3:1.954 P4:1.954 STATE:IDLE
[2026-05-11 15:29:05Z] CHK MOM:-0.02% RANGE:0.05% UP:27.27% SPREAD:0.05120327% BID:1.953 ASK:1.954 MID:1.9535 P1:1.9535 P2:1.9535 P3:1.9535 P4:1.954 STATE:IDLE
[2026-05-11 15:29:05Z] CHK MOM:-0.02% RANGE:0.05% UP:27.27% SPREAD:0.05120327% BID:1.953 ASK:1.954 MID:1.9535 P1:1.9535 P2:1.9535 P3:1.9535 P4:1.954 STATE:IDLE
[2026-05-11 15:29:06Z] CHK MOM:-0.02% RANGE:0.05% UP:27.27% SPREAD:0.05120327% BID:1.953 ASK:1.954 MID:1.9535 P1:1.9535 P2:1.9535 P3:1.9535 P4:1.9535 STATE:IDLE
[2026-05-11 15:29:07Z] CHK MOM:-0.02% RANGE:0.05% UP:27.27% SPREAD:0.05120327% BID:1.953 ASK:1.954 MID:1.9535 P1:1.9535 P2:1.9535 P3:1.9535 P4:1.9535 STATE:IDLE
[2026-05-11 15:29:07Z] CHK MOM:-0.02% RANGE:0.05% UP:27.27% SPREAD:0.10240655% BID:1.953 ASK:1.955 MID:1.954 P1:1.954 P2:1.9535 P3:1.9535 P4:1.9535 STATE:IDLE
[2026-05-11 15:29:08Z] CHK MOM:-0.02% RANGE:0.05% UP:27.27% SPREAD:0.10240655% BID:1.953 ASK:1.955 MID:1.954 P1:1.954 P2:1.9535 P3:1.9535 P4:1.9535 STATE:IDLE
[2026-05-11 15:29:08Z] CHK MOM:0.02% RANGE:0.02% UP:27.27% SPREAD:0.10240655% BID:1.953 ASK:1.955 MID:1.954 P1:1.954 P2:1.954 P3:1.9535 P4:1.9535 STATE:IDLE
[2026-05-11 15:29:09Z] CHK MOM:0.02% RANGE:0.02% UP:27.27% SPREAD:0.10240655% BID:1.953 ASK:1.955 MID:1.954 P1:1.954 P2:1.954 P3:1.9535 P4:1.9535 STATE:IDLE
[2026-05-11 15:29:09Z] CHK MOM:0.02% RANGE:0.02% UP:25% SPREAD:0.10240655% BID:1.953 ASK:1.955 MID:1.954 P1:1.954 P2:1.954 P3:1.954 P4:1.9535 STATE:IDLE
[2026-05-11 15:29:10Z] CHK MOM:0.02% RANGE:0.02% UP:23.07% SPREAD:0.10240655% BID:1.953 ASK:1.955 MID:1.954 P1:1.954 P2:1.954 P3:1.954 P4:1.954 STATE:IDLE
[2026-05-11 15:29:10Z] CHK MOM:0.02% RANGE:0.02% UP:23.07% SPREAD:0.10240655% BID:1.953 ASK:1.955 MID:1.954 P1:1.954 P2:1.954 P3:1.954 P4:1.954 STATE:IDLE
[2026-05-11 15:29:11Z] CHK MOM:0.02% RANGE:0.02% UP:16.66% SPREAD:0.10240655% BID:1.953 ASK:1.955 MID:1.954 P1:1.954 P2:1.954 P3:1.954 P4:1.954 STATE:IDLE
[2026-05-11 15:29:12Z] CHK MOM:0.02% RANGE:0.02% UP:15.38% SPREAD:0.10240655% BID:1.953 ASK:1.955 MID:1.954 P1:1.954 P2:1.954 P3:1.954 P4:1.954 STATE:IDLE
[2026-05-11 15:29:12Z] CHK MOM:0.02% RANGE:0.02% UP:15.38% SPREAD:0.10240655% BID:1.953 ASK:1.955 MID:1.954 P1:1.954 P2:1.954 P3:1.954 P4:1.954 STATE:IDLE
[2026-05-11 15:29:13Z] CHK MOM:0% RANGE:0.02% UP:7.69% SPREAD:0.10240655% BID:1.953 ASK:1.955 MID:1.954 P1:1.954 P2:1.954 P3:1.954 P4:1.954 STATE:IDLE
[2026-05-11 15:29:13Z] CHK MOM:0% RANGE:0.02% UP:7.69% SPREAD:0.10240655% BID:1.953 ASK:1.955 MID:1.954 P1:1.954 P2:1.954 P3:1.954 P4:1.954 STATE:IDLE
[2026-05-11 15:29:14Z] CHK MOM:0% RANGE:0.02% UP:7.14% SPREAD:0.10240655% BID:1.953 ASK:1.955 MID:1.954 P1:1.954 P2:1.954 P3:1.954 P4:1.954 STATE:IDLE
[2026-05-11 15:29:14Z] CHK MOM:0% RANGE:0.02% UP:7.14% SPREAD:0.10240655% BID:1.953 ASK:1.955 MID:1.954 P1:1.954 P2:1.954 P3:1.954 P4:1.954 STATE:IDLE
[2026-05-11 15:29:15Z] CHK MOM:0.02% RANGE:0.02% UP:7.14% SPREAD:0.10240655% BID:1.953 ASK:1.955 MID:1.954 P1:1.954 P2:1.954 P3:1.954 P4:1.954 STATE:IDLE
[2026-05-11 15:29:15Z] CHK MOM:0.05% RANGE:0.05% UP:13.33% SPREAD:0.05117707% BID:1.954 ASK:1.955 MID:1.9545 P1:1.9545 P2:1.954 P3:1.954 P4:1.954 STATE:IDLE
[2026-05-11 15:29:16Z] CHK MOM:0.02% RANGE:0.05% UP:12.5% SPREAD:0.10240655% BID:1.953 ASK:1.955 MID:1.954 P1:1.954 P2:1.9545 P3:1.954 P4:1.954 STATE:IDLE
[2026-05-11 15:29:17Z] CHK MOM:0.02% RANGE:0.05% UP:12.5% SPREAD:0.10240655% BID:1.953 ASK:1.955 MID:1.954 P1:1.954 P2:1.954 P3:1.9545 P4:1.954 STATE:IDLE
[2026-05-11 15:29:17Z] CHK MOM:0.05% RANGE:0.05% UP:20% SPREAD:0.05117707% BID:1.954 ASK:1.955 MID:1.9545 P1:1.9545 P2:1.954 P3:1.954 P4:1.9545 STATE:IDLE
[2026-05-11 15:29:18Z] CHK MOM:0.05% RANGE:0.05% UP:20% SPREAD:0.05117707% BID:1.954 ASK:1.955 MID:1.9545 P1:1.9545 P2:1.954 P3:1.954 P4:1.9545 STATE:IDLE
[2026-05-11 15:29:18Z] CHK MOM:0.02% RANGE:0.02% UP:13.33% SPREAD:0.05117707% BID:1.954 ASK:1.955 MID:1.9545 P1:1.9545 P2:1.9545 P3:1.954 P4:1.954 STATE:IDLE
[2026-05-11 15:29:19Z] CHK MOM:0.02% RANGE:0.02% UP:13.33% SPREAD:0.05117707% BID:1.954 ASK:1.955 MID:1.9545 P1:1.9545 P2:1.9545 P3:1.954 P4:1.954 STATE:IDLE
[2026-05-11 15:29:19Z] CHK MOM:0.02% RANGE:0.02% UP:13.33% SPREAD:0.05117707% BID:1.954 ASK:1.955 MID:1.9545 P1:1.9545 P2:1.9545 P3:1.9545 P4:1.954 STATE:IDLE
[2026-05-11 15:29:20Z] CHK MOM:0.1% RANGE:0.1% UP:18.75% SPREAD:0.10230179% BID:1.955 ASK:1.957 MID:1.956 P1:1.956 P2:1.9545 P3:1.9545 P4:1.9545 STATE:IDLE
[2026-05-11 15:29:20Z] CHK MOM:0.1% RANGE:0.1% UP:17.64% SPREAD:0.10230179% BID:1.955 ASK:1.957 MID:1.956 P1:1.956 P2:1.956 P3:1.9545 P4:1.9545 STATE:IDLE
[2026-05-11 15:29:21Z] CHK MOM:0.07% RANGE:0.1% UP:17.64% SPREAD:0.15353121% BID:1.954 ASK:1.957 MID:1.9555 P1:1.9555 P2:1.956 P3:1.956 P4:1.9545 STATE:IDLE
[2026-05-11 15:29:21Z] CHK MOM:0.07% RANGE:0.1% UP:17.64% SPREAD:0.15353121% BID:1.954 ASK:1.957 MID:1.9555 P1:1.9555 P2:1.956 P3:1.956 P4:1.9545 STATE:IDLE
[2026-05-11 15:29:22Z] CHK MOM:0.07% RANGE:0.1% UP:17.64% SPREAD:0.15353121% BID:1.954 ASK:1.957 MID:1.9555 P1:1.9555 P2:1.9555 P3:1.956 P4:1.956 STATE:IDLE
[2026-05-11 15:29:23Z] CHK MOM:0.05% RANGE:0.1% UP:17.64% SPREAD:0.10235414% BID:1.954 ASK:1.956 MID:1.955 P1:1.955 P2:1.9555 P3:1.9555 P4:1.956 STATE:IDLE
[2026-05-11 15:29:23Z] CHK MOM:0.05% RANGE:0.1% UP:18.75% SPREAD:0.10235414% BID:1.954 ASK:1.956 MID:1.955 P1:1.955 P2:1.955 P3:1.9555 P4:1.9555 STATE:IDLE
[2026-05-11 15:29:24Z] CHK MOM:0.05% RANGE:0.1% UP:18.75% SPREAD:0.10235414% BID:1.954 ASK:1.956 MID:1.955 P1:1.955 P2:1.955 P3:1.9555 P4:1.9555 STATE:IDLE
[2026-05-11 15:29:24Z] CHK MOM:0.05% RANGE:0.1% UP:18.75% SPREAD:0.10235414% BID:1.954 ASK:1.956 MID:1.955 P1:1.955 P2:1.955 P3:1.9555 P4:1.9555 STATE:IDLE
[2026-05-11 15:29:25Z] CHK MOM:0.05% RANGE:0.1% UP:18.75% SPREAD:0.10235414% BID:1.954 ASK:1.956 MID:1.955 P1:1.955 P2:1.955 P3:1.9555 P4:1.9555 STATE:IDLE
[2026-05-11 15:29:25Z] CHK MOM:0.05% RANGE:0.1% UP:18.75% SPREAD:0.10235414% BID:1.954 ASK:1.956 MID:1.955 P1:1.955 P2:1.955 P3:1.9555 P4:1.9555 STATE:IDLE
[2026-05-11 15:29:26Z] CHK MOM:0.05% RANGE:0.1% UP:18.75% SPREAD:0.10235414% BID:1.954 ASK:1.956 MID:1.955 P1:1.955 P2:1.955 P3:1.9555 P4:1.9555 STATE:IDLE
[2026-05-11 15:29:27Z] CHK MOM:0.02% RANGE:0.1% UP:16.66% SPREAD:0.10235414% BID:1.954 ASK:1.956 MID:1.955 P1:1.955 P2:1.955 P3:1.955 P4:1.9555 STATE:IDLE
[2026-05-11 15:29:28Z] CHK MOM:0.02% RANGE:0.1% UP:15.38% SPREAD:0.10235414% BID:1.954 ASK:1.956 MID:1.955 P1:1.955 P2:1.955 P3:1.955 P4:1.955 STATE:IDLE
[2026-05-11 15:29:28Z] CHK MOM:0.02% RANGE:0.07% UP:9.09% SPREAD:0.10235414% BID:1.954 ASK:1.956 MID:1.955 P1:1.955 P2:1.955 P3:1.955 P4:1.955 STATE:IDLE
[2026-05-11 15:29:29Z] CHK MOM:0.02% RANGE:0.07% UP:9.09% SPREAD:0.10235414% BID:1.954 ASK:1.956 MID:1.955 P1:1.955 P2:1.955 P3:1.955 P4:1.955 STATE:IDLE
[2026-05-11 15:29:29Z] CHK MOM:0.02% RANGE:0.07% UP:9.09% SPREAD:0.10235414% BID:1.954 ASK:1.956 MID:1.955 P1:1.955 P2:1.955 P3:1.955 P4:1.955 STATE:IDLE
[2026-05-11 15:29:30Z] CHK MOM:0.02% RANGE:0.07% UP:9.09% SPREAD:0.10235414% BID:1.954 ASK:1.956 MID:1.955 P1:1.955 P2:1.955 P3:1.955 P4:1.955 STATE:IDLE
[2026-05-11 15:29:30Z] CHK MOM:0.02% RANGE:0.07% UP:9.09% SPREAD:0.10235414% BID:1.954 ASK:1.956 MID:1.955 P1:1.955 P2:1.955 P3:1.955 P4:1.955 STATE:IDLE
[2026-05-11 15:29:31Z] CHK MOM:-0.02% RANGE:0.1% UP:8.33% SPREAD:0.10240655% BID:1.953 ASK:1.955 MID:1.954 P1:1.954 P2:1.955 P3:1.955 P4:1.955 STATE:IDLE
[2026-05-11 15:29:31Z] CHK MOM:-0.02% RANGE:0.1% UP:7.69% SPREAD:0.10240655% BID:1.953 ASK:1.955 MID:1.954 P1:1.954 P2:1.954 P3:1.955 P4:1.955 STATE:IDLE
[2026-05-11 15:29:32Z] CHK MOM:-0.1% RANGE:0.1% UP:0% SPREAD:0.10240655% BID:1.953 ASK:1.955 MID:1.954 P1:1.954 P2:1.954 P3:1.954 P4:1.955 STATE:IDLE
[2026-05-11 15:29:32Z] CHK MOM:-0.1% RANGE:0.1% UP:0% SPREAD:0.10240655% BID:1.953 ASK:1.955 MID:1.954 P1:1.954 P2:1.954 P3:1.954 P4:1.955 STATE:IDLE
[2026-05-11 15:29:33Z] CHK MOM:-0.05% RANGE:0.07% UP:8.33% SPREAD:0.05117707% BID:1.954 ASK:1.955 MID:1.9545 P1:1.9545 P2:1.954 P3:1.954 P4:1.954 STATE:IDLE
[2026-05-11 15:29:34Z] CHK MOM:-0.07% RANGE:0.07% UP:8.33% SPREAD:0.10240655% BID:1.953 ASK:1.955 MID:1.954 P1:1.954 P2:1.9545 P3:1.954 P4:1.954 STATE:IDLE
[2026-05-11 15:29:34Z] CHK MOM:-0.02% RANGE:0.05% UP:16.66% SPREAD:0.05117707% BID:1.954 ASK:1.955 MID:1.9545 P1:1.9545 P2:1.954 P3:1.9545 P4:1.954 STATE:IDLE
[2026-05-11 15:29:35Z] CHK MOM:-0.02% RANGE:0.05% UP:16.66% SPREAD:0.05117707% BID:1.954 ASK:1.955 MID:1.9545 P1:1.9545 P2:1.954 P3:1.9545 P4:1.954 STATE:IDLE
[2026-05-11 15:29:35Z] CHK MOM:-0.02% RANGE:0.05% UP:16.66% SPREAD:0.05117707% BID:1.954 ASK:1.955 MID:1.9545 P1:1.9545 P2:1.954 P3:1.9545 P4:1.954 STATE:IDLE
[2026-05-11 15:29:36Z] CHK MOM:-0.02% RANGE:0.05% UP:16.66% SPREAD:0.05117707% BID:1.954 ASK:1.955 MID:1.9545 P1:1.9545 P2:1.954 P3:1.9545 P4:1.954 STATE:IDLE
[2026-05-11 15:29:36Z] CHK MOM:-0.02% RANGE:0.05% UP:16.66% SPREAD:0.05117707% BID:1.954 ASK:1.955 MID:1.9545 P1:1.9545 P2:1.954 P3:1.9545 P4:1.954 STATE:IDLE
[2026-05-11 15:29:37Z] CHK MOM:-0.02% RANGE:0.05% UP:16.66% SPREAD:0.05117707% BID:1.954 ASK:1.955 MID:1.9545 P1:1.9545 P2:1.954 P3:1.9545 P4:1.954 STATE:IDLE
[2026-05-11 15:29:38Z] CHK MOM:-0.05% RANGE:0.05% UP:18.18% SPREAD:0.10240655% BID:1.953 ASK:1.955 MID:1.954 P1:1.954 P2:1.9545 P3:1.954 P4:1.9545 STATE:IDLE
[2026-05-11 15:29:39Z] CHK MOM:-0.05% RANGE:0.05% UP:16.66% SPREAD:0.10240655% BID:1.953 ASK:1.955 MID:1.954 P1:1.954 P2:1.954 P3:1.9545 P4:1.954 STATE:IDLE
[2026-05-11 15:29:39Z] CHK MOM:-0.05% RANGE:0.05% UP:18.18% SPREAD:0.10240655% BID:1.953 ASK:1.955 MID:1.954 P1:1.954 P2:1.954 P3:1.954 P4:1.9545 STATE:IDLE
[2026-05-11 15:29:40Z] CHK MOM:-0.05% RANGE:0.05% UP:18.18% SPREAD:0.10240655% BID:1.953 ASK:1.955 MID:1.954 P1:1.954 P2:1.954 P3:1.954 P4:1.9545 STATE:IDLE
[2026-05-11 15:29:40Z] CHK MOM:-0.05% RANGE:0.05% UP:18.18% SPREAD:0.10240655% BID:1.953 ASK:1.955 MID:1.954 P1:1.954 P2:1.954 P3:1.954 P4:1.9545 STATE:IDLE
[2026-05-11 15:29:41Z] CHK MOM:-0.05% RANGE:0.05% UP:18.18% SPREAD:0.10240655% BID:1.953 ASK:1.955 MID:1.954 P1:1.954 P2:1.954 P3:1.954 P4:1.954 STATE:IDLE
[2026-05-11 15:29:41Z] CHK MOM:-0.05% RANGE:0.05% UP:18.18% SPREAD:0.10240655% BID:1.953 ASK:1.955 MID:1.954 P1:1.954 P2:1.954 P3:1.954 P4:1.954 STATE:IDLE
[2026-05-11 15:29:42Z] CHK MOM:-0.05% RANGE:0.05% UP:18.18% SPREAD:0.10240655% BID:1.953 ASK:1.955 MID:1.954 P1:1.954 P2:1.954 P3:1.954 P4:1.954 STATE:IDLE
[2026-05-11 15:29:42Z] CHK MOM:-0.05% RANGE:0.05% UP:18.18% SPREAD:0.10240655% BID:1.953 ASK:1.955 MID:1.954 P1:1.954 P2:1.954 P3:1.954 P4:1.954 STATE:IDLE
[2026-05-11 15:29:43Z] CHK MOM:-0.05% RANGE:0.05% UP:18.18% SPREAD:0.10240655% BID:1.953 ASK:1.955 MID:1.954 P1:1.954 P2:1.954 P3:1.954 P4:1.954 STATE:IDLE
[2026-05-11 15:29:44Z] CHK MOM:-0.05% RANGE:0.05% UP:18.18% SPREAD:0.10240655% BID:1.953 ASK:1.955 MID:1.954 P1:1.954 P2:1.954 P3:1.954 P4:1.954 STATE:IDLE
[2026-05-11 15:29:45Z] CHK MOM:-0.17% RANGE:0.2% UP:16.66% SPREAD:0.05128205% BID:1.95 ASK:1.951 MID:1.9505 P1:1.9505 P2:1.954 P3:1.954 P4:1.954 STATE:IDLE
[2026-05-11 15:29:46Z] CHK MOM:-0.17% RANGE:0.2% UP:16.66% SPREAD:0.1025641% BID:1.95 ASK:1.952 MID:1.951 P1:1.951 P2:1.9505 P3:1.954 P4:1.954 STATE:IDLE
[2026-05-11 15:29:46Z] CHK MOM:-0.17% RANGE:0.2% UP:14.28% SPREAD:0.1025641% BID:1.95 ASK:1.952 MID:1.951 P1:1.951 P2:1.951 P3:1.9505 P4:1.954 STATE:IDLE
[2026-05-11 15:29:47Z] CHK MOM:-0.12% RANGE:0.17% UP:28.57% SPREAD:0.05125576% BID:1.951 ASK:1.952 MID:1.9515 P1:1.9515 P2:1.951 P3:1.951 P4:1.9505 STATE:IDLE
[2026-05-11 15:29:47Z] CHK MOM:-0.12% RANGE:0.17% UP:28.57% SPREAD:0.05125576% BID:1.951 ASK:1.952 MID:1.9515 P1:1.9515 P2:1.951 P3:1.951 P4:1.9505 STATE:IDLE
[2026-05-11 15:29:48Z] CHK MOM:-0.12% RANGE:0.17% UP:25% SPREAD:0.05125576% BID:1.951 ASK:1.952 MID:1.9515 P1:1.9515 P2:1.9515 P3:1.951 P4:1.951 STATE:IDLE
[2026-05-11 15:29:48Z] CHK MOM:-0.12% RANGE:0.17% UP:22.22% SPREAD:0.05125576% BID:1.951 ASK:1.952 MID:1.9515 P1:1.9515 P2:1.9515 P3:1.9515 P4:1.951 STATE:IDLE
[2026-05-11 15:29:49Z] CHK MOM:-0.15% RANGE:0.17% UP:20% SPREAD:0.1025641% BID:1.95 ASK:1.952 MID:1.951 P1:1.951 P2:1.9515 P3:1.9515 P4:1.9515 STATE:IDLE
[2026-05-11 15:29:50Z] CHK MOM:-0.17% RANGE:0.17% UP:18.18% SPREAD:0.05128205% BID:1.95 ASK:1.951 MID:1.9505 P1:1.9505 P2:1.951 P3:1.9515 P4:1.9515 STATE:IDLE
[2026-05-11 15:29:50Z] CHK MOM:-0.17% RANGE:0.17% UP:18.18% SPREAD:0.05128205% BID:1.95 ASK:1.951 MID:1.9505 P1:1.9505 P2:1.951 P3:1.9515 P4:1.9515 STATE:IDLE
[2026-05-11 15:29:51Z] CHK MOM:-0.17% RANGE:0.17% UP:18.18% SPREAD:0.05128205% BID:1.95 ASK:1.951 MID:1.9505 P1:1.9505 P2:1.9505 P3:1.951 P4:1.9515 STATE:IDLE
[2026-05-11 15:29:51Z] CHK MOM:-0.12% RANGE:0.17% UP:30% SPREAD:0.05125576% BID:1.951 ASK:1.952 MID:1.9515 P1:1.9515 P2:1.9505 P3:1.9505 P4:1.951 STATE:IDLE
[2026-05-11 15:29:52Z] CHK MOM:-0.12% RANGE:0.17% UP:30% SPREAD:0.05125576% BID:1.951 ASK:1.952 MID:1.9515 P1:1.9515 P2:1.9505 P3:1.9505 P4:1.951 STATE:IDLE
[2026-05-11 15:29:52Z] CHK MOM:-0.12% RANGE:0.17% UP:30% SPREAD:0.05125576% BID:1.951 ASK:1.952 MID:1.9515 P1:1.9515 P2:1.9505 P3:1.9505 P4:1.951 STATE:IDLE
[2026-05-11 15:29:53Z] CHK MOM:-0.12% RANGE:0.17% UP:30% SPREAD:0.05125576% BID:1.951 ASK:1.952 MID:1.9515 P1:1.9515 P2:1.9505 P3:1.9505 P4:1.951 STATE:IDLE
[2026-05-11 15:29:53Z] CHK MOM:-0.12% RANGE:0.17% UP:30% SPREAD:0.05125576% BID:1.951 ASK:1.952 MID:1.9515 P1:1.9515 P2:1.9505 P3:1.9505 P4:1.951 STATE:IDLE
[2026-05-11 15:29:54Z] CHK MOM:0.05% RANGE:0.05% UP:30% SPREAD:0.05125576% BID:1.951 ASK:1.952 MID:1.9515 P1:1.9515 P2:1.9515 P3:1.9505 P4:1.9505 STATE:IDLE
[2026-05-11 15:29:55Z] CHK MOM:0.05% RANGE:0.05% UP:27.27% SPREAD:0.05125576% BID:1.951 ASK:1.952 MID:1.9515 P1:1.9515 P2:1.9515 P3:1.9515 P4:1.9505 STATE:IDLE
[2026-05-11 15:29:55Z] CHK MOM:0.05% RANGE:0.05% UP:27.27% SPREAD:0.05125576% BID:1.951 ASK:1.952 MID:1.9515 P1:1.9515 P2:1.9515 P3:1.9515 P4:1.9505 STATE:IDLE
[2026-05-11 15:29:56Z] CHK MOM:0.05% RANGE:0.05% UP:27.27% SPREAD:0.05125576% BID:1.951 ASK:1.952 MID:1.9515 P1:1.9515 P2:1.9515 P3:1.9515 P4:1.9505 STATE:IDLE
[2026-05-11 15:29:56Z] CHK MOM:0.05% RANGE:0.05% UP:25% SPREAD:0.05125576% BID:1.951 ASK:1.952 MID:1.9515 P1:1.9515 P2:1.9515 P3:1.9515 P4:1.9515 STATE:IDLE
[2026-05-11 15:29:57Z] CHK MOM:0.05% RANGE:0.05% UP:25% SPREAD:0.05125576% BID:1.951 ASK:1.952 MID:1.9515 P1:1.9515 P2:1.9515 P3:1.9515 P4:1.9515 STATE:IDLE
[2026-05-11 15:29:57Z] CHK MOM:0.02% RANGE:0.05% UP:23.07% SPREAD:0.1025641% BID:1.95 ASK:1.952 MID:1.951 P1:1.951 P2:1.9515 P3:1.9515 P4:1.9515 STATE:IDLE
[2026-05-11 15:29:58Z] CHK MOM:-0.02% RANGE:0.05% UP:15.38% SPREAD:0.05128205% BID:1.95 ASK:1.951 MID:1.9505 P1:1.9505 P2:1.951 P3:1.9515 P4:1.9515 STATE:IDLE
[2026-05-11 15:29:58Z] CHK MOM:-0.02% RANGE:0.05% UP:16.66% SPREAD:0.1025641% BID:1.95 ASK:1.952 MID:1.951 P1:1.951 P2:1.9505 P3:1.951 P4:1.9515 STATE:IDLE
[2026-05-11 15:29:59Z] CHK MOM:-0.02% RANGE:0.05% UP:16.66% SPREAD:0.1025641% BID:1.95 ASK:1.952 MID:1.951 P1:1.951 P2:1.9505 P3:1.951 P4:1.9515 STATE:IDLE
[2026-05-11 15:30:00Z] CHK MOM:-0.02% RANGE:0.05% UP:16.66% SPREAD:0.1025641% BID:1.95 ASK:1.952 MID:1.951 P1:1.951 P2:1.9505 P3:1.951 P4:1.9515 STATE:IDLE
[2026-05-11 15:30:00Z] CHK MOM:-0.02% RANGE:0.05% UP:18.18% SPREAD:0.1025641% BID:1.95 ASK:1.952 MID:1.951 P1:1.951 P2:1.951 P3:1.9505 P4:1.951 STATE:IDLE
[2026-05-11 15:30:01Z] CHK MOM:0% RANGE:0.05% UP:20% SPREAD:0.05128205% BID:1.95 ASK:1.951 MID:1.9505 P1:1.9505 P2:1.951 P3:1.951 P4:1.9505 STATE:IDLE
[2026-05-11 15:30:01Z] CHK MOM:0% RANGE:0.05% UP:20% SPREAD:0.05128205% BID:1.95 ASK:1.951 MID:1.9505 P1:1.9505 P2:1.951 P3:1.951 P4:1.9505 STATE:IDLE
[2026-05-11 15:30:02Z] CHK MOM:0.02% RANGE:0.05% UP:30% SPREAD:0.1025641% BID:1.95 ASK:1.952 MID:1.951 P1:1.951 P2:1.9505 P3:1.951 P4:1.951 STATE:IDLE
[2026-05-11 15:30:02Z] CHK MOM:0% RANGE:0.05% UP:27.27% SPREAD:0.05128205% BID:1.95 ASK:1.951 MID:1.9505 P1:1.9505 P2:1.951 P3:1.9505 P4:1.951 STATE:IDLE
[2026-05-11 15:30:03Z] CHK MOM:-0.07% RANGE:0.07% UP:18.18% SPREAD:0.10261672% BID:1.949 ASK:1.951 MID:1.95 P1:1.95 P2:1.9505 P3:1.951 P4:1.9505 STATE:IDLE
[2026-05-11 15:30:03Z] CHK MOM:-0.07% RANGE:0.07% UP:18.18% SPREAD:0.10261672% BID:1.949 ASK:1.951 MID:1.95 P1:1.95 P2:1.9505 P3:1.951 P4:1.9505 STATE:IDLE
[2026-05-11 15:30:04Z] CHK MOM:-0.1% RANGE:0.1% UP:18.18% SPREAD:0.05130836% BID:1.949 ASK:1.95 MID:1.9495 P1:1.9495 P2:1.95 P3:1.9505 P4:1.951 STATE:IDLE
[2026-05-11 15:30:04Z] CHK MOM:-0.1% RANGE:0.1% UP:16.66% SPREAD:0.05130836% BID:1.949 ASK:1.95 MID:1.9495 P1:1.9495 P2:1.9495 P3:1.95 P4:1.9505 STATE:IDLE
[2026-05-11 15:30:05Z] CHK MOM:-0.07% RANGE:0.1% UP:23.07% SPREAD:0.10261672% BID:1.949 ASK:1.951 MID:1.95 P1:1.95 P2:1.9495 P3:1.9495 P4:1.95 STATE:IDLE
[2026-05-11 15:30:06Z] CHK MOM:-0.07% RANGE:0.1% UP:21.42% SPREAD:0.10261672% BID:1.949 ASK:1.951 MID:1.95 P1:1.95 P2:1.95 P3:1.9495 P4:1.9495 STATE:IDLE
[2026-05-11 15:30:06Z] CHK MOM:-0.07% RANGE:0.1% UP:20% SPREAD:0.10261672% BID:1.949 ASK:1.951 MID:1.95 P1:1.95 P2:1.95 P3:1.95 P4:1.9495 STATE:IDLE
[2026-05-11 15:30:07Z] CHK MOM:-0.05% RANGE:0.1% UP:28.57% SPREAD:0.05128205% BID:1.95 ASK:1.951 MID:1.9505 P1:1.9505 P2:1.95 P3:1.95 P4:1.95 STATE:IDLE
[2026-05-11 15:30:07Z] CHK MOM:-0.05% RANGE:0.1% UP:28.57% SPREAD:0.05128205% BID:1.95 ASK:1.951 MID:1.9505 P1:1.9505 P2:1.95 P3:1.95 P4:1.95 STATE:IDLE
[2026-05-11 15:30:08Z] CHK MOM:-0.05% RANGE:0.1% UP:26.66% SPREAD:0.05128205% BID:1.95 ASK:1.951 MID:1.9505 P1:1.9505 P2:1.9505 P3:1.95 P4:1.95 STATE:IDLE
[2026-05-11 15:30:08Z] CHK MOM:-0.05% RANGE:0.1% UP:25% SPREAD:0.05128205% BID:1.95 ASK:1.951 MID:1.9505 P1:1.9505 P2:1.9505 P3:1.9505 P4:1.95 STATE:IDLE
[2026-05-11 15:30:09Z] CHK MOM:-0.05% RANGE:0.1% UP:25% SPREAD:0.05128205% BID:1.95 ASK:1.951 MID:1.9505 P1:1.9505 P2:1.9505 P3:1.9505 P4:1.95 STATE:IDLE
[2026-05-11 15:30:09Z] CHK MOM:-0.02% RANGE:0.07% UP:25% SPREAD:0.05128205% BID:1.95 ASK:1.951 MID:1.9505 P1:1.9505 P2:1.9505 P3:1.9505 P4:1.9505 STATE:IDLE
[2026-05-11 15:30:10Z] CHK MOM:-0.02% RANGE:0.07% UP:25% SPREAD:0.05128205% BID:1.95 ASK:1.951 MID:1.9505 P1:1.9505 P2:1.9505 P3:1.9505 P4:1.9505 STATE:IDLE
[2026-05-11 15:30:11Z] CHK MOM:0% RANGE:0.07% UP:26.66% SPREAD:0.1025641% BID:1.95 ASK:1.952 MID:1.951 P1:1.951 P2:1.9505 P3:1.9505 P4:1.9505 STATE:IDLE
[2026-05-11 15:30:11Z] CHK MOM:0.02% RANGE:0.1% UP:33.33% SPREAD:0.05125576% BID:1.951 ASK:1.952 MID:1.9515 P1:1.9515 P2:1.951 P3:1.9505 P4:1.9505 STATE:IDLE
[2026-05-11 15:30:12Z] CHK MOM:0.02% RANGE:0.1% UP:33.33% SPREAD:0.05125576% BID:1.951 ASK:1.952 MID:1.9515 P1:1.9515 P2:1.951 P3:1.9505 P4:1.9505 STATE:IDLE
[2026-05-11 15:30:12Z] CHK MOM:0.02% RANGE:0.1% UP:33.33% SPREAD:0.05125576% BID:1.951 ASK:1.952 MID:1.9515 P1:1.9515 P2:1.951 P3:1.9505 P4:1.9505 STATE:IDLE
[2026-05-11 15:30:13Z] CHK MOM:0.05% RANGE:0.1% UP:33.33% SPREAD:0.05125576% BID:1.951 ASK:1.952 MID:1.9515 P1:1.9515 P2:1.9515 P3:1.951 P4:1.9505 STATE:IDLE
[2026-05-11 15:30:13Z] CHK MOM:0.05% RANGE:0.1% UP:33.33% SPREAD:0.05125576% BID:1.951 ASK:1.952 MID:1.9515 P1:1.9515 P2:1.9515 P3:1.951 P4:1.9505 STATE:IDLE
[2026-05-11 15:30:14Z] CHK MOM:0.1% RANGE:0.15% UP:35.71% SPREAD:0.0512295% BID:1.952 ASK:1.953 MID:1.9525 P1:1.9525 P2:1.9515 P3:1.9515 P4:1.951 STATE:IDLE
[2026-05-11 15:30:14Z] CHK MOM:0.12% RANGE:0.15% UP:35.71% SPREAD:0.0512295% BID:1.952 ASK:1.953 MID:1.9525 P1:1.9525 P2:1.9525 P3:1.9515 P4:1.9515 STATE:IDLE
[2026-05-11 15:30:15Z] CHK MOM:0.2% RANGE:0.2% UP:42.85% SPREAD:0.05120327% BID:1.953 ASK:1.954 MID:1.9535 P1:1.9535 P2:1.9525 P3:1.9525 P4:1.9515 STATE:IDLE
[2026-05-11 15:30:16Z] CHK MOM:0.2% RANGE:0.2% UP:40% SPREAD:0.05120327% BID:1.953 ASK:1.954 MID:1.9535 P1:1.9535 P2:1.9535 P3:1.9525 P4:1.9525 STATE:IDLE
[2026-05-11 15:30:16Z] CHK MOM:0.12% RANGE:0.17% UP:35.71% SPREAD:0.0512295% BID:1.952 ASK:1.953 MID:1.9525 P1:1.9525 P2:1.9535 P3:1.9535 P4:1.9525 STATE:IDLE
[2026-05-11 15:30:17Z] CHK MOM:0.12% RANGE:0.17% UP:35.71% SPREAD:0.0512295% BID:1.952 ASK:1.953 MID:1.9525 P1:1.9525 P2:1.9525 P3:1.9535 P4:1.9535 STATE:IDLE
[2026-05-11 15:30:17Z] CHK MOM:0.12% RANGE:0.17% UP:35.71% SPREAD:0.0512295% BID:1.952 ASK:1.953 MID:1.9525 P1:1.9525 P2:1.9525 P3:1.9535 P4:1.9535 STATE:IDLE
[2026-05-11 15:30:18Z] CHK MOM:0.12% RANGE:0.17% UP:35.71% SPREAD:0.0512295% BID:1.952 ASK:1.953 MID:1.9525 P1:1.9525 P2:1.9525 P3:1.9535 P4:1.9535 STATE:IDLE
[2026-05-11 15:30:18Z] CHK MOM:0.1% RANGE:0.15% UP:30.76% SPREAD:0.0512295% BID:1.952 ASK:1.953 MID:1.9525 P1:1.9525 P2:1.9525 P3:1.9525 P4:1.9535 STATE:IDLE
[2026-05-11 15:30:19Z] CHK MOM:0.1% RANGE:0.15% UP:30.76% SPREAD:0.0512295% BID:1.952 ASK:1.953 MID:1.9525 P1:1.9525 P2:1.9525 P3:1.9525 P4:1.9535 STATE:IDLE
[2026-05-11 15:30:19Z] CHK MOM:0.1% RANGE:0.15% UP:30.76% SPREAD:0.0512295% BID:1.952 ASK:1.953 MID:1.9525 P1:1.9525 P2:1.9525 P3:1.9525 P4:1.9535 STATE:IDLE
[2026-05-11 15:30:20Z] CHK MOM:0.1% RANGE:0.15% UP:30.76% SPREAD:0.0512295% BID:1.952 ASK:1.953 MID:1.9525 P1:1.9525 P2:1.9525 P3:1.9525 P4:1.9535 STATE:IDLE
[2026-05-11 15:30:20Z] CHK MOM:0.1% RANGE:0.15% UP:30.76% SPREAD:0.0512295% BID:1.952 ASK:1.953 MID:1.9525 P1:1.9525 P2:1.9525 P3:1.9525 P4:1.9535 STATE:IDLE
[2026-05-11 15:30:21Z] CHK MOM:0.1% RANGE:0.15% UP:30.76% SPREAD:0.0512295% BID:1.952 ASK:1.953 MID:1.9525 P1:1.9525 P2:1.9525 P3:1.9525 P4:1.9535 STATE:IDLE
[2026-05-11 15:30:22Z] CHK MOM:0.12% RANGE:0.12% UP:40% SPREAD:0.05120327% BID:1.953 ASK:1.954 MID:1.9535 P1:1.9535 P2:1.9525 P3:1.9525 P4:1.9525 STATE:IDLE
[2026-05-11 15:30:22Z] CHK MOM:0.1% RANGE:0.1% UP:30% SPREAD:0.05120327% BID:1.953 ASK:1.954 MID:1.9535 P1:1.9535 P2:1.9535 P3:1.9525 P4:1.9525 STATE:IDLE
[2026-05-11 15:30:23Z] CHK MOM:0.1% RANGE:0.1% UP:30% SPREAD:0.05120327% BID:1.953 ASK:1.954 MID:1.9535 P1:1.9535 P2:1.9535 P3:1.9525 P4:1.9525 STATE:IDLE
[2026-05-11 15:30:23Z] CHK MOM:0.1% RANGE:0.1% UP:30% SPREAD:0.05120327% BID:1.953 ASK:1.954 MID:1.9535 P1:1.9535 P2:1.9535 P3:1.9525 P4:1.9525 STATE:IDLE
[2026-05-11 15:30:24Z] CHK MOM:0.1% RANGE:0.1% UP:30% SPREAD:0.05120327% BID:1.953 ASK:1.954 MID:1.9535 P1:1.9535 P2:1.9535 P3:1.9525 P4:1.9525 STATE:IDLE
[2026-05-11 15:30:24Z] CHK MOM:0.1% RANGE:0.1% UP:30% SPREAD:0.05120327% BID:1.953 ASK:1.954 MID:1.9535 P1:1.9535 P2:1.9535 P3:1.9525 P4:1.9525 STATE:IDLE
[2026-05-11 15:30:25Z] CHK MOM:0.05% RANGE:0.05% UP:22.22% SPREAD:0.05120327% BID:1.953 ASK:1.954 MID:1.9535 P1:1.9535 P2:1.9535 P3:1.9535 P4:1.9525 STATE:IDLE
[2026-05-11 15:30:25Z] CHK MOM:0.05% RANGE:0.05% UP:22.22% SPREAD:0.05120327% BID:1.953 ASK:1.954 MID:1.9535 P1:1.9535 P2:1.9535 P3:1.9535 P4:1.9525 STATE:IDLE
[2026-05-11 15:30:26Z] CHK MOM:0.05% RANGE:0.05% UP:22.22% SPREAD:0.05120327% BID:1.953 ASK:1.954 MID:1.9535 P1:1.9535 P2:1.9535 P3:1.9535 P4:1.9525 STATE:IDLE
[2026-05-11 15:30:27Z] CHK MOM:0.05% RANGE:0.05% UP:22.22% SPREAD:0.05120327% BID:1.953 ASK:1.954 MID:1.9535 P1:1.9535 P2:1.9535 P3:1.9535 P4:1.9525 STATE:IDLE
[2026-05-11 15:30:27Z] CHK MOM:0.05% RANGE:0.05% UP:22.22% SPREAD:0.05120327% BID:1.953 ASK:1.954 MID:1.9535 P1:1.9535 P2:1.9535 P3:1.9535 P4:1.9525 STATE:IDLE
[2026-05-11 15:30:28Z] CHK MOM:0.05% RANGE:0.05% UP:16.66% SPREAD:0.05120327% BID:1.953 ASK:1.954 MID:1.9535 P1:1.9535 P2:1.9535 P3:1.9535 P4:1.9535 STATE:IDLE
[2026-05-11 15:30:28Z] CHK MOM:0.05% RANGE:0.05% UP:14.28% SPREAD:0.05120327% BID:1.953 ASK:1.954 MID:1.9535 P1:1.9535 P2:1.9535 P3:1.9535 P4:1.9535 STATE:IDLE
[2026-05-11 15:30:29Z] CHK MOM:0.07% RANGE:0.07% UP:28.57% SPREAD:0.10240655% BID:1.953 ASK:1.955 MID:1.954 P1:1.954 P2:1.9535 P3:1.9535 P4:1.9535 STATE:IDLE
[2026-05-11 15:30:29Z] CHK MOM:0.07% RANGE:0.07% UP:28.57% SPREAD:0.10240655% BID:1.953 ASK:1.955 MID:1.954 P1:1.954 P2:1.954 P3:1.9535 P4:1.9535 STATE:IDLE
[2026-05-11 15:30:30Z] CHK MOM:0.07% RANGE:0.07% UP:28.57% SPREAD:0.10240655% BID:1.953 ASK:1.955 MID:1.954 P1:1.954 P2:1.954 P3:1.9535 P4:1.9535 STATE:IDLE
[2026-05-11 15:30:30Z] CHK MOM:0.1% RANGE:0.1% UP:37.5% SPREAD:0.05117707% BID:1.954 ASK:1.955 MID:1.9545 P1:1.9545 P2:1.954 P3:1.954 P4:1.9535 STATE:IDLE
[2026-05-11 15:30:31Z] CHK MOM:0.1% RANGE:0.1% UP:37.5% SPREAD:0.05117707% BID:1.954 ASK:1.955 MID:1.9545 P1:1.9545 P2:1.954 P3:1.954 P4:1.9535 STATE:IDLE
[2026-05-11 15:30:31Z] CHK MOM:0.1% RANGE:0.1% UP:37.5% SPREAD:0.05117707% BID:1.954 ASK:1.955 MID:1.9545 P1:1.9545 P2:1.954 P3:1.954 P4:1.9535 STATE:IDLE
[2026-05-11 15:30:32Z] CHK MOM:0.02% RANGE:0.05% UP:25% SPREAD:0.10240655% BID:1.953 ASK:1.955 MID:1.954 P1:1.954 P2:1.9545 P3:1.954 P4:1.954 STATE:IDLE
[2026-05-11 15:30:33Z] CHK MOM:0.07% RANGE:0.07% UP:33.33% SPREAD:0.10235414% BID:1.954 ASK:1.956 MID:1.955 P1:1.955 P2:1.954 P3:1.9545 P4:1.954 STATE:IDLE
[2026-05-11 15:30:33Z] CHK MOM:0.05% RANGE:0.07% UP:30% SPREAD:0.05117707% BID:1.954 ASK:1.955 MID:1.9545 P1:1.9545 P2:1.955 P3:1.954 P4:1.9545 STATE:IDLE
[2026-05-11 15:30:34Z] CHK MOM:0.1% RANGE:0.1% UP:36.36% SPREAD:0.05115089% BID:1.955 ASK:1.956 MID:1.9555 P1:1.9555 P2:1.9545 P3:1.955 P4:1.954 STATE:IDLE
[2026-05-11 15:30:34Z] CHK MOM:0.05% RANGE:0.1% UP:40% SPREAD:0.05117707% BID:1.954 ASK:1.955 MID:1.9545 P1:1.9545 P2:1.9555 P3:1.9545 P4:1.955 STATE:IDLE
[2026-05-11 15:30:35Z] CHK MOM:0.05% RANGE:0.1% UP:36.36% SPREAD:0.05117707% BID:1.954 ASK:1.955 MID:1.9545 P1:1.9545 P2:1.9545 P3:1.9555 P4:1.9545 STATE:IDLE
[2026-05-11 15:30:35Z] CHK MOM:0.05% RANGE:0.1% UP:36.36% SPREAD:0.05117707% BID:1.954 ASK:1.955 MID:1.9545 P1:1.9545 P2:1.9545 P3:1.9555 P4:1.9545 STATE:IDLE
[2026-05-11 15:30:36Z] CHK MOM:0.05% RANGE:0.1% UP:33.33% SPREAD:0.05117707% BID:1.954 ASK:1.955 MID:1.9545 P1:1.9545 P2:1.9545 P3:1.9545 P4:1.9555 STATE:IDLE
[2026-05-11 15:30:36Z] CHK MOM:0.05% RANGE:0.1% UP:30.76% SPREAD:0.05117707% BID:1.954 ASK:1.955 MID:1.9545 P1:1.9545 P2:1.9545 P3:1.9545 P4:1.9545 STATE:IDLE
[2026-05-11 15:30:37Z] CHK MOM:0.05% RANGE:0.1% UP:28.57% SPREAD:0.05117707% BID:1.954 ASK:1.955 MID:1.9545 P1:1.9545 P2:1.9545 P3:1.9545 P4:1.9545 STATE:IDLE
[2026-05-11 15:30:38Z] CHK MOM:0.05% RANGE:0.1% UP:28.57% SPREAD:0.05117707% BID:1.954 ASK:1.955 MID:1.9545 P1:1.9545 P2:1.9545 P3:1.9545 P4:1.9545 STATE:IDLE
[2026-05-11 15:30:38Z] CHK MOM:0.05% RANGE:0.1% UP:28.57% SPREAD:0.05117707% BID:1.954 ASK:1.955 MID:1.9545 P1:1.9545 P2:1.9545 P3:1.9545 P4:1.9545 STATE:IDLE
[2026-05-11 15:30:39Z] CHK MOM:0.05% RANGE:0.1% UP:28.57% SPREAD:0.05117707% BID:1.954 ASK:1.955 MID:1.9545 P1:1.9545 P2:1.9545 P3:1.9545 P4:1.9545 STATE:IDLE
[2026-05-11 15:30:39Z] CHK MOM:0.05% RANGE:0.1% UP:28.57% SPREAD:0.05117707% BID:1.954 ASK:1.955 MID:1.9545 P1:1.9545 P2:1.9545 P3:1.9545 P4:1.9545 STATE:IDLE
[2026-05-11 15:30:40Z] CHK MOM:0.05% RANGE:0.1% UP:28.57% SPREAD:0.05117707% BID:1.954 ASK:1.955 MID:1.9545 P1:1.9545 P2:1.9545 P3:1.9545 P4:1.9545 STATE:IDLE
[2026-05-11 15:30:40Z] CHK MOM:0.02% RANGE:0.07% UP:23.07% SPREAD:0.05117707% BID:1.954 ASK:1.955 MID:1.9545 P1:1.9545 P2:1.9545 P3:1.9545 P4:1.9545 STATE:IDLE
[2026-05-11 15:30:41Z] CHK MOM:0.02% RANGE:0.07% UP:23.07% SPREAD:0.05117707% BID:1.954 ASK:1.955 MID:1.9545 P1:1.9545 P2:1.9545 P3:1.9545 P4:1.9545 STATE:IDLE
[2026-05-11 15:30:41Z] CHK MOM:0.02% RANGE:0.07% UP:23.07% SPREAD:0.05117707% BID:1.954 ASK:1.955 MID:1.9545 P1:1.9545 P2:1.9545 P3:1.9545 P4:1.9545 STATE:IDLE
[2026-05-11 15:30:42Z] CHK MOM:-0.05% RANGE:0.1% UP:16.66% SPREAD:0.05120327% BID:1.953 ASK:1.954 MID:1.9535 P1:1.9535 P2:1.9545 P3:1.9545 P4:1.9545 STATE:IDLE
[2026-05-11 15:30:42Z] CHK MOM:0% RANGE:0.1% UP:25% SPREAD:0.10240655% BID:1.953 ASK:1.955 MID:1.954 P1:1.954 P2:1.9535 P3:1.9545 P4:1.9545 STATE:IDLE
[2026-05-11 15:30:43Z] CHK MOM:0% RANGE:0.1% UP:25% SPREAD:0.10240655% BID:1.953 ASK:1.955 MID:1.954 P1:1.954 P2:1.9535 P3:1.9545 P4:1.9545 STATE:IDLE
[2026-05-11 15:30:44Z] CHK MOM:-0.02% RANGE:0.1% UP:25% SPREAD:0.05117707% BID:1.954 ASK:1.955 MID:1.9545 P1:1.9545 P2:1.954 P3:1.9535 P4:1.9545 STATE:IDLE
[2026-05-11 15:30:44Z] CHK MOM:-0.02% RANGE:0.1% UP:25% SPREAD:0.05117707% BID:1.954 ASK:1.955 MID:1.9545 P1:1.9545 P2:1.954 P3:1.9535 P4:1.9545 STATE:IDLE
[2026-05-11 15:30:45Z] CHK MOM:-0.02% RANGE:0.1% UP:25% SPREAD:0.05117707% BID:1.954 ASK:1.955 MID:1.9545 P1:1.9545 P2:1.954 P3:1.9535 P4:1.9545 STATE:IDLE
[2026-05-11 15:30:45Z] CHK MOM:-0.02% RANGE:0.1% UP:25% SPREAD:0.05117707% BID:1.954 ASK:1.955 MID:1.9545 P1:1.9545 P2:1.954 P3:1.9535 P4:1.9545 STATE:IDLE
[2026-05-11 15:30:46Z] CHK MOM:-0.1% RANGE:0.1% UP:18.18% SPREAD:0.05120327% BID:1.953 ASK:1.954 MID:1.9535 P1:1.9535 P2:1.9545 P3:1.954 P4:1.9535 STATE:IDLE
[2026-05-11 15:30:46Z] CHK MOM:-0.02% RANGE:0.05% UP:30% SPREAD:0.10240655% BID:1.953 ASK:1.955 MID:1.954 P1:1.954 P2:1.9535 P3:1.9545 P4:1.954 STATE:IDLE
[2026-05-11 15:30:47Z] CHK MOM:0% RANGE:0.05% UP:36.36% SPREAD:0.05117707% BID:1.954 ASK:1.955 MID:1.9545 P1:1.9545 P2:1.954 P3:1.9535 P4:1.9545 STATE:IDLE
[2026-05-11 15:30:47Z] CHK MOM:0% RANGE:0.05% UP:36.36% SPREAD:0.05117707% BID:1.954 ASK:1.955 MID:1.9545 P1:1.9545 P2:1.954 P3:1.9535 P4:1.9545 STATE:IDLE
[2026-05-11 15:30:48Z] CHK MOM:0% RANGE:0.05% UP:36.36% SPREAD:0.05117707% BID:1.954 ASK:1.955 MID:1.9545 P1:1.9545 P2:1.954 P3:1.9535 P4:1.9545 STATE:IDLE
[2026-05-11 15:30:49Z] CHK MOM:0% RANGE:0.05% UP:44.44% SPREAD:0.05117707% BID:1.954 ASK:1.955 MID:1.9545 P1:1.9545 P2:1.9545 P3:1.954 P4:1.9535 STATE:IDLE
[2026-05-11 15:30:49Z] CHK MOM:-0.02% RANGE:0.05% UP:44.44% SPREAD:0.10240655% BID:1.953 ASK:1.955 MID:1.954 P1:1.954 P2:1.9545 P3:1.9545 P4:1.954 STATE:IDLE
[2026-05-11 15:30:50Z] CHK MOM:-0.05% RANGE:0.05% UP:40% SPREAD:0.05120327% BID:1.953 ASK:1.954 MID:1.9535 P1:1.9535 P2:1.954 P3:1.9545 P4:1.9545 STATE:IDLE
[2026-05-11 15:30:50Z] CHK MOM:-0.05% RANGE:0.05% UP:40% SPREAD:0.05120327% BID:1.953 ASK:1.954 MID:1.9535 P1:1.9535 P2:1.954 P3:1.9545 P4:1.9545 STATE:IDLE
[2026-05-11 15:30:51Z] CHK MOM:-0.02% RANGE:0.05% UP:45.45% SPREAD:0.10240655% BID:1.953 ASK:1.955 MID:1.954 P1:1.954 P2:1.9535 P3:1.954 P4:1.9545 STATE:IDLE
[2026-05-11 15:30:51Z] CHK MOM:0.05% RANGE:0.1% UP:54.54% SPREAD:0.05115089% BID:1.955 ASK:1.956 MID:1.9555 P1:1.9555 P2:1.954 P3:1.9535 P4:1.954 STATE:IDLE
[2026-05-11 15:30:52Z] CHK MOM:0.05% RANGE:0.1% UP:50% SPREAD:0.05115089% BID:1.955 ASK:1.956 MID:1.9555 P1:1.9555 P2:1.9555 P3:1.954 P4:1.9535 STATE:IDLE
[2026-05-11 15:57:39Z] SESSION_START symbol=PENDLEUSDC dry_run=0 profile=major strategy=momentum base_url=https://api.binance.com
[2026-05-11 15:57:39Z] TOXIC_MEMORY_LOADED count=4 symbols=GUNUSDC,JTOUSDC,ORDIUSDC,SAHARAUSDC
[2026-05-11 15:57:41Z] CHK MOM:0% RANGE:0% UP:0% SPREAD:0.05109862% BID:1.957 ASK:1.958 MID:1.9575 P1:1.9575 P2:NA P3:NA P4:NA STATE:IDLE
[2026-05-11 15:57:42Z] CHK MOM:0% RANGE:0% UP:0% SPREAD:0.05109862% BID:1.957 ASK:1.958 MID:1.9575 P1:1.9575 P2:1.9575 P3:NA P4:NA STATE:IDLE
[2026-05-11 15:57:42Z] CHK MOM:0% RANGE:0% UP:0% SPREAD:0.05109862% BID:1.957 ASK:1.958 MID:1.9575 P1:1.9575 P2:1.9575 P3:1.9575 P4:NA STATE:IDLE
[2026-05-11 15:57:43Z] CHK MOM:0% RANGE:0% UP:0% SPREAD:0.05109862% BID:1.957 ASK:1.958 MID:1.9575 P1:1.9575 P2:1.9575 P3:1.9575 P4:NA STATE:IDLE
[2026-05-11 15:57:43Z] CHK MOM:0% RANGE:0% UP:0% SPREAD:0.05109862% BID:1.957 ASK:1.958 MID:1.9575 P1:1.9575 P2:1.9575 P3:1.9575 P4:NA STATE:IDLE
[2026-05-11 15:57:44Z] CHK MOM:0% RANGE:0% UP:0% SPREAD:0.05109862% BID:1.957 ASK:1.958 MID:1.9575 P1:1.9575 P2:1.9575 P3:1.9575 P4:1.9575 STATE:IDLE
[2026-05-11 15:57:44Z] CHK MOM:0% RANGE:0% UP:0% SPREAD:0.05109862% BID:1.957 ASK:1.958 MID:1.9575 P1:1.9575 P2:1.9575 P3:1.9575 P4:1.9575 STATE:IDLE
[2026-05-11 15:57:45Z] CHK MOM:0% RANGE:0% UP:0% SPREAD:0.05109862% BID:1.957 ASK:1.958 MID:1.9575 P1:1.9575 P2:1.9575 P3:1.9575 P4:1.9575 STATE:IDLE
[2026-05-11 15:57:45Z] CHK MOM:0% RANGE:0% UP:0% SPREAD:0.05109862% BID:1.957 ASK:1.958 MID:1.9575 P1:1.9575 P2:1.9575 P3:1.9575 P4:1.9575 STATE:IDLE
[2026-05-11 15:57:46Z] CHK MOM:0% RANGE:0% UP:0% SPREAD:0.05109862% BID:1.957 ASK:1.958 MID:1.9575 P1:1.9575 P2:1.9575 P3:1.9575 P4:1.9575 STATE:IDLE
[2026-05-11 15:57:47Z] CHK MOM:0% RANGE:0% UP:0% SPREAD:0.05109862% BID:1.957 ASK:1.958 MID:1.9575 P1:1.9575 P2:1.9575 P3:1.9575 P4:1.9575 STATE:IDLE
[2026-05-11 15:57:47Z] CHK MOM:0% RANGE:0% UP:0% SPREAD:0.05109862% BID:1.957 ASK:1.958 MID:1.9575 P1:1.9575 P2:1.9575 P3:1.9575 P4:1.9575 STATE:IDLE
[2026-05-11 15:57:50Z] CHK MOM:0% RANGE:0% UP:0% SPREAD:0.05109862% BID:1.957 ASK:1.958 MID:1.9575 P1:1.9575 P2:1.9575 P3:1.9575 P4:1.9575 STATE:IDLE
[2026-05-11 15:57:50Z] CHK MOM:0% RANGE:0% UP:0% SPREAD:0.05109862% BID:1.957 ASK:1.958 MID:1.9575 P1:1.9575 P2:1.9575 P3:1.9575 P4:1.9575 STATE:IDLE
[2026-05-11 15:57:51Z] CHK MOM:0.05% RANGE:0.05% UP:16.66% SPREAD:0.05107252% BID:1.958 ASK:1.959 MID:1.9585 P1:1.9585 P2:1.9575 P3:1.9575 P4:1.9575 STATE:IDLE
[2026-05-11 15:57:51Z] CHK MOM:0.05% RANGE:0.05% UP:14.28% SPREAD:0.05107252% BID:1.958 ASK:1.959 MID:1.9585 P1:1.9585 P2:1.9585 P3:1.9575 P4:1.9575 STATE:IDLE
[2026-05-11 15:57:52Z] CHK MOM:0.05% RANGE:0.05% UP:14.28% SPREAD:0.05107252% BID:1.958 ASK:1.959 MID:1.9585 P1:1.9585 P2:1.9585 P3:1.9575 P4:1.9575 STATE:IDLE
[2026-05-11 15:57:53Z] CHK MOM:0% RANGE:0.05% UP:12.5% SPREAD:0.05109862% BID:1.957 ASK:1.958 MID:1.9575 P1:1.9575 P2:1.9585 P3:1.9585 P4:1.9575 STATE:IDLE
[2026-05-11 15:57:53Z] CHK MOM:0% RANGE:0.05% UP:12.5% SPREAD:0.05109862% BID:1.957 ASK:1.958 MID:1.9575 P1:1.9575 P2:1.9585 P3:1.9585 P4:1.9575 STATE:IDLE
[2026-05-11 15:57:54Z] CHK MOM:0% RANGE:0.05% UP:12.5% SPREAD:0.05109862% BID:1.957 ASK:1.958 MID:1.9575 P1:1.9575 P2:1.9585 P3:1.9585 P4:1.9575 STATE:IDLE
[2026-05-11 15:57:54Z] CHK MOM:0% RANGE:0.05% UP:16.66% SPREAD:0.05109862% BID:1.957 ASK:1.958 MID:1.9575 P1:1.9575 P2:1.9575 P3:1.9585 P4:1.9585 STATE:IDLE
[2026-05-11 15:57:55Z] CHK MOM:0% RANGE:0.05% UP:16.66% SPREAD:0.05109862% BID:1.957 ASK:1.958 MID:1.9575 P1:1.9575 P2:1.9575 P3:1.9585 P4:1.9585 STATE:IDLE
[2026-05-11 15:57:55Z] CHK MOM:0% RANGE:0.05% UP:14.28% SPREAD:0.05109862% BID:1.957 ASK:1.958 MID:1.9575 P1:1.9575 P2:1.9575 P3:1.9575 P4:1.9585 STATE:IDLE
[2026-05-11 15:57:56Z] CHK MOM:0% RANGE:0.05% UP:14.28% SPREAD:0.05109862% BID:1.957 ASK:1.958 MID:1.9575 P1:1.9575 P2:1.9575 P3:1.9575 P4:1.9585 STATE:IDLE
[2026-05-11 15:57:56Z] CHK MOM:0% RANGE:0.05% UP:14.28% SPREAD:0.05109862% BID:1.957 ASK:1.958 MID:1.9575 P1:1.9575 P2:1.9575 P3:1.9575 P4:1.9585 STATE:IDLE
[2026-05-11 15:57:57Z] CHK MOM:0% RANGE:0.05% UP:14.28% SPREAD:0.05109862% BID:1.957 ASK:1.958 MID:1.9575 P1:1.9575 P2:1.9575 P3:1.9575 P4:1.9585 STATE:IDLE
[2026-05-11 15:57:58Z] CHK MOM:0% RANGE:0.05% UP:14.28% SPREAD:0.05109862% BID:1.957 ASK:1.958 MID:1.9575 P1:1.9575 P2:1.9575 P3:1.9575 P4:1.9585 STATE:IDLE
[2026-05-11 15:57:58Z] CHK MOM:0% RANGE:0.05% UP:16.66% SPREAD:0.05109862% BID:1.957 ASK:1.958 MID:1.9575 P1:1.9575 P2:1.9575 P3:1.9575 P4:1.9575 STATE:IDLE
[2026-05-11 15:57:59Z] CHK MOM:0% RANGE:0.05% UP:16.66% SPREAD:0.05109862% BID:1.957 ASK:1.958 MID:1.9575 P1:1.9575 P2:1.9575 P3:1.9575 P4:1.9575 STATE:IDLE
[2026-05-11 15:57:59Z] CHK MOM:0% RANGE:0.05% UP:16.66% SPREAD:0.05109862% BID:1.957 ASK:1.958 MID:1.9575 P1:1.9575 P2:1.9575 P3:1.9575 P4:1.9575 STATE:IDLE
[2026-05-11 15:58:00Z] CHK MOM:0% RANGE:0.05% UP:16.66% SPREAD:0.05109862% BID:1.957 ASK:1.958 MID:1.9575 P1:1.9575 P2:1.9575 P3:1.9575 P4:1.9575 STATE:IDLE
[2026-05-11 15:58:00Z] CHK MOM:0% RANGE:0.05% UP:16.66% SPREAD:0.05109862% BID:1.957 ASK:1.958 MID:1.9575 P1:1.9575 P2:1.9575 P3:1.9575 P4:1.9575 STATE:IDLE
[2026-05-11 15:58:01Z] CHK MOM:0% RANGE:0.05% UP:14.28% SPREAD:0.05109862% BID:1.957 ASK:1.958 MID:1.9575 P1:1.9575 P2:1.9575 P3:1.9575 P4:1.9575 STATE:IDLE
[2026-05-11 15:58:01Z] CHK MOM:0% RANGE:0.05% UP:12.5% SPREAD:0.05109862% BID:1.957 ASK:1.958 MID:1.9575 P1:1.9575 P2:1.9575 P3:1.9575 P4:1.9575 STATE:IDLE
[2026-05-11 15:58:02Z] CHK MOM:0% RANGE:0.05% UP:11.11% SPREAD:0.05109862% BID:1.957 ASK:1.958 MID:1.9575 P1:1.9575 P2:1.9575 P3:1.9575 P4:1.9575 STATE:IDLE
[2026-05-11 15:58:02Z] CHK MOM:0% RANGE:0.05% UP:11.11% SPREAD:0.05107252% BID:1.958 ASK:1.959 MID:1.9585 P1:1.9585 P2:1.9575 P3:1.9575 P4:1.9575 STATE:IDLE
[2026-05-11 15:58:03Z] CHK MOM:0% RANGE:0.05% UP:10% SPREAD:0.05107252% BID:1.958 ASK:1.959 MID:1.9585 P1:1.9585 P2:1.9585 P3:1.9575 P4:1.9575 STATE:IDLE
[2026-05-11 15:58:04Z] CHK MOM:0.02% RANGE:0.05% UP:11.11% SPREAD:0.10219724% BID:1.957 ASK:1.959 MID:1.958 P1:1.958 P2:1.9585 P3:1.9585 P4:1.9575 STATE:IDLE
[2026-05-11 15:58:04Z] CHK MOM:0.02% RANGE:0.05% UP:11.11% SPREAD:0.10219724% BID:1.957 ASK:1.959 MID:1.958 P1:1.958 P2:1.9585 P3:1.9585 P4:1.9575 STATE:IDLE
[2026-05-11 15:58:05Z] CHK MOM:0% RANGE:0.05% UP:11.11% SPREAD:0.05109862% BID:1.957 ASK:1.958 MID:1.9575 P1:1.9575 P2:1.958 P3:1.9585 P4:1.9585 STATE:IDLE
[2026-05-11 15:58:05Z] CHK MOM:0% RANGE:0.05% UP:11.11% SPREAD:0.05109862% BID:1.957 ASK:1.958 MID:1.9575 P1:1.9575 P2:1.958 P3:1.9585 P4:1.9585 STATE:IDLE
[2026-05-11 15:58:06Z] CHK MOM:0% RANGE:0.05% UP:10% SPREAD:0.05109862% BID:1.957 ASK:1.958 MID:1.9575 P1:1.9575 P2:1.9575 P3:1.958 P4:1.9585 STATE:IDLE
[2026-05-11 15:58:06Z] CHK MOM:0% RANGE:0.05% UP:9.09% SPREAD:0.05109862% BID:1.957 ASK:1.958 MID:1.9575 P1:1.9575 P2:1.9575 P3:1.9575 P4:1.958 STATE:IDLE
[2026-05-11 15:58:07Z] CHK MOM:0% RANGE:0.05% UP:9.09% SPREAD:0.05109862% BID:1.957 ASK:1.958 MID:1.9575 P1:1.9575 P2:1.9575 P3:1.9575 P4:1.958 STATE:IDLE
[2026-05-11 15:58:07Z] CHK MOM:0% RANGE:0.05% UP:9.09% SPREAD:0.05109862% BID:1.957 ASK:1.958 MID:1.9575 P1:1.9575 P2:1.9575 P3:1.9575 P4:1.958 STATE:IDLE
[2026-05-11 15:58:08Z] CHK MOM:0% RANGE:0.05% UP:9.09% SPREAD:0.05109862% BID:1.957 ASK:1.958 MID:1.9575 P1:1.9575 P2:1.9575 P3:1.9575 P4:1.958 STATE:IDLE
[2026-05-11 15:58:09Z] CHK MOM:0% RANGE:0.05% UP:9.09% SPREAD:0.05109862% BID:1.957 ASK:1.958 MID:1.9575 P1:1.9575 P2:1.9575 P3:1.9575 P4:1.958 STATE:IDLE
[2026-05-11 15:58:10Z] CHK MOM:0% RANGE:0.05% UP:10% SPREAD:0.05109862% BID:1.957 ASK:1.958 MID:1.9575 P1:1.9575 P2:1.9575 P3:1.9575 P4:1.9575 STATE:IDLE
[2026-05-11 15:58:10Z] CHK MOM:0% RANGE:0.05% UP:9.09% SPREAD:0.05109862% BID:1.957 ASK:1.958 MID:1.9575 P1:1.9575 P2:1.9575 P3:1.9575 P4:1.9575 STATE:IDLE
[2026-05-11 15:58:11Z] CHK MOM:0% RANGE:0.05% UP:9.09% SPREAD:0.05109862% BID:1.957 ASK:1.958 MID:1.9575 P1:1.9575 P2:1.9575 P3:1.9575 P4:1.9575 STATE:IDLE
[2026-05-11 15:58:11Z] CHK MOM:0% RANGE:0.05% UP:9.09% SPREAD:0.05109862% BID:1.957 ASK:1.958 MID:1.9575 P1:1.9575 P2:1.9575 P3:1.9575 P4:1.9575 STATE:IDLE
[2026-05-11 15:58:12Z] CHK MOM:0% RANGE:0.05% UP:9.09% SPREAD:0.05109862% BID:1.957 ASK:1.958 MID:1.9575 P1:1.9575 P2:1.9575 P3:1.9575 P4:1.9575 STATE:IDLE
[2026-05-11 15:58:12Z] CHK MOM:0% RANGE:0.05% UP:9.09% SPREAD:0.05109862% BID:1.957 ASK:1.958 MID:1.9575 P1:1.9575 P2:1.9575 P3:1.9575 P4:1.9575 STATE:IDLE
[2026-05-11 15:58:13Z] CHK MOM:-0.02% RANGE:0.07% UP:8.33% SPREAD:0.10224948% BID:1.956 ASK:1.958 MID:1.95699999 P1:1.95699999 P2:1.9575 P3:1.9575 P4:1.9575 STATE:IDLE
[2026-05-11 15:58:14Z] CHK MOM:0% RANGE:0.07% UP:16.66% SPREAD:0.05109862% BID:1.957 ASK:1.958 MID:1.9575 P1:1.9575 P2:1.95699999 P3:1.9575 P4:1.9575 STATE:IDLE
[2026-05-11 15:58:14Z] CHK MOM:-0.07% RANGE:0.07% UP:9.09% SPREAD:0.10224948% BID:1.956 ASK:1.958 MID:1.95699999 P1:1.95699999 P2:1.9575 P3:1.95699999 P4:1.9575 STATE:IDLE
[2026-05-11 15:58:15Z] CHK MOM:-0.07% RANGE:0.07% UP:9.09% SPREAD:0.10224948% BID:1.956 ASK:1.958 MID:1.95699999 P1:1.95699999 P2:1.9575 P3:1.95699999 P4:1.9575 STATE:IDLE
[2026-05-11 15:58:15Z] CHK MOM:-0.02% RANGE:0.05% UP:20% SPREAD:0.05109862% BID:1.957 ASK:1.958 MID:1.9575 P1:1.9575 P2:1.95699999 P3:1.9575 P4:1.95699999 STATE:IDLE
[2026-05-11 15:58:16Z] CHK MOM:0.05% RANGE:0.07% UP:30% SPREAD:0.05107252% BID:1.958 ASK:1.959 MID:1.9585 P1:1.9585 P2:1.9575 P3:1.95699999 P4:1.9575 STATE:IDLE
[2026-05-11 15:58:16Z] CHK MOM:0.05% RANGE:0.07% UP:27.27% SPREAD:0.05107252% BID:1.958 ASK:1.959 MID:1.9585 P1:1.9585 P2:1.9585 P3:1.9575 P4:1.95699999 STATE:IDLE
[2026-05-11 15:58:17Z] CHK MOM:0.02% RANGE:0.07% UP:25% SPREAD:0.10219724% BID:1.957 ASK:1.959 MID:1.958 P1:1.958 P2:1.9585 P3:1.9585 P4:1.9575 STATE:IDLE
[2026-05-11 15:58:17Z] CHK MOM:0.02% RANGE:0.07% UP:25% SPREAD:0.10219724% BID:1.957 ASK:1.959 MID:1.958 P1:1.958 P2:1.9585 P3:1.9585 P4:1.9575 STATE:IDLE
[2026-05-11 15:58:18Z] CHK MOM:0.02% RANGE:0.07% UP:25% SPREAD:0.10219724% BID:1.957 ASK:1.959 MID:1.958 P1:1.958 P2:1.958 P3:1.9585 P4:1.9585 STATE:IDLE
[2026-05-11 15:58:18Z] CHK MOM:0.02% RANGE:0.07% UP:27.27% SPREAD:0.10219724% BID:1.957 ASK:1.959 MID:1.958 P1:1.958 P2:1.958 P3:1.958 P4:1.9585 STATE:IDLE
[2026-05-11 15:58:19Z] CHK MOM:-0.02% RANGE:0.07% UP:25% SPREAD:0.10224948% BID:1.956 ASK:1.958 MID:1.95699999 P1:1.95699999 P2:1.958 P3:1.958 P4:1.958 STATE:IDLE
[2026-05-11 15:58:20Z] CHK MOM:0% RANGE:0.07% UP:30.76% SPREAD:0.05109862% BID:1.957 ASK:1.958 MID:1.9575 P1:1.9575 P2:1.95699999 P3:1.958 P4:1.958 STATE:IDLE
[2026-05-11 15:58:20Z] CHK MOM:0% RANGE:0.07% UP:28.57% SPREAD:0.05109862% BID:1.957 ASK:1.958 MID:1.9575 P1:1.9575 P2:1.9575 P3:1.95699999 P4:1.958 STATE:IDLE
[2026-05-11 15:58:21Z] CHK MOM:0% RANGE:0.07% UP:28.57% SPREAD:0.05109862% BID:1.957 ASK:1.958 MID:1.9575 P1:1.9575 P2:1.9575 P3:1.95699999 P4:1.958 STATE:IDLE
[2026-05-11 15:58:21Z] CHK MOM:0% RANGE:0.07% UP:28.57% SPREAD:0.05109862% BID:1.957 ASK:1.958 MID:1.9575 P1:1.9575 P2:1.9575 P3:1.95699999 P4:1.958 STATE:IDLE
[2026-05-11 15:58:22Z] CHK MOM:0% RANGE:0.07% UP:28.57% SPREAD:0.05109862% BID:1.957 ASK:1.958 MID:1.9575 P1:1.9575 P2:1.9575 P3:1.95699999 P4:1.958 STATE:IDLE
[2026-05-11 15:58:22Z] CHK MOM:0% RANGE:0.07% UP:30.76% SPREAD:0.05109862% BID:1.957 ASK:1.958 MID:1.9575 P1:1.9575 P2:1.9575 P3:1.9575 P4:1.95699999 STATE:IDLE
[2026-05-11 15:58:23Z] CHK MOM:-0.05% RANGE:0.1% UP:28.57% SPREAD:0.05112474% BID:1.956 ASK:1.957 MID:1.9565 P1:1.9565 P2:1.9575 P3:1.9575 P4:1.9575 STATE:IDLE
[2026-05-11 15:58:23Z] CHK MOM:-0.05% RANGE:0.1% UP:26.66% SPREAD:0.05112474% BID:1.956 ASK:1.957 MID:1.9565 P1:1.9565 P2:1.9565 P3:1.9575 P4:1.9575 STATE:IDLE
[2026-05-11 15:58:24Z] CHK MOM:-0.05% RANGE:0.1% UP:26.66% SPREAD:0.05112474% BID:1.956 ASK:1.957 MID:1.9565 P1:1.9565 P2:1.9565 P3:1.9575 P4:1.9575 STATE:IDLE
[2026-05-11 15:58:25Z] CHK MOM:-0.05% RANGE:0.1% UP:26.66% SPREAD:0.05112474% BID:1.956 ASK:1.957 MID:1.9565 P1:1.9565 P2:1.9565 P3:1.9575 P4:1.9575 STATE:IDLE
[2026-05-11 15:58:25Z] CHK MOM:-0.02% RANGE:0.1% UP:23.07% SPREAD:0.05112474% BID:1.956 ASK:1.957 MID:1.9565 P1:1.9565 P2:1.9565 P3:1.9565 P4:1.9575 STATE:IDLE
[2026-05-11 15:58:26Z] CHK MOM:-0.02% RANGE:0.1% UP:21.42% SPREAD:0.05112474% BID:1.956 ASK:1.957 MID:1.9565 P1:1.9565 P2:1.9565 P3:1.9565 P4:1.9565 STATE:IDLE
[2026-05-11 15:58:26Z] CHK MOM:-0.02% RANGE:0.1% UP:21.42% SPREAD:0.05112474% BID:1.956 ASK:1.957 MID:1.9565 P1:1.9565 P2:1.9565 P3:1.9565 P4:1.9565 STATE:IDLE
[2026-05-11 15:58:27Z] CHK MOM:-0.02% RANGE:0.1% UP:21.42% SPREAD:0.05112474% BID:1.956 ASK:1.957 MID:1.9565 P1:1.9565 P2:1.9565 P3:1.9565 P4:1.9565 STATE:IDLE
[2026-05-11 15:58:27Z] CHK MOM:-0.05% RANGE:0.1% UP:14.28% SPREAD:0.05112474% BID:1.956 ASK:1.957 MID:1.9565 P1:1.9565 P2:1.9565 P3:1.9565 P4:1.9565 STATE:IDLE
[2026-05-11 15:58:28Z] CHK MOM:-0.05% RANGE:0.1% UP:14.28% SPREAD:0.05112474% BID:1.956 ASK:1.957 MID:1.9565 P1:1.9565 P2:1.9565 P3:1.9565 P4:1.9565 STATE:IDLE
[2026-05-11 15:58:28Z] CHK MOM:-0.05% RANGE:0.1% UP:14.28% SPREAD:0.05112474% BID:1.956 ASK:1.957 MID:1.9565 P1:1.9565 P2:1.9565 P3:1.9565 P4:1.9565 STATE:IDLE
[2026-05-11 15:58:29Z] CHK MOM:-0.07% RANGE:0.07% UP:8.33% SPREAD:0.05112474% BID:1.956 ASK:1.957 MID:1.9565 P1:1.9565 P2:1.9565 P3:1.9565 P4:1.9565 STATE:IDLE
[2026-05-11 15:58:29Z] CHK MOM:-0.07% RANGE:0.07% UP:8.33% SPREAD:0.05112474% BID:1.956 ASK:1.957 MID:1.9565 P1:1.9565 P2:1.9565 P3:1.9565 P4:1.9565 STATE:IDLE
[2026-05-11 15:58:30Z] CHK MOM:-0.07% RANGE:0.07% UP:8.33% SPREAD:0.05112474% BID:1.956 ASK:1.957 MID:1.9565 P1:1.9565 P2:1.9565 P3:1.9565 P4:1.9565 STATE:IDLE
[2026-05-11 15:58:30Z] CHK MOM:-0.07% RANGE:0.07% UP:8.33% SPREAD:0.05112474% BID:1.956 ASK:1.957 MID:1.9565 P1:1.9565 P2:1.9565 P3:1.9565 P4:1.9565 STATE:IDLE
[2026-05-11 15:58:31Z] CHK MOM:-0.05% RANGE:0.05% UP:0% SPREAD:0.05112474% BID:1.956 ASK:1.957 MID:1.9565 P1:1.9565 P2:1.9565 P3:1.9565 P4:1.9565 STATE:IDLE
[2026-05-11 15:58:31Z] CHK MOM:-0.05% RANGE:0.05% UP:0% SPREAD:0.05112474% BID:1.956 ASK:1.957 MID:1.9565 P1:1.9565 P2:1.9565 P3:1.9565 P4:1.9565 STATE:IDLE
[2026-05-11 15:58:32Z] CHK MOM:-0.05% RANGE:0.05% UP:0% SPREAD:0.05112474% BID:1.956 ASK:1.957 MID:1.9565 P1:1.9565 P2:1.9565 P3:1.9565 P4:1.9565 STATE:IDLE
[2026-05-11 15:58:32Z] CHK MOM:-0.05% RANGE:0.05% UP:0% SPREAD:0.05112474% BID:1.956 ASK:1.957 MID:1.9565 P1:1.9565 P2:1.9565 P3:1.9565 P4:1.9565 STATE:IDLE
[2026-05-11 15:58:33Z] CHK MOM:-0.05% RANGE:0.05% UP:0% SPREAD:0.05112474% BID:1.956 ASK:1.957 MID:1.9565 P1:1.9565 P2:1.9565 P3:1.9565 P4:1.9565 STATE:IDLE
[2026-05-11 15:58:33Z] CHK MOM:-0.05% RANGE:0.05% UP:0% SPREAD:0.05112474% BID:1.956 ASK:1.957 MID:1.9565 P1:1.9565 P2:1.9565 P3:1.9565 P4:1.9565 STATE:IDLE
[2026-05-11 15:58:34Z] CHK MOM:0% RANGE:0.05% UP:10% SPREAD:0.05109862% BID:1.957 ASK:1.958 MID:1.9575 P1:1.9575 P2:1.9565 P3:1.9565 P4:1.9565 STATE:IDLE
[2026-05-11 15:58:34Z] CHK MOM:0.05% RANGE:0.05% UP:11.11% SPREAD:0.05109862% BID:1.957 ASK:1.958 MID:1.9575 P1:1.9575 P2:1.9575 P3:1.9565 P4:1.9565 STATE:IDLE
[2026-05-11 15:58:36Z] CHK MOM:0.05% RANGE:0.05% UP:11.11% SPREAD:0.05109862% BID:1.957 ASK:1.958 MID:1.9575 P1:1.9575 P2:1.9575 P3:1.9565 P4:1.9565 STATE:IDLE
[2026-05-11 15:58:36Z] CHK MOM:0.05% RANGE:0.05% UP:11.11% SPREAD:0.05109862% BID:1.957 ASK:1.958 MID:1.9575 P1:1.9575 P2:1.9575 P3:1.9575 P4:1.9565 STATE:IDLE
[2026-05-11 15:58:37Z] CHK MOM:0.05% RANGE:0.05% UP:11.11% SPREAD:0.05109862% BID:1.957 ASK:1.958 MID:1.9575 P1:1.9575 P2:1.9575 P3:1.9575 P4:1.9565 STATE:IDLE
[2026-05-11 15:58:37Z] CHK MOM:0.1% RANGE:0.1% UP:25% SPREAD:0.05107252% BID:1.958 ASK:1.959 MID:1.9585 P1:1.9585 P2:1.9575 P3:1.9575 P4:1.9575 STATE:IDLE
[2026-05-11 15:58:38Z] CHK MOM:0.1% RANGE:0.1% UP:22.22% SPREAD:0.05107252% BID:1.958 ASK:1.959 MID:1.9585 P1:1.9585 P2:1.9585 P3:1.9575 P4:1.9575 STATE:IDLE
[2026-05-11 15:58:38Z] CHK MOM:0.1% RANGE:0.1% UP:20% SPREAD:0.05107252% BID:1.958 ASK:1.959 MID:1.9585 P1:1.9585 P2:1.9585 P3:1.9585 P4:1.9575 STATE:IDLE
[2026-05-11 15:58:39Z] CHK MOM:0.1% RANGE:0.1% UP:20% SPREAD:0.05107252% BID:1.958 ASK:1.959 MID:1.9585 P1:1.9585 P2:1.9585 P3:1.9585 P4:1.9575 STATE:IDLE
[2026-05-11 15:58:39Z] CHK MOM:0.1% RANGE:0.1% UP:20% SPREAD:0.05107252% BID:1.958 ASK:1.959 MID:1.9585 P1:1.9585 P2:1.9585 P3:1.9585 P4:1.9585 STATE:IDLE
[2026-05-11 15:58:40Z] CHK MOM:0.1% RANGE:0.1% UP:20% SPREAD:0.05107252% BID:1.958 ASK:1.959 MID:1.9585 P1:1.9585 P2:1.9585 P3:1.9585 P4:1.9585 STATE:IDLE
[2026-05-11 15:58:41Z] CHK MOM:0.07% RANGE:0.1% UP:20% SPREAD:0.10219724% BID:1.957 ASK:1.959 MID:1.958 P1:1.958 P2:1.9585 P3:1.9585 P4:1.9585 STATE:IDLE
[2026-05-11 15:58:41Z] CHK MOM:0.07% RANGE:0.1% UP:20% SPREAD:0.10219724% BID:1.957 ASK:1.959 MID:1.958 P1:1.958 P2:1.958 P3:1.9585 P4:1.9585 STATE:IDLE
[2026-05-11 15:58:42Z] CHK MOM:0.07% RANGE:0.1% UP:18.18% SPREAD:0.10219724% BID:1.957 ASK:1.959 MID:1.958 P1:1.958 P2:1.958 P3:1.958 P4:1.9585 STATE:IDLE
[2026-05-11 15:58:42Z] CHK MOM:0.07% RANGE:0.1% UP:16.66% SPREAD:0.10219724% BID:1.957 ASK:1.959 MID:1.958 P1:1.958 P2:1.958 P3:1.958 P4:1.958 STATE:IDLE
[2026-05-11 15:58:43Z] CHK MOM:0.07% RANGE:0.1% UP:15.38% SPREAD:0.10219724% BID:1.957 ASK:1.959 MID:1.958 P1:1.958 P2:1.958 P3:1.958 P4:1.958 STATE:IDLE
[2026-05-11 15:58:43Z] CHK MOM:0.07% RANGE:0.1% UP:15.38% SPREAD:0.10219724% BID:1.957 ASK:1.959 MID:1.958 P1:1.958 P2:1.958 P3:1.958 P4:1.958 STATE:IDLE
[2026-05-11 15:58:44Z] CHK MOM:0.07% RANGE:0.1% UP:15.38% SPREAD:0.10219724% BID:1.957 ASK:1.959 MID:1.958 P1:1.958 P2:1.958 P3:1.958 P4:1.958 STATE:IDLE
[2026-05-11 15:58:44Z] CHK MOM:0.07% RANGE:0.1% UP:15.38% SPREAD:0.10219724% BID:1.957 ASK:1.959 MID:1.958 P1:1.958 P2:1.958 P3:1.958 P4:1.958 STATE:IDLE
[2026-05-11 15:58:45Z] CHK MOM:0.07% RANGE:0.1% UP:15.38% SPREAD:0.10219724% BID:1.957 ASK:1.959 MID:1.958 P1:1.958 P2:1.958 P3:1.958 P4:1.958 STATE:IDLE
[2026-05-11 15:58:45Z] CHK MOM:0.07% RANGE:0.1% UP:15.38% SPREAD:0.10219724% BID:1.957 ASK:1.959 MID:1.958 P1:1.958 P2:1.958 P3:1.958 P4:1.958 STATE:IDLE
[2026-05-11 15:58:46Z] CHK MOM:0.05% RANGE:0.05% UP:18.18% SPREAD:0.05107252% BID:1.958 ASK:1.959 MID:1.9585 P1:1.9585 P2:1.958 P3:1.958 P4:1.958 STATE:IDLE
[2026-05-11 15:58:47Z] CHK MOM:0.02% RANGE:0.05% UP:18.18% SPREAD:0.10219724% BID:1.957 ASK:1.959 MID:1.958 P1:1.958 P2:1.9585 P3:1.958 P4:1.958 STATE:IDLE
[2026-05-11 15:58:47Z] CHK MOM:0.02% RANGE:0.05% UP:16.66% SPREAD:0.10219724% BID:1.957 ASK:1.959 MID:1.958 P1:1.958 P2:1.958 P3:1.9585 P4:1.958 STATE:IDLE
[2026-05-11 15:58:48Z] CHK MOM:0.02% RANGE:0.05% UP:16.66% SPREAD:0.10219724% BID:1.957 ASK:1.959 MID:1.958 P1:1.958 P2:1.958 P3:1.9585 P4:1.958 STATE:IDLE
[2026-05-11 15:58:48Z] CHK MOM:0.02% RANGE:0.05% UP:16.66% SPREAD:0.10219724% BID:1.957 ASK:1.959 MID:1.958 P1:1.958 P2:1.958 P3:1.9585 P4:1.958 STATE:IDLE
[2026-05-11 15:58:49Z] CHK MOM:-0.07% RANGE:0.07% UP:8.33% SPREAD:0.10224948% BID:1.956 ASK:1.958 MID:1.95699999 P1:1.95699999 P2:1.958 P3:1.958 P4:1.9585 STATE:IDLE
[2026-05-11 15:58:49Z] CHK MOM:-0.07% RANGE:0.07% UP:7.69% SPREAD:0.10224948% BID:1.956 ASK:1.958 MID:1.95699999 P1:1.95699999 P2:1.95699999 P3:1.958 P4:1.958 STATE:IDLE
[2026-05-11 15:58:50Z] CHK MOM:-0.07% RANGE:0.07% UP:7.69% SPREAD:0.10224948% BID:1.956 ASK:1.958 MID:1.95699999 P1:1.95699999 P2:1.95699999 P3:1.958 P4:1.958 STATE:IDLE
[2026-05-11 15:58:50Z] CHK MOM:-0.07% RANGE:0.07% UP:9.09% SPREAD:0.10224948% BID:1.956 ASK:1.958 MID:1.95699999 P1:1.95699999 P2:1.95699999 P3:1.95699999 P4:1.958 STATE:IDLE
[2026-05-11 15:58:51Z] CHK MOM:-0.07% RANGE:0.07% UP:9.09% SPREAD:0.10224948% BID:1.956 ASK:1.958 MID:1.95699999 P1:1.95699999 P2:1.95699999 P3:1.95699999 P4:1.958 STATE:IDLE
[2026-05-11 15:58:52Z] CHK MOM:-0.07% RANGE:0.07% UP:9.09% SPREAD:0.10224948% BID:1.956 ASK:1.958 MID:1.95699999 P1:1.95699999 P2:1.95699999 P3:1.95699999 P4:1.958 STATE:IDLE
[2026-05-11 15:58:52Z] CHK MOM:-0.05% RANGE:0.07% UP:10% SPREAD:0.10224948% BID:1.956 ASK:1.958 MID:1.95699999 P1:1.95699999 P2:1.95699999 P3:1.95699999 P4:1.95699999 STATE:IDLE
[2026-05-11 15:58:53Z] CHK MOM:-0.1% RANGE:0.12% UP:9.09% SPREAD:0.10230179% BID:1.955 ASK:1.957 MID:1.956 P1:1.956 P2:1.95699999 P3:1.95699999 P4:1.95699999 STATE:IDLE
[2026-05-11 15:58:53Z] CHK MOM:-0.07% RANGE:0.12% UP:18.18% SPREAD:0.05112474% BID:1.956 ASK:1.957 MID:1.9565 P1:1.9565 P2:1.956 P3:1.95699999 P4:1.95699999 STATE:IDLE
[2026-05-11 15:58:54Z] CHK MOM:-0.07% RANGE:0.12% UP:16.66% SPREAD:0.05112474% BID:1.956 ASK:1.957 MID:1.9565 P1:1.9565 P2:1.9565 P3:1.956 P4:1.95699999 STATE:IDLE
[2026-05-11 15:58:54Z] CHK MOM:-0.07% RANGE:0.12% UP:16.66% SPREAD:0.05112474% BID:1.956 ASK:1.957 MID:1.9565 P1:1.9565 P2:1.9565 P3:1.956 P4:1.95699999 STATE:IDLE
[2026-05-11 15:58:55Z] CHK MOM:-0.07% RANGE:0.12% UP:16.66% SPREAD:0.05112474% BID:1.956 ASK:1.957 MID:1.9565 P1:1.9565 P2:1.9565 P3:1.956 P4:1.95699999 STATE:IDLE
[2026-05-11 15:58:55Z] CHK MOM:-0.07% RANGE:0.12% UP:16.66% SPREAD:0.05112474% BID:1.956 ASK:1.957 MID:1.9565 P1:1.9565 P2:1.9565 P3:1.956 P4:1.95699999 STATE:IDLE
[2026-05-11 15:58:56Z] CHK MOM:-0.07% RANGE:0.12% UP:16.66% SPREAD:0.05112474% BID:1.956 ASK:1.957 MID:1.9565 P1:1.9565 P2:1.9565 P3:1.956 P4:1.95699999 STATE:IDLE
[2026-05-11 15:58:56Z] CHK MOM:-0.07% RANGE:0.12% UP:16.66% SPREAD:0.05112474% BID:1.956 ASK:1.957 MID:1.9565 P1:1.9565 P2:1.9565 P3:1.956 P4:1.95699999 STATE:IDLE
[2026-05-11 15:58:57Z] CHK MOM:-0.1% RANGE:0.12% UP:10% SPREAD:0.05112474% BID:1.956 ASK:1.957 MID:1.9565 P1:1.9565 P2:1.9565 P3:1.9565 P4:1.956 STATE:IDLE
[2026-05-11 15:58:58Z] CHK MOM:-0.1% RANGE:0.12% UP:9.09% SPREAD:0.05112474% BID:1.956 ASK:1.957 MID:1.9565 P1:1.9565 P2:1.9565 P3:1.9565 P4:1.9565 STATE:IDLE
[2026-05-11 15:58:58Z] CHK MOM:-0.1% RANGE:0.12% UP:9.09% SPREAD:0.05112474% BID:1.956 ASK:1.957 MID:1.9565 P1:1.9565 P2:1.9565 P3:1.9565 P4:1.9565 STATE:IDLE
[2026-05-11 15:58:59Z] CHK MOM:-0.1% RANGE:0.1% UP:10% SPREAD:0.10230179% BID:1.955 ASK:1.957 MID:1.956 P1:1.956 P2:1.9565 P3:1.9565 P4:1.9565 STATE:IDLE
[2026-05-11 15:58:59Z] CHK MOM:-0.1% RANGE:0.1% UP:10% SPREAD:0.10230179% BID:1.955 ASK:1.957 MID:1.956 P1:1.956 P2:1.9565 P3:1.9565 P4:1.9565 STATE:IDLE
[2026-05-11 15:59:00Z] CHK MOM:-0.05% RANGE:0.05% UP:10% SPREAD:0.10230179% BID:1.955 ASK:1.957 MID:1.956 P1:1.956 P2:1.956 P3:1.9565 P4:1.9565 STATE:IDLE
[2026-05-11 15:59:00Z] CHK MOM:-0.05% RANGE:0.05% UP:10% SPREAD:0.10230179% BID:1.955 ASK:1.957 MID:1.956 P1:1.956 P2:1.956 P3:1.9565 P4:1.9565 STATE:IDLE
[2026-05-11 15:59:01Z] CHK MOM:-0.05% RANGE:0.05% UP:10% SPREAD:0.10230179% BID:1.955 ASK:1.957 MID:1.956 P1:1.956 P2:1.956 P3:1.956 P4:1.9565 STATE:IDLE
[2026-05-11 15:59:01Z] CHK MOM:-0.05% RANGE:0.05% UP:10% SPREAD:0.10230179% BID:1.955 ASK:1.957 MID:1.956 P1:1.956 P2:1.956 P3:1.956 P4:1.9565 STATE:IDLE
[2026-05-11 15:59:02Z] CHK MOM:-0.05% RANGE:0.05% UP:10% SPREAD:0.10230179% BID:1.955 ASK:1.957 MID:1.956 P1:1.956 P2:1.956 P3:1.956 P4:1.9565 STATE:IDLE
[2026-05-11 15:59:03Z] CHK MOM:-0.07% RANGE:0.07% UP:10% SPREAD:0.05115089% BID:1.955 ASK:1.956 MID:1.9555 P1:1.9555 P2:1.956 P3:1.956 P4:1.956 STATE:IDLE
[2026-05-11 15:59:03Z] CHK MOM:-0.07% RANGE:0.07% UP:10% SPREAD:0.05115089% BID:1.955 ASK:1.956 MID:1.9555 P1:1.9555 P2:1.956 P3:1.956 P4:1.956 STATE:IDLE
[2026-05-11 15:59:04Z] CHK MOM:-0.07% RANGE:0.07% UP:10% SPREAD:0.05115089% BID:1.955 ASK:1.956 MID:1.9555 P1:1.9555 P2:1.956 P3:1.956 P4:1.956 STATE:IDLE
[2026-05-11 15:59:04Z] CHK MOM:-0.07% RANGE:0.07% UP:10% SPREAD:0.05115089% BID:1.955 ASK:1.956 MID:1.9555 P1:1.9555 P2:1.956 P3:1.956 P4:1.956 STATE:IDLE
[2026-05-11 15:59:05Z] CHK MOM:-0.07% RANGE:0.07% UP:10% SPREAD:0.05115089% BID:1.955 ASK:1.956 MID:1.9555 P1:1.9555 P2:1.956 P3:1.956 P4:1.956 STATE:IDLE
[2026-05-11 15:59:06Z] CHK MOM:-0.05% RANGE:0.05% UP:0% SPREAD:0.05115089% BID:1.955 ASK:1.956 MID:1.9555 P1:1.9555 P2:1.9555 P3:1.956 P4:1.956 STATE:IDLE
[2026-05-11 15:59:07Z] CHK MOM:-0.05% RANGE:0.05% UP:0% SPREAD:0.05115089% BID:1.955 ASK:1.956 MID:1.9555 P1:1.9555 P2:1.9555 P3:1.956 P4:1.956 STATE:IDLE
[2026-05-11 15:59:07Z] CHK MOM:-0.05% RANGE:0.05% UP:0% SPREAD:0.05115089% BID:1.955 ASK:1.956 MID:1.9555 P1:1.9555 P2:1.9555 P3:1.956 P4:1.956 STATE:IDLE
[2026-05-11 15:59:08Z] CHK MOM:-0.05% RANGE:0.05% UP:0% SPREAD:0.05115089% BID:1.955 ASK:1.956 MID:1.9555 P1:1.9555 P2:1.9555 P3:1.9555 P4:1.956 STATE:IDLE
[2026-05-11 15:59:09Z] CHK MOM:-0.05% RANGE:0.05% UP:0% SPREAD:0.05115089% BID:1.955 ASK:1.956 MID:1.9555 P1:1.9555 P2:1.9555 P3:1.9555 P4:1.956 STATE:IDLE
[2026-05-11 15:59:09Z] CHK MOM:-0.05% RANGE:0.05% UP:0% SPREAD:0.05115089% BID:1.955 ASK:1.956 MID:1.9555 P1:1.9555 P2:1.9555 P3:1.9555 P4:1.956 STATE:IDLE
[2026-05-11 15:59:10Z] CHK MOM:-0.05% RANGE:0.05% UP:0% SPREAD:0.05115089% BID:1.955 ASK:1.956 MID:1.9555 P1:1.9555 P2:1.9555 P3:1.9555 P4:1.956 STATE:IDLE
[2026-05-11 15:59:10Z] CHK MOM:-0.02% RANGE:0.02% UP:0% SPREAD:0.05115089% BID:1.955 ASK:1.956 MID:1.9555 P1:1.9555 P2:1.9555 P3:1.9555 P4:1.9555 STATE:IDLE
[2026-05-11 15:59:11Z] CHK MOM:-0.02% RANGE:0.02% UP:0% SPREAD:0.05115089% BID:1.955 ASK:1.956 MID:1.9555 P1:1.9555 P2:1.9555 P3:1.9555 P4:1.9555 STATE:IDLE
[2026-05-11 15:59:11Z] CHK MOM:-0.02% RANGE:0.02% UP:0% SPREAD:0.05115089% BID:1.955 ASK:1.956 MID:1.9555 P1:1.9555 P2:1.9555 P3:1.9555 P4:1.9555 STATE:IDLE
[2026-05-11 15:59:12Z] CHK MOM:-0.02% RANGE:0.02% UP:0% SPREAD:0.05115089% BID:1.955 ASK:1.956 MID:1.9555 P1:1.9555 P2:1.9555 P3:1.9555 P4:1.9555 STATE:IDLE
[2026-05-11 15:59:12Z] CHK MOM:-0.02% RANGE:0.02% UP:0% SPREAD:0.05115089% BID:1.955 ASK:1.956 MID:1.9555 P1:1.9555 P2:1.9555 P3:1.9555 P4:1.9555 STATE:IDLE
[2026-05-11 15:59:13Z] CHK MOM:-0.02% RANGE:0.02% UP:0% SPREAD:0.05115089% BID:1.955 ASK:1.956 MID:1.9555 P1:1.9555 P2:1.9555 P3:1.9555 P4:1.9555 STATE:IDLE
[2026-05-11 15:59:14Z] CHK MOM:0% RANGE:0% UP:0% SPREAD:0.05115089% BID:1.955 ASK:1.956 MID:1.9555 P1:1.9555 P2:1.9555 P3:1.9555 P4:1.9555 STATE:IDLE
[2026-05-11 15:59:14Z] CHK MOM:0.48% RANGE:0.48% UP:25% SPREAD:0.10183299% BID:1.964 ASK:1.966 MID:1.96499999 P1:1.96499999 P2:1.9555 P3:1.9555 P4:1.9555 STATE:IDLE
[2026-05-11 15:59:15Z] CHK MOM:0.48% RANGE:0.48% UP:20% SPREAD:0.10183299% BID:1.964 ASK:1.966 MID:1.96499999 P1:1.96499999 P2:1.96499999 P3:1.9555 P4:1.9555 STATE:IDLE
[2026-05-11 15:59:16Z] BURST_TRIGGER ret=0.4604% need=0.4073% vel=0.3267%/s eff=1.000 pressure=999.00 drop=0.0000% dt=1.409s
[2026-05-11 15:59:17Z] BUY symbol=PENDLEUSDC qty=5.0 entry=1.9649999999999999 mode=BURST reason=BURST ret=0.4604% vel=0.3267%/s eff=1.000 pressure=999.00 drop=0.0000% P1=1.9649999999999999 P2=1.9649999999999999 P3=1.9555 P4=1.9555
[2026-05-11 15:59:17Z] CHK MOM:0.46% RANGE:0.48% UP:16.66% SPREAD:0.05091649% BID:1.964 ASK:1.965 MID:1.9645 P1:1.9645 P2:1.96499999 P3:1.96499999 P4:1.9555 STATE:IN_POS
[2026-05-11 15:59:17Z] CHK MOM:0.43% RANGE:0.48% UP:14.28% SPREAD:0.10188487% BID:1.963 ASK:1.965 MID:1.964 P1:1.964 P2:1.9645 P3:1.96499999 P4:1.96499999 STATE:IN_POS
[2026-05-11 15:59:18Z] CHK MOM:0.43% RANGE:0.48% UP:12.5% SPREAD:0.10188487% BID:1.963 ASK:1.965 MID:1.964 P1:1.964 P2:1.964 P3:1.9645 P4:1.96499999 STATE:IN_POS
[2026-05-11 15:59:18Z] CHK MOM:0.48% RANGE:0.48% UP:22.22% SPREAD:0.10183299% BID:1.964 ASK:1.966 MID:1.96499999 P1:1.96499999 P2:1.964 P3:1.964 P4:1.9645 STATE:IN_POS
[2026-05-11 15:59:19Z] CHK MOM:0.48% RANGE:0.48% UP:20% SPREAD:0.10183299% BID:1.964 ASK:1.966 MID:1.96499999 P1:1.96499999 P2:1.96499999 P3:1.964 P4:1.964 STATE:IN_POS
[2026-05-11 15:59:20Z] CHK MOM:0.63% RANGE:0.63% UP:30% SPREAD:0.10167768% BID:1.967 ASK:1.969 MID:1.968 P1:1.968 P2:1.96499999 P3:1.96499999 P4:1.964 STATE:IN_POS
[2026-05-11 15:59:20Z] CHK MOM:0.58% RANGE:0.63% UP:30% SPREAD:0.10172939% BID:1.966 ASK:1.968 MID:1.967 P1:1.967 P2:1.968 P3:1.96499999 P4:1.96499999 STATE:IN_POS
[2026-05-11 15:59:21Z] CHK MOM:0.61% RANGE:0.63% UP:36.36% SPREAD:0.05083884% BID:1.967 ASK:1.968 MID:1.9675 P1:1.9675 P2:1.967 P3:1.968 P4:1.96499999 STATE:IN_POS
[2026-05-11 15:59:21Z] CHK MOM:0.61% RANGE:0.63% UP:33.33% SPREAD:0.05083884% BID:1.967 ASK:1.968 MID:1.9675 P1:1.9675 P2:1.9675 P3:1.967 P4:1.968 STATE:IN_POS
[2026-05-11 15:59:22Z] CHK MOM:0.61% RANGE:0.63% UP:33.33% SPREAD:0.05083884% BID:1.967 ASK:1.968 MID:1.9675 P1:1.9675 P2:1.9675 P3:1.967 P4:1.968 STATE:IN_POS
[2026-05-11 15:59:22Z] CHK MOM:0.61% RANGE:0.63% UP:30.76% SPREAD:0.05083884% BID:1.967 ASK:1.968 MID:1.9675 P1:1.9675 P2:1.9675 P3:1.9675 P4:1.967 STATE:IN_POS
[2026-05-11 15:59:23Z] CHK MOM:0.61% RANGE:0.63% UP:30.76% SPREAD:0.05083884% BID:1.967 ASK:1.968 MID:1.9675 P1:1.9675 P2:1.9675 P3:1.9675 P4:1.967 STATE:IN_POS
[2026-05-11 15:59:23Z] CHK MOM:0.61% RANGE:0.63% UP:30.76% SPREAD:0.05083884% BID:1.967 ASK:1.968 MID:1.9675 P1:1.9675 P2:1.9675 P3:1.9675 P4:1.9675 STATE:IN_POS
[2026-05-11 15:59:24Z] CHK MOM:0.61% RANGE:0.63% UP:28.57% SPREAD:0.05083884% BID:1.967 ASK:1.968 MID:1.9675 P1:1.9675 P2:1.9675 P3:1.9675 P4:1.9675 STATE:IN_POS
[2026-05-11 15:59:25Z] CHK MOM:0.61% RANGE:0.63% UP:26.66% SPREAD:0.05083884% BID:1.967 ASK:1.968 MID:1.9675 P1:1.9675 P2:1.9675 P3:1.9675 P4:1.9675 STATE:IN_POS
[2026-05-11 15:59:25Z] CHK MOM:0.61% RANGE:0.63% UP:26.66% SPREAD:0.05083884% BID:1.967 ASK:1.968 MID:1.9675 P1:1.9675 P2:1.9675 P3:1.9675 P4:1.9675 STATE:IN_POS
[2026-05-11 15:59:25Z] BURST_HANDOFF age=8.46s ext=0.1018% loss=0.0000% peak=1.96700000 stop=1.94900000 protect=0 trail=0
[2026-05-11 15:59:26Z] CHK MOM:0.61% RANGE:0.63% UP:25% SPREAD:0.05083884% BID:1.967 ASK:1.968 MID:1.9675 P1:1.9675 P2:1.9675 P3:1.9675 P4:1.9675 STATE:IN_POS
[2026-05-11 15:59:26Z] CHK MOM:0.12% RANGE:0.2% UP:18.75% SPREAD:0.05083884% BID:1.967 ASK:1.968 MID:1.9675 P1:1.9675 P2:1.9675 P3:1.9675 P4:1.9675 STATE:IN_POS
[2026-05-11 15:59:27Z] CHK MOM:0.07% RANGE:0.2% UP:18.75% SPREAD:0.05086469% BID:1.966 ASK:1.967 MID:1.9665 P1:1.9665 P2:1.9675 P3:1.9675 P4:1.9675 STATE:IN_POS
[2026-05-11 15:59:27Z] CHK MOM:0.15% RANGE:0.2% UP:25% SPREAD:0.05083884% BID:1.967 ASK:1.968 MID:1.9675 P1:1.9675 P2:1.9665 P3:1.9675 P4:1.9675 STATE:IN_POS
[2026-05-11 15:59:28Z] CHK MOM:0.15% RANGE:0.2% UP:23.52% SPREAD:0.05083884% BID:1.967 ASK:1.968 MID:1.9675 P1:1.9675 P2:1.9675 P3:1.9665 P4:1.9675 STATE:IN_POS
[2026-05-11 15:59:28Z] CHK MOM:0.15% RANGE:0.2% UP:22.22% SPREAD:0.05083884% BID:1.967 ASK:1.968 MID:1.9675 P1:1.9675 P2:1.9675 P3:1.9675 P4:1.9665 STATE:IN_POS
[2026-05-11 15:59:29Z] CHK MOM:0.17% RANGE:0.2% UP:22.22% SPREAD:0.05083884% BID:1.967 ASK:1.968 MID:1.9675 P1:1.9675 P2:1.9675 P3:1.9675 P4:1.9675 STATE:IN_POS
[2026-05-11 15:59:29Z] CHK MOM:0.17% RANGE:0.2% UP:22.22% SPREAD:0.05083884% BID:1.967 ASK:1.968 MID:1.9675 P1:1.9675 P2:1.9675 P3:1.9675 P4:1.9675 STATE:IN_POS
[2026-05-11 15:59:30Z] CHK MOM:0.12% RANGE:0.15% UP:16.66% SPREAD:0.05083884% BID:1.967 ASK:1.968 MID:1.9675 P1:1.9675 P2:1.9675 P3:1.9675 P4:1.9675 STATE:IN_POS
[2026-05-11 15:59:31Z] CHK MOM:-0.02% RANGE:0.07% UP:11.76% SPREAD:0.05083884% BID:1.967 ASK:1.968 MID:1.9675 P1:1.9675 P2:1.9675 P3:1.9675 P4:1.9675 STATE:IN_POS
[2026-05-11 15:59:32Z] CHK MOM:0.02% RANGE:0.05% UP:11.76% SPREAD:0.05083884% BID:1.967 ASK:1.968 MID:1.9675 P1:1.9675 P2:1.9675 P3:1.9675 P4:1.9675 STATE:IN_POS
[2026-05-11 15:59:32Z] CHK MOM:0.02% RANGE:0.05% UP:11.76% SPREAD:0.05083884% BID:1.967 ASK:1.968 MID:1.9675 P1:1.9675 P2:1.9675 P3:1.9675 P4:1.9675 STATE:IN_POS
[2026-05-11 15:59:33Z] CHK MOM:0.02% RANGE:0.05% UP:11.76% SPREAD:0.05083884% BID:1.967 ASK:1.968 MID:1.9675 P1:1.9675 P2:1.9675 P3:1.9675 P4:1.9675 STATE:IN_POS
[2026-05-11 15:59:33Z] CHK MOM:0.02% RANGE:0.05% UP:11.76% SPREAD:0.05083884% BID:1.967 ASK:1.968 MID:1.9675 P1:1.9675 P2:1.9675 P3:1.9675 P4:1.9675 STATE:IN_POS
[2026-05-11 15:59:34Z] CHK MOM:0.02% RANGE:0.05% UP:11.76% SPREAD:0.05083884% BID:1.967 ASK:1.968 MID:1.9675 P1:1.9675 P2:1.9675 P3:1.9675 P4:1.9675 STATE:IN_POS
[2026-05-11 15:59:34Z] CHK MOM:0.02% RANGE:0.05% UP:11.76% SPREAD:0.05083884% BID:1.967 ASK:1.968 MID:1.9675 P1:1.9675 P2:1.9675 P3:1.9675 P4:1.9675 STATE:IN_POS
[2026-05-11 15:59:36Z] CHK MOM:0.05% RANGE:0.1% UP:14.28% SPREAD:0.050813% BID:1.968 ASK:1.969 MID:1.9685 P1:1.9685 P2:1.9675 P3:1.9675 P4:1.9675 STATE:IN_POS
[2026-05-11 15:59:36Z] CHK MOM:0% RANGE:0.1% UP:16.66% SPREAD:0.05083884% BID:1.967 ASK:1.968 MID:1.9675 P1:1.9675 P2:1.9685 P3:1.9675 P4:1.9675 STATE:IN_POS
[2026-05-11 15:59:37Z] CHK MOM:0% RANGE:0.1% UP:15.38% SPREAD:0.05083884% BID:1.967 ASK:1.968 MID:1.9675 P1:1.9675 P2:1.9675 P3:1.9685 P4:1.9675 STATE:IN_POS
[2026-05-11 15:59:37Z] CHK MOM:0% RANGE:0.1% UP:15.38% SPREAD:0.05083884% BID:1.967 ASK:1.968 MID:1.9675 P1:1.9675 P2:1.9675 P3:1.9685 P4:1.9675 STATE:IN_POS
[2026-05-11 15:59:38Z] CHK MOM:0% RANGE:0.1% UP:15.38% SPREAD:0.05083884% BID:1.967 ASK:1.968 MID:1.9675 P1:1.9675 P2:1.9675 P3:1.9685 P4:1.9675 STATE:IN_POS
[2026-05-11 15:59:38Z] CHK MOM:0.05% RANGE:0.1% UP:16.66% SPREAD:0.05083884% BID:1.967 ASK:1.968 MID:1.9675 P1:1.9675 P2:1.9675 P3:1.9675 P4:1.9685 STATE:IN_POS
[2026-05-11 15:59:39Z] CHK MOM:0% RANGE:0.05% UP:8.33% SPREAD:0.05083884% BID:1.967 ASK:1.968 MID:1.9675 P1:1.9675 P2:1.9675 P3:1.9675 P4:1.9675 STATE:IN_POS
[2026-05-11 15:59:39Z] CHK MOM:-0.05% RANGE:0.1% UP:8.33% SPREAD:0.05086469% BID:1.966 ASK:1.967 MID:1.9665 P1:1.9665 P2:1.9675 P3:1.9675 P4:1.9675 STATE:IN_POS
[2026-05-11 15:59:40Z] CHK MOM:-0.05% RANGE:0.1% UP:8.33% SPREAD:0.05086469% BID:1.966 ASK:1.967 MID:1.9665 P1:1.9665 P2:1.9665 P3:1.9675 P4:1.9675 STATE:IN_POS
[2026-05-11 15:59:42Z] CHK MOM:0.07% RANGE:0.12% UP:16.66% SPREAD:0.10162601% BID:1.968 ASK:1.97 MID:1.96899999 P1:1.96899999 P2:1.9665 P3:1.9665 P4:1.9675 STATE:IN_POS
[2026-05-11 15:59:42Z] CHK MOM:0.15% RANGE:0.2% UP:30% SPREAD:0.05076142% BID:1.97 ASK:1.971 MID:1.9705 P1:1.9705 P2:1.96899999 P3:1.9665 P4:1.9665 STATE:IN_POS
[2026-05-11 15:59:43Z] CHK MOM:0.15% RANGE:0.2% UP:27.27% SPREAD:0.05076142% BID:1.97 ASK:1.971 MID:1.9705 P1:1.9705 P2:1.9705 P3:1.96899999 P4:1.9665 STATE:IN_POS
[2026-05-11 15:59:43Z] CHK MOM:0.15% RANGE:0.2% UP:27.27% SPREAD:0.05076142% BID:1.97 ASK:1.971 MID:1.9705 P1:1.9705 P2:1.9705 P3:1.9705 P4:1.96899999 STATE:IN_POS
[2026-05-11 15:59:44Z] CHK MOM:0.15% RANGE:0.2% UP:27.27% SPREAD:0.05076142% BID:1.97 ASK:1.971 MID:1.9705 P1:1.9705 P2:1.9705 P3:1.9705 P4:1.96899999 STATE:IN_POS
[2026-05-11 15:59:44Z] CHK MOM:0.1% RANGE:0.2% UP:18.18% SPREAD:0.05076142% BID:1.97 ASK:1.971 MID:1.9705 P1:1.9705 P2:1.9705 P3:1.9705 P4:1.9705 STATE:IN_POS
[2026-05-11 15:59:45Z] CHK MOM:0.1% RANGE:0.2% UP:18.18% SPREAD:0.05076142% BID:1.97 ASK:1.971 MID:1.9705 P1:1.9705 P2:1.9705 P3:1.9705 P4:1.9705 STATE:IN_POS
[2026-05-11 15:59:45Z] CHK MOM:0.05% RANGE:0.2% UP:16.66% SPREAD:0.0507872% BID:1.969 ASK:1.97 MID:1.9695 P1:1.9695 P2:1.9705 P3:1.9705 P4:1.9705 STATE:IN_POS
[2026-05-11 15:59:47Z] CHK MOM:0.1% RANGE:0.2% UP:23.07% SPREAD:0.05076142% BID:1.97 ASK:1.971 MID:1.9705 P1:1.9705 P2:1.9695 P3:1.9705 P4:1.9705 STATE:IN_POS
[2026-05-11 15:59:48Z] CHK MOM:0.15% RANGE:0.2% UP:23.07% SPREAD:0.05076142% BID:1.97 ASK:1.971 MID:1.9705 P1:1.9705 P2:1.9705 P3:1.9695 P4:1.9705 STATE:IN_POS
[2026-05-11 15:59:48Z] CHK MOM:0.12% RANGE:0.2% UP:21.42% SPREAD:0.1015744% BID:1.969 ASK:1.971 MID:1.97 P1:1.97 P2:1.9705 P3:1.9705 P4:1.9695 STATE:IN_POS
[2026-05-11 15:59:49Z] CHK MOM:0.12% RANGE:0.2% UP:20% SPREAD:0.1015744% BID:1.969 ASK:1.971 MID:1.97 P1:1.97 P2:1.97 P3:1.9705 P4:1.9705 STATE:IN_POS
[2026-05-11 15:59:49Z] CHK MOM:0.12% RANGE:0.2% UP:20% SPREAD:0.1015744% BID:1.969 ASK:1.971 MID:1.97 P1:1.97 P2:1.97 P3:1.9705 P4:1.9705 STATE:IN_POS
[2026-05-11 15:59:50Z] CHK MOM:0.12% RANGE:0.2% UP:20% SPREAD:0.1015744% BID:1.969 ASK:1.971 MID:1.97 P1:1.97 P2:1.97 P3:1.9705 P4:1.9705 STATE:IN_POS
[2026-05-11 15:59:50Z] CHK MOM:0.12% RANGE:0.2% UP:20% SPREAD:0.1015744% BID:1.969 ASK:1.971 MID:1.97 P1:1.97 P2:1.97 P3:1.9705 P4:1.9705 STATE:IN_POS
[2026-05-11 15:59:51Z] CHK MOM:0.2% RANGE:0.25% UP:30.76% SPREAD:0.05073566% BID:1.971 ASK:1.972 MID:1.9715 P1:1.9715 P2:1.97 P3:1.97 P4:1.9705 STATE:IN_POS
[2026-05-11 15:59:51Z] CHK MOM:0.22% RANGE:0.25% UP:30.76% SPREAD:0.10152284% BID:1.97 ASK:1.972 MID:1.971 P1:1.971 P2:1.9715 P3:1.97 P4:1.97 STATE:IN_POS
[2026-05-11 15:59:52Z] CHK MOM:0.25% RANGE:0.25% UP:38.46% SPREAD:0.05073566% BID:1.971 ASK:1.972 MID:1.9715 P1:1.9715 P2:1.971 P3:1.9715 P4:1.97 STATE:IN_POS
[2026-05-11 15:59:53Z] CHK MOM:0.12% RANGE:0.12% UP:30.76% SPREAD:0.05073566% BID:1.971 ASK:1.972 MID:1.9715 P1:1.9715 P2:1.9715 P3:1.971 P4:1.9715 STATE:IN_POS
[2026-05-11 15:59:53Z] CHK MOM:0.05% RANGE:0.1% UP:23.07% SPREAD:0.05073566% BID:1.971 ASK:1.972 MID:1.9715 P1:1.9715 P2:1.9715 P3:1.9715 P4:1.971 STATE:IN_POS
[2026-05-11 15:59:54Z] CHK MOM:0.05% RANGE:0.1% UP:21.42% SPREAD:0.05073566% BID:1.971 ASK:1.972 MID:1.9715 P1:1.9715 P2:1.9715 P3:1.9715 P4:1.9715 STATE:IN_POS
[2026-05-11 15:59:54Z] CHK MOM:0.05% RANGE:0.1% UP:20% SPREAD:0.05073566% BID:1.971 ASK:1.972 MID:1.9715 P1:1.9715 P2:1.9715 P3:1.9715 P4:1.9715 STATE:IN_POS
[2026-05-11 15:59:55Z] CHK MOM:0.05% RANGE:0.1% UP:20% SPREAD:0.05073566% BID:1.971 ASK:1.972 MID:1.9715 P1:1.9715 P2:1.9715 P3:1.9715 P4:1.9715 STATE:IN_POS
[2026-05-11 15:59:55Z] CHK MOM:0.05% RANGE:0.1% UP:21.42% SPREAD:0.05073566% BID:1.971 ASK:1.972 MID:1.9715 P1:1.9715 P2:1.9715 P3:1.9715 P4:1.9715 STATE:IN_POS
[2026-05-11 15:59:56Z] CHK MOM:0.05% RANGE:0.1% UP:21.42% SPREAD:0.05073566% BID:1.971 ASK:1.972 MID:1.9715 P1:1.9715 P2:1.9715 P3:1.9715 P4:1.9715 STATE:IN_POS
[2026-05-11 15:59:56Z] CHK MOM:0.07% RANGE:0.12% UP:28.57% SPREAD:0.10147133% BID:1.971 ASK:1.973 MID:1.972 P1:1.972 P2:1.9715 P3:1.9715 P4:1.9715 STATE:IN_POS
[2026-05-11 15:59:57Z] CHK MOM:0.12% RANGE:0.12% UP:28.57% SPREAD:0.10147133% BID:1.971 ASK:1.973 MID:1.972 P1:1.972 P2:1.972 P3:1.9715 P4:1.9715 STATE:IN_POS
[2026-05-11 15:59:57Z] CHK MOM:0.12% RANGE:0.12% UP:26.66% SPREAD:0.10147133% BID:1.971 ASK:1.973 MID:1.972 P1:1.972 P2:1.972 P3:1.972 P4:1.9715 STATE:IN_POS
[2026-05-11 15:59:58Z] CHK MOM:0.12% RANGE:0.12% UP:26.66% SPREAD:0.10147133% BID:1.971 ASK:1.973 MID:1.972 P1:1.972 P2:1.972 P3:1.972 P4:1.9715 STATE:IN_POS
[2026-05-11 15:59:59Z] CHK MOM:0% RANGE:0.1% UP:20% SPREAD:0.1523616% BID:1.969 ASK:1.972 MID:1.9705 P1:1.9705 P2:1.972 P3:1.972 P4:1.972 STATE:IN_POS
[2026-05-11 15:59:59Z] CHK MOM:0% RANGE:0.1% UP:20% SPREAD:0.1523616% BID:1.969 ASK:1.972 MID:1.9705 P1:1.9705 P2:1.972 P3:1.972 P4:1.972 STATE:IN_POS
[2026-05-11 16:00:00Z] CHK MOM:0.02% RANGE:0.1% UP:21.42% SPREAD:0.1523616% BID:1.969 ASK:1.972 MID:1.9705 P1:1.9705 P2:1.9705 P3:1.972 P4:1.972 STATE:IN_POS
[2026-05-11 16:00:00Z] CHK MOM:0.02% RANGE:0.1% UP:21.42% SPREAD:0.1523616% BID:1.969 ASK:1.972 MID:1.9705 P1:1.9705 P2:1.9705 P3:1.972 P4:1.972 STATE:IN_POS
[2026-05-11 16:00:01Z] CHK MOM:-0.07% RANGE:0.1% UP:15.38% SPREAD:0.1015744% BID:1.969 ASK:1.971 MID:1.97 P1:1.97 P2:1.9705 P3:1.9705 P4:1.972 STATE:IN_POS
[2026-05-11 16:00:06Z] CHK MOM:-0.12% RANGE:0.15% UP:11.11% SPREAD:0.10162601% BID:1.968 ASK:1.97 MID:1.96899999 P1:1.96899999 P2:1.97 P3:1.9705 P4:1.9705 STATE:IN_POS
[2026-05-11 16:00:06Z] CHK MOM:-0.12% RANGE:0.15% UP:11.11% SPREAD:0.10162601% BID:1.968 ASK:1.97 MID:1.96899999 P1:1.96899999 P2:1.96899999 P3:1.97 P4:1.9705 STATE:IN_POS
[2026-05-11 16:00:07Z] CHK MOM:-0.12% RANGE:0.15% UP:11.11% SPREAD:0.10162601% BID:1.968 ASK:1.97 MID:1.96899999 P1:1.96899999 P2:1.96899999 P3:1.96899999 P4:1.97 STATE:IN_POS
[2026-05-11 16:00:07Z] CHK MOM:-0.17% RANGE:0.17% UP:0% SPREAD:0.15251652% BID:1.967 ASK:1.97 MID:1.9685 P1:1.9685 P2:1.96899999 P3:1.96899999 P4:1.96899999 STATE:IN_POS
[2026-05-11 16:00:08Z] CHK MOM:-0.17% RANGE:0.17% UP:0% SPREAD:0.050813% BID:1.968 ASK:1.969 MID:1.9685 P1:1.9685 P2:1.9685 P3:1.96899999 P4:1.96899999 STATE:IN_POS
[2026-05-11 16:00:08Z] CHK MOM:-0.17% RANGE:0.17% UP:0% SPREAD:0.050813% BID:1.968 ASK:1.969 MID:1.9685 P1:1.9685 P2:1.9685 P3:1.96899999 P4:1.96899999 STATE:IN_POS
[2026-05-11 16:00:09Z] CHK MOM:-0.17% RANGE:0.17% UP:0% SPREAD:0.050813% BID:1.968 ASK:1.969 MID:1.9685 P1:1.9685 P2:1.9685 P3:1.96899999 P4:1.96899999 STATE:IN_POS
[2026-05-11 16:00:09Z] CHK MOM:-0.17% RANGE:0.17% UP:0% SPREAD:0.050813% BID:1.968 ASK:1.969 MID:1.9685 P1:1.9685 P2:1.9685 P3:1.96899999 P4:1.96899999 STATE:IN_POS
[2026-05-11 16:00:10Z] CHK MOM:-0.15% RANGE:0.15% UP:0% SPREAD:0.05083884% BID:1.967 ASK:1.968 MID:1.9675 P1:1.9675 P2:1.9685 P3:1.9685 P4:1.96899999 STATE:IN_POS
[2026-05-11 16:00:10Z] CHK MOM:-0.12% RANGE:0.15% UP:11.11% SPREAD:0.10167768% BID:1.967 ASK:1.969 MID:1.968 P1:1.968 P2:1.9675 P3:1.9685 P4:1.9685 STATE:IN_POS
[2026-05-11 16:00:11Z] CHK MOM:-0.12% RANGE:0.15% UP:11.11% SPREAD:0.10167768% BID:1.967 ASK:1.969 MID:1.968 P1:1.968 P2:1.9675 P3:1.9685 P4:1.9685 STATE:IN_POS
[2026-05-11 16:00:12Z] CHK MOM:-0.12% RANGE:0.15% UP:11.11% SPREAD:0.10167768% BID:1.967 ASK:1.969 MID:1.968 P1:1.968 P2:1.968 P3:1.9675 P4:1.9685 STATE:IN_POS
[2026-05-11 16:00:12Z] CHK MOM:-0.07% RANGE:0.12% UP:22.22% SPREAD:0.050813% BID:1.968 ASK:1.969 MID:1.9685 P1:1.9685 P2:1.968 P3:1.968 P4:1.9675 STATE:IN_POS
[2026-05-11 16:00:13Z] CHK MOM:-0.07% RANGE:0.12% UP:22.22% SPREAD:0.050813% BID:1.968 ASK:1.969 MID:1.9685 P1:1.9685 P2:1.968 P3:1.968 P4:1.9675 STATE:IN_POS
[2026-05-11 16:00:13Z] CHK MOM:-0.05% RANGE:0.07% UP:22.22% SPREAD:0.10167768% BID:1.967 ASK:1.969 MID:1.968 P1:1.968 P2:1.9685 P3:1.968 P4:1.968 STATE:IN_POS
[2026-05-11 16:00:14Z] CHK MOM:-0.07% RANGE:0.07% UP:20% SPREAD:0.05083884% BID:1.967 ASK:1.968 MID:1.9675 P1:1.9675 P2:1.968 P3:1.9685 P4:1.968 STATE:IN_POS
[2026-05-11 16:00:14Z] CHK MOM:-0.07% RANGE:0.07% UP:20% SPREAD:0.05083884% BID:1.967 ASK:1.968 MID:1.9675 P1:1.9675 P2:1.968 P3:1.9685 P4:1.968 STATE:IN_POS
[2026-05-11 16:00:15Z] CHK MOM:-0.05% RANGE:0.07% UP:27.27% SPREAD:0.10167768% BID:1.967 ASK:1.969 MID:1.968 P1:1.968 P2:1.9675 P3:1.968 P4:1.9685 STATE:IN_POS
[2026-05-11 16:00:15Z] CHK MOM:-0.02% RANGE:0.07% UP:33.33% SPREAD:0.050813% BID:1.968 ASK:1.969 MID:1.9685 P1:1.9685 P2:1.968 P3:1.9675 P4:1.968 STATE:IN_POS
[2026-05-11 16:00:16Z] CHK MOM:-0.02% RANGE:0.07% UP:33.33% SPREAD:0.050813% BID:1.968 ASK:1.969 MID:1.9685 P1:1.9685 P2:1.968 P3:1.9675 P4:1.968 STATE:IN_POS
[2026-05-11 16:00:17Z] CHK MOM:-0.02% RANGE:0.07% UP:33.33% SPREAD:0.050813% BID:1.968 ASK:1.969 MID:1.9685 P1:1.9685 P2:1.968 P3:1.9675 P4:1.968 STATE:IN_POS
[2026-05-11 16:00:18Z] CHK MOM:-0.05% RANGE:0.07% UP:30.76% SPREAD:0.10167768% BID:1.967 ASK:1.969 MID:1.968 P1:1.968 P2:1.9685 P3:1.968 P4:1.9675 STATE:IN_POS
[2026-05-11 16:00:19Z] CHK MOM:0% RANGE:0.05% UP:45.45% SPREAD:0.050813% BID:1.968 ASK:1.969 MID:1.9685 P1:1.9685 P2:1.968 P3:1.9685 P4:1.968 STATE:IN_POS
[2026-05-11 16:00:19Z] CHK MOM:-0.02% RANGE:0.05% UP:41.66% SPREAD:0.10167768% BID:1.967 ASK:1.969 MID:1.968 P1:1.968 P2:1.9685 P3:1.968 P4:1.9685 STATE:IN_POS
[2026-05-11 16:00:20Z] CHK MOM:-0.05% RANGE:0.05% UP:41.66% SPREAD:0.05083884% BID:1.967 ASK:1.968 MID:1.9675 P1:1.9675 P2:1.968 P3:1.9685 P4:1.968 STATE:IN_POS
[2026-05-11 16:00:20Z] CHK MOM:-0.02% RANGE:0.07% UP:41.66% SPREAD:0.10172939% BID:1.966 ASK:1.968 MID:1.967 P1:1.967 P2:1.9675 P3:1.968 P4:1.9685 STATE:IN_POS
[2026-05-11 16:00:21Z] CHK MOM:-0.05% RANGE:0.1% UP:38.46% SPREAD:0.05086469% BID:1.966 ASK:1.967 MID:1.9665 P1:1.9665 P2:1.967 P3:1.9675 P4:1.968 STATE:IN_POS
[2026-05-11 16:00:21Z] CHK MOM:-0.02% RANGE:0.1% UP:42.85% SPREAD:0.10172939% BID:1.966 ASK:1.968 MID:1.967 P1:1.967 P2:1.9665 P3:1.967 P4:1.9675 STATE:IN_POS
[2026-05-11 16:00:22Z] CHK MOM:-0.02% RANGE:0.1% UP:42.85% SPREAD:0.05083884% BID:1.967 ASK:1.968 MID:1.9675 P1:1.9675 P2:1.967 P3:1.9665 P4:1.967 STATE:IN_POS
[2026-05-11 16:00:23Z] CHK MOM:-0.05% RANGE:0.1% UP:42.85% SPREAD:0.10172939% BID:1.966 ASK:1.968 MID:1.967 P1:1.967 P2:1.9675 P3:1.967 P4:1.9665 STATE:IN_POS
[2026-05-11 16:00:23Z] CHK MOM:-0.05% RANGE:0.1% UP:40% SPREAD:0.10172939% BID:1.966 ASK:1.968 MID:1.967 P1:1.967 P2:1.967 P3:1.9675 P4:1.967 STATE:IN_POS
[2026-05-11 16:00:24Z] CHK MOM:-0.05% RANGE:0.1% UP:40% SPREAD:0.10172939% BID:1.966 ASK:1.968 MID:1.967 P1:1.967 P2:1.967 P3:1.9675 P4:1.967 STATE:IN_POS
[2026-05-11 16:00:24Z] CHK MOM:-0.05% RANGE:0.1% UP:40% SPREAD:0.05083884% BID:1.967 ASK:1.968 MID:1.9675 P1:1.9675 P2:1.967 P3:1.967 P4:1.9675 STATE:IN_POS
[2026-05-11 16:00:25Z] CHK MOM:-0.05% RANGE:0.1% UP:40% SPREAD:0.05083884% BID:1.967 ASK:1.968 MID:1.9675 P1:1.9675 P2:1.967 P3:1.967 P4:1.9675 STATE:IN_POS
[2026-05-11 16:00:25Z] CHK MOM:-0.05% RANGE:0.1% UP:40% SPREAD:0.10172939% BID:1.966 ASK:1.968 MID:1.967 P1:1.967 P2:1.9675 P3:1.967 P4:1.967 STATE:IN_POS
[2026-05-11 16:00:26Z] CHK MOM:0% RANGE:0.1% UP:46.66% SPREAD:0.05083884% BID:1.967 ASK:1.968 MID:1.9675 P1:1.9675 P2:1.967 P3:1.9675 P4:1.967 STATE:IN_POS
[2026-05-11 16:00:26Z] CHK MOM:0% RANGE:0.1% UP:46.66% SPREAD:0.05083884% BID:1.967 ASK:1.968 MID:1.9675 P1:1.9675 P2:1.967 P3:1.9675 P4:1.967 STATE:IN_POS
[2026-05-11 16:00:27Z] CHK MOM:-0.07% RANGE:0.1% UP:35.71% SPREAD:0.10172939% BID:1.966 ASK:1.968 MID:1.967 P1:1.967 P2:1.9675 P3:1.967 P4:1.9675 STATE:IN_POS
[2026-05-11 16:00:28Z] CHK MOM:-0.07% RANGE:0.1% UP:35.71% SPREAD:0.10172939% BID:1.966 ASK:1.968 MID:1.967 P1:1.967 P2:1.9675 P3:1.967 P4:1.9675 STATE:IN_POS
[2026-05-11 16:00:28Z] CHK MOM:-0.05% RANGE:0.1% UP:35.71% SPREAD:0.10172939% BID:1.966 ASK:1.968 MID:1.967 P1:1.967 P2:1.967 P3:1.9675 P4:1.967 STATE:IN_POS
[2026-05-11 16:00:29Z] CHK MOM:-0.05% RANGE:0.1% UP:35.71% SPREAD:0.10172939% BID:1.966 ASK:1.968 MID:1.967 P1:1.967 P2:1.967 P3:1.9675 P4:1.967 STATE:IN_POS
[2026-05-11 16:00:29Z] CHK MOM:-0.05% RANGE:0.1% UP:35.71% SPREAD:0.10172939% BID:1.966 ASK:1.968 MID:1.967 P1:1.967 P2:1.967 P3:1.9675 P4:1.967 STATE:IN_POS
[2026-05-11 16:00:30Z] CHK MOM:-0.07% RANGE:0.1% UP:28.57% SPREAD:0.10172939% BID:1.966 ASK:1.968 MID:1.967 P1:1.967 P2:1.967 P3:1.967 P4:1.9675 STATE:IN_POS
[2026-05-11 16:00:30Z] CHK MOM:-0.07% RANGE:0.1% UP:26.66% SPREAD:0.10172939% BID:1.966 ASK:1.968 MID:1.967 P1:1.967 P2:1.967 P3:1.967 P4:1.967 STATE:IN_POS
[2026-05-11 16:00:31Z] CHK MOM:-0.07% RANGE:0.1% UP:26.66% SPREAD:0.10172939% BID:1.966 ASK:1.968 MID:1.967 P1:1.967 P2:1.967 P3:1.967 P4:1.967 STATE:IN_POS
[2026-05-11 16:00:31Z] CHK MOM:-0.07% RANGE:0.1% UP:26.66% SPREAD:0.10172939% BID:1.966 ASK:1.968 MID:1.967 P1:1.967 P2:1.967 P3:1.967 P4:1.967 STATE:IN_POS
[2026-05-11 16:00:32Z] CHK MOM:-0.07% RANGE:0.1% UP:26.66% SPREAD:0.10172939% BID:1.966 ASK:1.968 MID:1.967 P1:1.967 P2:1.967 P3:1.967 P4:1.967 STATE:IN_POS
[2026-05-11 16:00:32Z] CHK MOM:-0.07% RANGE:0.1% UP:26.66% SPREAD:0.10172939% BID:1.966 ASK:1.968 MID:1.967 P1:1.967 P2:1.967 P3:1.967 P4:1.967 STATE:IN_POS
[2026-05-11 16:00:37Z] CHK MOM:0% RANGE:0.02% UP:16.66% SPREAD:0.10172939% BID:1.966 ASK:1.968 MID:1.967 P1:1.967 P2:1.967 P3:1.967 P4:1.967 STATE:IN_POS
[2026-05-11 16:00:38Z] CHK MOM:0% RANGE:0.02% UP:16.66% SPREAD:0.10172939% BID:1.966 ASK:1.968 MID:1.967 P1:1.967 P2:1.967 P3:1.967 P4:1.967 STATE:IN_POS
[2026-05-11 16:00:38Z] CHK MOM:0.02% RANGE:0.02% UP:20% SPREAD:0.05083884% BID:1.967 ASK:1.968 MID:1.9675 P1:1.9675 P2:1.967 P3:1.967 P4:1.967 STATE:IN_POS
[2026-05-11 16:00:39Z] CHK MOM:0% RANGE:0.02% UP:16.66% SPREAD:0.10172939% BID:1.966 ASK:1.968 MID:1.967 P1:1.967 P2:1.9675 P3:1.967 P4:1.967 STATE:IN_POS
[2026-05-11 16:00:39Z] CHK MOM:0% RANGE:0.02% UP:16.66% SPREAD:0.10172939% BID:1.966 ASK:1.968 MID:1.967 P1:1.967 P2:1.9675 P3:1.967 P4:1.967 STATE:IN_POS
[2026-05-11 16:00:40Z] CHK MOM:0.02% RANGE:0.02% UP:40% SPREAD:0.05083884% BID:1.967 ASK:1.968 MID:1.9675 P1:1.9675 P2:1.967 P3:1.9675 P4:1.967 STATE:IN_POS
[2026-05-11 16:00:40Z] CHK MOM:0% RANGE:0.02% UP:33.33% SPREAD:0.10172939% BID:1.966 ASK:1.968 MID:1.967 P1:1.967 P2:1.9675 P3:1.967 P4:1.9675 STATE:IN_POS
[2026-05-11 16:00:41Z] CHK MOM:0% RANGE:0.02% UP:28.57% SPREAD:0.10172939% BID:1.966 ASK:1.968 MID:1.967 P1:1.967 P2:1.967 P3:1.9675 P4:1.967 STATE:IN_POS
[2026-05-11 16:00:41Z] CHK MOM:0% RANGE:0.02% UP:28.57% SPREAD:0.10172939% BID:1.966 ASK:1.968 MID:1.967 P1:1.967 P2:1.967 P3:1.9675 P4:1.967 STATE:IN_POS
[2026-05-11 16:00:42Z] CHK MOM:0% RANGE:0.02% UP:25% SPREAD:0.10172939% BID:1.966 ASK:1.968 MID:1.967 P1:1.967 P2:1.967 P3:1.967 P4:1.9675 STATE:IN_POS
[2026-05-11 16:00:43Z] CHK MOM:-0.02% RANGE:0.05% UP:25% SPREAD:0.15267175% BID:1.965 ASK:1.968 MID:1.9665 P1:1.9665 P2:1.967 P3:1.967 P4:1.967 STATE:IN_POS
[2026-05-11 16:00:43Z] CHK MOM:0% RANGE:0.05% UP:37.5% SPREAD:0.10172939% BID:1.966 ASK:1.968 MID:1.967 P1:1.967 P2:1.9665 P3:1.967 P4:1.967 STATE:IN_POS
[2026-05-11 16:00:44Z] CHK MOM:0% RANGE:0.05% UP:37.5% SPREAD:0.10172939% BID:1.966 ASK:1.968 MID:1.967 P1:1.967 P2:1.9665 P3:1.967 P4:1.967 STATE:IN_POS
[2026-05-11 16:00:44Z] CHK MOM:-0.05% RANGE:0.07% UP:33.33% SPREAD:0.10178117% BID:1.965 ASK:1.967 MID:1.966 P1:1.966 P2:1.967 P3:1.9665 P4:1.967 STATE:IN_POS
[2026-05-11 16:00:45Z] CHK MOM:-0.05% RANGE:0.07% UP:30% SPREAD:0.10178117% BID:1.965 ASK:1.967 MID:1.966 P1:1.966 P2:1.966 P3:1.967 P4:1.9665 STATE:IN_POS
[2026-05-11 16:00:45Z] CHK MOM:-0.05% RANGE:0.07% UP:27.27% SPREAD:0.10178117% BID:1.965 ASK:1.967 MID:1.966 P1:1.966 P2:1.966 P3:1.966 P4:1.967 STATE:IN_POS
[2026-05-11 16:00:46Z] CHK MOM:-0.05% RANGE:0.07% UP:27.27% SPREAD:0.10178117% BID:1.965 ASK:1.967 MID:1.966 P1:1.966 P2:1.966 P3:1.966 P4:1.967 STATE:IN_POS
[2026-05-11 16:00:46Z] CHK MOM:-0.05% RANGE:0.07% UP:27.27% SPREAD:0.10178117% BID:1.965 ASK:1.967 MID:1.966 P1:1.966 P2:1.966 P3:1.966 P4:1.967 STATE:IN_POS
[2026-05-11 16:00:47Z] CHK MOM:-0.05% RANGE:0.07% UP:27.27% SPREAD:0.10178117% BID:1.965 ASK:1.967 MID:1.966 P1:1.966 P2:1.966 P3:1.966 P4:1.967 STATE:IN_POS
[2026-05-11 16:00:47Z] CHK MOM:-0.07% RANGE:0.1% UP:25% SPREAD:0.15274949% BID:1.964 ASK:1.967 MID:1.9655 P1:1.9655 P2:1.966 P3:1.966 P4:1.966 STATE:IN_POS
[2026-05-11 16:00:48Z] CHK MOM:-0.07% RANGE:0.1% UP:25% SPREAD:0.15274949% BID:1.964 ASK:1.967 MID:1.9655 P1:1.9655 P2:1.966 P3:1.966 P4:1.966 STATE:IN_POS
[2026-05-11 16:00:49Z] CHK MOM:-0.1% RANGE:0.1% UP:16.66% SPREAD:0.15274949% BID:1.964 ASK:1.967 MID:1.9655 P1:1.9655 P2:1.9655 P3:1.966 P4:1.966 STATE:IN_POS
[2026-05-11 16:00:50Z] CHK MOM:-0.1% RANGE:0.1% UP:16.66% SPREAD:0.15274949% BID:1.964 ASK:1.967 MID:1.9655 P1:1.9655 P2:1.9655 P3:1.966 P4:1.966 STATE:IN_POS
[2026-05-11 16:00:50Z] CHK MOM:-0.1% RANGE:0.1% UP:9.09% SPREAD:0.15274949% BID:1.964 ASK:1.967 MID:1.9655 P1:1.9655 P2:1.9655 P3:1.9655 P4:1.966 STATE:IN_POS
[2026-05-11 16:00:51Z] CHK MOM:-0.07% RANGE:0.1% UP:16.66% SPREAD:0.10178117% BID:1.965 ASK:1.967 MID:1.966 P1:1.966 P2:1.9655 P3:1.9655 P4:1.9655 STATE:IN_POS
[2026-05-11 16:00:51Z] CHK MOM:-0.07% RANGE:0.1% UP:16.66% SPREAD:0.10178117% BID:1.965 ASK:1.967 MID:1.966 P1:1.966 P2:1.9655 P3:1.9655 P4:1.9655 STATE:IN_POS
[2026-05-11 16:00:52Z] CHK MOM:-0.07% RANGE:0.1% UP:16.66% SPREAD:0.10178117% BID:1.965 ASK:1.967 MID:1.966 P1:1.966 P2:1.9655 P3:1.9655 P4:1.9655 STATE:IN_POS
[2026-05-11 16:00:52Z] CHK MOM:-0.07% RANGE:0.1% UP:16.66% SPREAD:0.10178117% BID:1.965 ASK:1.967 MID:1.966 P1:1.966 P2:1.9655 P3:1.9655 P4:1.9655 STATE:IN_POS
[2026-05-11 16:00:53Z] CHK MOM:-0.07% RANGE:0.1% UP:16.66% SPREAD:0.10178117% BID:1.965 ASK:1.967 MID:1.966 P1:1.966 P2:1.9655 P3:1.9655 P4:1.9655 STATE:IN_POS
[2026-05-11 16:00:54Z] CHK MOM:-0.05% RANGE:0.07% UP:12.5% SPREAD:0.10178117% BID:1.965 ASK:1.967 MID:1.966 P1:1.966 P2:1.966 P3:1.9655 P4:1.9655 STATE:IN_POS
[2026-05-11 16:00:54Z] CHK MOM:-0.05% RANGE:0.07% UP:12.5% SPREAD:0.10178117% BID:1.965 ASK:1.967 MID:1.966 P1:1.966 P2:1.966 P3:1.9655 P4:1.9655 STATE:IN_POS
[2026-05-11 16:00:55Z] CHK MOM:0% RANGE:0.02% UP:12.5% SPREAD:0.10178117% BID:1.965 ASK:1.967 MID:1.966 P1:1.966 P2:1.966 P3:1.966 P4:1.9655 STATE:IN_POS
[2026-05-11 16:00:55Z] CHK MOM:0% RANGE:0.02% UP:11.11% SPREAD:0.10178117% BID:1.965 ASK:1.967 MID:1.966 P1:1.966 P2:1.966 P3:1.966 P4:1.966 STATE:IN_POS
[2026-05-11 16:00:56Z] CHK MOM:0% RANGE:0.02% UP:10% SPREAD:0.10178117% BID:1.965 ASK:1.967 MID:1.966 P1:1.966 P2:1.966 P3:1.966 P4:1.966 STATE:IN_POS
[2026-05-11 16:00:56Z] CHK MOM:0.02% RANGE:0.05% UP:22.22% SPREAD:0.05086469% BID:1.966 ASK:1.967 MID:1.9665 P1:1.9665 P2:1.966 P3:1.966 P4:1.966 STATE:IN_POS
[2026-05-11 16:00:57Z] CHK MOM:0.02% RANGE:0.05% UP:22.22% SPREAD:0.10178117% BID:1.965 ASK:1.967 MID:1.966 P1:1.966 P2:1.9665 P3:1.966 P4:1.966 STATE:IN_POS
[2026-05-11 16:00:57Z] CHK MOM:0.02% RANGE:0.05% UP:22.22% SPREAD:0.10178117% BID:1.965 ASK:1.967 MID:1.966 P1:1.966 P2:1.9665 P3:1.966 P4:1.966 STATE:IN_POS
[2026-05-11 16:00:58Z] CHK MOM:0.05% RANGE:0.05% UP:30% SPREAD:0.05086469% BID:1.966 ASK:1.967 MID:1.9665 P1:1.9665 P2:1.966 P3:1.9665 P4:1.966 STATE:IN_POS
[2026-05-11 16:00:59Z] CHK MOM:0.05% RANGE:0.05% UP:30% SPREAD:0.05086469% BID:1.966 ASK:1.967 MID:1.9665 P1:1.9665 P2:1.966 P3:1.9665 P4:1.966 STATE:IN_POS
[2026-05-11 16:00:59Z] CHK MOM:0.05% RANGE:0.05% UP:30% SPREAD:0.05086469% BID:1.966 ASK:1.967 MID:1.9665 P1:1.9665 P2:1.9665 P3:1.966 P4:1.9665 STATE:IN_POS
[2026-05-11 16:01:00Z] CHK MOM:0.05% RANGE:0.05% UP:30% SPREAD:0.05086469% BID:1.966 ASK:1.967 MID:1.9665 P1:1.9665 P2:1.9665 P3:1.966 P4:1.9665 STATE:IN_POS
[2026-05-11 16:01:00Z] CHK MOM:0.05% RANGE:0.05% UP:27.27% SPREAD:0.05086469% BID:1.966 ASK:1.967 MID:1.9665 P1:1.9665 P2:1.9665 P3:1.9665 P4:1.966 STATE:IN_POS
[2026-05-11 16:01:01Z] CHK MOM:0.02% RANGE:0.05% UP:27.27% SPREAD:0.10178117% BID:1.965 ASK:1.967 MID:1.966 P1:1.966 P2:1.9665 P3:1.9665 P4:1.9665 STATE:IN_POS
[2026-05-11 16:01:01Z] CHK MOM:0.02% RANGE:0.05% UP:25% SPREAD:0.10178117% BID:1.965 ASK:1.967 MID:1.966 P1:1.966 P2:1.966 P3:1.9665 P4:1.9665 STATE:IN_POS
[2026-05-11 16:01:02Z] CHK MOM:0.02% RANGE:0.05% UP:23.07% SPREAD:0.10178117% BID:1.965 ASK:1.967 MID:1.966 P1:1.966 P2:1.966 P3:1.966 P4:1.9665 STATE:IN_POS
[2026-05-11 16:01:02Z] CHK MOM:0.02% RANGE:0.05% UP:21.42% SPREAD:0.10178117% BID:1.965 ASK:1.967 MID:1.966 P1:1.966 P2:1.966 P3:1.966 P4:1.966 STATE:IN_POS
[2026-05-11 16:01:03Z] CHK MOM:0.02% RANGE:0.05% UP:21.42% SPREAD:0.10178117% BID:1.965 ASK:1.967 MID:1.966 P1:1.966 P2:1.966 P3:1.966 P4:1.966 STATE:IN_POS
[2026-05-11 16:01:03Z] CHK MOM:0.02% RANGE:0.02% UP:23.07% SPREAD:0.05086469% BID:1.966 ASK:1.967 MID:1.9665 P1:1.9665 P2:1.966 P3:1.966 P4:1.966 STATE:IN_POS
[2026-05-11 16:01:05Z] CHK MOM:0.02% RANGE:0.02% UP:21.42% SPREAD:0.05086469% BID:1.966 ASK:1.967 MID:1.9665 P1:1.9665 P2:1.9665 P3:1.966 P4:1.966 STATE:IN_POS
[2026-05-11 16:01:06Z] CHK MOM:0.02% RANGE:0.02% UP:20% SPREAD:0.05086469% BID:1.966 ASK:1.967 MID:1.9665 P1:1.9665 P2:1.9665 P3:1.9665 P4:1.966 STATE:IN_POS
[2026-05-11 16:01:06Z] CHK MOM:0.17% RANGE:0.17% UP:26.66% SPREAD:0.0507872% BID:1.969 ASK:1.97 MID:1.9695 P1:1.9695 P2:1.9665 P3:1.9665 P4:1.9665 STATE:IN_POS
[2026-05-11 16:01:07Z] CHK MOM:0.17% RANGE:0.17% UP:26.66% SPREAD:0.0507872% BID:1.969 ASK:1.97 MID:1.9695 P1:1.9695 P2:1.9665 P3:1.9665 P4:1.9665 STATE:IN_POS
[2026-05-11 16:01:07Z] CHK MOM:0.1% RANGE:0.17% UP:26.66% SPREAD:0.10167768% BID:1.967 ASK:1.969 MID:1.968 P1:1.968 P2:1.9695 P3:1.9665 P4:1.9665 STATE:IN_POS
[2026-05-11 16:01:08Z] CHK MOM:0.1% RANGE:0.17% UP:26.66% SPREAD:0.10167768% BID:1.967 ASK:1.969 MID:1.968 P1:1.968 P2:1.9695 P3:1.9665 P4:1.9665 STATE:IN_POS
[2026-05-11 16:01:08Z] CHK MOM:0.07% RANGE:0.17% UP:21.42% SPREAD:0.10167768% BID:1.967 ASK:1.969 MID:1.968 P1:1.968 P2:1.968 P3:1.9695 P4:1.9665 STATE:IN_POS
[2026-05-11 16:01:09Z] CHK MOM:0.1% RANGE:0.17% UP:21.42% SPREAD:0.10167768% BID:1.967 ASK:1.969 MID:1.968 P1:1.968 P2:1.968 P3:1.968 P4:1.9695 STATE:IN_POS
[2026-05-11 16:01:09Z] CHK MOM:0.1% RANGE:0.17% UP:21.42% SPREAD:0.10167768% BID:1.967 ASK:1.969 MID:1.968 P1:1.968 P2:1.968 P3:1.968 P4:1.9695 STATE:IN_POS
[2026-05-11 16:01:10Z] CHK MOM:0.07% RANGE:0.17% UP:14.28% SPREAD:0.10167768% BID:1.967 ASK:1.969 MID:1.968 P1:1.968 P2:1.968 P3:1.968 P4:1.968 STATE:IN_POS
[2026-05-11 16:01:12Z] CHK MOM:0.12% RANGE:0.17% UP:21.42% SPREAD:0.10162601% BID:1.968 ASK:1.97 MID:1.96899999 P1:1.96899999 P2:1.968 P3:1.968 P4:1.968 STATE:IN_POS
[2026-05-11 16:01:12Z] CHK MOM:0.1% RANGE:0.17% UP:21.42% SPREAD:0.050813% BID:1.968 ASK:1.969 MID:1.9685 P1:1.9685 P2:1.96899999 P3:1.968 P4:1.968 STATE:IN_POS
[2026-05-11 16:01:13Z] CHK MOM:0.1% RANGE:0.17% UP:21.42% SPREAD:0.10167768% BID:1.967 ASK:1.969 MID:1.968 P1:1.968 P2:1.9685 P3:1.96899999 P4:1.968 STATE:IN_POS
[2026-05-11 16:01:13Z] CHK MOM:0.05% RANGE:0.17% UP:21.42% SPREAD:0.10172939% BID:1.966 ASK:1.968 MID:1.967 P1:1.967 P2:1.968 P3:1.9685 P4:1.96899999 STATE:IN_POS
[2026-05-11 16:01:14Z] CHK MOM:0.05% RANGE:0.17% UP:21.42% SPREAD:0.10172939% BID:1.966 ASK:1.968 MID:1.967 P1:1.967 P2:1.968 P3:1.9685 P4:1.96899999 STATE:IN_POS
[2026-05-11 16:01:14Z] CHK MOM:0.15% RANGE:0.17% UP:30.76% SPREAD:0.10162601% BID:1.968 ASK:1.97 MID:1.96899999 P1:1.96899999 P2:1.967 P3:1.968 P4:1.9685 STATE:IN_POS
[2026-05-11 16:01:15Z] CHK MOM:0.12% RANGE:0.15% UP:23.07% SPREAD:0.10162601% BID:1.968 ASK:1.97 MID:1.96899999 P1:1.96899999 P2:1.96899999 P3:1.967 P4:1.968 STATE:IN_POS
[2026-05-11 16:01:15Z] CHK MOM:0.12% RANGE:0.15% UP:21.42% SPREAD:0.10162601% BID:1.968 ASK:1.97 MID:1.96899999 P1:1.96899999 P2:1.96899999 P3:1.96899999 P4:1.967 STATE:IN_POS
[2026-05-11 16:01:16Z] CHK MOM:0.1% RANGE:0.15% UP:21.42% SPREAD:0.050813% BID:1.968 ASK:1.969 MID:1.9685 P1:1.9685 P2:1.96899999 P3:1.96899999 P4:1.96899999 STATE:IN_POS
[2026-05-11 16:01:17Z] CHK MOM:0.1% RANGE:0.15% UP:21.42% SPREAD:0.050813% BID:1.968 ASK:1.969 MID:1.9685 P1:1.9685 P2:1.96899999 P3:1.96899999 P4:1.96899999 STATE:IN_POS
[2026-05-11 16:01:17Z] CHK MOM:-0.02% RANGE:0.12% UP:23.07% SPREAD:0.10162601% BID:1.968 ASK:1.97 MID:1.96899999 P1:1.96899999 P2:1.9685 P3:1.96899999 P4:1.96899999 STATE:IN_POS
[2026-05-11 16:01:18Z] CHK MOM:-0.02% RANGE:0.12% UP:23.07% SPREAD:0.10162601% BID:1.968 ASK:1.97 MID:1.96899999 P1:1.96899999 P2:1.9685 P3:1.96899999 P4:1.96899999 STATE:IN_POS
[2026-05-11 16:01:18Z] CHK MOM:-0.02% RANGE:0.12% UP:23.07% SPREAD:0.10162601% BID:1.968 ASK:1.97 MID:1.96899999 P1:1.96899999 P2:1.9685 P3:1.96899999 P4:1.96899999 STATE:IN_POS
[2026-05-11 16:01:19Z] CHK MOM:0.05% RANGE:0.1% UP:23.07% SPREAD:0.10162601% BID:1.968 ASK:1.97 MID:1.96899999 P1:1.96899999 P2:1.96899999 P3:1.9685 P4:1.96899999 STATE:IN_POS
[2026-05-11 16:01:20Z] CHK MOM:0% RANGE:0.1% UP:23.07% SPREAD:0.10167768% BID:1.967 ASK:1.969 MID:1.968 P1:1.968 P2:1.96899999 P3:1.96899999 P4:1.9685 STATE:IN_POS
[2026-05-11 16:01:21Z] CHK MOM:0% RANGE:0.1% UP:23.07% SPREAD:0.10167768% BID:1.967 ASK:1.969 MID:1.968 P1:1.968 P2:1.968 P3:1.96899999 P4:1.96899999 STATE:IN_POS
[2026-05-11 16:01:22Z] CHK MOM:0% RANGE:0.1% UP:23.07% SPREAD:0.10167768% BID:1.967 ASK:1.969 MID:1.968 P1:1.968 P2:1.968 P3:1.968 P4:1.96899999 STATE:IN_POS
[2026-05-11 16:01:22Z] CHK MOM:0% RANGE:0.1% UP:21.42% SPREAD:0.10167768% BID:1.967 ASK:1.969 MID:1.968 P1:1.968 P2:1.968 P3:1.968 P4:1.968 STATE:IN_POS
[2026-05-11 16:01:23Z] CHK MOM:-0.02% RANGE:0.1% UP:15.38% SPREAD:0.10167768% BID:1.967 ASK:1.969 MID:1.968 P1:1.968 P2:1.968 P3:1.968 P4:1.968 STATE:IN_POS
[2026-05-11 16:01:23Z] CHK MOM:-0.07% RANGE:0.1% UP:14.28% SPREAD:0.10172939% BID:1.966 ASK:1.968 MID:1.967 P1:1.967 P2:1.968 P3:1.968 P4:1.968 STATE:IN_POS
[2026-05-11 16:01:24Z] CHK MOM:-0.07% RANGE:0.1% UP:14.28% SPREAD:0.10172939% BID:1.966 ASK:1.968 MID:1.967 P1:1.967 P2:1.968 P3:1.968 P4:1.968 STATE:IN_POS
[2026-05-11 16:01:24Z] CHK MOM:-0.05% RANGE:0.1% UP:14.28% SPREAD:0.10172939% BID:1.966 ASK:1.968 MID:1.967 P1:1.967 P2:1.967 P3:1.968 P4:1.968 STATE:IN_POS
[2026-05-11 16:01:25Z] CHK MOM:-0.05% RANGE:0.1% UP:13.33% SPREAD:0.10172939% BID:1.966 ASK:1.968 MID:1.967 P1:1.967 P2:1.967 P3:1.967 P4:1.968 STATE:IN_POS
[2026-05-11 16:01:25Z] CHK MOM:-0.05% RANGE:0.1% UP:13.33% SPREAD:0.10172939% BID:1.966 ASK:1.968 MID:1.967 P1:1.967 P2:1.967 P3:1.967 P4:1.968 STATE:IN_POS
[2026-05-11 16:01:26Z] CHK MOM:-0.05% RANGE:0.1% UP:13.33% SPREAD:0.10172939% BID:1.966 ASK:1.968 MID:1.967 P1:1.967 P2:1.967 P3:1.967 P4:1.968 STATE:IN_POS
[2026-05-11 16:01:26Z] CHK MOM:-0.1% RANGE:0.1% UP:7.69% SPREAD:0.10172939% BID:1.966 ASK:1.968 MID:1.967 P1:1.967 P2:1.967 P3:1.967 P4:1.967 STATE:IN_POS
[2026-05-11 16:01:27Z] CHK MOM:-0.12% RANGE:0.12% UP:7.14% SPREAD:0.05086469% BID:1.966 ASK:1.967 MID:1.9665 P1:1.9665 P2:1.967 P3:1.967 P4:1.967 STATE:IN_POS
[2026-05-11 16:01:28Z] CHK MOM:-0.12% RANGE:0.12% UP:0% SPREAD:0.05086469% BID:1.966 ASK:1.967 MID:1.9665 P1:1.9665 P2:1.9665 P3:1.967 P4:1.967 STATE:IN_POS
[2026-05-11 16:01:28Z] CHK MOM:-0.15% RANGE:0.15% UP:0% SPREAD:0.10178117% BID:1.965 ASK:1.967 MID:1.966 P1:1.966 P2:1.9665 P3:1.9665 P4:1.967 STATE:IN_POS
[2026-05-11 16:01:29Z] CHK MOM:-0.15% RANGE:0.15% UP:0% SPREAD:0.10178117% BID:1.965 ASK:1.967 MID:1.966 P1:1.966 P2:1.966 P3:1.9665 P4:1.9665 STATE:IN_POS
[2026-05-11 16:01:29Z] CHK MOM:-0.15% RANGE:0.15% UP:0% SPREAD:0.10178117% BID:1.965 ASK:1.967 MID:1.966 P1:1.966 P2:1.966 P3:1.966 P4:1.9665 STATE:IN_POS
[2026-05-11 16:01:30Z] CHK MOM:-0.12% RANGE:0.15% UP:6.66% SPREAD:0.05086469% BID:1.966 ASK:1.967 MID:1.9665 P1:1.9665 P2:1.966 P3:1.966 P4:1.966 STATE:IN_POS
[2026-05-11 16:01:30Z] CHK MOM:-0.12% RANGE:0.15% UP:6.25% SPREAD:0.05086469% BID:1.966 ASK:1.967 MID:1.9665 P1:1.9665 P2:1.9665 P3:1.966 P4:1.966 STATE:IN_POS
[2026-05-11 16:01:31Z] CHK MOM:-0.1% RANGE:0.1% UP:6.25% SPREAD:0.10178117% BID:1.965 ASK:1.967 MID:1.966 P1:1.966 P2:1.9665 P3:1.9665 P4:1.966 STATE:IN_POS
[2026-05-11 16:01:31Z] CHK MOM:-0.1% RANGE:0.1% UP:6.25% SPREAD:0.10178117% BID:1.965 ASK:1.967 MID:1.966 P1:1.966 P2:1.9665 P3:1.9665 P4:1.966 STATE:IN_POS
[2026-05-11 16:01:32Z] CHK MOM:-0.1% RANGE:0.1% UP:6.25% SPREAD:0.10178117% BID:1.965 ASK:1.967 MID:1.966 P1:1.966 P2:1.9665 P3:1.9665 P4:1.966 STATE:IN_POS
[2026-05-11 16:01:33Z] CHK MOM:-0.1% RANGE:0.1% UP:6.25% SPREAD:0.10178117% BID:1.965 ASK:1.967 MID:1.966 P1:1.966 P2:1.9665 P3:1.9665 P4:1.966 STATE:IN_POS
[2026-05-11 16:01:33Z] CHK MOM:-0.1% RANGE:0.1% UP:7.14% SPREAD:0.10178117% BID:1.965 ASK:1.967 MID:1.966 P1:1.966 P2:1.966 P3:1.9665 P4:1.9665 STATE:IN_POS
[2026-05-11 16:01:34Z] CHK MOM:-0.1% RANGE:0.1% UP:7.14% SPREAD:0.10178117% BID:1.965 ASK:1.967 MID:1.966 P1:1.966 P2:1.966 P3:1.9665 P4:1.9665 STATE:IN_POS
[2026-05-11 16:01:34Z] CHK MOM:-0.1% RANGE:0.1% UP:7.14% SPREAD:0.10178117% BID:1.965 ASK:1.967 MID:1.966 P1:1.966 P2:1.966 P3:1.966 P4:1.9665 STATE:IN_POS
[2026-05-11 16:01:36Z] CHK MOM:-0.1% RANGE:0.1% UP:7.69% SPREAD:0.10183299% BID:1.964 ASK:1.966 MID:1.96499999 P1:1.96499999 P2:1.966 P3:1.966 P4:1.966 STATE:IN_POS
[2026-05-11 16:01:36Z] CHK MOM:-0.1% RANGE:0.1% UP:7.69% SPREAD:0.10183299% BID:1.964 ASK:1.966 MID:1.96499999 P1:1.96499999 P2:1.966 P3:1.966 P4:1.966 STATE:IN_POS
[2026-05-11 16:01:37Z] CHK MOM:-0.1% RANGE:0.1% UP:7.69% SPREAD:0.10183299% BID:1.964 ASK:1.966 MID:1.96499999 P1:1.96499999 P2:1.966 P3:1.966 P4:1.966 STATE:IN_POS
[2026-05-11 16:01:37Z] CHK MOM:-0.1% RANGE:0.1% UP:7.69% SPREAD:0.10183299% BID:1.964 ASK:1.966 MID:1.96499999 P1:1.96499999 P2:1.966 P3:1.966 P4:1.966 STATE:IN_POS
[2026-05-11 16:01:38Z] CHK MOM:-0.12% RANGE:0.12% UP:8.33% SPREAD:0.05091649% BID:1.964 ASK:1.965 MID:1.9645 P1:1.9645 P2:1.96499999 P3:1.966 P4:1.966 STATE:IN_POS
[2026-05-11 16:01:39Z] CHK MOM:-0.12% RANGE:0.12% UP:7.69% SPREAD:0.05091649% BID:1.964 ASK:1.965 MID:1.9645 P1:1.9645 P2:1.9645 P3:1.96499999 P4:1.966 STATE:IN_POS
[2026-05-11 16:01:39Z] CHK MOM:-0.12% RANGE:0.12% UP:7.69% SPREAD:0.05091649% BID:1.964 ASK:1.965 MID:1.9645 P1:1.9645 P2:1.9645 P3:1.96499999 P4:1.966 STATE:IN_POS
[2026-05-11 16:01:40Z] CHK MOM:-0.1% RANGE:0.1% UP:8.33% SPREAD:0.05091649% BID:1.964 ASK:1.965 MID:1.9645 P1:1.9645 P2:1.9645 P3:1.9645 P4:1.96499999 STATE:IN_POS
[2026-05-11 16:01:40Z] CHK MOM:-0.1% RANGE:0.1% UP:8.33% SPREAD:0.05091649% BID:1.964 ASK:1.965 MID:1.9645 P1:1.9645 P2:1.9645 P3:1.9645 P4:1.96499999 STATE:IN_POS
[2026-05-11 16:01:41Z] CHK MOM:-0.1% RANGE:0.1% UP:8.33% SPREAD:0.05091649% BID:1.964 ASK:1.965 MID:1.9645 P1:1.9645 P2:1.9645 P3:1.9645 P4:1.96499999 STATE:IN_POS
[2026-05-11 16:01:41Z] CHK MOM:-0.1% RANGE:0.1% UP:0% SPREAD:0.05091649% BID:1.964 ASK:1.965 MID:1.9645 P1:1.9645 P2:1.9645 P3:1.9645 P4:1.9645 STATE:IN_POS
[2026-05-11 16:01:42Z] CHK MOM:-0.12% RANGE:0.12% UP:0% SPREAD:0.10188487% BID:1.963 ASK:1.965 MID:1.964 P1:1.964 P2:1.9645 P3:1.9645 P4:1.9645 STATE:IN_POS
[2026-05-11 16:01:42Z] CHK MOM:-0.12% RANGE:0.12% UP:0% SPREAD:0.10188487% BID:1.963 ASK:1.965 MID:1.964 P1:1.964 P2:1.964 P3:1.9645 P4:1.9645 STATE:IN_POS
[2026-05-11 16:01:43Z] CHK MOM:-0.12% RANGE:0.12% UP:0% SPREAD:0.10188487% BID:1.963 ASK:1.965 MID:1.964 P1:1.964 P2:1.964 P3:1.9645 P4:1.9645 STATE:IN_POS
[2026-05-11 16:01:44Z] CHK MOM:-0.1% RANGE:0.1% UP:0% SPREAD:0.10188487% BID:1.963 ASK:1.965 MID:1.964 P1:1.964 P2:1.964 P3:1.964 P4:1.9645 STATE:IN_POS
[2026-05-11 16:01:44Z] CHK MOM:-0.12% RANGE:0.12% UP:0% SPREAD:0.05094243% BID:1.963 ASK:1.964 MID:1.9635 P1:1.9635 P2:1.964 P3:1.964 P4:1.964 STATE:IN_POS
[2026-05-11 16:01:45Z] CHK MOM:-0.15% RANGE:0.15% UP:0% SPREAD:0.10193679% BID:1.962 ASK:1.964 MID:1.963 P1:1.963 P2:1.9635 P3:1.964 P4:1.964 STATE:IN_POS
[2026-05-11 16:01:45Z] CHK MOM:-0.15% RANGE:0.15% UP:0% SPREAD:0.10193679% BID:1.962 ASK:1.964 MID:1.963 P1:1.963 P2:1.9635 P3:1.964 P4:1.964 STATE:IN_POS
[2026-05-11 16:01:46Z] CHK MOM:-0.15% RANGE:0.15% UP:0% SPREAD:0.10193679% BID:1.962 ASK:1.964 MID:1.963 P1:1.963 P2:1.963 P3:1.9635 P4:1.964 STATE:IN_POS
[2026-05-11 16:01:46Z] CHK MOM:-0.15% RANGE:0.15% UP:0% SPREAD:0.10193679% BID:1.962 ASK:1.964 MID:1.963 P1:1.963 P2:1.963 P3:1.9635 P4:1.964 STATE:IN_POS
[2026-05-11 16:01:47Z] CHK MOM:-0.1% RANGE:0.1% UP:0% SPREAD:0.10193679% BID:1.962 ASK:1.964 MID:1.963 P1:1.963 P2:1.963 P3:1.963 P4:1.9635 STATE:IN_POS
[2026-05-11 16:01:47Z] CHK MOM:-0.1% RANGE:0.1% UP:0% SPREAD:0.10193679% BID:1.962 ASK:1.964 MID:1.963 P1:1.963 P2:1.963 P3:1.963 P4:1.9635 STATE:IN_POS
[2026-05-11 16:01:48Z] CHK MOM:-0.1% RANGE:0.1% UP:0% SPREAD:0.10193679% BID:1.962 ASK:1.964 MID:1.963 P1:1.963 P2:1.963 P3:1.963 P4:1.9635 STATE:IN_POS
[2026-05-11 16:01:48Z] CHK MOM:-0.1% RANGE:0.1% UP:0% SPREAD:0.10193679% BID:1.962 ASK:1.964 MID:1.963 P1:1.963 P2:1.963 P3:1.963 P4:1.9635 STATE:IN_POS
[2026-05-11 16:01:49Z] CHK MOM:-0.1% RANGE:0.1% UP:0% SPREAD:0.10193679% BID:1.962 ASK:1.964 MID:1.963 P1:1.963 P2:1.963 P3:1.963 P4:1.9635 STATE:IN_POS
[2026-05-11 16:01:50Z] CHK MOM:-0.07% RANGE:0.07% UP:0% SPREAD:0.10193679% BID:1.962 ASK:1.964 MID:1.963 P1:1.963 P2:1.963 P3:1.963 P4:1.963 STATE:IN_POS
[2026-05-11 16:01:52Z] CHK MOM:-0.07% RANGE:0.07% UP:0% SPREAD:0.10193679% BID:1.962 ASK:1.964 MID:1.963 P1:1.963 P2:1.963 P3:1.963 P4:1.963 STATE:IN_POS
[2026-05-11 16:01:52Z] CHK MOM:-0.07% RANGE:0.07% UP:0% SPREAD:0.10193679% BID:1.962 ASK:1.964 MID:1.963 P1:1.963 P2:1.963 P3:1.963 P4:1.963 STATE:IN_POS
[2026-05-11 16:01:53Z] CHK MOM:-0.12% RANGE:0.12% UP:0% SPREAD:0.10198878% BID:1.961 ASK:1.963 MID:1.962 P1:1.962 P2:1.963 P3:1.963 P4:1.963 STATE:IN_POS
[2026-05-11 16:01:53Z] CHK MOM:-0.12% RANGE:0.12% UP:0% SPREAD:0.10198878% BID:1.961 ASK:1.963 MID:1.962 P1:1.962 P2:1.963 P3:1.963 P4:1.963 STATE:IN_POS
[2026-05-11 16:01:54Z] CHK MOM:-0.12% RANGE:0.12% UP:0% SPREAD:0.10198878% BID:1.961 ASK:1.963 MID:1.962 P1:1.962 P2:1.963 P3:1.963 P4:1.963 STATE:IN_POS
[2026-05-11 16:01:55Z] CHK MOM:-0.07% RANGE:0.1% UP:14.28% SPREAD:0.05096839% BID:1.962 ASK:1.963 MID:1.9625 P1:1.9625 P2:1.962 P3:1.963 P4:1.963 STATE:IN_POS
[2026-05-11 16:01:55Z] CHK MOM:-0.07% RANGE:0.1% UP:14.28% SPREAD:0.05096839% BID:1.962 ASK:1.963 MID:1.9625 P1:1.9625 P2:1.962 P3:1.963 P4:1.963 STATE:IN_POS
[2026-05-11 16:01:56Z] CHK MOM:-0.07% RANGE:0.1% UP:14.28% SPREAD:0.05096839% BID:1.962 ASK:1.963 MID:1.9625 P1:1.9625 P2:1.962 P3:1.963 P4:1.963 STATE:IN_POS
[2026-05-11 16:01:56Z] CHK MOM:-0.07% RANGE:0.1% UP:14.28% SPREAD:0.05096839% BID:1.962 ASK:1.963 MID:1.9625 P1:1.9625 P2:1.962 P3:1.963 P4:1.963 STATE:IN_POS
[2026-05-11 16:01:57Z] CHK MOM:-0.07% RANGE:0.1% UP:14.28% SPREAD:0.05096839% BID:1.962 ASK:1.963 MID:1.9625 P1:1.9625 P2:1.962 P3:1.963 P4:1.963 STATE:IN_POS
[2026-05-11 16:01:57Z] CHK MOM:-0.02% RANGE:0.05% UP:20% SPREAD:0.05096839% BID:1.962 ASK:1.963 MID:1.9625 P1:1.9625 P2:1.9625 P3:1.962 P4:1.963 STATE:IN_POS
[2026-05-11 16:01:58Z] CHK MOM:-0.02% RANGE:0.05% UP:20% SPREAD:0.05096839% BID:1.962 ASK:1.963 MID:1.9625 P1:1.9625 P2:1.9625 P3:1.962 P4:1.963 STATE:IN_POS
[2026-05-11 16:01:58Z] CHK MOM:-0.02% RANGE:0.05% UP:20% SPREAD:0.05096839% BID:1.962 ASK:1.963 MID:1.9625 P1:1.9625 P2:1.9625 P3:1.962 P4:1.963 STATE:IN_POS
[2026-05-11 16:01:59Z] CHK MOM:-0.02% RANGE:0.05% UP:20% SPREAD:0.05096839% BID:1.962 ASK:1.963 MID:1.9625 P1:1.9625 P2:1.9625 P3:1.9625 P4:1.962 STATE:IN_POS
[2026-05-11 16:01:59Z] CHK MOM:-0.02% RANGE:0.05% UP:20% SPREAD:0.05096839% BID:1.962 ASK:1.963 MID:1.9625 P1:1.9625 P2:1.9625 P3:1.9625 P4:1.962 STATE:IN_POS
[2026-05-11 16:02:00Z] CHK MOM:-0.02% RANGE:0.05% UP:20% SPREAD:0.05096839% BID:1.962 ASK:1.963 MID:1.9625 P1:1.9625 P2:1.9625 P3:1.9625 P4:1.962 STATE:IN_POS
[2026-05-11 16:02:01Z] CHK MOM:-0.05% RANGE:0.05% UP:20% SPREAD:0.10198878% BID:1.961 ASK:1.963 MID:1.962 P1:1.962 P2:1.9625 P3:1.9625 P4:1.9625 STATE:IN_POS
[2026-05-11 16:02:01Z] CHK MOM:-0.05% RANGE:0.05% UP:20% SPREAD:0.10198878% BID:1.961 ASK:1.963 MID:1.962 P1:1.962 P2:1.9625 P3:1.9625 P4:1.9625 STATE:IN_POS
[2026-05-11 16:02:02Z] CHK MOM:-0.07% RANGE:0.07% UP:16.66% SPREAD:0.05099439% BID:1.961 ASK:1.962 MID:1.9615 P1:1.9615 P2:1.962 P3:1.9625 P4:1.9625 STATE:IN_POS
[2026-05-11 16:02:02Z] CHK MOM:-0.1% RANGE:0.1% UP:14.28% SPREAD:0.10204081% BID:1.96 ASK:1.962 MID:1.96099999 P1:1.96099999 P2:1.9615 P3:1.962 P4:1.9625 STATE:IN_POS
[2026-05-11 16:02:03Z] CHK MOM:-0.05% RANGE:0.07% UP:14.28% SPREAD:0.10204081% BID:1.96 ASK:1.962 MID:1.96099999 P1:1.96099999 P2:1.96099999 P3:1.9615 P4:1.962 STATE:IN_POS
[2026-05-11 16:02:03Z] CHK MOM:-0.05% RANGE:0.07% UP:14.28% SPREAD:0.10204081% BID:1.96 ASK:1.962 MID:1.96099999 P1:1.96099999 P2:1.96099999 P3:1.9615 P4:1.962 STATE:IN_POS
[2026-05-11 16:02:04Z] CHK MOM:-0.05% RANGE:0.07% UP:14.28% SPREAD:0.10204081% BID:1.96 ASK:1.962 MID:1.96099999 P1:1.96099999 P2:1.96099999 P3:1.9615 P4:1.962 STATE:IN_POS
[2026-05-11 16:02:04Z] CHK MOM:0.02% RANGE:0.07% UP:25% SPREAD:0.05096839% BID:1.962 ASK:1.963 MID:1.9625 P1:1.9625 P2:1.96099999 P3:1.96099999 P4:1.9615 STATE:IN_POS
[2026-05-11 16:02:05Z] CHK MOM:0.02% RANGE:0.07% UP:25% SPREAD:0.05096839% BID:1.962 ASK:1.963 MID:1.9625 P1:1.9625 P2:1.96099999 P3:1.96099999 P4:1.9615 STATE:IN_POS
[2026-05-11 16:02:06Z] CHK MOM:0% RANGE:0.07% UP:12.5% SPREAD:0.05096839% BID:1.962 ASK:1.963 MID:1.9625 P1:1.9625 P2:1.9625 P3:1.96099999 P4:1.96099999 STATE:IN_POS
[2026-05-11 16:02:07Z] CHK MOM:0% RANGE:0.07% UP:11.11% SPREAD:0.05096839% BID:1.962 ASK:1.963 MID:1.9625 P1:1.9625 P2:1.9625 P3:1.9625 P4:1.96099999 STATE:IN_POS
[2026-05-11 16:02:08Z] CHK MOM:0% RANGE:0.07% UP:11.11% SPREAD:0.05096839% BID:1.962 ASK:1.963 MID:1.9625 P1:1.9625 P2:1.9625 P3:1.9625 P4:1.9625 STATE:IN_POS
[2026-05-11 16:02:08Z] CHK MOM:0% RANGE:0.07% UP:11.11% SPREAD:0.05096839% BID:1.962 ASK:1.963 MID:1.9625 P1:1.9625 P2:1.9625 P3:1.9625 P4:1.9625 STATE:IN_POS
[2026-05-11 16:02:09Z] CHK MOM:0% RANGE:0.07% UP:11.11% SPREAD:0.05096839% BID:1.962 ASK:1.963 MID:1.9625 P1:1.9625 P2:1.9625 P3:1.9625 P4:1.9625 STATE:IN_POS
[2026-05-11 16:02:09Z] CHK MOM:0% RANGE:0.07% UP:11.11% SPREAD:0.05096839% BID:1.962 ASK:1.963 MID:1.9625 P1:1.9625 P2:1.9625 P3:1.9625 P4:1.9625 STATE:IN_POS
[2026-05-11 16:02:10Z] CHK MOM:0.02% RANGE:0.1% UP:22.22% SPREAD:0.10193679% BID:1.962 ASK:1.964 MID:1.963 P1:1.963 P2:1.9625 P3:1.9625 P4:1.9625 STATE:IN_POS
[2026-05-11 16:02:10Z] CHK MOM:0.02% RANGE:0.1% UP:20% SPREAD:0.10193679% BID:1.962 ASK:1.964 MID:1.963 P1:1.963 P2:1.963 P3:1.9625 P4:1.9625 STATE:IN_POS
[2026-05-11 16:02:11Z] CHK MOM:0.05% RANGE:0.1% UP:20% SPREAD:0.10193679% BID:1.962 ASK:1.964 MID:1.963 P1:1.963 P2:1.963 P3:1.963 P4:1.9625 STATE:IN_POS
[2026-05-11 16:02:11Z] CHK MOM:0.05% RANGE:0.1% UP:20% SPREAD:0.10193679% BID:1.962 ASK:1.964 MID:1.963 P1:1.963 P2:1.963 P3:1.963 P4:1.9625 STATE:IN_POS
[2026-05-11 16:02:12Z] CHK MOM:0.05% RANGE:0.1% UP:18.18% SPREAD:0.10193679% BID:1.962 ASK:1.964 MID:1.963 P1:1.963 P2:1.963 P3:1.963 P4:1.963 STATE:IN_POS
[2026-05-11 16:02:12Z] CHK MOM:0.07% RANGE:0.1% UP:18.18% SPREAD:0.10193679% BID:1.962 ASK:1.964 MID:1.963 P1:1.963 P2:1.963 P3:1.963 P4:1.963 STATE:IN_POS
[2026-05-11 16:02:13Z] CHK MOM:0.07% RANGE:0.1% UP:18.18% SPREAD:0.10193679% BID:1.962 ASK:1.964 MID:1.963 P1:1.963 P2:1.963 P3:1.963 P4:1.963 STATE:IN_POS
[2026-05-11 16:02:13Z] CHK MOM:0.07% RANGE:0.1% UP:16.66% SPREAD:0.10193679% BID:1.962 ASK:1.964 MID:1.963 P1:1.963 P2:1.963 P3:1.963 P4:1.963 STATE:IN_POS
[2026-05-11 16:02:14Z] CHK MOM:0.07% RANGE:0.1% UP:16.66% SPREAD:0.10193679% BID:1.962 ASK:1.964 MID:1.963 P1:1.963 P2:1.963 P3:1.963 P4:1.963 STATE:IN_POS
[2026-05-11 16:02:14Z] CHK MOM:0.02% RANGE:0.02% UP:10% SPREAD:0.10193679% BID:1.962 ASK:1.964 MID:1.963 P1:1.963 P2:1.963 P3:1.963 P4:1.963 STATE:IN_POS
[2026-05-11 16:02:15Z] CHK MOM:0% RANGE:0.02% UP:9.09% SPREAD:0.15298317% BID:1.961 ASK:1.964 MID:1.9625 P1:1.9625 P2:1.963 P3:1.963 P4:1.963 STATE:IN_POS
[2026-05-11 16:02:16Z] CHK MOM:0.02% RANGE:0.02% UP:16.66% SPREAD:0.10193679% BID:1.962 ASK:1.964 MID:1.963 P1:1.963 P2:1.9625 P3:1.963 P4:1.963 STATE:IN_POS
[2026-05-11 16:02:16Z] CHK MOM:0.02% RANGE:0.02% UP:16.66% SPREAD:0.10193679% BID:1.962 ASK:1.964 MID:1.963 P1:1.963 P2:1.963 P3:1.9625 P4:1.963 STATE:IN_POS
[2026-05-11 16:02:17Z] CHK MOM:0.02% RANGE:0.02% UP:15.38% SPREAD:0.10193679% BID:1.962 ASK:1.964 MID:1.963 P1:1.963 P2:1.963 P3:1.963 P4:1.9625 STATE:IN_POS
[2026-05-11 16:02:17Z] CHK MOM:0.02% RANGE:0.02% UP:15.38% SPREAD:0.10193679% BID:1.962 ASK:1.964 MID:1.963 P1:1.963 P2:1.963 P3:1.963 P4:1.9625 STATE:IN_POS
[2026-05-11 16:02:18Z] CHK MOM:0.02% RANGE:0.02% UP:15.38% SPREAD:0.10193679% BID:1.962 ASK:1.964 MID:1.963 P1:1.963 P2:1.963 P3:1.963 P4:1.9625 STATE:IN_POS
[2026-05-11 16:02:18Z] CHK MOM:0.02% RANGE:0.02% UP:15.38% SPREAD:0.10193679% BID:1.962 ASK:1.964 MID:1.963 P1:1.963 P2:1.963 P3:1.963 P4:1.9625 STATE:IN_POS
[2026-05-11 16:02:19Z] CHK MOM:0.02% RANGE:0.02% UP:16.66% SPREAD:0.10193679% BID:1.962 ASK:1.964 MID:1.963 P1:1.963 P2:1.963 P3:1.963 P4:1.963 STATE:IN_POS
[2026-05-11 16:02:19Z] CHK MOM:0.02% RANGE:0.02% UP:16.66% SPREAD:0.10193679% BID:1.962 ASK:1.964 MID:1.963 P1:1.963 P2:1.963 P3:1.963 P4:1.963 STATE:IN_POS
[2026-05-11 16:02:20Z] CHK MOM:0.02% RANGE:0.02% UP:16.66% SPREAD:0.10193679% BID:1.962 ASK:1.964 MID:1.963 P1:1.963 P2:1.963 P3:1.963 P4:1.963 STATE:IN_POS
[2026-05-11 16:02:20Z] CHK MOM:0.02% RANGE:0.02% UP:16.66% SPREAD:0.10193679% BID:1.962 ASK:1.964 MID:1.963 P1:1.963 P2:1.963 P3:1.963 P4:1.963 STATE:IN_POS
[2026-05-11 16:02:21Z] CHK MOM:0.02% RANGE:0.02% UP:16.66% SPREAD:0.10193679% BID:1.962 ASK:1.964 MID:1.963 P1:1.963 P2:1.963 P3:1.963 P4:1.963 STATE:IN_POS
[2026-05-11 16:02:23Z] CHK MOM:0% RANGE:0.02% UP:8.33% SPREAD:0.10193679% BID:1.962 ASK:1.964 MID:1.963 P1:1.963 P2:1.963 P3:1.963 P4:1.963 STATE:IN_POS
[2026-05-11 16:02:23Z] CHK MOM:0% RANGE:0.02% UP:8.33% SPREAD:0.10193679% BID:1.962 ASK:1.964 MID:1.963 P1:1.963 P2:1.963 P3:1.963 P4:1.963 STATE:IN_POS
[2026-05-11 16:02:24Z] CHK MOM:0% RANGE:0.02% UP:8.33% SPREAD:0.10193679% BID:1.962 ASK:1.964 MID:1.963 P1:1.963 P2:1.963 P3:1.963 P4:1.963 STATE:IN_POS
[2026-05-11 16:02:24Z] CHK MOM:0.02% RANGE:0.05% UP:25% SPREAD:0.05094243% BID:1.963 ASK:1.964 MID:1.9635 P1:1.9635 P2:1.963 P3:1.963 P4:1.963 STATE:IN_POS
[2026-05-11 16:02:25Z] CHK MOM:0.02% RANGE:0.05% UP:25% SPREAD:0.05094243% BID:1.963 ASK:1.964 MID:1.9635 P1:1.9635 P2:1.963 P3:1.963 P4:1.963 STATE:IN_POS
[2026-05-11 16:02:25Z] CHK MOM:0.02% RANGE:0.05% UP:25% SPREAD:0.05094243% BID:1.963 ASK:1.964 MID:1.9635 P1:1.9635 P2:1.963 P3:1.963 P4:1.963 STATE:IN_POS
[2026-05-11 16:02:26Z] CHK MOM:0.02% RANGE:0.05% UP:25% SPREAD:0.05094243% BID:1.963 ASK:1.964 MID:1.9635 P1:1.9635 P2:1.963 P3:1.963 P4:1.963 STATE:IN_POS
[2026-05-11 16:02:27Z] CHK MOM:0.02% RANGE:0.05% UP:25% SPREAD:0.05094243% BID:1.963 ASK:1.964 MID:1.9635 P1:1.9635 P2:1.963 P3:1.963 P4:1.963 STATE:IN_POS
[2026-05-11 16:02:27Z] CHK MOM:0.05% RANGE:0.05% UP:28.57% SPREAD:0.05094243% BID:1.963 ASK:1.964 MID:1.9635 P1:1.9635 P2:1.9635 P3:1.963 P4:1.963 STATE:IN_POS
[2026-05-11 16:02:28Z] CHK MOM:0.05% RANGE:0.05% UP:28.57% SPREAD:0.05094243% BID:1.963 ASK:1.964 MID:1.9635 P1:1.9635 P2:1.9635 P3:1.963 P4:1.963 STATE:IN_POS
[2026-05-11 16:02:28Z] CHK MOM:0.05% RANGE:0.05% UP:28.57% SPREAD:0.05094243% BID:1.963 ASK:1.964 MID:1.9635 P1:1.9635 P2:1.9635 P3:1.963 P4:1.963 STATE:IN_POS
[2026-05-11 16:02:29Z] CHK MOM:0.05% RANGE:0.05% UP:28.57% SPREAD:0.05094243% BID:1.963 ASK:1.964 MID:1.9635 P1:1.9635 P2:1.9635 P3:1.963 P4:1.963 STATE:IN_POS
[2026-05-11 16:02:29Z] CHK MOM:0.05% RANGE:0.05% UP:28.57% SPREAD:0.05094243% BID:1.963 ASK:1.964 MID:1.9635 P1:1.9635 P2:1.9635 P3:1.963 P4:1.963 STATE:IN_POS
[2026-05-11 16:02:32Z] CHK MOM:0.02% RANGE:0.02% UP:33.33% SPREAD:0.05094243% BID:1.963 ASK:1.964 MID:1.9635 P1:1.9635 P2:1.9635 P3:1.9635 P4:1.963 STATE:IN_POS
[2026-05-11 16:02:33Z] CHK MOM:0.02% RANGE:0.02% UP:25% SPREAD:0.05094243% BID:1.963 ASK:1.964 MID:1.9635 P1:1.9635 P2:1.9635 P3:1.9635 P4:1.9635 STATE:IN_POS
[2026-05-11 16:02:33Z] CHK MOM:0.02% RANGE:0.02% UP:25% SPREAD:0.05094243% BID:1.963 ASK:1.964 MID:1.9635 P1:1.9635 P2:1.9635 P3:1.9635 P4:1.9635 STATE:IN_POS
[2026-05-11 16:02:34Z] CHK MOM:0.02% RANGE:0.02% UP:25% SPREAD:0.05094243% BID:1.963 ASK:1.964 MID:1.9635 P1:1.9635 P2:1.9635 P3:1.9635 P4:1.9635 STATE:IN_POS
[2026-05-11 16:02:34Z] CHK MOM:0.02% RANGE:0.02% UP:25% SPREAD:0.05094243% BID:1.963 ASK:1.964 MID:1.9635 P1:1.9635 P2:1.9635 P3:1.9635 P4:1.9635 STATE:IN_POS
[2026-05-11 16:02:35Z] CHK MOM:0.02% RANGE:0.02% UP:25% SPREAD:0.05094243% BID:1.963 ASK:1.964 MID:1.9635 P1:1.9635 P2:1.9635 P3:1.9635 P4:1.9635 STATE:IN_POS
[2026-05-11 16:02:35Z] CHK MOM:0.02% RANGE:0.02% UP:25% SPREAD:0.05094243% BID:1.963 ASK:1.964 MID:1.9635 P1:1.9635 P2:1.9635 P3:1.9635 P4:1.9635 STATE:IN_POS
[2026-05-11 16:02:43Z] CHK MOM:0% RANGE:0% UP:0% SPREAD:0.05094243% BID:1.963 ASK:1.964 MID:1.9635 P1:1.9635 P2:1.9635 P3:1.9635 P4:1.9635 STATE:IN_POS
[2026-05-11 16:02:44Z] CHK MOM:0% RANGE:0% UP:0% SPREAD:0.05094243% BID:1.963 ASK:1.964 MID:1.9635 P1:1.9635 P2:1.9635 P3:1.9635 P4:1.9635 STATE:IN_POS
[2026-05-11 16:02:45Z] CHK MOM:0% RANGE:0% UP:0% SPREAD:0.05094243% BID:1.963 ASK:1.964 MID:1.9635 P1:1.9635 P2:1.9635 P3:1.9635 P4:1.9635 STATE:IN_POS
[2026-05-11 16:02:45Z] CHK MOM:0% RANGE:0% UP:0% SPREAD:0.05094243% BID:1.963 ASK:1.964 MID:1.9635 P1:1.9635 P2:1.9635 P3:1.9635 P4:1.9635 STATE:IN_POS
[2026-05-11 16:02:46Z] CHK MOM:0.1% RANGE:0.1% UP:50% SPREAD:0.05089058% BID:1.965 ASK:1.966 MID:1.9655 P1:1.9655 P2:1.9635 P3:1.9635 P4:1.9635 STATE:IN_POS
[2026-05-11 16:02:46Z] CHK MOM:0.1% RANGE:0.1% UP:50% SPREAD:0.05089058% BID:1.965 ASK:1.966 MID:1.9655 P1:1.9655 P2:1.9635 P3:1.9635 P4:1.9635 STATE:IN_POS
[2026-05-11 16:02:47Z] CHK MOM:0.1% RANGE:0.1% UP:33.33% SPREAD:0.05089058% BID:1.965 ASK:1.966 MID:1.9655 P1:1.9655 P2:1.9655 P3:1.9635 P4:1.9635 STATE:IN_POS
[2026-05-11 16:02:47Z] CHK MOM:0.15% RANGE:0.15% UP:50% SPREAD:0.05086469% BID:1.966 ASK:1.967 MID:1.9665 P1:1.9665 P2:1.9655 P3:1.9655 P4:1.9635 STATE:IN_POS
[2026-05-11 16:02:48Z] CHK MOM:0.15% RANGE:0.15% UP:40% SPREAD:0.05086469% BID:1.966 ASK:1.967 MID:1.9665 P1:1.9665 P2:1.9665 P3:1.9655 P4:1.9655 STATE:IN_POS
[2026-05-11 16:02:49Z] CHK MOM:0.1% RANGE:0.15% UP:33.33% SPREAD:0.05089058% BID:1.965 ASK:1.966 MID:1.9655 P1:1.9655 P2:1.9665 P3:1.9665 P4:1.9655 STATE:IN_POS
[2026-05-11 16:02:49Z] CHK MOM:0.1% RANGE:0.15% UP:33.33% SPREAD:0.05089058% BID:1.965 ASK:1.966 MID:1.9655 P1:1.9655 P2:1.9665 P3:1.9665 P4:1.9655 STATE:IN_POS
[2026-05-11 16:02:50Z] CHK MOM:0.07% RANGE:0.15% UP:28.57% SPREAD:0.10183299% BID:1.964 ASK:1.966 MID:1.96499999 P1:1.96499999 P2:1.9655 P3:1.9665 P4:1.9665 STATE:IN_POS
[2026-05-11 16:02:50Z] CHK MOM:0.07% RANGE:0.15% UP:28.57% SPREAD:0.10183299% BID:1.964 ASK:1.966 MID:1.96499999 P1:1.96499999 P2:1.9655 P3:1.9665 P4:1.9665 STATE:IN_POS
[2026-05-11 16:02:51Z] CHK MOM:0.07% RANGE:0.15% UP:25% SPREAD:0.10183299% BID:1.964 ASK:1.966 MID:1.96499999 P1:1.96499999 P2:1.96499999 P3:1.9655 P4:1.9665 STATE:IN_POS
[2026-05-11 16:02:51Z] CHK MOM:0.07% RANGE:0.15% UP:25% SPREAD:0.10183299% BID:1.964 ASK:1.966 MID:1.96499999 P1:1.96499999 P2:1.96499999 P3:1.9655 P4:1.9665 STATE:IN_POS
[2026-05-11 16:02:52Z] CHK MOM:0.07% RANGE:0.15% UP:25% SPREAD:0.10183299% BID:1.964 ASK:1.966 MID:1.96499999 P1:1.96499999 P2:1.96499999 P3:1.9655 P4:1.9665 STATE:IN_POS
[2026-05-11 16:02:52Z] CHK MOM:0.07% RANGE:0.15% UP:25% SPREAD:0.10183299% BID:1.964 ASK:1.966 MID:1.96499999 P1:1.96499999 P2:1.96499999 P3:1.9655 P4:1.9665 STATE:IN_POS
[2026-05-11 16:02:53Z] CHK MOM:0.07% RANGE:0.15% UP:25% SPREAD:0.10183299% BID:1.964 ASK:1.966 MID:1.96499999 P1:1.96499999 P2:1.96499999 P3:1.9655 P4:1.9665 STATE:IN_POS
[2026-05-11 16:02:54Z] CHK MOM:0.07% RANGE:0.15% UP:25% SPREAD:0.10183299% BID:1.964 ASK:1.966 MID:1.96499999 P1:1.96499999 P2:1.96499999 P3:1.9655 P4:1.9665 STATE:IN_POS
[2026-05-11 16:03:01Z] CHK MOM:-0.02% RANGE:0.02% UP:0% SPREAD:0.10183299% BID:1.964 ASK:1.966 MID:1.96499999 P1:1.96499999 P2:1.96499999 P3:1.96499999 P4:1.9655 STATE:IN_POS
[2026-05-11 16:03:02Z] CHK MOM:0.02% RANGE:0.02% UP:33.33% SPREAD:0.05089058% BID:1.965 ASK:1.966 MID:1.9655 P1:1.9655 P2:1.96499999 P3:1.96499999 P4:1.96499999 STATE:IN_POS
[2026-05-11 16:03:03Z] CHK MOM:0% RANGE:0.02% UP:33.33% SPREAD:0.10183299% BID:1.964 ASK:1.966 MID:1.96499999 P1:1.96499999 P2:1.9655 P3:1.96499999 P4:1.96499999 STATE:IN_POS
[2026-05-11 16:03:03Z] CHK MOM:0% RANGE:0.02% UP:33.33% SPREAD:0.10183299% BID:1.964 ASK:1.966 MID:1.96499999 P1:1.96499999 P2:1.9655 P3:1.96499999 P4:1.96499999 STATE:IN_POS
[2026-05-11 16:03:04Z] CHK MOM:0% RANGE:0.02% UP:33.33% SPREAD:0.10183299% BID:1.964 ASK:1.966 MID:1.96499999 P1:1.96499999 P2:1.96499999 P3:1.9655 P4:1.96499999 STATE:IN_POS
[2026-05-11 16:03:04Z] CHK MOM:0% RANGE:0.02% UP:25% SPREAD:0.10183299% BID:1.964 ASK:1.966 MID:1.96499999 P1:1.96499999 P2:1.96499999 P3:1.96499999 P4:1.9655 STATE:IN_POS
[2026-05-11 16:03:05Z] CHK MOM:0% RANGE:0.02% UP:20% SPREAD:0.10183299% BID:1.964 ASK:1.966 MID:1.96499999 P1:1.96499999 P2:1.96499999 P3:1.96499999 P4:1.96499999 STATE:IN_POS
[2026-05-11 16:03:05Z] CHK MOM:0% RANGE:0.02% UP:20% SPREAD:0.10183299% BID:1.964 ASK:1.966 MID:1.96499999 P1:1.96499999 P2:1.96499999 P3:1.96499999 P4:1.96499999 STATE:IN_POS
[2026-05-11 16:03:06Z] CHK MOM:-0.05% RANGE:0.07% UP:16.66% SPREAD:0.10188487% BID:1.963 ASK:1.965 MID:1.964 P1:1.964 P2:1.96499999 P3:1.96499999 P4:1.96499999 STATE:IN_POS
[2026-05-11 16:03:07Z] CHK MOM:-0.07% RANGE:0.1% UP:14.28% SPREAD:0.05094243% BID:1.963 ASK:1.964 MID:1.9635 P1:1.9635 P2:1.964 P3:1.96499999 P4:1.96499999 STATE:IN_POS
[2026-05-11 16:03:07Z] CHK MOM:-0.07% RANGE:0.1% UP:14.28% SPREAD:0.05094243% BID:1.963 ASK:1.964 MID:1.9635 P1:1.9635 P2:1.964 P3:1.96499999 P4:1.96499999 STATE:IN_POS
[2026-05-11 16:03:08Z] CHK MOM:-0.02% RANGE:0.1% UP:25% SPREAD:0.05091649% BID:1.964 ASK:1.965 MID:1.9645 P1:1.9645 P2:1.9635 P3:1.964 P4:1.96499999 STATE:IN_POS
[2026-05-11 16:03:08Z] CHK MOM:-0.02% RANGE:0.1% UP:25% SPREAD:0.05091649% BID:1.964 ASK:1.965 MID:1.9645 P1:1.9645 P2:1.9635 P3:1.964 P4:1.96499999 STATE:IN_POS
[2026-05-11 16:03:09Z] CHK MOM:-0.02% RANGE:0.1% UP:25% SPREAD:0.05091649% BID:1.964 ASK:1.965 MID:1.9645 P1:1.9645 P2:1.9635 P3:1.964 P4:1.96499999 STATE:IN_POS
[2026-05-11 16:03:09Z] CHK MOM:-0.02% RANGE:0.1% UP:25% SPREAD:0.05091649% BID:1.964 ASK:1.965 MID:1.9645 P1:1.9645 P2:1.9635 P3:1.964 P4:1.96499999 STATE:IN_POS
[2026-05-11 16:03:10Z] CHK MOM:-0.02% RANGE:0.1% UP:25% SPREAD:0.05091649% BID:1.964 ASK:1.965 MID:1.9645 P1:1.9645 P2:1.9635 P3:1.964 P4:1.96499999 STATE:IN_POS
[2026-05-11 16:03:10Z] CHK MOM:-0.02% RANGE:0.1% UP:25% SPREAD:0.05091649% BID:1.964 ASK:1.965 MID:1.9645 P1:1.9645 P2:1.9635 P3:1.964 P4:1.96499999 STATE:IN_POS
[2026-05-11 16:03:16Z] CHK MOM:-0.02% RANGE:0.07% UP:16.66% SPREAD:0.05091649% BID:1.964 ASK:1.965 MID:1.9645 P1:1.9645 P2:1.9645 P3:1.9635 P4:1.964 STATE:IN_POS
[2026-05-11 16:03:16Z] CHK MOM:-0.02% RANGE:0.07% UP:20% SPREAD:0.05091649% BID:1.964 ASK:1.965 MID:1.9645 P1:1.9645 P2:1.9645 P3:1.9645 P4:1.9635 STATE:IN_POS
[2026-05-11 16:03:18Z] CHK MOM:-0.02% RANGE:0.07% UP:20% SPREAD:0.05091649% BID:1.964 ASK:1.965 MID:1.9645 P1:1.9645 P2:1.9645 P3:1.9645 P4:1.9635 STATE:IN_POS
[2026-05-11 16:03:18Z] CHK MOM:0.1% RANGE:0.1% UP:50% SPREAD:0.05089058% BID:1.965 ASK:1.966 MID:1.9655 P1:1.9655 P2:1.9645 P3:1.9645 P4:1.9645 STATE:IN_POS
[2026-05-11 16:03:19Z] CHK MOM:0.1% RANGE:0.1% UP:50% SPREAD:0.05089058% BID:1.965 ASK:1.966 MID:1.9655 P1:1.9655 P2:1.9645 P3:1.9645 P4:1.9645 STATE:IN_POS
[2026-05-11 16:03:19Z] CHK MOM:0.1% RANGE:0.1% UP:50% SPREAD:0.05089058% BID:1.965 ASK:1.966 MID:1.9655 P1:1.9655 P2:1.9645 P3:1.9645 P4:1.9645 STATE:IN_POS
[2026-05-11 16:03:20Z] CHK MOM:0.1% RANGE:0.1% UP:50% SPREAD:0.05089058% BID:1.965 ASK:1.966 MID:1.9655 P1:1.9655 P2:1.9645 P3:1.9645 P4:1.9645 STATE:IN_POS
[2026-05-11 16:03:20Z] CHK MOM:0.1% RANGE:0.1% UP:50% SPREAD:0.05089058% BID:1.965 ASK:1.966 MID:1.9655 P1:1.9655 P2:1.9645 P3:1.9645 P4:1.9645 STATE:IN_POS
[2026-05-11 16:03:21Z] CHK MOM:0.05% RANGE:0.05% UP:33.33% SPREAD:0.05089058% BID:1.965 ASK:1.966 MID:1.9655 P1:1.9655 P2:1.9655 P3:1.9645 P4:1.9645 STATE:IN_POS
[2026-05-11 16:03:22Z] CHK MOM:0.02% RANGE:0.05% UP:25% SPREAD:0.10183299% BID:1.964 ASK:1.966 MID:1.96499999 P1:1.96499999 P2:1.9655 P3:1.9655 P4:1.9645 STATE:IN_POS
[2026-05-11 16:03:22Z] CHK MOM:0.02% RANGE:0.05% UP:25% SPREAD:0.10183299% BID:1.964 ASK:1.966 MID:1.96499999 P1:1.96499999 P2:1.9655 P3:1.9655 P4:1.9645 STATE:IN_POS
[2026-05-11 16:03:23Z] CHK MOM:0.02% RANGE:0.05% UP:25% SPREAD:0.10183299% BID:1.964 ASK:1.966 MID:1.96499999 P1:1.96499999 P2:1.9655 P3:1.9655 P4:1.9645 STATE:IN_POS
[2026-05-11 16:03:23Z] CHK MOM:0.02% RANGE:0.05% UP:25% SPREAD:0.10183299% BID:1.964 ASK:1.966 MID:1.96499999 P1:1.96499999 P2:1.9655 P3:1.9655 P4:1.9645 STATE:IN_POS
[2026-05-11 16:03:24Z] CHK MOM:0.02% RANGE:0.05% UP:25% SPREAD:0.10183299% BID:1.964 ASK:1.966 MID:1.96499999 P1:1.96499999 P2:1.9655 P3:1.9655 P4:1.9645 STATE:IN_POS
[2026-05-11 16:03:27Z] CHK MOM:0.05% RANGE:0.05% UP:40% SPREAD:0.05089058% BID:1.965 ASK:1.966 MID:1.9655 P1:1.9655 P2:1.96499999 P3:1.9655 P4:1.9655 STATE:IN_POS
[2026-05-11 16:03:27Z] CHK MOM:0.05% RANGE:0.05% UP:40% SPREAD:0.05089058% BID:1.965 ASK:1.966 MID:1.9655 P1:1.9655 P2:1.96499999 P3:1.9655 P4:1.9655 STATE:IN_POS
[2026-05-11 16:03:28Z] CHK MOM:0.02% RANGE:0.05% UP:40% SPREAD:0.10183299% BID:1.964 ASK:1.966 MID:1.96499999 P1:1.96499999 P2:1.9655 P3:1.96499999 P4:1.9655 STATE:IN_POS
[2026-05-11 16:03:28Z] CHK MOM:0.02% RANGE:0.05% UP:40% SPREAD:0.10183299% BID:1.964 ASK:1.966 MID:1.96499999 P1:1.96499999 P2:1.9655 P3:1.96499999 P4:1.9655 STATE:IN_POS
[2026-05-11 16:03:29Z] CHK MOM:0.02% RANGE:0.05% UP:40% SPREAD:0.10183299% BID:1.964 ASK:1.966 MID:1.96499999 P1:1.96499999 P2:1.9655 P3:1.96499999 P4:1.9655 STATE:IN_POS
[2026-05-11 16:03:29Z] CHK MOM:0.02% RANGE:0.05% UP:40% SPREAD:0.10183299% BID:1.964 ASK:1.966 MID:1.96499999 P1:1.96499999 P2:1.9655 P3:1.96499999 P4:1.9655 STATE:IN_POS
[2026-05-11 16:03:30Z] CHK MOM:0.02% RANGE:0.05% UP:40% SPREAD:0.10183299% BID:1.964 ASK:1.966 MID:1.96499999 P1:1.96499999 P2:1.9655 P3:1.96499999 P4:1.9655 STATE:IN_POS
[2026-05-11 16:03:30Z] CHK MOM:0.02% RANGE:0.05% UP:40% SPREAD:0.10183299% BID:1.964 ASK:1.966 MID:1.96499999 P1:1.96499999 P2:1.9655 P3:1.96499999 P4:1.9655 STATE:IN_POS
[2026-05-11 16:03:31Z] CHK MOM:0% RANGE:0.02% UP:50% SPREAD:0.05089058% BID:1.965 ASK:1.966 MID:1.9655 P1:1.9655 P2:1.96499999 P3:1.9655 P4:1.96499999 STATE:IN_POS
[2026-05-11 16:03:31Z] CHK MOM:0% RANGE:0.02% UP:50% SPREAD:0.05089058% BID:1.965 ASK:1.966 MID:1.9655 P1:1.9655 P2:1.96499999 P3:1.9655 P4:1.96499999 STATE:IN_POS
[2026-05-11 16:03:32Z] CHK MOM:0.05% RANGE:0.07% UP:60% SPREAD:0.05086469% BID:1.966 ASK:1.967 MID:1.9665 P1:1.9665 P2:1.9655 P3:1.96499999 P4:1.9655 STATE:IN_POS
[2026-05-11 16:03:34Z] CHK MOM:0.05% RANGE:0.07% UP:60% SPREAD:0.10178117% BID:1.965 ASK:1.967 MID:1.966 P1:1.966 P2:1.9665 P3:1.9655 P4:1.96499999 STATE:IN_POS
[2026-05-11 16:03:34Z] CHK MOM:0.05% RANGE:0.07% UP:60% SPREAD:0.05086469% BID:1.966 ASK:1.967 MID:1.9665 P1:1.9665 P2:1.966 P3:1.9665 P4:1.9655 STATE:IN_POS
[2026-05-11 16:03:35Z] CHK MOM:0.05% RANGE:0.07% UP:60% SPREAD:0.05086469% BID:1.966 ASK:1.967 MID:1.9665 P1:1.9665 P2:1.966 P3:1.9665 P4:1.9655 STATE:IN_POS
[2026-05-11 16:03:35Z] CHK MOM:0.05% RANGE:0.07% UP:50% SPREAD:0.05086469% BID:1.966 ASK:1.967 MID:1.9665 P1:1.9665 P2:1.9665 P3:1.966 P4:1.9665 STATE:IN_POS
[2026-05-11 16:03:36Z] CHK MOM:0.05% RANGE:0.07% UP:50% SPREAD:0.05086469% BID:1.966 ASK:1.967 MID:1.9665 P1:1.9665 P2:1.9665 P3:1.966 P4:1.9665 STATE:IN_POS
[2026-05-11 16:03:36Z] CHK MOM:0.05% RANGE:0.07% UP:50% SPREAD:0.05086469% BID:1.966 ASK:1.967 MID:1.9665 P1:1.9665 P2:1.9665 P3:1.966 P4:1.9665 STATE:IN_POS
[2026-05-11 16:03:37Z] CHK MOM:0.05% RANGE:0.07% UP:42.85% SPREAD:0.05086469% BID:1.966 ASK:1.967 MID:1.9665 P1:1.9665 P2:1.9665 P3:1.9665 P4:1.966 STATE:IN_POS
[2026-05-11 16:03:38Z] CHK MOM:0.05% RANGE:0.07% UP:42.85% SPREAD:0.05086469% BID:1.966 ASK:1.967 MID:1.9665 P1:1.9665 P2:1.9665 P3:1.9665 P4:1.966 STATE:IN_POS
[2026-05-11 16:03:38Z] CHK MOM:0.05% RANGE:0.07% UP:42.85% SPREAD:0.05086469% BID:1.966 ASK:1.967 MID:1.9665 P1:1.9665 P2:1.9665 P3:1.9665 P4:1.966 STATE:IN_POS
[2026-05-11 16:03:39Z] CHK MOM:0.05% RANGE:0.07% UP:42.85% SPREAD:0.05086469% BID:1.966 ASK:1.967 MID:1.9665 P1:1.9665 P2:1.9665 P3:1.9665 P4:1.966 STATE:IN_POS
[2026-05-11 16:03:39Z] CHK MOM:0.05% RANGE:0.07% UP:42.85% SPREAD:0.05086469% BID:1.966 ASK:1.967 MID:1.9665 P1:1.9665 P2:1.9665 P3:1.9665 P4:1.966 STATE:IN_POS
[2026-05-11 16:03:40Z] CHK MOM:0.05% RANGE:0.07% UP:42.85% SPREAD:0.05086469% BID:1.966 ASK:1.967 MID:1.9665 P1:1.9665 P2:1.9665 P3:1.9665 P4:1.966 STATE:IN_POS
[2026-05-11 16:03:45Z] CHK MOM:0% RANGE:0.02% UP:25% SPREAD:0.10178117% BID:1.965 ASK:1.967 MID:1.966 P1:1.966 P2:1.9665 P3:1.9665 P4:1.9665 STATE:IN_POS
[2026-05-11 16:03:46Z] CHK MOM:0% RANGE:0.02% UP:25% SPREAD:0.10178117% BID:1.965 ASK:1.967 MID:1.966 P1:1.966 P2:1.9665 P3:1.9665 P4:1.9665 STATE:IN_POS
[2026-05-11 16:03:46Z] CHK MOM:0% RANGE:0.02% UP:25% SPREAD:0.10178117% BID:1.965 ASK:1.967 MID:1.966 P1:1.966 P2:1.9665 P3:1.9665 P4:1.9665 STATE:IN_POS
[2026-05-11 16:03:47Z] CHK MOM:0% RANGE:0.02% UP:25% SPREAD:0.10178117% BID:1.965 ASK:1.967 MID:1.966 P1:1.966 P2:1.9665 P3:1.9665 P4:1.9665 STATE:IN_POS
[2026-05-11 16:03:47Z] CHK MOM:0% RANGE:0.02% UP:25% SPREAD:0.10178117% BID:1.965 ASK:1.967 MID:1.966 P1:1.966 P2:1.9665 P3:1.9665 P4:1.9665 STATE:IN_POS
[2026-05-11 16:03:48Z] CHK MOM:-0.02% RANGE:0.02% UP:0% SPREAD:0.10178117% BID:1.965 ASK:1.967 MID:1.966 P1:1.966 P2:1.966 P3:1.9665 P4:1.9665 STATE:IN_POS
[2026-05-11 16:03:50Z] CHK MOM:0% RANGE:0% UP:0% SPREAD:0.10178117% BID:1.965 ASK:1.967 MID:1.966 P1:1.966 P2:1.966 P3:1.966 P4:1.9665 STATE:IN_POS
[2026-05-11 16:03:51Z] CHK MOM:0% RANGE:0% UP:0% SPREAD:0.10178117% BID:1.965 ASK:1.967 MID:1.966 P1:1.966 P2:1.966 P3:1.966 P4:1.9665 STATE:IN_POS
[2026-05-11 16:03:51Z] CHK MOM:0% RANGE:0% UP:0% SPREAD:0.10178117% BID:1.965 ASK:1.967 MID:1.966 P1:1.966 P2:1.966 P3:1.966 P4:1.9665 STATE:IN_POS
[2026-05-11 16:03:52Z] CHK MOM:0% RANGE:0% UP:0% SPREAD:0.10178117% BID:1.965 ASK:1.967 MID:1.966 P1:1.966 P2:1.966 P3:1.966 P4:1.9665 STATE:IN_POS
[2026-05-11 16:03:53Z] CHK MOM:-0.02% RANGE:0.02% UP:0% SPREAD:0.05089058% BID:1.965 ASK:1.966 MID:1.9655 P1:1.9655 P2:1.966 P3:1.966 P4:1.966 STATE:IN_POS
[2026-05-11 16:03:53Z] CHK MOM:-0.02% RANGE:0.02% UP:0% SPREAD:0.05089058% BID:1.965 ASK:1.966 MID:1.9655 P1:1.9655 P2:1.966 P3:1.966 P4:1.966 STATE:IN_POS
[2026-05-11 16:03:54Z] CHK MOM:-0.02% RANGE:0.02% UP:0% SPREAD:0.05089058% BID:1.965 ASK:1.966 MID:1.9655 P1:1.9655 P2:1.966 P3:1.966 P4:1.966 STATE:IN_POS
[2026-05-11 16:03:54Z] CHK MOM:-0.02% RANGE:0.02% UP:0% SPREAD:0.05089058% BID:1.965 ASK:1.966 MID:1.9655 P1:1.9655 P2:1.966 P3:1.966 P4:1.966 STATE:IN_POS
[2026-05-11 16:03:55Z] CHK MOM:-0.02% RANGE:0.02% UP:0% SPREAD:0.05089058% BID:1.965 ASK:1.966 MID:1.9655 P1:1.9655 P2:1.966 P3:1.966 P4:1.966 STATE:IN_POS
[2026-05-11 16:03:55Z] CHK MOM:-0.02% RANGE:0.02% UP:0% SPREAD:0.05089058% BID:1.965 ASK:1.966 MID:1.9655 P1:1.9655 P2:1.9655 P3:1.966 P4:1.966 STATE:IN_POS
[2026-05-11 16:03:56Z] CHK MOM:-0.02% RANGE:0.02% UP:0% SPREAD:0.05089058% BID:1.965 ASK:1.966 MID:1.9655 P1:1.9655 P2:1.9655 P3:1.966 P4:1.966 STATE:IN_POS
[2026-05-11 16:03:57Z] CHK MOM:-0.02% RANGE:0.02% UP:0% SPREAD:0.05089058% BID:1.965 ASK:1.966 MID:1.9655 P1:1.9655 P2:1.9655 P3:1.966 P4:1.966 STATE:IN_POS
[2026-05-11 16:03:57Z] CHK MOM:-0.02% RANGE:0.02% UP:0% SPREAD:0.05089058% BID:1.965 ASK:1.966 MID:1.9655 P1:1.9655 P2:1.9655 P3:1.966 P4:1.966 STATE:IN_POS
[2026-05-11 16:03:58Z] CHK MOM:-0.02% RANGE:0.02% UP:0% SPREAD:0.05089058% BID:1.965 ASK:1.966 MID:1.9655 P1:1.9655 P2:1.9655 P3:1.966 P4:1.966 STATE:IN_POS
[2026-05-11 16:03:58Z] CHK MOM:-0.05% RANGE:0.05% UP:0% SPREAD:0.10183299% BID:1.964 ASK:1.966 MID:1.96499999 P1:1.96499999 P2:1.9655 P3:1.9655 P4:1.966 STATE:IN_POS
[2026-05-11 16:03:59Z] CHK MOM:-0.05% RANGE:0.05% UP:0% SPREAD:0.10183299% BID:1.964 ASK:1.966 MID:1.96499999 P1:1.96499999 P2:1.96499999 P3:1.9655 P4:1.9655 STATE:IN_POS
[2026-05-11 16:03:59Z] CHK MOM:-0.05% RANGE:0.05% UP:0% SPREAD:0.10183299% BID:1.964 ASK:1.966 MID:1.96499999 P1:1.96499999 P2:1.96499999 P3:1.9655 P4:1.9655 STATE:IN_POS
[2026-05-11 16:04:00Z] CHK MOM:-0.05% RANGE:0.05% UP:0% SPREAD:0.10183299% BID:1.964 ASK:1.966 MID:1.96499999 P1:1.96499999 P2:1.96499999 P3:1.9655 P4:1.9655 STATE:IN_POS
[2026-05-11 16:04:00Z] CHK MOM:-0.05% RANGE:0.05% UP:0% SPREAD:0.10183299% BID:1.964 ASK:1.966 MID:1.96499999 P1:1.96499999 P2:1.96499999 P3:1.9655 P4:1.9655 STATE:IN_POS
[2026-05-11 16:04:01Z] CHK MOM:-0.05% RANGE:0.05% UP:0% SPREAD:0.10183299% BID:1.964 ASK:1.966 MID:1.96499999 P1:1.96499999 P2:1.96499999 P3:1.9655 P4:1.9655 STATE:IN_POS
[2026-05-11 16:04:02Z] CHK MOM:-0.07% RANGE:0.07% UP:0% SPREAD:0.10188487% BID:1.963 ASK:1.965 MID:1.964 P1:1.964 P2:1.96499999 P3:1.96499999 P4:1.9655 STATE:IN_POS
[2026-05-11 16:04:02Z] CHK MOM:-0.07% RANGE:0.07% UP:0% SPREAD:0.10188487% BID:1.963 ASK:1.965 MID:1.964 P1:1.964 P2:1.96499999 P3:1.96499999 P4:1.9655 STATE:IN_POS
[2026-05-11 16:04:03Z] CHK MOM:-0.07% RANGE:0.07% UP:0% SPREAD:0.10188487% BID:1.963 ASK:1.965 MID:1.964 P1:1.964 P2:1.964 P3:1.96499999 P4:1.96499999 STATE:IN_POS
[2026-05-11 16:04:03Z] CHK MOM:-0.07% RANGE:0.07% UP:0% SPREAD:0.10188487% BID:1.963 ASK:1.965 MID:1.964 P1:1.964 P2:1.964 P3:1.964 P4:1.96499999 STATE:IN_POS
[2026-05-11 16:04:04Z] CHK MOM:-0.07% RANGE:0.07% UP:0% SPREAD:0.10188487% BID:1.963 ASK:1.965 MID:1.964 P1:1.964 P2:1.964 P3:1.964 P4:1.964 STATE:IN_POS
[2026-05-11 16:04:05Z] CHK MOM:-0.07% RANGE:0.07% UP:0% SPREAD:0.10188487% BID:1.963 ASK:1.965 MID:1.964 P1:1.964 P2:1.964 P3:1.964 P4:1.964 STATE:IN_POS
[2026-05-11 16:04:06Z] CHK MOM:-0.07% RANGE:0.07% UP:0% SPREAD:0.10188487% BID:1.963 ASK:1.965 MID:1.964 P1:1.964 P2:1.964 P3:1.964 P4:1.964 STATE:IN_POS
[2026-05-11 16:04:07Z] CHK MOM:-0.1% RANGE:0.1% UP:0% SPREAD:0.05094243% BID:1.963 ASK:1.964 MID:1.9635 P1:1.9635 P2:1.964 P3:1.964 P4:1.964 STATE:IN_POS
[2026-05-11 16:04:07Z] CHK MOM:-0.1% RANGE:0.1% UP:0% SPREAD:0.05094243% BID:1.963 ASK:1.964 MID:1.9635 P1:1.9635 P2:1.964 P3:1.964 P4:1.964 STATE:IN_POS
[2026-05-11 16:04:08Z] CHK MOM:-0.07% RANGE:0.07% UP:0% SPREAD:0.05094243% BID:1.963 ASK:1.964 MID:1.9635 P1:1.9635 P2:1.9635 P3:1.964 P4:1.964 STATE:IN_POS
[2026-05-11 16:04:08Z] CHK MOM:-0.07% RANGE:0.07% UP:0% SPREAD:0.05094243% BID:1.963 ASK:1.964 MID:1.9635 P1:1.9635 P2:1.9635 P3:1.9635 P4:1.964 STATE:IN_POS
[2026-05-11 16:04:09Z] CHK MOM:-0.05% RANGE:0.07% UP:9.09% SPREAD:0.10188487% BID:1.963 ASK:1.965 MID:1.964 P1:1.964 P2:1.9635 P3:1.9635 P4:1.9635 STATE:IN_POS
[2026-05-11 16:04:09Z] CHK MOM:-0.05% RANGE:0.07% UP:9.09% SPREAD:0.10188487% BID:1.963 ASK:1.965 MID:1.964 P1:1.964 P2:1.9635 P3:1.9635 P4:1.9635 STATE:IN_POS
[2026-05-11 16:04:10Z] CHK MOM:-0.05% RANGE:0.07% UP:9.09% SPREAD:0.10188487% BID:1.963 ASK:1.965 MID:1.964 P1:1.964 P2:1.9635 P3:1.9635 P4:1.9635 STATE:IN_POS
[2026-05-11 16:04:10Z] CHK MOM:-0.05% RANGE:0.07% UP:9.09% SPREAD:0.10188487% BID:1.963 ASK:1.965 MID:1.964 P1:1.964 P2:1.9635 P3:1.9635 P4:1.9635 STATE:IN_POS
[2026-05-11 16:04:11Z] CHK MOM:-0.07% RANGE:0.07% UP:9.09% SPREAD:0.05094243% BID:1.963 ASK:1.964 MID:1.9635 P1:1.9635 P2:1.964 P3:1.9635 P4:1.9635 STATE:IN_POS
[2026-05-11 16:04:11Z] CHK MOM:-0.02% RANGE:0.02% UP:9.09% SPREAD:0.05094243% BID:1.963 ASK:1.964 MID:1.9635 P1:1.9635 P2:1.9635 P3:1.964 P4:1.9635 STATE:IN_POS
[2026-05-11 16:04:12Z] CHK MOM:-0.02% RANGE:0.02% UP:8.33% SPREAD:0.05094243% BID:1.963 ASK:1.964 MID:1.9635 P1:1.9635 P2:1.9635 P3:1.9635 P4:1.964 STATE:IN_POS
[2026-05-11 16:04:13Z] CHK MOM:-0.02% RANGE:0.02% UP:8.33% SPREAD:0.05094243% BID:1.963 ASK:1.964 MID:1.9635 P1:1.9635 P2:1.9635 P3:1.9635 P4:1.964 STATE:IN_POS
[2026-05-11 16:04:13Z] CHK MOM:-0.02% RANGE:0.02% UP:8.33% SPREAD:0.05094243% BID:1.963 ASK:1.964 MID:1.9635 P1:1.9635 P2:1.9635 P3:1.9635 P4:1.964 STATE:IN_POS
[2026-05-11 16:04:14Z] CHK MOM:-0.02% RANGE:0.02% UP:8.33% SPREAD:0.05094243% BID:1.963 ASK:1.964 MID:1.9635 P1:1.9635 P2:1.9635 P3:1.9635 P4:1.964 STATE:IN_POS
[2026-05-11 16:04:14Z] CHK MOM:-0.02% RANGE:0.02% UP:8.33% SPREAD:0.05094243% BID:1.963 ASK:1.964 MID:1.9635 P1:1.9635 P2:1.9635 P3:1.9635 P4:1.964 STATE:IN_POS
[2026-05-11 16:04:16Z] CHK MOM:-0.02% RANGE:0.02% UP:10% SPREAD:0.05094243% BID:1.963 ASK:1.964 MID:1.9635 P1:1.9635 P2:1.9635 P3:1.9635 P4:1.9635 STATE:IN_POS
[2026-05-11 16:04:16Z] CHK MOM:-0.02% RANGE:0.02% UP:10% SPREAD:0.05094243% BID:1.963 ASK:1.964 MID:1.9635 P1:1.9635 P2:1.9635 P3:1.9635 P4:1.9635 STATE:IN_POS
[2026-05-11 16:04:17Z] CHK MOM:-0.02% RANGE:0.02% UP:10% SPREAD:0.05094243% BID:1.963 ASK:1.964 MID:1.9635 P1:1.9635 P2:1.9635 P3:1.9635 P4:1.9635 STATE:IN_POS
[2026-05-11 16:04:18Z] CHK MOM:-0.02% RANGE:0.02% UP:10% SPREAD:0.05094243% BID:1.963 ASK:1.964 MID:1.9635 P1:1.9635 P2:1.9635 P3:1.9635 P4:1.9635 STATE:IN_POS
[2026-05-11 16:04:18Z] CHK MOM:-0.02% RANGE:0.02% UP:10% SPREAD:0.05094243% BID:1.963 ASK:1.964 MID:1.9635 P1:1.9635 P2:1.9635 P3:1.9635 P4:1.9635 STATE:IN_POS
[2026-05-11 16:04:21Z] CHK MOM:-0.05% RANGE:0.05% UP:0% SPREAD:0.05096839% BID:1.962 ASK:1.963 MID:1.9625 P1:1.9625 P2:1.9635 P3:1.9635 P4:1.9635 STATE:IN_POS
[2026-05-11 16:04:23Z] CHK MOM:-0.05% RANGE:0.05% UP:0% SPREAD:0.05096839% BID:1.962 ASK:1.963 MID:1.9625 P1:1.9625 P2:1.9625 P3:1.9635 P4:1.9635 STATE:IN_POS
[2026-05-11 16:04:23Z] CHK MOM:-0.05% RANGE:0.05% UP:0% SPREAD:0.05096839% BID:1.962 ASK:1.963 MID:1.9625 P1:1.9625 P2:1.9625 P3:1.9635 P4:1.9635 STATE:IN_POS
[2026-05-11 16:04:24Z] CHK MOM:-0.05% RANGE:0.05% UP:0% SPREAD:0.05096839% BID:1.962 ASK:1.963 MID:1.9625 P1:1.9625 P2:1.9625 P3:1.9635 P4:1.9635 STATE:IN_POS
[2026-05-11 16:04:24Z] CHK MOM:-0.07% RANGE:0.07% UP:0% SPREAD:0.10198878% BID:1.961 ASK:1.963 MID:1.962 P1:1.962 P2:1.9625 P3:1.9625 P4:1.9635 STATE:IN_POS
[2026-05-11 16:04:25Z] CHK MOM:-0.02% RANGE:0.07% UP:25% SPREAD:0.10193679% BID:1.962 ASK:1.964 MID:1.963 P1:1.963 P2:1.962 P3:1.9625 P4:1.9625 STATE:IN_POS
[2026-05-11 16:04:25Z] CHK MOM:-0.05% RANGE:0.07% UP:20% SPREAD:0.05096839% BID:1.962 ASK:1.963 MID:1.9625 P1:1.9625 P2:1.963 P3:1.962 P4:1.9625 STATE:IN_POS
[2026-05-11 16:04:26Z] CHK MOM:-0.05% RANGE:0.07% UP:20% SPREAD:0.05096839% BID:1.962 ASK:1.963 MID:1.9625 P1:1.9625 P2:1.963 P3:1.962 P4:1.9625 STATE:IN_POS
[2026-05-11 16:04:26Z] CHK MOM:-0.05% RANGE:0.07% UP:20% SPREAD:0.05096839% BID:1.962 ASK:1.963 MID:1.9625 P1:1.9625 P2:1.963 P3:1.962 P4:1.9625 STATE:IN_POS
[2026-05-11 16:04:27Z] CHK MOM:-0.05% RANGE:0.07% UP:16.66% SPREAD:0.05096839% BID:1.962 ASK:1.963 MID:1.9625 P1:1.9625 P2:1.9625 P3:1.963 P4:1.962 STATE:IN_POS
[2026-05-11 16:04:27Z] CHK MOM:-0.05% RANGE:0.07% UP:16.66% SPREAD:0.05096839% BID:1.962 ASK:1.963 MID:1.9625 P1:1.9625 P2:1.9625 P3:1.963 P4:1.962 STATE:IN_POS
[2026-05-11 16:04:28Z] CHK MOM:-0.05% RANGE:0.07% UP:16.66% SPREAD:0.05096839% BID:1.962 ASK:1.963 MID:1.9625 P1:1.9625 P2:1.9625 P3:1.963 P4:1.962 STATE:IN_POS
[2026-05-11 16:04:29Z] CHK MOM:0% RANGE:0.05% UP:16.66% SPREAD:0.05096839% BID:1.962 ASK:1.963 MID:1.9625 P1:1.9625 P2:1.9625 P3:1.9625 P4:1.963 STATE:IN_POS
[2026-05-11 16:04:29Z] CHK MOM:0% RANGE:0.05% UP:16.66% SPREAD:0.05096839% BID:1.962 ASK:1.963 MID:1.9625 P1:1.9625 P2:1.9625 P3:1.9625 P4:1.963 STATE:IN_POS
[2026-05-11 16:04:30Z] CHK MOM:0% RANGE:0.05% UP:14.28% SPREAD:0.05096839% BID:1.962 ASK:1.963 MID:1.9625 P1:1.9625 P2:1.9625 P3:1.9625 P4:1.9625 STATE:IN_POS
[2026-05-11 16:04:30Z] CHK MOM:0% RANGE:0.05% UP:14.28% SPREAD:0.05096839% BID:1.962 ASK:1.963 MID:1.9625 P1:1.9625 P2:1.9625 P3:1.9625 P4:1.9625 STATE:IN_POS
[2026-05-11 16:04:31Z] CHK MOM:0% RANGE:0.05% UP:14.28% SPREAD:0.05096839% BID:1.962 ASK:1.963 MID:1.9625 P1:1.9625 P2:1.9625 P3:1.9625 P4:1.9625 STATE:IN_POS
[2026-05-11 16:04:31Z] CHK MOM:0% RANGE:0.05% UP:12.5% SPREAD:0.05096839% BID:1.962 ASK:1.963 MID:1.9625 P1:1.9625 P2:1.9625 P3:1.9625 P4:1.9625 STATE:IN_POS
[2026-05-11 16:04:32Z] CHK MOM:0% RANGE:0.05% UP:12.5% SPREAD:0.05096839% BID:1.962 ASK:1.963 MID:1.9625 P1:1.9625 P2:1.9625 P3:1.9625 P4:1.9625 STATE:IN_POS
[2026-05-11 16:04:32Z] CHK MOM:0% RANGE:0.05% UP:12.5% SPREAD:0.05096839% BID:1.962 ASK:1.963 MID:1.9625 P1:1.9625 P2:1.9625 P3:1.9625 P4:1.9625 STATE:IN_POS
[2026-05-11 16:04:33Z] CHK MOM:0.05% RANGE:0.07% UP:22.22% SPREAD:0.05094243% BID:1.963 ASK:1.964 MID:1.9635 P1:1.9635 P2:1.9625 P3:1.9625 P4:1.9625 STATE:IN_POS
[2026-05-11 16:04:34Z] CHK MOM:0.05% RANGE:0.07% UP:22.22% SPREAD:0.05094243% BID:1.963 ASK:1.964 MID:1.9635 P1:1.9635 P2:1.9625 P3:1.9625 P4:1.9625 STATE:IN_POS
[2026-05-11 16:04:34Z] CHK MOM:0.05% RANGE:0.07% UP:22.22% SPREAD:0.05094243% BID:1.963 ASK:1.964 MID:1.9635 P1:1.9635 P2:1.9625 P3:1.9625 P4:1.9625 STATE:IN_POS
[2026-05-11 16:04:35Z] CHK MOM:0.05% RANGE:0.07% UP:22.22% SPREAD:0.05094243% BID:1.963 ASK:1.964 MID:1.9635 P1:1.9635 P2:1.9625 P3:1.9625 P4:1.9625 STATE:IN_POS
[2026-05-11 16:04:35Z] CHK MOM:0.07% RANGE:0.07% UP:25% SPREAD:0.05094243% BID:1.963 ASK:1.964 MID:1.9635 P1:1.9635 P2:1.9635 P3:1.9625 P4:1.9625 STATE:IN_POS
[2026-05-11 16:04:36Z] CHK MOM:0.02% RANGE:0.07% UP:22.22% SPREAD:0.05096839% BID:1.962 ASK:1.963 MID:1.9625 P1:1.9625 P2:1.9635 P3:1.9635 P4:1.9625 STATE:IN_POS
[2026-05-11 16:04:36Z] CHK MOM:0.02% RANGE:0.07% UP:22.22% SPREAD:0.05096839% BID:1.962 ASK:1.963 MID:1.9625 P1:1.9625 P2:1.9635 P3:1.9635 P4:1.9625 STATE:IN_POS
[2026-05-11 16:04:39Z] CHK MOM:0.05% RANGE:0.05% UP:28.57% SPREAD:0.05094243% BID:1.963 ASK:1.964 MID:1.9635 P1:1.9635 P2:1.9625 P3:1.9635 P4:1.9635 STATE:IN_POS
[2026-05-11 16:04:40Z] CHK MOM:0.05% RANGE:0.05% UP:28.57% SPREAD:0.05094243% BID:1.963 ASK:1.964 MID:1.9635 P1:1.9635 P2:1.9635 P3:1.9625 P4:1.9635 STATE:IN_POS
[2026-05-11 16:04:40Z] CHK MOM:0.05% RANGE:0.05% UP:25% SPREAD:0.05094243% BID:1.963 ASK:1.964 MID:1.9635 P1:1.9635 P2:1.9635 P3:1.9635 P4:1.9625 STATE:IN_POS
[2026-05-11 16:04:41Z] CHK MOM:0.05% RANGE:0.05% UP:25% SPREAD:0.05094243% BID:1.963 ASK:1.964 MID:1.9635 P1:1.9635 P2:1.9635 P3:1.9635 P4:1.9625 STATE:IN_POS
[2026-05-11 16:04:41Z] CHK MOM:0.07% RANGE:0.07% UP:37.5% SPREAD:0.10188487% BID:1.963 ASK:1.965 MID:1.964 P1:1.964 P2:1.9635 P3:1.9635 P4:1.9635 STATE:IN_POS
[2026-05-11 16:04:42Z] CHK MOM:0.05% RANGE:0.07% UP:33.33% SPREAD:0.05094243% BID:1.963 ASK:1.964 MID:1.9635 P1:1.9635 P2:1.964 P3:1.9635 P4:1.9635 STATE:IN_POS
[2026-05-11 16:04:42Z] CHK MOM:0.05% RANGE:0.07% UP:33.33% SPREAD:0.05094243% BID:1.963 ASK:1.964 MID:1.9635 P1:1.9635 P2:1.964 P3:1.9635 P4:1.9635 STATE:IN_POS
[2026-05-11 16:04:43Z] CHK MOM:0.05% RANGE:0.07% UP:33.33% SPREAD:0.05094243% BID:1.963 ASK:1.964 MID:1.9635 P1:1.9635 P2:1.964 P3:1.9635 P4:1.9635 STATE:IN_POS
[2026-05-11 16:04:43Z] CHK MOM:0.05% RANGE:0.07% UP:33.33% SPREAD:0.05094243% BID:1.963 ASK:1.964 MID:1.9635 P1:1.9635 P2:1.964 P3:1.9635 P4:1.9635 STATE:IN_POS
[2026-05-11 16:04:44Z] CHK MOM:0% RANGE:0.07% UP:25% SPREAD:0.05094243% BID:1.963 ASK:1.964 MID:1.9635 P1:1.9635 P2:1.9635 P3:1.964 P4:1.9635 STATE:IN_POS
[2026-05-11 16:04:45Z] CHK MOM:0% RANGE:0.07% UP:25% SPREAD:0.05094243% BID:1.963 ASK:1.964 MID:1.9635 P1:1.9635 P2:1.9635 P3:1.964 P4:1.9635 STATE:IN_POS
[2026-05-11 16:04:45Z] CHK MOM:0.05% RANGE:0.1% UP:33.33% SPREAD:0.05091649% BID:1.964 ASK:1.965 MID:1.9645 P1:1.9645 P2:1.9635 P3:1.9635 P4:1.964 STATE:IN_POS
[2026-05-11 16:04:46Z] CHK MOM:0.05% RANGE:0.1% UP:33.33% SPREAD:0.05091649% BID:1.964 ASK:1.965 MID:1.9645 P1:1.9645 P2:1.9635 P3:1.9635 P4:1.964 STATE:IN_POS
[2026-05-11 16:04:46Z] CHK MOM:0.05% RANGE:0.1% UP:33.33% SPREAD:0.05091649% BID:1.964 ASK:1.965 MID:1.9645 P1:1.9645 P2:1.9635 P3:1.9635 P4:1.964 STATE:IN_POS
[2026-05-11 16:04:47Z] CHK MOM:0% RANGE:0.1% UP:33.33% SPREAD:0.05094243% BID:1.963 ASK:1.964 MID:1.9635 P1:1.9635 P2:1.9645 P3:1.9635 P4:1.9635 STATE:IN_POS
[2026-05-11 16:04:47Z] CHK MOM:0% RANGE:0.1% UP:33.33% SPREAD:0.05094243% BID:1.963 ASK:1.964 MID:1.9635 P1:1.9635 P2:1.9645 P3:1.9635 P4:1.9635 STATE:IN_POS
[2026-05-11 16:04:48Z] CHK MOM:0.02% RANGE:0.05% UP:37.5% SPREAD:0.10188487% BID:1.963 ASK:1.965 MID:1.964 P1:1.964 P2:1.9635 P3:1.9645 P4:1.9635 STATE:IN_POS
[2026-05-11 16:04:48Z] CHK MOM:0% RANGE:0.05% UP:33.33% SPREAD:0.05094243% BID:1.963 ASK:1.964 MID:1.9635 P1:1.9635 P2:1.964 P3:1.9635 P4:1.9645 STATE:IN_POS
[2026-05-11 16:04:49Z] CHK MOM:0% RANGE:0.05% UP:33.33% SPREAD:0.05094243% BID:1.963 ASK:1.964 MID:1.9635 P1:1.9635 P2:1.964 P3:1.9635 P4:1.9645 STATE:IN_POS
[2026-05-11 16:04:49Z] CHK MOM:0% RANGE:0.05% UP:33.33% SPREAD:0.05094243% BID:1.963 ASK:1.964 MID:1.9635 P1:1.9635 P2:1.964 P3:1.9635 P4:1.9645 STATE:IN_POS
[2026-05-11 16:04:50Z] CHK MOM:0% RANGE:0.05% UP:33.33% SPREAD:0.05094243% BID:1.963 ASK:1.964 MID:1.9635 P1:1.9635 P2:1.964 P3:1.9635 P4:1.9645 STATE:IN_POS
[2026-05-11 16:04:51Z] CHK MOM:0% RANGE:0.05% UP:33.33% SPREAD:0.05094243% BID:1.963 ASK:1.964 MID:1.9635 P1:1.9635 P2:1.964 P3:1.9635 P4:1.9645 STATE:IN_POS
[2026-05-11 16:04:52Z] CHK MOM:0% RANGE:0.05% UP:37.5% SPREAD:0.05094243% BID:1.963 ASK:1.964 MID:1.9635 P1:1.9635 P2:1.9635 P3:1.964 P4:1.9635 STATE:IN_POS
[2026-05-11 16:04:53Z] CHK MOM:-0.02% RANGE:0.05% UP:25% SPREAD:0.05094243% BID:1.963 ASK:1.964 MID:1.9635 P1:1.9635 P2:1.9635 P3:1.9635 P4:1.964 STATE:IN_POS
[2026-05-11 16:04:54Z] CHK MOM:0% RANGE:0.05% UP:25% SPREAD:0.05094243% BID:1.963 ASK:1.964 MID:1.9635 P1:1.9635 P2:1.9635 P3:1.9635 P4:1.9635 STATE:IN_POS
[2026-05-11 16:04:54Z] CHK MOM:0% RANGE:0.05% UP:25% SPREAD:0.05094243% BID:1.963 ASK:1.964 MID:1.9635 P1:1.9635 P2:1.9635 P3:1.9635 P4:1.9635 STATE:IN_POS
[2026-05-11 16:04:55Z] CHK MOM:0% RANGE:0.05% UP:25% SPREAD:0.05094243% BID:1.963 ASK:1.964 MID:1.9635 P1:1.9635 P2:1.9635 P3:1.9635 P4:1.9635 STATE:IN_POS
[2026-05-11 16:04:56Z] CHK MOM:0% RANGE:0.05% UP:25% SPREAD:0.05094243% BID:1.963 ASK:1.964 MID:1.9635 P1:1.9635 P2:1.9635 P3:1.9635 P4:1.9635 STATE:IN_POS
[2026-05-11 16:04:56Z] CHK MOM:0% RANGE:0.05% UP:28.57% SPREAD:0.05091649% BID:1.964 ASK:1.965 MID:1.9645 P1:1.9645 P2:1.9635 P3:1.9635 P4:1.9635 STATE:IN_POS
[2026-05-11 16:04:57Z] CHK MOM:0% RANGE:0.05% UP:28.57% SPREAD:0.05091649% BID:1.964 ASK:1.965 MID:1.9645 P1:1.9645 P2:1.9635 P3:1.9635 P4:1.9635 STATE:IN_POS
[2026-05-11 16:04:57Z] CHK MOM:0% RANGE:0.05% UP:28.57% SPREAD:0.05094243% BID:1.963 ASK:1.964 MID:1.9635 P1:1.9635 P2:1.9645 P3:1.9635 P4:1.9635 STATE:IN_POS
[2026-05-11 16:04:58Z] CHK MOM:0% RANGE:0.05% UP:28.57% SPREAD:0.05094243% BID:1.963 ASK:1.964 MID:1.9635 P1:1.9635 P2:1.9645 P3:1.9635 P4:1.9635 STATE:IN_POS
[2026-05-11 16:04:58Z] CHK MOM:0% RANGE:0.05% UP:25% SPREAD:0.05094243% BID:1.963 ASK:1.964 MID:1.9635 P1:1.9635 P2:1.9635 P3:1.9645 P4:1.9635 STATE:IN_POS
[2026-05-11 16:04:59Z] CHK MOM:0% RANGE:0.05% UP:25% SPREAD:0.05094243% BID:1.963 ASK:1.964 MID:1.9635 P1:1.9635 P2:1.9635 P3:1.9645 P4:1.9635 STATE:IN_POS
[2026-05-11 16:04:59Z] CHK MOM:0% RANGE:0.05% UP:25% SPREAD:0.05094243% BID:1.963 ASK:1.964 MID:1.9635 P1:1.9635 P2:1.9635 P3:1.9645 P4:1.9635 STATE:IN_POS
[2026-05-11 16:05:00Z] CHK MOM:0% RANGE:0.05% UP:25% SPREAD:0.05094243% BID:1.963 ASK:1.964 MID:1.9635 P1:1.9635 P2:1.9635 P3:1.9645 P4:1.9635 STATE:IN_POS
[2026-05-11 16:05:00Z] CHK MOM:0% RANGE:0.05% UP:25% SPREAD:0.05094243% BID:1.963 ASK:1.964 MID:1.9635 P1:1.9635 P2:1.9635 P3:1.9645 P4:1.9635 STATE:IN_POS
[2026-05-11 16:05:02Z] CHK MOM:0.05% RANGE:0.05% UP:33.33% SPREAD:0.05091649% BID:1.964 ASK:1.965 MID:1.9645 P1:1.9645 P2:1.9635 P3:1.9635 P4:1.9645 STATE:IN_POS
[2026-05-11 16:05:02Z] CHK MOM:0.05% RANGE:0.05% UP:33.33% SPREAD:0.05091649% BID:1.964 ASK:1.965 MID:1.9645 P1:1.9645 P2:1.9635 P3:1.9635 P4:1.9645 STATE:IN_POS
[2026-05-11 16:05:03Z] CHK MOM:0.05% RANGE:0.05% UP:33.33% SPREAD:0.05091649% BID:1.964 ASK:1.965 MID:1.9645 P1:1.9645 P2:1.9635 P3:1.9635 P4:1.9645 STATE:IN_POS
[2026-05-11 16:05:03Z] CHK MOM:0.05% RANGE:0.05% UP:33.33% SPREAD:0.05091649% BID:1.964 ASK:1.965 MID:1.9645 P1:1.9645 P2:1.9635 P3:1.9635 P4:1.9645 STATE:IN_POS
[2026-05-11 16:05:08Z] CHK MOM:0% RANGE:0.05% UP:25% SPREAD:0.05091649% BID:1.964 ASK:1.965 MID:1.9645 P1:1.9645 P2:1.9645 P3:1.9635 P4:1.9635 STATE:IN_POS
[2026-05-11 16:05:10Z] CHK MOM:0.05% RANGE:0.05% UP:33.33% SPREAD:0.05091649% BID:1.964 ASK:1.965 MID:1.9645 P1:1.9645 P2:1.9645 P3:1.9645 P4:1.9635 STATE:IN_POS
[2026-05-11 16:05:10Z] CHK MOM:0.05% RANGE:0.05% UP:33.33% SPREAD:0.05091649% BID:1.964 ASK:1.965 MID:1.9645 P1:1.9645 P2:1.9645 P3:1.9645 P4:1.9635 STATE:IN_POS
[2026-05-11 16:05:11Z] CHK MOM:0.05% RANGE:0.05% UP:33.33% SPREAD:0.05091649% BID:1.964 ASK:1.965 MID:1.9645 P1:1.9645 P2:1.9645 P3:1.9645 P4:1.9635 STATE:IN_POS
[2026-05-11 16:05:11Z] CHK MOM:0.05% RANGE:0.05% UP:33.33% SPREAD:0.05091649% BID:1.964 ASK:1.965 MID:1.9645 P1:1.9645 P2:1.9645 P3:1.9645 P4:1.9635 STATE:IN_POS
[2026-05-11 16:05:12Z] CHK MOM:0.05% RANGE:0.05% UP:33.33% SPREAD:0.05091649% BID:1.964 ASK:1.965 MID:1.9645 P1:1.9645 P2:1.9645 P3:1.9645 P4:1.9635 STATE:IN_POS
[2026-05-11 16:05:12Z] CHK MOM:0.05% RANGE:0.05% UP:33.33% SPREAD:0.05089058% BID:1.965 ASK:1.966 MID:1.9655 P1:1.9655 P2:1.9645 P3:1.9645 P4:1.9645 STATE:IN_POS
[2026-05-11 16:05:13Z] CHK MOM:0.05% RANGE:0.05% UP:33.33% SPREAD:0.05089058% BID:1.965 ASK:1.966 MID:1.9655 P1:1.9655 P2:1.9645 P3:1.9645 P4:1.9645 STATE:IN_POS
[2026-05-11 16:05:14Z] CHK MOM:0.05% RANGE:0.05% UP:33.33% SPREAD:0.05089058% BID:1.965 ASK:1.966 MID:1.9655 P1:1.9655 P2:1.9645 P3:1.9645 P4:1.9645 STATE:IN_POS
[2026-05-11 16:05:14Z] CHK MOM:0.05% RANGE:0.05% UP:33.33% SPREAD:0.05089058% BID:1.965 ASK:1.966 MID:1.9655 P1:1.9655 P2:1.9655 P3:1.9645 P4:1.9645 STATE:IN_POS
[2026-05-11 16:05:15Z] CHK MOM:0% RANGE:0.05% UP:25% SPREAD:0.05091649% BID:1.964 ASK:1.965 MID:1.9645 P1:1.9645 P2:1.9655 P3:1.9655 P4:1.9645 STATE:IN_POS
[2026-05-11 16:05:15Z] CHK MOM:0.02% RANGE:0.05% UP:40% SPREAD:0.10183299% BID:1.964 ASK:1.966 MID:1.96499999 P1:1.96499999 P2:1.9645 P3:1.9655 P4:1.9655 STATE:IN_POS
[2026-05-11 16:05:16Z] CHK MOM:0.02% RANGE:0.05% UP:33.33% SPREAD:0.10183299% BID:1.964 ASK:1.966 MID:1.96499999 P1:1.96499999 P2:1.96499999 P3:1.9645 P4:1.9655 STATE:IN_POS
[2026-05-11 16:05:16Z] CHK MOM:0.02% RANGE:0.05% UP:33.33% SPREAD:0.10183299% BID:1.964 ASK:1.966 MID:1.96499999 P1:1.96499999 P2:1.96499999 P3:1.9645 P4:1.9655 STATE:IN_POS
[2026-05-11 16:05:17Z] CHK MOM:0.02% RANGE:0.05% UP:28.57% SPREAD:0.10183299% BID:1.964 ASK:1.966 MID:1.96499999 P1:1.96499999 P2:1.96499999 P3:1.96499999 P4:1.9645 STATE:IN_POS
[2026-05-11 16:05:17Z] CHK MOM:0.02% RANGE:0.05% UP:28.57% SPREAD:0.10183299% BID:1.964 ASK:1.966 MID:1.96499999 P1:1.96499999 P2:1.96499999 P3:1.96499999 P4:1.9645 STATE:IN_POS
[2026-05-11 16:05:18Z] CHK MOM:0.02% RANGE:0.05% UP:28.57% SPREAD:0.10183299% BID:1.964 ASK:1.966 MID:1.96499999 P1:1.96499999 P2:1.96499999 P3:1.96499999 P4:1.9645 STATE:IN_POS
[2026-05-11 16:05:18Z] CHK MOM:0.02% RANGE:0.05% UP:28.57% SPREAD:0.10183299% BID:1.964 ASK:1.966 MID:1.96499999 P1:1.96499999 P2:1.96499999 P3:1.96499999 P4:1.9645 STATE:IN_POS
[2026-05-11 16:05:19Z] CHK MOM:-0.02% RANGE:0.07% UP:25% SPREAD:0.10188487% BID:1.963 ASK:1.965 MID:1.964 P1:1.964 P2:1.96499999 P3:1.96499999 P4:1.96499999 STATE:IN_POS
[2026-05-11 16:05:20Z] CHK MOM:-0.02% RANGE:0.07% UP:22.22% SPREAD:0.10188487% BID:1.963 ASK:1.965 MID:1.964 P1:1.964 P2:1.964 P3:1.96499999 P4:1.96499999 STATE:IN_POS
[2026-05-11 16:05:20Z] CHK MOM:-0.02% RANGE:0.07% UP:22.22% SPREAD:0.10188487% BID:1.963 ASK:1.965 MID:1.964 P1:1.964 P2:1.964 P3:1.964 P4:1.96499999 STATE:IN_POS
[2026-05-11 16:05:21Z] CHK MOM:-0.02% RANGE:0.07% UP:22.22% SPREAD:0.10188487% BID:1.963 ASK:1.965 MID:1.964 P1:1.964 P2:1.964 P3:1.964 P4:1.96499999 STATE:IN_POS
[2026-05-11 16:05:21Z] CHK MOM:-0.02% RANGE:0.07% UP:20% SPREAD:0.10188487% BID:1.963 ASK:1.965 MID:1.964 P1:1.964 P2:1.964 P3:1.964 P4:1.964 STATE:IN_POS
[2026-05-11 16:05:22Z] CHK MOM:-0.02% RANGE:0.07% UP:20% SPREAD:0.10188487% BID:1.963 ASK:1.965 MID:1.964 P1:1.964 P2:1.964 P3:1.964 P4:1.964 STATE:IN_POS
[2026-05-11 16:05:22Z] CHK MOM:-0.02% RANGE:0.07% UP:20% SPREAD:0.10188487% BID:1.963 ASK:1.965 MID:1.964 P1:1.964 P2:1.964 P3:1.964 P4:1.964 STATE:IN_POS
[2026-05-11 16:05:23Z] CHK MOM:-0.02% RANGE:0.07% UP:20% SPREAD:0.10188487% BID:1.963 ASK:1.965 MID:1.964 P1:1.964 P2:1.964 P3:1.964 P4:1.964 STATE:IN_POS
[2026-05-11 16:05:23Z] CHK MOM:-0.02% RANGE:0.07% UP:20% SPREAD:0.10188487% BID:1.963 ASK:1.965 MID:1.964 P1:1.964 P2:1.964 P3:1.964 P4:1.964 STATE:IN_POS
[2026-05-11 16:05:24Z] CHK MOM:-0.07% RANGE:0.07% UP:10% SPREAD:0.10188487% BID:1.963 ASK:1.965 MID:1.964 P1:1.964 P2:1.964 P3:1.964 P4:1.964 STATE:IN_POS
[2026-05-11 16:05:26Z] CHK MOM:-0.07% RANGE:0.07% UP:10% SPREAD:0.10188487% BID:1.963 ASK:1.965 MID:1.964 P1:1.964 P2:1.964 P3:1.964 P4:1.964 STATE:IN_POS
[2026-05-11 16:05:26Z] CHK MOM:-0.07% RANGE:0.07% UP:10% SPREAD:0.10188487% BID:1.963 ASK:1.965 MID:1.964 P1:1.964 P2:1.964 P3:1.964 P4:1.964 STATE:IN_POS
[2026-05-11 16:05:27Z] CHK MOM:-0.07% RANGE:0.07% UP:0% SPREAD:0.05094243% BID:1.963 ASK:1.964 MID:1.9635 P1:1.9635 P2:1.964 P3:1.964 P4:1.964 STATE:IN_POS
[2026-05-11 16:05:27Z] CHK MOM:-0.07% RANGE:0.07% UP:0% SPREAD:0.05094243% BID:1.963 ASK:1.964 MID:1.9635 P1:1.9635 P2:1.9635 P3:1.964 P4:1.964 STATE:IN_POS
[2026-05-11 16:05:28Z] CHK MOM:-0.07% RANGE:0.07% UP:0% SPREAD:0.05094243% BID:1.963 ASK:1.964 MID:1.9635 P1:1.9635 P2:1.9635 P3:1.964 P4:1.964 STATE:IN_POS
[2026-05-11 16:05:28Z] CHK MOM:-0.07% RANGE:0.07% UP:0% SPREAD:0.05094243% BID:1.963 ASK:1.964 MID:1.9635 P1:1.9635 P2:1.9635 P3:1.964 P4:1.964 STATE:IN_POS
[2026-05-11 16:05:29Z] CHK MOM:-0.07% RANGE:0.07% UP:0% SPREAD:0.05094243% BID:1.963 ASK:1.964 MID:1.9635 P1:1.9635 P2:1.9635 P3:1.964 P4:1.964 STATE:IN_POS
[2026-05-11 16:05:29Z] CHK MOM:0% RANGE:0.02% UP:14.28% SPREAD:0.10188487% BID:1.963 ASK:1.965 MID:1.964 P1:1.964 P2:1.9635 P3:1.9635 P4:1.964 STATE:IN_POS
[2026-05-11 16:05:30Z] CHK MOM:0% RANGE:0.02% UP:12.5% SPREAD:0.10188487% BID:1.963 ASK:1.965 MID:1.964 P1:1.964 P2:1.964 P3:1.9635 P4:1.9635 STATE:IN_POS
[2026-05-11 16:05:31Z] CHK MOM:-0.02% RANGE:0.02% UP:11.11% SPREAD:0.05094243% BID:1.963 ASK:1.964 MID:1.9635 P1:1.9635 P2:1.964 P3:1.964 P4:1.9635 STATE:IN_POS
[2026-05-11 16:05:31Z] CHK MOM:-0.02% RANGE:0.02% UP:11.11% SPREAD:0.05094243% BID:1.963 ASK:1.964 MID:1.9635 P1:1.9635 P2:1.964 P3:1.964 P4:1.9635 STATE:IN_POS
[2026-05-11 16:05:32Z] CHK MOM:0% RANGE:0.02% UP:25% SPREAD:0.10188487% BID:1.963 ASK:1.965 MID:1.964 P1:1.964 P2:1.9635 P3:1.964 P4:1.964 STATE:IN_POS
[2026-05-11 16:05:32Z] CHK MOM:0% RANGE:0.02% UP:25% SPREAD:0.10188487% BID:1.963 ASK:1.965 MID:1.964 P1:1.964 P2:1.964 P3:1.9635 P4:1.964 STATE:IN_POS
[2026-05-11 16:05:33Z] CHK MOM:0% RANGE:0.02% UP:25% SPREAD:0.10188487% BID:1.963 ASK:1.965 MID:1.964 P1:1.964 P2:1.964 P3:1.9635 P4:1.964 STATE:IN_POS
[2026-05-11 16:05:33Z] CHK MOM:0% RANGE:0.02% UP:25% SPREAD:0.10188487% BID:1.963 ASK:1.965 MID:1.964 P1:1.964 P2:1.964 P3:1.9635 P4:1.964 STATE:IN_POS
[2026-05-11 16:05:34Z] CHK MOM:-0.02% RANGE:0.02% UP:25% SPREAD:0.05094243% BID:1.963 ASK:1.964 MID:1.9635 P1:1.9635 P2:1.964 P3:1.964 P4:1.9635 STATE:IN_POS
[2026-05-11 16:05:34Z] CHK MOM:0% RANGE:0.02% UP:33.33% SPREAD:0.10188487% BID:1.963 ASK:1.965 MID:1.964 P1:1.964 P2:1.9635 P3:1.964 P4:1.964 STATE:IN_POS
[2026-05-11 16:05:35Z] CHK MOM:-0.02% RANGE:0.02% UP:30% SPREAD:0.05094243% BID:1.963 ASK:1.964 MID:1.9635 P1:1.9635 P2:1.964 P3:1.9635 P4:1.964 STATE:IN_POS
[2026-05-11 16:05:35Z] CHK MOM:-0.02% RANGE:0.02% UP:30% SPREAD:0.05094243% BID:1.963 ASK:1.964 MID:1.9635 P1:1.9635 P2:1.964 P3:1.9635 P4:1.964 STATE:IN_POS
[2026-05-11 16:05:36Z] CHK MOM:-0.02% RANGE:0.02% UP:30% SPREAD:0.05094243% BID:1.963 ASK:1.964 MID:1.9635 P1:1.9635 P2:1.964 P3:1.9635 P4:1.964 STATE:IN_POS
[2026-05-11 16:05:37Z] CHK MOM:0% RANGE:0.02% UP:30% SPREAD:0.05094243% BID:1.963 ASK:1.964 MID:1.9635 P1:1.9635 P2:1.9635 P3:1.964 P4:1.9635 STATE:IN_POS
[2026-05-11 16:05:37Z] CHK MOM:0% RANGE:0.02% UP:30% SPREAD:0.05094243% BID:1.963 ASK:1.964 MID:1.9635 P1:1.9635 P2:1.9635 P3:1.964 P4:1.9635 STATE:IN_POS
[2026-05-11 16:05:38Z] CHK MOM:-0.05% RANGE:0.07% UP:27.27% SPREAD:0.05096839% BID:1.962 ASK:1.963 MID:1.9625 P1:1.9625 P2:1.9635 P3:1.9635 P4:1.964 STATE:IN_POS
[2026-05-11 16:05:38Z] CHK MOM:0% RANGE:0.07% UP:33.33% SPREAD:0.05094243% BID:1.963 ASK:1.964 MID:1.9635 P1:1.9635 P2:1.9625 P3:1.9635 P4:1.9635 STATE:IN_POS
[2026-05-11 16:05:39Z] CHK MOM:0% RANGE:0.07% UP:33.33% SPREAD:0.05094243% BID:1.963 ASK:1.964 MID:1.9635 P1:1.9635 P2:1.9625 P3:1.9635 P4:1.9635 STATE:IN_POS
[2026-05-11 16:05:40Z] CHK MOM:-0.07% RANGE:0.07% UP:27.27% SPREAD:0.05096839% BID:1.962 ASK:1.963 MID:1.9625 P1:1.9625 P2:1.9635 P3:1.9625 P4:1.9635 STATE:IN_POS
[2026-05-11 16:05:41Z] CHK MOM:-0.07% RANGE:0.07% UP:25% SPREAD:0.05096839% BID:1.962 ASK:1.963 MID:1.9625 P1:1.9625 P2:1.9625 P3:1.9635 P4:1.9625 STATE:IN_POS
[2026-05-11 16:05:42Z] CHK MOM:-0.07% RANGE:0.07% UP:25% SPREAD:0.05096839% BID:1.962 ASK:1.963 MID:1.9625 P1:1.9625 P2:1.9625 P3:1.9635 P4:1.9625 STATE:IN_POS
[2026-05-11 16:05:42Z] CHK MOM:-0.07% RANGE:0.07% UP:25% SPREAD:0.05096839% BID:1.962 ASK:1.963 MID:1.9625 P1:1.9625 P2:1.9625 P3:1.9635 P4:1.9625 STATE:IN_POS
[2026-05-11 16:05:43Z] CHK MOM:-0.05% RANGE:0.07% UP:30% SPREAD:0.10193679% BID:1.962 ASK:1.964 MID:1.963 P1:1.963 P2:1.9625 P3:1.9625 P4:1.9635 STATE:IN_POS
[2026-05-11 16:05:43Z] CHK MOM:-0.05% RANGE:0.07% UP:30% SPREAD:0.10193679% BID:1.962 ASK:1.964 MID:1.963 P1:1.963 P2:1.9625 P3:1.9625 P4:1.9635 STATE:IN_POS
[2026-05-11 16:05:44Z] CHK MOM:-0.05% RANGE:0.07% UP:30% SPREAD:0.10193679% BID:1.962 ASK:1.964 MID:1.963 P1:1.963 P2:1.9625 P3:1.9625 P4:1.9635 STATE:IN_POS
[2026-05-11 16:05:44Z] CHK MOM:-0.05% RANGE:0.07% UP:30% SPREAD:0.10193679% BID:1.962 ASK:1.964 MID:1.963 P1:1.963 P2:1.9625 P3:1.9625 P4:1.9635 STATE:IN_POS
[2026-05-11 16:05:45Z] CHK MOM:-0.02% RANGE:0.07% UP:33.33% SPREAD:0.10193679% BID:1.962 ASK:1.964 MID:1.963 P1:1.963 P2:1.963 P3:1.9625 P4:1.9625 STATE:IN_POS
[2026-05-11 16:05:45Z] CHK MOM:-0.02% RANGE:0.07% UP:30% SPREAD:0.10193679% BID:1.962 ASK:1.964 MID:1.963 P1:1.963 P2:1.963 P3:1.963 P4:1.9625 STATE:IN_POS
[2026-05-11 16:05:46Z] CHK MOM:-0.02% RANGE:0.07% UP:30% SPREAD:0.05094243% BID:1.963 ASK:1.964 MID:1.9635 P1:1.9635 P2:1.963 P3:1.963 P4:1.963 STATE:IN_POS
[2026-05-11 16:05:47Z] CHK MOM:-0.02% RANGE:0.07% UP:30% SPREAD:0.05094243% BID:1.963 ASK:1.964 MID:1.9635 P1:1.9635 P2:1.963 P3:1.963 P4:1.963 STATE:IN_POS
[2026-05-11 16:05:47Z] CHK MOM:0.02% RANGE:0.07% UP:44.44% SPREAD:0.10188487% BID:1.963 ASK:1.965 MID:1.964 P1:1.964 P2:1.9635 P3:1.963 P4:1.963 STATE:IN_POS
[2026-05-11 16:05:48Z] CHK MOM:0.02% RANGE:0.07% UP:44.44% SPREAD:0.10188487% BID:1.963 ASK:1.965 MID:1.964 P1:1.964 P2:1.9635 P3:1.963 P4:1.963 STATE:IN_POS
[2026-05-11 16:05:48Z] CHK MOM:0% RANGE:0.07% UP:40% SPREAD:0.05094243% BID:1.963 ASK:1.964 MID:1.9635 P1:1.9635 P2:1.964 P3:1.9635 P4:1.963 STATE:IN_POS
[2026-05-11 16:05:49Z] CHK MOM:0.05% RANGE:0.07% UP:40% SPREAD:0.05094243% BID:1.963 ASK:1.964 MID:1.9635 P1:1.9635 P2:1.9635 P3:1.964 P4:1.9635 STATE:IN_POS
[2026-05-11 16:05:49Z] CHK MOM:0.05% RANGE:0.07% UP:40% SPREAD:0.05094243% BID:1.963 ASK:1.964 MID:1.9635 P1:1.9635 P2:1.9635 P3:1.964 P4:1.9635 STATE:IN_POS
[2026-05-11 16:05:50Z] CHK MOM:0% RANGE:0.07% UP:30% SPREAD:0.05094243% BID:1.963 ASK:1.964 MID:1.9635 P1:1.9635 P2:1.9635 P3:1.9635 P4:1.964 STATE:IN_POS
[2026-05-11 16:05:50Z] CHK MOM:0% RANGE:0.07% UP:30% SPREAD:0.05094243% BID:1.963 ASK:1.964 MID:1.9635 P1:1.9635 P2:1.9635 P3:1.9635 P4:1.964 STATE:IN_POS
[2026-05-11 16:05:51Z] CHK MOM:0% RANGE:0.07% UP:30% SPREAD:0.05094243% BID:1.963 ASK:1.964 MID:1.9635 P1:1.9635 P2:1.9635 P3:1.9635 P4:1.964 STATE:IN_POS
[2026-05-11 16:05:51Z] CHK MOM:0% RANGE:0.07% UP:30% SPREAD:0.05094243% BID:1.963 ASK:1.964 MID:1.9635 P1:1.9635 P2:1.9635 P3:1.9635 P4:1.964 STATE:IN_POS
[2026-05-11 16:05:52Z] CHK MOM:0% RANGE:0.07% UP:30% SPREAD:0.05094243% BID:1.963 ASK:1.964 MID:1.9635 P1:1.9635 P2:1.9635 P3:1.9635 P4:1.964 STATE:IN_POS
[2026-05-11 16:05:55Z] CHK MOM:0.02% RANGE:0.05% UP:28.57% SPREAD:0.05094243% BID:1.963 ASK:1.964 MID:1.9635 P1:1.9635 P2:1.9635 P3:1.9635 P4:1.9635 STATE:IN_POS
[2026-05-11 16:05:57Z] CHK MOM:0.02% RANGE:0.05% UP:28.57% SPREAD:0.05094243% BID:1.963 ASK:1.964 MID:1.9635 P1:1.9635 P2:1.9635 P3:1.9635 P4:1.9635 STATE:IN_POS
[2026-05-11 16:05:58Z] CHK MOM:0.02% RANGE:0.05% UP:28.57% SPREAD:0.05094243% BID:1.963 ASK:1.964 MID:1.9635 P1:1.9635 P2:1.9635 P3:1.9635 P4:1.9635 STATE:IN_POS
[2026-05-11 16:05:58Z] CHK MOM:-0.07% RANGE:0.07% UP:0% SPREAD:0.05096839% BID:1.962 ASK:1.963 MID:1.9625 P1:1.9625 P2:1.9635 P3:1.9635 P4:1.9635 STATE:IN_POS
[2026-05-11 16:05:59Z] CHK MOM:-0.07% RANGE:0.07% UP:0% SPREAD:0.05096839% BID:1.962 ASK:1.963 MID:1.9625 P1:1.9625 P2:1.9635 P3:1.9635 P4:1.9635 STATE:IN_POS
[2026-05-11 16:05:59Z] CHK MOM:-0.07% RANGE:0.07% UP:0% SPREAD:0.05096839% BID:1.962 ASK:1.963 MID:1.9625 P1:1.9625 P2:1.9635 P3:1.9635 P4:1.9635 STATE:IN_POS
[2026-05-11 16:06:00Z] CHK MOM:-0.05% RANGE:0.05% UP:0% SPREAD:0.05096839% BID:1.962 ASK:1.963 MID:1.9625 P1:1.9625 P2:1.9625 P3:1.9635 P4:1.9635 STATE:IN_POS
[2026-05-11 16:06:00Z] CHK MOM:-0.05% RANGE:0.05% UP:0% SPREAD:0.05096839% BID:1.962 ASK:1.963 MID:1.9625 P1:1.9625 P2:1.9625 P3:1.9635 P4:1.9635 STATE:IN_POS
[2026-05-11 16:06:01Z] CHK MOM:-0.05% RANGE:0.05% UP:0% SPREAD:0.05096839% BID:1.962 ASK:1.963 MID:1.9625 P1:1.9625 P2:1.9625 P3:1.9635 P4:1.9635 STATE:IN_POS
[2026-05-11 16:06:01Z] CHK MOM:-0.05% RANGE:0.05% UP:0% SPREAD:0.05096839% BID:1.962 ASK:1.963 MID:1.9625 P1:1.9625 P2:1.9625 P3:1.9635 P4:1.9635 STATE:IN_POS
[2026-05-11 16:06:02Z] CHK MOM:-0.05% RANGE:0.05% UP:0% SPREAD:0.05096839% BID:1.962 ASK:1.963 MID:1.9625 P1:1.9625 P2:1.9625 P3:1.9635 P4:1.9635 STATE:IN_POS
[2026-05-11 16:06:02Z] CHK MOM:-0.05% RANGE:0.05% UP:0% SPREAD:0.05096839% BID:1.962 ASK:1.963 MID:1.9625 P1:1.9625 P2:1.9625 P3:1.9635 P4:1.9635 STATE:IN_POS
[2026-05-11 16:06:04Z] CHK MOM:-0.05% RANGE:0.05% UP:0% SPREAD:0.05096839% BID:1.962 ASK:1.963 MID:1.9625 P1:1.9625 P2:1.9625 P3:1.9625 P4:1.9635 STATE:IN_POS
[2026-05-11 16:06:04Z] CHK MOM:-0.05% RANGE:0.05% UP:0% SPREAD:0.05096839% BID:1.962 ASK:1.963 MID:1.9625 P1:1.9625 P2:1.9625 P3:1.9625 P4:1.9635 STATE:IN_POS
[2026-05-11 16:06:05Z] CHK MOM:-0.05% RANGE:0.05% UP:0% SPREAD:0.05096839% BID:1.962 ASK:1.963 MID:1.9625 P1:1.9625 P2:1.9625 P3:1.9625 P4:1.9635 STATE:IN_POS
[2026-05-11 16:06:05Z] CHK MOM:-0.05% RANGE:0.05% UP:0% SPREAD:0.05096839% BID:1.962 ASK:1.963 MID:1.9625 P1:1.9625 P2:1.9625 P3:1.9625 P4:1.9625 STATE:IN_POS
[2026-05-11 16:06:06Z] CHK MOM:-0.05% RANGE:0.05% UP:0% SPREAD:0.05096839% BID:1.962 ASK:1.963 MID:1.9625 P1:1.9625 P2:1.9625 P3:1.9625 P4:1.9625 STATE:IN_POS
[2026-05-11 16:06:06Z] CHK MOM:-0.05% RANGE:0.05% UP:0% SPREAD:0.05096839% BID:1.962 ASK:1.963 MID:1.9625 P1:1.9625 P2:1.9625 P3:1.9625 P4:1.9625 STATE:IN_POS
[2026-05-11 16:06:07Z] CHK MOM:-0.05% RANGE:0.05% UP:0% SPREAD:0.05096839% BID:1.962 ASK:1.963 MID:1.9625 P1:1.9625 P2:1.9625 P3:1.9625 P4:1.9625 STATE:IN_POS
[2026-05-11 16:06:07Z] CHK MOM:-0.05% RANGE:0.05% UP:0% SPREAD:0.05096839% BID:1.962 ASK:1.963 MID:1.9625 P1:1.9625 P2:1.9625 P3:1.9625 P4:1.9625 STATE:IN_POS
[2026-05-11 16:06:08Z] CHK MOM:-0.05% RANGE:0.05% UP:0% SPREAD:0.05096839% BID:1.962 ASK:1.963 MID:1.9625 P1:1.9625 P2:1.9625 P3:1.9625 P4:1.9625 STATE:IN_POS
[2026-05-11 16:06:08Z] CHK MOM:0% RANGE:0% UP:0% SPREAD:0.05096839% BID:1.962 ASK:1.963 MID:1.9625 P1:1.9625 P2:1.9625 P3:1.9625 P4:1.9625 STATE:IN_POS
[2026-05-11 16:06:09Z] CHK MOM:0% RANGE:0% UP:0% SPREAD:0.05096839% BID:1.962 ASK:1.963 MID:1.9625 P1:1.9625 P2:1.9625 P3:1.9625 P4:1.9625 STATE:IN_POS
[2026-05-11 16:06:10Z] CHK MOM:0% RANGE:0% UP:0% SPREAD:0.05096839% BID:1.962 ASK:1.963 MID:1.9625 P1:1.9625 P2:1.9625 P3:1.9625 P4:1.9625 STATE:IN_POS
[2026-05-11 16:06:10Z] CHK MOM:0% RANGE:0% UP:0% SPREAD:0.05096839% BID:1.962 ASK:1.963 MID:1.9625 P1:1.9625 P2:1.9625 P3:1.9625 P4:1.9625 STATE:IN_POS
[2026-05-11 16:06:11Z] CHK MOM:0% RANGE:0% UP:0% SPREAD:0.05096839% BID:1.962 ASK:1.963 MID:1.9625 P1:1.9625 P2:1.9625 P3:1.9625 P4:1.9625 STATE:IN_POS
[2026-05-11 16:06:12Z] CHK MOM:0% RANGE:0% UP:0% SPREAD:0.05096839% BID:1.962 ASK:1.963 MID:1.9625 P1:1.9625 P2:1.9625 P3:1.9625 P4:1.9625 STATE:IN_POS
[2026-05-11 16:06:13Z] CHK MOM:0% RANGE:0% UP:0% SPREAD:0.05096839% BID:1.962 ASK:1.963 MID:1.9625 P1:1.9625 P2:1.9625 P3:1.9625 P4:1.9625 STATE:IN_POS
[2026-05-11 16:06:13Z] CHK MOM:0.02% RANGE:0.02% UP:20% SPREAD:0.10193679% BID:1.962 ASK:1.964 MID:1.963 P1:1.963 P2:1.9625 P3:1.9625 P4:1.9625 STATE:IN_POS
[2026-05-11 16:06:14Z] CHK MOM:0.02% RANGE:0.02% UP:16.66% SPREAD:0.10193679% BID:1.962 ASK:1.964 MID:1.963 P1:1.963 P2:1.963 P3:1.9625 P4:1.9625 STATE:IN_POS
[2026-05-11 16:06:15Z] CHK MOM:0.02% RANGE:0.02% UP:14.28% SPREAD:0.10193679% BID:1.962 ASK:1.964 MID:1.963 P1:1.963 P2:1.963 P3:1.963 P4:1.9625 STATE:IN_POS
[2026-05-11 16:06:15Z] CHK MOM:0.02% RANGE:0.02% UP:14.28% SPREAD:0.10193679% BID:1.962 ASK:1.964 MID:1.963 P1:1.963 P2:1.963 P3:1.963 P4:1.9625 STATE:IN_POS
[2026-05-11 16:06:16Z] CHK MOM:0.02% RANGE:0.02% UP:14.28% SPREAD:0.10193679% BID:1.962 ASK:1.964 MID:1.963 P1:1.963 P2:1.963 P3:1.963 P4:1.9625 STATE:IN_POS
[2026-05-11 16:06:16Z] CHK MOM:0.02% RANGE:0.02% UP:14.28% SPREAD:0.10193679% BID:1.962 ASK:1.964 MID:1.963 P1:1.963 P2:1.963 P3:1.963 P4:1.9625 STATE:IN_POS
[2026-05-11 16:06:17Z] CHK MOM:0.02% RANGE:0.02% UP:14.28% SPREAD:0.10193679% BID:1.962 ASK:1.964 MID:1.963 P1:1.963 P2:1.963 P3:1.963 P4:1.9625 STATE:IN_POS
[2026-05-11 16:06:18Z] CHK MOM:0.05% RANGE:0.05% UP:33.33% SPREAD:0.05094243% BID:1.963 ASK:1.964 MID:1.9635 P1:1.9635 P2:1.963 P3:1.963 P4:1.963 STATE:IN_POS
[2026-05-11 16:06:19Z] CHK MOM:0.05% RANGE:0.05% UP:33.33% SPREAD:0.05094243% BID:1.963 ASK:1.964 MID:1.9635 P1:1.9635 P2:1.963 P3:1.963 P4:1.963 STATE:IN_POS
[2026-05-11 16:06:19Z] CHK MOM:0.05% RANGE:0.05% UP:33.33% SPREAD:0.05094243% BID:1.963 ASK:1.964 MID:1.9635 P1:1.9635 P2:1.963 P3:1.963 P4:1.963 STATE:IN_POS
[2026-05-11 16:06:20Z] CHK MOM:0.1% RANGE:0.1% UP:42.85% SPREAD:0.05091649% BID:1.964 ASK:1.965 MID:1.9645 P1:1.9645 P2:1.9635 P3:1.963 P4:1.963 STATE:IN_POS
[2026-05-11 16:06:21Z] CHK MOM:0.15% RANGE:0.15% UP:57.14% SPREAD:0.05089058% BID:1.965 ASK:1.966 MID:1.9655 P1:1.9655 P2:1.9645 P3:1.9635 P4:1.963 STATE:IN_POS
[2026-05-11 16:06:21Z] CHK MOM:0.15% RANGE:0.15% UP:57.14% SPREAD:0.05089058% BID:1.965 ASK:1.966 MID:1.9655 P1:1.9655 P2:1.9645 P3:1.9635 P4:1.963 STATE:IN_POS
[2026-05-11 16:06:22Z] CHK MOM:0.15% RANGE:0.15% UP:57.14% SPREAD:0.05089058% BID:1.965 ASK:1.966 MID:1.9655 P1:1.9655 P2:1.9645 P3:1.9635 P4:1.963 STATE:IN_POS
[2026-05-11 16:06:22Z] CHK MOM:0.1% RANGE:0.15% UP:50% SPREAD:0.05091649% BID:1.964 ASK:1.965 MID:1.9645 P1:1.9645 P2:1.9655 P3:1.9645 P4:1.9635 STATE:IN_POS
[2026-05-11 16:06:23Z] CHK MOM:0.1% RANGE:0.15% UP:50% SPREAD:0.05091649% BID:1.964 ASK:1.965 MID:1.9645 P1:1.9645 P2:1.9655 P3:1.9645 P4:1.9635 STATE:IN_POS
[2026-05-11 16:06:23Z] CHK MOM:0.12% RANGE:0.15% UP:62.5% SPREAD:0.10183299% BID:1.964 ASK:1.966 MID:1.96499999 P1:1.96499999 P2:1.9645 P3:1.9655 P4:1.9645 STATE:IN_POS
[2026-05-11 16:06:24Z] CHK MOM:0.15% RANGE:0.15% UP:66.66% SPREAD:0.05089058% BID:1.965 ASK:1.966 MID:1.9655 P1:1.9655 P2:1.96499999 P3:1.9645 P4:1.9655 STATE:IN_POS
[2026-05-11 16:06:24Z] CHK MOM:0.15% RANGE:0.15% UP:66.66% SPREAD:0.05089058% BID:1.965 ASK:1.966 MID:1.9655 P1:1.9655 P2:1.96499999 P3:1.9645 P4:1.9655 STATE:IN_POS
[2026-05-11 16:06:25Z] CHK MOM:0.12% RANGE:0.12% UP:55.55% SPREAD:0.05089058% BID:1.965 ASK:1.966 MID:1.9655 P1:1.9655 P2:1.9655 P3:1.96499999 P4:1.9645 STATE:IN_POS
[2026-05-11 16:06:26Z] CHK MOM:0.12% RANGE:0.12% UP:50% SPREAD:0.05089058% BID:1.965 ASK:1.966 MID:1.9655 P1:1.9655 P2:1.9655 P3:1.9655 P4:1.96499999 STATE:IN_POS
[2026-05-11 16:06:26Z] CHK MOM:0.12% RANGE:0.12% UP:50% SPREAD:0.05089058% BID:1.965 ASK:1.966 MID:1.9655 P1:1.9655 P2:1.9655 P3:1.9655 P4:1.9655 STATE:IN_POS
[2026-05-11 16:06:28Z] CHK MOM:0.12% RANGE:0.12% UP:50% SPREAD:0.05089058% BID:1.965 ASK:1.966 MID:1.9655 P1:1.9655 P2:1.9655 P3:1.9655 P4:1.9655 STATE:IN_POS
[2026-05-11 16:06:28Z] CHK MOM:0.12% RANGE:0.12% UP:50% SPREAD:0.05089058% BID:1.965 ASK:1.966 MID:1.9655 P1:1.9655 P2:1.9655 P3:1.9655 P4:1.9655 STATE:IN_POS
[2026-05-11 16:06:29Z] CHK MOM:0.1% RANGE:0.1% UP:44.44% SPREAD:0.05089058% BID:1.965 ASK:1.966 MID:1.9655 P1:1.9655 P2:1.9655 P3:1.9655 P4:1.9655 STATE:IN_POS
[2026-05-11 16:06:30Z] CHK MOM:0.15% RANGE:0.15% UP:50% SPREAD:0.05086469% BID:1.966 ASK:1.967 MID:1.9665 P1:1.9665 P2:1.9655 P3:1.9655 P4:1.9655 STATE:IN_POS
[2026-05-11 16:06:30Z] CHK MOM:0.33% RANGE:0.33% UP:54.54% SPREAD:0.1015744% BID:1.969 ASK:1.971 MID:1.97 P1:1.97 P2:1.9665 P3:1.9655 P4:1.9655 STATE:IN_POS
[2026-05-11 16:06:31Z] SELL symbol=PENDLEUSDC qty=5.0 exit=1.97 pnl=0.005325000000000357 reason=TIME profile=major
[2026-05-11 18:28:17Z] SESSION_START symbol=PENDLEUSDC dry_run=0 profile=major strategy=momentum base_url=https://api.binance.com
[2026-05-11 18:28:17Z] TOXIC_MEMORY_LOADED count=4 symbols=GUNUSDC,JTOUSDC,ORDIUSDC,SAHARAUSDC
[2026-05-11 18:28:19Z] CHK MOM:0% RANGE:0% UP:0% SPREAD:0.05030181% BID:1.988 ASK:1.989 MID:1.9885 P1:1.9885 P2:NA P3:NA P4:NA STATE:IDLE
[2026-05-11 18:28:20Z] CHK MOM:0% RANGE:0% UP:0% SPREAD:0.05030181% BID:1.988 ASK:1.989 MID:1.9885 P1:1.9885 P2:1.9885 P3:NA P4:NA STATE:IDLE
[2026-05-11 18:28:20Z] CHK MOM:-0.02% RANGE:0.02% UP:0% SPREAD:0.10065425% BID:1.987 ASK:1.989 MID:1.988 P1:1.988 P2:1.9885 P3:1.9885 P4:NA STATE:IDLE
[2026-05-11 18:28:21Z] CHK MOM:-0.02% RANGE:0.02% UP:0% SPREAD:0.10065425% BID:1.987 ASK:1.989 MID:1.988 P1:1.988 P2:1.9885 P3:1.9885 P4:NA STATE:IDLE
[2026-05-11 18:28:21Z] CHK MOM:-0.07% RANGE:0.07% UP:0% SPREAD:0.10070493% BID:1.986 ASK:1.988 MID:1.987 P1:1.987 P2:1.988 P3:1.9885 P4:1.9885 STATE:IDLE
[2026-05-11 18:28:22Z] CHK MOM:-0.2% RANGE:0.2% UP:0% SPREAD:0.05040322% BID:1.984 ASK:1.985 MID:1.9845 P1:1.9845 P2:1.987 P3:1.988 P4:1.9885 STATE:IDLE
[2026-05-11 18:28:22Z] CHK MOM:-0.22% RANGE:0.22% UP:0% SPREAD:0.10085728% BID:1.983 ASK:1.985 MID:1.984 P1:1.984 P2:1.9845 P3:1.987 P4:1.988 STATE:IDLE
[2026-05-11 18:28:23Z] CHK MOM:-0.22% RANGE:0.22% UP:0% SPREAD:0.10085728% BID:1.983 ASK:1.985 MID:1.984 P1:1.984 P2:1.984 P3:1.9845 P4:1.987 STATE:IDLE
[2026-05-11 18:28:23Z] CHK MOM:-0.25% RANGE:0.25% UP:0% SPREAD:0.05042864% BID:1.983 ASK:1.984 MID:1.9835 P1:1.9835 P2:1.984 P3:1.984 P4:1.9845 STATE:IDLE
[2026-05-11 18:28:24Z] CHK MOM:-0.25% RANGE:0.25% UP:0% SPREAD:0.05042864% BID:1.983 ASK:1.984 MID:1.9835 P1:1.9835 P2:1.9835 P3:1.984 P4:1.984 STATE:IDLE
[2026-05-11 18:28:25Z] CHK MOM:-0.25% RANGE:0.25% UP:0% SPREAD:0.05042864% BID:1.983 ASK:1.984 MID:1.9835 P1:1.9835 P2:1.9835 P3:1.984 P4:1.984 STATE:IDLE
[2026-05-11 18:28:25Z] CHK MOM:-0.25% RANGE:0.25% UP:0% SPREAD:0.05042864% BID:1.983 ASK:1.984 MID:1.9835 P1:1.9835 P2:1.9835 P3:1.984 P4:1.984 STATE:IDLE
[2026-05-11 18:28:26Z] CHK MOM:-0.25% RANGE:0.25% UP:0% SPREAD:0.05042864% BID:1.983 ASK:1.984 MID:1.9835 P1:1.9835 P2:1.9835 P3:1.984 P4:1.984 STATE:IDLE
[2026-05-11 18:28:26Z] CHK MOM:-0.25% RANGE:0.25% UP:0% SPREAD:0.05042864% BID:1.983 ASK:1.984 MID:1.9835 P1:1.9835 P2:1.9835 P3:1.984 P4:1.984 STATE:IDLE
[2026-05-11 18:28:27Z] CHK MOM:-0.25% RANGE:0.25% UP:0% SPREAD:0.05042864% BID:1.983 ASK:1.984 MID:1.9835 P1:1.9835 P2:1.9835 P3:1.9835 P4:1.984 STATE:IDLE
[2026-05-11 18:28:27Z] CHK MOM:-0.25% RANGE:0.25% UP:0% SPREAD:0.05042864% BID:1.983 ASK:1.984 MID:1.9835 P1:1.9835 P2:1.9835 P3:1.9835 P4:1.9835 STATE:IDLE
[2026-05-11 18:28:28Z] CHK MOM:-0.2% RANGE:0.25% UP:9.09% SPREAD:0.05040322% BID:1.984 ASK:1.985 MID:1.9845 P1:1.9845 P2:1.9835 P3:1.9835 P4:1.9835 STATE:IDLE
[2026-05-11 18:28:28Z] CHK MOM:-0.2% RANGE:0.25% UP:8.33% SPREAD:0.05040322% BID:1.984 ASK:1.985 MID:1.9845 P1:1.9845 P2:1.9845 P3:1.9835 P4:1.9835 STATE:IDLE
[2026-05-11 18:28:29Z] CHK MOM:-0.2% RANGE:0.25% UP:8.33% SPREAD:0.05040322% BID:1.984 ASK:1.985 MID:1.9845 P1:1.9845 P2:1.9845 P3:1.9835 P4:1.9835 STATE:IDLE
[2026-05-11 18:28:29Z] CHK MOM:-0.2% RANGE:0.25% UP:7.69% SPREAD:0.05040322% BID:1.984 ASK:1.985 MID:1.9845 P1:1.9845 P2:1.9845 P3:1.9845 P4:1.9835 STATE:IDLE
[2026-05-11 18:28:31Z] CHK MOM:-0.2% RANGE:0.25% UP:7.69% SPREAD:0.05040322% BID:1.984 ASK:1.985 MID:1.9845 P1:1.9845 P2:1.9845 P3:1.9845 P4:1.9835 STATE:IDLE
[2026-05-11 18:28:31Z] CHK MOM:-0.2% RANGE:0.25% UP:7.69% SPREAD:0.05040322% BID:1.984 ASK:1.985 MID:1.9845 P1:1.9845 P2:1.9845 P3:1.9845 P4:1.9835 STATE:IDLE
[2026-05-11 18:28:32Z] CHK MOM:-0.2% RANGE:0.25% UP:7.69% SPREAD:0.05040322% BID:1.984 ASK:1.985 MID:1.9845 P1:1.9845 P2:1.9845 P3:1.9845 P4:1.9835 STATE:IDLE
[2026-05-11 18:28:33Z] CHK MOM:-0.12% RANGE:0.17% UP:9.09% SPREAD:0.05040322% BID:1.984 ASK:1.985 MID:1.9845 P1:1.9845 P2:1.9845 P3:1.9845 P4:1.9845 STATE:IDLE
[2026-05-11 18:28:33Z] CHK MOM:-0.07% RANGE:0.17% UP:16.66% SPREAD:0.05037783% BID:1.985 ASK:1.986 MID:1.9855 P1:1.9855 P2:1.9845 P3:1.9845 P4:1.9845 STATE:IDLE
[2026-05-11 18:28:34Z] CHK MOM:-0.07% RANGE:0.17% UP:16.66% SPREAD:0.05037783% BID:1.985 ASK:1.986 MID:1.9855 P1:1.9855 P2:1.9845 P3:1.9845 P4:1.9845 STATE:IDLE
[2026-05-11 18:28:34Z] CHK MOM:-0.07% RANGE:0.17% UP:16.66% SPREAD:0.05037783% BID:1.985 ASK:1.986 MID:1.9855 P1:1.9855 P2:1.9845 P3:1.9845 P4:1.9845 STATE:IDLE
[2026-05-11 18:28:35Z] CHK MOM:-0.07% RANGE:0.17% UP:16.66% SPREAD:0.05037783% BID:1.985 ASK:1.986 MID:1.9855 P1:1.9855 P2:1.9845 P3:1.9845 P4:1.9845 STATE:IDLE
[2026-05-11 18:28:36Z] CHK MOM:-0.07% RANGE:0.17% UP:16.66% SPREAD:0.05037783% BID:1.985 ASK:1.986 MID:1.9855 P1:1.9855 P2:1.9845 P3:1.9845 P4:1.9845 STATE:IDLE
[2026-05-11 18:28:44Z] CHK MOM:0.05% RANGE:0.05% UP:50% SPREAD:0.05037783% BID:1.985 ASK:1.986 MID:1.9855 P1:1.9855 P2:1.9855 P3:1.9845 P4:1.9845 STATE:IDLE
[2026-05-11 18:28:45Z] CHK MOM:0.05% RANGE:0.05% UP:33.33% SPREAD:0.05037783% BID:1.985 ASK:1.986 MID:1.9855 P1:1.9855 P2:1.9855 P3:1.9855 P4:1.9845 STATE:IDLE
[2026-05-11 18:28:45Z] CHK MOM:0.05% RANGE:0.05% UP:33.33% SPREAD:0.05035246% BID:1.986 ASK:1.987 MID:1.9865 P1:1.9865 P2:1.9855 P3:1.9855 P4:1.9855 STATE:IDLE
[2026-05-11 18:28:46Z] CHK MOM:0.05% RANGE:0.05% UP:33.33% SPREAD:0.05035246% BID:1.986 ASK:1.987 MID:1.9865 P1:1.9865 P2:1.9855 P3:1.9855 P4:1.9855 STATE:IDLE
[2026-05-11 18:28:46Z] CHK MOM:0.05% RANGE:0.05% UP:33.33% SPREAD:0.05035246% BID:1.986 ASK:1.987 MID:1.9865 P1:1.9865 P2:1.9865 P3:1.9855 P4:1.9855 STATE:IDLE
[2026-05-11 18:28:47Z] CHK MOM:0.05% RANGE:0.05% UP:33.33% SPREAD:0.05035246% BID:1.986 ASK:1.987 MID:1.9865 P1:1.9865 P2:1.9865 P3:1.9855 P4:1.9855 STATE:IDLE
[2026-05-11 18:28:47Z] CHK MOM:0.05% RANGE:0.05% UP:33.33% SPREAD:0.05035246% BID:1.986 ASK:1.987 MID:1.9865 P1:1.9865 P2:1.9865 P3:1.9855 P4:1.9855 STATE:IDLE
[2026-05-11 18:28:48Z] CHK MOM:0.05% RANGE:0.05% UP:33.33% SPREAD:0.05035246% BID:1.986 ASK:1.987 MID:1.9865 P1:1.9865 P2:1.9865 P3:1.9855 P4:1.9855 STATE:IDLE
[2026-05-11 18:28:48Z] CHK MOM:0.05% RANGE:0.05% UP:25% SPREAD:0.05035246% BID:1.986 ASK:1.987 MID:1.9865 P1:1.9865 P2:1.9865 P3:1.9865 P4:1.9855 STATE:IDLE
[2026-05-11 18:28:49Z] CHK MOM:0.05% RANGE:0.05% UP:25% SPREAD:0.05035246% BID:1.986 ASK:1.987 MID:1.9865 P1:1.9865 P2:1.9865 P3:1.9865 P4:1.9855 STATE:IDLE
[2026-05-11 18:28:50Z] CHK MOM:0.05% RANGE:0.05% UP:25% SPREAD:0.05035246% BID:1.986 ASK:1.987 MID:1.9865 P1:1.9865 P2:1.9865 P3:1.9865 P4:1.9855 STATE:IDLE
[2026-05-11 18:28:50Z] CHK MOM:0.05% RANGE:0.05% UP:25% SPREAD:0.05035246% BID:1.986 ASK:1.987 MID:1.9865 P1:1.9865 P2:1.9865 P3:1.9865 P4:1.9855 STATE:IDLE
[2026-05-11 18:28:51Z] CHK MOM:0.05% RANGE:0.05% UP:25% SPREAD:0.05035246% BID:1.986 ASK:1.987 MID:1.9865 P1:1.9865 P2:1.9865 P3:1.9865 P4:1.9855 STATE:IDLE
[2026-05-11 18:28:52Z] CHK MOM:0.05% RANGE:0.05% UP:20% SPREAD:0.05035246% BID:1.986 ASK:1.987 MID:1.9865 P1:1.9865 P2:1.9865 P3:1.9865 P4:1.9865 STATE:IDLE
[2026-05-11 18:28:52Z] CHK MOM:0.05% RANGE:0.05% UP:16.66% SPREAD:0.05035246% BID:1.986 ASK:1.987 MID:1.9865 P1:1.9865 P2:1.9865 P3:1.9865 P4:1.9865 STATE:IDLE
[2026-05-11 18:28:53Z] CHK MOM:0.05% RANGE:0.05% UP:16.66% SPREAD:0.05035246% BID:1.986 ASK:1.987 MID:1.9865 P1:1.9865 P2:1.9865 P3:1.9865 P4:1.9865 STATE:IDLE
[2026-05-11 18:28:53Z] CHK MOM:0.05% RANGE:0.05% UP:16.66% SPREAD:0.05035246% BID:1.986 ASK:1.987 MID:1.9865 P1:1.9865 P2:1.9865 P3:1.9865 P4:1.9865 STATE:IDLE
[2026-05-11 18:28:54Z] CHK MOM:0.05% RANGE:0.05% UP:14.28% SPREAD:0.05035246% BID:1.986 ASK:1.987 MID:1.9865 P1:1.9865 P2:1.9865 P3:1.9865 P4:1.9865 STATE:IDLE
[2026-05-11 18:28:54Z] CHK MOM:0.05% RANGE:0.05% UP:12.5% SPREAD:0.05035246% BID:1.986 ASK:1.987 MID:1.9865 P1:1.9865 P2:1.9865 P3:1.9865 P4:1.9865 STATE:IDLE
[2026-05-11 18:28:56Z] CHK MOM:0.05% RANGE:0.05% UP:12.5% SPREAD:0.05035246% BID:1.986 ASK:1.987 MID:1.9865 P1:1.9865 P2:1.9865 P3:1.9865 P4:1.9865 STATE:IDLE
[2026-05-11 18:28:56Z] CHK MOM:0.02% RANGE:0.05% UP:12.5% SPREAD:0.10075566% BID:1.985 ASK:1.987 MID:1.986 P1:1.986 P2:1.9865 P3:1.9865 P4:1.9865 STATE:IDLE
[2026-05-11 18:28:57Z] CHK MOM:0.02% RANGE:0.05% UP:12.5% SPREAD:0.10075566% BID:1.985 ASK:1.987 MID:1.986 P1:1.986 P2:1.9865 P3:1.9865 P4:1.9865 STATE:IDLE
[2026-05-11 18:28:57Z] CHK MOM:-0.02% RANGE:0.02% UP:0% SPREAD:0.10075566% BID:1.985 ASK:1.987 MID:1.986 P1:1.986 P2:1.986 P3:1.9865 P4:1.9865 STATE:IDLE
[2026-05-11 18:28:58Z] CHK MOM:0% RANGE:0.02% UP:12.5% SPREAD:0.05035246% BID:1.986 ASK:1.987 MID:1.9865 P1:1.9865 P2:1.986 P3:1.986 P4:1.9865 STATE:IDLE
[2026-05-11 18:28:58Z] CHK MOM:0% RANGE:0.02% UP:12.5% SPREAD:0.05035246% BID:1.986 ASK:1.987 MID:1.9865 P1:1.9865 P2:1.986 P3:1.986 P4:1.9865 STATE:IDLE
[2026-05-11 18:28:59Z] CHK MOM:0% RANGE:0.02% UP:12.5% SPREAD:0.05035246% BID:1.986 ASK:1.987 MID:1.9865 P1:1.9865 P2:1.986 P3:1.986 P4:1.9865 STATE:IDLE
[2026-05-11 18:28:59Z] CHK MOM:0% RANGE:0.02% UP:12.5% SPREAD:0.05035246% BID:1.986 ASK:1.987 MID:1.9865 P1:1.9865 P2:1.986 P3:1.986 P4:1.9865 STATE:IDLE
[2026-05-11 18:29:00Z] CHK MOM:0% RANGE:0.02% UP:12.5% SPREAD:0.05035246% BID:1.986 ASK:1.987 MID:1.9865 P1:1.9865 P2:1.9865 P3:1.986 P4:1.986 STATE:IDLE
[2026-05-11 18:29:01Z] CHK MOM:0% RANGE:0.02% UP:12.5% SPREAD:0.05035246% BID:1.986 ASK:1.987 MID:1.9865 P1:1.9865 P2:1.9865 P3:1.986 P4:1.986 STATE:IDLE
[2026-05-11 18:29:01Z] CHK MOM:0% RANGE:0.02% UP:12.5% SPREAD:0.05035246% BID:1.986 ASK:1.987 MID:1.9865 P1:1.9865 P2:1.9865 P3:1.986 P4:1.986 STATE:IDLE
[2026-05-11 18:29:02Z] CHK MOM:0% RANGE:0.02% UP:12.5% SPREAD:0.05035246% BID:1.986 ASK:1.987 MID:1.9865 P1:1.9865 P2:1.9865 P3:1.9865 P4:1.986 STATE:IDLE
[2026-05-11 18:29:02Z] CHK MOM:-0.02% RANGE:0.02% UP:11.11% SPREAD:0.10075566% BID:1.985 ASK:1.987 MID:1.986 P1:1.986 P2:1.9865 P3:1.9865 P4:1.9865 STATE:IDLE
[2026-05-11 18:29:03Z] CHK MOM:-0.02% RANGE:0.02% UP:11.11% SPREAD:0.10075566% BID:1.985 ASK:1.987 MID:1.986 P1:1.986 P2:1.9865 P3:1.9865 P4:1.9865 STATE:IDLE
[2026-05-11 18:29:03Z] CHK MOM:0.02% RANGE:0.05% UP:20% SPREAD:0.10070493% BID:1.986 ASK:1.988 MID:1.987 P1:1.987 P2:1.986 P3:1.9865 P4:1.9865 STATE:IDLE
[2026-05-11 18:29:04Z] CHK MOM:0.05% RANGE:0.07% UP:27.27% SPREAD:0.05032712% BID:1.987 ASK:1.988 MID:1.9875 P1:1.9875 P2:1.987 P3:1.986 P4:1.9865 STATE:IDLE
[2026-05-11 18:29:04Z] CHK MOM:0.02% RANGE:0.07% UP:30% SPREAD:0.10070493% BID:1.986 ASK:1.988 MID:1.987 P1:1.987 P2:1.9875 P3:1.987 P4:1.986 STATE:IDLE
[2026-05-11 18:29:05Z] CHK MOM:0.05% RANGE:0.07% UP:36.36% SPREAD:0.05032712% BID:1.987 ASK:1.988 MID:1.9875 P1:1.9875 P2:1.987 P3:1.9875 P4:1.987 STATE:IDLE
[2026-05-11 18:29:06Z] CHK MOM:0.05% RANGE:0.07% UP:33.33% SPREAD:0.05032712% BID:1.987 ASK:1.988 MID:1.9875 P1:1.9875 P2:1.9875 P3:1.987 P4:1.9875 STATE:IDLE
[2026-05-11 18:29:06Z] CHK MOM:0.05% RANGE:0.07% UP:33.33% SPREAD:0.05032712% BID:1.987 ASK:1.988 MID:1.9875 P1:1.9875 P2:1.9875 P3:1.987 P4:1.9875 STATE:IDLE
[2026-05-11 18:29:07Z] CHK MOM:0.05% RANGE:0.07% UP:33.33% SPREAD:0.05032712% BID:1.987 ASK:1.988 MID:1.9875 P1:1.9875 P2:1.9875 P3:1.987 P4:1.9875 STATE:IDLE
[2026-05-11 18:29:07Z] CHK MOM:0.05% RANGE:0.07% UP:33.33% SPREAD:0.05032712% BID:1.987 ASK:1.988 MID:1.9875 P1:1.9875 P2:1.9875 P3:1.987 P4:1.9875 STATE:IDLE
[2026-05-11 18:29:08Z] CHK MOM:0.05% RANGE:0.07% UP:33.33% SPREAD:0.05032712% BID:1.987 ASK:1.988 MID:1.9875 P1:1.9875 P2:1.9875 P3:1.987 P4:1.9875 STATE:IDLE
[2026-05-11 18:29:09Z] CHK MOM:0.05% RANGE:0.07% UP:40% SPREAD:0.10070493% BID:1.986 ASK:1.988 MID:1.987 P1:1.987 P2:1.9875 P3:1.9875 P4:1.987 STATE:IDLE
[2026-05-11 18:29:09Z] CHK MOM:0.1% RANGE:0.12% UP:40% SPREAD:0.05030181% BID:1.988 ASK:1.989 MID:1.9885 P1:1.9885 P2:1.987 P3:1.9875 P4:1.9875 STATE:IDLE
[2026-05-11 18:29:10Z] CHK MOM:0.05% RANGE:0.12% UP:40% SPREAD:0.05032712% BID:1.987 ASK:1.988 MID:1.9875 P1:1.9875 P2:1.9885 P3:1.987 P4:1.9875 STATE:IDLE
[2026-05-11 18:29:10Z] CHK MOM:0.05% RANGE:0.12% UP:40% SPREAD:0.05032712% BID:1.987 ASK:1.988 MID:1.9875 P1:1.9875 P2:1.9885 P3:1.987 P4:1.9875 STATE:IDLE
[2026-05-11 18:29:11Z] CHK MOM:0.1% RANGE:0.12% UP:45.45% SPREAD:0.05030181% BID:1.988 ASK:1.989 MID:1.9885 P1:1.9885 P2:1.9875 P3:1.9885 P4:1.987 STATE:IDLE
[2026-05-11 18:29:12Z] CHK MOM:0.1% RANGE:0.12% UP:45.45% SPREAD:0.05030181% BID:1.988 ASK:1.989 MID:1.9885 P1:1.9885 P2:1.9885 P3:1.9875 P4:1.9885 STATE:IDLE
[2026-05-11 18:29:12Z] CHK MOM:0.1% RANGE:0.12% UP:45.45% SPREAD:0.05030181% BID:1.988 ASK:1.989 MID:1.9885 P1:1.9885 P2:1.9885 P3:1.9875 P4:1.9885 STATE:IDLE
[2026-05-11 18:29:13Z] CHK MOM:0.1% RANGE:0.12% UP:45.45% SPREAD:0.05030181% BID:1.988 ASK:1.989 MID:1.9885 P1:1.9885 P2:1.9885 P3:1.9875 P4:1.9885 STATE:IDLE
[2026-05-11 18:29:13Z] CHK MOM:0.1% RANGE:0.12% UP:45.45% SPREAD:0.05030181% BID:1.988 ASK:1.989 MID:1.9885 P1:1.9885 P2:1.9885 P3:1.9875 P4:1.9885 STATE:IDLE
[2026-05-11 18:29:14Z] CHK MOM:0.1% RANGE:0.12% UP:41.66% SPREAD:0.05030181% BID:1.988 ASK:1.989 MID:1.9885 P1:1.9885 P2:1.9885 P3:1.9885 P4:1.9875 STATE:IDLE
[2026-05-11 18:29:14Z] CHK MOM:0.1% RANGE:0.12% UP:41.66% SPREAD:0.05030181% BID:1.988 ASK:1.989 MID:1.9885 P1:1.9885 P2:1.9885 P3:1.9885 P4:1.9875 STATE:IDLE
[2026-05-11 18:29:15Z] CHK MOM:0.12% RANGE:0.12% UP:45.45% SPREAD:0.05027652% BID:1.989 ASK:1.99 MID:1.9895 P1:1.9895 P2:1.9885 P3:1.9885 P4:1.9885 STATE:IDLE
[2026-05-11 18:29:15Z] CHK MOM:0.12% RANGE:0.12% UP:41.66% SPREAD:0.05027652% BID:1.989 ASK:1.99 MID:1.9895 P1:1.9895 P2:1.9895 P3:1.9885 P4:1.9885 STATE:IDLE
[2026-05-11 18:29:16Z] CHK MOM:0.12% RANGE:0.12% UP:41.66% SPREAD:0.05027652% BID:1.989 ASK:1.99 MID:1.9895 P1:1.9895 P2:1.9895 P3:1.9885 P4:1.9885 STATE:IDLE
[2026-05-11 18:29:17Z] CHK MOM:0.12% RANGE:0.12% UP:36.36% SPREAD:0.05027652% BID:1.989 ASK:1.99 MID:1.9895 P1:1.9895 P2:1.9895 P3:1.9895 P4:1.9885 STATE:IDLE
[2026-05-11 18:29:17Z] CHK MOM:0.1% RANGE:0.12% UP:30% SPREAD:0.05027652% BID:1.989 ASK:1.99 MID:1.9895 P1:1.9895 P2:1.9895 P3:1.9895 P4:1.9895 STATE:IDLE
[2026-05-11 18:29:18Z] CHK MOM:0.1% RANGE:0.12% UP:30% SPREAD:0.05027652% BID:1.989 ASK:1.99 MID:1.9895 P1:1.9895 P2:1.9895 P3:1.9895 P4:1.9895 STATE:IDLE
[2026-05-11 18:29:18Z] CHK MOM:0.1% RANGE:0.12% UP:30% SPREAD:0.05027652% BID:1.989 ASK:1.99 MID:1.9895 P1:1.9895 P2:1.9895 P3:1.9895 P4:1.9895 STATE:IDLE
[2026-05-11 18:29:19Z] CHK MOM:0.12% RANGE:0.12% UP:30% SPREAD:0.05027652% BID:1.989 ASK:1.99 MID:1.9895 P1:1.9895 P2:1.9895 P3:1.9895 P4:1.9895 STATE:IDLE
[2026-05-11 18:29:19Z] CHK MOM:0.12% RANGE:0.12% UP:27.27% SPREAD:0.05027652% BID:1.989 ASK:1.99 MID:1.9895 P1:1.9895 P2:1.9895 P3:1.9895 P4:1.9895 STATE:IDLE
[2026-05-11 18:29:20Z] CHK MOM:0.12% RANGE:0.12% UP:27.27% SPREAD:0.05027652% BID:1.989 ASK:1.99 MID:1.9895 P1:1.9895 P2:1.9895 P3:1.9895 P4:1.9895 STATE:IDLE
[2026-05-11 18:29:20Z] CHK MOM:0.12% RANGE:0.12% UP:25% SPREAD:0.05027652% BID:1.989 ASK:1.99 MID:1.9895 P1:1.9895 P2:1.9895 P3:1.9895 P4:1.9895 STATE:IDLE
[2026-05-11 18:29:21Z] CHK MOM:0.12% RANGE:0.12% UP:25% SPREAD:0.05027652% BID:1.989 ASK:1.99 MID:1.9895 P1:1.9895 P2:1.9895 P3:1.9895 P4:1.9895 STATE:IDLE
[2026-05-11 18:29:21Z] CHK MOM:0.02% RANGE:0.1% UP:16.66% SPREAD:0.10060362% BID:1.988 ASK:1.99 MID:1.98899999 P1:1.98899999 P2:1.9895 P3:1.9895 P4:1.9895 STATE:IDLE
[2026-05-11 18:29:22Z] CHK MOM:0.02% RANGE:0.1% UP:16.66% SPREAD:0.10060362% BID:1.988 ASK:1.99 MID:1.98899999 P1:1.98899999 P2:1.9895 P3:1.9895 P4:1.9895 STATE:IDLE
[2026-05-11 18:29:23Z] CHK MOM:0.02% RANGE:0.1% UP:16.66% SPREAD:0.10060362% BID:1.988 ASK:1.99 MID:1.98899999 P1:1.98899999 P2:1.9895 P3:1.9895 P4:1.9895 STATE:IDLE
[2026-05-11 18:29:23Z] CHK MOM:0.02% RANGE:0.05% UP:10% SPREAD:0.10060362% BID:1.988 ASK:1.99 MID:1.98899999 P1:1.98899999 P2:1.98899999 P3:1.9895 P4:1.9895 STATE:IDLE
[2026-05-11 18:29:24Z] CHK MOM:0.05% RANGE:0.05% UP:20% SPREAD:0.05027652% BID:1.989 ASK:1.99 MID:1.9895 P1:1.9895 P2:1.98899999 P3:1.98899999 P4:1.9895 STATE:IDLE
[2026-05-11 18:29:24Z] CHK MOM:0.05% RANGE:0.05% UP:18.18% SPREAD:0.05027652% BID:1.989 ASK:1.99 MID:1.9895 P1:1.9895 P2:1.9895 P3:1.98899999 P4:1.98899999 STATE:IDLE
[2026-05-11 18:29:25Z] CHK MOM:0.05% RANGE:0.05% UP:18.18% SPREAD:0.05027652% BID:1.989 ASK:1.99 MID:1.9895 P1:1.9895 P2:1.9895 P3:1.98899999 P4:1.98899999 STATE:IDLE
[2026-05-11 18:29:25Z] CHK MOM:0.05% RANGE:0.05% UP:18.18% SPREAD:0.05027652% BID:1.989 ASK:1.99 MID:1.9895 P1:1.9895 P2:1.9895 P3:1.98899999 P4:1.98899999 STATE:IDLE
[2026-05-11 18:29:26Z] CHK MOM:0.05% RANGE:0.05% UP:18.18% SPREAD:0.05027652% BID:1.989 ASK:1.99 MID:1.9895 P1:1.9895 P2:1.9895 P3:1.98899999 P4:1.98899999 STATE:IDLE
[2026-05-11 18:29:26Z] CHK MOM:0.05% RANGE:0.05% UP:18.18% SPREAD:0.05027652% BID:1.989 ASK:1.99 MID:1.9895 P1:1.9895 P2:1.9895 P3:1.98899999 P4:1.98899999 STATE:IDLE
[2026-05-11 18:29:27Z] CHK MOM:0.05% RANGE:0.05% UP:18.18% SPREAD:0.05027652% BID:1.989 ASK:1.99 MID:1.9895 P1:1.9895 P2:1.9895 P3:1.98899999 P4:1.98899999 STATE:IDLE
[2026-05-11 18:29:28Z] CHK MOM:-0.02% RANGE:0.02% UP:11.11% SPREAD:0.10060362% BID:1.988 ASK:1.99 MID:1.98899999 P1:1.98899999 P2:1.9895 P3:1.9895 P4:1.98899999 STATE:IDLE
[2026-05-11 18:29:28Z] CHK MOM:0% RANGE:0.02% UP:20% SPREAD:0.05027652% BID:1.989 ASK:1.99 MID:1.9895 P1:1.9895 P2:1.98899999 P3:1.9895 P4:1.9895 STATE:IDLE
[2026-05-11 18:29:29Z] CHK MOM:0% RANGE:0.02% UP:20% SPREAD:0.05027652% BID:1.989 ASK:1.99 MID:1.9895 P1:1.9895 P2:1.98899999 P3:1.9895 P4:1.9895 STATE:IDLE
[2026-05-11 18:29:29Z] CHK MOM:0% RANGE:0.02% UP:20% SPREAD:0.05027652% BID:1.989 ASK:1.99 MID:1.9895 P1:1.9895 P2:1.98899999 P3:1.9895 P4:1.9895 STATE:IDLE
[2026-05-11 18:29:30Z] CHK MOM:0% RANGE:0.02% UP:20% SPREAD:0.05027652% BID:1.989 ASK:1.99 MID:1.9895 P1:1.9895 P2:1.98899999 P3:1.9895 P4:1.9895 STATE:IDLE
[2026-05-11 18:29:30Z] CHK MOM:0% RANGE:0.02% UP:20% SPREAD:0.05027652% BID:1.989 ASK:1.99 MID:1.9895 P1:1.9895 P2:1.98899999 P3:1.9895 P4:1.9895 STATE:IDLE
[2026-05-11 18:29:31Z] CHK MOM:0.05% RANGE:0.07% UP:42.85% SPREAD:0.05025125% BID:1.99 ASK:1.991 MID:1.9905 P1:1.9905 P2:1.9895 P3:1.98899999 P4:1.9895 STATE:IDLE
[2026-05-11 18:29:32Z] CHK MOM:0.05% RANGE:0.07% UP:42.85% SPREAD:0.05025125% BID:1.99 ASK:1.991 MID:1.9905 P1:1.9905 P2:1.9895 P3:1.98899999 P4:1.9895 STATE:IDLE
[2026-05-11 18:29:32Z] CHK MOM:0.05% RANGE:0.07% UP:42.85% SPREAD:0.05025125% BID:1.99 ASK:1.991 MID:1.9905 P1:1.9905 P2:1.9895 P3:1.98899999 P4:1.9895 STATE:IDLE
[2026-05-11 18:29:33Z] CHK MOM:0.07% RANGE:0.07% UP:42.85% SPREAD:0.05025125% BID:1.99 ASK:1.991 MID:1.9905 P1:1.9905 P2:1.9905 P3:1.9895 P4:1.98899999 STATE:IDLE
[2026-05-11 18:29:34Z] CHK MOM:0.07% RANGE:0.07% UP:37.5% SPREAD:0.05025125% BID:1.99 ASK:1.991 MID:1.9905 P1:1.9905 P2:1.9905 P3:1.9905 P4:1.9895 STATE:IDLE
[2026-05-11 18:29:34Z] CHK MOM:0.07% RANGE:0.07% UP:37.5% SPREAD:0.05025125% BID:1.99 ASK:1.991 MID:1.9905 P1:1.9905 P2:1.9905 P3:1.9905 P4:1.9905 STATE:IDLE
[2026-05-11 18:29:35Z] CHK MOM:0.07% RANGE:0.07% UP:37.5% SPREAD:0.05025125% BID:1.99 ASK:1.991 MID:1.9905 P1:1.9905 P2:1.9905 P3:1.9905 P4:1.9905 STATE:IDLE
[2026-05-11 18:29:35Z] CHK MOM:0.07% RANGE:0.07% UP:37.5% SPREAD:0.05025125% BID:1.99 ASK:1.991 MID:1.9905 P1:1.9905 P2:1.9905 P3:1.9905 P4:1.9905 STATE:IDLE
[2026-05-11 18:29:36Z] CHK MOM:0.07% RANGE:0.07% UP:37.5% SPREAD:0.05025125% BID:1.99 ASK:1.991 MID:1.9905 P1:1.9905 P2:1.9905 P3:1.9905 P4:1.9905 STATE:IDLE
[2026-05-11 18:29:36Z] CHK MOM:0.07% RANGE:0.07% UP:37.5% SPREAD:0.05025125% BID:1.99 ASK:1.991 MID:1.9905 P1:1.9905 P2:1.9905 P3:1.9905 P4:1.9905 STATE:IDLE
[2026-05-11 18:29:37Z] CHK MOM:0.1% RANGE:0.1% UP:50% SPREAD:0.10050251% BID:1.99 ASK:1.992 MID:1.991 P1:1.991 P2:1.9905 P3:1.9905 P4:1.9905 STATE:IDLE
[2026-05-11 18:29:37Z] CHK MOM:0.1% RANGE:0.1% UP:42.85% SPREAD:0.10050251% BID:1.99 ASK:1.992 MID:1.991 P1:1.991 P2:1.991 P3:1.9905 P4:1.9905 STATE:IDLE
[2026-05-11 18:29:38Z] CHK MOM:0.27% RANGE:0.27% UP:50% SPREAD:0.05015045% BID:1.994 ASK:1.995 MID:1.9945 P1:1.9945 P2:1.991 P3:1.991 P4:1.9905 STATE:IDLE
[2026-05-11 18:29:39Z] BURST_TRIGGER ret=0.2010% need=0.2006% vel=0.1938%/s eff=1.000 pressure=999.00 drop=0.0000% dt=1.037s
[2026-05-11 18:29:39Z] BUY symbol=PENDLEUSDC qty=4.9 entry=1.9949999999999997 mode=BURST reason=BURST ret=0.2010% vel=0.1938%/s eff=1.000 pressure=999.00 drop=0.0000% P1=1.9945 P2=1.991 P3=1.991 P4=1.9905
[2026-05-11 18:29:40Z] CHK MOM:0.27% RANGE:0.27% UP:44.44% SPREAD:0.05015045% BID:1.994 ASK:1.995 MID:1.9945 P1:1.9945 P2:1.9945 P3:1.991 P4:1.991 STATE:IN_POS
[2026-05-11 18:29:40Z] CHK MOM:0.15% RANGE:0.2% UP:25% SPREAD:0.05017561% BID:1.993 ASK:1.994 MID:1.9935 P1:1.9935 P2:1.9945 P3:1.9945 P4:1.991 STATE:IN_POS
[2026-05-11 18:29:41Z] CHK MOM:0.15% RANGE:0.2% UP:22.22% SPREAD:0.05017561% BID:1.993 ASK:1.994 MID:1.9935 P1:1.9935 P2:1.9935 P3:1.9945 P4:1.9945 STATE:IN_POS
[2026-05-11 18:29:41Z] CHK MOM:0.17% RANGE:0.2% UP:30% SPREAD:0.10035122% BID:1.993 ASK:1.995 MID:1.994 P1:1.994 P2:1.9935 P3:1.9935 P4:1.9945 STATE:IN_POS
[2026-05-11 18:29:42Z] CHK MOM:0.2% RANGE:0.2% UP:36.36% SPREAD:0.05015045% BID:1.994 ASK:1.995 MID:1.9945 P1:1.9945 P2:1.994 P3:1.9935 P4:1.9935 STATE:IN_POS
[2026-05-11 18:29:42Z] CHK MOM:0.2% RANGE:0.2% UP:36.36% SPREAD:0.05015045% BID:1.994 ASK:1.995 MID:1.9945 P1:1.9945 P2:1.994 P3:1.9935 P4:1.9935 STATE:IN_POS
[2026-05-11 18:29:43Z] CHK MOM:0.2% RANGE:0.2% UP:33.33% SPREAD:0.05015045% BID:1.994 ASK:1.995 MID:1.9945 P1:1.9945 P2:1.9945 P3:1.994 P4:1.9935 STATE:IN_POS
[2026-05-11 18:29:43Z] CHK MOM:0.2% RANGE:0.2% UP:33.33% SPREAD:0.05015045% BID:1.994 ASK:1.995 MID:1.9945 P1:1.9945 P2:1.9945 P3:1.994 P4:1.9935 STATE:IN_POS
[2026-05-11 18:29:44Z] CHK MOM:0.25% RANGE:0.25% UP:41.66% SPREAD:0.05012531% BID:1.995 ASK:1.996 MID:1.9955 P1:1.9955 P2:1.9945 P3:1.9945 P4:1.994 STATE:IN_POS
[2026-05-11 18:29:44Z] CHK MOM:0.25% RANGE:0.25% UP:38.46% SPREAD:0.05012531% BID:1.995 ASK:1.996 MID:1.9955 P1:1.9955 P2:1.9955 P3:1.9945 P4:1.9945 STATE:IN_POS
[2026-05-11 18:29:45Z] CHK MOM:0.25% RANGE:0.25% UP:35.71% SPREAD:0.05012531% BID:1.995 ASK:1.996 MID:1.9955 P1:1.9955 P2:1.9955 P3:1.9955 P4:1.9945 STATE:IN_POS
[2026-05-11 18:29:46Z] CHK MOM:0.25% RANGE:0.25% UP:38.46% SPREAD:0.05012531% BID:1.995 ASK:1.996 MID:1.9955 P1:1.9955 P2:1.9955 P3:1.9955 P4:1.9955 STATE:IN_POS
[2026-05-11 18:29:46Z] CHK MOM:0.25% RANGE:0.25% UP:38.46% SPREAD:0.05012531% BID:1.995 ASK:1.996 MID:1.9955 P1:1.9955 P2:1.9955 P3:1.9955 P4:1.9955 STATE:IN_POS
[2026-05-11 18:29:47Z] CHK MOM:0.25% RANGE:0.25% UP:38.46% SPREAD:0.05012531% BID:1.995 ASK:1.996 MID:1.9955 P1:1.9955 P2:1.9955 P3:1.9955 P4:1.9955 STATE:IN_POS
[2026-05-11 18:29:47Z] CHK MOM:0.25% RANGE:0.25% UP:38.46% SPREAD:0.05012531% BID:1.995 ASK:1.996 MID:1.9955 P1:1.9955 P2:1.9955 P3:1.9955 P4:1.9955 STATE:IN_POS
[2026-05-11 18:29:47Z] BURST_HANDOFF age=8.00s ext=0.0000% loss=0.0000% peak=1.99500000 stop=1.97900000 protect=0 trail=0
[2026-05-11 18:29:48Z] CHK MOM:0.25% RANGE:0.25% UP:38.46% SPREAD:0.05012531% BID:1.995 ASK:1.996 MID:1.9955 P1:1.9955 P2:1.9955 P3:1.9955 P4:1.9955 STATE:IN_POS
[2026-05-11 18:29:48Z] CHK MOM:0.22% RANGE:0.22% UP:30.76% SPREAD:0.05012531% BID:1.995 ASK:1.996 MID:1.9955 P1:1.9955 P2:1.9955 P3:1.9955 P4:1.9955 STATE:IN_POS
[2026-05-11 18:29:49Z] CHK MOM:0.2% RANGE:0.22% UP:30.76% SPREAD:0.1003009% BID:1.994 ASK:1.996 MID:1.995 P1:1.995 P2:1.9955 P3:1.9955 P4:1.9955 STATE:IN_POS
[2026-05-11 18:29:49Z] CHK MOM:0.22% RANGE:0.22% UP:35.71% SPREAD:0.05012531% BID:1.995 ASK:1.996 MID:1.9955 P1:1.9955 P2:1.995 P3:1.9955 P4:1.9955 STATE:IN_POS
[2026-05-11 18:29:50Z] CHK MOM:0.05% RANGE:0.1% UP:30.76% SPREAD:0.05012531% BID:1.995 ASK:1.996 MID:1.9955 P1:1.9955 P2:1.9955 P3:1.995 P4:1.9955 STATE:IN_POS
[2026-05-11 18:29:51Z] CHK MOM:0.05% RANGE:0.1% UP:28.57% SPREAD:0.05012531% BID:1.995 ASK:1.996 MID:1.9955 P1:1.9955 P2:1.9955 P3:1.9955 P4:1.995 STATE:IN_POS
[2026-05-11 18:29:51Z] CHK MOM:0.05% RANGE:0.1% UP:26.66% SPREAD:0.05012531% BID:1.995 ASK:1.996 MID:1.9955 P1:1.9955 P2:1.9955 P3:1.9955 P4:1.9955 STATE:IN_POS
[2026-05-11 18:29:52Z] CHK MOM:0.1% RANGE:0.1% UP:26.66% SPREAD:0.05012531% BID:1.995 ASK:1.996 MID:1.9955 P1:1.9955 P2:1.9955 P3:1.9955 P4:1.9955 STATE:IN_POS
[2026-05-11 18:29:52Z] CHK MOM:0.1% RANGE:0.1% UP:25% SPREAD:0.05012531% BID:1.995 ASK:1.996 MID:1.9955 P1:1.9955 P2:1.9955 P3:1.9955 P4:1.9955 STATE:IN_POS
[2026-05-11 18:29:53Z] CHK MOM:0.1% RANGE:0.1% UP:25% SPREAD:0.05012531% BID:1.995 ASK:1.996 MID:1.9955 P1:1.9955 P2:1.9955 P3:1.9955 P4:1.9955 STATE:IN_POS
[2026-05-11 18:29:54Z] CHK MOM:0.1% RANGE:0.1% UP:25% SPREAD:0.05012531% BID:1.995 ASK:1.996 MID:1.9955 P1:1.9955 P2:1.9955 P3:1.9955 P4:1.9955 STATE:IN_POS
[2026-05-11 18:29:55Z] CHK MOM:0.1% RANGE:0.1% UP:25% SPREAD:0.05012531% BID:1.995 ASK:1.996 MID:1.9955 P1:1.9955 P2:1.9955 P3:1.9955 P4:1.9955 STATE:IN_POS
[2026-05-11 18:30:00Z] CHK MOM:-0.05% RANGE:0.05% UP:12.5% SPREAD:0.05015045% BID:1.994 ASK:1.995 MID:1.9945 P1:1.9945 P2:1.9955 P3:1.9955 P4:1.9955 STATE:IN_POS
[2026-05-11 18:30:01Z] CHK MOM:-0.02% RANGE:0.05% UP:12.5% SPREAD:0.05015045% BID:1.994 ASK:1.995 MID:1.9945 P1:1.9945 P2:1.9945 P3:1.9955 P4:1.9955 STATE:IN_POS
[2026-05-11 18:30:01Z] CHK MOM:-0.05% RANGE:0.05% UP:0% SPREAD:0.05015045% BID:1.994 ASK:1.995 MID:1.9945 P1:1.9945 P2:1.9945 P3:1.9945 P4:1.9955 STATE:IN_POS
[2026-05-11 18:30:02Z] CHK MOM:-0.05% RANGE:0.05% UP:0% SPREAD:0.05015045% BID:1.994 ASK:1.995 MID:1.9945 P1:1.9945 P2:1.9945 P3:1.9945 P4:1.9945 STATE:IN_POS
[2026-05-11 18:30:02Z] CHK MOM:-0.1% RANGE:0.1% UP:0% SPREAD:0.05017561% BID:1.993 ASK:1.994 MID:1.9935 P1:1.9935 P2:1.9945 P3:1.9945 P4:1.9945 STATE:IN_POS
[2026-05-11 18:30:03Z] CHK MOM:-0.1% RANGE:0.1% UP:0% SPREAD:0.05017561% BID:1.993 ASK:1.994 MID:1.9935 P1:1.9935 P2:1.9935 P3:1.9945 P4:1.9945 STATE:IN_POS
[2026-05-11 18:30:03Z] CHK MOM:-0.1% RANGE:0.1% UP:0% SPREAD:0.05017561% BID:1.993 ASK:1.994 MID:1.9935 P1:1.9935 P2:1.9935 P3:1.9935 P4:1.9945 STATE:IN_POS
[2026-05-11 18:30:04Z] CHK MOM:-0.1% RANGE:0.1% UP:0% SPREAD:0.05017561% BID:1.993 ASK:1.994 MID:1.9935 P1:1.9935 P2:1.9935 P3:1.9935 P4:1.9945 STATE:IN_POS
[2026-05-11 18:30:04Z] CHK MOM:-0.07% RANGE:0.1% UP:12.5% SPREAD:0.10035122% BID:1.993 ASK:1.995 MID:1.994 P1:1.994 P2:1.9935 P3:1.9935 P4:1.9935 STATE:IN_POS
[2026-05-11 18:30:05Z] CHK MOM:-0.02% RANGE:0.05% UP:12.5% SPREAD:0.10035122% BID:1.993 ASK:1.995 MID:1.994 P1:1.994 P2:1.994 P3:1.9935 P4:1.9935 STATE:IN_POS
[2026-05-11 18:30:06Z] CHK MOM:-0.02% RANGE:0.05% UP:11.11% SPREAD:0.10035122% BID:1.993 ASK:1.995 MID:1.994 P1:1.994 P2:1.994 P3:1.994 P4:1.9935 STATE:IN_POS
[2026-05-11 18:30:06Z] CHK MOM:-0.02% RANGE:0.05% UP:11.11% SPREAD:0.10035122% BID:1.993 ASK:1.995 MID:1.994 P1:1.994 P2:1.994 P3:1.994 P4:1.9935 STATE:IN_POS
[2026-05-11 18:30:07Z] CHK MOM:-0.02% RANGE:0.05% UP:11.11% SPREAD:0.10035122% BID:1.993 ASK:1.995 MID:1.994 P1:1.994 P2:1.994 P3:1.994 P4:1.9935 STATE:IN_POS
[2026-05-11 18:30:07Z] CHK MOM:-0.02% RANGE:0.05% UP:11.11% SPREAD:0.10035122% BID:1.993 ASK:1.995 MID:1.994 P1:1.994 P2:1.994 P3:1.994 P4:1.9935 STATE:IN_POS
[2026-05-11 18:30:08Z] CHK MOM:-0.02% RANGE:0.05% UP:11.11% SPREAD:0.10035122% BID:1.993 ASK:1.995 MID:1.994 P1:1.994 P2:1.994 P3:1.994 P4:1.9935 STATE:IN_POS
[2026-05-11 18:30:08Z] CHK MOM:-0.02% RANGE:0.05% UP:11.11% SPREAD:0.10035122% BID:1.993 ASK:1.995 MID:1.994 P1:1.994 P2:1.994 P3:1.994 P4:1.9935 STATE:IN_POS
[2026-05-11 18:30:10Z] CHK MOM:-0.02% RANGE:0.05% UP:10% SPREAD:0.10035122% BID:1.993 ASK:1.995 MID:1.994 P1:1.994 P2:1.994 P3:1.994 P4:1.994 STATE:IN_POS
[2026-05-11 18:30:11Z] CHK MOM:-0.02% RANGE:0.05% UP:9.09% SPREAD:0.10035122% BID:1.993 ASK:1.995 MID:1.994 P1:1.994 P2:1.994 P3:1.994 P4:1.994 STATE:IN_POS
[2026-05-11 18:30:12Z] CHK MOM:-0.02% RANGE:0.05% UP:9.09% SPREAD:0.10035122% BID:1.993 ASK:1.995 MID:1.994 P1:1.994 P2:1.994 P3:1.994 P4:1.994 STATE:IN_POS
[2026-05-11 18:30:12Z] CHK MOM:0% RANGE:0.05% UP:16.66% SPREAD:0.05015045% BID:1.994 ASK:1.995 MID:1.9945 P1:1.9945 P2:1.994 P3:1.994 P4:1.994 STATE:IN_POS
[2026-05-11 18:30:13Z] CHK MOM:0% RANGE:0.05% UP:16.66% SPREAD:0.05015045% BID:1.994 ASK:1.995 MID:1.9945 P1:1.9945 P2:1.994 P3:1.994 P4:1.994 STATE:IN_POS
[2026-05-11 18:30:13Z] CHK MOM:0% RANGE:0.05% UP:16.66% SPREAD:0.05015045% BID:1.994 ASK:1.995 MID:1.9945 P1:1.9945 P2:1.994 P3:1.994 P4:1.994 STATE:IN_POS
[2026-05-11 18:30:14Z] CHK MOM:0% RANGE:0.05% UP:16.66% SPREAD:0.05015045% BID:1.994 ASK:1.995 MID:1.9945 P1:1.9945 P2:1.994 P3:1.994 P4:1.994 STATE:IN_POS
[2026-05-11 18:30:14Z] CHK MOM:0% RANGE:0.05% UP:16.66% SPREAD:0.05015045% BID:1.994 ASK:1.995 MID:1.9945 P1:1.9945 P2:1.994 P3:1.994 P4:1.994 STATE:IN_POS
[2026-05-11 18:30:15Z] CHK MOM:0% RANGE:0.05% UP:16.66% SPREAD:0.05015045% BID:1.994 ASK:1.995 MID:1.9945 P1:1.9945 P2:1.994 P3:1.994 P4:1.994 STATE:IN_POS
[2026-05-11 18:30:16Z] CHK MOM:0.05% RANGE:0.05% UP:28.57% SPREAD:0.1003009% BID:1.994 ASK:1.996 MID:1.995 P1:1.995 P2:1.9945 P3:1.994 P4:1.994 STATE:IN_POS
[2026-05-11 18:30:17Z] CHK MOM:0.05% RANGE:0.05% UP:28.57% SPREAD:0.1003009% BID:1.994 ASK:1.996 MID:1.995 P1:1.995 P2:1.9945 P3:1.994 P4:1.994 STATE:IN_POS
[2026-05-11 18:30:17Z] CHK MOM:0.05% RANGE:0.05% UP:28.57% SPREAD:0.1003009% BID:1.994 ASK:1.996 MID:1.995 P1:1.995 P2:1.9945 P3:1.994 P4:1.994 STATE:IN_POS
[2026-05-11 18:30:18Z] CHK MOM:0.05% RANGE:0.05% UP:28.57% SPREAD:0.1003009% BID:1.994 ASK:1.996 MID:1.995 P1:1.995 P2:1.9945 P3:1.994 P4:1.994 STATE:IN_POS
[2026-05-11 18:30:18Z] CHK MOM:0.05% RANGE:0.05% UP:28.57% SPREAD:0.1003009% BID:1.994 ASK:1.996 MID:1.995 P1:1.995 P2:1.9945 P3:1.994 P4:1.994 STATE:IN_POS
[2026-05-11 18:30:22Z] CHK MOM:0.02% RANGE:0.05% UP:40% SPREAD:0.05015045% BID:1.994 ASK:1.995 MID:1.9945 P1:1.9945 P2:1.995 P3:1.9945 P4:1.994 STATE:IN_POS
[2026-05-11 18:30:23Z] CHK MOM:0.02% RANGE:0.05% UP:40% SPREAD:0.05015045% BID:1.994 ASK:1.995 MID:1.9945 P1:1.9945 P2:1.9945 P3:1.995 P4:1.9945 STATE:IN_POS
[2026-05-11 18:30:23Z] CHK MOM:0.02% RANGE:0.05% UP:40% SPREAD:0.05015045% BID:1.994 ASK:1.995 MID:1.9945 P1:1.9945 P2:1.9945 P3:1.9945 P4:1.995 STATE:IN_POS
[2026-05-11 18:30:24Z] CHK MOM:0.02% RANGE:0.05% UP:40% SPREAD:0.05015045% BID:1.994 ASK:1.995 MID:1.9945 P1:1.9945 P2:1.9945 P3:1.9945 P4:1.995 STATE:IN_POS
[2026-05-11 18:30:25Z] CHK MOM:-0.02% RANGE:0.02% UP:0% SPREAD:0.05015045% BID:1.994 ASK:1.995 MID:1.9945 P1:1.9945 P2:1.9945 P3:1.9945 P4:1.9945 STATE:IN_POS
[2026-05-11 18:30:26Z] CHK MOM:-0.02% RANGE:0.02% UP:0% SPREAD:0.05015045% BID:1.994 ASK:1.995 MID:1.9945 P1:1.9945 P2:1.9945 P3:1.9945 P4:1.9945 STATE:IN_POS
[2026-05-11 18:30:26Z] CHK MOM:-0.02% RANGE:0.02% UP:0% SPREAD:0.05015045% BID:1.994 ASK:1.995 MID:1.9945 P1:1.9945 P2:1.9945 P3:1.9945 P4:1.9945 STATE:IN_POS
[2026-05-11 18:30:27Z] CHK MOM:-0.02% RANGE:0.02% UP:0% SPREAD:0.05015045% BID:1.994 ASK:1.995 MID:1.9945 P1:1.9945 P2:1.9945 P3:1.9945 P4:1.9945 STATE:IN_POS
[2026-05-11 18:30:27Z] CHK MOM:-0.02% RANGE:0.02% UP:0% SPREAD:0.05015045% BID:1.994 ASK:1.995 MID:1.9945 P1:1.9945 P2:1.9945 P3:1.9945 P4:1.9945 STATE:IN_POS
[2026-05-11 18:30:28Z] CHK MOM:-0.02% RANGE:0.02% UP:0% SPREAD:0.05015045% BID:1.994 ASK:1.995 MID:1.9945 P1:1.9945 P2:1.9945 P3:1.9945 P4:1.9945 STATE:IN_POS
[2026-05-11 18:30:28Z] CHK MOM:-0.02% RANGE:0.02% UP:0% SPREAD:0.05015045% BID:1.994 ASK:1.995 MID:1.9945 P1:1.9945 P2:1.9945 P3:1.9945 P4:1.9945 STATE:IN_POS
[2026-05-11 18:30:29Z] CHK MOM:-0.05% RANGE:0.05% UP:0% SPREAD:0.05017561% BID:1.993 ASK:1.994 MID:1.9935 P1:1.9935 P2:1.9945 P3:1.9945 P4:1.9945 STATE:IN_POS
[2026-05-11 18:30:29Z] CHK MOM:-0.05% RANGE:0.05% UP:0% SPREAD:0.05017561% BID:1.993 ASK:1.994 MID:1.9935 P1:1.9935 P2:1.9935 P3:1.9945 P4:1.9945 STATE:IN_POS
[2026-05-11 18:30:30Z] CHK MOM:-0.05% RANGE:0.05% UP:0% SPREAD:0.05017561% BID:1.993 ASK:1.994 MID:1.9935 P1:1.9935 P2:1.9935 P3:1.9935 P4:1.9945 STATE:IN_POS
[2026-05-11 18:30:30Z] CHK MOM:0% RANGE:0.05% UP:12.5% SPREAD:0.15052684% BID:1.993 ASK:1.996 MID:1.9945 P1:1.9945 P2:1.9935 P3:1.9935 P4:1.9935 STATE:IN_POS
[2026-05-11 18:30:31Z] CHK MOM:0% RANGE:0.05% UP:12.5% SPREAD:0.15052684% BID:1.993 ASK:1.996 MID:1.9945 P1:1.9945 P2:1.9935 P3:1.9935 P4:1.9935 STATE:IN_POS
[2026-05-11 18:30:31Z] CHK MOM:0% RANGE:0.05% UP:11.11% SPREAD:0.15052684% BID:1.993 ASK:1.996 MID:1.9945 P1:1.9945 P2:1.9945 P3:1.9935 P4:1.9935 STATE:IN_POS
[2026-05-11 18:30:32Z] CHK MOM:-0.02% RANGE:0.05% UP:10% SPREAD:0.10035122% BID:1.993 ASK:1.995 MID:1.994 P1:1.994 P2:1.9945 P3:1.9945 P4:1.9935 STATE:IN_POS
[2026-05-11 18:30:33Z] CHK MOM:0% RANGE:0.05% UP:18.18% SPREAD:0.05015045% BID:1.994 ASK:1.995 MID:1.9945 P1:1.9945 P2:1.994 P3:1.9945 P4:1.9945 STATE:IN_POS
[2026-05-11 18:30:33Z] CHK MOM:0% RANGE:0.05% UP:16.66% SPREAD:0.05015045% BID:1.994 ASK:1.995 MID:1.9945 P1:1.9945 P2:1.9945 P3:1.994 P4:1.9945 STATE:IN_POS
[2026-05-11 18:30:34Z] CHK MOM:0% RANGE:0.05% UP:16.66% SPREAD:0.05015045% BID:1.994 ASK:1.995 MID:1.9945 P1:1.9945 P2:1.9945 P3:1.994 P4:1.9945 STATE:IN_POS
[2026-05-11 18:30:34Z] CHK MOM:0% RANGE:0.05% UP:16.66% SPREAD:0.05015045% BID:1.994 ASK:1.995 MID:1.9945 P1:1.9945 P2:1.9945 P3:1.994 P4:1.9945 STATE:IN_POS
[2026-05-11 18:30:35Z] CHK MOM:0% RANGE:0.05% UP:16.66% SPREAD:0.05015045% BID:1.994 ASK:1.995 MID:1.9945 P1:1.9945 P2:1.9945 P3:1.994 P4:1.9945 STATE:IN_POS
[2026-05-11 18:30:35Z] CHK MOM:0% RANGE:0.05% UP:16.66% SPREAD:0.05015045% BID:1.994 ASK:1.995 MID:1.9945 P1:1.9945 P2:1.9945 P3:1.994 P4:1.9945 STATE:IN_POS
[2026-05-11 18:30:36Z] CHK MOM:0% RANGE:0.05% UP:16.66% SPREAD:0.05015045% BID:1.994 ASK:1.995 MID:1.9945 P1:1.9945 P2:1.9945 P3:1.994 P4:1.9945 STATE:IN_POS
[2026-05-11 18:30:42Z] CHK MOM:0% RANGE:0.05% UP:28.57% SPREAD:0.05017561% BID:1.993 ASK:1.994 MID:1.9935 P1:1.9935 P2:1.9945 P3:1.9945 P4:1.994 STATE:IN_POS
[2026-05-11 18:30:43Z] CHK MOM:-0.05% RANGE:0.05% UP:20% SPREAD:0.05017561% BID:1.993 ASK:1.994 MID:1.9935 P1:1.9935 P2:1.9935 P3:1.9945 P4:1.9945 STATE:IN_POS
[2026-05-11 18:30:44Z] CHK MOM:-0.05% RANGE:0.05% UP:20% SPREAD:0.05017561% BID:1.993 ASK:1.994 MID:1.9935 P1:1.9935 P2:1.9935 P3:1.9945 P4:1.9945 STATE:IN_POS
[2026-05-11 18:30:44Z] CHK MOM:-0.05% RANGE:0.05% UP:20% SPREAD:0.05017561% BID:1.993 ASK:1.994 MID:1.9935 P1:1.9935 P2:1.9935 P3:1.9945 P4:1.9945 STATE:IN_POS
[2026-05-11 18:30:45Z] CHK MOM:-0.05% RANGE:0.05% UP:20% SPREAD:0.05017561% BID:1.993 ASK:1.994 MID:1.9935 P1:1.9935 P2:1.9935 P3:1.9945 P4:1.9945 STATE:IN_POS
[2026-05-11 18:30:45Z] CHK MOM:-0.05% RANGE:0.05% UP:20% SPREAD:0.05017561% BID:1.993 ASK:1.994 MID:1.9935 P1:1.9935 P2:1.9935 P3:1.9945 P4:1.9945 STATE:IN_POS
[2026-05-11 18:30:46Z] CHK MOM:-0.05% RANGE:0.05% UP:20% SPREAD:0.05017561% BID:1.993 ASK:1.994 MID:1.9935 P1:1.9935 P2:1.9935 P3:1.9945 P4:1.9945 STATE:IN_POS
[2026-05-11 18:30:50Z] CHK MOM:-0.05% RANGE:0.05% UP:0% SPREAD:0.0502008% BID:1.992 ASK:1.993 MID:1.9925 P1:1.9925 P2:1.9935 P3:1.9935 P4:1.9945 STATE:IN_POS
[2026-05-11 18:30:50Z] CHK MOM:-0.05% RANGE:0.05% UP:0% SPREAD:0.0502008% BID:1.992 ASK:1.993 MID:1.9925 P1:1.9925 P2:1.9925 P3:1.9935 P4:1.9935 STATE:IN_POS
[2026-05-11 18:30:51Z] CHK MOM:-0.05% RANGE:0.05% UP:0% SPREAD:0.0502008% BID:1.992 ASK:1.993 MID:1.9925 P1:1.9925 P2:1.9925 P3:1.9935 P4:1.9935 STATE:IN_POS
[2026-05-11 18:30:51Z] CHK MOM:-0.05% RANGE:0.05% UP:0% SPREAD:0.0502008% BID:1.992 ASK:1.993 MID:1.9925 P1:1.9925 P2:1.9925 P3:1.9925 P4:1.9935 STATE:IN_POS
[2026-05-11 18:30:52Z] CHK MOM:-0.05% RANGE:0.05% UP:0% SPREAD:0.0502008% BID:1.992 ASK:1.993 MID:1.9925 P1:1.9925 P2:1.9925 P3:1.9925 P4:1.9935 STATE:IN_POS
[2026-05-11 18:30:52Z] CHK MOM:-0.05% RANGE:0.05% UP:0% SPREAD:0.0502008% BID:1.992 ASK:1.993 MID:1.9925 P1:1.9925 P2:1.9925 P3:1.9925 P4:1.9935 STATE:IN_POS
[2026-05-11 18:30:53Z] CHK MOM:-0.05% RANGE:0.05% UP:0% SPREAD:0.0502008% BID:1.992 ASK:1.993 MID:1.9925 P1:1.9925 P2:1.9925 P3:1.9925 P4:1.9935 STATE:IN_POS
[2026-05-11 18:30:53Z] CHK MOM:-0.05% RANGE:0.05% UP:0% SPREAD:0.0502008% BID:1.992 ASK:1.993 MID:1.9925 P1:1.9925 P2:1.9925 P3:1.9925 P4:1.9935 STATE:IN_POS
[2026-05-11 18:30:54Z] CHK MOM:-0.1% RANGE:0.1% UP:0% SPREAD:0.05022601% BID:1.991 ASK:1.992 MID:1.9915 P1:1.9915 P2:1.9925 P3:1.9925 P4:1.9925 STATE:IN_POS
[2026-05-11 18:30:55Z] SELL symbol=PENDLEUSDC qty=4.9 exit=1.9909999999999999 pnl=-0.03913139999999873 reason=PSELL FAIL age=74.5s latest=1.99100000 guard=1.99140900 high=1.99500000 peak=0.0000% P1=1.9915 P2=1.9925000000000002 P3=1.9925000000000002 P4=1.9925000000000002 entry=1.9949999999999997 profile=major
[2026-05-11 18:31:25Z] CHK MOM:0.1% RANGE:0.1% UP:33.33% SPREAD:0.05015045% BID:1.994 ASK:1.995 MID:1.9945 P1:1.9945 P2:1.994 P3:1.9945 P4:1.9945 STATE:IDLE
[2026-05-11 18:31:26Z] CHK MOM:0.05% RANGE:0.07% UP:23.07% SPREAD:0.05015045% BID:1.994 ASK:1.995 MID:1.9945 P1:1.9945 P2:1.9945 P3:1.994 P4:1.9945 STATE:IDLE
[2026-05-11 18:31:26Z] CHK MOM:0.05% RANGE:0.07% UP:23.07% SPREAD:0.05015045% BID:1.994 ASK:1.995 MID:1.9945 P1:1.9945 P2:1.9945 P3:1.994 P4:1.9945 STATE:IDLE
[2026-05-11 18:31:27Z] CHK MOM:0.05% RANGE:0.07% UP:23.07% SPREAD:0.05015045% BID:1.994 ASK:1.995 MID:1.9945 P1:1.9945 P2:1.9945 P3:1.994 P4:1.9945 STATE:IDLE
[2026-05-11 18:31:27Z] CHK MOM:0.05% RANGE:0.07% UP:23.07% SPREAD:0.05015045% BID:1.994 ASK:1.995 MID:1.9945 P1:1.9945 P2:1.9945 P3:1.994 P4:1.9945 STATE:IDLE
[2026-05-11 18:31:28Z] CHK MOM:0.05% RANGE:0.07% UP:23.07% SPREAD:0.05015045% BID:1.994 ASK:1.995 MID:1.9945 P1:1.9945 P2:1.9945 P3:1.994 P4:1.9945 STATE:IDLE
[2026-05-11 18:31:28Z] CHK MOM:0.05% RANGE:0.07% UP:23.07% SPREAD:0.05015045% BID:1.994 ASK:1.995 MID:1.9945 P1:1.9945 P2:1.9945 P3:1.994 P4:1.9945 STATE:IDLE
[2026-05-11 18:31:40Z] CHK MOM:0% RANGE:0% UP:0% SPREAD:0.05017561% BID:1.993 ASK:1.994 MID:1.9935 P1:1.9935 P2:1.9945 P3:1.9945 P4:1.994 STATE:IDLE
[2026-05-11 18:31:41Z] CHK MOM:0% RANGE:0% UP:0% SPREAD:0.05017561% BID:1.993 ASK:1.994 MID:1.9935 P1:1.9935 P2:1.9945 P3:1.9945 P4:1.994 STATE:IDLE
[2026-05-11 18:31:41Z] CHK MOM:0% RANGE:0% UP:0% SPREAD:0.05017561% BID:1.993 ASK:1.994 MID:1.9935 P1:1.9935 P2:1.9945 P3:1.9945 P4:1.994 STATE:IDLE
[2026-05-11 18:31:42Z] CHK MOM:0% RANGE:0% UP:0% SPREAD:0.05017561% BID:1.993 ASK:1.994 MID:1.9935 P1:1.9935 P2:1.9945 P3:1.9945 P4:1.994 STATE:IDLE
[2026-05-11 18:31:42Z] CHK MOM:0.05% RANGE:0.05% UP:100% SPREAD:0.05015045% BID:1.994 ASK:1.995 MID:1.9945 P1:1.9945 P2:1.9935 P3:1.9945 P4:1.9945 STATE:IDLE
[2026-05-11 18:31:43Z] CHK MOM:0.05% RANGE:0.05% UP:100% SPREAD:0.05015045% BID:1.994 ASK:1.995 MID:1.9945 P1:1.9945 P2:1.9935 P3:1.9945 P4:1.9945 STATE:IDLE
[2026-05-11 18:31:43Z] CHK MOM:0.05% RANGE:0.05% UP:100% SPREAD:0.05015045% BID:1.994 ASK:1.995 MID:1.9945 P1:1.9945 P2:1.9935 P3:1.9945 P4:1.9945 STATE:IDLE
[2026-05-11 18:31:44Z] CHK MOM:0.1% RANGE:0.1% UP:100% SPREAD:0.05012531% BID:1.995 ASK:1.996 MID:1.9955 P1:1.9955 P2:1.9945 P3:1.9935 P4:1.9945 STATE:IDLE
[2026-05-11 18:31:44Z] CHK MOM:0.1% RANGE:0.1% UP:66.66% SPREAD:0.05012531% BID:1.995 ASK:1.996 MID:1.9955 P1:1.9955 P2:1.9955 P3:1.9945 P4:1.9935 STATE:IDLE
[2026-05-11 18:31:45Z] CHK MOM:0.1% RANGE:0.1% UP:50% SPREAD:0.05012531% BID:1.995 ASK:1.996 MID:1.9955 P1:1.9955 P2:1.9955 P3:1.9955 P4:1.9945 STATE:IDLE
[2026-05-11 18:31:46Z] CHK MOM:0.1% RANGE:0.1% UP:40% SPREAD:0.05012531% BID:1.995 ASK:1.996 MID:1.9955 P1:1.9955 P2:1.9955 P3:1.9955 P4:1.9955 STATE:IDLE
[2026-05-11 18:31:46Z] CHK MOM:0.1% RANGE:0.1% UP:33.33% SPREAD:0.05012531% BID:1.995 ASK:1.996 MID:1.9955 P1:1.9955 P2:1.9955 P3:1.9955 P4:1.9955 STATE:IDLE
[2026-05-11 18:31:47Z] CHK MOM:0.1% RANGE:0.1% UP:28.57% SPREAD:0.05012531% BID:1.995 ASK:1.996 MID:1.9955 P1:1.9955 P2:1.9955 P3:1.9955 P4:1.9955 STATE:IDLE
[2026-05-11 18:31:47Z] CHK MOM:0.1% RANGE:0.1% UP:28.57% SPREAD:0.05012531% BID:1.995 ASK:1.996 MID:1.9955 P1:1.9955 P2:1.9955 P3:1.9955 P4:1.9955 STATE:IDLE
[2026-05-11 18:31:48Z] CHK MOM:0.1% RANGE:0.1% UP:28.57% SPREAD:0.05012531% BID:1.995 ASK:1.996 MID:1.9955 P1:1.9955 P2:1.9955 P3:1.9955 P4:1.9955 STATE:IDLE
[2026-05-11 18:31:48Z] CHK MOM:0.1% RANGE:0.1% UP:28.57% SPREAD:0.05012531% BID:1.995 ASK:1.996 MID:1.9955 P1:1.9955 P2:1.9955 P3:1.9955 P4:1.9955 STATE:IDLE
[2026-05-11 18:31:49Z] CHK MOM:0.1% RANGE:0.1% UP:25% SPREAD:0.05012531% BID:1.995 ASK:1.996 MID:1.9955 P1:1.9955 P2:1.9955 P3:1.9955 P4:1.9955 STATE:IDLE
[2026-05-11 18:31:49Z] CHK MOM:0.1% RANGE:0.1% UP:22.22% SPREAD:0.05012531% BID:1.995 ASK:1.996 MID:1.9955 P1:1.9955 P2:1.9955 P3:1.9955 P4:1.9955 STATE:IDLE
[2026-05-11 18:31:50Z] CHK MOM:0.1% RANGE:0.1% UP:22.22% SPREAD:0.05012531% BID:1.995 ASK:1.996 MID:1.9955 P1:1.9955 P2:1.9955 P3:1.9955 P4:1.9955 STATE:IDLE
[2026-05-11 18:31:50Z] CHK MOM:0.1% RANGE:0.1% UP:22.22% SPREAD:0.05012531% BID:1.995 ASK:1.996 MID:1.9955 P1:1.9955 P2:1.9955 P3:1.9955 P4:1.9955 STATE:IDLE
[2026-05-11 18:31:51Z] CHK MOM:0.1% RANGE:0.1% UP:20% SPREAD:0.05012531% BID:1.995 ASK:1.996 MID:1.9955 P1:1.9955 P2:1.9955 P3:1.9955 P4:1.9955 STATE:IDLE
[2026-05-11 18:31:52Z] CHK MOM:0.1% RANGE:0.1% UP:20% SPREAD:0.05012531% BID:1.995 ASK:1.996 MID:1.9955 P1:1.9955 P2:1.9955 P3:1.9955 P4:1.9955 STATE:IDLE
[2026-05-11 18:31:52Z] CHK MOM:0.1% RANGE:0.1% UP:20% SPREAD:0.05012531% BID:1.995 ASK:1.996 MID:1.9955 P1:1.9955 P2:1.9955 P3:1.9955 P4:1.9955 STATE:IDLE
[2026-05-11 18:31:53Z] CHK MOM:0.05% RANGE:0.05% UP:10% SPREAD:0.05012531% BID:1.995 ASK:1.996 MID:1.9955 P1:1.9955 P2:1.9955 P3:1.9955 P4:1.9955 STATE:IDLE
[2026-05-11 18:31:53Z] CHK MOM:0.05% RANGE:0.05% UP:10% SPREAD:0.05012531% BID:1.995 ASK:1.996 MID:1.9955 P1:1.9955 P2:1.9955 P3:1.9955 P4:1.9955 STATE:IDLE
[2026-05-11 18:31:54Z] CHK MOM:0.05% RANGE:0.05% UP:10% SPREAD:0.05012531% BID:1.995 ASK:1.996 MID:1.9955 P1:1.9955 P2:1.9955 P3:1.9955 P4:1.9955 STATE:IDLE
[2026-05-11 18:31:54Z] CHK MOM:0.05% RANGE:0.05% UP:10% SPREAD:0.05012531% BID:1.995 ASK:1.996 MID:1.9955 P1:1.9955 P2:1.9955 P3:1.9955 P4:1.9955 STATE:IDLE
[2026-05-11 18:31:55Z] CHK MOM:-0.05% RANGE:0.05% UP:0% SPREAD:0.05015045% BID:1.994 ASK:1.995 MID:1.9945 P1:1.9945 P2:1.9955 P3:1.9955 P4:1.9955 STATE:IDLE
[2026-05-11 18:31:55Z] CHK MOM:-0.02% RANGE:0.05% UP:9.09% SPREAD:0.1003009% BID:1.994 ASK:1.996 MID:1.995 P1:1.995 P2:1.9945 P3:1.9955 P4:1.9955 STATE:IDLE
[2026-05-11 18:31:56Z] CHK MOM:-0.02% RANGE:0.05% UP:9.09% SPREAD:0.1003009% BID:1.994 ASK:1.996 MID:1.995 P1:1.995 P2:1.9945 P3:1.9955 P4:1.9955 STATE:IDLE
[2026-05-11 18:31:57Z] CHK MOM:-0.02% RANGE:0.05% UP:9.09% SPREAD:0.1003009% BID:1.994 ASK:1.996 MID:1.995 P1:1.995 P2:1.995 P3:1.9945 P4:1.9955 STATE:IDLE
[2026-05-11 18:31:57Z] CHK MOM:0% RANGE:0.05% UP:18.18% SPREAD:0.05012531% BID:1.995 ASK:1.996 MID:1.9955 P1:1.9955 P2:1.995 P3:1.995 P4:1.9945 STATE:IDLE
[2026-05-11 18:31:58Z] CHK MOM:0% RANGE:0.05% UP:22.22% SPREAD:0.05012531% BID:1.995 ASK:1.996 MID:1.9955 P1:1.9955 P2:1.9955 P3:1.995 P4:1.995 STATE:IDLE
[2026-05-11 18:31:58Z] CHK MOM:0% RANGE:0.05% UP:22.22% SPREAD:0.05012531% BID:1.995 ASK:1.996 MID:1.9955 P1:1.9955 P2:1.9955 P3:1.995 P4:1.995 STATE:IDLE
[2026-05-11 18:31:59Z] CHK MOM:0% RANGE:0.05% UP:20% SPREAD:0.05012531% BID:1.995 ASK:1.996 MID:1.9955 P1:1.9955 P2:1.9955 P3:1.9955 P4:1.995 STATE:IDLE
[2026-05-11 18:31:59Z] CHK MOM:0% RANGE:0.05% UP:20% SPREAD:0.05012531% BID:1.995 ASK:1.996 MID:1.9955 P1:1.9955 P2:1.9955 P3:1.9955 P4:1.9955 STATE:IDLE
[2026-05-11 18:32:00Z] CHK MOM:0% RANGE:0.05% UP:20% SPREAD:0.05012531% BID:1.995 ASK:1.996 MID:1.9955 P1:1.9955 P2:1.9955 P3:1.9955 P4:1.9955 STATE:IDLE
[2026-05-11 18:32:00Z] CHK MOM:-0.05% RANGE:0.05% UP:18.18% SPREAD:0.05015045% BID:1.994 ASK:1.995 MID:1.9945 P1:1.9945 P2:1.9955 P3:1.9955 P4:1.9955 STATE:IDLE
[2026-05-11 18:32:01Z] CHK MOM:-0.05% RANGE:0.05% UP:16.66% SPREAD:0.05015045% BID:1.994 ASK:1.995 MID:1.9945 P1:1.9945 P2:1.9945 P3:1.9955 P4:1.9955 STATE:IDLE
[2026-05-11 18:32:01Z] CHK MOM:-0.05% RANGE:0.05% UP:16.66% SPREAD:0.05015045% BID:1.994 ASK:1.995 MID:1.9945 P1:1.9945 P2:1.9945 P3:1.9955 P4:1.9955 STATE:IDLE
[2026-05-11 18:32:02Z] CHK MOM:-0.05% RANGE:0.05% UP:16.66% SPREAD:0.05015045% BID:1.994 ASK:1.995 MID:1.9945 P1:1.9945 P2:1.9945 P3:1.9955 P4:1.9955 STATE:IDLE
[2026-05-11 18:32:03Z] CHK MOM:-0.05% RANGE:0.05% UP:20% SPREAD:0.05015045% BID:1.994 ASK:1.995 MID:1.9945 P1:1.9945 P2:1.9945 P3:1.9945 P4:1.9955 STATE:IDLE
[2026-05-11 18:32:03Z] CHK MOM:-0.1% RANGE:0.1% UP:18.18% SPREAD:0.05017561% BID:1.993 ASK:1.994 MID:1.9935 P1:1.9935 P2:1.9945 P3:1.9945 P4:1.9945 STATE:IDLE
[2026-05-11 18:32:04Z] CHK MOM:-0.12% RANGE:0.12% UP:16.66% SPREAD:0.1004016% BID:1.992 ASK:1.994 MID:1.99299999 P1:1.99299999 P2:1.9935 P3:1.9945 P4:1.9945 STATE:IDLE
[2026-05-11 18:32:04Z] CHK MOM:-0.15% RANGE:0.15% UP:15.38% SPREAD:0.0502008% BID:1.992 ASK:1.993 MID:1.9925 P1:1.9925 P2:1.99299999 P3:1.9935 P4:1.9945 STATE:IDLE
[2026-05-11 18:32:05Z] CHK MOM:-0.07% RANGE:0.15% UP:23.07% SPREAD:0.1004016% BID:1.992 ASK:1.994 MID:1.99299999 P1:1.99299999 P2:1.9925 P3:1.99299999 P4:1.9935 STATE:IDLE
[2026-05-11 18:32:05Z] CHK MOM:-0.07% RANGE:0.15% UP:23.07% SPREAD:0.1004016% BID:1.992 ASK:1.994 MID:1.99299999 P1:1.99299999 P2:1.9925 P3:1.99299999 P4:1.9935 STATE:IDLE
[2026-05-11 18:32:06Z] CHK MOM:-0.07% RANGE:0.15% UP:23.07% SPREAD:0.1004016% BID:1.992 ASK:1.994 MID:1.99299999 P1:1.99299999 P2:1.9925 P3:1.99299999 P4:1.9935 STATE:IDLE
[2026-05-11 18:32:06Z] CHK MOM:-0.07% RANGE:0.15% UP:21.42% SPREAD:0.1004016% BID:1.992 ASK:1.994 MID:1.99299999 P1:1.99299999 P2:1.99299999 P3:1.9925 P4:1.99299999 STATE:IDLE
[2026-05-11 18:32:07Z] CHK MOM:-0.1% RANGE:0.15% UP:20% SPREAD:0.0502008% BID:1.992 ASK:1.993 MID:1.9925 P1:1.9925 P2:1.99299999 P3:1.99299999 P4:1.9925 STATE:IDLE
[2026-05-11 18:32:08Z] CHK MOM:-0.1% RANGE:0.15% UP:21.42% SPREAD:0.1004016% BID:1.992 ASK:1.994 MID:1.99299999 P1:1.99299999 P2:1.9925 P3:1.99299999 P4:1.99299999 STATE:IDLE
[2026-05-11 18:32:08Z] CHK MOM:-0.1% RANGE:0.15% UP:21.42% SPREAD:0.1004016% BID:1.992 ASK:1.994 MID:1.99299999 P1:1.99299999 P2:1.9925 P3:1.99299999 P4:1.99299999 STATE:IDLE
[2026-05-11 18:32:09Z] CHK MOM:-0.1% RANGE:0.15% UP:21.42% SPREAD:0.1004016% BID:1.992 ASK:1.994 MID:1.99299999 P1:1.99299999 P2:1.9925 P3:1.99299999 P4:1.99299999 STATE:IDLE
[2026-05-11 18:32:09Z] CHK MOM:-0.1% RANGE:0.15% UP:21.42% SPREAD:0.1004016% BID:1.992 ASK:1.994 MID:1.99299999 P1:1.99299999 P2:1.9925 P3:1.99299999 P4:1.99299999 STATE:IDLE
[2026-05-11 18:32:10Z] CHK MOM:-0.07% RANGE:0.15% UP:23.07% SPREAD:0.10035122% BID:1.993 ASK:1.995 MID:1.994 P1:1.994 P2:1.99299999 P3:1.9925 P4:1.99299999 STATE:IDLE
[2026-05-11 18:32:10Z] CHK MOM:-0.07% RANGE:0.15% UP:23.07% SPREAD:0.10035122% BID:1.993 ASK:1.995 MID:1.994 P1:1.994 P2:1.994 P3:1.99299999 P4:1.9925 STATE:IDLE
[2026-05-11 18:32:11Z] CHK MOM:-0.07% RANGE:0.15% UP:23.07% SPREAD:0.10035122% BID:1.993 ASK:1.995 MID:1.994 P1:1.994 P2:1.994 P3:1.994 P4:1.99299999 STATE:IDLE
[2026-05-11 18:32:11Z] CHK MOM:-0.07% RANGE:0.15% UP:23.07% SPREAD:0.10035122% BID:1.993 ASK:1.995 MID:1.994 P1:1.994 P2:1.994 P3:1.994 P4:1.99299999 STATE:IDLE
[2026-05-11 18:32:12Z] CHK MOM:-0.07% RANGE:0.15% UP:23.07% SPREAD:0.10035122% BID:1.993 ASK:1.995 MID:1.994 P1:1.994 P2:1.994 P3:1.994 P4:1.99299999 STATE:IDLE
[2026-05-11 18:32:12Z] CHK MOM:-0.07% RANGE:0.15% UP:23.07% SPREAD:0.10035122% BID:1.993 ASK:1.995 MID:1.994 P1:1.994 P2:1.994 P3:1.994 P4:1.99299999 STATE:IDLE
[2026-05-11 18:32:13Z] CHK MOM:-0.02% RANGE:0.1% UP:27.27% SPREAD:0.10035122% BID:1.993 ASK:1.995 MID:1.994 P1:1.994 P2:1.994 P3:1.994 P4:1.994 STATE:IDLE
[2026-05-11 18:32:13Z] CHK MOM:-0.05% RANGE:0.1% UP:25% SPREAD:0.05017561% BID:1.993 ASK:1.994 MID:1.9935 P1:1.9935 P2:1.994 P3:1.994 P4:1.994 STATE:IDLE
[2026-05-11 18:32:14Z] CHK MOM:-0.02% RANGE:0.1% UP:30.76% SPREAD:0.10035122% BID:1.993 ASK:1.995 MID:1.994 P1:1.994 P2:1.9935 P3:1.994 P4:1.994 STATE:IDLE
[2026-05-11 18:32:14Z] CHK MOM:-0.02% RANGE:0.1% UP:30.76% SPREAD:0.10035122% BID:1.993 ASK:1.995 MID:1.994 P1:1.994 P2:1.9935 P3:1.994 P4:1.994 STATE:IDLE
[2026-05-11 18:32:15Z] CHK MOM:0.02% RANGE:0.07% UP:30.76% SPREAD:0.10035122% BID:1.993 ASK:1.995 MID:1.994 P1:1.994 P2:1.994 P3:1.9935 P4:1.994 STATE:IDLE
[2026-05-11 18:32:15Z] CHK MOM:0.02% RANGE:0.07% UP:30.76% SPREAD:0.10035122% BID:1.993 ASK:1.995 MID:1.994 P1:1.994 P2:1.994 P3:1.9935 P4:1.994 STATE:IDLE
[2026-05-11 18:32:16Z] CHK MOM:0.02% RANGE:0.07% UP:30.76% SPREAD:0.10035122% BID:1.993 ASK:1.995 MID:1.994 P1:1.994 P2:1.994 P3:1.9935 P4:1.994 STATE:IDLE
[2026-05-11 18:32:16Z] CHK MOM:0.02% RANGE:0.07% UP:30.76% SPREAD:0.10035122% BID:1.993 ASK:1.995 MID:1.994 P1:1.994 P2:1.994 P3:1.9935 P4:1.994 STATE:IDLE
[2026-05-11 18:56:58Z] SESSION_START symbol=PENDLEUSDC dry_run=0 profile=major strategy=momentum base_url=https://api.binance.com
[2026-05-11 18:56:58Z] TOXIC_MEMORY_LOADED count=4 symbols=GUNUSDC,JTOUSDC,ORDIUSDC,SAHARAUSDC
[2026-05-11 18:57:00Z] CHK MOM:0% RANGE:0% UP:0% SPREAD:0.09896091% BID:2.021 ASK:2.023 MID:2.022 P1:2.022 P2:NA P3:NA P4:NA STATE:IDLE
[2026-05-11 18:57:01Z] CHK MOM:-0.02% RANGE:0.02% UP:0% SPREAD:0.04948045% BID:2.021 ASK:2.022 MID:2.02149999 P1:2.02149999 P2:2.022 P3:NA P4:NA STATE:IDLE
[2026-05-11 18:57:01Z] CHK MOM:0.02% RANGE:0.04% UP:50% SPREAD:0.04945598% BID:2.022 ASK:2.023 MID:2.0225 P1:2.0225 P2:2.02149999 P3:2.022 P4:NA STATE:IDLE
[2026-05-11 18:57:02Z] CHK MOM:0.02% RANGE:0.04% UP:50% SPREAD:0.04945598% BID:2.022 ASK:2.023 MID:2.0225 P1:2.0225 P2:2.02149999 P3:2.022 P4:NA STATE:IDLE
[2026-05-11 18:57:02Z] CHK MOM:0% RANGE:0.04% UP:33.33% SPREAD:0.09896091% BID:2.021 ASK:2.023 MID:2.022 P1:2.022 P2:2.0225 P3:2.02149999 P4:2.022 STATE:IDLE
[2026-05-11 18:57:03Z] CHK MOM:0% RANGE:0.04% UP:25% SPREAD:0.09896091% BID:2.021 ASK:2.023 MID:2.022 P1:2.022 P2:2.022 P3:2.0225 P4:2.02149999 STATE:IDLE
[2026-05-11 18:57:03Z] CHK MOM:0% RANGE:0.04% UP:20% SPREAD:0.09896091% BID:2.021 ASK:2.023 MID:2.022 P1:2.022 P2:2.022 P3:2.022 P4:2.0225 STATE:IDLE
[2026-05-11 18:57:04Z] CHK MOM:0% RANGE:0.04% UP:20% SPREAD:0.09896091% BID:2.021 ASK:2.023 MID:2.022 P1:2.022 P2:2.022 P3:2.022 P4:2.0225 STATE:IDLE
[2026-05-11 18:57:04Z] CHK MOM:0% RANGE:0.04% UP:20% SPREAD:0.09896091% BID:2.021 ASK:2.023 MID:2.022 P1:2.022 P2:2.022 P3:2.022 P4:2.0225 STATE:IDLE
[2026-05-11 18:57:05Z] CHK MOM:0% RANGE:0.04% UP:20% SPREAD:0.09896091% BID:2.021 ASK:2.023 MID:2.022 P1:2.022 P2:2.022 P3:2.022 P4:2.0225 STATE:IDLE
[2026-05-11 18:57:06Z] CHK MOM:0% RANGE:0.04% UP:20% SPREAD:0.09896091% BID:2.021 ASK:2.023 MID:2.022 P1:2.022 P2:2.022 P3:2.022 P4:2.0225 STATE:IDLE
[2026-05-11 18:57:08Z] CHK MOM:0% RANGE:0.04% UP:16.66% SPREAD:0.09896091% BID:2.021 ASK:2.023 MID:2.022 P1:2.022 P2:2.022 P3:2.022 P4:2.022 STATE:IDLE
[2026-05-11 18:57:08Z] CHK MOM:0% RANGE:0.04% UP:16.66% SPREAD:0.09896091% BID:2.021 ASK:2.023 MID:2.022 P1:2.022 P2:2.022 P3:2.022 P4:2.022 STATE:IDLE
[2026-05-11 18:57:09Z] CHK MOM:0% RANGE:0.04% UP:16.66% SPREAD:0.09896091% BID:2.021 ASK:2.023 MID:2.022 P1:2.022 P2:2.022 P3:2.022 P4:2.022 STATE:IDLE
[2026-05-11 18:57:09Z] CHK MOM:0% RANGE:0.04% UP:14.28% SPREAD:0.09896091% BID:2.021 ASK:2.023 MID:2.022 P1:2.022 P2:2.022 P3:2.022 P4:2.022 STATE:IDLE
[2026-05-11 18:57:10Z] CHK MOM:0% RANGE:0.04% UP:14.28% SPREAD:0.09896091% BID:2.021 ASK:2.023 MID:2.022 P1:2.022 P2:2.022 P3:2.022 P4:2.022 STATE:IDLE
[2026-05-11 18:57:10Z] CHK MOM:0% RANGE:0.04% UP:12.5% SPREAD:0.09896091% BID:2.021 ASK:2.023 MID:2.022 P1:2.022 P2:2.022 P3:2.022 P4:2.022 STATE:IDLE
[2026-05-11 18:57:11Z] CHK MOM:0% RANGE:0.04% UP:11.11% SPREAD:0.09896091% BID:2.021 ASK:2.023 MID:2.022 P1:2.022 P2:2.022 P3:2.022 P4:2.022 STATE:IDLE
[2026-05-11 18:57:12Z] CHK MOM:0% RANGE:0.04% UP:11.11% SPREAD:0.09896091% BID:2.021 ASK:2.023 MID:2.022 P1:2.022 P2:2.022 P3:2.022 P4:2.022 STATE:IDLE
[2026-05-11 18:57:12Z] CHK MOM:0% RANGE:0.04% UP:11.11% SPREAD:0.04948045% BID:2.021 ASK:2.022 MID:2.02149999 P1:2.02149999 P2:2.022 P3:2.022 P4:2.022 STATE:IDLE
[2026-05-11 18:57:13Z] CHK MOM:0% RANGE:0.04% UP:10% SPREAD:0.04948045% BID:2.021 ASK:2.022 MID:2.02149999 P1:2.02149999 P2:2.02149999 P3:2.022 P4:2.022 STATE:IDLE
[2026-05-11 18:57:13Z] CHK MOM:0% RANGE:0.04% UP:10% SPREAD:0.04948045% BID:2.021 ASK:2.022 MID:2.02149999 P1:2.02149999 P2:2.02149999 P3:2.022 P4:2.022 STATE:IDLE
[2026-05-11 18:57:14Z] CHK MOM:0% RANGE:0.04% UP:10% SPREAD:0.04948045% BID:2.021 ASK:2.022 MID:2.02149999 P1:2.02149999 P2:2.02149999 P3:2.022 P4:2.022 STATE:IDLE
[2026-05-11 18:57:14Z] CHK MOM:0.02% RANGE:0.04% UP:12.5% SPREAD:0.04945598% BID:2.022 ASK:2.023 MID:2.0225 P1:2.0225 P2:2.02149999 P3:2.02149999 P4:2.022 STATE:IDLE
[2026-05-11 18:57:15Z] CHK MOM:0.02% RANGE:0.04% UP:12.5% SPREAD:0.04945598% BID:2.022 ASK:2.023 MID:2.0225 P1:2.0225 P2:2.02149999 P3:2.02149999 P4:2.022 STATE:IDLE
[2026-05-11 18:57:15Z] CHK MOM:0.02% RANGE:0.04% UP:12.5% SPREAD:0.04945598% BID:2.022 ASK:2.023 MID:2.0225 P1:2.0225 P2:2.02149999 P3:2.02149999 P4:2.022 STATE:IDLE
[2026-05-11 18:57:16Z] CHK MOM:0.02% RANGE:0.04% UP:14.28% SPREAD:0.04945598% BID:2.022 ASK:2.023 MID:2.0225 P1:2.0225 P2:2.0225 P3:2.02149999 P4:2.02149999 STATE:IDLE
[2026-05-11 18:57:17Z] CHK MOM:0.02% RANGE:0.04% UP:12.5% SPREAD:0.04945598% BID:2.022 ASK:2.023 MID:2.0225 P1:2.0225 P2:2.0225 P3:2.0225 P4:2.02149999 STATE:IDLE
[2026-05-11 18:57:17Z] CHK MOM:-0.02% RANGE:0.04% UP:11.11% SPREAD:0.04948045% BID:2.021 ASK:2.022 MID:2.02149999 P1:2.02149999 P2:2.0225 P3:2.0225 P4:2.0225 STATE:IDLE
[2026-05-11 18:57:18Z] CHK MOM:-0.02% RANGE:0.04% UP:11.11% SPREAD:0.04948045% BID:2.021 ASK:2.022 MID:2.02149999 P1:2.02149999 P2:2.0225 P3:2.0225 P4:2.0225 STATE:IDLE
[2026-05-11 18:57:18Z] CHK MOM:-0.02% RANGE:0.04% UP:10% SPREAD:0.04948045% BID:2.021 ASK:2.022 MID:2.02149999 P1:2.02149999 P2:2.02149999 P3:2.0225 P4:2.0225 STATE:IDLE
[2026-05-11 18:57:19Z] CHK MOM:-0.02% RANGE:0.04% UP:10% SPREAD:0.04948045% BID:2.021 ASK:2.022 MID:2.02149999 P1:2.02149999 P2:2.02149999 P3:2.0225 P4:2.0225 STATE:IDLE
[2026-05-11 18:57:19Z] CHK MOM:-0.02% RANGE:0.04% UP:9.09% SPREAD:0.04948045% BID:2.021 ASK:2.022 MID:2.02149999 P1:2.02149999 P2:2.02149999 P3:2.02149999 P4:2.0225 STATE:IDLE
[2026-05-11 18:57:20Z] CHK MOM:0.02% RANGE:0.04% UP:18.18% SPREAD:0.04945598% BID:2.022 ASK:2.023 MID:2.0225 P1:2.0225 P2:2.02149999 P3:2.02149999 P4:2.02149999 STATE:IDLE
[2026-05-11 18:57:20Z] CHK MOM:-0.04% RANGE:0.07% UP:16.66% SPREAD:0.0990099% BID:2.02 ASK:2.022 MID:2.021 P1:2.021 P2:2.0225 P3:2.02149999 P4:2.02149999 STATE:IDLE
[2026-05-11 18:57:21Z] CHK MOM:-0.02% RANGE:0.07% UP:23.07% SPREAD:0.14851485% BID:2.02 ASK:2.023 MID:2.0215 P1:2.0215 P2:2.021 P3:2.0225 P4:2.02149999 STATE:IDLE
[2026-05-11 18:57:21Z] CHK MOM:-0.04% RANGE:0.07% UP:23.07% SPREAD:0.0990099% BID:2.02 ASK:2.022 MID:2.021 P1:2.021 P2:2.0215 P3:2.021 P4:2.0225 STATE:IDLE
[2026-05-11 18:57:22Z] CHK MOM:-0.04% RANGE:0.07% UP:23.07% SPREAD:0.0990099% BID:2.02 ASK:2.022 MID:2.021 P1:2.021 P2:2.0215 P3:2.021 P4:2.0225 STATE:IDLE
[2026-05-11 18:57:23Z] CHK MOM:-0.02% RANGE:0.07% UP:28.57% SPREAD:0.04948045% BID:2.021 ASK:2.022 MID:2.02149999 P1:2.02149999 P2:2.021 P3:2.0215 P4:2.021 STATE:IDLE
[2026-05-11 18:57:23Z] CHK MOM:0% RANGE:0.07% UP:30.76% SPREAD:0.04948045% BID:2.021 ASK:2.022 MID:2.02149999 P1:2.02149999 P2:2.02149999 P3:2.021 P4:2.0215 STATE:IDLE
[2026-05-11 18:57:24Z] CHK MOM:0% RANGE:0.07% UP:30.76% SPREAD:0.04948045% BID:2.021 ASK:2.022 MID:2.02149999 P1:2.02149999 P2:2.02149999 P3:2.021 P4:2.0215 STATE:IDLE
[2026-05-11 18:57:24Z] CHK MOM:0% RANGE:0.07% UP:30.76% SPREAD:0.04948045% BID:2.021 ASK:2.022 MID:2.02149999 P1:2.02149999 P2:2.02149999 P3:2.021 P4:2.0215 STATE:IDLE
[2026-05-11 18:57:25Z] CHK MOM:-0.07% RANGE:0.07% UP:25% SPREAD:0.0990099% BID:2.02 ASK:2.022 MID:2.021 P1:2.021 P2:2.02149999 P3:2.02149999 P4:2.021 STATE:IDLE
[2026-05-11 18:57:25Z] CHK MOM:-0.07% RANGE:0.07% UP:25% SPREAD:0.0990099% BID:2.02 ASK:2.022 MID:2.021 P1:2.021 P2:2.02149999 P3:2.02149999 P4:2.021 STATE:IDLE
[2026-05-11 18:57:26Z] CHK MOM:-0.07% RANGE:0.07% UP:23.07% SPREAD:0.0990099% BID:2.02 ASK:2.022 MID:2.021 P1:2.021 P2:2.021 P3:2.02149999 P4:2.02149999 STATE:IDLE
[2026-05-11 18:57:26Z] CHK MOM:-0.04% RANGE:0.07% UP:28.57% SPREAD:0.04948045% BID:2.021 ASK:2.022 MID:2.02149999 P1:2.02149999 P2:2.021 P3:2.021 P4:2.02149999 STATE:IDLE
[2026-05-11 18:57:27Z] CHK MOM:-0.04% RANGE:0.07% UP:28.57% SPREAD:0.04948045% BID:2.021 ASK:2.022 MID:2.02149999 P1:2.02149999 P2:2.021 P3:2.021 P4:2.02149999 STATE:IDLE
[2026-05-11 18:57:28Z] CHK MOM:-0.04% RANGE:0.07% UP:28.57% SPREAD:0.04948045% BID:2.021 ASK:2.022 MID:2.02149999 P1:2.02149999 P2:2.021 P3:2.021 P4:2.02149999 STATE:IDLE
[2026-05-11 18:57:28Z] CHK MOM:-0.02% RANGE:0.07% UP:33.33% SPREAD:0.0990099% BID:2.02 ASK:2.022 MID:2.021 P1:2.021 P2:2.02149999 P3:2.021 P4:2.021 STATE:IDLE
[2026-05-11 18:57:29Z] CHK MOM:-0.02% RANGE:0.07% UP:30.76% SPREAD:0.0990099% BID:2.02 ASK:2.022 MID:2.021 P1:2.021 P2:2.021 P3:2.02149999 P4:2.021 STATE:IDLE
[2026-05-11 18:57:29Z] CHK MOM:-0.02% RANGE:0.07% UP:30.76% SPREAD:0.0990099% BID:2.02 ASK:2.022 MID:2.021 P1:2.021 P2:2.021 P3:2.02149999 P4:2.021 STATE:IDLE
[2026-05-11 18:57:30Z] CHK MOM:-0.04% RANGE:0.09% UP:30.76% SPREAD:0.04950495% BID:2.02 ASK:2.021 MID:2.0205 P1:2.0205 P2:2.021 P3:2.021 P4:2.02149999 STATE:IDLE
[2026-05-11 18:57:30Z] CHK MOM:-0.04% RANGE:0.09% UP:30.76% SPREAD:0.04950495% BID:2.02 ASK:2.021 MID:2.0205 P1:2.0205 P2:2.021 P3:2.021 P4:2.02149999 STATE:IDLE
[2026-05-11 18:57:31Z] CHK MOM:-0.04% RANGE:0.09% UP:30.76% SPREAD:0.04950495% BID:2.02 ASK:2.021 MID:2.0205 P1:2.0205 P2:2.021 P3:2.021 P4:2.02149999 STATE:IDLE
[2026-05-11 18:57:31Z] CHK MOM:-0.04% RANGE:0.09% UP:30.76% SPREAD:0.04950495% BID:2.02 ASK:2.021 MID:2.0205 P1:2.0205 P2:2.021 P3:2.021 P4:2.02149999 STATE:IDLE
[2026-05-11 18:57:32Z] CHK MOM:-0.04% RANGE:0.09% UP:30.76% SPREAD:0.04950495% BID:2.02 ASK:2.021 MID:2.0205 P1:2.0205 P2:2.021 P3:2.021 P4:2.02149999 STATE:IDLE
[2026-05-11 18:57:33Z] CHK MOM:-0.02% RANGE:0.04% UP:27.27% SPREAD:0.04950495% BID:2.02 ASK:2.021 MID:2.0205 P1:2.0205 P2:2.0205 P3:2.021 P4:2.021 STATE:IDLE
[2026-05-11 18:57:34Z] CHK MOM:-0.02% RANGE:0.04% UP:20% SPREAD:0.04950495% BID:2.02 ASK:2.021 MID:2.0205 P1:2.0205 P2:2.0205 P3:2.0205 P4:2.021 STATE:IDLE
[2026-05-11 18:57:34Z] CHK MOM:-0.02% RANGE:0.04% UP:20% SPREAD:0.04950495% BID:2.02 ASK:2.021 MID:2.0205 P1:2.0205 P2:2.0205 P3:2.0205 P4:2.021 STATE:IDLE
[2026-05-11 18:57:35Z] CHK MOM:-0.02% RANGE:0.04% UP:20% SPREAD:0.04950495% BID:2.02 ASK:2.021 MID:2.0205 P1:2.0205 P2:2.0205 P3:2.0205 P4:2.021 STATE:IDLE
[2026-05-11 18:57:35Z] CHK MOM:-0.02% RANGE:0.04% UP:20% SPREAD:0.04950495% BID:2.02 ASK:2.021 MID:2.0205 P1:2.0205 P2:2.0205 P3:2.0205 P4:2.021 STATE:IDLE
[2026-05-11 18:57:36Z] CHK MOM:-0.02% RANGE:0.04% UP:20% SPREAD:0.04950495% BID:2.02 ASK:2.021 MID:2.0205 P1:2.0205 P2:2.0205 P3:2.0205 P4:2.021 STATE:IDLE
[2026-05-11 18:57:37Z] CHK MOM:-0.02% RANGE:0.04% UP:12.5% SPREAD:0.04950495% BID:2.02 ASK:2.021 MID:2.0205 P1:2.0205 P2:2.0205 P3:2.0205 P4:2.0205 STATE:IDLE
[2026-05-11 18:57:37Z] CHK MOM:-0.02% RANGE:0.04% UP:12.5% SPREAD:0.04950495% BID:2.02 ASK:2.021 MID:2.0205 P1:2.0205 P2:2.0205 P3:2.0205 P4:2.0205 STATE:IDLE
[2026-05-11 18:57:39Z] CHK MOM:-0.02% RANGE:0.04% UP:12.5% SPREAD:0.04950495% BID:2.02 ASK:2.021 MID:2.0205 P1:2.0205 P2:2.0205 P3:2.0205 P4:2.0205 STATE:IDLE
[2026-05-11 18:57:39Z] CHK MOM:-0.02% RANGE:0.02% UP:0% SPREAD:0.04950495% BID:2.02 ASK:2.021 MID:2.0205 P1:2.0205 P2:2.0205 P3:2.0205 P4:2.0205 STATE:IDLE
[2026-05-11 18:57:40Z] CHK MOM:-0.02% RANGE:0.02% UP:0% SPREAD:0.04950495% BID:2.02 ASK:2.021 MID:2.0205 P1:2.0205 P2:2.0205 P3:2.0205 P4:2.0205 STATE:IDLE
[2026-05-11 18:57:40Z] CHK MOM:-0.02% RANGE:0.02% UP:0% SPREAD:0.04950495% BID:2.02 ASK:2.021 MID:2.0205 P1:2.0205 P2:2.0205 P3:2.0205 P4:2.0205 STATE:IDLE
[2026-05-11 18:57:41Z] CHK MOM:0% RANGE:0.02% UP:14.28% SPREAD:0.0990099% BID:2.02 ASK:2.022 MID:2.021 P1:2.021 P2:2.0205 P3:2.0205 P4:2.0205 STATE:IDLE
[2026-05-11 18:57:41Z] CHK MOM:0% RANGE:0.02% UP:12.5% SPREAD:0.0990099% BID:2.02 ASK:2.022 MID:2.021 P1:2.021 P2:2.021 P3:2.0205 P4:2.0205 STATE:IDLE
[2026-05-11 18:57:42Z] CHK MOM:0% RANGE:0.02% UP:12.5% SPREAD:0.04950495% BID:2.02 ASK:2.021 MID:2.0205 P1:2.0205 P2:2.021 P3:2.021 P4:2.0205 STATE:IDLE
[2026-05-11 18:57:42Z] CHK MOM:0% RANGE:0.02% UP:12.5% SPREAD:0.04950495% BID:2.02 ASK:2.021 MID:2.0205 P1:2.0205 P2:2.021 P3:2.021 P4:2.0205 STATE:IDLE
[2026-05-11 18:57:43Z] CHK MOM:0% RANGE:0.02% UP:12.5% SPREAD:0.04950495% BID:2.02 ASK:2.021 MID:2.0205 P1:2.0205 P2:2.021 P3:2.021 P4:2.0205 STATE:IDLE
[2026-05-11 18:57:44Z] CHK MOM:0% RANGE:0.02% UP:12.5% SPREAD:0.04950495% BID:2.02 ASK:2.021 MID:2.0205 P1:2.0205 P2:2.021 P3:2.021 P4:2.0205 STATE:IDLE
[2026-05-11 18:57:44Z] CHK MOM:0.02% RANGE:0.02% UP:28.57% SPREAD:0.0990099% BID:2.02 ASK:2.022 MID:2.021 P1:2.021 P2:2.0205 P3:2.021 P4:2.021 STATE:IDLE
[2026-05-11 18:57:45Z] CHK MOM:0.04% RANGE:0.04% UP:37.5% SPREAD:0.04948045% BID:2.021 ASK:2.022 MID:2.02149999 P1:2.02149999 P2:2.021 P3:2.0205 P4:2.021 STATE:IDLE
[2026-05-11 18:57:45Z] CHK MOM:0.04% RANGE:0.04% UP:33.33% SPREAD:0.04948045% BID:2.021 ASK:2.022 MID:2.02149999 P1:2.02149999 P2:2.02149999 P3:2.021 P4:2.0205 STATE:IDLE
[2026-05-11 18:57:46Z] CHK MOM:0.04% RANGE:0.04% UP:33.33% SPREAD:0.04948045% BID:2.021 ASK:2.022 MID:2.02149999 P1:2.02149999 P2:2.02149999 P3:2.021 P4:2.0205 STATE:IDLE
[2026-05-11 18:57:46Z] CHK MOM:0.04% RANGE:0.04% UP:33.33% SPREAD:0.04948045% BID:2.021 ASK:2.022 MID:2.02149999 P1:2.02149999 P2:2.02149999 P3:2.02149999 P4:2.021 STATE:IDLE
[2026-05-11 18:57:47Z] CHK MOM:0% RANGE:0.04% UP:30% SPREAD:0.04950495% BID:2.02 ASK:2.021 MID:2.0205 P1:2.0205 P2:2.02149999 P3:2.02149999 P4:2.02149999 STATE:IDLE
[2026-05-11 18:57:47Z] CHK MOM:0% RANGE:0.04% UP:30% SPREAD:0.04950495% BID:2.02 ASK:2.021 MID:2.0205 P1:2.0205 P2:2.02149999 P3:2.02149999 P4:2.02149999 STATE:IDLE
[2026-05-11 18:57:48Z] CHK MOM:0% RANGE:0.04% UP:30% SPREAD:0.04950495% BID:2.02 ASK:2.021 MID:2.0205 P1:2.0205 P2:2.02149999 P3:2.02149999 P4:2.02149999 STATE:IDLE
[2026-05-11 18:57:49Z] CHK MOM:0% RANGE:0.04% UP:30% SPREAD:0.04950495% BID:2.02 ASK:2.021 MID:2.0205 P1:2.0205 P2:2.02149999 P3:2.02149999 P4:2.02149999 STATE:IDLE
[2026-05-11 18:57:49Z] CHK MOM:0% RANGE:0.04% UP:30% SPREAD:0.04950495% BID:2.02 ASK:2.021 MID:2.0205 P1:2.0205 P2:2.02149999 P3:2.02149999 P4:2.02149999 STATE:IDLE
[2026-05-11 18:57:50Z] CHK MOM:0.02% RANGE:0.04% UP:40% SPREAD:0.0990099% BID:2.02 ASK:2.022 MID:2.021 P1:2.021 P2:2.0205 P3:2.02149999 P4:2.02149999 STATE:IDLE
[2026-05-11 18:57:50Z] CHK MOM:0.02% RANGE:0.04% UP:36.36% SPREAD:0.0990099% BID:2.02 ASK:2.022 MID:2.021 P1:2.021 P2:2.021 P3:2.0205 P4:2.02149999 STATE:IDLE
[2026-05-11 18:57:51Z] CHK MOM:0.02% RANGE:0.04% UP:36.36% SPREAD:0.0990099% BID:2.02 ASK:2.022 MID:2.021 P1:2.021 P2:2.021 P3:2.0205 P4:2.02149999 STATE:IDLE
[2026-05-11 18:57:51Z] CHK MOM:0.02% RANGE:0.04% UP:36.36% SPREAD:0.0990099% BID:2.02 ASK:2.022 MID:2.021 P1:2.021 P2:2.021 P3:2.0205 P4:2.02149999 STATE:IDLE
[2026-05-11 18:57:52Z] CHK MOM:0.02% RANGE:0.04% UP:36.36% SPREAD:0.0990099% BID:2.02 ASK:2.022 MID:2.021 P1:2.021 P2:2.021 P3:2.0205 P4:2.02149999 STATE:IDLE
[2026-05-11 18:57:52Z] CHK MOM:0.02% RANGE:0.04% UP:36.36% SPREAD:0.0990099% BID:2.02 ASK:2.022 MID:2.021 P1:2.021 P2:2.021 P3:2.0205 P4:2.02149999 STATE:IDLE
[2026-05-11 18:57:53Z] CHK MOM:0.02% RANGE:0.04% UP:36.36% SPREAD:0.0990099% BID:2.02 ASK:2.022 MID:2.021 P1:2.021 P2:2.021 P3:2.0205 P4:2.02149999 STATE:IDLE
[2026-05-11 18:57:55Z] CHK MOM:0% RANGE:0.04% UP:28.57% SPREAD:0.0990099% BID:2.02 ASK:2.022 MID:2.021 P1:2.021 P2:2.021 P3:2.021 P4:2.0205 STATE:IDLE
[2026-05-11 18:57:56Z] CHK MOM:0% RANGE:0.04% UP:28.57% SPREAD:0.0990099% BID:2.02 ASK:2.022 MID:2.021 P1:2.021 P2:2.021 P3:2.021 P4:2.0205 STATE:IDLE
[2026-05-11 18:57:56Z] CHK MOM:-0.02% RANGE:0.04% UP:14.28% SPREAD:0.0990099% BID:2.02 ASK:2.022 MID:2.021 P1:2.021 P2:2.021 P3:2.021 P4:2.021 STATE:IDLE
[2026-05-11 18:57:57Z] CHK MOM:-0.02% RANGE:0.04% UP:14.28% SPREAD:0.0990099% BID:2.02 ASK:2.022 MID:2.021 P1:2.021 P2:2.021 P3:2.021 P4:2.021 STATE:IDLE
[2026-05-11 18:57:57Z] CHK MOM:-0.02% RANGE:0.04% UP:14.28% SPREAD:0.0990099% BID:2.02 ASK:2.022 MID:2.021 P1:2.021 P2:2.021 P3:2.021 P4:2.021 STATE:IDLE
[2026-05-11 18:57:58Z] CHK MOM:-0.04% RANGE:0.04% UP:12.5% SPREAD:0.04950495% BID:2.02 ASK:2.021 MID:2.0205 P1:2.0205 P2:2.021 P3:2.021 P4:2.021 STATE:IDLE
[2026-05-11 18:57:58Z] CHK MOM:-0.04% RANGE:0.04% UP:12.5% SPREAD:0.04950495% BID:2.02 ASK:2.021 MID:2.0205 P1:2.0205 P2:2.021 P3:2.021 P4:2.021 STATE:IDLE
[2026-05-11 18:57:59Z] CHK MOM:-0.04% RANGE:0.04% UP:12.5% SPREAD:0.04950495% BID:2.02 ASK:2.021 MID:2.0205 P1:2.0205 P2:2.021 P3:2.021 P4:2.021 STATE:IDLE
[2026-05-11 18:57:59Z] CHK MOM:-0.04% RANGE:0.04% UP:12.5% SPREAD:0.04950495% BID:2.02 ASK:2.021 MID:2.0205 P1:2.0205 P2:2.021 P3:2.021 P4:2.021 STATE:IDLE
[2026-05-11 18:58:00Z] CHK MOM:-0.04% RANGE:0.04% UP:12.5% SPREAD:0.04950495% BID:2.02 ASK:2.021 MID:2.0205 P1:2.0205 P2:2.021 P3:2.021 P4:2.021 STATE:IDLE
[2026-05-11 18:58:01Z] CHK MOM:0% RANGE:0.02% UP:14.28% SPREAD:0.0990099% BID:2.02 ASK:2.022 MID:2.021 P1:2.021 P2:2.0205 P3:2.021 P4:2.021 STATE:IDLE
[2026-05-11 18:58:01Z] CHK MOM:0.04% RANGE:0.07% UP:25% SPREAD:0.09896091% BID:2.021 ASK:2.023 MID:2.022 P1:2.022 P2:2.021 P3:2.0205 P4:2.021 STATE:IDLE
[2026-05-11 18:58:02Z] CHK MOM:0.04% RANGE:0.07% UP:22.22% SPREAD:0.09896091% BID:2.021 ASK:2.023 MID:2.022 P1:2.022 P2:2.022 P3:2.021 P4:2.0205 STATE:IDLE
[2026-05-11 18:58:02Z] CHK MOM:0.04% RANGE:0.07% UP:22.22% SPREAD:0.09896091% BID:2.021 ASK:2.023 MID:2.022 P1:2.022 P2:2.022 P3:2.021 P4:2.0205 STATE:IDLE
[2026-05-11 18:58:03Z] CHK MOM:0.02% RANGE:0.07% UP:25% SPREAD:0.04948045% BID:2.021 ASK:2.022 MID:2.02149999 P1:2.02149999 P2:2.022 P3:2.022 P4:2.021 STATE:IDLE
[2026-05-11 18:58:03Z] CHK MOM:0% RANGE:0.07% UP:22.22% SPREAD:0.0990099% BID:2.02 ASK:2.022 MID:2.021 P1:2.021 P2:2.02149999 P3:2.022 P4:2.022 STATE:IDLE
[2026-05-11 18:58:04Z] CHK MOM:0% RANGE:0.07% UP:20% SPREAD:0.0990099% BID:2.02 ASK:2.022 MID:2.021 P1:2.021 P2:2.021 P3:2.02149999 P4:2.022 STATE:IDLE
[2026-05-11 18:58:04Z] CHK MOM:0% RANGE:0.07% UP:20% SPREAD:0.0990099% BID:2.02 ASK:2.022 MID:2.021 P1:2.021 P2:2.021 P3:2.02149999 P4:2.022 STATE:IDLE
[2026-05-11 18:58:05Z] CHK MOM:0.02% RANGE:0.07% UP:27.27% SPREAD:0.04948045% BID:2.021 ASK:2.022 MID:2.02149999 P1:2.02149999 P2:2.021 P3:2.021 P4:2.02149999 STATE:IDLE
[2026-05-11 18:58:06Z] CHK MOM:0% RANGE:0.07% UP:25% SPREAD:0.0990099% BID:2.02 ASK:2.022 MID:2.021 P1:2.021 P2:2.02149999 P3:2.021 P4:2.021 STATE:IDLE
[2026-05-11 18:58:06Z] CHK MOM:0% RANGE:0.07% UP:25% SPREAD:0.0990099% BID:2.02 ASK:2.022 MID:2.021 P1:2.021 P2:2.02149999 P3:2.021 P4:2.021 STATE:IDLE
[2026-05-11 18:58:07Z] CHK MOM:0% RANGE:0.07% UP:25% SPREAD:0.0990099% BID:2.02 ASK:2.022 MID:2.021 P1:2.021 P2:2.02149999 P3:2.021 P4:2.021 STATE:IDLE
[2026-05-11 18:58:07Z] CHK MOM:0% RANGE:0.07% UP:25% SPREAD:0.0990099% BID:2.02 ASK:2.022 MID:2.021 P1:2.021 P2:2.021 P3:2.02149999 P4:2.021 STATE:IDLE
[2026-05-11 18:58:08Z] CHK MOM:0% RANGE:0.07% UP:25% SPREAD:0.0990099% BID:2.02 ASK:2.022 MID:2.021 P1:2.021 P2:2.021 P3:2.02149999 P4:2.021 STATE:IDLE
[2026-05-11 18:58:08Z] CHK MOM:0% RANGE:0.07% UP:25% SPREAD:0.0990099% BID:2.02 ASK:2.022 MID:2.021 P1:2.021 P2:2.021 P3:2.02149999 P4:2.021 STATE:IDLE
[2026-05-11 18:58:09Z] CHK MOM:0% RANGE:0.07% UP:25% SPREAD:0.0990099% BID:2.02 ASK:2.022 MID:2.021 P1:2.021 P2:2.021 P3:2.02149999 P4:2.021 STATE:IDLE
[2026-05-11 18:58:09Z] CHK MOM:0% RANGE:0.07% UP:25% SPREAD:0.0990099% BID:2.02 ASK:2.022 MID:2.021 P1:2.021 P2:2.021 P3:2.02149999 P4:2.021 STATE:IDLE
[2026-05-11 18:58:10Z] CHK MOM:0% RANGE:0.07% UP:25% SPREAD:0.0990099% BID:2.02 ASK:2.022 MID:2.021 P1:2.021 P2:2.021 P3:2.02149999 P4:2.021 STATE:IDLE
[2026-05-11 18:58:13Z] CHK MOM:-0.04% RANGE:0.04% UP:12.5% SPREAD:0.0990099% BID:2.02 ASK:2.022 MID:2.021 P1:2.021 P2:2.021 P3:2.021 P4:2.02149999 STATE:IDLE
[2026-05-11 18:58:14Z] CHK MOM:-0.02% RANGE:0.02% UP:14.28% SPREAD:0.0990099% BID:2.02 ASK:2.022 MID:2.021 P1:2.021 P2:2.021 P3:2.021 P4:2.021 STATE:IDLE
[2026-05-11 18:58:14Z] CHK MOM:-0.02% RANGE:0.02% UP:12.5% SPREAD:0.0990099% BID:2.02 ASK:2.022 MID:2.021 P1:2.021 P2:2.021 P3:2.021 P4:2.021 STATE:IDLE
[2026-05-11 18:58:15Z] CHK MOM:-0.02% RANGE:0.02% UP:12.5% SPREAD:0.0990099% BID:2.02 ASK:2.022 MID:2.021 P1:2.021 P2:2.021 P3:2.021 P4:2.021 STATE:IDLE
[2026-05-11 18:58:15Z] CHK MOM:-0.04% RANGE:0.07% UP:12.5% SPREAD:0.09905894% BID:2.019 ASK:2.021 MID:2.02 P1:2.02 P2:2.021 P3:2.021 P4:2.021 STATE:IDLE
[2026-05-11 18:58:16Z] CHK MOM:-0.04% RANGE:0.07% UP:12.5% SPREAD:0.09905894% BID:2.019 ASK:2.021 MID:2.02 P1:2.02 P2:2.021 P3:2.021 P4:2.021 STATE:IDLE
[2026-05-11 18:58:16Z] CHK MOM:-0.04% RANGE:0.07% UP:12.5% SPREAD:0.09905894% BID:2.019 ASK:2.021 MID:2.02 P1:2.02 P2:2.021 P3:2.021 P4:2.021 STATE:IDLE
[2026-05-11 18:58:17Z] CHK MOM:-0.02% RANGE:0.04% UP:16.66% SPREAD:0.04950495% BID:2.02 ASK:2.021 MID:2.0205 P1:2.0205 P2:2.02 P3:2.021 P4:2.021 STATE:IDLE
[2026-05-11 18:58:17Z] CHK MOM:-0.04% RANGE:0.04% UP:16.66% SPREAD:0.09905894% BID:2.019 ASK:2.021 MID:2.02 P1:2.02 P2:2.0205 P3:2.02 P4:2.021 STATE:IDLE
[2026-05-11 18:58:18Z] CHK MOM:-0.02% RANGE:0.04% UP:28.57% SPREAD:0.04950495% BID:2.02 ASK:2.021 MID:2.0205 P1:2.0205 P2:2.02 P3:2.0205 P4:2.02 STATE:IDLE
[2026-05-11 18:58:19Z] CHK MOM:-0.04% RANGE:0.04% UP:25% SPREAD:0.09905894% BID:2.019 ASK:2.021 MID:2.02 P1:2.02 P2:2.0205 P3:2.02 P4:2.0205 STATE:IDLE
[2026-05-11 18:58:19Z] CHK MOM:-0.04% RANGE:0.04% UP:25% SPREAD:0.09905894% BID:2.019 ASK:2.021 MID:2.02 P1:2.02 P2:2.02 P3:2.0205 P4:2.02 STATE:IDLE
[2026-05-11 18:58:20Z] CHK MOM:-0.04% RANGE:0.04% UP:25% SPREAD:0.09905894% BID:2.019 ASK:2.021 MID:2.02 P1:2.02 P2:2.02 P3:2.0205 P4:2.02 STATE:IDLE
[2026-05-11 18:58:20Z] CHK MOM:-0.04% RANGE:0.04% UP:25% SPREAD:0.09905894% BID:2.019 ASK:2.021 MID:2.02 P1:2.02 P2:2.02 P3:2.0205 P4:2.02 STATE:IDLE
[2026-05-11 18:58:21Z] CHK MOM:-0.07% RANGE:0.07% UP:22.22% SPREAD:0.04952947% BID:2.019 ASK:2.02 MID:2.0195 P1:2.0195 P2:2.02 P3:2.02 P4:2.0205 STATE:IDLE
[2026-05-11 18:58:21Z] CHK MOM:-0.09% RANGE:0.09% UP:20% SPREAD:0.09910802% BID:2.018 ASK:2.02 MID:2.019 P1:2.019 P2:2.0195 P3:2.02 P4:2.02 STATE:IDLE
[2026-05-11 18:58:22Z] CHK MOM:-0.09% RANGE:0.09% UP:20% SPREAD:0.09910802% BID:2.018 ASK:2.02 MID:2.019 P1:2.019 P2:2.0195 P3:2.02 P4:2.02 STATE:IDLE
[2026-05-11 18:58:22Z] CHK MOM:-0.09% RANGE:0.09% UP:18.18% SPREAD:0.09910802% BID:2.018 ASK:2.02 MID:2.019 P1:2.019 P2:2.019 P3:2.0195 P4:2.02 STATE:IDLE
[2026-05-11 18:58:23Z] CHK MOM:-0.09% RANGE:0.09% UP:18.18% SPREAD:0.09910802% BID:2.018 ASK:2.02 MID:2.019 P1:2.019 P2:2.019 P3:2.0195 P4:2.02 STATE:IDLE
[2026-05-11 18:58:24Z] CHK MOM:-0.09% RANGE:0.09% UP:16.66% SPREAD:0.09910802% BID:2.018 ASK:2.02 MID:2.019 P1:2.019 P2:2.019 P3:2.019 P4:2.0195 STATE:IDLE
[2026-05-11 18:58:24Z] CHK MOM:-0.12% RANGE:0.12% UP:15.38% SPREAD:0.04955401% BID:2.018 ASK:2.019 MID:2.0185 P1:2.0185 P2:2.019 P3:2.019 P4:2.019 STATE:IDLE
[2026-05-11 18:58:25Z] CHK MOM:-0.12% RANGE:0.12% UP:15.38% SPREAD:0.04955401% BID:2.018 ASK:2.019 MID:2.0185 P1:2.0185 P2:2.019 P3:2.019 P4:2.019 STATE:IDLE
[2026-05-11 18:58:25Z] CHK MOM:-0.14% RANGE:0.14% UP:15.38% SPREAD:0.09915716% BID:2.017 ASK:2.019 MID:2.018 P1:2.018 P2:2.0185 P3:2.019 P4:2.019 STATE:IDLE
[2026-05-11 18:58:26Z] CHK MOM:-0.24% RANGE:0.24% UP:14.28% SPREAD:0.09925558% BID:2.015 ASK:2.017 MID:2.016 P1:2.016 P2:2.018 P3:2.0185 P4:2.019 STATE:IDLE
[2026-05-11 18:58:26Z] CHK MOM:-0.24% RANGE:0.27% UP:15.38% SPREAD:0.09930486% BID:2.014 ASK:2.016 MID:2.01499999 P1:2.01499999 P2:2.016 P3:2.018 P4:2.0185 STATE:IDLE
[2026-05-11 18:58:27Z] CHK MOM:-0.24% RANGE:0.27% UP:14.28% SPREAD:0.09930486% BID:2.014 ASK:2.016 MID:2.01499999 P1:2.01499999 P2:2.01499999 P3:2.016 P4:2.018 STATE:IDLE
[2026-05-11 18:58:27Z] CHK MOM:-0.24% RANGE:0.27% UP:13.33% SPREAD:0.09930486% BID:2.014 ASK:2.016 MID:2.01499999 P1:2.01499999 P2:2.01499999 P3:2.01499999 P4:2.016 STATE:IDLE
[2026-05-11 18:58:28Z] CHK MOM:-0.24% RANGE:0.27% UP:13.33% SPREAD:0.09930486% BID:2.014 ASK:2.016 MID:2.01499999 P1:2.01499999 P2:2.01499999 P3:2.01499999 P4:2.016 STATE:IDLE
[2026-05-11 18:58:28Z] CHK MOM:-0.22% RANGE:0.27% UP:13.33% SPREAD:0.09925558% BID:2.015 ASK:2.017 MID:2.016 P1:2.016 P2:2.01499999 P3:2.01499999 P4:2.01499999 STATE:IDLE
[2026-05-11 18:58:29Z] CHK MOM:-0.14% RANGE:0.27% UP:18.75% SPREAD:0.04957858% BID:2.017 ASK:2.018 MID:2.0175 P1:2.0175 P2:2.016 P3:2.01499999 P4:2.01499999 STATE:IDLE
[2026-05-11 18:58:30Z] CHK MOM:-0.14% RANGE:0.27% UP:13.33% SPREAD:0.04957858% BID:2.017 ASK:2.018 MID:2.0175 P1:2.0175 P2:2.0175 P3:2.016 P4:2.01499999 STATE:IDLE
[2026-05-11 18:58:30Z] CHK MOM:-0.14% RANGE:0.27% UP:13.33% SPREAD:0.04957858% BID:2.017 ASK:2.018 MID:2.0175 P1:2.0175 P2:2.0175 P3:2.016 P4:2.01499999 STATE:IDLE
[2026-05-11 18:58:31Z] CHK MOM:-0.14% RANGE:0.27% UP:13.33% SPREAD:0.04957858% BID:2.017 ASK:2.018 MID:2.0175 P1:2.0175 P2:2.0175 P3:2.016 P4:2.01499999 STATE:IDLE
[2026-05-11 18:58:31Z] CHK MOM:-0.14% RANGE:0.27% UP:13.33% SPREAD:0.04957858% BID:2.017 ASK:2.018 MID:2.0175 P1:2.0175 P2:2.0175 P3:2.016 P4:2.01499999 STATE:IDLE
[2026-05-11 18:58:32Z] CHK MOM:-0.14% RANGE:0.27% UP:13.33% SPREAD:0.04957858% BID:2.017 ASK:2.018 MID:2.0175 P1:2.0175 P2:2.0175 P3:2.016 P4:2.01499999 STATE:IDLE
[2026-05-11 18:58:32Z] CHK MOM:-0.14% RANGE:0.27% UP:13.33% SPREAD:0.04957858% BID:2.017 ASK:2.018 MID:2.0175 P1:2.0175 P2:2.0175 P3:2.016 P4:2.01499999 STATE:IDLE
[2026-05-11 18:58:33Z] CHK MOM:-0.07% RANGE:0.22% UP:23.07% SPREAD:0.09915716% BID:2.017 ASK:2.019 MID:2.018 P1:2.018 P2:2.0175 P3:2.0175 P4:2.016 STATE:IDLE
[2026-05-11 18:58:33Z] CHK MOM:-0.04% RANGE:0.19% UP:25% SPREAD:0.09915716% BID:2.017 ASK:2.019 MID:2.018 P1:2.018 P2:2.018 P3:2.0175 P4:2.0175 STATE:IDLE
[2026-05-11 18:58:34Z] CHK MOM:-0.04% RANGE:0.19% UP:23.07% SPREAD:0.09915716% BID:2.017 ASK:2.019 MID:2.018 P1:2.018 P2:2.018 P3:2.018 P4:2.0175 STATE:IDLE
[2026-05-11 18:58:35Z] CHK MOM:-0.04% RANGE:0.19% UP:23.07% SPREAD:0.09915716% BID:2.017 ASK:2.019 MID:2.018 P1:2.018 P2:2.018 P3:2.018 P4:2.0175 STATE:IDLE
[2026-05-11 18:58:35Z] CHK MOM:-0.04% RANGE:0.19% UP:23.07% SPREAD:0.09915716% BID:2.017 ASK:2.019 MID:2.018 P1:2.018 P2:2.018 P3:2.018 P4:2.0175 STATE:IDLE
[2026-05-11 18:58:36Z] CHK MOM:-0.04% RANGE:0.19% UP:23.07% SPREAD:0.09915716% BID:2.017 ASK:2.019 MID:2.018 P1:2.018 P2:2.018 P3:2.018 P4:2.0175 STATE:IDLE
[2026-05-11 18:58:36Z] CHK MOM:-0.04% RANGE:0.14% UP:27.27% SPREAD:0.09920634% BID:2.016 ASK:2.018 MID:2.017 P1:2.017 P2:2.018 P3:2.018 P4:2.018 STATE:IDLE
[2026-05-11 18:58:37Z] CHK MOM:-0.04% RANGE:0.14% UP:27.27% SPREAD:0.09920634% BID:2.016 ASK:2.018 MID:2.017 P1:2.017 P2:2.018 P3:2.018 P4:2.018 STATE:IDLE
[2026-05-11 18:58:37Z] CHK MOM:-0.04% RANGE:0.14% UP:27.27% SPREAD:0.09920634% BID:2.016 ASK:2.018 MID:2.017 P1:2.017 P2:2.018 P3:2.018 P4:2.018 STATE:IDLE
[2026-05-11 18:58:38Z] CHK MOM:-0.04% RANGE:0.14% UP:27.27% SPREAD:0.09920634% BID:2.016 ASK:2.018 MID:2.017 P1:2.017 P2:2.018 P3:2.018 P4:2.018 STATE:IDLE
[2026-05-11 18:58:38Z] CHK MOM:0.09% RANGE:0.14% UP:30% SPREAD:0.09920634% BID:2.016 ASK:2.018 MID:2.017 P1:2.017 P2:2.017 P3:2.018 P4:2.018 STATE:IDLE
[2026-05-11 18:58:39Z] CHK MOM:0.09% RANGE:0.14% UP:30% SPREAD:0.09920634% BID:2.016 ASK:2.018 MID:2.017 P1:2.017 P2:2.017 P3:2.018 P4:2.018 STATE:IDLE
[2026-05-11 18:58:40Z] CHK MOM:0.09% RANGE:0.14% UP:30% SPREAD:0.09920634% BID:2.016 ASK:2.018 MID:2.017 P1:2.017 P2:2.017 P3:2.018 P4:2.018 STATE:IDLE
[2026-05-11 18:58:40Z] CHK MOM:0% RANGE:0.04% UP:28.57% SPREAD:0.04957858% BID:2.017 ASK:2.018 MID:2.0175 P1:2.0175 P2:2.017 P3:2.017 P4:2.018 STATE:IDLE
[2026-05-11 18:58:41Z] CHK MOM:0% RANGE:0.04% UP:28.57% SPREAD:0.04957858% BID:2.017 ASK:2.018 MID:2.0175 P1:2.0175 P2:2.017 P3:2.017 P4:2.018 STATE:IDLE
[2026-05-11 18:58:41Z] CHK MOM:-0.02% RANGE:0.04% UP:28.57% SPREAD:0.09920634% BID:2.016 ASK:2.018 MID:2.017 P1:2.017 P2:2.0175 P3:2.017 P4:2.017 STATE:IDLE
[2026-05-11 18:58:42Z] CHK MOM:0% RANGE:0.04% UP:37.5% SPREAD:0.04957858% BID:2.017 ASK:2.018 MID:2.0175 P1:2.0175 P2:2.017 P3:2.0175 P4:2.017 STATE:IDLE
[2026-05-11 18:58:42Z] CHK MOM:0% RANGE:0.04% UP:37.5% SPREAD:0.04957858% BID:2.017 ASK:2.018 MID:2.0175 P1:2.0175 P2:2.017 P3:2.0175 P4:2.017 STATE:IDLE
[2026-05-11 18:58:43Z] CHK MOM:-0.02% RANGE:0.04% UP:25% SPREAD:0.04957858% BID:2.017 ASK:2.018 MID:2.0175 P1:2.0175 P2:2.0175 P3:2.017 P4:2.0175 STATE:IDLE
[2026-05-11 18:58:43Z] CHK MOM:-0.02% RANGE:0.04% UP:25% SPREAD:0.04957858% BID:2.017 ASK:2.018 MID:2.0175 P1:2.0175 P2:2.0175 P3:2.017 P4:2.0175 STATE:IDLE
[2026-05-11 18:58:44Z] CHK MOM:-0.02% RANGE:0.04% UP:22.22% SPREAD:0.04957858% BID:2.017 ASK:2.018 MID:2.0175 P1:2.0175 P2:2.0175 P3:2.0175 P4:2.017 STATE:IDLE
[2026-05-11 18:58:44Z] CHK MOM:-0.02% RANGE:0.04% UP:22.22% SPREAD:0.04957858% BID:2.017 ASK:2.018 MID:2.0175 P1:2.0175 P2:2.0175 P3:2.0175 P4:2.017 STATE:IDLE
[2026-05-11 18:58:45Z] CHK MOM:-0.02% RANGE:0.04% UP:22.22% SPREAD:0.04957858% BID:2.017 ASK:2.018 MID:2.0175 P1:2.0175 P2:2.0175 P3:2.0175 P4:2.0175 STATE:IDLE
[2026-05-11 18:58:46Z] CHK MOM:0.02% RANGE:0.02% UP:25% SPREAD:0.04957858% BID:2.017 ASK:2.018 MID:2.0175 P1:2.0175 P2:2.0175 P3:2.0175 P4:2.0175 STATE:IDLE
[2026-05-11 18:58:46Z] CHK MOM:0.02% RANGE:0.02% UP:25% SPREAD:0.04957858% BID:2.017 ASK:2.018 MID:2.0175 P1:2.0175 P2:2.0175 P3:2.0175 P4:2.0175 STATE:IDLE
[2026-05-11 18:58:47Z] CHK MOM:0.02% RANGE:0.02% UP:22.22% SPREAD:0.04957858% BID:2.017 ASK:2.018 MID:2.0175 P1:2.0175 P2:2.0175 P3:2.0175 P4:2.0175 STATE:IDLE
[2026-05-11 18:58:47Z] CHK MOM:0.02% RANGE:0.02% UP:22.22% SPREAD:0.04957858% BID:2.017 ASK:2.018 MID:2.0175 P1:2.0175 P2:2.0175 P3:2.0175 P4:2.0175 STATE:IDLE
[2026-05-11 18:58:48Z] CHK MOM:0.02% RANGE:0.02% UP:20% SPREAD:0.04957858% BID:2.017 ASK:2.018 MID:2.0175 P1:2.0175 P2:2.0175 P3:2.0175 P4:2.0175 STATE:IDLE
[2026-05-11 18:58:48Z] CHK MOM:0.02% RANGE:0.02% UP:20% SPREAD:0.04957858% BID:2.017 ASK:2.018 MID:2.0175 P1:2.0175 P2:2.0175 P3:2.0175 P4:2.0175 STATE:IDLE
[2026-05-11 18:58:49Z] CHK MOM:0.02% RANGE:0.02% UP:20% SPREAD:0.04957858% BID:2.017 ASK:2.018 MID:2.0175 P1:2.0175 P2:2.0175 P3:2.0175 P4:2.0175 STATE:IDLE
[2026-05-11 18:58:49Z] CHK MOM:0.02% RANGE:0.02% UP:20% SPREAD:0.04957858% BID:2.017 ASK:2.018 MID:2.0175 P1:2.0175 P2:2.0175 P3:2.0175 P4:2.0175 STATE:IDLE
[2026-05-11 18:58:50Z] CHK MOM:0.02% RANGE:0.02% UP:20% SPREAD:0.04957858% BID:2.017 ASK:2.018 MID:2.0175 P1:2.0175 P2:2.0175 P3:2.0175 P4:2.0175 STATE:IDLE
[2026-05-11 18:58:51Z] CHK MOM:0% RANGE:0.02% UP:10% SPREAD:0.04957858% BID:2.017 ASK:2.018 MID:2.0175 P1:2.0175 P2:2.0175 P3:2.0175 P4:2.0175 STATE:IDLE
[2026-05-11 18:58:51Z] CHK MOM:0% RANGE:0.02% UP:10% SPREAD:0.04957858% BID:2.017 ASK:2.018 MID:2.0175 P1:2.0175 P2:2.0175 P3:2.0175 P4:2.0175 STATE:IDLE
[2026-05-11 18:58:52Z] CHK MOM:-0.02% RANGE:0.02% UP:9.09% SPREAD:0.09920634% BID:2.016 ASK:2.018 MID:2.017 P1:2.017 P2:2.0175 P3:2.0175 P4:2.0175 STATE:IDLE
[2026-05-11 18:58:52Z] CHK MOM:-0.02% RANGE:0.02% UP:9.09% SPREAD:0.09920634% BID:2.016 ASK:2.018 MID:2.017 P1:2.017 P2:2.0175 P3:2.0175 P4:2.0175 STATE:IDLE
[2026-05-11 18:58:53Z] CHK MOM:0.02% RANGE:0.02% UP:18.18% SPREAD:0.04957858% BID:2.017 ASK:2.018 MID:2.0175 P1:2.0175 P2:2.017 P3:2.0175 P4:2.0175 STATE:IDLE
[2026-05-11 18:58:53Z] CHK MOM:0% RANGE:0.02% UP:9.09% SPREAD:0.04957858% BID:2.017 ASK:2.018 MID:2.0175 P1:2.0175 P2:2.0175 P3:2.017 P4:2.0175 STATE:IDLE
[2026-05-11 18:58:54Z] CHK MOM:0% RANGE:0.02% UP:9.09% SPREAD:0.04957858% BID:2.017 ASK:2.018 MID:2.0175 P1:2.0175 P2:2.0175 P3:2.0175 P4:2.017 STATE:IDLE
[2026-05-11 18:58:54Z] CHK MOM:0% RANGE:0.02% UP:9.09% SPREAD:0.04957858% BID:2.017 ASK:2.018 MID:2.0175 P1:2.0175 P2:2.0175 P3:2.0175 P4:2.017 STATE:IDLE
[2026-05-11 18:58:55Z] CHK MOM:0% RANGE:0.02% UP:9.09% SPREAD:0.04957858% BID:2.017 ASK:2.018 MID:2.0175 P1:2.0175 P2:2.0175 P3:2.0175 P4:2.0175 STATE:IDLE
[2026-05-11 18:58:56Z] CHK MOM:0% RANGE:0.02% UP:8.33% SPREAD:0.04957858% BID:2.017 ASK:2.018 MID:2.0175 P1:2.0175 P2:2.0175 P3:2.0175 P4:2.0175 STATE:IDLE
[2026-05-11 18:58:56Z] CHK MOM:0% RANGE:0.02% UP:8.33% SPREAD:0.04957858% BID:2.017 ASK:2.018 MID:2.0175 P1:2.0175 P2:2.0175 P3:2.0175 P4:2.0175 STATE:IDLE
[2026-05-11 18:58:57Z] CHK MOM:0% RANGE:0.02% UP:8.33% SPREAD:0.04957858% BID:2.017 ASK:2.018 MID:2.0175 P1:2.0175 P2:2.0175 P3:2.0175 P4:2.0175 STATE:IDLE
[2026-05-11 18:58:57Z] CHK MOM:0.04% RANGE:0.07% UP:18.18% SPREAD:0.04955401% BID:2.018 ASK:2.019 MID:2.0185 P1:2.0185 P2:2.0175 P3:2.0175 P4:2.0175 STATE:IDLE
[2026-05-11 18:58:58Z] CHK MOM:0.04% RANGE:0.07% UP:18.18% SPREAD:0.04955401% BID:2.018 ASK:2.019 MID:2.0185 P1:2.0185 P2:2.0185 P3:2.0175 P4:2.0175 STATE:IDLE
[2026-05-11 18:58:58Z] CHK MOM:0.04% RANGE:0.07% UP:18.18% SPREAD:0.04955401% BID:2.018 ASK:2.019 MID:2.0185 P1:2.0185 P2:2.0185 P3:2.0175 P4:2.0175 STATE:IDLE
[2026-05-11 18:58:59Z] CHK MOM:0.04% RANGE:0.07% UP:18.18% SPREAD:0.04955401% BID:2.018 ASK:2.019 MID:2.0185 P1:2.0185 P2:2.0185 P3:2.0185 P4:2.0175 STATE:IDLE
[2026-05-11 18:58:59Z] CHK MOM:0.04% RANGE:0.07% UP:18.18% SPREAD:0.04955401% BID:2.018 ASK:2.019 MID:2.0185 P1:2.0185 P2:2.0185 P3:2.0185 P4:2.0175 STATE:IDLE
[2026-05-11 18:59:00Z] CHK MOM:0.04% RANGE:0.07% UP:18.18% SPREAD:0.04955401% BID:2.018 ASK:2.019 MID:2.0185 P1:2.0185 P2:2.0185 P3:2.0185 P4:2.0175 STATE:IDLE
[2026-05-11 18:59:00Z] CHK MOM:0.04% RANGE:0.07% UP:18.18% SPREAD:0.04955401% BID:2.018 ASK:2.019 MID:2.0185 P1:2.0185 P2:2.0185 P3:2.0185 P4:2.0175 STATE:IDLE
[2026-05-11 18:59:01Z] CHK MOM:0.04% RANGE:0.07% UP:18.18% SPREAD:0.04955401% BID:2.018 ASK:2.019 MID:2.0185 P1:2.0185 P2:2.0185 P3:2.0185 P4:2.0185 STATE:IDLE
[2026-05-11 18:59:02Z] CHK MOM:0.04% RANGE:0.07% UP:18.18% SPREAD:0.04955401% BID:2.018 ASK:2.019 MID:2.0185 P1:2.0185 P2:2.0185 P3:2.0185 P4:2.0185 STATE:IDLE
[2026-05-11 18:59:02Z] CHK MOM:0.04% RANGE:0.07% UP:18.18% SPREAD:0.04955401% BID:2.018 ASK:2.019 MID:2.0185 P1:2.0185 P2:2.0185 P3:2.0185 P4:2.0185 STATE:IDLE
