[2026-05-11 14:31:08Z] SESSION_START symbol=TAOUSDC dry_run=0 profile=major strategy=momentum base_url=https://api.binance.com
[2026-05-11 14:31:08Z] TOXIC_MEMORY_LOADED count=4 symbols=GUNUSDC,JTOUSDC,ORDIUSDC,SAHARAUSDC
[2026-05-11 14:31:09Z] CHK MOM:0% RANGE:0% UP:0% SPREAD:0.03092145% BID:323.4 ASK:323.5 MID:323.45 P1:323.45 P2:NA P3:NA P4:NA STATE:IDLE
[2026-05-11 14:31:10Z] CHK MOM:0.01% RANGE:0.01% UP:100% SPREAD:0.06184291% BID:323.4 ASK:323.6 MID:323.5 P1:323.5 P2:323.45 P3:NA P4:NA STATE:IDLE
[2026-05-11 14:31:10Z] CHK MOM:0.03% RANGE:0.03% UP:100% SPREAD:0.0309119% BID:323.5 ASK:323.6 MID:323.55 P1:323.55 P2:323.5 P3:323.45 P4:NA STATE:IDLE
[2026-05-11 14:31:11Z] CHK MOM:0.03% RANGE:0.03% UP:66.66% SPREAD:0.0309119% BID:323.5 ASK:323.6 MID:323.55 P1:323.55 P2:323.55 P3:323.5 P4:323.45 STATE:IDLE
[2026-05-11 14:31:11Z] CHK MOM:0.04% RANGE:0.04% UP:75% SPREAD:0.0618238% BID:323.5 ASK:323.7 MID:323.6 P1:323.6 P2:323.55 P3:323.55 P4:323.5 STATE:IDLE
[2026-05-11 14:31:12Z] CHK MOM:0.03% RANGE:0.04% UP:60% SPREAD:0.0309119% BID:323.5 ASK:323.6 MID:323.55 P1:323.55 P2:323.6 P3:323.55 P4:323.55 STATE:IDLE
[2026-05-11 14:31:12Z] CHK MOM:0.03% RANGE:0.04% UP:60% SPREAD:0.0309119% BID:323.5 ASK:323.6 MID:323.55 P1:323.55 P2:323.6 P3:323.55 P4:323.55 STATE:IDLE
[2026-05-11 14:31:13Z] CHK MOM:0% RANGE:0.04% UP:50% SPREAD:0.03092145% BID:323.4 ASK:323.5 MID:323.45 P1:323.45 P2:323.55 P3:323.6 P4:323.55 STATE:IDLE
[2026-05-11 14:31:13Z] CHK MOM:0% RANGE:0.04% UP:42.85% SPREAD:0.03092145% BID:323.4 ASK:323.5 MID:323.45 P1:323.45 P2:323.45 P3:323.55 P4:323.6 STATE:IDLE
[2026-05-11 14:31:14Z] CHK MOM:0% RANGE:0.04% UP:37.5% SPREAD:0.03092145% BID:323.4 ASK:323.5 MID:323.45 P1:323.45 P2:323.45 P3:323.45 P4:323.55 STATE:IDLE
[2026-05-11 14:31:15Z] CHK MOM:0.01% RANGE:0.04% UP:44.44% SPREAD:0.06184291% BID:323.4 ASK:323.6 MID:323.5 P1:323.5 P2:323.45 P3:323.45 P4:323.45 STATE:IDLE
[2026-05-11 14:31:15Z] CHK MOM:0.01% RANGE:0.04% UP:44.44% SPREAD:0.06184291% BID:323.4 ASK:323.6 MID:323.5 P1:323.5 P2:323.45 P3:323.45 P4:323.45 STATE:IDLE
[2026-05-11 14:31:16Z] CHK MOM:0.01% RANGE:0.04% UP:44.44% SPREAD:0.06184291% BID:323.4 ASK:323.6 MID:323.5 P1:323.5 P2:323.45 P3:323.45 P4:323.45 STATE:IDLE
[2026-05-11 14:31:16Z] CHK MOM:0% RANGE:0.04% UP:40% SPREAD:0.03092145% BID:323.4 ASK:323.5 MID:323.45 P1:323.45 P2:323.5 P3:323.45 P4:323.45 STATE:IDLE
[2026-05-11 14:31:17Z] CHK MOM:0.03% RANGE:0.04% UP:45.45% SPREAD:0.0309119% BID:323.5 ASK:323.6 MID:323.55 P1:323.55 P2:323.45 P3:323.5 P4:323.45 STATE:IDLE
[2026-05-11 14:31:17Z] CHK MOM:0.01% RANGE:0.04% UP:41.66% SPREAD:0.06184291% BID:323.4 ASK:323.6 MID:323.5 P1:323.5 P2:323.55 P3:323.45 P4:323.5 STATE:IDLE
[2026-05-11 14:31:18Z] CHK MOM:0.03% RANGE:0.04% UP:46.15% SPREAD:0.0309119% BID:323.5 ASK:323.6 MID:323.55 P1:323.55 P2:323.5 P3:323.55 P4:323.45 STATE:IDLE
[2026-05-11 14:31:18Z] CHK MOM:0.03% RANGE:0.04% UP:42.85% SPREAD:0.0309119% BID:323.5 ASK:323.6 MID:323.55 P1:323.55 P2:323.55 P3:323.5 P4:323.55 STATE:IDLE
[2026-05-11 14:31:19Z] CHK MOM:0.04% RANGE:0.04% UP:46.66% SPREAD:0.0618238% BID:323.5 ASK:323.7 MID:323.6 P1:323.6 P2:323.55 P3:323.55 P4:323.5 STATE:IDLE
[2026-05-11 14:31:20Z] CHK MOM:0.03% RANGE:0.04% UP:43.75% SPREAD:0.0309119% BID:323.5 ASK:323.6 MID:323.55 P1:323.55 P2:323.6 P3:323.55 P4:323.55 STATE:IDLE
[2026-05-11 14:31:20Z] CHK MOM:0.1% RANGE:0.1% UP:47.05% SPREAD:0.0617856% BID:323.7 ASK:323.9 MID:323.79999999 P1:323.79999999 P2:323.55 P3:323.6 P4:323.55 STATE:IDLE
[2026-05-11 14:31:21Z] CHK MOM:0.12% RANGE:0.12% UP:50% SPREAD:0.03088326% BID:323.8 ASK:323.9 MID:323.85 P1:323.85 P2:323.79999999 P3:323.55 P4:323.6 STATE:IDLE
[2026-05-11 14:31:21Z] CHK MOM:0.1% RANGE:0.12% UP:44.44% SPREAD:0.03088326% BID:323.8 ASK:323.9 MID:323.85 P1:323.85 P2:323.85 P3:323.79999999 P4:323.55 STATE:IDLE
[2026-05-11 14:31:22Z] CHK MOM:0.1% RANGE:0.12% UP:44.44% SPREAD:0.03088326% BID:323.8 ASK:323.9 MID:323.85 P1:323.85 P2:323.85 P3:323.79999999 P4:323.55 STATE:IDLE
[2026-05-11 14:31:22Z] CHK MOM:0.07% RANGE:0.12% UP:38.88% SPREAD:0.0617856% BID:323.7 ASK:323.9 MID:323.79999999 P1:323.79999999 P2:323.85 P3:323.85 P4:323.79999999 STATE:IDLE
[2026-05-11 14:31:23Z] CHK MOM:0.04% RANGE:0.12% UP:35.29% SPREAD:0.0308928% BID:323.7 ASK:323.8 MID:323.75 P1:323.75 P2:323.79999999 P3:323.85 P4:323.85 STATE:IDLE
[2026-05-11 14:31:23Z] CHK MOM:0.09% RANGE:0.12% UP:41.17% SPREAD:0.03088326% BID:323.8 ASK:323.9 MID:323.85 P1:323.85 P2:323.75 P3:323.79999999 P4:323.85 STATE:IDLE
[2026-05-11 14:31:24Z] CHK MOM:0.15% RANGE:0.15% UP:47.05% SPREAD:0.03087372% BID:323.9 ASK:324 MID:323.95 P1:323.95 P2:323.85 P3:323.75 P4:323.79999999 STATE:IDLE
[2026-05-11 14:31:24Z] CHK MOM:0.15% RANGE:0.15% UP:44.44% SPREAD:0.03087372% BID:323.9 ASK:324 MID:323.95 P1:323.95 P2:323.95 P3:323.85 P4:323.75 STATE:IDLE
[2026-05-11 14:31:25Z] CHK MOM:0.09% RANGE:0.15% UP:42.1% SPREAD:0.0308928% BID:323.7 ASK:323.8 MID:323.75 P1:323.75 P2:323.95 P3:323.95 P4:323.85 STATE:IDLE
[2026-05-11 14:31:26Z] CHK MOM:0.07% RANGE:0.15% UP:41.17% SPREAD:0.0308928% BID:323.7 ASK:323.8 MID:323.75 P1:323.75 P2:323.75 P3:323.95 P4:323.95 STATE:IDLE
[2026-05-11 14:31:26Z] CHK MOM:0.07% RANGE:0.15% UP:38.88% SPREAD:0.0308928% BID:323.7 ASK:323.8 MID:323.75 P1:323.75 P2:323.75 P3:323.75 P4:323.95 STATE:IDLE
[2026-05-11 14:31:27Z] CHK MOM:0.09% RANGE:0.15% UP:38.88% SPREAD:0.0308928% BID:323.7 ASK:323.8 MID:323.75 P1:323.75 P2:323.75 P3:323.75 P4:323.75 STATE:IDLE
[2026-05-11 14:31:27Z] CHK MOM:0.09% RANGE:0.15% UP:36.84% SPREAD:0.0308928% BID:323.7 ASK:323.8 MID:323.75 P1:323.75 P2:323.75 P3:323.75 P4:323.75 STATE:IDLE
[2026-05-11 14:31:28Z] CHK MOM:0.09% RANGE:0.15% UP:35% SPREAD:0.0308928% BID:323.7 ASK:323.8 MID:323.75 P1:323.75 P2:323.75 P3:323.75 P4:323.75 STATE:IDLE
[2026-05-11 14:31:28Z] CHK MOM:0.03% RANGE:0.13% UP:30% SPREAD:0.03090234% BID:323.6 ASK:323.7 MID:323.65 P1:323.65 P2:323.75 P3:323.75 P4:323.75 STATE:IDLE
[2026-05-11 14:31:29Z] CHK MOM:0.01% RANGE:0.13% UP:28.57% SPREAD:0.0618238% BID:323.5 ASK:323.7 MID:323.6 P1:323.6 P2:323.65 P3:323.75 P4:323.75 STATE:IDLE
[2026-05-11 14:31:29Z] CHK MOM:0.04% RANGE:0.13% UP:33.33% SPREAD:0.03090234% BID:323.6 ASK:323.7 MID:323.65 P1:323.65 P2:323.6 P3:323.65 P4:323.75 STATE:IDLE
[2026-05-11 14:31:30Z] CHK MOM:0% RANGE:0.12% UP:30% SPREAD:0.0309119% BID:323.5 ASK:323.6 MID:323.55 P1:323.55 P2:323.65 P3:323.6 P4:323.65 STATE:IDLE
[2026-05-11 14:31:31Z] CHK MOM:-0.01% RANGE:0.12% UP:25% SPREAD:0.0309119% BID:323.5 ASK:323.6 MID:323.55 P1:323.55 P2:323.55 P3:323.65 P4:323.6 STATE:IDLE
[2026-05-11 14:31:31Z] CHK MOM:-0.01% RANGE:0.12% UP:25% SPREAD:0.0309119% BID:323.5 ASK:323.6 MID:323.55 P1:323.55 P2:323.55 P3:323.65 P4:323.6 STATE:IDLE
[2026-05-11 14:31:32Z] CHK MOM:-0.04% RANGE:0.12% UP:26.31% SPREAD:0.03090234% BID:323.6 ASK:323.7 MID:323.65 P1:323.65 P2:323.55 P3:323.55 P4:323.65 STATE:IDLE
[2026-05-11 14:31:32Z] CHK MOM:-0.06% RANGE:0.12% UP:21.05% SPREAD:0.03090234% BID:323.6 ASK:323.7 MID:323.65 P1:323.65 P2:323.65 P3:323.55 P4:323.55 STATE:IDLE
[2026-05-11 14:31:33Z] CHK MOM:-0.06% RANGE:0.12% UP:21.05% SPREAD:0.03090234% BID:323.6 ASK:323.7 MID:323.65 P1:323.65 P2:323.65 P3:323.65 P4:323.55 STATE:IDLE
[2026-05-11 14:31:33Z] CHK MOM:-0.06% RANGE:0.12% UP:21.05% SPREAD:0.03090234% BID:323.6 ASK:323.7 MID:323.65 P1:323.65 P2:323.65 P3:323.65 P4:323.55 STATE:IDLE
[2026-05-11 14:31:34Z] CHK MOM:-0.01% RANGE:0.12% UP:26.31% SPREAD:0.0308928% BID:323.7 ASK:323.8 MID:323.75 P1:323.75 P2:323.65 P3:323.65 P4:323.65 STATE:IDLE
[2026-05-11 14:31:34Z] CHK MOM:0.03% RANGE:0.12% UP:31.57% SPREAD:0.03088326% BID:323.8 ASK:323.9 MID:323.85 P1:323.85 P2:323.75 P3:323.65 P4:323.65 STATE:IDLE
[2026-05-11 14:31:35Z] CHK MOM:0.03% RANGE:0.12% UP:30% SPREAD:0.03088326% BID:323.8 ASK:323.9 MID:323.85 P1:323.85 P2:323.85 P3:323.75 P4:323.65 STATE:IDLE
[2026-05-11 14:31:36Z] CHK MOM:-0.01% RANGE:0.12% UP:25% SPREAD:0.0617856% BID:323.7 ASK:323.9 MID:323.79999999 P1:323.79999999 P2:323.85 P3:323.85 P4:323.75 STATE:IDLE
[2026-05-11 14:31:36Z] CHK MOM:0% RANGE:0.09% UP:22.22% SPREAD:0.0308928% BID:323.7 ASK:323.8 MID:323.75 P1:323.75 P2:323.79999999 P3:323.85 P4:323.85 STATE:IDLE
[2026-05-11 14:31:37Z] CHK MOM:0% RANGE:0.09% UP:21.05% SPREAD:0.0308928% BID:323.7 ASK:323.8 MID:323.75 P1:323.75 P2:323.75 P3:323.79999999 P4:323.85 STATE:IDLE
[2026-05-11 14:31:37Z] CHK MOM:-0.01% RANGE:0.09% UP:21.05% SPREAD:0.06180469% BID:323.6 ASK:323.8 MID:323.7 P1:323.7 P2:323.75 P3:323.75 P4:323.79999999 STATE:IDLE
[2026-05-11 14:31:38Z] CHK MOM:-0.03% RANGE:0.09% UP:20% SPREAD:0.03090234% BID:323.6 ASK:323.7 MID:323.65 P1:323.65 P2:323.7 P3:323.75 P4:323.75 STATE:IDLE
[2026-05-11 14:31:38Z] CHK MOM:-0.03% RANGE:0.09% UP:21.05% SPREAD:0.03090234% BID:323.6 ASK:323.7 MID:323.65 P1:323.65 P2:323.65 P3:323.7 P4:323.75 STATE:IDLE
[2026-05-11 14:31:39Z] CHK MOM:-0.03% RANGE:0.09% UP:21.05% SPREAD:0.03090234% BID:323.6 ASK:323.7 MID:323.65 P1:323.65 P2:323.65 P3:323.7 P4:323.75 STATE:IDLE
[2026-05-11 14:31:39Z] CHK MOM:-0.06% RANGE:0.09% UP:22.22% SPREAD:0.0309119% BID:323.5 ASK:323.6 MID:323.55 P1:323.55 P2:323.65 P3:323.65 P4:323.7 STATE:IDLE
[2026-05-11 14:31:40Z] CHK MOM:-0.15% RANGE:0.21% UP:22.22% SPREAD:0.03095017% BID:323.1 ASK:323.2 MID:323.15 P1:323.15 P2:323.55 P3:323.65 P4:323.65 STATE:IDLE
[2026-05-11 14:31:41Z] CHK MOM:-0.18% RANGE:0.26% UP:22.22% SPREAD:0.06193868% BID:322.9 ASK:323.1 MID:323 P1:323 P2:323.15 P3:323.55 P4:323.65 STATE:IDLE
[2026-05-11 14:31:41Z] CHK MOM:-0.26% RANGE:0.35% UP:17.64% SPREAD:0.06199628% BID:322.6 ASK:322.8 MID:322.7 P1:322.7 P2:323 P3:323.15 P4:323.55 STATE:IDLE
[2026-05-11 14:31:42Z] CHK MOM:-0.27% RANGE:0.37% UP:16.66% SPREAD:0.03099814% BID:322.6 ASK:322.7 MID:322.65 P1:322.65 P2:322.7 P3:323 P4:323.15 STATE:IDLE
[2026-05-11 14:31:42Z] CHK MOM:-0.29% RANGE:0.38% UP:16.66% SPREAD:0.0620155% BID:322.5 ASK:322.7 MID:322.6 P1:322.6 P2:322.65 P3:322.7 P4:323 STATE:IDLE
[2026-05-11 14:31:43Z] CHK MOM:-0.46% RANGE:0.52% UP:11.11% SPREAD:0.0931677% BID:322 ASK:322.3 MID:322.15 P1:322.15 P2:322.6 P3:322.65 P4:322.7 STATE:IDLE
[2026-05-11 14:31:43Z] CHK MOM:-0.5% RANGE:0.57% UP:10.52% SPREAD:0.06213109% BID:321.9 ASK:322.1 MID:322 P1:322 P2:322.15 P3:322.6 P4:322.65 STATE:IDLE
[2026-05-11 14:31:44Z] CHK MOM:-0.46% RANGE:0.57% UP:15.78% SPREAD:0.03104625% BID:322.1 ASK:322.2 MID:322.15 P1:322.15 P2:322 P3:322.15 P4:322.6 STATE:IDLE
[2026-05-11 14:31:44Z] CHK MOM:-0.41% RANGE:0.57% UP:20% SPREAD:0.06207324% BID:322.2 ASK:322.4 MID:322.29999999 P1:322.29999999 P2:322.15 P3:322 P4:322.15 STATE:IDLE
[2026-05-11 14:31:45Z] CHK MOM:-0.44% RANGE:0.57% UP:15.78% SPREAD:0.06207324% BID:322.2 ASK:322.4 MID:322.29999999 P1:322.29999999 P2:322.29999999 P3:322.15 P4:322 STATE:IDLE
[2026-05-11 14:31:45Z] CHK MOM:-0.49% RANGE:0.57% UP:15% SPREAD:0.03104625% BID:322.1 ASK:322.2 MID:322.15 P1:322.15 P2:322.29999999 P3:322.29999999 P4:322.15 STATE:IDLE
[2026-05-11 14:31:46Z] CHK MOM:-0.49% RANGE:0.57% UP:15% SPREAD:0.03103662% BID:322.2 ASK:322.3 MID:322.25 P1:322.25 P2:322.15 P3:322.29999999 P4:322.29999999 STATE:IDLE
[2026-05-11 14:31:47Z] CHK MOM:-0.5% RANGE:0.55% UP:15.78% SPREAD:0.03104625% BID:322.1 ASK:322.2 MID:322.15 P1:322.15 P2:322.25 P3:322.15 P4:322.29999999 STATE:IDLE
[2026-05-11 14:31:47Z] CHK MOM:-0.47% RANGE:0.54% UP:21.05% SPREAD:0.06209251% BID:322.1 ASK:322.3 MID:322.2 P1:322.2 P2:322.15 P3:322.25 P4:322.15 STATE:IDLE
[2026-05-11 14:31:48Z] CHK MOM:-0.43% RANGE:0.54% UP:25% SPREAD:0.03102699% BID:322.3 ASK:322.4 MID:322.35 P1:322.35 P2:322.2 P3:322.15 P4:322.25 STATE:IDLE
[2026-05-11 14:31:48Z] CHK MOM:-0.5% RANGE:0.54% UP:25% SPREAD:0.0621118% BID:322 ASK:322.2 MID:322.1 P1:322.1 P2:322.35 P3:322.2 P4:322.15 STATE:IDLE
[2026-05-11 14:31:49Z] CHK MOM:-0.55% RANGE:0.55% UP:25% SPREAD:0.0621504% BID:321.8 ASK:322 MID:321.9 P1:321.9 P2:322.1 P3:322.35 P4:322.2 STATE:IDLE
[2026-05-11 14:31:49Z] CHK MOM:-0.57% RANGE:0.57% UP:23.8% SPREAD:0.0310752% BID:321.8 ASK:321.9 MID:321.85 P1:321.85 P2:321.9 P3:322.1 P4:322.35 STATE:IDLE
[2026-05-11 14:31:50Z] CHK MOM:-0.52% RANGE:0.55% UP:30% SPREAD:0.03106554% BID:321.9 ASK:322 MID:321.95 P1:321.95 P2:321.85 P3:321.9 P4:322.1 STATE:IDLE
[2026-05-11 14:31:50Z] CHK MOM:-0.54% RANGE:0.54% UP:30% SPREAD:0.06216972% BID:321.7 ASK:321.9 MID:321.79999999 P1:321.79999999 P2:321.95 P3:321.85 P4:321.9 STATE:IDLE
[2026-05-11 14:31:51Z] CHK MOM:-0.46% RANGE:0.54% UP:33.33% SPREAD:0.0310559% BID:322 ASK:322.1 MID:322.05 P1:322.05 P2:321.79999999 P3:321.95 P4:321.85 STATE:IDLE
[2026-05-11 14:31:52Z] CHK MOM:-0.47% RANGE:0.54% UP:31.81% SPREAD:0.06213109% BID:321.9 ASK:322.1 MID:322 P1:322 P2:322.05 P3:321.79999999 P4:321.95 STATE:IDLE
[2026-05-11 14:31:52Z] CHK MOM:-0.26% RANGE:0.37% UP:38.09% SPREAD:0.03104625% BID:322.1 ASK:322.2 MID:322.15 P1:322.15 P2:322 P3:322.05 P4:321.79999999 STATE:IDLE
[2026-05-11 14:31:53Z] CHK MOM:-0.21% RANGE:0.27% UP:38.09% SPREAD:0.06213109% BID:321.9 ASK:322.1 MID:322 P1:322 P2:322.15 P3:322 P4:322.05 STATE:IDLE
[2026-05-11 14:31:53Z] CHK MOM:-0.17% RANGE:0.27% UP:40.9% SPREAD:0.03104625% BID:322.1 ASK:322.2 MID:322.15 P1:322.15 P2:322 P3:322.15 P4:322 STATE:IDLE
[2026-05-11 14:31:54Z] CHK MOM:-0.13% RANGE:0.26% UP:45.45% SPREAD:0.06209251% BID:322.1 ASK:322.3 MID:322.2 P1:322.2 P2:322.15 P3:322 P4:322.15 STATE:IDLE
[2026-05-11 14:31:54Z] CHK MOM:-0.1% RANGE:0.24% UP:50% SPREAD:0.03103662% BID:322.2 ASK:322.3 MID:322.25 P1:322.25 P2:322.2 P3:322.15 P4:322 STATE:IDLE
[2026-05-11 14:31:55Z] CHK MOM:0.03% RANGE:0.17% UP:50% SPREAD:0.03103662% BID:322.2 ASK:322.3 MID:322.25 P1:322.25 P2:322.25 P3:322.2 P4:322.15 STATE:IDLE
[2026-05-11 14:31:55Z] CHK MOM:0.07% RANGE:0.17% UP:50% SPREAD:0.03103662% BID:322.2 ASK:322.3 MID:322.25 P1:322.25 P2:322.25 P3:322.25 P4:322.2 STATE:IDLE
[2026-05-11 14:31:56Z] CHK MOM:0.03% RANGE:0.17% UP:45.45% SPREAD:0.03103662% BID:322.2 ASK:322.3 MID:322.25 P1:322.25 P2:322.25 P3:322.25 P4:322.25 STATE:IDLE
[2026-05-11 14:31:56Z] CHK MOM:-0.04% RANGE:0.17% UP:42.85% SPREAD:0.03104625% BID:322.1 ASK:322.2 MID:322.15 P1:322.15 P2:322.25 P3:322.25 P4:322.25 STATE:IDLE
[2026-05-11 14:31:57Z] CHK MOM:-0.03% RANGE:0.17% UP:45.45% SPREAD:0.06209251% BID:322.1 ASK:322.3 MID:322.2 P1:322.2 P2:322.15 P3:322.25 P4:322.25 STATE:IDLE
[2026-05-11 14:31:58Z] CHK MOM:0% RANGE:0.17% UP:47.61% SPREAD:0.03103662% BID:322.2 ASK:322.3 MID:322.25 P1:322.25 P2:322.2 P3:322.15 P4:322.25 STATE:IDLE
[2026-05-11 14:31:58Z] CHK MOM:0% RANGE:0.17% UP:47.61% SPREAD:0.03104625% BID:322.1 ASK:322.2 MID:322.15 P1:322.15 P2:322.25 P3:322.2 P4:322.15 STATE:IDLE
[2026-05-11 14:31:59Z] CHK MOM:0% RANGE:0.17% UP:45.45% SPREAD:0.03104625% BID:322.1 ASK:322.2 MID:322.15 P1:322.15 P2:322.15 P3:322.25 P4:322.2 STATE:IDLE
[2026-05-11 14:31:59Z] CHK MOM:-0.06% RANGE:0.17% UP:38.09% SPREAD:0.03104625% BID:322.1 ASK:322.2 MID:322.15 P1:322.15 P2:322.15 P3:322.15 P4:322.25 STATE:IDLE
[2026-05-11 14:32:00Z] CHK MOM:-0.07% RANGE:0.17% UP:36.36% SPREAD:0.0621118% BID:322 ASK:322.2 MID:322.1 P1:322.1 P2:322.15 P3:322.15 P4:322.15 STATE:IDLE
[2026-05-11 14:32:00Z] CHK MOM:0.04% RANGE:0.13% UP:38.09% SPREAD:0.0310559% BID:322 ASK:322.1 MID:322.05 P1:322.05 P2:322.1 P3:322.15 P4:322.15 STATE:IDLE
[2026-05-11 14:32:01Z] CHK MOM:0.01% RANGE:0.13% UP:36.36% SPREAD:0.03106554% BID:321.9 ASK:322 MID:321.95 P1:321.95 P2:322.05 P3:322.1 P4:322.15 STATE:IDLE
[2026-05-11 14:32:01Z] CHK MOM:-0.01% RANGE:0.13% UP:33.33% SPREAD:0.0621504% BID:321.8 ASK:322 MID:321.9 P1:321.9 P2:321.95 P3:322.05 P4:322.1 STATE:IDLE
[2026-05-11 14:32:02Z] CHK MOM:-0.06% RANGE:0.15% UP:31.81% SPREAD:0.03108486% BID:321.7 ASK:321.8 MID:321.75 P1:321.75 P2:321.9 P3:321.95 P4:322.05 STATE:IDLE
[2026-05-11 14:32:03Z] CHK MOM:-0.12% RANGE:0.18% UP:28.57% SPREAD:0.03109452% BID:321.6 ASK:321.7 MID:321.65 P1:321.65 P2:321.75 P3:321.9 P4:321.95 STATE:IDLE
[2026-05-11 14:32:03Z] CHK MOM:-0.13% RANGE:0.21% UP:28.57% SPREAD:0.03110419% BID:321.5 ASK:321.6 MID:321.55 P1:321.55 P2:321.65 P3:321.75 P4:321.9 STATE:IDLE
[2026-05-11 14:32:04Z] CHK MOM:-0.21% RANGE:0.24% UP:23.8% SPREAD:0.03111387% BID:321.4 ASK:321.5 MID:321.45 P1:321.45 P2:321.55 P3:321.65 P4:321.75 STATE:IDLE
[2026-05-11 14:32:04Z] CHK MOM:-0.21% RANGE:0.24% UP:22.72% SPREAD:0.03111387% BID:321.4 ASK:321.5 MID:321.45 P1:321.45 P2:321.45 P3:321.55 P4:321.65 STATE:IDLE
[2026-05-11 14:32:05Z] CHK MOM:-0.18% RANGE:0.26% UP:22.72% SPREAD:0.06224712% BID:321.3 ASK:321.5 MID:321.4 P1:321.4 P2:321.45 P3:321.45 P4:321.55 STATE:IDLE
[2026-05-11 14:32:05Z] CHK MOM:-0.26% RANGE:0.28% UP:14.28% SPREAD:0.03112356% BID:321.3 ASK:321.4 MID:321.35 P1:321.35 P2:321.4 P3:321.45 P4:321.45 STATE:IDLE
[2026-05-11 14:32:06Z] CHK MOM:-0.23% RANGE:0.28% UP:18.18% SPREAD:0.03111387% BID:321.4 ASK:321.5 MID:321.45 P1:321.45 P2:321.35 P3:321.4 P4:321.45 STATE:IDLE
[2026-05-11 14:32:06Z] CHK MOM:-0.26% RANGE:0.28% UP:14.28% SPREAD:0.06224712% BID:321.3 ASK:321.5 MID:321.4 P1:321.4 P2:321.45 P3:321.35 P4:321.4 STATE:IDLE
[2026-05-11 14:32:07Z] CHK MOM:-0.21% RANGE:0.28% UP:18.18% SPREAD:0.03110419% BID:321.5 ASK:321.6 MID:321.55 P1:321.55 P2:321.4 P3:321.45 P4:321.35 STATE:IDLE
[2026-05-11 14:32:08Z] CHK MOM:-0.23% RANGE:0.28% UP:19.04% SPREAD:0.06222775% BID:321.4 ASK:321.6 MID:321.5 P1:321.5 P2:321.55 P3:321.4 P4:321.45 STATE:IDLE
[2026-05-11 14:32:09Z] CHK MOM:-0.12% RANGE:0.28% UP:15.78% SPREAD:0.0310752% BID:321.8 ASK:321.9 MID:321.85 P1:321.85 P2:321.5 P3:321.55 P4:321.4 STATE:IDLE
[2026-05-11 14:32:09Z] CHK MOM:-0.15% RANGE:0.28% UP:15% SPREAD:0.03108486% BID:321.7 ASK:321.8 MID:321.75 P1:321.75 P2:321.85 P3:321.5 P4:321.55 STATE:IDLE
[2026-05-11 14:32:10Z] CHK MOM:-0.06% RANGE:0.24% UP:20% SPREAD:0.03106554% BID:321.9 ASK:322 MID:321.95 P1:321.95 P2:321.75 P3:321.85 P4:321.5 STATE:IDLE
[2026-05-11 14:32:10Z] CHK MOM:-0.06% RANGE:0.24% UP:20% SPREAD:0.03106554% BID:321.9 ASK:322 MID:321.95 P1:321.95 P2:321.95 P3:321.75 P4:321.85 STATE:IDLE
[2026-05-11 14:32:11Z] CHK MOM:-0.03% RANGE:0.24% UP:25% SPREAD:0.0310559% BID:322 ASK:322.1 MID:322.05 P1:322.05 P2:321.95 P3:321.95 P4:321.75 STATE:IDLE
[2026-05-11 14:32:11Z] CHK MOM:-0.04% RANGE:0.23% UP:25% SPREAD:0.03106554% BID:321.9 ASK:322 MID:321.95 P1:321.95 P2:322.05 P3:321.95 P4:321.95 STATE:IDLE
[2026-05-11 14:32:12Z] CHK MOM:-0.06% RANGE:0.21% UP:25% SPREAD:0.0310752% BID:321.8 ASK:321.9 MID:321.85 P1:321.85 P2:321.95 P3:322.05 P4:321.95 STATE:IDLE
[2026-05-11 14:32:12Z] CHK MOM:-0.12% RANGE:0.21% UP:23.8% SPREAD:0.03109452% BID:321.6 ASK:321.7 MID:321.65 P1:321.65 P2:321.85 P3:321.95 P4:322.05 STATE:IDLE
[2026-05-11 14:32:13Z] CHK MOM:-0.07% RANGE:0.21% UP:28.57% SPREAD:0.06218905% BID:321.6 ASK:321.8 MID:321.7 P1:321.7 P2:321.65 P3:321.85 P4:321.95 STATE:IDLE
[2026-05-11 14:32:14Z] CHK MOM:0% RANGE:0.21% UP:35% SPREAD:0.03108486% BID:321.7 ASK:321.8 MID:321.75 P1:321.75 P2:321.7 P3:321.65 P4:321.85 STATE:IDLE
[2026-05-11 14:32:14Z] CHK MOM:0.04% RANGE:0.21% UP:40% SPREAD:0.06216972% BID:321.7 ASK:321.9 MID:321.79999999 P1:321.79999999 P2:321.75 P3:321.7 P4:321.65 STATE:IDLE
[2026-05-11 14:32:15Z] CHK MOM:0.12% RANGE:0.21% UP:45% SPREAD:0.03106554% BID:321.9 ASK:322 MID:321.95 P1:321.95 P2:321.79999999 P3:321.75 P4:321.7 STATE:IDLE
[2026-05-11 14:32:15Z] CHK MOM:0.09% RANGE:0.21% UP:42.85% SPREAD:0.0310752% BID:321.8 ASK:321.9 MID:321.85 P1:321.85 P2:321.95 P3:321.79999999 P4:321.75 STATE:IDLE
[2026-05-11 14:32:16Z] CHK MOM:0.13% RANGE:0.21% UP:50% SPREAD:0.0621504% BID:321.8 ASK:322 MID:321.9 P1:321.9 P2:321.85 P3:321.95 P4:321.79999999 STATE:IDLE
[2026-05-11 14:32:16Z] CHK MOM:0.2% RANGE:0.23% UP:52.38% SPREAD:0.0621118% BID:322 ASK:322.2 MID:322.1 P1:322.1 P2:321.9 P3:321.85 P4:321.95 STATE:IDLE
[2026-05-11 14:32:17Z] CHK MOM:0.24% RANGE:0.24% UP:60% SPREAD:0.03104625% BID:322.1 ASK:322.2 MID:322.15 P1:322.15 P2:322.1 P3:321.9 P4:321.85 STATE:IDLE
[2026-05-11 14:32:17Z] CHK MOM:0.2% RANGE:0.24% UP:57.14% SPREAD:0.06213109% BID:321.9 ASK:322.1 MID:322 P1:322 P2:322.15 P3:322.1 P4:321.9 STATE:IDLE
[2026-05-11 14:32:18Z] CHK MOM:0.23% RANGE:0.23% UP:60% SPREAD:0.03104625% BID:322.1 ASK:322.2 MID:322.15 P1:322.15 P2:322 P3:322.15 P4:322.1 STATE:IDLE
[2026-05-11 14:32:19Z] CHK MOM:0.15% RANGE:0.2% UP:55% SPREAD:0.0310559% BID:322 ASK:322.1 MID:322.05 P1:322.05 P2:322.15 P3:322 P4:322.15 STATE:IDLE
[2026-05-11 14:32:19Z] CHK MOM:0.15% RANGE:0.2% UP:55% SPREAD:0.06213109% BID:321.9 ASK:322.1 MID:322 P1:322 P2:322.05 P3:322.15 P4:322 STATE:IDLE
[2026-05-11 14:32:20Z] CHK MOM:0.07% RANGE:0.15% UP:55% SPREAD:0.0621118% BID:322 ASK:322.2 MID:322.1 P1:322.1 P2:322 P3:322.05 P4:322.15 STATE:IDLE
[2026-05-11 14:32:20Z] CHK MOM:0.17% RANGE:0.23% UP:57.14% SPREAD:0.06205398% BID:322.3 ASK:322.5 MID:322.4 P1:322.4 P2:322.1 P3:322 P4:322.05 STATE:IDLE
[2026-05-11 14:32:21Z] CHK MOM:0.18% RANGE:0.24% UP:59.09% SPREAD:0.03101736% BID:322.4 ASK:322.5 MID:322.45 P1:322.45 P2:322.4 P3:322.1 P4:322 STATE:IDLE
[2026-05-11 14:32:22Z] DECIDE_HOLD reason=HOLD_BURST_EMA spread=0.0310% mom=0.1864% range=0.2487% up=59.09% mid=322.45000000 P1=322.45 P2=322.4 P3=322.1 P4=322.0 ema1=0
[2026-05-11 14:32:22Z] CHK MOM:0.12% RANGE:0.24% UP:60% SPREAD:0.03102699% BID:322.3 ASK:322.4 MID:322.35 P1:322.35 P2:322.45 P3:322.4 P4:322.1 STATE:IDLE
[2026-05-11 14:32:23Z] CHK MOM:0.13% RANGE:0.24% UP:63.15% SPREAD:0.06205398% BID:322.3 ASK:322.5 MID:322.4 P1:322.4 P2:322.35 P3:322.45 P4:322.4 STATE:IDLE
[2026-05-11 14:32:24Z] CHK MOM:0.15% RANGE:0.24% UP:65% SPREAD:0.09308098% BID:322.3 ASK:322.6 MID:322.45 P1:322.45 P2:322.4 P3:322.35 P4:322.45 STATE:IDLE
[2026-05-11 14:32:24Z] CHK MOM:0.23% RANGE:0.23% UP:66.66% SPREAD:0.03101736% BID:322.4 ASK:322.5 MID:322.45 P1:322.45 P2:322.45 P3:322.4 P4:322.35 STATE:IDLE
[2026-05-11 14:32:25Z] CHK MOM:0.21% RANGE:0.21% UP:61.11% SPREAD:0.03101736% BID:322.4 ASK:322.5 MID:322.45 P1:322.45 P2:322.45 P3:322.45 P4:322.4 STATE:IDLE
[2026-05-11 14:32:25Z] CHK MOM:0.21% RANGE:0.21% UP:57.89% SPREAD:0.03101736% BID:322.4 ASK:322.5 MID:322.45 P1:322.45 P2:322.45 P3:322.45 P4:322.45 STATE:IDLE
[2026-05-11 14:32:26Z] CHK MOM:0.23% RANGE:0.23% UP:60% SPREAD:0.06203473% BID:322.4 ASK:322.6 MID:322.5 P1:322.5 P2:322.45 P3:322.45 P4:322.45 STATE:IDLE
[2026-05-11 14:32:26Z] CHK MOM:0.23% RANGE:0.23% UP:60% SPREAD:0.03100775% BID:322.5 ASK:322.6 MID:322.55 P1:322.55 P2:322.5 P3:322.45 P4:322.45 STATE:IDLE
[2026-05-11 14:32:27Z] CHK MOM:0.23% RANGE:0.23% UP:60% SPREAD:0.03100775% BID:322.5 ASK:322.6 MID:322.55 P1:322.55 P2:322.5 P3:322.45 P4:322.45 STATE:IDLE
[2026-05-11 14:32:27Z] CHK MOM:0.21% RANGE:0.21% UP:57.89% SPREAD:0.03100775% BID:322.5 ASK:322.6 MID:322.55 P1:322.55 P2:322.55 P3:322.5 P4:322.45 STATE:IDLE
[2026-05-11 14:32:28Z] CHK MOM:0.15% RANGE:0.18% UP:55.55% SPREAD:0.0620155% BID:322.5 ASK:322.7 MID:322.6 P1:322.6 P2:322.55 P3:322.55 P4:322.5 STATE:IDLE
[2026-05-11 14:32:28Z] CHK MOM:0.13% RANGE:0.18% UP:50% SPREAD:0.0620155% BID:322.5 ASK:322.7 MID:322.6 P1:322.6 P2:322.6 P3:322.55 P4:322.55 STATE:IDLE
[2026-05-11 14:32:29Z] CHK MOM:0.13% RANGE:0.18% UP:50% SPREAD:0.0620155% BID:322.5 ASK:322.7 MID:322.6 P1:322.6 P2:322.6 P3:322.55 P4:322.55 STATE:IDLE
[2026-05-11 14:32:30Z] CHK MOM:0.13% RANGE:0.18% UP:47.05% SPREAD:0.0620155% BID:322.5 ASK:322.7 MID:322.6 P1:322.6 P2:322.6 P3:322.6 P4:322.55 STATE:IDLE
[2026-05-11 14:32:30Z] CHK MOM:0.21% RANGE:0.23% UP:52.94% SPREAD:0.03098853% BID:322.7 ASK:322.8 MID:322.75 P1:322.75 P2:322.6 P3:322.6 P4:322.6 STATE:IDLE
[2026-05-11 14:32:31Z] CHK MOM:0.24% RANGE:0.24% UP:58.82% SPREAD:0.06197706% BID:322.7 ASK:322.9 MID:322.79999999 P1:322.79999999 P2:322.75 P3:322.6 P4:322.6 STATE:IDLE
[2026-05-11 14:32:31Z] CHK MOM:0.24% RANGE:0.24% UP:55.55% SPREAD:0.06197706% BID:322.7 ASK:322.9 MID:322.79999999 P1:322.79999999 P2:322.79999999 P3:322.75 P4:322.6 STATE:IDLE
[2026-05-11 14:32:32Z] CHK MOM:0.15% RANGE:0.17% UP:52.94% SPREAD:0.06195786% BID:322.8 ASK:323 MID:322.9 P1:322.9 P2:322.79999999 P3:322.79999999 P4:322.75 STATE:IDLE
[2026-05-11 14:32:32Z] CHK MOM:0.13% RANGE:0.17% UP:50% SPREAD:0.03097893% BID:322.8 ASK:322.9 MID:322.85 P1:322.85 P2:322.9 P3:322.79999999 P4:322.79999999 STATE:IDLE
[2026-05-11 14:32:33Z] CHK MOM:0.13% RANGE:0.17% UP:50% SPREAD:0.06195786% BID:322.8 ASK:323 MID:322.9 P1:322.9 P2:322.85 P3:322.9 P4:322.79999999 STATE:IDLE
[2026-05-11 14:32:33Z] CHK MOM:0.13% RANGE:0.17% UP:50% SPREAD:0.06195786% BID:322.8 ASK:323 MID:322.9 P1:322.9 P2:322.85 P3:322.9 P4:322.79999999 STATE:IDLE
[2026-05-11 14:32:34Z] CHK MOM:0.18% RANGE:0.18% UP:55.55% SPREAD:0.03096934% BID:322.9 ASK:323 MID:322.95 P1:322.95 P2:322.9 P3:322.85 P4:322.9 STATE:IDLE
[2026-05-11 14:32:35Z] CHK MOM:0.17% RANGE:0.17% UP:50% SPREAD:0.03096934% BID:322.9 ASK:323 MID:322.95 P1:322.95 P2:322.95 P3:322.9 P4:322.85 STATE:IDLE
[2026-05-11 14:32:35Z] CHK MOM:0.15% RANGE:0.15% UP:44.44% SPREAD:0.03096934% BID:322.9 ASK:323 MID:322.95 P1:322.95 P2:322.95 P3:322.95 P4:322.9 STATE:IDLE
[2026-05-11 14:32:36Z] CHK MOM:0.15% RANGE:0.15% UP:44.44% SPREAD:0.03096934% BID:322.9 ASK:323 MID:322.95 P1:322.95 P2:322.95 P3:322.95 P4:322.95 STATE:IDLE
[2026-05-11 14:32:36Z] CHK MOM:0.12% RANGE:0.15% UP:42.1% SPREAD:0.03097893% BID:322.8 ASK:322.9 MID:322.85 P1:322.85 P2:322.95 P3:322.95 P4:322.95 STATE:IDLE
[2026-05-11 14:32:37Z] CHK MOM:0.09% RANGE:0.15% UP:42.1% SPREAD:0.03098853% BID:322.7 ASK:322.8 MID:322.75 P1:322.75 P2:322.85 P3:322.95 P4:322.95 STATE:IDLE
[2026-05-11 14:32:37Z] CHK MOM:0.12% RANGE:0.15% UP:47.36% SPREAD:0.03097893% BID:322.8 ASK:322.9 MID:322.85 P1:322.85 P2:322.75 P3:322.85 P4:322.95 STATE:IDLE
[2026-05-11 14:32:38Z] CHK MOM:0.09% RANGE:0.12% UP:38.88% SPREAD:0.03097893% BID:322.8 ASK:322.9 MID:322.85 P1:322.85 P2:322.85 P3:322.75 P4:322.85 STATE:IDLE
[2026-05-11 14:32:38Z] CHK MOM:0.09% RANGE:0.12% UP:38.88% SPREAD:0.03097893% BID:322.8 ASK:322.9 MID:322.85 P1:322.85 P2:322.85 P3:322.85 P4:322.75 STATE:IDLE
[2026-05-11 14:32:39Z] CHK MOM:0.13% RANGE:0.13% UP:42.1% SPREAD:0.06193868% BID:322.9 ASK:323.1 MID:323 P1:323 P2:322.85 P3:322.85 P4:322.85 STATE:IDLE
[2026-05-11 14:32:40Z] CHK MOM:0.1% RANGE:0.12% UP:36.84% SPREAD:0.03096934% BID:322.9 ASK:323 MID:322.95 P1:322.95 P2:323 P3:322.85 P4:322.85 STATE:IDLE
[2026-05-11 14:32:40Z] CHK MOM:0.13% RANGE:0.13% UP:42.1% SPREAD:0.03095975% BID:323 ASK:323.1 MID:323.05 P1:323.05 P2:322.95 P3:323 P4:322.85 STATE:IDLE
[2026-05-11 14:32:41Z] CHK MOM:0.1% RANGE:0.13% UP:42.1% SPREAD:0.03096934% BID:322.9 ASK:323 MID:322.95 P1:322.95 P2:323.05 P3:322.95 P4:323 STATE:IDLE
[2026-05-11 14:32:41Z] CHK MOM:0.12% RANGE:0.13% UP:45% SPREAD:0.06193868% BID:322.9 ASK:323.1 MID:323 P1:323 P2:322.95 P3:323.05 P4:322.95 STATE:IDLE
[2026-05-11 14:32:42Z] CHK MOM:0.09% RANGE:0.09% UP:45% SPREAD:0.03095975% BID:323 ASK:323.1 MID:323.05 P1:323.05 P2:323 P3:322.95 P4:323.05 STATE:IDLE
[2026-05-11 14:32:42Z] CHK MOM:0.09% RANGE:0.09% UP:45% SPREAD:0.03095975% BID:323 ASK:323.1 MID:323.05 P1:323.05 P2:323 P3:322.95 P4:323.05 STATE:IDLE
[2026-05-11 14:32:43Z] CHK MOM:0.04% RANGE:0.09% UP:42.1% SPREAD:0.03096934% BID:322.9 ASK:323 MID:322.95 P1:322.95 P2:323.05 P3:323 P4:322.95 STATE:IDLE
[2026-05-11 14:32:43Z] CHK MOM:0.04% RANGE:0.09% UP:42.1% SPREAD:0.03095975% BID:323 ASK:323.1 MID:323.05 P1:323.05 P2:322.95 P3:323.05 P4:323 STATE:IDLE
[2026-05-11 14:32:44Z] CHK MOM:0.04% RANGE:0.09% UP:40% SPREAD:0.03095975% BID:323 ASK:323.1 MID:323.05 P1:323.05 P2:323.05 P3:322.95 P4:323.05 STATE:IDLE
[2026-05-11 14:32:44Z] CHK MOM:0.04% RANGE:0.09% UP:40% SPREAD:0.06193868% BID:322.9 ASK:323.1 MID:323 P1:323 P2:323.05 P3:323.05 P4:322.95 STATE:IDLE
[2026-05-11 14:32:45Z] CHK MOM:0% RANGE:0.09% UP:31.57% SPREAD:0.03096934% BID:322.9 ASK:323 MID:322.95 P1:322.95 P2:323 P3:323.05 P4:323.05 STATE:IDLE
[2026-05-11 14:32:46Z] CHK MOM:-0.01% RANGE:0.09% UP:31.57% SPREAD:0.06195786% BID:322.8 ASK:323 MID:322.9 P1:322.9 P2:322.95 P3:323 P4:323.05 STATE:IDLE
[2026-05-11 14:32:46Z] CHK MOM:0.03% RANGE:0.09% UP:35% SPREAD:0.03095975% BID:323 ASK:323.1 MID:323.05 P1:323.05 P2:322.9 P3:322.95 P4:323 STATE:IDLE
[2026-05-11 14:32:47Z] CHK MOM:0.03% RANGE:0.09% UP:33.33% SPREAD:0.03095975% BID:323 ASK:323.1 MID:323.05 P1:323.05 P2:323.05 P3:322.9 P4:322.95 STATE:IDLE
[2026-05-11 14:32:47Z] CHK MOM:0% RANGE:0.09% UP:35% SPREAD:0.03096934% BID:322.9 ASK:323 MID:322.95 P1:322.95 P2:323.05 P3:323.05 P4:322.9 STATE:IDLE
[2026-05-11 14:32:48Z] CHK MOM:0% RANGE:0.09% UP:35% SPREAD:0.03097893% BID:322.8 ASK:322.9 MID:322.85 P1:322.85 P2:322.95 P3:323.05 P4:323.05 STATE:IDLE
[2026-05-11 14:32:48Z] CHK MOM:0.03% RANGE:0.09% UP:38.09% SPREAD:0.03096934% BID:322.9 ASK:323 MID:322.95 P1:322.95 P2:322.85 P3:322.95 P4:323.05 STATE:IDLE
[2026-05-11 14:32:49Z] CHK MOM:0% RANGE:0.06% UP:35% SPREAD:0.03097893% BID:322.8 ASK:322.9 MID:322.85 P1:322.85 P2:322.95 P3:322.85 P4:322.95 STATE:IDLE
[2026-05-11 14:32:49Z] CHK MOM:0% RANGE:0.06% UP:33.33% SPREAD:0.03097893% BID:322.8 ASK:322.9 MID:322.85 P1:322.85 P2:322.85 P3:322.95 P4:322.85 STATE:IDLE
[2026-05-11 14:32:50Z] CHK MOM:0% RANGE:0.06% UP:33.33% SPREAD:0.03097893% BID:322.8 ASK:322.9 MID:322.85 P1:322.85 P2:322.85 P3:322.85 P4:322.95 STATE:IDLE
[2026-05-11 14:32:51Z] CHK MOM:-0.04% RANGE:0.06% UP:30% SPREAD:0.03097893% BID:322.8 ASK:322.9 MID:322.85 P1:322.85 P2:322.85 P3:322.85 P4:322.85 STATE:IDLE
[2026-05-11 14:32:51Z] CHK MOM:0.03% RANGE:0.06% UP:35% SPREAD:0.03095975% BID:323 ASK:323.1 MID:323.05 P1:323.05 P2:322.85 P3:322.85 P4:322.85 STATE:IDLE
[2026-05-11 14:32:52Z] CHK MOM:0% RANGE:0.06% UP:30% SPREAD:0.03095975% BID:323 ASK:323.1 MID:323.05 P1:323.05 P2:323.05 P3:322.85 P4:322.85 STATE:IDLE
[2026-05-11 14:32:52Z] CHK MOM:0.01% RANGE:0.07% UP:33.33% SPREAD:0.0619195% BID:323 ASK:323.2 MID:323.1 P1:323.1 P2:323.05 P3:323.05 P4:322.85 STATE:IDLE
[2026-05-11 14:32:53Z] CHK MOM:0.04% RANGE:0.09% UP:35% SPREAD:0.03095017% BID:323.1 ASK:323.2 MID:323.15 P1:323.15 P2:323.1 P3:323.05 P4:323.05 STATE:IDLE
[2026-05-11 14:32:53Z] CHK MOM:0.04% RANGE:0.1% UP:35% SPREAD:0.06190034% BID:323.1 ASK:323.3 MID:323.2 P1:323.2 P2:323.15 P3:323.1 P4:323.05 STATE:IDLE
[2026-05-11 14:32:54Z] CHK MOM:0.03% RANGE:0.1% UP:33.33% SPREAD:0.03095017% BID:323.1 ASK:323.2 MID:323.15 P1:323.15 P2:323.2 P3:323.15 P4:323.1 STATE:IDLE
[2026-05-11 14:32:54Z] CHK MOM:0.07% RANGE:0.1% UP:38.09% SPREAD:0.06190034% BID:323.1 ASK:323.3 MID:323.2 P1:323.2 P2:323.15 P3:323.2 P4:323.15 STATE:IDLE
[2026-05-11 14:32:55Z] CHK MOM:0.1% RANGE:0.13% UP:40.9% SPREAD:0.06188118% BID:323.2 ASK:323.4 MID:323.29999999 P1:323.29999999 P2:323.2 P3:323.15 P4:323.2 STATE:IDLE
[2026-05-11 14:32:55Z] CHK MOM:0.06% RANGE:0.13% UP:36.36% SPREAD:0.03094059% BID:323.2 ASK:323.3 MID:323.25 P1:323.25 P2:323.29999999 P3:323.2 P4:323.15 STATE:IDLE
[2026-05-11 14:32:56Z] CHK MOM:0.06% RANGE:0.13% UP:36.36% SPREAD:0.03094059% BID:323.2 ASK:323.3 MID:323.25 P1:323.25 P2:323.29999999 P3:323.2 P4:323.15 STATE:IDLE
[2026-05-11 14:32:57Z] CHK MOM:0.03% RANGE:0.13% UP:40% SPREAD:0.03095975% BID:323 ASK:323.1 MID:323.05 P1:323.05 P2:323.25 P3:323.29999999 P4:323.2 STATE:IDLE
[2026-05-11 14:32:57Z] CHK MOM:0.04% RANGE:0.13% UP:40% SPREAD:0.03095975% BID:323 ASK:323.1 MID:323.05 P1:323.05 P2:323.05 P3:323.25 P4:323.29999999 STATE:IDLE
[2026-05-11 14:32:58Z] CHK MOM:0.04% RANGE:0.13% UP:40% SPREAD:0.03095975% BID:323 ASK:323.1 MID:323.05 P1:323.05 P2:323.05 P3:323.25 P4:323.29999999 STATE:IDLE
[2026-05-11 14:32:58Z] CHK MOM:0.04% RANGE:0.13% UP:40% SPREAD:0.03095975% BID:323 ASK:323.1 MID:323.05 P1:323.05 P2:323.05 P3:323.25 P4:323.29999999 STATE:IDLE
[2026-05-11 14:32:59Z] CHK MOM:0% RANGE:0.13% UP:36.84% SPREAD:0.03095975% BID:323 ASK:323.1 MID:323.05 P1:323.05 P2:323.05 P3:323.05 P4:323.25 STATE:IDLE
[2026-05-11 14:32:59Z] CHK MOM:0.06% RANGE:0.13% UP:42.1% SPREAD:0.03095017% BID:323.1 ASK:323.2 MID:323.15 P1:323.15 P2:323.05 P3:323.05 P4:323.05 STATE:IDLE
[2026-05-11 14:33:00Z] CHK MOM:0.06% RANGE:0.13% UP:42.1% SPREAD:0.03095017% BID:323.1 ASK:323.2 MID:323.15 P1:323.15 P2:323.05 P3:323.05 P4:323.05 STATE:IDLE
[2026-05-11 14:33:00Z] CHK MOM:0.1% RANGE:0.13% UP:47.05% SPREAD:0.06190034% BID:323.1 ASK:323.3 MID:323.2 P1:323.2 P2:323.15 P3:323.05 P4:323.05 STATE:IDLE
[2026-05-11 14:33:01Z] CHK MOM:0.06% RANGE:0.13% UP:44.44% SPREAD:0.03095975% BID:323 ASK:323.1 MID:323.05 P1:323.05 P2:323.2 P3:323.15 P4:323.05 STATE:IDLE
[2026-05-11 14:33:02Z] CHK MOM:0.06% RANGE:0.13% UP:44.44% SPREAD:0.03095975% BID:323 ASK:323.1 MID:323.05 P1:323.05 P2:323.05 P3:323.2 P4:323.15 STATE:IDLE
[2026-05-11 14:33:02Z] CHK MOM:0.06% RANGE:0.13% UP:47.05% SPREAD:0.03095975% BID:323 ASK:323.1 MID:323.05 P1:323.05 P2:323.05 P3:323.05 P4:323.2 STATE:IDLE
[2026-05-11 14:33:03Z] CHK MOM:-0.03% RANGE:0.1% UP:41.17% SPREAD:0.03096934% BID:322.9 ASK:323 MID:322.95 P1:322.95 P2:323.05 P3:323.05 P4:323.05 STATE:IDLE
[2026-05-11 14:33:03Z] CHK MOM:-0.03% RANGE:0.1% UP:41.17% SPREAD:0.03096934% BID:322.9 ASK:323 MID:322.95 P1:322.95 P2:322.95 P3:323.05 P4:323.05 STATE:IDLE
[2026-05-11 14:33:04Z] CHK MOM:-0.03% RANGE:0.1% UP:41.17% SPREAD:0.03096934% BID:322.9 ASK:323 MID:322.95 P1:322.95 P2:322.95 P3:323.05 P4:323.05 STATE:IDLE
[2026-05-11 14:33:04Z] CHK MOM:-0.04% RANGE:0.1% UP:35.29% SPREAD:0.03096934% BID:322.9 ASK:323 MID:322.95 P1:322.95 P2:322.95 P3:322.95 P4:323.05 STATE:IDLE
[2026-05-11 14:33:05Z] CHK MOM:-0.06% RANGE:0.1% UP:29.41% SPREAD:0.03096934% BID:322.9 ASK:323 MID:322.95 P1:322.95 P2:322.95 P3:322.95 P4:322.95 STATE:IDLE
[2026-05-11 14:33:05Z] CHK MOM:-0.07% RANGE:0.1% UP:23.52% SPREAD:0.03096934% BID:322.9 ASK:323 MID:322.95 P1:322.95 P2:322.95 P3:322.95 P4:322.95 STATE:IDLE
[2026-05-11 14:33:06Z] CHK MOM:-0.07% RANGE:0.1% UP:23.52% SPREAD:0.03096934% BID:322.9 ASK:323 MID:322.95 P1:322.95 P2:322.95 P3:322.95 P4:322.95 STATE:IDLE
[2026-05-11 14:33:06Z] CHK MOM:-0.13% RANGE:0.13% UP:13.33% SPREAD:0.03097893% BID:322.8 ASK:322.9 MID:322.85 P1:322.85 P2:322.95 P3:322.95 P4:322.95 STATE:IDLE
[2026-05-11 14:33:07Z] CHK MOM:-0.1% RANGE:0.13% UP:18.75% SPREAD:0.03096934% BID:322.9 ASK:323 MID:322.95 P1:322.95 P2:322.85 P3:322.95 P4:322.95 STATE:IDLE
[2026-05-11 14:33:08Z] CHK MOM:-0.03% RANGE:0.1% UP:20% SPREAD:0.03096934% BID:322.9 ASK:323 MID:322.95 P1:322.95 P2:322.95 P3:322.85 P4:322.95 STATE:IDLE
[2026-05-11 14:33:08Z] CHK MOM:-0.06% RANGE:0.1% UP:18.75% SPREAD:0.03097893% BID:322.8 ASK:322.9 MID:322.85 P1:322.85 P2:322.95 P3:322.95 P4:322.85 STATE:IDLE
[2026-05-11 14:33:09Z] CHK MOM:-0.06% RANGE:0.1% UP:18.75% SPREAD:0.03097893% BID:322.8 ASK:322.9 MID:322.85 P1:322.85 P2:322.85 P3:322.95 P4:322.95 STATE:IDLE
[2026-05-11 14:33:09Z] CHK MOM:-0.06% RANGE:0.1% UP:17.64% SPREAD:0.03097893% BID:322.8 ASK:322.9 MID:322.85 P1:322.85 P2:322.85 P3:322.85 P4:322.95 STATE:IDLE
[2026-05-11 14:33:10Z] CHK MOM:-0.03% RANGE:0.1% UP:23.52% SPREAD:0.03096934% BID:322.9 ASK:323 MID:322.95 P1:322.95 P2:322.85 P3:322.85 P4:322.85 STATE:IDLE
[2026-05-11 14:33:10Z] CHK MOM:-0.03% RANGE:0.1% UP:22.22% SPREAD:0.03096934% BID:322.9 ASK:323 MID:322.95 P1:322.95 P2:322.95 P3:322.85 P4:322.85 STATE:IDLE
[2026-05-11 14:33:11Z] CHK MOM:-0.06% RANGE:0.1% UP:16.66% SPREAD:0.03096934% BID:322.9 ASK:323 MID:322.95 P1:322.95 P2:322.95 P3:322.95 P4:322.85 STATE:IDLE
[2026-05-11 14:33:11Z] CHK MOM:-0.07% RANGE:0.1% UP:15.78% SPREAD:0.06195786% BID:322.8 ASK:323 MID:322.9 P1:322.9 P2:322.95 P3:322.95 P4:322.95 STATE:IDLE
[2026-05-11 14:33:12Z] CHK MOM:-0.07% RANGE:0.1% UP:15.78% SPREAD:0.03096934% BID:322.9 ASK:323 MID:322.95 P1:322.95 P2:322.9 P3:322.95 P4:322.95 STATE:IDLE
[2026-05-11 14:33:13Z] CHK MOM:-0.1% RANGE:0.1% UP:15% SPREAD:0.03097893% BID:322.8 ASK:322.9 MID:322.85 P1:322.85 P2:322.95 P3:322.9 P4:322.95 STATE:IDLE
[2026-05-11 14:33:13Z] CHK MOM:-0.03% RANGE:0.06% UP:21.05% SPREAD:0.03096934% BID:322.9 ASK:323 MID:322.95 P1:322.95 P2:322.85 P3:322.95 P4:322.9 STATE:IDLE
[2026-05-11 14:33:14Z] CHK MOM:-0.06% RANGE:0.06% UP:21.05% SPREAD:0.03097893% BID:322.8 ASK:322.9 MID:322.85 P1:322.85 P2:322.95 P3:322.85 P4:322.95 STATE:IDLE
[2026-05-11 14:33:14Z] CHK MOM:-0.06% RANGE:0.06% UP:21.05% SPREAD:0.03097893% BID:322.8 ASK:322.9 MID:322.85 P1:322.85 P2:322.95 P3:322.85 P4:322.95 STATE:IDLE
[2026-05-11 14:33:15Z] CHK MOM:-0.06% RANGE:0.06% UP:21.05% SPREAD:0.03097893% BID:322.8 ASK:322.9 MID:322.85 P1:322.85 P2:322.95 P3:322.85 P4:322.95 STATE:IDLE
[2026-05-11 14:33:15Z] CHK MOM:0% RANGE:0.03% UP:27.77% SPREAD:0.03096934% BID:322.9 ASK:323 MID:322.95 P1:322.95 P2:322.85 P3:322.95 P4:322.85 STATE:IDLE
[2026-05-11 14:33:16Z] CHK MOM:-0.03% RANGE:0.03% UP:27.77% SPREAD:0.03097893% BID:322.8 ASK:322.9 MID:322.85 P1:322.85 P2:322.95 P3:322.85 P4:322.95 STATE:IDLE
[2026-05-11 14:33:16Z] CHK MOM:0% RANGE:0.03% UP:31.57% SPREAD:0.03096934% BID:322.9 ASK:323 MID:322.95 P1:322.95 P2:322.85 P3:322.95 P4:322.85 STATE:IDLE
[2026-05-11 14:33:17Z] CHK MOM:0% RANGE:0.03% UP:31.57% SPREAD:0.03096934% BID:322.9 ASK:323 MID:322.95 P1:322.95 P2:322.95 P3:322.85 P4:322.95 STATE:IDLE
[2026-05-11 14:33:18Z] CHK MOM:-0.03% RANGE:0.03% UP:31.57% SPREAD:0.03097893% BID:322.8 ASK:322.9 MID:322.85 P1:322.85 P2:322.95 P3:322.95 P4:322.85 STATE:IDLE
[2026-05-11 14:33:18Z] CHK MOM:0.06% RANGE:0.06% UP:36.84% SPREAD:0.03095975% BID:323 ASK:323.1 MID:323.05 P1:323.05 P2:322.85 P3:322.95 P4:322.95 STATE:IDLE
[2026-05-11 14:33:19Z] CHK MOM:0% RANGE:0.06% UP:33.33% SPREAD:0.03096934% BID:322.9 ASK:323 MID:322.95 P1:322.95 P2:323.05 P3:322.85 P4:322.95 STATE:IDLE
[2026-05-11 14:33:19Z] CHK MOM:0% RANGE:0.06% UP:31.57% SPREAD:0.03096934% BID:322.9 ASK:323 MID:322.95 P1:322.95 P2:322.95 P3:323.05 P4:322.85 STATE:IDLE
[2026-05-11 14:33:20Z] CHK MOM:0.03% RANGE:0.06% UP:31.57% SPREAD:0.03096934% BID:322.9 ASK:323 MID:322.95 P1:322.95 P2:322.95 P3:322.95 P4:323.05 STATE:IDLE
[2026-05-11 14:33:20Z] CHK MOM:0.06% RANGE:0.06% UP:36.84% SPREAD:0.03095975% BID:323 ASK:323.1 MID:323.05 P1:323.05 P2:322.95 P3:322.95 P4:322.95 STATE:IDLE
[2026-05-11 14:33:21Z] CHK MOM:0.09% RANGE:0.09% UP:42.1% SPREAD:0.03095017% BID:323.1 ASK:323.2 MID:323.15 P1:323.15 P2:323.05 P3:322.95 P4:322.95 STATE:IDLE
[2026-05-11 14:33:21Z] CHK MOM:0.06% RANGE:0.09% UP:36.84% SPREAD:0.03095017% BID:323.1 ASK:323.2 MID:323.15 P1:323.15 P2:323.15 P3:323.05 P4:322.95 STATE:IDLE
[2026-05-11 14:33:22Z] CHK MOM:0.06% RANGE:0.09% UP:36.84% SPREAD:0.03095017% BID:323.1 ASK:323.2 MID:323.15 P1:323.15 P2:323.15 P3:323.15 P4:323.05 STATE:IDLE
[2026-05-11 14:33:22Z] CHK MOM:0.06% RANGE:0.09% UP:35% SPREAD:0.03095017% BID:323.1 ASK:323.2 MID:323.15 P1:323.15 P2:323.15 P3:323.15 P4:323.15 STATE:IDLE
[2026-05-11 14:33:23Z] CHK MOM:0.06% RANGE:0.09% UP:35% SPREAD:0.03095017% BID:323.1 ASK:323.2 MID:323.15 P1:323.15 P2:323.15 P3:323.15 P4:323.15 STATE:IDLE
[2026-05-11 14:33:24Z] CHK MOM:0.03% RANGE:0.09% UP:31.57% SPREAD:0.03095975% BID:323 ASK:323.1 MID:323.05 P1:323.05 P2:323.15 P3:323.15 P4:323.15 STATE:IDLE
[2026-05-11 14:33:24Z] CHK MOM:0.03% RANGE:0.09% UP:27.77% SPREAD:0.03095975% BID:323 ASK:323.1 MID:323.05 P1:323.05 P2:323.05 P3:323.15 P4:323.15 STATE:IDLE
[2026-05-11 14:33:25Z] CHK MOM:0.03% RANGE:0.09% UP:27.77% SPREAD:0.03095975% BID:323 ASK:323.1 MID:323.05 P1:323.05 P2:323.05 P3:323.15 P4:323.15 STATE:IDLE
[2026-05-11 14:33:25Z] CHK MOM:0.03% RANGE:0.09% UP:27.77% SPREAD:0.03095975% BID:323 ASK:323.1 MID:323.05 P1:323.05 P2:323.05 P3:323.15 P4:323.15 STATE:IDLE
[2026-05-11 14:33:26Z] CHK MOM:0.03% RANGE:0.09% UP:27.77% SPREAD:0.03095975% BID:323 ASK:323.1 MID:323.05 P1:323.05 P2:323.05 P3:323.15 P4:323.15 STATE:IDLE
[2026-05-11 14:33:26Z] CHK MOM:0.03% RANGE:0.09% UP:27.77% SPREAD:0.03095975% BID:323 ASK:323.1 MID:323.05 P1:323.05 P2:323.05 P3:323.15 P4:323.15 STATE:IDLE
[2026-05-11 14:33:27Z] CHK MOM:0.03% RANGE:0.09% UP:27.77% SPREAD:0.03095975% BID:323 ASK:323.1 MID:323.05 P1:323.05 P2:323.05 P3:323.15 P4:323.15 STATE:IDLE
[2026-05-11 14:33:27Z] CHK MOM:0.03% RANGE:0.09% UP:25% SPREAD:0.03096934% BID:322.9 ASK:323 MID:322.95 P1:322.95 P2:323.05 P3:323.05 P4:323.15 STATE:IDLE
[2026-05-11 14:33:28Z] CHK MOM:0.03% RANGE:0.09% UP:23.52% SPREAD:0.03096934% BID:322.9 ASK:323 MID:322.95 P1:322.95 P2:322.95 P3:323.05 P4:323.05 STATE:IDLE
[2026-05-11 14:33:29Z] CHK MOM:0.03% RANGE:0.09% UP:25% SPREAD:0.03095975% BID:323 ASK:323.1 MID:323.05 P1:323.05 P2:322.95 P3:322.95 P4:323.05 STATE:IDLE
[2026-05-11 14:33:29Z] CHK MOM:0.09% RANGE:0.09% UP:31.25% SPREAD:0.03095017% BID:323.1 ASK:323.2 MID:323.15 P1:323.15 P2:323.05 P3:322.95 P4:322.95 STATE:IDLE
[2026-05-11 14:33:30Z] CHK MOM:0.01% RANGE:0.06% UP:25% SPREAD:0.0619195% BID:323 ASK:323.2 MID:323.1 P1:323.1 P2:323.15 P3:323.05 P4:322.95 STATE:IDLE
[2026-05-11 14:33:30Z] CHK MOM:0.06% RANGE:0.06% UP:31.25% SPREAD:0.03095017% BID:323.1 ASK:323.2 MID:323.15 P1:323.15 P2:323.1 P3:323.15 P4:323.05 STATE:IDLE
[2026-05-11 14:33:31Z] CHK MOM:0.07% RANGE:0.07% UP:37.5% SPREAD:0.06190034% BID:323.1 ASK:323.3 MID:323.2 P1:323.2 P2:323.15 P3:323.1 P4:323.15 STATE:IDLE
[2026-05-11 14:33:31Z] CHK MOM:0.06% RANGE:0.07% UP:35.29% SPREAD:0.03095017% BID:323.1 ASK:323.2 MID:323.15 P1:323.15 P2:323.2 P3:323.15 P4:323.1 STATE:IDLE
[2026-05-11 14:33:32Z] CHK MOM:0.06% RANGE:0.07% UP:35.29% SPREAD:0.03095017% BID:323.1 ASK:323.2 MID:323.15 P1:323.15 P2:323.2 P3:323.15 P4:323.1 STATE:IDLE
[2026-05-11 14:33:32Z] CHK MOM:0.06% RANGE:0.09% UP:37.5% SPREAD:0.03094059% BID:323.2 ASK:323.3 MID:323.25 P1:323.25 P2:323.15 P3:323.2 P4:323.15 STATE:IDLE
[2026-05-11 14:33:33Z] CHK MOM:0.03% RANGE:0.09% UP:31.25% SPREAD:0.03094059% BID:323.2 ASK:323.3 MID:323.25 P1:323.25 P2:323.25 P3:323.15 P4:323.2 STATE:IDLE
[2026-05-11 14:33:34Z] CHK MOM:0.01% RANGE:0.09% UP:33.33% SPREAD:0.06190034% BID:323.1 ASK:323.3 MID:323.2 P1:323.2 P2:323.25 P3:323.25 P4:323.15 STATE:IDLE
[2026-05-11 14:33:34Z] CHK MOM:0% RANGE:0.09% UP:35.71% SPREAD:0.03095017% BID:323.1 ASK:323.2 MID:323.15 P1:323.15 P2:323.2 P3:323.25 P4:323.25 STATE:IDLE
[2026-05-11 14:33:35Z] CHK MOM:0% RANGE:0.09% UP:33.33% SPREAD:0.03095017% BID:323.1 ASK:323.2 MID:323.15 P1:323.15 P2:323.15 P3:323.2 P4:323.25 STATE:IDLE
[2026-05-11 14:33:35Z] CHK MOM:0.06% RANGE:0.09% UP:40% SPREAD:0.03094059% BID:323.2 ASK:323.3 MID:323.25 P1:323.25 P2:323.15 P3:323.15 P4:323.2 STATE:IDLE
[2026-05-11 14:33:36Z] CHK MOM:0.09% RANGE:0.12% UP:46.66% SPREAD:0.03093102% BID:323.3 ASK:323.4 MID:323.35 P1:323.35 P2:323.25 P3:323.15 P4:323.15 STATE:IDLE
[2026-05-11 14:33:36Z] CHK MOM:0.09% RANGE:0.12% UP:43.75% SPREAD:0.03093102% BID:323.3 ASK:323.4 MID:323.35 P1:323.35 P2:323.35 P3:323.25 P4:323.15 STATE:IDLE
[2026-05-11 14:33:37Z] CHK MOM:0.09% RANGE:0.12% UP:43.75% SPREAD:0.03093102% BID:323.3 ASK:323.4 MID:323.35 P1:323.35 P2:323.35 P3:323.25 P4:323.15 STATE:IDLE
[2026-05-11 14:33:37Z] CHK MOM:0.15% RANGE:0.15% UP:50% SPREAD:0.03092145% BID:323.4 ASK:323.5 MID:323.45 P1:323.45 P2:323.35 P3:323.35 P4:323.25 STATE:IDLE
[2026-05-11 14:33:38Z] CHK MOM:0.15% RANGE:0.15% UP:47.05% SPREAD:0.03092145% BID:323.4 ASK:323.5 MID:323.45 P1:323.45 P2:323.45 P3:323.35 P4:323.35 STATE:IDLE
[2026-05-11 14:33:38Z] CHK MOM:0.1% RANGE:0.15% UP:44.44% SPREAD:0.06188118% BID:323.2 ASK:323.4 MID:323.29999999 P1:323.29999999 P2:323.45 P3:323.45 P4:323.35 STATE:IDLE
[2026-05-11 14:33:39Z] CHK MOM:0.07% RANGE:0.15% UP:42.1% SPREAD:0.06190034% BID:323.1 ASK:323.3 MID:323.2 P1:323.2 P2:323.29999999 P3:323.45 P4:323.45 STATE:IDLE
[2026-05-11 14:33:39Z] CHK MOM:0.06% RANGE:0.12% UP:44.44% SPREAD:0.03094059% BID:323.2 ASK:323.3 MID:323.25 P1:323.25 P2:323.2 P3:323.29999999 P4:323.45 STATE:IDLE
[2026-05-11 14:33:40Z] CHK MOM:0.06% RANGE:0.12% UP:42.1% SPREAD:0.03094059% BID:323.2 ASK:323.3 MID:323.25 P1:323.25 P2:323.25 P3:323.2 P4:323.29999999 STATE:IDLE
[2026-05-11 14:33:40Z] CHK MOM:0.01% RANGE:0.1% UP:36.84% SPREAD:0.06190034% BID:323.1 ASK:323.3 MID:323.2 P1:323.2 P2:323.25 P3:323.25 P4:323.2 STATE:IDLE
[2026-05-11 14:33:41Z] CHK MOM:0.01% RANGE:0.1% UP:36.84% SPREAD:0.06190034% BID:323.1 ASK:323.3 MID:323.2 P1:323.2 P2:323.25 P3:323.25 P4:323.2 STATE:IDLE
[2026-05-11 14:33:41Z] CHK MOM:0.01% RANGE:0.1% UP:36.84% SPREAD:0.06190034% BID:323.1 ASK:323.3 MID:323.2 P1:323.2 P2:323.25 P3:323.25 P4:323.2 STATE:IDLE
[2026-05-11 14:33:42Z] CHK MOM:0% RANGE:0.09% UP:29.41% SPREAD:0.06190034% BID:323.1 ASK:323.3 MID:323.2 P1:323.2 P2:323.2 P3:323.25 P4:323.25 STATE:IDLE
[2026-05-11 14:33:42Z] CHK MOM:0% RANGE:0.09% UP:27.77% SPREAD:0.06190034% BID:323.1 ASK:323.3 MID:323.2 P1:323.2 P2:323.2 P3:323.2 P4:323.25 STATE:IDLE
[2026-05-11 14:33:43Z] CHK MOM:0% RANGE:0.09% UP:29.41% SPREAD:0.03094059% BID:323.2 ASK:323.3 MID:323.25 P1:323.25 P2:323.2 P3:323.2 P4:323.2 STATE:IDLE
[2026-05-11 14:33:43Z] CHK MOM:0.03% RANGE:0.09% UP:33.33% SPREAD:0.03093102% BID:323.3 ASK:323.4 MID:323.35 P1:323.35 P2:323.25 P3:323.2 P4:323.2 STATE:IDLE
[2026-05-11 14:33:44Z] CHK MOM:0.03% RANGE:0.09% UP:31.57% SPREAD:0.03093102% BID:323.3 ASK:323.4 MID:323.35 P1:323.35 P2:323.35 P3:323.25 P4:323.2 STATE:IDLE
[2026-05-11 14:33:45Z] CHK MOM:0.04% RANGE:0.09% UP:33.33% SPREAD:0.03093102% BID:323.3 ASK:323.4 MID:323.35 P1:323.35 P2:323.35 P3:323.35 P4:323.25 STATE:IDLE
[2026-05-11 14:33:45Z] CHK MOM:0.06% RANGE:0.09% UP:33.33% SPREAD:0.03093102% BID:323.3 ASK:323.4 MID:323.35 P1:323.35 P2:323.35 P3:323.35 P4:323.35 STATE:IDLE
[2026-05-11 14:33:46Z] CHK MOM:0.09% RANGE:0.09% UP:36.84% SPREAD:0.03092145% BID:323.4 ASK:323.5 MID:323.45 P1:323.45 P2:323.35 P3:323.35 P4:323.35 STATE:IDLE
[2026-05-11 14:33:46Z] CHK MOM:0.06% RANGE:0.07% UP:33.33% SPREAD:0.03092145% BID:323.4 ASK:323.5 MID:323.45 P1:323.45 P2:323.45 P3:323.35 P4:323.35 STATE:IDLE
[2026-05-11 14:33:47Z] CHK MOM:0.03% RANGE:0.07% UP:27.77% SPREAD:0.03092145% BID:323.4 ASK:323.5 MID:323.45 P1:323.45 P2:323.45 P3:323.45 P4:323.35 STATE:IDLE
[2026-05-11 14:33:47Z] CHK MOM:0.03% RANGE:0.07% UP:26.31% SPREAD:0.03092145% BID:323.4 ASK:323.5 MID:323.45 P1:323.45 P2:323.45 P3:323.45 P4:323.45 STATE:IDLE
[2026-05-11 14:33:48Z] CHK MOM:0% RANGE:0.07% UP:22.22% SPREAD:0.03092145% BID:323.4 ASK:323.5 MID:323.45 P1:323.45 P2:323.45 P3:323.45 P4:323.45 STATE:IDLE
[2026-05-11 14:33:48Z] CHK MOM:0% RANGE:0.07% UP:21.05% SPREAD:0.03092145% BID:323.4 ASK:323.5 MID:323.45 P1:323.45 P2:323.45 P3:323.45 P4:323.45 STATE:IDLE
[2026-05-11 14:33:49Z] CHK MOM:0.03% RANGE:0.1% UP:25% SPREAD:0.0309119% BID:323.5 ASK:323.6 MID:323.55 P1:323.55 P2:323.45 P3:323.45 P4:323.45 STATE:IDLE
[2026-05-11 14:33:50Z] CHK MOM:0.04% RANGE:0.1% UP:26.31% SPREAD:0.03092145% BID:323.4 ASK:323.5 MID:323.45 P1:323.45 P2:323.55 P3:323.45 P4:323.45 STATE:IDLE
[2026-05-11 14:33:50Z] CHK MOM:0.12% RANGE:0.12% UP:31.57% SPREAD:0.0618238% BID:323.5 ASK:323.7 MID:323.6 P1:323.6 P2:323.45 P3:323.55 P4:323.45 STATE:IDLE
[2026-05-11 14:33:51Z] CHK MOM:0.12% RANGE:0.13% UP:31.57% SPREAD:0.03090234% BID:323.6 ASK:323.7 MID:323.65 P1:323.65 P2:323.6 P3:323.45 P4:323.55 STATE:IDLE
[2026-05-11 14:33:51Z] CHK MOM:0.12% RANGE:0.13% UP:30% SPREAD:0.03090234% BID:323.6 ASK:323.7 MID:323.65 P1:323.65 P2:323.65 P3:323.6 P4:323.45 STATE:IDLE
[2026-05-11 14:33:52Z] CHK MOM:0.09% RANGE:0.13% UP:30% SPREAD:0.0309119% BID:323.5 ASK:323.6 MID:323.55 P1:323.55 P2:323.65 P3:323.65 P4:323.6 STATE:IDLE
[2026-05-11 14:33:52Z] CHK MOM:0.09% RANGE:0.13% UP:30% SPREAD:0.0309119% BID:323.5 ASK:323.6 MID:323.55 P1:323.55 P2:323.65 P3:323.65 P4:323.6 STATE:IDLE
[2026-05-11 14:33:53Z] CHK MOM:0.12% RANGE:0.13% UP:36.84% SPREAD:0.0618238% BID:323.5 ASK:323.7 MID:323.6 P1:323.6 P2:323.55 P3:323.65 P4:323.65 STATE:IDLE
[2026-05-11 14:33:53Z] CHK MOM:0.1% RANGE:0.13% UP:35% SPREAD:0.0309119% BID:323.5 ASK:323.6 MID:323.55 P1:323.55 P2:323.6 P3:323.55 P4:323.65 STATE:IDLE
[2026-05-11 14:33:54Z] CHK MOM:0.09% RANGE:0.13% UP:33.33% SPREAD:0.06184291% BID:323.4 ASK:323.6 MID:323.5 P1:323.5 P2:323.55 P3:323.6 P4:323.55 STATE:IDLE
[2026-05-11 14:33:55Z] CHK MOM:0.09% RANGE:0.13% UP:33.33% SPREAD:0.06184291% BID:323.4 ASK:323.6 MID:323.5 P1:323.5 P2:323.5 P3:323.55 P4:323.6 STATE:IDLE
[2026-05-11 14:33:55Z] CHK MOM:0.09% RANGE:0.12% UP:33.33% SPREAD:0.0309119% BID:323.5 ASK:323.6 MID:323.55 P1:323.55 P2:323.5 P3:323.5 P4:323.55 STATE:IDLE
[2026-05-11 14:33:56Z] CHK MOM:0.09% RANGE:0.12% UP:33.33% SPREAD:0.0309119% BID:323.5 ASK:323.6 MID:323.55 P1:323.55 P2:323.5 P3:323.5 P4:323.55 STATE:IDLE
[2026-05-11 14:33:56Z] CHK MOM:0.09% RANGE:0.12% UP:33.33% SPREAD:0.0309119% BID:323.5 ASK:323.6 MID:323.55 P1:323.55 P2:323.5 P3:323.5 P4:323.55 STATE:IDLE
[2026-05-11 14:33:57Z] CHK MOM:0.09% RANGE:0.12% UP:33.33% SPREAD:0.0309119% BID:323.5 ASK:323.6 MID:323.55 P1:323.55 P2:323.5 P3:323.5 P4:323.55 STATE:IDLE
[2026-05-11 14:33:57Z] CHK MOM:0.03% RANGE:0.06% UP:29.41% SPREAD:0.0309119% BID:323.5 ASK:323.6 MID:323.55 P1:323.55 P2:323.55 P3:323.5 P4:323.5 STATE:IDLE
[2026-05-11 14:33:58Z] CHK MOM:0.06% RANGE:0.06% UP:33.33% SPREAD:0.03090234% BID:323.6 ASK:323.7 MID:323.65 P1:323.65 P2:323.55 P3:323.55 P4:323.5 STATE:IDLE
[2026-05-11 14:33:58Z] CHK MOM:0.06% RANGE:0.06% UP:33.33% SPREAD:0.03090234% BID:323.6 ASK:323.7 MID:323.65 P1:323.65 P2:323.55 P3:323.55 P4:323.5 STATE:IDLE
[2026-05-11 14:33:59Z] CHK MOM:0.06% RANGE:0.06% UP:35.29% SPREAD:0.03090234% BID:323.6 ASK:323.7 MID:323.65 P1:323.65 P2:323.65 P3:323.55 P4:323.55 STATE:IDLE
[2026-05-11 14:33:59Z] CHK MOM:0.06% RANGE:0.06% UP:35.29% SPREAD:0.03090234% BID:323.6 ASK:323.7 MID:323.65 P1:323.65 P2:323.65 P3:323.55 P4:323.55 STATE:IDLE
[2026-05-11 14:34:00Z] CHK MOM:0.04% RANGE:0.06% UP:40% SPREAD:0.0618238% BID:323.5 ASK:323.7 MID:323.6 P1:323.6 P2:323.65 P3:323.65 P4:323.55 STATE:IDLE
[2026-05-11 14:34:01Z] CHK MOM:0.03% RANGE:0.06% UP:37.5% SPREAD:0.0309119% BID:323.5 ASK:323.6 MID:323.55 P1:323.55 P2:323.6 P3:323.65 P4:323.65 STATE:IDLE
[2026-05-11 14:34:01Z] CHK MOM:0% RANGE:0.06% UP:33.33% SPREAD:0.03092145% BID:323.4 ASK:323.5 MID:323.45 P1:323.45 P2:323.55 P3:323.6 P4:323.65 STATE:IDLE
[2026-05-11 14:34:02Z] CHK MOM:-0.01% RANGE:0.06% UP:33.33% SPREAD:0.0309119% BID:323.5 ASK:323.6 MID:323.55 P1:323.55 P2:323.45 P3:323.55 P4:323.6 STATE:IDLE
[2026-05-11 14:34:02Z] CHK MOM:0.01% RANGE:0.06% UP:37.5% SPREAD:0.03090234% BID:323.6 ASK:323.7 MID:323.65 P1:323.65 P2:323.55 P3:323.45 P4:323.55 STATE:IDLE
[2026-05-11 14:34:03Z] CHK MOM:0.03% RANGE:0.09% UP:40% SPREAD:0.0308928% BID:323.7 ASK:323.8 MID:323.75 P1:323.75 P2:323.65 P3:323.55 P4:323.45 STATE:IDLE
[2026-05-11 14:34:03Z] CHK MOM:0.09% RANGE:0.12% UP:46.66% SPREAD:0.03088326% BID:323.8 ASK:323.9 MID:323.85 P1:323.85 P2:323.75 P3:323.65 P4:323.55 STATE:IDLE
[2026-05-11 14:34:04Z] CHK MOM:0.04% RANGE:0.12% UP:40% SPREAD:0.0308928% BID:323.7 ASK:323.8 MID:323.75 P1:323.75 P2:323.85 P3:323.75 P4:323.65 STATE:IDLE
[2026-05-11 14:34:04Z] CHK MOM:0.04% RANGE:0.12% UP:37.5% SPREAD:0.0308928% BID:323.7 ASK:323.8 MID:323.75 P1:323.75 P2:323.75 P3:323.85 P4:323.75 STATE:IDLE
[2026-05-11 14:34:05Z] CHK MOM:0.03% RANGE:0.12% UP:37.5% SPREAD:0.03090234% BID:323.6 ASK:323.7 MID:323.65 P1:323.65 P2:323.75 P3:323.75 P4:323.85 STATE:IDLE
[2026-05-11 14:34:06Z] CHK MOM:0.04% RANGE:0.12% UP:40% SPREAD:0.03090234% BID:323.6 ASK:323.7 MID:323.65 P1:323.65 P2:323.65 P3:323.75 P4:323.75 STATE:IDLE
[2026-05-11 14:34:06Z] CHK MOM:0.04% RANGE:0.12% UP:37.5% SPREAD:0.03090234% BID:323.6 ASK:323.7 MID:323.65 P1:323.65 P2:323.65 P3:323.65 P4:323.75 STATE:IDLE
[2026-05-11 14:34:07Z] CHK MOM:0.04% RANGE:0.12% UP:37.5% SPREAD:0.03090234% BID:323.6 ASK:323.7 MID:323.65 P1:323.65 P2:323.65 P3:323.65 P4:323.75 STATE:IDLE
[2026-05-11 14:34:07Z] CHK MOM:0.04% RANGE:0.12% UP:37.5% SPREAD:0.03090234% BID:323.6 ASK:323.7 MID:323.65 P1:323.65 P2:323.65 P3:323.65 P4:323.75 STATE:IDLE
[2026-05-11 14:34:08Z] CHK MOM:0.04% RANGE:0.12% UP:40% SPREAD:0.06180469% BID:323.6 ASK:323.8 MID:323.7 P1:323.7 P2:323.65 P3:323.65 P4:323.65 STATE:IDLE
[2026-05-11 14:34:08Z] CHK MOM:0.03% RANGE:0.12% UP:37.5% SPREAD:0.03090234% BID:323.6 ASK:323.7 MID:323.65 P1:323.65 P2:323.7 P3:323.65 P4:323.65 STATE:IDLE
[2026-05-11 14:34:09Z] CHK MOM:0% RANGE:0.12% UP:35.29% SPREAD:0.0309119% BID:323.5 ASK:323.6 MID:323.55 P1:323.55 P2:323.65 P3:323.7 P4:323.65 STATE:IDLE
[2026-05-11 14:34:09Z] CHK MOM:0% RANGE:0.12% UP:35.29% SPREAD:0.0309119% BID:323.5 ASK:323.6 MID:323.55 P1:323.55 P2:323.65 P3:323.7 P4:323.65 STATE:IDLE
[2026-05-11 14:34:10Z] CHK MOM:-0.01% RANGE:0.12% UP:37.5% SPREAD:0.0618238% BID:323.5 ASK:323.7 MID:323.6 P1:323.6 P2:323.55 P3:323.65 P4:323.7 STATE:IDLE
[2026-05-11 14:34:11Z] CHK MOM:-0.03% RANGE:0.12% UP:35.29% SPREAD:0.0309119% BID:323.5 ASK:323.6 MID:323.55 P1:323.55 P2:323.6 P3:323.55 P4:323.65 STATE:IDLE
[2026-05-11 14:34:11Z] CHK MOM:-0.03% RANGE:0.12% UP:33.33% SPREAD:0.0309119% BID:323.5 ASK:323.6 MID:323.55 P1:323.55 P2:323.55 P3:323.6 P4:323.55 STATE:IDLE
[2026-05-11 14:34:12Z] CHK MOM:-0.03% RANGE:0.12% UP:33.33% SPREAD:0.0309119% BID:323.5 ASK:323.6 MID:323.55 P1:323.55 P2:323.55 P3:323.6 P4:323.55 STATE:IDLE
[2026-05-11 14:34:12Z] CHK MOM:-0.03% RANGE:0.12% UP:33.33% SPREAD:0.0309119% BID:323.5 ASK:323.6 MID:323.55 P1:323.55 P2:323.55 P3:323.6 P4:323.55 STATE:IDLE
[2026-05-11 14:34:13Z] CHK MOM:0.06% RANGE:0.12% UP:43.75% SPREAD:0.03090234% BID:323.6 ASK:323.7 MID:323.65 P1:323.65 P2:323.55 P3:323.55 P4:323.6 STATE:IDLE
[2026-05-11 14:34:13Z] CHK MOM:0.06% RANGE:0.12% UP:41.17% SPREAD:0.03090234% BID:323.6 ASK:323.7 MID:323.65 P1:323.65 P2:323.65 P3:323.55 P4:323.55 STATE:IDLE
[2026-05-11 14:34:14Z] CHK MOM:0.03% RANGE:0.09% UP:35.29% SPREAD:0.03090234% BID:323.6 ASK:323.7 MID:323.65 P1:323.65 P2:323.65 P3:323.65 P4:323.55 STATE:IDLE
[2026-05-11 14:34:14Z] CHK MOM:-0.03% RANGE:0.09% UP:25% SPREAD:0.03090234% BID:323.6 ASK:323.7 MID:323.65 P1:323.65 P2:323.65 P3:323.65 P4:323.65 STATE:IDLE
[2026-05-11 14:34:15Z] CHK MOM:0% RANGE:0.09% UP:29.41% SPREAD:0.0308928% BID:323.7 ASK:323.8 MID:323.75 P1:323.75 P2:323.65 P3:323.65 P4:323.65 STATE:IDLE
[2026-05-11 14:34:15Z] CHK MOM:-0.03% RANGE:0.09% UP:23.52% SPREAD:0.0308928% BID:323.7 ASK:323.8 MID:323.75 P1:323.75 P2:323.75 P3:323.65 P4:323.65 STATE:IDLE
[2026-05-11 14:34:16Z] CHK MOM:0% RANGE:0.06% UP:23.52% SPREAD:0.0308928% BID:323.7 ASK:323.8 MID:323.75 P1:323.75 P2:323.75 P3:323.75 P4:323.65 STATE:IDLE
[2026-05-11 14:34:17Z] CHK MOM:0.03% RANGE:0.06% UP:25% SPREAD:0.0308928% BID:323.7 ASK:323.8 MID:323.75 P1:323.75 P2:323.75 P3:323.75 P4:323.75 STATE:IDLE
[2026-05-11 14:34:17Z] CHK MOM:0.01% RANGE:0.06% UP:25% SPREAD:0.06180469% BID:323.6 ASK:323.8 MID:323.7 P1:323.7 P2:323.75 P3:323.75 P4:323.75 STATE:IDLE
[2026-05-11 14:34:18Z] CHK MOM:0.01% RANGE:0.06% UP:23.52% SPREAD:0.06180469% BID:323.6 ASK:323.8 MID:323.7 P1:323.7 P2:323.7 P3:323.75 P4:323.75 STATE:IDLE
[2026-05-11 14:34:18Z] CHK MOM:0% RANGE:0.06% UP:18.75% SPREAD:0.06180469% BID:323.6 ASK:323.8 MID:323.7 P1:323.7 P2:323.7 P3:323.7 P4:323.75 STATE:IDLE
[2026-05-11 14:34:19Z] CHK MOM:0% RANGE:0.06% UP:18.75% SPREAD:0.06180469% BID:323.6 ASK:323.8 MID:323.7 P1:323.7 P2:323.7 P3:323.7 P4:323.75 STATE:IDLE
[2026-05-11 14:34:19Z] CHK MOM:0.01% RANGE:0.06% UP:23.52% SPREAD:0.0308928% BID:323.7 ASK:323.8 MID:323.75 P1:323.75 P2:323.7 P3:323.7 P4:323.7 STATE:IDLE
[2026-05-11 14:34:20Z] CHK MOM:0.01% RANGE:0.06% UP:23.52% SPREAD:0.0308928% BID:323.7 ASK:323.8 MID:323.75 P1:323.75 P2:323.7 P3:323.7 P4:323.7 STATE:IDLE
[2026-05-11 14:34:20Z] CHK MOM:0.06% RANGE:0.09% UP:29.41% SPREAD:0.03088326% BID:323.8 ASK:323.9 MID:323.85 P1:323.85 P2:323.75 P3:323.7 P4:323.7 STATE:IDLE
[2026-05-11 14:34:21Z] CHK MOM:0.07% RANGE:0.09% UP:25% SPREAD:0.03088326% BID:323.8 ASK:323.9 MID:323.85 P1:323.85 P2:323.85 P3:323.75 P4:323.7 STATE:IDLE
[2026-05-11 14:34:22Z] CHK MOM:0.04% RANGE:0.09% UP:23.52% SPREAD:0.0308928% BID:323.7 ASK:323.8 MID:323.75 P1:323.75 P2:323.85 P3:323.85 P4:323.75 STATE:IDLE
[2026-05-11 14:34:22Z] CHK MOM:0.06% RANGE:0.09% UP:25% SPREAD:0.0308928% BID:323.7 ASK:323.8 MID:323.75 P1:323.75 P2:323.75 P3:323.85 P4:323.85 STATE:IDLE
[2026-05-11 14:34:23Z] CHK MOM:0.06% RANGE:0.06% UP:25% SPREAD:0.03088326% BID:323.8 ASK:323.9 MID:323.85 P1:323.85 P2:323.75 P3:323.75 P4:323.85 STATE:IDLE
[2026-05-11 14:34:23Z] CHK MOM:0.06% RANGE:0.06% UP:23.52% SPREAD:0.03088326% BID:323.8 ASK:323.9 MID:323.85 P1:323.85 P2:323.85 P3:323.75 P4:323.75 STATE:IDLE
[2026-05-11 14:34:24Z] CHK MOM:0.06% RANGE:0.06% UP:23.52% SPREAD:0.03088326% BID:323.8 ASK:323.9 MID:323.85 P1:323.85 P2:323.85 P3:323.75 P4:323.75 STATE:IDLE
[2026-05-11 14:34:24Z] CHK MOM:0.06% RANGE:0.06% UP:22.22% SPREAD:0.03088326% BID:323.8 ASK:323.9 MID:323.85 P1:323.85 P2:323.85 P3:323.85 P4:323.75 STATE:IDLE
[2026-05-11 14:34:25Z] CHK MOM:0.06% RANGE:0.06% UP:21.05% SPREAD:0.03088326% BID:323.8 ASK:323.9 MID:323.85 P1:323.85 P2:323.85 P3:323.85 P4:323.85 STATE:IDLE
[2026-05-11 14:34:25Z] CHK MOM:0.03% RANGE:0.06% UP:22.22% SPREAD:0.0308928% BID:323.7 ASK:323.8 MID:323.75 P1:323.75 P2:323.85 P3:323.85 P4:323.85 STATE:IDLE
[2026-05-11 14:34:26Z] CHK MOM:-0.03% RANGE:0.09% UP:22.22% SPREAD:0.0309119% BID:323.5 ASK:323.6 MID:323.55 P1:323.55 P2:323.75 P3:323.85 P4:323.85 STATE:IDLE
[2026-05-11 14:34:27Z] CHK MOM:-0.03% RANGE:0.09% UP:22.22% SPREAD:0.0309119% BID:323.5 ASK:323.6 MID:323.55 P1:323.55 P2:323.75 P3:323.85 P4:323.85 STATE:IDLE
[2026-05-11 14:34:27Z] CHK MOM:-0.03% RANGE:0.09% UP:22.22% SPREAD:0.0309119% BID:323.5 ASK:323.6 MID:323.55 P1:323.55 P2:323.75 P3:323.85 P4:323.85 STATE:IDLE
[2026-05-11 14:34:28Z] CHK MOM:-0.09% RANGE:0.12% UP:20% SPREAD:0.03092145% BID:323.4 ASK:323.5 MID:323.45 P1:323.45 P2:323.55 P3:323.75 P4:323.85 STATE:IDLE
[2026-05-11 14:34:28Z] CHK MOM:-0.09% RANGE:0.12% UP:18.75% SPREAD:0.03092145% BID:323.4 ASK:323.5 MID:323.45 P1:323.45 P2:323.45 P3:323.55 P4:323.75 STATE:IDLE
[2026-05-11 14:34:29Z] CHK MOM:-0.07% RANGE:0.12% UP:23.52% SPREAD:0.06184291% BID:323.4 ASK:323.6 MID:323.5 P1:323.5 P2:323.45 P3:323.45 P4:323.55 STATE:IDLE
[2026-05-11 14:34:29Z] CHK MOM:-0.04% RANGE:0.12% UP:31.25% SPREAD:0.0309119% BID:323.5 ASK:323.6 MID:323.55 P1:323.55 P2:323.5 P3:323.45 P4:323.45 STATE:IDLE
[2026-05-11 14:34:30Z] CHK MOM:-0.06% RANGE:0.12% UP:31.25% SPREAD:0.06184291% BID:323.4 ASK:323.6 MID:323.5 P1:323.5 P2:323.55 P3:323.5 P4:323.45 STATE:IDLE
[2026-05-11 14:34:30Z] CHK MOM:-0.12% RANGE:0.15% UP:25% SPREAD:0.03093102% BID:323.3 ASK:323.4 MID:323.35 P1:323.35 P2:323.5 P3:323.55 P4:323.5 STATE:IDLE
[2026-05-11 14:34:31Z] CHK MOM:-0.12% RANGE:0.15% UP:23.52% SPREAD:0.03093102% BID:323.3 ASK:323.4 MID:323.35 P1:323.35 P2:323.35 P3:323.5 P4:323.55 STATE:IDLE
[2026-05-11 14:34:31Z] CHK MOM:-0.12% RANGE:0.15% UP:22.22% SPREAD:0.03093102% BID:323.3 ASK:323.4 MID:323.35 P1:323.35 P2:323.35 P3:323.35 P4:323.5 STATE:IDLE
[2026-05-11 14:34:32Z] CHK MOM:-0.15% RANGE:0.15% UP:16.66% SPREAD:0.03093102% BID:323.3 ASK:323.4 MID:323.35 P1:323.35 P2:323.35 P3:323.35 P4:323.35 STATE:IDLE
[2026-05-11 14:34:33Z] CHK MOM:-0.13% RANGE:0.17% UP:17.64% SPREAD:0.06188118% BID:323.2 ASK:323.4 MID:323.29999999 P1:323.29999999 P2:323.35 P3:323.35 P4:323.35 STATE:IDLE
[2026-05-11 14:34:33Z] CHK MOM:-0.12% RANGE:0.17% UP:22.22% SPREAD:0.03093102% BID:323.3 ASK:323.4 MID:323.35 P1:323.35 P2:323.29999999 P3:323.35 P4:323.35 STATE:IDLE
[2026-05-11 14:34:34Z] CHK MOM:-0.12% RANGE:0.17% UP:22.22% SPREAD:0.03093102% BID:323.3 ASK:323.4 MID:323.35 P1:323.35 P2:323.29999999 P3:323.35 P4:323.35 STATE:IDLE
[2026-05-11 14:34:34Z] CHK MOM:-0.12% RANGE:0.17% UP:22.22% SPREAD:0.03093102% BID:323.3 ASK:323.4 MID:323.35 P1:323.35 P2:323.29999999 P3:323.35 P4:323.35 STATE:IDLE
[2026-05-11 14:34:35Z] CHK MOM:-0.12% RANGE:0.17% UP:22.22% SPREAD:0.03093102% BID:323.3 ASK:323.4 MID:323.35 P1:323.35 P2:323.29999999 P3:323.35 P4:323.35 STATE:IDLE
[2026-05-11 14:34:35Z] CHK MOM:-0.12% RANGE:0.17% UP:22.22% SPREAD:0.03093102% BID:323.3 ASK:323.4 MID:323.35 P1:323.35 P2:323.29999999 P3:323.35 P4:323.35 STATE:IDLE
[2026-05-11 14:34:36Z] CHK MOM:-0.15% RANGE:0.17% UP:20% SPREAD:0.03093102% BID:323.3 ASK:323.4 MID:323.35 P1:323.35 P2:323.35 P3:323.29999999 P4:323.35 STATE:IDLE
[2026-05-11 14:34:36Z] CHK MOM:-0.16% RANGE:0.17% UP:20% SPREAD:0.06188118% BID:323.2 ASK:323.4 MID:323.29999999 P1:323.29999999 P2:323.35 P3:323.35 P4:323.29999999 STATE:IDLE
[2026-05-11 14:34:37Z] CHK MOM:-0.16% RANGE:0.17% UP:20% SPREAD:0.06188118% BID:323.2 ASK:323.4 MID:323.29999999 P1:323.29999999 P2:323.35 P3:323.35 P4:323.29999999 STATE:IDLE
[2026-05-11 14:34:38Z] CHK MOM:-0.16% RANGE:0.17% UP:20% SPREAD:0.06188118% BID:323.2 ASK:323.4 MID:323.29999999 P1:323.29999999 P2:323.35 P3:323.35 P4:323.29999999 STATE:IDLE
[2026-05-11 14:34:38Z] CHK MOM:-0.06% RANGE:0.09% UP:23.07% SPREAD:0.03094059% BID:323.2 ASK:323.3 MID:323.25 P1:323.25 P2:323.29999999 P3:323.35 P4:323.35 STATE:IDLE
[2026-05-11 14:34:39Z] CHK MOM:-0.06% RANGE:0.09% UP:23.07% SPREAD:0.03094059% BID:323.2 ASK:323.3 MID:323.25 P1:323.25 P2:323.29999999 P3:323.35 P4:323.35 STATE:IDLE
[2026-05-11 14:34:39Z] CHK MOM:-0.09% RANGE:0.12% UP:21.42% SPREAD:0.03095017% BID:323.1 ASK:323.2 MID:323.15 P1:323.15 P2:323.25 P3:323.29999999 P4:323.35 STATE:IDLE
[2026-05-11 14:34:40Z] CHK MOM:-0.12% RANGE:0.15% UP:21.42% SPREAD:0.03095975% BID:323 ASK:323.1 MID:323.05 P1:323.05 P2:323.15 P3:323.25 P4:323.29999999 STATE:IDLE
[2026-05-11 14:34:40Z] CHK MOM:-0.12% RANGE:0.15% UP:21.42% SPREAD:0.03095975% BID:323 ASK:323.1 MID:323.05 P1:323.05 P2:323.15 P3:323.25 P4:323.29999999 STATE:IDLE
[2026-05-11 14:34:41Z] CHK MOM:-0.18% RANGE:0.18% UP:7.69% SPREAD:0.03096934% BID:322.9 ASK:323 MID:322.95 P1:322.95 P2:323.05 P3:323.15 P4:323.25 STATE:IDLE
[2026-05-11 14:34:41Z] CHK MOM:-0.18% RANGE:0.18% UP:7.14% SPREAD:0.03096934% BID:322.9 ASK:323 MID:322.95 P1:322.95 P2:322.95 P3:323.05 P4:323.15 STATE:IDLE
[2026-05-11 14:34:42Z] CHK MOM:-0.17% RANGE:0.17% UP:7.14% SPREAD:0.03096934% BID:322.9 ASK:323 MID:322.95 P1:322.95 P2:322.95 P3:322.95 P4:323.05 STATE:IDLE
[2026-05-11 14:34:42Z] CHK MOM:-0.17% RANGE:0.17% UP:7.14% SPREAD:0.03096934% BID:322.9 ASK:323 MID:322.95 P1:322.95 P2:322.95 P3:322.95 P4:323.05 STATE:IDLE
[2026-05-11 14:34:43Z] CHK MOM:-0.15% RANGE:0.15% UP:8.33% SPREAD:0.03097893% BID:322.8 ASK:322.9 MID:322.85 P1:322.85 P2:322.95 P3:322.95 P4:322.95 STATE:IDLE
[2026-05-11 14:34:44Z] CHK MOM:-0.15% RANGE:0.17% UP:9.09% SPREAD:0.06197706% BID:322.7 ASK:322.9 MID:322.79999999 P1:322.79999999 P2:322.85 P3:322.95 P4:322.95 STATE:IDLE
[2026-05-11 14:34:44Z] CHK MOM:-0.17% RANGE:0.18% UP:8.33% SPREAD:0.03098853% BID:322.7 ASK:322.8 MID:322.75 P1:322.75 P2:322.79999999 P3:322.85 P4:322.95 STATE:IDLE
[2026-05-11 14:34:45Z] CHK MOM:-0.13% RANGE:0.18% UP:15.38% SPREAD:0.03097893% BID:322.8 ASK:322.9 MID:322.85 P1:322.85 P2:322.75 P3:322.79999999 P4:322.85 STATE:IDLE
[2026-05-11 14:34:45Z] CHK MOM:-0.15% RANGE:0.18% UP:7.69% SPREAD:0.03097893% BID:322.8 ASK:322.9 MID:322.85 P1:322.85 P2:322.85 P3:322.75 P4:322.79999999 STATE:IDLE
[2026-05-11 14:34:46Z] CHK MOM:-0.15% RANGE:0.18% UP:7.69% SPREAD:0.03097893% BID:322.8 ASK:322.9 MID:322.85 P1:322.85 P2:322.85 P3:322.85 P4:322.75 STATE:IDLE
[2026-05-11 14:34:46Z] CHK MOM:-0.15% RANGE:0.18% UP:7.14% SPREAD:0.03097893% BID:322.8 ASK:322.9 MID:322.85 P1:322.85 P2:322.85 P3:322.85 P4:322.85 STATE:IDLE
[2026-05-11 14:34:47Z] CHK MOM:-0.15% RANGE:0.18% UP:7.14% SPREAD:0.03097893% BID:322.8 ASK:322.9 MID:322.85 P1:322.85 P2:322.85 P3:322.85 P4:322.85 STATE:IDLE
[2026-05-11 14:34:47Z] CHK MOM:-0.15% RANGE:0.18% UP:7.14% SPREAD:0.03097893% BID:322.8 ASK:322.9 MID:322.85 P1:322.85 P2:322.85 P3:322.85 P4:322.85 STATE:IDLE
[2026-05-11 14:34:48Z] CHK MOM:-0.15% RANGE:0.18% UP:6.66% SPREAD:0.03097893% BID:322.8 ASK:322.9 MID:322.85 P1:322.85 P2:322.85 P3:322.85 P4:322.85 STATE:IDLE
[2026-05-11 14:34:49Z] CHK MOM:-0.12% RANGE:0.15% UP:7.14% SPREAD:0.03097893% BID:322.8 ASK:322.9 MID:322.85 P1:322.85 P2:322.85 P3:322.85 P4:322.85 STATE:IDLE
[2026-05-11 14:34:49Z] CHK MOM:-0.09% RANGE:0.15% UP:13.33% SPREAD:0.03096934% BID:322.9 ASK:323 MID:322.95 P1:322.95 P2:322.85 P3:322.85 P4:322.85 STATE:IDLE
[2026-05-11 14:34:50Z] CHK MOM:-0.09% RANGE:0.15% UP:12.5% SPREAD:0.03096934% BID:322.9 ASK:323 MID:322.95 P1:322.95 P2:322.95 P3:322.85 P4:322.85 STATE:IDLE
[2026-05-11 14:34:50Z] CHK MOM:-0.04% RANGE:0.15% UP:17.64% SPREAD:0.0619195% BID:323 ASK:323.2 MID:323.1 P1:323.1 P2:322.95 P3:322.95 P4:322.85 STATE:IDLE
[2026-05-11 14:34:51Z] CHK MOM:0% RANGE:0.12% UP:23.52% SPREAD:0.03095017% BID:323.1 ASK:323.2 MID:323.15 P1:323.15 P2:323.1 P3:322.95 P4:322.95 STATE:IDLE
[2026-05-11 14:34:51Z] CHK MOM:0% RANGE:0.12% UP:22.22% SPREAD:0.03095017% BID:323.1 ASK:323.2 MID:323.15 P1:323.15 P2:323.15 P3:323.1 P4:322.95 STATE:IDLE
[2026-05-11 14:34:52Z] CHK MOM:0.09% RANGE:0.18% UP:27.77% SPREAD:0.03093102% BID:323.3 ASK:323.4 MID:323.35 P1:323.35 P2:323.15 P3:323.15 P4:323.1 STATE:IDLE
[2026-05-11 14:34:52Z] CHK MOM:0.12% RANGE:0.18% UP:27.77% SPREAD:0.03093102% BID:323.3 ASK:323.4 MID:323.35 P1:323.35 P2:323.35 P3:323.15 P4:323.15 STATE:IDLE
[2026-05-11 14:34:53Z] CHK MOM:0.15% RANGE:0.21% UP:31.57% SPREAD:0.03092145% BID:323.4 ASK:323.5 MID:323.45 P1:323.45 P2:323.35 P3:323.35 P4:323.15 STATE:IDLE
[2026-05-11 14:34:53Z] CHK MOM:0.13% RANGE:0.21% UP:31.57% SPREAD:0.06186204% BID:323.3 ASK:323.5 MID:323.4 P1:323.4 P2:323.45 P3:323.35 P4:323.35 STATE:IDLE
[2026-05-11 14:34:54Z] CHK MOM:0.17% RANGE:0.21% UP:33.33% SPREAD:0.06186204% BID:323.3 ASK:323.5 MID:323.4 P1:323.4 P2:323.4 P3:323.45 P4:323.35 STATE:IDLE
[2026-05-11 14:34:55Z] CHK MOM:0.15% RANGE:0.21% UP:31.57% SPREAD:0.03093102% BID:323.3 ASK:323.4 MID:323.35 P1:323.35 P2:323.4 P3:323.4 P4:323.45 STATE:IDLE
[2026-05-11 14:34:55Z] CHK MOM:0.15% RANGE:0.21% UP:31.57% SPREAD:0.03093102% BID:323.3 ASK:323.4 MID:323.35 P1:323.35 P2:323.4 P3:323.4 P4:323.45 STATE:IDLE
[2026-05-11 14:34:56Z] CHK MOM:0.15% RANGE:0.21% UP:31.57% SPREAD:0.06188118% BID:323.2 ASK:323.4 MID:323.29999999 P1:323.29999999 P2:323.35 P3:323.4 P4:323.4 STATE:IDLE
[2026-05-11 14:34:56Z] CHK MOM:0.18% RANGE:0.21% UP:36.84% SPREAD:0.03093102% BID:323.3 ASK:323.4 MID:323.35 P1:323.35 P2:323.29999999 P3:323.35 P4:323.4 STATE:IDLE
[2026-05-11 14:34:57Z] CHK MOM:0.12% RANGE:0.18% UP:33.33% SPREAD:0.03094059% BID:323.2 ASK:323.3 MID:323.25 P1:323.25 P2:323.35 P3:323.29999999 P4:323.35 STATE:IDLE
[2026-05-11 14:34:57Z] CHK MOM:0.13% RANGE:0.18% UP:38.88% SPREAD:0.06188118% BID:323.2 ASK:323.4 MID:323.29999999 P1:323.29999999 P2:323.25 P3:323.35 P4:323.29999999 STATE:IDLE
[2026-05-11 14:34:58Z] CHK MOM:0.12% RANGE:0.18% UP:38.88% SPREAD:0.03094059% BID:323.2 ASK:323.3 MID:323.25 P1:323.25 P2:323.29999999 P3:323.25 P4:323.35 STATE:IDLE
[2026-05-11 14:34:58Z] CHK MOM:0.1% RANGE:0.18% UP:38.88% SPREAD:0.06190034% BID:323.1 ASK:323.3 MID:323.2 P1:323.2 P2:323.25 P3:323.29999999 P4:323.25 STATE:IDLE
[2026-05-11 14:34:59Z] CHK MOM:0.12% RANGE:0.18% UP:42.1% SPREAD:0.03094059% BID:323.2 ASK:323.3 MID:323.25 P1:323.25 P2:323.2 P3:323.25 P4:323.29999999 STATE:IDLE
[2026-05-11 14:35:00Z] CHK MOM:0.12% RANGE:0.18% UP:42.1% SPREAD:0.03094059% BID:323.2 ASK:323.3 MID:323.25 P1:323.25 P2:323.2 P3:323.25 P4:323.29999999 STATE:IDLE
[2026-05-11 14:35:00Z] CHK MOM:0.15% RANGE:0.18% UP:47.36% SPREAD:0.03093102% BID:323.3 ASK:323.4 MID:323.35 P1:323.35 P2:323.25 P3:323.2 P4:323.25 STATE:IDLE
[2026-05-11 14:35:01Z] CHK MOM:0.12% RANGE:0.15% UP:44.44% SPREAD:0.03093102% BID:323.3 ASK:323.4 MID:323.35 P1:323.35 P2:323.35 P3:323.25 P4:323.2 STATE:IDLE
[2026-05-11 14:35:01Z] CHK MOM:0.1% RANGE:0.15% UP:42.1% SPREAD:0.06188118% BID:323.2 ASK:323.4 MID:323.29999999 P1:323.29999999 P2:323.35 P3:323.35 P4:323.25 STATE:IDLE
[2026-05-11 14:35:02Z] CHK MOM:0.07% RANGE:0.1% UP:42.1% SPREAD:0.03093102% BID:323.3 ASK:323.4 MID:323.35 P1:323.35 P2:323.29999999 P3:323.35 P4:323.35 STATE:IDLE
[2026-05-11 14:35:02Z] CHK MOM:0.07% RANGE:0.1% UP:40% SPREAD:0.03093102% BID:323.3 ASK:323.4 MID:323.35 P1:323.35 P2:323.35 P3:323.29999999 P4:323.35 STATE:IDLE
[2026-05-11 14:35:03Z] CHK MOM:0.06% RANGE:0.09% UP:35% SPREAD:0.03093102% BID:323.3 ASK:323.4 MID:323.35 P1:323.35 P2:323.35 P3:323.35 P4:323.29999999 STATE:IDLE
[2026-05-11 14:35:03Z] CHK MOM:0.04% RANGE:0.09% UP:35% SPREAD:0.06188118% BID:323.2 ASK:323.4 MID:323.29999999 P1:323.29999999 P2:323.35 P3:323.35 P4:323.35 STATE:IDLE
[2026-05-11 14:35:04Z] CHK MOM:-0.01% RANGE:0.07% UP:30% SPREAD:0.06188118% BID:323.2 ASK:323.4 MID:323.29999999 P1:323.29999999 P2:323.29999999 P3:323.35 P4:323.35 STATE:IDLE
[2026-05-11 14:35:05Z] CHK MOM:-0.03% RANGE:0.07% UP:30% SPREAD:0.03094059% BID:323.2 ASK:323.3 MID:323.25 P1:323.25 P2:323.29999999 P3:323.29999999 P4:323.35 STATE:IDLE
[2026-05-11 14:35:05Z] CHK MOM:-0.03% RANGE:0.06% UP:31.57% SPREAD:0.06188118% BID:323.2 ASK:323.4 MID:323.29999999 P1:323.29999999 P2:323.25 P3:323.29999999 P4:323.29999999 STATE:IDLE
[2026-05-11 14:35:06Z] CHK MOM:-0.04% RANGE:0.06% UP:31.57% SPREAD:0.03094059% BID:323.2 ASK:323.3 MID:323.25 P1:323.25 P2:323.29999999 P3:323.25 P4:323.29999999 STATE:IDLE
[2026-05-11 14:35:06Z] CHK MOM:-0.03% RANGE:0.04% UP:31.57% SPREAD:0.03094059% BID:323.2 ASK:323.3 MID:323.25 P1:323.25 P2:323.25 P3:323.29999999 P4:323.25 STATE:IDLE
[2026-05-11 14:35:07Z] CHK MOM:-0.03% RANGE:0.04% UP:31.57% SPREAD:0.03094059% BID:323.2 ASK:323.3 MID:323.25 P1:323.25 P2:323.25 P3:323.29999999 P4:323.25 STATE:IDLE
[2026-05-11 14:35:07Z] CHK MOM:-0.01% RANGE:0.04% UP:31.57% SPREAD:0.03094059% BID:323.2 ASK:323.3 MID:323.25 P1:323.25 P2:323.25 P3:323.25 P4:323.29999999 STATE:IDLE
[2026-05-11 14:35:08Z] CHK MOM:-0.07% RANGE:0.09% UP:30% SPREAD:0.03095975% BID:323 ASK:323.1 MID:323.05 P1:323.05 P2:323.25 P3:323.25 P4:323.25 STATE:IDLE
[2026-05-11 14:35:08Z] CHK MOM:-0.03% RANGE:0.09% UP:31.57% SPREAD:0.03095017% BID:323.1 ASK:323.2 MID:323.15 P1:323.15 P2:323.05 P3:323.25 P4:323.25 STATE:IDLE
[2026-05-11 14:37:07Z] SESSION_START symbol=TAOUSDC dry_run=0 profile=major strategy=momentum base_url=https://api.binance.com
[2026-05-11 14:37:07Z] TOXIC_MEMORY_LOADED count=4 symbols=GUNUSDC,JTOUSDC,ORDIUSDC,SAHARAUSDC
[2026-05-11 14:37:09Z] CHK MOM:0% RANGE:0% UP:0% SPREAD:0.03090234% BID:323.6 ASK:323.7 MID:323.65 P1:323.65 P2:NA P3:NA P4:NA STATE:IDLE
[2026-05-11 14:37:10Z] CHK MOM:0.01% RANGE:0.01% UP:100% SPREAD:0.06180469% BID:323.6 ASK:323.8 MID:323.7 P1:323.7 P2:323.65 P3:NA P4:NA STATE:IDLE
[2026-05-11 14:37:10Z] CHK MOM:0.01% RANGE:0.01% UP:50% SPREAD:0.06180469% BID:323.6 ASK:323.8 MID:323.7 P1:323.7 P2:323.7 P3:323.65 P4:NA STATE:IDLE
[2026-05-11 14:37:11Z] CHK MOM:0.01% RANGE:0.01% UP:33.33% SPREAD:0.06180469% BID:323.6 ASK:323.8 MID:323.7 P1:323.7 P2:323.7 P3:323.7 P4:323.65 STATE:IDLE
[2026-05-11 14:37:11Z] CHK MOM:0.01% RANGE:0.01% UP:25% SPREAD:0.06180469% BID:323.6 ASK:323.8 MID:323.7 P1:323.7 P2:323.7 P3:323.7 P4:323.7 STATE:IDLE
[2026-05-11 14:37:12Z] CHK MOM:0.01% RANGE:0.01% UP:25% SPREAD:0.06180469% BID:323.6 ASK:323.8 MID:323.7 P1:323.7 P2:323.7 P3:323.7 P4:323.7 STATE:IDLE
[2026-05-11 14:37:12Z] CHK MOM:-0.01% RANGE:0.03% UP:20% SPREAD:0.0618238% BID:323.5 ASK:323.7 MID:323.6 P1:323.6 P2:323.7 P3:323.7 P4:323.7 STATE:IDLE
[2026-05-11 14:37:13Z] CHK MOM:-0.01% RANGE:0.03% UP:16.66% SPREAD:0.0618238% BID:323.5 ASK:323.7 MID:323.6 P1:323.6 P2:323.6 P3:323.7 P4:323.7 STATE:IDLE
[2026-05-11 14:37:13Z] CHK MOM:-0.01% RANGE:0.03% UP:16.66% SPREAD:0.0618238% BID:323.5 ASK:323.7 MID:323.6 P1:323.6 P2:323.6 P3:323.7 P4:323.7 STATE:IDLE
[2026-05-11 14:37:14Z] CHK MOM:-0.01% RANGE:0.03% UP:14.28% SPREAD:0.0618238% BID:323.5 ASK:323.7 MID:323.6 P1:323.6 P2:323.6 P3:323.6 P4:323.7 STATE:IDLE
[2026-05-11 14:37:15Z] CHK MOM:-0.01% RANGE:0.03% UP:12.5% SPREAD:0.0618238% BID:323.5 ASK:323.7 MID:323.6 P1:323.6 P2:323.6 P3:323.6 P4:323.6 STATE:IDLE
[2026-05-11 14:37:15Z] CHK MOM:-0.01% RANGE:0.03% UP:11.11% SPREAD:0.0618238% BID:323.5 ASK:323.7 MID:323.6 P1:323.6 P2:323.6 P3:323.6 P4:323.6 STATE:IDLE
[2026-05-11 14:37:16Z] CHK MOM:-0.01% RANGE:0.03% UP:11.11% SPREAD:0.0618238% BID:323.5 ASK:323.7 MID:323.6 P1:323.6 P2:323.6 P3:323.6 P4:323.6 STATE:IDLE
[2026-05-11 14:37:16Z] CHK MOM:0.03% RANGE:0.04% UP:20% SPREAD:0.0308928% BID:323.7 ASK:323.8 MID:323.75 P1:323.75 P2:323.6 P3:323.6 P4:323.6 STATE:IDLE
[2026-05-11 14:37:17Z] CHK MOM:0.03% RANGE:0.04% UP:20% SPREAD:0.0308928% BID:323.7 ASK:323.8 MID:323.75 P1:323.75 P2:323.6 P3:323.6 P4:323.6 STATE:IDLE
[2026-05-11 14:37:17Z] CHK MOM:0.03% RANGE:0.04% UP:18.18% SPREAD:0.0308928% BID:323.7 ASK:323.8 MID:323.75 P1:323.75 P2:323.75 P3:323.6 P4:323.6 STATE:IDLE
[2026-05-11 14:37:18Z] CHK MOM:0.03% RANGE:0.04% UP:18.18% SPREAD:0.0308928% BID:323.7 ASK:323.8 MID:323.75 P1:323.75 P2:323.75 P3:323.6 P4:323.6 STATE:IDLE
[2026-05-11 14:37:18Z] CHK MOM:0.03% RANGE:0.04% UP:16.66% SPREAD:0.0308928% BID:323.7 ASK:323.8 MID:323.75 P1:323.75 P2:323.75 P3:323.75 P4:323.6 STATE:IDLE
[2026-05-11 14:37:19Z] CHK MOM:0.03% RANGE:0.04% UP:15.38% SPREAD:0.0308928% BID:323.7 ASK:323.8 MID:323.75 P1:323.75 P2:323.75 P3:323.75 P4:323.75 STATE:IDLE
[2026-05-11 14:37:20Z] CHK MOM:0.03% RANGE:0.04% UP:15.38% SPREAD:0.0308928% BID:323.7 ASK:323.8 MID:323.75 P1:323.75 P2:323.75 P3:323.75 P4:323.75 STATE:IDLE
[2026-05-11 14:37:20Z] CHK MOM:0.04% RANGE:0.07% UP:15.38% SPREAD:0.03088326% BID:323.8 ASK:323.9 MID:323.85 P1:323.85 P2:323.75 P3:323.75 P4:323.75 STATE:IDLE
[2026-05-11 14:37:21Z] CHK MOM:0.04% RANGE:0.07% UP:14.28% SPREAD:0.03088326% BID:323.8 ASK:323.9 MID:323.85 P1:323.85 P2:323.85 P3:323.75 P4:323.75 STATE:IDLE
[2026-05-11 14:37:21Z] CHK MOM:0.06% RANGE:0.09% UP:20% SPREAD:0.06176652% BID:323.8 ASK:324 MID:323.9 P1:323.9 P2:323.85 P3:323.85 P4:323.75 STATE:IDLE
[2026-05-11 14:37:22Z] CHK MOM:0.04% RANGE:0.09% UP:18.75% SPREAD:0.03088326% BID:323.8 ASK:323.9 MID:323.85 P1:323.85 P2:323.9 P3:323.85 P4:323.85 STATE:IDLE
[2026-05-11 14:37:22Z] CHK MOM:0.04% RANGE:0.09% UP:18.75% SPREAD:0.03088326% BID:323.8 ASK:323.9 MID:323.85 P1:323.85 P2:323.85 P3:323.9 P4:323.85 STATE:IDLE
[2026-05-11 14:37:23Z] CHK MOM:0.04% RANGE:0.09% UP:18.75% SPREAD:0.03088326% BID:323.8 ASK:323.9 MID:323.85 P1:323.85 P2:323.85 P3:323.9 P4:323.85 STATE:IDLE
[2026-05-11 14:37:23Z] CHK MOM:0.07% RANGE:0.09% UP:21.42% SPREAD:0.03088326% BID:323.8 ASK:323.9 MID:323.85 P1:323.85 P2:323.85 P3:323.85 P4:323.9 STATE:IDLE
[2026-05-11 14:37:24Z] CHK MOM:0.07% RANGE:0.09% UP:20% SPREAD:0.03088326% BID:323.8 ASK:323.9 MID:323.85 P1:323.85 P2:323.85 P3:323.85 P4:323.85 STATE:IDLE
[2026-05-11 14:37:25Z] CHK MOM:0.07% RANGE:0.09% UP:20% SPREAD:0.03088326% BID:323.8 ASK:323.9 MID:323.85 P1:323.85 P2:323.85 P3:323.85 P4:323.85 STATE:IDLE
[2026-05-11 14:37:25Z] CHK MOM:0.07% RANGE:0.09% UP:20% SPREAD:0.03088326% BID:323.8 ASK:323.9 MID:323.85 P1:323.85 P2:323.85 P3:323.85 P4:323.85 STATE:IDLE
[2026-05-11 14:37:26Z] CHK MOM:0.1% RANGE:0.1% UP:30.76% SPREAD:0.03087372% BID:323.9 ASK:324 MID:323.95 P1:323.95 P2:323.85 P3:323.85 P4:323.85 STATE:IDLE
[2026-05-11 14:37:26Z] CHK MOM:0% RANGE:0.1% UP:28.57% SPREAD:0.0618238% BID:323.5 ASK:323.7 MID:323.6 P1:323.6 P2:323.95 P3:323.85 P4:323.85 STATE:IDLE
[2026-05-11 14:37:27Z] CHK MOM:0.01% RANGE:0.1% UP:35.71% SPREAD:0.03090234% BID:323.6 ASK:323.7 MID:323.65 P1:323.65 P2:323.6 P3:323.95 P4:323.85 STATE:IDLE
[2026-05-11 14:37:27Z] CHK MOM:0.01% RANGE:0.1% UP:33.33% SPREAD:0.03090234% BID:323.6 ASK:323.7 MID:323.65 P1:323.65 P2:323.65 P3:323.6 P4:323.95 STATE:IDLE
[2026-05-11 14:37:28Z] CHK MOM:-0.03% RANGE:0.1% UP:26.66% SPREAD:0.03090234% BID:323.6 ASK:323.7 MID:323.65 P1:323.65 P2:323.65 P3:323.65 P4:323.6 STATE:IDLE
[2026-05-11 14:37:28Z] CHK MOM:-0.03% RANGE:0.1% UP:25% SPREAD:0.03090234% BID:323.6 ASK:323.7 MID:323.65 P1:323.65 P2:323.65 P3:323.65 P4:323.65 STATE:IDLE
[2026-05-11 14:37:29Z] CHK MOM:-0.03% RANGE:0.1% UP:25% SPREAD:0.03090234% BID:323.6 ASK:323.7 MID:323.65 P1:323.65 P2:323.65 P3:323.65 P4:323.65 STATE:IDLE
[2026-05-11 14:37:29Z] CHK MOM:-0.03% RANGE:0.1% UP:23.52% SPREAD:0.03090234% BID:323.6 ASK:323.7 MID:323.65 P1:323.65 P2:323.65 P3:323.65 P4:323.65 STATE:IDLE
[2026-05-11 14:37:30Z] CHK MOM:-0.03% RANGE:0.1% UP:23.52% SPREAD:0.03090234% BID:323.6 ASK:323.7 MID:323.65 P1:323.65 P2:323.65 P3:323.65 P4:323.65 STATE:IDLE
[2026-05-11 14:37:31Z] CHK MOM:-0.09% RANGE:0.12% UP:20% SPREAD:0.0309119% BID:323.5 ASK:323.6 MID:323.55 P1:323.55 P2:323.65 P3:323.65 P4:323.65 STATE:IDLE
[2026-05-11 14:37:31Z] CHK MOM:-0.06% RANGE:0.12% UP:25% SPREAD:0.03090234% BID:323.6 ASK:323.7 MID:323.65 P1:323.65 P2:323.55 P3:323.65 P4:323.65 STATE:IDLE
[2026-05-11 14:37:32Z] CHK MOM:-0.06% RANGE:0.12% UP:23.52% SPREAD:0.03090234% BID:323.6 ASK:323.7 MID:323.65 P1:323.65 P2:323.65 P3:323.55 P4:323.65 STATE:IDLE
[2026-05-11 14:37:32Z] CHK MOM:-0.06% RANGE:0.12% UP:22.22% SPREAD:0.03090234% BID:323.6 ASK:323.7 MID:323.65 P1:323.65 P2:323.65 P3:323.65 P4:323.55 STATE:IDLE
[2026-05-11 14:37:33Z] CHK MOM:-0.1% RANGE:0.12% UP:17.64% SPREAD:0.0309119% BID:323.5 ASK:323.6 MID:323.55 P1:323.55 P2:323.65 P3:323.65 P4:323.65 STATE:IDLE
[2026-05-11 14:37:33Z] CHK MOM:-0.07% RANGE:0.12% UP:22.22% SPREAD:0.03090234% BID:323.6 ASK:323.7 MID:323.65 P1:323.65 P2:323.55 P3:323.65 P4:323.65 STATE:IDLE
[2026-05-11 14:37:34Z] CHK MOM:-0.06% RANGE:0.12% UP:22.22% SPREAD:0.03090234% BID:323.6 ASK:323.7 MID:323.65 P1:323.65 P2:323.65 P3:323.55 P4:323.65 STATE:IDLE
[2026-05-11 14:37:34Z] CHK MOM:-0.06% RANGE:0.12% UP:23.52% SPREAD:0.03090234% BID:323.6 ASK:323.7 MID:323.65 P1:323.65 P2:323.65 P3:323.65 P4:323.55 STATE:IDLE
[2026-05-11 14:37:35Z] CHK MOM:-0.06% RANGE:0.12% UP:22.22% SPREAD:0.03090234% BID:323.6 ASK:323.7 MID:323.65 P1:323.65 P2:323.65 P3:323.65 P4:323.65 STATE:IDLE
[2026-05-11 14:37:36Z] CHK MOM:-0.06% RANGE:0.12% UP:21.05% SPREAD:0.03090234% BID:323.6 ASK:323.7 MID:323.65 P1:323.65 P2:323.65 P3:323.65 P4:323.65 STATE:IDLE
[2026-05-11 14:37:36Z] CHK MOM:-0.09% RANGE:0.12% UP:16.66% SPREAD:0.03090234% BID:323.6 ASK:323.7 MID:323.65 P1:323.65 P2:323.65 P3:323.65 P4:323.65 STATE:IDLE
[2026-05-11 14:37:37Z] CHK MOM:-0.09% RANGE:0.12% UP:16.66% SPREAD:0.03090234% BID:323.6 ASK:323.7 MID:323.65 P1:323.65 P2:323.65 P3:323.65 P4:323.65 STATE:IDLE
[2026-05-11 14:37:37Z] CHK MOM:-0.09% RANGE:0.12% UP:16.66% SPREAD:0.03090234% BID:323.6 ASK:323.7 MID:323.65 P1:323.65 P2:323.65 P3:323.65 P4:323.65 STATE:IDLE
[2026-05-11 14:37:38Z] CHK MOM:-0.09% RANGE:0.12% UP:16.66% SPREAD:0.03090234% BID:323.6 ASK:323.7 MID:323.65 P1:323.65 P2:323.65 P3:323.65 P4:323.65 STATE:IDLE
[2026-05-11 14:37:38Z] CHK MOM:0% RANGE:0.03% UP:11.76% SPREAD:0.03090234% BID:323.6 ASK:323.7 MID:323.65 P1:323.65 P2:323.65 P3:323.65 P4:323.65 STATE:IDLE
[2026-05-11 14:37:39Z] CHK MOM:0% RANGE:0.03% UP:11.11% SPREAD:0.03090234% BID:323.6 ASK:323.7 MID:323.65 P1:323.65 P2:323.65 P3:323.65 P4:323.65 STATE:IDLE
[2026-05-11 14:37:39Z] CHK MOM:0% RANGE:0.03% UP:11.11% SPREAD:0.03090234% BID:323.6 ASK:323.7 MID:323.65 P1:323.65 P2:323.65 P3:323.65 P4:323.65 STATE:IDLE
[2026-05-11 14:37:40Z] CHK MOM:0% RANGE:0.03% UP:11.11% SPREAD:0.03090234% BID:323.6 ASK:323.7 MID:323.65 P1:323.65 P2:323.65 P3:323.65 P4:323.65 STATE:IDLE
[2026-05-11 14:37:41Z] CHK MOM:0% RANGE:0.03% UP:12.5% SPREAD:0.03090234% BID:323.6 ASK:323.7 MID:323.65 P1:323.65 P2:323.65 P3:323.65 P4:323.65 STATE:IDLE
[2026-05-11 14:37:41Z] CHK MOM:0% RANGE:0.03% UP:12.5% SPREAD:0.03090234% BID:323.6 ASK:323.7 MID:323.65 P1:323.65 P2:323.65 P3:323.65 P4:323.65 STATE:IDLE
[2026-05-11 14:37:42Z] CHK MOM:0.03% RANGE:0.03% UP:12.5% SPREAD:0.03090234% BID:323.6 ASK:323.7 MID:323.65 P1:323.65 P2:323.65 P3:323.65 P4:323.65 STATE:IDLE
[2026-05-11 14:37:42Z] CHK MOM:0.03% RANGE:0.03% UP:11.76% SPREAD:0.03090234% BID:323.6 ASK:323.7 MID:323.65 P1:323.65 P2:323.65 P3:323.65 P4:323.65 STATE:IDLE
[2026-05-11 14:37:43Z] CHK MOM:0.03% RANGE:0.03% UP:11.11% SPREAD:0.03090234% BID:323.6 ASK:323.7 MID:323.65 P1:323.65 P2:323.65 P3:323.65 P4:323.65 STATE:IDLE
[2026-05-11 14:37:43Z] CHK MOM:0% RANGE:0.03% UP:5.55% SPREAD:0.03090234% BID:323.6 ASK:323.7 MID:323.65 P1:323.65 P2:323.65 P3:323.65 P4:323.65 STATE:IDLE
[2026-05-11 14:37:44Z] CHK MOM:-0.03% RANGE:0.03% UP:5.55% SPREAD:0.0309119% BID:323.5 ASK:323.6 MID:323.55 P1:323.55 P2:323.65 P3:323.65 P4:323.65 STATE:IDLE
[2026-05-11 14:37:44Z] CHK MOM:-0.03% RANGE:0.03% UP:5.55% SPREAD:0.0309119% BID:323.5 ASK:323.6 MID:323.55 P1:323.55 P2:323.55 P3:323.65 P4:323.65 STATE:IDLE
[2026-05-11 14:37:45Z] CHK MOM:-0.04% RANGE:0.04% UP:0% SPREAD:0.06184291% BID:323.4 ASK:323.6 MID:323.5 P1:323.5 P2:323.55 P3:323.55 P4:323.65 STATE:IDLE
[2026-05-11 14:37:45Z] CHK MOM:-0.03% RANGE:0.04% UP:5.55% SPREAD:0.0309119% BID:323.5 ASK:323.6 MID:323.55 P1:323.55 P2:323.5 P3:323.55 P4:323.55 STATE:IDLE
[2026-05-11 14:37:46Z] CHK MOM:-0.03% RANGE:0.04% UP:5.55% SPREAD:0.0309119% BID:323.5 ASK:323.6 MID:323.55 P1:323.55 P2:323.5 P3:323.55 P4:323.55 STATE:IDLE
[2026-05-11 14:37:47Z] CHK MOM:-0.03% RANGE:0.04% UP:6.66% SPREAD:0.0309119% BID:323.5 ASK:323.6 MID:323.55 P1:323.55 P2:323.55 P3:323.5 P4:323.55 STATE:IDLE
[2026-05-11 14:37:47Z] CHK MOM:-0.03% RANGE:0.04% UP:6.66% SPREAD:0.0309119% BID:323.5 ASK:323.6 MID:323.55 P1:323.55 P2:323.55 P3:323.5 P4:323.55 STATE:IDLE
[2026-05-11 14:37:48Z] CHK MOM:-0.03% RANGE:0.04% UP:6.66% SPREAD:0.0309119% BID:323.5 ASK:323.6 MID:323.55 P1:323.55 P2:323.55 P3:323.55 P4:323.5 STATE:IDLE
[2026-05-11 14:37:48Z] CHK MOM:-0.03% RANGE:0.04% UP:6.66% SPREAD:0.0309119% BID:323.5 ASK:323.6 MID:323.55 P1:323.55 P2:323.55 P3:323.55 P4:323.55 STATE:IDLE
[2026-05-11 14:37:49Z] CHK MOM:-0.06% RANGE:0.06% UP:6.25% SPREAD:0.03092145% BID:323.4 ASK:323.5 MID:323.45 P1:323.45 P2:323.55 P3:323.55 P4:323.55 STATE:IDLE
[2026-05-11 14:37:49Z] CHK MOM:-0.06% RANGE:0.06% UP:5.88% SPREAD:0.03092145% BID:323.4 ASK:323.5 MID:323.45 P1:323.45 P2:323.45 P3:323.55 P4:323.55 STATE:IDLE
[2026-05-11 14:37:50Z] CHK MOM:-0.06% RANGE:0.06% UP:5.88% SPREAD:0.03092145% BID:323.4 ASK:323.5 MID:323.45 P1:323.45 P2:323.45 P3:323.55 P4:323.55 STATE:IDLE
[2026-05-11 14:37:50Z] CHK MOM:-0.06% RANGE:0.06% UP:5.88% SPREAD:0.03092145% BID:323.4 ASK:323.5 MID:323.45 P1:323.45 P2:323.45 P3:323.55 P4:323.55 STATE:IDLE
[2026-05-11 14:37:51Z] CHK MOM:-0.03% RANGE:0.06% UP:12.5% SPREAD:0.0309119% BID:323.5 ASK:323.6 MID:323.55 P1:323.55 P2:323.45 P3:323.45 P4:323.55 STATE:IDLE
[2026-05-11 14:37:52Z] CHK MOM:0% RANGE:0.06% UP:18.75% SPREAD:0.03090234% BID:323.6 ASK:323.7 MID:323.65 P1:323.65 P2:323.55 P3:323.45 P4:323.45 STATE:IDLE
[2026-05-11 14:37:52Z] CHK MOM:0% RANGE:0.06% UP:18.75% SPREAD:0.03090234% BID:323.6 ASK:323.7 MID:323.65 P1:323.65 P2:323.55 P3:323.45 P4:323.45 STATE:IDLE
[2026-05-11 14:37:53Z] CHK MOM:-0.03% RANGE:0.06% UP:18.75% SPREAD:0.0309119% BID:323.5 ASK:323.6 MID:323.55 P1:323.55 P2:323.65 P3:323.55 P4:323.45 STATE:IDLE
[2026-05-11 14:37:53Z] CHK MOM:-0.03% RANGE:0.06% UP:18.75% SPREAD:0.0309119% BID:323.5 ASK:323.6 MID:323.55 P1:323.55 P2:323.65 P3:323.55 P4:323.45 STATE:IDLE
[2026-05-11 14:37:54Z] CHK MOM:0% RANGE:0.06% UP:25% SPREAD:0.03090234% BID:323.6 ASK:323.7 MID:323.65 P1:323.65 P2:323.55 P3:323.65 P4:323.55 STATE:IDLE
[2026-05-11 14:37:54Z] CHK MOM:0% RANGE:0.06% UP:26.66% SPREAD:0.03090234% BID:323.6 ASK:323.7 MID:323.65 P1:323.65 P2:323.65 P3:323.55 P4:323.65 STATE:IDLE
[2026-05-11 14:37:55Z] CHK MOM:0% RANGE:0.06% UP:26.66% SPREAD:0.03090234% BID:323.6 ASK:323.7 MID:323.65 P1:323.65 P2:323.65 P3:323.55 P4:323.65 STATE:IDLE
[2026-05-11 14:37:55Z] CHK MOM:-0.03% RANGE:0.06% UP:26.66% SPREAD:0.0309119% BID:323.5 ASK:323.6 MID:323.55 P1:323.55 P2:323.65 P3:323.65 P4:323.55 STATE:IDLE
[2026-05-11 14:37:56Z] CHK MOM:0% RANGE:0.06% UP:28.57% SPREAD:0.0309119% BID:323.5 ASK:323.6 MID:323.55 P1:323.55 P2:323.55 P3:323.65 P4:323.65 STATE:IDLE
[2026-05-11 14:37:57Z] CHK MOM:0.04% RANGE:0.06% UP:35.71% SPREAD:0.03090234% BID:323.6 ASK:323.7 MID:323.65 P1:323.65 P2:323.55 P3:323.55 P4:323.65 STATE:IDLE
[2026-05-11 14:37:57Z] CHK MOM:0.06% RANGE:0.09% UP:38.46% SPREAD:0.0308928% BID:323.7 ASK:323.8 MID:323.75 P1:323.75 P2:323.65 P3:323.55 P4:323.55 STATE:IDLE
[2026-05-11 14:37:58Z] CHK MOM:0.06% RANGE:0.09% UP:35.71% SPREAD:0.0308928% BID:323.7 ASK:323.8 MID:323.75 P1:323.75 P2:323.75 P3:323.65 P4:323.55 STATE:IDLE
[2026-05-11 14:37:58Z] CHK MOM:0.06% RANGE:0.09% UP:35.71% SPREAD:0.0308928% BID:323.7 ASK:323.8 MID:323.75 P1:323.75 P2:323.75 P3:323.65 P4:323.55 STATE:IDLE
[2026-05-11 14:37:59Z] CHK MOM:0.06% RANGE:0.09% UP:33.33% SPREAD:0.0308928% BID:323.7 ASK:323.8 MID:323.75 P1:323.75 P2:323.75 P3:323.75 P4:323.65 STATE:IDLE
[2026-05-11 14:37:59Z] CHK MOM:0.06% RANGE:0.09% UP:33.33% SPREAD:0.0308928% BID:323.7 ASK:323.8 MID:323.75 P1:323.75 P2:323.75 P3:323.75 P4:323.75 STATE:IDLE
[2026-05-11 14:38:00Z] CHK MOM:0.06% RANGE:0.09% UP:33.33% SPREAD:0.0308928% BID:323.7 ASK:323.8 MID:323.75 P1:323.75 P2:323.75 P3:323.75 P4:323.75 STATE:IDLE
[2026-05-11 14:38:00Z] CHK MOM:0.06% RANGE:0.09% UP:33.33% SPREAD:0.0308928% BID:323.7 ASK:323.8 MID:323.75 P1:323.75 P2:323.75 P3:323.75 P4:323.75 STATE:IDLE
[2026-05-11 14:38:01Z] CHK MOM:0.09% RANGE:0.09% UP:38.46% SPREAD:0.0308928% BID:323.7 ASK:323.8 MID:323.75 P1:323.75 P2:323.75 P3:323.75 P4:323.75 STATE:IDLE
[2026-05-11 14:38:02Z] CHK MOM:0.12% RANGE:0.12% UP:42.85% SPREAD:0.03088326% BID:323.8 ASK:323.9 MID:323.85 P1:323.85 P2:323.75 P3:323.75 P4:323.75 STATE:IDLE
[2026-05-11 14:38:02Z] CHK MOM:0.06% RANGE:0.09% UP:35.71% SPREAD:0.0308928% BID:323.7 ASK:323.8 MID:323.75 P1:323.75 P2:323.85 P3:323.75 P4:323.75 STATE:IDLE
[2026-05-11 14:38:03Z] CHK MOM:0.06% RANGE:0.09% UP:35.71% SPREAD:0.0308928% BID:323.7 ASK:323.8 MID:323.75 P1:323.75 P2:323.85 P3:323.75 P4:323.75 STATE:IDLE
[2026-05-11 14:38:03Z] CHK MOM:0.06% RANGE:0.09% UP:35.71% SPREAD:0.0308928% BID:323.7 ASK:323.8 MID:323.75 P1:323.75 P2:323.85 P3:323.75 P4:323.75 STATE:IDLE
[2026-05-11 14:38:04Z] CHK MOM:0.06% RANGE:0.09% UP:30.76% SPREAD:0.0308928% BID:323.7 ASK:323.8 MID:323.75 P1:323.75 P2:323.75 P3:323.85 P4:323.75 STATE:IDLE
[2026-05-11 14:38:04Z] CHK MOM:0.09% RANGE:0.09% UP:35.71% SPREAD:0.03088326% BID:323.8 ASK:323.9 MID:323.85 P1:323.85 P2:323.75 P3:323.75 P4:323.85 STATE:IDLE
[2026-05-11 14:38:05Z] CHK MOM:0.06% RANGE:0.09% UP:28.57% SPREAD:0.03088326% BID:323.8 ASK:323.9 MID:323.85 P1:323.85 P2:323.85 P3:323.75 P4:323.75 STATE:IDLE
[2026-05-11 14:38:05Z] CHK MOM:0.06% RANGE:0.09% UP:28.57% SPREAD:0.03088326% BID:323.8 ASK:323.9 MID:323.85 P1:323.85 P2:323.85 P3:323.75 P4:323.75 STATE:IDLE
[2026-05-11 14:38:06Z] CHK MOM:0.06% RANGE:0.09% UP:28.57% SPREAD:0.03088326% BID:323.8 ASK:323.9 MID:323.85 P1:323.85 P2:323.85 P3:323.85 P4:323.75 STATE:IDLE
[2026-05-11 14:38:07Z] CHK MOM:0.09% RANGE:0.09% UP:28.57% SPREAD:0.03088326% BID:323.8 ASK:323.9 MID:323.85 P1:323.85 P2:323.85 P3:323.85 P4:323.85 STATE:IDLE
[2026-05-11 14:38:07Z] CHK MOM:0.09% RANGE:0.09% UP:26.66% SPREAD:0.03088326% BID:323.8 ASK:323.9 MID:323.85 P1:323.85 P2:323.85 P3:323.85 P4:323.85 STATE:IDLE
[2026-05-11 14:38:08Z] CHK MOM:0.09% RANGE:0.09% UP:26.66% SPREAD:0.03088326% BID:323.8 ASK:323.9 MID:323.85 P1:323.85 P2:323.85 P3:323.85 P4:323.85 STATE:IDLE
[2026-05-11 14:38:08Z] CHK MOM:0.09% RANGE:0.09% UP:26.66% SPREAD:0.03088326% BID:323.8 ASK:323.9 MID:323.85 P1:323.85 P2:323.85 P3:323.85 P4:323.85 STATE:IDLE
[2026-05-11 14:38:09Z] CHK MOM:0.09% RANGE:0.09% UP:26.66% SPREAD:0.03088326% BID:323.8 ASK:323.9 MID:323.85 P1:323.85 P2:323.85 P3:323.85 P4:323.85 STATE:IDLE
[2026-05-11 14:38:09Z] CHK MOM:0.09% RANGE:0.09% UP:26.66% SPREAD:0.03088326% BID:323.8 ASK:323.9 MID:323.85 P1:323.85 P2:323.85 P3:323.85 P4:323.85 STATE:IDLE
[2026-05-11 14:38:10Z] CHK MOM:0.03% RANGE:0.03% UP:16.66% SPREAD:0.03088326% BID:323.8 ASK:323.9 MID:323.85 P1:323.85 P2:323.85 P3:323.85 P4:323.85 STATE:IDLE
[2026-05-11 14:38:10Z] CHK MOM:0.06% RANGE:0.06% UP:23.07% SPREAD:0.03087372% BID:323.9 ASK:324 MID:323.95 P1:323.95 P2:323.85 P3:323.85 P4:323.85 STATE:IDLE
[2026-05-11 14:38:11Z] CHK MOM:0.06% RANGE:0.06% UP:21.42% SPREAD:0.03087372% BID:323.9 ASK:324 MID:323.95 P1:323.95 P2:323.95 P3:323.85 P4:323.85 STATE:IDLE
[2026-05-11 14:38:12Z] CHK MOM:0.06% RANGE:0.06% UP:21.42% SPREAD:0.03087372% BID:323.9 ASK:324 MID:323.95 P1:323.95 P2:323.95 P3:323.95 P4:323.85 STATE:IDLE
[2026-05-11 14:38:12Z] CHK MOM:0.03% RANGE:0.06% UP:21.42% SPREAD:0.03088326% BID:323.8 ASK:323.9 MID:323.85 P1:323.85 P2:323.95 P3:323.95 P4:323.95 STATE:IDLE
[2026-05-11 14:38:13Z] CHK MOM:0.03% RANGE:0.06% UP:21.42% SPREAD:0.03088326% BID:323.8 ASK:323.9 MID:323.85 P1:323.85 P2:323.95 P3:323.95 P4:323.95 STATE:IDLE
[2026-05-11 14:38:13Z] CHK MOM:0.03% RANGE:0.06% UP:15.38% SPREAD:0.03088326% BID:323.8 ASK:323.9 MID:323.85 P1:323.85 P2:323.85 P3:323.95 P4:323.95 STATE:IDLE
[2026-05-11 14:38:14Z] CHK MOM:0% RANGE:0.06% UP:14.28% SPREAD:0.0308928% BID:323.7 ASK:323.8 MID:323.75 P1:323.75 P2:323.85 P3:323.85 P4:323.95 STATE:IDLE
[2026-05-11 14:38:14Z] CHK MOM:0% RANGE:0.06% UP:14.28% SPREAD:0.0308928% BID:323.7 ASK:323.8 MID:323.75 P1:323.75 P2:323.75 P3:323.85 P4:323.85 STATE:IDLE
[2026-05-11 14:38:15Z] CHK MOM:0% RANGE:0.06% UP:13.33% SPREAD:0.0308928% BID:323.7 ASK:323.8 MID:323.75 P1:323.75 P2:323.75 P3:323.75 P4:323.85 STATE:IDLE
[2026-05-11 14:38:15Z] CHK MOM:0% RANGE:0.06% UP:13.33% SPREAD:0.0308928% BID:323.7 ASK:323.8 MID:323.75 P1:323.75 P2:323.75 P3:323.75 P4:323.85 STATE:IDLE
[2026-05-11 14:38:16Z] CHK MOM:0% RANGE:0.06% UP:12.5% SPREAD:0.0308928% BID:323.7 ASK:323.8 MID:323.75 P1:323.75 P2:323.75 P3:323.75 P4:323.75 STATE:IDLE
[2026-05-11 14:38:16Z] CHK MOM:-0.06% RANGE:0.09% UP:6.25% SPREAD:0.03090234% BID:323.6 ASK:323.7 MID:323.65 P1:323.65 P2:323.75 P3:323.75 P4:323.75 STATE:IDLE
[2026-05-11 14:38:17Z] CHK MOM:-0.06% RANGE:0.09% UP:6.25% SPREAD:0.03090234% BID:323.6 ASK:323.7 MID:323.65 P1:323.65 P2:323.65 P3:323.75 P4:323.75 STATE:IDLE
[2026-05-11 14:38:18Z] CHK MOM:-0.06% RANGE:0.09% UP:6.25% SPREAD:0.03090234% BID:323.6 ASK:323.7 MID:323.65 P1:323.65 P2:323.65 P3:323.75 P4:323.75 STATE:IDLE
[2026-05-11 14:38:18Z] CHK MOM:-0.06% RANGE:0.09% UP:6.25% SPREAD:0.03090234% BID:323.6 ASK:323.7 MID:323.65 P1:323.65 P2:323.65 P3:323.75 P4:323.75 STATE:IDLE
[2026-05-11 14:38:19Z] CHK MOM:-0.06% RANGE:0.09% UP:7.14% SPREAD:0.03090234% BID:323.6 ASK:323.7 MID:323.65 P1:323.65 P2:323.65 P3:323.65 P4:323.75 STATE:IDLE
[2026-05-11 14:38:19Z] CHK MOM:-0.06% RANGE:0.09% UP:7.14% SPREAD:0.03090234% BID:323.6 ASK:323.7 MID:323.65 P1:323.65 P2:323.65 P3:323.65 P4:323.75 STATE:IDLE
[2026-05-11 14:38:20Z] CHK MOM:-0.06% RANGE:0.09% UP:7.14% SPREAD:0.03090234% BID:323.6 ASK:323.7 MID:323.65 P1:323.65 P2:323.65 P3:323.65 P4:323.75 STATE:IDLE
[2026-05-11 14:38:20Z] CHK MOM:-0.06% RANGE:0.09% UP:7.14% SPREAD:0.03090234% BID:323.6 ASK:323.7 MID:323.65 P1:323.65 P2:323.65 P3:323.65 P4:323.75 STATE:IDLE
[2026-05-11 14:38:21Z] CHK MOM:-0.03% RANGE:0.09% UP:15.38% SPREAD:0.0308928% BID:323.7 ASK:323.8 MID:323.75 P1:323.75 P2:323.65 P3:323.65 P4:323.65 STATE:IDLE
[2026-05-11 14:38:21Z] CHK MOM:-0.06% RANGE:0.09% UP:14.28% SPREAD:0.03090234% BID:323.6 ASK:323.7 MID:323.65 P1:323.65 P2:323.75 P3:323.65 P4:323.65 STATE:IDLE
[2026-05-11 14:38:22Z] CHK MOM:-0.03% RANGE:0.09% UP:20% SPREAD:0.0308928% BID:323.7 ASK:323.8 MID:323.75 P1:323.75 P2:323.65 P3:323.75 P4:323.65 STATE:IDLE
[2026-05-11 14:38:23Z] CHK MOM:-0.03% RANGE:0.09% UP:20% SPREAD:0.0308928% BID:323.7 ASK:323.8 MID:323.75 P1:323.75 P2:323.65 P3:323.75 P4:323.65 STATE:IDLE
[2026-05-11 14:38:23Z] CHK MOM:-0.06% RANGE:0.09% UP:15.38% SPREAD:0.0308928% BID:323.7 ASK:323.8 MID:323.75 P1:323.75 P2:323.75 P3:323.65 P4:323.75 STATE:IDLE
[2026-05-11 14:38:24Z] CHK MOM:-0.06% RANGE:0.09% UP:15.38% SPREAD:0.0308928% BID:323.7 ASK:323.8 MID:323.75 P1:323.75 P2:323.75 P3:323.65 P4:323.75 STATE:IDLE
[2026-05-11 14:38:24Z] CHK MOM:-0.03% RANGE:0.06% UP:16.66% SPREAD:0.0308928% BID:323.7 ASK:323.8 MID:323.75 P1:323.75 P2:323.75 P3:323.75 P4:323.65 STATE:IDLE
[2026-05-11 14:38:25Z] CHK MOM:-0.03% RANGE:0.06% UP:15.38% SPREAD:0.0308928% BID:323.7 ASK:323.8 MID:323.75 P1:323.75 P2:323.75 P3:323.75 P4:323.75 STATE:IDLE
[2026-05-11 14:38:25Z] CHK MOM:-0.03% RANGE:0.06% UP:15.38% SPREAD:0.0308928% BID:323.7 ASK:323.8 MID:323.75 P1:323.75 P2:323.75 P3:323.75 P4:323.75 STATE:IDLE
[2026-05-11 14:38:26Z] CHK MOM:0% RANGE:0.03% UP:15.38% SPREAD:0.0308928% BID:323.7 ASK:323.8 MID:323.75 P1:323.75 P2:323.75 P3:323.75 P4:323.75 STATE:IDLE
[2026-05-11 14:38:26Z] CHK MOM:0% RANGE:0.03% UP:15.38% SPREAD:0.0308928% BID:323.7 ASK:323.8 MID:323.75 P1:323.75 P2:323.75 P3:323.75 P4:323.75 STATE:IDLE
[2026-05-11 14:38:27Z] CHK MOM:0% RANGE:0.03% UP:16.66% SPREAD:0.0308928% BID:323.7 ASK:323.8 MID:323.75 P1:323.75 P2:323.75 P3:323.75 P4:323.75 STATE:IDLE
[2026-05-11 14:38:27Z] CHK MOM:0% RANGE:0.03% UP:16.66% SPREAD:0.0308928% BID:323.7 ASK:323.8 MID:323.75 P1:323.75 P2:323.75 P3:323.75 P4:323.75 STATE:IDLE
[2026-05-11 14:38:28Z] CHK MOM:0% RANGE:0.03% UP:16.66% SPREAD:0.0308928% BID:323.7 ASK:323.8 MID:323.75 P1:323.75 P2:323.75 P3:323.75 P4:323.75 STATE:IDLE
[2026-05-11 14:38:29Z] CHK MOM:0.03% RANGE:0.03% UP:18.18% SPREAD:0.0308928% BID:323.7 ASK:323.8 MID:323.75 P1:323.75 P2:323.75 P3:323.75 P4:323.75 STATE:IDLE
[2026-05-11 14:38:29Z] CHK MOM:0.03% RANGE:0.03% UP:20% SPREAD:0.0308928% BID:323.7 ASK:323.8 MID:323.75 P1:323.75 P2:323.75 P3:323.75 P4:323.75 STATE:IDLE
[2026-05-11 14:38:30Z] CHK MOM:0.03% RANGE:0.03% UP:20% SPREAD:0.0308928% BID:323.7 ASK:323.8 MID:323.75 P1:323.75 P2:323.75 P3:323.75 P4:323.75 STATE:IDLE
[2026-05-11 14:38:30Z] CHK MOM:0.03% RANGE:0.03% UP:20% SPREAD:0.0308928% BID:323.7 ASK:323.8 MID:323.75 P1:323.75 P2:323.75 P3:323.75 P4:323.75 STATE:IDLE
[2026-05-11 14:38:31Z] CHK MOM:0.03% RANGE:0.03% UP:20% SPREAD:0.0308928% BID:323.7 ASK:323.8 MID:323.75 P1:323.75 P2:323.75 P3:323.75 P4:323.75 STATE:IDLE
[2026-05-11 14:38:31Z] CHK MOM:0.03% RANGE:0.03% UP:20% SPREAD:0.0308928% BID:323.7 ASK:323.8 MID:323.75 P1:323.75 P2:323.75 P3:323.75 P4:323.75 STATE:IDLE
[2026-05-11 14:38:32Z] CHK MOM:0.03% RANGE:0.03% UP:20% SPREAD:0.0308928% BID:323.7 ASK:323.8 MID:323.75 P1:323.75 P2:323.75 P3:323.75 P4:323.75 STATE:IDLE
[2026-05-11 14:38:38Z] CHK MOM:0.06% RANGE:0.06% UP:25% SPREAD:0.03087372% BID:323.9 ASK:324 MID:323.95 P1:323.95 P2:323.75 P3:323.75 P4:323.75 STATE:IDLE
[2026-05-11 14:38:38Z] CHK MOM:0.03% RANGE:0.06% UP:20% SPREAD:0.03088326% BID:323.8 ASK:323.9 MID:323.85 P1:323.85 P2:323.95 P3:323.75 P4:323.75 STATE:IDLE
[2026-05-11 14:38:39Z] CHK MOM:0% RANGE:0.06% UP:20% SPREAD:0.0308928% BID:323.7 ASK:323.8 MID:323.75 P1:323.75 P2:323.85 P3:323.95 P4:323.75 STATE:IDLE
[2026-05-11 14:38:39Z] CHK MOM:-0.03% RANGE:0.09% UP:20% SPREAD:0.03090234% BID:323.6 ASK:323.7 MID:323.65 P1:323.65 P2:323.75 P3:323.85 P4:323.95 STATE:IDLE
[2026-05-11 14:38:40Z] CHK MOM:-0.03% RANGE:0.09% UP:20% SPREAD:0.03090234% BID:323.6 ASK:323.7 MID:323.65 P1:323.65 P2:323.75 P3:323.85 P4:323.95 STATE:IDLE
[2026-05-11 14:38:40Z] CHK MOM:0% RANGE:0.09% UP:33.33% SPREAD:0.0308928% BID:323.7 ASK:323.8 MID:323.75 P1:323.75 P2:323.65 P3:323.75 P4:323.85 STATE:IDLE
[2026-05-11 14:38:41Z] CHK MOM:0% RANGE:0.09% UP:33.33% SPREAD:0.0308928% BID:323.7 ASK:323.8 MID:323.75 P1:323.75 P2:323.65 P3:323.75 P4:323.85 STATE:IDLE
[2026-05-11 14:38:41Z] CHK MOM:0% RANGE:0.09% UP:33.33% SPREAD:0.0308928% BID:323.7 ASK:323.8 MID:323.75 P1:323.75 P2:323.75 P3:323.65 P4:323.75 STATE:IDLE
[2026-05-11 14:38:42Z] CHK MOM:-0.06% RANGE:0.09% UP:16.66% SPREAD:0.0308928% BID:323.7 ASK:323.8 MID:323.75 P1:323.75 P2:323.75 P3:323.75 P4:323.65 STATE:IDLE
[2026-05-11 14:38:42Z] CHK MOM:-0.06% RANGE:0.09% UP:16.66% SPREAD:0.0308928% BID:323.7 ASK:323.8 MID:323.75 P1:323.75 P2:323.75 P3:323.75 P4:323.65 STATE:IDLE
[2026-05-11 14:38:43Z] CHK MOM:-0.06% RANGE:0.09% UP:16.66% SPREAD:0.0308928% BID:323.7 ASK:323.8 MID:323.75 P1:323.75 P2:323.75 P3:323.75 P4:323.65 STATE:IDLE
[2026-05-11 14:38:44Z] CHK MOM:-0.06% RANGE:0.09% UP:14.28% SPREAD:0.0308928% BID:323.7 ASK:323.8 MID:323.75 P1:323.75 P2:323.75 P3:323.75 P4:323.75 STATE:IDLE
[2026-05-11 14:38:44Z] CHK MOM:-0.06% RANGE:0.09% UP:12.5% SPREAD:0.0308928% BID:323.7 ASK:323.8 MID:323.75 P1:323.75 P2:323.75 P3:323.75 P4:323.75 STATE:IDLE
[2026-05-11 14:38:45Z] CHK MOM:-0.06% RANGE:0.09% UP:12.5% SPREAD:0.0308928% BID:323.7 ASK:323.8 MID:323.75 P1:323.75 P2:323.75 P3:323.75 P4:323.75 STATE:IDLE
[2026-05-11 14:38:45Z] CHK MOM:-0.06% RANGE:0.09% UP:12.5% SPREAD:0.0308928% BID:323.7 ASK:323.8 MID:323.75 P1:323.75 P2:323.75 P3:323.75 P4:323.75 STATE:IDLE
[2026-05-11 14:38:46Z] CHK MOM:-0.06% RANGE:0.09% UP:12.5% SPREAD:0.0308928% BID:323.7 ASK:323.8 MID:323.75 P1:323.75 P2:323.75 P3:323.75 P4:323.75 STATE:IDLE
[2026-05-11 14:38:46Z] CHK MOM:-0.06% RANGE:0.09% UP:11.11% SPREAD:0.0308928% BID:323.7 ASK:323.8 MID:323.75 P1:323.75 P2:323.75 P3:323.75 P4:323.75 STATE:IDLE
[2026-05-11 14:38:47Z] CHK MOM:-0.06% RANGE:0.09% UP:10% SPREAD:0.0308928% BID:323.7 ASK:323.8 MID:323.75 P1:323.75 P2:323.75 P3:323.75 P4:323.75 STATE:IDLE
[2026-05-11 14:38:47Z] CHK MOM:-0.06% RANGE:0.09% UP:9.09% SPREAD:0.0308928% BID:323.7 ASK:323.8 MID:323.75 P1:323.75 P2:323.75 P3:323.75 P4:323.75 STATE:IDLE
[2026-05-11 14:38:48Z] CHK MOM:-0.06% RANGE:0.09% UP:8.33% SPREAD:0.0308928% BID:323.7 ASK:323.8 MID:323.75 P1:323.75 P2:323.75 P3:323.75 P4:323.75 STATE:IDLE
[2026-05-11 14:38:49Z] CHK MOM:-0.06% RANGE:0.09% UP:8.33% SPREAD:0.0308928% BID:323.7 ASK:323.8 MID:323.75 P1:323.75 P2:323.75 P3:323.75 P4:323.75 STATE:IDLE
[2026-05-11 14:38:49Z] CHK MOM:-0.06% RANGE:0.09% UP:7.69% SPREAD:0.0308928% BID:323.7 ASK:323.8 MID:323.75 P1:323.75 P2:323.75 P3:323.75 P4:323.75 STATE:IDLE
[2026-05-11 14:38:50Z] CHK MOM:0% RANGE:0.03% UP:8.33% SPREAD:0.0308928% BID:323.7 ASK:323.8 MID:323.75 P1:323.75 P2:323.75 P3:323.75 P4:323.75 STATE:IDLE
[2026-05-11 14:38:50Z] CHK MOM:0% RANGE:0.03% UP:7.69% SPREAD:0.0308928% BID:323.7 ASK:323.8 MID:323.75 P1:323.75 P2:323.75 P3:323.75 P4:323.75 STATE:IDLE
[2026-05-11 14:38:51Z] CHK MOM:0% RANGE:0.03% UP:7.69% SPREAD:0.0308928% BID:323.7 ASK:323.8 MID:323.75 P1:323.75 P2:323.75 P3:323.75 P4:323.75 STATE:IDLE
[2026-05-11 14:38:51Z] CHK MOM:-0.01% RANGE:0.01% UP:0% SPREAD:0.06180469% BID:323.6 ASK:323.8 MID:323.7 P1:323.7 P2:323.75 P3:323.75 P4:323.75 STATE:IDLE
[2026-05-11 14:38:52Z] CHK MOM:0% RANGE:0.01% UP:7.69% SPREAD:0.0308928% BID:323.7 ASK:323.8 MID:323.75 P1:323.75 P2:323.7 P3:323.75 P4:323.75 STATE:IDLE
[2026-05-11 14:38:52Z] CHK MOM:0% RANGE:0.01% UP:7.69% SPREAD:0.0308928% BID:323.7 ASK:323.8 MID:323.75 P1:323.75 P2:323.75 P3:323.7 P4:323.75 STATE:IDLE
[2026-05-11 14:38:53Z] CHK MOM:0% RANGE:0.01% UP:7.69% SPREAD:0.0308928% BID:323.7 ASK:323.8 MID:323.75 P1:323.75 P2:323.75 P3:323.7 P4:323.75 STATE:IDLE
[2026-05-11 14:38:53Z] CHK MOM:-0.03% RANGE:0.03% UP:7.14% SPREAD:0.03090234% BID:323.6 ASK:323.7 MID:323.65 P1:323.65 P2:323.75 P3:323.75 P4:323.7 STATE:IDLE
[2026-05-11 14:38:54Z] CHK MOM:-0.03% RANGE:0.03% UP:7.14% SPREAD:0.03090234% BID:323.6 ASK:323.7 MID:323.65 P1:323.65 P2:323.75 P3:323.75 P4:323.7 STATE:IDLE
[2026-05-11 14:38:55Z] CHK MOM:-0.03% RANGE:0.03% UP:7.69% SPREAD:0.03090234% BID:323.6 ASK:323.7 MID:323.65 P1:323.65 P2:323.65 P3:323.75 P4:323.75 STATE:IDLE
[2026-05-11 14:38:55Z] CHK MOM:-0.06% RANGE:0.06% UP:7.14% SPREAD:0.0309119% BID:323.5 ASK:323.6 MID:323.55 P1:323.55 P2:323.65 P3:323.65 P4:323.75 STATE:IDLE
[2026-05-11 14:38:56Z] CHK MOM:-0.03% RANGE:0.06% UP:14.28% SPREAD:0.03090234% BID:323.6 ASK:323.7 MID:323.65 P1:323.65 P2:323.55 P3:323.65 P4:323.65 STATE:IDLE
[2026-05-11 14:38:56Z] CHK MOM:-0.03% RANGE:0.06% UP:13.33% SPREAD:0.03090234% BID:323.6 ASK:323.7 MID:323.65 P1:323.65 P2:323.65 P3:323.55 P4:323.65 STATE:IDLE
[2026-05-11 14:38:57Z] CHK MOM:-0.03% RANGE:0.06% UP:13.33% SPREAD:0.03090234% BID:323.6 ASK:323.7 MID:323.65 P1:323.65 P2:323.65 P3:323.65 P4:323.55 STATE:IDLE
[2026-05-11 14:38:57Z] CHK MOM:-0.03% RANGE:0.06% UP:13.33% SPREAD:0.03090234% BID:323.6 ASK:323.7 MID:323.65 P1:323.65 P2:323.65 P3:323.65 P4:323.55 STATE:IDLE
[2026-05-11 14:38:58Z] CHK MOM:-0.03% RANGE:0.06% UP:13.33% SPREAD:0.03090234% BID:323.6 ASK:323.7 MID:323.65 P1:323.65 P2:323.65 P3:323.65 P4:323.55 STATE:IDLE
[2026-05-11 14:38:58Z] CHK MOM:-0.04% RANGE:0.06% UP:13.33% SPREAD:0.0618238% BID:323.5 ASK:323.7 MID:323.6 P1:323.6 P2:323.65 P3:323.65 P4:323.65 STATE:IDLE
[2026-05-11 14:38:59Z] CHK MOM:-0.04% RANGE:0.06% UP:13.33% SPREAD:0.0618238% BID:323.5 ASK:323.7 MID:323.6 P1:323.6 P2:323.65 P3:323.65 P4:323.65 STATE:IDLE
[2026-05-11 14:39:00Z] CHK MOM:-0.03% RANGE:0.06% UP:20% SPREAD:0.03090234% BID:323.6 ASK:323.7 MID:323.65 P1:323.65 P2:323.6 P3:323.65 P4:323.65 STATE:IDLE
[2026-05-11 14:39:00Z] CHK MOM:0% RANGE:0.06% UP:28.57% SPREAD:0.0308928% BID:323.7 ASK:323.8 MID:323.75 P1:323.75 P2:323.65 P3:323.6 P4:323.65 STATE:IDLE
[2026-05-11 14:39:01Z] CHK MOM:0% RANGE:0.06% UP:28.57% SPREAD:0.0308928% BID:323.7 ASK:323.8 MID:323.75 P1:323.75 P2:323.65 P3:323.6 P4:323.65 STATE:IDLE
[2026-05-11 14:39:01Z] CHK MOM:0% RANGE:0.06% UP:28.57% SPREAD:0.0308928% BID:323.7 ASK:323.8 MID:323.75 P1:323.75 P2:323.75 P3:323.65 P4:323.6 STATE:IDLE
[2026-05-11 14:39:02Z] CHK MOM:0% RANGE:0.06% UP:28.57% SPREAD:0.0308928% BID:323.7 ASK:323.8 MID:323.75 P1:323.75 P2:323.75 P3:323.65 P4:323.6 STATE:IDLE
[2026-05-11 14:39:02Z] CHK MOM:0.01% RANGE:0.06% UP:30.76% SPREAD:0.0308928% BID:323.7 ASK:323.8 MID:323.75 P1:323.75 P2:323.75 P3:323.75 P4:323.65 STATE:IDLE
[2026-05-11 14:39:03Z] CHK MOM:0.01% RANGE:0.06% UP:28.57% SPREAD:0.0308928% BID:323.7 ASK:323.8 MID:323.75 P1:323.75 P2:323.75 P3:323.75 P4:323.75 STATE:IDLE
[2026-05-11 14:39:03Z] CHK MOM:0.01% RANGE:0.06% UP:28.57% SPREAD:0.0308928% BID:323.7 ASK:323.8 MID:323.75 P1:323.75 P2:323.75 P3:323.75 P4:323.75 STATE:IDLE
[2026-05-11 14:39:04Z] CHK MOM:0.01% RANGE:0.06% UP:28.57% SPREAD:0.0308928% BID:323.7 ASK:323.8 MID:323.75 P1:323.75 P2:323.75 P3:323.75 P4:323.75 STATE:IDLE
[2026-05-11 14:39:05Z] CHK MOM:0.01% RANGE:0.06% UP:28.57% SPREAD:0.0308928% BID:323.7 ASK:323.8 MID:323.75 P1:323.75 P2:323.75 P3:323.75 P4:323.75 STATE:IDLE
[2026-05-11 14:39:05Z] CHK MOM:0.03% RANGE:0.06% UP:27.27% SPREAD:0.0308928% BID:323.7 ASK:323.8 MID:323.75 P1:323.75 P2:323.75 P3:323.75 P4:323.75 STATE:IDLE
[2026-05-11 14:39:06Z] CHK MOM:0.03% RANGE:0.06% UP:27.27% SPREAD:0.0308928% BID:323.7 ASK:323.8 MID:323.75 P1:323.75 P2:323.75 P3:323.75 P4:323.75 STATE:IDLE
[2026-05-11 14:39:06Z] CHK MOM:0.03% RANGE:0.06% UP:27.27% SPREAD:0.0308928% BID:323.7 ASK:323.8 MID:323.75 P1:323.75 P2:323.75 P3:323.75 P4:323.75 STATE:IDLE
[2026-05-11 14:39:07Z] CHK MOM:0.03% RANGE:0.06% UP:25% SPREAD:0.0308928% BID:323.7 ASK:323.8 MID:323.75 P1:323.75 P2:323.75 P3:323.75 P4:323.75 STATE:IDLE
[2026-05-11 14:39:07Z] CHK MOM:0.03% RANGE:0.06% UP:25% SPREAD:0.0308928% BID:323.7 ASK:323.8 MID:323.75 P1:323.75 P2:323.75 P3:323.75 P4:323.75 STATE:IDLE
[2026-05-11 14:39:08Z] CHK MOM:0.03% RANGE:0.06% UP:25% SPREAD:0.0308928% BID:323.7 ASK:323.8 MID:323.75 P1:323.75 P2:323.75 P3:323.75 P4:323.75 STATE:IDLE
[2026-05-11 14:39:08Z] CHK MOM:0.03% RANGE:0.06% UP:25% SPREAD:0.0308928% BID:323.7 ASK:323.8 MID:323.75 P1:323.75 P2:323.75 P3:323.75 P4:323.75 STATE:IDLE
[2026-05-11 14:39:09Z] CHK MOM:0.03% RANGE:0.06% UP:25% SPREAD:0.0308928% BID:323.7 ASK:323.8 MID:323.75 P1:323.75 P2:323.75 P3:323.75 P4:323.75 STATE:IDLE
[2026-05-11 14:39:09Z] CHK MOM:0.04% RANGE:0.04% UP:25% SPREAD:0.0308928% BID:323.7 ASK:323.8 MID:323.75 P1:323.75 P2:323.75 P3:323.75 P4:323.75 STATE:IDLE
[2026-05-11 15:33:00Z] SESSION_START symbol=TAOUSDC dry_run=0 profile=major strategy=momentum base_url=https://api.binance.com
[2026-05-11 15:33:00Z] TOXIC_MEMORY_LOADED count=4 symbols=GUNUSDC,JTOUSDC,ORDIUSDC,SAHARAUSDC
[2026-05-11 15:33:01Z] CHK MOM:0% RANGE:0% UP:0% SPREAD:0.03061849% BID:326.6 ASK:326.7 MID:326.65 P1:326.65 P2:NA P3:NA P4:NA STATE:IDLE
[2026-05-11 15:33:02Z] CHK MOM:0% RANGE:0% UP:0% SPREAD:0.03061849% BID:326.6 ASK:326.7 MID:326.65 P1:326.65 P2:326.65 P3:NA P4:NA STATE:IDLE
[2026-05-11 15:33:02Z] CHK MOM:0.03% RANGE:0.03% UP:50% SPREAD:0.03060912% BID:326.7 ASK:326.8 MID:326.75 P1:326.75 P2:326.65 P3:326.65 P4:NA STATE:IDLE
[2026-05-11 15:33:03Z] CHK MOM:0.03% RANGE:0.03% UP:33.33% SPREAD:0.03060912% BID:326.7 ASK:326.8 MID:326.75 P1:326.75 P2:326.75 P3:326.65 P4:326.65 STATE:IDLE
[2026-05-11 15:33:03Z] CHK MOM:0.06% RANGE:0.06% UP:50% SPREAD:0.03059975% BID:326.8 ASK:326.9 MID:326.85 P1:326.85 P2:326.75 P3:326.75 P4:326.65 STATE:IDLE
[2026-05-11 15:33:04Z] CHK MOM:0.03% RANGE:0.06% UP:40% SPREAD:0.03060912% BID:326.7 ASK:326.8 MID:326.75 P1:326.75 P2:326.85 P3:326.75 P4:326.75 STATE:IDLE
[2026-05-11 15:33:04Z] CHK MOM:0.04% RANGE:0.06% UP:50% SPREAD:0.06121824% BID:326.7 ASK:326.9 MID:326.79999999 P1:326.79999999 P2:326.75 P3:326.85 P4:326.75 STATE:IDLE
[2026-05-11 15:33:05Z] CHK MOM:0.06% RANGE:0.06% UP:57.14% SPREAD:0.03059975% BID:326.8 ASK:326.9 MID:326.85 P1:326.85 P2:326.79999999 P3:326.75 P4:326.85 STATE:IDLE
[2026-05-11 15:33:06Z] CHK MOM:0.06% RANGE:0.06% UP:50% SPREAD:0.03059975% BID:326.8 ASK:326.9 MID:326.85 P1:326.85 P2:326.85 P3:326.79999999 P4:326.75 STATE:IDLE
[2026-05-11 15:33:06Z] CHK MOM:0.06% RANGE:0.06% UP:44.44% SPREAD:0.03059975% BID:326.8 ASK:326.9 MID:326.85 P1:326.85 P2:326.85 P3:326.85 P4:326.79999999 STATE:IDLE
[2026-05-11 15:33:07Z] CHK MOM:0.03% RANGE:0.06% UP:40% SPREAD:0.03060912% BID:326.7 ASK:326.8 MID:326.75 P1:326.75 P2:326.85 P3:326.85 P4:326.85 STATE:IDLE
[2026-05-11 15:33:07Z] CHK MOM:0% RANGE:0.06% UP:36.36% SPREAD:0.03061849% BID:326.6 ASK:326.7 MID:326.65 P1:326.65 P2:326.75 P3:326.85 P4:326.85 STATE:IDLE
[2026-05-11 15:33:08Z] CHK MOM:0% RANGE:0.06% UP:33.33% SPREAD:0.03061849% BID:326.6 ASK:326.7 MID:326.65 P1:326.65 P2:326.65 P3:326.75 P4:326.85 STATE:IDLE
[2026-05-11 15:33:08Z] CHK MOM:0% RANGE:0.06% UP:30.76% SPREAD:0.03061849% BID:326.6 ASK:326.7 MID:326.65 P1:326.65 P2:326.65 P3:326.65 P4:326.75 STATE:IDLE
[2026-05-11 15:33:09Z] CHK MOM:-0.01% RANGE:0.07% UP:28.57% SPREAD:0.06125574% BID:326.5 ASK:326.7 MID:326.6 P1:326.6 P2:326.65 P3:326.65 P4:326.65 STATE:IDLE
[2026-05-11 15:33:09Z] CHK MOM:-0.03% RANGE:0.09% UP:26.66% SPREAD:0.03062787% BID:326.5 ASK:326.6 MID:326.55 P1:326.55 P2:326.6 P3:326.65 P4:326.65 STATE:IDLE
[2026-05-11 15:33:10Z] CHK MOM:0% RANGE:0.09% UP:31.25% SPREAD:0.03061849% BID:326.6 ASK:326.7 MID:326.65 P1:326.65 P2:326.55 P3:326.6 P4:326.65 STATE:IDLE
[2026-05-11 15:33:10Z] CHK MOM:-0.06% RANGE:0.12% UP:29.41% SPREAD:0.03063725% BID:326.4 ASK:326.5 MID:326.45 P1:326.45 P2:326.65 P3:326.55 P4:326.6 STATE:IDLE
[2026-05-11 15:33:11Z] CHK MOM:-0.04% RANGE:0.12% UP:33.33% SPREAD:0.0612745% BID:326.4 ASK:326.6 MID:326.5 P1:326.5 P2:326.45 P3:326.65 P4:326.55 STATE:IDLE
[2026-05-11 15:33:11Z] CHK MOM:-0.06% RANGE:0.12% UP:31.57% SPREAD:0.03063725% BID:326.4 ASK:326.5 MID:326.45 P1:326.45 P2:326.5 P3:326.45 P4:326.65 STATE:IDLE
[2026-05-11 15:33:12Z] CHK MOM:-0.03% RANGE:0.12% UP:35% SPREAD:0.03062787% BID:326.5 ASK:326.6 MID:326.55 P1:326.55 P2:326.45 P3:326.5 P4:326.45 STATE:IDLE
[2026-05-11 15:33:13Z] CHK MOM:-0.03% RANGE:0.12% UP:33.33% SPREAD:0.03062787% BID:326.5 ASK:326.6 MID:326.55 P1:326.55 P2:326.55 P3:326.45 P4:326.5 STATE:IDLE
[2026-05-11 15:33:13Z] CHK MOM:-0.03% RANGE:0.12% UP:33.33% SPREAD:0.03062787% BID:326.5 ASK:326.6 MID:326.55 P1:326.55 P2:326.55 P3:326.55 P4:326.45 STATE:IDLE
[2026-05-11 15:33:14Z] CHK MOM:-0.06% RANGE:0.12% UP:28.57% SPREAD:0.03062787% BID:326.5 ASK:326.6 MID:326.55 P1:326.55 P2:326.55 P3:326.55 P4:326.55 STATE:IDLE
[2026-05-11 15:33:14Z] CHK MOM:-0.09% RANGE:0.12% UP:27.27% SPREAD:0.03063725% BID:326.4 ASK:326.5 MID:326.45 P1:326.45 P2:326.55 P3:326.55 P4:326.55 STATE:IDLE
[2026-05-11 15:33:15Z] CHK MOM:-0.09% RANGE:0.12% UP:27.27% SPREAD:0.03063725% BID:326.4 ASK:326.5 MID:326.45 P1:326.45 P2:326.55 P3:326.55 P4:326.55 STATE:IDLE
[2026-05-11 15:33:15Z] CHK MOM:-0.09% RANGE:0.12% UP:27.27% SPREAD:0.03063725% BID:326.4 ASK:326.5 MID:326.45 P1:326.45 P2:326.55 P3:326.55 P4:326.55 STATE:IDLE
[2026-05-11 15:33:16Z] CHK MOM:-0.09% RANGE:0.12% UP:27.27% SPREAD:0.03063725% BID:326.4 ASK:326.5 MID:326.45 P1:326.45 P2:326.55 P3:326.55 P4:326.55 STATE:IDLE
[2026-05-11 15:33:16Z] CHK MOM:-0.09% RANGE:0.12% UP:27.27% SPREAD:0.03063725% BID:326.4 ASK:326.5 MID:326.45 P1:326.45 P2:326.55 P3:326.55 P4:326.55 STATE:IDLE
[2026-05-11 15:33:17Z] CHK MOM:-0.09% RANGE:0.12% UP:27.27% SPREAD:0.03063725% BID:326.4 ASK:326.5 MID:326.45 P1:326.45 P2:326.55 P3:326.55 P4:326.55 STATE:IDLE
[2026-05-11 15:33:18Z] CHK MOM:-0.15% RANGE:0.15% UP:18.75% SPREAD:0.03064664% BID:326.3 ASK:326.4 MID:326.35 P1:326.35 P2:326.45 P3:326.55 P4:326.55 STATE:IDLE
[2026-05-11 15:33:19Z] CHK MOM:-0.09% RANGE:0.09% UP:20% SPREAD:0.03064664% BID:326.3 ASK:326.4 MID:326.35 P1:326.35 P2:326.35 P3:326.45 P4:326.55 STATE:IDLE
[2026-05-11 15:33:19Z] CHK MOM:-0.09% RANGE:0.09% UP:20% SPREAD:0.03064664% BID:326.3 ASK:326.4 MID:326.35 P1:326.35 P2:326.35 P3:326.45 P4:326.55 STATE:IDLE
[2026-05-11 15:33:20Z] CHK MOM:-0.07% RANGE:0.09% UP:26.66% SPREAD:0.06129328% BID:326.3 ASK:326.5 MID:326.4 P1:326.4 P2:326.35 P3:326.35 P4:326.45 STATE:IDLE
[2026-05-11 15:33:20Z] CHK MOM:-0.06% RANGE:0.09% UP:28.57% SPREAD:0.06129328% BID:326.3 ASK:326.5 MID:326.4 P1:326.4 P2:326.4 P3:326.35 P4:326.35 STATE:IDLE
[2026-05-11 15:33:21Z] CHK MOM:-0.06% RANGE:0.09% UP:28.57% SPREAD:0.06129328% BID:326.3 ASK:326.5 MID:326.4 P1:326.4 P2:326.4 P3:326.35 P4:326.35 STATE:IDLE
[2026-05-11 15:33:21Z] CHK MOM:-0.04% RANGE:0.09% UP:28.57% SPREAD:0.06129328% BID:326.3 ASK:326.5 MID:326.4 P1:326.4 P2:326.4 P3:326.4 P4:326.35 STATE:IDLE
[2026-05-11 15:33:22Z] CHK MOM:-0.04% RANGE:0.09% UP:28.57% SPREAD:0.06129328% BID:326.3 ASK:326.5 MID:326.4 P1:326.4 P2:326.4 P3:326.4 P4:326.35 STATE:IDLE
[2026-05-11 15:33:22Z] CHK MOM:-0.06% RANGE:0.09% UP:23.07% SPREAD:0.03065603% BID:326.2 ASK:326.3 MID:326.25 P1:326.25 P2:326.4 P3:326.4 P4:326.4 STATE:IDLE
[2026-05-11 15:33:23Z] CHK MOM:-0.07% RANGE:0.09% UP:15.38% SPREAD:0.03065603% BID:326.2 ASK:326.3 MID:326.25 P1:326.25 P2:326.25 P3:326.4 P4:326.4 STATE:IDLE
[2026-05-11 15:33:24Z] CHK MOM:-0.09% RANGE:0.09% UP:8.33% SPREAD:0.03065603% BID:326.2 ASK:326.3 MID:326.25 P1:326.25 P2:326.25 P3:326.25 P4:326.4 STATE:IDLE
[2026-05-11 15:33:24Z] CHK MOM:-0.09% RANGE:0.09% UP:8.33% SPREAD:0.03065603% BID:326.2 ASK:326.3 MID:326.25 P1:326.25 P2:326.25 P3:326.25 P4:326.4 STATE:IDLE
[2026-05-11 15:33:25Z] CHK MOM:-0.09% RANGE:0.09% UP:9.09% SPREAD:0.03065603% BID:326.2 ASK:326.3 MID:326.25 P1:326.25 P2:326.25 P3:326.25 P4:326.25 STATE:IDLE
[2026-05-11 15:33:25Z] CHK MOM:-0.09% RANGE:0.09% UP:9.09% SPREAD:0.03065603% BID:326.2 ASK:326.3 MID:326.25 P1:326.25 P2:326.25 P3:326.25 P4:326.25 STATE:IDLE
[2026-05-11 15:33:26Z] CHK MOM:-0.09% RANGE:0.09% UP:9.09% SPREAD:0.03065603% BID:326.2 ASK:326.3 MID:326.25 P1:326.25 P2:326.25 P3:326.25 P4:326.25 STATE:IDLE
[2026-05-11 15:33:26Z] CHK MOM:-0.03% RANGE:0.04% UP:10% SPREAD:0.03065603% BID:326.2 ASK:326.3 MID:326.25 P1:326.25 P2:326.25 P3:326.25 P4:326.25 STATE:IDLE
[2026-05-11 15:33:27Z] CHK MOM:-0.03% RANGE:0.04% UP:10% SPREAD:0.03065603% BID:326.2 ASK:326.3 MID:326.25 P1:326.25 P2:326.25 P3:326.25 P4:326.25 STATE:IDLE
[2026-05-11 15:33:27Z] CHK MOM:-0.03% RANGE:0.04% UP:10% SPREAD:0.03065603% BID:326.2 ASK:326.3 MID:326.25 P1:326.25 P2:326.25 P3:326.25 P4:326.25 STATE:IDLE
[2026-05-11 15:33:28Z] CHK MOM:-0.06% RANGE:0.07% UP:9.09% SPREAD:0.03066544% BID:326.1 ASK:326.2 MID:326.15 P1:326.15 P2:326.25 P3:326.25 P4:326.25 STATE:IDLE
[2026-05-11 15:33:29Z] CHK MOM:-0.06% RANGE:0.07% UP:9.09% SPREAD:0.03066544% BID:326.1 ASK:326.2 MID:326.15 P1:326.15 P2:326.25 P3:326.25 P4:326.25 STATE:IDLE
[2026-05-11 15:33:29Z] CHK MOM:-0.04% RANGE:0.07% UP:16.66% SPREAD:0.06133088% BID:326.1 ASK:326.3 MID:326.2 P1:326.2 P2:326.15 P3:326.25 P4:326.25 STATE:IDLE
[2026-05-11 15:33:30Z] CHK MOM:-0.06% RANGE:0.07% UP:15.38% SPREAD:0.03066544% BID:326.1 ASK:326.2 MID:326.15 P1:326.15 P2:326.2 P3:326.15 P4:326.25 STATE:IDLE
[2026-05-11 15:33:30Z] CHK MOM:-0.06% RANGE:0.07% UP:15.38% SPREAD:0.03066544% BID:326.1 ASK:326.2 MID:326.15 P1:326.15 P2:326.15 P3:326.2 P4:326.15 STATE:IDLE
[2026-05-11 15:33:31Z] CHK MOM:-0.04% RANGE:0.07% UP:21.42% SPREAD:0.06133088% BID:326.1 ASK:326.3 MID:326.2 P1:326.2 P2:326.15 P3:326.15 P4:326.2 STATE:IDLE
[2026-05-11 15:33:31Z] CHK MOM:-0.07% RANGE:0.07% UP:14.28% SPREAD:0.03066544% BID:326.1 ASK:326.2 MID:326.15 P1:326.15 P2:326.2 P3:326.15 P4:326.15 STATE:IDLE
[2026-05-11 15:33:32Z] CHK MOM:-0.07% RANGE:0.07% UP:13.33% SPREAD:0.03066544% BID:326.1 ASK:326.2 MID:326.15 P1:326.15 P2:326.15 P3:326.2 P4:326.15 STATE:IDLE
[2026-05-11 15:33:32Z] CHK MOM:-0.06% RANGE:0.07% UP:20% SPREAD:0.06133088% BID:326.1 ASK:326.3 MID:326.2 P1:326.2 P2:326.15 P3:326.15 P4:326.2 STATE:IDLE
[2026-05-11 15:33:33Z] CHK MOM:-0.06% RANGE:0.07% UP:20% SPREAD:0.06133088% BID:326.1 ASK:326.3 MID:326.2 P1:326.2 P2:326.15 P3:326.15 P4:326.2 STATE:IDLE
[2026-05-11 15:33:33Z] CHK MOM:-0.01% RANGE:0.03% UP:21.42% SPREAD:0.06133088% BID:326.1 ASK:326.3 MID:326.2 P1:326.2 P2:326.2 P3:326.15 P4:326.15 STATE:IDLE
[2026-05-11 15:33:34Z] CHK MOM:0.04% RANGE:0.07% UP:26.66% SPREAD:0.06129328% BID:326.3 ASK:326.5 MID:326.4 P1:326.4 P2:326.2 P3:326.2 P4:326.15 STATE:IDLE
[2026-05-11 15:33:35Z] CHK MOM:0.03% RANGE:0.07% UP:28.57% SPREAD:0.03064664% BID:326.3 ASK:326.4 MID:326.35 P1:326.35 P2:326.4 P3:326.2 P4:326.2 STATE:IDLE
[2026-05-11 15:33:35Z] CHK MOM:0.03% RANGE:0.07% UP:28.57% SPREAD:0.03064664% BID:326.3 ASK:326.4 MID:326.35 P1:326.35 P2:326.35 P3:326.4 P4:326.2 STATE:IDLE
[2026-05-11 15:33:36Z] CHK MOM:0.03% RANGE:0.07% UP:26.66% SPREAD:0.03064664% BID:326.3 ASK:326.4 MID:326.35 P1:326.35 P2:326.35 P3:326.35 P4:326.4 STATE:IDLE
[2026-05-11 15:33:36Z] CHK MOM:0.07% RANGE:0.1% UP:31.25% SPREAD:0.0612745% BID:326.4 ASK:326.6 MID:326.5 P1:326.5 P2:326.35 P3:326.35 P4:326.35 STATE:IDLE
[2026-05-11 15:33:37Z] CHK MOM:0.09% RANGE:0.12% UP:35.29% SPREAD:0.03062787% BID:326.5 ASK:326.6 MID:326.55 P1:326.55 P2:326.5 P3:326.35 P4:326.35 STATE:IDLE
[2026-05-11 15:33:37Z] CHK MOM:0.07% RANGE:0.12% UP:35.29% SPREAD:0.0612745% BID:326.4 ASK:326.6 MID:326.5 P1:326.5 P2:326.55 P3:326.5 P4:326.35 STATE:IDLE
[2026-05-11 15:33:38Z] CHK MOM:0.07% RANGE:0.12% UP:35.29% SPREAD:0.0612745% BID:326.4 ASK:326.6 MID:326.5 P1:326.5 P2:326.5 P3:326.55 P4:326.5 STATE:IDLE
[2026-05-11 15:33:38Z] CHK MOM:0.07% RANGE:0.12% UP:35.29% SPREAD:0.0612745% BID:326.4 ASK:326.6 MID:326.5 P1:326.5 P2:326.5 P3:326.55 P4:326.5 STATE:IDLE
[2026-05-11 15:33:39Z] CHK MOM:0.12% RANGE:0.12% UP:41.17% SPREAD:0.03062787% BID:326.5 ASK:326.6 MID:326.55 P1:326.55 P2:326.5 P3:326.5 P4:326.55 STATE:IDLE
[2026-05-11 15:33:40Z] CHK MOM:0.12% RANGE:0.12% UP:41.17% SPREAD:0.03062787% BID:326.5 ASK:326.6 MID:326.55 P1:326.55 P2:326.5 P3:326.5 P4:326.55 STATE:IDLE
[2026-05-11 15:33:40Z] CHK MOM:0.1% RANGE:0.12% UP:35.29% SPREAD:0.03062787% BID:326.5 ASK:326.6 MID:326.55 P1:326.55 P2:326.55 P3:326.5 P4:326.5 STATE:IDLE
[2026-05-11 15:33:41Z] CHK MOM:0.1% RANGE:0.12% UP:33.33% SPREAD:0.03062787% BID:326.5 ASK:326.6 MID:326.55 P1:326.55 P2:326.55 P3:326.55 P4:326.5 STATE:IDLE
[2026-05-11 15:33:41Z] CHK MOM:0.1% RANGE:0.12% UP:33.33% SPREAD:0.03062787% BID:326.5 ASK:326.6 MID:326.55 P1:326.55 P2:326.55 P3:326.55 P4:326.5 STATE:IDLE
[2026-05-11 15:33:42Z] CHK MOM:0.1% RANGE:0.12% UP:33.33% SPREAD:0.03062787% BID:326.5 ASK:326.6 MID:326.55 P1:326.55 P2:326.55 P3:326.55 P4:326.5 STATE:IDLE
[2026-05-11 15:33:42Z] CHK MOM:0.09% RANGE:0.12% UP:35.29% SPREAD:0.03063725% BID:326.4 ASK:326.5 MID:326.45 P1:326.45 P2:326.55 P3:326.55 P4:326.55 STATE:IDLE
[2026-05-11 15:33:43Z] CHK MOM:0.09% RANGE:0.12% UP:35.29% SPREAD:0.0612745% BID:326.4 ASK:326.6 MID:326.5 P1:326.5 P2:326.45 P3:326.55 P4:326.55 STATE:IDLE
[2026-05-11 15:33:43Z] CHK MOM:0.09% RANGE:0.12% UP:35.29% SPREAD:0.0612745% BID:326.4 ASK:326.6 MID:326.5 P1:326.5 P2:326.45 P3:326.55 P4:326.55 STATE:IDLE
[2026-05-11 15:33:44Z] CHK MOM:0.09% RANGE:0.1% UP:33.33% SPREAD:0.0612745% BID:326.4 ASK:326.6 MID:326.5 P1:326.5 P2:326.5 P3:326.45 P4:326.55 STATE:IDLE
[2026-05-11 15:33:44Z] CHK MOM:0.12% RANGE:0.12% UP:40% SPREAD:0.06125574% BID:326.5 ASK:326.7 MID:326.6 P1:326.6 P2:326.5 P3:326.5 P4:326.45 STATE:IDLE
[2026-05-11 15:33:45Z] CHK MOM:0.13% RANGE:0.13% UP:43.75% SPREAD:0.03061849% BID:326.6 ASK:326.7 MID:326.65 P1:326.65 P2:326.6 P3:326.5 P4:326.5 STATE:IDLE
[2026-05-11 15:33:46Z] CHK MOM:0.07% RANGE:0.09% UP:37.5% SPREAD:0.03061849% BID:326.6 ASK:326.7 MID:326.65 P1:326.65 P2:326.65 P3:326.6 P4:326.5 STATE:IDLE
[2026-05-11 15:33:46Z] CHK MOM:0.09% RANGE:0.09% UP:37.5% SPREAD:0.03061849% BID:326.6 ASK:326.7 MID:326.65 P1:326.65 P2:326.65 P3:326.65 P4:326.6 STATE:IDLE
[2026-05-11 15:33:47Z] CHK MOM:0.09% RANGE:0.09% UP:37.5% SPREAD:0.03061849% BID:326.6 ASK:326.7 MID:326.65 P1:326.65 P2:326.65 P3:326.65 P4:326.6 STATE:IDLE
[2026-05-11 15:33:47Z] CHK MOM:0.06% RANGE:0.09% UP:37.5% SPREAD:0.03062787% BID:326.5 ASK:326.6 MID:326.55 P1:326.55 P2:326.65 P3:326.65 P4:326.65 STATE:IDLE
[2026-05-11 15:33:48Z] CHK MOM:0.06% RANGE:0.09% UP:37.5% SPREAD:0.03062787% BID:326.5 ASK:326.6 MID:326.55 P1:326.55 P2:326.55 P3:326.65 P4:326.65 STATE:IDLE
[2026-05-11 15:33:48Z] CHK MOM:0.03% RANGE:0.06% UP:37.5% SPREAD:0.06125574% BID:326.5 ASK:326.7 MID:326.6 P1:326.6 P2:326.55 P3:326.55 P4:326.65 STATE:IDLE
[2026-05-11 15:33:49Z] CHK MOM:0.03% RANGE:0.06% UP:37.5% SPREAD:0.03061849% BID:326.6 ASK:326.7 MID:326.65 P1:326.65 P2:326.6 P3:326.55 P4:326.55 STATE:IDLE
[2026-05-11 15:33:49Z] CHK MOM:0.03% RANGE:0.06% UP:37.5% SPREAD:0.06125574% BID:326.5 ASK:326.7 MID:326.6 P1:326.6 P2:326.65 P3:326.6 P4:326.55 STATE:IDLE
[2026-05-11 15:33:50Z] CHK MOM:0.03% RANGE:0.06% UP:37.5% SPREAD:0.06125574% BID:326.5 ASK:326.7 MID:326.6 P1:326.6 P2:326.65 P3:326.6 P4:326.55 STATE:IDLE
[2026-05-11 15:33:51Z] CHK MOM:0.03% RANGE:0.06% UP:37.5% SPREAD:0.06125574% BID:326.5 ASK:326.7 MID:326.6 P1:326.6 P2:326.65 P3:326.6 P4:326.55 STATE:IDLE
[2026-05-11 15:33:51Z] CHK MOM:0.01% RANGE:0.06% UP:35.71% SPREAD:0.06125574% BID:326.5 ASK:326.7 MID:326.6 P1:326.6 P2:326.6 P3:326.65 P4:326.6 STATE:IDLE
[2026-05-11 15:33:52Z] CHK MOM:0.01% RANGE:0.06% UP:35.71% SPREAD:0.06125574% BID:326.5 ASK:326.7 MID:326.6 P1:326.6 P2:326.6 P3:326.65 P4:326.6 STATE:IDLE
[2026-05-11 15:33:52Z] CHK MOM:0.01% RANGE:0.06% UP:35.71% SPREAD:0.06125574% BID:326.5 ASK:326.7 MID:326.6 P1:326.6 P2:326.6 P3:326.65 P4:326.6 STATE:IDLE
[2026-05-11 15:33:53Z] CHK MOM:0.01% RANGE:0.06% UP:35.71% SPREAD:0.06125574% BID:326.5 ASK:326.7 MID:326.6 P1:326.6 P2:326.6 P3:326.6 P4:326.65 STATE:IDLE
[2026-05-11 15:33:53Z] CHK MOM:0.01% RANGE:0.06% UP:35.71% SPREAD:0.06125574% BID:326.5 ASK:326.7 MID:326.6 P1:326.6 P2:326.6 P3:326.6 P4:326.65 STATE:IDLE
[2026-05-11 15:33:54Z] CHK MOM:0.01% RANGE:0.06% UP:35.71% SPREAD:0.06125574% BID:326.5 ASK:326.7 MID:326.6 P1:326.6 P2:326.6 P3:326.6 P4:326.65 STATE:IDLE
[2026-05-11 15:33:54Z] CHK MOM:0.01% RANGE:0.06% UP:35.71% SPREAD:0.06125574% BID:326.5 ASK:326.7 MID:326.6 P1:326.6 P2:326.6 P3:326.6 P4:326.65 STATE:IDLE
[2026-05-11 15:33:55Z] CHK MOM:0.04% RANGE:0.04% UP:41.66% SPREAD:0.03061849% BID:326.6 ASK:326.7 MID:326.65 P1:326.65 P2:326.6 P3:326.6 P4:326.6 STATE:IDLE
[2026-05-11 15:33:55Z] CHK MOM:0.04% RANGE:0.04% UP:41.66% SPREAD:0.03061849% BID:326.6 ASK:326.7 MID:326.65 P1:326.65 P2:326.6 P3:326.6 P4:326.6 STATE:IDLE
[2026-05-11 15:33:56Z] CHK MOM:0.04% RANGE:0.04% UP:41.66% SPREAD:0.03061849% BID:326.6 ASK:326.7 MID:326.65 P1:326.65 P2:326.6 P3:326.6 P4:326.6 STATE:IDLE
[2026-05-11 15:33:57Z] CHK MOM:0% RANGE:0.03% UP:27.27% SPREAD:0.03061849% BID:326.6 ASK:326.7 MID:326.65 P1:326.65 P2:326.65 P3:326.6 P4:326.6 STATE:IDLE
[2026-05-11 15:33:57Z] CHK MOM:0% RANGE:0.03% UP:27.27% SPREAD:0.03061849% BID:326.6 ASK:326.7 MID:326.65 P1:326.65 P2:326.65 P3:326.65 P4:326.6 STATE:IDLE
[2026-05-11 15:33:58Z] CHK MOM:0% RANGE:0.03% UP:27.27% SPREAD:0.03061849% BID:326.6 ASK:326.7 MID:326.65 P1:326.65 P2:326.65 P3:326.65 P4:326.65 STATE:IDLE
[2026-05-11 15:33:58Z] CHK MOM:0.06% RANGE:0.06% UP:36.36% SPREAD:0.03060912% BID:326.7 ASK:326.8 MID:326.75 P1:326.75 P2:326.65 P3:326.65 P4:326.65 STATE:IDLE
[2026-05-11 15:33:59Z] CHK MOM:0.06% RANGE:0.06% UP:33.33% SPREAD:0.03060912% BID:326.7 ASK:326.8 MID:326.75 P1:326.75 P2:326.75 P3:326.65 P4:326.65 STATE:IDLE
[2026-05-11 15:33:59Z] CHK MOM:0.06% RANGE:0.06% UP:30.76% SPREAD:0.03060912% BID:326.7 ASK:326.8 MID:326.75 P1:326.75 P2:326.75 P3:326.75 P4:326.65 STATE:IDLE
[2026-05-11 15:34:00Z] CHK MOM:0.06% RANGE:0.06% UP:30.76% SPREAD:0.03060912% BID:326.7 ASK:326.8 MID:326.75 P1:326.75 P2:326.75 P3:326.75 P4:326.75 STATE:IDLE
[2026-05-11 15:34:00Z] CHK MOM:0.03% RANGE:0.04% UP:16.66% SPREAD:0.03060912% BID:326.7 ASK:326.8 MID:326.75 P1:326.75 P2:326.75 P3:326.75 P4:326.75 STATE:IDLE
[2026-05-11 15:34:01Z] CHK MOM:0.07% RANGE:0.09% UP:23.07% SPREAD:0.06119951% BID:326.8 ASK:327 MID:326.9 P1:326.9 P2:326.75 P3:326.75 P4:326.75 STATE:IDLE
[2026-05-11 15:34:02Z] CHK MOM:0.12% RANGE:0.12% UP:33.33% SPREAD:0.06118078% BID:326.9 ASK:327.1 MID:327 P1:327 P2:326.9 P3:326.75 P4:326.75 STATE:IDLE
[2026-05-11 15:34:02Z] CHK MOM:0.12% RANGE:0.12% UP:30.76% SPREAD:0.06118078% BID:326.9 ASK:327.1 MID:327 P1:327 P2:327 P3:326.9 P4:326.75 STATE:IDLE
[2026-05-11 15:34:03Z] CHK MOM:0.1% RANGE:0.12% UP:28.57% SPREAD:0.03059039% BID:326.9 ASK:327 MID:326.95 P1:326.95 P2:327 P3:327 P4:326.9 STATE:IDLE
[2026-05-11 15:34:03Z] CHK MOM:0.1% RANGE:0.12% UP:28.57% SPREAD:0.03059039% BID:326.9 ASK:327 MID:326.95 P1:326.95 P2:327 P3:327 P4:326.9 STATE:IDLE
[2026-05-11 15:34:04Z] CHK MOM:0.1% RANGE:0.12% UP:28.57% SPREAD:0.03059039% BID:326.9 ASK:327 MID:326.95 P1:326.95 P2:326.95 P3:327 P4:327 STATE:IDLE
[2026-05-11 15:34:04Z] CHK MOM:0.07% RANGE:0.12% UP:26.66% SPREAD:0.03059975% BID:326.8 ASK:326.9 MID:326.85 P1:326.85 P2:326.95 P3:326.95 P4:327 STATE:IDLE
[2026-05-11 15:34:05Z] CHK MOM:0.07% RANGE:0.12% UP:25% SPREAD:0.03059975% BID:326.8 ASK:326.9 MID:326.85 P1:326.85 P2:326.85 P3:326.95 P4:326.95 STATE:IDLE
[2026-05-11 15:34:05Z] CHK MOM:0.06% RANGE:0.1% UP:18.75% SPREAD:0.03059975% BID:326.8 ASK:326.9 MID:326.85 P1:326.85 P2:326.85 P3:326.85 P4:326.95 STATE:IDLE
[2026-05-11 15:34:06Z] CHK MOM:0.06% RANGE:0.1% UP:18.75% SPREAD:0.03059975% BID:326.8 ASK:326.9 MID:326.85 P1:326.85 P2:326.85 P3:326.85 P4:326.95 STATE:IDLE
[2026-05-11 15:34:07Z] CHK MOM:0.06% RANGE:0.1% UP:18.75% SPREAD:0.03059975% BID:326.8 ASK:326.9 MID:326.85 P1:326.85 P2:326.85 P3:326.85 P4:326.95 STATE:IDLE
[2026-05-11 15:34:07Z] CHK MOM:0.03% RANGE:0.1% UP:18.75% SPREAD:0.03060912% BID:326.7 ASK:326.8 MID:326.75 P1:326.75 P2:326.85 P3:326.85 P4:326.85 STATE:IDLE
[2026-05-11 15:34:08Z] CHK MOM:0.03% RANGE:0.1% UP:17.64% SPREAD:0.03060912% BID:326.7 ASK:326.8 MID:326.75 P1:326.75 P2:326.75 P3:326.85 P4:326.85 STATE:IDLE
[2026-05-11 15:34:08Z] CHK MOM:0.03% RANGE:0.1% UP:16.66% SPREAD:0.03060912% BID:326.7 ASK:326.8 MID:326.75 P1:326.75 P2:326.75 P3:326.75 P4:326.85 STATE:IDLE
[2026-05-11 15:34:09Z] CHK MOM:0.03% RANGE:0.1% UP:16.66% SPREAD:0.03060912% BID:326.7 ASK:326.8 MID:326.75 P1:326.75 P2:326.75 P3:326.75 P4:326.85 STATE:IDLE
[2026-05-11 15:34:09Z] CHK MOM:0.03% RANGE:0.1% UP:16.66% SPREAD:0.03060912% BID:326.7 ASK:326.8 MID:326.75 P1:326.75 P2:326.75 P3:326.75 P4:326.85 STATE:IDLE
[2026-05-11 15:34:10Z] CHK MOM:0.03% RANGE:0.1% UP:17.64% SPREAD:0.03060912% BID:326.7 ASK:326.8 MID:326.75 P1:326.75 P2:326.75 P3:326.75 P4:326.75 STATE:IDLE
[2026-05-11 15:34:10Z] CHK MOM:0.03% RANGE:0.1% UP:17.64% SPREAD:0.03060912% BID:326.7 ASK:326.8 MID:326.75 P1:326.75 P2:326.75 P3:326.75 P4:326.75 STATE:IDLE
[2026-05-11 15:34:11Z] CHK MOM:0.01% RANGE:0.07% UP:20% SPREAD:0.06121824% BID:326.7 ASK:326.9 MID:326.79999999 P1:326.79999999 P2:326.75 P3:326.75 P4:326.75 STATE:IDLE
[2026-05-11 15:34:11Z] CHK MOM:0.03% RANGE:0.07% UP:26.66% SPREAD:0.03059975% BID:326.8 ASK:326.9 MID:326.85 P1:326.85 P2:326.79999999 P3:326.75 P4:326.75 STATE:IDLE
[2026-05-11 15:34:12Z] CHK MOM:0.03% RANGE:0.07% UP:26.66% SPREAD:0.03059975% BID:326.8 ASK:326.9 MID:326.85 P1:326.85 P2:326.85 P3:326.79999999 P4:326.75 STATE:IDLE
[2026-05-11 15:34:13Z] CHK MOM:-0.03% RANGE:0.07% UP:21.42% SPREAD:0.06119951% BID:326.8 ASK:327 MID:326.9 P1:326.9 P2:326.85 P3:326.85 P4:326.79999999 STATE:IDLE
[2026-05-11 15:34:13Z] CHK MOM:-0.03% RANGE:0.07% UP:20% SPREAD:0.06119951% BID:326.8 ASK:327 MID:326.9 P1:326.9 P2:326.9 P3:326.85 P4:326.85 STATE:IDLE
[2026-05-11 15:34:14Z] CHK MOM:-0.03% RANGE:0.07% UP:18.75% SPREAD:0.06119951% BID:326.8 ASK:327 MID:326.9 P1:326.9 P2:326.9 P3:326.9 P4:326.85 STATE:IDLE
[2026-05-11 15:34:14Z] CHK MOM:-0.03% RANGE:0.07% UP:18.75% SPREAD:0.06119951% BID:326.8 ASK:327 MID:326.9 P1:326.9 P2:326.9 P3:326.9 P4:326.85 STATE:IDLE
[2026-05-11 15:34:15Z] CHK MOM:-0.01% RANGE:0.06% UP:20% SPREAD:0.06119951% BID:326.8 ASK:327 MID:326.9 P1:326.9 P2:326.9 P3:326.9 P4:326.9 STATE:IDLE
[2026-05-11 15:34:15Z] CHK MOM:-0.01% RANGE:0.06% UP:20% SPREAD:0.06119951% BID:326.8 ASK:327 MID:326.9 P1:326.9 P2:326.9 P3:326.9 P4:326.9 STATE:IDLE
[2026-05-11 15:34:16Z] CHK MOM:-0.01% RANGE:0.06% UP:18.75% SPREAD:0.06119951% BID:326.8 ASK:327 MID:326.9 P1:326.9 P2:326.9 P3:326.9 P4:326.9 STATE:IDLE
[2026-05-11 15:34:16Z] CHK MOM:0.01% RANGE:0.04% UP:18.75% SPREAD:0.06119951% BID:326.8 ASK:327 MID:326.9 P1:326.9 P2:326.9 P3:326.9 P4:326.9 STATE:IDLE
[2026-05-11 15:34:17Z] CHK MOM:0.01% RANGE:0.04% UP:18.75% SPREAD:0.06119951% BID:326.8 ASK:327 MID:326.9 P1:326.9 P2:326.9 P3:326.9 P4:326.9 STATE:IDLE
[2026-05-11 15:34:18Z] CHK MOM:0.01% RANGE:0.04% UP:18.75% SPREAD:0.06119951% BID:326.8 ASK:327 MID:326.9 P1:326.9 P2:326.9 P3:326.9 P4:326.9 STATE:IDLE
[2026-05-11 15:34:18Z] CHK MOM:0.01% RANGE:0.04% UP:21.42% SPREAD:0.06121824% BID:326.7 ASK:326.9 MID:326.79999999 P1:326.79999999 P2:326.9 P3:326.9 P4:326.9 STATE:IDLE
[2026-05-11 15:34:19Z] CHK MOM:0.01% RANGE:0.04% UP:21.42% SPREAD:0.06121824% BID:326.7 ASK:326.9 MID:326.79999999 P1:326.79999999 P2:326.9 P3:326.9 P4:326.9 STATE:IDLE
[2026-05-11 15:34:19Z] CHK MOM:0.01% RANGE:0.04% UP:21.42% SPREAD:0.06121824% BID:326.7 ASK:326.9 MID:326.79999999 P1:326.79999999 P2:326.9 P3:326.9 P4:326.9 STATE:IDLE
[2026-05-11 15:34:20Z] CHK MOM:0.01% RANGE:0.04% UP:21.42% SPREAD:0.06121824% BID:326.7 ASK:326.9 MID:326.79999999 P1:326.79999999 P2:326.9 P3:326.9 P4:326.9 STATE:IDLE
[2026-05-11 15:34:20Z] CHK MOM:0.01% RANGE:0.04% UP:21.42% SPREAD:0.06121824% BID:326.7 ASK:326.9 MID:326.79999999 P1:326.79999999 P2:326.9 P3:326.9 P4:326.9 STATE:IDLE
[2026-05-11 15:34:21Z] CHK MOM:0.01% RANGE:0.04% UP:21.42% SPREAD:0.06121824% BID:326.7 ASK:326.9 MID:326.79999999 P1:326.79999999 P2:326.9 P3:326.9 P4:326.9 STATE:IDLE
[2026-05-11 15:34:22Z] CHK MOM:0% RANGE:0.04% UP:25% SPREAD:0.03060912% BID:326.7 ASK:326.8 MID:326.75 P1:326.75 P2:326.79999999 P3:326.9 P4:326.9 STATE:IDLE
[2026-05-11 15:34:22Z] CHK MOM:-0.01% RANGE:0.04% UP:16.66% SPREAD:0.03060912% BID:326.7 ASK:326.8 MID:326.75 P1:326.75 P2:326.75 P3:326.79999999 P4:326.9 STATE:IDLE
[2026-05-11 15:34:23Z] CHK MOM:-0.01% RANGE:0.04% UP:15.38% SPREAD:0.03060912% BID:326.7 ASK:326.8 MID:326.75 P1:326.75 P2:326.75 P3:326.75 P4:326.79999999 STATE:IDLE
[2026-05-11 15:34:24Z] CHK MOM:-0.03% RANGE:0.04% UP:8.33% SPREAD:0.03060912% BID:326.7 ASK:326.8 MID:326.75 P1:326.75 P2:326.75 P3:326.75 P4:326.75 STATE:IDLE
[2026-05-11 15:34:24Z] CHK MOM:-0.04% RANGE:0.04% UP:0% SPREAD:0.03060912% BID:326.7 ASK:326.8 MID:326.75 P1:326.75 P2:326.75 P3:326.75 P4:326.75 STATE:IDLE
[2026-05-11 15:34:25Z] CHK MOM:-0.04% RANGE:0.04% UP:0% SPREAD:0.03060912% BID:326.7 ASK:326.8 MID:326.75 P1:326.75 P2:326.75 P3:326.75 P4:326.75 STATE:IDLE
[2026-05-11 15:34:25Z] CHK MOM:-0.04% RANGE:0.04% UP:0% SPREAD:0.03060912% BID:326.7 ASK:326.8 MID:326.75 P1:326.75 P2:326.75 P3:326.75 P4:326.75 STATE:IDLE
[2026-05-11 15:34:26Z] CHK MOM:-0.04% RANGE:0.04% UP:0% SPREAD:0.03060912% BID:326.7 ASK:326.8 MID:326.75 P1:326.75 P2:326.75 P3:326.75 P4:326.75 STATE:IDLE
[2026-05-11 15:34:26Z] CHK MOM:-0.07% RANGE:0.07% UP:0% SPREAD:0.03061849% BID:326.6 ASK:326.7 MID:326.65 P1:326.65 P2:326.75 P3:326.75 P4:326.75 STATE:IDLE
[2026-05-11 15:34:27Z] CHK MOM:-0.07% RANGE:0.07% UP:0% SPREAD:0.03061849% BID:326.6 ASK:326.7 MID:326.65 P1:326.65 P2:326.65 P3:326.75 P4:326.75 STATE:IDLE
[2026-05-11 15:34:27Z] CHK MOM:-0.07% RANGE:0.07% UP:0% SPREAD:0.03061849% BID:326.6 ASK:326.7 MID:326.65 P1:326.65 P2:326.65 P3:326.65 P4:326.75 STATE:IDLE
[2026-05-11 15:34:28Z] CHK MOM:-0.07% RANGE:0.07% UP:0% SPREAD:0.03061849% BID:326.6 ASK:326.7 MID:326.65 P1:326.65 P2:326.65 P3:326.65 P4:326.75 STATE:IDLE
[2026-05-11 15:34:29Z] CHK MOM:-0.04% RANGE:0.04% UP:0% SPREAD:0.03061849% BID:326.6 ASK:326.7 MID:326.65 P1:326.65 P2:326.65 P3:326.65 P4:326.65 STATE:IDLE
[2026-05-11 15:34:29Z] CHK MOM:-0.04% RANGE:0.04% UP:0% SPREAD:0.03061849% BID:326.6 ASK:326.7 MID:326.65 P1:326.65 P2:326.65 P3:326.65 P4:326.65 STATE:IDLE
[2026-05-11 15:34:30Z] CHK MOM:-0.04% RANGE:0.04% UP:0% SPREAD:0.03061849% BID:326.6 ASK:326.7 MID:326.65 P1:326.65 P2:326.65 P3:326.65 P4:326.65 STATE:IDLE
[2026-05-11 15:34:30Z] CHK MOM:-0.04% RANGE:0.04% UP:0% SPREAD:0.03061849% BID:326.6 ASK:326.7 MID:326.65 P1:326.65 P2:326.65 P3:326.65 P4:326.65 STATE:IDLE
[2026-05-11 15:34:31Z] CHK MOM:-0.03% RANGE:0.03% UP:0% SPREAD:0.03061849% BID:326.6 ASK:326.7 MID:326.65 P1:326.65 P2:326.65 P3:326.65 P4:326.65 STATE:IDLE
[2026-05-11 15:34:31Z] CHK MOM:-0.03% RANGE:0.03% UP:0% SPREAD:0.03061849% BID:326.6 ASK:326.7 MID:326.65 P1:326.65 P2:326.65 P3:326.65 P4:326.65 STATE:IDLE
[2026-05-11 15:34:32Z] CHK MOM:-0.03% RANGE:0.03% UP:0% SPREAD:0.03061849% BID:326.6 ASK:326.7 MID:326.65 P1:326.65 P2:326.65 P3:326.65 P4:326.65 STATE:IDLE
[2026-05-11 15:34:32Z] CHK MOM:-0.03% RANGE:0.03% UP:0% SPREAD:0.03061849% BID:326.6 ASK:326.7 MID:326.65 P1:326.65 P2:326.65 P3:326.65 P4:326.65 STATE:IDLE
[2026-05-11 15:34:33Z] CHK MOM:-0.06% RANGE:0.06% UP:0% SPREAD:0.03062787% BID:326.5 ASK:326.6 MID:326.55 P1:326.55 P2:326.65 P3:326.65 P4:326.65 STATE:IDLE
[2026-05-11 15:34:33Z] CHK MOM:-0.06% RANGE:0.06% UP:0% SPREAD:0.03062787% BID:326.5 ASK:326.6 MID:326.55 P1:326.55 P2:326.55 P3:326.65 P4:326.65 STATE:IDLE
[2026-05-11 15:34:34Z] CHK MOM:-0.06% RANGE:0.06% UP:0% SPREAD:0.03062787% BID:326.5 ASK:326.6 MID:326.55 P1:326.55 P2:326.55 P3:326.55 P4:326.65 STATE:IDLE
[2026-05-11 15:34:35Z] CHK MOM:-0.03% RANGE:0.06% UP:6.66% SPREAD:0.03061849% BID:326.6 ASK:326.7 MID:326.65 P1:326.65 P2:326.55 P3:326.55 P4:326.55 STATE:IDLE
[2026-05-11 15:34:35Z] CHK MOM:-0.03% RANGE:0.06% UP:6.66% SPREAD:0.03061849% BID:326.6 ASK:326.7 MID:326.65 P1:326.65 P2:326.65 P3:326.55 P4:326.55 STATE:IDLE
[2026-05-11 15:34:36Z] CHK MOM:-0.01% RANGE:0.06% UP:13.33% SPREAD:0.06123698% BID:326.6 ASK:326.8 MID:326.7 P1:326.7 P2:326.65 P3:326.65 P4:326.55 STATE:IDLE
[2026-05-11 15:34:36Z] CHK MOM:-0.03% RANGE:0.06% UP:13.33% SPREAD:0.03061849% BID:326.6 ASK:326.7 MID:326.65 P1:326.65 P2:326.7 P3:326.65 P4:326.65 STATE:IDLE
[2026-05-11 15:34:37Z] CHK MOM:-0.03% RANGE:0.06% UP:13.33% SPREAD:0.03061849% BID:326.6 ASK:326.7 MID:326.65 P1:326.65 P2:326.7 P3:326.65 P4:326.65 STATE:IDLE
[2026-05-11 15:34:37Z] CHK MOM:0% RANGE:0.04% UP:14.28% SPREAD:0.03061849% BID:326.6 ASK:326.7 MID:326.65 P1:326.65 P2:326.65 P3:326.7 P4:326.65 STATE:IDLE
[2026-05-11 15:34:38Z] CHK MOM:0% RANGE:0.04% UP:13.33% SPREAD:0.03061849% BID:326.6 ASK:326.7 MID:326.65 P1:326.65 P2:326.65 P3:326.65 P4:326.7 STATE:IDLE
[2026-05-11 15:34:38Z] CHK MOM:0% RANGE:0.04% UP:12.5% SPREAD:0.03061849% BID:326.6 ASK:326.7 MID:326.65 P1:326.65 P2:326.65 P3:326.65 P4:326.65 STATE:IDLE
[2026-05-11 15:34:39Z] CHK MOM:0% RANGE:0.04% UP:12.5% SPREAD:0.03061849% BID:326.6 ASK:326.7 MID:326.65 P1:326.65 P2:326.65 P3:326.65 P4:326.65 STATE:IDLE
[2026-05-11 15:34:40Z] CHK MOM:0% RANGE:0.04% UP:12.5% SPREAD:0.03061849% BID:326.6 ASK:326.7 MID:326.65 P1:326.65 P2:326.65 P3:326.65 P4:326.65 STATE:IDLE
[2026-05-11 15:34:40Z] CHK MOM:0.01% RANGE:0.04% UP:21.42% SPREAD:0.06123698% BID:326.6 ASK:326.8 MID:326.7 P1:326.7 P2:326.65 P3:326.65 P4:326.65 STATE:IDLE
[2026-05-11 15:34:41Z] CHK MOM:0.03% RANGE:0.06% UP:28.57% SPREAD:0.03060912% BID:326.7 ASK:326.8 MID:326.75 P1:326.75 P2:326.7 P3:326.65 P4:326.65 STATE:IDLE
[2026-05-11 15:34:41Z] CHK MOM:0.03% RANGE:0.06% UP:28.57% SPREAD:0.03060912% BID:326.7 ASK:326.8 MID:326.75 P1:326.75 P2:326.75 P3:326.7 P4:326.65 STATE:IDLE
[2026-05-11 15:34:42Z] CHK MOM:-0.01% RANGE:0.06% UP:28.57% SPREAD:0.06125574% BID:326.5 ASK:326.7 MID:326.6 P1:326.6 P2:326.75 P3:326.75 P4:326.7 STATE:IDLE
[2026-05-11 15:34:42Z] CHK MOM:0% RANGE:0.06% UP:33.33% SPREAD:0.03061849% BID:326.6 ASK:326.7 MID:326.65 P1:326.65 P2:326.6 P3:326.75 P4:326.75 STATE:IDLE
[2026-05-11 15:34:43Z] CHK MOM:0.03% RANGE:0.06% UP:33.33% SPREAD:0.03061849% BID:326.6 ASK:326.7 MID:326.65 P1:326.65 P2:326.65 P3:326.6 P4:326.75 STATE:IDLE
[2026-05-11 15:34:43Z] CHK MOM:0.03% RANGE:0.06% UP:33.33% SPREAD:0.03061849% BID:326.6 ASK:326.7 MID:326.65 P1:326.65 P2:326.65 P3:326.6 P4:326.75 STATE:IDLE
[2026-05-11 15:34:44Z] CHK MOM:0.03% RANGE:0.06% UP:33.33% SPREAD:0.03061849% BID:326.6 ASK:326.7 MID:326.65 P1:326.65 P2:326.65 P3:326.6 P4:326.75 STATE:IDLE
[2026-05-11 15:34:45Z] CHK MOM:0.03% RANGE:0.06% UP:31.25% SPREAD:0.03061849% BID:326.6 ASK:326.7 MID:326.65 P1:326.65 P2:326.65 P3:326.65 P4:326.6 STATE:IDLE
[2026-05-11 15:34:45Z] CHK MOM:0.03% RANGE:0.06% UP:31.25% SPREAD:0.03061849% BID:326.6 ASK:326.7 MID:326.65 P1:326.65 P2:326.65 P3:326.65 P4:326.65 STATE:IDLE
[2026-05-11 15:34:46Z] CHK MOM:0.03% RANGE:0.06% UP:31.25% SPREAD:0.03061849% BID:326.6 ASK:326.7 MID:326.65 P1:326.65 P2:326.65 P3:326.65 P4:326.65 STATE:IDLE
[2026-05-11 15:34:46Z] CHK MOM:0.03% RANGE:0.06% UP:31.25% SPREAD:0.03061849% BID:326.6 ASK:326.7 MID:326.65 P1:326.65 P2:326.65 P3:326.65 P4:326.65 STATE:IDLE
[2026-05-11 15:34:47Z] CHK MOM:0% RANGE:0.04% UP:25% SPREAD:0.03061849% BID:326.6 ASK:326.7 MID:326.65 P1:326.65 P2:326.65 P3:326.65 P4:326.65 STATE:IDLE
[2026-05-11 15:34:47Z] CHK MOM:-0.01% RANGE:0.04% UP:20% SPREAD:0.03061849% BID:326.6 ASK:326.7 MID:326.65 P1:326.65 P2:326.65 P3:326.65 P4:326.65 STATE:IDLE
[2026-05-11 15:34:48Z] CHK MOM:0.03% RANGE:0.04% UP:26.66% SPREAD:0.03060912% BID:326.7 ASK:326.8 MID:326.75 P1:326.75 P2:326.65 P3:326.65 P4:326.65 STATE:IDLE
[2026-05-11 15:34:48Z] CHK MOM:0% RANGE:0.04% UP:25% SPREAD:0.03061849% BID:326.6 ASK:326.7 MID:326.65 P1:326.65 P2:326.75 P3:326.65 P4:326.65 STATE:IDLE
[2026-05-11 15:34:49Z] CHK MOM:0% RANGE:0.04% UP:25% SPREAD:0.03061849% BID:326.6 ASK:326.7 MID:326.65 P1:326.65 P2:326.65 P3:326.75 P4:326.65 STATE:IDLE
[2026-05-11 15:34:49Z] CHK MOM:0% RANGE:0.04% UP:25% SPREAD:0.03061849% BID:326.6 ASK:326.7 MID:326.65 P1:326.65 P2:326.65 P3:326.65 P4:326.75 STATE:IDLE
[2026-05-11 15:34:50Z] CHK MOM:0% RANGE:0.04% UP:23.52% SPREAD:0.03061849% BID:326.6 ASK:326.7 MID:326.65 P1:326.65 P2:326.65 P3:326.65 P4:326.65 STATE:IDLE
[2026-05-11 15:34:51Z] CHK MOM:-0.01% RANGE:0.04% UP:18.75% SPREAD:0.03061849% BID:326.6 ASK:326.7 MID:326.65 P1:326.65 P2:326.65 P3:326.65 P4:326.65 STATE:IDLE
[2026-05-11 15:34:51Z] CHK MOM:-0.01% RANGE:0.04% UP:17.64% SPREAD:0.03061849% BID:326.6 ASK:326.7 MID:326.65 P1:326.65 P2:326.65 P3:326.65 P4:326.65 STATE:IDLE
[2026-05-11 15:34:52Z] CHK MOM:-0.01% RANGE:0.04% UP:17.64% SPREAD:0.03061849% BID:326.6 ASK:326.7 MID:326.65 P1:326.65 P2:326.65 P3:326.65 P4:326.65 STATE:IDLE
[2026-05-11 15:34:52Z] CHK MOM:-0.01% RANGE:0.04% UP:16.66% SPREAD:0.03061849% BID:326.6 ASK:326.7 MID:326.65 P1:326.65 P2:326.65 P3:326.65 P4:326.65 STATE:IDLE
[2026-05-11 15:34:53Z] CHK MOM:-0.01% RANGE:0.04% UP:16.66% SPREAD:0.03061849% BID:326.6 ASK:326.7 MID:326.65 P1:326.65 P2:326.65 P3:326.65 P4:326.65 STATE:IDLE
[2026-05-11 15:34:53Z] CHK MOM:-0.03% RANGE:0.04% UP:11.76% SPREAD:0.03061849% BID:326.6 ASK:326.7 MID:326.65 P1:326.65 P2:326.65 P3:326.65 P4:326.65 STATE:IDLE
[2026-05-11 15:34:54Z] CHK MOM:-0.03% RANGE:0.04% UP:11.76% SPREAD:0.03061849% BID:326.6 ASK:326.7 MID:326.65 P1:326.65 P2:326.65 P3:326.65 P4:326.65 STATE:IDLE
[2026-05-11 15:34:54Z] CHK MOM:0% RANGE:0.03% UP:6.25% SPREAD:0.03061849% BID:326.6 ASK:326.7 MID:326.65 P1:326.65 P2:326.65 P3:326.65 P4:326.65 STATE:IDLE
[2026-05-11 15:34:55Z] CHK MOM:0% RANGE:0.03% UP:6.25% SPREAD:0.03061849% BID:326.6 ASK:326.7 MID:326.65 P1:326.65 P2:326.65 P3:326.65 P4:326.65 STATE:IDLE
[2026-05-11 15:34:56Z] CHK MOM:0% RANGE:0.03% UP:6.25% SPREAD:0.03061849% BID:326.6 ASK:326.7 MID:326.65 P1:326.65 P2:326.65 P3:326.65 P4:326.65 STATE:IDLE
[2026-05-11 15:34:56Z] CHK MOM:0% RANGE:0.03% UP:6.25% SPREAD:0.03061849% BID:326.6 ASK:326.7 MID:326.65 P1:326.65 P2:326.65 P3:326.65 P4:326.65 STATE:IDLE
[2026-05-11 15:34:57Z] CHK MOM:0% RANGE:0.03% UP:6.25% SPREAD:0.03061849% BID:326.6 ASK:326.7 MID:326.65 P1:326.65 P2:326.65 P3:326.65 P4:326.65 STATE:IDLE
[2026-05-11 15:34:57Z] CHK MOM:0% RANGE:0.03% UP:6.25% SPREAD:0.03061849% BID:326.6 ASK:326.7 MID:326.65 P1:326.65 P2:326.65 P3:326.65 P4:326.65 STATE:IDLE
[2026-05-11 15:34:58Z] CHK MOM:0% RANGE:0.03% UP:6.25% SPREAD:0.03061849% BID:326.6 ASK:326.7 MID:326.65 P1:326.65 P2:326.65 P3:326.65 P4:326.65 STATE:IDLE
[2026-05-11 15:34:58Z] CHK MOM:0% RANGE:0.03% UP:6.25% SPREAD:0.03061849% BID:326.6 ASK:326.7 MID:326.65 P1:326.65 P2:326.65 P3:326.65 P4:326.65 STATE:IDLE
[2026-05-11 15:34:59Z] CHK MOM:0% RANGE:0.03% UP:6.25% SPREAD:0.03061849% BID:326.6 ASK:326.7 MID:326.65 P1:326.65 P2:326.65 P3:326.65 P4:326.65 STATE:IDLE
[2026-05-11 15:34:59Z] CHK MOM:0% RANGE:0.03% UP:6.25% SPREAD:0.03061849% BID:326.6 ASK:326.7 MID:326.65 P1:326.65 P2:326.65 P3:326.65 P4:326.65 STATE:IDLE
[2026-05-11 15:35:00Z] CHK MOM:-0.03% RANGE:0.03% UP:0% SPREAD:0.03061849% BID:326.6 ASK:326.7 MID:326.65 P1:326.65 P2:326.65 P3:326.65 P4:326.65 STATE:IDLE
[2026-05-11 15:35:00Z] CHK MOM:-0.06% RANGE:0.06% UP:0% SPREAD:0.03063725% BID:326.4 ASK:326.5 MID:326.45 P1:326.45 P2:326.65 P3:326.65 P4:326.65 STATE:IDLE
[2026-05-11 15:35:02Z] CHK MOM:-0.06% RANGE:0.06% UP:0% SPREAD:0.03063725% BID:326.4 ASK:326.5 MID:326.45 P1:326.45 P2:326.45 P3:326.65 P4:326.65 STATE:IDLE
[2026-05-11 15:35:02Z] CHK MOM:-0.06% RANGE:0.06% UP:0% SPREAD:0.03063725% BID:326.4 ASK:326.5 MID:326.45 P1:326.45 P2:326.45 P3:326.45 P4:326.65 STATE:IDLE
[2026-05-11 15:35:03Z] CHK MOM:-0.06% RANGE:0.06% UP:0% SPREAD:0.03063725% BID:326.4 ASK:326.5 MID:326.45 P1:326.45 P2:326.45 P3:326.45 P4:326.45 STATE:IDLE
[2026-05-11 17:34:47Z] SESSION_START symbol=TAOUSDC dry_run=0 profile=major strategy=momentum base_url=https://api.binance.com
[2026-05-11 17:34:47Z] TOXIC_MEMORY_LOADED count=4 symbols=GUNUSDC,JTOUSDC,ORDIUSDC,SAHARAUSDC
[2026-05-11 17:34:50Z] CHK MOM:0% RANGE:0% UP:0% SPREAD:0.03110419% BID:321.5 ASK:321.6 MID:321.55 P1:321.55 P2:NA P3:NA P4:NA STATE:IDLE
[2026-05-11 17:34:50Z] CHK MOM:0% RANGE:0% UP:0% SPREAD:0.03110419% BID:321.5 ASK:321.6 MID:321.55 P1:321.55 P2:321.55 P3:NA P4:NA STATE:IDLE
[2026-05-11 17:34:51Z] CHK MOM:-0.03% RANGE:0.03% UP:0% SPREAD:0.03111387% BID:321.4 ASK:321.5 MID:321.45 P1:321.45 P2:321.55 P3:321.55 P4:NA STATE:IDLE
[2026-05-11 17:34:51Z] CHK MOM:-0.03% RANGE:0.03% UP:0% SPREAD:0.03111387% BID:321.4 ASK:321.5 MID:321.45 P1:321.45 P2:321.45 P3:321.55 P4:321.55 STATE:IDLE
[2026-05-11 17:34:52Z] CHK MOM:0% RANGE:0.03% UP:25% SPREAD:0.03110419% BID:321.5 ASK:321.6 MID:321.55 P1:321.55 P2:321.45 P3:321.45 P4:321.55 STATE:IDLE
[2026-05-11 17:34:52Z] CHK MOM:-0.03% RANGE:0.03% UP:20% SPREAD:0.03111387% BID:321.4 ASK:321.5 MID:321.45 P1:321.45 P2:321.55 P3:321.45 P4:321.45 STATE:IDLE
[2026-05-11 17:34:53Z] CHK MOM:-0.03% RANGE:0.03% UP:20% SPREAD:0.03111387% BID:321.4 ASK:321.5 MID:321.45 P1:321.45 P2:321.55 P3:321.45 P4:321.45 STATE:IDLE
[2026-05-11 17:34:53Z] CHK MOM:0% RANGE:0.03% UP:33.33% SPREAD:0.03110419% BID:321.5 ASK:321.6 MID:321.55 P1:321.55 P2:321.45 P3:321.55 P4:321.45 STATE:IDLE
[2026-05-11 17:34:54Z] CHK MOM:0% RANGE:0.03% UP:33.33% SPREAD:0.03110419% BID:321.5 ASK:321.6 MID:321.55 P1:321.55 P2:321.45 P3:321.55 P4:321.45 STATE:IDLE
[2026-05-11 17:34:54Z] CHK MOM:0% RANGE:0.03% UP:28.57% SPREAD:0.03110419% BID:321.5 ASK:321.6 MID:321.55 P1:321.55 P2:321.55 P3:321.45 P4:321.55 STATE:IDLE
[2026-05-11 17:34:55Z] CHK MOM:-0.03% RANGE:0.03% UP:25% SPREAD:0.03111387% BID:321.4 ASK:321.5 MID:321.45 P1:321.45 P2:321.55 P3:321.55 P4:321.45 STATE:IDLE
[2026-05-11 17:34:56Z] CHK MOM:0% RANGE:0.03% UP:33.33% SPREAD:0.03110419% BID:321.5 ASK:321.6 MID:321.55 P1:321.55 P2:321.45 P3:321.55 P4:321.55 STATE:IDLE
[2026-05-11 17:34:56Z] CHK MOM:0% RANGE:0.03% UP:33.33% SPREAD:0.03110419% BID:321.5 ASK:321.6 MID:321.55 P1:321.55 P2:321.45 P3:321.55 P4:321.55 STATE:IDLE
[2026-05-11 17:34:57Z] CHK MOM:-0.03% RANGE:0.03% UP:30% SPREAD:0.03111387% BID:321.4 ASK:321.5 MID:321.45 P1:321.45 P2:321.55 P3:321.45 P4:321.55 STATE:IDLE
[2026-05-11 17:34:57Z] CHK MOM:0% RANGE:0.03% UP:36.36% SPREAD:0.03110419% BID:321.5 ASK:321.6 MID:321.55 P1:321.55 P2:321.45 P3:321.55 P4:321.45 STATE:IDLE
[2026-05-11 17:34:58Z] CHK MOM:0% RANGE:0.03% UP:36.36% SPREAD:0.03110419% BID:321.5 ASK:321.6 MID:321.55 P1:321.55 P2:321.45 P3:321.55 P4:321.45 STATE:IDLE
[2026-05-11 17:34:58Z] CHK MOM:0% RANGE:0.03% UP:36.36% SPREAD:0.03110419% BID:321.5 ASK:321.6 MID:321.55 P1:321.55 P2:321.45 P3:321.55 P4:321.45 STATE:IDLE
[2026-05-11 17:34:59Z] CHK MOM:0% RANGE:0.03% UP:36.36% SPREAD:0.03110419% BID:321.5 ASK:321.6 MID:321.55 P1:321.55 P2:321.45 P3:321.55 P4:321.45 STATE:IDLE
[2026-05-11 17:34:59Z] CHK MOM:0% RANGE:0.03% UP:36.36% SPREAD:0.03110419% BID:321.5 ASK:321.6 MID:321.55 P1:321.55 P2:321.45 P3:321.55 P4:321.45 STATE:IDLE
[2026-05-11 17:35:00Z] CHK MOM:0% RANGE:0.03% UP:36.36% SPREAD:0.03110419% BID:321.5 ASK:321.6 MID:321.55 P1:321.55 P2:321.45 P3:321.55 P4:321.45 STATE:IDLE
[2026-05-11 17:35:02Z] CHK MOM:0% RANGE:0.03% UP:33.33% SPREAD:0.03110419% BID:321.5 ASK:321.6 MID:321.55 P1:321.55 P2:321.55 P3:321.45 P4:321.55 STATE:IDLE
[2026-05-11 17:35:02Z] CHK MOM:0% RANGE:0.03% UP:33.33% SPREAD:0.03110419% BID:321.5 ASK:321.6 MID:321.55 P1:321.55 P2:321.55 P3:321.55 P4:321.45 STATE:IDLE
[2026-05-11 17:35:03Z] CHK MOM:0.06% RANGE:0.06% UP:41.66% SPREAD:0.03109452% BID:321.6 ASK:321.7 MID:321.65 P1:321.65 P2:321.55 P3:321.55 P4:321.55 STATE:IDLE
[2026-05-11 17:35:03Z] CHK MOM:0.03% RANGE:0.06% UP:41.66% SPREAD:0.03110419% BID:321.5 ASK:321.6 MID:321.55 P1:321.55 P2:321.65 P3:321.55 P4:321.55 STATE:IDLE
[2026-05-11 17:35:04Z] CHK MOM:-0.03% RANGE:0.06% UP:33.33% SPREAD:0.03111387% BID:321.4 ASK:321.5 MID:321.45 P1:321.45 P2:321.55 P3:321.65 P4:321.55 STATE:IDLE
[2026-05-11 17:35:04Z] CHK MOM:-0.03% RANGE:0.06% UP:33.33% SPREAD:0.03111387% BID:321.4 ASK:321.5 MID:321.45 P1:321.45 P2:321.55 P3:321.65 P4:321.55 STATE:IDLE
[2026-05-11 17:35:05Z] CHK MOM:-0.03% RANGE:0.06% UP:27.27% SPREAD:0.03111387% BID:321.4 ASK:321.5 MID:321.45 P1:321.45 P2:321.45 P3:321.55 P4:321.65 STATE:IDLE
[2026-05-11 17:35:05Z] CHK MOM:-0.03% RANGE:0.06% UP:27.27% SPREAD:0.03111387% BID:321.4 ASK:321.5 MID:321.45 P1:321.45 P2:321.45 P3:321.55 P4:321.65 STATE:IDLE
[2026-05-11 17:35:06Z] CHK MOM:-0.03% RANGE:0.06% UP:27.27% SPREAD:0.03111387% BID:321.4 ASK:321.5 MID:321.45 P1:321.45 P2:321.45 P3:321.55 P4:321.65 STATE:IDLE
[2026-05-11 17:35:06Z] CHK MOM:-0.03% RANGE:0.06% UP:27.27% SPREAD:0.03111387% BID:321.4 ASK:321.5 MID:321.45 P1:321.45 P2:321.45 P3:321.55 P4:321.65 STATE:IDLE
[2026-05-11 17:35:07Z] CHK MOM:-0.03% RANGE:0.06% UP:22.22% SPREAD:0.03111387% BID:321.4 ASK:321.5 MID:321.45 P1:321.45 P2:321.45 P3:321.45 P4:321.55 STATE:IDLE
[2026-05-11 17:35:08Z] CHK MOM:-0.03% RANGE:0.06% UP:20% SPREAD:0.03111387% BID:321.4 ASK:321.5 MID:321.45 P1:321.45 P2:321.45 P3:321.45 P4:321.45 STATE:IDLE
[2026-05-11 17:35:08Z] CHK MOM:-0.03% RANGE:0.06% UP:20% SPREAD:0.03111387% BID:321.4 ASK:321.5 MID:321.45 P1:321.45 P2:321.45 P3:321.45 P4:321.45 STATE:IDLE
[2026-05-11 17:35:09Z] CHK MOM:-0.03% RANGE:0.06% UP:20% SPREAD:0.03111387% BID:321.4 ASK:321.5 MID:321.45 P1:321.45 P2:321.45 P3:321.45 P4:321.45 STATE:IDLE
[2026-05-11 17:35:09Z] CHK MOM:-0.03% RANGE:0.06% UP:20% SPREAD:0.03111387% BID:321.4 ASK:321.5 MID:321.45 P1:321.45 P2:321.45 P3:321.45 P4:321.45 STATE:IDLE
[2026-05-11 17:35:10Z] CHK MOM:-0.03% RANGE:0.06% UP:12.5% SPREAD:0.03111387% BID:321.4 ASK:321.5 MID:321.45 P1:321.45 P2:321.45 P3:321.45 P4:321.45 STATE:IDLE
[2026-05-11 17:35:10Z] CHK MOM:-0.03% RANGE:0.06% UP:11.11% SPREAD:0.03111387% BID:321.4 ASK:321.5 MID:321.45 P1:321.45 P2:321.45 P3:321.45 P4:321.45 STATE:IDLE
[2026-05-11 17:35:11Z] CHK MOM:-0.03% RANGE:0.06% UP:11.11% SPREAD:0.03111387% BID:321.4 ASK:321.5 MID:321.45 P1:321.45 P2:321.45 P3:321.45 P4:321.45 STATE:IDLE
[2026-05-11 17:35:11Z] CHK MOM:-0.03% RANGE:0.06% UP:11.11% SPREAD:0.03111387% BID:321.4 ASK:321.5 MID:321.45 P1:321.45 P2:321.45 P3:321.45 P4:321.45 STATE:IDLE
[2026-05-11 17:35:12Z] CHK MOM:-0.03% RANGE:0.06% UP:10% SPREAD:0.03111387% BID:321.4 ASK:321.5 MID:321.45 P1:321.45 P2:321.45 P3:321.45 P4:321.45 STATE:IDLE
[2026-05-11 17:35:13Z] CHK MOM:-0.03% RANGE:0.06% UP:10% SPREAD:0.03111387% BID:321.4 ASK:321.5 MID:321.45 P1:321.45 P2:321.45 P3:321.45 P4:321.45 STATE:IDLE
[2026-05-11 17:35:13Z] CHK MOM:-0.03% RANGE:0.06% UP:10% SPREAD:0.03111387% BID:321.4 ASK:321.5 MID:321.45 P1:321.45 P2:321.45 P3:321.45 P4:321.45 STATE:IDLE
[2026-05-11 17:35:14Z] CHK MOM:-0.03% RANGE:0.06% UP:10% SPREAD:0.03111387% BID:321.4 ASK:321.5 MID:321.45 P1:321.45 P2:321.45 P3:321.45 P4:321.45 STATE:IDLE
[2026-05-11 17:35:14Z] CHK MOM:-0.03% RANGE:0.06% UP:10% SPREAD:0.03111387% BID:321.4 ASK:321.5 MID:321.45 P1:321.45 P2:321.45 P3:321.45 P4:321.45 STATE:IDLE
[2026-05-11 17:35:15Z] CHK MOM:-0.03% RANGE:0.06% UP:10% SPREAD:0.03111387% BID:321.4 ASK:321.5 MID:321.45 P1:321.45 P2:321.45 P3:321.45 P4:321.45 STATE:IDLE
[2026-05-11 17:35:15Z] CHK MOM:-0.03% RANGE:0.03% UP:0% SPREAD:0.03111387% BID:321.4 ASK:321.5 MID:321.45 P1:321.45 P2:321.45 P3:321.45 P4:321.45 STATE:IDLE
[2026-05-11 17:35:16Z] CHK MOM:-0.03% RANGE:0.03% UP:0% SPREAD:0.03111387% BID:321.4 ASK:321.5 MID:321.45 P1:321.45 P2:321.45 P3:321.45 P4:321.45 STATE:IDLE
[2026-05-11 17:35:16Z] CHK MOM:-0.03% RANGE:0.03% UP:0% SPREAD:0.03111387% BID:321.4 ASK:321.5 MID:321.45 P1:321.45 P2:321.45 P3:321.45 P4:321.45 STATE:IDLE
[2026-05-11 17:35:17Z] CHK MOM:-0.03% RANGE:0.03% UP:0% SPREAD:0.03111387% BID:321.4 ASK:321.5 MID:321.45 P1:321.45 P2:321.45 P3:321.45 P4:321.45 STATE:IDLE
[2026-05-11 17:35:17Z] CHK MOM:-0.03% RANGE:0.03% UP:0% SPREAD:0.03111387% BID:321.4 ASK:321.5 MID:321.45 P1:321.45 P2:321.45 P3:321.45 P4:321.45 STATE:IDLE
[2026-05-11 17:35:18Z] CHK MOM:-0.03% RANGE:0.03% UP:0% SPREAD:0.03111387% BID:321.4 ASK:321.5 MID:321.45 P1:321.45 P2:321.45 P3:321.45 P4:321.45 STATE:IDLE
[2026-05-11 17:35:19Z] CHK MOM:0% RANGE:0% UP:0% SPREAD:0.03111387% BID:321.4 ASK:321.5 MID:321.45 P1:321.45 P2:321.45 P3:321.45 P4:321.45 STATE:IDLE
[2026-05-11 17:35:20Z] CHK MOM:0% RANGE:0% UP:0% SPREAD:0.03111387% BID:321.4 ASK:321.5 MID:321.45 P1:321.45 P2:321.45 P3:321.45 P4:321.45 STATE:IDLE
[2026-05-11 17:35:20Z] CHK MOM:0% RANGE:0% UP:0% SPREAD:0.03111387% BID:321.4 ASK:321.5 MID:321.45 P1:321.45 P2:321.45 P3:321.45 P4:321.45 STATE:IDLE
[2026-05-11 17:35:21Z] CHK MOM:0% RANGE:0% UP:0% SPREAD:0.03111387% BID:321.4 ASK:321.5 MID:321.45 P1:321.45 P2:321.45 P3:321.45 P4:321.45 STATE:IDLE
[2026-05-11 17:35:21Z] CHK MOM:0% RANGE:0% UP:0% SPREAD:0.03111387% BID:321.4 ASK:321.5 MID:321.45 P1:321.45 P2:321.45 P3:321.45 P4:321.45 STATE:IDLE
[2026-05-11 17:35:22Z] CHK MOM:0% RANGE:0% UP:0% SPREAD:0.03111387% BID:321.4 ASK:321.5 MID:321.45 P1:321.45 P2:321.45 P3:321.45 P4:321.45 STATE:IDLE
[2026-05-11 17:35:22Z] CHK MOM:0% RANGE:0% UP:0% SPREAD:0.03111387% BID:321.4 ASK:321.5 MID:321.45 P1:321.45 P2:321.45 P3:321.45 P4:321.45 STATE:IDLE
[2026-05-11 17:35:23Z] CHK MOM:0% RANGE:0% UP:0% SPREAD:0.03111387% BID:321.4 ASK:321.5 MID:321.45 P1:321.45 P2:321.45 P3:321.45 P4:321.45 STATE:IDLE
[2026-05-11 17:35:24Z] CHK MOM:0% RANGE:0% UP:0% SPREAD:0.03111387% BID:321.4 ASK:321.5 MID:321.45 P1:321.45 P2:321.45 P3:321.45 P4:321.45 STATE:IDLE
[2026-05-11 17:35:24Z] CHK MOM:0% RANGE:0% UP:0% SPREAD:0.03111387% BID:321.4 ASK:321.5 MID:321.45 P1:321.45 P2:321.45 P3:321.45 P4:321.45 STATE:IDLE
[2026-05-11 17:35:25Z] CHK MOM:0% RANGE:0% UP:0% SPREAD:0.03111387% BID:321.4 ASK:321.5 MID:321.45 P1:321.45 P2:321.45 P3:321.45 P4:321.45 STATE:IDLE
[2026-05-11 17:35:26Z] CHK MOM:0% RANGE:0% UP:0% SPREAD:0.03111387% BID:321.4 ASK:321.5 MID:321.45 P1:321.45 P2:321.45 P3:321.45 P4:321.45 STATE:IDLE
[2026-05-11 17:35:27Z] CHK MOM:0% RANGE:0% UP:0% SPREAD:0.03111387% BID:321.4 ASK:321.5 MID:321.45 P1:321.45 P2:321.45 P3:321.45 P4:321.45 STATE:IDLE
[2026-05-11 17:35:27Z] CHK MOM:0% RANGE:0% UP:0% SPREAD:0.03111387% BID:321.4 ASK:321.5 MID:321.45 P1:321.45 P2:321.45 P3:321.45 P4:321.45 STATE:IDLE
[2026-05-11 17:35:28Z] CHK MOM:0% RANGE:0% UP:0% SPREAD:0.03111387% BID:321.4 ASK:321.5 MID:321.45 P1:321.45 P2:321.45 P3:321.45 P4:321.45 STATE:IDLE
[2026-05-11 17:35:28Z] CHK MOM:0% RANGE:0% UP:0% SPREAD:0.03111387% BID:321.4 ASK:321.5 MID:321.45 P1:321.45 P2:321.45 P3:321.45 P4:321.45 STATE:IDLE
[2026-05-11 17:35:29Z] CHK MOM:0% RANGE:0% UP:0% SPREAD:0.03111387% BID:321.4 ASK:321.5 MID:321.45 P1:321.45 P2:321.45 P3:321.45 P4:321.45 STATE:IDLE
[2026-05-11 17:35:30Z] CHK MOM:0% RANGE:0% UP:0% SPREAD:0.03111387% BID:321.4 ASK:321.5 MID:321.45 P1:321.45 P2:321.45 P3:321.45 P4:321.45 STATE:IDLE
[2026-05-11 17:35:30Z] CHK MOM:-0.01% RANGE:0.01% UP:0% SPREAD:0.06224712% BID:321.3 ASK:321.5 MID:321.4 P1:321.4 P2:321.45 P3:321.45 P4:321.45 STATE:IDLE
[2026-05-11 17:35:31Z] CHK MOM:-0.01% RANGE:0.01% UP:0% SPREAD:0.06224712% BID:321.3 ASK:321.5 MID:321.4 P1:321.4 P2:321.4 P3:321.45 P4:321.45 STATE:IDLE
[2026-05-11 17:35:31Z] CHK MOM:-0.01% RANGE:0.01% UP:0% SPREAD:0.06224712% BID:321.3 ASK:321.5 MID:321.4 P1:321.4 P2:321.4 P3:321.45 P4:321.45 STATE:IDLE
[2026-05-11 17:35:32Z] CHK MOM:-0.01% RANGE:0.01% UP:0% SPREAD:0.06224712% BID:321.3 ASK:321.5 MID:321.4 P1:321.4 P2:321.4 P3:321.45 P4:321.45 STATE:IDLE
[2026-05-11 17:35:32Z] CHK MOM:-0.01% RANGE:0.01% UP:0% SPREAD:0.06224712% BID:321.3 ASK:321.5 MID:321.4 P1:321.4 P2:321.4 P3:321.45 P4:321.45 STATE:IDLE
[2026-05-11 17:35:33Z] CHK MOM:-0.01% RANGE:0.01% UP:0% SPREAD:0.06224712% BID:321.3 ASK:321.5 MID:321.4 P1:321.4 P2:321.4 P3:321.45 P4:321.45 STATE:IDLE
[2026-05-11 17:35:33Z] CHK MOM:-0.01% RANGE:0.01% UP:0% SPREAD:0.06224712% BID:321.3 ASK:321.5 MID:321.4 P1:321.4 P2:321.4 P3:321.45 P4:321.45 STATE:IDLE
[2026-05-11 17:35:37Z] CHK MOM:0% RANGE:0.01% UP:25% SPREAD:0.03111387% BID:321.4 ASK:321.5 MID:321.45 P1:321.45 P2:321.4 P3:321.4 P4:321.45 STATE:IDLE
[2026-05-11 17:35:38Z] CHK MOM:0% RANGE:0.01% UP:20% SPREAD:0.03111387% BID:321.4 ASK:321.5 MID:321.45 P1:321.45 P2:321.45 P3:321.4 P4:321.4 STATE:IDLE
[2026-05-11 17:35:38Z] CHK MOM:0% RANGE:0.01% UP:20% SPREAD:0.03111387% BID:321.4 ASK:321.5 MID:321.45 P1:321.45 P2:321.45 P3:321.4 P4:321.4 STATE:IDLE
[2026-05-11 17:35:39Z] CHK MOM:0% RANGE:0.01% UP:20% SPREAD:0.03111387% BID:321.4 ASK:321.5 MID:321.45 P1:321.45 P2:321.45 P3:321.4 P4:321.4 STATE:IDLE
[2026-05-11 17:35:39Z] CHK MOM:0% RANGE:0.01% UP:20% SPREAD:0.03111387% BID:321.4 ASK:321.5 MID:321.45 P1:321.45 P2:321.45 P3:321.45 P4:321.4 STATE:IDLE
[2026-05-11 17:35:40Z] CHK MOM:0% RANGE:0.01% UP:20% SPREAD:0.03111387% BID:321.4 ASK:321.5 MID:321.45 P1:321.45 P2:321.45 P3:321.45 P4:321.4 STATE:IDLE
[2026-05-11 17:35:40Z] CHK MOM:0% RANGE:0.01% UP:20% SPREAD:0.03111387% BID:321.4 ASK:321.5 MID:321.45 P1:321.45 P2:321.45 P3:321.45 P4:321.4 STATE:IDLE
[2026-05-11 17:35:41Z] CHK MOM:-0.01% RANGE:0.01% UP:16.66% SPREAD:0.06224712% BID:321.3 ASK:321.5 MID:321.4 P1:321.4 P2:321.45 P3:321.45 P4:321.45 STATE:IDLE
[2026-05-11 17:35:41Z] CHK MOM:-0.01% RANGE:0.01% UP:16.66% SPREAD:0.06224712% BID:321.3 ASK:321.5 MID:321.4 P1:321.4 P2:321.45 P3:321.45 P4:321.45 STATE:IDLE
[2026-05-11 17:35:42Z] CHK MOM:-0.01% RANGE:0.01% UP:14.28% SPREAD:0.06224712% BID:321.3 ASK:321.5 MID:321.4 P1:321.4 P2:321.4 P3:321.45 P4:321.45 STATE:IDLE
[2026-05-11 17:35:43Z] CHK MOM:-0.01% RANGE:0.01% UP:14.28% SPREAD:0.06224712% BID:321.3 ASK:321.5 MID:321.4 P1:321.4 P2:321.4 P3:321.45 P4:321.45 STATE:IDLE
[2026-05-11 17:35:43Z] CHK MOM:-0.01% RANGE:0.01% UP:14.28% SPREAD:0.06224712% BID:321.3 ASK:321.5 MID:321.4 P1:321.4 P2:321.4 P3:321.45 P4:321.45 STATE:IDLE
[2026-05-11 17:35:44Z] CHK MOM:-0.01% RANGE:0.01% UP:14.28% SPREAD:0.06224712% BID:321.3 ASK:321.5 MID:321.4 P1:321.4 P2:321.4 P3:321.45 P4:321.45 STATE:IDLE
[2026-05-11 17:35:44Z] CHK MOM:0% RANGE:0.01% UP:20% SPREAD:0.03111387% BID:321.4 ASK:321.5 MID:321.45 P1:321.45 P2:321.4 P3:321.4 P4:321.45 STATE:IDLE
[2026-05-11 17:35:45Z] CHK MOM:0% RANGE:0.01% UP:20% SPREAD:0.03111387% BID:321.4 ASK:321.5 MID:321.45 P1:321.45 P2:321.4 P3:321.4 P4:321.45 STATE:IDLE
[2026-05-11 17:35:45Z] CHK MOM:0% RANGE:0.01% UP:20% SPREAD:0.03111387% BID:321.4 ASK:321.5 MID:321.45 P1:321.45 P2:321.4 P3:321.4 P4:321.45 STATE:IDLE
[2026-05-11 17:35:46Z] CHK MOM:0% RANGE:0.01% UP:20% SPREAD:0.03111387% BID:321.4 ASK:321.5 MID:321.45 P1:321.45 P2:321.4 P3:321.4 P4:321.45 STATE:IDLE
[2026-05-11 17:35:46Z] CHK MOM:0% RANGE:0.01% UP:16.66% SPREAD:0.03111387% BID:321.4 ASK:321.5 MID:321.45 P1:321.45 P2:321.45 P3:321.4 P4:321.4 STATE:IDLE
[2026-05-11 17:35:47Z] CHK MOM:0.03% RANGE:0.04% UP:28.57% SPREAD:0.03110419% BID:321.5 ASK:321.6 MID:321.55 P1:321.55 P2:321.45 P3:321.45 P4:321.4 STATE:IDLE
[2026-05-11 17:35:48Z] CHK MOM:0.03% RANGE:0.04% UP:25% SPREAD:0.03110419% BID:321.5 ASK:321.6 MID:321.55 P1:321.55 P2:321.55 P3:321.45 P4:321.45 STATE:IDLE
[2026-05-11 17:35:48Z] CHK MOM:0.03% RANGE:0.04% UP:22.22% SPREAD:0.03110419% BID:321.5 ASK:321.6 MID:321.55 P1:321.55 P2:321.55 P3:321.55 P4:321.45 STATE:IDLE
[2026-05-11 17:35:49Z] CHK MOM:0.03% RANGE:0.04% UP:22.22% SPREAD:0.03110419% BID:321.5 ASK:321.6 MID:321.55 P1:321.55 P2:321.55 P3:321.55 P4:321.45 STATE:IDLE
[2026-05-11 17:35:49Z] CHK MOM:0.03% RANGE:0.04% UP:22.22% SPREAD:0.03110419% BID:321.5 ASK:321.6 MID:321.55 P1:321.55 P2:321.55 P3:321.55 P4:321.45 STATE:IDLE
[2026-05-11 17:35:50Z] CHK MOM:0.03% RANGE:0.04% UP:25% SPREAD:0.03110419% BID:321.5 ASK:321.6 MID:321.55 P1:321.55 P2:321.55 P3:321.55 P4:321.55 STATE:IDLE
[2026-05-11 17:35:50Z] CHK MOM:0.01% RANGE:0.04% UP:22.22% SPREAD:0.06222775% BID:321.4 ASK:321.6 MID:321.5 P1:321.5 P2:321.55 P3:321.55 P4:321.55 STATE:IDLE
[2026-05-11 17:35:51Z] CHK MOM:0.01% RANGE:0.04% UP:22.22% SPREAD:0.06222775% BID:321.4 ASK:321.6 MID:321.5 P1:321.5 P2:321.55 P3:321.55 P4:321.55 STATE:IDLE
[2026-05-11 17:35:51Z] CHK MOM:0.03% RANGE:0.04% UP:30% SPREAD:0.03110419% BID:321.5 ASK:321.6 MID:321.55 P1:321.55 P2:321.5 P3:321.55 P4:321.55 STATE:IDLE
[2026-05-11 17:35:52Z] CHK MOM:0.03% RANGE:0.04% UP:30% SPREAD:0.03110419% BID:321.5 ASK:321.6 MID:321.55 P1:321.55 P2:321.5 P3:321.55 P4:321.55 STATE:IDLE
[2026-05-11 17:35:52Z] CHK MOM:0.04% RANGE:0.04% UP:30% SPREAD:0.03110419% BID:321.5 ASK:321.6 MID:321.55 P1:321.55 P2:321.55 P3:321.5 P4:321.55 STATE:IDLE
[2026-05-11 17:35:53Z] CHK MOM:0.03% RANGE:0.04% UP:27.27% SPREAD:0.06222775% BID:321.4 ASK:321.6 MID:321.5 P1:321.5 P2:321.55 P3:321.55 P4:321.5 STATE:IDLE
[2026-05-11 17:35:54Z] CHK MOM:0.03% RANGE:0.04% UP:27.27% SPREAD:0.06222775% BID:321.4 ASK:321.6 MID:321.5 P1:321.5 P2:321.55 P3:321.55 P4:321.5 STATE:IDLE
[2026-05-11 17:35:54Z] CHK MOM:0.03% RANGE:0.04% UP:27.27% SPREAD:0.06222775% BID:321.4 ASK:321.6 MID:321.5 P1:321.5 P2:321.55 P3:321.55 P4:321.5 STATE:IDLE
[2026-05-11 17:35:55Z] CHK MOM:0.03% RANGE:0.04% UP:27.27% SPREAD:0.06222775% BID:321.4 ASK:321.6 MID:321.5 P1:321.5 P2:321.55 P3:321.55 P4:321.5 STATE:IDLE
[2026-05-11 17:35:55Z] CHK MOM:0% RANGE:0.03% UP:20% SPREAD:0.03111387% BID:321.4 ASK:321.5 MID:321.45 P1:321.45 P2:321.5 P3:321.55 P4:321.55 STATE:IDLE
[2026-05-11 17:35:56Z] CHK MOM:0% RANGE:0.03% UP:18.18% SPREAD:0.03111387% BID:321.4 ASK:321.5 MID:321.45 P1:321.45 P2:321.45 P3:321.5 P4:321.55 STATE:IDLE
[2026-05-11 17:35:56Z] CHK MOM:0% RANGE:0.03% UP:18.18% SPREAD:0.03111387% BID:321.4 ASK:321.5 MID:321.45 P1:321.45 P2:321.45 P3:321.45 P4:321.5 STATE:IDLE
[2026-05-11 17:35:57Z] CHK MOM:0% RANGE:0.03% UP:18.18% SPREAD:0.03111387% BID:321.4 ASK:321.5 MID:321.45 P1:321.45 P2:321.45 P3:321.45 P4:321.5 STATE:IDLE
[2026-05-11 17:35:57Z] CHK MOM:0% RANGE:0.03% UP:18.18% SPREAD:0.03111387% BID:321.4 ASK:321.5 MID:321.45 P1:321.45 P2:321.45 P3:321.45 P4:321.5 STATE:IDLE
[2026-05-11 17:35:58Z] CHK MOM:0% RANGE:0.03% UP:18.18% SPREAD:0.03111387% BID:321.4 ASK:321.5 MID:321.45 P1:321.45 P2:321.45 P3:321.45 P4:321.5 STATE:IDLE
[2026-05-11 17:35:59Z] CHK MOM:-0.03% RANGE:0.03% UP:10% SPREAD:0.03111387% BID:321.4 ASK:321.5 MID:321.45 P1:321.45 P2:321.45 P3:321.45 P4:321.45 STATE:IDLE
[2026-05-11 17:35:59Z] CHK MOM:-0.03% RANGE:0.03% UP:10% SPREAD:0.03111387% BID:321.4 ASK:321.5 MID:321.45 P1:321.45 P2:321.45 P3:321.45 P4:321.45 STATE:IDLE
[2026-05-11 17:36:00Z] CHK MOM:-0.03% RANGE:0.03% UP:10% SPREAD:0.03111387% BID:321.4 ASK:321.5 MID:321.45 P1:321.45 P2:321.45 P3:321.45 P4:321.45 STATE:IDLE
[2026-05-11 17:36:00Z] CHK MOM:-0.03% RANGE:0.03% UP:10% SPREAD:0.03111387% BID:321.4 ASK:321.5 MID:321.45 P1:321.45 P2:321.45 P3:321.45 P4:321.45 STATE:IDLE
[2026-05-11 17:36:01Z] CHK MOM:-0.03% RANGE:0.03% UP:10% SPREAD:0.03111387% BID:321.4 ASK:321.5 MID:321.45 P1:321.45 P2:321.45 P3:321.45 P4:321.45 STATE:IDLE
[2026-05-11 17:36:01Z] CHK MOM:-0.03% RANGE:0.03% UP:10% SPREAD:0.03111387% BID:321.4 ASK:321.5 MID:321.45 P1:321.45 P2:321.45 P3:321.45 P4:321.45 STATE:IDLE
[2026-05-11 17:36:03Z] CHK MOM:-0.03% RANGE:0.03% UP:0% SPREAD:0.03111387% BID:321.4 ASK:321.5 MID:321.45 P1:321.45 P2:321.45 P3:321.45 P4:321.45 STATE:IDLE
[2026-05-11 17:36:04Z] CHK MOM:-0.03% RANGE:0.03% UP:0% SPREAD:0.03111387% BID:321.4 ASK:321.5 MID:321.45 P1:321.45 P2:321.45 P3:321.45 P4:321.45 STATE:IDLE
[2026-05-11 17:36:04Z] CHK MOM:-0.03% RANGE:0.03% UP:0% SPREAD:0.03111387% BID:321.4 ASK:321.5 MID:321.45 P1:321.45 P2:321.45 P3:321.45 P4:321.45 STATE:IDLE
[2026-05-11 17:36:05Z] CHK MOM:0% RANGE:0% UP:0% SPREAD:0.03111387% BID:321.4 ASK:321.5 MID:321.45 P1:321.45 P2:321.45 P3:321.45 P4:321.45 STATE:IDLE
[2026-05-11 17:36:05Z] CHK MOM:0% RANGE:0% UP:0% SPREAD:0.03111387% BID:321.4 ASK:321.5 MID:321.45 P1:321.45 P2:321.45 P3:321.45 P4:321.45 STATE:IDLE
[2026-05-11 17:36:06Z] CHK MOM:0% RANGE:0% UP:0% SPREAD:0.03111387% BID:321.4 ASK:321.5 MID:321.45 P1:321.45 P2:321.45 P3:321.45 P4:321.45 STATE:IDLE
[2026-05-11 17:36:06Z] CHK MOM:0% RANGE:0% UP:0% SPREAD:0.03111387% BID:321.4 ASK:321.5 MID:321.45 P1:321.45 P2:321.45 P3:321.45 P4:321.45 STATE:IDLE
[2026-05-11 17:36:07Z] CHK MOM:0% RANGE:0% UP:0% SPREAD:0.03111387% BID:321.4 ASK:321.5 MID:321.45 P1:321.45 P2:321.45 P3:321.45 P4:321.45 STATE:IDLE
[2026-05-11 17:36:07Z] CHK MOM:0% RANGE:0% UP:0% SPREAD:0.03111387% BID:321.4 ASK:321.5 MID:321.45 P1:321.45 P2:321.45 P3:321.45 P4:321.45 STATE:IDLE
[2026-05-11 17:36:08Z] CHK MOM:-0.01% RANGE:0.01% UP:0% SPREAD:0.06224712% BID:321.3 ASK:321.5 MID:321.4 P1:321.4 P2:321.45 P3:321.45 P4:321.45 STATE:IDLE
[2026-05-11 17:36:08Z] CHK MOM:0% RANGE:0.01% UP:14.28% SPREAD:0.03111387% BID:321.4 ASK:321.5 MID:321.45 P1:321.45 P2:321.4 P3:321.45 P4:321.45 STATE:IDLE
[2026-05-11 17:36:09Z] CHK MOM:0% RANGE:0.01% UP:14.28% SPREAD:0.03111387% BID:321.4 ASK:321.5 MID:321.45 P1:321.45 P2:321.4 P3:321.45 P4:321.45 STATE:IDLE
[2026-05-11 17:36:10Z] CHK MOM:0% RANGE:0.01% UP:14.28% SPREAD:0.03111387% BID:321.4 ASK:321.5 MID:321.45 P1:321.45 P2:321.4 P3:321.45 P4:321.45 STATE:IDLE
[2026-05-11 17:36:10Z] CHK MOM:0% RANGE:0.01% UP:14.28% SPREAD:0.03111387% BID:321.4 ASK:321.5 MID:321.45 P1:321.45 P2:321.4 P3:321.45 P4:321.45 STATE:IDLE
[2026-05-11 17:36:11Z] CHK MOM:0% RANGE:0.01% UP:14.28% SPREAD:0.03111387% BID:321.4 ASK:321.5 MID:321.45 P1:321.45 P2:321.4 P3:321.45 P4:321.45 STATE:IDLE
[2026-05-11 17:36:11Z] CHK MOM:0% RANGE:0.01% UP:16.66% SPREAD:0.03111387% BID:321.4 ASK:321.5 MID:321.45 P1:321.45 P2:321.45 P3:321.4 P4:321.45 STATE:IDLE
[2026-05-11 17:36:12Z] CHK MOM:0% RANGE:0.01% UP:16.66% SPREAD:0.03111387% BID:321.4 ASK:321.5 MID:321.45 P1:321.45 P2:321.45 P3:321.4 P4:321.45 STATE:IDLE
[2026-05-11 17:36:12Z] CHK MOM:0% RANGE:0.01% UP:16.66% SPREAD:0.03111387% BID:321.4 ASK:321.5 MID:321.45 P1:321.45 P2:321.45 P3:321.4 P4:321.45 STATE:IDLE
[2026-05-11 17:36:13Z] CHK MOM:0% RANGE:0.01% UP:16.66% SPREAD:0.03111387% BID:321.4 ASK:321.5 MID:321.45 P1:321.45 P2:321.45 P3:321.4 P4:321.45 STATE:IDLE
[2026-05-11 17:36:13Z] CHK MOM:0% RANGE:0.01% UP:14.28% SPREAD:0.03111387% BID:321.4 ASK:321.5 MID:321.45 P1:321.45 P2:321.45 P3:321.45 P4:321.4 STATE:IDLE
[2026-05-11 17:36:14Z] CHK MOM:0% RANGE:0.01% UP:12.5% SPREAD:0.03111387% BID:321.4 ASK:321.5 MID:321.45 P1:321.45 P2:321.45 P3:321.45 P4:321.45 STATE:IDLE
[2026-05-11 17:36:15Z] CHK MOM:0% RANGE:0.01% UP:12.5% SPREAD:0.03111387% BID:321.4 ASK:321.5 MID:321.45 P1:321.45 P2:321.45 P3:321.45 P4:321.45 STATE:IDLE
[2026-05-11 17:36:15Z] CHK MOM:0% RANGE:0.01% UP:12.5% SPREAD:0.03111387% BID:321.4 ASK:321.5 MID:321.45 P1:321.45 P2:321.45 P3:321.45 P4:321.45 STATE:IDLE
[2026-05-11 17:36:16Z] CHK MOM:0% RANGE:0.01% UP:12.5% SPREAD:0.03111387% BID:321.4 ASK:321.5 MID:321.45 P1:321.45 P2:321.45 P3:321.45 P4:321.45 STATE:IDLE
[2026-05-11 17:36:16Z] CHK MOM:0% RANGE:0.01% UP:12.5% SPREAD:0.03111387% BID:321.4 ASK:321.5 MID:321.45 P1:321.45 P2:321.45 P3:321.45 P4:321.45 STATE:IDLE
[2026-05-11 17:36:23Z] CHK MOM:0% RANGE:0% UP:0% SPREAD:0.03111387% BID:321.4 ASK:321.5 MID:321.45 P1:321.45 P2:321.45 P3:321.45 P4:321.45 STATE:IDLE
[2026-05-11 17:36:23Z] CHK MOM:0.03% RANGE:0.03% UP:33.33% SPREAD:0.03110419% BID:321.5 ASK:321.6 MID:321.55 P1:321.55 P2:321.45 P3:321.45 P4:321.45 STATE:IDLE
[2026-05-11 17:36:24Z] CHK MOM:0.03% RANGE:0.03% UP:25% SPREAD:0.03110419% BID:321.5 ASK:321.6 MID:321.55 P1:321.55 P2:321.55 P3:321.45 P4:321.45 STATE:IDLE
[2026-05-11 17:36:24Z] CHK MOM:0.03% RANGE:0.03% UP:25% SPREAD:0.03110419% BID:321.5 ASK:321.6 MID:321.55 P1:321.55 P2:321.55 P3:321.45 P4:321.45 STATE:IDLE
[2026-05-11 17:36:25Z] CHK MOM:0.03% RANGE:0.03% UP:25% SPREAD:0.03110419% BID:321.5 ASK:321.6 MID:321.55 P1:321.55 P2:321.55 P3:321.45 P4:321.45 STATE:IDLE
[2026-05-11 17:36:25Z] CHK MOM:0.03% RANGE:0.03% UP:25% SPREAD:0.03110419% BID:321.5 ASK:321.6 MID:321.55 P1:321.55 P2:321.55 P3:321.45 P4:321.45 STATE:IDLE
[2026-05-11 17:36:26Z] CHK MOM:0% RANGE:0.03% UP:25% SPREAD:0.03111387% BID:321.4 ASK:321.5 MID:321.45 P1:321.45 P2:321.55 P3:321.55 P4:321.45 STATE:IDLE
[2026-05-11 17:36:26Z] CHK MOM:0% RANGE:0.03% UP:25% SPREAD:0.03111387% BID:321.4 ASK:321.5 MID:321.45 P1:321.45 P2:321.55 P3:321.55 P4:321.45 STATE:IDLE
[2026-05-11 17:36:27Z] CHK MOM:0% RANGE:0.03% UP:25% SPREAD:0.03111387% BID:321.4 ASK:321.5 MID:321.45 P1:321.45 P2:321.55 P3:321.55 P4:321.45 STATE:IDLE
[2026-05-11 17:36:27Z] CHK MOM:0% RANGE:0.03% UP:25% SPREAD:0.03111387% BID:321.4 ASK:321.5 MID:321.45 P1:321.45 P2:321.55 P3:321.55 P4:321.45 STATE:IDLE
[2026-05-11 17:36:28Z] CHK MOM:0% RANGE:0.03% UP:25% SPREAD:0.03111387% BID:321.4 ASK:321.5 MID:321.45 P1:321.45 P2:321.55 P3:321.55 P4:321.45 STATE:IDLE
[2026-05-11 17:36:30Z] CHK MOM:0% RANGE:0.03% UP:25% SPREAD:0.03111387% BID:321.4 ASK:321.5 MID:321.45 P1:321.45 P2:321.45 P3:321.55 P4:321.55 STATE:IDLE
[2026-05-11 17:36:31Z] CHK MOM:0% RANGE:0.03% UP:25% SPREAD:0.03111387% BID:321.4 ASK:321.5 MID:321.45 P1:321.45 P2:321.45 P3:321.55 P4:321.55 STATE:IDLE
[2026-05-11 17:36:31Z] CHK MOM:0% RANGE:0.03% UP:25% SPREAD:0.03111387% BID:321.4 ASK:321.5 MID:321.45 P1:321.45 P2:321.45 P3:321.55 P4:321.55 STATE:IDLE
[2026-05-11 17:36:32Z] CHK MOM:0% RANGE:0.03% UP:25% SPREAD:0.03111387% BID:321.4 ASK:321.5 MID:321.45 P1:321.45 P2:321.45 P3:321.55 P4:321.55 STATE:IDLE
[2026-05-11 17:36:32Z] CHK MOM:0% RANGE:0.03% UP:20% SPREAD:0.03111387% BID:321.4 ASK:321.5 MID:321.45 P1:321.45 P2:321.45 P3:321.45 P4:321.55 STATE:IDLE
[2026-05-11 17:36:33Z] CHK MOM:0% RANGE:0.03% UP:20% SPREAD:0.03111387% BID:321.4 ASK:321.5 MID:321.45 P1:321.45 P2:321.45 P3:321.45 P4:321.55 STATE:IDLE
[2026-05-11 17:36:34Z] CHK MOM:0% RANGE:0.03% UP:20% SPREAD:0.03111387% BID:321.4 ASK:321.5 MID:321.45 P1:321.45 P2:321.45 P3:321.45 P4:321.55 STATE:IDLE
[2026-05-11 17:36:34Z] CHK MOM:0% RANGE:0.03% UP:16.66% SPREAD:0.03111387% BID:321.4 ASK:321.5 MID:321.45 P1:321.45 P2:321.45 P3:321.45 P4:321.45 STATE:IDLE
[2026-05-11 17:36:35Z] CHK MOM:0% RANGE:0.03% UP:16.66% SPREAD:0.03111387% BID:321.4 ASK:321.5 MID:321.45 P1:321.45 P2:321.45 P3:321.45 P4:321.45 STATE:IDLE
[2026-05-11 17:36:35Z] CHK MOM:0% RANGE:0.03% UP:16.66% SPREAD:0.03111387% BID:321.4 ASK:321.5 MID:321.45 P1:321.45 P2:321.45 P3:321.45 P4:321.45 STATE:IDLE
[2026-05-11 17:36:36Z] CHK MOM:0% RANGE:0.03% UP:16.66% SPREAD:0.03111387% BID:321.4 ASK:321.5 MID:321.45 P1:321.45 P2:321.45 P3:321.45 P4:321.45 STATE:IDLE
[2026-05-11 17:36:36Z] CHK MOM:0% RANGE:0.03% UP:16.66% SPREAD:0.03111387% BID:321.4 ASK:321.5 MID:321.45 P1:321.45 P2:321.45 P3:321.45 P4:321.45 STATE:IDLE
[2026-05-11 17:36:37Z] CHK MOM:0% RANGE:0.03% UP:16.66% SPREAD:0.03111387% BID:321.4 ASK:321.5 MID:321.45 P1:321.45 P2:321.45 P3:321.45 P4:321.45 STATE:IDLE
[2026-05-11 17:36:37Z] CHK MOM:0% RANGE:0% UP:0% SPREAD:0.03111387% BID:321.4 ASK:321.5 MID:321.45 P1:321.45 P2:321.45 P3:321.45 P4:321.45 STATE:IDLE
[2026-05-11 17:36:38Z] CHK MOM:0% RANGE:0% UP:0% SPREAD:0.03111387% BID:321.4 ASK:321.5 MID:321.45 P1:321.45 P2:321.45 P3:321.45 P4:321.45 STATE:IDLE
[2026-05-11 17:36:38Z] CHK MOM:0% RANGE:0% UP:0% SPREAD:0.03111387% BID:321.4 ASK:321.5 MID:321.45 P1:321.45 P2:321.45 P3:321.45 P4:321.45 STATE:IDLE
[2026-05-11 17:36:39Z] CHK MOM:0.01% RANGE:0.01% UP:20% SPREAD:0.06222775% BID:321.4 ASK:321.6 MID:321.5 P1:321.5 P2:321.45 P3:321.45 P4:321.45 STATE:IDLE
[2026-05-11 17:36:40Z] CHK MOM:0.01% RANGE:0.01% UP:16.66% SPREAD:0.06222775% BID:321.4 ASK:321.6 MID:321.5 P1:321.5 P2:321.5 P3:321.45 P4:321.45 STATE:IDLE
[2026-05-11 17:36:40Z] CHK MOM:0.01% RANGE:0.01% UP:16.66% SPREAD:0.06222775% BID:321.4 ASK:321.6 MID:321.5 P1:321.5 P2:321.5 P3:321.45 P4:321.45 STATE:IDLE
[2026-05-11 17:36:41Z] CHK MOM:0.01% RANGE:0.01% UP:16.66% SPREAD:0.06222775% BID:321.4 ASK:321.6 MID:321.5 P1:321.5 P2:321.5 P3:321.45 P4:321.45 STATE:IDLE
[2026-05-11 17:36:41Z] CHK MOM:0.01% RANGE:0.01% UP:16.66% SPREAD:0.06222775% BID:321.4 ASK:321.6 MID:321.5 P1:321.5 P2:321.5 P3:321.45 P4:321.45 STATE:IDLE
[2026-05-11 17:36:42Z] CHK MOM:0.01% RANGE:0.01% UP:16.66% SPREAD:0.06222775% BID:321.4 ASK:321.6 MID:321.5 P1:321.5 P2:321.5 P3:321.45 P4:321.45 STATE:IDLE
[2026-05-11 17:36:42Z] CHK MOM:0% RANGE:0.01% UP:14.28% SPREAD:0.03111387% BID:321.4 ASK:321.5 MID:321.45 P1:321.45 P2:321.5 P3:321.5 P4:321.45 STATE:IDLE
[2026-05-11 17:36:43Z] CHK MOM:0% RANGE:0.01% UP:14.28% SPREAD:0.03111387% BID:321.4 ASK:321.5 MID:321.45 P1:321.45 P2:321.5 P3:321.5 P4:321.45 STATE:IDLE
[2026-05-11 17:36:43Z] CHK MOM:0% RANGE:0.01% UP:14.28% SPREAD:0.03111387% BID:321.4 ASK:321.5 MID:321.45 P1:321.45 P2:321.5 P3:321.5 P4:321.45 STATE:IDLE
[2026-05-11 17:36:44Z] CHK MOM:0% RANGE:0.01% UP:14.28% SPREAD:0.03111387% BID:321.4 ASK:321.5 MID:321.45 P1:321.45 P2:321.5 P3:321.5 P4:321.45 STATE:IDLE
[2026-05-11 17:36:45Z] CHK MOM:0% RANGE:0.01% UP:14.28% SPREAD:0.03111387% BID:321.4 ASK:321.5 MID:321.45 P1:321.45 P2:321.5 P3:321.5 P4:321.45 STATE:IDLE
[2026-05-11 17:36:47Z] CHK MOM:0% RANGE:0.01% UP:20% SPREAD:0.03111387% BID:321.4 ASK:321.5 MID:321.45 P1:321.45 P2:321.45 P3:321.5 P4:321.5 STATE:IDLE
[2026-05-11 17:36:47Z] CHK MOM:0% RANGE:0.01% UP:16.66% SPREAD:0.03111387% BID:321.4 ASK:321.5 MID:321.45 P1:321.45 P2:321.45 P3:321.45 P4:321.5 STATE:IDLE
[2026-05-11 17:36:48Z] CHK MOM:0% RANGE:0.01% UP:16.66% SPREAD:0.03111387% BID:321.4 ASK:321.5 MID:321.45 P1:321.45 P2:321.45 P3:321.45 P4:321.5 STATE:IDLE
[2026-05-11 17:36:48Z] CHK MOM:0.03% RANGE:0.03% UP:28.57% SPREAD:0.03110419% BID:321.5 ASK:321.6 MID:321.55 P1:321.55 P2:321.45 P3:321.45 P4:321.45 STATE:IDLE
[2026-05-11 17:36:49Z] CHK MOM:0.03% RANGE:0.03% UP:25% SPREAD:0.03110419% BID:321.5 ASK:321.6 MID:321.55 P1:321.55 P2:321.55 P3:321.45 P4:321.45 STATE:IDLE
[2026-05-11 17:36:50Z] CHK MOM:0.03% RANGE:0.03% UP:25% SPREAD:0.03110419% BID:321.5 ASK:321.6 MID:321.55 P1:321.55 P2:321.55 P3:321.45 P4:321.45 STATE:IDLE
[2026-05-11 17:36:50Z] CHK MOM:0.01% RANGE:0.03% UP:14.28% SPREAD:0.03110419% BID:321.5 ASK:321.6 MID:321.55 P1:321.55 P2:321.55 P3:321.55 P4:321.45 STATE:IDLE
[2026-05-11 17:36:51Z] CHK MOM:0.01% RANGE:0.03% UP:14.28% SPREAD:0.03110419% BID:321.5 ASK:321.6 MID:321.55 P1:321.55 P2:321.55 P3:321.55 P4:321.45 STATE:IDLE
[2026-05-11 17:36:51Z] CHK MOM:0.01% RANGE:0.03% UP:14.28% SPREAD:0.03110419% BID:321.5 ASK:321.6 MID:321.55 P1:321.55 P2:321.55 P3:321.55 P4:321.45 STATE:IDLE
[2026-05-11 17:36:52Z] CHK MOM:0.01% RANGE:0.03% UP:14.28% SPREAD:0.03110419% BID:321.5 ASK:321.6 MID:321.55 P1:321.55 P2:321.55 P3:321.55 P4:321.45 STATE:IDLE
[2026-05-11 17:36:52Z] CHK MOM:0.06% RANGE:0.06% UP:33.33% SPREAD:0.03109452% BID:321.6 ASK:321.7 MID:321.65 P1:321.65 P2:321.55 P3:321.55 P4:321.55 STATE:IDLE
[2026-05-11 17:36:53Z] CHK MOM:0.09% RANGE:0.09% UP:42.85% SPREAD:0.03108486% BID:321.7 ASK:321.8 MID:321.75 P1:321.75 P2:321.65 P3:321.55 P4:321.55 STATE:IDLE
[2026-05-11 18:15:47Z] SESSION_START symbol=TAOUSDC dry_run=0 profile=major strategy=momentum base_url=https://api.binance.com
[2026-05-11 18:15:47Z] TOXIC_MEMORY_LOADED count=4 symbols=GUNUSDC,JTOUSDC,ORDIUSDC,SAHARAUSDC
[2026-05-11 18:15:49Z] CHK MOM:0% RANGE:0% UP:0% SPREAD:0.03080714% BID:324.6 ASK:324.7 MID:324.65 P1:324.65 P2:NA P3:NA P4:NA STATE:IDLE
[2026-05-11 18:15:49Z] CHK MOM:0% RANGE:0% UP:0% SPREAD:0.03080714% BID:324.6 ASK:324.7 MID:324.65 P1:324.65 P2:NA P3:NA P4:NA STATE:IDLE
[2026-05-11 18:15:50Z] CHK MOM:0% RANGE:0% UP:0% SPREAD:0.03080714% BID:324.6 ASK:324.7 MID:324.65 P1:324.65 P2:324.65 P3:NA P4:NA STATE:IDLE
[2026-05-11 18:15:50Z] CHK MOM:0% RANGE:0% UP:0% SPREAD:0.03080714% BID:324.6 ASK:324.7 MID:324.65 P1:324.65 P2:324.65 P3:NA P4:NA STATE:IDLE
[2026-05-11 18:15:51Z] CHK MOM:0% RANGE:0% UP:0% SPREAD:0.03080714% BID:324.6 ASK:324.7 MID:324.65 P1:324.65 P2:324.65 P3:NA P4:NA STATE:IDLE
[2026-05-11 18:15:51Z] CHK MOM:0% RANGE:0% UP:0% SPREAD:0.03080714% BID:324.6 ASK:324.7 MID:324.65 P1:324.65 P2:324.65 P3:NA P4:NA STATE:IDLE
[2026-05-11 18:15:52Z] CHK MOM:-0.01% RANGE:0.01% UP:0% SPREAD:0.06163328% BID:324.5 ASK:324.7 MID:324.6 P1:324.6 P2:324.65 P3:324.65 P4:NA STATE:IDLE
[2026-05-11 18:15:52Z] CHK MOM:-0.03% RANGE:0.03% UP:0% SPREAD:0.03081664% BID:324.5 ASK:324.6 MID:324.55 P1:324.55 P2:324.6 P3:324.65 P4:324.65 STATE:IDLE
[2026-05-11 18:15:53Z] CHK MOM:0% RANGE:0.03% UP:25% SPREAD:0.03080714% BID:324.6 ASK:324.7 MID:324.65 P1:324.65 P2:324.55 P3:324.6 P4:324.65 STATE:IDLE
[2026-05-11 18:15:53Z] CHK MOM:0% RANGE:0.03% UP:20% SPREAD:0.03080714% BID:324.6 ASK:324.7 MID:324.65 P1:324.65 P2:324.65 P3:324.55 P4:324.6 STATE:IDLE
[2026-05-11 18:15:54Z] CHK MOM:0% RANGE:0.03% UP:16.66% SPREAD:0.03080714% BID:324.6 ASK:324.7 MID:324.65 P1:324.65 P2:324.65 P3:324.65 P4:324.55 STATE:IDLE
[2026-05-11 18:15:55Z] CHK MOM:-0.01% RANGE:0.03% UP:14.28% SPREAD:0.06163328% BID:324.5 ASK:324.7 MID:324.6 P1:324.6 P2:324.65 P3:324.65 P4:324.65 STATE:IDLE
[2026-05-11 18:15:55Z] CHK MOM:-0.01% RANGE:0.03% UP:14.28% SPREAD:0.06163328% BID:324.5 ASK:324.7 MID:324.6 P1:324.6 P2:324.65 P3:324.65 P4:324.65 STATE:IDLE
[2026-05-11 18:15:56Z] CHK MOM:0% RANGE:0.03% UP:25% SPREAD:0.03080714% BID:324.6 ASK:324.7 MID:324.65 P1:324.65 P2:324.6 P3:324.65 P4:324.65 STATE:IDLE
[2026-05-11 18:15:56Z] CHK MOM:0% RANGE:0.03% UP:25% SPREAD:0.03080714% BID:324.6 ASK:324.7 MID:324.65 P1:324.65 P2:324.6 P3:324.65 P4:324.65 STATE:IDLE
[2026-05-11 18:15:57Z] CHK MOM:-0.03% RANGE:0.03% UP:22.22% SPREAD:0.03081664% BID:324.5 ASK:324.6 MID:324.55 P1:324.55 P2:324.65 P3:324.6 P4:324.65 STATE:IDLE
[2026-05-11 18:15:57Z] CHK MOM:-0.03% RANGE:0.03% UP:22.22% SPREAD:0.03081664% BID:324.5 ASK:324.6 MID:324.55 P1:324.55 P2:324.65 P3:324.6 P4:324.65 STATE:IDLE
[2026-05-11 18:15:58Z] CHK MOM:-0.03% RANGE:0.03% UP:22.22% SPREAD:0.03081664% BID:324.5 ASK:324.6 MID:324.55 P1:324.55 P2:324.65 P3:324.6 P4:324.65 STATE:IDLE
[2026-05-11 18:15:58Z] CHK MOM:-0.03% RANGE:0.03% UP:20% SPREAD:0.03081664% BID:324.5 ASK:324.6 MID:324.55 P1:324.55 P2:324.55 P3:324.65 P4:324.6 STATE:IDLE
[2026-05-11 18:15:59Z] CHK MOM:-0.03% RANGE:0.03% UP:20% SPREAD:0.03081664% BID:324.5 ASK:324.6 MID:324.55 P1:324.55 P2:324.55 P3:324.65 P4:324.6 STATE:IDLE
[2026-05-11 18:16:00Z] CHK MOM:-0.03% RANGE:0.03% UP:18.18% SPREAD:0.03081664% BID:324.5 ASK:324.6 MID:324.55 P1:324.55 P2:324.55 P3:324.55 P4:324.65 STATE:IDLE
[2026-05-11 18:16:00Z] CHK MOM:-0.03% RANGE:0.03% UP:18.18% SPREAD:0.03081664% BID:324.5 ASK:324.6 MID:324.55 P1:324.55 P2:324.55 P3:324.55 P4:324.65 STATE:IDLE
[2026-05-11 18:16:01Z] CHK MOM:-0.01% RANGE:0.03% UP:27.27% SPREAD:0.06163328% BID:324.5 ASK:324.7 MID:324.6 P1:324.6 P2:324.55 P3:324.55 P4:324.55 STATE:IDLE
[2026-05-11 18:16:01Z] CHK MOM:0% RANGE:0.03% UP:33.33% SPREAD:0.03080714% BID:324.6 ASK:324.7 MID:324.65 P1:324.65 P2:324.6 P3:324.55 P4:324.55 STATE:IDLE
[2026-05-11 18:16:02Z] CHK MOM:0.01% RANGE:0.03% UP:33.33% SPREAD:0.03080714% BID:324.6 ASK:324.7 MID:324.65 P1:324.65 P2:324.65 P3:324.6 P4:324.55 STATE:IDLE
[2026-05-11 18:16:02Z] CHK MOM:0.01% RANGE:0.03% UP:33.33% SPREAD:0.03080714% BID:324.6 ASK:324.7 MID:324.65 P1:324.65 P2:324.65 P3:324.6 P4:324.55 STATE:IDLE
[2026-05-11 18:16:03Z] CHK MOM:0.01% RANGE:0.03% UP:30.76% SPREAD:0.03080714% BID:324.6 ASK:324.7 MID:324.65 P1:324.65 P2:324.65 P3:324.65 P4:324.6 STATE:IDLE
[2026-05-11 18:16:03Z] CHK MOM:0.01% RANGE:0.03% UP:30.76% SPREAD:0.03080714% BID:324.6 ASK:324.7 MID:324.65 P1:324.65 P2:324.65 P3:324.65 P4:324.6 STATE:IDLE
[2026-05-11 18:16:04Z] CHK MOM:0.01% RANGE:0.03% UP:30.76% SPREAD:0.03080714% BID:324.6 ASK:324.7 MID:324.65 P1:324.65 P2:324.65 P3:324.65 P4:324.6 STATE:IDLE
[2026-05-11 18:16:05Z] CHK MOM:0% RANGE:0.03% UP:30.76% SPREAD:0.03081664% BID:324.5 ASK:324.6 MID:324.55 P1:324.55 P2:324.65 P3:324.65 P4:324.65 STATE:IDLE
[2026-05-11 18:16:05Z] CHK MOM:-0.01% RANGE:0.03% UP:33.33% SPREAD:0.06163328% BID:324.5 ASK:324.7 MID:324.6 P1:324.6 P2:324.55 P3:324.65 P4:324.65 STATE:IDLE
[2026-05-11 18:16:06Z] CHK MOM:0% RANGE:0.03% UP:41.66% SPREAD:0.03080714% BID:324.6 ASK:324.7 MID:324.65 P1:324.65 P2:324.6 P3:324.55 P4:324.65 STATE:IDLE
[2026-05-11 18:16:06Z] CHK MOM:0% RANGE:0.03% UP:41.66% SPREAD:0.03080714% BID:324.6 ASK:324.7 MID:324.65 P1:324.65 P2:324.6 P3:324.55 P4:324.65 STATE:IDLE
[2026-05-11 18:16:07Z] CHK MOM:0% RANGE:0.03% UP:41.66% SPREAD:0.03080714% BID:324.6 ASK:324.7 MID:324.65 P1:324.65 P2:324.6 P3:324.55 P4:324.65 STATE:IDLE
[2026-05-11 18:16:07Z] CHK MOM:0% RANGE:0.03% UP:41.66% SPREAD:0.03080714% BID:324.6 ASK:324.7 MID:324.65 P1:324.65 P2:324.6 P3:324.55 P4:324.65 STATE:IDLE
[2026-05-11 18:16:08Z] CHK MOM:-0.01% RANGE:0.03% UP:36.36% SPREAD:0.06163328% BID:324.5 ASK:324.7 MID:324.6 P1:324.6 P2:324.65 P3:324.6 P4:324.55 STATE:IDLE
[2026-05-11 18:16:08Z] CHK MOM:-0.01% RANGE:0.03% UP:36.36% SPREAD:0.06163328% BID:324.5 ASK:324.7 MID:324.6 P1:324.6 P2:324.65 P3:324.6 P4:324.55 STATE:IDLE
[2026-05-11 18:16:09Z] CHK MOM:0.03% RANGE:0.03% UP:45.45% SPREAD:0.03080714% BID:324.6 ASK:324.7 MID:324.65 P1:324.65 P2:324.6 P3:324.65 P4:324.6 STATE:IDLE
[2026-05-11 18:16:09Z] CHK MOM:0.03% RANGE:0.03% UP:45.45% SPREAD:0.03080714% BID:324.6 ASK:324.7 MID:324.65 P1:324.65 P2:324.6 P3:324.65 P4:324.6 STATE:IDLE
[2026-05-11 18:16:10Z] CHK MOM:0% RANGE:0.03% UP:45.45% SPREAD:0.03081664% BID:324.5 ASK:324.6 MID:324.55 P1:324.55 P2:324.65 P3:324.6 P4:324.65 STATE:IDLE
[2026-05-11 18:16:11Z] CHK MOM:-0.01% RANGE:0.04% UP:45.45% SPREAD:0.06165228% BID:324.4 ASK:324.6 MID:324.5 P1:324.5 P2:324.55 P3:324.65 P4:324.6 STATE:IDLE
[2026-05-11 18:16:11Z] CHK MOM:-0.03% RANGE:0.06% UP:41.66% SPREAD:0.03082614% BID:324.4 ASK:324.5 MID:324.45 P1:324.45 P2:324.5 P3:324.55 P4:324.65 STATE:IDLE
[2026-05-11 18:16:12Z] CHK MOM:-0.03% RANGE:0.06% UP:41.66% SPREAD:0.03082614% BID:324.4 ASK:324.5 MID:324.45 P1:324.45 P2:324.5 P3:324.55 P4:324.65 STATE:IDLE
[2026-05-11 18:16:12Z] CHK MOM:-0.04% RANGE:0.06% UP:33.33% SPREAD:0.03082614% BID:324.4 ASK:324.5 MID:324.45 P1:324.45 P2:324.45 P3:324.5 P4:324.55 STATE:IDLE
[2026-05-11 18:16:13Z] CHK MOM:-0.07% RANGE:0.09% UP:30.76% SPREAD:0.03083564% BID:324.3 ASK:324.4 MID:324.35 P1:324.35 P2:324.45 P3:324.45 P4:324.5 STATE:IDLE
[2026-05-11 18:16:13Z] CHK MOM:-0.15% RANGE:0.15% UP:23.07% SPREAD:0.03085467% BID:324.1 ASK:324.2 MID:324.15 P1:324.15 P2:324.35 P3:324.45 P4:324.45 STATE:IDLE
[2026-05-11 18:16:14Z] CHK MOM:-0.13% RANGE:0.15% UP:33.33% SPREAD:0.06170934% BID:324.1 ASK:324.3 MID:324.2 P1:324.2 P2:324.15 P3:324.35 P4:324.45 STATE:IDLE
[2026-05-11 18:16:14Z] CHK MOM:-0.15% RANGE:0.15% UP:30.76% SPREAD:0.03085467% BID:324.1 ASK:324.2 MID:324.15 P1:324.15 P2:324.2 P3:324.15 P4:324.35 STATE:IDLE
[2026-05-11 18:16:15Z] CHK MOM:-0.15% RANGE:0.15% UP:30.76% SPREAD:0.03085467% BID:324.1 ASK:324.2 MID:324.15 P1:324.15 P2:324.2 P3:324.15 P4:324.35 STATE:IDLE
[2026-05-11 18:16:16Z] CHK MOM:-0.12% RANGE:0.15% UP:30.76% SPREAD:0.03085467% BID:324.1 ASK:324.2 MID:324.15 P1:324.15 P2:324.15 P3:324.2 P4:324.15 STATE:IDLE
[2026-05-11 18:16:16Z] CHK MOM:-0.12% RANGE:0.15% UP:30.76% SPREAD:0.03085467% BID:324.1 ASK:324.2 MID:324.15 P1:324.15 P2:324.15 P3:324.2 P4:324.15 STATE:IDLE
[2026-05-11 18:16:17Z] CHK MOM:-0.13% RANGE:0.15% UP:23.07% SPREAD:0.03085467% BID:324.1 ASK:324.2 MID:324.15 P1:324.15 P2:324.15 P3:324.15 P4:324.2 STATE:IDLE
[2026-05-11 18:16:17Z] CHK MOM:-0.15% RANGE:0.15% UP:15.38% SPREAD:0.03085467% BID:324.1 ASK:324.2 MID:324.15 P1:324.15 P2:324.15 P3:324.15 P4:324.15 STATE:IDLE
[2026-05-11 18:16:18Z] CHK MOM:-0.15% RANGE:0.15% UP:15.38% SPREAD:0.03085467% BID:324.1 ASK:324.2 MID:324.15 P1:324.15 P2:324.15 P3:324.15 P4:324.15 STATE:IDLE
[2026-05-11 18:16:18Z] CHK MOM:-0.15% RANGE:0.15% UP:15.38% SPREAD:0.03085467% BID:324.1 ASK:324.2 MID:324.15 P1:324.15 P2:324.15 P3:324.15 P4:324.15 STATE:IDLE
[2026-05-11 18:16:19Z] CHK MOM:-0.15% RANGE:0.15% UP:15.38% SPREAD:0.03085467% BID:324.1 ASK:324.2 MID:324.15 P1:324.15 P2:324.15 P3:324.15 P4:324.15 STATE:IDLE
[2026-05-11 18:16:19Z] CHK MOM:-0.15% RANGE:0.16% UP:15.38% SPREAD:0.06172839% BID:324 ASK:324.2 MID:324.1 P1:324.1 P2:324.15 P3:324.15 P4:324.15 STATE:IDLE
[2026-05-11 18:16:20Z] CHK MOM:-0.18% RANGE:0.18% UP:7.69% SPREAD:0.03086419% BID:324 ASK:324.1 MID:324.05 P1:324.05 P2:324.1 P3:324.15 P4:324.15 STATE:IDLE
[2026-05-11 18:16:20Z] CHK MOM:-0.18% RANGE:0.18% UP:7.69% SPREAD:0.03086419% BID:324 ASK:324.1 MID:324.05 P1:324.05 P2:324.1 P3:324.15 P4:324.15 STATE:IDLE
[2026-05-11 18:16:21Z] CHK MOM:-0.12% RANGE:0.15% UP:15.38% SPREAD:0.03085467% BID:324.1 ASK:324.2 MID:324.15 P1:324.15 P2:324.05 P3:324.1 P4:324.15 STATE:IDLE
[2026-05-11 18:16:22Z] CHK MOM:-0.13% RANGE:0.15% UP:14.28% SPREAD:0.06172839% BID:324 ASK:324.2 MID:324.1 P1:324.1 P2:324.15 P3:324.05 P4:324.1 STATE:IDLE
[2026-05-11 18:16:22Z] CHK MOM:-0.13% RANGE:0.15% UP:14.28% SPREAD:0.06172839% BID:324 ASK:324.2 MID:324.1 P1:324.1 P2:324.15 P3:324.05 P4:324.1 STATE:IDLE
[2026-05-11 18:16:23Z] CHK MOM:-0.13% RANGE:0.15% UP:14.28% SPREAD:0.06172839% BID:324 ASK:324.2 MID:324.1 P1:324.1 P2:324.15 P3:324.05 P4:324.1 STATE:IDLE
[2026-05-11 18:16:23Z] CHK MOM:-0.12% RANGE:0.12% UP:15.38% SPREAD:0.03086419% BID:324 ASK:324.1 MID:324.05 P1:324.05 P2:324.1 P3:324.15 P4:324.05 STATE:IDLE
[2026-05-11 18:16:24Z] CHK MOM:-0.12% RANGE:0.12% UP:15.38% SPREAD:0.03086419% BID:324 ASK:324.1 MID:324.05 P1:324.05 P2:324.05 P3:324.1 P4:324.15 STATE:IDLE
[2026-05-11 18:16:24Z] CHK MOM:-0.1% RANGE:0.12% UP:21.42% SPREAD:0.06172839% BID:324 ASK:324.2 MID:324.1 P1:324.1 P2:324.05 P3:324.05 P4:324.1 STATE:IDLE
[2026-05-11 18:16:25Z] CHK MOM:-0.1% RANGE:0.12% UP:21.42% SPREAD:0.06172839% BID:324 ASK:324.2 MID:324.1 P1:324.1 P2:324.05 P3:324.05 P4:324.1 STATE:IDLE
[2026-05-11 18:16:25Z] CHK MOM:-0.1% RANGE:0.12% UP:21.42% SPREAD:0.06172839% BID:324 ASK:324.2 MID:324.1 P1:324.1 P2:324.05 P3:324.05 P4:324.1 STATE:IDLE
[2026-05-11 18:16:26Z] CHK MOM:-0.1% RANGE:0.12% UP:21.42% SPREAD:0.06172839% BID:324 ASK:324.2 MID:324.1 P1:324.1 P2:324.05 P3:324.05 P4:324.1 STATE:IDLE
[2026-05-11 18:16:27Z] CHK MOM:-0.03% RANGE:0.03% UP:18.18% SPREAD:0.03086419% BID:324 ASK:324.1 MID:324.05 P1:324.05 P2:324.1 P3:324.05 P4:324.05 STATE:IDLE
[2026-05-11 18:16:27Z] CHK MOM:-0.04% RANGE:0.04% UP:18.18% SPREAD:0.06174745% BID:323.9 ASK:324.1 MID:324 P1:324 P2:324.05 P3:324.1 P4:324.05 STATE:IDLE
[2026-05-11 18:16:28Z] CHK MOM:-0.04% RANGE:0.04% UP:18.18% SPREAD:0.06174745% BID:323.9 ASK:324.1 MID:324 P1:324 P2:324.05 P3:324.1 P4:324.05 STATE:IDLE
[2026-05-11 18:16:28Z] CHK MOM:-0.04% RANGE:0.04% UP:18.18% SPREAD:0.06174745% BID:323.9 ASK:324.1 MID:324 P1:324 P2:324.05 P3:324.1 P4:324.05 STATE:IDLE
[2026-05-11 18:16:29Z] CHK MOM:-0.04% RANGE:0.04% UP:18.18% SPREAD:0.06174745% BID:323.9 ASK:324.1 MID:324 P1:324 P2:324.05 P3:324.1 P4:324.05 STATE:IDLE
[2026-05-11 18:16:29Z] CHK MOM:-0.04% RANGE:0.04% UP:18.18% SPREAD:0.06174745% BID:323.9 ASK:324.1 MID:324 P1:324 P2:324.05 P3:324.1 P4:324.05 STATE:IDLE
[2026-05-11 18:16:30Z] CHK MOM:-0.01% RANGE:0.04% UP:33.33% SPREAD:0.03086419% BID:324 ASK:324.1 MID:324.05 P1:324.05 P2:324 P3:324.05 P4:324.1 STATE:IDLE
[2026-05-11 18:16:30Z] CHK MOM:-0.01% RANGE:0.04% UP:30% SPREAD:0.03086419% BID:324 ASK:324.1 MID:324.05 P1:324.05 P2:324.05 P3:324 P4:324.05 STATE:IDLE
[2026-05-11 18:16:31Z] CHK MOM:-0.01% RANGE:0.04% UP:30% SPREAD:0.03086419% BID:324 ASK:324.1 MID:324.05 P1:324.05 P2:324.05 P3:324 P4:324.05 STATE:IDLE
[2026-05-11 18:16:31Z] CHK MOM:-0.01% RANGE:0.04% UP:27.27% SPREAD:0.03086419% BID:324 ASK:324.1 MID:324.05 P1:324.05 P2:324.05 P3:324.05 P4:324 STATE:IDLE
[2026-05-11 18:16:32Z] CHK MOM:-0.01% RANGE:0.04% UP:30% SPREAD:0.06172839% BID:324 ASK:324.2 MID:324.1 P1:324.1 P2:324.05 P3:324.05 P4:324.05 STATE:IDLE
[2026-05-11 18:16:33Z] CHK MOM:0% RANGE:0.04% UP:36.36% SPREAD:0.03085467% BID:324.1 ASK:324.2 MID:324.15 P1:324.15 P2:324.1 P3:324.05 P4:324.05 STATE:IDLE
[2026-05-11 18:16:33Z] CHK MOM:0.03% RANGE:0.04% UP:40% SPREAD:0.03085467% BID:324.1 ASK:324.2 MID:324.15 P1:324.15 P2:324.15 P3:324.1 P4:324.05 STATE:IDLE
[2026-05-11 18:16:34Z] CHK MOM:0.03% RANGE:0.04% UP:36.36% SPREAD:0.03085467% BID:324.1 ASK:324.2 MID:324.15 P1:324.15 P2:324.15 P3:324.15 P4:324.1 STATE:IDLE
[2026-05-11 18:16:34Z] CHK MOM:0.03% RANGE:0.04% UP:36.36% SPREAD:0.03085467% BID:324.1 ASK:324.2 MID:324.15 P1:324.15 P2:324.15 P3:324.15 P4:324.1 STATE:IDLE
[2026-05-11 18:16:35Z] CHK MOM:0.03% RANGE:0.04% UP:36.36% SPREAD:0.03085467% BID:324.1 ASK:324.2 MID:324.15 P1:324.15 P2:324.15 P3:324.15 P4:324.1 STATE:IDLE
[2026-05-11 18:16:35Z] CHK MOM:0.03% RANGE:0.04% UP:36.36% SPREAD:0.03085467% BID:324.1 ASK:324.2 MID:324.15 P1:324.15 P2:324.15 P3:324.15 P4:324.1 STATE:IDLE
[2026-05-11 18:16:36Z] CHK MOM:0.03% RANGE:0.04% UP:36.36% SPREAD:0.03085467% BID:324.1 ASK:324.2 MID:324.15 P1:324.15 P2:324.15 P3:324.15 P4:324.1 STATE:IDLE
[2026-05-11 18:16:36Z] CHK MOM:0.03% RANGE:0.04% UP:36.36% SPREAD:0.03085467% BID:324.1 ASK:324.2 MID:324.15 P1:324.15 P2:324.15 P3:324.15 P4:324.1 STATE:IDLE
[2026-05-11 18:16:37Z] CHK MOM:0.03% RANGE:0.04% UP:33.33% SPREAD:0.03085467% BID:324.1 ASK:324.2 MID:324.15 P1:324.15 P2:324.15 P3:324.15 P4:324.15 STATE:IDLE
[2026-05-11 18:16:38Z] CHK MOM:0.01% RANGE:0.04% UP:30% SPREAD:0.06172839% BID:324 ASK:324.2 MID:324.1 P1:324.1 P2:324.15 P3:324.15 P4:324.15 STATE:IDLE
[2026-05-11 18:16:38Z] CHK MOM:0.01% RANGE:0.04% UP:30% SPREAD:0.06172839% BID:324 ASK:324.2 MID:324.1 P1:324.1 P2:324.15 P3:324.15 P4:324.15 STATE:IDLE
[2026-05-11 18:16:39Z] CHK MOM:0.01% RANGE:0.04% UP:30% SPREAD:0.06172839% BID:324 ASK:324.2 MID:324.1 P1:324.1 P2:324.15 P3:324.15 P4:324.15 STATE:IDLE
[2026-05-11 18:16:39Z] CHK MOM:0.01% RANGE:0.04% UP:30% SPREAD:0.06172839% BID:324 ASK:324.2 MID:324.1 P1:324.1 P2:324.15 P3:324.15 P4:324.15 STATE:IDLE
[2026-05-11 18:16:40Z] CHK MOM:0.01% RANGE:0.04% UP:30% SPREAD:0.06172839% BID:324 ASK:324.2 MID:324.1 P1:324.1 P2:324.15 P3:324.15 P4:324.15 STATE:IDLE
[2026-05-11 18:16:40Z] CHK MOM:0.03% RANGE:0.03% UP:33.33% SPREAD:0.03085467% BID:324.1 ASK:324.2 MID:324.15 P1:324.15 P2:324.1 P3:324.15 P4:324.15 STATE:IDLE
[2026-05-11 18:16:41Z] CHK MOM:0.03% RANGE:0.03% UP:30% SPREAD:0.03085467% BID:324.1 ASK:324.2 MID:324.15 P1:324.15 P2:324.15 P3:324.1 P4:324.15 STATE:IDLE
[2026-05-11 18:16:41Z] CHK MOM:0.03% RANGE:0.03% UP:27.27% SPREAD:0.03085467% BID:324.1 ASK:324.2 MID:324.15 P1:324.15 P2:324.15 P3:324.15 P4:324.1 STATE:IDLE
[2026-05-11 18:16:42Z] CHK MOM:0.03% RANGE:0.03% UP:27.27% SPREAD:0.03085467% BID:324.1 ASK:324.2 MID:324.15 P1:324.15 P2:324.15 P3:324.15 P4:324.1 STATE:IDLE
[2026-05-11 18:16:42Z] CHK MOM:0.03% RANGE:0.03% UP:27.27% SPREAD:0.03085467% BID:324.1 ASK:324.2 MID:324.15 P1:324.15 P2:324.15 P3:324.15 P4:324.1 STATE:IDLE
[2026-05-11 18:16:43Z] CHK MOM:0.01% RANGE:0.03% UP:30% SPREAD:0.06172839% BID:324 ASK:324.2 MID:324.1 P1:324.1 P2:324.15 P3:324.15 P4:324.15 STATE:IDLE
[2026-05-11 18:16:44Z] CHK MOM:-0.01% RANGE:0.03% UP:20% SPREAD:0.03086419% BID:324 ASK:324.1 MID:324.05 P1:324.05 P2:324.1 P3:324.15 P4:324.15 STATE:IDLE
[2026-05-11 18:16:44Z] CHK MOM:-0.01% RANGE:0.03% UP:20% SPREAD:0.03086419% BID:324 ASK:324.1 MID:324.05 P1:324.05 P2:324.1 P3:324.15 P4:324.15 STATE:IDLE
[2026-05-11 18:16:45Z] CHK MOM:-0.01% RANGE:0.03% UP:20% SPREAD:0.03086419% BID:324 ASK:324.1 MID:324.05 P1:324.05 P2:324.1 P3:324.15 P4:324.15 STATE:IDLE
[2026-05-11 18:16:45Z] CHK MOM:-0.01% RANGE:0.03% UP:20% SPREAD:0.03086419% BID:324 ASK:324.1 MID:324.05 P1:324.05 P2:324.1 P3:324.15 P4:324.15 STATE:IDLE
[2026-05-11 18:16:46Z] CHK MOM:-0.03% RANGE:0.03% UP:14.28% SPREAD:0.03086419% BID:324 ASK:324.1 MID:324.05 P1:324.05 P2:324.05 P3:324.1 P4:324.15 STATE:IDLE
[2026-05-11 18:16:46Z] CHK MOM:-0.03% RANGE:0.03% UP:14.28% SPREAD:0.03086419% BID:324 ASK:324.1 MID:324.05 P1:324.05 P2:324.05 P3:324.1 P4:324.15 STATE:IDLE
[2026-05-11 18:16:47Z] CHK MOM:-0.03% RANGE:0.03% UP:14.28% SPREAD:0.03086419% BID:324 ASK:324.1 MID:324.05 P1:324.05 P2:324.05 P3:324.1 P4:324.15 STATE:IDLE
[2026-05-11 18:16:47Z] CHK MOM:-0.03% RANGE:0.03% UP:14.28% SPREAD:0.03086419% BID:324 ASK:324.1 MID:324.05 P1:324.05 P2:324.05 P3:324.1 P4:324.15 STATE:IDLE
[2026-05-11 18:16:48Z] CHK MOM:-0.03% RANGE:0.03% UP:14.28% SPREAD:0.03086419% BID:324 ASK:324.1 MID:324.05 P1:324.05 P2:324.05 P3:324.1 P4:324.15 STATE:IDLE
[2026-05-11 18:16:49Z] CHK MOM:-0.03% RANGE:0.03% UP:14.28% SPREAD:0.03086419% BID:324 ASK:324.1 MID:324.05 P1:324.05 P2:324.05 P3:324.1 P4:324.15 STATE:IDLE
[2026-05-11 18:16:51Z] CHK MOM:0% RANGE:0.03% UP:16.66% SPREAD:0.03085467% BID:324.1 ASK:324.2 MID:324.15 P1:324.15 P2:324.05 P3:324.05 P4:324.1 STATE:IDLE
[2026-05-11 18:16:52Z] CHK MOM:0% RANGE:0.03% UP:16.66% SPREAD:0.03085467% BID:324.1 ASK:324.2 MID:324.15 P1:324.15 P2:324.05 P3:324.05 P4:324.1 STATE:IDLE
[2026-05-11 18:16:52Z] CHK MOM:-0.03% RANGE:0.03% UP:14.28% SPREAD:0.03086419% BID:324 ASK:324.1 MID:324.05 P1:324.05 P2:324.15 P3:324.05 P4:324.05 STATE:IDLE
[2026-05-11 18:16:53Z] CHK MOM:-0.03% RANGE:0.03% UP:14.28% SPREAD:0.03086419% BID:324 ASK:324.1 MID:324.05 P1:324.05 P2:324.15 P3:324.05 P4:324.05 STATE:IDLE
[2026-05-11 18:16:53Z] CHK MOM:-0.03% RANGE:0.03% UP:14.28% SPREAD:0.03086419% BID:324 ASK:324.1 MID:324.05 P1:324.05 P2:324.15 P3:324.05 P4:324.05 STATE:IDLE
[2026-05-11 18:16:54Z] CHK MOM:-0.03% RANGE:0.03% UP:14.28% SPREAD:0.03086419% BID:324 ASK:324.1 MID:324.05 P1:324.05 P2:324.15 P3:324.05 P4:324.05 STATE:IDLE
[2026-05-11 18:16:54Z] CHK MOM:0% RANGE:0.03% UP:40% SPREAD:0.06172839% BID:324 ASK:324.2 MID:324.1 P1:324.1 P2:324.05 P3:324.15 P4:324.05 STATE:IDLE
[2026-05-11 18:16:55Z] CHK MOM:0% RANGE:0.03% UP:40% SPREAD:0.06172839% BID:324 ASK:324.2 MID:324.1 P1:324.1 P2:324.05 P3:324.15 P4:324.05 STATE:IDLE
[2026-05-11 18:16:55Z] CHK MOM:0% RANGE:0.03% UP:40% SPREAD:0.06172839% BID:324 ASK:324.2 MID:324.1 P1:324.1 P2:324.05 P3:324.15 P4:324.05 STATE:IDLE
[2026-05-11 18:16:56Z] CHK MOM:0% RANGE:0.03% UP:40% SPREAD:0.06172839% BID:324 ASK:324.2 MID:324.1 P1:324.1 P2:324.05 P3:324.15 P4:324.05 STATE:IDLE
[2026-05-11 18:16:57Z] CHK MOM:0% RANGE:0.03% UP:40% SPREAD:0.06172839% BID:324 ASK:324.2 MID:324.1 P1:324.1 P2:324.05 P3:324.15 P4:324.05 STATE:IDLE
[2026-05-11 18:16:57Z] CHK MOM:0% RANGE:0.03% UP:40% SPREAD:0.06172839% BID:324 ASK:324.2 MID:324.1 P1:324.1 P2:324.05 P3:324.15 P4:324.05 STATE:IDLE
[2026-05-11 18:16:58Z] CHK MOM:0% RANGE:0.03% UP:66.66% SPREAD:0.03085467% BID:324.1 ASK:324.2 MID:324.15 P1:324.15 P2:324.1 P3:324.05 P4:324.15 STATE:IDLE
[2026-05-11 18:16:59Z] CHK MOM:0% RANGE:0.03% UP:66.66% SPREAD:0.03085467% BID:324.1 ASK:324.2 MID:324.15 P1:324.15 P2:324.1 P3:324.05 P4:324.15 STATE:IDLE
[2026-05-11 18:16:59Z] CHK MOM:0% RANGE:0.03% UP:66.66% SPREAD:0.03085467% BID:324.1 ASK:324.2 MID:324.15 P1:324.15 P2:324.1 P3:324.05 P4:324.15 STATE:IDLE
[2026-05-11 18:17:00Z] CHK MOM:0% RANGE:0.03% UP:50% SPREAD:0.03085467% BID:324.1 ASK:324.2 MID:324.15 P1:324.15 P2:324.15 P3:324.1 P4:324.05 STATE:IDLE
[2026-05-11 18:17:00Z] CHK MOM:0% RANGE:0.03% UP:50% SPREAD:0.03085467% BID:324.1 ASK:324.2 MID:324.15 P1:324.15 P2:324.15 P3:324.1 P4:324.05 STATE:IDLE
[2026-05-11 18:17:01Z] CHK MOM:0% RANGE:0.03% UP:40% SPREAD:0.03085467% BID:324.1 ASK:324.2 MID:324.15 P1:324.15 P2:324.15 P3:324.15 P4:324.1 STATE:IDLE
[2026-05-11 18:17:01Z] CHK MOM:0.01% RANGE:0.04% UP:50% SPREAD:0.06170934% BID:324.1 ASK:324.3 MID:324.2 P1:324.2 P2:324.15 P3:324.15 P4:324.15 STATE:IDLE
[2026-05-11 18:17:02Z] CHK MOM:0.01% RANGE:0.04% UP:42.85% SPREAD:0.06170934% BID:324.1 ASK:324.3 MID:324.2 P1:324.2 P2:324.2 P3:324.15 P4:324.15 STATE:IDLE
[2026-05-11 18:17:02Z] CHK MOM:0.01% RANGE:0.04% UP:42.85% SPREAD:0.06170934% BID:324.1 ASK:324.3 MID:324.2 P1:324.2 P2:324.2 P3:324.15 P4:324.15 STATE:IDLE
[2026-05-11 18:17:03Z] CHK MOM:0.01% RANGE:0.04% UP:42.85% SPREAD:0.06170934% BID:324.1 ASK:324.3 MID:324.2 P1:324.2 P2:324.2 P3:324.15 P4:324.15 STATE:IDLE
[2026-05-11 18:17:03Z] CHK MOM:0.03% RANGE:0.04% UP:42.85% SPREAD:0.03085467% BID:324.1 ASK:324.2 MID:324.15 P1:324.15 P2:324.2 P3:324.2 P4:324.15 STATE:IDLE
[2026-05-11 18:17:04Z] CHK MOM:0.03% RANGE:0.04% UP:37.5% SPREAD:0.03085467% BID:324.1 ASK:324.2 MID:324.15 P1:324.15 P2:324.15 P3:324.2 P4:324.2 STATE:IDLE
[2026-05-11 18:17:05Z] CHK MOM:0.03% RANGE:0.04% UP:37.5% SPREAD:0.03085467% BID:324.1 ASK:324.2 MID:324.15 P1:324.15 P2:324.15 P3:324.2 P4:324.2 STATE:IDLE
[2026-05-11 18:17:05Z] CHK MOM:0.01% RANGE:0.03% UP:25% SPREAD:0.03085467% BID:324.1 ASK:324.2 MID:324.15 P1:324.15 P2:324.15 P3:324.15 P4:324.2 STATE:IDLE
[2026-05-11 18:17:06Z] CHK MOM:0.01% RANGE:0.03% UP:22.22% SPREAD:0.03085467% BID:324.1 ASK:324.2 MID:324.15 P1:324.15 P2:324.15 P3:324.15 P4:324.15 STATE:IDLE
[2026-05-11 18:17:06Z] CHK MOM:0% RANGE:0.01% UP:11.11% SPREAD:0.03085467% BID:324.1 ASK:324.2 MID:324.15 P1:324.15 P2:324.15 P3:324.15 P4:324.15 STATE:IDLE
[2026-05-11 18:17:07Z] CHK MOM:0.03% RANGE:0.03% UP:20% SPREAD:0.03084515% BID:324.2 ASK:324.3 MID:324.25 P1:324.25 P2:324.15 P3:324.15 P4:324.15 STATE:IDLE
[2026-05-11 18:17:07Z] CHK MOM:0% RANGE:0.03% UP:18.18% SPREAD:0.03085467% BID:324.1 ASK:324.2 MID:324.15 P1:324.15 P2:324.25 P3:324.15 P4:324.15 STATE:IDLE
[2026-05-11 18:17:08Z] CHK MOM:0% RANGE:0.03% UP:18.18% SPREAD:0.03085467% BID:324.1 ASK:324.2 MID:324.15 P1:324.15 P2:324.25 P3:324.15 P4:324.15 STATE:IDLE
[2026-05-11 18:17:08Z] CHK MOM:0.03% RANGE:0.03% UP:25% SPREAD:0.03084515% BID:324.2 ASK:324.3 MID:324.25 P1:324.25 P2:324.15 P3:324.25 P4:324.15 STATE:IDLE
[2026-05-11 18:17:09Z] CHK MOM:0.03% RANGE:0.03% UP:25% SPREAD:0.03084515% BID:324.2 ASK:324.3 MID:324.25 P1:324.25 P2:324.15 P3:324.25 P4:324.15 STATE:IDLE
[2026-05-11 18:17:09Z] CHK MOM:0.03% RANGE:0.03% UP:25% SPREAD:0.03084515% BID:324.2 ASK:324.3 MID:324.25 P1:324.25 P2:324.15 P3:324.25 P4:324.15 STATE:IDLE
[2026-05-11 18:17:10Z] CHK MOM:0.03% RANGE:0.03% UP:25% SPREAD:0.03084515% BID:324.2 ASK:324.3 MID:324.25 P1:324.25 P2:324.15 P3:324.25 P4:324.15 STATE:IDLE
[2026-05-11 18:17:11Z] CHK MOM:0.03% RANGE:0.03% UP:25% SPREAD:0.03084515% BID:324.2 ASK:324.3 MID:324.25 P1:324.25 P2:324.25 P3:324.15 P4:324.25 STATE:IDLE
[2026-05-11 18:17:11Z] CHK MOM:0.01% RANGE:0.03% UP:23.07% SPREAD:0.06170934% BID:324.1 ASK:324.3 MID:324.2 P1:324.2 P2:324.25 P3:324.25 P4:324.15 STATE:IDLE
[2026-05-11 18:17:12Z] CHK MOM:0.01% RANGE:0.03% UP:23.07% SPREAD:0.06170934% BID:324.1 ASK:324.3 MID:324.2 P1:324.2 P2:324.25 P3:324.25 P4:324.15 STATE:IDLE
[2026-05-11 18:17:12Z] CHK MOM:0.01% RANGE:0.03% UP:23.07% SPREAD:0.06170934% BID:324.1 ASK:324.3 MID:324.2 P1:324.2 P2:324.2 P3:324.25 P4:324.25 STATE:IDLE
[2026-05-11 18:17:13Z] CHK MOM:0.01% RANGE:0.03% UP:23.07% SPREAD:0.06170934% BID:324.1 ASK:324.3 MID:324.2 P1:324.2 P2:324.2 P3:324.25 P4:324.25 STATE:IDLE
[2026-05-11 18:17:13Z] CHK MOM:0.01% RANGE:0.03% UP:23.07% SPREAD:0.03084515% BID:324.2 ASK:324.3 MID:324.25 P1:324.25 P2:324.2 P3:324.2 P4:324.25 STATE:IDLE
[2026-05-11 18:17:14Z] CHK MOM:0.01% RANGE:0.03% UP:23.07% SPREAD:0.03084515% BID:324.2 ASK:324.3 MID:324.25 P1:324.25 P2:324.25 P3:324.2 P4:324.2 STATE:IDLE
[2026-05-11 18:17:14Z] CHK MOM:0.06% RANGE:0.06% UP:30.76% SPREAD:0.03083564% BID:324.3 ASK:324.4 MID:324.35 P1:324.35 P2:324.25 P3:324.25 P4:324.2 STATE:IDLE
[2026-05-11 18:17:15Z] CHK MOM:0.06% RANGE:0.06% UP:28.57% SPREAD:0.03083564% BID:324.3 ASK:324.4 MID:324.35 P1:324.35 P2:324.35 P3:324.25 P4:324.25 STATE:IDLE
[2026-05-11 18:17:16Z] CHK MOM:0.07% RANGE:0.07% UP:33.33% SPREAD:0.06167129% BID:324.3 ASK:324.5 MID:324.4 P1:324.4 P2:324.35 P3:324.35 P4:324.25 STATE:IDLE
[2026-05-11 18:17:16Z] CHK MOM:0.09% RANGE:0.09% UP:42.85% SPREAD:0.03082614% BID:324.4 ASK:324.5 MID:324.45 P1:324.45 P2:324.4 P3:324.35 P4:324.35 STATE:IDLE
[2026-05-11 18:17:17Z] CHK MOM:0.09% RANGE:0.09% UP:42.85% SPREAD:0.03082614% BID:324.4 ASK:324.5 MID:324.45 P1:324.45 P2:324.4 P3:324.35 P4:324.35 STATE:IDLE
[2026-05-11 18:17:17Z] CHK MOM:0.09% RANGE:0.09% UP:42.85% SPREAD:0.03082614% BID:324.4 ASK:324.5 MID:324.45 P1:324.45 P2:324.4 P3:324.35 P4:324.35 STATE:IDLE
[2026-05-11 18:17:18Z] CHK MOM:0.09% RANGE:0.09% UP:42.85% SPREAD:0.03082614% BID:324.4 ASK:324.5 MID:324.45 P1:324.45 P2:324.4 P3:324.35 P4:324.35 STATE:IDLE
[2026-05-11 18:17:18Z] CHK MOM:0.09% RANGE:0.09% UP:46.15% SPREAD:0.03082614% BID:324.4 ASK:324.5 MID:324.45 P1:324.45 P2:324.45 P3:324.4 P4:324.35 STATE:IDLE
[2026-05-11 18:17:19Z] CHK MOM:0.06% RANGE:0.09% UP:38.46% SPREAD:0.03082614% BID:324.4 ASK:324.5 MID:324.45 P1:324.45 P2:324.45 P3:324.45 P4:324.4 STATE:IDLE
[2026-05-11 18:17:19Z] CHK MOM:0.07% RANGE:0.09% UP:41.66% SPREAD:0.06165228% BID:324.4 ASK:324.6 MID:324.5 P1:324.5 P2:324.45 P3:324.45 P4:324.45 STATE:IDLE
[2026-05-11 18:17:20Z] CHK MOM:0.09% RANGE:0.1% UP:46.15% SPREAD:0.03081664% BID:324.5 ASK:324.6 MID:324.55 P1:324.55 P2:324.5 P3:324.45 P4:324.45 STATE:IDLE
[2026-05-11 18:17:20Z] CHK MOM:0.09% RANGE:0.1% UP:46.15% SPREAD:0.03081664% BID:324.5 ASK:324.6 MID:324.55 P1:324.55 P2:324.5 P3:324.45 P4:324.45 STATE:IDLE
[2026-05-11 18:17:21Z] CHK MOM:0.1% RANGE:0.12% UP:53.84% SPREAD:0.06163328% BID:324.5 ASK:324.7 MID:324.6 P1:324.6 P2:324.55 P3:324.5 P4:324.45 STATE:IDLE
[2026-05-11 18:17:22Z] CHK MOM:0.1% RANGE:0.12% UP:50% SPREAD:0.06163328% BID:324.5 ASK:324.7 MID:324.6 P1:324.6 P2:324.6 P3:324.55 P4:324.5 STATE:IDLE
[2026-05-11 18:17:22Z] CHK MOM:0.09% RANGE:0.12% UP:46.66% SPREAD:0.03081664% BID:324.5 ASK:324.6 MID:324.55 P1:324.55 P2:324.6 P3:324.6 P4:324.55 STATE:IDLE
[2026-05-11 18:17:23Z] CHK MOM:0.09% RANGE:0.12% UP:46.66% SPREAD:0.03081664% BID:324.5 ASK:324.6 MID:324.55 P1:324.55 P2:324.6 P3:324.6 P4:324.55 STATE:IDLE
[2026-05-11 18:17:23Z] CHK MOM:0.1% RANGE:0.12% UP:50% SPREAD:0.03081664% BID:324.5 ASK:324.6 MID:324.55 P1:324.55 P2:324.55 P3:324.6 P4:324.6 STATE:IDLE
[2026-05-11 18:17:24Z] CHK MOM:0.09% RANGE:0.12% UP:46.66% SPREAD:0.06165228% BID:324.4 ASK:324.6 MID:324.5 P1:324.5 P2:324.55 P3:324.55 P4:324.6 STATE:IDLE
[2026-05-11 18:17:24Z] CHK MOM:0.1% RANGE:0.12% UP:50% SPREAD:0.03081664% BID:324.5 ASK:324.6 MID:324.55 P1:324.55 P2:324.5 P3:324.55 P4:324.55 STATE:IDLE
[2026-05-11 18:17:25Z] CHK MOM:0.09% RANGE:0.1% UP:43.75% SPREAD:0.03081664% BID:324.5 ASK:324.6 MID:324.55 P1:324.55 P2:324.55 P3:324.5 P4:324.55 STATE:IDLE
[2026-05-11 18:17:25Z] CHK MOM:0.09% RANGE:0.1% UP:43.75% SPREAD:0.03081664% BID:324.5 ASK:324.6 MID:324.55 P1:324.55 P2:324.55 P3:324.5 P4:324.55 STATE:IDLE
[2026-05-11 18:17:26Z] CHK MOM:0.09% RANGE:0.1% UP:43.75% SPREAD:0.03081664% BID:324.5 ASK:324.6 MID:324.55 P1:324.55 P2:324.55 P3:324.5 P4:324.55 STATE:IDLE
[2026-05-11 18:17:27Z] CHK MOM:0.09% RANGE:0.1% UP:43.75% SPREAD:0.03081664% BID:324.5 ASK:324.6 MID:324.55 P1:324.55 P2:324.55 P3:324.5 P4:324.55 STATE:IDLE
[2026-05-11 18:17:27Z] CHK MOM:0.09% RANGE:0.1% UP:43.75% SPREAD:0.03081664% BID:324.5 ASK:324.6 MID:324.55 P1:324.55 P2:324.55 P3:324.5 P4:324.55 STATE:IDLE
[2026-05-11 18:17:28Z] CHK MOM:0.03% RANGE:0.04% UP:33.33% SPREAD:0.03081664% BID:324.5 ASK:324.6 MID:324.55 P1:324.55 P2:324.55 P3:324.55 P4:324.5 STATE:IDLE
[2026-05-11 18:17:28Z] CHK MOM:0.03% RANGE:0.04% UP:30.76% SPREAD:0.03081664% BID:324.5 ASK:324.6 MID:324.55 P1:324.55 P2:324.55 P3:324.55 P4:324.55 STATE:IDLE
[2026-05-11 18:17:29Z] CHK MOM:0.03% RANGE:0.04% UP:30.76% SPREAD:0.03081664% BID:324.5 ASK:324.6 MID:324.55 P1:324.55 P2:324.55 P3:324.55 P4:324.55 STATE:IDLE
[2026-05-11 18:17:29Z] CHK MOM:0.03% RANGE:0.04% UP:30.76% SPREAD:0.03081664% BID:324.5 ASK:324.6 MID:324.55 P1:324.55 P2:324.55 P3:324.55 P4:324.55 STATE:IDLE
[2026-05-11 18:17:30Z] CHK MOM:0.03% RANGE:0.04% UP:30.76% SPREAD:0.03081664% BID:324.5 ASK:324.6 MID:324.55 P1:324.55 P2:324.55 P3:324.55 P4:324.55 STATE:IDLE
[2026-05-11 18:17:30Z] CHK MOM:0.03% RANGE:0.04% UP:30.76% SPREAD:0.03081664% BID:324.5 ASK:324.6 MID:324.55 P1:324.55 P2:324.55 P3:324.55 P4:324.55 STATE:IDLE
[2026-05-11 18:17:31Z] CHK MOM:0.03% RANGE:0.04% UP:30.76% SPREAD:0.03081664% BID:324.5 ASK:324.6 MID:324.55 P1:324.55 P2:324.55 P3:324.55 P4:324.55 STATE:IDLE
[2026-05-11 18:17:32Z] CHK MOM:0.03% RANGE:0.04% UP:30.76% SPREAD:0.03081664% BID:324.5 ASK:324.6 MID:324.55 P1:324.55 P2:324.55 P3:324.55 P4:324.55 STATE:IDLE
[2026-05-11 18:17:32Z] CHK MOM:0.03% RANGE:0.04% UP:30.76% SPREAD:0.03081664% BID:324.5 ASK:324.6 MID:324.55 P1:324.55 P2:324.55 P3:324.55 P4:324.55 STATE:IDLE
[2026-05-11 18:17:35Z] CHK MOM:0% RANGE:0.01% UP:14.28% SPREAD:0.03081664% BID:324.5 ASK:324.6 MID:324.55 P1:324.55 P2:324.55 P3:324.55 P4:324.55 STATE:IDLE
[2026-05-11 18:17:35Z] CHK MOM:-0.01% RANGE:0.01% UP:12.5% SPREAD:0.06165228% BID:324.4 ASK:324.6 MID:324.5 P1:324.5 P2:324.55 P3:324.55 P4:324.55 STATE:IDLE
[2026-05-11 18:17:36Z] CHK MOM:-0.03% RANGE:0.04% UP:12.5% SPREAD:0.06167129% BID:324.3 ASK:324.5 MID:324.4 P1:324.4 P2:324.5 P3:324.55 P4:324.55 STATE:IDLE
[2026-05-11 18:17:37Z] CHK MOM:-0.03% RANGE:0.04% UP:14.28% SPREAD:0.03082614% BID:324.4 ASK:324.5 MID:324.45 P1:324.45 P2:324.4 P3:324.5 P4:324.55 STATE:IDLE
[2026-05-11 18:17:37Z] CHK MOM:-0.03% RANGE:0.04% UP:14.28% SPREAD:0.03082614% BID:324.4 ASK:324.5 MID:324.45 P1:324.45 P2:324.4 P3:324.5 P4:324.55 STATE:IDLE
[2026-05-11 18:17:38Z] CHK MOM:-0.03% RANGE:0.04% UP:14.28% SPREAD:0.03082614% BID:324.4 ASK:324.5 MID:324.45 P1:324.45 P2:324.4 P3:324.5 P4:324.55 STATE:IDLE
[2026-05-11 18:17:38Z] CHK MOM:-0.03% RANGE:0.04% UP:14.28% SPREAD:0.03082614% BID:324.4 ASK:324.5 MID:324.45 P1:324.45 P2:324.4 P3:324.5 P4:324.55 STATE:IDLE
[2026-05-11 18:17:39Z] CHK MOM:-0.04% RANGE:0.04% UP:14.28% SPREAD:0.06167129% BID:324.3 ASK:324.5 MID:324.4 P1:324.4 P2:324.45 P3:324.4 P4:324.5 STATE:IDLE
[2026-05-11 18:17:39Z] CHK MOM:-0.06% RANGE:0.06% UP:12.5% SPREAD:0.03083564% BID:324.3 ASK:324.4 MID:324.35 P1:324.35 P2:324.4 P3:324.45 P4:324.4 STATE:IDLE
[2026-05-11 18:17:40Z] CHK MOM:-0.06% RANGE:0.06% UP:11.11% SPREAD:0.03083564% BID:324.3 ASK:324.4 MID:324.35 P1:324.35 P2:324.35 P3:324.4 P4:324.45 STATE:IDLE
[2026-05-11 18:17:40Z] CHK MOM:-0.06% RANGE:0.06% UP:12.5% SPREAD:0.03083564% BID:324.3 ASK:324.4 MID:324.35 P1:324.35 P2:324.35 P3:324.35 P4:324.4 STATE:IDLE
[2026-05-11 18:17:41Z] CHK MOM:-0.06% RANGE:0.06% UP:12.5% SPREAD:0.03083564% BID:324.3 ASK:324.4 MID:324.35 P1:324.35 P2:324.35 P3:324.35 P4:324.4 STATE:IDLE
[2026-05-11 18:17:41Z] CHK MOM:-0.07% RANGE:0.07% UP:11.11% SPREAD:0.06169031% BID:324.2 ASK:324.4 MID:324.29999999 P1:324.29999999 P2:324.35 P3:324.35 P4:324.35 STATE:IDLE
[2026-05-11 18:17:42Z] CHK MOM:-0.09% RANGE:0.09% UP:11.11% SPREAD:0.03084515% BID:324.2 ASK:324.3 MID:324.25 P1:324.25 P2:324.29999999 P3:324.35 P4:324.35 STATE:IDLE
[2026-05-11 18:17:43Z] CHK MOM:-0.06% RANGE:0.09% UP:20% SPREAD:0.03083564% BID:324.3 ASK:324.4 MID:324.35 P1:324.35 P2:324.25 P3:324.29999999 P4:324.35 STATE:IDLE
[2026-05-11 18:17:43Z] CHK MOM:-0.03% RANGE:0.09% UP:27.27% SPREAD:0.03082614% BID:324.4 ASK:324.5 MID:324.45 P1:324.45 P2:324.35 P3:324.25 P4:324.29999999 STATE:IDLE
[2026-05-11 18:17:44Z] CHK MOM:-0.03% RANGE:0.09% UP:25% SPREAD:0.03082614% BID:324.4 ASK:324.5 MID:324.45 P1:324.45 P2:324.45 P3:324.35 P4:324.25 STATE:IDLE
[2026-05-11 18:17:44Z] CHK MOM:-0.03% RANGE:0.09% UP:25% SPREAD:0.03082614% BID:324.4 ASK:324.5 MID:324.45 P1:324.45 P2:324.45 P3:324.35 P4:324.25 STATE:IDLE
[2026-05-11 18:17:45Z] CHK MOM:-0.03% RANGE:0.09% UP:25% SPREAD:0.03082614% BID:324.4 ASK:324.5 MID:324.45 P1:324.45 P2:324.45 P3:324.35 P4:324.25 STATE:IDLE
[2026-05-11 18:17:45Z] CHK MOM:-0.03% RANGE:0.09% UP:25% SPREAD:0.03082614% BID:324.4 ASK:324.5 MID:324.45 P1:324.45 P2:324.45 P3:324.35 P4:324.25 STATE:IDLE
[2026-05-11 18:17:46Z] CHK MOM:-0.03% RANGE:0.09% UP:23.07% SPREAD:0.03082614% BID:324.4 ASK:324.5 MID:324.45 P1:324.45 P2:324.45 P3:324.45 P4:324.35 STATE:IDLE
[2026-05-11 18:17:46Z] CHK MOM:-0.03% RANGE:0.09% UP:23.07% SPREAD:0.03082614% BID:324.4 ASK:324.5 MID:324.45 P1:324.45 P2:324.45 P3:324.45 P4:324.35 STATE:IDLE
[2026-05-11 18:17:47Z] CHK MOM:-0.03% RANGE:0.09% UP:23.07% SPREAD:0.03082614% BID:324.4 ASK:324.5 MID:324.45 P1:324.45 P2:324.45 P3:324.45 P4:324.35 STATE:IDLE
[2026-05-11 18:17:48Z] CHK MOM:0.04% RANGE:0.09% UP:33.33% SPREAD:0.03081664% BID:324.5 ASK:324.6 MID:324.55 P1:324.55 P2:324.45 P3:324.45 P4:324.45 STATE:IDLE
[2026-05-11 18:17:48Z] CHK MOM:0.01% RANGE:0.09% UP:27.27% SPREAD:0.03082614% BID:324.4 ASK:324.5 MID:324.45 P1:324.45 P2:324.55 P3:324.45 P4:324.45 STATE:IDLE
[2026-05-11 18:17:49Z] CHK MOM:0.01% RANGE:0.09% UP:27.27% SPREAD:0.03082614% BID:324.4 ASK:324.5 MID:324.45 P1:324.45 P2:324.55 P3:324.45 P4:324.45 STATE:IDLE
[2026-05-11 18:17:49Z] CHK MOM:0.04% RANGE:0.09% UP:33.33% SPREAD:0.03081664% BID:324.5 ASK:324.6 MID:324.55 P1:324.55 P2:324.45 P3:324.55 P4:324.45 STATE:IDLE
