[2026-05-04 16:53:53Z] SESSION_START symbol=TONUSDC dry_run=0 profile=major strategy=momentum base_url=https://api.binance.com
[2026-05-04 16:53:53Z] TOXIC_MEMORY_LOADED count=3 symbols=GUNUSDC,JTOUSDC,SAHARAUSDC
[2026-05-04 16:54:01Z] CHK MOM:0% RANGE:0% UP:0% SPREAD:0.07037297% BID:1.421 ASK:1.422 MID:1.4215 P1:1.4215 P2:NA P3:NA P4:NA STATE:IDLE
[2026-05-04 16:54:01Z] CHK MOM:0% RANGE:0% UP:0% SPREAD:0.07037297% BID:1.421 ASK:1.422 MID:1.4215 P1:1.4215 P2:1.4215 P3:NA P4:NA STATE:IDLE
[2026-05-04 16:54:02Z] CHK MOM:0% RANGE:0% UP:0% SPREAD:0.07037297% BID:1.421 ASK:1.422 MID:1.4215 P1:1.4215 P2:1.4215 P3:1.4215 P4:NA STATE:IDLE
[2026-05-04 16:54:02Z] CHK MOM:0% RANGE:0% UP:0% SPREAD:0.07037297% BID:1.421 ASK:1.422 MID:1.4215 P1:1.4215 P2:1.4215 P3:1.4215 P4:NA STATE:IDLE
[2026-05-04 16:54:03Z] CHK MOM:0% RANGE:0% UP:0% SPREAD:0.07037297% BID:1.421 ASK:1.422 MID:1.4215 P1:1.4215 P2:1.4215 P3:1.4215 P4:NA STATE:IDLE
[2026-05-04 16:54:03Z] CHK MOM:0% RANGE:0% UP:0% SPREAD:0.07037297% BID:1.421 ASK:1.422 MID:1.4215 P1:1.4215 P2:1.4215 P3:1.4215 P4:NA STATE:IDLE
[2026-05-04 16:54:04Z] CHK MOM:0% RANGE:0% UP:0% SPREAD:0.07037297% BID:1.421 ASK:1.422 MID:1.4215 P1:1.4215 P2:1.4215 P3:1.4215 P4:1.4215 STATE:IDLE
[2026-05-04 16:54:04Z] CHK MOM:0% RANGE:0% UP:0% SPREAD:0.07037297% BID:1.421 ASK:1.422 MID:1.4215 P1:1.4215 P2:1.4215 P3:1.4215 P4:1.4215 STATE:IDLE
[2026-05-04 16:54:05Z] CHK MOM:0% RANGE:0% UP:0% SPREAD:0.07037297% BID:1.421 ASK:1.422 MID:1.4215 P1:1.4215 P2:1.4215 P3:1.4215 P4:1.4215 STATE:IDLE
[2026-05-04 16:54:05Z] CHK MOM:0% RANGE:0% UP:0% SPREAD:0.07037297% BID:1.421 ASK:1.422 MID:1.4215 P1:1.4215 P2:1.4215 P3:1.4215 P4:1.4215 STATE:IDLE
[2026-05-04 16:54:06Z] CHK MOM:0% RANGE:0% UP:0% SPREAD:0.07037297% BID:1.421 ASK:1.422 MID:1.4215 P1:1.4215 P2:1.4215 P3:1.4215 P4:1.4215 STATE:IDLE
[2026-05-04 16:54:06Z] CHK MOM:0% RANGE:0% UP:0% SPREAD:0.07037297% BID:1.421 ASK:1.422 MID:1.4215 P1:1.4215 P2:1.4215 P3:1.4215 P4:1.4215 STATE:IDLE
[2026-05-04 16:54:07Z] CHK MOM:0% RANGE:0% UP:0% SPREAD:0.07037297% BID:1.421 ASK:1.422 MID:1.4215 P1:1.4215 P2:1.4215 P3:1.4215 P4:1.4215 STATE:IDLE
[2026-05-04 16:54:08Z] CHK MOM:-0.07% RANGE:0.07% UP:0% SPREAD:0.07042253% BID:1.42 ASK:1.421 MID:1.4205 P1:1.4205 P2:1.4215 P3:1.4215 P4:1.4215 STATE:IDLE
[2026-05-04 16:54:09Z] CHK MOM:-0.07% RANGE:0.07% UP:0% SPREAD:0.07042253% BID:1.42 ASK:1.421 MID:1.4205 P1:1.4205 P2:1.4205 P3:1.4215 P4:1.4215 STATE:IDLE
[2026-05-04 16:54:09Z] CHK MOM:-0.07% RANGE:0.07% UP:0% SPREAD:0.07042253% BID:1.42 ASK:1.421 MID:1.4205 P1:1.4205 P2:1.4205 P3:1.4215 P4:1.4215 STATE:IDLE
[2026-05-04 16:54:10Z] CHK MOM:-0.07% RANGE:0.07% UP:0% SPREAD:0.07042253% BID:1.42 ASK:1.421 MID:1.4205 P1:1.4205 P2:1.4205 P3:1.4215 P4:1.4215 STATE:IDLE
[2026-05-04 16:54:10Z] CHK MOM:-0.07% RANGE:0.07% UP:0% SPREAD:0.07042253% BID:1.42 ASK:1.421 MID:1.4205 P1:1.4205 P2:1.4205 P3:1.4205 P4:1.4215 STATE:IDLE
[2026-05-04 16:54:11Z] CHK MOM:-0.07% RANGE:0.07% UP:0% SPREAD:0.07042253% BID:1.42 ASK:1.421 MID:1.4205 P1:1.4205 P2:1.4205 P3:1.4205 P4:1.4215 STATE:IDLE
[2026-05-04 16:54:12Z] CHK MOM:-0.07% RANGE:0.07% UP:0% SPREAD:0.07042253% BID:1.42 ASK:1.421 MID:1.4205 P1:1.4205 P2:1.4205 P3:1.4205 P4:1.4215 STATE:IDLE
[2026-05-04 16:54:12Z] CHK MOM:-0.07% RANGE:0.07% UP:0% SPREAD:0.07042253% BID:1.42 ASK:1.421 MID:1.4205 P1:1.4205 P2:1.4205 P3:1.4205 P4:1.4215 STATE:IDLE
[2026-05-04 16:54:13Z] CHK MOM:0.03% RANGE:0.03% UP:33.33% SPREAD:0.14084507% BID:1.42 ASK:1.422 MID:1.42099999 P1:1.42099999 P2:1.4205 P3:1.4205 P4:1.4205 STATE:IDLE
[2026-05-04 16:54:13Z] CHK MOM:0.03% RANGE:0.03% UP:33.33% SPREAD:0.14084507% BID:1.42 ASK:1.422 MID:1.42099999 P1:1.42099999 P2:1.4205 P3:1.4205 P4:1.4205 STATE:IDLE
[2026-05-04 16:54:14Z] CHK MOM:0.03% RANGE:0.03% UP:25% SPREAD:0.14084507% BID:1.42 ASK:1.422 MID:1.42099999 P1:1.42099999 P2:1.42099999 P3:1.4205 P4:1.4205 STATE:IDLE
[2026-05-04 16:54:14Z] CHK MOM:0.03% RANGE:0.03% UP:25% SPREAD:0.14084507% BID:1.42 ASK:1.422 MID:1.42099999 P1:1.42099999 P2:1.42099999 P3:1.4205 P4:1.4205 STATE:IDLE
[2026-05-04 16:54:15Z] CHK MOM:0.03% RANGE:0.03% UP:20% SPREAD:0.14084507% BID:1.42 ASK:1.422 MID:1.42099999 P1:1.42099999 P2:1.42099999 P3:1.42099999 P4:1.4205 STATE:IDLE
[2026-05-04 16:54:15Z] CHK MOM:0.03% RANGE:0.03% UP:20% SPREAD:0.14084507% BID:1.42 ASK:1.422 MID:1.42099999 P1:1.42099999 P2:1.42099999 P3:1.42099999 P4:1.4205 STATE:IDLE
[2026-05-04 16:54:16Z] CHK MOM:0.03% RANGE:0.03% UP:20% SPREAD:0.14084507% BID:1.42 ASK:1.422 MID:1.42099999 P1:1.42099999 P2:1.42099999 P3:1.42099999 P4:1.4205 STATE:IDLE
[2026-05-04 16:54:17Z] CHK MOM:0.03% RANGE:0.03% UP:16.66% SPREAD:0.14084507% BID:1.42 ASK:1.422 MID:1.42099999 P1:1.42099999 P2:1.42099999 P3:1.42099999 P4:1.42099999 STATE:IDLE
[2026-05-04 16:54:17Z] CHK MOM:0.07% RANGE:0.07% UP:33.33% SPREAD:0.07037297% BID:1.421 ASK:1.422 MID:1.4215 P1:1.4215 P2:1.42099999 P3:1.42099999 P4:1.42099999 STATE:IDLE
[2026-05-04 16:54:18Z] CHK MOM:0.07% RANGE:0.07% UP:33.33% SPREAD:0.07037297% BID:1.421 ASK:1.422 MID:1.4215 P1:1.4215 P2:1.42099999 P3:1.42099999 P4:1.42099999 STATE:IDLE
[2026-05-04 16:54:18Z] CHK MOM:0.07% RANGE:0.07% UP:33.33% SPREAD:0.07037297% BID:1.421 ASK:1.422 MID:1.4215 P1:1.4215 P2:1.42099999 P3:1.42099999 P4:1.42099999 STATE:IDLE
[2026-05-04 16:54:19Z] CHK MOM:0.03% RANGE:0.03% UP:20% SPREAD:0.07037297% BID:1.421 ASK:1.422 MID:1.4215 P1:1.4215 P2:1.4215 P3:1.42099999 P4:1.42099999 STATE:IDLE
[2026-05-04 16:54:19Z] CHK MOM:0.03% RANGE:0.03% UP:20% SPREAD:0.07037297% BID:1.421 ASK:1.422 MID:1.4215 P1:1.4215 P2:1.4215 P3:1.42099999 P4:1.42099999 STATE:IDLE
[2026-05-04 16:54:20Z] CHK MOM:0.03% RANGE:0.03% UP:20% SPREAD:0.07037297% BID:1.421 ASK:1.422 MID:1.4215 P1:1.4215 P2:1.4215 P3:1.42099999 P4:1.42099999 STATE:IDLE
[2026-05-04 16:54:20Z] CHK MOM:0.03% RANGE:0.03% UP:16.66% SPREAD:0.07037297% BID:1.421 ASK:1.422 MID:1.4215 P1:1.4215 P2:1.4215 P3:1.4215 P4:1.42099999 STATE:IDLE
[2026-05-04 16:54:21Z] CHK MOM:0.03% RANGE:0.03% UP:16.66% SPREAD:0.07037297% BID:1.421 ASK:1.422 MID:1.4215 P1:1.4215 P2:1.4215 P3:1.4215 P4:1.42099999 STATE:IDLE
[2026-05-04 16:54:21Z] CHK MOM:0.03% RANGE:0.03% UP:16.66% SPREAD:0.07037297% BID:1.421 ASK:1.422 MID:1.4215 P1:1.4215 P2:1.4215 P3:1.4215 P4:1.42099999 STATE:IDLE
[2026-05-04 16:54:22Z] CHK MOM:0.1% RANGE:0.1% UP:40% SPREAD:0.07032348% BID:1.422 ASK:1.423 MID:1.42249999 P1:1.42249999 P2:1.4215 P3:1.4215 P4:1.4215 STATE:IDLE
[2026-05-04 16:54:23Z] CHK MOM:0.1% RANGE:0.1% UP:40% SPREAD:0.07032348% BID:1.422 ASK:1.423 MID:1.42249999 P1:1.42249999 P2:1.4215 P3:1.4215 P4:1.4215 STATE:IDLE
[2026-05-04 16:54:23Z] CHK MOM:0.1% RANGE:0.1% UP:40% SPREAD:0.07032348% BID:1.422 ASK:1.423 MID:1.42249999 P1:1.42249999 P2:1.4215 P3:1.4215 P4:1.4215 STATE:IDLE
[2026-05-04 16:54:24Z] CHK MOM:0.1% RANGE:0.1% UP:40% SPREAD:0.07032348% BID:1.422 ASK:1.423 MID:1.42249999 P1:1.42249999 P2:1.4215 P3:1.4215 P4:1.4215 STATE:IDLE
[2026-05-04 16:54:24Z] CHK MOM:0.1% RANGE:0.1% UP:40% SPREAD:0.07032348% BID:1.422 ASK:1.423 MID:1.42249999 P1:1.42249999 P2:1.4215 P3:1.4215 P4:1.4215 STATE:IDLE
[2026-05-04 16:54:28Z] CHK MOM:0% RANGE:0.07% UP:50% SPREAD:0.07037297% BID:1.421 ASK:1.422 MID:1.4215 P1:1.4215 P2:1.42249999 P3:1.4215 P4:1.4215 STATE:IDLE
[2026-05-04 16:54:28Z] CHK MOM:0% RANGE:0.07% UP:33.33% SPREAD:0.07037297% BID:1.421 ASK:1.422 MID:1.4215 P1:1.4215 P2:1.4215 P3:1.42249999 P4:1.4215 STATE:IDLE
[2026-05-04 16:54:29Z] CHK MOM:-0.07% RANGE:0.07% UP:0% SPREAD:0.07037297% BID:1.421 ASK:1.422 MID:1.4215 P1:1.4215 P2:1.4215 P3:1.4215 P4:1.42249999 STATE:IDLE
[2026-05-04 16:54:29Z] CHK MOM:-0.07% RANGE:0.07% UP:0% SPREAD:0.07037297% BID:1.421 ASK:1.422 MID:1.4215 P1:1.4215 P2:1.4215 P3:1.4215 P4:1.42249999 STATE:IDLE
[2026-05-04 16:54:30Z] CHK MOM:-0.07% RANGE:0.07% UP:0% SPREAD:0.07037297% BID:1.421 ASK:1.422 MID:1.4215 P1:1.4215 P2:1.4215 P3:1.4215 P4:1.42249999 STATE:IDLE
[2026-05-04 16:54:30Z] CHK MOM:-0.07% RANGE:0.07% UP:0% SPREAD:0.07037297% BID:1.421 ASK:1.422 MID:1.4215 P1:1.4215 P2:1.4215 P3:1.4215 P4:1.42249999 STATE:IDLE
[2026-05-04 16:54:31Z] CHK MOM:-0.07% RANGE:0.07% UP:0% SPREAD:0.07037297% BID:1.421 ASK:1.422 MID:1.4215 P1:1.4215 P2:1.4215 P3:1.4215 P4:1.42249999 STATE:IDLE
[2026-05-04 16:54:31Z] CHK MOM:-0.07% RANGE:0.07% UP:0% SPREAD:0.07037297% BID:1.421 ASK:1.422 MID:1.4215 P1:1.4215 P2:1.4215 P3:1.4215 P4:1.42249999 STATE:IDLE
[2026-05-04 16:54:34Z] CHK MOM:0% RANGE:0% UP:0% SPREAD:0.07037297% BID:1.421 ASK:1.422 MID:1.4215 P1:1.4215 P2:1.4215 P3:1.4215 P4:1.4215 STATE:IDLE
[2026-05-04 16:54:34Z] CHK MOM:0% RANGE:0% UP:0% SPREAD:0.07037297% BID:1.421 ASK:1.422 MID:1.4215 P1:1.4215 P2:1.4215 P3:1.4215 P4:1.4215 STATE:IDLE
[2026-05-04 16:54:35Z] CHK MOM:0% RANGE:0% UP:0% SPREAD:0.07037297% BID:1.421 ASK:1.422 MID:1.4215 P1:1.4215 P2:1.4215 P3:1.4215 P4:1.4215 STATE:IDLE
[2026-05-04 16:54:35Z] CHK MOM:0% RANGE:0% UP:0% SPREAD:0.07037297% BID:1.421 ASK:1.422 MID:1.4215 P1:1.4215 P2:1.4215 P3:1.4215 P4:1.4215 STATE:IDLE
[2026-05-04 16:54:36Z] CHK MOM:0% RANGE:0% UP:0% SPREAD:0.07037297% BID:1.421 ASK:1.422 MID:1.4215 P1:1.4215 P2:1.4215 P3:1.4215 P4:1.4215 STATE:IDLE
[2026-05-04 16:54:37Z] CHK MOM:0% RANGE:0% UP:0% SPREAD:0.07037297% BID:1.421 ASK:1.422 MID:1.4215 P1:1.4215 P2:1.4215 P3:1.4215 P4:1.4215 STATE:IDLE
[2026-05-04 16:54:38Z] CHK MOM:-0.07% RANGE:0.07% UP:0% SPREAD:0.07042253% BID:1.42 ASK:1.421 MID:1.4205 P1:1.4205 P2:1.4215 P3:1.4215 P4:1.4215 STATE:IDLE
[2026-05-04 16:54:38Z] CHK MOM:-0.07% RANGE:0.07% UP:0% SPREAD:0.07042253% BID:1.42 ASK:1.421 MID:1.4205 P1:1.4205 P2:1.4205 P3:1.4215 P4:1.4215 STATE:IDLE
[2026-05-04 16:54:39Z] CHK MOM:-0.07% RANGE:0.07% UP:0% SPREAD:0.07042253% BID:1.42 ASK:1.421 MID:1.4205 P1:1.4205 P2:1.4205 P3:1.4205 P4:1.4215 STATE:IDLE
[2026-05-04 16:54:40Z] CHK MOM:-0.07% RANGE:0.07% UP:0% SPREAD:0.07042253% BID:1.42 ASK:1.421 MID:1.4205 P1:1.4205 P2:1.4205 P3:1.4205 P4:1.4205 STATE:IDLE
[2026-05-04 16:54:40Z] CHK MOM:-0.07% RANGE:0.07% UP:0% SPREAD:0.07042253% BID:1.42 ASK:1.421 MID:1.4205 P1:1.4205 P2:1.4205 P3:1.4205 P4:1.4205 STATE:IDLE
[2026-05-04 16:54:41Z] CHK MOM:-0.07% RANGE:0.07% UP:0% SPREAD:0.07042253% BID:1.42 ASK:1.421 MID:1.4205 P1:1.4205 P2:1.4205 P3:1.4205 P4:1.4205 STATE:IDLE
[2026-05-04 16:54:41Z] CHK MOM:-0.07% RANGE:0.07% UP:0% SPREAD:0.07042253% BID:1.42 ASK:1.421 MID:1.4205 P1:1.4205 P2:1.4205 P3:1.4205 P4:1.4205 STATE:IDLE
[2026-05-04 16:54:42Z] CHK MOM:-0.07% RANGE:0.07% UP:0% SPREAD:0.07042253% BID:1.42 ASK:1.421 MID:1.4205 P1:1.4205 P2:1.4205 P3:1.4205 P4:1.4205 STATE:IDLE
[2026-05-04 16:54:42Z] CHK MOM:-0.07% RANGE:0.07% UP:0% SPREAD:0.07042253% BID:1.42 ASK:1.421 MID:1.4205 P1:1.4205 P2:1.4205 P3:1.4205 P4:1.4205 STATE:IDLE
[2026-05-04 16:54:46Z] CHK MOM:-0.07% RANGE:0.07% UP:0% SPREAD:0.07042253% BID:1.42 ASK:1.421 MID:1.4205 P1:1.4205 P2:1.4205 P3:1.4205 P4:1.4205 STATE:IDLE
[2026-05-04 16:54:46Z] CHK MOM:-0.07% RANGE:0.07% UP:0% SPREAD:0.07042253% BID:1.42 ASK:1.421 MID:1.4205 P1:1.4205 P2:1.4205 P3:1.4205 P4:1.4205 STATE:IDLE
[2026-05-04 16:54:47Z] CHK MOM:-0.07% RANGE:0.07% UP:0% SPREAD:0.07042253% BID:1.42 ASK:1.421 MID:1.4205 P1:1.4205 P2:1.4205 P3:1.4205 P4:1.4205 STATE:IDLE
[2026-05-04 16:54:47Z] CHK MOM:-0.07% RANGE:0.07% UP:0% SPREAD:0.07042253% BID:1.42 ASK:1.421 MID:1.4205 P1:1.4205 P2:1.4205 P3:1.4205 P4:1.4205 STATE:IDLE
[2026-05-04 16:54:48Z] CHK MOM:-0.07% RANGE:0.07% UP:0% SPREAD:0.07042253% BID:1.42 ASK:1.421 MID:1.4205 P1:1.4205 P2:1.4205 P3:1.4205 P4:1.4205 STATE:IDLE
[2026-05-04 16:54:52Z] CHK MOM:0.07% RANGE:0.07% UP:100% SPREAD:0.07037297% BID:1.421 ASK:1.422 MID:1.4215 P1:1.4215 P2:1.4205 P3:1.4205 P4:1.4205 STATE:IDLE
[2026-05-04 16:54:52Z] CHK MOM:0.07% RANGE:0.07% UP:100% SPREAD:0.07037297% BID:1.421 ASK:1.422 MID:1.4215 P1:1.4215 P2:1.4205 P3:1.4205 P4:1.4205 STATE:IDLE
[2026-05-04 16:54:53Z] CHK MOM:0.07% RANGE:0.07% UP:100% SPREAD:0.07037297% BID:1.421 ASK:1.422 MID:1.4215 P1:1.4215 P2:1.4205 P3:1.4205 P4:1.4205 STATE:IDLE
[2026-05-04 16:54:53Z] CHK MOM:0.07% RANGE:0.07% UP:100% SPREAD:0.07037297% BID:1.421 ASK:1.422 MID:1.4215 P1:1.4215 P2:1.4205 P3:1.4205 P4:1.4205 STATE:IDLE
[2026-05-04 16:54:54Z] CHK MOM:0.07% RANGE:0.07% UP:100% SPREAD:0.07037297% BID:1.421 ASK:1.422 MID:1.4215 P1:1.4215 P2:1.4205 P3:1.4205 P4:1.4205 STATE:IDLE
[2026-05-04 16:54:56Z] CHK MOM:0% RANGE:0% UP:0% SPREAD:0.07037297% BID:1.421 ASK:1.422 MID:1.4215 P1:1.4215 P2:1.4215 P3:1.4205 P4:1.4205 STATE:IDLE
[2026-05-04 16:54:57Z] CHK MOM:0% RANGE:0% UP:0% SPREAD:0.07037297% BID:1.421 ASK:1.422 MID:1.4215 P1:1.4215 P2:1.4215 P3:1.4205 P4:1.4205 STATE:IDLE
[2026-05-04 16:54:58Z] CHK MOM:0% RANGE:0% UP:0% SPREAD:0.07037297% BID:1.421 ASK:1.422 MID:1.4215 P1:1.4215 P2:1.4215 P3:1.4205 P4:1.4205 STATE:IDLE
[2026-05-04 16:54:58Z] CHK MOM:0% RANGE:0% UP:0% SPREAD:0.07037297% BID:1.421 ASK:1.422 MID:1.4215 P1:1.4215 P2:1.4215 P3:1.4215 P4:1.4205 STATE:IDLE
[2026-05-04 16:54:59Z] CHK MOM:0.07% RANGE:0.07% UP:33.33% SPREAD:0.07032348% BID:1.422 ASK:1.423 MID:1.42249999 P1:1.42249999 P2:1.4215 P3:1.4215 P4:1.4215 STATE:IDLE
[2026-05-04 16:54:59Z] CHK MOM:0.07% RANGE:0.07% UP:33.33% SPREAD:0.07032348% BID:1.422 ASK:1.423 MID:1.42249999 P1:1.42249999 P2:1.42249999 P3:1.4215 P4:1.4215 STATE:IDLE
[2026-05-04 16:55:00Z] CHK MOM:0.07% RANGE:0.07% UP:25% SPREAD:0.07032348% BID:1.422 ASK:1.423 MID:1.42249999 P1:1.42249999 P2:1.42249999 P3:1.42249999 P4:1.4215 STATE:IDLE
[2026-05-04 16:55:00Z] CHK MOM:0.07% RANGE:0.07% UP:20% SPREAD:0.07032348% BID:1.422 ASK:1.423 MID:1.42249999 P1:1.42249999 P2:1.42249999 P3:1.42249999 P4:1.42249999 STATE:IDLE
[2026-05-04 16:55:01Z] CHK MOM:0.07% RANGE:0.07% UP:20% SPREAD:0.07032348% BID:1.422 ASK:1.423 MID:1.42249999 P1:1.42249999 P2:1.42249999 P3:1.42249999 P4:1.42249999 STATE:IDLE
[2026-05-04 16:55:01Z] CHK MOM:0.07% RANGE:0.07% UP:16.66% SPREAD:0.07032348% BID:1.422 ASK:1.423 MID:1.42249999 P1:1.42249999 P2:1.42249999 P3:1.42249999 P4:1.42249999 STATE:IDLE
[2026-05-04 16:55:02Z] CHK MOM:0.07% RANGE:0.07% UP:16.66% SPREAD:0.07032348% BID:1.422 ASK:1.423 MID:1.42249999 P1:1.42249999 P2:1.42249999 P3:1.42249999 P4:1.42249999 STATE:IDLE
[2026-05-04 16:55:03Z] CHK MOM:0.07% RANGE:0.07% UP:16.66% SPREAD:0.07032348% BID:1.422 ASK:1.423 MID:1.42249999 P1:1.42249999 P2:1.42249999 P3:1.42249999 P4:1.42249999 STATE:IDLE
[2026-05-04 16:55:04Z] CHK MOM:0.07% RANGE:0.07% UP:14.28% SPREAD:0.07032348% BID:1.422 ASK:1.423 MID:1.42249999 P1:1.42249999 P2:1.42249999 P3:1.42249999 P4:1.42249999 STATE:IDLE
[2026-05-04 16:55:04Z] CHK MOM:0.07% RANGE:0.07% UP:14.28% SPREAD:0.07032348% BID:1.422 ASK:1.423 MID:1.42249999 P1:1.42249999 P2:1.42249999 P3:1.42249999 P4:1.42249999 STATE:IDLE
[2026-05-04 16:55:05Z] CHK MOM:0.07% RANGE:0.07% UP:14.28% SPREAD:0.07032348% BID:1.422 ASK:1.423 MID:1.42249999 P1:1.42249999 P2:1.42249999 P3:1.42249999 P4:1.42249999 STATE:IDLE
[2026-05-04 16:55:05Z] CHK MOM:0.07% RANGE:0.07% UP:14.28% SPREAD:0.07032348% BID:1.422 ASK:1.423 MID:1.42249999 P1:1.42249999 P2:1.42249999 P3:1.42249999 P4:1.42249999 STATE:IDLE
[2026-05-04 16:55:10Z] CHK MOM:-0.14% RANGE:0.14% UP:0% SPREAD:0.07042253% BID:1.42 ASK:1.421 MID:1.4205 P1:1.4205 P2:1.42249999 P3:1.42249999 P4:1.42249999 STATE:IDLE
[2026-05-04 16:55:10Z] CHK MOM:-0.14% RANGE:0.14% UP:0% SPREAD:0.07042253% BID:1.42 ASK:1.421 MID:1.4205 P1:1.4205 P2:1.4205 P3:1.42249999 P4:1.42249999 STATE:IDLE
[2026-05-04 16:55:11Z] CHK MOM:-0.14% RANGE:0.14% UP:0% SPREAD:0.07042253% BID:1.42 ASK:1.421 MID:1.4205 P1:1.4205 P2:1.4205 P3:1.42249999 P4:1.42249999 STATE:IDLE
[2026-05-04 16:55:11Z] CHK MOM:-0.14% RANGE:0.14% UP:0% SPREAD:0.07042253% BID:1.42 ASK:1.421 MID:1.4205 P1:1.4205 P2:1.4205 P3:1.42249999 P4:1.42249999 STATE:IDLE
[2026-05-04 16:55:12Z] CHK MOM:-0.14% RANGE:0.14% UP:0% SPREAD:0.07042253% BID:1.42 ASK:1.421 MID:1.4205 P1:1.4205 P2:1.4205 P3:1.42249999 P4:1.42249999 STATE:IDLE
[2026-05-04 16:55:12Z] CHK MOM:0% RANGE:0% UP:0% SPREAD:0.07042253% BID:1.42 ASK:1.421 MID:1.4205 P1:1.4205 P2:1.4205 P3:1.4205 P4:1.42249999 STATE:IDLE
[2026-05-04 16:55:13Z] CHK MOM:0% RANGE:0% UP:0% SPREAD:0.07042253% BID:1.42 ASK:1.421 MID:1.4205 P1:1.4205 P2:1.4205 P3:1.4205 P4:1.42249999 STATE:IDLE
[2026-05-04 16:55:13Z] CHK MOM:0% RANGE:0% UP:0% SPREAD:0.07042253% BID:1.42 ASK:1.421 MID:1.4205 P1:1.4205 P2:1.4205 P3:1.4205 P4:1.42249999 STATE:IDLE
[2026-05-04 16:55:14Z] CHK MOM:0% RANGE:0% UP:0% SPREAD:0.07042253% BID:1.42 ASK:1.421 MID:1.4205 P1:1.4205 P2:1.4205 P3:1.4205 P4:1.42249999 STATE:IDLE
[2026-05-04 16:55:14Z] CHK MOM:0% RANGE:0% UP:0% SPREAD:0.07042253% BID:1.42 ASK:1.421 MID:1.4205 P1:1.4205 P2:1.4205 P3:1.4205 P4:1.42249999 STATE:IDLE
[2026-05-04 16:55:15Z] CHK MOM:0% RANGE:0% UP:0% SPREAD:0.07042253% BID:1.42 ASK:1.421 MID:1.4205 P1:1.4205 P2:1.4205 P3:1.4205 P4:1.4205 STATE:IDLE
[2026-05-04 16:55:16Z] CHK MOM:0% RANGE:0% UP:0% SPREAD:0.07042253% BID:1.42 ASK:1.421 MID:1.4205 P1:1.4205 P2:1.4205 P3:1.4205 P4:1.4205 STATE:IDLE
[2026-05-04 16:55:16Z] CHK MOM:0% RANGE:0% UP:0% SPREAD:0.07042253% BID:1.42 ASK:1.421 MID:1.4205 P1:1.4205 P2:1.4205 P3:1.4205 P4:1.4205 STATE:IDLE
[2026-05-04 16:55:17Z] CHK MOM:0% RANGE:0% UP:0% SPREAD:0.07042253% BID:1.42 ASK:1.421 MID:1.4205 P1:1.4205 P2:1.4205 P3:1.4205 P4:1.4205 STATE:IDLE
[2026-05-04 16:55:17Z] CHK MOM:0% RANGE:0% UP:0% SPREAD:0.07042253% BID:1.42 ASK:1.421 MID:1.4205 P1:1.4205 P2:1.4205 P3:1.4205 P4:1.4205 STATE:IDLE
[2026-05-04 16:55:31Z] CHK MOM:0% RANGE:0% UP:0% SPREAD:0.07037297% BID:1.421 ASK:1.422 MID:1.4215 P1:1.4215 P2:1.4205 P3:1.4205 P4:1.4205 STATE:IDLE
[2026-05-04 16:55:31Z] CHK MOM:0% RANGE:0% UP:0% SPREAD:0.07037297% BID:1.421 ASK:1.422 MID:1.4215 P1:1.4215 P2:1.4205 P3:1.4205 P4:1.4205 STATE:IDLE
[2026-05-04 16:55:32Z] CHK MOM:0% RANGE:0% UP:0% SPREAD:0.07037297% BID:1.421 ASK:1.422 MID:1.4215 P1:1.4215 P2:1.4205 P3:1.4205 P4:1.4205 STATE:IDLE
[2026-05-04 16:55:32Z] CHK MOM:0% RANGE:0% UP:0% SPREAD:0.07037297% BID:1.421 ASK:1.422 MID:1.4215 P1:1.4215 P2:1.4205 P3:1.4205 P4:1.4205 STATE:IDLE
[2026-05-04 16:55:33Z] CHK MOM:0% RANGE:0% UP:0% SPREAD:0.07037297% BID:1.421 ASK:1.422 MID:1.4215 P1:1.4215 P2:1.4205 P3:1.4205 P4:1.4205 STATE:IDLE
[2026-05-04 16:55:40Z] CHK MOM:0% RANGE:0% UP:0% SPREAD:0.07042253% BID:1.42 ASK:1.421 MID:1.4205 P1:1.4205 P2:1.4215 P3:1.4205 P4:1.4205 STATE:IDLE
[2026-05-04 16:55:40Z] CHK MOM:0% RANGE:0% UP:0% SPREAD:0.07042253% BID:1.42 ASK:1.421 MID:1.4205 P1:1.4205 P2:1.4205 P3:1.4215 P4:1.4205 STATE:IDLE
[2026-05-04 16:55:41Z] CHK MOM:0% RANGE:0% UP:0% SPREAD:0.07042253% BID:1.42 ASK:1.421 MID:1.4205 P1:1.4205 P2:1.4205 P3:1.4215 P4:1.4205 STATE:IDLE
[2026-05-04 16:55:41Z] CHK MOM:0% RANGE:0% UP:0% SPREAD:0.07042253% BID:1.42 ASK:1.421 MID:1.4205 P1:1.4205 P2:1.4205 P3:1.4205 P4:1.4215 STATE:IDLE
[2026-05-04 16:55:42Z] CHK MOM:0% RANGE:0% UP:0% SPREAD:0.07042253% BID:1.42 ASK:1.421 MID:1.4205 P1:1.4205 P2:1.4205 P3:1.4205 P4:1.4215 STATE:IDLE
[2026-05-04 16:55:42Z] CHK MOM:0% RANGE:0% UP:0% SPREAD:0.07042253% BID:1.42 ASK:1.421 MID:1.4205 P1:1.4205 P2:1.4205 P3:1.4205 P4:1.4215 STATE:IDLE
[2026-05-04 16:55:43Z] CHK MOM:0% RANGE:0% UP:0% SPREAD:0.07042253% BID:1.42 ASK:1.421 MID:1.4205 P1:1.4205 P2:1.4205 P3:1.4205 P4:1.4215 STATE:IDLE
[2026-05-04 16:55:43Z] CHK MOM:0% RANGE:0% UP:0% SPREAD:0.07042253% BID:1.42 ASK:1.421 MID:1.4205 P1:1.4205 P2:1.4205 P3:1.4205 P4:1.4215 STATE:IDLE
[2026-05-04 16:55:44Z] CHK MOM:0% RANGE:0% UP:0% SPREAD:0.07042253% BID:1.42 ASK:1.421 MID:1.4205 P1:1.4205 P2:1.4205 P3:1.4205 P4:1.4215 STATE:IDLE
[2026-05-04 16:55:48Z] CHK MOM:0% RANGE:0% UP:0% SPREAD:0.07042253% BID:1.42 ASK:1.421 MID:1.4205 P1:1.4205 P2:1.4205 P3:1.4205 P4:1.4205 STATE:IDLE
[2026-05-04 16:55:48Z] CHK MOM:0% RANGE:0% UP:0% SPREAD:0.07042253% BID:1.42 ASK:1.421 MID:1.4205 P1:1.4205 P2:1.4205 P3:1.4205 P4:1.4205 STATE:IDLE
[2026-05-04 16:55:49Z] CHK MOM:0% RANGE:0% UP:0% SPREAD:0.07042253% BID:1.42 ASK:1.421 MID:1.4205 P1:1.4205 P2:1.4205 P3:1.4205 P4:1.4205 STATE:IDLE
[2026-05-04 16:55:49Z] CHK MOM:0% RANGE:0% UP:0% SPREAD:0.07042253% BID:1.42 ASK:1.421 MID:1.4205 P1:1.4205 P2:1.4205 P3:1.4205 P4:1.4205 STATE:IDLE
[2026-05-04 16:55:50Z] CHK MOM:0% RANGE:0% UP:0% SPREAD:0.07042253% BID:1.42 ASK:1.421 MID:1.4205 P1:1.4205 P2:1.4205 P3:1.4205 P4:1.4205 STATE:IDLE
[2026-05-04 16:55:50Z] CHK MOM:0% RANGE:0% UP:0% SPREAD:0.07042253% BID:1.42 ASK:1.421 MID:1.4205 P1:1.4205 P2:1.4205 P3:1.4205 P4:1.4205 STATE:IDLE
[2026-05-04 16:55:51Z] CHK MOM:0% RANGE:0% UP:0% SPREAD:0.07042253% BID:1.42 ASK:1.421 MID:1.4205 P1:1.4205 P2:1.4205 P3:1.4205 P4:1.4205 STATE:IDLE
[2026-05-04 16:55:51Z] CHK MOM:0% RANGE:0% UP:0% SPREAD:0.07042253% BID:1.42 ASK:1.421 MID:1.4205 P1:1.4205 P2:1.4205 P3:1.4205 P4:1.4205 STATE:IDLE
[2026-05-04 16:55:52Z] CHK MOM:0% RANGE:0% UP:0% SPREAD:0.07042253% BID:1.42 ASK:1.421 MID:1.4205 P1:1.4205 P2:1.4205 P3:1.4205 P4:1.4205 STATE:IDLE
[2026-05-04 16:55:52Z] CHK MOM:0.07% RANGE:0.07% UP:16.66% SPREAD:0.07037297% BID:1.421 ASK:1.422 MID:1.4215 P1:1.4215 P2:1.4205 P3:1.4205 P4:1.4205 STATE:IDLE
[2026-05-04 16:55:53Z] CHK MOM:0.07% RANGE:0.07% UP:16.66% SPREAD:0.07037297% BID:1.421 ASK:1.422 MID:1.4215 P1:1.4215 P2:1.4205 P3:1.4205 P4:1.4205 STATE:IDLE
[2026-05-04 16:55:54Z] CHK MOM:0.07% RANGE:0.07% UP:14.28% SPREAD:0.07037297% BID:1.421 ASK:1.422 MID:1.4215 P1:1.4215 P2:1.4215 P3:1.4205 P4:1.4205 STATE:IDLE
[2026-05-04 16:55:54Z] CHK MOM:0.07% RANGE:0.07% UP:14.28% SPREAD:0.07037297% BID:1.421 ASK:1.422 MID:1.4215 P1:1.4215 P2:1.4215 P3:1.4205 P4:1.4205 STATE:IDLE
[2026-05-04 16:55:55Z] CHK MOM:0.07% RANGE:0.07% UP:12.5% SPREAD:0.07037297% BID:1.421 ASK:1.422 MID:1.4215 P1:1.4215 P2:1.4215 P3:1.4215 P4:1.4205 STATE:IDLE
[2026-05-04 16:55:55Z] CHK MOM:0.07% RANGE:0.07% UP:12.5% SPREAD:0.07037297% BID:1.421 ASK:1.422 MID:1.4215 P1:1.4215 P2:1.4215 P3:1.4215 P4:1.4205 STATE:IDLE
[2026-05-04 16:55:56Z] CHK MOM:0.07% RANGE:0.07% UP:12.5% SPREAD:0.07037297% BID:1.421 ASK:1.422 MID:1.4215 P1:1.4215 P2:1.4215 P3:1.4215 P4:1.4205 STATE:IDLE
[2026-05-04 16:55:56Z] CHK MOM:0.07% RANGE:0.07% UP:12.5% SPREAD:0.07037297% BID:1.421 ASK:1.422 MID:1.4215 P1:1.4215 P2:1.4215 P3:1.4215 P4:1.4205 STATE:IDLE
[2026-05-04 16:55:57Z] CHK MOM:0.07% RANGE:0.07% UP:12.5% SPREAD:0.07037297% BID:1.421 ASK:1.422 MID:1.4215 P1:1.4215 P2:1.4215 P3:1.4215 P4:1.4205 STATE:IDLE
[2026-05-04 16:55:57Z] CHK MOM:0.07% RANGE:0.07% UP:12.5% SPREAD:0.07037297% BID:1.421 ASK:1.422 MID:1.4215 P1:1.4215 P2:1.4215 P3:1.4215 P4:1.4205 STATE:IDLE
[2026-05-04 16:55:59Z] CHK MOM:0.07% RANGE:0.07% UP:20% SPREAD:0.07037297% BID:1.421 ASK:1.422 MID:1.4215 P1:1.4215 P2:1.4215 P3:1.4215 P4:1.4215 STATE:IDLE
[2026-05-04 16:55:59Z] CHK MOM:0.07% RANGE:0.07% UP:20% SPREAD:0.07037297% BID:1.421 ASK:1.422 MID:1.4215 P1:1.4215 P2:1.4215 P3:1.4215 P4:1.4215 STATE:IDLE
[2026-05-04 16:56:00Z] CHK MOM:0.07% RANGE:0.07% UP:20% SPREAD:0.07037297% BID:1.421 ASK:1.422 MID:1.4215 P1:1.4215 P2:1.4215 P3:1.4215 P4:1.4215 STATE:IDLE
[2026-05-04 16:56:00Z] CHK MOM:0% RANGE:0% UP:0% SPREAD:0.07037297% BID:1.421 ASK:1.422 MID:1.4215 P1:1.4215 P2:1.4215 P3:1.4215 P4:1.4215 STATE:IDLE
[2026-05-04 16:56:01Z] CHK MOM:0% RANGE:0% UP:0% SPREAD:0.07037297% BID:1.421 ASK:1.422 MID:1.4215 P1:1.4215 P2:1.4215 P3:1.4215 P4:1.4215 STATE:IDLE
[2026-05-04 16:56:01Z] CHK MOM:0% RANGE:0% UP:0% SPREAD:0.07037297% BID:1.421 ASK:1.422 MID:1.4215 P1:1.4215 P2:1.4215 P3:1.4215 P4:1.4215 STATE:IDLE
[2026-05-04 16:56:02Z] CHK MOM:0% RANGE:0% UP:0% SPREAD:0.07037297% BID:1.421 ASK:1.422 MID:1.4215 P1:1.4215 P2:1.4215 P3:1.4215 P4:1.4215 STATE:IDLE
[2026-05-04 16:56:02Z] CHK MOM:0% RANGE:0% UP:0% SPREAD:0.07037297% BID:1.421 ASK:1.422 MID:1.4215 P1:1.4215 P2:1.4215 P3:1.4215 P4:1.4215 STATE:IDLE
[2026-05-04 16:56:03Z] CHK MOM:0% RANGE:0% UP:0% SPREAD:0.07037297% BID:1.421 ASK:1.422 MID:1.4215 P1:1.4215 P2:1.4215 P3:1.4215 P4:1.4215 STATE:IDLE
[2026-05-04 16:56:03Z] CHK MOM:0% RANGE:0% UP:0% SPREAD:0.07037297% BID:1.421 ASK:1.422 MID:1.4215 P1:1.4215 P2:1.4215 P3:1.4215 P4:1.4215 STATE:IDLE
[2026-05-04 16:56:04Z] CHK MOM:0% RANGE:0% UP:0% SPREAD:0.07037297% BID:1.421 ASK:1.422 MID:1.4215 P1:1.4215 P2:1.4215 P3:1.4215 P4:1.4215 STATE:IDLE
[2026-05-04 16:56:05Z] CHK MOM:-0.07% RANGE:0.07% UP:0% SPREAD:0.07042253% BID:1.42 ASK:1.421 MID:1.4205 P1:1.4205 P2:1.4215 P3:1.4215 P4:1.4215 STATE:IDLE
[2026-05-04 16:56:05Z] CHK MOM:-0.07% RANGE:0.07% UP:0% SPREAD:0.07042253% BID:1.42 ASK:1.421 MID:1.4205 P1:1.4205 P2:1.4215 P3:1.4215 P4:1.4215 STATE:IDLE
[2026-05-04 16:56:06Z] CHK MOM:-0.07% RANGE:0.07% UP:0% SPREAD:0.07042253% BID:1.42 ASK:1.421 MID:1.4205 P1:1.4205 P2:1.4215 P3:1.4215 P4:1.4215 STATE:IDLE
[2026-05-04 16:56:06Z] CHK MOM:-0.07% RANGE:0.07% UP:0% SPREAD:0.07042253% BID:1.42 ASK:1.421 MID:1.4205 P1:1.4205 P2:1.4215 P3:1.4215 P4:1.4215 STATE:IDLE
[2026-05-04 16:56:07Z] CHK MOM:-0.07% RANGE:0.07% UP:0% SPREAD:0.07042253% BID:1.42 ASK:1.421 MID:1.4205 P1:1.4205 P2:1.4215 P3:1.4215 P4:1.4215 STATE:IDLE
[2026-05-04 16:56:12Z] CHK MOM:-0.07% RANGE:0.07% UP:0% SPREAD:0.07042253% BID:1.42 ASK:1.421 MID:1.4205 P1:1.4205 P2:1.4205 P3:1.4215 P4:1.4215 STATE:IDLE
[2026-05-04 16:56:12Z] CHK MOM:-0.07% RANGE:0.07% UP:0% SPREAD:0.07042253% BID:1.42 ASK:1.421 MID:1.4205 P1:1.4205 P2:1.4205 P3:1.4215 P4:1.4215 STATE:IDLE
[2026-05-04 16:56:13Z] CHK MOM:0% RANGE:0% UP:0% SPREAD:0.07042253% BID:1.42 ASK:1.421 MID:1.4205 P1:1.4205 P2:1.4205 P3:1.4205 P4:1.4215 STATE:IDLE
[2026-05-04 16:56:13Z] CHK MOM:0% RANGE:0% UP:0% SPREAD:0.07042253% BID:1.42 ASK:1.421 MID:1.4205 P1:1.4205 P2:1.4205 P3:1.4205 P4:1.4215 STATE:IDLE
[2026-05-04 16:56:14Z] CHK MOM:0% RANGE:0% UP:0% SPREAD:0.07042253% BID:1.42 ASK:1.421 MID:1.4205 P1:1.4205 P2:1.4205 P3:1.4205 P4:1.4215 STATE:IDLE
[2026-05-04 16:56:14Z] CHK MOM:0% RANGE:0% UP:0% SPREAD:0.07042253% BID:1.42 ASK:1.421 MID:1.4205 P1:1.4205 P2:1.4205 P3:1.4205 P4:1.4215 STATE:IDLE
[2026-05-04 16:56:15Z] CHK MOM:0% RANGE:0% UP:0% SPREAD:0.07042253% BID:1.42 ASK:1.421 MID:1.4205 P1:1.4205 P2:1.4205 P3:1.4205 P4:1.4215 STATE:IDLE
[2026-05-04 16:56:15Z] CHK MOM:0% RANGE:0% UP:0% SPREAD:0.07042253% BID:1.42 ASK:1.421 MID:1.4205 P1:1.4205 P2:1.4205 P3:1.4205 P4:1.4215 STATE:IDLE
[2026-05-04 16:56:22Z] CHK MOM:0% RANGE:0% UP:0% SPREAD:0.07042253% BID:1.42 ASK:1.421 MID:1.4205 P1:1.4205 P2:1.4205 P3:1.4205 P4:1.4205 STATE:IDLE
[2026-05-04 16:56:22Z] CHK MOM:0% RANGE:0% UP:0% SPREAD:0.07042253% BID:1.42 ASK:1.421 MID:1.4205 P1:1.4205 P2:1.4205 P3:1.4205 P4:1.4205 STATE:IDLE
[2026-05-04 16:56:23Z] CHK MOM:0% RANGE:0% UP:0% SPREAD:0.07042253% BID:1.42 ASK:1.421 MID:1.4205 P1:1.4205 P2:1.4205 P3:1.4205 P4:1.4205 STATE:IDLE
[2026-05-04 16:56:23Z] CHK MOM:0% RANGE:0% UP:0% SPREAD:0.07042253% BID:1.42 ASK:1.421 MID:1.4205 P1:1.4205 P2:1.4205 P3:1.4205 P4:1.4205 STATE:IDLE
[2026-05-04 16:56:24Z] CHK MOM:0% RANGE:0% UP:0% SPREAD:0.07042253% BID:1.42 ASK:1.421 MID:1.4205 P1:1.4205 P2:1.4205 P3:1.4205 P4:1.4205 STATE:IDLE
[2026-05-04 16:56:24Z] CHK MOM:0% RANGE:0% UP:0% SPREAD:0.07042253% BID:1.42 ASK:1.421 MID:1.4205 P1:1.4205 P2:1.4205 P3:1.4205 P4:1.4205 STATE:IDLE
[2026-05-04 16:56:25Z] CHK MOM:0% RANGE:0% UP:0% SPREAD:0.07042253% BID:1.42 ASK:1.421 MID:1.4205 P1:1.4205 P2:1.4205 P3:1.4205 P4:1.4205 STATE:IDLE
[2026-05-04 16:56:26Z] CHK MOM:0% RANGE:0% UP:0% SPREAD:0.07042253% BID:1.42 ASK:1.421 MID:1.4205 P1:1.4205 P2:1.4205 P3:1.4205 P4:1.4205 STATE:IDLE
[2026-05-04 16:56:26Z] CHK MOM:0% RANGE:0% UP:0% SPREAD:0.07042253% BID:1.42 ASK:1.421 MID:1.4205 P1:1.4205 P2:1.4205 P3:1.4205 P4:1.4205 STATE:IDLE
[2026-05-04 16:56:27Z] CHK MOM:0.07% RANGE:0.07% UP:33.33% SPREAD:0.07037297% BID:1.421 ASK:1.422 MID:1.4215 P1:1.4215 P2:1.4205 P3:1.4205 P4:1.4205 STATE:IDLE
[2026-05-04 16:56:28Z] CHK MOM:0.07% RANGE:0.07% UP:33.33% SPREAD:0.07037297% BID:1.421 ASK:1.422 MID:1.4215 P1:1.4215 P2:1.4205 P3:1.4205 P4:1.4205 STATE:IDLE
[2026-05-04 16:56:28Z] CHK MOM:0.07% RANGE:0.07% UP:33.33% SPREAD:0.07037297% BID:1.421 ASK:1.422 MID:1.4215 P1:1.4215 P2:1.4205 P3:1.4205 P4:1.4205 STATE:IDLE
[2026-05-04 16:56:29Z] CHK MOM:0.07% RANGE:0.07% UP:33.33% SPREAD:0.07037297% BID:1.421 ASK:1.422 MID:1.4215 P1:1.4215 P2:1.4205 P3:1.4205 P4:1.4205 STATE:IDLE
[2026-05-04 16:56:29Z] CHK MOM:0.14% RANGE:0.14% UP:66.66% SPREAD:0.07032348% BID:1.422 ASK:1.423 MID:1.42249999 P1:1.42249999 P2:1.4215 P3:1.4205 P4:1.4205 STATE:IDLE
[2026-05-04 16:56:30Z] CHK MOM:0.14% RANGE:0.14% UP:50% SPREAD:0.07032348% BID:1.422 ASK:1.423 MID:1.42249999 P1:1.42249999 P2:1.42249999 P3:1.4215 P4:1.4205 STATE:IDLE
[2026-05-04 16:56:30Z] CHK MOM:0.14% RANGE:0.14% UP:50% SPREAD:0.07032348% BID:1.422 ASK:1.423 MID:1.42249999 P1:1.42249999 P2:1.42249999 P3:1.4215 P4:1.4205 STATE:IDLE
[2026-05-04 16:56:31Z] CHK MOM:0.14% RANGE:0.14% UP:50% SPREAD:0.07032348% BID:1.422 ASK:1.423 MID:1.42249999 P1:1.42249999 P2:1.42249999 P3:1.4215 P4:1.4205 STATE:IDLE
[2026-05-04 16:56:31Z] CHK MOM:0.14% RANGE:0.14% UP:50% SPREAD:0.07032348% BID:1.422 ASK:1.423 MID:1.42249999 P1:1.42249999 P2:1.42249999 P3:1.4215 P4:1.4205 STATE:IDLE
[2026-05-04 16:56:32Z] CHK MOM:0.07% RANGE:0.14% UP:50% SPREAD:0.07037297% BID:1.421 ASK:1.422 MID:1.4215 P1:1.4215 P2:1.42249999 P3:1.42249999 P4:1.4215 STATE:IDLE
[2026-05-04 16:56:33Z] CHK MOM:0.07% RANGE:0.14% UP:40% SPREAD:0.07037297% BID:1.421 ASK:1.422 MID:1.4215 P1:1.4215 P2:1.4215 P3:1.42249999 P4:1.42249999 STATE:IDLE
[2026-05-04 16:56:33Z] CHK MOM:0.07% RANGE:0.14% UP:33.33% SPREAD:0.07037297% BID:1.421 ASK:1.422 MID:1.4215 P1:1.4215 P2:1.4215 P3:1.4215 P4:1.42249999 STATE:IDLE
[2026-05-04 16:56:34Z] CHK MOM:0.07% RANGE:0.14% UP:33.33% SPREAD:0.07037297% BID:1.421 ASK:1.422 MID:1.4215 P1:1.4215 P2:1.4215 P3:1.4215 P4:1.42249999 STATE:IDLE
[2026-05-04 16:56:34Z] CHK MOM:0.07% RANGE:0.14% UP:33.33% SPREAD:0.07037297% BID:1.421 ASK:1.422 MID:1.4215 P1:1.4215 P2:1.4215 P3:1.4215 P4:1.42249999 STATE:IDLE
[2026-05-04 16:56:35Z] CHK MOM:0.07% RANGE:0.14% UP:33.33% SPREAD:0.07037297% BID:1.421 ASK:1.422 MID:1.4215 P1:1.4215 P2:1.4215 P3:1.4215 P4:1.42249999 STATE:IDLE
[2026-05-04 16:56:35Z] CHK MOM:0.07% RANGE:0.14% UP:33.33% SPREAD:0.07037297% BID:1.421 ASK:1.422 MID:1.4215 P1:1.4215 P2:1.4215 P3:1.4215 P4:1.42249999 STATE:IDLE
[2026-05-04 16:56:36Z] CHK MOM:0.07% RANGE:0.14% UP:33.33% SPREAD:0.07037297% BID:1.421 ASK:1.422 MID:1.4215 P1:1.4215 P2:1.4215 P3:1.4215 P4:1.42249999 STATE:IDLE
[2026-05-04 16:56:41Z] CHK MOM:0% RANGE:0% UP:0% SPREAD:0.07037297% BID:1.421 ASK:1.422 MID:1.4215 P1:1.4215 P2:1.4215 P3:1.4215 P4:1.4215 STATE:IDLE
[2026-05-04 16:56:41Z] CHK MOM:0% RANGE:0% UP:0% SPREAD:0.07037297% BID:1.421 ASK:1.422 MID:1.4215 P1:1.4215 P2:1.4215 P3:1.4215 P4:1.4215 STATE:IDLE
[2026-05-04 16:56:42Z] CHK MOM:0% RANGE:0% UP:0% SPREAD:0.07037297% BID:1.421 ASK:1.422 MID:1.4215 P1:1.4215 P2:1.4215 P3:1.4215 P4:1.4215 STATE:IDLE
[2026-05-04 16:56:42Z] CHK MOM:0% RANGE:0% UP:0% SPREAD:0.07037297% BID:1.421 ASK:1.422 MID:1.4215 P1:1.4215 P2:1.4215 P3:1.4215 P4:1.4215 STATE:IDLE
[2026-05-04 16:56:43Z] CHK MOM:0% RANGE:0% UP:0% SPREAD:0.07037297% BID:1.421 ASK:1.422 MID:1.4215 P1:1.4215 P2:1.4215 P3:1.4215 P4:1.4215 STATE:IDLE
[2026-05-04 16:56:43Z] CHK MOM:0% RANGE:0% UP:0% SPREAD:0.07037297% BID:1.421 ASK:1.422 MID:1.4215 P1:1.4215 P2:1.4215 P3:1.4215 P4:1.4215 STATE:IDLE
[2026-05-04 16:56:44Z] CHK MOM:0% RANGE:0% UP:0% SPREAD:0.07037297% BID:1.421 ASK:1.422 MID:1.4215 P1:1.4215 P2:1.4215 P3:1.4215 P4:1.4215 STATE:IDLE
[2026-05-04 16:56:47Z] CHK MOM:0% RANGE:0% UP:0% SPREAD:0.07037297% BID:1.421 ASK:1.422 MID:1.4215 P1:1.4215 P2:1.4215 P3:1.4215 P4:1.4215 STATE:IDLE
[2026-05-04 16:56:47Z] CHK MOM:0% RANGE:0% UP:0% SPREAD:0.07037297% BID:1.421 ASK:1.422 MID:1.4215 P1:1.4215 P2:1.4215 P3:1.4215 P4:1.4215 STATE:IDLE
[2026-05-04 16:56:48Z] CHK MOM:0% RANGE:0% UP:0% SPREAD:0.07037297% BID:1.421 ASK:1.422 MID:1.4215 P1:1.4215 P2:1.4215 P3:1.4215 P4:1.4215 STATE:IDLE
[2026-05-04 16:56:48Z] CHK MOM:0% RANGE:0% UP:0% SPREAD:0.07037297% BID:1.421 ASK:1.422 MID:1.4215 P1:1.4215 P2:1.4215 P3:1.4215 P4:1.4215 STATE:IDLE
[2026-05-04 16:56:49Z] CHK MOM:0% RANGE:0% UP:0% SPREAD:0.07037297% BID:1.421 ASK:1.422 MID:1.4215 P1:1.4215 P2:1.4215 P3:1.4215 P4:1.4215 STATE:IDLE
[2026-05-04 16:56:49Z] CHK MOM:0% RANGE:0% UP:0% SPREAD:0.07037297% BID:1.421 ASK:1.422 MID:1.4215 P1:1.4215 P2:1.4215 P3:1.4215 P4:1.4215 STATE:IDLE
[2026-05-04 16:56:50Z] CHK MOM:0% RANGE:0% UP:0% SPREAD:0.07037297% BID:1.421 ASK:1.422 MID:1.4215 P1:1.4215 P2:1.4215 P3:1.4215 P4:1.4215 STATE:IDLE
[2026-05-04 16:56:50Z] CHK MOM:0% RANGE:0% UP:0% SPREAD:0.07037297% BID:1.421 ASK:1.422 MID:1.4215 P1:1.4215 P2:1.4215 P3:1.4215 P4:1.4215 STATE:IDLE
[2026-05-04 16:56:51Z] CHK MOM:0% RANGE:0% UP:0% SPREAD:0.07037297% BID:1.421 ASK:1.422 MID:1.4215 P1:1.4215 P2:1.4215 P3:1.4215 P4:1.4215 STATE:IDLE
[2026-05-04 16:56:51Z] CHK MOM:0% RANGE:0% UP:0% SPREAD:0.07037297% BID:1.421 ASK:1.422 MID:1.4215 P1:1.4215 P2:1.4215 P3:1.4215 P4:1.4215 STATE:IDLE
[2026-05-04 16:56:52Z] CHK MOM:0% RANGE:0% UP:0% SPREAD:0.07037297% BID:1.421 ASK:1.422 MID:1.4215 P1:1.4215 P2:1.4215 P3:1.4215 P4:1.4215 STATE:IDLE
[2026-05-04 16:56:55Z] CHK MOM:0.07% RANGE:0.07% UP:100% SPREAD:0.07032348% BID:1.422 ASK:1.423 MID:1.42249999 P1:1.42249999 P2:1.4215 P3:1.4215 P4:1.4215 STATE:IDLE
[2026-05-04 16:56:55Z] CHK MOM:0% RANGE:0.07% UP:50% SPREAD:0.07037297% BID:1.421 ASK:1.422 MID:1.4215 P1:1.4215 P2:1.42249999 P3:1.4215 P4:1.4215 STATE:IDLE
[2026-05-04 16:56:56Z] CHK MOM:0% RANGE:0.07% UP:33.33% SPREAD:0.07037297% BID:1.421 ASK:1.422 MID:1.4215 P1:1.4215 P2:1.4215 P3:1.42249999 P4:1.4215 STATE:IDLE
[2026-05-04 16:56:56Z] CHK MOM:0% RANGE:0.07% UP:33.33% SPREAD:0.07037297% BID:1.421 ASK:1.422 MID:1.4215 P1:1.4215 P2:1.4215 P3:1.42249999 P4:1.4215 STATE:IDLE
[2026-05-04 16:56:57Z] CHK MOM:0% RANGE:0.07% UP:33.33% SPREAD:0.07037297% BID:1.421 ASK:1.422 MID:1.4215 P1:1.4215 P2:1.4215 P3:1.42249999 P4:1.4215 STATE:IDLE
[2026-05-04 16:56:58Z] CHK MOM:0% RANGE:0.07% UP:33.33% SPREAD:0.07037297% BID:1.421 ASK:1.422 MID:1.4215 P1:1.4215 P2:1.4215 P3:1.42249999 P4:1.4215 STATE:IDLE
[2026-05-04 16:56:58Z] CHK MOM:0% RANGE:0.07% UP:33.33% SPREAD:0.07037297% BID:1.421 ASK:1.422 MID:1.4215 P1:1.4215 P2:1.4215 P3:1.42249999 P4:1.4215 STATE:IDLE
[2026-05-04 16:56:59Z] CHK MOM:0% RANGE:0.07% UP:33.33% SPREAD:0.07037297% BID:1.421 ASK:1.422 MID:1.4215 P1:1.4215 P2:1.4215 P3:1.42249999 P4:1.4215 STATE:IDLE
[2026-05-04 16:56:59Z] CHK MOM:-0.07% RANGE:0.07% UP:0% SPREAD:0.07037297% BID:1.421 ASK:1.422 MID:1.4215 P1:1.4215 P2:1.4215 P3:1.4215 P4:1.42249999 STATE:IDLE
[2026-05-04 16:57:00Z] CHK MOM:-0.07% RANGE:0.07% UP:0% SPREAD:0.07037297% BID:1.421 ASK:1.422 MID:1.4215 P1:1.4215 P2:1.4215 P3:1.4215 P4:1.4215 STATE:IDLE
[2026-05-04 16:57:00Z] CHK MOM:-0.07% RANGE:0.07% UP:0% SPREAD:0.07037297% BID:1.421 ASK:1.422 MID:1.4215 P1:1.4215 P2:1.4215 P3:1.4215 P4:1.4215 STATE:IDLE
[2026-05-04 16:57:01Z] CHK MOM:-0.07% RANGE:0.07% UP:0% SPREAD:0.07037297% BID:1.421 ASK:1.422 MID:1.4215 P1:1.4215 P2:1.4215 P3:1.4215 P4:1.4215 STATE:IDLE
[2026-05-04 16:57:01Z] CHK MOM:-0.07% RANGE:0.07% UP:0% SPREAD:0.07037297% BID:1.421 ASK:1.422 MID:1.4215 P1:1.4215 P2:1.4215 P3:1.4215 P4:1.4215 STATE:IDLE
[2026-05-04 16:57:02Z] CHK MOM:-0.07% RANGE:0.07% UP:0% SPREAD:0.07037297% BID:1.421 ASK:1.422 MID:1.4215 P1:1.4215 P2:1.4215 P3:1.4215 P4:1.4215 STATE:IDLE
[2026-05-04 16:57:02Z] CHK MOM:-0.07% RANGE:0.07% UP:0% SPREAD:0.07037297% BID:1.421 ASK:1.422 MID:1.4215 P1:1.4215 P2:1.4215 P3:1.4215 P4:1.4215 STATE:IDLE
[2026-05-04 16:57:03Z] CHK MOM:-0.07% RANGE:0.07% UP:0% SPREAD:0.07037297% BID:1.421 ASK:1.422 MID:1.4215 P1:1.4215 P2:1.4215 P3:1.4215 P4:1.4215 STATE:IDLE
[2026-05-04 16:57:04Z] CHK MOM:0% RANGE:0% UP:0% SPREAD:0.07037297% BID:1.421 ASK:1.422 MID:1.4215 P1:1.4215 P2:1.4215 P3:1.4215 P4:1.4215 STATE:IDLE
[2026-05-04 16:57:04Z] CHK MOM:0% RANGE:0% UP:0% SPREAD:0.07037297% BID:1.421 ASK:1.422 MID:1.4215 P1:1.4215 P2:1.4215 P3:1.4215 P4:1.4215 STATE:IDLE
[2026-05-04 16:57:05Z] CHK MOM:0% RANGE:0% UP:0% SPREAD:0.07037297% BID:1.421 ASK:1.422 MID:1.4215 P1:1.4215 P2:1.4215 P3:1.4215 P4:1.4215 STATE:IDLE
[2026-05-04 16:57:05Z] CHK MOM:0% RANGE:0% UP:0% SPREAD:0.07037297% BID:1.421 ASK:1.422 MID:1.4215 P1:1.4215 P2:1.4215 P3:1.4215 P4:1.4215 STATE:IDLE
[2026-05-04 16:57:06Z] CHK MOM:0% RANGE:0% UP:0% SPREAD:0.07037297% BID:1.421 ASK:1.422 MID:1.4215 P1:1.4215 P2:1.4215 P3:1.4215 P4:1.4215 STATE:IDLE
[2026-05-04 16:57:07Z] CHK MOM:0% RANGE:0% UP:0% SPREAD:0.07037297% BID:1.421 ASK:1.422 MID:1.4215 P1:1.4215 P2:1.4215 P3:1.4215 P4:1.4215 STATE:IDLE
[2026-05-04 16:57:08Z] CHK MOM:0% RANGE:0% UP:0% SPREAD:0.07037297% BID:1.421 ASK:1.422 MID:1.4215 P1:1.4215 P2:1.4215 P3:1.4215 P4:1.4215 STATE:IDLE
[2026-05-04 16:57:09Z] CHK MOM:0% RANGE:0% UP:0% SPREAD:0.07037297% BID:1.421 ASK:1.422 MID:1.4215 P1:1.4215 P2:1.4215 P3:1.4215 P4:1.4215 STATE:IDLE
[2026-05-04 16:57:09Z] CHK MOM:0% RANGE:0% UP:0% SPREAD:0.07037297% BID:1.421 ASK:1.422 MID:1.4215 P1:1.4215 P2:1.4215 P3:1.4215 P4:1.4215 STATE:IDLE
[2026-05-04 16:57:10Z] CHK MOM:0% RANGE:0% UP:0% SPREAD:0.07037297% BID:1.421 ASK:1.422 MID:1.4215 P1:1.4215 P2:1.4215 P3:1.4215 P4:1.4215 STATE:IDLE
[2026-05-04 16:57:10Z] CHK MOM:0% RANGE:0% UP:0% SPREAD:0.07037297% BID:1.421 ASK:1.422 MID:1.4215 P1:1.4215 P2:1.4215 P3:1.4215 P4:1.4215 STATE:IDLE
[2026-05-04 16:57:11Z] CHK MOM:0% RANGE:0% UP:0% SPREAD:0.07037297% BID:1.421 ASK:1.422 MID:1.4215 P1:1.4215 P2:1.4215 P3:1.4215 P4:1.4215 STATE:IDLE
[2026-05-04 16:57:11Z] CHK MOM:0% RANGE:0% UP:0% SPREAD:0.07037297% BID:1.421 ASK:1.422 MID:1.4215 P1:1.4215 P2:1.4215 P3:1.4215 P4:1.4215 STATE:IDLE
[2026-05-04 16:57:12Z] CHK MOM:0% RANGE:0% UP:0% SPREAD:0.07037297% BID:1.421 ASK:1.422 MID:1.4215 P1:1.4215 P2:1.4215 P3:1.4215 P4:1.4215 STATE:IDLE
[2026-05-04 16:57:12Z] CHK MOM:-0.07% RANGE:0.07% UP:0% SPREAD:0.07042253% BID:1.42 ASK:1.421 MID:1.4205 P1:1.4205 P2:1.4215 P3:1.4215 P4:1.4215 STATE:IDLE
[2026-05-04 16:57:13Z] CHK MOM:-0.07% RANGE:0.07% UP:0% SPREAD:0.07042253% BID:1.42 ASK:1.421 MID:1.4205 P1:1.4205 P2:1.4205 P3:1.4215 P4:1.4215 STATE:IDLE
[2026-05-04 16:57:13Z] CHK MOM:-0.07% RANGE:0.07% UP:0% SPREAD:0.07042253% BID:1.42 ASK:1.421 MID:1.4205 P1:1.4205 P2:1.4205 P3:1.4205 P4:1.4215 STATE:IDLE
[2026-05-04 16:57:14Z] CHK MOM:-0.07% RANGE:0.07% UP:0% SPREAD:0.07042253% BID:1.42 ASK:1.421 MID:1.4205 P1:1.4205 P2:1.4205 P3:1.4205 P4:1.4205 STATE:IDLE
[2026-05-04 16:57:15Z] CHK MOM:-0.07% RANGE:0.07% UP:0% SPREAD:0.07042253% BID:1.42 ASK:1.421 MID:1.4205 P1:1.4205 P2:1.4205 P3:1.4205 P4:1.4205 STATE:IDLE
[2026-05-04 16:57:15Z] CHK MOM:-0.07% RANGE:0.07% UP:0% SPREAD:0.07042253% BID:1.42 ASK:1.421 MID:1.4205 P1:1.4205 P2:1.4205 P3:1.4205 P4:1.4205 STATE:IDLE
[2026-05-04 16:57:16Z] CHK MOM:-0.07% RANGE:0.07% UP:0% SPREAD:0.07042253% BID:1.42 ASK:1.421 MID:1.4205 P1:1.4205 P2:1.4205 P3:1.4205 P4:1.4205 STATE:IDLE
[2026-05-04 16:57:16Z] CHK MOM:-0.07% RANGE:0.07% UP:0% SPREAD:0.07042253% BID:1.42 ASK:1.421 MID:1.4205 P1:1.4205 P2:1.4205 P3:1.4205 P4:1.4205 STATE:IDLE
[2026-05-04 16:57:18Z] CHK MOM:0% RANGE:0% UP:0% SPREAD:0.07042253% BID:1.42 ASK:1.421 MID:1.4205 P1:1.4205 P2:1.4205 P3:1.4205 P4:1.4205 STATE:IDLE
[2026-05-04 16:57:19Z] CHK MOM:0% RANGE:0% UP:0% SPREAD:0.07042253% BID:1.42 ASK:1.421 MID:1.4205 P1:1.4205 P2:1.4205 P3:1.4205 P4:1.4205 STATE:IDLE
[2026-05-04 16:57:20Z] CHK MOM:0% RANGE:0% UP:0% SPREAD:0.07042253% BID:1.42 ASK:1.421 MID:1.4205 P1:1.4205 P2:1.4205 P3:1.4205 P4:1.4205 STATE:IDLE
[2026-05-04 16:57:20Z] CHK MOM:0% RANGE:0% UP:0% SPREAD:0.07042253% BID:1.42 ASK:1.421 MID:1.4205 P1:1.4205 P2:1.4205 P3:1.4205 P4:1.4205 STATE:IDLE
[2026-05-04 16:57:21Z] CHK MOM:0% RANGE:0% UP:0% SPREAD:0.07042253% BID:1.42 ASK:1.421 MID:1.4205 P1:1.4205 P2:1.4205 P3:1.4205 P4:1.4205 STATE:IDLE
[2026-05-04 16:57:21Z] CHK MOM:0% RANGE:0% UP:0% SPREAD:0.07042253% BID:1.42 ASK:1.421 MID:1.4205 P1:1.4205 P2:1.4205 P3:1.4205 P4:1.4205 STATE:IDLE
[2026-05-04 16:57:22Z] CHK MOM:0.07% RANGE:0.07% UP:50% SPREAD:0.07037297% BID:1.421 ASK:1.422 MID:1.4215 P1:1.4215 P2:1.4205 P3:1.4205 P4:1.4205 STATE:IDLE
[2026-05-04 16:57:22Z] CHK MOM:0.07% RANGE:0.07% UP:50% SPREAD:0.07037297% BID:1.421 ASK:1.422 MID:1.4215 P1:1.4215 P2:1.4205 P3:1.4205 P4:1.4205 STATE:IDLE
[2026-05-04 16:57:23Z] CHK MOM:0.07% RANGE:0.07% UP:50% SPREAD:0.07037297% BID:1.421 ASK:1.422 MID:1.4215 P1:1.4215 P2:1.4205 P3:1.4205 P4:1.4205 STATE:IDLE
[2026-05-04 16:57:23Z] CHK MOM:0.07% RANGE:0.07% UP:33.33% SPREAD:0.07037297% BID:1.421 ASK:1.422 MID:1.4215 P1:1.4215 P2:1.4215 P3:1.4205 P4:1.4205 STATE:IDLE
[2026-05-04 16:57:24Z] CHK MOM:0.07% RANGE:0.07% UP:33.33% SPREAD:0.07037297% BID:1.421 ASK:1.422 MID:1.4215 P1:1.4215 P2:1.4215 P3:1.4205 P4:1.4205 STATE:IDLE
[2026-05-04 16:57:24Z] CHK MOM:0.07% RANGE:0.07% UP:33.33% SPREAD:0.07037297% BID:1.421 ASK:1.422 MID:1.4215 P1:1.4215 P2:1.4215 P3:1.4205 P4:1.4205 STATE:IDLE
[2026-05-04 16:57:25Z] CHK MOM:0.07% RANGE:0.07% UP:33.33% SPREAD:0.07037297% BID:1.421 ASK:1.422 MID:1.4215 P1:1.4215 P2:1.4215 P3:1.4205 P4:1.4205 STATE:IDLE
[2026-05-04 16:57:26Z] CHK MOM:0.07% RANGE:0.07% UP:33.33% SPREAD:0.07037297% BID:1.421 ASK:1.422 MID:1.4215 P1:1.4215 P2:1.4215 P3:1.4205 P4:1.4205 STATE:IDLE
[2026-05-04 16:57:26Z] CHK MOM:0.07% RANGE:0.07% UP:25% SPREAD:0.07037297% BID:1.421 ASK:1.422 MID:1.4215 P1:1.4215 P2:1.4215 P3:1.4215 P4:1.4205 STATE:IDLE
[2026-05-04 16:57:27Z] CHK MOM:0.07% RANGE:0.07% UP:25% SPREAD:0.07037297% BID:1.421 ASK:1.422 MID:1.4215 P1:1.4215 P2:1.4215 P3:1.4215 P4:1.4205 STATE:IDLE
[2026-05-04 16:57:27Z] CHK MOM:0.07% RANGE:0.07% UP:25% SPREAD:0.07037297% BID:1.421 ASK:1.422 MID:1.4215 P1:1.4215 P2:1.4215 P3:1.4215 P4:1.4215 STATE:IDLE
[2026-05-04 16:57:28Z] CHK MOM:0.07% RANGE:0.07% UP:20% SPREAD:0.07037297% BID:1.421 ASK:1.422 MID:1.4215 P1:1.4215 P2:1.4215 P3:1.4215 P4:1.4215 STATE:IDLE
[2026-05-04 16:57:28Z] CHK MOM:0.07% RANGE:0.07% UP:20% SPREAD:0.07037297% BID:1.421 ASK:1.422 MID:1.4215 P1:1.4215 P2:1.4215 P3:1.4215 P4:1.4215 STATE:IDLE
[2026-05-04 16:57:29Z] CHK MOM:0.07% RANGE:0.07% UP:20% SPREAD:0.07037297% BID:1.421 ASK:1.422 MID:1.4215 P1:1.4215 P2:1.4215 P3:1.4215 P4:1.4215 STATE:IDLE
[2026-05-04 16:57:29Z] CHK MOM:0.07% RANGE:0.07% UP:20% SPREAD:0.07037297% BID:1.421 ASK:1.422 MID:1.4215 P1:1.4215 P2:1.4215 P3:1.4215 P4:1.4215 STATE:IDLE
[2026-05-04 16:57:30Z] CHK MOM:0.07% RANGE:0.07% UP:20% SPREAD:0.07037297% BID:1.421 ASK:1.422 MID:1.4215 P1:1.4215 P2:1.4215 P3:1.4215 P4:1.4215 STATE:IDLE
[2026-05-04 16:57:31Z] CHK MOM:0.07% RANGE:0.07% UP:20% SPREAD:0.07037297% BID:1.421 ASK:1.422 MID:1.4215 P1:1.4215 P2:1.4215 P3:1.4215 P4:1.4215 STATE:IDLE
[2026-05-04 16:57:32Z] CHK MOM:0% RANGE:0% UP:0% SPREAD:0.07037297% BID:1.421 ASK:1.422 MID:1.4215 P1:1.4215 P2:1.4215 P3:1.4215 P4:1.4215 STATE:IDLE
[2026-05-04 16:57:32Z] CHK MOM:0% RANGE:0% UP:0% SPREAD:0.07037297% BID:1.421 ASK:1.422 MID:1.4215 P1:1.4215 P2:1.4215 P3:1.4215 P4:1.4215 STATE:IDLE
[2026-05-04 16:57:33Z] CHK MOM:0% RANGE:0% UP:0% SPREAD:0.07037297% BID:1.421 ASK:1.422 MID:1.4215 P1:1.4215 P2:1.4215 P3:1.4215 P4:1.4215 STATE:IDLE
[2026-05-04 16:57:33Z] CHK MOM:0% RANGE:0% UP:0% SPREAD:0.07037297% BID:1.421 ASK:1.422 MID:1.4215 P1:1.4215 P2:1.4215 P3:1.4215 P4:1.4215 STATE:IDLE
[2026-05-04 16:57:34Z] CHK MOM:0% RANGE:0% UP:0% SPREAD:0.07037297% BID:1.421 ASK:1.422 MID:1.4215 P1:1.4215 P2:1.4215 P3:1.4215 P4:1.4215 STATE:IDLE
[2026-05-04 16:57:34Z] CHK MOM:0% RANGE:0% UP:0% SPREAD:0.07037297% BID:1.421 ASK:1.422 MID:1.4215 P1:1.4215 P2:1.4215 P3:1.4215 P4:1.4215 STATE:IDLE
[2026-05-04 16:57:35Z] CHK MOM:0% RANGE:0% UP:0% SPREAD:0.07037297% BID:1.421 ASK:1.422 MID:1.4215 P1:1.4215 P2:1.4215 P3:1.4215 P4:1.4215 STATE:IDLE
[2026-05-04 16:57:35Z] CHK MOM:0.03% RANGE:0.03% UP:25% SPREAD:0.14074595% BID:1.421 ASK:1.423 MID:1.422 P1:1.422 P2:1.4215 P3:1.4215 P4:1.4215 STATE:IDLE
[2026-05-04 16:57:36Z] CHK MOM:0.03% RANGE:0.03% UP:25% SPREAD:0.14074595% BID:1.421 ASK:1.423 MID:1.422 P1:1.422 P2:1.4215 P3:1.4215 P4:1.4215 STATE:IDLE
[2026-05-04 16:57:37Z] CHK MOM:0% RANGE:0.03% UP:33.33% SPREAD:0.07037297% BID:1.421 ASK:1.422 MID:1.4215 P1:1.4215 P2:1.422 P3:1.4215 P4:1.4215 STATE:IDLE
[2026-05-04 16:57:37Z] CHK MOM:0% RANGE:0.03% UP:33.33% SPREAD:0.07037297% BID:1.421 ASK:1.422 MID:1.4215 P1:1.4215 P2:1.422 P3:1.4215 P4:1.4215 STATE:IDLE
[2026-05-04 16:57:38Z] CHK MOM:0% RANGE:0.03% UP:33.33% SPREAD:0.07037297% BID:1.421 ASK:1.422 MID:1.4215 P1:1.4215 P2:1.422 P3:1.4215 P4:1.4215 STATE:IDLE
[2026-05-04 16:57:38Z] CHK MOM:0% RANGE:0.03% UP:33.33% SPREAD:0.07037297% BID:1.421 ASK:1.422 MID:1.4215 P1:1.4215 P2:1.422 P3:1.4215 P4:1.4215 STATE:IDLE
[2026-05-04 16:57:39Z] CHK MOM:0% RANGE:0.03% UP:33.33% SPREAD:0.07037297% BID:1.421 ASK:1.422 MID:1.4215 P1:1.4215 P2:1.422 P3:1.4215 P4:1.4215 STATE:IDLE
[2026-05-04 16:57:39Z] CHK MOM:0% RANGE:0.03% UP:33.33% SPREAD:0.07037297% BID:1.421 ASK:1.422 MID:1.4215 P1:1.4215 P2:1.422 P3:1.4215 P4:1.4215 STATE:IDLE
[2026-05-04 16:57:40Z] CHK MOM:0% RANGE:0.03% UP:33.33% SPREAD:0.07037297% BID:1.421 ASK:1.422 MID:1.4215 P1:1.4215 P2:1.4215 P3:1.422 P4:1.4215 STATE:IDLE
[2026-05-04 16:57:40Z] CHK MOM:0% RANGE:0.03% UP:25% SPREAD:0.07037297% BID:1.421 ASK:1.422 MID:1.4215 P1:1.4215 P2:1.4215 P3:1.4215 P4:1.422 STATE:IDLE
[2026-05-04 16:57:41Z] CHK MOM:0% RANGE:0.03% UP:25% SPREAD:0.07037297% BID:1.421 ASK:1.422 MID:1.4215 P1:1.4215 P2:1.4215 P3:1.4215 P4:1.422 STATE:IDLE
[2026-05-04 16:57:42Z] CHK MOM:0% RANGE:0.03% UP:25% SPREAD:0.07037297% BID:1.421 ASK:1.422 MID:1.4215 P1:1.4215 P2:1.4215 P3:1.4215 P4:1.422 STATE:IDLE
[2026-05-04 16:57:42Z] CHK MOM:0% RANGE:0.03% UP:25% SPREAD:0.07037297% BID:1.421 ASK:1.422 MID:1.4215 P1:1.4215 P2:1.4215 P3:1.4215 P4:1.422 STATE:IDLE
[2026-05-04 16:57:43Z] CHK MOM:0% RANGE:0.03% UP:25% SPREAD:0.07037297% BID:1.421 ASK:1.422 MID:1.4215 P1:1.4215 P2:1.4215 P3:1.4215 P4:1.422 STATE:IDLE
[2026-05-04 16:57:45Z] CHK MOM:0% RANGE:0% UP:0% SPREAD:0.07037297% BID:1.421 ASK:1.422 MID:1.4215 P1:1.4215 P2:1.4215 P3:1.4215 P4:1.4215 STATE:IDLE
[2026-05-04 16:57:46Z] CHK MOM:0% RANGE:0% UP:0% SPREAD:0.07037297% BID:1.421 ASK:1.422 MID:1.4215 P1:1.4215 P2:1.4215 P3:1.4215 P4:1.4215 STATE:IDLE
[2026-05-04 16:57:46Z] CHK MOM:0% RANGE:0% UP:0% SPREAD:0.07037297% BID:1.421 ASK:1.422 MID:1.4215 P1:1.4215 P2:1.4215 P3:1.4215 P4:1.4215 STATE:IDLE
[2026-05-04 16:57:47Z] CHK MOM:0% RANGE:0% UP:0% SPREAD:0.07037297% BID:1.421 ASK:1.422 MID:1.4215 P1:1.4215 P2:1.4215 P3:1.4215 P4:1.4215 STATE:IDLE
[2026-05-04 16:57:48Z] CHK MOM:0% RANGE:0% UP:0% SPREAD:0.07037297% BID:1.421 ASK:1.422 MID:1.4215 P1:1.4215 P2:1.4215 P3:1.4215 P4:1.4215 STATE:IDLE
[2026-05-04 16:57:48Z] CHK MOM:0% RANGE:0% UP:0% SPREAD:0.07037297% BID:1.421 ASK:1.422 MID:1.4215 P1:1.4215 P2:1.4215 P3:1.4215 P4:1.4215 STATE:IDLE
[2026-05-04 16:57:49Z] CHK MOM:0% RANGE:0% UP:0% SPREAD:0.07037297% BID:1.421 ASK:1.422 MID:1.4215 P1:1.4215 P2:1.4215 P3:1.4215 P4:1.4215 STATE:IDLE
[2026-05-04 16:57:49Z] CHK MOM:0% RANGE:0% UP:0% SPREAD:0.07037297% BID:1.421 ASK:1.422 MID:1.4215 P1:1.4215 P2:1.4215 P3:1.4215 P4:1.4215 STATE:IDLE
[2026-05-04 16:57:50Z] CHK MOM:0% RANGE:0% UP:0% SPREAD:0.07037297% BID:1.421 ASK:1.422 MID:1.4215 P1:1.4215 P2:1.4215 P3:1.4215 P4:1.4215 STATE:IDLE
[2026-05-04 16:57:50Z] CHK MOM:0% RANGE:0% UP:0% SPREAD:0.07037297% BID:1.421 ASK:1.422 MID:1.4215 P1:1.4215 P2:1.4215 P3:1.4215 P4:1.4215 STATE:IDLE
[2026-05-04 16:57:54Z] CHK MOM:0% RANGE:0% UP:0% SPREAD:0.07037297% BID:1.421 ASK:1.422 MID:1.4215 P1:1.4215 P2:1.4215 P3:1.4215 P4:1.4215 STATE:IDLE
[2026-05-04 16:57:54Z] CHK MOM:0% RANGE:0% UP:0% SPREAD:0.07037297% BID:1.421 ASK:1.422 MID:1.4215 P1:1.4215 P2:1.4215 P3:1.4215 P4:1.4215 STATE:IDLE
[2026-05-04 16:57:55Z] CHK MOM:0% RANGE:0% UP:0% SPREAD:0.07037297% BID:1.421 ASK:1.422 MID:1.4215 P1:1.4215 P2:1.4215 P3:1.4215 P4:1.4215 STATE:IDLE
[2026-05-04 16:57:55Z] CHK MOM:0% RANGE:0% UP:0% SPREAD:0.07037297% BID:1.421 ASK:1.422 MID:1.4215 P1:1.4215 P2:1.4215 P3:1.4215 P4:1.4215 STATE:IDLE
[2026-05-04 16:57:56Z] CHK MOM:0% RANGE:0% UP:0% SPREAD:0.07037297% BID:1.421 ASK:1.422 MID:1.4215 P1:1.4215 P2:1.4215 P3:1.4215 P4:1.4215 STATE:IDLE
[2026-05-04 16:57:56Z] CHK MOM:0% RANGE:0% UP:0% SPREAD:0.07037297% BID:1.421 ASK:1.422 MID:1.4215 P1:1.4215 P2:1.4215 P3:1.4215 P4:1.4215 STATE:IDLE
[2026-05-04 16:57:57Z] CHK MOM:0% RANGE:0% UP:0% SPREAD:0.07037297% BID:1.421 ASK:1.422 MID:1.4215 P1:1.4215 P2:1.4215 P3:1.4215 P4:1.4215 STATE:IDLE
[2026-05-04 16:57:58Z] CHK MOM:0% RANGE:0% UP:0% SPREAD:0.07037297% BID:1.421 ASK:1.422 MID:1.4215 P1:1.4215 P2:1.4215 P3:1.4215 P4:1.4215 STATE:IDLE
[2026-05-04 16:57:59Z] CHK MOM:0% RANGE:0% UP:0% SPREAD:0.07037297% BID:1.421 ASK:1.422 MID:1.4215 P1:1.4215 P2:1.4215 P3:1.4215 P4:1.4215 STATE:IDLE
[2026-05-04 16:58:00Z] CHK MOM:-0.07% RANGE:0.07% UP:0% SPREAD:0.07042253% BID:1.42 ASK:1.421 MID:1.4205 P1:1.4205 P2:1.4215 P3:1.4215 P4:1.4215 STATE:IDLE
[2026-05-04 16:58:00Z] CHK MOM:-0.07% RANGE:0.07% UP:0% SPREAD:0.07042253% BID:1.42 ASK:1.421 MID:1.4205 P1:1.4205 P2:1.4205 P3:1.4215 P4:1.4215 STATE:IDLE
[2026-05-04 16:58:01Z] CHK MOM:-0.07% RANGE:0.07% UP:0% SPREAD:0.07042253% BID:1.42 ASK:1.421 MID:1.4205 P1:1.4205 P2:1.4205 P3:1.4205 P4:1.4215 STATE:IDLE
[2026-05-04 16:58:01Z] CHK MOM:0% RANGE:0.07% UP:20% SPREAD:0.07037297% BID:1.421 ASK:1.422 MID:1.4215 P1:1.4215 P2:1.4205 P3:1.4205 P4:1.4205 STATE:IDLE
[2026-05-04 16:58:02Z] CHK MOM:0% RANGE:0.07% UP:20% SPREAD:0.07037297% BID:1.421 ASK:1.422 MID:1.4215 P1:1.4215 P2:1.4205 P3:1.4205 P4:1.4205 STATE:IDLE
[2026-05-04 16:58:02Z] CHK MOM:0% RANGE:0.07% UP:20% SPREAD:0.07037297% BID:1.421 ASK:1.422 MID:1.4215 P1:1.4215 P2:1.4205 P3:1.4205 P4:1.4205 STATE:IDLE
[2026-05-04 16:58:03Z] CHK MOM:0% RANGE:0.07% UP:20% SPREAD:0.07037297% BID:1.421 ASK:1.422 MID:1.4215 P1:1.4215 P2:1.4215 P3:1.4205 P4:1.4205 STATE:IDLE
[2026-05-04 16:58:03Z] CHK MOM:0% RANGE:0.07% UP:20% SPREAD:0.07037297% BID:1.421 ASK:1.422 MID:1.4215 P1:1.4215 P2:1.4215 P3:1.4205 P4:1.4205 STATE:IDLE
[2026-05-04 16:58:04Z] CHK MOM:-0.07% RANGE:0.07% UP:16.66% SPREAD:0.07042253% BID:1.42 ASK:1.421 MID:1.4205 P1:1.4205 P2:1.4215 P3:1.4215 P4:1.4205 STATE:IDLE
[2026-05-04 16:58:05Z] CHK MOM:-0.07% RANGE:0.07% UP:14.28% SPREAD:0.07042253% BID:1.42 ASK:1.421 MID:1.4205 P1:1.4205 P2:1.4205 P3:1.4215 P4:1.4215 STATE:IDLE
[2026-05-04 16:58:05Z] CHK MOM:-0.07% RANGE:0.07% UP:14.28% SPREAD:0.07042253% BID:1.42 ASK:1.421 MID:1.4205 P1:1.4205 P2:1.4205 P3:1.4215 P4:1.4215 STATE:IDLE
[2026-05-04 16:58:06Z] CHK MOM:-0.07% RANGE:0.07% UP:14.28% SPREAD:0.07042253% BID:1.42 ASK:1.421 MID:1.4205 P1:1.4205 P2:1.4205 P3:1.4215 P4:1.4215 STATE:IDLE
[2026-05-04 16:58:06Z] CHK MOM:-0.07% RANGE:0.07% UP:14.28% SPREAD:0.07042253% BID:1.42 ASK:1.421 MID:1.4205 P1:1.4205 P2:1.4205 P3:1.4215 P4:1.4215 STATE:IDLE
[2026-05-04 16:58:07Z] CHK MOM:-0.07% RANGE:0.07% UP:14.28% SPREAD:0.07042253% BID:1.42 ASK:1.421 MID:1.4205 P1:1.4205 P2:1.4205 P3:1.4215 P4:1.4215 STATE:IDLE
[2026-05-04 16:58:08Z] CHK MOM:0.07% RANGE:0.07% UP:33.33% SPREAD:0.07037297% BID:1.421 ASK:1.422 MID:1.4215 P1:1.4215 P2:1.4205 P3:1.4205 P4:1.4215 STATE:IDLE
[2026-05-04 16:58:09Z] CHK MOM:0.07% RANGE:0.07% UP:33.33% SPREAD:0.07037297% BID:1.421 ASK:1.422 MID:1.4215 P1:1.4215 P2:1.4205 P3:1.4205 P4:1.4215 STATE:IDLE
[2026-05-04 16:58:09Z] CHK MOM:0.07% RANGE:0.07% UP:33.33% SPREAD:0.07037297% BID:1.421 ASK:1.422 MID:1.4215 P1:1.4215 P2:1.4205 P3:1.4205 P4:1.4215 STATE:IDLE
[2026-05-04 16:58:10Z] CHK MOM:0.07% RANGE:0.07% UP:33.33% SPREAD:0.07037297% BID:1.421 ASK:1.422 MID:1.4215 P1:1.4215 P2:1.4205 P3:1.4205 P4:1.4215 STATE:IDLE
[2026-05-04 16:58:11Z] CHK MOM:0.07% RANGE:0.07% UP:33.33% SPREAD:0.07037297% BID:1.421 ASK:1.422 MID:1.4215 P1:1.4215 P2:1.4205 P3:1.4205 P4:1.4215 STATE:IDLE
[2026-05-04 16:58:19Z] CHK MOM:0% RANGE:0% UP:0% SPREAD:0.07037297% BID:1.421 ASK:1.422 MID:1.4215 P1:1.4215 P2:1.4215 P3:1.4205 P4:1.4205 STATE:IDLE
[2026-05-04 16:58:19Z] CHK MOM:0% RANGE:0% UP:0% SPREAD:0.07037297% BID:1.421 ASK:1.422 MID:1.4215 P1:1.4215 P2:1.4215 P3:1.4205 P4:1.4205 STATE:IDLE
[2026-05-04 16:58:20Z] CHK MOM:-0.07% RANGE:0.07% UP:0% SPREAD:0.07042253% BID:1.42 ASK:1.421 MID:1.4205 P1:1.4205 P2:1.4215 P3:1.4215 P4:1.4205 STATE:IDLE
[2026-05-04 16:58:20Z] CHK MOM:-0.07% RANGE:0.07% UP:0% SPREAD:0.07042253% BID:1.42 ASK:1.421 MID:1.4205 P1:1.4205 P2:1.4205 P3:1.4215 P4:1.4215 STATE:IDLE
[2026-05-04 16:58:21Z] CHK MOM:-0.07% RANGE:0.07% UP:0% SPREAD:0.07042253% BID:1.42 ASK:1.421 MID:1.4205 P1:1.4205 P2:1.4205 P3:1.4205 P4:1.4215 STATE:IDLE
[2026-05-04 16:58:21Z] CHK MOM:-0.07% RANGE:0.07% UP:0% SPREAD:0.07042253% BID:1.42 ASK:1.421 MID:1.4205 P1:1.4205 P2:1.4205 P3:1.4205 P4:1.4205 STATE:IDLE
[2026-05-04 16:58:22Z] CHK MOM:-0.07% RANGE:0.07% UP:0% SPREAD:0.07042253% BID:1.42 ASK:1.421 MID:1.4205 P1:1.4205 P2:1.4205 P3:1.4205 P4:1.4205 STATE:IDLE
[2026-05-04 16:58:22Z] CHK MOM:-0.07% RANGE:0.07% UP:0% SPREAD:0.07042253% BID:1.42 ASK:1.421 MID:1.4205 P1:1.4205 P2:1.4205 P3:1.4205 P4:1.4205 STATE:IDLE
[2026-05-04 16:58:23Z] CHK MOM:-0.07% RANGE:0.07% UP:0% SPREAD:0.07042253% BID:1.42 ASK:1.421 MID:1.4205 P1:1.4205 P2:1.4205 P3:1.4205 P4:1.4205 STATE:IDLE
[2026-05-04 16:58:23Z] CHK MOM:-0.07% RANGE:0.07% UP:0% SPREAD:0.07042253% BID:1.42 ASK:1.421 MID:1.4205 P1:1.4205 P2:1.4205 P3:1.4205 P4:1.4205 STATE:IDLE
[2026-05-04 16:58:24Z] CHK MOM:-0.07% RANGE:0.07% UP:0% SPREAD:0.07042253% BID:1.42 ASK:1.421 MID:1.4205 P1:1.4205 P2:1.4205 P3:1.4205 P4:1.4205 STATE:IDLE
[2026-05-04 16:58:28Z] CHK MOM:0% RANGE:0% UP:0% SPREAD:0.07042253% BID:1.42 ASK:1.421 MID:1.4205 P1:1.4205 P2:1.4205 P3:1.4205 P4:1.4205 STATE:IDLE
[2026-05-04 16:58:28Z] CHK MOM:0% RANGE:0% UP:0% SPREAD:0.07042253% BID:1.42 ASK:1.421 MID:1.4205 P1:1.4205 P2:1.4205 P3:1.4205 P4:1.4205 STATE:IDLE
[2026-05-04 16:58:29Z] CHK MOM:0% RANGE:0% UP:0% SPREAD:0.07042253% BID:1.42 ASK:1.421 MID:1.4205 P1:1.4205 P2:1.4205 P3:1.4205 P4:1.4205 STATE:IDLE
[2026-05-04 16:58:30Z] CHK MOM:0% RANGE:0% UP:0% SPREAD:0.07042253% BID:1.42 ASK:1.421 MID:1.4205 P1:1.4205 P2:1.4205 P3:1.4205 P4:1.4205 STATE:IDLE
[2026-05-04 16:58:30Z] CHK MOM:0% RANGE:0% UP:0% SPREAD:0.07042253% BID:1.42 ASK:1.421 MID:1.4205 P1:1.4205 P2:1.4205 P3:1.4205 P4:1.4205 STATE:IDLE
[2026-05-04 16:58:37Z] CHK MOM:0% RANGE:0% UP:0% SPREAD:0.07042253% BID:1.42 ASK:1.421 MID:1.4205 P1:1.4205 P2:1.4205 P3:1.4205 P4:1.4205 STATE:IDLE
[2026-05-04 16:58:37Z] CHK MOM:0% RANGE:0% UP:0% SPREAD:0.07042253% BID:1.42 ASK:1.421 MID:1.4205 P1:1.4205 P2:1.4205 P3:1.4205 P4:1.4205 STATE:IDLE
[2026-05-04 16:58:38Z] CHK MOM:0% RANGE:0% UP:0% SPREAD:0.07042253% BID:1.42 ASK:1.421 MID:1.4205 P1:1.4205 P2:1.4205 P3:1.4205 P4:1.4205 STATE:IDLE
[2026-05-04 16:58:38Z] CHK MOM:0% RANGE:0% UP:0% SPREAD:0.07042253% BID:1.42 ASK:1.421 MID:1.4205 P1:1.4205 P2:1.4205 P3:1.4205 P4:1.4205 STATE:IDLE
[2026-05-04 16:58:39Z] CHK MOM:0.07% RANGE:0.07% UP:50% SPREAD:0.07037297% BID:1.421 ASK:1.422 MID:1.4215 P1:1.4215 P2:1.4205 P3:1.4205 P4:1.4205 STATE:IDLE
[2026-05-04 16:58:39Z] CHK MOM:0.07% RANGE:0.07% UP:33.33% SPREAD:0.07037297% BID:1.421 ASK:1.422 MID:1.4215 P1:1.4215 P2:1.4215 P3:1.4205 P4:1.4205 STATE:IDLE
[2026-05-04 16:58:40Z] CHK MOM:0.07% RANGE:0.07% UP:33.33% SPREAD:0.07037297% BID:1.421 ASK:1.422 MID:1.4215 P1:1.4215 P2:1.4215 P3:1.4205 P4:1.4205 STATE:IDLE
[2026-05-04 16:58:40Z] CHK MOM:0.07% RANGE:0.07% UP:33.33% SPREAD:0.07037297% BID:1.421 ASK:1.422 MID:1.4215 P1:1.4215 P2:1.4215 P3:1.4205 P4:1.4205 STATE:IDLE
[2026-05-04 16:58:41Z] CHK MOM:0.07% RANGE:0.07% UP:33.33% SPREAD:0.07037297% BID:1.421 ASK:1.422 MID:1.4215 P1:1.4215 P2:1.4215 P3:1.4205 P4:1.4205 STATE:IDLE
[2026-05-04 16:58:41Z] CHK MOM:0.07% RANGE:0.07% UP:33.33% SPREAD:0.07037297% BID:1.421 ASK:1.422 MID:1.4215 P1:1.4215 P2:1.4215 P3:1.4205 P4:1.4205 STATE:IDLE
[2026-05-04 16:58:42Z] CHK MOM:0.07% RANGE:0.07% UP:33.33% SPREAD:0.07037297% BID:1.421 ASK:1.422 MID:1.4215 P1:1.4215 P2:1.4215 P3:1.4205 P4:1.4205 STATE:IDLE
[2026-05-04 16:58:44Z] CHK MOM:0.07% RANGE:0.07% UP:25% SPREAD:0.07037297% BID:1.421 ASK:1.422 MID:1.4215 P1:1.4215 P2:1.4215 P3:1.4215 P4:1.4205 STATE:IDLE
[2026-05-04 16:58:44Z] CHK MOM:0.07% RANGE:0.07% UP:25% SPREAD:0.07037297% BID:1.421 ASK:1.422 MID:1.4215 P1:1.4215 P2:1.4215 P3:1.4215 P4:1.4215 STATE:IDLE
[2026-05-04 16:58:45Z] CHK MOM:0% RANGE:0% UP:0% SPREAD:0.07037297% BID:1.421 ASK:1.422 MID:1.4215 P1:1.4215 P2:1.4215 P3:1.4215 P4:1.4215 STATE:IDLE
[2026-05-04 16:58:45Z] CHK MOM:0% RANGE:0% UP:0% SPREAD:0.07037297% BID:1.421 ASK:1.422 MID:1.4215 P1:1.4215 P2:1.4215 P3:1.4215 P4:1.4215 STATE:IDLE
[2026-05-04 16:58:46Z] CHK MOM:0% RANGE:0% UP:0% SPREAD:0.07037297% BID:1.421 ASK:1.422 MID:1.4215 P1:1.4215 P2:1.4215 P3:1.4215 P4:1.4215 STATE:IDLE
[2026-05-04 16:58:46Z] CHK MOM:0% RANGE:0% UP:0% SPREAD:0.07037297% BID:1.421 ASK:1.422 MID:1.4215 P1:1.4215 P2:1.4215 P3:1.4215 P4:1.4215 STATE:IDLE
[2026-05-04 16:58:47Z] CHK MOM:0% RANGE:0% UP:0% SPREAD:0.07037297% BID:1.421 ASK:1.422 MID:1.4215 P1:1.4215 P2:1.4215 P3:1.4215 P4:1.4215 STATE:IDLE
[2026-05-04 16:58:48Z] CHK MOM:0% RANGE:0% UP:0% SPREAD:0.07037297% BID:1.421 ASK:1.422 MID:1.4215 P1:1.4215 P2:1.4215 P3:1.4215 P4:1.4215 STATE:IDLE
[2026-05-04 16:58:48Z] CHK MOM:0% RANGE:0% UP:0% SPREAD:0.07037297% BID:1.421 ASK:1.422 MID:1.4215 P1:1.4215 P2:1.4215 P3:1.4215 P4:1.4215 STATE:IDLE
[2026-05-04 16:58:49Z] CHK MOM:0% RANGE:0% UP:0% SPREAD:0.07037297% BID:1.421 ASK:1.422 MID:1.4215 P1:1.4215 P2:1.4215 P3:1.4215 P4:1.4215 STATE:IDLE
[2026-05-04 16:58:49Z] CHK MOM:0% RANGE:0% UP:0% SPREAD:0.07037297% BID:1.421 ASK:1.422 MID:1.4215 P1:1.4215 P2:1.4215 P3:1.4215 P4:1.4215 STATE:IDLE
[2026-05-04 16:58:50Z] CHK MOM:0% RANGE:0% UP:0% SPREAD:0.07037297% BID:1.421 ASK:1.422 MID:1.4215 P1:1.4215 P2:1.4215 P3:1.4215 P4:1.4215 STATE:IDLE
[2026-05-04 16:58:50Z] CHK MOM:0% RANGE:0% UP:0% SPREAD:0.07037297% BID:1.421 ASK:1.422 MID:1.4215 P1:1.4215 P2:1.4215 P3:1.4215 P4:1.4215 STATE:IDLE
[2026-05-04 16:58:51Z] CHK MOM:0% RANGE:0% UP:0% SPREAD:0.07037297% BID:1.421 ASK:1.422 MID:1.4215 P1:1.4215 P2:1.4215 P3:1.4215 P4:1.4215 STATE:IDLE
[2026-05-04 16:58:51Z] CHK MOM:0% RANGE:0% UP:0% SPREAD:0.07037297% BID:1.421 ASK:1.422 MID:1.4215 P1:1.4215 P2:1.4215 P3:1.4215 P4:1.4215 STATE:IDLE
[2026-05-04 16:58:52Z] CHK MOM:0% RANGE:0% UP:0% SPREAD:0.07037297% BID:1.421 ASK:1.422 MID:1.4215 P1:1.4215 P2:1.4215 P3:1.4215 P4:1.4215 STATE:IDLE
[2026-05-04 16:58:52Z] CHK MOM:0% RANGE:0% UP:0% SPREAD:0.07037297% BID:1.421 ASK:1.422 MID:1.4215 P1:1.4215 P2:1.4215 P3:1.4215 P4:1.4215 STATE:IDLE
[2026-05-04 16:58:53Z] CHK MOM:0% RANGE:0% UP:0% SPREAD:0.07037297% BID:1.421 ASK:1.422 MID:1.4215 P1:1.4215 P2:1.4215 P3:1.4215 P4:1.4215 STATE:IDLE
[2026-05-04 16:58:54Z] CHK MOM:0% RANGE:0% UP:0% SPREAD:0.07037297% BID:1.421 ASK:1.422 MID:1.4215 P1:1.4215 P2:1.4215 P3:1.4215 P4:1.4215 STATE:IDLE
[2026-05-04 16:58:54Z] CHK MOM:0% RANGE:0% UP:0% SPREAD:0.07037297% BID:1.421 ASK:1.422 MID:1.4215 P1:1.4215 P2:1.4215 P3:1.4215 P4:1.4215 STATE:IDLE
[2026-05-04 16:58:55Z] CHK MOM:0% RANGE:0% UP:0% SPREAD:0.07037297% BID:1.421 ASK:1.422 MID:1.4215 P1:1.4215 P2:1.4215 P3:1.4215 P4:1.4215 STATE:IDLE
[2026-05-04 17:34:29Z] SESSION_START symbol=TONUSDC dry_run=0 profile=major strategy=momentum base_url=https://api.binance.com
[2026-05-04 17:34:29Z] TOXIC_MEMORY_LOADED count=3 symbols=GUNUSDC,JTOUSDC,SAHARAUSDC
[2026-05-04 17:34:36Z] CHK MOM:0% RANGE:0% UP:0% SPREAD:0.06925207% BID:1.444 ASK:1.445 MID:1.4445 P1:1.4445 P2:NA P3:NA P4:NA STATE:IDLE
[2026-05-04 17:34:36Z] CHK MOM:0.06% RANGE:0.06% UP:100% SPREAD:0.06920415% BID:1.445 ASK:1.446 MID:1.4455 P1:1.4455 P2:1.4445 P3:NA P4:NA STATE:IDLE
[2026-05-04 17:34:37Z] CHK MOM:0.06% RANGE:0.06% UP:50% SPREAD:0.06920415% BID:1.445 ASK:1.446 MID:1.4455 P1:1.4455 P2:1.4455 P3:1.4445 P4:NA STATE:IDLE
[2026-05-04 17:34:37Z] CHK MOM:0% RANGE:0.06% UP:33.33% SPREAD:0.06925207% BID:1.444 ASK:1.445 MID:1.4445 P1:1.4445 P2:1.4455 P3:1.4455 P4:1.4445 STATE:IDLE
[2026-05-04 17:34:38Z] CHK MOM:0% RANGE:0.06% UP:33.33% SPREAD:0.06925207% BID:1.444 ASK:1.445 MID:1.4445 P1:1.4445 P2:1.4455 P3:1.4455 P4:1.4445 STATE:IDLE
[2026-05-04 17:34:38Z] CHK MOM:0% RANGE:0.06% UP:33.33% SPREAD:0.06925207% BID:1.444 ASK:1.445 MID:1.4445 P1:1.4445 P2:1.4455 P3:1.4455 P4:1.4445 STATE:IDLE
[2026-05-04 17:34:39Z] CHK MOM:0% RANGE:0.06% UP:33.33% SPREAD:0.06925207% BID:1.444 ASK:1.445 MID:1.4445 P1:1.4445 P2:1.4455 P3:1.4455 P4:1.4445 STATE:IDLE
[2026-05-04 17:34:39Z] CHK MOM:0% RANGE:0.06% UP:33.33% SPREAD:0.06925207% BID:1.444 ASK:1.445 MID:1.4445 P1:1.4445 P2:1.4455 P3:1.4455 P4:1.4445 STATE:IDLE
[2026-05-04 17:34:40Z] CHK MOM:0% RANGE:0.06% UP:33.33% SPREAD:0.06925207% BID:1.444 ASK:1.445 MID:1.4445 P1:1.4445 P2:1.4455 P3:1.4455 P4:1.4445 STATE:IDLE
[2026-05-04 17:34:43Z] CHK MOM:0.13% RANGE:0.13% UP:50% SPREAD:0.06915629% BID:1.446 ASK:1.447 MID:1.4465 P1:1.4465 P2:1.4445 P3:1.4455 P4:1.4455 STATE:IDLE
[2026-05-04 17:34:44Z] CHK MOM:0.06% RANGE:0.13% UP:25% SPREAD:0.06915629% BID:1.446 ASK:1.447 MID:1.4465 P1:1.4465 P2:1.4465 P3:1.4445 P4:1.4455 STATE:IDLE
[2026-05-04 17:34:44Z] CHK MOM:0.06% RANGE:0.13% UP:25% SPREAD:0.06915629% BID:1.446 ASK:1.447 MID:1.4465 P1:1.4465 P2:1.4465 P3:1.4445 P4:1.4455 STATE:IDLE
[2026-05-04 17:34:45Z] CHK MOM:0.13% RANGE:0.13% UP:33.33% SPREAD:0.06915629% BID:1.446 ASK:1.447 MID:1.4465 P1:1.4465 P2:1.4465 P3:1.4465 P4:1.4445 STATE:IDLE
[2026-05-04 17:34:45Z] CHK MOM:0% RANGE:0% UP:0% SPREAD:0.06915629% BID:1.446 ASK:1.447 MID:1.4465 P1:1.4465 P2:1.4465 P3:1.4465 P4:1.4465 STATE:IDLE
[2026-05-04 17:34:46Z] CHK MOM:0% RANGE:0% UP:0% SPREAD:0.06915629% BID:1.446 ASK:1.447 MID:1.4465 P1:1.4465 P2:1.4465 P3:1.4465 P4:1.4465 STATE:IDLE
[2026-05-04 17:34:46Z] CHK MOM:0% RANGE:0% UP:0% SPREAD:0.06915629% BID:1.446 ASK:1.447 MID:1.4465 P1:1.4465 P2:1.4465 P3:1.4465 P4:1.4465 STATE:IDLE
[2026-05-04 17:34:47Z] CHK MOM:0% RANGE:0% UP:0% SPREAD:0.06915629% BID:1.446 ASK:1.447 MID:1.4465 P1:1.4465 P2:1.4465 P3:1.4465 P4:1.4465 STATE:IDLE
[2026-05-04 17:34:47Z] CHK MOM:0% RANGE:0% UP:0% SPREAD:0.06915629% BID:1.446 ASK:1.447 MID:1.4465 P1:1.4465 P2:1.4465 P3:1.4465 P4:1.4465 STATE:IDLE
[2026-05-04 17:34:48Z] CHK MOM:0% RANGE:0% UP:0% SPREAD:0.06915629% BID:1.446 ASK:1.447 MID:1.4465 P1:1.4465 P2:1.4465 P3:1.4465 P4:1.4465 STATE:IDLE
[2026-05-04 17:34:49Z] CHK MOM:0% RANGE:0% UP:0% SPREAD:0.06915629% BID:1.446 ASK:1.447 MID:1.4465 P1:1.4465 P2:1.4465 P3:1.4465 P4:1.4465 STATE:IDLE
[2026-05-04 17:34:49Z] CHK MOM:0% RANGE:0% UP:0% SPREAD:0.06915629% BID:1.446 ASK:1.447 MID:1.4465 P1:1.4465 P2:1.4465 P3:1.4465 P4:1.4465 STATE:IDLE
[2026-05-04 17:34:50Z] CHK MOM:-0.06% RANGE:0.06% UP:0% SPREAD:0.06920415% BID:1.445 ASK:1.446 MID:1.4455 P1:1.4455 P2:1.4465 P3:1.4465 P4:1.4465 STATE:IDLE
[2026-05-04 17:34:50Z] CHK MOM:-0.06% RANGE:0.06% UP:0% SPREAD:0.06920415% BID:1.445 ASK:1.446 MID:1.4455 P1:1.4455 P2:1.4455 P3:1.4465 P4:1.4465 STATE:IDLE
[2026-05-04 17:34:51Z] CHK MOM:-0.06% RANGE:0.06% UP:0% SPREAD:0.06920415% BID:1.445 ASK:1.446 MID:1.4455 P1:1.4455 P2:1.4455 P3:1.4455 P4:1.4465 STATE:IDLE
[2026-05-04 17:34:51Z] CHK MOM:-0.06% RANGE:0.06% UP:0% SPREAD:0.06920415% BID:1.445 ASK:1.446 MID:1.4455 P1:1.4455 P2:1.4455 P3:1.4455 P4:1.4455 STATE:IDLE
[2026-05-04 17:34:52Z] CHK MOM:-0.06% RANGE:0.06% UP:0% SPREAD:0.06920415% BID:1.445 ASK:1.446 MID:1.4455 P1:1.4455 P2:1.4455 P3:1.4455 P4:1.4455 STATE:IDLE
[2026-05-04 17:34:52Z] CHK MOM:-0.13% RANGE:0.13% UP:0% SPREAD:0.06925207% BID:1.444 ASK:1.445 MID:1.4445 P1:1.4445 P2:1.4455 P3:1.4455 P4:1.4455 STATE:IDLE
[2026-05-04 17:34:53Z] CHK MOM:-0.13% RANGE:0.13% UP:0% SPREAD:0.06925207% BID:1.444 ASK:1.445 MID:1.4445 P1:1.4445 P2:1.4445 P3:1.4455 P4:1.4455 STATE:IDLE
[2026-05-04 17:34:54Z] CHK MOM:-0.13% RANGE:0.13% UP:0% SPREAD:0.06925207% BID:1.444 ASK:1.445 MID:1.4445 P1:1.4445 P2:1.4445 P3:1.4445 P4:1.4455 STATE:IDLE
[2026-05-04 17:34:54Z] CHK MOM:-0.06% RANGE:0.13% UP:9.09% SPREAD:0.06920415% BID:1.445 ASK:1.446 MID:1.4455 P1:1.4455 P2:1.4445 P3:1.4445 P4:1.4445 STATE:IDLE
[2026-05-04 17:34:55Z] CHK MOM:-0.06% RANGE:0.13% UP:9.09% SPREAD:0.06920415% BID:1.445 ASK:1.446 MID:1.4455 P1:1.4455 P2:1.4445 P3:1.4445 P4:1.4445 STATE:IDLE
[2026-05-04 17:34:55Z] CHK MOM:-0.06% RANGE:0.13% UP:9.09% SPREAD:0.06920415% BID:1.445 ASK:1.446 MID:1.4455 P1:1.4455 P2:1.4445 P3:1.4445 P4:1.4445 STATE:IDLE
[2026-05-04 17:34:56Z] CHK MOM:-0.06% RANGE:0.13% UP:9.09% SPREAD:0.06920415% BID:1.445 ASK:1.446 MID:1.4455 P1:1.4455 P2:1.4445 P3:1.4445 P4:1.4445 STATE:IDLE
[2026-05-04 17:34:56Z] CHK MOM:-0.06% RANGE:0.13% UP:11.11% SPREAD:0.06920415% BID:1.445 ASK:1.446 MID:1.4455 P1:1.4455 P2:1.4455 P3:1.4445 P4:1.4445 STATE:IDLE
[2026-05-04 17:34:57Z] CHK MOM:-0.06% RANGE:0.13% UP:11.11% SPREAD:0.06920415% BID:1.445 ASK:1.446 MID:1.4455 P1:1.4455 P2:1.4455 P3:1.4445 P4:1.4445 STATE:IDLE
[2026-05-04 17:34:57Z] CHK MOM:-0.06% RANGE:0.13% UP:11.11% SPREAD:0.06920415% BID:1.445 ASK:1.446 MID:1.4455 P1:1.4455 P2:1.4455 P3:1.4445 P4:1.4445 STATE:IDLE
[2026-05-04 17:34:58Z] CHK MOM:-0.06% RANGE:0.13% UP:11.11% SPREAD:0.06920415% BID:1.445 ASK:1.446 MID:1.4455 P1:1.4455 P2:1.4455 P3:1.4445 P4:1.4445 STATE:IDLE
[2026-05-04 17:34:58Z] CHK MOM:-0.06% RANGE:0.13% UP:11.11% SPREAD:0.06920415% BID:1.445 ASK:1.446 MID:1.4455 P1:1.4455 P2:1.4455 P3:1.4445 P4:1.4445 STATE:IDLE
[2026-05-04 17:34:59Z] CHK MOM:0% RANGE:0.06% UP:16.66% SPREAD:0.06920415% BID:1.445 ASK:1.446 MID:1.4455 P1:1.4455 P2:1.4455 P3:1.4455 P4:1.4445 STATE:IDLE
[2026-05-04 17:35:00Z] CHK MOM:0.2% RANGE:0.2% UP:33.33% SPREAD:0.0691085% BID:1.447 ASK:1.448 MID:1.4475 P1:1.4475 P2:1.4455 P3:1.4455 P4:1.4455 STATE:IDLE
[2026-05-04 17:35:00Z] CHK MOM:0.2% RANGE:0.2% UP:33.33% SPREAD:0.0691085% BID:1.447 ASK:1.448 MID:1.4475 P1:1.4475 P2:1.4475 P3:1.4455 P4:1.4455 STATE:IDLE
[2026-05-04 17:35:01Z] CHK MOM:0.2% RANGE:0.2% UP:28.57% SPREAD:0.0691085% BID:1.447 ASK:1.448 MID:1.4475 P1:1.4475 P2:1.4475 P3:1.4475 P4:1.4455 STATE:IDLE
[2026-05-04 17:35:01Z] CHK MOM:0.2% RANGE:0.2% UP:28.57% SPREAD:0.0691085% BID:1.447 ASK:1.448 MID:1.4475 P1:1.4475 P2:1.4475 P3:1.4475 P4:1.4475 STATE:IDLE
[2026-05-04 17:35:02Z] CHK MOM:0.13% RANGE:0.13% UP:14.28% SPREAD:0.0691085% BID:1.447 ASK:1.448 MID:1.4475 P1:1.4475 P2:1.4475 P3:1.4475 P4:1.4475 STATE:IDLE
[2026-05-04 17:35:02Z] CHK MOM:0.13% RANGE:0.13% UP:14.28% SPREAD:0.0691085% BID:1.447 ASK:1.448 MID:1.4475 P1:1.4475 P2:1.4475 P3:1.4475 P4:1.4475 STATE:IDLE
[2026-05-04 17:35:03Z] CHK MOM:0.13% RANGE:0.13% UP:14.28% SPREAD:0.0691085% BID:1.447 ASK:1.448 MID:1.4475 P1:1.4475 P2:1.4475 P3:1.4475 P4:1.4475 STATE:IDLE
[2026-05-04 17:35:03Z] CHK MOM:0.13% RANGE:0.13% UP:14.28% SPREAD:0.0691085% BID:1.447 ASK:1.448 MID:1.4475 P1:1.4475 P2:1.4475 P3:1.4475 P4:1.4475 STATE:IDLE
[2026-05-04 17:35:05Z] CHK MOM:0.13% RANGE:0.13% UP:14.28% SPREAD:0.0691085% BID:1.447 ASK:1.448 MID:1.4475 P1:1.4475 P2:1.4475 P3:1.4475 P4:1.4475 STATE:IDLE
[2026-05-04 17:35:05Z] CHK MOM:0.13% RANGE:0.13% UP:14.28% SPREAD:0.0691085% BID:1.447 ASK:1.448 MID:1.4475 P1:1.4475 P2:1.4475 P3:1.4475 P4:1.4475 STATE:IDLE
[2026-05-04 17:35:06Z] CHK MOM:0.13% RANGE:0.13% UP:14.28% SPREAD:0.0691085% BID:1.447 ASK:1.448 MID:1.4475 P1:1.4475 P2:1.4475 P3:1.4475 P4:1.4475 STATE:IDLE
[2026-05-04 17:35:08Z] CHK MOM:0% RANGE:0% UP:0% SPREAD:0.0691085% BID:1.447 ASK:1.448 MID:1.4475 P1:1.4475 P2:1.4475 P3:1.4475 P4:1.4475 STATE:IDLE
[2026-05-04 17:35:09Z] CHK MOM:0% RANGE:0% UP:0% SPREAD:0.0691085% BID:1.447 ASK:1.448 MID:1.4475 P1:1.4475 P2:1.4475 P3:1.4475 P4:1.4475 STATE:IDLE
[2026-05-04 17:35:10Z] CHK MOM:0% RANGE:0% UP:0% SPREAD:0.0691085% BID:1.447 ASK:1.448 MID:1.4475 P1:1.4475 P2:1.4475 P3:1.4475 P4:1.4475 STATE:IDLE
[2026-05-04 17:35:10Z] CHK MOM:0% RANGE:0% UP:0% SPREAD:0.0691085% BID:1.447 ASK:1.448 MID:1.4475 P1:1.4475 P2:1.4475 P3:1.4475 P4:1.4475 STATE:IDLE
[2026-05-04 17:35:11Z] CHK MOM:0% RANGE:0% UP:0% SPREAD:0.0691085% BID:1.447 ASK:1.448 MID:1.4475 P1:1.4475 P2:1.4475 P3:1.4475 P4:1.4475 STATE:IDLE
[2026-05-04 17:35:13Z] CHK MOM:0% RANGE:0% UP:0% SPREAD:0.0691085% BID:1.447 ASK:1.448 MID:1.4475 P1:1.4475 P2:1.4475 P3:1.4475 P4:1.4475 STATE:IDLE
[2026-05-04 17:35:14Z] CHK MOM:0% RANGE:0% UP:0% SPREAD:0.0691085% BID:1.447 ASK:1.448 MID:1.4475 P1:1.4475 P2:1.4475 P3:1.4475 P4:1.4475 STATE:IDLE
[2026-05-04 17:35:14Z] CHK MOM:0% RANGE:0% UP:0% SPREAD:0.0691085% BID:1.447 ASK:1.448 MID:1.4475 P1:1.4475 P2:1.4475 P3:1.4475 P4:1.4475 STATE:IDLE
[2026-05-04 17:35:15Z] CHK MOM:0% RANGE:0% UP:0% SPREAD:0.0691085% BID:1.447 ASK:1.448 MID:1.4475 P1:1.4475 P2:1.4475 P3:1.4475 P4:1.4475 STATE:IDLE
[2026-05-04 17:35:16Z] CHK MOM:0% RANGE:0% UP:0% SPREAD:0.0691085% BID:1.447 ASK:1.448 MID:1.4475 P1:1.4475 P2:1.4475 P3:1.4475 P4:1.4475 STATE:IDLE
[2026-05-04 17:35:16Z] CHK MOM:0% RANGE:0% UP:0% SPREAD:0.0691085% BID:1.447 ASK:1.448 MID:1.4475 P1:1.4475 P2:1.4475 P3:1.4475 P4:1.4475 STATE:IDLE
[2026-05-04 17:35:17Z] CHK MOM:0% RANGE:0% UP:0% SPREAD:0.0691085% BID:1.447 ASK:1.448 MID:1.4475 P1:1.4475 P2:1.4475 P3:1.4475 P4:1.4475 STATE:IDLE
[2026-05-04 17:35:17Z] CHK MOM:0% RANGE:0% UP:0% SPREAD:0.0691085% BID:1.447 ASK:1.448 MID:1.4475 P1:1.4475 P2:1.4475 P3:1.4475 P4:1.4475 STATE:IDLE
[2026-05-04 17:35:18Z] CHK MOM:0% RANGE:0% UP:0% SPREAD:0.0691085% BID:1.447 ASK:1.448 MID:1.4475 P1:1.4475 P2:1.4475 P3:1.4475 P4:1.4475 STATE:IDLE
[2026-05-04 17:35:18Z] CHK MOM:0% RANGE:0% UP:0% SPREAD:0.0691085% BID:1.447 ASK:1.448 MID:1.4475 P1:1.4475 P2:1.4475 P3:1.4475 P4:1.4475 STATE:IDLE
[2026-05-04 17:35:19Z] CHK MOM:0% RANGE:0% UP:0% SPREAD:0.0691085% BID:1.447 ASK:1.448 MID:1.4475 P1:1.4475 P2:1.4475 P3:1.4475 P4:1.4475 STATE:IDLE
[2026-05-04 17:35:19Z] CHK MOM:0% RANGE:0% UP:0% SPREAD:0.0691085% BID:1.447 ASK:1.448 MID:1.4475 P1:1.4475 P2:1.4475 P3:1.4475 P4:1.4475 STATE:IDLE
[2026-05-04 17:35:20Z] CHK MOM:0% RANGE:0% UP:0% SPREAD:0.0691085% BID:1.447 ASK:1.448 MID:1.4475 P1:1.4475 P2:1.4475 P3:1.4475 P4:1.4475 STATE:IDLE
[2026-05-04 17:35:21Z] CHK MOM:0% RANGE:0% UP:0% SPREAD:0.0691085% BID:1.447 ASK:1.448 MID:1.4475 P1:1.4475 P2:1.4475 P3:1.4475 P4:1.4475 STATE:IDLE
[2026-05-04 17:35:21Z] CHK MOM:0% RANGE:0% UP:0% SPREAD:0.0691085% BID:1.447 ASK:1.448 MID:1.4475 P1:1.4475 P2:1.4475 P3:1.4475 P4:1.4475 STATE:IDLE
[2026-05-04 17:35:22Z] CHK MOM:0% RANGE:0% UP:0% SPREAD:0.0691085% BID:1.447 ASK:1.448 MID:1.4475 P1:1.4475 P2:1.4475 P3:1.4475 P4:1.4475 STATE:IDLE
[2026-05-04 17:35:22Z] CHK MOM:0.06% RANGE:0.06% UP:14.28% SPREAD:0.06906077% BID:1.448 ASK:1.449 MID:1.4485 P1:1.4485 P2:1.4475 P3:1.4475 P4:1.4475 STATE:IDLE
[2026-05-04 17:35:23Z] CHK MOM:-0.06% RANGE:0.13% UP:12.5% SPREAD:0.06915629% BID:1.446 ASK:1.447 MID:1.4465 P1:1.4465 P2:1.4485 P3:1.4475 P4:1.4475 STATE:IDLE
[2026-05-04 17:35:23Z] CHK MOM:0% RANGE:0.13% UP:25% SPREAD:0.0691085% BID:1.447 ASK:1.448 MID:1.4475 P1:1.4475 P2:1.4465 P3:1.4485 P4:1.4475 STATE:IDLE
[2026-05-04 17:35:24Z] CHK MOM:0% RANGE:0.13% UP:25% SPREAD:0.0691085% BID:1.447 ASK:1.448 MID:1.4475 P1:1.4475 P2:1.4465 P3:1.4485 P4:1.4475 STATE:IDLE
[2026-05-04 17:35:24Z] CHK MOM:0.06% RANGE:0.13% UP:33.33% SPREAD:0.06906077% BID:1.448 ASK:1.449 MID:1.4485 P1:1.4485 P2:1.4475 P3:1.4465 P4:1.4485 STATE:IDLE
[2026-05-04 17:35:25Z] CHK MOM:0.03% RANGE:0.13% UP:30% SPREAD:0.138217% BID:1.447 ASK:1.449 MID:1.448 P1:1.448 P2:1.4485 P3:1.4475 P4:1.4465 STATE:IDLE
[2026-05-04 17:35:26Z] CHK MOM:0.06% RANGE:0.13% UP:40% SPREAD:0.06906077% BID:1.448 ASK:1.449 MID:1.4485 P1:1.4485 P2:1.448 P3:1.4485 P4:1.4475 STATE:IDLE
[2026-05-04 17:35:26Z] CHK MOM:0.06% RANGE:0.13% UP:40% SPREAD:0.06906077% BID:1.448 ASK:1.449 MID:1.4485 P1:1.4485 P2:1.448 P3:1.4485 P4:1.4475 STATE:IDLE
[2026-05-04 17:35:27Z] CHK MOM:0.06% RANGE:0.13% UP:40% SPREAD:0.06906077% BID:1.448 ASK:1.449 MID:1.4485 P1:1.4485 P2:1.4485 P3:1.448 P4:1.4485 STATE:IDLE
[2026-05-04 17:35:27Z] CHK MOM:0.06% RANGE:0.13% UP:36.36% SPREAD:0.06906077% BID:1.448 ASK:1.449 MID:1.4485 P1:1.4485 P2:1.4485 P3:1.4485 P4:1.448 STATE:IDLE
[2026-05-04 17:35:28Z] CHK MOM:0.06% RANGE:0.13% UP:36.36% SPREAD:0.06906077% BID:1.448 ASK:1.449 MID:1.4485 P1:1.4485 P2:1.4485 P3:1.4485 P4:1.448 STATE:IDLE
[2026-05-04 17:35:28Z] CHK MOM:0.06% RANGE:0.13% UP:36.36% SPREAD:0.06906077% BID:1.448 ASK:1.449 MID:1.4485 P1:1.4485 P2:1.4485 P3:1.4485 P4:1.448 STATE:IDLE
[2026-05-04 17:35:29Z] CHK MOM:0.06% RANGE:0.13% UP:36.36% SPREAD:0.06906077% BID:1.448 ASK:1.449 MID:1.4485 P1:1.4485 P2:1.4485 P3:1.4485 P4:1.448 STATE:IDLE
[2026-05-04 17:35:29Z] CHK MOM:0.06% RANGE:0.2% UP:50% SPREAD:0.06901311% BID:1.449 ASK:1.45 MID:1.4495 P1:1.4495 P2:1.4485 P3:1.4485 P4:1.4485 STATE:IDLE
[2026-05-04 17:35:30Z] CHK MOM:0.06% RANGE:0.2% UP:44.44% SPREAD:0.06901311% BID:1.449 ASK:1.45 MID:1.4495 P1:1.4495 P2:1.4495 P3:1.4485 P4:1.4485 STATE:IDLE
[2026-05-04 17:35:31Z] CHK MOM:0.06% RANGE:0.2% UP:44.44% SPREAD:0.06901311% BID:1.449 ASK:1.45 MID:1.4495 P1:1.4495 P2:1.4495 P3:1.4485 P4:1.4485 STATE:IDLE
[2026-05-04 17:35:31Z] CHK MOM:0.13% RANGE:0.13% UP:37.5% SPREAD:0.06901311% BID:1.449 ASK:1.45 MID:1.4495 P1:1.4495 P2:1.4495 P3:1.4495 P4:1.4485 STATE:IDLE
[2026-05-04 17:35:32Z] CHK MOM:0.13% RANGE:0.13% UP:37.5% SPREAD:0.06901311% BID:1.449 ASK:1.45 MID:1.4495 P1:1.4495 P2:1.4495 P3:1.4495 P4:1.4485 STATE:IDLE
[2026-05-04 17:35:32Z] CHK MOM:0.13% RANGE:0.13% UP:37.5% SPREAD:0.06901311% BID:1.449 ASK:1.45 MID:1.4495 P1:1.4495 P2:1.4495 P3:1.4495 P4:1.4485 STATE:IDLE
[2026-05-04 17:35:33Z] CHK MOM:0.1% RANGE:0.1% UP:28.57% SPREAD:0.06901311% BID:1.449 ASK:1.45 MID:1.4495 P1:1.4495 P2:1.4495 P3:1.4495 P4:1.4495 STATE:IDLE
[2026-05-04 17:35:33Z] CHK MOM:0.1% RANGE:0.1% UP:28.57% SPREAD:0.06901311% BID:1.449 ASK:1.45 MID:1.4495 P1:1.4495 P2:1.4495 P3:1.4495 P4:1.4495 STATE:IDLE
[2026-05-04 17:35:34Z] CHK MOM:0.06% RANGE:0.06% UP:16.66% SPREAD:0.06901311% BID:1.449 ASK:1.45 MID:1.4495 P1:1.4495 P2:1.4495 P3:1.4495 P4:1.4495 STATE:IDLE
[2026-05-04 17:35:34Z] CHK MOM:0.06% RANGE:0.06% UP:14.28% SPREAD:0.06901311% BID:1.449 ASK:1.45 MID:1.4495 P1:1.4495 P2:1.4495 P3:1.4495 P4:1.4495 STATE:IDLE
[2026-05-04 17:35:35Z] CHK MOM:0.06% RANGE:0.06% UP:12.5% SPREAD:0.06901311% BID:1.449 ASK:1.45 MID:1.4495 P1:1.4495 P2:1.4495 P3:1.4495 P4:1.4495 STATE:IDLE
[2026-05-04 17:35:35Z] CHK MOM:0.06% RANGE:0.06% UP:12.5% SPREAD:0.06901311% BID:1.449 ASK:1.45 MID:1.4495 P1:1.4495 P2:1.4495 P3:1.4495 P4:1.4495 STATE:IDLE
[2026-05-04 17:35:36Z] CHK MOM:0.06% RANGE:0.06% UP:12.5% SPREAD:0.06901311% BID:1.449 ASK:1.45 MID:1.4495 P1:1.4495 P2:1.4495 P3:1.4495 P4:1.4495 STATE:IDLE
[2026-05-04 17:35:37Z] CHK MOM:0.06% RANGE:0.06% UP:12.5% SPREAD:0.06901311% BID:1.449 ASK:1.45 MID:1.4495 P1:1.4495 P2:1.4495 P3:1.4495 P4:1.4495 STATE:IDLE
[2026-05-04 17:35:37Z] CHK MOM:0% RANGE:0% UP:0% SPREAD:0.06901311% BID:1.449 ASK:1.45 MID:1.4495 P1:1.4495 P2:1.4495 P3:1.4495 P4:1.4495 STATE:IDLE
[2026-05-04 17:35:38Z] CHK MOM:0% RANGE:0% UP:0% SPREAD:0.06901311% BID:1.449 ASK:1.45 MID:1.4495 P1:1.4495 P2:1.4495 P3:1.4495 P4:1.4495 STATE:IDLE
[2026-05-04 17:35:38Z] CHK MOM:0% RANGE:0% UP:0% SPREAD:0.06901311% BID:1.449 ASK:1.45 MID:1.4495 P1:1.4495 P2:1.4495 P3:1.4495 P4:1.4495 STATE:IDLE
[2026-05-04 17:35:39Z] CHK MOM:0% RANGE:0% UP:0% SPREAD:0.06901311% BID:1.449 ASK:1.45 MID:1.4495 P1:1.4495 P2:1.4495 P3:1.4495 P4:1.4495 STATE:IDLE
[2026-05-04 17:35:39Z] CHK MOM:0% RANGE:0% UP:0% SPREAD:0.06901311% BID:1.449 ASK:1.45 MID:1.4495 P1:1.4495 P2:1.4495 P3:1.4495 P4:1.4495 STATE:IDLE
[2026-05-04 17:35:40Z] CHK MOM:0% RANGE:0% UP:0% SPREAD:0.06901311% BID:1.449 ASK:1.45 MID:1.4495 P1:1.4495 P2:1.4495 P3:1.4495 P4:1.4495 STATE:IDLE
[2026-05-04 17:35:40Z] CHK MOM:0% RANGE:0% UP:0% SPREAD:0.06901311% BID:1.449 ASK:1.45 MID:1.4495 P1:1.4495 P2:1.4495 P3:1.4495 P4:1.4495 STATE:IDLE
[2026-05-04 17:35:41Z] CHK MOM:0% RANGE:0% UP:0% SPREAD:0.06901311% BID:1.449 ASK:1.45 MID:1.4495 P1:1.4495 P2:1.4495 P3:1.4495 P4:1.4495 STATE:IDLE
[2026-05-04 17:35:48Z] CHK MOM:0% RANGE:0% UP:0% SPREAD:0.06901311% BID:1.449 ASK:1.45 MID:1.4495 P1:1.4495 P2:1.4495 P3:1.4495 P4:1.4495 STATE:IDLE
[2026-05-04 17:35:48Z] CHK MOM:-0.06% RANGE:0.06% UP:0% SPREAD:0.06906077% BID:1.448 ASK:1.449 MID:1.4485 P1:1.4485 P2:1.4495 P3:1.4495 P4:1.4495 STATE:IDLE
[2026-05-04 17:35:49Z] CHK MOM:-0.06% RANGE:0.06% UP:0% SPREAD:0.06906077% BID:1.448 ASK:1.449 MID:1.4485 P1:1.4485 P2:1.4495 P3:1.4495 P4:1.4495 STATE:IDLE
[2026-05-04 17:35:49Z] CHK MOM:-0.06% RANGE:0.06% UP:0% SPREAD:0.06906077% BID:1.448 ASK:1.449 MID:1.4485 P1:1.4485 P2:1.4495 P3:1.4495 P4:1.4495 STATE:IDLE
[2026-05-04 17:35:50Z] CHK MOM:-0.06% RANGE:0.06% UP:0% SPREAD:0.06906077% BID:1.448 ASK:1.449 MID:1.4485 P1:1.4485 P2:1.4485 P3:1.4495 P4:1.4495 STATE:IDLE
[2026-05-04 17:35:50Z] CHK MOM:-0.06% RANGE:0.06% UP:0% SPREAD:0.06906077% BID:1.448 ASK:1.449 MID:1.4485 P1:1.4485 P2:1.4485 P3:1.4495 P4:1.4495 STATE:IDLE
[2026-05-04 17:35:51Z] CHK MOM:-0.06% RANGE:0.06% UP:0% SPREAD:0.06906077% BID:1.448 ASK:1.449 MID:1.4485 P1:1.4485 P2:1.4485 P3:1.4495 P4:1.4495 STATE:IDLE
[2026-05-04 17:35:51Z] CHK MOM:-0.06% RANGE:0.06% UP:0% SPREAD:0.06906077% BID:1.448 ASK:1.449 MID:1.4485 P1:1.4485 P2:1.4485 P3:1.4495 P4:1.4495 STATE:IDLE
[2026-05-04 17:35:52Z] CHK MOM:-0.06% RANGE:0.06% UP:0% SPREAD:0.06906077% BID:1.448 ASK:1.449 MID:1.4485 P1:1.4485 P2:1.4485 P3:1.4495 P4:1.4495 STATE:IDLE
[2026-05-04 17:35:52Z] CHK MOM:-0.06% RANGE:0.06% UP:0% SPREAD:0.06906077% BID:1.448 ASK:1.449 MID:1.4485 P1:1.4485 P2:1.4485 P3:1.4495 P4:1.4495 STATE:IDLE
[2026-05-04 17:35:54Z] CHK MOM:-0.06% RANGE:0.06% UP:0% SPREAD:0.06906077% BID:1.448 ASK:1.449 MID:1.4485 P1:1.4485 P2:1.4485 P3:1.4485 P4:1.4495 STATE:IDLE
[2026-05-04 17:35:54Z] CHK MOM:-0.06% RANGE:0.06% UP:0% SPREAD:0.06906077% BID:1.448 ASK:1.449 MID:1.4485 P1:1.4485 P2:1.4485 P3:1.4485 P4:1.4495 STATE:IDLE
[2026-05-04 17:35:55Z] CHK MOM:-0.06% RANGE:0.06% UP:0% SPREAD:0.06906077% BID:1.448 ASK:1.449 MID:1.4485 P1:1.4485 P2:1.4485 P3:1.4485 P4:1.4495 STATE:IDLE
[2026-05-04 17:35:55Z] CHK MOM:-0.06% RANGE:0.06% UP:0% SPREAD:0.06906077% BID:1.448 ASK:1.449 MID:1.4485 P1:1.4485 P2:1.4485 P3:1.4485 P4:1.4495 STATE:IDLE
[2026-05-04 17:35:56Z] CHK MOM:0% RANGE:0% UP:0% SPREAD:0.06906077% BID:1.448 ASK:1.449 MID:1.4485 P1:1.4485 P2:1.4485 P3:1.4485 P4:1.4485 STATE:IDLE
[2026-05-04 17:35:56Z] CHK MOM:0% RANGE:0% UP:0% SPREAD:0.06906077% BID:1.448 ASK:1.449 MID:1.4485 P1:1.4485 P2:1.4485 P3:1.4485 P4:1.4485 STATE:IDLE
[2026-05-04 17:35:57Z] CHK MOM:0% RANGE:0% UP:0% SPREAD:0.06906077% BID:1.448 ASK:1.449 MID:1.4485 P1:1.4485 P2:1.4485 P3:1.4485 P4:1.4485 STATE:IDLE
[2026-05-04 17:35:57Z] CHK MOM:0% RANGE:0% UP:0% SPREAD:0.06906077% BID:1.448 ASK:1.449 MID:1.4485 P1:1.4485 P2:1.4485 P3:1.4485 P4:1.4485 STATE:IDLE
[2026-05-04 17:35:58Z] CHK MOM:0% RANGE:0% UP:0% SPREAD:0.06906077% BID:1.448 ASK:1.449 MID:1.4485 P1:1.4485 P2:1.4485 P3:1.4485 P4:1.4485 STATE:IDLE
[2026-05-04 17:35:58Z] CHK MOM:0% RANGE:0% UP:0% SPREAD:0.06906077% BID:1.448 ASK:1.449 MID:1.4485 P1:1.4485 P2:1.4485 P3:1.4485 P4:1.4485 STATE:IDLE
[2026-05-04 17:35:59Z] CHK MOM:0% RANGE:0% UP:0% SPREAD:0.06906077% BID:1.448 ASK:1.449 MID:1.4485 P1:1.4485 P2:1.4485 P3:1.4485 P4:1.4485 STATE:IDLE
[2026-05-04 17:36:00Z] CHK MOM:0% RANGE:0% UP:0% SPREAD:0.06906077% BID:1.448 ASK:1.449 MID:1.4485 P1:1.4485 P2:1.4485 P3:1.4485 P4:1.4485 STATE:IDLE
[2026-05-04 17:36:00Z] CHK MOM:0.06% RANGE:0.06% UP:33.33% SPREAD:0.06901311% BID:1.449 ASK:1.45 MID:1.4495 P1:1.4495 P2:1.4485 P3:1.4485 P4:1.4485 STATE:IDLE
[2026-05-04 17:36:01Z] CHK MOM:0.06% RANGE:0.06% UP:25% SPREAD:0.06901311% BID:1.449 ASK:1.45 MID:1.4495 P1:1.4495 P2:1.4495 P3:1.4485 P4:1.4485 STATE:IDLE
[2026-05-04 17:36:01Z] CHK MOM:0.06% RANGE:0.06% UP:20% SPREAD:0.06901311% BID:1.449 ASK:1.45 MID:1.4495 P1:1.4495 P2:1.4495 P3:1.4495 P4:1.4485 STATE:IDLE
[2026-05-04 17:36:02Z] CHK MOM:0.06% RANGE:0.06% UP:20% SPREAD:0.06901311% BID:1.449 ASK:1.45 MID:1.4495 P1:1.4495 P2:1.4495 P3:1.4495 P4:1.4485 STATE:IDLE
[2026-05-04 17:36:02Z] CHK MOM:0.06% RANGE:0.06% UP:20% SPREAD:0.06901311% BID:1.449 ASK:1.45 MID:1.4495 P1:1.4495 P2:1.4495 P3:1.4495 P4:1.4485 STATE:IDLE
[2026-05-04 17:36:03Z] CHK MOM:0.06% RANGE:0.06% UP:20% SPREAD:0.06901311% BID:1.449 ASK:1.45 MID:1.4495 P1:1.4495 P2:1.4495 P3:1.4495 P4:1.4495 STATE:IDLE
[2026-05-04 17:36:03Z] CHK MOM:0.06% RANGE:0.06% UP:20% SPREAD:0.06901311% BID:1.449 ASK:1.45 MID:1.4495 P1:1.4495 P2:1.4495 P3:1.4495 P4:1.4495 STATE:IDLE
[2026-05-04 17:36:04Z] CHK MOM:0.06% RANGE:0.06% UP:20% SPREAD:0.06901311% BID:1.449 ASK:1.45 MID:1.4495 P1:1.4495 P2:1.4495 P3:1.4495 P4:1.4495 STATE:IDLE
[2026-05-04 17:36:05Z] CHK MOM:0.06% RANGE:0.06% UP:20% SPREAD:0.06901311% BID:1.449 ASK:1.45 MID:1.4495 P1:1.4495 P2:1.4495 P3:1.4495 P4:1.4495 STATE:IDLE
[2026-05-04 17:36:05Z] CHK MOM:0.06% RANGE:0.06% UP:20% SPREAD:0.06901311% BID:1.449 ASK:1.45 MID:1.4495 P1:1.4495 P2:1.4495 P3:1.4495 P4:1.4495 STATE:IDLE
[2026-05-04 17:36:07Z] CHK MOM:0% RANGE:0% UP:0% SPREAD:0.06901311% BID:1.449 ASK:1.45 MID:1.4495 P1:1.4495 P2:1.4495 P3:1.4495 P4:1.4495 STATE:IDLE
[2026-05-04 17:36:07Z] CHK MOM:0% RANGE:0% UP:0% SPREAD:0.06901311% BID:1.449 ASK:1.45 MID:1.4495 P1:1.4495 P2:1.4495 P3:1.4495 P4:1.4495 STATE:IDLE
[2026-05-04 17:36:08Z] CHK MOM:0% RANGE:0% UP:0% SPREAD:0.06901311% BID:1.449 ASK:1.45 MID:1.4495 P1:1.4495 P2:1.4495 P3:1.4495 P4:1.4495 STATE:IDLE
[2026-05-04 17:36:08Z] CHK MOM:0% RANGE:0% UP:0% SPREAD:0.06901311% BID:1.449 ASK:1.45 MID:1.4495 P1:1.4495 P2:1.4495 P3:1.4495 P4:1.4495 STATE:IDLE
[2026-05-04 17:36:09Z] CHK MOM:0% RANGE:0% UP:0% SPREAD:0.06901311% BID:1.449 ASK:1.45 MID:1.4495 P1:1.4495 P2:1.4495 P3:1.4495 P4:1.4495 STATE:IDLE
[2026-05-04 17:36:09Z] CHK MOM:0% RANGE:0% UP:0% SPREAD:0.06901311% BID:1.449 ASK:1.45 MID:1.4495 P1:1.4495 P2:1.4495 P3:1.4495 P4:1.4495 STATE:IDLE
[2026-05-04 17:36:18Z] CHK MOM:0% RANGE:0% UP:0% SPREAD:0.06901311% BID:1.449 ASK:1.45 MID:1.4495 P1:1.4495 P2:1.4495 P3:1.4495 P4:1.4495 STATE:IDLE
[2026-05-04 17:36:18Z] CHK MOM:0% RANGE:0% UP:0% SPREAD:0.06901311% BID:1.449 ASK:1.45 MID:1.4495 P1:1.4495 P2:1.4495 P3:1.4495 P4:1.4495 STATE:IDLE
[2026-05-04 17:36:19Z] CHK MOM:0% RANGE:0% UP:0% SPREAD:0.06901311% BID:1.449 ASK:1.45 MID:1.4495 P1:1.4495 P2:1.4495 P3:1.4495 P4:1.4495 STATE:IDLE
[2026-05-04 17:36:19Z] CHK MOM:0% RANGE:0% UP:0% SPREAD:0.06901311% BID:1.449 ASK:1.45 MID:1.4495 P1:1.4495 P2:1.4495 P3:1.4495 P4:1.4495 STATE:IDLE
[2026-05-04 17:36:20Z] CHK MOM:0% RANGE:0% UP:0% SPREAD:0.06901311% BID:1.449 ASK:1.45 MID:1.4495 P1:1.4495 P2:1.4495 P3:1.4495 P4:1.4495 STATE:IDLE
[2026-05-04 17:36:20Z] CHK MOM:-0.06% RANGE:0.06% UP:0% SPREAD:0.06906077% BID:1.448 ASK:1.449 MID:1.4485 P1:1.4485 P2:1.4495 P3:1.4495 P4:1.4495 STATE:IDLE
[2026-05-04 17:36:21Z] CHK MOM:-0.06% RANGE:0.06% UP:0% SPREAD:0.06906077% BID:1.448 ASK:1.449 MID:1.4485 P1:1.4485 P2:1.4495 P3:1.4495 P4:1.4495 STATE:IDLE
[2026-05-04 17:36:21Z] CHK MOM:-0.06% RANGE:0.06% UP:0% SPREAD:0.06906077% BID:1.448 ASK:1.449 MID:1.4485 P1:1.4485 P2:1.4495 P3:1.4495 P4:1.4495 STATE:IDLE
[2026-05-04 17:36:22Z] CHK MOM:-0.06% RANGE:0.06% UP:0% SPREAD:0.06906077% BID:1.448 ASK:1.449 MID:1.4485 P1:1.4485 P2:1.4485 P3:1.4495 P4:1.4495 STATE:IDLE
[2026-05-04 17:36:22Z] CHK MOM:-0.06% RANGE:0.06% UP:0% SPREAD:0.06906077% BID:1.448 ASK:1.449 MID:1.4485 P1:1.4485 P2:1.4485 P3:1.4495 P4:1.4495 STATE:IDLE
[2026-05-04 17:36:23Z] CHK MOM:-0.06% RANGE:0.06% UP:0% SPREAD:0.06906077% BID:1.448 ASK:1.449 MID:1.4485 P1:1.4485 P2:1.4485 P3:1.4495 P4:1.4495 STATE:IDLE
[2026-05-04 17:36:24Z] CHK MOM:-0.06% RANGE:0.06% UP:0% SPREAD:0.06906077% BID:1.448 ASK:1.449 MID:1.4485 P1:1.4485 P2:1.4485 P3:1.4495 P4:1.4495 STATE:IDLE
[2026-05-04 17:36:24Z] CHK MOM:-0.06% RANGE:0.06% UP:0% SPREAD:0.06906077% BID:1.448 ASK:1.449 MID:1.4485 P1:1.4485 P2:1.4485 P3:1.4495 P4:1.4495 STATE:IDLE
[2026-05-04 17:36:25Z] CHK MOM:-0.13% RANGE:0.13% UP:0% SPREAD:0.0691085% BID:1.447 ASK:1.448 MID:1.4475 P1:1.4475 P2:1.4485 P3:1.4485 P4:1.4495 STATE:IDLE
[2026-05-04 17:36:26Z] CHK MOM:-0.13% RANGE:0.13% UP:0% SPREAD:0.0691085% BID:1.447 ASK:1.448 MID:1.4475 P1:1.4475 P2:1.4475 P3:1.4485 P4:1.4485 STATE:IDLE
[2026-05-04 17:36:26Z] CHK MOM:-0.13% RANGE:0.13% UP:0% SPREAD:0.0691085% BID:1.447 ASK:1.448 MID:1.4475 P1:1.4475 P2:1.4475 P3:1.4485 P4:1.4485 STATE:IDLE
[2026-05-04 17:36:27Z] CHK MOM:-0.13% RANGE:0.13% UP:0% SPREAD:0.0691085% BID:1.447 ASK:1.448 MID:1.4475 P1:1.4475 P2:1.4475 P3:1.4485 P4:1.4485 STATE:IDLE
[2026-05-04 17:36:27Z] CHK MOM:-0.06% RANGE:0.13% UP:20% SPREAD:0.06906077% BID:1.448 ASK:1.449 MID:1.4485 P1:1.4485 P2:1.4475 P3:1.4475 P4:1.4485 STATE:IDLE
[2026-05-04 17:36:28Z] CHK MOM:-0.06% RANGE:0.13% UP:20% SPREAD:0.06906077% BID:1.448 ASK:1.449 MID:1.4485 P1:1.4485 P2:1.4475 P3:1.4475 P4:1.4485 STATE:IDLE
[2026-05-04 17:36:29Z] CHK MOM:-0.06% RANGE:0.13% UP:20% SPREAD:0.06906077% BID:1.448 ASK:1.449 MID:1.4485 P1:1.4485 P2:1.4475 P3:1.4475 P4:1.4485 STATE:IDLE
[2026-05-04 17:36:29Z] CHK MOM:-0.06% RANGE:0.13% UP:20% SPREAD:0.06906077% BID:1.448 ASK:1.449 MID:1.4485 P1:1.4485 P2:1.4475 P3:1.4475 P4:1.4485 STATE:IDLE
[2026-05-04 17:36:30Z] CHK MOM:-0.06% RANGE:0.13% UP:20% SPREAD:0.06906077% BID:1.448 ASK:1.449 MID:1.4485 P1:1.4485 P2:1.4475 P3:1.4475 P4:1.4485 STATE:IDLE
[2026-05-04 17:36:32Z] CHK MOM:0.06% RANGE:0.06% UP:33.33% SPREAD:0.06906077% BID:1.448 ASK:1.449 MID:1.4485 P1:1.4485 P2:1.4485 P3:1.4475 P4:1.4475 STATE:IDLE
[2026-05-04 17:36:32Z] CHK MOM:0.06% RANGE:0.06% UP:33.33% SPREAD:0.06906077% BID:1.448 ASK:1.449 MID:1.4485 P1:1.4485 P2:1.4485 P3:1.4475 P4:1.4475 STATE:IDLE
[2026-05-04 17:36:33Z] CHK MOM:0.06% RANGE:0.06% UP:33.33% SPREAD:0.06906077% BID:1.448 ASK:1.449 MID:1.4485 P1:1.4485 P2:1.4485 P3:1.4475 P4:1.4475 STATE:IDLE
[2026-05-04 17:36:33Z] CHK MOM:0.06% RANGE:0.06% UP:33.33% SPREAD:0.06906077% BID:1.448 ASK:1.449 MID:1.4485 P1:1.4485 P2:1.4485 P3:1.4475 P4:1.4475 STATE:IDLE
[2026-05-04 17:36:34Z] CHK MOM:0.06% RANGE:0.06% UP:33.33% SPREAD:0.06906077% BID:1.448 ASK:1.449 MID:1.4485 P1:1.4485 P2:1.4485 P3:1.4485 P4:1.4475 STATE:IDLE
[2026-05-04 17:36:35Z] CHK MOM:0.03% RANGE:0.03% UP:33.33% SPREAD:0.13812154% BID:1.448 ASK:1.45 MID:1.44899999 P1:1.44899999 P2:1.4485 P3:1.4485 P4:1.4485 STATE:IDLE
[2026-05-04 17:36:35Z] CHK MOM:0.03% RANGE:0.03% UP:33.33% SPREAD:0.13812154% BID:1.448 ASK:1.45 MID:1.44899999 P1:1.44899999 P2:1.44899999 P3:1.4485 P4:1.4485 STATE:IDLE
[2026-05-04 17:36:36Z] CHK MOM:0.03% RANGE:0.03% UP:33.33% SPREAD:0.13812154% BID:1.448 ASK:1.45 MID:1.44899999 P1:1.44899999 P2:1.44899999 P3:1.4485 P4:1.4485 STATE:IDLE
[2026-05-04 17:36:36Z] CHK MOM:0.03% RANGE:0.03% UP:25% SPREAD:0.13812154% BID:1.448 ASK:1.45 MID:1.44899999 P1:1.44899999 P2:1.44899999 P3:1.44899999 P4:1.4485 STATE:IDLE
[2026-05-04 17:36:37Z] CHK MOM:0.03% RANGE:0.03% UP:20% SPREAD:0.13812154% BID:1.448 ASK:1.45 MID:1.44899999 P1:1.44899999 P2:1.44899999 P3:1.44899999 P4:1.44899999 STATE:IDLE
[2026-05-04 17:36:37Z] CHK MOM:0.03% RANGE:0.03% UP:20% SPREAD:0.13812154% BID:1.448 ASK:1.45 MID:1.44899999 P1:1.44899999 P2:1.44899999 P3:1.44899999 P4:1.44899999 STATE:IDLE
[2026-05-04 17:36:38Z] CHK MOM:0.03% RANGE:0.03% UP:20% SPREAD:0.13812154% BID:1.448 ASK:1.45 MID:1.44899999 P1:1.44899999 P2:1.44899999 P3:1.44899999 P4:1.44899999 STATE:IDLE
[2026-05-04 17:36:38Z] CHK MOM:0.03% RANGE:0.03% UP:20% SPREAD:0.13812154% BID:1.448 ASK:1.45 MID:1.44899999 P1:1.44899999 P2:1.44899999 P3:1.44899999 P4:1.44899999 STATE:IDLE
[2026-05-04 17:36:39Z] CHK MOM:0.03% RANGE:0.03% UP:20% SPREAD:0.13812154% BID:1.448 ASK:1.45 MID:1.44899999 P1:1.44899999 P2:1.44899999 P3:1.44899999 P4:1.44899999 STATE:IDLE
[2026-05-04 17:36:40Z] CHK MOM:0.06% RANGE:0.06% UP:33.33% SPREAD:0.06901311% BID:1.449 ASK:1.45 MID:1.4495 P1:1.4495 P2:1.44899999 P3:1.44899999 P4:1.44899999 STATE:IDLE
[2026-05-04 17:36:40Z] CHK MOM:0.06% RANGE:0.06% UP:33.33% SPREAD:0.06901311% BID:1.449 ASK:1.45 MID:1.4495 P1:1.4495 P2:1.44899999 P3:1.44899999 P4:1.44899999 STATE:IDLE
[2026-05-04 17:36:41Z] CHK MOM:0.06% RANGE:0.06% UP:33.33% SPREAD:0.06901311% BID:1.449 ASK:1.45 MID:1.4495 P1:1.4495 P2:1.44899999 P3:1.44899999 P4:1.44899999 STATE:IDLE
[2026-05-04 17:36:41Z] CHK MOM:0.06% RANGE:0.06% UP:33.33% SPREAD:0.06901311% BID:1.449 ASK:1.45 MID:1.4495 P1:1.4495 P2:1.44899999 P3:1.44899999 P4:1.44899999 STATE:IDLE
[2026-05-04 17:36:42Z] CHK MOM:0.06% RANGE:0.06% UP:33.33% SPREAD:0.06901311% BID:1.449 ASK:1.45 MID:1.4495 P1:1.4495 P2:1.44899999 P3:1.44899999 P4:1.44899999 STATE:IDLE
[2026-05-04 17:36:46Z] CHK MOM:-0.06% RANGE:0.06% UP:0% SPREAD:0.06906077% BID:1.448 ASK:1.449 MID:1.4485 P1:1.4485 P2:1.4495 P3:1.44899999 P4:1.44899999 STATE:IDLE
[2026-05-04 17:36:47Z] CHK MOM:-0.06% RANGE:0.06% UP:0% SPREAD:0.06906077% BID:1.448 ASK:1.449 MID:1.4485 P1:1.4485 P2:1.4495 P3:1.44899999 P4:1.44899999 STATE:IDLE
[2026-05-04 17:36:47Z] CHK MOM:-0.06% RANGE:0.06% UP:0% SPREAD:0.06906077% BID:1.448 ASK:1.449 MID:1.4485 P1:1.4485 P2:1.4495 P3:1.44899999 P4:1.44899999 STATE:IDLE
[2026-05-04 17:36:48Z] CHK MOM:-0.06% RANGE:0.06% UP:0% SPREAD:0.06906077% BID:1.448 ASK:1.449 MID:1.4485 P1:1.4485 P2:1.4495 P3:1.44899999 P4:1.44899999 STATE:IDLE
[2026-05-04 17:36:48Z] CHK MOM:-0.06% RANGE:0.06% UP:0% SPREAD:0.06906077% BID:1.448 ASK:1.449 MID:1.4485 P1:1.4485 P2:1.4495 P3:1.44899999 P4:1.44899999 STATE:IDLE
[2026-05-04 17:36:52Z] CHK MOM:0% RANGE:0% UP:0% SPREAD:0.06906077% BID:1.448 ASK:1.449 MID:1.4485 P1:1.4485 P2:1.4485 P3:1.4495 P4:1.44899999 STATE:IDLE
[2026-05-04 17:36:52Z] CHK MOM:0% RANGE:0% UP:0% SPREAD:0.06906077% BID:1.448 ASK:1.449 MID:1.4485 P1:1.4485 P2:1.4485 P3:1.4485 P4:1.4495 STATE:IDLE
[2026-05-04 17:36:53Z] CHK MOM:0% RANGE:0% UP:0% SPREAD:0.06906077% BID:1.448 ASK:1.449 MID:1.4485 P1:1.4485 P2:1.4485 P3:1.4485 P4:1.4495 STATE:IDLE
[2026-05-04 17:36:53Z] CHK MOM:0% RANGE:0% UP:0% SPREAD:0.06906077% BID:1.448 ASK:1.449 MID:1.4485 P1:1.4485 P2:1.4485 P3:1.4485 P4:1.4495 STATE:IDLE
[2026-05-04 17:36:54Z] CHK MOM:0% RANGE:0% UP:0% SPREAD:0.06906077% BID:1.448 ASK:1.449 MID:1.4485 P1:1.4485 P2:1.4485 P3:1.4485 P4:1.4485 STATE:IDLE
[2026-05-04 17:36:54Z] CHK MOM:0% RANGE:0% UP:0% SPREAD:0.06906077% BID:1.448 ASK:1.449 MID:1.4485 P1:1.4485 P2:1.4485 P3:1.4485 P4:1.4485 STATE:IDLE
[2026-05-04 17:36:55Z] CHK MOM:0% RANGE:0% UP:0% SPREAD:0.06906077% BID:1.448 ASK:1.449 MID:1.4485 P1:1.4485 P2:1.4485 P3:1.4485 P4:1.4485 STATE:IDLE
[2026-05-04 17:36:55Z] CHK MOM:0% RANGE:0% UP:0% SPREAD:0.06906077% BID:1.448 ASK:1.449 MID:1.4485 P1:1.4485 P2:1.4485 P3:1.4485 P4:1.4485 STATE:IDLE
[2026-05-04 17:36:56Z] CHK MOM:0% RANGE:0% UP:0% SPREAD:0.06906077% BID:1.448 ASK:1.449 MID:1.4485 P1:1.4485 P2:1.4485 P3:1.4485 P4:1.4485 STATE:IDLE
[2026-05-04 17:36:56Z] CHK MOM:0% RANGE:0% UP:0% SPREAD:0.06906077% BID:1.448 ASK:1.449 MID:1.4485 P1:1.4485 P2:1.4485 P3:1.4485 P4:1.4485 STATE:IDLE
[2026-05-04 17:36:57Z] CHK MOM:0% RANGE:0% UP:0% SPREAD:0.06906077% BID:1.448 ASK:1.449 MID:1.4485 P1:1.4485 P2:1.4485 P3:1.4485 P4:1.4485 STATE:IDLE
[2026-05-04 17:36:58Z] CHK MOM:0% RANGE:0% UP:0% SPREAD:0.06906077% BID:1.448 ASK:1.449 MID:1.4485 P1:1.4485 P2:1.4485 P3:1.4485 P4:1.4485 STATE:IDLE
[2026-05-04 17:36:58Z] CHK MOM:0% RANGE:0% UP:0% SPREAD:0.06906077% BID:1.448 ASK:1.449 MID:1.4485 P1:1.4485 P2:1.4485 P3:1.4485 P4:1.4485 STATE:IDLE
[2026-05-04 17:36:59Z] CHK MOM:0% RANGE:0% UP:0% SPREAD:0.06906077% BID:1.448 ASK:1.449 MID:1.4485 P1:1.4485 P2:1.4485 P3:1.4485 P4:1.4485 STATE:IDLE
[2026-05-04 17:36:59Z] CHK MOM:0% RANGE:0% UP:0% SPREAD:0.06906077% BID:1.448 ASK:1.449 MID:1.4485 P1:1.4485 P2:1.4485 P3:1.4485 P4:1.4485 STATE:IDLE
[2026-05-04 17:37:00Z] CHK MOM:0% RANGE:0% UP:0% SPREAD:0.06906077% BID:1.448 ASK:1.449 MID:1.4485 P1:1.4485 P2:1.4485 P3:1.4485 P4:1.4485 STATE:IDLE
[2026-05-04 17:37:01Z] CHK MOM:0% RANGE:0% UP:0% SPREAD:0.06906077% BID:1.448 ASK:1.449 MID:1.4485 P1:1.4485 P2:1.4485 P3:1.4485 P4:1.4485 STATE:IDLE
[2026-05-04 17:37:01Z] CHK MOM:0.06% RANGE:0.06% UP:16.66% SPREAD:0.06901311% BID:1.449 ASK:1.45 MID:1.4495 P1:1.4495 P2:1.4485 P3:1.4485 P4:1.4485 STATE:IDLE
[2026-05-04 17:37:02Z] CHK MOM:0.06% RANGE:0.06% UP:16.66% SPREAD:0.06901311% BID:1.449 ASK:1.45 MID:1.4495 P1:1.4495 P2:1.4495 P3:1.4485 P4:1.4485 STATE:IDLE
[2026-05-04 17:37:03Z] CHK MOM:0.06% RANGE:0.06% UP:16.66% SPREAD:0.06901311% BID:1.449 ASK:1.45 MID:1.4495 P1:1.4495 P2:1.4495 P3:1.4495 P4:1.4485 STATE:IDLE
[2026-05-04 17:37:03Z] CHK MOM:0.06% RANGE:0.06% UP:14.28% SPREAD:0.06901311% BID:1.449 ASK:1.45 MID:1.4495 P1:1.4495 P2:1.4495 P3:1.4495 P4:1.4495 STATE:IDLE
[2026-05-04 17:37:04Z] CHK MOM:0.06% RANGE:0.06% UP:14.28% SPREAD:0.06901311% BID:1.449 ASK:1.45 MID:1.4495 P1:1.4495 P2:1.4495 P3:1.4495 P4:1.4495 STATE:IDLE
[2026-05-04 17:37:04Z] CHK MOM:0.06% RANGE:0.06% UP:16.66% SPREAD:0.06901311% BID:1.449 ASK:1.45 MID:1.4495 P1:1.4495 P2:1.4495 P3:1.4495 P4:1.4495 STATE:IDLE
[2026-05-04 17:37:05Z] CHK MOM:0.06% RANGE:0.06% UP:14.28% SPREAD:0.06901311% BID:1.449 ASK:1.45 MID:1.4495 P1:1.4495 P2:1.4495 P3:1.4495 P4:1.4495 STATE:IDLE
[2026-05-04 17:37:05Z] CHK MOM:0.06% RANGE:0.06% UP:14.28% SPREAD:0.06901311% BID:1.449 ASK:1.45 MID:1.4495 P1:1.4495 P2:1.4495 P3:1.4495 P4:1.4495 STATE:IDLE
[2026-05-04 17:37:06Z] CHK MOM:0.06% RANGE:0.06% UP:14.28% SPREAD:0.06901311% BID:1.449 ASK:1.45 MID:1.4495 P1:1.4495 P2:1.4495 P3:1.4495 P4:1.4495 STATE:IDLE
[2026-05-04 17:37:06Z] CHK MOM:0.06% RANGE:0.06% UP:14.28% SPREAD:0.06901311% BID:1.449 ASK:1.45 MID:1.4495 P1:1.4495 P2:1.4495 P3:1.4495 P4:1.4495 STATE:IDLE
[2026-05-04 17:37:07Z] CHK MOM:0.06% RANGE:0.06% UP:14.28% SPREAD:0.06901311% BID:1.449 ASK:1.45 MID:1.4495 P1:1.4495 P2:1.4495 P3:1.4495 P4:1.4495 STATE:IDLE
[2026-05-04 17:37:07Z] CHK MOM:0.06% RANGE:0.06% UP:14.28% SPREAD:0.06901311% BID:1.449 ASK:1.45 MID:1.4495 P1:1.4495 P2:1.4495 P3:1.4495 P4:1.4495 STATE:IDLE
[2026-05-04 17:37:08Z] CHK MOM:0.06% RANGE:0.06% UP:14.28% SPREAD:0.06901311% BID:1.449 ASK:1.45 MID:1.4495 P1:1.4495 P2:1.4495 P3:1.4495 P4:1.4495 STATE:IDLE
[2026-05-04 17:37:10Z] CHK MOM:0% RANGE:0% UP:0% SPREAD:0.06901311% BID:1.449 ASK:1.45 MID:1.4495 P1:1.4495 P2:1.4495 P3:1.4495 P4:1.4495 STATE:IDLE
[2026-05-04 17:37:10Z] CHK MOM:0% RANGE:0% UP:0% SPREAD:0.06901311% BID:1.449 ASK:1.45 MID:1.4495 P1:1.4495 P2:1.4495 P3:1.4495 P4:1.4495 STATE:IDLE
[2026-05-04 17:37:11Z] CHK MOM:0% RANGE:0% UP:0% SPREAD:0.06901311% BID:1.449 ASK:1.45 MID:1.4495 P1:1.4495 P2:1.4495 P3:1.4495 P4:1.4495 STATE:IDLE
[2026-05-04 17:37:11Z] CHK MOM:0% RANGE:0% UP:0% SPREAD:0.06901311% BID:1.449 ASK:1.45 MID:1.4495 P1:1.4495 P2:1.4495 P3:1.4495 P4:1.4495 STATE:IDLE
[2026-05-04 17:37:12Z] CHK MOM:0% RANGE:0% UP:0% SPREAD:0.06901311% BID:1.449 ASK:1.45 MID:1.4495 P1:1.4495 P2:1.4495 P3:1.4495 P4:1.4495 STATE:IDLE
[2026-05-04 17:37:12Z] CHK MOM:-0.06% RANGE:0.06% UP:0% SPREAD:0.06906077% BID:1.448 ASK:1.449 MID:1.4485 P1:1.4485 P2:1.4495 P3:1.4495 P4:1.4495 STATE:IDLE
[2026-05-04 17:37:13Z] CHK MOM:-0.06% RANGE:0.06% UP:0% SPREAD:0.06906077% BID:1.448 ASK:1.449 MID:1.4485 P1:1.4485 P2:1.4495 P3:1.4495 P4:1.4495 STATE:IDLE
[2026-05-04 17:37:14Z] CHK MOM:-0.06% RANGE:0.06% UP:0% SPREAD:0.06906077% BID:1.448 ASK:1.449 MID:1.4485 P1:1.4485 P2:1.4495 P3:1.4495 P4:1.4495 STATE:IDLE
[2026-05-04 17:37:14Z] CHK MOM:-0.06% RANGE:0.06% UP:0% SPREAD:0.06906077% BID:1.448 ASK:1.449 MID:1.4485 P1:1.4485 P2:1.4495 P3:1.4495 P4:1.4495 STATE:IDLE
[2026-05-04 17:37:15Z] CHK MOM:-0.06% RANGE:0.06% UP:0% SPREAD:0.06906077% BID:1.448 ASK:1.449 MID:1.4485 P1:1.4485 P2:1.4495 P3:1.4495 P4:1.4495 STATE:IDLE
[2026-05-04 17:37:16Z] CHK MOM:-0.06% RANGE:0.06% UP:0% SPREAD:0.06906077% BID:1.448 ASK:1.449 MID:1.4485 P1:1.4485 P2:1.4485 P3:1.4495 P4:1.4495 STATE:IDLE
[2026-05-04 17:37:17Z] CHK MOM:-0.06% RANGE:0.06% UP:0% SPREAD:0.06906077% BID:1.448 ASK:1.449 MID:1.4485 P1:1.4485 P2:1.4485 P3:1.4495 P4:1.4495 STATE:IDLE
[2026-05-04 17:37:17Z] CHK MOM:-0.06% RANGE:0.06% UP:0% SPREAD:0.06906077% BID:1.448 ASK:1.449 MID:1.4485 P1:1.4485 P2:1.4485 P3:1.4495 P4:1.4495 STATE:IDLE
[2026-05-04 17:37:18Z] CHK MOM:-0.06% RANGE:0.06% UP:0% SPREAD:0.06906077% BID:1.448 ASK:1.449 MID:1.4485 P1:1.4485 P2:1.4485 P3:1.4495 P4:1.4495 STATE:IDLE
[2026-05-04 17:37:18Z] CHK MOM:-0.06% RANGE:0.06% UP:0% SPREAD:0.06906077% BID:1.448 ASK:1.449 MID:1.4485 P1:1.4485 P2:1.4485 P3:1.4495 P4:1.4495 STATE:IDLE
[2026-05-04 17:37:19Z] CHK MOM:-0.06% RANGE:0.06% UP:0% SPREAD:0.06906077% BID:1.448 ASK:1.449 MID:1.4485 P1:1.4485 P2:1.4485 P3:1.4495 P4:1.4495 STATE:IDLE
[2026-05-04 17:37:20Z] CHK MOM:0% RANGE:0% UP:0% SPREAD:0.06906077% BID:1.448 ASK:1.449 MID:1.4485 P1:1.4485 P2:1.4485 P3:1.4485 P4:1.4495 STATE:IDLE
[2026-05-04 17:37:20Z] CHK MOM:0% RANGE:0% UP:0% SPREAD:0.06906077% BID:1.448 ASK:1.449 MID:1.4485 P1:1.4485 P2:1.4485 P3:1.4485 P4:1.4495 STATE:IDLE
[2026-05-04 17:37:21Z] CHK MOM:0% RANGE:0% UP:0% SPREAD:0.06906077% BID:1.448 ASK:1.449 MID:1.4485 P1:1.4485 P2:1.4485 P3:1.4485 P4:1.4495 STATE:IDLE
[2026-05-04 17:37:21Z] CHK MOM:0% RANGE:0% UP:0% SPREAD:0.06906077% BID:1.448 ASK:1.449 MID:1.4485 P1:1.4485 P2:1.4485 P3:1.4485 P4:1.4485 STATE:IDLE
[2026-05-04 17:37:22Z] CHK MOM:0% RANGE:0% UP:0% SPREAD:0.06906077% BID:1.448 ASK:1.449 MID:1.4485 P1:1.4485 P2:1.4485 P3:1.4485 P4:1.4485 STATE:IDLE
[2026-05-04 17:37:22Z] CHK MOM:0% RANGE:0% UP:0% SPREAD:0.06906077% BID:1.448 ASK:1.449 MID:1.4485 P1:1.4485 P2:1.4485 P3:1.4485 P4:1.4485 STATE:IDLE
[2026-05-04 17:37:23Z] CHK MOM:0% RANGE:0% UP:0% SPREAD:0.06906077% BID:1.448 ASK:1.449 MID:1.4485 P1:1.4485 P2:1.4485 P3:1.4485 P4:1.4485 STATE:IDLE
[2026-05-04 17:37:23Z] CHK MOM:-0.06% RANGE:0.06% UP:0% SPREAD:0.0691085% BID:1.447 ASK:1.448 MID:1.4475 P1:1.4475 P2:1.4485 P3:1.4485 P4:1.4485 STATE:IDLE
[2026-05-04 17:37:24Z] CHK MOM:-0.06% RANGE:0.06% UP:0% SPREAD:0.0691085% BID:1.447 ASK:1.448 MID:1.4475 P1:1.4475 P2:1.4485 P3:1.4485 P4:1.4485 STATE:IDLE
[2026-05-04 17:37:25Z] CHK MOM:-0.06% RANGE:0.06% UP:0% SPREAD:0.0691085% BID:1.447 ASK:1.448 MID:1.4475 P1:1.4475 P2:1.4475 P3:1.4485 P4:1.4485 STATE:IDLE
[2026-05-04 17:37:25Z] CHK MOM:-0.06% RANGE:0.06% UP:0% SPREAD:0.0691085% BID:1.447 ASK:1.448 MID:1.4475 P1:1.4475 P2:1.4475 P3:1.4485 P4:1.4485 STATE:IDLE
[2026-05-04 17:37:26Z] CHK MOM:-0.06% RANGE:0.06% UP:0% SPREAD:0.0691085% BID:1.447 ASK:1.448 MID:1.4475 P1:1.4475 P2:1.4475 P3:1.4485 P4:1.4485 STATE:IDLE
[2026-05-04 17:37:26Z] CHK MOM:-0.06% RANGE:0.06% UP:0% SPREAD:0.0691085% BID:1.447 ASK:1.448 MID:1.4475 P1:1.4475 P2:1.4475 P3:1.4485 P4:1.4485 STATE:IDLE
[2026-05-04 17:37:27Z] CHK MOM:-0.06% RANGE:0.06% UP:0% SPREAD:0.0691085% BID:1.447 ASK:1.448 MID:1.4475 P1:1.4475 P2:1.4475 P3:1.4485 P4:1.4485 STATE:IDLE
[2026-05-04 17:37:27Z] CHK MOM:-0.06% RANGE:0.06% UP:0% SPREAD:0.0691085% BID:1.447 ASK:1.448 MID:1.4475 P1:1.4475 P2:1.4475 P3:1.4475 P4:1.4485 STATE:IDLE
[2026-05-04 17:37:28Z] CHK MOM:-0.06% RANGE:0.06% UP:0% SPREAD:0.0691085% BID:1.447 ASK:1.448 MID:1.4475 P1:1.4475 P2:1.4475 P3:1.4475 P4:1.4475 STATE:IDLE
[2026-05-04 17:37:28Z] CHK MOM:-0.06% RANGE:0.06% UP:0% SPREAD:0.0691085% BID:1.447 ASK:1.448 MID:1.4475 P1:1.4475 P2:1.4475 P3:1.4475 P4:1.4475 STATE:IDLE
[2026-05-04 17:37:29Z] CHK MOM:-0.06% RANGE:0.06% UP:0% SPREAD:0.0691085% BID:1.447 ASK:1.448 MID:1.4475 P1:1.4475 P2:1.4475 P3:1.4475 P4:1.4475 STATE:IDLE
[2026-05-04 17:37:29Z] CHK MOM:-0.06% RANGE:0.06% UP:0% SPREAD:0.0691085% BID:1.447 ASK:1.448 MID:1.4475 P1:1.4475 P2:1.4475 P3:1.4475 P4:1.4475 STATE:IDLE
[2026-05-04 17:37:30Z] CHK MOM:-0.06% RANGE:0.06% UP:0% SPREAD:0.0691085% BID:1.447 ASK:1.448 MID:1.4475 P1:1.4475 P2:1.4475 P3:1.4475 P4:1.4475 STATE:IDLE
[2026-05-04 17:37:33Z] CHK MOM:0% RANGE:0% UP:0% SPREAD:0.0691085% BID:1.447 ASK:1.448 MID:1.4475 P1:1.4475 P2:1.4475 P3:1.4475 P4:1.4475 STATE:IDLE
[2026-05-04 17:37:33Z] CHK MOM:0% RANGE:0% UP:0% SPREAD:0.0691085% BID:1.447 ASK:1.448 MID:1.4475 P1:1.4475 P2:1.4475 P3:1.4475 P4:1.4475 STATE:IDLE
[2026-05-04 17:37:34Z] CHK MOM:0% RANGE:0% UP:0% SPREAD:0.0691085% BID:1.447 ASK:1.448 MID:1.4475 P1:1.4475 P2:1.4475 P3:1.4475 P4:1.4475 STATE:IDLE
[2026-05-04 17:37:34Z] CHK MOM:0% RANGE:0% UP:0% SPREAD:0.0691085% BID:1.447 ASK:1.448 MID:1.4475 P1:1.4475 P2:1.4475 P3:1.4475 P4:1.4475 STATE:IDLE
[2026-05-04 17:37:35Z] CHK MOM:0% RANGE:0% UP:0% SPREAD:0.0691085% BID:1.447 ASK:1.448 MID:1.4475 P1:1.4475 P2:1.4475 P3:1.4475 P4:1.4475 STATE:IDLE
[2026-05-04 17:37:36Z] CHK MOM:0% RANGE:0% UP:0% SPREAD:0.0691085% BID:1.447 ASK:1.448 MID:1.4475 P1:1.4475 P2:1.4475 P3:1.4475 P4:1.4475 STATE:IDLE
[2026-05-04 17:37:36Z] CHK MOM:0% RANGE:0% UP:0% SPREAD:0.0691085% BID:1.447 ASK:1.448 MID:1.4475 P1:1.4475 P2:1.4475 P3:1.4475 P4:1.4475 STATE:IDLE
[2026-05-04 17:37:37Z] CHK MOM:0% RANGE:0% UP:0% SPREAD:0.0691085% BID:1.447 ASK:1.448 MID:1.4475 P1:1.4475 P2:1.4475 P3:1.4475 P4:1.4475 STATE:IDLE
[2026-05-04 17:37:37Z] CHK MOM:0% RANGE:0% UP:0% SPREAD:0.0691085% BID:1.447 ASK:1.448 MID:1.4475 P1:1.4475 P2:1.4475 P3:1.4475 P4:1.4475 STATE:IDLE
[2026-05-04 17:37:38Z] CHK MOM:0% RANGE:0% UP:0% SPREAD:0.0691085% BID:1.447 ASK:1.448 MID:1.4475 P1:1.4475 P2:1.4475 P3:1.4475 P4:1.4475 STATE:IDLE
[2026-05-04 17:37:38Z] CHK MOM:0% RANGE:0% UP:0% SPREAD:0.0691085% BID:1.447 ASK:1.448 MID:1.4475 P1:1.4475 P2:1.4475 P3:1.4475 P4:1.4475 STATE:IDLE
[2026-05-04 17:37:39Z] CHK MOM:0% RANGE:0% UP:0% SPREAD:0.0691085% BID:1.447 ASK:1.448 MID:1.4475 P1:1.4475 P2:1.4475 P3:1.4475 P4:1.4475 STATE:IDLE
[2026-05-04 17:37:39Z] CHK MOM:0% RANGE:0% UP:0% SPREAD:0.0691085% BID:1.447 ASK:1.448 MID:1.4475 P1:1.4475 P2:1.4475 P3:1.4475 P4:1.4475 STATE:IDLE
[2026-05-04 17:37:40Z] CHK MOM:0% RANGE:0% UP:0% SPREAD:0.0691085% BID:1.447 ASK:1.448 MID:1.4475 P1:1.4475 P2:1.4475 P3:1.4475 P4:1.4475 STATE:IDLE
[2026-05-04 17:37:40Z] CHK MOM:0% RANGE:0% UP:0% SPREAD:0.0691085% BID:1.447 ASK:1.448 MID:1.4475 P1:1.4475 P2:1.4475 P3:1.4475 P4:1.4475 STATE:IDLE
[2026-05-04 17:37:41Z] CHK MOM:0.06% RANGE:0.06% UP:16.66% SPREAD:0.06906077% BID:1.448 ASK:1.449 MID:1.4485 P1:1.4485 P2:1.4475 P3:1.4475 P4:1.4475 STATE:IDLE
[2026-05-04 17:37:42Z] CHK MOM:0.06% RANGE:0.06% UP:16.66% SPREAD:0.06906077% BID:1.448 ASK:1.449 MID:1.4485 P1:1.4485 P2:1.4475 P3:1.4475 P4:1.4475 STATE:IDLE
[2026-05-04 17:37:42Z] CHK MOM:0.06% RANGE:0.06% UP:16.66% SPREAD:0.06906077% BID:1.448 ASK:1.449 MID:1.4485 P1:1.4485 P2:1.4475 P3:1.4475 P4:1.4475 STATE:IDLE
[2026-05-04 17:37:43Z] CHK MOM:0.06% RANGE:0.06% UP:16.66% SPREAD:0.06906077% BID:1.448 ASK:1.449 MID:1.4485 P1:1.4485 P2:1.4475 P3:1.4475 P4:1.4475 STATE:IDLE
[2026-05-04 17:37:43Z] CHK MOM:0.06% RANGE:0.06% UP:16.66% SPREAD:0.06906077% BID:1.448 ASK:1.449 MID:1.4485 P1:1.4485 P2:1.4475 P3:1.4475 P4:1.4475 STATE:IDLE
[2026-05-04 17:37:48Z] CHK MOM:0% RANGE:0% UP:0% SPREAD:0.06906077% BID:1.448 ASK:1.449 MID:1.4485 P1:1.4485 P2:1.4485 P3:1.4475 P4:1.4475 STATE:IDLE
[2026-05-04 17:37:49Z] CHK MOM:0% RANGE:0% UP:0% SPREAD:0.06906077% BID:1.448 ASK:1.449 MID:1.4485 P1:1.4485 P2:1.4485 P3:1.4475 P4:1.4475 STATE:IDLE
[2026-05-04 17:37:49Z] CHK MOM:0% RANGE:0% UP:0% SPREAD:0.06906077% BID:1.448 ASK:1.449 MID:1.4485 P1:1.4485 P2:1.4485 P3:1.4475 P4:1.4475 STATE:IDLE
[2026-05-04 17:37:50Z] CHK MOM:0% RANGE:0% UP:0% SPREAD:0.06906077% BID:1.448 ASK:1.449 MID:1.4485 P1:1.4485 P2:1.4485 P3:1.4475 P4:1.4475 STATE:IDLE
[2026-05-04 17:37:50Z] CHK MOM:0% RANGE:0% UP:0% SPREAD:0.06906077% BID:1.448 ASK:1.449 MID:1.4485 P1:1.4485 P2:1.4485 P3:1.4475 P4:1.4475 STATE:IDLE
[2026-05-04 17:37:52Z] CHK MOM:0% RANGE:0% UP:0% SPREAD:0.06906077% BID:1.448 ASK:1.449 MID:1.4485 P1:1.4485 P2:1.4485 P3:1.4485 P4:1.4475 STATE:IDLE
[2026-05-04 17:37:52Z] CHK MOM:0% RANGE:0% UP:0% SPREAD:0.06906077% BID:1.448 ASK:1.449 MID:1.4485 P1:1.4485 P2:1.4485 P3:1.4485 P4:1.4485 STATE:IDLE
[2026-05-04 17:37:53Z] CHK MOM:0% RANGE:0% UP:0% SPREAD:0.06906077% BID:1.448 ASK:1.449 MID:1.4485 P1:1.4485 P2:1.4485 P3:1.4485 P4:1.4485 STATE:IDLE
[2026-05-04 17:37:54Z] CHK MOM:0% RANGE:0% UP:0% SPREAD:0.06906077% BID:1.448 ASK:1.449 MID:1.4485 P1:1.4485 P2:1.4485 P3:1.4485 P4:1.4485 STATE:IDLE
[2026-05-04 17:37:54Z] CHK MOM:0% RANGE:0% UP:0% SPREAD:0.06906077% BID:1.448 ASK:1.449 MID:1.4485 P1:1.4485 P2:1.4485 P3:1.4485 P4:1.4485 STATE:IDLE
[2026-05-04 17:37:55Z] CHK MOM:0% RANGE:0% UP:0% SPREAD:0.06906077% BID:1.448 ASK:1.449 MID:1.4485 P1:1.4485 P2:1.4485 P3:1.4485 P4:1.4485 STATE:IDLE
[2026-05-04 17:37:55Z] CHK MOM:0% RANGE:0% UP:0% SPREAD:0.06906077% BID:1.448 ASK:1.449 MID:1.4485 P1:1.4485 P2:1.4485 P3:1.4485 P4:1.4485 STATE:IDLE
[2026-05-04 17:37:57Z] CHK MOM:0% RANGE:0% UP:0% SPREAD:0.06906077% BID:1.448 ASK:1.449 MID:1.4485 P1:1.4485 P2:1.4485 P3:1.4485 P4:1.4485 STATE:IDLE
[2026-05-04 17:37:57Z] CHK MOM:0% RANGE:0% UP:0% SPREAD:0.06906077% BID:1.448 ASK:1.449 MID:1.4485 P1:1.4485 P2:1.4485 P3:1.4485 P4:1.4485 STATE:IDLE
[2026-05-04 17:37:58Z] CHK MOM:0% RANGE:0% UP:0% SPREAD:0.06906077% BID:1.448 ASK:1.449 MID:1.4485 P1:1.4485 P2:1.4485 P3:1.4485 P4:1.4485 STATE:IDLE
[2026-05-04 17:37:59Z] CHK MOM:0% RANGE:0% UP:0% SPREAD:0.06906077% BID:1.448 ASK:1.449 MID:1.4485 P1:1.4485 P2:1.4485 P3:1.4485 P4:1.4485 STATE:IDLE
[2026-05-04 17:37:59Z] CHK MOM:0% RANGE:0% UP:0% SPREAD:0.06906077% BID:1.448 ASK:1.449 MID:1.4485 P1:1.4485 P2:1.4485 P3:1.4485 P4:1.4485 STATE:IDLE
[2026-05-04 17:38:00Z] CHK MOM:0% RANGE:0% UP:0% SPREAD:0.06906077% BID:1.448 ASK:1.449 MID:1.4485 P1:1.4485 P2:1.4485 P3:1.4485 P4:1.4485 STATE:IDLE
[2026-05-04 17:38:01Z] CHK MOM:0% RANGE:0% UP:0% SPREAD:0.06906077% BID:1.448 ASK:1.449 MID:1.4485 P1:1.4485 P2:1.4485 P3:1.4485 P4:1.4485 STATE:IDLE
[2026-05-04 17:38:02Z] CHK MOM:0% RANGE:0% UP:0% SPREAD:0.06906077% BID:1.448 ASK:1.449 MID:1.4485 P1:1.4485 P2:1.4485 P3:1.4485 P4:1.4485 STATE:IDLE
[2026-05-04 17:38:02Z] CHK MOM:-0.06% RANGE:0.06% UP:0% SPREAD:0.0691085% BID:1.447 ASK:1.448 MID:1.4475 P1:1.4475 P2:1.4485 P3:1.4485 P4:1.4485 STATE:IDLE
[2026-05-04 17:38:03Z] CHK MOM:0% RANGE:0.06% UP:20% SPREAD:0.06906077% BID:1.448 ASK:1.449 MID:1.4485 P1:1.4485 P2:1.4475 P3:1.4485 P4:1.4485 STATE:IDLE
[2026-05-04 17:38:03Z] CHK MOM:0% RANGE:0.06% UP:20% SPREAD:0.06906077% BID:1.448 ASK:1.449 MID:1.4485 P1:1.4485 P2:1.4475 P3:1.4485 P4:1.4485 STATE:IDLE
[2026-05-04 17:38:04Z] CHK MOM:0% RANGE:0.06% UP:20% SPREAD:0.06906077% BID:1.448 ASK:1.449 MID:1.4485 P1:1.4485 P2:1.4475 P3:1.4485 P4:1.4485 STATE:IDLE
[2026-05-04 17:38:05Z] CHK MOM:0% RANGE:0.06% UP:16.66% SPREAD:0.06906077% BID:1.448 ASK:1.449 MID:1.4485 P1:1.4485 P2:1.4485 P3:1.4475 P4:1.4485 STATE:IDLE
[2026-05-04 17:38:05Z] CHK MOM:0% RANGE:0.06% UP:16.66% SPREAD:0.06906077% BID:1.448 ASK:1.449 MID:1.4485 P1:1.4485 P2:1.4485 P3:1.4475 P4:1.4485 STATE:IDLE
[2026-05-04 17:38:06Z] CHK MOM:0% RANGE:0.06% UP:16.66% SPREAD:0.06906077% BID:1.448 ASK:1.449 MID:1.4485 P1:1.4485 P2:1.4485 P3:1.4475 P4:1.4485 STATE:IDLE
[2026-05-04 17:38:06Z] CHK MOM:-0.06% RANGE:0.06% UP:20% SPREAD:0.0691085% BID:1.447 ASK:1.448 MID:1.4475 P1:1.4475 P2:1.4485 P3:1.4485 P4:1.4475 STATE:IDLE
[2026-05-04 17:38:07Z] CHK MOM:-0.03% RANGE:0.06% UP:33.33% SPREAD:0.138217% BID:1.447 ASK:1.449 MID:1.448 P1:1.448 P2:1.4475 P3:1.4485 P4:1.4485 STATE:IDLE
[2026-05-04 17:38:07Z] CHK MOM:-0.03% RANGE:0.06% UP:28.57% SPREAD:0.138217% BID:1.447 ASK:1.449 MID:1.448 P1:1.448 P2:1.448 P3:1.4475 P4:1.4485 STATE:IDLE
[2026-05-04 17:38:08Z] CHK MOM:-0.03% RANGE:0.06% UP:28.57% SPREAD:0.138217% BID:1.447 ASK:1.449 MID:1.448 P1:1.448 P2:1.448 P3:1.4475 P4:1.4485 STATE:IDLE
[2026-05-04 17:38:08Z] CHK MOM:-0.03% RANGE:0.06% UP:28.57% SPREAD:0.138217% BID:1.447 ASK:1.449 MID:1.448 P1:1.448 P2:1.448 P3:1.4475 P4:1.4485 STATE:IDLE
[2026-05-04 17:38:09Z] CHK MOM:0.06% RANGE:0.13% UP:37.5% SPREAD:0.06901311% BID:1.449 ASK:1.45 MID:1.4495 P1:1.4495 P2:1.448 P3:1.448 P4:1.4475 STATE:IDLE
[2026-05-04 17:38:10Z] CHK MOM:0.06% RANGE:0.13% UP:33.33% SPREAD:0.06901311% BID:1.449 ASK:1.45 MID:1.4495 P1:1.4495 P2:1.4495 P3:1.448 P4:1.448 STATE:IDLE
[2026-05-04 17:38:10Z] CHK MOM:0.13% RANGE:0.13% UP:37.5% SPREAD:0.06901311% BID:1.449 ASK:1.45 MID:1.4495 P1:1.4495 P2:1.4495 P3:1.4495 P4:1.448 STATE:IDLE
[2026-05-04 17:38:11Z] CHK MOM:0.06% RANGE:0.13% UP:28.57% SPREAD:0.06901311% BID:1.449 ASK:1.45 MID:1.4495 P1:1.4495 P2:1.4495 P3:1.4495 P4:1.4495 STATE:IDLE
[2026-05-04 17:38:11Z] CHK MOM:0.06% RANGE:0.13% UP:28.57% SPREAD:0.06901311% BID:1.449 ASK:1.45 MID:1.4495 P1:1.4495 P2:1.4495 P3:1.4495 P4:1.4495 STATE:IDLE
[2026-05-04 17:38:12Z] CHK MOM:0.13% RANGE:0.2% UP:37.5% SPREAD:0.06896551% BID:1.45 ASK:1.451 MID:1.4505 P1:1.4505 P2:1.4495 P3:1.4495 P4:1.4495 STATE:IDLE
[2026-05-04 17:38:12Z] CHK MOM:0.13% RANGE:0.2% UP:37.5% SPREAD:0.06896551% BID:1.45 ASK:1.451 MID:1.4505 P1:1.4505 P2:1.4495 P3:1.4495 P4:1.4495 STATE:IDLE
[2026-05-04 17:38:13Z] CHK MOM:0.13% RANGE:0.2% UP:37.5% SPREAD:0.06896551% BID:1.45 ASK:1.451 MID:1.4505 P1:1.4505 P2:1.4495 P3:1.4495 P4:1.4495 STATE:IDLE
[2026-05-04 17:38:13Z] CHK MOM:0.13% RANGE:0.2% UP:37.5% SPREAD:0.06901311% BID:1.449 ASK:1.45 MID:1.4495 P1:1.4495 P2:1.4505 P3:1.4495 P4:1.4495 STATE:IDLE
[2026-05-04 17:38:14Z] CHK MOM:0.13% RANGE:0.2% UP:37.5% SPREAD:0.06901311% BID:1.449 ASK:1.45 MID:1.4495 P1:1.4495 P2:1.4505 P3:1.4495 P4:1.4495 STATE:IDLE
[2026-05-04 17:38:15Z] CHK MOM:0.13% RANGE:0.2% UP:37.5% SPREAD:0.06901311% BID:1.449 ASK:1.45 MID:1.4495 P1:1.4495 P2:1.4505 P3:1.4495 P4:1.4495 STATE:IDLE
[2026-05-04 17:38:15Z] CHK MOM:0.13% RANGE:0.2% UP:37.5% SPREAD:0.06901311% BID:1.449 ASK:1.45 MID:1.4495 P1:1.4495 P2:1.4505 P3:1.4495 P4:1.4495 STATE:IDLE
[2026-05-04 17:38:16Z] CHK MOM:0.13% RANGE:0.2% UP:37.5% SPREAD:0.06901311% BID:1.449 ASK:1.45 MID:1.4495 P1:1.4495 P2:1.4505 P3:1.4495 P4:1.4495 STATE:IDLE
[2026-05-04 17:38:16Z] CHK MOM:0% RANGE:0.06% UP:16.66% SPREAD:0.06901311% BID:1.449 ASK:1.45 MID:1.4495 P1:1.4495 P2:1.4495 P3:1.4505 P4:1.4495 STATE:IDLE
[2026-05-04 17:38:17Z] CHK MOM:0% RANGE:0.06% UP:16.66% SPREAD:0.06901311% BID:1.449 ASK:1.45 MID:1.4495 P1:1.4495 P2:1.4495 P3:1.4505 P4:1.4495 STATE:IDLE
[2026-05-04 17:38:17Z] CHK MOM:0% RANGE:0.06% UP:16.66% SPREAD:0.06901311% BID:1.449 ASK:1.45 MID:1.4495 P1:1.4495 P2:1.4495 P3:1.4505 P4:1.4495 STATE:IDLE
[2026-05-04 17:38:18Z] CHK MOM:0% RANGE:0.06% UP:16.66% SPREAD:0.06901311% BID:1.449 ASK:1.45 MID:1.4495 P1:1.4495 P2:1.4495 P3:1.4505 P4:1.4495 STATE:IDLE
[2026-05-04 17:38:18Z] CHK MOM:0% RANGE:0.06% UP:20% SPREAD:0.06901311% BID:1.449 ASK:1.45 MID:1.4495 P1:1.4495 P2:1.4495 P3:1.4495 P4:1.4505 STATE:IDLE
[2026-05-04 17:38:19Z] CHK MOM:0% RANGE:0.06% UP:20% SPREAD:0.06901311% BID:1.449 ASK:1.45 MID:1.4495 P1:1.4495 P2:1.4495 P3:1.4495 P4:1.4505 STATE:IDLE
[2026-05-04 17:38:19Z] CHK MOM:0% RANGE:0.06% UP:20% SPREAD:0.06901311% BID:1.449 ASK:1.45 MID:1.4495 P1:1.4495 P2:1.4495 P3:1.4495 P4:1.4505 STATE:IDLE
[2026-05-04 17:38:20Z] CHK MOM:0% RANGE:0.06% UP:20% SPREAD:0.06901311% BID:1.449 ASK:1.45 MID:1.4495 P1:1.4495 P2:1.4495 P3:1.4495 P4:1.4505 STATE:IDLE
[2026-05-04 17:38:21Z] CHK MOM:0% RANGE:0.06% UP:20% SPREAD:0.06901311% BID:1.449 ASK:1.45 MID:1.4495 P1:1.4495 P2:1.4495 P3:1.4495 P4:1.4505 STATE:IDLE
[2026-05-04 17:38:22Z] CHK MOM:0% RANGE:0% UP:0% SPREAD:0.06901311% BID:1.449 ASK:1.45 MID:1.4495 P1:1.4495 P2:1.4495 P3:1.4495 P4:1.4495 STATE:IDLE
[2026-05-04 17:38:22Z] CHK MOM:0% RANGE:0% UP:0% SPREAD:0.06901311% BID:1.449 ASK:1.45 MID:1.4495 P1:1.4495 P2:1.4495 P3:1.4495 P4:1.4495 STATE:IDLE
[2026-05-04 17:38:23Z] CHK MOM:0% RANGE:0% UP:0% SPREAD:0.06901311% BID:1.449 ASK:1.45 MID:1.4495 P1:1.4495 P2:1.4495 P3:1.4495 P4:1.4495 STATE:IDLE
[2026-05-04 17:38:23Z] CHK MOM:0% RANGE:0% UP:0% SPREAD:0.06901311% BID:1.449 ASK:1.45 MID:1.4495 P1:1.4495 P2:1.4495 P3:1.4495 P4:1.4495 STATE:IDLE
[2026-05-04 17:38:24Z] CHK MOM:0% RANGE:0% UP:0% SPREAD:0.06901311% BID:1.449 ASK:1.45 MID:1.4495 P1:1.4495 P2:1.4495 P3:1.4495 P4:1.4495 STATE:IDLE
[2026-05-04 17:38:24Z] CHK MOM:0% RANGE:0% UP:0% SPREAD:0.06901311% BID:1.449 ASK:1.45 MID:1.4495 P1:1.4495 P2:1.4495 P3:1.4495 P4:1.4495 STATE:IDLE
[2026-05-04 17:38:27Z] CHK MOM:0% RANGE:0% UP:0% SPREAD:0.06901311% BID:1.449 ASK:1.45 MID:1.4495 P1:1.4495 P2:1.4495 P3:1.4495 P4:1.4495 STATE:IDLE
[2026-05-04 17:38:28Z] CHK MOM:0% RANGE:0% UP:0% SPREAD:0.06901311% BID:1.449 ASK:1.45 MID:1.4495 P1:1.4495 P2:1.4495 P3:1.4495 P4:1.4495 STATE:IDLE
[2026-05-04 17:38:28Z] CHK MOM:0% RANGE:0% UP:0% SPREAD:0.06901311% BID:1.449 ASK:1.45 MID:1.4495 P1:1.4495 P2:1.4495 P3:1.4495 P4:1.4495 STATE:IDLE
[2026-05-04 17:38:29Z] CHK MOM:0% RANGE:0% UP:0% SPREAD:0.06901311% BID:1.449 ASK:1.45 MID:1.4495 P1:1.4495 P2:1.4495 P3:1.4495 P4:1.4495 STATE:IDLE
[2026-05-04 17:38:29Z] CHK MOM:0% RANGE:0% UP:0% SPREAD:0.06901311% BID:1.449 ASK:1.45 MID:1.4495 P1:1.4495 P2:1.4495 P3:1.4495 P4:1.4495 STATE:IDLE
[2026-05-04 17:38:35Z] CHK MOM:0% RANGE:0% UP:0% SPREAD:0.06901311% BID:1.449 ASK:1.45 MID:1.4495 P1:1.4495 P2:1.4495 P3:1.4495 P4:1.4495 STATE:IDLE
[2026-05-04 17:38:36Z] CHK MOM:0% RANGE:0% UP:0% SPREAD:0.06901311% BID:1.449 ASK:1.45 MID:1.4495 P1:1.4495 P2:1.4495 P3:1.4495 P4:1.4495 STATE:IDLE
[2026-05-04 17:38:36Z] CHK MOM:0% RANGE:0% UP:0% SPREAD:0.06901311% BID:1.449 ASK:1.45 MID:1.4495 P1:1.4495 P2:1.4495 P3:1.4495 P4:1.4495 STATE:IDLE
[2026-05-04 17:38:37Z] CHK MOM:0% RANGE:0% UP:0% SPREAD:0.06901311% BID:1.449 ASK:1.45 MID:1.4495 P1:1.4495 P2:1.4495 P3:1.4495 P4:1.4495 STATE:IDLE
[2026-05-04 17:38:37Z] CHK MOM:0% RANGE:0% UP:0% SPREAD:0.06901311% BID:1.449 ASK:1.45 MID:1.4495 P1:1.4495 P2:1.4495 P3:1.4495 P4:1.4495 STATE:IDLE
[2026-05-04 17:38:38Z] CHK MOM:0% RANGE:0% UP:0% SPREAD:0.06901311% BID:1.449 ASK:1.45 MID:1.4495 P1:1.4495 P2:1.4495 P3:1.4495 P4:1.4495 STATE:IDLE
[2026-05-04 17:38:38Z] CHK MOM:0% RANGE:0% UP:0% SPREAD:0.06901311% BID:1.449 ASK:1.45 MID:1.4495 P1:1.4495 P2:1.4495 P3:1.4495 P4:1.4495 STATE:IDLE
[2026-05-04 17:38:39Z] CHK MOM:0% RANGE:0% UP:0% SPREAD:0.06901311% BID:1.449 ASK:1.45 MID:1.4495 P1:1.4495 P2:1.4495 P3:1.4495 P4:1.4495 STATE:IDLE
[2026-05-04 17:38:41Z] CHK MOM:0% RANGE:0% UP:0% SPREAD:0.06901311% BID:1.449 ASK:1.45 MID:1.4495 P1:1.4495 P2:1.4495 P3:1.4495 P4:1.4495 STATE:IDLE
[2026-05-04 17:38:42Z] CHK MOM:0% RANGE:0% UP:0% SPREAD:0.06901311% BID:1.449 ASK:1.45 MID:1.4495 P1:1.4495 P2:1.4495 P3:1.4495 P4:1.4495 STATE:IDLE
[2026-05-04 17:38:42Z] CHK MOM:0% RANGE:0% UP:0% SPREAD:0.06901311% BID:1.449 ASK:1.45 MID:1.4495 P1:1.4495 P2:1.4495 P3:1.4495 P4:1.4495 STATE:IDLE
[2026-05-04 17:38:43Z] CHK MOM:0% RANGE:0% UP:0% SPREAD:0.06901311% BID:1.449 ASK:1.45 MID:1.4495 P1:1.4495 P2:1.4495 P3:1.4495 P4:1.4495 STATE:IDLE
[2026-05-04 17:38:43Z] CHK MOM:0% RANGE:0% UP:0% SPREAD:0.06901311% BID:1.449 ASK:1.45 MID:1.4495 P1:1.4495 P2:1.4495 P3:1.4495 P4:1.4495 STATE:IDLE
[2026-05-04 17:38:52Z] CHK MOM:0% RANGE:0% UP:0% SPREAD:0.06906077% BID:1.448 ASK:1.449 MID:1.4485 P1:1.4485 P2:1.4495 P3:1.4495 P4:1.4495 STATE:IDLE
[2026-05-04 17:38:52Z] CHK MOM:0.06% RANGE:0.06% UP:100% SPREAD:0.06901311% BID:1.449 ASK:1.45 MID:1.4495 P1:1.4495 P2:1.4485 P3:1.4495 P4:1.4495 STATE:IDLE
[2026-05-04 17:38:53Z] CHK MOM:0.06% RANGE:0.06% UP:100% SPREAD:0.06901311% BID:1.449 ASK:1.45 MID:1.4495 P1:1.4495 P2:1.4485 P3:1.4495 P4:1.4495 STATE:IDLE
[2026-05-04 17:38:53Z] CHK MOM:0.06% RANGE:0.06% UP:100% SPREAD:0.06901311% BID:1.449 ASK:1.45 MID:1.4495 P1:1.4495 P2:1.4485 P3:1.4495 P4:1.4495 STATE:IDLE
[2026-05-04 17:38:54Z] CHK MOM:0% RANGE:0.06% UP:50% SPREAD:0.06906077% BID:1.448 ASK:1.449 MID:1.4485 P1:1.4485 P2:1.4495 P3:1.4485 P4:1.4495 STATE:IDLE
[2026-05-04 17:38:54Z] CHK MOM:0% RANGE:0.06% UP:50% SPREAD:0.06906077% BID:1.448 ASK:1.449 MID:1.4485 P1:1.4485 P2:1.4495 P3:1.4485 P4:1.4495 STATE:IDLE
[2026-05-04 17:38:55Z] CHK MOM:0% RANGE:0.06% UP:50% SPREAD:0.06906077% BID:1.448 ASK:1.449 MID:1.4485 P1:1.4485 P2:1.4495 P3:1.4485 P4:1.4495 STATE:IDLE
[2026-05-04 17:38:55Z] CHK MOM:0% RANGE:0.06% UP:50% SPREAD:0.06906077% BID:1.448 ASK:1.449 MID:1.4485 P1:1.4485 P2:1.4495 P3:1.4485 P4:1.4495 STATE:IDLE
[2026-05-04 17:38:56Z] CHK MOM:0% RANGE:0.06% UP:50% SPREAD:0.06906077% BID:1.448 ASK:1.449 MID:1.4485 P1:1.4485 P2:1.4495 P3:1.4485 P4:1.4495 STATE:IDLE
[2026-05-04 17:38:56Z] CHK MOM:0% RANGE:0.06% UP:33.33% SPREAD:0.06906077% BID:1.448 ASK:1.449 MID:1.4485 P1:1.4485 P2:1.4485 P3:1.4495 P4:1.4485 STATE:IDLE
[2026-05-04 17:38:57Z] CHK MOM:0% RANGE:0.06% UP:25% SPREAD:0.06906077% BID:1.448 ASK:1.449 MID:1.4485 P1:1.4485 P2:1.4485 P3:1.4485 P4:1.4495 STATE:IDLE
[2026-05-04 17:38:58Z] CHK MOM:0% RANGE:0.06% UP:25% SPREAD:0.06906077% BID:1.448 ASK:1.449 MID:1.4485 P1:1.4485 P2:1.4485 P3:1.4485 P4:1.4495 STATE:IDLE
[2026-05-04 17:38:58Z] CHK MOM:0% RANGE:0.06% UP:25% SPREAD:0.06906077% BID:1.448 ASK:1.449 MID:1.4485 P1:1.4485 P2:1.4485 P3:1.4485 P4:1.4495 STATE:IDLE
[2026-05-04 17:38:59Z] CHK MOM:0% RANGE:0.06% UP:20% SPREAD:0.06906077% BID:1.448 ASK:1.449 MID:1.4485 P1:1.4485 P2:1.4485 P3:1.4485 P4:1.4485 STATE:IDLE
[2026-05-04 17:38:59Z] CHK MOM:-0.06% RANGE:0.06% UP:0% SPREAD:0.06906077% BID:1.448 ASK:1.449 MID:1.4485 P1:1.4485 P2:1.4485 P3:1.4485 P4:1.4485 STATE:IDLE
[2026-05-04 17:39:00Z] CHK MOM:-0.06% RANGE:0.06% UP:0% SPREAD:0.06906077% BID:1.448 ASK:1.449 MID:1.4485 P1:1.4485 P2:1.4485 P3:1.4485 P4:1.4485 STATE:IDLE
[2026-05-04 17:39:00Z] CHK MOM:0% RANGE:0% UP:0% SPREAD:0.06906077% BID:1.448 ASK:1.449 MID:1.4485 P1:1.4485 P2:1.4485 P3:1.4485 P4:1.4485 STATE:IDLE
[2026-05-04 17:39:01Z] CHK MOM:0% RANGE:0% UP:0% SPREAD:0.06906077% BID:1.448 ASK:1.449 MID:1.4485 P1:1.4485 P2:1.4485 P3:1.4485 P4:1.4485 STATE:IDLE
[2026-05-04 17:39:01Z] CHK MOM:0% RANGE:0% UP:0% SPREAD:0.06906077% BID:1.448 ASK:1.449 MID:1.4485 P1:1.4485 P2:1.4485 P3:1.4485 P4:1.4485 STATE:IDLE
[2026-05-04 17:39:02Z] CHK MOM:0% RANGE:0% UP:0% SPREAD:0.06906077% BID:1.448 ASK:1.449 MID:1.4485 P1:1.4485 P2:1.4485 P3:1.4485 P4:1.4485 STATE:IDLE
[2026-05-04 17:39:03Z] CHK MOM:0.06% RANGE:0.06% UP:20% SPREAD:0.06901311% BID:1.449 ASK:1.45 MID:1.4495 P1:1.4495 P2:1.4485 P3:1.4485 P4:1.4485 STATE:IDLE
[2026-05-04 17:39:03Z] CHK MOM:0.06% RANGE:0.06% UP:16.66% SPREAD:0.06901311% BID:1.449 ASK:1.45 MID:1.4495 P1:1.4495 P2:1.4495 P3:1.4485 P4:1.4485 STATE:IDLE
[2026-05-04 17:39:04Z] CHK MOM:0% RANGE:0.06% UP:14.28% SPREAD:0.06906077% BID:1.448 ASK:1.449 MID:1.4485 P1:1.4485 P2:1.4495 P3:1.4495 P4:1.4485 STATE:IDLE
[2026-05-04 17:39:04Z] CHK MOM:0% RANGE:0.06% UP:14.28% SPREAD:0.06906077% BID:1.448 ASK:1.449 MID:1.4485 P1:1.4485 P2:1.4495 P3:1.4495 P4:1.4485 STATE:IDLE
[2026-05-04 17:39:05Z] CHK MOM:0% RANGE:0.06% UP:14.28% SPREAD:0.06906077% BID:1.448 ASK:1.449 MID:1.4485 P1:1.4485 P2:1.4495 P3:1.4495 P4:1.4485 STATE:IDLE
[2026-05-04 17:39:05Z] CHK MOM:0% RANGE:0.06% UP:14.28% SPREAD:0.06906077% BID:1.448 ASK:1.449 MID:1.4485 P1:1.4485 P2:1.4495 P3:1.4495 P4:1.4485 STATE:IDLE
[2026-05-04 17:39:06Z] CHK MOM:0% RANGE:0.06% UP:16.66% SPREAD:0.06906077% BID:1.448 ASK:1.449 MID:1.4485 P1:1.4485 P2:1.4485 P3:1.4495 P4:1.4495 STATE:IDLE
[2026-05-04 17:39:06Z] CHK MOM:0% RANGE:0.06% UP:14.28% SPREAD:0.06906077% BID:1.448 ASK:1.449 MID:1.4485 P1:1.4485 P2:1.4485 P3:1.4485 P4:1.4495 STATE:IDLE
[2026-05-04 17:39:07Z] CHK MOM:0% RANGE:0.06% UP:14.28% SPREAD:0.06906077% BID:1.448 ASK:1.449 MID:1.4485 P1:1.4485 P2:1.4485 P3:1.4485 P4:1.4495 STATE:IDLE
[2026-05-04 17:39:07Z] CHK MOM:0% RANGE:0.06% UP:14.28% SPREAD:0.06906077% BID:1.448 ASK:1.449 MID:1.4485 P1:1.4485 P2:1.4485 P3:1.4485 P4:1.4495 STATE:IDLE
[2026-05-04 17:39:08Z] CHK MOM:-0.06% RANGE:0.13% UP:16.66% SPREAD:0.0691085% BID:1.447 ASK:1.448 MID:1.4475 P1:1.4475 P2:1.4485 P3:1.4485 P4:1.4485 STATE:IDLE
[2026-05-04 17:39:09Z] CHK MOM:-0.06% RANGE:0.13% UP:16.66% SPREAD:0.0691085% BID:1.447 ASK:1.448 MID:1.4475 P1:1.4475 P2:1.4485 P3:1.4485 P4:1.4485 STATE:IDLE
[2026-05-04 17:39:09Z] CHK MOM:-0.06% RANGE:0.13% UP:16.66% SPREAD:0.06906077% BID:1.448 ASK:1.449 MID:1.4485 P1:1.4485 P2:1.4475 P3:1.4485 P4:1.4485 STATE:IDLE
[2026-05-04 17:39:10Z] CHK MOM:-0.06% RANGE:0.13% UP:16.66% SPREAD:0.06906077% BID:1.448 ASK:1.449 MID:1.4485 P1:1.4485 P2:1.4475 P3:1.4485 P4:1.4485 STATE:IDLE
[2026-05-04 17:39:10Z] CHK MOM:-0.06% RANGE:0.13% UP:16.66% SPREAD:0.06906077% BID:1.448 ASK:1.449 MID:1.4485 P1:1.4485 P2:1.4485 P3:1.4475 P4:1.4485 STATE:IDLE
[2026-05-04 17:39:11Z] CHK MOM:-0.06% RANGE:0.13% UP:16.66% SPREAD:0.06906077% BID:1.448 ASK:1.449 MID:1.4485 P1:1.4485 P2:1.4485 P3:1.4475 P4:1.4485 STATE:IDLE
[2026-05-04 17:39:11Z] CHK MOM:0% RANGE:0.06% UP:16.66% SPREAD:0.06906077% BID:1.448 ASK:1.449 MID:1.4485 P1:1.4485 P2:1.4485 P3:1.4485 P4:1.4475 STATE:IDLE
[2026-05-04 17:39:12Z] CHK MOM:0% RANGE:0.06% UP:16.66% SPREAD:0.06906077% BID:1.448 ASK:1.449 MID:1.4485 P1:1.4485 P2:1.4485 P3:1.4485 P4:1.4475 STATE:IDLE
[2026-05-04 17:39:12Z] CHK MOM:0% RANGE:0.06% UP:16.66% SPREAD:0.06906077% BID:1.448 ASK:1.449 MID:1.4485 P1:1.4485 P2:1.4485 P3:1.4485 P4:1.4475 STATE:IDLE
[2026-05-04 17:39:13Z] CHK MOM:0% RANGE:0.06% UP:16.66% SPREAD:0.06906077% BID:1.448 ASK:1.449 MID:1.4485 P1:1.4485 P2:1.4485 P3:1.4485 P4:1.4485 STATE:IDLE
[2026-05-04 17:39:14Z] CHK MOM:0% RANGE:0.06% UP:16.66% SPREAD:0.06906077% BID:1.448 ASK:1.449 MID:1.4485 P1:1.4485 P2:1.4485 P3:1.4485 P4:1.4485 STATE:IDLE
[2026-05-04 17:39:14Z] CHK MOM:0% RANGE:0.06% UP:16.66% SPREAD:0.06906077% BID:1.448 ASK:1.449 MID:1.4485 P1:1.4485 P2:1.4485 P3:1.4485 P4:1.4485 STATE:IDLE
[2026-05-04 17:39:15Z] CHK MOM:0% RANGE:0.06% UP:16.66% SPREAD:0.06906077% BID:1.448 ASK:1.449 MID:1.4485 P1:1.4485 P2:1.4485 P3:1.4485 P4:1.4485 STATE:IDLE
[2026-05-04 17:39:15Z] CHK MOM:0% RANGE:0.06% UP:16.66% SPREAD:0.06906077% BID:1.448 ASK:1.449 MID:1.4485 P1:1.4485 P2:1.4485 P3:1.4485 P4:1.4485 STATE:IDLE
[2026-05-04 17:39:22Z] CHK MOM:0% RANGE:0% UP:0% SPREAD:0.06906077% BID:1.448 ASK:1.449 MID:1.4485 P1:1.4485 P2:1.4485 P3:1.4485 P4:1.4485 STATE:IDLE
[2026-05-04 17:39:22Z] CHK MOM:0.06% RANGE:0.06% UP:100% SPREAD:0.06901311% BID:1.449 ASK:1.45 MID:1.4495 P1:1.4495 P2:1.4485 P3:1.4485 P4:1.4485 STATE:IDLE
[2026-05-04 17:39:23Z] CHK MOM:0% RANGE:0.06% UP:50% SPREAD:0.06906077% BID:1.448 ASK:1.449 MID:1.4485 P1:1.4485 P2:1.4495 P3:1.4485 P4:1.4485 STATE:IDLE
[2026-05-04 17:39:23Z] CHK MOM:0% RANGE:0.06% UP:50% SPREAD:0.06906077% BID:1.448 ASK:1.449 MID:1.4485 P1:1.4485 P2:1.4495 P3:1.4485 P4:1.4485 STATE:IDLE
[2026-05-04 17:39:24Z] CHK MOM:0% RANGE:0.06% UP:33.33% SPREAD:0.06906077% BID:1.448 ASK:1.449 MID:1.4485 P1:1.4485 P2:1.4485 P3:1.4495 P4:1.4485 STATE:IDLE
[2026-05-04 17:39:24Z] CHK MOM:0% RANGE:0.06% UP:33.33% SPREAD:0.06906077% BID:1.448 ASK:1.449 MID:1.4485 P1:1.4485 P2:1.4485 P3:1.4495 P4:1.4485 STATE:IDLE
[2026-05-04 17:39:25Z] CHK MOM:0% RANGE:0.06% UP:33.33% SPREAD:0.06906077% BID:1.448 ASK:1.449 MID:1.4485 P1:1.4485 P2:1.4485 P3:1.4495 P4:1.4485 STATE:IDLE
[2026-05-04 17:39:25Z] CHK MOM:0% RANGE:0.06% UP:33.33% SPREAD:0.06906077% BID:1.448 ASK:1.449 MID:1.4485 P1:1.4485 P2:1.4485 P3:1.4495 P4:1.4485 STATE:IDLE
[2026-05-04 17:39:26Z] CHK MOM:0% RANGE:0.06% UP:33.33% SPREAD:0.06906077% BID:1.448 ASK:1.449 MID:1.4485 P1:1.4485 P2:1.4485 P3:1.4495 P4:1.4485 STATE:IDLE
[2026-05-04 17:39:26Z] CHK MOM:0.06% RANGE:0.06% UP:50% SPREAD:0.06901311% BID:1.449 ASK:1.45 MID:1.4495 P1:1.4495 P2:1.4485 P3:1.4485 P4:1.4495 STATE:IDLE
[2026-05-04 17:39:28Z] CHK MOM:0.06% RANGE:0.06% UP:50% SPREAD:0.06901311% BID:1.449 ASK:1.45 MID:1.4495 P1:1.4495 P2:1.4485 P3:1.4485 P4:1.4495 STATE:IDLE
[2026-05-04 17:39:28Z] CHK MOM:0.06% RANGE:0.06% UP:50% SPREAD:0.06901311% BID:1.449 ASK:1.45 MID:1.4495 P1:1.4495 P2:1.4485 P3:1.4485 P4:1.4495 STATE:IDLE
[2026-05-04 17:39:29Z] CHK MOM:0.06% RANGE:0.06% UP:50% SPREAD:0.06901311% BID:1.449 ASK:1.45 MID:1.4495 P1:1.4495 P2:1.4485 P3:1.4485 P4:1.4495 STATE:IDLE
[2026-05-04 18:10:05Z] SESSION_START symbol=TONUSDC dry_run=0 profile=major strategy=momentum base_url=https://api.binance.com
[2026-05-04 18:10:05Z] TOXIC_MEMORY_LOADED count=3 symbols=GUNUSDC,JTOUSDC,SAHARAUSDC
[2026-05-04 18:10:07Z] CHK MOM:0% RANGE:0% UP:0% SPREAD:0.0691085% BID:1.447 ASK:1.448 MID:1.4475 P1:1.4475 P2:NA P3:NA P4:NA STATE:IDLE
[2026-05-04 18:10:07Z] CHK MOM:0% RANGE:0% UP:0% SPREAD:0.0691085% BID:1.447 ASK:1.448 MID:1.4475 P1:1.4475 P2:1.4475 P3:NA P4:NA STATE:IDLE
[2026-05-04 18:10:08Z] CHK MOM:0% RANGE:0% UP:0% SPREAD:0.0691085% BID:1.447 ASK:1.448 MID:1.4475 P1:1.4475 P2:1.4475 P3:NA P4:NA STATE:IDLE
[2026-05-04 18:10:08Z] CHK MOM:0% RANGE:0% UP:0% SPREAD:0.0691085% BID:1.447 ASK:1.448 MID:1.4475 P1:1.4475 P2:1.4475 P3:NA P4:NA STATE:IDLE
[2026-05-04 18:10:09Z] CHK MOM:0% RANGE:0% UP:0% SPREAD:0.0691085% BID:1.447 ASK:1.448 MID:1.4475 P1:1.4475 P2:1.4475 P3:NA P4:NA STATE:IDLE
[2026-05-04 18:10:09Z] CHK MOM:0% RANGE:0% UP:0% SPREAD:0.0691085% BID:1.447 ASK:1.448 MID:1.4475 P1:1.4475 P2:1.4475 P3:NA P4:NA STATE:IDLE
[2026-05-04 18:10:10Z] CHK MOM:0% RANGE:0% UP:0% SPREAD:0.0691085% BID:1.447 ASK:1.448 MID:1.4475 P1:1.4475 P2:1.4475 P3:1.4475 P4:NA STATE:IDLE
[2026-05-04 18:10:10Z] CHK MOM:0% RANGE:0% UP:0% SPREAD:0.0691085% BID:1.447 ASK:1.448 MID:1.4475 P1:1.4475 P2:1.4475 P3:1.4475 P4:1.4475 STATE:IDLE
[2026-05-04 18:10:11Z] CHK MOM:0% RANGE:0% UP:0% SPREAD:0.0691085% BID:1.447 ASK:1.448 MID:1.4475 P1:1.4475 P2:1.4475 P3:1.4475 P4:1.4475 STATE:IDLE
[2026-05-04 18:10:11Z] CHK MOM:0% RANGE:0% UP:0% SPREAD:0.0691085% BID:1.447 ASK:1.448 MID:1.4475 P1:1.4475 P2:1.4475 P3:1.4475 P4:1.4475 STATE:IDLE
[2026-05-04 18:10:12Z] CHK MOM:0% RANGE:0% UP:0% SPREAD:0.0691085% BID:1.447 ASK:1.448 MID:1.4475 P1:1.4475 P2:1.4475 P3:1.4475 P4:1.4475 STATE:IDLE
[2026-05-04 18:10:13Z] CHK MOM:0% RANGE:0% UP:0% SPREAD:0.0691085% BID:1.447 ASK:1.448 MID:1.4475 P1:1.4475 P2:1.4475 P3:1.4475 P4:1.4475 STATE:IDLE
[2026-05-04 18:10:13Z] CHK MOM:0% RANGE:0% UP:0% SPREAD:0.0691085% BID:1.447 ASK:1.448 MID:1.4475 P1:1.4475 P2:1.4475 P3:1.4475 P4:1.4475 STATE:IDLE
[2026-05-04 18:10:14Z] CHK MOM:0% RANGE:0% UP:0% SPREAD:0.0691085% BID:1.447 ASK:1.448 MID:1.4475 P1:1.4475 P2:1.4475 P3:1.4475 P4:1.4475 STATE:IDLE
[2026-05-04 18:10:14Z] CHK MOM:0% RANGE:0% UP:0% SPREAD:0.0691085% BID:1.447 ASK:1.448 MID:1.4475 P1:1.4475 P2:1.4475 P3:1.4475 P4:1.4475 STATE:IDLE
[2026-05-04 18:10:15Z] CHK MOM:0% RANGE:0% UP:0% SPREAD:0.0691085% BID:1.447 ASK:1.448 MID:1.4475 P1:1.4475 P2:1.4475 P3:1.4475 P4:1.4475 STATE:IDLE
[2026-05-04 18:10:15Z] CHK MOM:0% RANGE:0% UP:0% SPREAD:0.0691085% BID:1.447 ASK:1.448 MID:1.4475 P1:1.4475 P2:1.4475 P3:1.4475 P4:1.4475 STATE:IDLE
[2026-05-04 18:10:16Z] CHK MOM:0% RANGE:0% UP:0% SPREAD:0.0691085% BID:1.447 ASK:1.448 MID:1.4475 P1:1.4475 P2:1.4475 P3:1.4475 P4:1.4475 STATE:IDLE
[2026-05-04 18:10:16Z] CHK MOM:0% RANGE:0% UP:0% SPREAD:0.0691085% BID:1.447 ASK:1.448 MID:1.4475 P1:1.4475 P2:1.4475 P3:1.4475 P4:1.4475 STATE:IDLE
[2026-05-04 18:10:17Z] CHK MOM:0% RANGE:0% UP:0% SPREAD:0.0691085% BID:1.447 ASK:1.448 MID:1.4475 P1:1.4475 P2:1.4475 P3:1.4475 P4:1.4475 STATE:IDLE
[2026-05-04 18:10:21Z] CHK MOM:0% RANGE:0% UP:0% SPREAD:0.0691085% BID:1.447 ASK:1.448 MID:1.4475 P1:1.4475 P2:1.4475 P3:1.4475 P4:1.4475 STATE:IDLE
[2026-05-04 18:10:22Z] CHK MOM:0% RANGE:0% UP:0% SPREAD:0.0691085% BID:1.447 ASK:1.448 MID:1.4475 P1:1.4475 P2:1.4475 P3:1.4475 P4:1.4475 STATE:IDLE
[2026-05-04 18:10:22Z] CHK MOM:0% RANGE:0% UP:0% SPREAD:0.0691085% BID:1.447 ASK:1.448 MID:1.4475 P1:1.4475 P2:1.4475 P3:1.4475 P4:1.4475 STATE:IDLE
[2026-05-04 18:10:23Z] CHK MOM:0% RANGE:0% UP:0% SPREAD:0.0691085% BID:1.447 ASK:1.448 MID:1.4475 P1:1.4475 P2:1.4475 P3:1.4475 P4:1.4475 STATE:IDLE
[2026-05-04 18:10:23Z] CHK MOM:0% RANGE:0% UP:0% SPREAD:0.0691085% BID:1.447 ASK:1.448 MID:1.4475 P1:1.4475 P2:1.4475 P3:1.4475 P4:1.4475 STATE:IDLE
[2026-05-04 18:10:24Z] CHK MOM:0% RANGE:0% UP:0% SPREAD:0.0691085% BID:1.447 ASK:1.448 MID:1.4475 P1:1.4475 P2:1.4475 P3:1.4475 P4:1.4475 STATE:IDLE
[2026-05-04 18:10:24Z] CHK MOM:0% RANGE:0% UP:0% SPREAD:0.0691085% BID:1.447 ASK:1.448 MID:1.4475 P1:1.4475 P2:1.4475 P3:1.4475 P4:1.4475 STATE:IDLE
[2026-05-04 18:10:25Z] CHK MOM:0% RANGE:0% UP:0% SPREAD:0.0691085% BID:1.447 ASK:1.448 MID:1.4475 P1:1.4475 P2:1.4475 P3:1.4475 P4:1.4475 STATE:IDLE
[2026-05-04 18:10:25Z] CHK MOM:0% RANGE:0% UP:0% SPREAD:0.0691085% BID:1.447 ASK:1.448 MID:1.4475 P1:1.4475 P2:1.4475 P3:1.4475 P4:1.4475 STATE:IDLE
[2026-05-04 18:10:26Z] CHK MOM:0% RANGE:0% UP:0% SPREAD:0.0691085% BID:1.447 ASK:1.448 MID:1.4475 P1:1.4475 P2:1.4475 P3:1.4475 P4:1.4475 STATE:IDLE
[2026-05-04 18:10:27Z] CHK MOM:0% RANGE:0% UP:0% SPREAD:0.0691085% BID:1.447 ASK:1.448 MID:1.4475 P1:1.4475 P2:1.4475 P3:1.4475 P4:1.4475 STATE:IDLE
[2026-05-04 18:10:28Z] CHK MOM:-0.06% RANGE:0.06% UP:0% SPREAD:0.06915629% BID:1.446 ASK:1.447 MID:1.4465 P1:1.4465 P2:1.4475 P3:1.4475 P4:1.4475 STATE:IDLE
[2026-05-04 18:10:28Z] CHK MOM:-0.06% RANGE:0.06% UP:0% SPREAD:0.06915629% BID:1.446 ASK:1.447 MID:1.4465 P1:1.4465 P2:1.4465 P3:1.4475 P4:1.4475 STATE:IDLE
[2026-05-04 18:10:29Z] CHK MOM:-0.06% RANGE:0.06% UP:0% SPREAD:0.06915629% BID:1.446 ASK:1.447 MID:1.4465 P1:1.4465 P2:1.4465 P3:1.4475 P4:1.4475 STATE:IDLE
[2026-05-04 18:10:29Z] CHK MOM:-0.06% RANGE:0.06% UP:0% SPREAD:0.06915629% BID:1.446 ASK:1.447 MID:1.4465 P1:1.4465 P2:1.4465 P3:1.4465 P4:1.4475 STATE:IDLE
[2026-05-04 18:10:30Z] CHK MOM:-0.06% RANGE:0.06% UP:0% SPREAD:0.06915629% BID:1.446 ASK:1.447 MID:1.4465 P1:1.4465 P2:1.4465 P3:1.4465 P4:1.4465 STATE:IDLE
[2026-05-04 18:10:30Z] CHK MOM:-0.06% RANGE:0.06% UP:0% SPREAD:0.06915629% BID:1.446 ASK:1.447 MID:1.4465 P1:1.4465 P2:1.4465 P3:1.4465 P4:1.4465 STATE:IDLE
[2026-05-04 18:10:31Z] CHK MOM:-0.06% RANGE:0.06% UP:0% SPREAD:0.06915629% BID:1.446 ASK:1.447 MID:1.4465 P1:1.4465 P2:1.4465 P3:1.4465 P4:1.4465 STATE:IDLE
[2026-05-04 18:10:31Z] CHK MOM:-0.06% RANGE:0.06% UP:0% SPREAD:0.06915629% BID:1.446 ASK:1.447 MID:1.4465 P1:1.4465 P2:1.4465 P3:1.4465 P4:1.4465 STATE:IDLE
[2026-05-04 18:10:32Z] CHK MOM:-0.06% RANGE:0.06% UP:0% SPREAD:0.06915629% BID:1.446 ASK:1.447 MID:1.4465 P1:1.4465 P2:1.4465 P3:1.4465 P4:1.4465 STATE:IDLE
[2026-05-04 18:10:33Z] CHK MOM:-0.06% RANGE:0.06% UP:0% SPREAD:0.06915629% BID:1.446 ASK:1.447 MID:1.4465 P1:1.4465 P2:1.4465 P3:1.4465 P4:1.4465 STATE:IDLE
[2026-05-04 18:10:33Z] CHK MOM:-0.06% RANGE:0.06% UP:0% SPREAD:0.06915629% BID:1.446 ASK:1.447 MID:1.4465 P1:1.4465 P2:1.4465 P3:1.4465 P4:1.4465 STATE:IDLE
[2026-05-04 18:10:34Z] CHK MOM:0% RANGE:0% UP:0% SPREAD:0.06915629% BID:1.446 ASK:1.447 MID:1.4465 P1:1.4465 P2:1.4465 P3:1.4465 P4:1.4465 STATE:IDLE
[2026-05-04 18:10:34Z] CHK MOM:0% RANGE:0% UP:0% SPREAD:0.06915629% BID:1.446 ASK:1.447 MID:1.4465 P1:1.4465 P2:1.4465 P3:1.4465 P4:1.4465 STATE:IDLE
[2026-05-04 18:10:35Z] CHK MOM:0% RANGE:0% UP:0% SPREAD:0.06915629% BID:1.446 ASK:1.447 MID:1.4465 P1:1.4465 P2:1.4465 P3:1.4465 P4:1.4465 STATE:IDLE
[2026-05-04 18:10:35Z] CHK MOM:0% RANGE:0% UP:0% SPREAD:0.06915629% BID:1.446 ASK:1.447 MID:1.4465 P1:1.4465 P2:1.4465 P3:1.4465 P4:1.4465 STATE:IDLE
[2026-05-04 18:10:36Z] CHK MOM:0% RANGE:0% UP:0% SPREAD:0.06915629% BID:1.446 ASK:1.447 MID:1.4465 P1:1.4465 P2:1.4465 P3:1.4465 P4:1.4465 STATE:IDLE
[2026-05-04 18:10:36Z] CHK MOM:0% RANGE:0% UP:0% SPREAD:0.06915629% BID:1.446 ASK:1.447 MID:1.4465 P1:1.4465 P2:1.4465 P3:1.4465 P4:1.4465 STATE:IDLE
[2026-05-04 18:10:37Z] CHK MOM:0% RANGE:0% UP:0% SPREAD:0.06915629% BID:1.446 ASK:1.447 MID:1.4465 P1:1.4465 P2:1.4465 P3:1.4465 P4:1.4465 STATE:IDLE
[2026-05-04 18:10:38Z] CHK MOM:0.27% RANGE:0.27% UP:14.28% SPREAD:0.06896551% BID:1.45 ASK:1.451 MID:1.4505 P1:1.4505 P2:1.4465 P3:1.4465 P4:1.4465 STATE:IDLE
[2026-05-04 18:10:39Z] BURST_TRIGGER ret=0.2766% need=0.2759% vel=0.1086%/s eff=1.000 pressure=999.00 drop=0.0000% dt=2.548s
[2026-05-04 18:10:40Z] BUY symbol=TONUSDC qty=6.85 entry=1.451 mode=BURST reason=BURST ret=0.2766% vel=0.1086%/s eff=1.000 pressure=999.00 drop=0.0000% P1=1.4505 P2=1.4465 P3=1.4465 P4=1.4465
[2026-05-04 18:10:40Z] CHK MOM:0.27% RANGE:0.27% UP:16.66% SPREAD:0.06896551% BID:1.45 ASK:1.451 MID:1.4505 P1:1.4505 P2:1.4505 P3:1.4465 P4:1.4465 STATE:IN_POS
[2026-05-04 18:10:40Z] CHK MOM:0.27% RANGE:0.27% UP:16.66% SPREAD:0.06896551% BID:1.45 ASK:1.451 MID:1.4505 P1:1.4505 P2:1.4505 P3:1.4505 P4:1.4465 STATE:IN_POS
[2026-05-04 18:10:41Z] CHK MOM:0.27% RANGE:0.27% UP:14.28% SPREAD:0.06896551% BID:1.45 ASK:1.451 MID:1.4505 P1:1.4505 P2:1.4505 P3:1.4505 P4:1.4505 STATE:IN_POS
[2026-05-04 18:10:41Z] CHK MOM:0.2% RANGE:0.27% UP:12.5% SPREAD:0.06901311% BID:1.449 ASK:1.45 MID:1.4495 P1:1.4495 P2:1.4505 P3:1.4505 P4:1.4505 STATE:IN_POS
[2026-05-04 18:10:42Z] CHK MOM:0.2% RANGE:0.27% UP:11.11% SPREAD:0.06901311% BID:1.449 ASK:1.45 MID:1.4495 P1:1.4495 P2:1.4495 P3:1.4505 P4:1.4505 STATE:IN_POS
[2026-05-04 18:10:42Z] CHK MOM:0.2% RANGE:0.27% UP:11.11% SPREAD:0.06901311% BID:1.449 ASK:1.45 MID:1.4495 P1:1.4495 P2:1.4495 P3:1.4505 P4:1.4505 STATE:IN_POS
[2026-05-04 18:10:43Z] CHK MOM:0.2% RANGE:0.27% UP:11.11% SPREAD:0.06901311% BID:1.449 ASK:1.45 MID:1.4495 P1:1.4495 P2:1.4495 P3:1.4495 P4:1.4505 STATE:IN_POS
[2026-05-04 18:10:43Z] CHK MOM:0.2% RANGE:0.27% UP:11.11% SPREAD:0.06901311% BID:1.449 ASK:1.45 MID:1.4495 P1:1.4495 P2:1.4495 P3:1.4495 P4:1.4505 STATE:IN_POS
[2026-05-04 18:10:44Z] CHK MOM:0.2% RANGE:0.27% UP:11.11% SPREAD:0.06901311% BID:1.449 ASK:1.45 MID:1.4495 P1:1.4495 P2:1.4495 P3:1.4495 P4:1.4505 STATE:IN_POS
[2026-05-04 18:10:44Z] CHK MOM:-0.06% RANGE:0.06% UP:0% SPREAD:0.06901311% BID:1.449 ASK:1.45 MID:1.4495 P1:1.4495 P2:1.4495 P3:1.4495 P4:1.4495 STATE:IN_POS
[2026-05-04 18:10:45Z] CHK MOM:-0.06% RANGE:0.06% UP:0% SPREAD:0.06901311% BID:1.449 ASK:1.45 MID:1.4495 P1:1.4495 P2:1.4495 P3:1.4495 P4:1.4495 STATE:IN_POS
[2026-05-04 18:10:45Z] CHK MOM:-0.06% RANGE:0.06% UP:0% SPREAD:0.06901311% BID:1.449 ASK:1.45 MID:1.4495 P1:1.4495 P2:1.4495 P3:1.4495 P4:1.4495 STATE:IN_POS
[2026-05-04 18:10:46Z] CHK MOM:-0.06% RANGE:0.06% UP:0% SPREAD:0.06901311% BID:1.449 ASK:1.45 MID:1.4495 P1:1.4495 P2:1.4495 P3:1.4495 P4:1.4495 STATE:IN_POS
[2026-05-04 18:10:46Z] CHK MOM:-0.06% RANGE:0.06% UP:0% SPREAD:0.06901311% BID:1.449 ASK:1.45 MID:1.4495 P1:1.4495 P2:1.4495 P3:1.4495 P4:1.4495 STATE:IN_POS
[2026-05-04 18:10:47Z] CHK MOM:-0.06% RANGE:0.06% UP:0% SPREAD:0.06901311% BID:1.449 ASK:1.45 MID:1.4495 P1:1.4495 P2:1.4495 P3:1.4495 P4:1.4495 STATE:IN_POS
[2026-05-04 18:10:47Z] CHK MOM:-0.06% RANGE:0.06% UP:0% SPREAD:0.06901311% BID:1.449 ASK:1.45 MID:1.4495 P1:1.4495 P2:1.4495 P3:1.4495 P4:1.4495 STATE:IN_POS
[2026-05-04 18:10:48Z] CHK MOM:-0.06% RANGE:0.06% UP:0% SPREAD:0.06901311% BID:1.449 ASK:1.45 MID:1.4495 P1:1.4495 P2:1.4495 P3:1.4495 P4:1.4495 STATE:IN_POS
[2026-05-04 18:10:48Z] BURST_HANDOFF age=8.97s ext=0.0000% loss=0.1378% peak=1.45100000 stop=1.43900000 protect=0 trail=0
[2026-05-04 18:10:49Z] CHK MOM:-0.06% RANGE:0.06% UP:0% SPREAD:0.06901311% BID:1.449 ASK:1.45 MID:1.4495 P1:1.4495 P2:1.4495 P3:1.4495 P4:1.4495 STATE:IN_POS
[2026-05-04 18:10:49Z] CHK MOM:-0.06% RANGE:0.06% UP:0% SPREAD:0.06901311% BID:1.449 ASK:1.45 MID:1.4495 P1:1.4495 P2:1.4495 P3:1.4495 P4:1.4495 STATE:IN_POS
[2026-05-04 18:10:50Z] CHK MOM:0% RANGE:0% UP:0% SPREAD:0.06901311% BID:1.449 ASK:1.45 MID:1.4495 P1:1.4495 P2:1.4495 P3:1.4495 P4:1.4495 STATE:IN_POS
[2026-05-04 18:10:50Z] CHK MOM:0% RANGE:0% UP:0% SPREAD:0.06901311% BID:1.449 ASK:1.45 MID:1.4495 P1:1.4495 P2:1.4495 P3:1.4495 P4:1.4495 STATE:IN_POS
[2026-05-04 18:10:51Z] CHK MOM:0% RANGE:0% UP:0% SPREAD:0.06901311% BID:1.449 ASK:1.45 MID:1.4495 P1:1.4495 P2:1.4495 P3:1.4495 P4:1.4495 STATE:IN_POS
[2026-05-04 18:10:51Z] CHK MOM:0% RANGE:0% UP:0% SPREAD:0.06901311% BID:1.449 ASK:1.45 MID:1.4495 P1:1.4495 P2:1.4495 P3:1.4495 P4:1.4495 STATE:IN_POS
[2026-05-04 18:10:52Z] CHK MOM:0% RANGE:0% UP:0% SPREAD:0.06901311% BID:1.449 ASK:1.45 MID:1.4495 P1:1.4495 P2:1.4495 P3:1.4495 P4:1.4495 STATE:IN_POS
[2026-05-04 18:10:52Z] CHK MOM:0% RANGE:0% UP:0% SPREAD:0.06901311% BID:1.449 ASK:1.45 MID:1.4495 P1:1.4495 P2:1.4495 P3:1.4495 P4:1.4495 STATE:IN_POS
[2026-05-04 18:10:56Z] CHK MOM:0% RANGE:0% UP:0% SPREAD:0.06901311% BID:1.449 ASK:1.45 MID:1.4495 P1:1.4495 P2:1.4495 P3:1.4495 P4:1.4495 STATE:IN_POS
[2026-05-04 18:10:57Z] CHK MOM:0% RANGE:0% UP:0% SPREAD:0.06901311% BID:1.449 ASK:1.45 MID:1.4495 P1:1.4495 P2:1.4495 P3:1.4495 P4:1.4495 STATE:IN_POS
[2026-05-04 18:10:57Z] CHK MOM:0% RANGE:0% UP:0% SPREAD:0.06901311% BID:1.449 ASK:1.45 MID:1.4495 P1:1.4495 P2:1.4495 P3:1.4495 P4:1.4495 STATE:IN_POS
[2026-05-04 18:10:58Z] CHK MOM:0% RANGE:0% UP:0% SPREAD:0.06901311% BID:1.449 ASK:1.45 MID:1.4495 P1:1.4495 P2:1.4495 P3:1.4495 P4:1.4495 STATE:IN_POS
[2026-05-04 18:10:58Z] CHK MOM:0% RANGE:0% UP:0% SPREAD:0.06901311% BID:1.449 ASK:1.45 MID:1.4495 P1:1.4495 P2:1.4495 P3:1.4495 P4:1.4495 STATE:IN_POS
[2026-05-04 18:10:59Z] CHK MOM:0% RANGE:0% UP:0% SPREAD:0.06901311% BID:1.449 ASK:1.45 MID:1.4495 P1:1.4495 P2:1.4495 P3:1.4495 P4:1.4495 STATE:IN_POS
[2026-05-04 18:10:59Z] CHK MOM:0% RANGE:0% UP:0% SPREAD:0.06901311% BID:1.449 ASK:1.45 MID:1.4495 P1:1.4495 P2:1.4495 P3:1.4495 P4:1.4495 STATE:IN_POS
[2026-05-04 18:11:00Z] CHK MOM:0% RANGE:0% UP:0% SPREAD:0.06901311% BID:1.449 ASK:1.45 MID:1.4495 P1:1.4495 P2:1.4495 P3:1.4495 P4:1.4495 STATE:IN_POS
[2026-05-04 18:11:00Z] CHK MOM:0% RANGE:0% UP:0% SPREAD:0.06901311% BID:1.449 ASK:1.45 MID:1.4495 P1:1.4495 P2:1.4495 P3:1.4495 P4:1.4495 STATE:IN_POS
[2026-05-04 18:11:01Z] CHK MOM:0% RANGE:0% UP:0% SPREAD:0.06901311% BID:1.449 ASK:1.45 MID:1.4495 P1:1.4495 P2:1.4495 P3:1.4495 P4:1.4495 STATE:IN_POS
[2026-05-04 18:11:02Z] CHK MOM:0% RANGE:0% UP:0% SPREAD:0.06901311% BID:1.449 ASK:1.45 MID:1.4495 P1:1.4495 P2:1.4495 P3:1.4495 P4:1.4495 STATE:IN_POS
[2026-05-04 18:11:02Z] CHK MOM:0% RANGE:0% UP:0% SPREAD:0.06901311% BID:1.449 ASK:1.45 MID:1.4495 P1:1.4495 P2:1.4495 P3:1.4495 P4:1.4495 STATE:IN_POS
[2026-05-04 18:11:03Z] CHK MOM:0% RANGE:0% UP:0% SPREAD:0.06901311% BID:1.449 ASK:1.45 MID:1.4495 P1:1.4495 P2:1.4495 P3:1.4495 P4:1.4495 STATE:IN_POS
[2026-05-04 18:11:03Z] CHK MOM:0% RANGE:0% UP:0% SPREAD:0.06901311% BID:1.449 ASK:1.45 MID:1.4495 P1:1.4495 P2:1.4495 P3:1.4495 P4:1.4495 STATE:IN_POS
[2026-05-04 18:11:04Z] CHK MOM:0% RANGE:0% UP:0% SPREAD:0.06901311% BID:1.449 ASK:1.45 MID:1.4495 P1:1.4495 P2:1.4495 P3:1.4495 P4:1.4495 STATE:IN_POS
[2026-05-04 18:11:04Z] CHK MOM:0% RANGE:0% UP:0% SPREAD:0.06901311% BID:1.449 ASK:1.45 MID:1.4495 P1:1.4495 P2:1.4495 P3:1.4495 P4:1.4495 STATE:IN_POS
[2026-05-04 18:11:09Z] CHK MOM:0% RANGE:0% UP:0% SPREAD:0.06901311% BID:1.449 ASK:1.45 MID:1.4495 P1:1.4495 P2:1.4495 P3:1.4495 P4:1.4495 STATE:IN_POS
[2026-05-04 18:11:10Z] CHK MOM:-0.06% RANGE:0.06% UP:0% SPREAD:0.06906077% BID:1.448 ASK:1.449 MID:1.4485 P1:1.4485 P2:1.4495 P3:1.4495 P4:1.4495 STATE:IN_POS
[2026-05-04 18:11:11Z] CHK MOM:-0.06% RANGE:0.06% UP:0% SPREAD:0.06906077% BID:1.448 ASK:1.449 MID:1.4485 P1:1.4485 P2:1.4485 P3:1.4495 P4:1.4495 STATE:IN_POS
[2026-05-04 18:11:11Z] CHK MOM:-0.06% RANGE:0.06% UP:0% SPREAD:0.06906077% BID:1.448 ASK:1.449 MID:1.4485 P1:1.4485 P2:1.4485 P3:1.4495 P4:1.4495 STATE:IN_POS
[2026-05-04 18:11:12Z] CHK MOM:-0.13% RANGE:0.13% UP:0% SPREAD:0.0691085% BID:1.447 ASK:1.448 MID:1.4475 P1:1.4475 P2:1.4485 P3:1.4485 P4:1.4495 STATE:IN_POS
[2026-05-04 18:11:12Z] CHK MOM:-0.13% RANGE:0.13% UP:0% SPREAD:0.0691085% BID:1.447 ASK:1.448 MID:1.4475 P1:1.4475 P2:1.4485 P3:1.4485 P4:1.4495 STATE:IN_POS
[2026-05-04 18:11:13Z] CHK MOM:-0.06% RANGE:0.13% UP:25% SPREAD:0.06906077% BID:1.448 ASK:1.449 MID:1.4485 P1:1.4485 P2:1.4475 P3:1.4485 P4:1.4485 STATE:IN_POS
[2026-05-04 18:11:13Z] CHK MOM:-0.06% RANGE:0.13% UP:25% SPREAD:0.06906077% BID:1.448 ASK:1.449 MID:1.4485 P1:1.4485 P2:1.4475 P3:1.4485 P4:1.4485 STATE:IN_POS
[2026-05-04 18:11:14Z] CHK MOM:-0.06% RANGE:0.13% UP:25% SPREAD:0.06906077% BID:1.448 ASK:1.449 MID:1.4485 P1:1.4485 P2:1.4475 P3:1.4485 P4:1.4485 STATE:IN_POS
[2026-05-04 18:11:15Z] CHK MOM:-0.06% RANGE:0.13% UP:20% SPREAD:0.06906077% BID:1.448 ASK:1.449 MID:1.4485 P1:1.4485 P2:1.4485 P3:1.4475 P4:1.4485 STATE:IN_POS
[2026-05-04 18:11:15Z] CHK MOM:-0.06% RANGE:0.13% UP:16.66% SPREAD:0.06906077% BID:1.448 ASK:1.449 MID:1.4485 P1:1.4485 P2:1.4485 P3:1.4485 P4:1.4475 STATE:IN_POS
[2026-05-04 18:11:16Z] CHK MOM:-0.06% RANGE:0.13% UP:16.66% SPREAD:0.06906077% BID:1.448 ASK:1.449 MID:1.4485 P1:1.4485 P2:1.4485 P3:1.4485 P4:1.4475 STATE:IN_POS
[2026-05-04 18:11:16Z] CHK MOM:-0.06% RANGE:0.13% UP:16.66% SPREAD:0.06906077% BID:1.448 ASK:1.449 MID:1.4485 P1:1.4485 P2:1.4485 P3:1.4485 P4:1.4475 STATE:IN_POS
[2026-05-04 18:11:17Z] CHK MOM:-0.06% RANGE:0.13% UP:16.66% SPREAD:0.06906077% BID:1.448 ASK:1.449 MID:1.4485 P1:1.4485 P2:1.4485 P3:1.4485 P4:1.4475 STATE:IN_POS
[2026-05-04 18:11:17Z] CHK MOM:-0.06% RANGE:0.13% UP:16.66% SPREAD:0.06906077% BID:1.448 ASK:1.449 MID:1.4485 P1:1.4485 P2:1.4485 P3:1.4485 P4:1.4475 STATE:IN_POS
[2026-05-04 18:11:18Z] CHK MOM:-0.06% RANGE:0.13% UP:16.66% SPREAD:0.06906077% BID:1.448 ASK:1.449 MID:1.4485 P1:1.4485 P2:1.4485 P3:1.4485 P4:1.4475 STATE:IN_POS
[2026-05-04 18:11:18Z] CHK MOM:0% RANGE:0.06% UP:20% SPREAD:0.06906077% BID:1.448 ASK:1.449 MID:1.4485 P1:1.4485 P2:1.4485 P3:1.4485 P4:1.4485 STATE:IN_POS
[2026-05-04 18:11:19Z] CHK MOM:0.06% RANGE:0.13% UP:33.33% SPREAD:0.06901311% BID:1.449 ASK:1.45 MID:1.4495 P1:1.4495 P2:1.4485 P3:1.4485 P4:1.4485 STATE:IN_POS
[2026-05-04 18:11:20Z] CHK MOM:0.13% RANGE:0.13% UP:33.33% SPREAD:0.06901311% BID:1.449 ASK:1.45 MID:1.4495 P1:1.4495 P2:1.4495 P3:1.4485 P4:1.4485 STATE:IN_POS
[2026-05-04 18:11:20Z] CHK MOM:0.06% RANGE:0.06% UP:16.66% SPREAD:0.06901311% BID:1.449 ASK:1.45 MID:1.4495 P1:1.4495 P2:1.4495 P3:1.4495 P4:1.4485 STATE:IN_POS
[2026-05-04 18:11:21Z] CHK MOM:0% RANGE:0.06% UP:16.66% SPREAD:0.06906077% BID:1.448 ASK:1.449 MID:1.4485 P1:1.4485 P2:1.4495 P3:1.4495 P4:1.4495 STATE:IN_POS
[2026-05-04 18:11:21Z] CHK MOM:0% RANGE:0.06% UP:14.28% SPREAD:0.06906077% BID:1.448 ASK:1.449 MID:1.4485 P1:1.4485 P2:1.4485 P3:1.4495 P4:1.4495 STATE:IN_POS
[2026-05-04 18:11:22Z] CHK MOM:0% RANGE:0.06% UP:12.5% SPREAD:0.06906077% BID:1.448 ASK:1.449 MID:1.4485 P1:1.4485 P2:1.4485 P3:1.4485 P4:1.4495 STATE:IN_POS
[2026-05-04 18:11:22Z] CHK MOM:0% RANGE:0.06% UP:11.11% SPREAD:0.06906077% BID:1.448 ASK:1.449 MID:1.4485 P1:1.4485 P2:1.4485 P3:1.4485 P4:1.4485 STATE:IN_POS
[2026-05-04 18:11:23Z] CHK MOM:0% RANGE:0.06% UP:10% SPREAD:0.06906077% BID:1.448 ASK:1.449 MID:1.4485 P1:1.4485 P2:1.4485 P3:1.4485 P4:1.4485 STATE:IN_POS
[2026-05-04 18:11:23Z] CHK MOM:0% RANGE:0.06% UP:10% SPREAD:0.06906077% BID:1.448 ASK:1.449 MID:1.4485 P1:1.4485 P2:1.4485 P3:1.4485 P4:1.4485 STATE:IN_POS
[2026-05-04 18:11:24Z] CHK MOM:0% RANGE:0.06% UP:10% SPREAD:0.06906077% BID:1.448 ASK:1.449 MID:1.4485 P1:1.4485 P2:1.4485 P3:1.4485 P4:1.4485 STATE:IN_POS
[2026-05-04 18:11:24Z] CHK MOM:0% RANGE:0.06% UP:10% SPREAD:0.06906077% BID:1.448 ASK:1.449 MID:1.4485 P1:1.4485 P2:1.4485 P3:1.4485 P4:1.4485 STATE:IN_POS
[2026-05-04 18:11:26Z] CHK MOM:0% RANGE:0.06% UP:11.11% SPREAD:0.06906077% BID:1.448 ASK:1.449 MID:1.4485 P1:1.4485 P2:1.4485 P3:1.4485 P4:1.4485 STATE:IN_POS
[2026-05-04 18:11:27Z] SELL symbol=TONUSDC qty=6.84 exit=1.448 pnl=-0.020520000000000777 reason=PSELL ROLL5 age=46.8s latest=1.44800000 ret5m=0.9053% entry5m=1.0453% delta5m=-0.1400% P1=1.4485000000000001 P2=1.4485000000000001 P3=1.4485000000000001 P4=1.4485000000000001 entry=1.451 profile=major
[2026-05-04 18:11:58Z] CHK MOM:0.06% RANGE:0.06% UP:50% SPREAD:0.06906077% BID:1.448 ASK:1.449 MID:1.4485 P1:1.4485 P2:1.448 P3:1.4475 P4:1.4475 STATE:IDLE
[2026-05-04 18:11:58Z] CHK MOM:0.06% RANGE:0.06% UP:50% SPREAD:0.06906077% BID:1.448 ASK:1.449 MID:1.4485 P1:1.4485 P2:1.448 P3:1.4475 P4:1.4475 STATE:IDLE
[2026-05-04 18:11:59Z] CHK MOM:0.06% RANGE:0.06% UP:50% SPREAD:0.06906077% BID:1.448 ASK:1.449 MID:1.4485 P1:1.4485 P2:1.448 P3:1.4475 P4:1.4475 STATE:IDLE
[2026-05-04 18:11:59Z] CHK MOM:0.06% RANGE:0.06% UP:50% SPREAD:0.06906077% BID:1.448 ASK:1.449 MID:1.4485 P1:1.4485 P2:1.448 P3:1.4475 P4:1.4475 STATE:IDLE
[2026-05-04 18:12:00Z] CHK MOM:0.06% RANGE:0.06% UP:50% SPREAD:0.06906077% BID:1.448 ASK:1.449 MID:1.4485 P1:1.4485 P2:1.448 P3:1.4475 P4:1.4475 STATE:IDLE
[2026-05-04 18:12:00Z] CHK MOM:0% RANGE:0.06% UP:66.66% SPREAD:0.0691085% BID:1.447 ASK:1.448 MID:1.4475 P1:1.4475 P2:1.4485 P3:1.448 P4:1.4475 STATE:IDLE
[2026-05-04 18:12:01Z] CHK MOM:0% RANGE:0.06% UP:50% SPREAD:0.0691085% BID:1.447 ASK:1.448 MID:1.4475 P1:1.4475 P2:1.4475 P3:1.4485 P4:1.448 STATE:IDLE
[2026-05-04 18:12:01Z] CHK MOM:0% RANGE:0.06% UP:50% SPREAD:0.0691085% BID:1.447 ASK:1.448 MID:1.4475 P1:1.4475 P2:1.4475 P3:1.4485 P4:1.448 STATE:IDLE
[2026-05-04 18:12:02Z] CHK MOM:-0.03% RANGE:0.06% UP:25% SPREAD:0.0691085% BID:1.447 ASK:1.448 MID:1.4475 P1:1.4475 P2:1.4475 P3:1.4475 P4:1.4485 STATE:IDLE
[2026-05-04 18:12:02Z] CHK MOM:-0.03% RANGE:0.06% UP:20% SPREAD:0.0691085% BID:1.447 ASK:1.448 MID:1.4475 P1:1.4475 P2:1.4475 P3:1.4475 P4:1.4475 STATE:IDLE
[2026-05-04 18:12:03Z] CHK MOM:-0.03% RANGE:0.06% UP:20% SPREAD:0.0691085% BID:1.447 ASK:1.448 MID:1.4475 P1:1.4475 P2:1.4475 P3:1.4475 P4:1.4475 STATE:IDLE
[2026-05-04 18:12:04Z] CHK MOM:-0.03% RANGE:0.06% UP:20% SPREAD:0.0691085% BID:1.447 ASK:1.448 MID:1.4475 P1:1.4475 P2:1.4475 P3:1.4475 P4:1.4475 STATE:IDLE
[2026-05-04 18:12:04Z] CHK MOM:-0.03% RANGE:0.06% UP:20% SPREAD:0.0691085% BID:1.447 ASK:1.448 MID:1.4475 P1:1.4475 P2:1.4475 P3:1.4475 P4:1.4475 STATE:IDLE
[2026-05-04 18:12:05Z] CHK MOM:-0.06% RANGE:0.06% UP:0% SPREAD:0.0691085% BID:1.447 ASK:1.448 MID:1.4475 P1:1.4475 P2:1.4475 P3:1.4475 P4:1.4475 STATE:IDLE
[2026-05-04 18:12:05Z] CHK MOM:-0.06% RANGE:0.06% UP:0% SPREAD:0.0691085% BID:1.447 ASK:1.448 MID:1.4475 P1:1.4475 P2:1.4475 P3:1.4475 P4:1.4475 STATE:IDLE
[2026-05-04 18:12:06Z] CHK MOM:-0.06% RANGE:0.06% UP:0% SPREAD:0.0691085% BID:1.447 ASK:1.448 MID:1.4475 P1:1.4475 P2:1.4475 P3:1.4475 P4:1.4475 STATE:IDLE
[2026-05-04 18:12:06Z] CHK MOM:-0.06% RANGE:0.06% UP:0% SPREAD:0.0691085% BID:1.447 ASK:1.448 MID:1.4475 P1:1.4475 P2:1.4475 P3:1.4475 P4:1.4475 STATE:IDLE
[2026-05-04 18:12:07Z] CHK MOM:-0.06% RANGE:0.06% UP:0% SPREAD:0.0691085% BID:1.447 ASK:1.448 MID:1.4475 P1:1.4475 P2:1.4475 P3:1.4475 P4:1.4475 STATE:IDLE
[2026-05-04 18:12:07Z] CHK MOM:0% RANGE:0% UP:0% SPREAD:0.0691085% BID:1.447 ASK:1.448 MID:1.4475 P1:1.4475 P2:1.4475 P3:1.4475 P4:1.4475 STATE:IDLE
[2026-05-04 18:12:08Z] CHK MOM:-0.06% RANGE:0.06% UP:0% SPREAD:0.06915629% BID:1.446 ASK:1.447 MID:1.4465 P1:1.4465 P2:1.4475 P3:1.4475 P4:1.4475 STATE:IDLE
[2026-05-04 18:12:09Z] CHK MOM:-0.06% RANGE:0.06% UP:0% SPREAD:0.06915629% BID:1.446 ASK:1.447 MID:1.4465 P1:1.4465 P2:1.4465 P3:1.4475 P4:1.4475 STATE:IDLE
[2026-05-04 18:12:09Z] CHK MOM:-0.06% RANGE:0.06% UP:0% SPREAD:0.06915629% BID:1.446 ASK:1.447 MID:1.4465 P1:1.4465 P2:1.4465 P3:1.4465 P4:1.4475 STATE:IDLE
[2026-05-04 18:12:10Z] CHK MOM:-0.06% RANGE:0.06% UP:0% SPREAD:0.06915629% BID:1.446 ASK:1.447 MID:1.4465 P1:1.4465 P2:1.4465 P3:1.4465 P4:1.4475 STATE:IDLE
[2026-05-04 18:12:10Z] CHK MOM:-0.06% RANGE:0.06% UP:0% SPREAD:0.06915629% BID:1.446 ASK:1.447 MID:1.4465 P1:1.4465 P2:1.4465 P3:1.4465 P4:1.4465 STATE:IDLE
[2026-05-04 18:12:11Z] CHK MOM:-0.06% RANGE:0.06% UP:0% SPREAD:0.06915629% BID:1.446 ASK:1.447 MID:1.4465 P1:1.4465 P2:1.4465 P3:1.4465 P4:1.4465 STATE:IDLE
[2026-05-04 18:12:11Z] CHK MOM:-0.06% RANGE:0.06% UP:0% SPREAD:0.06915629% BID:1.446 ASK:1.447 MID:1.4465 P1:1.4465 P2:1.4465 P3:1.4465 P4:1.4465 STATE:IDLE
[2026-05-04 18:12:12Z] CHK MOM:-0.06% RANGE:0.06% UP:0% SPREAD:0.06915629% BID:1.446 ASK:1.447 MID:1.4465 P1:1.4465 P2:1.4465 P3:1.4465 P4:1.4465 STATE:IDLE
[2026-05-04 18:12:12Z] CHK MOM:-0.06% RANGE:0.06% UP:0% SPREAD:0.06915629% BID:1.446 ASK:1.447 MID:1.4465 P1:1.4465 P2:1.4465 P3:1.4465 P4:1.4465 STATE:IDLE
[2026-05-04 18:12:13Z] CHK MOM:-0.06% RANGE:0.06% UP:0% SPREAD:0.06915629% BID:1.446 ASK:1.447 MID:1.4465 P1:1.4465 P2:1.4465 P3:1.4465 P4:1.4465 STATE:IDLE
[2026-05-04 18:12:13Z] CHK MOM:-0.06% RANGE:0.06% UP:0% SPREAD:0.06915629% BID:1.446 ASK:1.447 MID:1.4465 P1:1.4465 P2:1.4465 P3:1.4465 P4:1.4465 STATE:IDLE
[2026-05-04 18:12:14Z] CHK MOM:-0.06% RANGE:0.06% UP:0% SPREAD:0.06915629% BID:1.446 ASK:1.447 MID:1.4465 P1:1.4465 P2:1.4465 P3:1.4465 P4:1.4465 STATE:IDLE
[2026-05-04 18:12:15Z] CHK MOM:-0.06% RANGE:0.06% UP:0% SPREAD:0.06915629% BID:1.446 ASK:1.447 MID:1.4465 P1:1.4465 P2:1.4465 P3:1.4465 P4:1.4465 STATE:IDLE
[2026-05-04 18:12:15Z] CHK MOM:-0.06% RANGE:0.06% UP:0% SPREAD:0.06915629% BID:1.446 ASK:1.447 MID:1.4465 P1:1.4465 P2:1.4465 P3:1.4465 P4:1.4465 STATE:IDLE
[2026-05-04 18:12:16Z] CHK MOM:-0.06% RANGE:0.06% UP:0% SPREAD:0.06915629% BID:1.446 ASK:1.447 MID:1.4465 P1:1.4465 P2:1.4465 P3:1.4465 P4:1.4465 STATE:IDLE
[2026-05-04 18:12:16Z] CHK MOM:-0.06% RANGE:0.06% UP:0% SPREAD:0.06915629% BID:1.446 ASK:1.447 MID:1.4465 P1:1.4465 P2:1.4465 P3:1.4465 P4:1.4465 STATE:IDLE
[2026-05-04 18:12:17Z] CHK MOM:0% RANGE:0% UP:0% SPREAD:0.06915629% BID:1.446 ASK:1.447 MID:1.4465 P1:1.4465 P2:1.4465 P3:1.4465 P4:1.4465 STATE:IDLE
[2026-05-04 18:12:17Z] CHK MOM:0% RANGE:0% UP:0% SPREAD:0.06915629% BID:1.446 ASK:1.447 MID:1.4465 P1:1.4465 P2:1.4465 P3:1.4465 P4:1.4465 STATE:IDLE
[2026-05-04 18:12:18Z] CHK MOM:0% RANGE:0% UP:0% SPREAD:0.06915629% BID:1.446 ASK:1.447 MID:1.4465 P1:1.4465 P2:1.4465 P3:1.4465 P4:1.4465 STATE:IDLE
[2026-05-04 18:12:18Z] CHK MOM:0% RANGE:0% UP:0% SPREAD:0.06915629% BID:1.446 ASK:1.447 MID:1.4465 P1:1.4465 P2:1.4465 P3:1.4465 P4:1.4465 STATE:IDLE
[2026-05-04 18:12:19Z] CHK MOM:-0.06% RANGE:0.06% UP:0% SPREAD:0.06920415% BID:1.445 ASK:1.446 MID:1.4455 P1:1.4455 P2:1.4465 P3:1.4465 P4:1.4465 STATE:IDLE
[2026-05-04 18:12:20Z] CHK MOM:-0.06% RANGE:0.06% UP:0% SPREAD:0.06920415% BID:1.445 ASK:1.446 MID:1.4455 P1:1.4455 P2:1.4465 P3:1.4465 P4:1.4465 STATE:IDLE
[2026-05-04 18:12:20Z] CHK MOM:-0.06% RANGE:0.06% UP:0% SPREAD:0.06920415% BID:1.445 ASK:1.446 MID:1.4455 P1:1.4455 P2:1.4465 P3:1.4465 P4:1.4465 STATE:IDLE
[2026-05-04 18:12:21Z] CHK MOM:-0.06% RANGE:0.06% UP:0% SPREAD:0.06920415% BID:1.445 ASK:1.446 MID:1.4455 P1:1.4455 P2:1.4465 P3:1.4465 P4:1.4465 STATE:IDLE
[2026-05-04 18:12:21Z] CHK MOM:-0.06% RANGE:0.06% UP:0% SPREAD:0.06920415% BID:1.445 ASK:1.446 MID:1.4455 P1:1.4455 P2:1.4465 P3:1.4465 P4:1.4465 STATE:IDLE
[2026-05-04 18:12:22Z] CHK MOM:-0.06% RANGE:0.06% UP:0% SPREAD:0.06920415% BID:1.445 ASK:1.446 MID:1.4455 P1:1.4455 P2:1.4455 P3:1.4465 P4:1.4465 STATE:IDLE
[2026-05-04 18:12:23Z] CHK MOM:-0.06% RANGE:0.06% UP:0% SPREAD:0.06920415% BID:1.445 ASK:1.446 MID:1.4455 P1:1.4455 P2:1.4455 P3:1.4465 P4:1.4465 STATE:IDLE
[2026-05-04 18:12:23Z] CHK MOM:-0.06% RANGE:0.06% UP:0% SPREAD:0.06920415% BID:1.445 ASK:1.446 MID:1.4455 P1:1.4455 P2:1.4455 P3:1.4465 P4:1.4465 STATE:IDLE
[2026-05-04 18:12:24Z] CHK MOM:-0.06% RANGE:0.06% UP:0% SPREAD:0.06920415% BID:1.445 ASK:1.446 MID:1.4455 P1:1.4455 P2:1.4455 P3:1.4465 P4:1.4465 STATE:IDLE
[2026-05-04 18:12:24Z] CHK MOM:-0.06% RANGE:0.06% UP:0% SPREAD:0.06920415% BID:1.445 ASK:1.446 MID:1.4455 P1:1.4455 P2:1.4455 P3:1.4465 P4:1.4465 STATE:IDLE
[2026-05-04 18:12:25Z] CHK MOM:-0.13% RANGE:0.13% UP:0% SPREAD:0.06925207% BID:1.444 ASK:1.445 MID:1.4445 P1:1.4445 P2:1.4455 P3:1.4455 P4:1.4465 STATE:IDLE
[2026-05-04 18:12:25Z] CHK MOM:-0.06% RANGE:0.13% UP:25% SPREAD:0.06920415% BID:1.445 ASK:1.446 MID:1.4455 P1:1.4455 P2:1.4445 P3:1.4455 P4:1.4455 STATE:IDLE
[2026-05-04 18:12:26Z] CHK MOM:-0.06% RANGE:0.13% UP:25% SPREAD:0.06920415% BID:1.445 ASK:1.446 MID:1.4455 P1:1.4455 P2:1.4445 P3:1.4455 P4:1.4455 STATE:IDLE
[2026-05-04 18:12:26Z] CHK MOM:-0.06% RANGE:0.13% UP:25% SPREAD:0.06920415% BID:1.445 ASK:1.446 MID:1.4455 P1:1.4455 P2:1.4445 P3:1.4455 P4:1.4455 STATE:IDLE
[2026-05-04 18:12:27Z] CHK MOM:0% RANGE:0.06% UP:33.33% SPREAD:0.06920415% BID:1.445 ASK:1.446 MID:1.4455 P1:1.4455 P2:1.4455 P3:1.4445 P4:1.4455 STATE:IDLE
[2026-05-04 18:12:27Z] CHK MOM:0% RANGE:0.06% UP:33.33% SPREAD:0.06920415% BID:1.445 ASK:1.446 MID:1.4455 P1:1.4455 P2:1.4455 P3:1.4445 P4:1.4455 STATE:IDLE
[2026-05-04 18:12:28Z] CHK MOM:0% RANGE:0.06% UP:33.33% SPREAD:0.06920415% BID:1.445 ASK:1.446 MID:1.4455 P1:1.4455 P2:1.4455 P3:1.4445 P4:1.4455 STATE:IDLE
[2026-05-04 18:12:28Z] CHK MOM:0% RANGE:0.06% UP:33.33% SPREAD:0.06920415% BID:1.445 ASK:1.446 MID:1.4455 P1:1.4455 P2:1.4455 P3:1.4445 P4:1.4455 STATE:IDLE
[2026-05-04 18:12:29Z] CHK MOM:0% RANGE:0.06% UP:33.33% SPREAD:0.06920415% BID:1.445 ASK:1.446 MID:1.4455 P1:1.4455 P2:1.4455 P3:1.4445 P4:1.4455 STATE:IDLE
[2026-05-04 18:12:29Z] CHK MOM:0% RANGE:0.06% UP:33.33% SPREAD:0.06920415% BID:1.445 ASK:1.446 MID:1.4455 P1:1.4455 P2:1.4455 P3:1.4445 P4:1.4455 STATE:IDLE
[2026-05-04 18:12:36Z] CHK MOM:0% RANGE:0% UP:0% SPREAD:0.06920415% BID:1.445 ASK:1.446 MID:1.4455 P1:1.4455 P2:1.4455 P3:1.4455 P4:1.4445 STATE:IDLE
[2026-05-04 18:12:36Z] CHK MOM:0% RANGE:0% UP:0% SPREAD:0.06920415% BID:1.445 ASK:1.446 MID:1.4455 P1:1.4455 P2:1.4455 P3:1.4455 P4:1.4445 STATE:IDLE
[2026-05-04 18:12:37Z] CHK MOM:0% RANGE:0% UP:0% SPREAD:0.06920415% BID:1.445 ASK:1.446 MID:1.4455 P1:1.4455 P2:1.4455 P3:1.4455 P4:1.4445 STATE:IDLE
[2026-05-04 18:12:37Z] CHK MOM:0% RANGE:0% UP:0% SPREAD:0.06920415% BID:1.445 ASK:1.446 MID:1.4455 P1:1.4455 P2:1.4455 P3:1.4455 P4:1.4445 STATE:IDLE
[2026-05-04 18:12:38Z] CHK MOM:0% RANGE:0% UP:0% SPREAD:0.06920415% BID:1.445 ASK:1.446 MID:1.4455 P1:1.4455 P2:1.4455 P3:1.4455 P4:1.4445 STATE:IDLE
[2026-05-04 18:12:43Z] CHK MOM:0% RANGE:0% UP:0% SPREAD:0.06920415% BID:1.445 ASK:1.446 MID:1.4455 P1:1.4455 P2:1.4455 P3:1.4455 P4:1.4455 STATE:IDLE
[2026-05-04 18:12:44Z] CHK MOM:0% RANGE:0% UP:0% SPREAD:0.06920415% BID:1.445 ASK:1.446 MID:1.4455 P1:1.4455 P2:1.4455 P3:1.4455 P4:1.4455 STATE:IDLE
[2026-05-04 18:12:44Z] CHK MOM:0% RANGE:0% UP:0% SPREAD:0.06920415% BID:1.445 ASK:1.446 MID:1.4455 P1:1.4455 P2:1.4455 P3:1.4455 P4:1.4455 STATE:IDLE
[2026-05-04 18:12:45Z] CHK MOM:0% RANGE:0% UP:0% SPREAD:0.06920415% BID:1.445 ASK:1.446 MID:1.4455 P1:1.4455 P2:1.4455 P3:1.4455 P4:1.4455 STATE:IDLE
[2026-05-04 18:12:45Z] CHK MOM:0% RANGE:0% UP:0% SPREAD:0.06920415% BID:1.445 ASK:1.446 MID:1.4455 P1:1.4455 P2:1.4455 P3:1.4455 P4:1.4455 STATE:IDLE
[2026-05-04 18:12:46Z] CHK MOM:0% RANGE:0% UP:0% SPREAD:0.06920415% BID:1.445 ASK:1.446 MID:1.4455 P1:1.4455 P2:1.4455 P3:1.4455 P4:1.4455 STATE:IDLE
[2026-05-04 18:12:46Z] CHK MOM:0% RANGE:0% UP:0% SPREAD:0.06920415% BID:1.445 ASK:1.446 MID:1.4455 P1:1.4455 P2:1.4455 P3:1.4455 P4:1.4455 STATE:IDLE
[2026-05-04 18:12:47Z] CHK MOM:0% RANGE:0% UP:0% SPREAD:0.06920415% BID:1.445 ASK:1.446 MID:1.4455 P1:1.4455 P2:1.4455 P3:1.4455 P4:1.4455 STATE:IDLE
[2026-05-04 18:12:48Z] CHK MOM:0% RANGE:0% UP:0% SPREAD:0.06920415% BID:1.445 ASK:1.446 MID:1.4455 P1:1.4455 P2:1.4455 P3:1.4455 P4:1.4455 STATE:IDLE
[2026-05-04 18:12:49Z] CHK MOM:0% RANGE:0% UP:0% SPREAD:0.06920415% BID:1.445 ASK:1.446 MID:1.4455 P1:1.4455 P2:1.4455 P3:1.4455 P4:1.4455 STATE:IDLE
[2026-05-04 18:12:49Z] CHK MOM:0% RANGE:0% UP:0% SPREAD:0.06920415% BID:1.445 ASK:1.446 MID:1.4455 P1:1.4455 P2:1.4455 P3:1.4455 P4:1.4455 STATE:IDLE
[2026-05-04 18:12:50Z] CHK MOM:0% RANGE:0% UP:0% SPREAD:0.06920415% BID:1.445 ASK:1.446 MID:1.4455 P1:1.4455 P2:1.4455 P3:1.4455 P4:1.4455 STATE:IDLE
[2026-05-04 18:12:50Z] CHK MOM:0% RANGE:0% UP:0% SPREAD:0.06920415% BID:1.445 ASK:1.446 MID:1.4455 P1:1.4455 P2:1.4455 P3:1.4455 P4:1.4455 STATE:IDLE
[2026-05-04 18:12:51Z] CHK MOM:0% RANGE:0% UP:0% SPREAD:0.06920415% BID:1.445 ASK:1.446 MID:1.4455 P1:1.4455 P2:1.4455 P3:1.4455 P4:1.4455 STATE:IDLE
[2026-05-04 18:12:53Z] CHK MOM:0% RANGE:0% UP:0% SPREAD:0.06920415% BID:1.445 ASK:1.446 MID:1.4455 P1:1.4455 P2:1.4455 P3:1.4455 P4:1.4455 STATE:IDLE
[2026-05-04 18:12:54Z] CHK MOM:0% RANGE:0% UP:0% SPREAD:0.06920415% BID:1.445 ASK:1.446 MID:1.4455 P1:1.4455 P2:1.4455 P3:1.4455 P4:1.4455 STATE:IDLE
[2026-05-04 18:12:55Z] CHK MOM:0% RANGE:0% UP:0% SPREAD:0.06920415% BID:1.445 ASK:1.446 MID:1.4455 P1:1.4455 P2:1.4455 P3:1.4455 P4:1.4455 STATE:IDLE
[2026-05-04 18:12:55Z] CHK MOM:0% RANGE:0% UP:0% SPREAD:0.06920415% BID:1.445 ASK:1.446 MID:1.4455 P1:1.4455 P2:1.4455 P3:1.4455 P4:1.4455 STATE:IDLE
[2026-05-04 18:12:56Z] CHK MOM:0% RANGE:0% UP:0% SPREAD:0.06920415% BID:1.445 ASK:1.446 MID:1.4455 P1:1.4455 P2:1.4455 P3:1.4455 P4:1.4455 STATE:IDLE
[2026-05-04 18:12:56Z] CHK MOM:0% RANGE:0% UP:0% SPREAD:0.06920415% BID:1.445 ASK:1.446 MID:1.4455 P1:1.4455 P2:1.4455 P3:1.4455 P4:1.4455 STATE:IDLE
[2026-05-04 18:12:57Z] CHK MOM:0% RANGE:0% UP:0% SPREAD:0.06920415% BID:1.445 ASK:1.446 MID:1.4455 P1:1.4455 P2:1.4455 P3:1.4455 P4:1.4455 STATE:IDLE
[2026-05-04 18:12:57Z] CHK MOM:0% RANGE:0% UP:0% SPREAD:0.06920415% BID:1.445 ASK:1.446 MID:1.4455 P1:1.4455 P2:1.4455 P3:1.4455 P4:1.4455 STATE:IDLE
[2026-05-04 18:12:58Z] CHK MOM:0% RANGE:0% UP:0% SPREAD:0.06920415% BID:1.445 ASK:1.446 MID:1.4455 P1:1.4455 P2:1.4455 P3:1.4455 P4:1.4455 STATE:IDLE
[2026-05-04 18:12:58Z] CHK MOM:0% RANGE:0% UP:0% SPREAD:0.06920415% BID:1.445 ASK:1.446 MID:1.4455 P1:1.4455 P2:1.4455 P3:1.4455 P4:1.4455 STATE:IDLE
[2026-05-04 18:13:01Z] CHK MOM:0% RANGE:0% UP:0% SPREAD:0.06920415% BID:1.445 ASK:1.446 MID:1.4455 P1:1.4455 P2:1.4455 P3:1.4455 P4:1.4455 STATE:IDLE
[2026-05-04 18:13:01Z] CHK MOM:-0.03% RANGE:0.03% UP:0% SPREAD:0.13850415% BID:1.444 ASK:1.446 MID:1.44499999 P1:1.44499999 P2:1.4455 P3:1.4455 P4:1.4455 STATE:IDLE
[2026-05-04 18:13:02Z] CHK MOM:0% RANGE:0.03% UP:33.33% SPREAD:0.06920415% BID:1.445 ASK:1.446 MID:1.4455 P1:1.4455 P2:1.44499999 P3:1.4455 P4:1.4455 STATE:IDLE
[2026-05-04 18:13:02Z] CHK MOM:0% RANGE:0.03% UP:33.33% SPREAD:0.06920415% BID:1.445 ASK:1.446 MID:1.4455 P1:1.4455 P2:1.44499999 P3:1.4455 P4:1.4455 STATE:IDLE
[2026-05-04 18:13:03Z] CHK MOM:0% RANGE:0.03% UP:33.33% SPREAD:0.06920415% BID:1.445 ASK:1.446 MID:1.4455 P1:1.4455 P2:1.44499999 P3:1.4455 P4:1.4455 STATE:IDLE
[2026-05-04 18:13:03Z] CHK MOM:0% RANGE:0.03% UP:33.33% SPREAD:0.06920415% BID:1.445 ASK:1.446 MID:1.4455 P1:1.4455 P2:1.44499999 P3:1.4455 P4:1.4455 STATE:IDLE
[2026-05-04 18:13:04Z] CHK MOM:0% RANGE:0.03% UP:33.33% SPREAD:0.06920415% BID:1.445 ASK:1.446 MID:1.4455 P1:1.4455 P2:1.44499999 P3:1.4455 P4:1.4455 STATE:IDLE
[2026-05-04 18:13:04Z] CHK MOM:0% RANGE:0.03% UP:33.33% SPREAD:0.06920415% BID:1.445 ASK:1.446 MID:1.4455 P1:1.4455 P2:1.44499999 P3:1.4455 P4:1.4455 STATE:IDLE
[2026-05-04 18:13:05Z] CHK MOM:0% RANGE:0.03% UP:33.33% SPREAD:0.06920415% BID:1.445 ASK:1.446 MID:1.4455 P1:1.4455 P2:1.4455 P3:1.44499999 P4:1.4455 STATE:IDLE
[2026-05-04 18:13:05Z] CHK MOM:0% RANGE:0.03% UP:33.33% SPREAD:0.06920415% BID:1.445 ASK:1.446 MID:1.4455 P1:1.4455 P2:1.4455 P3:1.44499999 P4:1.4455 STATE:IDLE
[2026-05-04 18:13:06Z] CHK MOM:0% RANGE:0.03% UP:33.33% SPREAD:0.06920415% BID:1.445 ASK:1.446 MID:1.4455 P1:1.4455 P2:1.4455 P3:1.44499999 P4:1.4455 STATE:IDLE
[2026-05-04 18:13:07Z] CHK MOM:0.06% RANGE:0.1% UP:50% SPREAD:0.06915629% BID:1.446 ASK:1.447 MID:1.4465 P1:1.4465 P2:1.4455 P3:1.4455 P4:1.44499999 STATE:IDLE
[2026-05-04 18:13:07Z] CHK MOM:0.06% RANGE:0.1% UP:50% SPREAD:0.06915629% BID:1.446 ASK:1.447 MID:1.4465 P1:1.4465 P2:1.4455 P3:1.4455 P4:1.44499999 STATE:IDLE
[2026-05-04 18:13:08Z] CHK MOM:0.06% RANGE:0.1% UP:50% SPREAD:0.06915629% BID:1.446 ASK:1.447 MID:1.4465 P1:1.4465 P2:1.4455 P3:1.4455 P4:1.44499999 STATE:IDLE
[2026-05-04 18:13:08Z] CHK MOM:0.06% RANGE:0.1% UP:40% SPREAD:0.06915629% BID:1.446 ASK:1.447 MID:1.4465 P1:1.4465 P2:1.4465 P3:1.4455 P4:1.4455 STATE:IDLE
[2026-05-04 18:13:09Z] CHK MOM:0.06% RANGE:0.1% UP:40% SPREAD:0.06915629% BID:1.446 ASK:1.447 MID:1.4465 P1:1.4465 P2:1.4465 P3:1.4455 P4:1.4455 STATE:IDLE
[2026-05-04 18:13:09Z] CHK MOM:0.06% RANGE:0.1% UP:40% SPREAD:0.06915629% BID:1.446 ASK:1.447 MID:1.4465 P1:1.4465 P2:1.4465 P3:1.4455 P4:1.4455 STATE:IDLE
[2026-05-04 18:13:10Z] CHK MOM:0.06% RANGE:0.1% UP:40% SPREAD:0.06915629% BID:1.446 ASK:1.447 MID:1.4465 P1:1.4465 P2:1.4465 P3:1.4455 P4:1.4455 STATE:IDLE
[2026-05-04 18:13:10Z] CHK MOM:0.06% RANGE:0.1% UP:40% SPREAD:0.06915629% BID:1.446 ASK:1.447 MID:1.4465 P1:1.4465 P2:1.4465 P3:1.4455 P4:1.4455 STATE:IDLE
[2026-05-04 18:13:11Z] CHK MOM:0.06% RANGE:0.1% UP:40% SPREAD:0.06915629% BID:1.446 ASK:1.447 MID:1.4465 P1:1.4465 P2:1.4465 P3:1.4455 P4:1.4455 STATE:IDLE
[2026-05-04 18:13:14Z] CHK MOM:-0.03% RANGE:0.03% UP:0% SPREAD:0.1384083% BID:1.445 ASK:1.447 MID:1.446 P1:1.446 P2:1.4465 P3:1.4465 P4:1.4455 STATE:IDLE
[2026-05-04 18:13:15Z] CHK MOM:-0.03% RANGE:0.03% UP:0% SPREAD:0.1384083% BID:1.445 ASK:1.447 MID:1.446 P1:1.446 P2:1.446 P3:1.4465 P4:1.4465 STATE:IDLE
[2026-05-04 18:13:15Z] CHK MOM:-0.03% RANGE:0.03% UP:0% SPREAD:0.1384083% BID:1.445 ASK:1.447 MID:1.446 P1:1.446 P2:1.446 P3:1.4465 P4:1.4465 STATE:IDLE
[2026-05-04 18:13:16Z] CHK MOM:-0.03% RANGE:0.03% UP:0% SPREAD:0.1384083% BID:1.445 ASK:1.447 MID:1.446 P1:1.446 P2:1.446 P3:1.4465 P4:1.4465 STATE:IDLE
[2026-05-04 18:13:16Z] CHK MOM:0% RANGE:0% UP:0% SPREAD:0.1384083% BID:1.445 ASK:1.447 MID:1.446 P1:1.446 P2:1.446 P3:1.446 P4:1.4465 STATE:IDLE
[2026-05-04 18:13:17Z] CHK MOM:0% RANGE:0% UP:0% SPREAD:0.1384083% BID:1.445 ASK:1.447 MID:1.446 P1:1.446 P2:1.446 P3:1.446 P4:1.446 STATE:IDLE
[2026-05-04 18:13:17Z] CHK MOM:0% RANGE:0% UP:0% SPREAD:0.1384083% BID:1.445 ASK:1.447 MID:1.446 P1:1.446 P2:1.446 P3:1.446 P4:1.446 STATE:IDLE
[2026-05-04 18:13:18Z] CHK MOM:-0.06% RANGE:0.06% UP:0% SPREAD:0.13850415% BID:1.444 ASK:1.446 MID:1.44499999 P1:1.44499999 P2:1.446 P3:1.446 P4:1.446 STATE:IDLE
[2026-05-04 18:13:18Z] CHK MOM:-0.06% RANGE:0.06% UP:0% SPREAD:0.13850415% BID:1.444 ASK:1.446 MID:1.44499999 P1:1.44499999 P2:1.446 P3:1.446 P4:1.446 STATE:IDLE
[2026-05-04 18:13:19Z] CHK MOM:-0.06% RANGE:0.06% UP:0% SPREAD:0.13850415% BID:1.444 ASK:1.446 MID:1.44499999 P1:1.44499999 P2:1.44499999 P3:1.446 P4:1.446 STATE:IDLE
[2026-05-04 18:13:20Z] CHK MOM:-0.06% RANGE:0.06% UP:0% SPREAD:0.13850415% BID:1.444 ASK:1.446 MID:1.44499999 P1:1.44499999 P2:1.44499999 P3:1.446 P4:1.446 STATE:IDLE
[2026-05-04 18:13:20Z] CHK MOM:-0.06% RANGE:0.06% UP:0% SPREAD:0.13850415% BID:1.444 ASK:1.446 MID:1.44499999 P1:1.44499999 P2:1.44499999 P3:1.44499999 P4:1.446 STATE:IDLE
[2026-05-04 18:13:21Z] CHK MOM:-0.06% RANGE:0.06% UP:0% SPREAD:0.13850415% BID:1.444 ASK:1.446 MID:1.44499999 P1:1.44499999 P2:1.44499999 P3:1.44499999 P4:1.446 STATE:IDLE
[2026-05-04 18:13:21Z] CHK MOM:-0.06% RANGE:0.06% UP:0% SPREAD:0.13850415% BID:1.444 ASK:1.446 MID:1.44499999 P1:1.44499999 P2:1.44499999 P3:1.44499999 P4:1.446 STATE:IDLE
[2026-05-04 18:13:22Z] CHK MOM:-0.1% RANGE:0.1% UP:0% SPREAD:0.06925207% BID:1.444 ASK:1.445 MID:1.4445 P1:1.4445 P2:1.44499999 P3:1.44499999 P4:1.44499999 STATE:IDLE
[2026-05-04 18:13:22Z] CHK MOM:-0.1% RANGE:0.1% UP:0% SPREAD:0.06925207% BID:1.444 ASK:1.445 MID:1.4445 P1:1.4445 P2:1.44499999 P3:1.44499999 P4:1.44499999 STATE:IDLE
[2026-05-04 18:13:23Z] CHK MOM:-0.03% RANGE:0.1% UP:14.28% SPREAD:0.06920415% BID:1.445 ASK:1.446 MID:1.4455 P1:1.4455 P2:1.4445 P3:1.44499999 P4:1.44499999 STATE:IDLE
[2026-05-04 18:13:23Z] CHK MOM:-0.03% RANGE:0.1% UP:12.5% SPREAD:0.06920415% BID:1.445 ASK:1.446 MID:1.4455 P1:1.4455 P2:1.4455 P3:1.4445 P4:1.44499999 STATE:IDLE
[2026-05-04 18:13:24Z] CHK MOM:-0.03% RANGE:0.1% UP:11.11% SPREAD:0.06920415% BID:1.445 ASK:1.446 MID:1.4455 P1:1.4455 P2:1.4455 P3:1.4455 P4:1.4445 STATE:IDLE
[2026-05-04 18:13:24Z] CHK MOM:-0.03% RANGE:0.1% UP:10% SPREAD:0.06920415% BID:1.445 ASK:1.446 MID:1.4455 P1:1.4455 P2:1.4455 P3:1.4455 P4:1.4455 STATE:IDLE
[2026-05-04 18:13:25Z] CHK MOM:-0.03% RANGE:0.1% UP:10% SPREAD:0.06920415% BID:1.445 ASK:1.446 MID:1.4455 P1:1.4455 P2:1.4455 P3:1.4455 P4:1.4455 STATE:IDLE
[2026-05-04 18:13:26Z] CHK MOM:0.03% RANGE:0.06% UP:12.5% SPREAD:0.06920415% BID:1.445 ASK:1.446 MID:1.4455 P1:1.4455 P2:1.4455 P3:1.4455 P4:1.4455 STATE:IDLE
[2026-05-04 18:13:26Z] CHK MOM:0.03% RANGE:0.06% UP:12.5% SPREAD:0.06920415% BID:1.445 ASK:1.446 MID:1.4455 P1:1.4455 P2:1.4455 P3:1.4455 P4:1.4455 STATE:IDLE
[2026-05-04 18:13:27Z] CHK MOM:0.03% RANGE:0.06% UP:12.5% SPREAD:0.06920415% BID:1.445 ASK:1.446 MID:1.4455 P1:1.4455 P2:1.4455 P3:1.4455 P4:1.4455 STATE:IDLE
[2026-05-04 18:13:27Z] CHK MOM:0.03% RANGE:0.06% UP:12.5% SPREAD:0.06920415% BID:1.445 ASK:1.446 MID:1.4455 P1:1.4455 P2:1.4455 P3:1.4455 P4:1.4455 STATE:IDLE
[2026-05-04 18:13:28Z] CHK MOM:0.03% RANGE:0.06% UP:12.5% SPREAD:0.06920415% BID:1.445 ASK:1.446 MID:1.4455 P1:1.4455 P2:1.4455 P3:1.4455 P4:1.4455 STATE:IDLE
[2026-05-04 18:13:29Z] CHK MOM:0.06% RANGE:0.06% UP:16.66% SPREAD:0.06920415% BID:1.445 ASK:1.446 MID:1.4455 P1:1.4455 P2:1.4455 P3:1.4455 P4:1.4455 STATE:IDLE
[2026-05-04 18:13:29Z] CHK MOM:0.06% RANGE:0.06% UP:14.28% SPREAD:0.06920415% BID:1.445 ASK:1.446 MID:1.4455 P1:1.4455 P2:1.4455 P3:1.4455 P4:1.4455 STATE:IDLE
[2026-05-04 18:13:30Z] CHK MOM:0.06% RANGE:0.06% UP:12.5% SPREAD:0.06920415% BID:1.445 ASK:1.446 MID:1.4455 P1:1.4455 P2:1.4455 P3:1.4455 P4:1.4455 STATE:IDLE
[2026-05-04 18:13:31Z] CHK MOM:0.06% RANGE:0.06% UP:12.5% SPREAD:0.06920415% BID:1.445 ASK:1.446 MID:1.4455 P1:1.4455 P2:1.4455 P3:1.4455 P4:1.4455 STATE:IDLE
[2026-05-04 18:13:31Z] CHK MOM:0.06% RANGE:0.06% UP:16.66% SPREAD:0.06915629% BID:1.446 ASK:1.447 MID:1.4465 P1:1.4465 P2:1.4455 P3:1.4455 P4:1.4455 STATE:IDLE
[2026-05-04 18:13:32Z] CHK MOM:0.06% RANGE:0.06% UP:16.66% SPREAD:0.06915629% BID:1.446 ASK:1.447 MID:1.4465 P1:1.4465 P2:1.4455 P3:1.4455 P4:1.4455 STATE:IDLE
[2026-05-04 18:13:32Z] CHK MOM:0.06% RANGE:0.06% UP:16.66% SPREAD:0.06915629% BID:1.446 ASK:1.447 MID:1.4465 P1:1.4465 P2:1.4455 P3:1.4455 P4:1.4455 STATE:IDLE
[2026-05-04 18:13:33Z] CHK MOM:0.06% RANGE:0.06% UP:16.66% SPREAD:0.06915629% BID:1.446 ASK:1.447 MID:1.4465 P1:1.4465 P2:1.4455 P3:1.4455 P4:1.4455 STATE:IDLE
[2026-05-04 18:13:33Z] CHK MOM:0.06% RANGE:0.06% UP:20% SPREAD:0.06915629% BID:1.446 ASK:1.447 MID:1.4465 P1:1.4465 P2:1.4465 P3:1.4455 P4:1.4455 STATE:IDLE
[2026-05-04 18:13:34Z] CHK MOM:0.06% RANGE:0.06% UP:20% SPREAD:0.06915629% BID:1.446 ASK:1.447 MID:1.4465 P1:1.4465 P2:1.4465 P3:1.4455 P4:1.4455 STATE:IDLE
[2026-05-04 18:13:34Z] CHK MOM:0.06% RANGE:0.06% UP:20% SPREAD:0.06915629% BID:1.446 ASK:1.447 MID:1.4465 P1:1.4465 P2:1.4465 P3:1.4455 P4:1.4455 STATE:IDLE
[2026-05-04 18:13:35Z] CHK MOM:0.06% RANGE:0.06% UP:20% SPREAD:0.06915629% BID:1.446 ASK:1.447 MID:1.4465 P1:1.4465 P2:1.4465 P3:1.4455 P4:1.4455 STATE:IDLE
[2026-05-04 18:13:35Z] CHK MOM:0.06% RANGE:0.06% UP:20% SPREAD:0.06915629% BID:1.446 ASK:1.447 MID:1.4465 P1:1.4465 P2:1.4465 P3:1.4455 P4:1.4455 STATE:IDLE
[2026-05-04 18:13:36Z] CHK MOM:0.03% RANGE:0.06% UP:20% SPREAD:0.1384083% BID:1.445 ASK:1.447 MID:1.446 P1:1.446 P2:1.4465 P3:1.4465 P4:1.4455 STATE:IDLE
[2026-05-04 18:13:37Z] CHK MOM:0.03% RANGE:0.06% UP:16.66% SPREAD:0.1384083% BID:1.445 ASK:1.447 MID:1.446 P1:1.446 P2:1.446 P3:1.4465 P4:1.4465 STATE:IDLE
[2026-05-04 18:13:37Z] CHK MOM:0.03% RANGE:0.06% UP:16.66% SPREAD:0.1384083% BID:1.445 ASK:1.447 MID:1.446 P1:1.446 P2:1.446 P3:1.446 P4:1.4465 STATE:IDLE
[2026-05-04 18:13:38Z] CHK MOM:0.03% RANGE:0.06% UP:16.66% SPREAD:0.1384083% BID:1.445 ASK:1.447 MID:1.446 P1:1.446 P2:1.446 P3:1.446 P4:1.4465 STATE:IDLE
[2026-05-04 18:13:38Z] CHK MOM:0.03% RANGE:0.06% UP:16.66% SPREAD:0.1384083% BID:1.445 ASK:1.447 MID:1.446 P1:1.446 P2:1.446 P3:1.446 P4:1.4465 STATE:IDLE
[2026-05-04 18:13:39Z] CHK MOM:0.03% RANGE:0.06% UP:16.66% SPREAD:0.1384083% BID:1.445 ASK:1.447 MID:1.446 P1:1.446 P2:1.446 P3:1.446 P4:1.4465 STATE:IDLE
[2026-05-04 18:13:39Z] CHK MOM:0.03% RANGE:0.06% UP:16.66% SPREAD:0.1384083% BID:1.445 ASK:1.447 MID:1.446 P1:1.446 P2:1.446 P3:1.446 P4:1.4465 STATE:IDLE
[2026-05-04 18:13:40Z] CHK MOM:0.03% RANGE:0.06% UP:16.66% SPREAD:0.1384083% BID:1.445 ASK:1.447 MID:1.446 P1:1.446 P2:1.446 P3:1.446 P4:1.4465 STATE:IDLE
[2026-05-04 18:13:46Z] CHK MOM:0% RANGE:0% UP:0% SPREAD:0.1384083% BID:1.445 ASK:1.447 MID:1.446 P1:1.446 P2:1.446 P3:1.446 P4:1.446 STATE:IDLE
[2026-05-04 18:13:46Z] CHK MOM:0% RANGE:0% UP:0% SPREAD:0.1384083% BID:1.445 ASK:1.447 MID:1.446 P1:1.446 P2:1.446 P3:1.446 P4:1.446 STATE:IDLE
[2026-05-04 18:13:47Z] CHK MOM:0% RANGE:0% UP:0% SPREAD:0.1384083% BID:1.445 ASK:1.447 MID:1.446 P1:1.446 P2:1.446 P3:1.446 P4:1.446 STATE:IDLE
[2026-05-04 18:13:47Z] CHK MOM:0% RANGE:0% UP:0% SPREAD:0.1384083% BID:1.445 ASK:1.447 MID:1.446 P1:1.446 P2:1.446 P3:1.446 P4:1.446 STATE:IDLE
[2026-05-04 18:13:48Z] CHK MOM:0% RANGE:0% UP:0% SPREAD:0.1384083% BID:1.445 ASK:1.447 MID:1.446 P1:1.446 P2:1.446 P3:1.446 P4:1.446 STATE:IDLE
[2026-05-04 18:13:48Z] CHK MOM:-0.03% RANGE:0.03% UP:0% SPREAD:0.06920415% BID:1.445 ASK:1.446 MID:1.4455 P1:1.4455 P2:1.446 P3:1.446 P4:1.446 STATE:IDLE
[2026-05-04 18:13:49Z] CHK MOM:-0.03% RANGE:0.03% UP:0% SPREAD:0.06920415% BID:1.445 ASK:1.446 MID:1.4455 P1:1.4455 P2:1.446 P3:1.446 P4:1.446 STATE:IDLE
[2026-05-04 18:13:49Z] CHK MOM:-0.03% RANGE:0.03% UP:0% SPREAD:0.06920415% BID:1.445 ASK:1.446 MID:1.4455 P1:1.4455 P2:1.446 P3:1.446 P4:1.446 STATE:IDLE
[2026-05-04 18:13:50Z] CHK MOM:-0.03% RANGE:0.03% UP:0% SPREAD:0.06920415% BID:1.445 ASK:1.446 MID:1.4455 P1:1.4455 P2:1.446 P3:1.446 P4:1.446 STATE:IDLE
[2026-05-04 18:13:50Z] CHK MOM:-0.03% RANGE:0.03% UP:0% SPREAD:0.06920415% BID:1.445 ASK:1.446 MID:1.4455 P1:1.4455 P2:1.446 P3:1.446 P4:1.446 STATE:IDLE
[2026-05-04 18:13:51Z] CHK MOM:-0.03% RANGE:0.03% UP:0% SPREAD:0.06920415% BID:1.445 ASK:1.446 MID:1.4455 P1:1.4455 P2:1.446 P3:1.446 P4:1.446 STATE:IDLE
[2026-05-04 18:13:52Z] CHK MOM:-0.03% RANGE:0.03% UP:0% SPREAD:0.06920415% BID:1.445 ASK:1.446 MID:1.4455 P1:1.4455 P2:1.4455 P3:1.446 P4:1.446 STATE:IDLE
[2026-05-04 18:13:53Z] CHK MOM:-0.03% RANGE:0.03% UP:0% SPREAD:0.06920415% BID:1.445 ASK:1.446 MID:1.4455 P1:1.4455 P2:1.4455 P3:1.446 P4:1.446 STATE:IDLE
[2026-05-04 18:13:53Z] CHK MOM:-0.1% RANGE:0.1% UP:0% SPREAD:0.06925207% BID:1.444 ASK:1.445 MID:1.4445 P1:1.4445 P2:1.4455 P3:1.4455 P4:1.446 STATE:IDLE
[2026-05-04 18:13:54Z] CHK MOM:-0.1% RANGE:0.1% UP:0% SPREAD:0.06925207% BID:1.444 ASK:1.445 MID:1.4445 P1:1.4445 P2:1.4455 P3:1.4455 P4:1.446 STATE:IDLE
[2026-05-04 18:13:54Z] CHK MOM:-0.1% RANGE:0.1% UP:0% SPREAD:0.06925207% BID:1.444 ASK:1.445 MID:1.4445 P1:1.4445 P2:1.4455 P3:1.4455 P4:1.446 STATE:IDLE
[2026-05-04 18:13:55Z] CHK MOM:-0.1% RANGE:0.1% UP:0% SPREAD:0.06925207% BID:1.444 ASK:1.445 MID:1.4445 P1:1.4445 P2:1.4455 P3:1.4455 P4:1.446 STATE:IDLE
[2026-05-04 18:13:55Z] CHK MOM:-0.06% RANGE:0.06% UP:0% SPREAD:0.06925207% BID:1.444 ASK:1.445 MID:1.4445 P1:1.4445 P2:1.4445 P3:1.4455 P4:1.4455 STATE:IDLE
[2026-05-04 18:13:56Z] CHK MOM:-0.06% RANGE:0.06% UP:0% SPREAD:0.06925207% BID:1.444 ASK:1.445 MID:1.4445 P1:1.4445 P2:1.4445 P3:1.4455 P4:1.4455 STATE:IDLE
[2026-05-04 18:13:57Z] CHK MOM:-0.06% RANGE:0.06% UP:0% SPREAD:0.06925207% BID:1.444 ASK:1.445 MID:1.4445 P1:1.4445 P2:1.4445 P3:1.4455 P4:1.4455 STATE:IDLE
[2026-05-04 18:13:57Z] CHK MOM:-0.06% RANGE:0.06% UP:0% SPREAD:0.06925207% BID:1.444 ASK:1.445 MID:1.4445 P1:1.4445 P2:1.4445 P3:1.4455 P4:1.4455 STATE:IDLE
[2026-05-04 18:13:58Z] CHK MOM:0% RANGE:0.06% UP:33.33% SPREAD:0.06920415% BID:1.445 ASK:1.446 MID:1.4455 P1:1.4455 P2:1.4445 P3:1.4445 P4:1.4455 STATE:IDLE
[2026-05-04 18:13:58Z] CHK MOM:0% RANGE:0.06% UP:25% SPREAD:0.06920415% BID:1.445 ASK:1.446 MID:1.4455 P1:1.4455 P2:1.4455 P3:1.4445 P4:1.4445 STATE:IDLE
[2026-05-04 18:13:59Z] CHK MOM:0% RANGE:0.06% UP:25% SPREAD:0.06920415% BID:1.445 ASK:1.446 MID:1.4455 P1:1.4455 P2:1.4455 P3:1.4445 P4:1.4445 STATE:IDLE
[2026-05-04 18:13:59Z] CHK MOM:0% RANGE:0.06% UP:25% SPREAD:0.06920415% BID:1.445 ASK:1.446 MID:1.4455 P1:1.4455 P2:1.4455 P3:1.4445 P4:1.4445 STATE:IDLE
[2026-05-04 18:14:00Z] CHK MOM:0% RANGE:0.06% UP:25% SPREAD:0.06920415% BID:1.445 ASK:1.446 MID:1.4455 P1:1.4455 P2:1.4455 P3:1.4445 P4:1.4445 STATE:IDLE
[2026-05-04 18:14:00Z] CHK MOM:0% RANGE:0.06% UP:25% SPREAD:0.06925207% BID:1.444 ASK:1.445 MID:1.4445 P1:1.4445 P2:1.4455 P3:1.4455 P4:1.4445 STATE:IDLE
[2026-05-04 18:14:01Z] CHK MOM:0% RANGE:0.06% UP:25% SPREAD:0.06925207% BID:1.444 ASK:1.445 MID:1.4445 P1:1.4445 P2:1.4455 P3:1.4455 P4:1.4445 STATE:IDLE
[2026-05-04 18:14:01Z] CHK MOM:0% RANGE:0.06% UP:20% SPREAD:0.06925207% BID:1.444 ASK:1.445 MID:1.4445 P1:1.4445 P2:1.4445 P3:1.4455 P4:1.4455 STATE:IDLE
[2026-05-04 18:14:02Z] CHK MOM:0% RANGE:0.06% UP:20% SPREAD:0.06925207% BID:1.444 ASK:1.445 MID:1.4445 P1:1.4445 P2:1.4445 P3:1.4445 P4:1.4455 STATE:IDLE
[2026-05-04 18:14:03Z] CHK MOM:0% RANGE:0.06% UP:16.66% SPREAD:0.06925207% BID:1.444 ASK:1.445 MID:1.4445 P1:1.4445 P2:1.4445 P3:1.4445 P4:1.4445 STATE:IDLE
[2026-05-04 18:14:03Z] CHK MOM:0% RANGE:0.06% UP:14.28% SPREAD:0.06925207% BID:1.444 ASK:1.445 MID:1.4445 P1:1.4445 P2:1.4445 P3:1.4445 P4:1.4445 STATE:IDLE
[2026-05-04 18:14:04Z] CHK MOM:0% RANGE:0.06% UP:14.28% SPREAD:0.06925207% BID:1.444 ASK:1.445 MID:1.4445 P1:1.4445 P2:1.4445 P3:1.4445 P4:1.4445 STATE:IDLE
[2026-05-04 18:14:04Z] CHK MOM:0% RANGE:0.06% UP:14.28% SPREAD:0.06925207% BID:1.444 ASK:1.445 MID:1.4445 P1:1.4445 P2:1.4445 P3:1.4445 P4:1.4445 STATE:IDLE
[2026-05-04 18:14:05Z] CHK MOM:0% RANGE:0.06% UP:14.28% SPREAD:0.06925207% BID:1.444 ASK:1.445 MID:1.4445 P1:1.4445 P2:1.4445 P3:1.4445 P4:1.4445 STATE:IDLE
[2026-05-04 18:14:05Z] CHK MOM:-0.06% RANGE:0.06% UP:0% SPREAD:0.06925207% BID:1.444 ASK:1.445 MID:1.4445 P1:1.4445 P2:1.4445 P3:1.4445 P4:1.4445 STATE:IDLE
[2026-05-04 18:14:06Z] CHK MOM:-0.06% RANGE:0.06% UP:0% SPREAD:0.06925207% BID:1.444 ASK:1.445 MID:1.4445 P1:1.4445 P2:1.4445 P3:1.4445 P4:1.4445 STATE:IDLE
[2026-05-04 18:14:06Z] CHK MOM:-0.06% RANGE:0.06% UP:0% SPREAD:0.06925207% BID:1.444 ASK:1.445 MID:1.4445 P1:1.4445 P2:1.4445 P3:1.4445 P4:1.4445 STATE:IDLE
[2026-05-04 18:14:07Z] CHK MOM:-0.06% RANGE:0.06% UP:0% SPREAD:0.06930006% BID:1.443 ASK:1.444 MID:1.4435 P1:1.4435 P2:1.4445 P3:1.4445 P4:1.4445 STATE:IDLE
[2026-05-04 18:14:08Z] CHK MOM:-0.06% RANGE:0.06% UP:0% SPREAD:0.06930006% BID:1.443 ASK:1.444 MID:1.4435 P1:1.4435 P2:1.4445 P3:1.4445 P4:1.4445 STATE:IDLE
[2026-05-04 18:14:08Z] CHK MOM:-0.06% RANGE:0.06% UP:0% SPREAD:0.06930006% BID:1.443 ASK:1.444 MID:1.4435 P1:1.4435 P2:1.4435 P3:1.4445 P4:1.4445 STATE:IDLE
[2026-05-04 18:14:09Z] CHK MOM:-0.06% RANGE:0.06% UP:0% SPREAD:0.06930006% BID:1.443 ASK:1.444 MID:1.4435 P1:1.4435 P2:1.4435 P3:1.4435 P4:1.4445 STATE:IDLE
[2026-05-04 18:14:09Z] CHK MOM:-0.06% RANGE:0.06% UP:0% SPREAD:0.06930006% BID:1.443 ASK:1.444 MID:1.4435 P1:1.4435 P2:1.4435 P3:1.4435 P4:1.4445 STATE:IDLE
[2026-05-04 18:14:10Z] CHK MOM:-0.06% RANGE:0.06% UP:0% SPREAD:0.06930006% BID:1.443 ASK:1.444 MID:1.4435 P1:1.4435 P2:1.4435 P3:1.4435 P4:1.4445 STATE:IDLE
[2026-05-04 18:14:10Z] CHK MOM:-0.06% RANGE:0.06% UP:0% SPREAD:0.06930006% BID:1.443 ASK:1.444 MID:1.4435 P1:1.4435 P2:1.4435 P3:1.4435 P4:1.4435 STATE:IDLE
[2026-05-04 18:14:11Z] CHK MOM:-0.06% RANGE:0.06% UP:0% SPREAD:0.06930006% BID:1.443 ASK:1.444 MID:1.4435 P1:1.4435 P2:1.4435 P3:1.4435 P4:1.4435 STATE:IDLE
[2026-05-04 18:14:11Z] CHK MOM:-0.06% RANGE:0.06% UP:0% SPREAD:0.06930006% BID:1.443 ASK:1.444 MID:1.4435 P1:1.4435 P2:1.4435 P3:1.4435 P4:1.4435 STATE:IDLE
[2026-05-04 18:14:12Z] CHK MOM:-0.06% RANGE:0.06% UP:0% SPREAD:0.06930006% BID:1.443 ASK:1.444 MID:1.4435 P1:1.4435 P2:1.4435 P3:1.4435 P4:1.4435 STATE:IDLE
[2026-05-04 18:14:12Z] CHK MOM:-0.13% RANGE:0.13% UP:0% SPREAD:0.06934812% BID:1.442 ASK:1.443 MID:1.4425 P1:1.4425 P2:1.4435 P3:1.4435 P4:1.4435 STATE:IDLE
[2026-05-04 18:14:13Z] CHK MOM:-0.13% RANGE:0.13% UP:0% SPREAD:0.06934812% BID:1.442 ASK:1.443 MID:1.4425 P1:1.4425 P2:1.4435 P3:1.4435 P4:1.4435 STATE:IDLE
[2026-05-04 18:14:14Z] CHK MOM:-0.13% RANGE:0.13% UP:0% SPREAD:0.06934812% BID:1.442 ASK:1.443 MID:1.4425 P1:1.4425 P2:1.4435 P3:1.4435 P4:1.4435 STATE:IDLE
[2026-05-04 18:14:14Z] CHK MOM:-0.13% RANGE:0.13% UP:0% SPREAD:0.06934812% BID:1.442 ASK:1.443 MID:1.4425 P1:1.4425 P2:1.4435 P3:1.4435 P4:1.4435 STATE:IDLE
[2026-05-04 18:14:15Z] CHK MOM:-0.13% RANGE:0.13% UP:0% SPREAD:0.06934812% BID:1.442 ASK:1.443 MID:1.4425 P1:1.4425 P2:1.4435 P3:1.4435 P4:1.4435 STATE:IDLE
[2026-05-04 18:14:15Z] CHK MOM:0% RANGE:0.06% UP:25% SPREAD:0.06930006% BID:1.443 ASK:1.444 MID:1.4435 P1:1.4435 P2:1.4425 P3:1.4435 P4:1.4435 STATE:IDLE
[2026-05-04 18:14:16Z] CHK MOM:0% RANGE:0.06% UP:20% SPREAD:0.06930006% BID:1.443 ASK:1.444 MID:1.4435 P1:1.4435 P2:1.4435 P3:1.4425 P4:1.4435 STATE:IDLE
[2026-05-04 18:14:16Z] CHK MOM:0% RANGE:0.06% UP:20% SPREAD:0.06930006% BID:1.443 ASK:1.444 MID:1.4435 P1:1.4435 P2:1.4435 P3:1.4435 P4:1.4425 STATE:IDLE
[2026-05-04 18:14:17Z] CHK MOM:0% RANGE:0.06% UP:20% SPREAD:0.06930006% BID:1.443 ASK:1.444 MID:1.4435 P1:1.4435 P2:1.4435 P3:1.4435 P4:1.4425 STATE:IDLE
[2026-05-04 18:14:17Z] CHK MOM:0% RANGE:0.06% UP:20% SPREAD:0.06930006% BID:1.443 ASK:1.444 MID:1.4435 P1:1.4435 P2:1.4435 P3:1.4435 P4:1.4425 STATE:IDLE
[2026-05-04 18:14:18Z] CHK MOM:0% RANGE:0.06% UP:20% SPREAD:0.06930006% BID:1.443 ASK:1.444 MID:1.4435 P1:1.4435 P2:1.4435 P3:1.4435 P4:1.4425 STATE:IDLE
[2026-05-04 18:14:19Z] CHK MOM:0.13% RANGE:0.13% UP:50% SPREAD:0.06925207% BID:1.444 ASK:1.445 MID:1.4445 P1:1.4445 P2:1.4435 P3:1.4435 P4:1.4435 STATE:IDLE
[2026-05-04 18:14:19Z] CHK MOM:0.13% RANGE:0.13% UP:40% SPREAD:0.06925207% BID:1.444 ASK:1.445 MID:1.4445 P1:1.4445 P2:1.4445 P3:1.4435 P4:1.4435 STATE:IDLE
[2026-05-04 18:14:20Z] CHK MOM:0.13% RANGE:0.13% UP:40% SPREAD:0.06925207% BID:1.444 ASK:1.445 MID:1.4445 P1:1.4445 P2:1.4445 P3:1.4435 P4:1.4435 STATE:IDLE
[2026-05-04 18:14:20Z] CHK MOM:0.13% RANGE:0.13% UP:40% SPREAD:0.06925207% BID:1.444 ASK:1.445 MID:1.4445 P1:1.4445 P2:1.4445 P3:1.4435 P4:1.4435 STATE:IDLE
[2026-05-04 18:14:21Z] CHK MOM:0.13% RANGE:0.13% UP:40% SPREAD:0.06925207% BID:1.444 ASK:1.445 MID:1.4445 P1:1.4445 P2:1.4445 P3:1.4435 P4:1.4435 STATE:IDLE
[2026-05-04 18:14:21Z] CHK MOM:0.13% RANGE:0.13% UP:40% SPREAD:0.06925207% BID:1.444 ASK:1.445 MID:1.4445 P1:1.4445 P2:1.4445 P3:1.4435 P4:1.4435 STATE:IDLE
[2026-05-04 18:14:22Z] CHK MOM:0.13% RANGE:0.13% UP:40% SPREAD:0.06925207% BID:1.444 ASK:1.445 MID:1.4445 P1:1.4445 P2:1.4445 P3:1.4435 P4:1.4435 STATE:IDLE
[2026-05-04 18:14:33Z] CHK MOM:0% RANGE:0% UP:0% SPREAD:0.06925207% BID:1.444 ASK:1.445 MID:1.4445 P1:1.4445 P2:1.4445 P3:1.4445 P4:1.4435 STATE:IDLE
[2026-05-04 18:14:34Z] CHK MOM:0% RANGE:0% UP:0% SPREAD:0.06925207% BID:1.444 ASK:1.445 MID:1.4445 P1:1.4445 P2:1.4445 P3:1.4445 P4:1.4435 STATE:IDLE
[2026-05-04 18:14:34Z] CHK MOM:0% RANGE:0% UP:0% SPREAD:0.06925207% BID:1.444 ASK:1.445 MID:1.4445 P1:1.4445 P2:1.4445 P3:1.4445 P4:1.4435 STATE:IDLE
[2026-05-04 18:14:35Z] CHK MOM:0% RANGE:0% UP:0% SPREAD:0.06925207% BID:1.444 ASK:1.445 MID:1.4445 P1:1.4445 P2:1.4445 P3:1.4445 P4:1.4435 STATE:IDLE
[2026-05-04 18:14:35Z] CHK MOM:0% RANGE:0% UP:0% SPREAD:0.06925207% BID:1.444 ASK:1.445 MID:1.4445 P1:1.4445 P2:1.4445 P3:1.4445 P4:1.4435 STATE:IDLE
[2026-05-04 18:14:55Z] CHK MOM:0% RANGE:0% UP:0% SPREAD:0.06925207% BID:1.444 ASK:1.445 MID:1.4445 P1:1.4445 P2:1.4445 P3:1.4445 P4:1.4445 STATE:IDLE
[2026-05-04 18:14:55Z] CHK MOM:0.06% RANGE:0.06% UP:100% SPREAD:0.06920415% BID:1.445 ASK:1.446 MID:1.4455 P1:1.4455 P2:1.4445 P3:1.4445 P4:1.4445 STATE:IDLE
[2026-05-04 18:14:56Z] CHK MOM:0.06% RANGE:0.06% UP:100% SPREAD:0.06920415% BID:1.445 ASK:1.446 MID:1.4455 P1:1.4455 P2:1.4445 P3:1.4445 P4:1.4445 STATE:IDLE
[2026-05-04 18:14:56Z] CHK MOM:0.06% RANGE:0.06% UP:100% SPREAD:0.06920415% BID:1.445 ASK:1.446 MID:1.4455 P1:1.4455 P2:1.4445 P3:1.4445 P4:1.4445 STATE:IDLE
[2026-05-04 18:14:57Z] CHK MOM:0.06% RANGE:0.06% UP:100% SPREAD:0.06920415% BID:1.445 ASK:1.446 MID:1.4455 P1:1.4455 P2:1.4445 P3:1.4445 P4:1.4445 STATE:IDLE
[2026-05-04 18:14:57Z] CHK MOM:0.06% RANGE:0.06% UP:100% SPREAD:0.06920415% BID:1.445 ASK:1.446 MID:1.4455 P1:1.4455 P2:1.4445 P3:1.4445 P4:1.4445 STATE:IDLE
[2026-05-04 18:14:58Z] CHK MOM:0.06% RANGE:0.06% UP:50% SPREAD:0.06920415% BID:1.445 ASK:1.446 MID:1.4455 P1:1.4455 P2:1.4455 P3:1.4445 P4:1.4445 STATE:IDLE
[2026-05-04 18:14:58Z] CHK MOM:0.06% RANGE:0.06% UP:50% SPREAD:0.06920415% BID:1.445 ASK:1.446 MID:1.4455 P1:1.4455 P2:1.4455 P3:1.4445 P4:1.4445 STATE:IDLE
[2026-05-04 18:14:59Z] CHK MOM:0.06% RANGE:0.06% UP:33.33% SPREAD:0.06920415% BID:1.445 ASK:1.446 MID:1.4455 P1:1.4455 P2:1.4455 P3:1.4455 P4:1.4445 STATE:IDLE
[2026-05-04 18:14:59Z] CHK MOM:0.06% RANGE:0.06% UP:33.33% SPREAD:0.06920415% BID:1.445 ASK:1.446 MID:1.4455 P1:1.4455 P2:1.4455 P3:1.4455 P4:1.4445 STATE:IDLE
[2026-05-04 18:15:01Z] CHK MOM:0.06% RANGE:0.06% UP:25% SPREAD:0.06920415% BID:1.445 ASK:1.446 MID:1.4455 P1:1.4455 P2:1.4455 P3:1.4455 P4:1.4455 STATE:IDLE
[2026-05-04 18:15:01Z] CHK MOM:0.06% RANGE:0.06% UP:20% SPREAD:0.06920415% BID:1.445 ASK:1.446 MID:1.4455 P1:1.4455 P2:1.4455 P3:1.4455 P4:1.4455 STATE:IDLE
[2026-05-04 18:15:02Z] CHK MOM:0.06% RANGE:0.06% UP:20% SPREAD:0.06920415% BID:1.445 ASK:1.446 MID:1.4455 P1:1.4455 P2:1.4455 P3:1.4455 P4:1.4455 STATE:IDLE
[2026-05-04 18:15:02Z] CHK MOM:0% RANGE:0.06% UP:16.66% SPREAD:0.06925207% BID:1.444 ASK:1.445 MID:1.4445 P1:1.4445 P2:1.4455 P3:1.4455 P4:1.4455 STATE:IDLE
[2026-05-04 18:15:03Z] CHK MOM:0% RANGE:0.06% UP:16.66% SPREAD:0.06925207% BID:1.444 ASK:1.445 MID:1.4445 P1:1.4445 P2:1.4455 P3:1.4455 P4:1.4455 STATE:IDLE
[2026-05-04 18:15:03Z] CHK MOM:0% RANGE:0.06% UP:16.66% SPREAD:0.06925207% BID:1.444 ASK:1.445 MID:1.4445 P1:1.4445 P2:1.4455 P3:1.4455 P4:1.4455 STATE:IDLE
[2026-05-04 18:15:04Z] CHK MOM:0% RANGE:0.06% UP:16.66% SPREAD:0.06925207% BID:1.444 ASK:1.445 MID:1.4445 P1:1.4445 P2:1.4455 P3:1.4455 P4:1.4455 STATE:IDLE
[2026-05-04 18:15:04Z] CHK MOM:-0.06% RANGE:0.06% UP:0% SPREAD:0.06925207% BID:1.444 ASK:1.445 MID:1.4445 P1:1.4445 P2:1.4445 P3:1.4455 P4:1.4455 STATE:IDLE
[2026-05-04 18:15:05Z] CHK MOM:-0.06% RANGE:0.06% UP:0% SPREAD:0.06925207% BID:1.444 ASK:1.445 MID:1.4445 P1:1.4445 P2:1.4445 P3:1.4445 P4:1.4455 STATE:IDLE
[2026-05-04 18:15:06Z] CHK MOM:-0.06% RANGE:0.06% UP:0% SPREAD:0.06925207% BID:1.444 ASK:1.445 MID:1.4445 P1:1.4445 P2:1.4445 P3:1.4445 P4:1.4455 STATE:IDLE
[2026-05-04 18:15:06Z] CHK MOM:-0.06% RANGE:0.06% UP:0% SPREAD:0.06925207% BID:1.444 ASK:1.445 MID:1.4445 P1:1.4445 P2:1.4445 P3:1.4445 P4:1.4455 STATE:IDLE
[2026-05-04 18:15:07Z] CHK MOM:-0.06% RANGE:0.06% UP:0% SPREAD:0.06925207% BID:1.444 ASK:1.445 MID:1.4445 P1:1.4445 P2:1.4445 P3:1.4445 P4:1.4455 STATE:IDLE
[2026-05-04 18:15:07Z] CHK MOM:-0.13% RANGE:0.13% UP:0% SPREAD:0.06930006% BID:1.443 ASK:1.444 MID:1.4435 P1:1.4435 P2:1.4445 P3:1.4445 P4:1.4445 STATE:IDLE
[2026-05-04 18:15:08Z] CHK MOM:-0.13% RANGE:0.13% UP:0% SPREAD:0.06930006% BID:1.443 ASK:1.444 MID:1.4435 P1:1.4435 P2:1.4445 P3:1.4445 P4:1.4445 STATE:IDLE
[2026-05-04 18:15:08Z] CHK MOM:-0.13% RANGE:0.13% UP:0% SPREAD:0.06930006% BID:1.443 ASK:1.444 MID:1.4435 P1:1.4435 P2:1.4445 P3:1.4445 P4:1.4445 STATE:IDLE
[2026-05-04 18:15:09Z] CHK MOM:-0.06% RANGE:0.06% UP:0% SPREAD:0.06930006% BID:1.443 ASK:1.444 MID:1.4435 P1:1.4435 P2:1.4435 P3:1.4445 P4:1.4445 STATE:IDLE
[2026-05-04 18:15:09Z] CHK MOM:-0.06% RANGE:0.06% UP:0% SPREAD:0.06930006% BID:1.443 ASK:1.444 MID:1.4435 P1:1.4435 P2:1.4435 P3:1.4445 P4:1.4445 STATE:IDLE
[2026-05-04 18:15:10Z] CHK MOM:-0.06% RANGE:0.06% UP:0% SPREAD:0.06930006% BID:1.443 ASK:1.444 MID:1.4435 P1:1.4435 P2:1.4435 P3:1.4435 P4:1.4445 STATE:IDLE
[2026-05-04 18:15:10Z] CHK MOM:-0.06% RANGE:0.06% UP:0% SPREAD:0.06930006% BID:1.443 ASK:1.444 MID:1.4435 P1:1.4435 P2:1.4435 P3:1.4435 P4:1.4445 STATE:IDLE
[2026-05-04 18:15:11Z] CHK MOM:-0.06% RANGE:0.06% UP:0% SPREAD:0.06930006% BID:1.443 ASK:1.444 MID:1.4435 P1:1.4435 P2:1.4435 P3:1.4435 P4:1.4435 STATE:IDLE
[2026-05-04 18:15:12Z] CHK MOM:-0.06% RANGE:0.06% UP:0% SPREAD:0.06930006% BID:1.443 ASK:1.444 MID:1.4435 P1:1.4435 P2:1.4435 P3:1.4435 P4:1.4435 STATE:IDLE
[2026-05-04 18:15:12Z] CHK MOM:-0.06% RANGE:0.06% UP:0% SPREAD:0.06930006% BID:1.443 ASK:1.444 MID:1.4435 P1:1.4435 P2:1.4435 P3:1.4435 P4:1.4435 STATE:IDLE
[2026-05-04 18:15:13Z] CHK MOM:-0.06% RANGE:0.06% UP:0% SPREAD:0.06930006% BID:1.443 ASK:1.444 MID:1.4435 P1:1.4435 P2:1.4435 P3:1.4435 P4:1.4435 STATE:IDLE
[2026-05-04 18:15:13Z] CHK MOM:0% RANGE:0% UP:0% SPREAD:0.06930006% BID:1.443 ASK:1.444 MID:1.4435 P1:1.4435 P2:1.4435 P3:1.4435 P4:1.4435 STATE:IDLE
[2026-05-04 18:15:14Z] CHK MOM:0% RANGE:0% UP:0% SPREAD:0.06930006% BID:1.443 ASK:1.444 MID:1.4435 P1:1.4435 P2:1.4435 P3:1.4435 P4:1.4435 STATE:IDLE
[2026-05-04 18:15:14Z] CHK MOM:0% RANGE:0% UP:0% SPREAD:0.06930006% BID:1.443 ASK:1.444 MID:1.4435 P1:1.4435 P2:1.4435 P3:1.4435 P4:1.4435 STATE:IDLE
[2026-05-04 18:15:15Z] CHK MOM:0% RANGE:0% UP:0% SPREAD:0.06930006% BID:1.443 ASK:1.444 MID:1.4435 P1:1.4435 P2:1.4435 P3:1.4435 P4:1.4435 STATE:IDLE
[2026-05-04 18:15:15Z] CHK MOM:0% RANGE:0% UP:0% SPREAD:0.06930006% BID:1.443 ASK:1.444 MID:1.4435 P1:1.4435 P2:1.4435 P3:1.4435 P4:1.4435 STATE:IDLE
[2026-05-04 18:15:16Z] CHK MOM:-0.06% RANGE:0.06% UP:0% SPREAD:0.06934812% BID:1.442 ASK:1.443 MID:1.4425 P1:1.4425 P2:1.4435 P3:1.4435 P4:1.4435 STATE:IDLE
[2026-05-04 18:15:17Z] CHK MOM:-0.06% RANGE:0.06% UP:0% SPREAD:0.06934812% BID:1.442 ASK:1.443 MID:1.4425 P1:1.4425 P2:1.4425 P3:1.4435 P4:1.4435 STATE:IDLE
[2026-05-04 18:15:18Z] CHK MOM:-0.06% RANGE:0.06% UP:0% SPREAD:0.06934812% BID:1.442 ASK:1.443 MID:1.4425 P1:1.4425 P2:1.4425 P3:1.4425 P4:1.4435 STATE:IDLE
[2026-05-04 18:15:18Z] CHK MOM:-0.06% RANGE:0.06% UP:0% SPREAD:0.06934812% BID:1.442 ASK:1.443 MID:1.4425 P1:1.4425 P2:1.4425 P3:1.4425 P4:1.4435 STATE:IDLE
[2026-05-04 18:15:19Z] CHK MOM:-0.06% RANGE:0.06% UP:0% SPREAD:0.06934812% BID:1.442 ASK:1.443 MID:1.4425 P1:1.4425 P2:1.4425 P3:1.4425 P4:1.4435 STATE:IDLE
[2026-05-04 18:15:19Z] CHK MOM:-0.06% RANGE:0.06% UP:0% SPREAD:0.06934812% BID:1.442 ASK:1.443 MID:1.4425 P1:1.4425 P2:1.4425 P3:1.4425 P4:1.4435 STATE:IDLE
[2026-05-04 18:15:21Z] CHK MOM:-0.06% RANGE:0.06% UP:0% SPREAD:0.06934812% BID:1.442 ASK:1.443 MID:1.4425 P1:1.4425 P2:1.4425 P3:1.4425 P4:1.4425 STATE:IDLE
[2026-05-04 18:15:21Z] CHK MOM:0% RANGE:0.06% UP:14.28% SPREAD:0.06930006% BID:1.443 ASK:1.444 MID:1.4435 P1:1.4435 P2:1.4425 P3:1.4425 P4:1.4425 STATE:IDLE
[2026-05-04 18:15:22Z] CHK MOM:0% RANGE:0.06% UP:14.28% SPREAD:0.06930006% BID:1.443 ASK:1.444 MID:1.4435 P1:1.4435 P2:1.4435 P3:1.4425 P4:1.4425 STATE:IDLE
[2026-05-04 18:15:23Z] CHK MOM:0.03% RANGE:0.06% UP:16.66% SPREAD:0.13869625% BID:1.442 ASK:1.444 MID:1.443 P1:1.443 P2:1.4435 P3:1.4435 P4:1.4425 STATE:IDLE
[2026-05-04 18:15:23Z] CHK MOM:0.03% RANGE:0.06% UP:14.28% SPREAD:0.13869625% BID:1.442 ASK:1.444 MID:1.443 P1:1.443 P2:1.443 P3:1.4435 P4:1.4435 STATE:IDLE
[2026-05-04 18:15:24Z] CHK MOM:0.03% RANGE:0.06% UP:12.5% SPREAD:0.13869625% BID:1.442 ASK:1.444 MID:1.443 P1:1.443 P2:1.443 P3:1.443 P4:1.4435 STATE:IDLE
[2026-05-04 18:15:24Z] CHK MOM:0.03% RANGE:0.06% UP:12.5% SPREAD:0.13869625% BID:1.442 ASK:1.444 MID:1.443 P1:1.443 P2:1.443 P3:1.443 P4:1.4435 STATE:IDLE
[2026-05-04 18:15:25Z] CHK MOM:0.03% RANGE:0.06% UP:12.5% SPREAD:0.13869625% BID:1.442 ASK:1.444 MID:1.443 P1:1.443 P2:1.443 P3:1.443 P4:1.4435 STATE:IDLE
[2026-05-04 18:15:25Z] CHK MOM:0% RANGE:0.06% UP:16.66% SPREAD:0.06934812% BID:1.442 ASK:1.443 MID:1.4425 P1:1.4425 P2:1.443 P3:1.443 P4:1.443 STATE:IDLE
[2026-05-04 18:15:26Z] CHK MOM:0% RANGE:0.06% UP:16.66% SPREAD:0.06934812% BID:1.442 ASK:1.443 MID:1.4425 P1:1.4425 P2:1.443 P3:1.443 P4:1.443 STATE:IDLE
[2026-05-04 18:15:26Z] CHK MOM:0% RANGE:0.06% UP:16.66% SPREAD:0.06934812% BID:1.442 ASK:1.443 MID:1.4425 P1:1.4425 P2:1.443 P3:1.443 P4:1.443 STATE:IDLE
[2026-05-04 18:15:27Z] CHK MOM:0% RANGE:0.06% UP:16.66% SPREAD:0.06934812% BID:1.442 ASK:1.443 MID:1.4425 P1:1.4425 P2:1.443 P3:1.443 P4:1.443 STATE:IDLE
[2026-05-04 18:15:28Z] CHK MOM:0% RANGE:0.06% UP:16.66% SPREAD:0.06934812% BID:1.442 ASK:1.443 MID:1.4425 P1:1.4425 P2:1.443 P3:1.443 P4:1.443 STATE:IDLE
[2026-05-04 18:15:30Z] CHK MOM:-0.13% RANGE:0.13% UP:0% SPREAD:0.06939625% BID:1.441 ASK:1.442 MID:1.4415 P1:1.4415 P2:1.4425 P3:1.443 P4:1.443 STATE:IDLE
[2026-05-04 18:15:30Z] CHK MOM:-0.1% RANGE:0.1% UP:0% SPREAD:0.06939625% BID:1.441 ASK:1.442 MID:1.4415 P1:1.4415 P2:1.4415 P3:1.4425 P4:1.443 STATE:IDLE
[2026-05-04 18:15:31Z] CHK MOM:-0.1% RANGE:0.1% UP:0% SPREAD:0.06939625% BID:1.441 ASK:1.442 MID:1.4415 P1:1.4415 P2:1.4415 P3:1.4425 P4:1.443 STATE:IDLE
[2026-05-04 18:15:31Z] CHK MOM:-0.1% RANGE:0.1% UP:0% SPREAD:0.06939625% BID:1.441 ASK:1.442 MID:1.4415 P1:1.4415 P2:1.4415 P3:1.4425 P4:1.443 STATE:IDLE
[2026-05-04 18:15:32Z] CHK MOM:-0.1% RANGE:0.1% UP:0% SPREAD:0.06939625% BID:1.441 ASK:1.442 MID:1.4415 P1:1.4415 P2:1.4415 P3:1.4425 P4:1.443 STATE:IDLE
[2026-05-04 18:15:32Z] CHK MOM:-0.1% RANGE:0.1% UP:0% SPREAD:0.06939625% BID:1.441 ASK:1.442 MID:1.4415 P1:1.4415 P2:1.4415 P3:1.4425 P4:1.443 STATE:IDLE
[2026-05-04 18:15:33Z] CHK MOM:-0.1% RANGE:0.1% UP:0% SPREAD:0.06939625% BID:1.441 ASK:1.442 MID:1.4415 P1:1.4415 P2:1.4415 P3:1.4425 P4:1.443 STATE:IDLE
[2026-05-04 18:15:36Z] CHK MOM:0% RANGE:0% UP:0% SPREAD:0.06939625% BID:1.441 ASK:1.442 MID:1.4415 P1:1.4415 P2:1.4415 P3:1.4415 P4:1.4425 STATE:IDLE
[2026-05-04 18:15:37Z] CHK MOM:0% RANGE:0% UP:0% SPREAD:0.06939625% BID:1.441 ASK:1.442 MID:1.4415 P1:1.4415 P2:1.4415 P3:1.4415 P4:1.4425 STATE:IDLE
[2026-05-04 18:15:37Z] CHK MOM:0% RANGE:0% UP:0% SPREAD:0.06939625% BID:1.441 ASK:1.442 MID:1.4415 P1:1.4415 P2:1.4415 P3:1.4415 P4:1.4415 STATE:IDLE
[2026-05-04 18:15:38Z] CHK MOM:0.06% RANGE:0.06% UP:33.33% SPREAD:0.06934812% BID:1.442 ASK:1.443 MID:1.4425 P1:1.4425 P2:1.4415 P3:1.4415 P4:1.4415 STATE:IDLE
[2026-05-04 18:15:39Z] CHK MOM:0.06% RANGE:0.06% UP:25% SPREAD:0.06934812% BID:1.442 ASK:1.443 MID:1.4425 P1:1.4425 P2:1.4425 P3:1.4415 P4:1.4415 STATE:IDLE
[2026-05-04 18:15:39Z] CHK MOM:0.06% RANGE:0.06% UP:25% SPREAD:0.06934812% BID:1.442 ASK:1.443 MID:1.4425 P1:1.4425 P2:1.4425 P3:1.4425 P4:1.4415 STATE:IDLE
[2026-05-04 18:15:40Z] CHK MOM:0.06% RANGE:0.06% UP:25% SPREAD:0.06934812% BID:1.442 ASK:1.443 MID:1.4425 P1:1.4425 P2:1.4425 P3:1.4425 P4:1.4415 STATE:IDLE
[2026-05-04 18:15:40Z] CHK MOM:0.06% RANGE:0.06% UP:25% SPREAD:0.06934812% BID:1.442 ASK:1.443 MID:1.4425 P1:1.4425 P2:1.4425 P3:1.4425 P4:1.4415 STATE:IDLE
[2026-05-04 18:15:41Z] CHK MOM:0.06% RANGE:0.06% UP:25% SPREAD:0.06934812% BID:1.442 ASK:1.443 MID:1.4425 P1:1.4425 P2:1.4425 P3:1.4425 P4:1.4415 STATE:IDLE
[2026-05-04 18:15:41Z] CHK MOM:0.06% RANGE:0.06% UP:25% SPREAD:0.06934812% BID:1.442 ASK:1.443 MID:1.4425 P1:1.4425 P2:1.4425 P3:1.4425 P4:1.4415 STATE:IDLE
[2026-05-04 18:15:42Z] CHK MOM:0.06% RANGE:0.06% UP:25% SPREAD:0.06934812% BID:1.442 ASK:1.443 MID:1.4425 P1:1.4425 P2:1.4425 P3:1.4425 P4:1.4415 STATE:IDLE
[2026-05-04 18:15:50Z] CHK MOM:0% RANGE:0% UP:0% SPREAD:0.06934812% BID:1.442 ASK:1.443 MID:1.4425 P1:1.4425 P2:1.4425 P3:1.4425 P4:1.4425 STATE:IDLE
[2026-05-04 18:15:50Z] CHK MOM:0% RANGE:0% UP:0% SPREAD:0.06934812% BID:1.442 ASK:1.443 MID:1.4425 P1:1.4425 P2:1.4425 P3:1.4425 P4:1.4425 STATE:IDLE
[2026-05-04 18:15:51Z] CHK MOM:0% RANGE:0% UP:0% SPREAD:0.06934812% BID:1.442 ASK:1.443 MID:1.4425 P1:1.4425 P2:1.4425 P3:1.4425 P4:1.4425 STATE:IDLE
[2026-05-04 18:15:51Z] CHK MOM:0% RANGE:0% UP:0% SPREAD:0.06934812% BID:1.442 ASK:1.443 MID:1.4425 P1:1.4425 P2:1.4425 P3:1.4425 P4:1.4425 STATE:IDLE
[2026-05-04 18:15:52Z] CHK MOM:0% RANGE:0% UP:0% SPREAD:0.06934812% BID:1.442 ASK:1.443 MID:1.4425 P1:1.4425 P2:1.4425 P3:1.4425 P4:1.4425 STATE:IDLE
[2026-05-04 18:15:52Z] CHK MOM:0% RANGE:0% UP:0% SPREAD:0.06934812% BID:1.442 ASK:1.443 MID:1.4425 P1:1.4425 P2:1.4425 P3:1.4425 P4:1.4425 STATE:IDLE
[2026-05-04 18:15:54Z] CHK MOM:0% RANGE:0% UP:0% SPREAD:0.06934812% BID:1.442 ASK:1.443 MID:1.4425 P1:1.4425 P2:1.4425 P3:1.4425 P4:1.4425 STATE:IDLE
[2026-05-04 18:15:54Z] CHK MOM:0% RANGE:0% UP:0% SPREAD:0.06934812% BID:1.442 ASK:1.443 MID:1.4425 P1:1.4425 P2:1.4425 P3:1.4425 P4:1.4425 STATE:IDLE
[2026-05-04 18:15:55Z] CHK MOM:0% RANGE:0% UP:0% SPREAD:0.06934812% BID:1.442 ASK:1.443 MID:1.4425 P1:1.4425 P2:1.4425 P3:1.4425 P4:1.4425 STATE:IDLE
[2026-05-04 18:15:56Z] CHK MOM:0% RANGE:0% UP:0% SPREAD:0.06934812% BID:1.442 ASK:1.443 MID:1.4425 P1:1.4425 P2:1.4425 P3:1.4425 P4:1.4425 STATE:IDLE
[2026-05-04 18:15:56Z] CHK MOM:0% RANGE:0% UP:0% SPREAD:0.06934812% BID:1.442 ASK:1.443 MID:1.4425 P1:1.4425 P2:1.4425 P3:1.4425 P4:1.4425 STATE:IDLE
[2026-05-04 18:15:57Z] CHK MOM:0% RANGE:0% UP:0% SPREAD:0.06934812% BID:1.442 ASK:1.443 MID:1.4425 P1:1.4425 P2:1.4425 P3:1.4425 P4:1.4425 STATE:IDLE
[2026-05-04 18:15:57Z] CHK MOM:0% RANGE:0% UP:0% SPREAD:0.06934812% BID:1.442 ASK:1.443 MID:1.4425 P1:1.4425 P2:1.4425 P3:1.4425 P4:1.4425 STATE:IDLE
[2026-05-04 18:15:58Z] CHK MOM:0% RANGE:0% UP:0% SPREAD:0.06934812% BID:1.442 ASK:1.443 MID:1.4425 P1:1.4425 P2:1.4425 P3:1.4425 P4:1.4425 STATE:IDLE
[2026-05-04 18:15:58Z] CHK MOM:0% RANGE:0% UP:0% SPREAD:0.06934812% BID:1.442 ASK:1.443 MID:1.4425 P1:1.4425 P2:1.4425 P3:1.4425 P4:1.4425 STATE:IDLE
[2026-05-04 18:15:59Z] CHK MOM:0% RANGE:0% UP:0% SPREAD:0.06934812% BID:1.442 ASK:1.443 MID:1.4425 P1:1.4425 P2:1.4425 P3:1.4425 P4:1.4425 STATE:IDLE
[2026-05-04 18:15:59Z] CHK MOM:0% RANGE:0% UP:0% SPREAD:0.06934812% BID:1.442 ASK:1.443 MID:1.4425 P1:1.4425 P2:1.4425 P3:1.4425 P4:1.4425 STATE:IDLE
[2026-05-04 18:16:00Z] CHK MOM:0% RANGE:0% UP:0% SPREAD:0.06934812% BID:1.442 ASK:1.443 MID:1.4425 P1:1.4425 P2:1.4425 P3:1.4425 P4:1.4425 STATE:IDLE
[2026-05-04 18:16:01Z] CHK MOM:0% RANGE:0% UP:0% SPREAD:0.06934812% BID:1.442 ASK:1.443 MID:1.4425 P1:1.4425 P2:1.4425 P3:1.4425 P4:1.4425 STATE:IDLE
[2026-05-04 18:16:01Z] CHK MOM:-0.03% RANGE:0.03% UP:0% SPREAD:0.1387925% BID:1.441 ASK:1.443 MID:1.442 P1:1.442 P2:1.4425 P3:1.4425 P4:1.4425 STATE:IDLE
[2026-05-04 18:16:02Z] CHK MOM:0% RANGE:0.03% UP:14.28% SPREAD:0.06934812% BID:1.442 ASK:1.443 MID:1.4425 P1:1.4425 P2:1.442 P3:1.4425 P4:1.4425 STATE:IDLE
[2026-05-04 18:16:02Z] CHK MOM:0% RANGE:0.03% UP:14.28% SPREAD:0.06934812% BID:1.442 ASK:1.443 MID:1.4425 P1:1.4425 P2:1.442 P3:1.4425 P4:1.4425 STATE:IDLE
[2026-05-04 18:16:03Z] CHK MOM:0.06% RANGE:0.1% UP:28.57% SPREAD:0.06930006% BID:1.443 ASK:1.444 MID:1.4435 P1:1.4435 P2:1.4425 P3:1.442 P4:1.4425 STATE:IDLE
[2026-05-04 18:16:03Z] CHK MOM:0.06% RANGE:0.1% UP:25% SPREAD:0.06930006% BID:1.443 ASK:1.444 MID:1.4435 P1:1.4435 P2:1.4435 P3:1.4425 P4:1.442 STATE:IDLE
[2026-05-04 18:16:04Z] CHK MOM:0.06% RANGE:0.1% UP:25% SPREAD:0.06930006% BID:1.443 ASK:1.444 MID:1.4435 P1:1.4435 P2:1.4435 P3:1.4435 P4:1.4425 STATE:IDLE
[2026-05-04 18:16:04Z] CHK MOM:0.03% RANGE:0.1% UP:22.22% SPREAD:0.13869625% BID:1.442 ASK:1.444 MID:1.443 P1:1.443 P2:1.4435 P3:1.4435 P4:1.4435 STATE:IDLE
[2026-05-04 18:16:05Z] CHK MOM:0% RANGE:0.1% UP:20% SPREAD:0.06934812% BID:1.442 ASK:1.443 MID:1.4425 P1:1.4425 P2:1.443 P3:1.4435 P4:1.4435 STATE:IDLE
[2026-05-04 18:16:05Z] CHK MOM:0% RANGE:0.1% UP:20% SPREAD:0.06934812% BID:1.442 ASK:1.443 MID:1.4425 P1:1.4425 P2:1.4425 P3:1.443 P4:1.4435 STATE:IDLE
[2026-05-04 18:16:06Z] CHK MOM:0% RANGE:0.1% UP:20% SPREAD:0.06934812% BID:1.442 ASK:1.443 MID:1.4425 P1:1.4425 P2:1.4425 P3:1.443 P4:1.4435 STATE:IDLE
[2026-05-04 18:16:07Z] CHK MOM:0% RANGE:0.1% UP:20% SPREAD:0.06934812% BID:1.442 ASK:1.443 MID:1.4425 P1:1.4425 P2:1.4425 P3:1.4425 P4:1.443 STATE:IDLE
[2026-05-04 18:16:07Z] CHK MOM:0% RANGE:0.1% UP:20% SPREAD:0.06934812% BID:1.442 ASK:1.443 MID:1.4425 P1:1.4425 P2:1.4425 P3:1.4425 P4:1.443 STATE:IDLE
[2026-05-04 18:16:08Z] CHK MOM:0% RANGE:0.1% UP:20% SPREAD:0.06934812% BID:1.442 ASK:1.443 MID:1.4425 P1:1.4425 P2:1.4425 P3:1.4425 P4:1.4425 STATE:IDLE
[2026-05-04 18:16:08Z] CHK MOM:0% RANGE:0.1% UP:20% SPREAD:0.06934812% BID:1.442 ASK:1.443 MID:1.4425 P1:1.4425 P2:1.4425 P3:1.4425 P4:1.4425 STATE:IDLE
[2026-05-04 18:16:09Z] CHK MOM:0% RANGE:0.1% UP:20% SPREAD:0.06934812% BID:1.442 ASK:1.443 MID:1.4425 P1:1.4425 P2:1.4425 P3:1.4425 P4:1.4425 STATE:IDLE
[2026-05-04 18:16:09Z] CHK MOM:0% RANGE:0.1% UP:20% SPREAD:0.06934812% BID:1.442 ASK:1.443 MID:1.4425 P1:1.4425 P2:1.4425 P3:1.4425 P4:1.4425 STATE:IDLE
[2026-05-04 18:16:10Z] CHK MOM:0% RANGE:0.1% UP:20% SPREAD:0.06934812% BID:1.442 ASK:1.443 MID:1.4425 P1:1.4425 P2:1.4425 P3:1.4425 P4:1.4425 STATE:IDLE
[2026-05-04 18:16:10Z] CHK MOM:0% RANGE:0.1% UP:20% SPREAD:0.06934812% BID:1.442 ASK:1.443 MID:1.4425 P1:1.4425 P2:1.4425 P3:1.4425 P4:1.4425 STATE:IDLE
[2026-05-04 18:16:11Z] CHK MOM:-0.06% RANGE:0.06% UP:0% SPREAD:0.06934812% BID:1.442 ASK:1.443 MID:1.4425 P1:1.4425 P2:1.4425 P3:1.4425 P4:1.4425 STATE:IDLE
[2026-05-04 18:16:12Z] CHK MOM:0% RANGE:0.06% UP:14.28% SPREAD:0.06930006% BID:1.443 ASK:1.444 MID:1.4435 P1:1.4435 P2:1.4425 P3:1.4425 P4:1.4425 STATE:IDLE
[2026-05-04 18:16:13Z] CHK MOM:0.03% RANGE:0.06% UP:16.66% SPREAD:0.13869625% BID:1.442 ASK:1.444 MID:1.443 P1:1.443 P2:1.4435 P3:1.4425 P4:1.4425 STATE:IDLE
[2026-05-04 18:16:13Z] CHK MOM:0.03% RANGE:0.06% UP:16.66% SPREAD:0.13869625% BID:1.442 ASK:1.444 MID:1.443 P1:1.443 P2:1.4435 P3:1.4425 P4:1.4425 STATE:IDLE
[2026-05-04 18:16:14Z] CHK MOM:0.03% RANGE:0.06% UP:16.66% SPREAD:0.13869625% BID:1.442 ASK:1.444 MID:1.443 P1:1.443 P2:1.4435 P3:1.4425 P4:1.4425 STATE:IDLE
[2026-05-04 18:16:14Z] CHK MOM:0.03% RANGE:0.06% UP:16.66% SPREAD:0.13869625% BID:1.442 ASK:1.444 MID:1.443 P1:1.443 P2:1.4435 P3:1.4425 P4:1.4425 STATE:IDLE
[2026-05-04 18:16:15Z] CHK MOM:0.03% RANGE:0.06% UP:16.66% SPREAD:0.13869625% BID:1.442 ASK:1.444 MID:1.443 P1:1.443 P2:1.4435 P3:1.4425 P4:1.4425 STATE:IDLE
[2026-05-04 18:16:15Z] CHK MOM:0.03% RANGE:0.06% UP:25% SPREAD:0.13869625% BID:1.442 ASK:1.444 MID:1.443 P1:1.443 P2:1.443 P3:1.4435 P4:1.4425 STATE:IDLE
[2026-05-04 18:16:16Z] CHK MOM:0.03% RANGE:0.06% UP:25% SPREAD:0.13869625% BID:1.442 ASK:1.444 MID:1.443 P1:1.443 P2:1.443 P3:1.4435 P4:1.4425 STATE:IDLE
[2026-05-04 18:16:16Z] CHK MOM:0.03% RANGE:0.06% UP:25% SPREAD:0.13869625% BID:1.442 ASK:1.444 MID:1.443 P1:1.443 P2:1.443 P3:1.4435 P4:1.4425 STATE:IDLE
[2026-05-04 18:16:17Z] CHK MOM:0.03% RANGE:0.06% UP:25% SPREAD:0.13869625% BID:1.442 ASK:1.444 MID:1.443 P1:1.443 P2:1.443 P3:1.4435 P4:1.4425 STATE:IDLE
[2026-05-04 18:16:18Z] CHK MOM:0.03% RANGE:0.06% UP:25% SPREAD:0.13869625% BID:1.442 ASK:1.444 MID:1.443 P1:1.443 P2:1.443 P3:1.4435 P4:1.4425 STATE:IDLE
[2026-05-04 18:16:22Z] CHK MOM:-0.03% RANGE:0.03% UP:0% SPREAD:0.06934812% BID:1.442 ASK:1.443 MID:1.4425 P1:1.4425 P2:1.443 P3:1.443 P4:1.4435 STATE:IDLE
[2026-05-04 18:16:23Z] CHK MOM:-0.03% RANGE:0.03% UP:0% SPREAD:0.06934812% BID:1.442 ASK:1.443 MID:1.4425 P1:1.4425 P2:1.4425 P3:1.443 P4:1.443 STATE:IDLE
[2026-05-04 18:16:23Z] CHK MOM:-0.03% RANGE:0.03% UP:0% SPREAD:0.06934812% BID:1.442 ASK:1.443 MID:1.4425 P1:1.4425 P2:1.4425 P3:1.443 P4:1.443 STATE:IDLE
[2026-05-04 18:16:24Z] CHK MOM:-0.03% RANGE:0.03% UP:0% SPREAD:0.06934812% BID:1.442 ASK:1.443 MID:1.4425 P1:1.4425 P2:1.4425 P3:1.443 P4:1.443 STATE:IDLE
[2026-05-04 18:16:24Z] CHK MOM:-0.03% RANGE:0.03% UP:0% SPREAD:0.06934812% BID:1.442 ASK:1.443 MID:1.4425 P1:1.4425 P2:1.4425 P3:1.443 P4:1.443 STATE:IDLE
[2026-05-04 18:16:25Z] CHK MOM:-0.03% RANGE:0.03% UP:0% SPREAD:0.06934812% BID:1.442 ASK:1.443 MID:1.4425 P1:1.4425 P2:1.4425 P3:1.443 P4:1.443 STATE:IDLE
[2026-05-04 18:16:32Z] CHK MOM:0% RANGE:0% UP:0% SPREAD:0.06934812% BID:1.442 ASK:1.443 MID:1.4425 P1:1.4425 P2:1.4425 P3:1.4425 P4:1.443 STATE:IDLE
[2026-05-04 18:16:32Z] CHK MOM:0% RANGE:0% UP:0% SPREAD:0.06934812% BID:1.442 ASK:1.443 MID:1.4425 P1:1.4425 P2:1.4425 P3:1.4425 P4:1.4425 STATE:IDLE
[2026-05-04 18:16:33Z] CHK MOM:0% RANGE:0% UP:0% SPREAD:0.06934812% BID:1.442 ASK:1.443 MID:1.4425 P1:1.4425 P2:1.4425 P3:1.4425 P4:1.4425 STATE:IDLE
[2026-05-04 18:16:33Z] CHK MOM:0% RANGE:0% UP:0% SPREAD:0.06934812% BID:1.442 ASK:1.443 MID:1.4425 P1:1.4425 P2:1.4425 P3:1.4425 P4:1.4425 STATE:IDLE
[2026-05-04 18:16:34Z] CHK MOM:0% RANGE:0% UP:0% SPREAD:0.06934812% BID:1.442 ASK:1.443 MID:1.4425 P1:1.4425 P2:1.4425 P3:1.4425 P4:1.4425 STATE:IDLE
[2026-05-04 18:16:34Z] CHK MOM:0% RANGE:0% UP:0% SPREAD:0.06934812% BID:1.442 ASK:1.443 MID:1.4425 P1:1.4425 P2:1.4425 P3:1.4425 P4:1.4425 STATE:IDLE
[2026-05-04 18:16:35Z] CHK MOM:0% RANGE:0% UP:0% SPREAD:0.06934812% BID:1.442 ASK:1.443 MID:1.4425 P1:1.4425 P2:1.4425 P3:1.4425 P4:1.4425 STATE:IDLE
[2026-05-04 18:16:35Z] CHK MOM:0% RANGE:0% UP:0% SPREAD:0.06934812% BID:1.442 ASK:1.443 MID:1.4425 P1:1.4425 P2:1.4425 P3:1.4425 P4:1.4425 STATE:IDLE
[2026-05-04 18:16:36Z] CHK MOM:0% RANGE:0% UP:0% SPREAD:0.06934812% BID:1.442 ASK:1.443 MID:1.4425 P1:1.4425 P2:1.4425 P3:1.4425 P4:1.4425 STATE:IDLE
[2026-05-04 18:16:36Z] CHK MOM:0% RANGE:0% UP:0% SPREAD:0.06934812% BID:1.442 ASK:1.443 MID:1.4425 P1:1.4425 P2:1.4425 P3:1.4425 P4:1.4425 STATE:IDLE
[2026-05-04 18:16:37Z] CHK MOM:0% RANGE:0% UP:0% SPREAD:0.06934812% BID:1.442 ASK:1.443 MID:1.4425 P1:1.4425 P2:1.4425 P3:1.4425 P4:1.4425 STATE:IDLE
[2026-05-04 18:16:42Z] CHK MOM:0% RANGE:0% UP:0% SPREAD:0.06934812% BID:1.442 ASK:1.443 MID:1.4425 P1:1.4425 P2:1.4425 P3:1.4425 P4:1.4425 STATE:IDLE
[2026-05-04 18:16:43Z] CHK MOM:0% RANGE:0% UP:0% SPREAD:0.06934812% BID:1.442 ASK:1.443 MID:1.4425 P1:1.4425 P2:1.4425 P3:1.4425 P4:1.4425 STATE:IDLE
[2026-05-04 18:16:44Z] CHK MOM:0% RANGE:0% UP:0% SPREAD:0.06934812% BID:1.442 ASK:1.443 MID:1.4425 P1:1.4425 P2:1.4425 P3:1.4425 P4:1.4425 STATE:IDLE
[2026-05-04 18:16:44Z] CHK MOM:0% RANGE:0% UP:0% SPREAD:0.06934812% BID:1.442 ASK:1.443 MID:1.4425 P1:1.4425 P2:1.4425 P3:1.4425 P4:1.4425 STATE:IDLE
[2026-05-04 18:16:45Z] CHK MOM:0% RANGE:0% UP:0% SPREAD:0.06934812% BID:1.442 ASK:1.443 MID:1.4425 P1:1.4425 P2:1.4425 P3:1.4425 P4:1.4425 STATE:IDLE
[2026-05-04 18:16:45Z] CHK MOM:0% RANGE:0% UP:0% SPREAD:0.06934812% BID:1.442 ASK:1.443 MID:1.4425 P1:1.4425 P2:1.4425 P3:1.4425 P4:1.4425 STATE:IDLE
[2026-05-04 18:16:46Z] CHK MOM:0.06% RANGE:0.06% UP:33.33% SPREAD:0.06930006% BID:1.443 ASK:1.444 MID:1.4435 P1:1.4435 P2:1.4425 P3:1.4425 P4:1.4425 STATE:IDLE
[2026-05-04 18:16:46Z] CHK MOM:0.06% RANGE:0.06% UP:25% SPREAD:0.06930006% BID:1.443 ASK:1.444 MID:1.4435 P1:1.4435 P2:1.4435 P3:1.4425 P4:1.4425 STATE:IDLE
[2026-05-04 18:16:47Z] CHK MOM:0.06% RANGE:0.06% UP:20% SPREAD:0.06930006% BID:1.443 ASK:1.444 MID:1.4435 P1:1.4435 P2:1.4435 P3:1.4435 P4:1.4425 STATE:IDLE
[2026-05-04 18:16:47Z] CHK MOM:0.06% RANGE:0.06% UP:20% SPREAD:0.06930006% BID:1.443 ASK:1.444 MID:1.4435 P1:1.4435 P2:1.4435 P3:1.4435 P4:1.4425 STATE:IDLE
[2026-05-04 18:16:48Z] CHK MOM:0.06% RANGE:0.06% UP:20% SPREAD:0.06930006% BID:1.443 ASK:1.444 MID:1.4435 P1:1.4435 P2:1.4435 P3:1.4435 P4:1.4425 STATE:IDLE
[2026-05-04 18:16:49Z] CHK MOM:0.06% RANGE:0.06% UP:16.66% SPREAD:0.06930006% BID:1.443 ASK:1.444 MID:1.4435 P1:1.4435 P2:1.4435 P3:1.4435 P4:1.4435 STATE:IDLE
[2026-05-04 18:16:49Z] CHK MOM:0.06% RANGE:0.06% UP:14.28% SPREAD:0.06930006% BID:1.443 ASK:1.444 MID:1.4435 P1:1.4435 P2:1.4435 P3:1.4435 P4:1.4435 STATE:IDLE
[2026-05-04 18:16:50Z] CHK MOM:0.06% RANGE:0.06% UP:12.5% SPREAD:0.06930006% BID:1.443 ASK:1.444 MID:1.4435 P1:1.4435 P2:1.4435 P3:1.4435 P4:1.4435 STATE:IDLE
[2026-05-04 18:16:50Z] CHK MOM:0.06% RANGE:0.06% UP:12.5% SPREAD:0.06930006% BID:1.443 ASK:1.444 MID:1.4435 P1:1.4435 P2:1.4435 P3:1.4435 P4:1.4435 STATE:IDLE
[2026-05-04 18:16:51Z] CHK MOM:0.06% RANGE:0.06% UP:14.28% SPREAD:0.06930006% BID:1.443 ASK:1.444 MID:1.4435 P1:1.4435 P2:1.4435 P3:1.4435 P4:1.4435 STATE:IDLE
[2026-05-04 18:16:51Z] CHK MOM:0% RANGE:0% UP:0% SPREAD:0.06930006% BID:1.443 ASK:1.444 MID:1.4435 P1:1.4435 P2:1.4435 P3:1.4435 P4:1.4435 STATE:IDLE
[2026-05-04 18:16:52Z] CHK MOM:0% RANGE:0% UP:0% SPREAD:0.06930006% BID:1.443 ASK:1.444 MID:1.4435 P1:1.4435 P2:1.4435 P3:1.4435 P4:1.4435 STATE:IDLE
[2026-05-04 18:16:52Z] CHK MOM:0% RANGE:0% UP:0% SPREAD:0.06930006% BID:1.443 ASK:1.444 MID:1.4435 P1:1.4435 P2:1.4435 P3:1.4435 P4:1.4435 STATE:IDLE
[2026-05-04 18:16:53Z] CHK MOM:0% RANGE:0% UP:0% SPREAD:0.06930006% BID:1.443 ASK:1.444 MID:1.4435 P1:1.4435 P2:1.4435 P3:1.4435 P4:1.4435 STATE:IDLE
[2026-05-04 18:16:54Z] CHK MOM:0% RANGE:0% UP:0% SPREAD:0.06930006% BID:1.443 ASK:1.444 MID:1.4435 P1:1.4435 P2:1.4435 P3:1.4435 P4:1.4435 STATE:IDLE
[2026-05-04 18:16:54Z] CHK MOM:0% RANGE:0% UP:0% SPREAD:0.06930006% BID:1.443 ASK:1.444 MID:1.4435 P1:1.4435 P2:1.4435 P3:1.4435 P4:1.4435 STATE:IDLE
[2026-05-04 18:16:55Z] CHK MOM:0% RANGE:0% UP:0% SPREAD:0.06930006% BID:1.443 ASK:1.444 MID:1.4435 P1:1.4435 P2:1.4435 P3:1.4435 P4:1.4435 STATE:IDLE
[2026-05-04 18:16:55Z] CHK MOM:0.06% RANGE:0.06% UP:14.28% SPREAD:0.06925207% BID:1.444 ASK:1.445 MID:1.4445 P1:1.4445 P2:1.4435 P3:1.4435 P4:1.4435 STATE:IDLE
[2026-05-04 18:16:56Z] CHK MOM:0.06% RANGE:0.06% UP:12.5% SPREAD:0.06925207% BID:1.444 ASK:1.445 MID:1.4445 P1:1.4445 P2:1.4445 P3:1.4435 P4:1.4435 STATE:IDLE
[2026-05-04 18:16:56Z] CHK MOM:0.06% RANGE:0.06% UP:11.11% SPREAD:0.06925207% BID:1.444 ASK:1.445 MID:1.4445 P1:1.4445 P2:1.4445 P3:1.4445 P4:1.4435 STATE:IDLE
[2026-05-04 18:16:57Z] CHK MOM:0.06% RANGE:0.06% UP:11.11% SPREAD:0.06925207% BID:1.444 ASK:1.445 MID:1.4445 P1:1.4445 P2:1.4445 P3:1.4445 P4:1.4435 STATE:IDLE
[2026-05-04 18:16:57Z] CHK MOM:0.06% RANGE:0.06% UP:11.11% SPREAD:0.06925207% BID:1.444 ASK:1.445 MID:1.4445 P1:1.4445 P2:1.4445 P3:1.4445 P4:1.4435 STATE:IDLE
[2026-05-04 18:16:58Z] CHK MOM:0% RANGE:0.06% UP:14.28% SPREAD:0.06930006% BID:1.443 ASK:1.444 MID:1.4435 P1:1.4435 P2:1.4445 P3:1.4445 P4:1.4445 STATE:IDLE
[2026-05-04 18:16:58Z] CHK MOM:0% RANGE:0.06% UP:14.28% SPREAD:0.06930006% BID:1.443 ASK:1.444 MID:1.4435 P1:1.4435 P2:1.4445 P3:1.4445 P4:1.4445 STATE:IDLE
[2026-05-04 18:16:59Z] CHK MOM:0% RANGE:0.06% UP:14.28% SPREAD:0.06930006% BID:1.443 ASK:1.444 MID:1.4435 P1:1.4435 P2:1.4445 P3:1.4445 P4:1.4445 STATE:IDLE
[2026-05-04 18:16:59Z] CHK MOM:0% RANGE:0.06% UP:14.28% SPREAD:0.06930006% BID:1.443 ASK:1.444 MID:1.4435 P1:1.4435 P2:1.4445 P3:1.4445 P4:1.4445 STATE:IDLE
[2026-05-04 18:17:00Z] CHK MOM:0% RANGE:0.06% UP:20% SPREAD:0.06930006% BID:1.443 ASK:1.444 MID:1.4435 P1:1.4435 P2:1.4435 P3:1.4445 P4:1.4445 STATE:IDLE
[2026-05-04 18:17:01Z] CHK MOM:0% RANGE:0.06% UP:16.66% SPREAD:0.06930006% BID:1.443 ASK:1.444 MID:1.4435 P1:1.4435 P2:1.4435 P3:1.4435 P4:1.4445 STATE:IDLE
[2026-05-04 18:17:01Z] CHK MOM:0.06% RANGE:0.06% UP:28.57% SPREAD:0.06925207% BID:1.444 ASK:1.445 MID:1.4445 P1:1.4445 P2:1.4435 P3:1.4435 P4:1.4435 STATE:IDLE
[2026-05-04 18:17:02Z] CHK MOM:0.06% RANGE:0.06% UP:28.57% SPREAD:0.06925207% BID:1.444 ASK:1.445 MID:1.4445 P1:1.4445 P2:1.4435 P3:1.4435 P4:1.4435 STATE:IDLE
[2026-05-04 18:17:02Z] CHK MOM:0.06% RANGE:0.06% UP:25% SPREAD:0.06925207% BID:1.444 ASK:1.445 MID:1.4445 P1:1.4445 P2:1.4445 P3:1.4435 P4:1.4435 STATE:IDLE
[2026-05-04 18:17:03Z] CHK MOM:0.06% RANGE:0.06% UP:25% SPREAD:0.06925207% BID:1.444 ASK:1.445 MID:1.4445 P1:1.4445 P2:1.4445 P3:1.4435 P4:1.4435 STATE:IDLE
[2026-05-04 18:17:03Z] CHK MOM:0.06% RANGE:0.06% UP:25% SPREAD:0.06925207% BID:1.444 ASK:1.445 MID:1.4445 P1:1.4445 P2:1.4445 P3:1.4435 P4:1.4435 STATE:IDLE
[2026-05-04 18:17:04Z] CHK MOM:0.06% RANGE:0.06% UP:25% SPREAD:0.06925207% BID:1.444 ASK:1.445 MID:1.4445 P1:1.4445 P2:1.4445 P3:1.4435 P4:1.4435 STATE:IDLE
[2026-05-04 18:17:04Z] CHK MOM:0.06% RANGE:0.06% UP:25% SPREAD:0.06925207% BID:1.444 ASK:1.445 MID:1.4445 P1:1.4445 P2:1.4445 P3:1.4435 P4:1.4435 STATE:IDLE
[2026-05-04 18:17:12Z] CHK MOM:0% RANGE:0% UP:0% SPREAD:0.06925207% BID:1.444 ASK:1.445 MID:1.4445 P1:1.4445 P2:1.4445 P3:1.4445 P4:1.4435 STATE:IDLE
[2026-05-04 18:17:13Z] CHK MOM:0% RANGE:0% UP:0% SPREAD:0.06925207% BID:1.444 ASK:1.445 MID:1.4445 P1:1.4445 P2:1.4445 P3:1.4445 P4:1.4435 STATE:IDLE
[2026-05-04 18:17:13Z] CHK MOM:0% RANGE:0% UP:0% SPREAD:0.06925207% BID:1.444 ASK:1.445 MID:1.4445 P1:1.4445 P2:1.4445 P3:1.4445 P4:1.4435 STATE:IDLE
[2026-05-04 18:17:14Z] CHK MOM:0% RANGE:0% UP:0% SPREAD:0.06925207% BID:1.444 ASK:1.445 MID:1.4445 P1:1.4445 P2:1.4445 P3:1.4445 P4:1.4445 STATE:IDLE
[2026-05-04 18:17:14Z] CHK MOM:0% RANGE:0% UP:0% SPREAD:0.06925207% BID:1.444 ASK:1.445 MID:1.4445 P1:1.4445 P2:1.4445 P3:1.4445 P4:1.4445 STATE:IDLE
[2026-05-04 18:17:15Z] CHK MOM:0% RANGE:0% UP:0% SPREAD:0.06925207% BID:1.444 ASK:1.445 MID:1.4445 P1:1.4445 P2:1.4445 P3:1.4445 P4:1.4445 STATE:IDLE
[2026-05-04 18:17:15Z] CHK MOM:0% RANGE:0% UP:0% SPREAD:0.06925207% BID:1.444 ASK:1.445 MID:1.4445 P1:1.4445 P2:1.4445 P3:1.4445 P4:1.4445 STATE:IDLE
[2026-05-04 18:17:16Z] CHK MOM:-0.06% RANGE:0.06% UP:0% SPREAD:0.06930006% BID:1.443 ASK:1.444 MID:1.4435 P1:1.4435 P2:1.4445 P3:1.4445 P4:1.4445 STATE:IDLE
[2026-05-04 18:17:16Z] CHK MOM:-0.06% RANGE:0.06% UP:0% SPREAD:0.06930006% BID:1.443 ASK:1.444 MID:1.4435 P1:1.4435 P2:1.4435 P3:1.4445 P4:1.4445 STATE:IDLE
[2026-05-04 18:17:17Z] CHK MOM:-0.06% RANGE:0.06% UP:0% SPREAD:0.06930006% BID:1.443 ASK:1.444 MID:1.4435 P1:1.4435 P2:1.4435 P3:1.4445 P4:1.4445 STATE:IDLE
[2026-05-04 18:17:18Z] CHK MOM:-0.06% RANGE:0.06% UP:0% SPREAD:0.06930006% BID:1.443 ASK:1.444 MID:1.4435 P1:1.4435 P2:1.4435 P3:1.4445 P4:1.4445 STATE:IDLE
[2026-05-04 18:17:18Z] CHK MOM:-0.06% RANGE:0.06% UP:0% SPREAD:0.06930006% BID:1.443 ASK:1.444 MID:1.4435 P1:1.4435 P2:1.4435 P3:1.4445 P4:1.4445 STATE:IDLE
[2026-05-04 18:17:19Z] CHK MOM:-0.06% RANGE:0.06% UP:0% SPREAD:0.06930006% BID:1.443 ASK:1.444 MID:1.4435 P1:1.4435 P2:1.4435 P3:1.4445 P4:1.4445 STATE:IDLE
[2026-05-04 18:17:19Z] CHK MOM:-0.13% RANGE:0.13% UP:0% SPREAD:0.06934812% BID:1.442 ASK:1.443 MID:1.4425 P1:1.4425 P2:1.4435 P3:1.4435 P4:1.4445 STATE:IDLE
[2026-05-04 18:17:20Z] CHK MOM:-0.13% RANGE:0.13% UP:0% SPREAD:0.06934812% BID:1.442 ASK:1.443 MID:1.4425 P1:1.4425 P2:1.4425 P3:1.4435 P4:1.4435 STATE:IDLE
[2026-05-04 18:17:20Z] CHK MOM:-0.13% RANGE:0.13% UP:0% SPREAD:0.06934812% BID:1.442 ASK:1.443 MID:1.4425 P1:1.4425 P2:1.4425 P3:1.4435 P4:1.4435 STATE:IDLE
[2026-05-04 18:17:21Z] CHK MOM:-0.13% RANGE:0.13% UP:0% SPREAD:0.06934812% BID:1.442 ASK:1.443 MID:1.4425 P1:1.4425 P2:1.4425 P3:1.4435 P4:1.4435 STATE:IDLE
[2026-05-04 18:17:21Z] CHK MOM:-0.13% RANGE:0.13% UP:0% SPREAD:0.06934812% BID:1.442 ASK:1.443 MID:1.4425 P1:1.4425 P2:1.4425 P3:1.4435 P4:1.4435 STATE:IDLE
[2026-05-04 18:17:22Z] CHK MOM:-0.13% RANGE:0.13% UP:0% SPREAD:0.06934812% BID:1.442 ASK:1.443 MID:1.4425 P1:1.4425 P2:1.4425 P3:1.4425 P4:1.4435 STATE:IDLE
[2026-05-04 18:17:22Z] CHK MOM:-0.13% RANGE:0.13% UP:0% SPREAD:0.06934812% BID:1.442 ASK:1.443 MID:1.4425 P1:1.4425 P2:1.4425 P3:1.4425 P4:1.4425 STATE:IDLE
[2026-05-04 18:17:23Z] CHK MOM:-0.13% RANGE:0.13% UP:0% SPREAD:0.06934812% BID:1.442 ASK:1.443 MID:1.4425 P1:1.4425 P2:1.4425 P3:1.4425 P4:1.4425 STATE:IDLE
[2026-05-04 18:17:24Z] CHK MOM:-0.06% RANGE:0.06% UP:0% SPREAD:0.06934812% BID:1.442 ASK:1.443 MID:1.4425 P1:1.4425 P2:1.4425 P3:1.4425 P4:1.4425 STATE:IDLE
[2026-05-04 18:17:24Z] CHK MOM:-0.06% RANGE:0.06% UP:0% SPREAD:0.06934812% BID:1.442 ASK:1.443 MID:1.4425 P1:1.4425 P2:1.4425 P3:1.4425 P4:1.4425 STATE:IDLE
[2026-05-04 18:17:25Z] CHK MOM:-0.06% RANGE:0.06% UP:0% SPREAD:0.06934812% BID:1.442 ASK:1.443 MID:1.4425 P1:1.4425 P2:1.4425 P3:1.4425 P4:1.4425 STATE:IDLE
[2026-05-04 18:17:25Z] CHK MOM:0% RANGE:0% UP:0% SPREAD:0.06934812% BID:1.442 ASK:1.443 MID:1.4425 P1:1.4425 P2:1.4425 P3:1.4425 P4:1.4425 STATE:IDLE
[2026-05-04 18:17:26Z] CHK MOM:0% RANGE:0% UP:0% SPREAD:0.06934812% BID:1.442 ASK:1.443 MID:1.4425 P1:1.4425 P2:1.4425 P3:1.4425 P4:1.4425 STATE:IDLE
[2026-05-04 18:17:26Z] CHK MOM:0% RANGE:0% UP:0% SPREAD:0.06934812% BID:1.442 ASK:1.443 MID:1.4425 P1:1.4425 P2:1.4425 P3:1.4425 P4:1.4425 STATE:IDLE
[2026-05-04 18:17:27Z] CHK MOM:0% RANGE:0% UP:0% SPREAD:0.06934812% BID:1.442 ASK:1.443 MID:1.4425 P1:1.4425 P2:1.4425 P3:1.4425 P4:1.4425 STATE:IDLE
[2026-05-04 18:17:27Z] CHK MOM:0% RANGE:0% UP:0% SPREAD:0.06934812% BID:1.442 ASK:1.443 MID:1.4425 P1:1.4425 P2:1.4425 P3:1.4425 P4:1.4425 STATE:IDLE
[2026-05-04 18:17:28Z] CHK MOM:0% RANGE:0% UP:0% SPREAD:0.06934812% BID:1.442 ASK:1.443 MID:1.4425 P1:1.4425 P2:1.4425 P3:1.4425 P4:1.4425 STATE:IDLE
[2026-05-04 18:17:29Z] CHK MOM:0% RANGE:0% UP:0% SPREAD:0.06934812% BID:1.442 ASK:1.443 MID:1.4425 P1:1.4425 P2:1.4425 P3:1.4425 P4:1.4425 STATE:IDLE
[2026-05-04 18:17:29Z] CHK MOM:0% RANGE:0% UP:0% SPREAD:0.06934812% BID:1.442 ASK:1.443 MID:1.4425 P1:1.4425 P2:1.4425 P3:1.4425 P4:1.4425 STATE:IDLE
[2026-05-04 18:17:30Z] CHK MOM:0% RANGE:0% UP:0% SPREAD:0.06934812% BID:1.442 ASK:1.443 MID:1.4425 P1:1.4425 P2:1.4425 P3:1.4425 P4:1.4425 STATE:IDLE
[2026-05-04 18:17:30Z] CHK MOM:0% RANGE:0% UP:0% SPREAD:0.06934812% BID:1.442 ASK:1.443 MID:1.4425 P1:1.4425 P2:1.4425 P3:1.4425 P4:1.4425 STATE:IDLE
[2026-05-04 18:17:31Z] CHK MOM:0% RANGE:0% UP:0% SPREAD:0.06934812% BID:1.442 ASK:1.443 MID:1.4425 P1:1.4425 P2:1.4425 P3:1.4425 P4:1.4425 STATE:IDLE
[2026-05-04 18:17:31Z] CHK MOM:0% RANGE:0% UP:0% SPREAD:0.06934812% BID:1.442 ASK:1.443 MID:1.4425 P1:1.4425 P2:1.4425 P3:1.4425 P4:1.4425 STATE:IDLE
[2026-05-04 18:17:35Z] CHK MOM:0% RANGE:0% UP:0% SPREAD:0.06934812% BID:1.442 ASK:1.443 MID:1.4425 P1:1.4425 P2:1.4425 P3:1.4425 P4:1.4425 STATE:IDLE
[2026-05-04 18:17:36Z] CHK MOM:0% RANGE:0% UP:0% SPREAD:0.06934812% BID:1.442 ASK:1.443 MID:1.4425 P1:1.4425 P2:1.4425 P3:1.4425 P4:1.4425 STATE:IDLE
[2026-05-04 18:17:36Z] CHK MOM:0% RANGE:0% UP:0% SPREAD:0.06934812% BID:1.442 ASK:1.443 MID:1.4425 P1:1.4425 P2:1.4425 P3:1.4425 P4:1.4425 STATE:IDLE
[2026-05-04 18:17:37Z] CHK MOM:0% RANGE:0% UP:0% SPREAD:0.06934812% BID:1.442 ASK:1.443 MID:1.4425 P1:1.4425 P2:1.4425 P3:1.4425 P4:1.4425 STATE:IDLE
[2026-05-04 18:17:37Z] CHK MOM:0% RANGE:0% UP:0% SPREAD:0.06934812% BID:1.442 ASK:1.443 MID:1.4425 P1:1.4425 P2:1.4425 P3:1.4425 P4:1.4425 STATE:IDLE
[2026-05-04 18:17:38Z] CHK MOM:0% RANGE:0% UP:0% SPREAD:0.06934812% BID:1.442 ASK:1.443 MID:1.4425 P1:1.4425 P2:1.4425 P3:1.4425 P4:1.4425 STATE:IDLE
[2026-05-04 18:17:38Z] CHK MOM:0% RANGE:0% UP:0% SPREAD:0.06934812% BID:1.442 ASK:1.443 MID:1.4425 P1:1.4425 P2:1.4425 P3:1.4425 P4:1.4425 STATE:IDLE
[2026-05-04 18:17:39Z] CHK MOM:0% RANGE:0% UP:0% SPREAD:0.06934812% BID:1.442 ASK:1.443 MID:1.4425 P1:1.4425 P2:1.4425 P3:1.4425 P4:1.4425 STATE:IDLE
[2026-05-04 18:17:39Z] CHK MOM:0% RANGE:0% UP:0% SPREAD:0.06934812% BID:1.442 ASK:1.443 MID:1.4425 P1:1.4425 P2:1.4425 P3:1.4425 P4:1.4425 STATE:IDLE
[2026-05-04 18:17:40Z] CHK MOM:0% RANGE:0% UP:0% SPREAD:0.06934812% BID:1.442 ASK:1.443 MID:1.4425 P1:1.4425 P2:1.4425 P3:1.4425 P4:1.4425 STATE:IDLE
[2026-05-04 18:17:41Z] CHK MOM:0% RANGE:0% UP:0% SPREAD:0.06934812% BID:1.442 ASK:1.443 MID:1.4425 P1:1.4425 P2:1.4425 P3:1.4425 P4:1.4425 STATE:IDLE
[2026-05-04 18:17:41Z] CHK MOM:0% RANGE:0% UP:0% SPREAD:0.06934812% BID:1.442 ASK:1.443 MID:1.4425 P1:1.4425 P2:1.4425 P3:1.4425 P4:1.4425 STATE:IDLE
[2026-05-04 18:17:42Z] CHK MOM:0% RANGE:0% UP:0% SPREAD:0.06934812% BID:1.442 ASK:1.443 MID:1.4425 P1:1.4425 P2:1.4425 P3:1.4425 P4:1.4425 STATE:IDLE
[2026-05-04 18:17:42Z] CHK MOM:0% RANGE:0% UP:0% SPREAD:0.06934812% BID:1.442 ASK:1.443 MID:1.4425 P1:1.4425 P2:1.4425 P3:1.4425 P4:1.4425 STATE:IDLE
[2026-05-04 18:17:43Z] CHK MOM:0.06% RANGE:0.06% UP:50% SPREAD:0.06930006% BID:1.443 ASK:1.444 MID:1.4435 P1:1.4435 P2:1.4425 P3:1.4425 P4:1.4425 STATE:IDLE
[2026-05-04 18:17:44Z] CHK MOM:0.06% RANGE:0.06% UP:50% SPREAD:0.06930006% BID:1.443 ASK:1.444 MID:1.4435 P1:1.4435 P2:1.4425 P3:1.4425 P4:1.4425 STATE:IDLE
[2026-05-04 18:17:44Z] CHK MOM:0.06% RANGE:0.06% UP:50% SPREAD:0.06930006% BID:1.443 ASK:1.444 MID:1.4435 P1:1.4435 P2:1.4425 P3:1.4425 P4:1.4425 STATE:IDLE
[2026-05-04 18:17:45Z] CHK MOM:0.06% RANGE:0.06% UP:33.33% SPREAD:0.06930006% BID:1.443 ASK:1.444 MID:1.4435 P1:1.4435 P2:1.4435 P3:1.4425 P4:1.4425 STATE:IDLE
[2026-05-04 18:17:45Z] CHK MOM:0.06% RANGE:0.06% UP:33.33% SPREAD:0.06930006% BID:1.443 ASK:1.444 MID:1.4435 P1:1.4435 P2:1.4435 P3:1.4425 P4:1.4425 STATE:IDLE
[2026-05-04 18:17:46Z] CHK MOM:0.06% RANGE:0.06% UP:33.33% SPREAD:0.06930006% BID:1.443 ASK:1.444 MID:1.4435 P1:1.4435 P2:1.4435 P3:1.4425 P4:1.4425 STATE:IDLE
[2026-05-04 18:17:47Z] CHK MOM:0.06% RANGE:0.06% UP:33.33% SPREAD:0.06930006% BID:1.443 ASK:1.444 MID:1.4435 P1:1.4435 P2:1.4435 P3:1.4435 P4:1.4425 STATE:IDLE
[2026-05-04 18:17:47Z] CHK MOM:0.06% RANGE:0.06% UP:33.33% SPREAD:0.06930006% BID:1.443 ASK:1.444 MID:1.4435 P1:1.4435 P2:1.4435 P3:1.4435 P4:1.4425 STATE:IDLE
[2026-05-04 18:17:48Z] CHK MOM:0.06% RANGE:0.06% UP:33.33% SPREAD:0.06930006% BID:1.443 ASK:1.444 MID:1.4435 P1:1.4435 P2:1.4435 P3:1.4435 P4:1.4425 STATE:IDLE
[2026-05-04 18:17:48Z] CHK MOM:0.06% RANGE:0.06% UP:33.33% SPREAD:0.06930006% BID:1.443 ASK:1.444 MID:1.4435 P1:1.4435 P2:1.4435 P3:1.4435 P4:1.4425 STATE:IDLE
[2026-05-04 18:17:49Z] CHK MOM:0.06% RANGE:0.06% UP:33.33% SPREAD:0.06930006% BID:1.443 ASK:1.444 MID:1.4435 P1:1.4435 P2:1.4435 P3:1.4435 P4:1.4425 STATE:IDLE
[2026-05-04 18:17:49Z] CHK MOM:0% RANGE:0% UP:0% SPREAD:0.06930006% BID:1.443 ASK:1.444 MID:1.4435 P1:1.4435 P2:1.4435 P3:1.4435 P4:1.4435 STATE:IDLE
[2026-05-04 18:17:50Z] CHK MOM:0.13% RANGE:0.13% UP:25% SPREAD:0.06920415% BID:1.445 ASK:1.446 MID:1.4455 P1:1.4455 P2:1.4435 P3:1.4435 P4:1.4435 STATE:IDLE
[2026-05-04 18:17:50Z] CHK MOM:0.13% RANGE:0.13% UP:20% SPREAD:0.06920415% BID:1.445 ASK:1.446 MID:1.4455 P1:1.4455 P2:1.4455 P3:1.4435 P4:1.4435 STATE:IDLE
[2026-05-04 18:17:51Z] CHK MOM:0.13% RANGE:0.13% UP:20% SPREAD:0.06920415% BID:1.445 ASK:1.446 MID:1.4455 P1:1.4455 P2:1.4455 P3:1.4435 P4:1.4435 STATE:IDLE
[2026-05-04 18:17:52Z] CHK MOM:0.13% RANGE:0.13% UP:20% SPREAD:0.06920415% BID:1.445 ASK:1.446 MID:1.4455 P1:1.4455 P2:1.4455 P3:1.4435 P4:1.4435 STATE:IDLE
[2026-05-04 18:17:52Z] CHK MOM:0.13% RANGE:0.13% UP:20% SPREAD:0.06920415% BID:1.445 ASK:1.446 MID:1.4455 P1:1.4455 P2:1.4455 P3:1.4435 P4:1.4435 STATE:IDLE
[2026-05-04 18:17:53Z] CHK MOM:0.13% RANGE:0.13% UP:25% SPREAD:0.06920415% BID:1.445 ASK:1.446 MID:1.4455 P1:1.4455 P2:1.4455 P3:1.4455 P4:1.4435 STATE:IDLE
[2026-05-04 18:17:53Z] CHK MOM:0.13% RANGE:0.13% UP:25% SPREAD:0.06920415% BID:1.445 ASK:1.446 MID:1.4455 P1:1.4455 P2:1.4455 P3:1.4455 P4:1.4435 STATE:IDLE
[2026-05-04 18:17:54Z] CHK MOM:0.13% RANGE:0.13% UP:25% SPREAD:0.06920415% BID:1.445 ASK:1.446 MID:1.4455 P1:1.4455 P2:1.4455 P3:1.4455 P4:1.4435 STATE:IDLE
[2026-05-04 18:17:54Z] CHK MOM:0.13% RANGE:0.13% UP:25% SPREAD:0.06920415% BID:1.445 ASK:1.446 MID:1.4455 P1:1.4455 P2:1.4455 P3:1.4455 P4:1.4455 STATE:IDLE
[2026-05-04 18:17:55Z] CHK MOM:0.13% RANGE:0.13% UP:25% SPREAD:0.06920415% BID:1.445 ASK:1.446 MID:1.4455 P1:1.4455 P2:1.4455 P3:1.4455 P4:1.4455 STATE:IDLE
[2026-05-04 18:17:55Z] CHK MOM:0.13% RANGE:0.13% UP:20% SPREAD:0.06920415% BID:1.445 ASK:1.446 MID:1.4455 P1:1.4455 P2:1.4455 P3:1.4455 P4:1.4455 STATE:IDLE
[2026-05-04 18:17:56Z] CHK MOM:0.06% RANGE:0.13% UP:16.66% SPREAD:0.06925207% BID:1.444 ASK:1.445 MID:1.4445 P1:1.4445 P2:1.4455 P3:1.4455 P4:1.4455 STATE:IDLE
[2026-05-04 18:17:56Z] CHK MOM:0.06% RANGE:0.13% UP:16.66% SPREAD:0.06925207% BID:1.444 ASK:1.445 MID:1.4445 P1:1.4445 P2:1.4455 P3:1.4455 P4:1.4455 STATE:IDLE
[2026-05-04 18:17:57Z] CHK MOM:0.06% RANGE:0.13% UP:14.28% SPREAD:0.06925207% BID:1.444 ASK:1.445 MID:1.4445 P1:1.4445 P2:1.4445 P3:1.4455 P4:1.4455 STATE:IDLE
[2026-05-04 18:17:58Z] CHK MOM:0.06% RANGE:0.13% UP:14.28% SPREAD:0.06925207% BID:1.444 ASK:1.445 MID:1.4445 P1:1.4445 P2:1.4445 P3:1.4455 P4:1.4455 STATE:IDLE
[2026-05-04 18:17:58Z] CHK MOM:0.06% RANGE:0.13% UP:14.28% SPREAD:0.06925207% BID:1.444 ASK:1.445 MID:1.4445 P1:1.4445 P2:1.4445 P3:1.4455 P4:1.4455 STATE:IDLE
[2026-05-04 18:17:59Z] CHK MOM:0.06% RANGE:0.13% UP:14.28% SPREAD:0.06925207% BID:1.444 ASK:1.445 MID:1.4445 P1:1.4445 P2:1.4445 P3:1.4455 P4:1.4455 STATE:IDLE
[2026-05-04 18:17:59Z] CHK MOM:0.06% RANGE:0.13% UP:14.28% SPREAD:0.06925207% BID:1.444 ASK:1.445 MID:1.4445 P1:1.4445 P2:1.4445 P3:1.4455 P4:1.4455 STATE:IDLE
[2026-05-04 18:18:00Z] CHK MOM:-0.06% RANGE:0.06% UP:0% SPREAD:0.06925207% BID:1.444 ASK:1.445 MID:1.4445 P1:1.4445 P2:1.4445 P3:1.4445 P4:1.4455 STATE:IDLE
[2026-05-04 18:18:00Z] CHK MOM:-0.06% RANGE:0.06% UP:0% SPREAD:0.06925207% BID:1.444 ASK:1.445 MID:1.4445 P1:1.4445 P2:1.4445 P3:1.4445 P4:1.4445 STATE:IDLE
[2026-05-04 18:18:01Z] CHK MOM:-0.06% RANGE:0.06% UP:0% SPREAD:0.06925207% BID:1.444 ASK:1.445 MID:1.4445 P1:1.4445 P2:1.4445 P3:1.4445 P4:1.4445 STATE:IDLE
[2026-05-04 18:18:01Z] CHK MOM:-0.06% RANGE:0.06% UP:0% SPREAD:0.06925207% BID:1.444 ASK:1.445 MID:1.4445 P1:1.4445 P2:1.4445 P3:1.4445 P4:1.4445 STATE:IDLE
[2026-05-04 18:18:02Z] CHK MOM:-0.06% RANGE:0.06% UP:0% SPREAD:0.06925207% BID:1.444 ASK:1.445 MID:1.4445 P1:1.4445 P2:1.4445 P3:1.4445 P4:1.4445 STATE:IDLE
[2026-05-04 18:18:03Z] CHK MOM:-0.06% RANGE:0.06% UP:0% SPREAD:0.06925207% BID:1.444 ASK:1.445 MID:1.4445 P1:1.4445 P2:1.4445 P3:1.4445 P4:1.4445 STATE:IDLE
[2026-05-04 18:18:03Z] CHK MOM:-0.06% RANGE:0.06% UP:0% SPREAD:0.06925207% BID:1.444 ASK:1.445 MID:1.4445 P1:1.4445 P2:1.4445 P3:1.4445 P4:1.4445 STATE:IDLE
[2026-05-04 18:18:04Z] CHK MOM:0% RANGE:0% UP:0% SPREAD:0.06925207% BID:1.444 ASK:1.445 MID:1.4445 P1:1.4445 P2:1.4445 P3:1.4445 P4:1.4445 STATE:IDLE
[2026-05-04 18:18:04Z] CHK MOM:0% RANGE:0% UP:0% SPREAD:0.06925207% BID:1.444 ASK:1.445 MID:1.4445 P1:1.4445 P2:1.4445 P3:1.4445 P4:1.4445 STATE:IDLE
[2026-05-04 18:18:05Z] CHK MOM:0% RANGE:0% UP:0% SPREAD:0.06925207% BID:1.444 ASK:1.445 MID:1.4445 P1:1.4445 P2:1.4445 P3:1.4445 P4:1.4445 STATE:IDLE
[2026-05-04 18:18:05Z] CHK MOM:0% RANGE:0% UP:0% SPREAD:0.06925207% BID:1.444 ASK:1.445 MID:1.4445 P1:1.4445 P2:1.4445 P3:1.4445 P4:1.4445 STATE:IDLE
[2026-05-04 18:18:06Z] CHK MOM:-0.06% RANGE:0.06% UP:0% SPREAD:0.06930006% BID:1.443 ASK:1.444 MID:1.4435 P1:1.4435 P2:1.4445 P3:1.4445 P4:1.4445 STATE:IDLE
[2026-05-04 18:18:06Z] CHK MOM:-0.06% RANGE:0.06% UP:0% SPREAD:0.06930006% BID:1.443 ASK:1.444 MID:1.4435 P1:1.4435 P2:1.4435 P3:1.4445 P4:1.4445 STATE:IDLE
[2026-05-04 18:18:07Z] CHK MOM:-0.06% RANGE:0.06% UP:0% SPREAD:0.06930006% BID:1.443 ASK:1.444 MID:1.4435 P1:1.4435 P2:1.4435 P3:1.4435 P4:1.4445 STATE:IDLE
[2026-05-04 18:18:07Z] CHK MOM:-0.06% RANGE:0.06% UP:0% SPREAD:0.06930006% BID:1.443 ASK:1.444 MID:1.4435 P1:1.4435 P2:1.4435 P3:1.4435 P4:1.4435 STATE:IDLE
[2026-05-04 18:18:08Z] CHK MOM:-0.06% RANGE:0.06% UP:0% SPREAD:0.06930006% BID:1.443 ASK:1.444 MID:1.4435 P1:1.4435 P2:1.4435 P3:1.4435 P4:1.4435 STATE:IDLE
[2026-05-04 18:18:09Z] CHK MOM:-0.13% RANGE:0.13% UP:0% SPREAD:0.06934812% BID:1.442 ASK:1.443 MID:1.4425 P1:1.4425 P2:1.4435 P3:1.4435 P4:1.4435 STATE:IDLE
[2026-05-04 18:18:09Z] CHK MOM:-0.13% RANGE:0.13% UP:0% SPREAD:0.06934812% BID:1.442 ASK:1.443 MID:1.4425 P1:1.4425 P2:1.4425 P3:1.4435 P4:1.4435 STATE:IDLE
[2026-05-04 18:18:10Z] CHK MOM:-0.13% RANGE:0.13% UP:0% SPREAD:0.06934812% BID:1.442 ASK:1.443 MID:1.4425 P1:1.4425 P2:1.4425 P3:1.4435 P4:1.4435 STATE:IDLE
[2026-05-04 18:18:10Z] CHK MOM:-0.13% RANGE:0.13% UP:0% SPREAD:0.06934812% BID:1.442 ASK:1.443 MID:1.4425 P1:1.4425 P2:1.4425 P3:1.4435 P4:1.4435 STATE:IDLE
[2026-05-04 18:18:11Z] CHK MOM:-0.13% RANGE:0.13% UP:0% SPREAD:0.06934812% BID:1.442 ASK:1.443 MID:1.4425 P1:1.4425 P2:1.4425 P3:1.4425 P4:1.4435 STATE:IDLE
[2026-05-04 18:18:11Z] CHK MOM:-0.13% RANGE:0.13% UP:0% SPREAD:0.06934812% BID:1.442 ASK:1.443 MID:1.4425 P1:1.4425 P2:1.4425 P3:1.4425 P4:1.4425 STATE:IDLE
[2026-05-04 18:18:12Z] CHK MOM:-0.13% RANGE:0.13% UP:0% SPREAD:0.06934812% BID:1.442 ASK:1.443 MID:1.4425 P1:1.4425 P2:1.4425 P3:1.4425 P4:1.4425 STATE:IDLE
[2026-05-04 18:18:12Z] CHK MOM:-0.13% RANGE:0.13% UP:0% SPREAD:0.06934812% BID:1.442 ASK:1.443 MID:1.4425 P1:1.4425 P2:1.4425 P3:1.4425 P4:1.4425 STATE:IDLE
[2026-05-04 18:18:13Z] CHK MOM:-0.13% RANGE:0.13% UP:0% SPREAD:0.06934812% BID:1.442 ASK:1.443 MID:1.4425 P1:1.4425 P2:1.4425 P3:1.4425 P4:1.4425 STATE:IDLE
[2026-05-04 18:18:14Z] CHK MOM:-0.13% RANGE:0.13% UP:0% SPREAD:0.06934812% BID:1.442 ASK:1.443 MID:1.4425 P1:1.4425 P2:1.4425 P3:1.4425 P4:1.4425 STATE:IDLE
[2026-05-04 18:18:14Z] CHK MOM:-0.06% RANGE:0.06% UP:0% SPREAD:0.06934812% BID:1.442 ASK:1.443 MID:1.4425 P1:1.4425 P2:1.4425 P3:1.4425 P4:1.4425 STATE:IDLE
[2026-05-04 18:18:15Z] CHK MOM:-0.06% RANGE:0.06% UP:0% SPREAD:0.06934812% BID:1.442 ASK:1.443 MID:1.4425 P1:1.4425 P2:1.4425 P3:1.4425 P4:1.4425 STATE:IDLE
[2026-05-04 18:18:15Z] CHK MOM:-0.06% RANGE:0.06% UP:0% SPREAD:0.06934812% BID:1.442 ASK:1.443 MID:1.4425 P1:1.4425 P2:1.4425 P3:1.4425 P4:1.4425 STATE:IDLE
[2026-05-04 18:18:16Z] CHK MOM:-0.06% RANGE:0.06% UP:0% SPREAD:0.06934812% BID:1.442 ASK:1.443 MID:1.4425 P1:1.4425 P2:1.4425 P3:1.4425 P4:1.4425 STATE:IDLE
[2026-05-04 18:18:16Z] CHK MOM:0.06% RANGE:0.06% UP:14.28% SPREAD:0.06930006% BID:1.443 ASK:1.444 MID:1.4435 P1:1.4435 P2:1.4425 P3:1.4425 P4:1.4425 STATE:IDLE
[2026-05-04 18:18:17Z] CHK MOM:0.06% RANGE:0.06% UP:14.28% SPREAD:0.06930006% BID:1.443 ASK:1.444 MID:1.4435 P1:1.4435 P2:1.4425 P3:1.4425 P4:1.4425 STATE:IDLE
[2026-05-04 18:18:17Z] CHK MOM:0.06% RANGE:0.06% UP:14.28% SPREAD:0.06930006% BID:1.443 ASK:1.444 MID:1.4435 P1:1.4435 P2:1.4435 P3:1.4425 P4:1.4425 STATE:IDLE
[2026-05-04 18:18:18Z] CHK MOM:0.06% RANGE:0.06% UP:14.28% SPREAD:0.06930006% BID:1.443 ASK:1.444 MID:1.4435 P1:1.4435 P2:1.4435 P3:1.4425 P4:1.4425 STATE:IDLE
[2026-05-04 18:18:18Z] CHK MOM:0.06% RANGE:0.06% UP:14.28% SPREAD:0.06930006% BID:1.443 ASK:1.444 MID:1.4435 P1:1.4435 P2:1.4435 P3:1.4435 P4:1.4425 STATE:IDLE
[2026-05-04 18:18:19Z] CHK MOM:0.06% RANGE:0.06% UP:14.28% SPREAD:0.06930006% BID:1.443 ASK:1.444 MID:1.4435 P1:1.4435 P2:1.4435 P3:1.4435 P4:1.4425 STATE:IDLE
[2026-05-04 18:18:20Z] CHK MOM:0.06% RANGE:0.06% UP:14.28% SPREAD:0.06930006% BID:1.443 ASK:1.444 MID:1.4435 P1:1.4435 P2:1.4435 P3:1.4435 P4:1.4425 STATE:IDLE
[2026-05-04 18:18:20Z] CHK MOM:0.06% RANGE:0.06% UP:14.28% SPREAD:0.06930006% BID:1.443 ASK:1.444 MID:1.4435 P1:1.4435 P2:1.4435 P3:1.4435 P4:1.4425 STATE:IDLE
[2026-05-04 18:18:21Z] CHK MOM:0.06% RANGE:0.06% UP:14.28% SPREAD:0.06930006% BID:1.443 ASK:1.444 MID:1.4435 P1:1.4435 P2:1.4435 P3:1.4435 P4:1.4425 STATE:IDLE
[2026-05-04 18:18:28Z] CHK MOM:0% RANGE:0% UP:0% SPREAD:0.06930006% BID:1.443 ASK:1.444 MID:1.4435 P1:1.4435 P2:1.4435 P3:1.4435 P4:1.4435 STATE:IDLE
[2026-05-04 18:18:28Z] CHK MOM:-0.03% RANGE:0.03% UP:0% SPREAD:0.13869625% BID:1.442 ASK:1.444 MID:1.443 P1:1.443 P2:1.4435 P3:1.4435 P4:1.4435 STATE:IDLE
[2026-05-04 18:18:29Z] CHK MOM:-0.06% RANGE:0.06% UP:0% SPREAD:0.06934812% BID:1.442 ASK:1.443 MID:1.4425 P1:1.4425 P2:1.443 P3:1.4435 P4:1.4435 STATE:IDLE
[2026-05-04 18:18:29Z] CHK MOM:-0.06% RANGE:0.06% UP:0% SPREAD:0.06934812% BID:1.442 ASK:1.443 MID:1.4425 P1:1.4425 P2:1.4425 P3:1.443 P4:1.4435 STATE:IDLE
[2026-05-04 18:18:30Z] CHK MOM:-0.06% RANGE:0.06% UP:0% SPREAD:0.06934812% BID:1.442 ASK:1.443 MID:1.4425 P1:1.4425 P2:1.4425 P3:1.4425 P4:1.443 STATE:IDLE
[2026-05-04 18:18:30Z] CHK MOM:0% RANGE:0.06% UP:20% SPREAD:0.06930006% BID:1.443 ASK:1.444 MID:1.4435 P1:1.4435 P2:1.4425 P3:1.4425 P4:1.4425 STATE:IDLE
[2026-05-04 18:18:31Z] CHK MOM:0% RANGE:0.06% UP:16.66% SPREAD:0.06930006% BID:1.443 ASK:1.444 MID:1.4435 P1:1.4435 P2:1.4435 P3:1.4425 P4:1.4425 STATE:IDLE
[2026-05-04 18:18:31Z] CHK MOM:0% RANGE:0.06% UP:16.66% SPREAD:0.06930006% BID:1.443 ASK:1.444 MID:1.4435 P1:1.4435 P2:1.4435 P3:1.4425 P4:1.4425 STATE:IDLE
[2026-05-04 18:18:32Z] CHK MOM:0% RANGE:0.06% UP:16.66% SPREAD:0.06930006% BID:1.443 ASK:1.444 MID:1.4435 P1:1.4435 P2:1.4435 P3:1.4425 P4:1.4425 STATE:IDLE
[2026-05-04 18:18:32Z] CHK MOM:0% RANGE:0.06% UP:16.66% SPREAD:0.06930006% BID:1.443 ASK:1.444 MID:1.4435 P1:1.4435 P2:1.4435 P3:1.4425 P4:1.4425 STATE:IDLE
[2026-05-04 18:18:34Z] CHK MOM:0% RANGE:0.06% UP:16.66% SPREAD:0.06930006% BID:1.443 ASK:1.444 MID:1.4435 P1:1.4435 P2:1.4435 P3:1.4425 P4:1.4425 STATE:IDLE
[2026-05-04 18:18:35Z] CHK MOM:0% RANGE:0.06% UP:14.28% SPREAD:0.06930006% BID:1.443 ASK:1.444 MID:1.4435 P1:1.4435 P2:1.4435 P3:1.4435 P4:1.4425 STATE:IDLE
[2026-05-04 18:18:35Z] CHK MOM:0% RANGE:0.06% UP:14.28% SPREAD:0.06930006% BID:1.443 ASK:1.444 MID:1.4435 P1:1.4435 P2:1.4435 P3:1.4435 P4:1.4425 STATE:IDLE
[2026-05-04 18:18:36Z] CHK MOM:0% RANGE:0.06% UP:14.28% SPREAD:0.06930006% BID:1.443 ASK:1.444 MID:1.4435 P1:1.4435 P2:1.4435 P3:1.4435 P4:1.4425 STATE:IDLE
[2026-05-04 18:18:36Z] CHK MOM:0% RANGE:0.06% UP:14.28% SPREAD:0.06930006% BID:1.443 ASK:1.444 MID:1.4435 P1:1.4435 P2:1.4435 P3:1.4435 P4:1.4425 STATE:IDLE
[2026-05-04 18:18:37Z] CHK MOM:0% RANGE:0.06% UP:14.28% SPREAD:0.06930006% BID:1.443 ASK:1.444 MID:1.4435 P1:1.4435 P2:1.4435 P3:1.4435 P4:1.4425 STATE:IDLE
[2026-05-04 18:18:37Z] CHK MOM:0% RANGE:0.06% UP:14.28% SPREAD:0.06930006% BID:1.443 ASK:1.444 MID:1.4435 P1:1.4435 P2:1.4435 P3:1.4435 P4:1.4425 STATE:IDLE
[2026-05-04 18:18:38Z] CHK MOM:0% RANGE:0% UP:0% SPREAD:0.06930006% BID:1.443 ASK:1.444 MID:1.4435 P1:1.4435 P2:1.4435 P3:1.4435 P4:1.4435 STATE:IDLE
[2026-05-04 18:18:39Z] CHK MOM:0% RANGE:0% UP:0% SPREAD:0.06930006% BID:1.443 ASK:1.444 MID:1.4435 P1:1.4435 P2:1.4435 P3:1.4435 P4:1.4435 STATE:IDLE
[2026-05-04 18:18:39Z] CHK MOM:0% RANGE:0% UP:0% SPREAD:0.06930006% BID:1.443 ASK:1.444 MID:1.4435 P1:1.4435 P2:1.4435 P3:1.4435 P4:1.4435 STATE:IDLE
[2026-05-04 18:18:40Z] CHK MOM:0% RANGE:0% UP:0% SPREAD:0.06930006% BID:1.443 ASK:1.444 MID:1.4435 P1:1.4435 P2:1.4435 P3:1.4435 P4:1.4435 STATE:IDLE
[2026-05-04 18:18:40Z] CHK MOM:0% RANGE:0% UP:0% SPREAD:0.06930006% BID:1.443 ASK:1.444 MID:1.4435 P1:1.4435 P2:1.4435 P3:1.4435 P4:1.4435 STATE:IDLE
[2026-05-04 18:18:46Z] CHK MOM:-0.06% RANGE:0.06% UP:0% SPREAD:0.06934812% BID:1.442 ASK:1.443 MID:1.4425 P1:1.4425 P2:1.4435 P3:1.4435 P4:1.4435 STATE:IDLE
[2026-05-04 18:18:46Z] CHK MOM:-0.06% RANGE:0.06% UP:0% SPREAD:0.06934812% BID:1.442 ASK:1.443 MID:1.4425 P1:1.4425 P2:1.4435 P3:1.4435 P4:1.4435 STATE:IDLE
[2026-05-04 18:18:47Z] CHK MOM:-0.06% RANGE:0.06% UP:0% SPREAD:0.06934812% BID:1.442 ASK:1.443 MID:1.4425 P1:1.4425 P2:1.4435 P3:1.4435 P4:1.4435 STATE:IDLE
[2026-05-04 18:18:47Z] CHK MOM:-0.06% RANGE:0.06% UP:0% SPREAD:0.06934812% BID:1.442 ASK:1.443 MID:1.4425 P1:1.4425 P2:1.4435 P3:1.4435 P4:1.4435 STATE:IDLE
[2026-05-04 18:18:48Z] CHK MOM:0% RANGE:0% UP:0% SPREAD:0.06934812% BID:1.442 ASK:1.443 MID:1.4425 P1:1.4425 P2:1.4425 P3:1.4435 P4:1.4435 STATE:IDLE
[2026-05-04 18:18:48Z] CHK MOM:0% RANGE:0% UP:0% SPREAD:0.06934812% BID:1.442 ASK:1.443 MID:1.4425 P1:1.4425 P2:1.4425 P3:1.4435 P4:1.4435 STATE:IDLE
[2026-05-04 18:18:49Z] CHK MOM:0% RANGE:0% UP:0% SPREAD:0.06934812% BID:1.442 ASK:1.443 MID:1.4425 P1:1.4425 P2:1.4425 P3:1.4425 P4:1.4435 STATE:IDLE
[2026-05-04 18:18:49Z] CHK MOM:0% RANGE:0% UP:0% SPREAD:0.06934812% BID:1.442 ASK:1.443 MID:1.4425 P1:1.4425 P2:1.4425 P3:1.4425 P4:1.4435 STATE:IDLE
[2026-05-04 18:18:50Z] CHK MOM:0% RANGE:0% UP:0% SPREAD:0.06934812% BID:1.442 ASK:1.443 MID:1.4425 P1:1.4425 P2:1.4425 P3:1.4425 P4:1.4435 STATE:IDLE
[2026-05-04 18:18:50Z] CHK MOM:0% RANGE:0% UP:0% SPREAD:0.06934812% BID:1.442 ASK:1.443 MID:1.4425 P1:1.4425 P2:1.4425 P3:1.4425 P4:1.4435 STATE:IDLE
[2026-05-04 18:18:51Z] CHK MOM:0% RANGE:0% UP:0% SPREAD:0.06934812% BID:1.442 ASK:1.443 MID:1.4425 P1:1.4425 P2:1.4425 P3:1.4425 P4:1.4435 STATE:IDLE
[2026-05-04 18:18:52Z] CHK MOM:0.06% RANGE:0.06% UP:33.33% SPREAD:0.06930006% BID:1.443 ASK:1.444 MID:1.4435 P1:1.4435 P2:1.4425 P3:1.4425 P4:1.4425 STATE:IDLE
[2026-05-04 18:18:52Z] CHK MOM:0.06% RANGE:0.06% UP:33.33% SPREAD:0.06930006% BID:1.443 ASK:1.444 MID:1.4435 P1:1.4435 P2:1.4425 P3:1.4425 P4:1.4425 STATE:IDLE
[2026-05-04 18:18:53Z] CHK MOM:0.06% RANGE:0.06% UP:25% SPREAD:0.06930006% BID:1.443 ASK:1.444 MID:1.4435 P1:1.4435 P2:1.4435 P3:1.4425 P4:1.4425 STATE:IDLE
[2026-05-04 18:18:53Z] CHK MOM:0.06% RANGE:0.06% UP:25% SPREAD:0.06930006% BID:1.443 ASK:1.444 MID:1.4435 P1:1.4435 P2:1.4435 P3:1.4425 P4:1.4425 STATE:IDLE
[2026-05-04 18:18:54Z] CHK MOM:0.06% RANGE:0.06% UP:25% SPREAD:0.06930006% BID:1.443 ASK:1.444 MID:1.4435 P1:1.4435 P2:1.4435 P3:1.4425 P4:1.4425 STATE:IDLE
[2026-05-04 18:18:54Z] CHK MOM:0.06% RANGE:0.06% UP:25% SPREAD:0.06930006% BID:1.443 ASK:1.444 MID:1.4435 P1:1.4435 P2:1.4435 P3:1.4425 P4:1.4425 STATE:IDLE
[2026-05-04 18:18:55Z] CHK MOM:0.06% RANGE:0.06% UP:25% SPREAD:0.06930006% BID:1.443 ASK:1.444 MID:1.4435 P1:1.4435 P2:1.4435 P3:1.4425 P4:1.4425 STATE:IDLE
[2026-05-04 18:18:55Z] CHK MOM:0.06% RANGE:0.06% UP:25% SPREAD:0.06930006% BID:1.443 ASK:1.444 MID:1.4435 P1:1.4435 P2:1.4435 P3:1.4425 P4:1.4425 STATE:IDLE
[2026-05-04 18:18:59Z] CHK MOM:0% RANGE:0% UP:0% SPREAD:0.06930006% BID:1.443 ASK:1.444 MID:1.4435 P1:1.4435 P2:1.4435 P3:1.4435 P4:1.4425 STATE:IDLE
[2026-05-04 18:18:59Z] CHK MOM:0% RANGE:0% UP:0% SPREAD:0.06930006% BID:1.443 ASK:1.444 MID:1.4435 P1:1.4435 P2:1.4435 P3:1.4435 P4:1.4425 STATE:IDLE
[2026-05-04 18:19:00Z] CHK MOM:0% RANGE:0% UP:0% SPREAD:0.06930006% BID:1.443 ASK:1.444 MID:1.4435 P1:1.4435 P2:1.4435 P3:1.4435 P4:1.4425 STATE:IDLE
[2026-05-04 18:19:00Z] CHK MOM:0% RANGE:0% UP:0% SPREAD:0.06930006% BID:1.443 ASK:1.444 MID:1.4435 P1:1.4435 P2:1.4435 P3:1.4435 P4:1.4435 STATE:IDLE
[2026-05-04 18:19:01Z] CHK MOM:0% RANGE:0% UP:0% SPREAD:0.06930006% BID:1.443 ASK:1.444 MID:1.4435 P1:1.4435 P2:1.4435 P3:1.4435 P4:1.4435 STATE:IDLE
[2026-05-04 18:19:01Z] CHK MOM:-0.06% RANGE:0.06% UP:0% SPREAD:0.06934812% BID:1.442 ASK:1.443 MID:1.4425 P1:1.4425 P2:1.4435 P3:1.4435 P4:1.4435 STATE:IDLE
[2026-05-04 18:19:02Z] CHK MOM:-0.06% RANGE:0.06% UP:0% SPREAD:0.06934812% BID:1.442 ASK:1.443 MID:1.4425 P1:1.4425 P2:1.4435 P3:1.4435 P4:1.4435 STATE:IDLE
[2026-05-04 18:19:02Z] CHK MOM:-0.06% RANGE:0.06% UP:0% SPREAD:0.06934812% BID:1.442 ASK:1.443 MID:1.4425 P1:1.4425 P2:1.4425 P3:1.4435 P4:1.4435 STATE:IDLE
[2026-05-04 18:19:03Z] CHK MOM:-0.06% RANGE:0.06% UP:0% SPREAD:0.06934812% BID:1.442 ASK:1.443 MID:1.4425 P1:1.4425 P2:1.4425 P3:1.4425 P4:1.4435 STATE:IDLE
[2026-05-04 18:19:04Z] CHK MOM:-0.06% RANGE:0.06% UP:0% SPREAD:0.06934812% BID:1.442 ASK:1.443 MID:1.4425 P1:1.4425 P2:1.4425 P3:1.4425 P4:1.4435 STATE:IDLE
[2026-05-04 18:19:04Z] CHK MOM:-0.06% RANGE:0.06% UP:0% SPREAD:0.06934812% BID:1.442 ASK:1.443 MID:1.4425 P1:1.4425 P2:1.4425 P3:1.4425 P4:1.4435 STATE:IDLE
[2026-05-04 18:19:05Z] CHK MOM:-0.06% RANGE:0.06% UP:0% SPREAD:0.06934812% BID:1.442 ASK:1.443 MID:1.4425 P1:1.4425 P2:1.4425 P3:1.4425 P4:1.4435 STATE:IDLE
[2026-05-04 18:19:05Z] CHK MOM:-0.06% RANGE:0.06% UP:0% SPREAD:0.06934812% BID:1.442 ASK:1.443 MID:1.4425 P1:1.4425 P2:1.4425 P3:1.4425 P4:1.4435 STATE:IDLE
[2026-05-04 18:19:06Z] CHK MOM:-0.06% RANGE:0.06% UP:0% SPREAD:0.06934812% BID:1.442 ASK:1.443 MID:1.4425 P1:1.4425 P2:1.4425 P3:1.4425 P4:1.4425 STATE:IDLE
[2026-05-04 18:19:06Z] CHK MOM:0% RANGE:0.06% UP:14.28% SPREAD:0.06930006% BID:1.443 ASK:1.444 MID:1.4435 P1:1.4435 P2:1.4425 P3:1.4425 P4:1.4425 STATE:IDLE
[2026-05-04 18:19:07Z] CHK MOM:0% RANGE:0.06% UP:14.28% SPREAD:0.06930006% BID:1.443 ASK:1.444 MID:1.4435 P1:1.4435 P2:1.4425 P3:1.4425 P4:1.4425 STATE:IDLE
[2026-05-04 18:19:07Z] CHK MOM:0% RANGE:0.06% UP:14.28% SPREAD:0.06930006% BID:1.443 ASK:1.444 MID:1.4435 P1:1.4435 P2:1.4425 P3:1.4425 P4:1.4425 STATE:IDLE
[2026-05-04 18:19:08Z] CHK MOM:0% RANGE:0.06% UP:14.28% SPREAD:0.06930006% BID:1.443 ASK:1.444 MID:1.4435 P1:1.4435 P2:1.4425 P3:1.4425 P4:1.4425 STATE:IDLE
[2026-05-04 18:19:08Z] CHK MOM:0% RANGE:0.06% UP:14.28% SPREAD:0.06930006% BID:1.443 ASK:1.444 MID:1.4435 P1:1.4435 P2:1.4425 P3:1.4425 P4:1.4425 STATE:IDLE
[2026-05-04 18:19:09Z] CHK MOM:0% RANGE:0.06% UP:14.28% SPREAD:0.06930006% BID:1.443 ASK:1.444 MID:1.4435 P1:1.4435 P2:1.4425 P3:1.4425 P4:1.4425 STATE:IDLE
[2026-05-04 18:19:13Z] CHK MOM:0.06% RANGE:0.06% UP:50% SPREAD:0.06930006% BID:1.443 ASK:1.444 MID:1.4435 P1:1.4435 P2:1.4435 P3:1.4425 P4:1.4425 STATE:IDLE
[2026-05-04 18:19:14Z] CHK MOM:0.06% RANGE:0.06% UP:50% SPREAD:0.06930006% BID:1.443 ASK:1.444 MID:1.4435 P1:1.4435 P2:1.4435 P3:1.4425 P4:1.4425 STATE:IDLE
[2026-05-04 18:19:15Z] CHK MOM:0.06% RANGE:0.06% UP:50% SPREAD:0.06930006% BID:1.443 ASK:1.444 MID:1.4435 P1:1.4435 P2:1.4435 P3:1.4425 P4:1.4425 STATE:IDLE
[2026-05-04 18:19:15Z] CHK MOM:0% RANGE:0% UP:0% SPREAD:0.06930006% BID:1.443 ASK:1.444 MID:1.4435 P1:1.4435 P2:1.4435 P3:1.4435 P4:1.4425 STATE:IDLE
[2026-05-04 18:19:16Z] CHK MOM:0% RANGE:0% UP:0% SPREAD:0.06930006% BID:1.443 ASK:1.444 MID:1.4435 P1:1.4435 P2:1.4435 P3:1.4435 P4:1.4425 STATE:IDLE
[2026-05-04 18:19:16Z] CHK MOM:0% RANGE:0% UP:0% SPREAD:0.06930006% BID:1.443 ASK:1.444 MID:1.4435 P1:1.4435 P2:1.4435 P3:1.4435 P4:1.4435 STATE:IDLE
[2026-05-04 18:19:17Z] CHK MOM:0% RANGE:0% UP:0% SPREAD:0.06930006% BID:1.443 ASK:1.444 MID:1.4435 P1:1.4435 P2:1.4435 P3:1.4435 P4:1.4435 STATE:IDLE
[2026-05-04 18:19:17Z] CHK MOM:0% RANGE:0% UP:0% SPREAD:0.06930006% BID:1.443 ASK:1.444 MID:1.4435 P1:1.4435 P2:1.4435 P3:1.4435 P4:1.4435 STATE:IDLE
[2026-05-04 18:19:18Z] CHK MOM:0% RANGE:0% UP:0% SPREAD:0.06930006% BID:1.443 ASK:1.444 MID:1.4435 P1:1.4435 P2:1.4435 P3:1.4435 P4:1.4435 STATE:IDLE
[2026-05-04 18:19:18Z] CHK MOM:0% RANGE:0% UP:0% SPREAD:0.06930006% BID:1.443 ASK:1.444 MID:1.4435 P1:1.4435 P2:1.4435 P3:1.4435 P4:1.4435 STATE:IDLE
[2026-05-04 18:19:19Z] CHK MOM:0% RANGE:0% UP:0% SPREAD:0.06930006% BID:1.443 ASK:1.444 MID:1.4435 P1:1.4435 P2:1.4435 P3:1.4435 P4:1.4435 STATE:IDLE
[2026-05-04 18:19:21Z] CHK MOM:0% RANGE:0% UP:0% SPREAD:0.06930006% BID:1.443 ASK:1.444 MID:1.4435 P1:1.4435 P2:1.4435 P3:1.4435 P4:1.4435 STATE:IDLE
[2026-05-04 18:19:21Z] CHK MOM:0% RANGE:0% UP:0% SPREAD:0.06930006% BID:1.443 ASK:1.444 MID:1.4435 P1:1.4435 P2:1.4435 P3:1.4435 P4:1.4435 STATE:IDLE
[2026-05-04 18:19:22Z] CHK MOM:0% RANGE:0% UP:0% SPREAD:0.06930006% BID:1.443 ASK:1.444 MID:1.4435 P1:1.4435 P2:1.4435 P3:1.4435 P4:1.4435 STATE:IDLE
[2026-05-04 18:19:22Z] CHK MOM:0% RANGE:0% UP:0% SPREAD:0.06930006% BID:1.443 ASK:1.444 MID:1.4435 P1:1.4435 P2:1.4435 P3:1.4435 P4:1.4435 STATE:IDLE
[2026-05-04 18:19:23Z] CHK MOM:0% RANGE:0% UP:0% SPREAD:0.06930006% BID:1.443 ASK:1.444 MID:1.4435 P1:1.4435 P2:1.4435 P3:1.4435 P4:1.4435 STATE:IDLE
[2026-05-04 18:19:23Z] CHK MOM:0% RANGE:0% UP:0% SPREAD:0.06930006% BID:1.443 ASK:1.444 MID:1.4435 P1:1.4435 P2:1.4435 P3:1.4435 P4:1.4435 STATE:IDLE
[2026-05-04 18:19:33Z] CHK MOM:0% RANGE:0% UP:0% SPREAD:0.06930006% BID:1.443 ASK:1.444 MID:1.4435 P1:1.4435 P2:1.4435 P3:1.4435 P4:1.4435 STATE:IDLE
[2026-05-04 18:19:34Z] CHK MOM:0% RANGE:0% UP:0% SPREAD:0.06930006% BID:1.443 ASK:1.444 MID:1.4435 P1:1.4435 P2:1.4435 P3:1.4435 P4:1.4435 STATE:IDLE
[2026-05-04 18:19:34Z] CHK MOM:0% RANGE:0% UP:0% SPREAD:0.06930006% BID:1.443 ASK:1.444 MID:1.4435 P1:1.4435 P2:1.4435 P3:1.4435 P4:1.4435 STATE:IDLE
[2026-05-04 18:19:35Z] CHK MOM:0% RANGE:0% UP:0% SPREAD:0.06930006% BID:1.443 ASK:1.444 MID:1.4435 P1:1.4435 P2:1.4435 P3:1.4435 P4:1.4435 STATE:IDLE
[2026-05-04 18:19:35Z] CHK MOM:0% RANGE:0% UP:0% SPREAD:0.06930006% BID:1.443 ASK:1.444 MID:1.4435 P1:1.4435 P2:1.4435 P3:1.4435 P4:1.4435 STATE:IDLE
[2026-05-04 18:19:36Z] CHK MOM:0% RANGE:0% UP:0% SPREAD:0.06930006% BID:1.443 ASK:1.444 MID:1.4435 P1:1.4435 P2:1.4435 P3:1.4435 P4:1.4435 STATE:IDLE
[2026-05-04 18:19:39Z] CHK MOM:0% RANGE:0% UP:0% SPREAD:0.06930006% BID:1.443 ASK:1.444 MID:1.4435 P1:1.4435 P2:1.4435 P3:1.4435 P4:1.4435 STATE:IDLE
[2026-05-04 18:19:39Z] CHK MOM:-0.06% RANGE:0.06% UP:0% SPREAD:0.06934812% BID:1.442 ASK:1.443 MID:1.4425 P1:1.4425 P2:1.4435 P3:1.4435 P4:1.4435 STATE:IDLE
[2026-05-04 18:19:40Z] CHK MOM:-0.06% RANGE:0.06% UP:0% SPREAD:0.06934812% BID:1.442 ASK:1.443 MID:1.4425 P1:1.4425 P2:1.4435 P3:1.4435 P4:1.4435 STATE:IDLE
[2026-05-04 18:19:40Z] CHK MOM:-0.06% RANGE:0.06% UP:0% SPREAD:0.06934812% BID:1.442 ASK:1.443 MID:1.4425 P1:1.4425 P2:1.4435 P3:1.4435 P4:1.4435 STATE:IDLE
[2026-05-04 18:19:41Z] CHK MOM:-0.06% RANGE:0.06% UP:0% SPREAD:0.06934812% BID:1.442 ASK:1.443 MID:1.4425 P1:1.4425 P2:1.4435 P3:1.4435 P4:1.4435 STATE:IDLE
[2026-05-04 18:19:41Z] CHK MOM:-0.06% RANGE:0.06% UP:0% SPREAD:0.06934812% BID:1.442 ASK:1.443 MID:1.4425 P1:1.4425 P2:1.4435 P3:1.4435 P4:1.4435 STATE:IDLE
[2026-05-04 18:19:42Z] CHK MOM:-0.06% RANGE:0.06% UP:0% SPREAD:0.06934812% BID:1.442 ASK:1.443 MID:1.4425 P1:1.4425 P2:1.4425 P3:1.4435 P4:1.4435 STATE:IDLE
[2026-05-04 18:19:42Z] CHK MOM:-0.06% RANGE:0.06% UP:0% SPREAD:0.06934812% BID:1.442 ASK:1.443 MID:1.4425 P1:1.4425 P2:1.4425 P3:1.4435 P4:1.4435 STATE:IDLE
[2026-05-04 18:19:43Z] CHK MOM:-0.06% RANGE:0.06% UP:0% SPREAD:0.06934812% BID:1.442 ASK:1.443 MID:1.4425 P1:1.4425 P2:1.4425 P3:1.4435 P4:1.4435 STATE:IDLE
[2026-05-04 18:19:43Z] CHK MOM:-0.06% RANGE:0.06% UP:0% SPREAD:0.06934812% BID:1.442 ASK:1.443 MID:1.4425 P1:1.4425 P2:1.4425 P3:1.4435 P4:1.4435 STATE:IDLE
[2026-05-04 18:19:44Z] CHK MOM:-0.06% RANGE:0.06% UP:0% SPREAD:0.06934812% BID:1.442 ASK:1.443 MID:1.4425 P1:1.4425 P2:1.4425 P3:1.4435 P4:1.4435 STATE:IDLE
[2026-05-04 18:19:46Z] CHK MOM:-0.06% RANGE:0.06% UP:0% SPREAD:0.06934812% BID:1.442 ASK:1.443 MID:1.4425 P1:1.4425 P2:1.4425 P3:1.4425 P4:1.4435 STATE:IDLE
[2026-05-04 18:19:46Z] CHK MOM:-0.06% RANGE:0.06% UP:0% SPREAD:0.06934812% BID:1.442 ASK:1.443 MID:1.4425 P1:1.4425 P2:1.4425 P3:1.4425 P4:1.4435 STATE:IDLE
[2026-05-04 18:19:47Z] CHK MOM:-0.06% RANGE:0.06% UP:0% SPREAD:0.06934812% BID:1.442 ASK:1.443 MID:1.4425 P1:1.4425 P2:1.4425 P3:1.4425 P4:1.4435 STATE:IDLE
[2026-05-04 18:19:47Z] CHK MOM:-0.06% RANGE:0.06% UP:0% SPREAD:0.06934812% BID:1.442 ASK:1.443 MID:1.4425 P1:1.4425 P2:1.4425 P3:1.4425 P4:1.4435 STATE:IDLE
[2026-05-04 18:19:48Z] CHK MOM:-0.06% RANGE:0.06% UP:0% SPREAD:0.06934812% BID:1.442 ASK:1.443 MID:1.4425 P1:1.4425 P2:1.4425 P3:1.4425 P4:1.4435 STATE:IDLE
[2026-05-04 18:19:48Z] CHK MOM:-0.06% RANGE:0.06% UP:0% SPREAD:0.06934812% BID:1.442 ASK:1.443 MID:1.4425 P1:1.4425 P2:1.4425 P3:1.4425 P4:1.4435 STATE:IDLE
[2026-05-04 18:19:51Z] CHK MOM:-0.06% RANGE:0.06% UP:0% SPREAD:0.06939625% BID:1.441 ASK:1.442 MID:1.4415 P1:1.4415 P2:1.4425 P3:1.4425 P4:1.4425 STATE:IDLE
[2026-05-04 18:19:52Z] CHK MOM:-0.06% RANGE:0.06% UP:0% SPREAD:0.06939625% BID:1.441 ASK:1.442 MID:1.4415 P1:1.4415 P2:1.4415 P3:1.4425 P4:1.4425 STATE:IDLE
[2026-05-04 18:19:52Z] CHK MOM:-0.06% RANGE:0.06% UP:0% SPREAD:0.06939625% BID:1.441 ASK:1.442 MID:1.4415 P1:1.4415 P2:1.4415 P3:1.4415 P4:1.4425 STATE:IDLE
[2026-05-04 18:19:53Z] CHK MOM:-0.06% RANGE:0.06% UP:0% SPREAD:0.06939625% BID:1.441 ASK:1.442 MID:1.4415 P1:1.4415 P2:1.4415 P3:1.4415 P4:1.4415 STATE:IDLE
[2026-05-04 18:19:53Z] CHK MOM:-0.06% RANGE:0.06% UP:0% SPREAD:0.06939625% BID:1.441 ASK:1.442 MID:1.4415 P1:1.4415 P2:1.4415 P3:1.4415 P4:1.4415 STATE:IDLE
[2026-05-04 18:19:54Z] CHK MOM:-0.06% RANGE:0.06% UP:0% SPREAD:0.06939625% BID:1.441 ASK:1.442 MID:1.4415 P1:1.4415 P2:1.4415 P3:1.4415 P4:1.4415 STATE:IDLE
[2026-05-04 18:19:54Z] CHK MOM:-0.06% RANGE:0.06% UP:0% SPREAD:0.06939625% BID:1.441 ASK:1.442 MID:1.4415 P1:1.4415 P2:1.4415 P3:1.4415 P4:1.4415 STATE:IDLE
[2026-05-04 18:19:55Z] CHK MOM:0% RANGE:0% UP:0% SPREAD:0.06939625% BID:1.441 ASK:1.442 MID:1.4415 P1:1.4415 P2:1.4415 P3:1.4415 P4:1.4415 STATE:IDLE
[2026-05-04 18:19:55Z] CHK MOM:0% RANGE:0% UP:0% SPREAD:0.06939625% BID:1.441 ASK:1.442 MID:1.4415 P1:1.4415 P2:1.4415 P3:1.4415 P4:1.4415 STATE:IDLE
[2026-05-04 18:19:56Z] CHK MOM:0.06% RANGE:0.06% UP:16.66% SPREAD:0.06934812% BID:1.442 ASK:1.443 MID:1.4425 P1:1.4425 P2:1.4415 P3:1.4415 P4:1.4415 STATE:IDLE
[2026-05-04 18:19:57Z] CHK MOM:0.06% RANGE:0.06% UP:16.66% SPREAD:0.06934812% BID:1.442 ASK:1.443 MID:1.4425 P1:1.4425 P2:1.4415 P3:1.4415 P4:1.4415 STATE:IDLE
[2026-05-04 18:19:57Z] CHK MOM:0.06% RANGE:0.06% UP:16.66% SPREAD:0.06934812% BID:1.442 ASK:1.443 MID:1.4425 P1:1.4425 P2:1.4415 P3:1.4415 P4:1.4415 STATE:IDLE
[2026-05-04 18:19:58Z] CHK MOM:0.06% RANGE:0.06% UP:16.66% SPREAD:0.06934812% BID:1.442 ASK:1.443 MID:1.4425 P1:1.4425 P2:1.4415 P3:1.4415 P4:1.4415 STATE:IDLE
[2026-05-04 18:19:58Z] CHK MOM:0.06% RANGE:0.06% UP:16.66% SPREAD:0.06934812% BID:1.442 ASK:1.443 MID:1.4425 P1:1.4425 P2:1.4415 P3:1.4415 P4:1.4415 STATE:IDLE
[2026-05-04 18:20:03Z] CHK MOM:-0.06% RANGE:0.06% UP:0% SPREAD:0.06939625% BID:1.441 ASK:1.442 MID:1.4415 P1:1.4415 P2:1.4425 P3:1.4415 P4:1.4415 STATE:IDLE
[2026-05-04 18:20:04Z] CHK MOM:-0.06% RANGE:0.06% UP:0% SPREAD:0.06939625% BID:1.441 ASK:1.442 MID:1.4415 P1:1.4415 P2:1.4425 P3:1.4415 P4:1.4415 STATE:IDLE
[2026-05-04 18:20:04Z] CHK MOM:-0.06% RANGE:0.06% UP:0% SPREAD:0.06939625% BID:1.441 ASK:1.442 MID:1.4415 P1:1.4415 P2:1.4425 P3:1.4415 P4:1.4415 STATE:IDLE
[2026-05-04 18:20:05Z] CHK MOM:0% RANGE:0% UP:0% SPREAD:0.06939625% BID:1.441 ASK:1.442 MID:1.4415 P1:1.4415 P2:1.4415 P3:1.4425 P4:1.4415 STATE:IDLE
[2026-05-04 18:20:05Z] CHK MOM:0.06% RANGE:0.06% UP:50% SPREAD:0.06934812% BID:1.442 ASK:1.443 MID:1.4425 P1:1.4425 P2:1.4415 P3:1.4415 P4:1.4425 STATE:IDLE
[2026-05-04 18:20:06Z] CHK MOM:0.06% RANGE:0.06% UP:50% SPREAD:0.06934812% BID:1.442 ASK:1.443 MID:1.4425 P1:1.4425 P2:1.4415 P3:1.4415 P4:1.4425 STATE:IDLE
[2026-05-04 18:20:06Z] CHK MOM:0.06% RANGE:0.06% UP:50% SPREAD:0.06934812% BID:1.442 ASK:1.443 MID:1.4425 P1:1.4425 P2:1.4415 P3:1.4415 P4:1.4425 STATE:IDLE
[2026-05-04 18:20:07Z] CHK MOM:0.06% RANGE:0.06% UP:50% SPREAD:0.06934812% BID:1.442 ASK:1.443 MID:1.4425 P1:1.4425 P2:1.4415 P3:1.4415 P4:1.4425 STATE:IDLE
[2026-05-04 18:20:07Z] CHK MOM:0.06% RANGE:0.06% UP:50% SPREAD:0.06934812% BID:1.442 ASK:1.443 MID:1.4425 P1:1.4425 P2:1.4415 P3:1.4415 P4:1.4425 STATE:IDLE
[2026-05-04 18:20:08Z] CHK MOM:0.06% RANGE:0.06% UP:50% SPREAD:0.06934812% BID:1.442 ASK:1.443 MID:1.4425 P1:1.4425 P2:1.4415 P3:1.4415 P4:1.4425 STATE:IDLE
[2026-05-04 18:20:10Z] CHK MOM:0.06% RANGE:0.06% UP:33.33% SPREAD:0.06934812% BID:1.442 ASK:1.443 MID:1.4425 P1:1.4425 P2:1.4425 P3:1.4415 P4:1.4415 STATE:IDLE
[2026-05-04 18:20:10Z] CHK MOM:0.06% RANGE:0.06% UP:33.33% SPREAD:0.06934812% BID:1.442 ASK:1.443 MID:1.4425 P1:1.4425 P2:1.4425 P3:1.4415 P4:1.4415 STATE:IDLE
[2026-05-04 18:20:11Z] CHK MOM:0.06% RANGE:0.06% UP:33.33% SPREAD:0.06934812% BID:1.442 ASK:1.443 MID:1.4425 P1:1.4425 P2:1.4425 P3:1.4415 P4:1.4415 STATE:IDLE
[2026-05-04 18:20:11Z] CHK MOM:0.06% RANGE:0.06% UP:33.33% SPREAD:0.06934812% BID:1.442 ASK:1.443 MID:1.4425 P1:1.4425 P2:1.4425 P3:1.4415 P4:1.4415 STATE:IDLE
[2026-05-04 18:20:12Z] CHK MOM:0.06% RANGE:0.06% UP:33.33% SPREAD:0.06934812% BID:1.442 ASK:1.443 MID:1.4425 P1:1.4425 P2:1.4425 P3:1.4415 P4:1.4415 STATE:IDLE
[2026-05-04 18:25:13Z] SESSION_START symbol=TONUSDC dry_run=0 profile=major strategy=momentum base_url=https://api.binance.com
[2026-05-04 18:25:13Z] TOXIC_MEMORY_LOADED count=3 symbols=GUNUSDC,JTOUSDC,SAHARAUSDC
[2026-05-04 18:25:15Z] CHK MOM:0% RANGE:0% UP:0% SPREAD:0.06901311% BID:1.449 ASK:1.45 MID:1.4495 P1:1.4495 P2:NA P3:NA P4:NA STATE:IDLE
[2026-05-04 18:25:16Z] CHK MOM:0% RANGE:0% UP:0% SPREAD:0.06901311% BID:1.449 ASK:1.45 MID:1.4495 P1:1.4495 P2:1.4495 P3:NA P4:NA STATE:IDLE
[2026-05-04 18:25:16Z] CHK MOM:0% RANGE:0% UP:0% SPREAD:0.06901311% BID:1.449 ASK:1.45 MID:1.4495 P1:1.4495 P2:1.4495 P3:1.4495 P4:NA STATE:IDLE
[2026-05-04 18:25:17Z] CHK MOM:0% RANGE:0% UP:0% SPREAD:0.06901311% BID:1.449 ASK:1.45 MID:1.4495 P1:1.4495 P2:1.4495 P3:1.4495 P4:NA STATE:IDLE
[2026-05-04 18:25:17Z] CHK MOM:0% RANGE:0% UP:0% SPREAD:0.06901311% BID:1.449 ASK:1.45 MID:1.4495 P1:1.4495 P2:1.4495 P3:1.4495 P4:NA STATE:IDLE
[2026-05-04 18:25:18Z] CHK MOM:0% RANGE:0% UP:0% SPREAD:0.06901311% BID:1.449 ASK:1.45 MID:1.4495 P1:1.4495 P2:1.4495 P3:1.4495 P4:NA STATE:IDLE
[2026-05-04 18:25:18Z] CHK MOM:0% RANGE:0% UP:0% SPREAD:0.06901311% BID:1.449 ASK:1.45 MID:1.4495 P1:1.4495 P2:1.4495 P3:1.4495 P4:1.4495 STATE:IDLE
[2026-05-04 18:25:19Z] CHK MOM:0% RANGE:0% UP:0% SPREAD:0.06901311% BID:1.449 ASK:1.45 MID:1.4495 P1:1.4495 P2:1.4495 P3:1.4495 P4:1.4495 STATE:IDLE
[2026-05-04 18:25:19Z] CHK MOM:0% RANGE:0% UP:0% SPREAD:0.06901311% BID:1.449 ASK:1.45 MID:1.4495 P1:1.4495 P2:1.4495 P3:1.4495 P4:1.4495 STATE:IDLE
[2026-05-04 18:25:20Z] CHK MOM:0% RANGE:0% UP:0% SPREAD:0.06901311% BID:1.449 ASK:1.45 MID:1.4495 P1:1.4495 P2:1.4495 P3:1.4495 P4:1.4495 STATE:IDLE
[2026-05-04 18:25:21Z] CHK MOM:0% RANGE:0% UP:0% SPREAD:0.06901311% BID:1.449 ASK:1.45 MID:1.4495 P1:1.4495 P2:1.4495 P3:1.4495 P4:1.4495 STATE:IDLE
[2026-05-04 18:25:21Z] CHK MOM:-0.06% RANGE:0.06% UP:0% SPREAD:0.06906077% BID:1.448 ASK:1.449 MID:1.4485 P1:1.4485 P2:1.4495 P3:1.4495 P4:1.4495 STATE:IDLE
[2026-05-04 18:25:22Z] CHK MOM:-0.06% RANGE:0.06% UP:0% SPREAD:0.06906077% BID:1.448 ASK:1.449 MID:1.4485 P1:1.4485 P2:1.4485 P3:1.4495 P4:1.4495 STATE:IDLE
[2026-05-04 18:25:22Z] CHK MOM:-0.06% RANGE:0.06% UP:0% SPREAD:0.06906077% BID:1.448 ASK:1.449 MID:1.4485 P1:1.4485 P2:1.4485 P3:1.4485 P4:1.4495 STATE:IDLE
[2026-05-04 18:25:23Z] CHK MOM:-0.06% RANGE:0.06% UP:0% SPREAD:0.06906077% BID:1.448 ASK:1.449 MID:1.4485 P1:1.4485 P2:1.4485 P3:1.4485 P4:1.4495 STATE:IDLE
[2026-05-04 18:25:23Z] CHK MOM:-0.06% RANGE:0.06% UP:0% SPREAD:0.06906077% BID:1.448 ASK:1.449 MID:1.4485 P1:1.4485 P2:1.4485 P3:1.4485 P4:1.4495 STATE:IDLE
[2026-05-04 18:25:24Z] CHK MOM:-0.06% RANGE:0.06% UP:0% SPREAD:0.06906077% BID:1.448 ASK:1.449 MID:1.4485 P1:1.4485 P2:1.4485 P3:1.4485 P4:1.4495 STATE:IDLE
[2026-05-04 18:25:24Z] CHK MOM:-0.06% RANGE:0.06% UP:0% SPREAD:0.06906077% BID:1.448 ASK:1.449 MID:1.4485 P1:1.4485 P2:1.4485 P3:1.4485 P4:1.4495 STATE:IDLE
[2026-05-04 18:25:25Z] CHK MOM:-0.06% RANGE:0.06% UP:0% SPREAD:0.06906077% BID:1.448 ASK:1.449 MID:1.4485 P1:1.4485 P2:1.4485 P3:1.4485 P4:1.4495 STATE:IDLE
[2026-05-04 18:25:29Z] CHK MOM:-0.06% RANGE:0.06% UP:0% SPREAD:0.0691085% BID:1.447 ASK:1.448 MID:1.4475 P1:1.4475 P2:1.4485 P3:1.4485 P4:1.4485 STATE:IDLE
[2026-05-04 18:25:29Z] CHK MOM:-0.06% RANGE:0.06% UP:0% SPREAD:0.0691085% BID:1.447 ASK:1.448 MID:1.4475 P1:1.4475 P2:1.4475 P3:1.4485 P4:1.4485 STATE:IDLE
[2026-05-04 18:25:30Z] CHK MOM:-0.03% RANGE:0.06% UP:33.33% SPREAD:0.138217% BID:1.447 ASK:1.449 MID:1.448 P1:1.448 P2:1.4475 P3:1.4475 P4:1.4485 STATE:IDLE
[2026-05-04 18:25:30Z] CHK MOM:-0.06% RANGE:0.06% UP:25% SPREAD:0.0691085% BID:1.447 ASK:1.448 MID:1.4475 P1:1.4475 P2:1.448 P3:1.4475 P4:1.4475 STATE:IDLE
[2026-05-04 18:25:31Z] CHK MOM:0% RANGE:0.03% UP:25% SPREAD:0.0691085% BID:1.447 ASK:1.448 MID:1.4475 P1:1.4475 P2:1.4475 P3:1.448 P4:1.4475 STATE:IDLE
[2026-05-04 18:25:31Z] CHK MOM:0% RANGE:0.03% UP:25% SPREAD:0.0691085% BID:1.447 ASK:1.448 MID:1.4475 P1:1.4475 P2:1.4475 P3:1.448 P4:1.4475 STATE:IDLE
[2026-05-04 18:25:32Z] CHK MOM:0% RANGE:0.03% UP:25% SPREAD:0.0691085% BID:1.447 ASK:1.448 MID:1.4475 P1:1.4475 P2:1.4475 P3:1.448 P4:1.4475 STATE:IDLE
[2026-05-04 18:25:32Z] CHK MOM:0% RANGE:0.03% UP:25% SPREAD:0.0691085% BID:1.447 ASK:1.448 MID:1.4475 P1:1.4475 P2:1.4475 P3:1.448 P4:1.4475 STATE:IDLE
[2026-05-04 18:25:33Z] CHK MOM:0% RANGE:0.03% UP:25% SPREAD:0.0691085% BID:1.447 ASK:1.448 MID:1.4475 P1:1.4475 P2:1.4475 P3:1.448 P4:1.4475 STATE:IDLE
[2026-05-04 18:25:34Z] CHK MOM:0% RANGE:0.03% UP:25% SPREAD:0.0691085% BID:1.447 ASK:1.448 MID:1.4475 P1:1.4475 P2:1.4475 P3:1.448 P4:1.4475 STATE:IDLE
[2026-05-04 18:25:34Z] CHK MOM:0% RANGE:0.03% UP:20% SPREAD:0.0691085% BID:1.447 ASK:1.448 MID:1.4475 P1:1.4475 P2:1.4475 P3:1.4475 P4:1.448 STATE:IDLE
[2026-05-04 18:25:35Z] CHK MOM:0% RANGE:0.03% UP:20% SPREAD:0.0691085% BID:1.447 ASK:1.448 MID:1.4475 P1:1.4475 P2:1.4475 P3:1.4475 P4:1.448 STATE:IDLE
[2026-05-04 18:25:35Z] CHK MOM:0% RANGE:0.03% UP:20% SPREAD:0.0691085% BID:1.447 ASK:1.448 MID:1.4475 P1:1.4475 P2:1.4475 P3:1.4475 P4:1.448 STATE:IDLE
[2026-05-04 18:25:36Z] CHK MOM:0% RANGE:0.03% UP:16.66% SPREAD:0.0691085% BID:1.447 ASK:1.448 MID:1.4475 P1:1.4475 P2:1.4475 P3:1.4475 P4:1.4475 STATE:IDLE
[2026-05-04 18:25:36Z] CHK MOM:0% RANGE:0.03% UP:16.66% SPREAD:0.0691085% BID:1.447 ASK:1.448 MID:1.4475 P1:1.4475 P2:1.4475 P3:1.4475 P4:1.4475 STATE:IDLE
[2026-05-04 18:25:37Z] CHK MOM:0% RANGE:0.03% UP:16.66% SPREAD:0.0691085% BID:1.447 ASK:1.448 MID:1.4475 P1:1.4475 P2:1.4475 P3:1.4475 P4:1.4475 STATE:IDLE
[2026-05-04 18:25:37Z] CHK MOM:0% RANGE:0.03% UP:16.66% SPREAD:0.0691085% BID:1.447 ASK:1.448 MID:1.4475 P1:1.4475 P2:1.4475 P3:1.4475 P4:1.4475 STATE:IDLE
[2026-05-04 18:25:38Z] CHK MOM:-0.03% RANGE:0.03% UP:0% SPREAD:0.0691085% BID:1.447 ASK:1.448 MID:1.4475 P1:1.4475 P2:1.4475 P3:1.4475 P4:1.4475 STATE:IDLE
[2026-05-04 18:25:38Z] CHK MOM:0% RANGE:0% UP:0% SPREAD:0.0691085% BID:1.447 ASK:1.448 MID:1.4475 P1:1.4475 P2:1.4475 P3:1.4475 P4:1.4475 STATE:IDLE
[2026-05-04 18:25:39Z] CHK MOM:0% RANGE:0% UP:0% SPREAD:0.0691085% BID:1.447 ASK:1.448 MID:1.4475 P1:1.4475 P2:1.4475 P3:1.4475 P4:1.4475 STATE:IDLE
[2026-05-04 18:25:40Z] CHK MOM:0% RANGE:0% UP:0% SPREAD:0.0691085% BID:1.447 ASK:1.448 MID:1.4475 P1:1.4475 P2:1.4475 P3:1.4475 P4:1.4475 STATE:IDLE
[2026-05-04 18:25:40Z] CHK MOM:0% RANGE:0% UP:0% SPREAD:0.0691085% BID:1.447 ASK:1.448 MID:1.4475 P1:1.4475 P2:1.4475 P3:1.4475 P4:1.4475 STATE:IDLE
[2026-05-04 18:25:41Z] CHK MOM:0% RANGE:0% UP:0% SPREAD:0.0691085% BID:1.447 ASK:1.448 MID:1.4475 P1:1.4475 P2:1.4475 P3:1.4475 P4:1.4475 STATE:IDLE
[2026-05-04 18:25:41Z] CHK MOM:0% RANGE:0% UP:0% SPREAD:0.0691085% BID:1.447 ASK:1.448 MID:1.4475 P1:1.4475 P2:1.4475 P3:1.4475 P4:1.4475 STATE:IDLE
[2026-05-04 18:25:42Z] CHK MOM:0% RANGE:0% UP:0% SPREAD:0.0691085% BID:1.447 ASK:1.448 MID:1.4475 P1:1.4475 P2:1.4475 P3:1.4475 P4:1.4475 STATE:IDLE
[2026-05-04 18:25:42Z] CHK MOM:0% RANGE:0% UP:0% SPREAD:0.0691085% BID:1.447 ASK:1.448 MID:1.4475 P1:1.4475 P2:1.4475 P3:1.4475 P4:1.4475 STATE:IDLE
[2026-05-04 18:25:43Z] CHK MOM:0% RANGE:0% UP:0% SPREAD:0.0691085% BID:1.447 ASK:1.448 MID:1.4475 P1:1.4475 P2:1.4475 P3:1.4475 P4:1.4475 STATE:IDLE
[2026-05-04 18:25:43Z] CHK MOM:0% RANGE:0% UP:0% SPREAD:0.0691085% BID:1.447 ASK:1.448 MID:1.4475 P1:1.4475 P2:1.4475 P3:1.4475 P4:1.4475 STATE:IDLE
[2026-05-04 18:25:44Z] CHK MOM:0% RANGE:0% UP:0% SPREAD:0.0691085% BID:1.447 ASK:1.448 MID:1.4475 P1:1.4475 P2:1.4475 P3:1.4475 P4:1.4475 STATE:IDLE
[2026-05-04 18:25:45Z] CHK MOM:0% RANGE:0% UP:0% SPREAD:0.0691085% BID:1.447 ASK:1.448 MID:1.4475 P1:1.4475 P2:1.4475 P3:1.4475 P4:1.4475 STATE:IDLE
[2026-05-04 18:25:45Z] CHK MOM:0% RANGE:0% UP:0% SPREAD:0.0691085% BID:1.447 ASK:1.448 MID:1.4475 P1:1.4475 P2:1.4475 P3:1.4475 P4:1.4475 STATE:IDLE
[2026-05-04 18:25:46Z] CHK MOM:0% RANGE:0% UP:0% SPREAD:0.0691085% BID:1.447 ASK:1.448 MID:1.4475 P1:1.4475 P2:1.4475 P3:1.4475 P4:1.4475 STATE:IDLE
[2026-05-04 18:25:46Z] CHK MOM:0% RANGE:0% UP:0% SPREAD:0.0691085% BID:1.447 ASK:1.448 MID:1.4475 P1:1.4475 P2:1.4475 P3:1.4475 P4:1.4475 STATE:IDLE
[2026-05-04 18:25:47Z] CHK MOM:0% RANGE:0% UP:0% SPREAD:0.0691085% BID:1.447 ASK:1.448 MID:1.4475 P1:1.4475 P2:1.4475 P3:1.4475 P4:1.4475 STATE:IDLE
[2026-05-04 18:25:47Z] CHK MOM:0% RANGE:0% UP:0% SPREAD:0.0691085% BID:1.447 ASK:1.448 MID:1.4475 P1:1.4475 P2:1.4475 P3:1.4475 P4:1.4475 STATE:IDLE
[2026-05-04 18:25:48Z] CHK MOM:0% RANGE:0% UP:0% SPREAD:0.0691085% BID:1.447 ASK:1.448 MID:1.4475 P1:1.4475 P2:1.4475 P3:1.4475 P4:1.4475 STATE:IDLE
[2026-05-04 18:25:51Z] CHK MOM:0% RANGE:0% UP:0% SPREAD:0.0691085% BID:1.447 ASK:1.448 MID:1.4475 P1:1.4475 P2:1.4475 P3:1.4475 P4:1.4475 STATE:IDLE
[2026-05-04 18:25:51Z] CHK MOM:0% RANGE:0% UP:0% SPREAD:0.0691085% BID:1.447 ASK:1.448 MID:1.4475 P1:1.4475 P2:1.4475 P3:1.4475 P4:1.4475 STATE:IDLE
[2026-05-04 18:25:52Z] CHK MOM:0% RANGE:0% UP:0% SPREAD:0.0691085% BID:1.447 ASK:1.448 MID:1.4475 P1:1.4475 P2:1.4475 P3:1.4475 P4:1.4475 STATE:IDLE
[2026-05-04 18:25:52Z] CHK MOM:0% RANGE:0% UP:0% SPREAD:0.0691085% BID:1.447 ASK:1.448 MID:1.4475 P1:1.4475 P2:1.4475 P3:1.4475 P4:1.4475 STATE:IDLE
[2026-05-04 18:25:53Z] CHK MOM:0% RANGE:0% UP:0% SPREAD:0.0691085% BID:1.447 ASK:1.448 MID:1.4475 P1:1.4475 P2:1.4475 P3:1.4475 P4:1.4475 STATE:IDLE
[2026-05-04 18:25:53Z] CHK MOM:0% RANGE:0% UP:0% SPREAD:0.0691085% BID:1.447 ASK:1.448 MID:1.4475 P1:1.4475 P2:1.4475 P3:1.4475 P4:1.4475 STATE:IDLE
[2026-05-04 18:25:54Z] CHK MOM:0% RANGE:0% UP:0% SPREAD:0.0691085% BID:1.447 ASK:1.448 MID:1.4475 P1:1.4475 P2:1.4475 P3:1.4475 P4:1.4475 STATE:IDLE
[2026-05-04 18:25:54Z] CHK MOM:-0.06% RANGE:0.06% UP:0% SPREAD:0.06915629% BID:1.446 ASK:1.447 MID:1.4465 P1:1.4465 P2:1.4475 P3:1.4475 P4:1.4475 STATE:IDLE
[2026-05-04 18:25:55Z] CHK MOM:-0.06% RANGE:0.06% UP:0% SPREAD:0.06915629% BID:1.446 ASK:1.447 MID:1.4465 P1:1.4465 P2:1.4465 P3:1.4475 P4:1.4475 STATE:IDLE
[2026-05-04 18:25:55Z] CHK MOM:-0.06% RANGE:0.06% UP:0% SPREAD:0.06915629% BID:1.446 ASK:1.447 MID:1.4465 P1:1.4465 P2:1.4465 P3:1.4465 P4:1.4475 STATE:IDLE
[2026-05-04 18:25:56Z] CHK MOM:-0.06% RANGE:0.06% UP:0% SPREAD:0.06915629% BID:1.446 ASK:1.447 MID:1.4465 P1:1.4465 P2:1.4465 P3:1.4465 P4:1.4465 STATE:IDLE
[2026-05-04 18:25:57Z] CHK MOM:-0.06% RANGE:0.06% UP:0% SPREAD:0.06915629% BID:1.446 ASK:1.447 MID:1.4465 P1:1.4465 P2:1.4465 P3:1.4465 P4:1.4465 STATE:IDLE
[2026-05-04 18:25:57Z] CHK MOM:-0.06% RANGE:0.06% UP:0% SPREAD:0.06915629% BID:1.446 ASK:1.447 MID:1.4465 P1:1.4465 P2:1.4465 P3:1.4465 P4:1.4465 STATE:IDLE
[2026-05-04 18:25:58Z] CHK MOM:-0.06% RANGE:0.06% UP:0% SPREAD:0.06915629% BID:1.446 ASK:1.447 MID:1.4465 P1:1.4465 P2:1.4465 P3:1.4465 P4:1.4465 STATE:IDLE
[2026-05-04 18:25:58Z] CHK MOM:-0.06% RANGE:0.06% UP:0% SPREAD:0.06915629% BID:1.446 ASK:1.447 MID:1.4465 P1:1.4465 P2:1.4465 P3:1.4465 P4:1.4465 STATE:IDLE
[2026-05-04 18:25:59Z] CHK MOM:-0.06% RANGE:0.06% UP:0% SPREAD:0.06915629% BID:1.446 ASK:1.447 MID:1.4465 P1:1.4465 P2:1.4465 P3:1.4465 P4:1.4465 STATE:IDLE
[2026-05-04 18:25:59Z] CHK MOM:-0.06% RANGE:0.06% UP:0% SPREAD:0.06915629% BID:1.446 ASK:1.447 MID:1.4465 P1:1.4465 P2:1.4465 P3:1.4465 P4:1.4465 STATE:IDLE
[2026-05-04 18:26:00Z] CHK MOM:-0.06% RANGE:0.06% UP:0% SPREAD:0.06915629% BID:1.446 ASK:1.447 MID:1.4465 P1:1.4465 P2:1.4465 P3:1.4465 P4:1.4465 STATE:IDLE
[2026-05-04 18:26:00Z] CHK MOM:-0.06% RANGE:0.06% UP:0% SPREAD:0.06915629% BID:1.446 ASK:1.447 MID:1.4465 P1:1.4465 P2:1.4465 P3:1.4465 P4:1.4465 STATE:IDLE
[2026-05-04 18:26:01Z] CHK MOM:0% RANGE:0% UP:0% SPREAD:0.06915629% BID:1.446 ASK:1.447 MID:1.4465 P1:1.4465 P2:1.4465 P3:1.4465 P4:1.4465 STATE:IDLE
[2026-05-04 18:26:02Z] CHK MOM:0% RANGE:0% UP:0% SPREAD:0.06915629% BID:1.446 ASK:1.447 MID:1.4465 P1:1.4465 P2:1.4465 P3:1.4465 P4:1.4465 STATE:IDLE
[2026-05-04 18:26:02Z] CHK MOM:0.06% RANGE:0.06% UP:11.11% SPREAD:0.0691085% BID:1.447 ASK:1.448 MID:1.4475 P1:1.4475 P2:1.4465 P3:1.4465 P4:1.4465 STATE:IDLE
[2026-05-04 18:26:03Z] CHK MOM:0.06% RANGE:0.06% UP:11.11% SPREAD:0.0691085% BID:1.447 ASK:1.448 MID:1.4475 P1:1.4475 P2:1.4465 P3:1.4465 P4:1.4465 STATE:IDLE
[2026-05-04 18:26:03Z] CHK MOM:0.06% RANGE:0.06% UP:11.11% SPREAD:0.0691085% BID:1.447 ASK:1.448 MID:1.4475 P1:1.4475 P2:1.4465 P3:1.4465 P4:1.4465 STATE:IDLE
[2026-05-04 18:26:04Z] CHK MOM:0.06% RANGE:0.06% UP:11.11% SPREAD:0.0691085% BID:1.447 ASK:1.448 MID:1.4475 P1:1.4475 P2:1.4465 P3:1.4465 P4:1.4465 STATE:IDLE
[2026-05-04 18:26:04Z] CHK MOM:0.06% RANGE:0.06% UP:11.11% SPREAD:0.0691085% BID:1.447 ASK:1.448 MID:1.4475 P1:1.4475 P2:1.4465 P3:1.4465 P4:1.4465 STATE:IDLE
[2026-05-04 18:26:05Z] CHK MOM:0.06% RANGE:0.06% UP:11.11% SPREAD:0.0691085% BID:1.447 ASK:1.448 MID:1.4475 P1:1.4475 P2:1.4465 P3:1.4465 P4:1.4465 STATE:IDLE
[2026-05-04 18:26:05Z] CHK MOM:0.06% RANGE:0.06% UP:16.66% SPREAD:0.0691085% BID:1.447 ASK:1.448 MID:1.4475 P1:1.4475 P2:1.4475 P3:1.4465 P4:1.4465 STATE:IDLE
[2026-05-04 18:26:06Z] CHK MOM:0.06% RANGE:0.06% UP:16.66% SPREAD:0.0691085% BID:1.447 ASK:1.448 MID:1.4475 P1:1.4475 P2:1.4475 P3:1.4465 P4:1.4465 STATE:IDLE
[2026-05-04 18:26:06Z] CHK MOM:0.06% RANGE:0.06% UP:16.66% SPREAD:0.0691085% BID:1.447 ASK:1.448 MID:1.4475 P1:1.4475 P2:1.4475 P3:1.4465 P4:1.4465 STATE:IDLE
[2026-05-04 18:26:07Z] CHK MOM:0.06% RANGE:0.06% UP:16.66% SPREAD:0.0691085% BID:1.447 ASK:1.448 MID:1.4475 P1:1.4475 P2:1.4475 P3:1.4465 P4:1.4465 STATE:IDLE
[2026-05-04 18:26:08Z] CHK MOM:0.06% RANGE:0.06% UP:16.66% SPREAD:0.0691085% BID:1.447 ASK:1.448 MID:1.4475 P1:1.4475 P2:1.4475 P3:1.4465 P4:1.4465 STATE:IDLE
[2026-05-04 18:26:08Z] CHK MOM:0.06% RANGE:0.06% UP:16.66% SPREAD:0.0691085% BID:1.447 ASK:1.448 MID:1.4475 P1:1.4475 P2:1.4475 P3:1.4465 P4:1.4465 STATE:IDLE
[2026-05-04 18:26:09Z] CHK MOM:0% RANGE:0% UP:0% SPREAD:0.0691085% BID:1.447 ASK:1.448 MID:1.4475 P1:1.4475 P2:1.4475 P3:1.4475 P4:1.4465 STATE:IDLE
[2026-05-04 18:26:10Z] CHK MOM:0% RANGE:0% UP:0% SPREAD:0.0691085% BID:1.447 ASK:1.448 MID:1.4475 P1:1.4475 P2:1.4475 P3:1.4475 P4:1.4465 STATE:IDLE
[2026-05-04 18:26:10Z] CHK MOM:0% RANGE:0% UP:0% SPREAD:0.0691085% BID:1.447 ASK:1.448 MID:1.4475 P1:1.4475 P2:1.4475 P3:1.4475 P4:1.4465 STATE:IDLE
[2026-05-04 18:26:11Z] CHK MOM:0% RANGE:0% UP:0% SPREAD:0.0691085% BID:1.447 ASK:1.448 MID:1.4475 P1:1.4475 P2:1.4475 P3:1.4475 P4:1.4465 STATE:IDLE
[2026-05-04 18:26:11Z] CHK MOM:0% RANGE:0% UP:0% SPREAD:0.0691085% BID:1.447 ASK:1.448 MID:1.4475 P1:1.4475 P2:1.4475 P3:1.4475 P4:1.4465 STATE:IDLE
[2026-05-04 18:26:12Z] CHK MOM:0% RANGE:0% UP:0% SPREAD:0.0691085% BID:1.447 ASK:1.448 MID:1.4475 P1:1.4475 P2:1.4475 P3:1.4475 P4:1.4465 STATE:IDLE
[2026-05-04 18:26:21Z] CHK MOM:0% RANGE:0% UP:0% SPREAD:0.0691085% BID:1.447 ASK:1.448 MID:1.4475 P1:1.4475 P2:1.4475 P3:1.4475 P4:1.4475 STATE:IDLE
[2026-05-04 18:26:21Z] CHK MOM:0% RANGE:0% UP:0% SPREAD:0.0691085% BID:1.447 ASK:1.448 MID:1.4475 P1:1.4475 P2:1.4475 P3:1.4475 P4:1.4475 STATE:IDLE
[2026-05-04 18:26:22Z] CHK MOM:0% RANGE:0% UP:0% SPREAD:0.0691085% BID:1.447 ASK:1.448 MID:1.4475 P1:1.4475 P2:1.4475 P3:1.4475 P4:1.4475 STATE:IDLE
[2026-05-04 18:26:22Z] CHK MOM:0% RANGE:0% UP:0% SPREAD:0.0691085% BID:1.447 ASK:1.448 MID:1.4475 P1:1.4475 P2:1.4475 P3:1.4475 P4:1.4475 STATE:IDLE
[2026-05-04 18:26:23Z] CHK MOM:0% RANGE:0% UP:0% SPREAD:0.0691085% BID:1.447 ASK:1.448 MID:1.4475 P1:1.4475 P2:1.4475 P3:1.4475 P4:1.4475 STATE:IDLE
[2026-05-04 18:26:23Z] CHK MOM:0% RANGE:0% UP:0% SPREAD:0.0691085% BID:1.447 ASK:1.448 MID:1.4475 P1:1.4475 P2:1.4475 P3:1.4475 P4:1.4475 STATE:IDLE
[2026-05-04 18:26:24Z] CHK MOM:0% RANGE:0% UP:0% SPREAD:0.0691085% BID:1.447 ASK:1.448 MID:1.4475 P1:1.4475 P2:1.4475 P3:1.4475 P4:1.4475 STATE:IDLE
[2026-05-04 18:26:25Z] CHK MOM:0% RANGE:0% UP:0% SPREAD:0.0691085% BID:1.447 ASK:1.448 MID:1.4475 P1:1.4475 P2:1.4475 P3:1.4475 P4:1.4475 STATE:IDLE
[2026-05-04 18:26:25Z] CHK MOM:0% RANGE:0% UP:0% SPREAD:0.0691085% BID:1.447 ASK:1.448 MID:1.4475 P1:1.4475 P2:1.4475 P3:1.4475 P4:1.4475 STATE:IDLE
[2026-05-04 18:26:26Z] CHK MOM:0% RANGE:0% UP:0% SPREAD:0.0691085% BID:1.447 ASK:1.448 MID:1.4475 P1:1.4475 P2:1.4475 P3:1.4475 P4:1.4475 STATE:IDLE
[2026-05-04 18:26:27Z] CHK MOM:0% RANGE:0% UP:0% SPREAD:0.0691085% BID:1.447 ASK:1.448 MID:1.4475 P1:1.4475 P2:1.4475 P3:1.4475 P4:1.4475 STATE:IDLE
[2026-05-04 18:26:27Z] CHK MOM:0% RANGE:0% UP:0% SPREAD:0.0691085% BID:1.447 ASK:1.448 MID:1.4475 P1:1.4475 P2:1.4475 P3:1.4475 P4:1.4475 STATE:IDLE
[2026-05-04 18:26:28Z] CHK MOM:0% RANGE:0% UP:0% SPREAD:0.0691085% BID:1.447 ASK:1.448 MID:1.4475 P1:1.4475 P2:1.4475 P3:1.4475 P4:1.4475 STATE:IDLE
[2026-05-04 18:26:28Z] CHK MOM:0% RANGE:0% UP:0% SPREAD:0.0691085% BID:1.447 ASK:1.448 MID:1.4475 P1:1.4475 P2:1.4475 P3:1.4475 P4:1.4475 STATE:IDLE
[2026-05-04 18:26:29Z] CHK MOM:0% RANGE:0% UP:0% SPREAD:0.0691085% BID:1.447 ASK:1.448 MID:1.4475 P1:1.4475 P2:1.4475 P3:1.4475 P4:1.4475 STATE:IDLE
[2026-05-04 18:26:29Z] CHK MOM:0% RANGE:0% UP:0% SPREAD:0.0691085% BID:1.447 ASK:1.448 MID:1.4475 P1:1.4475 P2:1.4475 P3:1.4475 P4:1.4475 STATE:IDLE
[2026-05-04 18:26:30Z] CHK MOM:0% RANGE:0% UP:0% SPREAD:0.0691085% BID:1.447 ASK:1.448 MID:1.4475 P1:1.4475 P2:1.4475 P3:1.4475 P4:1.4475 STATE:IDLE
[2026-05-04 18:26:30Z] CHK MOM:0% RANGE:0% UP:0% SPREAD:0.0691085% BID:1.447 ASK:1.448 MID:1.4475 P1:1.4475 P2:1.4475 P3:1.4475 P4:1.4475 STATE:IDLE
[2026-05-04 18:26:31Z] CHK MOM:0% RANGE:0% UP:0% SPREAD:0.0691085% BID:1.447 ASK:1.448 MID:1.4475 P1:1.4475 P2:1.4475 P3:1.4475 P4:1.4475 STATE:IDLE
[2026-05-04 18:26:32Z] CHK MOM:0% RANGE:0% UP:0% SPREAD:0.0691085% BID:1.447 ASK:1.448 MID:1.4475 P1:1.4475 P2:1.4475 P3:1.4475 P4:1.4475 STATE:IDLE
[2026-05-04 18:26:32Z] CHK MOM:0% RANGE:0% UP:0% SPREAD:0.0691085% BID:1.447 ASK:1.448 MID:1.4475 P1:1.4475 P2:1.4475 P3:1.4475 P4:1.4475 STATE:IDLE
[2026-05-04 18:26:33Z] CHK MOM:0% RANGE:0% UP:0% SPREAD:0.0691085% BID:1.447 ASK:1.448 MID:1.4475 P1:1.4475 P2:1.4475 P3:1.4475 P4:1.4475 STATE:IDLE
[2026-05-04 18:26:34Z] CHK MOM:-0.06% RANGE:0.06% UP:0% SPREAD:0.06915629% BID:1.446 ASK:1.447 MID:1.4465 P1:1.4465 P2:1.4475 P3:1.4475 P4:1.4475 STATE:IDLE
[2026-05-04 18:26:34Z] CHK MOM:-0.06% RANGE:0.06% UP:0% SPREAD:0.06915629% BID:1.446 ASK:1.447 MID:1.4465 P1:1.4465 P2:1.4465 P3:1.4475 P4:1.4475 STATE:IDLE
[2026-05-04 18:26:35Z] CHK MOM:-0.06% RANGE:0.06% UP:0% SPREAD:0.06915629% BID:1.446 ASK:1.447 MID:1.4465 P1:1.4465 P2:1.4465 P3:1.4465 P4:1.4475 STATE:IDLE
[2026-05-04 18:26:35Z] CHK MOM:-0.06% RANGE:0.06% UP:0% SPREAD:0.06915629% BID:1.446 ASK:1.447 MID:1.4465 P1:1.4465 P2:1.4465 P3:1.4465 P4:1.4465 STATE:IDLE
[2026-05-04 18:26:36Z] CHK MOM:-0.06% RANGE:0.06% UP:0% SPREAD:0.06915629% BID:1.446 ASK:1.447 MID:1.4465 P1:1.4465 P2:1.4465 P3:1.4465 P4:1.4465 STATE:IDLE
[2026-05-04 18:26:36Z] CHK MOM:-0.13% RANGE:0.13% UP:0% SPREAD:0.06920415% BID:1.445 ASK:1.446 MID:1.4455 P1:1.4455 P2:1.4465 P3:1.4465 P4:1.4465 STATE:IDLE
[2026-05-04 18:26:37Z] CHK MOM:-0.13% RANGE:0.13% UP:0% SPREAD:0.06920415% BID:1.445 ASK:1.446 MID:1.4455 P1:1.4455 P2:1.4455 P3:1.4465 P4:1.4465 STATE:IDLE
[2026-05-04 18:26:38Z] CHK MOM:-0.06% RANGE:0.13% UP:12.5% SPREAD:0.06915629% BID:1.446 ASK:1.447 MID:1.4465 P1:1.4465 P2:1.4455 P3:1.4455 P4:1.4465 STATE:IDLE
[2026-05-04 18:26:38Z] CHK MOM:-0.06% RANGE:0.13% UP:12.5% SPREAD:0.06915629% BID:1.446 ASK:1.447 MID:1.4465 P1:1.4465 P2:1.4455 P3:1.4455 P4:1.4465 STATE:IDLE
[2026-05-04 18:26:39Z] CHK MOM:-0.06% RANGE:0.13% UP:12.5% SPREAD:0.06915629% BID:1.446 ASK:1.447 MID:1.4465 P1:1.4465 P2:1.4455 P3:1.4455 P4:1.4465 STATE:IDLE
[2026-05-04 18:26:39Z] CHK MOM:-0.06% RANGE:0.13% UP:12.5% SPREAD:0.06915629% BID:1.446 ASK:1.447 MID:1.4465 P1:1.4465 P2:1.4455 P3:1.4455 P4:1.4465 STATE:IDLE
[2026-05-04 18:26:40Z] CHK MOM:-0.06% RANGE:0.13% UP:12.5% SPREAD:0.06915629% BID:1.446 ASK:1.447 MID:1.4465 P1:1.4465 P2:1.4455 P3:1.4455 P4:1.4465 STATE:IDLE
[2026-05-04 18:26:40Z] CHK MOM:-0.06% RANGE:0.13% UP:12.5% SPREAD:0.06915629% BID:1.446 ASK:1.447 MID:1.4465 P1:1.4465 P2:1.4455 P3:1.4455 P4:1.4465 STATE:IDLE
[2026-05-04 18:26:45Z] CHK MOM:0% RANGE:0% UP:0% SPREAD:0.06915629% BID:1.446 ASK:1.447 MID:1.4465 P1:1.4465 P2:1.4465 P3:1.4455 P4:1.4455 STATE:IDLE
[2026-05-04 18:26:46Z] CHK MOM:0% RANGE:0% UP:0% SPREAD:0.06915629% BID:1.446 ASK:1.447 MID:1.4465 P1:1.4465 P2:1.4465 P3:1.4465 P4:1.4455 STATE:IDLE
[2026-05-04 18:26:46Z] CHK MOM:0% RANGE:0% UP:0% SPREAD:0.06915629% BID:1.446 ASK:1.447 MID:1.4465 P1:1.4465 P2:1.4465 P3:1.4465 P4:1.4455 STATE:IDLE
[2026-05-04 18:26:47Z] CHK MOM:0% RANGE:0% UP:0% SPREAD:0.06915629% BID:1.446 ASK:1.447 MID:1.4465 P1:1.4465 P2:1.4465 P3:1.4465 P4:1.4455 STATE:IDLE
[2026-05-04 18:26:47Z] CHK MOM:0% RANGE:0% UP:0% SPREAD:0.06915629% BID:1.446 ASK:1.447 MID:1.4465 P1:1.4465 P2:1.4465 P3:1.4465 P4:1.4455 STATE:IDLE
[2026-05-04 18:26:48Z] CHK MOM:0% RANGE:0% UP:0% SPREAD:0.06915629% BID:1.446 ASK:1.447 MID:1.4465 P1:1.4465 P2:1.4465 P3:1.4465 P4:1.4455 STATE:IDLE
[2026-05-04 18:26:48Z] CHK MOM:0% RANGE:0% UP:0% SPREAD:0.06915629% BID:1.446 ASK:1.447 MID:1.4465 P1:1.4465 P2:1.4465 P3:1.4465 P4:1.4465 STATE:IDLE
[2026-05-04 18:26:49Z] CHK MOM:0% RANGE:0% UP:0% SPREAD:0.06915629% BID:1.446 ASK:1.447 MID:1.4465 P1:1.4465 P2:1.4465 P3:1.4465 P4:1.4465 STATE:IDLE
[2026-05-04 18:26:49Z] CHK MOM:0% RANGE:0% UP:0% SPREAD:0.06915629% BID:1.446 ASK:1.447 MID:1.4465 P1:1.4465 P2:1.4465 P3:1.4465 P4:1.4465 STATE:IDLE
[2026-05-04 18:26:50Z] CHK MOM:0% RANGE:0% UP:0% SPREAD:0.06915629% BID:1.446 ASK:1.447 MID:1.4465 P1:1.4465 P2:1.4465 P3:1.4465 P4:1.4465 STATE:IDLE
[2026-05-04 18:26:51Z] CHK MOM:-0.03% RANGE:0.03% UP:0% SPREAD:0.1384083% BID:1.445 ASK:1.447 MID:1.446 P1:1.446 P2:1.4465 P3:1.4465 P4:1.4465 STATE:IDLE
[2026-05-04 18:26:51Z] CHK MOM:0% RANGE:0.03% UP:25% SPREAD:0.06915629% BID:1.446 ASK:1.447 MID:1.4465 P1:1.4465 P2:1.446 P3:1.4465 P4:1.4465 STATE:IDLE
[2026-05-04 18:26:52Z] CHK MOM:0% RANGE:0.03% UP:25% SPREAD:0.06915629% BID:1.446 ASK:1.447 MID:1.4465 P1:1.4465 P2:1.446 P3:1.4465 P4:1.4465 STATE:IDLE
[2026-05-04 18:26:52Z] CHK MOM:0% RANGE:0.03% UP:25% SPREAD:0.06915629% BID:1.446 ASK:1.447 MID:1.4465 P1:1.4465 P2:1.446 P3:1.4465 P4:1.4465 STATE:IDLE
[2026-05-04 18:26:53Z] CHK MOM:0% RANGE:0.03% UP:25% SPREAD:0.06915629% BID:1.446 ASK:1.447 MID:1.4465 P1:1.4465 P2:1.446 P3:1.4465 P4:1.4465 STATE:IDLE
[2026-05-04 18:26:53Z] CHK MOM:0% RANGE:0.03% UP:25% SPREAD:0.06915629% BID:1.446 ASK:1.447 MID:1.4465 P1:1.4465 P2:1.446 P3:1.4465 P4:1.4465 STATE:IDLE
[2026-05-04 18:26:54Z] CHK MOM:0% RANGE:0.03% UP:33.33% SPREAD:0.06915629% BID:1.446 ASK:1.447 MID:1.4465 P1:1.4465 P2:1.4465 P3:1.446 P4:1.4465 STATE:IDLE
[2026-05-04 18:26:54Z] CHK MOM:0% RANGE:0.03% UP:33.33% SPREAD:0.06915629% BID:1.446 ASK:1.447 MID:1.4465 P1:1.4465 P2:1.4465 P3:1.446 P4:1.4465 STATE:IDLE
[2026-05-04 18:26:55Z] CHK MOM:0% RANGE:0.03% UP:33.33% SPREAD:0.06915629% BID:1.446 ASK:1.447 MID:1.4465 P1:1.4465 P2:1.4465 P3:1.446 P4:1.4465 STATE:IDLE
[2026-05-04 18:26:55Z] CHK MOM:0% RANGE:0.03% UP:33.33% SPREAD:0.06915629% BID:1.446 ASK:1.447 MID:1.4465 P1:1.4465 P2:1.4465 P3:1.446 P4:1.4465 STATE:IDLE
[2026-05-04 18:26:56Z] CHK MOM:0% RANGE:0.03% UP:33.33% SPREAD:0.06915629% BID:1.446 ASK:1.447 MID:1.4465 P1:1.4465 P2:1.4465 P3:1.446 P4:1.4465 STATE:IDLE
[2026-05-04 18:26:59Z] CHK MOM:0% RANGE:0% UP:0% SPREAD:0.06915629% BID:1.446 ASK:1.447 MID:1.4465 P1:1.4465 P2:1.4465 P3:1.4465 P4:1.446 STATE:IDLE
[2026-05-04 18:27:00Z] CHK MOM:0% RANGE:0% UP:0% SPREAD:0.06915629% BID:1.446 ASK:1.447 MID:1.4465 P1:1.4465 P2:1.4465 P3:1.4465 P4:1.4465 STATE:IDLE
[2026-05-04 18:27:00Z] CHK MOM:0.06% RANGE:0.06% UP:33.33% SPREAD:0.0691085% BID:1.447 ASK:1.448 MID:1.4475 P1:1.4475 P2:1.4465 P3:1.4465 P4:1.4465 STATE:IDLE
[2026-05-04 18:27:01Z] CHK MOM:0.06% RANGE:0.06% UP:25% SPREAD:0.0691085% BID:1.447 ASK:1.448 MID:1.4475 P1:1.4475 P2:1.4475 P3:1.4465 P4:1.4465 STATE:IDLE
[2026-05-04 18:27:02Z] CHK MOM:0.06% RANGE:0.06% UP:20% SPREAD:0.0691085% BID:1.447 ASK:1.448 MID:1.4475 P1:1.4475 P2:1.4475 P3:1.4475 P4:1.4465 STATE:IDLE
[2026-05-04 18:27:02Z] CHK MOM:0.06% RANGE:0.06% UP:16.66% SPREAD:0.0691085% BID:1.447 ASK:1.448 MID:1.4475 P1:1.4475 P2:1.4475 P3:1.4475 P4:1.4475 STATE:IDLE
[2026-05-04 18:27:03Z] CHK MOM:0.06% RANGE:0.06% UP:16.66% SPREAD:0.0691085% BID:1.447 ASK:1.448 MID:1.4475 P1:1.4475 P2:1.4475 P3:1.4475 P4:1.4475 STATE:IDLE
[2026-05-04 18:27:03Z] CHK MOM:0.06% RANGE:0.06% UP:16.66% SPREAD:0.0691085% BID:1.447 ASK:1.448 MID:1.4475 P1:1.4475 P2:1.4475 P3:1.4475 P4:1.4475 STATE:IDLE
[2026-05-04 18:27:04Z] CHK MOM:0% RANGE:0.06% UP:14.28% SPREAD:0.06915629% BID:1.446 ASK:1.447 MID:1.4465 P1:1.4465 P2:1.4475 P3:1.4475 P4:1.4475 STATE:IDLE
[2026-05-04 18:27:04Z] CHK MOM:0% RANGE:0.06% UP:14.28% SPREAD:0.06915629% BID:1.446 ASK:1.447 MID:1.4465 P1:1.4465 P2:1.4475 P3:1.4475 P4:1.4475 STATE:IDLE
[2026-05-04 18:27:05Z] CHK MOM:0% RANGE:0.06% UP:12.5% SPREAD:0.06915629% BID:1.446 ASK:1.447 MID:1.4465 P1:1.4465 P2:1.4465 P3:1.4475 P4:1.4475 STATE:IDLE
[2026-05-04 18:27:05Z] CHK MOM:0% RANGE:0.06% UP:12.5% SPREAD:0.06915629% BID:1.446 ASK:1.447 MID:1.4465 P1:1.4465 P2:1.4465 P3:1.4475 P4:1.4475 STATE:IDLE
[2026-05-04 18:27:06Z] CHK MOM:0% RANGE:0.06% UP:11.11% SPREAD:0.06915629% BID:1.446 ASK:1.447 MID:1.4465 P1:1.4465 P2:1.4465 P3:1.4465 P4:1.4475 STATE:IDLE
[2026-05-04 18:27:06Z] CHK MOM:0% RANGE:0.06% UP:10% SPREAD:0.06915629% BID:1.446 ASK:1.447 MID:1.4465 P1:1.4465 P2:1.4465 P3:1.4465 P4:1.4465 STATE:IDLE
[2026-05-04 18:27:08Z] CHK MOM:0% RANGE:0.06% UP:9.09% SPREAD:0.06915629% BID:1.446 ASK:1.447 MID:1.4465 P1:1.4465 P2:1.4465 P3:1.4465 P4:1.4465 STATE:IDLE
[2026-05-04 18:27:08Z] CHK MOM:-0.06% RANGE:0.06% UP:0% SPREAD:0.06915629% BID:1.446 ASK:1.447 MID:1.4465 P1:1.4465 P2:1.4465 P3:1.4465 P4:1.4465 STATE:IDLE
[2026-05-04 18:27:09Z] CHK MOM:-0.06% RANGE:0.06% UP:0% SPREAD:0.06915629% BID:1.446 ASK:1.447 MID:1.4465 P1:1.4465 P2:1.4465 P3:1.4465 P4:1.4465 STATE:IDLE
[2026-05-04 18:27:09Z] CHK MOM:-0.06% RANGE:0.06% UP:0% SPREAD:0.06915629% BID:1.446 ASK:1.447 MID:1.4465 P1:1.4465 P2:1.4465 P3:1.4465 P4:1.4465 STATE:IDLE
[2026-05-04 18:27:10Z] CHK MOM:-0.06% RANGE:0.06% UP:0% SPREAD:0.06915629% BID:1.446 ASK:1.447 MID:1.4465 P1:1.4465 P2:1.4465 P3:1.4465 P4:1.4465 STATE:IDLE
[2026-05-04 18:27:11Z] CHK MOM:0% RANGE:0% UP:0% SPREAD:0.06915629% BID:1.446 ASK:1.447 MID:1.4465 P1:1.4465 P2:1.4465 P3:1.4465 P4:1.4465 STATE:IDLE
[2026-05-04 18:27:11Z] CHK MOM:-0.06% RANGE:0.06% UP:0% SPREAD:0.06920415% BID:1.445 ASK:1.446 MID:1.4455 P1:1.4455 P2:1.4465 P3:1.4465 P4:1.4465 STATE:IDLE
[2026-05-04 18:27:12Z] CHK MOM:-0.06% RANGE:0.06% UP:0% SPREAD:0.06920415% BID:1.445 ASK:1.446 MID:1.4455 P1:1.4455 P2:1.4465 P3:1.4465 P4:1.4465 STATE:IDLE
[2026-05-04 18:27:13Z] CHK MOM:-0.06% RANGE:0.06% UP:0% SPREAD:0.06920415% BID:1.445 ASK:1.446 MID:1.4455 P1:1.4455 P2:1.4455 P3:1.4465 P4:1.4465 STATE:IDLE
[2026-05-04 18:27:13Z] CHK MOM:-0.06% RANGE:0.06% UP:0% SPREAD:0.06920415% BID:1.445 ASK:1.446 MID:1.4455 P1:1.4455 P2:1.4455 P3:1.4465 P4:1.4465 STATE:IDLE
[2026-05-04 18:27:14Z] CHK MOM:-0.06% RANGE:0.06% UP:0% SPREAD:0.06920415% BID:1.445 ASK:1.446 MID:1.4455 P1:1.4455 P2:1.4455 P3:1.4465 P4:1.4465 STATE:IDLE
[2026-05-04 18:27:14Z] CHK MOM:-0.06% RANGE:0.06% UP:0% SPREAD:0.06920415% BID:1.445 ASK:1.446 MID:1.4455 P1:1.4455 P2:1.4455 P3:1.4465 P4:1.4465 STATE:IDLE
[2026-05-04 18:27:15Z] CHK MOM:-0.06% RANGE:0.06% UP:0% SPREAD:0.06920415% BID:1.445 ASK:1.446 MID:1.4455 P1:1.4455 P2:1.4455 P3:1.4465 P4:1.4465 STATE:IDLE
[2026-05-04 18:27:15Z] CHK MOM:-0.06% RANGE:0.06% UP:0% SPREAD:0.06920415% BID:1.445 ASK:1.446 MID:1.4455 P1:1.4455 P2:1.4455 P3:1.4455 P4:1.4465 STATE:IDLE
[2026-05-04 18:27:16Z] CHK MOM:-0.06% RANGE:0.06% UP:0% SPREAD:0.06920415% BID:1.445 ASK:1.446 MID:1.4455 P1:1.4455 P2:1.4455 P3:1.4455 P4:1.4455 STATE:IDLE
[2026-05-04 18:27:16Z] CHK MOM:-0.06% RANGE:0.06% UP:0% SPREAD:0.06920415% BID:1.445 ASK:1.446 MID:1.4455 P1:1.4455 P2:1.4455 P3:1.4455 P4:1.4455 STATE:IDLE
[2026-05-04 18:27:17Z] CHK MOM:0% RANGE:0.06% UP:16.66% SPREAD:0.06915629% BID:1.446 ASK:1.447 MID:1.4465 P1:1.4465 P2:1.4455 P3:1.4455 P4:1.4455 STATE:IDLE
[2026-05-04 18:27:18Z] CHK MOM:0% RANGE:0.06% UP:16.66% SPREAD:0.06915629% BID:1.446 ASK:1.447 MID:1.4465 P1:1.4465 P2:1.4455 P3:1.4455 P4:1.4455 STATE:IDLE
[2026-05-04 18:27:18Z] CHK MOM:0.06% RANGE:0.13% UP:28.57% SPREAD:0.0691085% BID:1.447 ASK:1.448 MID:1.4475 P1:1.4475 P2:1.4465 P3:1.4455 P4:1.4455 STATE:IDLE
[2026-05-04 18:27:19Z] CHK MOM:0.06% RANGE:0.13% UP:28.57% SPREAD:0.0691085% BID:1.447 ASK:1.448 MID:1.4475 P1:1.4475 P2:1.4465 P3:1.4455 P4:1.4455 STATE:IDLE
[2026-05-04 18:27:19Z] CHK MOM:0.06% RANGE:0.13% UP:28.57% SPREAD:0.0691085% BID:1.447 ASK:1.448 MID:1.4475 P1:1.4475 P2:1.4465 P3:1.4455 P4:1.4455 STATE:IDLE
[2026-05-04 18:27:20Z] CHK MOM:0.13% RANGE:0.13% UP:33.33% SPREAD:0.0691085% BID:1.447 ASK:1.448 MID:1.4475 P1:1.4475 P2:1.4475 P3:1.4465 P4:1.4455 STATE:IDLE
[2026-05-04 18:27:20Z] CHK MOM:0.13% RANGE:0.13% UP:33.33% SPREAD:0.0691085% BID:1.447 ASK:1.448 MID:1.4475 P1:1.4475 P2:1.4475 P3:1.4475 P4:1.4465 STATE:IDLE
[2026-05-04 18:27:21Z] CHK MOM:0.13% RANGE:0.13% UP:28.57% SPREAD:0.0691085% BID:1.447 ASK:1.448 MID:1.4475 P1:1.4475 P2:1.4475 P3:1.4475 P4:1.4475 STATE:IDLE
[2026-05-04 18:27:21Z] CHK MOM:0.13% RANGE:0.13% UP:25% SPREAD:0.0691085% BID:1.447 ASK:1.448 MID:1.4475 P1:1.4475 P2:1.4475 P3:1.4475 P4:1.4475 STATE:IDLE
[2026-05-04 18:27:22Z] CHK MOM:0.13% RANGE:0.13% UP:22.22% SPREAD:0.0691085% BID:1.447 ASK:1.448 MID:1.4475 P1:1.4475 P2:1.4475 P3:1.4475 P4:1.4475 STATE:IDLE
[2026-05-04 18:27:22Z] CHK MOM:0.13% RANGE:0.13% UP:22.22% SPREAD:0.0691085% BID:1.447 ASK:1.448 MID:1.4475 P1:1.4475 P2:1.4475 P3:1.4475 P4:1.4475 STATE:IDLE
[2026-05-04 18:27:23Z] CHK MOM:0.13% RANGE:0.13% UP:22.22% SPREAD:0.0691085% BID:1.447 ASK:1.448 MID:1.4475 P1:1.4475 P2:1.4475 P3:1.4475 P4:1.4475 STATE:IDLE
[2026-05-04 18:27:24Z] CHK MOM:0.13% RANGE:0.13% UP:22.22% SPREAD:0.0691085% BID:1.447 ASK:1.448 MID:1.4475 P1:1.4475 P2:1.4475 P3:1.4475 P4:1.4475 STATE:IDLE
[2026-05-04 18:27:24Z] CHK MOM:0.13% RANGE:0.13% UP:22.22% SPREAD:0.0691085% BID:1.447 ASK:1.448 MID:1.4475 P1:1.4475 P2:1.4475 P3:1.4475 P4:1.4475 STATE:IDLE
[2026-05-04 18:27:26Z] CHK MOM:0% RANGE:0% UP:0% SPREAD:0.0691085% BID:1.447 ASK:1.448 MID:1.4475 P1:1.4475 P2:1.4475 P3:1.4475 P4:1.4475 STATE:IDLE
[2026-05-04 18:27:27Z] CHK MOM:0% RANGE:0% UP:0% SPREAD:0.0691085% BID:1.447 ASK:1.448 MID:1.4475 P1:1.4475 P2:1.4475 P3:1.4475 P4:1.4475 STATE:IDLE
[2026-05-04 18:27:27Z] CHK MOM:0% RANGE:0% UP:0% SPREAD:0.0691085% BID:1.447 ASK:1.448 MID:1.4475 P1:1.4475 P2:1.4475 P3:1.4475 P4:1.4475 STATE:IDLE
[2026-05-04 18:27:28Z] CHK MOM:0% RANGE:0% UP:0% SPREAD:0.0691085% BID:1.447 ASK:1.448 MID:1.4475 P1:1.4475 P2:1.4475 P3:1.4475 P4:1.4475 STATE:IDLE
[2026-05-04 18:27:29Z] CHK MOM:0% RANGE:0% UP:0% SPREAD:0.0691085% BID:1.447 ASK:1.448 MID:1.4475 P1:1.4475 P2:1.4475 P3:1.4475 P4:1.4475 STATE:IDLE
[2026-05-04 18:27:30Z] CHK MOM:0% RANGE:0% UP:0% SPREAD:0.0691085% BID:1.447 ASK:1.448 MID:1.4475 P1:1.4475 P2:1.4475 P3:1.4475 P4:1.4475 STATE:IDLE
[2026-05-04 18:27:31Z] CHK MOM:0% RANGE:0% UP:0% SPREAD:0.0691085% BID:1.447 ASK:1.448 MID:1.4475 P1:1.4475 P2:1.4475 P3:1.4475 P4:1.4475 STATE:IDLE
[2026-05-04 18:27:31Z] CHK MOM:0% RANGE:0% UP:0% SPREAD:0.0691085% BID:1.447 ASK:1.448 MID:1.4475 P1:1.4475 P2:1.4475 P3:1.4475 P4:1.4475 STATE:IDLE
[2026-05-04 18:27:32Z] CHK MOM:0% RANGE:0% UP:0% SPREAD:0.0691085% BID:1.447 ASK:1.448 MID:1.4475 P1:1.4475 P2:1.4475 P3:1.4475 P4:1.4475 STATE:IDLE
[2026-05-04 18:27:32Z] CHK MOM:0% RANGE:0% UP:0% SPREAD:0.0691085% BID:1.447 ASK:1.448 MID:1.4475 P1:1.4475 P2:1.4475 P3:1.4475 P4:1.4475 STATE:IDLE
[2026-05-04 18:27:33Z] CHK MOM:0% RANGE:0% UP:0% SPREAD:0.0691085% BID:1.447 ASK:1.448 MID:1.4475 P1:1.4475 P2:1.4475 P3:1.4475 P4:1.4475 STATE:IDLE
[2026-05-04 18:27:33Z] CHK MOM:0% RANGE:0% UP:0% SPREAD:0.0691085% BID:1.447 ASK:1.448 MID:1.4475 P1:1.4475 P2:1.4475 P3:1.4475 P4:1.4475 STATE:IDLE
[2026-05-04 18:27:34Z] CHK MOM:0% RANGE:0% UP:0% SPREAD:0.0691085% BID:1.447 ASK:1.448 MID:1.4475 P1:1.4475 P2:1.4475 P3:1.4475 P4:1.4475 STATE:IDLE
[2026-05-04 18:27:35Z] CHK MOM:0% RANGE:0% UP:0% SPREAD:0.0691085% BID:1.447 ASK:1.448 MID:1.4475 P1:1.4475 P2:1.4475 P3:1.4475 P4:1.4475 STATE:IDLE
[2026-05-04 18:27:35Z] CHK MOM:0% RANGE:0% UP:0% SPREAD:0.0691085% BID:1.447 ASK:1.448 MID:1.4475 P1:1.4475 P2:1.4475 P3:1.4475 P4:1.4475 STATE:IDLE
[2026-05-04 18:27:36Z] CHK MOM:0% RANGE:0% UP:0% SPREAD:0.0691085% BID:1.447 ASK:1.448 MID:1.4475 P1:1.4475 P2:1.4475 P3:1.4475 P4:1.4475 STATE:IDLE
[2026-05-04 18:27:36Z] CHK MOM:-0.06% RANGE:0.06% UP:0% SPREAD:0.06915629% BID:1.446 ASK:1.447 MID:1.4465 P1:1.4465 P2:1.4475 P3:1.4475 P4:1.4475 STATE:IDLE
[2026-05-04 18:27:37Z] CHK MOM:-0.06% RANGE:0.06% UP:0% SPREAD:0.06915629% BID:1.446 ASK:1.447 MID:1.4465 P1:1.4465 P2:1.4475 P3:1.4475 P4:1.4475 STATE:IDLE
[2026-05-04 18:27:37Z] CHK MOM:-0.06% RANGE:0.06% UP:0% SPREAD:0.06915629% BID:1.446 ASK:1.447 MID:1.4465 P1:1.4465 P2:1.4475 P3:1.4475 P4:1.4475 STATE:IDLE
[2026-05-04 18:27:38Z] CHK MOM:-0.13% RANGE:0.13% UP:0% SPREAD:0.06920415% BID:1.445 ASK:1.446 MID:1.4455 P1:1.4455 P2:1.4465 P3:1.4475 P4:1.4475 STATE:IDLE
[2026-05-04 18:27:38Z] CHK MOM:-0.13% RANGE:0.13% UP:0% SPREAD:0.06920415% BID:1.445 ASK:1.446 MID:1.4455 P1:1.4455 P2:1.4465 P3:1.4475 P4:1.4475 STATE:IDLE
[2026-05-04 18:27:39Z] CHK MOM:-0.13% RANGE:0.13% UP:0% SPREAD:0.06920415% BID:1.445 ASK:1.446 MID:1.4455 P1:1.4455 P2:1.4455 P3:1.4465 P4:1.4475 STATE:IDLE
[2026-05-04 18:27:40Z] CHK MOM:-0.13% RANGE:0.13% UP:0% SPREAD:0.06920415% BID:1.445 ASK:1.446 MID:1.4455 P1:1.4455 P2:1.4455 P3:1.4455 P4:1.4465 STATE:IDLE
[2026-05-04 18:27:40Z] CHK MOM:-0.13% RANGE:0.13% UP:0% SPREAD:0.06920415% BID:1.445 ASK:1.446 MID:1.4455 P1:1.4455 P2:1.4455 P3:1.4455 P4:1.4455 STATE:IDLE
[2026-05-04 18:27:41Z] CHK MOM:-0.13% RANGE:0.13% UP:0% SPREAD:0.06920415% BID:1.445 ASK:1.446 MID:1.4455 P1:1.4455 P2:1.4455 P3:1.4455 P4:1.4455 STATE:IDLE
[2026-05-04 18:27:41Z] CHK MOM:-0.13% RANGE:0.13% UP:0% SPREAD:0.06920415% BID:1.445 ASK:1.446 MID:1.4455 P1:1.4455 P2:1.4455 P3:1.4455 P4:1.4455 STATE:IDLE
[2026-05-04 18:27:42Z] CHK MOM:0% RANGE:0.06% UP:16.66% SPREAD:0.06915629% BID:1.446 ASK:1.447 MID:1.4465 P1:1.4465 P2:1.4455 P3:1.4455 P4:1.4455 STATE:IDLE
[2026-05-04 18:27:42Z] CHK MOM:0% RANGE:0.06% UP:16.66% SPREAD:0.06915629% BID:1.446 ASK:1.447 MID:1.4465 P1:1.4465 P2:1.4455 P3:1.4455 P4:1.4455 STATE:IDLE
[2026-05-04 18:27:43Z] CHK MOM:0% RANGE:0.06% UP:16.66% SPREAD:0.06915629% BID:1.446 ASK:1.447 MID:1.4465 P1:1.4465 P2:1.4455 P3:1.4455 P4:1.4455 STATE:IDLE
[2026-05-04 18:27:43Z] CHK MOM:0% RANGE:0.06% UP:16.66% SPREAD:0.06915629% BID:1.446 ASK:1.447 MID:1.4465 P1:1.4465 P2:1.4455 P3:1.4455 P4:1.4455 STATE:IDLE
[2026-05-04 18:27:44Z] CHK MOM:0% RANGE:0.06% UP:16.66% SPREAD:0.06915629% BID:1.446 ASK:1.447 MID:1.4465 P1:1.4465 P2:1.4455 P3:1.4455 P4:1.4455 STATE:IDLE
[2026-05-04 18:27:44Z] CHK MOM:0% RANGE:0.06% UP:16.66% SPREAD:0.06915629% BID:1.446 ASK:1.447 MID:1.4465 P1:1.4465 P2:1.4455 P3:1.4455 P4:1.4455 STATE:IDLE
[2026-05-04 18:27:50Z] CHK MOM:0% RANGE:0% UP:0% SPREAD:0.06920415% BID:1.445 ASK:1.446 MID:1.4455 P1:1.4455 P2:1.4465 P3:1.4455 P4:1.4455 STATE:IDLE
[2026-05-04 18:27:51Z] CHK MOM:0% RANGE:0% UP:0% SPREAD:0.06920415% BID:1.445 ASK:1.446 MID:1.4455 P1:1.4455 P2:1.4455 P3:1.4465 P4:1.4455 STATE:IDLE
[2026-05-04 18:27:51Z] CHK MOM:0% RANGE:0% UP:0% SPREAD:0.06920415% BID:1.445 ASK:1.446 MID:1.4455 P1:1.4455 P2:1.4455 P3:1.4455 P4:1.4465 STATE:IDLE
[2026-05-04 18:27:52Z] CHK MOM:0% RANGE:0% UP:0% SPREAD:0.06920415% BID:1.445 ASK:1.446 MID:1.4455 P1:1.4455 P2:1.4455 P3:1.4455 P4:1.4465 STATE:IDLE
[2026-05-04 18:27:52Z] CHK MOM:0% RANGE:0% UP:0% SPREAD:0.06920415% BID:1.445 ASK:1.446 MID:1.4455 P1:1.4455 P2:1.4455 P3:1.4455 P4:1.4465 STATE:IDLE
[2026-05-04 18:27:53Z] CHK MOM:0% RANGE:0% UP:0% SPREAD:0.06920415% BID:1.445 ASK:1.446 MID:1.4455 P1:1.4455 P2:1.4455 P3:1.4455 P4:1.4465 STATE:IDLE
[2026-05-04 18:27:53Z] CHK MOM:0% RANGE:0% UP:0% SPREAD:0.06920415% BID:1.445 ASK:1.446 MID:1.4455 P1:1.4455 P2:1.4455 P3:1.4455 P4:1.4465 STATE:IDLE
[2026-05-04 18:27:54Z] CHK MOM:0% RANGE:0% UP:0% SPREAD:0.06920415% BID:1.445 ASK:1.446 MID:1.4455 P1:1.4455 P2:1.4455 P3:1.4455 P4:1.4465 STATE:IDLE
[2026-05-04 18:27:56Z] CHK MOM:0% RANGE:0% UP:0% SPREAD:0.06920415% BID:1.445 ASK:1.446 MID:1.4455 P1:1.4455 P2:1.4455 P3:1.4455 P4:1.4455 STATE:IDLE
[2026-05-04 18:27:56Z] CHK MOM:0% RANGE:0% UP:0% SPREAD:0.06920415% BID:1.445 ASK:1.446 MID:1.4455 P1:1.4455 P2:1.4455 P3:1.4455 P4:1.4455 STATE:IDLE
[2026-05-04 18:27:57Z] CHK MOM:0% RANGE:0% UP:0% SPREAD:0.06920415% BID:1.445 ASK:1.446 MID:1.4455 P1:1.4455 P2:1.4455 P3:1.4455 P4:1.4455 STATE:IDLE
[2026-05-04 18:27:57Z] CHK MOM:0% RANGE:0% UP:0% SPREAD:0.06920415% BID:1.445 ASK:1.446 MID:1.4455 P1:1.4455 P2:1.4455 P3:1.4455 P4:1.4455 STATE:IDLE
[2026-05-04 18:27:58Z] CHK MOM:0.06% RANGE:0.06% UP:20% SPREAD:0.06915629% BID:1.446 ASK:1.447 MID:1.4465 P1:1.4465 P2:1.4455 P3:1.4455 P4:1.4455 STATE:IDLE
[2026-05-04 18:27:58Z] CHK MOM:0.06% RANGE:0.06% UP:20% SPREAD:0.06915629% BID:1.446 ASK:1.447 MID:1.4465 P1:1.4465 P2:1.4465 P3:1.4455 P4:1.4455 STATE:IDLE
[2026-05-04 18:27:59Z] CHK MOM:0.06% RANGE:0.06% UP:20% SPREAD:0.06915629% BID:1.446 ASK:1.447 MID:1.4465 P1:1.4465 P2:1.4465 P3:1.4465 P4:1.4455 STATE:IDLE
[2026-05-04 18:27:59Z] CHK MOM:0.06% RANGE:0.06% UP:20% SPREAD:0.06915629% BID:1.446 ASK:1.447 MID:1.4465 P1:1.4465 P2:1.4465 P3:1.4465 P4:1.4455 STATE:IDLE
[2026-05-04 18:28:00Z] CHK MOM:0.06% RANGE:0.06% UP:20% SPREAD:0.06915629% BID:1.446 ASK:1.447 MID:1.4465 P1:1.4465 P2:1.4465 P3:1.4465 P4:1.4455 STATE:IDLE
[2026-05-04 18:28:00Z] CHK MOM:0.06% RANGE:0.06% UP:20% SPREAD:0.06915629% BID:1.446 ASK:1.447 MID:1.4465 P1:1.4465 P2:1.4465 P3:1.4465 P4:1.4455 STATE:IDLE
[2026-05-04 18:28:01Z] CHK MOM:0.06% RANGE:0.06% UP:20% SPREAD:0.06915629% BID:1.446 ASK:1.447 MID:1.4465 P1:1.4465 P2:1.4465 P3:1.4465 P4:1.4455 STATE:IDLE
[2026-05-04 18:28:02Z] CHK MOM:0% RANGE:0.06% UP:20% SPREAD:0.06920415% BID:1.445 ASK:1.446 MID:1.4455 P1:1.4455 P2:1.4465 P3:1.4465 P4:1.4465 STATE:IDLE
[2026-05-04 18:28:02Z] CHK MOM:0% RANGE:0.06% UP:16.66% SPREAD:0.06920415% BID:1.445 ASK:1.446 MID:1.4455 P1:1.4455 P2:1.4455 P3:1.4465 P4:1.4465 STATE:IDLE
[2026-05-04 18:28:03Z] CHK MOM:0% RANGE:0.06% UP:16.66% SPREAD:0.06920415% BID:1.445 ASK:1.446 MID:1.4455 P1:1.4455 P2:1.4455 P3:1.4465 P4:1.4465 STATE:IDLE
[2026-05-04 18:28:03Z] CHK MOM:0% RANGE:0.06% UP:14.28% SPREAD:0.06920415% BID:1.445 ASK:1.446 MID:1.4455 P1:1.4455 P2:1.4455 P3:1.4455 P4:1.4465 STATE:IDLE
[2026-05-04 18:28:04Z] CHK MOM:0% RANGE:0.06% UP:14.28% SPREAD:0.06920415% BID:1.445 ASK:1.446 MID:1.4455 P1:1.4455 P2:1.4455 P3:1.4455 P4:1.4465 STATE:IDLE
[2026-05-04 18:28:04Z] CHK MOM:0% RANGE:0.06% UP:14.28% SPREAD:0.06920415% BID:1.445 ASK:1.446 MID:1.4455 P1:1.4455 P2:1.4455 P3:1.4455 P4:1.4465 STATE:IDLE
[2026-05-04 18:28:05Z] CHK MOM:-0.06% RANGE:0.06% UP:0% SPREAD:0.06920415% BID:1.445 ASK:1.446 MID:1.4455 P1:1.4455 P2:1.4455 P3:1.4455 P4:1.4455 STATE:IDLE
[2026-05-04 18:28:05Z] CHK MOM:-0.06% RANGE:0.06% UP:0% SPREAD:0.06920415% BID:1.445 ASK:1.446 MID:1.4455 P1:1.4455 P2:1.4455 P3:1.4455 P4:1.4455 STATE:IDLE
[2026-05-04 18:28:06Z] CHK MOM:-0.06% RANGE:0.06% UP:0% SPREAD:0.06920415% BID:1.445 ASK:1.446 MID:1.4455 P1:1.4455 P2:1.4455 P3:1.4455 P4:1.4455 STATE:IDLE
[2026-05-04 18:28:07Z] CHK MOM:0% RANGE:0% UP:0% SPREAD:0.06920415% BID:1.445 ASK:1.446 MID:1.4455 P1:1.4455 P2:1.4455 P3:1.4455 P4:1.4455 STATE:IDLE
[2026-05-04 18:28:07Z] CHK MOM:0% RANGE:0% UP:0% SPREAD:0.06920415% BID:1.445 ASK:1.446 MID:1.4455 P1:1.4455 P2:1.4455 P3:1.4455 P4:1.4455 STATE:IDLE
[2026-05-04 18:28:08Z] CHK MOM:0% RANGE:0% UP:0% SPREAD:0.06920415% BID:1.445 ASK:1.446 MID:1.4455 P1:1.4455 P2:1.4455 P3:1.4455 P4:1.4455 STATE:IDLE
[2026-05-04 18:28:08Z] CHK MOM:0% RANGE:0% UP:0% SPREAD:0.06920415% BID:1.445 ASK:1.446 MID:1.4455 P1:1.4455 P2:1.4455 P3:1.4455 P4:1.4455 STATE:IDLE
[2026-05-04 18:28:09Z] CHK MOM:0% RANGE:0% UP:0% SPREAD:0.06920415% BID:1.445 ASK:1.446 MID:1.4455 P1:1.4455 P2:1.4455 P3:1.4455 P4:1.4455 STATE:IDLE
[2026-05-04 18:28:09Z] CHK MOM:0% RANGE:0% UP:0% SPREAD:0.06920415% BID:1.445 ASK:1.446 MID:1.4455 P1:1.4455 P2:1.4455 P3:1.4455 P4:1.4455 STATE:IDLE
[2026-05-04 18:28:10Z] CHK MOM:0% RANGE:0% UP:0% SPREAD:0.06920415% BID:1.445 ASK:1.446 MID:1.4455 P1:1.4455 P2:1.4455 P3:1.4455 P4:1.4455 STATE:IDLE
[2026-05-04 18:28:10Z] CHK MOM:0% RANGE:0% UP:0% SPREAD:0.06920415% BID:1.445 ASK:1.446 MID:1.4455 P1:1.4455 P2:1.4455 P3:1.4455 P4:1.4455 STATE:IDLE
[2026-05-04 18:28:11Z] CHK MOM:0% RANGE:0% UP:0% SPREAD:0.06920415% BID:1.445 ASK:1.446 MID:1.4455 P1:1.4455 P2:1.4455 P3:1.4455 P4:1.4455 STATE:IDLE
[2026-05-04 18:28:12Z] CHK MOM:0% RANGE:0% UP:0% SPREAD:0.06920415% BID:1.445 ASK:1.446 MID:1.4455 P1:1.4455 P2:1.4455 P3:1.4455 P4:1.4455 STATE:IDLE
[2026-05-04 18:28:12Z] CHK MOM:0% RANGE:0% UP:0% SPREAD:0.06920415% BID:1.445 ASK:1.446 MID:1.4455 P1:1.4455 P2:1.4455 P3:1.4455 P4:1.4455 STATE:IDLE
[2026-05-04 18:28:13Z] CHK MOM:0% RANGE:0% UP:0% SPREAD:0.06920415% BID:1.445 ASK:1.446 MID:1.4455 P1:1.4455 P2:1.4455 P3:1.4455 P4:1.4455 STATE:IDLE
[2026-05-04 18:28:13Z] CHK MOM:0.03% RANGE:0.03% UP:14.28% SPREAD:0.1384083% BID:1.445 ASK:1.447 MID:1.446 P1:1.446 P2:1.4455 P3:1.4455 P4:1.4455 STATE:IDLE
[2026-05-04 18:28:14Z] CHK MOM:0.03% RANGE:0.03% UP:14.28% SPREAD:0.1384083% BID:1.445 ASK:1.447 MID:1.446 P1:1.446 P2:1.4455 P3:1.4455 P4:1.4455 STATE:IDLE
[2026-05-04 18:28:14Z] CHK MOM:0.03% RANGE:0.03% UP:14.28% SPREAD:0.1384083% BID:1.445 ASK:1.447 MID:1.446 P1:1.446 P2:1.4455 P3:1.4455 P4:1.4455 STATE:IDLE
[2026-05-04 18:28:15Z] CHK MOM:0.03% RANGE:0.03% UP:14.28% SPREAD:0.1384083% BID:1.445 ASK:1.447 MID:1.446 P1:1.446 P2:1.4455 P3:1.4455 P4:1.4455 STATE:IDLE
[2026-05-04 18:28:15Z] CHK MOM:0.03% RANGE:0.03% UP:14.28% SPREAD:0.1384083% BID:1.445 ASK:1.447 MID:1.446 P1:1.446 P2:1.4455 P3:1.4455 P4:1.4455 STATE:IDLE
[2026-05-04 18:28:16Z] CHK MOM:0.03% RANGE:0.03% UP:14.28% SPREAD:0.1384083% BID:1.445 ASK:1.447 MID:1.446 P1:1.446 P2:1.4455 P3:1.4455 P4:1.4455 STATE:IDLE
[2026-05-04 18:28:17Z] CHK MOM:0% RANGE:0.03% UP:20% SPREAD:0.06920415% BID:1.445 ASK:1.446 MID:1.4455 P1:1.4455 P2:1.446 P3:1.4455 P4:1.4455 STATE:IDLE
[2026-05-04 18:28:18Z] CHK MOM:0% RANGE:0.03% UP:25% SPREAD:0.06920415% BID:1.445 ASK:1.446 MID:1.4455 P1:1.4455 P2:1.4455 P3:1.446 P4:1.4455 STATE:IDLE
[2026-05-04 18:28:18Z] CHK MOM:0% RANGE:0.03% UP:25% SPREAD:0.06920415% BID:1.445 ASK:1.446 MID:1.4455 P1:1.4455 P2:1.4455 P3:1.446 P4:1.4455 STATE:IDLE
[2026-05-04 18:28:19Z] CHK MOM:0% RANGE:0.03% UP:25% SPREAD:0.06920415% BID:1.445 ASK:1.446 MID:1.4455 P1:1.4455 P2:1.4455 P3:1.446 P4:1.4455 STATE:IDLE
[2026-05-04 18:28:19Z] CHK MOM:0% RANGE:0.03% UP:25% SPREAD:0.06920415% BID:1.445 ASK:1.446 MID:1.4455 P1:1.4455 P2:1.4455 P3:1.446 P4:1.4455 STATE:IDLE
[2026-05-04 18:28:20Z] CHK MOM:0% RANGE:0.03% UP:25% SPREAD:0.06920415% BID:1.445 ASK:1.446 MID:1.4455 P1:1.4455 P2:1.4455 P3:1.446 P4:1.4455 STATE:IDLE
[2026-05-04 18:28:21Z] CHK MOM:0% RANGE:0% UP:0% SPREAD:0.06920415% BID:1.445 ASK:1.446 MID:1.4455 P1:1.4455 P2:1.4455 P3:1.4455 P4:1.446 STATE:IDLE
[2026-05-04 18:28:22Z] CHK MOM:0% RANGE:0% UP:0% SPREAD:0.06920415% BID:1.445 ASK:1.446 MID:1.4455 P1:1.4455 P2:1.4455 P3:1.4455 P4:1.446 STATE:IDLE
[2026-05-04 18:28:23Z] CHK MOM:0% RANGE:0% UP:0% SPREAD:0.06920415% BID:1.445 ASK:1.446 MID:1.4455 P1:1.4455 P2:1.4455 P3:1.4455 P4:1.446 STATE:IDLE
[2026-05-04 18:28:23Z] CHK MOM:0% RANGE:0% UP:0% SPREAD:0.06920415% BID:1.445 ASK:1.446 MID:1.4455 P1:1.4455 P2:1.4455 P3:1.4455 P4:1.4455 STATE:IDLE
[2026-05-04 18:28:24Z] CHK MOM:0% RANGE:0% UP:0% SPREAD:0.06920415% BID:1.445 ASK:1.446 MID:1.4455 P1:1.4455 P2:1.4455 P3:1.4455 P4:1.4455 STATE:IDLE
[2026-05-04 18:28:24Z] CHK MOM:0% RANGE:0% UP:0% SPREAD:0.06920415% BID:1.445 ASK:1.446 MID:1.4455 P1:1.4455 P2:1.4455 P3:1.4455 P4:1.4455 STATE:IDLE
[2026-05-04 18:28:25Z] CHK MOM:0% RANGE:0% UP:0% SPREAD:0.06920415% BID:1.445 ASK:1.446 MID:1.4455 P1:1.4455 P2:1.4455 P3:1.4455 P4:1.4455 STATE:IDLE
[2026-05-04 18:28:25Z] CHK MOM:0% RANGE:0% UP:0% SPREAD:0.06920415% BID:1.445 ASK:1.446 MID:1.4455 P1:1.4455 P2:1.4455 P3:1.4455 P4:1.4455 STATE:IDLE
[2026-05-04 18:28:26Z] CHK MOM:0% RANGE:0% UP:0% SPREAD:0.06920415% BID:1.445 ASK:1.446 MID:1.4455 P1:1.4455 P2:1.4455 P3:1.4455 P4:1.4455 STATE:IDLE
[2026-05-04 18:28:26Z] CHK MOM:0% RANGE:0% UP:0% SPREAD:0.06920415% BID:1.445 ASK:1.446 MID:1.4455 P1:1.4455 P2:1.4455 P3:1.4455 P4:1.4455 STATE:IDLE
[2026-05-04 18:28:27Z] CHK MOM:0% RANGE:0% UP:0% SPREAD:0.06920415% BID:1.445 ASK:1.446 MID:1.4455 P1:1.4455 P2:1.4455 P3:1.4455 P4:1.4455 STATE:IDLE
[2026-05-04 18:28:27Z] CHK MOM:0% RANGE:0% UP:0% SPREAD:0.06920415% BID:1.445 ASK:1.446 MID:1.4455 P1:1.4455 P2:1.4455 P3:1.4455 P4:1.4455 STATE:IDLE
[2026-05-04 18:28:28Z] CHK MOM:0% RANGE:0% UP:0% SPREAD:0.06920415% BID:1.445 ASK:1.446 MID:1.4455 P1:1.4455 P2:1.4455 P3:1.4455 P4:1.4455 STATE:IDLE
[2026-05-04 18:28:29Z] CHK MOM:0% RANGE:0% UP:0% SPREAD:0.06920415% BID:1.445 ASK:1.446 MID:1.4455 P1:1.4455 P2:1.4455 P3:1.4455 P4:1.4455 STATE:IDLE
[2026-05-04 18:28:29Z] CHK MOM:0% RANGE:0% UP:0% SPREAD:0.06920415% BID:1.445 ASK:1.446 MID:1.4455 P1:1.4455 P2:1.4455 P3:1.4455 P4:1.4455 STATE:IDLE
[2026-05-04 18:28:30Z] CHK MOM:0% RANGE:0% UP:0% SPREAD:0.06920415% BID:1.445 ASK:1.446 MID:1.4455 P1:1.4455 P2:1.4455 P3:1.4455 P4:1.4455 STATE:IDLE
[2026-05-04 18:28:30Z] CHK MOM:0% RANGE:0% UP:0% SPREAD:0.06920415% BID:1.445 ASK:1.446 MID:1.4455 P1:1.4455 P2:1.4455 P3:1.4455 P4:1.4455 STATE:IDLE
[2026-05-04 18:28:31Z] CHK MOM:0% RANGE:0% UP:0% SPREAD:0.06920415% BID:1.445 ASK:1.446 MID:1.4455 P1:1.4455 P2:1.4455 P3:1.4455 P4:1.4455 STATE:IDLE
[2026-05-04 18:28:31Z] CHK MOM:0% RANGE:0% UP:0% SPREAD:0.06920415% BID:1.445 ASK:1.446 MID:1.4455 P1:1.4455 P2:1.4455 P3:1.4455 P4:1.4455 STATE:IDLE
[2026-05-04 18:28:32Z] CHK MOM:0% RANGE:0% UP:0% SPREAD:0.06920415% BID:1.445 ASK:1.446 MID:1.4455 P1:1.4455 P2:1.4455 P3:1.4455 P4:1.4455 STATE:IDLE
[2026-05-04 18:28:32Z] CHK MOM:0% RANGE:0% UP:0% SPREAD:0.06920415% BID:1.445 ASK:1.446 MID:1.4455 P1:1.4455 P2:1.4455 P3:1.4455 P4:1.4455 STATE:IDLE
[2026-05-04 18:28:33Z] CHK MOM:0% RANGE:0% UP:0% SPREAD:0.06920415% BID:1.445 ASK:1.446 MID:1.4455 P1:1.4455 P2:1.4455 P3:1.4455 P4:1.4455 STATE:IDLE
[2026-05-04 18:28:34Z] CHK MOM:0% RANGE:0% UP:0% SPREAD:0.06920415% BID:1.445 ASK:1.446 MID:1.4455 P1:1.4455 P2:1.4455 P3:1.4455 P4:1.4455 STATE:IDLE
[2026-05-04 18:28:34Z] CHK MOM:0% RANGE:0% UP:0% SPREAD:0.06920415% BID:1.445 ASK:1.446 MID:1.4455 P1:1.4455 P2:1.4455 P3:1.4455 P4:1.4455 STATE:IDLE
[2026-05-04 18:28:35Z] CHK MOM:0% RANGE:0% UP:0% SPREAD:0.06920415% BID:1.445 ASK:1.446 MID:1.4455 P1:1.4455 P2:1.4455 P3:1.4455 P4:1.4455 STATE:IDLE
[2026-05-04 18:28:35Z] CHK MOM:0% RANGE:0% UP:0% SPREAD:0.06920415% BID:1.445 ASK:1.446 MID:1.4455 P1:1.4455 P2:1.4455 P3:1.4455 P4:1.4455 STATE:IDLE
[2026-05-04 18:28:36Z] CHK MOM:0% RANGE:0% UP:0% SPREAD:0.06920415% BID:1.445 ASK:1.446 MID:1.4455 P1:1.4455 P2:1.4455 P3:1.4455 P4:1.4455 STATE:IDLE
[2026-05-04 18:28:36Z] CHK MOM:0.13% RANGE:0.13% UP:20% SPREAD:0.0691085% BID:1.447 ASK:1.448 MID:1.4475 P1:1.4475 P2:1.4455 P3:1.4455 P4:1.4455 STATE:IDLE
[2026-05-04 18:28:37Z] CHK MOM:0.1% RANGE:0.13% UP:16.66% SPREAD:0.13831258% BID:1.446 ASK:1.448 MID:1.447 P1:1.447 P2:1.4475 P3:1.4455 P4:1.4455 STATE:IDLE
[2026-05-04 18:28:37Z] CHK MOM:0.06% RANGE:0.13% UP:16.66% SPREAD:0.06915629% BID:1.446 ASK:1.447 MID:1.4465 P1:1.4465 P2:1.447 P3:1.4475 P4:1.4455 STATE:IDLE
[2026-05-04 18:28:38Z] CHK MOM:0.06% RANGE:0.13% UP:14.28% SPREAD:0.06915629% BID:1.446 ASK:1.447 MID:1.4465 P1:1.4465 P2:1.4465 P3:1.447 P4:1.4475 STATE:IDLE
[2026-05-04 18:28:38Z] CHK MOM:0.06% RANGE:0.13% UP:14.28% SPREAD:0.06915629% BID:1.446 ASK:1.447 MID:1.4465 P1:1.4465 P2:1.4465 P3:1.447 P4:1.4475 STATE:IDLE
[2026-05-04 18:28:39Z] CHK MOM:0.06% RANGE:0.13% UP:14.28% SPREAD:0.06915629% BID:1.446 ASK:1.447 MID:1.4465 P1:1.4465 P2:1.4465 P3:1.447 P4:1.4475 STATE:IDLE
[2026-05-04 18:28:40Z] CHK MOM:0.06% RANGE:0.13% UP:14.28% SPREAD:0.06915629% BID:1.446 ASK:1.447 MID:1.4465 P1:1.4465 P2:1.4465 P3:1.447 P4:1.4475 STATE:IDLE
[2026-05-04 18:28:40Z] CHK MOM:0.06% RANGE:0.13% UP:14.28% SPREAD:0.06915629% BID:1.446 ASK:1.447 MID:1.4465 P1:1.4465 P2:1.4465 P3:1.447 P4:1.4475 STATE:IDLE
[2026-05-04 18:28:41Z] CHK MOM:0.06% RANGE:0.13% UP:16.66% SPREAD:0.06915629% BID:1.446 ASK:1.447 MID:1.4465 P1:1.4465 P2:1.4465 P3:1.4465 P4:1.447 STATE:IDLE
[2026-05-04 18:28:41Z] CHK MOM:0.06% RANGE:0.13% UP:16.66% SPREAD:0.06915629% BID:1.446 ASK:1.447 MID:1.4465 P1:1.4465 P2:1.4465 P3:1.4465 P4:1.447 STATE:IDLE
[2026-05-04 18:28:42Z] CHK MOM:0.06% RANGE:0.13% UP:16.66% SPREAD:0.06915629% BID:1.446 ASK:1.447 MID:1.4465 P1:1.4465 P2:1.4465 P3:1.4465 P4:1.447 STATE:IDLE
[2026-05-04 18:28:42Z] CHK MOM:0.06% RANGE:0.13% UP:16.66% SPREAD:0.06915629% BID:1.446 ASK:1.447 MID:1.4465 P1:1.4465 P2:1.4465 P3:1.4465 P4:1.4465 STATE:IDLE
[2026-05-04 18:28:43Z] CHK MOM:0.06% RANGE:0.13% UP:16.66% SPREAD:0.06915629% BID:1.446 ASK:1.447 MID:1.4465 P1:1.4465 P2:1.4465 P3:1.4465 P4:1.4465 STATE:IDLE
[2026-05-04 18:28:43Z] CHK MOM:0.13% RANGE:0.13% UP:28.57% SPREAD:0.0691085% BID:1.447 ASK:1.448 MID:1.4475 P1:1.4475 P2:1.4465 P3:1.4465 P4:1.4465 STATE:IDLE
[2026-05-04 18:28:44Z] CHK MOM:0% RANGE:0.06% UP:14.28% SPREAD:0.0691085% BID:1.447 ASK:1.448 MID:1.4475 P1:1.4475 P2:1.4475 P3:1.4465 P4:1.4465 STATE:IDLE
[2026-05-04 18:28:45Z] CHK MOM:0% RANGE:0.06% UP:14.28% SPREAD:0.0691085% BID:1.447 ASK:1.448 MID:1.4475 P1:1.4475 P2:1.4475 P3:1.4465 P4:1.4465 STATE:IDLE
[2026-05-04 18:28:45Z] CHK MOM:0% RANGE:0.06% UP:14.28% SPREAD:0.0691085% BID:1.447 ASK:1.448 MID:1.4475 P1:1.4475 P2:1.4475 P3:1.4465 P4:1.4465 STATE:IDLE
[2026-05-04 18:28:46Z] CHK MOM:0% RANGE:0.06% UP:14.28% SPREAD:0.0691085% BID:1.447 ASK:1.448 MID:1.4475 P1:1.4475 P2:1.4475 P3:1.4465 P4:1.4465 STATE:IDLE
[2026-05-04 18:28:46Z] CHK MOM:0.06% RANGE:0.06% UP:25% SPREAD:0.0691085% BID:1.447 ASK:1.448 MID:1.4475 P1:1.4475 P2:1.4475 P3:1.4475 P4:1.4465 STATE:IDLE
[2026-05-04 18:28:47Z] CHK MOM:0% RANGE:0.06% UP:20% SPREAD:0.06915629% BID:1.446 ASK:1.447 MID:1.4465 P1:1.4465 P2:1.4475 P3:1.4475 P4:1.4475 STATE:IDLE
[2026-05-04 18:28:47Z] CHK MOM:0% RANGE:0.06% UP:20% SPREAD:0.06915629% BID:1.446 ASK:1.447 MID:1.4465 P1:1.4465 P2:1.4475 P3:1.4475 P4:1.4475 STATE:IDLE
[2026-05-04 18:28:48Z] CHK MOM:0% RANGE:0.06% UP:16.66% SPREAD:0.06915629% BID:1.446 ASK:1.447 MID:1.4465 P1:1.4465 P2:1.4465 P3:1.4475 P4:1.4475 STATE:IDLE
[2026-05-04 18:28:48Z] CHK MOM:0% RANGE:0.06% UP:16.66% SPREAD:0.06915629% BID:1.446 ASK:1.447 MID:1.4465 P1:1.4465 P2:1.4465 P3:1.4475 P4:1.4475 STATE:IDLE
[2026-05-04 18:28:49Z] CHK MOM:0% RANGE:0.06% UP:16.66% SPREAD:0.06915629% BID:1.446 ASK:1.447 MID:1.4465 P1:1.4465 P2:1.4465 P3:1.4475 P4:1.4475 STATE:IDLE
[2026-05-04 18:28:49Z] CHK MOM:0% RANGE:0.06% UP:16.66% SPREAD:0.06915629% BID:1.446 ASK:1.447 MID:1.4465 P1:1.4465 P2:1.4465 P3:1.4465 P4:1.4475 STATE:IDLE
[2026-05-04 18:28:50Z] CHK MOM:0% RANGE:0.06% UP:16.66% SPREAD:0.06915629% BID:1.446 ASK:1.447 MID:1.4465 P1:1.4465 P2:1.4465 P3:1.4465 P4:1.4475 STATE:IDLE
[2026-05-04 18:28:51Z] CHK MOM:0% RANGE:0.06% UP:16.66% SPREAD:0.06915629% BID:1.446 ASK:1.447 MID:1.4465 P1:1.4465 P2:1.4465 P3:1.4465 P4:1.4475 STATE:IDLE
[2026-05-04 18:28:51Z] CHK MOM:0% RANGE:0.06% UP:16.66% SPREAD:0.06915629% BID:1.446 ASK:1.447 MID:1.4465 P1:1.4465 P2:1.4465 P3:1.4465 P4:1.4475 STATE:IDLE
[2026-05-04 18:28:52Z] CHK MOM:0% RANGE:0.06% UP:16.66% SPREAD:0.06915629% BID:1.446 ASK:1.447 MID:1.4465 P1:1.4465 P2:1.4465 P3:1.4465 P4:1.4475 STATE:IDLE
[2026-05-04 18:28:53Z] CHK MOM:-0.06% RANGE:0.06% UP:0% SPREAD:0.06915629% BID:1.446 ASK:1.447 MID:1.4465 P1:1.4465 P2:1.4465 P3:1.4465 P4:1.4465 STATE:IDLE
[2026-05-04 18:28:53Z] CHK MOM:-0.06% RANGE:0.06% UP:0% SPREAD:0.06915629% BID:1.446 ASK:1.447 MID:1.4465 P1:1.4465 P2:1.4465 P3:1.4465 P4:1.4465 STATE:IDLE
[2026-05-04 18:28:54Z] CHK MOM:-0.06% RANGE:0.06% UP:0% SPREAD:0.06915629% BID:1.446 ASK:1.447 MID:1.4465 P1:1.4465 P2:1.4465 P3:1.4465 P4:1.4465 STATE:IDLE
[2026-05-04 18:28:54Z] CHK MOM:-0.06% RANGE:0.06% UP:0% SPREAD:0.06915629% BID:1.446 ASK:1.447 MID:1.4465 P1:1.4465 P2:1.4465 P3:1.4465 P4:1.4465 STATE:IDLE
[2026-05-04 18:28:55Z] CHK MOM:0% RANGE:0% UP:0% SPREAD:0.06915629% BID:1.446 ASK:1.447 MID:1.4465 P1:1.4465 P2:1.4465 P3:1.4465 P4:1.4465 STATE:IDLE
[2026-05-04 18:28:56Z] CHK MOM:0% RANGE:0% UP:0% SPREAD:0.06915629% BID:1.446 ASK:1.447 MID:1.4465 P1:1.4465 P2:1.4465 P3:1.4465 P4:1.4465 STATE:IDLE
[2026-05-04 18:28:56Z] CHK MOM:0% RANGE:0% UP:0% SPREAD:0.06915629% BID:1.446 ASK:1.447 MID:1.4465 P1:1.4465 P2:1.4465 P3:1.4465 P4:1.4465 STATE:IDLE
[2026-05-04 18:28:57Z] CHK MOM:0% RANGE:0% UP:0% SPREAD:0.06915629% BID:1.446 ASK:1.447 MID:1.4465 P1:1.4465 P2:1.4465 P3:1.4465 P4:1.4465 STATE:IDLE
[2026-05-04 18:28:57Z] CHK MOM:0% RANGE:0% UP:0% SPREAD:0.06915629% BID:1.446 ASK:1.447 MID:1.4465 P1:1.4465 P2:1.4465 P3:1.4465 P4:1.4465 STATE:IDLE
[2026-05-04 18:28:59Z] CHK MOM:0% RANGE:0% UP:0% SPREAD:0.06915629% BID:1.446 ASK:1.447 MID:1.4465 P1:1.4465 P2:1.4465 P3:1.4465 P4:1.4465 STATE:IDLE
[2026-05-04 18:29:00Z] CHK MOM:0% RANGE:0% UP:0% SPREAD:0.06915629% BID:1.446 ASK:1.447 MID:1.4465 P1:1.4465 P2:1.4465 P3:1.4465 P4:1.4465 STATE:IDLE
[2026-05-04 18:29:00Z] CHK MOM:0% RANGE:0% UP:0% SPREAD:0.06915629% BID:1.446 ASK:1.447 MID:1.4465 P1:1.4465 P2:1.4465 P3:1.4465 P4:1.4465 STATE:IDLE
[2026-05-04 18:29:01Z] CHK MOM:0% RANGE:0% UP:0% SPREAD:0.06915629% BID:1.446 ASK:1.447 MID:1.4465 P1:1.4465 P2:1.4465 P3:1.4465 P4:1.4465 STATE:IDLE
[2026-05-04 18:29:02Z] CHK MOM:0% RANGE:0% UP:0% SPREAD:0.06915629% BID:1.446 ASK:1.447 MID:1.4465 P1:1.4465 P2:1.4465 P3:1.4465 P4:1.4465 STATE:IDLE
[2026-05-04 18:29:02Z] CHK MOM:0.06% RANGE:0.06% UP:25% SPREAD:0.0691085% BID:1.447 ASK:1.448 MID:1.4475 P1:1.4475 P2:1.4465 P3:1.4465 P4:1.4465 STATE:IDLE
[2026-05-04 18:29:03Z] CHK MOM:0.06% RANGE:0.06% UP:25% SPREAD:0.0691085% BID:1.447 ASK:1.448 MID:1.4475 P1:1.4475 P2:1.4475 P3:1.4465 P4:1.4465 STATE:IDLE
[2026-05-04 18:29:03Z] CHK MOM:0.06% RANGE:0.06% UP:25% SPREAD:0.0691085% BID:1.447 ASK:1.448 MID:1.4475 P1:1.4475 P2:1.4475 P3:1.4465 P4:1.4465 STATE:IDLE
[2026-05-04 18:29:04Z] CHK MOM:0.13% RANGE:0.13% UP:40% SPREAD:0.06906077% BID:1.448 ASK:1.449 MID:1.4485 P1:1.4485 P2:1.4475 P3:1.4475 P4:1.4465 STATE:IDLE
[2026-05-04 18:29:04Z] CHK MOM:0.13% RANGE:0.13% UP:33.33% SPREAD:0.06906077% BID:1.448 ASK:1.449 MID:1.4485 P1:1.4485 P2:1.4485 P3:1.4475 P4:1.4475 STATE:IDLE
[2026-05-04 18:29:05Z] CHK MOM:0.13% RANGE:0.13% UP:28.57% SPREAD:0.06906077% BID:1.448 ASK:1.449 MID:1.4485 P1:1.4485 P2:1.4485 P3:1.4485 P4:1.4475 STATE:IDLE
[2026-05-04 18:29:05Z] CHK MOM:0.06% RANGE:0.13% UP:25% SPREAD:0.0691085% BID:1.447 ASK:1.448 MID:1.4475 P1:1.4475 P2:1.4485 P3:1.4485 P4:1.4485 STATE:IDLE
[2026-05-04 18:29:06Z] CHK MOM:0.06% RANGE:0.13% UP:22.22% SPREAD:0.0691085% BID:1.447 ASK:1.448 MID:1.4475 P1:1.4475 P2:1.4475 P3:1.4485 P4:1.4485 STATE:IDLE
[2026-05-04 18:29:07Z] CHK MOM:0.06% RANGE:0.13% UP:20% SPREAD:0.0691085% BID:1.447 ASK:1.448 MID:1.4475 P1:1.4475 P2:1.4475 P3:1.4475 P4:1.4485 STATE:IDLE
[2026-05-04 18:29:07Z] CHK MOM:0.06% RANGE:0.13% UP:18.18% SPREAD:0.0691085% BID:1.447 ASK:1.448 MID:1.4475 P1:1.4475 P2:1.4475 P3:1.4475 P4:1.4475 STATE:IDLE
[2026-05-04 18:29:08Z] CHK MOM:0.06% RANGE:0.13% UP:18.18% SPREAD:0.0691085% BID:1.447 ASK:1.448 MID:1.4475 P1:1.4475 P2:1.4475 P3:1.4475 P4:1.4475 STATE:IDLE
[2026-05-04 18:29:08Z] CHK MOM:0.06% RANGE:0.13% UP:18.18% SPREAD:0.0691085% BID:1.447 ASK:1.448 MID:1.4475 P1:1.4475 P2:1.4475 P3:1.4475 P4:1.4475 STATE:IDLE
[2026-05-04 18:29:09Z] CHK MOM:0.06% RANGE:0.13% UP:18.18% SPREAD:0.0691085% BID:1.447 ASK:1.448 MID:1.4475 P1:1.4475 P2:1.4475 P3:1.4475 P4:1.4475 STATE:IDLE
[2026-05-04 18:29:09Z] CHK MOM:0.06% RANGE:0.13% UP:18.18% SPREAD:0.0691085% BID:1.447 ASK:1.448 MID:1.4475 P1:1.4475 P2:1.4475 P3:1.4475 P4:1.4475 STATE:IDLE
[2026-05-04 18:29:14Z] CHK MOM:0% RANGE:0% UP:0% SPREAD:0.0691085% BID:1.447 ASK:1.448 MID:1.4475 P1:1.4475 P2:1.4475 P3:1.4475 P4:1.4475 STATE:IDLE
[2026-05-04 18:29:15Z] CHK MOM:0% RANGE:0% UP:0% SPREAD:0.0691085% BID:1.447 ASK:1.448 MID:1.4475 P1:1.4475 P2:1.4475 P3:1.4475 P4:1.4475 STATE:IDLE
[2026-05-04 18:29:15Z] CHK MOM:0% RANGE:0% UP:0% SPREAD:0.0691085% BID:1.447 ASK:1.448 MID:1.4475 P1:1.4475 P2:1.4475 P3:1.4475 P4:1.4475 STATE:IDLE
[2026-05-04 18:29:16Z] CHK MOM:0% RANGE:0% UP:0% SPREAD:0.0691085% BID:1.447 ASK:1.448 MID:1.4475 P1:1.4475 P2:1.4475 P3:1.4475 P4:1.4475 STATE:IDLE
[2026-05-04 18:29:16Z] CHK MOM:0% RANGE:0% UP:0% SPREAD:0.0691085% BID:1.447 ASK:1.448 MID:1.4475 P1:1.4475 P2:1.4475 P3:1.4475 P4:1.4475 STATE:IDLE
[2026-05-04 18:29:17Z] CHK MOM:0% RANGE:0% UP:0% SPREAD:0.0691085% BID:1.447 ASK:1.448 MID:1.4475 P1:1.4475 P2:1.4475 P3:1.4475 P4:1.4475 STATE:IDLE
[2026-05-04 18:29:17Z] CHK MOM:0% RANGE:0% UP:0% SPREAD:0.0691085% BID:1.447 ASK:1.448 MID:1.4475 P1:1.4475 P2:1.4475 P3:1.4475 P4:1.4475 STATE:IDLE
[2026-05-04 18:29:18Z] CHK MOM:0% RANGE:0% UP:0% SPREAD:0.0691085% BID:1.447 ASK:1.448 MID:1.4475 P1:1.4475 P2:1.4475 P3:1.4475 P4:1.4475 STATE:IDLE
[2026-05-04 18:29:18Z] CHK MOM:0% RANGE:0% UP:0% SPREAD:0.0691085% BID:1.447 ASK:1.448 MID:1.4475 P1:1.4475 P2:1.4475 P3:1.4475 P4:1.4475 STATE:IDLE
[2026-05-04 18:29:19Z] CHK MOM:0% RANGE:0% UP:0% SPREAD:0.0691085% BID:1.447 ASK:1.448 MID:1.4475 P1:1.4475 P2:1.4475 P3:1.4475 P4:1.4475 STATE:IDLE
[2026-05-04 18:29:20Z] CHK MOM:0% RANGE:0% UP:0% SPREAD:0.0691085% BID:1.447 ASK:1.448 MID:1.4475 P1:1.4475 P2:1.4475 P3:1.4475 P4:1.4475 STATE:IDLE
[2026-05-04 18:29:21Z] CHK MOM:0.06% RANGE:0.06% UP:16.66% SPREAD:0.06906077% BID:1.448 ASK:1.449 MID:1.4485 P1:1.4485 P2:1.4475 P3:1.4475 P4:1.4475 STATE:IDLE
[2026-05-04 18:29:22Z] CHK MOM:0.06% RANGE:0.06% UP:14.28% SPREAD:0.06906077% BID:1.448 ASK:1.449 MID:1.4485 P1:1.4485 P2:1.4485 P3:1.4475 P4:1.4475 STATE:IDLE
[2026-05-04 18:29:22Z] CHK MOM:0.06% RANGE:0.06% UP:14.28% SPREAD:0.06906077% BID:1.448 ASK:1.449 MID:1.4485 P1:1.4485 P2:1.4485 P3:1.4475 P4:1.4475 STATE:IDLE
[2026-05-04 18:29:23Z] CHK MOM:0.06% RANGE:0.06% UP:14.28% SPREAD:0.06906077% BID:1.448 ASK:1.449 MID:1.4485 P1:1.4485 P2:1.4485 P3:1.4475 P4:1.4475 STATE:IDLE
[2026-05-04 18:29:23Z] CHK MOM:0.06% RANGE:0.06% UP:14.28% SPREAD:0.06906077% BID:1.448 ASK:1.449 MID:1.4485 P1:1.4485 P2:1.4485 P3:1.4475 P4:1.4475 STATE:IDLE
[2026-05-04 18:29:24Z] CHK MOM:0.06% RANGE:0.06% UP:14.28% SPREAD:0.06906077% BID:1.448 ASK:1.449 MID:1.4485 P1:1.4485 P2:1.4485 P3:1.4475 P4:1.4475 STATE:IDLE
[2026-05-04 18:29:24Z] CHK MOM:0.06% RANGE:0.06% UP:14.28% SPREAD:0.06906077% BID:1.448 ASK:1.449 MID:1.4485 P1:1.4485 P2:1.4485 P3:1.4475 P4:1.4475 STATE:IDLE
[2026-05-04 18:29:27Z] CHK MOM:0% RANGE:0% UP:0% SPREAD:0.06906077% BID:1.448 ASK:1.449 MID:1.4485 P1:1.4485 P2:1.4485 P3:1.4485 P4:1.4475 STATE:IDLE
[2026-05-04 18:29:28Z] CHK MOM:0% RANGE:0% UP:0% SPREAD:0.06906077% BID:1.448 ASK:1.449 MID:1.4485 P1:1.4485 P2:1.4485 P3:1.4485 P4:1.4475 STATE:IDLE
[2026-05-04 18:29:28Z] CHK MOM:0% RANGE:0% UP:0% SPREAD:0.06906077% BID:1.448 ASK:1.449 MID:1.4485 P1:1.4485 P2:1.4485 P3:1.4485 P4:1.4485 STATE:IDLE
[2026-05-04 18:29:29Z] CHK MOM:0% RANGE:0% UP:0% SPREAD:0.06906077% BID:1.448 ASK:1.449 MID:1.4485 P1:1.4485 P2:1.4485 P3:1.4485 P4:1.4485 STATE:IDLE
[2026-05-04 18:29:29Z] CHK MOM:0% RANGE:0% UP:0% SPREAD:0.06906077% BID:1.448 ASK:1.449 MID:1.4485 P1:1.4485 P2:1.4485 P3:1.4485 P4:1.4485 STATE:IDLE
[2026-05-04 18:29:30Z] CHK MOM:0% RANGE:0% UP:0% SPREAD:0.06906077% BID:1.448 ASK:1.449 MID:1.4485 P1:1.4485 P2:1.4485 P3:1.4485 P4:1.4485 STATE:IDLE
[2026-05-04 18:29:30Z] CHK MOM:0% RANGE:0% UP:0% SPREAD:0.06906077% BID:1.448 ASK:1.449 MID:1.4485 P1:1.4485 P2:1.4485 P3:1.4485 P4:1.4485 STATE:IDLE
[2026-05-04 18:29:31Z] CHK MOM:0% RANGE:0% UP:0% SPREAD:0.06906077% BID:1.448 ASK:1.449 MID:1.4485 P1:1.4485 P2:1.4485 P3:1.4485 P4:1.4485 STATE:IDLE
[2026-05-04 18:29:35Z] CHK MOM:0% RANGE:0% UP:0% SPREAD:0.06906077% BID:1.448 ASK:1.449 MID:1.4485 P1:1.4485 P2:1.4485 P3:1.4485 P4:1.4485 STATE:IDLE
[2026-05-04 18:29:35Z] CHK MOM:-0.06% RANGE:0.06% UP:0% SPREAD:0.0691085% BID:1.447 ASK:1.448 MID:1.4475 P1:1.4475 P2:1.4485 P3:1.4485 P4:1.4485 STATE:IDLE
[2026-05-04 18:29:36Z] CHK MOM:-0.03% RANGE:0.06% UP:33.33% SPREAD:0.138217% BID:1.447 ASK:1.449 MID:1.448 P1:1.448 P2:1.4475 P3:1.4485 P4:1.4485 STATE:IDLE
[2026-05-04 18:29:36Z] CHK MOM:-0.06% RANGE:0.06% UP:33.33% SPREAD:0.0691085% BID:1.447 ASK:1.448 MID:1.4475 P1:1.4475 P2:1.448 P3:1.4475 P4:1.4485 STATE:IDLE
[2026-05-04 18:29:37Z] CHK MOM:-0.06% RANGE:0.06% UP:33.33% SPREAD:0.0691085% BID:1.447 ASK:1.448 MID:1.4475 P1:1.4475 P2:1.448 P3:1.4475 P4:1.4485 STATE:IDLE
[2026-05-04 18:29:37Z] CHK MOM:-0.06% RANGE:0.06% UP:33.33% SPREAD:0.0691085% BID:1.447 ASK:1.448 MID:1.4475 P1:1.4475 P2:1.448 P3:1.4475 P4:1.4485 STATE:IDLE
[2026-05-04 18:29:38Z] CHK MOM:-0.06% RANGE:0.06% UP:33.33% SPREAD:0.0691085% BID:1.447 ASK:1.448 MID:1.4475 P1:1.4475 P2:1.448 P3:1.4475 P4:1.4485 STATE:IDLE
[2026-05-04 18:29:38Z] CHK MOM:-0.06% RANGE:0.06% UP:33.33% SPREAD:0.0691085% BID:1.447 ASK:1.448 MID:1.4475 P1:1.4475 P2:1.448 P3:1.4475 P4:1.4485 STATE:IDLE
[2026-05-04 18:29:39Z] CHK MOM:-0.06% RANGE:0.06% UP:33.33% SPREAD:0.0691085% BID:1.447 ASK:1.448 MID:1.4475 P1:1.4475 P2:1.448 P3:1.4475 P4:1.4485 STATE:IDLE
[2026-05-04 18:29:40Z] CHK MOM:-0.06% RANGE:0.06% UP:25% SPREAD:0.0691085% BID:1.447 ASK:1.448 MID:1.4475 P1:1.4475 P2:1.4475 P3:1.448 P4:1.4475 STATE:IDLE
[2026-05-04 18:29:41Z] CHK MOM:-0.03% RANGE:0.06% UP:40% SPREAD:0.138217% BID:1.447 ASK:1.449 MID:1.448 P1:1.448 P2:1.4475 P3:1.4475 P4:1.448 STATE:IDLE
[2026-05-04 18:29:41Z] CHK MOM:-0.06% RANGE:0.06% UP:33.33% SPREAD:0.0691085% BID:1.447 ASK:1.448 MID:1.4475 P1:1.4475 P2:1.448 P3:1.4475 P4:1.4475 STATE:IDLE
[2026-05-04 18:29:42Z] CHK MOM:-0.06% RANGE:0.06% UP:28.57% SPREAD:0.0691085% BID:1.447 ASK:1.448 MID:1.4475 P1:1.4475 P2:1.4475 P3:1.448 P4:1.4475 STATE:IDLE
[2026-05-04 18:29:42Z] CHK MOM:0.03% RANGE:0.03% UP:42.85% SPREAD:0.138217% BID:1.447 ASK:1.449 MID:1.448 P1:1.448 P2:1.4475 P3:1.4475 P4:1.448 STATE:IDLE
[2026-05-04 18:29:43Z] CHK MOM:0% RANGE:0.03% UP:37.5% SPREAD:0.0691085% BID:1.447 ASK:1.448 MID:1.4475 P1:1.4475 P2:1.448 P3:1.4475 P4:1.4475 STATE:IDLE
[2026-05-04 18:29:43Z] CHK MOM:-0.03% RANGE:0.03% UP:25% SPREAD:0.0691085% BID:1.447 ASK:1.448 MID:1.4475 P1:1.4475 P2:1.4475 P3:1.448 P4:1.4475 STATE:IDLE
[2026-05-04 18:29:44Z] CHK MOM:-0.03% RANGE:0.03% UP:25% SPREAD:0.0691085% BID:1.447 ASK:1.448 MID:1.4475 P1:1.4475 P2:1.4475 P3:1.448 P4:1.4475 STATE:IDLE
[2026-05-04 18:29:44Z] CHK MOM:-0.03% RANGE:0.03% UP:25% SPREAD:0.0691085% BID:1.447 ASK:1.448 MID:1.4475 P1:1.4475 P2:1.4475 P3:1.448 P4:1.4475 STATE:IDLE
[2026-05-04 18:29:45Z] CHK MOM:0% RANGE:0.03% UP:28.57% SPREAD:0.0691085% BID:1.447 ASK:1.448 MID:1.4475 P1:1.4475 P2:1.4475 P3:1.4475 P4:1.448 STATE:IDLE
[2026-05-04 18:29:46Z] CHK MOM:0% RANGE:0.03% UP:28.57% SPREAD:0.0691085% BID:1.447 ASK:1.448 MID:1.4475 P1:1.4475 P2:1.4475 P3:1.4475 P4:1.448 STATE:IDLE
[2026-05-04 18:29:46Z] CHK MOM:0% RANGE:0.03% UP:28.57% SPREAD:0.0691085% BID:1.447 ASK:1.448 MID:1.4475 P1:1.4475 P2:1.4475 P3:1.4475 P4:1.448 STATE:IDLE
[2026-05-04 18:29:47Z] CHK MOM:0% RANGE:0.03% UP:28.57% SPREAD:0.0691085% BID:1.447 ASK:1.448 MID:1.4475 P1:1.4475 P2:1.4475 P3:1.4475 P4:1.448 STATE:IDLE
[2026-05-04 18:29:47Z] CHK MOM:0% RANGE:0.03% UP:28.57% SPREAD:0.0691085% BID:1.447 ASK:1.448 MID:1.4475 P1:1.4475 P2:1.4475 P3:1.4475 P4:1.448 STATE:IDLE
[2026-05-04 18:29:57Z] CHK MOM:0% RANGE:0% UP:0% SPREAD:0.06906077% BID:1.448 ASK:1.449 MID:1.4485 P1:1.4485 P2:1.4475 P3:1.4475 P4:1.4475 STATE:IDLE
[2026-05-04 18:29:57Z] CHK MOM:0% RANGE:0% UP:0% SPREAD:0.06906077% BID:1.448 ASK:1.449 MID:1.4485 P1:1.4485 P2:1.4475 P3:1.4475 P4:1.4475 STATE:IDLE
[2026-05-04 18:29:58Z] CHK MOM:-0.06% RANGE:0.06% UP:0% SPREAD:0.0691085% BID:1.447 ASK:1.448 MID:1.4475 P1:1.4475 P2:1.4485 P3:1.4475 P4:1.4475 STATE:IDLE
[2026-05-04 18:29:58Z] CHK MOM:-0.06% RANGE:0.06% UP:0% SPREAD:0.0691085% BID:1.447 ASK:1.448 MID:1.4475 P1:1.4475 P2:1.4485 P3:1.4475 P4:1.4475 STATE:IDLE
[2026-05-04 18:29:59Z] CHK MOM:-0.06% RANGE:0.06% UP:0% SPREAD:0.0691085% BID:1.447 ASK:1.448 MID:1.4475 P1:1.4475 P2:1.4485 P3:1.4475 P4:1.4475 STATE:IDLE
[2026-05-04 18:29:59Z] CHK MOM:-0.06% RANGE:0.06% UP:0% SPREAD:0.0691085% BID:1.447 ASK:1.448 MID:1.4475 P1:1.4475 P2:1.4485 P3:1.4475 P4:1.4475 STATE:IDLE
[2026-05-04 18:30:00Z] CHK MOM:-0.06% RANGE:0.06% UP:0% SPREAD:0.0691085% BID:1.447 ASK:1.448 MID:1.4475 P1:1.4475 P2:1.4485 P3:1.4475 P4:1.4475 STATE:IDLE
[2026-05-04 18:30:00Z] CHK MOM:0% RANGE:0.06% UP:50% SPREAD:0.06906077% BID:1.448 ASK:1.449 MID:1.4485 P1:1.4485 P2:1.4475 P3:1.4485 P4:1.4475 STATE:IDLE
[2026-05-04 18:30:01Z] CHK MOM:0% RANGE:0.06% UP:50% SPREAD:0.06906077% BID:1.448 ASK:1.449 MID:1.4485 P1:1.4485 P2:1.4475 P3:1.4485 P4:1.4475 STATE:IDLE
[2026-05-04 18:30:01Z] CHK MOM:0% RANGE:0.06% UP:50% SPREAD:0.06906077% BID:1.448 ASK:1.449 MID:1.4485 P1:1.4485 P2:1.4475 P3:1.4485 P4:1.4475 STATE:IDLE
[2026-05-04 18:30:02Z] CHK MOM:0% RANGE:0.06% UP:50% SPREAD:0.06906077% BID:1.448 ASK:1.449 MID:1.4485 P1:1.4485 P2:1.4475 P3:1.4485 P4:1.4475 STATE:IDLE
[2026-05-04 18:30:03Z] CHK MOM:0% RANGE:0.06% UP:33.33% SPREAD:0.06906077% BID:1.448 ASK:1.449 MID:1.4485 P1:1.4485 P2:1.4485 P3:1.4475 P4:1.4485 STATE:IDLE
[2026-05-04 18:30:03Z] CHK MOM:0% RANGE:0.06% UP:33.33% SPREAD:0.06906077% BID:1.448 ASK:1.449 MID:1.4485 P1:1.4485 P2:1.4485 P3:1.4475 P4:1.4485 STATE:IDLE
[2026-05-04 18:30:04Z] CHK MOM:0% RANGE:0.06% UP:33.33% SPREAD:0.06906077% BID:1.448 ASK:1.449 MID:1.4485 P1:1.4485 P2:1.4485 P3:1.4475 P4:1.4485 STATE:IDLE
[2026-05-04 18:30:04Z] CHK MOM:0% RANGE:0.06% UP:33.33% SPREAD:0.06906077% BID:1.448 ASK:1.449 MID:1.4485 P1:1.4485 P2:1.4485 P3:1.4475 P4:1.4485 STATE:IDLE
[2026-05-04 18:30:05Z] CHK MOM:0% RANGE:0.06% UP:33.33% SPREAD:0.06906077% BID:1.448 ASK:1.449 MID:1.4485 P1:1.4485 P2:1.4485 P3:1.4475 P4:1.4485 STATE:IDLE
[2026-05-04 18:30:05Z] CHK MOM:0% RANGE:0.06% UP:33.33% SPREAD:0.06906077% BID:1.448 ASK:1.449 MID:1.4485 P1:1.4485 P2:1.4485 P3:1.4475 P4:1.4485 STATE:IDLE
[2026-05-04 18:30:08Z] CHK MOM:0% RANGE:0% UP:0% SPREAD:0.06906077% BID:1.448 ASK:1.449 MID:1.4485 P1:1.4485 P2:1.4485 P3:1.4485 P4:1.4475 STATE:IDLE
[2026-05-04 18:30:09Z] CHK MOM:0% RANGE:0% UP:0% SPREAD:0.06906077% BID:1.448 ASK:1.449 MID:1.4485 P1:1.4485 P2:1.4485 P3:1.4485 P4:1.4475 STATE:IDLE
[2026-05-04 18:30:09Z] CHK MOM:0% RANGE:0% UP:0% SPREAD:0.06906077% BID:1.448 ASK:1.449 MID:1.4485 P1:1.4485 P2:1.4485 P3:1.4485 P4:1.4475 STATE:IDLE
[2026-05-04 18:30:10Z] CHK MOM:0% RANGE:0% UP:0% SPREAD:0.06906077% BID:1.448 ASK:1.449 MID:1.4485 P1:1.4485 P2:1.4485 P3:1.4485 P4:1.4475 STATE:IDLE
[2026-05-04 18:30:10Z] CHK MOM:0% RANGE:0% UP:0% SPREAD:0.06906077% BID:1.448 ASK:1.449 MID:1.4485 P1:1.4485 P2:1.4485 P3:1.4485 P4:1.4485 STATE:IDLE
[2026-05-04 18:30:11Z] CHK MOM:0% RANGE:0% UP:0% SPREAD:0.06906077% BID:1.448 ASK:1.449 MID:1.4485 P1:1.4485 P2:1.4485 P3:1.4485 P4:1.4485 STATE:IDLE
[2026-05-04 18:30:11Z] CHK MOM:0% RANGE:0% UP:0% SPREAD:0.06906077% BID:1.448 ASK:1.449 MID:1.4485 P1:1.4485 P2:1.4485 P3:1.4485 P4:1.4485 STATE:IDLE
[2026-05-04 18:30:12Z] CHK MOM:0% RANGE:0% UP:0% SPREAD:0.06906077% BID:1.448 ASK:1.449 MID:1.4485 P1:1.4485 P2:1.4485 P3:1.4485 P4:1.4485 STATE:IDLE
[2026-05-04 18:30:12Z] CHK MOM:0% RANGE:0% UP:0% SPREAD:0.06906077% BID:1.448 ASK:1.449 MID:1.4485 P1:1.4485 P2:1.4485 P3:1.4485 P4:1.4485 STATE:IDLE
[2026-05-04 18:30:13Z] CHK MOM:0% RANGE:0% UP:0% SPREAD:0.06906077% BID:1.448 ASK:1.449 MID:1.4485 P1:1.4485 P2:1.4485 P3:1.4485 P4:1.4485 STATE:IDLE
[2026-05-04 18:30:14Z] CHK MOM:0% RANGE:0% UP:0% SPREAD:0.06906077% BID:1.448 ASK:1.449 MID:1.4485 P1:1.4485 P2:1.4485 P3:1.4485 P4:1.4485 STATE:IDLE
[2026-05-04 18:30:34Z] CHK MOM:0% RANGE:0% UP:0% SPREAD:0.06906077% BID:1.448 ASK:1.449 MID:1.4485 P1:1.4485 P2:1.4485 P3:1.4485 P4:1.4485 STATE:IDLE
[2026-05-04 19:06:00Z] SESSION_START symbol=TONUSDC dry_run=0 profile=major strategy=momentum base_url=https://api.binance.com
[2026-05-04 19:06:00Z] TOXIC_MEMORY_LOADED count=3 symbols=GUNUSDC,JTOUSDC,SAHARAUSDC
[2026-05-04 19:06:02Z] CHK MOM:0% RANGE:0% UP:0% SPREAD:0.06844626% BID:1.461 ASK:1.462 MID:1.4615 P1:1.4615 P2:NA P3:NA P4:NA STATE:IDLE
[2026-05-04 19:06:02Z] CHK MOM:0% RANGE:0% UP:0% SPREAD:0.06844626% BID:1.461 ASK:1.462 MID:1.4615 P1:1.4615 P2:1.4615 P3:NA P4:NA STATE:IDLE
[2026-05-04 19:06:03Z] CHK MOM:0% RANGE:0% UP:0% SPREAD:0.06844626% BID:1.461 ASK:1.462 MID:1.4615 P1:1.4615 P2:1.4615 P3:1.4615 P4:NA STATE:IDLE
[2026-05-04 19:06:03Z] CHK MOM:0% RANGE:0% UP:0% SPREAD:0.06844626% BID:1.461 ASK:1.462 MID:1.4615 P1:1.4615 P2:1.4615 P3:1.4615 P4:1.4615 STATE:IDLE
[2026-05-04 19:06:04Z] CHK MOM:0% RANGE:0% UP:0% SPREAD:0.06844626% BID:1.461 ASK:1.462 MID:1.4615 P1:1.4615 P2:1.4615 P3:1.4615 P4:1.4615 STATE:IDLE
[2026-05-04 19:06:04Z] CHK MOM:0% RANGE:0% UP:0% SPREAD:0.06844626% BID:1.461 ASK:1.462 MID:1.4615 P1:1.4615 P2:1.4615 P3:1.4615 P4:1.4615 STATE:IDLE
[2026-05-04 19:06:05Z] CHK MOM:0% RANGE:0% UP:0% SPREAD:0.06844626% BID:1.461 ASK:1.462 MID:1.4615 P1:1.4615 P2:1.4615 P3:1.4615 P4:1.4615 STATE:IDLE
[2026-05-04 19:06:05Z] CHK MOM:0% RANGE:0% UP:0% SPREAD:0.06844626% BID:1.461 ASK:1.462 MID:1.4615 P1:1.4615 P2:1.4615 P3:1.4615 P4:1.4615 STATE:IDLE
[2026-05-04 19:06:06Z] CHK MOM:0% RANGE:0% UP:0% SPREAD:0.06844626% BID:1.461 ASK:1.462 MID:1.4615 P1:1.4615 P2:1.4615 P3:1.4615 P4:1.4615 STATE:IDLE
[2026-05-04 19:06:06Z] CHK MOM:0% RANGE:0% UP:0% SPREAD:0.06844626% BID:1.461 ASK:1.462 MID:1.4615 P1:1.4615 P2:1.4615 P3:1.4615 P4:1.4615 STATE:IDLE
[2026-05-04 19:06:07Z] CHK MOM:0% RANGE:0% UP:0% SPREAD:0.06844626% BID:1.461 ASK:1.462 MID:1.4615 P1:1.4615 P2:1.4615 P3:1.4615 P4:1.4615 STATE:IDLE
[2026-05-04 19:06:08Z] CHK MOM:0% RANGE:0% UP:0% SPREAD:0.06844626% BID:1.461 ASK:1.462 MID:1.4615 P1:1.4615 P2:1.4615 P3:1.4615 P4:1.4615 STATE:IDLE
[2026-05-04 19:06:08Z] CHK MOM:0.06% RANGE:0.06% UP:9.09% SPREAD:0.06839945% BID:1.462 ASK:1.463 MID:1.4625 P1:1.4625 P2:1.4615 P3:1.4615 P4:1.4615 STATE:IDLE
[2026-05-04 19:06:09Z] CHK MOM:0.06% RANGE:0.06% UP:8.33% SPREAD:0.06839945% BID:1.462 ASK:1.463 MID:1.4625 P1:1.4625 P2:1.4625 P3:1.4615 P4:1.4615 STATE:IDLE
[2026-05-04 19:06:09Z] CHK MOM:0.06% RANGE:0.06% UP:8.33% SPREAD:0.06839945% BID:1.462 ASK:1.463 MID:1.4625 P1:1.4625 P2:1.4625 P3:1.4615 P4:1.4615 STATE:IDLE
[2026-05-04 19:06:10Z] CHK MOM:0.06% RANGE:0.06% UP:8.33% SPREAD:0.06839945% BID:1.462 ASK:1.463 MID:1.4625 P1:1.4625 P2:1.4625 P3:1.4615 P4:1.4615 STATE:IDLE
[2026-05-04 19:06:10Z] CHK MOM:0.13% RANGE:0.13% UP:18.18% SPREAD:0.06835269% BID:1.463 ASK:1.464 MID:1.4635 P1:1.4635 P2:1.4625 P3:1.4625 P4:1.4615 STATE:IDLE
[2026-05-04 19:06:11Z] CHK MOM:0.13% RANGE:0.13% UP:18.18% SPREAD:0.06835269% BID:1.463 ASK:1.464 MID:1.4635 P1:1.4635 P2:1.4635 P3:1.4625 P4:1.4625 STATE:IDLE
[2026-05-04 19:06:11Z] CHK MOM:0.13% RANGE:0.13% UP:18.18% SPREAD:0.06835269% BID:1.463 ASK:1.464 MID:1.4635 P1:1.4635 P2:1.4635 P3:1.4625 P4:1.4625 STATE:IDLE
[2026-05-04 19:06:12Z] CHK MOM:0.13% RANGE:0.13% UP:18.18% SPREAD:0.06835269% BID:1.463 ASK:1.464 MID:1.4635 P1:1.4635 P2:1.4635 P3:1.4635 P4:1.4625 STATE:IDLE
[2026-05-04 19:06:13Z] CHK MOM:0.13% RANGE:0.13% UP:20% SPREAD:0.06835269% BID:1.463 ASK:1.464 MID:1.4635 P1:1.4635 P2:1.4635 P3:1.4635 P4:1.4635 STATE:IDLE
[2026-05-04 19:06:13Z] CHK MOM:0.13% RANGE:0.13% UP:20% SPREAD:0.06835269% BID:1.463 ASK:1.464 MID:1.4635 P1:1.4635 P2:1.4635 P3:1.4635 P4:1.4635 STATE:IDLE
[2026-05-04 19:06:14Z] CHK MOM:0.13% RANGE:0.13% UP:20% SPREAD:0.06835269% BID:1.463 ASK:1.464 MID:1.4635 P1:1.4635 P2:1.4635 P3:1.4635 P4:1.4635 STATE:IDLE
[2026-05-04 19:06:14Z] CHK MOM:0.13% RANGE:0.13% UP:20% SPREAD:0.06835269% BID:1.463 ASK:1.464 MID:1.4635 P1:1.4635 P2:1.4635 P3:1.4635 P4:1.4635 STATE:IDLE
[2026-05-04 19:06:15Z] CHK MOM:0.06% RANGE:0.13% UP:22.22% SPREAD:0.06839945% BID:1.462 ASK:1.463 MID:1.4625 P1:1.4625 P2:1.4635 P3:1.4635 P4:1.4635 STATE:IDLE
[2026-05-04 19:06:15Z] CHK MOM:0.06% RANGE:0.13% UP:20% SPREAD:0.06839945% BID:1.462 ASK:1.463 MID:1.4625 P1:1.4625 P2:1.4625 P3:1.4635 P4:1.4635 STATE:IDLE
[2026-05-04 19:06:16Z] CHK MOM:0.06% RANGE:0.13% UP:18.18% SPREAD:0.06839945% BID:1.462 ASK:1.463 MID:1.4625 P1:1.4625 P2:1.4625 P3:1.4625 P4:1.4635 STATE:IDLE
[2026-05-04 19:06:16Z] CHK MOM:0% RANGE:0.06% UP:9.09% SPREAD:0.06839945% BID:1.462 ASK:1.463 MID:1.4625 P1:1.4625 P2:1.4625 P3:1.4625 P4:1.4625 STATE:IDLE
[2026-05-04 19:06:17Z] CHK MOM:-0.06% RANGE:0.06% UP:0% SPREAD:0.06839945% BID:1.462 ASK:1.463 MID:1.4625 P1:1.4625 P2:1.4625 P3:1.4625 P4:1.4625 STATE:IDLE
[2026-05-04 19:06:18Z] CHK MOM:-0.06% RANGE:0.06% UP:0% SPREAD:0.06839945% BID:1.462 ASK:1.463 MID:1.4625 P1:1.4625 P2:1.4625 P3:1.4625 P4:1.4625 STATE:IDLE
[2026-05-04 19:06:18Z] CHK MOM:-0.06% RANGE:0.06% UP:0% SPREAD:0.06839945% BID:1.462 ASK:1.463 MID:1.4625 P1:1.4625 P2:1.4625 P3:1.4625 P4:1.4625 STATE:IDLE
[2026-05-04 19:06:19Z] CHK MOM:-0.06% RANGE:0.06% UP:0% SPREAD:0.06839945% BID:1.462 ASK:1.463 MID:1.4625 P1:1.4625 P2:1.4625 P3:1.4625 P4:1.4625 STATE:IDLE
[2026-05-04 19:06:19Z] CHK MOM:-0.06% RANGE:0.06% UP:0% SPREAD:0.06839945% BID:1.462 ASK:1.463 MID:1.4625 P1:1.4625 P2:1.4625 P3:1.4625 P4:1.4625 STATE:IDLE
[2026-05-04 19:06:20Z] CHK MOM:-0.06% RANGE:0.06% UP:0% SPREAD:0.06839945% BID:1.462 ASK:1.463 MID:1.4625 P1:1.4625 P2:1.4625 P3:1.4625 P4:1.4625 STATE:IDLE
[2026-05-04 19:06:20Z] CHK MOM:-0.06% RANGE:0.06% UP:0% SPREAD:0.06839945% BID:1.462 ASK:1.463 MID:1.4625 P1:1.4625 P2:1.4625 P3:1.4625 P4:1.4625 STATE:IDLE
[2026-05-04 19:06:21Z] CHK MOM:-0.06% RANGE:0.06% UP:0% SPREAD:0.06839945% BID:1.462 ASK:1.463 MID:1.4625 P1:1.4625 P2:1.4625 P3:1.4625 P4:1.4625 STATE:IDLE
[2026-05-04 19:06:21Z] CHK MOM:-0.06% RANGE:0.06% UP:0% SPREAD:0.06839945% BID:1.462 ASK:1.463 MID:1.4625 P1:1.4625 P2:1.4625 P3:1.4625 P4:1.4625 STATE:IDLE
[2026-05-04 19:06:22Z] CHK MOM:0% RANGE:0% UP:0% SPREAD:0.06839945% BID:1.462 ASK:1.463 MID:1.4625 P1:1.4625 P2:1.4625 P3:1.4625 P4:1.4625 STATE:IDLE
[2026-05-04 19:06:22Z] CHK MOM:0% RANGE:0% UP:0% SPREAD:0.06839945% BID:1.462 ASK:1.463 MID:1.4625 P1:1.4625 P2:1.4625 P3:1.4625 P4:1.4625 STATE:IDLE
[2026-05-04 19:06:23Z] CHK MOM:0% RANGE:0% UP:0% SPREAD:0.06839945% BID:1.462 ASK:1.463 MID:1.4625 P1:1.4625 P2:1.4625 P3:1.4625 P4:1.4625 STATE:IDLE
[2026-05-04 19:06:24Z] CHK MOM:0.06% RANGE:0.06% UP:10% SPREAD:0.06835269% BID:1.463 ASK:1.464 MID:1.4635 P1:1.4635 P2:1.4625 P3:1.4625 P4:1.4625 STATE:IDLE
[2026-05-04 19:06:24Z] CHK MOM:0.06% RANGE:0.06% UP:10% SPREAD:0.06835269% BID:1.463 ASK:1.464 MID:1.4635 P1:1.4635 P2:1.4625 P3:1.4625 P4:1.4625 STATE:IDLE
[2026-05-04 19:06:25Z] CHK MOM:0.06% RANGE:0.06% UP:10% SPREAD:0.06835269% BID:1.463 ASK:1.464 MID:1.4635 P1:1.4635 P2:1.4625 P3:1.4625 P4:1.4625 STATE:IDLE
[2026-05-04 19:06:25Z] CHK MOM:0.06% RANGE:0.06% UP:14.28% SPREAD:0.06835269% BID:1.463 ASK:1.464 MID:1.4635 P1:1.4635 P2:1.4635 P3:1.4625 P4:1.4625 STATE:IDLE
[2026-05-04 19:06:26Z] CHK MOM:0.06% RANGE:0.06% UP:12.5% SPREAD:0.06835269% BID:1.463 ASK:1.464 MID:1.4635 P1:1.4635 P2:1.4635 P3:1.4635 P4:1.4625 STATE:IDLE
[2026-05-04 19:06:26Z] CHK MOM:0.06% RANGE:0.06% UP:12.5% SPREAD:0.06835269% BID:1.463 ASK:1.464 MID:1.4635 P1:1.4635 P2:1.4635 P3:1.4635 P4:1.4625 STATE:IDLE
[2026-05-04 19:06:27Z] CHK MOM:0.13% RANGE:0.13% UP:25% SPREAD:0.06830601% BID:1.464 ASK:1.465 MID:1.4645 P1:1.4645 P2:1.4635 P3:1.4635 P4:1.4635 STATE:IDLE
[2026-05-04 19:06:27Z] CHK MOM:0.13% RANGE:0.13% UP:22.22% SPREAD:0.06830601% BID:1.464 ASK:1.465 MID:1.4645 P1:1.4645 P2:1.4645 P3:1.4635 P4:1.4635 STATE:IDLE
[2026-05-04 19:06:28Z] CHK MOM:0.13% RANGE:0.13% UP:25% SPREAD:0.06830601% BID:1.464 ASK:1.465 MID:1.4645 P1:1.4645 P2:1.4645 P3:1.4645 P4:1.4635 STATE:IDLE
[2026-05-04 19:06:29Z] CHK MOM:0.13% RANGE:0.13% UP:22.22% SPREAD:0.06830601% BID:1.464 ASK:1.465 MID:1.4645 P1:1.4645 P2:1.4645 P3:1.4645 P4:1.4645 STATE:IDLE
[2026-05-04 19:06:29Z] CHK MOM:0.27% RANGE:0.27% UP:30% SPREAD:0.06821282% BID:1.466 ASK:1.467 MID:1.4665 P1:1.4665 P2:1.4645 P3:1.4645 P4:1.4645 STATE:IDLE
[2026-05-04 19:06:30Z] CHK MOM:0.3% RANGE:0.3% UP:40% SPREAD:0.13642564% BID:1.466 ASK:1.468 MID:1.467 P1:1.467 P2:1.4665 P3:1.4645 P4:1.4645 STATE:IDLE
[2026-05-04 19:06:30Z] CHK MOM:0.3% RANGE:0.3% UP:40% SPREAD:0.13642564% BID:1.466 ASK:1.468 MID:1.467 P1:1.467 P2:1.467 P3:1.4665 P4:1.4645 STATE:IDLE
[2026-05-04 19:06:31Z] CHK MOM:0.3% RANGE:0.3% UP:36.36% SPREAD:0.13642564% BID:1.466 ASK:1.468 MID:1.467 P1:1.467 P2:1.467 P3:1.467 P4:1.4665 STATE:IDLE
[2026-05-04 19:06:31Z] CHK MOM:0.17% RANGE:0.23% UP:30% SPREAD:0.13651877% BID:1.465 ASK:1.467 MID:1.466 P1:1.466 P2:1.467 P3:1.467 P4:1.467 STATE:IDLE
[2026-05-04 19:06:32Z] CHK MOM:0.2% RANGE:0.23% UP:36.36% SPREAD:0.06821282% BID:1.466 ASK:1.467 MID:1.4665 P1:1.4665 P2:1.466 P3:1.467 P4:1.467 STATE:IDLE
[2026-05-04 19:06:32Z] CHK MOM:0.23% RANGE:0.23% UP:41.66% SPREAD:0.13642564% BID:1.466 ASK:1.468 MID:1.467 P1:1.467 P2:1.4665 P3:1.466 P4:1.467 STATE:IDLE
[2026-05-04 19:06:33Z] CHK MOM:0.2% RANGE:0.23% UP:38.46% SPREAD:0.06821282% BID:1.466 ASK:1.467 MID:1.4665 P1:1.4665 P2:1.467 P3:1.4665 P4:1.466 STATE:IDLE
[2026-05-04 19:06:33Z] CHK MOM:0.2% RANGE:0.23% UP:35.71% SPREAD:0.06821282% BID:1.466 ASK:1.467 MID:1.4665 P1:1.4665 P2:1.4665 P3:1.467 P4:1.4665 STATE:IDLE
[2026-05-04 19:06:34Z] CHK MOM:0.13% RANGE:0.17% UP:30.76% SPREAD:0.06821282% BID:1.466 ASK:1.467 MID:1.4665 P1:1.4665 P2:1.4665 P3:1.4665 P4:1.467 STATE:IDLE
[2026-05-04 19:06:35Z] CHK MOM:0.1% RANGE:0.17% UP:28.57% SPREAD:0.13651877% BID:1.465 ASK:1.467 MID:1.466 P1:1.466 P2:1.4665 P3:1.4665 P4:1.4665 STATE:IDLE
[2026-05-04 19:06:35Z] CHK MOM:0.1% RANGE:0.17% UP:30.76% SPREAD:0.13651877% BID:1.465 ASK:1.467 MID:1.466 P1:1.466 P2:1.466 P3:1.4665 P4:1.4665 STATE:IDLE
[2026-05-04 19:06:36Z] CHK MOM:0.06% RANGE:0.17% UP:30.76% SPREAD:0.06825938% BID:1.465 ASK:1.466 MID:1.4655 P1:1.4655 P2:1.466 P3:1.466 P4:1.4665 STATE:IDLE
[2026-05-04 19:06:36Z] CHK MOM:-0.06% RANGE:0.1% UP:23.07% SPREAD:0.06825938% BID:1.465 ASK:1.466 MID:1.4655 P1:1.4655 P2:1.4655 P3:1.466 P4:1.466 STATE:IDLE
[2026-05-04 19:06:37Z] CHK MOM:-0.06% RANGE:0.1% UP:21.42% SPREAD:0.06825938% BID:1.465 ASK:1.466 MID:1.4655 P1:1.4655 P2:1.4655 P3:1.4655 P4:1.466 STATE:IDLE
[2026-05-04 19:06:37Z] CHK MOM:-0.1% RANGE:0.1% UP:14.28% SPREAD:0.06825938% BID:1.465 ASK:1.466 MID:1.4655 P1:1.4655 P2:1.4655 P3:1.4655 P4:1.4655 STATE:IDLE
[2026-05-04 19:06:38Z] CHK MOM:-0.1% RANGE:0.1% UP:13.33% SPREAD:0.06825938% BID:1.465 ASK:1.466 MID:1.4655 P1:1.4655 P2:1.4655 P3:1.4655 P4:1.4655 STATE:IDLE
[2026-05-04 19:06:38Z] CHK MOM:-0.1% RANGE:0.1% UP:13.33% SPREAD:0.06825938% BID:1.465 ASK:1.466 MID:1.4655 P1:1.4655 P2:1.4655 P3:1.4655 P4:1.4655 STATE:IDLE
[2026-05-04 19:06:39Z] CHK MOM:-0.1% RANGE:0.1% UP:13.33% SPREAD:0.06825938% BID:1.465 ASK:1.466 MID:1.4655 P1:1.4655 P2:1.4655 P3:1.4655 P4:1.4655 STATE:IDLE
[2026-05-04 19:06:40Z] CHK MOM:-0.03% RANGE:0.1% UP:14.28% SPREAD:0.06825938% BID:1.465 ASK:1.466 MID:1.4655 P1:1.4655 P2:1.4655 P3:1.4655 P4:1.4655 STATE:IDLE
[2026-05-04 19:06:40Z] CHK MOM:-0.1% RANGE:0.1% UP:0% SPREAD:0.06825938% BID:1.465 ASK:1.466 MID:1.4655 P1:1.4655 P2:1.4655 P3:1.4655 P4:1.4655 STATE:IDLE
[2026-05-04 19:06:41Z] CHK MOM:-0.06% RANGE:0.06% UP:0% SPREAD:0.06825938% BID:1.465 ASK:1.466 MID:1.4655 P1:1.4655 P2:1.4655 P3:1.4655 P4:1.4655 STATE:IDLE
[2026-05-04 19:06:41Z] CHK MOM:-0.06% RANGE:0.06% UP:0% SPREAD:0.06825938% BID:1.465 ASK:1.466 MID:1.4655 P1:1.4655 P2:1.4655 P3:1.4655 P4:1.4655 STATE:IDLE
[2026-05-04 19:06:42Z] CHK MOM:-0.06% RANGE:0.06% UP:0% SPREAD:0.06825938% BID:1.465 ASK:1.466 MID:1.4655 P1:1.4655 P2:1.4655 P3:1.4655 P4:1.4655 STATE:IDLE
[2026-05-04 19:06:42Z] CHK MOM:-0.06% RANGE:0.06% UP:0% SPREAD:0.06825938% BID:1.465 ASK:1.466 MID:1.4655 P1:1.4655 P2:1.4655 P3:1.4655 P4:1.4655 STATE:IDLE
[2026-05-04 19:06:43Z] CHK MOM:-0.06% RANGE:0.06% UP:0% SPREAD:0.06825938% BID:1.465 ASK:1.466 MID:1.4655 P1:1.4655 P2:1.4655 P3:1.4655 P4:1.4655 STATE:IDLE
[2026-05-04 19:06:43Z] CHK MOM:-0.06% RANGE:0.06% UP:0% SPREAD:0.06825938% BID:1.465 ASK:1.466 MID:1.4655 P1:1.4655 P2:1.4655 P3:1.4655 P4:1.4655 STATE:IDLE
[2026-05-04 19:06:44Z] CHK MOM:0.06% RANGE:0.06% UP:12.5% SPREAD:0.06821282% BID:1.466 ASK:1.467 MID:1.4665 P1:1.4665 P2:1.4655 P3:1.4655 P4:1.4655 STATE:IDLE
[2026-05-04 19:06:44Z] CHK MOM:0.06% RANGE:0.06% UP:11.11% SPREAD:0.06821282% BID:1.466 ASK:1.467 MID:1.4665 P1:1.4665 P2:1.4665 P3:1.4655 P4:1.4655 STATE:IDLE
[2026-05-04 19:06:45Z] CHK MOM:0.06% RANGE:0.06% UP:11.11% SPREAD:0.06821282% BID:1.466 ASK:1.467 MID:1.4665 P1:1.4665 P2:1.4665 P3:1.4665 P4:1.4655 STATE:IDLE
[2026-05-04 19:06:46Z] CHK MOM:0% RANGE:0.06% UP:12.5% SPREAD:0.06825938% BID:1.465 ASK:1.466 MID:1.4655 P1:1.4655 P2:1.4665 P3:1.4665 P4:1.4665 STATE:IDLE
[2026-05-04 19:06:46Z] CHK MOM:0% RANGE:0.06% UP:12.5% SPREAD:0.06825938% BID:1.465 ASK:1.466 MID:1.4655 P1:1.4655 P2:1.4665 P3:1.4665 P4:1.4665 STATE:IDLE
[2026-05-04 19:06:47Z] CHK MOM:0% RANGE:0.06% UP:14.28% SPREAD:0.06825938% BID:1.465 ASK:1.466 MID:1.4655 P1:1.4655 P2:1.4655 P3:1.4665 P4:1.4665 STATE:IDLE
[2026-05-04 19:06:47Z] CHK MOM:0% RANGE:0.06% UP:12.5% SPREAD:0.06825938% BID:1.465 ASK:1.466 MID:1.4655 P1:1.4655 P2:1.4655 P3:1.4655 P4:1.4665 STATE:IDLE
[2026-05-04 19:06:48Z] CHK MOM:0% RANGE:0.06% UP:12.5% SPREAD:0.06825938% BID:1.465 ASK:1.466 MID:1.4655 P1:1.4655 P2:1.4655 P3:1.4655 P4:1.4665 STATE:IDLE
[2026-05-04 19:06:48Z] CHK MOM:0% RANGE:0.06% UP:12.5% SPREAD:0.06825938% BID:1.465 ASK:1.466 MID:1.4655 P1:1.4655 P2:1.4655 P3:1.4655 P4:1.4665 STATE:IDLE
[2026-05-04 19:06:49Z] CHK MOM:0% RANGE:0.06% UP:12.5% SPREAD:0.06825938% BID:1.465 ASK:1.466 MID:1.4655 P1:1.4655 P2:1.4655 P3:1.4655 P4:1.4665 STATE:IDLE
[2026-05-04 19:06:49Z] CHK MOM:-0.06% RANGE:0.06% UP:0% SPREAD:0.06825938% BID:1.465 ASK:1.466 MID:1.4655 P1:1.4655 P2:1.4655 P3:1.4655 P4:1.4655 STATE:IDLE
[2026-05-04 19:06:50Z] CHK MOM:0% RANGE:0.06% UP:14.28% SPREAD:0.06821282% BID:1.466 ASK:1.467 MID:1.4665 P1:1.4665 P2:1.4655 P3:1.4655 P4:1.4655 STATE:IDLE
[2026-05-04 19:06:51Z] CHK MOM:0% RANGE:0.06% UP:12.5% SPREAD:0.06821282% BID:1.466 ASK:1.467 MID:1.4665 P1:1.4665 P2:1.4665 P3:1.4655 P4:1.4655 STATE:IDLE
[2026-05-04 19:06:51Z] CHK MOM:0% RANGE:0.06% UP:11.11% SPREAD:0.06821282% BID:1.466 ASK:1.467 MID:1.4665 P1:1.4665 P2:1.4665 P3:1.4665 P4:1.4655 STATE:IDLE
[2026-05-04 19:06:52Z] CHK MOM:0% RANGE:0.06% UP:10% SPREAD:0.06821282% BID:1.466 ASK:1.467 MID:1.4665 P1:1.4665 P2:1.4665 P3:1.4665 P4:1.4665 STATE:IDLE
[2026-05-04 19:06:52Z] CHK MOM:0% RANGE:0.06% UP:11.11% SPREAD:0.06821282% BID:1.466 ASK:1.467 MID:1.4665 P1:1.4665 P2:1.4665 P3:1.4665 P4:1.4665 STATE:IDLE
[2026-05-04 19:06:53Z] CHK MOM:0.06% RANGE:0.06% UP:11.11% SPREAD:0.06821282% BID:1.466 ASK:1.467 MID:1.4665 P1:1.4665 P2:1.4665 P3:1.4665 P4:1.4665 STATE:IDLE
[2026-05-04 19:06:53Z] CHK MOM:0.06% RANGE:0.06% UP:10% SPREAD:0.06821282% BID:1.466 ASK:1.467 MID:1.4665 P1:1.4665 P2:1.4665 P3:1.4665 P4:1.4665 STATE:IDLE
[2026-05-04 19:06:54Z] CHK MOM:0.06% RANGE:0.06% UP:10% SPREAD:0.06821282% BID:1.466 ASK:1.467 MID:1.4665 P1:1.4665 P2:1.4665 P3:1.4665 P4:1.4665 STATE:IDLE
[2026-05-04 19:06:54Z] CHK MOM:0.06% RANGE:0.06% UP:10% SPREAD:0.06821282% BID:1.466 ASK:1.467 MID:1.4665 P1:1.4665 P2:1.4665 P3:1.4665 P4:1.4665 STATE:IDLE
[2026-05-04 19:06:55Z] CHK MOM:0.06% RANGE:0.06% UP:10% SPREAD:0.06821282% BID:1.466 ASK:1.467 MID:1.4665 P1:1.4665 P2:1.4665 P3:1.4665 P4:1.4665 STATE:IDLE
[2026-05-04 19:06:55Z] CHK MOM:0.06% RANGE:0.06% UP:10% SPREAD:0.06821282% BID:1.466 ASK:1.467 MID:1.4665 P1:1.4665 P2:1.4665 P3:1.4665 P4:1.4665 STATE:IDLE
[2026-05-04 19:06:56Z] CHK MOM:0.06% RANGE:0.06% UP:10% SPREAD:0.06821282% BID:1.466 ASK:1.467 MID:1.4665 P1:1.4665 P2:1.4665 P3:1.4665 P4:1.4665 STATE:IDLE
[2026-05-04 19:06:57Z] CHK MOM:0.06% RANGE:0.06% UP:11.11% SPREAD:0.06821282% BID:1.466 ASK:1.467 MID:1.4665 P1:1.4665 P2:1.4665 P3:1.4665 P4:1.4665 STATE:IDLE
[2026-05-04 19:06:57Z] CHK MOM:0% RANGE:0% UP:0% SPREAD:0.06821282% BID:1.466 ASK:1.467 MID:1.4665 P1:1.4665 P2:1.4665 P3:1.4665 P4:1.4665 STATE:IDLE
[2026-05-04 19:06:58Z] CHK MOM:0.06% RANGE:0.06% UP:10% SPREAD:0.06816632% BID:1.467 ASK:1.468 MID:1.4675 P1:1.4675 P2:1.4665 P3:1.4665 P4:1.4665 STATE:IDLE
[2026-05-04 19:06:58Z] CHK MOM:0.06% RANGE:0.06% UP:10% SPREAD:0.06816632% BID:1.467 ASK:1.468 MID:1.4675 P1:1.4675 P2:1.4665 P3:1.4665 P4:1.4665 STATE:IDLE
[2026-05-04 19:06:59Z] CHK MOM:0.06% RANGE:0.06% UP:10% SPREAD:0.06816632% BID:1.467 ASK:1.468 MID:1.4675 P1:1.4675 P2:1.4665 P3:1.4665 P4:1.4665 STATE:IDLE
[2026-05-04 19:06:59Z] CHK MOM:0.06% RANGE:0.06% UP:12.5% SPREAD:0.06816632% BID:1.467 ASK:1.468 MID:1.4675 P1:1.4675 P2:1.4675 P3:1.4665 P4:1.4665 STATE:IDLE
[2026-05-04 19:07:00Z] CHK MOM:0.06% RANGE:0.06% UP:12.5% SPREAD:0.06816632% BID:1.467 ASK:1.468 MID:1.4675 P1:1.4675 P2:1.4675 P3:1.4665 P4:1.4665 STATE:IDLE
[2026-05-04 19:07:00Z] CHK MOM:0% RANGE:0.06% UP:12.5% SPREAD:0.06821282% BID:1.466 ASK:1.467 MID:1.4665 P1:1.4665 P2:1.4675 P3:1.4675 P4:1.4665 STATE:IDLE
[2026-05-04 19:07:01Z] CHK MOM:0% RANGE:0.06% UP:12.5% SPREAD:0.06821282% BID:1.466 ASK:1.467 MID:1.4665 P1:1.4665 P2:1.4675 P3:1.4675 P4:1.4665 STATE:IDLE
[2026-05-04 19:07:02Z] CHK MOM:0% RANGE:0.06% UP:14.28% SPREAD:0.06821282% BID:1.466 ASK:1.467 MID:1.4665 P1:1.4665 P2:1.4665 P3:1.4675 P4:1.4675 STATE:IDLE
[2026-05-04 19:07:02Z] CHK MOM:0% RANGE:0.06% UP:16.66% SPREAD:0.06821282% BID:1.466 ASK:1.467 MID:1.4665 P1:1.4665 P2:1.4665 P3:1.4665 P4:1.4675 STATE:IDLE
[2026-05-04 19:07:03Z] CHK MOM:0% RANGE:0.06% UP:16.66% SPREAD:0.06821282% BID:1.466 ASK:1.467 MID:1.4665 P1:1.4665 P2:1.4665 P3:1.4665 P4:1.4675 STATE:IDLE
[2026-05-04 19:07:03Z] CHK MOM:0% RANGE:0.06% UP:14.28% SPREAD:0.06821282% BID:1.466 ASK:1.467 MID:1.4665 P1:1.4665 P2:1.4665 P3:1.4665 P4:1.4665 STATE:IDLE
[2026-05-04 19:07:04Z] CHK MOM:0.06% RANGE:0.06% UP:25% SPREAD:0.06816632% BID:1.467 ASK:1.468 MID:1.4675 P1:1.4675 P2:1.4665 P3:1.4665 P4:1.4665 STATE:IDLE
[2026-05-04 19:07:04Z] CHK MOM:0.06% RANGE:0.06% UP:22.22% SPREAD:0.06816632% BID:1.467 ASK:1.468 MID:1.4675 P1:1.4675 P2:1.4675 P3:1.4665 P4:1.4665 STATE:IDLE
[2026-05-04 19:07:05Z] CHK MOM:0.06% RANGE:0.06% UP:22.22% SPREAD:0.06816632% BID:1.467 ASK:1.468 MID:1.4675 P1:1.4675 P2:1.4675 P3:1.4675 P4:1.4665 STATE:IDLE
[2026-05-04 19:07:05Z] CHK MOM:0% RANGE:0.06% UP:11.11% SPREAD:0.06816632% BID:1.467 ASK:1.468 MID:1.4675 P1:1.4675 P2:1.4675 P3:1.4675 P4:1.4675 STATE:IDLE
[2026-05-04 19:07:06Z] CHK MOM:0% RANGE:0.06% UP:11.11% SPREAD:0.06816632% BID:1.467 ASK:1.468 MID:1.4675 P1:1.4675 P2:1.4675 P3:1.4675 P4:1.4675 STATE:IDLE
[2026-05-04 19:07:06Z] CHK MOM:0% RANGE:0.06% UP:10% SPREAD:0.06816632% BID:1.467 ASK:1.468 MID:1.4675 P1:1.4675 P2:1.4675 P3:1.4675 P4:1.4675 STATE:IDLE
[2026-05-04 19:07:07Z] CHK MOM:0% RANGE:0.06% UP:9.09% SPREAD:0.06816632% BID:1.467 ASK:1.468 MID:1.4675 P1:1.4675 P2:1.4675 P3:1.4675 P4:1.4675 STATE:IDLE
[2026-05-04 19:07:08Z] CHK MOM:0.06% RANGE:0.06% UP:9.09% SPREAD:0.06816632% BID:1.467 ASK:1.468 MID:1.4675 P1:1.4675 P2:1.4675 P3:1.4675 P4:1.4675 STATE:IDLE
[2026-05-04 19:07:08Z] CHK MOM:0.06% RANGE:0.06% UP:8.33% SPREAD:0.06816632% BID:1.467 ASK:1.468 MID:1.4675 P1:1.4675 P2:1.4675 P3:1.4675 P4:1.4675 STATE:IDLE
[2026-05-04 19:07:09Z] CHK MOM:0.06% RANGE:0.06% UP:8.33% SPREAD:0.06816632% BID:1.467 ASK:1.468 MID:1.4675 P1:1.4675 P2:1.4675 P3:1.4675 P4:1.4675 STATE:IDLE
[2026-05-04 19:07:09Z] CHK MOM:0.06% RANGE:0.06% UP:9.09% SPREAD:0.06816632% BID:1.467 ASK:1.468 MID:1.4675 P1:1.4675 P2:1.4675 P3:1.4675 P4:1.4675 STATE:IDLE
[2026-05-04 19:07:10Z] CHK MOM:0.06% RANGE:0.06% UP:8.33% SPREAD:0.06816632% BID:1.467 ASK:1.468 MID:1.4675 P1:1.4675 P2:1.4675 P3:1.4675 P4:1.4675 STATE:IDLE
[2026-05-04 19:07:10Z] CHK MOM:0.03% RANGE:0.06% UP:8.33% SPREAD:0.13642564% BID:1.466 ASK:1.468 MID:1.467 P1:1.467 P2:1.4675 P3:1.4675 P4:1.4675 STATE:IDLE
[2026-05-04 19:07:11Z] CHK MOM:0% RANGE:0.06% UP:7.69% SPREAD:0.06821282% BID:1.466 ASK:1.467 MID:1.4665 P1:1.4665 P2:1.467 P3:1.4675 P4:1.4675 STATE:IDLE
[2026-05-04 19:07:11Z] CHK MOM:0% RANGE:0.06% UP:7.14% SPREAD:0.06821282% BID:1.466 ASK:1.467 MID:1.4665 P1:1.4665 P2:1.4665 P3:1.467 P4:1.4675 STATE:IDLE
[2026-05-04 19:07:12Z] CHK MOM:-0.06% RANGE:0.06% UP:0% SPREAD:0.06821282% BID:1.466 ASK:1.467 MID:1.4665 P1:1.4665 P2:1.4665 P3:1.4665 P4:1.467 STATE:IDLE
[2026-05-04 19:07:13Z] CHK MOM:-0.06% RANGE:0.06% UP:0% SPREAD:0.06821282% BID:1.466 ASK:1.467 MID:1.4665 P1:1.4665 P2:1.4665 P3:1.4665 P4:1.4665 STATE:IDLE
[2026-05-04 19:07:13Z] CHK MOM:-0.13% RANGE:0.13% UP:0% SPREAD:0.06825938% BID:1.465 ASK:1.466 MID:1.4655 P1:1.4655 P2:1.4665 P3:1.4665 P4:1.4665 STATE:IDLE
[2026-05-04 19:07:14Z] CHK MOM:-0.13% RANGE:0.13% UP:0% SPREAD:0.06825938% BID:1.465 ASK:1.466 MID:1.4655 P1:1.4655 P2:1.4655 P3:1.4665 P4:1.4665 STATE:IDLE
[2026-05-04 19:07:14Z] CHK MOM:-0.13% RANGE:0.13% UP:0% SPREAD:0.06825938% BID:1.465 ASK:1.466 MID:1.4655 P1:1.4655 P2:1.4655 P3:1.4655 P4:1.4665 STATE:IDLE
[2026-05-04 19:07:15Z] CHK MOM:-0.13% RANGE:0.13% UP:0% SPREAD:0.06825938% BID:1.465 ASK:1.466 MID:1.4655 P1:1.4655 P2:1.4655 P3:1.4655 P4:1.4665 STATE:IDLE
[2026-05-04 19:07:15Z] CHK MOM:-0.2% RANGE:0.2% UP:0% SPREAD:0.06830601% BID:1.464 ASK:1.465 MID:1.4645 P1:1.4645 P2:1.4655 P3:1.4655 P4:1.4655 STATE:IDLE
[2026-05-04 19:07:16Z] CHK MOM:-0.13% RANGE:0.2% UP:8.33% SPREAD:0.06825938% BID:1.465 ASK:1.466 MID:1.4655 P1:1.4655 P2:1.4645 P3:1.4655 P4:1.4655 STATE:IDLE
[2026-05-04 19:07:16Z] CHK MOM:-0.13% RANGE:0.2% UP:8.33% SPREAD:0.06825938% BID:1.465 ASK:1.466 MID:1.4655 P1:1.4655 P2:1.4655 P3:1.4645 P4:1.4655 STATE:IDLE
[2026-05-04 19:07:17Z] CHK MOM:-0.13% RANGE:0.2% UP:8.33% SPREAD:0.06825938% BID:1.465 ASK:1.466 MID:1.4655 P1:1.4655 P2:1.4655 P3:1.4645 P4:1.4655 STATE:IDLE
[2026-05-04 19:07:17Z] CHK MOM:-0.13% RANGE:0.2% UP:8.33% SPREAD:0.06825938% BID:1.465 ASK:1.466 MID:1.4655 P1:1.4655 P2:1.4655 P3:1.4655 P4:1.4645 STATE:IDLE
[2026-05-04 19:07:18Z] CHK MOM:-0.13% RANGE:0.2% UP:7.69% SPREAD:0.06825938% BID:1.465 ASK:1.466 MID:1.4655 P1:1.4655 P2:1.4655 P3:1.4655 P4:1.4655 STATE:IDLE
[2026-05-04 19:07:19Z] CHK MOM:-0.06% RANGE:0.13% UP:8.33% SPREAD:0.06825938% BID:1.465 ASK:1.466 MID:1.4655 P1:1.4655 P2:1.4655 P3:1.4655 P4:1.4655 STATE:IDLE
[2026-05-04 19:07:19Z] CHK MOM:-0.06% RANGE:0.13% UP:8.33% SPREAD:0.06825938% BID:1.465 ASK:1.466 MID:1.4655 P1:1.4655 P2:1.4655 P3:1.4655 P4:1.4655 STATE:IDLE
[2026-05-04 19:07:20Z] CHK MOM:-0.06% RANGE:0.13% UP:8.33% SPREAD:0.06825938% BID:1.465 ASK:1.466 MID:1.4655 P1:1.4655 P2:1.4655 P3:1.4655 P4:1.4655 STATE:IDLE
[2026-05-04 19:07:20Z] CHK MOM:-0.06% RANGE:0.13% UP:8.33% SPREAD:0.06825938% BID:1.465 ASK:1.466 MID:1.4655 P1:1.4655 P2:1.4655 P3:1.4655 P4:1.4655 STATE:IDLE
[2026-05-04 19:07:21Z] CHK MOM:-0.06% RANGE:0.13% UP:8.33% SPREAD:0.06825938% BID:1.465 ASK:1.466 MID:1.4655 P1:1.4655 P2:1.4655 P3:1.4655 P4:1.4655 STATE:IDLE
[2026-05-04 19:07:21Z] CHK MOM:-0.06% RANGE:0.13% UP:8.33% SPREAD:0.06825938% BID:1.465 ASK:1.466 MID:1.4655 P1:1.4655 P2:1.4655 P3:1.4655 P4:1.4655 STATE:IDLE
[2026-05-04 19:07:25Z] CHK MOM:0% RANGE:0% UP:0% SPREAD:0.06825938% BID:1.465 ASK:1.466 MID:1.4655 P1:1.4655 P2:1.4655 P3:1.4655 P4:1.4655 STATE:IDLE
[2026-05-04 19:07:25Z] CHK MOM:0% RANGE:0% UP:0% SPREAD:0.06825938% BID:1.465 ASK:1.466 MID:1.4655 P1:1.4655 P2:1.4655 P3:1.4655 P4:1.4655 STATE:IDLE
[2026-05-04 19:07:26Z] CHK MOM:0% RANGE:0% UP:0% SPREAD:0.06825938% BID:1.465 ASK:1.466 MID:1.4655 P1:1.4655 P2:1.4655 P3:1.4655 P4:1.4655 STATE:IDLE
[2026-05-04 19:07:26Z] CHK MOM:0% RANGE:0% UP:0% SPREAD:0.06825938% BID:1.465 ASK:1.466 MID:1.4655 P1:1.4655 P2:1.4655 P3:1.4655 P4:1.4655 STATE:IDLE
[2026-05-04 19:07:27Z] CHK MOM:0% RANGE:0% UP:0% SPREAD:0.06825938% BID:1.465 ASK:1.466 MID:1.4655 P1:1.4655 P2:1.4655 P3:1.4655 P4:1.4655 STATE:IDLE
[2026-05-04 19:07:27Z] CHK MOM:0% RANGE:0% UP:0% SPREAD:0.06825938% BID:1.465 ASK:1.466 MID:1.4655 P1:1.4655 P2:1.4655 P3:1.4655 P4:1.4655 STATE:IDLE
[2026-05-04 19:07:28Z] CHK MOM:0% RANGE:0% UP:0% SPREAD:0.06825938% BID:1.465 ASK:1.466 MID:1.4655 P1:1.4655 P2:1.4655 P3:1.4655 P4:1.4655 STATE:IDLE
[2026-05-04 19:07:28Z] CHK MOM:0% RANGE:0% UP:0% SPREAD:0.06825938% BID:1.465 ASK:1.466 MID:1.4655 P1:1.4655 P2:1.4655 P3:1.4655 P4:1.4655 STATE:IDLE
[2026-05-04 19:07:29Z] CHK MOM:0.06% RANGE:0.06% UP:33.33% SPREAD:0.06821282% BID:1.466 ASK:1.467 MID:1.4665 P1:1.4665 P2:1.4655 P3:1.4655 P4:1.4655 STATE:IDLE
[2026-05-04 19:07:29Z] CHK MOM:0.06% RANGE:0.06% UP:25% SPREAD:0.06821282% BID:1.466 ASK:1.467 MID:1.4665 P1:1.4665 P2:1.4665 P3:1.4655 P4:1.4655 STATE:IDLE
[2026-05-04 19:07:30Z] CHK MOM:0.06% RANGE:0.06% UP:20% SPREAD:0.06821282% BID:1.466 ASK:1.467 MID:1.4665 P1:1.4665 P2:1.4665 P3:1.4665 P4:1.4655 STATE:IDLE
[2026-05-04 19:07:31Z] CHK MOM:0.06% RANGE:0.06% UP:20% SPREAD:0.06821282% BID:1.466 ASK:1.467 MID:1.4665 P1:1.4665 P2:1.4665 P3:1.4665 P4:1.4655 STATE:IDLE
[2026-05-04 19:07:31Z] CHK MOM:0.06% RANGE:0.06% UP:16.66% SPREAD:0.06821282% BID:1.466 ASK:1.467 MID:1.4665 P1:1.4665 P2:1.4665 P3:1.4665 P4:1.4665 STATE:IDLE
[2026-05-04 19:07:32Z] CHK MOM:0.06% RANGE:0.06% UP:16.66% SPREAD:0.06821282% BID:1.466 ASK:1.467 MID:1.4665 P1:1.4665 P2:1.4665 P3:1.4665 P4:1.4665 STATE:IDLE
[2026-05-04 19:07:32Z] CHK MOM:0.06% RANGE:0.06% UP:16.66% SPREAD:0.06821282% BID:1.466 ASK:1.467 MID:1.4665 P1:1.4665 P2:1.4665 P3:1.4665 P4:1.4665 STATE:IDLE
[2026-05-04 19:07:33Z] CHK MOM:0.06% RANGE:0.06% UP:16.66% SPREAD:0.06821282% BID:1.466 ASK:1.467 MID:1.4665 P1:1.4665 P2:1.4665 P3:1.4665 P4:1.4665 STATE:IDLE
[2026-05-04 19:07:33Z] CHK MOM:0.06% RANGE:0.06% UP:16.66% SPREAD:0.06821282% BID:1.466 ASK:1.467 MID:1.4665 P1:1.4665 P2:1.4665 P3:1.4665 P4:1.4665 STATE:IDLE
[2026-05-04 19:07:35Z] CHK MOM:0.06% RANGE:0.06% UP:16.66% SPREAD:0.06821282% BID:1.466 ASK:1.467 MID:1.4665 P1:1.4665 P2:1.4665 P3:1.4665 P4:1.4665 STATE:IDLE
[2026-05-04 19:07:36Z] CHK MOM:0.06% RANGE:0.06% UP:16.66% SPREAD:0.06821282% BID:1.466 ASK:1.467 MID:1.4665 P1:1.4665 P2:1.4665 P3:1.4665 P4:1.4665 STATE:IDLE
[2026-05-04 19:07:36Z] CHK MOM:0.06% RANGE:0.06% UP:16.66% SPREAD:0.06821282% BID:1.466 ASK:1.467 MID:1.4665 P1:1.4665 P2:1.4665 P3:1.4665 P4:1.4665 STATE:IDLE
[2026-05-04 19:07:37Z] CHK MOM:0% RANGE:0% UP:0% SPREAD:0.06821282% BID:1.466 ASK:1.467 MID:1.4665 P1:1.4665 P2:1.4665 P3:1.4665 P4:1.4665 STATE:IDLE
[2026-05-04 19:07:37Z] CHK MOM:0% RANGE:0% UP:0% SPREAD:0.06821282% BID:1.466 ASK:1.467 MID:1.4665 P1:1.4665 P2:1.4665 P3:1.4665 P4:1.4665 STATE:IDLE
[2026-05-04 19:07:38Z] CHK MOM:-0.06% RANGE:0.06% UP:0% SPREAD:0.06825938% BID:1.465 ASK:1.466 MID:1.4655 P1:1.4655 P2:1.4665 P3:1.4665 P4:1.4665 STATE:IDLE
[2026-05-04 19:07:38Z] CHK MOM:-0.06% RANGE:0.06% UP:0% SPREAD:0.06825938% BID:1.465 ASK:1.466 MID:1.4655 P1:1.4655 P2:1.4655 P3:1.4665 P4:1.4665 STATE:IDLE
[2026-05-04 19:07:39Z] CHK MOM:-0.06% RANGE:0.06% UP:0% SPREAD:0.06825938% BID:1.465 ASK:1.466 MID:1.4655 P1:1.4655 P2:1.4655 P3:1.4655 P4:1.4665 STATE:IDLE
[2026-05-04 19:07:39Z] CHK MOM:-0.06% RANGE:0.06% UP:0% SPREAD:0.06825938% BID:1.465 ASK:1.466 MID:1.4655 P1:1.4655 P2:1.4655 P3:1.4655 P4:1.4665 STATE:IDLE
[2026-05-04 19:07:40Z] CHK MOM:-0.06% RANGE:0.06% UP:0% SPREAD:0.06825938% BID:1.465 ASK:1.466 MID:1.4655 P1:1.4655 P2:1.4655 P3:1.4655 P4:1.4665 STATE:IDLE
[2026-05-04 19:07:40Z] CHK MOM:-0.06% RANGE:0.06% UP:0% SPREAD:0.06825938% BID:1.465 ASK:1.466 MID:1.4655 P1:1.4655 P2:1.4655 P3:1.4655 P4:1.4665 STATE:IDLE
[2026-05-04 19:07:41Z] CHK MOM:-0.06% RANGE:0.06% UP:0% SPREAD:0.06825938% BID:1.465 ASK:1.466 MID:1.4655 P1:1.4655 P2:1.4655 P3:1.4655 P4:1.4665 STATE:IDLE
[2026-05-04 19:07:42Z] CHK MOM:-0.13% RANGE:0.13% UP:0% SPREAD:0.06830601% BID:1.464 ASK:1.465 MID:1.4645 P1:1.4645 P2:1.4655 P3:1.4655 P4:1.4655 STATE:IDLE
[2026-05-04 19:07:42Z] CHK MOM:-0.13% RANGE:0.13% UP:0% SPREAD:0.06830601% BID:1.464 ASK:1.465 MID:1.4645 P1:1.4645 P2:1.4645 P3:1.4655 P4:1.4655 STATE:IDLE
[2026-05-04 19:07:43Z] CHK MOM:-0.06% RANGE:0.13% UP:12.5% SPREAD:0.06825938% BID:1.465 ASK:1.466 MID:1.4655 P1:1.4655 P2:1.4645 P3:1.4645 P4:1.4655 STATE:IDLE
[2026-05-04 19:07:43Z] CHK MOM:-0.06% RANGE:0.13% UP:12.5% SPREAD:0.06825938% BID:1.465 ASK:1.466 MID:1.4655 P1:1.4655 P2:1.4645 P3:1.4645 P4:1.4655 STATE:IDLE
[2026-05-04 19:07:44Z] CHK MOM:-0.13% RANGE:0.13% UP:12.5% SPREAD:0.06830601% BID:1.464 ASK:1.465 MID:1.4645 P1:1.4645 P2:1.4655 P3:1.4645 P4:1.4645 STATE:IDLE
[2026-05-04 19:07:44Z] CHK MOM:-0.13% RANGE:0.13% UP:11.11% SPREAD:0.06830601% BID:1.464 ASK:1.465 MID:1.4645 P1:1.4645 P2:1.4645 P3:1.4655 P4:1.4645 STATE:IDLE
[2026-05-04 19:07:45Z] CHK MOM:-0.13% RANGE:0.13% UP:11.11% SPREAD:0.06830601% BID:1.464 ASK:1.465 MID:1.4645 P1:1.4645 P2:1.4645 P3:1.4655 P4:1.4645 STATE:IDLE
[2026-05-04 19:07:45Z] CHK MOM:0% RANGE:0.06% UP:25% SPREAD:0.06825938% BID:1.465 ASK:1.466 MID:1.4655 P1:1.4655 P2:1.4645 P3:1.4645 P4:1.4655 STATE:IDLE
[2026-05-04 19:07:46Z] CHK MOM:0% RANGE:0.06% UP:25% SPREAD:0.06825938% BID:1.465 ASK:1.466 MID:1.4655 P1:1.4655 P2:1.4645 P3:1.4645 P4:1.4655 STATE:IDLE
[2026-05-04 19:07:47Z] CHK MOM:0% RANGE:0.06% UP:25% SPREAD:0.06825938% BID:1.465 ASK:1.466 MID:1.4655 P1:1.4655 P2:1.4645 P3:1.4645 P4:1.4655 STATE:IDLE
[2026-05-04 19:07:47Z] CHK MOM:0% RANGE:0.06% UP:25% SPREAD:0.06825938% BID:1.465 ASK:1.466 MID:1.4655 P1:1.4655 P2:1.4645 P3:1.4645 P4:1.4655 STATE:IDLE
[2026-05-04 19:07:48Z] CHK MOM:0% RANGE:0.06% UP:25% SPREAD:0.06825938% BID:1.465 ASK:1.466 MID:1.4655 P1:1.4655 P2:1.4645 P3:1.4645 P4:1.4655 STATE:IDLE
[2026-05-04 19:07:48Z] CHK MOM:0.06% RANGE:0.06% UP:33.33% SPREAD:0.06825938% BID:1.465 ASK:1.466 MID:1.4655 P1:1.4655 P2:1.4655 P3:1.4645 P4:1.4645 STATE:IDLE
[2026-05-04 19:07:49Z] CHK MOM:0.06% RANGE:0.06% UP:33.33% SPREAD:0.06825938% BID:1.465 ASK:1.466 MID:1.4655 P1:1.4655 P2:1.4655 P3:1.4645 P4:1.4645 STATE:IDLE
[2026-05-04 19:07:49Z] CHK MOM:0.06% RANGE:0.06% UP:33.33% SPREAD:0.06825938% BID:1.465 ASK:1.466 MID:1.4655 P1:1.4655 P2:1.4655 P3:1.4645 P4:1.4645 STATE:IDLE
[2026-05-04 19:07:50Z] CHK MOM:0.06% RANGE:0.06% UP:33.33% SPREAD:0.06825938% BID:1.465 ASK:1.466 MID:1.4655 P1:1.4655 P2:1.4655 P3:1.4645 P4:1.4645 STATE:IDLE
[2026-05-04 19:07:50Z] CHK MOM:0.06% RANGE:0.06% UP:33.33% SPREAD:0.06825938% BID:1.465 ASK:1.466 MID:1.4655 P1:1.4655 P2:1.4655 P3:1.4645 P4:1.4645 STATE:IDLE
[2026-05-04 19:07:51Z] CHK MOM:0.06% RANGE:0.06% UP:33.33% SPREAD:0.06825938% BID:1.465 ASK:1.466 MID:1.4655 P1:1.4655 P2:1.4655 P3:1.4645 P4:1.4645 STATE:IDLE
[2026-05-04 19:07:53Z] CHK MOM:0% RANGE:0% UP:0% SPREAD:0.06825938% BID:1.465 ASK:1.466 MID:1.4655 P1:1.4655 P2:1.4655 P3:1.4655 P4:1.4645 STATE:IDLE
[2026-05-04 19:07:54Z] CHK MOM:0% RANGE:0% UP:0% SPREAD:0.06825938% BID:1.465 ASK:1.466 MID:1.4655 P1:1.4655 P2:1.4655 P3:1.4655 P4:1.4655 STATE:IDLE
[2026-05-04 19:07:54Z] CHK MOM:0% RANGE:0% UP:0% SPREAD:0.06825938% BID:1.465 ASK:1.466 MID:1.4655 P1:1.4655 P2:1.4655 P3:1.4655 P4:1.4655 STATE:IDLE
[2026-05-04 19:07:55Z] CHK MOM:0% RANGE:0% UP:0% SPREAD:0.06825938% BID:1.465 ASK:1.466 MID:1.4655 P1:1.4655 P2:1.4655 P3:1.4655 P4:1.4655 STATE:IDLE
[2026-05-04 19:07:55Z] CHK MOM:0% RANGE:0% UP:0% SPREAD:0.06825938% BID:1.465 ASK:1.466 MID:1.4655 P1:1.4655 P2:1.4655 P3:1.4655 P4:1.4655 STATE:IDLE
[2026-05-04 19:07:56Z] CHK MOM:0% RANGE:0% UP:0% SPREAD:0.06825938% BID:1.465 ASK:1.466 MID:1.4655 P1:1.4655 P2:1.4655 P3:1.4655 P4:1.4655 STATE:IDLE
[2026-05-04 19:07:56Z] CHK MOM:0% RANGE:0% UP:0% SPREAD:0.06825938% BID:1.465 ASK:1.466 MID:1.4655 P1:1.4655 P2:1.4655 P3:1.4655 P4:1.4655 STATE:IDLE
[2026-05-04 19:07:59Z] CHK MOM:0% RANGE:0% UP:0% SPREAD:0.06825938% BID:1.465 ASK:1.466 MID:1.4655 P1:1.4655 P2:1.4655 P3:1.4655 P4:1.4655 STATE:IDLE
[2026-05-04 19:07:59Z] CHK MOM:0% RANGE:0% UP:0% SPREAD:0.06825938% BID:1.465 ASK:1.466 MID:1.4655 P1:1.4655 P2:1.4655 P3:1.4655 P4:1.4655 STATE:IDLE
[2026-05-04 19:08:00Z] CHK MOM:0% RANGE:0% UP:0% SPREAD:0.06825938% BID:1.465 ASK:1.466 MID:1.4655 P1:1.4655 P2:1.4655 P3:1.4655 P4:1.4655 STATE:IDLE
[2026-05-04 19:08:00Z] CHK MOM:-0.06% RANGE:0.06% UP:0% SPREAD:0.06830601% BID:1.464 ASK:1.465 MID:1.4645 P1:1.4645 P2:1.4655 P3:1.4655 P4:1.4655 STATE:IDLE
[2026-05-04 19:08:01Z] CHK MOM:0% RANGE:0.06% UP:25% SPREAD:0.06825938% BID:1.465 ASK:1.466 MID:1.4655 P1:1.4655 P2:1.4645 P3:1.4655 P4:1.4655 STATE:IDLE
[2026-05-04 19:08:01Z] CHK MOM:0% RANGE:0.06% UP:25% SPREAD:0.06825938% BID:1.465 ASK:1.466 MID:1.4655 P1:1.4655 P2:1.4645 P3:1.4655 P4:1.4655 STATE:IDLE
[2026-05-04 19:08:02Z] CHK MOM:0% RANGE:0.06% UP:25% SPREAD:0.06825938% BID:1.465 ASK:1.466 MID:1.4655 P1:1.4655 P2:1.4645 P3:1.4655 P4:1.4655 STATE:IDLE
[2026-05-04 19:08:02Z] CHK MOM:0% RANGE:0.06% UP:25% SPREAD:0.06825938% BID:1.465 ASK:1.466 MID:1.4655 P1:1.4655 P2:1.4645 P3:1.4655 P4:1.4655 STATE:IDLE
[2026-05-04 19:08:03Z] CHK MOM:0% RANGE:0.06% UP:33.33% SPREAD:0.06825938% BID:1.465 ASK:1.466 MID:1.4655 P1:1.4655 P2:1.4655 P3:1.4645 P4:1.4655 STATE:IDLE
[2026-05-04 19:08:03Z] CHK MOM:0% RANGE:0.06% UP:33.33% SPREAD:0.06825938% BID:1.465 ASK:1.466 MID:1.4655 P1:1.4655 P2:1.4655 P3:1.4645 P4:1.4655 STATE:IDLE
[2026-05-04 19:08:04Z] CHK MOM:0% RANGE:0.06% UP:33.33% SPREAD:0.06825938% BID:1.465 ASK:1.466 MID:1.4655 P1:1.4655 P2:1.4655 P3:1.4645 P4:1.4655 STATE:IDLE
[2026-05-04 19:08:05Z] CHK MOM:0% RANGE:0.06% UP:33.33% SPREAD:0.06825938% BID:1.465 ASK:1.466 MID:1.4655 P1:1.4655 P2:1.4655 P3:1.4645 P4:1.4655 STATE:IDLE
[2026-05-04 19:08:05Z] CHK MOM:0% RANGE:0.06% UP:33.33% SPREAD:0.06825938% BID:1.465 ASK:1.466 MID:1.4655 P1:1.4655 P2:1.4655 P3:1.4645 P4:1.4655 STATE:IDLE
[2026-05-04 19:08:07Z] CHK MOM:0.06% RANGE:0.06% UP:33.33% SPREAD:0.06825938% BID:1.465 ASK:1.466 MID:1.4655 P1:1.4655 P2:1.4655 P3:1.4655 P4:1.4645 STATE:IDLE
[2026-05-04 19:08:07Z] CHK MOM:0.06% RANGE:0.06% UP:33.33% SPREAD:0.06825938% BID:1.465 ASK:1.466 MID:1.4655 P1:1.4655 P2:1.4655 P3:1.4655 P4:1.4645 STATE:IDLE
[2026-05-04 19:08:08Z] CHK MOM:0.06% RANGE:0.06% UP:33.33% SPREAD:0.06825938% BID:1.465 ASK:1.466 MID:1.4655 P1:1.4655 P2:1.4655 P3:1.4655 P4:1.4645 STATE:IDLE
[2026-05-04 19:08:08Z] CHK MOM:0.06% RANGE:0.06% UP:33.33% SPREAD:0.06825938% BID:1.465 ASK:1.466 MID:1.4655 P1:1.4655 P2:1.4655 P3:1.4655 P4:1.4645 STATE:IDLE
[2026-05-04 19:08:09Z] CHK MOM:0.06% RANGE:0.06% UP:33.33% SPREAD:0.06825938% BID:1.465 ASK:1.466 MID:1.4655 P1:1.4655 P2:1.4655 P3:1.4655 P4:1.4645 STATE:IDLE
[2026-05-04 19:08:10Z] CHK MOM:-0.13% RANGE:0.13% UP:0% SPREAD:0.06835269% BID:1.463 ASK:1.464 MID:1.4635 P1:1.4635 P2:1.4655 P3:1.4655 P4:1.4655 STATE:IDLE
[2026-05-04 19:08:10Z] CHK MOM:-0.06% RANGE:0.13% UP:33.33% SPREAD:0.06830601% BID:1.464 ASK:1.465 MID:1.4645 P1:1.4645 P2:1.4635 P3:1.4655 P4:1.4655 STATE:IDLE
[2026-05-04 19:08:11Z] CHK MOM:-0.06% RANGE:0.13% UP:33.33% SPREAD:0.06830601% BID:1.464 ASK:1.465 MID:1.4645 P1:1.4645 P2:1.4645 P3:1.4635 P4:1.4655 STATE:IDLE
[2026-05-04 19:08:11Z] CHK MOM:-0.06% RANGE:0.13% UP:33.33% SPREAD:0.06830601% BID:1.464 ASK:1.465 MID:1.4645 P1:1.4645 P2:1.4645 P3:1.4635 P4:1.4655 STATE:IDLE
[2026-05-04 19:08:12Z] CHK MOM:-0.06% RANGE:0.13% UP:25% SPREAD:0.06830601% BID:1.464 ASK:1.465 MID:1.4645 P1:1.4645 P2:1.4645 P3:1.4645 P4:1.4635 STATE:IDLE
[2026-05-04 19:08:12Z] CHK MOM:-0.06% RANGE:0.13% UP:25% SPREAD:0.06830601% BID:1.464 ASK:1.465 MID:1.4645 P1:1.4645 P2:1.4645 P3:1.4645 P4:1.4635 STATE:IDLE
[2026-05-04 19:08:13Z] CHK MOM:-0.06% RANGE:0.13% UP:20% SPREAD:0.06830601% BID:1.464 ASK:1.465 MID:1.4645 P1:1.4645 P2:1.4645 P3:1.4645 P4:1.4645 STATE:IDLE
[2026-05-04 19:08:13Z] CHK MOM:-0.06% RANGE:0.13% UP:20% SPREAD:0.06830601% BID:1.464 ASK:1.465 MID:1.4645 P1:1.4645 P2:1.4645 P3:1.4645 P4:1.4645 STATE:IDLE
[2026-05-04 19:08:14Z] CHK MOM:-0.06% RANGE:0.13% UP:20% SPREAD:0.06830601% BID:1.464 ASK:1.465 MID:1.4645 P1:1.4645 P2:1.4645 P3:1.4645 P4:1.4645 STATE:IDLE
[2026-05-04 19:08:14Z] CHK MOM:-0.06% RANGE:0.13% UP:20% SPREAD:0.06830601% BID:1.464 ASK:1.465 MID:1.4645 P1:1.4645 P2:1.4645 P3:1.4645 P4:1.4645 STATE:IDLE
[2026-05-04 19:08:15Z] CHK MOM:-0.06% RANGE:0.13% UP:20% SPREAD:0.06830601% BID:1.464 ASK:1.465 MID:1.4645 P1:1.4645 P2:1.4645 P3:1.4645 P4:1.4645 STATE:IDLE
[2026-05-04 19:08:19Z] CHK MOM:0% RANGE:0% UP:0% SPREAD:0.06830601% BID:1.464 ASK:1.465 MID:1.4645 P1:1.4645 P2:1.4645 P3:1.4645 P4:1.4645 STATE:IDLE
[2026-05-04 19:08:20Z] CHK MOM:0% RANGE:0% UP:0% SPREAD:0.06830601% BID:1.464 ASK:1.465 MID:1.4645 P1:1.4645 P2:1.4645 P3:1.4645 P4:1.4645 STATE:IDLE
[2026-05-04 19:08:21Z] CHK MOM:0% RANGE:0% UP:0% SPREAD:0.06830601% BID:1.464 ASK:1.465 MID:1.4645 P1:1.4645 P2:1.4645 P3:1.4645 P4:1.4645 STATE:IDLE
[2026-05-04 19:08:21Z] CHK MOM:0.06% RANGE:0.06% UP:100% SPREAD:0.06825938% BID:1.465 ASK:1.466 MID:1.4655 P1:1.4655 P2:1.4645 P3:1.4645 P4:1.4645 STATE:IDLE
[2026-05-04 19:08:22Z] CHK MOM:0.06% RANGE:0.06% UP:50% SPREAD:0.06825938% BID:1.465 ASK:1.466 MID:1.4655 P1:1.4655 P2:1.4655 P3:1.4645 P4:1.4645 STATE:IDLE
[2026-05-04 19:08:22Z] CHK MOM:0% RANGE:0.06% UP:33.33% SPREAD:0.06830601% BID:1.464 ASK:1.465 MID:1.4645 P1:1.4645 P2:1.4655 P3:1.4655 P4:1.4645 STATE:IDLE
[2026-05-04 19:08:23Z] CHK MOM:0% RANGE:0.06% UP:25% SPREAD:0.06830601% BID:1.464 ASK:1.465 MID:1.4645 P1:1.4645 P2:1.4645 P3:1.4655 P4:1.4655 STATE:IDLE
[2026-05-04 19:08:23Z] CHK MOM:0% RANGE:0.06% UP:20% SPREAD:0.06830601% BID:1.464 ASK:1.465 MID:1.4645 P1:1.4645 P2:1.4645 P3:1.4645 P4:1.4655 STATE:IDLE
[2026-05-04 19:08:24Z] CHK MOM:0% RANGE:0.06% UP:20% SPREAD:0.06830601% BID:1.464 ASK:1.465 MID:1.4645 P1:1.4645 P2:1.4645 P3:1.4645 P4:1.4655 STATE:IDLE
[2026-05-04 19:08:24Z] CHK MOM:0% RANGE:0.06% UP:20% SPREAD:0.06830601% BID:1.464 ASK:1.465 MID:1.4645 P1:1.4645 P2:1.4645 P3:1.4645 P4:1.4655 STATE:IDLE
[2026-05-04 19:08:25Z] CHK MOM:0% RANGE:0.06% UP:20% SPREAD:0.06830601% BID:1.464 ASK:1.465 MID:1.4645 P1:1.4645 P2:1.4645 P3:1.4645 P4:1.4655 STATE:IDLE
[2026-05-04 19:08:25Z] CHK MOM:0% RANGE:0.06% UP:20% SPREAD:0.06830601% BID:1.464 ASK:1.465 MID:1.4645 P1:1.4645 P2:1.4645 P3:1.4645 P4:1.4655 STATE:IDLE
[2026-05-04 19:08:26Z] CHK MOM:0% RANGE:0.06% UP:20% SPREAD:0.06830601% BID:1.464 ASK:1.465 MID:1.4645 P1:1.4645 P2:1.4645 P3:1.4645 P4:1.4655 STATE:IDLE
[2026-05-04 19:08:27Z] CHK MOM:0% RANGE:0.06% UP:16.66% SPREAD:0.06830601% BID:1.464 ASK:1.465 MID:1.4645 P1:1.4645 P2:1.4645 P3:1.4645 P4:1.4645 STATE:IDLE
[2026-05-04 19:08:27Z] CHK MOM:-0.06% RANGE:0.06% UP:0% SPREAD:0.06830601% BID:1.464 ASK:1.465 MID:1.4645 P1:1.4645 P2:1.4645 P3:1.4645 P4:1.4645 STATE:IDLE
[2026-05-04 19:08:28Z] CHK MOM:-0.06% RANGE:0.06% UP:0% SPREAD:0.06830601% BID:1.464 ASK:1.465 MID:1.4645 P1:1.4645 P2:1.4645 P3:1.4645 P4:1.4645 STATE:IDLE
[2026-05-04 19:08:28Z] CHK MOM:-0.06% RANGE:0.06% UP:0% SPREAD:0.06830601% BID:1.464 ASK:1.465 MID:1.4645 P1:1.4645 P2:1.4645 P3:1.4645 P4:1.4645 STATE:IDLE
[2026-05-04 19:08:29Z] CHK MOM:-0.06% RANGE:0.06% UP:0% SPREAD:0.06830601% BID:1.464 ASK:1.465 MID:1.4645 P1:1.4645 P2:1.4645 P3:1.4645 P4:1.4645 STATE:IDLE
[2026-05-04 19:08:29Z] CHK MOM:-0.06% RANGE:0.06% UP:0% SPREAD:0.06830601% BID:1.464 ASK:1.465 MID:1.4645 P1:1.4645 P2:1.4645 P3:1.4645 P4:1.4645 STATE:IDLE
[2026-05-04 19:08:30Z] CHK MOM:-0.06% RANGE:0.06% UP:0% SPREAD:0.06830601% BID:1.464 ASK:1.465 MID:1.4645 P1:1.4645 P2:1.4645 P3:1.4645 P4:1.4645 STATE:IDLE
[2026-05-04 19:08:35Z] CHK MOM:-0.06% RANGE:0.06% UP:0% SPREAD:0.06835269% BID:1.463 ASK:1.464 MID:1.4635 P1:1.4635 P2:1.4645 P3:1.4645 P4:1.4645 STATE:IDLE
[2026-05-04 19:08:35Z] CHK MOM:-0.06% RANGE:0.06% UP:0% SPREAD:0.06835269% BID:1.463 ASK:1.464 MID:1.4635 P1:1.4635 P2:1.4635 P3:1.4645 P4:1.4645 STATE:IDLE
[2026-05-04 19:08:36Z] CHK MOM:-0.06% RANGE:0.06% UP:0% SPREAD:0.06835269% BID:1.463 ASK:1.464 MID:1.4635 P1:1.4635 P2:1.4635 P3:1.4645 P4:1.4645 STATE:IDLE
[2026-05-04 19:08:36Z] CHK MOM:-0.06% RANGE:0.06% UP:0% SPREAD:0.06835269% BID:1.463 ASK:1.464 MID:1.4635 P1:1.4635 P2:1.4635 P3:1.4645 P4:1.4645 STATE:IDLE
[2026-05-04 19:08:37Z] CHK MOM:-0.06% RANGE:0.06% UP:0% SPREAD:0.06835269% BID:1.463 ASK:1.464 MID:1.4635 P1:1.4635 P2:1.4635 P3:1.4645 P4:1.4645 STATE:IDLE
[2026-05-04 19:08:37Z] CHK MOM:-0.06% RANGE:0.06% UP:0% SPREAD:0.06835269% BID:1.463 ASK:1.464 MID:1.4635 P1:1.4635 P2:1.4635 P3:1.4645 P4:1.4645 STATE:IDLE
[2026-05-04 19:08:38Z] CHK MOM:0% RANGE:0% UP:0% SPREAD:0.06835269% BID:1.463 ASK:1.464 MID:1.4635 P1:1.4635 P2:1.4635 P3:1.4635 P4:1.4645 STATE:IDLE
[2026-05-04 19:08:38Z] CHK MOM:0% RANGE:0% UP:0% SPREAD:0.06835269% BID:1.463 ASK:1.464 MID:1.4635 P1:1.4635 P2:1.4635 P3:1.4635 P4:1.4645 STATE:IDLE
[2026-05-04 19:08:39Z] CHK MOM:0% RANGE:0% UP:0% SPREAD:0.06835269% BID:1.463 ASK:1.464 MID:1.4635 P1:1.4635 P2:1.4635 P3:1.4635 P4:1.4635 STATE:IDLE
[2026-05-04 19:08:39Z] CHK MOM:0% RANGE:0% UP:0% SPREAD:0.06835269% BID:1.463 ASK:1.464 MID:1.4635 P1:1.4635 P2:1.4635 P3:1.4635 P4:1.4635 STATE:IDLE
[2026-05-04 19:08:40Z] CHK MOM:-0.06% RANGE:0.06% UP:0% SPREAD:0.06839945% BID:1.462 ASK:1.463 MID:1.4625 P1:1.4625 P2:1.4635 P3:1.4635 P4:1.4635 STATE:IDLE
[2026-05-04 19:08:41Z] CHK MOM:-0.06% RANGE:0.06% UP:0% SPREAD:0.06839945% BID:1.462 ASK:1.463 MID:1.4625 P1:1.4625 P2:1.4625 P3:1.4635 P4:1.4635 STATE:IDLE
[2026-05-04 19:08:41Z] CHK MOM:-0.06% RANGE:0.06% UP:0% SPREAD:0.06839945% BID:1.462 ASK:1.463 MID:1.4625 P1:1.4625 P2:1.4625 P3:1.4635 P4:1.4635 STATE:IDLE
[2026-05-04 19:08:42Z] CHK MOM:-0.06% RANGE:0.06% UP:0% SPREAD:0.06839945% BID:1.462 ASK:1.463 MID:1.4625 P1:1.4625 P2:1.4625 P3:1.4625 P4:1.4635 STATE:IDLE
[2026-05-04 19:08:42Z] CHK MOM:-0.06% RANGE:0.06% UP:0% SPREAD:0.06839945% BID:1.462 ASK:1.463 MID:1.4625 P1:1.4625 P2:1.4625 P3:1.4625 P4:1.4635 STATE:IDLE
[2026-05-04 19:08:43Z] CHK MOM:-0.06% RANGE:0.06% UP:0% SPREAD:0.06839945% BID:1.462 ASK:1.463 MID:1.4625 P1:1.4625 P2:1.4625 P3:1.4625 P4:1.4625 STATE:IDLE
[2026-05-04 19:08:43Z] CHK MOM:-0.06% RANGE:0.06% UP:0% SPREAD:0.06839945% BID:1.462 ASK:1.463 MID:1.4625 P1:1.4625 P2:1.4625 P3:1.4625 P4:1.4625 STATE:IDLE
[2026-05-04 19:08:44Z] CHK MOM:-0.06% RANGE:0.06% UP:0% SPREAD:0.06839945% BID:1.462 ASK:1.463 MID:1.4625 P1:1.4625 P2:1.4625 P3:1.4625 P4:1.4625 STATE:IDLE
[2026-05-04 19:08:44Z] CHK MOM:-0.06% RANGE:0.06% UP:0% SPREAD:0.06839945% BID:1.462 ASK:1.463 MID:1.4625 P1:1.4625 P2:1.4625 P3:1.4625 P4:1.4625 STATE:IDLE
[2026-05-04 19:08:45Z] CHK MOM:-0.06% RANGE:0.06% UP:0% SPREAD:0.06839945% BID:1.462 ASK:1.463 MID:1.4625 P1:1.4625 P2:1.4625 P3:1.4625 P4:1.4625 STATE:IDLE
[2026-05-04 19:08:46Z] CHK MOM:-0.06% RANGE:0.06% UP:0% SPREAD:0.06839945% BID:1.462 ASK:1.463 MID:1.4625 P1:1.4625 P2:1.4625 P3:1.4625 P4:1.4625 STATE:IDLE
[2026-05-04 19:08:46Z] CHK MOM:-0.4% RANGE:0.41% UP:0% SPREAD:0.06863417% BID:1.457 ASK:1.458 MID:1.4575 P1:1.4575 P2:1.4625 P3:1.4625 P4:1.4625 STATE:IDLE
[2026-05-04 19:08:47Z] CHK MOM:-0.34% RANGE:0.41% UP:14.28% SPREAD:0.0685871% BID:1.458 ASK:1.459 MID:1.4585 P1:1.4585 P2:1.4575 P3:1.4625 P4:1.4625 STATE:IDLE
[2026-05-04 19:08:47Z] CHK MOM:-0.34% RANGE:0.34% UP:14.28% SPREAD:0.06863417% BID:1.457 ASK:1.458 MID:1.4575 P1:1.4575 P2:1.4585 P3:1.4575 P4:1.4625 STATE:IDLE
[2026-05-04 19:08:48Z] CHK MOM:-0.34% RANGE:0.34% UP:12.5% SPREAD:0.06863417% BID:1.457 ASK:1.458 MID:1.4575 P1:1.4575 P2:1.4575 P3:1.4585 P4:1.4575 STATE:IDLE
[2026-05-04 19:08:48Z] CHK MOM:-0.34% RANGE:0.34% UP:12.5% SPREAD:0.06863417% BID:1.457 ASK:1.458 MID:1.4575 P1:1.4575 P2:1.4575 P3:1.4575 P4:1.4585 STATE:IDLE
[2026-05-04 19:08:49Z] CHK MOM:-0.34% RANGE:0.34% UP:11.11% SPREAD:0.06863417% BID:1.457 ASK:1.458 MID:1.4575 P1:1.4575 P2:1.4575 P3:1.4575 P4:1.4575 STATE:IDLE
[2026-05-04 19:08:49Z] CHK MOM:-0.41% RANGE:0.41% UP:11.11% SPREAD:0.06868131% BID:1.456 ASK:1.457 MID:1.4565 P1:1.4565 P2:1.4575 P3:1.4575 P4:1.4575 STATE:IDLE
[2026-05-04 19:08:50Z] CHK MOM:-0.41% RANGE:0.41% UP:11.11% SPREAD:0.06868131% BID:1.456 ASK:1.457 MID:1.4565 P1:1.4565 P2:1.4575 P3:1.4575 P4:1.4575 STATE:IDLE
[2026-05-04 19:08:50Z] CHK MOM:-0.34% RANGE:0.41% UP:22.22% SPREAD:0.06863417% BID:1.457 ASK:1.458 MID:1.4575 P1:1.4575 P2:1.4565 P3:1.4575 P4:1.4575 STATE:IDLE
[2026-05-04 19:08:51Z] CHK MOM:-0.37% RANGE:0.41% UP:22.22% SPREAD:0.13736263% BID:1.456 ASK:1.458 MID:1.45699999 P1:1.45699999 P2:1.4575 P3:1.4565 P4:1.4575 STATE:IDLE
[2026-05-04 19:08:52Z] CHK MOM:-0.34% RANGE:0.41% UP:30% SPREAD:0.06863417% BID:1.457 ASK:1.458 MID:1.4575 P1:1.4575 P2:1.45699999 P3:1.4575 P4:1.4565 STATE:IDLE
[2026-05-04 19:08:52Z] CHK MOM:-0.41% RANGE:0.41% UP:27.27% SPREAD:0.06868131% BID:1.456 ASK:1.457 MID:1.4565 P1:1.4565 P2:1.4575 P3:1.45699999 P4:1.4575 STATE:IDLE
[2026-05-04 19:08:53Z] CHK MOM:0% RANGE:0.13% UP:36.36% SPREAD:0.06863417% BID:1.457 ASK:1.458 MID:1.4575 P1:1.4575 P2:1.4565 P3:1.4575 P4:1.45699999 STATE:IDLE
[2026-05-04 19:08:53Z] CHK MOM:0% RANGE:0.13% UP:33.33% SPREAD:0.06863417% BID:1.457 ASK:1.458 MID:1.4575 P1:1.4575 P2:1.4575 P3:1.4565 P4:1.4575 STATE:IDLE
[2026-05-04 19:08:54Z] CHK MOM:0% RANGE:0.13% UP:30.76% SPREAD:0.06863417% BID:1.457 ASK:1.458 MID:1.4575 P1:1.4575 P2:1.4575 P3:1.4575 P4:1.4565 STATE:IDLE
[2026-05-04 19:08:54Z] CHK MOM:0% RANGE:0.13% UP:28.57% SPREAD:0.06863417% BID:1.457 ASK:1.458 MID:1.4575 P1:1.4575 P2:1.4575 P3:1.4575 P4:1.4575 STATE:IDLE
[2026-05-04 19:08:55Z] CHK MOM:-0.13% RANGE:0.13% UP:21.42% SPREAD:0.06868131% BID:1.456 ASK:1.457 MID:1.4565 P1:1.4565 P2:1.4575 P3:1.4575 P4:1.4575 STATE:IDLE
[2026-05-04 19:08:55Z] CHK MOM:-0.03% RANGE:0.06% UP:28.57% SPREAD:0.13736263% BID:1.456 ASK:1.458 MID:1.45699999 P1:1.45699999 P2:1.4565 P3:1.4575 P4:1.4575 STATE:IDLE
[2026-05-04 19:08:56Z] CHK MOM:0% RANGE:0.06% UP:38.46% SPREAD:0.06863417% BID:1.457 ASK:1.458 MID:1.4575 P1:1.4575 P2:1.45699999 P3:1.4565 P4:1.4575 STATE:IDLE
[2026-05-04 19:08:57Z] CHK MOM:0% RANGE:0.06% UP:38.46% SPREAD:0.06863417% BID:1.457 ASK:1.458 MID:1.4575 P1:1.4575 P2:1.4575 P3:1.45699999 P4:1.4565 STATE:IDLE
[2026-05-04 19:08:57Z] CHK MOM:0% RANGE:0.06% UP:38.46% SPREAD:0.06868131% BID:1.456 ASK:1.457 MID:1.4565 P1:1.4565 P2:1.4575 P3:1.4575 P4:1.45699999 STATE:IDLE
[2026-05-04 19:08:58Z] CHK MOM:0% RANGE:0.06% UP:38.46% SPREAD:0.06868131% BID:1.456 ASK:1.457 MID:1.4565 P1:1.4565 P2:1.4575 P3:1.4575 P4:1.45699999 STATE:IDLE
[2026-05-04 19:08:58Z] CHK MOM:-0.03% RANGE:0.06% UP:38.46% SPREAD:0.13736263% BID:1.456 ASK:1.458 MID:1.45699999 P1:1.45699999 P2:1.4565 P3:1.4575 P4:1.4575 STATE:IDLE
[2026-05-04 19:08:59Z] CHK MOM:0% RANGE:0.06% UP:38.46% SPREAD:0.13736263% BID:1.456 ASK:1.458 MID:1.45699999 P1:1.45699999 P2:1.45699999 P3:1.4565 P4:1.4575 STATE:IDLE
[2026-05-04 19:08:59Z] CHK MOM:-0.06% RANGE:0.06% UP:30.76% SPREAD:0.06868131% BID:1.456 ASK:1.457 MID:1.4565 P1:1.4565 P2:1.45699999 P3:1.45699999 P4:1.4565 STATE:IDLE
[2026-05-04 19:09:00Z] CHK MOM:0.06% RANGE:0.06% UP:38.46% SPREAD:0.06863417% BID:1.457 ASK:1.458 MID:1.4575 P1:1.4575 P2:1.4565 P3:1.45699999 P4:1.45699999 STATE:IDLE
[2026-05-04 19:09:00Z] CHK MOM:0.03% RANGE:0.06% UP:35.71% SPREAD:0.13736263% BID:1.456 ASK:1.458 MID:1.45699999 P1:1.45699999 P2:1.4575 P3:1.4565 P4:1.45699999 STATE:IDLE
[2026-05-04 19:09:01Z] CHK MOM:0% RANGE:0.06% UP:35.71% SPREAD:0.06863417% BID:1.457 ASK:1.458 MID:1.4575 P1:1.4575 P2:1.45699999 P3:1.4575 P4:1.4565 STATE:IDLE
[2026-05-04 19:09:01Z] CHK MOM:-0.06% RANGE:0.06% UP:38.46% SPREAD:0.06868131% BID:1.456 ASK:1.457 MID:1.4565 P1:1.4565 P2:1.4575 P3:1.45699999 P4:1.4575 STATE:IDLE
[2026-05-04 19:09:02Z] CHK MOM:-0.03% RANGE:0.06% UP:46.15% SPREAD:0.13736263% BID:1.456 ASK:1.458 MID:1.45699999 P1:1.45699999 P2:1.4565 P3:1.4575 P4:1.45699999 STATE:IDLE
[2026-05-04 19:09:03Z] CHK MOM:-0.1% RANGE:0.13% UP:41.66% SPREAD:0.06872852% BID:1.455 ASK:1.456 MID:1.4555 P1:1.4555 P2:1.45699999 P3:1.4565 P4:1.4575 STATE:IDLE
[2026-05-04 19:09:03Z] CHK MOM:-0.1% RANGE:0.13% UP:41.66% SPREAD:0.13745704% BID:1.455 ASK:1.457 MID:1.456 P1:1.456 P2:1.4555 P3:1.45699999 P4:1.4565 STATE:IDLE
[2026-05-04 19:09:04Z] CHK MOM:-0.06% RANGE:0.13% UP:46.15% SPREAD:0.06868131% BID:1.456 ASK:1.457 MID:1.4565 P1:1.4565 P2:1.456 P3:1.4555 P4:1.45699999 STATE:IDLE
[2026-05-04 19:09:04Z] CHK MOM:0% RANGE:0.13% UP:50% SPREAD:0.06868131% BID:1.456 ASK:1.457 MID:1.4565 P1:1.4565 P2:1.4565 P3:1.456 P4:1.4555 STATE:IDLE
[2026-05-04 19:09:05Z] CHK MOM:0% RANGE:0.13% UP:50% SPREAD:0.06868131% BID:1.456 ASK:1.457 MID:1.4565 P1:1.4565 P2:1.4565 P3:1.456 P4:1.4555 STATE:IDLE
[2026-05-04 19:09:05Z] CHK MOM:-0.03% RANGE:0.13% UP:41.66% SPREAD:0.06868131% BID:1.456 ASK:1.457 MID:1.4565 P1:1.4565 P2:1.4565 P3:1.4565 P4:1.456 STATE:IDLE
[2026-05-04 19:09:06Z] CHK MOM:0.03% RANGE:0.13% UP:46.15% SPREAD:0.06863417% BID:1.457 ASK:1.458 MID:1.4575 P1:1.4575 P2:1.4565 P3:1.4565 P4:1.4565 STATE:IDLE
[2026-05-04 19:09:06Z] CHK MOM:-0.03% RANGE:0.13% UP:42.85% SPREAD:0.06868131% BID:1.456 ASK:1.457 MID:1.4565 P1:1.4565 P2:1.4575 P3:1.4565 P4:1.4565 STATE:IDLE
[2026-05-04 19:09:07Z] CHK MOM:-0.03% RANGE:0.13% UP:42.85% SPREAD:0.06868131% BID:1.456 ASK:1.457 MID:1.4565 P1:1.4565 P2:1.4575 P3:1.4565 P4:1.4565 STATE:IDLE
[2026-05-04 19:09:08Z] CHK MOM:-0.03% RANGE:0.13% UP:42.85% SPREAD:0.06868131% BID:1.456 ASK:1.457 MID:1.4565 P1:1.4565 P2:1.4575 P3:1.4565 P4:1.4565 STATE:IDLE
[2026-05-04 19:09:08Z] CHK MOM:0.03% RANGE:0.13% UP:54.54% SPREAD:0.06863417% BID:1.457 ASK:1.458 MID:1.4575 P1:1.4575 P2:1.4565 P3:1.4575 P4:1.4565 STATE:IDLE
[2026-05-04 19:09:09Z] CHK MOM:0.06% RANGE:0.13% UP:50% SPREAD:0.06863417% BID:1.457 ASK:1.458 MID:1.4575 P1:1.4575 P2:1.4575 P3:1.4565 P4:1.4575 STATE:IDLE
[2026-05-04 19:09:09Z] CHK MOM:0.06% RANGE:0.13% UP:45.45% SPREAD:0.06863417% BID:1.457 ASK:1.458 MID:1.4575 P1:1.4575 P2:1.4575 P3:1.4575 P4:1.4565 STATE:IDLE
[2026-05-04 19:09:10Z] CHK MOM:0.03% RANGE:0.13% UP:36.36% SPREAD:0.06863417% BID:1.457 ASK:1.458 MID:1.4575 P1:1.4575 P2:1.4575 P3:1.4575 P4:1.4575 STATE:IDLE
[2026-05-04 19:09:10Z] CHK MOM:0.13% RANGE:0.13% UP:36.36% SPREAD:0.06863417% BID:1.457 ASK:1.458 MID:1.4575 P1:1.4575 P2:1.4575 P3:1.4575 P4:1.4575 STATE:IDLE
[2026-05-04 19:09:11Z] CHK MOM:0.13% RANGE:0.13% UP:33.33% SPREAD:0.06863417% BID:1.457 ASK:1.458 MID:1.4575 P1:1.4575 P2:1.4575 P3:1.4575 P4:1.4575 STATE:IDLE
[2026-05-04 19:09:11Z] CHK MOM:0.1% RANGE:0.1% UP:25% SPREAD:0.06863417% BID:1.457 ASK:1.458 MID:1.4575 P1:1.4575 P2:1.4575 P3:1.4575 P4:1.4575 STATE:IDLE
[2026-05-04 19:09:12Z] CHK MOM:0.1% RANGE:0.1% UP:25% SPREAD:0.06863417% BID:1.457 ASK:1.458 MID:1.4575 P1:1.4575 P2:1.4575 P3:1.4575 P4:1.4575 STATE:IDLE
[2026-05-04 19:09:12Z] CHK MOM:0.06% RANGE:0.06% UP:18.18% SPREAD:0.06863417% BID:1.457 ASK:1.458 MID:1.4575 P1:1.4575 P2:1.4575 P3:1.4575 P4:1.4575 STATE:IDLE
[2026-05-04 19:09:13Z] CHK MOM:0.06% RANGE:0.06% UP:18.18% SPREAD:0.06863417% BID:1.457 ASK:1.458 MID:1.4575 P1:1.4575 P2:1.4575 P3:1.4575 P4:1.4575 STATE:IDLE
[2026-05-04 19:09:14Z] CHK MOM:0% RANGE:0.06% UP:9.09% SPREAD:0.06863417% BID:1.457 ASK:1.458 MID:1.4575 P1:1.4575 P2:1.4575 P3:1.4575 P4:1.4575 STATE:IDLE
[2026-05-04 19:09:14Z] CHK MOM:0.06% RANGE:0.06% UP:9.09% SPREAD:0.06863417% BID:1.457 ASK:1.458 MID:1.4575 P1:1.4575 P2:1.4575 P3:1.4575 P4:1.4575 STATE:IDLE
[2026-05-04 19:09:15Z] CHK MOM:0% RANGE:0% UP:0% SPREAD:0.06863417% BID:1.457 ASK:1.458 MID:1.4575 P1:1.4575 P2:1.4575 P3:1.4575 P4:1.4575 STATE:IDLE
[2026-05-04 19:09:15Z] CHK MOM:0% RANGE:0% UP:0% SPREAD:0.06863417% BID:1.457 ASK:1.458 MID:1.4575 P1:1.4575 P2:1.4575 P3:1.4575 P4:1.4575 STATE:IDLE
[2026-05-04 19:09:16Z] CHK MOM:0% RANGE:0% UP:0% SPREAD:0.06863417% BID:1.457 ASK:1.458 MID:1.4575 P1:1.4575 P2:1.4575 P3:1.4575 P4:1.4575 STATE:IDLE
[2026-05-04 19:09:16Z] CHK MOM:0% RANGE:0% UP:0% SPREAD:0.06863417% BID:1.457 ASK:1.458 MID:1.4575 P1:1.4575 P2:1.4575 P3:1.4575 P4:1.4575 STATE:IDLE
[2026-05-04 19:09:17Z] CHK MOM:0% RANGE:0% UP:0% SPREAD:0.06863417% BID:1.457 ASK:1.458 MID:1.4575 P1:1.4575 P2:1.4575 P3:1.4575 P4:1.4575 STATE:IDLE
[2026-05-04 19:09:17Z] CHK MOM:0% RANGE:0% UP:0% SPREAD:0.06863417% BID:1.457 ASK:1.458 MID:1.4575 P1:1.4575 P2:1.4575 P3:1.4575 P4:1.4575 STATE:IDLE
[2026-05-04 19:09:18Z] CHK MOM:0% RANGE:0% UP:0% SPREAD:0.06863417% BID:1.457 ASK:1.458 MID:1.4575 P1:1.4575 P2:1.4575 P3:1.4575 P4:1.4575 STATE:IDLE
[2026-05-04 19:09:19Z] CHK MOM:0% RANGE:0% UP:0% SPREAD:0.06863417% BID:1.457 ASK:1.458 MID:1.4575 P1:1.4575 P2:1.4575 P3:1.4575 P4:1.4575 STATE:IDLE
[2026-05-04 19:09:19Z] CHK MOM:0% RANGE:0% UP:0% SPREAD:0.06863417% BID:1.457 ASK:1.458 MID:1.4575 P1:1.4575 P2:1.4575 P3:1.4575 P4:1.4575 STATE:IDLE
[2026-05-04 19:09:20Z] CHK MOM:0% RANGE:0% UP:0% SPREAD:0.06863417% BID:1.457 ASK:1.458 MID:1.4575 P1:1.4575 P2:1.4575 P3:1.4575 P4:1.4575 STATE:IDLE
[2026-05-04 19:09:20Z] CHK MOM:0.06% RANGE:0.06% UP:10% SPREAD:0.0685871% BID:1.458 ASK:1.459 MID:1.4585 P1:1.4585 P2:1.4575 P3:1.4575 P4:1.4575 STATE:IDLE
[2026-05-04 19:09:21Z] CHK MOM:0.06% RANGE:0.06% UP:9.09% SPREAD:0.0685871% BID:1.458 ASK:1.459 MID:1.4585 P1:1.4585 P2:1.4585 P3:1.4575 P4:1.4575 STATE:IDLE
[2026-05-04 19:09:21Z] CHK MOM:0.06% RANGE:0.06% UP:9.09% SPREAD:0.0685871% BID:1.458 ASK:1.459 MID:1.4585 P1:1.4585 P2:1.4585 P3:1.4585 P4:1.4575 STATE:IDLE
[2026-05-04 19:09:22Z] CHK MOM:0.06% RANGE:0.06% UP:8.33% SPREAD:0.0685871% BID:1.458 ASK:1.459 MID:1.4585 P1:1.4585 P2:1.4585 P3:1.4585 P4:1.4585 STATE:IDLE
[2026-05-04 19:09:22Z] CHK MOM:0.06% RANGE:0.06% UP:9.09% SPREAD:0.0685871% BID:1.458 ASK:1.459 MID:1.4585 P1:1.4585 P2:1.4585 P3:1.4585 P4:1.4585 STATE:IDLE
[2026-05-04 19:09:23Z] CHK MOM:0.06% RANGE:0.06% UP:8.33% SPREAD:0.0685871% BID:1.458 ASK:1.459 MID:1.4585 P1:1.4585 P2:1.4585 P3:1.4585 P4:1.4585 STATE:IDLE
[2026-05-04 19:09:23Z] CHK MOM:0.06% RANGE:0.06% UP:8.33% SPREAD:0.0685871% BID:1.458 ASK:1.459 MID:1.4585 P1:1.4585 P2:1.4585 P3:1.4585 P4:1.4585 STATE:IDLE
[2026-05-04 19:09:24Z] CHK MOM:0.06% RANGE:0.06% UP:8.33% SPREAD:0.0685871% BID:1.458 ASK:1.459 MID:1.4585 P1:1.4585 P2:1.4585 P3:1.4585 P4:1.4585 STATE:IDLE
[2026-05-04 19:09:25Z] CHK MOM:0.06% RANGE:0.06% UP:11.11% SPREAD:0.0685871% BID:1.458 ASK:1.459 MID:1.4585 P1:1.4585 P2:1.4585 P3:1.4585 P4:1.4585 STATE:IDLE
[2026-05-04 19:09:25Z] CHK MOM:0.06% RANGE:0.06% UP:10% SPREAD:0.0685871% BID:1.458 ASK:1.459 MID:1.4585 P1:1.4585 P2:1.4585 P3:1.4585 P4:1.4585 STATE:IDLE
[2026-05-04 19:09:26Z] CHK MOM:0.06% RANGE:0.06% UP:9.09% SPREAD:0.0685871% BID:1.458 ASK:1.459 MID:1.4585 P1:1.4585 P2:1.4585 P3:1.4585 P4:1.4585 STATE:IDLE
[2026-05-04 19:09:26Z] CHK MOM:0.06% RANGE:0.06% UP:9.09% SPREAD:0.0685871% BID:1.458 ASK:1.459 MID:1.4585 P1:1.4585 P2:1.4585 P3:1.4585 P4:1.4585 STATE:IDLE
[2026-05-04 19:09:27Z] CHK MOM:0.06% RANGE:0.06% UP:9.09% SPREAD:0.0685871% BID:1.458 ASK:1.459 MID:1.4585 P1:1.4585 P2:1.4585 P3:1.4585 P4:1.4585 STATE:IDLE
[2026-05-04 19:09:27Z] CHK MOM:0.06% RANGE:0.06% UP:9.09% SPREAD:0.0685871% BID:1.458 ASK:1.459 MID:1.4585 P1:1.4585 P2:1.4585 P3:1.4585 P4:1.4585 STATE:IDLE
[2026-05-04 19:09:28Z] CHK MOM:0.06% RANGE:0.06% UP:9.09% SPREAD:0.0685871% BID:1.458 ASK:1.459 MID:1.4585 P1:1.4585 P2:1.4585 P3:1.4585 P4:1.4585 STATE:IDLE
[2026-05-04 19:09:28Z] CHK MOM:0% RANGE:0% UP:0% SPREAD:0.0685871% BID:1.458 ASK:1.459 MID:1.4585 P1:1.4585 P2:1.4585 P3:1.4585 P4:1.4585 STATE:IDLE
[2026-05-04 19:09:29Z] CHK MOM:0% RANGE:0% UP:0% SPREAD:0.0685871% BID:1.458 ASK:1.459 MID:1.4585 P1:1.4585 P2:1.4585 P3:1.4585 P4:1.4585 STATE:IDLE
[2026-05-04 19:09:30Z] CHK MOM:0% RANGE:0% UP:0% SPREAD:0.0685871% BID:1.458 ASK:1.459 MID:1.4585 P1:1.4585 P2:1.4585 P3:1.4585 P4:1.4585 STATE:IDLE
[2026-05-04 19:09:30Z] CHK MOM:0% RANGE:0% UP:0% SPREAD:0.0685871% BID:1.458 ASK:1.459 MID:1.4585 P1:1.4585 P2:1.4585 P3:1.4585 P4:1.4585 STATE:IDLE
[2026-05-04 19:09:31Z] CHK MOM:0% RANGE:0% UP:0% SPREAD:0.0685871% BID:1.458 ASK:1.459 MID:1.4585 P1:1.4585 P2:1.4585 P3:1.4585 P4:1.4585 STATE:IDLE
[2026-05-04 19:09:31Z] CHK MOM:0% RANGE:0% UP:0% SPREAD:0.0685871% BID:1.458 ASK:1.459 MID:1.4585 P1:1.4585 P2:1.4585 P3:1.4585 P4:1.4585 STATE:IDLE
[2026-05-04 19:09:32Z] CHK MOM:0% RANGE:0% UP:0% SPREAD:0.0685871% BID:1.458 ASK:1.459 MID:1.4585 P1:1.4585 P2:1.4585 P3:1.4585 P4:1.4585 STATE:IDLE
[2026-05-04 19:09:32Z] CHK MOM:0% RANGE:0% UP:0% SPREAD:0.0685871% BID:1.458 ASK:1.459 MID:1.4585 P1:1.4585 P2:1.4585 P3:1.4585 P4:1.4585 STATE:IDLE
[2026-05-04 19:09:33Z] CHK MOM:-0.06% RANGE:0.06% UP:0% SPREAD:0.06863417% BID:1.457 ASK:1.458 MID:1.4575 P1:1.4575 P2:1.4585 P3:1.4585 P4:1.4585 STATE:IDLE
[2026-05-04 19:09:33Z] CHK MOM:-0.06% RANGE:0.06% UP:0% SPREAD:0.06863417% BID:1.457 ASK:1.458 MID:1.4575 P1:1.4575 P2:1.4585 P3:1.4585 P4:1.4585 STATE:IDLE
[2026-05-04 19:09:34Z] CHK MOM:-0.06% RANGE:0.06% UP:0% SPREAD:0.06863417% BID:1.457 ASK:1.458 MID:1.4575 P1:1.4575 P2:1.4575 P3:1.4585 P4:1.4585 STATE:IDLE
[2026-05-04 19:09:34Z] CHK MOM:-0.06% RANGE:0.06% UP:0% SPREAD:0.06863417% BID:1.457 ASK:1.458 MID:1.4575 P1:1.4575 P2:1.4575 P3:1.4575 P4:1.4585 STATE:IDLE
[2026-05-04 19:09:35Z] CHK MOM:-0.06% RANGE:0.06% UP:0% SPREAD:0.06863417% BID:1.457 ASK:1.458 MID:1.4575 P1:1.4575 P2:1.4575 P3:1.4575 P4:1.4575 STATE:IDLE
[2026-05-04 19:09:36Z] CHK MOM:-0.1% RANGE:0.1% UP:0% SPREAD:0.13736263% BID:1.456 ASK:1.458 MID:1.45699999 P1:1.45699999 P2:1.4575 P3:1.4575 P4:1.4575 STATE:IDLE
[2026-05-04 19:09:36Z] CHK MOM:-0.1% RANGE:0.1% UP:0% SPREAD:0.13736263% BID:1.456 ASK:1.458 MID:1.45699999 P1:1.45699999 P2:1.45699999 P3:1.4575 P4:1.4575 STATE:IDLE
[2026-05-04 19:09:37Z] CHK MOM:-0.1% RANGE:0.1% UP:0% SPREAD:0.13736263% BID:1.456 ASK:1.458 MID:1.45699999 P1:1.45699999 P2:1.45699999 P3:1.45699999 P4:1.4575 STATE:IDLE
[2026-05-04 19:09:37Z] CHK MOM:-0.06% RANGE:0.1% UP:10% SPREAD:0.06863417% BID:1.457 ASK:1.458 MID:1.4575 P1:1.4575 P2:1.45699999 P3:1.45699999 P4:1.45699999 STATE:IDLE
[2026-05-04 19:09:38Z] CHK MOM:-0.06% RANGE:0.1% UP:9.09% SPREAD:0.06863417% BID:1.457 ASK:1.458 MID:1.4575 P1:1.4575 P2:1.4575 P3:1.45699999 P4:1.45699999 STATE:IDLE
[2026-05-04 19:09:38Z] CHK MOM:-0.06% RANGE:0.1% UP:9.09% SPREAD:0.06863417% BID:1.457 ASK:1.458 MID:1.4575 P1:1.4575 P2:1.4575 P3:1.45699999 P4:1.45699999 STATE:IDLE
[2026-05-04 19:09:39Z] CHK MOM:-0.06% RANGE:0.1% UP:9.09% SPREAD:0.06863417% BID:1.457 ASK:1.458 MID:1.4575 P1:1.4575 P2:1.4575 P3:1.45699999 P4:1.45699999 STATE:IDLE
[2026-05-04 19:09:39Z] CHK MOM:-0.06% RANGE:0.1% UP:10% SPREAD:0.06863417% BID:1.457 ASK:1.458 MID:1.4575 P1:1.4575 P2:1.4575 P3:1.4575 P4:1.45699999 STATE:IDLE
[2026-05-04 19:09:40Z] CHK MOM:-0.06% RANGE:0.1% UP:9.09% SPREAD:0.06863417% BID:1.457 ASK:1.458 MID:1.4575 P1:1.4575 P2:1.4575 P3:1.4575 P4:1.4575 STATE:IDLE
[2026-05-04 19:09:41Z] CHK MOM:0% RANGE:0.03% UP:9.09% SPREAD:0.06863417% BID:1.457 ASK:1.458 MID:1.4575 P1:1.4575 P2:1.4575 P3:1.4575 P4:1.4575 STATE:IDLE
[2026-05-04 19:09:41Z] CHK MOM:0% RANGE:0.03% UP:9.09% SPREAD:0.06863417% BID:1.457 ASK:1.458 MID:1.4575 P1:1.4575 P2:1.4575 P3:1.4575 P4:1.4575 STATE:IDLE
[2026-05-04 19:09:42Z] CHK MOM:0% RANGE:0.03% UP:9.09% SPREAD:0.06863417% BID:1.457 ASK:1.458 MID:1.4575 P1:1.4575 P2:1.4575 P3:1.4575 P4:1.4575 STATE:IDLE
[2026-05-04 19:09:42Z] CHK MOM:0% RANGE:0.03% UP:9.09% SPREAD:0.06863417% BID:1.457 ASK:1.458 MID:1.4575 P1:1.4575 P2:1.4575 P3:1.4575 P4:1.4575 STATE:IDLE
[2026-05-04 19:09:43Z] CHK MOM:0% RANGE:0.03% UP:9.09% SPREAD:0.06863417% BID:1.457 ASK:1.458 MID:1.4575 P1:1.4575 P2:1.4575 P3:1.4575 P4:1.4575 STATE:IDLE
[2026-05-04 19:09:44Z] CHK MOM:0.03% RANGE:0.03% UP:12.5% SPREAD:0.06863417% BID:1.457 ASK:1.458 MID:1.4575 P1:1.4575 P2:1.4575 P3:1.4575 P4:1.4575 STATE:IDLE
[2026-05-04 19:09:44Z] CHK MOM:0.03% RANGE:0.03% UP:12.5% SPREAD:0.06863417% BID:1.457 ASK:1.458 MID:1.4575 P1:1.4575 P2:1.4575 P3:1.4575 P4:1.4575 STATE:IDLE
[2026-05-04 19:09:45Z] CHK MOM:0.03% RANGE:0.03% UP:14.28% SPREAD:0.06863417% BID:1.457 ASK:1.458 MID:1.4575 P1:1.4575 P2:1.4575 P3:1.4575 P4:1.4575 STATE:IDLE
[2026-05-04 19:09:45Z] CHK MOM:0.03% RANGE:0.03% UP:14.28% SPREAD:0.06863417% BID:1.457 ASK:1.458 MID:1.4575 P1:1.4575 P2:1.4575 P3:1.4575 P4:1.4575 STATE:IDLE
[2026-05-04 19:09:46Z] CHK MOM:0.03% RANGE:0.03% UP:14.28% SPREAD:0.06863417% BID:1.457 ASK:1.458 MID:1.4575 P1:1.4575 P2:1.4575 P3:1.4575 P4:1.4575 STATE:IDLE
[2026-05-04 19:09:47Z] CHK MOM:0% RANGE:0% UP:0% SPREAD:0.06863417% BID:1.457 ASK:1.458 MID:1.4575 P1:1.4575 P2:1.4575 P3:1.4575 P4:1.4575 STATE:IDLE
[2026-05-04 19:09:47Z] CHK MOM:0% RANGE:0% UP:0% SPREAD:0.06863417% BID:1.457 ASK:1.458 MID:1.4575 P1:1.4575 P2:1.4575 P3:1.4575 P4:1.4575 STATE:IDLE
[2026-05-04 19:09:48Z] CHK MOM:0% RANGE:0% UP:0% SPREAD:0.06863417% BID:1.457 ASK:1.458 MID:1.4575 P1:1.4575 P2:1.4575 P3:1.4575 P4:1.4575 STATE:IDLE
[2026-05-04 19:09:48Z] CHK MOM:0% RANGE:0% UP:0% SPREAD:0.06863417% BID:1.457 ASK:1.458 MID:1.4575 P1:1.4575 P2:1.4575 P3:1.4575 P4:1.4575 STATE:IDLE
[2026-05-04 19:09:49Z] CHK MOM:0% RANGE:0% UP:0% SPREAD:0.06863417% BID:1.457 ASK:1.458 MID:1.4575 P1:1.4575 P2:1.4575 P3:1.4575 P4:1.4575 STATE:IDLE
[2026-05-04 19:09:49Z] CHK MOM:0% RANGE:0% UP:0% SPREAD:0.06863417% BID:1.457 ASK:1.458 MID:1.4575 P1:1.4575 P2:1.4575 P3:1.4575 P4:1.4575 STATE:IDLE
[2026-05-04 19:09:50Z] CHK MOM:0% RANGE:0% UP:0% SPREAD:0.06863417% BID:1.457 ASK:1.458 MID:1.4575 P1:1.4575 P2:1.4575 P3:1.4575 P4:1.4575 STATE:IDLE
[2026-05-04 19:09:51Z] CHK MOM:0.06% RANGE:0.06% UP:25% SPREAD:0.0685871% BID:1.458 ASK:1.459 MID:1.4585 P1:1.4585 P2:1.4575 P3:1.4575 P4:1.4575 STATE:IDLE
[2026-05-04 19:09:51Z] CHK MOM:0.06% RANGE:0.06% UP:25% SPREAD:0.0685871% BID:1.458 ASK:1.459 MID:1.4585 P1:1.4585 P2:1.4575 P3:1.4575 P4:1.4575 STATE:IDLE
[2026-05-04 19:09:52Z] CHK MOM:0% RANGE:0.06% UP:25% SPREAD:0.06863417% BID:1.457 ASK:1.458 MID:1.4575 P1:1.4575 P2:1.4585 P3:1.4575 P4:1.4575 STATE:IDLE
[2026-05-04 19:09:52Z] CHK MOM:0% RANGE:0.06% UP:25% SPREAD:0.06863417% BID:1.457 ASK:1.458 MID:1.4575 P1:1.4575 P2:1.4575 P3:1.4585 P4:1.4575 STATE:IDLE
[2026-05-04 19:09:53Z] CHK MOM:0% RANGE:0.06% UP:25% SPREAD:0.06863417% BID:1.457 ASK:1.458 MID:1.4575 P1:1.4575 P2:1.4575 P3:1.4585 P4:1.4575 STATE:IDLE
[2026-05-04 19:09:53Z] CHK MOM:0% RANGE:0.06% UP:25% SPREAD:0.06863417% BID:1.457 ASK:1.458 MID:1.4575 P1:1.4575 P2:1.4575 P3:1.4585 P4:1.4575 STATE:IDLE
[2026-05-04 19:09:54Z] CHK MOM:0% RANGE:0.06% UP:25% SPREAD:0.06863417% BID:1.457 ASK:1.458 MID:1.4575 P1:1.4575 P2:1.4575 P3:1.4585 P4:1.4575 STATE:IDLE
[2026-05-04 19:09:54Z] CHK MOM:0% RANGE:0.06% UP:25% SPREAD:0.06863417% BID:1.457 ASK:1.458 MID:1.4575 P1:1.4575 P2:1.4575 P3:1.4585 P4:1.4575 STATE:IDLE
[2026-05-04 19:09:55Z] CHK MOM:0% RANGE:0.06% UP:25% SPREAD:0.06863417% BID:1.457 ASK:1.458 MID:1.4575 P1:1.4575 P2:1.4575 P3:1.4585 P4:1.4575 STATE:IDLE
[2026-05-04 19:09:59Z] CHK MOM:0% RANGE:0% UP:0% SPREAD:0.06863417% BID:1.457 ASK:1.458 MID:1.4575 P1:1.4575 P2:1.4575 P3:1.4575 P4:1.4585 STATE:IDLE
[2026-05-04 19:09:59Z] CHK MOM:0% RANGE:0% UP:0% SPREAD:0.06863417% BID:1.457 ASK:1.458 MID:1.4575 P1:1.4575 P2:1.4575 P3:1.4575 P4:1.4585 STATE:IDLE
[2026-05-04 19:10:00Z] CHK MOM:0% RANGE:0% UP:0% SPREAD:0.06863417% BID:1.457 ASK:1.458 MID:1.4575 P1:1.4575 P2:1.4575 P3:1.4575 P4:1.4575 STATE:IDLE
[2026-05-04 19:10:00Z] CHK MOM:0% RANGE:0% UP:0% SPREAD:0.06863417% BID:1.457 ASK:1.458 MID:1.4575 P1:1.4575 P2:1.4575 P3:1.4575 P4:1.4575 STATE:IDLE
[2026-05-04 19:10:01Z] CHK MOM:0% RANGE:0% UP:0% SPREAD:0.06863417% BID:1.457 ASK:1.458 MID:1.4575 P1:1.4575 P2:1.4575 P3:1.4575 P4:1.4575 STATE:IDLE
[2026-05-04 19:10:01Z] CHK MOM:0.06% RANGE:0.06% UP:33.33% SPREAD:0.0685871% BID:1.458 ASK:1.459 MID:1.4585 P1:1.4585 P2:1.4575 P3:1.4575 P4:1.4575 STATE:IDLE
[2026-05-04 19:10:02Z] CHK MOM:0.06% RANGE:0.06% UP:25% SPREAD:0.0685871% BID:1.458 ASK:1.459 MID:1.4585 P1:1.4585 P2:1.4585 P3:1.4575 P4:1.4575 STATE:IDLE
[2026-05-04 19:10:02Z] CHK MOM:0.06% RANGE:0.06% UP:20% SPREAD:0.0685871% BID:1.458 ASK:1.459 MID:1.4585 P1:1.4585 P2:1.4585 P3:1.4585 P4:1.4575 STATE:IDLE
[2026-05-04 19:10:03Z] CHK MOM:0.06% RANGE:0.06% UP:20% SPREAD:0.0685871% BID:1.458 ASK:1.459 MID:1.4585 P1:1.4585 P2:1.4585 P3:1.4585 P4:1.4575 STATE:IDLE
[2026-05-04 19:10:03Z] CHK MOM:0.06% RANGE:0.06% UP:20% SPREAD:0.0685871% BID:1.458 ASK:1.459 MID:1.4585 P1:1.4585 P2:1.4585 P3:1.4585 P4:1.4575 STATE:IDLE
[2026-05-04 19:10:04Z] CHK MOM:0% RANGE:0.06% UP:16.66% SPREAD:0.06863417% BID:1.457 ASK:1.458 MID:1.4575 P1:1.4575 P2:1.4585 P3:1.4585 P4:1.4585 STATE:IDLE
[2026-05-04 19:10:05Z] CHK MOM:0% RANGE:0.06% UP:14.28% SPREAD:0.06863417% BID:1.457 ASK:1.458 MID:1.4575 P1:1.4575 P2:1.4575 P3:1.4585 P4:1.4585 STATE:IDLE
[2026-05-04 19:10:05Z] CHK MOM:0% RANGE:0.06% UP:14.28% SPREAD:0.06863417% BID:1.457 ASK:1.458 MID:1.4575 P1:1.4575 P2:1.4575 P3:1.4585 P4:1.4585 STATE:IDLE
[2026-05-04 19:10:06Z] CHK MOM:0% RANGE:0.06% UP:14.28% SPREAD:0.06863417% BID:1.457 ASK:1.458 MID:1.4575 P1:1.4575 P2:1.4575 P3:1.4585 P4:1.4585 STATE:IDLE
[2026-05-04 19:10:06Z] CHK MOM:0% RANGE:0.06% UP:12.5% SPREAD:0.06863417% BID:1.457 ASK:1.458 MID:1.4575 P1:1.4575 P2:1.4575 P3:1.4575 P4:1.4585 STATE:IDLE
[2026-05-04 19:10:07Z] CHK MOM:0% RANGE:0.06% UP:12.5% SPREAD:0.06863417% BID:1.457 ASK:1.458 MID:1.4575 P1:1.4575 P2:1.4575 P3:1.4575 P4:1.4575 STATE:IDLE
[2026-05-04 19:10:07Z] CHK MOM:-0.06% RANGE:0.13% UP:11.11% SPREAD:0.06868131% BID:1.456 ASK:1.457 MID:1.4565 P1:1.4565 P2:1.4575 P3:1.4575 P4:1.4575 STATE:IDLE
[2026-05-04 19:10:08Z] CHK MOM:-0.06% RANGE:0.13% UP:11.11% SPREAD:0.06868131% BID:1.456 ASK:1.457 MID:1.4565 P1:1.4565 P2:1.4575 P3:1.4575 P4:1.4575 STATE:IDLE
[2026-05-04 19:10:08Z] CHK MOM:-0.06% RANGE:0.13% UP:11.11% SPREAD:0.06868131% BID:1.456 ASK:1.457 MID:1.4565 P1:1.4565 P2:1.4565 P3:1.4575 P4:1.4575 STATE:IDLE
[2026-05-04 19:10:09Z] CHK MOM:-0.13% RANGE:0.13% UP:0% SPREAD:0.06868131% BID:1.456 ASK:1.457 MID:1.4565 P1:1.4565 P2:1.4565 P3:1.4565 P4:1.4575 STATE:IDLE
[2026-05-04 19:10:10Z] CHK MOM:-0.13% RANGE:0.13% UP:0% SPREAD:0.06868131% BID:1.456 ASK:1.457 MID:1.4565 P1:1.4565 P2:1.4565 P3:1.4565 P4:1.4565 STATE:IDLE
[2026-05-04 19:10:10Z] CHK MOM:-0.13% RANGE:0.13% UP:0% SPREAD:0.06868131% BID:1.456 ASK:1.457 MID:1.4565 P1:1.4565 P2:1.4565 P3:1.4565 P4:1.4565 STATE:IDLE
[2026-05-04 19:10:11Z] CHK MOM:-0.13% RANGE:0.13% UP:0% SPREAD:0.06868131% BID:1.456 ASK:1.457 MID:1.4565 P1:1.4565 P2:1.4565 P3:1.4565 P4:1.4565 STATE:IDLE
[2026-05-04 19:10:11Z] CHK MOM:-0.06% RANGE:0.06% UP:0% SPREAD:0.06868131% BID:1.456 ASK:1.457 MID:1.4565 P1:1.4565 P2:1.4565 P3:1.4565 P4:1.4565 STATE:IDLE
[2026-05-04 19:10:12Z] CHK MOM:-0.06% RANGE:0.06% UP:0% SPREAD:0.06868131% BID:1.456 ASK:1.457 MID:1.4565 P1:1.4565 P2:1.4565 P3:1.4565 P4:1.4565 STATE:IDLE
[2026-05-04 19:10:12Z] CHK MOM:-0.06% RANGE:0.06% UP:0% SPREAD:0.06868131% BID:1.456 ASK:1.457 MID:1.4565 P1:1.4565 P2:1.4565 P3:1.4565 P4:1.4565 STATE:IDLE
[2026-05-04 19:10:13Z] CHK MOM:-0.06% RANGE:0.06% UP:0% SPREAD:0.06868131% BID:1.456 ASK:1.457 MID:1.4565 P1:1.4565 P2:1.4565 P3:1.4565 P4:1.4565 STATE:IDLE
[2026-05-04 19:10:13Z] CHK MOM:-0.06% RANGE:0.06% UP:0% SPREAD:0.06868131% BID:1.456 ASK:1.457 MID:1.4565 P1:1.4565 P2:1.4565 P3:1.4565 P4:1.4565 STATE:IDLE
[2026-05-04 19:10:14Z] CHK MOM:-0.06% RANGE:0.06% UP:0% SPREAD:0.06868131% BID:1.456 ASK:1.457 MID:1.4565 P1:1.4565 P2:1.4565 P3:1.4565 P4:1.4565 STATE:IDLE
[2026-05-04 19:10:15Z] CHK MOM:-0.06% RANGE:0.06% UP:0% SPREAD:0.06868131% BID:1.456 ASK:1.457 MID:1.4565 P1:1.4565 P2:1.4565 P3:1.4565 P4:1.4565 STATE:IDLE
[2026-05-04 19:10:15Z] CHK MOM:-0.06% RANGE:0.06% UP:0% SPREAD:0.06868131% BID:1.456 ASK:1.457 MID:1.4565 P1:1.4565 P2:1.4565 P3:1.4565 P4:1.4565 STATE:IDLE
[2026-05-04 19:10:16Z] CHK MOM:-0.06% RANGE:0.06% UP:0% SPREAD:0.06868131% BID:1.456 ASK:1.457 MID:1.4565 P1:1.4565 P2:1.4565 P3:1.4565 P4:1.4565 STATE:IDLE
[2026-05-04 19:10:16Z] CHK MOM:0% RANGE:0% UP:0% SPREAD:0.06868131% BID:1.456 ASK:1.457 MID:1.4565 P1:1.4565 P2:1.4565 P3:1.4565 P4:1.4565 STATE:IDLE
[2026-05-04 19:10:17Z] CHK MOM:0% RANGE:0% UP:0% SPREAD:0.06868131% BID:1.456 ASK:1.457 MID:1.4565 P1:1.4565 P2:1.4565 P3:1.4565 P4:1.4565 STATE:IDLE
[2026-05-04 19:10:17Z] CHK MOM:0% RANGE:0% UP:0% SPREAD:0.06868131% BID:1.456 ASK:1.457 MID:1.4565 P1:1.4565 P2:1.4565 P3:1.4565 P4:1.4565 STATE:IDLE
[2026-05-04 19:10:18Z] CHK MOM:0% RANGE:0% UP:0% SPREAD:0.06868131% BID:1.456 ASK:1.457 MID:1.4565 P1:1.4565 P2:1.4565 P3:1.4565 P4:1.4565 STATE:IDLE
[2026-05-04 19:10:18Z] CHK MOM:0% RANGE:0% UP:0% SPREAD:0.06868131% BID:1.456 ASK:1.457 MID:1.4565 P1:1.4565 P2:1.4565 P3:1.4565 P4:1.4565 STATE:IDLE
[2026-05-04 19:10:19Z] CHK MOM:0% RANGE:0% UP:0% SPREAD:0.06868131% BID:1.456 ASK:1.457 MID:1.4565 P1:1.4565 P2:1.4565 P3:1.4565 P4:1.4565 STATE:IDLE
[2026-05-04 19:10:20Z] CHK MOM:0% RANGE:0% UP:0% SPREAD:0.06868131% BID:1.456 ASK:1.457 MID:1.4565 P1:1.4565 P2:1.4565 P3:1.4565 P4:1.4565 STATE:IDLE
[2026-05-04 19:10:20Z] CHK MOM:0% RANGE:0% UP:0% SPREAD:0.06868131% BID:1.456 ASK:1.457 MID:1.4565 P1:1.4565 P2:1.4565 P3:1.4565 P4:1.4565 STATE:IDLE
[2026-05-04 19:10:21Z] CHK MOM:0% RANGE:0% UP:0% SPREAD:0.06868131% BID:1.456 ASK:1.457 MID:1.4565 P1:1.4565 P2:1.4565 P3:1.4565 P4:1.4565 STATE:IDLE
[2026-05-04 19:10:21Z] CHK MOM:0% RANGE:0% UP:0% SPREAD:0.06868131% BID:1.456 ASK:1.457 MID:1.4565 P1:1.4565 P2:1.4565 P3:1.4565 P4:1.4565 STATE:IDLE
[2026-05-04 19:10:22Z] CHK MOM:0% RANGE:0% UP:0% SPREAD:0.06868131% BID:1.456 ASK:1.457 MID:1.4565 P1:1.4565 P2:1.4565 P3:1.4565 P4:1.4565 STATE:IDLE
[2026-05-04 19:10:22Z] CHK MOM:0% RANGE:0% UP:0% SPREAD:0.06868131% BID:1.456 ASK:1.457 MID:1.4565 P1:1.4565 P2:1.4565 P3:1.4565 P4:1.4565 STATE:IDLE
[2026-05-04 19:10:23Z] CHK MOM:0% RANGE:0% UP:0% SPREAD:0.06868131% BID:1.456 ASK:1.457 MID:1.4565 P1:1.4565 P2:1.4565 P3:1.4565 P4:1.4565 STATE:IDLE
[2026-05-04 19:10:23Z] CHK MOM:0% RANGE:0% UP:0% SPREAD:0.06868131% BID:1.456 ASK:1.457 MID:1.4565 P1:1.4565 P2:1.4565 P3:1.4565 P4:1.4565 STATE:IDLE
[2026-05-04 19:10:24Z] CHK MOM:0% RANGE:0% UP:0% SPREAD:0.06868131% BID:1.456 ASK:1.457 MID:1.4565 P1:1.4565 P2:1.4565 P3:1.4565 P4:1.4565 STATE:IDLE
[2026-05-04 19:10:24Z] CHK MOM:0% RANGE:0% UP:0% SPREAD:0.06868131% BID:1.456 ASK:1.457 MID:1.4565 P1:1.4565 P2:1.4565 P3:1.4565 P4:1.4565 STATE:IDLE
[2026-05-04 19:10:25Z] CHK MOM:0% RANGE:0% UP:0% SPREAD:0.06868131% BID:1.456 ASK:1.457 MID:1.4565 P1:1.4565 P2:1.4565 P3:1.4565 P4:1.4565 STATE:IDLE
[2026-05-04 19:10:26Z] CHK MOM:0% RANGE:0% UP:0% SPREAD:0.06868131% BID:1.456 ASK:1.457 MID:1.4565 P1:1.4565 P2:1.4565 P3:1.4565 P4:1.4565 STATE:IDLE
[2026-05-04 19:10:26Z] CHK MOM:0% RANGE:0% UP:0% SPREAD:0.06868131% BID:1.456 ASK:1.457 MID:1.4565 P1:1.4565 P2:1.4565 P3:1.4565 P4:1.4565 STATE:IDLE
[2026-05-04 19:10:27Z] CHK MOM:-0.06% RANGE:0.06% UP:0% SPREAD:0.06872852% BID:1.455 ASK:1.456 MID:1.4555 P1:1.4555 P2:1.4565 P3:1.4565 P4:1.4565 STATE:IDLE
[2026-05-04 19:10:27Z] CHK MOM:-0.06% RANGE:0.06% UP:0% SPREAD:0.06872852% BID:1.455 ASK:1.456 MID:1.4555 P1:1.4555 P2:1.4565 P3:1.4565 P4:1.4565 STATE:IDLE
[2026-05-04 19:10:28Z] CHK MOM:-0.06% RANGE:0.06% UP:0% SPREAD:0.06872852% BID:1.455 ASK:1.456 MID:1.4555 P1:1.4555 P2:1.4565 P3:1.4565 P4:1.4565 STATE:IDLE
[2026-05-04 19:10:28Z] CHK MOM:-0.06% RANGE:0.06% UP:0% SPREAD:0.06872852% BID:1.455 ASK:1.456 MID:1.4555 P1:1.4555 P2:1.4565 P3:1.4565 P4:1.4565 STATE:IDLE
[2026-05-04 19:10:29Z] CHK MOM:0% RANGE:0.06% UP:20% SPREAD:0.06868131% BID:1.456 ASK:1.457 MID:1.4565 P1:1.4565 P2:1.4555 P3:1.4565 P4:1.4565 STATE:IDLE
[2026-05-04 19:10:29Z] CHK MOM:0% RANGE:0.06% UP:20% SPREAD:0.06868131% BID:1.456 ASK:1.457 MID:1.4565 P1:1.4565 P2:1.4565 P3:1.4555 P4:1.4565 STATE:IDLE
[2026-05-04 19:10:30Z] CHK MOM:0% RANGE:0.06% UP:20% SPREAD:0.06868131% BID:1.456 ASK:1.457 MID:1.4565 P1:1.4565 P2:1.4565 P3:1.4565 P4:1.4555 STATE:IDLE
[2026-05-04 19:10:31Z] CHK MOM:0% RANGE:0.06% UP:16.66% SPREAD:0.06868131% BID:1.456 ASK:1.457 MID:1.4565 P1:1.4565 P2:1.4565 P3:1.4565 P4:1.4565 STATE:IDLE
[2026-05-04 19:10:31Z] CHK MOM:0% RANGE:0.06% UP:16.66% SPREAD:0.06868131% BID:1.456 ASK:1.457 MID:1.4565 P1:1.4565 P2:1.4565 P3:1.4565 P4:1.4565 STATE:IDLE
[2026-05-04 19:10:32Z] CHK MOM:0% RANGE:0.06% UP:16.66% SPREAD:0.06868131% BID:1.456 ASK:1.457 MID:1.4565 P1:1.4565 P2:1.4565 P3:1.4565 P4:1.4565 STATE:IDLE
[2026-05-04 19:10:32Z] CHK MOM:0% RANGE:0.06% UP:16.66% SPREAD:0.06868131% BID:1.456 ASK:1.457 MID:1.4565 P1:1.4565 P2:1.4565 P3:1.4565 P4:1.4565 STATE:IDLE
[2026-05-04 19:10:33Z] CHK MOM:0% RANGE:0.06% UP:16.66% SPREAD:0.06868131% BID:1.456 ASK:1.457 MID:1.4565 P1:1.4565 P2:1.4565 P3:1.4565 P4:1.4565 STATE:IDLE
[2026-05-04 19:10:33Z] CHK MOM:0.06% RANGE:0.06% UP:16.66% SPREAD:0.06868131% BID:1.456 ASK:1.457 MID:1.4565 P1:1.4565 P2:1.4565 P3:1.4565 P4:1.4565 STATE:IDLE
[2026-05-04 19:10:34Z] CHK MOM:0.06% RANGE:0.06% UP:16.66% SPREAD:0.06868131% BID:1.456 ASK:1.457 MID:1.4565 P1:1.4565 P2:1.4565 P3:1.4565 P4:1.4565 STATE:IDLE
[2026-05-04 19:10:34Z] CHK MOM:0.06% RANGE:0.06% UP:16.66% SPREAD:0.06868131% BID:1.456 ASK:1.457 MID:1.4565 P1:1.4565 P2:1.4565 P3:1.4565 P4:1.4565 STATE:IDLE
[2026-05-04 19:10:35Z] CHK MOM:0.06% RANGE:0.06% UP:16.66% SPREAD:0.06868131% BID:1.456 ASK:1.457 MID:1.4565 P1:1.4565 P2:1.4565 P3:1.4565 P4:1.4565 STATE:IDLE
[2026-05-04 19:10:35Z] CHK MOM:0.06% RANGE:0.06% UP:16.66% SPREAD:0.06863417% BID:1.457 ASK:1.458 MID:1.4575 P1:1.4575 P2:1.4565 P3:1.4565 P4:1.4565 STATE:IDLE
[2026-05-04 19:10:36Z] CHK MOM:0.06% RANGE:0.06% UP:14.28% SPREAD:0.06863417% BID:1.457 ASK:1.458 MID:1.4575 P1:1.4575 P2:1.4575 P3:1.4565 P4:1.4565 STATE:IDLE
[2026-05-04 19:10:37Z] CHK MOM:0.06% RANGE:0.06% UP:12.5% SPREAD:0.06863417% BID:1.457 ASK:1.458 MID:1.4575 P1:1.4575 P2:1.4575 P3:1.4575 P4:1.4565 STATE:IDLE
[2026-05-04 19:10:37Z] CHK MOM:0% RANGE:0.06% UP:14.28% SPREAD:0.06868131% BID:1.456 ASK:1.457 MID:1.4565 P1:1.4565 P2:1.4575 P3:1.4575 P4:1.4575 STATE:IDLE
[2026-05-04 19:10:38Z] CHK MOM:0% RANGE:0.06% UP:14.28% SPREAD:0.06868131% BID:1.456 ASK:1.457 MID:1.4565 P1:1.4565 P2:1.4575 P3:1.4575 P4:1.4575 STATE:IDLE
[2026-05-04 19:10:38Z] CHK MOM:0% RANGE:0.06% UP:14.28% SPREAD:0.06868131% BID:1.456 ASK:1.457 MID:1.4565 P1:1.4565 P2:1.4575 P3:1.4575 P4:1.4575 STATE:IDLE
[2026-05-04 19:10:39Z] CHK MOM:0% RANGE:0.06% UP:14.28% SPREAD:0.06868131% BID:1.456 ASK:1.457 MID:1.4565 P1:1.4565 P2:1.4575 P3:1.4575 P4:1.4575 STATE:IDLE
[2026-05-04 19:10:39Z] CHK MOM:0% RANGE:0.06% UP:14.28% SPREAD:0.06868131% BID:1.456 ASK:1.457 MID:1.4565 P1:1.4565 P2:1.4575 P3:1.4575 P4:1.4575 STATE:IDLE
[2026-05-04 19:10:40Z] CHK MOM:0% RANGE:0.06% UP:14.28% SPREAD:0.06868131% BID:1.456 ASK:1.457 MID:1.4565 P1:1.4565 P2:1.4575 P3:1.4575 P4:1.4575 STATE:IDLE
[2026-05-04 19:10:41Z] CHK MOM:0% RANGE:0.06% UP:20% SPREAD:0.06868131% BID:1.456 ASK:1.457 MID:1.4565 P1:1.4565 P2:1.4565 P3:1.4575 P4:1.4575 STATE:IDLE
[2026-05-04 19:10:42Z] CHK MOM:0% RANGE:0.06% UP:20% SPREAD:0.06868131% BID:1.456 ASK:1.457 MID:1.4565 P1:1.4565 P2:1.4565 P3:1.4575 P4:1.4575 STATE:IDLE
[2026-05-04 19:10:42Z] CHK MOM:0% RANGE:0.06% UP:20% SPREAD:0.06868131% BID:1.456 ASK:1.457 MID:1.4565 P1:1.4565 P2:1.4565 P3:1.4575 P4:1.4575 STATE:IDLE
[2026-05-04 19:10:43Z] CHK MOM:-0.06% RANGE:0.06% UP:0% SPREAD:0.06868131% BID:1.456 ASK:1.457 MID:1.4565 P1:1.4565 P2:1.4565 P3:1.4565 P4:1.4575 STATE:IDLE
[2026-05-04 19:10:43Z] CHK MOM:-0.06% RANGE:0.06% UP:0% SPREAD:0.06868131% BID:1.456 ASK:1.457 MID:1.4565 P1:1.4565 P2:1.4565 P3:1.4565 P4:1.4565 STATE:IDLE
[2026-05-04 19:10:44Z] CHK MOM:-0.06% RANGE:0.06% UP:0% SPREAD:0.06868131% BID:1.456 ASK:1.457 MID:1.4565 P1:1.4565 P2:1.4565 P3:1.4565 P4:1.4565 STATE:IDLE
[2026-05-04 19:10:44Z] CHK MOM:-0.06% RANGE:0.06% UP:0% SPREAD:0.06868131% BID:1.456 ASK:1.457 MID:1.4565 P1:1.4565 P2:1.4565 P3:1.4565 P4:1.4565 STATE:IDLE
[2026-05-04 19:10:45Z] CHK MOM:-0.06% RANGE:0.06% UP:0% SPREAD:0.06868131% BID:1.456 ASK:1.457 MID:1.4565 P1:1.4565 P2:1.4565 P3:1.4565 P4:1.4565 STATE:IDLE
[2026-05-04 19:10:45Z] CHK MOM:-0.06% RANGE:0.06% UP:0% SPREAD:0.06868131% BID:1.456 ASK:1.457 MID:1.4565 P1:1.4565 P2:1.4565 P3:1.4565 P4:1.4565 STATE:IDLE
[2026-05-04 19:10:46Z] CHK MOM:-0.06% RANGE:0.06% UP:0% SPREAD:0.06868131% BID:1.456 ASK:1.457 MID:1.4565 P1:1.4565 P2:1.4565 P3:1.4565 P4:1.4565 STATE:IDLE
[2026-05-04 19:10:46Z] CHK MOM:-0.06% RANGE:0.06% UP:0% SPREAD:0.06868131% BID:1.456 ASK:1.457 MID:1.4565 P1:1.4565 P2:1.4565 P3:1.4565 P4:1.4565 STATE:IDLE
[2026-05-04 19:10:47Z] CHK MOM:0% RANGE:0% UP:0% SPREAD:0.06868131% BID:1.456 ASK:1.457 MID:1.4565 P1:1.4565 P2:1.4565 P3:1.4565 P4:1.4565 STATE:IDLE
[2026-05-04 19:10:48Z] CHK MOM:0% RANGE:0% UP:0% SPREAD:0.06868131% BID:1.456 ASK:1.457 MID:1.4565 P1:1.4565 P2:1.4565 P3:1.4565 P4:1.4565 STATE:IDLE
[2026-05-04 19:10:48Z] CHK MOM:0.06% RANGE:0.06% UP:20% SPREAD:0.06863417% BID:1.457 ASK:1.458 MID:1.4575 P1:1.4575 P2:1.4565 P3:1.4565 P4:1.4565 STATE:IDLE
[2026-05-04 19:10:49Z] CHK MOM:0.06% RANGE:0.06% UP:20% SPREAD:0.06863417% BID:1.457 ASK:1.458 MID:1.4575 P1:1.4575 P2:1.4565 P3:1.4565 P4:1.4565 STATE:IDLE
[2026-05-04 19:10:49Z] CHK MOM:0.06% RANGE:0.06% UP:20% SPREAD:0.06863417% BID:1.457 ASK:1.458 MID:1.4575 P1:1.4575 P2:1.4575 P3:1.4565 P4:1.4565 STATE:IDLE
[2026-05-04 19:10:50Z] CHK MOM:0.06% RANGE:0.06% UP:16.66% SPREAD:0.06863417% BID:1.457 ASK:1.458 MID:1.4575 P1:1.4575 P2:1.4575 P3:1.4575 P4:1.4565 STATE:IDLE
[2026-05-04 19:10:50Z] CHK MOM:0.06% RANGE:0.06% UP:16.66% SPREAD:0.06863417% BID:1.457 ASK:1.458 MID:1.4575 P1:1.4575 P2:1.4575 P3:1.4575 P4:1.4565 STATE:IDLE
[2026-05-04 19:10:51Z] CHK MOM:0.13% RANGE:0.13% UP:33.33% SPREAD:0.0685871% BID:1.458 ASK:1.459 MID:1.4585 P1:1.4585 P2:1.4575 P3:1.4575 P4:1.4575 STATE:IDLE
[2026-05-04 19:10:51Z] CHK MOM:0.13% RANGE:0.13% UP:28.57% SPREAD:0.0685871% BID:1.458 ASK:1.459 MID:1.4585 P1:1.4585 P2:1.4585 P3:1.4575 P4:1.4575 STATE:IDLE
[2026-05-04 19:10:52Z] CHK MOM:0.13% RANGE:0.13% UP:28.57% SPREAD:0.0685871% BID:1.458 ASK:1.459 MID:1.4585 P1:1.4585 P2:1.4585 P3:1.4575 P4:1.4575 STATE:IDLE
[2026-05-04 19:10:53Z] CHK MOM:0.13% RANGE:0.13% UP:33.33% SPREAD:0.0685871% BID:1.458 ASK:1.459 MID:1.4585 P1:1.4585 P2:1.4585 P3:1.4585 P4:1.4575 STATE:IDLE
[2026-05-04 19:10:54Z] CHK MOM:0.13% RANGE:0.13% UP:28.57% SPREAD:0.0685871% BID:1.458 ASK:1.459 MID:1.4585 P1:1.4585 P2:1.4585 P3:1.4585 P4:1.4585 STATE:IDLE
[2026-05-04 19:10:54Z] CHK MOM:0.13% RANGE:0.13% UP:28.57% SPREAD:0.0685871% BID:1.458 ASK:1.459 MID:1.4585 P1:1.4585 P2:1.4585 P3:1.4585 P4:1.4585 STATE:IDLE
[2026-05-04 19:10:55Z] CHK MOM:0.13% RANGE:0.13% UP:28.57% SPREAD:0.0685871% BID:1.458 ASK:1.459 MID:1.4585 P1:1.4585 P2:1.4585 P3:1.4585 P4:1.4585 STATE:IDLE
[2026-05-04 19:10:55Z] CHK MOM:0.13% RANGE:0.13% UP:28.57% SPREAD:0.0685871% BID:1.458 ASK:1.459 MID:1.4585 P1:1.4585 P2:1.4585 P3:1.4585 P4:1.4585 STATE:IDLE
[2026-05-04 19:10:56Z] CHK MOM:0.13% RANGE:0.13% UP:28.57% SPREAD:0.0685871% BID:1.458 ASK:1.459 MID:1.4585 P1:1.4585 P2:1.4585 P3:1.4585 P4:1.4585 STATE:IDLE
[2026-05-04 19:10:56Z] CHK MOM:0.06% RANGE:0.06% UP:14.28% SPREAD:0.0685871% BID:1.458 ASK:1.459 MID:1.4585 P1:1.4585 P2:1.4585 P3:1.4585 P4:1.4585 STATE:IDLE
[2026-05-04 19:10:57Z] CHK MOM:0.06% RANGE:0.06% UP:14.28% SPREAD:0.0685871% BID:1.458 ASK:1.459 MID:1.4585 P1:1.4585 P2:1.4585 P3:1.4585 P4:1.4585 STATE:IDLE
[2026-05-04 19:10:57Z] CHK MOM:0.06% RANGE:0.06% UP:14.28% SPREAD:0.0685871% BID:1.458 ASK:1.459 MID:1.4585 P1:1.4585 P2:1.4585 P3:1.4585 P4:1.4585 STATE:IDLE
[2026-05-04 19:10:58Z] CHK MOM:0.06% RANGE:0.06% UP:14.28% SPREAD:0.0685871% BID:1.458 ASK:1.459 MID:1.4585 P1:1.4585 P2:1.4585 P3:1.4585 P4:1.4585 STATE:IDLE
[2026-05-04 19:10:59Z] CHK MOM:0% RANGE:0% UP:0% SPREAD:0.0685871% BID:1.458 ASK:1.459 MID:1.4585 P1:1.4585 P2:1.4585 P3:1.4585 P4:1.4585 STATE:IDLE
[2026-05-04 19:10:59Z] CHK MOM:0% RANGE:0% UP:0% SPREAD:0.0685871% BID:1.458 ASK:1.459 MID:1.4585 P1:1.4585 P2:1.4585 P3:1.4585 P4:1.4585 STATE:IDLE
[2026-05-04 19:11:00Z] CHK MOM:0% RANGE:0% UP:0% SPREAD:0.0685871% BID:1.458 ASK:1.459 MID:1.4585 P1:1.4585 P2:1.4585 P3:1.4585 P4:1.4585 STATE:IDLE
[2026-05-04 19:11:00Z] CHK MOM:0% RANGE:0% UP:0% SPREAD:0.0685871% BID:1.458 ASK:1.459 MID:1.4585 P1:1.4585 P2:1.4585 P3:1.4585 P4:1.4585 STATE:IDLE
[2026-05-04 19:11:01Z] CHK MOM:0% RANGE:0% UP:0% SPREAD:0.0685871% BID:1.458 ASK:1.459 MID:1.4585 P1:1.4585 P2:1.4585 P3:1.4585 P4:1.4585 STATE:IDLE
[2026-05-04 20:27:16Z] SESSION_START symbol=TONUSDC dry_run=0 profile=major strategy=momentum base_url=https://api.binance.com
[2026-05-04 20:27:16Z] TOXIC_MEMORY_LOADED count=4 symbols=GUNUSDC,JTOUSDC,ONDOUSDC,SAHARAUSDC
[2026-05-04 20:27:18Z] CHK MOM:0% RANGE:0% UP:0% SPREAD:0.06877579% BID:1.454 ASK:1.455 MID:1.4545 P1:1.4545 P2:NA P3:NA P4:NA STATE:IDLE
[2026-05-04 20:27:18Z] CHK MOM:0% RANGE:0% UP:0% SPREAD:0.06877579% BID:1.454 ASK:1.455 MID:1.4545 P1:1.4545 P2:1.4545 P3:NA P4:NA STATE:IDLE
[2026-05-04 20:27:19Z] CHK MOM:0% RANGE:0% UP:0% SPREAD:0.06877579% BID:1.454 ASK:1.455 MID:1.4545 P1:1.4545 P2:1.4545 P3:NA P4:NA STATE:IDLE
[2026-05-04 20:27:19Z] CHK MOM:0% RANGE:0% UP:0% SPREAD:0.06877579% BID:1.454 ASK:1.455 MID:1.4545 P1:1.4545 P2:1.4545 P3:NA P4:NA STATE:IDLE
[2026-05-04 20:27:20Z] CHK MOM:0% RANGE:0% UP:0% SPREAD:0.06877579% BID:1.454 ASK:1.455 MID:1.4545 P1:1.4545 P2:1.4545 P3:NA P4:NA STATE:IDLE
[2026-05-04 20:27:20Z] CHK MOM:0% RANGE:0% UP:0% SPREAD:0.06877579% BID:1.454 ASK:1.455 MID:1.4545 P1:1.4545 P2:1.4545 P3:NA P4:NA STATE:IDLE
[2026-05-04 20:27:22Z] CHK MOM:0.06% RANGE:0.06% UP:50% SPREAD:0.06872852% BID:1.455 ASK:1.456 MID:1.4555 P1:1.4555 P2:1.4545 P3:1.4545 P4:NA STATE:IDLE
[2026-05-04 20:27:23Z] CHK MOM:0.06% RANGE:0.06% UP:33.33% SPREAD:0.06872852% BID:1.455 ASK:1.456 MID:1.4555 P1:1.4555 P2:1.4555 P3:1.4545 P4:1.4545 STATE:IDLE
[2026-05-04 20:27:24Z] CHK MOM:0.06% RANGE:0.06% UP:25% SPREAD:0.06872852% BID:1.455 ASK:1.456 MID:1.4555 P1:1.4555 P2:1.4555 P3:1.4555 P4:1.4545 STATE:IDLE
[2026-05-04 20:27:24Z] CHK MOM:0.06% RANGE:0.06% UP:20% SPREAD:0.06872852% BID:1.455 ASK:1.456 MID:1.4555 P1:1.4555 P2:1.4555 P3:1.4555 P4:1.4555 STATE:IDLE
[2026-05-04 20:27:25Z] CHK MOM:0.06% RANGE:0.06% UP:20% SPREAD:0.06872852% BID:1.455 ASK:1.456 MID:1.4555 P1:1.4555 P2:1.4555 P3:1.4555 P4:1.4555 STATE:IDLE
[2026-05-04 20:27:25Z] CHK MOM:0.06% RANGE:0.06% UP:20% SPREAD:0.06872852% BID:1.455 ASK:1.456 MID:1.4555 P1:1.4555 P2:1.4555 P3:1.4555 P4:1.4555 STATE:IDLE
[2026-05-04 20:27:26Z] CHK MOM:0.06% RANGE:0.06% UP:20% SPREAD:0.06872852% BID:1.455 ASK:1.456 MID:1.4555 P1:1.4555 P2:1.4555 P3:1.4555 P4:1.4555 STATE:IDLE
[2026-05-04 20:27:26Z] CHK MOM:0.06% RANGE:0.06% UP:20% SPREAD:0.06872852% BID:1.455 ASK:1.456 MID:1.4555 P1:1.4555 P2:1.4555 P3:1.4555 P4:1.4555 STATE:IDLE
[2026-05-04 20:27:27Z] CHK MOM:0% RANGE:0% UP:0% SPREAD:0.06872852% BID:1.455 ASK:1.456 MID:1.4555 P1:1.4555 P2:1.4555 P3:1.4555 P4:1.4555 STATE:IDLE
[2026-05-04 20:27:27Z] CHK MOM:0% RANGE:0% UP:0% SPREAD:0.06872852% BID:1.455 ASK:1.456 MID:1.4555 P1:1.4555 P2:1.4555 P3:1.4555 P4:1.4555 STATE:IDLE
[2026-05-04 20:27:28Z] CHK MOM:0% RANGE:0% UP:0% SPREAD:0.06872852% BID:1.455 ASK:1.456 MID:1.4555 P1:1.4555 P2:1.4555 P3:1.4555 P4:1.4555 STATE:IDLE
[2026-05-04 20:27:29Z] CHK MOM:0% RANGE:0% UP:0% SPREAD:0.06872852% BID:1.455 ASK:1.456 MID:1.4555 P1:1.4555 P2:1.4555 P3:1.4555 P4:1.4555 STATE:IDLE
[2026-05-04 20:27:29Z] CHK MOM:0% RANGE:0% UP:0% SPREAD:0.06872852% BID:1.455 ASK:1.456 MID:1.4555 P1:1.4555 P2:1.4555 P3:1.4555 P4:1.4555 STATE:IDLE
[2026-05-04 20:27:44Z] CHK MOM:0% RANGE:0% UP:0% SPREAD:0.06872852% BID:1.455 ASK:1.456 MID:1.4555 P1:1.4555 P2:1.4555 P3:1.4555 P4:1.4555 STATE:IDLE
[2026-05-04 20:27:45Z] CHK MOM:0% RANGE:0% UP:0% SPREAD:0.06872852% BID:1.455 ASK:1.456 MID:1.4555 P1:1.4555 P2:1.4555 P3:1.4555 P4:1.4555 STATE:IDLE
[2026-05-04 20:27:45Z] CHK MOM:0% RANGE:0% UP:0% SPREAD:0.06872852% BID:1.455 ASK:1.456 MID:1.4555 P1:1.4555 P2:1.4555 P3:1.4555 P4:1.4555 STATE:IDLE
[2026-05-04 20:27:46Z] CHK MOM:0% RANGE:0% UP:0% SPREAD:0.06872852% BID:1.455 ASK:1.456 MID:1.4555 P1:1.4555 P2:1.4555 P3:1.4555 P4:1.4555 STATE:IDLE
[2026-05-04 20:27:46Z] CHK MOM:0% RANGE:0% UP:0% SPREAD:0.06872852% BID:1.455 ASK:1.456 MID:1.4555 P1:1.4555 P2:1.4555 P3:1.4555 P4:1.4555 STATE:IDLE
[2026-05-04 20:27:47Z] CHK MOM:0% RANGE:0% UP:0% SPREAD:0.06872852% BID:1.455 ASK:1.456 MID:1.4555 P1:1.4555 P2:1.4555 P3:1.4555 P4:1.4555 STATE:IDLE
[2026-05-04 20:27:47Z] CHK MOM:0% RANGE:0% UP:0% SPREAD:0.06872852% BID:1.455 ASK:1.456 MID:1.4555 P1:1.4555 P2:1.4555 P3:1.4555 P4:1.4555 STATE:IDLE
[2026-05-04 20:27:48Z] CHK MOM:0% RANGE:0% UP:0% SPREAD:0.06872852% BID:1.455 ASK:1.456 MID:1.4555 P1:1.4555 P2:1.4555 P3:1.4555 P4:1.4555 STATE:IDLE
[2026-05-04 20:27:49Z] CHK MOM:0% RANGE:0% UP:0% SPREAD:0.06872852% BID:1.455 ASK:1.456 MID:1.4555 P1:1.4555 P2:1.4555 P3:1.4555 P4:1.4555 STATE:IDLE
[2026-05-04 20:27:50Z] CHK MOM:0% RANGE:0% UP:0% SPREAD:0.06872852% BID:1.455 ASK:1.456 MID:1.4555 P1:1.4555 P2:1.4555 P3:1.4555 P4:1.4555 STATE:IDLE
[2026-05-04 20:27:50Z] CHK MOM:0% RANGE:0% UP:0% SPREAD:0.06872852% BID:1.455 ASK:1.456 MID:1.4555 P1:1.4555 P2:1.4555 P3:1.4555 P4:1.4555 STATE:IDLE
[2026-05-04 20:27:51Z] CHK MOM:0% RANGE:0% UP:0% SPREAD:0.06872852% BID:1.455 ASK:1.456 MID:1.4555 P1:1.4555 P2:1.4555 P3:1.4555 P4:1.4555 STATE:IDLE
[2026-05-04 20:27:51Z] CHK MOM:-0.06% RANGE:0.06% UP:0% SPREAD:0.06877579% BID:1.454 ASK:1.455 MID:1.4545 P1:1.4545 P2:1.4555 P3:1.4555 P4:1.4555 STATE:IDLE
[2026-05-04 20:27:52Z] CHK MOM:-0.06% RANGE:0.06% UP:0% SPREAD:0.06877579% BID:1.454 ASK:1.455 MID:1.4545 P1:1.4545 P2:1.4545 P3:1.4555 P4:1.4555 STATE:IDLE
[2026-05-04 20:27:52Z] CHK MOM:-0.06% RANGE:0.06% UP:0% SPREAD:0.06877579% BID:1.454 ASK:1.455 MID:1.4545 P1:1.4545 P2:1.4545 P3:1.4545 P4:1.4555 STATE:IDLE
[2026-05-04 20:27:53Z] CHK MOM:-0.06% RANGE:0.06% UP:0% SPREAD:0.06877579% BID:1.454 ASK:1.455 MID:1.4545 P1:1.4545 P2:1.4545 P3:1.4545 P4:1.4555 STATE:IDLE
[2026-05-04 20:27:53Z] CHK MOM:-0.06% RANGE:0.06% UP:0% SPREAD:0.06877579% BID:1.454 ASK:1.455 MID:1.4545 P1:1.4545 P2:1.4545 P3:1.4545 P4:1.4545 STATE:IDLE
[2026-05-04 20:27:54Z] CHK MOM:-0.06% RANGE:0.06% UP:0% SPREAD:0.06877579% BID:1.454 ASK:1.455 MID:1.4545 P1:1.4545 P2:1.4545 P3:1.4545 P4:1.4545 STATE:IDLE
[2026-05-04 20:27:55Z] CHK MOM:-0.06% RANGE:0.06% UP:0% SPREAD:0.06877579% BID:1.454 ASK:1.455 MID:1.4545 P1:1.4545 P2:1.4545 P3:1.4545 P4:1.4545 STATE:IDLE
[2026-05-04 20:27:55Z] CHK MOM:-0.06% RANGE:0.06% UP:0% SPREAD:0.06877579% BID:1.454 ASK:1.455 MID:1.4545 P1:1.4545 P2:1.4545 P3:1.4545 P4:1.4545 STATE:IDLE
[2026-05-04 20:27:56Z] CHK MOM:-0.06% RANGE:0.06% UP:0% SPREAD:0.06877579% BID:1.454 ASK:1.455 MID:1.4545 P1:1.4545 P2:1.4545 P3:1.4545 P4:1.4545 STATE:IDLE
[2026-05-04 20:27:56Z] CHK MOM:-0.06% RANGE:0.06% UP:0% SPREAD:0.06877579% BID:1.454 ASK:1.455 MID:1.4545 P1:1.4545 P2:1.4545 P3:1.4545 P4:1.4545 STATE:IDLE
[2026-05-04 20:27:57Z] CHK MOM:-0.06% RANGE:0.06% UP:0% SPREAD:0.06877579% BID:1.454 ASK:1.455 MID:1.4545 P1:1.4545 P2:1.4545 P3:1.4545 P4:1.4545 STATE:IDLE
[2026-05-04 20:27:59Z] CHK MOM:-0.06% RANGE:0.06% UP:0% SPREAD:0.06882312% BID:1.453 ASK:1.454 MID:1.4535 P1:1.4535 P2:1.4545 P3:1.4545 P4:1.4545 STATE:IDLE
[2026-05-04 20:28:00Z] CHK MOM:-0.06% RANGE:0.06% UP:0% SPREAD:0.06882312% BID:1.453 ASK:1.454 MID:1.4535 P1:1.4535 P2:1.4545 P3:1.4545 P4:1.4545 STATE:IDLE
[2026-05-04 20:28:01Z] CHK MOM:0% RANGE:0.06% UP:25% SPREAD:0.06877579% BID:1.454 ASK:1.455 MID:1.4545 P1:1.4545 P2:1.4535 P3:1.4545 P4:1.4545 STATE:IDLE
[2026-05-04 20:28:01Z] CHK MOM:-0.06% RANGE:0.06% UP:25% SPREAD:0.06882312% BID:1.453 ASK:1.454 MID:1.4535 P1:1.4535 P2:1.4545 P3:1.4535 P4:1.4545 STATE:IDLE
[2026-05-04 20:28:02Z] CHK MOM:-0.06% RANGE:0.06% UP:20% SPREAD:0.06882312% BID:1.453 ASK:1.454 MID:1.4535 P1:1.4535 P2:1.4535 P3:1.4545 P4:1.4535 STATE:IDLE
[2026-05-04 20:28:02Z] CHK MOM:-0.06% RANGE:0.06% UP:20% SPREAD:0.06882312% BID:1.453 ASK:1.454 MID:1.4535 P1:1.4535 P2:1.4535 P3:1.4545 P4:1.4535 STATE:IDLE
[2026-05-04 20:28:03Z] CHK MOM:0% RANGE:0.06% UP:25% SPREAD:0.06882312% BID:1.453 ASK:1.454 MID:1.4535 P1:1.4535 P2:1.4535 P3:1.4535 P4:1.4545 STATE:IDLE
[2026-05-04 20:28:03Z] CHK MOM:0% RANGE:0.06% UP:20% SPREAD:0.06882312% BID:1.453 ASK:1.454 MID:1.4535 P1:1.4535 P2:1.4535 P3:1.4535 P4:1.4535 STATE:IDLE
[2026-05-04 20:28:04Z] CHK MOM:0% RANGE:0.06% UP:20% SPREAD:0.06882312% BID:1.453 ASK:1.454 MID:1.4535 P1:1.4535 P2:1.4535 P3:1.4535 P4:1.4535 STATE:IDLE
[2026-05-04 20:28:04Z] CHK MOM:0% RANGE:0.06% UP:20% SPREAD:0.06882312% BID:1.453 ASK:1.454 MID:1.4535 P1:1.4535 P2:1.4535 P3:1.4535 P4:1.4535 STATE:IDLE
[2026-05-04 20:28:05Z] CHK MOM:0% RANGE:0.06% UP:20% SPREAD:0.06882312% BID:1.453 ASK:1.454 MID:1.4535 P1:1.4535 P2:1.4535 P3:1.4535 P4:1.4535 STATE:IDLE
[2026-05-04 20:28:06Z] CHK MOM:0% RANGE:0.06% UP:20% SPREAD:0.06882312% BID:1.453 ASK:1.454 MID:1.4535 P1:1.4535 P2:1.4535 P3:1.4535 P4:1.4535 STATE:IDLE
[2026-05-04 20:28:09Z] CHK MOM:0% RANGE:0% UP:0% SPREAD:0.06882312% BID:1.453 ASK:1.454 MID:1.4535 P1:1.4535 P2:1.4535 P3:1.4535 P4:1.4535 STATE:IDLE
[2026-05-04 20:28:09Z] CHK MOM:0% RANGE:0% UP:0% SPREAD:0.06882312% BID:1.453 ASK:1.454 MID:1.4535 P1:1.4535 P2:1.4535 P3:1.4535 P4:1.4535 STATE:IDLE
[2026-05-04 20:28:10Z] CHK MOM:0% RANGE:0% UP:0% SPREAD:0.06882312% BID:1.453 ASK:1.454 MID:1.4535 P1:1.4535 P2:1.4535 P3:1.4535 P4:1.4535 STATE:IDLE
[2026-05-04 20:28:10Z] CHK MOM:0% RANGE:0% UP:0% SPREAD:0.06882312% BID:1.453 ASK:1.454 MID:1.4535 P1:1.4535 P2:1.4535 P3:1.4535 P4:1.4535 STATE:IDLE
[2026-05-04 20:28:11Z] CHK MOM:0% RANGE:0% UP:0% SPREAD:0.06882312% BID:1.453 ASK:1.454 MID:1.4535 P1:1.4535 P2:1.4535 P3:1.4535 P4:1.4535 STATE:IDLE
[2026-05-04 20:28:15Z] CHK MOM:0% RANGE:0% UP:0% SPREAD:0.06882312% BID:1.453 ASK:1.454 MID:1.4535 P1:1.4535 P2:1.4535 P3:1.4535 P4:1.4535 STATE:IDLE
[2026-05-04 20:28:16Z] CHK MOM:0% RANGE:0% UP:0% SPREAD:0.06882312% BID:1.453 ASK:1.454 MID:1.4535 P1:1.4535 P2:1.4535 P3:1.4535 P4:1.4535 STATE:IDLE
[2026-05-04 20:28:17Z] CHK MOM:0% RANGE:0% UP:0% SPREAD:0.06882312% BID:1.453 ASK:1.454 MID:1.4535 P1:1.4535 P2:1.4535 P3:1.4535 P4:1.4535 STATE:IDLE
[2026-05-04 20:28:17Z] CHK MOM:0% RANGE:0% UP:0% SPREAD:0.06882312% BID:1.453 ASK:1.454 MID:1.4535 P1:1.4535 P2:1.4535 P3:1.4535 P4:1.4535 STATE:IDLE
[2026-05-04 20:28:18Z] CHK MOM:0% RANGE:0% UP:0% SPREAD:0.06882312% BID:1.453 ASK:1.454 MID:1.4535 P1:1.4535 P2:1.4535 P3:1.4535 P4:1.4535 STATE:IDLE
[2026-05-04 20:28:18Z] CHK MOM:0% RANGE:0% UP:0% SPREAD:0.06882312% BID:1.453 ASK:1.454 MID:1.4535 P1:1.4535 P2:1.4535 P3:1.4535 P4:1.4535 STATE:IDLE
[2026-05-04 20:28:19Z] CHK MOM:0% RANGE:0% UP:0% SPREAD:0.06882312% BID:1.453 ASK:1.454 MID:1.4535 P1:1.4535 P2:1.4535 P3:1.4535 P4:1.4535 STATE:IDLE
[2026-05-04 20:28:19Z] CHK MOM:0% RANGE:0% UP:0% SPREAD:0.06882312% BID:1.453 ASK:1.454 MID:1.4535 P1:1.4535 P2:1.4535 P3:1.4535 P4:1.4535 STATE:IDLE
[2026-05-04 20:28:20Z] CHK MOM:0% RANGE:0% UP:0% SPREAD:0.06882312% BID:1.453 ASK:1.454 MID:1.4535 P1:1.4535 P2:1.4535 P3:1.4535 P4:1.4535 STATE:IDLE
[2026-05-04 20:28:20Z] CHK MOM:0% RANGE:0% UP:0% SPREAD:0.06882312% BID:1.453 ASK:1.454 MID:1.4535 P1:1.4535 P2:1.4535 P3:1.4535 P4:1.4535 STATE:IDLE
[2026-05-04 20:28:21Z] CHK MOM:0.06% RANGE:0.06% UP:25% SPREAD:0.06877579% BID:1.454 ASK:1.455 MID:1.4545 P1:1.4545 P2:1.4535 P3:1.4535 P4:1.4535 STATE:IDLE
[2026-05-04 20:28:21Z] CHK MOM:0.06% RANGE:0.06% UP:25% SPREAD:0.06877579% BID:1.454 ASK:1.455 MID:1.4545 P1:1.4545 P2:1.4535 P3:1.4535 P4:1.4535 STATE:IDLE
[2026-05-04 20:28:22Z] CHK MOM:0.06% RANGE:0.06% UP:25% SPREAD:0.06877579% BID:1.454 ASK:1.455 MID:1.4545 P1:1.4545 P2:1.4535 P3:1.4535 P4:1.4535 STATE:IDLE
[2026-05-04 20:28:23Z] CHK MOM:0.06% RANGE:0.06% UP:20% SPREAD:0.06877579% BID:1.454 ASK:1.455 MID:1.4545 P1:1.4545 P2:1.4545 P3:1.4535 P4:1.4535 STATE:IDLE
[2026-05-04 20:28:23Z] CHK MOM:0.06% RANGE:0.06% UP:16.66% SPREAD:0.06877579% BID:1.454 ASK:1.455 MID:1.4545 P1:1.4545 P2:1.4545 P3:1.4545 P4:1.4535 STATE:IDLE
[2026-05-04 20:28:24Z] CHK MOM:0.13% RANGE:0.13% UP:33.33% SPREAD:0.06872852% BID:1.455 ASK:1.456 MID:1.4555 P1:1.4555 P2:1.4545 P3:1.4545 P4:1.4545 STATE:IDLE
[2026-05-04 20:28:24Z] CHK MOM:0.13% RANGE:0.13% UP:33.33% SPREAD:0.06872852% BID:1.455 ASK:1.456 MID:1.4555 P1:1.4555 P2:1.4545 P3:1.4545 P4:1.4545 STATE:IDLE
[2026-05-04 20:28:25Z] CHK MOM:0.13% RANGE:0.13% UP:33.33% SPREAD:0.06872852% BID:1.455 ASK:1.456 MID:1.4555 P1:1.4555 P2:1.4545 P3:1.4545 P4:1.4545 STATE:IDLE
[2026-05-04 20:28:25Z] CHK MOM:0.13% RANGE:0.13% UP:33.33% SPREAD:0.06872852% BID:1.455 ASK:1.456 MID:1.4555 P1:1.4555 P2:1.4555 P3:1.4545 P4:1.4545 STATE:IDLE
[2026-05-04 20:28:26Z] CHK MOM:0.13% RANGE:0.13% UP:28.57% SPREAD:0.06872852% BID:1.455 ASK:1.456 MID:1.4555 P1:1.4555 P2:1.4555 P3:1.4555 P4:1.4545 STATE:IDLE
[2026-05-04 20:28:26Z] CHK MOM:0.13% RANGE:0.13% UP:28.57% SPREAD:0.06872852% BID:1.455 ASK:1.456 MID:1.4555 P1:1.4555 P2:1.4555 P3:1.4555 P4:1.4555 STATE:IDLE
[2026-05-04 20:28:27Z] CHK MOM:0.13% RANGE:0.13% UP:28.57% SPREAD:0.06872852% BID:1.455 ASK:1.456 MID:1.4555 P1:1.4555 P2:1.4555 P3:1.4555 P4:1.4555 STATE:IDLE
[2026-05-04 20:28:28Z] CHK MOM:0.13% RANGE:0.13% UP:28.57% SPREAD:0.06872852% BID:1.455 ASK:1.456 MID:1.4555 P1:1.4555 P2:1.4555 P3:1.4555 P4:1.4555 STATE:IDLE
[2026-05-04 20:28:28Z] CHK MOM:0.13% RANGE:0.13% UP:28.57% SPREAD:0.06872852% BID:1.455 ASK:1.456 MID:1.4555 P1:1.4555 P2:1.4555 P3:1.4555 P4:1.4555 STATE:IDLE
[2026-05-04 20:28:29Z] CHK MOM:0.13% RANGE:0.13% UP:28.57% SPREAD:0.06872852% BID:1.455 ASK:1.456 MID:1.4555 P1:1.4555 P2:1.4555 P3:1.4555 P4:1.4555 STATE:IDLE
[2026-05-04 20:28:29Z] CHK MOM:0.06% RANGE:0.06% UP:16.66% SPREAD:0.06872852% BID:1.455 ASK:1.456 MID:1.4555 P1:1.4555 P2:1.4555 P3:1.4555 P4:1.4555 STATE:IDLE
[2026-05-04 20:28:30Z] CHK MOM:0.06% RANGE:0.06% UP:14.28% SPREAD:0.06872852% BID:1.455 ASK:1.456 MID:1.4555 P1:1.4555 P2:1.4555 P3:1.4555 P4:1.4555 STATE:IDLE
[2026-05-04 20:28:30Z] CHK MOM:0.06% RANGE:0.06% UP:14.28% SPREAD:0.06872852% BID:1.455 ASK:1.456 MID:1.4555 P1:1.4555 P2:1.4555 P3:1.4555 P4:1.4555 STATE:IDLE
[2026-05-04 20:28:31Z] CHK MOM:0.06% RANGE:0.06% UP:14.28% SPREAD:0.06872852% BID:1.455 ASK:1.456 MID:1.4555 P1:1.4555 P2:1.4555 P3:1.4555 P4:1.4555 STATE:IDLE
[2026-05-04 20:28:31Z] CHK MOM:0.06% RANGE:0.06% UP:14.28% SPREAD:0.06872852% BID:1.455 ASK:1.456 MID:1.4555 P1:1.4555 P2:1.4555 P3:1.4555 P4:1.4555 STATE:IDLE
[2026-05-04 20:28:32Z] CHK MOM:0.06% RANGE:0.06% UP:14.28% SPREAD:0.06872852% BID:1.455 ASK:1.456 MID:1.4555 P1:1.4555 P2:1.4555 P3:1.4555 P4:1.4555 STATE:IDLE
[2026-05-04 20:28:32Z] CHK MOM:0.06% RANGE:0.06% UP:14.28% SPREAD:0.06872852% BID:1.455 ASK:1.456 MID:1.4555 P1:1.4555 P2:1.4555 P3:1.4555 P4:1.4555 STATE:IDLE
[2026-05-04 20:28:33Z] CHK MOM:0% RANGE:0% UP:0% SPREAD:0.06872852% BID:1.455 ASK:1.456 MID:1.4555 P1:1.4555 P2:1.4555 P3:1.4555 P4:1.4555 STATE:IDLE
[2026-05-04 20:28:34Z] CHK MOM:0% RANGE:0% UP:0% SPREAD:0.06872852% BID:1.455 ASK:1.456 MID:1.4555 P1:1.4555 P2:1.4555 P3:1.4555 P4:1.4555 STATE:IDLE
[2026-05-04 20:28:34Z] CHK MOM:0% RANGE:0% UP:0% SPREAD:0.06872852% BID:1.455 ASK:1.456 MID:1.4555 P1:1.4555 P2:1.4555 P3:1.4555 P4:1.4555 STATE:IDLE
[2026-05-04 20:28:35Z] CHK MOM:0% RANGE:0% UP:0% SPREAD:0.06872852% BID:1.455 ASK:1.456 MID:1.4555 P1:1.4555 P2:1.4555 P3:1.4555 P4:1.4555 STATE:IDLE
[2026-05-04 20:28:35Z] CHK MOM:0% RANGE:0% UP:0% SPREAD:0.06872852% BID:1.455 ASK:1.456 MID:1.4555 P1:1.4555 P2:1.4555 P3:1.4555 P4:1.4555 STATE:IDLE
[2026-05-04 20:28:39Z] CHK MOM:0.06% RANGE:0.06% UP:100% SPREAD:0.06868131% BID:1.456 ASK:1.457 MID:1.4565 P1:1.4565 P2:1.4555 P3:1.4555 P4:1.4555 STATE:IDLE
[2026-05-04 20:28:39Z] CHK MOM:0.06% RANGE:0.06% UP:100% SPREAD:0.06868131% BID:1.456 ASK:1.457 MID:1.4565 P1:1.4565 P2:1.4555 P3:1.4555 P4:1.4555 STATE:IDLE
[2026-05-04 20:28:40Z] CHK MOM:0.06% RANGE:0.06% UP:50% SPREAD:0.06868131% BID:1.456 ASK:1.457 MID:1.4565 P1:1.4565 P2:1.4565 P3:1.4555 P4:1.4555 STATE:IDLE
[2026-05-04 20:28:40Z] CHK MOM:0.06% RANGE:0.06% UP:33.33% SPREAD:0.06868131% BID:1.456 ASK:1.457 MID:1.4565 P1:1.4565 P2:1.4565 P3:1.4565 P4:1.4555 STATE:IDLE
[2026-05-04 20:28:41Z] CHK MOM:0.06% RANGE:0.06% UP:25% SPREAD:0.06868131% BID:1.456 ASK:1.457 MID:1.4565 P1:1.4565 P2:1.4565 P3:1.4565 P4:1.4565 STATE:IDLE
[2026-05-04 20:28:41Z] CHK MOM:0.06% RANGE:0.06% UP:25% SPREAD:0.06868131% BID:1.456 ASK:1.457 MID:1.4565 P1:1.4565 P2:1.4565 P3:1.4565 P4:1.4565 STATE:IDLE
[2026-05-04 20:28:42Z] CHK MOM:0% RANGE:0% UP:0% SPREAD:0.06868131% BID:1.456 ASK:1.457 MID:1.4565 P1:1.4565 P2:1.4565 P3:1.4565 P4:1.4565 STATE:IDLE
[2026-05-04 20:28:42Z] CHK MOM:0% RANGE:0% UP:0% SPREAD:0.06868131% BID:1.456 ASK:1.457 MID:1.4565 P1:1.4565 P2:1.4565 P3:1.4565 P4:1.4565 STATE:IDLE
[2026-05-04 20:28:43Z] CHK MOM:0% RANGE:0% UP:0% SPREAD:0.06868131% BID:1.456 ASK:1.457 MID:1.4565 P1:1.4565 P2:1.4565 P3:1.4565 P4:1.4565 STATE:IDLE
[2026-05-04 20:28:43Z] CHK MOM:0% RANGE:0% UP:0% SPREAD:0.06868131% BID:1.456 ASK:1.457 MID:1.4565 P1:1.4565 P2:1.4565 P3:1.4565 P4:1.4565 STATE:IDLE
[2026-05-04 20:28:44Z] CHK MOM:0.27% RANGE:0.27% UP:20% SPREAD:0.06849315% BID:1.46 ASK:1.461 MID:1.4605 P1:1.4605 P2:1.4565 P3:1.4565 P4:1.4565 STATE:IDLE
[2026-05-04 20:28:45Z] BURST_TRIGGER ret=0.2747% need=0.2740% vel=0.0741%/s eff=1.000 pressure=999.00 drop=0.0000% dt=3.709s
[2026-05-04 20:28:46Z] BUY symbol=TONUSDC qty=6.66 entry=1.46 mode=BURST reason=BURST ret=0.2747% vel=0.0741%/s eff=1.000 pressure=999.00 drop=0.0000% P1=1.4605000000000001 P2=1.4565000000000001 P3=1.4565000000000001 P4=1.4565000000000001
[2026-05-04 20:28:46Z] CHK MOM:0.2% RANGE:0.27% UP:16.66% SPREAD:0.06854009% BID:1.459 ASK:1.46 MID:1.4595 P1:1.4595 P2:1.4605 P3:1.4565 P4:1.4565 STATE:IN_POS
[2026-05-04 20:28:46Z] CHK MOM:0.2% RANGE:0.27% UP:14.28% SPREAD:0.06854009% BID:1.459 ASK:1.46 MID:1.4595 P1:1.4595 P2:1.4595 P3:1.4605 P4:1.4565 STATE:IN_POS
[2026-05-04 20:28:47Z] CHK MOM:0.2% RANGE:0.27% UP:14.28% SPREAD:0.06854009% BID:1.459 ASK:1.46 MID:1.4595 P1:1.4595 P2:1.4595 P3:1.4605 P4:1.4565 STATE:IN_POS
[2026-05-04 20:28:47Z] CHK MOM:0.2% RANGE:0.27% UP:14.28% SPREAD:0.06854009% BID:1.459 ASK:1.46 MID:1.4595 P1:1.4595 P2:1.4595 P3:1.4605 P4:1.4565 STATE:IN_POS
[2026-05-04 20:28:48Z] CHK MOM:0.2% RANGE:0.27% UP:14.28% SPREAD:0.06854009% BID:1.459 ASK:1.46 MID:1.4595 P1:1.4595 P2:1.4595 P3:1.4605 P4:1.4565 STATE:IN_POS
[2026-05-04 20:28:48Z] CHK MOM:0.2% RANGE:0.27% UP:14.28% SPREAD:0.06854009% BID:1.459 ASK:1.46 MID:1.4595 P1:1.4595 P2:1.4595 P3:1.4605 P4:1.4565 STATE:IN_POS
[2026-05-04 20:28:49Z] CHK MOM:0.13% RANGE:0.27% UP:25% SPREAD:0.0685871% BID:1.458 ASK:1.459 MID:1.4585 P1:1.4585 P2:1.4595 P3:1.4595 P4:1.4605 STATE:IN_POS
[2026-05-04 20:28:50Z] CHK MOM:-0.13% RANGE:0.13% UP:0% SPREAD:0.0685871% BID:1.458 ASK:1.459 MID:1.4585 P1:1.4585 P2:1.4585 P3:1.4595 P4:1.4595 STATE:IN_POS
[2026-05-04 20:28:50Z] CHK MOM:0.2% RANGE:0.34% UP:20% SPREAD:0.06835269% BID:1.463 ASK:1.464 MID:1.4635 P1:1.4635 P2:1.4585 P3:1.4585 P4:1.4595 STATE:IN_POS
[2026-05-04 20:28:51Z] CHK MOM:0.2% RANGE:0.34% UP:16.66% SPREAD:0.06835269% BID:1.463 ASK:1.464 MID:1.4635 P1:1.4635 P2:1.4635 P3:1.4585 P4:1.4585 STATE:IN_POS
[2026-05-04 20:28:51Z] CHK MOM:0.2% RANGE:0.34% UP:14.28% SPREAD:0.06835269% BID:1.463 ASK:1.464 MID:1.4635 P1:1.4635 P2:1.4635 P3:1.4635 P4:1.4585 STATE:IN_POS
[2026-05-04 20:28:52Z] CHK MOM:0.27% RANGE:0.34% UP:14.28% SPREAD:0.06835269% BID:1.463 ASK:1.464 MID:1.4635 P1:1.4635 P2:1.4635 P3:1.4635 P4:1.4635 STATE:IN_POS
[2026-05-04 20:28:52Z] CHK MOM:0.2% RANGE:0.34% UP:12.5% SPREAD:0.06839945% BID:1.462 ASK:1.463 MID:1.4625 P1:1.4625 P2:1.4635 P3:1.4635 P4:1.4635 STATE:IN_POS
[2026-05-04 20:28:53Z] CHK MOM:0.2% RANGE:0.34% UP:11.11% SPREAD:0.06839945% BID:1.462 ASK:1.463 MID:1.4625 P1:1.4625 P2:1.4625 P3:1.4635 P4:1.4635 STATE:IN_POS
[2026-05-04 20:28:53Z] CHK MOM:0.2% RANGE:0.34% UP:11.11% SPREAD:0.06839945% BID:1.462 ASK:1.463 MID:1.4625 P1:1.4625 P2:1.4625 P3:1.4635 P4:1.4635 STATE:IN_POS
[2026-05-04 20:28:54Z] CHK MOM:0.2% RANGE:0.34% UP:11.11% SPREAD:0.06839945% BID:1.462 ASK:1.463 MID:1.4625 P1:1.4625 P2:1.4625 P3:1.4625 P4:1.4635 STATE:IN_POS
[2026-05-04 20:28:55Z] CHK MOM:0.2% RANGE:0.34% UP:10% SPREAD:0.06839945% BID:1.462 ASK:1.463 MID:1.4625 P1:1.4625 P2:1.4625 P3:1.4625 P4:1.4625 STATE:IN_POS
[2026-05-04 20:28:55Z] BURST_HANDOFF age=8.97s ext=0.2055% loss=0.0000% peak=1.46300000 stop=1.44800000 protect=0 trail=0
[2026-05-04 20:28:55Z] CHK MOM:0.2% RANGE:0.34% UP:10% SPREAD:0.06844626% BID:1.461 ASK:1.462 MID:1.4615 P1:1.4615 P2:1.4625 P3:1.4625 P4:1.4625 STATE:IN_POS
[2026-05-04 20:28:56Z] CHK MOM:0.2% RANGE:0.34% UP:9.09% SPREAD:0.06844626% BID:1.461 ASK:1.462 MID:1.4615 P1:1.4615 P2:1.4615 P3:1.4625 P4:1.4625 STATE:IN_POS
[2026-05-04 20:28:56Z] CHK MOM:0.2% RANGE:0.34% UP:9.09% SPREAD:0.06844626% BID:1.461 ASK:1.462 MID:1.4615 P1:1.4615 P2:1.4615 P3:1.4625 P4:1.4625 STATE:IN_POS
[2026-05-04 20:28:57Z] CHK MOM:0.2% RANGE:0.34% UP:8.33% SPREAD:0.06844626% BID:1.461 ASK:1.462 MID:1.4615 P1:1.4615 P2:1.4615 P3:1.4615 P4:1.4625 STATE:IN_POS
[2026-05-04 20:28:57Z] CHK MOM:0.13% RANGE:0.34% UP:8.33% SPREAD:0.06849315% BID:1.46 ASK:1.461 MID:1.4605 P1:1.4605 P2:1.4615 P3:1.4615 P4:1.4615 STATE:IN_POS
[2026-05-04 20:28:58Z] CHK MOM:0.13% RANGE:0.34% UP:8.33% SPREAD:0.06849315% BID:1.46 ASK:1.461 MID:1.4605 P1:1.4605 P2:1.4615 P3:1.4615 P4:1.4615 STATE:IN_POS
[2026-05-04 20:28:58Z] CHK MOM:0.13% RANGE:0.34% UP:8.33% SPREAD:0.06849315% BID:1.46 ASK:1.461 MID:1.4605 P1:1.4605 P2:1.4615 P3:1.4615 P4:1.4615 STATE:IN_POS
[2026-05-04 20:28:59Z] CHK MOM:0.13% RANGE:0.34% UP:8.33% SPREAD:0.06849315% BID:1.46 ASK:1.461 MID:1.4605 P1:1.4605 P2:1.4615 P3:1.4615 P4:1.4615 STATE:IN_POS
[2026-05-04 20:29:01Z] CHK MOM:-0.2% RANGE:0.2% UP:0% SPREAD:0.06849315% BID:1.46 ASK:1.461 MID:1.4605 P1:1.4605 P2:1.4605 P3:1.4615 P4:1.4615 STATE:IN_POS
[2026-05-04 20:29:01Z] CHK MOM:-0.13% RANGE:0.13% UP:0% SPREAD:0.06849315% BID:1.46 ASK:1.461 MID:1.4605 P1:1.4605 P2:1.4605 P3:1.4605 P4:1.4615 STATE:IN_POS
[2026-05-04 20:29:02Z] CHK MOM:-0.13% RANGE:0.13% UP:0% SPREAD:0.06849315% BID:1.46 ASK:1.461 MID:1.4605 P1:1.4605 P2:1.4605 P3:1.4605 P4:1.4605 STATE:IN_POS
[2026-05-04 20:29:02Z] CHK MOM:-0.06% RANGE:0.06% UP:0% SPREAD:0.06849315% BID:1.46 ASK:1.461 MID:1.4605 P1:1.4605 P2:1.4605 P3:1.4605 P4:1.4605 STATE:IN_POS
[2026-05-04 20:29:03Z] CHK MOM:-0.06% RANGE:0.06% UP:0% SPREAD:0.06849315% BID:1.46 ASK:1.461 MID:1.4605 P1:1.4605 P2:1.4605 P3:1.4605 P4:1.4605 STATE:IN_POS
[2026-05-04 20:29:03Z] CHK MOM:-0.06% RANGE:0.06% UP:0% SPREAD:0.06849315% BID:1.46 ASK:1.461 MID:1.4605 P1:1.4605 P2:1.4605 P3:1.4605 P4:1.4605 STATE:IN_POS
[2026-05-04 20:29:04Z] CHK MOM:-0.06% RANGE:0.06% UP:0% SPREAD:0.06849315% BID:1.46 ASK:1.461 MID:1.4605 P1:1.4605 P2:1.4605 P3:1.4605 P4:1.4605 STATE:IN_POS
[2026-05-04 20:29:04Z] CHK MOM:-0.06% RANGE:0.06% UP:0% SPREAD:0.06849315% BID:1.46 ASK:1.461 MID:1.4605 P1:1.4605 P2:1.4605 P3:1.4605 P4:1.4605 STATE:IN_POS
[2026-05-04 20:29:05Z] CHK MOM:-0.06% RANGE:0.06% UP:0% SPREAD:0.06849315% BID:1.46 ASK:1.461 MID:1.4605 P1:1.4605 P2:1.4605 P3:1.4605 P4:1.4605 STATE:IN_POS
[2026-05-04 20:29:05Z] CHK MOM:0% RANGE:0% UP:0% SPREAD:0.06849315% BID:1.46 ASK:1.461 MID:1.4605 P1:1.4605 P2:1.4605 P3:1.4605 P4:1.4605 STATE:IN_POS
[2026-05-04 20:29:06Z] CHK MOM:0% RANGE:0% UP:0% SPREAD:0.06849315% BID:1.46 ASK:1.461 MID:1.4605 P1:1.4605 P2:1.4605 P3:1.4605 P4:1.4605 STATE:IN_POS
[2026-05-04 20:29:07Z] CHK MOM:0% RANGE:0% UP:0% SPREAD:0.06849315% BID:1.46 ASK:1.461 MID:1.4605 P1:1.4605 P2:1.4605 P3:1.4605 P4:1.4605 STATE:IN_POS
[2026-05-04 20:29:07Z] CHK MOM:0% RANGE:0% UP:0% SPREAD:0.06849315% BID:1.46 ASK:1.461 MID:1.4605 P1:1.4605 P2:1.4605 P3:1.4605 P4:1.4605 STATE:IN_POS
[2026-05-04 20:29:08Z] CHK MOM:0% RANGE:0% UP:0% SPREAD:0.06849315% BID:1.46 ASK:1.461 MID:1.4605 P1:1.4605 P2:1.4605 P3:1.4605 P4:1.4605 STATE:IN_POS
[2026-05-04 20:29:08Z] CHK MOM:0% RANGE:0% UP:0% SPREAD:0.06849315% BID:1.46 ASK:1.461 MID:1.4605 P1:1.4605 P2:1.4605 P3:1.4605 P4:1.4605 STATE:IN_POS
[2026-05-04 20:29:09Z] CHK MOM:0% RANGE:0% UP:0% SPREAD:0.06849315% BID:1.46 ASK:1.461 MID:1.4605 P1:1.4605 P2:1.4605 P3:1.4605 P4:1.4605 STATE:IN_POS
[2026-05-04 20:29:09Z] CHK MOM:0% RANGE:0% UP:0% SPREAD:0.06849315% BID:1.46 ASK:1.461 MID:1.4605 P1:1.4605 P2:1.4605 P3:1.4605 P4:1.4605 STATE:IN_POS
[2026-05-04 20:29:10Z] CHK MOM:0% RANGE:0% UP:0% SPREAD:0.06849315% BID:1.46 ASK:1.461 MID:1.4605 P1:1.4605 P2:1.4605 P3:1.4605 P4:1.4605 STATE:IN_POS
[2026-05-04 20:29:10Z] CHK MOM:0% RANGE:0% UP:0% SPREAD:0.06849315% BID:1.46 ASK:1.461 MID:1.4605 P1:1.4605 P2:1.4605 P3:1.4605 P4:1.4605 STATE:IN_POS
[2026-05-04 20:29:11Z] CHK MOM:0% RANGE:0% UP:0% SPREAD:0.06849315% BID:1.46 ASK:1.461 MID:1.4605 P1:1.4605 P2:1.4605 P3:1.4605 P4:1.4605 STATE:IN_POS
[2026-05-04 20:29:12Z] CHK MOM:0% RANGE:0% UP:0% SPREAD:0.06849315% BID:1.46 ASK:1.461 MID:1.4605 P1:1.4605 P2:1.4605 P3:1.4605 P4:1.4605 STATE:IN_POS
[2026-05-04 20:29:12Z] CHK MOM:0% RANGE:0% UP:0% SPREAD:0.06849315% BID:1.46 ASK:1.461 MID:1.4605 P1:1.4605 P2:1.4605 P3:1.4605 P4:1.4605 STATE:IN_POS
[2026-05-04 20:29:13Z] CHK MOM:0% RANGE:0% UP:0% SPREAD:0.06849315% BID:1.46 ASK:1.461 MID:1.4605 P1:1.4605 P2:1.4605 P3:1.4605 P4:1.4605 STATE:IN_POS
[2026-05-04 20:29:13Z] CHK MOM:0% RANGE:0% UP:0% SPREAD:0.06849315% BID:1.46 ASK:1.461 MID:1.4605 P1:1.4605 P2:1.4605 P3:1.4605 P4:1.4605 STATE:IN_POS
[2026-05-04 20:29:14Z] CHK MOM:0% RANGE:0% UP:0% SPREAD:0.06849315% BID:1.46 ASK:1.461 MID:1.4605 P1:1.4605 P2:1.4605 P3:1.4605 P4:1.4605 STATE:IN_POS
[2026-05-04 20:29:14Z] CHK MOM:0% RANGE:0% UP:0% SPREAD:0.06849315% BID:1.46 ASK:1.461 MID:1.4605 P1:1.4605 P2:1.4605 P3:1.4605 P4:1.4605 STATE:IN_POS
[2026-05-04 20:29:16Z] CHK MOM:0% RANGE:0% UP:0% SPREAD:0.06849315% BID:1.46 ASK:1.461 MID:1.4605 P1:1.4605 P2:1.4605 P3:1.4605 P4:1.4605 STATE:IN_POS
[2026-05-04 20:29:16Z] CHK MOM:0% RANGE:0% UP:0% SPREAD:0.06849315% BID:1.46 ASK:1.461 MID:1.4605 P1:1.4605 P2:1.4605 P3:1.4605 P4:1.4605 STATE:IN_POS
[2026-05-04 20:29:17Z] CHK MOM:0% RANGE:0% UP:0% SPREAD:0.06849315% BID:1.46 ASK:1.461 MID:1.4605 P1:1.4605 P2:1.4605 P3:1.4605 P4:1.4605 STATE:IN_POS
[2026-05-04 20:29:18Z] CHK MOM:0% RANGE:0% UP:0% SPREAD:0.06849315% BID:1.46 ASK:1.461 MID:1.4605 P1:1.4605 P2:1.4605 P3:1.4605 P4:1.4605 STATE:IN_POS
[2026-05-04 20:29:18Z] CHK MOM:0% RANGE:0% UP:0% SPREAD:0.06849315% BID:1.46 ASK:1.461 MID:1.4605 P1:1.4605 P2:1.4605 P3:1.4605 P4:1.4605 STATE:IN_POS
[2026-05-04 20:29:19Z] CHK MOM:0% RANGE:0% UP:0% SPREAD:0.06849315% BID:1.46 ASK:1.461 MID:1.4605 P1:1.4605 P2:1.4605 P3:1.4605 P4:1.4605 STATE:IN_POS
[2026-05-04 20:29:19Z] CHK MOM:0% RANGE:0% UP:0% SPREAD:0.06849315% BID:1.46 ASK:1.461 MID:1.4605 P1:1.4605 P2:1.4605 P3:1.4605 P4:1.4605 STATE:IN_POS
[2026-05-04 20:29:20Z] CHK MOM:0% RANGE:0% UP:0% SPREAD:0.06849315% BID:1.46 ASK:1.461 MID:1.4605 P1:1.4605 P2:1.4605 P3:1.4605 P4:1.4605 STATE:IN_POS
[2026-05-04 20:29:20Z] CHK MOM:0% RANGE:0% UP:0% SPREAD:0.06849315% BID:1.46 ASK:1.461 MID:1.4605 P1:1.4605 P2:1.4605 P3:1.4605 P4:1.4605 STATE:IN_POS
[2026-05-04 20:29:21Z] CHK MOM:0% RANGE:0% UP:0% SPREAD:0.06849315% BID:1.46 ASK:1.461 MID:1.4605 P1:1.4605 P2:1.4605 P3:1.4605 P4:1.4605 STATE:IN_POS
[2026-05-04 20:29:21Z] CHK MOM:0.06% RANGE:0.06% UP:20% SPREAD:0.06844626% BID:1.461 ASK:1.462 MID:1.4615 P1:1.4615 P2:1.4605 P3:1.4605 P4:1.4605 STATE:IN_POS
[2026-05-04 20:29:22Z] CHK MOM:0.06% RANGE:0.06% UP:16.66% SPREAD:0.06844626% BID:1.461 ASK:1.462 MID:1.4615 P1:1.4615 P2:1.4615 P3:1.4605 P4:1.4605 STATE:IN_POS
[2026-05-04 20:29:23Z] CHK MOM:0.03% RANGE:0.06% UP:16.66% SPREAD:0.1369863% BID:1.46 ASK:1.462 MID:1.46099999 P1:1.46099999 P2:1.4615 P3:1.4615 P4:1.4605 STATE:IN_POS
[2026-05-04 20:29:23Z] CHK MOM:-0.06% RANGE:0.13% UP:16.66% SPREAD:0.06854009% BID:1.459 ASK:1.46 MID:1.4595 P1:1.4595 P2:1.46099999 P3:1.4615 P4:1.4615 STATE:IN_POS
[2026-05-04 20:29:24Z] CHK MOM:-0.06% RANGE:0.13% UP:14.28% SPREAD:0.06854009% BID:1.459 ASK:1.46 MID:1.4595 P1:1.4595 P2:1.4595 P3:1.46099999 P4:1.4615 STATE:IN_POS
[2026-05-04 20:29:24Z] CHK MOM:-0.06% RANGE:0.13% UP:12.5% SPREAD:0.06854009% BID:1.459 ASK:1.46 MID:1.4595 P1:1.4595 P2:1.4595 P3:1.4595 P4:1.46099999 STATE:IN_POS
[2026-05-04 20:29:25Z] CHK MOM:-0.06% RANGE:0.13% UP:12.5% SPREAD:0.06854009% BID:1.459 ASK:1.46 MID:1.4595 P1:1.4595 P2:1.4595 P3:1.4595 P4:1.46099999 STATE:IN_POS
[2026-05-04 20:29:25Z] CHK MOM:-0.06% RANGE:0.13% UP:12.5% SPREAD:0.06854009% BID:1.459 ASK:1.46 MID:1.4595 P1:1.4595 P2:1.4595 P3:1.4595 P4:1.46099999 STATE:IN_POS
[2026-05-04 20:29:26Z] CHK MOM:-0.06% RANGE:0.13% UP:14.28% SPREAD:0.06854009% BID:1.459 ASK:1.46 MID:1.4595 P1:1.4595 P2:1.4595 P3:1.4595 P4:1.4595 STATE:IN_POS
[2026-05-04 20:29:26Z] CHK MOM:-0.06% RANGE:0.13% UP:14.28% SPREAD:0.06854009% BID:1.459 ASK:1.46 MID:1.4595 P1:1.4595 P2:1.4595 P3:1.4595 P4:1.4595 STATE:IN_POS
[2026-05-04 20:29:27Z] CHK MOM:-0.13% RANGE:0.13% UP:0% SPREAD:0.06854009% BID:1.459 ASK:1.46 MID:1.4595 P1:1.4595 P2:1.4595 P3:1.4595 P4:1.4595 STATE:IN_POS
[2026-05-04 20:29:27Z] CHK MOM:-0.13% RANGE:0.13% UP:0% SPREAD:0.06854009% BID:1.459 ASK:1.46 MID:1.4595 P1:1.4595 P2:1.4595 P3:1.4595 P4:1.4595 STATE:IN_POS
[2026-05-04 20:29:28Z] CHK MOM:-0.13% RANGE:0.13% UP:0% SPREAD:0.06854009% BID:1.459 ASK:1.46 MID:1.4595 P1:1.4595 P2:1.4595 P3:1.4595 P4:1.4595 STATE:IN_POS
[2026-05-04 20:29:29Z] CHK MOM:-0.13% RANGE:0.13% UP:0% SPREAD:0.06854009% BID:1.459 ASK:1.46 MID:1.4595 P1:1.4595 P2:1.4595 P3:1.4595 P4:1.4595 STATE:IN_POS
[2026-05-04 20:29:29Z] CHK MOM:-0.13% RANGE:0.13% UP:0% SPREAD:0.06854009% BID:1.459 ASK:1.46 MID:1.4595 P1:1.4595 P2:1.4595 P3:1.4595 P4:1.4595 STATE:IN_POS
[2026-05-04 20:29:30Z] CHK MOM:-0.1% RANGE:0.1% UP:0% SPREAD:0.06854009% BID:1.459 ASK:1.46 MID:1.4595 P1:1.4595 P2:1.4595 P3:1.4595 P4:1.4595 STATE:IN_POS
[2026-05-04 20:29:31Z] CHK MOM:0% RANGE:0% UP:0% SPREAD:0.06854009% BID:1.459 ASK:1.46 MID:1.4595 P1:1.4595 P2:1.4595 P3:1.4595 P4:1.4595 STATE:IN_POS
[2026-05-04 20:29:32Z] CHK MOM:0% RANGE:0% UP:0% SPREAD:0.06854009% BID:1.459 ASK:1.46 MID:1.4595 P1:1.4595 P2:1.4595 P3:1.4595 P4:1.4595 STATE:IN_POS
[2026-05-04 20:29:32Z] CHK MOM:0% RANGE:0% UP:0% SPREAD:0.06854009% BID:1.459 ASK:1.46 MID:1.4595 P1:1.4595 P2:1.4595 P3:1.4595 P4:1.4595 STATE:IN_POS
[2026-05-04 20:29:33Z] CHK MOM:0% RANGE:0% UP:0% SPREAD:0.06854009% BID:1.459 ASK:1.46 MID:1.4595 P1:1.4595 P2:1.4595 P3:1.4595 P4:1.4595 STATE:IN_POS
[2026-05-04 20:29:34Z] CHK MOM:0% RANGE:0% UP:0% SPREAD:0.06854009% BID:1.459 ASK:1.46 MID:1.4595 P1:1.4595 P2:1.4595 P3:1.4595 P4:1.4595 STATE:IN_POS
[2026-05-04 20:29:34Z] CHK MOM:0% RANGE:0% UP:0% SPREAD:0.06854009% BID:1.459 ASK:1.46 MID:1.4595 P1:1.4595 P2:1.4595 P3:1.4595 P4:1.4595 STATE:IN_POS
[2026-05-04 20:29:35Z] CHK MOM:0% RANGE:0% UP:0% SPREAD:0.06854009% BID:1.459 ASK:1.46 MID:1.4595 P1:1.4595 P2:1.4595 P3:1.4595 P4:1.4595 STATE:IN_POS
[2026-05-04 20:29:35Z] CHK MOM:0% RANGE:0% UP:0% SPREAD:0.06854009% BID:1.459 ASK:1.46 MID:1.4595 P1:1.4595 P2:1.4595 P3:1.4595 P4:1.4595 STATE:IN_POS
[2026-05-04 20:29:36Z] CHK MOM:0% RANGE:0% UP:0% SPREAD:0.06854009% BID:1.459 ASK:1.46 MID:1.4595 P1:1.4595 P2:1.4595 P3:1.4595 P4:1.4595 STATE:IN_POS
[2026-05-04 20:29:36Z] CHK MOM:0% RANGE:0% UP:0% SPREAD:0.06854009% BID:1.459 ASK:1.46 MID:1.4595 P1:1.4595 P2:1.4595 P3:1.4595 P4:1.4595 STATE:IN_POS
[2026-05-04 20:29:37Z] CHK MOM:0% RANGE:0% UP:0% SPREAD:0.06854009% BID:1.459 ASK:1.46 MID:1.4595 P1:1.4595 P2:1.4595 P3:1.4595 P4:1.4595 STATE:IN_POS
[2026-05-04 20:29:37Z] CHK MOM:0% RANGE:0% UP:0% SPREAD:0.06854009% BID:1.459 ASK:1.46 MID:1.4595 P1:1.4595 P2:1.4595 P3:1.4595 P4:1.4595 STATE:IN_POS
[2026-05-04 20:29:38Z] CHK MOM:0.06% RANGE:0.06% UP:33.33% SPREAD:0.06849315% BID:1.46 ASK:1.461 MID:1.4605 P1:1.4605 P2:1.4595 P3:1.4595 P4:1.4595 STATE:IN_POS
[2026-05-04 20:29:39Z] CHK MOM:0.06% RANGE:0.06% UP:33.33% SPREAD:0.06849315% BID:1.46 ASK:1.461 MID:1.4605 P1:1.4605 P2:1.4595 P3:1.4595 P4:1.4595 STATE:IN_POS
[2026-05-04 20:29:40Z] CHK MOM:0.06% RANGE:0.06% UP:33.33% SPREAD:0.06849315% BID:1.46 ASK:1.461 MID:1.4605 P1:1.4605 P2:1.4605 P3:1.4595 P4:1.4595 STATE:IN_POS
[2026-05-04 20:29:40Z] CHK MOM:0.06% RANGE:0.06% UP:33.33% SPREAD:0.06849315% BID:1.46 ASK:1.461 MID:1.4605 P1:1.4605 P2:1.4605 P3:1.4595 P4:1.4595 STATE:IN_POS
[2026-05-04 20:29:41Z] CHK MOM:0.06% RANGE:0.06% UP:25% SPREAD:0.06849315% BID:1.46 ASK:1.461 MID:1.4605 P1:1.4605 P2:1.4605 P3:1.4605 P4:1.4595 STATE:IN_POS
[2026-05-04 20:29:41Z] CHK MOM:0.06% RANGE:0.06% UP:20% SPREAD:0.06849315% BID:1.46 ASK:1.461 MID:1.4605 P1:1.4605 P2:1.4605 P3:1.4605 P4:1.4605 STATE:IN_POS
[2026-05-04 20:29:42Z] CHK MOM:0.06% RANGE:0.06% UP:16.66% SPREAD:0.06849315% BID:1.46 ASK:1.461 MID:1.4605 P1:1.4605 P2:1.4605 P3:1.4605 P4:1.4605 STATE:IN_POS
[2026-05-04 20:29:42Z] CHK MOM:0.06% RANGE:0.06% UP:16.66% SPREAD:0.06849315% BID:1.46 ASK:1.461 MID:1.4605 P1:1.4605 P2:1.4605 P3:1.4605 P4:1.4605 STATE:IN_POS
[2026-05-04 20:29:43Z] CHK MOM:0.06% RANGE:0.06% UP:16.66% SPREAD:0.06849315% BID:1.46 ASK:1.461 MID:1.4605 P1:1.4605 P2:1.4605 P3:1.4605 P4:1.4605 STATE:IN_POS
[2026-05-04 20:29:43Z] CHK MOM:0.06% RANGE:0.06% UP:16.66% SPREAD:0.06849315% BID:1.46 ASK:1.461 MID:1.4605 P1:1.4605 P2:1.4605 P3:1.4605 P4:1.4605 STATE:IN_POS
[2026-05-04 20:29:44Z] CHK MOM:0.06% RANGE:0.06% UP:16.66% SPREAD:0.06849315% BID:1.46 ASK:1.461 MID:1.4605 P1:1.4605 P2:1.4605 P3:1.4605 P4:1.4605 STATE:IN_POS
[2026-05-04 20:29:45Z] CHK MOM:0.06% RANGE:0.06% UP:16.66% SPREAD:0.06849315% BID:1.46 ASK:1.461 MID:1.4605 P1:1.4605 P2:1.4605 P3:1.4605 P4:1.4605 STATE:IN_POS
[2026-05-04 20:29:53Z] CHK MOM:0% RANGE:0% UP:0% SPREAD:0.06849315% BID:1.46 ASK:1.461 MID:1.4605 P1:1.4605 P2:1.4605 P3:1.4605 P4:1.4605 STATE:IN_POS
[2026-05-04 20:29:54Z] CHK MOM:-0.06% RANGE:0.06% UP:0% SPREAD:0.06854009% BID:1.459 ASK:1.46 MID:1.4595 P1:1.4595 P2:1.4605 P3:1.4605 P4:1.4605 STATE:IN_POS
[2026-05-04 20:29:55Z] CHK MOM:-0.06% RANGE:0.06% UP:0% SPREAD:0.06854009% BID:1.459 ASK:1.46 MID:1.4595 P1:1.4595 P2:1.4595 P3:1.4605 P4:1.4605 STATE:IN_POS
[2026-05-04 20:29:55Z] CHK MOM:-0.06% RANGE:0.06% UP:0% SPREAD:0.06854009% BID:1.459 ASK:1.46 MID:1.4595 P1:1.4595 P2:1.4595 P3:1.4595 P4:1.4605 STATE:IN_POS
[2026-05-04 20:29:56Z] CHK MOM:-0.06% RANGE:0.06% UP:0% SPREAD:0.06854009% BID:1.459 ASK:1.46 MID:1.4595 P1:1.4595 P2:1.4595 P3:1.4595 P4:1.4595 STATE:IN_POS
[2026-05-04 20:29:56Z] CHK MOM:-0.06% RANGE:0.06% UP:0% SPREAD:0.06854009% BID:1.459 ASK:1.46 MID:1.4595 P1:1.4595 P2:1.4595 P3:1.4595 P4:1.4595 STATE:IN_POS
[2026-05-04 20:29:57Z] CHK MOM:-0.06% RANGE:0.06% UP:0% SPREAD:0.06854009% BID:1.459 ASK:1.46 MID:1.4595 P1:1.4595 P2:1.4595 P3:1.4595 P4:1.4595 STATE:IN_POS
[2026-05-04 20:29:57Z] CHK MOM:-0.06% RANGE:0.06% UP:0% SPREAD:0.06854009% BID:1.459 ASK:1.46 MID:1.4595 P1:1.4595 P2:1.4595 P3:1.4595 P4:1.4595 STATE:IN_POS
[2026-05-04 20:29:58Z] CHK MOM:-0.06% RANGE:0.06% UP:0% SPREAD:0.06854009% BID:1.459 ASK:1.46 MID:1.4595 P1:1.4595 P2:1.4595 P3:1.4595 P4:1.4595 STATE:IN_POS
[2026-05-04 20:29:59Z] CHK MOM:-0.06% RANGE:0.06% UP:0% SPREAD:0.06854009% BID:1.459 ASK:1.46 MID:1.4595 P1:1.4595 P2:1.4595 P3:1.4595 P4:1.4595 STATE:IN_POS
[2026-05-04 20:29:59Z] CHK MOM:-0.06% RANGE:0.06% UP:0% SPREAD:0.06854009% BID:1.459 ASK:1.46 MID:1.4595 P1:1.4595 P2:1.4595 P3:1.4595 P4:1.4595 STATE:IN_POS
[2026-05-04 20:30:00Z] CHK MOM:-0.06% RANGE:0.06% UP:0% SPREAD:0.06854009% BID:1.459 ASK:1.46 MID:1.4595 P1:1.4595 P2:1.4595 P3:1.4595 P4:1.4595 STATE:IN_POS
[2026-05-04 20:30:00Z] CHK MOM:-0.06% RANGE:0.06% UP:0% SPREAD:0.06854009% BID:1.459 ASK:1.46 MID:1.4595 P1:1.4595 P2:1.4595 P3:1.4595 P4:1.4595 STATE:IN_POS
[2026-05-04 20:30:01Z] CHK MOM:0% RANGE:0% UP:0% SPREAD:0.06854009% BID:1.459 ASK:1.46 MID:1.4595 P1:1.4595 P2:1.4595 P3:1.4595 P4:1.4595 STATE:IN_POS
[2026-05-04 20:30:01Z] CHK MOM:0% RANGE:0% UP:0% SPREAD:0.06854009% BID:1.459 ASK:1.46 MID:1.4595 P1:1.4595 P2:1.4595 P3:1.4595 P4:1.4595 STATE:IN_POS
[2026-05-04 20:30:02Z] CHK MOM:0% RANGE:0% UP:0% SPREAD:0.06854009% BID:1.459 ASK:1.46 MID:1.4595 P1:1.4595 P2:1.4595 P3:1.4595 P4:1.4595 STATE:IN_POS
[2026-05-04 20:30:02Z] CHK MOM:0% RANGE:0% UP:0% SPREAD:0.06854009% BID:1.459 ASK:1.46 MID:1.4595 P1:1.4595 P2:1.4595 P3:1.4595 P4:1.4595 STATE:IN_POS
[2026-05-04 20:30:03Z] CHK MOM:0% RANGE:0% UP:0% SPREAD:0.06854009% BID:1.459 ASK:1.46 MID:1.4595 P1:1.4595 P2:1.4595 P3:1.4595 P4:1.4595 STATE:IN_POS
[2026-05-04 20:30:04Z] CHK MOM:0% RANGE:0% UP:0% SPREAD:0.06854009% BID:1.459 ASK:1.46 MID:1.4595 P1:1.4595 P2:1.4595 P3:1.4595 P4:1.4595 STATE:IN_POS
[2026-05-04 20:30:12Z] CHK MOM:0% RANGE:0% UP:0% SPREAD:0.06854009% BID:1.459 ASK:1.46 MID:1.4595 P1:1.4595 P2:1.4595 P3:1.4595 P4:1.4595 STATE:IN_POS
[2026-05-04 20:30:14Z] CHK MOM:0% RANGE:0% UP:0% SPREAD:0.06854009% BID:1.459 ASK:1.46 MID:1.4595 P1:1.4595 P2:1.4595 P3:1.4595 P4:1.4595 STATE:IN_POS
[2026-05-04 20:30:14Z] CHK MOM:0% RANGE:0% UP:0% SPREAD:0.06854009% BID:1.459 ASK:1.46 MID:1.4595 P1:1.4595 P2:1.4595 P3:1.4595 P4:1.4595 STATE:IN_POS
[2026-05-04 20:30:16Z] CHK MOM:0% RANGE:0% UP:0% SPREAD:0.06854009% BID:1.459 ASK:1.46 MID:1.4595 P1:1.4595 P2:1.4595 P3:1.4595 P4:1.4595 STATE:IN_POS
[2026-05-04 20:30:16Z] CHK MOM:0% RANGE:0% UP:0% SPREAD:0.06854009% BID:1.459 ASK:1.46 MID:1.4595 P1:1.4595 P2:1.4595 P3:1.4595 P4:1.4595 STATE:IN_POS
[2026-05-04 20:30:17Z] CHK MOM:0% RANGE:0% UP:0% SPREAD:0.06854009% BID:1.459 ASK:1.46 MID:1.4595 P1:1.4595 P2:1.4595 P3:1.4595 P4:1.4595 STATE:IN_POS
[2026-05-04 20:30:18Z] CHK MOM:0% RANGE:0% UP:0% SPREAD:0.06854009% BID:1.459 ASK:1.46 MID:1.4595 P1:1.4595 P2:1.4595 P3:1.4595 P4:1.4595 STATE:IN_POS
[2026-05-04 20:30:18Z] CHK MOM:0.13% RANGE:0.13% UP:33.33% SPREAD:0.06844626% BID:1.461 ASK:1.462 MID:1.4615 P1:1.4615 P2:1.4595 P3:1.4595 P4:1.4595 STATE:IN_POS
[2026-05-04 20:30:19Z] CHK MOM:0.13% RANGE:0.13% UP:25% SPREAD:0.06844626% BID:1.461 ASK:1.462 MID:1.4615 P1:1.4615 P2:1.4615 P3:1.4595 P4:1.4595 STATE:IN_POS
[2026-05-04 20:30:19Z] CHK MOM:0.13% RANGE:0.13% UP:20% SPREAD:0.06844626% BID:1.461 ASK:1.462 MID:1.4615 P1:1.4615 P2:1.4615 P3:1.4615 P4:1.4595 STATE:IN_POS
[2026-05-04 20:30:20Z] CHK MOM:0.13% RANGE:0.13% UP:20% SPREAD:0.06844626% BID:1.461 ASK:1.462 MID:1.4615 P1:1.4615 P2:1.4615 P3:1.4615 P4:1.4595 STATE:IN_POS
[2026-05-04 20:30:20Z] CHK MOM:0.13% RANGE:0.13% UP:20% SPREAD:0.06844626% BID:1.461 ASK:1.462 MID:1.4615 P1:1.4615 P2:1.4615 P3:1.4615 P4:1.4615 STATE:IN_POS
[2026-05-04 20:30:21Z] CHK MOM:0.13% RANGE:0.13% UP:16.66% SPREAD:0.06844626% BID:1.461 ASK:1.462 MID:1.4615 P1:1.4615 P2:1.4615 P3:1.4615 P4:1.4615 STATE:IN_POS
[2026-05-04 20:30:21Z] CHK MOM:0.13% RANGE:0.13% UP:16.66% SPREAD:0.06844626% BID:1.461 ASK:1.462 MID:1.4615 P1:1.4615 P2:1.4615 P3:1.4615 P4:1.4615 STATE:IN_POS
[2026-05-04 20:30:22Z] CHK MOM:0.13% RANGE:0.13% UP:16.66% SPREAD:0.06844626% BID:1.461 ASK:1.462 MID:1.4615 P1:1.4615 P2:1.4615 P3:1.4615 P4:1.4615 STATE:IN_POS
[2026-05-04 20:30:22Z] CHK MOM:0.13% RANGE:0.13% UP:16.66% SPREAD:0.06844626% BID:1.461 ASK:1.462 MID:1.4615 P1:1.4615 P2:1.4615 P3:1.4615 P4:1.4615 STATE:IN_POS
[2026-05-04 20:30:23Z] CHK MOM:0.13% RANGE:0.13% UP:14.28% SPREAD:0.06844626% BID:1.461 ASK:1.462 MID:1.4615 P1:1.4615 P2:1.4615 P3:1.4615 P4:1.4615 STATE:IN_POS
[2026-05-04 20:30:24Z] CHK MOM:0.13% RANGE:0.13% UP:14.28% SPREAD:0.06844626% BID:1.461 ASK:1.462 MID:1.4615 P1:1.4615 P2:1.4615 P3:1.4615 P4:1.4615 STATE:IN_POS
[2026-05-04 20:30:24Z] CHK MOM:0.13% RANGE:0.13% UP:14.28% SPREAD:0.06844626% BID:1.461 ASK:1.462 MID:1.4615 P1:1.4615 P2:1.4615 P3:1.4615 P4:1.4615 STATE:IN_POS
[2026-05-04 20:30:25Z] CHK MOM:0.13% RANGE:0.13% UP:14.28% SPREAD:0.06844626% BID:1.461 ASK:1.462 MID:1.4615 P1:1.4615 P2:1.4615 P3:1.4615 P4:1.4615 STATE:IN_POS
[2026-05-04 20:30:25Z] CHK MOM:0.06% RANGE:0.13% UP:12.5% SPREAD:0.06849315% BID:1.46 ASK:1.461 MID:1.4605 P1:1.4605 P2:1.4615 P3:1.4615 P4:1.4615 STATE:IN_POS
[2026-05-04 20:30:26Z] CHK MOM:-0.06% RANGE:0.06% UP:0% SPREAD:0.06849315% BID:1.46 ASK:1.461 MID:1.4605 P1:1.4605 P2:1.4605 P3:1.4615 P4:1.4615 STATE:IN_POS
[2026-05-04 20:30:26Z] CHK MOM:-0.06% RANGE:0.06% UP:0% SPREAD:0.06849315% BID:1.46 ASK:1.461 MID:1.4605 P1:1.4605 P2:1.4605 P3:1.4605 P4:1.4615 STATE:IN_POS
[2026-05-04 20:30:27Z] CHK MOM:-0.06% RANGE:0.06% UP:0% SPREAD:0.06849315% BID:1.46 ASK:1.461 MID:1.4605 P1:1.4605 P2:1.4605 P3:1.4605 P4:1.4615 STATE:IN_POS
[2026-05-04 20:30:27Z] CHK MOM:-0.06% RANGE:0.06% UP:0% SPREAD:0.06849315% BID:1.46 ASK:1.461 MID:1.4605 P1:1.4605 P2:1.4605 P3:1.4605 P4:1.4615 STATE:IN_POS
[2026-05-04 20:30:28Z] CHK MOM:-0.06% RANGE:0.06% UP:0% SPREAD:0.06849315% BID:1.46 ASK:1.461 MID:1.4605 P1:1.4605 P2:1.4605 P3:1.4605 P4:1.4605 STATE:IN_POS
[2026-05-04 20:30:30Z] CHK MOM:-0.06% RANGE:0.06% UP:0% SPREAD:0.06849315% BID:1.46 ASK:1.461 MID:1.4605 P1:1.4605 P2:1.4605 P3:1.4605 P4:1.4605 STATE:IN_POS
[2026-05-04 20:30:30Z] CHK MOM:-0.06% RANGE:0.06% UP:0% SPREAD:0.06849315% BID:1.46 ASK:1.461 MID:1.4605 P1:1.4605 P2:1.4605 P3:1.4605 P4:1.4605 STATE:IN_POS
[2026-05-04 20:30:31Z] CHK MOM:-0.06% RANGE:0.06% UP:0% SPREAD:0.06849315% BID:1.46 ASK:1.461 MID:1.4605 P1:1.4605 P2:1.4605 P3:1.4605 P4:1.4605 STATE:IN_POS
[2026-05-04 20:30:31Z] CHK MOM:0% RANGE:0.06% UP:16.66% SPREAD:0.06844626% BID:1.461 ASK:1.462 MID:1.4615 P1:1.4615 P2:1.4605 P3:1.4605 P4:1.4605 STATE:IN_POS
[2026-05-04 20:30:32Z] CHK MOM:0% RANGE:0.06% UP:16.66% SPREAD:0.06844626% BID:1.461 ASK:1.462 MID:1.4615 P1:1.4615 P2:1.4605 P3:1.4605 P4:1.4605 STATE:IN_POS
[2026-05-04 20:30:32Z] CHK MOM:0% RANGE:0.06% UP:16.66% SPREAD:0.06844626% BID:1.461 ASK:1.462 MID:1.4615 P1:1.4615 P2:1.4605 P3:1.4605 P4:1.4605 STATE:IN_POS
[2026-05-04 20:30:33Z] CHK MOM:0% RANGE:0.06% UP:16.66% SPREAD:0.06844626% BID:1.461 ASK:1.462 MID:1.4615 P1:1.4615 P2:1.4605 P3:1.4605 P4:1.4605 STATE:IN_POS
[2026-05-04 20:30:33Z] CHK MOM:0% RANGE:0.06% UP:16.66% SPREAD:0.06844626% BID:1.461 ASK:1.462 MID:1.4615 P1:1.4615 P2:1.4605 P3:1.4605 P4:1.4605 STATE:IN_POS
[2026-05-04 20:30:34Z] CHK MOM:0.06% RANGE:0.06% UP:20% SPREAD:0.06844626% BID:1.461 ASK:1.462 MID:1.4615 P1:1.4615 P2:1.4615 P3:1.4605 P4:1.4605 STATE:IN_POS
[2026-05-04 20:30:34Z] CHK MOM:0.06% RANGE:0.06% UP:20% SPREAD:0.06844626% BID:1.461 ASK:1.462 MID:1.4615 P1:1.4615 P2:1.4615 P3:1.4605 P4:1.4605 STATE:IN_POS
[2026-05-04 20:30:35Z] CHK MOM:0.06% RANGE:0.06% UP:25% SPREAD:0.06844626% BID:1.461 ASK:1.462 MID:1.4615 P1:1.4615 P2:1.4615 P3:1.4615 P4:1.4605 STATE:IN_POS
[2026-05-04 20:30:36Z] CHK MOM:0.06% RANGE:0.06% UP:20% SPREAD:0.06844626% BID:1.461 ASK:1.462 MID:1.4615 P1:1.4615 P2:1.4615 P3:1.4615 P4:1.4615 STATE:IN_POS
[2026-05-04 20:30:36Z] CHK MOM:0.06% RANGE:0.06% UP:20% SPREAD:0.06844626% BID:1.461 ASK:1.462 MID:1.4615 P1:1.4615 P2:1.4615 P3:1.4615 P4:1.4615 STATE:IN_POS
[2026-05-04 20:30:37Z] CHK MOM:0.06% RANGE:0.06% UP:20% SPREAD:0.06844626% BID:1.461 ASK:1.462 MID:1.4615 P1:1.4615 P2:1.4615 P3:1.4615 P4:1.4615 STATE:IN_POS
[2026-05-04 20:30:37Z] CHK MOM:0.06% RANGE:0.06% UP:20% SPREAD:0.06844626% BID:1.461 ASK:1.462 MID:1.4615 P1:1.4615 P2:1.4615 P3:1.4615 P4:1.4615 STATE:IN_POS
[2026-05-04 20:30:38Z] CHK MOM:0.06% RANGE:0.06% UP:20% SPREAD:0.06844626% BID:1.461 ASK:1.462 MID:1.4615 P1:1.4615 P2:1.4615 P3:1.4615 P4:1.4615 STATE:IN_POS
[2026-05-04 20:30:42Z] CHK MOM:0.06% RANGE:0.06% UP:50% SPREAD:0.06839945% BID:1.462 ASK:1.463 MID:1.4625 P1:1.4625 P2:1.4615 P3:1.4615 P4:1.4615 STATE:IN_POS
[2026-05-04 20:30:43Z] CHK MOM:0.06% RANGE:0.06% UP:50% SPREAD:0.06839945% BID:1.462 ASK:1.463 MID:1.4625 P1:1.4625 P2:1.4625 P3:1.4615 P4:1.4615 STATE:IN_POS
[2026-05-04 20:30:43Z] CHK MOM:0.06% RANGE:0.06% UP:33.33% SPREAD:0.06839945% BID:1.462 ASK:1.463 MID:1.4625 P1:1.4625 P2:1.4625 P3:1.4625 P4:1.4615 STATE:IN_POS
[2026-05-04 20:30:44Z] CHK MOM:0% RANGE:0% UP:0% SPREAD:0.06839945% BID:1.462 ASK:1.463 MID:1.4625 P1:1.4625 P2:1.4625 P3:1.4625 P4:1.4625 STATE:IN_POS
[2026-05-04 20:30:45Z] CHK MOM:0% RANGE:0% UP:0% SPREAD:0.06839945% BID:1.462 ASK:1.463 MID:1.4625 P1:1.4625 P2:1.4625 P3:1.4625 P4:1.4625 STATE:IN_POS
[2026-05-04 20:30:45Z] CHK MOM:-0.06% RANGE:0.06% UP:0% SPREAD:0.06844626% BID:1.461 ASK:1.462 MID:1.4615 P1:1.4615 P2:1.4625 P3:1.4625 P4:1.4625 STATE:IN_POS
[2026-05-04 20:30:46Z] CHK MOM:-0.06% RANGE:0.06% UP:0% SPREAD:0.06844626% BID:1.461 ASK:1.462 MID:1.4615 P1:1.4615 P2:1.4615 P3:1.4625 P4:1.4625 STATE:IN_POS
[2026-05-04 20:30:46Z] CHK MOM:0% RANGE:0.06% UP:16.66% SPREAD:0.06839945% BID:1.462 ASK:1.463 MID:1.4625 P1:1.4625 P2:1.4615 P3:1.4615 P4:1.4625 STATE:IN_POS
[2026-05-04 20:30:47Z] CHK MOM:0% RANGE:0.06% UP:14.28% SPREAD:0.06839945% BID:1.462 ASK:1.463 MID:1.4625 P1:1.4625 P2:1.4625 P3:1.4615 P4:1.4615 STATE:IN_POS
[2026-05-04 20:30:48Z] CHK MOM:0% RANGE:0.06% UP:12.5% SPREAD:0.06839945% BID:1.462 ASK:1.463 MID:1.4625 P1:1.4625 P2:1.4625 P3:1.4625 P4:1.4615 STATE:IN_POS
[2026-05-04 20:30:48Z] CHK MOM:0% RANGE:0.06% UP:11.11% SPREAD:0.06839945% BID:1.462 ASK:1.463 MID:1.4625 P1:1.4625 P2:1.4625 P3:1.4625 P4:1.4625 STATE:IN_POS
[2026-05-04 20:30:49Z] CHK MOM:0% RANGE:0.06% UP:11.11% SPREAD:0.06839945% BID:1.462 ASK:1.463 MID:1.4625 P1:1.4625 P2:1.4625 P3:1.4625 P4:1.4625 STATE:IN_POS
[2026-05-04 20:30:49Z] CHK MOM:0% RANGE:0.06% UP:11.11% SPREAD:0.06839945% BID:1.462 ASK:1.463 MID:1.4625 P1:1.4625 P2:1.4625 P3:1.4625 P4:1.4625 STATE:IN_POS
[2026-05-04 20:30:50Z] CHK MOM:0% RANGE:0.06% UP:11.11% SPREAD:0.06839945% BID:1.462 ASK:1.463 MID:1.4625 P1:1.4625 P2:1.4625 P3:1.4625 P4:1.4625 STATE:IN_POS
[2026-05-04 20:30:50Z] CHK MOM:0% RANGE:0.06% UP:11.11% SPREAD:0.06839945% BID:1.462 ASK:1.463 MID:1.4625 P1:1.4625 P2:1.4625 P3:1.4625 P4:1.4625 STATE:IN_POS
[2026-05-04 20:30:51Z] CHK MOM:0% RANGE:0.06% UP:12.5% SPREAD:0.06839945% BID:1.462 ASK:1.463 MID:1.4625 P1:1.4625 P2:1.4625 P3:1.4625 P4:1.4625 STATE:IN_POS
[2026-05-04 20:30:51Z] CHK MOM:-0.06% RANGE:0.06% UP:11.11% SPREAD:0.06844626% BID:1.461 ASK:1.462 MID:1.4615 P1:1.4615 P2:1.4625 P3:1.4625 P4:1.4625 STATE:IN_POS
[2026-05-04 20:30:52Z] CHK MOM:-0.06% RANGE:0.06% UP:10% SPREAD:0.06844626% BID:1.461 ASK:1.462 MID:1.4615 P1:1.4615 P2:1.4615 P3:1.4625 P4:1.4625 STATE:IN_POS
[2026-05-04 20:30:53Z] CHK MOM:0% RANGE:0.06% UP:10% SPREAD:0.06844626% BID:1.461 ASK:1.462 MID:1.4615 P1:1.4615 P2:1.4615 P3:1.4615 P4:1.4625 STATE:IN_POS
[2026-05-04 20:30:53Z] CHK MOM:0% RANGE:0.06% UP:10% SPREAD:0.06844626% BID:1.461 ASK:1.462 MID:1.4615 P1:1.4615 P2:1.4615 P3:1.4615 P4:1.4615 STATE:IN_POS
[2026-05-04 20:30:54Z] CHK MOM:0% RANGE:0.06% UP:10% SPREAD:0.06844626% BID:1.461 ASK:1.462 MID:1.4615 P1:1.4615 P2:1.4615 P3:1.4615 P4:1.4615 STATE:IN_POS
[2026-05-04 20:30:54Z] CHK MOM:-0.06% RANGE:0.06% UP:0% SPREAD:0.06844626% BID:1.461 ASK:1.462 MID:1.4615 P1:1.4615 P2:1.4615 P3:1.4615 P4:1.4615 STATE:IN_POS
[2026-05-04 20:30:55Z] CHK MOM:-0.06% RANGE:0.06% UP:0% SPREAD:0.06844626% BID:1.461 ASK:1.462 MID:1.4615 P1:1.4615 P2:1.4615 P3:1.4615 P4:1.4615 STATE:IN_POS
[2026-05-04 20:30:55Z] CHK MOM:0% RANGE:0.06% UP:10% SPREAD:0.06839945% BID:1.462 ASK:1.463 MID:1.4625 P1:1.4625 P2:1.4615 P3:1.4615 P4:1.4615 STATE:IN_POS
[2026-05-04 20:30:56Z] CHK MOM:0% RANGE:0.06% UP:10% SPREAD:0.06839945% BID:1.462 ASK:1.463 MID:1.4625 P1:1.4625 P2:1.4625 P3:1.4615 P4:1.4615 STATE:IN_POS
[2026-05-04 20:30:56Z] CHK MOM:-0.06% RANGE:0.06% UP:9.09% SPREAD:0.06844626% BID:1.461 ASK:1.462 MID:1.4615 P1:1.4615 P2:1.4625 P3:1.4625 P4:1.4615 STATE:IN_POS
[2026-05-04 20:30:57Z] CHK MOM:-0.06% RANGE:0.06% UP:9.09% SPREAD:0.06844626% BID:1.461 ASK:1.462 MID:1.4615 P1:1.4615 P2:1.4615 P3:1.4625 P4:1.4625 STATE:IN_POS
[2026-05-04 20:30:57Z] CHK MOM:-0.06% RANGE:0.06% UP:9.09% SPREAD:0.06844626% BID:1.461 ASK:1.462 MID:1.4615 P1:1.4615 P2:1.4615 P3:1.4625 P4:1.4625 STATE:IN_POS
[2026-05-04 20:30:58Z] CHK MOM:-0.06% RANGE:0.06% UP:9.09% SPREAD:0.06844626% BID:1.461 ASK:1.462 MID:1.4615 P1:1.4615 P2:1.4615 P3:1.4625 P4:1.4625 STATE:IN_POS
[2026-05-04 20:31:00Z] CHK MOM:0% RANGE:0.06% UP:12.5% SPREAD:0.06844626% BID:1.461 ASK:1.462 MID:1.4615 P1:1.4615 P2:1.4615 P3:1.4615 P4:1.4625 STATE:IN_POS
[2026-05-04 20:31:00Z] CHK MOM:0% RANGE:0.06% UP:12.5% SPREAD:0.06844626% BID:1.461 ASK:1.462 MID:1.4615 P1:1.4615 P2:1.4615 P3:1.4615 P4:1.4615 STATE:IN_POS
[2026-05-04 20:31:01Z] CHK MOM:0% RANGE:0.06% UP:11.11% SPREAD:0.06844626% BID:1.461 ASK:1.462 MID:1.4615 P1:1.4615 P2:1.4615 P3:1.4615 P4:1.4615 STATE:IN_POS
[2026-05-04 20:31:01Z] CHK MOM:0% RANGE:0.06% UP:10% SPREAD:0.06844626% BID:1.461 ASK:1.462 MID:1.4615 P1:1.4615 P2:1.4615 P3:1.4615 P4:1.4615 STATE:IN_POS
[2026-05-04 20:31:02Z] CHK MOM:0% RANGE:0.06% UP:10% SPREAD:0.06844626% BID:1.461 ASK:1.462 MID:1.4615 P1:1.4615 P2:1.4615 P3:1.4615 P4:1.4615 STATE:IN_POS
[2026-05-04 20:31:02Z] CHK MOM:0% RANGE:0.06% UP:10% SPREAD:0.06844626% BID:1.461 ASK:1.462 MID:1.4615 P1:1.4615 P2:1.4615 P3:1.4615 P4:1.4615 STATE:IN_POS
[2026-05-04 20:31:03Z] CHK MOM:0% RANGE:0.06% UP:10% SPREAD:0.06844626% BID:1.461 ASK:1.462 MID:1.4615 P1:1.4615 P2:1.4615 P3:1.4615 P4:1.4615 STATE:IN_POS
[2026-05-04 20:31:04Z] CHK MOM:0% RANGE:0.06% UP:10% SPREAD:0.06844626% BID:1.461 ASK:1.462 MID:1.4615 P1:1.4615 P2:1.4615 P3:1.4615 P4:1.4615 STATE:IN_POS
[2026-05-04 20:31:04Z] CHK MOM:0% RANGE:0.06% UP:10% SPREAD:0.06844626% BID:1.461 ASK:1.462 MID:1.4615 P1:1.4615 P2:1.4615 P3:1.4615 P4:1.4615 STATE:IN_POS
[2026-05-04 20:31:05Z] CHK MOM:0% RANGE:0.06% UP:10% SPREAD:0.06844626% BID:1.461 ASK:1.462 MID:1.4615 P1:1.4615 P2:1.4615 P3:1.4615 P4:1.4615 STATE:IN_POS
[2026-05-04 20:31:05Z] CHK MOM:0% RANGE:0% UP:0% SPREAD:0.06844626% BID:1.461 ASK:1.462 MID:1.4615 P1:1.4615 P2:1.4615 P3:1.4615 P4:1.4615 STATE:IN_POS
[2026-05-04 20:31:06Z] CHK MOM:0% RANGE:0% UP:0% SPREAD:0.06844626% BID:1.461 ASK:1.462 MID:1.4615 P1:1.4615 P2:1.4615 P3:1.4615 P4:1.4615 STATE:IN_POS
[2026-05-04 20:31:06Z] CHK MOM:0% RANGE:0% UP:0% SPREAD:0.06844626% BID:1.461 ASK:1.462 MID:1.4615 P1:1.4615 P2:1.4615 P3:1.4615 P4:1.4615 STATE:IN_POS
[2026-05-04 20:31:07Z] CHK MOM:0% RANGE:0% UP:0% SPREAD:0.06844626% BID:1.461 ASK:1.462 MID:1.4615 P1:1.4615 P2:1.4615 P3:1.4615 P4:1.4615 STATE:IN_POS
[2026-05-04 20:31:07Z] CHK MOM:0% RANGE:0% UP:0% SPREAD:0.06844626% BID:1.461 ASK:1.462 MID:1.4615 P1:1.4615 P2:1.4615 P3:1.4615 P4:1.4615 STATE:IN_POS
[2026-05-04 20:31:08Z] CHK MOM:0% RANGE:0% UP:0% SPREAD:0.06844626% BID:1.461 ASK:1.462 MID:1.4615 P1:1.4615 P2:1.4615 P3:1.4615 P4:1.4615 STATE:IN_POS
[2026-05-04 20:31:12Z] CHK MOM:0.06% RANGE:0.06% UP:100% SPREAD:0.06839945% BID:1.462 ASK:1.463 MID:1.4625 P1:1.4625 P2:1.4615 P3:1.4615 P4:1.4615 STATE:IN_POS
[2026-05-04 20:31:13Z] CHK MOM:0.06% RANGE:0.06% UP:50% SPREAD:0.06839945% BID:1.462 ASK:1.463 MID:1.4625 P1:1.4625 P2:1.4625 P3:1.4615 P4:1.4615 STATE:IN_POS
[2026-05-04 20:31:13Z] CHK MOM:0.06% RANGE:0.06% UP:50% SPREAD:0.06839945% BID:1.462 ASK:1.463 MID:1.4625 P1:1.4625 P2:1.4625 P3:1.4615 P4:1.4615 STATE:IN_POS
[2026-05-04 20:31:14Z] CHK MOM:0% RANGE:0% UP:0% SPREAD:0.06839945% BID:1.462 ASK:1.463 MID:1.4625 P1:1.4625 P2:1.4625 P3:1.4625 P4:1.4615 STATE:IN_POS
[2026-05-04 20:31:15Z] CHK MOM:0% RANGE:0% UP:0% SPREAD:0.06839945% BID:1.462 ASK:1.463 MID:1.4625 P1:1.4625 P2:1.4625 P3:1.4625 P4:1.4625 STATE:IN_POS
[2026-05-04 20:31:16Z] CHK MOM:0% RANGE:0% UP:0% SPREAD:0.06839945% BID:1.462 ASK:1.463 MID:1.4625 P1:1.4625 P2:1.4625 P3:1.4625 P4:1.4625 STATE:IN_POS
[2026-05-04 20:31:16Z] CHK MOM:0% RANGE:0% UP:0% SPREAD:0.06839945% BID:1.462 ASK:1.463 MID:1.4625 P1:1.4625 P2:1.4625 P3:1.4625 P4:1.4625 STATE:IN_POS
[2026-05-04 20:31:17Z] CHK MOM:0% RANGE:0% UP:0% SPREAD:0.06839945% BID:1.462 ASK:1.463 MID:1.4625 P1:1.4625 P2:1.4625 P3:1.4625 P4:1.4625 STATE:IN_POS
[2026-05-04 20:31:18Z] CHK MOM:0% RANGE:0% UP:0% SPREAD:0.06839945% BID:1.462 ASK:1.463 MID:1.4625 P1:1.4625 P2:1.4625 P3:1.4625 P4:1.4625 STATE:IN_POS
[2026-05-04 20:31:19Z] CHK MOM:0% RANGE:0% UP:0% SPREAD:0.06839945% BID:1.462 ASK:1.463 MID:1.4625 P1:1.4625 P2:1.4625 P3:1.4625 P4:1.4625 STATE:IN_POS
[2026-05-04 20:31:20Z] CHK MOM:0% RANGE:0% UP:0% SPREAD:0.06839945% BID:1.462 ASK:1.463 MID:1.4625 P1:1.4625 P2:1.4625 P3:1.4625 P4:1.4625 STATE:IN_POS
[2026-05-04 20:31:20Z] CHK MOM:0% RANGE:0% UP:0% SPREAD:0.06839945% BID:1.462 ASK:1.463 MID:1.4625 P1:1.4625 P2:1.4625 P3:1.4625 P4:1.4625 STATE:IN_POS
[2026-05-04 20:31:21Z] CHK MOM:0% RANGE:0% UP:0% SPREAD:0.06839945% BID:1.462 ASK:1.463 MID:1.4625 P1:1.4625 P2:1.4625 P3:1.4625 P4:1.4625 STATE:IN_POS
[2026-05-04 20:31:21Z] CHK MOM:0% RANGE:0% UP:0% SPREAD:0.06839945% BID:1.462 ASK:1.463 MID:1.4625 P1:1.4625 P2:1.4625 P3:1.4625 P4:1.4625 STATE:IN_POS
[2026-05-04 20:31:22Z] CHK MOM:0% RANGE:0% UP:0% SPREAD:0.06839945% BID:1.462 ASK:1.463 MID:1.4625 P1:1.4625 P2:1.4625 P3:1.4625 P4:1.4625 STATE:IN_POS
[2026-05-04 20:31:22Z] CHK MOM:0% RANGE:0% UP:0% SPREAD:0.06839945% BID:1.462 ASK:1.463 MID:1.4625 P1:1.4625 P2:1.4625 P3:1.4625 P4:1.4625 STATE:IN_POS
[2026-05-04 20:31:23Z] CHK MOM:0% RANGE:0% UP:0% SPREAD:0.06839945% BID:1.462 ASK:1.463 MID:1.4625 P1:1.4625 P2:1.4625 P3:1.4625 P4:1.4625 STATE:IN_POS
[2026-05-04 20:31:24Z] CHK MOM:0% RANGE:0% UP:0% SPREAD:0.06839945% BID:1.462 ASK:1.463 MID:1.4625 P1:1.4625 P2:1.4625 P3:1.4625 P4:1.4625 STATE:IN_POS
[2026-05-04 20:31:24Z] CHK MOM:0% RANGE:0% UP:0% SPREAD:0.06839945% BID:1.462 ASK:1.463 MID:1.4625 P1:1.4625 P2:1.4625 P3:1.4625 P4:1.4625 STATE:IN_POS
[2026-05-04 20:31:25Z] CHK MOM:0% RANGE:0% UP:0% SPREAD:0.06839945% BID:1.462 ASK:1.463 MID:1.4625 P1:1.4625 P2:1.4625 P3:1.4625 P4:1.4625 STATE:IN_POS
[2026-05-04 20:31:25Z] CHK MOM:0% RANGE:0% UP:0% SPREAD:0.06839945% BID:1.462 ASK:1.463 MID:1.4625 P1:1.4625 P2:1.4625 P3:1.4625 P4:1.4625 STATE:IN_POS
[2026-05-04 20:31:26Z] CHK MOM:0% RANGE:0% UP:0% SPREAD:0.06839945% BID:1.462 ASK:1.463 MID:1.4625 P1:1.4625 P2:1.4625 P3:1.4625 P4:1.4625 STATE:IN_POS
[2026-05-04 20:31:26Z] CHK MOM:0% RANGE:0% UP:0% SPREAD:0.06839945% BID:1.462 ASK:1.463 MID:1.4625 P1:1.4625 P2:1.4625 P3:1.4625 P4:1.4625 STATE:IN_POS
[2026-05-04 20:31:27Z] CHK MOM:0% RANGE:0% UP:0% SPREAD:0.06839945% BID:1.462 ASK:1.463 MID:1.4625 P1:1.4625 P2:1.4625 P3:1.4625 P4:1.4625 STATE:IN_POS
[2026-05-04 20:31:27Z] CHK MOM:0% RANGE:0% UP:0% SPREAD:0.06839945% BID:1.462 ASK:1.463 MID:1.4625 P1:1.4625 P2:1.4625 P3:1.4625 P4:1.4625 STATE:IN_POS
[2026-05-04 20:31:28Z] CHK MOM:0% RANGE:0% UP:0% SPREAD:0.06839945% BID:1.462 ASK:1.463 MID:1.4625 P1:1.4625 P2:1.4625 P3:1.4625 P4:1.4625 STATE:IN_POS
[2026-05-04 20:31:32Z] CHK MOM:0% RANGE:0% UP:0% SPREAD:0.06839945% BID:1.462 ASK:1.463 MID:1.4625 P1:1.4625 P2:1.4625 P3:1.4625 P4:1.4625 STATE:IN_POS
[2026-05-04 20:31:34Z] CHK MOM:-0.06% RANGE:0.06% UP:0% SPREAD:0.06844626% BID:1.461 ASK:1.462 MID:1.4615 P1:1.4615 P2:1.4625 P3:1.4625 P4:1.4625 STATE:IN_POS
[2026-05-04 20:31:34Z] CHK MOM:-0.06% RANGE:0.06% UP:0% SPREAD:0.06844626% BID:1.461 ASK:1.462 MID:1.4615 P1:1.4615 P2:1.4615 P3:1.4625 P4:1.4625 STATE:IN_POS
[2026-05-04 20:31:35Z] CHK MOM:-0.06% RANGE:0.06% UP:0% SPREAD:0.06844626% BID:1.461 ASK:1.462 MID:1.4615 P1:1.4615 P2:1.4615 P3:1.4625 P4:1.4625 STATE:IN_POS
[2026-05-04 20:31:35Z] CHK MOM:-0.06% RANGE:0.06% UP:0% SPREAD:0.06844626% BID:1.461 ASK:1.462 MID:1.4615 P1:1.4615 P2:1.4615 P3:1.4625 P4:1.4625 STATE:IN_POS
[2026-05-04 20:31:36Z] CHK MOM:-0.06% RANGE:0.06% UP:0% SPREAD:0.06844626% BID:1.461 ASK:1.462 MID:1.4615 P1:1.4615 P2:1.4615 P3:1.4625 P4:1.4625 STATE:IN_POS
[2026-05-04 20:31:36Z] CHK MOM:-0.06% RANGE:0.06% UP:0% SPREAD:0.06844626% BID:1.461 ASK:1.462 MID:1.4615 P1:1.4615 P2:1.4615 P3:1.4615 P4:1.4625 STATE:IN_POS
[2026-05-04 20:31:37Z] CHK MOM:-0.06% RANGE:0.06% UP:0% SPREAD:0.06844626% BID:1.461 ASK:1.462 MID:1.4615 P1:1.4615 P2:1.4615 P3:1.4615 P4:1.4625 STATE:IN_POS
[2026-05-04 20:31:38Z] CHK MOM:-0.06% RANGE:0.06% UP:0% SPREAD:0.06844626% BID:1.461 ASK:1.462 MID:1.4615 P1:1.4615 P2:1.4615 P3:1.4615 P4:1.4625 STATE:IN_POS
[2026-05-04 20:31:38Z] CHK MOM:-0.06% RANGE:0.06% UP:0% SPREAD:0.06844626% BID:1.461 ASK:1.462 MID:1.4615 P1:1.4615 P2:1.4615 P3:1.4615 P4:1.4625 STATE:IN_POS
[2026-05-04 20:31:39Z] CHK MOM:-0.06% RANGE:0.06% UP:0% SPREAD:0.06844626% BID:1.461 ASK:1.462 MID:1.4615 P1:1.4615 P2:1.4615 P3:1.4615 P4:1.4625 STATE:IN_POS
[2026-05-04 20:31:42Z] CHK MOM:0% RANGE:0% UP:0% SPREAD:0.06844626% BID:1.461 ASK:1.462 MID:1.4615 P1:1.4615 P2:1.4615 P3:1.4615 P4:1.4615 STATE:IN_POS
[2026-05-04 20:31:42Z] CHK MOM:0% RANGE:0% UP:0% SPREAD:0.06844626% BID:1.461 ASK:1.462 MID:1.4615 P1:1.4615 P2:1.4615 P3:1.4615 P4:1.4615 STATE:IN_POS
[2026-05-04 20:31:43Z] CHK MOM:0% RANGE:0% UP:0% SPREAD:0.06844626% BID:1.461 ASK:1.462 MID:1.4615 P1:1.4615 P2:1.4615 P3:1.4615 P4:1.4615 STATE:IN_POS
[2026-05-04 20:31:44Z] CHK MOM:0% RANGE:0% UP:0% SPREAD:0.06844626% BID:1.461 ASK:1.462 MID:1.4615 P1:1.4615 P2:1.4615 P3:1.4615 P4:1.4615 STATE:IN_POS
[2026-05-04 20:31:44Z] CHK MOM:0% RANGE:0% UP:0% SPREAD:0.06844626% BID:1.461 ASK:1.462 MID:1.4615 P1:1.4615 P2:1.4615 P3:1.4615 P4:1.4615 STATE:IN_POS
[2026-05-04 20:31:45Z] CHK MOM:0.06% RANGE:0.06% UP:100% SPREAD:0.06839945% BID:1.462 ASK:1.463 MID:1.4625 P1:1.4625 P2:1.4615 P3:1.4615 P4:1.4615 STATE:IN_POS
[2026-05-04 20:31:45Z] CHK MOM:0.06% RANGE:0.06% UP:100% SPREAD:0.06839945% BID:1.462 ASK:1.463 MID:1.4625 P1:1.4625 P2:1.4615 P3:1.4615 P4:1.4615 STATE:IN_POS
[2026-05-04 20:31:46Z] CHK MOM:0.06% RANGE:0.06% UP:100% SPREAD:0.06839945% BID:1.462 ASK:1.463 MID:1.4625 P1:1.4625 P2:1.4615 P3:1.4615 P4:1.4615 STATE:IN_POS
[2026-05-04 20:31:46Z] CHK MOM:0.06% RANGE:0.06% UP:100% SPREAD:0.06839945% BID:1.462 ASK:1.463 MID:1.4625 P1:1.4625 P2:1.4615 P3:1.4615 P4:1.4615 STATE:IN_POS
[2026-05-04 20:31:47Z] CHK MOM:0.06% RANGE:0.06% UP:100% SPREAD:0.06839945% BID:1.462 ASK:1.463 MID:1.4625 P1:1.4625 P2:1.4615 P3:1.4615 P4:1.4615 STATE:IN_POS
[2026-05-04 20:31:47Z] CHK MOM:0.06% RANGE:0.06% UP:100% SPREAD:0.06839945% BID:1.462 ASK:1.463 MID:1.4625 P1:1.4625 P2:1.4615 P3:1.4615 P4:1.4615 STATE:IN_POS
[2026-05-04 20:31:49Z] CHK MOM:0.06% RANGE:0.06% UP:50% SPREAD:0.06839945% BID:1.462 ASK:1.463 MID:1.4625 P1:1.4625 P2:1.4625 P3:1.4615 P4:1.4615 STATE:IN_POS
[2026-05-04 20:31:51Z] CHK MOM:0% RANGE:0% UP:0% SPREAD:0.06839945% BID:1.462 ASK:1.463 MID:1.4625 P1:1.4625 P2:1.4625 P3:1.4625 P4:1.4615 STATE:IN_POS
[2026-05-04 20:31:51Z] CHK MOM:0% RANGE:0% UP:0% SPREAD:0.06839945% BID:1.462 ASK:1.463 MID:1.4625 P1:1.4625 P2:1.4625 P3:1.4625 P4:1.4615 STATE:IN_POS
[2026-05-04 20:31:52Z] CHK MOM:0% RANGE:0% UP:0% SPREAD:0.06839945% BID:1.462 ASK:1.463 MID:1.4625 P1:1.4625 P2:1.4625 P3:1.4625 P4:1.4615 STATE:IN_POS
[2026-05-04 20:31:52Z] CHK MOM:0% RANGE:0% UP:0% SPREAD:0.06839945% BID:1.462 ASK:1.463 MID:1.4625 P1:1.4625 P2:1.4625 P3:1.4625 P4:1.4615 STATE:IN_POS
[2026-05-04 20:31:53Z] CHK MOM:0% RANGE:0% UP:0% SPREAD:0.06839945% BID:1.462 ASK:1.463 MID:1.4625 P1:1.4625 P2:1.4625 P3:1.4625 P4:1.4615 STATE:IN_POS
[2026-05-04 20:31:56Z] CHK MOM:0% RANGE:0% UP:0% SPREAD:0.06839945% BID:1.462 ASK:1.463 MID:1.4625 P1:1.4625 P2:1.4625 P3:1.4625 P4:1.4625 STATE:IN_POS
[2026-05-04 20:31:56Z] CHK MOM:0% RANGE:0% UP:0% SPREAD:0.06839945% BID:1.462 ASK:1.463 MID:1.4625 P1:1.4625 P2:1.4625 P3:1.4625 P4:1.4625 STATE:IN_POS
[2026-05-04 20:31:57Z] CHK MOM:0% RANGE:0% UP:0% SPREAD:0.06839945% BID:1.462 ASK:1.463 MID:1.4625 P1:1.4625 P2:1.4625 P3:1.4625 P4:1.4625 STATE:IN_POS
[2026-05-04 20:31:57Z] CHK MOM:0% RANGE:0% UP:0% SPREAD:0.06839945% BID:1.462 ASK:1.463 MID:1.4625 P1:1.4625 P2:1.4625 P3:1.4625 P4:1.4625 STATE:IN_POS
[2026-05-04 20:31:58Z] CHK MOM:0% RANGE:0% UP:0% SPREAD:0.06839945% BID:1.462 ASK:1.463 MID:1.4625 P1:1.4625 P2:1.4625 P3:1.4625 P4:1.4625 STATE:IN_POS
[2026-05-04 20:32:01Z] CHK MOM:-0.06% RANGE:0.06% UP:0% SPREAD:0.06844626% BID:1.461 ASK:1.462 MID:1.4615 P1:1.4615 P2:1.4625 P3:1.4625 P4:1.4625 STATE:IN_POS
[2026-05-04 20:32:01Z] CHK MOM:-0.06% RANGE:0.06% UP:0% SPREAD:0.06844626% BID:1.461 ASK:1.462 MID:1.4615 P1:1.4615 P2:1.4615 P3:1.4625 P4:1.4625 STATE:IN_POS
[2026-05-04 20:32:02Z] CHK MOM:-0.06% RANGE:0.06% UP:0% SPREAD:0.06844626% BID:1.461 ASK:1.462 MID:1.4615 P1:1.4615 P2:1.4615 P3:1.4615 P4:1.4625 STATE:IN_POS
[2026-05-04 20:32:02Z] CHK MOM:-0.06% RANGE:0.06% UP:0% SPREAD:0.06844626% BID:1.461 ASK:1.462 MID:1.4615 P1:1.4615 P2:1.4615 P3:1.4615 P4:1.4615 STATE:IN_POS
[2026-05-04 20:32:03Z] CHK MOM:-0.06% RANGE:0.06% UP:0% SPREAD:0.06844626% BID:1.461 ASK:1.462 MID:1.4615 P1:1.4615 P2:1.4615 P3:1.4615 P4:1.4615 STATE:IN_POS
[2026-05-04 20:32:03Z] CHK MOM:-0.06% RANGE:0.06% UP:0% SPREAD:0.06844626% BID:1.461 ASK:1.462 MID:1.4615 P1:1.4615 P2:1.4615 P3:1.4615 P4:1.4615 STATE:IN_POS
[2026-05-04 20:32:04Z] CHK MOM:-0.06% RANGE:0.06% UP:0% SPREAD:0.06844626% BID:1.461 ASK:1.462 MID:1.4615 P1:1.4615 P2:1.4615 P3:1.4615 P4:1.4615 STATE:IN_POS
[2026-05-04 20:32:04Z] CHK MOM:-0.06% RANGE:0.06% UP:0% SPREAD:0.06844626% BID:1.461 ASK:1.462 MID:1.4615 P1:1.4615 P2:1.4615 P3:1.4615 P4:1.4615 STATE:IN_POS
[2026-05-04 20:32:05Z] CHK MOM:-0.06% RANGE:0.06% UP:0% SPREAD:0.06844626% BID:1.461 ASK:1.462 MID:1.4615 P1:1.4615 P2:1.4615 P3:1.4615 P4:1.4615 STATE:IN_POS
[2026-05-04 20:32:07Z] CHK MOM:0% RANGE:0% UP:0% SPREAD:0.06844626% BID:1.461 ASK:1.462 MID:1.4615 P1:1.4615 P2:1.4615 P3:1.4615 P4:1.4615 STATE:IN_POS
[2026-05-04 20:32:07Z] CHK MOM:0.06% RANGE:0.06% UP:20% SPREAD:0.06839945% BID:1.462 ASK:1.463 MID:1.4625 P1:1.4625 P2:1.4615 P3:1.4615 P4:1.4615 STATE:IN_POS
[2026-05-04 20:32:08Z] CHK MOM:0.06% RANGE:0.06% UP:20% SPREAD:0.06839945% BID:1.462 ASK:1.463 MID:1.4625 P1:1.4625 P2:1.4615 P3:1.4615 P4:1.4615 STATE:IN_POS
[2026-05-04 20:32:08Z] CHK MOM:0.06% RANGE:0.06% UP:20% SPREAD:0.06839945% BID:1.462 ASK:1.463 MID:1.4625 P1:1.4625 P2:1.4615 P3:1.4615 P4:1.4615 STATE:IN_POS
[2026-05-04 20:32:09Z] CHK MOM:0.06% RANGE:0.06% UP:20% SPREAD:0.06839945% BID:1.462 ASK:1.463 MID:1.4625 P1:1.4625 P2:1.4615 P3:1.4615 P4:1.4615 STATE:IN_POS
[2026-05-04 20:32:09Z] CHK MOM:0.03% RANGE:0.06% UP:20% SPREAD:0.13689253% BID:1.461 ASK:1.463 MID:1.462 P1:1.462 P2:1.4625 P3:1.4615 P4:1.4615 STATE:IN_POS
[2026-05-04 20:32:10Z] CHK MOM:0% RANGE:0.06% UP:25% SPREAD:0.06844626% BID:1.461 ASK:1.462 MID:1.4615 P1:1.4615 P2:1.462 P3:1.4625 P4:1.4615 STATE:IN_POS
[2026-05-04 20:32:10Z] CHK MOM:0% RANGE:0.06% UP:25% SPREAD:0.06844626% BID:1.461 ASK:1.462 MID:1.4615 P1:1.4615 P2:1.462 P3:1.4625 P4:1.4615 STATE:IN_POS
[2026-05-04 20:32:11Z] CHK MOM:0% RANGE:0.06% UP:25% SPREAD:0.06844626% BID:1.461 ASK:1.462 MID:1.4615 P1:1.4615 P2:1.462 P3:1.4625 P4:1.4615 STATE:IN_POS
[2026-05-04 20:32:11Z] CHK MOM:0% RANGE:0.06% UP:25% SPREAD:0.06844626% BID:1.461 ASK:1.462 MID:1.4615 P1:1.4615 P2:1.462 P3:1.4625 P4:1.4615 STATE:IN_POS
[2026-05-04 20:32:12Z] CHK MOM:0% RANGE:0.06% UP:25% SPREAD:0.06844626% BID:1.461 ASK:1.462 MID:1.4615 P1:1.4615 P2:1.462 P3:1.4625 P4:1.4615 STATE:IN_POS
[2026-05-04 20:32:13Z] CHK MOM:0% RANGE:0.06% UP:25% SPREAD:0.06844626% BID:1.461 ASK:1.462 MID:1.4615 P1:1.4615 P2:1.4615 P3:1.462 P4:1.4625 STATE:IN_POS
[2026-05-04 20:32:13Z] CHK MOM:0% RANGE:0.06% UP:20% SPREAD:0.06844626% BID:1.461 ASK:1.462 MID:1.4615 P1:1.4615 P2:1.4615 P3:1.4615 P4:1.462 STATE:IN_POS
[2026-05-04 20:32:14Z] CHK MOM:0% RANGE:0.06% UP:16.66% SPREAD:0.06844626% BID:1.461 ASK:1.462 MID:1.4615 P1:1.4615 P2:1.4615 P3:1.4615 P4:1.4615 STATE:IN_POS
[2026-05-04 20:32:14Z] CHK MOM:0% RANGE:0.06% UP:16.66% SPREAD:0.06839945% BID:1.462 ASK:1.463 MID:1.4625 P1:1.4625 P2:1.4615 P3:1.4615 P4:1.4615 STATE:IN_POS
[2026-05-04 20:32:15Z] CHK MOM:0% RANGE:0.06% UP:14.28% SPREAD:0.06839945% BID:1.462 ASK:1.463 MID:1.4625 P1:1.4625 P2:1.4625 P3:1.4615 P4:1.4615 STATE:IN_POS
[2026-05-04 20:32:15Z] CHK MOM:0% RANGE:0.06% UP:14.28% SPREAD:0.06839945% BID:1.462 ASK:1.463 MID:1.4625 P1:1.4625 P2:1.4625 P3:1.4615 P4:1.4615 STATE:IN_POS
[2026-05-04 20:32:16Z] CHK MOM:0% RANGE:0.06% UP:14.28% SPREAD:0.06839945% BID:1.462 ASK:1.463 MID:1.4625 P1:1.4625 P2:1.4625 P3:1.4615 P4:1.4615 STATE:IN_POS
[2026-05-04 20:32:16Z] CHK MOM:0% RANGE:0.06% UP:14.28% SPREAD:0.06839945% BID:1.462 ASK:1.463 MID:1.4625 P1:1.4625 P2:1.4625 P3:1.4615 P4:1.4615 STATE:IN_POS
[2026-05-04 20:32:17Z] CHK MOM:0.03% RANGE:0.06% UP:14.28% SPREAD:0.06839945% BID:1.462 ASK:1.463 MID:1.4625 P1:1.4625 P2:1.4625 P3:1.4625 P4:1.4615 STATE:IN_POS
[2026-05-04 20:32:18Z] CHK MOM:0.03% RANGE:0.06% UP:12.5% SPREAD:0.06839945% BID:1.462 ASK:1.463 MID:1.4625 P1:1.4625 P2:1.4625 P3:1.4625 P4:1.4625 STATE:IN_POS
[2026-05-04 20:32:18Z] CHK MOM:0.03% RANGE:0.06% UP:12.5% SPREAD:0.06839945% BID:1.462 ASK:1.463 MID:1.4625 P1:1.4625 P2:1.4625 P3:1.4625 P4:1.4625 STATE:IN_POS
[2026-05-04 20:32:19Z] CHK MOM:0.03% RANGE:0.06% UP:12.5% SPREAD:0.06839945% BID:1.462 ASK:1.463 MID:1.4625 P1:1.4625 P2:1.4625 P3:1.4625 P4:1.4625 STATE:IN_POS
[2026-05-04 20:32:19Z] CHK MOM:0.03% RANGE:0.06% UP:12.5% SPREAD:0.06839945% BID:1.462 ASK:1.463 MID:1.4625 P1:1.4625 P2:1.4625 P3:1.4625 P4:1.4625 STATE:IN_POS
[2026-05-04 20:32:20Z] CHK MOM:0.06% RANGE:0.06% UP:14.28% SPREAD:0.06839945% BID:1.462 ASK:1.463 MID:1.4625 P1:1.4625 P2:1.4625 P3:1.4625 P4:1.4625 STATE:IN_POS
[2026-05-04 20:32:20Z] CHK MOM:0.06% RANGE:0.06% UP:14.28% SPREAD:0.06839945% BID:1.462 ASK:1.463 MID:1.4625 P1:1.4625 P2:1.4625 P3:1.4625 P4:1.4625 STATE:IN_POS
[2026-05-04 20:32:22Z] CHK MOM:0.2% RANGE:0.2% UP:33.33% SPREAD:0.06830601% BID:1.464 ASK:1.465 MID:1.4645 P1:1.4645 P2:1.4625 P3:1.4625 P4:1.4625 STATE:IN_POS
[2026-05-04 20:32:22Z] CHK MOM:0.13% RANGE:0.13% UP:16.66% SPREAD:0.06830601% BID:1.464 ASK:1.465 MID:1.4645 P1:1.4645 P2:1.4645 P3:1.4625 P4:1.4625 STATE:IN_POS
[2026-05-04 20:32:23Z] CHK MOM:0.13% RANGE:0.13% UP:16.66% SPREAD:0.06830601% BID:1.464 ASK:1.465 MID:1.4645 P1:1.4645 P2:1.4645 P3:1.4625 P4:1.4625 STATE:IN_POS
[2026-05-04 20:32:23Z] CHK MOM:0.13% RANGE:0.13% UP:20% SPREAD:0.06830601% BID:1.464 ASK:1.465 MID:1.4645 P1:1.4645 P2:1.4645 P3:1.4645 P4:1.4625 STATE:IN_POS
[2026-05-04 20:32:24Z] CHK MOM:0.13% RANGE:0.13% UP:16.66% SPREAD:0.06830601% BID:1.464 ASK:1.465 MID:1.4645 P1:1.4645 P2:1.4645 P3:1.4645 P4:1.4645 STATE:IN_POS
[2026-05-04 20:32:24Z] CHK MOM:0.13% RANGE:0.13% UP:14.28% SPREAD:0.06830601% BID:1.464 ASK:1.465 MID:1.4645 P1:1.4645 P2:1.4645 P3:1.4645 P4:1.4645 STATE:IN_POS
[2026-05-04 20:32:25Z] CHK MOM:0.13% RANGE:0.13% UP:12.5% SPREAD:0.06830601% BID:1.464 ASK:1.465 MID:1.4645 P1:1.4645 P2:1.4645 P3:1.4645 P4:1.4645 STATE:IN_POS
[2026-05-04 20:32:25Z] CHK MOM:0.13% RANGE:0.13% UP:14.28% SPREAD:0.06830601% BID:1.464 ASK:1.465 MID:1.4645 P1:1.4645 P2:1.4645 P3:1.4645 P4:1.4645 STATE:IN_POS
[2026-05-04 20:32:26Z] CHK MOM:0.13% RANGE:0.13% UP:14.28% SPREAD:0.06830601% BID:1.464 ASK:1.465 MID:1.4645 P1:1.4645 P2:1.4645 P3:1.4645 P4:1.4645 STATE:IN_POS
[2026-05-04 20:32:26Z] CHK MOM:0.13% RANGE:0.13% UP:12.5% SPREAD:0.06830601% BID:1.464 ASK:1.465 MID:1.4645 P1:1.4645 P2:1.4645 P3:1.4645 P4:1.4645 STATE:IN_POS
[2026-05-04 20:32:27Z] CHK MOM:0.13% RANGE:0.13% UP:12.5% SPREAD:0.06830601% BID:1.464 ASK:1.465 MID:1.4645 P1:1.4645 P2:1.4645 P3:1.4645 P4:1.4645 STATE:IN_POS
[2026-05-04 20:32:27Z] CHK MOM:0.13% RANGE:0.13% UP:12.5% SPREAD:0.06830601% BID:1.464 ASK:1.465 MID:1.4645 P1:1.4645 P2:1.4645 P3:1.4645 P4:1.4645 STATE:IN_POS
[2026-05-04 20:32:28Z] CHK MOM:0.13% RANGE:0.13% UP:12.5% SPREAD:0.06830601% BID:1.464 ASK:1.465 MID:1.4645 P1:1.4645 P2:1.4645 P3:1.4645 P4:1.4645 STATE:IN_POS
[2026-05-04 20:32:29Z] CHK MOM:0% RANGE:0% UP:0% SPREAD:0.06830601% BID:1.464 ASK:1.465 MID:1.4645 P1:1.4645 P2:1.4645 P3:1.4645 P4:1.4645 STATE:IN_POS
[2026-05-04 20:32:29Z] CHK MOM:-0.06% RANGE:0.06% UP:0% SPREAD:0.06835269% BID:1.463 ASK:1.464 MID:1.4635 P1:1.4635 P2:1.4645 P3:1.4645 P4:1.4645 STATE:IN_POS
[2026-05-04 20:32:30Z] CHK MOM:-0.06% RANGE:0.06% UP:0% SPREAD:0.06835269% BID:1.463 ASK:1.464 MID:1.4635 P1:1.4635 P2:1.4635 P3:1.4645 P4:1.4645 STATE:IN_POS
[2026-05-04 20:32:30Z] CHK MOM:-0.13% RANGE:0.13% UP:0% SPREAD:0.06839945% BID:1.462 ASK:1.463 MID:1.4625 P1:1.4625 P2:1.4635 P3:1.4635 P4:1.4645 STATE:IN_POS
[2026-05-04 20:32:31Z] SELL symbol=TONUSDC qty=6.65 exit=1.462 pnl=0.013300000000000013 reason=PROTECT profile=major
[2026-05-04 20:32:42Z] CHK MOM:0.03% RANGE:0.03% UP:25% SPREAD:0.06830601% BID:1.464 ASK:1.465 MID:1.4645 P1:1.4645 P2:1.4645 P3:1.4645 P4:1.4645 STATE:IDLE
[2026-05-04 20:32:42Z] CHK MOM:0% RANGE:0% UP:0% SPREAD:0.06830601% BID:1.464 ASK:1.465 MID:1.4645 P1:1.4645 P2:1.4645 P3:1.4645 P4:1.4645 STATE:IDLE
[2026-05-04 20:32:43Z] CHK MOM:0% RANGE:0% UP:0% SPREAD:0.06830601% BID:1.464 ASK:1.465 MID:1.4645 P1:1.4645 P2:1.4645 P3:1.4645 P4:1.4645 STATE:IDLE
[2026-05-04 20:32:43Z] CHK MOM:0% RANGE:0% UP:0% SPREAD:0.06830601% BID:1.464 ASK:1.465 MID:1.4645 P1:1.4645 P2:1.4645 P3:1.4645 P4:1.4645 STATE:IDLE
[2026-05-04 20:32:44Z] CHK MOM:0% RANGE:0% UP:0% SPREAD:0.06830601% BID:1.464 ASK:1.465 MID:1.4645 P1:1.4645 P2:1.4645 P3:1.4645 P4:1.4645 STATE:IDLE
[2026-05-04 20:32:44Z] CHK MOM:0% RANGE:0% UP:0% SPREAD:0.06830601% BID:1.464 ASK:1.465 MID:1.4645 P1:1.4645 P2:1.4645 P3:1.4645 P4:1.4645 STATE:IDLE
[2026-05-04 20:32:45Z] CHK MOM:0% RANGE:0% UP:0% SPREAD:0.06830601% BID:1.464 ASK:1.465 MID:1.4645 P1:1.4645 P2:1.4645 P3:1.4645 P4:1.4645 STATE:IDLE
[2026-05-04 20:32:45Z] CHK MOM:0% RANGE:0% UP:0% SPREAD:0.06830601% BID:1.464 ASK:1.465 MID:1.4645 P1:1.4645 P2:1.4645 P3:1.4645 P4:1.4645 STATE:IDLE
[2026-05-04 20:32:46Z] CHK MOM:0% RANGE:0% UP:0% SPREAD:0.06830601% BID:1.464 ASK:1.465 MID:1.4645 P1:1.4645 P2:1.4645 P3:1.4645 P4:1.4645 STATE:IDLE
[2026-05-04 20:32:46Z] CHK MOM:0% RANGE:0% UP:0% SPREAD:0.06830601% BID:1.464 ASK:1.465 MID:1.4645 P1:1.4645 P2:1.4645 P3:1.4645 P4:1.4645 STATE:IDLE
[2026-05-04 20:32:47Z] CHK MOM:0% RANGE:0% UP:0% SPREAD:0.06830601% BID:1.464 ASK:1.465 MID:1.4645 P1:1.4645 P2:1.4645 P3:1.4645 P4:1.4645 STATE:IDLE
[2026-05-04 20:32:48Z] CHK MOM:0% RANGE:0% UP:0% SPREAD:0.06830601% BID:1.464 ASK:1.465 MID:1.4645 P1:1.4645 P2:1.4645 P3:1.4645 P4:1.4645 STATE:IDLE
[2026-05-04 20:32:48Z] CHK MOM:0% RANGE:0% UP:0% SPREAD:0.06830601% BID:1.464 ASK:1.465 MID:1.4645 P1:1.4645 P2:1.4645 P3:1.4645 P4:1.4645 STATE:IDLE
[2026-05-04 20:32:49Z] CHK MOM:0% RANGE:0% UP:0% SPREAD:0.06830601% BID:1.464 ASK:1.465 MID:1.4645 P1:1.4645 P2:1.4645 P3:1.4645 P4:1.4645 STATE:IDLE
[2026-05-04 20:32:49Z] CHK MOM:0% RANGE:0% UP:0% SPREAD:0.06830601% BID:1.464 ASK:1.465 MID:1.4645 P1:1.4645 P2:1.4645 P3:1.4645 P4:1.4645 STATE:IDLE
[2026-05-04 20:32:50Z] CHK MOM:0% RANGE:0% UP:0% SPREAD:0.06830601% BID:1.464 ASK:1.465 MID:1.4645 P1:1.4645 P2:1.4645 P3:1.4645 P4:1.4645 STATE:IDLE
[2026-05-04 20:32:50Z] CHK MOM:0% RANGE:0% UP:0% SPREAD:0.06830601% BID:1.464 ASK:1.465 MID:1.4645 P1:1.4645 P2:1.4645 P3:1.4645 P4:1.4645 STATE:IDLE
[2026-05-04 20:32:51Z] CHK MOM:0% RANGE:0% UP:0% SPREAD:0.06830601% BID:1.464 ASK:1.465 MID:1.4645 P1:1.4645 P2:1.4645 P3:1.4645 P4:1.4645 STATE:IDLE
[2026-05-04 20:32:51Z] CHK MOM:0% RANGE:0% UP:0% SPREAD:0.06830601% BID:1.464 ASK:1.465 MID:1.4645 P1:1.4645 P2:1.4645 P3:1.4645 P4:1.4645 STATE:IDLE
[2026-05-04 20:32:53Z] CHK MOM:-0.06% RANGE:0.06% UP:0% SPREAD:0.06835269% BID:1.463 ASK:1.464 MID:1.4635 P1:1.4635 P2:1.4645 P3:1.4645 P4:1.4645 STATE:IDLE
[2026-05-04 20:32:54Z] CHK MOM:-0.06% RANGE:0.06% UP:0% SPREAD:0.06835269% BID:1.463 ASK:1.464 MID:1.4635 P1:1.4635 P2:1.4635 P3:1.4645 P4:1.4645 STATE:IDLE
[2026-05-04 20:32:54Z] CHK MOM:-0.06% RANGE:0.06% UP:0% SPREAD:0.06835269% BID:1.463 ASK:1.464 MID:1.4635 P1:1.4635 P2:1.4635 P3:1.4645 P4:1.4645 STATE:IDLE
[2026-05-04 20:32:55Z] CHK MOM:-0.06% RANGE:0.06% UP:0% SPREAD:0.06835269% BID:1.463 ASK:1.464 MID:1.4635 P1:1.4635 P2:1.4635 P3:1.4635 P4:1.4645 STATE:IDLE
[2026-05-04 20:32:55Z] CHK MOM:-0.06% RANGE:0.06% UP:0% SPREAD:0.06835269% BID:1.463 ASK:1.464 MID:1.4635 P1:1.4635 P2:1.4635 P3:1.4635 P4:1.4645 STATE:IDLE
[2026-05-04 20:32:56Z] CHK MOM:-0.06% RANGE:0.06% UP:0% SPREAD:0.06835269% BID:1.463 ASK:1.464 MID:1.4635 P1:1.4635 P2:1.4635 P3:1.4635 P4:1.4645 STATE:IDLE
[2026-05-04 20:32:56Z] CHK MOM:-0.06% RANGE:0.06% UP:0% SPREAD:0.06835269% BID:1.463 ASK:1.464 MID:1.4635 P1:1.4635 P2:1.4635 P3:1.4635 P4:1.4645 STATE:IDLE
[2026-05-04 20:32:57Z] CHK MOM:-0.06% RANGE:0.06% UP:0% SPREAD:0.06835269% BID:1.463 ASK:1.464 MID:1.4635 P1:1.4635 P2:1.4635 P3:1.4635 P4:1.4645 STATE:IDLE
[2026-05-04 20:32:57Z] CHK MOM:-0.06% RANGE:0.06% UP:0% SPREAD:0.06835269% BID:1.463 ASK:1.464 MID:1.4635 P1:1.4635 P2:1.4635 P3:1.4635 P4:1.4645 STATE:IDLE
[2026-05-04 20:33:04Z] CHK MOM:0% RANGE:0% UP:0% SPREAD:0.06835269% BID:1.463 ASK:1.464 MID:1.4635 P1:1.4635 P2:1.4635 P3:1.4635 P4:1.4635 STATE:IDLE
[2026-05-04 20:33:04Z] CHK MOM:0% RANGE:0% UP:0% SPREAD:0.06835269% BID:1.463 ASK:1.464 MID:1.4635 P1:1.4635 P2:1.4635 P3:1.4635 P4:1.4635 STATE:IDLE
[2026-05-04 20:33:05Z] CHK MOM:0% RANGE:0% UP:0% SPREAD:0.06835269% BID:1.463 ASK:1.464 MID:1.4635 P1:1.4635 P2:1.4635 P3:1.4635 P4:1.4635 STATE:IDLE
[2026-05-04 20:33:05Z] CHK MOM:0% RANGE:0% UP:0% SPREAD:0.06835269% BID:1.463 ASK:1.464 MID:1.4635 P1:1.4635 P2:1.4635 P3:1.4635 P4:1.4635 STATE:IDLE
[2026-05-04 20:33:06Z] CHK MOM:0% RANGE:0% UP:0% SPREAD:0.06835269% BID:1.463 ASK:1.464 MID:1.4635 P1:1.4635 P2:1.4635 P3:1.4635 P4:1.4635 STATE:IDLE
[2026-05-04 20:33:06Z] CHK MOM:0% RANGE:0% UP:0% SPREAD:0.06835269% BID:1.463 ASK:1.464 MID:1.4635 P1:1.4635 P2:1.4635 P3:1.4635 P4:1.4635 STATE:IDLE
[2026-05-04 20:33:07Z] CHK MOM:0% RANGE:0% UP:0% SPREAD:0.06835269% BID:1.463 ASK:1.464 MID:1.4635 P1:1.4635 P2:1.4635 P3:1.4635 P4:1.4635 STATE:IDLE
[2026-05-04 20:33:07Z] CHK MOM:0% RANGE:0% UP:0% SPREAD:0.06835269% BID:1.463 ASK:1.464 MID:1.4635 P1:1.4635 P2:1.4635 P3:1.4635 P4:1.4635 STATE:IDLE
[2026-05-04 20:33:08Z] CHK MOM:0% RANGE:0% UP:0% SPREAD:0.06835269% BID:1.463 ASK:1.464 MID:1.4635 P1:1.4635 P2:1.4635 P3:1.4635 P4:1.4635 STATE:IDLE
[2026-05-04 20:33:08Z] CHK MOM:0% RANGE:0% UP:0% SPREAD:0.06835269% BID:1.463 ASK:1.464 MID:1.4635 P1:1.4635 P2:1.4635 P3:1.4635 P4:1.4635 STATE:IDLE
[2026-05-04 20:33:09Z] CHK MOM:0% RANGE:0% UP:0% SPREAD:0.06835269% BID:1.463 ASK:1.464 MID:1.4635 P1:1.4635 P2:1.4635 P3:1.4635 P4:1.4635 STATE:IDLE
[2026-05-04 20:33:10Z] CHK MOM:0% RANGE:0% UP:0% SPREAD:0.06835269% BID:1.463 ASK:1.464 MID:1.4635 P1:1.4635 P2:1.4635 P3:1.4635 P4:1.4635 STATE:IDLE
[2026-05-04 20:33:11Z] CHK MOM:0% RANGE:0% UP:0% SPREAD:0.06835269% BID:1.463 ASK:1.464 MID:1.4635 P1:1.4635 P2:1.4635 P3:1.4635 P4:1.4635 STATE:IDLE
[2026-05-04 20:33:11Z] CHK MOM:0% RANGE:0% UP:0% SPREAD:0.06835269% BID:1.463 ASK:1.464 MID:1.4635 P1:1.4635 P2:1.4635 P3:1.4635 P4:1.4635 STATE:IDLE
[2026-05-04 20:33:12Z] CHK MOM:0% RANGE:0% UP:0% SPREAD:0.06835269% BID:1.463 ASK:1.464 MID:1.4635 P1:1.4635 P2:1.4635 P3:1.4635 P4:1.4635 STATE:IDLE
[2026-05-04 20:33:12Z] CHK MOM:0% RANGE:0% UP:0% SPREAD:0.06835269% BID:1.463 ASK:1.464 MID:1.4635 P1:1.4635 P2:1.4635 P3:1.4635 P4:1.4635 STATE:IDLE
[2026-05-04 20:33:13Z] CHK MOM:0% RANGE:0% UP:0% SPREAD:0.06835269% BID:1.463 ASK:1.464 MID:1.4635 P1:1.4635 P2:1.4635 P3:1.4635 P4:1.4635 STATE:IDLE
[2026-05-04 20:33:17Z] CHK MOM:0% RANGE:0% UP:0% SPREAD:0.06835269% BID:1.463 ASK:1.464 MID:1.4635 P1:1.4635 P2:1.4635 P3:1.4635 P4:1.4635 STATE:IDLE
[2026-05-04 20:33:18Z] CHK MOM:0% RANGE:0% UP:0% SPREAD:0.06835269% BID:1.463 ASK:1.464 MID:1.4635 P1:1.4635 P2:1.4635 P3:1.4635 P4:1.4635 STATE:IDLE
[2026-05-04 20:33:18Z] CHK MOM:0% RANGE:0% UP:0% SPREAD:0.06835269% BID:1.463 ASK:1.464 MID:1.4635 P1:1.4635 P2:1.4635 P3:1.4635 P4:1.4635 STATE:IDLE
[2026-05-04 20:33:19Z] CHK MOM:0% RANGE:0% UP:0% SPREAD:0.06835269% BID:1.463 ASK:1.464 MID:1.4635 P1:1.4635 P2:1.4635 P3:1.4635 P4:1.4635 STATE:IDLE
[2026-05-04 20:33:19Z] CHK MOM:0% RANGE:0% UP:0% SPREAD:0.06835269% BID:1.463 ASK:1.464 MID:1.4635 P1:1.4635 P2:1.4635 P3:1.4635 P4:1.4635 STATE:IDLE
[2026-05-04 20:33:20Z] CHK MOM:0% RANGE:0% UP:0% SPREAD:0.06835269% BID:1.463 ASK:1.464 MID:1.4635 P1:1.4635 P2:1.4635 P3:1.4635 P4:1.4635 STATE:IDLE
[2026-05-04 20:33:20Z] CHK MOM:0% RANGE:0% UP:0% SPREAD:0.06835269% BID:1.463 ASK:1.464 MID:1.4635 P1:1.4635 P2:1.4635 P3:1.4635 P4:1.4635 STATE:IDLE
[2026-05-04 20:33:21Z] CHK MOM:0% RANGE:0% UP:0% SPREAD:0.06835269% BID:1.463 ASK:1.464 MID:1.4635 P1:1.4635 P2:1.4635 P3:1.4635 P4:1.4635 STATE:IDLE
[2026-05-04 20:33:21Z] CHK MOM:0% RANGE:0% UP:0% SPREAD:0.06835269% BID:1.463 ASK:1.464 MID:1.4635 P1:1.4635 P2:1.4635 P3:1.4635 P4:1.4635 STATE:IDLE
[2026-05-04 20:33:22Z] CHK MOM:0% RANGE:0% UP:0% SPREAD:0.06835269% BID:1.463 ASK:1.464 MID:1.4635 P1:1.4635 P2:1.4635 P3:1.4635 P4:1.4635 STATE:IDLE
[2026-05-04 20:33:23Z] CHK MOM:0% RANGE:0% UP:0% SPREAD:0.06835269% BID:1.463 ASK:1.464 MID:1.4635 P1:1.4635 P2:1.4635 P3:1.4635 P4:1.4635 STATE:IDLE
[2026-05-04 20:33:23Z] CHK MOM:0% RANGE:0% UP:0% SPREAD:0.06835269% BID:1.463 ASK:1.464 MID:1.4635 P1:1.4635 P2:1.4635 P3:1.4635 P4:1.4635 STATE:IDLE
[2026-05-04 20:33:24Z] CHK MOM:0% RANGE:0% UP:0% SPREAD:0.06835269% BID:1.463 ASK:1.464 MID:1.4635 P1:1.4635 P2:1.4635 P3:1.4635 P4:1.4635 STATE:IDLE
[2026-05-04 20:33:24Z] CHK MOM:0% RANGE:0% UP:0% SPREAD:0.06835269% BID:1.463 ASK:1.464 MID:1.4635 P1:1.4635 P2:1.4635 P3:1.4635 P4:1.4635 STATE:IDLE
[2026-05-04 20:33:25Z] CHK MOM:0% RANGE:0% UP:0% SPREAD:0.06835269% BID:1.463 ASK:1.464 MID:1.4635 P1:1.4635 P2:1.4635 P3:1.4635 P4:1.4635 STATE:IDLE
[2026-05-04 20:33:26Z] CHK MOM:0% RANGE:0% UP:0% SPREAD:0.06835269% BID:1.463 ASK:1.464 MID:1.4635 P1:1.4635 P2:1.4635 P3:1.4635 P4:1.4635 STATE:IDLE
[2026-05-04 20:33:26Z] CHK MOM:0% RANGE:0% UP:0% SPREAD:0.06835269% BID:1.463 ASK:1.464 MID:1.4635 P1:1.4635 P2:1.4635 P3:1.4635 P4:1.4635 STATE:IDLE
[2026-05-04 20:33:27Z] CHK MOM:0% RANGE:0% UP:0% SPREAD:0.06835269% BID:1.463 ASK:1.464 MID:1.4635 P1:1.4635 P2:1.4635 P3:1.4635 P4:1.4635 STATE:IDLE
[2026-05-04 20:33:27Z] CHK MOM:0% RANGE:0% UP:0% SPREAD:0.06835269% BID:1.463 ASK:1.464 MID:1.4635 P1:1.4635 P2:1.4635 P3:1.4635 P4:1.4635 STATE:IDLE
[2026-05-04 20:33:28Z] CHK MOM:0% RANGE:0% UP:0% SPREAD:0.06835269% BID:1.463 ASK:1.464 MID:1.4635 P1:1.4635 P2:1.4635 P3:1.4635 P4:1.4635 STATE:IDLE
[2026-05-04 20:33:29Z] CHK MOM:0% RANGE:0% UP:0% SPREAD:0.06835269% BID:1.463 ASK:1.464 MID:1.4635 P1:1.4635 P2:1.4635 P3:1.4635 P4:1.4635 STATE:IDLE
[2026-05-04 20:33:29Z] CHK MOM:0% RANGE:0% UP:0% SPREAD:0.06835269% BID:1.463 ASK:1.464 MID:1.4635 P1:1.4635 P2:1.4635 P3:1.4635 P4:1.4635 STATE:IDLE
[2026-05-04 20:33:30Z] CHK MOM:0% RANGE:0% UP:0% SPREAD:0.06835269% BID:1.463 ASK:1.464 MID:1.4635 P1:1.4635 P2:1.4635 P3:1.4635 P4:1.4635 STATE:IDLE
[2026-05-04 20:33:30Z] CHK MOM:0.06% RANGE:0.06% UP:14.28% SPREAD:0.06830601% BID:1.464 ASK:1.465 MID:1.4645 P1:1.4645 P2:1.4635 P3:1.4635 P4:1.4635 STATE:IDLE
[2026-05-04 20:33:31Z] CHK MOM:0.06% RANGE:0.06% UP:12.5% SPREAD:0.06830601% BID:1.464 ASK:1.465 MID:1.4645 P1:1.4645 P2:1.4645 P3:1.4635 P4:1.4635 STATE:IDLE
[2026-05-04 20:33:31Z] CHK MOM:0.06% RANGE:0.06% UP:11.11% SPREAD:0.06830601% BID:1.464 ASK:1.465 MID:1.4645 P1:1.4645 P2:1.4645 P3:1.4645 P4:1.4635 STATE:IDLE
[2026-05-04 20:33:32Z] CHK MOM:0.06% RANGE:0.06% UP:10% SPREAD:0.06830601% BID:1.464 ASK:1.465 MID:1.4645 P1:1.4645 P2:1.4645 P3:1.4645 P4:1.4645 STATE:IDLE
[2026-05-04 20:33:32Z] CHK MOM:0.06% RANGE:0.06% UP:9.09% SPREAD:0.06830601% BID:1.464 ASK:1.465 MID:1.4645 P1:1.4645 P2:1.4645 P3:1.4645 P4:1.4645 STATE:IDLE
[2026-05-04 20:33:33Z] CHK MOM:0.06% RANGE:0.06% UP:9.09% SPREAD:0.06830601% BID:1.464 ASK:1.465 MID:1.4645 P1:1.4645 P2:1.4645 P3:1.4645 P4:1.4645 STATE:IDLE
[2026-05-04 20:33:34Z] CHK MOM:0.06% RANGE:0.06% UP:9.09% SPREAD:0.06830601% BID:1.464 ASK:1.465 MID:1.4645 P1:1.4645 P2:1.4645 P3:1.4645 P4:1.4645 STATE:IDLE
[2026-05-04 20:33:34Z] CHK MOM:0.06% RANGE:0.06% UP:9.09% SPREAD:0.06830601% BID:1.464 ASK:1.465 MID:1.4645 P1:1.4645 P2:1.4645 P3:1.4645 P4:1.4645 STATE:IDLE
[2026-05-04 20:33:35Z] CHK MOM:0.06% RANGE:0.06% UP:9.09% SPREAD:0.06830601% BID:1.464 ASK:1.465 MID:1.4645 P1:1.4645 P2:1.4645 P3:1.4645 P4:1.4645 STATE:IDLE
[2026-05-04 20:33:35Z] CHK MOM:0.06% RANGE:0.06% UP:12.5% SPREAD:0.06830601% BID:1.464 ASK:1.465 MID:1.4645 P1:1.4645 P2:1.4645 P3:1.4645 P4:1.4645 STATE:IDLE
[2026-05-04 20:33:36Z] CHK MOM:0.06% RANGE:0.06% UP:11.11% SPREAD:0.06830601% BID:1.464 ASK:1.465 MID:1.4645 P1:1.4645 P2:1.4645 P3:1.4645 P4:1.4645 STATE:IDLE
[2026-05-04 20:33:36Z] CHK MOM:0.06% RANGE:0.06% UP:11.11% SPREAD:0.06830601% BID:1.464 ASK:1.465 MID:1.4645 P1:1.4645 P2:1.4645 P3:1.4645 P4:1.4645 STATE:IDLE
[2026-05-04 20:33:37Z] CHK MOM:0.06% RANGE:0.06% UP:11.11% SPREAD:0.06830601% BID:1.464 ASK:1.465 MID:1.4645 P1:1.4645 P2:1.4645 P3:1.4645 P4:1.4645 STATE:IDLE
[2026-05-04 20:33:37Z] CHK MOM:0.06% RANGE:0.06% UP:11.11% SPREAD:0.06830601% BID:1.464 ASK:1.465 MID:1.4645 P1:1.4645 P2:1.4645 P3:1.4645 P4:1.4645 STATE:IDLE
[2026-05-04 20:33:38Z] CHK MOM:0% RANGE:0% UP:0% SPREAD:0.06830601% BID:1.464 ASK:1.465 MID:1.4645 P1:1.4645 P2:1.4645 P3:1.4645 P4:1.4645 STATE:IDLE
[2026-05-04 20:33:38Z] CHK MOM:0% RANGE:0% UP:0% SPREAD:0.06830601% BID:1.464 ASK:1.465 MID:1.4645 P1:1.4645 P2:1.4645 P3:1.4645 P4:1.4645 STATE:IDLE
[2026-05-04 20:33:39Z] CHK MOM:0% RANGE:0% UP:0% SPREAD:0.06830601% BID:1.464 ASK:1.465 MID:1.4645 P1:1.4645 P2:1.4645 P3:1.4645 P4:1.4645 STATE:IDLE
[2026-05-04 20:33:40Z] CHK MOM:0% RANGE:0% UP:0% SPREAD:0.06830601% BID:1.464 ASK:1.465 MID:1.4645 P1:1.4645 P2:1.4645 P3:1.4645 P4:1.4645 STATE:IDLE
[2026-05-04 20:33:40Z] CHK MOM:0% RANGE:0% UP:0% SPREAD:0.06830601% BID:1.464 ASK:1.465 MID:1.4645 P1:1.4645 P2:1.4645 P3:1.4645 P4:1.4645 STATE:IDLE
[2026-05-04 20:33:41Z] CHK MOM:0% RANGE:0% UP:0% SPREAD:0.06830601% BID:1.464 ASK:1.465 MID:1.4645 P1:1.4645 P2:1.4645 P3:1.4645 P4:1.4645 STATE:IDLE
[2026-05-04 20:33:41Z] CHK MOM:0.06% RANGE:0.06% UP:16.66% SPREAD:0.06825938% BID:1.465 ASK:1.466 MID:1.4655 P1:1.4655 P2:1.4645 P3:1.4645 P4:1.4645 STATE:IDLE
[2026-05-04 20:33:42Z] CHK MOM:0.06% RANGE:0.06% UP:16.66% SPREAD:0.06825938% BID:1.465 ASK:1.466 MID:1.4655 P1:1.4655 P2:1.4645 P3:1.4645 P4:1.4645 STATE:IDLE
[2026-05-04 20:33:42Z] CHK MOM:0.06% RANGE:0.06% UP:14.28% SPREAD:0.06825938% BID:1.465 ASK:1.466 MID:1.4655 P1:1.4655 P2:1.4655 P3:1.4645 P4:1.4645 STATE:IDLE
[2026-05-04 20:33:43Z] CHK MOM:0.06% RANGE:0.06% UP:12.5% SPREAD:0.06825938% BID:1.465 ASK:1.466 MID:1.4655 P1:1.4655 P2:1.4655 P3:1.4655 P4:1.4645 STATE:IDLE
[2026-05-04 20:33:43Z] CHK MOM:0.06% RANGE:0.06% UP:12.5% SPREAD:0.06825938% BID:1.465 ASK:1.466 MID:1.4655 P1:1.4655 P2:1.4655 P3:1.4655 P4:1.4645 STATE:IDLE
[2026-05-04 20:33:44Z] CHK MOM:0.06% RANGE:0.06% UP:12.5% SPREAD:0.06825938% BID:1.465 ASK:1.466 MID:1.4655 P1:1.4655 P2:1.4655 P3:1.4655 P4:1.4655 STATE:IDLE
[2026-05-04 20:33:45Z] CHK MOM:0.06% RANGE:0.06% UP:12.5% SPREAD:0.06825938% BID:1.465 ASK:1.466 MID:1.4655 P1:1.4655 P2:1.4655 P3:1.4655 P4:1.4655 STATE:IDLE
[2026-05-04 20:33:45Z] CHK MOM:0.06% RANGE:0.06% UP:12.5% SPREAD:0.06825938% BID:1.465 ASK:1.466 MID:1.4655 P1:1.4655 P2:1.4655 P3:1.4655 P4:1.4655 STATE:IDLE
[2026-05-04 20:33:46Z] CHK MOM:0.06% RANGE:0.06% UP:12.5% SPREAD:0.06825938% BID:1.465 ASK:1.466 MID:1.4655 P1:1.4655 P2:1.4655 P3:1.4655 P4:1.4655 STATE:IDLE
[2026-05-04 20:33:46Z] CHK MOM:0.06% RANGE:0.06% UP:11.11% SPREAD:0.06825938% BID:1.465 ASK:1.466 MID:1.4655 P1:1.4655 P2:1.4655 P3:1.4655 P4:1.4655 STATE:IDLE
[2026-05-04 20:33:47Z] CHK MOM:0.06% RANGE:0.06% UP:11.11% SPREAD:0.06825938% BID:1.465 ASK:1.466 MID:1.4655 P1:1.4655 P2:1.4655 P3:1.4655 P4:1.4655 STATE:IDLE
[2026-05-04 20:33:47Z] CHK MOM:0.06% RANGE:0.06% UP:11.11% SPREAD:0.06825938% BID:1.465 ASK:1.466 MID:1.4655 P1:1.4655 P2:1.4655 P3:1.4655 P4:1.4655 STATE:IDLE
[2026-05-04 20:33:48Z] CHK MOM:0.06% RANGE:0.06% UP:11.11% SPREAD:0.06825938% BID:1.465 ASK:1.466 MID:1.4655 P1:1.4655 P2:1.4655 P3:1.4655 P4:1.4655 STATE:IDLE
[2026-05-04 20:33:48Z] CHK MOM:0.13% RANGE:0.13% UP:22.22% SPREAD:0.06821282% BID:1.466 ASK:1.467 MID:1.4665 P1:1.4665 P2:1.4655 P3:1.4655 P4:1.4655 STATE:IDLE
[2026-05-04 20:33:49Z] CHK MOM:0.13% RANGE:0.13% UP:22.22% SPREAD:0.06821282% BID:1.466 ASK:1.467 MID:1.4665 P1:1.4665 P2:1.4655 P3:1.4655 P4:1.4655 STATE:IDLE
[2026-05-04 20:33:49Z] CHK MOM:0.13% RANGE:0.13% UP:28.57% SPREAD:0.06816632% BID:1.467 ASK:1.468 MID:1.4675 P1:1.4675 P2:1.4665 P3:1.4655 P4:1.4655 STATE:IDLE
[2026-05-04 20:33:50Z] CHK MOM:0.13% RANGE:0.13% UP:25% SPREAD:0.06816632% BID:1.467 ASK:1.468 MID:1.4675 P1:1.4675 P2:1.4675 P3:1.4665 P4:1.4655 STATE:IDLE
[2026-05-04 20:33:51Z] CHK MOM:0.13% RANGE:0.13% UP:28.57% SPREAD:0.06816632% BID:1.467 ASK:1.468 MID:1.4675 P1:1.4675 P2:1.4675 P3:1.4675 P4:1.4665 STATE:IDLE
[2026-05-04 20:33:51Z] CHK MOM:0.13% RANGE:0.13% UP:28.57% SPREAD:0.06816632% BID:1.467 ASK:1.468 MID:1.4675 P1:1.4675 P2:1.4675 P3:1.4675 P4:1.4665 STATE:IDLE
[2026-05-04 20:33:52Z] CHK MOM:0.13% RANGE:0.13% UP:28.57% SPREAD:0.06816632% BID:1.467 ASK:1.468 MID:1.4675 P1:1.4675 P2:1.4675 P3:1.4675 P4:1.4665 STATE:IDLE
[2026-05-04 20:33:52Z] CHK MOM:0.13% RANGE:0.13% UP:28.57% SPREAD:0.06816632% BID:1.467 ASK:1.468 MID:1.4675 P1:1.4675 P2:1.4675 P3:1.4675 P4:1.4665 STATE:IDLE
[2026-05-04 20:33:53Z] CHK MOM:0.13% RANGE:0.13% UP:28.57% SPREAD:0.06816632% BID:1.467 ASK:1.468 MID:1.4675 P1:1.4675 P2:1.4675 P3:1.4675 P4:1.4665 STATE:IDLE
[2026-05-04 20:33:53Z] CHK MOM:0.13% RANGE:0.13% UP:28.57% SPREAD:0.06816632% BID:1.467 ASK:1.468 MID:1.4675 P1:1.4675 P2:1.4675 P3:1.4675 P4:1.4665 STATE:IDLE
[2026-05-04 20:33:58Z] CHK MOM:0.17% RANGE:0.17% UP:33.33% SPREAD:0.13614703% BID:1.469 ASK:1.471 MID:1.47 P1:1.47 P2:1.4675 P3:1.4675 P4:1.4675 STATE:IDLE
[2026-05-04 20:33:58Z] CHK MOM:0.2% RANGE:0.2% UP:100% SPREAD:0.06802721% BID:1.47 ASK:1.471 MID:1.4705 P1:1.4705 P2:1.47 P3:1.4675 P4:1.4675 STATE:IDLE
[2026-05-04 20:33:59Z] CHK MOM:0.23% RANGE:0.23% UP:100% SPREAD:0.13605442% BID:1.47 ASK:1.472 MID:1.471 P1:1.471 P2:1.4705 P3:1.47 P4:1.4675 STATE:IDLE
[2026-05-04 20:33:59Z] CHK MOM:0.06% RANGE:0.06% UP:66.66% SPREAD:0.13605442% BID:1.47 ASK:1.472 MID:1.471 P1:1.471 P2:1.471 P3:1.4705 P4:1.47 STATE:IDLE
[2026-05-04 20:34:00Z] CHK MOM:0.06% RANGE:0.06% UP:50% SPREAD:0.13605442% BID:1.47 ASK:1.472 MID:1.471 P1:1.471 P2:1.471 P3:1.471 P4:1.4705 STATE:IDLE
[2026-05-04 20:34:00Z] CHK MOM:0.1% RANGE:0.1% UP:60% SPREAD:0.06798096% BID:1.471 ASK:1.472 MID:1.4715 P1:1.4715 P2:1.471 P3:1.471 P4:1.471 STATE:IDLE
[2026-05-04 20:34:01Z] CHK MOM:0.1% RANGE:0.1% UP:50% SPREAD:0.06798096% BID:1.471 ASK:1.472 MID:1.4715 P1:1.4715 P2:1.4715 P3:1.471 P4:1.471 STATE:IDLE
[2026-05-04 20:34:01Z] CHK MOM:0.1% RANGE:0.1% UP:50% SPREAD:0.06798096% BID:1.471 ASK:1.472 MID:1.4715 P1:1.4715 P2:1.4715 P3:1.471 P4:1.471 STATE:IDLE
[2026-05-04 20:34:02Z] CHK MOM:0.03% RANGE:0.1% UP:42.85% SPREAD:0.06802721% BID:1.47 ASK:1.471 MID:1.4705 P1:1.4705 P2:1.4715 P3:1.4715 P4:1.471 STATE:IDLE
[2026-05-04 20:34:02Z] CHK MOM:0.03% RANGE:0.1% UP:37.5% SPREAD:0.06802721% BID:1.47 ASK:1.471 MID:1.4705 P1:1.4705 P2:1.4705 P3:1.4715 P4:1.4715 STATE:IDLE
[2026-05-04 20:34:03Z] CHK MOM:0.03% RANGE:0.1% UP:33.33% SPREAD:0.06802721% BID:1.47 ASK:1.471 MID:1.4705 P1:1.4705 P2:1.4705 P3:1.4705 P4:1.4715 STATE:IDLE
[2026-05-04 20:34:04Z] CHK MOM:-0.03% RANGE:0.13% UP:30% SPREAD:0.06807351% BID:1.469 ASK:1.47 MID:1.4695 P1:1.4695 P2:1.4705 P3:1.4705 P4:1.4705 STATE:IDLE
[2026-05-04 20:34:04Z] CHK MOM:-0.1% RANGE:0.2% UP:27.27% SPREAD:0.06811989% BID:1.468 ASK:1.469 MID:1.4685 P1:1.4685 P2:1.4695 P3:1.4705 P4:1.4705 STATE:IDLE
[2026-05-04 20:34:05Z] CHK MOM:-0.1% RANGE:0.2% UP:27.27% SPREAD:0.06811989% BID:1.468 ASK:1.469 MID:1.4685 P1:1.4685 P2:1.4695 P3:1.4705 P4:1.4705 STATE:IDLE
[2026-05-04 20:34:05Z] CHK MOM:-0.1% RANGE:0.2% UP:27.27% SPREAD:0.06811989% BID:1.468 ASK:1.469 MID:1.4685 P1:1.4685 P2:1.4695 P3:1.4705 P4:1.4705 STATE:IDLE
[2026-05-04 20:34:06Z] CHK MOM:-0.1% RANGE:0.2% UP:27.27% SPREAD:0.06811989% BID:1.468 ASK:1.469 MID:1.4685 P1:1.4685 P2:1.4695 P3:1.4705 P4:1.4705 STATE:IDLE
[2026-05-04 20:34:06Z] CHK MOM:-0.23% RANGE:0.27% UP:10% SPREAD:0.06816632% BID:1.467 ASK:1.468 MID:1.4675 P1:1.4675 P2:1.4685 P3:1.4695 P4:1.4705 STATE:IDLE
[2026-05-04 20:34:07Z] CHK MOM:-0.16% RANGE:0.27% UP:20% SPREAD:0.06811989% BID:1.468 ASK:1.469 MID:1.4685 P1:1.4685 P2:1.4675 P3:1.4685 P4:1.4695 STATE:IDLE
[2026-05-04 20:34:07Z] CHK MOM:-0.16% RANGE:0.27% UP:20% SPREAD:0.06811989% BID:1.468 ASK:1.469 MID:1.4685 P1:1.4685 P2:1.4675 P3:1.4685 P4:1.4695 STATE:IDLE
[2026-05-04 20:34:08Z] CHK MOM:-0.16% RANGE:0.27% UP:20% SPREAD:0.06811989% BID:1.468 ASK:1.469 MID:1.4685 P1:1.4685 P2:1.4675 P3:1.4685 P4:1.4695 STATE:IDLE
[2026-05-04 20:34:09Z] CHK MOM:-0.13% RANGE:0.2% UP:14.28% SPREAD:0.06811989% BID:1.468 ASK:1.469 MID:1.4685 P1:1.4685 P2:1.4685 P3:1.4675 P4:1.4685 STATE:IDLE
[2026-05-04 20:34:09Z] CHK MOM:-0.13% RANGE:0.2% UP:12.5% SPREAD:0.06811989% BID:1.468 ASK:1.469 MID:1.4685 P1:1.4685 P2:1.4685 P3:1.4685 P4:1.4675 STATE:IDLE
[2026-05-04 20:34:10Z] CHK MOM:-0.13% RANGE:0.2% UP:12.5% SPREAD:0.06811989% BID:1.468 ASK:1.469 MID:1.4685 P1:1.4685 P2:1.4685 P3:1.4685 P4:1.4675 STATE:IDLE
[2026-05-04 20:34:10Z] CHK MOM:-0.13% RANGE:0.2% UP:12.5% SPREAD:0.06811989% BID:1.468 ASK:1.469 MID:1.4685 P1:1.4685 P2:1.4685 P3:1.4685 P4:1.4685 STATE:IDLE
[2026-05-04 20:34:11Z] CHK MOM:-0.13% RANGE:0.2% UP:12.5% SPREAD:0.06811989% BID:1.468 ASK:1.469 MID:1.4685 P1:1.4685 P2:1.4685 P3:1.4685 P4:1.4685 STATE:IDLE
[2026-05-04 20:34:11Z] CHK MOM:0.06% RANGE:0.13% UP:33.33% SPREAD:0.06807351% BID:1.469 ASK:1.47 MID:1.4695 P1:1.4695 P2:1.4685 P3:1.4685 P4:1.4685 STATE:IDLE
[2026-05-04 20:34:12Z] CHK MOM:0.06% RANGE:0.13% UP:33.33% SPREAD:0.06807351% BID:1.469 ASK:1.47 MID:1.4695 P1:1.4695 P2:1.4685 P3:1.4685 P4:1.4685 STATE:IDLE
[2026-05-04 20:34:12Z] CHK MOM:0.06% RANGE:0.13% UP:28.57% SPREAD:0.06807351% BID:1.469 ASK:1.47 MID:1.4695 P1:1.4695 P2:1.4695 P3:1.4685 P4:1.4685 STATE:IDLE
[2026-05-04 20:34:13Z] CHK MOM:0.13% RANGE:0.13% UP:28.57% SPREAD:0.06807351% BID:1.469 ASK:1.47 MID:1.4695 P1:1.4695 P2:1.4695 P3:1.4695 P4:1.4685 STATE:IDLE
[2026-05-04 20:34:14Z] CHK MOM:0.13% RANGE:0.13% UP:25% SPREAD:0.06807351% BID:1.469 ASK:1.47 MID:1.4695 P1:1.4695 P2:1.4695 P3:1.4695 P4:1.4695 STATE:IDLE
[2026-05-04 20:34:14Z] CHK MOM:0.13% RANGE:0.13% UP:22.22% SPREAD:0.06807351% BID:1.469 ASK:1.47 MID:1.4695 P1:1.4695 P2:1.4695 P3:1.4695 P4:1.4695 STATE:IDLE
[2026-05-04 20:34:15Z] CHK MOM:0.13% RANGE:0.13% UP:22.22% SPREAD:0.06807351% BID:1.469 ASK:1.47 MID:1.4695 P1:1.4695 P2:1.4695 P3:1.4695 P4:1.4695 STATE:IDLE
[2026-05-04 20:34:15Z] CHK MOM:0.13% RANGE:0.13% UP:25% SPREAD:0.06802721% BID:1.47 ASK:1.471 MID:1.4705 P1:1.4705 P2:1.4695 P3:1.4695 P4:1.4695 STATE:IDLE
[2026-05-04 20:34:16Z] CHK MOM:0.13% RANGE:0.13% UP:25% SPREAD:0.06802721% BID:1.47 ASK:1.471 MID:1.4705 P1:1.4705 P2:1.4695 P3:1.4695 P4:1.4695 STATE:IDLE
[2026-05-04 20:34:16Z] CHK MOM:0.13% RANGE:0.13% UP:22.22% SPREAD:0.06802721% BID:1.47 ASK:1.471 MID:1.4705 P1:1.4705 P2:1.4705 P3:1.4695 P4:1.4695 STATE:IDLE
[2026-05-04 20:34:17Z] CHK MOM:0.13% RANGE:0.13% UP:20% SPREAD:0.06802721% BID:1.47 ASK:1.471 MID:1.4705 P1:1.4705 P2:1.4705 P3:1.4705 P4:1.4695 STATE:IDLE
[2026-05-04 20:34:17Z] CHK MOM:0.1% RANGE:0.13% UP:20% SPREAD:0.13614703% BID:1.469 ASK:1.471 MID:1.47 P1:1.47 P2:1.4705 P3:1.4705 P4:1.4705 STATE:IDLE
[2026-05-04 20:34:18Z] CHK MOM:0.06% RANGE:0.13% UP:20% SPREAD:0.06807351% BID:1.469 ASK:1.47 MID:1.4695 P1:1.4695 P2:1.47 P3:1.4705 P4:1.4705 STATE:IDLE
[2026-05-04 20:34:18Z] CHK MOM:0.06% RANGE:0.13% UP:20% SPREAD:0.06807351% BID:1.469 ASK:1.47 MID:1.4695 P1:1.4695 P2:1.47 P3:1.4705 P4:1.4705 STATE:IDLE
[2026-05-04 20:34:19Z] CHK MOM:0% RANGE:0.06% UP:10% SPREAD:0.06807351% BID:1.469 ASK:1.47 MID:1.4695 P1:1.4695 P2:1.4695 P3:1.47 P4:1.4705 STATE:IDLE
[2026-05-04 20:34:20Z] CHK MOM:-0.03% RANGE:0.1% UP:10% SPREAD:0.13623978% BID:1.468 ASK:1.47 MID:1.46899999 P1:1.46899999 P2:1.4695 P3:1.4695 P4:1.47 STATE:IDLE
[2026-05-04 20:34:20Z] CHK MOM:-0.03% RANGE:0.1% UP:9.09% SPREAD:0.13623978% BID:1.468 ASK:1.47 MID:1.46899999 P1:1.46899999 P2:1.46899999 P3:1.4695 P4:1.4695 STATE:IDLE
[2026-05-04 20:34:21Z] CHK MOM:-0.03% RANGE:0.1% UP:9.09% SPREAD:0.13623978% BID:1.468 ASK:1.47 MID:1.46899999 P1:1.46899999 P2:1.46899999 P3:1.4695 P4:1.4695 STATE:IDLE
[2026-05-04 20:34:21Z] CHK MOM:0% RANGE:0.1% UP:20% SPREAD:0.06807351% BID:1.469 ASK:1.47 MID:1.4695 P1:1.4695 P2:1.46899999 P3:1.46899999 P4:1.4695 STATE:IDLE
[2026-05-04 20:34:22Z] CHK MOM:0% RANGE:0.1% UP:20% SPREAD:0.06807351% BID:1.469 ASK:1.47 MID:1.4695 P1:1.4695 P2:1.46899999 P3:1.46899999 P4:1.4695 STATE:IDLE
[2026-05-04 20:34:22Z] CHK MOM:0% RANGE:0.1% UP:20% SPREAD:0.06807351% BID:1.469 ASK:1.47 MID:1.4695 P1:1.4695 P2:1.46899999 P3:1.46899999 P4:1.4695 STATE:IDLE
[2026-05-04 20:34:23Z] CHK MOM:0% RANGE:0.1% UP:20% SPREAD:0.06807351% BID:1.469 ASK:1.47 MID:1.4695 P1:1.4695 P2:1.46899999 P3:1.46899999 P4:1.4695 STATE:IDLE
[2026-05-04 20:34:23Z] CHK MOM:-0.06% RANGE:0.1% UP:11.11% SPREAD:0.06807351% BID:1.469 ASK:1.47 MID:1.4695 P1:1.4695 P2:1.4695 P3:1.46899999 P4:1.46899999 STATE:IDLE
[2026-05-04 20:34:24Z] CHK MOM:-0.06% RANGE:0.1% UP:11.11% SPREAD:0.06807351% BID:1.469 ASK:1.47 MID:1.4695 P1:1.4695 P2:1.4695 P3:1.46899999 P4:1.46899999 STATE:IDLE
[2026-05-04 20:34:25Z] CHK MOM:-0.06% RANGE:0.1% UP:11.11% SPREAD:0.06807351% BID:1.469 ASK:1.47 MID:1.4695 P1:1.4695 P2:1.4695 P3:1.46899999 P4:1.46899999 STATE:IDLE
[2026-05-04 20:34:25Z] CHK MOM:-0.06% RANGE:0.1% UP:11.11% SPREAD:0.06807351% BID:1.469 ASK:1.47 MID:1.4695 P1:1.4695 P2:1.4695 P3:1.46899999 P4:1.46899999 STATE:IDLE
[2026-05-04 20:34:26Z] CHK MOM:-0.06% RANGE:0.1% UP:11.11% SPREAD:0.06807351% BID:1.469 ASK:1.47 MID:1.4695 P1:1.4695 P2:1.4695 P3:1.46899999 P4:1.46899999 STATE:IDLE
[2026-05-04 20:34:27Z] CHK MOM:-0.06% RANGE:0.06% UP:20% SPREAD:0.06811989% BID:1.468 ASK:1.469 MID:1.4685 P1:1.4685 P2:1.4695 P3:1.4695 P4:1.46899999 STATE:IDLE
[2026-05-04 20:34:27Z] CHK MOM:-0.06% RANGE:0.06% UP:20% SPREAD:0.06811989% BID:1.468 ASK:1.469 MID:1.4685 P1:1.4685 P2:1.4695 P3:1.4695 P4:1.46899999 STATE:IDLE
[2026-05-04 20:34:28Z] CHK MOM:-0.06% RANGE:0.06% UP:20% SPREAD:0.06811989% BID:1.468 ASK:1.469 MID:1.4685 P1:1.4685 P2:1.4695 P3:1.4695 P4:1.46899999 STATE:IDLE
[2026-05-04 20:34:28Z] CHK MOM:-0.06% RANGE:0.06% UP:20% SPREAD:0.06811989% BID:1.468 ASK:1.469 MID:1.4685 P1:1.4685 P2:1.4695 P3:1.4695 P4:1.46899999 STATE:IDLE
[2026-05-04 20:34:29Z] CHK MOM:-0.06% RANGE:0.06% UP:0% SPREAD:0.06811989% BID:1.468 ASK:1.469 MID:1.4685 P1:1.4685 P2:1.4685 P3:1.4695 P4:1.4695 STATE:IDLE
[2026-05-04 20:34:29Z] CHK MOM:-0.06% RANGE:0.06% UP:0% SPREAD:0.06811989% BID:1.468 ASK:1.469 MID:1.4685 P1:1.4685 P2:1.4685 P3:1.4695 P4:1.4695 STATE:IDLE
[2026-05-04 20:34:30Z] CHK MOM:-0.06% RANGE:0.06% UP:0% SPREAD:0.06811989% BID:1.468 ASK:1.469 MID:1.4685 P1:1.4685 P2:1.4685 P3:1.4695 P4:1.4695 STATE:IDLE
[2026-05-04 20:34:31Z] CHK MOM:-0.06% RANGE:0.06% UP:0% SPREAD:0.06811989% BID:1.468 ASK:1.469 MID:1.4685 P1:1.4685 P2:1.4685 P3:1.4695 P4:1.4695 STATE:IDLE
[2026-05-04 20:34:31Z] CHK MOM:-0.06% RANGE:0.06% UP:0% SPREAD:0.06811989% BID:1.468 ASK:1.469 MID:1.4685 P1:1.4685 P2:1.4685 P3:1.4695 P4:1.4695 STATE:IDLE
[2026-05-04 20:34:32Z] CHK MOM:-0.06% RANGE:0.06% UP:0% SPREAD:0.06811989% BID:1.468 ASK:1.469 MID:1.4685 P1:1.4685 P2:1.4685 P3:1.4695 P4:1.4695 STATE:IDLE
[2026-05-04 20:34:36Z] CHK MOM:0.06% RANGE:0.06% UP:100% SPREAD:0.06807351% BID:1.469 ASK:1.47 MID:1.4695 P1:1.4695 P2:1.4685 P3:1.4685 P4:1.4695 STATE:IDLE
[2026-05-04 20:34:37Z] CHK MOM:0.06% RANGE:0.06% UP:50% SPREAD:0.06807351% BID:1.469 ASK:1.47 MID:1.4695 P1:1.4695 P2:1.4695 P3:1.4685 P4:1.4685 STATE:IDLE
[2026-05-04 20:34:37Z] CHK MOM:0% RANGE:0% UP:0% SPREAD:0.06807351% BID:1.469 ASK:1.47 MID:1.4695 P1:1.4695 P2:1.4695 P3:1.4695 P4:1.4685 STATE:IDLE
[2026-05-04 20:34:38Z] CHK MOM:0% RANGE:0% UP:0% SPREAD:0.06807351% BID:1.469 ASK:1.47 MID:1.4695 P1:1.4695 P2:1.4695 P3:1.4695 P4:1.4695 STATE:IDLE
[2026-05-04 20:34:38Z] CHK MOM:0% RANGE:0% UP:0% SPREAD:0.06807351% BID:1.469 ASK:1.47 MID:1.4695 P1:1.4695 P2:1.4695 P3:1.4695 P4:1.4695 STATE:IDLE
[2026-05-04 20:34:39Z] CHK MOM:0% RANGE:0% UP:0% SPREAD:0.06807351% BID:1.469 ASK:1.47 MID:1.4695 P1:1.4695 P2:1.4695 P3:1.4695 P4:1.4695 STATE:IDLE
[2026-05-04 20:34:39Z] CHK MOM:-0.06% RANGE:0.06% UP:0% SPREAD:0.06811989% BID:1.468 ASK:1.469 MID:1.4685 P1:1.4685 P2:1.4695 P3:1.4695 P4:1.4695 STATE:IDLE
[2026-05-04 20:34:40Z] CHK MOM:-0.06% RANGE:0.06% UP:0% SPREAD:0.06811989% BID:1.468 ASK:1.469 MID:1.4685 P1:1.4685 P2:1.4685 P3:1.4695 P4:1.4695 STATE:IDLE
[2026-05-04 20:34:40Z] CHK MOM:-0.06% RANGE:0.06% UP:0% SPREAD:0.06811989% BID:1.468 ASK:1.469 MID:1.4685 P1:1.4685 P2:1.4685 P3:1.4695 P4:1.4695 STATE:IDLE
[2026-05-04 20:34:41Z] CHK MOM:-0.06% RANGE:0.06% UP:0% SPREAD:0.06811989% BID:1.468 ASK:1.469 MID:1.4685 P1:1.4685 P2:1.4685 P3:1.4685 P4:1.4695 STATE:IDLE
[2026-05-04 20:34:41Z] CHK MOM:-0.06% RANGE:0.06% UP:0% SPREAD:0.06811989% BID:1.468 ASK:1.469 MID:1.4685 P1:1.4685 P2:1.4685 P3:1.4685 P4:1.4685 STATE:IDLE
[2026-05-04 20:34:42Z] CHK MOM:-0.06% RANGE:0.06% UP:0% SPREAD:0.06811989% BID:1.468 ASK:1.469 MID:1.4685 P1:1.4685 P2:1.4685 P3:1.4685 P4:1.4685 STATE:IDLE
[2026-05-04 20:34:42Z] CHK MOM:-0.06% RANGE:0.06% UP:0% SPREAD:0.06811989% BID:1.468 ASK:1.469 MID:1.4685 P1:1.4685 P2:1.4685 P3:1.4685 P4:1.4685 STATE:IDLE
[2026-05-04 20:34:43Z] CHK MOM:-0.06% RANGE:0.06% UP:0% SPREAD:0.06811989% BID:1.468 ASK:1.469 MID:1.4685 P1:1.4685 P2:1.4685 P3:1.4685 P4:1.4685 STATE:IDLE
[2026-05-04 20:34:43Z] CHK MOM:-0.06% RANGE:0.06% UP:0% SPREAD:0.06811989% BID:1.468 ASK:1.469 MID:1.4685 P1:1.4685 P2:1.4685 P3:1.4685 P4:1.4685 STATE:IDLE
[2026-05-04 20:34:44Z] CHK MOM:-0.06% RANGE:0.06% UP:0% SPREAD:0.06811989% BID:1.468 ASK:1.469 MID:1.4685 P1:1.4685 P2:1.4685 P3:1.4685 P4:1.4685 STATE:IDLE
[2026-05-04 20:34:45Z] CHK MOM:-0.06% RANGE:0.06% UP:0% SPREAD:0.06811989% BID:1.468 ASK:1.469 MID:1.4685 P1:1.4685 P2:1.4685 P3:1.4685 P4:1.4685 STATE:IDLE
[2026-05-04 20:34:46Z] CHK MOM:-0.06% RANGE:0.06% UP:0% SPREAD:0.06811989% BID:1.468 ASK:1.469 MID:1.4685 P1:1.4685 P2:1.4685 P3:1.4685 P4:1.4685 STATE:IDLE
[2026-05-04 20:34:46Z] CHK MOM:0% RANGE:0% UP:0% SPREAD:0.06811989% BID:1.468 ASK:1.469 MID:1.4685 P1:1.4685 P2:1.4685 P3:1.4685 P4:1.4685 STATE:IDLE
[2026-05-04 20:34:47Z] CHK MOM:0% RANGE:0% UP:0% SPREAD:0.06811989% BID:1.468 ASK:1.469 MID:1.4685 P1:1.4685 P2:1.4685 P3:1.4685 P4:1.4685 STATE:IDLE
[2026-05-04 20:34:47Z] CHK MOM:0.06% RANGE:0.06% UP:16.66% SPREAD:0.06807351% BID:1.469 ASK:1.47 MID:1.4695 P1:1.4695 P2:1.4685 P3:1.4685 P4:1.4685 STATE:IDLE
[2026-05-04 20:34:48Z] CHK MOM:0.06% RANGE:0.06% UP:16.66% SPREAD:0.06807351% BID:1.469 ASK:1.47 MID:1.4695 P1:1.4695 P2:1.4685 P3:1.4685 P4:1.4685 STATE:IDLE
[2026-05-04 20:34:48Z] CHK MOM:0.06% RANGE:0.06% UP:16.66% SPREAD:0.06807351% BID:1.469 ASK:1.47 MID:1.4695 P1:1.4695 P2:1.4685 P3:1.4685 P4:1.4685 STATE:IDLE
[2026-05-04 20:34:49Z] CHK MOM:0.06% RANGE:0.06% UP:16.66% SPREAD:0.06807351% BID:1.469 ASK:1.47 MID:1.4695 P1:1.4695 P2:1.4685 P3:1.4685 P4:1.4685 STATE:IDLE
[2026-05-04 20:34:49Z] CHK MOM:0.06% RANGE:0.06% UP:25% SPREAD:0.06807351% BID:1.469 ASK:1.47 MID:1.4695 P1:1.4695 P2:1.4695 P3:1.4685 P4:1.4685 STATE:IDLE
[2026-05-04 20:34:50Z] CHK MOM:0.06% RANGE:0.06% UP:25% SPREAD:0.06807351% BID:1.469 ASK:1.47 MID:1.4695 P1:1.4695 P2:1.4695 P3:1.4685 P4:1.4685 STATE:IDLE
[2026-05-04 20:34:50Z] CHK MOM:0.06% RANGE:0.06% UP:25% SPREAD:0.06807351% BID:1.469 ASK:1.47 MID:1.4695 P1:1.4695 P2:1.4695 P3:1.4695 P4:1.4685 STATE:IDLE
[2026-05-04 20:34:51Z] CHK MOM:0.06% RANGE:0.06% UP:25% SPREAD:0.06807351% BID:1.469 ASK:1.47 MID:1.4695 P1:1.4695 P2:1.4695 P3:1.4695 P4:1.4685 STATE:IDLE
[2026-05-04 20:34:51Z] CHK MOM:0.06% RANGE:0.06% UP:20% SPREAD:0.06807351% BID:1.469 ASK:1.47 MID:1.4695 P1:1.4695 P2:1.4695 P3:1.4695 P4:1.4695 STATE:IDLE
[2026-05-04 20:34:52Z] CHK MOM:0% RANGE:0.06% UP:16.66% SPREAD:0.06811989% BID:1.468 ASK:1.469 MID:1.4685 P1:1.4685 P2:1.4695 P3:1.4695 P4:1.4695 STATE:IDLE
[2026-05-04 20:34:53Z] CHK MOM:0% RANGE:0.06% UP:14.28% SPREAD:0.06811989% BID:1.468 ASK:1.469 MID:1.4685 P1:1.4685 P2:1.4685 P3:1.4695 P4:1.4695 STATE:IDLE
[2026-05-04 20:34:53Z] CHK MOM:0% RANGE:0.06% UP:14.28% SPREAD:0.06811989% BID:1.468 ASK:1.469 MID:1.4685 P1:1.4685 P2:1.4685 P3:1.4685 P4:1.4695 STATE:IDLE
[2026-05-04 20:34:54Z] CHK MOM:-0.06% RANGE:0.13% UP:12.5% SPREAD:0.06816632% BID:1.467 ASK:1.468 MID:1.4675 P1:1.4675 P2:1.4685 P3:1.4685 P4:1.4685 STATE:IDLE
[2026-05-04 20:34:54Z] CHK MOM:-0.13% RANGE:0.13% UP:0% SPREAD:0.06816632% BID:1.467 ASK:1.468 MID:1.4675 P1:1.4675 P2:1.4675 P3:1.4685 P4:1.4685 STATE:IDLE
[2026-05-04 20:34:55Z] CHK MOM:-0.13% RANGE:0.13% UP:0% SPREAD:0.06816632% BID:1.467 ASK:1.468 MID:1.4675 P1:1.4675 P2:1.4675 P3:1.4675 P4:1.4685 STATE:IDLE
[2026-05-04 20:34:55Z] CHK MOM:-0.13% RANGE:0.13% UP:0% SPREAD:0.06816632% BID:1.467 ASK:1.468 MID:1.4675 P1:1.4675 P2:1.4675 P3:1.4675 P4:1.4685 STATE:IDLE
[2026-05-04 20:34:56Z] CHK MOM:-0.27% RANGE:0.27% UP:0% SPREAD:0.06825938% BID:1.465 ASK:1.466 MID:1.4655 P1:1.4655 P2:1.4675 P3:1.4675 P4:1.4675 STATE:IDLE
[2026-05-04 20:34:57Z] CHK MOM:-0.27% RANGE:0.27% UP:0% SPREAD:0.06825938% BID:1.465 ASK:1.466 MID:1.4655 P1:1.4655 P2:1.4655 P3:1.4675 P4:1.4675 STATE:IDLE
[2026-05-04 20:34:57Z] CHK MOM:-0.27% RANGE:0.27% UP:0% SPREAD:0.06825938% BID:1.465 ASK:1.466 MID:1.4655 P1:1.4655 P2:1.4655 P3:1.4655 P4:1.4675 STATE:IDLE
[2026-05-04 20:34:58Z] CHK MOM:-0.27% RANGE:0.27% UP:0% SPREAD:0.06825938% BID:1.465 ASK:1.466 MID:1.4655 P1:1.4655 P2:1.4655 P3:1.4655 P4:1.4675 STATE:IDLE
[2026-05-04 20:34:58Z] CHK MOM:-0.27% RANGE:0.27% UP:0% SPREAD:0.06825938% BID:1.465 ASK:1.466 MID:1.4655 P1:1.4655 P2:1.4655 P3:1.4655 P4:1.4655 STATE:IDLE
[2026-05-04 20:34:59Z] CHK MOM:-0.27% RANGE:0.27% UP:0% SPREAD:0.06825938% BID:1.465 ASK:1.466 MID:1.4655 P1:1.4655 P2:1.4655 P3:1.4655 P4:1.4655 STATE:IDLE
[2026-05-04 20:34:59Z] CHK MOM:-0.34% RANGE:0.34% UP:0% SPREAD:0.06830601% BID:1.464 ASK:1.465 MID:1.4645 P1:1.4645 P2:1.4655 P3:1.4655 P4:1.4655 STATE:IDLE
[2026-05-04 20:35:00Z] CHK MOM:-0.27% RANGE:0.27% UP:0% SPREAD:0.06830601% BID:1.464 ASK:1.465 MID:1.4645 P1:1.4645 P2:1.4645 P3:1.4655 P4:1.4655 STATE:IDLE
[2026-05-04 20:35:00Z] CHK MOM:-0.2% RANGE:0.27% UP:8.33% SPREAD:0.06825938% BID:1.465 ASK:1.466 MID:1.4655 P1:1.4655 P2:1.4645 P3:1.4645 P4:1.4655 STATE:IDLE
[2026-05-04 20:35:01Z] CHK MOM:-0.2% RANGE:0.27% UP:8.33% SPREAD:0.06825938% BID:1.465 ASK:1.466 MID:1.4655 P1:1.4655 P2:1.4655 P3:1.4645 P4:1.4645 STATE:IDLE
[2026-05-04 20:35:01Z] CHK MOM:-0.2% RANGE:0.27% UP:8.33% SPREAD:0.06825938% BID:1.465 ASK:1.466 MID:1.4655 P1:1.4655 P2:1.4655 P3:1.4645 P4:1.4645 STATE:IDLE
[2026-05-04 20:35:02Z] CHK MOM:-0.2% RANGE:0.27% UP:8.33% SPREAD:0.06825938% BID:1.465 ASK:1.466 MID:1.4655 P1:1.4655 P2:1.4655 P3:1.4645 P4:1.4645 STATE:IDLE
[2026-05-04 20:35:03Z] CHK MOM:-0.13% RANGE:0.2% UP:9.09% SPREAD:0.06825938% BID:1.465 ASK:1.466 MID:1.4655 P1:1.4655 P2:1.4655 P3:1.4655 P4:1.4645 STATE:IDLE
[2026-05-04 20:35:03Z] CHK MOM:-0.13% RANGE:0.2% UP:9.09% SPREAD:0.06825938% BID:1.465 ASK:1.466 MID:1.4655 P1:1.4655 P2:1.4655 P3:1.4655 P4:1.4645 STATE:IDLE
[2026-05-04 20:35:04Z] CHK MOM:-0.13% RANGE:0.2% UP:9.09% SPREAD:0.06825938% BID:1.465 ASK:1.466 MID:1.4655 P1:1.4655 P2:1.4655 P3:1.4655 P4:1.4645 STATE:IDLE
[2026-05-04 20:35:04Z] CHK MOM:-0.13% RANGE:0.2% UP:9.09% SPREAD:0.06825938% BID:1.465 ASK:1.466 MID:1.4655 P1:1.4655 P2:1.4655 P3:1.4655 P4:1.4645 STATE:IDLE
[2026-05-04 20:35:05Z] CHK MOM:0% RANGE:0.06% UP:12.5% SPREAD:0.06825938% BID:1.465 ASK:1.466 MID:1.4655 P1:1.4655 P2:1.4655 P3:1.4655 P4:1.4655 STATE:IDLE
[2026-05-04 20:35:05Z] CHK MOM:0% RANGE:0.06% UP:12.5% SPREAD:0.06825938% BID:1.465 ASK:1.466 MID:1.4655 P1:1.4655 P2:1.4655 P3:1.4655 P4:1.4655 STATE:IDLE
[2026-05-04 20:35:06Z] CHK MOM:0% RANGE:0.06% UP:12.5% SPREAD:0.06825938% BID:1.465 ASK:1.466 MID:1.4655 P1:1.4655 P2:1.4655 P3:1.4655 P4:1.4655 STATE:IDLE
[2026-05-04 20:35:06Z] CHK MOM:0% RANGE:0.06% UP:12.5% SPREAD:0.06825938% BID:1.465 ASK:1.466 MID:1.4655 P1:1.4655 P2:1.4655 P3:1.4655 P4:1.4655 STATE:IDLE
[2026-05-04 20:35:07Z] CHK MOM:0% RANGE:0.06% UP:12.5% SPREAD:0.06825938% BID:1.465 ASK:1.466 MID:1.4655 P1:1.4655 P2:1.4655 P3:1.4655 P4:1.4655 STATE:IDLE
[2026-05-04 20:35:07Z] CHK MOM:0% RANGE:0.06% UP:12.5% SPREAD:0.06825938% BID:1.465 ASK:1.466 MID:1.4655 P1:1.4655 P2:1.4655 P3:1.4655 P4:1.4655 STATE:IDLE
[2026-05-04 20:35:08Z] CHK MOM:0% RANGE:0.06% UP:12.5% SPREAD:0.06825938% BID:1.465 ASK:1.466 MID:1.4655 P1:1.4655 P2:1.4655 P3:1.4655 P4:1.4655 STATE:IDLE
[2026-05-04 20:35:09Z] CHK MOM:0% RANGE:0.06% UP:12.5% SPREAD:0.06825938% BID:1.465 ASK:1.466 MID:1.4655 P1:1.4655 P2:1.4655 P3:1.4655 P4:1.4655 STATE:IDLE
[2026-05-04 20:35:09Z] CHK MOM:-0.03% RANGE:0.03% UP:0% SPREAD:0.13661202% BID:1.464 ASK:1.466 MID:1.46499999 P1:1.46499999 P2:1.4655 P3:1.4655 P4:1.4655 STATE:IDLE
[2026-05-04 20:35:10Z] CHK MOM:0% RANGE:0.03% UP:20% SPREAD:0.06825938% BID:1.465 ASK:1.466 MID:1.4655 P1:1.4655 P2:1.46499999 P3:1.4655 P4:1.4655 STATE:IDLE
[2026-05-04 20:35:10Z] CHK MOM:0% RANGE:0.03% UP:20% SPREAD:0.06825938% BID:1.465 ASK:1.466 MID:1.4655 P1:1.4655 P2:1.46499999 P3:1.4655 P4:1.4655 STATE:IDLE
[2026-05-04 20:35:11Z] CHK MOM:0% RANGE:0.03% UP:20% SPREAD:0.06825938% BID:1.465 ASK:1.466 MID:1.4655 P1:1.4655 P2:1.46499999 P3:1.4655 P4:1.4655 STATE:IDLE
[2026-05-04 20:35:11Z] CHK MOM:0% RANGE:0.03% UP:20% SPREAD:0.06825938% BID:1.465 ASK:1.466 MID:1.4655 P1:1.4655 P2:1.4655 P3:1.46499999 P4:1.4655 STATE:IDLE
[2026-05-04 20:35:12Z] CHK MOM:0% RANGE:0.03% UP:20% SPREAD:0.06825938% BID:1.465 ASK:1.466 MID:1.4655 P1:1.4655 P2:1.4655 P3:1.46499999 P4:1.4655 STATE:IDLE
[2026-05-04 20:35:12Z] CHK MOM:0% RANGE:0.03% UP:20% SPREAD:0.06825938% BID:1.465 ASK:1.466 MID:1.4655 P1:1.4655 P2:1.4655 P3:1.46499999 P4:1.4655 STATE:IDLE
[2026-05-04 20:35:13Z] CHK MOM:0% RANGE:0.03% UP:20% SPREAD:0.06825938% BID:1.465 ASK:1.466 MID:1.4655 P1:1.4655 P2:1.4655 P3:1.46499999 P4:1.4655 STATE:IDLE
[2026-05-04 20:35:14Z] CHK MOM:0% RANGE:0.03% UP:20% SPREAD:0.06825938% BID:1.465 ASK:1.466 MID:1.4655 P1:1.4655 P2:1.4655 P3:1.46499999 P4:1.4655 STATE:IDLE
[2026-05-04 20:35:16Z] CHK MOM:0.03% RANGE:0.03% UP:33.33% SPREAD:0.06825938% BID:1.465 ASK:1.466 MID:1.4655 P1:1.4655 P2:1.4655 P3:1.4655 P4:1.46499999 STATE:IDLE
[2026-05-04 20:35:17Z] CHK MOM:0.03% RANGE:0.03% UP:33.33% SPREAD:0.06825938% BID:1.465 ASK:1.466 MID:1.4655 P1:1.4655 P2:1.4655 P3:1.4655 P4:1.46499999 STATE:IDLE
[2026-05-04 20:35:17Z] CHK MOM:0% RANGE:0% UP:0% SPREAD:0.06825938% BID:1.465 ASK:1.466 MID:1.4655 P1:1.4655 P2:1.4655 P3:1.4655 P4:1.4655 STATE:IDLE
[2026-05-04 20:35:18Z] CHK MOM:0% RANGE:0% UP:0% SPREAD:0.06825938% BID:1.465 ASK:1.466 MID:1.4655 P1:1.4655 P2:1.4655 P3:1.4655 P4:1.4655 STATE:IDLE
[2026-05-04 20:35:18Z] CHK MOM:0% RANGE:0% UP:0% SPREAD:0.06825938% BID:1.465 ASK:1.466 MID:1.4655 P1:1.4655 P2:1.4655 P3:1.4655 P4:1.4655 STATE:IDLE
[2026-05-04 20:35:19Z] CHK MOM:0% RANGE:0% UP:0% SPREAD:0.06825938% BID:1.465 ASK:1.466 MID:1.4655 P1:1.4655 P2:1.4655 P3:1.4655 P4:1.4655 STATE:IDLE
[2026-05-04 20:35:20Z] CHK MOM:0% RANGE:0% UP:0% SPREAD:0.06825938% BID:1.465 ASK:1.466 MID:1.4655 P1:1.4655 P2:1.4655 P3:1.4655 P4:1.4655 STATE:IDLE
[2026-05-04 20:35:21Z] CHK MOM:0% RANGE:0% UP:0% SPREAD:0.06825938% BID:1.465 ASK:1.466 MID:1.4655 P1:1.4655 P2:1.4655 P3:1.4655 P4:1.4655 STATE:IDLE
[2026-05-04 20:35:21Z] CHK MOM:0% RANGE:0% UP:0% SPREAD:0.06825938% BID:1.465 ASK:1.466 MID:1.4655 P1:1.4655 P2:1.4655 P3:1.4655 P4:1.4655 STATE:IDLE
[2026-05-04 20:35:22Z] CHK MOM:0% RANGE:0% UP:0% SPREAD:0.06825938% BID:1.465 ASK:1.466 MID:1.4655 P1:1.4655 P2:1.4655 P3:1.4655 P4:1.4655 STATE:IDLE
[2026-05-04 20:35:22Z] CHK MOM:0% RANGE:0% UP:0% SPREAD:0.06825938% BID:1.465 ASK:1.466 MID:1.4655 P1:1.4655 P2:1.4655 P3:1.4655 P4:1.4655 STATE:IDLE
[2026-05-04 20:35:23Z] CHK MOM:0% RANGE:0% UP:0% SPREAD:0.06825938% BID:1.465 ASK:1.466 MID:1.4655 P1:1.4655 P2:1.4655 P3:1.4655 P4:1.4655 STATE:IDLE
[2026-05-04 20:35:23Z] CHK MOM:0% RANGE:0% UP:0% SPREAD:0.06825938% BID:1.465 ASK:1.466 MID:1.4655 P1:1.4655 P2:1.4655 P3:1.4655 P4:1.4655 STATE:IDLE
[2026-05-04 20:35:24Z] CHK MOM:0% RANGE:0% UP:0% SPREAD:0.06825938% BID:1.465 ASK:1.466 MID:1.4655 P1:1.4655 P2:1.4655 P3:1.4655 P4:1.4655 STATE:IDLE
[2026-05-04 20:35:25Z] CHK MOM:0% RANGE:0% UP:0% SPREAD:0.06825938% BID:1.465 ASK:1.466 MID:1.4655 P1:1.4655 P2:1.4655 P3:1.4655 P4:1.4655 STATE:IDLE
[2026-05-04 20:35:25Z] CHK MOM:0% RANGE:0% UP:0% SPREAD:0.06825938% BID:1.465 ASK:1.466 MID:1.4655 P1:1.4655 P2:1.4655 P3:1.4655 P4:1.4655 STATE:IDLE
[2026-05-04 20:35:26Z] CHK MOM:0% RANGE:0% UP:0% SPREAD:0.06825938% BID:1.465 ASK:1.466 MID:1.4655 P1:1.4655 P2:1.4655 P3:1.4655 P4:1.4655 STATE:IDLE
[2026-05-04 20:35:26Z] CHK MOM:0.06% RANGE:0.06% UP:16.66% SPREAD:0.06821282% BID:1.466 ASK:1.467 MID:1.4665 P1:1.4665 P2:1.4655 P3:1.4655 P4:1.4655 STATE:IDLE
[2026-05-04 20:35:27Z] CHK MOM:0.06% RANGE:0.06% UP:16.66% SPREAD:0.06821282% BID:1.466 ASK:1.467 MID:1.4665 P1:1.4665 P2:1.4655 P3:1.4655 P4:1.4655 STATE:IDLE
[2026-05-04 20:35:27Z] CHK MOM:0.06% RANGE:0.06% UP:16.66% SPREAD:0.06821282% BID:1.466 ASK:1.467 MID:1.4665 P1:1.4665 P2:1.4655 P3:1.4655 P4:1.4655 STATE:IDLE
[2026-05-04 20:35:28Z] CHK MOM:0.06% RANGE:0.06% UP:14.28% SPREAD:0.06821282% BID:1.466 ASK:1.467 MID:1.4665 P1:1.4665 P2:1.4665 P3:1.4655 P4:1.4655 STATE:IDLE
[2026-05-04 20:35:28Z] CHK MOM:0.06% RANGE:0.06% UP:14.28% SPREAD:0.06821282% BID:1.466 ASK:1.467 MID:1.4665 P1:1.4665 P2:1.4665 P3:1.4655 P4:1.4655 STATE:IDLE
[2026-05-04 20:35:29Z] CHK MOM:0.06% RANGE:0.06% UP:12.5% SPREAD:0.06821282% BID:1.466 ASK:1.467 MID:1.4665 P1:1.4665 P2:1.4665 P3:1.4665 P4:1.4655 STATE:IDLE
[2026-05-04 20:35:29Z] CHK MOM:0.06% RANGE:0.06% UP:12.5% SPREAD:0.06821282% BID:1.466 ASK:1.467 MID:1.4665 P1:1.4665 P2:1.4665 P3:1.4665 P4:1.4655 STATE:IDLE
[2026-05-04 20:35:30Z] CHK MOM:0.06% RANGE:0.06% UP:12.5% SPREAD:0.06821282% BID:1.466 ASK:1.467 MID:1.4665 P1:1.4665 P2:1.4665 P3:1.4665 P4:1.4665 STATE:IDLE
[2026-05-04 20:35:31Z] CHK MOM:0.06% RANGE:0.06% UP:12.5% SPREAD:0.06821282% BID:1.466 ASK:1.467 MID:1.4665 P1:1.4665 P2:1.4665 P3:1.4665 P4:1.4665 STATE:IDLE
[2026-05-04 20:35:31Z] CHK MOM:0.06% RANGE:0.06% UP:16.66% SPREAD:0.06821282% BID:1.466 ASK:1.467 MID:1.4665 P1:1.4665 P2:1.4665 P3:1.4665 P4:1.4665 STATE:IDLE
[2026-05-04 20:35:32Z] CHK MOM:0.06% RANGE:0.06% UP:16.66% SPREAD:0.06821282% BID:1.466 ASK:1.467 MID:1.4665 P1:1.4665 P2:1.4665 P3:1.4665 P4:1.4665 STATE:IDLE
[2026-05-04 20:35:32Z] CHK MOM:0.06% RANGE:0.06% UP:16.66% SPREAD:0.06821282% BID:1.466 ASK:1.467 MID:1.4665 P1:1.4665 P2:1.4665 P3:1.4665 P4:1.4665 STATE:IDLE
[2026-05-04 20:35:33Z] CHK MOM:0.06% RANGE:0.06% UP:16.66% SPREAD:0.06821282% BID:1.466 ASK:1.467 MID:1.4665 P1:1.4665 P2:1.4665 P3:1.4665 P4:1.4665 STATE:IDLE
[2026-05-04 20:35:33Z] CHK MOM:0.06% RANGE:0.06% UP:16.66% SPREAD:0.06821282% BID:1.466 ASK:1.467 MID:1.4665 P1:1.4665 P2:1.4665 P3:1.4665 P4:1.4665 STATE:IDLE
[2026-05-04 20:35:34Z] CHK MOM:0.06% RANGE:0.06% UP:16.66% SPREAD:0.06821282% BID:1.466 ASK:1.467 MID:1.4665 P1:1.4665 P2:1.4665 P3:1.4665 P4:1.4665 STATE:IDLE
[2026-05-04 20:35:34Z] CHK MOM:0.06% RANGE:0.06% UP:20% SPREAD:0.06816632% BID:1.467 ASK:1.468 MID:1.4675 P1:1.4675 P2:1.4665 P3:1.4665 P4:1.4665 STATE:IDLE
[2026-05-04 20:35:35Z] CHK MOM:0.06% RANGE:0.06% UP:20% SPREAD:0.06816632% BID:1.467 ASK:1.468 MID:1.4675 P1:1.4675 P2:1.4665 P3:1.4665 P4:1.4665 STATE:IDLE
[2026-05-04 20:35:36Z] CHK MOM:0.06% RANGE:0.06% UP:20% SPREAD:0.06816632% BID:1.467 ASK:1.468 MID:1.4675 P1:1.4675 P2:1.4665 P3:1.4665 P4:1.4665 STATE:IDLE
[2026-05-04 20:35:36Z] CHK MOM:0.06% RANGE:0.06% UP:25% SPREAD:0.06816632% BID:1.467 ASK:1.468 MID:1.4675 P1:1.4675 P2:1.4675 P3:1.4665 P4:1.4665 STATE:IDLE
[2026-05-04 20:35:37Z] CHK MOM:0.06% RANGE:0.06% UP:25% SPREAD:0.06816632% BID:1.467 ASK:1.468 MID:1.4675 P1:1.4675 P2:1.4675 P3:1.4675 P4:1.4665 STATE:IDLE
[2026-05-04 20:35:37Z] CHK MOM:0.06% RANGE:0.06% UP:25% SPREAD:0.06816632% BID:1.467 ASK:1.468 MID:1.4675 P1:1.4675 P2:1.4675 P3:1.4675 P4:1.4665 STATE:IDLE
[2026-05-04 20:35:38Z] CHK MOM:0.06% RANGE:0.06% UP:25% SPREAD:0.06816632% BID:1.467 ASK:1.468 MID:1.4675 P1:1.4675 P2:1.4675 P3:1.4675 P4:1.4665 STATE:IDLE
[2026-05-04 20:35:38Z] CHK MOM:0.06% RANGE:0.06% UP:25% SPREAD:0.06816632% BID:1.467 ASK:1.468 MID:1.4675 P1:1.4675 P2:1.4675 P3:1.4675 P4:1.4665 STATE:IDLE
[2026-05-04 20:35:39Z] CHK MOM:0.06% RANGE:0.06% UP:25% SPREAD:0.06816632% BID:1.467 ASK:1.468 MID:1.4675 P1:1.4675 P2:1.4675 P3:1.4675 P4:1.4665 STATE:IDLE
[2026-05-04 20:35:39Z] CHK MOM:0.06% RANGE:0.06% UP:25% SPREAD:0.06816632% BID:1.467 ASK:1.468 MID:1.4675 P1:1.4675 P2:1.4675 P3:1.4675 P4:1.4665 STATE:IDLE
[2026-05-04 20:35:41Z] CHK MOM:0% RANGE:0% UP:0% SPREAD:0.06816632% BID:1.467 ASK:1.468 MID:1.4675 P1:1.4675 P2:1.4675 P3:1.4675 P4:1.4675 STATE:IDLE
[2026-05-04 20:35:42Z] CHK MOM:0.06% RANGE:0.06% UP:25% SPREAD:0.06811989% BID:1.468 ASK:1.469 MID:1.4685 P1:1.4685 P2:1.4675 P3:1.4675 P4:1.4675 STATE:IDLE
[2026-05-04 20:35:42Z] CHK MOM:0.06% RANGE:0.06% UP:25% SPREAD:0.06811989% BID:1.468 ASK:1.469 MID:1.4685 P1:1.4685 P2:1.4685 P3:1.4675 P4:1.4675 STATE:IDLE
[2026-05-04 20:35:43Z] CHK MOM:0.06% RANGE:0.06% UP:25% SPREAD:0.06811989% BID:1.468 ASK:1.469 MID:1.4685 P1:1.4685 P2:1.4685 P3:1.4675 P4:1.4675 STATE:IDLE
[2026-05-04 20:35:43Z] CHK MOM:0.06% RANGE:0.06% UP:20% SPREAD:0.06811989% BID:1.468 ASK:1.469 MID:1.4685 P1:1.4685 P2:1.4685 P3:1.4685 P4:1.4675 STATE:IDLE
[2026-05-04 20:35:44Z] CHK MOM:0% RANGE:0.06% UP:16.66% SPREAD:0.06816632% BID:1.467 ASK:1.468 MID:1.4675 P1:1.4675 P2:1.4685 P3:1.4685 P4:1.4685 STATE:IDLE
[2026-05-04 20:35:44Z] CHK MOM:0% RANGE:0.06% UP:14.28% SPREAD:0.06816632% BID:1.467 ASK:1.468 MID:1.4675 P1:1.4675 P2:1.4675 P3:1.4685 P4:1.4685 STATE:IDLE
[2026-05-04 20:35:45Z] CHK MOM:0% RANGE:0.06% UP:14.28% SPREAD:0.06816632% BID:1.467 ASK:1.468 MID:1.4675 P1:1.4675 P2:1.4675 P3:1.4675 P4:1.4685 STATE:IDLE
[2026-05-04 20:35:45Z] CHK MOM:0% RANGE:0.06% UP:14.28% SPREAD:0.06816632% BID:1.467 ASK:1.468 MID:1.4675 P1:1.4675 P2:1.4675 P3:1.4675 P4:1.4685 STATE:IDLE
[2026-05-04 20:35:46Z] CHK MOM:0% RANGE:0.06% UP:14.28% SPREAD:0.06816632% BID:1.467 ASK:1.468 MID:1.4675 P1:1.4675 P2:1.4675 P3:1.4675 P4:1.4685 STATE:IDLE
[2026-05-04 20:35:47Z] CHK MOM:0% RANGE:0.06% UP:14.28% SPREAD:0.06816632% BID:1.467 ASK:1.468 MID:1.4675 P1:1.4675 P2:1.4675 P3:1.4675 P4:1.4675 STATE:IDLE
[2026-05-04 20:35:47Z] CHK MOM:0% RANGE:0.06% UP:14.28% SPREAD:0.06816632% BID:1.467 ASK:1.468 MID:1.4675 P1:1.4675 P2:1.4675 P3:1.4675 P4:1.4675 STATE:IDLE
[2026-05-04 20:35:48Z] CHK MOM:0% RANGE:0.06% UP:14.28% SPREAD:0.06816632% BID:1.467 ASK:1.468 MID:1.4675 P1:1.4675 P2:1.4675 P3:1.4675 P4:1.4675 STATE:IDLE
[2026-05-04 20:35:48Z] CHK MOM:0% RANGE:0.06% UP:14.28% SPREAD:0.06816632% BID:1.467 ASK:1.468 MID:1.4675 P1:1.4675 P2:1.4675 P3:1.4675 P4:1.4675 STATE:IDLE
[2026-05-04 20:35:49Z] CHK MOM:0% RANGE:0.06% UP:14.28% SPREAD:0.06816632% BID:1.467 ASK:1.468 MID:1.4675 P1:1.4675 P2:1.4675 P3:1.4675 P4:1.4675 STATE:IDLE
[2026-05-04 20:35:51Z] CHK MOM:-0.06% RANGE:0.06% UP:0% SPREAD:0.06816632% BID:1.467 ASK:1.468 MID:1.4675 P1:1.4675 P2:1.4675 P3:1.4675 P4:1.4675 STATE:IDLE
[2026-05-04 20:35:51Z] CHK MOM:0% RANGE:0.06% UP:16.66% SPREAD:0.06811989% BID:1.468 ASK:1.469 MID:1.4685 P1:1.4685 P2:1.4675 P3:1.4675 P4:1.4675 STATE:IDLE
[2026-05-04 20:35:52Z] CHK MOM:0% RANGE:0.06% UP:16.66% SPREAD:0.06811989% BID:1.468 ASK:1.469 MID:1.4685 P1:1.4685 P2:1.4675 P3:1.4675 P4:1.4675 STATE:IDLE
[2026-05-04 20:35:53Z] CHK MOM:0% RANGE:0.06% UP:16.66% SPREAD:0.06811989% BID:1.468 ASK:1.469 MID:1.4685 P1:1.4685 P2:1.4675 P3:1.4675 P4:1.4675 STATE:IDLE
[2026-05-04 20:35:53Z] CHK MOM:0% RANGE:0.06% UP:16.66% SPREAD:0.06811989% BID:1.468 ASK:1.469 MID:1.4685 P1:1.4685 P2:1.4675 P3:1.4675 P4:1.4675 STATE:IDLE
[2026-05-04 20:35:54Z] CHK MOM:0% RANGE:0.06% UP:16.66% SPREAD:0.06811989% BID:1.468 ASK:1.469 MID:1.4685 P1:1.4685 P2:1.4675 P3:1.4675 P4:1.4675 STATE:IDLE
[2026-05-04 20:35:56Z] CHK MOM:0.06% RANGE:0.06% UP:50% SPREAD:0.06811989% BID:1.468 ASK:1.469 MID:1.4685 P1:1.4685 P2:1.4685 P3:1.4675 P4:1.4675 STATE:IDLE
[2026-05-04 20:35:57Z] CHK MOM:0.06% RANGE:0.06% UP:50% SPREAD:0.06811989% BID:1.468 ASK:1.469 MID:1.4685 P1:1.4685 P2:1.4685 P3:1.4675 P4:1.4675 STATE:IDLE
[2026-05-04 20:35:58Z] CHK MOM:0.06% RANGE:0.06% UP:33.33% SPREAD:0.06811989% BID:1.468 ASK:1.469 MID:1.4685 P1:1.4685 P2:1.4685 P3:1.4685 P4:1.4675 STATE:IDLE
[2026-05-04 20:35:58Z] CHK MOM:0% RANGE:0.06% UP:25% SPREAD:0.06816632% BID:1.467 ASK:1.468 MID:1.4675 P1:1.4675 P2:1.4685 P3:1.4685 P4:1.4685 STATE:IDLE
[2026-05-04 20:35:59Z] CHK MOM:0% RANGE:0.06% UP:25% SPREAD:0.06816632% BID:1.467 ASK:1.468 MID:1.4675 P1:1.4675 P2:1.4685 P3:1.4685 P4:1.4685 STATE:IDLE
[2026-05-04 20:35:59Z] CHK MOM:0% RANGE:0.06% UP:25% SPREAD:0.06816632% BID:1.467 ASK:1.468 MID:1.4675 P1:1.4675 P2:1.4685 P3:1.4685 P4:1.4685 STATE:IDLE
[2026-05-04 20:36:00Z] CHK MOM:0% RANGE:0.06% UP:25% SPREAD:0.06816632% BID:1.467 ASK:1.468 MID:1.4675 P1:1.4675 P2:1.4685 P3:1.4685 P4:1.4685 STATE:IDLE
[2026-05-04 20:36:00Z] CHK MOM:-0.06% RANGE:0.06% UP:0% SPREAD:0.06816632% BID:1.467 ASK:1.468 MID:1.4675 P1:1.4675 P2:1.4675 P3:1.4685 P4:1.4685 STATE:IDLE
[2026-05-04 20:36:01Z] CHK MOM:-0.06% RANGE:0.06% UP:0% SPREAD:0.06816632% BID:1.467 ASK:1.468 MID:1.4675 P1:1.4675 P2:1.4675 P3:1.4675 P4:1.4685 STATE:IDLE
[2026-05-04 20:36:01Z] CHK MOM:-0.06% RANGE:0.06% UP:0% SPREAD:0.06816632% BID:1.467 ASK:1.468 MID:1.4675 P1:1.4675 P2:1.4675 P3:1.4675 P4:1.4685 STATE:IDLE
[2026-05-04 20:36:02Z] CHK MOM:-0.06% RANGE:0.06% UP:0% SPREAD:0.06816632% BID:1.467 ASK:1.468 MID:1.4675 P1:1.4675 P2:1.4675 P3:1.4675 P4:1.4685 STATE:IDLE
[2026-05-04 20:36:02Z] CHK MOM:-0.06% RANGE:0.06% UP:0% SPREAD:0.06816632% BID:1.467 ASK:1.468 MID:1.4675 P1:1.4675 P2:1.4675 P3:1.4675 P4:1.4685 STATE:IDLE
[2026-05-04 20:36:03Z] CHK MOM:-0.06% RANGE:0.06% UP:0% SPREAD:0.06816632% BID:1.467 ASK:1.468 MID:1.4675 P1:1.4675 P2:1.4675 P3:1.4675 P4:1.4685 STATE:IDLE
[2026-05-04 20:36:07Z] CHK MOM:0% RANGE:0% UP:0% SPREAD:0.06816632% BID:1.467 ASK:1.468 MID:1.4675 P1:1.4675 P2:1.4675 P3:1.4675 P4:1.4675 STATE:IDLE
[2026-05-04 20:36:07Z] CHK MOM:0% RANGE:0% UP:0% SPREAD:0.06816632% BID:1.467 ASK:1.468 MID:1.4675 P1:1.4675 P2:1.4675 P3:1.4675 P4:1.4675 STATE:IDLE
[2026-05-04 20:36:08Z] CHK MOM:0% RANGE:0% UP:0% SPREAD:0.06816632% BID:1.467 ASK:1.468 MID:1.4675 P1:1.4675 P2:1.4675 P3:1.4675 P4:1.4675 STATE:IDLE
[2026-05-04 20:36:09Z] CHK MOM:0.06% RANGE:0.06% UP:33.33% SPREAD:0.06811989% BID:1.468 ASK:1.469 MID:1.4685 P1:1.4685 P2:1.4675 P3:1.4675 P4:1.4675 STATE:IDLE
[2026-05-04 20:36:09Z] CHK MOM:0.06% RANGE:0.06% UP:33.33% SPREAD:0.06811989% BID:1.468 ASK:1.469 MID:1.4685 P1:1.4685 P2:1.4675 P3:1.4675 P4:1.4675 STATE:IDLE
[2026-05-04 20:36:10Z] CHK MOM:0.06% RANGE:0.06% UP:33.33% SPREAD:0.06811989% BID:1.468 ASK:1.469 MID:1.4685 P1:1.4685 P2:1.4685 P3:1.4675 P4:1.4675 STATE:IDLE
[2026-05-04 20:36:10Z] CHK MOM:0.13% RANGE:0.13% UP:50% SPREAD:0.06807351% BID:1.469 ASK:1.47 MID:1.4695 P1:1.4695 P2:1.4685 P3:1.4685 P4:1.4675 STATE:IDLE
[2026-05-04 20:36:11Z] CHK MOM:0.13% RANGE:0.13% UP:50% SPREAD:0.06807351% BID:1.469 ASK:1.47 MID:1.4695 P1:1.4695 P2:1.4685 P3:1.4685 P4:1.4675 STATE:IDLE
[2026-05-04 20:36:11Z] CHK MOM:0.13% RANGE:0.13% UP:40% SPREAD:0.06807351% BID:1.469 ASK:1.47 MID:1.4695 P1:1.4695 P2:1.4695 P3:1.4685 P4:1.4685 STATE:IDLE
[2026-05-04 20:36:12Z] CHK MOM:0.13% RANGE:0.13% UP:40% SPREAD:0.06807351% BID:1.469 ASK:1.47 MID:1.4695 P1:1.4695 P2:1.4695 P3:1.4685 P4:1.4685 STATE:IDLE
[2026-05-04 20:36:12Z] CHK MOM:0.13% RANGE:0.13% UP:40% SPREAD:0.06807351% BID:1.469 ASK:1.47 MID:1.4695 P1:1.4695 P2:1.4695 P3:1.4685 P4:1.4685 STATE:IDLE
[2026-05-04 20:36:13Z] CHK MOM:0.13% RANGE:0.13% UP:33.33% SPREAD:0.06807351% BID:1.469 ASK:1.47 MID:1.4695 P1:1.4695 P2:1.4695 P3:1.4695 P4:1.4685 STATE:IDLE
[2026-05-04 20:36:13Z] CHK MOM:0.13% RANGE:0.13% UP:33.33% SPREAD:0.06807351% BID:1.469 ASK:1.47 MID:1.4695 P1:1.4695 P2:1.4695 P3:1.4695 P4:1.4685 STATE:IDLE
[2026-05-04 20:36:14Z] CHK MOM:0.13% RANGE:0.13% UP:28.57% SPREAD:0.06807351% BID:1.469 ASK:1.47 MID:1.4695 P1:1.4695 P2:1.4695 P3:1.4695 P4:1.4695 STATE:IDLE
[2026-05-04 20:36:15Z] CHK MOM:0.13% RANGE:0.13% UP:25% SPREAD:0.06807351% BID:1.469 ASK:1.47 MID:1.4695 P1:1.4695 P2:1.4695 P3:1.4695 P4:1.4695 STATE:IDLE
[2026-05-04 20:36:15Z] CHK MOM:0.2% RANGE:0.2% UP:37.5% SPREAD:0.06802721% BID:1.47 ASK:1.471 MID:1.4705 P1:1.4705 P2:1.4695 P3:1.4695 P4:1.4695 STATE:IDLE
[2026-05-04 20:36:16Z] CHK MOM:0.13% RANGE:0.13% UP:25% SPREAD:0.06802721% BID:1.47 ASK:1.471 MID:1.4705 P1:1.4705 P2:1.4705 P3:1.4695 P4:1.4695 STATE:IDLE
[2026-05-04 20:36:16Z] CHK MOM:0% RANGE:0.13% UP:25% SPREAD:0.06811989% BID:1.468 ASK:1.469 MID:1.4685 P1:1.4685 P2:1.4705 P3:1.4705 P4:1.4695 STATE:IDLE
[2026-05-04 20:36:17Z] CHK MOM:0.06% RANGE:0.13% UP:33.33% SPREAD:0.06807351% BID:1.469 ASK:1.47 MID:1.4695 P1:1.4695 P2:1.4685 P3:1.4705 P4:1.4705 STATE:IDLE
[2026-05-04 20:36:17Z] CHK MOM:0.06% RANGE:0.13% UP:33.33% SPREAD:0.06807351% BID:1.469 ASK:1.47 MID:1.4695 P1:1.4695 P2:1.4685 P3:1.4705 P4:1.4705 STATE:IDLE
[2026-05-04 20:36:18Z] CHK MOM:0% RANGE:0.13% UP:30% SPREAD:0.06811989% BID:1.468 ASK:1.469 MID:1.4685 P1:1.4685 P2:1.4695 P3:1.4685 P4:1.4705 STATE:IDLE
[2026-05-04 20:36:18Z] CHK MOM:-0.06% RANGE:0.13% UP:22.22% SPREAD:0.06811989% BID:1.468 ASK:1.469 MID:1.4685 P1:1.4685 P2:1.4685 P3:1.4695 P4:1.4685 STATE:IDLE
[2026-05-04 20:36:19Z] CHK MOM:-0.06% RANGE:0.13% UP:22.22% SPREAD:0.06811989% BID:1.468 ASK:1.469 MID:1.4685 P1:1.4685 P2:1.4685 P3:1.4695 P4:1.4685 STATE:IDLE
[2026-05-04 20:36:20Z] CHK MOM:-0.06% RANGE:0.13% UP:20% SPREAD:0.06811989% BID:1.468 ASK:1.469 MID:1.4685 P1:1.4685 P2:1.4685 P3:1.4685 P4:1.4695 STATE:IDLE
[2026-05-04 20:36:20Z] CHK MOM:0% RANGE:0.13% UP:30% SPREAD:0.06807351% BID:1.469 ASK:1.47 MID:1.4695 P1:1.4695 P2:1.4685 P3:1.4685 P4:1.4685 STATE:IDLE
[2026-05-04 20:36:21Z] CHK MOM:0% RANGE:0.13% UP:30% SPREAD:0.06807351% BID:1.469 ASK:1.47 MID:1.4695 P1:1.4695 P2:1.4695 P3:1.4685 P4:1.4685 STATE:IDLE
[2026-05-04 20:36:21Z] CHK MOM:0% RANGE:0.13% UP:27.27% SPREAD:0.06807351% BID:1.469 ASK:1.47 MID:1.4695 P1:1.4695 P2:1.4695 P3:1.4695 P4:1.4685 STATE:IDLE
[2026-05-04 20:36:22Z] CHK MOM:0% RANGE:0.13% UP:27.27% SPREAD:0.06807351% BID:1.469 ASK:1.47 MID:1.4695 P1:1.4695 P2:1.4695 P3:1.4695 P4:1.4685 STATE:IDLE
[2026-05-04 20:36:22Z] CHK MOM:0% RANGE:0.13% UP:27.27% SPREAD:0.06807351% BID:1.469 ASK:1.47 MID:1.4695 P1:1.4695 P2:1.4695 P3:1.4695 P4:1.4695 STATE:IDLE
[2026-05-04 20:36:23Z] CHK MOM:0% RANGE:0.13% UP:27.27% SPREAD:0.06807351% BID:1.469 ASK:1.47 MID:1.4695 P1:1.4695 P2:1.4695 P3:1.4695 P4:1.4695 STATE:IDLE
[2026-05-04 20:36:23Z] CHK MOM:0% RANGE:0.13% UP:27.27% SPREAD:0.06807351% BID:1.469 ASK:1.47 MID:1.4695 P1:1.4695 P2:1.4695 P3:1.4695 P4:1.4695 STATE:IDLE
[2026-05-04 20:36:24Z] CHK MOM:0.06% RANGE:0.06% UP:22.22% SPREAD:0.06807351% BID:1.469 ASK:1.47 MID:1.4695 P1:1.4695 P2:1.4695 P3:1.4695 P4:1.4695 STATE:IDLE
[2026-05-04 20:36:24Z] CHK MOM:0.06% RANGE:0.06% UP:22.22% SPREAD:0.06807351% BID:1.469 ASK:1.47 MID:1.4695 P1:1.4695 P2:1.4695 P3:1.4695 P4:1.4695 STATE:IDLE
[2026-05-04 20:36:25Z] CHK MOM:0.06% RANGE:0.06% UP:22.22% SPREAD:0.06807351% BID:1.469 ASK:1.47 MID:1.4695 P1:1.4695 P2:1.4695 P3:1.4695 P4:1.4695 STATE:IDLE
[2026-05-04 20:36:26Z] CHK MOM:0.06% RANGE:0.06% UP:22.22% SPREAD:0.06807351% BID:1.469 ASK:1.47 MID:1.4695 P1:1.4695 P2:1.4695 P3:1.4695 P4:1.4695 STATE:IDLE
[2026-05-04 20:36:26Z] CHK MOM:0.06% RANGE:0.06% UP:22.22% SPREAD:0.06807351% BID:1.469 ASK:1.47 MID:1.4695 P1:1.4695 P2:1.4695 P3:1.4695 P4:1.4695 STATE:IDLE
[2026-05-04 20:36:28Z] CHK MOM:0% RANGE:0% UP:0% SPREAD:0.06807351% BID:1.469 ASK:1.47 MID:1.4695 P1:1.4695 P2:1.4695 P3:1.4695 P4:1.4695 STATE:IDLE
[2026-05-04 20:36:29Z] CHK MOM:0% RANGE:0% UP:0% SPREAD:0.06807351% BID:1.469 ASK:1.47 MID:1.4695 P1:1.4695 P2:1.4695 P3:1.4695 P4:1.4695 STATE:IDLE
[2026-05-04 20:36:29Z] CHK MOM:0% RANGE:0% UP:0% SPREAD:0.06807351% BID:1.469 ASK:1.47 MID:1.4695 P1:1.4695 P2:1.4695 P3:1.4695 P4:1.4695 STATE:IDLE
[2026-05-04 20:36:30Z] CHK MOM:0% RANGE:0% UP:0% SPREAD:0.06807351% BID:1.469 ASK:1.47 MID:1.4695 P1:1.4695 P2:1.4695 P3:1.4695 P4:1.4695 STATE:IDLE
[2026-05-04 20:36:31Z] CHK MOM:0% RANGE:0% UP:0% SPREAD:0.06807351% BID:1.469 ASK:1.47 MID:1.4695 P1:1.4695 P2:1.4695 P3:1.4695 P4:1.4695 STATE:IDLE
[2026-05-04 20:36:31Z] CHK MOM:0% RANGE:0% UP:0% SPREAD:0.06807351% BID:1.469 ASK:1.47 MID:1.4695 P1:1.4695 P2:1.4695 P3:1.4695 P4:1.4695 STATE:IDLE
[2026-05-04 20:36:32Z] CHK MOM:0% RANGE:0% UP:0% SPREAD:0.06807351% BID:1.469 ASK:1.47 MID:1.4695 P1:1.4695 P2:1.4695 P3:1.4695 P4:1.4695 STATE:IDLE
[2026-05-04 20:36:32Z] CHK MOM:0% RANGE:0% UP:0% SPREAD:0.06807351% BID:1.469 ASK:1.47 MID:1.4695 P1:1.4695 P2:1.4695 P3:1.4695 P4:1.4695 STATE:IDLE
[2026-05-04 20:36:33Z] CHK MOM:0% RANGE:0% UP:0% SPREAD:0.06807351% BID:1.469 ASK:1.47 MID:1.4695 P1:1.4695 P2:1.4695 P3:1.4695 P4:1.4695 STATE:IDLE
[2026-05-04 20:36:33Z] CHK MOM:0% RANGE:0% UP:0% SPREAD:0.06807351% BID:1.469 ASK:1.47 MID:1.4695 P1:1.4695 P2:1.4695 P3:1.4695 P4:1.4695 STATE:IDLE
[2026-05-04 20:36:34Z] CHK MOM:0% RANGE:0% UP:0% SPREAD:0.06807351% BID:1.469 ASK:1.47 MID:1.4695 P1:1.4695 P2:1.4695 P3:1.4695 P4:1.4695 STATE:IDLE
[2026-05-04 20:36:34Z] CHK MOM:0% RANGE:0% UP:0% SPREAD:0.06807351% BID:1.469 ASK:1.47 MID:1.4695 P1:1.4695 P2:1.4695 P3:1.4695 P4:1.4695 STATE:IDLE
[2026-05-04 20:36:35Z] CHK MOM:0.06% RANGE:0.06% UP:20% SPREAD:0.06802721% BID:1.47 ASK:1.471 MID:1.4705 P1:1.4705 P2:1.4695 P3:1.4695 P4:1.4695 STATE:IDLE
[2026-05-04 20:36:35Z] CHK MOM:0.06% RANGE:0.06% UP:20% SPREAD:0.06802721% BID:1.47 ASK:1.471 MID:1.4705 P1:1.4705 P2:1.4695 P3:1.4695 P4:1.4695 STATE:IDLE
[2026-05-04 20:36:36Z] CHK MOM:0.06% RANGE:0.06% UP:16.66% SPREAD:0.06802721% BID:1.47 ASK:1.471 MID:1.4705 P1:1.4705 P2:1.4705 P3:1.4695 P4:1.4695 STATE:IDLE
[2026-05-04 20:36:37Z] CHK MOM:0.06% RANGE:0.06% UP:14.28% SPREAD:0.06802721% BID:1.47 ASK:1.471 MID:1.4705 P1:1.4705 P2:1.4705 P3:1.4705 P4:1.4695 STATE:IDLE
[2026-05-04 20:36:37Z] CHK MOM:0.06% RANGE:0.06% UP:14.28% SPREAD:0.06802721% BID:1.47 ASK:1.471 MID:1.4705 P1:1.4705 P2:1.4705 P3:1.4705 P4:1.4695 STATE:IDLE
[2026-05-04 20:36:38Z] CHK MOM:0.06% RANGE:0.06% UP:14.28% SPREAD:0.06802721% BID:1.47 ASK:1.471 MID:1.4705 P1:1.4705 P2:1.4705 P3:1.4705 P4:1.4695 STATE:IDLE
[2026-05-04 20:36:38Z] CHK MOM:0.06% RANGE:0.06% UP:14.28% SPREAD:0.06802721% BID:1.47 ASK:1.471 MID:1.4705 P1:1.4705 P2:1.4705 P3:1.4705 P4:1.4705 STATE:IDLE
[2026-05-04 20:36:39Z] CHK MOM:0.06% RANGE:0.06% UP:14.28% SPREAD:0.06802721% BID:1.47 ASK:1.471 MID:1.4705 P1:1.4705 P2:1.4705 P3:1.4705 P4:1.4705 STATE:IDLE
[2026-05-04 20:36:39Z] CHK MOM:0.06% RANGE:0.06% UP:12.5% SPREAD:0.06802721% BID:1.47 ASK:1.471 MID:1.4705 P1:1.4705 P2:1.4705 P3:1.4705 P4:1.4705 STATE:IDLE
[2026-05-04 20:36:40Z] CHK MOM:0.06% RANGE:0.06% UP:12.5% SPREAD:0.06802721% BID:1.47 ASK:1.471 MID:1.4705 P1:1.4705 P2:1.4705 P3:1.4705 P4:1.4705 STATE:IDLE
[2026-05-04 20:36:40Z] CHK MOM:0.06% RANGE:0.06% UP:14.28% SPREAD:0.06802721% BID:1.47 ASK:1.471 MID:1.4705 P1:1.4705 P2:1.4705 P3:1.4705 P4:1.4705 STATE:IDLE
[2026-05-04 20:36:41Z] CHK MOM:0.06% RANGE:0.06% UP:14.28% SPREAD:0.06802721% BID:1.47 ASK:1.471 MID:1.4705 P1:1.4705 P2:1.4705 P3:1.4705 P4:1.4705 STATE:IDLE
[2026-05-04 20:36:42Z] CHK MOM:0% RANGE:0.06% UP:14.28% SPREAD:0.06807351% BID:1.469 ASK:1.47 MID:1.4695 P1:1.4695 P2:1.4705 P3:1.4705 P4:1.4705 STATE:IDLE
[2026-05-04 20:36:42Z] CHK MOM:0% RANGE:0.06% UP:14.28% SPREAD:0.06807351% BID:1.469 ASK:1.47 MID:1.4695 P1:1.4695 P2:1.4705 P3:1.4705 P4:1.4705 STATE:IDLE
[2026-05-04 20:36:43Z] CHK MOM:-0.06% RANGE:0.06% UP:0% SPREAD:0.06807351% BID:1.469 ASK:1.47 MID:1.4695 P1:1.4695 P2:1.4695 P3:1.4705 P4:1.4705 STATE:IDLE
[2026-05-04 20:36:43Z] CHK MOM:-0.06% RANGE:0.06% UP:0% SPREAD:0.06807351% BID:1.469 ASK:1.47 MID:1.4695 P1:1.4695 P2:1.4695 P3:1.4705 P4:1.4705 STATE:IDLE
[2026-05-04 20:36:44Z] CHK MOM:-0.06% RANGE:0.06% UP:0% SPREAD:0.06807351% BID:1.469 ASK:1.47 MID:1.4695 P1:1.4695 P2:1.4695 P3:1.4695 P4:1.4705 STATE:IDLE
[2026-05-04 20:36:44Z] CHK MOM:-0.06% RANGE:0.06% UP:0% SPREAD:0.06807351% BID:1.469 ASK:1.47 MID:1.4695 P1:1.4695 P2:1.4695 P3:1.4695 P4:1.4705 STATE:IDLE
[2026-05-04 20:36:45Z] CHK MOM:-0.06% RANGE:0.06% UP:0% SPREAD:0.06807351% BID:1.469 ASK:1.47 MID:1.4695 P1:1.4695 P2:1.4695 P3:1.4695 P4:1.4695 STATE:IDLE
[2026-05-04 20:36:45Z] CHK MOM:-0.06% RANGE:0.06% UP:0% SPREAD:0.06807351% BID:1.469 ASK:1.47 MID:1.4695 P1:1.4695 P2:1.4695 P3:1.4695 P4:1.4695 STATE:IDLE
[2026-05-04 20:36:46Z] CHK MOM:-0.06% RANGE:0.06% UP:0% SPREAD:0.06807351% BID:1.469 ASK:1.47 MID:1.4695 P1:1.4695 P2:1.4695 P3:1.4695 P4:1.4695 STATE:IDLE
[2026-05-04 20:36:46Z] CHK MOM:-0.06% RANGE:0.06% UP:0% SPREAD:0.06807351% BID:1.469 ASK:1.47 MID:1.4695 P1:1.4695 P2:1.4695 P3:1.4695 P4:1.4695 STATE:IDLE
[2026-05-04 20:36:47Z] CHK MOM:-0.06% RANGE:0.06% UP:0% SPREAD:0.06807351% BID:1.469 ASK:1.47 MID:1.4695 P1:1.4695 P2:1.4695 P3:1.4695 P4:1.4695 STATE:IDLE
[2026-05-04 20:36:48Z] CHK MOM:-0.06% RANGE:0.06% UP:0% SPREAD:0.06807351% BID:1.469 ASK:1.47 MID:1.4695 P1:1.4695 P2:1.4695 P3:1.4695 P4:1.4695 STATE:IDLE
[2026-05-04 20:36:48Z] CHK MOM:-0.06% RANGE:0.06% UP:0% SPREAD:0.06807351% BID:1.469 ASK:1.47 MID:1.4695 P1:1.4695 P2:1.4695 P3:1.4695 P4:1.4695 STATE:IDLE
[2026-05-04 20:36:49Z] CHK MOM:-0.06% RANGE:0.06% UP:0% SPREAD:0.06807351% BID:1.469 ASK:1.47 MID:1.4695 P1:1.4695 P2:1.4695 P3:1.4695 P4:1.4695 STATE:IDLE
[2026-05-04 20:36:49Z] CHK MOM:-0.06% RANGE:0.06% UP:0% SPREAD:0.06807351% BID:1.469 ASK:1.47 MID:1.4695 P1:1.4695 P2:1.4695 P3:1.4695 P4:1.4695 STATE:IDLE
[2026-05-04 20:36:50Z] CHK MOM:-0.06% RANGE:0.06% UP:0% SPREAD:0.06807351% BID:1.469 ASK:1.47 MID:1.4695 P1:1.4695 P2:1.4695 P3:1.4695 P4:1.4695 STATE:IDLE
[2026-05-04 20:36:50Z] CHK MOM:-0.06% RANGE:0.06% UP:0% SPREAD:0.06807351% BID:1.469 ASK:1.47 MID:1.4695 P1:1.4695 P2:1.4695 P3:1.4695 P4:1.4695 STATE:IDLE
[2026-05-04 20:36:51Z] CHK MOM:-0.06% RANGE:0.06% UP:0% SPREAD:0.06807351% BID:1.469 ASK:1.47 MID:1.4695 P1:1.4695 P2:1.4695 P3:1.4695 P4:1.4695 STATE:IDLE
[2026-05-04 20:36:55Z] CHK MOM:0.06% RANGE:0.06% UP:50% SPREAD:0.06802721% BID:1.47 ASK:1.471 MID:1.4705 P1:1.4705 P2:1.4695 P3:1.4695 P4:1.4695 STATE:IDLE
[2026-05-04 20:36:55Z] CHK MOM:0.03% RANGE:0.06% UP:50% SPREAD:0.13614703% BID:1.469 ASK:1.471 MID:1.47 P1:1.47 P2:1.4705 P3:1.4695 P4:1.4695 STATE:IDLE
[2026-05-04 20:36:56Z] CHK MOM:0.03% RANGE:0.06% UP:33.33% SPREAD:0.13614703% BID:1.469 ASK:1.471 MID:1.47 P1:1.47 P2:1.47 P3:1.4705 P4:1.4695 STATE:IDLE
[2026-05-04 20:36:56Z] CHK MOM:-0.03% RANGE:0.1% UP:25% SPREAD:0.13623978% BID:1.468 ASK:1.47 MID:1.46899999 P1:1.46899999 P2:1.47 P3:1.47 P4:1.4705 STATE:IDLE
[2026-05-04 20:36:57Z] CHK MOM:-0.1% RANGE:0.1% UP:0% SPREAD:0.13623978% BID:1.468 ASK:1.47 MID:1.46899999 P1:1.46899999 P2:1.46899999 P3:1.47 P4:1.47 STATE:IDLE
[2026-05-04 20:36:57Z] CHK MOM:0.03% RANGE:0.13% UP:20% SPREAD:0.13605442% BID:1.47 ASK:1.472 MID:1.471 P1:1.471 P2:1.46899999 P3:1.46899999 P4:1.47 STATE:IDLE
[2026-05-04 20:36:58Z] CHK MOM:0.03% RANGE:0.13% UP:16.66% SPREAD:0.13605442% BID:1.47 ASK:1.472 MID:1.471 P1:1.471 P2:1.471 P3:1.46899999 P4:1.46899999 STATE:IDLE
[2026-05-04 20:36:58Z] CHK MOM:0.03% RANGE:0.13% UP:16.66% SPREAD:0.13605442% BID:1.47 ASK:1.472 MID:1.471 P1:1.471 P2:1.471 P3:1.46899999 P4:1.46899999 STATE:IDLE
[2026-05-04 20:36:59Z] CHK MOM:0.06% RANGE:0.17% UP:28.57% SPREAD:0.06798096% BID:1.471 ASK:1.472 MID:1.4715 P1:1.4715 P2:1.471 P3:1.471 P4:1.46899999 STATE:IDLE
[2026-05-04 20:36:59Z] CHK MOM:0.06% RANGE:0.17% UP:28.57% SPREAD:0.06798096% BID:1.471 ASK:1.472 MID:1.4715 P1:1.4715 P2:1.471 P3:1.471 P4:1.46899999 STATE:IDLE
[2026-05-04 20:37:00Z] CHK MOM:-0.06% RANGE:0.17% UP:25% SPREAD:0.06807351% BID:1.469 ASK:1.47 MID:1.4695 P1:1.4695 P2:1.4715 P3:1.471 P4:1.471 STATE:IDLE
[2026-05-04 20:37:01Z] CHK MOM:-0.06% RANGE:0.17% UP:22.22% SPREAD:0.06807351% BID:1.469 ASK:1.47 MID:1.4695 P1:1.4695 P2:1.4695 P3:1.4715 P4:1.471 STATE:IDLE
[2026-05-04 20:37:01Z] CHK MOM:-0.06% RANGE:0.17% UP:20% SPREAD:0.06807351% BID:1.469 ASK:1.47 MID:1.4695 P1:1.4695 P2:1.4695 P3:1.4695 P4:1.4715 STATE:IDLE
[2026-05-04 20:37:02Z] CHK MOM:-0.06% RANGE:0.17% UP:20% SPREAD:0.06807351% BID:1.469 ASK:1.47 MID:1.4695 P1:1.4695 P2:1.4695 P3:1.4695 P4:1.4715 STATE:IDLE
[2026-05-04 20:37:02Z] CHK MOM:-0.06% RANGE:0.17% UP:20% SPREAD:0.06807351% BID:1.469 ASK:1.47 MID:1.4695 P1:1.4695 P2:1.4695 P3:1.4695 P4:1.4715 STATE:IDLE
[2026-05-04 20:37:03Z] CHK MOM:-0.06% RANGE:0.17% UP:20% SPREAD:0.06807351% BID:1.469 ASK:1.47 MID:1.4695 P1:1.4695 P2:1.4695 P3:1.4695 P4:1.4715 STATE:IDLE
[2026-05-04 20:37:03Z] CHK MOM:-0.03% RANGE:0.17% UP:22.22% SPREAD:0.06807351% BID:1.469 ASK:1.47 MID:1.4695 P1:1.4695 P2:1.4695 P3:1.4695 P4:1.4695 STATE:IDLE
[2026-05-04 20:37:04Z] CHK MOM:-0.03% RANGE:0.17% UP:22.22% SPREAD:0.06807351% BID:1.469 ASK:1.47 MID:1.4695 P1:1.4695 P2:1.4695 P3:1.4695 P4:1.4695 STATE:IDLE
[2026-05-04 20:37:04Z] CHK MOM:-0.03% RANGE:0.17% UP:22.22% SPREAD:0.06807351% BID:1.469 ASK:1.47 MID:1.4695 P1:1.4695 P2:1.4695 P3:1.4695 P4:1.4695 STATE:IDLE
[2026-05-04 20:37:05Z] CHK MOM:-0.1% RANGE:0.13% UP:14.28% SPREAD:0.06807351% BID:1.469 ASK:1.47 MID:1.4695 P1:1.4695 P2:1.4695 P3:1.4695 P4:1.4695 STATE:IDLE
[2026-05-04 20:37:06Z] CHK MOM:-0.1% RANGE:0.13% UP:14.28% SPREAD:0.06807351% BID:1.469 ASK:1.47 MID:1.4695 P1:1.4695 P2:1.4695 P3:1.4695 P4:1.4695 STATE:IDLE
[2026-05-04 20:37:06Z] CHK MOM:-0.13% RANGE:0.13% UP:0% SPREAD:0.06807351% BID:1.469 ASK:1.47 MID:1.4695 P1:1.4695 P2:1.4695 P3:1.4695 P4:1.4695 STATE:IDLE
[2026-05-04 20:37:07Z] CHK MOM:-0.13% RANGE:0.13% UP:0% SPREAD:0.06807351% BID:1.469 ASK:1.47 MID:1.4695 P1:1.4695 P2:1.4695 P3:1.4695 P4:1.4695 STATE:IDLE
[2026-05-04 20:37:07Z] CHK MOM:-0.13% RANGE:0.13% UP:0% SPREAD:0.06807351% BID:1.469 ASK:1.47 MID:1.4695 P1:1.4695 P2:1.4695 P3:1.4695 P4:1.4695 STATE:IDLE
[2026-05-04 20:37:08Z] CHK MOM:-0.03% RANGE:0.03% UP:0% SPREAD:0.13623978% BID:1.468 ASK:1.47 MID:1.46899999 P1:1.46899999 P2:1.4695 P3:1.4695 P4:1.4695 STATE:IDLE
[2026-05-04 20:37:08Z] CHK MOM:0% RANGE:0.03% UP:14.28% SPREAD:0.06807351% BID:1.469 ASK:1.47 MID:1.4695 P1:1.4695 P2:1.46899999 P3:1.4695 P4:1.4695 STATE:IDLE
[2026-05-04 20:37:09Z] CHK MOM:0.06% RANGE:0.1% UP:25% SPREAD:0.06802721% BID:1.47 ASK:1.471 MID:1.4705 P1:1.4705 P2:1.4695 P3:1.46899999 P4:1.4695 STATE:IDLE
[2026-05-04 20:37:09Z] CHK MOM:0.06% RANGE:0.1% UP:28.57% SPREAD:0.06802721% BID:1.47 ASK:1.471 MID:1.4705 P1:1.4705 P2:1.4705 P3:1.4695 P4:1.46899999 STATE:IDLE
[2026-05-04 20:37:10Z] CHK MOM:0.06% RANGE:0.1% UP:28.57% SPREAD:0.06802721% BID:1.47 ASK:1.471 MID:1.4705 P1:1.4705 P2:1.4705 P3:1.4695 P4:1.46899999 STATE:IDLE
[2026-05-04 20:37:10Z] CHK MOM:0.06% RANGE:0.1% UP:25% SPREAD:0.06802721% BID:1.47 ASK:1.471 MID:1.4705 P1:1.4705 P2:1.4705 P3:1.4705 P4:1.4695 STATE:IDLE
[2026-05-04 20:37:11Z] CHK MOM:0.06% RANGE:0.1% UP:25% SPREAD:0.06802721% BID:1.47 ASK:1.471 MID:1.4705 P1:1.4705 P2:1.4705 P3:1.4705 P4:1.4695 STATE:IDLE
[2026-05-04 20:37:12Z] CHK MOM:0.06% RANGE:0.1% UP:25% SPREAD:0.06802721% BID:1.47 ASK:1.471 MID:1.4705 P1:1.4705 P2:1.4705 P3:1.4705 P4:1.4695 STATE:IDLE
[2026-05-04 20:37:12Z] CHK MOM:0.06% RANGE:0.1% UP:25% SPREAD:0.06802721% BID:1.47 ASK:1.471 MID:1.4705 P1:1.4705 P2:1.4705 P3:1.4705 P4:1.4695 STATE:IDLE
[2026-05-04 20:37:13Z] CHK MOM:0.06% RANGE:0.1% UP:25% SPREAD:0.06802721% BID:1.47 ASK:1.471 MID:1.4705 P1:1.4705 P2:1.4705 P3:1.4705 P4:1.4705 STATE:IDLE
[2026-05-04 20:37:13Z] CHK MOM:0.06% RANGE:0.1% UP:25% SPREAD:0.06802721% BID:1.47 ASK:1.471 MID:1.4705 P1:1.4705 P2:1.4705 P3:1.4705 P4:1.4705 STATE:IDLE
[2026-05-04 20:37:14Z] CHK MOM:0.06% RANGE:0.1% UP:25% SPREAD:0.06802721% BID:1.47 ASK:1.471 MID:1.4705 P1:1.4705 P2:1.4705 P3:1.4705 P4:1.4705 STATE:IDLE
[2026-05-04 20:37:14Z] CHK MOM:0.06% RANGE:0.1% UP:25% SPREAD:0.06802721% BID:1.47 ASK:1.471 MID:1.4705 P1:1.4705 P2:1.4705 P3:1.4705 P4:1.4705 STATE:IDLE
[2026-05-04 20:37:15Z] CHK MOM:0.06% RANGE:0.1% UP:25% SPREAD:0.06802721% BID:1.47 ASK:1.471 MID:1.4705 P1:1.4705 P2:1.4705 P3:1.4705 P4:1.4705 STATE:IDLE
[2026-05-04 20:37:15Z] CHK MOM:0.06% RANGE:0.1% UP:25% SPREAD:0.06802721% BID:1.47 ASK:1.471 MID:1.4705 P1:1.4705 P2:1.4705 P3:1.4705 P4:1.4705 STATE:IDLE
[2026-05-04 20:37:19Z] CHK MOM:0% RANGE:0% UP:0% SPREAD:0.06802721% BID:1.47 ASK:1.471 MID:1.4705 P1:1.4705 P2:1.4705 P3:1.4705 P4:1.4705 STATE:IDLE
[2026-05-04 20:37:20Z] CHK MOM:0% RANGE:0% UP:0% SPREAD:0.06802721% BID:1.47 ASK:1.471 MID:1.4705 P1:1.4705 P2:1.4705 P3:1.4705 P4:1.4705 STATE:IDLE
[2026-05-04 20:37:20Z] CHK MOM:0% RANGE:0% UP:0% SPREAD:0.06802721% BID:1.47 ASK:1.471 MID:1.4705 P1:1.4705 P2:1.4705 P3:1.4705 P4:1.4705 STATE:IDLE
[2026-05-04 20:37:21Z] CHK MOM:0% RANGE:0% UP:0% SPREAD:0.06802721% BID:1.47 ASK:1.471 MID:1.4705 P1:1.4705 P2:1.4705 P3:1.4705 P4:1.4705 STATE:IDLE
[2026-05-04 20:37:21Z] CHK MOM:0% RANGE:0% UP:0% SPREAD:0.06802721% BID:1.47 ASK:1.471 MID:1.4705 P1:1.4705 P2:1.4705 P3:1.4705 P4:1.4705 STATE:IDLE
[2026-05-04 20:37:22Z] CHK MOM:0% RANGE:0% UP:0% SPREAD:0.06802721% BID:1.47 ASK:1.471 MID:1.4705 P1:1.4705 P2:1.4705 P3:1.4705 P4:1.4705 STATE:IDLE
[2026-05-04 20:37:22Z] CHK MOM:0% RANGE:0% UP:0% SPREAD:0.06802721% BID:1.47 ASK:1.471 MID:1.4705 P1:1.4705 P2:1.4705 P3:1.4705 P4:1.4705 STATE:IDLE
[2026-05-04 20:37:23Z] CHK MOM:0% RANGE:0% UP:0% SPREAD:0.06802721% BID:1.47 ASK:1.471 MID:1.4705 P1:1.4705 P2:1.4705 P3:1.4705 P4:1.4705 STATE:IDLE
[2026-05-04 20:37:23Z] CHK MOM:0% RANGE:0% UP:0% SPREAD:0.06802721% BID:1.47 ASK:1.471 MID:1.4705 P1:1.4705 P2:1.4705 P3:1.4705 P4:1.4705 STATE:IDLE
[2026-05-04 20:37:24Z] CHK MOM:0% RANGE:0% UP:0% SPREAD:0.06802721% BID:1.47 ASK:1.471 MID:1.4705 P1:1.4705 P2:1.4705 P3:1.4705 P4:1.4705 STATE:IDLE
[2026-05-04 20:37:25Z] CHK MOM:0% RANGE:0% UP:0% SPREAD:0.06802721% BID:1.47 ASK:1.471 MID:1.4705 P1:1.4705 P2:1.4705 P3:1.4705 P4:1.4705 STATE:IDLE
[2026-05-04 20:37:25Z] CHK MOM:0% RANGE:0% UP:0% SPREAD:0.06802721% BID:1.47 ASK:1.471 MID:1.4705 P1:1.4705 P2:1.4705 P3:1.4705 P4:1.4705 STATE:IDLE
[2026-05-04 20:37:26Z] CHK MOM:0% RANGE:0% UP:0% SPREAD:0.06802721% BID:1.47 ASK:1.471 MID:1.4705 P1:1.4705 P2:1.4705 P3:1.4705 P4:1.4705 STATE:IDLE
[2026-05-04 20:37:26Z] CHK MOM:0% RANGE:0% UP:0% SPREAD:0.06802721% BID:1.47 ASK:1.471 MID:1.4705 P1:1.4705 P2:1.4705 P3:1.4705 P4:1.4705 STATE:IDLE
[2026-05-04 20:37:27Z] CHK MOM:0% RANGE:0% UP:0% SPREAD:0.06802721% BID:1.47 ASK:1.471 MID:1.4705 P1:1.4705 P2:1.4705 P3:1.4705 P4:1.4705 STATE:IDLE
[2026-05-04 20:37:27Z] CHK MOM:0% RANGE:0% UP:0% SPREAD:0.06802721% BID:1.47 ASK:1.471 MID:1.4705 P1:1.4705 P2:1.4705 P3:1.4705 P4:1.4705 STATE:IDLE
[2026-05-04 20:37:28Z] CHK MOM:0% RANGE:0% UP:0% SPREAD:0.06802721% BID:1.47 ASK:1.471 MID:1.4705 P1:1.4705 P2:1.4705 P3:1.4705 P4:1.4705 STATE:IDLE
[2026-05-04 20:37:28Z] CHK MOM:0% RANGE:0% UP:0% SPREAD:0.06802721% BID:1.47 ASK:1.471 MID:1.4705 P1:1.4705 P2:1.4705 P3:1.4705 P4:1.4705 STATE:IDLE
[2026-05-04 20:37:29Z] CHK MOM:0% RANGE:0% UP:0% SPREAD:0.06802721% BID:1.47 ASK:1.471 MID:1.4705 P1:1.4705 P2:1.4705 P3:1.4705 P4:1.4705 STATE:IDLE
[2026-05-04 20:37:29Z] CHK MOM:0% RANGE:0% UP:0% SPREAD:0.06802721% BID:1.47 ASK:1.471 MID:1.4705 P1:1.4705 P2:1.4705 P3:1.4705 P4:1.4705 STATE:IDLE
[2026-05-04 20:37:33Z] CHK MOM:0% RANGE:0% UP:0% SPREAD:0.06802721% BID:1.47 ASK:1.471 MID:1.4705 P1:1.4705 P2:1.4705 P3:1.4705 P4:1.4705 STATE:IDLE
[2026-05-04 20:37:34Z] CHK MOM:0% RANGE:0% UP:0% SPREAD:0.06802721% BID:1.47 ASK:1.471 MID:1.4705 P1:1.4705 P2:1.4705 P3:1.4705 P4:1.4705 STATE:IDLE
[2026-05-04 20:37:34Z] CHK MOM:0% RANGE:0% UP:0% SPREAD:0.06802721% BID:1.47 ASK:1.471 MID:1.4705 P1:1.4705 P2:1.4705 P3:1.4705 P4:1.4705 STATE:IDLE
[2026-05-04 20:37:35Z] CHK MOM:0% RANGE:0% UP:0% SPREAD:0.06802721% BID:1.47 ASK:1.471 MID:1.4705 P1:1.4705 P2:1.4705 P3:1.4705 P4:1.4705 STATE:IDLE
[2026-05-04 20:37:35Z] CHK MOM:0% RANGE:0% UP:0% SPREAD:0.06802721% BID:1.47 ASK:1.471 MID:1.4705 P1:1.4705 P2:1.4705 P3:1.4705 P4:1.4705 STATE:IDLE
[2026-05-04 20:37:36Z] CHK MOM:0% RANGE:0% UP:0% SPREAD:0.06802721% BID:1.47 ASK:1.471 MID:1.4705 P1:1.4705 P2:1.4705 P3:1.4705 P4:1.4705 STATE:IDLE
[2026-05-04 20:37:36Z] CHK MOM:0% RANGE:0% UP:0% SPREAD:0.06802721% BID:1.47 ASK:1.471 MID:1.4705 P1:1.4705 P2:1.4705 P3:1.4705 P4:1.4705 STATE:IDLE
[2026-05-04 20:37:37Z] CHK MOM:0% RANGE:0% UP:0% SPREAD:0.06802721% BID:1.47 ASK:1.471 MID:1.4705 P1:1.4705 P2:1.4705 P3:1.4705 P4:1.4705 STATE:IDLE
[2026-05-04 20:37:37Z] CHK MOM:0% RANGE:0% UP:0% SPREAD:0.06802721% BID:1.47 ASK:1.471 MID:1.4705 P1:1.4705 P2:1.4705 P3:1.4705 P4:1.4705 STATE:IDLE
[2026-05-04 20:37:41Z] CHK MOM:0% RANGE:0% UP:0% SPREAD:0.06802721% BID:1.47 ASK:1.471 MID:1.4705 P1:1.4705 P2:1.4705 P3:1.4705 P4:1.4705 STATE:IDLE
[2026-05-04 20:37:41Z] CHK MOM:0% RANGE:0% UP:0% SPREAD:0.06802721% BID:1.47 ASK:1.471 MID:1.4705 P1:1.4705 P2:1.4705 P3:1.4705 P4:1.4705 STATE:IDLE
[2026-05-04 20:37:42Z] CHK MOM:0% RANGE:0% UP:0% SPREAD:0.06802721% BID:1.47 ASK:1.471 MID:1.4705 P1:1.4705 P2:1.4705 P3:1.4705 P4:1.4705 STATE:IDLE
[2026-05-04 20:37:42Z] CHK MOM:0% RANGE:0% UP:0% SPREAD:0.06802721% BID:1.47 ASK:1.471 MID:1.4705 P1:1.4705 P2:1.4705 P3:1.4705 P4:1.4705 STATE:IDLE
[2026-05-04 20:37:43Z] CHK MOM:0% RANGE:0% UP:0% SPREAD:0.06802721% BID:1.47 ASK:1.471 MID:1.4705 P1:1.4705 P2:1.4705 P3:1.4705 P4:1.4705 STATE:IDLE
[2026-05-04 20:37:43Z] CHK MOM:0% RANGE:0% UP:0% SPREAD:0.06802721% BID:1.47 ASK:1.471 MID:1.4705 P1:1.4705 P2:1.4705 P3:1.4705 P4:1.4705 STATE:IDLE
[2026-05-04 20:37:44Z] CHK MOM:0% RANGE:0% UP:0% SPREAD:0.06802721% BID:1.47 ASK:1.471 MID:1.4705 P1:1.4705 P2:1.4705 P3:1.4705 P4:1.4705 STATE:IDLE
[2026-05-04 20:37:44Z] CHK MOM:0% RANGE:0% UP:0% SPREAD:0.06802721% BID:1.47 ASK:1.471 MID:1.4705 P1:1.4705 P2:1.4705 P3:1.4705 P4:1.4705 STATE:IDLE
[2026-05-04 20:37:45Z] CHK MOM:0% RANGE:0% UP:0% SPREAD:0.06802721% BID:1.47 ASK:1.471 MID:1.4705 P1:1.4705 P2:1.4705 P3:1.4705 P4:1.4705 STATE:IDLE
[2026-05-04 20:37:45Z] CHK MOM:0% RANGE:0% UP:0% SPREAD:0.06802721% BID:1.47 ASK:1.471 MID:1.4705 P1:1.4705 P2:1.4705 P3:1.4705 P4:1.4705 STATE:IDLE
[2026-05-04 20:37:46Z] CHK MOM:0% RANGE:0% UP:0% SPREAD:0.06802721% BID:1.47 ASK:1.471 MID:1.4705 P1:1.4705 P2:1.4705 P3:1.4705 P4:1.4705 STATE:IDLE
[2026-05-04 20:37:47Z] CHK MOM:0% RANGE:0% UP:0% SPREAD:0.06802721% BID:1.47 ASK:1.471 MID:1.4705 P1:1.4705 P2:1.4705 P3:1.4705 P4:1.4705 STATE:IDLE
[2026-05-04 20:37:47Z] CHK MOM:0% RANGE:0% UP:0% SPREAD:0.06802721% BID:1.47 ASK:1.471 MID:1.4705 P1:1.4705 P2:1.4705 P3:1.4705 P4:1.4705 STATE:IDLE
[2026-05-04 20:37:48Z] CHK MOM:0% RANGE:0% UP:0% SPREAD:0.06802721% BID:1.47 ASK:1.471 MID:1.4705 P1:1.4705 P2:1.4705 P3:1.4705 P4:1.4705 STATE:IDLE
[2026-05-04 20:37:48Z] CHK MOM:0% RANGE:0% UP:0% SPREAD:0.06802721% BID:1.47 ASK:1.471 MID:1.4705 P1:1.4705 P2:1.4705 P3:1.4705 P4:1.4705 STATE:IDLE
[2026-05-04 20:37:49Z] CHK MOM:0% RANGE:0% UP:0% SPREAD:0.06802721% BID:1.47 ASK:1.471 MID:1.4705 P1:1.4705 P2:1.4705 P3:1.4705 P4:1.4705 STATE:IDLE
[2026-05-04 20:37:49Z] CHK MOM:0% RANGE:0% UP:0% SPREAD:0.06802721% BID:1.47 ASK:1.471 MID:1.4705 P1:1.4705 P2:1.4705 P3:1.4705 P4:1.4705 STATE:IDLE
[2026-05-04 20:37:53Z] CHK MOM:0% RANGE:0% UP:0% SPREAD:0.06802721% BID:1.47 ASK:1.471 MID:1.4705 P1:1.4705 P2:1.4705 P3:1.4705 P4:1.4705 STATE:IDLE
[2026-05-04 20:37:53Z] CHK MOM:0% RANGE:0% UP:0% SPREAD:0.06802721% BID:1.47 ASK:1.471 MID:1.4705 P1:1.4705 P2:1.4705 P3:1.4705 P4:1.4705 STATE:IDLE
[2026-05-04 20:37:54Z] CHK MOM:0% RANGE:0% UP:0% SPREAD:0.06802721% BID:1.47 ASK:1.471 MID:1.4705 P1:1.4705 P2:1.4705 P3:1.4705 P4:1.4705 STATE:IDLE
[2026-05-04 20:37:54Z] CHK MOM:0% RANGE:0% UP:0% SPREAD:0.06802721% BID:1.47 ASK:1.471 MID:1.4705 P1:1.4705 P2:1.4705 P3:1.4705 P4:1.4705 STATE:IDLE
[2026-05-04 20:37:55Z] CHK MOM:0% RANGE:0% UP:0% SPREAD:0.06802721% BID:1.47 ASK:1.471 MID:1.4705 P1:1.4705 P2:1.4705 P3:1.4705 P4:1.4705 STATE:IDLE
[2026-05-04 20:37:59Z] CHK MOM:0% RANGE:0% UP:0% SPREAD:0.06802721% BID:1.47 ASK:1.471 MID:1.4705 P1:1.4705 P2:1.4705 P3:1.4705 P4:1.4705 STATE:IDLE
[2026-05-04 20:37:59Z] CHK MOM:0% RANGE:0% UP:0% SPREAD:0.06802721% BID:1.47 ASK:1.471 MID:1.4705 P1:1.4705 P2:1.4705 P3:1.4705 P4:1.4705 STATE:IDLE
[2026-05-04 20:38:00Z] CHK MOM:0% RANGE:0% UP:0% SPREAD:0.06802721% BID:1.47 ASK:1.471 MID:1.4705 P1:1.4705 P2:1.4705 P3:1.4705 P4:1.4705 STATE:IDLE
[2026-05-04 20:38:00Z] CHK MOM:0% RANGE:0% UP:0% SPREAD:0.06802721% BID:1.47 ASK:1.471 MID:1.4705 P1:1.4705 P2:1.4705 P3:1.4705 P4:1.4705 STATE:IDLE
[2026-05-04 20:38:01Z] CHK MOM:0% RANGE:0% UP:0% SPREAD:0.06802721% BID:1.47 ASK:1.471 MID:1.4705 P1:1.4705 P2:1.4705 P3:1.4705 P4:1.4705 STATE:IDLE
[2026-05-04 20:38:02Z] CHK MOM:0% RANGE:0% UP:0% SPREAD:0.06802721% BID:1.47 ASK:1.471 MID:1.4705 P1:1.4705 P2:1.4705 P3:1.4705 P4:1.4705 STATE:IDLE
[2026-05-04 20:38:03Z] CHK MOM:0% RANGE:0% UP:0% SPREAD:0.06802721% BID:1.47 ASK:1.471 MID:1.4705 P1:1.4705 P2:1.4705 P3:1.4705 P4:1.4705 STATE:IDLE
[2026-05-04 20:38:03Z] CHK MOM:0% RANGE:0% UP:0% SPREAD:0.06802721% BID:1.47 ASK:1.471 MID:1.4705 P1:1.4705 P2:1.4705 P3:1.4705 P4:1.4705 STATE:IDLE
[2026-05-04 20:38:04Z] CHK MOM:0% RANGE:0% UP:0% SPREAD:0.06802721% BID:1.47 ASK:1.471 MID:1.4705 P1:1.4705 P2:1.4705 P3:1.4705 P4:1.4705 STATE:IDLE
[2026-05-04 20:38:05Z] CHK MOM:0% RANGE:0% UP:0% SPREAD:0.06802721% BID:1.47 ASK:1.471 MID:1.4705 P1:1.4705 P2:1.4705 P3:1.4705 P4:1.4705 STATE:IDLE
[2026-05-04 20:38:05Z] CHK MOM:0% RANGE:0% UP:0% SPREAD:0.06802721% BID:1.47 ASK:1.471 MID:1.4705 P1:1.4705 P2:1.4705 P3:1.4705 P4:1.4705 STATE:IDLE
[2026-05-04 20:38:06Z] CHK MOM:0% RANGE:0% UP:0% SPREAD:0.06802721% BID:1.47 ASK:1.471 MID:1.4705 P1:1.4705 P2:1.4705 P3:1.4705 P4:1.4705 STATE:IDLE
[2026-05-04 20:38:06Z] CHK MOM:0% RANGE:0% UP:0% SPREAD:0.06802721% BID:1.47 ASK:1.471 MID:1.4705 P1:1.4705 P2:1.4705 P3:1.4705 P4:1.4705 STATE:IDLE
[2026-05-04 20:38:07Z] CHK MOM:0% RANGE:0% UP:0% SPREAD:0.06802721% BID:1.47 ASK:1.471 MID:1.4705 P1:1.4705 P2:1.4705 P3:1.4705 P4:1.4705 STATE:IDLE
[2026-05-04 20:38:07Z] CHK MOM:0% RANGE:0% UP:0% SPREAD:0.06802721% BID:1.47 ASK:1.471 MID:1.4705 P1:1.4705 P2:1.4705 P3:1.4705 P4:1.4705 STATE:IDLE
[2026-05-04 20:38:08Z] CHK MOM:0% RANGE:0% UP:0% SPREAD:0.06802721% BID:1.47 ASK:1.471 MID:1.4705 P1:1.4705 P2:1.4705 P3:1.4705 P4:1.4705 STATE:IDLE
[2026-05-04 20:38:08Z] CHK MOM:0% RANGE:0% UP:0% SPREAD:0.06802721% BID:1.47 ASK:1.471 MID:1.4705 P1:1.4705 P2:1.4705 P3:1.4705 P4:1.4705 STATE:IDLE
[2026-05-04 20:38:09Z] CHK MOM:0% RANGE:0% UP:0% SPREAD:0.06802721% BID:1.47 ASK:1.471 MID:1.4705 P1:1.4705 P2:1.4705 P3:1.4705 P4:1.4705 STATE:IDLE
[2026-05-04 20:38:10Z] CHK MOM:0% RANGE:0% UP:0% SPREAD:0.06802721% BID:1.47 ASK:1.471 MID:1.4705 P1:1.4705 P2:1.4705 P3:1.4705 P4:1.4705 STATE:IDLE
[2026-05-04 20:38:10Z] CHK MOM:0% RANGE:0% UP:0% SPREAD:0.06802721% BID:1.47 ASK:1.471 MID:1.4705 P1:1.4705 P2:1.4705 P3:1.4705 P4:1.4705 STATE:IDLE
[2026-05-04 20:38:11Z] CHK MOM:0% RANGE:0% UP:0% SPREAD:0.06802721% BID:1.47 ASK:1.471 MID:1.4705 P1:1.4705 P2:1.4705 P3:1.4705 P4:1.4705 STATE:IDLE
[2026-05-04 20:38:11Z] CHK MOM:0% RANGE:0% UP:0% SPREAD:0.06802721% BID:1.47 ASK:1.471 MID:1.4705 P1:1.4705 P2:1.4705 P3:1.4705 P4:1.4705 STATE:IDLE
[2026-05-04 20:38:12Z] CHK MOM:0% RANGE:0% UP:0% SPREAD:0.06802721% BID:1.47 ASK:1.471 MID:1.4705 P1:1.4705 P2:1.4705 P3:1.4705 P4:1.4705 STATE:IDLE
[2026-05-04 20:38:14Z] CHK MOM:0% RANGE:0% UP:0% SPREAD:0.06802721% BID:1.47 ASK:1.471 MID:1.4705 P1:1.4705 P2:1.4705 P3:1.4705 P4:1.4705 STATE:IDLE
[2026-05-04 20:38:15Z] CHK MOM:0% RANGE:0% UP:0% SPREAD:0.06802721% BID:1.47 ASK:1.471 MID:1.4705 P1:1.4705 P2:1.4705 P3:1.4705 P4:1.4705 STATE:IDLE
[2026-05-04 20:38:16Z] CHK MOM:0% RANGE:0% UP:0% SPREAD:0.06802721% BID:1.47 ASK:1.471 MID:1.4705 P1:1.4705 P2:1.4705 P3:1.4705 P4:1.4705 STATE:IDLE
[2026-05-04 20:38:16Z] CHK MOM:0% RANGE:0% UP:0% SPREAD:0.06802721% BID:1.47 ASK:1.471 MID:1.4705 P1:1.4705 P2:1.4705 P3:1.4705 P4:1.4705 STATE:IDLE
[2026-05-04 20:38:17Z] CHK MOM:0% RANGE:0% UP:0% SPREAD:0.06802721% BID:1.47 ASK:1.471 MID:1.4705 P1:1.4705 P2:1.4705 P3:1.4705 P4:1.4705 STATE:IDLE
[2026-05-04 20:38:19Z] CHK MOM:0% RANGE:0% UP:0% SPREAD:0.06802721% BID:1.47 ASK:1.471 MID:1.4705 P1:1.4705 P2:1.4705 P3:1.4705 P4:1.4705 STATE:IDLE
[2026-05-04 20:38:19Z] CHK MOM:0% RANGE:0% UP:0% SPREAD:0.06802721% BID:1.47 ASK:1.471 MID:1.4705 P1:1.4705 P2:1.4705 P3:1.4705 P4:1.4705 STATE:IDLE
[2026-05-04 20:38:20Z] CHK MOM:0% RANGE:0% UP:0% SPREAD:0.06802721% BID:1.47 ASK:1.471 MID:1.4705 P1:1.4705 P2:1.4705 P3:1.4705 P4:1.4705 STATE:IDLE
[2026-05-04 20:38:21Z] CHK MOM:0% RANGE:0% UP:0% SPREAD:0.06802721% BID:1.47 ASK:1.471 MID:1.4705 P1:1.4705 P2:1.4705 P3:1.4705 P4:1.4705 STATE:IDLE
[2026-05-04 20:38:21Z] CHK MOM:0% RANGE:0% UP:0% SPREAD:0.06802721% BID:1.47 ASK:1.471 MID:1.4705 P1:1.4705 P2:1.4705 P3:1.4705 P4:1.4705 STATE:IDLE
[2026-05-04 20:38:22Z] CHK MOM:0% RANGE:0% UP:0% SPREAD:0.06802721% BID:1.47 ASK:1.471 MID:1.4705 P1:1.4705 P2:1.4705 P3:1.4705 P4:1.4705 STATE:IDLE
[2026-05-04 20:38:22Z] CHK MOM:0% RANGE:0% UP:0% SPREAD:0.06802721% BID:1.47 ASK:1.471 MID:1.4705 P1:1.4705 P2:1.4705 P3:1.4705 P4:1.4705 STATE:IDLE
[2026-05-04 20:38:23Z] CHK MOM:0% RANGE:0% UP:0% SPREAD:0.06802721% BID:1.47 ASK:1.471 MID:1.4705 P1:1.4705 P2:1.4705 P3:1.4705 P4:1.4705 STATE:IDLE
[2026-05-04 20:38:23Z] CHK MOM:0% RANGE:0% UP:0% SPREAD:0.06802721% BID:1.47 ASK:1.471 MID:1.4705 P1:1.4705 P2:1.4705 P3:1.4705 P4:1.4705 STATE:IDLE
[2026-05-04 20:38:24Z] CHK MOM:0% RANGE:0% UP:0% SPREAD:0.06802721% BID:1.47 ASK:1.471 MID:1.4705 P1:1.4705 P2:1.4705 P3:1.4705 P4:1.4705 STATE:IDLE
[2026-05-04 20:38:28Z] CHK MOM:0% RANGE:0% UP:0% SPREAD:0.06802721% BID:1.47 ASK:1.471 MID:1.4705 P1:1.4705 P2:1.4705 P3:1.4705 P4:1.4705 STATE:IDLE
[2026-05-04 20:38:29Z] CHK MOM:0.06% RANGE:0.06% UP:50% SPREAD:0.06798096% BID:1.471 ASK:1.472 MID:1.4715 P1:1.4715 P2:1.4705 P3:1.4705 P4:1.4705 STATE:IDLE
[2026-05-04 20:38:29Z] CHK MOM:0.06% RANGE:0.06% UP:50% SPREAD:0.06798096% BID:1.471 ASK:1.472 MID:1.4715 P1:1.4715 P2:1.4715 P3:1.4705 P4:1.4705 STATE:IDLE
[2026-05-04 20:38:30Z] CHK MOM:0.06% RANGE:0.06% UP:50% SPREAD:0.06798096% BID:1.471 ASK:1.472 MID:1.4715 P1:1.4715 P2:1.4715 P3:1.4705 P4:1.4705 STATE:IDLE
[2026-05-04 20:38:30Z] CHK MOM:0.06% RANGE:0.06% UP:50% SPREAD:0.06798096% BID:1.471 ASK:1.472 MID:1.4715 P1:1.4715 P2:1.4715 P3:1.4705 P4:1.4705 STATE:IDLE
[2026-05-04 20:38:31Z] CHK MOM:0.06% RANGE:0.06% UP:50% SPREAD:0.06798096% BID:1.471 ASK:1.472 MID:1.4715 P1:1.4715 P2:1.4715 P3:1.4705 P4:1.4705 STATE:IDLE
[2026-05-04 20:38:31Z] CHK MOM:0.06% RANGE:0.06% UP:33.33% SPREAD:0.06798096% BID:1.471 ASK:1.472 MID:1.4715 P1:1.4715 P2:1.4715 P3:1.4715 P4:1.4705 STATE:IDLE
[2026-05-04 20:38:32Z] CHK MOM:0.06% RANGE:0.06% UP:33.33% SPREAD:0.06798096% BID:1.471 ASK:1.472 MID:1.4715 P1:1.4715 P2:1.4715 P3:1.4715 P4:1.4705 STATE:IDLE
[2026-05-04 20:38:32Z] CHK MOM:0.06% RANGE:0.06% UP:25% SPREAD:0.06798096% BID:1.471 ASK:1.472 MID:1.4715 P1:1.4715 P2:1.4715 P3:1.4715 P4:1.4715 STATE:IDLE
[2026-05-04 20:38:33Z] CHK MOM:0.06% RANGE:0.06% UP:25% SPREAD:0.06798096% BID:1.471 ASK:1.472 MID:1.4715 P1:1.4715 P2:1.4715 P3:1.4715 P4:1.4715 STATE:IDLE
[2026-05-04 20:38:34Z] CHK MOM:0.06% RANGE:0.06% UP:20% SPREAD:0.06798096% BID:1.471 ASK:1.472 MID:1.4715 P1:1.4715 P2:1.4715 P3:1.4715 P4:1.4715 STATE:IDLE
[2026-05-04 20:38:34Z] CHK MOM:0.06% RANGE:0.06% UP:20% SPREAD:0.06798096% BID:1.471 ASK:1.472 MID:1.4715 P1:1.4715 P2:1.4715 P3:1.4715 P4:1.4715 STATE:IDLE
[2026-05-04 20:38:35Z] CHK MOM:0.06% RANGE:0.06% UP:16.66% SPREAD:0.06798096% BID:1.471 ASK:1.472 MID:1.4715 P1:1.4715 P2:1.4715 P3:1.4715 P4:1.4715 STATE:IDLE
[2026-05-04 20:38:35Z] CHK MOM:0.13% RANGE:0.13% UP:28.57% SPREAD:0.06793478% BID:1.472 ASK:1.473 MID:1.4725 P1:1.4725 P2:1.4715 P3:1.4715 P4:1.4715 STATE:IDLE
[2026-05-04 20:38:36Z] CHK MOM:0.13% RANGE:0.13% UP:25% SPREAD:0.06793478% BID:1.472 ASK:1.473 MID:1.4725 P1:1.4725 P2:1.4725 P3:1.4715 P4:1.4715 STATE:IDLE
[2026-05-04 20:38:36Z] CHK MOM:0% RANGE:0.06% UP:12.5% SPREAD:0.06798096% BID:1.471 ASK:1.472 MID:1.4715 P1:1.4715 P2:1.4725 P3:1.4725 P4:1.4715 STATE:IDLE
[2026-05-04 20:38:37Z] CHK MOM:0% RANGE:0.06% UP:11.11% SPREAD:0.06798096% BID:1.471 ASK:1.472 MID:1.4715 P1:1.4715 P2:1.4715 P3:1.4725 P4:1.4725 STATE:IDLE
[2026-05-04 20:38:37Z] CHK MOM:0% RANGE:0.06% UP:11.11% SPREAD:0.06798096% BID:1.471 ASK:1.472 MID:1.4715 P1:1.4715 P2:1.4715 P3:1.4715 P4:1.4725 STATE:IDLE
[2026-05-04 20:38:38Z] CHK MOM:0% RANGE:0.06% UP:11.11% SPREAD:0.06798096% BID:1.471 ASK:1.472 MID:1.4715 P1:1.4715 P2:1.4715 P3:1.4715 P4:1.4715 STATE:IDLE
[2026-05-04 20:38:38Z] CHK MOM:0% RANGE:0.06% UP:10% SPREAD:0.06798096% BID:1.471 ASK:1.472 MID:1.4715 P1:1.4715 P2:1.4715 P3:1.4715 P4:1.4715 STATE:IDLE
[2026-05-04 20:38:39Z] CHK MOM:0% RANGE:0.06% UP:9.09% SPREAD:0.06798096% BID:1.471 ASK:1.472 MID:1.4715 P1:1.4715 P2:1.4715 P3:1.4715 P4:1.4715 STATE:IDLE
[2026-05-04 20:38:40Z] CHK MOM:0% RANGE:0.06% UP:8.33% SPREAD:0.06798096% BID:1.471 ASK:1.472 MID:1.4715 P1:1.4715 P2:1.4715 P3:1.4715 P4:1.4715 STATE:IDLE
[2026-05-04 20:38:40Z] CHK MOM:0% RANGE:0.06% UP:9.09% SPREAD:0.06798096% BID:1.471 ASK:1.472 MID:1.4715 P1:1.4715 P2:1.4715 P3:1.4715 P4:1.4715 STATE:IDLE
[2026-05-04 20:38:41Z] CHK MOM:0% RANGE:0.06% UP:8.33% SPREAD:0.06798096% BID:1.471 ASK:1.472 MID:1.4715 P1:1.4715 P2:1.4715 P3:1.4715 P4:1.4715 STATE:IDLE
[2026-05-04 20:38:41Z] CHK MOM:0% RANGE:0.06% UP:8.33% SPREAD:0.06798096% BID:1.471 ASK:1.472 MID:1.4715 P1:1.4715 P2:1.4715 P3:1.4715 P4:1.4715 STATE:IDLE
[2026-05-04 20:38:42Z] CHK MOM:0% RANGE:0.06% UP:8.33% SPREAD:0.06798096% BID:1.471 ASK:1.472 MID:1.4715 P1:1.4715 P2:1.4715 P3:1.4715 P4:1.4715 STATE:IDLE
[2026-05-04 20:38:42Z] CHK MOM:0% RANGE:0.06% UP:8.33% SPREAD:0.06798096% BID:1.471 ASK:1.472 MID:1.4715 P1:1.4715 P2:1.4715 P3:1.4715 P4:1.4715 STATE:IDLE
[2026-05-04 20:38:43Z] CHK MOM:0% RANGE:0.06% UP:8.33% SPREAD:0.06798096% BID:1.471 ASK:1.472 MID:1.4715 P1:1.4715 P2:1.4715 P3:1.4715 P4:1.4715 STATE:IDLE
[2026-05-04 20:38:43Z] CHK MOM:0% RANGE:0.06% UP:8.33% SPREAD:0.06798096% BID:1.471 ASK:1.472 MID:1.4715 P1:1.4715 P2:1.4715 P3:1.4715 P4:1.4715 STATE:IDLE
[2026-05-04 20:38:44Z] CHK MOM:0% RANGE:0.06% UP:8.33% SPREAD:0.06798096% BID:1.471 ASK:1.472 MID:1.4715 P1:1.4715 P2:1.4715 P3:1.4715 P4:1.4715 STATE:IDLE
[2026-05-04 20:38:45Z] CHK MOM:0% RANGE:0.06% UP:8.33% SPREAD:0.06798096% BID:1.471 ASK:1.472 MID:1.4715 P1:1.4715 P2:1.4715 P3:1.4715 P4:1.4715 STATE:IDLE
[2026-05-04 20:38:45Z] CHK MOM:0% RANGE:0% UP:0% SPREAD:0.06798096% BID:1.471 ASK:1.472 MID:1.4715 P1:1.4715 P2:1.4715 P3:1.4715 P4:1.4715 STATE:IDLE
[2026-05-04 20:38:46Z] CHK MOM:0% RANGE:0% UP:0% SPREAD:0.06798096% BID:1.471 ASK:1.472 MID:1.4715 P1:1.4715 P2:1.4715 P3:1.4715 P4:1.4715 STATE:IDLE
[2026-05-04 20:38:46Z] CHK MOM:0% RANGE:0% UP:0% SPREAD:0.06798096% BID:1.471 ASK:1.472 MID:1.4715 P1:1.4715 P2:1.4715 P3:1.4715 P4:1.4715 STATE:IDLE
[2026-05-04 20:38:47Z] CHK MOM:0% RANGE:0% UP:0% SPREAD:0.06798096% BID:1.471 ASK:1.472 MID:1.4715 P1:1.4715 P2:1.4715 P3:1.4715 P4:1.4715 STATE:IDLE
[2026-05-04 20:38:47Z] CHK MOM:0% RANGE:0% UP:0% SPREAD:0.06798096% BID:1.471 ASK:1.472 MID:1.4715 P1:1.4715 P2:1.4715 P3:1.4715 P4:1.4715 STATE:IDLE
[2026-05-04 20:38:52Z] CHK MOM:0% RANGE:0% UP:0% SPREAD:0.06798096% BID:1.471 ASK:1.472 MID:1.4715 P1:1.4715 P2:1.4715 P3:1.4715 P4:1.4715 STATE:IDLE
[2026-05-04 20:38:52Z] CHK MOM:0% RANGE:0% UP:0% SPREAD:0.06798096% BID:1.471 ASK:1.472 MID:1.4715 P1:1.4715 P2:1.4715 P3:1.4715 P4:1.4715 STATE:IDLE
[2026-05-04 20:38:53Z] CHK MOM:0% RANGE:0% UP:0% SPREAD:0.06798096% BID:1.471 ASK:1.472 MID:1.4715 P1:1.4715 P2:1.4715 P3:1.4715 P4:1.4715 STATE:IDLE
[2026-05-04 20:38:53Z] CHK MOM:0.06% RANGE:0.06% UP:100% SPREAD:0.06793478% BID:1.472 ASK:1.473 MID:1.4725 P1:1.4725 P2:1.4715 P3:1.4715 P4:1.4715 STATE:IDLE
[2026-05-04 20:38:54Z] CHK MOM:0.06% RANGE:0.06% UP:50% SPREAD:0.06793478% BID:1.472 ASK:1.473 MID:1.4725 P1:1.4725 P2:1.4725 P3:1.4715 P4:1.4715 STATE:IDLE
[2026-05-04 20:38:54Z] CHK MOM:0% RANGE:0.06% UP:33.33% SPREAD:0.06798096% BID:1.471 ASK:1.472 MID:1.4715 P1:1.4715 P2:1.4725 P3:1.4725 P4:1.4715 STATE:IDLE
[2026-05-04 20:38:55Z] CHK MOM:0% RANGE:0.06% UP:25% SPREAD:0.06798096% BID:1.471 ASK:1.472 MID:1.4715 P1:1.4715 P2:1.4715 P3:1.4725 P4:1.4725 STATE:IDLE
[2026-05-04 20:38:55Z] CHK MOM:0% RANGE:0.06% UP:25% SPREAD:0.06798096% BID:1.471 ASK:1.472 MID:1.4715 P1:1.4715 P2:1.4715 P3:1.4725 P4:1.4725 STATE:IDLE
[2026-05-04 20:38:56Z] CHK MOM:0% RANGE:0.06% UP:25% SPREAD:0.06798096% BID:1.471 ASK:1.472 MID:1.4715 P1:1.4715 P2:1.4715 P3:1.4725 P4:1.4725 STATE:IDLE
[2026-05-04 20:38:56Z] CHK MOM:0% RANGE:0.06% UP:20% SPREAD:0.06798096% BID:1.471 ASK:1.472 MID:1.4715 P1:1.4715 P2:1.4715 P3:1.4715 P4:1.4725 STATE:IDLE
[2026-05-04 20:38:57Z] CHK MOM:0% RANGE:0.06% UP:16.66% SPREAD:0.06798096% BID:1.471 ASK:1.472 MID:1.4715 P1:1.4715 P2:1.4715 P3:1.4715 P4:1.4715 STATE:IDLE
[2026-05-04 20:38:58Z] CHK MOM:-0.06% RANGE:0.13% UP:14.28% SPREAD:0.06802721% BID:1.47 ASK:1.471 MID:1.4705 P1:1.4705 P2:1.4715 P3:1.4715 P4:1.4715 STATE:IDLE
[2026-05-04 20:38:58Z] CHK MOM:-0.06% RANGE:0.13% UP:12.5% SPREAD:0.06802721% BID:1.47 ASK:1.471 MID:1.4705 P1:1.4705 P2:1.4705 P3:1.4715 P4:1.4715 STATE:IDLE
[2026-05-04 20:38:59Z] CHK MOM:-0.06% RANGE:0.13% UP:11.11% SPREAD:0.06802721% BID:1.47 ASK:1.471 MID:1.4705 P1:1.4705 P2:1.4705 P3:1.4705 P4:1.4715 STATE:IDLE
[2026-05-04 20:38:59Z] CHK MOM:-0.13% RANGE:0.13% UP:0% SPREAD:0.06802721% BID:1.47 ASK:1.471 MID:1.4705 P1:1.4705 P2:1.4705 P3:1.4705 P4:1.4705 STATE:IDLE
[2026-05-04 20:39:00Z] CHK MOM:-0.13% RANGE:0.13% UP:0% SPREAD:0.06802721% BID:1.47 ASK:1.471 MID:1.4705 P1:1.4705 P2:1.4705 P3:1.4705 P4:1.4705 STATE:IDLE
[2026-05-04 20:39:00Z] CHK MOM:-0.2% RANGE:0.2% UP:0% SPREAD:0.06807351% BID:1.469 ASK:1.47 MID:1.4695 P1:1.4695 P2:1.4705 P3:1.4705 P4:1.4705 STATE:IDLE
[2026-05-04 20:39:01Z] CHK MOM:-0.2% RANGE:0.2% UP:0% SPREAD:0.06807351% BID:1.469 ASK:1.47 MID:1.4695 P1:1.4695 P2:1.4695 P3:1.4705 P4:1.4705 STATE:IDLE
[2026-05-04 20:39:01Z] CHK MOM:-0.2% RANGE:0.2% UP:0% SPREAD:0.06807351% BID:1.469 ASK:1.47 MID:1.4695 P1:1.4695 P2:1.4695 P3:1.4695 P4:1.4705 STATE:IDLE
[2026-05-04 20:39:02Z] CHK MOM:-0.2% RANGE:0.2% UP:0% SPREAD:0.06807351% BID:1.469 ASK:1.47 MID:1.4695 P1:1.4695 P2:1.4695 P3:1.4695 P4:1.4695 STATE:IDLE
[2026-05-04 20:39:03Z] CHK MOM:-0.13% RANGE:0.13% UP:0% SPREAD:0.06807351% BID:1.469 ASK:1.47 MID:1.4695 P1:1.4695 P2:1.4695 P3:1.4695 P4:1.4695 STATE:IDLE
[2026-05-04 20:39:03Z] CHK MOM:-0.13% RANGE:0.13% UP:0% SPREAD:0.06807351% BID:1.469 ASK:1.47 MID:1.4695 P1:1.4695 P2:1.4695 P3:1.4695 P4:1.4695 STATE:IDLE
[2026-05-04 20:39:04Z] CHK MOM:-0.13% RANGE:0.13% UP:0% SPREAD:0.06807351% BID:1.469 ASK:1.47 MID:1.4695 P1:1.4695 P2:1.4695 P3:1.4695 P4:1.4695 STATE:IDLE
[2026-05-04 20:39:04Z] CHK MOM:-0.13% RANGE:0.13% UP:0% SPREAD:0.06807351% BID:1.469 ASK:1.47 MID:1.4695 P1:1.4695 P2:1.4695 P3:1.4695 P4:1.4695 STATE:IDLE
[2026-05-04 20:39:05Z] CHK MOM:-0.13% RANGE:0.13% UP:0% SPREAD:0.06807351% BID:1.469 ASK:1.47 MID:1.4695 P1:1.4695 P2:1.4695 P3:1.4695 P4:1.4695 STATE:IDLE
[2026-05-04 20:39:05Z] CHK MOM:-0.13% RANGE:0.13% UP:0% SPREAD:0.06811989% BID:1.468 ASK:1.469 MID:1.4685 P1:1.4685 P2:1.4695 P3:1.4695 P4:1.4695 STATE:IDLE
[2026-05-04 20:39:06Z] CHK MOM:-0.13% RANGE:0.13% UP:0% SPREAD:0.06811989% BID:1.468 ASK:1.469 MID:1.4685 P1:1.4685 P2:1.4695 P3:1.4695 P4:1.4695 STATE:IDLE
[2026-05-04 20:39:06Z] CHK MOM:-0.13% RANGE:0.13% UP:0% SPREAD:0.06811989% BID:1.468 ASK:1.469 MID:1.4685 P1:1.4685 P2:1.4695 P3:1.4695 P4:1.4695 STATE:IDLE
[2026-05-04 20:39:07Z] CHK MOM:-0.13% RANGE:0.13% UP:0% SPREAD:0.06811989% BID:1.468 ASK:1.469 MID:1.4685 P1:1.4685 P2:1.4685 P3:1.4695 P4:1.4695 STATE:IDLE
[2026-05-04 20:39:07Z] CHK MOM:-0.13% RANGE:0.13% UP:0% SPREAD:0.06811989% BID:1.468 ASK:1.469 MID:1.4685 P1:1.4685 P2:1.4685 P3:1.4695 P4:1.4695 STATE:IDLE
[2026-05-04 20:39:08Z] CHK MOM:-0.13% RANGE:0.13% UP:0% SPREAD:0.06811989% BID:1.468 ASK:1.469 MID:1.4685 P1:1.4685 P2:1.4685 P3:1.4685 P4:1.4695 STATE:IDLE
[2026-05-04 20:39:09Z] CHK MOM:-0.06% RANGE:0.06% UP:0% SPREAD:0.06811989% BID:1.468 ASK:1.469 MID:1.4685 P1:1.4685 P2:1.4685 P3:1.4685 P4:1.4685 STATE:IDLE
[2026-05-04 20:39:09Z] CHK MOM:-0.06% RANGE:0.06% UP:0% SPREAD:0.06811989% BID:1.468 ASK:1.469 MID:1.4685 P1:1.4685 P2:1.4685 P3:1.4685 P4:1.4685 STATE:IDLE
[2026-05-04 20:39:10Z] CHK MOM:-0.06% RANGE:0.06% UP:0% SPREAD:0.06811989% BID:1.468 ASK:1.469 MID:1.4685 P1:1.4685 P2:1.4685 P3:1.4685 P4:1.4685 STATE:IDLE
[2026-05-04 20:39:10Z] CHK MOM:-0.06% RANGE:0.06% UP:0% SPREAD:0.06811989% BID:1.468 ASK:1.469 MID:1.4685 P1:1.4685 P2:1.4685 P3:1.4685 P4:1.4685 STATE:IDLE
[2026-05-04 20:39:11Z] CHK MOM:-0.06% RANGE:0.06% UP:0% SPREAD:0.06811989% BID:1.468 ASK:1.469 MID:1.4685 P1:1.4685 P2:1.4685 P3:1.4685 P4:1.4685 STATE:IDLE
[2026-05-04 20:39:11Z] CHK MOM:0% RANGE:0% UP:0% SPREAD:0.06811989% BID:1.468 ASK:1.469 MID:1.4685 P1:1.4685 P2:1.4685 P3:1.4685 P4:1.4685 STATE:IDLE
[2026-05-04 20:39:12Z] CHK MOM:0% RANGE:0% UP:0% SPREAD:0.06811989% BID:1.468 ASK:1.469 MID:1.4685 P1:1.4685 P2:1.4685 P3:1.4685 P4:1.4685 STATE:IDLE
[2026-05-04 20:39:12Z] CHK MOM:0% RANGE:0% UP:0% SPREAD:0.06811989% BID:1.468 ASK:1.469 MID:1.4685 P1:1.4685 P2:1.4685 P3:1.4685 P4:1.4685 STATE:IDLE
[2026-05-04 20:39:13Z] CHK MOM:0% RANGE:0% UP:0% SPREAD:0.06811989% BID:1.468 ASK:1.469 MID:1.4685 P1:1.4685 P2:1.4685 P3:1.4685 P4:1.4685 STATE:IDLE
[2026-05-04 20:39:14Z] CHK MOM:0% RANGE:0% UP:0% SPREAD:0.06811989% BID:1.468 ASK:1.469 MID:1.4685 P1:1.4685 P2:1.4685 P3:1.4685 P4:1.4685 STATE:IDLE
[2026-05-04 20:39:14Z] CHK MOM:0% RANGE:0% UP:0% SPREAD:0.06811989% BID:1.468 ASK:1.469 MID:1.4685 P1:1.4685 P2:1.4685 P3:1.4685 P4:1.4685 STATE:IDLE
[2026-05-04 20:39:15Z] CHK MOM:0% RANGE:0% UP:0% SPREAD:0.06811989% BID:1.468 ASK:1.469 MID:1.4685 P1:1.4685 P2:1.4685 P3:1.4685 P4:1.4685 STATE:IDLE
[2026-05-04 20:39:15Z] CHK MOM:0% RANGE:0% UP:0% SPREAD:0.06811989% BID:1.468 ASK:1.469 MID:1.4685 P1:1.4685 P2:1.4685 P3:1.4685 P4:1.4685 STATE:IDLE
[2026-05-04 20:39:16Z] CHK MOM:0% RANGE:0% UP:0% SPREAD:0.06811989% BID:1.468 ASK:1.469 MID:1.4685 P1:1.4685 P2:1.4685 P3:1.4685 P4:1.4685 STATE:IDLE
[2026-05-04 20:39:16Z] CHK MOM:0% RANGE:0% UP:0% SPREAD:0.06811989% BID:1.468 ASK:1.469 MID:1.4685 P1:1.4685 P2:1.4685 P3:1.4685 P4:1.4685 STATE:IDLE
[2026-05-04 20:39:17Z] CHK MOM:0% RANGE:0% UP:0% SPREAD:0.06811989% BID:1.468 ASK:1.469 MID:1.4685 P1:1.4685 P2:1.4685 P3:1.4685 P4:1.4685 STATE:IDLE
[2026-05-04 20:39:17Z] CHK MOM:0% RANGE:0% UP:0% SPREAD:0.06811989% BID:1.468 ASK:1.469 MID:1.4685 P1:1.4685 P2:1.4685 P3:1.4685 P4:1.4685 STATE:IDLE
[2026-05-04 20:39:22Z] CHK MOM:0% RANGE:0% UP:0% SPREAD:0.06811989% BID:1.468 ASK:1.469 MID:1.4685 P1:1.4685 P2:1.4685 P3:1.4685 P4:1.4685 STATE:IDLE
[2026-05-04 20:39:23Z] CHK MOM:-0.06% RANGE:0.06% UP:0% SPREAD:0.06816632% BID:1.467 ASK:1.468 MID:1.4675 P1:1.4675 P2:1.4685 P3:1.4685 P4:1.4685 STATE:IDLE
[2026-05-04 20:39:23Z] CHK MOM:-0.13% RANGE:0.13% UP:0% SPREAD:0.06821282% BID:1.466 ASK:1.467 MID:1.4665 P1:1.4665 P2:1.4675 P3:1.4685 P4:1.4685 STATE:IDLE
[2026-05-04 20:39:24Z] CHK MOM:-0.13% RANGE:0.13% UP:0% SPREAD:0.06821282% BID:1.466 ASK:1.467 MID:1.4665 P1:1.4665 P2:1.4665 P3:1.4675 P4:1.4685 STATE:IDLE
[2026-05-04 20:39:24Z] CHK MOM:-0.13% RANGE:0.13% UP:0% SPREAD:0.06821282% BID:1.466 ASK:1.467 MID:1.4665 P1:1.4665 P2:1.4665 P3:1.4675 P4:1.4685 STATE:IDLE
[2026-05-04 20:39:25Z] CHK MOM:-0.13% RANGE:0.13% UP:0% SPREAD:0.06821282% BID:1.466 ASK:1.467 MID:1.4665 P1:1.4665 P2:1.4665 P3:1.4665 P4:1.4675 STATE:IDLE
[2026-05-04 20:39:25Z] CHK MOM:-0.13% RANGE:0.13% UP:0% SPREAD:0.06821282% BID:1.466 ASK:1.467 MID:1.4665 P1:1.4665 P2:1.4665 P3:1.4665 P4:1.4665 STATE:IDLE
[2026-05-04 20:39:26Z] CHK MOM:-0.13% RANGE:0.13% UP:0% SPREAD:0.06821282% BID:1.466 ASK:1.467 MID:1.4665 P1:1.4665 P2:1.4665 P3:1.4665 P4:1.4665 STATE:IDLE
[2026-05-04 20:39:26Z] CHK MOM:-0.13% RANGE:0.13% UP:0% SPREAD:0.06821282% BID:1.466 ASK:1.467 MID:1.4665 P1:1.4665 P2:1.4665 P3:1.4665 P4:1.4665 STATE:IDLE
[2026-05-04 20:39:27Z] CHK MOM:-0.13% RANGE:0.13% UP:0% SPREAD:0.06821282% BID:1.466 ASK:1.467 MID:1.4665 P1:1.4665 P2:1.4665 P3:1.4665 P4:1.4665 STATE:IDLE
[2026-05-04 20:39:28Z] CHK MOM:-0.13% RANGE:0.13% UP:0% SPREAD:0.06821282% BID:1.466 ASK:1.467 MID:1.4665 P1:1.4665 P2:1.4665 P3:1.4665 P4:1.4665 STATE:IDLE
[2026-05-04 20:39:28Z] CHK MOM:-0.13% RANGE:0.13% UP:0% SPREAD:0.06821282% BID:1.466 ASK:1.467 MID:1.4665 P1:1.4665 P2:1.4665 P3:1.4665 P4:1.4665 STATE:IDLE
[2026-05-04 20:39:29Z] CHK MOM:-0.06% RANGE:0.13% UP:11.11% SPREAD:0.06816632% BID:1.467 ASK:1.468 MID:1.4675 P1:1.4675 P2:1.4665 P3:1.4665 P4:1.4665 STATE:IDLE
[2026-05-04 20:39:29Z] CHK MOM:-0.06% RANGE:0.13% UP:11.11% SPREAD:0.06816632% BID:1.467 ASK:1.468 MID:1.4675 P1:1.4675 P2:1.4665 P3:1.4665 P4:1.4665 STATE:IDLE
[2026-05-04 20:39:30Z] CHK MOM:-0.06% RANGE:0.13% UP:11.11% SPREAD:0.06816632% BID:1.467 ASK:1.468 MID:1.4675 P1:1.4675 P2:1.4665 P3:1.4665 P4:1.4665 STATE:IDLE
[2026-05-04 20:39:30Z] CHK MOM:-0.06% RANGE:0.13% UP:11.11% SPREAD:0.06816632% BID:1.467 ASK:1.468 MID:1.4675 P1:1.4675 P2:1.4665 P3:1.4665 P4:1.4665 STATE:IDLE
[2026-05-04 20:39:31Z] CHK MOM:-0.06% RANGE:0.13% UP:11.11% SPREAD:0.06816632% BID:1.467 ASK:1.468 MID:1.4675 P1:1.4675 P2:1.4665 P3:1.4665 P4:1.4665 STATE:IDLE
[2026-05-04 20:39:31Z] CHK MOM:0.06% RANGE:0.06% UP:12.5% SPREAD:0.06816632% BID:1.467 ASK:1.468 MID:1.4675 P1:1.4675 P2:1.4675 P3:1.4665 P4:1.4665 STATE:IDLE
[2026-05-04 20:39:32Z] CHK MOM:0.06% RANGE:0.06% UP:14.28% SPREAD:0.06816632% BID:1.467 ASK:1.468 MID:1.4675 P1:1.4675 P2:1.4675 P3:1.4675 P4:1.4665 STATE:IDLE
[2026-05-04 20:39:33Z] CHK MOM:0.06% RANGE:0.06% UP:12.5% SPREAD:0.06816632% BID:1.467 ASK:1.468 MID:1.4675 P1:1.4675 P2:1.4675 P3:1.4675 P4:1.4675 STATE:IDLE
[2026-05-04 20:39:33Z] CHK MOM:0.06% RANGE:0.06% UP:14.28% SPREAD:0.06816632% BID:1.467 ASK:1.468 MID:1.4675 P1:1.4675 P2:1.4675 P3:1.4675 P4:1.4675 STATE:IDLE
[2026-05-04 20:39:34Z] CHK MOM:0.06% RANGE:0.06% UP:14.28% SPREAD:0.06816632% BID:1.467 ASK:1.468 MID:1.4675 P1:1.4675 P2:1.4675 P3:1.4675 P4:1.4675 STATE:IDLE
[2026-05-04 20:39:34Z] CHK MOM:0.06% RANGE:0.06% UP:14.28% SPREAD:0.06816632% BID:1.467 ASK:1.468 MID:1.4675 P1:1.4675 P2:1.4675 P3:1.4675 P4:1.4675 STATE:IDLE
[2026-05-04 20:39:35Z] CHK MOM:0.06% RANGE:0.06% UP:14.28% SPREAD:0.06816632% BID:1.467 ASK:1.468 MID:1.4675 P1:1.4675 P2:1.4675 P3:1.4675 P4:1.4675 STATE:IDLE
[2026-05-04 20:39:35Z] CHK MOM:0% RANGE:0.06% UP:12.5% SPREAD:0.06821282% BID:1.466 ASK:1.467 MID:1.4665 P1:1.4665 P2:1.4675 P3:1.4675 P4:1.4675 STATE:IDLE
[2026-05-04 20:39:36Z] CHK MOM:0% RANGE:0.06% UP:11.11% SPREAD:0.06821282% BID:1.466 ASK:1.467 MID:1.4665 P1:1.4665 P2:1.4665 P3:1.4675 P4:1.4675 STATE:IDLE
[2026-05-04 20:39:36Z] CHK MOM:0% RANGE:0.06% UP:11.11% SPREAD:0.06821282% BID:1.466 ASK:1.467 MID:1.4665 P1:1.4665 P2:1.4665 P3:1.4675 P4:1.4675 STATE:IDLE
[2026-05-04 20:39:37Z] CHK MOM:0% RANGE:0.06% UP:11.11% SPREAD:0.06821282% BID:1.466 ASK:1.467 MID:1.4665 P1:1.4665 P2:1.4665 P3:1.4675 P4:1.4675 STATE:IDLE
[2026-05-04 20:39:37Z] CHK MOM:-0.06% RANGE:0.06% UP:0% SPREAD:0.06821282% BID:1.466 ASK:1.467 MID:1.4665 P1:1.4665 P2:1.4665 P3:1.4665 P4:1.4675 STATE:IDLE
[2026-05-04 20:39:38Z] CHK MOM:-0.06% RANGE:0.06% UP:0% SPREAD:0.06821282% BID:1.466 ASK:1.467 MID:1.4665 P1:1.4665 P2:1.4665 P3:1.4665 P4:1.4675 STATE:IDLE
[2026-05-04 20:39:38Z] CHK MOM:0% RANGE:0.06% UP:11.11% SPREAD:0.06816632% BID:1.467 ASK:1.468 MID:1.4675 P1:1.4675 P2:1.4665 P3:1.4665 P4:1.4665 STATE:IDLE
[2026-05-04 20:39:39Z] CHK MOM:0% RANGE:0.06% UP:11.11% SPREAD:0.06816632% BID:1.467 ASK:1.468 MID:1.4675 P1:1.4675 P2:1.4665 P3:1.4665 P4:1.4665 STATE:IDLE
[2026-05-04 20:39:39Z] CHK MOM:0% RANGE:0.06% UP:11.11% SPREAD:0.06816632% BID:1.467 ASK:1.468 MID:1.4675 P1:1.4675 P2:1.4665 P3:1.4665 P4:1.4665 STATE:IDLE
[2026-05-04 20:39:40Z] CHK MOM:0% RANGE:0.06% UP:12.5% SPREAD:0.06816632% BID:1.467 ASK:1.468 MID:1.4675 P1:1.4675 P2:1.4675 P3:1.4665 P4:1.4665 STATE:IDLE
[2026-05-04 20:39:41Z] CHK MOM:0% RANGE:0.06% UP:12.5% SPREAD:0.06816632% BID:1.467 ASK:1.468 MID:1.4675 P1:1.4675 P2:1.4675 P3:1.4665 P4:1.4665 STATE:IDLE
[2026-05-04 20:39:41Z] CHK MOM:0% RANGE:0.06% UP:12.5% SPREAD:0.06816632% BID:1.467 ASK:1.468 MID:1.4675 P1:1.4675 P2:1.4675 P3:1.4665 P4:1.4665 STATE:IDLE
[2026-05-04 20:39:42Z] CHK MOM:0% RANGE:0.06% UP:12.5% SPREAD:0.06816632% BID:1.467 ASK:1.468 MID:1.4675 P1:1.4675 P2:1.4675 P3:1.4665 P4:1.4665 STATE:IDLE
[2026-05-04 20:39:42Z] CHK MOM:0% RANGE:0.06% UP:12.5% SPREAD:0.06816632% BID:1.467 ASK:1.468 MID:1.4675 P1:1.4675 P2:1.4675 P3:1.4665 P4:1.4665 STATE:IDLE
[2026-05-04 20:39:43Z] CHK MOM:0% RANGE:0.06% UP:12.5% SPREAD:0.06816632% BID:1.467 ASK:1.468 MID:1.4675 P1:1.4675 P2:1.4675 P3:1.4665 P4:1.4665 STATE:IDLE
[2026-05-04 20:39:45Z] CHK MOM:0.06% RANGE:0.06% UP:33.33% SPREAD:0.06816632% BID:1.467 ASK:1.468 MID:1.4675 P1:1.4675 P2:1.4675 P3:1.4675 P4:1.4665 STATE:IDLE
[2026-05-04 20:39:45Z] CHK MOM:0% RANGE:0% UP:0% SPREAD:0.06816632% BID:1.467 ASK:1.468 MID:1.4675 P1:1.4675 P2:1.4675 P3:1.4675 P4:1.4675 STATE:IDLE
[2026-05-04 20:39:46Z] CHK MOM:0% RANGE:0% UP:0% SPREAD:0.06816632% BID:1.467 ASK:1.468 MID:1.4675 P1:1.4675 P2:1.4675 P3:1.4675 P4:1.4675 STATE:IDLE
[2026-05-04 20:39:46Z] CHK MOM:-0.06% RANGE:0.06% UP:0% SPREAD:0.06821282% BID:1.466 ASK:1.467 MID:1.4665 P1:1.4665 P2:1.4675 P3:1.4675 P4:1.4675 STATE:IDLE
[2026-05-04 20:39:47Z] CHK MOM:-0.06% RANGE:0.06% UP:0% SPREAD:0.06821282% BID:1.466 ASK:1.467 MID:1.4665 P1:1.4665 P2:1.4665 P3:1.4675 P4:1.4675 STATE:IDLE
[2026-05-04 20:39:47Z] CHK MOM:-0.06% RANGE:0.06% UP:0% SPREAD:0.06821282% BID:1.466 ASK:1.467 MID:1.4665 P1:1.4665 P2:1.4665 P3:1.4665 P4:1.4675 STATE:IDLE
[2026-05-04 20:39:48Z] CHK MOM:-0.06% RANGE:0.06% UP:0% SPREAD:0.06821282% BID:1.466 ASK:1.467 MID:1.4665 P1:1.4665 P2:1.4665 P3:1.4665 P4:1.4665 STATE:IDLE
[2026-05-04 20:39:48Z] CHK MOM:-0.06% RANGE:0.06% UP:0% SPREAD:0.06821282% BID:1.466 ASK:1.467 MID:1.4665 P1:1.4665 P2:1.4665 P3:1.4665 P4:1.4665 STATE:IDLE
[2026-05-04 20:39:49Z] CHK MOM:-0.06% RANGE:0.06% UP:0% SPREAD:0.06821282% BID:1.466 ASK:1.467 MID:1.4665 P1:1.4665 P2:1.4665 P3:1.4665 P4:1.4665 STATE:IDLE
[2026-05-04 20:39:49Z] CHK MOM:-0.06% RANGE:0.06% UP:0% SPREAD:0.06821282% BID:1.466 ASK:1.467 MID:1.4665 P1:1.4665 P2:1.4665 P3:1.4665 P4:1.4665 STATE:IDLE
[2026-05-04 20:39:50Z] CHK MOM:-0.06% RANGE:0.06% UP:0% SPREAD:0.06821282% BID:1.466 ASK:1.467 MID:1.4665 P1:1.4665 P2:1.4665 P3:1.4665 P4:1.4665 STATE:IDLE
[2026-05-04 20:39:51Z] CHK MOM:-0.06% RANGE:0.06% UP:0% SPREAD:0.06821282% BID:1.466 ASK:1.467 MID:1.4665 P1:1.4665 P2:1.4665 P3:1.4665 P4:1.4665 STATE:IDLE
[2026-05-04 20:39:51Z] CHK MOM:-0.06% RANGE:0.06% UP:0% SPREAD:0.06821282% BID:1.466 ASK:1.467 MID:1.4665 P1:1.4665 P2:1.4665 P3:1.4665 P4:1.4665 STATE:IDLE
[2026-05-04 20:39:52Z] CHK MOM:-0.06% RANGE:0.06% UP:0% SPREAD:0.06821282% BID:1.466 ASK:1.467 MID:1.4665 P1:1.4665 P2:1.4665 P3:1.4665 P4:1.4665 STATE:IDLE
[2026-05-04 20:39:52Z] CHK MOM:-0.06% RANGE:0.06% UP:0% SPREAD:0.06821282% BID:1.466 ASK:1.467 MID:1.4665 P1:1.4665 P2:1.4665 P3:1.4665 P4:1.4665 STATE:IDLE
[2026-05-04 20:39:53Z] CHK MOM:-0.06% RANGE:0.06% UP:0% SPREAD:0.06821282% BID:1.466 ASK:1.467 MID:1.4665 P1:1.4665 P2:1.4665 P3:1.4665 P4:1.4665 STATE:IDLE
[2026-05-04 20:39:53Z] CHK MOM:-0.06% RANGE:0.06% UP:0% SPREAD:0.06821282% BID:1.466 ASK:1.467 MID:1.4665 P1:1.4665 P2:1.4665 P3:1.4665 P4:1.4665 STATE:IDLE
[2026-05-04 20:39:54Z] CHK MOM:-0.06% RANGE:0.06% UP:0% SPREAD:0.06821282% BID:1.466 ASK:1.467 MID:1.4665 P1:1.4665 P2:1.4665 P3:1.4665 P4:1.4665 STATE:IDLE
[2026-05-04 20:39:54Z] CHK MOM:-0.06% RANGE:0.06% UP:0% SPREAD:0.06821282% BID:1.466 ASK:1.467 MID:1.4665 P1:1.4665 P2:1.4665 P3:1.4665 P4:1.4665 STATE:IDLE
[2026-05-04 20:39:55Z] CHK MOM:-0.06% RANGE:0.06% UP:0% SPREAD:0.06821282% BID:1.466 ASK:1.467 MID:1.4665 P1:1.4665 P2:1.4665 P3:1.4665 P4:1.4665 STATE:IDLE
[2026-05-04 20:39:56Z] CHK MOM:-0.06% RANGE:0.06% UP:0% SPREAD:0.06821282% BID:1.466 ASK:1.467 MID:1.4665 P1:1.4665 P2:1.4665 P3:1.4665 P4:1.4665 STATE:IDLE
[2026-05-04 20:39:57Z] CHK MOM:0% RANGE:0% UP:0% SPREAD:0.06821282% BID:1.466 ASK:1.467 MID:1.4665 P1:1.4665 P2:1.4665 P3:1.4665 P4:1.4665 STATE:IDLE
[2026-05-04 20:39:58Z] CHK MOM:0% RANGE:0% UP:0% SPREAD:0.06821282% BID:1.466 ASK:1.467 MID:1.4665 P1:1.4665 P2:1.4665 P3:1.4665 P4:1.4665 STATE:IDLE
[2026-05-04 20:39:58Z] CHK MOM:0% RANGE:0% UP:0% SPREAD:0.06821282% BID:1.466 ASK:1.467 MID:1.4665 P1:1.4665 P2:1.4665 P3:1.4665 P4:1.4665 STATE:IDLE
[2026-05-04 20:39:59Z] CHK MOM:0% RANGE:0% UP:0% SPREAD:0.06821282% BID:1.466 ASK:1.467 MID:1.4665 P1:1.4665 P2:1.4665 P3:1.4665 P4:1.4665 STATE:IDLE
[2026-05-04 20:39:59Z] CHK MOM:0% RANGE:0% UP:0% SPREAD:0.06821282% BID:1.466 ASK:1.467 MID:1.4665 P1:1.4665 P2:1.4665 P3:1.4665 P4:1.4665 STATE:IDLE
[2026-05-04 20:40:00Z] CHK MOM:0% RANGE:0% UP:0% SPREAD:0.06821282% BID:1.466 ASK:1.467 MID:1.4665 P1:1.4665 P2:1.4665 P3:1.4665 P4:1.4665 STATE:IDLE
[2026-05-04 20:40:00Z] CHK MOM:0% RANGE:0% UP:0% SPREAD:0.06821282% BID:1.466 ASK:1.467 MID:1.4665 P1:1.4665 P2:1.4665 P3:1.4665 P4:1.4665 STATE:IDLE
[2026-05-04 20:40:01Z] CHK MOM:0% RANGE:0% UP:0% SPREAD:0.06821282% BID:1.466 ASK:1.467 MID:1.4665 P1:1.4665 P2:1.4665 P3:1.4665 P4:1.4665 STATE:IDLE
[2026-05-04 20:40:02Z] CHK MOM:0% RANGE:0% UP:0% SPREAD:0.06821282% BID:1.466 ASK:1.467 MID:1.4665 P1:1.4665 P2:1.4665 P3:1.4665 P4:1.4665 STATE:IDLE
[2026-05-04 20:40:02Z] CHK MOM:0.06% RANGE:0.06% UP:25% SPREAD:0.06816632% BID:1.467 ASK:1.468 MID:1.4675 P1:1.4675 P2:1.4665 P3:1.4665 P4:1.4665 STATE:IDLE
[2026-05-04 20:40:03Z] CHK MOM:0.06% RANGE:0.06% UP:25% SPREAD:0.06816632% BID:1.467 ASK:1.468 MID:1.4675 P1:1.4675 P2:1.4665 P3:1.4665 P4:1.4665 STATE:IDLE
[2026-05-04 20:40:03Z] CHK MOM:0.06% RANGE:0.06% UP:25% SPREAD:0.06816632% BID:1.467 ASK:1.468 MID:1.4675 P1:1.4675 P2:1.4665 P3:1.4665 P4:1.4665 STATE:IDLE
[2026-05-04 20:40:04Z] CHK MOM:0% RANGE:0.06% UP:20% SPREAD:0.06821282% BID:1.466 ASK:1.467 MID:1.4665 P1:1.4665 P2:1.4675 P3:1.4665 P4:1.4665 STATE:IDLE
[2026-05-04 20:40:04Z] CHK MOM:0% RANGE:0.06% UP:20% SPREAD:0.06821282% BID:1.466 ASK:1.467 MID:1.4665 P1:1.4665 P2:1.4675 P3:1.4665 P4:1.4665 STATE:IDLE
[2026-05-04 20:40:05Z] CHK MOM:0.06% RANGE:0.06% UP:33.33% SPREAD:0.06816632% BID:1.467 ASK:1.468 MID:1.4675 P1:1.4675 P2:1.4665 P3:1.4675 P4:1.4665 STATE:IDLE
[2026-05-04 20:40:05Z] CHK MOM:0.06% RANGE:0.06% UP:33.33% SPREAD:0.06816632% BID:1.467 ASK:1.468 MID:1.4675 P1:1.4675 P2:1.4665 P3:1.4675 P4:1.4665 STATE:IDLE
[2026-05-04 20:40:06Z] CHK MOM:0.06% RANGE:0.06% UP:33.33% SPREAD:0.06816632% BID:1.467 ASK:1.468 MID:1.4675 P1:1.4675 P2:1.4665 P3:1.4675 P4:1.4665 STATE:IDLE
[2026-05-04 20:40:07Z] CHK MOM:0.06% RANGE:0.06% UP:33.33% SPREAD:0.06816632% BID:1.467 ASK:1.468 MID:1.4675 P1:1.4675 P2:1.4665 P3:1.4675 P4:1.4665 STATE:IDLE
[2026-05-04 20:40:07Z] CHK MOM:0.06% RANGE:0.06% UP:33.33% SPREAD:0.06816632% BID:1.467 ASK:1.468 MID:1.4675 P1:1.4675 P2:1.4665 P3:1.4675 P4:1.4665 STATE:IDLE
[2026-05-04 20:40:12Z] CHK MOM:0.06% RANGE:0.06% UP:50% SPREAD:0.06816632% BID:1.467 ASK:1.468 MID:1.4675 P1:1.4675 P2:1.4675 P3:1.4665 P4:1.4675 STATE:IDLE
[2026-05-04 20:40:12Z] CHK MOM:0.06% RANGE:0.06% UP:50% SPREAD:0.06816632% BID:1.467 ASK:1.468 MID:1.4675 P1:1.4675 P2:1.4675 P3:1.4665 P4:1.4675 STATE:IDLE
[2026-05-04 20:40:13Z] CHK MOM:0.06% RANGE:0.06% UP:100% SPREAD:0.06811989% BID:1.468 ASK:1.469 MID:1.4685 P1:1.4685 P2:1.4675 P3:1.4675 P4:1.4665 STATE:IDLE
[2026-05-04 20:40:13Z] CHK MOM:0.03% RANGE:0.06% UP:50% SPREAD:0.13633265% BID:1.467 ASK:1.469 MID:1.468 P1:1.468 P2:1.4685 P3:1.4675 P4:1.4675 STATE:IDLE
[2026-05-04 20:40:14Z] CHK MOM:0.03% RANGE:0.06% UP:50% SPREAD:0.13633265% BID:1.467 ASK:1.469 MID:1.468 P1:1.468 P2:1.4685 P3:1.4675 P4:1.4675 STATE:IDLE
[2026-05-04 20:40:14Z] CHK MOM:0.06% RANGE:0.06% UP:66.66% SPREAD:0.06811989% BID:1.468 ASK:1.469 MID:1.4685 P1:1.4685 P2:1.468 P3:1.4685 P4:1.4675 STATE:IDLE
[2026-05-04 20:40:15Z] CHK MOM:0.06% RANGE:0.06% UP:50% SPREAD:0.06811989% BID:1.468 ASK:1.469 MID:1.4685 P1:1.4685 P2:1.4685 P3:1.468 P4:1.4685 STATE:IDLE
[2026-05-04 20:40:15Z] CHK MOM:0.06% RANGE:0.06% UP:50% SPREAD:0.06811989% BID:1.468 ASK:1.469 MID:1.4685 P1:1.4685 P2:1.4685 P3:1.468 P4:1.4685 STATE:IDLE
[2026-05-04 20:40:16Z] CHK MOM:0.13% RANGE:0.13% UP:60% SPREAD:0.06807351% BID:1.469 ASK:1.47 MID:1.4695 P1:1.4695 P2:1.4685 P3:1.4685 P4:1.468 STATE:IDLE
[2026-05-04 20:40:16Z] CHK MOM:0.13% RANGE:0.13% UP:50% SPREAD:0.06807351% BID:1.469 ASK:1.47 MID:1.4695 P1:1.4695 P2:1.4695 P3:1.4685 P4:1.4685 STATE:IDLE
[2026-05-04 20:40:17Z] CHK MOM:0.13% RANGE:0.13% UP:50% SPREAD:0.06807351% BID:1.469 ASK:1.47 MID:1.4695 P1:1.4695 P2:1.4695 P3:1.4685 P4:1.4685 STATE:IDLE
[2026-05-04 20:40:18Z] CHK MOM:0.2% RANGE:0.2% UP:57.14% SPREAD:0.06802721% BID:1.47 ASK:1.471 MID:1.4705 P1:1.4705 P2:1.4695 P3:1.4695 P4:1.4685 STATE:IDLE
[2026-05-04 20:40:18Z] CHK MOM:0.2% RANGE:0.2% UP:57.14% SPREAD:0.06802721% BID:1.47 ASK:1.471 MID:1.4705 P1:1.4705 P2:1.4695 P3:1.4695 P4:1.4685 STATE:IDLE
[2026-05-04 20:40:19Z] CHK MOM:0.2% RANGE:0.2% UP:57.14% SPREAD:0.06802721% BID:1.47 ASK:1.471 MID:1.4705 P1:1.4705 P2:1.4695 P3:1.4695 P4:1.4685 STATE:IDLE
[2026-05-04 20:40:19Z] CHK MOM:0.2% RANGE:0.2% UP:57.14% SPREAD:0.06802721% BID:1.47 ASK:1.471 MID:1.4705 P1:1.4705 P2:1.4695 P3:1.4695 P4:1.4685 STATE:IDLE
[2026-05-04 20:40:20Z] CHK MOM:0.2% RANGE:0.2% UP:57.14% SPREAD:0.06802721% BID:1.47 ASK:1.471 MID:1.4705 P1:1.4705 P2:1.4695 P3:1.4695 P4:1.4685 STATE:IDLE
[2026-05-04 20:40:20Z] CHK MOM:0.13% RANGE:0.17% UP:42.85% SPREAD:0.06802721% BID:1.47 ASK:1.471 MID:1.4705 P1:1.4705 P2:1.4705 P3:1.4695 P4:1.4695 STATE:IDLE
[2026-05-04 20:40:21Z] CHK MOM:0.13% RANGE:0.17% UP:37.5% SPREAD:0.06802721% BID:1.47 ASK:1.471 MID:1.4705 P1:1.4705 P2:1.4705 P3:1.4705 P4:1.4695 STATE:IDLE
[2026-05-04 20:40:21Z] CHK MOM:0.13% RANGE:0.17% UP:37.5% SPREAD:0.06802721% BID:1.47 ASK:1.471 MID:1.4705 P1:1.4705 P2:1.4705 P3:1.4705 P4:1.4695 STATE:IDLE
[2026-05-04 20:40:22Z] CHK MOM:0.13% RANGE:0.13% UP:28.57% SPREAD:0.06802721% BID:1.47 ASK:1.471 MID:1.4705 P1:1.4705 P2:1.4705 P3:1.4705 P4:1.4705 STATE:IDLE
[2026-05-04 20:40:23Z] CHK MOM:0.2% RANGE:0.2% UP:37.5% SPREAD:0.06798096% BID:1.471 ASK:1.472 MID:1.4715 P1:1.4715 P2:1.4705 P3:1.4705 P4:1.4705 STATE:IDLE
[2026-05-04 20:40:23Z] CHK MOM:0.13% RANGE:0.13% UP:28.57% SPREAD:0.06798096% BID:1.471 ASK:1.472 MID:1.4715 P1:1.4715 P2:1.4715 P3:1.4705 P4:1.4705 STATE:IDLE
[2026-05-04 20:40:24Z] CHK MOM:0.13% RANGE:0.13% UP:28.57% SPREAD:0.06798096% BID:1.471 ASK:1.472 MID:1.4715 P1:1.4715 P2:1.4715 P3:1.4715 P4:1.4705 STATE:IDLE
[2026-05-04 20:40:24Z] CHK MOM:0.13% RANGE:0.13% UP:25% SPREAD:0.06798096% BID:1.471 ASK:1.472 MID:1.4715 P1:1.4715 P2:1.4715 P3:1.4715 P4:1.4715 STATE:IDLE
[2026-05-04 20:40:25Z] CHK MOM:0.13% RANGE:0.13% UP:25% SPREAD:0.06798096% BID:1.471 ASK:1.472 MID:1.4715 P1:1.4715 P2:1.4715 P3:1.4715 P4:1.4715 STATE:IDLE
[2026-05-04 20:40:25Z] CHK MOM:0.06% RANGE:0.06% UP:12.5% SPREAD:0.06798096% BID:1.471 ASK:1.472 MID:1.4715 P1:1.4715 P2:1.4715 P3:1.4715 P4:1.4715 STATE:IDLE
[2026-05-04 20:40:26Z] CHK MOM:0.06% RANGE:0.06% UP:12.5% SPREAD:0.06798096% BID:1.471 ASK:1.472 MID:1.4715 P1:1.4715 P2:1.4715 P3:1.4715 P4:1.4715 STATE:IDLE
[2026-05-04 20:40:26Z] CHK MOM:0.06% RANGE:0.06% UP:12.5% SPREAD:0.06798096% BID:1.471 ASK:1.472 MID:1.4715 P1:1.4715 P2:1.4715 P3:1.4715 P4:1.4715 STATE:IDLE
[2026-05-04 20:40:27Z] CHK MOM:0.06% RANGE:0.06% UP:12.5% SPREAD:0.06798096% BID:1.471 ASK:1.472 MID:1.4715 P1:1.4715 P2:1.4715 P3:1.4715 P4:1.4715 STATE:IDLE
[2026-05-04 20:40:27Z] CHK MOM:0.06% RANGE:0.06% UP:11.11% SPREAD:0.06798096% BID:1.471 ASK:1.472 MID:1.4715 P1:1.4715 P2:1.4715 P3:1.4715 P4:1.4715 STATE:IDLE
[2026-05-04 20:40:28Z] CHK MOM:0.06% RANGE:0.06% UP:10% SPREAD:0.06798096% BID:1.471 ASK:1.472 MID:1.4715 P1:1.4715 P2:1.4715 P3:1.4715 P4:1.4715 STATE:IDLE
[2026-05-04 20:40:29Z] CHK MOM:0.06% RANGE:0.06% UP:10% SPREAD:0.06798096% BID:1.471 ASK:1.472 MID:1.4715 P1:1.4715 P2:1.4715 P3:1.4715 P4:1.4715 STATE:IDLE
[2026-05-04 20:40:29Z] CHK MOM:0.06% RANGE:0.06% UP:10% SPREAD:0.06798096% BID:1.471 ASK:1.472 MID:1.4715 P1:1.4715 P2:1.4715 P3:1.4715 P4:1.4715 STATE:IDLE
[2026-05-04 20:40:30Z] CHK MOM:0.06% RANGE:0.06% UP:10% SPREAD:0.06798096% BID:1.471 ASK:1.472 MID:1.4715 P1:1.4715 P2:1.4715 P3:1.4715 P4:1.4715 STATE:IDLE
[2026-05-04 20:40:30Z] CHK MOM:0.06% RANGE:0.06% UP:10% SPREAD:0.06798096% BID:1.471 ASK:1.472 MID:1.4715 P1:1.4715 P2:1.4715 P3:1.4715 P4:1.4715 STATE:IDLE
[2026-05-04 20:40:31Z] CHK MOM:0% RANGE:0% UP:0% SPREAD:0.06798096% BID:1.471 ASK:1.472 MID:1.4715 P1:1.4715 P2:1.4715 P3:1.4715 P4:1.4715 STATE:IDLE
[2026-05-04 20:40:31Z] CHK MOM:0% RANGE:0% UP:0% SPREAD:0.06798096% BID:1.471 ASK:1.472 MID:1.4715 P1:1.4715 P2:1.4715 P3:1.4715 P4:1.4715 STATE:IDLE
[2026-05-04 20:40:32Z] CHK MOM:0% RANGE:0% UP:0% SPREAD:0.06798096% BID:1.471 ASK:1.472 MID:1.4715 P1:1.4715 P2:1.4715 P3:1.4715 P4:1.4715 STATE:IDLE
[2026-05-04 20:40:32Z] CHK MOM:0.06% RANGE:0.06% UP:16.66% SPREAD:0.06793478% BID:1.472 ASK:1.473 MID:1.4725 P1:1.4725 P2:1.4715 P3:1.4715 P4:1.4715 STATE:IDLE
[2026-05-04 20:40:33Z] CHK MOM:0.03% RANGE:0.06% UP:14.28% SPREAD:0.13596193% BID:1.471 ASK:1.473 MID:1.472 P1:1.472 P2:1.4725 P3:1.4715 P4:1.4715 STATE:IDLE
[2026-05-04 20:40:34Z] CHK MOM:0.03% RANGE:0.06% UP:12.5% SPREAD:0.13596193% BID:1.471 ASK:1.473 MID:1.472 P1:1.472 P2:1.472 P3:1.4725 P4:1.4715 STATE:IDLE
[2026-05-04 20:40:34Z] CHK MOM:0% RANGE:0.06% UP:12.5% SPREAD:0.06798096% BID:1.471 ASK:1.472 MID:1.4715 P1:1.4715 P2:1.472 P3:1.472 P4:1.4725 STATE:IDLE
[2026-05-04 20:40:35Z] CHK MOM:0% RANGE:0.06% UP:12.5% SPREAD:0.06798096% BID:1.471 ASK:1.472 MID:1.4715 P1:1.4715 P2:1.472 P3:1.472 P4:1.4725 STATE:IDLE
[2026-05-04 20:40:35Z] CHK MOM:0% RANGE:0.06% UP:12.5% SPREAD:0.06798096% BID:1.471 ASK:1.472 MID:1.4715 P1:1.4715 P2:1.472 P3:1.472 P4:1.4725 STATE:IDLE
[2026-05-04 20:40:36Z] CHK MOM:0% RANGE:0.06% UP:12.5% SPREAD:0.06798096% BID:1.471 ASK:1.472 MID:1.4715 P1:1.4715 P2:1.472 P3:1.472 P4:1.4725 STATE:IDLE
[2026-05-04 20:40:36Z] CHK MOM:0% RANGE:0.06% UP:16.66% SPREAD:0.06798096% BID:1.471 ASK:1.472 MID:1.4715 P1:1.4715 P2:1.4715 P3:1.472 P4:1.472 STATE:IDLE
[2026-05-04 20:40:37Z] CHK MOM:0% RANGE:0.06% UP:16.66% SPREAD:0.06798096% BID:1.471 ASK:1.472 MID:1.4715 P1:1.4715 P2:1.4715 P3:1.472 P4:1.472 STATE:IDLE
[2026-05-04 20:40:37Z] CHK MOM:0% RANGE:0.06% UP:16.66% SPREAD:0.06798096% BID:1.471 ASK:1.472 MID:1.4715 P1:1.4715 P2:1.4715 P3:1.472 P4:1.472 STATE:IDLE
[2026-05-04 20:40:38Z] CHK MOM:0% RANGE:0.06% UP:16.66% SPREAD:0.06798096% BID:1.471 ASK:1.472 MID:1.4715 P1:1.4715 P2:1.4715 P3:1.472 P4:1.472 STATE:IDLE
[2026-05-04 20:40:38Z] CHK MOM:0% RANGE:0.06% UP:16.66% SPREAD:0.06798096% BID:1.471 ASK:1.472 MID:1.4715 P1:1.4715 P2:1.4715 P3:1.472 P4:1.472 STATE:IDLE
[2026-05-04 20:40:39Z] CHK MOM:0% RANGE:0.06% UP:16.66% SPREAD:0.06798096% BID:1.471 ASK:1.472 MID:1.4715 P1:1.4715 P2:1.4715 P3:1.472 P4:1.472 STATE:IDLE
[2026-05-04 20:40:41Z] CHK MOM:-0.03% RANGE:0.03% UP:0% SPREAD:0.06798096% BID:1.471 ASK:1.472 MID:1.4715 P1:1.4715 P2:1.4715 P3:1.4715 P4:1.472 STATE:IDLE
[2026-05-04 20:40:41Z] CHK MOM:-0.03% RANGE:0.03% UP:0% SPREAD:0.06798096% BID:1.471 ASK:1.472 MID:1.4715 P1:1.4715 P2:1.4715 P3:1.4715 P4:1.472 STATE:IDLE
[2026-05-04 20:40:42Z] CHK MOM:-0.03% RANGE:0.03% UP:0% SPREAD:0.06798096% BID:1.471 ASK:1.472 MID:1.4715 P1:1.4715 P2:1.4715 P3:1.4715 P4:1.472 STATE:IDLE
[2026-05-04 20:40:42Z] CHK MOM:-0.03% RANGE:0.03% UP:0% SPREAD:0.06798096% BID:1.471 ASK:1.472 MID:1.4715 P1:1.4715 P2:1.4715 P3:1.4715 P4:1.472 STATE:IDLE
[2026-05-04 20:40:43Z] CHK MOM:-0.03% RANGE:0.03% UP:0% SPREAD:0.06798096% BID:1.471 ASK:1.472 MID:1.4715 P1:1.4715 P2:1.4715 P3:1.4715 P4:1.472 STATE:IDLE
[2026-05-04 20:40:43Z] CHK MOM:-0.03% RANGE:0.03% UP:0% SPREAD:0.06798096% BID:1.471 ASK:1.472 MID:1.4715 P1:1.4715 P2:1.4715 P3:1.4715 P4:1.472 STATE:IDLE
[2026-05-04 20:40:46Z] CHK MOM:0% RANGE:0% UP:0% SPREAD:0.06798096% BID:1.471 ASK:1.472 MID:1.4715 P1:1.4715 P2:1.4715 P3:1.4715 P4:1.4715 STATE:IDLE
[2026-05-04 20:40:46Z] CHK MOM:0% RANGE:0% UP:0% SPREAD:0.06798096% BID:1.471 ASK:1.472 MID:1.4715 P1:1.4715 P2:1.4715 P3:1.4715 P4:1.4715 STATE:IDLE
[2026-05-04 20:40:47Z] CHK MOM:0% RANGE:0% UP:0% SPREAD:0.06798096% BID:1.471 ASK:1.472 MID:1.4715 P1:1.4715 P2:1.4715 P3:1.4715 P4:1.4715 STATE:IDLE
[2026-05-04 20:40:47Z] CHK MOM:0.06% RANGE:0.06% UP:50% SPREAD:0.06793478% BID:1.472 ASK:1.473 MID:1.4725 P1:1.4725 P2:1.4715 P3:1.4715 P4:1.4715 STATE:IDLE
[2026-05-04 20:40:48Z] CHK MOM:0.06% RANGE:0.06% UP:33.33% SPREAD:0.06793478% BID:1.472 ASK:1.473 MID:1.4725 P1:1.4725 P2:1.4725 P3:1.4715 P4:1.4715 STATE:IDLE
[2026-05-04 20:40:48Z] CHK MOM:0.06% RANGE:0.06% UP:33.33% SPREAD:0.06793478% BID:1.472 ASK:1.473 MID:1.4725 P1:1.4725 P2:1.4725 P3:1.4715 P4:1.4715 STATE:IDLE
[2026-05-04 20:40:49Z] CHK MOM:0.06% RANGE:0.06% UP:33.33% SPREAD:0.06793478% BID:1.472 ASK:1.473 MID:1.4725 P1:1.4725 P2:1.4725 P3:1.4715 P4:1.4715 STATE:IDLE
[2026-05-04 20:40:49Z] CHK MOM:0.1% RANGE:0.1% UP:66.66% SPREAD:0.13586956% BID:1.472 ASK:1.474 MID:1.47299999 P1:1.47299999 P2:1.4725 P3:1.4725 P4:1.4715 STATE:IDLE
[2026-05-04 20:40:50Z] CHK MOM:0.1% RANGE:0.1% UP:50% SPREAD:0.13586956% BID:1.472 ASK:1.474 MID:1.47299999 P1:1.47299999 P2:1.47299999 P3:1.4725 P4:1.4725 STATE:IDLE
[2026-05-04 20:40:50Z] CHK MOM:0.1% RANGE:0.1% UP:50% SPREAD:0.13586956% BID:1.472 ASK:1.474 MID:1.47299999 P1:1.47299999 P2:1.47299999 P3:1.4725 P4:1.4725 STATE:IDLE
[2026-05-04 20:40:51Z] CHK MOM:0.1% RANGE:0.1% UP:50% SPREAD:0.13586956% BID:1.472 ASK:1.474 MID:1.47299999 P1:1.47299999 P2:1.47299999 P3:1.4725 P4:1.4725 STATE:IDLE
[2026-05-04 20:40:52Z] CHK MOM:0.1% RANGE:0.1% UP:50% SPREAD:0.13586956% BID:1.472 ASK:1.474 MID:1.47299999 P1:1.47299999 P2:1.47299999 P3:1.4725 P4:1.4725 STATE:IDLE
[2026-05-04 20:40:52Z] CHK MOM:0.1% RANGE:0.1% UP:50% SPREAD:0.13586956% BID:1.472 ASK:1.474 MID:1.47299999 P1:1.47299999 P2:1.47299999 P3:1.4725 P4:1.4725 STATE:IDLE
[2026-05-04 20:40:54Z] CHK MOM:0% RANGE:0.03% UP:25% SPREAD:0.06793478% BID:1.472 ASK:1.473 MID:1.4725 P1:1.4725 P2:1.47299999 P3:1.47299999 P4:1.4725 STATE:IDLE
[2026-05-04 20:40:55Z] CHK MOM:0% RANGE:0.03% UP:20% SPREAD:0.06793478% BID:1.472 ASK:1.473 MID:1.4725 P1:1.4725 P2:1.4725 P3:1.47299999 P4:1.47299999 STATE:IDLE
[2026-05-04 20:40:55Z] CHK MOM:0% RANGE:0.03% UP:16.66% SPREAD:0.06793478% BID:1.472 ASK:1.473 MID:1.4725 P1:1.4725 P2:1.4725 P3:1.4725 P4:1.47299999 STATE:IDLE
[2026-05-04 20:40:56Z] CHK MOM:0% RANGE:0.03% UP:16.66% SPREAD:0.06793478% BID:1.472 ASK:1.473 MID:1.4725 P1:1.4725 P2:1.4725 P3:1.4725 P4:1.47299999 STATE:IDLE
[2026-05-04 20:40:57Z] CHK MOM:0% RANGE:0.03% UP:16.66% SPREAD:0.06793478% BID:1.472 ASK:1.473 MID:1.4725 P1:1.4725 P2:1.4725 P3:1.4725 P4:1.47299999 STATE:IDLE
[2026-05-04 20:40:57Z] CHK MOM:0% RANGE:0.03% UP:16.66% SPREAD:0.06793478% BID:1.472 ASK:1.473 MID:1.4725 P1:1.4725 P2:1.4725 P3:1.4725 P4:1.47299999 STATE:IDLE
[2026-05-04 20:40:58Z] CHK MOM:-0.1% RANGE:0.1% UP:0% SPREAD:0.06798096% BID:1.471 ASK:1.472 MID:1.4715 P1:1.4715 P2:1.4725 P3:1.4725 P4:1.4725 STATE:IDLE
[2026-05-04 20:40:58Z] CHK MOM:-0.06% RANGE:0.06% UP:0% SPREAD:0.06798096% BID:1.471 ASK:1.472 MID:1.4715 P1:1.4715 P2:1.4715 P3:1.4725 P4:1.4725 STATE:IDLE
[2026-05-04 20:40:59Z] CHK MOM:-0.06% RANGE:0.06% UP:0% SPREAD:0.06798096% BID:1.471 ASK:1.472 MID:1.4715 P1:1.4715 P2:1.4715 P3:1.4725 P4:1.4725 STATE:IDLE
[2026-05-04 20:40:59Z] CHK MOM:-0.06% RANGE:0.06% UP:0% SPREAD:0.06798096% BID:1.471 ASK:1.472 MID:1.4715 P1:1.4715 P2:1.4715 P3:1.4725 P4:1.4725 STATE:IDLE
[2026-05-04 20:41:00Z] CHK MOM:-0.06% RANGE:0.06% UP:0% SPREAD:0.06798096% BID:1.471 ASK:1.472 MID:1.4715 P1:1.4715 P2:1.4715 P3:1.4715 P4:1.4725 STATE:IDLE
[2026-05-04 20:41:00Z] CHK MOM:-0.06% RANGE:0.06% UP:0% SPREAD:0.06798096% BID:1.471 ASK:1.472 MID:1.4715 P1:1.4715 P2:1.4715 P3:1.4715 P4:1.4715 STATE:IDLE
[2026-05-04 20:41:01Z] CHK MOM:-0.06% RANGE:0.06% UP:0% SPREAD:0.06798096% BID:1.471 ASK:1.472 MID:1.4715 P1:1.4715 P2:1.4715 P3:1.4715 P4:1.4715 STATE:IDLE
[2026-05-04 20:41:01Z] CHK MOM:-0.06% RANGE:0.06% UP:0% SPREAD:0.06798096% BID:1.471 ASK:1.472 MID:1.4715 P1:1.4715 P2:1.4715 P3:1.4715 P4:1.4715 STATE:IDLE
[2026-05-04 20:41:02Z] CHK MOM:-0.06% RANGE:0.06% UP:0% SPREAD:0.06798096% BID:1.471 ASK:1.472 MID:1.4715 P1:1.4715 P2:1.4715 P3:1.4715 P4:1.4715 STATE:IDLE
[2026-05-04 20:41:03Z] CHK MOM:-0.06% RANGE:0.06% UP:0% SPREAD:0.06798096% BID:1.471 ASK:1.472 MID:1.4715 P1:1.4715 P2:1.4715 P3:1.4715 P4:1.4715 STATE:IDLE
[2026-05-04 20:41:03Z] CHK MOM:-0.06% RANGE:0.06% UP:0% SPREAD:0.06798096% BID:1.471 ASK:1.472 MID:1.4715 P1:1.4715 P2:1.4715 P3:1.4715 P4:1.4715 STATE:IDLE
[2026-05-04 20:41:04Z] CHK MOM:-0.06% RANGE:0.06% UP:0% SPREAD:0.06798096% BID:1.471 ASK:1.472 MID:1.4715 P1:1.4715 P2:1.4715 P3:1.4715 P4:1.4715 STATE:IDLE
[2026-05-04 20:41:04Z] CHK MOM:-0.06% RANGE:0.06% UP:0% SPREAD:0.06798096% BID:1.471 ASK:1.472 MID:1.4715 P1:1.4715 P2:1.4715 P3:1.4715 P4:1.4715 STATE:IDLE
[2026-05-04 20:41:05Z] CHK MOM:-0.06% RANGE:0.06% UP:0% SPREAD:0.06798096% BID:1.471 ASK:1.472 MID:1.4715 P1:1.4715 P2:1.4715 P3:1.4715 P4:1.4715 STATE:IDLE
[2026-05-04 20:41:05Z] CHK MOM:-0.06% RANGE:0.06% UP:0% SPREAD:0.06798096% BID:1.471 ASK:1.472 MID:1.4715 P1:1.4715 P2:1.4715 P3:1.4715 P4:1.4715 STATE:IDLE
[2026-05-04 20:41:06Z] CHK MOM:-0.06% RANGE:0.06% UP:0% SPREAD:0.06798096% BID:1.471 ASK:1.472 MID:1.4715 P1:1.4715 P2:1.4715 P3:1.4715 P4:1.4715 STATE:IDLE
[2026-05-04 20:41:09Z] CHK MOM:0% RANGE:0% UP:0% SPREAD:0.06798096% BID:1.471 ASK:1.472 MID:1.4715 P1:1.4715 P2:1.4715 P3:1.4715 P4:1.4715 STATE:IDLE
[2026-05-04 20:41:10Z] CHK MOM:0% RANGE:0% UP:0% SPREAD:0.06798096% BID:1.471 ASK:1.472 MID:1.4715 P1:1.4715 P2:1.4715 P3:1.4715 P4:1.4715 STATE:IDLE
[2026-05-04 20:41:10Z] CHK MOM:0% RANGE:0% UP:0% SPREAD:0.06798096% BID:1.471 ASK:1.472 MID:1.4715 P1:1.4715 P2:1.4715 P3:1.4715 P4:1.4715 STATE:IDLE
[2026-05-04 20:41:11Z] CHK MOM:0% RANGE:0% UP:0% SPREAD:0.06798096% BID:1.471 ASK:1.472 MID:1.4715 P1:1.4715 P2:1.4715 P3:1.4715 P4:1.4715 STATE:IDLE
[2026-05-04 20:41:11Z] CHK MOM:0% RANGE:0% UP:0% SPREAD:0.06798096% BID:1.471 ASK:1.472 MID:1.4715 P1:1.4715 P2:1.4715 P3:1.4715 P4:1.4715 STATE:IDLE
[2026-05-04 20:41:12Z] CHK MOM:0% RANGE:0% UP:0% SPREAD:0.06798096% BID:1.471 ASK:1.472 MID:1.4715 P1:1.4715 P2:1.4715 P3:1.4715 P4:1.4715 STATE:IDLE
[2026-05-04 20:41:12Z] CHK MOM:-0.06% RANGE:0.06% UP:0% SPREAD:0.06802721% BID:1.47 ASK:1.471 MID:1.4705 P1:1.4705 P2:1.4715 P3:1.4715 P4:1.4715 STATE:IDLE
[2026-05-04 20:41:13Z] CHK MOM:-0.06% RANGE:0.06% UP:0% SPREAD:0.06802721% BID:1.47 ASK:1.471 MID:1.4705 P1:1.4705 P2:1.4705 P3:1.4715 P4:1.4715 STATE:IDLE
[2026-05-04 20:41:13Z] CHK MOM:-0.06% RANGE:0.06% UP:0% SPREAD:0.06802721% BID:1.47 ASK:1.471 MID:1.4705 P1:1.4705 P2:1.4705 P3:1.4715 P4:1.4715 STATE:IDLE
[2026-05-04 20:41:14Z] CHK MOM:-0.06% RANGE:0.06% UP:0% SPREAD:0.06802721% BID:1.47 ASK:1.471 MID:1.4705 P1:1.4705 P2:1.4705 P3:1.4715 P4:1.4715 STATE:IDLE
[2026-05-04 20:41:15Z] CHK MOM:-0.06% RANGE:0.06% UP:0% SPREAD:0.06802721% BID:1.47 ASK:1.471 MID:1.4705 P1:1.4705 P2:1.4705 P3:1.4705 P4:1.4715 STATE:IDLE
[2026-05-04 20:41:15Z] CHK MOM:-0.06% RANGE:0.06% UP:0% SPREAD:0.06802721% BID:1.47 ASK:1.471 MID:1.4705 P1:1.4705 P2:1.4705 P3:1.4705 P4:1.4715 STATE:IDLE
[2026-05-04 20:41:16Z] CHK MOM:0% RANGE:0.06% UP:16.66% SPREAD:0.06798096% BID:1.471 ASK:1.472 MID:1.4715 P1:1.4715 P2:1.4705 P3:1.4705 P4:1.4705 STATE:IDLE
[2026-05-04 20:41:16Z] CHK MOM:0% RANGE:0.06% UP:16.66% SPREAD:0.06798096% BID:1.471 ASK:1.472 MID:1.4715 P1:1.4715 P2:1.4705 P3:1.4705 P4:1.4705 STATE:IDLE
[2026-05-04 20:41:17Z] CHK MOM:0% RANGE:0.06% UP:16.66% SPREAD:0.06798096% BID:1.471 ASK:1.472 MID:1.4715 P1:1.4715 P2:1.4705 P3:1.4705 P4:1.4705 STATE:IDLE
[2026-05-04 20:41:17Z] CHK MOM:0% RANGE:0.06% UP:16.66% SPREAD:0.06798096% BID:1.471 ASK:1.472 MID:1.4715 P1:1.4715 P2:1.4715 P3:1.4705 P4:1.4705 STATE:IDLE
[2026-05-04 20:41:18Z] CHK MOM:0% RANGE:0.06% UP:16.66% SPREAD:0.06798096% BID:1.471 ASK:1.472 MID:1.4715 P1:1.4715 P2:1.4715 P3:1.4715 P4:1.4705 STATE:IDLE
[2026-05-04 20:41:18Z] CHK MOM:0% RANGE:0.06% UP:16.66% SPREAD:0.06798096% BID:1.471 ASK:1.472 MID:1.4715 P1:1.4715 P2:1.4715 P3:1.4715 P4:1.4705 STATE:IDLE
[2026-05-04 20:41:19Z] CHK MOM:0% RANGE:0.06% UP:16.66% SPREAD:0.06798096% BID:1.471 ASK:1.472 MID:1.4715 P1:1.4715 P2:1.4715 P3:1.4715 P4:1.4705 STATE:IDLE
[2026-05-04 20:41:19Z] CHK MOM:0% RANGE:0.06% UP:16.66% SPREAD:0.06798096% BID:1.471 ASK:1.472 MID:1.4715 P1:1.4715 P2:1.4715 P3:1.4715 P4:1.4705 STATE:IDLE
[2026-05-04 20:41:20Z] CHK MOM:0.06% RANGE:0.06% UP:16.66% SPREAD:0.06798096% BID:1.471 ASK:1.472 MID:1.4715 P1:1.4715 P2:1.4715 P3:1.4715 P4:1.4715 STATE:IDLE
[2026-05-04 20:41:21Z] CHK MOM:0.06% RANGE:0.06% UP:16.66% SPREAD:0.06798096% BID:1.471 ASK:1.472 MID:1.4715 P1:1.4715 P2:1.4715 P3:1.4715 P4:1.4715 STATE:IDLE
[2026-05-04 20:41:21Z] CHK MOM:0.06% RANGE:0.06% UP:16.66% SPREAD:0.06798096% BID:1.471 ASK:1.472 MID:1.4715 P1:1.4715 P2:1.4715 P3:1.4715 P4:1.4715 STATE:IDLE
[2026-05-04 20:41:22Z] CHK MOM:0.06% RANGE:0.06% UP:20% SPREAD:0.06798096% BID:1.471 ASK:1.472 MID:1.4715 P1:1.4715 P2:1.4715 P3:1.4715 P4:1.4715 STATE:IDLE
[2026-05-04 20:41:22Z] CHK MOM:0.06% RANGE:0.06% UP:20% SPREAD:0.06798096% BID:1.471 ASK:1.472 MID:1.4715 P1:1.4715 P2:1.4715 P3:1.4715 P4:1.4715 STATE:IDLE
[2026-05-04 20:41:23Z] CHK MOM:0.06% RANGE:0.06% UP:20% SPREAD:0.06798096% BID:1.471 ASK:1.472 MID:1.4715 P1:1.4715 P2:1.4715 P3:1.4715 P4:1.4715 STATE:IDLE
[2026-05-04 20:41:23Z] CHK MOM:0% RANGE:0% UP:0% SPREAD:0.06798096% BID:1.471 ASK:1.472 MID:1.4715 P1:1.4715 P2:1.4715 P3:1.4715 P4:1.4715 STATE:IDLE
[2026-05-04 20:41:24Z] CHK MOM:0% RANGE:0% UP:0% SPREAD:0.06798096% BID:1.471 ASK:1.472 MID:1.4715 P1:1.4715 P2:1.4715 P3:1.4715 P4:1.4715 STATE:IDLE
[2026-05-04 20:41:24Z] CHK MOM:0% RANGE:0% UP:0% SPREAD:0.06798096% BID:1.471 ASK:1.472 MID:1.4715 P1:1.4715 P2:1.4715 P3:1.4715 P4:1.4715 STATE:IDLE
[2026-05-04 20:41:25Z] CHK MOM:0% RANGE:0% UP:0% SPREAD:0.06798096% BID:1.471 ASK:1.472 MID:1.4715 P1:1.4715 P2:1.4715 P3:1.4715 P4:1.4715 STATE:IDLE
[2026-05-04 20:41:26Z] CHK MOM:0% RANGE:0% UP:0% SPREAD:0.06798096% BID:1.471 ASK:1.472 MID:1.4715 P1:1.4715 P2:1.4715 P3:1.4715 P4:1.4715 STATE:IDLE
[2026-05-04 20:41:26Z] CHK MOM:0% RANGE:0% UP:0% SPREAD:0.06798096% BID:1.471 ASK:1.472 MID:1.4715 P1:1.4715 P2:1.4715 P3:1.4715 P4:1.4715 STATE:IDLE
[2026-05-04 20:41:27Z] CHK MOM:0% RANGE:0% UP:0% SPREAD:0.06798096% BID:1.471 ASK:1.472 MID:1.4715 P1:1.4715 P2:1.4715 P3:1.4715 P4:1.4715 STATE:IDLE
[2026-05-04 20:41:27Z] CHK MOM:0% RANGE:0% UP:0% SPREAD:0.06798096% BID:1.471 ASK:1.472 MID:1.4715 P1:1.4715 P2:1.4715 P3:1.4715 P4:1.4715 STATE:IDLE
[2026-05-04 20:41:28Z] CHK MOM:0% RANGE:0% UP:0% SPREAD:0.06798096% BID:1.471 ASK:1.472 MID:1.4715 P1:1.4715 P2:1.4715 P3:1.4715 P4:1.4715 STATE:IDLE
[2026-05-04 20:41:28Z] CHK MOM:0% RANGE:0% UP:0% SPREAD:0.06798096% BID:1.471 ASK:1.472 MID:1.4715 P1:1.4715 P2:1.4715 P3:1.4715 P4:1.4715 STATE:IDLE
[2026-05-04 20:41:29Z] CHK MOM:0% RANGE:0% UP:0% SPREAD:0.06798096% BID:1.471 ASK:1.472 MID:1.4715 P1:1.4715 P2:1.4715 P3:1.4715 P4:1.4715 STATE:IDLE
[2026-05-04 20:41:29Z] CHK MOM:0% RANGE:0% UP:0% SPREAD:0.06798096% BID:1.471 ASK:1.472 MID:1.4715 P1:1.4715 P2:1.4715 P3:1.4715 P4:1.4715 STATE:IDLE
[2026-05-04 20:41:30Z] CHK MOM:0% RANGE:0% UP:0% SPREAD:0.06798096% BID:1.471 ASK:1.472 MID:1.4715 P1:1.4715 P2:1.4715 P3:1.4715 P4:1.4715 STATE:IDLE
[2026-05-04 20:41:31Z] CHK MOM:0% RANGE:0% UP:0% SPREAD:0.06798096% BID:1.471 ASK:1.472 MID:1.4715 P1:1.4715 P2:1.4715 P3:1.4715 P4:1.4715 STATE:IDLE
[2026-05-04 20:41:31Z] CHK MOM:0% RANGE:0% UP:0% SPREAD:0.06798096% BID:1.471 ASK:1.472 MID:1.4715 P1:1.4715 P2:1.4715 P3:1.4715 P4:1.4715 STATE:IDLE
[2026-05-04 20:41:32Z] CHK MOM:0% RANGE:0% UP:0% SPREAD:0.06798096% BID:1.471 ASK:1.472 MID:1.4715 P1:1.4715 P2:1.4715 P3:1.4715 P4:1.4715 STATE:IDLE
[2026-05-04 20:41:32Z] CHK MOM:0% RANGE:0% UP:0% SPREAD:0.06798096% BID:1.471 ASK:1.472 MID:1.4715 P1:1.4715 P2:1.4715 P3:1.4715 P4:1.4715 STATE:IDLE
[2026-05-04 20:41:33Z] CHK MOM:0% RANGE:0% UP:0% SPREAD:0.06798096% BID:1.471 ASK:1.472 MID:1.4715 P1:1.4715 P2:1.4715 P3:1.4715 P4:1.4715 STATE:IDLE
[2026-05-04 20:41:33Z] CHK MOM:0% RANGE:0% UP:0% SPREAD:0.06798096% BID:1.471 ASK:1.472 MID:1.4715 P1:1.4715 P2:1.4715 P3:1.4715 P4:1.4715 STATE:IDLE
[2026-05-04 20:41:34Z] CHK MOM:0.16% RANGE:0.16% UP:12.5% SPREAD:0.13577732% BID:1.473 ASK:1.475 MID:1.474 P1:1.474 P2:1.4715 P3:1.4715 P4:1.4715 STATE:IDLE
[2026-05-04 20:41:34Z] CHK MOM:0.16% RANGE:0.16% UP:11.11% SPREAD:0.13577732% BID:1.473 ASK:1.475 MID:1.474 P1:1.474 P2:1.474 P3:1.4715 P4:1.4715 STATE:IDLE
[2026-05-04 20:41:35Z] CHK MOM:0.16% RANGE:0.16% UP:11.11% SPREAD:0.13577732% BID:1.473 ASK:1.475 MID:1.474 P1:1.474 P2:1.474 P3:1.474 P4:1.4715 STATE:IDLE
[2026-05-04 20:41:35Z] CHK MOM:0.2% RANGE:0.2% UP:22.22% SPREAD:0.0678426% BID:1.474 ASK:1.475 MID:1.4745 P1:1.4745 P2:1.474 P3:1.474 P4:1.474 STATE:IDLE
[2026-05-04 20:41:37Z] CHK MOM:0.27% RANGE:0.27% UP:30% SPREAD:0.06779661% BID:1.475 ASK:1.476 MID:1.4755 P1:1.4755 P2:1.4745 P3:1.474 P4:1.474 STATE:IDLE
[2026-05-04 20:41:37Z] CHK MOM:0.33% RANGE:0.33% UP:40% SPREAD:0.06775067% BID:1.476 ASK:1.477 MID:1.4765 P1:1.4765 P2:1.4755 P3:1.4745 P4:1.474 STATE:IDLE
[2026-05-04 20:41:38Z] CHK MOM:0.33% RANGE:0.33% UP:44.44% SPREAD:0.06775067% BID:1.476 ASK:1.477 MID:1.4765 P1:1.4765 P2:1.4765 P3:1.4755 P4:1.4745 STATE:IDLE
[2026-05-04 20:41:38Z] CHK MOM:0.33% RANGE:0.33% UP:44.44% SPREAD:0.06775067% BID:1.476 ASK:1.477 MID:1.4765 P1:1.4765 P2:1.4765 P3:1.4765 P4:1.4755 STATE:IDLE
[2026-05-04 20:41:39Z] CHK MOM:0.33% RANGE:0.33% UP:44.44% SPREAD:0.06775067% BID:1.476 ASK:1.477 MID:1.4765 P1:1.4765 P2:1.4765 P3:1.4765 P4:1.4755 STATE:IDLE
[2026-05-04 20:41:39Z] CHK MOM:0.33% RANGE:0.33% UP:44.44% SPREAD:0.06775067% BID:1.476 ASK:1.477 MID:1.4765 P1:1.4765 P2:1.4765 P3:1.4765 P4:1.4755 STATE:IDLE
[2026-05-04 20:41:40Z] CHK MOM:0.33% RANGE:0.33% UP:44.44% SPREAD:0.06775067% BID:1.476 ASK:1.477 MID:1.4765 P1:1.4765 P2:1.4765 P3:1.4765 P4:1.4765 STATE:IDLE
[2026-05-04 20:41:40Z] CHK MOM:0.16% RANGE:0.16% UP:33.33% SPREAD:0.06775067% BID:1.476 ASK:1.477 MID:1.4765 P1:1.4765 P2:1.4765 P3:1.4765 P4:1.4765 STATE:IDLE
[2026-05-04 20:41:41Z] CHK MOM:0.16% RANGE:0.16% UP:30% SPREAD:0.06775067% BID:1.476 ASK:1.477 MID:1.4765 P1:1.4765 P2:1.4765 P3:1.4765 P4:1.4765 STATE:IDLE
[2026-05-04 20:41:42Z] CHK MOM:0.23% RANGE:0.23% UP:36.36% SPREAD:0.0677048% BID:1.477 ASK:1.478 MID:1.4775 P1:1.4775 P2:1.4765 P3:1.4765 P4:1.4765 STATE:IDLE
[2026-05-04 20:41:42Z] CHK MOM:0.23% RANGE:0.23% UP:36.36% SPREAD:0.0677048% BID:1.477 ASK:1.478 MID:1.4775 P1:1.4775 P2:1.4765 P3:1.4765 P4:1.4765 STATE:IDLE
[2026-05-04 20:41:43Z] CHK MOM:0.23% RANGE:0.23% UP:40% SPREAD:0.0677048% BID:1.477 ASK:1.478 MID:1.4775 P1:1.4775 P2:1.4775 P3:1.4765 P4:1.4765 STATE:IDLE
[2026-05-04 20:41:43Z] CHK MOM:0.2% RANGE:0.2% UP:30% SPREAD:0.0677048% BID:1.477 ASK:1.478 MID:1.4775 P1:1.4775 P2:1.4775 P3:1.4775 P4:1.4765 STATE:IDLE
[2026-05-04 20:41:44Z] CHK MOM:0.2% RANGE:0.2% UP:30% SPREAD:0.0677048% BID:1.477 ASK:1.478 MID:1.4775 P1:1.4775 P2:1.4775 P3:1.4775 P4:1.4765 STATE:IDLE
[2026-05-04 20:41:44Z] CHK MOM:0% RANGE:0.06% UP:11.11% SPREAD:0.06775067% BID:1.476 ASK:1.477 MID:1.4765 P1:1.4765 P2:1.4775 P3:1.4775 P4:1.4775 STATE:IDLE
[2026-05-04 20:41:45Z] CHK MOM:0% RANGE:0.06% UP:10% SPREAD:0.06775067% BID:1.476 ASK:1.477 MID:1.4765 P1:1.4765 P2:1.4765 P3:1.4775 P4:1.4775 STATE:IDLE
[2026-05-04 20:41:45Z] CHK MOM:0% RANGE:0.06% UP:9.09% SPREAD:0.06775067% BID:1.476 ASK:1.477 MID:1.4765 P1:1.4765 P2:1.4765 P3:1.4765 P4:1.4775 STATE:IDLE
[2026-05-04 20:41:46Z] CHK MOM:0% RANGE:0.06% UP:9.09% SPREAD:0.06775067% BID:1.476 ASK:1.477 MID:1.4765 P1:1.4765 P2:1.4765 P3:1.4765 P4:1.4765 STATE:IDLE
[2026-05-04 20:41:46Z] CHK MOM:0.06% RANGE:0.06% UP:20% SPREAD:0.0677048% BID:1.477 ASK:1.478 MID:1.4775 P1:1.4775 P2:1.4765 P3:1.4765 P4:1.4765 STATE:IDLE
[2026-05-04 20:41:47Z] CHK MOM:0.06% RANGE:0.06% UP:18.18% SPREAD:0.0677048% BID:1.477 ASK:1.478 MID:1.4775 P1:1.4775 P2:1.4775 P3:1.4765 P4:1.4765 STATE:IDLE
[2026-05-04 20:41:48Z] CHK MOM:0.06% RANGE:0.06% UP:18.18% SPREAD:0.0677048% BID:1.477 ASK:1.478 MID:1.4775 P1:1.4775 P2:1.4775 P3:1.4775 P4:1.4765 STATE:IDLE
[2026-05-04 20:41:48Z] CHK MOM:0.06% RANGE:0.06% UP:18.18% SPREAD:0.0677048% BID:1.477 ASK:1.478 MID:1.4775 P1:1.4775 P2:1.4775 P3:1.4775 P4:1.4765 STATE:IDLE
[2026-05-04 20:41:49Z] CHK MOM:0.03% RANGE:0.1% UP:20% SPREAD:0.13540961% BID:1.477 ASK:1.479 MID:1.478 P1:1.478 P2:1.4775 P3:1.4775 P4:1.4775 STATE:IDLE
[2026-05-04 20:41:49Z] CHK MOM:0.03% RANGE:0.1% UP:20% SPREAD:0.13540961% BID:1.477 ASK:1.479 MID:1.478 P1:1.478 P2:1.478 P3:1.4775 P4:1.4775 STATE:IDLE
[2026-05-04 20:41:50Z] CHK MOM:0.03% RANGE:0.1% UP:20% SPREAD:0.13540961% BID:1.477 ASK:1.479 MID:1.478 P1:1.478 P2:1.478 P3:1.4775 P4:1.4775 STATE:IDLE
[2026-05-04 20:41:50Z] CHK MOM:0.03% RANGE:0.1% UP:18.18% SPREAD:0.13540961% BID:1.477 ASK:1.479 MID:1.478 P1:1.478 P2:1.478 P3:1.478 P4:1.4775 STATE:IDLE
[2026-05-04 20:41:51Z] CHK MOM:0.03% RANGE:0.1% UP:18.18% SPREAD:0.13540961% BID:1.477 ASK:1.479 MID:1.478 P1:1.478 P2:1.478 P3:1.478 P4:1.478 STATE:IDLE
[2026-05-04 20:41:51Z] CHK MOM:0.1% RANGE:0.1% UP:18.18% SPREAD:0.13540961% BID:1.477 ASK:1.479 MID:1.478 P1:1.478 P2:1.478 P3:1.478 P4:1.478 STATE:IDLE
[2026-05-04 20:41:52Z] CHK MOM:0.1% RANGE:0.1% UP:18.18% SPREAD:0.13540961% BID:1.477 ASK:1.479 MID:1.478 P1:1.478 P2:1.478 P3:1.478 P4:1.478 STATE:IDLE
[2026-05-04 20:41:53Z] CHK MOM:0.1% RANGE:0.1% UP:16.66% SPREAD:0.13540961% BID:1.477 ASK:1.479 MID:1.478 P1:1.478 P2:1.478 P3:1.478 P4:1.478 STATE:IDLE
[2026-05-04 20:41:53Z] CHK MOM:0.1% RANGE:0.1% UP:20% SPREAD:0.13540961% BID:1.477 ASK:1.479 MID:1.478 P1:1.478 P2:1.478 P3:1.478 P4:1.478 STATE:IDLE
[2026-05-04 20:41:54Z] CHK MOM:0.03% RANGE:0.1% UP:18.18% SPREAD:0.13550135% BID:1.476 ASK:1.478 MID:1.47699999 P1:1.47699999 P2:1.478 P3:1.478 P4:1.478 STATE:IDLE
[2026-05-04 20:41:54Z] CHK MOM:0% RANGE:0.06% UP:18.18% SPREAD:0.0677048% BID:1.477 ASK:1.478 MID:1.4775 P1:1.4775 P2:1.47699999 P3:1.478 P4:1.478 STATE:IDLE
[2026-05-04 20:41:55Z] CHK MOM:0% RANGE:0.06% UP:20% SPREAD:0.0677048% BID:1.477 ASK:1.478 MID:1.4775 P1:1.4775 P2:1.4775 P3:1.47699999 P4:1.478 STATE:IDLE
[2026-05-04 20:41:55Z] CHK MOM:0% RANGE:0.06% UP:20% SPREAD:0.0677048% BID:1.477 ASK:1.478 MID:1.4775 P1:1.4775 P2:1.4775 P3:1.47699999 P4:1.478 STATE:IDLE
[2026-05-04 20:41:56Z] CHK MOM:0% RANGE:0.06% UP:20% SPREAD:0.0677048% BID:1.477 ASK:1.478 MID:1.4775 P1:1.4775 P2:1.4775 P3:1.47699999 P4:1.478 STATE:IDLE
[2026-05-04 20:41:56Z] CHK MOM:0% RANGE:0.06% UP:20% SPREAD:0.0677048% BID:1.477 ASK:1.478 MID:1.4775 P1:1.4775 P2:1.4775 P3:1.47699999 P4:1.478 STATE:IDLE
[2026-05-04 20:41:57Z] CHK MOM:-0.06% RANGE:0.06% UP:10% SPREAD:0.13550135% BID:1.476 ASK:1.478 MID:1.47699999 P1:1.47699999 P2:1.4775 P3:1.4775 P4:1.47699999 STATE:IDLE
[2026-05-04 20:41:57Z] CHK MOM:-0.06% RANGE:0.06% UP:10% SPREAD:0.13550135% BID:1.476 ASK:1.478 MID:1.47699999 P1:1.47699999 P2:1.47699999 P3:1.4775 P4:1.4775 STATE:IDLE
[2026-05-04 20:41:58Z] CHK MOM:-0.06% RANGE:0.06% UP:10% SPREAD:0.13550135% BID:1.476 ASK:1.478 MID:1.47699999 P1:1.47699999 P2:1.47699999 P3:1.4775 P4:1.4775 STATE:IDLE
[2026-05-04 20:41:59Z] CHK MOM:-0.06% RANGE:0.06% UP:10% SPREAD:0.13550135% BID:1.476 ASK:1.478 MID:1.47699999 P1:1.47699999 P2:1.47699999 P3:1.4775 P4:1.4775 STATE:IDLE
[2026-05-04 20:41:59Z] CHK MOM:-0.06% RANGE:0.06% UP:12.5% SPREAD:0.13550135% BID:1.476 ASK:1.478 MID:1.47699999 P1:1.47699999 P2:1.47699999 P3:1.47699999 P4:1.4775 STATE:IDLE
[2026-05-04 20:42:00Z] CHK MOM:-0.06% RANGE:0.06% UP:12.5% SPREAD:0.13550135% BID:1.476 ASK:1.478 MID:1.47699999 P1:1.47699999 P2:1.47699999 P3:1.47699999 P4:1.47699999 STATE:IDLE
[2026-05-04 20:42:00Z] CHK MOM:-0.1% RANGE:0.1% UP:12.5% SPREAD:0.06775067% BID:1.476 ASK:1.477 MID:1.4765 P1:1.4765 P2:1.47699999 P3:1.47699999 P4:1.47699999 STATE:IDLE
[2026-05-04 20:42:01Z] CHK MOM:-0.13% RANGE:0.13% UP:11.11% SPREAD:0.13559322% BID:1.475 ASK:1.477 MID:1.476 P1:1.476 P2:1.4765 P3:1.47699999 P4:1.47699999 STATE:IDLE
[2026-05-04 20:42:01Z] CHK MOM:-0.1% RANGE:0.13% UP:20% SPREAD:0.06775067% BID:1.476 ASK:1.477 MID:1.4765 P1:1.4765 P2:1.476 P3:1.4765 P4:1.47699999 STATE:IDLE
[2026-05-04 20:42:02Z] CHK MOM:-0.03% RANGE:0.1% UP:20% SPREAD:0.06775067% BID:1.476 ASK:1.477 MID:1.4765 P1:1.4765 P2:1.4765 P3:1.476 P4:1.4765 STATE:IDLE
[2026-05-04 20:42:02Z] CHK MOM:-0.06% RANGE:0.1% UP:11.11% SPREAD:0.06775067% BID:1.476 ASK:1.477 MID:1.4765 P1:1.4765 P2:1.4765 P3:1.4765 P4:1.476 STATE:IDLE
[2026-05-04 20:42:03Z] CHK MOM:-0.03% RANGE:0.06% UP:11.11% SPREAD:0.06775067% BID:1.476 ASK:1.477 MID:1.4765 P1:1.4765 P2:1.4765 P3:1.4765 P4:1.4765 STATE:IDLE
[2026-05-04 20:42:04Z] CHK MOM:-0.03% RANGE:0.06% UP:11.11% SPREAD:0.06775067% BID:1.476 ASK:1.477 MID:1.4765 P1:1.4765 P2:1.4765 P3:1.4765 P4:1.4765 STATE:IDLE
[2026-05-04 20:42:04Z] CHK MOM:-0.03% RANGE:0.06% UP:10% SPREAD:0.06775067% BID:1.476 ASK:1.477 MID:1.4765 P1:1.4765 P2:1.4765 P3:1.4765 P4:1.4765 STATE:IDLE
[2026-05-04 20:42:05Z] CHK MOM:-0.03% RANGE:0.06% UP:10% SPREAD:0.06775067% BID:1.476 ASK:1.477 MID:1.4765 P1:1.4765 P2:1.4765 P3:1.4765 P4:1.4765 STATE:IDLE
[2026-05-04 20:42:05Z] CHK MOM:-0.03% RANGE:0.06% UP:10% SPREAD:0.06775067% BID:1.476 ASK:1.477 MID:1.4765 P1:1.4765 P2:1.4765 P3:1.4765 P4:1.4765 STATE:IDLE
[2026-05-04 20:42:06Z] CHK MOM:-0.1% RANGE:0.1% UP:11.11% SPREAD:0.06779661% BID:1.475 ASK:1.476 MID:1.4755 P1:1.4755 P2:1.4765 P3:1.4765 P4:1.4765 STATE:IDLE
[2026-05-04 20:42:06Z] CHK MOM:-0.1% RANGE:0.1% UP:10% SPREAD:0.06779661% BID:1.475 ASK:1.476 MID:1.4755 P1:1.4755 P2:1.4755 P3:1.4765 P4:1.4765 STATE:IDLE
[2026-05-04 20:42:07Z] CHK MOM:-0.1% RANGE:0.1% UP:9.09% SPREAD:0.06779661% BID:1.475 ASK:1.476 MID:1.4755 P1:1.4755 P2:1.4755 P3:1.4755 P4:1.4765 STATE:IDLE
[2026-05-04 20:42:07Z] CHK MOM:-0.1% RANGE:0.1% UP:9.09% SPREAD:0.06779661% BID:1.475 ASK:1.476 MID:1.4755 P1:1.4755 P2:1.4755 P3:1.4755 P4:1.4765 STATE:IDLE
[2026-05-04 20:42:08Z] CHK MOM:-0.06% RANGE:0.06% UP:10% SPREAD:0.06779661% BID:1.475 ASK:1.476 MID:1.4755 P1:1.4755 P2:1.4755 P3:1.4755 P4:1.4755 STATE:IDLE
[2026-05-04 20:42:08Z] CHK MOM:-0.06% RANGE:0.06% UP:9.09% SPREAD:0.06779661% BID:1.475 ASK:1.476 MID:1.4755 P1:1.4755 P2:1.4755 P3:1.4755 P4:1.4755 STATE:IDLE
[2026-05-04 20:42:09Z] CHK MOM:-0.06% RANGE:0.06% UP:9.09% SPREAD:0.06779661% BID:1.475 ASK:1.476 MID:1.4755 P1:1.4755 P2:1.4755 P3:1.4755 P4:1.4755 STATE:IDLE
[2026-05-04 20:42:10Z] CHK MOM:-0.06% RANGE:0.06% UP:0% SPREAD:0.06779661% BID:1.475 ASK:1.476 MID:1.4755 P1:1.4755 P2:1.4755 P3:1.4755 P4:1.4755 STATE:IDLE
[2026-05-04 20:42:10Z] CHK MOM:-0.06% RANGE:0.06% UP:0% SPREAD:0.06779661% BID:1.475 ASK:1.476 MID:1.4755 P1:1.4755 P2:1.4755 P3:1.4755 P4:1.4755 STATE:IDLE
[2026-05-04 20:42:11Z] CHK MOM:-0.06% RANGE:0.06% UP:0% SPREAD:0.06779661% BID:1.475 ASK:1.476 MID:1.4755 P1:1.4755 P2:1.4755 P3:1.4755 P4:1.4755 STATE:IDLE
[2026-05-04 20:42:11Z] CHK MOM:-0.06% RANGE:0.06% UP:0% SPREAD:0.06779661% BID:1.475 ASK:1.476 MID:1.4755 P1:1.4755 P2:1.4755 P3:1.4755 P4:1.4755 STATE:IDLE
[2026-05-04 20:42:12Z] CHK MOM:-0.06% RANGE:0.06% UP:0% SPREAD:0.06779661% BID:1.475 ASK:1.476 MID:1.4755 P1:1.4755 P2:1.4755 P3:1.4755 P4:1.4755 STATE:IDLE
[2026-05-04 20:42:12Z] CHK MOM:0% RANGE:0% UP:0% SPREAD:0.06779661% BID:1.475 ASK:1.476 MID:1.4755 P1:1.4755 P2:1.4755 P3:1.4755 P4:1.4755 STATE:IDLE
[2026-05-04 20:42:13Z] CHK MOM:0% RANGE:0% UP:0% SPREAD:0.06779661% BID:1.475 ASK:1.476 MID:1.4755 P1:1.4755 P2:1.4755 P3:1.4755 P4:1.4755 STATE:IDLE
[2026-05-04 20:42:13Z] CHK MOM:0% RANGE:0% UP:0% SPREAD:0.06779661% BID:1.475 ASK:1.476 MID:1.4755 P1:1.4755 P2:1.4755 P3:1.4755 P4:1.4755 STATE:IDLE
[2026-05-04 20:42:14Z] CHK MOM:0% RANGE:0% UP:0% SPREAD:0.06779661% BID:1.475 ASK:1.476 MID:1.4755 P1:1.4755 P2:1.4755 P3:1.4755 P4:1.4755 STATE:IDLE
[2026-05-04 20:42:15Z] CHK MOM:0% RANGE:0% UP:0% SPREAD:0.06779661% BID:1.475 ASK:1.476 MID:1.4755 P1:1.4755 P2:1.4755 P3:1.4755 P4:1.4755 STATE:IDLE
[2026-05-04 20:42:15Z] CHK MOM:0.06% RANGE:0.06% UP:20% SPREAD:0.06775067% BID:1.476 ASK:1.477 MID:1.4765 P1:1.4765 P2:1.4755 P3:1.4755 P4:1.4755 STATE:IDLE
[2026-05-04 20:42:16Z] CHK MOM:0.06% RANGE:0.06% UP:16.66% SPREAD:0.06775067% BID:1.476 ASK:1.477 MID:1.4765 P1:1.4765 P2:1.4765 P3:1.4755 P4:1.4755 STATE:IDLE
[2026-05-04 20:42:16Z] CHK MOM:0.06% RANGE:0.06% UP:16.66% SPREAD:0.06775067% BID:1.476 ASK:1.477 MID:1.4765 P1:1.4765 P2:1.4765 P3:1.4765 P4:1.4755 STATE:IDLE
[2026-05-04 20:42:17Z] CHK MOM:0.06% RANGE:0.06% UP:16.66% SPREAD:0.06775067% BID:1.476 ASK:1.477 MID:1.4765 P1:1.4765 P2:1.4765 P3:1.4765 P4:1.4765 STATE:IDLE
[2026-05-04 20:42:17Z] CHK MOM:0% RANGE:0.06% UP:14.28% SPREAD:0.06779661% BID:1.475 ASK:1.476 MID:1.4755 P1:1.4755 P2:1.4765 P3:1.4765 P4:1.4765 STATE:IDLE
[2026-05-04 20:42:18Z] CHK MOM:0% RANGE:0.06% UP:14.28% SPREAD:0.06779661% BID:1.475 ASK:1.476 MID:1.4755 P1:1.4755 P2:1.4755 P3:1.4765 P4:1.4765 STATE:IDLE
[2026-05-04 20:42:18Z] CHK MOM:0% RANGE:0.06% UP:14.28% SPREAD:0.06779661% BID:1.475 ASK:1.476 MID:1.4755 P1:1.4755 P2:1.4755 P3:1.4765 P4:1.4765 STATE:IDLE
[2026-05-04 20:42:19Z] CHK MOM:0% RANGE:0.06% UP:12.5% SPREAD:0.06779661% BID:1.475 ASK:1.476 MID:1.4755 P1:1.4755 P2:1.4755 P3:1.4755 P4:1.4765 STATE:IDLE
[2026-05-04 20:42:19Z] CHK MOM:0% RANGE:0.06% UP:12.5% SPREAD:0.06779661% BID:1.475 ASK:1.476 MID:1.4755 P1:1.4755 P2:1.4755 P3:1.4755 P4:1.4765 STATE:IDLE
[2026-05-04 20:42:20Z] CHK MOM:0% RANGE:0.06% UP:12.5% SPREAD:0.06779661% BID:1.475 ASK:1.476 MID:1.4755 P1:1.4755 P2:1.4755 P3:1.4755 P4:1.4765 STATE:IDLE
[2026-05-04 20:42:21Z] CHK MOM:-0.06% RANGE:0.06% UP:0% SPREAD:0.06779661% BID:1.475 ASK:1.476 MID:1.4755 P1:1.4755 P2:1.4755 P3:1.4755 P4:1.4755 STATE:IDLE
[2026-05-04 20:42:21Z] CHK MOM:-0.06% RANGE:0.06% UP:0% SPREAD:0.06779661% BID:1.475 ASK:1.476 MID:1.4755 P1:1.4755 P2:1.4755 P3:1.4755 P4:1.4755 STATE:IDLE
[2026-05-04 20:42:22Z] CHK MOM:-0.06% RANGE:0.06% UP:0% SPREAD:0.06779661% BID:1.475 ASK:1.476 MID:1.4755 P1:1.4755 P2:1.4755 P3:1.4755 P4:1.4755 STATE:IDLE
[2026-05-04 20:42:22Z] CHK MOM:-0.06% RANGE:0.06% UP:0% SPREAD:0.06779661% BID:1.475 ASK:1.476 MID:1.4755 P1:1.4755 P2:1.4755 P3:1.4755 P4:1.4755 STATE:IDLE
[2026-05-04 20:42:23Z] CHK MOM:-0.06% RANGE:0.06% UP:0% SPREAD:0.06779661% BID:1.475 ASK:1.476 MID:1.4755 P1:1.4755 P2:1.4755 P3:1.4755 P4:1.4755 STATE:IDLE
[2026-05-04 20:42:24Z] CHK MOM:0% RANGE:0.06% UP:20% SPREAD:0.06775067% BID:1.476 ASK:1.477 MID:1.4765 P1:1.4765 P2:1.4755 P3:1.4755 P4:1.4755 STATE:IDLE
[2026-05-04 20:42:25Z] CHK MOM:0% RANGE:0.06% UP:20% SPREAD:0.06775067% BID:1.476 ASK:1.477 MID:1.4765 P1:1.4765 P2:1.4755 P3:1.4755 P4:1.4755 STATE:IDLE
[2026-05-04 20:42:26Z] CHK MOM:0% RANGE:0.06% UP:20% SPREAD:0.06779661% BID:1.475 ASK:1.476 MID:1.4755 P1:1.4755 P2:1.4765 P3:1.4755 P4:1.4755 STATE:IDLE
[2026-05-04 20:42:26Z] CHK MOM:0% RANGE:0.06% UP:20% SPREAD:0.06779661% BID:1.475 ASK:1.476 MID:1.4755 P1:1.4755 P2:1.4755 P3:1.4765 P4:1.4755 STATE:IDLE
[2026-05-04 20:42:27Z] CHK MOM:0% RANGE:0.06% UP:20% SPREAD:0.06779661% BID:1.475 ASK:1.476 MID:1.4755 P1:1.4755 P2:1.4755 P3:1.4755 P4:1.4765 STATE:IDLE
[2026-05-04 20:42:27Z] CHK MOM:0% RANGE:0.06% UP:20% SPREAD:0.06779661% BID:1.475 ASK:1.476 MID:1.4755 P1:1.4755 P2:1.4755 P3:1.4755 P4:1.4755 STATE:IDLE
[2026-05-04 20:42:28Z] CHK MOM:0% RANGE:0.06% UP:16.66% SPREAD:0.06779661% BID:1.475 ASK:1.476 MID:1.4755 P1:1.4755 P2:1.4755 P3:1.4755 P4:1.4755 STATE:IDLE
[2026-05-04 20:42:28Z] CHK MOM:0% RANGE:0.06% UP:14.28% SPREAD:0.06779661% BID:1.475 ASK:1.476 MID:1.4755 P1:1.4755 P2:1.4755 P3:1.4755 P4:1.4755 STATE:IDLE
[2026-05-04 20:42:29Z] CHK MOM:-0.06% RANGE:0.06% UP:0% SPREAD:0.06779661% BID:1.475 ASK:1.476 MID:1.4755 P1:1.4755 P2:1.4755 P3:1.4755 P4:1.4755 STATE:IDLE
[2026-05-04 20:42:29Z] CHK MOM:-0.06% RANGE:0.06% UP:0% SPREAD:0.06779661% BID:1.475 ASK:1.476 MID:1.4755 P1:1.4755 P2:1.4755 P3:1.4755 P4:1.4755 STATE:IDLE
[2026-05-04 20:42:30Z] CHK MOM:-0.06% RANGE:0.06% UP:0% SPREAD:0.06779661% BID:1.475 ASK:1.476 MID:1.4755 P1:1.4755 P2:1.4755 P3:1.4755 P4:1.4755 STATE:IDLE
[2026-05-04 20:42:30Z] CHK MOM:-0.06% RANGE:0.06% UP:0% SPREAD:0.06779661% BID:1.475 ASK:1.476 MID:1.4755 P1:1.4755 P2:1.4755 P3:1.4755 P4:1.4755 STATE:IDLE
[2026-05-04 20:42:31Z] CHK MOM:-0.06% RANGE:0.06% UP:0% SPREAD:0.06779661% BID:1.475 ASK:1.476 MID:1.4755 P1:1.4755 P2:1.4755 P3:1.4755 P4:1.4755 STATE:IDLE
[2026-05-04 20:42:32Z] CHK MOM:0% RANGE:0.06% UP:10% SPREAD:0.06775067% BID:1.476 ASK:1.477 MID:1.4765 P1:1.4765 P2:1.4755 P3:1.4755 P4:1.4755 STATE:IDLE
[2026-05-04 20:42:32Z] CHK MOM:0% RANGE:0.06% UP:9.09% SPREAD:0.06775067% BID:1.476 ASK:1.477 MID:1.4765 P1:1.4765 P2:1.4765 P3:1.4755 P4:1.4755 STATE:IDLE
[2026-05-04 20:42:33Z] CHK MOM:0.06% RANGE:0.06% UP:9.09% SPREAD:0.06775067% BID:1.476 ASK:1.477 MID:1.4765 P1:1.4765 P2:1.4765 P3:1.4765 P4:1.4755 STATE:IDLE
[2026-05-04 20:42:33Z] CHK MOM:0.06% RANGE:0.06% UP:9.09% SPREAD:0.06775067% BID:1.476 ASK:1.477 MID:1.4765 P1:1.4765 P2:1.4765 P3:1.4765 P4:1.4765 STATE:IDLE
[2026-05-04 20:42:34Z] CHK MOM:0.06% RANGE:0.06% UP:9.09% SPREAD:0.06775067% BID:1.476 ASK:1.477 MID:1.4765 P1:1.4765 P2:1.4765 P3:1.4765 P4:1.4765 STATE:IDLE
[2026-05-04 20:42:34Z] CHK MOM:0.06% RANGE:0.06% UP:9.09% SPREAD:0.06775067% BID:1.476 ASK:1.477 MID:1.4765 P1:1.4765 P2:1.4765 P3:1.4765 P4:1.4765 STATE:IDLE
[2026-05-04 20:42:35Z] CHK MOM:0.06% RANGE:0.06% UP:9.09% SPREAD:0.06775067% BID:1.476 ASK:1.477 MID:1.4765 P1:1.4765 P2:1.4765 P3:1.4765 P4:1.4765 STATE:IDLE
[2026-05-04 20:42:35Z] CHK MOM:0.06% RANGE:0.06% UP:11.11% SPREAD:0.06775067% BID:1.476 ASK:1.477 MID:1.4765 P1:1.4765 P2:1.4765 P3:1.4765 P4:1.4765 STATE:IDLE
[2026-05-04 20:42:36Z] CHK MOM:0.06% RANGE:0.06% UP:11.11% SPREAD:0.06775067% BID:1.476 ASK:1.477 MID:1.4765 P1:1.4765 P2:1.4765 P3:1.4765 P4:1.4765 STATE:IDLE
[2026-05-04 20:42:37Z] CHK MOM:0.06% RANGE:0.06% UP:11.11% SPREAD:0.06775067% BID:1.476 ASK:1.477 MID:1.4765 P1:1.4765 P2:1.4765 P3:1.4765 P4:1.4765 STATE:IDLE
[2026-05-04 20:42:37Z] CHK MOM:0.06% RANGE:0.06% UP:11.11% SPREAD:0.06775067% BID:1.476 ASK:1.477 MID:1.4765 P1:1.4765 P2:1.4765 P3:1.4765 P4:1.4765 STATE:IDLE
[2026-05-04 20:42:38Z] CHK MOM:0% RANGE:0.06% UP:14.28% SPREAD:0.06779661% BID:1.475 ASK:1.476 MID:1.4755 P1:1.4755 P2:1.4765 P3:1.4765 P4:1.4765 STATE:IDLE
[2026-05-04 20:42:38Z] CHK MOM:0% RANGE:0.06% UP:14.28% SPREAD:0.06779661% BID:1.475 ASK:1.476 MID:1.4755 P1:1.4755 P2:1.4765 P3:1.4765 P4:1.4765 STATE:IDLE
[2026-05-04 20:42:39Z] CHK MOM:-0.06% RANGE:0.06% UP:0% SPREAD:0.06779661% BID:1.475 ASK:1.476 MID:1.4755 P1:1.4755 P2:1.4755 P3:1.4765 P4:1.4765 STATE:IDLE
[2026-05-04 20:42:39Z] CHK MOM:-0.06% RANGE:0.06% UP:0% SPREAD:0.06779661% BID:1.475 ASK:1.476 MID:1.4755 P1:1.4755 P2:1.4755 P3:1.4765 P4:1.4765 STATE:IDLE
[2026-05-04 20:42:40Z] CHK MOM:-0.06% RANGE:0.06% UP:0% SPREAD:0.06779661% BID:1.475 ASK:1.476 MID:1.4755 P1:1.4755 P2:1.4755 P3:1.4765 P4:1.4765 STATE:IDLE
[2026-05-04 20:42:40Z] CHK MOM:-0.06% RANGE:0.06% UP:0% SPREAD:0.06779661% BID:1.475 ASK:1.476 MID:1.4755 P1:1.4755 P2:1.4755 P3:1.4755 P4:1.4765 STATE:IDLE
[2026-05-04 20:42:41Z] CHK MOM:-0.06% RANGE:0.06% UP:0% SPREAD:0.06779661% BID:1.475 ASK:1.476 MID:1.4755 P1:1.4755 P2:1.4755 P3:1.4755 P4:1.4755 STATE:IDLE
[2026-05-04 20:42:41Z] CHK MOM:-0.06% RANGE:0.06% UP:0% SPREAD:0.06779661% BID:1.475 ASK:1.476 MID:1.4755 P1:1.4755 P2:1.4755 P3:1.4755 P4:1.4755 STATE:IDLE
[2026-05-04 20:42:42Z] CHK MOM:-0.06% RANGE:0.06% UP:0% SPREAD:0.06779661% BID:1.475 ASK:1.476 MID:1.4755 P1:1.4755 P2:1.4755 P3:1.4755 P4:1.4755 STATE:IDLE
[2026-05-04 20:42:43Z] CHK MOM:-0.06% RANGE:0.06% UP:0% SPREAD:0.06779661% BID:1.475 ASK:1.476 MID:1.4755 P1:1.4755 P2:1.4755 P3:1.4755 P4:1.4755 STATE:IDLE
[2026-05-04 20:42:43Z] CHK MOM:-0.06% RANGE:0.06% UP:0% SPREAD:0.06779661% BID:1.475 ASK:1.476 MID:1.4755 P1:1.4755 P2:1.4755 P3:1.4755 P4:1.4755 STATE:IDLE
[2026-05-04 20:42:44Z] CHK MOM:-0.06% RANGE:0.06% UP:0% SPREAD:0.06779661% BID:1.475 ASK:1.476 MID:1.4755 P1:1.4755 P2:1.4755 P3:1.4755 P4:1.4755 STATE:IDLE
[2026-05-04 20:42:44Z] CHK MOM:-0.06% RANGE:0.06% UP:0% SPREAD:0.06779661% BID:1.475 ASK:1.476 MID:1.4755 P1:1.4755 P2:1.4755 P3:1.4755 P4:1.4755 STATE:IDLE
[2026-05-04 20:42:45Z] CHK MOM:-0.03% RANGE:0.03% UP:0% SPREAD:0.13568521% BID:1.474 ASK:1.476 MID:1.475 P1:1.475 P2:1.4755 P3:1.4755 P4:1.4755 STATE:IDLE
[2026-05-04 20:42:45Z] CHK MOM:-0.06% RANGE:0.06% UP:0% SPREAD:0.0678426% BID:1.474 ASK:1.475 MID:1.4745 P1:1.4745 P2:1.475 P3:1.4755 P4:1.4755 STATE:IDLE
[2026-05-04 20:42:46Z] CHK MOM:-0.06% RANGE:0.06% UP:0% SPREAD:0.0678426% BID:1.474 ASK:1.475 MID:1.4745 P1:1.4745 P2:1.475 P3:1.4755 P4:1.4755 STATE:IDLE
[2026-05-04 20:42:46Z] CHK MOM:-0.06% RANGE:0.06% UP:0% SPREAD:0.0678426% BID:1.474 ASK:1.475 MID:1.4745 P1:1.4745 P2:1.4745 P3:1.475 P4:1.4755 STATE:IDLE
[2026-05-04 20:42:48Z] CHK MOM:-0.06% RANGE:0.06% UP:0% SPREAD:0.0678426% BID:1.474 ASK:1.475 MID:1.4745 P1:1.4745 P2:1.4745 P3:1.4745 P4:1.475 STATE:IDLE
[2026-05-04 20:42:48Z] CHK MOM:-0.06% RANGE:0.06% UP:0% SPREAD:0.0678426% BID:1.474 ASK:1.475 MID:1.4745 P1:1.4745 P2:1.4745 P3:1.4745 P4:1.4745 STATE:IDLE
[2026-05-04 20:42:49Z] CHK MOM:-0.06% RANGE:0.06% UP:0% SPREAD:0.0678426% BID:1.474 ASK:1.475 MID:1.4745 P1:1.4745 P2:1.4745 P3:1.4745 P4:1.4745 STATE:IDLE
[2026-05-04 20:42:49Z] CHK MOM:-0.06% RANGE:0.06% UP:0% SPREAD:0.0678426% BID:1.474 ASK:1.475 MID:1.4745 P1:1.4745 P2:1.4745 P3:1.4745 P4:1.4745 STATE:IDLE
[2026-05-04 20:42:50Z] CHK MOM:-0.06% RANGE:0.06% UP:0% SPREAD:0.0678426% BID:1.474 ASK:1.475 MID:1.4745 P1:1.4745 P2:1.4745 P3:1.4745 P4:1.4745 STATE:IDLE
[2026-05-04 20:42:50Z] CHK MOM:-0.06% RANGE:0.06% UP:0% SPREAD:0.0678426% BID:1.474 ASK:1.475 MID:1.4745 P1:1.4745 P2:1.4745 P3:1.4745 P4:1.4745 STATE:IDLE
[2026-05-04 20:42:51Z] CHK MOM:-0.06% RANGE:0.06% UP:0% SPREAD:0.0678426% BID:1.474 ASK:1.475 MID:1.4745 P1:1.4745 P2:1.4745 P3:1.4745 P4:1.4745 STATE:IDLE
[2026-05-04 20:42:51Z] CHK MOM:-0.03% RANGE:0.03% UP:0% SPREAD:0.0678426% BID:1.474 ASK:1.475 MID:1.4745 P1:1.4745 P2:1.4745 P3:1.4745 P4:1.4745 STATE:IDLE
[2026-05-04 20:42:52Z] CHK MOM:-0.03% RANGE:0.03% UP:0% SPREAD:0.0678426% BID:1.474 ASK:1.475 MID:1.4745 P1:1.4745 P2:1.4745 P3:1.4745 P4:1.4745 STATE:IDLE
[2026-05-04 20:42:53Z] CHK MOM:-0.03% RANGE:0.03% UP:0% SPREAD:0.0678426% BID:1.474 ASK:1.475 MID:1.4745 P1:1.4745 P2:1.4745 P3:1.4745 P4:1.4745 STATE:IDLE
[2026-05-04 20:42:53Z] CHK MOM:0% RANGE:0% UP:0% SPREAD:0.0678426% BID:1.474 ASK:1.475 MID:1.4745 P1:1.4745 P2:1.4745 P3:1.4745 P4:1.4745 STATE:IDLE
[2026-05-04 20:42:54Z] CHK MOM:0% RANGE:0% UP:0% SPREAD:0.0678426% BID:1.474 ASK:1.475 MID:1.4745 P1:1.4745 P2:1.4745 P3:1.4745 P4:1.4745 STATE:IDLE
[2026-05-04 20:42:54Z] CHK MOM:0% RANGE:0% UP:0% SPREAD:0.0678426% BID:1.474 ASK:1.475 MID:1.4745 P1:1.4745 P2:1.4745 P3:1.4745 P4:1.4745 STATE:IDLE
[2026-05-04 20:42:55Z] CHK MOM:0% RANGE:0% UP:0% SPREAD:0.0678426% BID:1.474 ASK:1.475 MID:1.4745 P1:1.4745 P2:1.4745 P3:1.4745 P4:1.4745 STATE:IDLE
[2026-05-04 20:42:55Z] CHK MOM:0% RANGE:0% UP:0% SPREAD:0.0678426% BID:1.474 ASK:1.475 MID:1.4745 P1:1.4745 P2:1.4745 P3:1.4745 P4:1.4745 STATE:IDLE
[2026-05-04 20:42:56Z] CHK MOM:0% RANGE:0% UP:0% SPREAD:0.0678426% BID:1.474 ASK:1.475 MID:1.4745 P1:1.4745 P2:1.4745 P3:1.4745 P4:1.4745 STATE:IDLE
[2026-05-04 20:42:56Z] CHK MOM:0% RANGE:0% UP:0% SPREAD:0.0678426% BID:1.474 ASK:1.475 MID:1.4745 P1:1.4745 P2:1.4745 P3:1.4745 P4:1.4745 STATE:IDLE
[2026-05-04 20:42:57Z] CHK MOM:0% RANGE:0% UP:0% SPREAD:0.0678426% BID:1.474 ASK:1.475 MID:1.4745 P1:1.4745 P2:1.4745 P3:1.4745 P4:1.4745 STATE:IDLE
[2026-05-04 20:42:57Z] CHK MOM:0% RANGE:0% UP:0% SPREAD:0.0678426% BID:1.474 ASK:1.475 MID:1.4745 P1:1.4745 P2:1.4745 P3:1.4745 P4:1.4745 STATE:IDLE
[2026-05-04 20:42:58Z] CHK MOM:0% RANGE:0% UP:0% SPREAD:0.0678426% BID:1.474 ASK:1.475 MID:1.4745 P1:1.4745 P2:1.4745 P3:1.4745 P4:1.4745 STATE:IDLE
[2026-05-04 20:42:59Z] CHK MOM:0% RANGE:0% UP:0% SPREAD:0.0678426% BID:1.474 ASK:1.475 MID:1.4745 P1:1.4745 P2:1.4745 P3:1.4745 P4:1.4745 STATE:IDLE
[2026-05-04 20:42:59Z] CHK MOM:0% RANGE:0% UP:0% SPREAD:0.0678426% BID:1.474 ASK:1.475 MID:1.4745 P1:1.4745 P2:1.4745 P3:1.4745 P4:1.4745 STATE:IDLE
[2026-05-04 20:43:00Z] CHK MOM:0% RANGE:0% UP:0% SPREAD:0.0678426% BID:1.474 ASK:1.475 MID:1.4745 P1:1.4745 P2:1.4745 P3:1.4745 P4:1.4745 STATE:IDLE
[2026-05-04 20:43:00Z] CHK MOM:-0.06% RANGE:0.06% UP:0% SPREAD:0.06788866% BID:1.473 ASK:1.474 MID:1.4735 P1:1.4735 P2:1.4745 P3:1.4745 P4:1.4745 STATE:IDLE
[2026-05-04 20:43:01Z] CHK MOM:-0.06% RANGE:0.06% UP:0% SPREAD:0.06788866% BID:1.473 ASK:1.474 MID:1.4735 P1:1.4735 P2:1.4735 P3:1.4745 P4:1.4745 STATE:IDLE
[2026-05-04 20:43:01Z] CHK MOM:-0.06% RANGE:0.06% UP:0% SPREAD:0.06788866% BID:1.473 ASK:1.474 MID:1.4735 P1:1.4735 P2:1.4735 P3:1.4735 P4:1.4745 STATE:IDLE
[2026-05-04 20:43:02Z] CHK MOM:-0.06% RANGE:0.06% UP:0% SPREAD:0.06788866% BID:1.473 ASK:1.474 MID:1.4735 P1:1.4735 P2:1.4735 P3:1.4735 P4:1.4735 STATE:IDLE
[2026-05-04 20:43:02Z] CHK MOM:-0.06% RANGE:0.06% UP:0% SPREAD:0.06788866% BID:1.473 ASK:1.474 MID:1.4735 P1:1.4735 P2:1.4735 P3:1.4735 P4:1.4735 STATE:IDLE
[2026-05-04 20:43:03Z] CHK MOM:-0.06% RANGE:0.06% UP:0% SPREAD:0.06788866% BID:1.473 ASK:1.474 MID:1.4735 P1:1.4735 P2:1.4735 P3:1.4735 P4:1.4735 STATE:IDLE
[2026-05-04 20:43:04Z] CHK MOM:-0.06% RANGE:0.06% UP:0% SPREAD:0.06788866% BID:1.473 ASK:1.474 MID:1.4735 P1:1.4735 P2:1.4735 P3:1.4735 P4:1.4735 STATE:IDLE
[2026-05-04 20:43:04Z] CHK MOM:-0.06% RANGE:0.06% UP:0% SPREAD:0.06788866% BID:1.473 ASK:1.474 MID:1.4735 P1:1.4735 P2:1.4735 P3:1.4735 P4:1.4735 STATE:IDLE
[2026-05-04 20:43:05Z] CHK MOM:-0.06% RANGE:0.06% UP:0% SPREAD:0.06788866% BID:1.473 ASK:1.474 MID:1.4735 P1:1.4735 P2:1.4735 P3:1.4735 P4:1.4735 STATE:IDLE
[2026-05-04 20:43:05Z] CHK MOM:-0.06% RANGE:0.06% UP:0% SPREAD:0.06788866% BID:1.473 ASK:1.474 MID:1.4735 P1:1.4735 P2:1.4735 P3:1.4735 P4:1.4735 STATE:IDLE
[2026-05-04 20:43:06Z] CHK MOM:-0.06% RANGE:0.06% UP:0% SPREAD:0.06788866% BID:1.473 ASK:1.474 MID:1.4735 P1:1.4735 P2:1.4735 P3:1.4735 P4:1.4735 STATE:IDLE
[2026-05-04 20:43:06Z] CHK MOM:-0.06% RANGE:0.06% UP:0% SPREAD:0.06788866% BID:1.473 ASK:1.474 MID:1.4735 P1:1.4735 P2:1.4735 P3:1.4735 P4:1.4735 STATE:IDLE
[2026-05-04 20:43:07Z] CHK MOM:-0.06% RANGE:0.06% UP:0% SPREAD:0.06788866% BID:1.473 ASK:1.474 MID:1.4735 P1:1.4735 P2:1.4735 P3:1.4735 P4:1.4735 STATE:IDLE
[2026-05-04 20:43:07Z] CHK MOM:0% RANGE:0.06% UP:10% SPREAD:0.0678426% BID:1.474 ASK:1.475 MID:1.4745 P1:1.4745 P2:1.4735 P3:1.4735 P4:1.4735 STATE:IDLE
[2026-05-04 20:43:08Z] CHK MOM:0.13% RANGE:0.13% UP:20% SPREAD:0.06779661% BID:1.475 ASK:1.476 MID:1.4755 P1:1.4755 P2:1.4745 P3:1.4735 P4:1.4735 STATE:IDLE
[2026-05-04 20:43:08Z] CHK MOM:0.13% RANGE:0.13% UP:18.18% SPREAD:0.06779661% BID:1.475 ASK:1.476 MID:1.4755 P1:1.4755 P2:1.4755 P3:1.4745 P4:1.4735 STATE:IDLE
[2026-05-04 20:43:09Z] CHK MOM:0.13% RANGE:0.13% UP:18.18% SPREAD:0.06779661% BID:1.475 ASK:1.476 MID:1.4755 P1:1.4755 P2:1.4755 P3:1.4745 P4:1.4735 STATE:IDLE
[2026-05-04 20:43:10Z] CHK MOM:0.16% RANGE:0.16% UP:33.33% SPREAD:0.13559322% BID:1.475 ASK:1.477 MID:1.476 P1:1.476 P2:1.4755 P3:1.4755 P4:1.4745 STATE:IDLE
[2026-05-04 20:43:10Z] CHK MOM:0.16% RANGE:0.16% UP:33.33% SPREAD:0.13559322% BID:1.475 ASK:1.477 MID:1.476 P1:1.476 P2:1.4755 P3:1.4755 P4:1.4745 STATE:IDLE
[2026-05-04 20:43:11Z] CHK MOM:0.16% RANGE:0.16% UP:37.5% SPREAD:0.13559322% BID:1.475 ASK:1.477 MID:1.476 P1:1.476 P2:1.476 P3:1.4755 P4:1.4755 STATE:IDLE
[2026-05-04 20:43:11Z] CHK MOM:0.16% RANGE:0.16% UP:37.5% SPREAD:0.13559322% BID:1.475 ASK:1.477 MID:1.476 P1:1.476 P2:1.476 P3:1.4755 P4:1.4755 STATE:IDLE
[2026-05-04 20:43:12Z] CHK MOM:0.2% RANGE:0.2% UP:50% SPREAD:0.06775067% BID:1.476 ASK:1.477 MID:1.4765 P1:1.4765 P2:1.476 P3:1.476 P4:1.4755 STATE:IDLE
[2026-05-04 20:43:12Z] CHK MOM:0.2% RANGE:0.2% UP:44.44% SPREAD:0.06775067% BID:1.476 ASK:1.477 MID:1.4765 P1:1.4765 P2:1.4765 P3:1.476 P4:1.476 STATE:IDLE
[2026-05-04 20:43:13Z] CHK MOM:0.2% RANGE:0.2% UP:44.44% SPREAD:0.06775067% BID:1.476 ASK:1.477 MID:1.4765 P1:1.4765 P2:1.4765 P3:1.476 P4:1.476 STATE:IDLE
[2026-05-04 20:43:13Z] CHK MOM:0.2% RANGE:0.2% UP:44.44% SPREAD:0.06775067% BID:1.476 ASK:1.477 MID:1.4765 P1:1.4765 P2:1.4765 P3:1.476 P4:1.476 STATE:IDLE
[2026-05-04 20:43:14Z] CHK MOM:0.2% RANGE:0.2% UP:44.44% SPREAD:0.06775067% BID:1.476 ASK:1.477 MID:1.4765 P1:1.4765 P2:1.4765 P3:1.476 P4:1.476 STATE:IDLE
[2026-05-04 20:43:15Z] CHK MOM:0.13% RANGE:0.13% UP:42.85% SPREAD:0.06775067% BID:1.476 ASK:1.477 MID:1.4765 P1:1.4765 P2:1.4765 P3:1.4765 P4:1.476 STATE:IDLE
[2026-05-04 20:43:15Z] CHK MOM:0.13% RANGE:0.13% UP:37.5% SPREAD:0.06775067% BID:1.476 ASK:1.477 MID:1.4765 P1:1.4765 P2:1.4765 P3:1.4765 P4:1.4765 STATE:IDLE
[2026-05-04 20:43:16Z] CHK MOM:0.13% RANGE:0.13% UP:37.5% SPREAD:0.06775067% BID:1.476 ASK:1.477 MID:1.4765 P1:1.4765 P2:1.4765 P3:1.4765 P4:1.4765 STATE:IDLE
[2026-05-04 20:43:16Z] CHK MOM:0.03% RANGE:0.03% UP:16.66% SPREAD:0.06775067% BID:1.476 ASK:1.477 MID:1.4765 P1:1.4765 P2:1.4765 P3:1.4765 P4:1.4765 STATE:IDLE
[2026-05-04 20:43:17Z] CHK MOM:0.03% RANGE:0.03% UP:16.66% SPREAD:0.06775067% BID:1.476 ASK:1.477 MID:1.4765 P1:1.4765 P2:1.4765 P3:1.4765 P4:1.4765 STATE:IDLE
[2026-05-04 20:43:17Z] CHK MOM:0.03% RANGE:0.03% UP:16.66% SPREAD:0.06775067% BID:1.476 ASK:1.477 MID:1.4765 P1:1.4765 P2:1.4765 P3:1.4765 P4:1.4765 STATE:IDLE
[2026-05-04 20:43:18Z] CHK MOM:0.03% RANGE:0.03% UP:16.66% SPREAD:0.06775067% BID:1.476 ASK:1.477 MID:1.4765 P1:1.4765 P2:1.4765 P3:1.4765 P4:1.4765 STATE:IDLE
[2026-05-04 20:43:18Z] CHK MOM:0.03% RANGE:0.03% UP:16.66% SPREAD:0.06775067% BID:1.476 ASK:1.477 MID:1.4765 P1:1.4765 P2:1.4765 P3:1.4765 P4:1.4765 STATE:IDLE
[2026-05-04 20:43:19Z] CHK MOM:0.06% RANGE:0.06% UP:16.66% SPREAD:0.0677048% BID:1.477 ASK:1.478 MID:1.4775 P1:1.4775 P2:1.4765 P3:1.4765 P4:1.4765 STATE:IDLE
[2026-05-04 20:43:19Z] CHK MOM:0.06% RANGE:0.06% UP:14.28% SPREAD:0.0677048% BID:1.477 ASK:1.478 MID:1.4775 P1:1.4775 P2:1.4775 P3:1.4765 P4:1.4765 STATE:IDLE
[2026-05-04 20:43:20Z] CHK MOM:0.06% RANGE:0.06% UP:14.28% SPREAD:0.0677048% BID:1.477 ASK:1.478 MID:1.4775 P1:1.4775 P2:1.4775 P3:1.4775 P4:1.4765 STATE:IDLE
[2026-05-04 20:43:21Z] CHK MOM:0.06% RANGE:0.06% UP:14.28% SPREAD:0.0677048% BID:1.477 ASK:1.478 MID:1.4775 P1:1.4775 P2:1.4775 P3:1.4775 P4:1.4765 STATE:IDLE
[2026-05-04 20:43:21Z] CHK MOM:0.06% RANGE:0.06% UP:14.28% SPREAD:0.0677048% BID:1.477 ASK:1.478 MID:1.4775 P1:1.4775 P2:1.4775 P3:1.4775 P4:1.4765 STATE:IDLE
[2026-05-04 20:43:22Z] CHK MOM:0.06% RANGE:0.06% UP:14.28% SPREAD:0.0677048% BID:1.477 ASK:1.478 MID:1.4775 P1:1.4775 P2:1.4775 P3:1.4775 P4:1.4775 STATE:IDLE
[2026-05-04 20:43:22Z] CHK MOM:0.06% RANGE:0.06% UP:14.28% SPREAD:0.0677048% BID:1.477 ASK:1.478 MID:1.4775 P1:1.4775 P2:1.4775 P3:1.4775 P4:1.4775 STATE:IDLE
[2026-05-04 20:43:23Z] CHK MOM:0.06% RANGE:0.06% UP:14.28% SPREAD:0.0677048% BID:1.477 ASK:1.478 MID:1.4775 P1:1.4775 P2:1.4775 P3:1.4775 P4:1.4775 STATE:IDLE
[2026-05-04 20:43:23Z] CHK MOM:0.06% RANGE:0.06% UP:14.28% SPREAD:0.0677048% BID:1.477 ASK:1.478 MID:1.4775 P1:1.4775 P2:1.4775 P3:1.4775 P4:1.4775 STATE:IDLE
[2026-05-04 20:43:24Z] CHK MOM:0.06% RANGE:0.06% UP:16.66% SPREAD:0.0677048% BID:1.477 ASK:1.478 MID:1.4775 P1:1.4775 P2:1.4775 P3:1.4775 P4:1.4775 STATE:IDLE
[2026-05-04 20:43:24Z] CHK MOM:0.06% RANGE:0.06% UP:16.66% SPREAD:0.0677048% BID:1.477 ASK:1.478 MID:1.4775 P1:1.4775 P2:1.4775 P3:1.4775 P4:1.4775 STATE:IDLE
[2026-05-04 20:43:25Z] CHK MOM:0.06% RANGE:0.06% UP:16.66% SPREAD:0.0677048% BID:1.477 ASK:1.478 MID:1.4775 P1:1.4775 P2:1.4775 P3:1.4775 P4:1.4775 STATE:IDLE
[2026-05-04 20:43:26Z] CHK MOM:0.06% RANGE:0.06% UP:16.66% SPREAD:0.0677048% BID:1.477 ASK:1.478 MID:1.4775 P1:1.4775 P2:1.4775 P3:1.4775 P4:1.4775 STATE:IDLE
[2026-05-04 20:43:26Z] CHK MOM:0.06% RANGE:0.06% UP:16.66% SPREAD:0.0677048% BID:1.477 ASK:1.478 MID:1.4775 P1:1.4775 P2:1.4775 P3:1.4775 P4:1.4775 STATE:IDLE
[2026-05-04 20:43:27Z] CHK MOM:0.06% RANGE:0.06% UP:16.66% SPREAD:0.0677048% BID:1.477 ASK:1.478 MID:1.4775 P1:1.4775 P2:1.4775 P3:1.4775 P4:1.4775 STATE:IDLE
[2026-05-04 20:43:27Z] CHK MOM:0.06% RANGE:0.06% UP:16.66% SPREAD:0.0677048% BID:1.477 ASK:1.478 MID:1.4775 P1:1.4775 P2:1.4775 P3:1.4775 P4:1.4775 STATE:IDLE
[2026-05-04 20:43:28Z] CHK MOM:0% RANGE:0% UP:0% SPREAD:0.0677048% BID:1.477 ASK:1.478 MID:1.4775 P1:1.4775 P2:1.4775 P3:1.4775 P4:1.4775 STATE:IDLE
[2026-05-04 20:43:28Z] CHK MOM:0% RANGE:0% UP:0% SPREAD:0.0677048% BID:1.477 ASK:1.478 MID:1.4775 P1:1.4775 P2:1.4775 P3:1.4775 P4:1.4775 STATE:IDLE
[2026-05-04 20:43:29Z] CHK MOM:0% RANGE:0% UP:0% SPREAD:0.0677048% BID:1.477 ASK:1.478 MID:1.4775 P1:1.4775 P2:1.4775 P3:1.4775 P4:1.4775 STATE:IDLE
[2026-05-04 20:43:29Z] CHK MOM:0% RANGE:0% UP:0% SPREAD:0.0677048% BID:1.477 ASK:1.478 MID:1.4775 P1:1.4775 P2:1.4775 P3:1.4775 P4:1.4775 STATE:IDLE
[2026-05-04 20:43:30Z] CHK MOM:0% RANGE:0% UP:0% SPREAD:0.0677048% BID:1.477 ASK:1.478 MID:1.4775 P1:1.4775 P2:1.4775 P3:1.4775 P4:1.4775 STATE:IDLE
[2026-05-04 20:43:30Z] CHK MOM:0% RANGE:0% UP:0% SPREAD:0.0677048% BID:1.477 ASK:1.478 MID:1.4775 P1:1.4775 P2:1.4775 P3:1.4775 P4:1.4775 STATE:IDLE
[2026-05-04 20:43:31Z] CHK MOM:0% RANGE:0% UP:0% SPREAD:0.0677048% BID:1.477 ASK:1.478 MID:1.4775 P1:1.4775 P2:1.4775 P3:1.4775 P4:1.4775 STATE:IDLE
[2026-05-04 20:43:32Z] CHK MOM:0.06% RANGE:0.06% UP:25% SPREAD:0.06765899% BID:1.478 ASK:1.479 MID:1.4785 P1:1.4785 P2:1.4775 P3:1.4775 P4:1.4775 STATE:IDLE
[2026-05-04 20:43:32Z] CHK MOM:0.06% RANGE:0.06% UP:25% SPREAD:0.06765899% BID:1.478 ASK:1.479 MID:1.4785 P1:1.4785 P2:1.4785 P3:1.4775 P4:1.4775 STATE:IDLE
[2026-05-04 20:43:33Z] CHK MOM:0.06% RANGE:0.06% UP:25% SPREAD:0.06765899% BID:1.478 ASK:1.479 MID:1.4785 P1:1.4785 P2:1.4785 P3:1.4785 P4:1.4775 STATE:IDLE
[2026-05-04 20:43:33Z] CHK MOM:0.06% RANGE:0.06% UP:20% SPREAD:0.06765899% BID:1.478 ASK:1.479 MID:1.4785 P1:1.4785 P2:1.4785 P3:1.4785 P4:1.4785 STATE:IDLE
[2026-05-04 20:43:34Z] CHK MOM:0.06% RANGE:0.06% UP:16.66% SPREAD:0.06765899% BID:1.478 ASK:1.479 MID:1.4785 P1:1.4785 P2:1.4785 P3:1.4785 P4:1.4785 STATE:IDLE
[2026-05-04 20:43:34Z] CHK MOM:0.06% RANGE:0.06% UP:14.28% SPREAD:0.06765899% BID:1.478 ASK:1.479 MID:1.4785 P1:1.4785 P2:1.4785 P3:1.4785 P4:1.4785 STATE:IDLE
[2026-05-04 20:43:35Z] CHK MOM:0.06% RANGE:0.06% UP:12.5% SPREAD:0.06765899% BID:1.478 ASK:1.479 MID:1.4785 P1:1.4785 P2:1.4785 P3:1.4785 P4:1.4785 STATE:IDLE
[2026-05-04 20:43:35Z] CHK MOM:0.06% RANGE:0.06% UP:12.5% SPREAD:0.06765899% BID:1.478 ASK:1.479 MID:1.4785 P1:1.4785 P2:1.4785 P3:1.4785 P4:1.4785 STATE:IDLE
[2026-05-04 20:43:36Z] CHK MOM:0.06% RANGE:0.06% UP:12.5% SPREAD:0.06765899% BID:1.478 ASK:1.479 MID:1.4785 P1:1.4785 P2:1.4785 P3:1.4785 P4:1.4785 STATE:IDLE
[2026-05-04 20:43:37Z] CHK MOM:0.06% RANGE:0.06% UP:12.5% SPREAD:0.06765899% BID:1.478 ASK:1.479 MID:1.4785 P1:1.4785 P2:1.4785 P3:1.4785 P4:1.4785 STATE:IDLE
[2026-05-04 20:43:37Z] CHK MOM:0.06% RANGE:0.06% UP:12.5% SPREAD:0.06765899% BID:1.478 ASK:1.479 MID:1.4785 P1:1.4785 P2:1.4785 P3:1.4785 P4:1.4785 STATE:IDLE
[2026-05-04 20:43:40Z] CHK MOM:0% RANGE:0% UP:0% SPREAD:0.06765899% BID:1.478 ASK:1.479 MID:1.4785 P1:1.4785 P2:1.4785 P3:1.4785 P4:1.4785 STATE:IDLE
[2026-05-04 20:43:41Z] CHK MOM:0% RANGE:0% UP:0% SPREAD:0.06765899% BID:1.478 ASK:1.479 MID:1.4785 P1:1.4785 P2:1.4785 P3:1.4785 P4:1.4785 STATE:IDLE
[2026-05-04 20:43:41Z] CHK MOM:0% RANGE:0% UP:0% SPREAD:0.06765899% BID:1.478 ASK:1.479 MID:1.4785 P1:1.4785 P2:1.4785 P3:1.4785 P4:1.4785 STATE:IDLE
[2026-05-04 20:43:42Z] CHK MOM:0% RANGE:0% UP:0% SPREAD:0.06765899% BID:1.478 ASK:1.479 MID:1.4785 P1:1.4785 P2:1.4785 P3:1.4785 P4:1.4785 STATE:IDLE
[2026-05-04 20:43:43Z] CHK MOM:0% RANGE:0% UP:0% SPREAD:0.06765899% BID:1.478 ASK:1.479 MID:1.4785 P1:1.4785 P2:1.4785 P3:1.4785 P4:1.4785 STATE:IDLE
[2026-05-04 20:43:43Z] CHK MOM:0% RANGE:0% UP:0% SPREAD:0.06765899% BID:1.478 ASK:1.479 MID:1.4785 P1:1.4785 P2:1.4785 P3:1.4785 P4:1.4785 STATE:IDLE
[2026-05-04 20:43:44Z] CHK MOM:0% RANGE:0% UP:0% SPREAD:0.06765899% BID:1.478 ASK:1.479 MID:1.4785 P1:1.4785 P2:1.4785 P3:1.4785 P4:1.4785 STATE:IDLE
[2026-05-04 20:43:44Z] CHK MOM:0% RANGE:0% UP:0% SPREAD:0.06765899% BID:1.478 ASK:1.479 MID:1.4785 P1:1.4785 P2:1.4785 P3:1.4785 P4:1.4785 STATE:IDLE
[2026-05-04 20:43:45Z] CHK MOM:0% RANGE:0% UP:0% SPREAD:0.06765899% BID:1.478 ASK:1.479 MID:1.4785 P1:1.4785 P2:1.4785 P3:1.4785 P4:1.4785 STATE:IDLE
[2026-05-04 20:43:45Z] CHK MOM:0% RANGE:0% UP:0% SPREAD:0.06765899% BID:1.478 ASK:1.479 MID:1.4785 P1:1.4785 P2:1.4785 P3:1.4785 P4:1.4785 STATE:IDLE
[2026-05-04 20:43:46Z] CHK MOM:0% RANGE:0% UP:0% SPREAD:0.06765899% BID:1.478 ASK:1.479 MID:1.4785 P1:1.4785 P2:1.4785 P3:1.4785 P4:1.4785 STATE:IDLE
[2026-05-04 20:43:46Z] CHK MOM:0% RANGE:0% UP:0% SPREAD:0.06765899% BID:1.478 ASK:1.479 MID:1.4785 P1:1.4785 P2:1.4785 P3:1.4785 P4:1.4785 STATE:IDLE
[2026-05-04 20:43:47Z] CHK MOM:0% RANGE:0% UP:0% SPREAD:0.06765899% BID:1.478 ASK:1.479 MID:1.4785 P1:1.4785 P2:1.4785 P3:1.4785 P4:1.4785 STATE:IDLE
[2026-05-04 20:43:48Z] CHK MOM:0% RANGE:0% UP:0% SPREAD:0.06765899% BID:1.478 ASK:1.479 MID:1.4785 P1:1.4785 P2:1.4785 P3:1.4785 P4:1.4785 STATE:IDLE
[2026-05-04 20:43:48Z] CHK MOM:0% RANGE:0% UP:0% SPREAD:0.06765899% BID:1.478 ASK:1.479 MID:1.4785 P1:1.4785 P2:1.4785 P3:1.4785 P4:1.4785 STATE:IDLE
[2026-05-04 20:43:51Z] CHK MOM:0% RANGE:0% UP:0% SPREAD:0.06765899% BID:1.478 ASK:1.479 MID:1.4785 P1:1.4785 P2:1.4785 P3:1.4785 P4:1.4785 STATE:IDLE
[2026-05-04 20:43:51Z] CHK MOM:0% RANGE:0% UP:0% SPREAD:0.06765899% BID:1.478 ASK:1.479 MID:1.4785 P1:1.4785 P2:1.4785 P3:1.4785 P4:1.4785 STATE:IDLE
[2026-05-04 20:43:52Z] CHK MOM:0% RANGE:0% UP:0% SPREAD:0.06765899% BID:1.478 ASK:1.479 MID:1.4785 P1:1.4785 P2:1.4785 P3:1.4785 P4:1.4785 STATE:IDLE
[2026-05-04 20:43:52Z] CHK MOM:0% RANGE:0% UP:0% SPREAD:0.06765899% BID:1.478 ASK:1.479 MID:1.4785 P1:1.4785 P2:1.4785 P3:1.4785 P4:1.4785 STATE:IDLE
[2026-05-04 20:43:53Z] CHK MOM:0% RANGE:0% UP:0% SPREAD:0.06765899% BID:1.478 ASK:1.479 MID:1.4785 P1:1.4785 P2:1.4785 P3:1.4785 P4:1.4785 STATE:IDLE
[2026-05-04 20:43:53Z] CHK MOM:0% RANGE:0% UP:0% SPREAD:0.06765899% BID:1.478 ASK:1.479 MID:1.4785 P1:1.4785 P2:1.4785 P3:1.4785 P4:1.4785 STATE:IDLE
[2026-05-04 20:43:54Z] CHK MOM:0% RANGE:0% UP:0% SPREAD:0.06765899% BID:1.478 ASK:1.479 MID:1.4785 P1:1.4785 P2:1.4785 P3:1.4785 P4:1.4785 STATE:IDLE
[2026-05-04 20:43:54Z] CHK MOM:0% RANGE:0% UP:0% SPREAD:0.06765899% BID:1.478 ASK:1.479 MID:1.4785 P1:1.4785 P2:1.4785 P3:1.4785 P4:1.4785 STATE:IDLE
[2026-05-04 20:43:55Z] CHK MOM:0% RANGE:0% UP:0% SPREAD:0.06765899% BID:1.478 ASK:1.479 MID:1.4785 P1:1.4785 P2:1.4785 P3:1.4785 P4:1.4785 STATE:IDLE
[2026-05-04 20:43:55Z] CHK MOM:-0.06% RANGE:0.06% UP:0% SPREAD:0.0677048% BID:1.477 ASK:1.478 MID:1.4775 P1:1.4775 P2:1.4785 P3:1.4785 P4:1.4785 STATE:IDLE
[2026-05-04 20:43:56Z] CHK MOM:-0.06% RANGE:0.06% UP:0% SPREAD:0.0677048% BID:1.477 ASK:1.478 MID:1.4775 P1:1.4775 P2:1.4775 P3:1.4785 P4:1.4785 STATE:IDLE
[2026-05-04 20:43:57Z] CHK MOM:-0.06% RANGE:0.06% UP:0% SPREAD:0.0677048% BID:1.477 ASK:1.478 MID:1.4775 P1:1.4775 P2:1.4775 P3:1.4775 P4:1.4785 STATE:IDLE
[2026-05-04 20:43:57Z] CHK MOM:-0.13% RANGE:0.13% UP:0% SPREAD:0.06775067% BID:1.476 ASK:1.477 MID:1.4765 P1:1.4765 P2:1.4775 P3:1.4775 P4:1.4775 STATE:IDLE
[2026-05-04 20:43:58Z] CHK MOM:-0.06% RANGE:0.13% UP:11.11% SPREAD:0.0677048% BID:1.477 ASK:1.478 MID:1.4775 P1:1.4775 P2:1.4765 P3:1.4775 P4:1.4775 STATE:IDLE
[2026-05-04 20:43:58Z] CHK MOM:-0.06% RANGE:0.13% UP:10% SPREAD:0.0677048% BID:1.477 ASK:1.478 MID:1.4775 P1:1.4775 P2:1.4775 P3:1.4765 P4:1.4775 STATE:IDLE
[2026-05-04 20:43:59Z] CHK MOM:-0.06% RANGE:0.13% UP:10% SPREAD:0.0677048% BID:1.477 ASK:1.478 MID:1.4775 P1:1.4775 P2:1.4775 P3:1.4775 P4:1.4765 STATE:IDLE
[2026-05-04 20:43:59Z] CHK MOM:-0.06% RANGE:0.13% UP:9.09% SPREAD:0.0677048% BID:1.477 ASK:1.478 MID:1.4775 P1:1.4775 P2:1.4775 P3:1.4775 P4:1.4775 STATE:IDLE
[2026-05-04 20:44:00Z] CHK MOM:-0.06% RANGE:0.13% UP:8.33% SPREAD:0.0677048% BID:1.477 ASK:1.478 MID:1.4775 P1:1.4775 P2:1.4775 P3:1.4775 P4:1.4775 STATE:IDLE
[2026-05-04 20:44:00Z] CHK MOM:-0.06% RANGE:0.13% UP:8.33% SPREAD:0.0677048% BID:1.477 ASK:1.478 MID:1.4775 P1:1.4775 P2:1.4775 P3:1.4775 P4:1.4775 STATE:IDLE
[2026-05-04 20:44:01Z] CHK MOM:-0.06% RANGE:0.13% UP:8.33% SPREAD:0.0677048% BID:1.477 ASK:1.478 MID:1.4775 P1:1.4775 P2:1.4775 P3:1.4775 P4:1.4775 STATE:IDLE
[2026-05-04 20:44:01Z] CHK MOM:-0.06% RANGE:0.13% UP:10% SPREAD:0.0677048% BID:1.477 ASK:1.478 MID:1.4775 P1:1.4775 P2:1.4775 P3:1.4775 P4:1.4775 STATE:IDLE
[2026-05-04 20:44:02Z] CHK MOM:-0.06% RANGE:0.13% UP:9.09% SPREAD:0.0677048% BID:1.477 ASK:1.478 MID:1.4775 P1:1.4775 P2:1.4775 P3:1.4775 P4:1.4775 STATE:IDLE
[2026-05-04 20:44:02Z] CHK MOM:-0.06% RANGE:0.13% UP:8.33% SPREAD:0.0677048% BID:1.477 ASK:1.478 MID:1.4775 P1:1.4775 P2:1.4775 P3:1.4775 P4:1.4775 STATE:IDLE
[2026-05-04 20:44:03Z] CHK MOM:-0.06% RANGE:0.13% UP:7.69% SPREAD:0.0677048% BID:1.477 ASK:1.478 MID:1.4775 P1:1.4775 P2:1.4775 P3:1.4775 P4:1.4775 STATE:IDLE
[2026-05-04 20:44:04Z] CHK MOM:-0.06% RANGE:0.13% UP:7.69% SPREAD:0.0677048% BID:1.477 ASK:1.478 MID:1.4775 P1:1.4775 P2:1.4775 P3:1.4775 P4:1.4775 STATE:IDLE
[2026-05-04 20:44:04Z] CHK MOM:-0.06% RANGE:0.13% UP:7.69% SPREAD:0.0677048% BID:1.477 ASK:1.478 MID:1.4775 P1:1.4775 P2:1.4775 P3:1.4775 P4:1.4775 STATE:IDLE
[2026-05-04 20:44:05Z] CHK MOM:-0.06% RANGE:0.13% UP:7.69% SPREAD:0.0677048% BID:1.477 ASK:1.478 MID:1.4775 P1:1.4775 P2:1.4775 P3:1.4775 P4:1.4775 STATE:IDLE
[2026-05-04 20:44:05Z] CHK MOM:-0.06% RANGE:0.13% UP:7.69% SPREAD:0.0677048% BID:1.477 ASK:1.478 MID:1.4775 P1:1.4775 P2:1.4775 P3:1.4775 P4:1.4775 STATE:IDLE
[2026-05-04 20:44:07Z] CHK MOM:-0.06% RANGE:0.06% UP:0% SPREAD:0.06775067% BID:1.476 ASK:1.477 MID:1.4765 P1:1.4765 P2:1.4775 P3:1.4775 P4:1.4775 STATE:IDLE
[2026-05-04 20:44:07Z] CHK MOM:-0.06% RANGE:0.06% UP:0% SPREAD:0.06775067% BID:1.476 ASK:1.477 MID:1.4765 P1:1.4765 P2:1.4775 P3:1.4775 P4:1.4775 STATE:IDLE
[2026-05-04 20:44:08Z] CHK MOM:-0.06% RANGE:0.06% UP:0% SPREAD:0.06775067% BID:1.476 ASK:1.477 MID:1.4765 P1:1.4765 P2:1.4765 P3:1.4775 P4:1.4775 STATE:IDLE
[2026-05-04 20:44:09Z] CHK MOM:-0.06% RANGE:0.06% UP:0% SPREAD:0.06775067% BID:1.476 ASK:1.477 MID:1.4765 P1:1.4765 P2:1.4765 P3:1.4775 P4:1.4775 STATE:IDLE
[2026-05-04 20:44:09Z] CHK MOM:-0.06% RANGE:0.06% UP:0% SPREAD:0.06775067% BID:1.476 ASK:1.477 MID:1.4765 P1:1.4765 P2:1.4765 P3:1.4765 P4:1.4775 STATE:IDLE
[2026-05-04 20:44:10Z] CHK MOM:-0.06% RANGE:0.06% UP:0% SPREAD:0.06775067% BID:1.476 ASK:1.477 MID:1.4765 P1:1.4765 P2:1.4765 P3:1.4765 P4:1.4765 STATE:IDLE
[2026-05-04 20:44:10Z] CHK MOM:-0.06% RANGE:0.06% UP:0% SPREAD:0.06775067% BID:1.476 ASK:1.477 MID:1.4765 P1:1.4765 P2:1.4765 P3:1.4765 P4:1.4765 STATE:IDLE
[2026-05-04 20:44:11Z] CHK MOM:-0.06% RANGE:0.06% UP:0% SPREAD:0.06775067% BID:1.476 ASK:1.477 MID:1.4765 P1:1.4765 P2:1.4765 P3:1.4765 P4:1.4765 STATE:IDLE
[2026-05-04 20:44:11Z] CHK MOM:-0.06% RANGE:0.06% UP:0% SPREAD:0.06775067% BID:1.476 ASK:1.477 MID:1.4765 P1:1.4765 P2:1.4765 P3:1.4765 P4:1.4765 STATE:IDLE
[2026-05-04 20:44:12Z] CHK MOM:-0.06% RANGE:0.06% UP:0% SPREAD:0.06775067% BID:1.476 ASK:1.477 MID:1.4765 P1:1.4765 P2:1.4765 P3:1.4765 P4:1.4765 STATE:IDLE
[2026-05-04 20:44:12Z] CHK MOM:-0.06% RANGE:0.06% UP:0% SPREAD:0.06775067% BID:1.476 ASK:1.477 MID:1.4765 P1:1.4765 P2:1.4765 P3:1.4765 P4:1.4765 STATE:IDLE
[2026-05-04 20:44:13Z] CHK MOM:-0.06% RANGE:0.06% UP:0% SPREAD:0.06775067% BID:1.476 ASK:1.477 MID:1.4765 P1:1.4765 P2:1.4765 P3:1.4765 P4:1.4765 STATE:IDLE
[2026-05-04 20:44:13Z] CHK MOM:-0.06% RANGE:0.06% UP:0% SPREAD:0.06775067% BID:1.476 ASK:1.477 MID:1.4765 P1:1.4765 P2:1.4765 P3:1.4765 P4:1.4765 STATE:IDLE
[2026-05-04 20:44:14Z] CHK MOM:0% RANGE:0% UP:0% SPREAD:0.06775067% BID:1.476 ASK:1.477 MID:1.4765 P1:1.4765 P2:1.4765 P3:1.4765 P4:1.4765 STATE:IDLE
[2026-05-04 20:44:15Z] CHK MOM:0% RANGE:0% UP:0% SPREAD:0.06775067% BID:1.476 ASK:1.477 MID:1.4765 P1:1.4765 P2:1.4765 P3:1.4765 P4:1.4765 STATE:IDLE
[2026-05-04 20:44:15Z] CHK MOM:0% RANGE:0% UP:0% SPREAD:0.06775067% BID:1.476 ASK:1.477 MID:1.4765 P1:1.4765 P2:1.4765 P3:1.4765 P4:1.4765 STATE:IDLE
[2026-05-04 20:44:16Z] CHK MOM:0% RANGE:0% UP:0% SPREAD:0.06775067% BID:1.476 ASK:1.477 MID:1.4765 P1:1.4765 P2:1.4765 P3:1.4765 P4:1.4765 STATE:IDLE
[2026-05-04 20:44:16Z] CHK MOM:0% RANGE:0% UP:0% SPREAD:0.06775067% BID:1.476 ASK:1.477 MID:1.4765 P1:1.4765 P2:1.4765 P3:1.4765 P4:1.4765 STATE:IDLE
[2026-05-04 20:44:17Z] CHK MOM:0% RANGE:0% UP:0% SPREAD:0.06775067% BID:1.476 ASK:1.477 MID:1.4765 P1:1.4765 P2:1.4765 P3:1.4765 P4:1.4765 STATE:IDLE
[2026-05-04 20:44:17Z] CHK MOM:0% RANGE:0% UP:0% SPREAD:0.06775067% BID:1.476 ASK:1.477 MID:1.4765 P1:1.4765 P2:1.4765 P3:1.4765 P4:1.4765 STATE:IDLE
[2026-05-04 20:44:18Z] CHK MOM:0% RANGE:0% UP:0% SPREAD:0.06775067% BID:1.476 ASK:1.477 MID:1.4765 P1:1.4765 P2:1.4765 P3:1.4765 P4:1.4765 STATE:IDLE
[2026-05-04 20:44:18Z] CHK MOM:0% RANGE:0% UP:0% SPREAD:0.06775067% BID:1.476 ASK:1.477 MID:1.4765 P1:1.4765 P2:1.4765 P3:1.4765 P4:1.4765 STATE:IDLE
[2026-05-04 20:44:19Z] CHK MOM:0% RANGE:0% UP:0% SPREAD:0.06775067% BID:1.476 ASK:1.477 MID:1.4765 P1:1.4765 P2:1.4765 P3:1.4765 P4:1.4765 STATE:IDLE
[2026-05-04 20:44:20Z] CHK MOM:0% RANGE:0% UP:0% SPREAD:0.06775067% BID:1.476 ASK:1.477 MID:1.4765 P1:1.4765 P2:1.4765 P3:1.4765 P4:1.4765 STATE:IDLE
[2026-05-04 20:44:20Z] CHK MOM:0% RANGE:0% UP:0% SPREAD:0.06775067% BID:1.476 ASK:1.477 MID:1.4765 P1:1.4765 P2:1.4765 P3:1.4765 P4:1.4765 STATE:IDLE
[2026-05-04 20:44:21Z] CHK MOM:0% RANGE:0% UP:0% SPREAD:0.06775067% BID:1.476 ASK:1.477 MID:1.4765 P1:1.4765 P2:1.4765 P3:1.4765 P4:1.4765 STATE:IDLE
[2026-05-04 20:44:21Z] CHK MOM:0% RANGE:0% UP:0% SPREAD:0.06775067% BID:1.476 ASK:1.477 MID:1.4765 P1:1.4765 P2:1.4765 P3:1.4765 P4:1.4765 STATE:IDLE
[2026-05-04 20:44:22Z] CHK MOM:0% RANGE:0% UP:0% SPREAD:0.06775067% BID:1.476 ASK:1.477 MID:1.4765 P1:1.4765 P2:1.4765 P3:1.4765 P4:1.4765 STATE:IDLE
[2026-05-04 20:44:22Z] CHK MOM:0% RANGE:0% UP:0% SPREAD:0.06775067% BID:1.476 ASK:1.477 MID:1.4765 P1:1.4765 P2:1.4765 P3:1.4765 P4:1.4765 STATE:IDLE
[2026-05-04 20:44:23Z] CHK MOM:0% RANGE:0% UP:0% SPREAD:0.06775067% BID:1.476 ASK:1.477 MID:1.4765 P1:1.4765 P2:1.4765 P3:1.4765 P4:1.4765 STATE:IDLE
[2026-05-04 20:44:23Z] CHK MOM:0% RANGE:0% UP:0% SPREAD:0.06775067% BID:1.476 ASK:1.477 MID:1.4765 P1:1.4765 P2:1.4765 P3:1.4765 P4:1.4765 STATE:IDLE
[2026-05-04 20:44:24Z] CHK MOM:0% RANGE:0% UP:0% SPREAD:0.06775067% BID:1.476 ASK:1.477 MID:1.4765 P1:1.4765 P2:1.4765 P3:1.4765 P4:1.4765 STATE:IDLE
[2026-05-04 20:44:24Z] CHK MOM:0% RANGE:0% UP:0% SPREAD:0.06775067% BID:1.476 ASK:1.477 MID:1.4765 P1:1.4765 P2:1.4765 P3:1.4765 P4:1.4765 STATE:IDLE
[2026-05-04 20:44:25Z] CHK MOM:0% RANGE:0% UP:0% SPREAD:0.06775067% BID:1.476 ASK:1.477 MID:1.4765 P1:1.4765 P2:1.4765 P3:1.4765 P4:1.4765 STATE:IDLE
[2026-05-04 20:44:26Z] CHK MOM:0.06% RANGE:0.06% UP:20% SPREAD:0.0677048% BID:1.477 ASK:1.478 MID:1.4775 P1:1.4775 P2:1.4765 P3:1.4765 P4:1.4765 STATE:IDLE
[2026-05-04 20:44:26Z] CHK MOM:0.06% RANGE:0.06% UP:20% SPREAD:0.0677048% BID:1.477 ASK:1.478 MID:1.4775 P1:1.4775 P2:1.4765 P3:1.4765 P4:1.4765 STATE:IDLE
[2026-05-04 20:44:27Z] CHK MOM:0.06% RANGE:0.06% UP:20% SPREAD:0.0677048% BID:1.477 ASK:1.478 MID:1.4775 P1:1.4775 P2:1.4775 P3:1.4765 P4:1.4765 STATE:IDLE
[2026-05-04 20:44:27Z] CHK MOM:0.06% RANGE:0.06% UP:20% SPREAD:0.0677048% BID:1.477 ASK:1.478 MID:1.4775 P1:1.4775 P2:1.4775 P3:1.4765 P4:1.4765 STATE:IDLE
[2026-05-04 20:44:28Z] CHK MOM:0.06% RANGE:0.06% UP:20% SPREAD:0.0677048% BID:1.477 ASK:1.478 MID:1.4775 P1:1.4775 P2:1.4775 P3:1.4765 P4:1.4765 STATE:IDLE
[2026-05-04 20:44:28Z] CHK MOM:0.06% RANGE:0.06% UP:20% SPREAD:0.0677048% BID:1.477 ASK:1.478 MID:1.4775 P1:1.4775 P2:1.4775 P3:1.4765 P4:1.4765 STATE:IDLE
[2026-05-04 20:44:29Z] CHK MOM:0.06% RANGE:0.06% UP:20% SPREAD:0.0677048% BID:1.477 ASK:1.478 MID:1.4775 P1:1.4775 P2:1.4775 P3:1.4765 P4:1.4765 STATE:IDLE
[2026-05-04 20:44:29Z] CHK MOM:0.06% RANGE:0.06% UP:20% SPREAD:0.0677048% BID:1.477 ASK:1.478 MID:1.4775 P1:1.4775 P2:1.4775 P3:1.4765 P4:1.4765 STATE:IDLE
[2026-05-04 20:44:32Z] CHK MOM:0% RANGE:0% UP:0% SPREAD:0.0677048% BID:1.477 ASK:1.478 MID:1.4775 P1:1.4775 P2:1.4775 P3:1.4775 P4:1.4765 STATE:IDLE
[2026-05-04 20:44:32Z] CHK MOM:-0.03% RANGE:0.03% UP:0% SPREAD:0.13550135% BID:1.476 ASK:1.478 MID:1.47699999 P1:1.47699999 P2:1.4775 P3:1.4775 P4:1.4775 STATE:IDLE
[2026-05-04 20:44:33Z] CHK MOM:-0.03% RANGE:0.03% UP:0% SPREAD:0.13550135% BID:1.476 ASK:1.478 MID:1.47699999 P1:1.47699999 P2:1.47699999 P3:1.4775 P4:1.4775 STATE:IDLE
[2026-05-04 20:44:33Z] CHK MOM:-0.06% RANGE:0.06% UP:0% SPREAD:0.06775067% BID:1.476 ASK:1.477 MID:1.4765 P1:1.4765 P2:1.47699999 P3:1.47699999 P4:1.4775 STATE:IDLE
[2026-05-04 20:44:34Z] CHK MOM:-0.06% RANGE:0.06% UP:0% SPREAD:0.06775067% BID:1.476 ASK:1.477 MID:1.4765 P1:1.4765 P2:1.47699999 P3:1.47699999 P4:1.4775 STATE:IDLE
[2026-05-04 20:44:34Z] CHK MOM:-0.06% RANGE:0.06% UP:0% SPREAD:0.06775067% BID:1.476 ASK:1.477 MID:1.4765 P1:1.4765 P2:1.47699999 P3:1.47699999 P4:1.4775 STATE:IDLE
[2026-05-04 20:44:35Z] CHK MOM:-0.03% RANGE:0.06% UP:25% SPREAD:0.13550135% BID:1.476 ASK:1.478 MID:1.47699999 P1:1.47699999 P2:1.4765 P3:1.47699999 P4:1.47699999 STATE:IDLE
[2026-05-04 20:44:35Z] CHK MOM:-0.03% RANGE:0.06% UP:25% SPREAD:0.13550135% BID:1.476 ASK:1.478 MID:1.47699999 P1:1.47699999 P2:1.4765 P3:1.47699999 P4:1.47699999 STATE:IDLE
[2026-05-04 20:44:36Z] CHK MOM:0% RANGE:0.06% UP:40% SPREAD:0.0677048% BID:1.477 ASK:1.478 MID:1.4775 P1:1.4775 P2:1.47699999 P3:1.4765 P4:1.47699999 STATE:IDLE
[2026-05-04 20:44:37Z] CHK MOM:0% RANGE:0.06% UP:40% SPREAD:0.0677048% BID:1.477 ASK:1.478 MID:1.4775 P1:1.4775 P2:1.47699999 P3:1.4765 P4:1.47699999 STATE:IDLE
[2026-05-04 20:44:37Z] CHK MOM:0% RANGE:0.06% UP:33.33% SPREAD:0.0677048% BID:1.477 ASK:1.478 MID:1.4775 P1:1.4775 P2:1.4775 P3:1.47699999 P4:1.4765 STATE:IDLE
[2026-05-04 20:44:38Z] CHK MOM:0% RANGE:0.06% UP:33.33% SPREAD:0.0677048% BID:1.477 ASK:1.478 MID:1.4775 P1:1.4775 P2:1.4775 P3:1.47699999 P4:1.4765 STATE:IDLE
[2026-05-04 20:44:38Z] CHK MOM:0% RANGE:0.06% UP:33.33% SPREAD:0.0677048% BID:1.477 ASK:1.478 MID:1.4775 P1:1.4775 P2:1.4775 P3:1.47699999 P4:1.4765 STATE:IDLE
[2026-05-04 20:44:39Z] CHK MOM:0% RANGE:0.06% UP:33.33% SPREAD:0.0677048% BID:1.477 ASK:1.478 MID:1.4775 P1:1.4775 P2:1.4775 P3:1.47699999 P4:1.4765 STATE:IDLE
[2026-05-04 20:44:39Z] CHK MOM:0% RANGE:0.06% UP:33.33% SPREAD:0.0677048% BID:1.477 ASK:1.478 MID:1.4775 P1:1.4775 P2:1.4775 P3:1.47699999 P4:1.4765 STATE:IDLE
[2026-05-04 20:44:40Z] CHK MOM:0% RANGE:0.06% UP:33.33% SPREAD:0.0677048% BID:1.477 ASK:1.478 MID:1.4775 P1:1.4775 P2:1.4775 P3:1.47699999 P4:1.4765 STATE:IDLE
[2026-05-04 20:44:42Z] CHK MOM:0.03% RANGE:0.03% UP:33.33% SPREAD:0.0677048% BID:1.477 ASK:1.478 MID:1.4775 P1:1.4775 P2:1.4775 P3:1.4775 P4:1.47699999 STATE:IDLE
[2026-05-04 20:44:43Z] CHK MOM:0.03% RANGE:0.03% UP:33.33% SPREAD:0.0677048% BID:1.477 ASK:1.478 MID:1.4775 P1:1.4775 P2:1.4775 P3:1.4775 P4:1.47699999 STATE:IDLE
[2026-05-04 20:44:43Z] CHK MOM:0% RANGE:0% UP:0% SPREAD:0.0677048% BID:1.477 ASK:1.478 MID:1.4775 P1:1.4775 P2:1.4775 P3:1.4775 P4:1.4775 STATE:IDLE
[2026-05-04 20:44:44Z] CHK MOM:0% RANGE:0% UP:0% SPREAD:0.0677048% BID:1.477 ASK:1.478 MID:1.4775 P1:1.4775 P2:1.4775 P3:1.4775 P4:1.4775 STATE:IDLE
[2026-05-04 20:44:44Z] CHK MOM:-0.03% RANGE:0.03% UP:0% SPREAD:0.13550135% BID:1.476 ASK:1.478 MID:1.47699999 P1:1.47699999 P2:1.4775 P3:1.4775 P4:1.4775 STATE:IDLE
[2026-05-04 20:44:45Z] CHK MOM:-0.03% RANGE:0.03% UP:0% SPREAD:0.13550135% BID:1.476 ASK:1.478 MID:1.47699999 P1:1.47699999 P2:1.47699999 P3:1.4775 P4:1.4775 STATE:IDLE
[2026-05-04 20:44:45Z] CHK MOM:-0.03% RANGE:0.03% UP:0% SPREAD:0.13550135% BID:1.476 ASK:1.478 MID:1.47699999 P1:1.47699999 P2:1.47699999 P3:1.4775 P4:1.4775 STATE:IDLE
[2026-05-04 20:44:46Z] CHK MOM:-0.03% RANGE:0.03% UP:0% SPREAD:0.13550135% BID:1.476 ASK:1.478 MID:1.47699999 P1:1.47699999 P2:1.47699999 P3:1.4775 P4:1.4775 STATE:IDLE
[2026-05-04 20:44:46Z] CHK MOM:-0.03% RANGE:0.03% UP:0% SPREAD:0.13550135% BID:1.476 ASK:1.478 MID:1.47699999 P1:1.47699999 P2:1.47699999 P3:1.47699999 P4:1.4775 STATE:IDLE
[2026-05-04 20:44:47Z] CHK MOM:-0.03% RANGE:0.03% UP:0% SPREAD:0.13550135% BID:1.476 ASK:1.478 MID:1.47699999 P1:1.47699999 P2:1.47699999 P3:1.47699999 P4:1.4775 STATE:IDLE
[2026-05-04 20:44:48Z] CHK MOM:-0.03% RANGE:0.03% UP:0% SPREAD:0.13550135% BID:1.476 ASK:1.478 MID:1.47699999 P1:1.47699999 P2:1.47699999 P3:1.47699999 P4:1.47699999 STATE:IDLE
[2026-05-04 20:44:48Z] CHK MOM:-0.03% RANGE:0.03% UP:0% SPREAD:0.13550135% BID:1.476 ASK:1.478 MID:1.47699999 P1:1.47699999 P2:1.47699999 P3:1.47699999 P4:1.47699999 STATE:IDLE
[2026-05-04 20:44:49Z] CHK MOM:-0.03% RANGE:0.03% UP:0% SPREAD:0.13550135% BID:1.476 ASK:1.478 MID:1.47699999 P1:1.47699999 P2:1.47699999 P3:1.47699999 P4:1.47699999 STATE:IDLE
[2026-05-04 20:44:49Z] CHK MOM:-0.03% RANGE:0.03% UP:0% SPREAD:0.13550135% BID:1.476 ASK:1.478 MID:1.47699999 P1:1.47699999 P2:1.47699999 P3:1.47699999 P4:1.47699999 STATE:IDLE
[2026-05-04 20:44:50Z] CHK MOM:-0.03% RANGE:0.03% UP:0% SPREAD:0.13550135% BID:1.476 ASK:1.478 MID:1.47699999 P1:1.47699999 P2:1.47699999 P3:1.47699999 P4:1.47699999 STATE:IDLE
[2026-05-04 20:44:50Z] CHK MOM:-0.03% RANGE:0.03% UP:0% SPREAD:0.13550135% BID:1.476 ASK:1.478 MID:1.47699999 P1:1.47699999 P2:1.47699999 P3:1.47699999 P4:1.47699999 STATE:IDLE
[2026-05-04 20:44:51Z] CHK MOM:-0.03% RANGE:0.03% UP:0% SPREAD:0.13550135% BID:1.476 ASK:1.478 MID:1.47699999 P1:1.47699999 P2:1.47699999 P3:1.47699999 P4:1.47699999 STATE:IDLE
[2026-05-04 20:44:51Z] CHK MOM:-0.03% RANGE:0.03% UP:0% SPREAD:0.13550135% BID:1.476 ASK:1.478 MID:1.47699999 P1:1.47699999 P2:1.47699999 P3:1.47699999 P4:1.47699999 STATE:IDLE
[2026-05-04 20:44:52Z] CHK MOM:0% RANGE:0% UP:0% SPREAD:0.13550135% BID:1.476 ASK:1.478 MID:1.47699999 P1:1.47699999 P2:1.47699999 P3:1.47699999 P4:1.47699999 STATE:IDLE
[2026-05-04 20:44:52Z] CHK MOM:0% RANGE:0% UP:0% SPREAD:0.13550135% BID:1.476 ASK:1.478 MID:1.47699999 P1:1.47699999 P2:1.47699999 P3:1.47699999 P4:1.47699999 STATE:IDLE
[2026-05-04 20:44:53Z] CHK MOM:0% RANGE:0% UP:0% SPREAD:0.13550135% BID:1.476 ASK:1.478 MID:1.47699999 P1:1.47699999 P2:1.47699999 P3:1.47699999 P4:1.47699999 STATE:IDLE
[2026-05-04 20:44:54Z] CHK MOM:0% RANGE:0% UP:0% SPREAD:0.13550135% BID:1.476 ASK:1.478 MID:1.47699999 P1:1.47699999 P2:1.47699999 P3:1.47699999 P4:1.47699999 STATE:IDLE
[2026-05-04 20:44:54Z] CHK MOM:0% RANGE:0% UP:0% SPREAD:0.13550135% BID:1.476 ASK:1.478 MID:1.47699999 P1:1.47699999 P2:1.47699999 P3:1.47699999 P4:1.47699999 STATE:IDLE
[2026-05-04 20:44:55Z] CHK MOM:0% RANGE:0% UP:0% SPREAD:0.13550135% BID:1.476 ASK:1.478 MID:1.47699999 P1:1.47699999 P2:1.47699999 P3:1.47699999 P4:1.47699999 STATE:IDLE
[2026-05-04 20:44:55Z] CHK MOM:0% RANGE:0% UP:0% SPREAD:0.13550135% BID:1.476 ASK:1.478 MID:1.47699999 P1:1.47699999 P2:1.47699999 P3:1.47699999 P4:1.47699999 STATE:IDLE
[2026-05-04 20:44:56Z] CHK MOM:0% RANGE:0% UP:0% SPREAD:0.13550135% BID:1.476 ASK:1.478 MID:1.47699999 P1:1.47699999 P2:1.47699999 P3:1.47699999 P4:1.47699999 STATE:IDLE
[2026-05-04 20:44:56Z] CHK MOM:0% RANGE:0% UP:0% SPREAD:0.13550135% BID:1.476 ASK:1.478 MID:1.47699999 P1:1.47699999 P2:1.47699999 P3:1.47699999 P4:1.47699999 STATE:IDLE
[2026-05-04 20:44:57Z] CHK MOM:0% RANGE:0% UP:0% SPREAD:0.13550135% BID:1.476 ASK:1.478 MID:1.47699999 P1:1.47699999 P2:1.47699999 P3:1.47699999 P4:1.47699999 STATE:IDLE
[2026-05-04 20:44:57Z] CHK MOM:0% RANGE:0% UP:0% SPREAD:0.13550135% BID:1.476 ASK:1.478 MID:1.47699999 P1:1.47699999 P2:1.47699999 P3:1.47699999 P4:1.47699999 STATE:IDLE
[2026-05-04 20:45:00Z] CHK MOM:0% RANGE:0% UP:0% SPREAD:0.13550135% BID:1.476 ASK:1.478 MID:1.47699999 P1:1.47699999 P2:1.47699999 P3:1.47699999 P4:1.47699999 STATE:IDLE
[2026-05-04 20:45:01Z] CHK MOM:0% RANGE:0% UP:0% SPREAD:0.13550135% BID:1.476 ASK:1.478 MID:1.47699999 P1:1.47699999 P2:1.47699999 P3:1.47699999 P4:1.47699999 STATE:IDLE
[2026-05-04 20:45:01Z] CHK MOM:0% RANGE:0% UP:0% SPREAD:0.13550135% BID:1.476 ASK:1.478 MID:1.47699999 P1:1.47699999 P2:1.47699999 P3:1.47699999 P4:1.47699999 STATE:IDLE
[2026-05-04 20:45:02Z] CHK MOM:0% RANGE:0% UP:0% SPREAD:0.13550135% BID:1.476 ASK:1.478 MID:1.47699999 P1:1.47699999 P2:1.47699999 P3:1.47699999 P4:1.47699999 STATE:IDLE
[2026-05-04 20:45:02Z] CHK MOM:0% RANGE:0% UP:0% SPREAD:0.13550135% BID:1.476 ASK:1.478 MID:1.47699999 P1:1.47699999 P2:1.47699999 P3:1.47699999 P4:1.47699999 STATE:IDLE
[2026-05-04 20:45:03Z] CHK MOM:0% RANGE:0% UP:0% SPREAD:0.13550135% BID:1.476 ASK:1.478 MID:1.47699999 P1:1.47699999 P2:1.47699999 P3:1.47699999 P4:1.47699999 STATE:IDLE
[2026-05-04 20:45:03Z] CHK MOM:0.03% RANGE:0.03% UP:33.33% SPREAD:0.0677048% BID:1.477 ASK:1.478 MID:1.4775 P1:1.4775 P2:1.47699999 P3:1.47699999 P4:1.47699999 STATE:IDLE
[2026-05-04 20:45:04Z] CHK MOM:-0.03% RANGE:0.06% UP:25% SPREAD:0.06775067% BID:1.476 ASK:1.477 MID:1.4765 P1:1.4765 P2:1.4775 P3:1.47699999 P4:1.47699999 STATE:IDLE
[2026-05-04 20:45:04Z] CHK MOM:-0.03% RANGE:0.06% UP:25% SPREAD:0.06775067% BID:1.476 ASK:1.477 MID:1.4765 P1:1.4765 P2:1.4775 P3:1.47699999 P4:1.47699999 STATE:IDLE
[2026-05-04 20:45:05Z] CHK MOM:-0.03% RANGE:0.06% UP:20% SPREAD:0.06775067% BID:1.476 ASK:1.477 MID:1.4765 P1:1.4765 P2:1.4765 P3:1.4775 P4:1.47699999 STATE:IDLE
[2026-05-04 20:45:06Z] CHK MOM:-0.03% RANGE:0.06% UP:16.66% SPREAD:0.06775067% BID:1.476 ASK:1.477 MID:1.4765 P1:1.4765 P2:1.4765 P3:1.4765 P4:1.4775 STATE:IDLE
[2026-05-04 20:45:06Z] CHK MOM:-0.1% RANGE:0.13% UP:14.28% SPREAD:0.06779661% BID:1.475 ASK:1.476 MID:1.4755 P1:1.4755 P2:1.4765 P3:1.4765 P4:1.4765 STATE:IDLE
[2026-05-04 20:45:07Z] CHK MOM:-0.1% RANGE:0.13% UP:14.28% SPREAD:0.06779661% BID:1.475 ASK:1.476 MID:1.4755 P1:1.4755 P2:1.4765 P3:1.4765 P4:1.4765 STATE:IDLE
[2026-05-04 20:45:07Z] CHK MOM:-0.03% RANGE:0.13% UP:25% SPREAD:0.06775067% BID:1.476 ASK:1.477 MID:1.4765 P1:1.4765 P2:1.4755 P3:1.4765 P4:1.4765 STATE:IDLE
[2026-05-04 20:45:08Z] CHK MOM:-0.03% RANGE:0.13% UP:25% SPREAD:0.06775067% BID:1.476 ASK:1.477 MID:1.4765 P1:1.4765 P2:1.4755 P3:1.4765 P4:1.4765 STATE:IDLE
[2026-05-04 20:45:08Z] CHK MOM:0% RANGE:0.13% UP:42.85% SPREAD:0.13550135% BID:1.476 ASK:1.478 MID:1.47699999 P1:1.47699999 P2:1.4765 P3:1.4755 P4:1.4765 STATE:IDLE
[2026-05-04 20:45:09Z] CHK MOM:0.03% RANGE:0.13% UP:50% SPREAD:0.0677048% BID:1.477 ASK:1.478 MID:1.4775 P1:1.4775 P2:1.47699999 P3:1.4765 P4:1.4755 STATE:IDLE
[2026-05-04 20:45:09Z] CHK MOM:0% RANGE:0.13% UP:37.5% SPREAD:0.0677048% BID:1.477 ASK:1.478 MID:1.4775 P1:1.4775 P2:1.4775 P3:1.47699999 P4:1.4765 STATE:IDLE
[2026-05-04 20:45:10Z] CHK MOM:0.03% RANGE:0.16% UP:44.44% SPREAD:0.13540961% BID:1.477 ASK:1.479 MID:1.478 P1:1.478 P2:1.4775 P3:1.4775 P4:1.47699999 STATE:IDLE
[2026-05-04 20:45:11Z] CHK MOM:0.03% RANGE:0.16% UP:44.44% SPREAD:0.13540961% BID:1.477 ASK:1.479 MID:1.478 P1:1.478 P2:1.4775 P3:1.4775 P4:1.47699999 STATE:IDLE
[2026-05-04 20:45:11Z] CHK MOM:0.13% RANGE:0.2% UP:55.55% SPREAD:0.06765899% BID:1.478 ASK:1.479 MID:1.4785 P1:1.4785 P2:1.478 P3:1.4775 P4:1.4775 STATE:IDLE
[2026-05-04 20:45:12Z] CHK MOM:0.13% RANGE:0.2% UP:50% SPREAD:0.06765899% BID:1.478 ASK:1.479 MID:1.4785 P1:1.4785 P2:1.4785 P3:1.478 P4:1.4775 STATE:IDLE
[2026-05-04 20:45:12Z] CHK MOM:0.13% RANGE:0.2% UP:50% SPREAD:0.06765899% BID:1.478 ASK:1.479 MID:1.4785 P1:1.4785 P2:1.4785 P3:1.478 P4:1.4775 STATE:IDLE
[2026-05-04 20:45:13Z] CHK MOM:0.13% RANGE:0.2% UP:50% SPREAD:0.06765899% BID:1.478 ASK:1.479 MID:1.4785 P1:1.4785 P2:1.4785 P3:1.4785 P4:1.478 STATE:IDLE
[2026-05-04 20:45:13Z] CHK MOM:0.06% RANGE:0.2% UP:50% SPREAD:0.0677048% BID:1.477 ASK:1.478 MID:1.4775 P1:1.4775 P2:1.4785 P3:1.4785 P4:1.4785 STATE:IDLE
[2026-05-04 20:45:14Z] CHK MOM:0.06% RANGE:0.2% UP:50% SPREAD:0.0677048% BID:1.477 ASK:1.478 MID:1.4775 P1:1.4775 P2:1.4785 P3:1.4785 P4:1.4785 STATE:IDLE
[2026-05-04 20:45:14Z] CHK MOM:0.06% RANGE:0.2% UP:50% SPREAD:0.0677048% BID:1.477 ASK:1.478 MID:1.4775 P1:1.4775 P2:1.4785 P3:1.4785 P4:1.4785 STATE:IDLE
[2026-05-04 20:45:15Z] CHK MOM:0.1% RANGE:0.13% UP:55.55% SPREAD:0.13540961% BID:1.477 ASK:1.479 MID:1.478 P1:1.478 P2:1.4775 P3:1.4785 P4:1.4785 STATE:IDLE
[2026-05-04 20:45:15Z] CHK MOM:0.1% RANGE:0.13% UP:55.55% SPREAD:0.13540961% BID:1.477 ASK:1.479 MID:1.478 P1:1.478 P2:1.4775 P3:1.4785 P4:1.4785 STATE:IDLE
[2026-05-04 20:45:16Z] CHK MOM:0.1% RANGE:0.13% UP:55.55% SPREAD:0.13540961% BID:1.477 ASK:1.479 MID:1.478 P1:1.478 P2:1.4775 P3:1.4785 P4:1.4785 STATE:IDLE
[2026-05-04 20:45:17Z] CHK MOM:0.1% RANGE:0.13% UP:55.55% SPREAD:0.13540961% BID:1.477 ASK:1.479 MID:1.478 P1:1.478 P2:1.4775 P3:1.4785 P4:1.4785 STATE:IDLE
[2026-05-04 20:45:17Z] CHK MOM:0.1% RANGE:0.13% UP:55.55% SPREAD:0.13540961% BID:1.477 ASK:1.479 MID:1.478 P1:1.478 P2:1.4775 P3:1.4785 P4:1.4785 STATE:IDLE
[2026-05-04 20:45:18Z] CHK MOM:-0.03% RANGE:0.06% UP:20% SPREAD:0.13540961% BID:1.477 ASK:1.479 MID:1.478 P1:1.478 P2:1.478 P3:1.4775 P4:1.4785 STATE:IDLE
[2026-05-04 20:45:18Z] CHK MOM:-0.03% RANGE:0.06% UP:20% SPREAD:0.13540961% BID:1.477 ASK:1.479 MID:1.478 P1:1.478 P2:1.478 P3:1.4775 P4:1.4785 STATE:IDLE
[2026-05-04 20:45:19Z] CHK MOM:-0.03% RANGE:0.06% UP:16.66% SPREAD:0.13540961% BID:1.477 ASK:1.479 MID:1.478 P1:1.478 P2:1.478 P3:1.478 P4:1.4775 STATE:IDLE
[2026-05-04 20:45:19Z] CHK MOM:0% RANGE:0.06% UP:33.33% SPREAD:0.06765899% BID:1.478 ASK:1.479 MID:1.4785 P1:1.4785 P2:1.478 P3:1.478 P4:1.478 STATE:IDLE
[2026-05-04 20:45:20Z] CHK MOM:0% RANGE:0.06% UP:28.57% SPREAD:0.06765899% BID:1.478 ASK:1.479 MID:1.4785 P1:1.4785 P2:1.4785 P3:1.478 P4:1.478 STATE:IDLE
[2026-05-04 20:45:20Z] CHK MOM:0% RANGE:0.06% UP:28.57% SPREAD:0.06765899% BID:1.478 ASK:1.479 MID:1.4785 P1:1.4785 P2:1.4785 P3:1.4785 P4:1.478 STATE:IDLE
[2026-05-04 20:45:21Z] CHK MOM:0% RANGE:0.06% UP:28.57% SPREAD:0.06765899% BID:1.478 ASK:1.479 MID:1.4785 P1:1.4785 P2:1.4785 P3:1.4785 P4:1.478 STATE:IDLE
[2026-05-04 20:45:22Z] CHK MOM:0% RANGE:0.06% UP:28.57% SPREAD:0.06765899% BID:1.478 ASK:1.479 MID:1.4785 P1:1.4785 P2:1.4785 P3:1.4785 P4:1.478 STATE:IDLE
[2026-05-04 20:45:22Z] CHK MOM:0% RANGE:0.03% UP:16.66% SPREAD:0.13540961% BID:1.477 ASK:1.479 MID:1.478 P1:1.478 P2:1.4785 P3:1.4785 P4:1.4785 STATE:IDLE
[2026-05-04 20:45:23Z] CHK MOM:0% RANGE:0.03% UP:16.66% SPREAD:0.13540961% BID:1.477 ASK:1.479 MID:1.478 P1:1.478 P2:1.4785 P3:1.4785 P4:1.4785 STATE:IDLE
[2026-05-04 20:45:23Z] CHK MOM:0% RANGE:0.03% UP:16.66% SPREAD:0.13540961% BID:1.477 ASK:1.479 MID:1.478 P1:1.478 P2:1.4785 P3:1.4785 P4:1.4785 STATE:IDLE
[2026-05-04 20:45:24Z] CHK MOM:0% RANGE:0.03% UP:16.66% SPREAD:0.13540961% BID:1.477 ASK:1.479 MID:1.478 P1:1.478 P2:1.4785 P3:1.4785 P4:1.4785 STATE:IDLE
[2026-05-04 20:45:24Z] CHK MOM:0% RANGE:0.03% UP:16.66% SPREAD:0.13540961% BID:1.477 ASK:1.479 MID:1.478 P1:1.478 P2:1.4785 P3:1.4785 P4:1.4785 STATE:IDLE
[2026-05-04 20:45:25Z] CHK MOM:0% RANGE:0.03% UP:16.66% SPREAD:0.13540961% BID:1.477 ASK:1.479 MID:1.478 P1:1.478 P2:1.4785 P3:1.4785 P4:1.4785 STATE:IDLE
[2026-05-04 20:45:26Z] CHK MOM:0.03% RANGE:0.03% UP:33.33% SPREAD:0.06765899% BID:1.478 ASK:1.479 MID:1.4785 P1:1.4785 P2:1.478 P3:1.4785 P4:1.4785 STATE:IDLE
[2026-05-04 20:45:26Z] CHK MOM:0.03% RANGE:0.03% UP:33.33% SPREAD:0.06765899% BID:1.478 ASK:1.479 MID:1.4785 P1:1.4785 P2:1.478 P3:1.4785 P4:1.4785 STATE:IDLE
[2026-05-04 20:45:27Z] CHK MOM:0.03% RANGE:0.03% UP:33.33% SPREAD:0.06765899% BID:1.478 ASK:1.479 MID:1.4785 P1:1.4785 P2:1.478 P3:1.4785 P4:1.4785 STATE:IDLE
[2026-05-04 20:45:28Z] CHK MOM:0% RANGE:0.03% UP:33.33% SPREAD:0.06765899% BID:1.478 ASK:1.479 MID:1.4785 P1:1.4785 P2:1.4785 P3:1.478 P4:1.4785 STATE:IDLE
[2026-05-04 20:45:28Z] CHK MOM:-0.03% RANGE:0.06% UP:33.33% SPREAD:0.0677048% BID:1.477 ASK:1.478 MID:1.4775 P1:1.4775 P2:1.4785 P3:1.4785 P4:1.478 STATE:IDLE
[2026-05-04 20:45:29Z] CHK MOM:-0.03% RANGE:0.06% UP:33.33% SPREAD:0.0677048% BID:1.477 ASK:1.478 MID:1.4775 P1:1.4775 P2:1.4785 P3:1.4785 P4:1.478 STATE:IDLE
[2026-05-04 20:45:29Z] CHK MOM:-0.03% RANGE:0.06% UP:25% SPREAD:0.0677048% BID:1.477 ASK:1.478 MID:1.4775 P1:1.4775 P2:1.4775 P3:1.4785 P4:1.4785 STATE:IDLE
[2026-05-04 20:45:30Z] CHK MOM:0.03% RANGE:0.06% UP:40% SPREAD:0.06765899% BID:1.478 ASK:1.479 MID:1.4785 P1:1.4785 P2:1.4775 P3:1.4775 P4:1.4785 STATE:IDLE
[2026-05-04 20:45:30Z] CHK MOM:0% RANGE:0.06% UP:20% SPREAD:0.06765899% BID:1.478 ASK:1.479 MID:1.4785 P1:1.4785 P2:1.4785 P3:1.4775 P4:1.4775 STATE:IDLE
[2026-05-04 20:45:31Z] CHK MOM:0% RANGE:0.06% UP:16.66% SPREAD:0.06765899% BID:1.478 ASK:1.479 MID:1.4785 P1:1.4785 P2:1.4785 P3:1.4785 P4:1.4775 STATE:IDLE
[2026-05-04 20:45:31Z] CHK MOM:0% RANGE:0.06% UP:14.28% SPREAD:0.06765899% BID:1.478 ASK:1.479 MID:1.4785 P1:1.4785 P2:1.4785 P3:1.4785 P4:1.4785 STATE:IDLE
[2026-05-04 20:45:32Z] CHK MOM:0% RANGE:0.06% UP:14.28% SPREAD:0.06765899% BID:1.478 ASK:1.479 MID:1.4785 P1:1.4785 P2:1.4785 P3:1.4785 P4:1.4785 STATE:IDLE
[2026-05-04 20:45:33Z] CHK MOM:0% RANGE:0.06% UP:12.5% SPREAD:0.06765899% BID:1.478 ASK:1.479 MID:1.4785 P1:1.4785 P2:1.4785 P3:1.4785 P4:1.4785 STATE:IDLE
[2026-05-04 20:45:33Z] CHK MOM:-0.06% RANGE:0.06% UP:11.11% SPREAD:0.0677048% BID:1.477 ASK:1.478 MID:1.4775 P1:1.4775 P2:1.4785 P3:1.4785 P4:1.4785 STATE:IDLE
[2026-05-04 20:45:34Z] CHK MOM:-0.06% RANGE:0.06% UP:11.11% SPREAD:0.0677048% BID:1.477 ASK:1.478 MID:1.4775 P1:1.4775 P2:1.4775 P3:1.4785 P4:1.4785 STATE:IDLE
[2026-05-04 20:45:34Z] CHK MOM:-0.06% RANGE:0.06% UP:10% SPREAD:0.0677048% BID:1.477 ASK:1.478 MID:1.4775 P1:1.4775 P2:1.4775 P3:1.4775 P4:1.4785 STATE:IDLE
[2026-05-04 20:45:35Z] CHK MOM:-0.06% RANGE:0.06% UP:9.09% SPREAD:0.0677048% BID:1.477 ASK:1.478 MID:1.4775 P1:1.4775 P2:1.4775 P3:1.4775 P4:1.4775 STATE:IDLE
[2026-05-04 20:45:35Z] CHK MOM:-0.06% RANGE:0.06% UP:8.33% SPREAD:0.0677048% BID:1.477 ASK:1.478 MID:1.4775 P1:1.4775 P2:1.4775 P3:1.4775 P4:1.4775 STATE:IDLE
[2026-05-04 20:45:36Z] CHK MOM:0% RANGE:0.06% UP:8.33% SPREAD:0.0677048% BID:1.477 ASK:1.478 MID:1.4775 P1:1.4775 P2:1.4775 P3:1.4775 P4:1.4775 STATE:IDLE
[2026-05-04 20:45:36Z] CHK MOM:0.06% RANGE:0.06% UP:16.66% SPREAD:0.06765899% BID:1.478 ASK:1.479 MID:1.4785 P1:1.4785 P2:1.4775 P3:1.4775 P4:1.4775 STATE:IDLE
[2026-05-04 20:45:37Z] CHK MOM:0.06% RANGE:0.06% UP:16.66% SPREAD:0.06765899% BID:1.478 ASK:1.479 MID:1.4785 P1:1.4785 P2:1.4775 P3:1.4775 P4:1.4775 STATE:IDLE
[2026-05-04 20:45:37Z] CHK MOM:0% RANGE:0.06% UP:8.33% SPREAD:0.06765899% BID:1.478 ASK:1.479 MID:1.4785 P1:1.4785 P2:1.4785 P3:1.4775 P4:1.4775 STATE:IDLE
[2026-05-04 20:45:38Z] CHK MOM:0% RANGE:0.06% UP:8.33% SPREAD:0.06765899% BID:1.478 ASK:1.479 MID:1.4785 P1:1.4785 P2:1.4785 P3:1.4785 P4:1.4775 STATE:IDLE
[2026-05-04 20:45:39Z] CHK MOM:0% RANGE:0.06% UP:9.09% SPREAD:0.06765899% BID:1.478 ASK:1.479 MID:1.4785 P1:1.4785 P2:1.4785 P3:1.4785 P4:1.4785 STATE:IDLE
[2026-05-04 20:45:39Z] CHK MOM:0% RANGE:0.06% UP:9.09% SPREAD:0.06765899% BID:1.478 ASK:1.479 MID:1.4785 P1:1.4785 P2:1.4785 P3:1.4785 P4:1.4785 STATE:IDLE
[2026-05-04 20:45:40Z] CHK MOM:0% RANGE:0.06% UP:9.09% SPREAD:0.06765899% BID:1.478 ASK:1.479 MID:1.4785 P1:1.4785 P2:1.4785 P3:1.4785 P4:1.4785 STATE:IDLE
[2026-05-04 20:45:40Z] CHK MOM:0% RANGE:0.06% UP:9.09% SPREAD:0.06765899% BID:1.478 ASK:1.479 MID:1.4785 P1:1.4785 P2:1.4785 P3:1.4785 P4:1.4785 STATE:IDLE
[2026-05-04 20:45:41Z] CHK MOM:0% RANGE:0.06% UP:9.09% SPREAD:0.06765899% BID:1.478 ASK:1.479 MID:1.4785 P1:1.4785 P2:1.4785 P3:1.4785 P4:1.4785 STATE:IDLE
[2026-05-04 20:45:41Z] CHK MOM:0.06% RANGE:0.06% UP:10% SPREAD:0.06765899% BID:1.478 ASK:1.479 MID:1.4785 P1:1.4785 P2:1.4785 P3:1.4785 P4:1.4785 STATE:IDLE
[2026-05-04 20:45:42Z] CHK MOM:0.06% RANGE:0.06% UP:10% SPREAD:0.06765899% BID:1.478 ASK:1.479 MID:1.4785 P1:1.4785 P2:1.4785 P3:1.4785 P4:1.4785 STATE:IDLE
[2026-05-04 20:45:42Z] CHK MOM:0.06% RANGE:0.06% UP:10% SPREAD:0.06765899% BID:1.478 ASK:1.479 MID:1.4785 P1:1.4785 P2:1.4785 P3:1.4785 P4:1.4785 STATE:IDLE
[2026-05-04 20:45:43Z] CHK MOM:0.13% RANGE:0.13% UP:25% SPREAD:0.06761325% BID:1.479 ASK:1.48 MID:1.4795 P1:1.4795 P2:1.4785 P3:1.4785 P4:1.4785 STATE:IDLE
[2026-05-04 20:45:44Z] CHK MOM:0.13% RANGE:0.13% UP:25% SPREAD:0.06761325% BID:1.479 ASK:1.48 MID:1.4795 P1:1.4795 P2:1.4785 P3:1.4785 P4:1.4785 STATE:IDLE
[2026-05-04 20:45:44Z] CHK MOM:0.13% RANGE:0.13% UP:25% SPREAD:0.06761325% BID:1.479 ASK:1.48 MID:1.4795 P1:1.4795 P2:1.4785 P3:1.4785 P4:1.4785 STATE:IDLE
[2026-05-04 20:45:45Z] CHK MOM:0.13% RANGE:0.13% UP:25% SPREAD:0.06761325% BID:1.479 ASK:1.48 MID:1.4795 P1:1.4795 P2:1.4785 P3:1.4785 P4:1.4785 STATE:IDLE
[2026-05-04 20:45:45Z] CHK MOM:0.13% RANGE:0.13% UP:25% SPREAD:0.06761325% BID:1.479 ASK:1.48 MID:1.4795 P1:1.4795 P2:1.4785 P3:1.4785 P4:1.4785 STATE:IDLE
[2026-05-04 20:45:47Z] CHK MOM:0.06% RANGE:0.06% UP:33.33% SPREAD:0.06761325% BID:1.479 ASK:1.48 MID:1.4795 P1:1.4795 P2:1.4795 P3:1.4785 P4:1.4785 STATE:IDLE
[2026-05-04 20:45:47Z] CHK MOM:0.06% RANGE:0.06% UP:33.33% SPREAD:0.06761325% BID:1.479 ASK:1.48 MID:1.4795 P1:1.4795 P2:1.4795 P3:1.4785 P4:1.4785 STATE:IDLE
[2026-05-04 20:45:48Z] CHK MOM:0.06% RANGE:0.06% UP:33.33% SPREAD:0.06761325% BID:1.479 ASK:1.48 MID:1.4795 P1:1.4795 P2:1.4795 P3:1.4785 P4:1.4785 STATE:IDLE
[2026-05-04 20:45:48Z] CHK MOM:0.06% RANGE:0.06% UP:33.33% SPREAD:0.06761325% BID:1.479 ASK:1.48 MID:1.4795 P1:1.4795 P2:1.4795 P3:1.4795 P4:1.4785 STATE:IDLE
[2026-05-04 20:45:49Z] CHK MOM:0.06% RANGE:0.06% UP:33.33% SPREAD:0.06761325% BID:1.479 ASK:1.48 MID:1.4795 P1:1.4795 P2:1.4795 P3:1.4795 P4:1.4785 STATE:IDLE
[2026-05-04 20:45:50Z] CHK MOM:0.06% RANGE:0.06% UP:33.33% SPREAD:0.06761325% BID:1.479 ASK:1.48 MID:1.4795 P1:1.4795 P2:1.4795 P3:1.4795 P4:1.4785 STATE:IDLE
[2026-05-04 20:45:50Z] CHK MOM:0.06% RANGE:0.06% UP:33.33% SPREAD:0.06761325% BID:1.479 ASK:1.48 MID:1.4795 P1:1.4795 P2:1.4795 P3:1.4795 P4:1.4785 STATE:IDLE
[2026-05-04 20:45:51Z] CHK MOM:0.06% RANGE:0.06% UP:33.33% SPREAD:0.06761325% BID:1.479 ASK:1.48 MID:1.4795 P1:1.4795 P2:1.4795 P3:1.4795 P4:1.4785 STATE:IDLE
[2026-05-04 20:45:53Z] CHK MOM:0% RANGE:0% UP:0% SPREAD:0.06761325% BID:1.479 ASK:1.48 MID:1.4795 P1:1.4795 P2:1.4795 P3:1.4795 P4:1.4795 STATE:IDLE
[2026-05-04 20:45:54Z] CHK MOM:0% RANGE:0% UP:0% SPREAD:0.06761325% BID:1.479 ASK:1.48 MID:1.4795 P1:1.4795 P2:1.4795 P3:1.4795 P4:1.4795 STATE:IDLE
[2026-05-04 20:45:55Z] CHK MOM:0% RANGE:0% UP:0% SPREAD:0.06761325% BID:1.479 ASK:1.48 MID:1.4795 P1:1.4795 P2:1.4795 P3:1.4795 P4:1.4795 STATE:IDLE
[2026-05-04 20:45:55Z] CHK MOM:0% RANGE:0% UP:0% SPREAD:0.06761325% BID:1.479 ASK:1.48 MID:1.4795 P1:1.4795 P2:1.4795 P3:1.4795 P4:1.4795 STATE:IDLE
[2026-05-04 20:45:56Z] CHK MOM:0% RANGE:0% UP:0% SPREAD:0.06761325% BID:1.479 ASK:1.48 MID:1.4795 P1:1.4795 P2:1.4795 P3:1.4795 P4:1.4795 STATE:IDLE
[2026-05-04 20:45:56Z] CHK MOM:0% RANGE:0% UP:0% SPREAD:0.06761325% BID:1.479 ASK:1.48 MID:1.4795 P1:1.4795 P2:1.4795 P3:1.4795 P4:1.4795 STATE:IDLE
[2026-05-04 20:45:57Z] CHK MOM:0% RANGE:0% UP:0% SPREAD:0.06761325% BID:1.479 ASK:1.48 MID:1.4795 P1:1.4795 P2:1.4795 P3:1.4795 P4:1.4795 STATE:IDLE
[2026-05-04 20:45:57Z] CHK MOM:0% RANGE:0% UP:0% SPREAD:0.06761325% BID:1.479 ASK:1.48 MID:1.4795 P1:1.4795 P2:1.4795 P3:1.4795 P4:1.4795 STATE:IDLE
[2026-05-04 20:45:58Z] CHK MOM:0% RANGE:0% UP:0% SPREAD:0.06761325% BID:1.479 ASK:1.48 MID:1.4795 P1:1.4795 P2:1.4795 P3:1.4795 P4:1.4795 STATE:IDLE
[2026-05-04 20:45:58Z] CHK MOM:0% RANGE:0% UP:0% SPREAD:0.06761325% BID:1.479 ASK:1.48 MID:1.4795 P1:1.4795 P2:1.4795 P3:1.4795 P4:1.4795 STATE:IDLE
[2026-05-04 20:45:59Z] CHK MOM:0% RANGE:0% UP:0% SPREAD:0.06761325% BID:1.479 ASK:1.48 MID:1.4795 P1:1.4795 P2:1.4795 P3:1.4795 P4:1.4795 STATE:IDLE
[2026-05-04 20:45:59Z] CHK MOM:0% RANGE:0% UP:0% SPREAD:0.06761325% BID:1.479 ASK:1.48 MID:1.4795 P1:1.4795 P2:1.4795 P3:1.4795 P4:1.4795 STATE:IDLE
[2026-05-04 20:46:00Z] CHK MOM:0% RANGE:0% UP:0% SPREAD:0.06761325% BID:1.479 ASK:1.48 MID:1.4795 P1:1.4795 P2:1.4795 P3:1.4795 P4:1.4795 STATE:IDLE
[2026-05-04 20:46:01Z] CHK MOM:0% RANGE:0% UP:0% SPREAD:0.06761325% BID:1.479 ASK:1.48 MID:1.4795 P1:1.4795 P2:1.4795 P3:1.4795 P4:1.4795 STATE:IDLE
[2026-05-04 20:46:01Z] CHK MOM:0% RANGE:0% UP:0% SPREAD:0.06761325% BID:1.479 ASK:1.48 MID:1.4795 P1:1.4795 P2:1.4795 P3:1.4795 P4:1.4795 STATE:IDLE
[2026-05-04 20:46:02Z] CHK MOM:0% RANGE:0% UP:0% SPREAD:0.06761325% BID:1.479 ASK:1.48 MID:1.4795 P1:1.4795 P2:1.4795 P3:1.4795 P4:1.4795 STATE:IDLE
[2026-05-04 20:46:02Z] CHK MOM:0% RANGE:0% UP:0% SPREAD:0.06761325% BID:1.479 ASK:1.48 MID:1.4795 P1:1.4795 P2:1.4795 P3:1.4795 P4:1.4795 STATE:IDLE
[2026-05-04 20:46:03Z] CHK MOM:0% RANGE:0% UP:0% SPREAD:0.06761325% BID:1.479 ASK:1.48 MID:1.4795 P1:1.4795 P2:1.4795 P3:1.4795 P4:1.4795 STATE:IDLE
[2026-05-04 20:46:03Z] CHK MOM:0% RANGE:0% UP:0% SPREAD:0.06761325% BID:1.479 ASK:1.48 MID:1.4795 P1:1.4795 P2:1.4795 P3:1.4795 P4:1.4795 STATE:IDLE
[2026-05-04 20:46:04Z] CHK MOM:0% RANGE:0% UP:0% SPREAD:0.06761325% BID:1.479 ASK:1.48 MID:1.4795 P1:1.4795 P2:1.4795 P3:1.4795 P4:1.4795 STATE:IDLE
[2026-05-04 20:46:05Z] CHK MOM:0.06% RANGE:0.06% UP:25% SPREAD:0.06756756% BID:1.48 ASK:1.481 MID:1.4805 P1:1.4805 P2:1.4795 P3:1.4795 P4:1.4795 STATE:IDLE
[2026-05-04 20:46:06Z] CHK MOM:0.06% RANGE:0.06% UP:20% SPREAD:0.06756756% BID:1.48 ASK:1.481 MID:1.4805 P1:1.4805 P2:1.4805 P3:1.4795 P4:1.4795 STATE:IDLE
[2026-05-04 20:46:06Z] CHK MOM:0.06% RANGE:0.06% UP:16.66% SPREAD:0.06756756% BID:1.48 ASK:1.481 MID:1.4805 P1:1.4805 P2:1.4805 P3:1.4805 P4:1.4795 STATE:IDLE
[2026-05-04 20:46:07Z] CHK MOM:0.06% RANGE:0.06% UP:20% SPREAD:0.06756756% BID:1.48 ASK:1.481 MID:1.4805 P1:1.4805 P2:1.4805 P3:1.4805 P4:1.4805 STATE:IDLE
[2026-05-04 20:46:07Z] CHK MOM:0.06% RANGE:0.06% UP:16.66% SPREAD:0.06756756% BID:1.48 ASK:1.481 MID:1.4805 P1:1.4805 P2:1.4805 P3:1.4805 P4:1.4805 STATE:IDLE
[2026-05-04 20:46:08Z] CHK MOM:0.06% RANGE:0.06% UP:14.28% SPREAD:0.06756756% BID:1.48 ASK:1.481 MID:1.4805 P1:1.4805 P2:1.4805 P3:1.4805 P4:1.4805 STATE:IDLE
[2026-05-04 20:46:08Z] CHK MOM:0.06% RANGE:0.06% UP:14.28% SPREAD:0.06756756% BID:1.48 ASK:1.481 MID:1.4805 P1:1.4805 P2:1.4805 P3:1.4805 P4:1.4805 STATE:IDLE
[2026-05-04 20:46:09Z] CHK MOM:0.06% RANGE:0.06% UP:14.28% SPREAD:0.06756756% BID:1.48 ASK:1.481 MID:1.4805 P1:1.4805 P2:1.4805 P3:1.4805 P4:1.4805 STATE:IDLE
[2026-05-04 20:46:09Z] CHK MOM:0% RANGE:0% UP:0% SPREAD:0.06756756% BID:1.48 ASK:1.481 MID:1.4805 P1:1.4805 P2:1.4805 P3:1.4805 P4:1.4805 STATE:IDLE
[2026-05-04 20:46:10Z] CHK MOM:0% RANGE:0% UP:0% SPREAD:0.06756756% BID:1.48 ASK:1.481 MID:1.4805 P1:1.4805 P2:1.4805 P3:1.4805 P4:1.4805 STATE:IDLE
[2026-05-04 20:46:10Z] CHK MOM:0% RANGE:0% UP:0% SPREAD:0.06756756% BID:1.48 ASK:1.481 MID:1.4805 P1:1.4805 P2:1.4805 P3:1.4805 P4:1.4805 STATE:IDLE
[2026-05-04 20:46:11Z] CHK MOM:0% RANGE:0% UP:0% SPREAD:0.06756756% BID:1.48 ASK:1.481 MID:1.4805 P1:1.4805 P2:1.4805 P3:1.4805 P4:1.4805 STATE:IDLE
[2026-05-04 20:46:12Z] CHK MOM:0% RANGE:0% UP:0% SPREAD:0.06756756% BID:1.48 ASK:1.481 MID:1.4805 P1:1.4805 P2:1.4805 P3:1.4805 P4:1.4805 STATE:IDLE
[2026-05-04 20:46:12Z] CHK MOM:0% RANGE:0% UP:0% SPREAD:0.06756756% BID:1.48 ASK:1.481 MID:1.4805 P1:1.4805 P2:1.4805 P3:1.4805 P4:1.4805 STATE:IDLE
[2026-05-04 20:46:13Z] CHK MOM:0% RANGE:0% UP:0% SPREAD:0.06756756% BID:1.48 ASK:1.481 MID:1.4805 P1:1.4805 P2:1.4805 P3:1.4805 P4:1.4805 STATE:IDLE
[2026-05-04 20:46:13Z] CHK MOM:0% RANGE:0% UP:0% SPREAD:0.06756756% BID:1.48 ASK:1.481 MID:1.4805 P1:1.4805 P2:1.4805 P3:1.4805 P4:1.4805 STATE:IDLE
[2026-05-04 20:46:14Z] CHK MOM:-0.06% RANGE:0.06% UP:0% SPREAD:0.06761325% BID:1.479 ASK:1.48 MID:1.4795 P1:1.4795 P2:1.4805 P3:1.4805 P4:1.4805 STATE:IDLE
[2026-05-04 20:46:14Z] CHK MOM:-0.06% RANGE:0.06% UP:0% SPREAD:0.06761325% BID:1.479 ASK:1.48 MID:1.4795 P1:1.4795 P2:1.4795 P3:1.4805 P4:1.4805 STATE:IDLE
[2026-05-04 20:46:15Z] CHK MOM:-0.06% RANGE:0.06% UP:0% SPREAD:0.06761325% BID:1.479 ASK:1.48 MID:1.4795 P1:1.4795 P2:1.4795 P3:1.4795 P4:1.4805 STATE:IDLE
[2026-05-04 20:46:15Z] CHK MOM:-0.06% RANGE:0.06% UP:0% SPREAD:0.06761325% BID:1.479 ASK:1.48 MID:1.4795 P1:1.4795 P2:1.4795 P3:1.4795 P4:1.4805 STATE:IDLE
[2026-05-04 20:46:16Z] CHK MOM:-0.06% RANGE:0.06% UP:0% SPREAD:0.06761325% BID:1.479 ASK:1.48 MID:1.4795 P1:1.4795 P2:1.4795 P3:1.4795 P4:1.4805 STATE:IDLE
[2026-05-04 20:46:17Z] CHK MOM:-0.06% RANGE:0.06% UP:0% SPREAD:0.06761325% BID:1.479 ASK:1.48 MID:1.4795 P1:1.4795 P2:1.4795 P3:1.4795 P4:1.4795 STATE:IDLE
[2026-05-04 20:46:17Z] CHK MOM:-0.06% RANGE:0.06% UP:0% SPREAD:0.06761325% BID:1.479 ASK:1.48 MID:1.4795 P1:1.4795 P2:1.4795 P3:1.4795 P4:1.4795 STATE:IDLE
[2026-05-04 20:46:18Z] CHK MOM:-0.06% RANGE:0.06% UP:0% SPREAD:0.06761325% BID:1.479 ASK:1.48 MID:1.4795 P1:1.4795 P2:1.4795 P3:1.4795 P4:1.4795 STATE:IDLE
[2026-05-04 20:46:18Z] CHK MOM:-0.06% RANGE:0.06% UP:0% SPREAD:0.06761325% BID:1.479 ASK:1.48 MID:1.4795 P1:1.4795 P2:1.4795 P3:1.4795 P4:1.4795 STATE:IDLE
[2026-05-04 20:46:19Z] CHK MOM:-0.06% RANGE:0.06% UP:0% SPREAD:0.06761325% BID:1.479 ASK:1.48 MID:1.4795 P1:1.4795 P2:1.4795 P3:1.4795 P4:1.4795 STATE:IDLE
[2026-05-04 20:46:19Z] CHK MOM:-0.06% RANGE:0.06% UP:0% SPREAD:0.06761325% BID:1.479 ASK:1.48 MID:1.4795 P1:1.4795 P2:1.4795 P3:1.4795 P4:1.4795 STATE:IDLE
[2026-05-04 20:46:20Z] CHK MOM:-0.06% RANGE:0.06% UP:0% SPREAD:0.06761325% BID:1.479 ASK:1.48 MID:1.4795 P1:1.4795 P2:1.4795 P3:1.4795 P4:1.4795 STATE:IDLE
[2026-05-04 20:46:20Z] CHK MOM:-0.06% RANGE:0.06% UP:0% SPREAD:0.06761325% BID:1.479 ASK:1.48 MID:1.4795 P1:1.4795 P2:1.4795 P3:1.4795 P4:1.4795 STATE:IDLE
[2026-05-04 20:46:21Z] CHK MOM:-0.06% RANGE:0.06% UP:0% SPREAD:0.06761325% BID:1.479 ASK:1.48 MID:1.4795 P1:1.4795 P2:1.4795 P3:1.4795 P4:1.4795 STATE:IDLE
[2026-05-04 20:46:21Z] CHK MOM:-0.06% RANGE:0.06% UP:0% SPREAD:0.06765899% BID:1.478 ASK:1.479 MID:1.4785 P1:1.4785 P2:1.4795 P3:1.4795 P4:1.4795 STATE:IDLE
[2026-05-04 20:46:22Z] CHK MOM:-0.06% RANGE:0.06% UP:0% SPREAD:0.06765899% BID:1.478 ASK:1.479 MID:1.4785 P1:1.4785 P2:1.4785 P3:1.4795 P4:1.4795 STATE:IDLE
[2026-05-04 20:46:23Z] CHK MOM:-0.06% RANGE:0.06% UP:0% SPREAD:0.06765899% BID:1.478 ASK:1.479 MID:1.4785 P1:1.4785 P2:1.4785 P3:1.4785 P4:1.4795 STATE:IDLE
[2026-05-04 20:46:23Z] CHK MOM:-0.06% RANGE:0.06% UP:0% SPREAD:0.06765899% BID:1.478 ASK:1.479 MID:1.4785 P1:1.4785 P2:1.4785 P3:1.4785 P4:1.4785 STATE:IDLE
[2026-05-04 20:46:24Z] CHK MOM:-0.06% RANGE:0.06% UP:0% SPREAD:0.06765899% BID:1.478 ASK:1.479 MID:1.4785 P1:1.4785 P2:1.4785 P3:1.4785 P4:1.4785 STATE:IDLE
[2026-05-04 20:46:24Z] CHK MOM:-0.06% RANGE:0.06% UP:0% SPREAD:0.06765899% BID:1.478 ASK:1.479 MID:1.4785 P1:1.4785 P2:1.4785 P3:1.4785 P4:1.4785 STATE:IDLE
[2026-05-04 20:46:25Z] CHK MOM:-0.06% RANGE:0.06% UP:0% SPREAD:0.06765899% BID:1.478 ASK:1.479 MID:1.4785 P1:1.4785 P2:1.4785 P3:1.4785 P4:1.4785 STATE:IDLE
[2026-05-04 20:46:25Z] CHK MOM:-0.06% RANGE:0.06% UP:0% SPREAD:0.06765899% BID:1.478 ASK:1.479 MID:1.4785 P1:1.4785 P2:1.4785 P3:1.4785 P4:1.4785 STATE:IDLE
[2026-05-04 20:46:26Z] CHK MOM:-0.06% RANGE:0.06% UP:0% SPREAD:0.06765899% BID:1.478 ASK:1.479 MID:1.4785 P1:1.4785 P2:1.4785 P3:1.4785 P4:1.4785 STATE:IDLE
[2026-05-04 20:46:26Z] CHK MOM:-0.06% RANGE:0.06% UP:0% SPREAD:0.06765899% BID:1.478 ASK:1.479 MID:1.4785 P1:1.4785 P2:1.4785 P3:1.4785 P4:1.4785 STATE:IDLE
[2026-05-04 20:46:27Z] CHK MOM:-0.06% RANGE:0.06% UP:0% SPREAD:0.06765899% BID:1.478 ASK:1.479 MID:1.4785 P1:1.4785 P2:1.4785 P3:1.4785 P4:1.4785 STATE:IDLE
[2026-05-04 20:46:28Z] CHK MOM:-0.06% RANGE:0.06% UP:0% SPREAD:0.06765899% BID:1.478 ASK:1.479 MID:1.4785 P1:1.4785 P2:1.4785 P3:1.4785 P4:1.4785 STATE:IDLE
[2026-05-04 20:46:28Z] CHK MOM:0% RANGE:0% UP:0% SPREAD:0.06765899% BID:1.478 ASK:1.479 MID:1.4785 P1:1.4785 P2:1.4785 P3:1.4785 P4:1.4785 STATE:IDLE
[2026-05-04 20:46:29Z] CHK MOM:0% RANGE:0% UP:0% SPREAD:0.06765899% BID:1.478 ASK:1.479 MID:1.4785 P1:1.4785 P2:1.4785 P3:1.4785 P4:1.4785 STATE:IDLE
[2026-05-04 20:46:29Z] CHK MOM:0% RANGE:0% UP:0% SPREAD:0.06765899% BID:1.478 ASK:1.479 MID:1.4785 P1:1.4785 P2:1.4785 P3:1.4785 P4:1.4785 STATE:IDLE
[2026-05-04 20:46:30Z] CHK MOM:0% RANGE:0% UP:0% SPREAD:0.06765899% BID:1.478 ASK:1.479 MID:1.4785 P1:1.4785 P2:1.4785 P3:1.4785 P4:1.4785 STATE:IDLE
[2026-05-04 20:46:30Z] CHK MOM:0% RANGE:0% UP:0% SPREAD:0.06765899% BID:1.478 ASK:1.479 MID:1.4785 P1:1.4785 P2:1.4785 P3:1.4785 P4:1.4785 STATE:IDLE
[2026-05-04 20:46:31Z] CHK MOM:0% RANGE:0% UP:0% SPREAD:0.06765899% BID:1.478 ASK:1.479 MID:1.4785 P1:1.4785 P2:1.4785 P3:1.4785 P4:1.4785 STATE:IDLE
[2026-05-04 20:46:35Z] CHK MOM:0% RANGE:0% UP:0% SPREAD:0.06765899% BID:1.478 ASK:1.479 MID:1.4785 P1:1.4785 P2:1.4785 P3:1.4785 P4:1.4785 STATE:IDLE
[2026-05-04 20:46:36Z] CHK MOM:0% RANGE:0% UP:0% SPREAD:0.06765899% BID:1.478 ASK:1.479 MID:1.4785 P1:1.4785 P2:1.4785 P3:1.4785 P4:1.4785 STATE:IDLE
[2026-05-04 20:46:36Z] CHK MOM:0% RANGE:0% UP:0% SPREAD:0.06765899% BID:1.478 ASK:1.479 MID:1.4785 P1:1.4785 P2:1.4785 P3:1.4785 P4:1.4785 STATE:IDLE
[2026-05-04 20:46:37Z] CHK MOM:0% RANGE:0% UP:0% SPREAD:0.06765899% BID:1.478 ASK:1.479 MID:1.4785 P1:1.4785 P2:1.4785 P3:1.4785 P4:1.4785 STATE:IDLE
[2026-05-04 20:46:37Z] CHK MOM:0% RANGE:0% UP:0% SPREAD:0.06765899% BID:1.478 ASK:1.479 MID:1.4785 P1:1.4785 P2:1.4785 P3:1.4785 P4:1.4785 STATE:IDLE
[2026-05-04 20:46:38Z] CHK MOM:0% RANGE:0% UP:0% SPREAD:0.06765899% BID:1.478 ASK:1.479 MID:1.4785 P1:1.4785 P2:1.4785 P3:1.4785 P4:1.4785 STATE:IDLE
[2026-05-04 20:46:38Z] CHK MOM:0% RANGE:0% UP:0% SPREAD:0.06765899% BID:1.478 ASK:1.479 MID:1.4785 P1:1.4785 P2:1.4785 P3:1.4785 P4:1.4785 STATE:IDLE
[2026-05-04 20:46:39Z] CHK MOM:0% RANGE:0% UP:0% SPREAD:0.06765899% BID:1.478 ASK:1.479 MID:1.4785 P1:1.4785 P2:1.4785 P3:1.4785 P4:1.4785 STATE:IDLE
[2026-05-04 20:46:39Z] CHK MOM:0% RANGE:0% UP:0% SPREAD:0.06765899% BID:1.478 ASK:1.479 MID:1.4785 P1:1.4785 P2:1.4785 P3:1.4785 P4:1.4785 STATE:IDLE
[2026-05-04 20:46:40Z] CHK MOM:0% RANGE:0% UP:0% SPREAD:0.06765899% BID:1.478 ASK:1.479 MID:1.4785 P1:1.4785 P2:1.4785 P3:1.4785 P4:1.4785 STATE:IDLE
[2026-05-04 20:46:41Z] CHK MOM:0% RANGE:0% UP:0% SPREAD:0.06765899% BID:1.478 ASK:1.479 MID:1.4785 P1:1.4785 P2:1.4785 P3:1.4785 P4:1.4785 STATE:IDLE
[2026-05-04 20:46:41Z] CHK MOM:0% RANGE:0% UP:0% SPREAD:0.06765899% BID:1.478 ASK:1.479 MID:1.4785 P1:1.4785 P2:1.4785 P3:1.4785 P4:1.4785 STATE:IDLE
[2026-05-04 20:46:42Z] CHK MOM:0% RANGE:0% UP:0% SPREAD:0.06765899% BID:1.478 ASK:1.479 MID:1.4785 P1:1.4785 P2:1.4785 P3:1.4785 P4:1.4785 STATE:IDLE
[2026-05-04 20:46:42Z] CHK MOM:0% RANGE:0% UP:0% SPREAD:0.06765899% BID:1.478 ASK:1.479 MID:1.4785 P1:1.4785 P2:1.4785 P3:1.4785 P4:1.4785 STATE:IDLE
[2026-05-04 20:46:43Z] CHK MOM:0% RANGE:0% UP:0% SPREAD:0.06765899% BID:1.478 ASK:1.479 MID:1.4785 P1:1.4785 P2:1.4785 P3:1.4785 P4:1.4785 STATE:IDLE
[2026-05-04 20:46:43Z] CHK MOM:0% RANGE:0% UP:0% SPREAD:0.06765899% BID:1.478 ASK:1.479 MID:1.4785 P1:1.4785 P2:1.4785 P3:1.4785 P4:1.4785 STATE:IDLE
[2026-05-04 20:46:44Z] CHK MOM:0% RANGE:0% UP:0% SPREAD:0.06765899% BID:1.478 ASK:1.479 MID:1.4785 P1:1.4785 P2:1.4785 P3:1.4785 P4:1.4785 STATE:IDLE
[2026-05-04 20:46:44Z] CHK MOM:0% RANGE:0% UP:0% SPREAD:0.06765899% BID:1.478 ASK:1.479 MID:1.4785 P1:1.4785 P2:1.4785 P3:1.4785 P4:1.4785 STATE:IDLE
[2026-05-04 20:46:45Z] CHK MOM:0% RANGE:0% UP:0% SPREAD:0.06765899% BID:1.478 ASK:1.479 MID:1.4785 P1:1.4785 P2:1.4785 P3:1.4785 P4:1.4785 STATE:IDLE
[2026-05-04 20:46:45Z] CHK MOM:0% RANGE:0% UP:0% SPREAD:0.06765899% BID:1.478 ASK:1.479 MID:1.4785 P1:1.4785 P2:1.4785 P3:1.4785 P4:1.4785 STATE:IDLE
[2026-05-04 20:46:46Z] CHK MOM:0% RANGE:0% UP:0% SPREAD:0.06765899% BID:1.478 ASK:1.479 MID:1.4785 P1:1.4785 P2:1.4785 P3:1.4785 P4:1.4785 STATE:IDLE
[2026-05-04 20:46:47Z] CHK MOM:0% RANGE:0% UP:0% SPREAD:0.06765899% BID:1.478 ASK:1.479 MID:1.4785 P1:1.4785 P2:1.4785 P3:1.4785 P4:1.4785 STATE:IDLE
[2026-05-04 20:46:47Z] CHK MOM:0% RANGE:0% UP:0% SPREAD:0.06765899% BID:1.478 ASK:1.479 MID:1.4785 P1:1.4785 P2:1.4785 P3:1.4785 P4:1.4785 STATE:IDLE
[2026-05-04 20:46:48Z] CHK MOM:0% RANGE:0% UP:0% SPREAD:0.06765899% BID:1.478 ASK:1.479 MID:1.4785 P1:1.4785 P2:1.4785 P3:1.4785 P4:1.4785 STATE:IDLE
[2026-05-04 20:46:48Z] CHK MOM:0% RANGE:0% UP:0% SPREAD:0.06765899% BID:1.478 ASK:1.479 MID:1.4785 P1:1.4785 P2:1.4785 P3:1.4785 P4:1.4785 STATE:IDLE
[2026-05-04 20:46:49Z] CHK MOM:0% RANGE:0% UP:0% SPREAD:0.06765899% BID:1.478 ASK:1.479 MID:1.4785 P1:1.4785 P2:1.4785 P3:1.4785 P4:1.4785 STATE:IDLE
[2026-05-04 20:46:49Z] CHK MOM:0% RANGE:0% UP:0% SPREAD:0.06765899% BID:1.478 ASK:1.479 MID:1.4785 P1:1.4785 P2:1.4785 P3:1.4785 P4:1.4785 STATE:IDLE
[2026-05-04 20:46:50Z] CHK MOM:0% RANGE:0% UP:0% SPREAD:0.06765899% BID:1.478 ASK:1.479 MID:1.4785 P1:1.4785 P2:1.4785 P3:1.4785 P4:1.4785 STATE:IDLE
[2026-05-04 20:46:50Z] CHK MOM:0% RANGE:0% UP:0% SPREAD:0.06765899% BID:1.478 ASK:1.479 MID:1.4785 P1:1.4785 P2:1.4785 P3:1.4785 P4:1.4785 STATE:IDLE
[2026-05-04 20:46:51Z] CHK MOM:0% RANGE:0% UP:0% SPREAD:0.06765899% BID:1.478 ASK:1.479 MID:1.4785 P1:1.4785 P2:1.4785 P3:1.4785 P4:1.4785 STATE:IDLE
[2026-05-04 20:46:52Z] CHK MOM:0% RANGE:0% UP:0% SPREAD:0.06765899% BID:1.478 ASK:1.479 MID:1.4785 P1:1.4785 P2:1.4785 P3:1.4785 P4:1.4785 STATE:IDLE
[2026-05-04 20:46:52Z] CHK MOM:0% RANGE:0% UP:0% SPREAD:0.06765899% BID:1.478 ASK:1.479 MID:1.4785 P1:1.4785 P2:1.4785 P3:1.4785 P4:1.4785 STATE:IDLE
[2026-05-04 20:46:53Z] CHK MOM:0% RANGE:0% UP:0% SPREAD:0.06765899% BID:1.478 ASK:1.479 MID:1.4785 P1:1.4785 P2:1.4785 P3:1.4785 P4:1.4785 STATE:IDLE
[2026-05-04 20:46:53Z] CHK MOM:0% RANGE:0% UP:0% SPREAD:0.06765899% BID:1.478 ASK:1.479 MID:1.4785 P1:1.4785 P2:1.4785 P3:1.4785 P4:1.4785 STATE:IDLE
[2026-05-04 20:46:54Z] CHK MOM:0% RANGE:0% UP:0% SPREAD:0.06765899% BID:1.478 ASK:1.479 MID:1.4785 P1:1.4785 P2:1.4785 P3:1.4785 P4:1.4785 STATE:IDLE
[2026-05-04 20:46:54Z] CHK MOM:0% RANGE:0% UP:0% SPREAD:0.06765899% BID:1.478 ASK:1.479 MID:1.4785 P1:1.4785 P2:1.4785 P3:1.4785 P4:1.4785 STATE:IDLE
[2026-05-04 20:46:55Z] CHK MOM:0% RANGE:0% UP:0% SPREAD:0.06765899% BID:1.478 ASK:1.479 MID:1.4785 P1:1.4785 P2:1.4785 P3:1.4785 P4:1.4785 STATE:IDLE
[2026-05-04 20:46:55Z] CHK MOM:0% RANGE:0% UP:0% SPREAD:0.06765899% BID:1.478 ASK:1.479 MID:1.4785 P1:1.4785 P2:1.4785 P3:1.4785 P4:1.4785 STATE:IDLE
[2026-05-04 20:46:56Z] CHK MOM:0% RANGE:0% UP:0% SPREAD:0.06765899% BID:1.478 ASK:1.479 MID:1.4785 P1:1.4785 P2:1.4785 P3:1.4785 P4:1.4785 STATE:IDLE
[2026-05-04 20:46:56Z] CHK MOM:0% RANGE:0% UP:0% SPREAD:0.06765899% BID:1.478 ASK:1.479 MID:1.4785 P1:1.4785 P2:1.4785 P3:1.4785 P4:1.4785 STATE:IDLE
[2026-05-04 20:46:57Z] CHK MOM:0% RANGE:0% UP:0% SPREAD:0.06765899% BID:1.478 ASK:1.479 MID:1.4785 P1:1.4785 P2:1.4785 P3:1.4785 P4:1.4785 STATE:IDLE
[2026-05-04 20:46:58Z] CHK MOM:0% RANGE:0% UP:0% SPREAD:0.06765899% BID:1.478 ASK:1.479 MID:1.4785 P1:1.4785 P2:1.4785 P3:1.4785 P4:1.4785 STATE:IDLE
[2026-05-04 20:46:58Z] CHK MOM:0% RANGE:0% UP:0% SPREAD:0.06765899% BID:1.478 ASK:1.479 MID:1.4785 P1:1.4785 P2:1.4785 P3:1.4785 P4:1.4785 STATE:IDLE
[2026-05-04 20:46:59Z] CHK MOM:0% RANGE:0% UP:0% SPREAD:0.06765899% BID:1.478 ASK:1.479 MID:1.4785 P1:1.4785 P2:1.4785 P3:1.4785 P4:1.4785 STATE:IDLE
[2026-05-04 20:46:59Z] CHK MOM:0% RANGE:0% UP:0% SPREAD:0.06765899% BID:1.478 ASK:1.479 MID:1.4785 P1:1.4785 P2:1.4785 P3:1.4785 P4:1.4785 STATE:IDLE
[2026-05-04 20:47:00Z] CHK MOM:0% RANGE:0% UP:0% SPREAD:0.06765899% BID:1.478 ASK:1.479 MID:1.4785 P1:1.4785 P2:1.4785 P3:1.4785 P4:1.4785 STATE:IDLE
[2026-05-04 20:47:00Z] CHK MOM:0% RANGE:0% UP:0% SPREAD:0.06765899% BID:1.478 ASK:1.479 MID:1.4785 P1:1.4785 P2:1.4785 P3:1.4785 P4:1.4785 STATE:IDLE
[2026-05-04 20:47:01Z] CHK MOM:0% RANGE:0% UP:0% SPREAD:0.06765899% BID:1.478 ASK:1.479 MID:1.4785 P1:1.4785 P2:1.4785 P3:1.4785 P4:1.4785 STATE:IDLE
[2026-05-04 20:47:01Z] CHK MOM:0% RANGE:0% UP:0% SPREAD:0.06765899% BID:1.478 ASK:1.479 MID:1.4785 P1:1.4785 P2:1.4785 P3:1.4785 P4:1.4785 STATE:IDLE
[2026-05-04 20:47:02Z] CHK MOM:0% RANGE:0% UP:0% SPREAD:0.06765899% BID:1.478 ASK:1.479 MID:1.4785 P1:1.4785 P2:1.4785 P3:1.4785 P4:1.4785 STATE:IDLE
[2026-05-04 20:47:03Z] CHK MOM:0% RANGE:0% UP:0% SPREAD:0.06765899% BID:1.478 ASK:1.479 MID:1.4785 P1:1.4785 P2:1.4785 P3:1.4785 P4:1.4785 STATE:IDLE
[2026-05-04 20:47:03Z] CHK MOM:0% RANGE:0% UP:0% SPREAD:0.06765899% BID:1.478 ASK:1.479 MID:1.4785 P1:1.4785 P2:1.4785 P3:1.4785 P4:1.4785 STATE:IDLE
[2026-05-04 20:47:04Z] CHK MOM:0% RANGE:0% UP:0% SPREAD:0.06765899% BID:1.478 ASK:1.479 MID:1.4785 P1:1.4785 P2:1.4785 P3:1.4785 P4:1.4785 STATE:IDLE
[2026-05-04 20:47:04Z] CHK MOM:0% RANGE:0% UP:0% SPREAD:0.06765899% BID:1.478 ASK:1.479 MID:1.4785 P1:1.4785 P2:1.4785 P3:1.4785 P4:1.4785 STATE:IDLE
[2026-05-04 20:47:05Z] CHK MOM:0% RANGE:0% UP:0% SPREAD:0.06765899% BID:1.478 ASK:1.479 MID:1.4785 P1:1.4785 P2:1.4785 P3:1.4785 P4:1.4785 STATE:IDLE
[2026-05-04 20:47:05Z] CHK MOM:0% RANGE:0% UP:0% SPREAD:0.06765899% BID:1.478 ASK:1.479 MID:1.4785 P1:1.4785 P2:1.4785 P3:1.4785 P4:1.4785 STATE:IDLE
[2026-05-04 20:47:06Z] CHK MOM:0.06% RANGE:0.06% UP:20% SPREAD:0.06761325% BID:1.479 ASK:1.48 MID:1.4795 P1:1.4795 P2:1.4785 P3:1.4785 P4:1.4785 STATE:IDLE
[2026-05-04 20:47:06Z] CHK MOM:0.06% RANGE:0.06% UP:16.66% SPREAD:0.06761325% BID:1.479 ASK:1.48 MID:1.4795 P1:1.4795 P2:1.4795 P3:1.4785 P4:1.4785 STATE:IDLE
[2026-05-04 20:47:07Z] CHK MOM:0.13% RANGE:0.13% UP:33.33% SPREAD:0.06756756% BID:1.48 ASK:1.481 MID:1.4805 P1:1.4805 P2:1.4795 P3:1.4795 P4:1.4785 STATE:IDLE
[2026-05-04 20:47:08Z] CHK MOM:0.13% RANGE:0.13% UP:28.57% SPREAD:0.06756756% BID:1.48 ASK:1.481 MID:1.4805 P1:1.4805 P2:1.4805 P3:1.4795 P4:1.4795 STATE:IDLE
[2026-05-04 20:47:08Z] CHK MOM:0.13% RANGE:0.13% UP:25% SPREAD:0.06756756% BID:1.48 ASK:1.481 MID:1.4805 P1:1.4805 P2:1.4805 P3:1.4805 P4:1.4795 STATE:IDLE
[2026-05-04 20:47:09Z] CHK MOM:0.13% RANGE:0.13% UP:25% SPREAD:0.06756756% BID:1.48 ASK:1.481 MID:1.4805 P1:1.4805 P2:1.4805 P3:1.4805 P4:1.4795 STATE:IDLE
[2026-05-04 20:47:09Z] CHK MOM:0.13% RANGE:0.13% UP:25% SPREAD:0.06756756% BID:1.48 ASK:1.481 MID:1.4805 P1:1.4805 P2:1.4805 P3:1.4805 P4:1.4795 STATE:IDLE
[2026-05-04 20:47:10Z] CHK MOM:0.13% RANGE:0.13% UP:25% SPREAD:0.06756756% BID:1.48 ASK:1.481 MID:1.4805 P1:1.4805 P2:1.4805 P3:1.4805 P4:1.4795 STATE:IDLE
[2026-05-04 20:47:10Z] CHK MOM:0.13% RANGE:0.13% UP:25% SPREAD:0.06756756% BID:1.48 ASK:1.481 MID:1.4805 P1:1.4805 P2:1.4805 P3:1.4805 P4:1.4795 STATE:IDLE
[2026-05-04 20:47:11Z] CHK MOM:0.13% RANGE:0.13% UP:28.57% SPREAD:0.06756756% BID:1.48 ASK:1.481 MID:1.4805 P1:1.4805 P2:1.4805 P3:1.4805 P4:1.4805 STATE:IDLE
[2026-05-04 20:47:11Z] CHK MOM:0.13% RANGE:0.13% UP:28.57% SPREAD:0.06756756% BID:1.48 ASK:1.481 MID:1.4805 P1:1.4805 P2:1.4805 P3:1.4805 P4:1.4805 STATE:IDLE
[2026-05-04 20:47:12Z] CHK MOM:0.13% RANGE:0.13% UP:28.57% SPREAD:0.06756756% BID:1.48 ASK:1.481 MID:1.4805 P1:1.4805 P2:1.4805 P3:1.4805 P4:1.4805 STATE:IDLE
[2026-05-04 20:47:12Z] CHK MOM:0.13% RANGE:0.13% UP:28.57% SPREAD:0.06756756% BID:1.48 ASK:1.481 MID:1.4805 P1:1.4805 P2:1.4805 P3:1.4805 P4:1.4805 STATE:IDLE
[2026-05-04 20:47:13Z] CHK MOM:0.13% RANGE:0.13% UP:28.57% SPREAD:0.06756756% BID:1.48 ASK:1.481 MID:1.4805 P1:1.4805 P2:1.4805 P3:1.4805 P4:1.4805 STATE:IDLE
[2026-05-04 20:47:14Z] CHK MOM:0.06% RANGE:0.06% UP:14.28% SPREAD:0.06756756% BID:1.48 ASK:1.481 MID:1.4805 P1:1.4805 P2:1.4805 P3:1.4805 P4:1.4805 STATE:IDLE
[2026-05-04 20:47:14Z] CHK MOM:0.06% RANGE:0.06% UP:14.28% SPREAD:0.06756756% BID:1.48 ASK:1.481 MID:1.4805 P1:1.4805 P2:1.4805 P3:1.4805 P4:1.4805 STATE:IDLE
[2026-05-04 20:47:15Z] CHK MOM:0.06% RANGE:0.06% UP:14.28% SPREAD:0.06756756% BID:1.48 ASK:1.481 MID:1.4805 P1:1.4805 P2:1.4805 P3:1.4805 P4:1.4805 STATE:IDLE
[2026-05-04 20:47:15Z] CHK MOM:0.06% RANGE:0.06% UP:14.28% SPREAD:0.06756756% BID:1.48 ASK:1.481 MID:1.4805 P1:1.4805 P2:1.4805 P3:1.4805 P4:1.4805 STATE:IDLE
[2026-05-04 20:47:16Z] CHK MOM:0.06% RANGE:0.06% UP:14.28% SPREAD:0.06756756% BID:1.48 ASK:1.481 MID:1.4805 P1:1.4805 P2:1.4805 P3:1.4805 P4:1.4805 STATE:IDLE
[2026-05-04 20:47:18Z] CHK MOM:0% RANGE:0% UP:0% SPREAD:0.06756756% BID:1.48 ASK:1.481 MID:1.4805 P1:1.4805 P2:1.4805 P3:1.4805 P4:1.4805 STATE:IDLE
[2026-05-04 20:47:19Z] CHK MOM:0% RANGE:0% UP:0% SPREAD:0.06756756% BID:1.48 ASK:1.481 MID:1.4805 P1:1.4805 P2:1.4805 P3:1.4805 P4:1.4805 STATE:IDLE
[2026-05-04 20:47:19Z] CHK MOM:-0.03% RANGE:0.03% UP:0% SPREAD:0.1352265% BID:1.479 ASK:1.481 MID:1.48 P1:1.48 P2:1.4805 P3:1.4805 P4:1.4805 STATE:IDLE
[2026-05-04 20:47:20Z] CHK MOM:-0.03% RANGE:0.03% UP:0% SPREAD:0.1352265% BID:1.479 ASK:1.481 MID:1.48 P1:1.48 P2:1.48 P3:1.4805 P4:1.4805 STATE:IDLE
[2026-05-04 20:47:20Z] CHK MOM:-0.03% RANGE:0.03% UP:0% SPREAD:0.1352265% BID:1.479 ASK:1.481 MID:1.48 P1:1.48 P2:1.48 P3:1.4805 P4:1.4805 STATE:IDLE
[2026-05-04 20:47:21Z] CHK MOM:-0.06% RANGE:0.06% UP:0% SPREAD:0.06761325% BID:1.479 ASK:1.48 MID:1.4795 P1:1.4795 P2:1.48 P3:1.48 P4:1.4805 STATE:IDLE
[2026-05-04 20:47:21Z] CHK MOM:-0.06% RANGE:0.06% UP:0% SPREAD:0.06761325% BID:1.479 ASK:1.48 MID:1.4795 P1:1.4795 P2:1.48 P3:1.48 P4:1.4805 STATE:IDLE
[2026-05-04 20:47:22Z] CHK MOM:-0.06% RANGE:0.06% UP:0% SPREAD:0.06761325% BID:1.479 ASK:1.48 MID:1.4795 P1:1.4795 P2:1.48 P3:1.48 P4:1.4805 STATE:IDLE
[2026-05-04 20:47:22Z] CHK MOM:-0.06% RANGE:0.06% UP:0% SPREAD:0.06761325% BID:1.479 ASK:1.48 MID:1.4795 P1:1.4795 P2:1.48 P3:1.48 P4:1.4805 STATE:IDLE
[2026-05-04 20:47:23Z] CHK MOM:-0.06% RANGE:0.06% UP:0% SPREAD:0.06761325% BID:1.479 ASK:1.48 MID:1.4795 P1:1.4795 P2:1.48 P3:1.48 P4:1.4805 STATE:IDLE
[2026-05-04 20:47:23Z] CHK MOM:-0.06% RANGE:0.06% UP:0% SPREAD:0.06761325% BID:1.479 ASK:1.48 MID:1.4795 P1:1.4795 P2:1.48 P3:1.48 P4:1.4805 STATE:IDLE
[2026-05-04 20:47:25Z] CHK MOM:-0.06% RANGE:0.06% UP:0% SPREAD:0.06761325% BID:1.479 ASK:1.48 MID:1.4795 P1:1.4795 P2:1.4795 P3:1.48 P4:1.48 STATE:IDLE
[2026-05-04 20:47:25Z] CHK MOM:-0.06% RANGE:0.06% UP:0% SPREAD:0.06761325% BID:1.479 ASK:1.48 MID:1.4795 P1:1.4795 P2:1.4795 P3:1.4795 P4:1.48 STATE:IDLE
[2026-05-04 20:47:26Z] CHK MOM:-0.06% RANGE:0.06% UP:0% SPREAD:0.06761325% BID:1.479 ASK:1.48 MID:1.4795 P1:1.4795 P2:1.4795 P3:1.4795 P4:1.48 STATE:IDLE
[2026-05-04 20:47:26Z] CHK MOM:-0.06% RANGE:0.06% UP:0% SPREAD:0.06761325% BID:1.479 ASK:1.48 MID:1.4795 P1:1.4795 P2:1.4795 P3:1.4795 P4:1.48 STATE:IDLE
[2026-05-04 20:47:27Z] CHK MOM:-0.06% RANGE:0.06% UP:0% SPREAD:0.06761325% BID:1.479 ASK:1.48 MID:1.4795 P1:1.4795 P2:1.4795 P3:1.4795 P4:1.48 STATE:IDLE
[2026-05-04 20:47:27Z] CHK MOM:-0.06% RANGE:0.06% UP:0% SPREAD:0.06761325% BID:1.479 ASK:1.48 MID:1.4795 P1:1.4795 P2:1.4795 P3:1.4795 P4:1.48 STATE:IDLE
[2026-05-04 20:47:32Z] CHK MOM:0.06% RANGE:0.06% UP:50% SPREAD:0.06756756% BID:1.48 ASK:1.481 MID:1.4805 P1:1.4805 P2:1.4795 P3:1.4795 P4:1.4795 STATE:IDLE
[2026-05-04 20:47:32Z] CHK MOM:0% RANGE:0.06% UP:33.33% SPREAD:0.06761325% BID:1.479 ASK:1.48 MID:1.4795 P1:1.4795 P2:1.4805 P3:1.4795 P4:1.4795 STATE:IDLE
[2026-05-04 20:47:33Z] CHK MOM:0% RANGE:0.06% UP:33.33% SPREAD:0.06761325% BID:1.479 ASK:1.48 MID:1.4795 P1:1.4795 P2:1.4805 P3:1.4795 P4:1.4795 STATE:IDLE
[2026-05-04 20:47:33Z] CHK MOM:0% RANGE:0.06% UP:33.33% SPREAD:0.06761325% BID:1.479 ASK:1.48 MID:1.4795 P1:1.4795 P2:1.4805 P3:1.4795 P4:1.4795 STATE:IDLE
[2026-05-04 20:47:34Z] CHK MOM:-0.06% RANGE:0.06% UP:0% SPREAD:0.06761325% BID:1.479 ASK:1.48 MID:1.4795 P1:1.4795 P2:1.4795 P3:1.4805 P4:1.4795 STATE:IDLE
[2026-05-04 20:47:34Z] CHK MOM:-0.13% RANGE:0.13% UP:0% SPREAD:0.06765899% BID:1.478 ASK:1.479 MID:1.4785 P1:1.4785 P2:1.4795 P3:1.4795 P4:1.4805 STATE:IDLE
[2026-05-04 20:47:35Z] CHK MOM:-0.13% RANGE:0.13% UP:0% SPREAD:0.06765899% BID:1.478 ASK:1.479 MID:1.4785 P1:1.4785 P2:1.4785 P3:1.4795 P4:1.4795 STATE:IDLE
[2026-05-04 20:47:35Z] CHK MOM:-0.13% RANGE:0.13% UP:0% SPREAD:0.06765899% BID:1.478 ASK:1.479 MID:1.4785 P1:1.4785 P2:1.4785 P3:1.4795 P4:1.4795 STATE:IDLE
[2026-05-04 20:47:36Z] CHK MOM:-0.13% RANGE:0.13% UP:0% SPREAD:0.06765899% BID:1.478 ASK:1.479 MID:1.4785 P1:1.4785 P2:1.4785 P3:1.4785 P4:1.4795 STATE:IDLE
[2026-05-04 20:47:36Z] CHK MOM:-0.13% RANGE:0.13% UP:0% SPREAD:0.06765899% BID:1.478 ASK:1.479 MID:1.4785 P1:1.4785 P2:1.4785 P3:1.4785 P4:1.4795 STATE:IDLE
[2026-05-04 20:47:37Z] CHK MOM:-0.13% RANGE:0.13% UP:0% SPREAD:0.06765899% BID:1.478 ASK:1.479 MID:1.4785 P1:1.4785 P2:1.4785 P3:1.4785 P4:1.4785 STATE:IDLE
[2026-05-04 20:47:38Z] CHK MOM:-0.13% RANGE:0.13% UP:0% SPREAD:0.06765899% BID:1.478 ASK:1.479 MID:1.4785 P1:1.4785 P2:1.4785 P3:1.4785 P4:1.4785 STATE:IDLE
[2026-05-04 20:47:38Z] CHK MOM:-0.13% RANGE:0.13% UP:0% SPREAD:0.06765899% BID:1.478 ASK:1.479 MID:1.4785 P1:1.4785 P2:1.4785 P3:1.4785 P4:1.4785 STATE:IDLE
[2026-05-04 20:47:39Z] CHK MOM:-0.13% RANGE:0.13% UP:0% SPREAD:0.06765899% BID:1.478 ASK:1.479 MID:1.4785 P1:1.4785 P2:1.4785 P3:1.4785 P4:1.4785 STATE:IDLE
[2026-05-04 20:47:39Z] CHK MOM:-0.13% RANGE:0.13% UP:0% SPREAD:0.06765899% BID:1.478 ASK:1.479 MID:1.4785 P1:1.4785 P2:1.4785 P3:1.4785 P4:1.4785 STATE:IDLE
[2026-05-04 20:47:40Z] CHK MOM:-0.06% RANGE:0.06% UP:0% SPREAD:0.06765899% BID:1.478 ASK:1.479 MID:1.4785 P1:1.4785 P2:1.4785 P3:1.4785 P4:1.4785 STATE:IDLE
[2026-05-04 20:47:40Z] CHK MOM:-0.06% RANGE:0.06% UP:0% SPREAD:0.06765899% BID:1.478 ASK:1.479 MID:1.4785 P1:1.4785 P2:1.4785 P3:1.4785 P4:1.4785 STATE:IDLE
[2026-05-04 20:47:41Z] CHK MOM:-0.06% RANGE:0.06% UP:0% SPREAD:0.06765899% BID:1.478 ASK:1.479 MID:1.4785 P1:1.4785 P2:1.4785 P3:1.4785 P4:1.4785 STATE:IDLE
[2026-05-04 20:47:41Z] CHK MOM:-0.06% RANGE:0.06% UP:0% SPREAD:0.06765899% BID:1.478 ASK:1.479 MID:1.4785 P1:1.4785 P2:1.4785 P3:1.4785 P4:1.4785 STATE:IDLE
[2026-05-04 20:47:42Z] CHK MOM:-0.06% RANGE:0.06% UP:0% SPREAD:0.06765899% BID:1.478 ASK:1.479 MID:1.4785 P1:1.4785 P2:1.4785 P3:1.4785 P4:1.4785 STATE:IDLE
[2026-05-04 20:52:46Z] SESSION_START symbol=TONUSDC dry_run=0 profile=major strategy=momentum base_url=https://api.binance.com
[2026-05-04 20:52:46Z] TOXIC_MEMORY_LOADED count=4 symbols=GUNUSDC,JTOUSDC,ONDOUSDC,SAHARAUSDC
[2026-05-04 20:52:48Z] CHK MOM:0% RANGE:0% UP:0% SPREAD:0.06734006% BID:1.485 ASK:1.486 MID:1.4855 P1:1.4855 P2:NA P3:NA P4:NA STATE:IDLE
[2026-05-04 20:52:48Z] CHK MOM:0% RANGE:0% UP:0% SPREAD:0.06734006% BID:1.485 ASK:1.486 MID:1.4855 P1:1.4855 P2:1.4855 P3:NA P4:NA STATE:IDLE
[2026-05-04 20:52:49Z] CHK MOM:0% RANGE:0% UP:0% SPREAD:0.06734006% BID:1.485 ASK:1.486 MID:1.4855 P1:1.4855 P2:1.4855 P3:NA P4:NA STATE:IDLE
[2026-05-04 20:52:49Z] CHK MOM:0% RANGE:0% UP:0% SPREAD:0.06734006% BID:1.485 ASK:1.486 MID:1.4855 P1:1.4855 P2:1.4855 P3:1.4855 P4:NA STATE:IDLE
[2026-05-04 20:52:50Z] CHK MOM:0% RANGE:0% UP:0% SPREAD:0.06734006% BID:1.485 ASK:1.486 MID:1.4855 P1:1.4855 P2:1.4855 P3:1.4855 P4:NA STATE:IDLE
[2026-05-04 20:52:50Z] CHK MOM:0% RANGE:0% UP:0% SPREAD:0.06734006% BID:1.485 ASK:1.486 MID:1.4855 P1:1.4855 P2:1.4855 P3:1.4855 P4:1.4855 STATE:IDLE
[2026-05-04 20:52:51Z] CHK MOM:0% RANGE:0% UP:0% SPREAD:0.06734006% BID:1.485 ASK:1.486 MID:1.4855 P1:1.4855 P2:1.4855 P3:1.4855 P4:1.4855 STATE:IDLE
[2026-05-04 20:52:51Z] CHK MOM:0% RANGE:0% UP:0% SPREAD:0.06734006% BID:1.485 ASK:1.486 MID:1.4855 P1:1.4855 P2:1.4855 P3:1.4855 P4:1.4855 STATE:IDLE
[2026-05-04 20:52:52Z] CHK MOM:0% RANGE:0% UP:0% SPREAD:0.06734006% BID:1.485 ASK:1.486 MID:1.4855 P1:1.4855 P2:1.4855 P3:1.4855 P4:1.4855 STATE:IDLE
[2026-05-04 20:52:52Z] CHK MOM:0% RANGE:0% UP:0% SPREAD:0.06734006% BID:1.485 ASK:1.486 MID:1.4855 P1:1.4855 P2:1.4855 P3:1.4855 P4:1.4855 STATE:IDLE
[2026-05-04 20:52:53Z] CHK MOM:0% RANGE:0% UP:0% SPREAD:0.06734006% BID:1.485 ASK:1.486 MID:1.4855 P1:1.4855 P2:1.4855 P3:1.4855 P4:1.4855 STATE:IDLE
[2026-05-04 20:52:54Z] CHK MOM:0% RANGE:0% UP:0% SPREAD:0.06734006% BID:1.485 ASK:1.486 MID:1.4855 P1:1.4855 P2:1.4855 P3:1.4855 P4:1.4855 STATE:IDLE
[2026-05-04 20:52:54Z] CHK MOM:-0.06% RANGE:0.06% UP:0% SPREAD:0.06738544% BID:1.484 ASK:1.485 MID:1.4845 P1:1.4845 P2:1.4855 P3:1.4855 P4:1.4855 STATE:IDLE
[2026-05-04 20:52:55Z] CHK MOM:-0.06% RANGE:0.06% UP:0% SPREAD:0.06738544% BID:1.484 ASK:1.485 MID:1.4845 P1:1.4845 P2:1.4855 P3:1.4855 P4:1.4855 STATE:IDLE
[2026-05-04 20:52:55Z] CHK MOM:-0.06% RANGE:0.06% UP:0% SPREAD:0.06738544% BID:1.484 ASK:1.485 MID:1.4845 P1:1.4845 P2:1.4855 P3:1.4855 P4:1.4855 STATE:IDLE
[2026-05-04 20:52:56Z] CHK MOM:-0.03% RANGE:0.06% UP:20% SPREAD:0.13477088% BID:1.484 ASK:1.486 MID:1.48499999 P1:1.48499999 P2:1.4845 P3:1.4855 P4:1.4855 STATE:IDLE
[2026-05-04 20:52:56Z] CHK MOM:-0.06% RANGE:0.06% UP:16.66% SPREAD:0.06738544% BID:1.484 ASK:1.485 MID:1.4845 P1:1.4845 P2:1.48499999 P3:1.4845 P4:1.4855 STATE:IDLE
[2026-05-04 20:52:57Z] CHK MOM:-0.03% RANGE:0.06% UP:28.57% SPREAD:0.13477088% BID:1.484 ASK:1.486 MID:1.48499999 P1:1.48499999 P2:1.4845 P3:1.48499999 P4:1.4845 STATE:IDLE
[2026-05-04 20:52:57Z] CHK MOM:-0.03% RANGE:0.06% UP:28.57% SPREAD:0.13477088% BID:1.484 ASK:1.486 MID:1.48499999 P1:1.48499999 P2:1.4845 P3:1.48499999 P4:1.4845 STATE:IDLE
[2026-05-04 20:52:58Z] CHK MOM:-0.03% RANGE:0.06% UP:28.57% SPREAD:0.13477088% BID:1.484 ASK:1.486 MID:1.48499999 P1:1.48499999 P2:1.4845 P3:1.48499999 P4:1.4845 STATE:IDLE
[2026-05-04 20:52:59Z] CHK MOM:-0.03% RANGE:0.06% UP:33.33% SPREAD:0.13477088% BID:1.484 ASK:1.486 MID:1.48499999 P1:1.48499999 P2:1.48499999 P3:1.4845 P4:1.48499999 STATE:IDLE
[2026-05-04 20:52:59Z] CHK MOM:-0.06% RANGE:0.06% UP:28.57% SPREAD:0.06738544% BID:1.484 ASK:1.485 MID:1.4845 P1:1.4845 P2:1.48499999 P3:1.48499999 P4:1.4845 STATE:IDLE
[2026-05-04 20:53:00Z] CHK MOM:-0.06% RANGE:0.06% UP:28.57% SPREAD:0.06738544% BID:1.484 ASK:1.485 MID:1.4845 P1:1.4845 P2:1.48499999 P3:1.48499999 P4:1.4845 STATE:IDLE
[2026-05-04 20:53:00Z] CHK MOM:0% RANGE:0.03% UP:33.33% SPREAD:0.06738544% BID:1.484 ASK:1.485 MID:1.4845 P1:1.4845 P2:1.4845 P3:1.48499999 P4:1.48499999 STATE:IDLE
[2026-05-04 20:53:01Z] CHK MOM:0% RANGE:0.03% UP:28.57% SPREAD:0.06738544% BID:1.484 ASK:1.485 MID:1.4845 P1:1.4845 P2:1.4845 P3:1.4845 P4:1.48499999 STATE:IDLE
[2026-05-04 20:53:01Z] CHK MOM:0% RANGE:0.03% UP:25% SPREAD:0.06738544% BID:1.484 ASK:1.485 MID:1.4845 P1:1.4845 P2:1.4845 P3:1.4845 P4:1.4845 STATE:IDLE
[2026-05-04 20:53:02Z] CHK MOM:0% RANGE:0.03% UP:25% SPREAD:0.06738544% BID:1.484 ASK:1.485 MID:1.4845 P1:1.4845 P2:1.4845 P3:1.4845 P4:1.4845 STATE:IDLE
[2026-05-04 20:53:02Z] CHK MOM:0% RANGE:0.03% UP:25% SPREAD:0.06738544% BID:1.484 ASK:1.485 MID:1.4845 P1:1.4845 P2:1.4845 P3:1.4845 P4:1.4845 STATE:IDLE
[2026-05-04 20:53:03Z] CHK MOM:0% RANGE:0.03% UP:25% SPREAD:0.06738544% BID:1.484 ASK:1.485 MID:1.4845 P1:1.4845 P2:1.4845 P3:1.4845 P4:1.4845 STATE:IDLE
[2026-05-04 20:53:03Z] CHK MOM:-0.03% RANGE:0.03% UP:12.5% SPREAD:0.06738544% BID:1.484 ASK:1.485 MID:1.4845 P1:1.4845 P2:1.4845 P3:1.4845 P4:1.4845 STATE:IDLE
[2026-05-04 20:53:04Z] CHK MOM:-0.03% RANGE:0.03% UP:12.5% SPREAD:0.06738544% BID:1.484 ASK:1.485 MID:1.4845 P1:1.4845 P2:1.4845 P3:1.4845 P4:1.4845 STATE:IDLE
[2026-05-04 20:53:05Z] CHK MOM:-0.03% RANGE:0.03% UP:0% SPREAD:0.06738544% BID:1.484 ASK:1.485 MID:1.4845 P1:1.4845 P2:1.4845 P3:1.4845 P4:1.4845 STATE:IDLE
[2026-05-04 20:53:05Z] CHK MOM:-0.03% RANGE:0.03% UP:0% SPREAD:0.06738544% BID:1.484 ASK:1.485 MID:1.4845 P1:1.4845 P2:1.4845 P3:1.4845 P4:1.4845 STATE:IDLE
[2026-05-04 20:53:06Z] CHK MOM:-0.03% RANGE:0.03% UP:0% SPREAD:0.06738544% BID:1.484 ASK:1.485 MID:1.4845 P1:1.4845 P2:1.4845 P3:1.4845 P4:1.4845 STATE:IDLE
[2026-05-04 20:53:06Z] CHK MOM:-0.03% RANGE:0.03% UP:0% SPREAD:0.06738544% BID:1.484 ASK:1.485 MID:1.4845 P1:1.4845 P2:1.4845 P3:1.4845 P4:1.4845 STATE:IDLE
[2026-05-04 20:53:07Z] CHK MOM:-0.03% RANGE:0.03% UP:0% SPREAD:0.06738544% BID:1.484 ASK:1.485 MID:1.4845 P1:1.4845 P2:1.4845 P3:1.4845 P4:1.4845 STATE:IDLE
[2026-05-04 20:53:07Z] CHK MOM:-0.03% RANGE:0.03% UP:0% SPREAD:0.06738544% BID:1.484 ASK:1.485 MID:1.4845 P1:1.4845 P2:1.4845 P3:1.4845 P4:1.4845 STATE:IDLE
[2026-05-04 20:53:11Z] CHK MOM:0% RANGE:0% UP:0% SPREAD:0.06738544% BID:1.484 ASK:1.485 MID:1.4845 P1:1.4845 P2:1.4845 P3:1.4845 P4:1.4845 STATE:IDLE
[2026-05-04 20:53:12Z] CHK MOM:0% RANGE:0% UP:0% SPREAD:0.06738544% BID:1.484 ASK:1.485 MID:1.4845 P1:1.4845 P2:1.4845 P3:1.4845 P4:1.4845 STATE:IDLE
[2026-05-04 20:53:12Z] CHK MOM:0% RANGE:0% UP:0% SPREAD:0.06738544% BID:1.484 ASK:1.485 MID:1.4845 P1:1.4845 P2:1.4845 P3:1.4845 P4:1.4845 STATE:IDLE
[2026-05-04 20:53:13Z] CHK MOM:0% RANGE:0% UP:0% SPREAD:0.06738544% BID:1.484 ASK:1.485 MID:1.4845 P1:1.4845 P2:1.4845 P3:1.4845 P4:1.4845 STATE:IDLE
[2026-05-04 20:53:13Z] CHK MOM:0% RANGE:0% UP:0% SPREAD:0.06738544% BID:1.484 ASK:1.485 MID:1.4845 P1:1.4845 P2:1.4845 P3:1.4845 P4:1.4845 STATE:IDLE
[2026-05-04 20:53:14Z] CHK MOM:0% RANGE:0% UP:0% SPREAD:0.06738544% BID:1.484 ASK:1.485 MID:1.4845 P1:1.4845 P2:1.4845 P3:1.4845 P4:1.4845 STATE:IDLE
[2026-05-04 20:53:14Z] CHK MOM:0% RANGE:0% UP:0% SPREAD:0.06738544% BID:1.484 ASK:1.485 MID:1.4845 P1:1.4845 P2:1.4845 P3:1.4845 P4:1.4845 STATE:IDLE
[2026-05-04 20:53:15Z] CHK MOM:0% RANGE:0% UP:0% SPREAD:0.06738544% BID:1.484 ASK:1.485 MID:1.4845 P1:1.4845 P2:1.4845 P3:1.4845 P4:1.4845 STATE:IDLE
[2026-05-04 20:53:15Z] CHK MOM:0% RANGE:0% UP:0% SPREAD:0.06738544% BID:1.484 ASK:1.485 MID:1.4845 P1:1.4845 P2:1.4845 P3:1.4845 P4:1.4845 STATE:IDLE
[2026-05-04 20:53:16Z] CHK MOM:0% RANGE:0% UP:0% SPREAD:0.06738544% BID:1.484 ASK:1.485 MID:1.4845 P1:1.4845 P2:1.4845 P3:1.4845 P4:1.4845 STATE:IDLE
[2026-05-04 20:53:17Z] CHK MOM:0% RANGE:0% UP:0% SPREAD:0.06738544% BID:1.484 ASK:1.485 MID:1.4845 P1:1.4845 P2:1.4845 P3:1.4845 P4:1.4845 STATE:IDLE
[2026-05-04 20:53:17Z] CHK MOM:0% RANGE:0% UP:0% SPREAD:0.06738544% BID:1.484 ASK:1.485 MID:1.4845 P1:1.4845 P2:1.4845 P3:1.4845 P4:1.4845 STATE:IDLE
[2026-05-04 20:53:18Z] CHK MOM:0% RANGE:0% UP:0% SPREAD:0.06738544% BID:1.484 ASK:1.485 MID:1.4845 P1:1.4845 P2:1.4845 P3:1.4845 P4:1.4845 STATE:IDLE
[2026-05-04 20:53:18Z] CHK MOM:0% RANGE:0% UP:0% SPREAD:0.06738544% BID:1.484 ASK:1.485 MID:1.4845 P1:1.4845 P2:1.4845 P3:1.4845 P4:1.4845 STATE:IDLE
[2026-05-04 20:53:19Z] CHK MOM:0% RANGE:0% UP:0% SPREAD:0.06738544% BID:1.484 ASK:1.485 MID:1.4845 P1:1.4845 P2:1.4845 P3:1.4845 P4:1.4845 STATE:IDLE
[2026-05-04 20:53:19Z] CHK MOM:0% RANGE:0% UP:0% SPREAD:0.06738544% BID:1.484 ASK:1.485 MID:1.4845 P1:1.4845 P2:1.4845 P3:1.4845 P4:1.4845 STATE:IDLE
[2026-05-04 20:53:20Z] CHK MOM:0% RANGE:0% UP:0% SPREAD:0.06738544% BID:1.484 ASK:1.485 MID:1.4845 P1:1.4845 P2:1.4845 P3:1.4845 P4:1.4845 STATE:IDLE
[2026-05-04 20:53:20Z] CHK MOM:0% RANGE:0% UP:0% SPREAD:0.06738544% BID:1.484 ASK:1.485 MID:1.4845 P1:1.4845 P2:1.4845 P3:1.4845 P4:1.4845 STATE:IDLE
[2026-05-04 20:53:21Z] CHK MOM:0% RANGE:0% UP:0% SPREAD:0.06738544% BID:1.484 ASK:1.485 MID:1.4845 P1:1.4845 P2:1.4845 P3:1.4845 P4:1.4845 STATE:IDLE
[2026-05-04 20:53:21Z] CHK MOM:0% RANGE:0% UP:0% SPREAD:0.06738544% BID:1.484 ASK:1.485 MID:1.4845 P1:1.4845 P2:1.4845 P3:1.4845 P4:1.4845 STATE:IDLE
[2026-05-04 20:53:22Z] CHK MOM:0% RANGE:0% UP:0% SPREAD:0.06738544% BID:1.484 ASK:1.485 MID:1.4845 P1:1.4845 P2:1.4845 P3:1.4845 P4:1.4845 STATE:IDLE
[2026-05-04 20:53:23Z] CHK MOM:0% RANGE:0% UP:0% SPREAD:0.06738544% BID:1.484 ASK:1.485 MID:1.4845 P1:1.4845 P2:1.4845 P3:1.4845 P4:1.4845 STATE:IDLE
[2026-05-04 20:53:23Z] CHK MOM:0% RANGE:0% UP:0% SPREAD:0.06738544% BID:1.484 ASK:1.485 MID:1.4845 P1:1.4845 P2:1.4845 P3:1.4845 P4:1.4845 STATE:IDLE
[2026-05-04 20:53:24Z] CHK MOM:0% RANGE:0% UP:0% SPREAD:0.06738544% BID:1.484 ASK:1.485 MID:1.4845 P1:1.4845 P2:1.4845 P3:1.4845 P4:1.4845 STATE:IDLE
[2026-05-04 20:53:24Z] CHK MOM:0% RANGE:0% UP:0% SPREAD:0.06738544% BID:1.484 ASK:1.485 MID:1.4845 P1:1.4845 P2:1.4845 P3:1.4845 P4:1.4845 STATE:IDLE
[2026-05-04 20:53:25Z] CHK MOM:0% RANGE:0% UP:0% SPREAD:0.06738544% BID:1.484 ASK:1.485 MID:1.4845 P1:1.4845 P2:1.4845 P3:1.4845 P4:1.4845 STATE:IDLE
[2026-05-04 20:53:25Z] CHK MOM:0% RANGE:0% UP:0% SPREAD:0.06738544% BID:1.484 ASK:1.485 MID:1.4845 P1:1.4845 P2:1.4845 P3:1.4845 P4:1.4845 STATE:IDLE
[2026-05-04 20:53:26Z] CHK MOM:0% RANGE:0% UP:0% SPREAD:0.06738544% BID:1.484 ASK:1.485 MID:1.4845 P1:1.4845 P2:1.4845 P3:1.4845 P4:1.4845 STATE:IDLE
[2026-05-04 20:53:26Z] CHK MOM:-0.06% RANGE:0.06% UP:0% SPREAD:0.06743088% BID:1.483 ASK:1.484 MID:1.4835 P1:1.4835 P2:1.4845 P3:1.4845 P4:1.4845 STATE:IDLE
[2026-05-04 20:53:27Z] CHK MOM:-0.13% RANGE:0.13% UP:0% SPREAD:0.06747638% BID:1.482 ASK:1.483 MID:1.4825 P1:1.4825 P2:1.4835 P3:1.4845 P4:1.4845 STATE:IDLE
[2026-05-04 20:53:28Z] CHK MOM:-0.13% RANGE:0.13% UP:0% SPREAD:0.06747638% BID:1.482 ASK:1.483 MID:1.4825 P1:1.4825 P2:1.4825 P3:1.4835 P4:1.4845 STATE:IDLE
[2026-05-04 20:53:28Z] CHK MOM:-0.13% RANGE:0.13% UP:0% SPREAD:0.06747638% BID:1.482 ASK:1.483 MID:1.4825 P1:1.4825 P2:1.4825 P3:1.4835 P4:1.4845 STATE:IDLE
[2026-05-04 20:53:29Z] CHK MOM:-0.2% RANGE:0.2% UP:0% SPREAD:0.06752194% BID:1.481 ASK:1.482 MID:1.4815 P1:1.4815 P2:1.4825 P3:1.4825 P4:1.4835 STATE:IDLE
[2026-05-04 20:53:29Z] CHK MOM:-0.2% RANGE:0.2% UP:0% SPREAD:0.06752194% BID:1.481 ASK:1.482 MID:1.4815 P1:1.4815 P2:1.4815 P3:1.4825 P4:1.4825 STATE:IDLE
[2026-05-04 20:53:30Z] CHK MOM:-0.2% RANGE:0.2% UP:0% SPREAD:0.06752194% BID:1.481 ASK:1.482 MID:1.4815 P1:1.4815 P2:1.4815 P3:1.4815 P4:1.4825 STATE:IDLE
[2026-05-04 20:53:30Z] CHK MOM:-0.2% RANGE:0.2% UP:0% SPREAD:0.06752194% BID:1.481 ASK:1.482 MID:1.4815 P1:1.4815 P2:1.4815 P3:1.4815 P4:1.4825 STATE:IDLE
[2026-05-04 20:53:31Z] CHK MOM:-0.2% RANGE:0.2% UP:0% SPREAD:0.06752194% BID:1.481 ASK:1.482 MID:1.4815 P1:1.4815 P2:1.4815 P3:1.4815 P4:1.4815 STATE:IDLE
[2026-05-04 20:53:31Z] CHK MOM:-0.2% RANGE:0.2% UP:0% SPREAD:0.06752194% BID:1.481 ASK:1.482 MID:1.4815 P1:1.4815 P2:1.4815 P3:1.4815 P4:1.4815 STATE:IDLE
[2026-05-04 20:53:32Z] CHK MOM:-0.2% RANGE:0.2% UP:0% SPREAD:0.06752194% BID:1.481 ASK:1.482 MID:1.4815 P1:1.4815 P2:1.4815 P3:1.4815 P4:1.4815 STATE:IDLE
[2026-05-04 20:53:32Z] CHK MOM:-0.13% RANGE:0.13% UP:0% SPREAD:0.06752194% BID:1.481 ASK:1.482 MID:1.4815 P1:1.4815 P2:1.4815 P3:1.4815 P4:1.4815 STATE:IDLE
[2026-05-04 20:53:33Z] CHK MOM:-0.13% RANGE:0.13% UP:0% SPREAD:0.06752194% BID:1.481 ASK:1.482 MID:1.4815 P1:1.4815 P2:1.4815 P3:1.4815 P4:1.4815 STATE:IDLE
[2026-05-04 20:53:34Z] CHK MOM:-0.13% RANGE:0.13% UP:0% SPREAD:0.06752194% BID:1.481 ASK:1.482 MID:1.4815 P1:1.4815 P2:1.4815 P3:1.4815 P4:1.4815 STATE:IDLE
[2026-05-04 20:53:34Z] CHK MOM:-0.13% RANGE:0.13% UP:0% SPREAD:0.06752194% BID:1.481 ASK:1.482 MID:1.4815 P1:1.4815 P2:1.4815 P3:1.4815 P4:1.4815 STATE:IDLE
[2026-05-04 20:53:35Z] CHK MOM:-0.13% RANGE:0.13% UP:0% SPREAD:0.06752194% BID:1.481 ASK:1.482 MID:1.4815 P1:1.4815 P2:1.4815 P3:1.4815 P4:1.4815 STATE:IDLE
[2026-05-04 20:53:35Z] CHK MOM:-0.13% RANGE:0.13% UP:0% SPREAD:0.06752194% BID:1.481 ASK:1.482 MID:1.4815 P1:1.4815 P2:1.4815 P3:1.4815 P4:1.4815 STATE:IDLE
[2026-05-04 20:53:36Z] CHK MOM:0% RANGE:0% UP:0% SPREAD:0.06752194% BID:1.481 ASK:1.482 MID:1.4815 P1:1.4815 P2:1.4815 P3:1.4815 P4:1.4815 STATE:IDLE
[2026-05-04 20:53:36Z] CHK MOM:0.06% RANGE:0.06% UP:10% SPREAD:0.06747638% BID:1.482 ASK:1.483 MID:1.4825 P1:1.4825 P2:1.4815 P3:1.4815 P4:1.4815 STATE:IDLE
[2026-05-04 20:53:37Z] CHK MOM:0.06% RANGE:0.06% UP:10% SPREAD:0.06747638% BID:1.482 ASK:1.483 MID:1.4825 P1:1.4825 P2:1.4815 P3:1.4815 P4:1.4815 STATE:IDLE
[2026-05-04 20:53:37Z] CHK MOM:0.06% RANGE:0.06% UP:10% SPREAD:0.06747638% BID:1.482 ASK:1.483 MID:1.4825 P1:1.4825 P2:1.4815 P3:1.4815 P4:1.4815 STATE:IDLE
[2026-05-04 20:53:38Z] CHK MOM:0.06% RANGE:0.06% UP:12.5% SPREAD:0.06747638% BID:1.482 ASK:1.483 MID:1.4825 P1:1.4825 P2:1.4825 P3:1.4815 P4:1.4815 STATE:IDLE
[2026-05-04 20:53:39Z] CHK MOM:0.06% RANGE:0.06% UP:12.5% SPREAD:0.06747638% BID:1.482 ASK:1.483 MID:1.4825 P1:1.4825 P2:1.4825 P3:1.4815 P4:1.4815 STATE:IDLE
[2026-05-04 20:53:39Z] CHK MOM:0% RANGE:0.06% UP:12.5% SPREAD:0.06752194% BID:1.481 ASK:1.482 MID:1.4815 P1:1.4815 P2:1.4825 P3:1.4825 P4:1.4815 STATE:IDLE
[2026-05-04 20:53:40Z] CHK MOM:0% RANGE:0.06% UP:12.5% SPREAD:0.06752194% BID:1.481 ASK:1.482 MID:1.4815 P1:1.4815 P2:1.4815 P3:1.4825 P4:1.4825 STATE:IDLE
[2026-05-04 20:53:40Z] CHK MOM:0% RANGE:0.06% UP:12.5% SPREAD:0.06752194% BID:1.481 ASK:1.482 MID:1.4815 P1:1.4815 P2:1.4815 P3:1.4825 P4:1.4825 STATE:IDLE
[2026-05-04 20:53:41Z] CHK MOM:0% RANGE:0.06% UP:12.5% SPREAD:0.06752194% BID:1.481 ASK:1.482 MID:1.4815 P1:1.4815 P2:1.4815 P3:1.4825 P4:1.4825 STATE:IDLE
[2026-05-04 20:53:41Z] CHK MOM:0% RANGE:0.06% UP:12.5% SPREAD:0.06752194% BID:1.481 ASK:1.482 MID:1.4815 P1:1.4815 P2:1.4815 P3:1.4825 P4:1.4825 STATE:IDLE
[2026-05-04 20:53:42Z] CHK MOM:0% RANGE:0.06% UP:20% SPREAD:0.06752194% BID:1.481 ASK:1.482 MID:1.4815 P1:1.4815 P2:1.4815 P3:1.4815 P4:1.4825 STATE:IDLE
[2026-05-04 20:53:42Z] CHK MOM:0% RANGE:0.06% UP:20% SPREAD:0.06752194% BID:1.481 ASK:1.482 MID:1.4815 P1:1.4815 P2:1.4815 P3:1.4815 P4:1.4825 STATE:IDLE
[2026-05-04 20:53:43Z] CHK MOM:0% RANGE:0.06% UP:20% SPREAD:0.06752194% BID:1.481 ASK:1.482 MID:1.4815 P1:1.4815 P2:1.4815 P3:1.4815 P4:1.4825 STATE:IDLE
[2026-05-04 20:53:43Z] CHK MOM:-0.03% RANGE:0.1% UP:16.66% SPREAD:0.13513513% BID:1.48 ASK:1.482 MID:1.48099999 P1:1.48099999 P2:1.4815 P3:1.4815 P4:1.4815 STATE:IDLE
[2026-05-04 20:53:44Z] CHK MOM:-0.06% RANGE:0.13% UP:14.28% SPREAD:0.06756756% BID:1.48 ASK:1.481 MID:1.4805 P1:1.4805 P2:1.48099999 P3:1.4815 P4:1.4815 STATE:IDLE
[2026-05-04 20:53:45Z] CHK MOM:-0.06% RANGE:0.13% UP:16.66% SPREAD:0.06752194% BID:1.481 ASK:1.482 MID:1.4815 P1:1.4815 P2:1.4805 P3:1.48099999 P4:1.4815 STATE:IDLE
[2026-05-04 20:53:45Z] CHK MOM:-0.06% RANGE:0.13% UP:16.66% SPREAD:0.06752194% BID:1.481 ASK:1.482 MID:1.4815 P1:1.4815 P2:1.4805 P3:1.48099999 P4:1.4815 STATE:IDLE
[2026-05-04 20:53:46Z] CHK MOM:-0.33% RANGE:0.33% UP:14.28% SPREAD:0.0677048% BID:1.477 ASK:1.478 MID:1.4775 P1:1.4775 P2:1.4815 P3:1.4805 P4:1.48099999 STATE:IDLE
[2026-05-04 20:53:46Z] CHK MOM:-0.26% RANGE:0.27% UP:14.28% SPREAD:0.0677048% BID:1.477 ASK:1.478 MID:1.4775 P1:1.4775 P2:1.4775 P3:1.4815 P4:1.4805 STATE:IDLE
[2026-05-04 20:53:47Z] CHK MOM:-0.26% RANGE:0.27% UP:12.5% SPREAD:0.0677048% BID:1.477 ASK:1.478 MID:1.4775 P1:1.4775 P2:1.4775 P3:1.4775 P4:1.4815 STATE:IDLE
[2026-05-04 20:53:47Z] CHK MOM:-0.26% RANGE:0.27% UP:12.5% SPREAD:0.0677048% BID:1.477 ASK:1.478 MID:1.4775 P1:1.4775 P2:1.4775 P3:1.4775 P4:1.4815 STATE:IDLE
[2026-05-04 20:53:48Z] CHK MOM:-0.26% RANGE:0.27% UP:14.28% SPREAD:0.0677048% BID:1.477 ASK:1.478 MID:1.4775 P1:1.4775 P2:1.4775 P3:1.4775 P4:1.4775 STATE:IDLE
[2026-05-04 20:53:48Z] CHK MOM:-0.26% RANGE:0.27% UP:14.28% SPREAD:0.0677048% BID:1.477 ASK:1.478 MID:1.4775 P1:1.4775 P2:1.4775 P3:1.4775 P4:1.4775 STATE:IDLE
[2026-05-04 20:53:49Z] CHK MOM:-0.26% RANGE:0.27% UP:12.5% SPREAD:0.0677048% BID:1.477 ASK:1.478 MID:1.4775 P1:1.4775 P2:1.4775 P3:1.4775 P4:1.4775 STATE:IDLE
[2026-05-04 20:53:50Z] CHK MOM:-0.26% RANGE:0.27% UP:12.5% SPREAD:0.0677048% BID:1.477 ASK:1.478 MID:1.4775 P1:1.4775 P2:1.4775 P3:1.4775 P4:1.4775 STATE:IDLE
[2026-05-04 20:53:50Z] CHK MOM:-0.23% RANGE:0.27% UP:12.5% SPREAD:0.0677048% BID:1.477 ASK:1.478 MID:1.4775 P1:1.4775 P2:1.4775 P3:1.4775 P4:1.4775 STATE:IDLE
[2026-05-04 20:53:51Z] CHK MOM:-0.23% RANGE:0.27% UP:11.11% SPREAD:0.0677048% BID:1.477 ASK:1.478 MID:1.4775 P1:1.4775 P2:1.4775 P3:1.4775 P4:1.4775 STATE:IDLE
[2026-05-04 20:53:51Z] CHK MOM:-0.16% RANGE:0.27% UP:20% SPREAD:0.06765899% BID:1.478 ASK:1.479 MID:1.4785 P1:1.4785 P2:1.4775 P3:1.4775 P4:1.4775 STATE:IDLE
[2026-05-04 20:53:52Z] CHK MOM:-0.26% RANGE:0.27% UP:11.11% SPREAD:0.0677048% BID:1.477 ASK:1.478 MID:1.4775 P1:1.4775 P2:1.4785 P3:1.4775 P4:1.4775 STATE:IDLE
[2026-05-04 20:53:52Z] CHK MOM:-0.26% RANGE:0.27% UP:10% SPREAD:0.0677048% BID:1.477 ASK:1.478 MID:1.4775 P1:1.4775 P2:1.4775 P3:1.4785 P4:1.4775 STATE:IDLE
[2026-05-04 20:53:53Z] CHK MOM:-0.26% RANGE:0.27% UP:10% SPREAD:0.0677048% BID:1.477 ASK:1.478 MID:1.4775 P1:1.4775 P2:1.4775 P3:1.4785 P4:1.4775 STATE:IDLE
[2026-05-04 20:53:53Z] CHK MOM:0% RANGE:0.06% UP:10% SPREAD:0.0677048% BID:1.477 ASK:1.478 MID:1.4775 P1:1.4775 P2:1.4775 P3:1.4775 P4:1.4785 STATE:IDLE
[2026-05-04 20:53:54Z] CHK MOM:0% RANGE:0.06% UP:10% SPREAD:0.0677048% BID:1.477 ASK:1.478 MID:1.4775 P1:1.4775 P2:1.4775 P3:1.4775 P4:1.4785 STATE:IDLE
[2026-05-04 20:53:54Z] CHK MOM:0% RANGE:0.06% UP:10% SPREAD:0.0677048% BID:1.477 ASK:1.478 MID:1.4775 P1:1.4775 P2:1.4775 P3:1.4775 P4:1.4775 STATE:IDLE
[2026-05-04 20:53:55Z] CHK MOM:0% RANGE:0.06% UP:10% SPREAD:0.0677048% BID:1.477 ASK:1.478 MID:1.4775 P1:1.4775 P2:1.4775 P3:1.4775 P4:1.4775 STATE:IDLE
[2026-05-04 20:53:56Z] CHK MOM:0% RANGE:0.06% UP:10% SPREAD:0.0677048% BID:1.477 ASK:1.478 MID:1.4775 P1:1.4775 P2:1.4775 P3:1.4775 P4:1.4775 STATE:IDLE
[2026-05-04 20:53:56Z] CHK MOM:0% RANGE:0.06% UP:11.11% SPREAD:0.0677048% BID:1.477 ASK:1.478 MID:1.4775 P1:1.4775 P2:1.4775 P3:1.4775 P4:1.4775 STATE:IDLE
[2026-05-04 20:53:57Z] CHK MOM:0% RANGE:0.06% UP:10% SPREAD:0.0677048% BID:1.477 ASK:1.478 MID:1.4775 P1:1.4775 P2:1.4775 P3:1.4775 P4:1.4775 STATE:IDLE
[2026-05-04 20:53:57Z] CHK MOM:0% RANGE:0.06% UP:10% SPREAD:0.0677048% BID:1.477 ASK:1.478 MID:1.4775 P1:1.4775 P2:1.4775 P3:1.4775 P4:1.4775 STATE:IDLE
[2026-05-04 20:53:58Z] CHK MOM:0% RANGE:0.06% UP:10% SPREAD:0.0677048% BID:1.477 ASK:1.478 MID:1.4775 P1:1.4775 P2:1.4775 P3:1.4775 P4:1.4775 STATE:IDLE
[2026-05-04 20:53:58Z] CHK MOM:0% RANGE:0.06% UP:10% SPREAD:0.0677048% BID:1.477 ASK:1.478 MID:1.4775 P1:1.4775 P2:1.4775 P3:1.4775 P4:1.4775 STATE:IDLE
[2026-05-04 20:53:59Z] CHK MOM:0% RANGE:0.06% UP:10% SPREAD:0.0677048% BID:1.477 ASK:1.478 MID:1.4775 P1:1.4775 P2:1.4775 P3:1.4775 P4:1.4775 STATE:IDLE
[2026-05-04 20:53:59Z] CHK MOM:-0.06% RANGE:0.06% UP:0% SPREAD:0.0677048% BID:1.477 ASK:1.478 MID:1.4775 P1:1.4775 P2:1.4775 P3:1.4775 P4:1.4775 STATE:IDLE
[2026-05-04 20:54:00Z] CHK MOM:-0.06% RANGE:0.06% UP:0% SPREAD:0.0677048% BID:1.477 ASK:1.478 MID:1.4775 P1:1.4775 P2:1.4775 P3:1.4775 P4:1.4775 STATE:IDLE
[2026-05-04 20:54:01Z] CHK MOM:0% RANGE:0% UP:0% SPREAD:0.0677048% BID:1.477 ASK:1.478 MID:1.4775 P1:1.4775 P2:1.4775 P3:1.4775 P4:1.4775 STATE:IDLE
[2026-05-04 20:54:01Z] CHK MOM:0.03% RANGE:0.03% UP:12.5% SPREAD:0.13540961% BID:1.477 ASK:1.479 MID:1.478 P1:1.478 P2:1.4775 P3:1.4775 P4:1.4775 STATE:IDLE
[2026-05-04 20:54:02Z] CHK MOM:0.03% RANGE:0.03% UP:12.5% SPREAD:0.13540961% BID:1.477 ASK:1.479 MID:1.478 P1:1.478 P2:1.478 P3:1.4775 P4:1.4775 STATE:IDLE
[2026-05-04 20:54:02Z] CHK MOM:0.03% RANGE:0.03% UP:12.5% SPREAD:0.13540961% BID:1.477 ASK:1.479 MID:1.478 P1:1.478 P2:1.478 P3:1.4775 P4:1.4775 STATE:IDLE
[2026-05-04 20:54:03Z] CHK MOM:0% RANGE:0.03% UP:12.5% SPREAD:0.0677048% BID:1.477 ASK:1.478 MID:1.4775 P1:1.4775 P2:1.478 P3:1.478 P4:1.4775 STATE:IDLE
[2026-05-04 20:54:03Z] CHK MOM:0% RANGE:0.03% UP:12.5% SPREAD:0.0677048% BID:1.477 ASK:1.478 MID:1.4775 P1:1.4775 P2:1.4775 P3:1.478 P4:1.478 STATE:IDLE
[2026-05-04 20:54:04Z] CHK MOM:0% RANGE:0.03% UP:11.11% SPREAD:0.0677048% BID:1.477 ASK:1.478 MID:1.4775 P1:1.4775 P2:1.4775 P3:1.4775 P4:1.478 STATE:IDLE
[2026-05-04 20:54:04Z] CHK MOM:0% RANGE:0.03% UP:11.11% SPREAD:0.0677048% BID:1.477 ASK:1.478 MID:1.4775 P1:1.4775 P2:1.4775 P3:1.4775 P4:1.478 STATE:IDLE
[2026-05-04 20:54:05Z] CHK MOM:0.06% RANGE:0.06% UP:25% SPREAD:0.06765899% BID:1.478 ASK:1.479 MID:1.4785 P1:1.4785 P2:1.4775 P3:1.4775 P4:1.4775 STATE:IDLE
[2026-05-04 20:54:05Z] CHK MOM:0.06% RANGE:0.06% UP:22.22% SPREAD:0.06765899% BID:1.478 ASK:1.479 MID:1.4785 P1:1.4785 P2:1.4785 P3:1.4775 P4:1.4775 STATE:IDLE
[2026-05-04 20:54:06Z] CHK MOM:0.06% RANGE:0.06% UP:22.22% SPREAD:0.06765899% BID:1.478 ASK:1.479 MID:1.4785 P1:1.4785 P2:1.4785 P3:1.4775 P4:1.4775 STATE:IDLE
[2026-05-04 20:54:07Z] CHK MOM:0.06% RANGE:0.06% UP:22.22% SPREAD:0.06765899% BID:1.478 ASK:1.479 MID:1.4785 P1:1.4785 P2:1.4785 P3:1.4785 P4:1.4775 STATE:IDLE
[2026-05-04 20:54:07Z] CHK MOM:0.06% RANGE:0.06% UP:22.22% SPREAD:0.06765899% BID:1.478 ASK:1.479 MID:1.4785 P1:1.4785 P2:1.4785 P3:1.4785 P4:1.4775 STATE:IDLE
[2026-05-04 20:54:08Z] CHK MOM:0.06% RANGE:0.06% UP:22.22% SPREAD:0.06765899% BID:1.478 ASK:1.479 MID:1.4785 P1:1.4785 P2:1.4785 P3:1.4785 P4:1.4775 STATE:IDLE
[2026-05-04 20:54:08Z] CHK MOM:0.06% RANGE:0.06% UP:22.22% SPREAD:0.06765899% BID:1.478 ASK:1.479 MID:1.4785 P1:1.4785 P2:1.4785 P3:1.4785 P4:1.4785 STATE:IDLE
[2026-05-04 20:54:09Z] CHK MOM:0.03% RANGE:0.06% UP:11.11% SPREAD:0.06765899% BID:1.478 ASK:1.479 MID:1.4785 P1:1.4785 P2:1.4785 P3:1.4785 P4:1.4785 STATE:IDLE
[2026-05-04 20:54:09Z] CHK MOM:0.03% RANGE:0.06% UP:10% SPREAD:0.06765899% BID:1.478 ASK:1.479 MID:1.4785 P1:1.4785 P2:1.4785 P3:1.4785 P4:1.4785 STATE:IDLE
[2026-05-04 20:54:10Z] CHK MOM:0.03% RANGE:0.06% UP:10% SPREAD:0.06765899% BID:1.478 ASK:1.479 MID:1.4785 P1:1.4785 P2:1.4785 P3:1.4785 P4:1.4785 STATE:IDLE
[2026-05-04 20:54:10Z] CHK MOM:0.06% RANGE:0.06% UP:11.11% SPREAD:0.06765899% BID:1.478 ASK:1.479 MID:1.4785 P1:1.4785 P2:1.4785 P3:1.4785 P4:1.4785 STATE:IDLE
[2026-05-04 20:54:11Z] CHK MOM:0.13% RANGE:0.13% UP:22.22% SPREAD:0.06761325% BID:1.479 ASK:1.48 MID:1.4795 P1:1.4795 P2:1.4785 P3:1.4785 P4:1.4785 STATE:IDLE
[2026-05-04 20:54:12Z] CHK MOM:0.06% RANGE:0.06% UP:12.5% SPREAD:0.06761325% BID:1.479 ASK:1.48 MID:1.4795 P1:1.4795 P2:1.4795 P3:1.4785 P4:1.4785 STATE:IDLE
[2026-05-04 20:54:12Z] CHK MOM:0.06% RANGE:0.06% UP:12.5% SPREAD:0.06761325% BID:1.479 ASK:1.48 MID:1.4795 P1:1.4795 P2:1.4795 P3:1.4785 P4:1.4785 STATE:IDLE
[2026-05-04 20:54:13Z] CHK MOM:0.06% RANGE:0.06% UP:12.5% SPREAD:0.06761325% BID:1.479 ASK:1.48 MID:1.4795 P1:1.4795 P2:1.4795 P3:1.4785 P4:1.4785 STATE:IDLE
[2026-05-04 20:54:13Z] CHK MOM:0.06% RANGE:0.06% UP:14.28% SPREAD:0.06761325% BID:1.479 ASK:1.48 MID:1.4795 P1:1.4795 P2:1.4795 P3:1.4795 P4:1.4785 STATE:IDLE
[2026-05-04 20:54:14Z] CHK MOM:0.06% RANGE:0.06% UP:14.28% SPREAD:0.06761325% BID:1.479 ASK:1.48 MID:1.4795 P1:1.4795 P2:1.4795 P3:1.4795 P4:1.4785 STATE:IDLE
[2026-05-04 20:54:14Z] CHK MOM:0.06% RANGE:0.06% UP:14.28% SPREAD:0.06761325% BID:1.479 ASK:1.48 MID:1.4795 P1:1.4795 P2:1.4795 P3:1.4795 P4:1.4785 STATE:IDLE
[2026-05-04 20:54:15Z] CHK MOM:0.06% RANGE:0.06% UP:14.28% SPREAD:0.06761325% BID:1.479 ASK:1.48 MID:1.4795 P1:1.4795 P2:1.4795 P3:1.4795 P4:1.4785 STATE:IDLE
[2026-05-04 20:54:15Z] CHK MOM:0.06% RANGE:0.06% UP:14.28% SPREAD:0.06761325% BID:1.479 ASK:1.48 MID:1.4795 P1:1.4795 P2:1.4795 P3:1.4795 P4:1.4785 STATE:IDLE
[2026-05-04 20:54:16Z] CHK MOM:0.06% RANGE:0.06% UP:14.28% SPREAD:0.06761325% BID:1.479 ASK:1.48 MID:1.4795 P1:1.4795 P2:1.4795 P3:1.4795 P4:1.4795 STATE:IDLE
[2026-05-04 20:54:17Z] CHK MOM:0.06% RANGE:0.06% UP:14.28% SPREAD:0.06761325% BID:1.479 ASK:1.48 MID:1.4795 P1:1.4795 P2:1.4795 P3:1.4795 P4:1.4795 STATE:IDLE
[2026-05-04 20:54:17Z] CHK MOM:0.06% RANGE:0.06% UP:20% SPREAD:0.06761325% BID:1.479 ASK:1.48 MID:1.4795 P1:1.4795 P2:1.4795 P3:1.4795 P4:1.4795 STATE:IDLE
[2026-05-04 20:54:18Z] CHK MOM:0.06% RANGE:0.06% UP:20% SPREAD:0.06761325% BID:1.479 ASK:1.48 MID:1.4795 P1:1.4795 P2:1.4795 P3:1.4795 P4:1.4795 STATE:IDLE
[2026-05-04 20:54:18Z] CHK MOM:0% RANGE:0% UP:0% SPREAD:0.06761325% BID:1.479 ASK:1.48 MID:1.4795 P1:1.4795 P2:1.4795 P3:1.4795 P4:1.4795 STATE:IDLE
[2026-05-04 20:54:19Z] CHK MOM:0% RANGE:0% UP:0% SPREAD:0.06761325% BID:1.479 ASK:1.48 MID:1.4795 P1:1.4795 P2:1.4795 P3:1.4795 P4:1.4795 STATE:IDLE
[2026-05-04 20:54:19Z] CHK MOM:0.03% RANGE:0.03% UP:20% SPREAD:0.1352265% BID:1.479 ASK:1.481 MID:1.48 P1:1.48 P2:1.4795 P3:1.4795 P4:1.4795 STATE:IDLE
[2026-05-04 20:54:20Z] CHK MOM:0.03% RANGE:0.03% UP:16.66% SPREAD:0.1352265% BID:1.479 ASK:1.481 MID:1.48 P1:1.48 P2:1.48 P3:1.4795 P4:1.4795 STATE:IDLE
[2026-05-04 20:54:20Z] CHK MOM:0.03% RANGE:0.03% UP:16.66% SPREAD:0.1352265% BID:1.479 ASK:1.481 MID:1.48 P1:1.48 P2:1.48 P3:1.4795 P4:1.4795 STATE:IDLE
[2026-05-04 20:54:21Z] CHK MOM:0.03% RANGE:0.03% UP:16.66% SPREAD:0.1352265% BID:1.479 ASK:1.481 MID:1.48 P1:1.48 P2:1.48 P3:1.4795 P4:1.4795 STATE:IDLE
[2026-05-04 20:54:21Z] CHK MOM:0.03% RANGE:0.03% UP:16.66% SPREAD:0.1352265% BID:1.479 ASK:1.481 MID:1.48 P1:1.48 P2:1.48 P3:1.4795 P4:1.4795 STATE:IDLE
[2026-05-04 20:54:22Z] CHK MOM:0.03% RANGE:0.03% UP:16.66% SPREAD:0.1352265% BID:1.479 ASK:1.481 MID:1.48 P1:1.48 P2:1.48 P3:1.4795 P4:1.4795 STATE:IDLE
[2026-05-04 20:54:23Z] CHK MOM:0.06% RANGE:0.06% UP:40% SPREAD:0.06756756% BID:1.48 ASK:1.481 MID:1.4805 P1:1.4805 P2:1.48 P3:1.48 P4:1.4795 STATE:IDLE
[2026-05-04 20:54:23Z] CHK MOM:0.06% RANGE:0.06% UP:40% SPREAD:0.06756756% BID:1.48 ASK:1.481 MID:1.4805 P1:1.4805 P2:1.48 P3:1.48 P4:1.4795 STATE:IDLE
[2026-05-04 20:54:24Z] CHK MOM:0.06% RANGE:0.06% UP:40% SPREAD:0.06756756% BID:1.48 ASK:1.481 MID:1.4805 P1:1.4805 P2:1.48 P3:1.48 P4:1.4795 STATE:IDLE
[2026-05-04 20:54:24Z] CHK MOM:0.06% RANGE:0.06% UP:40% SPREAD:0.06756756% BID:1.48 ASK:1.481 MID:1.4805 P1:1.4805 P2:1.48 P3:1.48 P4:1.4795 STATE:IDLE
[2026-05-04 20:54:25Z] CHK MOM:0.06% RANGE:0.06% UP:40% SPREAD:0.06756756% BID:1.48 ASK:1.481 MID:1.4805 P1:1.4805 P2:1.48 P3:1.48 P4:1.4795 STATE:IDLE
[2026-05-04 20:54:25Z] CHK MOM:0.13% RANGE:0.13% UP:75% SPREAD:0.06752194% BID:1.481 ASK:1.482 MID:1.4815 P1:1.4815 P2:1.4805 P3:1.48 P4:1.48 STATE:IDLE
[2026-05-04 20:54:26Z] CHK MOM:0.13% RANGE:0.13% UP:60% SPREAD:0.06752194% BID:1.481 ASK:1.482 MID:1.4815 P1:1.4815 P2:1.4815 P3:1.4805 P4:1.48 STATE:IDLE
[2026-05-04 20:54:26Z] CHK MOM:0.13% RANGE:0.13% UP:50% SPREAD:0.06752194% BID:1.481 ASK:1.482 MID:1.4815 P1:1.4815 P2:1.4815 P3:1.4815 P4:1.4805 STATE:IDLE
[2026-05-04 20:54:27Z] CHK MOM:0.13% RANGE:0.13% UP:50% SPREAD:0.06752194% BID:1.481 ASK:1.482 MID:1.4815 P1:1.4815 P2:1.4815 P3:1.4815 P4:1.4805 STATE:IDLE
[2026-05-04 20:54:27Z] CHK MOM:0.13% RANGE:0.13% UP:50% SPREAD:0.06752194% BID:1.481 ASK:1.482 MID:1.4815 P1:1.4815 P2:1.4815 P3:1.4815 P4:1.4805 STATE:IDLE
[2026-05-04 20:54:28Z] CHK MOM:0.13% RANGE:0.13% UP:50% SPREAD:0.06747638% BID:1.482 ASK:1.483 MID:1.4825 P1:1.4825 P2:1.4815 P3:1.4815 P4:1.4815 STATE:IDLE
[2026-05-04 20:54:28Z] CHK MOM:0.13% RANGE:0.13% UP:50% SPREAD:0.06747638% BID:1.482 ASK:1.483 MID:1.4825 P1:1.4825 P2:1.4815 P3:1.4815 P4:1.4815 STATE:IDLE
[2026-05-04 20:54:29Z] CHK MOM:0.23% RANGE:0.23% UP:60% SPREAD:0.13486176% BID:1.483 ASK:1.485 MID:1.484 P1:1.484 P2:1.4825 P3:1.4815 P4:1.4815 STATE:IDLE
[2026-05-04 20:54:29Z] CHK MOM:0.2% RANGE:0.23% UP:50% SPREAD:0.06743088% BID:1.483 ASK:1.484 MID:1.4835 P1:1.4835 P2:1.484 P3:1.4825 P4:1.4815 STATE:IDLE
[2026-05-04 20:54:30Z] CHK MOM:0.2% RANGE:0.23% UP:42.85% SPREAD:0.06743088% BID:1.483 ASK:1.484 MID:1.4835 P1:1.4835 P2:1.4835 P3:1.484 P4:1.4825 STATE:IDLE
[2026-05-04 20:54:30Z] CHK MOM:0.16% RANGE:0.16% UP:42.85% SPREAD:0.13486176% BID:1.483 ASK:1.485 MID:1.484 P1:1.484 P2:1.4835 P3:1.4835 P4:1.484 STATE:IDLE
[2026-05-04 20:54:31Z] CHK MOM:0.13% RANGE:0.16% UP:37.5% SPREAD:0.06743088% BID:1.483 ASK:1.484 MID:1.4835 P1:1.4835 P2:1.484 P3:1.4835 P4:1.4835 STATE:IDLE
[2026-05-04 20:54:31Z] CHK MOM:0.13% RANGE:0.16% UP:33.33% SPREAD:0.06743088% BID:1.483 ASK:1.484 MID:1.4835 P1:1.4835 P2:1.4835 P3:1.484 P4:1.4835 STATE:IDLE
[2026-05-04 20:54:32Z] CHK MOM:0.13% RANGE:0.16% UP:33.33% SPREAD:0.06743088% BID:1.483 ASK:1.484 MID:1.4835 P1:1.4835 P2:1.4835 P3:1.484 P4:1.4835 STATE:IDLE
[2026-05-04 20:54:33Z] CHK MOM:0.13% RANGE:0.16% UP:30% SPREAD:0.06743088% BID:1.483 ASK:1.484 MID:1.4835 P1:1.4835 P2:1.4835 P3:1.4835 P4:1.484 STATE:IDLE
[2026-05-04 20:54:33Z] CHK MOM:0.13% RANGE:0.16% UP:30% SPREAD:0.06743088% BID:1.483 ASK:1.484 MID:1.4835 P1:1.4835 P2:1.4835 P3:1.4835 P4:1.4835 STATE:IDLE
[2026-05-04 20:54:34Z] CHK MOM:0.06% RANGE:0.1% UP:22.22% SPREAD:0.06743088% BID:1.483 ASK:1.484 MID:1.4835 P1:1.4835 P2:1.4835 P3:1.4835 P4:1.4835 STATE:IDLE
[2026-05-04 20:54:34Z] CHK MOM:0.06% RANGE:0.1% UP:22.22% SPREAD:0.06743088% BID:1.483 ASK:1.484 MID:1.4835 P1:1.4835 P2:1.4835 P3:1.4835 P4:1.4835 STATE:IDLE
[2026-05-04 20:54:35Z] CHK MOM:0.13% RANGE:0.13% UP:30% SPREAD:0.06738544% BID:1.484 ASK:1.485 MID:1.4845 P1:1.4845 P2:1.4835 P3:1.4835 P4:1.4835 STATE:IDLE
[2026-05-04 20:54:35Z] CHK MOM:0.13% RANGE:0.13% UP:30% SPREAD:0.06738544% BID:1.484 ASK:1.485 MID:1.4845 P1:1.4845 P2:1.4835 P3:1.4835 P4:1.4835 STATE:IDLE
[2026-05-04 20:54:36Z] CHK MOM:0.03% RANGE:0.06% UP:20% SPREAD:0.06738544% BID:1.484 ASK:1.485 MID:1.4845 P1:1.4845 P2:1.4845 P3:1.4835 P4:1.4835 STATE:IDLE
[2026-05-04 20:54:36Z] CHK MOM:0.03% RANGE:0.06% UP:18.18% SPREAD:0.06738544% BID:1.484 ASK:1.485 MID:1.4845 P1:1.4845 P2:1.4845 P3:1.4845 P4:1.4835 STATE:IDLE
[2026-05-04 20:54:37Z] CHK MOM:0.03% RANGE:0.06% UP:18.18% SPREAD:0.06738544% BID:1.484 ASK:1.485 MID:1.4845 P1:1.4845 P2:1.4845 P3:1.4845 P4:1.4835 STATE:IDLE
[2026-05-04 20:54:37Z] CHK MOM:0.03% RANGE:0.06% UP:18.18% SPREAD:0.06738544% BID:1.484 ASK:1.485 MID:1.4845 P1:1.4845 P2:1.4845 P3:1.4845 P4:1.4835 STATE:IDLE
[2026-05-04 20:54:38Z] CHK MOM:0.03% RANGE:0.06% UP:11.11% SPREAD:0.06738544% BID:1.484 ASK:1.485 MID:1.4845 P1:1.4845 P2:1.4845 P3:1.4845 P4:1.4845 STATE:IDLE
[2026-05-04 20:54:39Z] CHK MOM:0.1% RANGE:0.1% UP:22.22% SPREAD:0.13477088% BID:1.484 ASK:1.486 MID:1.48499999 P1:1.48499999 P2:1.4845 P3:1.4845 P4:1.4845 STATE:IDLE
[2026-05-04 20:54:39Z] CHK MOM:0.06% RANGE:0.1% UP:25% SPREAD:0.06738544% BID:1.484 ASK:1.485 MID:1.4845 P1:1.4845 P2:1.48499999 P3:1.4845 P4:1.4845 STATE:IDLE
[2026-05-04 20:54:40Z] CHK MOM:0.06% RANGE:0.1% UP:22.22% SPREAD:0.06738544% BID:1.484 ASK:1.485 MID:1.4845 P1:1.4845 P2:1.4845 P3:1.48499999 P4:1.4845 STATE:IDLE
[2026-05-04 20:54:40Z] CHK MOM:0.06% RANGE:0.1% UP:22.22% SPREAD:0.06738544% BID:1.484 ASK:1.485 MID:1.4845 P1:1.4845 P2:1.4845 P3:1.48499999 P4:1.4845 STATE:IDLE
[2026-05-04 20:54:41Z] CHK MOM:0.06% RANGE:0.1% UP:22.22% SPREAD:0.06738544% BID:1.484 ASK:1.485 MID:1.4845 P1:1.4845 P2:1.4845 P3:1.48499999 P4:1.4845 STATE:IDLE
[2026-05-04 20:54:41Z] CHK MOM:0.06% RANGE:0.1% UP:22.22% SPREAD:0.06738544% BID:1.484 ASK:1.485 MID:1.4845 P1:1.4845 P2:1.4845 P3:1.4845 P4:1.48499999 STATE:IDLE
[2026-05-04 20:54:42Z] CHK MOM:0.06% RANGE:0.1% UP:22.22% SPREAD:0.06738544% BID:1.484 ASK:1.485 MID:1.4845 P1:1.4845 P2:1.4845 P3:1.4845 P4:1.48499999 STATE:IDLE
[2026-05-04 20:54:42Z] CHK MOM:0% RANGE:0.03% UP:12.5% SPREAD:0.06738544% BID:1.484 ASK:1.485 MID:1.4845 P1:1.4845 P2:1.4845 P3:1.4845 P4:1.4845 STATE:IDLE
[2026-05-04 20:54:43Z] CHK MOM:0% RANGE:0.03% UP:12.5% SPREAD:0.06738544% BID:1.484 ASK:1.485 MID:1.4845 P1:1.4845 P2:1.4845 P3:1.4845 P4:1.4845 STATE:IDLE
[2026-05-04 20:54:44Z] CHK MOM:0% RANGE:0.03% UP:12.5% SPREAD:0.06738544% BID:1.484 ASK:1.485 MID:1.4845 P1:1.4845 P2:1.4845 P3:1.4845 P4:1.4845 STATE:IDLE
[2026-05-04 20:54:44Z] CHK MOM:0% RANGE:0.03% UP:14.28% SPREAD:0.06738544% BID:1.484 ASK:1.485 MID:1.4845 P1:1.4845 P2:1.4845 P3:1.4845 P4:1.4845 STATE:IDLE
[2026-05-04 20:54:45Z] CHK MOM:0% RANGE:0.03% UP:12.5% SPREAD:0.06738544% BID:1.484 ASK:1.485 MID:1.4845 P1:1.4845 P2:1.4845 P3:1.4845 P4:1.4845 STATE:IDLE
[2026-05-04 20:54:45Z] CHK MOM:0% RANGE:0.03% UP:12.5% SPREAD:0.06738544% BID:1.484 ASK:1.485 MID:1.4845 P1:1.4845 P2:1.4845 P3:1.4845 P4:1.4845 STATE:IDLE
[2026-05-04 20:54:46Z] CHK MOM:0% RANGE:0.03% UP:12.5% SPREAD:0.06738544% BID:1.484 ASK:1.485 MID:1.4845 P1:1.4845 P2:1.4845 P3:1.4845 P4:1.4845 STATE:IDLE
[2026-05-04 20:54:46Z] CHK MOM:0% RANGE:0.03% UP:12.5% SPREAD:0.06738544% BID:1.484 ASK:1.485 MID:1.4845 P1:1.4845 P2:1.4845 P3:1.4845 P4:1.4845 STATE:IDLE
[2026-05-04 20:54:47Z] CHK MOM:0% RANGE:0.03% UP:12.5% SPREAD:0.06738544% BID:1.484 ASK:1.485 MID:1.4845 P1:1.4845 P2:1.4845 P3:1.4845 P4:1.4845 STATE:IDLE
[2026-05-04 20:54:47Z] CHK MOM:0% RANGE:0% UP:0% SPREAD:0.06738544% BID:1.484 ASK:1.485 MID:1.4845 P1:1.4845 P2:1.4845 P3:1.4845 P4:1.4845 STATE:IDLE
[2026-05-04 20:54:48Z] CHK MOM:0% RANGE:0% UP:0% SPREAD:0.06738544% BID:1.484 ASK:1.485 MID:1.4845 P1:1.4845 P2:1.4845 P3:1.4845 P4:1.4845 STATE:IDLE
[2026-05-04 20:54:48Z] CHK MOM:0% RANGE:0% UP:0% SPREAD:0.06738544% BID:1.484 ASK:1.485 MID:1.4845 P1:1.4845 P2:1.4845 P3:1.4845 P4:1.4845 STATE:IDLE
[2026-05-04 20:54:49Z] CHK MOM:0% RANGE:0% UP:0% SPREAD:0.06738544% BID:1.484 ASK:1.485 MID:1.4845 P1:1.4845 P2:1.4845 P3:1.4845 P4:1.4845 STATE:IDLE
[2026-05-04 20:54:50Z] CHK MOM:0% RANGE:0% UP:0% SPREAD:0.06738544% BID:1.484 ASK:1.485 MID:1.4845 P1:1.4845 P2:1.4845 P3:1.4845 P4:1.4845 STATE:IDLE
[2026-05-04 20:54:50Z] CHK MOM:0% RANGE:0% UP:0% SPREAD:0.06738544% BID:1.484 ASK:1.485 MID:1.4845 P1:1.4845 P2:1.4845 P3:1.4845 P4:1.4845 STATE:IDLE
[2026-05-04 20:54:51Z] CHK MOM:0% RANGE:0% UP:0% SPREAD:0.06738544% BID:1.484 ASK:1.485 MID:1.4845 P1:1.4845 P2:1.4845 P3:1.4845 P4:1.4845 STATE:IDLE
[2026-05-04 20:54:51Z] CHK MOM:0% RANGE:0% UP:0% SPREAD:0.06738544% BID:1.484 ASK:1.485 MID:1.4845 P1:1.4845 P2:1.4845 P3:1.4845 P4:1.4845 STATE:IDLE
[2026-05-04 20:54:52Z] CHK MOM:0% RANGE:0% UP:0% SPREAD:0.06738544% BID:1.484 ASK:1.485 MID:1.4845 P1:1.4845 P2:1.4845 P3:1.4845 P4:1.4845 STATE:IDLE
[2026-05-04 20:54:52Z] CHK MOM:0% RANGE:0% UP:0% SPREAD:0.06738544% BID:1.484 ASK:1.485 MID:1.4845 P1:1.4845 P2:1.4845 P3:1.4845 P4:1.4845 STATE:IDLE
[2026-05-04 20:54:53Z] CHK MOM:0% RANGE:0% UP:0% SPREAD:0.06738544% BID:1.484 ASK:1.485 MID:1.4845 P1:1.4845 P2:1.4845 P3:1.4845 P4:1.4845 STATE:IDLE
[2026-05-04 20:54:53Z] CHK MOM:0% RANGE:0% UP:0% SPREAD:0.06738544% BID:1.484 ASK:1.485 MID:1.4845 P1:1.4845 P2:1.4845 P3:1.4845 P4:1.4845 STATE:IDLE
[2026-05-04 20:54:54Z] CHK MOM:0% RANGE:0% UP:0% SPREAD:0.06738544% BID:1.484 ASK:1.485 MID:1.4845 P1:1.4845 P2:1.4845 P3:1.4845 P4:1.4845 STATE:IDLE
[2026-05-04 20:54:55Z] CHK MOM:0% RANGE:0% UP:0% SPREAD:0.06738544% BID:1.484 ASK:1.485 MID:1.4845 P1:1.4845 P2:1.4845 P3:1.4845 P4:1.4845 STATE:IDLE
[2026-05-04 20:54:55Z] CHK MOM:0% RANGE:0% UP:0% SPREAD:0.06738544% BID:1.484 ASK:1.485 MID:1.4845 P1:1.4845 P2:1.4845 P3:1.4845 P4:1.4845 STATE:IDLE
[2026-05-04 20:54:56Z] CHK MOM:0% RANGE:0% UP:0% SPREAD:0.06738544% BID:1.484 ASK:1.485 MID:1.4845 P1:1.4845 P2:1.4845 P3:1.4845 P4:1.4845 STATE:IDLE
[2026-05-04 20:54:56Z] CHK MOM:0.06% RANGE:0.06% UP:20% SPREAD:0.06734006% BID:1.485 ASK:1.486 MID:1.4855 P1:1.4855 P2:1.4845 P3:1.4845 P4:1.4845 STATE:IDLE
[2026-05-04 20:54:57Z] CHK MOM:0.06% RANGE:0.06% UP:16.66% SPREAD:0.06734006% BID:1.485 ASK:1.486 MID:1.4855 P1:1.4855 P2:1.4855 P3:1.4845 P4:1.4845 STATE:IDLE
[2026-05-04 20:54:57Z] CHK MOM:0% RANGE:0.06% UP:14.28% SPREAD:0.06738544% BID:1.484 ASK:1.485 MID:1.4845 P1:1.4845 P2:1.4855 P3:1.4855 P4:1.4845 STATE:IDLE
[2026-05-04 20:54:58Z] CHK MOM:-0.06% RANGE:0.13% UP:12.5% SPREAD:0.06743088% BID:1.483 ASK:1.484 MID:1.4835 P1:1.4835 P2:1.4845 P3:1.4855 P4:1.4855 STATE:IDLE
[2026-05-04 20:54:58Z] CHK MOM:-0.06% RANGE:0.13% UP:11.11% SPREAD:0.06743088% BID:1.483 ASK:1.484 MID:1.4835 P1:1.4835 P2:1.4835 P3:1.4845 P4:1.4855 STATE:IDLE
[2026-05-04 20:54:59Z] CHK MOM:-0.13% RANGE:0.2% UP:10% SPREAD:0.06747638% BID:1.482 ASK:1.483 MID:1.4825 P1:1.4825 P2:1.4835 P3:1.4835 P4:1.4845 STATE:IDLE
[2026-05-04 20:54:59Z] CHK MOM:-0.06% RANGE:0.2% UP:22.22% SPREAD:0.06743088% BID:1.483 ASK:1.484 MID:1.4835 P1:1.4835 P2:1.4825 P3:1.4835 P4:1.4835 STATE:IDLE
[2026-05-04 20:55:01Z] CHK MOM:-0.06% RANGE:0.2% UP:22.22% SPREAD:0.06743088% BID:1.483 ASK:1.484 MID:1.4835 P1:1.4835 P2:1.4835 P3:1.4825 P4:1.4835 STATE:IDLE
[2026-05-04 20:55:01Z] CHK MOM:-0.06% RANGE:0.2% UP:20% SPREAD:0.06743088% BID:1.483 ASK:1.484 MID:1.4835 P1:1.4835 P2:1.4835 P3:1.4835 P4:1.4825 STATE:IDLE
[2026-05-04 20:55:02Z] CHK MOM:-0.06% RANGE:0.2% UP:20% SPREAD:0.06743088% BID:1.483 ASK:1.484 MID:1.4835 P1:1.4835 P2:1.4835 P3:1.4835 P4:1.4835 STATE:IDLE
[2026-05-04 20:55:02Z] CHK MOM:-0.13% RANGE:0.2% UP:10% SPREAD:0.06743088% BID:1.483 ASK:1.484 MID:1.4835 P1:1.4835 P2:1.4835 P3:1.4835 P4:1.4835 STATE:IDLE
[2026-05-04 20:55:03Z] CHK MOM:-0.13% RANGE:0.2% UP:10% SPREAD:0.06743088% BID:1.483 ASK:1.484 MID:1.4835 P1:1.4835 P2:1.4835 P3:1.4835 P4:1.4835 STATE:IDLE
[2026-05-04 20:55:03Z] CHK MOM:-0.13% RANGE:0.2% UP:9.09% SPREAD:0.06743088% BID:1.483 ASK:1.484 MID:1.4835 P1:1.4835 P2:1.4835 P3:1.4835 P4:1.4835 STATE:IDLE
[2026-05-04 20:55:04Z] CHK MOM:-0.13% RANGE:0.2% UP:9.09% SPREAD:0.06743088% BID:1.483 ASK:1.484 MID:1.4835 P1:1.4835 P2:1.4835 P3:1.4835 P4:1.4835 STATE:IDLE
[2026-05-04 20:55:04Z] CHK MOM:-0.13% RANGE:0.2% UP:9.09% SPREAD:0.06743088% BID:1.483 ASK:1.484 MID:1.4835 P1:1.4835 P2:1.4835 P3:1.4835 P4:1.4835 STATE:IDLE
[2026-05-04 20:55:05Z] CHK MOM:-0.2% RANGE:0.2% UP:9.09% SPREAD:0.06747638% BID:1.482 ASK:1.483 MID:1.4825 P1:1.4825 P2:1.4835 P3:1.4835 P4:1.4835 STATE:IDLE
[2026-05-04 20:55:06Z] CHK MOM:-0.13% RANGE:0.13% UP:9.09% SPREAD:0.06747638% BID:1.482 ASK:1.483 MID:1.4825 P1:1.4825 P2:1.4825 P3:1.4835 P4:1.4835 STATE:IDLE
[2026-05-04 20:55:06Z] CHK MOM:-0.06% RANGE:0.06% UP:9.09% SPREAD:0.06747638% BID:1.482 ASK:1.483 MID:1.4825 P1:1.4825 P2:1.4825 P3:1.4825 P4:1.4835 STATE:IDLE
[2026-05-04 20:55:07Z] CHK MOM:-0.06% RANGE:0.06% UP:9.09% SPREAD:0.06747638% BID:1.482 ASK:1.483 MID:1.4825 P1:1.4825 P2:1.4825 P3:1.4825 P4:1.4835 STATE:IDLE
[2026-05-04 20:55:07Z] CHK MOM:-0.06% RANGE:0.06% UP:9.09% SPREAD:0.06747638% BID:1.482 ASK:1.483 MID:1.4825 P1:1.4825 P2:1.4825 P3:1.4825 P4:1.4835 STATE:IDLE
[2026-05-04 20:55:08Z] CHK MOM:-0.06% RANGE:0.06% UP:0% SPREAD:0.06747638% BID:1.482 ASK:1.483 MID:1.4825 P1:1.4825 P2:1.4825 P3:1.4825 P4:1.4825 STATE:IDLE
[2026-05-04 20:55:08Z] CHK MOM:-0.06% RANGE:0.06% UP:0% SPREAD:0.06747638% BID:1.482 ASK:1.483 MID:1.4825 P1:1.4825 P2:1.4825 P3:1.4825 P4:1.4825 STATE:IDLE
[2026-05-04 20:55:09Z] CHK MOM:-0.06% RANGE:0.06% UP:0% SPREAD:0.06747638% BID:1.482 ASK:1.483 MID:1.4825 P1:1.4825 P2:1.4825 P3:1.4825 P4:1.4825 STATE:IDLE
[2026-05-04 20:55:09Z] CHK MOM:-0.06% RANGE:0.06% UP:0% SPREAD:0.06747638% BID:1.482 ASK:1.483 MID:1.4825 P1:1.4825 P2:1.4825 P3:1.4825 P4:1.4825 STATE:IDLE
[2026-05-04 20:55:10Z] CHK MOM:0% RANGE:0.06% UP:11.11% SPREAD:0.06743088% BID:1.483 ASK:1.484 MID:1.4835 P1:1.4835 P2:1.4825 P3:1.4825 P4:1.4825 STATE:IDLE
[2026-05-04 20:55:10Z] CHK MOM:0% RANGE:0.06% UP:11.11% SPREAD:0.06743088% BID:1.483 ASK:1.484 MID:1.4835 P1:1.4835 P2:1.4835 P3:1.4825 P4:1.4825 STATE:IDLE
[2026-05-04 20:55:11Z] CHK MOM:0% RANGE:0.06% UP:11.11% SPREAD:0.06743088% BID:1.483 ASK:1.484 MID:1.4835 P1:1.4835 P2:1.4835 P3:1.4825 P4:1.4825 STATE:IDLE
[2026-05-04 20:55:12Z] CHK MOM:0.06% RANGE:0.06% UP:12.5% SPREAD:0.06743088% BID:1.483 ASK:1.484 MID:1.4835 P1:1.4835 P2:1.4835 P3:1.4835 P4:1.4825 STATE:IDLE
[2026-05-04 20:55:12Z] CHK MOM:0.06% RANGE:0.06% UP:11.11% SPREAD:0.06743088% BID:1.483 ASK:1.484 MID:1.4835 P1:1.4835 P2:1.4835 P3:1.4835 P4:1.4835 STATE:IDLE
[2026-05-04 20:55:13Z] CHK MOM:0.06% RANGE:0.06% UP:10% SPREAD:0.06743088% BID:1.483 ASK:1.484 MID:1.4835 P1:1.4835 P2:1.4835 P3:1.4835 P4:1.4835 STATE:IDLE
[2026-05-04 20:55:13Z] CHK MOM:0.06% RANGE:0.06% UP:10% SPREAD:0.06743088% BID:1.483 ASK:1.484 MID:1.4835 P1:1.4835 P2:1.4835 P3:1.4835 P4:1.4835 STATE:IDLE
[2026-05-04 20:55:14Z] CHK MOM:0.06% RANGE:0.06% UP:12.5% SPREAD:0.06743088% BID:1.483 ASK:1.484 MID:1.4835 P1:1.4835 P2:1.4835 P3:1.4835 P4:1.4835 STATE:IDLE
[2026-05-04 20:55:14Z] CHK MOM:0.06% RANGE:0.06% UP:11.11% SPREAD:0.06743088% BID:1.483 ASK:1.484 MID:1.4835 P1:1.4835 P2:1.4835 P3:1.4835 P4:1.4835 STATE:IDLE
[2026-05-04 20:55:15Z] CHK MOM:0.06% RANGE:0.06% UP:11.11% SPREAD:0.06743088% BID:1.483 ASK:1.484 MID:1.4835 P1:1.4835 P2:1.4835 P3:1.4835 P4:1.4835 STATE:IDLE
[2026-05-04 20:55:15Z] CHK MOM:0.13% RANGE:0.13% UP:20% SPREAD:0.06738544% BID:1.484 ASK:1.485 MID:1.4845 P1:1.4845 P2:1.4835 P3:1.4835 P4:1.4835 STATE:IDLE
[2026-05-04 20:55:16Z] CHK MOM:0.13% RANGE:0.13% UP:20% SPREAD:0.06738544% BID:1.484 ASK:1.485 MID:1.4845 P1:1.4845 P2:1.4835 P3:1.4835 P4:1.4835 STATE:IDLE
[2026-05-04 20:55:17Z] CHK MOM:0.13% RANGE:0.13% UP:22.22% SPREAD:0.06738544% BID:1.484 ASK:1.485 MID:1.4845 P1:1.4845 P2:1.4845 P3:1.4835 P4:1.4835 STATE:IDLE
[2026-05-04 20:55:17Z] CHK MOM:0.06% RANGE:0.13% UP:20% SPREAD:0.06743088% BID:1.483 ASK:1.484 MID:1.4835 P1:1.4835 P2:1.4845 P3:1.4845 P4:1.4835 STATE:IDLE
[2026-05-04 20:55:18Z] CHK MOM:0% RANGE:0.06% UP:11.11% SPREAD:0.06743088% BID:1.483 ASK:1.484 MID:1.4835 P1:1.4835 P2:1.4835 P3:1.4845 P4:1.4845 STATE:IDLE
[2026-05-04 20:55:18Z] CHK MOM:0% RANGE:0.06% UP:11.11% SPREAD:0.06743088% BID:1.483 ASK:1.484 MID:1.4835 P1:1.4835 P2:1.4835 P3:1.4835 P4:1.4845 STATE:IDLE
[2026-05-04 20:55:19Z] CHK MOM:0% RANGE:0.06% UP:10% SPREAD:0.06743088% BID:1.483 ASK:1.484 MID:1.4835 P1:1.4835 P2:1.4835 P3:1.4835 P4:1.4835 STATE:IDLE
[2026-05-04 20:55:19Z] CHK MOM:0.06% RANGE:0.06% UP:18.18% SPREAD:0.06738544% BID:1.484 ASK:1.485 MID:1.4845 P1:1.4845 P2:1.4835 P3:1.4835 P4:1.4835 STATE:IDLE
[2026-05-04 20:55:20Z] CHK MOM:0.06% RANGE:0.06% UP:18.18% SPREAD:0.06738544% BID:1.484 ASK:1.485 MID:1.4845 P1:1.4845 P2:1.4835 P3:1.4835 P4:1.4835 STATE:IDLE
[2026-05-04 20:55:20Z] CHK MOM:0.06% RANGE:0.06% UP:18.18% SPREAD:0.06738544% BID:1.484 ASK:1.485 MID:1.4845 P1:1.4845 P2:1.4835 P3:1.4835 P4:1.4835 STATE:IDLE
[2026-05-04 20:55:21Z] CHK MOM:0.06% RANGE:0.06% UP:18.18% SPREAD:0.06738544% BID:1.484 ASK:1.485 MID:1.4845 P1:1.4845 P2:1.4835 P3:1.4835 P4:1.4835 STATE:IDLE
[2026-05-04 20:55:21Z] CHK MOM:0.06% RANGE:0.06% UP:22.22% SPREAD:0.06738544% BID:1.484 ASK:1.485 MID:1.4845 P1:1.4845 P2:1.4845 P3:1.4835 P4:1.4835 STATE:IDLE
[2026-05-04 20:55:22Z] CHK MOM:0.06% RANGE:0.06% UP:22.22% SPREAD:0.06738544% BID:1.484 ASK:1.485 MID:1.4845 P1:1.4845 P2:1.4845 P3:1.4835 P4:1.4835 STATE:IDLE
[2026-05-04 20:55:23Z] CHK MOM:0% RANGE:0.06% UP:12.5% SPREAD:0.06738544% BID:1.484 ASK:1.485 MID:1.4845 P1:1.4845 P2:1.4845 P3:1.4845 P4:1.4835 STATE:IDLE
[2026-05-04 20:55:23Z] CHK MOM:0% RANGE:0.06% UP:12.5% SPREAD:0.06738544% BID:1.484 ASK:1.485 MID:1.4845 P1:1.4845 P2:1.4845 P3:1.4845 P4:1.4835 STATE:IDLE
[2026-05-04 20:55:24Z] CHK MOM:0% RANGE:0.06% UP:12.5% SPREAD:0.06738544% BID:1.484 ASK:1.485 MID:1.4845 P1:1.4845 P2:1.4845 P3:1.4845 P4:1.4835 STATE:IDLE
[2026-05-04 20:55:24Z] CHK MOM:0% RANGE:0.06% UP:12.5% SPREAD:0.06738544% BID:1.484 ASK:1.485 MID:1.4845 P1:1.4845 P2:1.4845 P3:1.4845 P4:1.4835 STATE:IDLE
[2026-05-04 20:55:25Z] CHK MOM:0% RANGE:0.06% UP:12.5% SPREAD:0.06738544% BID:1.484 ASK:1.485 MID:1.4845 P1:1.4845 P2:1.4845 P3:1.4845 P4:1.4835 STATE:IDLE
[2026-05-04 20:55:25Z] CHK MOM:0% RANGE:0.06% UP:12.5% SPREAD:0.06738544% BID:1.484 ASK:1.485 MID:1.4845 P1:1.4845 P2:1.4845 P3:1.4845 P4:1.4835 STATE:IDLE
[2026-05-04 20:55:27Z] CHK MOM:0.06% RANGE:0.06% UP:25% SPREAD:0.06738544% BID:1.484 ASK:1.485 MID:1.4845 P1:1.4845 P2:1.4845 P3:1.4845 P4:1.4845 STATE:IDLE
[2026-05-04 20:55:28Z] CHK MOM:-0.06% RANGE:0.06% UP:0% SPREAD:0.06743088% BID:1.483 ASK:1.484 MID:1.4835 P1:1.4835 P2:1.4845 P3:1.4845 P4:1.4845 STATE:IDLE
[2026-05-04 20:55:28Z] CHK MOM:-0.06% RANGE:0.06% UP:0% SPREAD:0.06743088% BID:1.483 ASK:1.484 MID:1.4835 P1:1.4835 P2:1.4835 P3:1.4845 P4:1.4845 STATE:IDLE
[2026-05-04 20:55:29Z] CHK MOM:-0.03% RANGE:0.06% UP:20% SPREAD:0.13486176% BID:1.483 ASK:1.485 MID:1.484 P1:1.484 P2:1.4835 P3:1.4835 P4:1.4845 STATE:IDLE
[2026-05-04 20:55:29Z] CHK MOM:-0.06% RANGE:0.06% UP:16.66% SPREAD:0.06743088% BID:1.483 ASK:1.484 MID:1.4835 P1:1.4835 P2:1.484 P3:1.4835 P4:1.4835 STATE:IDLE
[2026-05-04 20:55:30Z] CHK MOM:-0.06% RANGE:0.06% UP:16.66% SPREAD:0.06743088% BID:1.483 ASK:1.484 MID:1.4835 P1:1.4835 P2:1.4835 P3:1.484 P4:1.4835 STATE:IDLE
[2026-05-04 20:55:30Z] CHK MOM:-0.06% RANGE:0.06% UP:16.66% SPREAD:0.06743088% BID:1.483 ASK:1.484 MID:1.4835 P1:1.4835 P2:1.4835 P3:1.484 P4:1.4835 STATE:IDLE
[2026-05-04 20:55:31Z] CHK MOM:-0.06% RANGE:0.06% UP:16.66% SPREAD:0.06743088% BID:1.483 ASK:1.484 MID:1.4835 P1:1.4835 P2:1.4835 P3:1.484 P4:1.4835 STATE:IDLE
[2026-05-04 20:55:31Z] CHK MOM:-0.06% RANGE:0.06% UP:16.66% SPREAD:0.06743088% BID:1.483 ASK:1.484 MID:1.4835 P1:1.4835 P2:1.4835 P3:1.484 P4:1.4835 STATE:IDLE
[2026-05-04 20:55:32Z] CHK MOM:-0.06% RANGE:0.06% UP:16.66% SPREAD:0.06743088% BID:1.483 ASK:1.484 MID:1.4835 P1:1.4835 P2:1.4835 P3:1.484 P4:1.4835 STATE:IDLE
[2026-05-04 20:55:32Z] CHK MOM:-0.06% RANGE:0.06% UP:16.66% SPREAD:0.06743088% BID:1.483 ASK:1.484 MID:1.4835 P1:1.4835 P2:1.4835 P3:1.484 P4:1.4835 STATE:IDLE
[2026-05-04 20:55:34Z] CHK MOM:-0.06% RANGE:0.06% UP:16.66% SPREAD:0.06743088% BID:1.483 ASK:1.484 MID:1.4835 P1:1.4835 P2:1.4835 P3:1.4835 P4:1.484 STATE:IDLE
[2026-05-04 20:55:34Z] CHK MOM:-0.06% RANGE:0.06% UP:16.66% SPREAD:0.06743088% BID:1.483 ASK:1.484 MID:1.4835 P1:1.4835 P2:1.4835 P3:1.4835 P4:1.484 STATE:IDLE
[2026-05-04 20:55:35Z] CHK MOM:-0.06% RANGE:0.06% UP:16.66% SPREAD:0.06743088% BID:1.483 ASK:1.484 MID:1.4835 P1:1.4835 P2:1.4835 P3:1.4835 P4:1.484 STATE:IDLE
[2026-05-04 20:55:35Z] CHK MOM:-0.06% RANGE:0.06% UP:16.66% SPREAD:0.06743088% BID:1.483 ASK:1.484 MID:1.4835 P1:1.4835 P2:1.4835 P3:1.4835 P4:1.484 STATE:IDLE
[2026-05-04 20:55:36Z] CHK MOM:-0.06% RANGE:0.06% UP:16.66% SPREAD:0.06743088% BID:1.483 ASK:1.484 MID:1.4835 P1:1.4835 P2:1.4835 P3:1.4835 P4:1.484 STATE:IDLE
[2026-05-04 20:55:37Z] CHK MOM:-0.03% RANGE:0.03% UP:0% SPREAD:0.06743088% BID:1.483 ASK:1.484 MID:1.4835 P1:1.4835 P2:1.4835 P3:1.4835 P4:1.4835 STATE:IDLE
[2026-05-04 20:55:37Z] CHK MOM:0% RANGE:0% UP:0% SPREAD:0.06743088% BID:1.483 ASK:1.484 MID:1.4835 P1:1.4835 P2:1.4835 P3:1.4835 P4:1.4835 STATE:IDLE
[2026-05-04 20:55:38Z] CHK MOM:0% RANGE:0% UP:0% SPREAD:0.06743088% BID:1.483 ASK:1.484 MID:1.4835 P1:1.4835 P2:1.4835 P3:1.4835 P4:1.4835 STATE:IDLE
[2026-05-04 20:55:38Z] CHK MOM:0.06% RANGE:0.06% UP:33.33% SPREAD:0.06738544% BID:1.484 ASK:1.485 MID:1.4845 P1:1.4845 P2:1.4835 P3:1.4835 P4:1.4835 STATE:IDLE
[2026-05-04 20:55:39Z] CHK MOM:0.06% RANGE:0.06% UP:33.33% SPREAD:0.06738544% BID:1.484 ASK:1.485 MID:1.4845 P1:1.4845 P2:1.4835 P3:1.4835 P4:1.4835 STATE:IDLE
[2026-05-04 20:55:40Z] CHK MOM:0.06% RANGE:0.06% UP:33.33% SPREAD:0.06738544% BID:1.484 ASK:1.485 MID:1.4845 P1:1.4845 P2:1.4835 P3:1.4835 P4:1.4835 STATE:IDLE
[2026-05-04 20:55:40Z] CHK MOM:0.06% RANGE:0.06% UP:33.33% SPREAD:0.06738544% BID:1.484 ASK:1.485 MID:1.4845 P1:1.4845 P2:1.4835 P3:1.4835 P4:1.4835 STATE:IDLE
[2026-05-04 20:55:41Z] CHK MOM:0.06% RANGE:0.06% UP:33.33% SPREAD:0.06738544% BID:1.484 ASK:1.485 MID:1.4845 P1:1.4845 P2:1.4835 P3:1.4835 P4:1.4835 STATE:IDLE
[2026-05-04 20:55:41Z] CHK MOM:0.06% RANGE:0.06% UP:33.33% SPREAD:0.06738544% BID:1.484 ASK:1.485 MID:1.4845 P1:1.4845 P2:1.4845 P3:1.4835 P4:1.4835 STATE:IDLE
[2026-05-04 20:55:42Z] CHK MOM:0.06% RANGE:0.06% UP:25% SPREAD:0.06738544% BID:1.484 ASK:1.485 MID:1.4845 P1:1.4845 P2:1.4845 P3:1.4845 P4:1.4835 STATE:IDLE
[2026-05-04 20:55:42Z] CHK MOM:0.06% RANGE:0.06% UP:20% SPREAD:0.06738544% BID:1.484 ASK:1.485 MID:1.4845 P1:1.4845 P2:1.4845 P3:1.4845 P4:1.4845 STATE:IDLE
[2026-05-04 20:55:43Z] CHK MOM:0.06% RANGE:0.06% UP:16.66% SPREAD:0.06738544% BID:1.484 ASK:1.485 MID:1.4845 P1:1.4845 P2:1.4845 P3:1.4845 P4:1.4845 STATE:IDLE
[2026-05-04 20:55:43Z] CHK MOM:0.06% RANGE:0.06% UP:16.66% SPREAD:0.06738544% BID:1.484 ASK:1.485 MID:1.4845 P1:1.4845 P2:1.4845 P3:1.4845 P4:1.4845 STATE:IDLE
[2026-05-04 20:55:44Z] CHK MOM:0.13% RANGE:0.13% UP:28.57% SPREAD:0.06734006% BID:1.485 ASK:1.486 MID:1.4855 P1:1.4855 P2:1.4845 P3:1.4845 P4:1.4845 STATE:IDLE
[2026-05-04 20:55:45Z] CHK MOM:0.13% RANGE:0.13% UP:25% SPREAD:0.06734006% BID:1.485 ASK:1.486 MID:1.4855 P1:1.4855 P2:1.4855 P3:1.4845 P4:1.4845 STATE:IDLE
[2026-05-04 20:55:45Z] CHK MOM:0.13% RANGE:0.13% UP:25% SPREAD:0.06734006% BID:1.485 ASK:1.486 MID:1.4855 P1:1.4855 P2:1.4855 P3:1.4855 P4:1.4845 STATE:IDLE
[2026-05-04 20:55:46Z] CHK MOM:0.13% RANGE:0.13% UP:25% SPREAD:0.06729475% BID:1.486 ASK:1.487 MID:1.4865 P1:1.4865 P2:1.4855 P3:1.4855 P4:1.4855 STATE:IDLE
[2026-05-04 20:55:46Z] CHK MOM:0.13% RANGE:0.13% UP:25% SPREAD:0.06729475% BID:1.486 ASK:1.487 MID:1.4865 P1:1.4865 P2:1.4865 P3:1.4855 P4:1.4855 STATE:IDLE
[2026-05-04 20:55:47Z] CHK MOM:0.13% RANGE:0.13% UP:22.22% SPREAD:0.06729475% BID:1.486 ASK:1.487 MID:1.4865 P1:1.4865 P2:1.4865 P3:1.4865 P4:1.4855 STATE:IDLE
[2026-05-04 20:55:47Z] CHK MOM:0.13% RANGE:0.13% UP:20% SPREAD:0.06729475% BID:1.486 ASK:1.487 MID:1.4865 P1:1.4865 P2:1.4865 P3:1.4865 P4:1.4865 STATE:IDLE
[2026-05-04 20:55:48Z] CHK MOM:0.13% RANGE:0.13% UP:18.18% SPREAD:0.06729475% BID:1.486 ASK:1.487 MID:1.4865 P1:1.4865 P2:1.4865 P3:1.4865 P4:1.4865 STATE:IDLE
[2026-05-04 20:55:48Z] CHK MOM:0.06% RANGE:0.13% UP:16.66% SPREAD:0.06734006% BID:1.485 ASK:1.486 MID:1.4855 P1:1.4855 P2:1.4865 P3:1.4865 P4:1.4865 STATE:IDLE
[2026-05-04 20:55:49Z] CHK MOM:0.06% RANGE:0.13% UP:15.38% SPREAD:0.06734006% BID:1.485 ASK:1.486 MID:1.4855 P1:1.4855 P2:1.4855 P3:1.4865 P4:1.4865 STATE:IDLE
[2026-05-04 20:55:49Z] CHK MOM:0.06% RANGE:0.13% UP:15.38% SPREAD:0.06734006% BID:1.485 ASK:1.486 MID:1.4855 P1:1.4855 P2:1.4855 P3:1.4865 P4:1.4865 STATE:IDLE
[2026-05-04 20:55:50Z] CHK MOM:0.06% RANGE:0.13% UP:15.38% SPREAD:0.06734006% BID:1.485 ASK:1.486 MID:1.4855 P1:1.4855 P2:1.4855 P3:1.4865 P4:1.4865 STATE:IDLE
[2026-05-04 20:55:51Z] CHK MOM:0% RANGE:0.13% UP:18.18% SPREAD:0.06738544% BID:1.484 ASK:1.485 MID:1.4845 P1:1.4845 P2:1.4855 P3:1.4855 P4:1.4865 STATE:IDLE
[2026-05-04 20:55:51Z] CHK MOM:-0.06% RANGE:0.13% UP:9.09% SPREAD:0.06738544% BID:1.484 ASK:1.485 MID:1.4845 P1:1.4845 P2:1.4845 P3:1.4855 P4:1.4855 STATE:IDLE
[2026-05-04 20:55:52Z] CHK MOM:-0.13% RANGE:0.2% UP:9.09% SPREAD:0.06743088% BID:1.483 ASK:1.484 MID:1.4835 P1:1.4835 P2:1.4845 P3:1.4845 P4:1.4855 STATE:IDLE
[2026-05-04 20:55:52Z] CHK MOM:-0.06% RANGE:0.2% UP:16.66% SPREAD:0.06738544% BID:1.484 ASK:1.485 MID:1.4845 P1:1.4845 P2:1.4835 P3:1.4845 P4:1.4845 STATE:IDLE
[2026-05-04 20:55:53Z] CHK MOM:-0.06% RANGE:0.2% UP:16.66% SPREAD:0.06738544% BID:1.484 ASK:1.485 MID:1.4845 P1:1.4845 P2:1.4845 P3:1.4835 P4:1.4845 STATE:IDLE
[2026-05-04 20:55:53Z] CHK MOM:-0.13% RANGE:0.2% UP:8.33% SPREAD:0.06738544% BID:1.484 ASK:1.485 MID:1.4845 P1:1.4845 P2:1.4845 P3:1.4845 P4:1.4835 STATE:IDLE
[2026-05-04 20:55:54Z] CHK MOM:-0.13% RANGE:0.2% UP:8.33% SPREAD:0.06738544% BID:1.484 ASK:1.485 MID:1.4845 P1:1.4845 P2:1.4845 P3:1.4845 P4:1.4835 STATE:IDLE
[2026-05-04 20:55:54Z] CHK MOM:-0.13% RANGE:0.2% UP:8.33% SPREAD:0.06738544% BID:1.484 ASK:1.485 MID:1.4845 P1:1.4845 P2:1.4845 P3:1.4845 P4:1.4835 STATE:IDLE
[2026-05-04 20:55:55Z] CHK MOM:-0.13% RANGE:0.2% UP:8.33% SPREAD:0.06738544% BID:1.484 ASK:1.485 MID:1.4845 P1:1.4845 P2:1.4845 P3:1.4845 P4:1.4835 STATE:IDLE
[2026-05-04 20:55:56Z] CHK MOM:-0.13% RANGE:0.2% UP:11.11% SPREAD:0.06738544% BID:1.484 ASK:1.485 MID:1.4845 P1:1.4845 P2:1.4845 P3:1.4845 P4:1.4845 STATE:IDLE
[2026-05-04 20:55:56Z] CHK MOM:-0.13% RANGE:0.2% UP:11.11% SPREAD:0.06738544% BID:1.484 ASK:1.485 MID:1.4845 P1:1.4845 P2:1.4845 P3:1.4845 P4:1.4845 STATE:IDLE
[2026-05-04 20:55:57Z] CHK MOM:-0.13% RANGE:0.2% UP:11.11% SPREAD:0.06738544% BID:1.484 ASK:1.485 MID:1.4845 P1:1.4845 P2:1.4845 P3:1.4845 P4:1.4845 STATE:IDLE
[2026-05-04 20:55:57Z] CHK MOM:-0.13% RANGE:0.2% UP:11.11% SPREAD:0.06738544% BID:1.484 ASK:1.485 MID:1.4845 P1:1.4845 P2:1.4845 P3:1.4845 P4:1.4845 STATE:IDLE
[2026-05-04 20:55:58Z] CHK MOM:-0.13% RANGE:0.2% UP:11.11% SPREAD:0.06738544% BID:1.484 ASK:1.485 MID:1.4845 P1:1.4845 P2:1.4845 P3:1.4845 P4:1.4845 STATE:IDLE
[2026-05-04 20:55:58Z] CHK MOM:0% RANGE:0.06% UP:14.28% SPREAD:0.06738544% BID:1.484 ASK:1.485 MID:1.4845 P1:1.4845 P2:1.4845 P3:1.4845 P4:1.4845 STATE:IDLE
[2026-05-04 20:55:59Z] CHK MOM:0% RANGE:0.06% UP:14.28% SPREAD:0.06738544% BID:1.484 ASK:1.485 MID:1.4845 P1:1.4845 P2:1.4845 P3:1.4845 P4:1.4845 STATE:IDLE
[2026-05-04 20:55:59Z] CHK MOM:0% RANGE:0.06% UP:14.28% SPREAD:0.06738544% BID:1.484 ASK:1.485 MID:1.4845 P1:1.4845 P2:1.4845 P3:1.4845 P4:1.4845 STATE:IDLE
[2026-05-04 20:56:00Z] CHK MOM:0.06% RANGE:0.06% UP:14.28% SPREAD:0.06738544% BID:1.484 ASK:1.485 MID:1.4845 P1:1.4845 P2:1.4845 P3:1.4845 P4:1.4845 STATE:IDLE
[2026-05-04 20:56:00Z] CHK MOM:0.06% RANGE:0.06% UP:14.28% SPREAD:0.06738544% BID:1.484 ASK:1.485 MID:1.4845 P1:1.4845 P2:1.4845 P3:1.4845 P4:1.4845 STATE:IDLE
[2026-05-04 20:56:01Z] CHK MOM:0% RANGE:0% UP:0% SPREAD:0.06738544% BID:1.484 ASK:1.485 MID:1.4845 P1:1.4845 P2:1.4845 P3:1.4845 P4:1.4845 STATE:IDLE
[2026-05-04 20:56:02Z] CHK MOM:-0.06% RANGE:0.06% UP:0% SPREAD:0.06743088% BID:1.483 ASK:1.484 MID:1.4835 P1:1.4835 P2:1.4845 P3:1.4845 P4:1.4845 STATE:IDLE
[2026-05-04 20:56:02Z] CHK MOM:-0.06% RANGE:0.06% UP:0% SPREAD:0.06743088% BID:1.483 ASK:1.484 MID:1.4835 P1:1.4835 P2:1.4835 P3:1.4845 P4:1.4845 STATE:IDLE
[2026-05-04 20:56:03Z] CHK MOM:-0.06% RANGE:0.06% UP:0% SPREAD:0.06743088% BID:1.483 ASK:1.484 MID:1.4835 P1:1.4835 P2:1.4835 P3:1.4845 P4:1.4845 STATE:IDLE
[2026-05-04 20:56:03Z] CHK MOM:-0.06% RANGE:0.06% UP:0% SPREAD:0.06743088% BID:1.483 ASK:1.484 MID:1.4835 P1:1.4835 P2:1.4835 P3:1.4845 P4:1.4845 STATE:IDLE
[2026-05-04 20:56:04Z] CHK MOM:-0.06% RANGE:0.06% UP:0% SPREAD:0.06743088% BID:1.483 ASK:1.484 MID:1.4835 P1:1.4835 P2:1.4835 P3:1.4835 P4:1.4845 STATE:IDLE
[2026-05-04 20:56:04Z] CHK MOM:-0.06% RANGE:0.06% UP:0% SPREAD:0.06743088% BID:1.483 ASK:1.484 MID:1.4835 P1:1.4835 P2:1.4835 P3:1.4835 P4:1.4835 STATE:IDLE
[2026-05-04 20:56:05Z] CHK MOM:-0.06% RANGE:0.06% UP:0% SPREAD:0.06743088% BID:1.483 ASK:1.484 MID:1.4835 P1:1.4835 P2:1.4835 P3:1.4835 P4:1.4835 STATE:IDLE
[2026-05-04 20:56:05Z] CHK MOM:-0.06% RANGE:0.06% UP:0% SPREAD:0.06743088% BID:1.483 ASK:1.484 MID:1.4835 P1:1.4835 P2:1.4835 P3:1.4835 P4:1.4835 STATE:IDLE
[2026-05-04 20:56:06Z] CHK MOM:-0.06% RANGE:0.06% UP:0% SPREAD:0.06743088% BID:1.483 ASK:1.484 MID:1.4835 P1:1.4835 P2:1.4835 P3:1.4835 P4:1.4835 STATE:IDLE
[2026-05-04 20:56:07Z] CHK MOM:-0.06% RANGE:0.06% UP:0% SPREAD:0.06743088% BID:1.483 ASK:1.484 MID:1.4835 P1:1.4835 P2:1.4835 P3:1.4835 P4:1.4835 STATE:IDLE
[2026-05-04 20:56:07Z] CHK MOM:-0.06% RANGE:0.06% UP:0% SPREAD:0.06743088% BID:1.483 ASK:1.484 MID:1.4835 P1:1.4835 P2:1.4835 P3:1.4835 P4:1.4835 STATE:IDLE
[2026-05-04 20:56:08Z] CHK MOM:-0.06% RANGE:0.06% UP:0% SPREAD:0.06743088% BID:1.483 ASK:1.484 MID:1.4835 P1:1.4835 P2:1.4835 P3:1.4835 P4:1.4835 STATE:IDLE
[2026-05-04 20:56:08Z] CHK MOM:-0.06% RANGE:0.06% UP:0% SPREAD:0.06743088% BID:1.483 ASK:1.484 MID:1.4835 P1:1.4835 P2:1.4835 P3:1.4835 P4:1.4835 STATE:IDLE
[2026-05-04 20:56:09Z] CHK MOM:0% RANGE:0% UP:0% SPREAD:0.06743088% BID:1.483 ASK:1.484 MID:1.4835 P1:1.4835 P2:1.4835 P3:1.4835 P4:1.4835 STATE:IDLE
[2026-05-04 20:56:09Z] CHK MOM:0% RANGE:0% UP:0% SPREAD:0.06743088% BID:1.483 ASK:1.484 MID:1.4835 P1:1.4835 P2:1.4835 P3:1.4835 P4:1.4835 STATE:IDLE
[2026-05-04 20:56:10Z] CHK MOM:0% RANGE:0% UP:0% SPREAD:0.06743088% BID:1.483 ASK:1.484 MID:1.4835 P1:1.4835 P2:1.4835 P3:1.4835 P4:1.4835 STATE:IDLE
[2026-05-04 20:56:10Z] CHK MOM:0% RANGE:0% UP:0% SPREAD:0.06743088% BID:1.483 ASK:1.484 MID:1.4835 P1:1.4835 P2:1.4835 P3:1.4835 P4:1.4835 STATE:IDLE
[2026-05-04 20:56:11Z] CHK MOM:0% RANGE:0% UP:0% SPREAD:0.06743088% BID:1.483 ASK:1.484 MID:1.4835 P1:1.4835 P2:1.4835 P3:1.4835 P4:1.4835 STATE:IDLE
[2026-05-04 20:56:11Z] CHK MOM:0% RANGE:0% UP:0% SPREAD:0.06743088% BID:1.483 ASK:1.484 MID:1.4835 P1:1.4835 P2:1.4835 P3:1.4835 P4:1.4835 STATE:IDLE
[2026-05-04 20:56:12Z] CHK MOM:0% RANGE:0% UP:0% SPREAD:0.06743088% BID:1.483 ASK:1.484 MID:1.4835 P1:1.4835 P2:1.4835 P3:1.4835 P4:1.4835 STATE:IDLE
[2026-05-04 20:56:13Z] CHK MOM:0% RANGE:0% UP:0% SPREAD:0.06743088% BID:1.483 ASK:1.484 MID:1.4835 P1:1.4835 P2:1.4835 P3:1.4835 P4:1.4835 STATE:IDLE
[2026-05-04 20:56:13Z] CHK MOM:0% RANGE:0% UP:0% SPREAD:0.06743088% BID:1.483 ASK:1.484 MID:1.4835 P1:1.4835 P2:1.4835 P3:1.4835 P4:1.4835 STATE:IDLE
[2026-05-04 20:56:14Z] CHK MOM:0% RANGE:0% UP:0% SPREAD:0.06743088% BID:1.483 ASK:1.484 MID:1.4835 P1:1.4835 P2:1.4835 P3:1.4835 P4:1.4835 STATE:IDLE
[2026-05-04 20:56:14Z] CHK MOM:0% RANGE:0% UP:0% SPREAD:0.06743088% BID:1.483 ASK:1.484 MID:1.4835 P1:1.4835 P2:1.4835 P3:1.4835 P4:1.4835 STATE:IDLE
[2026-05-04 20:56:15Z] CHK MOM:0% RANGE:0% UP:0% SPREAD:0.06743088% BID:1.483 ASK:1.484 MID:1.4835 P1:1.4835 P2:1.4835 P3:1.4835 P4:1.4835 STATE:IDLE
[2026-05-04 20:56:15Z] CHK MOM:0% RANGE:0% UP:0% SPREAD:0.06743088% BID:1.483 ASK:1.484 MID:1.4835 P1:1.4835 P2:1.4835 P3:1.4835 P4:1.4835 STATE:IDLE
[2026-05-04 20:56:16Z] CHK MOM:0% RANGE:0% UP:0% SPREAD:0.06743088% BID:1.483 ASK:1.484 MID:1.4835 P1:1.4835 P2:1.4835 P3:1.4835 P4:1.4835 STATE:IDLE
[2026-05-04 20:56:16Z] CHK MOM:0% RANGE:0% UP:0% SPREAD:0.06743088% BID:1.483 ASK:1.484 MID:1.4835 P1:1.4835 P2:1.4835 P3:1.4835 P4:1.4835 STATE:IDLE
[2026-05-04 20:56:17Z] CHK MOM:0% RANGE:0% UP:0% SPREAD:0.06743088% BID:1.483 ASK:1.484 MID:1.4835 P1:1.4835 P2:1.4835 P3:1.4835 P4:1.4835 STATE:IDLE
[2026-05-04 20:56:18Z] CHK MOM:0.06% RANGE:0.06% UP:16.66% SPREAD:0.06738544% BID:1.484 ASK:1.485 MID:1.4845 P1:1.4845 P2:1.4835 P3:1.4835 P4:1.4835 STATE:IDLE
[2026-05-04 20:56:18Z] CHK MOM:0% RANGE:0.06% UP:14.28% SPREAD:0.06743088% BID:1.483 ASK:1.484 MID:1.4835 P1:1.4835 P2:1.4845 P3:1.4835 P4:1.4835 STATE:IDLE
[2026-05-04 20:56:19Z] CHK MOM:0% RANGE:0.06% UP:14.28% SPREAD:0.06743088% BID:1.483 ASK:1.484 MID:1.4835 P1:1.4835 P2:1.4835 P3:1.4845 P4:1.4835 STATE:IDLE
[2026-05-04 20:56:19Z] CHK MOM:0% RANGE:0.06% UP:14.28% SPREAD:0.06743088% BID:1.483 ASK:1.484 MID:1.4835 P1:1.4835 P2:1.4835 P3:1.4845 P4:1.4835 STATE:IDLE
[2026-05-04 20:56:20Z] CHK MOM:0.06% RANGE:0.06% UP:28.57% SPREAD:0.06738544% BID:1.484 ASK:1.485 MID:1.4845 P1:1.4845 P2:1.4835 P3:1.4835 P4:1.4845 STATE:IDLE
[2026-05-04 20:56:20Z] CHK MOM:0.03% RANGE:0.06% UP:28.57% SPREAD:0.13486176% BID:1.483 ASK:1.485 MID:1.484 P1:1.484 P2:1.4845 P3:1.4835 P4:1.4835 STATE:IDLE
[2026-05-04 20:56:21Z] CHK MOM:0.03% RANGE:0.06% UP:25% SPREAD:0.13486176% BID:1.483 ASK:1.485 MID:1.484 P1:1.484 P2:1.484 P3:1.4845 P4:1.4835 STATE:IDLE
[2026-05-04 20:56:21Z] CHK MOM:0% RANGE:0.06% UP:22.22% SPREAD:0.06743088% BID:1.483 ASK:1.484 MID:1.4835 P1:1.4835 P2:1.484 P3:1.484 P4:1.4845 STATE:IDLE
[2026-05-04 20:56:22Z] CHK MOM:0% RANGE:0.06% UP:22.22% SPREAD:0.06743088% BID:1.483 ASK:1.484 MID:1.4835 P1:1.4835 P2:1.484 P3:1.484 P4:1.4845 STATE:IDLE
[2026-05-04 20:56:22Z] CHK MOM:0% RANGE:0.06% UP:22.22% SPREAD:0.06743088% BID:1.483 ASK:1.484 MID:1.4835 P1:1.4835 P2:1.484 P3:1.484 P4:1.4845 STATE:IDLE
[2026-05-04 20:56:23Z] CHK MOM:0% RANGE:0.06% UP:22.22% SPREAD:0.06743088% BID:1.483 ASK:1.484 MID:1.4835 P1:1.4835 P2:1.484 P3:1.484 P4:1.4845 STATE:IDLE
[2026-05-04 20:56:24Z] CHK MOM:0% RANGE:0.06% UP:22.22% SPREAD:0.06743088% BID:1.483 ASK:1.484 MID:1.4835 P1:1.4835 P2:1.484 P3:1.484 P4:1.4845 STATE:IDLE
[2026-05-04 20:56:31Z] CHK MOM:0% RANGE:0% UP:0% SPREAD:0.06743088% BID:1.483 ASK:1.484 MID:1.4835 P1:1.4835 P2:1.4835 P3:1.484 P4:1.484 STATE:IDLE
[2026-05-04 20:56:31Z] CHK MOM:0% RANGE:0% UP:0% SPREAD:0.06743088% BID:1.483 ASK:1.484 MID:1.4835 P1:1.4835 P2:1.4835 P3:1.4835 P4:1.484 STATE:IDLE
[2026-05-04 20:56:32Z] CHK MOM:0% RANGE:0% UP:0% SPREAD:0.06743088% BID:1.483 ASK:1.484 MID:1.4835 P1:1.4835 P2:1.4835 P3:1.4835 P4:1.4835 STATE:IDLE
[2026-05-04 20:56:32Z] CHK MOM:0.13% RANGE:0.13% UP:33.33% SPREAD:0.06734006% BID:1.485 ASK:1.486 MID:1.4855 P1:1.4855 P2:1.4835 P3:1.4835 P4:1.4835 STATE:IDLE
[2026-05-04 20:56:33Z] CHK MOM:0.13% RANGE:0.13% UP:25% SPREAD:0.06734006% BID:1.485 ASK:1.486 MID:1.4855 P1:1.4855 P2:1.4855 P3:1.4835 P4:1.4835 STATE:IDLE
[2026-05-04 20:56:33Z] CHK MOM:0.13% RANGE:0.13% UP:20% SPREAD:0.06734006% BID:1.485 ASK:1.486 MID:1.4855 P1:1.4855 P2:1.4855 P3:1.4855 P4:1.4835 STATE:IDLE
[2026-05-04 20:56:34Z] CHK MOM:0.13% RANGE:0.13% UP:20% SPREAD:0.06734006% BID:1.485 ASK:1.486 MID:1.4855 P1:1.4855 P2:1.4855 P3:1.4855 P4:1.4835 STATE:IDLE
[2026-05-04 20:56:34Z] CHK MOM:0.13% RANGE:0.13% UP:20% SPREAD:0.06734006% BID:1.485 ASK:1.486 MID:1.4855 P1:1.4855 P2:1.4855 P3:1.4855 P4:1.4835 STATE:IDLE
[2026-05-04 20:56:35Z] CHK MOM:0.13% RANGE:0.13% UP:20% SPREAD:0.06734006% BID:1.485 ASK:1.486 MID:1.4855 P1:1.4855 P2:1.4855 P3:1.4855 P4:1.4835 STATE:IDLE
[2026-05-04 20:56:35Z] CHK MOM:0.13% RANGE:0.13% UP:16.66% SPREAD:0.06734006% BID:1.485 ASK:1.486 MID:1.4855 P1:1.4855 P2:1.4855 P3:1.4855 P4:1.4855 STATE:IDLE
[2026-05-04 20:56:36Z] CHK MOM:0.13% RANGE:0.13% UP:16.66% SPREAD:0.06734006% BID:1.485 ASK:1.486 MID:1.4855 P1:1.4855 P2:1.4855 P3:1.4855 P4:1.4855 STATE:IDLE
[2026-05-04 20:56:37Z] CHK MOM:0.13% RANGE:0.13% UP:16.66% SPREAD:0.06734006% BID:1.485 ASK:1.486 MID:1.4855 P1:1.4855 P2:1.4855 P3:1.4855 P4:1.4855 STATE:IDLE
[2026-05-04 20:56:37Z] CHK MOM:0.13% RANGE:0.13% UP:16.66% SPREAD:0.06734006% BID:1.485 ASK:1.486 MID:1.4855 P1:1.4855 P2:1.4855 P3:1.4855 P4:1.4855 STATE:IDLE
[2026-05-04 20:56:38Z] CHK MOM:0.13% RANGE:0.13% UP:16.66% SPREAD:0.06734006% BID:1.485 ASK:1.486 MID:1.4855 P1:1.4855 P2:1.4855 P3:1.4855 P4:1.4855 STATE:IDLE
[2026-05-04 20:56:39Z] CHK MOM:0.13% RANGE:0.13% UP:16.66% SPREAD:0.06734006% BID:1.485 ASK:1.486 MID:1.4855 P1:1.4855 P2:1.4855 P3:1.4855 P4:1.4855 STATE:IDLE
[2026-05-04 20:56:39Z] CHK MOM:0.13% RANGE:0.13% UP:16.66% SPREAD:0.06734006% BID:1.485 ASK:1.486 MID:1.4855 P1:1.4855 P2:1.4855 P3:1.4855 P4:1.4855 STATE:IDLE
[2026-05-04 20:56:40Z] CHK MOM:0.13% RANGE:0.13% UP:16.66% SPREAD:0.06734006% BID:1.485 ASK:1.486 MID:1.4855 P1:1.4855 P2:1.4855 P3:1.4855 P4:1.4855 STATE:IDLE
[2026-05-04 20:56:40Z] CHK MOM:0.13% RANGE:0.13% UP:16.66% SPREAD:0.06734006% BID:1.485 ASK:1.486 MID:1.4855 P1:1.4855 P2:1.4855 P3:1.4855 P4:1.4855 STATE:IDLE
[2026-05-04 20:56:41Z] CHK MOM:0% RANGE:0% UP:0% SPREAD:0.06734006% BID:1.485 ASK:1.486 MID:1.4855 P1:1.4855 P2:1.4855 P3:1.4855 P4:1.4855 STATE:IDLE
[2026-05-04 20:56:42Z] CHK MOM:0.06% RANGE:0.06% UP:25% SPREAD:0.06729475% BID:1.486 ASK:1.487 MID:1.4865 P1:1.4865 P2:1.4855 P3:1.4855 P4:1.4855 STATE:IDLE
[2026-05-04 20:56:42Z] CHK MOM:0.06% RANGE:0.06% UP:20% SPREAD:0.06729475% BID:1.486 ASK:1.487 MID:1.4865 P1:1.4865 P2:1.4865 P3:1.4855 P4:1.4855 STATE:IDLE
[2026-05-04 20:56:43Z] CHK MOM:0.06% RANGE:0.06% UP:16.66% SPREAD:0.06729475% BID:1.486 ASK:1.487 MID:1.4865 P1:1.4865 P2:1.4865 P3:1.4865 P4:1.4855 STATE:IDLE
[2026-05-04 20:56:43Z] CHK MOM:0.06% RANGE:0.06% UP:16.66% SPREAD:0.06729475% BID:1.486 ASK:1.487 MID:1.4865 P1:1.4865 P2:1.4865 P3:1.4865 P4:1.4855 STATE:IDLE
[2026-05-04 20:56:44Z] CHK MOM:0.06% RANGE:0.06% UP:16.66% SPREAD:0.06729475% BID:1.486 ASK:1.487 MID:1.4865 P1:1.4865 P2:1.4865 P3:1.4865 P4:1.4855 STATE:IDLE
[2026-05-04 20:56:44Z] CHK MOM:0.06% RANGE:0.06% UP:16.66% SPREAD:0.06729475% BID:1.486 ASK:1.487 MID:1.4865 P1:1.4865 P2:1.4865 P3:1.4865 P4:1.4855 STATE:IDLE
[2026-05-04 20:56:45Z] CHK MOM:0.06% RANGE:0.06% UP:16.66% SPREAD:0.06729475% BID:1.486 ASK:1.487 MID:1.4865 P1:1.4865 P2:1.4865 P3:1.4865 P4:1.4855 STATE:IDLE
[2026-05-04 20:56:45Z] CHK MOM:0% RANGE:0.06% UP:16.66% SPREAD:0.06734006% BID:1.485 ASK:1.486 MID:1.4855 P1:1.4855 P2:1.4865 P3:1.4865 P4:1.4865 STATE:IDLE
[2026-05-04 20:56:46Z] CHK MOM:0% RANGE:0.06% UP:16.66% SPREAD:0.06734006% BID:1.485 ASK:1.486 MID:1.4855 P1:1.4855 P2:1.4865 P3:1.4865 P4:1.4865 STATE:IDLE
[2026-05-04 20:56:47Z] CHK MOM:0% RANGE:0.06% UP:14.28% SPREAD:0.06734006% BID:1.485 ASK:1.486 MID:1.4855 P1:1.4855 P2:1.4855 P3:1.4865 P4:1.4865 STATE:IDLE
[2026-05-04 20:56:47Z] CHK MOM:0% RANGE:0.06% UP:14.28% SPREAD:0.06734006% BID:1.485 ASK:1.486 MID:1.4855 P1:1.4855 P2:1.4855 P3:1.4855 P4:1.4865 STATE:IDLE
[2026-05-04 20:56:48Z] CHK MOM:0% RANGE:0.06% UP:12.5% SPREAD:0.06734006% BID:1.485 ASK:1.486 MID:1.4855 P1:1.4855 P2:1.4855 P3:1.4855 P4:1.4855 STATE:IDLE
[2026-05-04 20:56:48Z] CHK MOM:-0.06% RANGE:0.13% UP:12.5% SPREAD:0.06738544% BID:1.484 ASK:1.485 MID:1.4845 P1:1.4845 P2:1.4855 P3:1.4855 P4:1.4855 STATE:IDLE
[2026-05-04 20:56:49Z] CHK MOM:-0.13% RANGE:0.13% UP:0% SPREAD:0.06738544% BID:1.484 ASK:1.485 MID:1.4845 P1:1.4845 P2:1.4845 P3:1.4855 P4:1.4855 STATE:IDLE
[2026-05-04 20:56:49Z] CHK MOM:-0.13% RANGE:0.13% UP:0% SPREAD:0.06738544% BID:1.484 ASK:1.485 MID:1.4845 P1:1.4845 P2:1.4845 P3:1.4845 P4:1.4855 STATE:IDLE
[2026-05-04 20:56:50Z] CHK MOM:-0.13% RANGE:0.13% UP:0% SPREAD:0.06738544% BID:1.484 ASK:1.485 MID:1.4845 P1:1.4845 P2:1.4845 P3:1.4845 P4:1.4855 STATE:IDLE
[2026-05-04 20:56:50Z] CHK MOM:-0.13% RANGE:0.13% UP:0% SPREAD:0.06738544% BID:1.484 ASK:1.485 MID:1.4845 P1:1.4845 P2:1.4845 P3:1.4845 P4:1.4845 STATE:IDLE
[2026-05-04 20:56:51Z] CHK MOM:-0.06% RANGE:0.06% UP:0% SPREAD:0.06738544% BID:1.484 ASK:1.485 MID:1.4845 P1:1.4845 P2:1.4845 P3:1.4845 P4:1.4845 STATE:IDLE
[2026-05-04 20:56:51Z] CHK MOM:-0.06% RANGE:0.06% UP:0% SPREAD:0.06738544% BID:1.484 ASK:1.485 MID:1.4845 P1:1.4845 P2:1.4845 P3:1.4845 P4:1.4845 STATE:IDLE
[2026-05-04 20:56:52Z] CHK MOM:-0.06% RANGE:0.06% UP:0% SPREAD:0.06738544% BID:1.484 ASK:1.485 MID:1.4845 P1:1.4845 P2:1.4845 P3:1.4845 P4:1.4845 STATE:IDLE
[2026-05-04 20:56:53Z] CHK MOM:-0.06% RANGE:0.06% UP:0% SPREAD:0.06738544% BID:1.484 ASK:1.485 MID:1.4845 P1:1.4845 P2:1.4845 P3:1.4845 P4:1.4845 STATE:IDLE
[2026-05-04 20:56:53Z] CHK MOM:-0.06% RANGE:0.06% UP:0% SPREAD:0.06738544% BID:1.484 ASK:1.485 MID:1.4845 P1:1.4845 P2:1.4845 P3:1.4845 P4:1.4845 STATE:IDLE
[2026-05-04 20:56:54Z] CHK MOM:0% RANGE:0.06% UP:10% SPREAD:0.06734006% BID:1.485 ASK:1.486 MID:1.4855 P1:1.4855 P2:1.4845 P3:1.4845 P4:1.4845 STATE:IDLE
[2026-05-04 20:56:54Z] CHK MOM:0% RANGE:0.06% UP:10% SPREAD:0.06734006% BID:1.485 ASK:1.486 MID:1.4855 P1:1.4855 P2:1.4845 P3:1.4845 P4:1.4845 STATE:IDLE
[2026-05-04 20:56:55Z] CHK MOM:0% RANGE:0.06% UP:10% SPREAD:0.06734006% BID:1.485 ASK:1.486 MID:1.4855 P1:1.4855 P2:1.4845 P3:1.4845 P4:1.4845 STATE:IDLE
[2026-05-04 20:56:55Z] CHK MOM:-0.06% RANGE:0.06% UP:10% SPREAD:0.06738544% BID:1.484 ASK:1.485 MID:1.4845 P1:1.4845 P2:1.4855 P3:1.4845 P4:1.4845 STATE:IDLE
[2026-05-04 20:56:56Z] CHK MOM:0% RANGE:0.06% UP:11.11% SPREAD:0.06738544% BID:1.484 ASK:1.485 MID:1.4845 P1:1.4845 P2:1.4845 P3:1.4855 P4:1.4845 STATE:IDLE
[2026-05-04 20:56:56Z] CHK MOM:0% RANGE:0.06% UP:11.11% SPREAD:0.06738544% BID:1.484 ASK:1.485 MID:1.4845 P1:1.4845 P2:1.4845 P3:1.4845 P4:1.4855 STATE:IDLE
[2026-05-04 20:56:57Z] CHK MOM:0% RANGE:0.06% UP:10% SPREAD:0.06738544% BID:1.484 ASK:1.485 MID:1.4845 P1:1.4845 P2:1.4845 P3:1.4845 P4:1.4845 STATE:IDLE
[2026-05-04 20:56:58Z] CHK MOM:-0.06% RANGE:0.13% UP:11.11% SPREAD:0.06743088% BID:1.483 ASK:1.484 MID:1.4835 P1:1.4835 P2:1.4845 P3:1.4845 P4:1.4845 STATE:IDLE
[2026-05-04 20:56:58Z] CHK MOM:-0.06% RANGE:0.13% UP:10% SPREAD:0.06743088% BID:1.483 ASK:1.484 MID:1.4835 P1:1.4835 P2:1.4835 P3:1.4845 P4:1.4845 STATE:IDLE
[2026-05-04 20:56:59Z] CHK MOM:-0.06% RANGE:0.13% UP:10% SPREAD:0.06743088% BID:1.483 ASK:1.484 MID:1.4835 P1:1.4835 P2:1.4835 P3:1.4845 P4:1.4845 STATE:IDLE
[2026-05-04 20:56:59Z] CHK MOM:-0.06% RANGE:0.13% UP:10% SPREAD:0.06743088% BID:1.483 ASK:1.484 MID:1.4835 P1:1.4835 P2:1.4835 P3:1.4845 P4:1.4845 STATE:IDLE
[2026-05-04 20:57:00Z] CHK MOM:-0.06% RANGE:0.13% UP:10% SPREAD:0.06743088% BID:1.483 ASK:1.484 MID:1.4835 P1:1.4835 P2:1.4835 P3:1.4845 P4:1.4845 STATE:IDLE
[2026-05-04 20:57:00Z] CHK MOM:-0.06% RANGE:0.13% UP:10% SPREAD:0.06743088% BID:1.483 ASK:1.484 MID:1.4835 P1:1.4835 P2:1.4835 P3:1.4845 P4:1.4845 STATE:IDLE
[2026-05-04 20:57:01Z] CHK MOM:-0.06% RANGE:0.13% UP:12.5% SPREAD:0.06743088% BID:1.483 ASK:1.484 MID:1.4835 P1:1.4835 P2:1.4835 P3:1.4835 P4:1.4845 STATE:IDLE
[2026-05-04 20:57:01Z] CHK MOM:-0.06% RANGE:0.13% UP:12.5% SPREAD:0.06743088% BID:1.483 ASK:1.484 MID:1.4835 P1:1.4835 P2:1.4835 P3:1.4835 P4:1.4845 STATE:IDLE
[2026-05-04 20:57:02Z] CHK MOM:-0.13% RANGE:0.13% UP:0% SPREAD:0.06743088% BID:1.483 ASK:1.484 MID:1.4835 P1:1.4835 P2:1.4835 P3:1.4835 P4:1.4835 STATE:IDLE
[2026-05-04 20:57:02Z] CHK MOM:-0.06% RANGE:0.06% UP:0% SPREAD:0.06743088% BID:1.483 ASK:1.484 MID:1.4835 P1:1.4835 P2:1.4835 P3:1.4835 P4:1.4835 STATE:IDLE
[2026-05-04 20:57:03Z] CHK MOM:-0.06% RANGE:0.06% UP:0% SPREAD:0.06743088% BID:1.483 ASK:1.484 MID:1.4835 P1:1.4835 P2:1.4835 P3:1.4835 P4:1.4835 STATE:IDLE
[2026-05-04 20:57:04Z] CHK MOM:-0.06% RANGE:0.06% UP:0% SPREAD:0.06743088% BID:1.483 ASK:1.484 MID:1.4835 P1:1.4835 P2:1.4835 P3:1.4835 P4:1.4835 STATE:IDLE
[2026-05-04 20:57:04Z] CHK MOM:-0.06% RANGE:0.06% UP:0% SPREAD:0.06743088% BID:1.483 ASK:1.484 MID:1.4835 P1:1.4835 P2:1.4835 P3:1.4835 P4:1.4835 STATE:IDLE
[2026-05-04 20:57:05Z] CHK MOM:-0.06% RANGE:0.06% UP:0% SPREAD:0.06743088% BID:1.483 ASK:1.484 MID:1.4835 P1:1.4835 P2:1.4835 P3:1.4835 P4:1.4835 STATE:IDLE
[2026-05-04 20:57:05Z] CHK MOM:-0.06% RANGE:0.06% UP:0% SPREAD:0.06743088% BID:1.483 ASK:1.484 MID:1.4835 P1:1.4835 P2:1.4835 P3:1.4835 P4:1.4835 STATE:IDLE
[2026-05-04 20:57:06Z] CHK MOM:-0.06% RANGE:0.06% UP:0% SPREAD:0.06747638% BID:1.482 ASK:1.483 MID:1.4825 P1:1.4825 P2:1.4835 P3:1.4835 P4:1.4835 STATE:IDLE
[2026-05-04 20:57:06Z] CHK MOM:-0.06% RANGE:0.06% UP:0% SPREAD:0.06747638% BID:1.482 ASK:1.483 MID:1.4825 P1:1.4825 P2:1.4835 P3:1.4835 P4:1.4835 STATE:IDLE
[2026-05-04 20:57:07Z] CHK MOM:-0.06% RANGE:0.06% UP:0% SPREAD:0.06747638% BID:1.482 ASK:1.483 MID:1.4825 P1:1.4825 P2:1.4825 P3:1.4835 P4:1.4835 STATE:IDLE
[2026-05-04 20:57:07Z] CHK MOM:-0.06% RANGE:0.06% UP:0% SPREAD:0.06747638% BID:1.482 ASK:1.483 MID:1.4825 P1:1.4825 P2:1.4825 P3:1.4825 P4:1.4835 STATE:IDLE
[2026-05-04 20:57:08Z] CHK MOM:-0.1% RANGE:0.1% UP:0% SPREAD:0.13504388% BID:1.481 ASK:1.483 MID:1.482 P1:1.482 P2:1.4825 P3:1.4825 P4:1.4825 STATE:IDLE
[2026-05-04 20:57:09Z] CHK MOM:-0.1% RANGE:0.1% UP:0% SPREAD:0.13504388% BID:1.481 ASK:1.483 MID:1.482 P1:1.482 P2:1.4825 P3:1.4825 P4:1.4825 STATE:IDLE
[2026-05-04 20:57:09Z] CHK MOM:-0.06% RANGE:0.1% UP:14.28% SPREAD:0.06747638% BID:1.482 ASK:1.483 MID:1.4825 P1:1.4825 P2:1.482 P3:1.4825 P4:1.4825 STATE:IDLE
[2026-05-04 20:57:10Z] CHK MOM:-0.06% RANGE:0.1% UP:14.28% SPREAD:0.06747638% BID:1.482 ASK:1.483 MID:1.4825 P1:1.4825 P2:1.482 P3:1.4825 P4:1.4825 STATE:IDLE
[2026-05-04 20:57:10Z] CHK MOM:-0.13% RANGE:0.13% UP:14.28% SPREAD:0.06752194% BID:1.481 ASK:1.482 MID:1.4815 P1:1.4815 P2:1.4825 P3:1.482 P4:1.4825 STATE:IDLE
[2026-05-04 20:57:11Z] CHK MOM:-0.13% RANGE:0.13% UP:14.28% SPREAD:0.06752194% BID:1.481 ASK:1.482 MID:1.4815 P1:1.4815 P2:1.4815 P3:1.4825 P4:1.482 STATE:IDLE
[2026-05-04 20:57:11Z] CHK MOM:-0.13% RANGE:0.13% UP:12.5% SPREAD:0.06752194% BID:1.481 ASK:1.482 MID:1.4815 P1:1.4815 P2:1.4815 P3:1.4815 P4:1.4825 STATE:IDLE
[2026-05-04 20:57:12Z] CHK MOM:-0.06% RANGE:0.06% UP:12.5% SPREAD:0.06752194% BID:1.481 ASK:1.482 MID:1.4815 P1:1.4815 P2:1.4815 P3:1.4815 P4:1.4815 STATE:IDLE
[2026-05-04 20:57:12Z] CHK MOM:-0.06% RANGE:0.06% UP:11.11% SPREAD:0.06752194% BID:1.481 ASK:1.482 MID:1.4815 P1:1.4815 P2:1.4815 P3:1.4815 P4:1.4815 STATE:IDLE
[2026-05-04 20:57:13Z] CHK MOM:-0.06% RANGE:0.06% UP:10% SPREAD:0.06752194% BID:1.481 ASK:1.482 MID:1.4815 P1:1.4815 P2:1.4815 P3:1.4815 P4:1.4815 STATE:IDLE
[2026-05-04 20:57:13Z] CHK MOM:-0.06% RANGE:0.06% UP:10% SPREAD:0.06752194% BID:1.481 ASK:1.482 MID:1.4815 P1:1.4815 P2:1.4815 P3:1.4815 P4:1.4815 STATE:IDLE
[2026-05-04 20:57:14Z] CHK MOM:0% RANGE:0.06% UP:18.18% SPREAD:0.06747638% BID:1.482 ASK:1.483 MID:1.4825 P1:1.4825 P2:1.4815 P3:1.4815 P4:1.4815 STATE:IDLE
[2026-05-04 20:57:15Z] CHK MOM:0% RANGE:0.06% UP:20% SPREAD:0.06747638% BID:1.482 ASK:1.483 MID:1.4825 P1:1.4825 P2:1.4825 P3:1.4815 P4:1.4815 STATE:IDLE
[2026-05-04 20:57:15Z] CHK MOM:0% RANGE:0.06% UP:18.18% SPREAD:0.06747638% BID:1.482 ASK:1.483 MID:1.4825 P1:1.4825 P2:1.4825 P3:1.4825 P4:1.4815 STATE:IDLE
[2026-05-04 20:57:16Z] CHK MOM:0% RANGE:0.06% UP:18.18% SPREAD:0.06747638% BID:1.482 ASK:1.483 MID:1.4825 P1:1.4825 P2:1.4825 P3:1.4825 P4:1.4815 STATE:IDLE
[2026-05-04 20:57:16Z] CHK MOM:0% RANGE:0.06% UP:18.18% SPREAD:0.06747638% BID:1.482 ASK:1.483 MID:1.4825 P1:1.4825 P2:1.4825 P3:1.4825 P4:1.4815 STATE:IDLE
[2026-05-04 20:57:17Z] CHK MOM:0.03% RANGE:0.1% UP:20% SPREAD:0.13495276% BID:1.482 ASK:1.484 MID:1.483 P1:1.483 P2:1.4825 P3:1.4825 P4:1.4825 STATE:IDLE
[2026-05-04 20:57:17Z] CHK MOM:0.03% RANGE:0.1% UP:20% SPREAD:0.13495276% BID:1.482 ASK:1.484 MID:1.483 P1:1.483 P2:1.4825 P3:1.4825 P4:1.4825 STATE:IDLE
[2026-05-04 20:57:18Z] CHK MOM:0.1% RANGE:0.1% UP:20% SPREAD:0.13495276% BID:1.482 ASK:1.484 MID:1.483 P1:1.483 P2:1.483 P3:1.4825 P4:1.4825 STATE:IDLE
[2026-05-04 20:57:18Z] CHK MOM:0.1% RANGE:0.1% UP:20% SPREAD:0.13495276% BID:1.482 ASK:1.484 MID:1.483 P1:1.483 P2:1.483 P3:1.4825 P4:1.4825 STATE:IDLE
[2026-05-04 20:57:19Z] CHK MOM:0.1% RANGE:0.1% UP:22.22% SPREAD:0.13495276% BID:1.482 ASK:1.484 MID:1.483 P1:1.483 P2:1.483 P3:1.483 P4:1.4825 STATE:IDLE
[2026-05-04 20:57:20Z] CHK MOM:0.1% RANGE:0.1% UP:22.22% SPREAD:0.13495276% BID:1.482 ASK:1.484 MID:1.483 P1:1.483 P2:1.483 P3:1.483 P4:1.4825 STATE:IDLE
[2026-05-04 20:57:20Z] CHK MOM:0.1% RANGE:0.1% UP:22.22% SPREAD:0.13495276% BID:1.482 ASK:1.484 MID:1.483 P1:1.483 P2:1.483 P3:1.483 P4:1.483 STATE:IDLE
[2026-05-04 20:57:21Z] CHK MOM:0.1% RANGE:0.1% UP:22.22% SPREAD:0.13495276% BID:1.482 ASK:1.484 MID:1.483 P1:1.483 P2:1.483 P3:1.483 P4:1.483 STATE:IDLE
[2026-05-04 20:57:21Z] CHK MOM:0.1% RANGE:0.1% UP:22.22% SPREAD:0.13495276% BID:1.482 ASK:1.484 MID:1.483 P1:1.483 P2:1.483 P3:1.483 P4:1.483 STATE:IDLE
[2026-05-04 20:57:22Z] CHK MOM:0% RANGE:0.03% UP:16.66% SPREAD:0.06747638% BID:1.482 ASK:1.483 MID:1.4825 P1:1.4825 P2:1.483 P3:1.483 P4:1.483 STATE:IDLE
[2026-05-04 20:57:22Z] CHK MOM:0% RANGE:0.03% UP:14.28% SPREAD:0.06747638% BID:1.482 ASK:1.483 MID:1.4825 P1:1.4825 P2:1.4825 P3:1.483 P4:1.483 STATE:IDLE
[2026-05-04 20:57:23Z] CHK MOM:0% RANGE:0.03% UP:14.28% SPREAD:0.06747638% BID:1.482 ASK:1.483 MID:1.4825 P1:1.4825 P2:1.4825 P3:1.483 P4:1.483 STATE:IDLE
[2026-05-04 20:57:23Z] CHK MOM:0% RANGE:0.03% UP:14.28% SPREAD:0.06747638% BID:1.482 ASK:1.483 MID:1.4825 P1:1.4825 P2:1.4825 P3:1.483 P4:1.483 STATE:IDLE
[2026-05-04 20:57:24Z] CHK MOM:-0.03% RANGE:0.03% UP:0% SPREAD:0.06747638% BID:1.482 ASK:1.483 MID:1.4825 P1:1.4825 P2:1.4825 P3:1.4825 P4:1.483 STATE:IDLE
[2026-05-04 20:57:24Z] CHK MOM:-0.03% RANGE:0.03% UP:0% SPREAD:0.06747638% BID:1.482 ASK:1.483 MID:1.4825 P1:1.4825 P2:1.4825 P3:1.4825 P4:1.483 STATE:IDLE
[2026-05-04 20:57:25Z] CHK MOM:-0.03% RANGE:0.03% UP:0% SPREAD:0.06747638% BID:1.482 ASK:1.483 MID:1.4825 P1:1.4825 P2:1.4825 P3:1.4825 P4:1.483 STATE:IDLE
[2026-05-04 20:57:26Z] CHK MOM:-0.03% RANGE:0.03% UP:0% SPREAD:0.06747638% BID:1.482 ASK:1.483 MID:1.4825 P1:1.4825 P2:1.4825 P3:1.4825 P4:1.483 STATE:IDLE
[2026-05-04 20:57:26Z] CHK MOM:-0.03% RANGE:0.03% UP:0% SPREAD:0.06747638% BID:1.482 ASK:1.483 MID:1.4825 P1:1.4825 P2:1.4825 P3:1.4825 P4:1.483 STATE:IDLE
[2026-05-04 20:57:27Z] CHK MOM:-0.03% RANGE:0.03% UP:0% SPREAD:0.06747638% BID:1.482 ASK:1.483 MID:1.4825 P1:1.4825 P2:1.4825 P3:1.4825 P4:1.4825 STATE:IDLE
[2026-05-04 20:57:27Z] CHK MOM:-0.03% RANGE:0.03% UP:0% SPREAD:0.06747638% BID:1.482 ASK:1.483 MID:1.4825 P1:1.4825 P2:1.4825 P3:1.4825 P4:1.4825 STATE:IDLE
[2026-05-04 20:57:28Z] CHK MOM:-0.03% RANGE:0.03% UP:0% SPREAD:0.06747638% BID:1.482 ASK:1.483 MID:1.4825 P1:1.4825 P2:1.4825 P3:1.4825 P4:1.4825 STATE:IDLE
[2026-05-04 20:57:28Z] CHK MOM:-0.03% RANGE:0.03% UP:0% SPREAD:0.06747638% BID:1.482 ASK:1.483 MID:1.4825 P1:1.4825 P2:1.4825 P3:1.4825 P4:1.4825 STATE:IDLE
[2026-05-04 20:57:29Z] CHK MOM:-0.03% RANGE:0.03% UP:0% SPREAD:0.06747638% BID:1.482 ASK:1.483 MID:1.4825 P1:1.4825 P2:1.4825 P3:1.4825 P4:1.4825 STATE:IDLE
[2026-05-04 20:57:29Z] CHK MOM:0.13% RANGE:0.13% UP:25% SPREAD:0.06738544% BID:1.484 ASK:1.485 MID:1.4845 P1:1.4845 P2:1.4825 P3:1.4825 P4:1.4825 STATE:IDLE
[2026-05-04 20:57:30Z] CHK MOM:0.13% RANGE:0.13% UP:20% SPREAD:0.06738544% BID:1.484 ASK:1.485 MID:1.4845 P1:1.4845 P2:1.4845 P3:1.4825 P4:1.4825 STATE:IDLE
[2026-05-04 20:57:31Z] CHK MOM:0.13% RANGE:0.13% UP:20% SPREAD:0.06738544% BID:1.484 ASK:1.485 MID:1.4845 P1:1.4845 P2:1.4845 P3:1.4825 P4:1.4825 STATE:IDLE
[2026-05-04 20:57:31Z] CHK MOM:0.13% RANGE:0.13% UP:25% SPREAD:0.06738544% BID:1.484 ASK:1.485 MID:1.4845 P1:1.4845 P2:1.4845 P3:1.4845 P4:1.4825 STATE:IDLE
[2026-05-04 20:57:32Z] CHK MOM:0.13% RANGE:0.13% UP:25% SPREAD:0.06738544% BID:1.484 ASK:1.485 MID:1.4845 P1:1.4845 P2:1.4845 P3:1.4845 P4:1.4845 STATE:IDLE
[2026-05-04 20:57:32Z] CHK MOM:0.13% RANGE:0.13% UP:25% SPREAD:0.06738544% BID:1.484 ASK:1.485 MID:1.4845 P1:1.4845 P2:1.4845 P3:1.4845 P4:1.4845 STATE:IDLE
[2026-05-04 20:57:33Z] CHK MOM:0.13% RANGE:0.13% UP:25% SPREAD:0.06738544% BID:1.484 ASK:1.485 MID:1.4845 P1:1.4845 P2:1.4845 P3:1.4845 P4:1.4845 STATE:IDLE
[2026-05-04 20:57:33Z] CHK MOM:0.2% RANGE:0.2% UP:40% SPREAD:0.06734006% BID:1.485 ASK:1.486 MID:1.4855 P1:1.4855 P2:1.4845 P3:1.4845 P4:1.4845 STATE:IDLE
[2026-05-04 20:57:34Z] CHK MOM:0.2% RANGE:0.2% UP:40% SPREAD:0.06734006% BID:1.485 ASK:1.486 MID:1.4855 P1:1.4855 P2:1.4845 P3:1.4845 P4:1.4845 STATE:IDLE
[2026-05-04 20:57:34Z] CHK MOM:0.2% RANGE:0.2% UP:40% SPREAD:0.06734006% BID:1.485 ASK:1.486 MID:1.4855 P1:1.4855 P2:1.4845 P3:1.4845 P4:1.4845 STATE:IDLE
[2026-05-04 20:57:35Z] CHK MOM:0.06% RANGE:0.06% UP:20% SPREAD:0.06734006% BID:1.485 ASK:1.486 MID:1.4855 P1:1.4855 P2:1.4855 P3:1.4845 P4:1.4845 STATE:IDLE
[2026-05-04 20:57:35Z] CHK MOM:0.06% RANGE:0.06% UP:20% SPREAD:0.06734006% BID:1.485 ASK:1.486 MID:1.4855 P1:1.4855 P2:1.4855 P3:1.4845 P4:1.4845 STATE:IDLE
[2026-05-04 20:57:36Z] CHK MOM:0.06% RANGE:0.06% UP:20% SPREAD:0.06734006% BID:1.485 ASK:1.486 MID:1.4855 P1:1.4855 P2:1.4855 P3:1.4845 P4:1.4845 STATE:IDLE
[2026-05-04 20:57:37Z] CHK MOM:0.06% RANGE:0.06% UP:16.66% SPREAD:0.06734006% BID:1.485 ASK:1.486 MID:1.4855 P1:1.4855 P2:1.4855 P3:1.4855 P4:1.4845 STATE:IDLE
[2026-05-04 20:57:37Z] CHK MOM:0.06% RANGE:0.06% UP:16.66% SPREAD:0.06734006% BID:1.485 ASK:1.486 MID:1.4855 P1:1.4855 P2:1.4855 P3:1.4855 P4:1.4845 STATE:IDLE
[2026-05-04 20:57:38Z] CHK MOM:0.06% RANGE:0.06% UP:16.66% SPREAD:0.06734006% BID:1.485 ASK:1.486 MID:1.4855 P1:1.4855 P2:1.4855 P3:1.4855 P4:1.4845 STATE:IDLE
[2026-05-04 20:57:38Z] CHK MOM:0.06% RANGE:0.06% UP:16.66% SPREAD:0.06734006% BID:1.485 ASK:1.486 MID:1.4855 P1:1.4855 P2:1.4855 P3:1.4855 P4:1.4845 STATE:IDLE
[2026-05-04 20:57:39Z] CHK MOM:0.06% RANGE:0.06% UP:16.66% SPREAD:0.06734006% BID:1.485 ASK:1.486 MID:1.4855 P1:1.4855 P2:1.4855 P3:1.4855 P4:1.4845 STATE:IDLE
[2026-05-04 20:57:39Z] CHK MOM:0.06% RANGE:0.06% UP:16.66% SPREAD:0.06734006% BID:1.485 ASK:1.486 MID:1.4855 P1:1.4855 P2:1.4855 P3:1.4855 P4:1.4845 STATE:IDLE
[2026-05-04 20:57:40Z] CHK MOM:0.06% RANGE:0.06% UP:25% SPREAD:0.06734006% BID:1.485 ASK:1.486 MID:1.4855 P1:1.4855 P2:1.4855 P3:1.4855 P4:1.4855 STATE:IDLE
[2026-05-04 20:57:40Z] CHK MOM:0.06% RANGE:0.06% UP:25% SPREAD:0.06734006% BID:1.485 ASK:1.486 MID:1.4855 P1:1.4855 P2:1.4855 P3:1.4855 P4:1.4855 STATE:IDLE
[2026-05-04 20:57:41Z] CHK MOM:0.06% RANGE:0.06% UP:25% SPREAD:0.06734006% BID:1.485 ASK:1.486 MID:1.4855 P1:1.4855 P2:1.4855 P3:1.4855 P4:1.4855 STATE:IDLE
[2026-05-04 20:57:41Z] CHK MOM:0.06% RANGE:0.06% UP:25% SPREAD:0.06734006% BID:1.485 ASK:1.486 MID:1.4855 P1:1.4855 P2:1.4855 P3:1.4855 P4:1.4855 STATE:IDLE
[2026-05-04 20:57:42Z] CHK MOM:0.06% RANGE:0.06% UP:25% SPREAD:0.06734006% BID:1.485 ASK:1.486 MID:1.4855 P1:1.4855 P2:1.4855 P3:1.4855 P4:1.4855 STATE:IDLE
[2026-05-04 20:57:45Z] CHK MOM:0% RANGE:0% UP:0% SPREAD:0.06734006% BID:1.485 ASK:1.486 MID:1.4855 P1:1.4855 P2:1.4855 P3:1.4855 P4:1.4855 STATE:IDLE
[2026-05-04 20:57:46Z] CHK MOM:0% RANGE:0% UP:0% SPREAD:0.06734006% BID:1.485 ASK:1.486 MID:1.4855 P1:1.4855 P2:1.4855 P3:1.4855 P4:1.4855 STATE:IDLE
[2026-05-04 20:57:46Z] CHK MOM:0% RANGE:0% UP:0% SPREAD:0.06734006% BID:1.485 ASK:1.486 MID:1.4855 P1:1.4855 P2:1.4855 P3:1.4855 P4:1.4855 STATE:IDLE
[2026-05-04 20:57:47Z] CHK MOM:0% RANGE:0% UP:0% SPREAD:0.06734006% BID:1.485 ASK:1.486 MID:1.4855 P1:1.4855 P2:1.4855 P3:1.4855 P4:1.4855 STATE:IDLE
[2026-05-04 20:57:47Z] CHK MOM:-0.06% RANGE:0.06% UP:0% SPREAD:0.06738544% BID:1.484 ASK:1.485 MID:1.4845 P1:1.4845 P2:1.4855 P3:1.4855 P4:1.4855 STATE:IDLE
[2026-05-04 20:57:48Z] CHK MOM:-0.06% RANGE:0.06% UP:0% SPREAD:0.06738544% BID:1.484 ASK:1.485 MID:1.4845 P1:1.4845 P2:1.4855 P3:1.4855 P4:1.4855 STATE:IDLE
[2026-05-04 20:57:48Z] CHK MOM:-0.06% RANGE:0.06% UP:0% SPREAD:0.06738544% BID:1.484 ASK:1.485 MID:1.4845 P1:1.4845 P2:1.4845 P3:1.4855 P4:1.4855 STATE:IDLE
[2026-05-04 20:57:49Z] CHK MOM:-0.06% RANGE:0.06% UP:0% SPREAD:0.06738544% BID:1.484 ASK:1.485 MID:1.4845 P1:1.4845 P2:1.4845 P3:1.4855 P4:1.4855 STATE:IDLE
[2026-05-04 20:57:49Z] CHK MOM:-0.06% RANGE:0.06% UP:0% SPREAD:0.06738544% BID:1.484 ASK:1.485 MID:1.4845 P1:1.4845 P2:1.4845 P3:1.4855 P4:1.4855 STATE:IDLE
[2026-05-04 20:57:50Z] CHK MOM:-0.06% RANGE:0.06% UP:0% SPREAD:0.06738544% BID:1.484 ASK:1.485 MID:1.4845 P1:1.4845 P2:1.4845 P3:1.4855 P4:1.4855 STATE:IDLE
[2026-05-04 20:57:50Z] CHK MOM:0% RANGE:0.06% UP:33.33% SPREAD:0.06734006% BID:1.485 ASK:1.486 MID:1.4855 P1:1.4855 P2:1.4845 P3:1.4845 P4:1.4855 STATE:IDLE
[2026-05-04 20:57:51Z] CHK MOM:0% RANGE:0.06% UP:25% SPREAD:0.06734006% BID:1.485 ASK:1.486 MID:1.4855 P1:1.4855 P2:1.4855 P3:1.4845 P4:1.4845 STATE:IDLE
[2026-05-04 20:57:51Z] CHK MOM:0% RANGE:0.06% UP:20% SPREAD:0.06734006% BID:1.485 ASK:1.486 MID:1.4855 P1:1.4855 P2:1.4855 P3:1.4855 P4:1.4845 STATE:IDLE
[2026-05-04 20:57:52Z] CHK MOM:0% RANGE:0.06% UP:16.66% SPREAD:0.06734006% BID:1.485 ASK:1.486 MID:1.4855 P1:1.4855 P2:1.4855 P3:1.4855 P4:1.4855 STATE:IDLE
[2026-05-04 20:57:53Z] CHK MOM:0.06% RANGE:0.06% UP:16.66% SPREAD:0.06734006% BID:1.485 ASK:1.486 MID:1.4855 P1:1.4855 P2:1.4855 P3:1.4855 P4:1.4855 STATE:IDLE
[2026-05-04 20:57:53Z] CHK MOM:0.06% RANGE:0.06% UP:16.66% SPREAD:0.06734006% BID:1.485 ASK:1.486 MID:1.4855 P1:1.4855 P2:1.4855 P3:1.4855 P4:1.4855 STATE:IDLE
[2026-05-04 20:57:54Z] CHK MOM:0.06% RANGE:0.06% UP:16.66% SPREAD:0.06734006% BID:1.485 ASK:1.486 MID:1.4855 P1:1.4855 P2:1.4855 P3:1.4855 P4:1.4855 STATE:IDLE
[2026-05-04 20:57:54Z] CHK MOM:0.06% RANGE:0.06% UP:14.28% SPREAD:0.06734006% BID:1.485 ASK:1.486 MID:1.4855 P1:1.4855 P2:1.4855 P3:1.4855 P4:1.4855 STATE:IDLE
[2026-05-04 20:57:55Z] CHK MOM:0.06% RANGE:0.06% UP:14.28% SPREAD:0.06734006% BID:1.485 ASK:1.486 MID:1.4855 P1:1.4855 P2:1.4855 P3:1.4855 P4:1.4855 STATE:IDLE
[2026-05-04 20:57:55Z] CHK MOM:0.06% RANGE:0.06% UP:14.28% SPREAD:0.06734006% BID:1.485 ASK:1.486 MID:1.4855 P1:1.4855 P2:1.4855 P3:1.4855 P4:1.4855 STATE:IDLE
[2026-05-04 20:57:56Z] CHK MOM:0.06% RANGE:0.06% UP:12.5% SPREAD:0.06734006% BID:1.485 ASK:1.486 MID:1.4855 P1:1.4855 P2:1.4855 P3:1.4855 P4:1.4855 STATE:IDLE
[2026-05-04 20:57:56Z] CHK MOM:0% RANGE:0% UP:0% SPREAD:0.06734006% BID:1.485 ASK:1.486 MID:1.4855 P1:1.4855 P2:1.4855 P3:1.4855 P4:1.4855 STATE:IDLE
[2026-05-04 20:57:57Z] CHK MOM:0% RANGE:0% UP:0% SPREAD:0.06734006% BID:1.485 ASK:1.486 MID:1.4855 P1:1.4855 P2:1.4855 P3:1.4855 P4:1.4855 STATE:IDLE
[2026-05-04 20:57:58Z] CHK MOM:0% RANGE:0% UP:0% SPREAD:0.06734006% BID:1.485 ASK:1.486 MID:1.4855 P1:1.4855 P2:1.4855 P3:1.4855 P4:1.4855 STATE:IDLE
[2026-05-04 20:57:58Z] CHK MOM:-0.06% RANGE:0.06% UP:0% SPREAD:0.06738544% BID:1.484 ASK:1.485 MID:1.4845 P1:1.4845 P2:1.4855 P3:1.4855 P4:1.4855 STATE:IDLE
[2026-05-04 20:57:59Z] CHK MOM:-0.06% RANGE:0.06% UP:0% SPREAD:0.06738544% BID:1.484 ASK:1.485 MID:1.4845 P1:1.4845 P2:1.4855 P3:1.4855 P4:1.4855 STATE:IDLE
[2026-05-04 20:57:59Z] CHK MOM:-0.06% RANGE:0.06% UP:0% SPREAD:0.06738544% BID:1.484 ASK:1.485 MID:1.4845 P1:1.4845 P2:1.4855 P3:1.4855 P4:1.4855 STATE:IDLE
[2026-05-04 20:58:00Z] CHK MOM:-0.06% RANGE:0.06% UP:0% SPREAD:0.06738544% BID:1.484 ASK:1.485 MID:1.4845 P1:1.4845 P2:1.4855 P3:1.4855 P4:1.4855 STATE:IDLE
[2026-05-04 20:58:00Z] CHK MOM:-0.06% RANGE:0.06% UP:0% SPREAD:0.06738544% BID:1.484 ASK:1.485 MID:1.4845 P1:1.4845 P2:1.4845 P3:1.4855 P4:1.4855 STATE:IDLE
[2026-05-04 20:58:01Z] CHK MOM:-0.06% RANGE:0.06% UP:0% SPREAD:0.06738544% BID:1.484 ASK:1.485 MID:1.4845 P1:1.4845 P2:1.4845 P3:1.4855 P4:1.4855 STATE:IDLE
[2026-05-04 20:58:01Z] CHK MOM:0% RANGE:0.06% UP:12.5% SPREAD:0.06734006% BID:1.485 ASK:1.486 MID:1.4855 P1:1.4855 P2:1.4845 P3:1.4845 P4:1.4855 STATE:IDLE
[2026-05-04 20:58:02Z] CHK MOM:-0.06% RANGE:0.06% UP:11.11% SPREAD:0.06738544% BID:1.484 ASK:1.485 MID:1.4845 P1:1.4845 P2:1.4855 P3:1.4845 P4:1.4845 STATE:IDLE
[2026-05-04 20:58:02Z] CHK MOM:-0.06% RANGE:0.06% UP:10% SPREAD:0.06738544% BID:1.484 ASK:1.485 MID:1.4845 P1:1.4845 P2:1.4845 P3:1.4855 P4:1.4845 STATE:IDLE
[2026-05-04 20:58:03Z] CHK MOM:-0.06% RANGE:0.06% UP:10% SPREAD:0.06738544% BID:1.484 ASK:1.485 MID:1.4845 P1:1.4845 P2:1.4845 P3:1.4855 P4:1.4845 STATE:IDLE
[2026-05-04 20:58:04Z] CHK MOM:-0.06% RANGE:0.06% UP:10% SPREAD:0.06738544% BID:1.484 ASK:1.485 MID:1.4845 P1:1.4845 P2:1.4845 P3:1.4855 P4:1.4845 STATE:IDLE
[2026-05-04 20:58:04Z] CHK MOM:-0.06% RANGE:0.06% UP:10% SPREAD:0.06738544% BID:1.484 ASK:1.485 MID:1.4845 P1:1.4845 P2:1.4845 P3:1.4855 P4:1.4845 STATE:IDLE
[2026-05-04 20:58:05Z] CHK MOM:-0.06% RANGE:0.06% UP:10% SPREAD:0.06738544% BID:1.484 ASK:1.485 MID:1.4845 P1:1.4845 P2:1.4845 P3:1.4855 P4:1.4845 STATE:IDLE
[2026-05-04 20:58:06Z] CHK MOM:0.06% RANGE:0.06% UP:50% SPREAD:0.06734006% BID:1.485 ASK:1.486 MID:1.4855 P1:1.4855 P2:1.4845 P3:1.4845 P4:1.4855 STATE:IDLE
[2026-05-04 20:58:07Z] CHK MOM:0.06% RANGE:0.06% UP:40% SPREAD:0.06734006% BID:1.485 ASK:1.486 MID:1.4855 P1:1.4855 P2:1.4855 P3:1.4845 P4:1.4845 STATE:IDLE
[2026-05-04 20:58:07Z] CHK MOM:0.06% RANGE:0.06% UP:33.33% SPREAD:0.06734006% BID:1.485 ASK:1.486 MID:1.4855 P1:1.4855 P2:1.4855 P3:1.4855 P4:1.4845 STATE:IDLE
[2026-05-04 20:58:08Z] CHK MOM:0.06% RANGE:0.06% UP:33.33% SPREAD:0.06734006% BID:1.485 ASK:1.486 MID:1.4855 P1:1.4855 P2:1.4855 P3:1.4855 P4:1.4845 STATE:IDLE
[2026-05-04 20:58:09Z] CHK MOM:0.06% RANGE:0.06% UP:28.57% SPREAD:0.06734006% BID:1.485 ASK:1.486 MID:1.4855 P1:1.4855 P2:1.4855 P3:1.4855 P4:1.4855 STATE:IDLE
[2026-05-04 20:58:09Z] CHK MOM:0.06% RANGE:0.06% UP:28.57% SPREAD:0.06734006% BID:1.485 ASK:1.486 MID:1.4855 P1:1.4855 P2:1.4855 P3:1.4855 P4:1.4855 STATE:IDLE
[2026-05-04 20:58:10Z] CHK MOM:0.06% RANGE:0.06% UP:28.57% SPREAD:0.06734006% BID:1.485 ASK:1.486 MID:1.4855 P1:1.4855 P2:1.4855 P3:1.4855 P4:1.4855 STATE:IDLE
[2026-05-04 20:58:10Z] CHK MOM:0% RANGE:0% UP:0% SPREAD:0.06734006% BID:1.485 ASK:1.486 MID:1.4855 P1:1.4855 P2:1.4855 P3:1.4855 P4:1.4855 STATE:IDLE
[2026-05-04 20:58:11Z] CHK MOM:-0.06% RANGE:0.06% UP:0% SPREAD:0.06738544% BID:1.484 ASK:1.485 MID:1.4845 P1:1.4845 P2:1.4855 P3:1.4855 P4:1.4855 STATE:IDLE
[2026-05-04 20:58:11Z] CHK MOM:-0.06% RANGE:0.06% UP:0% SPREAD:0.06738544% BID:1.484 ASK:1.485 MID:1.4845 P1:1.4845 P2:1.4845 P3:1.4855 P4:1.4855 STATE:IDLE
[2026-05-04 20:58:12Z] CHK MOM:-0.06% RANGE:0.06% UP:0% SPREAD:0.06738544% BID:1.484 ASK:1.485 MID:1.4845 P1:1.4845 P2:1.4845 P3:1.4855 P4:1.4855 STATE:IDLE
[2026-05-04 20:58:12Z] CHK MOM:-0.06% RANGE:0.06% UP:0% SPREAD:0.06738544% BID:1.484 ASK:1.485 MID:1.4845 P1:1.4845 P2:1.4845 P3:1.4855 P4:1.4855 STATE:IDLE
[2026-05-04 20:58:13Z] CHK MOM:-0.06% RANGE:0.06% UP:0% SPREAD:0.06738544% BID:1.484 ASK:1.485 MID:1.4845 P1:1.4845 P2:1.4845 P3:1.4855 P4:1.4855 STATE:IDLE
[2026-05-04 20:58:13Z] CHK MOM:-0.06% RANGE:0.06% UP:0% SPREAD:0.06738544% BID:1.484 ASK:1.485 MID:1.4845 P1:1.4845 P2:1.4845 P3:1.4845 P4:1.4855 STATE:IDLE
[2026-05-04 20:58:14Z] CHK MOM:-0.06% RANGE:0.06% UP:0% SPREAD:0.06738544% BID:1.484 ASK:1.485 MID:1.4845 P1:1.4845 P2:1.4845 P3:1.4845 P4:1.4855 STATE:IDLE
[2026-05-04 20:58:15Z] CHK MOM:-0.06% RANGE:0.06% UP:0% SPREAD:0.06738544% BID:1.484 ASK:1.485 MID:1.4845 P1:1.4845 P2:1.4845 P3:1.4845 P4:1.4845 STATE:IDLE
[2026-05-04 20:58:15Z] CHK MOM:-0.06% RANGE:0.06% UP:0% SPREAD:0.06738544% BID:1.484 ASK:1.485 MID:1.4845 P1:1.4845 P2:1.4845 P3:1.4845 P4:1.4845 STATE:IDLE
[2026-05-04 20:58:16Z] CHK MOM:-0.06% RANGE:0.06% UP:0% SPREAD:0.06738544% BID:1.484 ASK:1.485 MID:1.4845 P1:1.4845 P2:1.4845 P3:1.4845 P4:1.4845 STATE:IDLE
[2026-05-04 20:58:16Z] CHK MOM:-0.06% RANGE:0.06% UP:0% SPREAD:0.06738544% BID:1.484 ASK:1.485 MID:1.4845 P1:1.4845 P2:1.4845 P3:1.4845 P4:1.4845 STATE:IDLE
[2026-05-04 20:58:17Z] CHK MOM:-0.06% RANGE:0.06% UP:0% SPREAD:0.06738544% BID:1.484 ASK:1.485 MID:1.4845 P1:1.4845 P2:1.4845 P3:1.4845 P4:1.4845 STATE:IDLE
[2026-05-04 20:58:17Z] CHK MOM:-0.06% RANGE:0.06% UP:0% SPREAD:0.06738544% BID:1.484 ASK:1.485 MID:1.4845 P1:1.4845 P2:1.4845 P3:1.4845 P4:1.4845 STATE:IDLE
[2026-05-04 20:58:18Z] CHK MOM:-0.06% RANGE:0.06% UP:0% SPREAD:0.06738544% BID:1.484 ASK:1.485 MID:1.4845 P1:1.4845 P2:1.4845 P3:1.4845 P4:1.4845 STATE:IDLE
[2026-05-04 20:58:18Z] CHK MOM:-0.06% RANGE:0.06% UP:0% SPREAD:0.06738544% BID:1.484 ASK:1.485 MID:1.4845 P1:1.4845 P2:1.4845 P3:1.4845 P4:1.4845 STATE:IDLE
[2026-05-04 20:58:19Z] CHK MOM:-0.06% RANGE:0.06% UP:0% SPREAD:0.06738544% BID:1.484 ASK:1.485 MID:1.4845 P1:1.4845 P2:1.4845 P3:1.4845 P4:1.4845 STATE:IDLE
[2026-05-04 20:58:20Z] CHK MOM:0% RANGE:0% UP:0% SPREAD:0.06738544% BID:1.484 ASK:1.485 MID:1.4845 P1:1.4845 P2:1.4845 P3:1.4845 P4:1.4845 STATE:IDLE
[2026-05-04 20:58:20Z] CHK MOM:0% RANGE:0% UP:0% SPREAD:0.06738544% BID:1.484 ASK:1.485 MID:1.4845 P1:1.4845 P2:1.4845 P3:1.4845 P4:1.4845 STATE:IDLE
[2026-05-04 20:58:21Z] CHK MOM:0% RANGE:0% UP:0% SPREAD:0.06738544% BID:1.484 ASK:1.485 MID:1.4845 P1:1.4845 P2:1.4845 P3:1.4845 P4:1.4845 STATE:IDLE
[2026-05-04 20:58:21Z] CHK MOM:0% RANGE:0% UP:0% SPREAD:0.06738544% BID:1.484 ASK:1.485 MID:1.4845 P1:1.4845 P2:1.4845 P3:1.4845 P4:1.4845 STATE:IDLE
[2026-05-04 20:58:22Z] CHK MOM:0% RANGE:0% UP:0% SPREAD:0.06738544% BID:1.484 ASK:1.485 MID:1.4845 P1:1.4845 P2:1.4845 P3:1.4845 P4:1.4845 STATE:IDLE
[2026-05-04 20:58:23Z] CHK MOM:0% RANGE:0% UP:0% SPREAD:0.06738544% BID:1.484 ASK:1.485 MID:1.4845 P1:1.4845 P2:1.4845 P3:1.4845 P4:1.4845 STATE:IDLE
[2026-05-04 20:58:23Z] CHK MOM:0% RANGE:0% UP:0% SPREAD:0.06738544% BID:1.484 ASK:1.485 MID:1.4845 P1:1.4845 P2:1.4845 P3:1.4845 P4:1.4845 STATE:IDLE
[2026-05-04 20:58:24Z] CHK MOM:0.06% RANGE:0.06% UP:25% SPREAD:0.06734006% BID:1.485 ASK:1.486 MID:1.4855 P1:1.4855 P2:1.4845 P3:1.4845 P4:1.4845 STATE:IDLE
[2026-05-04 20:58:24Z] CHK MOM:0.06% RANGE:0.06% UP:25% SPREAD:0.06734006% BID:1.485 ASK:1.486 MID:1.4855 P1:1.4855 P2:1.4845 P3:1.4845 P4:1.4845 STATE:IDLE
[2026-05-04 20:58:25Z] CHK MOM:0.06% RANGE:0.06% UP:25% SPREAD:0.06734006% BID:1.485 ASK:1.486 MID:1.4855 P1:1.4855 P2:1.4845 P3:1.4845 P4:1.4845 STATE:IDLE
[2026-05-04 20:58:26Z] CHK MOM:0.06% RANGE:0.06% UP:33.33% SPREAD:0.06734006% BID:1.485 ASK:1.486 MID:1.4855 P1:1.4855 P2:1.4855 P3:1.4845 P4:1.4845 STATE:IDLE
[2026-05-04 20:58:26Z] CHK MOM:0.06% RANGE:0.06% UP:33.33% SPREAD:0.06734006% BID:1.485 ASK:1.486 MID:1.4855 P1:1.4855 P2:1.4855 P3:1.4845 P4:1.4845 STATE:IDLE
[2026-05-04 20:58:27Z] CHK MOM:0.06% RANGE:0.06% UP:25% SPREAD:0.06734006% BID:1.485 ASK:1.486 MID:1.4855 P1:1.4855 P2:1.4855 P3:1.4855 P4:1.4845 STATE:IDLE
[2026-05-04 20:58:27Z] CHK MOM:0.06% RANGE:0.06% UP:20% SPREAD:0.06734006% BID:1.485 ASK:1.486 MID:1.4855 P1:1.4855 P2:1.4855 P3:1.4855 P4:1.4855 STATE:IDLE
[2026-05-04 20:58:28Z] CHK MOM:0.06% RANGE:0.06% UP:20% SPREAD:0.06734006% BID:1.485 ASK:1.486 MID:1.4855 P1:1.4855 P2:1.4855 P3:1.4855 P4:1.4855 STATE:IDLE
[2026-05-04 20:58:28Z] CHK MOM:0.06% RANGE:0.06% UP:20% SPREAD:0.06734006% BID:1.485 ASK:1.486 MID:1.4855 P1:1.4855 P2:1.4855 P3:1.4855 P4:1.4855 STATE:IDLE
[2026-05-04 20:58:29Z] CHK MOM:0.13% RANGE:0.13% UP:40% SPREAD:0.06729475% BID:1.486 ASK:1.487 MID:1.4865 P1:1.4865 P2:1.4855 P3:1.4855 P4:1.4855 STATE:IDLE
[2026-05-04 20:58:29Z] CHK MOM:0.13% RANGE:0.13% UP:40% SPREAD:0.06729475% BID:1.486 ASK:1.487 MID:1.4865 P1:1.4865 P2:1.4855 P3:1.4855 P4:1.4855 STATE:IDLE
[2026-05-04 20:58:30Z] CHK MOM:0.33% RANGE:0.33% UP:50% SPREAD:0.06715916% BID:1.489 ASK:1.49 MID:1.4895 P1:1.4895 P2:1.4865 P3:1.4855 P4:1.4855 STATE:IDLE
[2026-05-04 20:58:31Z] BURST_TRIGGER ret=0.2694% need=0.2686% vel=0.0818%/s eff=1.001 pressure=999.00 drop=0.0000% dt=3.292s
[2026-05-04 20:58:32Z] BUY symbol=TONUSDC qty=6.52 entry=1.489 mode=BURST reason=BURST ret=0.2694% vel=0.0818%/s eff=1.001 pressure=999.00 drop=0.0000% P1=1.4895 P2=1.4865 P3=1.4855 P4=1.4855
[2026-05-04 20:58:32Z] CHK MOM:0.2% RANGE:0.26% UP:33.33% SPREAD:0.0672043% BID:1.488 ASK:1.489 MID:1.4885 P1:1.4885 P2:1.4895 P3:1.4865 P4:1.4855 STATE:IN_POS
[2026-05-04 20:58:33Z] CHK MOM:0.2% RANGE:0.26% UP:33.33% SPREAD:0.0672043% BID:1.488 ASK:1.489 MID:1.4885 P1:1.4885 P2:1.4885 P3:1.4895 P4:1.4865 STATE:IN_POS
[2026-05-04 20:58:33Z] CHK MOM:0.2% RANGE:0.26% UP:33.33% SPREAD:0.0672043% BID:1.488 ASK:1.489 MID:1.4885 P1:1.4885 P2:1.4885 P3:1.4895 P4:1.4865 STATE:IN_POS
[2026-05-04 20:58:34Z] CHK MOM:0.2% RANGE:0.26% UP:28.57% SPREAD:0.0672043% BID:1.488 ASK:1.489 MID:1.4885 P1:1.4885 P2:1.4885 P3:1.4885 P4:1.4895 STATE:IN_POS
[2026-05-04 20:58:34Z] CHK MOM:0.2% RANGE:0.26% UP:28.57% SPREAD:0.0672043% BID:1.488 ASK:1.489 MID:1.4885 P1:1.4885 P2:1.4885 P3:1.4885 P4:1.4895 STATE:IN_POS
[2026-05-04 20:58:35Z] CHK MOM:0.23% RANGE:0.26% UP:42.85% SPREAD:0.1344086% BID:1.488 ASK:1.49 MID:1.48899999 P1:1.48899999 P2:1.4885 P3:1.4885 P4:1.4885 STATE:IN_POS
[2026-05-04 20:58:35Z] CHK MOM:0.16% RANGE:0.2% UP:33.33% SPREAD:0.1344086% BID:1.488 ASK:1.49 MID:1.48899999 P1:1.48899999 P2:1.48899999 P3:1.4885 P4:1.4885 STATE:IN_POS
[2026-05-04 20:58:36Z] CHK MOM:0.16% RANGE:0.2% UP:33.33% SPREAD:0.1344086% BID:1.488 ASK:1.49 MID:1.48899999 P1:1.48899999 P2:1.48899999 P3:1.4885 P4:1.4885 STATE:IN_POS
[2026-05-04 20:58:36Z] CHK MOM:0.2% RANGE:0.2% UP:42.85% SPREAD:0.06715916% BID:1.489 ASK:1.49 MID:1.4895 P1:1.4895 P2:1.48899999 P3:1.48899999 P4:1.4885 STATE:IN_POS
[2026-05-04 20:58:37Z] CHK MOM:0.2% RANGE:0.2% UP:42.85% SPREAD:0.06715916% BID:1.489 ASK:1.49 MID:1.4895 P1:1.4895 P2:1.48899999 P3:1.48899999 P4:1.4885 STATE:IN_POS
[2026-05-04 20:58:38Z] CHK MOM:0.2% RANGE:0.2% UP:42.85% SPREAD:0.06715916% BID:1.489 ASK:1.49 MID:1.4895 P1:1.4895 P2:1.48899999 P3:1.48899999 P4:1.4885 STATE:IN_POS
[2026-05-04 20:58:38Z] CHK MOM:0% RANGE:0.06% UP:28.57% SPREAD:0.06715916% BID:1.489 ASK:1.49 MID:1.4895 P1:1.4895 P2:1.4895 P3:1.48899999 P4:1.48899999 STATE:IN_POS
[2026-05-04 20:58:39Z] CHK MOM:0% RANGE:0.06% UP:28.57% SPREAD:0.06715916% BID:1.489 ASK:1.49 MID:1.4895 P1:1.4895 P2:1.4895 P3:1.48899999 P4:1.48899999 STATE:IN_POS
[2026-05-04 20:58:39Z] CHK MOM:0% RANGE:0.06% UP:28.57% SPREAD:0.06715916% BID:1.489 ASK:1.49 MID:1.4895 P1:1.4895 P2:1.4895 P3:1.48899999 P4:1.48899999 STATE:IN_POS
[2026-05-04 20:58:40Z] CHK MOM:0% RANGE:0.06% UP:28.57% SPREAD:0.06715916% BID:1.489 ASK:1.49 MID:1.4895 P1:1.4895 P2:1.4895 P3:1.48899999 P4:1.48899999 STATE:IN_POS
[2026-05-04 20:58:40Z] CHK MOM:0% RANGE:0.06% UP:28.57% SPREAD:0.06715916% BID:1.489 ASK:1.49 MID:1.4895 P1:1.4895 P2:1.4895 P3:1.48899999 P4:1.48899999 STATE:IN_POS
[2026-05-04 20:58:40Z] BURST_HANDOFF age=8.47s ext=0.0000% loss=0.0000% peak=1.48900000 stop=1.47700000 protect=0 trail=0
[2026-05-04 20:58:41Z] CHK MOM:0.03% RANGE:0.06% UP:40% SPREAD:0.1344086% BID:1.488 ASK:1.49 MID:1.48899999 P1:1.48899999 P2:1.4895 P3:1.4895 P4:1.48899999 STATE:IN_POS
[2026-05-04 20:58:41Z] CHK MOM:0% RANGE:0.06% UP:33.33% SPREAD:0.0672043% BID:1.488 ASK:1.489 MID:1.4885 P1:1.4885 P2:1.48899999 P3:1.4895 P4:1.4895 STATE:IN_POS
[2026-05-04 20:58:42Z] CHK MOM:-0.03% RANGE:0.06% UP:16.66% SPREAD:0.0672043% BID:1.488 ASK:1.489 MID:1.4885 P1:1.4885 P2:1.4885 P3:1.48899999 P4:1.4895 STATE:IN_POS
[2026-05-04 20:58:42Z] CHK MOM:-0.03% RANGE:0.06% UP:14.28% SPREAD:0.0672043% BID:1.488 ASK:1.489 MID:1.4885 P1:1.4885 P2:1.4885 P3:1.4885 P4:1.48899999 STATE:IN_POS
[2026-05-04 20:58:43Z] CHK MOM:0.03% RANGE:0.06% UP:25% SPREAD:0.06715916% BID:1.489 ASK:1.49 MID:1.4895 P1:1.4895 P2:1.4885 P3:1.4885 P4:1.4885 STATE:IN_POS
[2026-05-04 20:58:44Z] CHK MOM:0.06% RANGE:0.13% UP:28.57% SPREAD:0.06711409% BID:1.49 ASK:1.491 MID:1.4905 P1:1.4905 P2:1.4895 P3:1.4885 P4:1.4885 STATE:IN_POS
[2026-05-04 20:58:44Z] CHK MOM:0.06% RANGE:0.13% UP:25% SPREAD:0.06711409% BID:1.49 ASK:1.491 MID:1.4905 P1:1.4905 P2:1.4905 P3:1.4895 P4:1.4885 STATE:IN_POS
[2026-05-04 20:58:45Z] CHK MOM:0.06% RANGE:0.13% UP:25% SPREAD:0.06711409% BID:1.49 ASK:1.491 MID:1.4905 P1:1.4905 P2:1.4905 P3:1.4905 P4:1.4895 STATE:IN_POS
[2026-05-04 20:58:45Z] CHK MOM:0.03% RANGE:0.13% UP:22.22% SPREAD:0.13431833% BID:1.489 ASK:1.491 MID:1.49 P1:1.49 P2:1.4905 P3:1.4905 P4:1.4905 STATE:IN_POS
[2026-05-04 20:58:46Z] CHK MOM:0.1% RANGE:0.13% UP:33.33% SPREAD:0.06711409% BID:1.49 ASK:1.491 MID:1.4905 P1:1.4905 P2:1.49 P3:1.4905 P4:1.4905 STATE:IN_POS
[2026-05-04 20:58:47Z] CHK MOM:0.1% RANGE:0.13% UP:30% SPREAD:0.06711409% BID:1.49 ASK:1.491 MID:1.4905 P1:1.4905 P2:1.4905 P3:1.49 P4:1.4905 STATE:IN_POS
[2026-05-04 20:58:47Z] CHK MOM:0.1% RANGE:0.13% UP:30% SPREAD:0.06711409% BID:1.49 ASK:1.491 MID:1.4905 P1:1.4905 P2:1.4905 P3:1.49 P4:1.4905 STATE:IN_POS
[2026-05-04 20:58:48Z] CHK MOM:0.13% RANGE:0.16% UP:36.36% SPREAD:0.13422818% BID:1.49 ASK:1.492 MID:1.491 P1:1.491 P2:1.4905 P3:1.4905 P4:1.49 STATE:IN_POS
[2026-05-04 20:58:49Z] CHK MOM:0.13% RANGE:0.16% UP:40% SPREAD:0.06711409% BID:1.49 ASK:1.491 MID:1.4905 P1:1.4905 P2:1.491 P3:1.4905 P4:1.4905 STATE:IN_POS
[2026-05-04 20:58:49Z] CHK MOM:0.13% RANGE:0.16% UP:36.36% SPREAD:0.06711409% BID:1.49 ASK:1.491 MID:1.4905 P1:1.4905 P2:1.4905 P3:1.491 P4:1.4905 STATE:IN_POS
[2026-05-04 20:58:50Z] CHK MOM:0.13% RANGE:0.16% UP:36.36% SPREAD:0.06711409% BID:1.49 ASK:1.491 MID:1.4905 P1:1.4905 P2:1.4905 P3:1.491 P4:1.4905 STATE:IN_POS
[2026-05-04 20:58:50Z] CHK MOM:0.06% RANGE:0.1% UP:30% SPREAD:0.06711409% BID:1.49 ASK:1.491 MID:1.4905 P1:1.4905 P2:1.4905 P3:1.4905 P4:1.491 STATE:IN_POS
[2026-05-04 20:58:51Z] CHK MOM:0% RANGE:0.06% UP:20% SPREAD:0.06711409% BID:1.49 ASK:1.491 MID:1.4905 P1:1.4905 P2:1.4905 P3:1.4905 P4:1.4905 STATE:IN_POS
[2026-05-04 20:58:51Z] CHK MOM:-0.06% RANGE:0.1% UP:20% SPREAD:0.06715916% BID:1.489 ASK:1.49 MID:1.4895 P1:1.4895 P2:1.4905 P3:1.4905 P4:1.4905 STATE:IN_POS
[2026-05-04 20:58:52Z] CHK MOM:0% RANGE:0.1% UP:30% SPREAD:0.06711409% BID:1.49 ASK:1.491 MID:1.4905 P1:1.4905 P2:1.4895 P3:1.4905 P4:1.4905 STATE:IN_POS
[2026-05-04 20:58:52Z] CHK MOM:0% RANGE:0.1% UP:30% SPREAD:0.06711409% BID:1.49 ASK:1.491 MID:1.4905 P1:1.4905 P2:1.4895 P3:1.4905 P4:1.4905 STATE:IN_POS
[2026-05-04 20:58:53Z] CHK MOM:0.06% RANGE:0.13% UP:33.33% SPREAD:0.06706908% BID:1.491 ASK:1.492 MID:1.4915 P1:1.4915 P2:1.4905 P3:1.4895 P4:1.4905 STATE:IN_POS
[2026-05-04 20:58:54Z] CHK MOM:0% RANGE:0.13% UP:30% SPREAD:0.06711409% BID:1.49 ASK:1.491 MID:1.4905 P1:1.4905 P2:1.4915 P3:1.4905 P4:1.4895 STATE:IN_POS
[2026-05-04 20:58:54Z] CHK MOM:0% RANGE:0.13% UP:30% SPREAD:0.06711409% BID:1.49 ASK:1.491 MID:1.4905 P1:1.4905 P2:1.4915 P3:1.4905 P4:1.4895 STATE:IN_POS
[2026-05-04 20:58:55Z] CHK MOM:0% RANGE:0.13% UP:30% SPREAD:0.06711409% BID:1.49 ASK:1.491 MID:1.4905 P1:1.4905 P2:1.4915 P3:1.4905 P4:1.4895 STATE:IN_POS
[2026-05-04 20:58:55Z] CHK MOM:-0.03% RANGE:0.13% UP:22.22% SPREAD:0.06711409% BID:1.49 ASK:1.491 MID:1.4905 P1:1.4905 P2:1.4905 P3:1.4915 P4:1.4905 STATE:IN_POS
[2026-05-04 20:58:56Z] CHK MOM:-0.03% RANGE:0.13% UP:22.22% SPREAD:0.06711409% BID:1.49 ASK:1.491 MID:1.4905 P1:1.4905 P2:1.4905 P3:1.4915 P4:1.4905 STATE:IN_POS
[2026-05-04 20:58:56Z] CHK MOM:-0.03% RANGE:0.13% UP:22.22% SPREAD:0.06711409% BID:1.49 ASK:1.491 MID:1.4905 P1:1.4905 P2:1.4905 P3:1.4915 P4:1.4905 STATE:IN_POS
[2026-05-04 20:58:57Z] CHK MOM:0% RANGE:0.13% UP:22.22% SPREAD:0.06711409% BID:1.49 ASK:1.491 MID:1.4905 P1:1.4905 P2:1.4905 P3:1.4905 P4:1.4915 STATE:IN_POS
[2026-05-04 20:58:57Z] CHK MOM:0% RANGE:0.13% UP:22.22% SPREAD:0.06711409% BID:1.49 ASK:1.491 MID:1.4905 P1:1.4905 P2:1.4905 P3:1.4905 P4:1.4915 STATE:IN_POS
[2026-05-04 20:58:58Z] CHK MOM:0% RANGE:0.13% UP:25% SPREAD:0.06711409% BID:1.49 ASK:1.491 MID:1.4905 P1:1.4905 P2:1.4905 P3:1.4905 P4:1.4905 STATE:IN_POS
[2026-05-04 20:58:58Z] CHK MOM:0% RANGE:0.13% UP:25% SPREAD:0.06711409% BID:1.49 ASK:1.491 MID:1.4905 P1:1.4905 P2:1.4905 P3:1.4905 P4:1.4905 STATE:IN_POS
[2026-05-04 20:58:59Z] CHK MOM:0% RANGE:0.13% UP:25% SPREAD:0.06711409% BID:1.49 ASK:1.491 MID:1.4905 P1:1.4905 P2:1.4905 P3:1.4905 P4:1.4905 STATE:IN_POS
[2026-05-04 20:59:00Z] CHK MOM:-0.06% RANGE:0.13% UP:16.66% SPREAD:0.06715916% BID:1.489 ASK:1.49 MID:1.4895 P1:1.4895 P2:1.4905 P3:1.4905 P4:1.4905 STATE:IN_POS
[2026-05-04 20:59:00Z] CHK MOM:-0.06% RANGE:0.13% UP:16.66% SPREAD:0.06711409% BID:1.49 ASK:1.491 MID:1.4905 P1:1.4905 P2:1.4895 P3:1.4905 P4:1.4905 STATE:IN_POS
[2026-05-04 20:59:02Z] CHK MOM:-0.13% RANGE:0.13% UP:14.28% SPREAD:0.06715916% BID:1.489 ASK:1.49 MID:1.4895 P1:1.4895 P2:1.4905 P3:1.4895 P4:1.4905 STATE:IN_POS
[2026-05-04 20:59:02Z] CHK MOM:-0.13% RANGE:0.13% UP:14.28% SPREAD:0.06715916% BID:1.489 ASK:1.49 MID:1.4895 P1:1.4895 P2:1.4905 P3:1.4895 P4:1.4905 STATE:IN_POS
[2026-05-04 20:59:03Z] CHK MOM:-0.06% RANGE:0.06% UP:16.66% SPREAD:0.06715916% BID:1.489 ASK:1.49 MID:1.4895 P1:1.4895 P2:1.4895 P3:1.4905 P4:1.4895 STATE:IN_POS
[2026-05-04 20:59:03Z] CHK MOM:-0.06% RANGE:0.06% UP:16.66% SPREAD:0.06715916% BID:1.489 ASK:1.49 MID:1.4895 P1:1.4895 P2:1.4895 P3:1.4905 P4:1.4895 STATE:IN_POS
[2026-05-04 20:59:04Z] CHK MOM:-0.06% RANGE:0.06% UP:16.66% SPREAD:0.06715916% BID:1.489 ASK:1.49 MID:1.4895 P1:1.4895 P2:1.4895 P3:1.4905 P4:1.4895 STATE:IN_POS
[2026-05-04 20:59:05Z] CHK MOM:-0.06% RANGE:0.06% UP:16.66% SPREAD:0.06715916% BID:1.489 ASK:1.49 MID:1.4895 P1:1.4895 P2:1.4895 P3:1.4905 P4:1.4895 STATE:IN_POS
[2026-05-04 20:59:05Z] CHK MOM:-0.06% RANGE:0.06% UP:20% SPREAD:0.06715916% BID:1.489 ASK:1.49 MID:1.4895 P1:1.4895 P2:1.4895 P3:1.4895 P4:1.4905 STATE:IN_POS
[2026-05-04 20:59:06Z] CHK MOM:-0.06% RANGE:0.06% UP:20% SPREAD:0.06715916% BID:1.489 ASK:1.49 MID:1.4895 P1:1.4895 P2:1.4895 P3:1.4895 P4:1.4905 STATE:IN_POS
[2026-05-04 20:59:06Z] CHK MOM:-0.06% RANGE:0.06% UP:20% SPREAD:0.06715916% BID:1.489 ASK:1.49 MID:1.4895 P1:1.4895 P2:1.4895 P3:1.4895 P4:1.4905 STATE:IN_POS
[2026-05-04 20:59:07Z] CHK MOM:0% RANGE:0.06% UP:20% SPREAD:0.06715916% BID:1.489 ASK:1.49 MID:1.4895 P1:1.4895 P2:1.4895 P3:1.4895 P4:1.4895 STATE:IN_POS
[2026-05-04 20:59:07Z] CHK MOM:0% RANGE:0.06% UP:20% SPREAD:0.06715916% BID:1.489 ASK:1.49 MID:1.4895 P1:1.4895 P2:1.4895 P3:1.4895 P4:1.4895 STATE:IN_POS
[2026-05-04 20:59:08Z] CHK MOM:0% RANGE:0.06% UP:20% SPREAD:0.06715916% BID:1.489 ASK:1.49 MID:1.4895 P1:1.4895 P2:1.4895 P3:1.4895 P4:1.4895 STATE:IN_POS
[2026-05-04 20:59:08Z] CHK MOM:-0.06% RANGE:0.06% UP:0% SPREAD:0.06715916% BID:1.489 ASK:1.49 MID:1.4895 P1:1.4895 P2:1.4895 P3:1.4895 P4:1.4895 STATE:IN_POS
[2026-05-04 20:59:09Z] CHK MOM:-0.06% RANGE:0.06% UP:0% SPREAD:0.06715916% BID:1.489 ASK:1.49 MID:1.4895 P1:1.4895 P2:1.4895 P3:1.4895 P4:1.4895 STATE:IN_POS
[2026-05-04 20:59:10Z] CHK MOM:-0.06% RANGE:0.06% UP:0% SPREAD:0.06715916% BID:1.489 ASK:1.49 MID:1.4895 P1:1.4895 P2:1.4895 P3:1.4895 P4:1.4895 STATE:IN_POS
[2026-05-04 20:59:10Z] CHK MOM:-0.06% RANGE:0.06% UP:0% SPREAD:0.06715916% BID:1.489 ASK:1.49 MID:1.4895 P1:1.4895 P2:1.4895 P3:1.4895 P4:1.4895 STATE:IN_POS
[2026-05-04 20:59:11Z] CHK MOM:0% RANGE:0% UP:0% SPREAD:0.06715916% BID:1.489 ASK:1.49 MID:1.4895 P1:1.4895 P2:1.4895 P3:1.4895 P4:1.4895 STATE:IN_POS
[2026-05-04 20:59:11Z] CHK MOM:0% RANGE:0% UP:0% SPREAD:0.06715916% BID:1.489 ASK:1.49 MID:1.4895 P1:1.4895 P2:1.4895 P3:1.4895 P4:1.4895 STATE:IN_POS
[2026-05-04 20:59:12Z] CHK MOM:0% RANGE:0% UP:0% SPREAD:0.06715916% BID:1.489 ASK:1.49 MID:1.4895 P1:1.4895 P2:1.4895 P3:1.4895 P4:1.4895 STATE:IN_POS
[2026-05-04 20:59:12Z] CHK MOM:-0.06% RANGE:0.06% UP:0% SPREAD:0.0672043% BID:1.488 ASK:1.489 MID:1.4885 P1:1.4885 P2:1.4895 P3:1.4895 P4:1.4895 STATE:IN_POS
[2026-05-04 20:59:13Z] CHK MOM:-0.06% RANGE:0.06% UP:0% SPREAD:0.0672043% BID:1.488 ASK:1.489 MID:1.4885 P1:1.4885 P2:1.4885 P3:1.4895 P4:1.4895 STATE:IN_POS
[2026-05-04 20:59:13Z] CHK MOM:-0.06% RANGE:0.06% UP:0% SPREAD:0.0672043% BID:1.488 ASK:1.489 MID:1.4885 P1:1.4885 P2:1.4885 P3:1.4895 P4:1.4895 STATE:IN_POS
[2026-05-04 20:59:14Z] CHK MOM:-0.06% RANGE:0.06% UP:0% SPREAD:0.0672043% BID:1.488 ASK:1.489 MID:1.4885 P1:1.4885 P2:1.4885 P3:1.4885 P4:1.4895 STATE:IN_POS
[2026-05-04 20:59:14Z] CHK MOM:-0.06% RANGE:0.06% UP:0% SPREAD:0.0672043% BID:1.488 ASK:1.489 MID:1.4885 P1:1.4885 P2:1.4885 P3:1.4885 P4:1.4895 STATE:IN_POS
[2026-05-04 20:59:15Z] CHK MOM:-0.06% RANGE:0.06% UP:0% SPREAD:0.0672043% BID:1.488 ASK:1.489 MID:1.4885 P1:1.4885 P2:1.4885 P3:1.4885 P4:1.4895 STATE:IN_POS
[2026-05-04 20:59:16Z] CHK MOM:-0.06% RANGE:0.06% UP:0% SPREAD:0.0672043% BID:1.488 ASK:1.489 MID:1.4885 P1:1.4885 P2:1.4885 P3:1.4885 P4:1.4885 STATE:IN_POS
[2026-05-04 20:59:17Z] CHK MOM:0% RANGE:0.06% UP:16.66% SPREAD:0.06715916% BID:1.489 ASK:1.49 MID:1.4895 P1:1.4895 P2:1.4885 P3:1.4885 P4:1.4885 STATE:IN_POS
[2026-05-04 20:59:18Z] CHK MOM:0% RANGE:0.06% UP:16.66% SPREAD:0.06715916% BID:1.489 ASK:1.49 MID:1.4895 P1:1.4895 P2:1.4885 P3:1.4885 P4:1.4885 STATE:IN_POS
[2026-05-04 20:59:18Z] CHK MOM:0% RANGE:0.06% UP:16.66% SPREAD:0.06715916% BID:1.489 ASK:1.49 MID:1.4895 P1:1.4895 P2:1.4885 P3:1.4885 P4:1.4885 STATE:IN_POS
[2026-05-04 20:59:19Z] CHK MOM:0% RANGE:0.06% UP:14.28% SPREAD:0.06715916% BID:1.489 ASK:1.49 MID:1.4895 P1:1.4895 P2:1.4895 P3:1.4885 P4:1.4885 STATE:IN_POS
[2026-05-04 20:59:19Z] CHK MOM:0% RANGE:0.06% UP:14.28% SPREAD:0.06715916% BID:1.489 ASK:1.49 MID:1.4895 P1:1.4895 P2:1.4895 P3:1.4885 P4:1.4885 STATE:IN_POS
[2026-05-04 20:59:20Z] CHK MOM:0.06% RANGE:0.06% UP:16.66% SPREAD:0.06715916% BID:1.489 ASK:1.49 MID:1.4895 P1:1.4895 P2:1.4895 P3:1.4895 P4:1.4885 STATE:IN_POS
[2026-05-04 20:59:21Z] CHK MOM:0% RANGE:0.06% UP:14.28% SPREAD:0.0672043% BID:1.488 ASK:1.489 MID:1.4885 P1:1.4885 P2:1.4895 P3:1.4895 P4:1.4895 STATE:IN_POS
[2026-05-04 20:59:21Z] CHK MOM:0% RANGE:0.06% UP:16.66% SPREAD:0.0672043% BID:1.488 ASK:1.489 MID:1.4885 P1:1.4885 P2:1.4885 P3:1.4895 P4:1.4895 STATE:IN_POS
[2026-05-04 20:59:22Z] CHK MOM:0% RANGE:0.06% UP:14.28% SPREAD:0.0672043% BID:1.488 ASK:1.489 MID:1.4885 P1:1.4885 P2:1.4885 P3:1.4885 P4:1.4895 STATE:IN_POS
[2026-05-04 20:59:22Z] CHK MOM:-0.06% RANGE:0.13% UP:14.28% SPREAD:0.06724949% BID:1.487 ASK:1.488 MID:1.4875 P1:1.4875 P2:1.4885 P3:1.4885 P4:1.4885 STATE:IN_POS
[2026-05-04 20:59:23Z] CHK MOM:-0.13% RANGE:0.2% UP:12.5% SPREAD:0.06729475% BID:1.486 ASK:1.487 MID:1.4865 P1:1.4865 P2:1.4875 P3:1.4885 P4:1.4885 STATE:IN_POS
[2026-05-04 20:59:24Z] SELL symbol=TONUSDC qty=6.52 exit=1.486 pnl=-0.01956000000000074 reason=PSELL ROLL5 age=51.2s latest=1.48600000 ret5m=0.3369% entry5m=0.8119% delta5m=-0.4750% P1=1.4865 P2=1.4875 P3=1.4885000000000002 P4=1.4885000000000002 entry=1.489 profile=major
[2026-05-04 20:59:54Z] CHK MOM:0.06% RANGE:0.06% UP:50% SPREAD:0.06711409% BID:1.49 ASK:1.491 MID:1.4905 P1:1.4905 P2:1.49 P3:1.4905 P4:1.49 STATE:IDLE
[2026-05-04 20:59:55Z] CHK MOM:0.06% RANGE:0.06% UP:60% SPREAD:0.06711409% BID:1.49 ASK:1.491 MID:1.4905 P1:1.4905 P2:1.4905 P3:1.49 P4:1.4905 STATE:IDLE
[2026-05-04 20:59:55Z] CHK MOM:0.06% RANGE:0.06% UP:50% SPREAD:0.06711409% BID:1.49 ASK:1.491 MID:1.4905 P1:1.4905 P2:1.4905 P3:1.4905 P4:1.49 STATE:IDLE
[2026-05-04 20:59:56Z] CHK MOM:0.03% RANGE:0.03% UP:33.33% SPREAD:0.06711409% BID:1.49 ASK:1.491 MID:1.4905 P1:1.4905 P2:1.4905 P3:1.4905 P4:1.4905 STATE:IDLE
[2026-05-04 20:59:56Z] CHK MOM:0.03% RANGE:0.06% UP:33.33% SPREAD:0.13422818% BID:1.49 ASK:1.492 MID:1.491 P1:1.491 P2:1.4905 P3:1.4905 P4:1.4905 STATE:IDLE
[2026-05-04 20:59:57Z] CHK MOM:0.03% RANGE:0.06% UP:33.33% SPREAD:0.13422818% BID:1.49 ASK:1.492 MID:1.491 P1:1.491 P2:1.4905 P3:1.4905 P4:1.4905 STATE:IDLE
[2026-05-04 20:59:57Z] CHK MOM:0.03% RANGE:0.06% UP:28.57% SPREAD:0.13422818% BID:1.49 ASK:1.492 MID:1.491 P1:1.491 P2:1.491 P3:1.4905 P4:1.4905 STATE:IDLE
[2026-05-04 20:59:58Z] CHK MOM:0.3% RANGE:0.3% UP:42.85% SPREAD:0.0669344% BID:1.494 ASK:1.495 MID:1.4945 P1:1.4945 P2:1.491 P3:1.491 P4:1.4905 STATE:IDLE
[2026-05-04 20:59:59Z] BURST_TRIGGER ret=0.2685% need=0.2677% vel=0.1179%/s eff=1.000 pressure=999.00 drop=0.0000% dt=2.277s
[2026-05-04 21:00:01Z] BUY symbol=TONUSDC qty=6.48 entry=1.4949999999999999 mode=BURST reason=BURST ret=0.2685% vel=0.1179%/s eff=1.000 pressure=999.00 drop=0.0000% P1=1.4945 P2=1.491 P3=1.491 P4=1.4905
[2026-05-04 21:00:02Z] CHK MOM:0.3% RANGE:0.3% UP:50% SPREAD:0.1338688% BID:1.494 ASK:1.496 MID:1.495 P1:1.495 P2:1.4945 P3:1.491 P4:1.491 STATE:IN_POS
[2026-05-04 21:00:02Z] CHK MOM:0.33% RANGE:0.33% UP:57.14% SPREAD:0.06688963% BID:1.495 ASK:1.496 MID:1.4955 P1:1.4955 P2:1.495 P3:1.4945 P4:1.491 STATE:IN_POS
[2026-05-04 21:00:03Z] CHK MOM:0.33% RANGE:0.33% UP:66.66% SPREAD:0.06688963% BID:1.495 ASK:1.496 MID:1.4955 P1:1.4955 P2:1.4955 P3:1.495 P4:1.4945 STATE:IN_POS
[2026-05-04 21:00:03Z] CHK MOM:0.23% RANGE:0.3% UP:50% SPREAD:0.0669344% BID:1.494 ASK:1.495 MID:1.4945 P1:1.4945 P2:1.4955 P3:1.4955 P4:1.495 STATE:IN_POS
[2026-05-04 21:00:04Z] CHK MOM:0.23% RANGE:0.3% UP:50% SPREAD:0.0669344% BID:1.494 ASK:1.495 MID:1.4945 P1:1.4945 P2:1.4945 P3:1.4955 P4:1.4955 STATE:IN_POS
[2026-05-04 21:00:04Z] CHK MOM:0.23% RANGE:0.3% UP:42.85% SPREAD:0.0669344% BID:1.494 ASK:1.495 MID:1.4945 P1:1.4945 P2:1.4945 P3:1.4945 P4:1.4955 STATE:IN_POS
[2026-05-04 21:00:05Z] CHK MOM:0.03% RANGE:0.06% UP:42.85% SPREAD:0.1338688% BID:1.494 ASK:1.496 MID:1.495 P1:1.495 P2:1.4945 P3:1.4945 P4:1.4945 STATE:IN_POS
[2026-05-04 21:00:05Z] CHK MOM:0% RANGE:0.06% UP:37.5% SPREAD:0.0669344% BID:1.494 ASK:1.495 MID:1.4945 P1:1.4945 P2:1.495 P3:1.4945 P4:1.4945 STATE:IN_POS
[2026-05-04 21:00:06Z] CHK MOM:0% RANGE:0.06% UP:37.5% SPREAD:0.0669344% BID:1.494 ASK:1.495 MID:1.4945 P1:1.4945 P2:1.495 P3:1.4945 P4:1.4945 STATE:IN_POS
[2026-05-04 21:00:06Z] CHK MOM:0% RANGE:0.06% UP:37.5% SPREAD:0.1338688% BID:1.494 ASK:1.496 MID:1.495 P1:1.495 P2:1.4945 P3:1.495 P4:1.4945 STATE:IN_POS
[2026-05-04 21:00:07Z] CHK MOM:0% RANGE:0.06% UP:37.5% SPREAD:0.1338688% BID:1.494 ASK:1.496 MID:1.495 P1:1.495 P2:1.4945 P3:1.495 P4:1.4945 STATE:IN_POS
[2026-05-04 21:00:08Z] CHK MOM:-0.03% RANGE:0.06% UP:33.33% SPREAD:0.0669344% BID:1.494 ASK:1.495 MID:1.4945 P1:1.4945 P2:1.495 P3:1.4945 P4:1.495 STATE:IN_POS
[2026-05-04 21:00:08Z] CHK MOM:-0.03% RANGE:0.06% UP:30% SPREAD:0.0669344% BID:1.494 ASK:1.495 MID:1.4945 P1:1.4945 P2:1.4945 P3:1.495 P4:1.4945 STATE:IN_POS
[2026-05-04 21:00:09Z] CHK MOM:-0.03% RANGE:0.06% UP:30% SPREAD:0.0669344% BID:1.494 ASK:1.495 MID:1.4945 P1:1.4945 P2:1.4945 P3:1.495 P4:1.4945 STATE:IN_POS
[2026-05-04 21:00:09Z] CHK MOM:-0.03% RANGE:0.06% UP:27.27% SPREAD:0.0669344% BID:1.494 ASK:1.495 MID:1.4945 P1:1.4945 P2:1.4945 P3:1.4945 P4:1.495 STATE:IN_POS
[2026-05-04 21:00:10Z] CHK MOM:-0.06% RANGE:0.06% UP:18.18% SPREAD:0.0669344% BID:1.494 ASK:1.495 MID:1.4945 P1:1.4945 P2:1.4945 P3:1.4945 P4:1.4945 STATE:IN_POS
[2026-05-04 21:00:10Z] BURST_HANDOFF age=8.48s ext=0.0000% loss=0.0669% peak=1.49500000 stop=1.48300000 protect=0 trail=0
[2026-05-04 21:00:10Z] CHK MOM:-0.06% RANGE:0.06% UP:18.18% SPREAD:0.0669344% BID:1.494 ASK:1.495 MID:1.4945 P1:1.4945 P2:1.4945 P3:1.4945 P4:1.4945 STATE:IN_POS
[2026-05-04 21:00:11Z] CHK MOM:0% RANGE:0.03% UP:20% SPREAD:0.0669344% BID:1.494 ASK:1.495 MID:1.4945 P1:1.4945 P2:1.4945 P3:1.4945 P4:1.4945 STATE:IN_POS
[2026-05-04 21:00:11Z] CHK MOM:0% RANGE:0.03% UP:18.18% SPREAD:0.0669344% BID:1.494 ASK:1.495 MID:1.4945 P1:1.4945 P2:1.4945 P3:1.4945 P4:1.4945 STATE:IN_POS
[2026-05-04 21:00:12Z] CHK MOM:0% RANGE:0.03% UP:18.18% SPREAD:0.0669344% BID:1.494 ASK:1.495 MID:1.4945 P1:1.4945 P2:1.4945 P3:1.4945 P4:1.4945 STATE:IN_POS
[2026-05-04 21:00:13Z] CHK MOM:0% RANGE:0.03% UP:18.18% SPREAD:0.0669344% BID:1.494 ASK:1.495 MID:1.4945 P1:1.4945 P2:1.4945 P3:1.4945 P4:1.4945 STATE:IN_POS
[2026-05-04 21:00:14Z] CHK MOM:0% RANGE:0.03% UP:10% SPREAD:0.0669344% BID:1.494 ASK:1.495 MID:1.4945 P1:1.4945 P2:1.4945 P3:1.4945 P4:1.4945 STATE:IN_POS
[2026-05-04 21:00:15Z] CHK MOM:0% RANGE:0.03% UP:10% SPREAD:0.0669344% BID:1.494 ASK:1.495 MID:1.4945 P1:1.4945 P2:1.4945 P3:1.4945 P4:1.4945 STATE:IN_POS
[2026-05-04 21:00:15Z] CHK MOM:0% RANGE:0% UP:0% SPREAD:0.0669344% BID:1.494 ASK:1.495 MID:1.4945 P1:1.4945 P2:1.4945 P3:1.4945 P4:1.4945 STATE:IN_POS
[2026-05-04 21:00:16Z] CHK MOM:0% RANGE:0% UP:0% SPREAD:0.0669344% BID:1.494 ASK:1.495 MID:1.4945 P1:1.4945 P2:1.4945 P3:1.4945 P4:1.4945 STATE:IN_POS
[2026-05-04 21:00:16Z] CHK MOM:-0.06% RANGE:0.06% UP:0% SPREAD:0.06697923% BID:1.493 ASK:1.494 MID:1.4935 P1:1.4935 P2:1.4945 P3:1.4945 P4:1.4945 STATE:IN_POS
[2026-05-04 21:00:17Z] CHK MOM:-0.06% RANGE:0.06% UP:0% SPREAD:0.06697923% BID:1.493 ASK:1.494 MID:1.4935 P1:1.4935 P2:1.4935 P3:1.4945 P4:1.4945 STATE:IN_POS
[2026-05-04 21:00:17Z] CHK MOM:-0.03% RANGE:0.06% UP:9.09% SPREAD:0.13395847% BID:1.493 ASK:1.495 MID:1.494 P1:1.494 P2:1.4935 P3:1.4935 P4:1.4945 STATE:IN_POS
[2026-05-04 21:00:18Z] CHK MOM:0% RANGE:0.06% UP:20% SPREAD:0.0669344% BID:1.494 ASK:1.495 MID:1.4945 P1:1.4945 P2:1.494 P3:1.4935 P4:1.4935 STATE:IN_POS
[2026-05-04 21:00:19Z] CHK MOM:0% RANGE:0.06% UP:20% SPREAD:0.0669344% BID:1.494 ASK:1.495 MID:1.4945 P1:1.4945 P2:1.4945 P3:1.494 P4:1.4935 STATE:IN_POS
[2026-05-04 21:00:19Z] CHK MOM:0% RANGE:0.06% UP:18.18% SPREAD:0.0669344% BID:1.494 ASK:1.495 MID:1.4945 P1:1.4945 P2:1.4945 P3:1.4945 P4:1.494 STATE:IN_POS
[2026-05-04 21:00:20Z] CHK MOM:0% RANGE:0.06% UP:18.18% SPREAD:0.0669344% BID:1.494 ASK:1.495 MID:1.4945 P1:1.4945 P2:1.4945 P3:1.4945 P4:1.4945 STATE:IN_POS
[2026-05-04 21:00:20Z] CHK MOM:0% RANGE:0.06% UP:18.18% SPREAD:0.0669344% BID:1.494 ASK:1.495 MID:1.4945 P1:1.4945 P2:1.4945 P3:1.4945 P4:1.4945 STATE:IN_POS
[2026-05-04 21:00:21Z] CHK MOM:0% RANGE:0.06% UP:18.18% SPREAD:0.0669344% BID:1.494 ASK:1.495 MID:1.4945 P1:1.4945 P2:1.4945 P3:1.4945 P4:1.4945 STATE:IN_POS
[2026-05-04 21:00:21Z] CHK MOM:-0.06% RANGE:0.06% UP:20% SPREAD:0.06697923% BID:1.493 ASK:1.494 MID:1.4935 P1:1.4935 P2:1.4945 P3:1.4945 P4:1.4945 STATE:IN_POS
[2026-05-04 21:00:22Z] CHK MOM:-0.06% RANGE:0.06% UP:18.18% SPREAD:0.06697923% BID:1.493 ASK:1.494 MID:1.4935 P1:1.4935 P2:1.4935 P3:1.4945 P4:1.4945 STATE:IN_POS
[2026-05-04 21:00:22Z] CHK MOM:-0.06% RANGE:0.06% UP:18.18% SPREAD:0.06697923% BID:1.493 ASK:1.494 MID:1.4935 P1:1.4935 P2:1.4935 P3:1.4945 P4:1.4945 STATE:IN_POS
[2026-05-04 21:00:23Z] CHK MOM:0.06% RANGE:0.13% UP:25% SPREAD:0.06688963% BID:1.495 ASK:1.496 MID:1.4955 P1:1.4955 P2:1.4935 P3:1.4935 P4:1.4945 STATE:IN_POS
[2026-05-04 21:00:24Z] CHK MOM:0.06% RANGE:0.13% UP:25% SPREAD:0.06688963% BID:1.495 ASK:1.496 MID:1.4955 P1:1.4955 P2:1.4955 P3:1.4935 P4:1.4935 STATE:IN_POS
[2026-05-04 21:00:24Z] CHK MOM:0.06% RANGE:0.13% UP:25% SPREAD:0.06688963% BID:1.495 ASK:1.496 MID:1.4955 P1:1.4955 P2:1.4955 P3:1.4935 P4:1.4935 STATE:IN_POS
[2026-05-04 21:00:25Z] CHK MOM:0.13% RANGE:0.13% UP:27.27% SPREAD:0.06688963% BID:1.495 ASK:1.496 MID:1.4955 P1:1.4955 P2:1.4955 P3:1.4955 P4:1.4935 STATE:IN_POS
[2026-05-04 21:00:25Z] CHK MOM:0.06% RANGE:0.13% UP:10% SPREAD:0.06688963% BID:1.495 ASK:1.496 MID:1.4955 P1:1.4955 P2:1.4955 P3:1.4955 P4:1.4955 STATE:IN_POS
[2026-05-04 21:00:26Z] CHK MOM:0.06% RANGE:0.13% UP:9.09% SPREAD:0.06688963% BID:1.495 ASK:1.496 MID:1.4955 P1:1.4955 P2:1.4955 P3:1.4955 P4:1.4955 STATE:IN_POS
[2026-05-04 21:00:26Z] CHK MOM:0.06% RANGE:0.13% UP:9.09% SPREAD:0.06688963% BID:1.495 ASK:1.496 MID:1.4955 P1:1.4955 P2:1.4955 P3:1.4955 P4:1.4955 STATE:IN_POS
[2026-05-04 21:00:27Z] CHK MOM:0% RANGE:0.13% UP:9.09% SPREAD:0.0669344% BID:1.494 ASK:1.495 MID:1.4945 P1:1.4945 P2:1.4955 P3:1.4955 P4:1.4955 STATE:IN_POS
[2026-05-04 21:00:27Z] CHK MOM:0% RANGE:0.13% UP:10% SPREAD:0.0669344% BID:1.494 ASK:1.495 MID:1.4945 P1:1.4945 P2:1.4945 P3:1.4955 P4:1.4955 STATE:IN_POS
[2026-05-04 21:00:28Z] CHK MOM:0% RANGE:0.13% UP:10% SPREAD:0.0669344% BID:1.494 ASK:1.495 MID:1.4945 P1:1.4945 P2:1.4945 P3:1.4955 P4:1.4955 STATE:IN_POS
[2026-05-04 21:00:28Z] CHK MOM:0.06% RANGE:0.13% UP:11.11% SPREAD:0.0669344% BID:1.494 ASK:1.495 MID:1.4945 P1:1.4945 P2:1.4945 P3:1.4945 P4:1.4955 STATE:IN_POS
[2026-05-04 21:00:30Z] CHK MOM:0.06% RANGE:0.13% UP:10% SPREAD:0.0669344% BID:1.494 ASK:1.495 MID:1.4945 P1:1.4945 P2:1.4945 P3:1.4945 P4:1.4945 STATE:IN_POS
[2026-05-04 21:00:31Z] CHK MOM:-0.06% RANGE:0.06% UP:0% SPREAD:0.0669344% BID:1.494 ASK:1.495 MID:1.4945 P1:1.4945 P2:1.4945 P3:1.4945 P4:1.4945 STATE:IN_POS
[2026-05-04 21:00:31Z] CHK MOM:-0.06% RANGE:0.06% UP:0% SPREAD:0.0669344% BID:1.494 ASK:1.495 MID:1.4945 P1:1.4945 P2:1.4945 P3:1.4945 P4:1.4945 STATE:IN_POS
[2026-05-04 21:00:32Z] CHK MOM:0% RANGE:0.06% UP:11.11% SPREAD:0.06688963% BID:1.495 ASK:1.496 MID:1.4955 P1:1.4955 P2:1.4945 P3:1.4945 P4:1.4945 STATE:IN_POS
[2026-05-04 21:00:32Z] CHK MOM:-0.06% RANGE:0.06% UP:10% SPREAD:0.0669344% BID:1.494 ASK:1.495 MID:1.4945 P1:1.4945 P2:1.4955 P3:1.4945 P4:1.4945 STATE:IN_POS
[2026-05-04 21:00:33Z] CHK MOM:0.06% RANGE:0.13% UP:18.18% SPREAD:0.06684491% BID:1.496 ASK:1.497 MID:1.4965 P1:1.4965 P2:1.4945 P3:1.4955 P4:1.4945 STATE:IN_POS
[2026-05-04 21:00:33Z] CHK MOM:0% RANGE:0.13% UP:18.18% SPREAD:0.06688963% BID:1.495 ASK:1.496 MID:1.4955 P1:1.4955 P2:1.4965 P3:1.4945 P4:1.4955 STATE:IN_POS
[2026-05-04 21:00:34Z] CHK MOM:-0.06% RANGE:0.13% UP:18.18% SPREAD:0.0669344% BID:1.494 ASK:1.495 MID:1.4945 P1:1.4945 P2:1.4955 P3:1.4965 P4:1.4945 STATE:IN_POS
[2026-05-04 21:00:34Z] CHK MOM:0.06% RANGE:0.13% UP:27.27% SPREAD:0.06688963% BID:1.495 ASK:1.496 MID:1.4955 P1:1.4955 P2:1.4945 P3:1.4955 P4:1.4965 STATE:IN_POS
[2026-05-04 21:00:35Z] CHK MOM:0.06% RANGE:0.13% UP:25% SPREAD:0.06688963% BID:1.495 ASK:1.496 MID:1.4955 P1:1.4955 P2:1.4955 P3:1.4945 P4:1.4955 STATE:IN_POS
[2026-05-04 21:00:36Z] CHK MOM:0.06% RANGE:0.13% UP:25% SPREAD:0.06688963% BID:1.495 ASK:1.496 MID:1.4955 P1:1.4955 P2:1.4955 P3:1.4955 P4:1.4945 STATE:IN_POS
[2026-05-04 21:00:36Z] CHK MOM:0.06% RANGE:0.13% UP:25% SPREAD:0.06688963% BID:1.495 ASK:1.496 MID:1.4955 P1:1.4955 P2:1.4955 P3:1.4955 P4:1.4955 STATE:IN_POS
[2026-05-04 21:00:37Z] CHK MOM:0.06% RANGE:0.13% UP:25% SPREAD:0.06688963% BID:1.495 ASK:1.496 MID:1.4955 P1:1.4955 P2:1.4955 P3:1.4955 P4:1.4955 STATE:IN_POS
[2026-05-04 21:00:37Z] CHK MOM:0.06% RANGE:0.13% UP:25% SPREAD:0.06688963% BID:1.495 ASK:1.496 MID:1.4955 P1:1.4955 P2:1.4955 P3:1.4955 P4:1.4955 STATE:IN_POS
[2026-05-04 21:00:38Z] CHK MOM:0.06% RANGE:0.13% UP:25% SPREAD:0.06688963% BID:1.495 ASK:1.496 MID:1.4955 P1:1.4955 P2:1.4955 P3:1.4955 P4:1.4955 STATE:IN_POS
[2026-05-04 21:00:38Z] CHK MOM:0.06% RANGE:0.13% UP:27.27% SPREAD:0.06688963% BID:1.495 ASK:1.496 MID:1.4955 P1:1.4955 P2:1.4955 P3:1.4955 P4:1.4955 STATE:IN_POS
[2026-05-04 21:00:39Z] CHK MOM:0.06% RANGE:0.13% UP:27.27% SPREAD:0.06688963% BID:1.495 ASK:1.496 MID:1.4955 P1:1.4955 P2:1.4955 P3:1.4955 P4:1.4955 STATE:IN_POS
[2026-05-04 21:00:39Z] CHK MOM:0% RANGE:0.13% UP:18.18% SPREAD:0.06688963% BID:1.495 ASK:1.496 MID:1.4955 P1:1.4955 P2:1.4955 P3:1.4955 P4:1.4955 STATE:IN_POS
[2026-05-04 21:00:40Z] CHK MOM:0.06% RANGE:0.13% UP:18.18% SPREAD:0.06688963% BID:1.495 ASK:1.496 MID:1.4955 P1:1.4955 P2:1.4955 P3:1.4955 P4:1.4955 STATE:IN_POS
[2026-05-04 21:00:40Z] CHK MOM:0.06% RANGE:0.13% UP:16.66% SPREAD:0.06688963% BID:1.495 ASK:1.496 MID:1.4955 P1:1.4955 P2:1.4955 P3:1.4955 P4:1.4955 STATE:IN_POS
[2026-05-04 21:00:41Z] CHK MOM:-0.13% RANGE:0.13% UP:8.33% SPREAD:0.0669344% BID:1.494 ASK:1.495 MID:1.4945 P1:1.4945 P2:1.4955 P3:1.4955 P4:1.4955 STATE:IN_POS
[2026-05-04 21:00:42Z] CHK MOM:-0.06% RANGE:0.06% UP:8.33% SPREAD:0.0669344% BID:1.494 ASK:1.495 MID:1.4945 P1:1.4945 P2:1.4945 P3:1.4955 P4:1.4955 STATE:IN_POS
[2026-05-04 21:00:42Z] CHK MOM:-0.13% RANGE:0.13% UP:0% SPREAD:0.06697923% BID:1.493 ASK:1.494 MID:1.4935 P1:1.4935 P2:1.4945 P3:1.4945 P4:1.4955 STATE:IN_POS
[2026-05-04 21:00:43Z] CHK MOM:-0.13% RANGE:0.13% UP:0% SPREAD:0.06697923% BID:1.493 ASK:1.494 MID:1.4935 P1:1.4935 P2:1.4935 P3:1.4945 P4:1.4945 STATE:IN_POS
[2026-05-04 21:00:43Z] CHK MOM:-0.13% RANGE:0.13% UP:0% SPREAD:0.06697923% BID:1.493 ASK:1.494 MID:1.4935 P1:1.4935 P2:1.4935 P3:1.4945 P4:1.4945 STATE:IN_POS
[2026-05-04 21:00:44Z] CHK MOM:-0.13% RANGE:0.13% UP:0% SPREAD:0.06697923% BID:1.493 ASK:1.494 MID:1.4935 P1:1.4935 P2:1.4935 P3:1.4945 P4:1.4945 STATE:IN_POS
[2026-05-04 21:00:45Z] CHK MOM:-0.13% RANGE:0.13% UP:0% SPREAD:0.06697923% BID:1.493 ASK:1.494 MID:1.4935 P1:1.4935 P2:1.4935 P3:1.4935 P4:1.4945 STATE:IN_POS
[2026-05-04 21:00:46Z] CHK MOM:-0.13% RANGE:0.13% UP:0% SPREAD:0.06697923% BID:1.493 ASK:1.494 MID:1.4935 P1:1.4935 P2:1.4935 P3:1.4935 P4:1.4935 STATE:IN_POS
[2026-05-04 21:00:47Z] CHK MOM:-0.13% RANGE:0.13% UP:0% SPREAD:0.06697923% BID:1.493 ASK:1.494 MID:1.4935 P1:1.4935 P2:1.4935 P3:1.4935 P4:1.4935 STATE:IN_POS
[2026-05-04 21:00:47Z] CHK MOM:-0.13% RANGE:0.13% UP:0% SPREAD:0.06697923% BID:1.493 ASK:1.494 MID:1.4935 P1:1.4935 P2:1.4935 P3:1.4935 P4:1.4935 STATE:IN_POS
[2026-05-04 21:00:48Z] CHK MOM:-0.13% RANGE:0.13% UP:0% SPREAD:0.06697923% BID:1.493 ASK:1.494 MID:1.4935 P1:1.4935 P2:1.4935 P3:1.4935 P4:1.4935 STATE:IN_POS
[2026-05-04 21:00:48Z] CHK MOM:-0.13% RANGE:0.13% UP:0% SPREAD:0.06697923% BID:1.493 ASK:1.494 MID:1.4935 P1:1.4935 P2:1.4935 P3:1.4935 P4:1.4935 STATE:IN_POS
[2026-05-04 21:00:49Z] CHK MOM:-0.06% RANGE:0.06% UP:0% SPREAD:0.06697923% BID:1.493 ASK:1.494 MID:1.4935 P1:1.4935 P2:1.4935 P3:1.4935 P4:1.4935 STATE:IN_POS
[2026-05-04 21:00:49Z] CHK MOM:-0.06% RANGE:0.06% UP:0% SPREAD:0.06697923% BID:1.493 ASK:1.494 MID:1.4935 P1:1.4935 P2:1.4935 P3:1.4935 P4:1.4935 STATE:IN_POS
[2026-05-04 21:00:50Z] CHK MOM:-0.06% RANGE:0.06% UP:0% SPREAD:0.06697923% BID:1.493 ASK:1.494 MID:1.4935 P1:1.4935 P2:1.4935 P3:1.4935 P4:1.4935 STATE:IN_POS
[2026-05-04 21:00:50Z] CHK MOM:-0.06% RANGE:0.06% UP:0% SPREAD:0.06697923% BID:1.493 ASK:1.494 MID:1.4935 P1:1.4935 P2:1.4935 P3:1.4935 P4:1.4935 STATE:IN_POS
[2026-05-04 21:00:51Z] CHK MOM:0% RANGE:0% UP:0% SPREAD:0.06697923% BID:1.493 ASK:1.494 MID:1.4935 P1:1.4935 P2:1.4935 P3:1.4935 P4:1.4935 STATE:IN_POS
[2026-05-04 21:00:51Z] CHK MOM:-0.06% RANGE:0.06% UP:0% SPREAD:0.06702412% BID:1.492 ASK:1.493 MID:1.4925 P1:1.4925 P2:1.4935 P3:1.4935 P4:1.4935 STATE:IN_POS
[2026-05-04 21:00:52Z] CHK MOM:-0.06% RANGE:0.06% UP:0% SPREAD:0.06702412% BID:1.492 ASK:1.493 MID:1.4925 P1:1.4925 P2:1.4925 P3:1.4935 P4:1.4935 STATE:IN_POS
[2026-05-04 21:00:53Z] CHK MOM:-0.06% RANGE:0.06% UP:0% SPREAD:0.06702412% BID:1.492 ASK:1.493 MID:1.4925 P1:1.4925 P2:1.4925 P3:1.4925 P4:1.4935 STATE:IN_POS
[2026-05-04 21:00:53Z] CHK MOM:-0.06% RANGE:0.06% UP:0% SPREAD:0.06702412% BID:1.492 ASK:1.493 MID:1.4925 P1:1.4925 P2:1.4925 P3:1.4925 P4:1.4925 STATE:IN_POS
[2026-05-04 21:00:54Z] CHK MOM:-0.06% RANGE:0.06% UP:0% SPREAD:0.06702412% BID:1.492 ASK:1.493 MID:1.4925 P1:1.4925 P2:1.4925 P3:1.4925 P4:1.4925 STATE:IN_POS
[2026-05-04 21:00:54Z] CHK MOM:-0.06% RANGE:0.06% UP:0% SPREAD:0.06702412% BID:1.492 ASK:1.493 MID:1.4925 P1:1.4925 P2:1.4925 P3:1.4925 P4:1.4925 STATE:IN_POS
[2026-05-04 21:00:55Z] CHK MOM:-0.06% RANGE:0.06% UP:0% SPREAD:0.06702412% BID:1.492 ASK:1.493 MID:1.4925 P1:1.4925 P2:1.4925 P3:1.4925 P4:1.4925 STATE:IN_POS
[2026-05-04 21:00:55Z] CHK MOM:-0.06% RANGE:0.06% UP:0% SPREAD:0.06702412% BID:1.492 ASK:1.493 MID:1.4925 P1:1.4925 P2:1.4925 P3:1.4925 P4:1.4925 STATE:IN_POS
[2026-05-04 21:00:56Z] CHK MOM:-0.06% RANGE:0.06% UP:0% SPREAD:0.06702412% BID:1.492 ASK:1.493 MID:1.4925 P1:1.4925 P2:1.4925 P3:1.4925 P4:1.4925 STATE:IN_POS
[2026-05-04 21:00:56Z] CHK MOM:-0.06% RANGE:0.06% UP:0% SPREAD:0.06702412% BID:1.492 ASK:1.493 MID:1.4925 P1:1.4925 P2:1.4925 P3:1.4925 P4:1.4925 STATE:IN_POS
[2026-05-04 21:00:57Z] CHK MOM:-0.06% RANGE:0.06% UP:0% SPREAD:0.06702412% BID:1.492 ASK:1.493 MID:1.4925 P1:1.4925 P2:1.4925 P3:1.4925 P4:1.4925 STATE:IN_POS
[2026-05-04 21:00:58Z] CHK MOM:-0.06% RANGE:0.06% UP:0% SPREAD:0.06702412% BID:1.492 ASK:1.493 MID:1.4925 P1:1.4925 P2:1.4925 P3:1.4925 P4:1.4925 STATE:IN_POS
[2026-05-04 21:01:00Z] SELL symbol=TONUSDC qty=6.47 exit=1.492 pnl=-0.0194099999999993 reason=PSELL FAIL age=56.7s latest=1.49200000 guard=1.49230900 high=1.49600000 peak=0.0669% P1=1.4925000000000002 P2=1.4925000000000002 P3=1.4925000000000002 P4=1.4925000000000002 entry=1.4949999999999999 profile=major
[2026-05-04 21:01:31Z] CHK MOM:-0.03% RANGE:0.03% UP:0% SPREAD:0.13404825% BID:1.492 ASK:1.494 MID:1.49299999 P1:1.49299999 P2:1.4935 P3:1.4935 P4:1.4935 STATE:IDLE
[2026-05-04 21:01:31Z] CHK MOM:0% RANGE:0.03% UP:25% SPREAD:0.06697923% BID:1.493 ASK:1.494 MID:1.4935 P1:1.4935 P2:1.49299999 P3:1.4935 P4:1.4935 STATE:IDLE
[2026-05-04 21:01:32Z] CHK MOM:0% RANGE:0.03% UP:25% SPREAD:0.06697923% BID:1.493 ASK:1.494 MID:1.4935 P1:1.4935 P2:1.4935 P3:1.49299999 P4:1.4935 STATE:IDLE
[2026-05-04 21:01:32Z] CHK MOM:0% RANGE:0.03% UP:25% SPREAD:0.06697923% BID:1.493 ASK:1.494 MID:1.4935 P1:1.4935 P2:1.4935 P3:1.49299999 P4:1.4935 STATE:IDLE
[2026-05-04 21:01:33Z] CHK MOM:0% RANGE:0.03% UP:25% SPREAD:0.06697923% BID:1.493 ASK:1.494 MID:1.4935 P1:1.4935 P2:1.4935 P3:1.49299999 P4:1.4935 STATE:IDLE
[2026-05-04 21:01:33Z] CHK MOM:0% RANGE:0.03% UP:25% SPREAD:0.06697923% BID:1.493 ASK:1.494 MID:1.4935 P1:1.4935 P2:1.4935 P3:1.4935 P4:1.49299999 STATE:IDLE
[2026-05-04 21:01:34Z] CHK MOM:0% RANGE:0.03% UP:20% SPREAD:0.06697923% BID:1.493 ASK:1.494 MID:1.4935 P1:1.4935 P2:1.4935 P3:1.4935 P4:1.4935 STATE:IDLE
[2026-05-04 21:01:34Z] CHK MOM:0% RANGE:0.03% UP:20% SPREAD:0.06697923% BID:1.493 ASK:1.494 MID:1.4935 P1:1.4935 P2:1.4935 P3:1.4935 P4:1.4935 STATE:IDLE
[2026-05-04 21:01:35Z] CHK MOM:0.03% RANGE:0.03% UP:20% SPREAD:0.06697923% BID:1.493 ASK:1.494 MID:1.4935 P1:1.4935 P2:1.4935 P3:1.4935 P4:1.4935 STATE:IDLE
[2026-05-04 21:01:35Z] CHK MOM:0.03% RANGE:0.03% UP:16.66% SPREAD:0.06697923% BID:1.493 ASK:1.494 MID:1.4935 P1:1.4935 P2:1.4935 P3:1.4935 P4:1.4935 STATE:IDLE
[2026-05-04 21:01:36Z] CHK MOM:0.03% RANGE:0.03% UP:16.66% SPREAD:0.06697923% BID:1.493 ASK:1.494 MID:1.4935 P1:1.4935 P2:1.4935 P3:1.4935 P4:1.4935 STATE:IDLE
[2026-05-04 21:01:37Z] CHK MOM:0.03% RANGE:0.03% UP:16.66% SPREAD:0.06697923% BID:1.493 ASK:1.494 MID:1.4935 P1:1.4935 P2:1.4935 P3:1.4935 P4:1.4935 STATE:IDLE
[2026-05-04 21:01:37Z] CHK MOM:0.03% RANGE:0.03% UP:16.66% SPREAD:0.06697923% BID:1.493 ASK:1.494 MID:1.4935 P1:1.4935 P2:1.4935 P3:1.4935 P4:1.4935 STATE:IDLE
[2026-05-04 21:01:38Z] CHK MOM:0.03% RANGE:0.03% UP:16.66% SPREAD:0.06697923% BID:1.493 ASK:1.494 MID:1.4935 P1:1.4935 P2:1.4935 P3:1.4935 P4:1.4935 STATE:IDLE
[2026-05-04 21:01:40Z] CHK MOM:-0.06% RANGE:0.06% UP:0% SPREAD:0.06702412% BID:1.492 ASK:1.493 MID:1.4925 P1:1.4925 P2:1.4935 P3:1.4935 P4:1.4935 STATE:IDLE
[2026-05-04 21:01:40Z] CHK MOM:-0.06% RANGE:0.06% UP:0% SPREAD:0.06702412% BID:1.492 ASK:1.493 MID:1.4925 P1:1.4925 P2:1.4925 P3:1.4935 P4:1.4935 STATE:IDLE
[2026-05-04 21:01:41Z] CHK MOM:-0.06% RANGE:0.06% UP:0% SPREAD:0.06702412% BID:1.492 ASK:1.493 MID:1.4925 P1:1.4925 P2:1.4925 P3:1.4935 P4:1.4935 STATE:IDLE
[2026-05-04 21:01:42Z] CHK MOM:-0.06% RANGE:0.06% UP:0% SPREAD:0.06702412% BID:1.492 ASK:1.493 MID:1.4925 P1:1.4925 P2:1.4925 P3:1.4925 P4:1.4935 STATE:IDLE
[2026-05-04 21:01:42Z] CHK MOM:-0.06% RANGE:0.06% UP:0% SPREAD:0.06702412% BID:1.492 ASK:1.493 MID:1.4925 P1:1.4925 P2:1.4925 P3:1.4925 P4:1.4925 STATE:IDLE
[2026-05-04 21:01:43Z] CHK MOM:-0.06% RANGE:0.06% UP:0% SPREAD:0.06702412% BID:1.492 ASK:1.493 MID:1.4925 P1:1.4925 P2:1.4925 P3:1.4925 P4:1.4925 STATE:IDLE
[2026-05-04 21:01:43Z] CHK MOM:0% RANGE:0% UP:0% SPREAD:0.06702412% BID:1.492 ASK:1.493 MID:1.4925 P1:1.4925 P2:1.4925 P3:1.4925 P4:1.4925 STATE:IDLE
[2026-05-04 21:01:44Z] CHK MOM:0% RANGE:0% UP:0% SPREAD:0.06702412% BID:1.492 ASK:1.493 MID:1.4925 P1:1.4925 P2:1.4925 P3:1.4925 P4:1.4925 STATE:IDLE
[2026-05-04 21:01:44Z] CHK MOM:0.06% RANGE:0.06% UP:20% SPREAD:0.06697923% BID:1.493 ASK:1.494 MID:1.4935 P1:1.4935 P2:1.4925 P3:1.4925 P4:1.4925 STATE:IDLE
[2026-05-04 21:01:45Z] CHK MOM:0.06% RANGE:0.06% UP:20% SPREAD:0.06697923% BID:1.493 ASK:1.494 MID:1.4935 P1:1.4935 P2:1.4925 P3:1.4925 P4:1.4925 STATE:IDLE
[2026-05-04 21:01:45Z] CHK MOM:0.06% RANGE:0.06% UP:16.66% SPREAD:0.06697923% BID:1.493 ASK:1.494 MID:1.4935 P1:1.4935 P2:1.4935 P3:1.4925 P4:1.4925 STATE:IDLE
[2026-05-04 21:01:46Z] CHK MOM:0.06% RANGE:0.06% UP:16.66% SPREAD:0.06697923% BID:1.493 ASK:1.494 MID:1.4935 P1:1.4935 P2:1.4935 P3:1.4925 P4:1.4925 STATE:IDLE
[2026-05-04 21:01:46Z] CHK MOM:0.06% RANGE:0.06% UP:16.66% SPREAD:0.06697923% BID:1.493 ASK:1.494 MID:1.4935 P1:1.4935 P2:1.4935 P3:1.4925 P4:1.4925 STATE:IDLE
[2026-05-04 21:01:47Z] CHK MOM:0.06% RANGE:0.06% UP:16.66% SPREAD:0.06697923% BID:1.493 ASK:1.494 MID:1.4935 P1:1.4935 P2:1.4935 P3:1.4925 P4:1.4925 STATE:IDLE
[2026-05-04 21:01:48Z] CHK MOM:0.13% RANGE:0.13% UP:28.57% SPREAD:0.0669344% BID:1.494 ASK:1.495 MID:1.4945 P1:1.4945 P2:1.4935 P3:1.4935 P4:1.4925 STATE:IDLE
[2026-05-04 21:01:48Z] CHK MOM:0.13% RANGE:0.13% UP:28.57% SPREAD:0.0669344% BID:1.494 ASK:1.495 MID:1.4945 P1:1.4945 P2:1.4935 P3:1.4935 P4:1.4925 STATE:IDLE
[2026-05-04 21:01:49Z] CHK MOM:0.13% RANGE:0.13% UP:28.57% SPREAD:0.0669344% BID:1.494 ASK:1.495 MID:1.4945 P1:1.4945 P2:1.4935 P3:1.4935 P4:1.4925 STATE:IDLE
[2026-05-04 21:01:49Z] CHK MOM:0.13% RANGE:0.13% UP:40% SPREAD:0.0669344% BID:1.494 ASK:1.495 MID:1.4945 P1:1.4945 P2:1.4945 P3:1.4935 P4:1.4935 STATE:IDLE
[2026-05-04 21:01:50Z] CHK MOM:0.13% RANGE:0.13% UP:40% SPREAD:0.0669344% BID:1.494 ASK:1.495 MID:1.4945 P1:1.4945 P2:1.4945 P3:1.4935 P4:1.4935 STATE:IDLE
[2026-05-04 21:01:50Z] CHK MOM:0.13% RANGE:0.13% UP:40% SPREAD:0.0669344% BID:1.494 ASK:1.495 MID:1.4945 P1:1.4945 P2:1.4945 P3:1.4935 P4:1.4935 STATE:IDLE
[2026-05-04 21:01:51Z] CHK MOM:0.13% RANGE:0.13% UP:40% SPREAD:0.0669344% BID:1.494 ASK:1.495 MID:1.4945 P1:1.4945 P2:1.4945 P3:1.4935 P4:1.4935 STATE:IDLE
[2026-05-04 21:01:51Z] CHK MOM:0.13% RANGE:0.13% UP:40% SPREAD:0.0669344% BID:1.494 ASK:1.495 MID:1.4945 P1:1.4945 P2:1.4945 P3:1.4935 P4:1.4935 STATE:IDLE
[2026-05-04 21:01:52Z] CHK MOM:0.06% RANGE:0.06% UP:25% SPREAD:0.0669344% BID:1.494 ASK:1.495 MID:1.4945 P1:1.4945 P2:1.4945 P3:1.4945 P4:1.4935 STATE:IDLE
[2026-05-04 21:01:53Z] CHK MOM:0.06% RANGE:0.06% UP:25% SPREAD:0.0669344% BID:1.494 ASK:1.495 MID:1.4945 P1:1.4945 P2:1.4945 P3:1.4945 P4:1.4935 STATE:IDLE
[2026-05-04 21:01:53Z] CHK MOM:0.06% RANGE:0.06% UP:25% SPREAD:0.0669344% BID:1.494 ASK:1.495 MID:1.4945 P1:1.4945 P2:1.4945 P3:1.4945 P4:1.4945 STATE:IDLE
[2026-05-04 21:01:54Z] CHK MOM:0.06% RANGE:0.06% UP:25% SPREAD:0.0669344% BID:1.494 ASK:1.495 MID:1.4945 P1:1.4945 P2:1.4945 P3:1.4945 P4:1.4945 STATE:IDLE
[2026-05-04 21:01:54Z] CHK MOM:0.06% RANGE:0.06% UP:25% SPREAD:0.0669344% BID:1.494 ASK:1.495 MID:1.4945 P1:1.4945 P2:1.4945 P3:1.4945 P4:1.4945 STATE:IDLE
[2026-05-04 21:01:55Z] CHK MOM:0.06% RANGE:0.06% UP:25% SPREAD:0.0669344% BID:1.494 ASK:1.495 MID:1.4945 P1:1.4945 P2:1.4945 P3:1.4945 P4:1.4945 STATE:IDLE
[2026-05-04 21:01:55Z] CHK MOM:0.06% RANGE:0.06% UP:25% SPREAD:0.0669344% BID:1.494 ASK:1.495 MID:1.4945 P1:1.4945 P2:1.4945 P3:1.4945 P4:1.4945 STATE:IDLE
[2026-05-04 21:01:56Z] CHK MOM:0.06% RANGE:0.06% UP:33.33% SPREAD:0.06688963% BID:1.495 ASK:1.496 MID:1.4955 P1:1.4955 P2:1.4945 P3:1.4945 P4:1.4945 STATE:IDLE
[2026-05-04 21:01:56Z] CHK MOM:0.2% RANGE:0.2% UP:50% SPREAD:0.06680026% BID:1.497 ASK:1.498 MID:1.4975 P1:1.4975 P2:1.4955 P3:1.4945 P4:1.4945 STATE:IDLE
[2026-05-04 21:01:57Z] CHK MOM:0.2% RANGE:0.2% UP:40% SPREAD:0.06680026% BID:1.497 ASK:1.498 MID:1.4975 P1:1.4975 P2:1.4975 P3:1.4955 P4:1.4945 STATE:IDLE
[2026-05-04 21:01:57Z] CHK MOM:0.2% RANGE:0.2% UP:40% SPREAD:0.06680026% BID:1.497 ASK:1.498 MID:1.4975 P1:1.4975 P2:1.4975 P3:1.4975 P4:1.4955 STATE:IDLE
[2026-05-04 21:01:58Z] CHK MOM:0.2% RANGE:0.2% UP:40% SPREAD:0.06680026% BID:1.497 ASK:1.498 MID:1.4975 P1:1.4975 P2:1.4975 P3:1.4975 P4:1.4955 STATE:IDLE
[2026-05-04 21:01:59Z] CHK MOM:0.2% RANGE:0.2% UP:40% SPREAD:0.06680026% BID:1.497 ASK:1.498 MID:1.4975 P1:1.4975 P2:1.4975 P3:1.4975 P4:1.4955 STATE:IDLE
[2026-05-04 21:01:59Z] CHK MOM:0.2% RANGE:0.2% UP:33.33% SPREAD:0.06680026% BID:1.497 ASK:1.498 MID:1.4975 P1:1.4975 P2:1.4975 P3:1.4975 P4:1.4975 STATE:IDLE
[2026-05-04 21:02:00Z] CHK MOM:0.2% RANGE:0.2% UP:33.33% SPREAD:0.06680026% BID:1.497 ASK:1.498 MID:1.4975 P1:1.4975 P2:1.4975 P3:1.4975 P4:1.4975 STATE:IDLE
[2026-05-04 21:02:00Z] CHK MOM:0.2% RANGE:0.2% UP:28.57% SPREAD:0.06680026% BID:1.497 ASK:1.498 MID:1.4975 P1:1.4975 P2:1.4975 P3:1.4975 P4:1.4975 STATE:IDLE
[2026-05-04 21:02:01Z] CHK MOM:0.06% RANGE:0.13% UP:14.28% SPREAD:0.06684491% BID:1.496 ASK:1.497 MID:1.4965 P1:1.4965 P2:1.4975 P3:1.4975 P4:1.4975 STATE:IDLE
[2026-05-04 21:02:01Z] CHK MOM:0.13% RANGE:0.13% UP:25% SPREAD:0.06680026% BID:1.497 ASK:1.498 MID:1.4975 P1:1.4975 P2:1.4965 P3:1.4975 P4:1.4975 STATE:IDLE
[2026-05-04 21:02:02Z] CHK MOM:0.2% RANGE:0.2% UP:33.33% SPREAD:0.06675567% BID:1.498 ASK:1.499 MID:1.4985 P1:1.4985 P2:1.4975 P3:1.4965 P4:1.4975 STATE:IDLE
[2026-05-04 21:02:02Z] CHK MOM:0.2% RANGE:0.2% UP:30% SPREAD:0.06675567% BID:1.498 ASK:1.499 MID:1.4985 P1:1.4985 P2:1.4985 P3:1.4975 P4:1.4965 STATE:IDLE
[2026-05-04 21:02:03Z] CHK MOM:0.2% RANGE:0.2% UP:30% SPREAD:0.06675567% BID:1.498 ASK:1.499 MID:1.4985 P1:1.4985 P2:1.4985 P3:1.4975 P4:1.4965 STATE:IDLE
[2026-05-04 21:02:04Z] CHK MOM:0.2% RANGE:0.2% UP:27.27% SPREAD:0.06675567% BID:1.498 ASK:1.499 MID:1.4985 P1:1.4985 P2:1.4985 P3:1.4985 P4:1.4975 STATE:IDLE
[2026-05-04 21:02:04Z] CHK MOM:0.06% RANGE:0.13% UP:18.18% SPREAD:0.06675567% BID:1.498 ASK:1.499 MID:1.4985 P1:1.4985 P2:1.4985 P3:1.4985 P4:1.4985 STATE:IDLE
[2026-05-04 21:02:05Z] CHK MOM:0% RANGE:0.13% UP:18.18% SPREAD:0.06680026% BID:1.497 ASK:1.498 MID:1.4975 P1:1.4975 P2:1.4985 P3:1.4985 P4:1.4985 STATE:IDLE
[2026-05-04 21:02:05Z] CHK MOM:0% RANGE:0.13% UP:18.18% SPREAD:0.06680026% BID:1.497 ASK:1.498 MID:1.4975 P1:1.4975 P2:1.4975 P3:1.4985 P4:1.4985 STATE:IDLE
[2026-05-04 21:02:06Z] CHK MOM:0% RANGE:0.13% UP:18.18% SPREAD:0.06680026% BID:1.497 ASK:1.498 MID:1.4975 P1:1.4975 P2:1.4975 P3:1.4975 P4:1.4985 STATE:IDLE
[2026-05-04 21:02:06Z] CHK MOM:0% RANGE:0.13% UP:18.18% SPREAD:0.06680026% BID:1.497 ASK:1.498 MID:1.4975 P1:1.4975 P2:1.4975 P3:1.4975 P4:1.4985 STATE:IDLE
[2026-05-04 21:02:07Z] CHK MOM:-0.06% RANGE:0.13% UP:16.66% SPREAD:0.06684491% BID:1.496 ASK:1.497 MID:1.4965 P1:1.4965 P2:1.4975 P3:1.4975 P4:1.4975 STATE:IDLE
[2026-05-04 21:02:07Z] CHK MOM:0% RANGE:0.13% UP:25% SPREAD:0.06680026% BID:1.497 ASK:1.498 MID:1.4975 P1:1.4975 P2:1.4965 P3:1.4975 P4:1.4975 STATE:IDLE
[2026-05-04 21:02:08Z] CHK MOM:0.06% RANGE:0.13% UP:33.33% SPREAD:0.06675567% BID:1.498 ASK:1.499 MID:1.4985 P1:1.4985 P2:1.4975 P3:1.4965 P4:1.4975 STATE:IDLE
[2026-05-04 21:02:08Z] CHK MOM:0.03% RANGE:0.13% UP:30.76% SPREAD:0.13360053% BID:1.497 ASK:1.499 MID:1.498 P1:1.498 P2:1.4985 P3:1.4975 P4:1.4965 STATE:IDLE
[2026-05-04 21:02:09Z] CHK MOM:0.13% RANGE:0.13% UP:38.46% SPREAD:0.06675567% BID:1.498 ASK:1.499 MID:1.4985 P1:1.4985 P2:1.498 P3:1.4985 P4:1.4975 STATE:IDLE
[2026-05-04 21:02:10Z] CHK MOM:-0.03% RANGE:0.13% UP:27.27% SPREAD:0.13360053% BID:1.497 ASK:1.499 MID:1.498 P1:1.498 P2:1.4985 P3:1.498 P4:1.4985 STATE:IDLE
[2026-05-04 21:02:10Z] CHK MOM:-0.06% RANGE:0.13% UP:27.27% SPREAD:0.06680026% BID:1.497 ASK:1.498 MID:1.4975 P1:1.4975 P2:1.498 P3:1.4985 P4:1.498 STATE:IDLE
[2026-05-04 21:02:11Z] CHK MOM:-0.06% RANGE:0.13% UP:25% SPREAD:0.06680026% BID:1.497 ASK:1.498 MID:1.4975 P1:1.4975 P2:1.4975 P3:1.498 P4:1.4985 STATE:IDLE
[2026-05-04 21:02:11Z] CHK MOM:-0.06% RANGE:0.13% UP:25% SPREAD:0.06680026% BID:1.497 ASK:1.498 MID:1.4975 P1:1.4975 P2:1.4975 P3:1.498 P4:1.4985 STATE:IDLE
[2026-05-04 21:02:12Z] CHK MOM:-0.06% RANGE:0.13% UP:25% SPREAD:0.06680026% BID:1.497 ASK:1.498 MID:1.4975 P1:1.4975 P2:1.4975 P3:1.4975 P4:1.498 STATE:IDLE
[2026-05-04 21:02:12Z] CHK MOM:0% RANGE:0.13% UP:30.76% SPREAD:0.06675567% BID:1.498 ASK:1.499 MID:1.4985 P1:1.4985 P2:1.4975 P3:1.4975 P4:1.4975 STATE:IDLE
[2026-05-04 21:02:13Z] CHK MOM:0% RANGE:0.13% UP:30.76% SPREAD:0.06675567% BID:1.498 ASK:1.499 MID:1.4985 P1:1.4985 P2:1.4975 P3:1.4975 P4:1.4975 STATE:IDLE
[2026-05-04 21:02:13Z] CHK MOM:0.03% RANGE:0.13% UP:33.33% SPREAD:0.13360053% BID:1.497 ASK:1.499 MID:1.498 P1:1.498 P2:1.4985 P3:1.4975 P4:1.4975 STATE:IDLE
[2026-05-04 21:02:14Z] CHK MOM:0.06% RANGE:0.13% UP:41.66% SPREAD:0.06675567% BID:1.498 ASK:1.499 MID:1.4985 P1:1.4985 P2:1.498 P3:1.4985 P4:1.4975 STATE:IDLE
[2026-05-04 21:02:15Z] CHK MOM:0.06% RANGE:0.13% UP:41.66% SPREAD:0.06680026% BID:1.497 ASK:1.498 MID:1.4975 P1:1.4975 P2:1.4985 P3:1.498 P4:1.4985 STATE:IDLE
[2026-05-04 21:02:15Z] CHK MOM:0% RANGE:0.06% UP:36.36% SPREAD:0.06675567% BID:1.498 ASK:1.499 MID:1.4985 P1:1.4985 P2:1.4975 P3:1.4985 P4:1.498 STATE:IDLE
[2026-05-04 21:02:16Z] CHK MOM:0% RANGE:0.06% UP:33.33% SPREAD:0.06675567% BID:1.498 ASK:1.499 MID:1.4985 P1:1.4985 P2:1.4985 P3:1.4975 P4:1.4985 STATE:IDLE
[2026-05-04 21:02:16Z] CHK MOM:0.03% RANGE:0.06% UP:33.33% SPREAD:0.06675567% BID:1.498 ASK:1.499 MID:1.4985 P1:1.4985 P2:1.4985 P3:1.4985 P4:1.4975 STATE:IDLE
[2026-05-04 21:02:17Z] CHK MOM:0.03% RANGE:0.06% UP:33.33% SPREAD:0.06675567% BID:1.498 ASK:1.499 MID:1.4985 P1:1.4985 P2:1.4985 P3:1.4985 P4:1.4975 STATE:IDLE
[2026-05-04 21:02:17Z] CHK MOM:0.03% RANGE:0.06% UP:27.27% SPREAD:0.06675567% BID:1.498 ASK:1.499 MID:1.4985 P1:1.4985 P2:1.4985 P3:1.4985 P4:1.4985 STATE:IDLE
[2026-05-04 21:02:18Z] CHK MOM:0.06% RANGE:0.06% UP:27.27% SPREAD:0.06675567% BID:1.498 ASK:1.499 MID:1.4985 P1:1.4985 P2:1.4985 P3:1.4985 P4:1.4985 STATE:IDLE
[2026-05-04 21:02:18Z] CHK MOM:0.06% RANGE:0.06% UP:27.27% SPREAD:0.06675567% BID:1.498 ASK:1.499 MID:1.4985 P1:1.4985 P2:1.4985 P3:1.4985 P4:1.4985 STATE:IDLE
[2026-05-04 21:02:19Z] CHK MOM:0.06% RANGE:0.06% UP:27.27% SPREAD:0.06675567% BID:1.498 ASK:1.499 MID:1.4985 P1:1.4985 P2:1.4985 P3:1.4985 P4:1.4985 STATE:IDLE
[2026-05-04 21:02:20Z] CHK MOM:0.06% RANGE:0.06% UP:27.27% SPREAD:0.06675567% BID:1.498 ASK:1.499 MID:1.4985 P1:1.4985 P2:1.4985 P3:1.4985 P4:1.4985 STATE:IDLE
[2026-05-04 21:02:20Z] CHK MOM:0% RANGE:0.06% UP:22.22% SPREAD:0.06675567% BID:1.498 ASK:1.499 MID:1.4985 P1:1.4985 P2:1.4985 P3:1.4985 P4:1.4985 STATE:IDLE
[2026-05-04 21:02:21Z] CHK MOM:0.03% RANGE:0.06% UP:22.22% SPREAD:0.06675567% BID:1.498 ASK:1.499 MID:1.4985 P1:1.4985 P2:1.4985 P3:1.4985 P4:1.4985 STATE:IDLE
[2026-05-04 21:02:21Z] CHK MOM:0.03% RANGE:0.06% UP:20% SPREAD:0.06675567% BID:1.498 ASK:1.499 MID:1.4985 P1:1.4985 P2:1.4985 P3:1.4985 P4:1.4985 STATE:IDLE
[2026-05-04 21:02:22Z] CHK MOM:0% RANGE:0.06% UP:10% SPREAD:0.06675567% BID:1.498 ASK:1.499 MID:1.4985 P1:1.4985 P2:1.4985 P3:1.4985 P4:1.4985 STATE:IDLE
[2026-05-04 21:02:22Z] CHK MOM:0% RANGE:0% UP:0% SPREAD:0.06675567% BID:1.498 ASK:1.499 MID:1.4985 P1:1.4985 P2:1.4985 P3:1.4985 P4:1.4985 STATE:IDLE
[2026-05-04 21:02:23Z] CHK MOM:0% RANGE:0% UP:0% SPREAD:0.06675567% BID:1.498 ASK:1.499 MID:1.4985 P1:1.4985 P2:1.4985 P3:1.4985 P4:1.4985 STATE:IDLE
[2026-05-04 21:02:23Z] CHK MOM:0% RANGE:0% UP:0% SPREAD:0.06675567% BID:1.498 ASK:1.499 MID:1.4985 P1:1.4985 P2:1.4985 P3:1.4985 P4:1.4985 STATE:IDLE
[2026-05-04 21:02:24Z] CHK MOM:0% RANGE:0% UP:0% SPREAD:0.06675567% BID:1.498 ASK:1.499 MID:1.4985 P1:1.4985 P2:1.4985 P3:1.4985 P4:1.4985 STATE:IDLE
[2026-05-04 21:02:24Z] CHK MOM:0% RANGE:0% UP:0% SPREAD:0.06675567% BID:1.498 ASK:1.499 MID:1.4985 P1:1.4985 P2:1.4985 P3:1.4985 P4:1.4985 STATE:IDLE
[2026-05-04 21:02:25Z] CHK MOM:0% RANGE:0% UP:0% SPREAD:0.06675567% BID:1.498 ASK:1.499 MID:1.4985 P1:1.4985 P2:1.4985 P3:1.4985 P4:1.4985 STATE:IDLE
[2026-05-04 21:02:26Z] CHK MOM:0% RANGE:0% UP:0% SPREAD:0.06675567% BID:1.498 ASK:1.499 MID:1.4985 P1:1.4985 P2:1.4985 P3:1.4985 P4:1.4985 STATE:IDLE
[2026-05-04 21:02:26Z] CHK MOM:0% RANGE:0% UP:0% SPREAD:0.06675567% BID:1.498 ASK:1.499 MID:1.4985 P1:1.4985 P2:1.4985 P3:1.4985 P4:1.4985 STATE:IDLE
[2026-05-04 21:02:27Z] CHK MOM:0% RANGE:0% UP:0% SPREAD:0.06675567% BID:1.498 ASK:1.499 MID:1.4985 P1:1.4985 P2:1.4985 P3:1.4985 P4:1.4985 STATE:IDLE
[2026-05-04 21:02:27Z] CHK MOM:0% RANGE:0% UP:0% SPREAD:0.06675567% BID:1.498 ASK:1.499 MID:1.4985 P1:1.4985 P2:1.4985 P3:1.4985 P4:1.4985 STATE:IDLE
[2026-05-04 21:02:28Z] CHK MOM:0% RANGE:0% UP:0% SPREAD:0.06675567% BID:1.498 ASK:1.499 MID:1.4985 P1:1.4985 P2:1.4985 P3:1.4985 P4:1.4985 STATE:IDLE
[2026-05-04 21:02:28Z] CHK MOM:0% RANGE:0% UP:0% SPREAD:0.06675567% BID:1.498 ASK:1.499 MID:1.4985 P1:1.4985 P2:1.4985 P3:1.4985 P4:1.4985 STATE:IDLE
[2026-05-04 21:02:29Z] CHK MOM:0% RANGE:0% UP:0% SPREAD:0.06675567% BID:1.498 ASK:1.499 MID:1.4985 P1:1.4985 P2:1.4985 P3:1.4985 P4:1.4985 STATE:IDLE
[2026-05-04 21:02:29Z] CHK MOM:0% RANGE:0% UP:0% SPREAD:0.06675567% BID:1.498 ASK:1.499 MID:1.4985 P1:1.4985 P2:1.4985 P3:1.4985 P4:1.4985 STATE:IDLE
[2026-05-04 21:02:30Z] CHK MOM:0% RANGE:0% UP:0% SPREAD:0.06675567% BID:1.498 ASK:1.499 MID:1.4985 P1:1.4985 P2:1.4985 P3:1.4985 P4:1.4985 STATE:IDLE
[2026-05-04 21:02:31Z] CHK MOM:0% RANGE:0% UP:0% SPREAD:0.06675567% BID:1.498 ASK:1.499 MID:1.4985 P1:1.4985 P2:1.4985 P3:1.4985 P4:1.4985 STATE:IDLE
[2026-05-04 21:02:31Z] CHK MOM:0.06% RANGE:0.06% UP:25% SPREAD:0.06671114% BID:1.499 ASK:1.5 MID:1.4995 P1:1.4995 P2:1.4985 P3:1.4985 P4:1.4985 STATE:IDLE
[2026-05-04 21:02:32Z] CHK MOM:0.13% RANGE:0.13% UP:50% SPREAD:0.06666666% BID:1.5 ASK:1.501 MID:1.5005 P1:1.5005 P2:1.4995 P3:1.4985 P4:1.4985 STATE:IDLE
[2026-05-04 21:02:32Z] CHK MOM:0.13% RANGE:0.13% UP:40% SPREAD:0.06666666% BID:1.5 ASK:1.501 MID:1.5005 P1:1.5005 P2:1.5005 P3:1.4995 P4:1.4985 STATE:IDLE
[2026-05-04 21:02:33Z] CHK MOM:0.13% RANGE:0.13% UP:33.33% SPREAD:0.06666666% BID:1.5 ASK:1.501 MID:1.5005 P1:1.5005 P2:1.5005 P3:1.5005 P4:1.4995 STATE:IDLE
[2026-05-04 21:02:33Z] CHK MOM:0.13% RANGE:0.13% UP:28.57% SPREAD:0.06666666% BID:1.5 ASK:1.501 MID:1.5005 P1:1.5005 P2:1.5005 P3:1.5005 P4:1.5005 STATE:IDLE
[2026-05-04 21:02:34Z] CHK MOM:0.13% RANGE:0.13% UP:28.57% SPREAD:0.06666666% BID:1.5 ASK:1.501 MID:1.5005 P1:1.5005 P2:1.5005 P3:1.5005 P4:1.5005 STATE:IDLE
[2026-05-04 21:02:34Z] CHK MOM:0.13% RANGE:0.13% UP:25% SPREAD:0.06666666% BID:1.5 ASK:1.501 MID:1.5005 P1:1.5005 P2:1.5005 P3:1.5005 P4:1.5005 STATE:IDLE
[2026-05-04 21:02:35Z] CHK MOM:0.13% RANGE:0.13% UP:25% SPREAD:0.06666666% BID:1.5 ASK:1.501 MID:1.5005 P1:1.5005 P2:1.5005 P3:1.5005 P4:1.5005 STATE:IDLE
[2026-05-04 21:02:35Z] CHK MOM:0.13% RANGE:0.13% UP:25% SPREAD:0.06666666% BID:1.5 ASK:1.501 MID:1.5005 P1:1.5005 P2:1.5005 P3:1.5005 P4:1.5005 STATE:IDLE
[2026-05-04 21:02:36Z] CHK MOM:0.13% RANGE:0.13% UP:22.22% SPREAD:0.06666666% BID:1.5 ASK:1.501 MID:1.5005 P1:1.5005 P2:1.5005 P3:1.5005 P4:1.5005 STATE:IDLE
[2026-05-04 21:02:37Z] CHK MOM:0.13% RANGE:0.13% UP:22.22% SPREAD:0.06666666% BID:1.5 ASK:1.501 MID:1.5005 P1:1.5005 P2:1.5005 P3:1.5005 P4:1.5005 STATE:IDLE
[2026-05-04 21:02:37Z] CHK MOM:0.13% RANGE:0.13% UP:22.22% SPREAD:0.06666666% BID:1.5 ASK:1.501 MID:1.5005 P1:1.5005 P2:1.5005 P3:1.5005 P4:1.5005 STATE:IDLE
[2026-05-04 21:02:38Z] CHK MOM:0.06% RANGE:0.06% UP:11.11% SPREAD:0.06666666% BID:1.5 ASK:1.501 MID:1.5005 P1:1.5005 P2:1.5005 P3:1.5005 P4:1.5005 STATE:IDLE
[2026-05-04 21:02:38Z] CHK MOM:0.06% RANGE:0.06% UP:11.11% SPREAD:0.06666666% BID:1.5 ASK:1.501 MID:1.5005 P1:1.5005 P2:1.5005 P3:1.5005 P4:1.5005 STATE:IDLE
[2026-05-04 21:02:39Z] CHK MOM:0.06% RANGE:0.06% UP:11.11% SPREAD:0.06666666% BID:1.5 ASK:1.501 MID:1.5005 P1:1.5005 P2:1.5005 P3:1.5005 P4:1.5005 STATE:IDLE
[2026-05-04 21:02:39Z] CHK MOM:0% RANGE:0% UP:0% SPREAD:0.06666666% BID:1.5 ASK:1.501 MID:1.5005 P1:1.5005 P2:1.5005 P3:1.5005 P4:1.5005 STATE:IDLE
[2026-05-04 21:02:40Z] CHK MOM:0% RANGE:0% UP:0% SPREAD:0.06666666% BID:1.5 ASK:1.501 MID:1.5005 P1:1.5005 P2:1.5005 P3:1.5005 P4:1.5005 STATE:IDLE
[2026-05-04 21:02:40Z] CHK MOM:0% RANGE:0% UP:0% SPREAD:0.06666666% BID:1.5 ASK:1.501 MID:1.5005 P1:1.5005 P2:1.5005 P3:1.5005 P4:1.5005 STATE:IDLE
[2026-05-04 21:02:41Z] CHK MOM:0% RANGE:0% UP:0% SPREAD:0.06666666% BID:1.5 ASK:1.501 MID:1.5005 P1:1.5005 P2:1.5005 P3:1.5005 P4:1.5005 STATE:IDLE
[2026-05-04 21:02:42Z] CHK MOM:0% RANGE:0% UP:0% SPREAD:0.06666666% BID:1.5 ASK:1.501 MID:1.5005 P1:1.5005 P2:1.5005 P3:1.5005 P4:1.5005 STATE:IDLE
[2026-05-04 21:02:43Z] CHK MOM:0% RANGE:0% UP:0% SPREAD:0.06666666% BID:1.5 ASK:1.501 MID:1.5005 P1:1.5005 P2:1.5005 P3:1.5005 P4:1.5005 STATE:IDLE
[2026-05-04 21:02:44Z] CHK MOM:0% RANGE:0% UP:0% SPREAD:0.06666666% BID:1.5 ASK:1.501 MID:1.5005 P1:1.5005 P2:1.5005 P3:1.5005 P4:1.5005 STATE:IDLE
[2026-05-04 21:02:44Z] CHK MOM:0% RANGE:0% UP:0% SPREAD:0.06666666% BID:1.5 ASK:1.501 MID:1.5005 P1:1.5005 P2:1.5005 P3:1.5005 P4:1.5005 STATE:IDLE
[2026-05-04 21:02:45Z] CHK MOM:0.53% RANGE:0.53% UP:20% SPREAD:0.06631299% BID:1.508 ASK:1.509 MID:1.5085 P1:1.5085 P2:1.5005 P3:1.5005 P4:1.5005 STATE:IDLE
[2026-05-04 21:02:46Z] BURST_TRIGGER ret=0.5333% need=0.2653% vel=0.3332%/s eff=1.000 pressure=999.00 drop=0.0000% dt=1.601s
[2026-05-04 21:02:46Z] BUY symbol=TONUSDC qty=6.39 entry=1.508 mode=BURST reason=BURST ret=0.5333% vel=0.3332%/s eff=1.000 pressure=999.00 drop=0.0000% P1=1.5085 P2=1.5005 P3=1.5005 P4=1.5005
[2026-05-04 21:02:47Z] CHK MOM:0.39% RANGE:0.53% UP:20% SPREAD:0.06640106% BID:1.506 ASK:1.507 MID:1.5065 P1:1.5065 P2:1.5085 P3:1.5005 P4:1.5005 STATE:IN_POS
[2026-05-04 21:02:47Z] CHK MOM:0.39% RANGE:0.53% UP:16.66% SPREAD:0.06640106% BID:1.506 ASK:1.507 MID:1.5065 P1:1.5065 P2:1.5065 P3:1.5085 P4:1.5005 STATE:IN_POS
[2026-05-04 21:02:48Z] CHK MOM:0.33% RANGE:0.53% UP:16.66% SPREAD:0.06644518% BID:1.505 ASK:1.506 MID:1.5055 P1:1.5055 P2:1.5065 P3:1.5065 P4:1.5085 STATE:IN_POS
[2026-05-04 21:02:48Z] CHK MOM:0.39% RANGE:0.53% UP:28.57% SPREAD:0.06640106% BID:1.506 ASK:1.507 MID:1.5065 P1:1.5065 P2:1.5055 P3:1.5065 P4:1.5065 STATE:IN_POS
[2026-05-04 21:02:49Z] CHK MOM:0.33% RANGE:0.53% UP:25% SPREAD:0.06644518% BID:1.505 ASK:1.506 MID:1.5055 P1:1.5055 P2:1.5065 P3:1.5055 P4:1.5065 STATE:IN_POS
[2026-05-04 21:02:49Z] CHK MOM:0.33% RANGE:0.53% UP:22.22% SPREAD:0.06644518% BID:1.505 ASK:1.506 MID:1.5055 P1:1.5055 P2:1.5055 P3:1.5065 P4:1.5055 STATE:IN_POS
[2026-05-04 21:02:50Z] CHK MOM:0.39% RANGE:0.53% UP:30% SPREAD:0.06640106% BID:1.506 ASK:1.507 MID:1.5065 P1:1.5065 P2:1.5055 P3:1.5055 P4:1.5065 STATE:IN_POS
[2026-05-04 21:02:50Z] CHK MOM:0.39% RANGE:0.53% UP:30% SPREAD:0.06640106% BID:1.506 ASK:1.507 MID:1.5065 P1:1.5065 P2:1.5055 P3:1.5055 P4:1.5065 STATE:IN_POS
[2026-05-04 21:02:51Z] CHK MOM:0.39% RANGE:0.53% UP:27.27% SPREAD:0.06640106% BID:1.506 ASK:1.507 MID:1.5065 P1:1.5065 P2:1.5065 P3:1.5055 P4:1.5055 STATE:IN_POS
[2026-05-04 21:02:51Z] CHK MOM:0.39% RANGE:0.53% UP:27.27% SPREAD:0.06640106% BID:1.506 ASK:1.507 MID:1.5065 P1:1.5065 P2:1.5065 P3:1.5065 P4:1.5055 STATE:IN_POS
[2026-05-04 21:02:52Z] CHK MOM:0.39% RANGE:0.53% UP:27.27% SPREAD:0.06640106% BID:1.506 ASK:1.507 MID:1.5065 P1:1.5065 P2:1.5065 P3:1.5065 P4:1.5065 STATE:IN_POS
[2026-05-04 21:02:53Z] CHK MOM:0.39% RANGE:0.53% UP:25% SPREAD:0.06640106% BID:1.506 ASK:1.507 MID:1.5065 P1:1.5065 P2:1.5065 P3:1.5065 P4:1.5065 STATE:IN_POS
[2026-05-04 21:02:53Z] CHK MOM:0.39% RANGE:0.53% UP:25% SPREAD:0.06640106% BID:1.506 ASK:1.507 MID:1.5065 P1:1.5065 P2:1.5065 P3:1.5065 P4:1.5065 STATE:IN_POS
[2026-05-04 21:02:54Z] CHK MOM:0.39% RANGE:0.53% UP:25% SPREAD:0.06640106% BID:1.506 ASK:1.507 MID:1.5065 P1:1.5065 P2:1.5065 P3:1.5065 P4:1.5065 STATE:IN_POS
[2026-05-04 21:02:54Z] CHK MOM:0.39% RANGE:0.53% UP:25% SPREAD:0.06640106% BID:1.506 ASK:1.507 MID:1.5065 P1:1.5065 P2:1.5065 P3:1.5065 P4:1.5065 STATE:IN_POS
[2026-05-04 21:02:55Z] CHK MOM:-0.06% RANGE:0.06% UP:20% SPREAD:0.06644518% BID:1.505 ASK:1.506 MID:1.5055 P1:1.5055 P2:1.5065 P3:1.5065 P4:1.5065 STATE:IN_POS
[2026-05-04 21:02:55Z] BURST_HANDOFF age=8.46s ext=0.0000% loss=0.1989% peak=1.50800000 stop=1.49500000 protect=0 trail=0
[2026-05-04 21:02:55Z] CHK MOM:0% RANGE:0.06% UP:20% SPREAD:0.06644518% BID:1.505 ASK:1.506 MID:1.5055 P1:1.5055 P2:1.5055 P3:1.5065 P4:1.5065 STATE:IN_POS
[2026-05-04 21:02:56Z] CHK MOM:0.06% RANGE:0.06% UP:27.27% SPREAD:0.06640106% BID:1.506 ASK:1.507 MID:1.5065 P1:1.5065 P2:1.5055 P3:1.5055 P4:1.5065 STATE:IN_POS
[2026-05-04 21:02:56Z] CHK MOM:0.06% RANGE:0.06% UP:20% SPREAD:0.06640106% BID:1.506 ASK:1.507 MID:1.5065 P1:1.5065 P2:1.5065 P3:1.5055 P4:1.5055 STATE:IN_POS
[2026-05-04 21:02:57Z] CHK MOM:0% RANGE:0.06% UP:20% SPREAD:0.06644518% BID:1.505 ASK:1.506 MID:1.5055 P1:1.5055 P2:1.5065 P3:1.5065 P4:1.5055 STATE:IN_POS
[2026-05-04 21:02:58Z] CHK MOM:0.06% RANGE:0.06% UP:27.27% SPREAD:0.06640106% BID:1.506 ASK:1.507 MID:1.5065 P1:1.5065 P2:1.5055 P3:1.5065 P4:1.5065 STATE:IN_POS
[2026-05-04 21:02:58Z] CHK MOM:-0.06% RANGE:0.06% UP:20% SPREAD:0.06644518% BID:1.505 ASK:1.506 MID:1.5055 P1:1.5055 P2:1.5065 P3:1.5055 P4:1.5065 STATE:IN_POS
[2026-05-04 21:02:59Z] CHK MOM:-0.06% RANGE:0.06% UP:20% SPREAD:0.06644518% BID:1.505 ASK:1.506 MID:1.5055 P1:1.5055 P2:1.5055 P3:1.5065 P4:1.5055 STATE:IN_POS
[2026-05-04 21:02:59Z] CHK MOM:-0.06% RANGE:0.06% UP:20% SPREAD:0.06644518% BID:1.505 ASK:1.506 MID:1.5055 P1:1.5055 P2:1.5055 P3:1.5055 P4:1.5065 STATE:IN_POS
[2026-05-04 21:03:00Z] CHK MOM:-0.06% RANGE:0.06% UP:20% SPREAD:0.06644518% BID:1.505 ASK:1.506 MID:1.5055 P1:1.5055 P2:1.5055 P3:1.5055 P4:1.5055 STATE:IN_POS
[2026-05-04 21:03:01Z] CHK MOM:0.06% RANGE:0.06% UP:30% SPREAD:0.06640106% BID:1.506 ASK:1.507 MID:1.5065 P1:1.5065 P2:1.5055 P3:1.5055 P4:1.5055 STATE:IN_POS
[2026-05-04 21:03:02Z] CHK MOM:0.13% RANGE:0.13% UP:36.36% SPREAD:0.066357% BID:1.507 ASK:1.508 MID:1.50749999 P1:1.50749999 P2:1.5065 P3:1.5055 P4:1.5055 STATE:IN_POS
[2026-05-04 21:03:02Z] CHK MOM:0.13% RANGE:0.13% UP:33.33% SPREAD:0.066357% BID:1.507 ASK:1.508 MID:1.50749999 P1:1.50749999 P2:1.50749999 P3:1.5065 P4:1.5055 STATE:IN_POS
[2026-05-04 21:03:03Z] CHK MOM:0.13% RANGE:0.13% UP:30.76% SPREAD:0.066357% BID:1.507 ASK:1.508 MID:1.50749999 P1:1.50749999 P2:1.50749999 P3:1.50749999 P4:1.5065 STATE:IN_POS
[2026-05-04 21:03:04Z] CHK MOM:0.06% RANGE:0.13% UP:27.27% SPREAD:0.066357% BID:1.507 ASK:1.508 MID:1.50749999 P1:1.50749999 P2:1.50749999 P3:1.50749999 P4:1.50749999 STATE:IN_POS
[2026-05-04 21:03:04Z] CHK MOM:0.06% RANGE:0.13% UP:25% SPREAD:0.066357% BID:1.507 ASK:1.508 MID:1.50749999 P1:1.50749999 P2:1.50749999 P3:1.50749999 P4:1.50749999 STATE:IN_POS
[2026-05-04 21:03:05Z] CHK MOM:0.06% RANGE:0.13% UP:25% SPREAD:0.066357% BID:1.507 ASK:1.508 MID:1.50749999 P1:1.50749999 P2:1.50749999 P3:1.50749999 P4:1.50749999 STATE:IN_POS
[2026-05-04 21:03:05Z] CHK MOM:0.13% RANGE:0.13% UP:20% SPREAD:0.066357% BID:1.507 ASK:1.508 MID:1.50749999 P1:1.50749999 P2:1.50749999 P3:1.50749999 P4:1.50749999 STATE:IN_POS
[2026-05-04 21:03:06Z] CHK MOM:0.26% RANGE:0.26% UP:27.27% SPREAD:0.06626905% BID:1.509 ASK:1.51 MID:1.5095 P1:1.5095 P2:1.50749999 P3:1.50749999 P4:1.50749999 STATE:IN_POS
[2026-05-04 21:03:06Z] CHK MOM:0.19% RANGE:0.26% UP:27.27% SPREAD:0.06631299% BID:1.508 ASK:1.509 MID:1.5085 P1:1.5085 P2:1.5095 P3:1.50749999 P4:1.50749999 STATE:IN_POS
[2026-05-04 21:03:07Z] CHK MOM:0.19% RANGE:0.26% UP:27.27% SPREAD:0.06631299% BID:1.508 ASK:1.509 MID:1.5085 P1:1.5085 P2:1.5095 P3:1.50749999 P4:1.50749999 STATE:IN_POS
[2026-05-04 21:03:07Z] CHK MOM:0.19% RANGE:0.26% UP:27.27% SPREAD:0.06631299% BID:1.508 ASK:1.509 MID:1.5085 P1:1.5085 P2:1.5095 P3:1.50749999 P4:1.50749999 STATE:IN_POS
[2026-05-04 21:03:08Z] CHK MOM:0.19% RANGE:0.26% UP:27.27% SPREAD:0.06631299% BID:1.508 ASK:1.509 MID:1.5085 P1:1.5085 P2:1.5095 P3:1.50749999 P4:1.50749999 STATE:IN_POS
[2026-05-04 21:03:09Z] CHK MOM:0.19% RANGE:0.26% UP:27.27% SPREAD:0.06631299% BID:1.508 ASK:1.509 MID:1.5085 P1:1.5085 P2:1.5095 P3:1.50749999 P4:1.50749999 STATE:IN_POS
[2026-05-04 21:03:09Z] CHK MOM:0.13% RANGE:0.19% UP:22.22% SPREAD:0.06631299% BID:1.508 ASK:1.509 MID:1.5085 P1:1.5085 P2:1.5085 P3:1.5095 P4:1.50749999 STATE:IN_POS
[2026-05-04 21:03:10Z] CHK MOM:0.06% RANGE:0.13% UP:12.5% SPREAD:0.06631299% BID:1.508 ASK:1.509 MID:1.5085 P1:1.5085 P2:1.5085 P3:1.5085 P4:1.5095 STATE:IN_POS
[2026-05-04 21:03:10Z] CHK MOM:0.06% RANGE:0.13% UP:12.5% SPREAD:0.06631299% BID:1.508 ASK:1.509 MID:1.5085 P1:1.5085 P2:1.5085 P3:1.5085 P4:1.5095 STATE:IN_POS
[2026-05-04 21:03:11Z] CHK MOM:0.06% RANGE:0.13% UP:12.5% SPREAD:0.06631299% BID:1.508 ASK:1.509 MID:1.5085 P1:1.5085 P2:1.5085 P3:1.5085 P4:1.5095 STATE:IN_POS
[2026-05-04 21:03:11Z] CHK MOM:0.06% RANGE:0.13% UP:12.5% SPREAD:0.06631299% BID:1.508 ASK:1.509 MID:1.5085 P1:1.5085 P2:1.5085 P3:1.5085 P4:1.5095 STATE:IN_POS
[2026-05-04 21:03:12Z] CHK MOM:0.06% RANGE:0.13% UP:12.5% SPREAD:0.06631299% BID:1.508 ASK:1.509 MID:1.5085 P1:1.5085 P2:1.5085 P3:1.5085 P4:1.5095 STATE:IN_POS
[2026-05-04 21:03:12Z] CHK MOM:0.06% RANGE:0.13% UP:12.5% SPREAD:0.06631299% BID:1.508 ASK:1.509 MID:1.5085 P1:1.5085 P2:1.5085 P3:1.5085 P4:1.5095 STATE:IN_POS
[2026-05-04 21:03:14Z] CHK MOM:0% RANGE:0.06% UP:25% SPREAD:0.06626905% BID:1.509 ASK:1.51 MID:1.5095 P1:1.5095 P2:1.5085 P3:1.5085 P4:1.5085 STATE:IN_POS
[2026-05-04 21:03:15Z] CHK MOM:0% RANGE:0.06% UP:33.33% SPREAD:0.06631299% BID:1.508 ASK:1.509 MID:1.5085 P1:1.5085 P2:1.5095 P3:1.5085 P4:1.5085 STATE:IN_POS
[2026-05-04 21:03:15Z] CHK MOM:0% RANGE:0.06% UP:25% SPREAD:0.06631299% BID:1.508 ASK:1.509 MID:1.5085 P1:1.5085 P2:1.5085 P3:1.5095 P4:1.5085 STATE:IN_POS
[2026-05-04 21:03:17Z] CHK MOM:0.06% RANGE:0.06% UP:50% SPREAD:0.06626905% BID:1.509 ASK:1.51 MID:1.5095 P1:1.5095 P2:1.5085 P3:1.5085 P4:1.5095 STATE:IN_POS
[2026-05-04 21:03:17Z] CHK MOM:0.06% RANGE:0.06% UP:40% SPREAD:0.06626905% BID:1.509 ASK:1.51 MID:1.5095 P1:1.5095 P2:1.5095 P3:1.5085 P4:1.5085 STATE:IN_POS
[2026-05-04 21:03:18Z] CHK MOM:0.06% RANGE:0.06% UP:40% SPREAD:0.06626905% BID:1.509 ASK:1.51 MID:1.5095 P1:1.5095 P2:1.5095 P3:1.5085 P4:1.5085 STATE:IN_POS
[2026-05-04 21:03:18Z] CHK MOM:0.06% RANGE:0.06% UP:40% SPREAD:0.06626905% BID:1.509 ASK:1.51 MID:1.5095 P1:1.5095 P2:1.5095 P3:1.5085 P4:1.5085 STATE:IN_POS
[2026-05-04 21:03:19Z] CHK MOM:0.06% RANGE:0.06% UP:40% SPREAD:0.06626905% BID:1.509 ASK:1.51 MID:1.5095 P1:1.5095 P2:1.5095 P3:1.5085 P4:1.5085 STATE:IN_POS
[2026-05-04 21:03:20Z] CHK MOM:0.06% RANGE:0.06% UP:40% SPREAD:0.06626905% BID:1.509 ASK:1.51 MID:1.5095 P1:1.5095 P2:1.5095 P3:1.5085 P4:1.5085 STATE:IN_POS
[2026-05-04 21:03:20Z] CHK MOM:0% RANGE:0.06% UP:20% SPREAD:0.06626905% BID:1.509 ASK:1.51 MID:1.5095 P1:1.5095 P2:1.5095 P3:1.5095 P4:1.5085 STATE:IN_POS
[2026-05-04 21:03:21Z] CHK MOM:0% RANGE:0.06% UP:16.66% SPREAD:0.06626905% BID:1.509 ASK:1.51 MID:1.5095 P1:1.5095 P2:1.5095 P3:1.5095 P4:1.5095 STATE:IN_POS
[2026-05-04 21:03:21Z] CHK MOM:0% RANGE:0.06% UP:16.66% SPREAD:0.06626905% BID:1.509 ASK:1.51 MID:1.5095 P1:1.5095 P2:1.5095 P3:1.5095 P4:1.5095 STATE:IN_POS
[2026-05-04 21:03:22Z] CHK MOM:0% RANGE:0.06% UP:14.28% SPREAD:0.06626905% BID:1.509 ASK:1.51 MID:1.5095 P1:1.5095 P2:1.5095 P3:1.5095 P4:1.5095 STATE:IN_POS
[2026-05-04 21:03:22Z] CHK MOM:0% RANGE:0.06% UP:14.28% SPREAD:0.06626905% BID:1.509 ASK:1.51 MID:1.5095 P1:1.5095 P2:1.5095 P3:1.5095 P4:1.5095 STATE:IN_POS
[2026-05-04 21:03:23Z] CHK MOM:0.13% RANGE:0.13% UP:28.57% SPREAD:0.06622516% BID:1.51 ASK:1.511 MID:1.5105 P1:1.5105 P2:1.5095 P3:1.5095 P4:1.5095 STATE:IN_POS
[2026-05-04 21:03:23Z] CHK MOM:0.13% RANGE:0.13% UP:28.57% SPREAD:0.06622516% BID:1.51 ASK:1.511 MID:1.5105 P1:1.5105 P2:1.5105 P3:1.5095 P4:1.5095 STATE:IN_POS
[2026-05-04 21:03:24Z] CHK MOM:0.13% RANGE:0.13% UP:28.57% SPREAD:0.06622516% BID:1.51 ASK:1.511 MID:1.5105 P1:1.5105 P2:1.5105 P3:1.5095 P4:1.5095 STATE:IN_POS
[2026-05-04 21:03:24Z] CHK MOM:0.06% RANGE:0.06% UP:14.28% SPREAD:0.06622516% BID:1.51 ASK:1.511 MID:1.5105 P1:1.5105 P2:1.5105 P3:1.5105 P4:1.5095 STATE:IN_POS
[2026-05-04 21:03:25Z] CHK MOM:0.06% RANGE:0.06% UP:12.5% SPREAD:0.06622516% BID:1.51 ASK:1.511 MID:1.5105 P1:1.5105 P2:1.5105 P3:1.5105 P4:1.5105 STATE:IN_POS
[2026-05-04 21:03:26Z] CHK MOM:0% RANGE:0.06% UP:14.28% SPREAD:0.06626905% BID:1.509 ASK:1.51 MID:1.5095 P1:1.5095 P2:1.5105 P3:1.5105 P4:1.5105 STATE:IN_POS
[2026-05-04 21:03:26Z] CHK MOM:0% RANGE:0.06% UP:14.28% SPREAD:0.06626905% BID:1.509 ASK:1.51 MID:1.5095 P1:1.5095 P2:1.5105 P3:1.5105 P4:1.5105 STATE:IN_POS
[2026-05-04 21:03:27Z] CHK MOM:0% RANGE:0.06% UP:12.5% SPREAD:0.06626905% BID:1.509 ASK:1.51 MID:1.5095 P1:1.5095 P2:1.5095 P3:1.5105 P4:1.5105 STATE:IN_POS
[2026-05-04 21:03:27Z] CHK MOM:0% RANGE:0.06% UP:11.11% SPREAD:0.06626905% BID:1.509 ASK:1.51 MID:1.5095 P1:1.5095 P2:1.5095 P3:1.5095 P4:1.5105 STATE:IN_POS
[2026-05-04 21:03:28Z] CHK MOM:0.03% RANGE:0.06% UP:20% SPREAD:0.1325381% BID:1.509 ASK:1.511 MID:1.50999999 P1:1.50999999 P2:1.5095 P3:1.5095 P4:1.5095 STATE:IN_POS
[2026-05-04 21:03:28Z] CHK MOM:0.03% RANGE:0.06% UP:20% SPREAD:0.1325381% BID:1.509 ASK:1.511 MID:1.50999999 P1:1.50999999 P2:1.50999999 P3:1.5095 P4:1.5095 STATE:IN_POS
[2026-05-04 21:03:29Z] CHK MOM:0.03% RANGE:0.06% UP:20% SPREAD:0.1325381% BID:1.509 ASK:1.511 MID:1.50999999 P1:1.50999999 P2:1.50999999 P3:1.5095 P4:1.5095 STATE:IN_POS
[2026-05-04 21:03:29Z] CHK MOM:0.03% RANGE:0.06% UP:20% SPREAD:0.1325381% BID:1.509 ASK:1.511 MID:1.50999999 P1:1.50999999 P2:1.50999999 P3:1.50999999 P4:1.5095 STATE:IN_POS
[2026-05-04 21:03:30Z] CHK MOM:-0.03% RANGE:0.06% UP:10% SPREAD:0.1325381% BID:1.509 ASK:1.511 MID:1.50999999 P1:1.50999999 P2:1.50999999 P3:1.50999999 P4:1.50999999 STATE:IN_POS
[2026-05-04 21:03:31Z] CHK MOM:-0.06% RANGE:0.06% UP:9.09% SPREAD:0.06626905% BID:1.509 ASK:1.51 MID:1.5095 P1:1.5095 P2:1.50999999 P3:1.50999999 P4:1.50999999 STATE:IN_POS
[2026-05-04 21:03:32Z] CHK MOM:-0.06% RANGE:0.06% UP:10% SPREAD:0.06626905% BID:1.509 ASK:1.51 MID:1.5095 P1:1.5095 P2:1.5095 P3:1.50999999 P4:1.50999999 STATE:IN_POS
[2026-05-04 21:03:33Z] CHK MOM:-0.06% RANGE:0.06% UP:10% SPREAD:0.06626905% BID:1.509 ASK:1.51 MID:1.5095 P1:1.5095 P2:1.5095 P3:1.50999999 P4:1.50999999 STATE:IN_POS
[2026-05-04 21:03:33Z] CHK MOM:0% RANGE:0.03% UP:11.11% SPREAD:0.06626905% BID:1.509 ASK:1.51 MID:1.5095 P1:1.5095 P2:1.5095 P3:1.5095 P4:1.50999999 STATE:IN_POS
[2026-05-04 21:03:34Z] CHK MOM:0% RANGE:0.03% UP:10% SPREAD:0.06626905% BID:1.509 ASK:1.51 MID:1.5095 P1:1.5095 P2:1.5095 P3:1.5095 P4:1.5095 STATE:IN_POS
[2026-05-04 21:03:34Z] CHK MOM:0% RANGE:0.03% UP:10% SPREAD:0.06626905% BID:1.509 ASK:1.51 MID:1.5095 P1:1.5095 P2:1.5095 P3:1.5095 P4:1.5095 STATE:IN_POS
[2026-05-04 21:03:35Z] CHK MOM:0.03% RANGE:0.03% UP:20% SPREAD:0.1325381% BID:1.509 ASK:1.511 MID:1.50999999 P1:1.50999999 P2:1.5095 P3:1.5095 P4:1.5095 STATE:IN_POS
[2026-05-04 21:03:35Z] CHK MOM:0% RANGE:0.03% UP:11.11% SPREAD:0.1325381% BID:1.509 ASK:1.511 MID:1.50999999 P1:1.50999999 P2:1.50999999 P3:1.5095 P4:1.5095 STATE:IN_POS
[2026-05-04 21:03:36Z] CHK MOM:0% RANGE:0.03% UP:11.11% SPREAD:0.1325381% BID:1.509 ASK:1.511 MID:1.50999999 P1:1.50999999 P2:1.50999999 P3:1.5095 P4:1.5095 STATE:IN_POS
[2026-05-04 21:03:37Z] CHK MOM:0% RANGE:0.03% UP:12.5% SPREAD:0.1325381% BID:1.509 ASK:1.511 MID:1.50999999 P1:1.50999999 P2:1.50999999 P3:1.50999999 P4:1.5095 STATE:IN_POS
[2026-05-04 21:03:37Z] CHK MOM:-0.03% RANGE:0.03% UP:12.5% SPREAD:0.06626905% BID:1.509 ASK:1.51 MID:1.5095 P1:1.5095 P2:1.50999999 P3:1.50999999 P4:1.50999999 STATE:IN_POS
[2026-05-04 21:03:38Z] CHK MOM:-0.09% RANGE:0.09% UP:11.11% SPREAD:0.06631299% BID:1.508 ASK:1.509 MID:1.5085 P1:1.5085 P2:1.5095 P3:1.50999999 P4:1.50999999 STATE:IN_POS
[2026-05-04 21:03:38Z] CHK MOM:-0.06% RANGE:0.09% UP:12.5% SPREAD:0.06631299% BID:1.508 ASK:1.509 MID:1.5085 P1:1.5085 P2:1.5085 P3:1.5095 P4:1.50999999 STATE:IN_POS
[2026-05-04 21:03:39Z] CHK MOM:-0.06% RANGE:0.09% UP:11.11% SPREAD:0.06631299% BID:1.508 ASK:1.509 MID:1.5085 P1:1.5085 P2:1.5085 P3:1.5085 P4:1.5095 STATE:IN_POS
[2026-05-04 21:03:39Z] CHK MOM:-0.06% RANGE:0.09% UP:10% SPREAD:0.06631299% BID:1.508 ASK:1.509 MID:1.5085 P1:1.5085 P2:1.5085 P3:1.5085 P4:1.5085 STATE:IN_POS
[2026-05-04 21:03:40Z] CHK MOM:-0.06% RANGE:0.09% UP:9.09% SPREAD:0.06631299% BID:1.508 ASK:1.509 MID:1.5085 P1:1.5085 P2:1.5085 P3:1.5085 P4:1.5085 STATE:IN_POS
[2026-05-04 21:03:40Z] CHK MOM:-0.03% RANGE:0.09% UP:16.66% SPREAD:0.13262599% BID:1.508 ASK:1.51 MID:1.509 P1:1.509 P2:1.5085 P3:1.5085 P4:1.5085 STATE:IN_POS
[2026-05-04 21:03:41Z] CHK MOM:0.06% RANGE:0.13% UP:25% SPREAD:0.06622516% BID:1.51 ASK:1.511 MID:1.5105 P1:1.5105 P2:1.509 P3:1.5085 P4:1.5085 STATE:IN_POS
[2026-05-04 21:03:42Z] CHK MOM:0.03% RANGE:0.13% UP:23.07% SPREAD:0.1325381% BID:1.509 ASK:1.511 MID:1.50999999 P1:1.50999999 P2:1.5105 P3:1.509 P4:1.5085 STATE:IN_POS
[2026-05-04 21:03:42Z] CHK MOM:0% RANGE:0.13% UP:16.66% SPREAD:0.1325381% BID:1.509 ASK:1.511 MID:1.50999999 P1:1.50999999 P2:1.50999999 P3:1.5105 P4:1.509 STATE:IN_POS
[2026-05-04 21:03:43Z] CHK MOM:0% RANGE:0.13% UP:16.66% SPREAD:0.1325381% BID:1.509 ASK:1.511 MID:1.50999999 P1:1.50999999 P2:1.50999999 P3:1.5105 P4:1.509 STATE:IN_POS
[2026-05-04 21:03:43Z] CHK MOM:0% RANGE:0.13% UP:16.66% SPREAD:0.1325381% BID:1.509 ASK:1.511 MID:1.50999999 P1:1.50999999 P2:1.50999999 P3:1.5105 P4:1.509 STATE:IN_POS
[2026-05-04 21:03:44Z] CHK MOM:0% RANGE:0.13% UP:18.18% SPREAD:0.1325381% BID:1.509 ASK:1.511 MID:1.50999999 P1:1.50999999 P2:1.50999999 P3:1.50999999 P4:1.5105 STATE:IN_POS
[2026-05-04 21:03:44Z] CHK MOM:0% RANGE:0.13% UP:16.66% SPREAD:0.1325381% BID:1.509 ASK:1.511 MID:1.50999999 P1:1.50999999 P2:1.50999999 P3:1.50999999 P4:1.50999999 STATE:IN_POS
[2026-05-04 21:03:45Z] CHK MOM:-0.03% RANGE:0.13% UP:15.38% SPREAD:0.06626905% BID:1.509 ASK:1.51 MID:1.5095 P1:1.5095 P2:1.50999999 P3:1.50999999 P4:1.50999999 STATE:IN_POS
[2026-05-04 21:03:45Z] CHK MOM:0% RANGE:0.13% UP:15.38% SPREAD:0.06626905% BID:1.509 ASK:1.51 MID:1.5095 P1:1.5095 P2:1.5095 P3:1.50999999 P4:1.50999999 STATE:IN_POS
[2026-05-04 21:03:46Z] CHK MOM:0% RANGE:0.13% UP:15.38% SPREAD:0.06626905% BID:1.509 ASK:1.51 MID:1.5095 P1:1.5095 P2:1.5095 P3:1.50999999 P4:1.50999999 STATE:IN_POS
[2026-05-04 21:03:46Z] CHK MOM:0% RANGE:0.13% UP:15.38% SPREAD:0.06626905% BID:1.509 ASK:1.51 MID:1.5095 P1:1.5095 P2:1.5095 P3:1.50999999 P4:1.50999999 STATE:IN_POS
[2026-05-04 21:03:48Z] CHK MOM:0.06% RANGE:0.13% UP:22.22% SPREAD:0.06626905% BID:1.509 ASK:1.51 MID:1.5095 P1:1.5095 P2:1.5095 P3:1.5095 P4:1.50999999 STATE:IN_POS
[2026-05-04 21:03:48Z] CHK MOM:-0.06% RANGE:0.06% UP:0% SPREAD:0.06626905% BID:1.509 ASK:1.51 MID:1.5095 P1:1.5095 P2:1.5095 P3:1.5095 P4:1.5095 STATE:IN_POS
[2026-05-04 21:03:49Z] CHK MOM:-0.03% RANGE:0.03% UP:0% SPREAD:0.06626905% BID:1.509 ASK:1.51 MID:1.5095 P1:1.5095 P2:1.5095 P3:1.5095 P4:1.5095 STATE:IN_POS
[2026-05-04 21:03:49Z] CHK MOM:-0.06% RANGE:0.06% UP:0% SPREAD:0.13262599% BID:1.508 ASK:1.51 MID:1.509 P1:1.509 P2:1.5095 P3:1.5095 P4:1.5095 STATE:IN_POS
[2026-05-04 21:03:50Z] CHK MOM:-0.06% RANGE:0.06% UP:0% SPREAD:0.13262599% BID:1.508 ASK:1.51 MID:1.509 P1:1.509 P2:1.509 P3:1.5095 P4:1.5095 STATE:IN_POS
[2026-05-04 21:03:50Z] CHK MOM:-0.09% RANGE:0.09% UP:0% SPREAD:0.06631299% BID:1.508 ASK:1.509 MID:1.5085 P1:1.5085 P2:1.509 P3:1.509 P4:1.5095 STATE:IN_POS
[2026-05-04 21:03:51Z] CHK MOM:-0.09% RANGE:0.09% UP:0% SPREAD:0.06631299% BID:1.508 ASK:1.509 MID:1.5085 P1:1.5085 P2:1.5085 P3:1.509 P4:1.509 STATE:IN_POS
[2026-05-04 21:03:51Z] CHK MOM:-0.09% RANGE:0.09% UP:0% SPREAD:0.06631299% BID:1.508 ASK:1.509 MID:1.5085 P1:1.5085 P2:1.5085 P3:1.5085 P4:1.509 STATE:IN_POS
[2026-05-04 21:03:52Z] CHK MOM:-0.03% RANGE:0.06% UP:10% SPREAD:0.13262599% BID:1.508 ASK:1.51 MID:1.509 P1:1.509 P2:1.5085 P3:1.5085 P4:1.5085 STATE:IN_POS
[2026-05-04 21:03:52Z] CHK MOM:0% RANGE:0.06% UP:18.18% SPREAD:0.06626905% BID:1.509 ASK:1.51 MID:1.5095 P1:1.5095 P2:1.509 P3:1.5085 P4:1.5085 STATE:IN_POS
[2026-05-04 21:03:53Z] CHK MOM:0% RANGE:0.06% UP:20% SPREAD:0.06626905% BID:1.509 ASK:1.51 MID:1.5095 P1:1.5095 P2:1.5095 P3:1.509 P4:1.5085 STATE:IN_POS
[2026-05-04 21:03:54Z] CHK MOM:-0.09% RANGE:0.09% UP:18.18% SPREAD:0.132714% BID:1.507 ASK:1.509 MID:1.508 P1:1.508 P2:1.5095 P3:1.5095 P4:1.509 STATE:IN_POS
[2026-05-04 21:03:54Z] CHK MOM:-0.13% RANGE:0.13% UP:16.66% SPREAD:0.066357% BID:1.507 ASK:1.508 MID:1.50749999 P1:1.50749999 P2:1.508 P3:1.5095 P4:1.5095 STATE:IN_POS
[2026-05-04 21:03:55Z] CHK MOM:-0.19% RANGE:0.19% UP:15.38% SPREAD:0.06640106% BID:1.506 ASK:1.507 MID:1.5065 P1:1.5065 P2:1.50749999 P3:1.508 P4:1.5095 STATE:IN_POS
[2026-05-04 21:03:55Z] CHK MOM:-0.06% RANGE:0.19% UP:23.07% SPREAD:0.06631299% BID:1.508 ASK:1.509 MID:1.5085 P1:1.5085 P2:1.5065 P3:1.50749999 P4:1.508 STATE:IN_POS
[2026-05-04 21:03:56Z] CHK MOM:-0.06% RANGE:0.19% UP:21.42% SPREAD:0.06631299% BID:1.508 ASK:1.509 MID:1.5085 P1:1.5085 P2:1.5085 P3:1.5065 P4:1.50749999 STATE:IN_POS
[2026-05-04 21:03:56Z] CHK MOM:-0.06% RANGE:0.19% UP:21.42% SPREAD:0.06631299% BID:1.508 ASK:1.509 MID:1.5085 P1:1.5085 P2:1.5085 P3:1.5085 P4:1.5065 STATE:IN_POS
[2026-05-04 21:03:57Z] CHK MOM:-0.06% RANGE:0.19% UP:21.42% SPREAD:0.06631299% BID:1.508 ASK:1.509 MID:1.5085 P1:1.5085 P2:1.5085 P3:1.5085 P4:1.5065 STATE:IN_POS
[2026-05-04 21:03:57Z] CHK MOM:-0.03% RANGE:0.19% UP:21.42% SPREAD:0.06631299% BID:1.508 ASK:1.509 MID:1.5085 P1:1.5085 P2:1.5085 P3:1.5085 P4:1.5085 STATE:IN_POS
[2026-05-04 21:03:58Z] CHK MOM:-0.09% RANGE:0.19% UP:21.42% SPREAD:0.066357% BID:1.507 ASK:1.508 MID:1.50749999 P1:1.50749999 P2:1.5085 P3:1.5085 P4:1.5085 STATE:IN_POS
[2026-05-04 21:03:59Z] CHK MOM:-0.03% RANGE:0.19% UP:30.76% SPREAD:0.132714% BID:1.507 ASK:1.509 MID:1.508 P1:1.508 P2:1.50749999 P3:1.5085 P4:1.5085 STATE:IN_POS
[2026-05-04 21:03:59Z] CHK MOM:-0.03% RANGE:0.19% UP:28.57% SPREAD:0.132714% BID:1.507 ASK:1.509 MID:1.508 P1:1.508 P2:1.508 P3:1.50749999 P4:1.5085 STATE:IN_POS
[2026-05-04 21:04:00Z] CHK MOM:-0.03% RANGE:0.19% UP:28.57% SPREAD:0.132714% BID:1.507 ASK:1.509 MID:1.508 P1:1.508 P2:1.508 P3:1.50749999 P4:1.5085 STATE:IN_POS
[2026-05-04 21:04:00Z] CHK MOM:-0.13% RANGE:0.19% UP:18.18% SPREAD:0.066357% BID:1.507 ASK:1.508 MID:1.50749999 P1:1.50749999 P2:1.508 P3:1.508 P4:1.50749999 STATE:IN_POS
[2026-05-04 21:04:01Z] CHK MOM:-0.13% RANGE:0.19% UP:16.66% SPREAD:0.066357% BID:1.507 ASK:1.508 MID:1.50749999 P1:1.50749999 P2:1.50749999 P3:1.508 P4:1.508 STATE:IN_POS
[2026-05-04 21:04:01Z] CHK MOM:-0.13% RANGE:0.19% UP:16.66% SPREAD:0.066357% BID:1.507 ASK:1.508 MID:1.50749999 P1:1.50749999 P2:1.50749999 P3:1.508 P4:1.508 STATE:IN_POS
[2026-05-04 21:04:03Z] CHK MOM:0.06% RANGE:0.13% UP:20% SPREAD:0.066357% BID:1.507 ASK:1.508 MID:1.50749999 P1:1.50749999 P2:1.50749999 P3:1.50749999 P4:1.508 STATE:IN_POS
[2026-05-04 21:04:03Z] CHK MOM:0.06% RANGE:0.13% UP:20% SPREAD:0.06626905% BID:1.509 ASK:1.51 MID:1.5095 P1:1.5095 P2:1.50749999 P3:1.50749999 P4:1.50749999 STATE:IN_POS
[2026-05-04 21:04:04Z] CHK MOM:0.06% RANGE:0.13% UP:20% SPREAD:0.06626905% BID:1.509 ASK:1.51 MID:1.5095 P1:1.5095 P2:1.5095 P3:1.50749999 P4:1.50749999 STATE:IN_POS
[2026-05-04 21:04:05Z] CHK MOM:0.06% RANGE:0.13% UP:22.22% SPREAD:0.06626905% BID:1.509 ASK:1.51 MID:1.5095 P1:1.5095 P2:1.5095 P3:1.5095 P4:1.50749999 STATE:IN_POS
[2026-05-04 21:04:05Z] CHK MOM:0.13% RANGE:0.13% UP:22.22% SPREAD:0.06626905% BID:1.509 ASK:1.51 MID:1.5095 P1:1.5095 P2:1.5095 P3:1.5095 P4:1.5095 STATE:IN_POS
[2026-05-04 21:04:06Z] CHK MOM:0.13% RANGE:0.13% UP:22.22% SPREAD:0.06626905% BID:1.509 ASK:1.51 MID:1.5095 P1:1.5095 P2:1.5095 P3:1.5095 P4:1.5095 STATE:IN_POS
[2026-05-04 21:04:06Z] CHK MOM:0.13% RANGE:0.13% UP:22.22% SPREAD:0.06626905% BID:1.509 ASK:1.51 MID:1.5095 P1:1.5095 P2:1.5095 P3:1.5095 P4:1.5095 STATE:IN_POS
[2026-05-04 21:04:07Z] CHK MOM:0.13% RANGE:0.13% UP:14.28% SPREAD:0.06626905% BID:1.509 ASK:1.51 MID:1.5095 P1:1.5095 P2:1.5095 P3:1.5095 P4:1.5095 STATE:IN_POS
[2026-05-04 21:04:07Z] CHK MOM:0.13% RANGE:0.13% UP:14.28% SPREAD:0.06626905% BID:1.509 ASK:1.51 MID:1.5095 P1:1.5095 P2:1.5095 P3:1.5095 P4:1.5095 STATE:IN_POS
[2026-05-04 21:04:08Z] CHK MOM:0.19% RANGE:0.19% UP:25% SPREAD:0.06622516% BID:1.51 ASK:1.511 MID:1.5105 P1:1.5105 P2:1.5095 P3:1.5095 P4:1.5095 STATE:IN_POS
[2026-05-04 21:04:08Z] CHK MOM:0.13% RANGE:0.19% UP:22.22% SPREAD:0.06626905% BID:1.509 ASK:1.51 MID:1.5095 P1:1.5095 P2:1.5105 P3:1.5095 P4:1.5095 STATE:IN_POS
[2026-05-04 21:04:09Z] CHK MOM:0.13% RANGE:0.19% UP:22.22% SPREAD:0.06626905% BID:1.509 ASK:1.51 MID:1.5095 P1:1.5095 P2:1.5105 P3:1.5095 P4:1.5095 STATE:IN_POS
[2026-05-04 21:04:10Z] CHK MOM:0.13% RANGE:0.19% UP:22.22% SPREAD:0.06626905% BID:1.509 ASK:1.51 MID:1.5095 P1:1.5095 P2:1.5105 P3:1.5095 P4:1.5095 STATE:IN_POS
[2026-05-04 21:04:11Z] CHK MOM:0.09% RANGE:0.19% UP:25% SPREAD:0.13262599% BID:1.508 ASK:1.51 MID:1.509 P1:1.509 P2:1.5095 P3:1.5105 P4:1.5095 STATE:IN_POS
[2026-05-04 21:04:11Z] CHK MOM:-0.06% RANGE:0.13% UP:12.5% SPREAD:0.06631299% BID:1.508 ASK:1.509 MID:1.5085 P1:1.5085 P2:1.509 P3:1.5095 P4:1.5105 STATE:IN_POS
[2026-05-04 21:04:12Z] CHK MOM:-0.06% RANGE:0.13% UP:12.5% SPREAD:0.06631299% BID:1.508 ASK:1.509 MID:1.5085 P1:1.5085 P2:1.509 P3:1.5095 P4:1.5105 STATE:IN_POS
[2026-05-04 21:04:12Z] CHK MOM:-0.06% RANGE:0.13% UP:14.28% SPREAD:0.06631299% BID:1.508 ASK:1.509 MID:1.5085 P1:1.5085 P2:1.5085 P3:1.509 P4:1.5095 STATE:IN_POS
[2026-05-04 21:04:13Z] CHK MOM:-0.03% RANGE:0.13% UP:28.57% SPREAD:0.13262599% BID:1.508 ASK:1.51 MID:1.509 P1:1.509 P2:1.5085 P3:1.5085 P4:1.509 STATE:IN_POS
[2026-05-04 21:04:13Z] CHK MOM:-0.03% RANGE:0.13% UP:28.57% SPREAD:0.13262599% BID:1.508 ASK:1.51 MID:1.509 P1:1.509 P2:1.5085 P3:1.5085 P4:1.509 STATE:IN_POS
[2026-05-04 21:04:14Z] CHK MOM:0% RANGE:0.13% UP:42.85% SPREAD:0.06626905% BID:1.509 ASK:1.51 MID:1.5095 P1:1.5095 P2:1.509 P3:1.5085 P4:1.5085 STATE:IN_POS
[2026-05-04 21:04:14Z] CHK MOM:0.06% RANGE:0.13% UP:50% SPREAD:0.06622516% BID:1.51 ASK:1.511 MID:1.5105 P1:1.5105 P2:1.5095 P3:1.509 P4:1.5085 STATE:IN_POS
[2026-05-04 21:04:15Z] CHK MOM:0.06% RANGE:0.13% UP:44.44% SPREAD:0.06622516% BID:1.51 ASK:1.511 MID:1.5105 P1:1.5105 P2:1.5105 P3:1.5095 P4:1.509 STATE:IN_POS
[2026-05-04 21:04:16Z] CHK MOM:0% RANGE:0.13% UP:33.33% SPREAD:0.06622516% BID:1.51 ASK:1.511 MID:1.5105 P1:1.5105 P2:1.5105 P3:1.5105 P4:1.5095 STATE:IN_POS
[2026-05-04 21:04:16Z] CHK MOM:0% RANGE:0.13% UP:33.33% SPREAD:0.06622516% BID:1.51 ASK:1.511 MID:1.5105 P1:1.5105 P2:1.5105 P3:1.5105 P4:1.5095 STATE:IN_POS
[2026-05-04 21:04:17Z] CHK MOM:0.09% RANGE:0.13% UP:37.5% SPREAD:0.06622516% BID:1.51 ASK:1.511 MID:1.5105 P1:1.5105 P2:1.5105 P3:1.5105 P4:1.5105 STATE:IN_POS
[2026-05-04 21:04:18Z] CHK MOM:0.13% RANGE:0.13% UP:37.5% SPREAD:0.06622516% BID:1.51 ASK:1.511 MID:1.5105 P1:1.5105 P2:1.5105 P3:1.5105 P4:1.5105 STATE:IN_POS
[2026-05-04 21:04:19Z] CHK MOM:0.19% RANGE:0.19% UP:44.44% SPREAD:0.06618133% BID:1.511 ASK:1.512 MID:1.51149999 P1:1.51149999 P2:1.5105 P3:1.5105 P4:1.5105 STATE:IN_POS
[2026-05-04 21:04:19Z] CHK MOM:0.19% RANGE:0.19% UP:44.44% SPREAD:0.06618133% BID:1.511 ASK:1.512 MID:1.51149999 P1:1.51149999 P2:1.5105 P3:1.5105 P4:1.5105 STATE:IN_POS
[2026-05-04 21:04:20Z] CHK MOM:0.19% RANGE:0.19% UP:44.44% SPREAD:0.06618133% BID:1.511 ASK:1.512 MID:1.51149999 P1:1.51149999 P2:1.5105 P3:1.5105 P4:1.5105 STATE:IN_POS
[2026-05-04 21:04:21Z] CHK MOM:0.19% RANGE:0.19% UP:44.44% SPREAD:0.06618133% BID:1.511 ASK:1.512 MID:1.51149999 P1:1.51149999 P2:1.5105 P3:1.5105 P4:1.5105 STATE:IN_POS
[2026-05-04 21:04:21Z] CHK MOM:0.06% RANGE:0.13% UP:28.57% SPREAD:0.06622516% BID:1.51 ASK:1.511 MID:1.5105 P1:1.5105 P2:1.51149999 P3:1.5105 P4:1.5105 STATE:IN_POS
[2026-05-04 21:04:22Z] CHK MOM:0.06% RANGE:0.13% UP:25% SPREAD:0.06622516% BID:1.51 ASK:1.511 MID:1.5105 P1:1.5105 P2:1.5105 P3:1.51149999 P4:1.5105 STATE:IN_POS
[2026-05-04 21:04:22Z] CHK MOM:0% RANGE:0.06% UP:12.5% SPREAD:0.06622516% BID:1.51 ASK:1.511 MID:1.5105 P1:1.5105 P2:1.5105 P3:1.5105 P4:1.51149999 STATE:IN_POS
[2026-05-04 21:04:23Z] CHK MOM:0% RANGE:0.06% UP:12.5% SPREAD:0.06622516% BID:1.51 ASK:1.511 MID:1.5105 P1:1.5105 P2:1.5105 P3:1.5105 P4:1.5105 STATE:IN_POS
[2026-05-04 21:04:23Z] CHK MOM:0% RANGE:0.06% UP:14.28% SPREAD:0.06622516% BID:1.51 ASK:1.511 MID:1.5105 P1:1.5105 P2:1.5105 P3:1.5105 P4:1.5105 STATE:IN_POS
[2026-05-04 21:04:24Z] CHK MOM:0% RANGE:0.06% UP:12.5% SPREAD:0.06622516% BID:1.51 ASK:1.511 MID:1.5105 P1:1.5105 P2:1.5105 P3:1.5105 P4:1.5105 STATE:IN_POS
[2026-05-04 21:04:24Z] CHK MOM:0% RANGE:0.06% UP:12.5% SPREAD:0.06622516% BID:1.51 ASK:1.511 MID:1.5105 P1:1.5105 P2:1.5105 P3:1.5105 P4:1.5105 STATE:IN_POS
[2026-05-04 21:04:25Z] CHK MOM:0% RANGE:0.06% UP:11.11% SPREAD:0.06622516% BID:1.51 ASK:1.511 MID:1.5105 P1:1.5105 P2:1.5105 P3:1.5105 P4:1.5105 STATE:IN_POS
[2026-05-04 21:04:25Z] CHK MOM:0% RANGE:0.06% UP:11.11% SPREAD:0.06622516% BID:1.51 ASK:1.511 MID:1.5105 P1:1.5105 P2:1.5105 P3:1.5105 P4:1.5105 STATE:IN_POS
[2026-05-04 21:04:26Z] CHK MOM:0% RANGE:0.06% UP:11.11% SPREAD:0.06622516% BID:1.51 ASK:1.511 MID:1.5105 P1:1.5105 P2:1.5105 P3:1.5105 P4:1.5105 STATE:IN_POS
[2026-05-04 21:04:27Z] CHK MOM:-0.06% RANGE:0.06% UP:0% SPREAD:0.06622516% BID:1.51 ASK:1.511 MID:1.5105 P1:1.5105 P2:1.5105 P3:1.5105 P4:1.5105 STATE:IN_POS
[2026-05-04 21:04:27Z] CHK MOM:-0.06% RANGE:0.06% UP:0% SPREAD:0.06622516% BID:1.51 ASK:1.511 MID:1.5105 P1:1.5105 P2:1.5105 P3:1.5105 P4:1.5105 STATE:IN_POS
[2026-05-04 21:04:28Z] CHK MOM:0% RANGE:0% UP:0% SPREAD:0.06622516% BID:1.51 ASK:1.511 MID:1.5105 P1:1.5105 P2:1.5105 P3:1.5105 P4:1.5105 STATE:IN_POS
[2026-05-04 21:04:28Z] CHK MOM:0% RANGE:0% UP:0% SPREAD:0.06622516% BID:1.51 ASK:1.511 MID:1.5105 P1:1.5105 P2:1.5105 P3:1.5105 P4:1.5105 STATE:IN_POS
[2026-05-04 21:04:29Z] CHK MOM:0.03% RANGE:0.03% UP:10% SPREAD:0.13245033% BID:1.51 ASK:1.512 MID:1.511 P1:1.511 P2:1.5105 P3:1.5105 P4:1.5105 STATE:IN_POS
[2026-05-04 21:04:29Z] CHK MOM:0.03% RANGE:0.03% UP:10% SPREAD:0.13245033% BID:1.51 ASK:1.512 MID:1.511 P1:1.511 P2:1.5105 P3:1.5105 P4:1.5105 STATE:IN_POS
[2026-05-04 21:04:30Z] CHK MOM:0.03% RANGE:0.03% UP:10% SPREAD:0.13245033% BID:1.51 ASK:1.512 MID:1.511 P1:1.511 P2:1.5105 P3:1.5105 P4:1.5105 STATE:IN_POS
[2026-05-04 21:04:30Z] CHK MOM:0.03% RANGE:0.03% UP:10% SPREAD:0.13245033% BID:1.51 ASK:1.512 MID:1.511 P1:1.511 P2:1.5105 P3:1.5105 P4:1.5105 STATE:IN_POS
[2026-05-04 21:04:31Z] CHK MOM:0.03% RANGE:0.03% UP:10% SPREAD:0.13245033% BID:1.51 ASK:1.512 MID:1.511 P1:1.511 P2:1.5105 P3:1.5105 P4:1.5105 STATE:IN_POS
[2026-05-04 21:04:32Z] CHK MOM:0% RANGE:0.03% UP:14.28% SPREAD:0.06622516% BID:1.51 ASK:1.511 MID:1.5105 P1:1.5105 P2:1.511 P3:1.5105 P4:1.5105 STATE:IN_POS
[2026-05-04 21:04:32Z] CHK MOM:0% RANGE:0.03% UP:16.66% SPREAD:0.06622516% BID:1.51 ASK:1.511 MID:1.5105 P1:1.5105 P2:1.5105 P3:1.511 P4:1.5105 STATE:IN_POS
[2026-05-04 21:04:34Z] CHK MOM:0% RANGE:0.03% UP:20% SPREAD:0.06622516% BID:1.51 ASK:1.511 MID:1.5105 P1:1.5105 P2:1.5105 P3:1.5105 P4:1.511 STATE:IN_POS
[2026-05-04 21:04:34Z] CHK MOM:0.03% RANGE:0.03% UP:33.33% SPREAD:0.13245033% BID:1.51 ASK:1.512 MID:1.511 P1:1.511 P2:1.5105 P3:1.5105 P4:1.5105 STATE:IN_POS
[2026-05-04 21:04:35Z] CHK MOM:0.03% RANGE:0.03% UP:33.33% SPREAD:0.13245033% BID:1.51 ASK:1.512 MID:1.511 P1:1.511 P2:1.5105 P3:1.5105 P4:1.5105 STATE:IN_POS
[2026-05-04 21:04:35Z] CHK MOM:0.03% RANGE:0.03% UP:33.33% SPREAD:0.13245033% BID:1.51 ASK:1.512 MID:1.511 P1:1.511 P2:1.5105 P3:1.5105 P4:1.5105 STATE:IN_POS
[2026-05-04 21:04:36Z] CHK MOM:0.03% RANGE:0.03% UP:33.33% SPREAD:0.13245033% BID:1.51 ASK:1.512 MID:1.511 P1:1.511 P2:1.5105 P3:1.5105 P4:1.5105 STATE:IN_POS
[2026-05-04 21:04:36Z] CHK MOM:0.03% RANGE:0.03% UP:33.33% SPREAD:0.13245033% BID:1.51 ASK:1.512 MID:1.511 P1:1.511 P2:1.5105 P3:1.5105 P4:1.5105 STATE:IN_POS
[2026-05-04 21:04:37Z] CHK MOM:0.03% RANGE:0.03% UP:33.33% SPREAD:0.13245033% BID:1.51 ASK:1.512 MID:1.511 P1:1.511 P2:1.5105 P3:1.5105 P4:1.5105 STATE:IN_POS
[2026-05-04 21:04:38Z] CHK MOM:0% RANGE:0.03% UP:25% SPREAD:0.06622516% BID:1.51 ASK:1.511 MID:1.5105 P1:1.5105 P2:1.511 P3:1.5105 P4:1.5105 STATE:IN_POS
[2026-05-04 21:04:38Z] CHK MOM:0% RANGE:0.03% UP:20% SPREAD:0.06622516% BID:1.51 ASK:1.511 MID:1.5105 P1:1.5105 P2:1.5105 P3:1.511 P4:1.5105 STATE:IN_POS
[2026-05-04 21:04:39Z] CHK MOM:0% RANGE:0.03% UP:16.66% SPREAD:0.06622516% BID:1.51 ASK:1.511 MID:1.5105 P1:1.5105 P2:1.5105 P3:1.5105 P4:1.511 STATE:IN_POS
[2026-05-04 21:04:39Z] CHK MOM:0% RANGE:0.03% UP:16.66% SPREAD:0.06622516% BID:1.51 ASK:1.511 MID:1.5105 P1:1.5105 P2:1.5105 P3:1.5105 P4:1.5105 STATE:IN_POS
[2026-05-04 21:04:40Z] CHK MOM:0.19% RANGE:0.19% UP:28.57% SPREAD:0.06609385% BID:1.513 ASK:1.514 MID:1.5135 P1:1.5135 P2:1.5105 P3:1.5105 P4:1.5105 STATE:IN_POS
[2026-05-04 21:04:40Z] CHK MOM:0.19% RANGE:0.19% UP:28.57% SPREAD:0.06609385% BID:1.513 ASK:1.514 MID:1.5135 P1:1.5135 P2:1.5135 P3:1.5105 P4:1.5105 STATE:IN_POS
[2026-05-04 21:04:41Z] CHK MOM:0.19% RANGE:0.19% UP:25% SPREAD:0.06609385% BID:1.513 ASK:1.514 MID:1.5135 P1:1.5135 P2:1.5135 P3:1.5135 P4:1.5105 STATE:IN_POS
[2026-05-04 21:04:41Z] CHK MOM:0.19% RANGE:0.19% UP:22.22% SPREAD:0.06609385% BID:1.513 ASK:1.514 MID:1.5135 P1:1.5135 P2:1.5135 P3:1.5135 P4:1.5135 STATE:IN_POS
[2026-05-04 21:04:42Z] CHK MOM:0.16% RANGE:0.19% UP:11.11% SPREAD:0.06609385% BID:1.513 ASK:1.514 MID:1.5135 P1:1.5135 P2:1.5135 P3:1.5135 P4:1.5135 STATE:IN_POS
[2026-05-04 21:04:43Z] CHK MOM:0.16% RANGE:0.19% UP:11.11% SPREAD:0.06609385% BID:1.513 ASK:1.514 MID:1.5135 P1:1.5135 P2:1.5135 P3:1.5135 P4:1.5135 STATE:IN_POS
[2026-05-04 21:04:44Z] CHK MOM:0.19% RANGE:0.19% UP:11.11% SPREAD:0.06609385% BID:1.513 ASK:1.514 MID:1.5135 P1:1.5135 P2:1.5135 P3:1.5135 P4:1.5135 STATE:IN_POS
[2026-05-04 21:04:44Z] CHK MOM:0.19% RANGE:0.19% UP:10% SPREAD:0.06609385% BID:1.513 ASK:1.514 MID:1.5135 P1:1.5135 P2:1.5135 P3:1.5135 P4:1.5135 STATE:IN_POS
[2026-05-04 21:04:45Z] CHK MOM:0.19% RANGE:0.19% UP:10% SPREAD:0.06609385% BID:1.513 ASK:1.514 MID:1.5135 P1:1.5135 P2:1.5135 P3:1.5135 P4:1.5135 STATE:IN_POS
[2026-05-04 21:04:45Z] CHK MOM:0.19% RANGE:0.19% UP:10% SPREAD:0.06609385% BID:1.513 ASK:1.514 MID:1.5135 P1:1.5135 P2:1.5135 P3:1.5135 P4:1.5135 STATE:IN_POS
[2026-05-04 21:04:46Z] CHK MOM:0.19% RANGE:0.19% UP:9.09% SPREAD:0.06609385% BID:1.513 ASK:1.514 MID:1.5135 P1:1.5135 P2:1.5135 P3:1.5135 P4:1.5135 STATE:IN_POS
[2026-05-04 21:04:46Z] CHK MOM:0.16% RANGE:0.19% UP:10% SPREAD:0.13227513% BID:1.512 ASK:1.514 MID:1.513 P1:1.513 P2:1.5135 P3:1.5135 P4:1.5135 STATE:IN_POS
[2026-05-04 21:04:47Z] CHK MOM:0.19% RANGE:0.19% UP:20% SPREAD:0.06609385% BID:1.513 ASK:1.514 MID:1.5135 P1:1.5135 P2:1.513 P3:1.5135 P4:1.5135 STATE:IN_POS
[2026-05-04 21:04:47Z] CHK MOM:0.19% RANGE:0.19% UP:18.18% SPREAD:0.06609385% BID:1.513 ASK:1.514 MID:1.5135 P1:1.5135 P2:1.5135 P3:1.513 P4:1.5135 STATE:IN_POS
[2026-05-04 21:04:48Z] CHK MOM:0% RANGE:0.03% UP:9.09% SPREAD:0.06609385% BID:1.513 ASK:1.514 MID:1.5135 P1:1.5135 P2:1.5135 P3:1.5135 P4:1.513 STATE:IN_POS
[2026-05-04 21:04:50Z] CHK MOM:-0.06% RANGE:0.06% UP:14.28% SPREAD:0.06613756% BID:1.512 ASK:1.513 MID:1.5125 P1:1.5125 P2:1.5135 P3:1.5135 P4:1.5135 STATE:IN_POS
[2026-05-04 21:04:50Z] CHK MOM:-0.06% RANGE:0.06% UP:14.28% SPREAD:0.06613756% BID:1.512 ASK:1.513 MID:1.5125 P1:1.5125 P2:1.5135 P3:1.5135 P4:1.5135 STATE:IN_POS
[2026-05-04 21:04:51Z] CHK MOM:0% RANGE:0.06% UP:25% SPREAD:0.06609385% BID:1.513 ASK:1.514 MID:1.5135 P1:1.5135 P2:1.5125 P3:1.5135 P4:1.5135 STATE:IN_POS
[2026-05-04 21:04:51Z] CHK MOM:0% RANGE:0.06% UP:22.22% SPREAD:0.06609385% BID:1.513 ASK:1.514 MID:1.5135 P1:1.5135 P2:1.5135 P3:1.5125 P4:1.5135 STATE:IN_POS
[2026-05-04 21:04:52Z] CHK MOM:-0.06% RANGE:0.06% UP:22.22% SPREAD:0.06613756% BID:1.512 ASK:1.513 MID:1.5125 P1:1.5125 P2:1.5135 P3:1.5135 P4:1.5125 STATE:IN_POS
[2026-05-04 21:04:52Z] CHK MOM:-0.06% RANGE:0.06% UP:22.22% SPREAD:0.06613756% BID:1.512 ASK:1.513 MID:1.5125 P1:1.5125 P2:1.5125 P3:1.5135 P4:1.5135 STATE:IN_POS
[2026-05-04 21:04:53Z] CHK MOM:-0.06% RANGE:0.06% UP:20% SPREAD:0.06613756% BID:1.512 ASK:1.513 MID:1.5125 P1:1.5125 P2:1.5125 P3:1.5125 P4:1.5135 STATE:IN_POS
[2026-05-04 21:04:54Z] CHK MOM:-0.09% RANGE:0.13% UP:20% SPREAD:0.06618133% BID:1.511 ASK:1.512 MID:1.51149999 P1:1.51149999 P2:1.5125 P3:1.5125 P4:1.5125 STATE:IN_POS
[2026-05-04 21:04:55Z] SELL symbol=TONUSDC qty=6.38 exit=1.5110000000000001 pnl=0.019140000000000726 reason=PROTECT profile=major
[2026-05-04 21:05:05Z] CHK MOM:0.13% RANGE:0.13% UP:40% SPREAD:0.06613756% BID:1.512 ASK:1.513 MID:1.5125 P1:1.5125 P2:1.51149999 P3:1.51149999 P4:1.51149999 STATE:IDLE
[2026-05-04 21:05:06Z] CHK MOM:0.06% RANGE:0.13% UP:37.5% SPREAD:0.06618133% BID:1.511 ASK:1.512 MID:1.51149999 P1:1.51149999 P2:1.5125 P3:1.51149999 P4:1.51149999 STATE:IDLE
[2026-05-04 21:05:06Z] CHK MOM:0.03% RANGE:0.13% UP:40% SPREAD:0.13236267% BID:1.511 ASK:1.513 MID:1.512 P1:1.512 P2:1.51149999 P3:1.5125 P4:1.51149999 STATE:IDLE
[2026-05-04 21:05:07Z] CHK MOM:0.03% RANGE:0.13% UP:40% SPREAD:0.06613756% BID:1.512 ASK:1.513 MID:1.5125 P1:1.5125 P2:1.512 P3:1.51149999 P4:1.5125 STATE:IDLE
[2026-05-04 21:05:07Z] CHK MOM:0.13% RANGE:0.19% UP:46.66% SPREAD:0.06609385% BID:1.513 ASK:1.514 MID:1.5135 P1:1.5135 P2:1.5125 P3:1.512 P4:1.51149999 STATE:IDLE
[2026-05-04 21:05:08Z] CHK MOM:0.13% RANGE:0.19% UP:46.66% SPREAD:0.06609385% BID:1.513 ASK:1.514 MID:1.5135 P1:1.5135 P2:1.5125 P3:1.512 P4:1.51149999 STATE:IDLE
[2026-05-04 21:05:08Z] CHK MOM:0.06% RANGE:0.19% UP:42.85% SPREAD:0.06613756% BID:1.512 ASK:1.513 MID:1.5125 P1:1.5125 P2:1.5135 P3:1.5125 P4:1.512 STATE:IDLE
[2026-05-04 21:05:09Z] CHK MOM:0.06% RANGE:0.19% UP:42.85% SPREAD:0.06613756% BID:1.512 ASK:1.513 MID:1.5125 P1:1.5125 P2:1.5135 P3:1.5125 P4:1.512 STATE:IDLE
[2026-05-04 21:05:09Z] CHK MOM:0% RANGE:0.13% UP:41.66% SPREAD:0.06613756% BID:1.512 ASK:1.513 MID:1.5125 P1:1.5125 P2:1.5125 P3:1.5135 P4:1.5125 STATE:IDLE
[2026-05-04 21:05:10Z] CHK MOM:0% RANGE:0.13% UP:41.66% SPREAD:0.06613756% BID:1.512 ASK:1.513 MID:1.5125 P1:1.5125 P2:1.5125 P3:1.5135 P4:1.5125 STATE:IDLE
[2026-05-04 21:05:11Z] CHK MOM:0.06% RANGE:0.13% UP:41.66% SPREAD:0.06613756% BID:1.512 ASK:1.513 MID:1.5125 P1:1.5125 P2:1.5125 P3:1.5125 P4:1.5135 STATE:IDLE
[2026-05-04 21:05:11Z] CHK MOM:0% RANGE:0.13% UP:36.36% SPREAD:0.06618133% BID:1.511 ASK:1.512 MID:1.51149999 P1:1.51149999 P2:1.5125 P3:1.5125 P4:1.5125 STATE:IDLE
[2026-05-04 21:05:12Z] CHK MOM:0.06% RANGE:0.13% UP:50% SPREAD:0.06613756% BID:1.512 ASK:1.513 MID:1.5125 P1:1.5125 P2:1.51149999 P3:1.5125 P4:1.5125 STATE:IDLE
[2026-05-04 21:05:12Z] CHK MOM:0.06% RANGE:0.13% UP:50% SPREAD:0.06613756% BID:1.512 ASK:1.513 MID:1.5125 P1:1.5125 P2:1.51149999 P3:1.5125 P4:1.5125 STATE:IDLE
[2026-05-04 21:05:13Z] CHK MOM:0% RANGE:0.13% UP:40% SPREAD:0.06613756% BID:1.512 ASK:1.513 MID:1.5125 P1:1.5125 P2:1.5125 P3:1.51149999 P4:1.5125 STATE:IDLE
[2026-05-04 21:05:13Z] CHK MOM:-0.03% RANGE:0.13% UP:33.33% SPREAD:0.06618133% BID:1.511 ASK:1.512 MID:1.51149999 P1:1.51149999 P2:1.5125 P3:1.5125 P4:1.51149999 STATE:IDLE
[2026-05-04 21:05:14Z] CHK MOM:0.03% RANGE:0.13% UP:40% SPREAD:0.06613756% BID:1.512 ASK:1.513 MID:1.5125 P1:1.5125 P2:1.51149999 P3:1.5125 P4:1.5125 STATE:IDLE
[2026-05-04 21:05:14Z] CHK MOM:0.03% RANGE:0.13% UP:40% SPREAD:0.06613756% BID:1.512 ASK:1.513 MID:1.5125 P1:1.5125 P2:1.51149999 P3:1.5125 P4:1.5125 STATE:IDLE
[2026-05-04 21:05:15Z] CHK MOM:-0.09% RANGE:0.13% UP:22.22% SPREAD:0.13236267% BID:1.511 ASK:1.513 MID:1.512 P1:1.512 P2:1.5125 P3:1.51149999 P4:1.5125 STATE:IDLE
[2026-05-04 21:05:15Z] CHK MOM:-0.09% RANGE:0.13% UP:22.22% SPREAD:0.13236267% BID:1.511 ASK:1.513 MID:1.512 P1:1.512 P2:1.5125 P3:1.51149999 P4:1.5125 STATE:IDLE
[2026-05-04 21:05:16Z] CHK MOM:0% RANGE:0.06% UP:33.33% SPREAD:0.06613756% BID:1.512 ASK:1.513 MID:1.5125 P1:1.5125 P2:1.512 P3:1.5125 P4:1.51149999 STATE:IDLE
[2026-05-04 21:05:17Z] CHK MOM:0% RANGE:0.06% UP:30% SPREAD:0.06613756% BID:1.512 ASK:1.513 MID:1.5125 P1:1.5125 P2:1.5125 P3:1.512 P4:1.5125 STATE:IDLE
[2026-05-04 21:05:17Z] CHK MOM:0% RANGE:0.06% UP:33.33% SPREAD:0.06613756% BID:1.512 ASK:1.513 MID:1.5125 P1:1.5125 P2:1.5125 P3:1.5125 P4:1.512 STATE:IDLE
[2026-05-04 21:05:18Z] CHK MOM:0.06% RANGE:0.13% UP:40% SPREAD:0.06609385% BID:1.513 ASK:1.514 MID:1.5135 P1:1.5135 P2:1.5125 P3:1.5125 P4:1.5125 STATE:IDLE
[2026-05-04 21:05:18Z] CHK MOM:0.06% RANGE:0.13% UP:36.36% SPREAD:0.06609385% BID:1.513 ASK:1.514 MID:1.5135 P1:1.5135 P2:1.5135 P3:1.5125 P4:1.5125 STATE:IDLE
[2026-05-04 21:05:19Z] CHK MOM:0.06% RANGE:0.13% UP:36.36% SPREAD:0.06609385% BID:1.513 ASK:1.514 MID:1.5135 P1:1.5135 P2:1.5135 P3:1.5125 P4:1.5125 STATE:IDLE
[2026-05-04 21:05:19Z] CHK MOM:0.06% RANGE:0.13% UP:30% SPREAD:0.06609385% BID:1.513 ASK:1.514 MID:1.5135 P1:1.5135 P2:1.5135 P3:1.5135 P4:1.5125 STATE:IDLE
[2026-05-04 21:05:20Z] CHK MOM:0.06% RANGE:0.13% UP:27.27% SPREAD:0.06609385% BID:1.513 ASK:1.514 MID:1.5135 P1:1.5135 P2:1.5135 P3:1.5135 P4:1.5135 STATE:IDLE
[2026-05-04 21:05:20Z] CHK MOM:0.06% RANGE:0.13% UP:27.27% SPREAD:0.06609385% BID:1.513 ASK:1.514 MID:1.5135 P1:1.5135 P2:1.5135 P3:1.5135 P4:1.5135 STATE:IDLE
[2026-05-04 21:05:21Z] CHK MOM:0.03% RANGE:0.13% UP:25% SPREAD:0.13227513% BID:1.512 ASK:1.514 MID:1.513 P1:1.513 P2:1.5135 P3:1.5135 P4:1.5135 STATE:IDLE
[2026-05-04 21:05:22Z] CHK MOM:0.03% RANGE:0.13% UP:25% SPREAD:0.13227513% BID:1.512 ASK:1.514 MID:1.513 P1:1.513 P2:1.5135 P3:1.5135 P4:1.5135 STATE:IDLE
[2026-05-04 21:05:22Z] CHK MOM:0.09% RANGE:0.09% UP:30% SPREAD:0.06609385% BID:1.513 ASK:1.514 MID:1.5135 P1:1.5135 P2:1.513 P3:1.5135 P4:1.5135 STATE:IDLE
[2026-05-04 21:05:23Z] CHK MOM:0% RANGE:0.06% UP:20% SPREAD:0.06613756% BID:1.512 ASK:1.513 MID:1.5125 P1:1.5125 P2:1.5135 P3:1.513 P4:1.5135 STATE:IDLE
[2026-05-04 21:05:23Z] CHK MOM:0% RANGE:0.06% UP:18.18% SPREAD:0.06613756% BID:1.512 ASK:1.513 MID:1.5125 P1:1.5125 P2:1.5125 P3:1.5135 P4:1.513 STATE:IDLE
[2026-05-04 21:05:24Z] CHK MOM:0.03% RANGE:0.06% UP:27.27% SPREAD:0.13227513% BID:1.512 ASK:1.514 MID:1.513 P1:1.513 P2:1.5125 P3:1.5125 P4:1.5135 STATE:IDLE
[2026-05-04 21:05:24Z] CHK MOM:0.03% RANGE:0.06% UP:27.27% SPREAD:0.13227513% BID:1.512 ASK:1.514 MID:1.513 P1:1.513 P2:1.513 P3:1.5125 P4:1.5125 STATE:IDLE
[2026-05-04 21:05:25Z] CHK MOM:0.03% RANGE:0.06% UP:27.27% SPREAD:0.13227513% BID:1.512 ASK:1.514 MID:1.513 P1:1.513 P2:1.513 P3:1.5125 P4:1.5125 STATE:IDLE
[2026-05-04 21:05:25Z] CHK MOM:-0.06% RANGE:0.06% UP:18.18% SPREAD:0.06613756% BID:1.512 ASK:1.513 MID:1.5125 P1:1.5125 P2:1.513 P3:1.513 P4:1.5125 STATE:IDLE
[2026-05-04 21:05:26Z] CHK MOM:-0.06% RANGE:0.06% UP:16.66% SPREAD:0.06613756% BID:1.512 ASK:1.513 MID:1.5125 P1:1.5125 P2:1.5125 P3:1.513 P4:1.513 STATE:IDLE
[2026-05-04 21:05:26Z] CHK MOM:-0.06% RANGE:0.06% UP:18.18% SPREAD:0.06613756% BID:1.512 ASK:1.513 MID:1.5125 P1:1.5125 P2:1.5125 P3:1.5125 P4:1.513 STATE:IDLE
[2026-05-04 21:05:27Z] CHK MOM:-0.13% RANGE:0.13% UP:16.66% SPREAD:0.06618133% BID:1.511 ASK:1.512 MID:1.51149999 P1:1.51149999 P2:1.5125 P3:1.5125 P4:1.5125 STATE:IDLE
[2026-05-04 21:05:28Z] CHK MOM:-0.13% RANGE:0.13% UP:16.66% SPREAD:0.06618133% BID:1.511 ASK:1.512 MID:1.51149999 P1:1.51149999 P2:1.51149999 P3:1.5125 P4:1.5125 STATE:IDLE
[2026-05-04 21:05:28Z] CHK MOM:-0.13% RANGE:0.13% UP:16.66% SPREAD:0.06618133% BID:1.511 ASK:1.512 MID:1.51149999 P1:1.51149999 P2:1.51149999 P3:1.51149999 P4:1.5125 STATE:IDLE
[2026-05-04 21:05:29Z] CHK MOM:-0.13% RANGE:0.13% UP:15.38% SPREAD:0.06618133% BID:1.511 ASK:1.512 MID:1.51149999 P1:1.51149999 P2:1.51149999 P3:1.51149999 P4:1.51149999 STATE:IDLE
[2026-05-04 21:05:29Z] CHK MOM:-0.13% RANGE:0.13% UP:8.33% SPREAD:0.06618133% BID:1.511 ASK:1.512 MID:1.51149999 P1:1.51149999 P2:1.51149999 P3:1.51149999 P4:1.51149999 STATE:IDLE
[2026-05-04 21:05:30Z] CHK MOM:-0.13% RANGE:0.13% UP:7.69% SPREAD:0.06618133% BID:1.511 ASK:1.512 MID:1.51149999 P1:1.51149999 P2:1.51149999 P3:1.51149999 P4:1.51149999 STATE:IDLE
[2026-05-04 21:05:30Z] CHK MOM:-0.13% RANGE:0.13% UP:7.69% SPREAD:0.06618133% BID:1.511 ASK:1.512 MID:1.51149999 P1:1.51149999 P2:1.51149999 P3:1.51149999 P4:1.51149999 STATE:IDLE
[2026-05-04 21:05:31Z] CHK MOM:-0.13% RANGE:0.16% UP:8.33% SPREAD:0.06622516% BID:1.51 ASK:1.511 MID:1.5105 P1:1.5105 P2:1.51149999 P3:1.51149999 P4:1.51149999 STATE:IDLE
[2026-05-04 21:05:31Z] CHK MOM:-0.13% RANGE:0.16% UP:8.33% SPREAD:0.06622516% BID:1.51 ASK:1.511 MID:1.5105 P1:1.5105 P2:1.51149999 P3:1.51149999 P4:1.51149999 STATE:IDLE
[2026-05-04 21:05:32Z] CHK MOM:-0.23% RANGE:0.23% UP:0% SPREAD:0.06626905% BID:1.509 ASK:1.51 MID:1.5095 P1:1.5095 P2:1.5105 P3:1.51149999 P4:1.51149999 STATE:IDLE
[2026-05-04 21:05:33Z] CHK MOM:-0.19% RANGE:0.19% UP:0% SPREAD:0.06626905% BID:1.509 ASK:1.51 MID:1.5095 P1:1.5095 P2:1.5095 P3:1.5105 P4:1.51149999 STATE:IDLE
[2026-05-04 21:05:33Z] CHK MOM:-0.19% RANGE:0.19% UP:0% SPREAD:0.06626905% BID:1.509 ASK:1.51 MID:1.5095 P1:1.5095 P2:1.5095 P3:1.5095 P4:1.5105 STATE:IDLE
[2026-05-04 21:05:34Z] CHK MOM:-0.19% RANGE:0.19% UP:0% SPREAD:0.06626905% BID:1.509 ASK:1.51 MID:1.5095 P1:1.5095 P2:1.5095 P3:1.5095 P4:1.5105 STATE:IDLE
[2026-05-04 21:05:34Z] CHK MOM:-0.19% RANGE:0.19% UP:0% SPREAD:0.06626905% BID:1.509 ASK:1.51 MID:1.5095 P1:1.5095 P2:1.5095 P3:1.5095 P4:1.5095 STATE:IDLE
[2026-05-04 21:05:35Z] CHK MOM:-0.09% RANGE:0.13% UP:9.09% SPREAD:0.1325381% BID:1.509 ASK:1.511 MID:1.50999999 P1:1.50999999 P2:1.5095 P3:1.5095 P4:1.5095 STATE:IDLE
[2026-05-04 21:05:35Z] CHK MOM:-0.13% RANGE:0.13% UP:9.09% SPREAD:0.06626905% BID:1.509 ASK:1.51 MID:1.5095 P1:1.5095 P2:1.50999999 P3:1.5095 P4:1.5095 STATE:IDLE
[2026-05-04 21:05:36Z] CHK MOM:-0.13% RANGE:0.13% UP:9.09% SPREAD:0.06626905% BID:1.509 ASK:1.51 MID:1.5095 P1:1.5095 P2:1.5095 P3:1.50999999 P4:1.5095 STATE:IDLE
[2026-05-04 21:05:36Z] CHK MOM:-0.13% RANGE:0.13% UP:9.09% SPREAD:0.06626905% BID:1.509 ASK:1.51 MID:1.5095 P1:1.5095 P2:1.5095 P3:1.5095 P4:1.50999999 STATE:IDLE
[2026-05-04 21:05:37Z] CHK MOM:-0.13% RANGE:0.13% UP:9.09% SPREAD:0.06626905% BID:1.509 ASK:1.51 MID:1.5095 P1:1.5095 P2:1.5095 P3:1.5095 P4:1.5095 STATE:IDLE
[2026-05-04 21:05:37Z] CHK MOM:-0.13% RANGE:0.13% UP:9.09% SPREAD:0.06626905% BID:1.509 ASK:1.51 MID:1.5095 P1:1.5095 P2:1.5095 P3:1.5095 P4:1.5095 STATE:IDLE
[2026-05-04 21:05:38Z] CHK MOM:-0.06% RANGE:0.06% UP:9.09% SPREAD:0.06626905% BID:1.509 ASK:1.51 MID:1.5095 P1:1.5095 P2:1.5095 P3:1.5095 P4:1.5095 STATE:IDLE
[2026-05-04 21:05:39Z] CHK MOM:-0.06% RANGE:0.06% UP:8.33% SPREAD:0.06626905% BID:1.509 ASK:1.51 MID:1.5095 P1:1.5095 P2:1.5095 P3:1.5095 P4:1.5095 STATE:IDLE
[2026-05-04 21:05:39Z] CHK MOM:-0.06% RANGE:0.06% UP:8.33% SPREAD:0.06626905% BID:1.509 ASK:1.51 MID:1.5095 P1:1.5095 P2:1.5095 P3:1.5095 P4:1.5095 STATE:IDLE
[2026-05-04 21:05:40Z] CHK MOM:0% RANGE:0.03% UP:8.33% SPREAD:0.06626905% BID:1.509 ASK:1.51 MID:1.5095 P1:1.5095 P2:1.5095 P3:1.5095 P4:1.5095 STATE:IDLE
[2026-05-04 21:05:40Z] CHK MOM:-0.03% RANGE:0.06% UP:8.33% SPREAD:0.13262599% BID:1.508 ASK:1.51 MID:1.509 P1:1.509 P2:1.5095 P3:1.5095 P4:1.5095 STATE:IDLE
[2026-05-04 21:05:41Z] CHK MOM:0% RANGE:0.06% UP:16.66% SPREAD:0.06626905% BID:1.509 ASK:1.51 MID:1.5095 P1:1.5095 P2:1.509 P3:1.5095 P4:1.5095 STATE:IDLE
[2026-05-04 21:05:41Z] CHK MOM:0% RANGE:0.06% UP:16.66% SPREAD:0.06626905% BID:1.509 ASK:1.51 MID:1.5095 P1:1.5095 P2:1.5095 P3:1.509 P4:1.5095 STATE:IDLE
[2026-05-04 21:05:42Z] CHK MOM:0% RANGE:0.06% UP:15.38% SPREAD:0.06626905% BID:1.509 ASK:1.51 MID:1.5095 P1:1.5095 P2:1.5095 P3:1.5095 P4:1.509 STATE:IDLE
[2026-05-04 21:05:42Z] CHK MOM:-0.03% RANGE:0.06% UP:7.69% SPREAD:0.06626905% BID:1.509 ASK:1.51 MID:1.5095 P1:1.5095 P2:1.5095 P3:1.5095 P4:1.5095 STATE:IDLE
[2026-05-04 21:05:43Z] CHK MOM:-0.03% RANGE:0.06% UP:7.14% SPREAD:0.06626905% BID:1.509 ASK:1.51 MID:1.5095 P1:1.5095 P2:1.5095 P3:1.5095 P4:1.5095 STATE:IDLE
[2026-05-04 21:05:44Z] CHK MOM:0% RANGE:0.03% UP:7.69% SPREAD:0.06626905% BID:1.509 ASK:1.51 MID:1.5095 P1:1.5095 P2:1.5095 P3:1.5095 P4:1.5095 STATE:IDLE
[2026-05-04 21:05:44Z] CHK MOM:0% RANGE:0.03% UP:7.14% SPREAD:0.06626905% BID:1.509 ASK:1.51 MID:1.5095 P1:1.5095 P2:1.5095 P3:1.5095 P4:1.5095 STATE:IDLE
[2026-05-04 21:05:45Z] CHK MOM:0.03% RANGE:0.06% UP:16.66% SPREAD:0.1325381% BID:1.509 ASK:1.511 MID:1.50999999 P1:1.50999999 P2:1.5095 P3:1.5095 P4:1.5095 STATE:IDLE
[2026-05-04 21:05:45Z] CHK MOM:0% RANGE:0.06% UP:15.38% SPREAD:0.06626905% BID:1.509 ASK:1.51 MID:1.5095 P1:1.5095 P2:1.50999999 P3:1.5095 P4:1.5095 STATE:IDLE
[2026-05-04 21:05:46Z] CHK MOM:0% RANGE:0.06% UP:15.38% SPREAD:0.06626905% BID:1.509 ASK:1.51 MID:1.5095 P1:1.5095 P2:1.50999999 P3:1.5095 P4:1.5095 STATE:IDLE
[2026-05-04 21:05:46Z] CHK MOM:0% RANGE:0.06% UP:15.38% SPREAD:0.06626905% BID:1.509 ASK:1.51 MID:1.5095 P1:1.5095 P2:1.50999999 P3:1.5095 P4:1.5095 STATE:IDLE
[2026-05-04 21:05:47Z] CHK MOM:0.03% RANGE:0.06% UP:27.27% SPREAD:0.1325381% BID:1.509 ASK:1.511 MID:1.50999999 P1:1.50999999 P2:1.5095 P3:1.50999999 P4:1.5095 STATE:IDLE
[2026-05-04 21:05:47Z] CHK MOM:0% RANGE:0.06% UP:25% SPREAD:0.06626905% BID:1.509 ASK:1.51 MID:1.5095 P1:1.5095 P2:1.50999999 P3:1.5095 P4:1.50999999 STATE:IDLE
[2026-05-04 21:05:48Z] CHK MOM:0% RANGE:0.06% UP:25% SPREAD:0.06626905% BID:1.509 ASK:1.51 MID:1.5095 P1:1.5095 P2:1.50999999 P3:1.5095 P4:1.50999999 STATE:IDLE
[2026-05-04 21:05:48Z] CHK MOM:-0.06% RANGE:0.09% UP:18.18% SPREAD:0.06631299% BID:1.508 ASK:1.509 MID:1.5085 P1:1.5085 P2:1.5095 P3:1.50999999 P4:1.5095 STATE:IDLE
[2026-05-04 21:05:49Z] CHK MOM:-0.06% RANGE:0.09% UP:16.66% SPREAD:0.06631299% BID:1.508 ASK:1.509 MID:1.5085 P1:1.5085 P2:1.5085 P3:1.5095 P4:1.50999999 STATE:IDLE
[2026-05-04 21:05:50Z] CHK MOM:0% RANGE:0.09% UP:30% SPREAD:0.06626905% BID:1.509 ASK:1.51 MID:1.5095 P1:1.5095 P2:1.5085 P3:1.5085 P4:1.5095 STATE:IDLE
[2026-05-04 21:05:50Z] CHK MOM:0% RANGE:0.09% UP:30% SPREAD:0.06626905% BID:1.509 ASK:1.51 MID:1.5095 P1:1.5095 P2:1.5085 P3:1.5085 P4:1.5095 STATE:IDLE
[2026-05-04 21:05:51Z] CHK MOM:0% RANGE:0.09% UP:33.33% SPREAD:0.06626905% BID:1.509 ASK:1.51 MID:1.5095 P1:1.5095 P2:1.5095 P3:1.5085 P4:1.5085 STATE:IDLE
[2026-05-04 21:05:51Z] CHK MOM:0% RANGE:0.09% UP:33.33% SPREAD:0.06626905% BID:1.509 ASK:1.51 MID:1.5095 P1:1.5095 P2:1.5095 P3:1.5085 P4:1.5085 STATE:IDLE
[2026-05-04 21:05:52Z] CHK MOM:0% RANGE:0.09% UP:33.33% SPREAD:0.06626905% BID:1.509 ASK:1.51 MID:1.5095 P1:1.5095 P2:1.5095 P3:1.5095 P4:1.5085 STATE:IDLE
[2026-05-04 21:05:52Z] CHK MOM:0% RANGE:0.09% UP:33.33% SPREAD:0.06626905% BID:1.509 ASK:1.51 MID:1.5095 P1:1.5095 P2:1.5095 P3:1.5095 P4:1.5085 STATE:IDLE
[2026-05-04 21:05:53Z] CHK MOM:0% RANGE:0.09% UP:33.33% SPREAD:0.06626905% BID:1.509 ASK:1.51 MID:1.5095 P1:1.5095 P2:1.5095 P3:1.5095 P4:1.5085 STATE:IDLE
[2026-05-04 21:05:53Z] CHK MOM:0% RANGE:0.09% UP:33.33% SPREAD:0.06626905% BID:1.509 ASK:1.51 MID:1.5095 P1:1.5095 P2:1.5095 P3:1.5095 P4:1.5085 STATE:IDLE
[2026-05-04 21:05:54Z] CHK MOM:-0.03% RANGE:0.09% UP:14.28% SPREAD:0.06626905% BID:1.509 ASK:1.51 MID:1.5095 P1:1.5095 P2:1.5095 P3:1.5095 P4:1.5095 STATE:IDLE
[2026-05-04 21:05:55Z] CHK MOM:-0.03% RANGE:0.09% UP:12.5% SPREAD:0.06626905% BID:1.509 ASK:1.51 MID:1.5095 P1:1.5095 P2:1.5095 P3:1.5095 P4:1.5095 STATE:IDLE
[2026-05-04 21:05:55Z] CHK MOM:0.06% RANGE:0.06% UP:14.28% SPREAD:0.06626905% BID:1.509 ASK:1.51 MID:1.5095 P1:1.5095 P2:1.5095 P3:1.5095 P4:1.5095 STATE:IDLE
[2026-05-04 21:05:56Z] CHK MOM:0.06% RANGE:0.06% UP:12.5% SPREAD:0.06626905% BID:1.509 ASK:1.51 MID:1.5095 P1:1.5095 P2:1.5095 P3:1.5095 P4:1.5095 STATE:IDLE
[2026-05-04 21:05:56Z] CHK MOM:0.06% RANGE:0.06% UP:12.5% SPREAD:0.06626905% BID:1.509 ASK:1.51 MID:1.5095 P1:1.5095 P2:1.5095 P3:1.5095 P4:1.5095 STATE:IDLE
[2026-05-04 21:05:57Z] CHK MOM:0% RANGE:0% UP:0% SPREAD:0.06626905% BID:1.509 ASK:1.51 MID:1.5095 P1:1.5095 P2:1.5095 P3:1.5095 P4:1.5095 STATE:IDLE
[2026-05-04 21:05:57Z] CHK MOM:0% RANGE:0% UP:0% SPREAD:0.06626905% BID:1.509 ASK:1.51 MID:1.5095 P1:1.5095 P2:1.5095 P3:1.5095 P4:1.5095 STATE:IDLE
[2026-05-04 21:05:58Z] CHK MOM:0% RANGE:0% UP:0% SPREAD:0.06626905% BID:1.509 ASK:1.51 MID:1.5095 P1:1.5095 P2:1.5095 P3:1.5095 P4:1.5095 STATE:IDLE
[2026-05-04 21:05:58Z] CHK MOM:0% RANGE:0% UP:0% SPREAD:0.06626905% BID:1.509 ASK:1.51 MID:1.5095 P1:1.5095 P2:1.5095 P3:1.5095 P4:1.5095 STATE:IDLE
[2026-05-04 21:05:59Z] CHK MOM:0% RANGE:0% UP:0% SPREAD:0.06626905% BID:1.509 ASK:1.51 MID:1.5095 P1:1.5095 P2:1.5095 P3:1.5095 P4:1.5095 STATE:IDLE
[2026-05-04 21:06:00Z] CHK MOM:0.06% RANGE:0.06% UP:12.5% SPREAD:0.06622516% BID:1.51 ASK:1.511 MID:1.5105 P1:1.5105 P2:1.5095 P3:1.5095 P4:1.5095 STATE:IDLE
[2026-05-04 21:06:01Z] CHK MOM:0% RANGE:0.06% UP:12.5% SPREAD:0.06626905% BID:1.509 ASK:1.51 MID:1.5095 P1:1.5095 P2:1.5105 P3:1.5095 P4:1.5095 STATE:IDLE
[2026-05-04 21:06:01Z] CHK MOM:-0.06% RANGE:0.13% UP:11.11% SPREAD:0.06631299% BID:1.508 ASK:1.509 MID:1.5085 P1:1.5085 P2:1.5095 P3:1.5105 P4:1.5095 STATE:IDLE
[2026-05-04 21:06:02Z] CHK MOM:-0.06% RANGE:0.13% UP:11.11% SPREAD:0.06631299% BID:1.508 ASK:1.509 MID:1.5085 P1:1.5085 P2:1.5085 P3:1.5095 P4:1.5105 STATE:IDLE
[2026-05-04 21:06:02Z] CHK MOM:-0.06% RANGE:0.13% UP:10% SPREAD:0.06631299% BID:1.508 ASK:1.509 MID:1.5085 P1:1.5085 P2:1.5085 P3:1.5085 P4:1.5095 STATE:IDLE
[2026-05-04 21:06:03Z] CHK MOM:-0.06% RANGE:0.13% UP:10% SPREAD:0.06631299% BID:1.508 ASK:1.509 MID:1.5085 P1:1.5085 P2:1.5085 P3:1.5085 P4:1.5085 STATE:IDLE
[2026-05-04 21:06:03Z] CHK MOM:0% RANGE:0.13% UP:18.18% SPREAD:0.06626905% BID:1.509 ASK:1.51 MID:1.5095 P1:1.5095 P2:1.5085 P3:1.5085 P4:1.5085 STATE:IDLE
[2026-05-04 21:06:04Z] CHK MOM:-0.06% RANGE:0.13% UP:18.18% SPREAD:0.06631299% BID:1.508 ASK:1.509 MID:1.5085 P1:1.5085 P2:1.5095 P3:1.5085 P4:1.5085 STATE:IDLE
[2026-05-04 21:06:04Z] CHK MOM:-0.03% RANGE:0.13% UP:27.27% SPREAD:0.13262599% BID:1.508 ASK:1.51 MID:1.509 P1:1.509 P2:1.5085 P3:1.5095 P4:1.5085 STATE:IDLE
[2026-05-04 21:06:05Z] CHK MOM:0% RANGE:0.13% UP:36.36% SPREAD:0.06626905% BID:1.509 ASK:1.51 MID:1.5095 P1:1.5095 P2:1.509 P3:1.5085 P4:1.5095 STATE:IDLE
[2026-05-04 21:06:06Z] CHK MOM:0.06% RANGE:0.13% UP:45.45% SPREAD:0.06622516% BID:1.51 ASK:1.511 MID:1.5105 P1:1.5105 P2:1.5095 P3:1.509 P4:1.5085 STATE:IDLE
[2026-05-04 21:06:06Z] CHK MOM:0.03% RANGE:0.13% UP:41.66% SPREAD:0.1325381% BID:1.509 ASK:1.511 MID:1.50999999 P1:1.50999999 P2:1.5105 P3:1.5095 P4:1.509 STATE:IDLE
[2026-05-04 21:06:07Z] CHK MOM:-0.03% RANGE:0.13% UP:33.33% SPREAD:0.1325381% BID:1.509 ASK:1.511 MID:1.50999999 P1:1.50999999 P2:1.50999999 P3:1.5105 P4:1.5095 STATE:IDLE
[2026-05-04 21:06:07Z] CHK MOM:-0.03% RANGE:0.13% UP:33.33% SPREAD:0.1325381% BID:1.509 ASK:1.511 MID:1.50999999 P1:1.50999999 P2:1.50999999 P3:1.5105 P4:1.5095 STATE:IDLE
[2026-05-04 21:06:08Z] CHK MOM:0% RANGE:0.13% UP:33.33% SPREAD:0.06626905% BID:1.509 ASK:1.51 MID:1.5095 P1:1.5095 P2:1.50999999 P3:1.50999999 P4:1.5105 STATE:IDLE
[2026-05-04 21:06:08Z] CHK MOM:0% RANGE:0.13% UP:33.33% SPREAD:0.06626905% BID:1.509 ASK:1.51 MID:1.5095 P1:1.5095 P2:1.50999999 P3:1.50999999 P4:1.5105 STATE:IDLE
[2026-05-04 21:06:09Z] CHK MOM:0% RANGE:0.13% UP:30.76% SPREAD:0.06626905% BID:1.509 ASK:1.51 MID:1.5095 P1:1.5095 P2:1.5095 P3:1.50999999 P4:1.50999999 STATE:IDLE
[2026-05-04 21:06:09Z] CHK MOM:0% RANGE:0.13% UP:30.76% SPREAD:0.06626905% BID:1.509 ASK:1.51 MID:1.5095 P1:1.5095 P2:1.5095 P3:1.50999999 P4:1.50999999 STATE:IDLE
[2026-05-04 21:06:10Z] CHK MOM:0.06% RANGE:0.13% UP:33.33% SPREAD:0.06626905% BID:1.509 ASK:1.51 MID:1.5095 P1:1.5095 P2:1.5095 P3:1.5095 P4:1.50999999 STATE:IDLE
[2026-05-04 21:06:11Z] CHK MOM:0.06% RANGE:0.13% UP:33.33% SPREAD:0.06626905% BID:1.509 ASK:1.51 MID:1.5095 P1:1.5095 P2:1.5095 P3:1.5095 P4:1.5095 STATE:IDLE
[2026-05-04 21:06:11Z] CHK MOM:0.06% RANGE:0.13% UP:33.33% SPREAD:0.06626905% BID:1.509 ASK:1.51 MID:1.5095 P1:1.5095 P2:1.5095 P3:1.5095 P4:1.5095 STATE:IDLE
[2026-05-04 21:06:12Z] CHK MOM:0.06% RANGE:0.13% UP:33.33% SPREAD:0.06626905% BID:1.509 ASK:1.51 MID:1.5095 P1:1.5095 P2:1.5095 P3:1.5095 P4:1.5095 STATE:IDLE
[2026-05-04 21:06:12Z] CHK MOM:0.03% RANGE:0.09% UP:22.22% SPREAD:0.06626905% BID:1.509 ASK:1.51 MID:1.5095 P1:1.5095 P2:1.5095 P3:1.5095 P4:1.5095 STATE:IDLE
[2026-05-04 21:06:13Z] CHK MOM:0% RANGE:0.06% UP:11.11% SPREAD:0.06626905% BID:1.509 ASK:1.51 MID:1.5095 P1:1.5095 P2:1.5095 P3:1.5095 P4:1.5095 STATE:IDLE
[2026-05-04 21:06:13Z] CHK MOM:-0.06% RANGE:0.06% UP:0% SPREAD:0.06626905% BID:1.509 ASK:1.51 MID:1.5095 P1:1.5095 P2:1.5095 P3:1.5095 P4:1.5095 STATE:IDLE
[2026-05-04 21:06:14Z] CHK MOM:-0.06% RANGE:0.06% UP:0% SPREAD:0.06626905% BID:1.509 ASK:1.51 MID:1.5095 P1:1.5095 P2:1.5095 P3:1.5095 P4:1.5095 STATE:IDLE
[2026-05-04 21:06:14Z] CHK MOM:-0.06% RANGE:0.06% UP:0% SPREAD:0.06626905% BID:1.509 ASK:1.51 MID:1.5095 P1:1.5095 P2:1.5095 P3:1.5095 P4:1.5095 STATE:IDLE
[2026-05-04 21:06:15Z] CHK MOM:-0.03% RANGE:0.03% UP:0% SPREAD:0.06626905% BID:1.509 ASK:1.51 MID:1.5095 P1:1.5095 P2:1.5095 P3:1.5095 P4:1.5095 STATE:IDLE
[2026-05-04 21:06:15Z] CHK MOM:0% RANGE:0% UP:0% SPREAD:0.06626905% BID:1.509 ASK:1.51 MID:1.5095 P1:1.5095 P2:1.5095 P3:1.5095 P4:1.5095 STATE:IDLE
[2026-05-04 21:06:16Z] CHK MOM:0% RANGE:0% UP:0% SPREAD:0.06626905% BID:1.509 ASK:1.51 MID:1.5095 P1:1.5095 P2:1.5095 P3:1.5095 P4:1.5095 STATE:IDLE
[2026-05-04 21:06:17Z] CHK MOM:0% RANGE:0% UP:0% SPREAD:0.06626905% BID:1.509 ASK:1.51 MID:1.5095 P1:1.5095 P2:1.5095 P3:1.5095 P4:1.5095 STATE:IDLE
[2026-05-04 21:06:17Z] CHK MOM:0% RANGE:0% UP:0% SPREAD:0.06626905% BID:1.509 ASK:1.51 MID:1.5095 P1:1.5095 P2:1.5095 P3:1.5095 P4:1.5095 STATE:IDLE
[2026-05-04 21:06:18Z] CHK MOM:0% RANGE:0% UP:0% SPREAD:0.06626905% BID:1.509 ASK:1.51 MID:1.5095 P1:1.5095 P2:1.5095 P3:1.5095 P4:1.5095 STATE:IDLE
[2026-05-04 21:06:18Z] CHK MOM:0% RANGE:0% UP:0% SPREAD:0.06626905% BID:1.509 ASK:1.51 MID:1.5095 P1:1.5095 P2:1.5095 P3:1.5095 P4:1.5095 STATE:IDLE
[2026-05-04 21:06:19Z] CHK MOM:0% RANGE:0% UP:0% SPREAD:0.06626905% BID:1.509 ASK:1.51 MID:1.5095 P1:1.5095 P2:1.5095 P3:1.5095 P4:1.5095 STATE:IDLE
[2026-05-04 21:06:19Z] CHK MOM:-0.06% RANGE:0.06% UP:0% SPREAD:0.06631299% BID:1.508 ASK:1.509 MID:1.5085 P1:1.5085 P2:1.5095 P3:1.5095 P4:1.5095 STATE:IDLE
[2026-05-04 21:06:20Z] CHK MOM:-0.06% RANGE:0.06% UP:0% SPREAD:0.06631299% BID:1.508 ASK:1.509 MID:1.5085 P1:1.5085 P2:1.5095 P3:1.5095 P4:1.5095 STATE:IDLE
[2026-05-04 21:06:20Z] CHK MOM:-0.06% RANGE:0.06% UP:0% SPREAD:0.06631299% BID:1.508 ASK:1.509 MID:1.5085 P1:1.5085 P2:1.5095 P3:1.5095 P4:1.5095 STATE:IDLE
[2026-05-04 21:06:21Z] CHK MOM:-0.06% RANGE:0.06% UP:0% SPREAD:0.06631299% BID:1.508 ASK:1.509 MID:1.5085 P1:1.5085 P2:1.5095 P3:1.5095 P4:1.5095 STATE:IDLE
[2026-05-04 21:06:22Z] CHK MOM:-0.06% RANGE:0.06% UP:0% SPREAD:0.06631299% BID:1.508 ASK:1.509 MID:1.5085 P1:1.5085 P2:1.5095 P3:1.5095 P4:1.5095 STATE:IDLE
[2026-05-04 21:06:22Z] CHK MOM:0.06% RANGE:0.13% UP:16.66% SPREAD:0.06622516% BID:1.51 ASK:1.511 MID:1.5105 P1:1.5105 P2:1.5085 P3:1.5095 P4:1.5095 STATE:IDLE
[2026-05-04 21:06:23Z] CHK MOM:0% RANGE:0.13% UP:16.66% SPREAD:0.06626905% BID:1.509 ASK:1.51 MID:1.5095 P1:1.5095 P2:1.5105 P3:1.5085 P4:1.5095 STATE:IDLE
[2026-05-04 21:06:23Z] CHK MOM:0% RANGE:0.13% UP:16.66% SPREAD:0.06626905% BID:1.509 ASK:1.51 MID:1.5095 P1:1.5095 P2:1.5105 P3:1.5085 P4:1.5095 STATE:IDLE
[2026-05-04 21:06:24Z] CHK MOM:0.06% RANGE:0.13% UP:33.33% SPREAD:0.06622516% BID:1.51 ASK:1.511 MID:1.5105 P1:1.5105 P2:1.5095 P3:1.5105 P4:1.5085 STATE:IDLE
[2026-05-04 21:06:24Z] CHK MOM:0.13% RANGE:0.19% UP:42.85% SPREAD:0.06618133% BID:1.511 ASK:1.512 MID:1.51149999 P1:1.51149999 P2:1.5105 P3:1.5095 P4:1.5105 STATE:IDLE
[2026-05-04 21:06:25Z] CHK MOM:0.19% RANGE:0.26% UP:57.14% SPREAD:0.06613756% BID:1.512 ASK:1.513 MID:1.5125 P1:1.5125 P2:1.51149999 P3:1.5105 P4:1.5095 STATE:IDLE
[2026-05-04 21:06:25Z] CHK MOM:0.13% RANGE:0.26% UP:50% SPREAD:0.06618133% BID:1.511 ASK:1.512 MID:1.51149999 P1:1.51149999 P2:1.5125 P3:1.51149999 P4:1.5105 STATE:IDLE
[2026-05-04 21:06:26Z] CHK MOM:0.13% RANGE:0.26% UP:44.44% SPREAD:0.06618133% BID:1.511 ASK:1.512 MID:1.51149999 P1:1.51149999 P2:1.51149999 P3:1.5125 P4:1.51149999 STATE:IDLE
[2026-05-04 21:06:26Z] CHK MOM:0.26% RANGE:0.26% UP:62.5% SPREAD:0.06613756% BID:1.512 ASK:1.513 MID:1.5125 P1:1.5125 P2:1.51149999 P3:1.51149999 P4:1.5125 STATE:IDLE
[2026-05-04 21:06:27Z] CHK MOM:0.26% RANGE:0.26% UP:55.55% SPREAD:0.06613756% BID:1.512 ASK:1.513 MID:1.5125 P1:1.5125 P2:1.5125 P3:1.51149999 P4:1.51149999 STATE:IDLE
[2026-05-04 21:06:27Z] CHK MOM:0.06% RANGE:0.19% UP:44.44% SPREAD:0.06618133% BID:1.511 ASK:1.512 MID:1.51149999 P1:1.51149999 P2:1.5125 P3:1.5125 P4:1.51149999 STATE:IDLE
[2026-05-04 21:06:28Z] CHK MOM:0.06% RANGE:0.19% UP:44.44% SPREAD:0.06618133% BID:1.511 ASK:1.512 MID:1.51149999 P1:1.51149999 P2:1.5125 P3:1.5125 P4:1.51149999 STATE:IDLE
[2026-05-04 21:06:28Z] CHK MOM:0.06% RANGE:0.19% UP:44.44% SPREAD:0.06618133% BID:1.511 ASK:1.512 MID:1.51149999 P1:1.51149999 P2:1.5125 P3:1.5125 P4:1.51149999 STATE:IDLE
[2026-05-04 21:06:29Z] CHK MOM:0.06% RANGE:0.19% UP:40% SPREAD:0.06618133% BID:1.511 ASK:1.512 MID:1.51149999 P1:1.51149999 P2:1.51149999 P3:1.5125 P4:1.5125 STATE:IDLE
[2026-05-04 21:06:30Z] CHK MOM:0.06% RANGE:0.19% UP:36.36% SPREAD:0.06618133% BID:1.511 ASK:1.512 MID:1.51149999 P1:1.51149999 P2:1.51149999 P3:1.51149999 P4:1.5125 STATE:IDLE
[2026-05-04 21:06:30Z] CHK MOM:0.13% RANGE:0.19% UP:36.36% SPREAD:0.06618133% BID:1.511 ASK:1.512 MID:1.51149999 P1:1.51149999 P2:1.51149999 P3:1.51149999 P4:1.51149999 STATE:IDLE
[2026-05-04 21:06:31Z] CHK MOM:0.13% RANGE:0.19% UP:36.36% SPREAD:0.06618133% BID:1.511 ASK:1.512 MID:1.51149999 P1:1.51149999 P2:1.51149999 P3:1.51149999 P4:1.51149999 STATE:IDLE
[2026-05-04 21:06:31Z] CHK MOM:0.13% RANGE:0.19% UP:36.36% SPREAD:0.06618133% BID:1.511 ASK:1.512 MID:1.51149999 P1:1.51149999 P2:1.51149999 P3:1.51149999 P4:1.51149999 STATE:IDLE
[2026-05-04 21:06:32Z] CHK MOM:0.06% RANGE:0.13% UP:27.27% SPREAD:0.06618133% BID:1.511 ASK:1.512 MID:1.51149999 P1:1.51149999 P2:1.51149999 P3:1.51149999 P4:1.51149999 STATE:IDLE
[2026-05-04 21:06:32Z] CHK MOM:-0.06% RANGE:0.06% UP:10% SPREAD:0.06618133% BID:1.511 ASK:1.512 MID:1.51149999 P1:1.51149999 P2:1.51149999 P3:1.51149999 P4:1.51149999 STATE:IDLE
[2026-05-04 21:06:33Z] CHK MOM:-0.06% RANGE:0.06% UP:9.09% SPREAD:0.06618133% BID:1.511 ASK:1.512 MID:1.51149999 P1:1.51149999 P2:1.51149999 P3:1.51149999 P4:1.51149999 STATE:IDLE
[2026-05-04 21:06:33Z] CHK MOM:-0.06% RANGE:0.06% UP:9.09% SPREAD:0.06618133% BID:1.511 ASK:1.512 MID:1.51149999 P1:1.51149999 P2:1.51149999 P3:1.51149999 P4:1.51149999 STATE:IDLE
[2026-05-04 21:06:34Z] CHK MOM:-0.06% RANGE:0.06% UP:0% SPREAD:0.06618133% BID:1.511 ASK:1.512 MID:1.51149999 P1:1.51149999 P2:1.51149999 P3:1.51149999 P4:1.51149999 STATE:IDLE
[2026-05-04 21:06:34Z] CHK MOM:-0.06% RANGE:0.06% UP:0% SPREAD:0.06618133% BID:1.511 ASK:1.512 MID:1.51149999 P1:1.51149999 P2:1.51149999 P3:1.51149999 P4:1.51149999 STATE:IDLE
[2026-05-04 21:06:35Z] CHK MOM:0% RANGE:0% UP:0% SPREAD:0.06618133% BID:1.511 ASK:1.512 MID:1.51149999 P1:1.51149999 P2:1.51149999 P3:1.51149999 P4:1.51149999 STATE:IDLE
[2026-05-04 21:06:35Z] CHK MOM:0% RANGE:0% UP:0% SPREAD:0.06618133% BID:1.511 ASK:1.512 MID:1.51149999 P1:1.51149999 P2:1.51149999 P3:1.51149999 P4:1.51149999 STATE:IDLE
[2026-05-04 21:06:36Z] CHK MOM:0% RANGE:0% UP:0% SPREAD:0.06618133% BID:1.511 ASK:1.512 MID:1.51149999 P1:1.51149999 P2:1.51149999 P3:1.51149999 P4:1.51149999 STATE:IDLE
[2026-05-04 21:06:36Z] CHK MOM:0% RANGE:0% UP:0% SPREAD:0.06618133% BID:1.511 ASK:1.512 MID:1.51149999 P1:1.51149999 P2:1.51149999 P3:1.51149999 P4:1.51149999 STATE:IDLE
[2026-05-04 21:06:37Z] CHK MOM:0% RANGE:0% UP:0% SPREAD:0.06618133% BID:1.511 ASK:1.512 MID:1.51149999 P1:1.51149999 P2:1.51149999 P3:1.51149999 P4:1.51149999 STATE:IDLE
[2026-05-04 21:06:38Z] CHK MOM:0% RANGE:0% UP:0% SPREAD:0.06618133% BID:1.511 ASK:1.512 MID:1.51149999 P1:1.51149999 P2:1.51149999 P3:1.51149999 P4:1.51149999 STATE:IDLE
[2026-05-04 21:06:38Z] CHK MOM:0.06% RANGE:0.06% UP:12.5% SPREAD:0.06613756% BID:1.512 ASK:1.513 MID:1.5125 P1:1.5125 P2:1.51149999 P3:1.51149999 P4:1.51149999 STATE:IDLE
[2026-05-04 21:06:39Z] CHK MOM:0.06% RANGE:0.06% UP:11.11% SPREAD:0.06613756% BID:1.512 ASK:1.513 MID:1.5125 P1:1.5125 P2:1.5125 P3:1.51149999 P4:1.51149999 STATE:IDLE
[2026-05-04 21:06:39Z] CHK MOM:0.06% RANGE:0.06% UP:11.11% SPREAD:0.06613756% BID:1.512 ASK:1.513 MID:1.5125 P1:1.5125 P2:1.5125 P3:1.5125 P4:1.51149999 STATE:IDLE
[2026-05-04 21:06:40Z] CHK MOM:0.06% RANGE:0.06% UP:11.11% SPREAD:0.06613756% BID:1.512 ASK:1.513 MID:1.5125 P1:1.5125 P2:1.5125 P3:1.5125 P4:1.51149999 STATE:IDLE
[2026-05-04 21:06:40Z] CHK MOM:0.06% RANGE:0.06% UP:11.11% SPREAD:0.06613756% BID:1.512 ASK:1.513 MID:1.5125 P1:1.5125 P2:1.5125 P3:1.5125 P4:1.51149999 STATE:IDLE
[2026-05-04 21:06:41Z] CHK MOM:0.06% RANGE:0.06% UP:12.5% SPREAD:0.06613756% BID:1.512 ASK:1.513 MID:1.5125 P1:1.5125 P2:1.5125 P3:1.5125 P4:1.5125 STATE:IDLE
[2026-05-04 21:06:41Z] CHK MOM:0.06% RANGE:0.06% UP:11.11% SPREAD:0.06613756% BID:1.512 ASK:1.513 MID:1.5125 P1:1.5125 P2:1.5125 P3:1.5125 P4:1.5125 STATE:IDLE
[2026-05-04 21:06:42Z] CHK MOM:0.06% RANGE:0.06% UP:11.11% SPREAD:0.06613756% BID:1.512 ASK:1.513 MID:1.5125 P1:1.5125 P2:1.5125 P3:1.5125 P4:1.5125 STATE:IDLE
[2026-05-04 21:06:42Z] CHK MOM:0.06% RANGE:0.06% UP:11.11% SPREAD:0.06613756% BID:1.512 ASK:1.513 MID:1.5125 P1:1.5125 P2:1.5125 P3:1.5125 P4:1.5125 STATE:IDLE
[2026-05-04 21:06:43Z] CHK MOM:0.06% RANGE:0.06% UP:11.11% SPREAD:0.06613756% BID:1.512 ASK:1.513 MID:1.5125 P1:1.5125 P2:1.5125 P3:1.5125 P4:1.5125 STATE:IDLE
[2026-05-04 21:06:44Z] CHK MOM:0% RANGE:0.06% UP:12.5% SPREAD:0.06618133% BID:1.511 ASK:1.512 MID:1.51149999 P1:1.51149999 P2:1.5125 P3:1.5125 P4:1.5125 STATE:IDLE
[2026-05-04 21:06:44Z] CHK MOM:0% RANGE:0.06% UP:12.5% SPREAD:0.06618133% BID:1.511 ASK:1.512 MID:1.51149999 P1:1.51149999 P2:1.51149999 P3:1.5125 P4:1.5125 STATE:IDLE
[2026-05-04 21:06:45Z] CHK MOM:0% RANGE:0.06% UP:12.5% SPREAD:0.06618133% BID:1.511 ASK:1.512 MID:1.51149999 P1:1.51149999 P2:1.51149999 P3:1.51149999 P4:1.5125 STATE:IDLE
[2026-05-04 21:06:45Z] CHK MOM:0% RANGE:0.06% UP:12.5% SPREAD:0.06618133% BID:1.511 ASK:1.512 MID:1.51149999 P1:1.51149999 P2:1.51149999 P3:1.51149999 P4:1.5125 STATE:IDLE
[2026-05-04 21:06:46Z] CHK MOM:-0.06% RANGE:0.06% UP:0% SPREAD:0.06618133% BID:1.511 ASK:1.512 MID:1.51149999 P1:1.51149999 P2:1.51149999 P3:1.51149999 P4:1.51149999 STATE:IDLE
[2026-05-04 21:06:46Z] CHK MOM:-0.06% RANGE:0.06% UP:0% SPREAD:0.06618133% BID:1.511 ASK:1.512 MID:1.51149999 P1:1.51149999 P2:1.51149999 P3:1.51149999 P4:1.51149999 STATE:IDLE
[2026-05-04 21:06:47Z] CHK MOM:0% RANGE:0.06% UP:14.28% SPREAD:0.06613756% BID:1.512 ASK:1.513 MID:1.5125 P1:1.5125 P2:1.51149999 P3:1.51149999 P4:1.51149999 STATE:IDLE
[2026-05-04 21:06:47Z] CHK MOM:0% RANGE:0.06% UP:14.28% SPREAD:0.06613756% BID:1.512 ASK:1.513 MID:1.5125 P1:1.5125 P2:1.51149999 P3:1.51149999 P4:1.51149999 STATE:IDLE
[2026-05-04 21:06:48Z] CHK MOM:-0.03% RANGE:0.06% UP:14.28% SPREAD:0.13236267% BID:1.511 ASK:1.513 MID:1.512 P1:1.512 P2:1.5125 P3:1.51149999 P4:1.51149999 STATE:IDLE
[2026-05-04 21:06:49Z] CHK MOM:-0.03% RANGE:0.06% UP:12.5% SPREAD:0.13236267% BID:1.511 ASK:1.513 MID:1.512 P1:1.512 P2:1.512 P3:1.5125 P4:1.51149999 STATE:IDLE
[2026-05-04 21:06:49Z] CHK MOM:-0.03% RANGE:0.06% UP:12.5% SPREAD:0.13236267% BID:1.511 ASK:1.513 MID:1.512 P1:1.512 P2:1.512 P3:1.5125 P4:1.51149999 STATE:IDLE
[2026-05-04 21:06:50Z] CHK MOM:0.03% RANGE:0.06% UP:14.28% SPREAD:0.13236267% BID:1.511 ASK:1.513 MID:1.512 P1:1.512 P2:1.512 P3:1.512 P4:1.5125 STATE:IDLE
[2026-05-04 21:06:50Z] CHK MOM:0.03% RANGE:0.06% UP:14.28% SPREAD:0.13236267% BID:1.511 ASK:1.513 MID:1.512 P1:1.512 P2:1.512 P3:1.512 P4:1.5125 STATE:IDLE
[2026-05-04 21:06:51Z] CHK MOM:0.06% RANGE:0.06% UP:25% SPREAD:0.06613756% BID:1.512 ASK:1.513 MID:1.5125 P1:1.5125 P2:1.512 P3:1.512 P4:1.512 STATE:IDLE
[2026-05-04 21:06:51Z] CHK MOM:0.13% RANGE:0.13% UP:37.5% SPREAD:0.06609385% BID:1.513 ASK:1.514 MID:1.5135 P1:1.5135 P2:1.5125 P3:1.512 P4:1.512 STATE:IDLE
[2026-05-04 21:06:52Z] CHK MOM:0.13% RANGE:0.13% UP:33.33% SPREAD:0.06609385% BID:1.513 ASK:1.514 MID:1.5135 P1:1.5135 P2:1.5135 P3:1.5125 P4:1.512 STATE:IDLE
[2026-05-04 21:06:52Z] CHK MOM:0.19% RANGE:0.19% UP:44.44% SPREAD:0.06605019% BID:1.514 ASK:1.515 MID:1.5145 P1:1.5145 P2:1.5135 P3:1.5135 P4:1.5125 STATE:IDLE
[2026-05-04 21:06:53Z] CHK MOM:0.13% RANGE:0.19% UP:40% SPREAD:0.06609385% BID:1.513 ASK:1.514 MID:1.5135 P1:1.5135 P2:1.5145 P3:1.5135 P4:1.5135 STATE:IDLE
[2026-05-04 21:06:53Z] CHK MOM:0.13% RANGE:0.19% UP:40% SPREAD:0.06609385% BID:1.513 ASK:1.514 MID:1.5135 P1:1.5135 P2:1.5135 P3:1.5145 P4:1.5135 STATE:IDLE
[2026-05-04 21:06:54Z] CHK MOM:0.06% RANGE:0.16% UP:30% SPREAD:0.06609385% BID:1.513 ASK:1.514 MID:1.5135 P1:1.5135 P2:1.5135 P3:1.5135 P4:1.5145 STATE:IDLE
[2026-05-04 21:06:55Z] CHK MOM:0.09% RANGE:0.16% UP:30% SPREAD:0.06609385% BID:1.513 ASK:1.514 MID:1.5135 P1:1.5135 P2:1.5135 P3:1.5135 P4:1.5135 STATE:IDLE
[2026-05-04 21:06:55Z] CHK MOM:0.06% RANGE:0.16% UP:27.27% SPREAD:0.13227513% BID:1.512 ASK:1.514 MID:1.513 P1:1.513 P2:1.5135 P3:1.5135 P4:1.5135 STATE:IDLE
[2026-05-04 21:06:56Z] CHK MOM:0.03% RANGE:0.16% UP:27.27% SPREAD:0.06613756% BID:1.512 ASK:1.513 MID:1.5125 P1:1.5125 P2:1.513 P3:1.5135 P4:1.5135 STATE:IDLE
[2026-05-04 21:06:56Z] CHK MOM:0.03% RANGE:0.16% UP:25% SPREAD:0.06613756% BID:1.512 ASK:1.513 MID:1.5125 P1:1.5125 P2:1.5125 P3:1.513 P4:1.5135 STATE:IDLE
[2026-05-04 21:06:57Z] CHK MOM:0.03% RANGE:0.16% UP:25% SPREAD:0.06613756% BID:1.512 ASK:1.513 MID:1.5125 P1:1.5125 P2:1.5125 P3:1.513 P4:1.5135 STATE:IDLE
[2026-05-04 21:06:57Z] CHK MOM:0.03% RANGE:0.16% UP:25% SPREAD:0.06613756% BID:1.512 ASK:1.513 MID:1.5125 P1:1.5125 P2:1.5125 P3:1.5125 P4:1.513 STATE:IDLE
[2026-05-04 21:06:58Z] CHK MOM:0.03% RANGE:0.16% UP:25% SPREAD:0.06613756% BID:1.512 ASK:1.513 MID:1.5125 P1:1.5125 P2:1.5125 P3:1.5125 P4:1.513 STATE:IDLE
[2026-05-04 21:06:58Z] CHK MOM:0.03% RANGE:0.13% UP:25% SPREAD:0.13227513% BID:1.512 ASK:1.514 MID:1.513 P1:1.513 P2:1.5125 P3:1.5125 P4:1.5125 STATE:IDLE
[2026-05-04 21:06:59Z] CHK MOM:0% RANGE:0.13% UP:23.07% SPREAD:0.06613756% BID:1.512 ASK:1.513 MID:1.5125 P1:1.5125 P2:1.513 P3:1.5125 P4:1.5125 STATE:IDLE
[2026-05-04 21:07:00Z] CHK MOM:-0.06% RANGE:0.13% UP:15.38% SPREAD:0.06613756% BID:1.512 ASK:1.513 MID:1.5125 P1:1.5125 P2:1.5125 P3:1.513 P4:1.5125 STATE:IDLE
[2026-05-04 21:07:00Z] CHK MOM:-0.06% RANGE:0.06% UP:9.09% SPREAD:0.06613756% BID:1.512 ASK:1.513 MID:1.5125 P1:1.5125 P2:1.5125 P3:1.5125 P4:1.513 STATE:IDLE
[2026-05-04 21:07:01Z] CHK MOM:-0.06% RANGE:0.06% UP:9.09% SPREAD:0.06613756% BID:1.512 ASK:1.513 MID:1.5125 P1:1.5125 P2:1.5125 P3:1.5125 P4:1.5125 STATE:IDLE
[2026-05-04 21:07:01Z] CHK MOM:-0.06% RANGE:0.06% UP:8.33% SPREAD:0.06613756% BID:1.512 ASK:1.513 MID:1.5125 P1:1.5125 P2:1.5125 P3:1.5125 P4:1.5125 STATE:IDLE
[2026-05-04 21:07:02Z] CHK MOM:-0.06% RANGE:0.06% UP:9.09% SPREAD:0.06613756% BID:1.512 ASK:1.513 MID:1.5125 P1:1.5125 P2:1.5125 P3:1.5125 P4:1.5125 STATE:IDLE
[2026-05-04 21:07:02Z] CHK MOM:-0.06% RANGE:0.06% UP:9.09% SPREAD:0.06613756% BID:1.512 ASK:1.513 MID:1.5125 P1:1.5125 P2:1.5125 P3:1.5125 P4:1.5125 STATE:IDLE
[2026-05-04 21:07:03Z] CHK MOM:-0.03% RANGE:0.03% UP:9.09% SPREAD:0.06613756% BID:1.512 ASK:1.513 MID:1.5125 P1:1.5125 P2:1.5125 P3:1.5125 P4:1.5125 STATE:IDLE
[2026-05-04 21:07:03Z] CHK MOM:0.06% RANGE:0.06% UP:18.18% SPREAD:0.06609385% BID:1.513 ASK:1.514 MID:1.5135 P1:1.5135 P2:1.5125 P3:1.5125 P4:1.5125 STATE:IDLE
[2026-05-04 21:07:04Z] CHK MOM:0.06% RANGE:0.06% UP:16.66% SPREAD:0.06609385% BID:1.513 ASK:1.514 MID:1.5135 P1:1.5135 P2:1.5135 P3:1.5125 P4:1.5125 STATE:IDLE
[2026-05-04 21:07:04Z] CHK MOM:0.06% RANGE:0.06% UP:16.66% SPREAD:0.06609385% BID:1.513 ASK:1.514 MID:1.5135 P1:1.5135 P2:1.5135 P3:1.5135 P4:1.5125 STATE:IDLE
[2026-05-04 21:07:05Z] CHK MOM:0.06% RANGE:0.06% UP:16.66% SPREAD:0.06609385% BID:1.513 ASK:1.514 MID:1.5135 P1:1.5135 P2:1.5135 P3:1.5135 P4:1.5135 STATE:IDLE
[2026-05-04 21:07:06Z] CHK MOM:0.03% RANGE:0.06% UP:8.33% SPREAD:0.06609385% BID:1.513 ASK:1.514 MID:1.5135 P1:1.5135 P2:1.5135 P3:1.5135 P4:1.5135 STATE:IDLE
[2026-05-04 21:07:06Z] CHK MOM:0.06% RANGE:0.06% UP:8.33% SPREAD:0.06609385% BID:1.513 ASK:1.514 MID:1.5135 P1:1.5135 P2:1.5135 P3:1.5135 P4:1.5135 STATE:IDLE
[2026-05-04 21:07:07Z] CHK MOM:0.06% RANGE:0.06% UP:7.69% SPREAD:0.06609385% BID:1.513 ASK:1.514 MID:1.5135 P1:1.5135 P2:1.5135 P3:1.5135 P4:1.5135 STATE:IDLE
[2026-05-04 21:07:07Z] CHK MOM:0.26% RANGE:0.26% UP:16.66% SPREAD:0.06596306% BID:1.516 ASK:1.517 MID:1.5165 P1:1.5165 P2:1.5135 P3:1.5135 P4:1.5135 STATE:IDLE
[2026-05-04 21:07:08Z] CHK MOM:0.26% RANGE:0.26% UP:15.38% SPREAD:0.06596306% BID:1.516 ASK:1.517 MID:1.5165 P1:1.5165 P2:1.5165 P3:1.5135 P4:1.5135 STATE:IDLE
[2026-05-04 21:07:08Z] CHK MOM:0.26% RANGE:0.26% UP:14.28% SPREAD:0.06596306% BID:1.516 ASK:1.517 MID:1.5165 P1:1.5165 P2:1.5165 P3:1.5165 P4:1.5135 STATE:IDLE
[2026-05-04 21:07:09Z] CHK MOM:0.26% RANGE:0.26% UP:14.28% SPREAD:0.06596306% BID:1.516 ASK:1.517 MID:1.5165 P1:1.5165 P2:1.5165 P3:1.5165 P4:1.5135 STATE:IDLE
[2026-05-04 21:07:09Z] CHK MOM:0.33% RANGE:0.33% UP:25% SPREAD:0.06591957% BID:1.517 ASK:1.518 MID:1.5175 P1:1.5175 P2:1.5165 P3:1.5165 P4:1.5165 STATE:IDLE
[2026-05-04 21:07:10Z] CHK MOM:0.33% RANGE:0.33% UP:23.07% SPREAD:0.06591957% BID:1.517 ASK:1.518 MID:1.5175 P1:1.5175 P2:1.5175 P3:1.5165 P4:1.5165 STATE:IDLE
[2026-05-04 21:07:11Z] CHK MOM:0.33% RANGE:0.33% UP:23.07% SPREAD:0.06591957% BID:1.517 ASK:1.518 MID:1.5175 P1:1.5175 P2:1.5175 P3:1.5175 P4:1.5165 STATE:IDLE
[2026-05-04 21:07:11Z] CHK MOM:0.26% RANGE:0.26% UP:16.66% SPREAD:0.06591957% BID:1.517 ASK:1.518 MID:1.5175 P1:1.5175 P2:1.5175 P3:1.5175 P4:1.5175 STATE:IDLE
[2026-05-04 21:07:12Z] CHK MOM:0.19% RANGE:0.26% UP:15.38% SPREAD:0.06596306% BID:1.516 ASK:1.517 MID:1.5165 P1:1.5165 P2:1.5175 P3:1.5175 P4:1.5175 STATE:IDLE
[2026-05-04 21:07:12Z] CHK MOM:0.19% RANGE:0.26% UP:15.38% SPREAD:0.06596306% BID:1.516 ASK:1.517 MID:1.5165 P1:1.5165 P2:1.5175 P3:1.5175 P4:1.5175 STATE:IDLE
[2026-05-04 21:07:13Z] CHK MOM:0.13% RANGE:0.26% UP:16.66% SPREAD:0.0660066% BID:1.515 ASK:1.516 MID:1.51549999 P1:1.51549999 P2:1.5165 P3:1.5175 P4:1.5175 STATE:IDLE
[2026-05-04 21:07:13Z] CHK MOM:0.13% RANGE:0.26% UP:16.66% SPREAD:0.0660066% BID:1.515 ASK:1.516 MID:1.51549999 P1:1.51549999 P2:1.51549999 P3:1.5165 P4:1.5175 STATE:IDLE
[2026-05-04 21:07:14Z] CHK MOM:0.13% RANGE:0.26% UP:16.66% SPREAD:0.0660066% BID:1.515 ASK:1.516 MID:1.51549999 P1:1.51549999 P2:1.51549999 P3:1.5165 P4:1.5175 STATE:IDLE
[2026-05-04 21:07:14Z] CHK MOM:0.13% RANGE:0.26% UP:16.66% SPREAD:0.0660066% BID:1.515 ASK:1.516 MID:1.51549999 P1:1.51549999 P2:1.51549999 P3:1.51549999 P4:1.5165 STATE:IDLE
[2026-05-04 21:07:15Z] CHK MOM:-0.03% RANGE:0.13% UP:18.18% SPREAD:0.1320132% BID:1.515 ASK:1.517 MID:1.516 P1:1.516 P2:1.51549999 P3:1.51549999 P4:1.51549999 STATE:IDLE
[2026-05-04 21:07:15Z] CHK MOM:0% RANGE:0.13% UP:25% SPREAD:0.06596306% BID:1.516 ASK:1.517 MID:1.5165 P1:1.5165 P2:1.516 P3:1.51549999 P4:1.51549999 STATE:IDLE
[2026-05-04 21:07:16Z] CHK MOM:-0.06% RANGE:0.13% UP:27.27% SPREAD:0.0660066% BID:1.515 ASK:1.516 MID:1.51549999 P1:1.51549999 P2:1.5165 P3:1.516 P4:1.51549999 STATE:IDLE
[2026-05-04 21:07:17Z] CHK MOM:-0.03% RANGE:0.13% UP:33.33% SPREAD:0.1320132% BID:1.515 ASK:1.517 MID:1.516 P1:1.516 P2:1.51549999 P3:1.5165 P4:1.516 STATE:IDLE
[2026-05-04 21:07:17Z] CHK MOM:-0.06% RANGE:0.13% UP:33.33% SPREAD:0.06596306% BID:1.516 ASK:1.517 MID:1.5165 P1:1.5165 P2:1.516 P3:1.51549999 P4:1.5165 STATE:IDLE
[2026-05-04 21:07:18Z] CHK MOM:-0.13% RANGE:0.13% UP:33.33% SPREAD:0.0660066% BID:1.515 ASK:1.516 MID:1.51549999 P1:1.51549999 P2:1.5165 P3:1.516 P4:1.51549999 STATE:IDLE
[2026-05-04 21:07:18Z] CHK MOM:-0.06% RANGE:0.13% UP:45.45% SPREAD:0.06596306% BID:1.516 ASK:1.517 MID:1.5165 P1:1.5165 P2:1.51549999 P3:1.5165 P4:1.516 STATE:IDLE
[2026-05-04 21:07:19Z] CHK MOM:-0.06% RANGE:0.13% UP:41.66% SPREAD:0.06596306% BID:1.516 ASK:1.517 MID:1.5165 P1:1.5165 P2:1.5165 P3:1.51549999 P4:1.5165 STATE:IDLE
[2026-05-04 21:07:19Z] CHK MOM:-0.06% RANGE:0.13% UP:41.66% SPREAD:0.06596306% BID:1.516 ASK:1.517 MID:1.5165 P1:1.5165 P2:1.5165 P3:1.51549999 P4:1.5165 STATE:IDLE
[2026-05-04 21:07:20Z] CHK MOM:0.03% RANGE:0.09% UP:50% SPREAD:0.13192612% BID:1.516 ASK:1.518 MID:1.517 P1:1.517 P2:1.5165 P3:1.5165 P4:1.51549999 STATE:IDLE
[2026-05-04 21:07:20Z] CHK MOM:0.13% RANGE:0.13% UP:58.33% SPREAD:0.06591957% BID:1.517 ASK:1.518 MID:1.5175 P1:1.5175 P2:1.517 P3:1.5165 P4:1.5165 STATE:IDLE
[2026-05-04 21:07:21Z] CHK MOM:0.13% RANGE:0.13% UP:58.33% SPREAD:0.06591957% BID:1.517 ASK:1.518 MID:1.5175 P1:1.5175 P2:1.517 P3:1.5165 P4:1.5165 STATE:IDLE
[2026-05-04 21:07:22Z] CHK MOM:0.09% RANGE:0.13% UP:63.63% SPREAD:0.13192612% BID:1.516 ASK:1.518 MID:1.517 P1:1.517 P2:1.5175 P3:1.517 P4:1.5165 STATE:IDLE
[2026-05-04 21:07:22Z] CHK MOM:0.06% RANGE:0.13% UP:58.33% SPREAD:0.06596306% BID:1.516 ASK:1.517 MID:1.5165 P1:1.5165 P2:1.517 P3:1.5175 P4:1.517 STATE:IDLE
[2026-05-04 21:07:23Z] CHK MOM:0.03% RANGE:0.13% UP:50% SPREAD:0.06596306% BID:1.516 ASK:1.517 MID:1.5165 P1:1.5165 P2:1.5165 P3:1.517 P4:1.5175 STATE:IDLE
[2026-05-04 21:07:23Z] CHK MOM:0.03% RANGE:0.13% UP:46.15% SPREAD:0.06596306% BID:1.516 ASK:1.517 MID:1.5165 P1:1.5165 P2:1.5165 P3:1.5165 P4:1.517 STATE:IDLE
[2026-05-04 21:07:24Z] CHK MOM:0.03% RANGE:0.13% UP:46.15% SPREAD:0.06596306% BID:1.516 ASK:1.517 MID:1.5165 P1:1.5165 P2:1.5165 P3:1.5165 P4:1.517 STATE:IDLE
[2026-05-04 21:07:24Z] CHK MOM:0.03% RANGE:0.13% UP:46.15% SPREAD:0.06596306% BID:1.516 ASK:1.517 MID:1.5165 P1:1.5165 P2:1.5165 P3:1.5165 P4:1.517 STATE:IDLE
[2026-05-04 21:07:25Z] CHK MOM:-0.06% RANGE:0.13% UP:30% SPREAD:0.0660066% BID:1.515 ASK:1.516 MID:1.51549999 P1:1.51549999 P2:1.5165 P3:1.5165 P4:1.5165 STATE:IDLE
[2026-05-04 21:07:25Z] CHK MOM:-0.03% RANGE:0.13% UP:36.36% SPREAD:0.1320132% BID:1.515 ASK:1.517 MID:1.516 P1:1.516 P2:1.51549999 P3:1.5165 P4:1.5165 STATE:IDLE
[2026-05-04 21:07:26Z] CHK MOM:-0.03% RANGE:0.13% UP:30% SPREAD:0.1320132% BID:1.515 ASK:1.517 MID:1.516 P1:1.516 P2:1.516 P3:1.51549999 P4:1.5165 STATE:IDLE
[2026-05-04 21:07:26Z] CHK MOM:-0.03% RANGE:0.13% UP:27.27% SPREAD:0.1320132% BID:1.515 ASK:1.517 MID:1.516 P1:1.516 P2:1.516 P3:1.516 P4:1.51549999 STATE:IDLE
[2026-05-04 21:07:27Z] CHK MOM:-0.09% RANGE:0.13% UP:20% SPREAD:0.0660066% BID:1.515 ASK:1.516 MID:1.51549999 P1:1.51549999 P2:1.516 P3:1.516 P4:1.516 STATE:IDLE
[2026-05-04 21:07:28Z] CHK MOM:-0.09% RANGE:0.13% UP:18.18% SPREAD:0.0660066% BID:1.515 ASK:1.516 MID:1.51549999 P1:1.51549999 P2:1.51549999 P3:1.516 P4:1.516 STATE:IDLE
[2026-05-04 21:07:28Z] CHK MOM:-0.09% RANGE:0.13% UP:18.18% SPREAD:0.0660066% BID:1.515 ASK:1.516 MID:1.51549999 P1:1.51549999 P2:1.51549999 P3:1.516 P4:1.516 STATE:IDLE
[2026-05-04 21:07:29Z] CHK MOM:-0.09% RANGE:0.13% UP:18.18% SPREAD:0.0660066% BID:1.515 ASK:1.516 MID:1.51549999 P1:1.51549999 P2:1.51549999 P3:1.516 P4:1.516 STATE:IDLE
[2026-05-04 21:07:29Z] CHK MOM:-0.09% RANGE:0.09% UP:10% SPREAD:0.0660066% BID:1.515 ASK:1.516 MID:1.51549999 P1:1.51549999 P2:1.51549999 P3:1.51549999 P4:1.516 STATE:IDLE
[2026-05-04 21:07:30Z] CHK MOM:0% RANGE:0.06% UP:20% SPREAD:0.06596306% BID:1.516 ASK:1.517 MID:1.5165 P1:1.5165 P2:1.51549999 P3:1.51549999 P4:1.51549999 STATE:IDLE
[2026-05-04 21:07:30Z] CHK MOM:0% RANGE:0.06% UP:20% SPREAD:0.06596306% BID:1.516 ASK:1.517 MID:1.5165 P1:1.5165 P2:1.51549999 P3:1.51549999 P4:1.51549999 STATE:IDLE
[2026-05-04 21:07:31Z] CHK MOM:0% RANGE:0.06% UP:20% SPREAD:0.06596306% BID:1.516 ASK:1.517 MID:1.5165 P1:1.5165 P2:1.51549999 P3:1.51549999 P4:1.51549999 STATE:IDLE
[2026-05-04 21:07:31Z] CHK MOM:0% RANGE:0.06% UP:20% SPREAD:0.06596306% BID:1.516 ASK:1.517 MID:1.5165 P1:1.5165 P2:1.51549999 P3:1.51549999 P4:1.51549999 STATE:IDLE
[2026-05-04 21:07:32Z] CHK MOM:0% RANGE:0.06% UP:25% SPREAD:0.0660066% BID:1.515 ASK:1.516 MID:1.51549999 P1:1.51549999 P2:1.5165 P3:1.51549999 P4:1.51549999 STATE:IDLE
[2026-05-04 21:07:33Z] CHK MOM:0% RANGE:0.06% UP:22.22% SPREAD:0.0660066% BID:1.515 ASK:1.516 MID:1.51549999 P1:1.51549999 P2:1.51549999 P3:1.5165 P4:1.51549999 STATE:IDLE
[2026-05-04 21:07:33Z] CHK MOM:-0.03% RANGE:0.06% UP:11.11% SPREAD:0.0660066% BID:1.515 ASK:1.516 MID:1.51549999 P1:1.51549999 P2:1.51549999 P3:1.51549999 P4:1.5165 STATE:IDLE
[2026-05-04 21:07:34Z] CHK MOM:-0.03% RANGE:0.06% UP:11.11% SPREAD:0.0660066% BID:1.515 ASK:1.516 MID:1.51549999 P1:1.51549999 P2:1.51549999 P3:1.51549999 P4:1.51549999 STATE:IDLE
[2026-05-04 21:07:34Z] CHK MOM:-0.03% RANGE:0.06% UP:11.11% SPREAD:0.0660066% BID:1.515 ASK:1.516 MID:1.51549999 P1:1.51549999 P2:1.51549999 P3:1.51549999 P4:1.51549999 STATE:IDLE
[2026-05-04 21:07:35Z] CHK MOM:0% RANGE:0.06% UP:12.5% SPREAD:0.0660066% BID:1.515 ASK:1.516 MID:1.51549999 P1:1.51549999 P2:1.51549999 P3:1.51549999 P4:1.51549999 STATE:IDLE
[2026-05-04 21:07:35Z] CHK MOM:0% RANGE:0.06% UP:14.28% SPREAD:0.0660066% BID:1.515 ASK:1.516 MID:1.51549999 P1:1.51549999 P2:1.51549999 P3:1.51549999 P4:1.51549999 STATE:IDLE
[2026-05-04 21:07:36Z] CHK MOM:0% RANGE:0.06% UP:12.5% SPREAD:0.0660066% BID:1.515 ASK:1.516 MID:1.51549999 P1:1.51549999 P2:1.51549999 P3:1.51549999 P4:1.51549999 STATE:IDLE
[2026-05-04 21:07:36Z] CHK MOM:0% RANGE:0.06% UP:11.11% SPREAD:0.0660066% BID:1.515 ASK:1.516 MID:1.51549999 P1:1.51549999 P2:1.51549999 P3:1.51549999 P4:1.51549999 STATE:IDLE
[2026-05-04 21:07:37Z] CHK MOM:0% RANGE:0.06% UP:10% SPREAD:0.0660066% BID:1.515 ASK:1.516 MID:1.51549999 P1:1.51549999 P2:1.51549999 P3:1.51549999 P4:1.51549999 STATE:IDLE
[2026-05-04 21:07:37Z] CHK MOM:0% RANGE:0.06% UP:10% SPREAD:0.0660066% BID:1.515 ASK:1.516 MID:1.51549999 P1:1.51549999 P2:1.51549999 P3:1.51549999 P4:1.51549999 STATE:IDLE
[2026-05-04 21:07:38Z] CHK MOM:-0.06% RANGE:0.06% UP:0% SPREAD:0.06605019% BID:1.514 ASK:1.515 MID:1.5145 P1:1.5145 P2:1.51549999 P3:1.51549999 P4:1.51549999 STATE:IDLE
[2026-05-04 21:07:39Z] CHK MOM:-0.13% RANGE:0.13% UP:0% SPREAD:0.06609385% BID:1.513 ASK:1.514 MID:1.5135 P1:1.5135 P2:1.5145 P3:1.51549999 P4:1.51549999 STATE:IDLE
[2026-05-04 21:07:39Z] CHK MOM:-0.13% RANGE:0.13% UP:0% SPREAD:0.06609385% BID:1.513 ASK:1.514 MID:1.5135 P1:1.5135 P2:1.5135 P3:1.5145 P4:1.51549999 STATE:IDLE
[2026-05-04 21:07:40Z] CHK MOM:-0.06% RANGE:0.13% UP:9.09% SPREAD:0.06605019% BID:1.514 ASK:1.515 MID:1.5145 P1:1.5145 P2:1.5135 P3:1.5135 P4:1.5145 STATE:IDLE
[2026-05-04 21:07:40Z] CHK MOM:-0.06% RANGE:0.13% UP:8.33% SPREAD:0.06605019% BID:1.514 ASK:1.515 MID:1.5145 P1:1.5145 P2:1.5145 P3:1.5135 P4:1.5135 STATE:IDLE
[2026-05-04 21:07:41Z] CHK MOM:-0.06% RANGE:0.13% UP:8.33% SPREAD:0.06605019% BID:1.514 ASK:1.515 MID:1.5145 P1:1.5145 P2:1.5145 P3:1.5145 P4:1.5135 STATE:IDLE
[2026-05-04 21:07:41Z] CHK MOM:-0.06% RANGE:0.13% UP:8.33% SPREAD:0.06605019% BID:1.514 ASK:1.515 MID:1.5145 P1:1.5145 P2:1.5145 P3:1.5145 P4:1.5135 STATE:IDLE
[2026-05-04 21:07:42Z] CHK MOM:-0.06% RANGE:0.13% UP:8.33% SPREAD:0.06605019% BID:1.514 ASK:1.515 MID:1.5145 P1:1.5145 P2:1.5145 P3:1.5145 P4:1.5135 STATE:IDLE
[2026-05-04 21:07:42Z] CHK MOM:-0.06% RANGE:0.13% UP:9.09% SPREAD:0.06605019% BID:1.514 ASK:1.515 MID:1.5145 P1:1.5145 P2:1.5145 P3:1.5145 P4:1.5145 STATE:IDLE
[2026-05-04 21:07:43Z] CHK MOM:-0.06% RANGE:0.13% UP:9.09% SPREAD:0.06605019% BID:1.514 ASK:1.515 MID:1.5145 P1:1.5145 P2:1.5145 P3:1.5145 P4:1.5145 STATE:IDLE
[2026-05-04 21:07:44Z] CHK MOM:-0.06% RANGE:0.13% UP:8.33% SPREAD:0.06605019% BID:1.514 ASK:1.515 MID:1.5145 P1:1.5145 P2:1.5145 P3:1.5145 P4:1.5145 STATE:IDLE
[2026-05-04 21:07:44Z] CHK MOM:-0.06% RANGE:0.13% UP:9.09% SPREAD:0.06605019% BID:1.514 ASK:1.515 MID:1.5145 P1:1.5145 P2:1.5145 P3:1.5145 P4:1.5145 STATE:IDLE
[2026-05-04 21:07:45Z] CHK MOM:-0.06% RANGE:0.13% UP:9.09% SPREAD:0.06605019% BID:1.514 ASK:1.515 MID:1.5145 P1:1.5145 P2:1.5145 P3:1.5145 P4:1.5145 STATE:IDLE
[2026-05-04 21:07:45Z] CHK MOM:-0.06% RANGE:0.13% UP:9.09% SPREAD:0.06605019% BID:1.514 ASK:1.515 MID:1.5145 P1:1.5145 P2:1.5145 P3:1.5145 P4:1.5145 STATE:IDLE
[2026-05-04 21:07:46Z] CHK MOM:-0.06% RANGE:0.13% UP:9.09% SPREAD:0.06605019% BID:1.514 ASK:1.515 MID:1.5145 P1:1.5145 P2:1.5145 P3:1.5145 P4:1.5145 STATE:IDLE
[2026-05-04 21:07:46Z] CHK MOM:-0.06% RANGE:0.13% UP:9.09% SPREAD:0.06605019% BID:1.514 ASK:1.515 MID:1.5145 P1:1.5145 P2:1.5145 P3:1.5145 P4:1.5145 STATE:IDLE
[2026-05-04 21:07:47Z] CHK MOM:-0.06% RANGE:0.13% UP:9.09% SPREAD:0.06605019% BID:1.514 ASK:1.515 MID:1.5145 P1:1.5145 P2:1.5145 P3:1.5145 P4:1.5145 STATE:IDLE
[2026-05-04 21:07:50Z] CHK MOM:0% RANGE:0% UP:0% SPREAD:0.06605019% BID:1.514 ASK:1.515 MID:1.5145 P1:1.5145 P2:1.5145 P3:1.5145 P4:1.5145 STATE:IDLE
[2026-05-04 21:07:50Z] CHK MOM:0% RANGE:0% UP:0% SPREAD:0.06605019% BID:1.514 ASK:1.515 MID:1.5145 P1:1.5145 P2:1.5145 P3:1.5145 P4:1.5145 STATE:IDLE
[2026-05-04 21:07:51Z] CHK MOM:0% RANGE:0% UP:0% SPREAD:0.06605019% BID:1.514 ASK:1.515 MID:1.5145 P1:1.5145 P2:1.5145 P3:1.5145 P4:1.5145 STATE:IDLE
[2026-05-04 21:07:51Z] CHK MOM:0% RANGE:0% UP:0% SPREAD:0.06605019% BID:1.514 ASK:1.515 MID:1.5145 P1:1.5145 P2:1.5145 P3:1.5145 P4:1.5145 STATE:IDLE
[2026-05-04 21:07:52Z] CHK MOM:0% RANGE:0% UP:0% SPREAD:0.06605019% BID:1.514 ASK:1.515 MID:1.5145 P1:1.5145 P2:1.5145 P3:1.5145 P4:1.5145 STATE:IDLE
[2026-05-04 21:07:52Z] CHK MOM:0% RANGE:0% UP:0% SPREAD:0.06605019% BID:1.514 ASK:1.515 MID:1.5145 P1:1.5145 P2:1.5145 P3:1.5145 P4:1.5145 STATE:IDLE
[2026-05-04 21:07:53Z] CHK MOM:0% RANGE:0% UP:0% SPREAD:0.06605019% BID:1.514 ASK:1.515 MID:1.5145 P1:1.5145 P2:1.5145 P3:1.5145 P4:1.5145 STATE:IDLE
[2026-05-04 21:07:53Z] CHK MOM:0% RANGE:0% UP:0% SPREAD:0.06605019% BID:1.514 ASK:1.515 MID:1.5145 P1:1.5145 P2:1.5145 P3:1.5145 P4:1.5145 STATE:IDLE
[2026-05-04 21:07:54Z] CHK MOM:0% RANGE:0% UP:0% SPREAD:0.06605019% BID:1.514 ASK:1.515 MID:1.5145 P1:1.5145 P2:1.5145 P3:1.5145 P4:1.5145 STATE:IDLE
[2026-05-04 21:07:54Z] CHK MOM:0% RANGE:0% UP:0% SPREAD:0.06605019% BID:1.514 ASK:1.515 MID:1.5145 P1:1.5145 P2:1.5145 P3:1.5145 P4:1.5145 STATE:IDLE
[2026-05-04 21:07:55Z] CHK MOM:0% RANGE:0% UP:0% SPREAD:0.06605019% BID:1.514 ASK:1.515 MID:1.5145 P1:1.5145 P2:1.5145 P3:1.5145 P4:1.5145 STATE:IDLE
[2026-05-04 21:07:56Z] CHK MOM:0.06% RANGE:0.06% UP:16.66% SPREAD:0.0660066% BID:1.515 ASK:1.516 MID:1.51549999 P1:1.51549999 P2:1.5145 P3:1.5145 P4:1.5145 STATE:IDLE
[2026-05-04 21:07:56Z] CHK MOM:0.06% RANGE:0.06% UP:16.66% SPREAD:0.0660066% BID:1.515 ASK:1.516 MID:1.51549999 P1:1.51549999 P2:1.5145 P3:1.5145 P4:1.5145 STATE:IDLE
[2026-05-04 21:07:57Z] CHK MOM:0.06% RANGE:0.06% UP:16.66% SPREAD:0.0660066% BID:1.515 ASK:1.516 MID:1.51549999 P1:1.51549999 P2:1.5145 P3:1.5145 P4:1.5145 STATE:IDLE
[2026-05-04 21:07:57Z] CHK MOM:0.06% RANGE:0.06% UP:16.66% SPREAD:0.0660066% BID:1.515 ASK:1.516 MID:1.51549999 P1:1.51549999 P2:1.5145 P3:1.5145 P4:1.5145 STATE:IDLE
[2026-05-04 21:07:58Z] CHK MOM:0.06% RANGE:0.06% UP:20% SPREAD:0.0660066% BID:1.515 ASK:1.516 MID:1.51549999 P1:1.51549999 P2:1.51549999 P3:1.5145 P4:1.5145 STATE:IDLE
[2026-05-04 21:07:58Z] CHK MOM:0.06% RANGE:0.06% UP:16.66% SPREAD:0.0660066% BID:1.515 ASK:1.516 MID:1.51549999 P1:1.51549999 P2:1.51549999 P3:1.51549999 P4:1.5145 STATE:IDLE
[2026-05-04 21:07:59Z] CHK MOM:0.06% RANGE:0.06% UP:14.28% SPREAD:0.0660066% BID:1.515 ASK:1.516 MID:1.51549999 P1:1.51549999 P2:1.51549999 P3:1.51549999 P4:1.51549999 STATE:IDLE
[2026-05-04 21:07:59Z] CHK MOM:0.06% RANGE:0.06% UP:14.28% SPREAD:0.0660066% BID:1.515 ASK:1.516 MID:1.51549999 P1:1.51549999 P2:1.51549999 P3:1.51549999 P4:1.51549999 STATE:IDLE
[2026-05-04 21:08:00Z] CHK MOM:0.06% RANGE:0.06% UP:14.28% SPREAD:0.0660066% BID:1.515 ASK:1.516 MID:1.51549999 P1:1.51549999 P2:1.51549999 P3:1.51549999 P4:1.51549999 STATE:IDLE
[2026-05-04 21:08:01Z] CHK MOM:0% RANGE:0.06% UP:12.5% SPREAD:0.06605019% BID:1.514 ASK:1.515 MID:1.5145 P1:1.5145 P2:1.51549999 P3:1.51549999 P4:1.51549999 STATE:IDLE
[2026-05-04 21:08:01Z] CHK MOM:0% RANGE:0.06% UP:14.28% SPREAD:0.06605019% BID:1.514 ASK:1.515 MID:1.5145 P1:1.5145 P2:1.5145 P3:1.51549999 P4:1.51549999 STATE:IDLE
[2026-05-04 21:08:02Z] CHK MOM:0% RANGE:0.06% UP:14.28% SPREAD:0.06605019% BID:1.514 ASK:1.515 MID:1.5145 P1:1.5145 P2:1.5145 P3:1.51549999 P4:1.51549999 STATE:IDLE
[2026-05-04 21:08:02Z] CHK MOM:0% RANGE:0.06% UP:14.28% SPREAD:0.0660066% BID:1.515 ASK:1.516 MID:1.51549999 P1:1.51549999 P2:1.5145 P3:1.5145 P4:1.51549999 STATE:IDLE
