[2026-06-03 00:41:04Z] SESSION_START symbol=ALLOUSDC dry_run=0 profile=major strategy=momentum base_url=https://api.binance.com
[2026-06-03 00:41:04Z] TOXIC_MEMORY_LOADED count=1 symbols=ORDIUSDC
[2026-06-03 00:41:07Z] CHK MOM:0% RANGE:0% UP:0% SPREAD:0.17381228% BID:0.1726 ASK:0.1729 MID:0.17275 P1:0.17275 P2:NA P3:NA P4:NA STATE:IDLE
[2026-06-03 00:41:07Z] CHK MOM:0.02% RANGE:0.02% UP:100% SPREAD:0.11580775% BID:0.1727 ASK:0.1729 MID:0.1728 P1:0.1728 P2:0.17275 P3:NA P4:NA STATE:IDLE
[2026-06-03 00:41:08Z] CHK MOM:0.02% RANGE:0.02% UP:100% SPREAD:0.11580775% BID:0.1727 ASK:0.1729 MID:0.1728 P1:0.1728 P2:0.17275 P3:NA P4:NA STATE:IDLE
[2026-06-03 00:41:08Z] CHK MOM:0.02% RANGE:0.02% UP:100% SPREAD:0.11580775% BID:0.1727 ASK:0.1729 MID:0.1728 P1:0.1728 P2:0.17275 P3:NA P4:NA STATE:IDLE
[2026-06-03 00:41:09Z] CHK MOM:0% RANGE:0.02% UP:50% SPREAD:0.17381228% BID:0.1726 ASK:0.1729 MID:0.17275 P1:0.17275 P2:0.1728 P3:0.17275 P4:NA STATE:IDLE
[2026-06-03 00:41:09Z] CHK MOM:0% RANGE:0.02% UP:50% SPREAD:0.17381228% BID:0.1726 ASK:0.1729 MID:0.17275 P1:0.17275 P2:0.1728 P3:0.17275 P4:NA STATE:IDLE
[2026-06-03 00:41:10Z] CHK MOM:0% RANGE:0.02% UP:33.33% SPREAD:0.17381228% BID:0.1726 ASK:0.1729 MID:0.17275 P1:0.17275 P2:0.17275 P3:0.1728 P4:0.17275 STATE:IDLE
[2026-06-03 00:41:10Z] CHK MOM:0% RANGE:0.02% UP:25% SPREAD:0.17381228% BID:0.1726 ASK:0.1729 MID:0.17275 P1:0.17275 P2:0.17275 P3:0.17275 P4:0.1728 STATE:IDLE
[2026-06-03 00:41:11Z] CHK MOM:-0.02% RANGE:0.05% UP:20% SPREAD:0.11587485% BID:0.1726 ASK:0.1728 MID:0.1727 P1:0.1727 P2:0.17275 P3:0.17275 P4:0.17275 STATE:IDLE
[2026-06-03 00:41:11Z] CHK MOM:-0.02% RANGE:0.05% UP:20% SPREAD:0.11587485% BID:0.1726 ASK:0.1728 MID:0.1727 P1:0.1727 P2:0.17275 P3:0.17275 P4:0.17275 STATE:IDLE
[2026-06-03 00:41:12Z] CHK MOM:-0.02% RANGE:0.05% UP:20% SPREAD:0.11587485% BID:0.1726 ASK:0.1728 MID:0.1727 P1:0.1727 P2:0.17275 P3:0.17275 P4:0.17275 STATE:IDLE
[2026-06-03 00:41:13Z] CHK MOM:-0.02% RANGE:0.05% UP:20% SPREAD:0.11587485% BID:0.1726 ASK:0.1728 MID:0.1727 P1:0.1727 P2:0.17275 P3:0.17275 P4:0.17275 STATE:IDLE
[2026-06-03 00:41:13Z] CHK MOM:-0.02% RANGE:0.05% UP:20% SPREAD:0.11587485% BID:0.1726 ASK:0.1728 MID:0.1727 P1:0.1727 P2:0.17275 P3:0.17275 P4:0.17275 STATE:IDLE
[2026-06-03 00:41:14Z] CHK MOM:-0.14% RANGE:0.17% UP:16.66% SPREAD:0.11600928% BID:0.1724 ASK:0.1726 MID:0.1725 P1:0.1725 P2:0.1727 P3:0.17275 P4:0.17275 STATE:IDLE
[2026-06-03 00:41:14Z] CHK MOM:-0.14% RANGE:0.17% UP:16.66% SPREAD:0.11600928% BID:0.1724 ASK:0.1726 MID:0.1725 P1:0.1725 P2:0.1727 P3:0.17275 P4:0.17275 STATE:IDLE
[2026-06-03 00:41:15Z] CHK MOM:-0.14% RANGE:0.17% UP:16.66% SPREAD:0.11600928% BID:0.1724 ASK:0.1726 MID:0.1725 P1:0.1725 P2:0.1727 P3:0.17275 P4:0.17275 STATE:IDLE
[2026-06-03 00:41:15Z] CHK MOM:-0.14% RANGE:0.17% UP:16.66% SPREAD:0.11600928% BID:0.1724 ASK:0.1726 MID:0.1725 P1:0.1725 P2:0.1727 P3:0.17275 P4:0.17275 STATE:IDLE
[2026-06-03 00:41:16Z] CHK MOM:-0.14% RANGE:0.17% UP:16.66% SPREAD:0.11600928% BID:0.1724 ASK:0.1726 MID:0.1725 P1:0.1725 P2:0.1727 P3:0.17275 P4:0.17275 STATE:IDLE
[2026-06-03 00:41:16Z] CHK MOM:-0.14% RANGE:0.17% UP:16.66% SPREAD:0.11600928% BID:0.1724 ASK:0.1726 MID:0.1725 P1:0.1725 P2:0.1727 P3:0.17275 P4:0.17275 STATE:IDLE
[2026-06-03 00:41:22Z] CHK MOM:-0.11% RANGE:0.14% UP:33.33% SPREAD:0.17401392% BID:0.1724 ASK:0.1727 MID:0.17254999 P1:0.17254999 P2:0.1725 P3:0.1727 P4:0.17275 STATE:IDLE
[2026-06-03 00:41:23Z] CHK MOM:-0.11% RANGE:0.14% UP:33.33% SPREAD:0.17401392% BID:0.1724 ASK:0.1727 MID:0.17254999 P1:0.17254999 P2:0.1725 P3:0.1727 P4:0.17275 STATE:IDLE
[2026-06-03 00:41:23Z] CHK MOM:-0.11% RANGE:0.14% UP:33.33% SPREAD:0.17401392% BID:0.1724 ASK:0.1727 MID:0.17254999 P1:0.17254999 P2:0.1725 P3:0.1727 P4:0.17275 STATE:IDLE
[2026-06-03 00:41:24Z] CHK MOM:-0.11% RANGE:0.14% UP:33.33% SPREAD:0.17401392% BID:0.1724 ASK:0.1727 MID:0.17254999 P1:0.17254999 P2:0.1725 P3:0.1727 P4:0.17275 STATE:IDLE
[2026-06-03 00:41:24Z] CHK MOM:-0.11% RANGE:0.14% UP:33.33% SPREAD:0.17401392% BID:0.1724 ASK:0.1727 MID:0.17254999 P1:0.17254999 P2:0.1725 P3:0.1727 P4:0.17275 STATE:IDLE
[2026-06-03 00:41:27Z] CHK MOM:0% RANGE:0% UP:0% SPREAD:0.17401392% BID:0.1724 ASK:0.1727 MID:0.17254999 P1:0.17254999 P2:0.17254999 P3:0.1725 P4:0.1727 STATE:IDLE
[2026-06-03 00:41:28Z] CHK MOM:0% RANGE:0% UP:0% SPREAD:0.17401392% BID:0.1724 ASK:0.1727 MID:0.17254999 P1:0.17254999 P2:0.17254999 P3:0.1725 P4:0.1727 STATE:IDLE
[2026-06-03 00:41:28Z] CHK MOM:0% RANGE:0% UP:0% SPREAD:0.17401392% BID:0.1724 ASK:0.1727 MID:0.17254999 P1:0.17254999 P2:0.17254999 P3:0.17254999 P4:0.1725 STATE:IDLE
[2026-06-03 00:41:29Z] CHK MOM:0% RANGE:0% UP:0% SPREAD:0.17401392% BID:0.1724 ASK:0.1727 MID:0.17254999 P1:0.17254999 P2:0.17254999 P3:0.17254999 P4:0.1725 STATE:IDLE
[2026-06-03 00:41:29Z] CHK MOM:0% RANGE:0% UP:0% SPREAD:0.17401392% BID:0.1724 ASK:0.1727 MID:0.17254999 P1:0.17254999 P2:0.17254999 P3:0.17254999 P4:0.17254999 STATE:IDLE
[2026-06-03 00:41:30Z] CHK MOM:-0.02% RANGE:0.02% UP:0% SPREAD:0.11600928% BID:0.1724 ASK:0.1726 MID:0.1725 P1:0.1725 P2:0.17254999 P3:0.17254999 P4:0.17254999 STATE:IDLE
[2026-06-03 00:41:30Z] CHK MOM:-0.02% RANGE:0.02% UP:0% SPREAD:0.11600928% BID:0.1724 ASK:0.1726 MID:0.1725 P1:0.1725 P2:0.17254999 P3:0.17254999 P4:0.17254999 STATE:IDLE
[2026-06-03 00:41:31Z] CHK MOM:0% RANGE:0.02% UP:20% SPREAD:0.17401392% BID:0.1724 ASK:0.1727 MID:0.17254999 P1:0.17254999 P2:0.1725 P3:0.17254999 P4:0.17254999 STATE:IDLE
[2026-06-03 00:41:31Z] CHK MOM:0% RANGE:0.02% UP:20% SPREAD:0.17401392% BID:0.1724 ASK:0.1727 MID:0.17254999 P1:0.17254999 P2:0.1725 P3:0.17254999 P4:0.17254999 STATE:IDLE
[2026-06-03 00:41:32Z] CHK MOM:0% RANGE:0.02% UP:20% SPREAD:0.17401392% BID:0.1724 ASK:0.1727 MID:0.17254999 P1:0.17254999 P2:0.1725 P3:0.17254999 P4:0.17254999 STATE:IDLE
[2026-06-03 00:41:32Z] CHK MOM:0% RANGE:0.02% UP:20% SPREAD:0.17401392% BID:0.1724 ASK:0.1727 MID:0.17254999 P1:0.17254999 P2:0.1725 P3:0.17254999 P4:0.17254999 STATE:IDLE
[2026-06-03 00:41:33Z] CHK MOM:0% RANGE:0.02% UP:20% SPREAD:0.17401392% BID:0.1724 ASK:0.1727 MID:0.17254999 P1:0.17254999 P2:0.1725 P3:0.17254999 P4:0.17254999 STATE:IDLE
[2026-06-03 00:41:35Z] CHK MOM:0.02% RANGE:0.05% UP:40% SPREAD:0.23201856% BID:0.1724 ASK:0.1728 MID:0.1726 P1:0.1726 P2:0.17254999 P3:0.1725 P4:0.17254999 STATE:IDLE
[2026-06-03 00:41:36Z] CHK MOM:0% RANGE:0.05% UP:33.33% SPREAD:0.17401392% BID:0.1724 ASK:0.1727 MID:0.17254999 P1:0.17254999 P2:0.1726 P3:0.17254999 P4:0.1725 STATE:IDLE
[2026-06-03 00:41:36Z] CHK MOM:0% RANGE:0.05% UP:33.33% SPREAD:0.17401392% BID:0.1724 ASK:0.1727 MID:0.17254999 P1:0.17254999 P2:0.1726 P3:0.17254999 P4:0.1725 STATE:IDLE
[2026-06-03 00:41:37Z] CHK MOM:0.02% RANGE:0.05% UP:42.85% SPREAD:0.11594202% BID:0.1725 ASK:0.1727 MID:0.17259999 P1:0.17259999 P2:0.17254999 P3:0.1726 P4:0.17254999 STATE:IDLE
[2026-06-03 00:41:37Z] CHK MOM:0% RANGE:0.05% UP:37.5% SPREAD:0.17401392% BID:0.1724 ASK:0.1727 MID:0.17254999 P1:0.17254999 P2:0.17259999 P3:0.17254999 P4:0.1726 STATE:IDLE
[2026-06-03 00:41:38Z] CHK MOM:0% RANGE:0.05% UP:37.5% SPREAD:0.17401392% BID:0.1724 ASK:0.1727 MID:0.17254999 P1:0.17254999 P2:0.17259999 P3:0.17254999 P4:0.1726 STATE:IDLE
[2026-06-03 00:41:39Z] CHK MOM:0% RANGE:0.05% UP:37.5% SPREAD:0.17401392% BID:0.1724 ASK:0.1727 MID:0.17254999 P1:0.17254999 P2:0.17259999 P3:0.17254999 P4:0.1726 STATE:IDLE
[2026-06-03 00:41:39Z] CHK MOM:0% RANGE:0.05% UP:37.5% SPREAD:0.17401392% BID:0.1724 ASK:0.1727 MID:0.17254999 P1:0.17254999 P2:0.17259999 P3:0.17254999 P4:0.1726 STATE:IDLE
[2026-06-03 00:41:40Z] CHK MOM:0% RANGE:0.05% UP:37.5% SPREAD:0.17401392% BID:0.1724 ASK:0.1727 MID:0.17254999 P1:0.17254999 P2:0.17259999 P3:0.17254999 P4:0.1726 STATE:IDLE
[2026-06-03 00:41:44Z] CHK MOM:0% RANGE:0.02% UP:50% SPREAD:0.11594202% BID:0.1725 ASK:0.1727 MID:0.17259999 P1:0.17259999 P2:0.17254999 P3:0.17259999 P4:0.17254999 STATE:IDLE
[2026-06-03 00:41:45Z] CHK MOM:0% RANGE:0.02% UP:50% SPREAD:0.11594202% BID:0.1725 ASK:0.1727 MID:0.17259999 P1:0.17259999 P2:0.17254999 P3:0.17259999 P4:0.17254999 STATE:IDLE
[2026-06-03 00:41:45Z] CHK MOM:0% RANGE:0.02% UP:50% SPREAD:0.11594202% BID:0.1725 ASK:0.1727 MID:0.17259999 P1:0.17259999 P2:0.17254999 P3:0.17259999 P4:0.17254999 STATE:IDLE
[2026-06-03 00:41:46Z] CHK MOM:0% RANGE:0.02% UP:50% SPREAD:0.11594202% BID:0.1725 ASK:0.1727 MID:0.17259999 P1:0.17259999 P2:0.17254999 P3:0.17259999 P4:0.17254999 STATE:IDLE
[2026-06-03 00:41:46Z] CHK MOM:0% RANGE:0.02% UP:50% SPREAD:0.11594202% BID:0.1725 ASK:0.1727 MID:0.17259999 P1:0.17259999 P2:0.17254999 P3:0.17259999 P4:0.17254999 STATE:IDLE
[2026-06-03 00:41:52Z] CHK MOM:-0.02% RANGE:0.02% UP:0% SPREAD:0.17401392% BID:0.1724 ASK:0.1727 MID:0.17254999 P1:0.17254999 P2:0.17259999 P3:0.17254999 P4:0.17259999 STATE:IDLE
[2026-06-03 00:41:52Z] CHK MOM:-0.11% RANGE:0.11% UP:0% SPREAD:0.11607661% BID:0.1723 ASK:0.1725 MID:0.1724 P1:0.1724 P2:0.17254999 P3:0.17259999 P4:0.17254999 STATE:IDLE
[2026-06-03 00:41:53Z] CHK MOM:-0.11% RANGE:0.11% UP:0% SPREAD:0.11607661% BID:0.1723 ASK:0.1725 MID:0.1724 P1:0.1724 P2:0.17254999 P3:0.17259999 P4:0.17254999 STATE:IDLE
[2026-06-03 00:41:53Z] CHK MOM:-0.11% RANGE:0.11% UP:0% SPREAD:0.11607661% BID:0.1723 ASK:0.1725 MID:0.1724 P1:0.1724 P2:0.17254999 P3:0.17259999 P4:0.17254999 STATE:IDLE
[2026-06-03 00:41:54Z] CHK MOM:-0.11% RANGE:0.11% UP:0% SPREAD:0.11607661% BID:0.1723 ASK:0.1725 MID:0.1724 P1:0.1724 P2:0.17254999 P3:0.17259999 P4:0.17254999 STATE:IDLE
[2026-06-03 00:41:54Z] CHK MOM:-0.08% RANGE:0.11% UP:33.33% SPREAD:0.17411491% BID:0.1723 ASK:0.1726 MID:0.17245 P1:0.17245 P2:0.1724 P3:0.17254999 P4:0.17259999 STATE:IDLE
[2026-06-03 00:41:55Z] CHK MOM:-0.08% RANGE:0.11% UP:33.33% SPREAD:0.17411491% BID:0.1723 ASK:0.1726 MID:0.17245 P1:0.17245 P2:0.1724 P3:0.17254999 P4:0.17259999 STATE:IDLE
[2026-06-03 00:41:55Z] CHK MOM:-0.08% RANGE:0.11% UP:33.33% SPREAD:0.17411491% BID:0.1723 ASK:0.1726 MID:0.17245 P1:0.17245 P2:0.1724 P3:0.17254999 P4:0.17259999 STATE:IDLE
[2026-06-03 00:41:56Z] CHK MOM:-0.05% RANGE:0.08% UP:33.33% SPREAD:0.17411491% BID:0.1723 ASK:0.1726 MID:0.17245 P1:0.17245 P2:0.17245 P3:0.1724 P4:0.17254999 STATE:IDLE
[2026-06-03 00:41:56Z] CHK MOM:-0.05% RANGE:0.08% UP:33.33% SPREAD:0.17411491% BID:0.1723 ASK:0.1726 MID:0.17245 P1:0.17245 P2:0.17245 P3:0.1724 P4:0.17254999 STATE:IDLE
[2026-06-03 00:41:57Z] CHK MOM:-0.05% RANGE:0.08% UP:33.33% SPREAD:0.17411491% BID:0.1723 ASK:0.1726 MID:0.17245 P1:0.17245 P2:0.17245 P3:0.1724 P4:0.17254999 STATE:IDLE
[2026-06-03 00:41:58Z] CHK MOM:-0.05% RANGE:0.08% UP:25% SPREAD:0.17411491% BID:0.1723 ASK:0.1726 MID:0.17245 P1:0.17245 P2:0.17245 P3:0.17245 P4:0.1724 STATE:IDLE
[2026-06-03 00:41:58Z] CHK MOM:0% RANGE:0.08% UP:40% SPREAD:0.17401392% BID:0.1724 ASK:0.1727 MID:0.17254999 P1:0.17254999 P2:0.17245 P3:0.17245 P4:0.17245 STATE:IDLE
[2026-06-03 00:41:59Z] CHK MOM:0% RANGE:0.08% UP:40% SPREAD:0.17401392% BID:0.1724 ASK:0.1727 MID:0.17254999 P1:0.17254999 P2:0.17245 P3:0.17245 P4:0.17245 STATE:IDLE
[2026-06-03 00:41:59Z] CHK MOM:0% RANGE:0.08% UP:40% SPREAD:0.17401392% BID:0.1724 ASK:0.1727 MID:0.17254999 P1:0.17254999 P2:0.17245 P3:0.17245 P4:0.17245 STATE:IDLE
[2026-06-03 00:42:00Z] CHK MOM:0.02% RANGE:0.11% UP:50% SPREAD:0.11594202% BID:0.1725 ASK:0.1727 MID:0.17259999 P1:0.17259999 P2:0.17254999 P3:0.17245 P4:0.17245 STATE:IDLE
[2026-06-03 00:42:00Z] CHK MOM:0.02% RANGE:0.11% UP:50% SPREAD:0.11594202% BID:0.1725 ASK:0.1727 MID:0.17259999 P1:0.17259999 P2:0.17254999 P3:0.17245 P4:0.17245 STATE:IDLE
[2026-06-03 00:42:01Z] CHK MOM:0.02% RANGE:0.11% UP:50% SPREAD:0.11594202% BID:0.1725 ASK:0.1727 MID:0.17259999 P1:0.17259999 P2:0.17254999 P3:0.17245 P4:0.17245 STATE:IDLE
[2026-06-03 00:42:01Z] CHK MOM:0.08% RANGE:0.17% UP:57.14% SPREAD:0.11587485% BID:0.1726 ASK:0.1728 MID:0.1727 P1:0.1727 P2:0.17259999 P3:0.17254999 P4:0.17245 STATE:IDLE
[2026-06-03 00:42:02Z] CHK MOM:0.11% RANGE:0.2% UP:62.5% SPREAD:0.17381228% BID:0.1726 ASK:0.1729 MID:0.17275 P1:0.17275 P2:0.1727 P3:0.17259999 P4:0.17254999 STATE:IDLE
[2026-06-03 00:42:02Z] CHK MOM:0.05% RANGE:0.2% UP:55.55% SPREAD:0.17391304% BID:0.1725 ASK:0.1728 MID:0.17265 P1:0.17265 P2:0.17275 P3:0.1727 P4:0.17259999 STATE:IDLE
[2026-06-03 00:42:03Z] CHK MOM:0.05% RANGE:0.2% UP:55.55% SPREAD:0.17391304% BID:0.1725 ASK:0.1728 MID:0.17265 P1:0.17265 P2:0.17275 P3:0.1727 P4:0.17259999 STATE:IDLE
[2026-06-03 00:42:03Z] CHK MOM:0.08% RANGE:0.17% UP:50% SPREAD:0.11594202% BID:0.1725 ASK:0.1727 MID:0.17259999 P1:0.17259999 P2:0.17265 P3:0.17275 P4:0.1727 STATE:IDLE
[2026-06-03 00:42:04Z] CHK MOM:0.11% RANGE:0.17% UP:55.55% SPREAD:0.17391304% BID:0.1725 ASK:0.1728 MID:0.17265 P1:0.17265 P2:0.17259999 P3:0.17265 P4:0.17275 STATE:IDLE
[2026-06-03 00:42:04Z] CHK MOM:0.11% RANGE:0.17% UP:50% SPREAD:0.17391304% BID:0.1725 ASK:0.1728 MID:0.17265 P1:0.17265 P2:0.17265 P3:0.17259999 P4:0.17265 STATE:IDLE
[2026-06-03 00:42:05Z] CHK MOM:0.11% RANGE:0.17% UP:50% SPREAD:0.17391304% BID:0.1725 ASK:0.1728 MID:0.17265 P1:0.17265 P2:0.17265 P3:0.17259999 P4:0.17265 STATE:IDLE
[2026-06-03 00:42:05Z] CHK MOM:0.05% RANGE:0.17% UP:45.45% SPREAD:0.17401392% BID:0.1724 ASK:0.1727 MID:0.17254999 P1:0.17254999 P2:0.17265 P3:0.17265 P4:0.17259999 STATE:IDLE
[2026-06-03 00:42:06Z] CHK MOM:0.05% RANGE:0.17% UP:45.45% SPREAD:0.17401392% BID:0.1724 ASK:0.1727 MID:0.17254999 P1:0.17254999 P2:0.17265 P3:0.17265 P4:0.17259999 STATE:IDLE
[2026-06-03 00:42:06Z] CHK MOM:0.05% RANGE:0.17% UP:45.45% SPREAD:0.17401392% BID:0.1724 ASK:0.1727 MID:0.17254999 P1:0.17254999 P2:0.17265 P3:0.17265 P4:0.17259999 STATE:IDLE
[2026-06-03 00:42:07Z] CHK MOM:-0.05% RANGE:0.23% UP:45.45% SPREAD:0.0580383% BID:0.1723 ASK:0.1724 MID:0.17235 P1:0.17235 P2:0.17254999 P3:0.17265 P4:0.17265 STATE:IDLE
[2026-06-03 00:42:08Z] CHK MOM:-0.05% RANGE:0.23% UP:45.45% SPREAD:0.0580383% BID:0.1723 ASK:0.1724 MID:0.17235 P1:0.17235 P2:0.17254999 P3:0.17265 P4:0.17265 STATE:IDLE
[2026-06-03 00:42:08Z] CHK MOM:-0.05% RANGE:0.23% UP:45.45% SPREAD:0.0580383% BID:0.1723 ASK:0.1724 MID:0.17235 P1:0.17235 P2:0.17254999 P3:0.17265 P4:0.17265 STATE:IDLE
[2026-06-03 00:42:09Z] CHK MOM:-0.05% RANGE:0.23% UP:45.45% SPREAD:0.17421602% BID:0.1722 ASK:0.1725 MID:0.17235 P1:0.17235 P2:0.17235 P3:0.17254999 P4:0.17265 STATE:IDLE
[2026-06-03 00:42:09Z] CHK MOM:-0.05% RANGE:0.23% UP:41.66% SPREAD:0.17421602% BID:0.1722 ASK:0.1725 MID:0.17235 P1:0.17235 P2:0.17235 P3:0.17235 P4:0.17254999 STATE:IDLE
[2026-06-03 00:42:10Z] CHK MOM:-0.2% RANGE:0.31% UP:33.33% SPREAD:0.1162115% BID:0.1721 ASK:0.1723 MID:0.1722 P1:0.1722 P2:0.17235 P3:0.17235 P4:0.17235 STATE:IDLE
[2026-06-03 00:42:10Z] CHK MOM:-0.28% RANGE:0.37% UP:25% SPREAD:0.11627906% BID:0.172 ASK:0.1722 MID:0.17209999 P1:0.17209999 P2:0.1722 P3:0.17235 P4:0.17235 STATE:IDLE
[2026-06-03 00:42:11Z] CHK MOM:-0.28% RANGE:0.37% UP:25% SPREAD:0.11627906% BID:0.172 ASK:0.1722 MID:0.17209999 P1:0.17209999 P2:0.1722 P3:0.17235 P4:0.17235 STATE:IDLE
[2026-06-03 00:42:11Z] CHK MOM:-0.31% RANGE:0.37% UP:25% SPREAD:0.1744186% BID:0.172 ASK:0.1723 MID:0.17215 P1:0.17215 P2:0.17209999 P3:0.1722 P4:0.17235 STATE:IDLE
[2026-06-03 00:42:12Z] CHK MOM:-0.31% RANGE:0.37% UP:25% SPREAD:0.1744186% BID:0.172 ASK:0.1723 MID:0.17215 P1:0.17215 P2:0.17209999 P3:0.1722 P4:0.17235 STATE:IDLE
[2026-06-03 00:42:12Z] CHK MOM:-0.26% RANGE:0.37% UP:30.76% SPREAD:0.17431725% BID:0.1721 ASK:0.1724 MID:0.17225 P1:0.17225 P2:0.17215 P3:0.17209999 P4:0.1722 STATE:IDLE
[2026-06-03 00:42:13Z] CHK MOM:-0.28% RANGE:0.37% UP:23.07% SPREAD:0.17431725% BID:0.1721 ASK:0.1724 MID:0.17225 P1:0.17225 P2:0.17225 P3:0.17215 P4:0.17209999 STATE:IDLE
[2026-06-03 00:42:14Z] CHK MOM:-0.23% RANGE:0.31% UP:23.07% SPREAD:0.17431725% BID:0.1721 ASK:0.1724 MID:0.17225 P1:0.17225 P2:0.17225 P3:0.17225 P4:0.17215 STATE:IDLE
[2026-06-03 00:42:14Z] CHK MOM:-0.23% RANGE:0.31% UP:23.07% SPREAD:0.17431725% BID:0.1721 ASK:0.1724 MID:0.17225 P1:0.17225 P2:0.17225 P3:0.17225 P4:0.17215 STATE:IDLE
[2026-06-03 00:42:15Z] CHK MOM:-0.26% RANGE:0.31% UP:23.07% SPREAD:0.1744186% BID:0.172 ASK:0.1723 MID:0.17215 P1:0.17215 P2:0.17225 P3:0.17225 P4:0.17225 STATE:IDLE
[2026-06-03 00:42:15Z] CHK MOM:-0.26% RANGE:0.31% UP:21.42% SPREAD:0.1744186% BID:0.172 ASK:0.1723 MID:0.17215 P1:0.17215 P2:0.17215 P3:0.17225 P4:0.17225 STATE:IDLE
[2026-06-03 00:42:16Z] CHK MOM:-0.26% RANGE:0.31% UP:21.42% SPREAD:0.1744186% BID:0.172 ASK:0.1723 MID:0.17215 P1:0.17215 P2:0.17215 P3:0.17225 P4:0.17225 STATE:IDLE
[2026-06-03 00:42:16Z] CHK MOM:-0.26% RANGE:0.31% UP:21.42% SPREAD:0.1744186% BID:0.172 ASK:0.1723 MID:0.17215 P1:0.17215 P2:0.17215 P3:0.17225 P4:0.17225 STATE:IDLE
[2026-06-03 00:42:17Z] CHK MOM:-0.26% RANGE:0.31% UP:21.42% SPREAD:0.1744186% BID:0.172 ASK:0.1723 MID:0.17215 P1:0.17215 P2:0.17215 P3:0.17225 P4:0.17225 STATE:IDLE
[2026-06-03 00:42:17Z] CHK MOM:-0.26% RANGE:0.31% UP:21.42% SPREAD:0.1744186% BID:0.172 ASK:0.1723 MID:0.17215 P1:0.17215 P2:0.17215 P3:0.17225 P4:0.17225 STATE:IDLE
[2026-06-03 00:42:18Z] CHK MOM:-0.05% RANGE:0.14% UP:27.27% SPREAD:0.17431725% BID:0.1721 ASK:0.1724 MID:0.17225 P1:0.17225 P2:0.17215 P3:0.17215 P4:0.17225 STATE:IDLE
[2026-06-03 00:42:19Z] CHK MOM:-0.05% RANGE:0.14% UP:27.27% SPREAD:0.17431725% BID:0.1721 ASK:0.1724 MID:0.17225 P1:0.17225 P2:0.17215 P3:0.17215 P4:0.17225 STATE:IDLE
[2026-06-03 00:42:19Z] CHK MOM:-0.05% RANGE:0.14% UP:27.27% SPREAD:0.17431725% BID:0.1721 ASK:0.1724 MID:0.17225 P1:0.17225 P2:0.17215 P3:0.17215 P4:0.17225 STATE:IDLE
[2026-06-03 00:42:20Z] CHK MOM:-0.11% RANGE:0.14% UP:27.27% SPREAD:0.1744186% BID:0.172 ASK:0.1723 MID:0.17215 P1:0.17215 P2:0.17225 P3:0.17215 P4:0.17215 STATE:IDLE
[2026-06-03 00:42:20Z] CHK MOM:-0.05% RANGE:0.14% UP:33.33% SPREAD:0.17431725% BID:0.1721 ASK:0.1724 MID:0.17225 P1:0.17225 P2:0.17215 P3:0.17225 P4:0.17215 STATE:IDLE
[2026-06-03 00:42:21Z] CHK MOM:-0.11% RANGE:0.14% UP:33.33% SPREAD:0.1744186% BID:0.172 ASK:0.1723 MID:0.17215 P1:0.17215 P2:0.17225 P3:0.17215 P4:0.17225 STATE:IDLE
[2026-06-03 00:42:21Z] CHK MOM:-0.11% RANGE:0.14% UP:33.33% SPREAD:0.1744186% BID:0.172 ASK:0.1723 MID:0.17215 P1:0.17215 P2:0.17225 P3:0.17215 P4:0.17225 STATE:IDLE
[2026-06-03 00:42:22Z] CHK MOM:0.08% RANGE:0.08% UP:45.45% SPREAD:0.17431725% BID:0.1721 ASK:0.1724 MID:0.17225 P1:0.17225 P2:0.17215 P3:0.17225 P4:0.17215 STATE:IDLE
[2026-06-03 00:42:22Z] CHK MOM:0.08% RANGE:0.08% UP:45.45% SPREAD:0.17431725% BID:0.1721 ASK:0.1724 MID:0.17225 P1:0.17225 P2:0.17215 P3:0.17225 P4:0.17215 STATE:IDLE
[2026-06-03 00:42:23Z] CHK MOM:0.02% RANGE:0.05% UP:36.36% SPREAD:0.1162115% BID:0.1721 ASK:0.1723 MID:0.1722 P1:0.1722 P2:0.17225 P3:0.17215 P4:0.17225 STATE:IDLE
[2026-06-03 00:42:23Z] CHK MOM:0.02% RANGE:0.05% UP:36.36% SPREAD:0.1162115% BID:0.1721 ASK:0.1723 MID:0.1722 P1:0.1722 P2:0.17225 P3:0.17215 P4:0.17225 STATE:IDLE
[2026-06-03 00:42:24Z] CHK MOM:0% RANGE:0.05% UP:36.36% SPREAD:0.17431725% BID:0.1721 ASK:0.1724 MID:0.17225 P1:0.17225 P2:0.1722 P3:0.17225 P4:0.17215 STATE:IDLE
[2026-06-03 00:42:25Z] CHK MOM:0% RANGE:0.05% UP:36.36% SPREAD:0.17431725% BID:0.1721 ASK:0.1724 MID:0.17225 P1:0.17225 P2:0.17225 P3:0.1722 P4:0.17225 STATE:IDLE
[2026-06-03 00:42:25Z] CHK MOM:-0.05% RANGE:0.05% UP:36.36% SPREAD:0.1744186% BID:0.172 ASK:0.1723 MID:0.17215 P1:0.17215 P2:0.17225 P3:0.17225 P4:0.1722 STATE:IDLE
[2026-06-03 00:42:26Z] CHK MOM:-0.05% RANGE:0.05% UP:33.33% SPREAD:0.1744186% BID:0.172 ASK:0.1723 MID:0.17215 P1:0.17215 P2:0.17215 P3:0.17225 P4:0.17225 STATE:IDLE
[2026-06-03 00:42:26Z] CHK MOM:-0.05% RANGE:0.05% UP:33.33% SPREAD:0.1744186% BID:0.172 ASK:0.1723 MID:0.17215 P1:0.17215 P2:0.17215 P3:0.17225 P4:0.17225 STATE:IDLE
[2026-06-03 00:42:27Z] CHK MOM:-0.05% RANGE:0.05% UP:33.33% SPREAD:0.1744186% BID:0.172 ASK:0.1723 MID:0.17215 P1:0.17215 P2:0.17215 P3:0.17225 P4:0.17225 STATE:IDLE
[2026-06-03 00:42:27Z] CHK MOM:-0.05% RANGE:0.05% UP:33.33% SPREAD:0.1744186% BID:0.172 ASK:0.1723 MID:0.17215 P1:0.17215 P2:0.17215 P3:0.17225 P4:0.17225 STATE:IDLE
[2026-06-03 00:42:28Z] CHK MOM:-0.05% RANGE:0.05% UP:33.33% SPREAD:0.1744186% BID:0.172 ASK:0.1723 MID:0.17215 P1:0.17215 P2:0.17215 P3:0.17225 P4:0.17225 STATE:IDLE
[2026-06-03 00:42:28Z] CHK MOM:-0.05% RANGE:0.05% UP:33.33% SPREAD:0.1744186% BID:0.172 ASK:0.1723 MID:0.17215 P1:0.17215 P2:0.17215 P3:0.17225 P4:0.17225 STATE:IDLE
[2026-06-03 00:42:30Z] CHK MOM:-0.08% RANGE:0.08% UP:30% SPREAD:0.11627906% BID:0.172 ASK:0.1722 MID:0.17209999 P1:0.17209999 P2:0.17215 P3:0.17215 P4:0.17225 STATE:IDLE
[2026-06-03 00:42:30Z] CHK MOM:-0.08% RANGE:0.08% UP:30% SPREAD:0.11627906% BID:0.172 ASK:0.1722 MID:0.17209999 P1:0.17209999 P2:0.17215 P3:0.17215 P4:0.17225 STATE:IDLE
[2026-06-03 00:42:31Z] CHK MOM:-0.08% RANGE:0.08% UP:30% SPREAD:0.11627906% BID:0.172 ASK:0.1722 MID:0.17209999 P1:0.17209999 P2:0.17215 P3:0.17215 P4:0.17225 STATE:IDLE
[2026-06-03 00:42:31Z] CHK MOM:-0.08% RANGE:0.08% UP:30% SPREAD:0.11627906% BID:0.172 ASK:0.1722 MID:0.17209999 P1:0.17209999 P2:0.17215 P3:0.17215 P4:0.17225 STATE:IDLE
[2026-06-03 00:42:32Z] CHK MOM:-0.02% RANGE:0.08% UP:30% SPREAD:0.11627906% BID:0.172 ASK:0.1722 MID:0.17209999 P1:0.17209999 P2:0.17209999 P3:0.17215 P4:0.17215 STATE:IDLE
[2026-06-03 00:42:32Z] CHK MOM:-0.02% RANGE:0.08% UP:30% SPREAD:0.11627906% BID:0.172 ASK:0.1722 MID:0.17209999 P1:0.17209999 P2:0.17209999 P3:0.17215 P4:0.17215 STATE:IDLE
[2026-06-03 00:42:33Z] CHK MOM:0% RANGE:0.08% UP:33.33% SPREAD:0.1744186% BID:0.172 ASK:0.1723 MID:0.17215 P1:0.17215 P2:0.17209999 P3:0.17209999 P4:0.17215 STATE:IDLE
[2026-06-03 00:42:33Z] CHK MOM:0% RANGE:0.08% UP:33.33% SPREAD:0.1744186% BID:0.172 ASK:0.1723 MID:0.17215 P1:0.17215 P2:0.17209999 P3:0.17209999 P4:0.17215 STATE:IDLE
[2026-06-03 00:42:34Z] CHK MOM:-0.05% RANGE:0.08% UP:22.22% SPREAD:0.1744186% BID:0.172 ASK:0.1723 MID:0.17215 P1:0.17215 P2:0.17215 P3:0.17209999 P4:0.17209999 STATE:IDLE
[2026-06-03 00:42:34Z] CHK MOM:-0.02% RANGE:0.08% UP:22.22% SPREAD:0.1744186% BID:0.172 ASK:0.1723 MID:0.17215 P1:0.17215 P2:0.17215 P3:0.17215 P4:0.17209999 STATE:IDLE
[2026-06-03 00:42:35Z] CHK MOM:-0.02% RANGE:0.08% UP:22.22% SPREAD:0.1744186% BID:0.172 ASK:0.1723 MID:0.17215 P1:0.17215 P2:0.17215 P3:0.17215 P4:0.17209999 STATE:IDLE
[2026-06-03 00:42:36Z] CHK MOM:-0.02% RANGE:0.08% UP:22.22% SPREAD:0.1744186% BID:0.172 ASK:0.1723 MID:0.17215 P1:0.17215 P2:0.17215 P3:0.17215 P4:0.17209999 STATE:IDLE
[2026-06-03 00:42:36Z] CHK MOM:-0.05% RANGE:0.08% UP:12.5% SPREAD:0.1744186% BID:0.172 ASK:0.1723 MID:0.17215 P1:0.17215 P2:0.17215 P3:0.17215 P4:0.17215 STATE:IDLE
[2026-06-03 00:42:37Z] CHK MOM:-0.05% RANGE:0.08% UP:11.11% SPREAD:0.1744186% BID:0.172 ASK:0.1723 MID:0.17215 P1:0.17215 P2:0.17215 P3:0.17215 P4:0.17215 STATE:IDLE
[2026-06-03 00:42:37Z] CHK MOM:-0.05% RANGE:0.08% UP:11.11% SPREAD:0.1744186% BID:0.172 ASK:0.1723 MID:0.17215 P1:0.17215 P2:0.17215 P3:0.17215 P4:0.17215 STATE:IDLE
[2026-06-03 00:42:38Z] CHK MOM:-0.05% RANGE:0.08% UP:11.11% SPREAD:0.1744186% BID:0.172 ASK:0.1723 MID:0.17215 P1:0.17215 P2:0.17215 P3:0.17215 P4:0.17215 STATE:IDLE
[2026-06-03 00:42:38Z] CHK MOM:-0.05% RANGE:0.08% UP:11.11% SPREAD:0.1744186% BID:0.172 ASK:0.1723 MID:0.17215 P1:0.17215 P2:0.17215 P3:0.17215 P4:0.17215 STATE:IDLE
[2026-06-03 00:42:39Z] CHK MOM:-0.05% RANGE:0.08% UP:11.11% SPREAD:0.1744186% BID:0.172 ASK:0.1723 MID:0.17215 P1:0.17215 P2:0.17215 P3:0.17215 P4:0.17215 STATE:IDLE
[2026-06-03 00:42:39Z] CHK MOM:-0.05% RANGE:0.08% UP:11.11% SPREAD:0.1744186% BID:0.172 ASK:0.1723 MID:0.17215 P1:0.17215 P2:0.17215 P3:0.17215 P4:0.17215 STATE:IDLE
[2026-06-03 00:42:42Z] CHK MOM:0.02% RANGE:0.02% UP:16.66% SPREAD:0.1744186% BID:0.172 ASK:0.1723 MID:0.17215 P1:0.17215 P2:0.17215 P3:0.17215 P4:0.17215 STATE:IDLE
[2026-06-03 00:42:43Z] CHK MOM:0.02% RANGE:0.02% UP:16.66% SPREAD:0.1744186% BID:0.172 ASK:0.1723 MID:0.17215 P1:0.17215 P2:0.17215 P3:0.17215 P4:0.17215 STATE:IDLE
[2026-06-03 00:42:43Z] CHK MOM:0.02% RANGE:0.02% UP:16.66% SPREAD:0.1744186% BID:0.172 ASK:0.1723 MID:0.17215 P1:0.17215 P2:0.17215 P3:0.17215 P4:0.17215 STATE:IDLE
[2026-06-03 00:42:44Z] CHK MOM:0.02% RANGE:0.02% UP:16.66% SPREAD:0.1744186% BID:0.172 ASK:0.1723 MID:0.17215 P1:0.17215 P2:0.17215 P3:0.17215 P4:0.17215 STATE:IDLE
[2026-06-03 00:42:44Z] CHK MOM:0.02% RANGE:0.02% UP:16.66% SPREAD:0.1744186% BID:0.172 ASK:0.1723 MID:0.17215 P1:0.17215 P2:0.17215 P3:0.17215 P4:0.17215 STATE:IDLE
[2026-06-03 00:42:48Z] CHK MOM:0% RANGE:0% UP:0% SPREAD:0.1744186% BID:0.172 ASK:0.1723 MID:0.17215 P1:0.17215 P2:0.17215 P3:0.17215 P4:0.17215 STATE:IDLE
[2026-06-03 00:42:48Z] CHK MOM:0% RANGE:0% UP:0% SPREAD:0.1744186% BID:0.172 ASK:0.1723 MID:0.17215 P1:0.17215 P2:0.17215 P3:0.17215 P4:0.17215 STATE:IDLE
[2026-06-03 00:42:49Z] CHK MOM:0% RANGE:0% UP:0% SPREAD:0.1744186% BID:0.172 ASK:0.1723 MID:0.17215 P1:0.17215 P2:0.17215 P3:0.17215 P4:0.17215 STATE:IDLE
[2026-06-03 00:42:49Z] CHK MOM:-0.02% RANGE:0.02% UP:0% SPREAD:0.11627906% BID:0.172 ASK:0.1722 MID:0.17209999 P1:0.17209999 P2:0.17215 P3:0.17215 P4:0.17215 STATE:IDLE
[2026-06-03 00:42:50Z] CHK MOM:-0.02% RANGE:0.02% UP:0% SPREAD:0.11627906% BID:0.172 ASK:0.1722 MID:0.17209999 P1:0.17209999 P2:0.17215 P3:0.17215 P4:0.17215 STATE:IDLE
[2026-06-03 00:42:50Z] CHK MOM:-0.02% RANGE:0.02% UP:0% SPREAD:0.11627906% BID:0.172 ASK:0.1722 MID:0.17209999 P1:0.17209999 P2:0.17215 P3:0.17215 P4:0.17215 STATE:IDLE
[2026-06-03 00:42:51Z] CHK MOM:-0.02% RANGE:0.02% UP:0% SPREAD:0.11627906% BID:0.172 ASK:0.1722 MID:0.17209999 P1:0.17209999 P2:0.17215 P3:0.17215 P4:0.17215 STATE:IDLE
[2026-06-03 00:42:51Z] CHK MOM:-0.02% RANGE:0.02% UP:0% SPREAD:0.11627906% BID:0.172 ASK:0.1722 MID:0.17209999 P1:0.17209999 P2:0.17209999 P3:0.17215 P4:0.17215 STATE:IDLE
[2026-06-03 00:42:52Z] CHK MOM:-0.02% RANGE:0.02% UP:0% SPREAD:0.11627906% BID:0.172 ASK:0.1722 MID:0.17209999 P1:0.17209999 P2:0.17209999 P3:0.17215 P4:0.17215 STATE:IDLE
[2026-06-03 00:42:52Z] CHK MOM:-0.02% RANGE:0.02% UP:0% SPREAD:0.11627906% BID:0.172 ASK:0.1722 MID:0.17209999 P1:0.17209999 P2:0.17209999 P3:0.17215 P4:0.17215 STATE:IDLE
[2026-06-03 00:42:53Z] CHK MOM:0% RANGE:0.02% UP:25% SPREAD:0.1744186% BID:0.172 ASK:0.1723 MID:0.17215 P1:0.17215 P2:0.17209999 P3:0.17209999 P4:0.17215 STATE:IDLE
[2026-06-03 00:42:54Z] CHK MOM:0% RANGE:0.02% UP:25% SPREAD:0.1744186% BID:0.172 ASK:0.1723 MID:0.17215 P1:0.17215 P2:0.17215 P3:0.17209999 P4:0.17209999 STATE:IDLE
[2026-06-03 00:42:54Z] CHK MOM:0% RANGE:0.02% UP:25% SPREAD:0.1744186% BID:0.172 ASK:0.1723 MID:0.17215 P1:0.17215 P2:0.17215 P3:0.17209999 P4:0.17209999 STATE:IDLE
[2026-06-03 00:42:55Z] CHK MOM:0% RANGE:0.02% UP:25% SPREAD:0.1744186% BID:0.172 ASK:0.1723 MID:0.17215 P1:0.17215 P2:0.17215 P3:0.17209999 P4:0.17209999 STATE:IDLE
[2026-06-03 00:42:55Z] CHK MOM:0% RANGE:0.02% UP:25% SPREAD:0.1744186% BID:0.172 ASK:0.1723 MID:0.17215 P1:0.17215 P2:0.17215 P3:0.17209999 P4:0.17209999 STATE:IDLE
[2026-06-03 00:42:56Z] CHK MOM:0% RANGE:0.02% UP:25% SPREAD:0.1744186% BID:0.172 ASK:0.1723 MID:0.17215 P1:0.17215 P2:0.17215 P3:0.17209999 P4:0.17209999 STATE:IDLE
[2026-06-03 00:42:56Z] CHK MOM:0% RANGE:0.02% UP:25% SPREAD:0.1744186% BID:0.172 ASK:0.1723 MID:0.17215 P1:0.17215 P2:0.17215 P3:0.17209999 P4:0.17209999 STATE:IDLE
[2026-06-03 00:42:59Z] CHK MOM:0% RANGE:0.02% UP:20% SPREAD:0.1744186% BID:0.172 ASK:0.1723 MID:0.17215 P1:0.17215 P2:0.17215 P3:0.17215 P4:0.17209999 STATE:IDLE
[2026-06-03 00:43:00Z] CHK MOM:0% RANGE:0.02% UP:20% SPREAD:0.1744186% BID:0.172 ASK:0.1723 MID:0.17215 P1:0.17215 P2:0.17215 P3:0.17215 P4:0.17209999 STATE:IDLE
[2026-06-03 00:43:00Z] CHK MOM:0.02% RANGE:0.02% UP:20% SPREAD:0.1744186% BID:0.172 ASK:0.1723 MID:0.17215 P1:0.17215 P2:0.17215 P3:0.17215 P4:0.17215 STATE:IDLE
[2026-06-03 00:43:01Z] CHK MOM:0.17% RANGE:0.17% UP:33.33% SPREAD:0.11607661% BID:0.1723 ASK:0.1725 MID:0.1724 P1:0.1724 P2:0.17215 P3:0.17215 P4:0.17215 STATE:IDLE
[2026-06-03 00:43:01Z] CHK MOM:0.17% RANGE:0.17% UP:33.33% SPREAD:0.11607661% BID:0.1723 ASK:0.1725 MID:0.1724 P1:0.1724 P2:0.17215 P3:0.17215 P4:0.17215 STATE:IDLE
[2026-06-03 00:43:02Z] CHK MOM:0.14% RANGE:0.17% UP:33.33% SPREAD:0.17421602% BID:0.1722 ASK:0.1725 MID:0.17235 P1:0.17235 P2:0.1724 P3:0.17215 P4:0.17215 STATE:IDLE
[2026-06-03 00:43:02Z] CHK MOM:0.14% RANGE:0.17% UP:33.33% SPREAD:0.17421602% BID:0.1722 ASK:0.1725 MID:0.17235 P1:0.17235 P2:0.1724 P3:0.17215 P4:0.17215 STATE:IDLE
[2026-06-03 00:43:03Z] CHK MOM:0.23% RANGE:0.23% UP:42.85% SPREAD:0.11600928% BID:0.1724 ASK:0.1726 MID:0.1725 P1:0.1725 P2:0.17235 P3:0.1724 P4:0.17215 STATE:IDLE
[2026-06-03 00:43:03Z] CHK MOM:0.23% RANGE:0.23% UP:42.85% SPREAD:0.11600928% BID:0.1724 ASK:0.1726 MID:0.1725 P1:0.1725 P2:0.17235 P3:0.1724 P4:0.17215 STATE:IDLE
[2026-06-03 00:43:04Z] CHK MOM:0.23% RANGE:0.23% UP:42.85% SPREAD:0.11600928% BID:0.1724 ASK:0.1726 MID:0.1725 P1:0.1725 P2:0.17235 P3:0.1724 P4:0.17215 STATE:IDLE
[2026-06-03 00:43:05Z] CHK MOM:0.23% RANGE:0.23% UP:42.85% SPREAD:0.11600928% BID:0.1724 ASK:0.1726 MID:0.1725 P1:0.1725 P2:0.17235 P3:0.1724 P4:0.17215 STATE:IDLE
[2026-06-03 00:43:05Z] CHK MOM:0.2% RANGE:0.2% UP:28.57% SPREAD:0.11600928% BID:0.1724 ASK:0.1726 MID:0.1725 P1:0.1725 P2:0.1725 P3:0.17235 P4:0.1724 STATE:IDLE
[2026-06-03 00:43:06Z] CHK MOM:0.11% RANGE:0.2% UP:28.57% SPREAD:0.17421602% BID:0.1722 ASK:0.1725 MID:0.17235 P1:0.17235 P2:0.1725 P3:0.1725 P4:0.17235 STATE:IDLE
[2026-06-03 00:43:06Z] CHK MOM:0.11% RANGE:0.2% UP:28.57% SPREAD:0.17421602% BID:0.1722 ASK:0.1725 MID:0.17235 P1:0.17235 P2:0.1725 P3:0.1725 P4:0.17235 STATE:IDLE
[2026-06-03 00:43:07Z] CHK MOM:0.11% RANGE:0.2% UP:28.57% SPREAD:0.17421602% BID:0.1722 ASK:0.1725 MID:0.17235 P1:0.17235 P2:0.1725 P3:0.1725 P4:0.17235 STATE:IDLE
[2026-06-03 00:43:07Z] CHK MOM:0.08% RANGE:0.2% UP:28.57% SPREAD:0.11614401% BID:0.1722 ASK:0.1724 MID:0.1723 P1:0.1723 P2:0.17235 P3:0.1725 P4:0.1725 STATE:IDLE
[2026-06-03 00:43:07Z] TOKEN_SWITCH old=ALLOUSDC new=WLDUSDC source=.service.env
[2026-06-03 00:45:59Z] SESSION_START symbol=ALLOUSDC dry_run=0 profile=major strategy=momentum base_url=https://api.binance.com
[2026-06-03 00:45:59Z] TOXIC_MEMORY_LOADED count=1 symbols=ORDIUSDC
[2026-06-03 00:46:01Z] CHK MOM:0% RANGE:0% UP:0% SPREAD:0.11527377% BID:0.1735 ASK:0.1737 MID:0.17359999 P1:0.17359999 P2:NA P3:NA P4:NA STATE:IDLE
[2026-06-03 00:46:01Z] CHK MOM:0.02% RANGE:0.02% UP:100% SPREAD:0.17291066% BID:0.1735 ASK:0.1738 MID:0.17365 P1:0.17365 P2:0.17359999 P3:NA P4:NA STATE:IDLE
[2026-06-03 00:46:02Z] CHK MOM:0.02% RANGE:0.02% UP:100% SPREAD:0.17291066% BID:0.1735 ASK:0.1738 MID:0.17365 P1:0.17365 P2:0.17359999 P3:NA P4:NA STATE:IDLE
[2026-06-03 00:46:02Z] CHK MOM:0.02% RANGE:0.02% UP:100% SPREAD:0.17291066% BID:0.1735 ASK:0.1738 MID:0.17365 P1:0.17365 P2:0.17359999 P3:NA P4:NA STATE:IDLE
[2026-06-03 00:46:03Z] CHK MOM:0.02% RANGE:0.02% UP:100% SPREAD:0.17291066% BID:0.1735 ASK:0.1738 MID:0.17365 P1:0.17365 P2:0.17359999 P3:NA P4:NA STATE:IDLE
[2026-06-03 00:46:03Z] CHK MOM:0.02% RANGE:0.02% UP:100% SPREAD:0.17291066% BID:0.1735 ASK:0.1738 MID:0.17365 P1:0.17365 P2:0.17359999 P3:NA P4:NA STATE:IDLE
[2026-06-03 00:46:05Z] CHK MOM:0.05% RANGE:0.05% UP:100% SPREAD:0.11520737% BID:0.1736 ASK:0.1738 MID:0.1737 P1:0.1737 P2:0.17365 P3:0.17359999 P4:NA STATE:IDLE
[2026-06-03 00:46:05Z] CHK MOM:0.11% RANGE:0.11% UP:100% SPREAD:0.11514104% BID:0.1737 ASK:0.1739 MID:0.1738 P1:0.1738 P2:0.1737 P3:0.17365 P4:0.17359999 STATE:IDLE
[2026-06-03 00:46:06Z] CHK MOM:0.11% RANGE:0.11% UP:100% SPREAD:0.11514104% BID:0.1737 ASK:0.1739 MID:0.1738 P1:0.1738 P2:0.1737 P3:0.17365 P4:0.17359999 STATE:IDLE
[2026-06-03 00:46:07Z] CHK MOM:0.08% RANGE:0.11% UP:75% SPREAD:0.17281105% BID:0.1736 ASK:0.1739 MID:0.17375 P1:0.17375 P2:0.1738 P3:0.1737 P4:0.17365 STATE:IDLE
[2026-06-03 00:46:07Z] CHK MOM:0.08% RANGE:0.11% UP:75% SPREAD:0.17281105% BID:0.1736 ASK:0.1739 MID:0.17375 P1:0.17375 P2:0.1738 P3:0.1737 P4:0.17365 STATE:IDLE
[2026-06-03 00:46:08Z] CHK MOM:0.08% RANGE:0.11% UP:75% SPREAD:0.17281105% BID:0.1736 ASK:0.1739 MID:0.17375 P1:0.17375 P2:0.1738 P3:0.1737 P4:0.17365 STATE:IDLE
[2026-06-03 00:46:08Z] CHK MOM:0.08% RANGE:0.11% UP:75% SPREAD:0.17281105% BID:0.1736 ASK:0.1739 MID:0.17375 P1:0.17375 P2:0.1738 P3:0.1737 P4:0.17365 STATE:IDLE
[2026-06-03 00:46:09Z] CHK MOM:0.08% RANGE:0.11% UP:75% SPREAD:0.17281105% BID:0.1736 ASK:0.1739 MID:0.17375 P1:0.17375 P2:0.1738 P3:0.1737 P4:0.17365 STATE:IDLE
[2026-06-03 00:46:09Z] CHK MOM:0.08% RANGE:0.11% UP:60% SPREAD:0.17281105% BID:0.1736 ASK:0.1739 MID:0.17375 P1:0.17375 P2:0.17375 P3:0.1738 P4:0.1737 STATE:IDLE
[2026-06-03 00:46:10Z] CHK MOM:0.08% RANGE:0.11% UP:60% SPREAD:0.17281105% BID:0.1736 ASK:0.1739 MID:0.17375 P1:0.17375 P2:0.17375 P3:0.1738 P4:0.1737 STATE:IDLE
[2026-06-03 00:46:10Z] CHK MOM:0.08% RANGE:0.11% UP:50% SPREAD:0.17281105% BID:0.1736 ASK:0.1739 MID:0.17375 P1:0.17375 P2:0.17375 P3:0.17375 P4:0.1738 STATE:IDLE
[2026-06-03 00:46:11Z] CHK MOM:0.08% RANGE:0.11% UP:50% SPREAD:0.17281105% BID:0.1736 ASK:0.1739 MID:0.17375 P1:0.17375 P2:0.17375 P3:0.17375 P4:0.1738 STATE:IDLE
[2026-06-03 00:46:12Z] CHK MOM:0.02% RANGE:0.11% UP:42.85% SPREAD:0.17291066% BID:0.1735 ASK:0.1738 MID:0.17365 P1:0.17365 P2:0.17375 P3:0.17375 P4:0.17375 STATE:IDLE
[2026-06-03 00:46:12Z] CHK MOM:0.02% RANGE:0.11% UP:42.85% SPREAD:0.17291066% BID:0.1735 ASK:0.1738 MID:0.17365 P1:0.17365 P2:0.17375 P3:0.17375 P4:0.17375 STATE:IDLE
[2026-06-03 00:46:13Z] CHK MOM:-0.05% RANGE:0.11% UP:16.66% SPREAD:0.11527377% BID:0.1735 ASK:0.1737 MID:0.17359999 P1:0.17359999 P2:0.17365 P3:0.17375 P4:0.17375 STATE:IDLE
[2026-06-03 00:46:13Z] CHK MOM:-0.05% RANGE:0.11% UP:14.28% SPREAD:0.11527377% BID:0.1735 ASK:0.1737 MID:0.17359999 P1:0.17359999 P2:0.17359999 P3:0.17365 P4:0.17375 STATE:IDLE
[2026-06-03 00:46:14Z] CHK MOM:-0.05% RANGE:0.11% UP:14.28% SPREAD:0.11527377% BID:0.1735 ASK:0.1737 MID:0.17359999 P1:0.17359999 P2:0.17359999 P3:0.17365 P4:0.17375 STATE:IDLE
[2026-06-03 00:46:14Z] CHK MOM:-0.05% RANGE:0.11% UP:14.28% SPREAD:0.11527377% BID:0.1735 ASK:0.1737 MID:0.17359999 P1:0.17359999 P2:0.17359999 P3:0.17365 P4:0.17375 STATE:IDLE
[2026-06-03 00:46:15Z] CHK MOM:-0.05% RANGE:0.11% UP:12.5% SPREAD:0.11527377% BID:0.1735 ASK:0.1737 MID:0.17359999 P1:0.17359999 P2:0.17359999 P3:0.17359999 P4:0.17365 STATE:IDLE
[2026-06-03 00:46:15Z] CHK MOM:-0.05% RANGE:0.11% UP:11.11% SPREAD:0.11527377% BID:0.1735 ASK:0.1737 MID:0.17359999 P1:0.17359999 P2:0.17359999 P3:0.17359999 P4:0.17359999 STATE:IDLE
[2026-06-03 00:46:16Z] CHK MOM:-0.05% RANGE:0.11% UP:11.11% SPREAD:0.11527377% BID:0.1735 ASK:0.1737 MID:0.17359999 P1:0.17359999 P2:0.17359999 P3:0.17359999 P4:0.17359999 STATE:IDLE
[2026-06-03 00:46:16Z] CHK MOM:-0.05% RANGE:0.11% UP:11.11% SPREAD:0.11527377% BID:0.1735 ASK:0.1737 MID:0.17359999 P1:0.17359999 P2:0.17359999 P3:0.17359999 P4:0.17359999 STATE:IDLE
[2026-06-03 00:46:17Z] CHK MOM:-0.05% RANGE:0.11% UP:11.11% SPREAD:0.11527377% BID:0.1735 ASK:0.1737 MID:0.17359999 P1:0.17359999 P2:0.17359999 P3:0.17359999 P4:0.17359999 STATE:IDLE
[2026-06-03 00:46:18Z] CHK MOM:-0.05% RANGE:0.11% UP:11.11% SPREAD:0.11527377% BID:0.1735 ASK:0.1737 MID:0.17359999 P1:0.17359999 P2:0.17359999 P3:0.17359999 P4:0.17359999 STATE:IDLE
[2026-06-03 00:46:18Z] CHK MOM:-0.17% RANGE:0.17% UP:0% SPREAD:0.17311021% BID:0.1733 ASK:0.1736 MID:0.17345 P1:0.17345 P2:0.17359999 P3:0.17359999 P4:0.17359999 STATE:IDLE
[2026-06-03 00:46:19Z] CHK MOM:-0.17% RANGE:0.17% UP:0% SPREAD:0.17311021% BID:0.1733 ASK:0.1736 MID:0.17345 P1:0.17345 P2:0.17359999 P3:0.17359999 P4:0.17359999 STATE:IDLE
[2026-06-03 00:46:19Z] CHK MOM:-0.17% RANGE:0.17% UP:0% SPREAD:0.17311021% BID:0.1733 ASK:0.1736 MID:0.17345 P1:0.17345 P2:0.17345 P3:0.17359999 P4:0.17359999 STATE:IDLE
[2026-06-03 00:46:20Z] CHK MOM:-0.17% RANGE:0.17% UP:0% SPREAD:0.17311021% BID:0.1733 ASK:0.1736 MID:0.17345 P1:0.17345 P2:0.17345 P3:0.17359999 P4:0.17359999 STATE:IDLE
[2026-06-03 00:46:20Z] CHK MOM:-0.17% RANGE:0.17% UP:0% SPREAD:0.17311021% BID:0.1733 ASK:0.1736 MID:0.17345 P1:0.17345 P2:0.17345 P3:0.17359999 P4:0.17359999 STATE:IDLE
[2026-06-03 00:46:21Z] CHK MOM:-0.17% RANGE:0.17% UP:0% SPREAD:0.17311021% BID:0.1733 ASK:0.1736 MID:0.17345 P1:0.17345 P2:0.17345 P3:0.17359999 P4:0.17359999 STATE:IDLE
[2026-06-03 00:46:21Z] CHK MOM:-0.17% RANGE:0.17% UP:0% SPREAD:0.17311021% BID:0.1733 ASK:0.1736 MID:0.17345 P1:0.17345 P2:0.17345 P3:0.17359999 P4:0.17359999 STATE:IDLE
[2026-06-03 00:46:22Z] CHK MOM:-0.17% RANGE:0.17% UP:0% SPREAD:0.17311021% BID:0.1733 ASK:0.1736 MID:0.17345 P1:0.17345 P2:0.17345 P3:0.17359999 P4:0.17359999 STATE:IDLE
[2026-06-03 00:46:23Z] CHK MOM:-0.11% RANGE:0.11% UP:0% SPREAD:0.17311021% BID:0.1733 ASK:0.1736 MID:0.17345 P1:0.17345 P2:0.17345 P3:0.17345 P4:0.17359999 STATE:IDLE
[2026-06-03 00:46:24Z] CHK MOM:-0.11% RANGE:0.11% UP:0% SPREAD:0.17311021% BID:0.1733 ASK:0.1736 MID:0.17345 P1:0.17345 P2:0.17345 P3:0.17345 P4:0.17359999 STATE:IDLE
[2026-06-03 00:46:24Z] CHK MOM:-0.08% RANGE:0.08% UP:0% SPREAD:0.17311021% BID:0.1733 ASK:0.1736 MID:0.17345 P1:0.17345 P2:0.17345 P3:0.17345 P4:0.17345 STATE:IDLE
[2026-06-03 00:46:25Z] CHK MOM:-0.08% RANGE:0.08% UP:0% SPREAD:0.17311021% BID:0.1733 ASK:0.1736 MID:0.17345 P1:0.17345 P2:0.17345 P3:0.17345 P4:0.17345 STATE:IDLE
[2026-06-03 00:46:25Z] CHK MOM:-0.08% RANGE:0.08% UP:0% SPREAD:0.17311021% BID:0.1733 ASK:0.1736 MID:0.17345 P1:0.17345 P2:0.17345 P3:0.17345 P4:0.17345 STATE:IDLE
[2026-06-03 00:46:26Z] CHK MOM:-0.08% RANGE:0.08% UP:0% SPREAD:0.17311021% BID:0.1733 ASK:0.1736 MID:0.17345 P1:0.17345 P2:0.17345 P3:0.17345 P4:0.17345 STATE:IDLE
[2026-06-03 00:46:26Z] CHK MOM:-0.08% RANGE:0.08% UP:0% SPREAD:0.17311021% BID:0.1733 ASK:0.1736 MID:0.17345 P1:0.17345 P2:0.17345 P3:0.17345 P4:0.17345 STATE:IDLE
[2026-06-03 00:46:27Z] CHK MOM:-0.08% RANGE:0.08% UP:0% SPREAD:0.17311021% BID:0.1733 ASK:0.1736 MID:0.17345 P1:0.17345 P2:0.17345 P3:0.17345 P4:0.17345 STATE:IDLE
[2026-06-03 00:46:27Z] CHK MOM:-0.08% RANGE:0.08% UP:0% SPREAD:0.17311021% BID:0.1733 ASK:0.1736 MID:0.17345 P1:0.17345 P2:0.17345 P3:0.17345 P4:0.17345 STATE:IDLE
[2026-06-03 00:46:28Z] CHK MOM:-0.02% RANGE:0.02% UP:0% SPREAD:0.1154068% BID:0.1733 ASK:0.1735 MID:0.1734 P1:0.1734 P2:0.17345 P3:0.17345 P4:0.17345 STATE:IDLE
[2026-06-03 00:46:29Z] CHK MOM:-0.02% RANGE:0.02% UP:0% SPREAD:0.1154068% BID:0.1733 ASK:0.1735 MID:0.1734 P1:0.1734 P2:0.17345 P3:0.17345 P4:0.17345 STATE:IDLE
[2026-06-03 00:46:29Z] CHK MOM:-0.02% RANGE:0.02% UP:0% SPREAD:0.1154068% BID:0.1733 ASK:0.1735 MID:0.1734 P1:0.1734 P2:0.17345 P3:0.17345 P4:0.17345 STATE:IDLE
[2026-06-03 00:46:30Z] CHK MOM:-0.02% RANGE:0.02% UP:0% SPREAD:0.1154068% BID:0.1733 ASK:0.1735 MID:0.1734 P1:0.1734 P2:0.17345 P3:0.17345 P4:0.17345 STATE:IDLE
[2026-06-03 00:46:30Z] CHK MOM:-0.02% RANGE:0.02% UP:0% SPREAD:0.1154068% BID:0.1733 ASK:0.1735 MID:0.1734 P1:0.1734 P2:0.17345 P3:0.17345 P4:0.17345 STATE:IDLE
[2026-06-03 00:46:34Z] CHK MOM:0% RANGE:0.02% UP:16.66% SPREAD:0.17311021% BID:0.1733 ASK:0.1736 MID:0.17345 P1:0.17345 P2:0.1734 P3:0.17345 P4:0.17345 STATE:IDLE
[2026-06-03 00:46:35Z] CHK MOM:0% RANGE:0.02% UP:16.66% SPREAD:0.17311021% BID:0.1733 ASK:0.1736 MID:0.17345 P1:0.17345 P2:0.1734 P3:0.17345 P4:0.17345 STATE:IDLE
[2026-06-03 00:46:35Z] CHK MOM:0% RANGE:0.02% UP:16.66% SPREAD:0.17311021% BID:0.1733 ASK:0.1736 MID:0.17345 P1:0.17345 P2:0.17345 P3:0.1734 P4:0.17345 STATE:IDLE
[2026-06-03 00:46:36Z] CHK MOM:0% RANGE:0.02% UP:16.66% SPREAD:0.17311021% BID:0.1733 ASK:0.1736 MID:0.17345 P1:0.17345 P2:0.17345 P3:0.1734 P4:0.17345 STATE:IDLE
[2026-06-03 00:46:36Z] CHK MOM:0% RANGE:0.02% UP:16.66% SPREAD:0.17311021% BID:0.1733 ASK:0.1736 MID:0.17345 P1:0.17345 P2:0.17345 P3:0.17345 P4:0.1734 STATE:IDLE
[2026-06-03 00:46:37Z] CHK MOM:0% RANGE:0.02% UP:16.66% SPREAD:0.17311021% BID:0.1733 ASK:0.1736 MID:0.17345 P1:0.17345 P2:0.17345 P3:0.17345 P4:0.17345 STATE:IDLE
[2026-06-03 00:46:37Z] CHK MOM:0% RANGE:0.02% UP:16.66% SPREAD:0.17311021% BID:0.1733 ASK:0.1736 MID:0.17345 P1:0.17345 P2:0.17345 P3:0.17345 P4:0.17345 STATE:IDLE
[2026-06-03 00:46:38Z] CHK MOM:0% RANGE:0.02% UP:16.66% SPREAD:0.17311021% BID:0.1733 ASK:0.1736 MID:0.17345 P1:0.17345 P2:0.17345 P3:0.17345 P4:0.17345 STATE:IDLE
[2026-06-03 00:46:38Z] CHK MOM:0.25% RANGE:0.28% UP:28.57% SPREAD:0.11507479% BID:0.1738 ASK:0.174 MID:0.1739 P1:0.1739 P2:0.17345 P3:0.17345 P4:0.17345 STATE:IDLE
[2026-06-03 00:46:39Z] CHK MOM:0.25% RANGE:0.28% UP:28.57% SPREAD:0.11507479% BID:0.1738 ASK:0.174 MID:0.1739 P1:0.1739 P2:0.17345 P3:0.17345 P4:0.17345 STATE:IDLE
[2026-06-03 00:46:40Z] CHK MOM:0.25% RANGE:0.28% UP:28.57% SPREAD:0.11507479% BID:0.1738 ASK:0.174 MID:0.1739 P1:0.1739 P2:0.17345 P3:0.17345 P4:0.17345 STATE:IDLE
[2026-06-03 00:46:40Z] CHK MOM:0.14% RANGE:0.25% UP:20% SPREAD:0.23054755% BID:0.1735 ASK:0.1739 MID:0.1737 P1:0.1737 P2:0.1739 P3:0.17345 P4:0.17345 STATE:IDLE
[2026-06-03 00:46:41Z] CHK MOM:0.14% RANGE:0.25% UP:16.66% SPREAD:0.23054755% BID:0.1735 ASK:0.1739 MID:0.1737 P1:0.1737 P2:0.1737 P3:0.1739 P4:0.17345 STATE:IDLE
[2026-06-03 00:46:41Z] CHK MOM:0.14% RANGE:0.25% UP:16.66% SPREAD:0.23054755% BID:0.1735 ASK:0.1739 MID:0.1737 P1:0.1737 P2:0.1737 P3:0.1739 P4:0.17345 STATE:IDLE
[2026-06-03 00:46:42Z] CHK MOM:0.14% RANGE:0.25% UP:16.66% SPREAD:0.23054755% BID:0.1735 ASK:0.1739 MID:0.1737 P1:0.1737 P2:0.1737 P3:0.1739 P4:0.17345 STATE:IDLE
[2026-06-03 00:46:42Z] CHK MOM:0.14% RANGE:0.25% UP:14.28% SPREAD:0.23054755% BID:0.1735 ASK:0.1739 MID:0.1737 P1:0.1737 P2:0.1737 P3:0.1737 P4:0.1739 STATE:IDLE
[2026-06-03 00:46:43Z] CHK MOM:0.14% RANGE:0.25% UP:14.28% SPREAD:0.23054755% BID:0.1735 ASK:0.1739 MID:0.1737 P1:0.1737 P2:0.1737 P3:0.1737 P4:0.1739 STATE:IDLE
[2026-06-03 00:46:43Z] CHK MOM:0.14% RANGE:0.25% UP:14.28% SPREAD:0.23054755% BID:0.1735 ASK:0.1739 MID:0.1737 P1:0.1737 P2:0.1737 P3:0.1737 P4:0.1739 STATE:IDLE
[2026-06-03 00:46:44Z] CHK MOM:0.11% RANGE:0.25% UP:12.5% SPREAD:0.17291066% BID:0.1735 ASK:0.1738 MID:0.17365 P1:0.17365 P2:0.1737 P3:0.1737 P4:0.1737 STATE:IDLE
[2026-06-03 00:46:44Z] CHK MOM:0.11% RANGE:0.25% UP:12.5% SPREAD:0.17291066% BID:0.1735 ASK:0.1738 MID:0.17365 P1:0.17365 P2:0.1737 P3:0.1737 P4:0.1737 STATE:IDLE
[2026-06-03 00:46:45Z] CHK MOM:0.11% RANGE:0.25% UP:11.11% SPREAD:0.17291066% BID:0.1735 ASK:0.1738 MID:0.17365 P1:0.17365 P2:0.17365 P3:0.1737 P4:0.1737 STATE:IDLE
[2026-06-03 00:46:46Z] CHK MOM:0.11% RANGE:0.25% UP:11.11% SPREAD:0.17291066% BID:0.1735 ASK:0.1738 MID:0.17365 P1:0.17365 P2:0.17365 P3:0.1737 P4:0.1737 STATE:IDLE
[2026-06-03 00:46:46Z] CHK MOM:0.11% RANGE:0.25% UP:11.11% SPREAD:0.17291066% BID:0.1735 ASK:0.1738 MID:0.17365 P1:0.17365 P2:0.17365 P3:0.1737 P4:0.1737 STATE:IDLE
[2026-06-03 00:46:47Z] CHK MOM:0.11% RANGE:0.25% UP:11.11% SPREAD:0.17291066% BID:0.1735 ASK:0.1738 MID:0.17365 P1:0.17365 P2:0.17365 P3:0.1737 P4:0.1737 STATE:IDLE
[2026-06-03 00:46:47Z] CHK MOM:0.08% RANGE:0.25% UP:11.11% SPREAD:0.11527377% BID:0.1735 ASK:0.1737 MID:0.17359999 P1:0.17359999 P2:0.17365 P3:0.17365 P4:0.1737 STATE:IDLE
[2026-06-03 00:46:48Z] CHK MOM:0.08% RANGE:0.25% UP:11.11% SPREAD:0.11527377% BID:0.1735 ASK:0.1737 MID:0.17359999 P1:0.17359999 P2:0.17365 P3:0.17365 P4:0.1737 STATE:IDLE
[2026-06-03 00:46:48Z] CHK MOM:0.08% RANGE:0.25% UP:11.11% SPREAD:0.11527377% BID:0.1735 ASK:0.1737 MID:0.17359999 P1:0.17359999 P2:0.17365 P3:0.17365 P4:0.1737 STATE:IDLE
[2026-06-03 00:46:49Z] CHK MOM:0.08% RANGE:0.25% UP:11.11% SPREAD:0.11527377% BID:0.1735 ASK:0.1737 MID:0.17359999 P1:0.17359999 P2:0.17365 P3:0.17365 P4:0.1737 STATE:IDLE
[2026-06-03 00:46:49Z] CHK MOM:0.08% RANGE:0.25% UP:11.11% SPREAD:0.11527377% BID:0.1735 ASK:0.1737 MID:0.17359999 P1:0.17359999 P2:0.17365 P3:0.17365 P4:0.1737 STATE:IDLE
[2026-06-03 00:46:50Z] CHK MOM:-0.2% RANGE:0.2% UP:0% SPREAD:0.05763688% BID:0.1735 ASK:0.1736 MID:0.17354999 P1:0.17354999 P2:0.17359999 P3:0.17365 P4:0.17365 STATE:IDLE
[2026-06-03 00:46:51Z] CHK MOM:-0.2% RANGE:0.2% UP:0% SPREAD:0.05763688% BID:0.1735 ASK:0.1736 MID:0.17354999 P1:0.17354999 P2:0.17359999 P3:0.17365 P4:0.17365 STATE:IDLE
[2026-06-03 00:46:51Z] CHK MOM:-0.2% RANGE:0.2% UP:0% SPREAD:0.05763688% BID:0.1735 ASK:0.1736 MID:0.17354999 P1:0.17354999 P2:0.17359999 P3:0.17365 P4:0.17365 STATE:IDLE
[2026-06-03 00:46:52Z] CHK MOM:-0.2% RANGE:0.2% UP:0% SPREAD:0.0577034% BID:0.1733 ASK:0.1734 MID:0.17335 P1:0.17335 P2:0.17354999 P3:0.17359999 P4:0.17365 STATE:IDLE
[2026-06-03 00:46:52Z] CHK MOM:-0.2% RANGE:0.2% UP:0% SPREAD:0.0577034% BID:0.1733 ASK:0.1734 MID:0.17335 P1:0.17335 P2:0.17354999 P3:0.17359999 P4:0.17365 STATE:IDLE
[2026-06-03 00:46:53Z] CHK MOM:-0.2% RANGE:0.2% UP:0% SPREAD:0.0577034% BID:0.1733 ASK:0.1734 MID:0.17335 P1:0.17335 P2:0.17354999 P3:0.17359999 P4:0.17365 STATE:IDLE
[2026-06-03 00:46:53Z] CHK MOM:-0.2% RANGE:0.2% UP:0% SPREAD:0.0577034% BID:0.1733 ASK:0.1734 MID:0.17335 P1:0.17335 P2:0.17354999 P3:0.17359999 P4:0.17365 STATE:IDLE
[2026-06-03 00:46:54Z] CHK MOM:-0.2% RANGE:0.2% UP:0% SPREAD:0.0577034% BID:0.1733 ASK:0.1734 MID:0.17335 P1:0.17335 P2:0.17354999 P3:0.17359999 P4:0.17365 STATE:IDLE
[2026-06-03 00:46:54Z] CHK MOM:-0.23% RANGE:0.23% UP:0% SPREAD:0.11547344% BID:0.1732 ASK:0.1734 MID:0.1733 P1:0.1733 P2:0.17335 P3:0.17354999 P4:0.17359999 STATE:IDLE
[2026-06-03 00:46:55Z] CHK MOM:-0.23% RANGE:0.23% UP:0% SPREAD:0.11547344% BID:0.1732 ASK:0.1734 MID:0.1733 P1:0.1733 P2:0.17335 P3:0.17354999 P4:0.17359999 STATE:IDLE
[2026-06-03 00:46:55Z] CHK MOM:-0.23% RANGE:0.23% UP:0% SPREAD:0.11547344% BID:0.1732 ASK:0.1734 MID:0.1733 P1:0.1733 P2:0.17335 P3:0.17354999 P4:0.17359999 STATE:IDLE
[2026-06-03 00:46:56Z] CHK MOM:-0.23% RANGE:0.23% UP:0% SPREAD:0.05773672% BID:0.1732 ASK:0.1733 MID:0.17325 P1:0.17325 P2:0.1733 P3:0.17335 P4:0.17354999 STATE:IDLE
[2026-06-03 00:46:57Z] CHK MOM:-0.23% RANGE:0.23% UP:0% SPREAD:0.05773672% BID:0.1732 ASK:0.1733 MID:0.17325 P1:0.17325 P2:0.17325 P3:0.1733 P4:0.17335 STATE:IDLE
[2026-06-03 00:46:57Z] CHK MOM:-0.23% RANGE:0.23% UP:0% SPREAD:0.05773672% BID:0.1732 ASK:0.1733 MID:0.17325 P1:0.17325 P2:0.17325 P3:0.1733 P4:0.17335 STATE:IDLE
[2026-06-03 00:46:58Z] CHK MOM:-0.23% RANGE:0.23% UP:0% SPREAD:0.05773672% BID:0.1732 ASK:0.1733 MID:0.17325 P1:0.17325 P2:0.17325 P3:0.1733 P4:0.17335 STATE:IDLE
[2026-06-03 00:46:58Z] CHK MOM:-0.23% RANGE:0.23% UP:0% SPREAD:0.05773672% BID:0.1732 ASK:0.1733 MID:0.17325 P1:0.17325 P2:0.17325 P3:0.1733 P4:0.17335 STATE:IDLE
[2026-06-03 00:46:59Z] CHK MOM:-0.2% RANGE:0.2% UP:0% SPREAD:0.05773672% BID:0.1732 ASK:0.1733 MID:0.17325 P1:0.17325 P2:0.17325 P3:0.17325 P4:0.1733 STATE:IDLE
[2026-06-03 00:46:59Z] CHK MOM:-0.17% RANGE:0.2% UP:14.28% SPREAD:0.11547344% BID:0.1732 ASK:0.1734 MID:0.1733 P1:0.1733 P2:0.17325 P3:0.17325 P4:0.17325 STATE:IDLE
[2026-06-03 00:47:00Z] CHK MOM:-0.17% RANGE:0.2% UP:14.28% SPREAD:0.11547344% BID:0.1732 ASK:0.1734 MID:0.1733 P1:0.1733 P2:0.17325 P3:0.17325 P4:0.17325 STATE:IDLE
[2026-06-03 00:47:00Z] CHK MOM:-0.11% RANGE:0.17% UP:28.57% SPREAD:0.17321016% BID:0.1732 ASK:0.1735 MID:0.17335 P1:0.17335 P2:0.1733 P3:0.17325 P4:0.17325 STATE:IDLE
[2026-06-03 00:47:01Z] CHK MOM:-0.11% RANGE:0.17% UP:28.57% SPREAD:0.17321016% BID:0.1732 ASK:0.1735 MID:0.17335 P1:0.17335 P2:0.1733 P3:0.17325 P4:0.17325 STATE:IDLE
[2026-06-03 00:47:02Z] CHK MOM:-0.11% RANGE:0.17% UP:28.57% SPREAD:0.17321016% BID:0.1732 ASK:0.1735 MID:0.17335 P1:0.17335 P2:0.1733 P3:0.17325 P4:0.17325 STATE:IDLE
[2026-06-03 00:47:02Z] CHK MOM:-0.14% RANGE:0.17% UP:25% SPREAD:0.11547344% BID:0.1732 ASK:0.1734 MID:0.1733 P1:0.1733 P2:0.17335 P3:0.1733 P4:0.17325 STATE:IDLE
[2026-06-03 00:47:03Z] CHK MOM:-0.11% RANGE:0.11% UP:25% SPREAD:0.05777007% BID:0.1731 ASK:0.1732 MID:0.17315 P1:0.17315 P2:0.1733 P3:0.17335 P4:0.1733 STATE:IDLE
[2026-06-03 00:47:03Z] CHK MOM:-0.08% RANGE:0.11% UP:33.33% SPREAD:0.11554015% BID:0.1731 ASK:0.1733 MID:0.1732 P1:0.1732 P2:0.17315 P3:0.1733 P4:0.17335 STATE:IDLE
[2026-06-03 00:47:04Z] CHK MOM:-0.08% RANGE:0.11% UP:30% SPREAD:0.11554015% BID:0.1731 ASK:0.1733 MID:0.1732 P1:0.1732 P2:0.1732 P3:0.17315 P4:0.1733 STATE:IDLE
[2026-06-03 00:47:04Z] CHK MOM:-0.11% RANGE:0.14% UP:30% SPREAD:0.11560693% BID:0.173 ASK:0.1732 MID:0.17309999 P1:0.17309999 P2:0.1732 P3:0.1732 P4:0.17315 STATE:IDLE
[2026-06-03 00:47:05Z] CHK MOM:-0.11% RANGE:0.14% UP:27.27% SPREAD:0.11560693% BID:0.173 ASK:0.1732 MID:0.17309999 P1:0.17309999 P2:0.17309999 P3:0.1732 P4:0.1732 STATE:IDLE
[2026-06-03 00:47:05Z] CHK MOM:-0.11% RANGE:0.14% UP:27.27% SPREAD:0.11560693% BID:0.173 ASK:0.1732 MID:0.17309999 P1:0.17309999 P2:0.17309999 P3:0.1732 P4:0.1732 STATE:IDLE
[2026-06-03 00:47:06Z] CHK MOM:-0.11% RANGE:0.14% UP:27.27% SPREAD:0.11560693% BID:0.173 ASK:0.1732 MID:0.17309999 P1:0.17309999 P2:0.17309999 P3:0.1732 P4:0.1732 STATE:IDLE
[2026-06-03 00:47:06Z] CHK MOM:-0.17% RANGE:0.23% UP:27.27% SPREAD:0.05783689% BID:0.1729 ASK:0.173 MID:0.17295 P1:0.17295 P2:0.17309999 P3:0.17309999 P4:0.1732 STATE:IDLE
[2026-06-03 00:47:07Z] CHK MOM:-0.2% RANGE:0.26% UP:25% SPREAD:0.11574074% BID:0.1728 ASK:0.173 MID:0.1729 P1:0.1729 P2:0.17295 P3:0.17309999 P4:0.17309999 STATE:IDLE
[2026-06-03 00:47:08Z] CHK MOM:-0.2% RANGE:0.26% UP:23.07% SPREAD:0.11574074% BID:0.1728 ASK:0.173 MID:0.1729 P1:0.1729 P2:0.1729 P3:0.17295 P4:0.17309999 STATE:IDLE
[2026-06-03 00:47:08Z] CHK MOM:-0.23% RANGE:0.28% UP:23.07% SPREAD:0.05787037% BID:0.1728 ASK:0.1729 MID:0.17285 P1:0.17285 P2:0.1729 P3:0.1729 P4:0.17295 STATE:IDLE
[2026-06-03 00:47:09Z] CHK MOM:-0.23% RANGE:0.28% UP:23.07% SPREAD:0.05787037% BID:0.1728 ASK:0.1729 MID:0.17285 P1:0.17285 P2:0.1729 P3:0.1729 P4:0.17295 STATE:IDLE
[2026-06-03 00:47:09Z] CHK MOM:-0.2% RANGE:0.28% UP:30.76% SPREAD:0.11574074% BID:0.1728 ASK:0.173 MID:0.1729 P1:0.1729 P2:0.17285 P3:0.1729 P4:0.1729 STATE:IDLE
[2026-06-03 00:47:10Z] CHK MOM:-0.23% RANGE:0.28% UP:28.57% SPREAD:0.05787037% BID:0.1728 ASK:0.1729 MID:0.17285 P1:0.17285 P2:0.1729 P3:0.17285 P4:0.1729 STATE:IDLE
[2026-06-03 00:47:10Z] CHK MOM:-0.2% RANGE:0.28% UP:33.33% SPREAD:0.11574074% BID:0.1728 ASK:0.173 MID:0.1729 P1:0.1729 P2:0.17285 P3:0.1729 P4:0.17285 STATE:IDLE
[2026-06-03 00:47:11Z] CHK MOM:-0.11% RANGE:0.28% UP:37.5% SPREAD:0.17351069% BID:0.1729 ASK:0.1732 MID:0.17304999 P1:0.17304999 P2:0.1729 P3:0.17285 P4:0.1729 STATE:IDLE
[2026-06-03 00:47:11Z] CHK MOM:-0.14% RANGE:0.28% UP:33.33% SPREAD:0.11560693% BID:0.173 ASK:0.1732 MID:0.17309999 P1:0.17309999 P2:0.17304999 P3:0.1729 P4:0.17285 STATE:IDLE
[2026-06-03 00:47:12Z] CHK MOM:-0.14% RANGE:0.28% UP:33.33% SPREAD:0.11560693% BID:0.173 ASK:0.1732 MID:0.17309999 P1:0.17309999 P2:0.17304999 P3:0.1729 P4:0.17285 STATE:IDLE
[2026-06-03 00:47:13Z] CHK MOM:-0.14% RANGE:0.28% UP:33.33% SPREAD:0.11560693% BID:0.173 ASK:0.1732 MID:0.17309999 P1:0.17309999 P2:0.17304999 P3:0.1729 P4:0.17285 STATE:IDLE
[2026-06-03 00:47:13Z] CHK MOM:-0.11% RANGE:0.26% UP:33.33% SPREAD:0.11560693% BID:0.173 ASK:0.1732 MID:0.17309999 P1:0.17309999 P2:0.17309999 P3:0.17304999 P4:0.1729 STATE:IDLE
[2026-06-03 00:47:14Z] CHK MOM:-0.11% RANGE:0.26% UP:33.33% SPREAD:0.11560693% BID:0.173 ASK:0.1732 MID:0.17309999 P1:0.17309999 P2:0.17309999 P3:0.17304999 P4:0.1729 STATE:IDLE
[2026-06-03 00:47:14Z] CHK MOM:-0.11% RANGE:0.26% UP:33.33% SPREAD:0.11560693% BID:0.173 ASK:0.1732 MID:0.17309999 P1:0.17309999 P2:0.17309999 P3:0.17304999 P4:0.1729 STATE:IDLE
[2026-06-03 00:47:15Z] CHK MOM:0.05% RANGE:0.23% UP:40% SPREAD:0.17331022% BID:0.1731 ASK:0.1734 MID:0.17325 P1:0.17325 P2:0.17309999 P3:0.17309999 P4:0.17304999 STATE:IDLE
[2026-06-03 00:47:15Z] CHK MOM:0.02% RANGE:0.23% UP:33.33% SPREAD:0.17331022% BID:0.1731 ASK:0.1734 MID:0.17325 P1:0.17325 P2:0.17325 P3:0.17309999 P4:0.17309999 STATE:IDLE
[2026-06-03 00:47:16Z] CHK MOM:0.08% RANGE:0.23% UP:35.71% SPREAD:0.17331022% BID:0.1731 ASK:0.1734 MID:0.17325 P1:0.17325 P2:0.17325 P3:0.17325 P4:0.17309999 STATE:IDLE
[2026-06-03 00:47:16Z] CHK MOM:0.08% RANGE:0.23% UP:35.71% SPREAD:0.17331022% BID:0.1731 ASK:0.1734 MID:0.17325 P1:0.17325 P2:0.17325 P3:0.17325 P4:0.17309999 STATE:IDLE
[2026-06-03 00:47:17Z] CHK MOM:0.17% RANGE:0.23% UP:38.46% SPREAD:0.17331022% BID:0.1731 ASK:0.1734 MID:0.17325 P1:0.17325 P2:0.17325 P3:0.17325 P4:0.17325 STATE:IDLE
[2026-06-03 00:47:17Z] CHK MOM:0.17% RANGE:0.23% UP:35.71% SPREAD:0.17331022% BID:0.1731 ASK:0.1734 MID:0.17325 P1:0.17325 P2:0.17325 P3:0.17325 P4:0.17325 STATE:IDLE
[2026-06-03 00:47:18Z] CHK MOM:0.17% RANGE:0.23% UP:35.71% SPREAD:0.17331022% BID:0.1731 ASK:0.1734 MID:0.17325 P1:0.17325 P2:0.17325 P3:0.17325 P4:0.17325 STATE:IDLE
[2026-06-03 00:47:19Z] CHK MOM:0.17% RANGE:0.23% UP:35.71% SPREAD:0.17331022% BID:0.1731 ASK:0.1734 MID:0.17325 P1:0.17325 P2:0.17325 P3:0.17325 P4:0.17325 STATE:IDLE
[2026-06-03 00:47:19Z] CHK MOM:0.17% RANGE:0.23% UP:35.71% SPREAD:0.17331022% BID:0.1731 ASK:0.1734 MID:0.17325 P1:0.17325 P2:0.17325 P3:0.17325 P4:0.17325 STATE:IDLE
[2026-06-03 00:47:20Z] CHK MOM:0.17% RANGE:0.23% UP:35.71% SPREAD:0.17331022% BID:0.1731 ASK:0.1734 MID:0.17325 P1:0.17325 P2:0.17325 P3:0.17325 P4:0.17325 STATE:IDLE
[2026-06-03 00:47:22Z] CHK MOM:0.23% RANGE:0.23% UP:40% SPREAD:0.17331022% BID:0.1731 ASK:0.1734 MID:0.17325 P1:0.17325 P2:0.17325 P3:0.17325 P4:0.17325 STATE:IDLE
[2026-06-03 00:47:22Z] CHK MOM:0.23% RANGE:0.23% UP:40% SPREAD:0.17331022% BID:0.1731 ASK:0.1734 MID:0.17325 P1:0.17325 P2:0.17325 P3:0.17325 P4:0.17325 STATE:IDLE
[2026-06-03 00:47:23Z] CHK MOM:0.23% RANGE:0.23% UP:40% SPREAD:0.17331022% BID:0.1731 ASK:0.1734 MID:0.17325 P1:0.17325 P2:0.17325 P3:0.17325 P4:0.17325 STATE:IDLE
[2026-06-03 00:47:24Z] CHK MOM:0.23% RANGE:0.23% UP:40% SPREAD:0.17331022% BID:0.1731 ASK:0.1734 MID:0.17325 P1:0.17325 P2:0.17325 P3:0.17325 P4:0.17325 STATE:IDLE
[2026-06-03 00:47:24Z] CHK MOM:0.08% RANGE:0.08% UP:14.28% SPREAD:0.17331022% BID:0.1731 ASK:0.1734 MID:0.17325 P1:0.17325 P2:0.17325 P3:0.17325 P4:0.17325 STATE:IDLE
[2026-06-03 00:47:25Z] CHK MOM:0.11% RANGE:0.11% UP:25% SPREAD:0.11547344% BID:0.1732 ASK:0.1734 MID:0.1733 P1:0.1733 P2:0.17325 P3:0.17325 P4:0.17325 STATE:IDLE
[2026-06-03 00:47:25Z] CHK MOM:0.25% RANGE:0.25% UP:25% SPREAD:0.11520737% BID:0.1736 ASK:0.1738 MID:0.1737 P1:0.1737 P2:0.1733 P3:0.17325 P4:0.17325 STATE:IDLE
[2026-06-03 00:47:26Z] CHK MOM:0.31% RANGE:0.31% UP:33.33% SPREAD:0.11514104% BID:0.1737 ASK:0.1739 MID:0.1738 P1:0.1738 P2:0.1737 P3:0.1733 P4:0.17325 STATE:IDLE
[2026-06-03 00:47:26Z] CHK MOM:0.37% RANGE:0.37% UP:40% SPREAD:0.11507479% BID:0.1738 ASK:0.174 MID:0.1739 P1:0.1739 P2:0.1738 P3:0.1737 P4:0.1733 STATE:IDLE
[2026-06-03 00:47:27Z] CHK MOM:0.37% RANGE:0.37% UP:40% SPREAD:0.11507479% BID:0.1738 ASK:0.174 MID:0.1739 P1:0.1739 P2:0.1739 P3:0.1738 P4:0.1737 STATE:IDLE
[2026-06-03 00:47:27Z] CHK MOM:0.37% RANGE:0.37% UP:40% SPREAD:0.11507479% BID:0.1738 ASK:0.174 MID:0.1739 P1:0.1739 P2:0.1739 P3:0.1738 P4:0.1737 STATE:IDLE
[2026-06-03 00:47:28Z] CHK MOM:0.37% RANGE:0.37% UP:40% SPREAD:0.11507479% BID:0.1738 ASK:0.174 MID:0.1739 P1:0.1739 P2:0.1739 P3:0.1738 P4:0.1737 STATE:IDLE
[2026-06-03 00:47:28Z] CHK MOM:0.37% RANGE:0.37% UP:44.44% SPREAD:0.11507479% BID:0.1738 ASK:0.174 MID:0.1739 P1:0.1739 P2:0.1739 P3:0.1739 P4:0.1738 STATE:IDLE
[2026-06-03 00:47:29Z] CHK MOM:0.37% RANGE:0.37% UP:44.44% SPREAD:0.11507479% BID:0.1738 ASK:0.174 MID:0.1739 P1:0.1739 P2:0.1739 P3:0.1739 P4:0.1738 STATE:IDLE
[2026-06-03 00:47:30Z] CHK MOM:0.37% RANGE:0.37% UP:44.44% SPREAD:0.11507479% BID:0.1738 ASK:0.174 MID:0.1739 P1:0.1739 P2:0.1739 P3:0.1739 P4:0.1738 STATE:IDLE
[2026-06-03 00:47:30Z] CHK MOM:0.37% RANGE:0.37% UP:44.44% SPREAD:0.11507479% BID:0.1738 ASK:0.174 MID:0.1739 P1:0.1739 P2:0.1739 P3:0.1739 P4:0.1738 STATE:IDLE
[2026-06-03 00:47:31Z] CHK MOM:0.37% RANGE:0.37% UP:44.44% SPREAD:0.11507479% BID:0.1738 ASK:0.174 MID:0.1739 P1:0.1739 P2:0.1739 P3:0.1739 P4:0.1738 STATE:IDLE
[2026-06-03 00:47:31Z] CHK MOM:0.34% RANGE:0.37% UP:50% SPREAD:0.17271157% BID:0.1737 ASK:0.174 MID:0.17385 P1:0.17385 P2:0.1739 P3:0.1739 P4:0.1739 STATE:IDLE
[2026-06-03 00:47:32Z] CHK MOM:0.34% RANGE:0.37% UP:50% SPREAD:0.17271157% BID:0.1737 ASK:0.174 MID:0.17385 P1:0.17385 P2:0.1739 P3:0.1739 P4:0.1739 STATE:IDLE
[2026-06-03 00:47:32Z] CHK MOM:0.34% RANGE:0.37% UP:44.44% SPREAD:0.17271157% BID:0.1737 ASK:0.174 MID:0.17385 P1:0.17385 P2:0.17385 P3:0.1739 P4:0.1739 STATE:IDLE
[2026-06-03 00:47:33Z] CHK MOM:0.34% RANGE:0.37% UP:44.44% SPREAD:0.17271157% BID:0.1737 ASK:0.174 MID:0.17385 P1:0.17385 P2:0.17385 P3:0.1739 P4:0.1739 STATE:IDLE
[2026-06-03 00:47:33Z] CHK MOM:0.34% RANGE:0.37% UP:44.44% SPREAD:0.17271157% BID:0.1737 ASK:0.174 MID:0.17385 P1:0.17385 P2:0.17385 P3:0.1739 P4:0.1739 STATE:IDLE
[2026-06-03 00:47:34Z] CHK MOM:0.34% RANGE:0.37% UP:44.44% SPREAD:0.17271157% BID:0.1737 ASK:0.174 MID:0.17385 P1:0.17385 P2:0.17385 P3:0.1739 P4:0.1739 STATE:IDLE
[2026-06-03 00:47:35Z] CHK MOM:0.34% RANGE:0.37% UP:44.44% SPREAD:0.17271157% BID:0.1737 ASK:0.174 MID:0.17385 P1:0.17385 P2:0.17385 P3:0.1739 P4:0.1739 STATE:IDLE
[2026-06-03 00:47:35Z] CHK MOM:0.34% RANGE:0.37% UP:44.44% SPREAD:0.17271157% BID:0.1737 ASK:0.174 MID:0.17385 P1:0.17385 P2:0.17385 P3:0.17385 P4:0.1739 STATE:IDLE
[2026-06-03 00:47:36Z] CHK MOM:0.34% RANGE:0.37% UP:40% SPREAD:0.17271157% BID:0.1737 ASK:0.174 MID:0.17385 P1:0.17385 P2:0.17385 P3:0.17385 P4:0.17385 STATE:IDLE
[2026-06-03 00:47:36Z] CHK MOM:0.34% RANGE:0.37% UP:40% SPREAD:0.17271157% BID:0.1737 ASK:0.174 MID:0.17385 P1:0.17385 P2:0.17385 P3:0.17385 P4:0.17385 STATE:IDLE
[2026-06-03 00:47:37Z] CHK MOM:0.34% RANGE:0.37% UP:40% SPREAD:0.17271157% BID:0.1737 ASK:0.174 MID:0.17385 P1:0.17385 P2:0.17385 P3:0.17385 P4:0.17385 STATE:IDLE
[2026-06-03 00:47:37Z] CHK MOM:0.34% RANGE:0.37% UP:40% SPREAD:0.17271157% BID:0.1737 ASK:0.174 MID:0.17385 P1:0.17385 P2:0.17385 P3:0.17385 P4:0.17385 STATE:IDLE
[2026-06-03 00:47:38Z] CHK MOM:-0.02% RANGE:0.08% UP:12.5% SPREAD:0.17281105% BID:0.1736 ASK:0.1739 MID:0.17375 P1:0.17375 P2:0.17385 P3:0.17385 P4:0.17385 STATE:IDLE
[2026-06-03 00:47:38Z] CHK MOM:-0.02% RANGE:0.08% UP:12.5% SPREAD:0.17281105% BID:0.1736 ASK:0.1739 MID:0.17375 P1:0.17375 P2:0.17385 P3:0.17385 P4:0.17385 STATE:IDLE
[2026-06-03 00:47:39Z] CHK MOM:-0.02% RANGE:0.08% UP:12.5% SPREAD:0.17281105% BID:0.1736 ASK:0.1739 MID:0.17375 P1:0.17375 P2:0.17385 P3:0.17385 P4:0.17385 STATE:IDLE
[2026-06-03 00:47:39Z] CHK MOM:-0.02% RANGE:0.08% UP:12.5% SPREAD:0.17281105% BID:0.1736 ASK:0.1739 MID:0.17375 P1:0.17375 P2:0.17385 P3:0.17385 P4:0.17385 STATE:IDLE
[2026-06-03 00:47:40Z] CHK MOM:-0.02% RANGE:0.08% UP:12.5% SPREAD:0.17281105% BID:0.1736 ASK:0.1739 MID:0.17375 P1:0.17375 P2:0.17385 P3:0.17385 P4:0.17385 STATE:IDLE
[2026-06-03 00:47:41Z] CHK MOM:0% RANGE:0.05% UP:20% SPREAD:0.17271157% BID:0.1737 ASK:0.174 MID:0.17385 P1:0.17385 P2:0.17375 P3:0.17385 P4:0.17385 STATE:IDLE
[2026-06-03 00:47:41Z] CHK MOM:-0.05% RANGE:0.05% UP:16.66% SPREAD:0.17281105% BID:0.1736 ASK:0.1739 MID:0.17375 P1:0.17375 P2:0.17385 P3:0.17375 P4:0.17385 STATE:IDLE
[2026-06-03 00:47:42Z] CHK MOM:-0.05% RANGE:0.05% UP:14.28% SPREAD:0.17281105% BID:0.1736 ASK:0.1739 MID:0.17375 P1:0.17375 P2:0.17375 P3:0.17385 P4:0.17375 STATE:IDLE
[2026-06-03 00:47:42Z] CHK MOM:-0.11% RANGE:0.11% UP:12.5% SPREAD:0.17291066% BID:0.1735 ASK:0.1738 MID:0.17365 P1:0.17365 P2:0.17375 P3:0.17375 P4:0.17385 STATE:IDLE
[2026-06-03 00:47:43Z] CHK MOM:-0.11% RANGE:0.11% UP:11.11% SPREAD:0.17291066% BID:0.1735 ASK:0.1738 MID:0.17365 P1:0.17365 P2:0.17365 P3:0.17375 P4:0.17375 STATE:IDLE
[2026-06-03 00:47:43Z] CHK MOM:-0.11% RANGE:0.11% UP:11.11% SPREAD:0.17291066% BID:0.1735 ASK:0.1738 MID:0.17365 P1:0.17365 P2:0.17365 P3:0.17375 P4:0.17375 STATE:IDLE
[2026-06-03 00:47:44Z] CHK MOM:-0.11% RANGE:0.11% UP:11.11% SPREAD:0.17291066% BID:0.1735 ASK:0.1738 MID:0.17365 P1:0.17365 P2:0.17365 P3:0.17375 P4:0.17375 STATE:IDLE
[2026-06-03 00:47:44Z] CHK MOM:-0.11% RANGE:0.11% UP:11.11% SPREAD:0.17291066% BID:0.1735 ASK:0.1738 MID:0.17365 P1:0.17365 P2:0.17365 P3:0.17375 P4:0.17375 STATE:IDLE
[2026-06-03 00:47:45Z] CHK MOM:-0.11% RANGE:0.11% UP:11.11% SPREAD:0.17291066% BID:0.1735 ASK:0.1738 MID:0.17365 P1:0.17365 P2:0.17365 P3:0.17375 P4:0.17375 STATE:IDLE
[2026-06-03 00:47:46Z] CHK MOM:-0.17% RANGE:0.17% UP:12.5% SPREAD:0.17301038% BID:0.1734 ASK:0.1737 MID:0.17354999 P1:0.17354999 P2:0.17365 P3:0.17365 P4:0.17375 STATE:IDLE
[2026-06-03 00:47:46Z] CHK MOM:-0.17% RANGE:0.17% UP:12.5% SPREAD:0.17301038% BID:0.1734 ASK:0.1737 MID:0.17354999 P1:0.17354999 P2:0.17365 P3:0.17365 P4:0.17375 STATE:IDLE
[2026-06-03 00:47:47Z] CHK MOM:-0.2% RANGE:0.2% UP:11.11% SPREAD:0.11534025% BID:0.1734 ASK:0.1736 MID:0.1735 P1:0.1735 P2:0.17354999 P3:0.17365 P4:0.17365 STATE:IDLE
[2026-06-03 00:47:47Z] CHK MOM:-0.08% RANGE:0.2% UP:22.22% SPREAD:0.11520737% BID:0.1736 ASK:0.1738 MID:0.1737 P1:0.1737 P2:0.1735 P3:0.17354999 P4:0.17365 STATE:IDLE
[2026-06-03 00:47:48Z] CHK MOM:-0.05% RANGE:0.2% UP:22.22% SPREAD:0.17291066% BID:0.1735 ASK:0.1738 MID:0.17365 P1:0.17365 P2:0.1737 P3:0.1735 P4:0.17354999 STATE:IDLE
[2026-06-03 00:47:48Z] CHK MOM:-0.05% RANGE:0.2% UP:20% SPREAD:0.17291066% BID:0.1735 ASK:0.1738 MID:0.17365 P1:0.17365 P2:0.17365 P3:0.1737 P4:0.1735 STATE:IDLE
[2026-06-03 00:47:49Z] CHK MOM:-0.05% RANGE:0.2% UP:20% SPREAD:0.17291066% BID:0.1735 ASK:0.1738 MID:0.17365 P1:0.17365 P2:0.17365 P3:0.1737 P4:0.1735 STATE:IDLE
[2026-06-03 00:47:49Z] CHK MOM:-0.05% RANGE:0.2% UP:20% SPREAD:0.17291066% BID:0.1735 ASK:0.1738 MID:0.17365 P1:0.17365 P2:0.17365 P3:0.1737 P4:0.1735 STATE:IDLE
[2026-06-03 00:47:50Z] CHK MOM:-0.05% RANGE:0.2% UP:20% SPREAD:0.17291066% BID:0.1735 ASK:0.1738 MID:0.17365 P1:0.17365 P2:0.17365 P3:0.1737 P4:0.1735 STATE:IDLE
[2026-06-03 00:47:50Z] CHK MOM:-0.17% RANGE:0.2% UP:10% SPREAD:0.17301038% BID:0.1734 ASK:0.1737 MID:0.17354999 P1:0.17354999 P2:0.17365 P3:0.17365 P4:0.1737 STATE:IDLE
[2026-06-03 00:47:51Z] CHK MOM:-0.11% RANGE:0.2% UP:18.18% SPREAD:0.17291066% BID:0.1735 ASK:0.1738 MID:0.17365 P1:0.17365 P2:0.17354999 P3:0.17365 P4:0.17365 STATE:IDLE
[2026-06-03 00:47:52Z] CHK MOM:-0.11% RANGE:0.2% UP:18.18% SPREAD:0.17291066% BID:0.1735 ASK:0.1738 MID:0.17365 P1:0.17365 P2:0.17354999 P3:0.17365 P4:0.17365 STATE:IDLE
[2026-06-03 00:47:52Z] CHK MOM:-0.08% RANGE:0.14% UP:18.18% SPREAD:0.11527377% BID:0.1735 ASK:0.1737 MID:0.17359999 P1:0.17359999 P2:0.17365 P3:0.17354999 P4:0.17365 STATE:IDLE
[2026-06-03 00:47:53Z] CHK MOM:-0.05% RANGE:0.14% UP:25% SPREAD:0.17291066% BID:0.1735 ASK:0.1738 MID:0.17365 P1:0.17365 P2:0.17359999 P3:0.17365 P4:0.17354999 STATE:IDLE
[2026-06-03 00:47:53Z] CHK MOM:-0.08% RANGE:0.14% UP:23.07% SPREAD:0.11527377% BID:0.1735 ASK:0.1737 MID:0.17359999 P1:0.17359999 P2:0.17365 P3:0.17359999 P4:0.17365 STATE:IDLE
[2026-06-03 00:47:54Z] CHK MOM:-0.08% RANGE:0.14% UP:23.07% SPREAD:0.11527377% BID:0.1735 ASK:0.1737 MID:0.17359999 P1:0.17359999 P2:0.17365 P3:0.17359999 P4:0.17365 STATE:IDLE
[2026-06-03 00:47:54Z] CHK MOM:-0.08% RANGE:0.14% UP:23.07% SPREAD:0.11527377% BID:0.1735 ASK:0.1737 MID:0.17359999 P1:0.17359999 P2:0.17365 P3:0.17359999 P4:0.17365 STATE:IDLE
[2026-06-03 00:47:55Z] CHK MOM:-0.02% RANGE:0.11% UP:27.27% SPREAD:0.11527377% BID:0.1735 ASK:0.1737 MID:0.17359999 P1:0.17359999 P2:0.17359999 P3:0.17365 P4:0.17359999 STATE:IDLE
[2026-06-03 00:47:55Z] CHK MOM:-0.02% RANGE:0.11% UP:27.27% SPREAD:0.11527377% BID:0.1735 ASK:0.1737 MID:0.17359999 P1:0.17359999 P2:0.17359999 P3:0.17365 P4:0.17359999 STATE:IDLE
[2026-06-03 00:47:56Z] CHK MOM:0% RANGE:0.11% UP:27.27% SPREAD:0.17301038% BID:0.1734 ASK:0.1737 MID:0.17354999 P1:0.17354999 P2:0.17359999 P3:0.17359999 P4:0.17365 STATE:IDLE
[2026-06-03 00:47:57Z] CHK MOM:0% RANGE:0.11% UP:27.27% SPREAD:0.17301038% BID:0.1734 ASK:0.1737 MID:0.17354999 P1:0.17354999 P2:0.17359999 P3:0.17359999 P4:0.17365 STATE:IDLE
[2026-06-03 00:47:58Z] CHK MOM:0.14% RANGE:0.14% UP:36.36% SPREAD:0.17281105% BID:0.1736 ASK:0.1739 MID:0.17375 P1:0.17375 P2:0.17354999 P3:0.17359999 P4:0.17359999 STATE:IDLE
[2026-06-03 00:47:58Z] CHK MOM:0.14% RANGE:0.14% UP:33.33% SPREAD:0.17281105% BID:0.1736 ASK:0.1739 MID:0.17375 P1:0.17375 P2:0.17375 P3:0.17354999 P4:0.17359999 STATE:IDLE
[2026-06-03 00:47:59Z] CHK MOM:0.14% RANGE:0.14% UP:33.33% SPREAD:0.17281105% BID:0.1736 ASK:0.1739 MID:0.17375 P1:0.17375 P2:0.17375 P3:0.17354999 P4:0.17359999 STATE:IDLE
[2026-06-03 00:47:59Z] CHK MOM:0.14% RANGE:0.14% UP:33.33% SPREAD:0.17281105% BID:0.1736 ASK:0.1739 MID:0.17375 P1:0.17375 P2:0.17375 P3:0.17354999 P4:0.17359999 STATE:IDLE
[2026-06-03 00:48:00Z] CHK MOM:0.14% RANGE:0.14% UP:33.33% SPREAD:0.17281105% BID:0.1736 ASK:0.1739 MID:0.17375 P1:0.17375 P2:0.17375 P3:0.17354999 P4:0.17359999 STATE:IDLE
[2026-06-03 00:48:00Z] CHK MOM:0.05% RANGE:0.11% UP:30% SPREAD:0.17281105% BID:0.1736 ASK:0.1739 MID:0.17375 P1:0.17375 P2:0.17375 P3:0.17375 P4:0.17354999 STATE:IDLE
[2026-06-03 00:48:01Z] CHK MOM:0% RANGE:0.11% UP:30% SPREAD:0.17301038% BID:0.1734 ASK:0.1737 MID:0.17354999 P1:0.17354999 P2:0.17375 P3:0.17375 P4:0.17375 STATE:IDLE
[2026-06-03 00:48:01Z] CHK MOM:0% RANGE:0.11% UP:30% SPREAD:0.17301038% BID:0.1734 ASK:0.1737 MID:0.17354999 P1:0.17354999 P2:0.17375 P3:0.17375 P4:0.17375 STATE:IDLE
[2026-06-03 00:48:02Z] CHK MOM:0% RANGE:0.11% UP:27.27% SPREAD:0.17301038% BID:0.1734 ASK:0.1737 MID:0.17354999 P1:0.17354999 P2:0.17354999 P3:0.17375 P4:0.17375 STATE:IDLE
[2026-06-03 00:48:03Z] CHK MOM:0% RANGE:0.11% UP:30% SPREAD:0.2306805% BID:0.1734 ASK:0.1738 MID:0.1736 P1:0.1736 P2:0.17354999 P3:0.17354999 P4:0.17375 STATE:IDLE
[2026-06-03 00:48:03Z] CHK MOM:-0.05% RANGE:0.14% UP:27.27% SPREAD:0.11534025% BID:0.1734 ASK:0.1736 MID:0.1735 P1:0.1735 P2:0.1736 P3:0.17354999 P4:0.17354999 STATE:IDLE
[2026-06-03 00:48:04Z] CHK MOM:-0.05% RANGE:0.14% UP:25% SPREAD:0.11534025% BID:0.1734 ASK:0.1736 MID:0.1735 P1:0.1735 P2:0.1735 P3:0.1736 P4:0.17354999 STATE:IDLE
[2026-06-03 00:48:04Z] CHK MOM:-0.05% RANGE:0.14% UP:25% SPREAD:0.11534025% BID:0.1734 ASK:0.1736 MID:0.1735 P1:0.1735 P2:0.1735 P3:0.1736 P4:0.17354999 STATE:IDLE
[2026-06-03 00:48:05Z] CHK MOM:-0.05% RANGE:0.14% UP:25% SPREAD:0.11534025% BID:0.1734 ASK:0.1736 MID:0.1735 P1:0.1735 P2:0.1735 P3:0.1736 P4:0.17354999 STATE:IDLE
[2026-06-03 00:48:05Z] CHK MOM:-0.05% RANGE:0.14% UP:20% SPREAD:0.11534025% BID:0.1734 ASK:0.1736 MID:0.1735 P1:0.1735 P2:0.1735 P3:0.1735 P4:0.1736 STATE:IDLE
[2026-06-03 00:48:06Z] CHK MOM:-0.05% RANGE:0.14% UP:18.18% SPREAD:0.11534025% BID:0.1734 ASK:0.1736 MID:0.1735 P1:0.1735 P2:0.1735 P3:0.1735 P4:0.1735 STATE:IDLE
[2026-06-03 00:48:06Z] CHK MOM:-0.05% RANGE:0.14% UP:16.66% SPREAD:0.11534025% BID:0.1734 ASK:0.1736 MID:0.1735 P1:0.1735 P2:0.1735 P3:0.1735 P4:0.1735 STATE:IDLE
[2026-06-03 00:48:07Z] CHK MOM:-0.05% RANGE:0.14% UP:16.66% SPREAD:0.11534025% BID:0.1734 ASK:0.1736 MID:0.1735 P1:0.1735 P2:0.1735 P3:0.1735 P4:0.1735 STATE:IDLE
[2026-06-03 00:48:08Z] CHK MOM:-0.05% RANGE:0.17% UP:16.66% SPREAD:0.05767012% BID:0.1734 ASK:0.1735 MID:0.17345 P1:0.17345 P2:0.1735 P3:0.1735 P4:0.1735 STATE:IDLE
[2026-06-03 00:48:08Z] CHK MOM:-0.05% RANGE:0.17% UP:16.66% SPREAD:0.05767012% BID:0.1734 ASK:0.1735 MID:0.17345 P1:0.17345 P2:0.1735 P3:0.1735 P4:0.1735 STATE:IDLE
[2026-06-03 00:48:09Z] CHK MOM:-0.05% RANGE:0.17% UP:16.66% SPREAD:0.05767012% BID:0.1734 ASK:0.1735 MID:0.17345 P1:0.17345 P2:0.1735 P3:0.1735 P4:0.1735 STATE:IDLE
[2026-06-03 00:48:09Z] CHK MOM:-0.05% RANGE:0.17% UP:16.66% SPREAD:0.05767012% BID:0.1734 ASK:0.1735 MID:0.17345 P1:0.17345 P2:0.1735 P3:0.1735 P4:0.1735 STATE:IDLE
[2026-06-03 00:48:11Z] CHK MOM:-0.11% RANGE:0.17% UP:20% SPREAD:0.17301038% BID:0.1734 ASK:0.1737 MID:0.17354999 P1:0.17354999 P2:0.17345 P3:0.1735 P4:0.1735 STATE:IDLE
[2026-06-03 00:48:11Z] CHK MOM:-0.11% RANGE:0.17% UP:20% SPREAD:0.17301038% BID:0.1734 ASK:0.1737 MID:0.17354999 P1:0.17354999 P2:0.17345 P3:0.1735 P4:0.1735 STATE:IDLE
[2026-06-03 00:48:12Z] CHK MOM:-0.11% RANGE:0.17% UP:20% SPREAD:0.17301038% BID:0.1734 ASK:0.1737 MID:0.17354999 P1:0.17354999 P2:0.17345 P3:0.1735 P4:0.1735 STATE:IDLE
[2026-06-03 00:48:13Z] CHK MOM:0% RANGE:0.08% UP:20% SPREAD:0.17301038% BID:0.1734 ASK:0.1737 MID:0.17354999 P1:0.17354999 P2:0.17354999 P3:0.17345 P4:0.1735 STATE:IDLE
[2026-06-03 00:48:13Z] CHK MOM:0% RANGE:0.08% UP:20% SPREAD:0.17301038% BID:0.1734 ASK:0.1737 MID:0.17354999 P1:0.17354999 P2:0.17354999 P3:0.17354999 P4:0.17345 STATE:IDLE
[2026-06-03 00:48:14Z] CHK MOM:0% RANGE:0.08% UP:20% SPREAD:0.17301038% BID:0.1734 ASK:0.1737 MID:0.17354999 P1:0.17354999 P2:0.17354999 P3:0.17354999 P4:0.17345 STATE:IDLE
[2026-06-03 00:48:14Z] CHK MOM:0% RANGE:0.08% UP:20% SPREAD:0.17301038% BID:0.1734 ASK:0.1737 MID:0.17354999 P1:0.17354999 P2:0.17354999 P3:0.17354999 P4:0.17345 STATE:IDLE
[2026-06-03 00:48:15Z] CHK MOM:0% RANGE:0.08% UP:20% SPREAD:0.17301038% BID:0.1734 ASK:0.1737 MID:0.17354999 P1:0.17354999 P2:0.17354999 P3:0.17354999 P4:0.17345 STATE:IDLE
[2026-06-03 00:48:15Z] CHK MOM:0.05% RANGE:0.08% UP:28.57% SPREAD:0.11527377% BID:0.1735 ASK:0.1737 MID:0.17359999 P1:0.17359999 P2:0.17354999 P3:0.17354999 P4:0.17354999 STATE:IDLE
[2026-06-03 00:48:16Z] CHK MOM:0.05% RANGE:0.08% UP:28.57% SPREAD:0.11527377% BID:0.1735 ASK:0.1737 MID:0.17359999 P1:0.17359999 P2:0.17354999 P3:0.17354999 P4:0.17354999 STATE:IDLE
[2026-06-03 00:48:16Z] CHK MOM:0.05% RANGE:0.08% UP:28.57% SPREAD:0.11527377% BID:0.1735 ASK:0.1737 MID:0.17359999 P1:0.17359999 P2:0.17354999 P3:0.17354999 P4:0.17354999 STATE:IDLE
[2026-06-03 00:48:17Z] CHK MOM:0.05% RANGE:0.08% UP:28.57% SPREAD:0.11527377% BID:0.1735 ASK:0.1737 MID:0.17359999 P1:0.17359999 P2:0.17354999 P3:0.17354999 P4:0.17354999 STATE:IDLE
[2026-06-03 00:48:18Z] CHK MOM:0.05% RANGE:0.08% UP:28.57% SPREAD:0.11527377% BID:0.1735 ASK:0.1737 MID:0.17359999 P1:0.17359999 P2:0.17354999 P3:0.17354999 P4:0.17354999 STATE:IDLE
[2026-06-03 00:48:18Z] CHK MOM:0.05% RANGE:0.08% UP:33.33% SPREAD:0.11527377% BID:0.1735 ASK:0.1737 MID:0.17359999 P1:0.17359999 P2:0.17359999 P3:0.17354999 P4:0.17354999 STATE:IDLE
[2026-06-03 00:48:19Z] CHK MOM:0.05% RANGE:0.08% UP:33.33% SPREAD:0.11527377% BID:0.1735 ASK:0.1737 MID:0.17359999 P1:0.17359999 P2:0.17359999 P3:0.17354999 P4:0.17354999 STATE:IDLE
[2026-06-03 00:48:19Z] CHK MOM:0.05% RANGE:0.08% UP:33.33% SPREAD:0.11527377% BID:0.1735 ASK:0.1737 MID:0.17359999 P1:0.17359999 P2:0.17359999 P3:0.17354999 P4:0.17354999 STATE:IDLE
[2026-06-03 00:48:20Z] CHK MOM:0.05% RANGE:0.08% UP:33.33% SPREAD:0.11527377% BID:0.1735 ASK:0.1737 MID:0.17359999 P1:0.17359999 P2:0.17359999 P3:0.17354999 P4:0.17354999 STATE:IDLE
[2026-06-03 00:48:20Z] CHK MOM:0.05% RANGE:0.08% UP:33.33% SPREAD:0.11527377% BID:0.1735 ASK:0.1737 MID:0.17359999 P1:0.17359999 P2:0.17359999 P3:0.17354999 P4:0.17354999 STATE:IDLE
[2026-06-03 00:48:28Z] CHK MOM:0.05% RANGE:0.05% UP:50% SPREAD:0.11520737% BID:0.1736 ASK:0.1738 MID:0.1737 P1:0.1737 P2:0.17359999 P3:0.17359999 P4:0.17354999 STATE:IDLE
[2026-06-03 00:48:28Z] CHK MOM:0.05% RANGE:0.05% UP:50% SPREAD:0.11520737% BID:0.1736 ASK:0.1738 MID:0.1737 P1:0.1737 P2:0.1737 P3:0.17359999 P4:0.17359999 STATE:IDLE
[2026-06-03 00:48:29Z] CHK MOM:0.05% RANGE:0.05% UP:50% SPREAD:0.11520737% BID:0.1736 ASK:0.1738 MID:0.1737 P1:0.1737 P2:0.1737 P3:0.17359999 P4:0.17359999 STATE:IDLE
[2026-06-03 00:48:29Z] CHK MOM:0.05% RANGE:0.05% UP:50% SPREAD:0.11520737% BID:0.1736 ASK:0.1738 MID:0.1737 P1:0.1737 P2:0.1737 P3:0.17359999 P4:0.17359999 STATE:IDLE
[2026-06-03 00:48:30Z] CHK MOM:0.05% RANGE:0.05% UP:50% SPREAD:0.11520737% BID:0.1736 ASK:0.1738 MID:0.1737 P1:0.1737 P2:0.1737 P3:0.17359999 P4:0.17359999 STATE:IDLE
[2026-06-03 00:48:30Z] CHK MOM:0.05% RANGE:0.05% UP:50% SPREAD:0.11520737% BID:0.1736 ASK:0.1738 MID:0.1737 P1:0.1737 P2:0.1737 P3:0.17359999 P4:0.17359999 STATE:IDLE
[2026-06-03 00:48:31Z] CHK MOM:0.05% RANGE:0.05% UP:50% SPREAD:0.11520737% BID:0.1736 ASK:0.1738 MID:0.1737 P1:0.1737 P2:0.1737 P3:0.17359999 P4:0.17359999 STATE:IDLE
[2026-06-03 00:48:34Z] CHK MOM:0.02% RANGE:0.02% UP:50% SPREAD:0.05757052% BID:0.1737 ASK:0.1738 MID:0.17375 P1:0.17375 P2:0.1737 P3:0.1737 P4:0.17359999 STATE:IDLE
[2026-06-03 00:48:34Z] CHK MOM:-0.05% RANGE:0.08% UP:33.33% SPREAD:0.11527377% BID:0.1735 ASK:0.1737 MID:0.17359999 P1:0.17359999 P2:0.17375 P3:0.1737 P4:0.1737 STATE:IDLE
[2026-06-03 00:48:35Z] CHK MOM:-0.11% RANGE:0.14% UP:25% SPREAD:0.11534025% BID:0.1734 ASK:0.1736 MID:0.1735 P1:0.1735 P2:0.17359999 P3:0.17375 P4:0.1737 STATE:IDLE
[2026-06-03 00:48:35Z] CHK MOM:-0.11% RANGE:0.14% UP:20% SPREAD:0.11534025% BID:0.1734 ASK:0.1736 MID:0.1735 P1:0.1735 P2:0.1735 P3:0.17359999 P4:0.17375 STATE:IDLE
[2026-06-03 00:48:36Z] CHK MOM:-0.14% RANGE:0.17% UP:16.66% SPREAD:0.05767012% BID:0.1734 ASK:0.1735 MID:0.17345 P1:0.17345 P2:0.1735 P3:0.1735 P4:0.17359999 STATE:IDLE
[2026-06-03 00:48:36Z] CHK MOM:-0.14% RANGE:0.17% UP:16.66% SPREAD:0.05767012% BID:0.1734 ASK:0.1735 MID:0.17345 P1:0.17345 P2:0.1735 P3:0.1735 P4:0.17359999 STATE:IDLE
[2026-06-03 00:48:37Z] CHK MOM:-0.14% RANGE:0.17% UP:16.66% SPREAD:0.05767012% BID:0.1734 ASK:0.1735 MID:0.17345 P1:0.17345 P2:0.1735 P3:0.1735 P4:0.17359999 STATE:IDLE
[2026-06-03 00:48:37Z] CHK MOM:-0.14% RANGE:0.17% UP:16.66% SPREAD:0.05767012% BID:0.1734 ASK:0.1735 MID:0.17345 P1:0.17345 P2:0.1735 P3:0.1735 P4:0.17359999 STATE:IDLE
[2026-06-03 00:48:38Z] CHK MOM:-0.14% RANGE:0.17% UP:16.66% SPREAD:0.05767012% BID:0.1734 ASK:0.1735 MID:0.17345 P1:0.17345 P2:0.1735 P3:0.1735 P4:0.17359999 STATE:IDLE
[2026-06-03 00:48:38Z] CHK MOM:-0.14% RANGE:0.17% UP:16.66% SPREAD:0.05767012% BID:0.1734 ASK:0.1735 MID:0.17345 P1:0.17345 P2:0.1735 P3:0.1735 P4:0.17359999 STATE:IDLE
[2026-06-03 00:48:46Z] CHK MOM:-0.11% RANGE:0.11% UP:0% SPREAD:0.1154068% BID:0.1733 ASK:0.1735 MID:0.1734 P1:0.1734 P2:0.17345 P3:0.1735 P4:0.1735 STATE:IDLE
[2026-06-03 00:48:47Z] CHK MOM:-0.11% RANGE:0.11% UP:0% SPREAD:0.11547344% BID:0.1732 ASK:0.1734 MID:0.1733 P1:0.1733 P2:0.1734 P3:0.17345 P4:0.1735 STATE:IDLE
[2026-06-03 00:48:47Z] CHK MOM:-0.11% RANGE:0.11% UP:0% SPREAD:0.11547344% BID:0.1732 ASK:0.1734 MID:0.1733 P1:0.1733 P2:0.1734 P3:0.17345 P4:0.1735 STATE:IDLE
[2026-06-03 00:48:48Z] CHK MOM:-0.02% RANGE:0.05% UP:50% SPREAD:0.17321016% BID:0.1732 ASK:0.1735 MID:0.17335 P1:0.17335 P2:0.1733 P3:0.1734 P4:0.17345 STATE:IDLE
[2026-06-03 00:48:48Z] CHK MOM:0.11% RANGE:0.17% UP:66.66% SPREAD:0.11527377% BID:0.1735 ASK:0.1737 MID:0.17359999 P1:0.17359999 P2:0.17335 P3:0.1733 P4:0.1734 STATE:IDLE
[2026-06-03 00:48:49Z] CHK MOM:0.11% RANGE:0.17% UP:50% SPREAD:0.11527377% BID:0.1735 ASK:0.1737 MID:0.17359999 P1:0.17359999 P2:0.17359999 P3:0.17335 P4:0.1733 STATE:IDLE
[2026-06-03 00:48:49Z] CHK MOM:0.17% RANGE:0.23% UP:60% SPREAD:0.11520737% BID:0.1736 ASK:0.1738 MID:0.1737 P1:0.1737 P2:0.17359999 P3:0.17359999 P4:0.17335 STATE:IDLE
[2026-06-03 00:48:50Z] CHK MOM:0.2% RANGE:0.25% UP:66.66% SPREAD:0.05757052% BID:0.1737 ASK:0.1738 MID:0.17375 P1:0.17375 P2:0.1737 P3:0.17359999 P4:0.17359999 STATE:IDLE
[2026-06-03 00:48:50Z] CHK MOM:0.2% RANGE:0.25% UP:66.66% SPREAD:0.05757052% BID:0.1737 ASK:0.1738 MID:0.17375 P1:0.17375 P2:0.1737 P3:0.17359999 P4:0.17359999 STATE:IDLE
[2026-06-03 00:48:51Z] CHK MOM:0.23% RANGE:0.28% UP:71.42% SPREAD:0.11514104% BID:0.1737 ASK:0.1739 MID:0.1738 P1:0.1738 P2:0.17375 P3:0.1737 P4:0.17359999 STATE:IDLE
[2026-06-03 00:48:52Z] CHK MOM:0.23% RANGE:0.28% UP:71.42% SPREAD:0.11514104% BID:0.1737 ASK:0.1739 MID:0.1738 P1:0.1738 P2:0.17375 P3:0.1737 P4:0.17359999 STATE:IDLE
[2026-06-03 00:48:52Z] CHK MOM:0.23% RANGE:0.28% UP:71.42% SPREAD:0.11514104% BID:0.1737 ASK:0.1739 MID:0.1738 P1:0.1738 P2:0.17375 P3:0.1737 P4:0.17359999 STATE:IDLE
[2026-06-03 00:48:53Z] CHK MOM:0.23% RANGE:0.28% UP:71.42% SPREAD:0.11514104% BID:0.1737 ASK:0.1739 MID:0.1738 P1:0.1738 P2:0.17375 P3:0.1737 P4:0.17359999 STATE:IDLE
[2026-06-03 00:48:53Z] CHK MOM:0.2% RANGE:0.28% UP:62.5% SPREAD:0.17281105% BID:0.1736 ASK:0.1739 MID:0.17375 P1:0.17375 P2:0.1738 P3:0.17375 P4:0.1737 STATE:IDLE
[2026-06-03 00:48:54Z] CHK MOM:0.2% RANGE:0.28% UP:62.5% SPREAD:0.17281105% BID:0.1736 ASK:0.1739 MID:0.17375 P1:0.17375 P2:0.1738 P3:0.17375 P4:0.1737 STATE:IDLE
[2026-06-03 00:48:54Z] CHK MOM:0.2% RANGE:0.28% UP:62.5% SPREAD:0.17281105% BID:0.1736 ASK:0.1739 MID:0.17375 P1:0.17375 P2:0.1738 P3:0.17375 P4:0.1737 STATE:IDLE
[2026-06-03 00:48:55Z] CHK MOM:0.2% RANGE:0.28% UP:62.5% SPREAD:0.17281105% BID:0.1736 ASK:0.1739 MID:0.17375 P1:0.17375 P2:0.1738 P3:0.17375 P4:0.1737 STATE:IDLE
[2026-06-03 00:48:55Z] CHK MOM:0.2% RANGE:0.28% UP:55.55% SPREAD:0.17281105% BID:0.1736 ASK:0.1739 MID:0.17375 P1:0.17375 P2:0.17375 P3:0.1738 P4:0.17375 STATE:IDLE
[2026-06-03 00:48:56Z] CHK MOM:0.2% RANGE:0.28% UP:55.55% SPREAD:0.17281105% BID:0.1736 ASK:0.1739 MID:0.17375 P1:0.17375 P2:0.17375 P3:0.1738 P4:0.17375 STATE:IDLE
[2026-06-03 00:48:56Z] CHK MOM:0.2% RANGE:0.28% UP:55.55% SPREAD:0.17281105% BID:0.1736 ASK:0.1739 MID:0.17375 P1:0.17375 P2:0.17375 P3:0.1738 P4:0.17375 STATE:IDLE
[2026-06-03 00:48:57Z] CHK MOM:0.2% RANGE:0.28% UP:50% SPREAD:0.17281105% BID:0.1736 ASK:0.1739 MID:0.17375 P1:0.17375 P2:0.17375 P3:0.17375 P4:0.1738 STATE:IDLE
[2026-06-03 00:48:58Z] CHK MOM:0.34% RANGE:0.34% UP:60% SPREAD:0.11507479% BID:0.1738 ASK:0.174 MID:0.1739 P1:0.1739 P2:0.17375 P3:0.17375 P4:0.17375 STATE:IDLE
[2026-06-03 00:48:58Z] CHK MOM:0.34% RANGE:0.34% UP:54.54% SPREAD:0.11507479% BID:0.1738 ASK:0.174 MID:0.1739 P1:0.1739 P2:0.1739 P3:0.17375 P4:0.17375 STATE:IDLE
[2026-06-03 00:48:59Z] CHK MOM:0.34% RANGE:0.34% UP:54.54% SPREAD:0.11507479% BID:0.1738 ASK:0.174 MID:0.1739 P1:0.1739 P2:0.1739 P3:0.17375 P4:0.17375 STATE:IDLE
[2026-06-03 00:48:59Z] CHK MOM:0.28% RANGE:0.31% UP:45.45% SPREAD:0.17271157% BID:0.1737 ASK:0.174 MID:0.17385 P1:0.17385 P2:0.1739 P3:0.1739 P4:0.17375 STATE:IDLE
[2026-06-03 00:49:00Z] CHK MOM:0.28% RANGE:0.31% UP:45.45% SPREAD:0.17271157% BID:0.1737 ASK:0.174 MID:0.17385 P1:0.17385 P2:0.1739 P3:0.1739 P4:0.17375 STATE:IDLE
[2026-06-03 00:49:00Z] CHK MOM:0.14% RANGE:0.17% UP:36.36% SPREAD:0.17271157% BID:0.1737 ASK:0.174 MID:0.17385 P1:0.17385 P2:0.17385 P3:0.1739 P4:0.1739 STATE:IDLE
[2026-06-03 00:49:01Z] CHK MOM:-0.05% RANGE:0.17% UP:30% SPREAD:0.11527377% BID:0.1735 ASK:0.1737 MID:0.17359999 P1:0.17359999 P2:0.17385 P3:0.17385 P4:0.1739 STATE:IDLE
[2026-06-03 00:49:01Z] CHK MOM:-0.11% RANGE:0.23% UP:27.27% SPREAD:0.11534025% BID:0.1734 ASK:0.1736 MID:0.1735 P1:0.1735 P2:0.17359999 P3:0.17385 P4:0.17385 STATE:IDLE
[2026-06-03 00:49:02Z] CHK MOM:-0.11% RANGE:0.23% UP:27.27% SPREAD:0.11534025% BID:0.1734 ASK:0.1736 MID:0.1735 P1:0.1735 P2:0.17359999 P3:0.17385 P4:0.17385 STATE:IDLE
[2026-06-03 00:49:03Z] CHK MOM:-0.14% RANGE:0.23% UP:20% SPREAD:0.17301038% BID:0.1734 ASK:0.1737 MID:0.17354999 P1:0.17354999 P2:0.1735 P3:0.17359999 P4:0.17385 STATE:IDLE
[2026-06-03 00:49:03Z] CHK MOM:0.25% RANGE:0.4% UP:30% SPREAD:0.1148765% BID:0.1741 ASK:0.1743 MID:0.1742 P1:0.1742 P2:0.17354999 P3:0.1735 P4:0.17359999 STATE:IDLE
[2026-06-03 00:49:04Z] CHK MOM:0.25% RANGE:0.4% UP:27.27% SPREAD:0.1148765% BID:0.1741 ASK:0.1743 MID:0.1742 P1:0.1742 P2:0.1742 P3:0.17354999 P4:0.1735 STATE:IDLE
[2026-06-03 00:49:04Z] CHK MOM:0.25% RANGE:0.4% UP:27.27% SPREAD:0.1148765% BID:0.1741 ASK:0.1743 MID:0.1742 P1:0.1742 P2:0.1742 P3:0.17354999 P4:0.1735 STATE:IDLE
[2026-06-03 00:49:05Z] CHK MOM:0.25% RANGE:0.4% UP:25% SPREAD:0.1148765% BID:0.1741 ASK:0.1743 MID:0.1742 P1:0.1742 P2:0.1742 P3:0.1742 P4:0.17354999 STATE:IDLE
[2026-06-03 00:49:05Z] CHK MOM:0.25% RANGE:0.4% UP:25% SPREAD:0.1148765% BID:0.1741 ASK:0.1743 MID:0.1742 P1:0.1742 P2:0.1742 P3:0.1742 P4:0.17354999 STATE:IDLE
[2026-06-03 00:49:06Z] CHK MOM:0.25% RANGE:0.4% UP:25% SPREAD:0.1148765% BID:0.1741 ASK:0.1743 MID:0.1742 P1:0.1742 P2:0.1742 P3:0.1742 P4:0.17354999 STATE:IDLE
[2026-06-03 00:49:06Z] CHK MOM:0.25% RANGE:0.4% UP:25% SPREAD:0.1148765% BID:0.1741 ASK:0.1743 MID:0.1742 P1:0.1742 P2:0.1742 P3:0.1742 P4:0.1742 STATE:IDLE
[2026-06-03 00:49:07Z] CHK MOM:0.25% RANGE:0.4% UP:25% SPREAD:0.1148765% BID:0.1741 ASK:0.1743 MID:0.1742 P1:0.1742 P2:0.1742 P3:0.1742 P4:0.1742 STATE:IDLE
[2026-06-03 00:49:07Z] CHK MOM:0.25% RANGE:0.4% UP:23.07% SPREAD:0.1148765% BID:0.1741 ASK:0.1743 MID:0.1742 P1:0.1742 P2:0.1742 P3:0.1742 P4:0.1742 STATE:IDLE
[2026-06-03 00:49:08Z] CHK MOM:0.25% RANGE:0.4% UP:23.07% SPREAD:0.1148765% BID:0.1741 ASK:0.1743 MID:0.1742 P1:0.1742 P2:0.1742 P3:0.1742 P4:0.1742 STATE:IDLE
[2026-06-03 00:49:09Z] CHK MOM:0.25% RANGE:0.4% UP:23.07% SPREAD:0.1148765% BID:0.1741 ASK:0.1743 MID:0.1742 P1:0.1742 P2:0.1742 P3:0.1742 P4:0.1742 STATE:IDLE
[2026-06-03 00:49:09Z] CHK MOM:0.25% RANGE:0.4% UP:23.07% SPREAD:0.1148765% BID:0.1741 ASK:0.1743 MID:0.1742 P1:0.1742 P2:0.1742 P3:0.1742 P4:0.1742 STATE:IDLE
[2026-06-03 00:49:10Z] CHK MOM:0.14% RANGE:0.4% UP:16.66% SPREAD:0.17241379% BID:0.174 ASK:0.1743 MID:0.17415 P1:0.17415 P2:0.1742 P3:0.1742 P4:0.1742 STATE:IDLE
[2026-06-03 00:49:10Z] CHK MOM:0.14% RANGE:0.4% UP:16.66% SPREAD:0.17241379% BID:0.174 ASK:0.1743 MID:0.17415 P1:0.17415 P2:0.1742 P3:0.1742 P4:0.1742 STATE:IDLE
[2026-06-03 00:49:11Z] CHK MOM:0.17% RANGE:0.4% UP:18.18% SPREAD:0.17241379% BID:0.174 ASK:0.1743 MID:0.17415 P1:0.17415 P2:0.17415 P3:0.1742 P4:0.1742 STATE:IDLE
[2026-06-03 00:49:11Z] CHK MOM:0.2% RANGE:0.4% UP:25% SPREAD:0.1148765% BID:0.1741 ASK:0.1743 MID:0.1742 P1:0.1742 P2:0.17415 P3:0.17415 P4:0.1742 STATE:IDLE
[2026-06-03 00:49:12Z] CHK MOM:0.2% RANGE:0.4% UP:25% SPREAD:0.1148765% BID:0.1741 ASK:0.1743 MID:0.1742 P1:0.1742 P2:0.17415 P3:0.17415 P4:0.1742 STATE:IDLE
[2026-06-03 00:49:12Z] CHK MOM:0.2% RANGE:0.4% UP:25% SPREAD:0.1148765% BID:0.1741 ASK:0.1743 MID:0.1742 P1:0.1742 P2:0.17415 P3:0.17415 P4:0.1742 STATE:IDLE
[2026-06-03 00:49:13Z] CHK MOM:0.2% RANGE:0.4% UP:25% SPREAD:0.1148765% BID:0.1741 ASK:0.1743 MID:0.1742 P1:0.1742 P2:0.17415 P3:0.17415 P4:0.1742 STATE:IDLE
[2026-06-03 00:49:14Z] CHK MOM:0.2% RANGE:0.4% UP:25% SPREAD:0.1148765% BID:0.1741 ASK:0.1743 MID:0.1742 P1:0.1742 P2:0.17415 P3:0.17415 P4:0.1742 STATE:IDLE
[2026-06-03 00:49:15Z] CHK MOM:0% RANGE:0.02% UP:12.5% SPREAD:0.1148765% BID:0.1741 ASK:0.1743 MID:0.1742 P1:0.1742 P2:0.1742 P3:0.17415 P4:0.17415 STATE:IDLE
[2026-06-03 00:49:15Z] CHK MOM:0% RANGE:0.02% UP:12.5% SPREAD:0.1148765% BID:0.1741 ASK:0.1743 MID:0.1742 P1:0.1742 P2:0.1742 P3:0.17415 P4:0.17415 STATE:IDLE
[2026-06-03 00:49:16Z] CHK MOM:-0.02% RANGE:0.02% UP:12.5% SPREAD:0.17241379% BID:0.174 ASK:0.1743 MID:0.17415 P1:0.17415 P2:0.1742 P3:0.1742 P4:0.17415 STATE:IDLE
[2026-06-03 00:49:16Z] CHK MOM:-0.02% RANGE:0.02% UP:12.5% SPREAD:0.17241379% BID:0.174 ASK:0.1743 MID:0.17415 P1:0.17415 P2:0.1742 P3:0.1742 P4:0.17415 STATE:IDLE
[2026-06-03 00:49:17Z] CHK MOM:-0.05% RANGE:0.05% UP:12.5% SPREAD:0.23001725% BID:0.1739 ASK:0.1743 MID:0.1741 P1:0.1741 P2:0.17415 P3:0.1742 P4:0.1742 STATE:IDLE
[2026-06-03 00:49:17Z] CHK MOM:-0.05% RANGE:0.05% UP:12.5% SPREAD:0.23001725% BID:0.1739 ASK:0.1743 MID:0.1741 P1:0.1741 P2:0.17415 P3:0.1742 P4:0.1742 STATE:IDLE
[2026-06-03 00:49:18Z] CHK MOM:-0.05% RANGE:0.05% UP:12.5% SPREAD:0.23001725% BID:0.1739 ASK:0.1743 MID:0.1741 P1:0.1741 P2:0.17415 P3:0.1742 P4:0.1742 STATE:IDLE
[2026-06-03 00:49:18Z] CHK MOM:-0.08% RANGE:0.08% UP:14.28% SPREAD:0.17251293% BID:0.1739 ASK:0.1742 MID:0.17404999 P1:0.17404999 P2:0.1741 P3:0.17415 P4:0.1742 STATE:IDLE
[2026-06-03 00:49:19Z] CHK MOM:-0.08% RANGE:0.08% UP:14.28% SPREAD:0.17251293% BID:0.1739 ASK:0.1742 MID:0.17404999 P1:0.17404999 P2:0.1741 P3:0.17415 P4:0.1742 STATE:IDLE
[2026-06-03 00:49:20Z] CHK MOM:-0.05% RANGE:0.08% UP:14.28% SPREAD:0.17251293% BID:0.1739 ASK:0.1742 MID:0.17404999 P1:0.17404999 P2:0.17404999 P3:0.1741 P4:0.17415 STATE:IDLE
[2026-06-03 00:49:20Z] CHK MOM:-0.08% RANGE:0.11% UP:12.5% SPREAD:0.11500862% BID:0.1739 ASK:0.1741 MID:0.174 P1:0.174 P2:0.17404999 P3:0.17404999 P4:0.1741 STATE:IDLE
[2026-06-03 00:49:21Z] CHK MOM:-0.08% RANGE:0.11% UP:12.5% SPREAD:0.11500862% BID:0.1739 ASK:0.1741 MID:0.174 P1:0.174 P2:0.17404999 P3:0.17404999 P4:0.1741 STATE:IDLE
[2026-06-03 00:49:21Z] CHK MOM:-0.08% RANGE:0.11% UP:12.5% SPREAD:0.11500862% BID:0.1739 ASK:0.1741 MID:0.174 P1:0.174 P2:0.17404999 P3:0.17404999 P4:0.1741 STATE:IDLE
[2026-06-03 00:49:22Z] CHK MOM:-0.05% RANGE:0.11% UP:25% SPREAD:0.17251293% BID:0.1739 ASK:0.1742 MID:0.17404999 P1:0.17404999 P2:0.174 P3:0.17404999 P4:0.17404999 STATE:IDLE
[2026-06-03 00:49:22Z] CHK MOM:-0.05% RANGE:0.11% UP:22.22% SPREAD:0.17251293% BID:0.1739 ASK:0.1742 MID:0.17404999 P1:0.17404999 P2:0.17404999 P3:0.174 P4:0.17404999 STATE:IDLE
[2026-06-03 00:49:23Z] CHK MOM:-0.05% RANGE:0.11% UP:22.22% SPREAD:0.17251293% BID:0.1739 ASK:0.1742 MID:0.17404999 P1:0.17404999 P2:0.17404999 P3:0.174 P4:0.17404999 STATE:IDLE
[2026-06-03 00:49:23Z] CHK MOM:-0.05% RANGE:0.11% UP:22.22% SPREAD:0.17251293% BID:0.1739 ASK:0.1742 MID:0.17404999 P1:0.17404999 P2:0.17404999 P3:0.174 P4:0.17404999 STATE:IDLE
[2026-06-03 00:49:24Z] CHK MOM:-0.05% RANGE:0.11% UP:22.22% SPREAD:0.17251293% BID:0.1739 ASK:0.1742 MID:0.17404999 P1:0.17404999 P2:0.17404999 P3:0.174 P4:0.17404999 STATE:IDLE
[2026-06-03 00:49:25Z] CHK MOM:-0.08% RANGE:0.11% UP:12.5% SPREAD:0.17251293% BID:0.1739 ASK:0.1742 MID:0.17404999 P1:0.17404999 P2:0.17404999 P3:0.17404999 P4:0.174 STATE:IDLE
[2026-06-03 00:49:25Z] CHK MOM:-0.11% RANGE:0.11% UP:11.11% SPREAD:0.11500862% BID:0.1739 ASK:0.1741 MID:0.174 P1:0.174 P2:0.17404999 P3:0.17404999 P4:0.17404999 STATE:IDLE
[2026-06-03 00:49:26Z] CHK MOM:-0.11% RANGE:0.11% UP:11.11% SPREAD:0.11500862% BID:0.1739 ASK:0.1741 MID:0.174 P1:0.174 P2:0.17404999 P3:0.17404999 P4:0.17404999 STATE:IDLE
[2026-06-03 00:49:26Z] CHK MOM:-0.11% RANGE:0.11% UP:11.11% SPREAD:0.11500862% BID:0.1739 ASK:0.1741 MID:0.174 P1:0.174 P2:0.17404999 P3:0.17404999 P4:0.17404999 STATE:IDLE
[2026-06-03 00:49:27Z] CHK MOM:-0.2% RANGE:0.2% UP:10% SPREAD:0.17271157% BID:0.1737 ASK:0.174 MID:0.17385 P1:0.17385 P2:0.174 P3:0.17404999 P4:0.17404999 STATE:IDLE
[2026-06-03 00:49:27Z] CHK MOM:-0.2% RANGE:0.2% UP:10% SPREAD:0.17271157% BID:0.1737 ASK:0.174 MID:0.17385 P1:0.17385 P2:0.174 P3:0.17404999 P4:0.17404999 STATE:IDLE
[2026-06-03 00:49:28Z] CHK MOM:-0.08% RANGE:0.14% UP:22.22% SPREAD:0.17261219% BID:0.1738 ASK:0.1741 MID:0.17395 P1:0.17395 P2:0.17385 P3:0.174 P4:0.17404999 STATE:IDLE
[2026-06-03 00:49:28Z] CHK MOM:-0.08% RANGE:0.14% UP:22.22% SPREAD:0.17261219% BID:0.1738 ASK:0.1741 MID:0.17395 P1:0.17395 P2:0.17385 P3:0.174 P4:0.17404999 STATE:IDLE
[2026-06-03 00:49:29Z] CHK MOM:-0.11% RANGE:0.11% UP:22.22% SPREAD:0.17271157% BID:0.1737 ASK:0.174 MID:0.17385 P1:0.17385 P2:0.17395 P3:0.17385 P4:0.174 STATE:IDLE
[2026-06-03 00:49:29Z] CHK MOM:-0.11% RANGE:0.11% UP:22.22% SPREAD:0.17271157% BID:0.1737 ASK:0.174 MID:0.17385 P1:0.17385 P2:0.17395 P3:0.17385 P4:0.174 STATE:IDLE
[2026-06-03 00:49:30Z] CHK MOM:-0.11% RANGE:0.11% UP:22.22% SPREAD:0.17271157% BID:0.1737 ASK:0.174 MID:0.17385 P1:0.17385 P2:0.17395 P3:0.17385 P4:0.174 STATE:IDLE
[2026-06-03 00:49:31Z] CHK MOM:-0.11% RANGE:0.11% UP:22.22% SPREAD:0.17271157% BID:0.1737 ASK:0.174 MID:0.17385 P1:0.17385 P2:0.17395 P3:0.17385 P4:0.174 STATE:IDLE
[2026-06-03 00:49:31Z] CHK MOM:-0.11% RANGE:0.11% UP:22.22% SPREAD:0.17271157% BID:0.1737 ASK:0.174 MID:0.17385 P1:0.17385 P2:0.17395 P3:0.17385 P4:0.174 STATE:IDLE
[2026-06-03 00:49:32Z] CHK MOM:-0.05% RANGE:0.11% UP:28.57% SPREAD:0.17261219% BID:0.1738 ASK:0.1741 MID:0.17395 P1:0.17395 P2:0.17385 P3:0.17395 P4:0.17385 STATE:IDLE
[2026-06-03 00:49:33Z] CHK MOM:-0.08% RANGE:0.11% UP:25% SPREAD:0.11507479% BID:0.1738 ASK:0.174 MID:0.1739 P1:0.1739 P2:0.17395 P3:0.17385 P4:0.17395 STATE:IDLE
[2026-06-03 00:49:33Z] CHK MOM:-0.08% RANGE:0.11% UP:25% SPREAD:0.11507479% BID:0.1738 ASK:0.174 MID:0.1739 P1:0.1739 P2:0.17395 P3:0.17385 P4:0.17395 STATE:IDLE
[2026-06-03 00:49:34Z] CHK MOM:-0.08% RANGE:0.11% UP:25% SPREAD:0.11507479% BID:0.1738 ASK:0.174 MID:0.1739 P1:0.1739 P2:0.17395 P3:0.17385 P4:0.17395 STATE:IDLE
[2026-06-03 00:49:34Z] CHK MOM:-0.08% RANGE:0.11% UP:25% SPREAD:0.11507479% BID:0.1738 ASK:0.174 MID:0.1739 P1:0.1739 P2:0.17395 P3:0.17385 P4:0.17395 STATE:IDLE
[2026-06-03 00:49:35Z] CHK MOM:-0.08% RANGE:0.11% UP:25% SPREAD:0.11507479% BID:0.1738 ASK:0.174 MID:0.1739 P1:0.1739 P2:0.17395 P3:0.17385 P4:0.17395 STATE:IDLE
[2026-06-03 00:49:36Z] CHK MOM:-0.11% RANGE:0.11% UP:28.57% SPREAD:0.17271157% BID:0.1737 ASK:0.174 MID:0.17385 P1:0.17385 P2:0.1739 P3:0.17395 P4:0.17385 STATE:IDLE
[2026-06-03 00:49:36Z] CHK MOM:-0.08% RANGE:0.11% UP:37.5% SPREAD:0.11507479% BID:0.1738 ASK:0.174 MID:0.1739 P1:0.1739 P2:0.17385 P3:0.1739 P4:0.17395 STATE:IDLE
[2026-06-03 00:49:37Z] CHK MOM:-0.08% RANGE:0.11% UP:37.5% SPREAD:0.11507479% BID:0.1738 ASK:0.174 MID:0.1739 P1:0.1739 P2:0.17385 P3:0.1739 P4:0.17395 STATE:IDLE
[2026-06-03 00:49:37Z] CHK MOM:0% RANGE:0.05% UP:42.85% SPREAD:0.17271157% BID:0.1737 ASK:0.174 MID:0.17385 P1:0.17385 P2:0.1739 P3:0.17385 P4:0.1739 STATE:IDLE
[2026-06-03 00:49:38Z] CHK MOM:0% RANGE:0.05% UP:42.85% SPREAD:0.17271157% BID:0.1737 ASK:0.174 MID:0.17385 P1:0.17385 P2:0.1739 P3:0.17385 P4:0.1739 STATE:IDLE
[2026-06-03 00:49:38Z] CHK MOM:0.05% RANGE:0.05% UP:50% SPREAD:0.17261219% BID:0.1738 ASK:0.1741 MID:0.17395 P1:0.17395 P2:0.17385 P3:0.1739 P4:0.17385 STATE:IDLE
[2026-06-03 00:49:39Z] CHK MOM:0% RANGE:0.05% UP:44.44% SPREAD:0.17271157% BID:0.1737 ASK:0.174 MID:0.17385 P1:0.17385 P2:0.17395 P3:0.17385 P4:0.1739 STATE:IDLE
[2026-06-03 00:49:39Z] CHK MOM:0% RANGE:0.05% UP:44.44% SPREAD:0.17271157% BID:0.1737 ASK:0.174 MID:0.17385 P1:0.17385 P2:0.17395 P3:0.17385 P4:0.1739 STATE:IDLE
[2026-06-03 00:49:40Z] CHK MOM:-0.05% RANGE:0.05% UP:33.33% SPREAD:0.17271157% BID:0.1737 ASK:0.174 MID:0.17385 P1:0.17385 P2:0.17385 P3:0.17395 P4:0.17385 STATE:IDLE
[2026-06-03 00:49:40Z] CHK MOM:-0.05% RANGE:0.05% UP:33.33% SPREAD:0.17271157% BID:0.1737 ASK:0.174 MID:0.17385 P1:0.17385 P2:0.17385 P3:0.17395 P4:0.17385 STATE:IDLE
[2026-06-03 00:49:41Z] CHK MOM:0.05% RANGE:0.05% UP:44.44% SPREAD:0.17261219% BID:0.1738 ASK:0.1741 MID:0.17395 P1:0.17395 P2:0.17385 P3:0.17385 P4:0.17395 STATE:IDLE
[2026-06-03 00:49:42Z] CHK MOM:0% RANGE:0.05% UP:33.33% SPREAD:0.17261219% BID:0.1738 ASK:0.1741 MID:0.17395 P1:0.17395 P2:0.17395 P3:0.17385 P4:0.17385 STATE:IDLE
[2026-06-03 00:49:42Z] CHK MOM:0% RANGE:0.05% UP:33.33% SPREAD:0.17261219% BID:0.1738 ASK:0.1741 MID:0.17395 P1:0.17395 P2:0.17395 P3:0.17385 P4:0.17385 STATE:IDLE
[2026-06-03 00:49:43Z] CHK MOM:0% RANGE:0.05% UP:33.33% SPREAD:0.17261219% BID:0.1738 ASK:0.1741 MID:0.17395 P1:0.17395 P2:0.17395 P3:0.17385 P4:0.17385 STATE:IDLE
[2026-06-03 00:49:43Z] CHK MOM:0% RANGE:0.05% UP:33.33% SPREAD:0.17261219% BID:0.1738 ASK:0.1741 MID:0.17395 P1:0.17395 P2:0.17395 P3:0.17385 P4:0.17385 STATE:IDLE
[2026-06-03 00:49:44Z] CHK MOM:0.28% RANGE:0.34% UP:40% SPREAD:0.05733944% BID:0.1744 ASK:0.1745 MID:0.17445 P1:0.17445 P2:0.17395 P3:0.17395 P4:0.17385 STATE:IDLE
[2026-06-03 00:49:45Z] BURST_TRIGGER ret=0.3452% need=0.2294% vel=0.1065%/s eff=1.000 pressure=999.00 drop=0.0000% dt=3.243s
[2026-06-03 00:49:46Z] BUY symbol=ALLOUSDC qty=55.4 entry=0.1745 mode=BURST reason=BURST ret=0.3452% vel=0.1065%/s eff=1.000 pressure=999.00 drop=0.0000% P1=0.17445 P2=0.17395 P3=0.17395 P4=0.17385
[2026-06-03 00:49:47Z] CHK MOM:0.37% RANGE:0.37% UP:55.55% SPREAD:0.11467889% BID:0.1744 ASK:0.1746 MID:0.1745 P1:0.1745 P2:0.17445 P3:0.17395 P4:0.17395 STATE:IN_POS
[2026-06-03 00:49:47Z] CHK MOM:0.34% RANGE:0.37% UP:50% SPREAD:0.17211703% BID:0.1743 ASK:0.1746 MID:0.17445 P1:0.17445 P2:0.1745 P3:0.17445 P4:0.17395 STATE:IN_POS
[2026-06-03 00:49:48Z] CHK MOM:0.34% RANGE:0.37% UP:50% SPREAD:0.17211703% BID:0.1743 ASK:0.1746 MID:0.17445 P1:0.17445 P2:0.1745 P3:0.17445 P4:0.17395 STATE:IN_POS
[2026-06-03 00:49:48Z] CHK MOM:0.34% RANGE:0.37% UP:50% SPREAD:0.17211703% BID:0.1743 ASK:0.1746 MID:0.17445 P1:0.17445 P2:0.1745 P3:0.17445 P4:0.17395 STATE:IN_POS
[2026-06-03 00:49:49Z] CHK MOM:0.34% RANGE:0.37% UP:44.44% SPREAD:0.17211703% BID:0.1743 ASK:0.1746 MID:0.17445 P1:0.17445 P2:0.17445 P3:0.1745 P4:0.17445 STATE:IN_POS
[2026-06-03 00:49:49Z] CHK MOM:0.34% RANGE:0.37% UP:40% SPREAD:0.17211703% BID:0.1743 ASK:0.1746 MID:0.17445 P1:0.17445 P2:0.17445 P3:0.17445 P4:0.1745 STATE:IN_POS
[2026-06-03 00:49:50Z] CHK MOM:0.34% RANGE:0.37% UP:40% SPREAD:0.17211703% BID:0.1743 ASK:0.1746 MID:0.17445 P1:0.17445 P2:0.17445 P3:0.17445 P4:0.1745 STATE:IN_POS
[2026-06-03 00:49:50Z] CHK MOM:0.28% RANGE:0.37% UP:30% SPREAD:0.17211703% BID:0.1743 ASK:0.1746 MID:0.17445 P1:0.17445 P2:0.17445 P3:0.17445 P4:0.17445 STATE:IN_POS
[2026-06-03 00:49:51Z] CHK MOM:0.28% RANGE:0.37% UP:30% SPREAD:0.17211703% BID:0.1743 ASK:0.1746 MID:0.17445 P1:0.17445 P2:0.17445 P3:0.17445 P4:0.17445 STATE:IN_POS
[2026-06-03 00:49:51Z] CHK MOM:0.28% RANGE:0.37% UP:30% SPREAD:0.17211703% BID:0.1743 ASK:0.1746 MID:0.17445 P1:0.17445 P2:0.17445 P3:0.17445 P4:0.17445 STATE:IN_POS
[2026-06-03 00:49:52Z] CHK MOM:0.28% RANGE:0.37% UP:30% SPREAD:0.17211703% BID:0.1743 ASK:0.1746 MID:0.17445 P1:0.17445 P2:0.17445 P3:0.17445 P4:0.17445 STATE:IN_POS
[2026-06-03 00:49:53Z] CHK MOM:0.22% RANGE:0.31% UP:25% SPREAD:0.17221584% BID:0.1742 ASK:0.1745 MID:0.17435 P1:0.17435 P2:0.17445 P3:0.17445 P4:0.17445 STATE:IN_POS
[2026-06-03 00:49:53Z] CHK MOM:0.17% RANGE:0.31% UP:25% SPREAD:0.17231476% BID:0.1741 ASK:0.1744 MID:0.17425 P1:0.17425 P2:0.17435 P3:0.17445 P4:0.17445 STATE:IN_POS
[2026-06-03 00:49:54Z] CHK MOM:-0.11% RANGE:0.14% UP:12.5% SPREAD:0.17231476% BID:0.1741 ASK:0.1744 MID:0.17425 P1:0.17425 P2:0.17425 P3:0.17435 P4:0.17445 STATE:IN_POS
[2026-06-03 00:49:54Z] CHK MOM:-0.05% RANGE:0.14% UP:22.22% SPREAD:0.17221584% BID:0.1742 ASK:0.1745 MID:0.17435 P1:0.17435 P2:0.17425 P3:0.17425 P4:0.17435 STATE:IN_POS
[2026-06-03 00:49:55Z] CHK MOM:-0.08% RANGE:0.14% UP:20% SPREAD:0.11481056% BID:0.1742 ASK:0.1744 MID:0.1743 P1:0.1743 P2:0.17435 P3:0.17425 P4:0.17425 STATE:IN_POS
[2026-06-03 00:49:55Z] BURST_HANDOFF age=8.46s ext=0.0000% loss=0.1719% peak=0.17450000 stop=0.17310000 protect=0 trail=0
[2026-06-03 00:49:55Z] CHK MOM:-0.08% RANGE:0.14% UP:20% SPREAD:0.11481056% BID:0.1742 ASK:0.1744 MID:0.1743 P1:0.1743 P2:0.17435 P3:0.17425 P4:0.17425 STATE:IN_POS
[2026-06-03 00:49:56Z] CHK MOM:-0.08% RANGE:0.14% UP:20% SPREAD:0.11481056% BID:0.1742 ASK:0.1744 MID:0.1743 P1:0.1743 P2:0.17435 P3:0.17425 P4:0.17425 STATE:IN_POS
[2026-06-03 00:49:56Z] CHK MOM:-0.08% RANGE:0.14% UP:20% SPREAD:0.17221584% BID:0.1742 ASK:0.1745 MID:0.17435 P1:0.17435 P2:0.1743 P3:0.17435 P4:0.17425 STATE:IN_POS
[2026-06-03 00:49:57Z] CHK MOM:-0.08% RANGE:0.14% UP:20% SPREAD:0.17221584% BID:0.1742 ASK:0.1745 MID:0.17435 P1:0.17435 P2:0.1743 P3:0.17435 P4:0.17425 STATE:IN_POS
[2026-06-03 00:49:58Z] CHK MOM:-0.11% RANGE:0.14% UP:18.18% SPREAD:0.11481056% BID:0.1742 ASK:0.1744 MID:0.1743 P1:0.1743 P2:0.17435 P3:0.1743 P4:0.17435 STATE:IN_POS
[2026-06-03 00:49:58Z] CHK MOM:-0.11% RANGE:0.14% UP:16.66% SPREAD:0.11481056% BID:0.1742 ASK:0.1744 MID:0.1743 P1:0.1743 P2:0.1743 P3:0.17435 P4:0.1743 STATE:IN_POS
[2026-06-03 00:49:59Z] CHK MOM:-0.11% RANGE:0.14% UP:16.66% SPREAD:0.11481056% BID:0.1742 ASK:0.1744 MID:0.1743 P1:0.1743 P2:0.1743 P3:0.17435 P4:0.1743 STATE:IN_POS
[2026-06-03 00:49:59Z] CHK MOM:-0.08% RANGE:0.11% UP:18.18% SPREAD:0.11481056% BID:0.1742 ASK:0.1744 MID:0.1743 P1:0.1743 P2:0.1743 P3:0.1743 P4:0.17435 STATE:IN_POS
[2026-06-03 00:50:01Z] CHK MOM:-0.22% RANGE:0.22% UP:18.18% SPREAD:0.17251293% BID:0.1739 ASK:0.1742 MID:0.17404999 P1:0.17404999 P2:0.1743 P3:0.1743 P4:0.1743 STATE:IN_POS
[2026-06-03 00:50:01Z] CHK MOM:-0.22% RANGE:0.22% UP:18.18% SPREAD:0.17251293% BID:0.1739 ASK:0.1742 MID:0.17404999 P1:0.17404999 P2:0.1743 P3:0.1743 P4:0.1743 STATE:IN_POS
[2026-06-03 00:50:02Z] CHK MOM:-0.22% RANGE:0.22% UP:18.18% SPREAD:0.17251293% BID:0.1739 ASK:0.1742 MID:0.17404999 P1:0.17404999 P2:0.17404999 P3:0.1743 P4:0.1743 STATE:IN_POS
[2026-06-03 00:50:03Z] CHK MOM:-0.22% RANGE:0.22% UP:18.18% SPREAD:0.17251293% BID:0.1739 ASK:0.1742 MID:0.17404999 P1:0.17404999 P2:0.17404999 P3:0.1743 P4:0.1743 STATE:IN_POS
[2026-06-03 00:50:03Z] CHK MOM:-0.17% RANGE:0.17% UP:18.18% SPREAD:0.17251293% BID:0.1739 ASK:0.1742 MID:0.17404999 P1:0.17404999 P2:0.17404999 P3:0.17404999 P4:0.1743 STATE:IN_POS
[2026-06-03 00:50:04Z] CHK MOM:-0.2% RANGE:0.2% UP:16.66% SPREAD:0.11500862% BID:0.1739 ASK:0.1741 MID:0.174 P1:0.174 P2:0.17404999 P3:0.17404999 P4:0.17404999 STATE:IN_POS
[2026-06-03 00:50:04Z] CHK MOM:-0.17% RANGE:0.2% UP:23.07% SPREAD:0.17251293% BID:0.1739 ASK:0.1742 MID:0.17404999 P1:0.17404999 P2:0.174 P3:0.17404999 P4:0.17404999 STATE:IN_POS
[2026-06-03 00:50:05Z] CHK MOM:-0.11% RANGE:0.2% UP:23.07% SPREAD:0.17251293% BID:0.1739 ASK:0.1742 MID:0.17404999 P1:0.17404999 P2:0.17404999 P3:0.174 P4:0.17404999 STATE:IN_POS
[2026-06-03 00:50:05Z] CHK MOM:-0.11% RANGE:0.2% UP:23.07% SPREAD:0.17251293% BID:0.1739 ASK:0.1742 MID:0.17404999 P1:0.17404999 P2:0.17404999 P3:0.174 P4:0.17404999 STATE:IN_POS
[2026-06-03 00:50:06Z] CHK MOM:-0.11% RANGE:0.2% UP:23.07% SPREAD:0.17251293% BID:0.1739 ASK:0.1742 MID:0.17404999 P1:0.17404999 P2:0.17404999 P3:0.174 P4:0.17404999 STATE:IN_POS
[2026-06-03 00:50:06Z] CHK MOM:-0.14% RANGE:0.2% UP:18.18% SPREAD:0.17251293% BID:0.1739 ASK:0.1742 MID:0.17404999 P1:0.17404999 P2:0.17404999 P3:0.17404999 P4:0.174 STATE:IN_POS
[2026-06-03 00:50:07Z] CHK MOM:-0.17% RANGE:0.2% UP:16.66% SPREAD:0.11500862% BID:0.1739 ASK:0.1741 MID:0.174 P1:0.174 P2:0.17404999 P3:0.17404999 P4:0.17404999 STATE:IN_POS
[2026-06-03 00:50:07Z] CHK MOM:-0.17% RANGE:0.2% UP:16.66% SPREAD:0.11500862% BID:0.1739 ASK:0.1741 MID:0.174 P1:0.174 P2:0.17404999 P3:0.17404999 P4:0.17404999 STATE:IN_POS
[2026-06-03 00:50:08Z] CHK MOM:0.17% RANGE:0.37% UP:16.66% SPREAD:0.17191977% BID:0.1745 ASK:0.1748 MID:0.17465 P1:0.17465 P2:0.174 P3:0.17404999 P4:0.17404999 STATE:IN_POS
[2026-06-03 00:50:09Z] CHK MOM:0.22% RANGE:0.4% UP:25% SPREAD:0.11454753% BID:0.1746 ASK:0.1748 MID:0.1747 P1:0.1747 P2:0.17465 P3:0.174 P4:0.17404999 STATE:IN_POS
[2026-06-03 00:50:09Z] CHK MOM:0.22% RANGE:0.4% UP:23.07% SPREAD:0.11454753% BID:0.1746 ASK:0.1748 MID:0.1747 P1:0.1747 P2:0.1747 P3:0.17465 P4:0.174 STATE:IN_POS
[2026-06-03 00:50:10Z] CHK MOM:0.22% RANGE:0.4% UP:23.07% SPREAD:0.11454753% BID:0.1746 ASK:0.1748 MID:0.1747 P1:0.1747 P2:0.1747 P3:0.17465 P4:0.174 STATE:IN_POS
[2026-06-03 00:50:10Z] CHK MOM:0.22% RANGE:0.4% UP:23.07% SPREAD:0.11454753% BID:0.1746 ASK:0.1748 MID:0.1747 P1:0.1747 P2:0.1747 P3:0.17465 P4:0.174 STATE:IN_POS
[2026-06-03 00:50:11Z] CHK MOM:0.22% RANGE:0.4% UP:23.07% SPREAD:0.11454753% BID:0.1746 ASK:0.1748 MID:0.1747 P1:0.1747 P2:0.1747 P3:0.17465 P4:0.174 STATE:IN_POS
[2026-06-03 00:50:11Z] CHK MOM:0.43% RANGE:0.45% UP:36.36% SPREAD:0.11448196% BID:0.1747 ASK:0.1749 MID:0.1748 P1:0.1748 P2:0.1747 P3:0.1747 P4:0.17465 STATE:IN_POS
[2026-06-03 00:50:12Z] CHK MOM:0.4% RANGE:0.45% UP:33.33% SPREAD:0.1718213% BID:0.1746 ASK:0.1749 MID:0.17475 P1:0.17475 P2:0.1748 P3:0.1747 P4:0.1747 STATE:IN_POS
[2026-06-03 00:50:12Z] CHK MOM:0.43% RANGE:0.45% UP:38.46% SPREAD:0.11448196% BID:0.1747 ASK:0.1749 MID:0.1748 P1:0.1748 P2:0.17475 P3:0.1748 P4:0.1747 STATE:IN_POS
[2026-06-03 00:50:13Z] CHK MOM:0.43% RANGE:0.45% UP:38.46% SPREAD:0.11448196% BID:0.1747 ASK:0.1749 MID:0.1748 P1:0.1748 P2:0.17475 P3:0.1748 P4:0.1747 STATE:IN_POS
[2026-06-03 00:50:14Z] CHK MOM:0.43% RANGE:0.45% UP:38.46% SPREAD:0.11448196% BID:0.1747 ASK:0.1749 MID:0.1748 P1:0.1748 P2:0.17475 P3:0.1748 P4:0.1747 STATE:IN_POS
[2026-06-03 00:50:14Z] CHK MOM:0.4% RANGE:0.45% UP:41.66% SPREAD:0.1718213% BID:0.1746 ASK:0.1749 MID:0.17475 P1:0.17475 P2:0.1748 P3:0.17475 P4:0.1748 STATE:IN_POS
[2026-06-03 00:50:16Z] CHK MOM:0.4% RANGE:0.45% UP:41.66% SPREAD:0.1718213% BID:0.1746 ASK:0.1749 MID:0.17475 P1:0.17475 P2:0.1748 P3:0.17475 P4:0.1748 STATE:IN_POS
[2026-06-03 00:50:16Z] CHK MOM:0.4% RANGE:0.45% UP:41.66% SPREAD:0.1718213% BID:0.1746 ASK:0.1749 MID:0.17475 P1:0.17475 P2:0.1748 P3:0.17475 P4:0.1748 STATE:IN_POS
[2026-06-03 00:50:17Z] CHK MOM:0.37% RANGE:0.45% UP:44.44% SPREAD:0.11454753% BID:0.1746 ASK:0.1748 MID:0.1747 P1:0.1747 P2:0.17475 P3:0.1748 P4:0.17475 STATE:IN_POS
[2026-06-03 00:50:17Z] CHK MOM:0.37% RANGE:0.45% UP:40% SPREAD:0.11454753% BID:0.1746 ASK:0.1748 MID:0.1747 P1:0.1747 P2:0.1747 P3:0.17475 P4:0.1748 STATE:IN_POS
[2026-06-03 00:50:18Z] CHK MOM:0.37% RANGE:0.45% UP:36.36% SPREAD:0.11454753% BID:0.1746 ASK:0.1748 MID:0.1747 P1:0.1747 P2:0.1747 P3:0.1747 P4:0.17475 STATE:IN_POS
[2026-06-03 00:50:18Z] CHK MOM:0.37% RANGE:0.45% UP:36.36% SPREAD:0.11454753% BID:0.1746 ASK:0.1748 MID:0.1747 P1:0.1747 P2:0.1747 P3:0.1747 P4:0.17475 STATE:IN_POS
[2026-06-03 00:50:19Z] CHK MOM:0.37% RANGE:0.45% UP:36.36% SPREAD:0.11454753% BID:0.1746 ASK:0.1748 MID:0.1747 P1:0.1747 P2:0.1747 P3:0.1747 P4:0.17475 STATE:IN_POS
[2026-06-03 00:50:20Z] CHK MOM:0% RANGE:0.08% UP:30% SPREAD:0.17191977% BID:0.1745 ASK:0.1748 MID:0.17465 P1:0.17465 P2:0.1747 P3:0.1747 P4:0.1747 STATE:IN_POS
[2026-06-03 00:50:20Z] CHK MOM:0% RANGE:0.08% UP:30% SPREAD:0.17191977% BID:0.1745 ASK:0.1748 MID:0.17465 P1:0.17465 P2:0.1747 P3:0.1747 P4:0.1747 STATE:IN_POS
[2026-06-03 00:50:21Z] CHK MOM:-0.02% RANGE:0.08% UP:22.22% SPREAD:0.17191977% BID:0.1745 ASK:0.1748 MID:0.17465 P1:0.17465 P2:0.17465 P3:0.1747 P4:0.1747 STATE:IN_POS
[2026-06-03 00:50:21Z] CHK MOM:-0.08% RANGE:0.08% UP:11.11% SPREAD:0.17191977% BID:0.1745 ASK:0.1748 MID:0.17465 P1:0.17465 P2:0.17465 P3:0.17465 P4:0.1747 STATE:IN_POS
[2026-06-03 00:50:22Z] CHK MOM:-0.08% RANGE:0.08% UP:11.11% SPREAD:0.17191977% BID:0.1745 ASK:0.1748 MID:0.17465 P1:0.17465 P2:0.17465 P3:0.17465 P4:0.1747 STATE:IN_POS
[2026-06-03 00:50:22Z] CHK MOM:-0.08% RANGE:0.08% UP:10% SPREAD:0.17191977% BID:0.1745 ASK:0.1748 MID:0.17465 P1:0.17465 P2:0.17465 P3:0.17465 P4:0.17465 STATE:IN_POS
[2026-06-03 00:50:23Z] CHK MOM:-0.08% RANGE:0.08% UP:10% SPREAD:0.17191977% BID:0.1745 ASK:0.1748 MID:0.17465 P1:0.17465 P2:0.17465 P3:0.17465 P4:0.17465 STATE:IN_POS
[2026-06-03 00:50:23Z] CHK MOM:-0.08% RANGE:0.08% UP:9.09% SPREAD:0.17191977% BID:0.1745 ASK:0.1748 MID:0.17465 P1:0.17465 P2:0.17465 P3:0.17465 P4:0.17465 STATE:IN_POS
[2026-06-03 00:50:24Z] CHK MOM:-0.11% RANGE:0.14% UP:9.09% SPREAD:0.17201834% BID:0.1744 ASK:0.1747 MID:0.17454999 P1:0.17454999 P2:0.17465 P3:0.17465 P4:0.17465 STATE:IN_POS
[2026-06-03 00:50:25Z] CHK MOM:-0.17% RANGE:0.17% UP:0% SPREAD:0.11467889% BID:0.1744 ASK:0.1746 MID:0.1745 P1:0.1745 P2:0.17454999 P3:0.17465 P4:0.17465 STATE:IN_POS
[2026-06-03 00:50:25Z] CHK MOM:-0.17% RANGE:0.17% UP:0% SPREAD:0.11467889% BID:0.1744 ASK:0.1746 MID:0.1745 P1:0.1745 P2:0.17454999 P3:0.17465 P4:0.17465 STATE:IN_POS
[2026-06-03 00:50:26Z] CHK MOM:-0.17% RANGE:0.17% UP:0% SPREAD:0.17211703% BID:0.1743 ASK:0.1746 MID:0.17445 P1:0.17445 P2:0.1745 P3:0.17454999 P4:0.17465 STATE:IN_POS
[2026-06-03 00:50:26Z] CHK MOM:-0.17% RANGE:0.17% UP:0% SPREAD:0.17211703% BID:0.1743 ASK:0.1746 MID:0.17445 P1:0.17445 P2:0.1745 P3:0.17454999 P4:0.17465 STATE:IN_POS
[2026-06-03 00:50:27Z] CHK MOM:-0.17% RANGE:0.17% UP:0% SPREAD:0.17211703% BID:0.1743 ASK:0.1746 MID:0.17445 P1:0.17445 P2:0.1745 P3:0.17454999 P4:0.17465 STATE:IN_POS
[2026-06-03 00:50:27Z] CHK MOM:-0.08% RANGE:0.14% UP:9.09% SPREAD:0.17201834% BID:0.1744 ASK:0.1747 MID:0.17454999 P1:0.17454999 P2:0.17445 P3:0.1745 P4:0.17454999 STATE:IN_POS
[2026-06-03 00:50:28Z] CHK MOM:-0.02% RANGE:0.14% UP:16.66% SPREAD:0.17191977% BID:0.1745 ASK:0.1748 MID:0.17465 P1:0.17465 P2:0.17454999 P3:0.17445 P4:0.1745 STATE:IN_POS
[2026-06-03 00:50:28Z] CHK MOM:-0.02% RANGE:0.14% UP:15.38% SPREAD:0.17191977% BID:0.1745 ASK:0.1748 MID:0.17465 P1:0.17465 P2:0.17465 P3:0.17454999 P4:0.17445 STATE:IN_POS
[2026-06-03 00:50:29Z] CHK MOM:-0.02% RANGE:0.14% UP:15.38% SPREAD:0.17191977% BID:0.1745 ASK:0.1748 MID:0.17465 P1:0.17465 P2:0.17465 P3:0.17454999 P4:0.17445 STATE:IN_POS
[2026-06-03 00:50:29Z] CHK MOM:-0.02% RANGE:0.14% UP:16.66% SPREAD:0.17191977% BID:0.1745 ASK:0.1748 MID:0.17465 P1:0.17465 P2:0.17465 P3:0.17465 P4:0.17454999 STATE:IN_POS
[2026-06-03 00:50:30Z] CHK MOM:-0.02% RANGE:0.14% UP:16.66% SPREAD:0.17191977% BID:0.1745 ASK:0.1748 MID:0.17465 P1:0.17465 P2:0.17465 P3:0.17465 P4:0.17454999 STATE:IN_POS
[2026-06-03 00:50:32Z] CHK MOM:0% RANGE:0.11% UP:16.66% SPREAD:0.17191977% BID:0.1745 ASK:0.1748 MID:0.17465 P1:0.17465 P2:0.17465 P3:0.17465 P4:0.17465 STATE:IN_POS
[2026-06-03 00:50:32Z] CHK MOM:0% RANGE:0.11% UP:16.66% SPREAD:0.17191977% BID:0.1745 ASK:0.1748 MID:0.17465 P1:0.17465 P2:0.17465 P3:0.17465 P4:0.17465 STATE:IN_POS
[2026-06-03 00:50:33Z] CHK MOM:0% RANGE:0.11% UP:16.66% SPREAD:0.17191977% BID:0.1745 ASK:0.1748 MID:0.17465 P1:0.17465 P2:0.17465 P3:0.17465 P4:0.17465 STATE:IN_POS
[2026-06-03 00:50:33Z] CHK MOM:0% RANGE:0.11% UP:16.66% SPREAD:0.17191977% BID:0.1745 ASK:0.1748 MID:0.17465 P1:0.17465 P2:0.17465 P3:0.17465 P4:0.17465 STATE:IN_POS
[2026-06-03 00:50:34Z] CHK MOM:0.02% RANGE:0.14% UP:30% SPREAD:0.11454753% BID:0.1746 ASK:0.1748 MID:0.1747 P1:0.1747 P2:0.17465 P3:0.17465 P4:0.17465 STATE:IN_POS
[2026-06-03 00:50:34Z] CHK MOM:0% RANGE:0.14% UP:27.27% SPREAD:0.17191977% BID:0.1745 ASK:0.1748 MID:0.17465 P1:0.17465 P2:0.1747 P3:0.17465 P4:0.17465 STATE:IN_POS
[2026-06-03 00:50:35Z] CHK MOM:0% RANGE:0.14% UP:27.27% SPREAD:0.17191977% BID:0.1745 ASK:0.1748 MID:0.17465 P1:0.17465 P2:0.1747 P3:0.17465 P4:0.17465 STATE:IN_POS
[2026-06-03 00:50:36Z] CHK MOM:0% RANGE:0.14% UP:27.27% SPREAD:0.17191977% BID:0.1745 ASK:0.1748 MID:0.17465 P1:0.17465 P2:0.1747 P3:0.17465 P4:0.17465 STATE:IN_POS
[2026-06-03 00:50:36Z] CHK MOM:0.11% RANGE:0.14% UP:37.5% SPREAD:0.17191977% BID:0.1745 ASK:0.1748 MID:0.17465 P1:0.17465 P2:0.17465 P3:0.1747 P4:0.17465 STATE:IN_POS
[2026-06-03 00:50:37Z] CHK MOM:0.11% RANGE:0.14% UP:37.5% SPREAD:0.17191977% BID:0.1745 ASK:0.1748 MID:0.17465 P1:0.17465 P2:0.17465 P3:0.1747 P4:0.17465 STATE:IN_POS
[2026-06-03 00:50:37Z] CHK MOM:0.11% RANGE:0.14% UP:33.33% SPREAD:0.17191977% BID:0.1745 ASK:0.1748 MID:0.17465 P1:0.17465 P2:0.17465 P3:0.17465 P4:0.1747 STATE:IN_POS
[2026-06-03 00:50:38Z] CHK MOM:0.11% RANGE:0.14% UP:33.33% SPREAD:0.17191977% BID:0.1745 ASK:0.1748 MID:0.17465 P1:0.17465 P2:0.17465 P3:0.17465 P4:0.1747 STATE:IN_POS
[2026-06-03 00:50:38Z] CHK MOM:0.11% RANGE:0.14% UP:33.33% SPREAD:0.17191977% BID:0.1745 ASK:0.1748 MID:0.17465 P1:0.17465 P2:0.17465 P3:0.17465 P4:0.1747 STATE:IN_POS
[2026-06-03 00:50:39Z] CHK MOM:0.11% RANGE:0.14% UP:33.33% SPREAD:0.17191977% BID:0.1745 ASK:0.1748 MID:0.17465 P1:0.17465 P2:0.17465 P3:0.17465 P4:0.1747 STATE:IN_POS
[2026-06-03 00:50:39Z] CHK MOM:0.11% RANGE:0.14% UP:33.33% SPREAD:0.17191977% BID:0.1745 ASK:0.1748 MID:0.17465 P1:0.17465 P2:0.17465 P3:0.17465 P4:0.1747 STATE:IN_POS
[2026-06-03 00:50:40Z] CHK MOM:0.11% RANGE:0.14% UP:33.33% SPREAD:0.17191977% BID:0.1745 ASK:0.1748 MID:0.17465 P1:0.17465 P2:0.17465 P3:0.17465 P4:0.1747 STATE:IN_POS
[2026-06-03 00:50:43Z] CHK MOM:0.05% RANGE:0.05% UP:40% SPREAD:0.05724098% BID:0.1747 ASK:0.1748 MID:0.17475 P1:0.17475 P2:0.17465 P3:0.17465 P4:0.17465 STATE:IN_POS
[2026-06-03 00:50:43Z] CHK MOM:0.05% RANGE:0.05% UP:40% SPREAD:0.05724098% BID:0.1747 ASK:0.1748 MID:0.17475 P1:0.17475 P2:0.17465 P3:0.17465 P4:0.17465 STATE:IN_POS
[2026-06-03 00:50:44Z] CHK MOM:-0.02% RANGE:0.05% UP:20% SPREAD:0.17191977% BID:0.1745 ASK:0.1748 MID:0.17465 P1:0.17465 P2:0.17475 P3:0.17465 P4:0.17465 STATE:IN_POS
[2026-06-03 00:50:44Z] CHK MOM:-0.02% RANGE:0.05% UP:16.66% SPREAD:0.17191977% BID:0.1745 ASK:0.1748 MID:0.17465 P1:0.17465 P2:0.17465 P3:0.17475 P4:0.17465 STATE:IN_POS
[2026-06-03 00:50:45Z] CHK MOM:0% RANGE:0.05% UP:28.57% SPREAD:0.11454753% BID:0.1746 ASK:0.1748 MID:0.1747 P1:0.1747 P2:0.17465 P3:0.17465 P4:0.17475 STATE:IN_POS
[2026-06-03 00:50:45Z] CHK MOM:0% RANGE:0.05% UP:25% SPREAD:0.11454753% BID:0.1746 ASK:0.1748 MID:0.1747 P1:0.1747 P2:0.1747 P3:0.17465 P4:0.17465 STATE:IN_POS
[2026-06-03 00:50:46Z] CHK MOM:0% RANGE:0.05% UP:22.22% SPREAD:0.11454753% BID:0.1746 ASK:0.1748 MID:0.1747 P1:0.1747 P2:0.1747 P3:0.1747 P4:0.17465 STATE:IN_POS
[2026-06-03 00:50:47Z] CHK MOM:0% RANGE:0.05% UP:22.22% SPREAD:0.11454753% BID:0.1746 ASK:0.1748 MID:0.1747 P1:0.1747 P2:0.1747 P3:0.1747 P4:0.17465 STATE:IN_POS
[2026-06-03 00:50:48Z] CHK MOM:0% RANGE:0.05% UP:22.22% SPREAD:0.11454753% BID:0.1746 ASK:0.1748 MID:0.1747 P1:0.1747 P2:0.1747 P3:0.1747 P4:0.17465 STATE:IN_POS
[2026-06-03 00:50:49Z] CHK MOM:-0.05% RANGE:0.05% UP:16.66% SPREAD:0.17191977% BID:0.1745 ASK:0.1748 MID:0.17465 P1:0.17465 P2:0.1747 P3:0.1747 P4:0.1747 STATE:IN_POS
[2026-06-03 00:50:49Z] CHK MOM:-0.05% RANGE:0.05% UP:16.66% SPREAD:0.17191977% BID:0.1745 ASK:0.1748 MID:0.17465 P1:0.17465 P2:0.1747 P3:0.1747 P4:0.1747 STATE:IN_POS
[2026-06-03 00:50:50Z] CHK MOM:-0.05% RANGE:0.05% UP:16.66% SPREAD:0.17191977% BID:0.1745 ASK:0.1748 MID:0.17465 P1:0.17465 P2:0.1747 P3:0.1747 P4:0.1747 STATE:IN_POS
[2026-06-03 00:50:50Z] CHK MOM:-0.05% RANGE:0.05% UP:14.28% SPREAD:0.17191977% BID:0.1745 ASK:0.1748 MID:0.17465 P1:0.17465 P2:0.17465 P3:0.1747 P4:0.1747 STATE:IN_POS
[2026-06-03 00:50:51Z] CHK MOM:-0.05% RANGE:0.05% UP:14.28% SPREAD:0.17191977% BID:0.1745 ASK:0.1748 MID:0.17465 P1:0.17465 P2:0.17465 P3:0.1747 P4:0.1747 STATE:IN_POS
[2026-06-03 00:50:51Z] CHK MOM:-0.02% RANGE:0.05% UP:25% SPREAD:0.22922636% BID:0.1745 ASK:0.1749 MID:0.1747 P1:0.1747 P2:0.17465 P3:0.17465 P4:0.1747 STATE:IN_POS
[2026-06-03 00:50:52Z] CHK MOM:0% RANGE:0.05% UP:33.33% SPREAD:0.1718213% BID:0.1746 ASK:0.1749 MID:0.17475 P1:0.17475 P2:0.1747 P3:0.17465 P4:0.17465 STATE:IN_POS
[2026-06-03 00:50:52Z] CHK MOM:-0.05% RANGE:0.05% UP:30% SPREAD:0.17191977% BID:0.1745 ASK:0.1748 MID:0.17465 P1:0.17465 P2:0.17475 P3:0.1747 P4:0.17465 STATE:IN_POS
[2026-06-03 00:50:53Z] CHK MOM:-0.05% RANGE:0.05% UP:30% SPREAD:0.17191977% BID:0.1745 ASK:0.1748 MID:0.17465 P1:0.17465 P2:0.17475 P3:0.1747 P4:0.17465 STATE:IN_POS
[2026-06-03 00:50:54Z] CHK MOM:-0.05% RANGE:0.05% UP:30% SPREAD:0.17191977% BID:0.1745 ASK:0.1748 MID:0.17465 P1:0.17465 P2:0.17475 P3:0.1747 P4:0.17465 STATE:IN_POS
[2026-06-03 00:50:54Z] CHK MOM:-0.05% RANGE:0.05% UP:30% SPREAD:0.17191977% BID:0.1745 ASK:0.1748 MID:0.17465 P1:0.17465 P2:0.17475 P3:0.1747 P4:0.17465 STATE:IN_POS
[2026-06-03 00:50:55Z] CHK MOM:-0.05% RANGE:0.05% UP:30% SPREAD:0.17191977% BID:0.1745 ASK:0.1748 MID:0.17465 P1:0.17465 P2:0.17475 P3:0.1747 P4:0.17465 STATE:IN_POS
[2026-06-03 00:50:57Z] CHK MOM:-0.02% RANGE:0.05% UP:28.57% SPREAD:0.17191977% BID:0.1745 ASK:0.1748 MID:0.17465 P1:0.17465 P2:0.17465 P3:0.17475 P4:0.1747 STATE:IN_POS
[2026-06-03 00:50:57Z] CHK MOM:-0.02% RANGE:0.05% UP:28.57% SPREAD:0.17191977% BID:0.1745 ASK:0.1748 MID:0.17465 P1:0.17465 P2:0.17465 P3:0.17475 P4:0.1747 STATE:IN_POS
[2026-06-03 00:50:58Z] CHK MOM:-0.02% RANGE:0.05% UP:28.57% SPREAD:0.17191977% BID:0.1745 ASK:0.1748 MID:0.17465 P1:0.17465 P2:0.17465 P3:0.17475 P4:0.1747 STATE:IN_POS
[2026-06-03 00:50:59Z] CHK MOM:-0.02% RANGE:0.05% UP:28.57% SPREAD:0.17191977% BID:0.1745 ASK:0.1748 MID:0.17465 P1:0.17465 P2:0.17465 P3:0.17475 P4:0.1747 STATE:IN_POS
[2026-06-03 00:50:59Z] CHK MOM:0% RANGE:0.05% UP:33.33% SPREAD:0.17191977% BID:0.1745 ASK:0.1748 MID:0.17465 P1:0.17465 P2:0.17465 P3:0.17465 P4:0.17475 STATE:IN_POS
[2026-06-03 00:51:00Z] CHK MOM:0.02% RANGE:0.05% UP:42.85% SPREAD:0.11454753% BID:0.1746 ASK:0.1748 MID:0.1747 P1:0.1747 P2:0.17465 P3:0.17465 P4:0.17465 STATE:IN_POS
[2026-06-03 00:51:00Z] CHK MOM:-0.08% RANGE:0.14% UP:37.5% SPREAD:0.11467889% BID:0.1744 ASK:0.1746 MID:0.1745 P1:0.1745 P2:0.1747 P3:0.17465 P4:0.17465 STATE:IN_POS
[2026-06-03 00:51:01Z] CHK MOM:-0.05% RANGE:0.14% UP:44.44% SPREAD:0.17201834% BID:0.1744 ASK:0.1747 MID:0.17454999 P1:0.17454999 P2:0.1745 P3:0.1747 P4:0.17465 STATE:IN_POS
[2026-06-03 00:51:02Z] CHK MOM:-0.14% RANGE:0.17% UP:37.5% SPREAD:0.05733944% BID:0.1744 ASK:0.1745 MID:0.17445 P1:0.17445 P2:0.17454999 P3:0.1745 P4:0.1747 STATE:IN_POS
[2026-06-03 00:51:03Z] CHK MOM:-0.14% RANGE:0.17% UP:33.33% SPREAD:0.17211703% BID:0.1743 ASK:0.1746 MID:0.17445 P1:0.17445 P2:0.17445 P3:0.17454999 P4:0.1745 STATE:IN_POS
[2026-06-03 00:51:03Z] CHK MOM:-0.14% RANGE:0.17% UP:30% SPREAD:0.17211703% BID:0.1743 ASK:0.1746 MID:0.17445 P1:0.17445 P2:0.17445 P3:0.17445 P4:0.17454999 STATE:IN_POS
[2026-06-03 00:51:04Z] CHK MOM:-0.14% RANGE:0.17% UP:30% SPREAD:0.17211703% BID:0.1743 ASK:0.1746 MID:0.17445 P1:0.17445 P2:0.17445 P3:0.17445 P4:0.17454999 STATE:IN_POS
[2026-06-03 00:51:05Z] CHK MOM:-0.14% RANGE:0.17% UP:30% SPREAD:0.17211703% BID:0.1743 ASK:0.1746 MID:0.17445 P1:0.17445 P2:0.17445 P3:0.17445 P4:0.17454999 STATE:IN_POS
[2026-06-03 00:51:05Z] CHK MOM:-0.14% RANGE:0.17% UP:30% SPREAD:0.17211703% BID:0.1743 ASK:0.1746 MID:0.17445 P1:0.17445 P2:0.17445 P3:0.17445 P4:0.17454999 STATE:IN_POS
[2026-06-03 00:51:06Z] CHK MOM:-0.14% RANGE:0.17% UP:30% SPREAD:0.17211703% BID:0.1743 ASK:0.1746 MID:0.17445 P1:0.17445 P2:0.17445 P3:0.17445 P4:0.17454999 STATE:IN_POS
[2026-06-03 00:51:06Z] CHK MOM:-0.11% RANGE:0.14% UP:25% SPREAD:0.17211703% BID:0.1743 ASK:0.1746 MID:0.17445 P1:0.17445 P2:0.17445 P3:0.17445 P4:0.17445 STATE:IN_POS
[2026-06-03 00:51:07Z] CHK MOM:-0.14% RANGE:0.17% UP:22.22% SPREAD:0.11474469% BID:0.1743 ASK:0.1745 MID:0.1744 P1:0.1744 P2:0.17445 P3:0.17445 P4:0.17445 STATE:IN_POS
[2026-06-03 00:51:07Z] CHK MOM:-0.17% RANGE:0.2% UP:20% SPREAD:0.05737234% BID:0.1743 ASK:0.1744 MID:0.17435 P1:0.17435 P2:0.1744 P3:0.17445 P4:0.17445 STATE:IN_POS
[2026-06-03 00:51:08Z] CHK MOM:-0.17% RANGE:0.2% UP:20% SPREAD:0.05737234% BID:0.1743 ASK:0.1744 MID:0.17435 P1:0.17435 P2:0.1744 P3:0.17445 P4:0.17445 STATE:IN_POS
[2026-06-03 00:51:08Z] CHK MOM:-0.17% RANGE:0.2% UP:20% SPREAD:0.05737234% BID:0.1743 ASK:0.1744 MID:0.17435 P1:0.17435 P2:0.1744 P3:0.17445 P4:0.17445 STATE:IN_POS
[2026-06-03 00:51:09Z] CHK MOM:-0.14% RANGE:0.2% UP:27.27% SPREAD:0.11474469% BID:0.1743 ASK:0.1745 MID:0.1744 P1:0.1744 P2:0.17435 P3:0.1744 P4:0.17445 STATE:IN_POS
[2026-06-03 00:51:10Z] CHK MOM:-0.14% RANGE:0.2% UP:27.27% SPREAD:0.11474469% BID:0.1743 ASK:0.1745 MID:0.1744 P1:0.1744 P2:0.1744 P3:0.17435 P4:0.1744 STATE:IN_POS
[2026-06-03 00:51:10Z] CHK MOM:-0.14% RANGE:0.2% UP:27.27% SPREAD:0.11474469% BID:0.1743 ASK:0.1745 MID:0.1744 P1:0.1744 P2:0.1744 P3:0.17435 P4:0.1744 STATE:IN_POS
[2026-06-03 00:51:11Z] CHK MOM:-0.14% RANGE:0.2% UP:27.27% SPREAD:0.11474469% BID:0.1743 ASK:0.1745 MID:0.1744 P1:0.1744 P2:0.1744 P3:0.17435 P4:0.1744 STATE:IN_POS
[2026-06-03 00:51:11Z] CHK MOM:-0.08% RANGE:0.2% UP:27.27% SPREAD:0.17201834% BID:0.1744 ASK:0.1747 MID:0.17454999 P1:0.17454999 P2:0.1744 P3:0.1744 P4:0.17435 STATE:IN_POS
[2026-06-03 00:51:12Z] CHK MOM:-0.14% RANGE:0.2% UP:25% SPREAD:0.17211703% BID:0.1743 ASK:0.1746 MID:0.17445 P1:0.17445 P2:0.17454999 P3:0.1744 P4:0.1744 STATE:IN_POS
[2026-06-03 00:51:12Z] CHK MOM:0.02% RANGE:0.11% UP:33.33% SPREAD:0.17201834% BID:0.1744 ASK:0.1747 MID:0.17454999 P1:0.17454999 P2:0.17445 P3:0.17454999 P4:0.1744 STATE:IN_POS
[2026-06-03 00:51:13Z] CHK MOM:-0.05% RANGE:0.11% UP:25% SPREAD:0.17211703% BID:0.1743 ASK:0.1746 MID:0.17445 P1:0.17445 P2:0.17454999 P3:0.17445 P4:0.17454999 STATE:IN_POS
[2026-06-03 00:51:13Z] CHK MOM:-0.05% RANGE:0.11% UP:25% SPREAD:0.17211703% BID:0.1743 ASK:0.1746 MID:0.17445 P1:0.17445 P2:0.17454999 P3:0.17445 P4:0.17454999 STATE:IN_POS
[2026-06-03 00:51:14Z] CHK MOM:0% RANGE:0.11% UP:25% SPREAD:0.17211703% BID:0.1743 ASK:0.1746 MID:0.17445 P1:0.17445 P2:0.17445 P3:0.17454999 P4:0.17445 STATE:IN_POS
[2026-06-03 00:51:14Z] CHK MOM:0% RANGE:0.11% UP:25% SPREAD:0.17211703% BID:0.1743 ASK:0.1746 MID:0.17445 P1:0.17445 P2:0.17445 P3:0.17454999 P4:0.17445 STATE:IN_POS
[2026-06-03 00:51:15Z] CHK MOM:0% RANGE:0.11% UP:25% SPREAD:0.17211703% BID:0.1743 ASK:0.1746 MID:0.17445 P1:0.17445 P2:0.17445 P3:0.17454999 P4:0.17445 STATE:IN_POS
[2026-06-03 00:51:16Z] CHK MOM:0% RANGE:0.11% UP:25% SPREAD:0.17211703% BID:0.1743 ASK:0.1746 MID:0.17445 P1:0.17445 P2:0.17445 P3:0.17454999 P4:0.17445 STATE:IN_POS
[2026-06-03 00:51:16Z] CHK MOM:0% RANGE:0.11% UP:25% SPREAD:0.17211703% BID:0.1743 ASK:0.1746 MID:0.17445 P1:0.17445 P2:0.17445 P3:0.17454999 P4:0.17445 STATE:IN_POS
[2026-06-03 00:51:20Z] CHK MOM:0.02% RANGE:0.08% UP:28.57% SPREAD:0.17211703% BID:0.1743 ASK:0.1746 MID:0.17445 P1:0.17445 P2:0.17445 P3:0.17445 P4:0.17454999 STATE:IN_POS
[2026-06-03 00:51:21Z] CHK MOM:0.05% RANGE:0.08% UP:37.5% SPREAD:0.11467889% BID:0.1744 ASK:0.1746 MID:0.1745 P1:0.1745 P2:0.17445 P3:0.17445 P4:0.17445 STATE:IN_POS
[2026-06-03 00:51:21Z] CHK MOM:0.05% RANGE:0.08% UP:37.5% SPREAD:0.11467889% BID:0.1744 ASK:0.1746 MID:0.1745 P1:0.1745 P2:0.17445 P3:0.17445 P4:0.17445 STATE:IN_POS
[2026-06-03 00:51:22Z] CHK MOM:0.05% RANGE:0.08% UP:37.5% SPREAD:0.11467889% BID:0.1744 ASK:0.1746 MID:0.1745 P1:0.1745 P2:0.17445 P3:0.17445 P4:0.17445 STATE:IN_POS
[2026-06-03 00:51:22Z] CHK MOM:0.05% RANGE:0.08% UP:37.5% SPREAD:0.11467889% BID:0.1744 ASK:0.1746 MID:0.1745 P1:0.1745 P2:0.17445 P3:0.17445 P4:0.17445 STATE:IN_POS
[2026-06-03 00:51:23Z] CHK MOM:0.05% RANGE:0.08% UP:37.5% SPREAD:0.11467889% BID:0.1744 ASK:0.1746 MID:0.1745 P1:0.1745 P2:0.17445 P3:0.17445 P4:0.17445 STATE:IN_POS
[2026-06-03 00:51:23Z] CHK MOM:-0.05% RANGE:0.05% UP:28.57% SPREAD:0.17211703% BID:0.1743 ASK:0.1746 MID:0.17445 P1:0.17445 P2:0.1745 P3:0.17445 P4:0.17445 STATE:IN_POS
[2026-06-03 00:51:24Z] CHK MOM:-0.05% RANGE:0.05% UP:28.57% SPREAD:0.17211703% BID:0.1743 ASK:0.1746 MID:0.17445 P1:0.17445 P2:0.1745 P3:0.17445 P4:0.17445 STATE:IN_POS
[2026-06-03 00:51:24Z] CHK MOM:-0.05% RANGE:0.05% UP:28.57% SPREAD:0.17211703% BID:0.1743 ASK:0.1746 MID:0.17445 P1:0.17445 P2:0.1745 P3:0.17445 P4:0.17445 STATE:IN_POS
[2026-06-03 00:51:25Z] CHK MOM:-0.02% RANGE:0.05% UP:20% SPREAD:0.11474469% BID:0.1743 ASK:0.1745 MID:0.1744 P1:0.1744 P2:0.17445 P3:0.1745 P4:0.17445 STATE:IN_POS
[2026-06-03 00:51:25Z] CHK MOM:-0.02% RANGE:0.05% UP:20% SPREAD:0.11474469% BID:0.1743 ASK:0.1745 MID:0.1744 P1:0.1744 P2:0.17445 P3:0.1745 P4:0.17445 STATE:IN_POS
[2026-06-03 00:51:26Z] CHK MOM:0% RANGE:0.05% UP:50% SPREAD:0.17211703% BID:0.1743 ASK:0.1746 MID:0.17445 P1:0.17445 P2:0.1744 P3:0.17445 P4:0.1745 STATE:IN_POS
[2026-06-03 00:51:27Z] CHK MOM:-0.02% RANGE:0.05% UP:40% SPREAD:0.11474469% BID:0.1743 ASK:0.1745 MID:0.1744 P1:0.1744 P2:0.17445 P3:0.1744 P4:0.17445 STATE:IN_POS
[2026-06-03 00:51:27Z] CHK MOM:-0.02% RANGE:0.05% UP:40% SPREAD:0.11474469% BID:0.1743 ASK:0.1745 MID:0.1744 P1:0.1744 P2:0.17445 P3:0.1744 P4:0.17445 STATE:IN_POS
[2026-06-03 00:51:28Z] CHK MOM:-0.02% RANGE:0.05% UP:40% SPREAD:0.11474469% BID:0.1743 ASK:0.1745 MID:0.1744 P1:0.1744 P2:0.17445 P3:0.1744 P4:0.17445 STATE:IN_POS
[2026-06-03 00:51:28Z] CHK MOM:-0.02% RANGE:0.05% UP:40% SPREAD:0.11474469% BID:0.1743 ASK:0.1745 MID:0.1744 P1:0.1744 P2:0.17445 P3:0.1744 P4:0.17445 STATE:IN_POS
[2026-06-03 00:51:29Z] CHK MOM:-0.02% RANGE:0.05% UP:33.33% SPREAD:0.11474469% BID:0.1743 ASK:0.1745 MID:0.1744 P1:0.1744 P2:0.1744 P3:0.17445 P4:0.1744 STATE:IN_POS
[2026-06-03 00:51:29Z] CHK MOM:-0.02% RANGE:0.05% UP:33.33% SPREAD:0.11474469% BID:0.1743 ASK:0.1745 MID:0.1744 P1:0.1744 P2:0.1744 P3:0.17445 P4:0.1744 STATE:IN_POS
[2026-06-03 00:51:30Z] CHK MOM:-0.05% RANGE:0.08% UP:28.57% SPREAD:0.05737234% BID:0.1743 ASK:0.1744 MID:0.17435 P1:0.17435 P2:0.1744 P3:0.1744 P4:0.17445 STATE:IN_POS
[2026-06-03 00:51:30Z] CHK MOM:-0.05% RANGE:0.08% UP:28.57% SPREAD:0.05737234% BID:0.1743 ASK:0.1744 MID:0.17435 P1:0.17435 P2:0.1744 P3:0.1744 P4:0.17445 STATE:IN_POS
[2026-06-03 00:51:31Z] CHK MOM:-0.05% RANGE:0.08% UP:28.57% SPREAD:0.05737234% BID:0.1743 ASK:0.1744 MID:0.17435 P1:0.17435 P2:0.1744 P3:0.1744 P4:0.17445 STATE:IN_POS
[2026-06-03 00:51:32Z] CHK MOM:-0.08% RANGE:0.11% UP:25% SPREAD:0.11481056% BID:0.1742 ASK:0.1744 MID:0.1743 P1:0.1743 P2:0.17435 P3:0.1744 P4:0.1744 STATE:IN_POS
[2026-06-03 00:51:34Z] CHK MOM:-0.08% RANGE:0.08% UP:14.28% SPREAD:0.11481056% BID:0.1742 ASK:0.1744 MID:0.1743 P1:0.1743 P2:0.1743 P3:0.17435 P4:0.1744 STATE:IN_POS
[2026-06-03 00:51:34Z] CHK MOM:-0.08% RANGE:0.08% UP:14.28% SPREAD:0.11481056% BID:0.1742 ASK:0.1744 MID:0.1743 P1:0.1743 P2:0.1743 P3:0.17435 P4:0.1744 STATE:IN_POS
[2026-06-03 00:51:35Z] CHK MOM:-0.08% RANGE:0.08% UP:14.28% SPREAD:0.11481056% BID:0.1742 ASK:0.1744 MID:0.1743 P1:0.1743 P2:0.1743 P3:0.17435 P4:0.1744 STATE:IN_POS
[2026-06-03 00:51:35Z] CHK MOM:-0.08% RANGE:0.08% UP:14.28% SPREAD:0.11481056% BID:0.1742 ASK:0.1744 MID:0.1743 P1:0.1743 P2:0.1743 P3:0.17435 P4:0.1744 STATE:IN_POS
[2026-06-03 00:51:36Z] CHK MOM:-0.08% RANGE:0.08% UP:14.28% SPREAD:0.11481056% BID:0.1742 ASK:0.1744 MID:0.1743 P1:0.1743 P2:0.1743 P3:0.17435 P4:0.1744 STATE:IN_POS
[2026-06-03 00:51:39Z] CHK MOM:0.05% RANGE:0.11% UP:25% SPREAD:0.11467889% BID:0.1744 ASK:0.1746 MID:0.1745 P1:0.1745 P2:0.1743 P3:0.1743 P4:0.17435 STATE:IN_POS
[2026-06-03 00:51:40Z] CHK MOM:0.14% RANGE:0.2% UP:40% SPREAD:0.17191977% BID:0.1745 ASK:0.1748 MID:0.17465 P1:0.17465 P2:0.1745 P3:0.1743 P4:0.1743 STATE:IN_POS
[2026-06-03 00:51:40Z] CHK MOM:0.14% RANGE:0.2% UP:40% SPREAD:0.17191977% BID:0.1745 ASK:0.1748 MID:0.17465 P1:0.17465 P2:0.1745 P3:0.1743 P4:0.1743 STATE:IN_POS
[2026-06-03 00:51:41Z] CHK MOM:0.14% RANGE:0.2% UP:40% SPREAD:0.17191977% BID:0.1745 ASK:0.1748 MID:0.17465 P1:0.17465 P2:0.1745 P3:0.1743 P4:0.1743 STATE:IN_POS
[2026-06-03 00:51:41Z] CHK MOM:0.14% RANGE:0.2% UP:40% SPREAD:0.17191977% BID:0.1745 ASK:0.1748 MID:0.17465 P1:0.17465 P2:0.1745 P3:0.1743 P4:0.1743 STATE:IN_POS
[2026-06-03 00:51:42Z] CHK MOM:0.14% RANGE:0.2% UP:40% SPREAD:0.17191977% BID:0.1745 ASK:0.1748 MID:0.17465 P1:0.17465 P2:0.1745 P3:0.1743 P4:0.1743 STATE:IN_POS
[2026-06-03 00:51:42Z] CHK MOM:0.14% RANGE:0.2% UP:40% SPREAD:0.17191977% BID:0.1745 ASK:0.1748 MID:0.17465 P1:0.17465 P2:0.1745 P3:0.1743 P4:0.1743 STATE:IN_POS
[2026-06-03 00:51:47Z] CHK MOM:0.08% RANGE:0.08% UP:50% SPREAD:0.17191977% BID:0.1745 ASK:0.1748 MID:0.17465 P1:0.17465 P2:0.17465 P3:0.1745 P4:0.1743 STATE:IN_POS
[2026-06-03 00:51:47Z] CHK MOM:0.08% RANGE:0.08% UP:50% SPREAD:0.17191977% BID:0.1745 ASK:0.1748 MID:0.17465 P1:0.17465 P2:0.17465 P3:0.1745 P4:0.1743 STATE:IN_POS
[2026-06-03 00:51:51Z] CHK MOM:0% RANGE:0% UP:0% SPREAD:0.17191977% BID:0.1745 ASK:0.1748 MID:0.17465 P1:0.17465 P2:0.17465 P3:0.17465 P4:0.1745 STATE:IN_POS
[2026-06-03 00:51:52Z] CHK MOM:0% RANGE:0% UP:0% SPREAD:0.17191977% BID:0.1745 ASK:0.1748 MID:0.17465 P1:0.17465 P2:0.17465 P3:0.17465 P4:0.1745 STATE:IN_POS
[2026-06-03 00:51:52Z] CHK MOM:0% RANGE:0% UP:0% SPREAD:0.17191977% BID:0.1745 ASK:0.1748 MID:0.17465 P1:0.17465 P2:0.17465 P3:0.17465 P4:0.17465 STATE:IN_POS
[2026-06-03 00:51:53Z] CHK MOM:-0.02% RANGE:0.02% UP:0% SPREAD:0.11461318% BID:0.1745 ASK:0.1747 MID:0.17459999 P1:0.17459999 P2:0.17465 P3:0.17465 P4:0.17465 STATE:IN_POS
[2026-06-03 00:51:53Z] CHK MOM:-0.02% RANGE:0.02% UP:0% SPREAD:0.11461318% BID:0.1745 ASK:0.1747 MID:0.17459999 P1:0.17459999 P2:0.17465 P3:0.17465 P4:0.17465 STATE:IN_POS
[2026-06-03 00:51:54Z] CHK MOM:-0.02% RANGE:0.02% UP:0% SPREAD:0.11461318% BID:0.1745 ASK:0.1747 MID:0.17459999 P1:0.17459999 P2:0.17465 P3:0.17465 P4:0.17465 STATE:IN_POS
[2026-06-03 00:51:54Z] CHK MOM:-0.02% RANGE:0.02% UP:0% SPREAD:0.11461318% BID:0.1745 ASK:0.1747 MID:0.17459999 P1:0.17459999 P2:0.17465 P3:0.17465 P4:0.17465 STATE:IN_POS
[2026-06-03 00:51:55Z] CHK MOM:-0.02% RANGE:0.02% UP:0% SPREAD:0.11461318% BID:0.1745 ASK:0.1747 MID:0.17459999 P1:0.17459999 P2:0.17465 P3:0.17465 P4:0.17465 STATE:IN_POS
[2026-06-03 00:51:55Z] CHK MOM:-0.02% RANGE:0.02% UP:0% SPREAD:0.11461318% BID:0.1745 ASK:0.1747 MID:0.17459999 P1:0.17459999 P2:0.17465 P3:0.17465 P4:0.17465 STATE:IN_POS
[2026-06-03 00:51:57Z] CHK MOM:0% RANGE:0.02% UP:25% SPREAD:0.17191977% BID:0.1745 ASK:0.1748 MID:0.17465 P1:0.17465 P2:0.17459999 P3:0.17465 P4:0.17465 STATE:IN_POS
[2026-06-03 00:51:58Z] CHK MOM:0% RANGE:0.02% UP:20% SPREAD:0.17191977% BID:0.1745 ASK:0.1748 MID:0.17465 P1:0.17465 P2:0.17465 P3:0.17459999 P4:0.17465 STATE:IN_POS
[2026-06-03 00:51:58Z] CHK MOM:0% RANGE:0.02% UP:20% SPREAD:0.17191977% BID:0.1745 ASK:0.1748 MID:0.17465 P1:0.17465 P2:0.17465 P3:0.17459999 P4:0.17465 STATE:IN_POS
[2026-06-03 00:51:59Z] CHK MOM:0% RANGE:0.02% UP:20% SPREAD:0.17191977% BID:0.1745 ASK:0.1748 MID:0.17465 P1:0.17465 P2:0.17465 P3:0.17459999 P4:0.17465 STATE:IN_POS
[2026-06-03 00:51:59Z] CHK MOM:0.02% RANGE:0.05% UP:40% SPREAD:0.11454753% BID:0.1746 ASK:0.1748 MID:0.1747 P1:0.1747 P2:0.17465 P3:0.17465 P4:0.17459999 STATE:IN_POS
[2026-06-03 00:52:00Z] CHK MOM:0.02% RANGE:0.05% UP:33.33% SPREAD:0.11454753% BID:0.1746 ASK:0.1748 MID:0.1747 P1:0.1747 P2:0.1747 P3:0.17465 P4:0.17465 STATE:IN_POS
[2026-06-03 00:52:00Z] CHK MOM:-0.08% RANGE:0.11% UP:28.57% SPREAD:0.11467889% BID:0.1744 ASK:0.1746 MID:0.1745 P1:0.1745 P2:0.1747 P3:0.1747 P4:0.17465 STATE:IN_POS
[2026-06-03 00:52:01Z] CHK MOM:-0.08% RANGE:0.11% UP:25% SPREAD:0.11467889% BID:0.1744 ASK:0.1746 MID:0.1745 P1:0.1745 P2:0.1745 P3:0.1747 P4:0.1747 STATE:IN_POS
[2026-06-03 00:52:01Z] CHK MOM:-0.08% RANGE:0.11% UP:22.22% SPREAD:0.11467889% BID:0.1744 ASK:0.1746 MID:0.1745 P1:0.1745 P2:0.1745 P3:0.1745 P4:0.1747 STATE:IN_POS
[2026-06-03 00:52:02Z] CHK MOM:-0.25% RANGE:0.28% UP:20% SPREAD:0.1148765% BID:0.1741 ASK:0.1743 MID:0.1742 P1:0.1742 P2:0.1745 P3:0.1745 P4:0.1745 STATE:IN_POS
[2026-06-03 00:52:04Z] SELL symbol=ALLOUSDC qty=55.3 exit=0.17420000000000002 pnl=-0.035873 reason=PSELL FAIL age=135.7s latest=0.17410000 guard=0.17418590 high=0.17470000 peak=0.1146% P1=0.17420000000000002 P2=0.1745 P3=0.1745 P4=0.1745 entry=0.1745 profile=major
[2026-06-03 00:52:04Z] TOKEN_SWITCH old=ALLOUSDC new=WLDUSDC source=.service.env
[2026-06-03 01:00:08Z] SESSION_START symbol=ALLOUSDC dry_run=0 profile=major strategy=momentum base_url=https://api.binance.com
[2026-06-03 01:00:08Z] TOXIC_MEMORY_LOADED count=2 symbols=ORDIUSDC,TONUSDC
[2026-06-03 01:00:10Z] CHK MOM:0% RANGE:0% UP:0% SPREAD:0.11520737% BID:0.1736 ASK:0.1738 MID:0.1737 P1:0.1737 P2:NA P3:NA P4:NA STATE:IDLE
[2026-06-03 01:00:10Z] CHK MOM:0% RANGE:0% UP:0% SPREAD:0.11520737% BID:0.1736 ASK:0.1738 MID:0.1737 P1:0.1737 P2:0.1737 P3:NA P4:NA STATE:IDLE
[2026-06-03 01:00:11Z] CHK MOM:0% RANGE:0% UP:0% SPREAD:0.11520737% BID:0.1736 ASK:0.1738 MID:0.1737 P1:0.1737 P2:0.1737 P3:NA P4:NA STATE:IDLE
[2026-06-03 01:00:11Z] CHK MOM:0% RANGE:0% UP:0% SPREAD:0.11520737% BID:0.1736 ASK:0.1738 MID:0.1737 P1:0.1737 P2:0.1737 P3:NA P4:NA STATE:IDLE
[2026-06-03 01:00:12Z] CHK MOM:0% RANGE:0% UP:0% SPREAD:0.11520737% BID:0.1736 ASK:0.1738 MID:0.1737 P1:0.1737 P2:0.1737 P3:NA P4:NA STATE:IDLE
[2026-06-03 01:00:12Z] CHK MOM:-0.11% RANGE:0.11% UP:0% SPREAD:0.11534025% BID:0.1734 ASK:0.1736 MID:0.1735 P1:0.1735 P2:0.1737 P3:0.1737 P4:NA STATE:IDLE
[2026-06-03 01:00:13Z] CHK MOM:-0.11% RANGE:0.11% UP:0% SPREAD:0.11534025% BID:0.1734 ASK:0.1736 MID:0.1735 P1:0.1735 P2:0.1735 P3:0.1737 P4:0.1737 STATE:IDLE
[2026-06-03 01:00:13Z] CHK MOM:-0.11% RANGE:0.11% UP:0% SPREAD:0.11534025% BID:0.1734 ASK:0.1736 MID:0.1735 P1:0.1735 P2:0.1735 P3:0.1735 P4:0.1737 STATE:IDLE
[2026-06-03 01:00:14Z] CHK MOM:-0.11% RANGE:0.11% UP:0% SPREAD:0.11534025% BID:0.1734 ASK:0.1736 MID:0.1735 P1:0.1735 P2:0.1735 P3:0.1735 P4:0.1737 STATE:IDLE
[2026-06-03 01:00:15Z] CHK MOM:-0.11% RANGE:0.11% UP:0% SPREAD:0.11534025% BID:0.1734 ASK:0.1736 MID:0.1735 P1:0.1735 P2:0.1735 P3:0.1735 P4:0.1737 STATE:IDLE
[2026-06-03 01:00:15Z] CHK MOM:-0.11% RANGE:0.11% UP:0% SPREAD:0.11534025% BID:0.1734 ASK:0.1736 MID:0.1735 P1:0.1735 P2:0.1735 P3:0.1735 P4:0.1735 STATE:IDLE
[2026-06-03 01:00:16Z] CHK MOM:-0.11% RANGE:0.11% UP:0% SPREAD:0.11534025% BID:0.1734 ASK:0.1736 MID:0.1735 P1:0.1735 P2:0.1735 P3:0.1735 P4:0.1735 STATE:IDLE
[2026-06-03 01:00:16Z] CHK MOM:-0.11% RANGE:0.11% UP:0% SPREAD:0.11534025% BID:0.1734 ASK:0.1736 MID:0.1735 P1:0.1735 P2:0.1735 P3:0.1735 P4:0.1735 STATE:IDLE
[2026-06-03 01:00:17Z] CHK MOM:-0.11% RANGE:0.11% UP:0% SPREAD:0.11534025% BID:0.1734 ASK:0.1736 MID:0.1735 P1:0.1735 P2:0.1735 P3:0.1735 P4:0.1735 STATE:IDLE
[2026-06-03 01:00:17Z] CHK MOM:-0.11% RANGE:0.11% UP:0% SPREAD:0.11534025% BID:0.1734 ASK:0.1736 MID:0.1735 P1:0.1735 P2:0.1735 P3:0.1735 P4:0.1735 STATE:IDLE
[2026-06-03 01:00:18Z] CHK MOM:-0.11% RANGE:0.11% UP:0% SPREAD:0.11534025% BID:0.1734 ASK:0.1736 MID:0.1735 P1:0.1735 P2:0.1735 P3:0.1735 P4:0.1735 STATE:IDLE
[2026-06-03 01:00:18Z] CHK MOM:-0.11% RANGE:0.11% UP:0% SPREAD:0.11534025% BID:0.1734 ASK:0.1736 MID:0.1735 P1:0.1735 P2:0.1735 P3:0.1735 P4:0.1735 STATE:IDLE
[2026-06-03 01:00:19Z] CHK MOM:-0.11% RANGE:0.11% UP:0% SPREAD:0.11534025% BID:0.1734 ASK:0.1736 MID:0.1735 P1:0.1735 P2:0.1735 P3:0.1735 P4:0.1735 STATE:IDLE
[2026-06-03 01:00:19Z] CHK MOM:-0.11% RANGE:0.11% UP:0% SPREAD:0.11534025% BID:0.1734 ASK:0.1736 MID:0.1735 P1:0.1735 P2:0.1735 P3:0.1735 P4:0.1735 STATE:IDLE
[2026-06-03 01:00:20Z] CHK MOM:-0.05% RANGE:0.11% UP:12.5% SPREAD:0.11527377% BID:0.1735 ASK:0.1737 MID:0.17359999 P1:0.17359999 P2:0.1735 P3:0.1735 P4:0.1735 STATE:IDLE
[2026-06-03 01:00:21Z] CHK MOM:-0.05% RANGE:0.11% UP:11.11% SPREAD:0.11527377% BID:0.1735 ASK:0.1737 MID:0.17359999 P1:0.17359999 P2:0.17359999 P3:0.1735 P4:0.1735 STATE:IDLE
[2026-06-03 01:00:21Z] CHK MOM:-0.05% RANGE:0.11% UP:11.11% SPREAD:0.11527377% BID:0.1735 ASK:0.1737 MID:0.17359999 P1:0.17359999 P2:0.17359999 P3:0.1735 P4:0.1735 STATE:IDLE
[2026-06-03 01:00:22Z] CHK MOM:-0.05% RANGE:0.11% UP:11.11% SPREAD:0.11527377% BID:0.1735 ASK:0.1737 MID:0.17359999 P1:0.17359999 P2:0.17359999 P3:0.1735 P4:0.1735 STATE:IDLE
[2026-06-03 01:00:22Z] CHK MOM:-0.11% RANGE:0.11% UP:11.11% SPREAD:0.11534025% BID:0.1734 ASK:0.1736 MID:0.1735 P1:0.1735 P2:0.17359999 P3:0.17359999 P4:0.1735 STATE:IDLE
[2026-06-03 01:00:23Z] CHK MOM:0.05% RANGE:0.05% UP:22.22% SPREAD:0.11527377% BID:0.1735 ASK:0.1737 MID:0.17359999 P1:0.17359999 P2:0.1735 P3:0.17359999 P4:0.17359999 STATE:IDLE
[2026-06-03 01:00:23Z] CHK MOM:0.05% RANGE:0.05% UP:20% SPREAD:0.11527377% BID:0.1735 ASK:0.1737 MID:0.17359999 P1:0.17359999 P2:0.17359999 P3:0.1735 P4:0.17359999 STATE:IDLE
[2026-06-03 01:00:24Z] CHK MOM:0.05% RANGE:0.05% UP:18.18% SPREAD:0.11527377% BID:0.1735 ASK:0.1737 MID:0.17359999 P1:0.17359999 P2:0.17359999 P3:0.17359999 P4:0.1735 STATE:IDLE
[2026-06-03 01:00:24Z] CHK MOM:0.05% RANGE:0.05% UP:18.18% SPREAD:0.11527377% BID:0.1735 ASK:0.1737 MID:0.17359999 P1:0.17359999 P2:0.17359999 P3:0.17359999 P4:0.1735 STATE:IDLE
[2026-06-03 01:00:25Z] CHK MOM:0.02% RANGE:0.05% UP:18.18% SPREAD:0.05763688% BID:0.1735 ASK:0.1736 MID:0.17354999 P1:0.17354999 P2:0.17359999 P3:0.17359999 P4:0.17359999 STATE:IDLE
[2026-06-03 01:00:26Z] CHK MOM:0.02% RANGE:0.05% UP:18.18% SPREAD:0.05763688% BID:0.1735 ASK:0.1736 MID:0.17354999 P1:0.17354999 P2:0.17359999 P3:0.17359999 P4:0.17359999 STATE:IDLE
[2026-06-03 01:00:26Z] CHK MOM:0.02% RANGE:0.05% UP:20% SPREAD:0.05763688% BID:0.1735 ASK:0.1736 MID:0.17354999 P1:0.17354999 P2:0.17354999 P3:0.17359999 P4:0.17359999 STATE:IDLE
[2026-06-03 01:00:27Z] CHK MOM:0.02% RANGE:0.05% UP:20% SPREAD:0.05763688% BID:0.1735 ASK:0.1736 MID:0.17354999 P1:0.17354999 P2:0.17354999 P3:0.17359999 P4:0.17359999 STATE:IDLE
[2026-06-03 01:00:27Z] CHK MOM:0.02% RANGE:0.05% UP:20% SPREAD:0.05763688% BID:0.1735 ASK:0.1736 MID:0.17354999 P1:0.17354999 P2:0.17354999 P3:0.17359999 P4:0.17359999 STATE:IDLE
[2026-06-03 01:00:28Z] CHK MOM:0.02% RANGE:0.05% UP:20% SPREAD:0.05763688% BID:0.1735 ASK:0.1736 MID:0.17354999 P1:0.17354999 P2:0.17354999 P3:0.17359999 P4:0.17359999 STATE:IDLE
[2026-06-03 01:00:28Z] CHK MOM:0% RANGE:0.05% UP:22.22% SPREAD:0.11534025% BID:0.1734 ASK:0.1736 MID:0.1735 P1:0.1735 P2:0.17354999 P3:0.17354999 P4:0.17359999 STATE:IDLE
[2026-06-03 01:00:29Z] CHK MOM:0% RANGE:0.05% UP:20% SPREAD:0.11534025% BID:0.1734 ASK:0.1736 MID:0.1735 P1:0.1735 P2:0.1735 P3:0.17354999 P4:0.17354999 STATE:IDLE
[2026-06-03 01:00:29Z] CHK MOM:0% RANGE:0.05% UP:20% SPREAD:0.11534025% BID:0.1734 ASK:0.1736 MID:0.1735 P1:0.1735 P2:0.1735 P3:0.17354999 P4:0.17354999 STATE:IDLE
[2026-06-03 01:00:30Z] CHK MOM:-0.05% RANGE:0.11% UP:18.18% SPREAD:0.1154068% BID:0.1733 ASK:0.1735 MID:0.1734 P1:0.1734 P2:0.1735 P3:0.1735 P4:0.17354999 STATE:IDLE
[2026-06-03 01:00:31Z] CHK MOM:-0.05% RANGE:0.11% UP:18.18% SPREAD:0.1154068% BID:0.1733 ASK:0.1735 MID:0.1734 P1:0.1734 P2:0.1735 P3:0.1735 P4:0.17354999 STATE:IDLE
[2026-06-03 01:00:31Z] CHK MOM:-0.11% RANGE:0.11% UP:9.09% SPREAD:0.1154068% BID:0.1733 ASK:0.1735 MID:0.1734 P1:0.1734 P2:0.1734 P3:0.1735 P4:0.1735 STATE:IDLE
[2026-06-03 01:00:32Z] CHK MOM:-0.14% RANGE:0.14% UP:8.33% SPREAD:0.0577034% BID:0.1733 ASK:0.1734 MID:0.17335 P1:0.17335 P2:0.1734 P3:0.1734 P4:0.1735 STATE:IDLE
[2026-06-03 01:00:32Z] CHK MOM:-0.14% RANGE:0.14% UP:8.33% SPREAD:0.0577034% BID:0.1733 ASK:0.1734 MID:0.17335 P1:0.17335 P2:0.1734 P3:0.1734 P4:0.1735 STATE:IDLE
[2026-06-03 01:00:33Z] CHK MOM:-0.14% RANGE:0.14% UP:8.33% SPREAD:0.0577034% BID:0.1733 ASK:0.1734 MID:0.17335 P1:0.17335 P2:0.1734 P3:0.1734 P4:0.1735 STATE:IDLE
[2026-06-03 01:00:33Z] CHK MOM:-0.14% RANGE:0.14% UP:8.33% SPREAD:0.0577034% BID:0.1733 ASK:0.1734 MID:0.17335 P1:0.17335 P2:0.1734 P3:0.1734 P4:0.1735 STATE:IDLE
[2026-06-03 01:00:34Z] CHK MOM:-0.14% RANGE:0.14% UP:8.33% SPREAD:0.0577034% BID:0.1733 ASK:0.1734 MID:0.17335 P1:0.17335 P2:0.1734 P3:0.1734 P4:0.1735 STATE:IDLE
[2026-06-03 01:00:34Z] CHK MOM:-0.05% RANGE:0.14% UP:18.18% SPREAD:0.1154068% BID:0.1733 ASK:0.1735 MID:0.1734 P1:0.1734 P2:0.17335 P3:0.1734 P4:0.1734 STATE:IDLE
[2026-06-03 01:00:35Z] CHK MOM:-0.05% RANGE:0.14% UP:18.18% SPREAD:0.1154068% BID:0.1733 ASK:0.1735 MID:0.1734 P1:0.1734 P2:0.17335 P3:0.1734 P4:0.1734 STATE:IDLE
[2026-06-03 01:00:35Z] CHK MOM:-0.05% RANGE:0.14% UP:18.18% SPREAD:0.1154068% BID:0.1733 ASK:0.1735 MID:0.1734 P1:0.1734 P2:0.17335 P3:0.1734 P4:0.1734 STATE:IDLE
[2026-06-03 01:00:36Z] CHK MOM:-0.05% RANGE:0.14% UP:18.18% SPREAD:0.1154068% BID:0.1733 ASK:0.1735 MID:0.1734 P1:0.1734 P2:0.17335 P3:0.1734 P4:0.1734 STATE:IDLE
[2026-06-03 01:00:37Z] CHK MOM:-0.08% RANGE:0.11% UP:12.5% SPREAD:0.1154068% BID:0.1733 ASK:0.1735 MID:0.1734 P1:0.1734 P2:0.1734 P3:0.17335 P4:0.1734 STATE:IDLE
[2026-06-03 01:00:37Z] CHK MOM:-0.02% RANGE:0.11% UP:25% SPREAD:0.11534025% BID:0.1734 ASK:0.1736 MID:0.1735 P1:0.1735 P2:0.1734 P3:0.1734 P4:0.17335 STATE:IDLE
[2026-06-03 01:00:38Z] CHK MOM:0% RANGE:0.11% UP:33.33% SPREAD:0.05763688% BID:0.1735 ASK:0.1736 MID:0.17354999 P1:0.17354999 P2:0.1735 P3:0.1734 P4:0.1734 STATE:IDLE
[2026-06-03 01:00:38Z] CHK MOM:0% RANGE:0.11% UP:33.33% SPREAD:0.05763688% BID:0.1735 ASK:0.1736 MID:0.17354999 P1:0.17354999 P2:0.1735 P3:0.1734 P4:0.1734 STATE:IDLE
[2026-06-03 01:00:39Z] CHK MOM:0.05% RANGE:0.14% UP:44.44% SPREAD:0.11527377% BID:0.1735 ASK:0.1737 MID:0.17359999 P1:0.17359999 P2:0.17354999 P3:0.1735 P4:0.1734 STATE:IDLE
[2026-06-03 01:00:39Z] CHK MOM:0.08% RANGE:0.17% UP:50% SPREAD:0.05760368% BID:0.1736 ASK:0.1737 MID:0.17365 P1:0.17365 P2:0.17359999 P3:0.17354999 P4:0.1735 STATE:IDLE
[2026-06-03 01:00:40Z] CHK MOM:0.14% RANGE:0.23% UP:54.54% SPREAD:0.05757052% BID:0.1737 ASK:0.1738 MID:0.17375 P1:0.17375 P2:0.17365 P3:0.17359999 P4:0.17354999 STATE:IDLE
[2026-06-03 01:00:40Z] CHK MOM:0.14% RANGE:0.23% UP:54.54% SPREAD:0.05757052% BID:0.1737 ASK:0.1738 MID:0.17375 P1:0.17375 P2:0.17365 P3:0.17359999 P4:0.17354999 STATE:IDLE
[2026-06-03 01:00:41Z] CHK MOM:0.14% RANGE:0.23% UP:54.54% SPREAD:0.05757052% BID:0.1737 ASK:0.1738 MID:0.17375 P1:0.17375 P2:0.17365 P3:0.17359999 P4:0.17354999 STATE:IDLE
[2026-06-03 01:00:42Z] CHK MOM:0.17% RANGE:0.23% UP:60% SPREAD:0.11520737% BID:0.1736 ASK:0.1738 MID:0.1737 P1:0.1737 P2:0.17375 P3:0.17365 P4:0.17359999 STATE:IDLE
[2026-06-03 01:00:42Z] CHK MOM:0.17% RANGE:0.23% UP:60% SPREAD:0.11520737% BID:0.1736 ASK:0.1738 MID:0.1737 P1:0.1737 P2:0.17375 P3:0.17365 P4:0.17359999 STATE:IDLE
[2026-06-03 01:00:43Z] CHK MOM:0.17% RANGE:0.23% UP:60% SPREAD:0.11520737% BID:0.1736 ASK:0.1738 MID:0.1737 P1:0.1737 P2:0.17375 P3:0.17365 P4:0.17359999 STATE:IDLE
[2026-06-03 01:00:43Z] CHK MOM:0.17% RANGE:0.23% UP:60% SPREAD:0.11520737% BID:0.1736 ASK:0.1738 MID:0.1737 P1:0.1737 P2:0.17375 P3:0.17365 P4:0.17359999 STATE:IDLE
[2026-06-03 01:00:44Z] CHK MOM:0.2% RANGE:0.23% UP:66.66% SPREAD:0.11520737% BID:0.1736 ASK:0.1738 MID:0.1737 P1:0.1737 P2:0.1737 P3:0.17375 P4:0.17365 STATE:IDLE
[2026-06-03 01:00:44Z] CHK MOM:0.17% RANGE:0.2% UP:55.55% SPREAD:0.11520737% BID:0.1736 ASK:0.1738 MID:0.1737 P1:0.1737 P2:0.1737 P3:0.1737 P4:0.17375 STATE:IDLE
[2026-06-03 01:00:45Z] CHK MOM:0.17% RANGE:0.2% UP:55.55% SPREAD:0.11520737% BID:0.1736 ASK:0.1738 MID:0.1737 P1:0.1737 P2:0.1737 P3:0.1737 P4:0.17375 STATE:IDLE
[2026-06-03 01:00:45Z] CHK MOM:0.17% RANGE:0.2% UP:55.55% SPREAD:0.11520737% BID:0.1736 ASK:0.1738 MID:0.1737 P1:0.1737 P2:0.1737 P3:0.1737 P4:0.17375 STATE:IDLE
[2026-06-03 01:00:46Z] CHK MOM:0.2% RANGE:0.2% UP:60% SPREAD:0.05757052% BID:0.1737 ASK:0.1738 MID:0.17375 P1:0.17375 P2:0.1737 P3:0.1737 P4:0.1737 STATE:IDLE
[2026-06-03 01:00:46Z] CHK MOM:0.2% RANGE:0.2% UP:60% SPREAD:0.05757052% BID:0.1737 ASK:0.1738 MID:0.17375 P1:0.17375 P2:0.17375 P3:0.1737 P4:0.1737 STATE:IDLE
[2026-06-03 01:00:47Z] CHK MOM:0.2% RANGE:0.2% UP:60% SPREAD:0.05757052% BID:0.1737 ASK:0.1738 MID:0.17375 P1:0.17375 P2:0.17375 P3:0.1737 P4:0.1737 STATE:IDLE
[2026-06-03 01:00:48Z] CHK MOM:0.2% RANGE:0.2% UP:60% SPREAD:0.05757052% BID:0.1737 ASK:0.1738 MID:0.17375 P1:0.17375 P2:0.17375 P3:0.1737 P4:0.1737 STATE:IDLE
[2026-06-03 01:00:48Z] CHK MOM:0.2% RANGE:0.2% UP:60% SPREAD:0.05757052% BID:0.1737 ASK:0.1738 MID:0.17375 P1:0.17375 P2:0.17375 P3:0.1737 P4:0.1737 STATE:IDLE
[2026-06-03 01:00:49Z] CHK MOM:0.11% RANGE:0.14% UP:50% SPREAD:0.11520737% BID:0.1736 ASK:0.1738 MID:0.1737 P1:0.1737 P2:0.17375 P3:0.17375 P4:0.1737 STATE:IDLE
[2026-06-03 01:00:49Z] CHK MOM:0.11% RANGE:0.14% UP:45.45% SPREAD:0.11520737% BID:0.1736 ASK:0.1738 MID:0.1737 P1:0.1737 P2:0.1737 P3:0.17375 P4:0.17375 STATE:IDLE
[2026-06-03 01:00:50Z] CHK MOM:0.11% RANGE:0.14% UP:45.45% SPREAD:0.11520737% BID:0.1736 ASK:0.1738 MID:0.1737 P1:0.1737 P2:0.1737 P3:0.17375 P4:0.17375 STATE:IDLE
[2026-06-03 01:00:50Z] CHK MOM:0.05% RANGE:0.08% UP:30% SPREAD:0.11520737% BID:0.1736 ASK:0.1738 MID:0.1737 P1:0.1737 P2:0.1737 P3:0.1737 P4:0.17375 STATE:IDLE
[2026-06-03 01:00:51Z] CHK MOM:0.05% RANGE:0.08% UP:30% SPREAD:0.11520737% BID:0.1736 ASK:0.1738 MID:0.1737 P1:0.1737 P2:0.1737 P3:0.1737 P4:0.17375 STATE:IDLE
[2026-06-03 01:00:51Z] CHK MOM:0.05% RANGE:0.05% UP:30% SPREAD:0.05757052% BID:0.1737 ASK:0.1738 MID:0.17375 P1:0.17375 P2:0.1737 P3:0.1737 P4:0.1737 STATE:IDLE
[2026-06-03 01:00:52Z] CHK MOM:0.05% RANGE:0.08% UP:30% SPREAD:0.05753739% BID:0.1738 ASK:0.1739 MID:0.17385 P1:0.17385 P2:0.17375 P3:0.1737 P4:0.1737 STATE:IDLE
[2026-06-03 01:00:53Z] CHK MOM:0% RANGE:0.08% UP:30% SPREAD:0.11520737% BID:0.1736 ASK:0.1738 MID:0.1737 P1:0.1737 P2:0.17385 P3:0.17375 P4:0.1737 STATE:IDLE
[2026-06-03 01:00:53Z] CHK MOM:-0.02% RANGE:0.11% UP:27.27% SPREAD:0.05760368% BID:0.1736 ASK:0.1737 MID:0.17365 P1:0.17365 P2:0.1737 P3:0.17385 P4:0.17375 STATE:IDLE
[2026-06-03 01:00:54Z] CHK MOM:-0.02% RANGE:0.11% UP:27.27% SPREAD:0.05760368% BID:0.1736 ASK:0.1737 MID:0.17365 P1:0.17365 P2:0.1737 P3:0.17385 P4:0.17375 STATE:IDLE
[2026-06-03 01:00:54Z] CHK MOM:-0.02% RANGE:0.11% UP:27.27% SPREAD:0.05760368% BID:0.1736 ASK:0.1737 MID:0.17365 P1:0.17365 P2:0.17365 P3:0.1737 P4:0.17385 STATE:IDLE
[2026-06-03 01:00:55Z] CHK MOM:-0.02% RANGE:0.11% UP:27.27% SPREAD:0.05760368% BID:0.1736 ASK:0.1737 MID:0.17365 P1:0.17365 P2:0.17365 P3:0.1737 P4:0.17385 STATE:IDLE
[2026-06-03 01:00:55Z] CHK MOM:-0.02% RANGE:0.11% UP:27.27% SPREAD:0.05760368% BID:0.1736 ASK:0.1737 MID:0.17365 P1:0.17365 P2:0.17365 P3:0.1737 P4:0.17385 STATE:IDLE
[2026-06-03 01:00:56Z] CHK MOM:-0.02% RANGE:0.11% UP:27.27% SPREAD:0.05760368% BID:0.1736 ASK:0.1737 MID:0.17365 P1:0.17365 P2:0.17365 P3:0.1737 P4:0.17385 STATE:IDLE
[2026-06-03 01:00:56Z] CHK MOM:-0.02% RANGE:0.11% UP:27.27% SPREAD:0.05760368% BID:0.1736 ASK:0.1737 MID:0.17365 P1:0.17365 P2:0.17365 P3:0.1737 P4:0.17385 STATE:IDLE
[2026-06-03 01:00:57Z] CHK MOM:-0.02% RANGE:0.11% UP:27.27% SPREAD:0.05760368% BID:0.1736 ASK:0.1737 MID:0.17365 P1:0.17365 P2:0.17365 P3:0.1737 P4:0.17385 STATE:IDLE
[2026-06-03 01:01:01Z] CHK MOM:0.05% RANGE:0.11% UP:37.5% SPREAD:0.11514104% BID:0.1737 ASK:0.1739 MID:0.1738 P1:0.1738 P2:0.17365 P3:0.17365 P4:0.1737 STATE:IDLE
[2026-06-03 01:01:01Z] CHK MOM:0.05% RANGE:0.11% UP:33.33% SPREAD:0.11514104% BID:0.1737 ASK:0.1739 MID:0.1738 P1:0.1738 P2:0.1738 P3:0.17365 P4:0.17365 STATE:IDLE
[2026-06-03 01:01:02Z] CHK MOM:0.05% RANGE:0.11% UP:33.33% SPREAD:0.11514104% BID:0.1737 ASK:0.1739 MID:0.1738 P1:0.1738 P2:0.1738 P3:0.17365 P4:0.17365 STATE:IDLE
[2026-06-03 01:01:02Z] CHK MOM:0.05% RANGE:0.11% UP:33.33% SPREAD:0.11514104% BID:0.1737 ASK:0.1739 MID:0.1738 P1:0.1738 P2:0.1738 P3:0.17365 P4:0.17365 STATE:IDLE
[2026-06-03 01:01:03Z] CHK MOM:0.05% RANGE:0.11% UP:42.85% SPREAD:0.05753739% BID:0.1738 ASK:0.1739 MID:0.17385 P1:0.17385 P2:0.1738 P3:0.1738 P4:0.17365 STATE:IDLE
[2026-06-03 01:01:03Z] CHK MOM:-0.02% RANGE:0.11% UP:28.57% SPREAD:0.11514104% BID:0.1737 ASK:0.1739 MID:0.1738 P1:0.1738 P2:0.17385 P3:0.1738 P4:0.1738 STATE:IDLE
[2026-06-03 01:01:04Z] CHK MOM:0.08% RANGE:0.11% UP:42.85% SPREAD:0.05753739% BID:0.1738 ASK:0.1739 MID:0.17385 P1:0.17385 P2:0.1738 P3:0.17385 P4:0.1738 STATE:IDLE
[2026-06-03 01:01:04Z] CHK MOM:0.08% RANGE:0.11% UP:37.5% SPREAD:0.05753739% BID:0.1738 ASK:0.1739 MID:0.17385 P1:0.17385 P2:0.17385 P3:0.1738 P4:0.17385 STATE:IDLE
[2026-06-03 01:01:05Z] CHK MOM:0.11% RANGE:0.11% UP:37.5% SPREAD:0.05753739% BID:0.1738 ASK:0.1739 MID:0.17385 P1:0.17385 P2:0.17385 P3:0.17385 P4:0.1738 STATE:IDLE
[2026-06-03 01:01:06Z] CHK MOM:0.11% RANGE:0.11% UP:37.5% SPREAD:0.05753739% BID:0.1738 ASK:0.1739 MID:0.17385 P1:0.17385 P2:0.17385 P3:0.17385 P4:0.1738 STATE:IDLE
[2026-06-03 01:01:06Z] CHK MOM:0.14% RANGE:0.14% UP:50% SPREAD:0.11507479% BID:0.1738 ASK:0.174 MID:0.1739 P1:0.1739 P2:0.17385 P3:0.17385 P4:0.17385 STATE:IDLE
[2026-06-03 01:01:07Z] CHK MOM:0.08% RANGE:0.08% UP:50% SPREAD:0.05750431% BID:0.1739 ASK:0.174 MID:0.17395 P1:0.17395 P2:0.1739 P3:0.17385 P4:0.17385 STATE:IDLE
[2026-06-03 01:01:07Z] CHK MOM:0.08% RANGE:0.08% UP:50% SPREAD:0.05750431% BID:0.1739 ASK:0.174 MID:0.17395 P1:0.17395 P2:0.1739 P3:0.17385 P4:0.17385 STATE:IDLE
[2026-06-03 01:01:08Z] CHK MOM:0.05% RANGE:0.08% UP:44.44% SPREAD:0.11507479% BID:0.1738 ASK:0.174 MID:0.1739 P1:0.1739 P2:0.17395 P3:0.1739 P4:0.17385 STATE:IDLE
[2026-06-03 01:01:08Z] CHK MOM:0.05% RANGE:0.08% UP:44.44% SPREAD:0.11507479% BID:0.1738 ASK:0.174 MID:0.1739 P1:0.1739 P2:0.17395 P3:0.1739 P4:0.17385 STATE:IDLE
[2026-06-03 01:01:09Z] CHK MOM:0.05% RANGE:0.08% UP:44.44% SPREAD:0.11507479% BID:0.1738 ASK:0.174 MID:0.1739 P1:0.1739 P2:0.17395 P3:0.1739 P4:0.17385 STATE:IDLE
[2026-06-03 01:01:09Z] CHK MOM:0.05% RANGE:0.08% UP:44.44% SPREAD:0.11507479% BID:0.1738 ASK:0.174 MID:0.1739 P1:0.1739 P2:0.17395 P3:0.1739 P4:0.17385 STATE:IDLE
[2026-06-03 01:01:10Z] CHK MOM:0.05% RANGE:0.08% UP:44.44% SPREAD:0.11507479% BID:0.1738 ASK:0.174 MID:0.1739 P1:0.1739 P2:0.17395 P3:0.1739 P4:0.17385 STATE:IDLE
[2026-06-03 01:01:10Z] CHK MOM:0.05% RANGE:0.08% UP:44.44% SPREAD:0.11507479% BID:0.1738 ASK:0.174 MID:0.1739 P1:0.1739 P2:0.17395 P3:0.1739 P4:0.17385 STATE:IDLE
[2026-06-03 01:01:11Z] CHK MOM:0.11% RANGE:0.11% UP:50% SPREAD:0.11500862% BID:0.1739 ASK:0.1741 MID:0.174 P1:0.174 P2:0.1739 P3:0.17395 P4:0.1739 STATE:IDLE
[2026-06-03 01:01:12Z] CHK MOM:0.11% RANGE:0.11% UP:45.45% SPREAD:0.11500862% BID:0.1739 ASK:0.1741 MID:0.174 P1:0.174 P2:0.174 P3:0.1739 P4:0.17395 STATE:IDLE
[2026-06-03 01:01:12Z] CHK MOM:0.11% RANGE:0.11% UP:45.45% SPREAD:0.11500862% BID:0.1739 ASK:0.1741 MID:0.174 P1:0.174 P2:0.174 P3:0.1739 P4:0.17395 STATE:IDLE
[2026-06-03 01:01:13Z] CHK MOM:0.11% RANGE:0.11% UP:45.45% SPREAD:0.11500862% BID:0.1739 ASK:0.1741 MID:0.174 P1:0.174 P2:0.174 P3:0.1739 P4:0.17395 STATE:IDLE
[2026-06-03 01:01:13Z] CHK MOM:0.11% RANGE:0.11% UP:45.45% SPREAD:0.11500862% BID:0.1739 ASK:0.1741 MID:0.174 P1:0.174 P2:0.174 P3:0.1739 P4:0.17395 STATE:IDLE
[2026-06-03 01:01:14Z] CHK MOM:0.11% RANGE:0.11% UP:45.45% SPREAD:0.11500862% BID:0.1739 ASK:0.1741 MID:0.174 P1:0.174 P2:0.174 P3:0.1739 P4:0.17395 STATE:IDLE
[2026-06-03 01:01:14Z] CHK MOM:0.11% RANGE:0.11% UP:45.45% SPREAD:0.11500862% BID:0.1739 ASK:0.1741 MID:0.174 P1:0.174 P2:0.174 P3:0.1739 P4:0.17395 STATE:IDLE
[2026-06-03 01:01:17Z] CHK MOM:0.08% RANGE:0.08% UP:60% SPREAD:0.17251293% BID:0.1739 ASK:0.1742 MID:0.17404999 P1:0.17404999 P2:0.174 P3:0.174 P4:0.1739 STATE:IDLE
[2026-06-03 01:01:18Z] CHK MOM:0.08% RANGE:0.08% UP:60% SPREAD:0.17251293% BID:0.1739 ASK:0.1742 MID:0.17404999 P1:0.17404999 P2:0.174 P3:0.174 P4:0.1739 STATE:IDLE
[2026-06-03 01:01:18Z] CHK MOM:0.08% RANGE:0.08% UP:60% SPREAD:0.17251293% BID:0.1739 ASK:0.1742 MID:0.17404999 P1:0.17404999 P2:0.174 P3:0.174 P4:0.1739 STATE:IDLE
[2026-06-03 01:01:19Z] CHK MOM:0.08% RANGE:0.08% UP:60% SPREAD:0.17251293% BID:0.1739 ASK:0.1742 MID:0.17404999 P1:0.17404999 P2:0.174 P3:0.174 P4:0.1739 STATE:IDLE
[2026-06-03 01:01:19Z] CHK MOM:0.08% RANGE:0.08% UP:60% SPREAD:0.17251293% BID:0.1739 ASK:0.1742 MID:0.17404999 P1:0.17404999 P2:0.174 P3:0.174 P4:0.1739 STATE:IDLE
[2026-06-03 01:01:20Z] CHK MOM:0.02% RANGE:0.02% UP:33.33% SPREAD:0.17251293% BID:0.1739 ASK:0.1742 MID:0.17404999 P1:0.17404999 P2:0.17404999 P3:0.174 P4:0.174 STATE:IDLE
[2026-06-03 01:01:21Z] CHK MOM:0% RANGE:0.02% UP:25% SPREAD:0.11500862% BID:0.1739 ASK:0.1741 MID:0.174 P1:0.174 P2:0.17404999 P3:0.17404999 P4:0.174 STATE:IDLE
[2026-06-03 01:01:21Z] CHK MOM:0% RANGE:0.02% UP:25% SPREAD:0.11500862% BID:0.1739 ASK:0.1741 MID:0.174 P1:0.174 P2:0.17404999 P3:0.17404999 P4:0.174 STATE:IDLE
[2026-06-03 01:01:22Z] CHK MOM:0% RANGE:0.02% UP:25% SPREAD:0.11500862% BID:0.1739 ASK:0.1741 MID:0.174 P1:0.174 P2:0.17404999 P3:0.17404999 P4:0.174 STATE:IDLE
[2026-06-03 01:01:23Z] CHK MOM:0% RANGE:0.02% UP:25% SPREAD:0.11500862% BID:0.1739 ASK:0.1741 MID:0.174 P1:0.174 P2:0.17404999 P3:0.17404999 P4:0.174 STATE:IDLE
[2026-06-03 01:01:23Z] CHK MOM:-0.11% RANGE:0.14% UP:20% SPREAD:0.11514104% BID:0.1737 ASK:0.1739 MID:0.1738 P1:0.1738 P2:0.174 P3:0.17404999 P4:0.17404999 STATE:IDLE
[2026-06-03 01:01:24Z] CHK MOM:-0.11% RANGE:0.14% UP:20% SPREAD:0.11514104% BID:0.1737 ASK:0.1739 MID:0.1738 P1:0.1738 P2:0.174 P3:0.17404999 P4:0.17404999 STATE:IDLE
[2026-06-03 01:01:24Z] CHK MOM:-0.11% RANGE:0.14% UP:20% SPREAD:0.11514104% BID:0.1737 ASK:0.1739 MID:0.1738 P1:0.1738 P2:0.174 P3:0.17404999 P4:0.17404999 STATE:IDLE
[2026-06-03 01:01:25Z] CHK MOM:-0.11% RANGE:0.14% UP:20% SPREAD:0.11514104% BID:0.1737 ASK:0.1739 MID:0.1738 P1:0.1738 P2:0.174 P3:0.17404999 P4:0.17404999 STATE:IDLE
[2026-06-03 01:01:25Z] CHK MOM:-0.11% RANGE:0.14% UP:20% SPREAD:0.11514104% BID:0.1737 ASK:0.1739 MID:0.1738 P1:0.1738 P2:0.174 P3:0.17404999 P4:0.17404999 STATE:IDLE
[2026-06-03 01:01:26Z] CHK MOM:-0.14% RANGE:0.14% UP:0% SPREAD:0.11514104% BID:0.1737 ASK:0.1739 MID:0.1738 P1:0.1738 P2:0.1738 P3:0.174 P4:0.17404999 STATE:IDLE
[2026-06-03 01:01:26Z] CHK MOM:-0.14% RANGE:0.14% UP:0% SPREAD:0.11514104% BID:0.1737 ASK:0.1739 MID:0.1738 P1:0.1738 P2:0.1738 P3:0.174 P4:0.17404999 STATE:IDLE
[2026-06-03 01:01:27Z] CHK MOM:-0.14% RANGE:0.14% UP:0% SPREAD:0.11514104% BID:0.1737 ASK:0.1739 MID:0.1738 P1:0.1738 P2:0.1738 P3:0.174 P4:0.17404999 STATE:IDLE
[2026-06-03 01:01:27Z] CHK MOM:-0.14% RANGE:0.14% UP:0% SPREAD:0.11514104% BID:0.1737 ASK:0.1739 MID:0.1738 P1:0.1738 P2:0.1738 P3:0.174 P4:0.17404999 STATE:IDLE
[2026-06-03 01:01:28Z] CHK MOM:-0.14% RANGE:0.14% UP:0% SPREAD:0.11514104% BID:0.1737 ASK:0.1739 MID:0.1738 P1:0.1738 P2:0.1738 P3:0.174 P4:0.17404999 STATE:IDLE
[2026-06-03 01:01:29Z] CHK MOM:-0.08% RANGE:0.14% UP:20% SPREAD:0.11507479% BID:0.1738 ASK:0.174 MID:0.1739 P1:0.1739 P2:0.1738 P3:0.1738 P4:0.174 STATE:IDLE
[2026-06-03 01:01:29Z] CHK MOM:-0.08% RANGE:0.14% UP:20% SPREAD:0.11507479% BID:0.1738 ASK:0.174 MID:0.1739 P1:0.1739 P2:0.1738 P3:0.1738 P4:0.174 STATE:IDLE
[2026-06-03 01:01:30Z] CHK MOM:-0.08% RANGE:0.14% UP:20% SPREAD:0.11507479% BID:0.1738 ASK:0.174 MID:0.1739 P1:0.1739 P2:0.1738 P3:0.1738 P4:0.174 STATE:IDLE
[2026-06-03 01:01:30Z] CHK MOM:-0.08% RANGE:0.14% UP:20% SPREAD:0.11507479% BID:0.1738 ASK:0.174 MID:0.1739 P1:0.1739 P2:0.1738 P3:0.1738 P4:0.174 STATE:IDLE
[2026-06-03 01:01:31Z] CHK MOM:-0.08% RANGE:0.14% UP:20% SPREAD:0.11507479% BID:0.1738 ASK:0.174 MID:0.1739 P1:0.1739 P2:0.1738 P3:0.1738 P4:0.174 STATE:IDLE
[2026-06-03 01:01:32Z] CHK MOM:-0.14% RANGE:0.14% UP:20% SPREAD:0.11514104% BID:0.1737 ASK:0.1739 MID:0.1738 P1:0.1738 P2:0.1739 P3:0.1738 P4:0.1738 STATE:IDLE
[2026-06-03 01:01:32Z] CHK MOM:-0.08% RANGE:0.11% UP:40% SPREAD:0.17271157% BID:0.1737 ASK:0.174 MID:0.17385 P1:0.17385 P2:0.1738 P3:0.1739 P4:0.1738 STATE:IDLE
[2026-06-03 01:01:33Z] CHK MOM:-0.05% RANGE:0.11% UP:50% SPREAD:0.11507479% BID:0.1738 ASK:0.174 MID:0.1739 P1:0.1739 P2:0.17385 P3:0.1738 P4:0.1739 STATE:IDLE
[2026-06-03 01:01:34Z] CHK MOM:-0.05% RANGE:0.11% UP:50% SPREAD:0.11507479% BID:0.1738 ASK:0.174 MID:0.1739 P1:0.1739 P2:0.17385 P3:0.1738 P4:0.1739 STATE:IDLE
[2026-06-03 01:01:34Z] CHK MOM:-0.05% RANGE:0.11% UP:50% SPREAD:0.11507479% BID:0.1738 ASK:0.174 MID:0.1739 P1:0.1739 P2:0.17385 P3:0.1738 P4:0.1739 STATE:IDLE
[2026-06-03 01:01:35Z] CHK MOM:-0.05% RANGE:0.11% UP:50% SPREAD:0.11507479% BID:0.1738 ASK:0.174 MID:0.1739 P1:0.1739 P2:0.17385 P3:0.1738 P4:0.1739 STATE:IDLE
[2026-06-03 01:01:35Z] CHK MOM:-0.05% RANGE:0.11% UP:50% SPREAD:0.11507479% BID:0.1738 ASK:0.174 MID:0.1739 P1:0.1739 P2:0.17385 P3:0.1738 P4:0.1739 STATE:IDLE
[2026-06-03 01:01:36Z] CHK MOM:0% RANGE:0.05% UP:60% SPREAD:0.11514104% BID:0.1737 ASK:0.1739 MID:0.1738 P1:0.1738 P2:0.1739 P3:0.17385 P4:0.1738 STATE:IDLE
[2026-06-03 01:01:37Z] CHK MOM:0% RANGE:0.05% UP:50% SPREAD:0.11514104% BID:0.1737 ASK:0.1739 MID:0.1738 P1:0.1738 P2:0.1738 P3:0.1739 P4:0.17385 STATE:IDLE
[2026-06-03 01:01:37Z] CHK MOM:0% RANGE:0.05% UP:50% SPREAD:0.11514104% BID:0.1737 ASK:0.1739 MID:0.1738 P1:0.1738 P2:0.1738 P3:0.1739 P4:0.17385 STATE:IDLE
[2026-06-03 01:01:38Z] CHK MOM:-0.02% RANGE:0.05% UP:50% SPREAD:0.17271157% BID:0.1737 ASK:0.174 MID:0.17385 P1:0.17385 P2:0.1738 P3:0.1738 P4:0.1739 STATE:IDLE
[2026-06-03 01:01:38Z] CHK MOM:-0.02% RANGE:0.05% UP:42.85% SPREAD:0.17271157% BID:0.1737 ASK:0.174 MID:0.17385 P1:0.17385 P2:0.17385 P3:0.1738 P4:0.1738 STATE:IDLE
[2026-06-03 01:01:39Z] CHK MOM:-0.02% RANGE:0.05% UP:37.5% SPREAD:0.17271157% BID:0.1737 ASK:0.174 MID:0.17385 P1:0.17385 P2:0.17385 P3:0.17385 P4:0.1738 STATE:IDLE
[2026-06-03 01:01:40Z] CHK MOM:0% RANGE:0.05% UP:44.44% SPREAD:0.11507479% BID:0.1738 ASK:0.174 MID:0.1739 P1:0.1739 P2:0.17385 P3:0.17385 P4:0.17385 STATE:IDLE
[2026-06-03 01:01:40Z] CHK MOM:0% RANGE:0.05% UP:44.44% SPREAD:0.11507479% BID:0.1738 ASK:0.174 MID:0.1739 P1:0.1739 P2:0.17385 P3:0.17385 P4:0.17385 STATE:IDLE
[2026-06-03 01:01:41Z] CHK MOM:0% RANGE:0.05% UP:44.44% SPREAD:0.11507479% BID:0.1738 ASK:0.174 MID:0.1739 P1:0.1739 P2:0.17385 P3:0.17385 P4:0.17385 STATE:IDLE
[2026-06-03 01:01:41Z] CHK MOM:0% RANGE:0.05% UP:44.44% SPREAD:0.11507479% BID:0.1738 ASK:0.174 MID:0.1739 P1:0.1739 P2:0.17385 P3:0.17385 P4:0.17385 STATE:IDLE
[2026-06-03 01:01:42Z] CHK MOM:0% RANGE:0.05% UP:44.44% SPREAD:0.11507479% BID:0.1738 ASK:0.174 MID:0.1739 P1:0.1739 P2:0.17385 P3:0.17385 P4:0.17385 STATE:IDLE
[2026-06-03 01:01:42Z] CHK MOM:0% RANGE:0.05% UP:44.44% SPREAD:0.11507479% BID:0.1738 ASK:0.174 MID:0.1739 P1:0.1739 P2:0.17385 P3:0.17385 P4:0.17385 STATE:IDLE
[2026-06-03 01:01:43Z] CHK MOM:0% RANGE:0.05% UP:44.44% SPREAD:0.11514104% BID:0.1737 ASK:0.1739 MID:0.1738 P1:0.1738 P2:0.1739 P3:0.17385 P4:0.17385 STATE:IDLE
[2026-06-03 01:01:44Z] CHK MOM:0% RANGE:0.05% UP:44.44% SPREAD:0.11514104% BID:0.1737 ASK:0.1739 MID:0.1738 P1:0.1738 P2:0.1739 P3:0.17385 P4:0.17385 STATE:IDLE
[2026-06-03 01:01:45Z] CHK MOM:0% RANGE:0.05% UP:37.5% SPREAD:0.11507479% BID:0.1738 ASK:0.174 MID:0.1739 P1:0.1739 P2:0.1738 P3:0.1739 P4:0.17385 STATE:IDLE
[2026-06-03 01:01:45Z] CHK MOM:0% RANGE:0.05% UP:37.5% SPREAD:0.11507479% BID:0.1738 ASK:0.174 MID:0.1739 P1:0.1739 P2:0.1738 P3:0.1739 P4:0.17385 STATE:IDLE
[2026-06-03 01:01:46Z] CHK MOM:0% RANGE:0.05% UP:37.5% SPREAD:0.11507479% BID:0.1738 ASK:0.174 MID:0.1739 P1:0.1739 P2:0.1738 P3:0.1739 P4:0.17385 STATE:IDLE
[2026-06-03 01:01:46Z] CHK MOM:0% RANGE:0.05% UP:37.5% SPREAD:0.11507479% BID:0.1738 ASK:0.174 MID:0.1739 P1:0.1739 P2:0.1738 P3:0.1739 P4:0.17385 STATE:IDLE
[2026-06-03 01:01:47Z] CHK MOM:0% RANGE:0.05% UP:37.5% SPREAD:0.11507479% BID:0.1738 ASK:0.174 MID:0.1739 P1:0.1739 P2:0.1738 P3:0.1739 P4:0.17385 STATE:IDLE
[2026-06-03 01:01:48Z] CHK MOM:0% RANGE:0.05% UP:37.5% SPREAD:0.11514104% BID:0.1737 ASK:0.1739 MID:0.1738 P1:0.1738 P2:0.1739 P3:0.1738 P4:0.1739 STATE:IDLE
[2026-06-03 01:01:48Z] CHK MOM:0% RANGE:0.05% UP:37.5% SPREAD:0.11514104% BID:0.1737 ASK:0.1739 MID:0.1738 P1:0.1738 P2:0.1739 P3:0.1738 P4:0.1739 STATE:IDLE
[2026-06-03 01:01:49Z] CHK MOM:-0.02% RANGE:0.05% UP:28.57% SPREAD:0.11514104% BID:0.1737 ASK:0.1739 MID:0.1738 P1:0.1738 P2:0.1738 P3:0.1739 P4:0.1738 STATE:IDLE
[2026-06-03 01:01:50Z] CHK MOM:-0.02% RANGE:0.05% UP:28.57% SPREAD:0.11514104% BID:0.1737 ASK:0.1739 MID:0.1738 P1:0.1738 P2:0.1738 P3:0.1739 P4:0.1738 STATE:IDLE
[2026-06-03 01:01:50Z] CHK MOM:-0.02% RANGE:0.05% UP:28.57% SPREAD:0.11514104% BID:0.1737 ASK:0.1739 MID:0.1738 P1:0.1738 P2:0.1738 P3:0.1739 P4:0.1738 STATE:IDLE
[2026-06-03 01:01:51Z] CHK MOM:-0.02% RANGE:0.05% UP:28.57% SPREAD:0.11514104% BID:0.1737 ASK:0.1739 MID:0.1738 P1:0.1738 P2:0.1738 P3:0.1739 P4:0.1738 STATE:IDLE
[2026-06-03 01:01:51Z] CHK MOM:-0.02% RANGE:0.05% UP:28.57% SPREAD:0.11514104% BID:0.1737 ASK:0.1739 MID:0.1738 P1:0.1738 P2:0.1738 P3:0.1739 P4:0.1738 STATE:IDLE
[2026-06-03 01:01:52Z] CHK MOM:-0.05% RANGE:0.05% UP:20% SPREAD:0.11514104% BID:0.1737 ASK:0.1739 MID:0.1738 P1:0.1738 P2:0.1738 P3:0.1738 P4:0.1739 STATE:IDLE
[2026-06-03 01:01:52Z] CHK MOM:-0.05% RANGE:0.05% UP:20% SPREAD:0.11514104% BID:0.1737 ASK:0.1739 MID:0.1738 P1:0.1738 P2:0.1738 P3:0.1738 P4:0.1739 STATE:IDLE
[2026-06-03 01:01:53Z] CHK MOM:-0.05% RANGE:0.05% UP:20% SPREAD:0.11514104% BID:0.1737 ASK:0.1739 MID:0.1738 P1:0.1738 P2:0.1738 P3:0.1738 P4:0.1739 STATE:IDLE
[2026-06-03 01:01:53Z] CHK MOM:-0.05% RANGE:0.05% UP:20% SPREAD:0.11514104% BID:0.1737 ASK:0.1739 MID:0.1738 P1:0.1738 P2:0.1738 P3:0.1738 P4:0.1739 STATE:IDLE
[2026-06-03 01:01:54Z] CHK MOM:-0.05% RANGE:0.05% UP:20% SPREAD:0.11514104% BID:0.1737 ASK:0.1739 MID:0.1738 P1:0.1738 P2:0.1738 P3:0.1738 P4:0.1739 STATE:IDLE
[2026-06-03 01:01:55Z] CHK MOM:0.11% RANGE:0.11% UP:40% SPREAD:0.11500862% BID:0.1739 ASK:0.1741 MID:0.174 P1:0.174 P2:0.1738 P3:0.1738 P4:0.1738 STATE:IDLE
[2026-06-03 01:01:55Z] CHK MOM:0.11% RANGE:0.11% UP:40% SPREAD:0.11500862% BID:0.1739 ASK:0.1741 MID:0.174 P1:0.174 P2:0.1738 P3:0.1738 P4:0.1738 STATE:IDLE
[2026-06-03 01:01:56Z] CHK MOM:0.05% RANGE:0.11% UP:20% SPREAD:0.11500862% BID:0.1739 ASK:0.1741 MID:0.174 P1:0.174 P2:0.174 P3:0.1738 P4:0.1738 STATE:IDLE
[2026-06-03 01:01:56Z] CHK MOM:0.05% RANGE:0.11% UP:20% SPREAD:0.11500862% BID:0.1739 ASK:0.1741 MID:0.174 P1:0.174 P2:0.174 P3:0.1738 P4:0.1738 STATE:IDLE
[2026-06-03 01:01:57Z] CHK MOM:0.11% RANGE:0.11% UP:20% SPREAD:0.11500862% BID:0.1739 ASK:0.1741 MID:0.174 P1:0.174 P2:0.174 P3:0.174 P4:0.1738 STATE:IDLE
[2026-06-03 01:01:57Z] CHK MOM:0.11% RANGE:0.11% UP:20% SPREAD:0.11500862% BID:0.1739 ASK:0.1741 MID:0.174 P1:0.174 P2:0.174 P3:0.174 P4:0.1738 STATE:IDLE
[2026-06-03 01:01:58Z] CHK MOM:0.11% RANGE:0.11% UP:20% SPREAD:0.11500862% BID:0.1739 ASK:0.1741 MID:0.174 P1:0.174 P2:0.174 P3:0.174 P4:0.1738 STATE:IDLE
[2026-06-03 01:01:58Z] CHK MOM:0.11% RANGE:0.11% UP:16.66% SPREAD:0.11500862% BID:0.1739 ASK:0.1741 MID:0.174 P1:0.174 P2:0.174 P3:0.174 P4:0.174 STATE:IDLE
[2026-06-03 01:01:59Z] CHK MOM:0.11% RANGE:0.11% UP:16.66% SPREAD:0.11500862% BID:0.1739 ASK:0.1741 MID:0.174 P1:0.174 P2:0.174 P3:0.174 P4:0.174 STATE:IDLE
[2026-06-03 01:01:59Z] CHK MOM:0.11% RANGE:0.11% UP:16.66% SPREAD:0.11500862% BID:0.1739 ASK:0.1741 MID:0.174 P1:0.174 P2:0.174 P3:0.174 P4:0.174 STATE:IDLE
[2026-06-03 01:02:00Z] CHK MOM:0.11% RANGE:0.11% UP:16.66% SPREAD:0.11500862% BID:0.1739 ASK:0.1741 MID:0.174 P1:0.174 P2:0.174 P3:0.174 P4:0.174 STATE:IDLE
[2026-06-03 01:02:01Z] CHK MOM:0.14% RANGE:0.14% UP:33.33% SPREAD:0.05747126% BID:0.174 ASK:0.1741 MID:0.17404999 P1:0.17404999 P2:0.174 P3:0.174 P4:0.174 STATE:IDLE
[2026-06-03 01:02:01Z] CHK MOM:0.11% RANGE:0.14% UP:33.33% SPREAD:0.11500862% BID:0.1739 ASK:0.1741 MID:0.174 P1:0.174 P2:0.17404999 P3:0.174 P4:0.174 STATE:IDLE
[2026-06-03 01:02:02Z] CHK MOM:0.11% RANGE:0.14% UP:28.57% SPREAD:0.11500862% BID:0.1739 ASK:0.1741 MID:0.174 P1:0.174 P2:0.174 P3:0.17404999 P4:0.174 STATE:IDLE
[2026-06-03 01:02:02Z] CHK MOM:0.08% RANGE:0.14% UP:25% SPREAD:0.17261219% BID:0.1738 ASK:0.1741 MID:0.17395 P1:0.17395 P2:0.174 P3:0.174 P4:0.17404999 STATE:IDLE
[2026-06-03 01:02:03Z] CHK MOM:0.11% RANGE:0.14% UP:33.33% SPREAD:0.11500862% BID:0.1739 ASK:0.1741 MID:0.174 P1:0.174 P2:0.17395 P3:0.174 P4:0.174 STATE:IDLE
[2026-06-03 01:02:03Z] CHK MOM:0.11% RANGE:0.14% UP:30% SPREAD:0.11500862% BID:0.1739 ASK:0.1741 MID:0.174 P1:0.174 P2:0.174 P3:0.17395 P4:0.174 STATE:IDLE
[2026-06-03 01:02:04Z] CHK MOM:0.11% RANGE:0.14% UP:30% SPREAD:0.11500862% BID:0.1739 ASK:0.1741 MID:0.174 P1:0.174 P2:0.174 P3:0.17395 P4:0.174 STATE:IDLE
[2026-06-03 01:02:04Z] CHK MOM:0.11% RANGE:0.14% UP:30% SPREAD:0.11500862% BID:0.1739 ASK:0.1741 MID:0.174 P1:0.174 P2:0.174 P3:0.17395 P4:0.174 STATE:IDLE
[2026-06-03 01:02:05Z] CHK MOM:0.02% RANGE:0.05% UP:30% SPREAD:0.05747126% BID:0.174 ASK:0.1741 MID:0.17404999 P1:0.17404999 P2:0.174 P3:0.174 P4:0.17395 STATE:IDLE
[2026-06-03 01:02:06Z] CHK MOM:0.05% RANGE:0.08% UP:36.36% SPREAD:0.11494252% BID:0.174 ASK:0.1742 MID:0.17409999 P1:0.17409999 P2:0.17404999 P3:0.174 P4:0.174 STATE:IDLE
[2026-06-03 01:02:06Z] CHK MOM:0.05% RANGE:0.08% UP:36.36% SPREAD:0.11494252% BID:0.174 ASK:0.1742 MID:0.17409999 P1:0.17409999 P2:0.17404999 P3:0.174 P4:0.174 STATE:IDLE
[2026-06-03 01:02:07Z] CHK MOM:0.17% RANGE:0.2% UP:45.45% SPREAD:0.11481056% BID:0.1742 ASK:0.1744 MID:0.1743 P1:0.1743 P2:0.17409999 P3:0.17404999 P4:0.174 STATE:IDLE
[2026-06-03 01:02:07Z] CHK MOM:0.14% RANGE:0.2% UP:41.66% SPREAD:0.17231476% BID:0.1741 ASK:0.1744 MID:0.17425 P1:0.17425 P2:0.1743 P3:0.17409999 P4:0.17404999 STATE:IDLE
[2026-06-03 01:02:08Z] CHK MOM:0.17% RANGE:0.2% UP:50% SPREAD:0.11481056% BID:0.1742 ASK:0.1744 MID:0.1743 P1:0.1743 P2:0.17425 P3:0.1743 P4:0.17409999 STATE:IDLE
[2026-06-03 01:02:08Z] CHK MOM:0.17% RANGE:0.2% UP:46.15% SPREAD:0.11481056% BID:0.1742 ASK:0.1744 MID:0.1743 P1:0.1743 P2:0.1743 P3:0.17425 P4:0.1743 STATE:IDLE
[2026-06-03 01:02:09Z] CHK MOM:0.17% RANGE:0.2% UP:46.15% SPREAD:0.11481056% BID:0.1742 ASK:0.1744 MID:0.1743 P1:0.1743 P2:0.1743 P3:0.17425 P4:0.1743 STATE:IDLE
[2026-06-03 01:02:09Z] CHK MOM:0.14% RANGE:0.2% UP:46.15% SPREAD:0.17231476% BID:0.1741 ASK:0.1744 MID:0.17425 P1:0.17425 P2:0.1743 P3:0.1743 P4:0.17425 STATE:IDLE
[2026-06-03 01:02:10Z] CHK MOM:0.17% RANGE:0.2% UP:50% SPREAD:0.11481056% BID:0.1742 ASK:0.1744 MID:0.1743 P1:0.1743 P2:0.17425 P3:0.1743 P4:0.1743 STATE:IDLE
[2026-06-03 01:02:10Z] CHK MOM:0.17% RANGE:0.22% UP:50% SPREAD:0.17221584% BID:0.1742 ASK:0.1745 MID:0.17435 P1:0.17435 P2:0.1743 P3:0.17425 P4:0.1743 STATE:IDLE
[2026-06-03 01:02:11Z] CHK MOM:0.17% RANGE:0.22% UP:50% SPREAD:0.17221584% BID:0.1742 ASK:0.1745 MID:0.17435 P1:0.17435 P2:0.1743 P3:0.17425 P4:0.1743 STATE:IDLE
[2026-06-03 01:02:12Z] CHK MOM:0.2% RANGE:0.25% UP:53.33% SPREAD:0.11474469% BID:0.1743 ASK:0.1745 MID:0.1744 P1:0.1744 P2:0.17435 P3:0.1743 P4:0.17425 STATE:IDLE
[2026-06-03 01:02:12Z] CHK MOM:0.2% RANGE:0.25% UP:53.33% SPREAD:0.11474469% BID:0.1743 ASK:0.1745 MID:0.1744 P1:0.1744 P2:0.17435 P3:0.1743 P4:0.17425 STATE:IDLE
[2026-06-03 01:02:13Z] CHK MOM:0.22% RANGE:0.25% UP:53.33% SPREAD:0.11474469% BID:0.1743 ASK:0.1745 MID:0.1744 P1:0.1744 P2:0.1744 P3:0.17435 P4:0.1743 STATE:IDLE
[2026-06-03 01:02:13Z] CHK MOM:0.22% RANGE:0.25% UP:53.33% SPREAD:0.11474469% BID:0.1743 ASK:0.1745 MID:0.1744 P1:0.1744 P2:0.1744 P3:0.17435 P4:0.1743 STATE:IDLE
[2026-06-03 01:02:14Z] CHK MOM:0.22% RANGE:0.25% UP:53.33% SPREAD:0.11474469% BID:0.1743 ASK:0.1745 MID:0.1744 P1:0.1744 P2:0.1744 P3:0.1744 P4:0.17435 STATE:IDLE
[2026-06-03 01:02:14Z] CHK MOM:0.22% RANGE:0.25% UP:53.33% SPREAD:0.11474469% BID:0.1743 ASK:0.1745 MID:0.1744 P1:0.1744 P2:0.1744 P3:0.1744 P4:0.17435 STATE:IDLE
[2026-06-03 01:02:15Z] CHK MOM:0.25% RANGE:0.25% UP:57.14% SPREAD:0.05733944% BID:0.1744 ASK:0.1745 MID:0.17445 P1:0.17445 P2:0.1744 P3:0.1744 P4:0.1744 STATE:IDLE
[2026-06-03 01:02:15Z] CHK MOM:0.25% RANGE:0.25% UP:57.14% SPREAD:0.05733944% BID:0.1744 ASK:0.1745 MID:0.17445 P1:0.17445 P2:0.1744 P3:0.1744 P4:0.1744 STATE:IDLE
[2026-06-03 01:02:16Z] CHK MOM:0.25% RANGE:0.25% UP:57.14% SPREAD:0.05733944% BID:0.1744 ASK:0.1745 MID:0.17445 P1:0.17445 P2:0.1744 P3:0.1744 P4:0.1744 STATE:IDLE
[2026-06-03 01:02:17Z] CHK MOM:0.2% RANGE:0.22% UP:53.84% SPREAD:0.11474469% BID:0.1743 ASK:0.1745 MID:0.1744 P1:0.1744 P2:0.17445 P3:0.1744 P4:0.1744 STATE:IDLE
[2026-06-03 01:02:17Z] CHK MOM:0.05% RANGE:0.11% UP:41.66% SPREAD:0.11474469% BID:0.1743 ASK:0.1745 MID:0.1744 P1:0.1744 P2:0.1744 P3:0.17445 P4:0.1744 STATE:IDLE
[2026-06-03 01:02:18Z] CHK MOM:0.05% RANGE:0.11% UP:41.66% SPREAD:0.11474469% BID:0.1743 ASK:0.1745 MID:0.1744 P1:0.1744 P2:0.1744 P3:0.17445 P4:0.1744 STATE:IDLE
[2026-06-03 01:02:18Z] CHK MOM:0.05% RANGE:0.11% UP:41.66% SPREAD:0.11474469% BID:0.1743 ASK:0.1745 MID:0.1744 P1:0.1744 P2:0.1744 P3:0.17445 P4:0.1744 STATE:IDLE
[2026-06-03 01:02:19Z] CHK MOM:0.05% RANGE:0.11% UP:41.66% SPREAD:0.11474469% BID:0.1743 ASK:0.1745 MID:0.1744 P1:0.1744 P2:0.1744 P3:0.17445 P4:0.1744 STATE:IDLE
[2026-06-03 01:02:19Z] CHK MOM:0.05% RANGE:0.11% UP:41.66% SPREAD:0.11474469% BID:0.1743 ASK:0.1745 MID:0.1744 P1:0.1744 P2:0.1744 P3:0.17445 P4:0.1744 STATE:IDLE
[2026-06-03 01:02:20Z] CHK MOM:0.05% RANGE:0.11% UP:41.66% SPREAD:0.11474469% BID:0.1743 ASK:0.1745 MID:0.1744 P1:0.1744 P2:0.1744 P3:0.17445 P4:0.1744 STATE:IDLE
[2026-06-03 01:02:20Z] CHK MOM:0.08% RANGE:0.11% UP:44.44% SPREAD:0.11474469% BID:0.1743 ASK:0.1745 MID:0.1744 P1:0.1744 P2:0.1744 P3:0.1744 P4:0.17445 STATE:IDLE
[2026-06-03 01:02:21Z] CHK MOM:0.08% RANGE:0.11% UP:40% SPREAD:0.11474469% BID:0.1743 ASK:0.1745 MID:0.1744 P1:0.1744 P2:0.1744 P3:0.1744 P4:0.1744 STATE:IDLE
[2026-06-03 01:02:21Z] CHK MOM:0.08% RANGE:0.11% UP:36.36% SPREAD:0.11474469% BID:0.1743 ASK:0.1745 MID:0.1744 P1:0.1744 P2:0.1744 P3:0.1744 P4:0.1744 STATE:IDLE
[2026-06-03 01:02:22Z] CHK MOM:0.08% RANGE:0.11% UP:36.36% SPREAD:0.11474469% BID:0.1743 ASK:0.1745 MID:0.1744 P1:0.1744 P2:0.1744 P3:0.1744 P4:0.1744 STATE:IDLE
[2026-06-03 01:02:23Z] CHK MOM:0.08% RANGE:0.11% UP:36.36% SPREAD:0.11474469% BID:0.1743 ASK:0.1745 MID:0.1744 P1:0.1744 P2:0.1744 P3:0.1744 P4:0.1744 STATE:IDLE
[2026-06-03 01:02:23Z] CHK MOM:0% RANGE:0.02% UP:11.11% SPREAD:0.11474469% BID:0.1743 ASK:0.1745 MID:0.1744 P1:0.1744 P2:0.1744 P3:0.1744 P4:0.1744 STATE:IDLE
[2026-06-03 01:02:24Z] CHK MOM:0% RANGE:0.02% UP:11.11% SPREAD:0.11474469% BID:0.1743 ASK:0.1745 MID:0.1744 P1:0.1744 P2:0.1744 P3:0.1744 P4:0.1744 STATE:IDLE
[2026-06-03 01:02:24Z] CHK MOM:-0.08% RANGE:0.11% UP:11.11% SPREAD:0.17231476% BID:0.1741 ASK:0.1744 MID:0.17425 P1:0.17425 P2:0.1744 P3:0.1744 P4:0.1744 STATE:IDLE
[2026-06-03 01:02:25Z] CHK MOM:-0.08% RANGE:0.11% UP:11.11% SPREAD:0.17231476% BID:0.1741 ASK:0.1744 MID:0.17425 P1:0.17425 P2:0.1744 P3:0.1744 P4:0.1744 STATE:IDLE
[2026-06-03 01:02:25Z] CHK MOM:-0.08% RANGE:0.11% UP:11.11% SPREAD:0.17231476% BID:0.1741 ASK:0.1744 MID:0.17425 P1:0.17425 P2:0.1744 P3:0.1744 P4:0.1744 STATE:IDLE
[2026-06-03 01:02:26Z] CHK MOM:-0.08% RANGE:0.11% UP:11.11% SPREAD:0.17231476% BID:0.1741 ASK:0.1744 MID:0.17425 P1:0.17425 P2:0.1744 P3:0.1744 P4:0.1744 STATE:IDLE
[2026-06-03 01:02:26Z] CHK MOM:-0.08% RANGE:0.11% UP:11.11% SPREAD:0.17231476% BID:0.1741 ASK:0.1744 MID:0.17425 P1:0.17425 P2:0.1744 P3:0.1744 P4:0.1744 STATE:IDLE
[2026-06-03 01:02:27Z] CHK MOM:-0.11% RANGE:0.11% UP:0% SPREAD:0.1148765% BID:0.1741 ASK:0.1743 MID:0.1742 P1:0.1742 P2:0.17425 P3:0.1744 P4:0.1744 STATE:IDLE
[2026-06-03 01:02:28Z] CHK MOM:-0.11% RANGE:0.11% UP:0% SPREAD:0.1148765% BID:0.1741 ASK:0.1743 MID:0.1742 P1:0.1742 P2:0.1742 P3:0.17425 P4:0.1744 STATE:IDLE
[2026-06-03 01:02:29Z] CHK MOM:-0.11% RANGE:0.11% UP:0% SPREAD:0.1148765% BID:0.1741 ASK:0.1743 MID:0.1742 P1:0.1742 P2:0.1742 P3:0.1742 P4:0.17425 STATE:IDLE
[2026-06-03 01:02:29Z] CHK MOM:-0.17% RANGE:0.17% UP:0% SPREAD:0.11494252% BID:0.174 ASK:0.1742 MID:0.17409999 P1:0.17409999 P2:0.1742 P3:0.1742 P4:0.1742 STATE:IDLE
[2026-06-03 01:02:30Z] CHK MOM:-0.17% RANGE:0.17% UP:0% SPREAD:0.11494252% BID:0.174 ASK:0.1742 MID:0.17409999 P1:0.17409999 P2:0.1742 P3:0.1742 P4:0.1742 STATE:IDLE
[2026-06-03 01:02:30Z] CHK MOM:-0.2% RANGE:0.2% UP:0% SPREAD:0.05747126% BID:0.174 ASK:0.1741 MID:0.17404999 P1:0.17404999 P2:0.17409999 P3:0.1742 P4:0.1742 STATE:IDLE
[2026-06-03 01:02:31Z] CHK MOM:-0.2% RANGE:0.2% UP:0% SPREAD:0.05747126% BID:0.174 ASK:0.1741 MID:0.17404999 P1:0.17404999 P2:0.17409999 P3:0.1742 P4:0.1742 STATE:IDLE
[2026-06-03 01:02:31Z] CHK MOM:-0.2% RANGE:0.2% UP:0% SPREAD:0.05747126% BID:0.174 ASK:0.1741 MID:0.17404999 P1:0.17404999 P2:0.17409999 P3:0.1742 P4:0.1742 STATE:IDLE
[2026-06-03 01:02:32Z] CHK MOM:-0.22% RANGE:0.22% UP:0% SPREAD:0.11500862% BID:0.1739 ASK:0.1741 MID:0.174 P1:0.174 P2:0.17404999 P3:0.17409999 P4:0.1742 STATE:IDLE
[2026-06-03 01:02:32Z] CHK MOM:-0.22% RANGE:0.22% UP:0% SPREAD:0.11500862% BID:0.1739 ASK:0.1741 MID:0.174 P1:0.174 P2:0.17404999 P3:0.17409999 P4:0.1742 STATE:IDLE
[2026-06-03 01:02:34Z] CHK MOM:-0.22% RANGE:0.22% UP:0% SPREAD:0.11500862% BID:0.1739 ASK:0.1741 MID:0.174 P1:0.174 P2:0.17404999 P3:0.17409999 P4:0.1742 STATE:IDLE
[2026-06-03 01:02:34Z] CHK MOM:-0.28% RANGE:0.28% UP:0% SPREAD:0.11507479% BID:0.1738 ASK:0.174 MID:0.1739 P1:0.1739 P2:0.174 P3:0.17404999 P4:0.17409999 STATE:IDLE
[2026-06-03 01:02:35Z] CHK MOM:-0.28% RANGE:0.28% UP:0% SPREAD:0.11507479% BID:0.1738 ASK:0.174 MID:0.1739 P1:0.1739 P2:0.174 P3:0.17404999 P4:0.17409999 STATE:IDLE
[2026-06-03 01:02:35Z] CHK MOM:-0.2% RANGE:0.2% UP:0% SPREAD:0.11507479% BID:0.1738 ASK:0.174 MID:0.1739 P1:0.1739 P2:0.1739 P3:0.174 P4:0.17404999 STATE:IDLE
[2026-06-03 01:02:36Z] CHK MOM:-0.2% RANGE:0.2% UP:0% SPREAD:0.11507479% BID:0.1738 ASK:0.174 MID:0.1739 P1:0.1739 P2:0.1739 P3:0.1739 P4:0.174 STATE:IDLE
[2026-06-03 01:02:36Z] CHK MOM:-0.2% RANGE:0.2% UP:0% SPREAD:0.11507479% BID:0.1738 ASK:0.174 MID:0.1739 P1:0.1739 P2:0.1739 P3:0.1739 P4:0.174 STATE:IDLE
[2026-06-03 01:02:37Z] CHK MOM:-0.2% RANGE:0.2% UP:0% SPREAD:0.11507479% BID:0.1738 ASK:0.174 MID:0.1739 P1:0.1739 P2:0.1739 P3:0.1739 P4:0.174 STATE:IDLE
[2026-06-03 01:02:37Z] CHK MOM:-0.2% RANGE:0.2% UP:0% SPREAD:0.11507479% BID:0.1738 ASK:0.174 MID:0.1739 P1:0.1739 P2:0.1739 P3:0.1739 P4:0.174 STATE:IDLE
[2026-06-03 01:02:38Z] CHK MOM:-0.22% RANGE:0.23% UP:0% SPREAD:0.11514104% BID:0.1737 ASK:0.1739 MID:0.1738 P1:0.1738 P2:0.1739 P3:0.1739 P4:0.1739 STATE:IDLE
[2026-06-03 01:02:39Z] CHK MOM:-0.22% RANGE:0.23% UP:0% SPREAD:0.11514104% BID:0.1737 ASK:0.1739 MID:0.1738 P1:0.1738 P2:0.1739 P3:0.1739 P4:0.1739 STATE:IDLE
[2026-06-03 01:02:39Z] CHK MOM:-0.22% RANGE:0.23% UP:0% SPREAD:0.11514104% BID:0.1737 ASK:0.1739 MID:0.1738 P1:0.1738 P2:0.1739 P3:0.1739 P4:0.1739 STATE:IDLE
[2026-06-03 01:02:40Z] CHK MOM:-0.22% RANGE:0.23% UP:0% SPREAD:0.11514104% BID:0.1737 ASK:0.1739 MID:0.1738 P1:0.1738 P2:0.1739 P3:0.1739 P4:0.1739 STATE:IDLE
[2026-06-03 01:02:40Z] CHK MOM:-0.25% RANGE:0.25% UP:0% SPREAD:0.05757052% BID:0.1737 ASK:0.1738 MID:0.17375 P1:0.17375 P2:0.1738 P3:0.1739 P4:0.1739 STATE:IDLE
[2026-06-03 01:02:41Z] CHK MOM:-0.25% RANGE:0.25% UP:0% SPREAD:0.05757052% BID:0.1737 ASK:0.1738 MID:0.17375 P1:0.17375 P2:0.1738 P3:0.1739 P4:0.1739 STATE:IDLE
[2026-06-03 01:02:41Z] CHK MOM:-0.25% RANGE:0.25% UP:0% SPREAD:0.05757052% BID:0.1737 ASK:0.1738 MID:0.17375 P1:0.17375 P2:0.1738 P3:0.1739 P4:0.1739 STATE:IDLE
[2026-06-03 01:02:42Z] CHK MOM:-0.25% RANGE:0.25% UP:0% SPREAD:0.05757052% BID:0.1737 ASK:0.1738 MID:0.17375 P1:0.17375 P2:0.1738 P3:0.1739 P4:0.1739 STATE:IDLE
[2026-06-03 01:02:42Z] CHK MOM:-0.25% RANGE:0.25% UP:0% SPREAD:0.05757052% BID:0.1737 ASK:0.1738 MID:0.17375 P1:0.17375 P2:0.1738 P3:0.1739 P4:0.1739 STATE:IDLE
[2026-06-03 01:02:43Z] CHK MOM:-0.25% RANGE:0.25% UP:0% SPREAD:0.05757052% BID:0.1737 ASK:0.1738 MID:0.17375 P1:0.17375 P2:0.1738 P3:0.1739 P4:0.1739 STATE:IDLE
[2026-06-03 01:02:43Z] CHK MOM:-0.17% RANGE:0.17% UP:0% SPREAD:0.11520737% BID:0.1736 ASK:0.1738 MID:0.1737 P1:0.1737 P2:0.17375 P3:0.1738 P4:0.1739 STATE:IDLE
[2026-06-03 01:02:44Z] CHK MOM:-0.17% RANGE:0.17% UP:0% SPREAD:0.11520737% BID:0.1736 ASK:0.1738 MID:0.1737 P1:0.1737 P2:0.1737 P3:0.17375 P4:0.1738 STATE:IDLE
[2026-06-03 01:02:44Z] CHK MOM:-0.08% RANGE:0.11% UP:14.28% SPREAD:0.17281105% BID:0.1736 ASK:0.1739 MID:0.17375 P1:0.17375 P2:0.1737 P3:0.1737 P4:0.17375 STATE:IDLE
[2026-06-03 01:02:45Z] CHK MOM:-0.11% RANGE:0.11% UP:14.28% SPREAD:0.11520737% BID:0.1736 ASK:0.1738 MID:0.1737 P1:0.1737 P2:0.17375 P3:0.1737 P4:0.1737 STATE:IDLE
[2026-06-03 01:02:45Z] CHK MOM:-0.11% RANGE:0.11% UP:14.28% SPREAD:0.11520737% BID:0.1736 ASK:0.1738 MID:0.1737 P1:0.1737 P2:0.17375 P3:0.1737 P4:0.1737 STATE:IDLE
[2026-06-03 01:02:46Z] CHK MOM:-0.11% RANGE:0.11% UP:14.28% SPREAD:0.11520737% BID:0.1736 ASK:0.1738 MID:0.1737 P1:0.1737 P2:0.17375 P3:0.1737 P4:0.1737 STATE:IDLE
[2026-06-03 01:02:46Z] CHK MOM:-0.11% RANGE:0.11% UP:14.28% SPREAD:0.11520737% BID:0.1736 ASK:0.1738 MID:0.1737 P1:0.1737 P2:0.17375 P3:0.1737 P4:0.1737 STATE:IDLE
[2026-06-03 01:02:47Z] CHK MOM:-0.11% RANGE:0.11% UP:14.28% SPREAD:0.11520737% BID:0.1736 ASK:0.1738 MID:0.1737 P1:0.1737 P2:0.17375 P3:0.1737 P4:0.1737 STATE:IDLE
[2026-06-03 01:02:48Z] CHK MOM:-0.11% RANGE:0.11% UP:14.28% SPREAD:0.11520737% BID:0.1736 ASK:0.1738 MID:0.1737 P1:0.1737 P2:0.17375 P3:0.1737 P4:0.1737 STATE:IDLE
[2026-06-03 01:02:48Z] CHK MOM:-0.05% RANGE:0.05% UP:16.66% SPREAD:0.11520737% BID:0.1736 ASK:0.1738 MID:0.1737 P1:0.1737 P2:0.1737 P3:0.17375 P4:0.1737 STATE:IDLE
[2026-06-03 01:02:49Z] CHK MOM:-0.05% RANGE:0.05% UP:14.28% SPREAD:0.11520737% BID:0.1736 ASK:0.1738 MID:0.1737 P1:0.1737 P2:0.1737 P3:0.1737 P4:0.17375 STATE:IDLE
[2026-06-03 01:02:49Z] CHK MOM:-0.05% RANGE:0.05% UP:14.28% SPREAD:0.11520737% BID:0.1736 ASK:0.1738 MID:0.1737 P1:0.1737 P2:0.1737 P3:0.1737 P4:0.17375 STATE:IDLE
[2026-06-03 01:02:50Z] CHK MOM:-0.02% RANGE:0.02% UP:14.28% SPREAD:0.11520737% BID:0.1736 ASK:0.1738 MID:0.1737 P1:0.1737 P2:0.1737 P3:0.1737 P4:0.1737 STATE:IDLE
[2026-06-03 01:02:50Z] CHK MOM:-0.02% RANGE:0.02% UP:14.28% SPREAD:0.11520737% BID:0.1736 ASK:0.1738 MID:0.1737 P1:0.1737 P2:0.1737 P3:0.1737 P4:0.1737 STATE:IDLE
[2026-06-03 01:02:51Z] CHK MOM:-0.02% RANGE:0.02% UP:14.28% SPREAD:0.11520737% BID:0.1736 ASK:0.1738 MID:0.1737 P1:0.1737 P2:0.1737 P3:0.1737 P4:0.1737 STATE:IDLE
[2026-06-03 01:02:51Z] CHK MOM:-0.02% RANGE:0.02% UP:14.28% SPREAD:0.11520737% BID:0.1736 ASK:0.1738 MID:0.1737 P1:0.1737 P2:0.1737 P3:0.1737 P4:0.1737 STATE:IDLE
[2026-06-03 01:02:52Z] CHK MOM:-0.02% RANGE:0.02% UP:12.5% SPREAD:0.11520737% BID:0.1736 ASK:0.1738 MID:0.1737 P1:0.1737 P2:0.1737 P3:0.1737 P4:0.1737 STATE:IDLE
[2026-06-03 01:02:52Z] CHK MOM:-0.02% RANGE:0.02% UP:12.5% SPREAD:0.11520737% BID:0.1736 ASK:0.1738 MID:0.1737 P1:0.1737 P2:0.1737 P3:0.1737 P4:0.1737 STATE:IDLE
[2026-06-03 01:02:53Z] CHK MOM:-0.02% RANGE:0.02% UP:12.5% SPREAD:0.11520737% BID:0.1736 ASK:0.1738 MID:0.1737 P1:0.1737 P2:0.1737 P3:0.1737 P4:0.1737 STATE:IDLE
[2026-06-03 01:02:53Z] CHK MOM:-0.02% RANGE:0.02% UP:12.5% SPREAD:0.11520737% BID:0.1736 ASK:0.1738 MID:0.1737 P1:0.1737 P2:0.1737 P3:0.1737 P4:0.1737 STATE:IDLE
[2026-06-03 01:02:54Z] CHK MOM:-0.02% RANGE:0.02% UP:12.5% SPREAD:0.11520737% BID:0.1736 ASK:0.1738 MID:0.1737 P1:0.1737 P2:0.1737 P3:0.1737 P4:0.1737 STATE:IDLE
[2026-06-03 01:02:55Z] CHK MOM:-0.02% RANGE:0.02% UP:12.5% SPREAD:0.11520737% BID:0.1736 ASK:0.1738 MID:0.1737 P1:0.1737 P2:0.1737 P3:0.1737 P4:0.1737 STATE:IDLE
[2026-06-03 01:02:56Z] CHK MOM:-0.02% RANGE:0.02% UP:0% SPREAD:0.11520737% BID:0.1736 ASK:0.1738 MID:0.1737 P1:0.1737 P2:0.1737 P3:0.1737 P4:0.1737 STATE:IDLE
[2026-06-03 01:02:57Z] CHK MOM:-0.02% RANGE:0.02% UP:0% SPREAD:0.11520737% BID:0.1736 ASK:0.1738 MID:0.1737 P1:0.1737 P2:0.1737 P3:0.1737 P4:0.1737 STATE:IDLE
[2026-06-03 01:02:57Z] CHK MOM:-0.02% RANGE:0.02% UP:0% SPREAD:0.11520737% BID:0.1736 ASK:0.1738 MID:0.1737 P1:0.1737 P2:0.1737 P3:0.1737 P4:0.1737 STATE:IDLE
[2026-06-03 01:02:58Z] CHK MOM:-0.02% RANGE:0.02% UP:0% SPREAD:0.11520737% BID:0.1736 ASK:0.1738 MID:0.1737 P1:0.1737 P2:0.1737 P3:0.1737 P4:0.1737 STATE:IDLE
[2026-06-03 01:02:58Z] CHK MOM:-0.02% RANGE:0.02% UP:0% SPREAD:0.11520737% BID:0.1736 ASK:0.1738 MID:0.1737 P1:0.1737 P2:0.1737 P3:0.1737 P4:0.1737 STATE:IDLE
[2026-06-03 01:02:59Z] CHK MOM:-0.02% RANGE:0.02% UP:0% SPREAD:0.11520737% BID:0.1736 ASK:0.1738 MID:0.1737 P1:0.1737 P2:0.1737 P3:0.1737 P4:0.1737 STATE:IDLE
[2026-06-03 01:03:01Z] CHK MOM:-0.02% RANGE:0.02% UP:0% SPREAD:0.05760368% BID:0.1736 ASK:0.1737 MID:0.17365 P1:0.17365 P2:0.1737 P3:0.1737 P4:0.1737 STATE:IDLE
[2026-06-03 01:03:02Z] CHK MOM:-0.11% RANGE:0.11% UP:0% SPREAD:0.11534025% BID:0.1734 ASK:0.1736 MID:0.1735 P1:0.1735 P2:0.17365 P3:0.1737 P4:0.1737 STATE:IDLE
[2026-06-03 01:03:02Z] CHK MOM:-0.11% RANGE:0.11% UP:0% SPREAD:0.11534025% BID:0.1734 ASK:0.1736 MID:0.1735 P1:0.1735 P2:0.17365 P3:0.1737 P4:0.1737 STATE:IDLE
[2026-06-03 01:03:03Z] CHK MOM:-0.11% RANGE:0.11% UP:0% SPREAD:0.11534025% BID:0.1734 ASK:0.1736 MID:0.1735 P1:0.1735 P2:0.17365 P3:0.1737 P4:0.1737 STATE:IDLE
[2026-06-03 01:03:03Z] CHK MOM:-0.14% RANGE:0.14% UP:0% SPREAD:0.05767012% BID:0.1734 ASK:0.1735 MID:0.17345 P1:0.17345 P2:0.1735 P3:0.17365 P4:0.1737 STATE:IDLE
[2026-06-03 01:03:04Z] CHK MOM:-0.14% RANGE:0.14% UP:0% SPREAD:0.05767012% BID:0.1734 ASK:0.1735 MID:0.17345 P1:0.17345 P2:0.1735 P3:0.17365 P4:0.1737 STATE:IDLE
[2026-06-03 01:03:04Z] CHK MOM:-0.14% RANGE:0.14% UP:0% SPREAD:0.05767012% BID:0.1734 ASK:0.1735 MID:0.17345 P1:0.17345 P2:0.1735 P3:0.17365 P4:0.1737 STATE:IDLE
[2026-06-03 01:03:05Z] CHK MOM:-0.14% RANGE:0.14% UP:0% SPREAD:0.05767012% BID:0.1734 ASK:0.1735 MID:0.17345 P1:0.17345 P2:0.1735 P3:0.17365 P4:0.1737 STATE:IDLE
[2026-06-03 01:03:05Z] CHK MOM:-0.14% RANGE:0.14% UP:0% SPREAD:0.05767012% BID:0.1734 ASK:0.1735 MID:0.17345 P1:0.17345 P2:0.1735 P3:0.17365 P4:0.1737 STATE:IDLE
[2026-06-03 01:03:06Z] CHK MOM:-0.11% RANGE:0.14% UP:25% SPREAD:0.11534025% BID:0.1734 ASK:0.1736 MID:0.1735 P1:0.1735 P2:0.17345 P3:0.1735 P4:0.17365 STATE:IDLE
[2026-06-03 01:03:07Z] CHK MOM:-0.11% RANGE:0.14% UP:25% SPREAD:0.11534025% BID:0.1734 ASK:0.1736 MID:0.1735 P1:0.1735 P2:0.17345 P3:0.1735 P4:0.17365 STATE:IDLE
[2026-06-03 01:03:07Z] CHK MOM:-0.14% RANGE:0.14% UP:20% SPREAD:0.05767012% BID:0.1734 ASK:0.1735 MID:0.17345 P1:0.17345 P2:0.1735 P3:0.17345 P4:0.1735 STATE:IDLE
[2026-06-03 01:03:08Z] CHK MOM:-0.14% RANGE:0.14% UP:16.66% SPREAD:0.05767012% BID:0.1734 ASK:0.1735 MID:0.17345 P1:0.17345 P2:0.17345 P3:0.1735 P4:0.17345 STATE:IDLE
[2026-06-03 01:03:08Z] CHK MOM:-0.14% RANGE:0.14% UP:16.66% SPREAD:0.05767012% BID:0.1734 ASK:0.1735 MID:0.17345 P1:0.17345 P2:0.17345 P3:0.1735 P4:0.17345 STATE:IDLE
[2026-06-03 01:03:09Z] CHK MOM:-0.14% RANGE:0.14% UP:16.66% SPREAD:0.05767012% BID:0.1734 ASK:0.1735 MID:0.17345 P1:0.17345 P2:0.17345 P3:0.1735 P4:0.17345 STATE:IDLE
[2026-06-03 01:03:09Z] CHK MOM:-0.14% RANGE:0.14% UP:16.66% SPREAD:0.05767012% BID:0.1734 ASK:0.1735 MID:0.17345 P1:0.17345 P2:0.17345 P3:0.1735 P4:0.17345 STATE:IDLE
[2026-06-03 01:03:10Z] CHK MOM:-0.2% RANGE:0.2% UP:16.66% SPREAD:0.11547344% BID:0.1732 ASK:0.1734 MID:0.1733 P1:0.1733 P2:0.17345 P3:0.17345 P4:0.1735 STATE:IDLE
[2026-06-03 01:03:10Z] CHK MOM:-0.2% RANGE:0.2% UP:16.66% SPREAD:0.11547344% BID:0.1732 ASK:0.1734 MID:0.1733 P1:0.1733 P2:0.17345 P3:0.17345 P4:0.1735 STATE:IDLE
[2026-06-03 01:03:11Z] CHK MOM:-0.2% RANGE:0.2% UP:16.66% SPREAD:0.11547344% BID:0.1732 ASK:0.1734 MID:0.1733 P1:0.1733 P2:0.17345 P3:0.17345 P4:0.1735 STATE:IDLE
[2026-06-03 01:03:11Z] CHK MOM:-0.23% RANGE:0.23% UP:14.28% SPREAD:0.05773672% BID:0.1732 ASK:0.1733 MID:0.17325 P1:0.17325 P2:0.1733 P3:0.17345 P4:0.17345 STATE:IDLE
[2026-06-03 01:03:12Z] CHK MOM:-0.2% RANGE:0.23% UP:25% SPREAD:0.11547344% BID:0.1732 ASK:0.1734 MID:0.1733 P1:0.1733 P2:0.17325 P3:0.1733 P4:0.17345 STATE:IDLE
[2026-06-03 01:03:13Z] CHK MOM:-0.2% RANGE:0.23% UP:25% SPREAD:0.11547344% BID:0.1732 ASK:0.1734 MID:0.1733 P1:0.1733 P2:0.17325 P3:0.1733 P4:0.17345 STATE:IDLE
[2026-06-03 01:03:13Z] CHK MOM:-0.08% RANGE:0.14% UP:28.57% SPREAD:0.11547344% BID:0.1732 ASK:0.1734 MID:0.1733 P1:0.1733 P2:0.1733 P3:0.17325 P4:0.1733 STATE:IDLE
[2026-06-03 01:03:14Z] CHK MOM:-0.08% RANGE:0.14% UP:25% SPREAD:0.11547344% BID:0.1732 ASK:0.1734 MID:0.1733 P1:0.1733 P2:0.1733 P3:0.1733 P4:0.17325 STATE:IDLE
[2026-06-03 01:03:14Z] CHK MOM:-0.08% RANGE:0.14% UP:25% SPREAD:0.11547344% BID:0.1732 ASK:0.1734 MID:0.1733 P1:0.1733 P2:0.1733 P3:0.1733 P4:0.17325 STATE:IDLE
[2026-06-03 01:03:15Z] CHK MOM:-0.08% RANGE:0.14% UP:25% SPREAD:0.11547344% BID:0.1732 ASK:0.1734 MID:0.1733 P1:0.1733 P2:0.1733 P3:0.1733 P4:0.17325 STATE:IDLE
[2026-06-03 01:03:15Z] CHK MOM:-0.08% RANGE:0.14% UP:25% SPREAD:0.11547344% BID:0.1732 ASK:0.1734 MID:0.1733 P1:0.1733 P2:0.1733 P3:0.1733 P4:0.17325 STATE:IDLE
[2026-06-03 01:03:16Z] CHK MOM:-0.11% RANGE:0.14% UP:12.5% SPREAD:0.11547344% BID:0.1732 ASK:0.1734 MID:0.1733 P1:0.1733 P2:0.1733 P3:0.1733 P4:0.1733 STATE:IDLE
[2026-06-03 01:03:16Z] CHK MOM:-0.11% RANGE:0.14% UP:12.5% SPREAD:0.11547344% BID:0.1732 ASK:0.1734 MID:0.1733 P1:0.1733 P2:0.1733 P3:0.1733 P4:0.1733 STATE:IDLE
[2026-06-03 01:03:17Z] CHK MOM:-0.11% RANGE:0.14% UP:12.5% SPREAD:0.11547344% BID:0.1732 ASK:0.1734 MID:0.1733 P1:0.1733 P2:0.1733 P3:0.1733 P4:0.1733 STATE:IDLE
[2026-06-03 01:03:18Z] CHK MOM:-0.11% RANGE:0.14% UP:12.5% SPREAD:0.11547344% BID:0.1732 ASK:0.1734 MID:0.1733 P1:0.1733 P2:0.1733 P3:0.1733 P4:0.1733 STATE:IDLE
[2026-06-03 01:03:18Z] CHK MOM:-0.11% RANGE:0.14% UP:12.5% SPREAD:0.11547344% BID:0.1732 ASK:0.1734 MID:0.1733 P1:0.1733 P2:0.1733 P3:0.1733 P4:0.1733 STATE:IDLE
[2026-06-03 01:03:20Z] CHK MOM:-0.08% RANGE:0.11% UP:14.28% SPREAD:0.11547344% BID:0.1732 ASK:0.1734 MID:0.1733 P1:0.1733 P2:0.1733 P3:0.1733 P4:0.1733 STATE:IDLE
[2026-06-03 01:03:20Z] CHK MOM:-0.08% RANGE:0.11% UP:14.28% SPREAD:0.11547344% BID:0.1732 ASK:0.1734 MID:0.1733 P1:0.1733 P2:0.1733 P3:0.1733 P4:0.1733 STATE:IDLE
[2026-06-03 01:03:21Z] CHK MOM:-0.08% RANGE:0.11% UP:14.28% SPREAD:0.11547344% BID:0.1732 ASK:0.1734 MID:0.1733 P1:0.1733 P2:0.1733 P3:0.1733 P4:0.1733 STATE:IDLE
[2026-06-03 01:03:21Z] CHK MOM:-0.08% RANGE:0.11% UP:14.28% SPREAD:0.11547344% BID:0.1732 ASK:0.1734 MID:0.1733 P1:0.1733 P2:0.1733 P3:0.1733 P4:0.1733 STATE:IDLE
[2026-06-03 01:03:22Z] CHK MOM:0.05% RANGE:0.08% UP:28.57% SPREAD:0.1154068% BID:0.1733 ASK:0.1735 MID:0.1734 P1:0.1734 P2:0.1733 P3:0.1733 P4:0.1733 STATE:IDLE
[2026-06-03 01:03:22Z] CHK MOM:0.11% RANGE:0.11% UP:42.85% SPREAD:0.17311021% BID:0.1733 ASK:0.1736 MID:0.17345 P1:0.17345 P2:0.1734 P3:0.1733 P4:0.1733 STATE:IDLE
[2026-06-03 01:03:23Z] CHK MOM:0.14% RANGE:0.14% UP:50% SPREAD:0.11534025% BID:0.1734 ASK:0.1736 MID:0.1735 P1:0.1735 P2:0.17345 P3:0.1734 P4:0.1733 STATE:IDLE
[2026-06-03 01:03:24Z] CHK MOM:0.23% RANGE:0.23% UP:57.14% SPREAD:0.11520737% BID:0.1736 ASK:0.1738 MID:0.1737 P1:0.1737 P2:0.1735 P3:0.17345 P4:0.1734 STATE:IDLE
[2026-06-03 01:03:24Z] CHK MOM:0.23% RANGE:0.23% UP:50% SPREAD:0.11520737% BID:0.1736 ASK:0.1738 MID:0.1737 P1:0.1737 P2:0.1737 P3:0.1735 P4:0.17345 STATE:IDLE
[2026-06-03 01:03:25Z] CHK MOM:0.23% RANGE:0.23% UP:44.44% SPREAD:0.11520737% BID:0.1736 ASK:0.1738 MID:0.1737 P1:0.1737 P2:0.1737 P3:0.1737 P4:0.1735 STATE:IDLE
[2026-06-03 01:03:25Z] CHK MOM:0.28% RANGE:0.28% UP:50% SPREAD:0.11514104% BID:0.1737 ASK:0.1739 MID:0.1738 P1:0.1738 P2:0.1737 P3:0.1737 P4:0.1737 STATE:IDLE
[2026-06-03 01:03:26Z] CHK MOM:0.34% RANGE:0.34% UP:60% SPREAD:0.11507479% BID:0.1738 ASK:0.174 MID:0.1739 P1:0.1739 P2:0.1738 P3:0.1737 P4:0.1737 STATE:IDLE
[2026-06-03 01:03:26Z] CHK MOM:0.34% RANGE:0.34% UP:60% SPREAD:0.11507479% BID:0.1738 ASK:0.174 MID:0.1739 P1:0.1739 P2:0.1738 P3:0.1737 P4:0.1737 STATE:IDLE
[2026-06-03 01:03:27Z] CHK MOM:0.25% RANGE:0.34% UP:60% SPREAD:0.17281105% BID:0.1736 ASK:0.1739 MID:0.17375 P1:0.17375 P2:0.1739 P3:0.1738 P4:0.1737 STATE:IDLE
[2026-06-03 01:03:27Z] CHK MOM:0.23% RANGE:0.34% UP:54.54% SPREAD:0.11520737% BID:0.1736 ASK:0.1738 MID:0.1737 P1:0.1737 P2:0.17375 P3:0.1739 P4:0.1738 STATE:IDLE
[2026-06-03 01:03:28Z] CHK MOM:0.23% RANGE:0.34% UP:54.54% SPREAD:0.11520737% BID:0.1736 ASK:0.1738 MID:0.1737 P1:0.1737 P2:0.17375 P3:0.1739 P4:0.1738 STATE:IDLE
[2026-06-03 01:03:29Z] CHK MOM:0.23% RANGE:0.34% UP:54.54% SPREAD:0.11520737% BID:0.1736 ASK:0.1738 MID:0.1737 P1:0.1737 P2:0.17375 P3:0.1739 P4:0.1738 STATE:IDLE
[2026-06-03 01:03:29Z] CHK MOM:0.23% RANGE:0.34% UP:54.54% SPREAD:0.11520737% BID:0.1736 ASK:0.1738 MID:0.1737 P1:0.1737 P2:0.17375 P3:0.1739 P4:0.1738 STATE:IDLE
[2026-06-03 01:03:30Z] CHK MOM:0.23% RANGE:0.34% UP:54.54% SPREAD:0.11520737% BID:0.1736 ASK:0.1738 MID:0.1737 P1:0.1737 P2:0.17375 P3:0.1739 P4:0.1738 STATE:IDLE
[2026-06-03 01:03:32Z] CHK MOM:0.17% RANGE:0.28% UP:50% SPREAD:0.11520737% BID:0.1736 ASK:0.1738 MID:0.1737 P1:0.1737 P2:0.1737 P3:0.17375 P4:0.1739 STATE:IDLE
[2026-06-03 01:03:32Z] CHK MOM:0.17% RANGE:0.28% UP:50% SPREAD:0.11520737% BID:0.1736 ASK:0.1738 MID:0.1737 P1:0.1737 P2:0.1737 P3:0.17375 P4:0.1739 STATE:IDLE
[2026-06-03 01:03:33Z] CHK MOM:0.17% RANGE:0.28% UP:50% SPREAD:0.11520737% BID:0.1736 ASK:0.1738 MID:0.1737 P1:0.1737 P2:0.1737 P3:0.17375 P4:0.1739 STATE:IDLE
[2026-06-03 01:03:33Z] CHK MOM:0.17% RANGE:0.28% UP:45.45% SPREAD:0.11520737% BID:0.1736 ASK:0.1738 MID:0.1737 P1:0.1737 P2:0.1737 P3:0.1737 P4:0.17375 STATE:IDLE
[2026-06-03 01:03:34Z] CHK MOM:0.17% RANGE:0.28% UP:45.45% SPREAD:0.11520737% BID:0.1736 ASK:0.1738 MID:0.1737 P1:0.1737 P2:0.1737 P3:0.1737 P4:0.17375 STATE:IDLE
[2026-06-03 01:03:35Z] CHK MOM:-0.02% RANGE:0.14% UP:22.22% SPREAD:0.17291066% BID:0.1735 ASK:0.1738 MID:0.17365 P1:0.17365 P2:0.1737 P3:0.1737 P4:0.1737 STATE:IDLE
[2026-06-03 01:03:35Z] CHK MOM:-0.02% RANGE:0.14% UP:20% SPREAD:0.17291066% BID:0.1735 ASK:0.1738 MID:0.17365 P1:0.17365 P2:0.17365 P3:0.1737 P4:0.1737 STATE:IDLE
[2026-06-03 01:03:36Z] CHK MOM:-0.02% RANGE:0.14% UP:20% SPREAD:0.17291066% BID:0.1735 ASK:0.1738 MID:0.17365 P1:0.17365 P2:0.17365 P3:0.1737 P4:0.1737 STATE:IDLE
[2026-06-03 01:03:36Z] CHK MOM:-0.02% RANGE:0.14% UP:20% SPREAD:0.17291066% BID:0.1735 ASK:0.1738 MID:0.17365 P1:0.17365 P2:0.17365 P3:0.1737 P4:0.1737 STATE:IDLE
[2026-06-03 01:03:37Z] CHK MOM:-0.02% RANGE:0.14% UP:20% SPREAD:0.17291066% BID:0.1735 ASK:0.1738 MID:0.17365 P1:0.17365 P2:0.17365 P3:0.1737 P4:0.1737 STATE:IDLE
[2026-06-03 01:03:37Z] CHK MOM:-0.17% RANGE:0.17% UP:0% SPREAD:0.11527377% BID:0.1735 ASK:0.1737 MID:0.17359999 P1:0.17359999 P2:0.17365 P3:0.17365 P4:0.1737 STATE:IDLE
[2026-06-03 01:03:38Z] CHK MOM:-0.08% RANGE:0.08% UP:0% SPREAD:0.11527377% BID:0.1735 ASK:0.1737 MID:0.17359999 P1:0.17359999 P2:0.17359999 P3:0.17365 P4:0.17365 STATE:IDLE
[2026-06-03 01:03:38Z] CHK MOM:-0.08% RANGE:0.08% UP:0% SPREAD:0.11527377% BID:0.1735 ASK:0.1737 MID:0.17359999 P1:0.17359999 P2:0.17359999 P3:0.17359999 P4:0.17365 STATE:IDLE
[2026-06-03 01:03:39Z] CHK MOM:-0.08% RANGE:0.08% UP:0% SPREAD:0.11527377% BID:0.1735 ASK:0.1737 MID:0.17359999 P1:0.17359999 P2:0.17359999 P3:0.17359999 P4:0.17365 STATE:IDLE
[2026-06-03 01:03:40Z] CHK MOM:-0.05% RANGE:0.05% UP:0% SPREAD:0.11527377% BID:0.1735 ASK:0.1737 MID:0.17359999 P1:0.17359999 P2:0.17359999 P3:0.17359999 P4:0.17359999 STATE:IDLE
[2026-06-03 01:03:40Z] CHK MOM:-0.05% RANGE:0.05% UP:0% SPREAD:0.11527377% BID:0.1735 ASK:0.1737 MID:0.17359999 P1:0.17359999 P2:0.17359999 P3:0.17359999 P4:0.17359999 STATE:IDLE
[2026-06-03 01:03:41Z] CHK MOM:-0.05% RANGE:0.05% UP:0% SPREAD:0.11527377% BID:0.1735 ASK:0.1737 MID:0.17359999 P1:0.17359999 P2:0.17359999 P3:0.17359999 P4:0.17359999 STATE:IDLE
[2026-06-03 01:03:41Z] CHK MOM:-0.05% RANGE:0.05% UP:0% SPREAD:0.11527377% BID:0.1735 ASK:0.1737 MID:0.17359999 P1:0.17359999 P2:0.17359999 P3:0.17359999 P4:0.17359999 STATE:IDLE
[2026-06-03 01:03:42Z] CHK MOM:-0.05% RANGE:0.05% UP:0% SPREAD:0.11527377% BID:0.1735 ASK:0.1737 MID:0.17359999 P1:0.17359999 P2:0.17359999 P3:0.17359999 P4:0.17359999 STATE:IDLE
[2026-06-03 01:03:42Z] CHK MOM:-0.11% RANGE:0.11% UP:0% SPREAD:0.11534025% BID:0.1734 ASK:0.1736 MID:0.1735 P1:0.1735 P2:0.17359999 P3:0.17359999 P4:0.17359999 STATE:IDLE
[2026-06-03 01:03:43Z] CHK MOM:-0.11% RANGE:0.11% UP:0% SPREAD:0.11534025% BID:0.1734 ASK:0.1736 MID:0.1735 P1:0.1735 P2:0.17359999 P3:0.17359999 P4:0.17359999 STATE:IDLE
[2026-06-03 01:03:43Z] CHK MOM:-0.11% RANGE:0.11% UP:0% SPREAD:0.11534025% BID:0.1734 ASK:0.1736 MID:0.1735 P1:0.1735 P2:0.1735 P3:0.17359999 P4:0.17359999 STATE:IDLE
[2026-06-03 01:03:44Z] CHK MOM:-0.11% RANGE:0.11% UP:0% SPREAD:0.11534025% BID:0.1734 ASK:0.1736 MID:0.1735 P1:0.1735 P2:0.1735 P3:0.17359999 P4:0.17359999 STATE:IDLE
[2026-06-03 01:03:44Z] CHK MOM:-0.11% RANGE:0.11% UP:0% SPREAD:0.11534025% BID:0.1734 ASK:0.1736 MID:0.1735 P1:0.1735 P2:0.1735 P3:0.1735 P4:0.17359999 STATE:IDLE
[2026-06-03 01:03:45Z] CHK MOM:-0.11% RANGE:0.11% UP:0% SPREAD:0.11534025% BID:0.1734 ASK:0.1736 MID:0.1735 P1:0.1735 P2:0.1735 P3:0.1735 P4:0.17359999 STATE:IDLE
[2026-06-03 01:03:46Z] CHK MOM:-0.05% RANGE:0.08% UP:10% SPREAD:0.17301038% BID:0.1734 ASK:0.1737 MID:0.17354999 P1:0.17354999 P2:0.1735 P3:0.1735 P4:0.1735 STATE:IDLE
[2026-06-03 01:03:46Z] CHK MOM:-0.05% RANGE:0.08% UP:10% SPREAD:0.17301038% BID:0.1734 ASK:0.1737 MID:0.17354999 P1:0.17354999 P2:0.1735 P3:0.1735 P4:0.1735 STATE:IDLE
[2026-06-03 01:03:47Z] CHK MOM:0% RANGE:0.08% UP:20% SPREAD:0.17291066% BID:0.1735 ASK:0.1738 MID:0.17365 P1:0.17365 P2:0.17354999 P3:0.1735 P4:0.1735 STATE:IDLE
[2026-06-03 01:03:47Z] CHK MOM:0.02% RANGE:0.08% UP:20% SPREAD:0.17291066% BID:0.1735 ASK:0.1738 MID:0.17365 P1:0.17365 P2:0.17365 P3:0.17354999 P4:0.1735 STATE:IDLE
[2026-06-03 01:03:48Z] CHK MOM:0.02% RANGE:0.08% UP:18.18% SPREAD:0.17291066% BID:0.1735 ASK:0.1738 MID:0.17365 P1:0.17365 P2:0.17365 P3:0.17365 P4:0.17354999 STATE:IDLE
[2026-06-03 01:03:48Z] CHK MOM:0% RANGE:0.08% UP:16.66% SPREAD:0.11527377% BID:0.1735 ASK:0.1737 MID:0.17359999 P1:0.17359999 P2:0.17365 P3:0.17365 P4:0.17365 STATE:IDLE
[2026-06-03 01:03:49Z] CHK MOM:0% RANGE:0.08% UP:16.66% SPREAD:0.11527377% BID:0.1735 ASK:0.1737 MID:0.17359999 P1:0.17359999 P2:0.17365 P3:0.17365 P4:0.17365 STATE:IDLE
[2026-06-03 01:03:49Z] CHK MOM:0% RANGE:0.08% UP:16.66% SPREAD:0.11527377% BID:0.1735 ASK:0.1737 MID:0.17359999 P1:0.17359999 P2:0.17365 P3:0.17365 P4:0.17365 STATE:IDLE
[2026-06-03 01:03:50Z] CHK MOM:0% RANGE:0.08% UP:16.66% SPREAD:0.11527377% BID:0.1735 ASK:0.1737 MID:0.17359999 P1:0.17359999 P2:0.17365 P3:0.17365 P4:0.17365 STATE:IDLE
[2026-06-03 01:03:51Z] CHK MOM:-0.02% RANGE:0.08% UP:20% SPREAD:0.17301038% BID:0.1734 ASK:0.1737 MID:0.17354999 P1:0.17354999 P2:0.17359999 P3:0.17365 P4:0.17365 STATE:IDLE
[2026-06-03 01:03:51Z] CHK MOM:-0.05% RANGE:0.08% UP:18.18% SPREAD:0.11534025% BID:0.1734 ASK:0.1736 MID:0.1735 P1:0.1735 P2:0.17354999 P3:0.17359999 P4:0.17365 STATE:IDLE
[2026-06-03 01:03:52Z] CHK MOM:-0.05% RANGE:0.08% UP:18.18% SPREAD:0.11534025% BID:0.1734 ASK:0.1736 MID:0.1735 P1:0.1735 P2:0.17354999 P3:0.17359999 P4:0.17365 STATE:IDLE
[2026-06-03 01:03:52Z] CHK MOM:-0.05% RANGE:0.08% UP:18.18% SPREAD:0.11534025% BID:0.1734 ASK:0.1736 MID:0.1735 P1:0.1735 P2:0.1735 P3:0.17354999 P4:0.17359999 STATE:IDLE
[2026-06-03 01:03:53Z] CHK MOM:-0.05% RANGE:0.08% UP:18.18% SPREAD:0.11534025% BID:0.1734 ASK:0.1736 MID:0.1735 P1:0.1735 P2:0.1735 P3:0.17354999 P4:0.17359999 STATE:IDLE
[2026-06-03 01:03:53Z] CHK MOM:0% RANGE:0.08% UP:18.18% SPREAD:0.11534025% BID:0.1734 ASK:0.1736 MID:0.1735 P1:0.1735 P2:0.1735 P3:0.1735 P4:0.17354999 STATE:IDLE
[2026-06-03 01:03:54Z] CHK MOM:0% RANGE:0.08% UP:16.66% SPREAD:0.11534025% BID:0.1734 ASK:0.1736 MID:0.1735 P1:0.1735 P2:0.1735 P3:0.1735 P4:0.1735 STATE:IDLE
[2026-06-03 01:03:54Z] CHK MOM:0% RANGE:0.08% UP:16.66% SPREAD:0.11534025% BID:0.1734 ASK:0.1736 MID:0.1735 P1:0.1735 P2:0.1735 P3:0.1735 P4:0.1735 STATE:IDLE
[2026-06-03 01:03:55Z] CHK MOM:0% RANGE:0.08% UP:16.66% SPREAD:0.11534025% BID:0.1734 ASK:0.1736 MID:0.1735 P1:0.1735 P2:0.1735 P3:0.1735 P4:0.1735 STATE:IDLE
[2026-06-03 01:03:55Z] CHK MOM:0% RANGE:0.08% UP:16.66% SPREAD:0.11534025% BID:0.1734 ASK:0.1736 MID:0.1735 P1:0.1735 P2:0.1735 P3:0.1735 P4:0.1735 STATE:IDLE
[2026-06-03 01:03:56Z] CHK MOM:0% RANGE:0.08% UP:16.66% SPREAD:0.11534025% BID:0.1734 ASK:0.1736 MID:0.1735 P1:0.1735 P2:0.1735 P3:0.1735 P4:0.1735 STATE:IDLE
[2026-06-03 01:03:57Z] CHK MOM:-0.02% RANGE:0.08% UP:9.09% SPREAD:0.11534025% BID:0.1734 ASK:0.1736 MID:0.1735 P1:0.1735 P2:0.1735 P3:0.1735 P4:0.1735 STATE:IDLE
[2026-06-03 01:03:57Z] CHK MOM:-0.02% RANGE:0.08% UP:9.09% SPREAD:0.11534025% BID:0.1734 ASK:0.1736 MID:0.1735 P1:0.1735 P2:0.1735 P3:0.1735 P4:0.1735 STATE:IDLE
[2026-06-03 01:03:58Z] CHK MOM:-0.14% RANGE:0.14% UP:0% SPREAD:0.1154068% BID:0.1733 ASK:0.1735 MID:0.1734 P1:0.1734 P2:0.1735 P3:0.1735 P4:0.1735 STATE:IDLE
[2026-06-03 01:03:58Z] CHK MOM:-0.17% RANGE:0.17% UP:0% SPREAD:0.0577034% BID:0.1733 ASK:0.1734 MID:0.17335 P1:0.17335 P2:0.1734 P3:0.1735 P4:0.1735 STATE:IDLE
[2026-06-03 01:03:59Z] CHK MOM:-0.17% RANGE:0.17% UP:0% SPREAD:0.0577034% BID:0.1733 ASK:0.1734 MID:0.17335 P1:0.17335 P2:0.1734 P3:0.1735 P4:0.1735 STATE:IDLE
[2026-06-03 01:03:59Z] CHK MOM:-0.17% RANGE:0.17% UP:0% SPREAD:0.0577034% BID:0.1733 ASK:0.1734 MID:0.17335 P1:0.17335 P2:0.1734 P3:0.1735 P4:0.1735 STATE:IDLE
[2026-06-03 01:04:00Z] CHK MOM:-0.2% RANGE:0.2% UP:0% SPREAD:0.05773672% BID:0.1732 ASK:0.1733 MID:0.17325 P1:0.17325 P2:0.17335 P3:0.1734 P4:0.1735 STATE:IDLE
[2026-06-03 01:04:00Z] CHK MOM:-0.2% RANGE:0.2% UP:0% SPREAD:0.05773672% BID:0.1732 ASK:0.1733 MID:0.17325 P1:0.17325 P2:0.17335 P3:0.1734 P4:0.1735 STATE:IDLE
[2026-06-03 01:04:01Z] CHK MOM:-0.2% RANGE:0.2% UP:0% SPREAD:0.11554015% BID:0.1731 ASK:0.1733 MID:0.1732 P1:0.1732 P2:0.17325 P3:0.17335 P4:0.1734 STATE:IDLE
[2026-06-03 01:04:02Z] CHK MOM:-0.2% RANGE:0.2% UP:0% SPREAD:0.11554015% BID:0.1731 ASK:0.1733 MID:0.1732 P1:0.1732 P2:0.17325 P3:0.17335 P4:0.1734 STATE:IDLE
[2026-06-03 01:04:02Z] CHK MOM:-0.2% RANGE:0.2% UP:0% SPREAD:0.11554015% BID:0.1731 ASK:0.1733 MID:0.1732 P1:0.1732 P2:0.17325 P3:0.17335 P4:0.1734 STATE:IDLE
[2026-06-03 01:04:03Z] CHK MOM:-0.2% RANGE:0.2% UP:0% SPREAD:0.11554015% BID:0.1731 ASK:0.1733 MID:0.1732 P1:0.1732 P2:0.17325 P3:0.17335 P4:0.1734 STATE:IDLE
[2026-06-03 01:04:03Z] CHK MOM:-0.2% RANGE:0.2% UP:0% SPREAD:0.11554015% BID:0.1731 ASK:0.1733 MID:0.1732 P1:0.1732 P2:0.17325 P3:0.17335 P4:0.1734 STATE:IDLE
[2026-06-03 01:04:08Z] CHK MOM:-0.17% RANGE:0.17% UP:0% SPREAD:0.11554015% BID:0.1731 ASK:0.1733 MID:0.1732 P1:0.1732 P2:0.1732 P3:0.17325 P4:0.17335 STATE:IDLE
[2026-06-03 01:04:09Z] CHK MOM:-0.17% RANGE:0.17% UP:0% SPREAD:0.11554015% BID:0.1731 ASK:0.1733 MID:0.1732 P1:0.1732 P2:0.1732 P3:0.17325 P4:0.17335 STATE:IDLE
[2026-06-03 01:04:09Z] CHK MOM:-0.14% RANGE:0.14% UP:0% SPREAD:0.05777007% BID:0.1731 ASK:0.1732 MID:0.17315 P1:0.17315 P2:0.1732 P3:0.1732 P4:0.17325 STATE:IDLE
[2026-06-03 01:04:10Z] CHK MOM:-0.14% RANGE:0.14% UP:0% SPREAD:0.05777007% BID:0.1731 ASK:0.1732 MID:0.17315 P1:0.17315 P2:0.1732 P3:0.1732 P4:0.17325 STATE:IDLE
[2026-06-03 01:04:10Z] CHK MOM:-0.14% RANGE:0.14% UP:0% SPREAD:0.05777007% BID:0.1731 ASK:0.1732 MID:0.17315 P1:0.17315 P2:0.1732 P3:0.1732 P4:0.17325 STATE:IDLE
[2026-06-03 01:04:11Z] CHK MOM:-0.14% RANGE:0.14% UP:0% SPREAD:0.05777007% BID:0.1731 ASK:0.1732 MID:0.17315 P1:0.17315 P2:0.1732 P3:0.1732 P4:0.17325 STATE:IDLE
[2026-06-03 01:04:11Z] CHK MOM:-0.14% RANGE:0.14% UP:0% SPREAD:0.05777007% BID:0.1731 ASK:0.1732 MID:0.17315 P1:0.17315 P2:0.1732 P3:0.1732 P4:0.17325 STATE:IDLE
[2026-06-03 01:04:12Z] CHK MOM:-0.14% RANGE:0.14% UP:0% SPREAD:0.05777007% BID:0.1731 ASK:0.1732 MID:0.17315 P1:0.17315 P2:0.1732 P3:0.1732 P4:0.17325 STATE:IDLE
[2026-06-03 01:04:19Z] CHK MOM:0% RANGE:0.02% UP:50% SPREAD:0.11554015% BID:0.1731 ASK:0.1733 MID:0.1732 P1:0.1732 P2:0.17315 P3:0.1732 P4:0.1732 STATE:IDLE
[2026-06-03 01:04:19Z] CHK MOM:0% RANGE:0.02% UP:33.33% SPREAD:0.11554015% BID:0.1731 ASK:0.1733 MID:0.1732 P1:0.1732 P2:0.1732 P3:0.17315 P4:0.1732 STATE:IDLE
[2026-06-03 01:04:20Z] CHK MOM:-0.02% RANGE:0.02% UP:25% SPREAD:0.05777007% BID:0.1731 ASK:0.1732 MID:0.17315 P1:0.17315 P2:0.1732 P3:0.1732 P4:0.17315 STATE:IDLE
[2026-06-03 01:04:20Z] CHK MOM:0.02% RANGE:0.02% UP:50% SPREAD:0.11554015% BID:0.1731 ASK:0.1733 MID:0.1732 P1:0.1732 P2:0.17315 P3:0.1732 P4:0.1732 STATE:IDLE
[2026-06-03 01:04:21Z] CHK MOM:0.02% RANGE:0.02% UP:50% SPREAD:0.11554015% BID:0.1731 ASK:0.1733 MID:0.1732 P1:0.1732 P2:0.17315 P3:0.1732 P4:0.1732 STATE:IDLE
[2026-06-03 01:04:21Z] CHK MOM:0.02% RANGE:0.02% UP:50% SPREAD:0.11554015% BID:0.1731 ASK:0.1733 MID:0.1732 P1:0.1732 P2:0.17315 P3:0.1732 P4:0.1732 STATE:IDLE
[2026-06-03 01:04:22Z] CHK MOM:0.02% RANGE:0.02% UP:50% SPREAD:0.11554015% BID:0.1731 ASK:0.1733 MID:0.1732 P1:0.1732 P2:0.17315 P3:0.1732 P4:0.1732 STATE:IDLE
[2026-06-03 01:04:22Z] CHK MOM:0.02% RANGE:0.02% UP:50% SPREAD:0.11554015% BID:0.1731 ASK:0.1733 MID:0.1732 P1:0.1732 P2:0.17315 P3:0.1732 P4:0.1732 STATE:IDLE
[2026-06-03 01:04:23Z] CHK MOM:0.02% RANGE:0.02% UP:50% SPREAD:0.11554015% BID:0.1731 ASK:0.1733 MID:0.1732 P1:0.1732 P2:0.17315 P3:0.1732 P4:0.1732 STATE:IDLE
[2026-06-03 01:04:26Z] CHK MOM:-0.02% RANGE:0.02% UP:25% SPREAD:0.05777007% BID:0.1731 ASK:0.1732 MID:0.17315 P1:0.17315 P2:0.1732 P3:0.17315 P4:0.1732 STATE:IDLE
[2026-06-03 01:04:26Z] CHK MOM:-0.02% RANGE:0.02% UP:25% SPREAD:0.05777007% BID:0.1731 ASK:0.1732 MID:0.17315 P1:0.17315 P2:0.1732 P3:0.17315 P4:0.1732 STATE:IDLE
[2026-06-03 01:04:27Z] CHK MOM:-0.02% RANGE:0.02% UP:25% SPREAD:0.05777007% BID:0.1731 ASK:0.1732 MID:0.17315 P1:0.17315 P2:0.1732 P3:0.17315 P4:0.1732 STATE:IDLE
[2026-06-03 01:04:27Z] CHK MOM:-0.02% RANGE:0.02% UP:25% SPREAD:0.05777007% BID:0.1731 ASK:0.1732 MID:0.17315 P1:0.17315 P2:0.1732 P3:0.17315 P4:0.1732 STATE:IDLE
[2026-06-03 01:04:28Z] CHK MOM:-0.02% RANGE:0.02% UP:25% SPREAD:0.05777007% BID:0.1731 ASK:0.1732 MID:0.17315 P1:0.17315 P2:0.1732 P3:0.17315 P4:0.1732 STATE:IDLE
[2026-06-03 01:04:29Z] CHK MOM:-0.02% RANGE:0.02% UP:20% SPREAD:0.05777007% BID:0.1731 ASK:0.1732 MID:0.17315 P1:0.17315 P2:0.17315 P3:0.1732 P4:0.17315 STATE:IDLE
[2026-06-03 01:04:30Z] CHK MOM:-0.02% RANGE:0.02% UP:20% SPREAD:0.05777007% BID:0.1731 ASK:0.1732 MID:0.17315 P1:0.17315 P2:0.17315 P3:0.1732 P4:0.17315 STATE:IDLE
[2026-06-03 01:04:30Z] CHK MOM:-0.05% RANGE:0.05% UP:20% SPREAD:0.11560693% BID:0.173 ASK:0.1732 MID:0.17309999 P1:0.17309999 P2:0.17315 P3:0.17315 P4:0.1732 STATE:IDLE
[2026-06-03 01:04:30Z] TOKEN_SWITCH old=ALLOUSDC new=RENDERUSDC source=.service.env
[2026-06-03 02:00:08Z] SESSION_START symbol=ALLOUSDC dry_run=0 profile=major strategy=momentum base_url=https://api.binance.com
[2026-06-03 02:00:08Z] TOXIC_MEMORY_LOADED count=2 symbols=ORDIUSDC,TONUSDC
[2026-06-03 02:00:11Z] CHK MOM:0% RANGE:0% UP:0% SPREAD:0.11806375% BID:0.1694 ASK:0.1696 MID:0.16949999 P1:0.16949999 P2:NA P3:NA P4:NA STATE:IDLE
[2026-06-03 02:00:11Z] CHK MOM:0% RANGE:0% UP:0% SPREAD:0.11806375% BID:0.1694 ASK:0.1696 MID:0.16949999 P1:0.16949999 P2:0.16949999 P3:NA P4:NA STATE:IDLE
[2026-06-03 02:00:12Z] CHK MOM:0% RANGE:0% UP:0% SPREAD:0.11806375% BID:0.1694 ASK:0.1696 MID:0.16949999 P1:0.16949999 P2:0.16949999 P3:NA P4:NA STATE:IDLE
[2026-06-03 02:00:12Z] CHK MOM:0% RANGE:0% UP:0% SPREAD:0.11806375% BID:0.1694 ASK:0.1696 MID:0.16949999 P1:0.16949999 P2:0.16949999 P3:NA P4:NA STATE:IDLE
[2026-06-03 02:00:13Z] CHK MOM:0.02% RANGE:0.02% UP:50% SPREAD:0.05899705% BID:0.1695 ASK:0.1696 MID:0.16955 P1:0.16955 P2:0.16949999 P3:0.16949999 P4:NA STATE:IDLE
[2026-06-03 02:00:13Z] CHK MOM:0.02% RANGE:0.02% UP:50% SPREAD:0.05899705% BID:0.1695 ASK:0.1696 MID:0.16955 P1:0.16955 P2:0.16949999 P3:0.16949999 P4:NA STATE:IDLE
[2026-06-03 02:00:14Z] CHK MOM:0.02% RANGE:0.02% UP:50% SPREAD:0.05899705% BID:0.1695 ASK:0.1696 MID:0.16955 P1:0.16955 P2:0.16949999 P3:0.16949999 P4:NA STATE:IDLE
[2026-06-03 02:00:14Z] CHK MOM:0.02% RANGE:0.02% UP:33.33% SPREAD:0.05899705% BID:0.1695 ASK:0.1696 MID:0.16955 P1:0.16955 P2:0.16955 P3:0.16949999 P4:0.16949999 STATE:IDLE
[2026-06-03 02:00:15Z] CHK MOM:0.02% RANGE:0.02% UP:33.33% SPREAD:0.05899705% BID:0.1695 ASK:0.1696 MID:0.16955 P1:0.16955 P2:0.16955 P3:0.16949999 P4:0.16949999 STATE:IDLE
[2026-06-03 02:00:15Z] CHK MOM:0.02% RANGE:0.02% UP:33.33% SPREAD:0.05899705% BID:0.1695 ASK:0.1696 MID:0.16955 P1:0.16955 P2:0.16955 P3:0.16949999 P4:0.16949999 STATE:IDLE
[2026-06-03 02:00:16Z] CHK MOM:0% RANGE:0.02% UP:25% SPREAD:0.11806375% BID:0.1694 ASK:0.1696 MID:0.16949999 P1:0.16949999 P2:0.16955 P3:0.16955 P4:0.16949999 STATE:IDLE
[2026-06-03 02:00:17Z] CHK MOM:0% RANGE:0.02% UP:20% SPREAD:0.11806375% BID:0.1694 ASK:0.1696 MID:0.16949999 P1:0.16949999 P2:0.16949999 P3:0.16955 P4:0.16955 STATE:IDLE
[2026-06-03 02:00:17Z] CHK MOM:0.05% RANGE:0.05% UP:33.33% SPREAD:0.1179941% BID:0.1695 ASK:0.1697 MID:0.1696 P1:0.1696 P2:0.16949999 P3:0.16949999 P4:0.16955 STATE:IDLE
[2026-06-03 02:00:18Z] CHK MOM:0.05% RANGE:0.05% UP:33.33% SPREAD:0.1179941% BID:0.1695 ASK:0.1697 MID:0.1696 P1:0.1696 P2:0.16949999 P3:0.16949999 P4:0.16955 STATE:IDLE
[2026-06-03 02:00:18Z] CHK MOM:0.02% RANGE:0.05% UP:28.57% SPREAD:0.17709563% BID:0.1694 ASK:0.1697 MID:0.16954999 P1:0.16954999 P2:0.1696 P3:0.16949999 P4:0.16949999 STATE:IDLE
[2026-06-03 02:00:19Z] CHK MOM:0% RANGE:0.05% UP:25% SPREAD:0.11806375% BID:0.1694 ASK:0.1696 MID:0.16949999 P1:0.16949999 P2:0.16954999 P3:0.1696 P4:0.16949999 STATE:IDLE
[2026-06-03 02:00:19Z] CHK MOM:0.02% RANGE:0.05% UP:33.33% SPREAD:0.05899705% BID:0.1695 ASK:0.1696 MID:0.16955 P1:0.16955 P2:0.16949999 P3:0.16954999 P4:0.1696 STATE:IDLE
[2026-06-03 02:00:20Z] CHK MOM:0.02% RANGE:0.05% UP:33.33% SPREAD:0.05899705% BID:0.1695 ASK:0.1696 MID:0.16955 P1:0.16955 P2:0.16949999 P3:0.16954999 P4:0.1696 STATE:IDLE
[2026-06-03 02:00:20Z] CHK MOM:0.05% RANGE:0.05% UP:40% SPREAD:0.1179941% BID:0.1695 ASK:0.1697 MID:0.1696 P1:0.1696 P2:0.16955 P3:0.16949999 P4:0.16954999 STATE:IDLE
[2026-06-03 02:00:21Z] CHK MOM:0.05% RANGE:0.05% UP:40% SPREAD:0.1179941% BID:0.1695 ASK:0.1697 MID:0.1696 P1:0.1696 P2:0.16955 P3:0.16949999 P4:0.16954999 STATE:IDLE
[2026-06-03 02:00:22Z] CHK MOM:0.05% RANGE:0.05% UP:36.36% SPREAD:0.1179941% BID:0.1695 ASK:0.1697 MID:0.1696 P1:0.1696 P2:0.1696 P3:0.16955 P4:0.16949999 STATE:IDLE
[2026-06-03 02:00:22Z] CHK MOM:0.05% RANGE:0.05% UP:33.33% SPREAD:0.1179941% BID:0.1695 ASK:0.1697 MID:0.1696 P1:0.1696 P2:0.1696 P3:0.1696 P4:0.16955 STATE:IDLE
[2026-06-03 02:00:23Z] CHK MOM:0.05% RANGE:0.05% UP:33.33% SPREAD:0.1179941% BID:0.1695 ASK:0.1697 MID:0.1696 P1:0.1696 P2:0.1696 P3:0.1696 P4:0.1696 STATE:IDLE
[2026-06-03 02:00:23Z] CHK MOM:0.02% RANGE:0.05% UP:25% SPREAD:0.1179941% BID:0.1695 ASK:0.1697 MID:0.1696 P1:0.1696 P2:0.1696 P3:0.1696 P4:0.1696 STATE:IDLE
[2026-06-03 02:00:24Z] CHK MOM:0.02% RANGE:0.05% UP:25% SPREAD:0.1179941% BID:0.1695 ASK:0.1697 MID:0.1696 P1:0.1696 P2:0.1696 P3:0.1696 P4:0.1696 STATE:IDLE
[2026-06-03 02:00:24Z] CHK MOM:0.05% RANGE:0.08% UP:30.76% SPREAD:0.17699115% BID:0.1695 ASK:0.1698 MID:0.16965 P1:0.16965 P2:0.1696 P3:0.1696 P4:0.1696 STATE:IDLE
[2026-06-03 02:00:25Z] CHK MOM:0.05% RANGE:0.08% UP:30.76% SPREAD:0.17699115% BID:0.1695 ASK:0.1698 MID:0.16965 P1:0.16965 P2:0.1696 P3:0.1696 P4:0.1696 STATE:IDLE
[2026-06-03 02:00:25Z] CHK MOM:0.02% RANGE:0.08% UP:30.76% SPREAD:0.1179941% BID:0.1695 ASK:0.1697 MID:0.1696 P1:0.1696 P2:0.16965 P3:0.1696 P4:0.1696 STATE:IDLE
[2026-06-03 02:00:26Z] CHK MOM:0% RANGE:0.08% UP:28.57% SPREAD:0.17709563% BID:0.1694 ASK:0.1697 MID:0.16954999 P1:0.16954999 P2:0.1696 P3:0.16965 P4:0.1696 STATE:IDLE
[2026-06-03 02:00:26Z] CHK MOM:0.08% RANGE:0.11% UP:33.33% SPREAD:0.11792452% BID:0.1696 ASK:0.1698 MID:0.1697 P1:0.1697 P2:0.16954999 P3:0.1696 P4:0.16965 STATE:IDLE
[2026-06-03 02:00:27Z] CHK MOM:0.08% RANGE:0.11% UP:33.33% SPREAD:0.11792452% BID:0.1696 ASK:0.1698 MID:0.1697 P1:0.1697 P2:0.16954999 P3:0.1696 P4:0.16965 STATE:IDLE
[2026-06-03 02:00:28Z] CHK MOM:0.11% RANGE:0.11% UP:33.33% SPREAD:0.11792452% BID:0.1696 ASK:0.1698 MID:0.1697 P1:0.1697 P2:0.1697 P3:0.16954999 P4:0.1696 STATE:IDLE
[2026-06-03 02:00:28Z] CHK MOM:0.11% RANGE:0.11% UP:33.33% SPREAD:0.11792452% BID:0.1696 ASK:0.1698 MID:0.1697 P1:0.1697 P2:0.1697 P3:0.16954999 P4:0.1696 STATE:IDLE
[2026-06-03 02:00:29Z] CHK MOM:0.11% RANGE:0.11% UP:33.33% SPREAD:0.11792452% BID:0.1696 ASK:0.1698 MID:0.1697 P1:0.1697 P2:0.1697 P3:0.1697 P4:0.16954999 STATE:IDLE
[2026-06-03 02:00:29Z] CHK MOM:0.08% RANGE:0.11% UP:28.57% SPREAD:0.11792452% BID:0.1696 ASK:0.1698 MID:0.1697 P1:0.1697 P2:0.1697 P3:0.1697 P4:0.1697 STATE:IDLE
[2026-06-03 02:00:30Z] CHK MOM:0.08% RANGE:0.11% UP:26.66% SPREAD:0.11792452% BID:0.1696 ASK:0.1698 MID:0.1697 P1:0.1697 P2:0.1697 P3:0.1697 P4:0.1697 STATE:IDLE
[2026-06-03 02:00:30Z] CHK MOM:0.08% RANGE:0.11% UP:26.66% SPREAD:0.11792452% BID:0.1696 ASK:0.1698 MID:0.1697 P1:0.1697 P2:0.1697 P3:0.1697 P4:0.1697 STATE:IDLE
[2026-06-03 02:00:31Z] CHK MOM:0.08% RANGE:0.11% UP:26.66% SPREAD:0.11792452% BID:0.1696 ASK:0.1698 MID:0.1697 P1:0.1697 P2:0.1697 P3:0.1697 P4:0.1697 STATE:IDLE
[2026-06-03 02:00:31Z] CHK MOM:0.08% RANGE:0.08% UP:21.42% SPREAD:0.11792452% BID:0.1696 ASK:0.1698 MID:0.1697 P1:0.1697 P2:0.1697 P3:0.1697 P4:0.1697 STATE:IDLE
[2026-06-03 02:00:32Z] CHK MOM:0.08% RANGE:0.08% UP:21.42% SPREAD:0.11792452% BID:0.1696 ASK:0.1698 MID:0.1697 P1:0.1697 P2:0.1697 P3:0.1697 P4:0.1697 STATE:IDLE
[2026-06-03 02:00:33Z] CHK MOM:0.05% RANGE:0.08% UP:14.28% SPREAD:0.11792452% BID:0.1696 ASK:0.1698 MID:0.1697 P1:0.1697 P2:0.1697 P3:0.1697 P4:0.1697 STATE:IDLE
[2026-06-03 02:00:33Z] CHK MOM:0.05% RANGE:0.08% UP:14.28% SPREAD:0.11792452% BID:0.1696 ASK:0.1698 MID:0.1697 P1:0.1697 P2:0.1697 P3:0.1697 P4:0.1697 STATE:IDLE
[2026-06-03 02:00:34Z] CHK MOM:0.05% RANGE:0.08% UP:14.28% SPREAD:0.11792452% BID:0.1696 ASK:0.1698 MID:0.1697 P1:0.1697 P2:0.1697 P3:0.1697 P4:0.1697 STATE:IDLE
[2026-06-03 02:00:34Z] CHK MOM:0.05% RANGE:0.08% UP:14.28% SPREAD:0.11792452% BID:0.1696 ASK:0.1698 MID:0.1697 P1:0.1697 P2:0.1697 P3:0.1697 P4:0.1697 STATE:IDLE
[2026-06-03 02:00:35Z] CHK MOM:0.02% RANGE:0.08% UP:16.66% SPREAD:0.17699115% BID:0.1695 ASK:0.1698 MID:0.16965 P1:0.16965 P2:0.1697 P3:0.1697 P4:0.1697 STATE:IDLE
[2026-06-03 02:00:35Z] CHK MOM:0.02% RANGE:0.08% UP:16.66% SPREAD:0.17699115% BID:0.1695 ASK:0.1698 MID:0.16965 P1:0.16965 P2:0.16965 P3:0.1697 P4:0.1697 STATE:IDLE
[2026-06-03 02:00:36Z] CHK MOM:0.02% RANGE:0.08% UP:16.66% SPREAD:0.11792452% BID:0.1696 ASK:0.1698 MID:0.1697 P1:0.1697 P2:0.16965 P3:0.16965 P4:0.1697 STATE:IDLE
[2026-06-03 02:00:36Z] CHK MOM:0.02% RANGE:0.08% UP:15.38% SPREAD:0.11792452% BID:0.1696 ASK:0.1698 MID:0.1697 P1:0.1697 P2:0.1697 P3:0.16965 P4:0.16965 STATE:IDLE
[2026-06-03 02:00:37Z] CHK MOM:0.02% RANGE:0.08% UP:15.38% SPREAD:0.11792452% BID:0.1696 ASK:0.1698 MID:0.1697 P1:0.1697 P2:0.1697 P3:0.16965 P4:0.16965 STATE:IDLE
[2026-06-03 02:00:37Z] CHK MOM:0.02% RANGE:0.08% UP:15.38% SPREAD:0.11792452% BID:0.1696 ASK:0.1698 MID:0.1697 P1:0.1697 P2:0.1697 P3:0.16965 P4:0.16965 STATE:IDLE
[2026-06-03 02:00:38Z] CHK MOM:0.02% RANGE:0.08% UP:15.38% SPREAD:0.11792452% BID:0.1696 ASK:0.1698 MID:0.1697 P1:0.1697 P2:0.1697 P3:0.16965 P4:0.16965 STATE:IDLE
[2026-06-03 02:00:39Z] CHK MOM:0.02% RANGE:0.08% UP:15.38% SPREAD:0.11792452% BID:0.1696 ASK:0.1698 MID:0.1697 P1:0.1697 P2:0.1697 P3:0.16965 P4:0.16965 STATE:IDLE
[2026-06-03 02:00:40Z] CHK MOM:-0.02% RANGE:0.02% UP:11.11% SPREAD:0.17699115% BID:0.1695 ASK:0.1698 MID:0.16965 P1:0.16965 P2:0.1697 P3:0.1697 P4:0.16965 STATE:IDLE
[2026-06-03 02:00:40Z] CHK MOM:-0.02% RANGE:0.02% UP:11.11% SPREAD:0.17699115% BID:0.1695 ASK:0.1698 MID:0.16965 P1:0.16965 P2:0.1697 P3:0.1697 P4:0.16965 STATE:IDLE
[2026-06-03 02:00:41Z] CHK MOM:-0.05% RANGE:0.05% UP:11.11% SPREAD:0.1179941% BID:0.1695 ASK:0.1697 MID:0.1696 P1:0.1696 P2:0.16965 P3:0.1697 P4:0.1697 STATE:IDLE
[2026-06-03 02:00:41Z] CHK MOM:-0.05% RANGE:0.05% UP:11.11% SPREAD:0.1179941% BID:0.1695 ASK:0.1697 MID:0.1696 P1:0.1696 P2:0.16965 P3:0.1697 P4:0.1697 STATE:IDLE
[2026-06-03 02:00:42Z] CHK MOM:-0.05% RANGE:0.05% UP:11.11% SPREAD:0.1179941% BID:0.1695 ASK:0.1697 MID:0.1696 P1:0.1696 P2:0.16965 P3:0.1697 P4:0.1697 STATE:IDLE
[2026-06-03 02:00:42Z] CHK MOM:-0.05% RANGE:0.05% UP:12.5% SPREAD:0.1179941% BID:0.1695 ASK:0.1697 MID:0.1696 P1:0.1696 P2:0.1696 P3:0.16965 P4:0.1697 STATE:IDLE
[2026-06-03 02:00:43Z] CHK MOM:-0.05% RANGE:0.05% UP:11.11% SPREAD:0.1179941% BID:0.1695 ASK:0.1697 MID:0.1696 P1:0.1696 P2:0.1696 P3:0.1696 P4:0.16965 STATE:IDLE
[2026-06-03 02:00:44Z] CHK MOM:-0.05% RANGE:0.05% UP:11.11% SPREAD:0.1179941% BID:0.1695 ASK:0.1697 MID:0.1696 P1:0.1696 P2:0.1696 P3:0.1696 P4:0.16965 STATE:IDLE
[2026-06-03 02:00:44Z] CHK MOM:-0.08% RANGE:0.08% UP:11.11% SPREAD:0.17709563% BID:0.1694 ASK:0.1697 MID:0.16954999 P1:0.16954999 P2:0.1696 P3:0.1696 P4:0.1696 STATE:IDLE
[2026-06-03 02:00:45Z] CHK MOM:-0.08% RANGE:0.08% UP:11.11% SPREAD:0.17709563% BID:0.1694 ASK:0.1697 MID:0.16954999 P1:0.16954999 P2:0.1696 P3:0.1696 P4:0.1696 STATE:IDLE
[2026-06-03 02:00:45Z] CHK MOM:-0.08% RANGE:0.08% UP:11.11% SPREAD:0.17709563% BID:0.1694 ASK:0.1697 MID:0.16954999 P1:0.16954999 P2:0.1696 P3:0.1696 P4:0.1696 STATE:IDLE
[2026-06-03 02:00:46Z] CHK MOM:-0.08% RANGE:0.08% UP:11.11% SPREAD:0.17709563% BID:0.1694 ASK:0.1697 MID:0.16954999 P1:0.16954999 P2:0.1696 P3:0.1696 P4:0.1696 STATE:IDLE
[2026-06-03 02:00:46Z] CHK MOM:-0.08% RANGE:0.11% UP:11.11% SPREAD:0.11806375% BID:0.1694 ASK:0.1696 MID:0.16949999 P1:0.16949999 P2:0.16954999 P3:0.1696 P4:0.1696 STATE:IDLE
[2026-06-03 02:00:47Z] CHK MOM:-0.08% RANGE:0.11% UP:11.11% SPREAD:0.11806375% BID:0.1694 ASK:0.1696 MID:0.16949999 P1:0.16949999 P2:0.16949999 P3:0.16954999 P4:0.1696 STATE:IDLE
[2026-06-03 02:00:47Z] CHK MOM:-0.08% RANGE:0.11% UP:11.11% SPREAD:0.11806375% BID:0.1694 ASK:0.1696 MID:0.16949999 P1:0.16949999 P2:0.16949999 P3:0.16954999 P4:0.1696 STATE:IDLE
[2026-06-03 02:00:48Z] CHK MOM:-0.14% RANGE:0.14% UP:0% SPREAD:0.05903187% BID:0.1694 ASK:0.1695 MID:0.16945 P1:0.16945 P2:0.16949999 P3:0.16949999 P4:0.16954999 STATE:IDLE
[2026-06-03 02:00:48Z] CHK MOM:-0.14% RANGE:0.14% UP:0% SPREAD:0.05903187% BID:0.1694 ASK:0.1695 MID:0.16945 P1:0.16945 P2:0.16949999 P3:0.16949999 P4:0.16954999 STATE:IDLE
[2026-06-03 02:00:49Z] CHK MOM:-0.14% RANGE:0.14% UP:0% SPREAD:0.05903187% BID:0.1694 ASK:0.1695 MID:0.16945 P1:0.16945 P2:0.16949999 P3:0.16949999 P4:0.16954999 STATE:IDLE
[2026-06-03 02:00:50Z] CHK MOM:-0.14% RANGE:0.14% UP:0% SPREAD:0.05903187% BID:0.1694 ASK:0.1695 MID:0.16945 P1:0.16945 P2:0.16949999 P3:0.16949999 P4:0.16954999 STATE:IDLE
[2026-06-03 02:00:50Z] CHK MOM:-0.17% RANGE:0.17% UP:0% SPREAD:0.05906674% BID:0.1693 ASK:0.1694 MID:0.16935 P1:0.16935 P2:0.16945 P3:0.16949999 P4:0.16949999 STATE:IDLE
[2026-06-03 02:00:51Z] CHK MOM:-0.17% RANGE:0.17% UP:0% SPREAD:0.05906674% BID:0.1693 ASK:0.1694 MID:0.16935 P1:0.16935 P2:0.16945 P3:0.16949999 P4:0.16949999 STATE:IDLE
[2026-06-03 02:00:51Z] CHK MOM:-0.17% RANGE:0.17% UP:0% SPREAD:0.05906674% BID:0.1693 ASK:0.1694 MID:0.16935 P1:0.16935 P2:0.16945 P3:0.16949999 P4:0.16949999 STATE:IDLE
[2026-06-03 02:00:52Z] CHK MOM:-0.11% RANGE:0.14% UP:12.5% SPREAD:0.11813349% BID:0.1693 ASK:0.1695 MID:0.1694 P1:0.1694 P2:0.16935 P3:0.16945 P4:0.16949999 STATE:IDLE
[2026-06-03 02:00:52Z] CHK MOM:-0.11% RANGE:0.14% UP:12.5% SPREAD:0.11813349% BID:0.1693 ASK:0.1695 MID:0.1694 P1:0.1694 P2:0.16935 P3:0.16945 P4:0.16949999 STATE:IDLE
[2026-06-03 02:00:53Z] CHK MOM:-0.11% RANGE:0.14% UP:12.5% SPREAD:0.11813349% BID:0.1693 ASK:0.1695 MID:0.1694 P1:0.1694 P2:0.16935 P3:0.16945 P4:0.16949999 STATE:IDLE
[2026-06-03 02:00:53Z] CHK MOM:-0.11% RANGE:0.14% UP:12.5% SPREAD:0.11813349% BID:0.1693 ASK:0.1695 MID:0.1694 P1:0.1694 P2:0.1694 P3:0.16935 P4:0.16945 STATE:IDLE
[2026-06-03 02:00:54Z] CHK MOM:-0.11% RANGE:0.14% UP:11.11% SPREAD:0.11813349% BID:0.1693 ASK:0.1695 MID:0.1694 P1:0.1694 P2:0.1694 P3:0.1694 P4:0.16935 STATE:IDLE
[2026-06-03 02:00:55Z] CHK MOM:-0.11% RANGE:0.14% UP:11.11% SPREAD:0.11813349% BID:0.1693 ASK:0.1695 MID:0.1694 P1:0.1694 P2:0.1694 P3:0.1694 P4:0.16935 STATE:IDLE
[2026-06-03 02:00:55Z] CHK MOM:-0.11% RANGE:0.14% UP:11.11% SPREAD:0.11813349% BID:0.1693 ASK:0.1695 MID:0.1694 P1:0.1694 P2:0.1694 P3:0.1694 P4:0.16935 STATE:IDLE
[2026-06-03 02:00:56Z] CHK MOM:-0.11% RANGE:0.14% UP:11.11% SPREAD:0.11813349% BID:0.1693 ASK:0.1695 MID:0.1694 P1:0.1694 P2:0.1694 P3:0.1694 P4:0.16935 STATE:IDLE
[2026-06-03 02:00:56Z] CHK MOM:-0.08% RANGE:0.08% UP:14.28% SPREAD:0.05906674% BID:0.1693 ASK:0.1694 MID:0.16935 P1:0.16935 P2:0.1694 P3:0.1694 P4:0.1694 STATE:IDLE
[2026-06-03 02:00:57Z] CHK MOM:-0.08% RANGE:0.08% UP:14.28% SPREAD:0.05906674% BID:0.1693 ASK:0.1694 MID:0.16935 P1:0.16935 P2:0.1694 P3:0.1694 P4:0.1694 STATE:IDLE
[2026-06-03 02:00:57Z] CHK MOM:-0.08% RANGE:0.08% UP:14.28% SPREAD:0.05906674% BID:0.1693 ASK:0.1694 MID:0.16935 P1:0.16935 P2:0.1694 P3:0.1694 P4:0.1694 STATE:IDLE
[2026-06-03 02:00:58Z] CHK MOM:-0.08% RANGE:0.08% UP:14.28% SPREAD:0.05906674% BID:0.1693 ASK:0.1694 MID:0.16935 P1:0.16935 P2:0.1694 P3:0.1694 P4:0.1694 STATE:IDLE
[2026-06-03 02:00:58Z] CHK MOM:-0.08% RANGE:0.08% UP:14.28% SPREAD:0.05906674% BID:0.1693 ASK:0.1694 MID:0.16935 P1:0.16935 P2:0.1694 P3:0.1694 P4:0.1694 STATE:IDLE
[2026-06-03 02:00:59Z] CHK MOM:-0.08% RANGE:0.08% UP:14.28% SPREAD:0.05906674% BID:0.1693 ASK:0.1694 MID:0.16935 P1:0.16935 P2:0.1694 P3:0.1694 P4:0.1694 STATE:IDLE
[2026-06-03 02:00:59Z] CHK MOM:-0.11% RANGE:0.11% UP:16.66% SPREAD:0.05910165% BID:0.1692 ASK:0.1693 MID:0.16925 P1:0.16925 P2:0.16935 P3:0.1694 P4:0.1694 STATE:IDLE
[2026-06-03 02:01:00Z] CHK MOM:-0.02% RANGE:0.08% UP:33.33% SPREAD:0.1182033% BID:0.1692 ASK:0.1694 MID:0.1693 P1:0.1693 P2:0.16925 P3:0.16935 P4:0.1694 STATE:IDLE
[2026-06-03 02:01:01Z] CHK MOM:-0.02% RANGE:0.08% UP:28.57% SPREAD:0.1182033% BID:0.1692 ASK:0.1694 MID:0.1693 P1:0.1693 P2:0.1693 P3:0.16925 P4:0.16935 STATE:IDLE
[2026-06-03 02:01:01Z] CHK MOM:-0.02% RANGE:0.08% UP:25% SPREAD:0.1182033% BID:0.1692 ASK:0.1694 MID:0.1693 P1:0.1693 P2:0.1693 P3:0.1693 P4:0.16925 STATE:IDLE
[2026-06-03 02:01:02Z] CHK MOM:-0.02% RANGE:0.08% UP:25% SPREAD:0.1182033% BID:0.1692 ASK:0.1694 MID:0.1693 P1:0.1693 P2:0.1693 P3:0.1693 P4:0.16925 STATE:IDLE
[2026-06-03 02:01:02Z] CHK MOM:-0.05% RANGE:0.08% UP:12.5% SPREAD:0.1182033% BID:0.1692 ASK:0.1694 MID:0.1693 P1:0.1693 P2:0.1693 P3:0.1693 P4:0.1693 STATE:IDLE
[2026-06-03 02:01:03Z] CHK MOM:-0.08% RANGE:0.08% UP:11.11% SPREAD:0.05910165% BID:0.1692 ASK:0.1693 MID:0.16925 P1:0.16925 P2:0.1693 P3:0.1693 P4:0.1693 STATE:IDLE
[2026-06-03 02:01:03Z] CHK MOM:-0.08% RANGE:0.08% UP:11.11% SPREAD:0.05910165% BID:0.1692 ASK:0.1693 MID:0.16925 P1:0.16925 P2:0.1693 P3:0.1693 P4:0.1693 STATE:IDLE
[2026-06-03 02:01:04Z] CHK MOM:-0.08% RANGE:0.08% UP:11.11% SPREAD:0.05910165% BID:0.1692 ASK:0.1693 MID:0.16925 P1:0.16925 P2:0.1693 P3:0.1693 P4:0.1693 STATE:IDLE
[2026-06-03 02:01:04Z] CHK MOM:-0.08% RANGE:0.08% UP:11.11% SPREAD:0.05910165% BID:0.1692 ASK:0.1693 MID:0.16925 P1:0.16925 P2:0.1693 P3:0.1693 P4:0.1693 STATE:IDLE
[2026-06-03 02:01:05Z] CHK MOM:-0.08% RANGE:0.08% UP:11.11% SPREAD:0.05910165% BID:0.1692 ASK:0.1693 MID:0.16925 P1:0.16925 P2:0.1693 P3:0.1693 P4:0.1693 STATE:IDLE
[2026-06-03 02:01:06Z] CHK MOM:-0.08% RANGE:0.08% UP:11.11% SPREAD:0.05910165% BID:0.1692 ASK:0.1693 MID:0.16925 P1:0.16925 P2:0.1693 P3:0.1693 P4:0.1693 STATE:IDLE
[2026-06-03 02:01:06Z] CHK MOM:-0.08% RANGE:0.08% UP:14.28% SPREAD:0.11827321% BID:0.1691 ASK:0.1693 MID:0.1692 P1:0.1692 P2:0.16925 P3:0.1693 P4:0.1693 STATE:IDLE
[2026-06-03 02:01:07Z] CHK MOM:-0.11% RANGE:0.11% UP:12.5% SPREAD:0.0591366% BID:0.1691 ASK:0.1692 MID:0.16915 P1:0.16915 P2:0.1692 P3:0.16925 P4:0.1693 STATE:IDLE
[2026-06-03 02:01:07Z] CHK MOM:-0.11% RANGE:0.11% UP:12.5% SPREAD:0.0591366% BID:0.1691 ASK:0.1692 MID:0.16915 P1:0.16915 P2:0.1692 P3:0.16925 P4:0.1693 STATE:IDLE
[2026-06-03 02:01:08Z] CHK MOM:-0.11% RANGE:0.11% UP:12.5% SPREAD:0.0591366% BID:0.1691 ASK:0.1692 MID:0.16915 P1:0.16915 P2:0.1692 P3:0.16925 P4:0.1693 STATE:IDLE
[2026-06-03 02:01:08Z] CHK MOM:-0.11% RANGE:0.11% UP:12.5% SPREAD:0.0591366% BID:0.1691 ASK:0.1692 MID:0.16915 P1:0.16915 P2:0.1692 P3:0.16925 P4:0.1693 STATE:IDLE
[2026-06-03 02:01:09Z] CHK MOM:-0.02% RANGE:0.08% UP:25% SPREAD:0.11827321% BID:0.1691 ASK:0.1693 MID:0.1692 P1:0.1692 P2:0.16915 P3:0.1692 P4:0.16925 STATE:IDLE
[2026-06-03 02:01:09Z] CHK MOM:-0.02% RANGE:0.08% UP:22.22% SPREAD:0.11827321% BID:0.1691 ASK:0.1693 MID:0.1692 P1:0.1692 P2:0.1692 P3:0.16915 P4:0.1692 STATE:IDLE
[2026-06-03 02:01:10Z] CHK MOM:-0.02% RANGE:0.08% UP:22.22% SPREAD:0.11827321% BID:0.1691 ASK:0.1693 MID:0.1692 P1:0.1692 P2:0.1692 P3:0.16915 P4:0.1692 STATE:IDLE
[2026-06-03 02:01:10Z] CHK MOM:-0.02% RANGE:0.08% UP:20% SPREAD:0.11827321% BID:0.1691 ASK:0.1693 MID:0.1692 P1:0.1692 P2:0.1692 P3:0.1692 P4:0.16915 STATE:IDLE
[2026-06-03 02:01:11Z] CHK MOM:-0.02% RANGE:0.08% UP:20% SPREAD:0.11827321% BID:0.1691 ASK:0.1693 MID:0.1692 P1:0.1692 P2:0.1692 P3:0.1692 P4:0.16915 STATE:IDLE
[2026-06-03 02:01:12Z] CHK MOM:-0.02% RANGE:0.08% UP:20% SPREAD:0.11827321% BID:0.1691 ASK:0.1693 MID:0.1692 P1:0.1692 P2:0.1692 P3:0.1692 P4:0.16915 STATE:IDLE
[2026-06-03 02:01:12Z] CHK MOM:-0.02% RANGE:0.08% UP:20% SPREAD:0.11827321% BID:0.1691 ASK:0.1693 MID:0.1692 P1:0.1692 P2:0.1692 P3:0.1692 P4:0.16915 STATE:IDLE
[2026-06-03 02:01:13Z] CHK MOM:-0.02% RANGE:0.08% UP:20% SPREAD:0.11827321% BID:0.1691 ASK:0.1693 MID:0.1692 P1:0.1692 P2:0.1692 P3:0.1692 P4:0.16915 STATE:IDLE
[2026-06-03 02:01:13Z] CHK MOM:-0.08% RANGE:0.08% UP:14.28% SPREAD:0.0591366% BID:0.1691 ASK:0.1692 MID:0.16915 P1:0.16915 P2:0.1692 P3:0.1692 P4:0.1692 STATE:IDLE
[2026-06-03 02:01:14Z] CHK MOM:-0.08% RANGE:0.08% UP:14.28% SPREAD:0.0591366% BID:0.1691 ASK:0.1692 MID:0.16915 P1:0.16915 P2:0.1692 P3:0.1692 P4:0.1692 STATE:IDLE
[2026-06-03 02:01:14Z] CHK MOM:-0.11% RANGE:0.11% UP:12.5% SPREAD:0.11834319% BID:0.169 ASK:0.1692 MID:0.1691 P1:0.1691 P2:0.16915 P3:0.1692 P4:0.1692 STATE:IDLE
[2026-06-03 02:01:15Z] CHK MOM:-0.11% RANGE:0.11% UP:12.5% SPREAD:0.11834319% BID:0.169 ASK:0.1692 MID:0.1691 P1:0.1691 P2:0.16915 P3:0.1692 P4:0.1692 STATE:IDLE
[2026-06-03 02:01:15Z] CHK MOM:-0.11% RANGE:0.11% UP:12.5% SPREAD:0.11834319% BID:0.169 ASK:0.1692 MID:0.1691 P1:0.1691 P2:0.16915 P3:0.1692 P4:0.1692 STATE:IDLE
[2026-06-03 02:01:16Z] CHK MOM:-0.11% RANGE:0.11% UP:12.5% SPREAD:0.11834319% BID:0.169 ASK:0.1692 MID:0.1691 P1:0.1691 P2:0.16915 P3:0.1692 P4:0.1692 STATE:IDLE
[2026-06-03 02:01:17Z] CHK MOM:-0.11% RANGE:0.11% UP:12.5% SPREAD:0.11834319% BID:0.169 ASK:0.1692 MID:0.1691 P1:0.1691 P2:0.16915 P3:0.1692 P4:0.1692 STATE:IDLE
[2026-06-03 02:01:19Z] CHK MOM:-0.08% RANGE:0.08% UP:0% SPREAD:0.05917159% BID:0.169 ASK:0.1691 MID:0.16905 P1:0.16905 P2:0.1691 P3:0.16915 P4:0.1692 STATE:IDLE
[2026-06-03 02:01:19Z] CHK MOM:-0.08% RANGE:0.08% UP:0% SPREAD:0.05917159% BID:0.169 ASK:0.1691 MID:0.16905 P1:0.16905 P2:0.1691 P3:0.16915 P4:0.1692 STATE:IDLE
[2026-06-03 02:01:20Z] CHK MOM:-0.08% RANGE:0.08% UP:0% SPREAD:0.05917159% BID:0.169 ASK:0.1691 MID:0.16905 P1:0.16905 P2:0.1691 P3:0.16915 P4:0.1692 STATE:IDLE
[2026-06-03 02:01:20Z] CHK MOM:-0.08% RANGE:0.08% UP:0% SPREAD:0.05917159% BID:0.169 ASK:0.1691 MID:0.16905 P1:0.16905 P2:0.1691 P3:0.16915 P4:0.1692 STATE:IDLE
[2026-06-03 02:01:21Z] CHK MOM:-0.08% RANGE:0.08% UP:0% SPREAD:0.05917159% BID:0.169 ASK:0.1691 MID:0.16905 P1:0.16905 P2:0.1691 P3:0.16915 P4:0.1692 STATE:IDLE
[2026-06-03 02:01:21Z] CHK MOM:-0.08% RANGE:0.08% UP:0% SPREAD:0.05917159% BID:0.169 ASK:0.1691 MID:0.16905 P1:0.16905 P2:0.1691 P3:0.16915 P4:0.1692 STATE:IDLE
[2026-06-03 02:01:25Z] CHK MOM:-0.08% RANGE:0.08% UP:0% SPREAD:0.11841326% BID:0.1689 ASK:0.1691 MID:0.16899999 P1:0.16899999 P2:0.16905 P3:0.1691 P4:0.16915 STATE:IDLE
[2026-06-03 02:01:26Z] CHK MOM:-0.08% RANGE:0.08% UP:0% SPREAD:0.11841326% BID:0.1689 ASK:0.1691 MID:0.16899999 P1:0.16899999 P2:0.16899999 P3:0.16905 P4:0.1691 STATE:IDLE
[2026-06-03 02:01:26Z] CHK MOM:-0.02% RANGE:0.02% UP:0% SPREAD:0.11841326% BID:0.1689 ASK:0.1691 MID:0.16899999 P1:0.16899999 P2:0.16899999 P3:0.16899999 P4:0.16905 STATE:IDLE
[2026-06-03 02:01:27Z] CHK MOM:-0.02% RANGE:0.02% UP:0% SPREAD:0.11841326% BID:0.1689 ASK:0.1691 MID:0.16899999 P1:0.16899999 P2:0.16899999 P3:0.16899999 P4:0.16905 STATE:IDLE
[2026-06-03 02:01:27Z] CHK MOM:0% RANGE:0.02% UP:25% SPREAD:0.17761989% BID:0.1689 ASK:0.1692 MID:0.16904999 P1:0.16904999 P2:0.16899999 P3:0.16899999 P4:0.16899999 STATE:IDLE
[2026-06-03 02:01:28Z] CHK MOM:0% RANGE:0.02% UP:20% SPREAD:0.17761989% BID:0.1689 ASK:0.1692 MID:0.16904999 P1:0.16904999 P2:0.16904999 P3:0.16899999 P4:0.16899999 STATE:IDLE
[2026-06-03 02:01:28Z] CHK MOM:0.02% RANGE:0.05% UP:33.33% SPREAD:0.11834319% BID:0.169 ASK:0.1692 MID:0.1691 P1:0.1691 P2:0.16904999 P3:0.16904999 P4:0.16899999 STATE:IDLE
[2026-06-03 02:01:29Z] CHK MOM:0% RANGE:0.05% UP:28.57% SPREAD:0.17761989% BID:0.1689 ASK:0.1692 MID:0.16904999 P1:0.16904999 P2:0.1691 P3:0.16904999 P4:0.16904999 STATE:IDLE
[2026-06-03 02:01:29Z] CHK MOM:0% RANGE:0.05% UP:25% SPREAD:0.17761989% BID:0.1689 ASK:0.1692 MID:0.16904999 P1:0.16904999 P2:0.16904999 P3:0.1691 P4:0.16904999 STATE:IDLE
[2026-06-03 02:01:30Z] CHK MOM:0% RANGE:0.05% UP:25% SPREAD:0.17761989% BID:0.1689 ASK:0.1692 MID:0.16904999 P1:0.16904999 P2:0.16904999 P3:0.1691 P4:0.16904999 STATE:IDLE
[2026-06-03 02:01:31Z] CHK MOM:0% RANGE:0.05% UP:25% SPREAD:0.17761989% BID:0.1689 ASK:0.1692 MID:0.16904999 P1:0.16904999 P2:0.16904999 P3:0.1691 P4:0.16904999 STATE:IDLE
[2026-06-03 02:01:31Z] CHK MOM:0% RANGE:0.05% UP:25% SPREAD:0.17761989% BID:0.1689 ASK:0.1692 MID:0.16904999 P1:0.16904999 P2:0.16904999 P3:0.1691 P4:0.16904999 STATE:IDLE
[2026-06-03 02:01:32Z] CHK MOM:0.02% RANGE:0.05% UP:25% SPREAD:0.17761989% BID:0.1689 ASK:0.1692 MID:0.16904999 P1:0.16904999 P2:0.16904999 P3:0.16904999 P4:0.1691 STATE:IDLE
[2026-06-03 02:01:32Z] CHK MOM:0.02% RANGE:0.05% UP:25% SPREAD:0.17761989% BID:0.1689 ASK:0.1692 MID:0.16904999 P1:0.16904999 P2:0.16904999 P3:0.16904999 P4:0.1691 STATE:IDLE
[2026-06-03 02:01:33Z] CHK MOM:0.02% RANGE:0.05% UP:22.22% SPREAD:0.17761989% BID:0.1689 ASK:0.1692 MID:0.16904999 P1:0.16904999 P2:0.16904999 P3:0.16904999 P4:0.16904999 STATE:IDLE
[2026-06-03 02:01:33Z] CHK MOM:0.02% RANGE:0.05% UP:20% SPREAD:0.17761989% BID:0.1689 ASK:0.1692 MID:0.16904999 P1:0.16904999 P2:0.16904999 P3:0.16904999 P4:0.16904999 STATE:IDLE
[2026-06-03 02:01:34Z] CHK MOM:0.11% RANGE:0.11% UP:27.27% SPREAD:0.11827321% BID:0.1691 ASK:0.1693 MID:0.1692 P1:0.1692 P2:0.16904999 P3:0.16904999 P4:0.16904999 STATE:IDLE
[2026-06-03 02:01:34Z] CHK MOM:0.11% RANGE:0.11% UP:27.27% SPREAD:0.11827321% BID:0.1691 ASK:0.1693 MID:0.1692 P1:0.1692 P2:0.16904999 P3:0.16904999 P4:0.16904999 STATE:IDLE
[2026-06-03 02:01:35Z] CHK MOM:0.14% RANGE:0.14% UP:33.33% SPREAD:0.17740981% BID:0.1691 ASK:0.1694 MID:0.16925 P1:0.16925 P2:0.1692 P3:0.16904999 P4:0.16904999 STATE:IDLE
[2026-06-03 02:01:35Z] CHK MOM:0.14% RANGE:0.14% UP:30.76% SPREAD:0.17740981% BID:0.1691 ASK:0.1694 MID:0.16925 P1:0.16925 P2:0.16925 P3:0.1692 P4:0.16904999 STATE:IDLE
[2026-06-03 02:01:36Z] CHK MOM:0.14% RANGE:0.14% UP:28.57% SPREAD:0.17740981% BID:0.1691 ASK:0.1694 MID:0.16925 P1:0.16925 P2:0.16925 P3:0.16925 P4:0.1692 STATE:IDLE
[2026-06-03 02:01:37Z] CHK MOM:0.14% RANGE:0.14% UP:26.66% SPREAD:0.17740981% BID:0.1691 ASK:0.1694 MID:0.16925 P1:0.16925 P2:0.16925 P3:0.16925 P4:0.16925 STATE:IDLE
[2026-06-03 02:01:37Z] CHK MOM:0.14% RANGE:0.14% UP:26.66% SPREAD:0.17740981% BID:0.1691 ASK:0.1694 MID:0.16925 P1:0.16925 P2:0.16925 P3:0.16925 P4:0.16925 STATE:IDLE
[2026-06-03 02:01:38Z] CHK MOM:0.08% RANGE:0.14% UP:28.57% SPREAD:0.17751479% BID:0.169 ASK:0.1693 MID:0.16915 P1:0.16915 P2:0.16925 P3:0.16925 P4:0.16925 STATE:IDLE
[2026-06-03 02:01:38Z] CHK MOM:0.05% RANGE:0.14% UP:26.66% SPREAD:0.11834319% BID:0.169 ASK:0.1692 MID:0.1691 P1:0.1691 P2:0.16915 P3:0.16925 P4:0.16925 STATE:IDLE
[2026-06-03 02:01:39Z] CHK MOM:0.05% RANGE:0.14% UP:26.66% SPREAD:0.11834319% BID:0.169 ASK:0.1692 MID:0.1691 P1:0.1691 P2:0.16915 P3:0.16925 P4:0.16925 STATE:IDLE
[2026-06-03 02:01:39Z] CHK MOM:0.05% RANGE:0.14% UP:26.66% SPREAD:0.11834319% BID:0.169 ASK:0.1692 MID:0.1691 P1:0.1691 P2:0.16915 P3:0.16925 P4:0.16925 STATE:IDLE
[2026-06-03 02:01:40Z] CHK MOM:0% RANGE:0.11% UP:21.42% SPREAD:0.17761989% BID:0.1689 ASK:0.1692 MID:0.16904999 P1:0.16904999 P2:0.1691 P3:0.16915 P4:0.16925 STATE:IDLE
[2026-06-03 02:01:40Z] CHK MOM:-0.02% RANGE:0.11% UP:14.28% SPREAD:0.17761989% BID:0.1689 ASK:0.1692 MID:0.16904999 P1:0.16904999 P2:0.16904999 P3:0.1691 P4:0.16915 STATE:IDLE
[2026-06-03 02:01:41Z] CHK MOM:-0.02% RANGE:0.14% UP:14.28% SPREAD:0.11841326% BID:0.1689 ASK:0.1691 MID:0.16899999 P1:0.16899999 P2:0.16904999 P3:0.16904999 P4:0.1691 STATE:IDLE
[2026-06-03 02:01:42Z] CHK MOM:-0.02% RANGE:0.14% UP:14.28% SPREAD:0.11841326% BID:0.1689 ASK:0.1691 MID:0.16899999 P1:0.16899999 P2:0.16904999 P3:0.16904999 P4:0.1691 STATE:IDLE
[2026-06-03 02:01:42Z] CHK MOM:0% RANGE:0.14% UP:23.07% SPREAD:0.17761989% BID:0.1689 ASK:0.1692 MID:0.16904999 P1:0.16904999 P2:0.16899999 P3:0.16904999 P4:0.16904999 STATE:IDLE
[2026-06-03 02:01:43Z] CHK MOM:0% RANGE:0.14% UP:23.07% SPREAD:0.17761989% BID:0.1689 ASK:0.1692 MID:0.16904999 P1:0.16904999 P2:0.16899999 P3:0.16904999 P4:0.16904999 STATE:IDLE
[2026-06-03 02:01:43Z] CHK MOM:-0.02% RANGE:0.14% UP:21.42% SPREAD:0.11841326% BID:0.1689 ASK:0.1691 MID:0.16899999 P1:0.16899999 P2:0.16904999 P3:0.16899999 P4:0.16904999 STATE:IDLE
[2026-06-03 02:01:44Z] CHK MOM:-0.02% RANGE:0.14% UP:20% SPREAD:0.11841326% BID:0.1689 ASK:0.1691 MID:0.16899999 P1:0.16899999 P2:0.16899999 P3:0.16904999 P4:0.16899999 STATE:IDLE
[2026-06-03 02:01:44Z] CHK MOM:-0.02% RANGE:0.14% UP:20% SPREAD:0.11841326% BID:0.1689 ASK:0.1691 MID:0.16899999 P1:0.16899999 P2:0.16899999 P3:0.16904999 P4:0.16899999 STATE:IDLE
[2026-06-03 02:01:45Z] CHK MOM:-0.02% RANGE:0.14% UP:20% SPREAD:0.11841326% BID:0.1689 ASK:0.1691 MID:0.16899999 P1:0.16899999 P2:0.16899999 P3:0.16904999 P4:0.16899999 STATE:IDLE
[2026-06-03 02:01:45Z] CHK MOM:-0.02% RANGE:0.14% UP:20% SPREAD:0.11841326% BID:0.1689 ASK:0.1691 MID:0.16899999 P1:0.16899999 P2:0.16899999 P3:0.16904999 P4:0.16899999 STATE:IDLE
[2026-06-03 02:01:46Z] CHK MOM:-0.17% RANGE:0.17% UP:8.33% SPREAD:0.05920663% BID:0.1689 ASK:0.169 MID:0.16895 P1:0.16895 P2:0.16899999 P3:0.16899999 P4:0.16904999 STATE:IDLE
[2026-06-03 02:01:46Z] CHK MOM:-0.17% RANGE:0.17% UP:8.33% SPREAD:0.05920663% BID:0.1689 ASK:0.169 MID:0.16895 P1:0.16895 P2:0.16899999 P3:0.16899999 P4:0.16904999 STATE:IDLE
[2026-06-03 02:01:47Z] CHK MOM:-0.17% RANGE:0.17% UP:8.33% SPREAD:0.05920663% BID:0.1689 ASK:0.169 MID:0.16895 P1:0.16895 P2:0.16899999 P3:0.16899999 P4:0.16904999 STATE:IDLE
[2026-06-03 02:01:48Z] CHK MOM:-0.17% RANGE:0.17% UP:8.33% SPREAD:0.05920663% BID:0.1689 ASK:0.169 MID:0.16895 P1:0.16895 P2:0.16899999 P3:0.16899999 P4:0.16904999 STATE:IDLE
[2026-06-03 02:01:48Z] CHK MOM:-0.17% RANGE:0.17% UP:8.33% SPREAD:0.05920663% BID:0.1689 ASK:0.169 MID:0.16895 P1:0.16895 P2:0.16899999 P3:0.16899999 P4:0.16904999 STATE:IDLE
[2026-06-03 02:01:49Z] CHK MOM:-0.17% RANGE:0.17% UP:11.11% SPREAD:0.0592417% BID:0.1688 ASK:0.1689 MID:0.16885 P1:0.16885 P2:0.16895 P3:0.16899999 P4:0.16899999 STATE:IDLE
[2026-06-03 02:01:49Z] CHK MOM:-0.17% RANGE:0.17% UP:11.11% SPREAD:0.0592417% BID:0.1688 ASK:0.1689 MID:0.16885 P1:0.16885 P2:0.16895 P3:0.16899999 P4:0.16899999 STATE:IDLE
[2026-06-03 02:01:50Z] CHK MOM:-0.17% RANGE:0.17% UP:11.11% SPREAD:0.0592417% BID:0.1688 ASK:0.1689 MID:0.16885 P1:0.16885 P2:0.16895 P3:0.16899999 P4:0.16899999 STATE:IDLE
[2026-06-03 02:01:50Z] CHK MOM:-0.14% RANGE:0.14% UP:11.11% SPREAD:0.0592417% BID:0.1688 ASK:0.1689 MID:0.16885 P1:0.16885 P2:0.16885 P3:0.16895 P4:0.16899999 STATE:IDLE
[2026-06-03 02:01:51Z] CHK MOM:-0.14% RANGE:0.14% UP:11.11% SPREAD:0.0592417% BID:0.1688 ASK:0.1689 MID:0.16885 P1:0.16885 P2:0.16885 P3:0.16895 P4:0.16899999 STATE:IDLE
[2026-06-03 02:01:51Z] CHK MOM:-0.14% RANGE:0.14% UP:11.11% SPREAD:0.0592417% BID:0.1688 ASK:0.1689 MID:0.16885 P1:0.16885 P2:0.16885 P3:0.16895 P4:0.16899999 STATE:IDLE
[2026-06-03 02:01:52Z] CHK MOM:-0.14% RANGE:0.14% UP:11.11% SPREAD:0.0592417% BID:0.1688 ASK:0.1689 MID:0.16885 P1:0.16885 P2:0.16885 P3:0.16895 P4:0.16899999 STATE:IDLE
[2026-06-03 02:01:53Z] CHK MOM:-0.14% RANGE:0.14% UP:11.11% SPREAD:0.0592417% BID:0.1688 ASK:0.1689 MID:0.16885 P1:0.16885 P2:0.16885 P3:0.16895 P4:0.16899999 STATE:IDLE
[2026-06-03 02:01:54Z] CHK MOM:-0.05% RANGE:0.08% UP:20% SPREAD:0.11848341% BID:0.1688 ASK:0.169 MID:0.1689 P1:0.1689 P2:0.16885 P3:0.16885 P4:0.16895 STATE:IDLE
[2026-06-03 02:01:55Z] CHK MOM:-0.05% RANGE:0.08% UP:16.66% SPREAD:0.11848341% BID:0.1688 ASK:0.169 MID:0.1689 P1:0.1689 P2:0.1689 P3:0.16885 P4:0.16885 STATE:IDLE
[2026-06-03 02:01:55Z] CHK MOM:-0.08% RANGE:0.08% UP:14.28% SPREAD:0.0592417% BID:0.1688 ASK:0.1689 MID:0.16885 P1:0.16885 P2:0.1689 P3:0.1689 P4:0.16885 STATE:IDLE
[2026-06-03 02:01:56Z] CHK MOM:-0.14% RANGE:0.14% UP:16.66% SPREAD:0.11862396% BID:0.1686 ASK:0.1688 MID:0.1687 P1:0.1687 P2:0.16885 P3:0.1689 P4:0.1689 STATE:IDLE
[2026-06-03 02:01:56Z] CHK MOM:-0.14% RANGE:0.14% UP:14.28% SPREAD:0.11862396% BID:0.1686 ASK:0.1688 MID:0.1687 P1:0.1687 P2:0.1687 P3:0.16885 P4:0.1689 STATE:IDLE
[2026-06-03 02:01:57Z] CHK MOM:-0.14% RANGE:0.14% UP:14.28% SPREAD:0.11862396% BID:0.1686 ASK:0.1688 MID:0.1687 P1:0.1687 P2:0.1687 P3:0.16885 P4:0.1689 STATE:IDLE
[2026-06-03 02:01:57Z] CHK MOM:-0.14% RANGE:0.14% UP:14.28% SPREAD:0.11862396% BID:0.1686 ASK:0.1688 MID:0.1687 P1:0.1687 P2:0.1687 P3:0.16885 P4:0.1689 STATE:IDLE
[2026-06-03 02:01:58Z] CHK MOM:-0.14% RANGE:0.14% UP:14.28% SPREAD:0.11862396% BID:0.1686 ASK:0.1688 MID:0.1687 P1:0.1687 P2:0.1687 P3:0.16885 P4:0.1689 STATE:IDLE
[2026-06-03 02:01:59Z] CHK MOM:-0.05% RANGE:0.11% UP:28.57% SPREAD:0.17793594% BID:0.1686 ASK:0.1689 MID:0.16875 P1:0.16875 P2:0.1687 P3:0.1687 P4:0.16885 STATE:IDLE
[2026-06-03 02:01:59Z] CHK MOM:-0.08% RANGE:0.11% UP:25% SPREAD:0.11862396% BID:0.1686 ASK:0.1688 MID:0.1687 P1:0.1687 P2:0.16875 P3:0.1687 P4:0.1687 STATE:IDLE
[2026-06-03 02:02:00Z] CHK MOM:-0.05% RANGE:0.11% UP:33.33% SPREAD:0.17793594% BID:0.1686 ASK:0.1689 MID:0.16875 P1:0.16875 P2:0.1687 P3:0.16875 P4:0.1687 STATE:IDLE
[2026-06-03 02:02:00Z] CHK MOM:-0.05% RANGE:0.11% UP:30% SPREAD:0.17793594% BID:0.1686 ASK:0.1689 MID:0.16875 P1:0.16875 P2:0.16875 P3:0.1687 P4:0.16875 STATE:IDLE
[2026-06-03 02:02:01Z] CHK MOM:-0.05% RANGE:0.11% UP:30% SPREAD:0.17793594% BID:0.1686 ASK:0.1689 MID:0.16875 P1:0.16875 P2:0.16875 P3:0.16875 P4:0.1687 STATE:IDLE
[2026-06-03 02:02:01Z] CHK MOM:0% RANGE:0.11% UP:36.36% SPREAD:0.17783046% BID:0.1687 ASK:0.169 MID:0.16885 P1:0.16885 P2:0.16875 P3:0.16875 P4:0.16875 STATE:IDLE
[2026-06-03 02:02:02Z] CHK MOM:0% RANGE:0.11% UP:33.33% SPREAD:0.17783046% BID:0.1687 ASK:0.169 MID:0.16885 P1:0.16885 P2:0.16885 P3:0.16875 P4:0.16875 STATE:IDLE
[2026-06-03 02:02:02Z] CHK MOM:0% RANGE:0.11% UP:33.33% SPREAD:0.17783046% BID:0.1687 ASK:0.169 MID:0.16885 P1:0.16885 P2:0.16885 P3:0.16875 P4:0.16875 STATE:IDLE
[2026-06-03 02:02:03Z] CHK MOM:-0.02% RANGE:0.11% UP:25% SPREAD:0.17783046% BID:0.1687 ASK:0.169 MID:0.16885 P1:0.16885 P2:0.16885 P3:0.16885 P4:0.16875 STATE:IDLE
[2026-06-03 02:02:04Z] CHK MOM:-0.05% RANGE:0.11% UP:23.07% SPREAD:0.11855364% BID:0.1687 ASK:0.1689 MID:0.1688 P1:0.1688 P2:0.16885 P3:0.16885 P4:0.16885 STATE:IDLE
[2026-06-03 02:02:04Z] CHK MOM:-0.05% RANGE:0.11% UP:23.07% SPREAD:0.11855364% BID:0.1687 ASK:0.1689 MID:0.1688 P1:0.1688 P2:0.16885 P3:0.16885 P4:0.16885 STATE:IDLE
[2026-06-03 02:02:05Z] CHK MOM:-0.05% RANGE:0.11% UP:23.07% SPREAD:0.11855364% BID:0.1687 ASK:0.1689 MID:0.1688 P1:0.1688 P2:0.16885 P3:0.16885 P4:0.16885 STATE:IDLE
[2026-06-03 02:02:05Z] CHK MOM:-0.02% RANGE:0.11% UP:28.57% SPREAD:0.17783046% BID:0.1687 ASK:0.169 MID:0.16885 P1:0.16885 P2:0.1688 P3:0.16885 P4:0.16885 STATE:IDLE
[2026-06-03 02:02:06Z] CHK MOM:-0.02% RANGE:0.11% UP:26.66% SPREAD:0.17783046% BID:0.1687 ASK:0.169 MID:0.16885 P1:0.16885 P2:0.16885 P3:0.1688 P4:0.16885 STATE:IDLE
[2026-06-03 02:02:06Z] CHK MOM:-0.02% RANGE:0.11% UP:26.66% SPREAD:0.17783046% BID:0.1687 ASK:0.169 MID:0.16885 P1:0.16885 P2:0.16885 P3:0.1688 P4:0.16885 STATE:IDLE
[2026-06-03 02:02:07Z] CHK MOM:-0.02% RANGE:0.11% UP:26.66% SPREAD:0.17783046% BID:0.1687 ASK:0.169 MID:0.16885 P1:0.16885 P2:0.16885 P3:0.1688 P4:0.16885 STATE:IDLE
[2026-06-03 02:02:07Z] CHK MOM:-0.02% RANGE:0.11% UP:26.66% SPREAD:0.17783046% BID:0.1687 ASK:0.169 MID:0.16885 P1:0.16885 P2:0.16885 P3:0.1688 P4:0.16885 STATE:IDLE
[2026-06-03 02:02:08Z] CHK MOM:-0.02% RANGE:0.11% UP:26.66% SPREAD:0.17783046% BID:0.1687 ASK:0.169 MID:0.16885 P1:0.16885 P2:0.16885 P3:0.1688 P4:0.16885 STATE:IDLE
[2026-06-03 02:02:08Z] CHK MOM:-0.02% RANGE:0.11% UP:26.66% SPREAD:0.17783046% BID:0.1687 ASK:0.169 MID:0.16885 P1:0.16885 P2:0.16885 P3:0.1688 P4:0.16885 STATE:IDLE
[2026-06-03 02:02:09Z] CHK MOM:0.05% RANGE:0.08% UP:27.27% SPREAD:0.17783046% BID:0.1687 ASK:0.169 MID:0.16885 P1:0.16885 P2:0.16885 P3:0.16885 P4:0.1688 STATE:IDLE
[2026-06-03 02:02:09Z] TOKEN_SWITCH old=ALLOUSDC new=RENDERUSDC source=.service.env
[2026-06-03 02:06:15Z] SESSION_START symbol=ALLOUSDC dry_run=0 profile=major strategy=momentum base_url=https://api.binance.com
[2026-06-03 02:06:15Z] TOXIC_MEMORY_LOADED count=2 symbols=ORDIUSDC,TONUSDC
[2026-06-03 02:06:24Z] CHK MOM:0% RANGE:0% UP:0% SPREAD:0.05938242% BID:0.1684 ASK:0.1685 MID:0.16845 P1:0.16845 P2:NA P3:NA P4:NA STATE:IDLE
[2026-06-03 02:06:25Z] CHK MOM:0% RANGE:0% UP:0% SPREAD:0.05938242% BID:0.1684 ASK:0.1685 MID:0.16845 P1:0.16845 P2:NA P3:NA P4:NA STATE:IDLE
[2026-06-03 02:06:25Z] CHK MOM:0% RANGE:0% UP:0% SPREAD:0.05938242% BID:0.1684 ASK:0.1685 MID:0.16845 P1:0.16845 P2:NA P3:NA P4:NA STATE:IDLE
[2026-06-03 02:06:26Z] CHK MOM:-0.02% RANGE:0.02% UP:0% SPREAD:0.11883541% BID:0.1683 ASK:0.1685 MID:0.1684 P1:0.1684 P2:0.16845 P3:NA P4:NA STATE:IDLE
[2026-06-03 02:06:26Z] CHK MOM:-0.02% RANGE:0.02% UP:0% SPREAD:0.11883541% BID:0.1683 ASK:0.1685 MID:0.1684 P1:0.1684 P2:0.16845 P3:NA P4:NA STATE:IDLE
[2026-06-03 02:06:27Z] CHK MOM:0% RANGE:0.02% UP:50% SPREAD:0.17825311% BID:0.1683 ASK:0.1686 MID:0.16845 P1:0.16845 P2:0.1684 P3:0.16845 P4:NA STATE:IDLE
[2026-06-03 02:06:27Z] CHK MOM:-0.02% RANGE:0.02% UP:33.33% SPREAD:0.11883541% BID:0.1683 ASK:0.1685 MID:0.1684 P1:0.1684 P2:0.16845 P3:0.1684 P4:0.16845 STATE:IDLE
[2026-06-03 02:06:28Z] CHK MOM:-0.02% RANGE:0.02% UP:33.33% SPREAD:0.11883541% BID:0.1683 ASK:0.1685 MID:0.1684 P1:0.1684 P2:0.16845 P3:0.1684 P4:0.16845 STATE:IDLE
[2026-06-03 02:06:28Z] CHK MOM:-0.02% RANGE:0.02% UP:33.33% SPREAD:0.11883541% BID:0.1683 ASK:0.1685 MID:0.1684 P1:0.1684 P2:0.16845 P3:0.1684 P4:0.16845 STATE:IDLE
[2026-06-03 02:06:29Z] CHK MOM:-0.02% RANGE:0.02% UP:33.33% SPREAD:0.11883541% BID:0.1683 ASK:0.1685 MID:0.1684 P1:0.1684 P2:0.16845 P3:0.1684 P4:0.16845 STATE:IDLE
[2026-06-03 02:06:30Z] CHK MOM:-0.02% RANGE:0.02% UP:33.33% SPREAD:0.11883541% BID:0.1683 ASK:0.1685 MID:0.1684 P1:0.1684 P2:0.16845 P3:0.1684 P4:0.16845 STATE:IDLE
[2026-06-03 02:06:31Z] CHK MOM:-0.02% RANGE:0.02% UP:25% SPREAD:0.11883541% BID:0.1683 ASK:0.1685 MID:0.1684 P1:0.1684 P2:0.1684 P3:0.16845 P4:0.1684 STATE:IDLE
[2026-06-03 02:06:32Z] CHK MOM:-0.02% RANGE:0.02% UP:25% SPREAD:0.11883541% BID:0.1683 ASK:0.1685 MID:0.1684 P1:0.1684 P2:0.1684 P3:0.16845 P4:0.1684 STATE:IDLE
[2026-06-03 02:06:32Z] CHK MOM:-0.02% RANGE:0.02% UP:25% SPREAD:0.11883541% BID:0.1683 ASK:0.1685 MID:0.1684 P1:0.1684 P2:0.1684 P3:0.16845 P4:0.1684 STATE:IDLE
[2026-06-03 02:06:33Z] CHK MOM:-0.02% RANGE:0.02% UP:25% SPREAD:0.11883541% BID:0.1683 ASK:0.1685 MID:0.1684 P1:0.1684 P2:0.1684 P3:0.16845 P4:0.1684 STATE:IDLE
[2026-06-03 02:06:33Z] CHK MOM:-0.02% RANGE:0.02% UP:25% SPREAD:0.11883541% BID:0.1683 ASK:0.1685 MID:0.1684 P1:0.1684 P2:0.1684 P3:0.16845 P4:0.1684 STATE:IDLE
[2026-06-03 02:06:34Z] CHK MOM:-0.02% RANGE:0.02% UP:25% SPREAD:0.11883541% BID:0.1683 ASK:0.1685 MID:0.1684 P1:0.1684 P2:0.1684 P3:0.16845 P4:0.1684 STATE:IDLE
[2026-06-03 02:06:35Z] CHK MOM:-0.05% RANGE:0.05% UP:20% SPREAD:0.0594177% BID:0.1683 ASK:0.1684 MID:0.16835 P1:0.16835 P2:0.1684 P3:0.1684 P4:0.16845 STATE:IDLE
[2026-06-03 02:06:36Z] CHK MOM:-0.08% RANGE:0.08% UP:16.66% SPREAD:0.11890606% BID:0.1682 ASK:0.1684 MID:0.1683 P1:0.1683 P2:0.16835 P3:0.1684 P4:0.1684 STATE:IDLE
[2026-06-03 02:06:36Z] CHK MOM:-0.08% RANGE:0.08% UP:16.66% SPREAD:0.11890606% BID:0.1682 ASK:0.1684 MID:0.1683 P1:0.1683 P2:0.16835 P3:0.1684 P4:0.1684 STATE:IDLE
[2026-06-03 02:06:37Z] CHK MOM:-0.08% RANGE:0.08% UP:16.66% SPREAD:0.11890606% BID:0.1682 ASK:0.1684 MID:0.1683 P1:0.1683 P2:0.16835 P3:0.1684 P4:0.1684 STATE:IDLE
[2026-06-03 02:06:37Z] CHK MOM:-0.08% RANGE:0.11% UP:16.66% SPREAD:0.05945303% BID:0.1682 ASK:0.1683 MID:0.16825 P1:0.16825 P2:0.1683 P3:0.16835 P4:0.1684 STATE:IDLE
[2026-06-03 02:06:38Z] CHK MOM:-0.08% RANGE:0.11% UP:16.66% SPREAD:0.05945303% BID:0.1682 ASK:0.1683 MID:0.16825 P1:0.16825 P2:0.1683 P3:0.16835 P4:0.1684 STATE:IDLE
[2026-06-03 02:06:38Z] CHK MOM:-0.08% RANGE:0.11% UP:16.66% SPREAD:0.05945303% BID:0.1682 ASK:0.1683 MID:0.16825 P1:0.16825 P2:0.1683 P3:0.16835 P4:0.1684 STATE:IDLE
[2026-06-03 02:06:39Z] CHK MOM:-0.08% RANGE:0.11% UP:16.66% SPREAD:0.05945303% BID:0.1682 ASK:0.1683 MID:0.16825 P1:0.16825 P2:0.1683 P3:0.16835 P4:0.1684 STATE:IDLE
[2026-06-03 02:06:39Z] CHK MOM:-0.08% RANGE:0.11% UP:16.66% SPREAD:0.05945303% BID:0.1682 ASK:0.1683 MID:0.16825 P1:0.16825 P2:0.1683 P3:0.16835 P4:0.1684 STATE:IDLE
[2026-06-03 02:06:40Z] CHK MOM:-0.08% RANGE:0.11% UP:16.66% SPREAD:0.05945303% BID:0.1682 ASK:0.1683 MID:0.16825 P1:0.16825 P2:0.1683 P3:0.16835 P4:0.1684 STATE:IDLE
[2026-06-03 02:06:48Z] CHK MOM:-0.05% RANGE:0.05% UP:0% SPREAD:0.05948839% BID:0.1681 ASK:0.1682 MID:0.16815 P1:0.16815 P2:0.16825 P3:0.1683 P4:0.16835 STATE:IDLE
[2026-06-03 02:06:49Z] CHK MOM:-0.05% RANGE:0.05% UP:0% SPREAD:0.05948839% BID:0.1681 ASK:0.1682 MID:0.16815 P1:0.16815 P2:0.16825 P3:0.1683 P4:0.16835 STATE:IDLE
[2026-06-03 02:06:49Z] CHK MOM:-0.05% RANGE:0.05% UP:0% SPREAD:0.05948839% BID:0.1681 ASK:0.1682 MID:0.16815 P1:0.16815 P2:0.16825 P3:0.1683 P4:0.16835 STATE:IDLE
[2026-06-03 02:06:50Z] CHK MOM:-0.05% RANGE:0.05% UP:0% SPREAD:0.05948839% BID:0.1681 ASK:0.1682 MID:0.16815 P1:0.16815 P2:0.16825 P3:0.1683 P4:0.16835 STATE:IDLE
[2026-06-03 02:06:50Z] CHK MOM:-0.05% RANGE:0.05% UP:0% SPREAD:0.05948839% BID:0.1681 ASK:0.1682 MID:0.16815 P1:0.16815 P2:0.16825 P3:0.1683 P4:0.16835 STATE:IDLE
[2026-06-03 02:06:51Z] CHK MOM:-0.08% RANGE:0.08% UP:0% SPREAD:0.11911852% BID:0.1679 ASK:0.1681 MID:0.16799999 P1:0.16799999 P2:0.16815 P3:0.16825 P4:0.1683 STATE:IDLE
[2026-06-03 02:06:51Z] CHK MOM:-0.08% RANGE:0.08% UP:0% SPREAD:0.11911852% BID:0.1679 ASK:0.1681 MID:0.16799999 P1:0.16799999 P2:0.16815 P3:0.16825 P4:0.1683 STATE:IDLE
[2026-06-03 02:06:52Z] CHK MOM:-0.08% RANGE:0.08% UP:0% SPREAD:0.11911852% BID:0.1679 ASK:0.1681 MID:0.16799999 P1:0.16799999 P2:0.16815 P3:0.16825 P4:0.1683 STATE:IDLE
[2026-06-03 02:06:52Z] CHK MOM:-0.08% RANGE:0.08% UP:0% SPREAD:0.11911852% BID:0.1679 ASK:0.1681 MID:0.16799999 P1:0.16799999 P2:0.16815 P3:0.16825 P4:0.1683 STATE:IDLE
[2026-06-03 02:06:53Z] CHK MOM:-0.08% RANGE:0.08% UP:0% SPREAD:0.11911852% BID:0.1679 ASK:0.1681 MID:0.16799999 P1:0.16799999 P2:0.16815 P3:0.16825 P4:0.1683 STATE:IDLE
[2026-06-03 02:06:54Z] CHK MOM:-0.08% RANGE:0.08% UP:0% SPREAD:0.11911852% BID:0.1679 ASK:0.1681 MID:0.16799999 P1:0.16799999 P2:0.16815 P3:0.16825 P4:0.1683 STATE:IDLE
[2026-06-03 02:06:55Z] CHK MOM:-0.11% RANGE:0.11% UP:0% SPREAD:0.05955926% BID:0.1679 ASK:0.168 MID:0.16795 P1:0.16795 P2:0.16799999 P3:0.16815 P4:0.16825 STATE:IDLE
[2026-06-03 02:06:55Z] CHK MOM:-0.11% RANGE:0.11% UP:0% SPREAD:0.05955926% BID:0.1679 ASK:0.168 MID:0.16795 P1:0.16795 P2:0.16799999 P3:0.16815 P4:0.16825 STATE:IDLE
[2026-06-03 02:06:56Z] CHK MOM:-0.08% RANGE:0.11% UP:33.33% SPREAD:0.11911852% BID:0.1679 ASK:0.1681 MID:0.16799999 P1:0.16799999 P2:0.16795 P3:0.16799999 P4:0.16815 STATE:IDLE
[2026-06-03 02:06:56Z] CHK MOM:-0.08% RANGE:0.11% UP:33.33% SPREAD:0.11911852% BID:0.1679 ASK:0.1681 MID:0.16799999 P1:0.16799999 P2:0.16795 P3:0.16799999 P4:0.16815 STATE:IDLE
[2026-06-03 02:06:57Z] CHK MOM:-0.08% RANGE:0.11% UP:33.33% SPREAD:0.11911852% BID:0.1679 ASK:0.1681 MID:0.16799999 P1:0.16799999 P2:0.16795 P3:0.16799999 P4:0.16815 STATE:IDLE
[2026-06-03 02:06:57Z] CHK MOM:-0.08% RANGE:0.11% UP:33.33% SPREAD:0.11911852% BID:0.1679 ASK:0.1681 MID:0.16799999 P1:0.16799999 P2:0.16795 P3:0.16799999 P4:0.16815 STATE:IDLE
[2026-06-03 02:06:58Z] CHK MOM:-0.08% RANGE:0.11% UP:25% SPREAD:0.11911852% BID:0.1679 ASK:0.1681 MID:0.16799999 P1:0.16799999 P2:0.16799999 P3:0.16795 P4:0.16799999 STATE:IDLE
[2026-06-03 02:06:58Z] CHK MOM:-0.08% RANGE:0.11% UP:25% SPREAD:0.11911852% BID:0.1679 ASK:0.1681 MID:0.16799999 P1:0.16799999 P2:0.16799999 P3:0.16795 P4:0.16799999 STATE:IDLE
[2026-06-03 02:06:59Z] CHK MOM:-0.08% RANGE:0.11% UP:25% SPREAD:0.11911852% BID:0.1679 ASK:0.1681 MID:0.16799999 P1:0.16799999 P2:0.16799999 P3:0.16795 P4:0.16799999 STATE:IDLE
[2026-06-03 02:07:00Z] CHK MOM:-0.08% RANGE:0.11% UP:25% SPREAD:0.11911852% BID:0.1679 ASK:0.1681 MID:0.16799999 P1:0.16799999 P2:0.16799999 P3:0.16795 P4:0.16799999 STATE:IDLE
[2026-06-03 02:07:00Z] CHK MOM:-0.08% RANGE:0.11% UP:25% SPREAD:0.11911852% BID:0.1679 ASK:0.1681 MID:0.16799999 P1:0.16799999 P2:0.16799999 P3:0.16795 P4:0.16799999 STATE:IDLE
[2026-06-03 02:07:01Z] CHK MOM:0% RANGE:0.02% UP:25% SPREAD:0.11911852% BID:0.1679 ASK:0.1681 MID:0.16799999 P1:0.16799999 P2:0.16799999 P3:0.16799999 P4:0.16795 STATE:IDLE
[2026-06-03 02:07:01Z] CHK MOM:-0.05% RANGE:0.05% UP:20% SPREAD:0.11918951% BID:0.1678 ASK:0.168 MID:0.1679 P1:0.1679 P2:0.16799999 P3:0.16799999 P4:0.16799999 STATE:IDLE
[2026-06-03 02:07:02Z] CHK MOM:-0.08% RANGE:0.08% UP:16.66% SPREAD:0.05959475% BID:0.1678 ASK:0.1679 MID:0.16785 P1:0.16785 P2:0.1679 P3:0.16799999 P4:0.16799999 STATE:IDLE
[2026-06-03 02:07:02Z] CHK MOM:-0.08% RANGE:0.08% UP:16.66% SPREAD:0.05959475% BID:0.1678 ASK:0.1679 MID:0.16785 P1:0.16785 P2:0.1679 P3:0.16799999 P4:0.16799999 STATE:IDLE
[2026-06-03 02:07:03Z] CHK MOM:-0.08% RANGE:0.08% UP:16.66% SPREAD:0.05959475% BID:0.1678 ASK:0.1679 MID:0.16785 P1:0.16785 P2:0.1679 P3:0.16799999 P4:0.16799999 STATE:IDLE
[2026-06-03 02:07:03Z] CHK MOM:-0.08% RANGE:0.08% UP:16.66% SPREAD:0.05959475% BID:0.1678 ASK:0.1679 MID:0.16785 P1:0.16785 P2:0.1679 P3:0.16799999 P4:0.16799999 STATE:IDLE
[2026-06-03 02:07:04Z] CHK MOM:-0.08% RANGE:0.08% UP:16.66% SPREAD:0.05959475% BID:0.1678 ASK:0.1679 MID:0.16785 P1:0.16785 P2:0.1679 P3:0.16799999 P4:0.16799999 STATE:IDLE
[2026-06-03 02:07:05Z] CHK MOM:-0.08% RANGE:0.08% UP:16.66% SPREAD:0.05959475% BID:0.1678 ASK:0.1679 MID:0.16785 P1:0.16785 P2:0.1679 P3:0.16799999 P4:0.16799999 STATE:IDLE
[2026-06-03 02:07:06Z] CHK MOM:-0.08% RANGE:0.11% UP:16.66% SPREAD:0.11926058% BID:0.1677 ASK:0.1679 MID:0.1678 P1:0.1678 P2:0.16785 P3:0.1679 P4:0.16799999 STATE:IDLE
[2026-06-03 02:07:06Z] CHK MOM:-0.08% RANGE:0.11% UP:16.66% SPREAD:0.11926058% BID:0.1677 ASK:0.1679 MID:0.1678 P1:0.1678 P2:0.16785 P3:0.1679 P4:0.16799999 STATE:IDLE
[2026-06-03 02:07:07Z] CHK MOM:-0.08% RANGE:0.11% UP:16.66% SPREAD:0.11926058% BID:0.1677 ASK:0.1679 MID:0.1678 P1:0.1678 P2:0.16785 P3:0.1679 P4:0.16799999 STATE:IDLE
[2026-06-03 02:07:07Z] CHK MOM:-0.08% RANGE:0.11% UP:16.66% SPREAD:0.11926058% BID:0.1677 ASK:0.1679 MID:0.1678 P1:0.1678 P2:0.16785 P3:0.1679 P4:0.16799999 STATE:IDLE
[2026-06-03 02:07:08Z] CHK MOM:-0.08% RANGE:0.11% UP:16.66% SPREAD:0.11926058% BID:0.1677 ASK:0.1679 MID:0.1678 P1:0.1678 P2:0.16785 P3:0.1679 P4:0.16799999 STATE:IDLE
[2026-06-03 02:07:08Z] CHK MOM:-0.08% RANGE:0.11% UP:16.66% SPREAD:0.11926058% BID:0.1677 ASK:0.1679 MID:0.1678 P1:0.1678 P2:0.16785 P3:0.1679 P4:0.16799999 STATE:IDLE
[2026-06-03 02:07:09Z] CHK MOM:-0.14% RANGE:0.14% UP:0% SPREAD:0.05963029% BID:0.1677 ASK:0.1678 MID:0.16775 P1:0.16775 P2:0.1678 P3:0.16785 P4:0.1679 STATE:IDLE
[2026-06-03 02:07:10Z] CHK MOM:-0.2% RANGE:0.2% UP:0% SPREAD:0.05966587% BID:0.1676 ASK:0.1677 MID:0.16765 P1:0.16765 P2:0.16775 P3:0.1678 P4:0.16785 STATE:IDLE
[2026-06-03 02:07:11Z] CHK MOM:-0.2% RANGE:0.2% UP:0% SPREAD:0.05966587% BID:0.1676 ASK:0.1677 MID:0.16765 P1:0.16765 P2:0.16775 P3:0.1678 P4:0.16785 STATE:IDLE
[2026-06-03 02:07:11Z] CHK MOM:-0.2% RANGE:0.2% UP:0% SPREAD:0.05966587% BID:0.1676 ASK:0.1677 MID:0.16765 P1:0.16765 P2:0.16775 P3:0.1678 P4:0.16785 STATE:IDLE
[2026-06-03 02:07:12Z] CHK MOM:-0.2% RANGE:0.2% UP:0% SPREAD:0.05966587% BID:0.1676 ASK:0.1677 MID:0.16765 P1:0.16765 P2:0.16775 P3:0.1678 P4:0.16785 STATE:IDLE
[2026-06-03 02:07:12Z] CHK MOM:-0.2% RANGE:0.2% UP:0% SPREAD:0.05966587% BID:0.1676 ASK:0.1677 MID:0.16765 P1:0.16765 P2:0.16775 P3:0.1678 P4:0.16785 STATE:IDLE
[2026-06-03 02:07:27Z] CHK MOM:0% RANGE:0% UP:0% SPREAD:0.11940298% BID:0.1675 ASK:0.1677 MID:0.1676 P1:0.1676 P2:0.16765 P3:0.16775 P4:0.1678 STATE:IDLE
[2026-06-03 02:07:27Z] CHK MOM:0% RANGE:0% UP:0% SPREAD:0.11940298% BID:0.1675 ASK:0.1677 MID:0.1676 P1:0.1676 P2:0.16765 P3:0.16775 P4:0.1678 STATE:IDLE
[2026-06-03 02:07:28Z] CHK MOM:0% RANGE:0% UP:0% SPREAD:0.11940298% BID:0.1675 ASK:0.1677 MID:0.1676 P1:0.1676 P2:0.16765 P3:0.16775 P4:0.1678 STATE:IDLE
[2026-06-03 02:07:28Z] CHK MOM:0% RANGE:0% UP:0% SPREAD:0.11940298% BID:0.1675 ASK:0.1677 MID:0.1676 P1:0.1676 P2:0.16765 P3:0.16775 P4:0.1678 STATE:IDLE
[2026-06-03 02:07:29Z] CHK MOM:0% RANGE:0% UP:0% SPREAD:0.11940298% BID:0.1675 ASK:0.1677 MID:0.1676 P1:0.1676 P2:0.16765 P3:0.16775 P4:0.1678 STATE:IDLE
[2026-06-03 02:07:34Z] CHK MOM:0.02% RANGE:0.02% UP:100% SPREAD:0.17910447% BID:0.1675 ASK:0.1678 MID:0.16765 P1:0.16765 P2:0.1676 P3:0.16765 P4:0.16775 STATE:IDLE
[2026-06-03 02:07:35Z] CHK MOM:0.14% RANGE:0.14% UP:100% SPREAD:0.17889087% BID:0.1677 ASK:0.168 MID:0.16785 P1:0.16785 P2:0.16765 P3:0.1676 P4:0.16765 STATE:IDLE
[2026-06-03 02:07:35Z] CHK MOM:0.14% RANGE:0.14% UP:66.66% SPREAD:0.17889087% BID:0.1677 ASK:0.168 MID:0.16785 P1:0.16785 P2:0.16785 P3:0.16765 P4:0.1676 STATE:IDLE
[2026-06-03 02:07:36Z] CHK MOM:0.17% RANGE:0.17% UP:75% SPREAD:0.11918951% BID:0.1678 ASK:0.168 MID:0.1679 P1:0.1679 P2:0.16785 P3:0.16785 P4:0.16765 STATE:IDLE
[2026-06-03 02:07:36Z] CHK MOM:0.17% RANGE:0.17% UP:60% SPREAD:0.11918951% BID:0.1678 ASK:0.168 MID:0.1679 P1:0.1679 P2:0.1679 P3:0.16785 P4:0.16785 STATE:IDLE
[2026-06-03 02:07:37Z] CHK MOM:0.17% RANGE:0.17% UP:50% SPREAD:0.11918951% BID:0.1678 ASK:0.168 MID:0.1679 P1:0.1679 P2:0.1679 P3:0.1679 P4:0.16785 STATE:IDLE
[2026-06-03 02:07:37Z] CHK MOM:0.17% RANGE:0.17% UP:42.85% SPREAD:0.11918951% BID:0.1678 ASK:0.168 MID:0.1679 P1:0.1679 P2:0.1679 P3:0.1679 P4:0.1679 STATE:IDLE
[2026-06-03 02:07:38Z] CHK MOM:0.14% RANGE:0.17% UP:37.5% SPREAD:0.17889087% BID:0.1677 ASK:0.168 MID:0.16785 P1:0.16785 P2:0.1679 P3:0.1679 P4:0.1679 STATE:IDLE
[2026-06-03 02:07:38Z] CHK MOM:0.11% RANGE:0.14% UP:25% SPREAD:0.17889087% BID:0.1677 ASK:0.168 MID:0.16785 P1:0.16785 P2:0.16785 P3:0.1679 P4:0.1679 STATE:IDLE
[2026-06-03 02:07:39Z] CHK MOM:0.11% RANGE:0.14% UP:25% SPREAD:0.17889087% BID:0.1677 ASK:0.168 MID:0.16785 P1:0.16785 P2:0.16785 P3:0.1679 P4:0.1679 STATE:IDLE
[2026-06-03 02:07:40Z] CHK MOM:0.11% RANGE:0.14% UP:22.22% SPREAD:0.17889087% BID:0.1677 ASK:0.168 MID:0.16785 P1:0.16785 P2:0.16785 P3:0.16785 P4:0.1679 STATE:IDLE
[2026-06-03 02:07:40Z] CHK MOM:0.08% RANGE:0.14% UP:20% SPREAD:0.11926058% BID:0.1677 ASK:0.1679 MID:0.1678 P1:0.1678 P2:0.16785 P3:0.16785 P4:0.16785 STATE:IDLE
[2026-06-03 02:07:41Z] CHK MOM:0.08% RANGE:0.14% UP:20% SPREAD:0.11926058% BID:0.1677 ASK:0.1679 MID:0.1678 P1:0.1678 P2:0.16785 P3:0.16785 P4:0.16785 STATE:IDLE
[2026-06-03 02:07:41Z] CHK MOM:0.08% RANGE:0.14% UP:20% SPREAD:0.11926058% BID:0.1677 ASK:0.1679 MID:0.1678 P1:0.1678 P2:0.16785 P3:0.16785 P4:0.16785 STATE:IDLE
[2026-06-03 02:07:42Z] CHK MOM:0.08% RANGE:0.14% UP:20% SPREAD:0.11926058% BID:0.1677 ASK:0.1679 MID:0.1678 P1:0.1678 P2:0.16785 P3:0.16785 P4:0.16785 STATE:IDLE
[2026-06-03 02:07:42Z] CHK MOM:0.08% RANGE:0.14% UP:20% SPREAD:0.11926058% BID:0.1677 ASK:0.1679 MID:0.1678 P1:0.1678 P2:0.16785 P3:0.16785 P4:0.16785 STATE:IDLE
[2026-06-03 02:07:43Z] CHK MOM:0.08% RANGE:0.14% UP:18.18% SPREAD:0.11926058% BID:0.1677 ASK:0.1679 MID:0.1678 P1:0.1678 P2:0.1678 P3:0.16785 P4:0.16785 STATE:IDLE
[2026-06-03 02:07:43Z] CHK MOM:0.08% RANGE:0.14% UP:18.18% SPREAD:0.11926058% BID:0.1677 ASK:0.1679 MID:0.1678 P1:0.1678 P2:0.1678 P3:0.16785 P4:0.16785 STATE:IDLE
[2026-06-03 02:07:44Z] CHK MOM:0.08% RANGE:0.14% UP:18.18% SPREAD:0.11926058% BID:0.1677 ASK:0.1679 MID:0.1678 P1:0.1678 P2:0.1678 P3:0.16785 P4:0.16785 STATE:IDLE
[2026-06-03 02:07:45Z] CHK MOM:0.08% RANGE:0.14% UP:18.18% SPREAD:0.11926058% BID:0.1677 ASK:0.1679 MID:0.1678 P1:0.1678 P2:0.1678 P3:0.16785 P4:0.16785 STATE:IDLE
[2026-06-03 02:07:45Z] CHK MOM:0.08% RANGE:0.14% UP:18.18% SPREAD:0.11926058% BID:0.1677 ASK:0.1679 MID:0.1678 P1:0.1678 P2:0.1678 P3:0.16785 P4:0.16785 STATE:IDLE
[2026-06-03 02:07:50Z] CHK MOM:-0.02% RANGE:0.02% UP:0% SPREAD:0.11926058% BID:0.1677 ASK:0.1679 MID:0.1678 P1:0.1678 P2:0.1678 P3:0.1678 P4:0.16785 STATE:IDLE
[2026-06-03 02:07:51Z] CHK MOM:-0.02% RANGE:0.02% UP:0% SPREAD:0.11926058% BID:0.1677 ASK:0.1679 MID:0.1678 P1:0.1678 P2:0.1678 P3:0.1678 P4:0.16785 STATE:IDLE
[2026-06-03 02:07:52Z] CHK MOM:-0.02% RANGE:0.02% UP:0% SPREAD:0.11926058% BID:0.1677 ASK:0.1679 MID:0.1678 P1:0.1678 P2:0.1678 P3:0.1678 P4:0.16785 STATE:IDLE
[2026-06-03 02:07:52Z] CHK MOM:-0.02% RANGE:0.02% UP:0% SPREAD:0.11926058% BID:0.1677 ASK:0.1679 MID:0.1678 P1:0.1678 P2:0.1678 P3:0.1678 P4:0.16785 STATE:IDLE
[2026-06-03 02:07:53Z] CHK MOM:-0.02% RANGE:0.02% UP:0% SPREAD:0.11926058% BID:0.1677 ASK:0.1679 MID:0.1678 P1:0.1678 P2:0.1678 P3:0.1678 P4:0.16785 STATE:IDLE
[2026-06-03 02:07:54Z] CHK MOM:-0.02% RANGE:0.02% UP:0% SPREAD:0.05963029% BID:0.1677 ASK:0.1678 MID:0.16775 P1:0.16775 P2:0.1678 P3:0.1678 P4:0.1678 STATE:IDLE
[2026-06-03 02:07:55Z] CHK MOM:-0.02% RANGE:0.02% UP:0% SPREAD:0.05963029% BID:0.1677 ASK:0.1678 MID:0.16775 P1:0.16775 P2:0.1678 P3:0.1678 P4:0.1678 STATE:IDLE
[2026-06-03 02:07:55Z] CHK MOM:-0.02% RANGE:0.02% UP:0% SPREAD:0.05963029% BID:0.1677 ASK:0.1678 MID:0.16775 P1:0.16775 P2:0.1678 P3:0.1678 P4:0.1678 STATE:IDLE
[2026-06-03 02:07:56Z] CHK MOM:-0.02% RANGE:0.02% UP:0% SPREAD:0.05963029% BID:0.1677 ASK:0.1678 MID:0.16775 P1:0.16775 P2:0.1678 P3:0.1678 P4:0.1678 STATE:IDLE
[2026-06-03 02:07:56Z] CHK MOM:-0.02% RANGE:0.02% UP:0% SPREAD:0.05963029% BID:0.1677 ASK:0.1678 MID:0.16775 P1:0.16775 P2:0.1678 P3:0.1678 P4:0.1678 STATE:IDLE
[2026-06-03 02:07:58Z] CHK MOM:-0.02% RANGE:0.02% UP:0% SPREAD:0.05963029% BID:0.1677 ASK:0.1678 MID:0.16775 P1:0.16775 P2:0.16775 P3:0.1678 P4:0.1678 STATE:IDLE
[2026-06-03 02:07:59Z] CHK MOM:-0.02% RANGE:0.02% UP:0% SPREAD:0.05963029% BID:0.1677 ASK:0.1678 MID:0.16775 P1:0.16775 P2:0.16775 P3:0.1678 P4:0.1678 STATE:IDLE
[2026-06-03 02:07:59Z] CHK MOM:-0.02% RANGE:0.02% UP:0% SPREAD:0.05963029% BID:0.1677 ASK:0.1678 MID:0.16775 P1:0.16775 P2:0.16775 P3:0.1678 P4:0.1678 STATE:IDLE
[2026-06-03 02:08:00Z] CHK MOM:-0.02% RANGE:0.02% UP:0% SPREAD:0.05963029% BID:0.1677 ASK:0.1678 MID:0.16775 P1:0.16775 P2:0.16775 P3:0.16775 P4:0.1678 STATE:IDLE
[2026-06-03 02:08:00Z] CHK MOM:-0.02% RANGE:0.02% UP:0% SPREAD:0.05963029% BID:0.1677 ASK:0.1678 MID:0.16775 P1:0.16775 P2:0.16775 P3:0.16775 P4:0.1678 STATE:IDLE
[2026-06-03 02:08:01Z] CHK MOM:-0.02% RANGE:0.02% UP:0% SPREAD:0.05963029% BID:0.1677 ASK:0.1678 MID:0.16775 P1:0.16775 P2:0.16775 P3:0.16775 P4:0.1678 STATE:IDLE
[2026-06-03 02:08:02Z] CHK MOM:0.11% RANGE:0.11% UP:33.33% SPREAD:0.17878426% BID:0.1678 ASK:0.1681 MID:0.16795 P1:0.16795 P2:0.16775 P3:0.16775 P4:0.16775 STATE:IDLE
[2026-06-03 02:08:02Z] CHK MOM:0.11% RANGE:0.11% UP:25% SPREAD:0.17878426% BID:0.1678 ASK:0.1681 MID:0.16795 P1:0.16795 P2:0.16795 P3:0.16775 P4:0.16775 STATE:IDLE
[2026-06-03 02:08:03Z] CHK MOM:0.05% RANGE:0.11% UP:20% SPREAD:0.17889087% BID:0.1677 ASK:0.168 MID:0.16785 P1:0.16785 P2:0.16795 P3:0.16795 P4:0.16775 STATE:IDLE
[2026-06-03 02:08:03Z] CHK MOM:0.02% RANGE:0.11% UP:16.66% SPREAD:0.11926058% BID:0.1677 ASK:0.1679 MID:0.1678 P1:0.1678 P2:0.16785 P3:0.16795 P4:0.16795 STATE:IDLE
[2026-06-03 02:08:04Z] CHK MOM:0.05% RANGE:0.11% UP:28.57% SPREAD:0.17889087% BID:0.1677 ASK:0.168 MID:0.16785 P1:0.16785 P2:0.1678 P3:0.16785 P4:0.16795 STATE:IDLE
[2026-06-03 02:08:04Z] CHK MOM:0.05% RANGE:0.11% UP:25% SPREAD:0.17889087% BID:0.1677 ASK:0.168 MID:0.16785 P1:0.16785 P2:0.16785 P3:0.1678 P4:0.16785 STATE:IDLE
[2026-06-03 02:08:05Z] CHK MOM:0.08% RANGE:0.11% UP:33.33% SPREAD:0.11918951% BID:0.1678 ASK:0.168 MID:0.1679 P1:0.1679 P2:0.16785 P3:0.16785 P4:0.1678 STATE:IDLE
[2026-06-03 02:08:05Z] CHK MOM:0.11% RANGE:0.11% UP:40% SPREAD:0.17878426% BID:0.1678 ASK:0.1681 MID:0.16795 P1:0.16795 P2:0.1679 P3:0.16785 P4:0.16785 STATE:IDLE
[2026-06-03 02:08:06Z] CHK MOM:0.11% RANGE:0.11% UP:40% SPREAD:0.17878426% BID:0.1678 ASK:0.1681 MID:0.16795 P1:0.16795 P2:0.16795 P3:0.1679 P4:0.16785 STATE:IDLE
[2026-06-03 02:08:07Z] CHK MOM:0.11% RANGE:0.11% UP:36.36% SPREAD:0.17878426% BID:0.1678 ASK:0.1681 MID:0.16795 P1:0.16795 P2:0.16795 P3:0.16795 P4:0.1679 STATE:IDLE
[2026-06-03 02:08:08Z] CHK MOM:0.2% RANGE:0.2% UP:41.66% SPREAD:0.11904761% BID:0.168 ASK:0.1682 MID:0.1681 P1:0.1681 P2:0.16795 P3:0.16795 P4:0.16795 STATE:IDLE
[2026-06-03 02:08:08Z] CHK MOM:0.14% RANGE:0.2% UP:38.46% SPREAD:0.11911852% BID:0.1679 ASK:0.1681 MID:0.16799999 P1:0.16799999 P2:0.1681 P3:0.16795 P4:0.16795 STATE:IDLE
[2026-06-03 02:08:09Z] CHK MOM:0.14% RANGE:0.2% UP:38.46% SPREAD:0.11911852% BID:0.1679 ASK:0.1681 MID:0.16799999 P1:0.16799999 P2:0.1681 P3:0.16795 P4:0.16795 STATE:IDLE
[2026-06-03 02:08:09Z] CHK MOM:0.08% RANGE:0.2% UP:35.71% SPREAD:0.11918951% BID:0.1678 ASK:0.168 MID:0.1679 P1:0.1679 P2:0.16799999 P3:0.1681 P4:0.16795 STATE:IDLE
[2026-06-03 02:08:10Z] CHK MOM:0.08% RANGE:0.2% UP:35.71% SPREAD:0.11918951% BID:0.1678 ASK:0.168 MID:0.1679 P1:0.1679 P2:0.16799999 P3:0.1681 P4:0.16795 STATE:IDLE
[2026-06-03 02:08:10Z] CHK MOM:0.14% RANGE:0.2% UP:40% SPREAD:0.11911852% BID:0.1679 ASK:0.1681 MID:0.16799999 P1:0.16799999 P2:0.1679 P3:0.16799999 P4:0.1681 STATE:IDLE
[2026-06-03 02:08:11Z] CHK MOM:0.14% RANGE:0.2% UP:40% SPREAD:0.11911852% BID:0.1679 ASK:0.1681 MID:0.16799999 P1:0.16799999 P2:0.1679 P3:0.16799999 P4:0.1681 STATE:IDLE
[2026-06-03 02:08:11Z] CHK MOM:0.17% RANGE:0.2% UP:46.66% SPREAD:0.17867778% BID:0.1679 ASK:0.1682 MID:0.16804999 P1:0.16804999 P2:0.16799999 P3:0.1679 P4:0.16799999 STATE:IDLE
[2026-06-03 02:08:12Z] CHK MOM:0.17% RANGE:0.2% UP:43.75% SPREAD:0.17867778% BID:0.1679 ASK:0.1682 MID:0.16804999 P1:0.16804999 P2:0.16804999 P3:0.16799999 P4:0.1679 STATE:IDLE
[2026-06-03 02:08:13Z] CHK MOM:0.05% RANGE:0.17% UP:37.5% SPREAD:0.17867778% BID:0.1679 ASK:0.1682 MID:0.16804999 P1:0.16804999 P2:0.16804999 P3:0.16804999 P4:0.16799999 STATE:IDLE
[2026-06-03 02:08:13Z] CHK MOM:0.14% RANGE:0.23% UP:41.17% SPREAD:0.11897679% BID:0.1681 ASK:0.1683 MID:0.1682 P1:0.1682 P2:0.16804999 P3:0.16804999 P4:0.16804999 STATE:IDLE
[2026-06-03 02:08:14Z] CHK MOM:0.14% RANGE:0.23% UP:41.17% SPREAD:0.11897679% BID:0.1681 ASK:0.1683 MID:0.1682 P1:0.1682 P2:0.16804999 P3:0.16804999 P4:0.16804999 STATE:IDLE
[2026-06-03 02:08:14Z] CHK MOM:0.14% RANGE:0.23% UP:41.17% SPREAD:0.11897679% BID:0.1681 ASK:0.1683 MID:0.1682 P1:0.1682 P2:0.16804999 P3:0.16804999 P4:0.16804999 STATE:IDLE
[2026-06-03 02:08:15Z] CHK MOM:0.14% RANGE:0.23% UP:41.17% SPREAD:0.11897679% BID:0.1681 ASK:0.1683 MID:0.1682 P1:0.1682 P2:0.16804999 P3:0.16804999 P4:0.16804999 STATE:IDLE
[2026-06-03 02:08:15Z] CHK MOM:0.14% RANGE:0.23% UP:41.17% SPREAD:0.11897679% BID:0.1681 ASK:0.1683 MID:0.1682 P1:0.1682 P2:0.16804999 P3:0.16804999 P4:0.16804999 STATE:IDLE
[2026-06-03 02:08:16Z] CHK MOM:0.14% RANGE:0.23% UP:41.17% SPREAD:0.11897679% BID:0.1681 ASK:0.1683 MID:0.1682 P1:0.1682 P2:0.16804999 P3:0.16804999 P4:0.16804999 STATE:IDLE
[2026-06-03 02:08:18Z] CHK MOM:0.2% RANGE:0.23% UP:45.45% SPREAD:0.11890606% BID:0.1682 ASK:0.1684 MID:0.1683 P1:0.1683 P2:0.1682 P3:0.16804999 P4:0.16804999 STATE:IDLE
[2026-06-03 02:08:18Z] CHK MOM:0.2% RANGE:0.23% UP:50% SPREAD:0.11890606% BID:0.1682 ASK:0.1684 MID:0.1683 P1:0.1683 P2:0.1683 P3:0.1682 P4:0.16804999 STATE:IDLE
[2026-06-03 02:08:19Z] CHK MOM:0.2% RANGE:0.23% UP:50% SPREAD:0.11890606% BID:0.1682 ASK:0.1684 MID:0.1683 P1:0.1683 P2:0.1683 P3:0.1682 P4:0.16804999 STATE:IDLE
[2026-06-03 02:08:19Z] CHK MOM:0.2% RANGE:0.23% UP:50% SPREAD:0.11890606% BID:0.1682 ASK:0.1684 MID:0.1683 P1:0.1683 P2:0.1683 P3:0.1682 P4:0.16804999 STATE:IDLE
[2026-06-03 02:08:20Z] CHK MOM:0.2% RANGE:0.23% UP:50% SPREAD:0.11890606% BID:0.1682 ASK:0.1684 MID:0.1683 P1:0.1683 P2:0.1683 P3:0.1682 P4:0.16804999 STATE:IDLE
[2026-06-03 02:08:20Z] CHK MOM:0.2% RANGE:0.23% UP:50% SPREAD:0.11890606% BID:0.1682 ASK:0.1684 MID:0.1683 P1:0.1683 P2:0.1683 P3:0.1682 P4:0.16804999 STATE:IDLE
[2026-06-03 02:08:21Z] CHK MOM:0.2% RANGE:0.23% UP:50% SPREAD:0.11890606% BID:0.1682 ASK:0.1684 MID:0.1683 P1:0.1683 P2:0.1683 P3:0.1682 P4:0.16804999 STATE:IDLE
[2026-06-03 02:08:21Z] CHK MOM:0.23% RANGE:0.23% UP:50% SPREAD:0.11890606% BID:0.1682 ASK:0.1684 MID:0.1683 P1:0.1683 P2:0.1683 P3:0.1683 P4:0.1682 STATE:IDLE
[2026-06-03 02:08:22Z] CHK MOM:0.23% RANGE:0.23% UP:50% SPREAD:0.11890606% BID:0.1682 ASK:0.1684 MID:0.1683 P1:0.1683 P2:0.1683 P3:0.1683 P4:0.1682 STATE:IDLE
[2026-06-03 02:08:22Z] CHK MOM:0.23% RANGE:0.23% UP:50% SPREAD:0.11890606% BID:0.1682 ASK:0.1684 MID:0.1683 P1:0.1683 P2:0.1683 P3:0.1683 P4:0.1682 STATE:IDLE
[2026-06-03 02:08:23Z] CHK MOM:0.23% RANGE:0.23% UP:50% SPREAD:0.11890606% BID:0.1682 ASK:0.1684 MID:0.1683 P1:0.1683 P2:0.1683 P3:0.1683 P4:0.1682 STATE:IDLE
[2026-06-03 02:08:24Z] CHK MOM:0.14% RANGE:0.14% UP:28.57% SPREAD:0.11890606% BID:0.1682 ASK:0.1684 MID:0.1683 P1:0.1683 P2:0.1683 P3:0.1683 P4:0.1683 STATE:IDLE
[2026-06-03 02:08:24Z] CHK MOM:0.14% RANGE:0.14% UP:28.57% SPREAD:0.11890606% BID:0.1682 ASK:0.1684 MID:0.1683 P1:0.1683 P2:0.1683 P3:0.1683 P4:0.1683 STATE:IDLE
[2026-06-03 02:08:25Z] CHK MOM:0.14% RANGE:0.14% UP:28.57% SPREAD:0.11890606% BID:0.1682 ASK:0.1684 MID:0.1683 P1:0.1683 P2:0.1683 P3:0.1683 P4:0.1683 STATE:IDLE
[2026-06-03 02:08:25Z] CHK MOM:0.05% RANGE:0.05% UP:20% SPREAD:0.11890606% BID:0.1682 ASK:0.1684 MID:0.1683 P1:0.1683 P2:0.1683 P3:0.1683 P4:0.1683 STATE:IDLE
[2026-06-03 02:08:26Z] CHK MOM:0.05% RANGE:0.05% UP:20% SPREAD:0.11890606% BID:0.1682 ASK:0.1684 MID:0.1683 P1:0.1683 P2:0.1683 P3:0.1683 P4:0.1683 STATE:IDLE
[2026-06-03 02:08:26Z] CHK MOM:0.05% RANGE:0.05% UP:20% SPREAD:0.11890606% BID:0.1682 ASK:0.1684 MID:0.1683 P1:0.1683 P2:0.1683 P3:0.1683 P4:0.1683 STATE:IDLE
[2026-06-03 02:08:27Z] CHK MOM:0% RANGE:0% UP:0% SPREAD:0.11890606% BID:0.1682 ASK:0.1684 MID:0.1683 P1:0.1683 P2:0.1683 P3:0.1683 P4:0.1683 STATE:IDLE
[2026-06-03 02:08:27Z] CHK MOM:0% RANGE:0% UP:0% SPREAD:0.11890606% BID:0.1682 ASK:0.1684 MID:0.1683 P1:0.1683 P2:0.1683 P3:0.1683 P4:0.1683 STATE:IDLE
[2026-06-03 02:08:28Z] CHK MOM:0% RANGE:0% UP:0% SPREAD:0.11890606% BID:0.1682 ASK:0.1684 MID:0.1683 P1:0.1683 P2:0.1683 P3:0.1683 P4:0.1683 STATE:IDLE
[2026-06-03 02:08:29Z] CHK MOM:0% RANGE:0% UP:0% SPREAD:0.11890606% BID:0.1682 ASK:0.1684 MID:0.1683 P1:0.1683 P2:0.1683 P3:0.1683 P4:0.1683 STATE:IDLE
[2026-06-03 02:08:29Z] CHK MOM:0% RANGE:0% UP:0% SPREAD:0.11890606% BID:0.1682 ASK:0.1684 MID:0.1683 P1:0.1683 P2:0.1683 P3:0.1683 P4:0.1683 STATE:IDLE
[2026-06-03 02:08:30Z] CHK MOM:0% RANGE:0% UP:0% SPREAD:0.11890606% BID:0.1682 ASK:0.1684 MID:0.1683 P1:0.1683 P2:0.1683 P3:0.1683 P4:0.1683 STATE:IDLE
[2026-06-03 02:08:30Z] CHK MOM:0% RANGE:0% UP:0% SPREAD:0.11890606% BID:0.1682 ASK:0.1684 MID:0.1683 P1:0.1683 P2:0.1683 P3:0.1683 P4:0.1683 STATE:IDLE
[2026-06-03 02:08:31Z] CHK MOM:0% RANGE:0% UP:0% SPREAD:0.11890606% BID:0.1682 ASK:0.1684 MID:0.1683 P1:0.1683 P2:0.1683 P3:0.1683 P4:0.1683 STATE:IDLE
[2026-06-03 02:08:31Z] CHK MOM:0% RANGE:0% UP:0% SPREAD:0.11890606% BID:0.1682 ASK:0.1684 MID:0.1683 P1:0.1683 P2:0.1683 P3:0.1683 P4:0.1683 STATE:IDLE
[2026-06-03 02:08:32Z] CHK MOM:0.11% RANGE:0.11% UP:20% SPREAD:0.11876484% BID:0.1684 ASK:0.1686 MID:0.16849999 P1:0.16849999 P2:0.1683 P3:0.1683 P4:0.1683 STATE:IDLE
[2026-06-03 02:08:32Z] CHK MOM:0.17% RANGE:0.17% UP:33.33% SPREAD:0.11869436% BID:0.1685 ASK:0.1687 MID:0.1686 P1:0.1686 P2:0.16849999 P3:0.1683 P4:0.1683 STATE:IDLE
[2026-06-03 02:08:33Z] CHK MOM:0.17% RANGE:0.17% UP:33.33% SPREAD:0.11869436% BID:0.1685 ASK:0.1687 MID:0.1686 P1:0.1686 P2:0.16849999 P3:0.1683 P4:0.1683 STATE:IDLE
[2026-06-03 02:08:33Z] CHK MOM:0.17% RANGE:0.17% UP:33.33% SPREAD:0.11869436% BID:0.1685 ASK:0.1687 MID:0.1686 P1:0.1686 P2:0.16849999 P3:0.1683 P4:0.1683 STATE:IDLE
[2026-06-03 02:08:34Z] CHK MOM:0.17% RANGE:0.17% UP:33.33% SPREAD:0.11869436% BID:0.1685 ASK:0.1687 MID:0.1686 P1:0.1686 P2:0.16849999 P3:0.1683 P4:0.1683 STATE:IDLE
[2026-06-03 02:08:35Z] CHK MOM:0.17% RANGE:0.17% UP:33.33% SPREAD:0.11869436% BID:0.1685 ASK:0.1687 MID:0.1686 P1:0.1686 P2:0.1686 P3:0.16849999 P4:0.1683 STATE:IDLE
[2026-06-03 02:08:35Z] CHK MOM:0.17% RANGE:0.17% UP:33.33% SPREAD:0.11869436% BID:0.1685 ASK:0.1687 MID:0.1686 P1:0.1686 P2:0.1686 P3:0.16849999 P4:0.1683 STATE:IDLE
[2026-06-03 02:08:36Z] CHK MOM:0.17% RANGE:0.17% UP:33.33% SPREAD:0.11869436% BID:0.1685 ASK:0.1687 MID:0.1686 P1:0.1686 P2:0.1686 P3:0.16849999 P4:0.1683 STATE:IDLE
[2026-06-03 02:08:36Z] CHK MOM:0.17% RANGE:0.17% UP:33.33% SPREAD:0.11869436% BID:0.1685 ASK:0.1687 MID:0.1686 P1:0.1686 P2:0.1686 P3:0.16849999 P4:0.1683 STATE:IDLE
[2026-06-03 02:08:37Z] CHK MOM:0.32% RANGE:0.32% UP:50% SPREAD:0.17783046% BID:0.1687 ASK:0.169 MID:0.16885 P1:0.16885 P2:0.1686 P3:0.1686 P4:0.16849999 STATE:IDLE
[2026-06-03 02:08:37Z] CHK MOM:0.32% RANGE:0.32% UP:42.85% SPREAD:0.17783046% BID:0.1687 ASK:0.169 MID:0.16885 P1:0.16885 P2:0.16885 P3:0.1686 P4:0.1686 STATE:IDLE
[2026-06-03 02:08:38Z] CHK MOM:0.32% RANGE:0.32% UP:42.85% SPREAD:0.17783046% BID:0.1687 ASK:0.169 MID:0.16885 P1:0.16885 P2:0.16885 P3:0.16885 P4:0.1686 STATE:IDLE
[2026-06-03 02:08:38Z] CHK MOM:0.35% RANGE:0.35% UP:50% SPREAD:0.11848341% BID:0.1688 ASK:0.169 MID:0.1689 P1:0.1689 P2:0.16885 P3:0.16885 P4:0.16885 STATE:IDLE
[2026-06-03 02:08:39Z] CHK MOM:0.35% RANGE:0.35% UP:50% SPREAD:0.11848341% BID:0.1688 ASK:0.169 MID:0.1689 P1:0.1689 P2:0.16885 P3:0.16885 P4:0.16885 STATE:IDLE
[2026-06-03 02:08:40Z] CHK MOM:0.35% RANGE:0.35% UP:50% SPREAD:0.11848341% BID:0.1688 ASK:0.169 MID:0.1689 P1:0.1689 P2:0.16885 P3:0.16885 P4:0.16885 STATE:IDLE
[2026-06-03 02:08:40Z] CHK MOM:0.35% RANGE:0.35% UP:50% SPREAD:0.11848341% BID:0.1688 ASK:0.169 MID:0.1689 P1:0.1689 P2:0.1689 P3:0.16885 P4:0.16885 STATE:IDLE
[2026-06-03 02:08:41Z] CHK MOM:0.44% RANGE:0.44% UP:55.55% SPREAD:0.05917159% BID:0.169 ASK:0.1691 MID:0.16905 P1:0.16905 P2:0.1689 P3:0.1689 P4:0.16885 STATE:IDLE
[2026-06-03 02:08:41Z] CHK MOM:0.44% RANGE:0.44% UP:55.55% SPREAD:0.05917159% BID:0.169 ASK:0.1691 MID:0.16905 P1:0.16905 P2:0.1689 P3:0.1689 P4:0.16885 STATE:IDLE
[2026-06-03 02:08:42Z] CHK MOM:0.44% RANGE:0.44% UP:55.55% SPREAD:0.05917159% BID:0.169 ASK:0.1691 MID:0.16905 P1:0.16905 P2:0.1689 P3:0.1689 P4:0.16885 STATE:IDLE
[2026-06-03 02:08:42Z] CHK MOM:0.35% RANGE:0.35% UP:55.55% SPREAD:0.11834319% BID:0.169 ASK:0.1692 MID:0.1691 P1:0.1691 P2:0.16905 P3:0.1689 P4:0.1689 STATE:IDLE
[2026-06-03 02:08:43Z] CHK MOM:0.35% RANGE:0.35% UP:50% SPREAD:0.11834319% BID:0.169 ASK:0.1692 MID:0.1691 P1:0.1691 P2:0.1691 P3:0.16905 P4:0.1689 STATE:IDLE
[2026-06-03 02:08:43Z] CHK MOM:0.35% RANGE:0.35% UP:45.45% SPREAD:0.11834319% BID:0.169 ASK:0.1692 MID:0.1691 P1:0.1691 P2:0.1691 P3:0.1691 P4:0.16905 STATE:IDLE
[2026-06-03 02:08:44Z] CHK MOM:0.35% RANGE:0.35% UP:45.45% SPREAD:0.11834319% BID:0.169 ASK:0.1692 MID:0.1691 P1:0.1691 P2:0.1691 P3:0.1691 P4:0.16905 STATE:IDLE
[2026-06-03 02:08:44Z] CHK MOM:0.35% RANGE:0.35% UP:45.45% SPREAD:0.11834319% BID:0.169 ASK:0.1692 MID:0.1691 P1:0.1691 P2:0.1691 P3:0.1691 P4:0.16905 STATE:IDLE
[2026-06-03 02:08:45Z] CHK MOM:0.35% RANGE:0.35% UP:45.45% SPREAD:0.11834319% BID:0.169 ASK:0.1692 MID:0.1691 P1:0.1691 P2:0.1691 P3:0.1691 P4:0.16905 STATE:IDLE
[2026-06-03 02:08:46Z] CHK MOM:0.35% RANGE:0.35% UP:45.45% SPREAD:0.11834319% BID:0.169 ASK:0.1692 MID:0.1691 P1:0.1691 P2:0.1691 P3:0.1691 P4:0.16905 STATE:IDLE
[2026-06-03 02:08:48Z] CHK MOM:0.11% RANGE:0.14% UP:33.33% SPREAD:0.17761989% BID:0.1689 ASK:0.1692 MID:0.16904999 P1:0.16904999 P2:0.1691 P3:0.1691 P4:0.1691 STATE:IDLE
[2026-06-03 02:08:48Z] CHK MOM:0.11% RANGE:0.14% UP:30% SPREAD:0.17761989% BID:0.1689 ASK:0.1692 MID:0.16904999 P1:0.16904999 P2:0.16904999 P3:0.1691 P4:0.1691 STATE:IDLE
[2026-06-03 02:08:49Z] CHK MOM:0.11% RANGE:0.14% UP:30% SPREAD:0.17761989% BID:0.1689 ASK:0.1692 MID:0.16904999 P1:0.16904999 P2:0.16904999 P3:0.1691 P4:0.1691 STATE:IDLE
[2026-06-03 02:08:49Z] CHK MOM:0.11% RANGE:0.14% UP:33.33% SPREAD:0.17761989% BID:0.1689 ASK:0.1692 MID:0.16904999 P1:0.16904999 P2:0.16904999 P3:0.16904999 P4:0.1691 STATE:IDLE
[2026-06-03 02:08:50Z] CHK MOM:0.17% RANGE:0.17% UP:33.33% SPREAD:0.11827321% BID:0.1691 ASK:0.1693 MID:0.1692 P1:0.1692 P2:0.16904999 P3:0.16904999 P4:0.16904999 STATE:IDLE
[2026-06-03 02:08:51Z] CHK MOM:0.17% RANGE:0.17% UP:33.33% SPREAD:0.11827321% BID:0.1691 ASK:0.1693 MID:0.1692 P1:0.1692 P2:0.16904999 P3:0.16904999 P4:0.16904999 STATE:IDLE
[2026-06-03 02:08:51Z] CHK MOM:0.23% RANGE:0.23% UP:44.44% SPREAD:0.1182033% BID:0.1692 ASK:0.1694 MID:0.1693 P1:0.1693 P2:0.1692 P3:0.16904999 P4:0.16904999 STATE:IDLE
[2026-06-03 02:08:52Z] CHK MOM:0.29% RANGE:0.29% UP:50% SPREAD:0.11813349% BID:0.1693 ASK:0.1695 MID:0.1694 P1:0.1694 P2:0.1693 P3:0.1692 P4:0.16904999 STATE:IDLE
[2026-06-03 02:08:52Z] CHK MOM:0.29% RANGE:0.29% UP:45.45% SPREAD:0.11813349% BID:0.1693 ASK:0.1695 MID:0.1694 P1:0.1694 P2:0.1694 P3:0.1693 P4:0.1692 STATE:IDLE
[2026-06-03 02:08:53Z] CHK MOM:0.2% RANGE:0.2% UP:36.36% SPREAD:0.11813349% BID:0.1693 ASK:0.1695 MID:0.1694 P1:0.1694 P2:0.1694 P3:0.1694 P4:0.1693 STATE:IDLE
[2026-06-03 02:08:53Z] CHK MOM:0.17% RANGE:0.2% UP:27.27% SPREAD:0.11813349% BID:0.1693 ASK:0.1695 MID:0.1694 P1:0.1694 P2:0.1694 P3:0.1694 P4:0.1694 STATE:IDLE
[2026-06-03 02:08:54Z] CHK MOM:0.17% RANGE:0.2% UP:27.27% SPREAD:0.11813349% BID:0.1693 ASK:0.1695 MID:0.1694 P1:0.1694 P2:0.1694 P3:0.1694 P4:0.1694 STATE:IDLE
[2026-06-03 02:08:54Z] CHK MOM:0.17% RANGE:0.2% UP:25% SPREAD:0.11813349% BID:0.1693 ASK:0.1695 MID:0.1694 P1:0.1694 P2:0.1694 P3:0.1694 P4:0.1694 STATE:IDLE
[2026-06-03 02:08:55Z] CHK MOM:0.17% RANGE:0.2% UP:25% SPREAD:0.11813349% BID:0.1693 ASK:0.1695 MID:0.1694 P1:0.1694 P2:0.1694 P3:0.1694 P4:0.1694 STATE:IDLE
[2026-06-03 02:08:55Z] CHK MOM:0.17% RANGE:0.2% UP:25% SPREAD:0.11813349% BID:0.1693 ASK:0.1695 MID:0.1694 P1:0.1694 P2:0.1694 P3:0.1694 P4:0.1694 STATE:IDLE
[2026-06-03 02:08:56Z] CHK MOM:0.17% RANGE:0.2% UP:25% SPREAD:0.11813349% BID:0.1693 ASK:0.1695 MID:0.1694 P1:0.1694 P2:0.1694 P3:0.1694 P4:0.1694 STATE:IDLE
[2026-06-03 02:08:57Z] CHK MOM:0.2% RANGE:0.2% UP:30% SPREAD:0.11813349% BID:0.1693 ASK:0.1695 MID:0.1694 P1:0.1694 P2:0.1694 P3:0.1694 P4:0.1694 STATE:IDLE
[2026-06-03 02:08:57Z] CHK MOM:0.2% RANGE:0.2% UP:30% SPREAD:0.11813349% BID:0.1693 ASK:0.1695 MID:0.1694 P1:0.1694 P2:0.1694 P3:0.1694 P4:0.1694 STATE:IDLE
[2026-06-03 02:08:58Z] CHK MOM:0.2% RANGE:0.2% UP:30% SPREAD:0.11813349% BID:0.1693 ASK:0.1695 MID:0.1694 P1:0.1694 P2:0.1694 P3:0.1694 P4:0.1694 STATE:IDLE
[2026-06-03 02:08:58Z] CHK MOM:0.2% RANGE:0.2% UP:27.27% SPREAD:0.11813349% BID:0.1693 ASK:0.1695 MID:0.1694 P1:0.1694 P2:0.1694 P3:0.1694 P4:0.1694 STATE:IDLE
[2026-06-03 02:08:59Z] CHK MOM:0.2% RANGE:0.2% UP:25% SPREAD:0.11813349% BID:0.1693 ASK:0.1695 MID:0.1694 P1:0.1694 P2:0.1694 P3:0.1694 P4:0.1694 STATE:IDLE
[2026-06-03 02:08:59Z] CHK MOM:0.2% RANGE:0.2% UP:25% SPREAD:0.11813349% BID:0.1693 ASK:0.1695 MID:0.1694 P1:0.1694 P2:0.1694 P3:0.1694 P4:0.1694 STATE:IDLE
[2026-06-03 02:09:00Z] CHK MOM:0.2% RANGE:0.2% UP:25% SPREAD:0.11813349% BID:0.1693 ASK:0.1695 MID:0.1694 P1:0.1694 P2:0.1694 P3:0.1694 P4:0.1694 STATE:IDLE
[2026-06-03 02:09:00Z] CHK MOM:0.2% RANGE:0.2% UP:27.27% SPREAD:0.11813349% BID:0.1693 ASK:0.1695 MID:0.1694 P1:0.1694 P2:0.1694 P3:0.1694 P4:0.1694 STATE:IDLE
[2026-06-03 02:09:01Z] CHK MOM:0.2% RANGE:0.2% UP:25% SPREAD:0.11813349% BID:0.1693 ASK:0.1695 MID:0.1694 P1:0.1694 P2:0.1694 P3:0.1694 P4:0.1694 STATE:IDLE
[2026-06-03 02:09:02Z] CHK MOM:0.11% RANGE:0.2% UP:23.07% SPREAD:0.17740981% BID:0.1691 ASK:0.1694 MID:0.16925 P1:0.16925 P2:0.1694 P3:0.1694 P4:0.1694 STATE:IDLE
[2026-06-03 02:09:02Z] CHK MOM:-0.05% RANGE:0.11% UP:8.33% SPREAD:0.11827321% BID:0.1691 ASK:0.1693 MID:0.1692 P1:0.1692 P2:0.16925 P3:0.1694 P4:0.1694 STATE:IDLE
[2026-06-03 02:09:03Z] CHK MOM:-0.11% RANGE:0.17% UP:7.69% SPREAD:0.11834319% BID:0.169 ASK:0.1692 MID:0.1691 P1:0.1691 P2:0.1692 P3:0.16925 P4:0.1694 STATE:IDLE
[2026-06-03 02:09:03Z] CHK MOM:-0.2% RANGE:0.2% UP:0% SPREAD:0.17761989% BID:0.1689 ASK:0.1692 MID:0.16904999 P1:0.16904999 P2:0.1691 P3:0.1692 P4:0.16925 STATE:IDLE
[2026-06-03 02:09:04Z] CHK MOM:-0.23% RANGE:0.23% UP:0% SPREAD:0.11841326% BID:0.1689 ASK:0.1691 MID:0.16899999 P1:0.16899999 P2:0.16904999 P3:0.1691 P4:0.1692 STATE:IDLE
[2026-06-03 02:09:04Z] CHK MOM:-0.26% RANGE:0.26% UP:0% SPREAD:0.17772511% BID:0.1688 ASK:0.1691 MID:0.16895 P1:0.16895 P2:0.16899999 P3:0.16904999 P4:0.1691 STATE:IDLE
[2026-06-03 02:09:05Z] CHK MOM:-0.26% RANGE:0.26% UP:0% SPREAD:0.17772511% BID:0.1688 ASK:0.1691 MID:0.16895 P1:0.16895 P2:0.16899999 P3:0.16904999 P4:0.1691 STATE:IDLE
[2026-06-03 02:09:05Z] CHK MOM:-0.29% RANGE:0.29% UP:0% SPREAD:0.11848341% BID:0.1688 ASK:0.169 MID:0.1689 P1:0.1689 P2:0.16895 P3:0.16899999 P4:0.16904999 STATE:IDLE
[2026-06-03 02:09:06Z] CHK MOM:-0.29% RANGE:0.29% UP:0% SPREAD:0.11848341% BID:0.1688 ASK:0.169 MID:0.1689 P1:0.1689 P2:0.16895 P3:0.16899999 P4:0.16904999 STATE:IDLE
[2026-06-03 02:09:07Z] CHK MOM:-0.29% RANGE:0.29% UP:0% SPREAD:0.11848341% BID:0.1688 ASK:0.169 MID:0.1689 P1:0.1689 P2:0.1689 P3:0.16895 P4:0.16899999 STATE:IDLE
[2026-06-03 02:09:07Z] CHK MOM:-0.26% RANGE:0.29% UP:7.69% SPREAD:0.17772511% BID:0.1688 ASK:0.1691 MID:0.16895 P1:0.16895 P2:0.1689 P3:0.1689 P4:0.16895 STATE:IDLE
[2026-06-03 02:09:08Z] CHK MOM:-0.26% RANGE:0.29% UP:7.14% SPREAD:0.17772511% BID:0.1688 ASK:0.1691 MID:0.16895 P1:0.16895 P2:0.16895 P3:0.1689 P4:0.1689 STATE:IDLE
[2026-06-03 02:09:08Z] CHK MOM:-0.29% RANGE:0.29% UP:7.14% SPREAD:0.11848341% BID:0.1688 ASK:0.169 MID:0.1689 P1:0.1689 P2:0.16895 P3:0.16895 P4:0.1689 STATE:IDLE
[2026-06-03 02:09:09Z] CHK MOM:-0.29% RANGE:0.29% UP:7.14% SPREAD:0.11848341% BID:0.1688 ASK:0.169 MID:0.1689 P1:0.1689 P2:0.16895 P3:0.16895 P4:0.1689 STATE:IDLE
[2026-06-03 02:09:09Z] CHK MOM:-0.29% RANGE:0.29% UP:7.14% SPREAD:0.11848341% BID:0.1688 ASK:0.169 MID:0.1689 P1:0.1689 P2:0.16895 P3:0.16895 P4:0.1689 STATE:IDLE
[2026-06-03 02:09:10Z] CHK MOM:-0.29% RANGE:0.29% UP:7.14% SPREAD:0.11848341% BID:0.1688 ASK:0.169 MID:0.1689 P1:0.1689 P2:0.16895 P3:0.16895 P4:0.1689 STATE:IDLE
[2026-06-03 02:09:10Z] CHK MOM:-0.29% RANGE:0.29% UP:7.14% SPREAD:0.11848341% BID:0.1688 ASK:0.169 MID:0.1689 P1:0.1689 P2:0.16895 P3:0.16895 P4:0.1689 STATE:IDLE
[2026-06-03 02:09:11Z] CHK MOM:-0.29% RANGE:0.29% UP:7.14% SPREAD:0.11848341% BID:0.1688 ASK:0.169 MID:0.1689 P1:0.1689 P2:0.16895 P3:0.16895 P4:0.1689 STATE:IDLE
[2026-06-03 02:09:11Z] CHK MOM:-0.32% RANGE:0.32% UP:7.69% SPREAD:0.0592417% BID:0.1688 ASK:0.1689 MID:0.16885 P1:0.16885 P2:0.1689 P3:0.16895 P4:0.16895 STATE:IDLE
[2026-06-03 02:09:12Z] CHK MOM:-0.29% RANGE:0.32% UP:14.28% SPREAD:0.11848341% BID:0.1688 ASK:0.169 MID:0.1689 P1:0.1689 P2:0.16885 P3:0.1689 P4:0.16895 STATE:IDLE
[2026-06-03 02:09:13Z] CHK MOM:-0.26% RANGE:0.32% UP:21.42% SPREAD:0.17772511% BID:0.1688 ASK:0.1691 MID:0.16895 P1:0.16895 P2:0.1689 P3:0.16885 P4:0.1689 STATE:IDLE
[2026-06-03 02:09:13Z] CHK MOM:-0.14% RANGE:0.2% UP:23.07% SPREAD:0.17772511% BID:0.1688 ASK:0.1691 MID:0.16895 P1:0.16895 P2:0.16895 P3:0.1689 P4:0.16885 STATE:IDLE
[2026-06-03 02:09:14Z] CHK MOM:-0.14% RANGE:0.2% UP:23.07% SPREAD:0.17772511% BID:0.1688 ASK:0.1691 MID:0.16895 P1:0.16895 P2:0.16895 P3:0.1689 P4:0.16885 STATE:IDLE
[2026-06-03 02:09:14Z] CHK MOM:-0.08% RANGE:0.14% UP:23.07% SPREAD:0.17772511% BID:0.1688 ASK:0.1691 MID:0.16895 P1:0.16895 P2:0.16895 P3:0.16895 P4:0.1689 STATE:IDLE
[2026-06-03 02:09:15Z] CHK MOM:-0.08% RANGE:0.14% UP:23.07% SPREAD:0.17772511% BID:0.1688 ASK:0.1691 MID:0.16895 P1:0.16895 P2:0.16895 P3:0.16895 P4:0.1689 STATE:IDLE
[2026-06-03 02:09:15Z] CHK MOM:-0.08% RANGE:0.14% UP:23.07% SPREAD:0.17772511% BID:0.1688 ASK:0.1691 MID:0.16895 P1:0.16895 P2:0.16895 P3:0.16895 P4:0.1689 STATE:IDLE
[2026-06-03 02:09:16Z] CHK MOM:0% RANGE:0.08% UP:33.33% SPREAD:0.11841326% BID:0.1689 ASK:0.1691 MID:0.16899999 P1:0.16899999 P2:0.16895 P3:0.16895 P4:0.16895 STATE:IDLE
[2026-06-03 02:09:16Z] CHK MOM:0.08% RANGE:0.14% UP:41.66% SPREAD:0.11834319% BID:0.169 ASK:0.1692 MID:0.1691 P1:0.1691 P2:0.16899999 P3:0.16895 P4:0.16895 STATE:IDLE
[2026-06-03 02:09:17Z] CHK MOM:0.08% RANGE:0.14% UP:41.66% SPREAD:0.11834319% BID:0.169 ASK:0.1692 MID:0.1691 P1:0.1691 P2:0.16899999 P3:0.16895 P4:0.16895 STATE:IDLE
[2026-06-03 02:09:18Z] CHK MOM:0.08% RANGE:0.14% UP:41.66% SPREAD:0.11834319% BID:0.169 ASK:0.1692 MID:0.1691 P1:0.1691 P2:0.16899999 P3:0.16895 P4:0.16895 STATE:IDLE
[2026-06-03 02:09:18Z] CHK MOM:0% RANGE:0.14% UP:40% SPREAD:0.17772511% BID:0.1688 ASK:0.1691 MID:0.16895 P1:0.16895 P2:0.1691 P3:0.16899999 P4:0.16895 STATE:IDLE
[2026-06-03 02:09:19Z] CHK MOM:0% RANGE:0.14% UP:36.36% SPREAD:0.17772511% BID:0.1688 ASK:0.1691 MID:0.16895 P1:0.16895 P2:0.16895 P3:0.1691 P4:0.16899999 STATE:IDLE
[2026-06-03 02:09:19Z] CHK MOM:0% RANGE:0.14% UP:36.36% SPREAD:0.17772511% BID:0.1688 ASK:0.1691 MID:0.16895 P1:0.16895 P2:0.16895 P3:0.1691 P4:0.16899999 STATE:IDLE
[2026-06-03 02:09:20Z] CHK MOM:0% RANGE:0.14% UP:36.36% SPREAD:0.17772511% BID:0.1688 ASK:0.1691 MID:0.16895 P1:0.16895 P2:0.16895 P3:0.16895 P4:0.1691 STATE:IDLE
[2026-06-03 02:09:20Z] CHK MOM:0.02% RANGE:0.14% UP:36.36% SPREAD:0.17772511% BID:0.1688 ASK:0.1691 MID:0.16895 P1:0.16895 P2:0.16895 P3:0.16895 P4:0.16895 STATE:IDLE
[2026-06-03 02:09:21Z] CHK MOM:0.08% RANGE:0.14% UP:45.45% SPREAD:0.11841326% BID:0.1689 ASK:0.1691 MID:0.16899999 P1:0.16899999 P2:0.16895 P3:0.16895 P4:0.16895 STATE:IDLE
[2026-06-03 02:09:21Z] CHK MOM:0.14% RANGE:0.14% UP:50% SPREAD:0.11834319% BID:0.169 ASK:0.1692 MID:0.1691 P1:0.1691 P2:0.16899999 P3:0.16895 P4:0.16895 STATE:IDLE
[2026-06-03 02:09:22Z] CHK MOM:0.14% RANGE:0.14% UP:46.15% SPREAD:0.11834319% BID:0.169 ASK:0.1692 MID:0.1691 P1:0.1691 P2:0.1691 P3:0.16899999 P4:0.16895 STATE:IDLE
[2026-06-03 02:09:23Z] CHK MOM:0.14% RANGE:0.14% UP:46.15% SPREAD:0.11834319% BID:0.169 ASK:0.1692 MID:0.1691 P1:0.1691 P2:0.1691 P3:0.16899999 P4:0.16895 STATE:IDLE
[2026-06-03 02:09:23Z] CHK MOM:0.14% RANGE:0.14% UP:46.15% SPREAD:0.11834319% BID:0.169 ASK:0.1692 MID:0.1691 P1:0.1691 P2:0.1691 P3:0.16899999 P4:0.16895 STATE:IDLE
[2026-06-03 02:09:24Z] CHK MOM:0.14% RANGE:0.14% UP:46.15% SPREAD:0.11834319% BID:0.169 ASK:0.1692 MID:0.1691 P1:0.1691 P2:0.1691 P3:0.16899999 P4:0.16895 STATE:IDLE
[2026-06-03 02:09:24Z] CHK MOM:0.14% RANGE:0.14% UP:46.15% SPREAD:0.11834319% BID:0.169 ASK:0.1692 MID:0.1691 P1:0.1691 P2:0.1691 P3:0.16899999 P4:0.16895 STATE:IDLE
[2026-06-03 02:09:25Z] CHK MOM:0.14% RANGE:0.14% UP:41.66% SPREAD:0.11827321% BID:0.1691 ASK:0.1693 MID:0.1692 P1:0.1692 P2:0.1691 P3:0.1691 P4:0.16899999 STATE:IDLE
[2026-06-03 02:09:25Z] CHK MOM:0.14% RANGE:0.14% UP:41.66% SPREAD:0.11827321% BID:0.1691 ASK:0.1693 MID:0.1692 P1:0.1692 P2:0.1691 P3:0.1691 P4:0.16899999 STATE:IDLE
[2026-06-03 02:09:26Z] CHK MOM:0.14% RANGE:0.14% UP:41.66% SPREAD:0.11827321% BID:0.1691 ASK:0.1693 MID:0.1692 P1:0.1692 P2:0.1691 P3:0.1691 P4:0.16899999 STATE:IDLE
[2026-06-03 02:09:26Z] CHK MOM:0.14% RANGE:0.14% UP:41.66% SPREAD:0.11827321% BID:0.1691 ASK:0.1693 MID:0.1692 P1:0.1692 P2:0.1691 P3:0.1691 P4:0.16899999 STATE:IDLE
[2026-06-03 02:09:27Z] CHK MOM:0.11% RANGE:0.14% UP:40% SPREAD:0.11827321% BID:0.1691 ASK:0.1693 MID:0.1692 P1:0.1692 P2:0.1692 P3:0.1691 P4:0.1691 STATE:IDLE
[2026-06-03 02:09:27Z] CHK MOM:0.11% RANGE:0.14% UP:40% SPREAD:0.11827321% BID:0.1691 ASK:0.1693 MID:0.1692 P1:0.1692 P2:0.1692 P3:0.1691 P4:0.1691 STATE:IDLE
[2026-06-03 02:09:28Z] CHK MOM:0.11% RANGE:0.14% UP:40% SPREAD:0.11827321% BID:0.1691 ASK:0.1693 MID:0.1692 P1:0.1692 P2:0.1692 P3:0.1691 P4:0.1691 STATE:IDLE
[2026-06-03 02:09:29Z] CHK MOM:0.17% RANGE:0.17% UP:44.44% SPREAD:0.05910165% BID:0.1692 ASK:0.1693 MID:0.16925 P1:0.16925 P2:0.1692 P3:0.1692 P4:0.1691 STATE:IDLE
[2026-06-03 02:09:29Z] CHK MOM:0.14% RANGE:0.17% UP:40% SPREAD:0.11827321% BID:0.1691 ASK:0.1693 MID:0.1692 P1:0.1692 P2:0.16925 P3:0.1692 P4:0.1692 STATE:IDLE
[2026-06-03 02:09:30Z] CHK MOM:0.14% RANGE:0.17% UP:36.36% SPREAD:0.11827321% BID:0.1691 ASK:0.1693 MID:0.1692 P1:0.1692 P2:0.1692 P3:0.16925 P4:0.1692 STATE:IDLE
[2026-06-03 02:09:30Z] CHK MOM:0.14% RANGE:0.17% UP:36.36% SPREAD:0.11827321% BID:0.1691 ASK:0.1693 MID:0.1692 P1:0.1692 P2:0.1692 P3:0.16925 P4:0.1692 STATE:IDLE
[2026-06-03 02:09:31Z] CHK MOM:0.14% RANGE:0.17% UP:36.36% SPREAD:0.11827321% BID:0.1691 ASK:0.1693 MID:0.1692 P1:0.1692 P2:0.1692 P3:0.16925 P4:0.1692 STATE:IDLE
[2026-06-03 02:09:31Z] CHK MOM:0.14% RANGE:0.17% UP:36.36% SPREAD:0.11827321% BID:0.1691 ASK:0.1693 MID:0.1692 P1:0.1692 P2:0.1692 P3:0.16925 P4:0.1692 STATE:IDLE
[2026-06-03 02:09:32Z] CHK MOM:0.14% RANGE:0.17% UP:36.36% SPREAD:0.11827321% BID:0.1691 ASK:0.1693 MID:0.1692 P1:0.1692 P2:0.1692 P3:0.16925 P4:0.1692 STATE:IDLE
[2026-06-03 02:09:32Z] CHK MOM:0.14% RANGE:0.17% UP:36.36% SPREAD:0.11827321% BID:0.1691 ASK:0.1693 MID:0.1692 P1:0.1692 P2:0.1692 P3:0.16925 P4:0.1692 STATE:IDLE
[2026-06-03 02:09:35Z] CHK MOM:0% RANGE:0.02% UP:20% SPREAD:0.11827321% BID:0.1691 ASK:0.1693 MID:0.1692 P1:0.1692 P2:0.1692 P3:0.1692 P4:0.16925 STATE:IDLE
[2026-06-03 02:09:36Z] CHK MOM:0% RANGE:0.02% UP:16.66% SPREAD:0.11827321% BID:0.1691 ASK:0.1693 MID:0.1692 P1:0.1692 P2:0.1692 P3:0.1692 P4:0.1692 STATE:IDLE
[2026-06-03 02:09:36Z] CHK MOM:0% RANGE:0.02% UP:16.66% SPREAD:0.11827321% BID:0.1691 ASK:0.1693 MID:0.1692 P1:0.1692 P2:0.1692 P3:0.1692 P4:0.1692 STATE:IDLE
[2026-06-03 02:09:37Z] CHK MOM:0.05% RANGE:0.05% UP:33.33% SPREAD:0.1182033% BID:0.1692 ASK:0.1694 MID:0.1693 P1:0.1693 P2:0.1692 P3:0.1692 P4:0.1692 STATE:IDLE
[2026-06-03 02:09:37Z] CHK MOM:0.05% RANGE:0.05% UP:33.33% SPREAD:0.1182033% BID:0.1692 ASK:0.1694 MID:0.1693 P1:0.1693 P2:0.1692 P3:0.1692 P4:0.1692 STATE:IDLE
[2026-06-03 02:09:38Z] CHK MOM:0.08% RANGE:0.08% UP:42.85% SPREAD:0.05906674% BID:0.1693 ASK:0.1694 MID:0.16935 P1:0.16935 P2:0.1693 P3:0.1692 P4:0.1692 STATE:IDLE
[2026-06-03 02:09:38Z] CHK MOM:0.08% RANGE:0.08% UP:42.85% SPREAD:0.05906674% BID:0.1693 ASK:0.1694 MID:0.16935 P1:0.16935 P2:0.1693 P3:0.1692 P4:0.1692 STATE:IDLE
[2026-06-03 02:09:39Z] CHK MOM:0.08% RANGE:0.08% UP:42.85% SPREAD:0.05906674% BID:0.1693 ASK:0.1694 MID:0.16935 P1:0.16935 P2:0.1693 P3:0.1692 P4:0.1692 STATE:IDLE
[2026-06-03 02:09:39Z] CHK MOM:0.08% RANGE:0.08% UP:42.85% SPREAD:0.05906674% BID:0.1693 ASK:0.1694 MID:0.16935 P1:0.16935 P2:0.1693 P3:0.1692 P4:0.1692 STATE:IDLE
[2026-06-03 02:09:40Z] CHK MOM:0.08% RANGE:0.08% UP:42.85% SPREAD:0.05906674% BID:0.1693 ASK:0.1694 MID:0.16935 P1:0.16935 P2:0.1693 P3:0.1692 P4:0.1692 STATE:IDLE
[2026-06-03 02:09:41Z] CHK MOM:0.08% RANGE:0.08% UP:42.85% SPREAD:0.05906674% BID:0.1693 ASK:0.1694 MID:0.16935 P1:0.16935 P2:0.1693 P3:0.1692 P4:0.1692 STATE:IDLE
[2026-06-03 02:09:42Z] CHK MOM:0.05% RANGE:0.08% UP:40% SPREAD:0.1182033% BID:0.1692 ASK:0.1694 MID:0.1693 P1:0.1693 P2:0.16935 P3:0.1693 P4:0.1692 STATE:IDLE
[2026-06-03 02:09:42Z] CHK MOM:0.05% RANGE:0.08% UP:40% SPREAD:0.1182033% BID:0.1692 ASK:0.1694 MID:0.1693 P1:0.1693 P2:0.1693 P3:0.16935 P4:0.1693 STATE:IDLE
[2026-06-03 02:09:43Z] CHK MOM:0.05% RANGE:0.08% UP:40% SPREAD:0.1182033% BID:0.1692 ASK:0.1694 MID:0.1693 P1:0.1693 P2:0.1693 P3:0.16935 P4:0.1693 STATE:IDLE
[2026-06-03 02:09:43Z] CHK MOM:0.05% RANGE:0.08% UP:40% SPREAD:0.1182033% BID:0.1692 ASK:0.1694 MID:0.1693 P1:0.1693 P2:0.1693 P3:0.16935 P4:0.1693 STATE:IDLE
[2026-06-03 02:09:44Z] CHK MOM:0.05% RANGE:0.08% UP:40% SPREAD:0.1182033% BID:0.1692 ASK:0.1694 MID:0.1693 P1:0.1693 P2:0.1693 P3:0.16935 P4:0.1693 STATE:IDLE
[2026-06-03 02:09:44Z] CHK MOM:0.05% RANGE:0.08% UP:40% SPREAD:0.1182033% BID:0.1692 ASK:0.1694 MID:0.1693 P1:0.1693 P2:0.1693 P3:0.16935 P4:0.1693 STATE:IDLE
[2026-06-03 02:09:45Z] CHK MOM:0.05% RANGE:0.08% UP:40% SPREAD:0.1182033% BID:0.1692 ASK:0.1694 MID:0.1693 P1:0.1693 P2:0.1693 P3:0.16935 P4:0.1693 STATE:IDLE
[2026-06-03 02:09:46Z] CHK MOM:0.05% RANGE:0.08% UP:33.33% SPREAD:0.1182033% BID:0.1692 ASK:0.1694 MID:0.1693 P1:0.1693 P2:0.1693 P3:0.1693 P4:0.16935 STATE:IDLE
[2026-06-03 02:09:47Z] CHK MOM:0.05% RANGE:0.08% UP:28.57% SPREAD:0.1182033% BID:0.1692 ASK:0.1694 MID:0.1693 P1:0.1693 P2:0.1693 P3:0.1693 P4:0.1693 STATE:IDLE
[2026-06-03 02:09:47Z] CHK MOM:0.05% RANGE:0.08% UP:28.57% SPREAD:0.1182033% BID:0.1692 ASK:0.1694 MID:0.1693 P1:0.1693 P2:0.1693 P3:0.1693 P4:0.1693 STATE:IDLE
[2026-06-03 02:09:48Z] CHK MOM:0.02% RANGE:0.02% UP:33.33% SPREAD:0.05906674% BID:0.1693 ASK:0.1694 MID:0.16935 P1:0.16935 P2:0.1693 P3:0.1693 P4:0.1693 STATE:IDLE
[2026-06-03 02:09:48Z] CHK MOM:0% RANGE:0.02% UP:28.57% SPREAD:0.1182033% BID:0.1692 ASK:0.1694 MID:0.1693 P1:0.1693 P2:0.16935 P3:0.1693 P4:0.1693 STATE:IDLE
[2026-06-03 02:09:49Z] CHK MOM:0% RANGE:0.02% UP:28.57% SPREAD:0.1182033% BID:0.1692 ASK:0.1694 MID:0.1693 P1:0.1693 P2:0.16935 P3:0.1693 P4:0.1693 STATE:IDLE
[2026-06-03 02:09:49Z] CHK MOM:0% RANGE:0.02% UP:28.57% SPREAD:0.1182033% BID:0.1692 ASK:0.1694 MID:0.1693 P1:0.1693 P2:0.16935 P3:0.1693 P4:0.1693 STATE:IDLE
[2026-06-03 02:09:50Z] CHK MOM:0% RANGE:0.02% UP:28.57% SPREAD:0.1182033% BID:0.1692 ASK:0.1694 MID:0.1693 P1:0.1693 P2:0.16935 P3:0.1693 P4:0.1693 STATE:IDLE
[2026-06-03 02:09:50Z] CHK MOM:0% RANGE:0.02% UP:28.57% SPREAD:0.1182033% BID:0.1692 ASK:0.1694 MID:0.1693 P1:0.1693 P2:0.16935 P3:0.1693 P4:0.1693 STATE:IDLE
[2026-06-03 02:09:51Z] CHK MOM:0% RANGE:0.02% UP:28.57% SPREAD:0.1182033% BID:0.1692 ASK:0.1694 MID:0.1693 P1:0.1693 P2:0.16935 P3:0.1693 P4:0.1693 STATE:IDLE
[2026-06-03 02:09:55Z] CHK MOM:0.05% RANGE:0.05% UP:50% SPREAD:0.11813349% BID:0.1693 ASK:0.1695 MID:0.1694 P1:0.1694 P2:0.1693 P3:0.16935 P4:0.1693 STATE:IDLE
[2026-06-03 02:09:55Z] CHK MOM:0.05% RANGE:0.05% UP:40% SPREAD:0.11813349% BID:0.1693 ASK:0.1695 MID:0.1694 P1:0.1694 P2:0.1694 P3:0.1693 P4:0.16935 STATE:IDLE
[2026-06-03 02:09:56Z] CHK MOM:0.05% RANGE:0.05% UP:33.33% SPREAD:0.11813349% BID:0.1693 ASK:0.1695 MID:0.1694 P1:0.1694 P2:0.1694 P3:0.1694 P4:0.1693 STATE:IDLE
[2026-06-03 02:09:56Z] CHK MOM:0.05% RANGE:0.05% UP:33.33% SPREAD:0.11813349% BID:0.1693 ASK:0.1695 MID:0.1694 P1:0.1694 P2:0.1694 P3:0.1694 P4:0.1693 STATE:IDLE
[2026-06-03 02:09:57Z] CHK MOM:0.05% RANGE:0.05% UP:33.33% SPREAD:0.11813349% BID:0.1693 ASK:0.1695 MID:0.1694 P1:0.1694 P2:0.1694 P3:0.1694 P4:0.1693 STATE:IDLE
[2026-06-03 02:09:57Z] CHK MOM:0.05% RANGE:0.05% UP:33.33% SPREAD:0.11813349% BID:0.1693 ASK:0.1695 MID:0.1694 P1:0.1694 P2:0.1694 P3:0.1694 P4:0.1693 STATE:IDLE
[2026-06-03 02:09:58Z] CHK MOM:0.05% RANGE:0.05% UP:33.33% SPREAD:0.11813349% BID:0.1693 ASK:0.1695 MID:0.1694 P1:0.1694 P2:0.1694 P3:0.1694 P4:0.1693 STATE:IDLE
[2026-06-03 02:09:58Z] CHK MOM:0.02% RANGE:0.05% UP:20% SPREAD:0.11813349% BID:0.1693 ASK:0.1695 MID:0.1694 P1:0.1694 P2:0.1694 P3:0.1694 P4:0.1694 STATE:IDLE
[2026-06-03 02:09:59Z] CHK MOM:0.02% RANGE:0.05% UP:20% SPREAD:0.11813349% BID:0.1693 ASK:0.1695 MID:0.1694 P1:0.1694 P2:0.1694 P3:0.1694 P4:0.1694 STATE:IDLE
[2026-06-03 02:09:59Z] CHK MOM:0.02% RANGE:0.05% UP:20% SPREAD:0.11813349% BID:0.1693 ASK:0.1695 MID:0.1694 P1:0.1694 P2:0.1694 P3:0.1694 P4:0.1694 STATE:IDLE
[2026-06-03 02:10:00Z] CHK MOM:0.02% RANGE:0.05% UP:20% SPREAD:0.11813349% BID:0.1693 ASK:0.1695 MID:0.1694 P1:0.1694 P2:0.1694 P3:0.1694 P4:0.1694 STATE:IDLE
[2026-06-03 02:10:01Z] CHK MOM:0% RANGE:0% UP:0% SPREAD:0.11813349% BID:0.1693 ASK:0.1695 MID:0.1694 P1:0.1694 P2:0.1694 P3:0.1694 P4:0.1694 STATE:IDLE
[2026-06-03 02:10:01Z] CHK MOM:0% RANGE:0% UP:0% SPREAD:0.11813349% BID:0.1693 ASK:0.1695 MID:0.1694 P1:0.1694 P2:0.1694 P3:0.1694 P4:0.1694 STATE:IDLE
[2026-06-03 02:10:02Z] CHK MOM:0% RANGE:0% UP:0% SPREAD:0.11813349% BID:0.1693 ASK:0.1695 MID:0.1694 P1:0.1694 P2:0.1694 P3:0.1694 P4:0.1694 STATE:IDLE
[2026-06-03 02:10:02Z] CHK MOM:0% RANGE:0% UP:0% SPREAD:0.11813349% BID:0.1693 ASK:0.1695 MID:0.1694 P1:0.1694 P2:0.1694 P3:0.1694 P4:0.1694 STATE:IDLE
[2026-06-03 02:10:03Z] CHK MOM:0% RANGE:0% UP:0% SPREAD:0.11813349% BID:0.1693 ASK:0.1695 MID:0.1694 P1:0.1694 P2:0.1694 P3:0.1694 P4:0.1694 STATE:IDLE
[2026-06-03 02:10:03Z] CHK MOM:-0.02% RANGE:0.02% UP:0% SPREAD:0.17730496% BID:0.1692 ASK:0.1695 MID:0.16935 P1:0.16935 P2:0.1694 P3:0.1694 P4:0.1694 STATE:IDLE
[2026-06-03 02:10:04Z] CHK MOM:-0.02% RANGE:0.02% UP:0% SPREAD:0.17730496% BID:0.1692 ASK:0.1695 MID:0.16935 P1:0.16935 P2:0.16935 P3:0.1694 P4:0.1694 STATE:IDLE
[2026-06-03 02:10:04Z] CHK MOM:-0.02% RANGE:0.02% UP:0% SPREAD:0.17730496% BID:0.1692 ASK:0.1695 MID:0.16935 P1:0.16935 P2:0.16935 P3:0.1694 P4:0.1694 STATE:IDLE
[2026-06-03 02:10:05Z] CHK MOM:-0.02% RANGE:0.02% UP:0% SPREAD:0.17730496% BID:0.1692 ASK:0.1695 MID:0.16935 P1:0.16935 P2:0.16935 P3:0.16935 P4:0.1694 STATE:IDLE
[2026-06-03 02:10:06Z] CHK MOM:-0.02% RANGE:0.02% UP:0% SPREAD:0.17730496% BID:0.1692 ASK:0.1695 MID:0.16935 P1:0.16935 P2:0.16935 P3:0.16935 P4:0.16935 STATE:IDLE
[2026-06-03 02:10:06Z] CHK MOM:-0.02% RANGE:0.02% UP:0% SPREAD:0.17730496% BID:0.1692 ASK:0.1695 MID:0.16935 P1:0.16935 P2:0.16935 P3:0.16935 P4:0.16935 STATE:IDLE
[2026-06-03 02:10:07Z] CHK MOM:-0.05% RANGE:0.05% UP:0% SPREAD:0.1182033% BID:0.1692 ASK:0.1694 MID:0.1693 P1:0.1693 P2:0.16935 P3:0.16935 P4:0.16935 STATE:IDLE
[2026-06-03 02:10:07Z] CHK MOM:-0.05% RANGE:0.05% UP:0% SPREAD:0.1182033% BID:0.1692 ASK:0.1694 MID:0.1693 P1:0.1693 P2:0.1693 P3:0.16935 P4:0.16935 STATE:IDLE
[2026-06-03 02:10:08Z] CHK MOM:-0.05% RANGE:0.05% UP:0% SPREAD:0.1182033% BID:0.1692 ASK:0.1694 MID:0.1693 P1:0.1693 P2:0.1693 P3:0.16935 P4:0.16935 STATE:IDLE
[2026-06-03 02:10:08Z] CHK MOM:-0.05% RANGE:0.05% UP:0% SPREAD:0.1182033% BID:0.1692 ASK:0.1694 MID:0.1693 P1:0.1693 P2:0.1693 P3:0.16935 P4:0.16935 STATE:IDLE
[2026-06-03 02:10:09Z] CHK MOM:-0.05% RANGE:0.05% UP:0% SPREAD:0.1182033% BID:0.1692 ASK:0.1694 MID:0.1693 P1:0.1693 P2:0.1693 P3:0.16935 P4:0.16935 STATE:IDLE
[2026-06-03 02:10:09Z] CHK MOM:-0.05% RANGE:0.05% UP:0% SPREAD:0.1182033% BID:0.1692 ASK:0.1694 MID:0.1693 P1:0.1693 P2:0.1693 P3:0.16935 P4:0.16935 STATE:IDLE
[2026-06-03 02:10:10Z] CHK MOM:-0.05% RANGE:0.05% UP:0% SPREAD:0.1182033% BID:0.1692 ASK:0.1694 MID:0.1693 P1:0.1693 P2:0.1693 P3:0.16935 P4:0.16935 STATE:IDLE
[2026-06-03 02:10:10Z] CHK MOM:-0.08% RANGE:0.08% UP:0% SPREAD:0.05910165% BID:0.1692 ASK:0.1693 MID:0.16925 P1:0.16925 P2:0.1693 P3:0.1693 P4:0.16935 STATE:IDLE
[2026-06-03 02:10:11Z] CHK MOM:-0.08% RANGE:0.08% UP:0% SPREAD:0.05910165% BID:0.1692 ASK:0.1693 MID:0.16925 P1:0.16925 P2:0.1693 P3:0.1693 P4:0.16935 STATE:IDLE
[2026-06-03 02:10:11Z] CHK MOM:-0.08% RANGE:0.08% UP:0% SPREAD:0.05910165% BID:0.1692 ASK:0.1693 MID:0.16925 P1:0.16925 P2:0.1693 P3:0.1693 P4:0.16935 STATE:IDLE
[2026-06-03 02:10:12Z] CHK MOM:-0.08% RANGE:0.08% UP:0% SPREAD:0.05910165% BID:0.1692 ASK:0.1693 MID:0.16925 P1:0.16925 P2:0.1693 P3:0.1693 P4:0.16935 STATE:IDLE
[2026-06-03 02:10:12Z] CHK MOM:-0.08% RANGE:0.08% UP:0% SPREAD:0.05910165% BID:0.1692 ASK:0.1693 MID:0.16925 P1:0.16925 P2:0.1693 P3:0.1693 P4:0.16935 STATE:IDLE
[2026-06-03 02:10:13Z] CHK MOM:-0.05% RANGE:0.05% UP:0% SPREAD:0.05910165% BID:0.1692 ASK:0.1693 MID:0.16925 P1:0.16925 P2:0.16925 P3:0.1693 P4:0.1693 STATE:IDLE
[2026-06-03 02:10:14Z] CHK MOM:-0.11% RANGE:0.11% UP:0% SPREAD:0.0591366% BID:0.1691 ASK:0.1692 MID:0.16915 P1:0.16915 P2:0.16925 P3:0.16925 P4:0.1693 STATE:IDLE
[2026-06-03 02:10:14Z] CHK MOM:-0.11% RANGE:0.11% UP:0% SPREAD:0.0591366% BID:0.1691 ASK:0.1692 MID:0.16915 P1:0.16915 P2:0.16915 P3:0.16925 P4:0.16925 STATE:IDLE
[2026-06-03 02:10:15Z] CHK MOM:-0.11% RANGE:0.11% UP:0% SPREAD:0.0591366% BID:0.1691 ASK:0.1692 MID:0.16915 P1:0.16915 P2:0.16915 P3:0.16915 P4:0.16925 STATE:IDLE
[2026-06-03 02:10:15Z] CHK MOM:-0.11% RANGE:0.11% UP:0% SPREAD:0.0591366% BID:0.1691 ASK:0.1692 MID:0.16915 P1:0.16915 P2:0.16915 P3:0.16915 P4:0.16925 STATE:IDLE
[2026-06-03 02:10:16Z] CHK MOM:-0.11% RANGE:0.11% UP:0% SPREAD:0.0591366% BID:0.1691 ASK:0.1692 MID:0.16915 P1:0.16915 P2:0.16915 P3:0.16915 P4:0.16925 STATE:IDLE
[2026-06-03 02:10:17Z] CHK MOM:0% RANGE:0.11% UP:10% SPREAD:0.17730496% BID:0.1692 ASK:0.1695 MID:0.16935 P1:0.16935 P2:0.16915 P3:0.16915 P4:0.16915 STATE:IDLE
[2026-06-03 02:10:17Z] CHK MOM:0% RANGE:0.11% UP:10% SPREAD:0.17730496% BID:0.1692 ASK:0.1695 MID:0.16935 P1:0.16935 P2:0.16915 P3:0.16915 P4:0.16915 STATE:IDLE
[2026-06-03 02:10:18Z] CHK MOM:0% RANGE:0.11% UP:10% SPREAD:0.17730496% BID:0.1692 ASK:0.1695 MID:0.16935 P1:0.16935 P2:0.16915 P3:0.16915 P4:0.16915 STATE:IDLE
[2026-06-03 02:10:18Z] CHK MOM:0% RANGE:0.11% UP:10% SPREAD:0.17730496% BID:0.1692 ASK:0.1695 MID:0.16935 P1:0.16935 P2:0.16915 P3:0.16915 P4:0.16915 STATE:IDLE
[2026-06-03 02:10:19Z] CHK MOM:0.02% RANGE:0.11% UP:12.5% SPREAD:0.17730496% BID:0.1692 ASK:0.1695 MID:0.16935 P1:0.16935 P2:0.16935 P3:0.16915 P4:0.16915 STATE:IDLE
[2026-06-03 02:10:19Z] CHK MOM:0.02% RANGE:0.11% UP:12.5% SPREAD:0.17730496% BID:0.1692 ASK:0.1695 MID:0.16935 P1:0.16935 P2:0.16935 P3:0.16915 P4:0.16915 STATE:IDLE
[2026-06-03 02:10:20Z] CHK MOM:0% RANGE:0.11% UP:14.28% SPREAD:0.17740981% BID:0.1691 ASK:0.1694 MID:0.16925 P1:0.16925 P2:0.16935 P3:0.16935 P4:0.16915 STATE:IDLE
[2026-06-03 02:10:20Z] CHK MOM:0% RANGE:0.11% UP:14.28% SPREAD:0.17740981% BID:0.1691 ASK:0.1694 MID:0.16925 P1:0.16925 P2:0.16935 P3:0.16935 P4:0.16915 STATE:IDLE
[2026-06-03 02:10:21Z] CHK MOM:0% RANGE:0.11% UP:14.28% SPREAD:0.17740981% BID:0.1691 ASK:0.1694 MID:0.16925 P1:0.16925 P2:0.16935 P3:0.16935 P4:0.16915 STATE:IDLE
[2026-06-03 02:10:22Z] CHK MOM:0% RANGE:0.11% UP:14.28% SPREAD:0.17740981% BID:0.1691 ASK:0.1694 MID:0.16925 P1:0.16925 P2:0.16935 P3:0.16935 P4:0.16915 STATE:IDLE
[2026-06-03 02:10:22Z] CHK MOM:0% RANGE:0.11% UP:14.28% SPREAD:0.17740981% BID:0.1691 ASK:0.1694 MID:0.16925 P1:0.16925 P2:0.16935 P3:0.16935 P4:0.16915 STATE:IDLE
[2026-06-03 02:10:24Z] CHK MOM:-0.02% RANGE:0.11% UP:14.28% SPREAD:0.11827321% BID:0.1691 ASK:0.1693 MID:0.1692 P1:0.1692 P2:0.16925 P3:0.16935 P4:0.16935 STATE:IDLE
[2026-06-03 02:10:25Z] CHK MOM:-0.02% RANGE:0.11% UP:12.5% SPREAD:0.11827321% BID:0.1691 ASK:0.1693 MID:0.1692 P1:0.1692 P2:0.1692 P3:0.16925 P4:0.16935 STATE:IDLE
[2026-06-03 02:10:25Z] CHK MOM:-0.02% RANGE:0.11% UP:12.5% SPREAD:0.11827321% BID:0.1691 ASK:0.1693 MID:0.1692 P1:0.1692 P2:0.1692 P3:0.16925 P4:0.16935 STATE:IDLE
[2026-06-03 02:10:26Z] CHK MOM:-0.02% RANGE:0.11% UP:12.5% SPREAD:0.11827321% BID:0.1691 ASK:0.1693 MID:0.1692 P1:0.1692 P2:0.1692 P3:0.16925 P4:0.16935 STATE:IDLE
[2026-06-03 02:10:26Z] CHK MOM:-0.02% RANGE:0.11% UP:12.5% SPREAD:0.11827321% BID:0.1691 ASK:0.1693 MID:0.1692 P1:0.1692 P2:0.1692 P3:0.16925 P4:0.16935 STATE:IDLE
[2026-06-03 02:10:27Z] CHK MOM:0% RANGE:0.08% UP:20% SPREAD:0.17730496% BID:0.1692 ASK:0.1695 MID:0.16935 P1:0.16935 P2:0.1692 P3:0.1692 P4:0.16925 STATE:IDLE
[2026-06-03 02:10:28Z] CHK MOM:0% RANGE:0.08% UP:16.66% SPREAD:0.17730496% BID:0.1692 ASK:0.1695 MID:0.16935 P1:0.16935 P2:0.16935 P3:0.1692 P4:0.1692 STATE:IDLE
[2026-06-03 02:10:28Z] CHK MOM:0% RANGE:0.08% UP:16.66% SPREAD:0.17730496% BID:0.1692 ASK:0.1695 MID:0.16935 P1:0.16935 P2:0.16935 P3:0.1692 P4:0.1692 STATE:IDLE
[2026-06-03 02:10:29Z] CHK MOM:0.02% RANGE:0.11% UP:33.33% SPREAD:0.11813349% BID:0.1693 ASK:0.1695 MID:0.1694 P1:0.1694 P2:0.16935 P3:0.16935 P4:0.1692 STATE:IDLE
[2026-06-03 02:10:29Z] CHK MOM:0.02% RANGE:0.11% UP:33.33% SPREAD:0.11813349% BID:0.1693 ASK:0.1695 MID:0.1694 P1:0.1694 P2:0.16935 P3:0.16935 P4:0.1692 STATE:IDLE
[2026-06-03 02:10:30Z] CHK MOM:0.02% RANGE:0.11% UP:33.33% SPREAD:0.11813349% BID:0.1693 ASK:0.1695 MID:0.1694 P1:0.1694 P2:0.16935 P3:0.16935 P4:0.1692 STATE:IDLE
[2026-06-03 02:10:30Z] CHK MOM:0.02% RANGE:0.11% UP:33.33% SPREAD:0.11813349% BID:0.1693 ASK:0.1695 MID:0.1694 P1:0.1694 P2:0.16935 P3:0.16935 P4:0.1692 STATE:IDLE
[2026-06-03 02:10:31Z] CHK MOM:0.02% RANGE:0.11% UP:33.33% SPREAD:0.11813349% BID:0.1693 ASK:0.1695 MID:0.1694 P1:0.1694 P2:0.16935 P3:0.16935 P4:0.1692 STATE:IDLE
[2026-06-03 02:10:31Z] CHK MOM:0.02% RANGE:0.11% UP:33.33% SPREAD:0.11813349% BID:0.1693 ASK:0.1695 MID:0.1694 P1:0.1694 P2:0.16935 P3:0.16935 P4:0.1692 STATE:IDLE
[2026-06-03 02:10:32Z] CHK MOM:0.05% RANGE:0.11% UP:33.33% SPREAD:0.17730496% BID:0.1692 ASK:0.1695 MID:0.16935 P1:0.16935 P2:0.1694 P3:0.16935 P4:0.16935 STATE:IDLE
[2026-06-03 02:10:33Z] CHK MOM:0.05% RANGE:0.11% UP:33.33% SPREAD:0.17730496% BID:0.1692 ASK:0.1695 MID:0.16935 P1:0.16935 P2:0.1694 P3:0.16935 P4:0.16935 STATE:IDLE
[2026-06-03 02:10:33Z] CHK MOM:0.05% RANGE:0.11% UP:33.33% SPREAD:0.17730496% BID:0.1692 ASK:0.1695 MID:0.16935 P1:0.16935 P2:0.1694 P3:0.16935 P4:0.16935 STATE:IDLE
[2026-06-03 02:10:34Z] CHK MOM:0.05% RANGE:0.11% UP:33.33% SPREAD:0.17730496% BID:0.1692 ASK:0.1695 MID:0.16935 P1:0.16935 P2:0.1694 P3:0.16935 P4:0.16935 STATE:IDLE
[2026-06-03 02:10:34Z] CHK MOM:0.05% RANGE:0.11% UP:33.33% SPREAD:0.17730496% BID:0.1692 ASK:0.1695 MID:0.16935 P1:0.16935 P2:0.1694 P3:0.16935 P4:0.16935 STATE:IDLE
[2026-06-03 02:10:36Z] CHK MOM:0.02% RANGE:0.11% UP:33.33% SPREAD:0.17740981% BID:0.1691 ASK:0.1694 MID:0.16925 P1:0.16925 P2:0.16935 P3:0.1694 P4:0.16935 STATE:IDLE
[2026-06-03 02:10:37Z] CHK MOM:0.02% RANGE:0.11% UP:33.33% SPREAD:0.17740981% BID:0.1691 ASK:0.1694 MID:0.16925 P1:0.16925 P2:0.16935 P3:0.1694 P4:0.16935 STATE:IDLE
[2026-06-03 02:10:37Z] CHK MOM:0.02% RANGE:0.11% UP:33.33% SPREAD:0.17740981% BID:0.1691 ASK:0.1694 MID:0.16925 P1:0.16925 P2:0.16935 P3:0.1694 P4:0.16935 STATE:IDLE
[2026-06-03 02:10:39Z] CHK MOM:0.02% RANGE:0.11% UP:33.33% SPREAD:0.17740981% BID:0.1691 ASK:0.1694 MID:0.16925 P1:0.16925 P2:0.16935 P3:0.1694 P4:0.16935 STATE:IDLE
[2026-06-03 02:10:40Z] CHK MOM:-0.08% RANGE:0.08% UP:0% SPREAD:0.17740981% BID:0.1691 ASK:0.1694 MID:0.16925 P1:0.16925 P2:0.16925 P3:0.16935 P4:0.1694 STATE:IDLE
[2026-06-03 02:10:40Z] CHK MOM:-0.08% RANGE:0.08% UP:0% SPREAD:0.17740981% BID:0.1691 ASK:0.1694 MID:0.16925 P1:0.16925 P2:0.16925 P3:0.16935 P4:0.1694 STATE:IDLE
[2026-06-03 02:10:41Z] CHK MOM:-0.08% RANGE:0.08% UP:0% SPREAD:0.17740981% BID:0.1691 ASK:0.1694 MID:0.16925 P1:0.16925 P2:0.16925 P3:0.16925 P4:0.16935 STATE:IDLE
[2026-06-03 02:10:41Z] CHK MOM:-0.08% RANGE:0.08% UP:0% SPREAD:0.17740981% BID:0.1691 ASK:0.1694 MID:0.16925 P1:0.16925 P2:0.16925 P3:0.16925 P4:0.16935 STATE:IDLE
[2026-06-03 02:10:42Z] CHK MOM:-0.08% RANGE:0.08% UP:0% SPREAD:0.17740981% BID:0.1691 ASK:0.1694 MID:0.16925 P1:0.16925 P2:0.16925 P3:0.16925 P4:0.16935 STATE:IDLE
[2026-06-03 02:10:42Z] CHK MOM:-0.08% RANGE:0.08% UP:0% SPREAD:0.17740981% BID:0.1691 ASK:0.1694 MID:0.16925 P1:0.16925 P2:0.16925 P3:0.16925 P4:0.16935 STATE:IDLE
[2026-06-03 02:10:43Z] CHK MOM:-0.08% RANGE:0.08% UP:0% SPREAD:0.17740981% BID:0.1691 ASK:0.1694 MID:0.16925 P1:0.16925 P2:0.16925 P3:0.16925 P4:0.16935 STATE:IDLE
[2026-06-03 02:10:44Z] CHK MOM:-0.08% RANGE:0.08% UP:0% SPREAD:0.17740981% BID:0.1691 ASK:0.1694 MID:0.16925 P1:0.16925 P2:0.16925 P3:0.16925 P4:0.16935 STATE:IDLE
[2026-06-03 02:10:46Z] CHK MOM:0% RANGE:0% UP:0% SPREAD:0.17740981% BID:0.1691 ASK:0.1694 MID:0.16925 P1:0.16925 P2:0.16925 P3:0.16925 P4:0.16925 STATE:IDLE
[2026-06-03 02:10:47Z] CHK MOM:0.02% RANGE:0.02% UP:25% SPREAD:0.1182033% BID:0.1692 ASK:0.1694 MID:0.1693 P1:0.1693 P2:0.16925 P3:0.16925 P4:0.16925 STATE:IDLE
[2026-06-03 02:10:47Z] CHK MOM:0.02% RANGE:0.02% UP:25% SPREAD:0.1182033% BID:0.1692 ASK:0.1694 MID:0.1693 P1:0.1693 P2:0.16925 P3:0.16925 P4:0.16925 STATE:IDLE
[2026-06-03 02:10:48Z] CHK MOM:0.02% RANGE:0.02% UP:25% SPREAD:0.1182033% BID:0.1692 ASK:0.1694 MID:0.1693 P1:0.1693 P2:0.16925 P3:0.16925 P4:0.16925 STATE:IDLE
[2026-06-03 02:10:48Z] CHK MOM:0.02% RANGE:0.02% UP:25% SPREAD:0.1182033% BID:0.1692 ASK:0.1694 MID:0.1693 P1:0.1693 P2:0.16925 P3:0.16925 P4:0.16925 STATE:IDLE
[2026-06-03 02:10:49Z] CHK MOM:0.05% RANGE:0.05% UP:50% SPREAD:0.17730496% BID:0.1692 ASK:0.1695 MID:0.16935 P1:0.16935 P2:0.1693 P3:0.16925 P4:0.16925 STATE:IDLE
[2026-06-03 02:10:50Z] CHK MOM:0% RANGE:0.05% UP:40% SPREAD:0.17740981% BID:0.1691 ASK:0.1694 MID:0.16925 P1:0.16925 P2:0.16935 P3:0.1693 P4:0.16925 STATE:IDLE
[2026-06-03 02:10:50Z] CHK MOM:0% RANGE:0.05% UP:40% SPREAD:0.17740981% BID:0.1691 ASK:0.1694 MID:0.16925 P1:0.16925 P2:0.16935 P3:0.1693 P4:0.16925 STATE:IDLE
[2026-06-03 02:10:51Z] CHK MOM:-0.02% RANGE:0.08% UP:33.33% SPREAD:0.11827321% BID:0.1691 ASK:0.1693 MID:0.1692 P1:0.1692 P2:0.16925 P3:0.16935 P4:0.1693 STATE:IDLE
[2026-06-03 02:10:51Z] CHK MOM:-0.02% RANGE:0.08% UP:28.57% SPREAD:0.11827321% BID:0.1691 ASK:0.1693 MID:0.1692 P1:0.1692 P2:0.1692 P3:0.16925 P4:0.16935 STATE:IDLE
[2026-06-03 02:10:52Z] CHK MOM:-0.02% RANGE:0.08% UP:25% SPREAD:0.11827321% BID:0.1691 ASK:0.1693 MID:0.1692 P1:0.1692 P2:0.1692 P3:0.1692 P4:0.16925 STATE:IDLE
[2026-06-03 02:10:52Z] CHK MOM:-0.02% RANGE:0.08% UP:25% SPREAD:0.11827321% BID:0.1691 ASK:0.1693 MID:0.1692 P1:0.1692 P2:0.1692 P3:0.1692 P4:0.1692 STATE:IDLE
[2026-06-03 02:10:53Z] CHK MOM:-0.02% RANGE:0.08% UP:25% SPREAD:0.11827321% BID:0.1691 ASK:0.1693 MID:0.1692 P1:0.1692 P2:0.1692 P3:0.1692 P4:0.1692 STATE:IDLE
[2026-06-03 02:10:53Z] CHK MOM:-0.02% RANGE:0.08% UP:25% SPREAD:0.11827321% BID:0.1691 ASK:0.1693 MID:0.1692 P1:0.1692 P2:0.1692 P3:0.1692 P4:0.1692 STATE:IDLE
[2026-06-03 02:10:54Z] CHK MOM:-0.02% RANGE:0.08% UP:25% SPREAD:0.11827321% BID:0.1691 ASK:0.1693 MID:0.1692 P1:0.1692 P2:0.1692 P3:0.1692 P4:0.1692 STATE:IDLE
[2026-06-03 02:10:55Z] CHK MOM:-0.02% RANGE:0.08% UP:25% SPREAD:0.11827321% BID:0.1691 ASK:0.1693 MID:0.1692 P1:0.1692 P2:0.1692 P3:0.1692 P4:0.1692 STATE:IDLE
[2026-06-03 02:10:55Z] CHK MOM:-0.02% RANGE:0.08% UP:25% SPREAD:0.11827321% BID:0.1691 ASK:0.1693 MID:0.1692 P1:0.1692 P2:0.1692 P3:0.1692 P4:0.1692 STATE:IDLE
[2026-06-03 02:10:56Z] CHK MOM:-0.02% RANGE:0.08% UP:25% SPREAD:0.11827321% BID:0.1691 ASK:0.1693 MID:0.1692 P1:0.1692 P2:0.1692 P3:0.1692 P4:0.1692 STATE:IDLE
[2026-06-03 02:10:56Z] CHK MOM:-0.02% RANGE:0.08% UP:22.22% SPREAD:0.11827321% BID:0.1691 ASK:0.1693 MID:0.1692 P1:0.1692 P2:0.1692 P3:0.1692 P4:0.1692 STATE:IDLE
[2026-06-03 02:10:57Z] CHK MOM:0% RANGE:0.08% UP:30% SPREAD:0.17740981% BID:0.1691 ASK:0.1694 MID:0.16925 P1:0.16925 P2:0.1692 P3:0.1692 P4:0.1692 STATE:IDLE
[2026-06-03 02:10:57Z] CHK MOM:0% RANGE:0.08% UP:30% SPREAD:0.17740981% BID:0.1691 ASK:0.1694 MID:0.16925 P1:0.16925 P2:0.1692 P3:0.1692 P4:0.1692 STATE:IDLE
[2026-06-03 02:10:58Z] CHK MOM:0% RANGE:0.08% UP:30% SPREAD:0.17740981% BID:0.1691 ASK:0.1694 MID:0.16925 P1:0.16925 P2:0.1692 P3:0.1692 P4:0.1692 STATE:IDLE
[2026-06-03 02:10:58Z] CHK MOM:0% RANGE:0.08% UP:30% SPREAD:0.17740981% BID:0.1691 ASK:0.1694 MID:0.16925 P1:0.16925 P2:0.1692 P3:0.1692 P4:0.1692 STATE:IDLE
[2026-06-03 02:10:59Z] CHK MOM:-0.05% RANGE:0.08% UP:11.11% SPREAD:0.17740981% BID:0.1691 ASK:0.1694 MID:0.16925 P1:0.16925 P2:0.16925 P3:0.1692 P4:0.1692 STATE:IDLE
[2026-06-03 02:10:59Z] CHK MOM:-0.05% RANGE:0.08% UP:11.11% SPREAD:0.17740981% BID:0.1691 ASK:0.1694 MID:0.16925 P1:0.16925 P2:0.16925 P3:0.1692 P4:0.1692 STATE:IDLE
[2026-06-03 02:11:00Z] CHK MOM:-0.05% RANGE:0.08% UP:11.11% SPREAD:0.17740981% BID:0.1691 ASK:0.1694 MID:0.16925 P1:0.16925 P2:0.16925 P3:0.1692 P4:0.1692 STATE:IDLE
[2026-06-03 02:11:01Z] CHK MOM:-0.02% RANGE:0.08% UP:20% SPREAD:0.1182033% BID:0.1692 ASK:0.1694 MID:0.1693 P1:0.1693 P2:0.16925 P3:0.16925 P4:0.1692 STATE:IDLE
[2026-06-03 02:11:01Z] CHK MOM:-0.02% RANGE:0.05% UP:20% SPREAD:0.11827321% BID:0.1691 ASK:0.1693 MID:0.1692 P1:0.1692 P2:0.1693 P3:0.16925 P4:0.16925 STATE:IDLE
[2026-06-03 02:11:02Z] CHK MOM:-0.02% RANGE:0.05% UP:20% SPREAD:0.11827321% BID:0.1691 ASK:0.1693 MID:0.1692 P1:0.1692 P2:0.1693 P3:0.16925 P4:0.16925 STATE:IDLE
[2026-06-03 02:11:02Z] CHK MOM:-0.02% RANGE:0.05% UP:20% SPREAD:0.11827321% BID:0.1691 ASK:0.1693 MID:0.1692 P1:0.1692 P2:0.1693 P3:0.16925 P4:0.16925 STATE:IDLE
[2026-06-03 02:11:03Z] CHK MOM:0% RANGE:0.05% UP:20% SPREAD:0.11827321% BID:0.1691 ASK:0.1693 MID:0.1692 P1:0.1692 P2:0.1692 P3:0.1693 P4:0.16925 STATE:IDLE
[2026-06-03 02:11:03Z] CHK MOM:0% RANGE:0.05% UP:20% SPREAD:0.11827321% BID:0.1691 ASK:0.1693 MID:0.1692 P1:0.1692 P2:0.1692 P3:0.1693 P4:0.16925 STATE:IDLE
[2026-06-03 02:11:04Z] CHK MOM:0% RANGE:0.05% UP:20% SPREAD:0.11827321% BID:0.1691 ASK:0.1693 MID:0.1692 P1:0.1692 P2:0.1692 P3:0.1693 P4:0.16925 STATE:IDLE
[2026-06-03 02:11:04Z] CHK MOM:0% RANGE:0.05% UP:20% SPREAD:0.11827321% BID:0.1691 ASK:0.1693 MID:0.1692 P1:0.1692 P2:0.1692 P3:0.1693 P4:0.16925 STATE:IDLE
[2026-06-03 02:11:05Z] CHK MOM:0% RANGE:0.05% UP:20% SPREAD:0.11827321% BID:0.1691 ASK:0.1693 MID:0.1692 P1:0.1692 P2:0.1692 P3:0.1693 P4:0.16925 STATE:IDLE
[2026-06-03 02:11:06Z] CHK MOM:0% RANGE:0.05% UP:20% SPREAD:0.11827321% BID:0.1691 ASK:0.1693 MID:0.1692 P1:0.1692 P2:0.1692 P3:0.1693 P4:0.16925 STATE:IDLE
[2026-06-03 02:11:06Z] CHK MOM:-0.08% RANGE:0.14% UP:33.33% SPREAD:0.05917159% BID:0.169 ASK:0.1691 MID:0.16905 P1:0.16905 P2:0.1692 P3:0.1692 P4:0.1693 STATE:IDLE
[2026-06-03 02:11:07Z] CHK MOM:-0.11% RANGE:0.17% UP:28.57% SPREAD:0.11841326% BID:0.1689 ASK:0.1691 MID:0.16899999 P1:0.16899999 P2:0.16905 P3:0.1692 P4:0.1692 STATE:IDLE
[2026-06-03 02:11:07Z] CHK MOM:-0.11% RANGE:0.17% UP:28.57% SPREAD:0.11841326% BID:0.1689 ASK:0.1691 MID:0.16899999 P1:0.16899999 P2:0.16905 P3:0.1692 P4:0.1692 STATE:IDLE
[2026-06-03 02:11:08Z] CHK MOM:-0.11% RANGE:0.17% UP:28.57% SPREAD:0.11841326% BID:0.1689 ASK:0.1691 MID:0.16899999 P1:0.16899999 P2:0.16905 P3:0.1692 P4:0.1692 STATE:IDLE
[2026-06-03 02:11:08Z] CHK MOM:-0.11% RANGE:0.17% UP:28.57% SPREAD:0.17761989% BID:0.1689 ASK:0.1692 MID:0.16904999 P1:0.16904999 P2:0.16899999 P3:0.16905 P4:0.1692 STATE:IDLE
[2026-06-03 02:11:09Z] CHK MOM:-0.17% RANGE:0.2% UP:28.57% SPREAD:0.05920663% BID:0.1689 ASK:0.169 MID:0.16895 P1:0.16895 P2:0.16904999 P3:0.16899999 P4:0.16905 STATE:IDLE
[2026-06-03 02:11:09Z] CHK MOM:-0.17% RANGE:0.2% UP:28.57% SPREAD:0.05920663% BID:0.1689 ASK:0.169 MID:0.16895 P1:0.16895 P2:0.16904999 P3:0.16899999 P4:0.16905 STATE:IDLE
[2026-06-03 02:11:10Z] CHK MOM:-0.17% RANGE:0.2% UP:25% SPREAD:0.05920663% BID:0.1689 ASK:0.169 MID:0.16895 P1:0.16895 P2:0.16895 P3:0.16904999 P4:0.16899999 STATE:IDLE
[2026-06-03 02:11:10Z] CHK MOM:-0.2% RANGE:0.23% UP:22.22% SPREAD:0.11848341% BID:0.1688 ASK:0.169 MID:0.1689 P1:0.1689 P2:0.16895 P3:0.16895 P4:0.16904999 STATE:IDLE
[2026-06-03 02:11:11Z] CHK MOM:-0.2% RANGE:0.23% UP:22.22% SPREAD:0.11848341% BID:0.1688 ASK:0.169 MID:0.1689 P1:0.1689 P2:0.16895 P3:0.16895 P4:0.16904999 STATE:IDLE
[2026-06-03 02:11:12Z] CHK MOM:-0.2% RANGE:0.23% UP:22.22% SPREAD:0.11848341% BID:0.1688 ASK:0.169 MID:0.1689 P1:0.1689 P2:0.16895 P3:0.16895 P4:0.16904999 STATE:IDLE
[2026-06-03 02:11:12Z] CHK MOM:-0.2% RANGE:0.23% UP:22.22% SPREAD:0.11848341% BID:0.1688 ASK:0.169 MID:0.1689 P1:0.1689 P2:0.16895 P3:0.16895 P4:0.16904999 STATE:IDLE
[2026-06-03 02:11:13Z] CHK MOM:-0.2% RANGE:0.23% UP:22.22% SPREAD:0.11848341% BID:0.1688 ASK:0.169 MID:0.1689 P1:0.1689 P2:0.16895 P3:0.16895 P4:0.16904999 STATE:IDLE
[2026-06-03 02:11:19Z] CHK MOM:-0.02% RANGE:0.08% UP:40% SPREAD:0.17772511% BID:0.1688 ASK:0.1691 MID:0.16895 P1:0.16895 P2:0.1689 P3:0.16895 P4:0.16895 STATE:IDLE
[2026-06-03 02:11:19Z] CHK MOM:-0.05% RANGE:0.08% UP:20% SPREAD:0.17772511% BID:0.1688 ASK:0.1691 MID:0.16895 P1:0.16895 P2:0.16895 P3:0.1689 P4:0.16895 STATE:IDLE
[2026-06-03 02:11:20Z] CHK MOM:-0.05% RANGE:0.08% UP:20% SPREAD:0.17772511% BID:0.1688 ASK:0.1691 MID:0.16895 P1:0.16895 P2:0.16895 P3:0.1689 P4:0.16895 STATE:IDLE
[2026-06-03 02:11:20Z] CHK MOM:-0.05% RANGE:0.08% UP:20% SPREAD:0.17772511% BID:0.1688 ASK:0.1691 MID:0.16895 P1:0.16895 P2:0.16895 P3:0.1689 P4:0.16895 STATE:IDLE
[2026-06-03 02:11:21Z] CHK MOM:0% RANGE:0.02% UP:20% SPREAD:0.17772511% BID:0.1688 ASK:0.1691 MID:0.16895 P1:0.16895 P2:0.16895 P3:0.16895 P4:0.1689 STATE:IDLE
[2026-06-03 02:11:21Z] CHK MOM:0% RANGE:0.02% UP:20% SPREAD:0.17772511% BID:0.1688 ASK:0.1691 MID:0.16895 P1:0.16895 P2:0.16895 P3:0.16895 P4:0.1689 STATE:IDLE
[2026-06-03 02:11:22Z] CHK MOM:0% RANGE:0.02% UP:20% SPREAD:0.17772511% BID:0.1688 ASK:0.1691 MID:0.16895 P1:0.16895 P2:0.16895 P3:0.16895 P4:0.1689 STATE:IDLE
[2026-06-03 02:11:22Z] CHK MOM:0% RANGE:0.02% UP:20% SPREAD:0.17772511% BID:0.1688 ASK:0.1691 MID:0.16895 P1:0.16895 P2:0.16895 P3:0.16895 P4:0.1689 STATE:IDLE
[2026-06-03 02:11:23Z] CHK MOM:0% RANGE:0.02% UP:20% SPREAD:0.17772511% BID:0.1688 ASK:0.1691 MID:0.16895 P1:0.16895 P2:0.16895 P3:0.16895 P4:0.1689 STATE:IDLE
[2026-06-03 02:11:23Z] CHK MOM:0% RANGE:0.02% UP:20% SPREAD:0.17772511% BID:0.1688 ASK:0.1691 MID:0.16895 P1:0.16895 P2:0.16895 P3:0.16895 P4:0.1689 STATE:IDLE
[2026-06-03 02:11:24Z] CHK MOM:-0.02% RANGE:0.02% UP:0% SPREAD:0.11848341% BID:0.1688 ASK:0.169 MID:0.1689 P1:0.1689 P2:0.16895 P3:0.16895 P4:0.16895 STATE:IDLE
[2026-06-03 02:11:25Z] CHK MOM:-0.02% RANGE:0.02% UP:0% SPREAD:0.11848341% BID:0.1688 ASK:0.169 MID:0.1689 P1:0.1689 P2:0.16895 P3:0.16895 P4:0.16895 STATE:IDLE
[2026-06-03 02:11:25Z] CHK MOM:0% RANGE:0.02% UP:25% SPREAD:0.17772511% BID:0.1688 ASK:0.1691 MID:0.16895 P1:0.16895 P2:0.1689 P3:0.16895 P4:0.16895 STATE:IDLE
[2026-06-03 02:11:26Z] CHK MOM:0% RANGE:0.02% UP:25% SPREAD:0.17772511% BID:0.1688 ASK:0.1691 MID:0.16895 P1:0.16895 P2:0.1689 P3:0.16895 P4:0.16895 STATE:IDLE
[2026-06-03 02:11:26Z] CHK MOM:0% RANGE:0.02% UP:25% SPREAD:0.17772511% BID:0.1688 ASK:0.1691 MID:0.16895 P1:0.16895 P2:0.1689 P3:0.16895 P4:0.16895 STATE:IDLE
[2026-06-03 02:11:27Z] CHK MOM:0% RANGE:0.02% UP:25% SPREAD:0.17772511% BID:0.1688 ASK:0.1691 MID:0.16895 P1:0.16895 P2:0.1689 P3:0.16895 P4:0.16895 STATE:IDLE
[2026-06-03 02:11:27Z] CHK MOM:0% RANGE:0.02% UP:25% SPREAD:0.17772511% BID:0.1688 ASK:0.1691 MID:0.16895 P1:0.16895 P2:0.1689 P3:0.16895 P4:0.16895 STATE:IDLE
[2026-06-03 02:11:28Z] CHK MOM:0% RANGE:0.02% UP:25% SPREAD:0.17772511% BID:0.1688 ASK:0.1691 MID:0.16895 P1:0.16895 P2:0.1689 P3:0.16895 P4:0.16895 STATE:IDLE
[2026-06-03 02:11:32Z] CHK MOM:0.08% RANGE:0.11% UP:66.66% SPREAD:0.11834319% BID:0.169 ASK:0.1692 MID:0.1691 P1:0.1691 P2:0.16895 P3:0.1689 P4:0.16895 STATE:IDLE
[2026-06-03 02:11:33Z] CHK MOM:0.08% RANGE:0.11% UP:66.66% SPREAD:0.11834319% BID:0.169 ASK:0.1692 MID:0.1691 P1:0.1691 P2:0.16895 P3:0.1689 P4:0.16895 STATE:IDLE
[2026-06-03 02:11:33Z] CHK MOM:0.11% RANGE:0.11% UP:66.66% SPREAD:0.11834319% BID:0.169 ASK:0.1692 MID:0.1691 P1:0.1691 P2:0.1691 P3:0.16895 P4:0.1689 STATE:IDLE
[2026-06-03 02:11:34Z] CHK MOM:0.11% RANGE:0.11% UP:66.66% SPREAD:0.11834319% BID:0.169 ASK:0.1692 MID:0.1691 P1:0.1691 P2:0.1691 P3:0.16895 P4:0.1689 STATE:IDLE
[2026-06-03 02:11:34Z] CHK MOM:0.14% RANGE:0.14% UP:75% SPREAD:0.17751479% BID:0.169 ASK:0.1693 MID:0.16915 P1:0.16915 P2:0.1691 P3:0.1691 P4:0.16895 STATE:IDLE
[2026-06-03 02:11:35Z] CHK MOM:0.14% RANGE:0.14% UP:75% SPREAD:0.17751479% BID:0.169 ASK:0.1693 MID:0.16915 P1:0.16915 P2:0.1691 P3:0.1691 P4:0.16895 STATE:IDLE
[2026-06-03 02:11:35Z] CHK MOM:0.14% RANGE:0.14% UP:75% SPREAD:0.17751479% BID:0.169 ASK:0.1693 MID:0.16915 P1:0.16915 P2:0.1691 P3:0.1691 P4:0.16895 STATE:IDLE
[2026-06-03 02:11:36Z] CHK MOM:0.14% RANGE:0.14% UP:75% SPREAD:0.17751479% BID:0.169 ASK:0.1693 MID:0.16915 P1:0.16915 P2:0.1691 P3:0.1691 P4:0.16895 STATE:IDLE
[2026-06-03 02:11:36Z] CHK MOM:0.14% RANGE:0.14% UP:75% SPREAD:0.17751479% BID:0.169 ASK:0.1693 MID:0.16915 P1:0.16915 P2:0.1691 P3:0.1691 P4:0.16895 STATE:IDLE
[2026-06-03 02:11:37Z] CHK MOM:0.14% RANGE:0.14% UP:75% SPREAD:0.17751479% BID:0.169 ASK:0.1693 MID:0.16915 P1:0.16915 P2:0.1691 P3:0.1691 P4:0.16895 STATE:IDLE
[2026-06-03 02:11:39Z] CHK MOM:0% RANGE:0.02% UP:33.33% SPREAD:0.11834319% BID:0.169 ASK:0.1692 MID:0.1691 P1:0.1691 P2:0.16915 P3:0.1691 P4:0.1691 STATE:IDLE
[2026-06-03 02:11:40Z] CHK MOM:0% RANGE:0.02% UP:25% SPREAD:0.11834319% BID:0.169 ASK:0.1692 MID:0.1691 P1:0.1691 P2:0.1691 P3:0.16915 P4:0.1691 STATE:IDLE
[2026-06-03 02:11:40Z] CHK MOM:0% RANGE:0.02% UP:25% SPREAD:0.11834319% BID:0.169 ASK:0.1692 MID:0.1691 P1:0.1691 P2:0.1691 P3:0.16915 P4:0.1691 STATE:IDLE
[2026-06-03 02:11:41Z] CHK MOM:0% RANGE:0.02% UP:25% SPREAD:0.11834319% BID:0.169 ASK:0.1692 MID:0.1691 P1:0.1691 P2:0.1691 P3:0.16915 P4:0.1691 STATE:IDLE
[2026-06-03 02:11:41Z] CHK MOM:0.02% RANGE:0.02% UP:40% SPREAD:0.17751479% BID:0.169 ASK:0.1693 MID:0.16915 P1:0.16915 P2:0.1691 P3:0.1691 P4:0.16915 STATE:IDLE
[2026-06-03 02:11:42Z] CHK MOM:0.02% RANGE:0.02% UP:33.33% SPREAD:0.17751479% BID:0.169 ASK:0.1693 MID:0.16915 P1:0.16915 P2:0.16915 P3:0.1691 P4:0.1691 STATE:IDLE
[2026-06-03 02:11:42Z] CHK MOM:0% RANGE:0.02% UP:28.57% SPREAD:0.11834319% BID:0.169 ASK:0.1692 MID:0.1691 P1:0.1691 P2:0.16915 P3:0.16915 P4:0.1691 STATE:IDLE
[2026-06-03 02:11:43Z] CHK MOM:0% RANGE:0.02% UP:28.57% SPREAD:0.11834319% BID:0.169 ASK:0.1692 MID:0.1691 P1:0.1691 P2:0.16915 P3:0.16915 P4:0.1691 STATE:IDLE
[2026-06-03 02:11:43Z] CHK MOM:0% RANGE:0.02% UP:28.57% SPREAD:0.11834319% BID:0.169 ASK:0.1692 MID:0.1691 P1:0.1691 P2:0.16915 P3:0.16915 P4:0.1691 STATE:IDLE
[2026-06-03 02:11:44Z] CHK MOM:0% RANGE:0.02% UP:28.57% SPREAD:0.11834319% BID:0.169 ASK:0.1692 MID:0.1691 P1:0.1691 P2:0.16915 P3:0.16915 P4:0.1691 STATE:IDLE
[2026-06-03 02:11:45Z] CHK MOM:0% RANGE:0.02% UP:28.57% SPREAD:0.11834319% BID:0.169 ASK:0.1692 MID:0.1691 P1:0.1691 P2:0.16915 P3:0.16915 P4:0.1691 STATE:IDLE
[2026-06-03 02:11:45Z] CHK MOM:-0.11% RANGE:0.14% UP:28.57% SPREAD:0.11848341% BID:0.1688 ASK:0.169 MID:0.1689 P1:0.1689 P2:0.1691 P3:0.16915 P4:0.16915 STATE:IDLE
[2026-06-03 02:11:46Z] CHK MOM:-0.11% RANGE:0.14% UP:28.57% SPREAD:0.11848341% BID:0.1688 ASK:0.169 MID:0.1689 P1:0.1689 P2:0.1691 P3:0.16915 P4:0.16915 STATE:IDLE
[2026-06-03 02:11:46Z] CHK MOM:-0.11% RANGE:0.14% UP:28.57% SPREAD:0.11848341% BID:0.1688 ASK:0.169 MID:0.1689 P1:0.1689 P2:0.1691 P3:0.16915 P4:0.16915 STATE:IDLE
[2026-06-03 02:11:47Z] CHK MOM:-0.11% RANGE:0.14% UP:28.57% SPREAD:0.11848341% BID:0.1688 ASK:0.169 MID:0.1689 P1:0.1689 P2:0.1691 P3:0.16915 P4:0.16915 STATE:IDLE
[2026-06-03 02:11:47Z] CHK MOM:-0.11% RANGE:0.14% UP:28.57% SPREAD:0.11848341% BID:0.1688 ASK:0.169 MID:0.1689 P1:0.1689 P2:0.1691 P3:0.16915 P4:0.16915 STATE:IDLE
[2026-06-03 02:11:48Z] CHK MOM:-0.11% RANGE:0.14% UP:28.57% SPREAD:0.11848341% BID:0.1688 ASK:0.169 MID:0.1689 P1:0.1689 P2:0.1691 P3:0.16915 P4:0.16915 STATE:IDLE
[2026-06-03 02:11:51Z] CHK MOM:-0.11% RANGE:0.14% UP:16.66% SPREAD:0.11848341% BID:0.1688 ASK:0.169 MID:0.1689 P1:0.1689 P2:0.1689 P3:0.1691 P4:0.16915 STATE:IDLE
[2026-06-03 02:11:51Z] CHK MOM:-0.11% RANGE:0.14% UP:20% SPREAD:0.17772511% BID:0.1688 ASK:0.1691 MID:0.16895 P1:0.16895 P2:0.1689 P3:0.1689 P4:0.1691 STATE:IDLE
[2026-06-03 02:11:52Z] CHK MOM:-0.11% RANGE:0.14% UP:20% SPREAD:0.17772511% BID:0.1688 ASK:0.1691 MID:0.16895 P1:0.16895 P2:0.1689 P3:0.1689 P4:0.1691 STATE:IDLE
[2026-06-03 02:11:52Z] CHK MOM:-0.11% RANGE:0.14% UP:20% SPREAD:0.17772511% BID:0.1688 ASK:0.1691 MID:0.16895 P1:0.16895 P2:0.1689 P3:0.1689 P4:0.1691 STATE:IDLE
[2026-06-03 02:11:53Z] CHK MOM:-0.11% RANGE:0.14% UP:16.66% SPREAD:0.17772511% BID:0.1688 ASK:0.1691 MID:0.16895 P1:0.16895 P2:0.16895 P3:0.1689 P4:0.1689 STATE:IDLE
[2026-06-03 02:11:53Z] CHK MOM:-0.11% RANGE:0.14% UP:16.66% SPREAD:0.17772511% BID:0.1688 ASK:0.1691 MID:0.16895 P1:0.16895 P2:0.16895 P3:0.1689 P4:0.1689 STATE:IDLE
[2026-06-03 02:11:54Z] CHK MOM:-0.11% RANGE:0.14% UP:16.66% SPREAD:0.17772511% BID:0.1688 ASK:0.1691 MID:0.16895 P1:0.16895 P2:0.16895 P3:0.1689 P4:0.1689 STATE:IDLE
[2026-06-03 02:11:54Z] CHK MOM:-0.02% RANGE:0.11% UP:40% SPREAD:0.17761989% BID:0.1689 ASK:0.1692 MID:0.16904999 P1:0.16904999 P2:0.16895 P3:0.16895 P4:0.1689 STATE:IDLE
[2026-06-03 02:11:55Z] CHK MOM:-0.02% RANGE:0.11% UP:40% SPREAD:0.17761989% BID:0.1689 ASK:0.1692 MID:0.16904999 P1:0.16904999 P2:0.16895 P3:0.16895 P4:0.1689 STATE:IDLE
[2026-06-03 02:11:55Z] CHK MOM:0.11% RANGE:0.11% UP:60% SPREAD:0.11834319% BID:0.169 ASK:0.1692 MID:0.1691 P1:0.1691 P2:0.16904999 P3:0.16895 P4:0.16895 STATE:IDLE
[2026-06-03 02:11:56Z] CHK MOM:0.11% RANGE:0.11% UP:60% SPREAD:0.11834319% BID:0.169 ASK:0.1692 MID:0.1691 P1:0.1691 P2:0.16904999 P3:0.16895 P4:0.16895 STATE:IDLE
[2026-06-03 02:11:57Z] CHK MOM:0.17% RANGE:0.17% UP:66.66% SPREAD:0.11827321% BID:0.1691 ASK:0.1693 MID:0.1692 P1:0.1692 P2:0.1691 P3:0.16904999 P4:0.16895 STATE:IDLE
[2026-06-03 02:11:57Z] CHK MOM:0.17% RANGE:0.17% UP:66.66% SPREAD:0.11827321% BID:0.1691 ASK:0.1693 MID:0.1692 P1:0.1692 P2:0.1691 P3:0.16904999 P4:0.16895 STATE:IDLE
[2026-06-03 02:11:58Z] CHK MOM:0.17% RANGE:0.17% UP:66.66% SPREAD:0.11827321% BID:0.1691 ASK:0.1693 MID:0.1692 P1:0.1692 P2:0.1691 P3:0.16904999 P4:0.16895 STATE:IDLE
[2026-06-03 02:11:58Z] CHK MOM:0.14% RANGE:0.17% UP:66.66% SPREAD:0.17751479% BID:0.169 ASK:0.1693 MID:0.16915 P1:0.16915 P2:0.1692 P3:0.1691 P4:0.16904999 STATE:IDLE
[2026-06-03 02:11:59Z] CHK MOM:0.14% RANGE:0.17% UP:66.66% SPREAD:0.17751479% BID:0.169 ASK:0.1693 MID:0.16915 P1:0.16915 P2:0.1692 P3:0.1691 P4:0.16904999 STATE:IDLE
[2026-06-03 02:11:59Z] CHK MOM:0.14% RANGE:0.17% UP:66.66% SPREAD:0.17751479% BID:0.169 ASK:0.1693 MID:0.16915 P1:0.16915 P2:0.1692 P3:0.1691 P4:0.16904999 STATE:IDLE
[2026-06-03 02:12:00Z] CHK MOM:0.14% RANGE:0.17% UP:57.14% SPREAD:0.17751479% BID:0.169 ASK:0.1693 MID:0.16915 P1:0.16915 P2:0.16915 P3:0.1692 P4:0.1691 STATE:IDLE
[2026-06-03 02:12:00Z] CHK MOM:0.17% RANGE:0.17% UP:62.5% SPREAD:0.11827321% BID:0.1691 ASK:0.1693 MID:0.1692 P1:0.1692 P2:0.16915 P3:0.16915 P4:0.1692 STATE:IDLE
[2026-06-03 02:12:01Z] CHK MOM:0.17% RANGE:0.17% UP:62.5% SPREAD:0.11827321% BID:0.1691 ASK:0.1693 MID:0.1692 P1:0.1692 P2:0.16915 P3:0.16915 P4:0.1692 STATE:IDLE
[2026-06-03 02:12:02Z] CHK MOM:0.17% RANGE:0.17% UP:62.5% SPREAD:0.11827321% BID:0.1691 ASK:0.1693 MID:0.1692 P1:0.1692 P2:0.16915 P3:0.16915 P4:0.1692 STATE:IDLE
[2026-06-03 02:12:02Z] CHK MOM:0.17% RANGE:0.17% UP:62.5% SPREAD:0.11827321% BID:0.1691 ASK:0.1693 MID:0.1692 P1:0.1692 P2:0.16915 P3:0.16915 P4:0.1692 STATE:IDLE
[2026-06-03 02:12:03Z] CHK MOM:0.17% RANGE:0.17% UP:62.5% SPREAD:0.11827321% BID:0.1691 ASK:0.1693 MID:0.1692 P1:0.1692 P2:0.16915 P3:0.16915 P4:0.1692 STATE:IDLE
[2026-06-03 02:12:03Z] CHK MOM:0.05% RANGE:0.14% UP:50% SPREAD:0.17761989% BID:0.1689 ASK:0.1692 MID:0.16904999 P1:0.16904999 P2:0.1692 P3:0.16915 P4:0.16915 STATE:IDLE
[2026-06-03 02:12:04Z] CHK MOM:0.05% RANGE:0.14% UP:50% SPREAD:0.17761989% BID:0.1689 ASK:0.1692 MID:0.16904999 P1:0.16904999 P2:0.1692 P3:0.16915 P4:0.16915 STATE:IDLE
[2026-06-03 02:12:04Z] CHK MOM:0.08% RANGE:0.14% UP:62.5% SPREAD:0.11834319% BID:0.169 ASK:0.1692 MID:0.1691 P1:0.1691 P2:0.16904999 P3:0.1692 P4:0.16915 STATE:IDLE
[2026-06-03 02:12:05Z] CHK MOM:0.08% RANGE:0.14% UP:62.5% SPREAD:0.11834319% BID:0.169 ASK:0.1692 MID:0.1691 P1:0.1691 P2:0.16904999 P3:0.1692 P4:0.16915 STATE:IDLE
[2026-06-03 02:12:05Z] CHK MOM:0.08% RANGE:0.14% UP:62.5% SPREAD:0.11834319% BID:0.169 ASK:0.1692 MID:0.1691 P1:0.1691 P2:0.16904999 P3:0.1692 P4:0.16915 STATE:IDLE
[2026-06-03 02:12:06Z] CHK MOM:0.08% RANGE:0.14% UP:62.5% SPREAD:0.11834319% BID:0.169 ASK:0.1692 MID:0.1691 P1:0.1691 P2:0.16904999 P3:0.1692 P4:0.16915 STATE:IDLE
[2026-06-03 02:12:06Z] CHK MOM:0.08% RANGE:0.14% UP:62.5% SPREAD:0.11834319% BID:0.169 ASK:0.1692 MID:0.1691 P1:0.1691 P2:0.16904999 P3:0.1692 P4:0.16915 STATE:IDLE
[2026-06-03 02:12:07Z] CHK MOM:0.08% RANGE:0.14% UP:62.5% SPREAD:0.11834319% BID:0.169 ASK:0.1692 MID:0.1691 P1:0.1691 P2:0.16904999 P3:0.1692 P4:0.16915 STATE:IDLE
[2026-06-03 02:12:08Z] CHK MOM:-0.02% RANGE:0.08% UP:50% SPREAD:0.17751479% BID:0.169 ASK:0.1693 MID:0.16915 P1:0.16915 P2:0.1691 P3:0.16904999 P4:0.1692 STATE:IDLE
[2026-06-03 02:12:08Z] CHK MOM:-0.02% RANGE:0.08% UP:42.85% SPREAD:0.17751479% BID:0.169 ASK:0.1693 MID:0.16915 P1:0.16915 P2:0.16915 P3:0.1691 P4:0.16904999 STATE:IDLE
[2026-06-03 02:12:09Z] CHK MOM:-0.02% RANGE:0.08% UP:42.85% SPREAD:0.17751479% BID:0.169 ASK:0.1693 MID:0.16915 P1:0.16915 P2:0.16915 P3:0.1691 P4:0.16904999 STATE:IDLE
[2026-06-03 02:12:09Z] CHK MOM:-0.02% RANGE:0.08% UP:42.85% SPREAD:0.17751479% BID:0.169 ASK:0.1693 MID:0.16915 P1:0.16915 P2:0.16915 P3:0.1691 P4:0.16904999 STATE:IDLE
[2026-06-03 02:12:10Z] CHK MOM:-0.02% RANGE:0.08% UP:42.85% SPREAD:0.17751479% BID:0.169 ASK:0.1693 MID:0.16915 P1:0.16915 P2:0.16915 P3:0.1691 P4:0.16904999 STATE:IDLE
[2026-06-03 02:12:10Z] CHK MOM:-0.02% RANGE:0.08% UP:42.85% SPREAD:0.17751479% BID:0.169 ASK:0.1693 MID:0.16915 P1:0.16915 P2:0.16915 P3:0.1691 P4:0.16904999 STATE:IDLE
[2026-06-03 02:12:11Z] CHK MOM:-0.02% RANGE:0.08% UP:42.85% SPREAD:0.17751479% BID:0.169 ASK:0.1693 MID:0.16915 P1:0.16915 P2:0.16915 P3:0.1691 P4:0.16904999 STATE:IDLE
[2026-06-03 02:12:11Z] CHK MOM:0% RANGE:0.08% UP:50% SPREAD:0.17751479% BID:0.169 ASK:0.1693 MID:0.16915 P1:0.16915 P2:0.16915 P3:0.16915 P4:0.1691 STATE:IDLE
[2026-06-03 02:12:12Z] CHK MOM:0% RANGE:0.08% UP:50% SPREAD:0.17751479% BID:0.169 ASK:0.1693 MID:0.16915 P1:0.16915 P2:0.16915 P3:0.16915 P4:0.1691 STATE:IDLE
[2026-06-03 02:12:13Z] CHK MOM:0% RANGE:0.08% UP:50% SPREAD:0.17751479% BID:0.169 ASK:0.1693 MID:0.16915 P1:0.16915 P2:0.16915 P3:0.16915 P4:0.1691 STATE:IDLE
[2026-06-03 02:12:13Z] CHK MOM:0% RANGE:0.08% UP:50% SPREAD:0.17751479% BID:0.169 ASK:0.1693 MID:0.16915 P1:0.16915 P2:0.16915 P3:0.16915 P4:0.1691 STATE:IDLE
[2026-06-03 02:12:14Z] CHK MOM:0% RANGE:0.08% UP:50% SPREAD:0.17751479% BID:0.169 ASK:0.1693 MID:0.16915 P1:0.16915 P2:0.16915 P3:0.16915 P4:0.1691 STATE:IDLE
[2026-06-03 02:12:15Z] CHK MOM:0.05% RANGE:0.05% UP:40% SPREAD:0.17751479% BID:0.169 ASK:0.1693 MID:0.16915 P1:0.16915 P2:0.16915 P3:0.16915 P4:0.16915 STATE:IDLE
[2026-06-03 02:12:15Z] CHK MOM:0.05% RANGE:0.05% UP:40% SPREAD:0.17751479% BID:0.169 ASK:0.1693 MID:0.16915 P1:0.16915 P2:0.16915 P3:0.16915 P4:0.16915 STATE:IDLE
[2026-06-03 02:12:16Z] CHK MOM:0.05% RANGE:0.05% UP:40% SPREAD:0.17751479% BID:0.169 ASK:0.1693 MID:0.16915 P1:0.16915 P2:0.16915 P3:0.16915 P4:0.16915 STATE:IDLE
[2026-06-03 02:12:16Z] CHK MOM:0.02% RANGE:0.02% UP:20% SPREAD:0.17751479% BID:0.169 ASK:0.1693 MID:0.16915 P1:0.16915 P2:0.16915 P3:0.16915 P4:0.16915 STATE:IDLE
[2026-06-03 02:12:17Z] CHK MOM:0.02% RANGE:0.02% UP:20% SPREAD:0.17751479% BID:0.169 ASK:0.1693 MID:0.16915 P1:0.16915 P2:0.16915 P3:0.16915 P4:0.16915 STATE:IDLE
[2026-06-03 02:12:18Z] CHK MOM:0.02% RANGE:0.02% UP:20% SPREAD:0.17751479% BID:0.169 ASK:0.1693 MID:0.16915 P1:0.16915 P2:0.16915 P3:0.16915 P4:0.16915 STATE:IDLE
[2026-06-03 02:12:18Z] CHK MOM:0.02% RANGE:0.02% UP:20% SPREAD:0.11827321% BID:0.1691 ASK:0.1693 MID:0.1692 P1:0.1692 P2:0.16915 P3:0.16915 P4:0.16915 STATE:IDLE
[2026-06-03 02:12:19Z] CHK MOM:0.02% RANGE:0.02% UP:20% SPREAD:0.11827321% BID:0.1691 ASK:0.1693 MID:0.1692 P1:0.1692 P2:0.16915 P3:0.16915 P4:0.16915 STATE:IDLE
[2026-06-03 02:12:19Z] CHK MOM:0.08% RANGE:0.08% UP:33.33% SPREAD:0.1182033% BID:0.1692 ASK:0.1694 MID:0.1693 P1:0.1693 P2:0.1692 P3:0.16915 P4:0.16915 STATE:IDLE
[2026-06-03 02:12:20Z] CHK MOM:0.08% RANGE:0.08% UP:28.57% SPREAD:0.1182033% BID:0.1692 ASK:0.1694 MID:0.1693 P1:0.1693 P2:0.1693 P3:0.1692 P4:0.16915 STATE:IDLE
[2026-06-03 02:12:20Z] CHK MOM:0.05% RANGE:0.08% UP:33.33% SPREAD:0.17740981% BID:0.1691 ASK:0.1694 MID:0.16925 P1:0.16925 P2:0.1693 P3:0.1693 P4:0.1692 STATE:IDLE
[2026-06-03 02:12:21Z] CHK MOM:0.05% RANGE:0.08% UP:33.33% SPREAD:0.17740981% BID:0.1691 ASK:0.1694 MID:0.16925 P1:0.16925 P2:0.1693 P3:0.1693 P4:0.1692 STATE:IDLE
[2026-06-03 02:12:21Z] CHK MOM:0.05% RANGE:0.08% UP:33.33% SPREAD:0.17740981% BID:0.1691 ASK:0.1694 MID:0.16925 P1:0.16925 P2:0.1693 P3:0.1693 P4:0.1692 STATE:IDLE
[2026-06-03 02:12:22Z] CHK MOM:0.05% RANGE:0.08% UP:33.33% SPREAD:0.17740981% BID:0.1691 ASK:0.1694 MID:0.16925 P1:0.16925 P2:0.1693 P3:0.1693 P4:0.1692 STATE:IDLE
[2026-06-03 02:12:22Z] CHK MOM:0.05% RANGE:0.08% UP:28.57% SPREAD:0.17740981% BID:0.1691 ASK:0.1694 MID:0.16925 P1:0.16925 P2:0.16925 P3:0.1693 P4:0.1693 STATE:IDLE
[2026-06-03 02:12:23Z] CHK MOM:0.05% RANGE:0.08% UP:28.57% SPREAD:0.17740981% BID:0.1691 ASK:0.1694 MID:0.16925 P1:0.16925 P2:0.16925 P3:0.1693 P4:0.1693 STATE:IDLE
[2026-06-03 02:12:24Z] CHK MOM:0.05% RANGE:0.08% UP:28.57% SPREAD:0.17740981% BID:0.1691 ASK:0.1694 MID:0.16925 P1:0.16925 P2:0.16925 P3:0.1693 P4:0.1693 STATE:IDLE
[2026-06-03 02:12:24Z] CHK MOM:0.05% RANGE:0.08% UP:28.57% SPREAD:0.17740981% BID:0.1691 ASK:0.1694 MID:0.16925 P1:0.16925 P2:0.16925 P3:0.1693 P4:0.1693 STATE:IDLE
[2026-06-03 02:12:25Z] CHK MOM:0.05% RANGE:0.08% UP:28.57% SPREAD:0.17740981% BID:0.1691 ASK:0.1694 MID:0.16925 P1:0.16925 P2:0.16925 P3:0.1693 P4:0.1693 STATE:IDLE
[2026-06-03 02:12:36Z] CHK MOM:0% RANGE:0% UP:0% SPREAD:0.1182033% BID:0.1692 ASK:0.1694 MID:0.1693 P1:0.1693 P2:0.16925 P3:0.16925 P4:0.1693 STATE:IDLE
[2026-06-03 02:12:37Z] CHK MOM:0% RANGE:0% UP:0% SPREAD:0.1182033% BID:0.1692 ASK:0.1694 MID:0.1693 P1:0.1693 P2:0.16925 P3:0.16925 P4:0.1693 STATE:IDLE
[2026-06-03 02:12:37Z] CHK MOM:0% RANGE:0% UP:0% SPREAD:0.1182033% BID:0.1692 ASK:0.1694 MID:0.1693 P1:0.1693 P2:0.16925 P3:0.16925 P4:0.1693 STATE:IDLE
[2026-06-03 02:12:38Z] CHK MOM:0% RANGE:0% UP:0% SPREAD:0.1182033% BID:0.1692 ASK:0.1694 MID:0.1693 P1:0.1693 P2:0.1693 P3:0.16925 P4:0.16925 STATE:IDLE
[2026-06-03 02:12:38Z] CHK MOM:0% RANGE:0% UP:0% SPREAD:0.1182033% BID:0.1692 ASK:0.1694 MID:0.1693 P1:0.1693 P2:0.1693 P3:0.16925 P4:0.16925 STATE:IDLE
[2026-06-03 02:12:39Z] CHK MOM:0% RANGE:0% UP:0% SPREAD:0.1182033% BID:0.1692 ASK:0.1694 MID:0.1693 P1:0.1693 P2:0.1693 P3:0.16925 P4:0.16925 STATE:IDLE
[2026-06-03 02:12:39Z] CHK MOM:0% RANGE:0% UP:0% SPREAD:0.1182033% BID:0.1692 ASK:0.1694 MID:0.1693 P1:0.1693 P2:0.1693 P3:0.16925 P4:0.16925 STATE:IDLE
[2026-06-03 02:12:40Z] CHK MOM:0% RANGE:0% UP:0% SPREAD:0.1182033% BID:0.1692 ASK:0.1694 MID:0.1693 P1:0.1693 P2:0.1693 P3:0.16925 P4:0.16925 STATE:IDLE
[2026-06-03 02:12:40Z] TOKEN_SWITCH old=ALLOUSDC new=RENDERUSDC source=.service.env
[2026-06-03 02:28:03Z] SESSION_START symbol=ALLOUSDC dry_run=0 profile=major strategy=momentum base_url=https://api.binance.com
[2026-06-03 02:28:03Z] TOXIC_MEMORY_LOADED count=2 symbols=ORDIUSDC,TONUSDC
[2026-06-03 02:28:08Z] CHK MOM:0% RANGE:0% UP:0% SPREAD:0.11764705% BID:0.17 ASK:0.1702 MID:0.1701 P1:0.1701 P2:NA P3:NA P4:NA STATE:IDLE
[2026-06-03 02:28:08Z] CHK MOM:0% RANGE:0% UP:0% SPREAD:0.11764705% BID:0.17 ASK:0.1702 MID:0.1701 P1:0.1701 P2:NA P3:NA P4:NA STATE:IDLE
[2026-06-03 02:28:09Z] CHK MOM:0% RANGE:0% UP:0% SPREAD:0.11764705% BID:0.17 ASK:0.1702 MID:0.1701 P1:0.1701 P2:NA P3:NA P4:NA STATE:IDLE
[2026-06-03 02:28:09Z] CHK MOM:0% RANGE:0% UP:0% SPREAD:0.11764705% BID:0.17 ASK:0.1702 MID:0.1701 P1:0.1701 P2:NA P3:NA P4:NA STATE:IDLE
[2026-06-03 02:28:10Z] CHK MOM:0% RANGE:0% UP:0% SPREAD:0.11764705% BID:0.17 ASK:0.1702 MID:0.1701 P1:0.1701 P2:NA P3:NA P4:NA STATE:IDLE
[2026-06-03 02:28:11Z] CHK MOM:0.02% RANGE:0.02% UP:100% SPREAD:0.17647058% BID:0.17 ASK:0.1703 MID:0.17015 P1:0.17015 P2:0.1701 P3:NA P4:NA STATE:IDLE
[2026-06-03 02:28:11Z] CHK MOM:0.02% RANGE:0.02% UP:50% SPREAD:0.17647058% BID:0.17 ASK:0.1703 MID:0.17015 P1:0.17015 P2:0.17015 P3:0.1701 P4:NA STATE:IDLE
[2026-06-03 02:28:12Z] CHK MOM:0.02% RANGE:0.02% UP:50% SPREAD:0.17647058% BID:0.17 ASK:0.1703 MID:0.17015 P1:0.17015 P2:0.17015 P3:0.1701 P4:NA STATE:IDLE
[2026-06-03 02:28:12Z] CHK MOM:0.02% RANGE:0.02% UP:50% SPREAD:0.17647058% BID:0.17 ASK:0.1703 MID:0.17015 P1:0.17015 P2:0.17015 P3:0.1701 P4:NA STATE:IDLE
[2026-06-03 02:28:13Z] CHK MOM:0.02% RANGE:0.02% UP:33.33% SPREAD:0.17647058% BID:0.17 ASK:0.1703 MID:0.17015 P1:0.17015 P2:0.17015 P3:0.17015 P4:0.1701 STATE:IDLE
[2026-06-03 02:28:13Z] CHK MOM:0.02% RANGE:0.02% UP:33.33% SPREAD:0.17647058% BID:0.17 ASK:0.1703 MID:0.17015 P1:0.17015 P2:0.17015 P3:0.17015 P4:0.1701 STATE:IDLE
[2026-06-03 02:28:14Z] CHK MOM:0.02% RANGE:0.02% UP:33.33% SPREAD:0.17647058% BID:0.17 ASK:0.1703 MID:0.17015 P1:0.17015 P2:0.17015 P3:0.17015 P4:0.1701 STATE:IDLE
[2026-06-03 02:28:14Z] CHK MOM:0.2% RANGE:0.2% UP:50% SPREAD:0.05868544% BID:0.1704 ASK:0.1705 MID:0.17045 P1:0.17045 P2:0.17015 P3:0.17015 P4:0.17015 STATE:IDLE
[2026-06-03 02:28:15Z] DECIDE_HOLD reason=HOLD_BURST_EMA spread=0.0587% mom=0.2058% range=0.2058% up=50.00% mid=0.17045000 P1=0.17045 P2=0.17015000000000002 P3=0.17015000000000002 P4=0.17015000000000002 ema5=0
[2026-06-03 02:28:16Z] CHK MOM:0.02% RANGE:0.2% UP:40% SPREAD:0.17647058% BID:0.17 ASK:0.1703 MID:0.17015 P1:0.17015 P2:0.17045 P3:0.17015 P4:0.17015 STATE:IDLE
[2026-06-03 02:28:16Z] CHK MOM:0.02% RANGE:0.2% UP:33.33% SPREAD:0.17647058% BID:0.17 ASK:0.1703 MID:0.17015 P1:0.17015 P2:0.17015 P3:0.17045 P4:0.17015 STATE:IDLE
[2026-06-03 02:28:17Z] CHK MOM:0.05% RANGE:0.2% UP:42.85% SPREAD:0.11757789% BID:0.1701 ASK:0.1703 MID:0.1702 P1:0.1702 P2:0.17015 P3:0.17015 P4:0.17045 STATE:IDLE
[2026-06-03 02:28:17Z] CHK MOM:0.05% RANGE:0.2% UP:42.85% SPREAD:0.11757789% BID:0.1701 ASK:0.1703 MID:0.1702 P1:0.1702 P2:0.17015 P3:0.17015 P4:0.17045 STATE:IDLE
[2026-06-03 02:28:18Z] CHK MOM:0.05% RANGE:0.2% UP:42.85% SPREAD:0.11757789% BID:0.1701 ASK:0.1703 MID:0.1702 P1:0.1702 P2:0.17015 P3:0.17015 P4:0.17045 STATE:IDLE
[2026-06-03 02:28:19Z] CHK MOM:0.05% RANGE:0.2% UP:42.85% SPREAD:0.11757789% BID:0.1701 ASK:0.1703 MID:0.1702 P1:0.1702 P2:0.17015 P3:0.17015 P4:0.17045 STATE:IDLE
[2026-06-03 02:28:19Z] CHK MOM:0.05% RANGE:0.2% UP:42.85% SPREAD:0.11757789% BID:0.1701 ASK:0.1703 MID:0.1702 P1:0.1702 P2:0.17015 P3:0.17015 P4:0.17045 STATE:IDLE
[2026-06-03 02:28:21Z] CHK MOM:0% RANGE:0.17% UP:28.57% SPREAD:0.17647058% BID:0.17 ASK:0.1703 MID:0.17015 P1:0.17015 P2:0.1702 P3:0.17015 P4:0.17015 STATE:IDLE
[2026-06-03 02:28:21Z] CHK MOM:0.02% RANGE:0.17% UP:37.5% SPREAD:0.11757789% BID:0.1701 ASK:0.1703 MID:0.1702 P1:0.1702 P2:0.17015 P3:0.1702 P4:0.17015 STATE:IDLE
[2026-06-03 02:28:22Z] CHK MOM:0.02% RANGE:0.17% UP:37.5% SPREAD:0.11757789% BID:0.1701 ASK:0.1703 MID:0.1702 P1:0.1702 P2:0.17015 P3:0.1702 P4:0.17015 STATE:IDLE
[2026-06-03 02:28:22Z] CHK MOM:0.02% RANGE:0.17% UP:37.5% SPREAD:0.11757789% BID:0.1701 ASK:0.1703 MID:0.1702 P1:0.1702 P2:0.17015 P3:0.1702 P4:0.17015 STATE:IDLE
[2026-06-03 02:28:23Z] CHK MOM:0.05% RANGE:0.17% UP:50% SPREAD:0.17636684% BID:0.1701 ASK:0.1704 MID:0.17025 P1:0.17025 P2:0.1702 P3:0.17015 P4:0.1702 STATE:IDLE
[2026-06-03 02:28:24Z] CHK MOM:0.05% RANGE:0.17% UP:50% SPREAD:0.17636684% BID:0.1701 ASK:0.1704 MID:0.17025 P1:0.17025 P2:0.1702 P3:0.17015 P4:0.1702 STATE:IDLE
[2026-06-03 02:28:24Z] CHK MOM:-0.11% RANGE:0.17% UP:42.85% SPREAD:0.17636684% BID:0.1701 ASK:0.1704 MID:0.17025 P1:0.17025 P2:0.17025 P3:0.1702 P4:0.17015 STATE:IDLE
[2026-06-03 02:28:25Z] CHK MOM:-0.11% RANGE:0.17% UP:42.85% SPREAD:0.17636684% BID:0.1701 ASK:0.1704 MID:0.17025 P1:0.17025 P2:0.17025 P3:0.1702 P4:0.17015 STATE:IDLE
[2026-06-03 02:28:25Z] CHK MOM:-0.11% RANGE:0.17% UP:42.85% SPREAD:0.17636684% BID:0.1701 ASK:0.1704 MID:0.17025 P1:0.17025 P2:0.17025 P3:0.1702 P4:0.17015 STATE:IDLE
[2026-06-03 02:28:26Z] CHK MOM:-0.11% RANGE:0.17% UP:42.85% SPREAD:0.17636684% BID:0.1701 ASK:0.1704 MID:0.17025 P1:0.17025 P2:0.17025 P3:0.1702 P4:0.17015 STATE:IDLE
[2026-06-03 02:28:26Z] CHK MOM:-0.11% RANGE:0.17% UP:42.85% SPREAD:0.17636684% BID:0.1701 ASK:0.1704 MID:0.17025 P1:0.17025 P2:0.17025 P3:0.1702 P4:0.17015 STATE:IDLE
[2026-06-03 02:28:27Z] CHK MOM:-0.11% RANGE:0.17% UP:42.85% SPREAD:0.17636684% BID:0.1701 ASK:0.1704 MID:0.17025 P1:0.17025 P2:0.17025 P3:0.1702 P4:0.17015 STATE:IDLE
[2026-06-03 02:28:28Z] CHK MOM:0.05% RANGE:0.05% UP:42.85% SPREAD:0.17636684% BID:0.1701 ASK:0.1704 MID:0.17025 P1:0.17025 P2:0.17025 P3:0.17025 P4:0.1702 STATE:IDLE
[2026-06-03 02:28:28Z] CHK MOM:0.05% RANGE:0.05% UP:42.85% SPREAD:0.17636684% BID:0.1701 ASK:0.1704 MID:0.17025 P1:0.17025 P2:0.17025 P3:0.17025 P4:0.1702 STATE:IDLE
[2026-06-03 02:28:29Z] CHK MOM:0.05% RANGE:0.05% UP:42.85% SPREAD:0.17636684% BID:0.1701 ASK:0.1704 MID:0.17025 P1:0.17025 P2:0.17025 P3:0.17025 P4:0.1702 STATE:IDLE
[2026-06-03 02:28:30Z] CHK MOM:0.05% RANGE:0.05% UP:42.85% SPREAD:0.17636684% BID:0.1701 ASK:0.1704 MID:0.17025 P1:0.17025 P2:0.17025 P3:0.17025 P4:0.1702 STATE:IDLE
[2026-06-03 02:28:30Z] CHK MOM:0.05% RANGE:0.05% UP:42.85% SPREAD:0.17636684% BID:0.1701 ASK:0.1704 MID:0.17025 P1:0.17025 P2:0.17025 P3:0.17025 P4:0.1702 STATE:IDLE
[2026-06-03 02:28:31Z] CHK MOM:0.11% RANGE:0.11% UP:60% SPREAD:0.17626321% BID:0.1702 ASK:0.1705 MID:0.17035 P1:0.17035 P2:0.17025 P3:0.17025 P4:0.17025 STATE:IDLE
[2026-06-03 02:28:31Z] CHK MOM:0.11% RANGE:0.11% UP:50% SPREAD:0.17626321% BID:0.1702 ASK:0.1705 MID:0.17035 P1:0.17035 P2:0.17035 P3:0.17025 P4:0.17025 STATE:IDLE
[2026-06-03 02:28:32Z] CHK MOM:0.11% RANGE:0.11% UP:50% SPREAD:0.17626321% BID:0.1702 ASK:0.1705 MID:0.17035 P1:0.17035 P2:0.17035 P3:0.17025 P4:0.17025 STATE:IDLE
[2026-06-03 02:28:32Z] CHK MOM:0.08% RANGE:0.11% UP:42.85% SPREAD:0.11750881% BID:0.1702 ASK:0.1704 MID:0.1703 P1:0.1703 P2:0.17035 P3:0.17035 P4:0.17025 STATE:IDLE
[2026-06-03 02:28:33Z] CHK MOM:0.08% RANGE:0.08% UP:42.85% SPREAD:0.17626321% BID:0.1702 ASK:0.1705 MID:0.17035 P1:0.17035 P2:0.1703 P3:0.17035 P4:0.17035 STATE:IDLE
[2026-06-03 02:28:33Z] CHK MOM:0.08% RANGE:0.08% UP:42.85% SPREAD:0.17626321% BID:0.1702 ASK:0.1705 MID:0.17035 P1:0.17035 P2:0.1703 P3:0.17035 P4:0.17035 STATE:IDLE
[2026-06-03 02:28:34Z] CHK MOM:0.08% RANGE:0.08% UP:42.85% SPREAD:0.11743981% BID:0.1703 ASK:0.1705 MID:0.1704 P1:0.1704 P2:0.17035 P3:0.1703 P4:0.17035 STATE:IDLE
[2026-06-03 02:28:35Z] CHK MOM:0.08% RANGE:0.08% UP:42.85% SPREAD:0.11743981% BID:0.1703 ASK:0.1705 MID:0.1704 P1:0.1704 P2:0.17035 P3:0.1703 P4:0.17035 STATE:IDLE
[2026-06-03 02:28:35Z] CHK MOM:0.14% RANGE:0.14% UP:57.14% SPREAD:0.11737089% BID:0.1704 ASK:0.1706 MID:0.17049999 P1:0.17049999 P2:0.1704 P3:0.17035 P4:0.1703 STATE:IDLE
[2026-06-03 02:28:36Z] CHK MOM:0.14% RANGE:0.14% UP:57.14% SPREAD:0.11737089% BID:0.1704 ASK:0.1706 MID:0.17049999 P1:0.17049999 P2:0.1704 P3:0.17035 P4:0.1703 STATE:IDLE
[2026-06-03 02:28:36Z] CHK MOM:0.14% RANGE:0.14% UP:57.14% SPREAD:0.11737089% BID:0.1704 ASK:0.1706 MID:0.17049999 P1:0.17049999 P2:0.1704 P3:0.17035 P4:0.1703 STATE:IDLE
[2026-06-03 02:28:37Z] CHK MOM:0.11% RANGE:0.14% UP:57.14% SPREAD:0.17615971% BID:0.1703 ASK:0.1706 MID:0.17045 P1:0.17045 P2:0.17049999 P3:0.1704 P4:0.17035 STATE:IDLE
[2026-06-03 02:28:37Z] CHK MOM:0.14% RANGE:0.14% UP:62.5% SPREAD:0.11737089% BID:0.1704 ASK:0.1706 MID:0.17049999 P1:0.17049999 P2:0.17045 P3:0.17049999 P4:0.1704 STATE:IDLE
[2026-06-03 02:28:38Z] CHK MOM:0.14% RANGE:0.14% UP:62.5% SPREAD:0.11737089% BID:0.1704 ASK:0.1706 MID:0.17049999 P1:0.17049999 P2:0.17045 P3:0.17049999 P4:0.1704 STATE:IDLE
[2026-06-03 02:28:38Z] CHK MOM:0.14% RANGE:0.14% UP:62.5% SPREAD:0.11737089% BID:0.1704 ASK:0.1706 MID:0.17049999 P1:0.17049999 P2:0.17045 P3:0.17049999 P4:0.1704 STATE:IDLE
[2026-06-03 02:28:39Z] CHK MOM:0.14% RANGE:0.14% UP:62.5% SPREAD:0.11737089% BID:0.1704 ASK:0.1706 MID:0.17049999 P1:0.17049999 P2:0.17045 P3:0.17049999 P4:0.1704 STATE:IDLE
[2026-06-03 02:28:39Z] CHK MOM:0.14% RANGE:0.14% UP:55.55% SPREAD:0.11737089% BID:0.1704 ASK:0.1706 MID:0.17049999 P1:0.17049999 P2:0.17049999 P3:0.17045 P4:0.17049999 STATE:IDLE
[2026-06-03 02:28:40Z] CHK MOM:0.14% RANGE:0.14% UP:55.55% SPREAD:0.11737089% BID:0.1704 ASK:0.1706 MID:0.17049999 P1:0.17049999 P2:0.17049999 P3:0.17045 P4:0.17049999 STATE:IDLE
[2026-06-03 02:28:41Z] CHK MOM:0.08% RANGE:0.11% UP:44.44% SPREAD:0.11737089% BID:0.1704 ASK:0.1706 MID:0.17049999 P1:0.17049999 P2:0.17049999 P3:0.17049999 P4:0.17045 STATE:IDLE
[2026-06-03 02:28:41Z] CHK MOM:0.08% RANGE:0.11% UP:44.44% SPREAD:0.11737089% BID:0.1704 ASK:0.1706 MID:0.17049999 P1:0.17049999 P2:0.17049999 P3:0.17049999 P4:0.17045 STATE:IDLE
[2026-06-03 02:28:42Z] CHK MOM:0.08% RANGE:0.11% UP:44.44% SPREAD:0.11737089% BID:0.1704 ASK:0.1706 MID:0.17049999 P1:0.17049999 P2:0.17049999 P3:0.17049999 P4:0.17045 STATE:IDLE
[2026-06-03 02:28:42Z] CHK MOM:0.08% RANGE:0.11% UP:44.44% SPREAD:0.11737089% BID:0.1704 ASK:0.1706 MID:0.17049999 P1:0.17049999 P2:0.17049999 P3:0.17049999 P4:0.17045 STATE:IDLE
[2026-06-03 02:28:43Z] CHK MOM:0.08% RANGE:0.11% UP:40% SPREAD:0.11737089% BID:0.1704 ASK:0.1706 MID:0.17049999 P1:0.17049999 P2:0.17049999 P3:0.17049999 P4:0.17049999 STATE:IDLE
[2026-06-03 02:28:43Z] CHK MOM:0.08% RANGE:0.11% UP:40% SPREAD:0.11737089% BID:0.1704 ASK:0.1706 MID:0.17049999 P1:0.17049999 P2:0.17049999 P3:0.17049999 P4:0.17049999 STATE:IDLE
[2026-06-03 02:28:44Z] CHK MOM:0.08% RANGE:0.11% UP:40% SPREAD:0.11737089% BID:0.1704 ASK:0.1706 MID:0.17049999 P1:0.17049999 P2:0.17049999 P3:0.17049999 P4:0.17049999 STATE:IDLE
[2026-06-03 02:28:44Z] CHK MOM:0.11% RANGE:0.11% UP:44.44% SPREAD:0.11737089% BID:0.1704 ASK:0.1706 MID:0.17049999 P1:0.17049999 P2:0.17049999 P3:0.17049999 P4:0.17049999 STATE:IDLE
[2026-06-03 02:28:45Z] CHK MOM:0.11% RANGE:0.11% UP:44.44% SPREAD:0.11737089% BID:0.1704 ASK:0.1706 MID:0.17049999 P1:0.17049999 P2:0.17049999 P3:0.17049999 P4:0.17049999 STATE:IDLE
[2026-06-03 02:28:46Z] CHK MOM:0.11% RANGE:0.11% UP:44.44% SPREAD:0.11737089% BID:0.1704 ASK:0.1706 MID:0.17049999 P1:0.17049999 P2:0.17049999 P3:0.17049999 P4:0.17049999 STATE:IDLE
[2026-06-03 02:28:46Z] CHK MOM:0.02% RANGE:0.05% UP:28.57% SPREAD:0.05865102% BID:0.1705 ASK:0.1706 MID:0.17055 P1:0.17055 P2:0.17049999 P3:0.17049999 P4:0.17049999 STATE:IDLE
[2026-06-03 02:28:47Z] CHK MOM:0.02% RANGE:0.05% UP:28.57% SPREAD:0.05865102% BID:0.1705 ASK:0.1706 MID:0.17055 P1:0.17055 P2:0.17049999 P3:0.17049999 P4:0.17049999 STATE:IDLE
[2026-06-03 02:28:47Z] CHK MOM:0.02% RANGE:0.05% UP:28.57% SPREAD:0.05865102% BID:0.1705 ASK:0.1706 MID:0.17055 P1:0.17055 P2:0.17049999 P3:0.17049999 P4:0.17049999 STATE:IDLE
[2026-06-03 02:28:48Z] CHK MOM:0.02% RANGE:0.05% UP:28.57% SPREAD:0.05865102% BID:0.1705 ASK:0.1706 MID:0.17055 P1:0.17055 P2:0.17049999 P3:0.17049999 P4:0.17049999 STATE:IDLE
[2026-06-03 02:28:48Z] CHK MOM:0.02% RANGE:0.05% UP:28.57% SPREAD:0.05865102% BID:0.1705 ASK:0.1706 MID:0.17055 P1:0.17055 P2:0.17049999 P3:0.17049999 P4:0.17049999 STATE:IDLE
[2026-06-03 02:28:49Z] CHK MOM:0.02% RANGE:0.05% UP:28.57% SPREAD:0.05865102% BID:0.1705 ASK:0.1706 MID:0.17055 P1:0.17055 P2:0.17049999 P3:0.17049999 P4:0.17049999 STATE:IDLE
[2026-06-03 02:28:49Z] CHK MOM:0.05% RANGE:0.05% UP:40% SPREAD:0.11730205% BID:0.1705 ASK:0.1707 MID:0.1706 P1:0.1706 P2:0.17055 P3:0.17049999 P4:0.17049999 STATE:IDLE
[2026-06-03 02:28:50Z] CHK MOM:0.05% RANGE:0.05% UP:40% SPREAD:0.11730205% BID:0.1705 ASK:0.1707 MID:0.1706 P1:0.1706 P2:0.17055 P3:0.17049999 P4:0.17049999 STATE:IDLE
[2026-06-03 02:28:50Z] CHK MOM:0.05% RANGE:0.05% UP:40% SPREAD:0.11730205% BID:0.1705 ASK:0.1707 MID:0.1706 P1:0.1706 P2:0.17055 P3:0.17049999 P4:0.17049999 STATE:IDLE
[2026-06-03 02:28:51Z] CHK MOM:0.05% RANGE:0.05% UP:40% SPREAD:0.11730205% BID:0.1705 ASK:0.1707 MID:0.1706 P1:0.1706 P2:0.17055 P3:0.17049999 P4:0.17049999 STATE:IDLE
[2026-06-03 02:28:52Z] CHK MOM:0.05% RANGE:0.05% UP:40% SPREAD:0.11730205% BID:0.1705 ASK:0.1707 MID:0.1706 P1:0.1706 P2:0.17055 P3:0.17049999 P4:0.17049999 STATE:IDLE
[2026-06-03 02:28:55Z] CHK MOM:0.02% RANGE:0.05% UP:66.66% SPREAD:0.17605633% BID:0.1704 ASK:0.1707 MID:0.17054999 P1:0.17054999 P2:0.1706 P3:0.17055 P4:0.17049999 STATE:IDLE
[2026-06-03 02:28:55Z] CHK MOM:0.02% RANGE:0.05% UP:66.66% SPREAD:0.17605633% BID:0.1704 ASK:0.1707 MID:0.17054999 P1:0.17054999 P2:0.1706 P3:0.17055 P4:0.17049999 STATE:IDLE
[2026-06-03 02:28:56Z] CHK MOM:0.02% RANGE:0.05% UP:66.66% SPREAD:0.17605633% BID:0.1704 ASK:0.1707 MID:0.17054999 P1:0.17054999 P2:0.1706 P3:0.17055 P4:0.17049999 STATE:IDLE
[2026-06-03 02:28:57Z] CHK MOM:0% RANGE:0.02% UP:33.33% SPREAD:0.17605633% BID:0.1704 ASK:0.1707 MID:0.17054999 P1:0.17054999 P2:0.17054999 P3:0.1706 P4:0.17055 STATE:IDLE
[2026-06-03 02:28:57Z] CHK MOM:-0.05% RANGE:0.08% UP:25% SPREAD:0.17615971% BID:0.1703 ASK:0.1706 MID:0.17045 P1:0.17045 P2:0.17054999 P3:0.17054999 P4:0.1706 STATE:IDLE
[2026-06-03 02:28:58Z] CHK MOM:-0.05% RANGE:0.08% UP:25% SPREAD:0.17615971% BID:0.1703 ASK:0.1706 MID:0.17045 P1:0.17045 P2:0.17054999 P3:0.17054999 P4:0.1706 STATE:IDLE
[2026-06-03 02:28:58Z] CHK MOM:-0.05% RANGE:0.08% UP:25% SPREAD:0.17615971% BID:0.1703 ASK:0.1706 MID:0.17045 P1:0.17045 P2:0.17054999 P3:0.17054999 P4:0.1706 STATE:IDLE
[2026-06-03 02:28:59Z] CHK MOM:-0.08% RANGE:0.08% UP:0% SPREAD:0.17615971% BID:0.1703 ASK:0.1706 MID:0.17045 P1:0.17045 P2:0.17045 P3:0.17054999 P4:0.17054999 STATE:IDLE
[2026-06-03 02:28:59Z] CHK MOM:-0.08% RANGE:0.08% UP:0% SPREAD:0.17615971% BID:0.1703 ASK:0.1706 MID:0.17045 P1:0.17045 P2:0.17045 P3:0.17045 P4:0.17054999 STATE:IDLE
[2026-06-03 02:29:00Z] CHK MOM:-0.08% RANGE:0.08% UP:0% SPREAD:0.17615971% BID:0.1703 ASK:0.1706 MID:0.17045 P1:0.17045 P2:0.17045 P3:0.17045 P4:0.17054999 STATE:IDLE
[2026-06-03 02:29:00Z] CHK MOM:-0.08% RANGE:0.08% UP:0% SPREAD:0.17615971% BID:0.1703 ASK:0.1706 MID:0.17045 P1:0.17045 P2:0.17045 P3:0.17045 P4:0.17045 STATE:IDLE
[2026-06-03 02:29:01Z] CHK MOM:-0.08% RANGE:0.08% UP:0% SPREAD:0.17615971% BID:0.1703 ASK:0.1706 MID:0.17045 P1:0.17045 P2:0.17045 P3:0.17045 P4:0.17045 STATE:IDLE
[2026-06-03 02:29:01Z] CHK MOM:-0.05% RANGE:0.05% UP:0% SPREAD:0.17615971% BID:0.1703 ASK:0.1706 MID:0.17045 P1:0.17045 P2:0.17045 P3:0.17045 P4:0.17045 STATE:IDLE
[2026-06-03 02:29:02Z] CHK MOM:-0.02% RANGE:0.05% UP:12.5% SPREAD:0.11737089% BID:0.1704 ASK:0.1706 MID:0.17049999 P1:0.17049999 P2:0.17045 P3:0.17045 P4:0.17045 STATE:IDLE
[2026-06-03 02:29:03Z] CHK MOM:-0.02% RANGE:0.05% UP:12.5% SPREAD:0.11737089% BID:0.1704 ASK:0.1706 MID:0.17049999 P1:0.17049999 P2:0.17045 P3:0.17045 P4:0.17045 STATE:IDLE
[2026-06-03 02:29:03Z] CHK MOM:-0.02% RANGE:0.05% UP:12.5% SPREAD:0.11737089% BID:0.1704 ASK:0.1706 MID:0.17049999 P1:0.17049999 P2:0.17045 P3:0.17045 P4:0.17045 STATE:IDLE
[2026-06-03 02:29:04Z] CHK MOM:-0.02% RANGE:0.05% UP:12.5% SPREAD:0.11737089% BID:0.1704 ASK:0.1706 MID:0.17049999 P1:0.17049999 P2:0.17045 P3:0.17045 P4:0.17045 STATE:IDLE
[2026-06-03 02:29:04Z] CHK MOM:-0.05% RANGE:0.05% UP:11.11% SPREAD:0.17615971% BID:0.1703 ASK:0.1706 MID:0.17045 P1:0.17045 P2:0.17049999 P3:0.17045 P4:0.17045 STATE:IDLE
[2026-06-03 02:29:05Z] CHK MOM:-0.05% RANGE:0.05% UP:11.11% SPREAD:0.17615971% BID:0.1703 ASK:0.1706 MID:0.17045 P1:0.17045 P2:0.17049999 P3:0.17045 P4:0.17045 STATE:IDLE
[2026-06-03 02:29:05Z] CHK MOM:-0.05% RANGE:0.05% UP:11.11% SPREAD:0.17615971% BID:0.1703 ASK:0.1706 MID:0.17045 P1:0.17045 P2:0.17049999 P3:0.17045 P4:0.17045 STATE:IDLE
[2026-06-03 02:29:06Z] CHK MOM:-0.05% RANGE:0.05% UP:11.11% SPREAD:0.17615971% BID:0.1703 ASK:0.1706 MID:0.17045 P1:0.17045 P2:0.17049999 P3:0.17045 P4:0.17045 STATE:IDLE
[2026-06-03 02:29:06Z] CHK MOM:-0.05% RANGE:0.05% UP:11.11% SPREAD:0.17615971% BID:0.1703 ASK:0.1706 MID:0.17045 P1:0.17045 P2:0.17049999 P3:0.17045 P4:0.17045 STATE:IDLE
[2026-06-03 02:29:07Z] CHK MOM:-0.05% RANGE:0.05% UP:11.11% SPREAD:0.17615971% BID:0.1703 ASK:0.1706 MID:0.17045 P1:0.17045 P2:0.17049999 P3:0.17045 P4:0.17045 STATE:IDLE
[2026-06-03 02:29:11Z] CHK MOM:0.02% RANGE:0.02% UP:28.57% SPREAD:0.11737089% BID:0.1704 ASK:0.1706 MID:0.17049999 P1:0.17049999 P2:0.17045 P3:0.17049999 P4:0.17045 STATE:IDLE
[2026-06-03 02:29:11Z] CHK MOM:0.02% RANGE:0.02% UP:28.57% SPREAD:0.11737089% BID:0.1704 ASK:0.1706 MID:0.17049999 P1:0.17049999 P2:0.17045 P3:0.17049999 P4:0.17045 STATE:IDLE
[2026-06-03 02:29:12Z] CHK MOM:0.02% RANGE:0.02% UP:28.57% SPREAD:0.11737089% BID:0.1704 ASK:0.1706 MID:0.17049999 P1:0.17049999 P2:0.17045 P3:0.17049999 P4:0.17045 STATE:IDLE
[2026-06-03 02:29:12Z] CHK MOM:0.02% RANGE:0.02% UP:28.57% SPREAD:0.11737089% BID:0.1704 ASK:0.1706 MID:0.17049999 P1:0.17049999 P2:0.17045 P3:0.17049999 P4:0.17045 STATE:IDLE
[2026-06-03 02:29:13Z] CHK MOM:0.02% RANGE:0.02% UP:28.57% SPREAD:0.11737089% BID:0.1704 ASK:0.1706 MID:0.17049999 P1:0.17049999 P2:0.17045 P3:0.17049999 P4:0.17045 STATE:IDLE
[2026-06-03 02:29:14Z] CHK MOM:0.05% RANGE:0.05% UP:100% SPREAD:0.17605633% BID:0.1704 ASK:0.1707 MID:0.17054999 P1:0.17054999 P2:0.17049999 P3:0.17045 P4:0.17049999 STATE:IDLE
[2026-06-03 02:29:14Z] CHK MOM:0.05% RANGE:0.05% UP:66.66% SPREAD:0.17605633% BID:0.1704 ASK:0.1707 MID:0.17054999 P1:0.17054999 P2:0.17054999 P3:0.17049999 P4:0.17045 STATE:IDLE
[2026-06-03 02:29:15Z] CHK MOM:0.05% RANGE:0.05% UP:66.66% SPREAD:0.17605633% BID:0.1704 ASK:0.1707 MID:0.17054999 P1:0.17054999 P2:0.17054999 P3:0.17049999 P4:0.17045 STATE:IDLE
[2026-06-03 02:29:15Z] CHK MOM:0.02% RANGE:0.05% UP:50% SPREAD:0.11737089% BID:0.1704 ASK:0.1706 MID:0.17049999 P1:0.17049999 P2:0.17054999 P3:0.17054999 P4:0.17049999 STATE:IDLE
[2026-06-03 02:29:16Z] CHK MOM:0.02% RANGE:0.05% UP:50% SPREAD:0.11737089% BID:0.1704 ASK:0.1706 MID:0.17049999 P1:0.17049999 P2:0.17054999 P3:0.17054999 P4:0.17049999 STATE:IDLE
[2026-06-03 02:29:17Z] CHK MOM:0.02% RANGE:0.05% UP:50% SPREAD:0.11737089% BID:0.1704 ASK:0.1706 MID:0.17049999 P1:0.17049999 P2:0.17054999 P3:0.17054999 P4:0.17049999 STATE:IDLE
[2026-06-03 02:29:17Z] CHK MOM:0.02% RANGE:0.05% UP:50% SPREAD:0.11737089% BID:0.1704 ASK:0.1706 MID:0.17049999 P1:0.17049999 P2:0.17054999 P3:0.17054999 P4:0.17049999 STATE:IDLE
[2026-06-03 02:29:18Z] CHK MOM:0.02% RANGE:0.05% UP:50% SPREAD:0.11737089% BID:0.1704 ASK:0.1706 MID:0.17049999 P1:0.17049999 P2:0.17054999 P3:0.17054999 P4:0.17049999 STATE:IDLE
[2026-06-03 02:29:21Z] CHK MOM:0.02% RANGE:0.02% UP:50% SPREAD:0.17605633% BID:0.1704 ASK:0.1707 MID:0.17054999 P1:0.17054999 P2:0.17049999 P3:0.17054999 P4:0.17054999 STATE:IDLE
[2026-06-03 02:29:22Z] CHK MOM:0.02% RANGE:0.02% UP:40% SPREAD:0.17605633% BID:0.1704 ASK:0.1707 MID:0.17054999 P1:0.17054999 P2:0.17054999 P3:0.17049999 P4:0.17054999 STATE:IDLE
[2026-06-03 02:29:22Z] CHK MOM:0.02% RANGE:0.02% UP:33.33% SPREAD:0.17605633% BID:0.1704 ASK:0.1707 MID:0.17054999 P1:0.17054999 P2:0.17054999 P3:0.17054999 P4:0.17049999 STATE:IDLE
[2026-06-03 02:29:23Z] CHK MOM:0.02% RANGE:0.02% UP:33.33% SPREAD:0.17605633% BID:0.1704 ASK:0.1707 MID:0.17054999 P1:0.17054999 P2:0.17054999 P3:0.17054999 P4:0.17049999 STATE:IDLE
[2026-06-03 02:29:23Z] CHK MOM:0.02% RANGE:0.02% UP:33.33% SPREAD:0.17605633% BID:0.1704 ASK:0.1707 MID:0.17054999 P1:0.17054999 P2:0.17054999 P3:0.17054999 P4:0.17049999 STATE:IDLE
[2026-06-03 02:29:24Z] CHK MOM:0.02% RANGE:0.02% UP:33.33% SPREAD:0.17605633% BID:0.1704 ASK:0.1707 MID:0.17054999 P1:0.17054999 P2:0.17054999 P3:0.17054999 P4:0.17049999 STATE:IDLE
[2026-06-03 02:29:24Z] CHK MOM:0.02% RANGE:0.02% UP:33.33% SPREAD:0.17605633% BID:0.1704 ASK:0.1707 MID:0.17054999 P1:0.17054999 P2:0.17054999 P3:0.17054999 P4:0.17049999 STATE:IDLE
[2026-06-03 02:29:25Z] CHK MOM:0% RANGE:0.02% UP:16.66% SPREAD:0.17605633% BID:0.1704 ASK:0.1707 MID:0.17054999 P1:0.17054999 P2:0.17054999 P3:0.17054999 P4:0.17054999 STATE:IDLE
[2026-06-03 02:29:26Z] CHK MOM:0% RANGE:0.02% UP:14.28% SPREAD:0.17605633% BID:0.1704 ASK:0.1707 MID:0.17054999 P1:0.17054999 P2:0.17054999 P3:0.17054999 P4:0.17054999 STATE:IDLE
[2026-06-03 02:29:26Z] CHK MOM:-0.02% RANGE:0.05% UP:16.66% SPREAD:0.17615971% BID:0.1703 ASK:0.1706 MID:0.17045 P1:0.17045 P2:0.17054999 P3:0.17054999 P4:0.17054999 STATE:IDLE
[2026-06-03 02:29:27Z] CHK MOM:-0.02% RANGE:0.05% UP:16.66% SPREAD:0.17615971% BID:0.1703 ASK:0.1706 MID:0.17045 P1:0.17045 P2:0.17054999 P3:0.17054999 P4:0.17054999 STATE:IDLE
[2026-06-03 02:29:28Z] CHK MOM:-0.02% RANGE:0.05% UP:16.66% SPREAD:0.17615971% BID:0.1703 ASK:0.1706 MID:0.17045 P1:0.17045 P2:0.17054999 P3:0.17054999 P4:0.17054999 STATE:IDLE
[2026-06-03 02:29:28Z] CHK MOM:-0.02% RANGE:0.05% UP:16.66% SPREAD:0.17615971% BID:0.1703 ASK:0.1706 MID:0.17045 P1:0.17045 P2:0.17054999 P3:0.17054999 P4:0.17054999 STATE:IDLE
[2026-06-03 02:29:29Z] CHK MOM:-0.05% RANGE:0.05% UP:0% SPREAD:0.17615971% BID:0.1703 ASK:0.1706 MID:0.17045 P1:0.17045 P2:0.17045 P3:0.17054999 P4:0.17054999 STATE:IDLE
[2026-06-03 02:29:29Z] CHK MOM:0% RANGE:0.05% UP:14.28% SPREAD:0.17605633% BID:0.1704 ASK:0.1707 MID:0.17054999 P1:0.17054999 P2:0.17045 P3:0.17045 P4:0.17054999 STATE:IDLE
[2026-06-03 02:29:30Z] CHK MOM:0% RANGE:0.05% UP:12.5% SPREAD:0.17605633% BID:0.1704 ASK:0.1707 MID:0.17054999 P1:0.17054999 P2:0.17054999 P3:0.17045 P4:0.17045 STATE:IDLE
[2026-06-03 02:29:30Z] CHK MOM:0% RANGE:0.05% UP:12.5% SPREAD:0.17605633% BID:0.1704 ASK:0.1707 MID:0.17054999 P1:0.17054999 P2:0.17054999 P3:0.17045 P4:0.17045 STATE:IDLE
[2026-06-03 02:29:31Z] CHK MOM:0% RANGE:0.05% UP:11.11% SPREAD:0.17605633% BID:0.1704 ASK:0.1707 MID:0.17054999 P1:0.17054999 P2:0.17054999 P3:0.17054999 P4:0.17045 STATE:IDLE
[2026-06-03 02:29:31Z] CHK MOM:0% RANGE:0.05% UP:10% SPREAD:0.17605633% BID:0.1704 ASK:0.1707 MID:0.17054999 P1:0.17054999 P2:0.17054999 P3:0.17054999 P4:0.17054999 STATE:IDLE
[2026-06-03 02:29:32Z] CHK MOM:-0.05% RANGE:0.05% UP:9.09% SPREAD:0.17615971% BID:0.1703 ASK:0.1706 MID:0.17045 P1:0.17045 P2:0.17054999 P3:0.17054999 P4:0.17054999 STATE:IDLE
[2026-06-03 02:29:33Z] CHK MOM:-0.02% RANGE:0.05% UP:16.66% SPREAD:0.11737089% BID:0.1704 ASK:0.1706 MID:0.17049999 P1:0.17049999 P2:0.17045 P3:0.17054999 P4:0.17054999 STATE:IDLE
[2026-06-03 02:29:33Z] CHK MOM:-0.02% RANGE:0.05% UP:16.66% SPREAD:0.11737089% BID:0.1704 ASK:0.1706 MID:0.17049999 P1:0.17049999 P2:0.17045 P3:0.17054999 P4:0.17054999 STATE:IDLE
[2026-06-03 02:29:34Z] CHK MOM:-0.02% RANGE:0.05% UP:16.66% SPREAD:0.11737089% BID:0.1704 ASK:0.1706 MID:0.17049999 P1:0.17049999 P2:0.17045 P3:0.17054999 P4:0.17054999 STATE:IDLE
[2026-06-03 02:29:34Z] CHK MOM:-0.02% RANGE:0.05% UP:16.66% SPREAD:0.11737089% BID:0.1704 ASK:0.1706 MID:0.17049999 P1:0.17049999 P2:0.17045 P3:0.17054999 P4:0.17054999 STATE:IDLE
[2026-06-03 02:29:35Z] CHK MOM:-0.02% RANGE:0.05% UP:16.66% SPREAD:0.11737089% BID:0.1704 ASK:0.1706 MID:0.17049999 P1:0.17049999 P2:0.17045 P3:0.17054999 P4:0.17054999 STATE:IDLE
[2026-06-03 02:29:40Z] CHK MOM:0% RANGE:0.05% UP:28.57% SPREAD:0.17615971% BID:0.1703 ASK:0.1706 MID:0.17045 P1:0.17045 P2:0.17049999 P3:0.17045 P4:0.17054999 STATE:IDLE
[2026-06-03 02:29:40Z] CHK MOM:0% RANGE:0.05% UP:28.57% SPREAD:0.17615971% BID:0.1703 ASK:0.1706 MID:0.17045 P1:0.17045 P2:0.17049999 P3:0.17045 P4:0.17054999 STATE:IDLE
[2026-06-03 02:29:41Z] CHK MOM:0% RANGE:0.05% UP:28.57% SPREAD:0.17615971% BID:0.1703 ASK:0.1706 MID:0.17045 P1:0.17045 P2:0.17049999 P3:0.17045 P4:0.17054999 STATE:IDLE
[2026-06-03 02:29:41Z] CHK MOM:0% RANGE:0.05% UP:28.57% SPREAD:0.17615971% BID:0.1703 ASK:0.1706 MID:0.17045 P1:0.17045 P2:0.17049999 P3:0.17045 P4:0.17054999 STATE:IDLE
[2026-06-03 02:29:42Z] CHK MOM:-0.05% RANGE:0.05% UP:16.66% SPREAD:0.17615971% BID:0.1703 ASK:0.1706 MID:0.17045 P1:0.17045 P2:0.17045 P3:0.17049999 P4:0.17045 STATE:IDLE
[2026-06-03 02:29:42Z] CHK MOM:-0.05% RANGE:0.05% UP:16.66% SPREAD:0.17615971% BID:0.1703 ASK:0.1706 MID:0.17045 P1:0.17045 P2:0.17045 P3:0.17049999 P4:0.17045 STATE:IDLE
[2026-06-03 02:29:43Z] CHK MOM:-0.05% RANGE:0.05% UP:16.66% SPREAD:0.17615971% BID:0.1703 ASK:0.1706 MID:0.17045 P1:0.17045 P2:0.17045 P3:0.17049999 P4:0.17045 STATE:IDLE
[2026-06-03 02:29:43Z] CHK MOM:-0.05% RANGE:0.05% UP:16.66% SPREAD:0.17615971% BID:0.1703 ASK:0.1706 MID:0.17045 P1:0.17045 P2:0.17045 P3:0.17049999 P4:0.17045 STATE:IDLE
[2026-06-03 02:29:44Z] CHK MOM:-0.05% RANGE:0.05% UP:16.66% SPREAD:0.17615971% BID:0.1703 ASK:0.1706 MID:0.17045 P1:0.17045 P2:0.17045 P3:0.17049999 P4:0.17045 STATE:IDLE
[2026-06-03 02:29:44Z] CHK MOM:-0.05% RANGE:0.05% UP:16.66% SPREAD:0.17615971% BID:0.1703 ASK:0.1706 MID:0.17045 P1:0.17045 P2:0.17045 P3:0.17049999 P4:0.17045 STATE:IDLE
[2026-06-03 02:29:46Z] CHK MOM:-0.05% RANGE:0.05% UP:0% SPREAD:0.17626321% BID:0.1702 ASK:0.1705 MID:0.17035 P1:0.17035 P2:0.17045 P3:0.17045 P4:0.17049999 STATE:IDLE
[2026-06-03 02:29:46Z] CHK MOM:0% RANGE:0.05% UP:33.33% SPREAD:0.17615971% BID:0.1703 ASK:0.1706 MID:0.17045 P1:0.17045 P2:0.17035 P3:0.17045 P4:0.17045 STATE:IDLE
[2026-06-03 02:29:47Z] CHK MOM:0% RANGE:0.05% UP:33.33% SPREAD:0.17615971% BID:0.1703 ASK:0.1706 MID:0.17045 P1:0.17045 P2:0.17035 P3:0.17045 P4:0.17045 STATE:IDLE
[2026-06-03 02:29:47Z] CHK MOM:0% RANGE:0.05% UP:33.33% SPREAD:0.17615971% BID:0.1703 ASK:0.1706 MID:0.17045 P1:0.17045 P2:0.17035 P3:0.17045 P4:0.17045 STATE:IDLE
[2026-06-03 02:29:48Z] CHK MOM:0% RANGE:0.05% UP:33.33% SPREAD:0.17615971% BID:0.1703 ASK:0.1706 MID:0.17045 P1:0.17045 P2:0.17035 P3:0.17045 P4:0.17045 STATE:IDLE
[2026-06-03 02:29:48Z] CHK MOM:0% RANGE:0.05% UP:33.33% SPREAD:0.17615971% BID:0.1703 ASK:0.1706 MID:0.17045 P1:0.17045 P2:0.17035 P3:0.17045 P4:0.17045 STATE:IDLE
[2026-06-03 02:29:49Z] CHK MOM:0% RANGE:0.05% UP:33.33% SPREAD:0.17615971% BID:0.1703 ASK:0.1706 MID:0.17045 P1:0.17045 P2:0.17035 P3:0.17045 P4:0.17045 STATE:IDLE
[2026-06-03 02:29:51Z] CHK MOM:0.02% RANGE:0.08% UP:50% SPREAD:0.11737089% BID:0.1704 ASK:0.1706 MID:0.17049999 P1:0.17049999 P2:0.17045 P3:0.17035 P4:0.17045 STATE:IDLE
[2026-06-03 02:29:52Z] CHK MOM:0.02% RANGE:0.08% UP:50% SPREAD:0.11737089% BID:0.1704 ASK:0.1706 MID:0.17049999 P1:0.17049999 P2:0.17045 P3:0.17035 P4:0.17045 STATE:IDLE
[2026-06-03 02:29:52Z] CHK MOM:0.02% RANGE:0.08% UP:50% SPREAD:0.11737089% BID:0.1704 ASK:0.1706 MID:0.17049999 P1:0.17049999 P2:0.17045 P3:0.17035 P4:0.17045 STATE:IDLE
[2026-06-03 02:29:53Z] CHK MOM:0% RANGE:0.08% UP:50% SPREAD:0.17615971% BID:0.1703 ASK:0.1706 MID:0.17045 P1:0.17045 P2:0.17049999 P3:0.17045 P4:0.17035 STATE:IDLE
[2026-06-03 02:29:53Z] CHK MOM:0% RANGE:0.08% UP:50% SPREAD:0.17615971% BID:0.1703 ASK:0.1706 MID:0.17045 P1:0.17045 P2:0.17049999 P3:0.17045 P4:0.17035 STATE:IDLE
[2026-06-03 02:29:54Z] CHK MOM:0% RANGE:0.08% UP:50% SPREAD:0.17615971% BID:0.1703 ASK:0.1706 MID:0.17045 P1:0.17045 P2:0.17049999 P3:0.17045 P4:0.17035 STATE:IDLE
[2026-06-03 02:29:54Z] CHK MOM:0% RANGE:0.08% UP:50% SPREAD:0.17615971% BID:0.1703 ASK:0.1706 MID:0.17045 P1:0.17045 P2:0.17049999 P3:0.17045 P4:0.17035 STATE:IDLE
[2026-06-03 02:29:55Z] CHK MOM:0% RANGE:0.08% UP:50% SPREAD:0.17615971% BID:0.1703 ASK:0.1706 MID:0.17045 P1:0.17045 P2:0.17049999 P3:0.17045 P4:0.17035 STATE:IDLE
[2026-06-03 02:29:55Z] CHK MOM:0% RANGE:0.08% UP:50% SPREAD:0.17615971% BID:0.1703 ASK:0.1706 MID:0.17045 P1:0.17045 P2:0.17049999 P3:0.17045 P4:0.17035 STATE:IDLE
[2026-06-03 02:29:58Z] CHK MOM:0% RANGE:0.02% UP:33.33% SPREAD:0.17615971% BID:0.1703 ASK:0.1706 MID:0.17045 P1:0.17045 P2:0.17045 P3:0.17049999 P4:0.17045 STATE:IDLE
[2026-06-03 02:29:59Z] CHK MOM:-0.02% RANGE:0.02% UP:0% SPREAD:0.17615971% BID:0.1703 ASK:0.1706 MID:0.17045 P1:0.17045 P2:0.17045 P3:0.17045 P4:0.17049999 STATE:IDLE
[2026-06-03 02:29:59Z] CHK MOM:-0.02% RANGE:0.02% UP:0% SPREAD:0.17615971% BID:0.1703 ASK:0.1706 MID:0.17045 P1:0.17045 P2:0.17045 P3:0.17045 P4:0.17045 STATE:IDLE
[2026-06-03 02:30:00Z] CHK MOM:-0.02% RANGE:0.02% UP:0% SPREAD:0.17615971% BID:0.1703 ASK:0.1706 MID:0.17045 P1:0.17045 P2:0.17045 P3:0.17045 P4:0.17045 STATE:IDLE
[2026-06-03 02:30:00Z] CHK MOM:-0.02% RANGE:0.02% UP:0% SPREAD:0.17615971% BID:0.1703 ASK:0.1706 MID:0.17045 P1:0.17045 P2:0.17045 P3:0.17045 P4:0.17045 STATE:IDLE
[2026-06-03 02:30:01Z] CHK MOM:-0.02% RANGE:0.02% UP:0% SPREAD:0.17615971% BID:0.1703 ASK:0.1706 MID:0.17045 P1:0.17045 P2:0.17045 P3:0.17045 P4:0.17045 STATE:IDLE
[2026-06-03 02:30:01Z] CHK MOM:-0.02% RANGE:0.02% UP:0% SPREAD:0.17615971% BID:0.1703 ASK:0.1706 MID:0.17045 P1:0.17045 P2:0.17045 P3:0.17045 P4:0.17045 STATE:IDLE
[2026-06-03 02:30:02Z] CHK MOM:-0.05% RANGE:0.05% UP:0% SPREAD:0.11743981% BID:0.1703 ASK:0.1705 MID:0.1704 P1:0.1704 P2:0.17045 P3:0.17045 P4:0.17045 STATE:IDLE
[2026-06-03 02:30:02Z] CHK MOM:-0.08% RANGE:0.08% UP:0% SPREAD:0.17626321% BID:0.1702 ASK:0.1705 MID:0.17035 P1:0.17035 P2:0.1704 P3:0.17045 P4:0.17045 STATE:IDLE
[2026-06-03 02:30:03Z] CHK MOM:-0.08% RANGE:0.08% UP:0% SPREAD:0.17626321% BID:0.1702 ASK:0.1705 MID:0.17035 P1:0.17035 P2:0.1704 P3:0.17045 P4:0.17045 STATE:IDLE
[2026-06-03 02:30:04Z] CHK MOM:-0.05% RANGE:0.05% UP:0% SPREAD:0.17626321% BID:0.1702 ASK:0.1705 MID:0.17035 P1:0.17035 P2:0.17035 P3:0.1704 P4:0.17045 STATE:IDLE
[2026-06-03 02:30:04Z] CHK MOM:0% RANGE:0.05% UP:12.5% SPREAD:0.17615971% BID:0.1703 ASK:0.1706 MID:0.17045 P1:0.17045 P2:0.17035 P3:0.17035 P4:0.1704 STATE:IDLE
[2026-06-03 02:30:05Z] CHK MOM:0% RANGE:0.05% UP:12.5% SPREAD:0.17615971% BID:0.1703 ASK:0.1706 MID:0.17045 P1:0.17045 P2:0.17035 P3:0.17035 P4:0.1704 STATE:IDLE
[2026-06-03 02:30:05Z] CHK MOM:0% RANGE:0.05% UP:12.5% SPREAD:0.17615971% BID:0.1703 ASK:0.1706 MID:0.17045 P1:0.17045 P2:0.17045 P3:0.17035 P4:0.17035 STATE:IDLE
[2026-06-03 02:30:06Z] CHK MOM:-0.02% RANGE:0.05% UP:11.11% SPREAD:0.11743981% BID:0.1703 ASK:0.1705 MID:0.1704 P1:0.1704 P2:0.17045 P3:0.17045 P4:0.17035 STATE:IDLE
[2026-06-03 02:30:06Z] CHK MOM:-0.05% RANGE:0.05% UP:10% SPREAD:0.17626321% BID:0.1702 ASK:0.1705 MID:0.17035 P1:0.17035 P2:0.1704 P3:0.17045 P4:0.17045 STATE:IDLE
[2026-06-03 02:30:07Z] CHK MOM:-0.08% RANGE:0.08% UP:9.09% SPREAD:0.11750881% BID:0.1702 ASK:0.1704 MID:0.1703 P1:0.1703 P2:0.17035 P3:0.1704 P4:0.17045 STATE:IDLE
[2026-06-03 02:30:07Z] CHK MOM:-0.08% RANGE:0.08% UP:9.09% SPREAD:0.11750881% BID:0.1702 ASK:0.1704 MID:0.1703 P1:0.1703 P2:0.17035 P3:0.1704 P4:0.17045 STATE:IDLE
[2026-06-03 02:30:08Z] CHK MOM:-0.05% RANGE:0.08% UP:16.66% SPREAD:0.17626321% BID:0.1702 ASK:0.1705 MID:0.17035 P1:0.17035 P2:0.1703 P3:0.17035 P4:0.1704 STATE:IDLE
[2026-06-03 02:30:08Z] CHK MOM:-0.02% RANGE:0.08% UP:23.07% SPREAD:0.11743981% BID:0.1703 ASK:0.1705 MID:0.1704 P1:0.1704 P2:0.17035 P3:0.1703 P4:0.17035 STATE:IDLE
[2026-06-03 02:30:09Z] CHK MOM:-0.02% RANGE:0.08% UP:23.07% SPREAD:0.11743981% BID:0.1703 ASK:0.1705 MID:0.1704 P1:0.1704 P2:0.17035 P3:0.1703 P4:0.17035 STATE:IDLE
[2026-06-03 02:30:10Z] CHK MOM:-0.02% RANGE:0.08% UP:23.07% SPREAD:0.11743981% BID:0.1703 ASK:0.1705 MID:0.1704 P1:0.1704 P2:0.17035 P3:0.1703 P4:0.17035 STATE:IDLE
[2026-06-03 02:30:10Z] CHK MOM:-0.02% RANGE:0.08% UP:23.07% SPREAD:0.11743981% BID:0.1703 ASK:0.1705 MID:0.1704 P1:0.1704 P2:0.17035 P3:0.1703 P4:0.17035 STATE:IDLE
[2026-06-03 02:30:11Z] CHK MOM:-0.02% RANGE:0.08% UP:23.07% SPREAD:0.11743981% BID:0.1703 ASK:0.1705 MID:0.1704 P1:0.1704 P2:0.17035 P3:0.1703 P4:0.17035 STATE:IDLE
[2026-06-03 02:30:12Z] CHK MOM:-0.05% RANGE:0.08% UP:27.27% SPREAD:0.17626321% BID:0.1702 ASK:0.1705 MID:0.17035 P1:0.17035 P2:0.1704 P3:0.17035 P4:0.1703 STATE:IDLE
[2026-06-03 02:30:13Z] CHK MOM:-0.05% RANGE:0.08% UP:27.27% SPREAD:0.17626321% BID:0.1702 ASK:0.1705 MID:0.17035 P1:0.17035 P2:0.1704 P3:0.17035 P4:0.1703 STATE:IDLE
[2026-06-03 02:30:13Z] CHK MOM:-0.05% RANGE:0.08% UP:27.27% SPREAD:0.17626321% BID:0.1702 ASK:0.1705 MID:0.17035 P1:0.17035 P2:0.1704 P3:0.17035 P4:0.1703 STATE:IDLE
[2026-06-03 02:30:14Z] CHK MOM:-0.05% RANGE:0.08% UP:27.27% SPREAD:0.17626321% BID:0.1702 ASK:0.1705 MID:0.17035 P1:0.17035 P2:0.1704 P3:0.17035 P4:0.1703 STATE:IDLE
[2026-06-03 02:30:15Z] CHK MOM:-0.05% RANGE:0.08% UP:27.27% SPREAD:0.17626321% BID:0.1702 ASK:0.1705 MID:0.17035 P1:0.17035 P2:0.1704 P3:0.17035 P4:0.1703 STATE:IDLE
[2026-06-03 02:30:15Z] TOKEN_SWITCH old=ALLOUSDC new=ENAUSDC source=.service.env
[2026-06-03 02:39:01Z] SESSION_START symbol=ALLOUSDC dry_run=0 profile=major strategy=momentum base_url=https://api.binance.com
[2026-06-03 02:39:01Z] TOXIC_MEMORY_LOADED count=2 symbols=ORDIUSDC,TONUSDC
[2026-06-03 02:39:03Z] CHK MOM:0% RANGE:0% UP:0% SPREAD:0.0585823% BID:0.1707 ASK:0.1708 MID:0.17075 P1:0.17075 P2:NA P3:NA P4:NA STATE:IDLE
[2026-06-03 02:39:03Z] CHK MOM:-0.02% RANGE:0.02% UP:0% SPREAD:0.11723329% BID:0.1706 ASK:0.1708 MID:0.1707 P1:0.1707 P2:0.17075 P3:NA P4:NA STATE:IDLE
[2026-06-03 02:39:04Z] CHK MOM:-0.02% RANGE:0.02% UP:0% SPREAD:0.11723329% BID:0.1706 ASK:0.1708 MID:0.1707 P1:0.1707 P2:0.17075 P3:NA P4:NA STATE:IDLE
[2026-06-03 02:39:04Z] CHK MOM:-0.05% RANGE:0.05% UP:0% SPREAD:0.05861664% BID:0.1706 ASK:0.1707 MID:0.17065 P1:0.17065 P2:0.1707 P3:0.17075 P4:NA STATE:IDLE
[2026-06-03 02:39:05Z] CHK MOM:-0.05% RANGE:0.05% UP:0% SPREAD:0.05861664% BID:0.1706 ASK:0.1707 MID:0.17065 P1:0.17065 P2:0.1707 P3:0.17075 P4:NA STATE:IDLE
[2026-06-03 02:39:05Z] CHK MOM:-0.05% RANGE:0.05% UP:0% SPREAD:0.05861664% BID:0.1706 ASK:0.1707 MID:0.17065 P1:0.17065 P2:0.1707 P3:0.17075 P4:NA STATE:IDLE
[2026-06-03 02:39:06Z] CHK MOM:-0.05% RANGE:0.05% UP:0% SPREAD:0.05861664% BID:0.1706 ASK:0.1707 MID:0.17065 P1:0.17065 P2:0.1707 P3:0.17075 P4:NA STATE:IDLE
[2026-06-03 02:39:06Z] CHK MOM:-0.05% RANGE:0.05% UP:0% SPREAD:0.05861664% BID:0.1706 ASK:0.1707 MID:0.17065 P1:0.17065 P2:0.1707 P3:0.17075 P4:NA STATE:IDLE
[2026-06-03 02:39:07Z] CHK MOM:-0.05% RANGE:0.05% UP:0% SPREAD:0.05861664% BID:0.1706 ASK:0.1707 MID:0.17065 P1:0.17065 P2:0.1707 P3:0.17075 P4:NA STATE:IDLE
[2026-06-03 02:39:10Z] CHK MOM:-0.08% RANGE:0.08% UP:0% SPREAD:0.11730205% BID:0.1705 ASK:0.1707 MID:0.1706 P1:0.1706 P2:0.17065 P3:0.1707 P4:0.17075 STATE:IDLE
[2026-06-03 02:39:11Z] CHK MOM:-0.08% RANGE:0.08% UP:0% SPREAD:0.11730205% BID:0.1705 ASK:0.1707 MID:0.1706 P1:0.1706 P2:0.1706 P3:0.17065 P4:0.1707 STATE:IDLE
[2026-06-03 02:39:11Z] CHK MOM:-0.08% RANGE:0.08% UP:0% SPREAD:0.11730205% BID:0.1705 ASK:0.1707 MID:0.1706 P1:0.1706 P2:0.1706 P3:0.17065 P4:0.1707 STATE:IDLE
[2026-06-03 02:39:12Z] CHK MOM:-0.08% RANGE:0.08% UP:0% SPREAD:0.11730205% BID:0.1705 ASK:0.1707 MID:0.1706 P1:0.1706 P2:0.1706 P3:0.17065 P4:0.1707 STATE:IDLE
[2026-06-03 02:39:12Z] CHK MOM:-0.14% RANGE:0.14% UP:0% SPREAD:0.11737089% BID:0.1704 ASK:0.1706 MID:0.17049999 P1:0.17049999 P2:0.1706 P3:0.1706 P4:0.17065 STATE:IDLE
[2026-06-03 02:39:13Z] CHK MOM:-0.14% RANGE:0.14% UP:0% SPREAD:0.11737089% BID:0.1704 ASK:0.1706 MID:0.17049999 P1:0.17049999 P2:0.1706 P3:0.1706 P4:0.17065 STATE:IDLE
[2026-06-03 02:39:13Z] CHK MOM:-0.14% RANGE:0.14% UP:0% SPREAD:0.11737089% BID:0.1704 ASK:0.1706 MID:0.17049999 P1:0.17049999 P2:0.1706 P3:0.1706 P4:0.17065 STATE:IDLE
[2026-06-03 02:39:14Z] CHK MOM:-0.14% RANGE:0.14% UP:0% SPREAD:0.11737089% BID:0.1704 ASK:0.1706 MID:0.17049999 P1:0.17049999 P2:0.1706 P3:0.1706 P4:0.17065 STATE:IDLE
[2026-06-03 02:39:14Z] CHK MOM:-0.14% RANGE:0.14% UP:0% SPREAD:0.11737089% BID:0.1704 ASK:0.1706 MID:0.17049999 P1:0.17049999 P2:0.1706 P3:0.1706 P4:0.17065 STATE:IDLE
[2026-06-03 02:39:15Z] CHK MOM:-0.14% RANGE:0.14% UP:0% SPREAD:0.11737089% BID:0.1704 ASK:0.1706 MID:0.17049999 P1:0.17049999 P2:0.1706 P3:0.1706 P4:0.17065 STATE:IDLE
[2026-06-03 02:39:16Z] CHK MOM:-0.02% RANGE:0.05% UP:33.33% SPREAD:0.17605633% BID:0.1704 ASK:0.1707 MID:0.17054999 P1:0.17054999 P2:0.17049999 P3:0.1706 P4:0.1706 STATE:IDLE
[2026-06-03 02:39:17Z] CHK MOM:-0.02% RANGE:0.05% UP:25% SPREAD:0.17605633% BID:0.1704 ASK:0.1707 MID:0.17054999 P1:0.17054999 P2:0.17054999 P3:0.17049999 P4:0.1706 STATE:IDLE
[2026-06-03 02:39:17Z] CHK MOM:-0.02% RANGE:0.05% UP:20% SPREAD:0.17605633% BID:0.1704 ASK:0.1707 MID:0.17054999 P1:0.17054999 P2:0.17054999 P3:0.17054999 P4:0.17049999 STATE:IDLE
[2026-06-03 02:39:18Z] CHK MOM:-0.02% RANGE:0.05% UP:20% SPREAD:0.17605633% BID:0.1704 ASK:0.1707 MID:0.17054999 P1:0.17054999 P2:0.17054999 P3:0.17054999 P4:0.17049999 STATE:IDLE
[2026-06-03 02:39:18Z] CHK MOM:-0.02% RANGE:0.05% UP:20% SPREAD:0.17605633% BID:0.1704 ASK:0.1707 MID:0.17054999 P1:0.17054999 P2:0.17054999 P3:0.17054999 P4:0.17049999 STATE:IDLE
[2026-06-03 02:39:19Z] CHK MOM:-0.05% RANGE:0.05% UP:16.66% SPREAD:0.11737089% BID:0.1704 ASK:0.1706 MID:0.17049999 P1:0.17049999 P2:0.17054999 P3:0.17054999 P4:0.17054999 STATE:IDLE
[2026-06-03 02:39:19Z] CHK MOM:-0.05% RANGE:0.05% UP:16.66% SPREAD:0.11737089% BID:0.1704 ASK:0.1706 MID:0.17049999 P1:0.17049999 P2:0.17054999 P3:0.17054999 P4:0.17054999 STATE:IDLE
[2026-06-03 02:39:20Z] CHK MOM:-0.05% RANGE:0.05% UP:16.66% SPREAD:0.11737089% BID:0.1704 ASK:0.1706 MID:0.17049999 P1:0.17049999 P2:0.17054999 P3:0.17054999 P4:0.17054999 STATE:IDLE
[2026-06-03 02:39:20Z] CHK MOM:-0.05% RANGE:0.05% UP:16.66% SPREAD:0.11737089% BID:0.1704 ASK:0.1706 MID:0.17049999 P1:0.17049999 P2:0.17054999 P3:0.17054999 P4:0.17054999 STATE:IDLE
[2026-06-03 02:39:21Z] CHK MOM:-0.02% RANGE:0.05% UP:28.57% SPREAD:0.17605633% BID:0.1704 ASK:0.1707 MID:0.17054999 P1:0.17054999 P2:0.17049999 P3:0.17054999 P4:0.17054999 STATE:IDLE
[2026-06-03 02:39:22Z] CHK MOM:-0.02% RANGE:0.05% UP:25% SPREAD:0.17605633% BID:0.1704 ASK:0.1707 MID:0.17054999 P1:0.17054999 P2:0.17054999 P3:0.17049999 P4:0.17054999 STATE:IDLE
[2026-06-03 02:39:22Z] CHK MOM:-0.02% RANGE:0.05% UP:25% SPREAD:0.17605633% BID:0.1704 ASK:0.1707 MID:0.17054999 P1:0.17054999 P2:0.17054999 P3:0.17049999 P4:0.17054999 STATE:IDLE
[2026-06-03 02:39:23Z] CHK MOM:-0.02% RANGE:0.05% UP:25% SPREAD:0.17605633% BID:0.1704 ASK:0.1707 MID:0.17054999 P1:0.17054999 P2:0.17054999 P3:0.17049999 P4:0.17054999 STATE:IDLE
[2026-06-03 02:39:23Z] CHK MOM:-0.02% RANGE:0.05% UP:25% SPREAD:0.17605633% BID:0.1704 ASK:0.1707 MID:0.17054999 P1:0.17054999 P2:0.17054999 P3:0.17049999 P4:0.17054999 STATE:IDLE
[2026-06-03 02:39:24Z] CHK MOM:-0.02% RANGE:0.05% UP:25% SPREAD:0.17605633% BID:0.1704 ASK:0.1707 MID:0.17054999 P1:0.17054999 P2:0.17054999 P3:0.17049999 P4:0.17054999 STATE:IDLE
[2026-06-03 02:39:26Z] CHK MOM:-0.02% RANGE:0.02% UP:16.66% SPREAD:0.11737089% BID:0.1704 ASK:0.1706 MID:0.17049999 P1:0.17049999 P2:0.17054999 P3:0.17054999 P4:0.17049999 STATE:IDLE
[2026-06-03 02:39:27Z] CHK MOM:-0.02% RANGE:0.02% UP:14.28% SPREAD:0.11737089% BID:0.1704 ASK:0.1706 MID:0.17049999 P1:0.17049999 P2:0.17049999 P3:0.17054999 P4:0.17054999 STATE:IDLE
[2026-06-03 02:39:28Z] CHK MOM:-0.02% RANGE:0.02% UP:14.28% SPREAD:0.11737089% BID:0.1704 ASK:0.1706 MID:0.17049999 P1:0.17049999 P2:0.17049999 P3:0.17054999 P4:0.17054999 STATE:IDLE
[2026-06-03 02:39:28Z] CHK MOM:-0.02% RANGE:0.02% UP:14.28% SPREAD:0.11737089% BID:0.1704 ASK:0.1706 MID:0.17049999 P1:0.17049999 P2:0.17049999 P3:0.17049999 P4:0.17054999 STATE:IDLE
[2026-06-03 02:39:29Z] CHK MOM:-0.02% RANGE:0.02% UP:14.28% SPREAD:0.11737089% BID:0.1704 ASK:0.1706 MID:0.17049999 P1:0.17049999 P2:0.17049999 P3:0.17049999 P4:0.17054999 STATE:IDLE
[2026-06-03 02:39:29Z] CHK MOM:-0.02% RANGE:0.02% UP:14.28% SPREAD:0.11737089% BID:0.1704 ASK:0.1706 MID:0.17049999 P1:0.17049999 P2:0.17049999 P3:0.17049999 P4:0.17054999 STATE:IDLE
[2026-06-03 02:39:30Z] CHK MOM:-0.02% RANGE:0.02% UP:14.28% SPREAD:0.11737089% BID:0.1704 ASK:0.1706 MID:0.17049999 P1:0.17049999 P2:0.17049999 P3:0.17049999 P4:0.17054999 STATE:IDLE
[2026-06-03 02:39:30Z] CHK MOM:-0.02% RANGE:0.02% UP:14.28% SPREAD:0.11737089% BID:0.1704 ASK:0.1706 MID:0.17049999 P1:0.17049999 P2:0.17049999 P3:0.17049999 P4:0.17054999 STATE:IDLE
[2026-06-03 02:39:31Z] CHK MOM:-0.02% RANGE:0.02% UP:14.28% SPREAD:0.11737089% BID:0.1704 ASK:0.1706 MID:0.17049999 P1:0.17049999 P2:0.17049999 P3:0.17049999 P4:0.17054999 STATE:IDLE
[2026-06-03 02:39:33Z] CHK MOM:-0.05% RANGE:0.05% UP:0% SPREAD:0.05868544% BID:0.1704 ASK:0.1705 MID:0.17045 P1:0.17045 P2:0.17049999 P3:0.17049999 P4:0.17049999 STATE:IDLE
[2026-06-03 02:39:34Z] CHK MOM:-0.05% RANGE:0.05% UP:0% SPREAD:0.05868544% BID:0.1704 ASK:0.1705 MID:0.17045 P1:0.17045 P2:0.17049999 P3:0.17049999 P4:0.17049999 STATE:IDLE
[2026-06-03 02:39:34Z] CHK MOM:-0.05% RANGE:0.05% UP:0% SPREAD:0.05868544% BID:0.1704 ASK:0.1705 MID:0.17045 P1:0.17045 P2:0.17049999 P3:0.17049999 P4:0.17049999 STATE:IDLE
[2026-06-03 02:39:35Z] CHK MOM:-0.05% RANGE:0.05% UP:0% SPREAD:0.11743981% BID:0.1703 ASK:0.1705 MID:0.1704 P1:0.1704 P2:0.17045 P3:0.17049999 P4:0.17049999 STATE:IDLE
[2026-06-03 02:39:35Z] CHK MOM:-0.05% RANGE:0.05% UP:0% SPREAD:0.11743981% BID:0.1703 ASK:0.1705 MID:0.1704 P1:0.1704 P2:0.17045 P3:0.17049999 P4:0.17049999 STATE:IDLE
[2026-06-03 02:39:36Z] CHK MOM:-0.05% RANGE:0.05% UP:0% SPREAD:0.11743981% BID:0.1703 ASK:0.1705 MID:0.1704 P1:0.1704 P2:0.17045 P3:0.17049999 P4:0.17049999 STATE:IDLE
[2026-06-03 02:39:36Z] CHK MOM:-0.05% RANGE:0.05% UP:0% SPREAD:0.11743981% BID:0.1703 ASK:0.1705 MID:0.1704 P1:0.1704 P2:0.17045 P3:0.17049999 P4:0.17049999 STATE:IDLE
[2026-06-03 02:39:37Z] CHK MOM:-0.08% RANGE:0.08% UP:0% SPREAD:0.0587199% BID:0.1703 ASK:0.1704 MID:0.17035 P1:0.17035 P2:0.1704 P3:0.17045 P4:0.17049999 STATE:IDLE
[2026-06-03 02:39:37Z] CHK MOM:-0.08% RANGE:0.08% UP:0% SPREAD:0.0587199% BID:0.1703 ASK:0.1704 MID:0.17035 P1:0.17035 P2:0.1704 P3:0.17045 P4:0.17049999 STATE:IDLE
[2026-06-03 02:39:38Z] CHK MOM:-0.08% RANGE:0.08% UP:0% SPREAD:0.0587199% BID:0.1703 ASK:0.1704 MID:0.17035 P1:0.17035 P2:0.1704 P3:0.17045 P4:0.17049999 STATE:IDLE
[2026-06-03 02:39:39Z] CHK MOM:-0.08% RANGE:0.08% UP:0% SPREAD:0.0587199% BID:0.1703 ASK:0.1704 MID:0.17035 P1:0.17035 P2:0.1704 P3:0.17045 P4:0.17049999 STATE:IDLE
[2026-06-03 02:39:39Z] CHK MOM:-0.08% RANGE:0.08% UP:0% SPREAD:0.0587199% BID:0.1703 ASK:0.1704 MID:0.17035 P1:0.17035 P2:0.1704 P3:0.17045 P4:0.17049999 STATE:IDLE
[2026-06-03 02:39:40Z] CHK MOM:-0.11% RANGE:0.11% UP:0% SPREAD:0.11750881% BID:0.1702 ASK:0.1704 MID:0.1703 P1:0.1703 P2:0.17035 P3:0.1704 P4:0.17045 STATE:IDLE
[2026-06-03 02:39:40Z] CHK MOM:-0.11% RANGE:0.11% UP:0% SPREAD:0.11750881% BID:0.1702 ASK:0.1704 MID:0.1703 P1:0.1703 P2:0.17035 P3:0.1704 P4:0.17045 STATE:IDLE
[2026-06-03 02:39:41Z] CHK MOM:-0.11% RANGE:0.11% UP:0% SPREAD:0.11750881% BID:0.1702 ASK:0.1704 MID:0.1703 P1:0.1703 P2:0.17035 P3:0.1704 P4:0.17045 STATE:IDLE
[2026-06-03 02:39:41Z] CHK MOM:-0.11% RANGE:0.11% UP:0% SPREAD:0.11750881% BID:0.1702 ASK:0.1704 MID:0.1703 P1:0.1703 P2:0.17035 P3:0.1704 P4:0.17045 STATE:IDLE
[2026-06-03 02:39:42Z] CHK MOM:-0.11% RANGE:0.11% UP:0% SPREAD:0.11750881% BID:0.1702 ASK:0.1704 MID:0.1703 P1:0.1703 P2:0.17035 P3:0.1704 P4:0.17045 STATE:IDLE
[2026-06-03 02:39:42Z] CHK MOM:-0.11% RANGE:0.11% UP:0% SPREAD:0.11750881% BID:0.1702 ASK:0.1704 MID:0.1703 P1:0.1703 P2:0.17035 P3:0.1704 P4:0.17045 STATE:IDLE
[2026-06-03 02:39:43Z] CHK MOM:-0.02% RANGE:0.08% UP:25% SPREAD:0.11743981% BID:0.1703 ASK:0.1705 MID:0.1704 P1:0.1704 P2:0.1703 P3:0.17035 P4:0.1704 STATE:IDLE
[2026-06-03 02:39:43Z] CHK MOM:-0.02% RANGE:0.08% UP:20% SPREAD:0.11743981% BID:0.1703 ASK:0.1705 MID:0.1704 P1:0.1704 P2:0.1704 P3:0.1703 P4:0.17035 STATE:IDLE
[2026-06-03 02:39:44Z] CHK MOM:-0.02% RANGE:0.08% UP:16.66% SPREAD:0.11743981% BID:0.1703 ASK:0.1705 MID:0.1704 P1:0.1704 P2:0.1704 P3:0.1704 P4:0.1703 STATE:IDLE
[2026-06-03 02:39:45Z] CHK MOM:-0.02% RANGE:0.08% UP:16.66% SPREAD:0.11743981% BID:0.1703 ASK:0.1705 MID:0.1704 P1:0.1704 P2:0.1704 P3:0.1704 P4:0.1703 STATE:IDLE
[2026-06-03 02:39:45Z] CHK MOM:0% RANGE:0.05% UP:16.66% SPREAD:0.11743981% BID:0.1703 ASK:0.1705 MID:0.1704 P1:0.1704 P2:0.1704 P3:0.1704 P4:0.1704 STATE:IDLE
[2026-06-03 02:39:46Z] CHK MOM:0% RANGE:0.05% UP:14.28% SPREAD:0.11743981% BID:0.1703 ASK:0.1705 MID:0.1704 P1:0.1704 P2:0.1704 P3:0.1704 P4:0.1704 STATE:IDLE
[2026-06-03 02:39:46Z] CHK MOM:0% RANGE:0.05% UP:14.28% SPREAD:0.11743981% BID:0.1703 ASK:0.1705 MID:0.1704 P1:0.1704 P2:0.1704 P3:0.1704 P4:0.1704 STATE:IDLE
[2026-06-03 02:39:47Z] CHK MOM:0% RANGE:0.05% UP:14.28% SPREAD:0.11743981% BID:0.1703 ASK:0.1705 MID:0.1704 P1:0.1704 P2:0.1704 P3:0.1704 P4:0.1704 STATE:IDLE
[2026-06-03 02:39:47Z] CHK MOM:0% RANGE:0.05% UP:14.28% SPREAD:0.11743981% BID:0.1703 ASK:0.1705 MID:0.1704 P1:0.1704 P2:0.1704 P3:0.1704 P4:0.1704 STATE:IDLE
[2026-06-03 02:39:48Z] CHK MOM:0% RANGE:0.05% UP:14.28% SPREAD:0.11743981% BID:0.1703 ASK:0.1705 MID:0.1704 P1:0.1704 P2:0.1704 P3:0.1704 P4:0.1704 STATE:IDLE
[2026-06-03 02:39:48Z] CHK MOM:0% RANGE:0.05% UP:14.28% SPREAD:0.11743981% BID:0.1703 ASK:0.1705 MID:0.1704 P1:0.1704 P2:0.1704 P3:0.1704 P4:0.1704 STATE:IDLE
[2026-06-03 02:39:50Z] CHK MOM:0% RANGE:0.05% UP:16.66% SPREAD:0.11750881% BID:0.1702 ASK:0.1704 MID:0.1703 P1:0.1703 P2:0.1704 P3:0.1704 P4:0.1704 STATE:IDLE
[2026-06-03 02:39:51Z] CHK MOM:0% RANGE:0.05% UP:16.66% SPREAD:0.11750881% BID:0.1702 ASK:0.1704 MID:0.1703 P1:0.1703 P2:0.1704 P3:0.1704 P4:0.1704 STATE:IDLE
[2026-06-03 02:39:51Z] CHK MOM:0% RANGE:0.05% UP:16.66% SPREAD:0.11750881% BID:0.1702 ASK:0.1704 MID:0.1703 P1:0.1703 P2:0.1704 P3:0.1704 P4:0.1704 STATE:IDLE
[2026-06-03 02:39:52Z] CHK MOM:0% RANGE:0.05% UP:14.28% SPREAD:0.11750881% BID:0.1702 ASK:0.1704 MID:0.1703 P1:0.1703 P2:0.1703 P3:0.1704 P4:0.1704 STATE:IDLE
[2026-06-03 02:39:52Z] CHK MOM:0% RANGE:0.05% UP:14.28% SPREAD:0.11750881% BID:0.1702 ASK:0.1704 MID:0.1703 P1:0.1703 P2:0.1703 P3:0.1704 P4:0.1704 STATE:IDLE
[2026-06-03 02:39:53Z] CHK MOM:0% RANGE:0.05% UP:14.28% SPREAD:0.11750881% BID:0.1702 ASK:0.1704 MID:0.1703 P1:0.1703 P2:0.1703 P3:0.1704 P4:0.1704 STATE:IDLE
[2026-06-03 02:39:53Z] CHK MOM:0% RANGE:0.05% UP:14.28% SPREAD:0.11750881% BID:0.1702 ASK:0.1704 MID:0.1703 P1:0.1703 P2:0.1703 P3:0.1704 P4:0.1704 STATE:IDLE
[2026-06-03 02:39:54Z] CHK MOM:0% RANGE:0.05% UP:14.28% SPREAD:0.11750881% BID:0.1702 ASK:0.1704 MID:0.1703 P1:0.1703 P2:0.1703 P3:0.1704 P4:0.1704 STATE:IDLE
[2026-06-03 02:39:54Z] CHK MOM:0% RANGE:0.05% UP:14.28% SPREAD:0.11750881% BID:0.1702 ASK:0.1704 MID:0.1703 P1:0.1703 P2:0.1703 P3:0.1704 P4:0.1704 STATE:IDLE
[2026-06-03 02:39:55Z] CHK MOM:-0.05% RANGE:0.05% UP:0% SPREAD:0.11750881% BID:0.1702 ASK:0.1704 MID:0.1703 P1:0.1703 P2:0.1703 P3:0.1703 P4:0.1704 STATE:IDLE
[2026-06-03 02:39:56Z] CHK MOM:-0.14% RANGE:0.14% UP:0% SPREAD:0.05878894% BID:0.1701 ASK:0.1702 MID:0.17015 P1:0.17015 P2:0.1703 P3:0.1703 P4:0.1703 STATE:IDLE
[2026-06-03 02:39:56Z] CHK MOM:-0.14% RANGE:0.14% UP:0% SPREAD:0.05878894% BID:0.1701 ASK:0.1702 MID:0.17015 P1:0.17015 P2:0.1703 P3:0.1703 P4:0.1703 STATE:IDLE
[2026-06-03 02:39:57Z] CHK MOM:-0.14% RANGE:0.14% UP:0% SPREAD:0.05878894% BID:0.1701 ASK:0.1702 MID:0.17015 P1:0.17015 P2:0.1703 P3:0.1703 P4:0.1703 STATE:IDLE
[2026-06-03 02:39:57Z] CHK MOM:-0.14% RANGE:0.14% UP:0% SPREAD:0.05878894% BID:0.1701 ASK:0.1702 MID:0.17015 P1:0.17015 P2:0.1703 P3:0.1703 P4:0.1703 STATE:IDLE
[2026-06-03 02:39:58Z] CHK MOM:-0.14% RANGE:0.14% UP:0% SPREAD:0.05878894% BID:0.1701 ASK:0.1702 MID:0.17015 P1:0.17015 P2:0.1703 P3:0.1703 P4:0.1703 STATE:IDLE
[2026-06-03 02:40:02Z] CHK MOM:-0.11% RANGE:0.11% UP:0% SPREAD:0.11764705% BID:0.17 ASK:0.1702 MID:0.1701 P1:0.1701 P2:0.17015 P3:0.1703 P4:0.1703 STATE:IDLE
[2026-06-03 02:40:03Z] CHK MOM:-0.11% RANGE:0.11% UP:0% SPREAD:0.11764705% BID:0.17 ASK:0.1702 MID:0.1701 P1:0.1701 P2:0.17015 P3:0.1703 P4:0.1703 STATE:IDLE
[2026-06-03 02:40:03Z] CHK MOM:-0.11% RANGE:0.11% UP:0% SPREAD:0.11764705% BID:0.17 ASK:0.1702 MID:0.1701 P1:0.1701 P2:0.17015 P3:0.1703 P4:0.1703 STATE:IDLE
[2026-06-03 02:40:04Z] CHK MOM:-0.11% RANGE:0.11% UP:0% SPREAD:0.11764705% BID:0.17 ASK:0.1702 MID:0.1701 P1:0.1701 P2:0.17015 P3:0.1703 P4:0.1703 STATE:IDLE
[2026-06-03 02:40:04Z] CHK MOM:-0.05% RANGE:0.11% UP:33.33% SPREAD:0.11757789% BID:0.1701 ASK:0.1703 MID:0.1702 P1:0.1702 P2:0.1701 P3:0.17015 P4:0.1703 STATE:IDLE
[2026-06-03 02:40:05Z] CHK MOM:-0.11% RANGE:0.11% UP:25% SPREAD:0.11764705% BID:0.17 ASK:0.1702 MID:0.1701 P1:0.1701 P2:0.1702 P3:0.1701 P4:0.17015 STATE:IDLE
[2026-06-03 02:40:05Z] CHK MOM:-0.08% RANGE:0.11% UP:40% SPREAD:0.17647058% BID:0.17 ASK:0.1703 MID:0.17015 P1:0.17015 P2:0.1701 P3:0.1702 P4:0.1701 STATE:IDLE
[2026-06-03 02:40:06Z] CHK MOM:-0.08% RANGE:0.11% UP:33.33% SPREAD:0.17647058% BID:0.17 ASK:0.1703 MID:0.17015 P1:0.17015 P2:0.17015 P3:0.1701 P4:0.1702 STATE:IDLE
[2026-06-03 02:40:06Z] CHK MOM:-0.08% RANGE:0.11% UP:33.33% SPREAD:0.17647058% BID:0.17 ASK:0.1703 MID:0.17015 P1:0.17015 P2:0.17015 P3:0.1701 P4:0.1702 STATE:IDLE
[2026-06-03 02:40:07Z] CHK MOM:-0.08% RANGE:0.11% UP:33.33% SPREAD:0.17647058% BID:0.17 ASK:0.1703 MID:0.17015 P1:0.17015 P2:0.17015 P3:0.1701 P4:0.1702 STATE:IDLE
[2026-06-03 02:40:08Z] CHK MOM:-0.02% RANGE:0.05% UP:33.33% SPREAD:0.11764705% BID:0.17 ASK:0.1702 MID:0.1701 P1:0.1701 P2:0.17015 P3:0.17015 P4:0.1701 STATE:IDLE
[2026-06-03 02:40:08Z] CHK MOM:-0.02% RANGE:0.05% UP:33.33% SPREAD:0.11764705% BID:0.17 ASK:0.1702 MID:0.1701 P1:0.1701 P2:0.17015 P3:0.17015 P4:0.1701 STATE:IDLE
[2026-06-03 02:40:09Z] CHK MOM:0.11% RANGE:0.11% UP:50% SPREAD:0.11750881% BID:0.1702 ASK:0.1704 MID:0.1703 P1:0.1703 P2:0.1701 P3:0.17015 P4:0.17015 STATE:IDLE
[2026-06-03 02:40:09Z] CHK MOM:0.11% RANGE:0.11% UP:42.85% SPREAD:0.11750881% BID:0.1702 ASK:0.1704 MID:0.1703 P1:0.1703 P2:0.1703 P3:0.1701 P4:0.17015 STATE:IDLE
[2026-06-03 02:40:10Z] CHK MOM:0.11% RANGE:0.11% UP:37.5% SPREAD:0.11750881% BID:0.1702 ASK:0.1704 MID:0.1703 P1:0.1703 P2:0.1703 P3:0.1703 P4:0.1701 STATE:IDLE
[2026-06-03 02:40:10Z] CHK MOM:0.11% RANGE:0.11% UP:37.5% SPREAD:0.11750881% BID:0.1702 ASK:0.1704 MID:0.1703 P1:0.1703 P2:0.1703 P3:0.1703 P4:0.1701 STATE:IDLE
[2026-06-03 02:40:11Z] CHK MOM:0.11% RANGE:0.11% UP:37.5% SPREAD:0.11750881% BID:0.1702 ASK:0.1704 MID:0.1703 P1:0.1703 P2:0.1703 P3:0.1703 P4:0.1701 STATE:IDLE
[2026-06-03 02:40:11Z] CHK MOM:0.11% RANGE:0.11% UP:33.33% SPREAD:0.11750881% BID:0.1702 ASK:0.1704 MID:0.1703 P1:0.1703 P2:0.1703 P3:0.1703 P4:0.1703 STATE:IDLE
[2026-06-03 02:40:12Z] CHK MOM:0.11% RANGE:0.11% UP:30% SPREAD:0.11750881% BID:0.1702 ASK:0.1704 MID:0.1703 P1:0.1703 P2:0.1703 P3:0.1703 P4:0.1703 STATE:IDLE
[2026-06-03 02:40:13Z] CHK MOM:0.11% RANGE:0.11% UP:30% SPREAD:0.11750881% BID:0.1702 ASK:0.1704 MID:0.1703 P1:0.1703 P2:0.1703 P3:0.1703 P4:0.1703 STATE:IDLE
[2026-06-03 02:40:13Z] CHK MOM:0.11% RANGE:0.11% UP:30% SPREAD:0.11750881% BID:0.1702 ASK:0.1704 MID:0.1703 P1:0.1703 P2:0.1703 P3:0.1703 P4:0.1703 STATE:IDLE
[2026-06-03 02:40:14Z] CHK MOM:0.11% RANGE:0.11% UP:30% SPREAD:0.11750881% BID:0.1702 ASK:0.1704 MID:0.1703 P1:0.1703 P2:0.1703 P3:0.1703 P4:0.1703 STATE:IDLE
[2026-06-03 02:40:14Z] CHK MOM:0.02% RANGE:0.11% UP:20% SPREAD:0.17636684% BID:0.1701 ASK:0.1704 MID:0.17025 P1:0.17025 P2:0.1703 P3:0.1703 P4:0.1703 STATE:IDLE
[2026-06-03 02:40:15Z] CHK MOM:0.02% RANGE:0.11% UP:18.18% SPREAD:0.17636684% BID:0.1701 ASK:0.1704 MID:0.17025 P1:0.17025 P2:0.17025 P3:0.1703 P4:0.1703 STATE:IDLE
[2026-06-03 02:40:15Z] CHK MOM:0% RANGE:0.11% UP:16.66% SPREAD:0.11757789% BID:0.1701 ASK:0.1703 MID:0.1702 P1:0.1702 P2:0.17025 P3:0.17025 P4:0.1703 STATE:IDLE
[2026-06-03 02:40:16Z] CHK MOM:0% RANGE:0.11% UP:15.38% SPREAD:0.11757789% BID:0.1701 ASK:0.1703 MID:0.1702 P1:0.1702 P2:0.1702 P3:0.17025 P4:0.17025 STATE:IDLE
[2026-06-03 02:40:16Z] CHK MOM:0% RANGE:0.11% UP:14.28% SPREAD:0.11757789% BID:0.1701 ASK:0.1703 MID:0.1702 P1:0.1702 P2:0.1702 P3:0.1702 P4:0.17025 STATE:IDLE
[2026-06-03 02:40:17Z] CHK MOM:-0.02% RANGE:0.11% UP:7.69% SPREAD:0.11764705% BID:0.17 ASK:0.1702 MID:0.1701 P1:0.1701 P2:0.1702 P3:0.1702 P4:0.1702 STATE:IDLE
[2026-06-03 02:40:17Z] CHK MOM:-0.05% RANGE:0.14% UP:7.69% SPREAD:0.05882352% BID:0.17 ASK:0.1701 MID:0.17005 P1:0.17005 P2:0.1701 P3:0.1702 P4:0.1702 STATE:IDLE
[2026-06-03 02:40:18Z] CHK MOM:-0.05% RANGE:0.14% UP:7.69% SPREAD:0.05882352% BID:0.17 ASK:0.1701 MID:0.17005 P1:0.17005 P2:0.1701 P3:0.1702 P4:0.1702 STATE:IDLE
[2026-06-03 02:40:19Z] CHK MOM:-0.05% RANGE:0.17% UP:7.69% SPREAD:0.1177163% BID:0.1699 ASK:0.1701 MID:0.16999999 P1:0.16999999 P2:0.17005 P3:0.1701 P4:0.1702 STATE:IDLE
[2026-06-03 02:40:19Z] CHK MOM:-0.05% RANGE:0.17% UP:7.69% SPREAD:0.1177163% BID:0.1699 ASK:0.1701 MID:0.16999999 P1:0.16999999 P2:0.17005 P3:0.1701 P4:0.1702 STATE:IDLE
[2026-06-03 02:40:20Z] CHK MOM:-0.05% RANGE:0.17% UP:7.69% SPREAD:0.1177163% BID:0.1699 ASK:0.1701 MID:0.16999999 P1:0.16999999 P2:0.17005 P3:0.1701 P4:0.1702 STATE:IDLE
[2026-06-03 02:40:20Z] CHK MOM:-0.05% RANGE:0.17% UP:7.69% SPREAD:0.1177163% BID:0.1699 ASK:0.1701 MID:0.16999999 P1:0.16999999 P2:0.17005 P3:0.1701 P4:0.1702 STATE:IDLE
[2026-06-03 02:40:21Z] CHK MOM:-0.23% RANGE:0.23% UP:0% SPREAD:0.11778563% BID:0.1698 ASK:0.17 MID:0.1699 P1:0.1699 P2:0.16999999 P3:0.17005 P4:0.1701 STATE:IDLE
[2026-06-03 02:40:21Z] CHK MOM:-0.23% RANGE:0.23% UP:0% SPREAD:0.11778563% BID:0.1698 ASK:0.17 MID:0.1699 P1:0.1699 P2:0.16999999 P3:0.17005 P4:0.1701 STATE:IDLE
[2026-06-03 02:40:22Z] CHK MOM:-0.23% RANGE:0.23% UP:0% SPREAD:0.11778563% BID:0.1698 ASK:0.17 MID:0.1699 P1:0.1699 P2:0.16999999 P3:0.17005 P4:0.1701 STATE:IDLE
[2026-06-03 02:40:22Z] CHK MOM:-0.23% RANGE:0.23% UP:0% SPREAD:0.11778563% BID:0.1698 ASK:0.17 MID:0.1699 P1:0.1699 P2:0.1699 P3:0.16999999 P4:0.17005 STATE:IDLE
[2026-06-03 02:40:23Z] CHK MOM:-0.23% RANGE:0.23% UP:0% SPREAD:0.11778563% BID:0.1698 ASK:0.17 MID:0.1699 P1:0.1699 P2:0.1699 P3:0.16999999 P4:0.17005 STATE:IDLE
[2026-06-03 02:40:24Z] CHK MOM:-0.23% RANGE:0.23% UP:0% SPREAD:0.11778563% BID:0.1698 ASK:0.17 MID:0.1699 P1:0.1699 P2:0.1699 P3:0.1699 P4:0.16999999 STATE:IDLE
[2026-06-03 02:40:24Z] CHK MOM:-0.23% RANGE:0.23% UP:0% SPREAD:0.11778563% BID:0.1698 ASK:0.17 MID:0.1699 P1:0.1699 P2:0.1699 P3:0.1699 P4:0.16999999 STATE:IDLE
[2026-06-03 02:40:25Z] CHK MOM:-0.2% RANGE:0.2% UP:0% SPREAD:0.11778563% BID:0.1698 ASK:0.17 MID:0.1699 P1:0.1699 P2:0.1699 P3:0.1699 P4:0.1699 STATE:IDLE
[2026-06-03 02:40:25Z] CHK MOM:-0.2% RANGE:0.2% UP:0% SPREAD:0.11778563% BID:0.1698 ASK:0.17 MID:0.1699 P1:0.1699 P2:0.1699 P3:0.1699 P4:0.1699 STATE:IDLE
[2026-06-03 02:40:26Z] CHK MOM:-0.26% RANGE:0.26% UP:0% SPREAD:0.11785503% BID:0.1697 ASK:0.1699 MID:0.1698 P1:0.1698 P2:0.1699 P3:0.1699 P4:0.1699 STATE:IDLE
[2026-06-03 02:40:26Z] CHK MOM:-0.26% RANGE:0.26% UP:0% SPREAD:0.11785503% BID:0.1697 ASK:0.1699 MID:0.1698 P1:0.1698 P2:0.1699 P3:0.1699 P4:0.1699 STATE:IDLE
[2026-06-03 02:40:27Z] CHK MOM:-0.26% RANGE:0.26% UP:0% SPREAD:0.11785503% BID:0.1697 ASK:0.1699 MID:0.1698 P1:0.1698 P2:0.1699 P3:0.1699 P4:0.1699 STATE:IDLE
[2026-06-03 02:40:27Z] CHK MOM:-0.26% RANGE:0.26% UP:0% SPREAD:0.11785503% BID:0.1697 ASK:0.1699 MID:0.1698 P1:0.1698 P2:0.1699 P3:0.1699 P4:0.1699 STATE:IDLE
[2026-06-03 02:40:28Z] CHK MOM:-0.26% RANGE:0.26% UP:0% SPREAD:0.05892751% BID:0.1697 ASK:0.1698 MID:0.16975 P1:0.16975 P2:0.1698 P3:0.1699 P4:0.1699 STATE:IDLE
[2026-06-03 02:40:28Z] CHK MOM:-0.29% RANGE:0.29% UP:0% SPREAD:0.1179941% BID:0.1695 ASK:0.1697 MID:0.1696 P1:0.1696 P2:0.16975 P3:0.1698 P4:0.1699 STATE:IDLE
[2026-06-03 02:40:29Z] CHK MOM:-0.26% RANGE:0.26% UP:0% SPREAD:0.1179941% BID:0.1695 ASK:0.1697 MID:0.1696 P1:0.1696 P2:0.1696 P3:0.16975 P4:0.1698 STATE:IDLE
[2026-06-03 02:40:30Z] CHK MOM:-0.23% RANGE:0.23% UP:0% SPREAD:0.1179941% BID:0.1695 ASK:0.1697 MID:0.1696 P1:0.1696 P2:0.1696 P3:0.1696 P4:0.16975 STATE:IDLE
[2026-06-03 02:40:30Z] CHK MOM:-0.23% RANGE:0.23% UP:0% SPREAD:0.1179941% BID:0.1695 ASK:0.1697 MID:0.1696 P1:0.1696 P2:0.1696 P3:0.1696 P4:0.1696 STATE:IDLE
[2026-06-03 02:40:31Z] CHK MOM:-0.2% RANGE:0.2% UP:0% SPREAD:0.05899705% BID:0.1695 ASK:0.1696 MID:0.16955 P1:0.16955 P2:0.1696 P3:0.1696 P4:0.1696 STATE:IDLE
[2026-06-03 02:40:31Z] CHK MOM:-0.23% RANGE:0.23% UP:0% SPREAD:0.11806375% BID:0.1694 ASK:0.1696 MID:0.16949999 P1:0.16949999 P2:0.16955 P3:0.1696 P4:0.1696 STATE:IDLE
[2026-06-03 02:40:32Z] CHK MOM:-0.23% RANGE:0.23% UP:0% SPREAD:0.11806375% BID:0.1694 ASK:0.1696 MID:0.16949999 P1:0.16949999 P2:0.16955 P3:0.1696 P4:0.1696 STATE:IDLE
[2026-06-03 02:40:32Z] CHK MOM:-0.23% RANGE:0.23% UP:0% SPREAD:0.11806375% BID:0.1694 ASK:0.1696 MID:0.16949999 P1:0.16949999 P2:0.16955 P3:0.1696 P4:0.1696 STATE:IDLE
[2026-06-03 02:40:33Z] CHK MOM:-0.23% RANGE:0.23% UP:0% SPREAD:0.11806375% BID:0.1694 ASK:0.1696 MID:0.16949999 P1:0.16949999 P2:0.16955 P3:0.1696 P4:0.1696 STATE:IDLE
[2026-06-03 02:40:33Z] CHK MOM:-0.23% RANGE:0.23% UP:0% SPREAD:0.11806375% BID:0.1694 ASK:0.1696 MID:0.16949999 P1:0.16949999 P2:0.16955 P3:0.1696 P4:0.1696 STATE:IDLE
[2026-06-03 02:40:34Z] CHK MOM:-0.23% RANGE:0.23% UP:0% SPREAD:0.11806375% BID:0.1694 ASK:0.1696 MID:0.16949999 P1:0.16949999 P2:0.16949999 P3:0.16955 P4:0.1696 STATE:IDLE
[2026-06-03 02:40:35Z] CHK MOM:-0.29% RANGE:0.29% UP:0% SPREAD:0.11813349% BID:0.1693 ASK:0.1695 MID:0.1694 P1:0.1694 P2:0.16949999 P3:0.16949999 P4:0.16955 STATE:IDLE
[2026-06-03 02:40:35Z] CHK MOM:-0.29% RANGE:0.29% UP:0% SPREAD:0.11813349% BID:0.1693 ASK:0.1695 MID:0.1694 P1:0.1694 P2:0.16949999 P3:0.16949999 P4:0.16955 STATE:IDLE
[2026-06-03 02:40:36Z] CHK MOM:-0.29% RANGE:0.29% UP:0% SPREAD:0.11813349% BID:0.1693 ASK:0.1695 MID:0.1694 P1:0.1694 P2:0.16949999 P3:0.16949999 P4:0.16955 STATE:IDLE
[2026-06-03 02:40:36Z] CHK MOM:-0.26% RANGE:0.29% UP:9.09% SPREAD:0.17720023% BID:0.1693 ASK:0.1696 MID:0.16945 P1:0.16945 P2:0.1694 P3:0.16949999 P4:0.16949999 STATE:IDLE
[2026-06-03 02:40:37Z] CHK MOM:-0.29% RANGE:0.29% UP:8.33% SPREAD:0.11813349% BID:0.1693 ASK:0.1695 MID:0.1694 P1:0.1694 P2:0.16945 P3:0.1694 P4:0.16949999 STATE:IDLE
[2026-06-03 02:40:37Z] CHK MOM:-0.23% RANGE:0.23% UP:8.33% SPREAD:0.11813349% BID:0.1693 ASK:0.1695 MID:0.1694 P1:0.1694 P2:0.1694 P3:0.16945 P4:0.1694 STATE:IDLE
[2026-06-03 02:40:38Z] CHK MOM:-0.23% RANGE:0.23% UP:8.33% SPREAD:0.11813349% BID:0.1693 ASK:0.1695 MID:0.1694 P1:0.1694 P2:0.1694 P3:0.16945 P4:0.1694 STATE:IDLE
[2026-06-03 02:40:38Z] CHK MOM:-0.2% RANGE:0.2% UP:8.33% SPREAD:0.11813349% BID:0.1693 ASK:0.1695 MID:0.1694 P1:0.1694 P2:0.1694 P3:0.1694 P4:0.16945 STATE:IDLE
[2026-06-03 02:40:39Z] CHK MOM:-0.2% RANGE:0.2% UP:8.33% SPREAD:0.11813349% BID:0.1693 ASK:0.1695 MID:0.1694 P1:0.1694 P2:0.1694 P3:0.1694 P4:0.16945 STATE:IDLE
[2026-06-03 02:40:39Z] CHK MOM:-0.2% RANGE:0.2% UP:8.33% SPREAD:0.11813349% BID:0.1693 ASK:0.1695 MID:0.1694 P1:0.1694 P2:0.1694 P3:0.1694 P4:0.16945 STATE:IDLE
[2026-06-03 02:40:40Z] CHK MOM:-0.2% RANGE:0.2% UP:7.69% SPREAD:0.11813349% BID:0.1693 ASK:0.1695 MID:0.1694 P1:0.1694 P2:0.1694 P3:0.1694 P4:0.1694 STATE:IDLE
[2026-06-03 02:40:41Z] CHK MOM:-0.05% RANGE:0.11% UP:15.38% SPREAD:0.11806375% BID:0.1694 ASK:0.1696 MID:0.16949999 P1:0.16949999 P2:0.1694 P3:0.1694 P4:0.1694 STATE:IDLE
[2026-06-03 02:40:41Z] CHK MOM:-0.02% RANGE:0.11% UP:25% SPREAD:0.17709563% BID:0.1694 ASK:0.1697 MID:0.16954999 P1:0.16954999 P2:0.16949999 P3:0.1694 P4:0.1694 STATE:IDLE
[2026-06-03 02:40:42Z] CHK MOM:0% RANGE:0.11% UP:30.76% SPREAD:0.1179941% BID:0.1695 ASK:0.1697 MID:0.1696 P1:0.1696 P2:0.16954999 P3:0.16949999 P4:0.1694 STATE:IDLE
[2026-06-03 02:40:42Z] CHK MOM:0.02% RANGE:0.11% UP:33.33% SPREAD:0.1179941% BID:0.1695 ASK:0.1697 MID:0.1696 P1:0.1696 P2:0.1696 P3:0.16954999 P4:0.16949999 STATE:IDLE
[2026-06-03 02:40:43Z] CHK MOM:0.02% RANGE:0.11% UP:33.33% SPREAD:0.1179941% BID:0.1695 ASK:0.1697 MID:0.1696 P1:0.1696 P2:0.1696 P3:0.16954999 P4:0.16949999 STATE:IDLE
[2026-06-03 02:40:43Z] CHK MOM:0.02% RANGE:0.11% UP:33.33% SPREAD:0.1179941% BID:0.1695 ASK:0.1697 MID:0.1696 P1:0.1696 P2:0.1696 P3:0.16954999 P4:0.16949999 STATE:IDLE
[2026-06-03 02:40:44Z] CHK MOM:0% RANGE:0.11% UP:36.36% SPREAD:0.11806375% BID:0.1694 ASK:0.1696 MID:0.16949999 P1:0.16949999 P2:0.1696 P3:0.1696 P4:0.16954999 STATE:IDLE
[2026-06-03 02:40:44Z] CHK MOM:0% RANGE:0.11% UP:33.33% SPREAD:0.11806375% BID:0.1694 ASK:0.1696 MID:0.16949999 P1:0.16949999 P2:0.16949999 P3:0.1696 P4:0.1696 STATE:IDLE
[2026-06-03 02:40:45Z] CHK MOM:0% RANGE:0.11% UP:30.76% SPREAD:0.11806375% BID:0.1694 ASK:0.1696 MID:0.16949999 P1:0.16949999 P2:0.16949999 P3:0.16949999 P4:0.1696 STATE:IDLE
[2026-06-03 02:40:46Z] CHK MOM:0% RANGE:0.11% UP:28.57% SPREAD:0.11806375% BID:0.1694 ASK:0.1696 MID:0.16949999 P1:0.16949999 P2:0.16949999 P3:0.16949999 P4:0.16949999 STATE:IDLE
[2026-06-03 02:40:46Z] CHK MOM:0.05% RANGE:0.11% UP:28.57% SPREAD:0.11806375% BID:0.1694 ASK:0.1696 MID:0.16949999 P1:0.16949999 P2:0.16949999 P3:0.16949999 P4:0.16949999 STATE:IDLE
[2026-06-03 02:40:47Z] CHK MOM:0.05% RANGE:0.11% UP:28.57% SPREAD:0.11806375% BID:0.1694 ASK:0.1696 MID:0.16949999 P1:0.16949999 P2:0.16949999 P3:0.16949999 P4:0.16949999 STATE:IDLE
[2026-06-03 02:40:47Z] CHK MOM:0.05% RANGE:0.11% UP:28.57% SPREAD:0.11806375% BID:0.1694 ASK:0.1696 MID:0.16949999 P1:0.16949999 P2:0.16949999 P3:0.16949999 P4:0.16949999 STATE:IDLE
[2026-06-03 02:40:48Z] CHK MOM:0.05% RANGE:0.11% UP:28.57% SPREAD:0.11806375% BID:0.1694 ASK:0.1696 MID:0.16949999 P1:0.16949999 P2:0.16949999 P3:0.16949999 P4:0.16949999 STATE:IDLE
[2026-06-03 02:40:48Z] CHK MOM:0.05% RANGE:0.11% UP:28.57% SPREAD:0.11806375% BID:0.1694 ASK:0.1696 MID:0.16949999 P1:0.16949999 P2:0.16949999 P3:0.16949999 P4:0.16949999 STATE:IDLE
[2026-06-03 02:40:49Z] CHK MOM:0.05% RANGE:0.11% UP:28.57% SPREAD:0.11806375% BID:0.1694 ASK:0.1696 MID:0.16949999 P1:0.16949999 P2:0.16949999 P3:0.16949999 P4:0.16949999 STATE:IDLE
[2026-06-03 02:40:52Z] CHK MOM:0.02% RANGE:0.11% UP:30% SPREAD:0.17720023% BID:0.1693 ASK:0.1696 MID:0.16945 P1:0.16945 P2:0.16949999 P3:0.16949999 P4:0.16949999 STATE:IDLE
[2026-06-03 02:40:52Z] CHK MOM:0.02% RANGE:0.11% UP:30% SPREAD:0.17720023% BID:0.1693 ASK:0.1696 MID:0.16945 P1:0.16945 P2:0.16949999 P3:0.16949999 P4:0.16949999 STATE:IDLE
[2026-06-03 02:40:53Z] CHK MOM:0.02% RANGE:0.11% UP:30% SPREAD:0.17720023% BID:0.1693 ASK:0.1696 MID:0.16945 P1:0.16945 P2:0.16949999 P3:0.16949999 P4:0.16949999 STATE:IDLE
[2026-06-03 02:40:53Z] CHK MOM:0.02% RANGE:0.11% UP:30% SPREAD:0.17720023% BID:0.1693 ASK:0.1696 MID:0.16945 P1:0.16945 P2:0.16949999 P3:0.16949999 P4:0.16949999 STATE:IDLE
[2026-06-03 02:40:54Z] CHK MOM:0.02% RANGE:0.11% UP:30% SPREAD:0.17720023% BID:0.1693 ASK:0.1696 MID:0.16945 P1:0.16945 P2:0.16949999 P3:0.16949999 P4:0.16949999 STATE:IDLE
[2026-06-03 02:40:56Z] CHK MOM:-0.02% RANGE:0.02% UP:0% SPREAD:0.17720023% BID:0.1693 ASK:0.1696 MID:0.16945 P1:0.16945 P2:0.16945 P3:0.16949999 P4:0.16949999 STATE:IDLE
[2026-06-03 02:40:57Z] CHK MOM:-0.02% RANGE:0.02% UP:0% SPREAD:0.17720023% BID:0.1693 ASK:0.1696 MID:0.16945 P1:0.16945 P2:0.16945 P3:0.16949999 P4:0.16949999 STATE:IDLE
[2026-06-03 02:40:58Z] CHK MOM:-0.02% RANGE:0.02% UP:0% SPREAD:0.17720023% BID:0.1693 ASK:0.1696 MID:0.16945 P1:0.16945 P2:0.16945 P3:0.16949999 P4:0.16949999 STATE:IDLE
[2026-06-03 02:40:58Z] CHK MOM:-0.02% RANGE:0.02% UP:0% SPREAD:0.17720023% BID:0.1693 ASK:0.1696 MID:0.16945 P1:0.16945 P2:0.16945 P3:0.16949999 P4:0.16949999 STATE:IDLE
[2026-06-03 02:40:59Z] CHK MOM:-0.02% RANGE:0.02% UP:0% SPREAD:0.17720023% BID:0.1693 ASK:0.1696 MID:0.16945 P1:0.16945 P2:0.16945 P3:0.16949999 P4:0.16949999 STATE:IDLE
[2026-06-03 02:41:00Z] CHK MOM:0.05% RANGE:0.05% UP:50% SPREAD:0.17709563% BID:0.1694 ASK:0.1697 MID:0.16954999 P1:0.16954999 P2:0.16945 P3:0.16945 P4:0.16949999 STATE:IDLE
[2026-06-03 02:41:01Z] CHK MOM:0.05% RANGE:0.05% UP:33.33% SPREAD:0.17709563% BID:0.1694 ASK:0.1697 MID:0.16954999 P1:0.16954999 P2:0.16954999 P3:0.16945 P4:0.16945 STATE:IDLE
[2026-06-03 02:41:01Z] CHK MOM:0.02% RANGE:0.05% UP:25% SPREAD:0.11806375% BID:0.1694 ASK:0.1696 MID:0.16949999 P1:0.16949999 P2:0.16954999 P3:0.16954999 P4:0.16945 STATE:IDLE
[2026-06-03 02:41:02Z] CHK MOM:0.02% RANGE:0.05% UP:20% SPREAD:0.11806375% BID:0.1694 ASK:0.1696 MID:0.16949999 P1:0.16949999 P2:0.16949999 P3:0.16954999 P4:0.16954999 STATE:IDLE
[2026-06-03 02:41:03Z] CHK MOM:0.02% RANGE:0.05% UP:16.66% SPREAD:0.11806375% BID:0.1694 ASK:0.1696 MID:0.16949999 P1:0.16949999 P2:0.16949999 P3:0.16949999 P4:0.16954999 STATE:IDLE
[2026-06-03 02:41:03Z] TOKEN_SWITCH old=ALLOUSDC new=ENAUSDC source=.service.env
[2026-06-03 02:44:01Z] SESSION_START symbol=ALLOUSDC dry_run=0 profile=major strategy=momentum base_url=https://api.binance.com
[2026-06-03 02:44:01Z] TOXIC_MEMORY_LOADED count=2 symbols=ORDIUSDC,TONUSDC
[2026-06-03 02:44:05Z] CHK MOM:0% RANGE:0% UP:0% SPREAD:0.11785503% BID:0.1697 ASK:0.1699 MID:0.1698 P1:0.1698 P2:NA P3:NA P4:NA STATE:IDLE
[2026-06-03 02:44:05Z] CHK MOM:0% RANGE:0% UP:0% SPREAD:0.11785503% BID:0.1697 ASK:0.1699 MID:0.1698 P1:0.1698 P2:0.1698 P3:NA P4:NA STATE:IDLE
[2026-06-03 02:44:06Z] CHK MOM:0% RANGE:0% UP:0% SPREAD:0.11785503% BID:0.1697 ASK:0.1699 MID:0.1698 P1:0.1698 P2:0.1698 P3:0.1698 P4:NA STATE:IDLE
[2026-06-03 02:44:06Z] CHK MOM:0% RANGE:0% UP:0% SPREAD:0.11785503% BID:0.1697 ASK:0.1699 MID:0.1698 P1:0.1698 P2:0.1698 P3:0.1698 P4:NA STATE:IDLE
[2026-06-03 02:44:07Z] CHK MOM:0% RANGE:0% UP:0% SPREAD:0.11785503% BID:0.1697 ASK:0.1699 MID:0.1698 P1:0.1698 P2:0.1698 P3:0.1698 P4:NA STATE:IDLE
[2026-06-03 02:44:07Z] CHK MOM:-0.02% RANGE:0.02% UP:0% SPREAD:0.17688679% BID:0.1696 ASK:0.1699 MID:0.16975 P1:0.16975 P2:0.1698 P3:0.1698 P4:0.1698 STATE:IDLE
[2026-06-03 02:44:08Z] CHK MOM:-0.02% RANGE:0.02% UP:0% SPREAD:0.17688679% BID:0.1696 ASK:0.1699 MID:0.16975 P1:0.16975 P2:0.1698 P3:0.1698 P4:0.1698 STATE:IDLE
[2026-06-03 02:44:08Z] CHK MOM:-0.02% RANGE:0.02% UP:0% SPREAD:0.17688679% BID:0.1696 ASK:0.1699 MID:0.16975 P1:0.16975 P2:0.1698 P3:0.1698 P4:0.1698 STATE:IDLE
[2026-06-03 02:44:09Z] CHK MOM:-0.02% RANGE:0.02% UP:0% SPREAD:0.17688679% BID:0.1696 ASK:0.1699 MID:0.16975 P1:0.16975 P2:0.1698 P3:0.1698 P4:0.1698 STATE:IDLE
[2026-06-03 02:44:09Z] CHK MOM:0% RANGE:0.02% UP:25% SPREAD:0.11785503% BID:0.1697 ASK:0.1699 MID:0.1698 P1:0.1698 P2:0.16975 P3:0.1698 P4:0.1698 STATE:IDLE
[2026-06-03 02:44:10Z] CHK MOM:0% RANGE:0.02% UP:25% SPREAD:0.11785503% BID:0.1697 ASK:0.1699 MID:0.1698 P1:0.1698 P2:0.16975 P3:0.1698 P4:0.1698 STATE:IDLE
[2026-06-03 02:44:11Z] CHK MOM:0% RANGE:0.02% UP:25% SPREAD:0.11785503% BID:0.1697 ASK:0.1699 MID:0.1698 P1:0.1698 P2:0.16975 P3:0.1698 P4:0.1698 STATE:IDLE
[2026-06-03 02:44:11Z] CHK MOM:0% RANGE:0.02% UP:25% SPREAD:0.11785503% BID:0.1697 ASK:0.1699 MID:0.1698 P1:0.1698 P2:0.16975 P3:0.1698 P4:0.1698 STATE:IDLE
[2026-06-03 02:44:12Z] CHK MOM:0% RANGE:0.02% UP:25% SPREAD:0.11785503% BID:0.1697 ASK:0.1699 MID:0.1698 P1:0.1698 P2:0.16975 P3:0.1698 P4:0.1698 STATE:IDLE
[2026-06-03 02:44:21Z] CHK MOM:0% RANGE:0% UP:0% SPREAD:0.11785503% BID:0.1697 ASK:0.1699 MID:0.1698 P1:0.1698 P2:0.1698 P3:0.16975 P4:0.1698 STATE:IDLE
[2026-06-03 02:44:21Z] CHK MOM:0% RANGE:0% UP:0% SPREAD:0.11785503% BID:0.1697 ASK:0.1699 MID:0.1698 P1:0.1698 P2:0.1698 P3:0.16975 P4:0.1698 STATE:IDLE
[2026-06-03 02:44:22Z] CHK MOM:0% RANGE:0% UP:0% SPREAD:0.11785503% BID:0.1697 ASK:0.1699 MID:0.1698 P1:0.1698 P2:0.1698 P3:0.16975 P4:0.1698 STATE:IDLE
[2026-06-03 02:44:22Z] CHK MOM:0% RANGE:0% UP:0% SPREAD:0.11785503% BID:0.1697 ASK:0.1699 MID:0.1698 P1:0.1698 P2:0.1698 P3:0.16975 P4:0.1698 STATE:IDLE
[2026-06-03 02:44:23Z] CHK MOM:0% RANGE:0% UP:0% SPREAD:0.11785503% BID:0.1697 ASK:0.1699 MID:0.1698 P1:0.1698 P2:0.1698 P3:0.16975 P4:0.1698 STATE:IDLE
[2026-06-03 02:44:28Z] CHK MOM:0.08% RANGE:0.08% UP:100% SPREAD:0.05885815% BID:0.1699 ASK:0.17 MID:0.16995 P1:0.16995 P2:0.1698 P3:0.1698 P4:0.16975 STATE:IDLE
[2026-06-03 02:44:29Z] CHK MOM:0.08% RANGE:0.08% UP:50% SPREAD:0.05885815% BID:0.1699 ASK:0.17 MID:0.16995 P1:0.16995 P2:0.16995 P3:0.1698 P4:0.1698 STATE:IDLE
[2026-06-03 02:44:29Z] CHK MOM:0.08% RANGE:0.08% UP:50% SPREAD:0.05885815% BID:0.1699 ASK:0.17 MID:0.16995 P1:0.16995 P2:0.16995 P3:0.1698 P4:0.1698 STATE:IDLE
[2026-06-03 02:44:30Z] CHK MOM:0.08% RANGE:0.08% UP:50% SPREAD:0.05885815% BID:0.1699 ASK:0.17 MID:0.16995 P1:0.16995 P2:0.16995 P3:0.1698 P4:0.1698 STATE:IDLE
[2026-06-03 02:44:30Z] CHK MOM:0.11% RANGE:0.11% UP:66.66% SPREAD:0.1177163% BID:0.1699 ASK:0.1701 MID:0.16999999 P1:0.16999999 P2:0.16995 P3:0.16995 P4:0.1698 STATE:IDLE
[2026-06-03 02:44:31Z] CHK MOM:0.11% RANGE:0.11% UP:66.66% SPREAD:0.1177163% BID:0.1699 ASK:0.1701 MID:0.16999999 P1:0.16999999 P2:0.16995 P3:0.16995 P4:0.1698 STATE:IDLE
[2026-06-03 02:44:31Z] CHK MOM:0.11% RANGE:0.11% UP:66.66% SPREAD:0.1177163% BID:0.1699 ASK:0.1701 MID:0.16999999 P1:0.16999999 P2:0.16995 P3:0.16995 P4:0.1698 STATE:IDLE
[2026-06-03 02:44:32Z] CHK MOM:0.14% RANGE:0.14% UP:75% SPREAD:0.05882352% BID:0.17 ASK:0.1701 MID:0.17005 P1:0.17005 P2:0.16999999 P3:0.16995 P4:0.16995 STATE:IDLE
[2026-06-03 02:44:32Z] CHK MOM:0.02% RANGE:0.05% UP:50% SPREAD:0.1177163% BID:0.1699 ASK:0.1701 MID:0.16999999 P1:0.16999999 P2:0.17005 P3:0.16999999 P4:0.16995 STATE:IDLE
[2026-06-03 02:44:33Z] CHK MOM:0.02% RANGE:0.05% UP:50% SPREAD:0.1177163% BID:0.1699 ASK:0.1701 MID:0.16999999 P1:0.16999999 P2:0.17005 P3:0.16999999 P4:0.16995 STATE:IDLE
[2026-06-03 02:44:34Z] CHK MOM:0.02% RANGE:0.05% UP:40% SPREAD:0.1177163% BID:0.1699 ASK:0.1701 MID:0.16999999 P1:0.16999999 P2:0.16999999 P3:0.17005 P4:0.16999999 STATE:IDLE
[2026-06-03 02:44:35Z] CHK MOM:0.02% RANGE:0.05% UP:40% SPREAD:0.1177163% BID:0.1699 ASK:0.1701 MID:0.16999999 P1:0.16999999 P2:0.16999999 P3:0.17005 P4:0.16999999 STATE:IDLE
[2026-06-03 02:44:35Z] CHK MOM:0.02% RANGE:0.05% UP:40% SPREAD:0.1177163% BID:0.1699 ASK:0.1701 MID:0.16999999 P1:0.16999999 P2:0.16999999 P3:0.17005 P4:0.16999999 STATE:IDLE
[2026-06-03 02:44:36Z] CHK MOM:0.02% RANGE:0.05% UP:40% SPREAD:0.1177163% BID:0.1699 ASK:0.1701 MID:0.16999999 P1:0.16999999 P2:0.16999999 P3:0.17005 P4:0.16999999 STATE:IDLE
[2026-06-03 02:44:38Z] CHK MOM:0.05% RANGE:0.05% UP:50% SPREAD:0.05882352% BID:0.17 ASK:0.1701 MID:0.17005 P1:0.17005 P2:0.16999999 P3:0.16999999 P4:0.17005 STATE:IDLE
[2026-06-03 02:44:40Z] CHK MOM:0.05% RANGE:0.05% UP:50% SPREAD:0.05882352% BID:0.17 ASK:0.1701 MID:0.17005 P1:0.17005 P2:0.16999999 P3:0.16999999 P4:0.17005 STATE:IDLE
[2026-06-03 02:44:40Z] CHK MOM:0.05% RANGE:0.05% UP:50% SPREAD:0.05882352% BID:0.17 ASK:0.1701 MID:0.17005 P1:0.17005 P2:0.16999999 P3:0.16999999 P4:0.17005 STATE:IDLE
[2026-06-03 02:44:41Z] CHK MOM:0.05% RANGE:0.05% UP:50% SPREAD:0.05882352% BID:0.17 ASK:0.1701 MID:0.17005 P1:0.17005 P2:0.16999999 P3:0.16999999 P4:0.17005 STATE:IDLE
[2026-06-03 02:44:43Z] CHK MOM:-0.02% RANGE:0.02% UP:25% SPREAD:0.1177163% BID:0.1699 ASK:0.1701 MID:0.16999999 P1:0.16999999 P2:0.17005 P3:0.16999999 P4:0.16999999 STATE:IDLE
[2026-06-03 02:44:44Z] CHK MOM:-0.02% RANGE:0.02% UP:25% SPREAD:0.1177163% BID:0.1699 ASK:0.1701 MID:0.16999999 P1:0.16999999 P2:0.17005 P3:0.16999999 P4:0.16999999 STATE:IDLE
[2026-06-03 02:44:45Z] CHK MOM:-0.02% RANGE:0.02% UP:25% SPREAD:0.1177163% BID:0.1699 ASK:0.1701 MID:0.16999999 P1:0.16999999 P2:0.17005 P3:0.16999999 P4:0.16999999 STATE:IDLE
[2026-06-03 02:44:45Z] CHK MOM:-0.02% RANGE:0.02% UP:25% SPREAD:0.1177163% BID:0.1699 ASK:0.1701 MID:0.16999999 P1:0.16999999 P2:0.17005 P3:0.16999999 P4:0.16999999 STATE:IDLE
[2026-06-03 02:44:46Z] CHK MOM:-0.02% RANGE:0.02% UP:25% SPREAD:0.1177163% BID:0.1699 ASK:0.1701 MID:0.16999999 P1:0.16999999 P2:0.17005 P3:0.16999999 P4:0.16999999 STATE:IDLE
[2026-06-03 02:44:46Z] CHK MOM:0% RANGE:0.02% UP:50% SPREAD:0.05882352% BID:0.17 ASK:0.1701 MID:0.17005 P1:0.17005 P2:0.16999999 P3:0.17005 P4:0.16999999 STATE:IDLE
[2026-06-03 02:44:47Z] CHK MOM:0% RANGE:0.02% UP:50% SPREAD:0.05882352% BID:0.17 ASK:0.1701 MID:0.17005 P1:0.17005 P2:0.16999999 P3:0.17005 P4:0.16999999 STATE:IDLE
[2026-06-03 02:44:47Z] CHK MOM:0% RANGE:0.02% UP:50% SPREAD:0.05882352% BID:0.17 ASK:0.1701 MID:0.17005 P1:0.17005 P2:0.16999999 P3:0.17005 P4:0.16999999 STATE:IDLE
[2026-06-03 02:44:48Z] CHK MOM:0% RANGE:0.02% UP:50% SPREAD:0.05882352% BID:0.17 ASK:0.1701 MID:0.17005 P1:0.17005 P2:0.16999999 P3:0.17005 P4:0.16999999 STATE:IDLE
[2026-06-03 02:44:48Z] CHK MOM:0% RANGE:0.02% UP:50% SPREAD:0.05882352% BID:0.17 ASK:0.1701 MID:0.17005 P1:0.17005 P2:0.16999999 P3:0.17005 P4:0.16999999 STATE:IDLE
[2026-06-03 02:44:49Z] CHK MOM:-0.02% RANGE:0.02% UP:33.33% SPREAD:0.1177163% BID:0.1699 ASK:0.1701 MID:0.16999999 P1:0.16999999 P2:0.17005 P3:0.16999999 P4:0.17005 STATE:IDLE
[2026-06-03 02:44:49Z] CHK MOM:0% RANGE:0.02% UP:50% SPREAD:0.05882352% BID:0.17 ASK:0.1701 MID:0.17005 P1:0.17005 P2:0.16999999 P3:0.17005 P4:0.16999999 STATE:IDLE
[2026-06-03 02:44:50Z] CHK MOM:0% RANGE:0.02% UP:50% SPREAD:0.05882352% BID:0.17 ASK:0.1701 MID:0.17005 P1:0.17005 P2:0.16999999 P3:0.17005 P4:0.16999999 STATE:IDLE
[2026-06-03 02:44:51Z] CHK MOM:0% RANGE:0.02% UP:50% SPREAD:0.05882352% BID:0.17 ASK:0.1701 MID:0.17005 P1:0.17005 P2:0.16999999 P3:0.17005 P4:0.16999999 STATE:IDLE
[2026-06-03 02:44:51Z] CHK MOM:0% RANGE:0.02% UP:50% SPREAD:0.05882352% BID:0.17 ASK:0.1701 MID:0.17005 P1:0.17005 P2:0.16999999 P3:0.17005 P4:0.16999999 STATE:IDLE
[2026-06-03 02:44:52Z] CHK MOM:0% RANGE:0.02% UP:50% SPREAD:0.05882352% BID:0.17 ASK:0.1701 MID:0.17005 P1:0.17005 P2:0.16999999 P3:0.17005 P4:0.16999999 STATE:IDLE
[2026-06-03 02:44:56Z] CHK MOM:0.05% RANGE:0.08% UP:66.66% SPREAD:0.05878894% BID:0.1701 ASK:0.1702 MID:0.17015 P1:0.17015 P2:0.17005 P3:0.16999999 P4:0.17005 STATE:IDLE
[2026-06-03 02:44:57Z] CHK MOM:0.05% RANGE:0.08% UP:66.66% SPREAD:0.05878894% BID:0.1701 ASK:0.1702 MID:0.17015 P1:0.17015 P2:0.17005 P3:0.16999999 P4:0.17005 STATE:IDLE
[2026-06-03 02:44:57Z] CHK MOM:0.05% RANGE:0.08% UP:66.66% SPREAD:0.05878894% BID:0.1701 ASK:0.1702 MID:0.17015 P1:0.17015 P2:0.17005 P3:0.16999999 P4:0.17005 STATE:IDLE
[2026-06-03 02:44:58Z] CHK MOM:0.05% RANGE:0.08% UP:66.66% SPREAD:0.05878894% BID:0.1701 ASK:0.1702 MID:0.17015 P1:0.17015 P2:0.17005 P3:0.16999999 P4:0.17005 STATE:IDLE
[2026-06-03 02:44:58Z] CHK MOM:0.05% RANGE:0.08% UP:66.66% SPREAD:0.05878894% BID:0.1701 ASK:0.1702 MID:0.17015 P1:0.17015 P2:0.17005 P3:0.16999999 P4:0.17005 STATE:IDLE
[2026-06-03 02:45:04Z] CHK MOM:0.02% RANGE:0.02% UP:100% SPREAD:0.11757789% BID:0.1701 ASK:0.1703 MID:0.1702 P1:0.1702 P2:0.17015 P3:0.17005 P4:0.16999999 STATE:IDLE
[2026-06-03 02:45:04Z] CHK MOM:0.02% RANGE:0.02% UP:100% SPREAD:0.11757789% BID:0.1701 ASK:0.1703 MID:0.1702 P1:0.1702 P2:0.17015 P3:0.17005 P4:0.16999999 STATE:IDLE
[2026-06-03 02:45:05Z] CHK MOM:0.02% RANGE:0.02% UP:100% SPREAD:0.11757789% BID:0.1701 ASK:0.1703 MID:0.1702 P1:0.1702 P2:0.17015 P3:0.17005 P4:0.16999999 STATE:IDLE
[2026-06-03 02:45:05Z] CHK MOM:0.05% RANGE:0.05% UP:100% SPREAD:0.0587544% BID:0.1702 ASK:0.1703 MID:0.17025 P1:0.17025 P2:0.1702 P3:0.17015 P4:0.17005 STATE:IDLE
[2026-06-03 02:45:06Z] CHK MOM:0.05% RANGE:0.05% UP:100% SPREAD:0.0587544% BID:0.1702 ASK:0.1703 MID:0.17025 P1:0.17025 P2:0.1702 P3:0.17015 P4:0.17005 STATE:IDLE
[2026-06-03 02:45:06Z] CHK MOM:-0.02% RANGE:0.08% UP:66.66% SPREAD:0.11764705% BID:0.17 ASK:0.1702 MID:0.1701 P1:0.1701 P2:0.17025 P3:0.1702 P4:0.17015 STATE:IDLE
[2026-06-03 02:45:07Z] CHK MOM:-0.02% RANGE:0.08% UP:66.66% SPREAD:0.11764705% BID:0.17 ASK:0.1702 MID:0.1701 P1:0.1701 P2:0.17025 P3:0.1702 P4:0.17015 STATE:IDLE
[2026-06-03 02:45:07Z] CHK MOM:-0.14% RANGE:0.2% UP:50% SPREAD:0.11778563% BID:0.1698 ASK:0.17 MID:0.1699 P1:0.1699 P2:0.1701 P3:0.17025 P4:0.1702 STATE:IDLE
[2026-06-03 02:45:08Z] CHK MOM:-0.14% RANGE:0.2% UP:50% SPREAD:0.11778563% BID:0.1698 ASK:0.17 MID:0.1699 P1:0.1699 P2:0.1701 P3:0.17025 P4:0.1702 STATE:IDLE
[2026-06-03 02:45:08Z] CHK MOM:-0.14% RANGE:0.2% UP:50% SPREAD:0.11778563% BID:0.1698 ASK:0.17 MID:0.1699 P1:0.1699 P2:0.1701 P3:0.17025 P4:0.1702 STATE:IDLE
[2026-06-03 02:45:09Z] CHK MOM:-0.17% RANGE:0.2% UP:25% SPREAD:0.11778563% BID:0.1698 ASK:0.17 MID:0.1699 P1:0.1699 P2:0.1699 P3:0.1701 P4:0.17025 STATE:IDLE
[2026-06-03 02:45:10Z] CHK MOM:-0.14% RANGE:0.2% UP:40% SPREAD:0.17667844% BID:0.1698 ASK:0.1701 MID:0.16995 P1:0.16995 P2:0.1699 P3:0.1699 P4:0.1701 STATE:IDLE
[2026-06-03 02:45:10Z] CHK MOM:-0.14% RANGE:0.2% UP:33.33% SPREAD:0.17667844% BID:0.1698 ASK:0.1701 MID:0.16995 P1:0.16995 P2:0.16995 P3:0.1699 P4:0.1699 STATE:IDLE
[2026-06-03 02:45:11Z] CHK MOM:-0.14% RANGE:0.2% UP:28.57% SPREAD:0.17667844% BID:0.1698 ASK:0.1701 MID:0.16995 P1:0.16995 P2:0.16995 P3:0.16995 P4:0.1699 STATE:IDLE
[2026-06-03 02:45:11Z] CHK MOM:-0.14% RANGE:0.2% UP:28.57% SPREAD:0.17667844% BID:0.1698 ASK:0.1701 MID:0.16995 P1:0.16995 P2:0.16995 P3:0.16995 P4:0.1699 STATE:IDLE
[2026-06-03 02:45:12Z] CHK MOM:-0.17% RANGE:0.2% UP:25% SPREAD:0.11778563% BID:0.1698 ASK:0.17 MID:0.1699 P1:0.1699 P2:0.16995 P3:0.16995 P4:0.16995 STATE:IDLE
[2026-06-03 02:45:12Z] CHK MOM:-0.17% RANGE:0.2% UP:25% SPREAD:0.11778563% BID:0.1698 ASK:0.17 MID:0.1699 P1:0.1699 P2:0.16995 P3:0.16995 P4:0.16995 STATE:IDLE
[2026-06-03 02:45:13Z] CHK MOM:-0.17% RANGE:0.2% UP:25% SPREAD:0.11778563% BID:0.1698 ASK:0.17 MID:0.1699 P1:0.1699 P2:0.16995 P3:0.16995 P4:0.16995 STATE:IDLE
[2026-06-03 02:45:13Z] CHK MOM:-0.17% RANGE:0.2% UP:25% SPREAD:0.11778563% BID:0.1698 ASK:0.17 MID:0.1699 P1:0.1699 P2:0.16995 P3:0.16995 P4:0.16995 STATE:IDLE
[2026-06-03 02:45:14Z] CHK MOM:-0.17% RANGE:0.2% UP:22.22% SPREAD:0.11778563% BID:0.1698 ASK:0.17 MID:0.1699 P1:0.1699 P2:0.1699 P3:0.16995 P4:0.16995 STATE:IDLE
[2026-06-03 02:45:15Z] CHK MOM:-0.17% RANGE:0.2% UP:22.22% SPREAD:0.11778563% BID:0.1698 ASK:0.17 MID:0.1699 P1:0.1699 P2:0.1699 P3:0.16995 P4:0.16995 STATE:IDLE
[2026-06-03 02:45:15Z] CHK MOM:-0.17% RANGE:0.2% UP:22.22% SPREAD:0.17667844% BID:0.1698 ASK:0.1701 MID:0.16995 P1:0.16995 P2:0.1699 P3:0.1699 P4:0.16995 STATE:IDLE
[2026-06-03 02:45:16Z] CHK MOM:-0.11% RANGE:0.2% UP:30% SPREAD:0.17657445% BID:0.1699 ASK:0.1702 MID:0.17004999 P1:0.17004999 P2:0.16995 P3:0.1699 P4:0.1699 STATE:IDLE
[2026-06-03 02:45:16Z] CHK MOM:-0.11% RANGE:0.2% UP:27.27% SPREAD:0.17657445% BID:0.1699 ASK:0.1702 MID:0.17004999 P1:0.17004999 P2:0.17004999 P3:0.16995 P4:0.1699 STATE:IDLE
[2026-06-03 02:45:17Z] CHK MOM:-0.08% RANGE:0.2% UP:33.33% SPREAD:0.11764705% BID:0.17 ASK:0.1702 MID:0.1701 P1:0.1701 P2:0.17004999 P3:0.17004999 P4:0.16995 STATE:IDLE
[2026-06-03 02:45:17Z] CHK MOM:-0.08% RANGE:0.2% UP:33.33% SPREAD:0.11764705% BID:0.17 ASK:0.1702 MID:0.1701 P1:0.1701 P2:0.17004999 P3:0.17004999 P4:0.16995 STATE:IDLE
[2026-06-03 02:45:18Z] CHK MOM:0% RANGE:0.11% UP:33.33% SPREAD:0.11764705% BID:0.17 ASK:0.1702 MID:0.1701 P1:0.1701 P2:0.1701 P3:0.17004999 P4:0.17004999 STATE:IDLE
[2026-06-03 02:45:18Z] CHK MOM:0% RANGE:0.11% UP:33.33% SPREAD:0.11764705% BID:0.17 ASK:0.1702 MID:0.1701 P1:0.1701 P2:0.1701 P3:0.17004999 P4:0.17004999 STATE:IDLE
[2026-06-03 02:45:19Z] CHK MOM:0% RANGE:0.11% UP:33.33% SPREAD:0.11764705% BID:0.17 ASK:0.1702 MID:0.1701 P1:0.1701 P2:0.1701 P3:0.17004999 P4:0.17004999 STATE:IDLE
[2026-06-03 02:45:19Z] CHK MOM:0.11% RANGE:0.11% UP:33.33% SPREAD:0.11764705% BID:0.17 ASK:0.1702 MID:0.1701 P1:0.1701 P2:0.1701 P3:0.1701 P4:0.17004999 STATE:IDLE
[2026-06-03 02:45:20Z] CHK MOM:0.11% RANGE:0.11% UP:33.33% SPREAD:0.11764705% BID:0.17 ASK:0.1702 MID:0.1701 P1:0.1701 P2:0.1701 P3:0.1701 P4:0.17004999 STATE:IDLE
[2026-06-03 02:45:21Z] CHK MOM:0.11% RANGE:0.11% UP:33.33% SPREAD:0.11764705% BID:0.17 ASK:0.1702 MID:0.1701 P1:0.1701 P2:0.1701 P3:0.1701 P4:0.17004999 STATE:IDLE
[2026-06-03 02:45:21Z] CHK MOM:0.11% RANGE:0.11% UP:33.33% SPREAD:0.11764705% BID:0.17 ASK:0.1702 MID:0.1701 P1:0.1701 P2:0.1701 P3:0.1701 P4:0.17004999 STATE:IDLE
[2026-06-03 02:45:22Z] CHK MOM:0.08% RANGE:0.11% UP:30% SPREAD:0.11764705% BID:0.17 ASK:0.1702 MID:0.1701 P1:0.1701 P2:0.1701 P3:0.1701 P4:0.1701 STATE:IDLE
[2026-06-03 02:45:22Z] CHK MOM:0.08% RANGE:0.11% UP:27.27% SPREAD:0.11764705% BID:0.17 ASK:0.1702 MID:0.1701 P1:0.1701 P2:0.1701 P3:0.1701 P4:0.1701 STATE:IDLE
[2026-06-03 02:45:23Z] CHK MOM:0.11% RANGE:0.14% UP:36.36% SPREAD:0.05878894% BID:0.1701 ASK:0.1702 MID:0.17015 P1:0.17015 P2:0.1701 P3:0.1701 P4:0.1701 STATE:IDLE
[2026-06-03 02:45:23Z] CHK MOM:0.17% RANGE:0.17% UP:45.45% SPREAD:0.11757789% BID:0.1701 ASK:0.1703 MID:0.1702 P1:0.1702 P2:0.17015 P3:0.1701 P4:0.1701 STATE:IDLE
[2026-06-03 02:45:24Z] CHK MOM:0.17% RANGE:0.17% UP:41.66% SPREAD:0.11757789% BID:0.1701 ASK:0.1703 MID:0.1702 P1:0.1702 P2:0.1702 P3:0.17015 P4:0.1701 STATE:IDLE
[2026-06-03 02:45:24Z] CHK MOM:0.17% RANGE:0.17% UP:41.66% SPREAD:0.11757789% BID:0.1701 ASK:0.1703 MID:0.1702 P1:0.1702 P2:0.1702 P3:0.1702 P4:0.17015 STATE:IDLE
[2026-06-03 02:45:25Z] CHK MOM:0.2% RANGE:0.2% UP:46.15% SPREAD:0.0587544% BID:0.1702 ASK:0.1703 MID:0.17025 P1:0.17025 P2:0.1702 P3:0.1702 P4:0.1702 STATE:IDLE
[2026-06-03 02:45:26Z] CHK MOM:0.2% RANGE:0.2% UP:46.15% SPREAD:0.0587544% BID:0.1702 ASK:0.1703 MID:0.17025 P1:0.17025 P2:0.1702 P3:0.1702 P4:0.1702 STATE:IDLE
[2026-06-03 02:45:26Z] CHK MOM:0.14% RANGE:0.17% UP:38.46% SPREAD:0.11757789% BID:0.1701 ASK:0.1703 MID:0.1702 P1:0.1702 P2:0.17025 P3:0.1702 P4:0.1702 STATE:IDLE
[2026-06-03 02:45:27Z] CHK MOM:0.14% RANGE:0.17% UP:38.46% SPREAD:0.11757789% BID:0.1701 ASK:0.1703 MID:0.1702 P1:0.1702 P2:0.17025 P3:0.1702 P4:0.1702 STATE:IDLE
[2026-06-03 02:45:27Z] CHK MOM:0.14% RANGE:0.17% UP:38.46% SPREAD:0.11757789% BID:0.1701 ASK:0.1703 MID:0.1702 P1:0.1702 P2:0.17025 P3:0.1702 P4:0.1702 STATE:IDLE
[2026-06-03 02:45:28Z] CHK MOM:0.14% RANGE:0.17% UP:38.46% SPREAD:0.11757789% BID:0.1701 ASK:0.1703 MID:0.1702 P1:0.1702 P2:0.17025 P3:0.1702 P4:0.1702 STATE:IDLE
[2026-06-03 02:45:28Z] CHK MOM:0.14% RANGE:0.17% UP:38.46% SPREAD:0.11757789% BID:0.1701 ASK:0.1703 MID:0.1702 P1:0.1702 P2:0.17025 P3:0.1702 P4:0.1702 STATE:IDLE
[2026-06-03 02:45:29Z] CHK MOM:0.14% RANGE:0.17% UP:38.46% SPREAD:0.11757789% BID:0.1701 ASK:0.1703 MID:0.1702 P1:0.1702 P2:0.17025 P3:0.1702 P4:0.1702 STATE:IDLE
[2026-06-03 02:45:34Z] CHK MOM:0.14% RANGE:0.14% UP:57.14% SPREAD:0.0587199% BID:0.1703 ASK:0.1704 MID:0.17035 P1:0.17035 P2:0.1702 P3:0.17025 P4:0.1702 STATE:IDLE
[2026-06-03 02:45:35Z] CHK MOM:0.14% RANGE:0.14% UP:57.14% SPREAD:0.0587199% BID:0.1703 ASK:0.1704 MID:0.17035 P1:0.17035 P2:0.1702 P3:0.17025 P4:0.1702 STATE:IDLE
[2026-06-03 02:45:35Z] CHK MOM:0.14% RANGE:0.14% UP:57.14% SPREAD:0.0587199% BID:0.1703 ASK:0.1704 MID:0.17035 P1:0.17035 P2:0.1702 P3:0.17025 P4:0.1702 STATE:IDLE
[2026-06-03 02:45:36Z] CHK MOM:0.14% RANGE:0.14% UP:57.14% SPREAD:0.0587199% BID:0.1703 ASK:0.1704 MID:0.17035 P1:0.17035 P2:0.1702 P3:0.17025 P4:0.1702 STATE:IDLE
[2026-06-03 02:45:36Z] CHK MOM:0.14% RANGE:0.14% UP:57.14% SPREAD:0.0587199% BID:0.1703 ASK:0.1704 MID:0.17035 P1:0.17035 P2:0.1702 P3:0.17025 P4:0.1702 STATE:IDLE
[2026-06-03 02:45:37Z] CHK MOM:0.02% RANGE:0.08% UP:33.33% SPREAD:0.11750881% BID:0.1702 ASK:0.1704 MID:0.1703 P1:0.1703 P2:0.17035 P3:0.1702 P4:0.17025 STATE:IDLE
[2026-06-03 02:45:37Z] CHK MOM:0.02% RANGE:0.08% UP:33.33% SPREAD:0.11750881% BID:0.1702 ASK:0.1704 MID:0.1703 P1:0.1703 P2:0.17035 P3:0.1702 P4:0.17025 STATE:IDLE
[2026-06-03 02:45:38Z] CHK MOM:0.02% RANGE:0.08% UP:33.33% SPREAD:0.11750881% BID:0.1702 ASK:0.1704 MID:0.1703 P1:0.1703 P2:0.17035 P3:0.1702 P4:0.17025 STATE:IDLE
[2026-06-03 02:45:38Z] CHK MOM:0.02% RANGE:0.08% UP:33.33% SPREAD:0.11750881% BID:0.1702 ASK:0.1704 MID:0.1703 P1:0.1703 P2:0.17035 P3:0.1702 P4:0.17025 STATE:IDLE
[2026-06-03 02:45:39Z] CHK MOM:0.02% RANGE:0.08% UP:33.33% SPREAD:0.11750881% BID:0.1702 ASK:0.1704 MID:0.1703 P1:0.1703 P2:0.17035 P3:0.1702 P4:0.17025 STATE:IDLE
[2026-06-03 02:45:40Z] CHK MOM:0.02% RANGE:0.08% UP:33.33% SPREAD:0.11750881% BID:0.1702 ASK:0.1704 MID:0.1703 P1:0.1703 P2:0.17035 P3:0.1702 P4:0.17025 STATE:IDLE
[2026-06-03 02:45:40Z] CHK MOM:0.08% RANGE:0.11% UP:50% SPREAD:0.11737089% BID:0.1704 ASK:0.1706 MID:0.17049999 P1:0.17049999 P2:0.1703 P3:0.17035 P4:0.1702 STATE:IDLE
[2026-06-03 02:45:41Z] CHK MOM:0.08% RANGE:0.11% UP:50% SPREAD:0.11737089% BID:0.1704 ASK:0.1706 MID:0.17049999 P1:0.17049999 P2:0.1703 P3:0.17035 P4:0.1702 STATE:IDLE
[2026-06-03 02:45:41Z] CHK MOM:0.14% RANGE:0.17% UP:66.66% SPREAD:0.11730205% BID:0.1705 ASK:0.1707 MID:0.1706 P1:0.1706 P2:0.17049999 P3:0.1703 P4:0.17035 STATE:IDLE
[2026-06-03 02:45:42Z] CHK MOM:0.14% RANGE:0.17% UP:66.66% SPREAD:0.11730205% BID:0.1705 ASK:0.1707 MID:0.1706 P1:0.1706 P2:0.17049999 P3:0.1703 P4:0.17035 STATE:IDLE
[2026-06-03 02:45:42Z] CHK MOM:0.14% RANGE:0.17% UP:66.66% SPREAD:0.11730205% BID:0.1705 ASK:0.1707 MID:0.1706 P1:0.1706 P2:0.17049999 P3:0.1703 P4:0.17035 STATE:IDLE
[2026-06-03 02:45:43Z] CHK MOM:0.14% RANGE:0.17% UP:66.66% SPREAD:0.11730205% BID:0.1705 ASK:0.1707 MID:0.1706 P1:0.1706 P2:0.17049999 P3:0.1703 P4:0.17035 STATE:IDLE
[2026-06-03 02:45:43Z] CHK MOM:0.14% RANGE:0.17% UP:50% SPREAD:0.11730205% BID:0.1705 ASK:0.1707 MID:0.1706 P1:0.1706 P2:0.1706 P3:0.17049999 P4:0.1703 STATE:IDLE
[2026-06-03 02:45:44Z] CHK MOM:0.14% RANGE:0.17% UP:50% SPREAD:0.11730205% BID:0.1705 ASK:0.1707 MID:0.1706 P1:0.1706 P2:0.1706 P3:0.17049999 P4:0.1703 STATE:IDLE
[2026-06-03 02:45:44Z] CHK MOM:0.14% RANGE:0.17% UP:50% SPREAD:0.11730205% BID:0.1705 ASK:0.1707 MID:0.1706 P1:0.1706 P2:0.1706 P3:0.17049999 P4:0.1703 STATE:IDLE
[2026-06-03 02:45:45Z] CHK MOM:0.14% RANGE:0.17% UP:50% SPREAD:0.11730205% BID:0.1705 ASK:0.1707 MID:0.1706 P1:0.1706 P2:0.1706 P3:0.17049999 P4:0.1703 STATE:IDLE
[2026-06-03 02:45:46Z] CHK MOM:0.14% RANGE:0.17% UP:50% SPREAD:0.11730205% BID:0.1705 ASK:0.1707 MID:0.1706 P1:0.1706 P2:0.1706 P3:0.17049999 P4:0.1703 STATE:IDLE
[2026-06-03 02:45:47Z] CHK MOM:0.17% RANGE:0.17% UP:50% SPREAD:0.11730205% BID:0.1705 ASK:0.1707 MID:0.1706 P1:0.1706 P2:0.1706 P3:0.1706 P4:0.17049999 STATE:IDLE
[2026-06-03 02:45:48Z] CHK MOM:0.14% RANGE:0.17% UP:40% SPREAD:0.17605633% BID:0.1704 ASK:0.1707 MID:0.17054999 P1:0.17054999 P2:0.1706 P3:0.1706 P4:0.1706 STATE:IDLE
[2026-06-03 02:45:48Z] CHK MOM:0.14% RANGE:0.17% UP:40% SPREAD:0.17605633% BID:0.1704 ASK:0.1707 MID:0.17054999 P1:0.17054999 P2:0.1706 P3:0.1706 P4:0.1706 STATE:IDLE
[2026-06-03 02:45:49Z] CHK MOM:0.14% RANGE:0.17% UP:40% SPREAD:0.17605633% BID:0.1704 ASK:0.1707 MID:0.17054999 P1:0.17054999 P2:0.1706 P3:0.1706 P4:0.1706 STATE:IDLE
[2026-06-03 02:45:49Z] CHK MOM:0.14% RANGE:0.17% UP:40% SPREAD:0.17605633% BID:0.1704 ASK:0.1707 MID:0.17054999 P1:0.17054999 P2:0.1706 P3:0.1706 P4:0.1706 STATE:IDLE
[2026-06-03 02:45:50Z] CHK MOM:0.02% RANGE:0.05% UP:20% SPREAD:0.17605633% BID:0.1704 ASK:0.1707 MID:0.17054999 P1:0.17054999 P2:0.17054999 P3:0.1706 P4:0.1706 STATE:IDLE
[2026-06-03 02:45:51Z] CHK MOM:0.02% RANGE:0.05% UP:20% SPREAD:0.17605633% BID:0.1704 ASK:0.1707 MID:0.17054999 P1:0.17054999 P2:0.17054999 P3:0.1706 P4:0.1706 STATE:IDLE
[2026-06-03 02:45:51Z] CHK MOM:0.02% RANGE:0.05% UP:16.66% SPREAD:0.17605633% BID:0.1704 ASK:0.1707 MID:0.17054999 P1:0.17054999 P2:0.17054999 P3:0.17054999 P4:0.1706 STATE:IDLE
[2026-06-03 02:45:52Z] CHK MOM:0.05% RANGE:0.05% UP:28.57% SPREAD:0.11730205% BID:0.1705 ASK:0.1707 MID:0.1706 P1:0.1706 P2:0.17054999 P3:0.17054999 P4:0.17054999 STATE:IDLE
[2026-06-03 02:45:52Z] CHK MOM:0.05% RANGE:0.05% UP:28.57% SPREAD:0.11730205% BID:0.1705 ASK:0.1707 MID:0.1706 P1:0.1706 P2:0.17054999 P3:0.17054999 P4:0.17054999 STATE:IDLE
[2026-06-03 02:45:53Z] CHK MOM:0.05% RANGE:0.05% UP:28.57% SPREAD:0.11730205% BID:0.1705 ASK:0.1707 MID:0.1706 P1:0.1706 P2:0.17054999 P3:0.17054999 P4:0.17054999 STATE:IDLE
[2026-06-03 02:45:53Z] CHK MOM:0.05% RANGE:0.05% UP:28.57% SPREAD:0.11730205% BID:0.1705 ASK:0.1707 MID:0.1706 P1:0.1706 P2:0.17054999 P3:0.17054999 P4:0.17054999 STATE:IDLE
[2026-06-03 02:45:54Z] CHK MOM:0.05% RANGE:0.05% UP:28.57% SPREAD:0.11730205% BID:0.1705 ASK:0.1707 MID:0.1706 P1:0.1706 P2:0.17054999 P3:0.17054999 P4:0.17054999 STATE:IDLE
[2026-06-03 02:45:54Z] CHK MOM:0.05% RANGE:0.05% UP:28.57% SPREAD:0.11730205% BID:0.1705 ASK:0.1707 MID:0.1706 P1:0.1706 P2:0.17054999 P3:0.17054999 P4:0.17054999 STATE:IDLE
[2026-06-03 02:45:57Z] CHK MOM:0% RANGE:0.02% UP:20% SPREAD:0.11730205% BID:0.1705 ASK:0.1707 MID:0.1706 P1:0.1706 P2:0.1706 P3:0.17054999 P4:0.17054999 STATE:IDLE
[2026-06-03 02:45:57Z] CHK MOM:0% RANGE:0.02% UP:20% SPREAD:0.11730205% BID:0.1705 ASK:0.1707 MID:0.1706 P1:0.1706 P2:0.1706 P3:0.17054999 P4:0.17054999 STATE:IDLE
[2026-06-03 02:45:58Z] CHK MOM:0% RANGE:0.02% UP:20% SPREAD:0.11730205% BID:0.1705 ASK:0.1707 MID:0.1706 P1:0.1706 P2:0.1706 P3:0.17054999 P4:0.17054999 STATE:IDLE
[2026-06-03 02:45:58Z] CHK MOM:0% RANGE:0.02% UP:20% SPREAD:0.11730205% BID:0.1705 ASK:0.1707 MID:0.1706 P1:0.1706 P2:0.1706 P3:0.17054999 P4:0.17054999 STATE:IDLE
[2026-06-03 02:45:59Z] CHK MOM:0% RANGE:0.02% UP:20% SPREAD:0.11730205% BID:0.1705 ASK:0.1707 MID:0.1706 P1:0.1706 P2:0.1706 P3:0.17054999 P4:0.17054999 STATE:IDLE
[2026-06-03 02:46:06Z] CHK MOM:-0.02% RANGE:0.02% UP:0% SPREAD:0.17605633% BID:0.1704 ASK:0.1707 MID:0.17054999 P1:0.17054999 P2:0.1706 P3:0.1706 P4:0.17054999 STATE:IDLE
[2026-06-03 02:46:06Z] TOKEN_SWITCH old=ALLOUSDC new=APEUSDC source=.service.env
