[2026-06-03 00:00:07Z] SESSION_START symbol=NEARUSDC dry_run=0 profile=major strategy=momentum base_url=https://api.binance.com
[2026-06-03 00:00:07Z] TOXIC_MEMORY_LOADED count=1 symbols=ORDIUSDC
[2026-06-03 00:00:10Z] CHK MOM:0% RANGE:0% UP:0% SPREAD:0.07619047% BID:2.625 ASK:2.627 MID:2.626 P1:2.626 P2:NA P3:NA P4:NA STATE:IDLE
[2026-06-03 00:00:10Z] CHK MOM:0.03% RANGE:0.03% UP:100% SPREAD:0.07616146% BID:2.626 ASK:2.628 MID:2.627 P1:2.627 P2:2.626 P3:NA P4:NA STATE:IDLE
[2026-06-03 00:00:11Z] CHK MOM:0.03% RANGE:0.03% UP:50% SPREAD:0.07616146% BID:2.626 ASK:2.628 MID:2.627 P1:2.627 P2:2.627 P3:2.626 P4:NA STATE:IDLE
[2026-06-03 00:00:11Z] CHK MOM:0.05% RANGE:0.05% UP:66.66% SPREAD:0.03806623% BID:2.627 ASK:2.628 MID:2.6275 P1:2.6275 P2:2.627 P3:2.627 P4:2.626 STATE:IDLE
[2026-06-03 00:00:12Z] CHK MOM:0.03% RANGE:0.05% UP:50% SPREAD:0.07616146% BID:2.626 ASK:2.628 MID:2.627 P1:2.627 P2:2.6275 P3:2.627 P4:2.627 STATE:IDLE
[2026-06-03 00:00:12Z] CHK MOM:0.01% RANGE:0.05% UP:40% SPREAD:0.03808073% BID:2.626 ASK:2.627 MID:2.6265 P1:2.6265 P2:2.627 P3:2.6275 P4:2.627 STATE:IDLE
[2026-06-03 00:00:13Z] CHK MOM:0.01% RANGE:0.05% UP:33.33% SPREAD:0.03808073% BID:2.626 ASK:2.627 MID:2.6265 P1:2.6265 P2:2.6265 P3:2.627 P4:2.6275 STATE:IDLE
[2026-06-03 00:00:13Z] CHK MOM:0.01% RANGE:0.05% UP:28.57% SPREAD:0.03808073% BID:2.626 ASK:2.627 MID:2.6265 P1:2.6265 P2:2.6265 P3:2.6265 P4:2.627 STATE:IDLE
[2026-06-03 00:00:14Z] CHK MOM:0.01% RANGE:0.05% UP:25% SPREAD:0.03808073% BID:2.626 ASK:2.627 MID:2.6265 P1:2.6265 P2:2.6265 P3:2.6265 P4:2.6265 STATE:IDLE
[2026-06-03 00:00:15Z] CHK MOM:0.01% RANGE:0.05% UP:22.22% SPREAD:0.03808073% BID:2.626 ASK:2.627 MID:2.6265 P1:2.6265 P2:2.6265 P3:2.6265 P4:2.6265 STATE:IDLE
[2026-06-03 00:00:15Z] CHK MOM:0.01% RANGE:0.05% UP:22.22% SPREAD:0.03808073% BID:2.626 ASK:2.627 MID:2.6265 P1:2.6265 P2:2.6265 P3:2.6265 P4:2.6265 STATE:IDLE
[2026-06-03 00:00:16Z] CHK MOM:0.07% RANGE:0.07% UP:30% SPREAD:0.07613247% BID:2.627 ASK:2.629 MID:2.628 P1:2.628 P2:2.6265 P3:2.6265 P4:2.6265 STATE:IDLE
[2026-06-03 00:00:16Z] CHK MOM:0.09% RANGE:0.09% UP:36.36% SPREAD:0.03805175% BID:2.628 ASK:2.629 MID:2.6285 P1:2.6285 P2:2.628 P3:2.6265 P4:2.6265 STATE:IDLE
[2026-06-03 00:00:17Z] CHK MOM:0.07% RANGE:0.09% UP:33.33% SPREAD:0.07613247% BID:2.627 ASK:2.629 MID:2.628 P1:2.628 P2:2.6285 P3:2.628 P4:2.6265 STATE:IDLE
[2026-06-03 00:00:17Z] CHK MOM:0.07% RANGE:0.09% UP:30.76% SPREAD:0.07613247% BID:2.627 ASK:2.629 MID:2.628 P1:2.628 P2:2.628 P3:2.6285 P4:2.628 STATE:IDLE
[2026-06-03 00:00:18Z] CHK MOM:0.03% RANGE:0.09% UP:28.57% SPREAD:0.07616146% BID:2.626 ASK:2.628 MID:2.627 P1:2.627 P2:2.628 P3:2.628 P4:2.6285 STATE:IDLE
[2026-06-03 00:00:18Z] CHK MOM:0.01% RANGE:0.09% UP:26.66% SPREAD:0.03808073% BID:2.626 ASK:2.627 MID:2.6265 P1:2.6265 P2:2.627 P3:2.628 P4:2.628 STATE:IDLE
[2026-06-03 00:00:19Z] CHK MOM:0.01% RANGE:0.09% UP:25% SPREAD:0.03808073% BID:2.626 ASK:2.627 MID:2.6265 P1:2.6265 P2:2.6265 P3:2.627 P4:2.628 STATE:IDLE
[2026-06-03 00:00:19Z] CHK MOM:0.01% RANGE:0.09% UP:23.52% SPREAD:0.03808073% BID:2.626 ASK:2.627 MID:2.6265 P1:2.6265 P2:2.6265 P3:2.6265 P4:2.627 STATE:IDLE
[2026-06-03 00:00:20Z] CHK MOM:0.01% RANGE:0.09% UP:22.22% SPREAD:0.03808073% BID:2.626 ASK:2.627 MID:2.6265 P1:2.6265 P2:2.6265 P3:2.6265 P4:2.6265 STATE:IDLE
[2026-06-03 00:00:21Z] CHK MOM:0.28% RANGE:0.28% UP:26.31% SPREAD:0.03797949% BID:2.633 ASK:2.634 MID:2.63349999 P1:2.63349999 P2:2.6265 P3:2.6265 P4:2.6265 STATE:IDLE
[2026-06-03 00:00:22Z] DECIDE_HOLD reason=HOLD_BURST_EMA spread=0.0380% mom=0.2856% range=0.2856% up=26.32% mid=2.63350000 P1=2.6334999999999997 P2=2.6265 P3=2.6265 P4=2.6265 ema5=0
[2026-06-03 00:00:22Z] CHK MOM:0.24% RANGE:0.26% UP:22.22% SPREAD:0.03797949% BID:2.633 ASK:2.634 MID:2.63349999 P1:2.63349999 P2:2.63349999 P3:2.6265 P4:2.6265 STATE:IDLE
[2026-06-03 00:00:23Z] CHK MOM:0.28% RANGE:0.3% UP:26.31% SPREAD:0.03796507% BID:2.634 ASK:2.635 MID:2.6345 P1:2.6345 P2:2.63349999 P3:2.63349999 P4:2.6265 STATE:IDLE
[2026-06-03 00:00:23Z] CHK MOM:0.26% RANGE:0.3% UP:21.05% SPREAD:0.03796507% BID:2.634 ASK:2.635 MID:2.6345 P1:2.6345 P2:2.6345 P3:2.63349999 P4:2.63349999 STATE:IDLE
[2026-06-03 00:00:24Z] CHK MOM:0.3% RANGE:0.3% UP:22.22% SPREAD:0.03796507% BID:2.634 ASK:2.635 MID:2.6345 P1:2.6345 P2:2.6345 P3:2.6345 P4:2.63349999 STATE:IDLE
[2026-06-03 00:00:24Z] CHK MOM:0.34% RANGE:0.34% UP:27.77% SPREAD:0.03795066% BID:2.635 ASK:2.636 MID:2.6355 P1:2.6355 P2:2.6345 P3:2.6345 P4:2.6345 STATE:IDLE
[2026-06-03 00:00:25Z] CHK MOM:0.38% RANGE:0.38% UP:33.33% SPREAD:0.03793626% BID:2.636 ASK:2.637 MID:2.6365 P1:2.6365 P2:2.6355 P3:2.6345 P4:2.6345 STATE:IDLE
[2026-06-03 00:00:26Z] CHK MOM:0.38% RANGE:0.38% UP:31.57% SPREAD:0.03793626% BID:2.636 ASK:2.637 MID:2.6365 P1:2.6365 P2:2.6365 P3:2.6355 P4:2.6345 STATE:IDLE
[2026-06-03 00:00:26Z] CHK MOM:0.38% RANGE:0.38% UP:33.33% SPREAD:0.03793626% BID:2.636 ASK:2.637 MID:2.6365 P1:2.6365 P2:2.6365 P3:2.6365 P4:2.6355 STATE:IDLE
[2026-06-03 00:00:27Z] CHK MOM:0.32% RANGE:0.38% UP:27.77% SPREAD:0.03793626% BID:2.636 ASK:2.637 MID:2.6365 P1:2.6365 P2:2.6365 P3:2.6365 P4:2.6365 STATE:IDLE
[2026-06-03 00:00:27Z] CHK MOM:0.32% RANGE:0.38% UP:27.77% SPREAD:0.03793626% BID:2.636 ASK:2.637 MID:2.6365 P1:2.6365 P2:2.6365 P3:2.6365 P4:2.6365 STATE:IDLE
[2026-06-03 00:00:28Z] CHK MOM:0.32% RANGE:0.38% UP:26.31% SPREAD:0.03793626% BID:2.636 ASK:2.637 MID:2.6365 P1:2.6365 P2:2.6365 P3:2.6365 P4:2.6365 STATE:IDLE
[2026-06-03 00:00:28Z] CHK MOM:0.34% RANGE:0.41% UP:26.31% SPREAD:0.03792188% BID:2.637 ASK:2.638 MID:2.6375 P1:2.6375 P2:2.6365 P3:2.6365 P4:2.6365 STATE:IDLE
[2026-06-03 00:00:29Z] CHK MOM:0.36% RANGE:0.41% UP:26.31% SPREAD:0.03792188% BID:2.637 ASK:2.638 MID:2.6375 P1:2.6375 P2:2.6375 P3:2.6365 P4:2.6365 STATE:IDLE
[2026-06-03 00:00:29Z] CHK MOM:0.36% RANGE:0.41% UP:26.31% SPREAD:0.03792188% BID:2.637 ASK:2.638 MID:2.6375 P1:2.6375 P2:2.6375 P3:2.6365 P4:2.6365 STATE:IDLE
[2026-06-03 00:00:30Z] CHK MOM:0.36% RANGE:0.41% UP:26.31% SPREAD:0.03792188% BID:2.637 ASK:2.638 MID:2.6375 P1:2.6375 P2:2.6375 P3:2.6365 P4:2.6365 STATE:IDLE
[2026-06-03 00:00:30Z] CHK MOM:0.45% RANGE:0.45% UP:35.29% SPREAD:0.0379075% BID:2.638 ASK:2.639 MID:2.63849999 P1:2.63849999 P2:2.6375 P3:2.6375 P4:2.6365 STATE:IDLE
[2026-06-03 00:00:31Z] CHK MOM:0.53% RANGE:0.53% UP:41.17% SPREAD:0.03787878% BID:2.64 ASK:2.641 MID:2.6405 P1:2.6405 P2:2.63849999 P3:2.6375 P4:2.6375 STATE:IDLE
[2026-06-03 00:00:32Z] CHK MOM:0.57% RANGE:0.57% UP:50% SPREAD:0.03786444% BID:2.641 ASK:2.642 MID:2.64149999 P1:2.64149999 P2:2.6405 P3:2.63849999 P4:2.6375 STATE:IDLE
[2026-06-03 00:00:32Z] CHK MOM:0.34% RANGE:0.34% UP:50% SPREAD:0.03785011% BID:2.642 ASK:2.643 MID:2.6425 P1:2.6425 P2:2.64149999 P3:2.6405 P4:2.63849999 STATE:IDLE
[2026-06-03 00:00:33Z] CHK MOM:0.34% RANGE:0.34% UP:47.05% SPREAD:0.03785011% BID:2.642 ASK:2.643 MID:2.6425 P1:2.6425 P2:2.6425 P3:2.64149999 P4:2.6405 STATE:IDLE
[2026-06-03 00:00:33Z] CHK MOM:0.34% RANGE:0.34% UP:47.05% SPREAD:0.03785011% BID:2.642 ASK:2.643 MID:2.6425 P1:2.6425 P2:2.6425 P3:2.6425 P4:2.64149999 STATE:IDLE
[2026-06-03 00:00:34Z] CHK MOM:0.37% RANGE:0.37% UP:50% SPREAD:0.03783579% BID:2.643 ASK:2.644 MID:2.6435 P1:2.6435 P2:2.6425 P3:2.6425 P4:2.6425 STATE:IDLE
[2026-06-03 00:00:34Z] CHK MOM:0.34% RANGE:0.34% UP:44.44% SPREAD:0.03783579% BID:2.643 ASK:2.644 MID:2.6435 P1:2.6435 P2:2.6435 P3:2.6425 P4:2.6425 STATE:IDLE
[2026-06-03 00:00:35Z] CHK MOM:0.34% RANGE:0.34% UP:42.1% SPREAD:0.03783579% BID:2.643 ASK:2.644 MID:2.6435 P1:2.6435 P2:2.6435 P3:2.6435 P4:2.6425 STATE:IDLE
[2026-06-03 00:00:35Z] CHK MOM:0.34% RANGE:0.34% UP:44.44% SPREAD:0.03783579% BID:2.643 ASK:2.644 MID:2.6435 P1:2.6435 P2:2.6435 P3:2.6435 P4:2.6435 STATE:IDLE
[2026-06-03 00:00:36Z] CHK MOM:0.34% RANGE:0.34% UP:42.1% SPREAD:0.03783579% BID:2.643 ASK:2.644 MID:2.6435 P1:2.6435 P2:2.6435 P3:2.6435 P4:2.6435 STATE:IDLE
[2026-06-03 00:00:37Z] CHK MOM:0.24% RANGE:0.3% UP:36.84% SPREAD:0.07572889% BID:2.641 ASK:2.643 MID:2.642 P1:2.642 P2:2.6435 P3:2.6435 P4:2.6435 STATE:IDLE
[2026-06-03 00:00:38Z] CHK MOM:0.2% RANGE:0.26% UP:35.29% SPREAD:0.07572889% BID:2.641 ASK:2.643 MID:2.642 P1:2.642 P2:2.642 P3:2.6435 P4:2.6435 STATE:IDLE
[2026-06-03 00:00:38Z] CHK MOM:0.2% RANGE:0.26% UP:33.33% SPREAD:0.07572889% BID:2.641 ASK:2.643 MID:2.642 P1:2.642 P2:2.642 P3:2.642 P4:2.6435 STATE:IDLE
[2026-06-03 00:00:39Z] CHK MOM:0.22% RANGE:0.26% UP:38.88% SPREAD:0.03785011% BID:2.642 ASK:2.643 MID:2.6425 P1:2.6425 P2:2.642 P3:2.642 P4:2.642 STATE:IDLE
[2026-06-03 00:00:39Z] CHK MOM:0.2% RANGE:0.26% UP:38.88% SPREAD:0.07572889% BID:2.641 ASK:2.643 MID:2.642 P1:2.642 P2:2.6425 P3:2.642 P4:2.642 STATE:IDLE
[2026-06-03 00:00:40Z] CHK MOM:0.22% RANGE:0.26% UP:42.1% SPREAD:0.03785011% BID:2.642 ASK:2.643 MID:2.6425 P1:2.6425 P2:2.642 P3:2.6425 P4:2.642 STATE:IDLE
[2026-06-03 00:00:40Z] CHK MOM:0.18% RANGE:0.22% UP:36.84% SPREAD:0.03785011% BID:2.642 ASK:2.643 MID:2.6425 P1:2.6425 P2:2.6425 P3:2.642 P4:2.6425 STATE:IDLE
[2026-06-03 00:00:41Z] CHK MOM:0.18% RANGE:0.18% UP:38.88% SPREAD:0.03783579% BID:2.643 ASK:2.644 MID:2.6435 P1:2.6435 P2:2.6425 P3:2.6425 P4:2.642 STATE:IDLE
[2026-06-03 00:00:41Z] CHK MOM:0.22% RANGE:0.22% UP:42.1% SPREAD:0.03782148% BID:2.644 ASK:2.645 MID:2.6445 P1:2.6445 P2:2.6435 P3:2.6425 P4:2.6425 STATE:IDLE
[2026-06-03 00:00:42Z] CHK MOM:0.3% RANGE:0.3% UP:45% SPREAD:0.03779289% BID:2.646 ASK:2.647 MID:2.64649999 P1:2.64649999 P2:2.6445 P3:2.6435 P4:2.6425 STATE:IDLE
[2026-06-03 00:00:43Z] CHK MOM:0.22% RANGE:0.22% UP:40% SPREAD:0.03779289% BID:2.646 ASK:2.647 MID:2.64649999 P1:2.64649999 P2:2.64649999 P3:2.6445 P4:2.6435 STATE:IDLE
[2026-06-03 00:00:43Z] CHK MOM:0.18% RANGE:0.18% UP:35% SPREAD:0.03779289% BID:2.646 ASK:2.647 MID:2.64649999 P1:2.64649999 P2:2.64649999 P3:2.64649999 P4:2.6445 STATE:IDLE
[2026-06-03 00:00:44Z] CHK MOM:0.22% RANGE:0.22% UP:38.09% SPREAD:0.03777861% BID:2.647 ASK:2.648 MID:2.6475 P1:2.6475 P2:2.64649999 P3:2.64649999 P4:2.64649999 STATE:IDLE
[2026-06-03 00:00:44Z] CHK MOM:0.18% RANGE:0.2% UP:33.33% SPREAD:0.03777861% BID:2.647 ASK:2.648 MID:2.6475 P1:2.6475 P2:2.6475 P3:2.64649999 P4:2.64649999 STATE:IDLE
[2026-06-03 00:00:45Z] CHK MOM:0.22% RANGE:0.24% UP:38.09% SPREAD:0.03776435% BID:2.648 ASK:2.649 MID:2.6485 P1:2.6485 P2:2.6475 P3:2.6475 P4:2.64649999 STATE:IDLE
[2026-06-03 00:00:45Z] CHK MOM:0.15% RANGE:0.24% UP:35% SPREAD:0.03777861% BID:2.647 ASK:2.648 MID:2.6475 P1:2.6475 P2:2.6485 P3:2.6475 P4:2.6475 STATE:IDLE
[2026-06-03 00:00:46Z] CHK MOM:0.15% RANGE:0.24% UP:33.33% SPREAD:0.03777861% BID:2.647 ASK:2.648 MID:2.6475 P1:2.6475 P2:2.6475 P3:2.6485 P4:2.6475 STATE:IDLE
[2026-06-03 00:00:46Z] CHK MOM:0.15% RANGE:0.24% UP:33.33% SPREAD:0.03777861% BID:2.647 ASK:2.648 MID:2.6475 P1:2.6475 P2:2.6475 P3:2.6475 P4:2.6485 STATE:IDLE
[2026-06-03 00:00:47Z] CHK MOM:0.15% RANGE:0.24% UP:33.33% SPREAD:0.03777861% BID:2.647 ASK:2.648 MID:2.6475 P1:2.6475 P2:2.6475 P3:2.6475 P4:2.6475 STATE:IDLE
[2026-06-03 00:00:48Z] CHK MOM:0.15% RANGE:0.24% UP:31.81% SPREAD:0.03777861% BID:2.647 ASK:2.648 MID:2.6475 P1:2.6475 P2:2.6475 P3:2.6475 P4:2.6475 STATE:IDLE
[2026-06-03 00:00:48Z] CHK MOM:0.2% RANGE:0.24% UP:35% SPREAD:0.03777861% BID:2.647 ASK:2.648 MID:2.6475 P1:2.6475 P2:2.6475 P3:2.6475 P4:2.6475 STATE:IDLE
[2026-06-03 00:00:49Z] CHK MOM:0.2% RANGE:0.24% UP:35% SPREAD:0.03777861% BID:2.647 ASK:2.648 MID:2.6475 P1:2.6475 P2:2.6475 P3:2.6475 P4:2.6475 STATE:IDLE
[2026-06-03 00:00:49Z] CHK MOM:0.13% RANGE:0.24% UP:33.33% SPREAD:0.03780718% BID:2.645 ASK:2.646 MID:2.6455 P1:2.6455 P2:2.6475 P3:2.6475 P4:2.6475 STATE:IDLE
[2026-06-03 00:00:50Z] CHK MOM:0.07% RANGE:0.24% UP:31.81% SPREAD:0.07567158% BID:2.643 ASK:2.645 MID:2.644 P1:2.644 P2:2.6455 P3:2.6475 P4:2.6475 STATE:IDLE
[2026-06-03 00:00:50Z] CHK MOM:-0.01% RANGE:0.24% UP:28.57% SPREAD:0.07572889% BID:2.641 ASK:2.643 MID:2.642 P1:2.642 P2:2.644 P3:2.6455 P4:2.6475 STATE:IDLE
[2026-06-03 00:00:51Z] CHK MOM:0% RANGE:0.24% UP:28.57% SPREAD:0.07572889% BID:2.641 ASK:2.643 MID:2.642 P1:2.642 P2:2.642 P3:2.644 P4:2.6455 STATE:IDLE
[2026-06-03 00:00:51Z] CHK MOM:0.03% RANGE:0.24% UP:31.81% SPREAD:0.07570022% BID:2.642 ASK:2.644 MID:2.643 P1:2.643 P2:2.642 P3:2.642 P4:2.644 STATE:IDLE
[2026-06-03 00:00:52Z] CHK MOM:0.09% RANGE:0.24% UP:31.81% SPREAD:0.07564296% BID:2.644 ASK:2.646 MID:2.645 P1:2.645 P2:2.643 P3:2.642 P4:2.642 STATE:IDLE
[2026-06-03 00:00:52Z] CHK MOM:0.13% RANGE:0.24% UP:36.36% SPREAD:0.07561436% BID:2.645 ASK:2.647 MID:2.646 P1:2.646 P2:2.645 P3:2.643 P4:2.642 STATE:IDLE
[2026-06-03 00:00:53Z] CHK MOM:0.07% RANGE:0.24% UP:31.81% SPREAD:0.03780718% BID:2.645 ASK:2.646 MID:2.6455 P1:2.6455 P2:2.646 P3:2.645 P4:2.643 STATE:IDLE
[2026-06-03 00:00:54Z] CHK MOM:-0.05% RANGE:0.24% UP:23.8% SPREAD:0.07564296% BID:2.644 ASK:2.646 MID:2.645 P1:2.645 P2:2.6455 P3:2.646 P4:2.645 STATE:IDLE
[2026-06-03 00:00:54Z] CHK MOM:-0.07% RANGE:0.24% UP:23.8% SPREAD:0.03782148% BID:2.644 ASK:2.645 MID:2.6445 P1:2.6445 P2:2.645 P3:2.6455 P4:2.646 STATE:IDLE
[2026-06-03 00:00:55Z] CHK MOM:-0.07% RANGE:0.24% UP:23.8% SPREAD:0.03782148% BID:2.644 ASK:2.645 MID:2.6445 P1:2.6445 P2:2.645 P3:2.6455 P4:2.646 STATE:IDLE
[2026-06-03 00:00:55Z] CHK MOM:-0.03% RANGE:0.24% UP:28.57% SPREAD:0.11346444% BID:2.644 ASK:2.647 MID:2.6455 P1:2.6455 P2:2.6445 P3:2.645 P4:2.6455 STATE:IDLE
[2026-06-03 00:00:56Z] CHK MOM:-0.11% RANGE:0.24% UP:23.8% SPREAD:0.11350737% BID:2.643 ASK:2.646 MID:2.6445 P1:2.6445 P2:2.6455 P3:2.6445 P4:2.645 STATE:IDLE
[2026-06-03 00:00:56Z] CHK MOM:-0.2% RANGE:0.24% UP:20% SPREAD:0.07570022% BID:2.642 ASK:2.644 MID:2.643 P1:2.643 P2:2.6445 P3:2.6455 P4:2.6445 STATE:IDLE
[2026-06-03 00:00:57Z] CHK MOM:-0.18% RANGE:0.24% UP:23.8% SPREAD:0.03783579% BID:2.643 ASK:2.644 MID:2.6435 P1:2.6435 P2:2.643 P3:2.6445 P4:2.6455 STATE:IDLE
[2026-06-03 00:00:57Z] CHK MOM:-0.15% RANGE:0.2% UP:23.8% SPREAD:0.03783579% BID:2.643 ASK:2.644 MID:2.6435 P1:2.6435 P2:2.6435 P3:2.643 P4:2.6445 STATE:IDLE
[2026-06-03 00:00:58Z] CHK MOM:-0.18% RANGE:0.2% UP:23.8% SPREAD:0.03785011% BID:2.642 ASK:2.643 MID:2.6425 P1:2.6425 P2:2.6435 P3:2.6435 P4:2.643 STATE:IDLE
[2026-06-03 00:00:59Z] CHK MOM:-0.18% RANGE:0.2% UP:25% SPREAD:0.03785011% BID:2.642 ASK:2.643 MID:2.6425 P1:2.6425 P2:2.6425 P3:2.6435 P4:2.6435 STATE:IDLE
[2026-06-03 00:00:59Z] CHK MOM:-0.18% RANGE:0.2% UP:26.31% SPREAD:0.03785011% BID:2.642 ASK:2.643 MID:2.6425 P1:2.6425 P2:2.6425 P3:2.6425 P4:2.6435 STATE:IDLE
[2026-06-03 00:01:00Z] CHK MOM:-0.15% RANGE:0.2% UP:30% SPREAD:0.03783579% BID:2.643 ASK:2.644 MID:2.6435 P1:2.6435 P2:2.6425 P3:2.6425 P4:2.6425 STATE:IDLE
[2026-06-03 00:01:00Z] CHK MOM:-0.11% RANGE:0.2% UP:33.33% SPREAD:0.03782148% BID:2.644 ASK:2.645 MID:2.6445 P1:2.6445 P2:2.6435 P3:2.6425 P4:2.6425 STATE:IDLE
[2026-06-03 00:01:01Z] CHK MOM:-0.07% RANGE:0.2% UP:38.09% SPREAD:0.03780718% BID:2.645 ASK:2.646 MID:2.6455 P1:2.6455 P2:2.6445 P3:2.6435 P4:2.6425 STATE:IDLE
[2026-06-03 00:01:01Z] CHK MOM:0% RANGE:0.15% UP:38.09% SPREAD:0.03780718% BID:2.645 ASK:2.646 MID:2.6455 P1:2.6455 P2:2.6455 P3:2.6445 P4:2.6435 STATE:IDLE
[2026-06-03 00:01:02Z] CHK MOM:0.05% RANGE:0.15% UP:38.09% SPREAD:0.03780718% BID:2.645 ASK:2.646 MID:2.6455 P1:2.6455 P2:2.6455 P3:2.6455 P4:2.6445 STATE:IDLE
[2026-06-03 00:01:02Z] CHK MOM:0.15% RANGE:0.15% UP:42.85% SPREAD:0.07561436% BID:2.645 ASK:2.647 MID:2.646 P1:2.646 P2:2.6455 P3:2.6455 P4:2.6455 STATE:IDLE
[2026-06-03 00:01:03Z] CHK MOM:0.17% RANGE:0.17% UP:47.61% SPREAD:0.03779289% BID:2.646 ASK:2.647 MID:2.64649999 P1:2.64649999 P2:2.646 P3:2.6455 P4:2.6455 STATE:IDLE
[2026-06-03 00:01:03Z] CHK MOM:0.09% RANGE:0.15% UP:42.85% SPREAD:0.03780718% BID:2.645 ASK:2.646 MID:2.6455 P1:2.6455 P2:2.64649999 P3:2.646 P4:2.6455 STATE:IDLE
[2026-06-03 00:01:04Z] CHK MOM:0.03% RANGE:0.15% UP:42.85% SPREAD:0.07561436% BID:2.645 ASK:2.647 MID:2.646 P1:2.646 P2:2.6455 P3:2.64649999 P4:2.646 STATE:IDLE
[2026-06-03 00:01:05Z] CHK MOM:0.03% RANGE:0.15% UP:42.1% SPREAD:0.07561436% BID:2.645 ASK:2.647 MID:2.646 P1:2.646 P2:2.646 P3:2.6455 P4:2.64649999 STATE:IDLE
[2026-06-03 00:01:05Z] CHK MOM:0.03% RANGE:0.15% UP:42.1% SPREAD:0.07561436% BID:2.645 ASK:2.647 MID:2.646 P1:2.646 P2:2.646 P3:2.6455 P4:2.64649999 STATE:IDLE
[2026-06-03 00:01:06Z] CHK MOM:0.07% RANGE:0.15% UP:47.36% SPREAD:0.03779289% BID:2.646 ASK:2.647 MID:2.64649999 P1:2.64649999 P2:2.646 P3:2.646 P4:2.6455 STATE:IDLE
[2026-06-03 00:01:06Z] CHK MOM:0.07% RANGE:0.18% UP:47.36% SPREAD:0.03777861% BID:2.647 ASK:2.648 MID:2.6475 P1:2.6475 P2:2.64649999 P3:2.646 P4:2.646 STATE:IDLE
[2026-06-03 00:01:07Z] CHK MOM:-0.01% RANGE:0.18% UP:45% SPREAD:0.07564296% BID:2.644 ASK:2.646 MID:2.645 P1:2.645 P2:2.6475 P3:2.64649999 P4:2.646 STATE:IDLE
[2026-06-03 00:01:07Z] CHK MOM:0% RANGE:0.18% UP:47.61% SPREAD:0.03780718% BID:2.645 ASK:2.646 MID:2.6455 P1:2.6455 P2:2.645 P3:2.6475 P4:2.64649999 STATE:IDLE
[2026-06-03 00:01:08Z] CHK MOM:0% RANGE:0.18% UP:47.61% SPREAD:0.03782148% BID:2.644 ASK:2.645 MID:2.6445 P1:2.6445 P2:2.6455 P3:2.645 P4:2.6475 STATE:IDLE
[2026-06-03 00:01:08Z] CHK MOM:0.05% RANGE:0.18% UP:47.61% SPREAD:0.03782148% BID:2.644 ASK:2.645 MID:2.6445 P1:2.6445 P2:2.6445 P3:2.6455 P4:2.645 STATE:IDLE
[2026-06-03 00:01:09Z] CHK MOM:0.03% RANGE:0.18% UP:42.85% SPREAD:0.03782148% BID:2.644 ASK:2.645 MID:2.6445 P1:2.6445 P2:2.6445 P3:2.6445 P4:2.6455 STATE:IDLE
[2026-06-03 00:01:10Z] CHK MOM:0.07% RANGE:0.18% UP:45% SPREAD:0.03782148% BID:2.644 ASK:2.645 MID:2.6445 P1:2.6445 P2:2.6445 P3:2.6445 P4:2.6445 STATE:IDLE
[2026-06-03 00:01:10Z] CHK MOM:0.03% RANGE:0.18% UP:45% SPREAD:0.03783579% BID:2.643 ASK:2.644 MID:2.6435 P1:2.6435 P2:2.6445 P3:2.6445 P4:2.6445 STATE:IDLE
[2026-06-03 00:01:11Z] CHK MOM:0.03% RANGE:0.18% UP:45% SPREAD:0.03783579% BID:2.643 ASK:2.644 MID:2.6435 P1:2.6435 P2:2.6435 P3:2.6445 P4:2.6445 STATE:IDLE
[2026-06-03 00:01:11Z] CHK MOM:0% RANGE:0.15% UP:40% SPREAD:0.03783579% BID:2.643 ASK:2.644 MID:2.6435 P1:2.6435 P2:2.6435 P3:2.6435 P4:2.6445 STATE:IDLE
[2026-06-03 00:01:12Z] CHK MOM:0.01% RANGE:0.15% UP:42.85% SPREAD:0.07567158% BID:2.643 ASK:2.645 MID:2.644 P1:2.644 P2:2.6435 P3:2.6435 P4:2.6435 STATE:IDLE
[2026-06-03 00:01:12Z] CHK MOM:0% RANGE:0.15% UP:42.85% SPREAD:0.03782148% BID:2.644 ASK:2.645 MID:2.6445 P1:2.6445 P2:2.644 P3:2.6435 P4:2.6435 STATE:IDLE
[2026-06-03 00:01:13Z] CHK MOM:-0.03% RANGE:0.15% UP:38.09% SPREAD:0.03782148% BID:2.644 ASK:2.645 MID:2.6445 P1:2.6445 P2:2.6445 P3:2.644 P4:2.6435 STATE:IDLE
[2026-06-03 00:01:13Z] CHK MOM:-0.01% RANGE:0.15% UP:45% SPREAD:0.07564296% BID:2.644 ASK:2.646 MID:2.645 P1:2.645 P2:2.6445 P3:2.6445 P4:2.644 STATE:IDLE
[2026-06-03 00:01:14Z] CHK MOM:-0.07% RANGE:0.15% UP:42.85% SPREAD:0.03783579% BID:2.643 ASK:2.644 MID:2.6435 P1:2.6435 P2:2.645 P3:2.6445 P4:2.6445 STATE:IDLE
[2026-06-03 00:01:14Z] CHK MOM:-0.09% RANGE:0.15% UP:38.09% SPREAD:0.03783579% BID:2.643 ASK:2.644 MID:2.6435 P1:2.6435 P2:2.6435 P3:2.645 P4:2.6445 STATE:IDLE
[2026-06-03 00:01:15Z] CHK MOM:-0.09% RANGE:0.15% UP:38.09% SPREAD:0.07567158% BID:2.643 ASK:2.645 MID:2.644 P1:2.644 P2:2.6435 P3:2.6435 P4:2.645 STATE:IDLE
[2026-06-03 00:01:16Z] CHK MOM:-0.03% RANGE:0.15% UP:40% SPREAD:0.07564296% BID:2.644 ASK:2.646 MID:2.645 P1:2.645 P2:2.644 P3:2.6435 P4:2.6435 STATE:IDLE
[2026-06-03 00:01:16Z] CHK MOM:-0.03% RANGE:0.15% UP:40% SPREAD:0.07564296% BID:2.644 ASK:2.646 MID:2.645 P1:2.645 P2:2.645 P3:2.644 P4:2.6435 STATE:IDLE
[2026-06-03 00:01:17Z] CHK MOM:0% RANGE:0.15% UP:42.85% SPREAD:0.07561436% BID:2.645 ASK:2.647 MID:2.646 P1:2.646 P2:2.645 P3:2.645 P4:2.644 STATE:IDLE
[2026-06-03 00:01:17Z] CHK MOM:-0.01% RANGE:0.15% UP:38.09% SPREAD:0.07561436% BID:2.645 ASK:2.647 MID:2.646 P1:2.646 P2:2.646 P3:2.645 P4:2.645 STATE:IDLE
[2026-06-03 00:01:18Z] CHK MOM:-0.01% RANGE:0.15% UP:36.36% SPREAD:0.07561436% BID:2.645 ASK:2.647 MID:2.646 P1:2.646 P2:2.646 P3:2.646 P4:2.645 STATE:IDLE
[2026-06-03 00:01:18Z] CHK MOM:-0.05% RANGE:0.15% UP:31.81% SPREAD:0.07561436% BID:2.645 ASK:2.647 MID:2.646 P1:2.646 P2:2.646 P3:2.646 P4:2.646 STATE:IDLE
[2026-06-03 00:01:19Z] CHK MOM:0.03% RANGE:0.09% UP:31.81% SPREAD:0.07561436% BID:2.645 ASK:2.647 MID:2.646 P1:2.646 P2:2.646 P3:2.646 P4:2.646 STATE:IDLE
[2026-06-03 00:01:19Z] CHK MOM:0.01% RANGE:0.09% UP:27.27% SPREAD:0.07561436% BID:2.645 ASK:2.647 MID:2.646 P1:2.646 P2:2.646 P3:2.646 P4:2.646 STATE:IDLE
[2026-06-03 00:01:20Z] CHK MOM:0.03% RANGE:0.09% UP:27.27% SPREAD:0.03780718% BID:2.645 ASK:2.646 MID:2.6455 P1:2.6455 P2:2.646 P3:2.646 P4:2.646 STATE:IDLE
[2026-06-03 00:01:21Z] CHK MOM:0.03% RANGE:0.09% UP:27.27% SPREAD:0.03780718% BID:2.645 ASK:2.646 MID:2.6455 P1:2.6455 P2:2.6455 P3:2.646 P4:2.646 STATE:IDLE
[2026-06-03 00:01:21Z] CHK MOM:0.05% RANGE:0.09% UP:33.33% SPREAD:0.07561436% BID:2.645 ASK:2.647 MID:2.646 P1:2.646 P2:2.6455 P3:2.6455 P4:2.646 STATE:IDLE
[2026-06-03 00:01:22Z] CHK MOM:0.09% RANGE:0.09% UP:33.33% SPREAD:0.07561436% BID:2.645 ASK:2.647 MID:2.646 P1:2.646 P2:2.646 P3:2.6455 P4:2.6455 STATE:IDLE
[2026-06-03 00:01:22Z] CHK MOM:0.09% RANGE:0.09% UP:31.81% SPREAD:0.07561436% BID:2.645 ASK:2.647 MID:2.646 P1:2.646 P2:2.646 P3:2.646 P4:2.6455 STATE:IDLE
[2026-06-03 00:01:23Z] CHK MOM:0.11% RANGE:0.11% UP:38.09% SPREAD:0.03779289% BID:2.646 ASK:2.647 MID:2.64649999 P1:2.64649999 P2:2.646 P3:2.646 P4:2.646 STATE:IDLE
[2026-06-03 00:01:23Z] CHK MOM:0.09% RANGE:0.11% UP:36.36% SPREAD:0.07561436% BID:2.645 ASK:2.647 MID:2.646 P1:2.646 P2:2.64649999 P3:2.646 P4:2.646 STATE:IDLE
[2026-06-03 00:01:24Z] CHK MOM:0.05% RANGE:0.11% UP:31.81% SPREAD:0.03780718% BID:2.645 ASK:2.646 MID:2.6455 P1:2.6455 P2:2.646 P3:2.64649999 P4:2.646 STATE:IDLE
[2026-06-03 00:01:24Z] CHK MOM:0.05% RANGE:0.11% UP:31.81% SPREAD:0.07561436% BID:2.645 ASK:2.647 MID:2.646 P1:2.646 P2:2.6455 P3:2.646 P4:2.64649999 STATE:IDLE
[2026-06-03 00:01:25Z] CHK MOM:0.03% RANGE:0.11% UP:31.81% SPREAD:0.03780718% BID:2.645 ASK:2.646 MID:2.6455 P1:2.6455 P2:2.646 P3:2.6455 P4:2.646 STATE:IDLE
[2026-06-03 00:01:25Z] CHK MOM:0.03% RANGE:0.11% UP:31.81% SPREAD:0.07561436% BID:2.645 ASK:2.647 MID:2.646 P1:2.646 P2:2.6455 P3:2.646 P4:2.6455 STATE:IDLE
[2026-06-03 00:01:26Z] CHK MOM:0.09% RANGE:0.11% UP:33.33% SPREAD:0.07561436% BID:2.645 ASK:2.647 MID:2.646 P1:2.646 P2:2.646 P3:2.6455 P4:2.646 STATE:IDLE
[2026-06-03 00:01:27Z] CHK MOM:0.01% RANGE:0.05% UP:25% SPREAD:0.03780718% BID:2.645 ASK:2.646 MID:2.6455 P1:2.6455 P2:2.646 P3:2.646 P4:2.6455 STATE:IDLE
[2026-06-03 00:01:27Z] CHK MOM:0.07% RANGE:0.07% UP:28.57% SPREAD:0.07558578% BID:2.646 ASK:2.648 MID:2.647 P1:2.647 P2:2.6455 P3:2.646 P4:2.646 STATE:IDLE
[2026-06-03 00:01:28Z] CHK MOM:0.07% RANGE:0.07% UP:27.27% SPREAD:0.07558578% BID:2.646 ASK:2.648 MID:2.647 P1:2.647 P2:2.647 P3:2.6455 P4:2.646 STATE:IDLE
[2026-06-03 00:01:28Z] CHK MOM:0.07% RANGE:0.07% UP:27.27% SPREAD:0.07558578% BID:2.646 ASK:2.648 MID:2.647 P1:2.647 P2:2.647 P3:2.647 P4:2.6455 STATE:IDLE
[2026-06-03 00:01:29Z] CHK MOM:0.03% RANGE:0.05% UP:23.8% SPREAD:0.07558578% BID:2.646 ASK:2.648 MID:2.647 P1:2.647 P2:2.647 P3:2.647 P4:2.647 STATE:IDLE
[2026-06-03 00:01:29Z] CHK MOM:0.03% RANGE:0.05% UP:23.8% SPREAD:0.07558578% BID:2.646 ASK:2.648 MID:2.647 P1:2.647 P2:2.647 P3:2.647 P4:2.647 STATE:IDLE
[2026-06-03 00:01:30Z] CHK MOM:0.03% RANGE:0.05% UP:25% SPREAD:0.07558578% BID:2.646 ASK:2.648 MID:2.647 P1:2.647 P2:2.647 P3:2.647 P4:2.647 STATE:IDLE
[2026-06-03 00:01:30Z] CHK MOM:0.03% RANGE:0.05% UP:23.8% SPREAD:0.07558578% BID:2.646 ASK:2.648 MID:2.647 P1:2.647 P2:2.647 P3:2.647 P4:2.647 STATE:IDLE
[2026-06-03 00:01:31Z] CHK MOM:0.05% RANGE:0.07% UP:30% SPREAD:0.03777861% BID:2.647 ASK:2.648 MID:2.6475 P1:2.6475 P2:2.647 P3:2.647 P4:2.647 STATE:IDLE
[2026-06-03 00:01:32Z] CHK MOM:0.03% RANGE:0.07% UP:28.57% SPREAD:0.07558578% BID:2.646 ASK:2.648 MID:2.647 P1:2.647 P2:2.6475 P3:2.647 P4:2.647 STATE:IDLE
[2026-06-03 00:01:32Z] CHK MOM:0.07% RANGE:0.07% UP:35% SPREAD:0.03777861% BID:2.647 ASK:2.648 MID:2.6475 P1:2.6475 P2:2.647 P3:2.6475 P4:2.647 STATE:IDLE
[2026-06-03 00:01:33Z] CHK MOM:0.05% RANGE:0.07% UP:30% SPREAD:0.03777861% BID:2.647 ASK:2.648 MID:2.6475 P1:2.6475 P2:2.6475 P3:2.647 P4:2.6475 STATE:IDLE
[2026-06-03 00:01:33Z] CHK MOM:0.07% RANGE:0.09% UP:33.33% SPREAD:0.07555723% BID:2.647 ASK:2.649 MID:2.64799999 P1:2.64799999 P2:2.6475 P3:2.6475 P4:2.647 STATE:IDLE
[2026-06-03 00:01:34Z] CHK MOM:0.09% RANGE:0.11% UP:38.09% SPREAD:0.03776435% BID:2.648 ASK:2.649 MID:2.6485 P1:2.6485 P2:2.64799999 P3:2.6475 P4:2.6475 STATE:IDLE
[2026-06-03 00:01:34Z] CHK MOM:0.09% RANGE:0.11% UP:38.09% SPREAD:0.03776435% BID:2.648 ASK:2.649 MID:2.6485 P1:2.6485 P2:2.64799999 P3:2.6475 P4:2.6475 STATE:IDLE
[2026-06-03 00:01:35Z] CHK MOM:0.07% RANGE:0.11% UP:35% SPREAD:0.03776435% BID:2.648 ASK:2.649 MID:2.6485 P1:2.6485 P2:2.6485 P3:2.64799999 P4:2.6475 STATE:IDLE
[2026-06-03 00:01:35Z] CHK MOM:0.09% RANGE:0.11% UP:35% SPREAD:0.03776435% BID:2.648 ASK:2.649 MID:2.6485 P1:2.6485 P2:2.6485 P3:2.6485 P4:2.64799999 STATE:IDLE
[2026-06-03 00:01:36Z] CHK MOM:0.11% RANGE:0.11% UP:35% SPREAD:0.03776435% BID:2.648 ASK:2.649 MID:2.6485 P1:2.6485 P2:2.6485 P3:2.6485 P4:2.6485 STATE:IDLE
[2026-06-03 00:01:36Z] CHK MOM:0.11% RANGE:0.11% UP:31.57% SPREAD:0.03776435% BID:2.648 ASK:2.649 MID:2.6485 P1:2.6485 P2:2.6485 P3:2.6485 P4:2.6485 STATE:IDLE
[2026-06-03 00:01:37Z] CHK MOM:0.11% RANGE:0.11% UP:30% SPREAD:0.03776435% BID:2.648 ASK:2.649 MID:2.6485 P1:2.6485 P2:2.6485 P3:2.6485 P4:2.6485 STATE:IDLE
[2026-06-03 00:01:38Z] CHK MOM:0.11% RANGE:0.13% UP:30% SPREAD:0.0755287% BID:2.648 ASK:2.65 MID:2.649 P1:2.649 P2:2.6485 P3:2.6485 P4:2.6485 STATE:IDLE
[2026-06-03 00:01:38Z] CHK MOM:0.2% RANGE:0.2% UP:36.84% SPREAD:0.07547169% BID:2.65 ASK:2.652 MID:2.651 P1:2.651 P2:2.649 P3:2.6485 P4:2.6485 STATE:IDLE
[2026-06-03 00:01:39Z] CHK MOM:0.2% RANGE:0.2% UP:35% SPREAD:0.07547169% BID:2.65 ASK:2.652 MID:2.651 P1:2.651 P2:2.651 P3:2.649 P4:2.6485 STATE:IDLE
[2026-06-03 00:01:39Z] CHK MOM:0.13% RANGE:0.15% UP:30% SPREAD:0.03773584% BID:2.65 ASK:2.651 MID:2.6505 P1:2.6505 P2:2.651 P3:2.651 P4:2.649 STATE:IDLE
[2026-06-03 00:01:40Z] CHK MOM:0.15% RANGE:0.15% UP:35% SPREAD:0.07547169% BID:2.65 ASK:2.652 MID:2.651 P1:2.651 P2:2.6505 P3:2.651 P4:2.651 STATE:IDLE
[2026-06-03 00:01:40Z] CHK MOM:0.13% RANGE:0.15% UP:36.84% SPREAD:0.03773584% BID:2.65 ASK:2.651 MID:2.6505 P1:2.6505 P2:2.651 P3:2.6505 P4:2.651 STATE:IDLE
[2026-06-03 00:01:41Z] CHK MOM:0.13% RANGE:0.15% UP:35% SPREAD:0.03773584% BID:2.65 ASK:2.651 MID:2.6505 P1:2.6505 P2:2.6505 P3:2.651 P4:2.6505 STATE:IDLE
[2026-06-03 00:01:41Z] CHK MOM:0.13% RANGE:0.15% UP:35% SPREAD:0.03773584% BID:2.65 ASK:2.651 MID:2.6505 P1:2.6505 P2:2.6505 P3:2.6505 P4:2.651 STATE:IDLE
[2026-06-03 00:01:42Z] CHK MOM:0.2% RANGE:0.2% UP:38.09% SPREAD:0.03770739% BID:2.652 ASK:2.653 MID:2.6525 P1:2.6525 P2:2.6505 P3:2.6505 P4:2.6505 STATE:IDLE
[2026-06-03 00:01:43Z] CHK MOM:0.24% RANGE:0.24% UP:42.85% SPREAD:0.03769317% BID:2.653 ASK:2.654 MID:2.6535 P1:2.6535 P2:2.6525 P3:2.6505 P4:2.6505 STATE:IDLE
[2026-06-03 00:01:43Z] CHK MOM:0.18% RANGE:0.22% UP:36.84% SPREAD:0.03770739% BID:2.652 ASK:2.653 MID:2.6525 P1:2.6525 P2:2.6535 P3:2.6525 P4:2.6505 STATE:IDLE
[2026-06-03 00:01:44Z] CHK MOM:0.2% RANGE:0.22% UP:40% SPREAD:0.07541478% BID:2.652 ASK:2.654 MID:2.653 P1:2.653 P2:2.6525 P3:2.6535 P4:2.6525 STATE:IDLE
[2026-06-03 00:01:44Z] CHK MOM:0.22% RANGE:0.22% UP:45% SPREAD:0.03769317% BID:2.653 ASK:2.654 MID:2.6535 P1:2.6535 P2:2.653 P3:2.6525 P4:2.6535 STATE:IDLE
[2026-06-03 00:01:45Z] CHK MOM:0.2% RANGE:0.22% UP:42.85% SPREAD:0.07541478% BID:2.652 ASK:2.654 MID:2.653 P1:2.653 P2:2.6535 P3:2.653 P4:2.6525 STATE:IDLE
[2026-06-03 00:01:45Z] CHK MOM:0.16% RANGE:0.18% UP:35% SPREAD:0.07541478% BID:2.652 ASK:2.654 MID:2.653 P1:2.653 P2:2.653 P3:2.6535 P4:2.653 STATE:IDLE
[2026-06-03 00:01:46Z] CHK MOM:0.15% RANGE:0.18% UP:35% SPREAD:0.03770739% BID:2.652 ASK:2.653 MID:2.6525 P1:2.6525 P2:2.653 P3:2.653 P4:2.6535 STATE:IDLE
[2026-06-03 00:01:46Z] CHK MOM:0.16% RANGE:0.18% UP:38.09% SPREAD:0.07541478% BID:2.652 ASK:2.654 MID:2.653 P1:2.653 P2:2.6525 P3:2.653 P4:2.653 STATE:IDLE
[2026-06-03 00:01:47Z] CHK MOM:0.15% RANGE:0.18% UP:38.09% SPREAD:0.03770739% BID:2.652 ASK:2.653 MID:2.6525 P1:2.6525 P2:2.653 P3:2.6525 P4:2.653 STATE:IDLE
[2026-06-03 00:01:47Z] CHK MOM:0.18% RANGE:0.18% UP:42.85% SPREAD:0.03769317% BID:2.653 ASK:2.654 MID:2.6535 P1:2.6535 P2:2.6525 P3:2.653 P4:2.6525 STATE:IDLE
[2026-06-03 00:01:48Z] CHK MOM:0.18% RANGE:0.18% UP:42.85% SPREAD:0.03769317% BID:2.653 ASK:2.654 MID:2.6535 P1:2.6535 P2:2.6525 P3:2.653 P4:2.6525 STATE:IDLE
[2026-06-03 00:01:49Z] CHK MOM:0.16% RANGE:0.16% UP:42.1% SPREAD:0.03769317% BID:2.653 ASK:2.654 MID:2.6535 P1:2.6535 P2:2.6535 P3:2.6525 P4:2.653 STATE:IDLE
[2026-06-03 00:01:49Z] CHK MOM:0.01% RANGE:0.11% UP:36.84% SPREAD:0.03772161% BID:2.651 ASK:2.652 MID:2.6515 P1:2.6515 P2:2.6535 P3:2.6535 P4:2.6525 STATE:IDLE
[2026-06-03 00:01:50Z] CHK MOM:0% RANGE:0.11% UP:35% SPREAD:0.07547169% BID:2.65 ASK:2.652 MID:2.651 P1:2.651 P2:2.6515 P3:2.6535 P4:2.6535 STATE:IDLE
[2026-06-03 00:01:50Z] CHK MOM:-0.05% RANGE:0.15% UP:33.33% SPREAD:0.03775009% BID:2.649 ASK:2.65 MID:2.64949999 P1:2.64949999 P2:2.651 P3:2.6515 P4:2.6535 STATE:IDLE
[2026-06-03 00:01:51Z] CHK MOM:-0.01% RANGE:0.15% UP:38.09% SPREAD:0.03773584% BID:2.65 ASK:2.651 MID:2.6505 P1:2.6505 P2:2.64949999 P3:2.651 P4:2.6515 STATE:IDLE
[2026-06-03 00:01:51Z] CHK MOM:-0.01% RANGE:0.15% UP:35% SPREAD:0.03773584% BID:2.65 ASK:2.651 MID:2.6505 P1:2.6505 P2:2.6505 P3:2.64949999 P4:2.651 STATE:IDLE
[2026-06-03 00:01:52Z] CHK MOM:0.01% RANGE:0.15% UP:40% SPREAD:0.07547169% BID:2.65 ASK:2.652 MID:2.651 P1:2.651 P2:2.6505 P3:2.6505 P4:2.64949999 STATE:IDLE
[2026-06-03 00:01:52Z] CHK MOM:0.05% RANGE:0.15% UP:42.85% SPREAD:0.07544322% BID:2.651 ASK:2.653 MID:2.652 P1:2.652 P2:2.651 P3:2.6505 P4:2.6505 STATE:IDLE
[2026-06-03 00:01:53Z] CHK MOM:0.03% RANGE:0.15% UP:45% SPREAD:0.03772161% BID:2.651 ASK:2.652 MID:2.6515 P1:2.6515 P2:2.652 P3:2.651 P4:2.6505 STATE:IDLE
[2026-06-03 00:01:54Z] CHK MOM:-0.07% RANGE:0.15% UP:40% SPREAD:0.03773584% BID:2.65 ASK:2.651 MID:2.6505 P1:2.6505 P2:2.6515 P3:2.652 P4:2.651 STATE:IDLE
[2026-06-03 00:01:54Z] CHK MOM:-0.13% RANGE:0.15% UP:35% SPREAD:0.07550018% BID:2.649 ASK:2.651 MID:2.65 P1:2.65 P2:2.6505 P3:2.6515 P4:2.652 STATE:IDLE
[2026-06-03 00:01:55Z] CHK MOM:-0.07% RANGE:0.15% UP:40% SPREAD:0.03773584% BID:2.65 ASK:2.651 MID:2.6505 P1:2.6505 P2:2.65 P3:2.6505 P4:2.6515 STATE:IDLE
[2026-06-03 00:01:55Z] CHK MOM:-0.09% RANGE:0.15% UP:38.09% SPREAD:0.07550018% BID:2.649 ASK:2.651 MID:2.65 P1:2.65 P2:2.6505 P3:2.65 P4:2.6505 STATE:IDLE
[2026-06-03 00:01:56Z] CHK MOM:-0.16% RANGE:0.16% UP:30% SPREAD:0.0755287% BID:2.648 ASK:2.65 MID:2.649 P1:2.649 P2:2.65 P3:2.6505 P4:2.65 STATE:IDLE
[2026-06-03 00:01:56Z] CHK MOM:-0.09% RANGE:0.16% UP:35% SPREAD:0.11325028% BID:2.649 ASK:2.652 MID:2.6505 P1:2.6505 P2:2.649 P3:2.65 P4:2.6505 STATE:IDLE
[2026-06-03 00:01:57Z] CHK MOM:-0.03% RANGE:0.16% UP:40% SPREAD:0.07544322% BID:2.651 ASK:2.653 MID:2.652 P1:2.652 P2:2.6505 P3:2.649 P4:2.65 STATE:IDLE
[2026-06-03 00:01:57Z] CHK MOM:-0.01% RANGE:0.16% UP:42.85% SPREAD:0.03770739% BID:2.652 ASK:2.653 MID:2.6525 P1:2.6525 P2:2.652 P3:2.6505 P4:2.649 STATE:IDLE
[2026-06-03 00:01:58Z] CHK MOM:-0.03% RANGE:0.16% UP:40% SPREAD:0.07544322% BID:2.651 ASK:2.653 MID:2.652 P1:2.652 P2:2.6525 P3:2.652 P4:2.6505 STATE:IDLE
[2026-06-03 00:01:58Z] CHK MOM:-0.01% RANGE:0.16% UP:40% SPREAD:0.07544322% BID:2.651 ASK:2.653 MID:2.652 P1:2.652 P2:2.652 P3:2.6525 P4:2.652 STATE:IDLE
[2026-06-03 00:01:59Z] CHK MOM:-0.05% RANGE:0.16% UP:35% SPREAD:0.07544322% BID:2.651 ASK:2.653 MID:2.652 P1:2.652 P2:2.652 P3:2.652 P4:2.6525 STATE:IDLE
[2026-06-03 00:02:00Z] CHK MOM:-0.15% RANGE:0.16% UP:35% SPREAD:0.03775009% BID:2.649 ASK:2.65 MID:2.64949999 P1:2.64949999 P2:2.652 P3:2.652 P4:2.652 STATE:IDLE
[2026-06-03 00:02:00Z] CHK MOM:-0.18% RANGE:0.18% UP:33.33% SPREAD:0.03776435% BID:2.648 ASK:2.649 MID:2.6485 P1:2.6485 P2:2.64949999 P3:2.652 P4:2.652 STATE:IDLE
[2026-06-03 00:02:01Z] CHK MOM:-0.15% RANGE:0.18% UP:33.33% SPREAD:0.03777861% BID:2.647 ASK:2.648 MID:2.6475 P1:2.6475 P2:2.6485 P3:2.64949999 P4:2.652 STATE:IDLE
[2026-06-03 00:02:01Z] CHK MOM:-0.05% RANGE:0.18% UP:40% SPREAD:0.07555723% BID:2.647 ASK:2.649 MID:2.64799999 P1:2.64799999 P2:2.6475 P3:2.6485 P4:2.64949999 STATE:IDLE
[2026-06-03 00:02:02Z] CHK MOM:-0.03% RANGE:0.18% UP:42.85% SPREAD:0.03776435% BID:2.648 ASK:2.649 MID:2.6485 P1:2.6485 P2:2.64799999 P3:2.6475 P4:2.6485 STATE:IDLE
[2026-06-03 00:02:02Z] CHK MOM:-0.07% RANGE:0.18% UP:38.09% SPREAD:0.03776435% BID:2.648 ASK:2.649 MID:2.6485 P1:2.6485 P2:2.6485 P3:2.64799999 P4:2.6475 STATE:IDLE
[2026-06-03 00:02:03Z] CHK MOM:-0.07% RANGE:0.18% UP:38.09% SPREAD:0.03776435% BID:2.648 ASK:2.649 MID:2.6485 P1:2.6485 P2:2.6485 P3:2.6485 P4:2.64799999 STATE:IDLE
[2026-06-03 00:02:03Z] CHK MOM:-0.09% RANGE:0.18% UP:33.33% SPREAD:0.03776435% BID:2.648 ASK:2.649 MID:2.6485 P1:2.6485 P2:2.6485 P3:2.6485 P4:2.6485 STATE:IDLE
[2026-06-03 00:02:04Z] CHK MOM:-0.13% RANGE:0.18% UP:30% SPREAD:0.07555723% BID:2.647 ASK:2.649 MID:2.64799999 P1:2.64799999 P2:2.6485 P3:2.6485 P4:2.6485 STATE:IDLE
[2026-06-03 00:02:05Z] CHK MOM:-0.09% RANGE:0.18% UP:30% SPREAD:0.07555723% BID:2.647 ASK:2.649 MID:2.64799999 P1:2.64799999 P2:2.64799999 P3:2.6485 P4:2.6485 STATE:IDLE
[2026-06-03 00:02:05Z] CHK MOM:-0.07% RANGE:0.18% UP:30% SPREAD:0.07555723% BID:2.647 ASK:2.649 MID:2.64799999 P1:2.64799999 P2:2.64799999 P3:2.64799999 P4:2.6485 STATE:IDLE
[2026-06-03 00:02:06Z] CHK MOM:-0.03% RANGE:0.18% UP:30% SPREAD:0.03775009% BID:2.649 ASK:2.65 MID:2.64949999 P1:2.64949999 P2:2.64799999 P3:2.64799999 P4:2.64799999 STATE:IDLE
[2026-06-03 00:02:06Z] CHK MOM:-0.03% RANGE:0.18% UP:28.57% SPREAD:0.03775009% BID:2.649 ASK:2.65 MID:2.64949999 P1:2.64949999 P2:2.64949999 P3:2.64799999 P4:2.64799999 STATE:IDLE
[2026-06-03 00:02:07Z] CHK MOM:0.01% RANGE:0.18% UP:33.33% SPREAD:0.03773584% BID:2.65 ASK:2.651 MID:2.6505 P1:2.6505 P2:2.64949999 P3:2.64949999 P4:2.64799999 STATE:IDLE
[2026-06-03 00:02:07Z] CHK MOM:0.01% RANGE:0.18% UP:33.33% SPREAD:0.03773584% BID:2.65 ASK:2.651 MID:2.6505 P1:2.6505 P2:2.64949999 P3:2.64949999 P4:2.64799999 STATE:IDLE
[2026-06-03 00:02:08Z] CHK MOM:0.01% RANGE:0.18% UP:33.33% SPREAD:0.03773584% BID:2.65 ASK:2.651 MID:2.6505 P1:2.6505 P2:2.64949999 P3:2.64949999 P4:2.64799999 STATE:IDLE
[2026-06-03 00:02:08Z] CHK MOM:0.01% RANGE:0.18% UP:33.33% SPREAD:0.03773584% BID:2.65 ASK:2.651 MID:2.6505 P1:2.6505 P2:2.64949999 P3:2.64949999 P4:2.64799999 STATE:IDLE
[2026-06-03 00:02:09Z] CHK MOM:0.01% RANGE:0.18% UP:33.33% SPREAD:0.03773584% BID:2.65 ASK:2.651 MID:2.6505 P1:2.6505 P2:2.64949999 P3:2.64949999 P4:2.64799999 STATE:IDLE
[2026-06-03 00:02:10Z] CHK MOM:0.01% RANGE:0.18% UP:33.33% SPREAD:0.03773584% BID:2.65 ASK:2.651 MID:2.6505 P1:2.6505 P2:2.64949999 P3:2.64949999 P4:2.64799999 STATE:IDLE
[2026-06-03 00:02:10Z] CHK MOM:-0.07% RANGE:0.16% UP:26.66% SPREAD:0.07550018% BID:2.649 ASK:2.651 MID:2.65 P1:2.65 P2:2.6505 P3:2.64949999 P4:2.64949999 STATE:IDLE
[2026-06-03 00:02:11Z] CHK MOM:-0.03% RANGE:0.11% UP:26.66% SPREAD:0.03776435% BID:2.648 ASK:2.649 MID:2.6485 P1:2.6485 P2:2.65 P3:2.6505 P4:2.64949999 STATE:IDLE
[2026-06-03 00:02:11Z] CHK MOM:-0.05% RANGE:0.11% UP:25% SPREAD:0.07555723% BID:2.647 ASK:2.649 MID:2.64799999 P1:2.64799999 P2:2.6485 P3:2.65 P4:2.6505 STATE:IDLE
[2026-06-03 00:02:12Z] CHK MOM:-0.05% RANGE:0.11% UP:23.52% SPREAD:0.07555723% BID:2.647 ASK:2.649 MID:2.64799999 P1:2.64799999 P2:2.64799999 P3:2.6485 P4:2.65 STATE:IDLE
[2026-06-03 00:02:12Z] CHK MOM:0% RANGE:0.11% UP:29.41% SPREAD:0.03776435% BID:2.648 ASK:2.649 MID:2.6485 P1:2.6485 P2:2.64799999 P3:2.64799999 P4:2.6485 STATE:IDLE
[2026-06-03 00:02:13Z] CHK MOM:0.03% RANGE:0.11% UP:29.41% SPREAD:0.03776435% BID:2.648 ASK:2.649 MID:2.6485 P1:2.6485 P2:2.6485 P3:2.64799999 P4:2.64799999 STATE:IDLE
[2026-06-03 00:02:13Z] CHK MOM:-0.01% RANGE:0.09% UP:18.75% SPREAD:0.07555723% BID:2.647 ASK:2.649 MID:2.64799999 P1:2.64799999 P2:2.6485 P3:2.6485 P4:2.64799999 STATE:IDLE
[2026-06-03 00:02:14Z] CHK MOM:-0.03% RANGE:0.11% UP:18.75% SPREAD:0.03777861% BID:2.647 ASK:2.648 MID:2.6475 P1:2.6475 P2:2.64799999 P3:2.6485 P4:2.6485 STATE:IDLE
[2026-06-03 00:02:14Z] CHK MOM:-0.07% RANGE:0.15% UP:18.75% SPREAD:0.03779289% BID:2.646 ASK:2.647 MID:2.64649999 P1:2.64649999 P2:2.6475 P3:2.64799999 P4:2.6485 STATE:IDLE
[2026-06-03 00:02:15Z] CHK MOM:-0.07% RANGE:0.15% UP:17.64% SPREAD:0.03779289% BID:2.646 ASK:2.647 MID:2.64649999 P1:2.64649999 P2:2.64649999 P3:2.6475 P4:2.64799999 STATE:IDLE
[2026-06-03 00:02:16Z] CHK MOM:-0.11% RANGE:0.18% UP:17.64% SPREAD:0.03780718% BID:2.645 ASK:2.646 MID:2.6455 P1:2.6455 P2:2.64649999 P3:2.64649999 P4:2.6475 STATE:IDLE
[2026-06-03 00:02:16Z] CHK MOM:-0.11% RANGE:0.2% UP:18.75% SPREAD:0.07564296% BID:2.644 ASK:2.646 MID:2.645 P1:2.645 P2:2.6455 P3:2.64649999 P4:2.64649999 STATE:IDLE
[2026-06-03 00:02:17Z] CHK MOM:-0.16% RANGE:0.26% UP:18.75% SPREAD:0.03783579% BID:2.643 ASK:2.644 MID:2.6435 P1:2.6435 P2:2.645 P3:2.6455 P4:2.64649999 STATE:IDLE
[2026-06-03 00:02:17Z] CHK MOM:-0.2% RANGE:0.26% UP:18.75% SPREAD:0.07567158% BID:2.643 ASK:2.645 MID:2.644 P1:2.644 P2:2.6435 P3:2.645 P4:2.6455 STATE:IDLE
[2026-06-03 00:02:18Z] CHK MOM:-0.2% RANGE:0.26% UP:17.64% SPREAD:0.07567158% BID:2.643 ASK:2.645 MID:2.644 P1:2.644 P2:2.644 P3:2.6435 P4:2.645 STATE:IDLE
[2026-06-03 00:02:18Z] CHK MOM:-0.24% RANGE:0.26% UP:12.5% SPREAD:0.07567158% BID:2.643 ASK:2.645 MID:2.644 P1:2.644 P2:2.644 P3:2.644 P4:2.6435 STATE:IDLE
[2026-06-03 00:02:19Z] CHK MOM:-0.24% RANGE:0.26% UP:12.5% SPREAD:0.07567158% BID:2.643 ASK:2.645 MID:2.644 P1:2.644 P2:2.644 P3:2.644 P4:2.6435 STATE:IDLE
[2026-06-03 00:02:19Z] CHK MOM:-0.24% RANGE:0.26% UP:12.5% SPREAD:0.07567158% BID:2.643 ASK:2.645 MID:2.644 P1:2.644 P2:2.644 P3:2.644 P4:2.6435 STATE:IDLE
[2026-06-03 00:02:20Z] CHK MOM:-0.22% RANGE:0.24% UP:12.5% SPREAD:0.07567158% BID:2.643 ASK:2.645 MID:2.644 P1:2.644 P2:2.644 P3:2.644 P4:2.644 STATE:IDLE
[2026-06-03 00:02:21Z] CHK MOM:-0.22% RANGE:0.24% UP:11.76% SPREAD:0.07567158% BID:2.643 ASK:2.645 MID:2.644 P1:2.644 P2:2.644 P3:2.644 P4:2.644 STATE:IDLE
[2026-06-03 00:02:21Z] CHK MOM:-0.22% RANGE:0.24% UP:11.11% SPREAD:0.07567158% BID:2.643 ASK:2.645 MID:2.644 P1:2.644 P2:2.644 P3:2.644 P4:2.644 STATE:IDLE
[2026-06-03 00:02:22Z] CHK MOM:-0.22% RANGE:0.24% UP:10.52% SPREAD:0.07567158% BID:2.643 ASK:2.645 MID:2.644 P1:2.644 P2:2.644 P3:2.644 P4:2.644 STATE:IDLE
[2026-06-03 00:02:22Z] CHK MOM:-0.24% RANGE:0.24% UP:10% SPREAD:0.03783579% BID:2.643 ASK:2.644 MID:2.6435 P1:2.6435 P2:2.644 P3:2.644 P4:2.644 STATE:IDLE
[2026-06-03 00:02:23Z] CHK MOM:-0.16% RANGE:0.18% UP:10.52% SPREAD:0.03783579% BID:2.643 ASK:2.644 MID:2.6435 P1:2.6435 P2:2.6435 P3:2.644 P4:2.644 STATE:IDLE
[2026-06-03 00:02:23Z] CHK MOM:-0.16% RANGE:0.18% UP:10.52% SPREAD:0.03783579% BID:2.643 ASK:2.644 MID:2.6435 P1:2.6435 P2:2.6435 P3:2.644 P4:2.644 STATE:IDLE
[2026-06-03 00:02:24Z] CHK MOM:-0.18% RANGE:0.2% UP:10.52% SPREAD:0.07570022% BID:2.642 ASK:2.644 MID:2.643 P1:2.643 P2:2.6435 P3:2.6435 P4:2.644 STATE:IDLE
[2026-06-03 00:02:24Z] CHK MOM:-0.2% RANGE:0.2% UP:5.55% SPREAD:0.07570022% BID:2.642 ASK:2.644 MID:2.643 P1:2.643 P2:2.643 P3:2.6435 P4:2.6435 STATE:IDLE
[2026-06-03 00:02:25Z] CHK MOM:-0.2% RANGE:0.2% UP:5.55% SPREAD:0.03785011% BID:2.642 ASK:2.643 MID:2.6425 P1:2.6425 P2:2.643 P3:2.643 P4:2.6435 STATE:IDLE
[2026-06-03 00:02:25Z] CHK MOM:-0.22% RANGE:0.22% UP:5.26% SPREAD:0.07572889% BID:2.641 ASK:2.643 MID:2.642 P1:2.642 P2:2.6425 P3:2.643 P4:2.643 STATE:IDLE
[2026-06-03 00:02:27Z] CHK MOM:-0.22% RANGE:0.22% UP:5.26% SPREAD:0.03786444% BID:2.641 ASK:2.642 MID:2.64149999 P1:2.64149999 P2:2.642 P3:2.6425 P4:2.643 STATE:IDLE
[2026-06-03 00:02:28Z] CHK MOM:-0.13% RANGE:0.13% UP:6.25% SPREAD:0.03786444% BID:2.641 ASK:2.642 MID:2.64149999 P1:2.64149999 P2:2.64149999 P3:2.642 P4:2.6425 STATE:IDLE
[2026-06-03 00:02:28Z] CHK MOM:-0.13% RANGE:0.13% UP:5.88% SPREAD:0.03786444% BID:2.641 ASK:2.642 MID:2.64149999 P1:2.64149999 P2:2.64149999 P3:2.64149999 P4:2.642 STATE:IDLE
[2026-06-03 00:02:29Z] CHK MOM:-0.07% RANGE:0.09% UP:5.88% SPREAD:0.03786444% BID:2.641 ASK:2.642 MID:2.64149999 P1:2.64149999 P2:2.64149999 P3:2.64149999 P4:2.64149999 STATE:IDLE
[2026-06-03 00:02:29Z] CHK MOM:-0.09% RANGE:0.09% UP:0% SPREAD:0.03786444% BID:2.641 ASK:2.642 MID:2.64149999 P1:2.64149999 P2:2.64149999 P3:2.64149999 P4:2.64149999 STATE:IDLE
[2026-06-03 00:02:30Z] CHK MOM:-0.09% RANGE:0.09% UP:0% SPREAD:0.03786444% BID:2.641 ASK:2.642 MID:2.64149999 P1:2.64149999 P2:2.64149999 P3:2.64149999 P4:2.64149999 STATE:IDLE
[2026-06-03 00:02:30Z] CHK MOM:-0.09% RANGE:0.09% UP:0% SPREAD:0.03786444% BID:2.641 ASK:2.642 MID:2.64149999 P1:2.64149999 P2:2.64149999 P3:2.64149999 P4:2.64149999 STATE:IDLE
[2026-06-03 00:02:31Z] CHK MOM:-0.09% RANGE:0.09% UP:0% SPREAD:0.03786444% BID:2.641 ASK:2.642 MID:2.64149999 P1:2.64149999 P2:2.64149999 P3:2.64149999 P4:2.64149999 STATE:IDLE
[2026-06-03 00:02:32Z] CHK MOM:-0.03% RANGE:0.09% UP:5.88% SPREAD:0.07570022% BID:2.642 ASK:2.644 MID:2.643 P1:2.643 P2:2.64149999 P3:2.64149999 P4:2.64149999 STATE:IDLE
[2026-06-03 00:02:32Z] CHK MOM:0% RANGE:0.09% UP:11.76% SPREAD:0.07567158% BID:2.643 ASK:2.645 MID:2.644 P1:2.644 P2:2.643 P3:2.64149999 P4:2.64149999 STATE:IDLE
[2026-06-03 00:02:33Z] CHK MOM:-0.01% RANGE:0.09% UP:11.76% SPREAD:0.03783579% BID:2.643 ASK:2.644 MID:2.6435 P1:2.6435 P2:2.644 P3:2.643 P4:2.64149999 STATE:IDLE
[2026-06-03 00:02:33Z] CHK MOM:-0.01% RANGE:0.09% UP:11.76% SPREAD:0.03783579% BID:2.643 ASK:2.644 MID:2.6435 P1:2.6435 P2:2.644 P3:2.643 P4:2.64149999 STATE:IDLE
[2026-06-03 00:02:34Z] CHK MOM:0% RANGE:0.09% UP:12.5% SPREAD:0.03783579% BID:2.643 ASK:2.644 MID:2.6435 P1:2.6435 P2:2.6435 P3:2.644 P4:2.643 STATE:IDLE
[2026-06-03 00:02:34Z] CHK MOM:0% RANGE:0.09% UP:11.76% SPREAD:0.03783579% BID:2.643 ASK:2.644 MID:2.6435 P1:2.6435 P2:2.6435 P3:2.6435 P4:2.644 STATE:IDLE
[2026-06-03 00:02:35Z] CHK MOM:0% RANGE:0.09% UP:11.76% SPREAD:0.03783579% BID:2.643 ASK:2.644 MID:2.6435 P1:2.6435 P2:2.6435 P3:2.6435 P4:2.644 STATE:IDLE
[2026-06-03 00:02:35Z] CHK MOM:0.03% RANGE:0.09% UP:18.75% SPREAD:0.07567158% BID:2.643 ASK:2.645 MID:2.644 P1:2.644 P2:2.6435 P3:2.6435 P4:2.6435 STATE:IDLE
[2026-06-03 00:02:36Z] CHK MOM:-0.03% RANGE:0.09% UP:17.64% SPREAD:0.07572889% BID:2.641 ASK:2.643 MID:2.642 P1:2.642 P2:2.644 P3:2.6435 P4:2.6435 STATE:IDLE
[2026-06-03 00:02:36Z] CHK MOM:-0.03% RANGE:0.09% UP:17.64% SPREAD:0.07572889% BID:2.641 ASK:2.643 MID:2.642 P1:2.642 P2:2.642 P3:2.644 P4:2.6435 STATE:IDLE
[2026-06-03 00:02:37Z] CHK MOM:-0.01% RANGE:0.09% UP:17.64% SPREAD:0.07572889% BID:2.641 ASK:2.643 MID:2.642 P1:2.642 P2:2.642 P3:2.642 P4:2.644 STATE:IDLE
[2026-06-03 00:02:38Z] CHK MOM:0.05% RANGE:0.09% UP:26.66% SPREAD:0.07570022% BID:2.642 ASK:2.644 MID:2.643 P1:2.643 P2:2.642 P3:2.642 P4:2.642 STATE:IDLE
[2026-06-03 00:02:38Z] CHK MOM:0.07% RANGE:0.09% UP:31.25% SPREAD:0.03783579% BID:2.643 ASK:2.644 MID:2.6435 P1:2.6435 P2:2.643 P3:2.642 P4:2.642 STATE:IDLE
[2026-06-03 00:02:39Z] CHK MOM:0.11% RANGE:0.11% UP:35.29% SPREAD:0.03782148% BID:2.644 ASK:2.645 MID:2.6445 P1:2.6445 P2:2.6435 P3:2.643 P4:2.642 STATE:IDLE
[2026-06-03 00:02:39Z] CHK MOM:0.11% RANGE:0.11% UP:33.33% SPREAD:0.03782148% BID:2.644 ASK:2.645 MID:2.6445 P1:2.6445 P2:2.6445 P3:2.6435 P4:2.643 STATE:IDLE
[2026-06-03 00:02:40Z] CHK MOM:0.09% RANGE:0.11% UP:33.33% SPREAD:0.07567158% BID:2.643 ASK:2.645 MID:2.644 P1:2.644 P2:2.6445 P3:2.6445 P4:2.6435 STATE:IDLE
[2026-06-03 00:02:40Z] CHK MOM:0.09% RANGE:0.11% UP:31.57% SPREAD:0.07567158% BID:2.643 ASK:2.645 MID:2.644 P1:2.644 P2:2.644 P3:2.6445 P4:2.6445 STATE:IDLE
[2026-06-03 00:02:41Z] CHK MOM:0.11% RANGE:0.11% UP:38.88% SPREAD:0.03782148% BID:2.644 ASK:2.645 MID:2.6445 P1:2.6445 P2:2.644 P3:2.644 P4:2.6445 STATE:IDLE
[2026-06-03 00:02:41Z] CHK MOM:0.11% RANGE:0.11% UP:36.84% SPREAD:0.03782148% BID:2.644 ASK:2.645 MID:2.6445 P1:2.6445 P2:2.6445 P3:2.644 P4:2.644 STATE:IDLE
[2026-06-03 00:02:42Z] CHK MOM:0.07% RANGE:0.11% UP:38.88% SPREAD:0.03783579% BID:2.643 ASK:2.644 MID:2.6435 P1:2.6435 P2:2.6445 P3:2.6445 P4:2.644 STATE:IDLE
[2026-06-03 00:02:43Z] CHK MOM:0.07% RANGE:0.11% UP:36.84% SPREAD:0.03783579% BID:2.643 ASK:2.644 MID:2.6435 P1:2.6435 P2:2.6435 P3:2.6445 P4:2.6445 STATE:IDLE
[2026-06-03 00:02:43Z] CHK MOM:-0.03% RANGE:0.09% UP:27.77% SPREAD:0.07570022% BID:2.642 ASK:2.644 MID:2.643 P1:2.643 P2:2.6435 P3:2.6435 P4:2.6445 STATE:IDLE
[2026-06-03 00:02:44Z] CHK MOM:-0.07% RANGE:0.09% UP:26.31% SPREAD:0.07572889% BID:2.641 ASK:2.643 MID:2.642 P1:2.642 P2:2.643 P3:2.6435 P4:2.6435 STATE:IDLE
[2026-06-03 00:02:44Z] CHK MOM:-0.09% RANGE:0.13% UP:26.31% SPREAD:0.07575757% BID:2.64 ASK:2.642 MID:2.641 P1:2.641 P2:2.642 P3:2.643 P4:2.6435 STATE:IDLE
[2026-06-03 00:02:45Z] CHK MOM:-0.15% RANGE:0.18% UP:26.31% SPREAD:0.03789314% BID:2.639 ASK:2.64 MID:2.6395 P1:2.6395 P2:2.641 P3:2.642 P4:2.643 STATE:IDLE
[2026-06-03 00:02:45Z] CHK MOM:-0.17% RANGE:0.2% UP:25% SPREAD:0.07581501% BID:2.638 ASK:2.64 MID:2.639 P1:2.639 P2:2.6395 P3:2.641 P4:2.642 STATE:IDLE
[2026-06-03 00:02:46Z] CHK MOM:-0.17% RANGE:0.2% UP:23.8% SPREAD:0.07581501% BID:2.638 ASK:2.64 MID:2.639 P1:2.639 P2:2.639 P3:2.6395 P4:2.641 STATE:IDLE
[2026-06-03 00:02:46Z] CHK MOM:-0.18% RANGE:0.2% UP:20% SPREAD:0.07581501% BID:2.638 ASK:2.64 MID:2.639 P1:2.639 P2:2.639 P3:2.639 P4:2.6395 STATE:IDLE
[2026-06-03 00:02:47Z] CHK MOM:-0.18% RANGE:0.2% UP:19.04% SPREAD:0.07581501% BID:2.638 ASK:2.64 MID:2.639 P1:2.639 P2:2.639 P3:2.639 P4:2.639 STATE:IDLE
[2026-06-03 00:02:47Z] CHK MOM:-0.17% RANGE:0.26% UP:19.04% SPREAD:0.03792188% BID:2.637 ASK:2.638 MID:2.6375 P1:2.6375 P2:2.639 P3:2.639 P4:2.639 STATE:IDLE
[2026-06-03 00:02:48Z] CHK MOM:-0.17% RANGE:0.26% UP:18.18% SPREAD:0.03792188% BID:2.637 ASK:2.638 MID:2.6375 P1:2.6375 P2:2.6375 P3:2.639 P4:2.639 STATE:IDLE
[2026-06-03 00:02:49Z] CHK MOM:-0.22% RANGE:0.28% UP:15% SPREAD:0.07587253% BID:2.636 ASK:2.638 MID:2.637 P1:2.637 P2:2.6375 P3:2.6375 P4:2.639 STATE:IDLE
[2026-06-03 00:02:49Z] CHK MOM:-0.24% RANGE:0.3% UP:14.28% SPREAD:0.03793626% BID:2.636 ASK:2.637 MID:2.6365 P1:2.6365 P2:2.637 P3:2.6375 P4:2.6375 STATE:IDLE
[2026-06-03 00:02:50Z] CHK MOM:-0.24% RANGE:0.3% UP:13.63% SPREAD:0.03793626% BID:2.636 ASK:2.637 MID:2.6365 P1:2.6365 P2:2.6365 P3:2.637 P4:2.6375 STATE:IDLE
[2026-06-03 00:02:50Z] CHK MOM:-0.3% RANGE:0.34% UP:9.09% SPREAD:0.03795066% BID:2.635 ASK:2.636 MID:2.6355 P1:2.6355 P2:2.6365 P3:2.6365 P4:2.637 STATE:IDLE
[2026-06-03 00:02:51Z] CHK MOM:-0.34% RANGE:0.34% UP:4.76% SPREAD:0.03795066% BID:2.635 ASK:2.636 MID:2.6355 P1:2.6355 P2:2.6355 P3:2.6365 P4:2.6365 STATE:IDLE
[2026-06-03 00:02:51Z] CHK MOM:-0.28% RANGE:0.34% UP:9.52% SPREAD:0.03793626% BID:2.636 ASK:2.637 MID:2.6365 P1:2.6365 P2:2.6355 P3:2.6355 P4:2.6365 STATE:IDLE
[2026-06-03 00:02:52Z] CHK MOM:-0.24% RANGE:0.34% UP:14.28% SPREAD:0.03792188% BID:2.637 ASK:2.638 MID:2.6375 P1:2.6375 P2:2.6365 P3:2.6355 P4:2.6355 STATE:IDLE
[2026-06-03 00:02:52Z] CHK MOM:-0.26% RANGE:0.34% UP:9.52% SPREAD:0.03792188% BID:2.637 ASK:2.638 MID:2.6375 P1:2.6375 P2:2.6375 P3:2.6365 P4:2.6355 STATE:IDLE
[2026-06-03 00:02:53Z] CHK MOM:-0.26% RANGE:0.34% UP:9.52% SPREAD:0.03792188% BID:2.637 ASK:2.638 MID:2.6375 P1:2.6375 P2:2.6375 P3:2.6375 P4:2.6365 STATE:IDLE
[2026-06-03 00:02:54Z] CHK MOM:-0.22% RANGE:0.3% UP:9.52% SPREAD:0.03792188% BID:2.637 ASK:2.638 MID:2.6375 P1:2.6375 P2:2.6375 P3:2.6375 P4:2.6375 STATE:IDLE
[2026-06-03 00:02:54Z] CHK MOM:-0.22% RANGE:0.3% UP:9.52% SPREAD:0.03792188% BID:2.637 ASK:2.638 MID:2.6375 P1:2.6375 P2:2.6375 P3:2.6375 P4:2.6375 STATE:IDLE
[2026-06-03 00:02:55Z] CHK MOM:-0.2% RANGE:0.28% UP:9.52% SPREAD:0.03792188% BID:2.637 ASK:2.638 MID:2.6375 P1:2.6375 P2:2.6375 P3:2.6375 P4:2.6375 STATE:IDLE
[2026-06-03 00:02:55Z] CHK MOM:-0.2% RANGE:0.28% UP:9.52% SPREAD:0.03792188% BID:2.637 ASK:2.638 MID:2.6375 P1:2.6375 P2:2.6375 P3:2.6375 P4:2.6375 STATE:IDLE
[2026-06-03 00:02:56Z] CHK MOM:-0.18% RANGE:0.2% UP:10% SPREAD:0.07590132% BID:2.635 ASK:2.637 MID:2.636 P1:2.636 P2:2.6375 P3:2.6375 P4:2.6375 STATE:IDLE
[2026-06-03 00:02:56Z] CHK MOM:-0.17% RANGE:0.2% UP:14.28% SPREAD:0.03793626% BID:2.636 ASK:2.637 MID:2.6365 P1:2.6365 P2:2.636 P3:2.6375 P4:2.6375 STATE:IDLE
[2026-06-03 00:02:57Z] CHK MOM:-0.17% RANGE:0.2% UP:14.28% SPREAD:0.03793626% BID:2.636 ASK:2.637 MID:2.6365 P1:2.6365 P2:2.636 P3:2.6375 P4:2.6375 STATE:IDLE
[2026-06-03 00:02:57Z] CHK MOM:-0.07% RANGE:0.13% UP:21.05% SPREAD:0.07587253% BID:2.636 ASK:2.638 MID:2.637 P1:2.637 P2:2.6365 P3:2.636 P4:2.6375 STATE:IDLE
[2026-06-03 00:02:58Z] CHK MOM:-0.07% RANGE:0.13% UP:21.05% SPREAD:0.07587253% BID:2.636 ASK:2.638 MID:2.637 P1:2.637 P2:2.637 P3:2.6365 P4:2.636 STATE:IDLE
[2026-06-03 00:02:58Z] CHK MOM:-0.07% RANGE:0.13% UP:20% SPREAD:0.07587253% BID:2.636 ASK:2.638 MID:2.637 P1:2.637 P2:2.637 P3:2.637 P4:2.6365 STATE:IDLE
[2026-06-03 00:02:59Z] CHK MOM:-0.01% RANGE:0.07% UP:21.05% SPREAD:0.07587253% BID:2.636 ASK:2.638 MID:2.637 P1:2.637 P2:2.637 P3:2.637 P4:2.637 STATE:IDLE
[2026-06-03 00:03:00Z] CHK MOM:0.05% RANGE:0.11% UP:27.77% SPREAD:0.0379075% BID:2.638 ASK:2.639 MID:2.63849999 P1:2.63849999 P2:2.637 P3:2.637 P4:2.637 STATE:IDLE
[2026-06-03 00:03:00Z] CHK MOM:0.03% RANGE:0.11% UP:26.31% SPREAD:0.07584376% BID:2.637 ASK:2.639 MID:2.638 P1:2.638 P2:2.63849999 P3:2.637 P4:2.637 STATE:IDLE
[2026-06-03 00:03:01Z] CHK MOM:0.05% RANGE:0.11% UP:26.31% SPREAD:0.07584376% BID:2.637 ASK:2.639 MID:2.638 P1:2.638 P2:2.638 P3:2.63849999 P4:2.637 STATE:IDLE
[2026-06-03 00:03:01Z] CHK MOM:0.03% RANGE:0.11% UP:25% SPREAD:0.03792188% BID:2.637 ASK:2.638 MID:2.6375 P1:2.6375 P2:2.638 P3:2.638 P4:2.63849999 STATE:IDLE
[2026-06-03 00:03:02Z] CHK MOM:0.03% RANGE:0.11% UP:25% SPREAD:0.03792188% BID:2.637 ASK:2.638 MID:2.6375 P1:2.6375 P2:2.6375 P3:2.638 P4:2.638 STATE:IDLE
[2026-06-03 00:03:02Z] CHK MOM:0.07% RANGE:0.11% UP:26.31% SPREAD:0.03792188% BID:2.637 ASK:2.638 MID:2.6375 P1:2.6375 P2:2.6375 P3:2.6375 P4:2.638 STATE:IDLE
[2026-06-03 00:03:03Z] CHK MOM:0.11% RANGE:0.11% UP:30% SPREAD:0.0379075% BID:2.638 ASK:2.639 MID:2.63849999 P1:2.63849999 P2:2.6375 P3:2.6375 P4:2.6375 STATE:IDLE
[2026-06-03 00:03:03Z] CHK MOM:0.11% RANGE:0.11% UP:30% SPREAD:0.0379075% BID:2.638 ASK:2.639 MID:2.63849999 P1:2.63849999 P2:2.6375 P3:2.6375 P4:2.6375 STATE:IDLE
[2026-06-03 00:03:04Z] CHK MOM:0.03% RANGE:0.09% UP:21.05% SPREAD:0.0379075% BID:2.638 ASK:2.639 MID:2.63849999 P1:2.63849999 P2:2.63849999 P3:2.6375 P4:2.6375 STATE:IDLE
[2026-06-03 00:03:05Z] CHK MOM:0.03% RANGE:0.09% UP:22.22% SPREAD:0.0379075% BID:2.638 ASK:2.639 MID:2.63849999 P1:2.63849999 P2:2.63849999 P3:2.63849999 P4:2.6375 STATE:IDLE
[2026-06-03 00:03:05Z] CHK MOM:0.2% RANGE:0.26% UP:27.77% SPREAD:0.07570022% BID:2.642 ASK:2.644 MID:2.643 P1:2.643 P2:2.63849999 P3:2.63849999 P4:2.63849999 STATE:IDLE
[2026-06-03 00:03:06Z] CHK MOM:0.22% RANGE:0.28% UP:33.33% SPREAD:0.03783579% BID:2.643 ASK:2.644 MID:2.6435 P1:2.6435 P2:2.643 P3:2.63849999 P4:2.63849999 STATE:IDLE
[2026-06-03 00:03:07Z] DECIDE_HOLD reason=HOLD_BURST_EMA spread=0.0378% mom=0.2275% range=0.2845% up=33.33% mid=2.64350000 P1=2.6435 P2=2.643 P3=2.6384999999999996 P4=2.6384999999999996 ema5=0
[2026-06-03 00:03:07Z] CHK MOM:0.18% RANGE:0.28% UP:35.29% SPREAD:0.07575757% BID:2.64 ASK:2.642 MID:2.641 P1:2.641 P2:2.6435 P3:2.643 P4:2.63849999 STATE:IDLE
[2026-06-03 00:03:08Z] CHK MOM:0.18% RANGE:0.28% UP:33.33% SPREAD:0.07575757% BID:2.64 ASK:2.642 MID:2.641 P1:2.641 P2:2.641 P3:2.6435 P4:2.643 STATE:IDLE
[2026-06-03 00:03:08Z] CHK MOM:0.18% RANGE:0.26% UP:33.33% SPREAD:0.03786444% BID:2.641 ASK:2.642 MID:2.64149999 P1:2.64149999 P2:2.641 P3:2.641 P4:2.6435 STATE:IDLE
[2026-06-03 00:03:09Z] CHK MOM:0.18% RANGE:0.26% UP:33.33% SPREAD:0.03786444% BID:2.641 ASK:2.642 MID:2.64149999 P1:2.64149999 P2:2.641 P3:2.641 P4:2.6435 STATE:IDLE
[2026-06-03 00:03:09Z] CHK MOM:0.18% RANGE:0.26% UP:33.33% SPREAD:0.03786444% BID:2.641 ASK:2.642 MID:2.64149999 P1:2.64149999 P2:2.641 P3:2.641 P4:2.6435 STATE:IDLE
[2026-06-03 00:03:10Z] CHK MOM:0.18% RANGE:0.26% UP:33.33% SPREAD:0.03786444% BID:2.641 ASK:2.642 MID:2.64149999 P1:2.64149999 P2:2.641 P3:2.641 P4:2.6435 STATE:IDLE
[2026-06-03 00:03:11Z] CHK MOM:0.17% RANGE:0.24% UP:31.25% SPREAD:0.03786444% BID:2.641 ASK:2.642 MID:2.64149999 P1:2.64149999 P2:2.64149999 P3:2.641 P4:2.641 STATE:IDLE
[2026-06-03 00:03:11Z] CHK MOM:0.17% RANGE:0.24% UP:31.25% SPREAD:0.03786444% BID:2.641 ASK:2.642 MID:2.64149999 P1:2.64149999 P2:2.64149999 P3:2.641 P4:2.641 STATE:IDLE
[2026-06-03 00:03:12Z] CHK MOM:0.17% RANGE:0.24% UP:31.25% SPREAD:0.03786444% BID:2.641 ASK:2.642 MID:2.64149999 P1:2.64149999 P2:2.64149999 P3:2.641 P4:2.641 STATE:IDLE
[2026-06-03 00:03:12Z] CHK MOM:0.17% RANGE:0.24% UP:31.25% SPREAD:0.03786444% BID:2.641 ASK:2.642 MID:2.64149999 P1:2.64149999 P2:2.64149999 P3:2.641 P4:2.641 STATE:IDLE
[2026-06-03 00:03:13Z] CHK MOM:0.09% RANGE:0.22% UP:30.76% SPREAD:0.03787878% BID:2.64 ASK:2.641 MID:2.6405 P1:2.6405 P2:2.64149999 P3:2.64149999 P4:2.641 STATE:IDLE
[2026-06-03 00:03:13Z] CHK MOM:0.13% RANGE:0.22% UP:41.66% SPREAD:0.07575757% BID:2.64 ASK:2.642 MID:2.641 P1:2.641 P2:2.6405 P3:2.64149999 P4:2.64149999 STATE:IDLE
[2026-06-03 00:03:14Z] CHK MOM:0.15% RANGE:0.22% UP:50% SPREAD:0.03786444% BID:2.641 ASK:2.642 MID:2.64149999 P1:2.64149999 P2:2.641 P3:2.6405 P4:2.64149999 STATE:IDLE
[2026-06-03 00:03:14Z] CHK MOM:0.15% RANGE:0.22% UP:46.15% SPREAD:0.03786444% BID:2.641 ASK:2.642 MID:2.64149999 P1:2.64149999 P2:2.64149999 P3:2.641 P4:2.6405 STATE:IDLE
[2026-06-03 00:03:15Z] CHK MOM:0.15% RANGE:0.22% UP:46.15% SPREAD:0.03786444% BID:2.641 ASK:2.642 MID:2.64149999 P1:2.64149999 P2:2.64149999 P3:2.641 P4:2.6405 STATE:IDLE
[2026-06-03 00:03:16Z] CHK MOM:0.09% RANGE:0.18% UP:41.66% SPREAD:0.07575757% BID:2.64 ASK:2.642 MID:2.641 P1:2.641 P2:2.64149999 P3:2.64149999 P4:2.641 STATE:IDLE
[2026-06-03 00:03:16Z] CHK MOM:0.09% RANGE:0.18% UP:41.66% SPREAD:0.07575757% BID:2.64 ASK:2.642 MID:2.641 P1:2.641 P2:2.64149999 P3:2.64149999 P4:2.641 STATE:IDLE
[2026-06-03 00:03:17Z] CHK MOM:0.09% RANGE:0.18% UP:41.66% SPREAD:0.07575757% BID:2.64 ASK:2.642 MID:2.641 P1:2.641 P2:2.64149999 P3:2.64149999 P4:2.641 STATE:IDLE
[2026-06-03 00:03:17Z] CHK MOM:-0.09% RANGE:0.11% UP:30% SPREAD:0.07575757% BID:2.64 ASK:2.642 MID:2.641 P1:2.641 P2:2.641 P3:2.64149999 P4:2.64149999 STATE:IDLE
[2026-06-03 00:03:18Z] CHK MOM:-0.01% RANGE:0.11% UP:36.36% SPREAD:0.07570022% BID:2.642 ASK:2.644 MID:2.643 P1:2.643 P2:2.641 P3:2.641 P4:2.64149999 STATE:IDLE
[2026-06-03 00:03:18Z] CHK MOM:0.09% RANGE:0.11% UP:45.45% SPREAD:0.03783579% BID:2.643 ASK:2.644 MID:2.6435 P1:2.6435 P2:2.643 P3:2.641 P4:2.641 STATE:IDLE
[2026-06-03 00:03:19Z] CHK MOM:0.09% RANGE:0.11% UP:41.66% SPREAD:0.03783579% BID:2.643 ASK:2.644 MID:2.6435 P1:2.6435 P2:2.6435 P3:2.643 P4:2.641 STATE:IDLE
[2026-06-03 00:03:19Z] CHK MOM:0.11% RANGE:0.13% UP:46.15% SPREAD:0.07567158% BID:2.643 ASK:2.645 MID:2.644 P1:2.644 P2:2.6435 P3:2.6435 P4:2.643 STATE:IDLE
[2026-06-03 00:03:20Z] CHK MOM:0.11% RANGE:0.15% UP:50% SPREAD:0.03782148% BID:2.644 ASK:2.645 MID:2.6445 P1:2.6445 P2:2.644 P3:2.6435 P4:2.6435 STATE:IDLE
[2026-06-03 00:03:20Z] CHK MOM:0.13% RANGE:0.17% UP:53.84% SPREAD:0.07564296% BID:2.644 ASK:2.646 MID:2.645 P1:2.645 P2:2.6445 P3:2.644 P4:2.6435 STATE:IDLE
[2026-06-03 00:03:21Z] CHK MOM:0.13% RANGE:0.17% UP:53.84% SPREAD:0.07564296% BID:2.644 ASK:2.646 MID:2.645 P1:2.645 P2:2.6445 P3:2.644 P4:2.6435 STATE:IDLE
[2026-06-03 00:03:22Z] CHK MOM:0.17% RANGE:0.2% UP:61.53% SPREAD:0.07561436% BID:2.645 ASK:2.647 MID:2.646 P1:2.646 P2:2.645 P3:2.6445 P4:2.644 STATE:IDLE
[2026-06-03 00:03:22Z] CHK MOM:0.17% RANGE:0.2% UP:61.53% SPREAD:0.07561436% BID:2.645 ASK:2.647 MID:2.646 P1:2.646 P2:2.645 P3:2.6445 P4:2.644 STATE:IDLE
[2026-06-03 00:03:23Z] CHK MOM:0.17% RANGE:0.2% UP:61.53% SPREAD:0.07564296% BID:2.644 ASK:2.646 MID:2.645 P1:2.645 P2:2.646 P3:2.645 P4:2.6445 STATE:IDLE
[2026-06-03 00:03:23Z] CHK MOM:0.17% RANGE:0.2% UP:57.14% SPREAD:0.07564296% BID:2.644 ASK:2.646 MID:2.645 P1:2.645 P2:2.645 P3:2.646 P4:2.645 STATE:IDLE
[2026-06-03 00:03:24Z] CHK MOM:0.17% RANGE:0.2% UP:53.33% SPREAD:0.07564296% BID:2.644 ASK:2.646 MID:2.645 P1:2.645 P2:2.645 P3:2.645 P4:2.646 STATE:IDLE
[2026-06-03 00:03:24Z] CHK MOM:0.17% RANGE:0.2% UP:50% SPREAD:0.07564296% BID:2.644 ASK:2.646 MID:2.645 P1:2.645 P2:2.645 P3:2.645 P4:2.645 STATE:IDLE
[2026-06-03 00:03:25Z] CHK MOM:0.17% RANGE:0.2% UP:50% SPREAD:0.07564296% BID:2.644 ASK:2.646 MID:2.645 P1:2.645 P2:2.645 P3:2.645 P4:2.645 STATE:IDLE
[2026-06-03 00:03:25Z] CHK MOM:0.17% RANGE:0.2% UP:50% SPREAD:0.07564296% BID:2.644 ASK:2.646 MID:2.645 P1:2.645 P2:2.645 P3:2.645 P4:2.645 STATE:IDLE
[2026-06-03 00:03:26Z] CHK MOM:0.07% RANGE:0.18% UP:40% SPREAD:0.03783579% BID:2.643 ASK:2.644 MID:2.6435 P1:2.6435 P2:2.645 P3:2.645 P4:2.645 STATE:IDLE
[2026-06-03 00:03:27Z] CHK MOM:0.11% RANGE:0.18% UP:50% SPREAD:0.07567158% BID:2.643 ASK:2.645 MID:2.644 P1:2.644 P2:2.6435 P3:2.645 P4:2.645 STATE:IDLE
[2026-06-03 00:03:27Z] CHK MOM:0.11% RANGE:0.18% UP:46.66% SPREAD:0.07567158% BID:2.643 ASK:2.645 MID:2.644 P1:2.644 P2:2.644 P3:2.6435 P4:2.645 STATE:IDLE
[2026-06-03 00:03:28Z] CHK MOM:0.13% RANGE:0.18% UP:53.33% SPREAD:0.03782148% BID:2.644 ASK:2.645 MID:2.6445 P1:2.6445 P2:2.644 P3:2.644 P4:2.6435 STATE:IDLE
[2026-06-03 00:03:28Z] CHK MOM:0.11% RANGE:0.18% UP:50% SPREAD:0.07567158% BID:2.643 ASK:2.645 MID:2.644 P1:2.644 P2:2.6445 P3:2.644 P4:2.644 STATE:IDLE
[2026-06-03 00:03:29Z] CHK MOM:0.11% RANGE:0.18% UP:50% SPREAD:0.07567158% BID:2.643 ASK:2.645 MID:2.644 P1:2.644 P2:2.6445 P3:2.644 P4:2.644 STATE:IDLE
[2026-06-03 00:03:29Z] CHK MOM:0.07% RANGE:0.18% UP:47.05% SPREAD:0.07570022% BID:2.642 ASK:2.644 MID:2.643 P1:2.643 P2:2.644 P3:2.6445 P4:2.644 STATE:IDLE
[2026-06-03 00:03:30Z] CHK MOM:-0.01% RANGE:0.11% UP:37.5% SPREAD:0.07570022% BID:2.642 ASK:2.644 MID:2.643 P1:2.643 P2:2.643 P3:2.644 P4:2.6445 STATE:IDLE
[2026-06-03 00:03:30Z] CHK MOM:-0.01% RANGE:0.11% UP:35.29% SPREAD:0.07570022% BID:2.642 ASK:2.644 MID:2.643 P1:2.643 P2:2.643 P3:2.643 P4:2.644 STATE:IDLE
[2026-06-03 00:03:31Z] CHK MOM:-0.01% RANGE:0.11% UP:35.29% SPREAD:0.07570022% BID:2.642 ASK:2.644 MID:2.643 P1:2.643 P2:2.643 P3:2.643 P4:2.643 STATE:IDLE
[2026-06-03 00:03:31Z] CHK MOM:-0.11% RANGE:0.17% UP:25% SPREAD:0.03786444% BID:2.641 ASK:2.642 MID:2.64149999 P1:2.64149999 P2:2.643 P3:2.643 P4:2.643 STATE:IDLE
[2026-06-03 00:03:32Z] CHK MOM:-0.11% RANGE:0.17% UP:23.52% SPREAD:0.03786444% BID:2.641 ASK:2.642 MID:2.64149999 P1:2.64149999 P2:2.64149999 P3:2.643 P4:2.643 STATE:IDLE
[2026-06-03 00:03:33Z] CHK MOM:-0.15% RANGE:0.17% UP:18.75% SPREAD:0.07572889% BID:2.641 ASK:2.643 MID:2.642 P1:2.642 P2:2.64149999 P3:2.64149999 P4:2.643 STATE:IDLE
[2026-06-03 00:03:33Z] CHK MOM:-0.15% RANGE:0.17% UP:18.75% SPREAD:0.07572889% BID:2.641 ASK:2.643 MID:2.642 P1:2.642 P2:2.64149999 P3:2.64149999 P4:2.643 STATE:IDLE
[2026-06-03 00:03:34Z] CHK MOM:-0.11% RANGE:0.13% UP:18.75% SPREAD:0.07572889% BID:2.641 ASK:2.643 MID:2.642 P1:2.642 P2:2.642 P3:2.64149999 P4:2.64149999 STATE:IDLE
[2026-06-03 00:03:34Z] CHK MOM:-0.11% RANGE:0.13% UP:18.75% SPREAD:0.07572889% BID:2.641 ASK:2.643 MID:2.642 P1:2.642 P2:2.642 P3:2.64149999 P4:2.64149999 STATE:IDLE
[2026-06-03 00:03:35Z] CHK MOM:-0.15% RANGE:0.15% UP:18.75% SPREAD:0.07575757% BID:2.64 ASK:2.642 MID:2.641 P1:2.641 P2:2.642 P3:2.642 P4:2.64149999 STATE:IDLE
[2026-06-03 00:03:35Z] CHK MOM:-0.17% RANGE:0.17% UP:18.75% SPREAD:0.03787878% BID:2.64 ASK:2.641 MID:2.6405 P1:2.6405 P2:2.641 P3:2.642 P4:2.642 STATE:IDLE
[2026-06-03 00:03:36Z] CHK MOM:-0.07% RANGE:0.17% UP:25% SPREAD:0.07570022% BID:2.642 ASK:2.644 MID:2.643 P1:2.643 P2:2.6405 P3:2.641 P4:2.642 STATE:IDLE
[2026-06-03 00:03:36Z] CHK MOM:-0.03% RANGE:0.15% UP:25% SPREAD:0.03785011% BID:2.642 ASK:2.643 MID:2.6425 P1:2.6425 P2:2.643 P3:2.6405 P4:2.641 STATE:IDLE
[2026-06-03 00:03:37Z] CHK MOM:-0.01% RANGE:0.15% UP:29.41% SPREAD:0.07570022% BID:2.642 ASK:2.644 MID:2.643 P1:2.643 P2:2.6425 P3:2.643 P4:2.6405 STATE:IDLE
[2026-06-03 00:03:38Z] CHK MOM:-0.05% RANGE:0.15% UP:27.77% SPREAD:0.07572889% BID:2.641 ASK:2.643 MID:2.642 P1:2.642 P2:2.643 P3:2.6425 P4:2.643 STATE:IDLE
[2026-06-03 00:03:38Z] CHK MOM:-0.18% RANGE:0.2% UP:23.52% SPREAD:0.07581501% BID:2.638 ASK:2.64 MID:2.639 P1:2.639 P2:2.642 P3:2.643 P4:2.6425 STATE:IDLE
[2026-06-03 00:03:39Z] CHK MOM:-0.18% RANGE:0.2% UP:22.22% SPREAD:0.07581501% BID:2.638 ASK:2.64 MID:2.639 P1:2.639 P2:2.639 P3:2.642 P4:2.643 STATE:IDLE
[2026-06-03 00:03:39Z] CHK MOM:-0.22% RANGE:0.22% UP:16.66% SPREAD:0.0379075% BID:2.638 ASK:2.639 MID:2.63849999 P1:2.63849999 P2:2.639 P3:2.639 P4:2.642 STATE:IDLE
[2026-06-03 00:03:40Z] CHK MOM:-0.22% RANGE:0.22% UP:15.78% SPREAD:0.0379075% BID:2.638 ASK:2.639 MID:2.63849999 P1:2.63849999 P2:2.63849999 P3:2.639 P4:2.639 STATE:IDLE
[2026-06-03 00:03:40Z] CHK MOM:-0.17% RANGE:0.17% UP:16.66% SPREAD:0.0379075% BID:2.638 ASK:2.639 MID:2.63849999 P1:2.63849999 P2:2.63849999 P3:2.63849999 P4:2.639 STATE:IDLE
[2026-06-03 00:03:41Z] CHK MOM:-0.15% RANGE:0.17% UP:21.05% SPREAD:0.07581501% BID:2.638 ASK:2.64 MID:2.639 P1:2.639 P2:2.63849999 P3:2.63849999 P4:2.63849999 STATE:IDLE
[2026-06-03 00:03:41Z] CHK MOM:-0.11% RANGE:0.17% UP:25% SPREAD:0.07578628% BID:2.639 ASK:2.641 MID:2.63999999 P1:2.63999999 P2:2.639 P3:2.63849999 P4:2.63849999 STATE:IDLE
[2026-06-03 00:03:42Z] CHK MOM:-0.11% RANGE:0.17% UP:26.31% SPREAD:0.07578628% BID:2.639 ASK:2.641 MID:2.63999999 P1:2.63999999 P2:2.63999999 P3:2.639 P4:2.63849999 STATE:IDLE
[2026-06-03 00:03:42Z] CHK MOM:-0.11% RANGE:0.17% UP:26.31% SPREAD:0.07578628% BID:2.639 ASK:2.641 MID:2.63999999 P1:2.63999999 P2:2.63999999 P3:2.639 P4:2.63849999 STATE:IDLE
[2026-06-03 00:03:43Z] CHK MOM:-0.11% RANGE:0.17% UP:26.31% SPREAD:0.07578628% BID:2.639 ASK:2.641 MID:2.63999999 P1:2.63999999 P2:2.63999999 P3:2.63999999 P4:2.639 STATE:IDLE
[2026-06-03 00:03:44Z] CHK MOM:0.11% RANGE:0.22% UP:33.33% SPREAD:0.03782148% BID:2.644 ASK:2.645 MID:2.6445 P1:2.6445 P2:2.63999999 P3:2.63999999 P4:2.63999999 STATE:IDLE
[2026-06-03 00:03:44Z] DECIDE_HOLD reason=HOLD_BURST_EMA spread=0.0378% mom=0.1136% range=0.2274% up=33.33% mid=2.64450000 P1=2.6445 P2=2.6399999999999997 P3=2.6399999999999997 P4=2.6399999999999997 ema5=0
[2026-06-03 00:03:45Z] CHK MOM:0.05% RANGE:0.22% UP:29.41% SPREAD:0.03783579% BID:2.643 ASK:2.644 MID:2.6435 P1:2.6435 P2:2.6445 P3:2.63999999 P4:2.63999999 STATE:IDLE
[2026-06-03 00:03:45Z] CHK MOM:0.05% RANGE:0.22% UP:29.41% SPREAD:0.03783579% BID:2.643 ASK:2.644 MID:2.6435 P1:2.6435 P2:2.6445 P3:2.63999999 P4:2.63999999 STATE:IDLE
[2026-06-03 00:03:46Z] CHK MOM:0.09% RANGE:0.22% UP:29.41% SPREAD:0.03783579% BID:2.643 ASK:2.644 MID:2.6435 P1:2.6435 P2:2.6435 P3:2.6445 P4:2.63999999 STATE:IDLE
[2026-06-03 00:03:46Z] CHK MOM:0.09% RANGE:0.22% UP:29.41% SPREAD:0.03783579% BID:2.643 ASK:2.644 MID:2.6435 P1:2.6435 P2:2.6435 P3:2.6445 P4:2.63999999 STATE:IDLE
[2026-06-03 00:03:47Z] CHK MOM:0.13% RANGE:0.22% UP:35.29% SPREAD:0.07567158% BID:2.643 ASK:2.645 MID:2.644 P1:2.644 P2:2.6435 P3:2.6435 P4:2.6445 STATE:IDLE
[2026-06-03 00:03:47Z] CHK MOM:0.01% RANGE:0.22% UP:29.41% SPREAD:0.03783579% BID:2.643 ASK:2.644 MID:2.6435 P1:2.6435 P2:2.644 P3:2.6435 P4:2.6435 STATE:IDLE
[2026-06-03 00:03:48Z] CHK MOM:0.03% RANGE:0.22% UP:29.41% SPREAD:0.03783579% BID:2.643 ASK:2.644 MID:2.6435 P1:2.6435 P2:2.6435 P3:2.644 P4:2.6435 STATE:IDLE
[2026-06-03 00:03:49Z] CHK MOM:-0.03% RANGE:0.22% UP:25% SPREAD:0.07575757% BID:2.64 ASK:2.642 MID:2.641 P1:2.641 P2:2.6435 P3:2.6435 P4:2.644 STATE:IDLE
[2026-06-03 00:03:49Z] CHK MOM:0.05% RANGE:0.22% UP:25% SPREAD:0.03787878% BID:2.64 ASK:2.641 MID:2.6405 P1:2.6405 P2:2.641 P3:2.6435 P4:2.6435 STATE:IDLE
[2026-06-03 00:03:50Z] CHK MOM:0.01% RANGE:0.22% UP:23.52% SPREAD:0.03789314% BID:2.639 ASK:2.64 MID:2.6395 P1:2.6395 P2:2.6405 P3:2.641 P4:2.6435 STATE:IDLE
[2026-06-03 00:03:50Z] CHK MOM:0.01% RANGE:0.22% UP:23.52% SPREAD:0.03789314% BID:2.639 ASK:2.64 MID:2.6395 P1:2.6395 P2:2.6395 P3:2.6405 P4:2.641 STATE:IDLE
[2026-06-03 00:03:51Z] CHK MOM:0.03% RANGE:0.22% UP:23.52% SPREAD:0.03789314% BID:2.639 ASK:2.64 MID:2.6395 P1:2.6395 P2:2.6395 P3:2.6395 P4:2.6405 STATE:IDLE
[2026-06-03 00:03:51Z] CHK MOM:0% RANGE:0.22% UP:25% SPREAD:0.0379075% BID:2.638 ASK:2.639 MID:2.63849999 P1:2.63849999 P2:2.6395 P3:2.6395 P4:2.6395 STATE:IDLE
[2026-06-03 00:03:52Z] CHK MOM:0% RANGE:0.22% UP:25% SPREAD:0.07581501% BID:2.638 ASK:2.64 MID:2.639 P1:2.639 P2:2.63849999 P3:2.6395 P4:2.6395 STATE:IDLE
[2026-06-03 00:03:52Z] CHK MOM:0.01% RANGE:0.22% UP:29.41% SPREAD:0.03789314% BID:2.639 ASK:2.64 MID:2.6395 P1:2.6395 P2:2.639 P3:2.63849999 P4:2.6395 STATE:IDLE
[2026-06-03 00:03:53Z] CHK MOM:0.01% RANGE:0.22% UP:29.41% SPREAD:0.03789314% BID:2.639 ASK:2.64 MID:2.6395 P1:2.6395 P2:2.639 P3:2.63849999 P4:2.6395 STATE:IDLE
[2026-06-03 00:03:54Z] CHK MOM:0.01% RANGE:0.22% UP:29.41% SPREAD:0.03789314% BID:2.639 ASK:2.64 MID:2.6395 P1:2.6395 P2:2.639 P3:2.63849999 P4:2.6395 STATE:IDLE
[2026-06-03 00:03:54Z] CHK MOM:-0.15% RANGE:0.22% UP:28.57% SPREAD:0.03787878% BID:2.64 ASK:2.641 MID:2.6405 P1:2.6405 P2:2.6395 P3:2.639 P4:2.63849999 STATE:IDLE
[2026-06-03 00:03:55Z] CHK MOM:-0.15% RANGE:0.22% UP:26.66% SPREAD:0.03787878% BID:2.64 ASK:2.641 MID:2.6405 P1:2.6405 P2:2.6405 P3:2.6395 P4:2.639 STATE:IDLE
[2026-06-03 00:03:55Z] CHK MOM:-0.15% RANGE:0.22% UP:26.66% SPREAD:0.03787878% BID:2.64 ASK:2.641 MID:2.6405 P1:2.6405 P2:2.6405 P3:2.6395 P4:2.639 STATE:IDLE
[2026-06-03 00:03:56Z] CHK MOM:-0.11% RANGE:0.2% UP:26.66% SPREAD:0.03787878% BID:2.64 ASK:2.641 MID:2.6405 P1:2.6405 P2:2.6405 P3:2.6405 P4:2.6395 STATE:IDLE
[2026-06-03 00:03:56Z] CHK MOM:-0.13% RANGE:0.2% UP:25% SPREAD:0.07578628% BID:2.639 ASK:2.641 MID:2.63999999 P1:2.63999999 P2:2.6405 P3:2.6405 P4:2.6405 STATE:IDLE
[2026-06-03 00:03:57Z] CHK MOM:-0.15% RANGE:0.2% UP:25% SPREAD:0.03789314% BID:2.639 ASK:2.64 MID:2.6395 P1:2.6395 P2:2.63999999 P3:2.6405 P4:2.6405 STATE:IDLE
[2026-06-03 00:03:57Z] CHK MOM:-0.15% RANGE:0.2% UP:23.52% SPREAD:0.03789314% BID:2.639 ASK:2.64 MID:2.6395 P1:2.6395 P2:2.6395 P3:2.63999999 P4:2.6405 STATE:IDLE
[2026-06-03 00:03:58Z] CHK MOM:-0.15% RANGE:0.2% UP:22.22% SPREAD:0.03789314% BID:2.639 ASK:2.64 MID:2.6395 P1:2.6395 P2:2.6395 P3:2.6395 P4:2.63999999 STATE:IDLE
[2026-06-03 00:03:58Z] CHK MOM:-0.17% RANGE:0.2% UP:16.66% SPREAD:0.03789314% BID:2.639 ASK:2.64 MID:2.6395 P1:2.6395 P2:2.6395 P3:2.6395 P4:2.6395 STATE:IDLE
[2026-06-03 00:03:59Z] CHK MOM:-0.17% RANGE:0.2% UP:15.78% SPREAD:0.03789314% BID:2.639 ASK:2.64 MID:2.6395 P1:2.6395 P2:2.6395 P3:2.6395 P4:2.6395 STATE:IDLE
[2026-06-03 00:04:00Z] CHK MOM:-0.15% RANGE:0.18% UP:16.66% SPREAD:0.03789314% BID:2.639 ASK:2.64 MID:2.6395 P1:2.6395 P2:2.6395 P3:2.6395 P4:2.6395 STATE:IDLE
[2026-06-03 00:04:00Z] CHK MOM:-0.03% RANGE:0.09% UP:22.22% SPREAD:0.07578628% BID:2.639 ASK:2.641 MID:2.63999999 P1:2.63999999 P2:2.6395 P3:2.6395 P4:2.6395 STATE:IDLE
[2026-06-03 00:04:01Z] CHK MOM:0.11% RANGE:0.2% UP:26.31% SPREAD:0.07567158% BID:2.643 ASK:2.645 MID:2.644 P1:2.644 P2:2.63999999 P3:2.6395 P4:2.6395 STATE:IDLE
[2026-06-03 00:04:01Z] CHK MOM:0.09% RANGE:0.2% UP:26.31% SPREAD:0.07570022% BID:2.642 ASK:2.644 MID:2.643 P1:2.643 P2:2.644 P3:2.63999999 P4:2.6395 STATE:IDLE
[2026-06-03 00:04:02Z] CHK MOM:0.17% RANGE:0.2% UP:31.57% SPREAD:0.07567158% BID:2.643 ASK:2.645 MID:2.644 P1:2.644 P2:2.643 P3:2.644 P4:2.63999999 STATE:IDLE
[2026-06-03 00:04:02Z] CHK MOM:0.17% RANGE:0.2% UP:31.57% SPREAD:0.07567158% BID:2.643 ASK:2.645 MID:2.644 P1:2.644 P2:2.644 P3:2.643 P4:2.644 STATE:IDLE
[2026-06-03 00:04:03Z] CHK MOM:0.13% RANGE:0.2% UP:31.57% SPREAD:0.07570022% BID:2.642 ASK:2.644 MID:2.643 P1:2.643 P2:2.644 P3:2.644 P4:2.643 STATE:IDLE
[2026-06-03 00:04:03Z] CHK MOM:0.18% RANGE:0.2% UP:36.84% SPREAD:0.03783579% BID:2.643 ASK:2.644 MID:2.6435 P1:2.6435 P2:2.643 P3:2.644 P4:2.644 STATE:IDLE
[2026-06-03 00:04:04Z] CHK MOM:0.18% RANGE:0.18% UP:36.84% SPREAD:0.07567158% BID:2.643 ASK:2.645 MID:2.644 P1:2.644 P2:2.6435 P3:2.643 P4:2.644 STATE:IDLE
[2026-06-03 00:04:05Z] CHK MOM:0.11% RANGE:0.17% UP:27.77% SPREAD:0.03783579% BID:2.643 ASK:2.644 MID:2.6435 P1:2.6435 P2:2.644 P3:2.6435 P4:2.643 STATE:IDLE
[2026-06-03 00:04:05Z] CHK MOM:0.13% RANGE:0.17% UP:31.57% SPREAD:0.07567158% BID:2.643 ASK:2.645 MID:2.644 P1:2.644 P2:2.6435 P3:2.644 P4:2.6435 STATE:IDLE
[2026-06-03 00:04:06Z] CHK MOM:0.15% RANGE:0.18% UP:35% SPREAD:0.11350737% BID:2.643 ASK:2.646 MID:2.6445 P1:2.6445 P2:2.644 P3:2.6435 P4:2.644 STATE:IDLE
[2026-06-03 00:04:06Z] CHK MOM:0.18% RANGE:0.22% UP:40% SPREAD:0.03780718% BID:2.645 ASK:2.646 MID:2.6455 P1:2.6455 P2:2.6445 P3:2.644 P4:2.6435 STATE:IDLE
[2026-06-03 00:04:07Z] CHK MOM:0.18% RANGE:0.22% UP:40% SPREAD:0.03780718% BID:2.645 ASK:2.646 MID:2.6455 P1:2.6455 P2:2.6445 P3:2.644 P4:2.6435 STATE:IDLE
[2026-06-03 00:04:07Z] CHK MOM:0.18% RANGE:0.22% UP:40% SPREAD:0.03780718% BID:2.645 ASK:2.646 MID:2.6455 P1:2.6455 P2:2.6455 P3:2.6445 P4:2.644 STATE:IDLE
[2026-06-03 00:04:08Z] CHK MOM:0.18% RANGE:0.22% UP:40% SPREAD:0.07564296% BID:2.644 ASK:2.646 MID:2.645 P1:2.645 P2:2.6455 P3:2.6455 P4:2.6445 STATE:IDLE
[2026-06-03 00:04:08Z] CHK MOM:0.18% RANGE:0.22% UP:38.09% SPREAD:0.07564296% BID:2.644 ASK:2.646 MID:2.645 P1:2.645 P2:2.645 P3:2.6455 P4:2.6455 STATE:IDLE
[2026-06-03 00:04:09Z] CHK MOM:0.2% RANGE:0.22% UP:38.09% SPREAD:0.07564296% BID:2.644 ASK:2.646 MID:2.645 P1:2.645 P2:2.645 P3:2.645 P4:2.6455 STATE:IDLE
[2026-06-03 00:04:09Z] CHK MOM:0.2% RANGE:0.22% UP:38.09% SPREAD:0.07564296% BID:2.644 ASK:2.646 MID:2.645 P1:2.645 P2:2.645 P3:2.645 P4:2.645 STATE:IDLE
[2026-06-03 00:04:10Z] CHK MOM:0.2% RANGE:0.22% UP:38.09% SPREAD:0.07564296% BID:2.644 ASK:2.646 MID:2.645 P1:2.645 P2:2.645 P3:2.645 P4:2.645 STATE:IDLE
[2026-06-03 00:04:11Z] CHK MOM:0.22% RANGE:0.22% UP:50% SPREAD:0.03780718% BID:2.645 ASK:2.646 MID:2.6455 P1:2.6455 P2:2.645 P3:2.645 P4:2.645 STATE:IDLE
[2026-06-03 00:04:11Z] CHK MOM:0.26% RANGE:0.26% UP:52.63% SPREAD:0.03779289% BID:2.646 ASK:2.647 MID:2.64649999 P1:2.64649999 P2:2.6455 P3:2.645 P4:2.645 STATE:IDLE
[2026-06-03 00:04:12Z] CHK MOM:0.24% RANGE:0.24% UP:47.36% SPREAD:0.03779289% BID:2.646 ASK:2.647 MID:2.64649999 P1:2.64649999 P2:2.64649999 P3:2.6455 P4:2.645 STATE:IDLE
[2026-06-03 00:04:12Z] CHK MOM:0.2% RANGE:0.24% UP:45% SPREAD:0.03780718% BID:2.645 ASK:2.646 MID:2.6455 P1:2.6455 P2:2.64649999 P3:2.64649999 P4:2.6455 STATE:IDLE
[2026-06-03 00:04:13Z] CHK MOM:0.07% RANGE:0.13% UP:45% SPREAD:0.07561436% BID:2.645 ASK:2.647 MID:2.646 P1:2.646 P2:2.6455 P3:2.64649999 P4:2.64649999 STATE:IDLE
[2026-06-03 00:04:13Z] CHK MOM:0.13% RANGE:0.13% UP:50% SPREAD:0.03779289% BID:2.646 ASK:2.647 MID:2.64649999 P1:2.64649999 P2:2.646 P3:2.6455 P4:2.64649999 STATE:IDLE
[2026-06-03 00:04:14Z] CHK MOM:0.09% RANGE:0.13% UP:45% SPREAD:0.03779289% BID:2.646 ASK:2.647 MID:2.64649999 P1:2.64649999 P2:2.64649999 P3:2.646 P4:2.6455 STATE:IDLE
[2026-06-03 00:04:14Z] CHK MOM:0.17% RANGE:0.17% UP:52.63% SPREAD:0.03777861% BID:2.647 ASK:2.648 MID:2.6475 P1:2.6475 P2:2.64649999 P3:2.64649999 P4:2.646 STATE:IDLE
[2026-06-03 00:04:15Z] CHK MOM:0.17% RANGE:0.17% UP:52.63% SPREAD:0.03777861% BID:2.647 ASK:2.648 MID:2.6475 P1:2.6475 P2:2.64649999 P3:2.64649999 P4:2.646 STATE:IDLE
[2026-06-03 00:04:16Z] CHK MOM:0.13% RANGE:0.15% UP:47.36% SPREAD:0.07558578% BID:2.646 ASK:2.648 MID:2.647 P1:2.647 P2:2.6475 P3:2.64649999 P4:2.64649999 STATE:IDLE
[2026-06-03 00:04:16Z] CHK MOM:0.15% RANGE:0.15% UP:50% SPREAD:0.03777861% BID:2.647 ASK:2.648 MID:2.6475 P1:2.6475 P2:2.647 P3:2.6475 P4:2.64649999 STATE:IDLE
[2026-06-03 00:04:17Z] CHK MOM:0.13% RANGE:0.13% UP:44.44% SPREAD:0.03777861% BID:2.647 ASK:2.648 MID:2.6475 P1:2.6475 P2:2.6475 P3:2.647 P4:2.6475 STATE:IDLE
[2026-06-03 00:04:17Z] CHK MOM:0.13% RANGE:0.13% UP:42.1% SPREAD:0.03777861% BID:2.647 ASK:2.648 MID:2.6475 P1:2.6475 P2:2.6475 P3:2.6475 P4:2.647 STATE:IDLE
[2026-06-03 00:04:18Z] CHK MOM:0.11% RANGE:0.11% UP:36.84% SPREAD:0.03777861% BID:2.647 ASK:2.648 MID:2.6475 P1:2.6475 P2:2.6475 P3:2.6475 P4:2.6475 STATE:IDLE
[2026-06-03 00:04:18Z] CHK MOM:0.07% RANGE:0.09% UP:31.57% SPREAD:0.03777861% BID:2.647 ASK:2.648 MID:2.6475 P1:2.6475 P2:2.6475 P3:2.6475 P4:2.6475 STATE:IDLE
[2026-06-03 00:04:19Z] CHK MOM:0.07% RANGE:0.09% UP:31.57% SPREAD:0.03777861% BID:2.647 ASK:2.648 MID:2.6475 P1:2.6475 P2:2.6475 P3:2.6475 P4:2.6475 STATE:IDLE
[2026-06-03 00:04:19Z] CHK MOM:0.09% RANGE:0.09% UP:31.57% SPREAD:0.03777861% BID:2.647 ASK:2.648 MID:2.6475 P1:2.6475 P2:2.6475 P3:2.6475 P4:2.6475 STATE:IDLE
[2026-06-03 00:04:20Z] CHK MOM:0.09% RANGE:0.09% UP:30% SPREAD:0.03777861% BID:2.647 ASK:2.648 MID:2.6475 P1:2.6475 P2:2.6475 P3:2.6475 P4:2.6475 STATE:IDLE
[2026-06-03 00:04:20Z] CHK MOM:0.05% RANGE:0.09% UP:31.57% SPREAD:0.03779289% BID:2.646 ASK:2.647 MID:2.64649999 P1:2.64649999 P2:2.6475 P3:2.6475 P4:2.6475 STATE:IDLE
[2026-06-03 00:04:21Z] CHK MOM:0.05% RANGE:0.09% UP:30% SPREAD:0.03779289% BID:2.646 ASK:2.647 MID:2.64649999 P1:2.64649999 P2:2.64649999 P3:2.6475 P4:2.6475 STATE:IDLE
[2026-06-03 00:04:22Z] CHK MOM:0.05% RANGE:0.07% UP:31.57% SPREAD:0.07558578% BID:2.646 ASK:2.648 MID:2.647 P1:2.647 P2:2.64649999 P3:2.64649999 P4:2.6475 STATE:IDLE
[2026-06-03 00:04:22Z] CHK MOM:0.05% RANGE:0.07% UP:30% SPREAD:0.07558578% BID:2.646 ASK:2.648 MID:2.647 P1:2.647 P2:2.647 P3:2.64649999 P4:2.64649999 STATE:IDLE
[2026-06-03 00:04:23Z] CHK MOM:0.03% RANGE:0.07% UP:28.57% SPREAD:0.03779289% BID:2.646 ASK:2.647 MID:2.64649999 P1:2.64649999 P2:2.647 P3:2.647 P4:2.64649999 STATE:IDLE
[2026-06-03 00:04:23Z] CHK MOM:0.01% RANGE:0.07% UP:30% SPREAD:0.07558578% BID:2.646 ASK:2.648 MID:2.647 P1:2.647 P2:2.64649999 P3:2.647 P4:2.647 STATE:IDLE
[2026-06-03 00:04:24Z] CHK MOM:0% RANGE:0.07% UP:28.57% SPREAD:0.03779289% BID:2.646 ASK:2.647 MID:2.64649999 P1:2.64649999 P2:2.647 P3:2.64649999 P4:2.647 STATE:IDLE
[2026-06-03 00:04:24Z] CHK MOM:0.03% RANGE:0.07% UP:28.57% SPREAD:0.03779289% BID:2.646 ASK:2.647 MID:2.64649999 P1:2.64649999 P2:2.64649999 P3:2.647 P4:2.64649999 STATE:IDLE
[2026-06-03 00:04:25Z] CHK MOM:0.03% RANGE:0.05% UP:28.57% SPREAD:0.07558578% BID:2.646 ASK:2.648 MID:2.647 P1:2.647 P2:2.64649999 P3:2.64649999 P4:2.647 STATE:IDLE
[2026-06-03 00:04:25Z] CHK MOM:0.03% RANGE:0.05% UP:28.57% SPREAD:0.07558578% BID:2.646 ASK:2.648 MID:2.647 P1:2.647 P2:2.64649999 P3:2.64649999 P4:2.647 STATE:IDLE
[2026-06-03 00:04:26Z] CHK MOM:0.03% RANGE:0.05% UP:28.57% SPREAD:0.07558578% BID:2.646 ASK:2.648 MID:2.647 P1:2.647 P2:2.64649999 P3:2.64649999 P4:2.647 STATE:IDLE
[2026-06-03 00:04:27Z] CHK MOM:0.01% RANGE:0.03% UP:27.77% SPREAD:0.03777861% BID:2.647 ASK:2.648 MID:2.6475 P1:2.6475 P2:2.647 P3:2.64649999 P4:2.64649999 STATE:IDLE
[2026-06-03 00:04:27Z] CHK MOM:0.01% RANGE:0.03% UP:26.31% SPREAD:0.03777861% BID:2.647 ASK:2.648 MID:2.6475 P1:2.6475 P2:2.6475 P3:2.647 P4:2.64649999 STATE:IDLE
[2026-06-03 00:04:28Z] CHK MOM:-0.05% RANGE:0.05% UP:21.05% SPREAD:0.07561436% BID:2.645 ASK:2.647 MID:2.646 P1:2.646 P2:2.6475 P3:2.6475 P4:2.647 STATE:IDLE
[2026-06-03 00:04:28Z] CHK MOM:-0.03% RANGE:0.05% UP:26.31% SPREAD:0.03779289% BID:2.646 ASK:2.647 MID:2.64649999 P1:2.64649999 P2:2.646 P3:2.6475 P4:2.6475 STATE:IDLE
[2026-06-03 00:04:29Z] CHK MOM:-0.05% RANGE:0.05% UP:25% SPREAD:0.07561436% BID:2.645 ASK:2.647 MID:2.646 P1:2.646 P2:2.64649999 P3:2.646 P4:2.6475 STATE:IDLE
[2026-06-03 00:04:29Z] CHK MOM:-0.11% RANGE:0.11% UP:26.31% SPREAD:0.03782148% BID:2.644 ASK:2.645 MID:2.6445 P1:2.6445 P2:2.646 P3:2.64649999 P4:2.646 STATE:IDLE
[2026-06-03 00:04:30Z] CHK MOM:-0.11% RANGE:0.11% UP:26.31% SPREAD:0.03782148% BID:2.644 ASK:2.645 MID:2.6445 P1:2.6445 P2:2.6445 P3:2.646 P4:2.64649999 STATE:IDLE
[2026-06-03 00:04:30Z] CHK MOM:-0.11% RANGE:0.11% UP:25% SPREAD:0.03782148% BID:2.644 ASK:2.645 MID:2.6445 P1:2.6445 P2:2.6445 P3:2.6445 P4:2.646 STATE:IDLE
[2026-06-03 00:04:31Z] CHK MOM:-0.09% RANGE:0.11% UP:31.57% SPREAD:0.07564296% BID:2.644 ASK:2.646 MID:2.645 P1:2.645 P2:2.6445 P3:2.6445 P4:2.6445 STATE:IDLE
[2026-06-03 00:04:32Z] CHK MOM:-0.11% RANGE:0.11% UP:30% SPREAD:0.03782148% BID:2.644 ASK:2.645 MID:2.6445 P1:2.6445 P2:2.645 P3:2.6445 P4:2.6445 STATE:IDLE
[2026-06-03 00:04:32Z] CHK MOM:-0.05% RANGE:0.11% UP:38.88% SPREAD:0.07564296% BID:2.644 ASK:2.646 MID:2.645 P1:2.645 P2:2.6445 P3:2.645 P4:2.6445 STATE:IDLE
[2026-06-03 00:04:33Z] CHK MOM:-0.05% RANGE:0.11% UP:36.84% SPREAD:0.07564296% BID:2.644 ASK:2.646 MID:2.645 P1:2.645 P2:2.645 P3:2.6445 P4:2.645 STATE:IDLE
[2026-06-03 00:04:33Z] CHK MOM:-0.05% RANGE:0.11% UP:36.84% SPREAD:0.07564296% BID:2.644 ASK:2.646 MID:2.645 P1:2.645 P2:2.645 P3:2.6445 P4:2.645 STATE:IDLE
[2026-06-03 00:04:34Z] CHK MOM:-0.09% RANGE:0.11% UP:31.57% SPREAD:0.03782148% BID:2.644 ASK:2.645 MID:2.6445 P1:2.6445 P2:2.645 P3:2.645 P4:2.6445 STATE:IDLE
[2026-06-03 00:04:34Z] CHK MOM:-0.05% RANGE:0.11% UP:38.88% SPREAD:0.07564296% BID:2.644 ASK:2.646 MID:2.645 P1:2.645 P2:2.6445 P3:2.645 P4:2.645 STATE:IDLE
[2026-06-03 00:04:35Z] CHK MOM:-0.05% RANGE:0.11% UP:38.88% SPREAD:0.03780718% BID:2.645 ASK:2.646 MID:2.6455 P1:2.6455 P2:2.645 P3:2.6445 P4:2.645 STATE:IDLE
[2026-06-03 00:04:35Z] CHK MOM:-0.03% RANGE:0.11% UP:42.1% SPREAD:0.07561436% BID:2.645 ASK:2.647 MID:2.646 P1:2.646 P2:2.6455 P3:2.645 P4:2.6445 STATE:IDLE
[2026-06-03 00:04:36Z] CHK MOM:-0.01% RANGE:0.11% UP:44.44% SPREAD:0.07561436% BID:2.645 ASK:2.647 MID:2.646 P1:2.646 P2:2.646 P3:2.6455 P4:2.645 STATE:IDLE
[2026-06-03 00:04:36Z] CHK MOM:-0.05% RANGE:0.11% UP:38.88% SPREAD:0.03780718% BID:2.645 ASK:2.646 MID:2.6455 P1:2.6455 P2:2.646 P3:2.646 P4:2.6455 STATE:IDLE
[2026-06-03 00:04:37Z] CHK MOM:-0.05% RANGE:0.11% UP:38.88% SPREAD:0.03780718% BID:2.645 ASK:2.646 MID:2.6455 P1:2.6455 P2:2.646 P3:2.646 P4:2.6455 STATE:IDLE
[2026-06-03 00:04:38Z] CHK MOM:-0.05% RANGE:0.11% UP:38.88% SPREAD:0.03780718% BID:2.645 ASK:2.646 MID:2.6455 P1:2.6455 P2:2.646 P3:2.646 P4:2.6455 STATE:IDLE
[2026-06-03 00:04:38Z] CHK MOM:-0.03% RANGE:0.11% UP:38.88% SPREAD:0.03779289% BID:2.646 ASK:2.647 MID:2.64649999 P1:2.64649999 P2:2.6455 P3:2.646 P4:2.646 STATE:IDLE
[2026-06-03 00:04:39Z] CHK MOM:-0.03% RANGE:0.11% UP:36.84% SPREAD:0.03779289% BID:2.646 ASK:2.647 MID:2.64649999 P1:2.64649999 P2:2.64649999 P3:2.6455 P4:2.646 STATE:IDLE
[2026-06-03 00:04:39Z] CHK MOM:-0.07% RANGE:0.11% UP:36.84% SPREAD:0.03780718% BID:2.645 ASK:2.646 MID:2.6455 P1:2.6455 P2:2.64649999 P3:2.64649999 P4:2.6455 STATE:IDLE
[2026-06-03 00:04:40Z] CHK MOM:-0.03% RANGE:0.07% UP:36.84% SPREAD:0.07564296% BID:2.644 ASK:2.646 MID:2.645 P1:2.645 P2:2.6455 P3:2.64649999 P4:2.64649999 STATE:IDLE
[2026-06-03 00:04:40Z] CHK MOM:-0.07% RANGE:0.07% UP:31.57% SPREAD:0.03782148% BID:2.644 ASK:2.645 MID:2.6445 P1:2.6445 P2:2.645 P3:2.6455 P4:2.64649999 STATE:IDLE
[2026-06-03 00:04:41Z] CHK MOM:-0.01% RANGE:0.07% UP:36.84% SPREAD:0.03780718% BID:2.645 ASK:2.646 MID:2.6455 P1:2.6455 P2:2.6445 P3:2.645 P4:2.6455 STATE:IDLE
[2026-06-03 00:04:41Z] CHK MOM:0.15% RANGE:0.15% UP:44.44% SPREAD:0.03776435% BID:2.648 ASK:2.649 MID:2.6485 P1:2.6485 P2:2.6455 P3:2.6445 P4:2.645 STATE:IDLE
[2026-06-03 00:04:42Z] DECIDE_HOLD reason=HOLD_BURST_EMA spread=0.0378% mom=0.1513% range=0.1513% up=44.44% mid=2.64850000 P1=2.6485000000000003 P2=2.6455 P3=2.6445 P4=2.645 ema5=0
[2026-06-03 00:04:43Z] CHK MOM:0.11% RANGE:0.15% UP:41.17% SPREAD:0.07555723% BID:2.647 ASK:2.649 MID:2.64799999 P1:2.64799999 P2:2.6485 P3:2.6455 P4:2.6445 STATE:IDLE
[2026-06-03 00:04:44Z] CHK MOM:0.05% RANGE:0.15% UP:37.5% SPREAD:0.03779289% BID:2.646 ASK:2.647 MID:2.64649999 P1:2.64649999 P2:2.64799999 P3:2.6485 P4:2.6455 STATE:IDLE
[2026-06-03 00:04:44Z] CHK MOM:0.07% RANGE:0.15% UP:41.17% SPREAD:0.07558578% BID:2.646 ASK:2.648 MID:2.647 P1:2.647 P2:2.64649999 P3:2.64799999 P4:2.6485 STATE:IDLE
[2026-06-03 00:04:45Z] CHK MOM:0.09% RANGE:0.15% UP:43.75% SPREAD:0.07558578% BID:2.646 ASK:2.648 MID:2.647 P1:2.647 P2:2.647 P3:2.64649999 P4:2.64799999 STATE:IDLE
[2026-06-03 00:04:45Z] CHK MOM:0.09% RANGE:0.15% UP:41.17% SPREAD:0.07558578% BID:2.646 ASK:2.648 MID:2.647 P1:2.647 P2:2.647 P3:2.647 P4:2.64649999 STATE:IDLE
[2026-06-03 00:04:46Z] CHK MOM:0.09% RANGE:0.15% UP:38.88% SPREAD:0.07558578% BID:2.646 ASK:2.648 MID:2.647 P1:2.647 P2:2.647 P3:2.647 P4:2.647 STATE:IDLE
[2026-06-03 00:04:46Z] CHK MOM:0.05% RANGE:0.15% UP:29.41% SPREAD:0.07558578% BID:2.646 ASK:2.648 MID:2.647 P1:2.647 P2:2.647 P3:2.647 P4:2.647 STATE:IDLE
[2026-06-03 00:04:47Z] CHK MOM:0.05% RANGE:0.15% UP:27.77% SPREAD:0.07558578% BID:2.646 ASK:2.648 MID:2.647 P1:2.647 P2:2.647 P3:2.647 P4:2.647 STATE:IDLE
[2026-06-03 00:04:47Z] CHK MOM:0.05% RANGE:0.15% UP:27.77% SPREAD:0.07558578% BID:2.646 ASK:2.648 MID:2.647 P1:2.647 P2:2.647 P3:2.647 P4:2.647 STATE:IDLE
[2026-06-03 00:04:48Z] CHK MOM:0.03% RANGE:0.15% UP:23.52% SPREAD:0.07558578% BID:2.646 ASK:2.648 MID:2.647 P1:2.647 P2:2.647 P3:2.647 P4:2.647 STATE:IDLE
[2026-06-03 00:04:49Z] CHK MOM:0.05% RANGE:0.15% UP:23.52% SPREAD:0.07558578% BID:2.646 ASK:2.648 MID:2.647 P1:2.647 P2:2.647 P3:2.647 P4:2.647 STATE:IDLE
[2026-06-03 00:04:49Z] CHK MOM:0.03% RANGE:0.15% UP:23.52% SPREAD:0.03777861% BID:2.647 ASK:2.648 MID:2.6475 P1:2.6475 P2:2.647 P3:2.647 P4:2.647 STATE:IDLE
[2026-06-03 00:04:50Z] CHK MOM:0% RANGE:0.15% UP:22.22% SPREAD:0.03779289% BID:2.646 ASK:2.647 MID:2.64649999 P1:2.64649999 P2:2.6475 P3:2.647 P4:2.647 STATE:IDLE
[2026-06-03 00:04:50Z] CHK MOM:0.01% RANGE:0.15% UP:26.31% SPREAD:0.07558578% BID:2.646 ASK:2.648 MID:2.647 P1:2.647 P2:2.64649999 P3:2.6475 P4:2.647 STATE:IDLE
[2026-06-03 00:04:51Z] CHK MOM:0.03% RANGE:0.15% UP:27.77% SPREAD:0.03779289% BID:2.646 ASK:2.647 MID:2.64649999 P1:2.64649999 P2:2.647 P3:2.64649999 P4:2.6475 STATE:IDLE
[2026-06-03 00:04:51Z] CHK MOM:0.03% RANGE:0.15% UP:27.77% SPREAD:0.03779289% BID:2.646 ASK:2.647 MID:2.64649999 P1:2.64649999 P2:2.647 P3:2.64649999 P4:2.6475 STATE:IDLE
[2026-06-03 00:04:52Z] CHK MOM:0.05% RANGE:0.15% UP:27.77% SPREAD:0.03779289% BID:2.646 ASK:2.647 MID:2.64649999 P1:2.64649999 P2:2.64649999 P3:2.647 P4:2.64649999 STATE:IDLE
[2026-06-03 00:04:52Z] CHK MOM:0.05% RANGE:0.15% UP:27.77% SPREAD:0.03779289% BID:2.646 ASK:2.647 MID:2.64649999 P1:2.64649999 P2:2.64649999 P3:2.647 P4:2.64649999 STATE:IDLE
[2026-06-03 00:04:53Z] CHK MOM:0.03% RANGE:0.11% UP:23.52% SPREAD:0.03779289% BID:2.646 ASK:2.647 MID:2.64649999 P1:2.64649999 P2:2.64649999 P3:2.64649999 P4:2.647 STATE:IDLE
[2026-06-03 00:04:53Z] CHK MOM:-0.07% RANGE:0.07% UP:17.64% SPREAD:0.03779289% BID:2.646 ASK:2.647 MID:2.64649999 P1:2.64649999 P2:2.64649999 P3:2.64649999 P4:2.64649999 STATE:IDLE
[2026-06-03 00:04:54Z] CHK MOM:-0.03% RANGE:0.05% UP:23.52% SPREAD:0.07558578% BID:2.646 ASK:2.648 MID:2.647 P1:2.647 P2:2.64649999 P3:2.64649999 P4:2.64649999 STATE:IDLE
[2026-06-03 00:04:55Z] CHK MOM:-0.09% RANGE:0.09% UP:22.22% SPREAD:0.03780718% BID:2.645 ASK:2.646 MID:2.6455 P1:2.6455 P2:2.647 P3:2.64649999 P4:2.64649999 STATE:IDLE
[2026-06-03 00:04:55Z] CHK MOM:-0.09% RANGE:0.09% UP:22.22% SPREAD:0.03780718% BID:2.645 ASK:2.646 MID:2.6455 P1:2.6455 P2:2.647 P3:2.64649999 P4:2.64649999 STATE:IDLE
[2026-06-03 00:04:56Z] CHK MOM:-0.09% RANGE:0.09% UP:22.22% SPREAD:0.03780718% BID:2.645 ASK:2.646 MID:2.6455 P1:2.6455 P2:2.647 P3:2.64649999 P4:2.64649999 STATE:IDLE
[2026-06-03 00:04:56Z] CHK MOM:-0.07% RANGE:0.09% UP:17.64% SPREAD:0.07564296% BID:2.644 ASK:2.646 MID:2.645 P1:2.645 P2:2.6455 P3:2.647 P4:2.64649999 STATE:IDLE
[2026-06-03 00:04:57Z] CHK MOM:-0.05% RANGE:0.09% UP:25% SPREAD:0.03780718% BID:2.645 ASK:2.646 MID:2.6455 P1:2.6455 P2:2.645 P3:2.6455 P4:2.647 STATE:IDLE
[2026-06-03 00:04:57Z] CHK MOM:-0.05% RANGE:0.09% UP:23.52% SPREAD:0.03780718% BID:2.645 ASK:2.646 MID:2.6455 P1:2.6455 P2:2.6455 P3:2.645 P4:2.6455 STATE:IDLE
[2026-06-03 00:04:58Z] CHK MOM:-0.05% RANGE:0.09% UP:23.52% SPREAD:0.03780718% BID:2.645 ASK:2.646 MID:2.6455 P1:2.6455 P2:2.6455 P3:2.645 P4:2.6455 STATE:IDLE
[2026-06-03 00:04:58Z] CHK MOM:-0.07% RANGE:0.09% UP:25% SPREAD:0.07564296% BID:2.644 ASK:2.646 MID:2.645 P1:2.645 P2:2.6455 P3:2.6455 P4:2.645 STATE:IDLE
[2026-06-03 00:04:59Z] CHK MOM:-0.09% RANGE:0.11% UP:25% SPREAD:0.03782148% BID:2.644 ASK:2.645 MID:2.6445 P1:2.6445 P2:2.645 P3:2.6455 P4:2.6455 STATE:IDLE
[2026-06-03 00:05:00Z] CHK MOM:-0.05% RANGE:0.11% UP:31.25% SPREAD:0.03780718% BID:2.645 ASK:2.646 MID:2.6455 P1:2.6455 P2:2.6445 P3:2.645 P4:2.6455 STATE:IDLE
[2026-06-03 00:05:00Z] CHK MOM:0% RANGE:0.11% UP:33.33% SPREAD:0.03777861% BID:2.647 ASK:2.648 MID:2.6475 P1:2.6475 P2:2.6455 P3:2.6445 P4:2.645 STATE:IDLE
[2026-06-03 00:05:01Z] CHK MOM:0% RANGE:0.11% UP:31.25% SPREAD:0.03777861% BID:2.647 ASK:2.648 MID:2.6475 P1:2.6475 P2:2.6475 P3:2.6455 P4:2.6445 STATE:IDLE
[2026-06-03 00:05:01Z] CHK MOM:0.01% RANGE:0.11% UP:31.25% SPREAD:0.07558578% BID:2.646 ASK:2.648 MID:2.647 P1:2.647 P2:2.6475 P3:2.6475 P4:2.6455 STATE:IDLE
[2026-06-03 00:05:02Z] CHK MOM:0.01% RANGE:0.11% UP:29.41% SPREAD:0.07558578% BID:2.646 ASK:2.648 MID:2.647 P1:2.647 P2:2.647 P3:2.6475 P4:2.6475 STATE:IDLE
[2026-06-03 00:05:02Z] CHK MOM:0.01% RANGE:0.11% UP:29.41% SPREAD:0.07558578% BID:2.646 ASK:2.648 MID:2.647 P1:2.647 P2:2.647 P3:2.6475 P4:2.6475 STATE:IDLE
[2026-06-03 00:05:03Z] CHK MOM:0.01% RANGE:0.11% UP:25% SPREAD:0.07558578% BID:2.646 ASK:2.648 MID:2.647 P1:2.647 P2:2.647 P3:2.647 P4:2.6475 STATE:IDLE
[2026-06-03 00:05:03Z] CHK MOM:0% RANGE:0.11% UP:25% SPREAD:0.03779289% BID:2.646 ASK:2.647 MID:2.64649999 P1:2.64649999 P2:2.647 P3:2.647 P4:2.647 STATE:IDLE
[2026-06-03 00:05:04Z] CHK MOM:-0.03% RANGE:0.11% UP:25% SPREAD:0.03780718% BID:2.645 ASK:2.646 MID:2.6455 P1:2.6455 P2:2.64649999 P3:2.647 P4:2.647 STATE:IDLE
[2026-06-03 00:05:04Z] CHK MOM:-0.03% RANGE:0.11% UP:23.52% SPREAD:0.03780718% BID:2.645 ASK:2.646 MID:2.6455 P1:2.6455 P2:2.6455 P3:2.64649999 P4:2.647 STATE:IDLE
[2026-06-03 00:05:05Z] CHK MOM:-0.03% RANGE:0.11% UP:23.52% SPREAD:0.03780718% BID:2.645 ASK:2.646 MID:2.6455 P1:2.6455 P2:2.6455 P3:2.6455 P4:2.64649999 STATE:IDLE
[2026-06-03 00:05:06Z] CHK MOM:0.05% RANGE:0.11% UP:25% SPREAD:0.07558578% BID:2.646 ASK:2.648 MID:2.647 P1:2.647 P2:2.6455 P3:2.6455 P4:2.6455 STATE:IDLE
[2026-06-03 00:05:06Z] CHK MOM:0.05% RANGE:0.11% UP:25% SPREAD:0.07558578% BID:2.646 ASK:2.648 MID:2.647 P1:2.647 P2:2.6455 P3:2.6455 P4:2.6455 STATE:IDLE
[2026-06-03 00:05:07Z] CHK MOM:0.05% RANGE:0.11% UP:25% SPREAD:0.07558578% BID:2.646 ASK:2.648 MID:2.647 P1:2.647 P2:2.6455 P3:2.6455 P4:2.6455 STATE:IDLE
[2026-06-03 00:05:07Z] CHK MOM:0.07% RANGE:0.11% UP:25% SPREAD:0.07558578% BID:2.646 ASK:2.648 MID:2.647 P1:2.647 P2:2.647 P3:2.6455 P4:2.6455 STATE:IDLE
[2026-06-03 00:05:08Z] CHK MOM:0.09% RANGE:0.11% UP:29.41% SPREAD:0.03777861% BID:2.647 ASK:2.648 MID:2.6475 P1:2.6475 P2:2.647 P3:2.647 P4:2.6455 STATE:IDLE
[2026-06-03 00:05:08Z] CHK MOM:0.09% RANGE:0.13% UP:29.41% SPREAD:0.07555723% BID:2.647 ASK:2.649 MID:2.64799999 P1:2.64799999 P2:2.6475 P3:2.647 P4:2.647 STATE:IDLE
[2026-06-03 00:05:09Z] CHK MOM:0.09% RANGE:0.13% UP:27.77% SPREAD:0.07555723% BID:2.647 ASK:2.649 MID:2.64799999 P1:2.64799999 P2:2.64799999 P3:2.6475 P4:2.647 STATE:IDLE
[2026-06-03 00:05:09Z] CHK MOM:0.17% RANGE:0.18% UP:35.29% SPREAD:0.03775009% BID:2.649 ASK:2.65 MID:2.64949999 P1:2.64949999 P2:2.64799999 P3:2.64799999 P4:2.6475 STATE:IDLE
[2026-06-03 00:05:10Z] CHK MOM:0.17% RANGE:0.18% UP:33.33% SPREAD:0.03775009% BID:2.649 ASK:2.65 MID:2.64949999 P1:2.64949999 P2:2.64949999 P3:2.64799999 P4:2.64799999 STATE:IDLE
[2026-06-03 00:05:11Z] CHK MOM:0.15% RANGE:0.18% UP:33.33% SPREAD:0.03776435% BID:2.648 ASK:2.649 MID:2.6485 P1:2.6485 P2:2.64949999 P3:2.64949999 P4:2.64799999 STATE:IDLE
[2026-06-03 00:05:11Z] CHK MOM:0.11% RANGE:0.15% UP:27.77% SPREAD:0.03776435% BID:2.648 ASK:2.649 MID:2.6485 P1:2.6485 P2:2.6485 P3:2.64949999 P4:2.64949999 STATE:IDLE
[2026-06-03 00:05:12Z] CHK MOM:0.03% RANGE:0.15% UP:22.22% SPREAD:0.03776435% BID:2.648 ASK:2.649 MID:2.6485 P1:2.6485 P2:2.6485 P3:2.6485 P4:2.64949999 STATE:IDLE
[2026-06-03 00:05:12Z] CHK MOM:0.03% RANGE:0.15% UP:22.22% SPREAD:0.03776435% BID:2.648 ASK:2.649 MID:2.6485 P1:2.6485 P2:2.6485 P3:2.6485 P4:2.64949999 STATE:IDLE
[2026-06-03 00:05:13Z] CHK MOM:0.03% RANGE:0.15% UP:22.22% SPREAD:0.03776435% BID:2.648 ASK:2.649 MID:2.6485 P1:2.6485 P2:2.6485 P3:2.6485 P4:2.6485 STATE:IDLE
[2026-06-03 00:05:13Z] CHK MOM:0.03% RANGE:0.15% UP:22.22% SPREAD:0.03776435% BID:2.648 ASK:2.649 MID:2.6485 P1:2.6485 P2:2.6485 P3:2.6485 P4:2.6485 STATE:IDLE
[2026-06-03 00:05:14Z] CHK MOM:0.03% RANGE:0.15% UP:25% SPREAD:0.07555723% BID:2.647 ASK:2.649 MID:2.64799999 P1:2.64799999 P2:2.6485 P3:2.6485 P4:2.6485 STATE:IDLE
[2026-06-03 00:05:14Z] CHK MOM:0.05% RANGE:0.15% UP:29.41% SPREAD:0.03776435% BID:2.648 ASK:2.649 MID:2.6485 P1:2.6485 P2:2.64799999 P3:2.6485 P4:2.6485 STATE:IDLE
[2026-06-03 00:05:15Z] CHK MOM:0.03% RANGE:0.15% UP:27.77% SPREAD:0.07555723% BID:2.647 ASK:2.649 MID:2.64799999 P1:2.64799999 P2:2.6485 P3:2.64799999 P4:2.6485 STATE:IDLE
[2026-06-03 00:05:15Z] CHK MOM:0.07% RANGE:0.15% UP:33.33% SPREAD:0.03776435% BID:2.648 ASK:2.649 MID:2.6485 P1:2.6485 P2:2.64799999 P3:2.6485 P4:2.64799999 STATE:IDLE
[2026-06-03 00:05:16Z] CHK MOM:0.09% RANGE:0.15% UP:33.33% SPREAD:0.07555723% BID:2.647 ASK:2.649 MID:2.64799999 P1:2.64799999 P2:2.6485 P3:2.64799999 P4:2.6485 STATE:IDLE
[2026-06-03 00:05:17Z] CHK MOM:0.11% RANGE:0.15% UP:41.17% SPREAD:0.03776435% BID:2.648 ASK:2.649 MID:2.6485 P1:2.6485 P2:2.64799999 P3:2.6485 P4:2.64799999 STATE:IDLE
[2026-06-03 00:05:17Z] CHK MOM:0.11% RANGE:0.15% UP:41.17% SPREAD:0.03776435% BID:2.648 ASK:2.649 MID:2.6485 P1:2.6485 P2:2.64799999 P3:2.6485 P4:2.64799999 STATE:IDLE
[2026-06-03 00:05:18Z] CHK MOM:0.05% RANGE:0.09% UP:35.29% SPREAD:0.03776435% BID:2.648 ASK:2.649 MID:2.6485 P1:2.6485 P2:2.6485 P3:2.64799999 P4:2.6485 STATE:IDLE
[2026-06-03 00:05:18Z] CHK MOM:0.05% RANGE:0.09% UP:35.29% SPREAD:0.03776435% BID:2.648 ASK:2.649 MID:2.6485 P1:2.6485 P2:2.6485 P3:2.6485 P4:2.64799999 STATE:IDLE
[2026-06-03 00:05:19Z] CHK MOM:0.05% RANGE:0.09% UP:35.29% SPREAD:0.03776435% BID:2.648 ASK:2.649 MID:2.6485 P1:2.6485 P2:2.6485 P3:2.6485 P4:2.64799999 STATE:IDLE
[2026-06-03 00:05:19Z] CHK MOM:0.03% RANGE:0.07% UP:29.41% SPREAD:0.03776435% BID:2.648 ASK:2.649 MID:2.6485 P1:2.6485 P2:2.6485 P3:2.6485 P4:2.6485 STATE:IDLE
[2026-06-03 00:05:20Z] CHK MOM:0.03% RANGE:0.07% UP:29.41% SPREAD:0.03776435% BID:2.648 ASK:2.649 MID:2.6485 P1:2.6485 P2:2.6485 P3:2.6485 P4:2.6485 STATE:IDLE
[2026-06-03 00:05:20Z] CHK MOM:0.01% RANGE:0.05% UP:23.52% SPREAD:0.03776435% BID:2.648 ASK:2.649 MID:2.6485 P1:2.6485 P2:2.6485 P3:2.6485 P4:2.6485 STATE:IDLE
[2026-06-03 00:05:21Z] CHK MOM:0% RANGE:0.05% UP:25% SPREAD:0.03775009% BID:2.649 ASK:2.65 MID:2.64949999 P1:2.64949999 P2:2.6485 P3:2.6485 P4:2.6485 STATE:IDLE
[2026-06-03 00:05:22Z] CHK MOM:0% RANGE:0.05% UP:23.52% SPREAD:0.03775009% BID:2.649 ASK:2.65 MID:2.64949999 P1:2.64949999 P2:2.64949999 P3:2.6485 P4:2.6485 STATE:IDLE
[2026-06-03 00:05:22Z] CHK MOM:0.03% RANGE:0.05% UP:25% SPREAD:0.03775009% BID:2.649 ASK:2.65 MID:2.64949999 P1:2.64949999 P2:2.64949999 P3:2.64949999 P4:2.6485 STATE:IDLE
[2026-06-03 00:05:23Z] CHK MOM:0.03% RANGE:0.05% UP:25% SPREAD:0.03775009% BID:2.649 ASK:2.65 MID:2.64949999 P1:2.64949999 P2:2.64949999 P3:2.64949999 P4:2.6485 STATE:IDLE
[2026-06-03 00:05:23Z] CHK MOM:0.03% RANGE:0.05% UP:25% SPREAD:0.03775009% BID:2.649 ASK:2.65 MID:2.64949999 P1:2.64949999 P2:2.64949999 P3:2.64949999 P4:2.6485 STATE:IDLE
[2026-06-03 00:05:24Z] CHK MOM:0.03% RANGE:0.05% UP:28.57% SPREAD:0.03775009% BID:2.649 ASK:2.65 MID:2.64949999 P1:2.64949999 P2:2.64949999 P3:2.64949999 P4:2.64949999 STATE:IDLE
[2026-06-03 00:05:24Z] CHK MOM:0.03% RANGE:0.05% UP:28.57% SPREAD:0.03775009% BID:2.649 ASK:2.65 MID:2.64949999 P1:2.64949999 P2:2.64949999 P3:2.64949999 P4:2.64949999 STATE:IDLE
[2026-06-03 00:05:25Z] CHK MOM:0.03% RANGE:0.05% UP:28.57% SPREAD:0.03775009% BID:2.649 ASK:2.65 MID:2.64949999 P1:2.64949999 P2:2.64949999 P3:2.64949999 P4:2.64949999 STATE:IDLE
[2026-06-03 00:05:25Z] CHK MOM:0.03% RANGE:0.05% UP:28.57% SPREAD:0.03775009% BID:2.649 ASK:2.65 MID:2.64949999 P1:2.64949999 P2:2.64949999 P3:2.64949999 P4:2.64949999 STATE:IDLE
[2026-06-03 00:05:26Z] CHK MOM:0.07% RANGE:0.09% UP:30.76% SPREAD:0.03773584% BID:2.65 ASK:2.651 MID:2.6505 P1:2.6505 P2:2.64949999 P3:2.64949999 P4:2.64949999 STATE:IDLE
[2026-06-03 00:05:26Z] CHK MOM:0.07% RANGE:0.09% UP:28.57% SPREAD:0.03773584% BID:2.65 ASK:2.651 MID:2.6505 P1:2.6505 P2:2.6505 P3:2.64949999 P4:2.64949999 STATE:IDLE
[2026-06-03 00:05:28Z] CHK MOM:0.07% RANGE:0.09% UP:23.07% SPREAD:0.03773584% BID:2.65 ASK:2.651 MID:2.6505 P1:2.6505 P2:2.6505 P3:2.6505 P4:2.64949999 STATE:IDLE
[2026-06-03 00:05:28Z] CHK MOM:0.03% RANGE:0.07% UP:16.66% SPREAD:0.03775009% BID:2.649 ASK:2.65 MID:2.64949999 P1:2.64949999 P2:2.6505 P3:2.6505 P4:2.6505 STATE:IDLE
[2026-06-03 00:05:29Z] CHK MOM:0.01% RANGE:0.07% UP:16.66% SPREAD:0.0755287% BID:2.648 ASK:2.65 MID:2.649 P1:2.649 P2:2.64949999 P3:2.6505 P4:2.6505 STATE:IDLE
[2026-06-03 00:05:29Z] CHK MOM:0.03% RANGE:0.07% UP:23.07% SPREAD:0.03775009% BID:2.649 ASK:2.65 MID:2.64949999 P1:2.64949999 P2:2.649 P3:2.64949999 P4:2.6505 STATE:IDLE
[2026-06-03 00:05:30Z] CHK MOM:0.03% RANGE:0.07% UP:21.42% SPREAD:0.03775009% BID:2.649 ASK:2.65 MID:2.64949999 P1:2.64949999 P2:2.64949999 P3:2.649 P4:2.64949999 STATE:IDLE
[2026-06-03 00:05:30Z] CHK MOM:0.03% RANGE:0.07% UP:23.07% SPREAD:0.03775009% BID:2.649 ASK:2.65 MID:2.64949999 P1:2.64949999 P2:2.64949999 P3:2.64949999 P4:2.649 STATE:IDLE
[2026-06-03 00:05:31Z] CHK MOM:0.03% RANGE:0.07% UP:21.42% SPREAD:0.03775009% BID:2.649 ASK:2.65 MID:2.64949999 P1:2.64949999 P2:2.64949999 P3:2.64949999 P4:2.64949999 STATE:IDLE
[2026-06-03 00:05:31Z] CHK MOM:0.01% RANGE:0.07% UP:21.42% SPREAD:0.0755287% BID:2.648 ASK:2.65 MID:2.649 P1:2.649 P2:2.64949999 P3:2.64949999 P4:2.64949999 STATE:IDLE
[2026-06-03 00:05:32Z] CHK MOM:0.03% RANGE:0.07% UP:26.66% SPREAD:0.03775009% BID:2.649 ASK:2.65 MID:2.64949999 P1:2.64949999 P2:2.649 P3:2.64949999 P4:2.64949999 STATE:IDLE
[2026-06-03 00:05:33Z] CHK MOM:0% RANGE:0.05% UP:20% SPREAD:0.03775009% BID:2.649 ASK:2.65 MID:2.64949999 P1:2.64949999 P2:2.64949999 P3:2.649 P4:2.64949999 STATE:IDLE
[2026-06-03 00:05:33Z] CHK MOM:0.03% RANGE:0.05% UP:28.57% SPREAD:0.03773584% BID:2.65 ASK:2.651 MID:2.6505 P1:2.6505 P2:2.64949999 P3:2.64949999 P4:2.649 STATE:IDLE
[2026-06-03 00:05:34Z] CHK MOM:0.03% RANGE:0.05% UP:26.66% SPREAD:0.03773584% BID:2.65 ASK:2.651 MID:2.6505 P1:2.6505 P2:2.6505 P3:2.64949999 P4:2.64949999 STATE:IDLE
[2026-06-03 00:05:34Z] CHK MOM:0.03% RANGE:0.05% UP:26.66% SPREAD:0.03773584% BID:2.65 ASK:2.651 MID:2.6505 P1:2.6505 P2:2.6505 P3:2.6505 P4:2.64949999 STATE:IDLE
[2026-06-03 00:05:35Z] CHK MOM:0.03% RANGE:0.05% UP:25% SPREAD:0.03773584% BID:2.65 ASK:2.651 MID:2.6505 P1:2.6505 P2:2.6505 P3:2.6505 P4:2.6505 STATE:IDLE
[2026-06-03 00:05:35Z] CHK MOM:0.03% RANGE:0.05% UP:23.52% SPREAD:0.03773584% BID:2.65 ASK:2.651 MID:2.6505 P1:2.6505 P2:2.6505 P3:2.6505 P4:2.6505 STATE:IDLE
[2026-06-03 00:05:36Z] CHK MOM:0.03% RANGE:0.05% UP:22.22% SPREAD:0.03773584% BID:2.65 ASK:2.651 MID:2.6505 P1:2.6505 P2:2.6505 P3:2.6505 P4:2.6505 STATE:IDLE
[2026-06-03 00:05:36Z] CHK MOM:-0.03% RANGE:0.05% UP:16.66% SPREAD:0.03775009% BID:2.649 ASK:2.65 MID:2.64949999 P1:2.64949999 P2:2.6505 P3:2.6505 P4:2.6505 STATE:IDLE
[2026-06-03 00:05:37Z] CHK MOM:-0.05% RANGE:0.05% UP:15.78% SPREAD:0.0755287% BID:2.648 ASK:2.65 MID:2.649 P1:2.649 P2:2.64949999 P3:2.6505 P4:2.6505 STATE:IDLE
[2026-06-03 00:05:37Z] CHK MOM:-0.03% RANGE:0.05% UP:20% SPREAD:0.03775009% BID:2.649 ASK:2.65 MID:2.64949999 P1:2.64949999 P2:2.649 P3:2.64949999 P4:2.6505 STATE:IDLE
[2026-06-03 00:05:38Z] CHK MOM:-0.03% RANGE:0.05% UP:20% SPREAD:0.03775009% BID:2.649 ASK:2.65 MID:2.64949999 P1:2.64949999 P2:2.649 P3:2.64949999 P4:2.6505 STATE:IDLE
[2026-06-03 00:05:39Z] CHK MOM:-0.03% RANGE:0.05% UP:20% SPREAD:0.03775009% BID:2.649 ASK:2.65 MID:2.64949999 P1:2.64949999 P2:2.649 P3:2.64949999 P4:2.6505 STATE:IDLE
[2026-06-03 00:05:39Z] CHK MOM:0% RANGE:0.05% UP:22.22% SPREAD:0.03775009% BID:2.649 ASK:2.65 MID:2.64949999 P1:2.64949999 P2:2.64949999 P3:2.649 P4:2.64949999 STATE:IDLE
[2026-06-03 00:05:40Z] CHK MOM:0% RANGE:0.05% UP:21.05% SPREAD:0.03775009% BID:2.649 ASK:2.65 MID:2.64949999 P1:2.64949999 P2:2.64949999 P3:2.64949999 P4:2.649 STATE:IDLE
[2026-06-03 00:05:40Z] CHK MOM:0% RANGE:0.05% UP:20% SPREAD:0.03775009% BID:2.649 ASK:2.65 MID:2.64949999 P1:2.64949999 P2:2.64949999 P3:2.64949999 P4:2.64949999 STATE:IDLE
[2026-06-03 00:05:41Z] CHK MOM:0.01% RANGE:0.05% UP:20% SPREAD:0.03775009% BID:2.649 ASK:2.65 MID:2.64949999 P1:2.64949999 P2:2.64949999 P3:2.64949999 P4:2.64949999 STATE:IDLE
[2026-06-03 00:05:41Z] CHK MOM:0% RANGE:0.05% UP:15.78% SPREAD:0.03775009% BID:2.649 ASK:2.65 MID:2.64949999 P1:2.64949999 P2:2.64949999 P3:2.64949999 P4:2.64949999 STATE:IDLE
[2026-06-03 00:05:42Z] CHK MOM:0% RANGE:0.05% UP:15% SPREAD:0.03775009% BID:2.649 ASK:2.65 MID:2.64949999 P1:2.64949999 P2:2.64949999 P3:2.64949999 P4:2.64949999 STATE:IDLE
[2026-06-03 00:05:42Z] CHK MOM:0% RANGE:0.05% UP:15% SPREAD:0.03775009% BID:2.649 ASK:2.65 MID:2.64949999 P1:2.64949999 P2:2.64949999 P3:2.64949999 P4:2.64949999 STATE:IDLE
[2026-06-03 00:05:43Z] CHK MOM:0% RANGE:0.05% UP:15.78% SPREAD:0.03775009% BID:2.649 ASK:2.65 MID:2.64949999 P1:2.64949999 P2:2.64949999 P3:2.64949999 P4:2.64949999 STATE:IDLE
[2026-06-03 00:05:44Z] CHK MOM:0.01% RANGE:0.05% UP:15.78% SPREAD:0.03775009% BID:2.649 ASK:2.65 MID:2.64949999 P1:2.64949999 P2:2.64949999 P3:2.64949999 P4:2.64949999 STATE:IDLE
[2026-06-03 00:05:44Z] CHK MOM:0% RANGE:0.05% UP:11.11% SPREAD:0.03775009% BID:2.649 ASK:2.65 MID:2.64949999 P1:2.64949999 P2:2.64949999 P3:2.64949999 P4:2.64949999 STATE:IDLE
[2026-06-03 00:05:45Z] CHK MOM:-0.03% RANGE:0.05% UP:5.55% SPREAD:0.03775009% BID:2.649 ASK:2.65 MID:2.64949999 P1:2.64949999 P2:2.64949999 P3:2.64949999 P4:2.64949999 STATE:IDLE
[2026-06-03 00:05:45Z] CHK MOM:-0.03% RANGE:0.05% UP:5.26% SPREAD:0.03775009% BID:2.649 ASK:2.65 MID:2.64949999 P1:2.64949999 P2:2.64949999 P3:2.64949999 P4:2.64949999 STATE:IDLE
[2026-06-03 00:05:46Z] CHK MOM:-0.03% RANGE:0.05% UP:5.55% SPREAD:0.03775009% BID:2.649 ASK:2.65 MID:2.64949999 P1:2.64949999 P2:2.64949999 P3:2.64949999 P4:2.64949999 STATE:IDLE
[2026-06-03 00:05:46Z] CHK MOM:-0.03% RANGE:0.05% UP:5.55% SPREAD:0.03775009% BID:2.649 ASK:2.65 MID:2.64949999 P1:2.64949999 P2:2.64949999 P3:2.64949999 P4:2.64949999 STATE:IDLE
[2026-06-03 00:05:47Z] CHK MOM:-0.03% RANGE:0.05% UP:5.88% SPREAD:0.03775009% BID:2.649 ASK:2.65 MID:2.64949999 P1:2.64949999 P2:2.64949999 P3:2.64949999 P4:2.64949999 STATE:IDLE
[2026-06-03 00:05:47Z] CHK MOM:-0.01% RANGE:0.05% UP:11.76% SPREAD:0.07550018% BID:2.649 ASK:2.651 MID:2.65 P1:2.65 P2:2.64949999 P3:2.64949999 P4:2.64949999 STATE:IDLE
[2026-06-03 00:05:48Z] CHK MOM:0.01% RANGE:0.03% UP:11.76% SPREAD:0.07550018% BID:2.649 ASK:2.651 MID:2.65 P1:2.65 P2:2.65 P3:2.64949999 P4:2.64949999 STATE:IDLE
[2026-06-03 00:05:48Z] CHK MOM:0% RANGE:0.03% UP:11.11% SPREAD:0.03775009% BID:2.649 ASK:2.65 MID:2.64949999 P1:2.64949999 P2:2.65 P3:2.65 P4:2.64949999 STATE:IDLE
[2026-06-03 00:05:49Z] CHK MOM:0.03% RANGE:0.03% UP:11.76% SPREAD:0.03773584% BID:2.65 ASK:2.651 MID:2.6505 P1:2.6505 P2:2.64949999 P3:2.65 P4:2.65 STATE:IDLE
[2026-06-03 00:05:50Z] CHK MOM:0.03% RANGE:0.03% UP:11.11% SPREAD:0.03773584% BID:2.65 ASK:2.651 MID:2.6505 P1:2.6505 P2:2.6505 P3:2.64949999 P4:2.65 STATE:IDLE
[2026-06-03 00:05:50Z] CHK MOM:0.01% RANGE:0.03% UP:11.11% SPREAD:0.07550018% BID:2.649 ASK:2.651 MID:2.65 P1:2.65 P2:2.6505 P3:2.6505 P4:2.64949999 STATE:IDLE
[2026-06-03 00:05:51Z] CHK MOM:0.03% RANGE:0.03% UP:15.78% SPREAD:0.03773584% BID:2.65 ASK:2.651 MID:2.6505 P1:2.6505 P2:2.65 P3:2.6505 P4:2.6505 STATE:IDLE
[2026-06-03 00:05:51Z] CHK MOM:0.07% RANGE:0.07% UP:20% SPREAD:0.03772161% BID:2.651 ASK:2.652 MID:2.6515 P1:2.6515 P2:2.6505 P3:2.65 P4:2.6505 STATE:IDLE
[2026-06-03 00:05:52Z] CHK MOM:0.07% RANGE:0.07% UP:20% SPREAD:0.03772161% BID:2.651 ASK:2.652 MID:2.6515 P1:2.6515 P2:2.6515 P3:2.6505 P4:2.65 STATE:IDLE
[2026-06-03 00:05:52Z] CHK MOM:0.07% RANGE:0.07% UP:20% SPREAD:0.03772161% BID:2.651 ASK:2.652 MID:2.6515 P1:2.6515 P2:2.6515 P3:2.6505 P4:2.65 STATE:IDLE
[2026-06-03 00:05:53Z] CHK MOM:0.07% RANGE:0.07% UP:20% SPREAD:0.03772161% BID:2.651 ASK:2.652 MID:2.6515 P1:2.6515 P2:2.6515 P3:2.6505 P4:2.65 STATE:IDLE
[2026-06-03 00:05:53Z] CHK MOM:0.07% RANGE:0.07% UP:20% SPREAD:0.03772161% BID:2.651 ASK:2.652 MID:2.6515 P1:2.6515 P2:2.6515 P3:2.6505 P4:2.65 STATE:IDLE
[2026-06-03 00:05:54Z] CHK MOM:0.07% RANGE:0.07% UP:25% SPREAD:0.03772161% BID:2.651 ASK:2.652 MID:2.6515 P1:2.6515 P2:2.6515 P3:2.6515 P4:2.6505 STATE:IDLE
[2026-06-03 00:05:55Z] CHK MOM:0.07% RANGE:0.07% UP:23.52% SPREAD:0.03772161% BID:2.651 ASK:2.652 MID:2.6515 P1:2.6515 P2:2.6515 P3:2.6515 P4:2.6515 STATE:IDLE
[2026-06-03 00:05:55Z] CHK MOM:0.07% RANGE:0.07% UP:25% SPREAD:0.03772161% BID:2.651 ASK:2.652 MID:2.6515 P1:2.6515 P2:2.6515 P3:2.6515 P4:2.6515 STATE:IDLE
[2026-06-03 00:05:56Z] CHK MOM:0.07% RANGE:0.07% UP:23.52% SPREAD:0.03772161% BID:2.651 ASK:2.652 MID:2.6515 P1:2.6515 P2:2.6515 P3:2.6515 P4:2.6515 STATE:IDLE
[2026-06-03 00:05:56Z] CHK MOM:0.07% RANGE:0.07% UP:23.52% SPREAD:0.03772161% BID:2.651 ASK:2.652 MID:2.6515 P1:2.6515 P2:2.6515 P3:2.6515 P4:2.6515 STATE:IDLE
[2026-06-03 00:05:57Z] CHK MOM:0.07% RANGE:0.07% UP:25% SPREAD:0.03772161% BID:2.651 ASK:2.652 MID:2.6515 P1:2.6515 P2:2.6515 P3:2.6515 P4:2.6515 STATE:IDLE
[2026-06-03 00:05:57Z] CHK MOM:0.05% RANGE:0.07% UP:23.52% SPREAD:0.07547169% BID:2.65 ASK:2.652 MID:2.651 P1:2.651 P2:2.6515 P3:2.6515 P4:2.6515 STATE:IDLE
[2026-06-03 00:05:58Z] CHK MOM:0.09% RANGE:0.09% UP:29.41% SPREAD:0.07544322% BID:2.651 ASK:2.653 MID:2.652 P1:2.652 P2:2.651 P3:2.6515 P4:2.6515 STATE:IDLE
[2026-06-03 00:05:58Z] CHK MOM:0.09% RANGE:0.09% UP:29.41% SPREAD:0.07544322% BID:2.651 ASK:2.653 MID:2.652 P1:2.652 P2:2.652 P3:2.651 P4:2.6515 STATE:IDLE
[2026-06-03 00:05:59Z] CHK MOM:0.09% RANGE:0.09% UP:27.77% SPREAD:0.07544322% BID:2.651 ASK:2.653 MID:2.652 P1:2.652 P2:2.652 P3:2.652 P4:2.651 STATE:IDLE
[2026-06-03 00:05:59Z] CHK MOM:0.09% RANGE:0.09% UP:27.77% SPREAD:0.07544322% BID:2.651 ASK:2.653 MID:2.652 P1:2.652 P2:2.652 P3:2.652 P4:2.651 STATE:IDLE
[2026-06-03 00:06:00Z] CHK MOM:0.09% RANGE:0.11% UP:29.41% SPREAD:0.03770739% BID:2.652 ASK:2.653 MID:2.6525 P1:2.6525 P2:2.652 P3:2.652 P4:2.652 STATE:IDLE
[2026-06-03 00:06:01Z] CHK MOM:0.07% RANGE:0.09% UP:25% SPREAD:0.03770739% BID:2.652 ASK:2.653 MID:2.6525 P1:2.6525 P2:2.6525 P3:2.652 P4:2.652 STATE:IDLE
[2026-06-03 00:06:01Z] CHK MOM:0.07% RANGE:0.09% UP:25% SPREAD:0.03770739% BID:2.652 ASK:2.653 MID:2.6525 P1:2.6525 P2:2.6525 P3:2.652 P4:2.652 STATE:IDLE
[2026-06-03 00:06:02Z] CHK MOM:0.07% RANGE:0.09% UP:26.66% SPREAD:0.07544322% BID:2.651 ASK:2.653 MID:2.652 P1:2.652 P2:2.6525 P3:2.6525 P4:2.652 STATE:IDLE
[2026-06-03 00:06:02Z] CHK MOM:0.07% RANGE:0.09% UP:25% SPREAD:0.07544322% BID:2.651 ASK:2.653 MID:2.652 P1:2.652 P2:2.652 P3:2.6525 P4:2.6525 STATE:IDLE
[2026-06-03 00:06:03Z] CHK MOM:0.01% RANGE:0.05% UP:13.33% SPREAD:0.07544322% BID:2.651 ASK:2.653 MID:2.652 P1:2.652 P2:2.652 P3:2.652 P4:2.6525 STATE:IDLE
[2026-06-03 00:06:03Z] CHK MOM:0.01% RANGE:0.05% UP:12.5% SPREAD:0.07544322% BID:2.651 ASK:2.653 MID:2.652 P1:2.652 P2:2.652 P3:2.652 P4:2.652 STATE:IDLE
[2026-06-03 00:06:04Z] CHK MOM:0.01% RANGE:0.05% UP:12.5% SPREAD:0.07544322% BID:2.651 ASK:2.653 MID:2.652 P1:2.652 P2:2.652 P3:2.652 P4:2.652 STATE:IDLE
[2026-06-03 00:06:04Z] CHK MOM:0.05% RANGE:0.07% UP:18.75% SPREAD:0.07541478% BID:2.652 ASK:2.654 MID:2.653 P1:2.653 P2:2.652 P3:2.652 P4:2.652 STATE:IDLE
[2026-06-03 00:06:05Z] CHK MOM:0.09% RANGE:0.11% UP:23.52% SPREAD:0.07538635% BID:2.653 ASK:2.655 MID:2.654 P1:2.654 P2:2.653 P3:2.652 P4:2.652 STATE:IDLE
[2026-06-03 00:06:06Z] CHK MOM:0.11% RANGE:0.13% UP:27.77% SPREAD:0.03767897% BID:2.654 ASK:2.655 MID:2.65449999 P1:2.65449999 P2:2.654 P3:2.653 P4:2.652 STATE:IDLE
[2026-06-03 00:06:06Z] CHK MOM:0.11% RANGE:0.13% UP:27.77% SPREAD:0.03767897% BID:2.654 ASK:2.655 MID:2.65449999 P1:2.65449999 P2:2.65449999 P3:2.654 P4:2.653 STATE:IDLE
[2026-06-03 00:06:07Z] CHK MOM:0.11% RANGE:0.13% UP:27.77% SPREAD:0.03767897% BID:2.654 ASK:2.655 MID:2.65449999 P1:2.65449999 P2:2.65449999 P3:2.654 P4:2.653 STATE:IDLE
[2026-06-03 00:06:07Z] CHK MOM:0.09% RANGE:0.13% UP:27.77% SPREAD:0.07538635% BID:2.653 ASK:2.655 MID:2.654 P1:2.654 P2:2.65449999 P3:2.65449999 P4:2.654 STATE:IDLE
[2026-06-03 00:06:08Z] CHK MOM:0.09% RANGE:0.13% UP:29.41% SPREAD:0.07538635% BID:2.653 ASK:2.655 MID:2.654 P1:2.654 P2:2.654 P3:2.65449999 P4:2.65449999 STATE:IDLE
[2026-06-03 00:06:08Z] CHK MOM:0.11% RANGE:0.13% UP:33.33% SPREAD:0.03767897% BID:2.654 ASK:2.655 MID:2.65449999 P1:2.65449999 P2:2.654 P3:2.654 P4:2.65449999 STATE:IDLE
[2026-06-03 00:06:09Z] CHK MOM:0.11% RANGE:0.13% UP:33.33% SPREAD:0.03767897% BID:2.654 ASK:2.655 MID:2.65449999 P1:2.65449999 P2:2.654 P3:2.654 P4:2.65449999 STATE:IDLE
[2026-06-03 00:06:09Z] CHK MOM:0.03% RANGE:0.09% UP:29.41% SPREAD:0.07541478% BID:2.652 ASK:2.654 MID:2.653 P1:2.653 P2:2.65449999 P3:2.654 P4:2.654 STATE:IDLE
[2026-06-03 00:06:10Z] CHK MOM:-0.01% RANGE:0.11% UP:29.41% SPREAD:0.03772161% BID:2.651 ASK:2.652 MID:2.6515 P1:2.6515 P2:2.653 P3:2.65449999 P4:2.654 STATE:IDLE
[2026-06-03 00:06:10Z] CHK MOM:-0.01% RANGE:0.11% UP:29.41% SPREAD:0.03772161% BID:2.651 ASK:2.652 MID:2.6515 P1:2.6515 P2:2.6515 P3:2.653 P4:2.65449999 STATE:IDLE
[2026-06-03 00:06:11Z] CHK MOM:-0.03% RANGE:0.11% UP:23.52% SPREAD:0.03772161% BID:2.651 ASK:2.652 MID:2.6515 P1:2.6515 P2:2.6515 P3:2.6515 P4:2.653 STATE:IDLE
[2026-06-03 00:06:12Z] CHK MOM:-0.11% RANGE:0.18% UP:23.52% SPREAD:0.03775009% BID:2.649 ASK:2.65 MID:2.64949999 P1:2.64949999 P2:2.6515 P3:2.6515 P4:2.6515 STATE:IDLE
[2026-06-03 00:06:12Z] CHK MOM:-0.09% RANGE:0.18% UP:27.77% SPREAD:0.07550018% BID:2.649 ASK:2.651 MID:2.65 P1:2.65 P2:2.64949999 P3:2.6515 P4:2.6515 STATE:IDLE
[2026-06-03 00:06:13Z] CHK MOM:-0.05% RANGE:0.18% UP:33.33% SPREAD:0.03773584% BID:2.65 ASK:2.651 MID:2.6505 P1:2.6505 P2:2.65 P3:2.64949999 P4:2.6515 STATE:IDLE
[2026-06-03 00:06:13Z] CHK MOM:-0.05% RANGE:0.18% UP:31.57% SPREAD:0.03773584% BID:2.65 ASK:2.651 MID:2.6505 P1:2.6505 P2:2.6505 P3:2.65 P4:2.64949999 STATE:IDLE
[2026-06-03 00:06:14Z] CHK MOM:-0.05% RANGE:0.18% UP:30% SPREAD:0.03773584% BID:2.65 ASK:2.651 MID:2.6505 P1:2.6505 P2:2.6505 P3:2.6505 P4:2.65 STATE:IDLE
[2026-06-03 00:06:14Z] CHK MOM:-0.05% RANGE:0.18% UP:30% SPREAD:0.03773584% BID:2.65 ASK:2.651 MID:2.6505 P1:2.6505 P2:2.6505 P3:2.6505 P4:2.65 STATE:IDLE
[2026-06-03 00:06:15Z] CHK MOM:-0.05% RANGE:0.18% UP:31.57% SPREAD:0.03773584% BID:2.65 ASK:2.651 MID:2.6505 P1:2.6505 P2:2.6505 P3:2.6505 P4:2.6505 STATE:IDLE
[2026-06-03 00:06:15Z] CHK MOM:-0.05% RANGE:0.18% UP:31.57% SPREAD:0.03773584% BID:2.65 ASK:2.651 MID:2.6505 P1:2.6505 P2:2.6505 P3:2.6505 P4:2.6505 STATE:IDLE
[2026-06-03 00:06:16Z] CHK MOM:-0.09% RANGE:0.18% UP:29.41% SPREAD:0.03773584% BID:2.65 ASK:2.651 MID:2.6505 P1:2.6505 P2:2.6505 P3:2.6505 P4:2.6505 STATE:IDLE
[2026-06-03 00:06:17Z] CHK MOM:-0.09% RANGE:0.18% UP:27.77% SPREAD:0.03773584% BID:2.65 ASK:2.651 MID:2.6505 P1:2.6505 P2:2.6505 P3:2.6505 P4:2.6505 STATE:IDLE
[2026-06-03 00:06:17Z] CHK MOM:-0.09% RANGE:0.18% UP:27.77% SPREAD:0.03773584% BID:2.65 ASK:2.651 MID:2.6505 P1:2.6505 P2:2.6505 P3:2.6505 P4:2.6505 STATE:IDLE
[2026-06-03 00:06:18Z] CHK MOM:-0.09% RANGE:0.18% UP:27.77% SPREAD:0.03773584% BID:2.65 ASK:2.651 MID:2.6505 P1:2.6505 P2:2.6505 P3:2.6505 P4:2.6505 STATE:IDLE
[2026-06-03 00:06:18Z] CHK MOM:-0.09% RANGE:0.18% UP:27.77% SPREAD:0.03773584% BID:2.65 ASK:2.651 MID:2.6505 P1:2.6505 P2:2.6505 P3:2.6505 P4:2.6505 STATE:IDLE
[2026-06-03 00:06:19Z] CHK MOM:-0.09% RANGE:0.18% UP:26.66% SPREAD:0.03772161% BID:2.651 ASK:2.652 MID:2.6515 P1:2.6515 P2:2.6505 P3:2.6505 P4:2.6505 STATE:IDLE
[2026-06-03 00:06:19Z] CHK MOM:-0.09% RANGE:0.18% UP:25% SPREAD:0.03772161% BID:2.651 ASK:2.652 MID:2.6515 P1:2.6515 P2:2.6515 P3:2.6505 P4:2.6505 STATE:IDLE
[2026-06-03 00:06:20Z] CHK MOM:-0.11% RANGE:0.18% UP:20% SPREAD:0.03772161% BID:2.651 ASK:2.652 MID:2.6515 P1:2.6515 P2:2.6515 P3:2.6515 P4:2.6505 STATE:IDLE
[2026-06-03 00:06:20Z] CHK MOM:-0.15% RANGE:0.18% UP:18.75% SPREAD:0.03773584% BID:2.65 ASK:2.651 MID:2.6505 P1:2.6505 P2:2.6515 P3:2.6515 P4:2.6515 STATE:IDLE
[2026-06-03 00:06:21Z] CHK MOM:-0.09% RANGE:0.13% UP:18.75% SPREAD:0.03773584% BID:2.65 ASK:2.651 MID:2.6505 P1:2.6505 P2:2.6505 P3:2.6515 P4:2.6515 STATE:IDLE
[2026-06-03 00:06:21Z] CHK MOM:-0.09% RANGE:0.13% UP:17.64% SPREAD:0.03773584% BID:2.65 ASK:2.651 MID:2.6505 P1:2.6505 P2:2.6505 P3:2.6505 P4:2.6515 STATE:IDLE
[2026-06-03 00:06:22Z] CHK MOM:-0.05% RANGE:0.07% UP:17.64% SPREAD:0.07550018% BID:2.649 ASK:2.651 MID:2.65 P1:2.65 P2:2.6505 P3:2.6505 P4:2.6505 STATE:IDLE
[2026-06-03 00:06:23Z] CHK MOM:-0.03% RANGE:0.07% UP:23.52% SPREAD:0.03773584% BID:2.65 ASK:2.651 MID:2.6505 P1:2.6505 P2:2.65 P3:2.6505 P4:2.6505 STATE:IDLE
[2026-06-03 00:06:23Z] CHK MOM:0.01% RANGE:0.07% UP:25% SPREAD:0.07550018% BID:2.649 ASK:2.651 MID:2.65 P1:2.65 P2:2.6505 P3:2.65 P4:2.6505 STATE:IDLE
[2026-06-03 00:06:24Z] CHK MOM:0.01% RANGE:0.07% UP:23.52% SPREAD:0.07550018% BID:2.649 ASK:2.651 MID:2.65 P1:2.65 P2:2.65 P3:2.6505 P4:2.65 STATE:IDLE
[2026-06-03 00:06:24Z] CHK MOM:-0.03% RANGE:0.09% UP:17.64% SPREAD:0.0755287% BID:2.648 ASK:2.65 MID:2.649 P1:2.649 P2:2.65 P3:2.65 P4:2.6505 STATE:IDLE
[2026-06-03 00:06:25Z] CHK MOM:-0.05% RANGE:0.09% UP:11.76% SPREAD:0.0755287% BID:2.648 ASK:2.65 MID:2.649 P1:2.649 P2:2.649 P3:2.65 P4:2.65 STATE:IDLE
[2026-06-03 00:06:25Z] CHK MOM:-0.03% RANGE:0.09% UP:18.75% SPREAD:0.03775009% BID:2.649 ASK:2.65 MID:2.64949999 P1:2.64949999 P2:2.649 P3:2.649 P4:2.65 STATE:IDLE
[2026-06-03 00:06:26Z] CHK MOM:-0.07% RANGE:0.11% UP:18.75% SPREAD:0.03776435% BID:2.648 ASK:2.649 MID:2.6485 P1:2.6485 P2:2.64949999 P3:2.649 P4:2.649 STATE:IDLE
[2026-06-03 00:06:26Z] CHK MOM:-0.07% RANGE:0.11% UP:17.64% SPREAD:0.03776435% BID:2.648 ASK:2.649 MID:2.6485 P1:2.6485 P2:2.6485 P3:2.64949999 P4:2.649 STATE:IDLE
[2026-06-03 00:06:27Z] CHK MOM:-0.07% RANGE:0.11% UP:17.64% SPREAD:0.03776435% BID:2.648 ASK:2.649 MID:2.6485 P1:2.6485 P2:2.6485 P3:2.6485 P4:2.64949999 STATE:IDLE
[2026-06-03 00:06:28Z] CHK MOM:-0.07% RANGE:0.11% UP:16.66% SPREAD:0.03776435% BID:2.648 ASK:2.649 MID:2.6485 P1:2.6485 P2:2.6485 P3:2.6485 P4:2.6485 STATE:IDLE
[2026-06-03 00:06:28Z] CHK MOM:-0.07% RANGE:0.11% UP:16.66% SPREAD:0.03776435% BID:2.648 ASK:2.649 MID:2.6485 P1:2.6485 P2:2.6485 P3:2.6485 P4:2.6485 STATE:IDLE
[2026-06-03 00:06:29Z] CHK MOM:-0.11% RANGE:0.11% UP:11.76% SPREAD:0.03776435% BID:2.648 ASK:2.649 MID:2.6485 P1:2.6485 P2:2.6485 P3:2.6485 P4:2.6485 STATE:IDLE
[2026-06-03 00:06:29Z] CHK MOM:-0.11% RANGE:0.11% UP:11.11% SPREAD:0.03776435% BID:2.648 ASK:2.649 MID:2.6485 P1:2.6485 P2:2.6485 P3:2.6485 P4:2.6485 STATE:IDLE
[2026-06-03 00:06:30Z] CHK MOM:-0.13% RANGE:0.13% UP:10.52% SPREAD:0.07555723% BID:2.647 ASK:2.649 MID:2.64799999 P1:2.64799999 P2:2.6485 P3:2.6485 P4:2.6485 STATE:IDLE
[2026-06-03 00:06:30Z] CHK MOM:-0.15% RANGE:0.15% UP:10% SPREAD:0.03777861% BID:2.647 ASK:2.648 MID:2.6475 P1:2.6475 P2:2.64799999 P3:2.6485 P4:2.6485 STATE:IDLE
[2026-06-03 00:06:31Z] CHK MOM:-0.15% RANGE:0.15% UP:10% SPREAD:0.03777861% BID:2.647 ASK:2.648 MID:2.6475 P1:2.6475 P2:2.6475 P3:2.64799999 P4:2.6485 STATE:IDLE
[2026-06-03 00:06:31Z] CHK MOM:-0.16% RANGE:0.17% UP:10% SPREAD:0.07558578% BID:2.646 ASK:2.648 MID:2.647 P1:2.647 P2:2.6475 P3:2.6475 P4:2.64799999 STATE:IDLE
[2026-06-03 00:06:32Z] CHK MOM:-0.13% RANGE:0.13% UP:10% SPREAD:0.07558578% BID:2.646 ASK:2.648 MID:2.647 P1:2.647 P2:2.647 P3:2.6475 P4:2.6475 STATE:IDLE
[2026-06-03 00:06:32Z] CHK MOM:-0.13% RANGE:0.13% UP:10% SPREAD:0.07558578% BID:2.646 ASK:2.648 MID:2.647 P1:2.647 P2:2.647 P3:2.6475 P4:2.6475 STATE:IDLE
[2026-06-03 00:06:34Z] CHK MOM:-0.15% RANGE:0.15% UP:10% SPREAD:0.03779289% BID:2.646 ASK:2.647 MID:2.64649999 P1:2.64649999 P2:2.647 P3:2.647 P4:2.6475 STATE:IDLE
[2026-06-03 00:06:34Z] CHK MOM:-0.16% RANGE:0.17% UP:5.55% SPREAD:0.07561436% BID:2.645 ASK:2.647 MID:2.646 P1:2.646 P2:2.64649999 P3:2.647 P4:2.647 STATE:IDLE
[2026-06-03 00:06:35Z] CHK MOM:-0.16% RANGE:0.17% UP:5.55% SPREAD:0.03780718% BID:2.645 ASK:2.646 MID:2.6455 P1:2.6455 P2:2.646 P3:2.64649999 P4:2.647 STATE:IDLE
[2026-06-03 00:06:35Z] CHK MOM:-0.15% RANGE:0.17% UP:10.52% SPREAD:0.07561436% BID:2.645 ASK:2.647 MID:2.646 P1:2.646 P2:2.6455 P3:2.646 P4:2.64649999 STATE:IDLE
[2026-06-03 00:06:36Z] CHK MOM:-0.18% RANGE:0.18% UP:10.52% SPREAD:0.07564296% BID:2.644 ASK:2.646 MID:2.645 P1:2.645 P2:2.646 P3:2.6455 P4:2.646 STATE:IDLE
[2026-06-03 00:06:36Z] CHK MOM:-0.18% RANGE:0.18% UP:10.52% SPREAD:0.07564296% BID:2.644 ASK:2.646 MID:2.645 P1:2.645 P2:2.646 P3:2.6455 P4:2.646 STATE:IDLE
[2026-06-03 00:06:37Z] CHK MOM:-0.18% RANGE:0.18% UP:10.52% SPREAD:0.07564296% BID:2.644 ASK:2.646 MID:2.645 P1:2.645 P2:2.646 P3:2.6455 P4:2.646 STATE:IDLE
[2026-06-03 00:06:37Z] CHK MOM:-0.18% RANGE:0.18% UP:10.52% SPREAD:0.07564296% BID:2.644 ASK:2.646 MID:2.645 P1:2.645 P2:2.646 P3:2.6455 P4:2.646 STATE:IDLE
[2026-06-03 00:06:38Z] CHK MOM:-0.15% RANGE:0.15% UP:6.66% SPREAD:0.03782148% BID:2.644 ASK:2.645 MID:2.6445 P1:2.6445 P2:2.645 P3:2.646 P4:2.6455 STATE:IDLE
[2026-06-03 00:06:39Z] CHK MOM:-0.15% RANGE:0.15% UP:6.25% SPREAD:0.03782148% BID:2.644 ASK:2.645 MID:2.6445 P1:2.6445 P2:2.6445 P3:2.645 P4:2.646 STATE:IDLE
[2026-06-03 00:06:39Z] CHK MOM:-0.13% RANGE:0.15% UP:14.28% SPREAD:0.07564296% BID:2.644 ASK:2.646 MID:2.645 P1:2.645 P2:2.6445 P3:2.6445 P4:2.645 STATE:IDLE
[2026-06-03 00:06:40Z] CHK MOM:-0.13% RANGE:0.15% UP:14.28% SPREAD:0.07564296% BID:2.644 ASK:2.646 MID:2.645 P1:2.645 P2:2.6445 P3:2.6445 P4:2.645 STATE:IDLE
[2026-06-03 00:06:40Z] CHK MOM:-0.15% RANGE:0.15% UP:13.33% SPREAD:0.03782148% BID:2.644 ASK:2.645 MID:2.6445 P1:2.6445 P2:2.645 P3:2.6445 P4:2.6445 STATE:IDLE
[2026-06-03 00:06:41Z] CHK MOM:-0.15% RANGE:0.15% UP:12.5% SPREAD:0.03782148% BID:2.644 ASK:2.645 MID:2.6445 P1:2.6445 P2:2.6445 P3:2.645 P4:2.6445 STATE:IDLE
[2026-06-03 00:06:41Z] CHK MOM:-0.09% RANGE:0.13% UP:20% SPREAD:0.03780718% BID:2.645 ASK:2.646 MID:2.6455 P1:2.6455 P2:2.6445 P3:2.6445 P4:2.645 STATE:IDLE
[2026-06-03 00:06:42Z] CHK MOM:-0.03% RANGE:0.11% UP:26.66% SPREAD:0.03779289% BID:2.646 ASK:2.647 MID:2.64649999 P1:2.64649999 P2:2.6455 P3:2.6445 P4:2.6445 STATE:IDLE
[2026-06-03 00:06:42Z] CHK MOM:-0.05% RANGE:0.11% UP:26.66% SPREAD:0.07561436% BID:2.645 ASK:2.647 MID:2.646 P1:2.646 P2:2.64649999 P3:2.6455 P4:2.6445 STATE:IDLE
[2026-06-03 00:06:43Z] CHK MOM:-0.03% RANGE:0.11% UP:31.25% SPREAD:0.03779289% BID:2.646 ASK:2.647 MID:2.64649999 P1:2.64649999 P2:2.646 P3:2.64649999 P4:2.6455 STATE:IDLE
[2026-06-03 00:06:44Z] CHK MOM:-0.03% RANGE:0.11% UP:31.25% SPREAD:0.03779289% BID:2.646 ASK:2.647 MID:2.64649999 P1:2.64649999 P2:2.646 P3:2.64649999 P4:2.6455 STATE:IDLE
[2026-06-03 00:06:44Z] CHK MOM:-0.01% RANGE:0.07% UP:35.71% SPREAD:0.07561436% BID:2.645 ASK:2.647 MID:2.646 P1:2.646 P2:2.64649999 P3:2.646 P4:2.64649999 STATE:IDLE
[2026-06-03 00:06:45Z] CHK MOM:-0.07% RANGE:0.09% UP:35.71% SPREAD:0.07567158% BID:2.643 ASK:2.645 MID:2.644 P1:2.644 P2:2.646 P3:2.64649999 P4:2.646 STATE:IDLE
[2026-06-03 00:06:45Z] CHK MOM:-0.07% RANGE:0.09% UP:33.33% SPREAD:0.07567158% BID:2.643 ASK:2.645 MID:2.644 P1:2.644 P2:2.644 P3:2.646 P4:2.64649999 STATE:IDLE
[2026-06-03 00:06:46Z] CHK MOM:-0.07% RANGE:0.09% UP:31.25% SPREAD:0.07567158% BID:2.643 ASK:2.645 MID:2.644 P1:2.644 P2:2.644 P3:2.644 P4:2.646 STATE:IDLE
[2026-06-03 00:06:46Z] CHK MOM:-0.03% RANGE:0.09% UP:37.5% SPREAD:0.03782148% BID:2.644 ASK:2.645 MID:2.6445 P1:2.6445 P2:2.644 P3:2.644 P4:2.644 STATE:IDLE
[2026-06-03 00:06:47Z] CHK MOM:-0.07% RANGE:0.09% UP:31.25% SPREAD:0.07567158% BID:2.643 ASK:2.645 MID:2.644 P1:2.644 P2:2.6445 P3:2.644 P4:2.644 STATE:IDLE
[2026-06-03 00:06:47Z] CHK MOM:-0.09% RANGE:0.11% UP:29.41% SPREAD:0.03783579% BID:2.643 ASK:2.644 MID:2.6435 P1:2.6435 P2:2.644 P3:2.6445 P4:2.644 STATE:IDLE
[2026-06-03 00:06:48Z] CHK MOM:-0.03% RANGE:0.11% UP:31.25% SPREAD:0.03783579% BID:2.643 ASK:2.644 MID:2.6435 P1:2.6435 P2:2.6435 P3:2.644 P4:2.6445 STATE:IDLE
[2026-06-03 00:06:48Z] CHK MOM:-0.03% RANGE:0.11% UP:29.41% SPREAD:0.03783579% BID:2.643 ASK:2.644 MID:2.6435 P1:2.6435 P2:2.6435 P3:2.6435 P4:2.644 STATE:IDLE
[2026-06-03 00:06:49Z] CHK MOM:-0.03% RANGE:0.11% UP:27.77% SPREAD:0.03783579% BID:2.643 ASK:2.644 MID:2.6435 P1:2.6435 P2:2.6435 P3:2.6435 P4:2.6435 STATE:IDLE
[2026-06-03 00:06:50Z] CHK MOM:0.01% RANGE:0.11% UP:31.57% SPREAD:0.07564296% BID:2.644 ASK:2.646 MID:2.645 P1:2.645 P2:2.6435 P3:2.6435 P4:2.6435 STATE:IDLE
[2026-06-03 00:06:50Z] CHK MOM:0.07% RANGE:0.13% UP:33.33% SPREAD:0.07558578% BID:2.646 ASK:2.648 MID:2.647 P1:2.647 P2:2.645 P3:2.6435 P4:2.6435 STATE:IDLE
[2026-06-03 00:06:51Z] CHK MOM:0.13% RANGE:0.18% UP:36.84% SPREAD:0.03776435% BID:2.648 ASK:2.649 MID:2.6485 P1:2.6485 P2:2.647 P3:2.645 P4:2.6435 STATE:IDLE
[2026-06-03 00:06:52Z] DECIDE_HOLD reason=HOLD_BURST_EMA spread=0.0378% mom=0.1323% range=0.1891% up=36.84% mid=2.64850000 P1=2.6485000000000003 P2=2.6470000000000002 P3=2.645 P4=2.6435 ema5=0
[2026-06-03 00:06:52Z] CHK MOM:0.15% RANGE:0.18% UP:36.84% SPREAD:0.03776435% BID:2.648 ASK:2.649 MID:2.6485 P1:2.6485 P2:2.6485 P3:2.647 P4:2.645 STATE:IDLE
[2026-06-03 00:06:53Z] CHK MOM:0.09% RANGE:0.18% UP:33.33% SPREAD:0.07555723% BID:2.647 ASK:2.649 MID:2.64799999 P1:2.64799999 P2:2.6485 P3:2.6485 P4:2.647 STATE:IDLE
[2026-06-03 00:06:53Z] CHK MOM:0.09% RANGE:0.18% UP:31.57% SPREAD:0.07555723% BID:2.647 ASK:2.649 MID:2.64799999 P1:2.64799999 P2:2.64799999 P3:2.6485 P4:2.6485 STATE:IDLE
[2026-06-03 00:06:54Z] CHK MOM:0.07% RANGE:0.18% UP:27.77% SPREAD:0.07555723% BID:2.647 ASK:2.649 MID:2.64799999 P1:2.64799999 P2:2.64799999 P3:2.64799999 P4:2.6485 STATE:IDLE
[2026-06-03 00:06:55Z] CHK MOM:0.07% RANGE:0.18% UP:27.77% SPREAD:0.03776435% BID:2.648 ASK:2.649 MID:2.6485 P1:2.6485 P2:2.64799999 P3:2.64799999 P4:2.64799999 STATE:IDLE
[2026-06-03 00:06:55Z] CHK MOM:0.05% RANGE:0.18% UP:27.77% SPREAD:0.03777861% BID:2.647 ASK:2.648 MID:2.6475 P1:2.6475 P2:2.6485 P3:2.64799999 P4:2.64799999 STATE:IDLE
[2026-06-03 00:06:56Z] CHK MOM:0.05% RANGE:0.18% UP:26.31% SPREAD:0.03777861% BID:2.647 ASK:2.648 MID:2.6475 P1:2.6475 P2:2.6475 P3:2.6485 P4:2.64799999 STATE:IDLE
[2026-06-03 00:06:56Z] CHK MOM:0.05% RANGE:0.18% UP:25% SPREAD:0.03777861% BID:2.647 ASK:2.648 MID:2.6475 P1:2.6475 P2:2.6475 P3:2.6475 P4:2.6485 STATE:IDLE
[2026-06-03 00:06:57Z] CHK MOM:0.15% RANGE:0.18% UP:30% SPREAD:0.07555723% BID:2.647 ASK:2.649 MID:2.64799999 P1:2.64799999 P2:2.6475 P3:2.6475 P4:2.6475 STATE:IDLE
[2026-06-03 00:06:57Z] CHK MOM:0.15% RANGE:0.18% UP:30% SPREAD:0.07555723% BID:2.647 ASK:2.649 MID:2.64799999 P1:2.64799999 P2:2.6475 P3:2.6475 P4:2.6475 STATE:IDLE
[2026-06-03 00:06:58Z] CHK MOM:0.15% RANGE:0.18% UP:30% SPREAD:0.07555723% BID:2.647 ASK:2.649 MID:2.64799999 P1:2.64799999 P2:2.6475 P3:2.6475 P4:2.6475 STATE:IDLE
[2026-06-03 00:06:58Z] CHK MOM:0.15% RANGE:0.18% UP:30% SPREAD:0.07555723% BID:2.647 ASK:2.649 MID:2.64799999 P1:2.64799999 P2:2.6475 P3:2.6475 P4:2.6475 STATE:IDLE
[2026-06-03 00:06:59Z] CHK MOM:0.11% RANGE:0.18% UP:29.41% SPREAD:0.07558578% BID:2.646 ASK:2.648 MID:2.647 P1:2.647 P2:2.64799999 P3:2.6475 P4:2.6475 STATE:IDLE
[2026-06-03 00:06:59Z] CHK MOM:0.07% RANGE:0.18% UP:31.25% SPREAD:0.03780718% BID:2.645 ASK:2.646 MID:2.6455 P1:2.6455 P2:2.647 P3:2.64799999 P4:2.6475 STATE:IDLE
[2026-06-03 00:07:00Z] CHK MOM:0.07% RANGE:0.18% UP:29.41% SPREAD:0.03780718% BID:2.645 ASK:2.646 MID:2.6455 P1:2.6455 P2:2.6455 P3:2.647 P4:2.64799999 STATE:IDLE
[2026-06-03 00:07:00Z] CHK MOM:0.11% RANGE:0.13% UP:33.33% SPREAD:0.07555723% BID:2.647 ASK:2.649 MID:2.64799999 P1:2.64799999 P2:2.6455 P3:2.6455 P4:2.647 STATE:IDLE
[2026-06-03 00:07:01Z] CHK MOM:0.15% RANGE:0.15% UP:37.5% SPREAD:0.0755287% BID:2.648 ASK:2.65 MID:2.649 P1:2.649 P2:2.64799999 P3:2.6455 P4:2.6455 STATE:IDLE
[2026-06-03 00:07:01Z] CHK MOM:0.15% RANGE:0.15% UP:35.29% SPREAD:0.0755287% BID:2.648 ASK:2.65 MID:2.649 P1:2.649 P2:2.649 P3:2.64799999 P4:2.6455 STATE:IDLE
[2026-06-03 00:07:02Z] CHK MOM:0.09% RANGE:0.15% UP:35.29% SPREAD:0.03775009% BID:2.649 ASK:2.65 MID:2.64949999 P1:2.64949999 P2:2.649 P3:2.649 P4:2.64799999 STATE:IDLE
[2026-06-03 00:07:02Z] CHK MOM:0.03% RANGE:0.15% UP:29.41% SPREAD:0.03775009% BID:2.649 ASK:2.65 MID:2.64949999 P1:2.64949999 P2:2.64949999 P3:2.649 P4:2.649 STATE:IDLE
[2026-06-03 00:07:03Z] CHK MOM:0.03% RANGE:0.15% UP:29.41% SPREAD:0.03775009% BID:2.649 ASK:2.65 MID:2.64949999 P1:2.64949999 P2:2.64949999 P3:2.64949999 P4:2.649 STATE:IDLE
[2026-06-03 00:07:03Z] CHK MOM:0.01% RANGE:0.15% UP:27.77% SPREAD:0.0755287% BID:2.648 ASK:2.65 MID:2.649 P1:2.649 P2:2.64949999 P3:2.64949999 P4:2.64949999 STATE:IDLE
[2026-06-03 00:07:04Z] CHK MOM:0% RANGE:0.15% UP:27.77% SPREAD:0.07555723% BID:2.647 ASK:2.649 MID:2.64799999 P1:2.64799999 P2:2.649 P3:2.64949999 P4:2.64949999 STATE:IDLE
[2026-06-03 00:07:04Z] CHK MOM:0% RANGE:0.15% UP:27.77% SPREAD:0.07555723% BID:2.647 ASK:2.649 MID:2.64799999 P1:2.64799999 P2:2.649 P3:2.64949999 P4:2.64949999 STATE:IDLE
[2026-06-03 00:07:05Z] CHK MOM:0% RANGE:0.15% UP:29.41% SPREAD:0.07555723% BID:2.647 ASK:2.649 MID:2.64799999 P1:2.64799999 P2:2.64799999 P3:2.649 P4:2.64949999 STATE:IDLE
[2026-06-03 00:07:06Z] CHK MOM:0% RANGE:0.15% UP:29.41% SPREAD:0.07555723% BID:2.647 ASK:2.649 MID:2.64799999 P1:2.64799999 P2:2.64799999 P3:2.649 P4:2.64949999 STATE:IDLE
[2026-06-03 00:07:06Z] CHK MOM:-0.07% RANGE:0.15% UP:25% SPREAD:0.03780718% BID:2.645 ASK:2.646 MID:2.6455 P1:2.6455 P2:2.64799999 P3:2.64799999 P4:2.649 STATE:IDLE
[2026-06-03 00:07:07Z] CHK MOM:-0.09% RANGE:0.17% UP:23.52% SPREAD:0.07564296% BID:2.644 ASK:2.646 MID:2.645 P1:2.645 P2:2.6455 P3:2.64799999 P4:2.64799999 STATE:IDLE
[2026-06-03 00:07:07Z] CHK MOM:-0.07% RANGE:0.17% UP:31.25% SPREAD:0.03780718% BID:2.645 ASK:2.646 MID:2.6455 P1:2.6455 P2:2.645 P3:2.6455 P4:2.64799999 STATE:IDLE
[2026-06-03 00:07:08Z] CHK MOM:-0.15% RANGE:0.2% UP:25% SPREAD:0.07567158% BID:2.643 ASK:2.645 MID:2.644 P1:2.644 P2:2.6455 P3:2.645 P4:2.6455 STATE:IDLE
[2026-06-03 00:07:08Z] CHK MOM:-0.11% RANGE:0.2% UP:25% SPREAD:0.07567158% BID:2.643 ASK:2.645 MID:2.644 P1:2.644 P2:2.644 P3:2.6455 P4:2.645 STATE:IDLE
[2026-06-03 00:07:09Z] CHK MOM:-0.18% RANGE:0.28% UP:23.52% SPREAD:0.07572889% BID:2.641 ASK:2.643 MID:2.642 P1:2.642 P2:2.644 P3:2.644 P4:2.6455 STATE:IDLE
[2026-06-03 00:07:09Z] CHK MOM:-0.18% RANGE:0.28% UP:22.22% SPREAD:0.07572889% BID:2.641 ASK:2.643 MID:2.642 P1:2.642 P2:2.642 P3:2.644 P4:2.644 STATE:IDLE
[2026-06-03 00:07:10Z] CHK MOM:-0.13% RANGE:0.28% UP:26.31% SPREAD:0.03783579% BID:2.643 ASK:2.644 MID:2.6435 P1:2.6435 P2:2.642 P3:2.642 P4:2.644 STATE:IDLE
[2026-06-03 00:07:11Z] CHK MOM:-0.13% RANGE:0.28% UP:25% SPREAD:0.03783579% BID:2.643 ASK:2.644 MID:2.6435 P1:2.6435 P2:2.6435 P3:2.642 P4:2.642 STATE:IDLE
[2026-06-03 00:07:11Z] CHK MOM:-0.15% RANGE:0.28% UP:27.77% SPREAD:0.07567158% BID:2.643 ASK:2.645 MID:2.644 P1:2.644 P2:2.6435 P3:2.6435 P4:2.642 STATE:IDLE
[2026-06-03 00:07:12Z] CHK MOM:-0.13% RANGE:0.28% UP:31.57% SPREAD:0.03782148% BID:2.644 ASK:2.645 MID:2.6445 P1:2.6445 P2:2.644 P3:2.6435 P4:2.6435 STATE:IDLE
[2026-06-03 00:07:12Z] CHK MOM:-0.11% RANGE:0.28% UP:35% SPREAD:0.07564296% BID:2.644 ASK:2.646 MID:2.645 P1:2.645 P2:2.6445 P3:2.644 P4:2.6435 STATE:IDLE
[2026-06-03 00:07:13Z] CHK MOM:-0.16% RANGE:0.28% UP:30% SPREAD:0.03782148% BID:2.644 ASK:2.645 MID:2.6445 P1:2.6445 P2:2.645 P3:2.6445 P4:2.644 STATE:IDLE
[2026-06-03 00:07:13Z] CHK MOM:-0.18% RANGE:0.28% UP:26.31% SPREAD:0.03782148% BID:2.644 ASK:2.645 MID:2.6445 P1:2.6445 P2:2.6445 P3:2.645 P4:2.6445 STATE:IDLE
[2026-06-03 00:07:14Z] CHK MOM:-0.18% RANGE:0.28% UP:26.31% SPREAD:0.03782148% BID:2.644 ASK:2.645 MID:2.6445 P1:2.6445 P2:2.6445 P3:2.645 P4:2.6445 STATE:IDLE
[2026-06-03 00:07:14Z] CHK MOM:-0.18% RANGE:0.28% UP:26.31% SPREAD:0.03782148% BID:2.644 ASK:2.645 MID:2.6445 P1:2.6445 P2:2.6445 P3:2.645 P4:2.6445 STATE:IDLE
[2026-06-03 00:07:15Z] CHK MOM:-0.18% RANGE:0.28% UP:26.31% SPREAD:0.03782148% BID:2.644 ASK:2.645 MID:2.6445 P1:2.6445 P2:2.6445 P3:2.645 P4:2.6445 STATE:IDLE
[2026-06-03 00:07:15Z] CHK MOM:-0.15% RANGE:0.26% UP:35.29% SPREAD:0.07564296% BID:2.644 ASK:2.646 MID:2.645 P1:2.645 P2:2.6445 P3:2.6445 P4:2.645 STATE:IDLE
[2026-06-03 00:07:16Z] CHK MOM:-0.11% RANGE:0.22% UP:35.29% SPREAD:0.07564296% BID:2.644 ASK:2.646 MID:2.645 P1:2.645 P2:2.645 P3:2.6445 P4:2.6445 STATE:IDLE
[2026-06-03 00:07:17Z] CHK MOM:-0.11% RANGE:0.22% UP:35.29% SPREAD:0.07564296% BID:2.644 ASK:2.646 MID:2.645 P1:2.645 P2:2.645 P3:2.645 P4:2.6445 STATE:IDLE
[2026-06-03 00:07:17Z] CHK MOM:-0.01% RANGE:0.13% UP:35.29% SPREAD:0.07564296% BID:2.644 ASK:2.646 MID:2.645 P1:2.645 P2:2.645 P3:2.645 P4:2.645 STATE:IDLE
[2026-06-03 00:07:18Z] CHK MOM:-0.01% RANGE:0.13% UP:33.33% SPREAD:0.07564296% BID:2.644 ASK:2.646 MID:2.645 P1:2.645 P2:2.645 P3:2.645 P4:2.645 STATE:IDLE
[2026-06-03 00:07:18Z] CHK MOM:-0.01% RANGE:0.13% UP:33.33% SPREAD:0.07564296% BID:2.644 ASK:2.646 MID:2.645 P1:2.645 P2:2.645 P3:2.645 P4:2.645 STATE:IDLE
[2026-06-03 00:07:19Z] CHK MOM:-0.01% RANGE:0.13% UP:29.41% SPREAD:0.07564296% BID:2.644 ASK:2.646 MID:2.645 P1:2.645 P2:2.645 P3:2.645 P4:2.645 STATE:IDLE
[2026-06-03 00:07:19Z] CHK MOM:-0.09% RANGE:0.13% UP:29.41% SPREAD:0.03786444% BID:2.641 ASK:2.642 MID:2.64149999 P1:2.64149999 P2:2.645 P3:2.645 P4:2.645 STATE:IDLE
[2026-06-03 00:07:20Z] CHK MOM:-0.09% RANGE:0.13% UP:27.77% SPREAD:0.03786444% BID:2.641 ASK:2.642 MID:2.64149999 P1:2.64149999 P2:2.64149999 P3:2.645 P4:2.645 STATE:IDLE
[2026-06-03 00:07:20Z] CHK MOM:-0.01% RANGE:0.13% UP:29.41% SPREAD:0.03786444% BID:2.641 ASK:2.642 MID:2.64149999 P1:2.64149999 P2:2.64149999 P3:2.64149999 P4:2.645 STATE:IDLE
[2026-06-03 00:07:21Z] CHK MOM:-0.01% RANGE:0.13% UP:27.77% SPREAD:0.03786444% BID:2.641 ASK:2.642 MID:2.64149999 P1:2.64149999 P2:2.64149999 P3:2.64149999 P4:2.64149999 STATE:IDLE
[2026-06-03 00:07:22Z] CHK MOM:-0.01% RANGE:0.13% UP:27.77% SPREAD:0.03786444% BID:2.641 ASK:2.642 MID:2.64149999 P1:2.64149999 P2:2.64149999 P3:2.64149999 P4:2.64149999 STATE:IDLE
[2026-06-03 00:07:22Z] CHK MOM:-0.01% RANGE:0.13% UP:27.77% SPREAD:0.03786444% BID:2.641 ASK:2.642 MID:2.64149999 P1:2.64149999 P2:2.64149999 P3:2.64149999 P4:2.64149999 STATE:IDLE
[2026-06-03 00:07:23Z] CHK MOM:-0.09% RANGE:0.13% UP:20% SPREAD:0.03786444% BID:2.641 ASK:2.642 MID:2.64149999 P1:2.64149999 P2:2.64149999 P3:2.64149999 P4:2.64149999 STATE:IDLE
[2026-06-03 00:07:23Z] CHK MOM:-0.09% RANGE:0.13% UP:18.75% SPREAD:0.03786444% BID:2.641 ASK:2.642 MID:2.64149999 P1:2.64149999 P2:2.64149999 P3:2.64149999 P4:2.64149999 STATE:IDLE
[2026-06-03 00:07:24Z] CHK MOM:0% RANGE:0.13% UP:18.75% SPREAD:0.03782148% BID:2.644 ASK:2.645 MID:2.6445 P1:2.6445 P2:2.64149999 P3:2.64149999 P4:2.64149999 STATE:IDLE
[2026-06-03 00:07:24Z] CHK MOM:0% RANGE:0.13% UP:18.75% SPREAD:0.07564296% BID:2.644 ASK:2.646 MID:2.645 P1:2.645 P2:2.6445 P3:2.64149999 P4:2.64149999 STATE:IDLE
[2026-06-03 00:07:25Z] CHK MOM:0.01% RANGE:0.13% UP:20% SPREAD:0.07564296% BID:2.644 ASK:2.646 MID:2.645 P1:2.645 P2:2.645 P3:2.6445 P4:2.64149999 STATE:IDLE
[2026-06-03 00:07:25Z] CHK MOM:0.01% RANGE:0.13% UP:20% SPREAD:0.07564296% BID:2.644 ASK:2.646 MID:2.645 P1:2.645 P2:2.645 P3:2.6445 P4:2.64149999 STATE:IDLE
[2026-06-03 00:07:26Z] CHK MOM:0.3% RANGE:0.43% UP:20% SPREAD:0.07541478% BID:2.652 ASK:2.654 MID:2.653 P1:2.653 P2:2.645 P3:2.645 P4:2.6445 STATE:IDLE
[2026-06-03 00:07:27Z] DECIDE_HOLD reason=HOLD_BURST_EMA spread=0.0754% mom=0.3025% range=0.4354% up=20.00% mid=2.65300000 P1=2.653 P2=2.645 P3=2.645 P4=2.6445 ema5=0
[2026-06-03 00:07:28Z] CHK MOM:0.43% RANGE:0.56% UP:25% SPREAD:0.0376506% BID:2.656 ASK:2.657 MID:2.6565 P1:2.6565 P2:2.653 P3:2.645 P4:2.645 STATE:IDLE
[2026-06-03 00:07:28Z] CHK MOM:0.69% RANGE:0.83% UP:33.33% SPREAD:0.03755163% BID:2.663 ASK:2.664 MID:2.6635 P1:2.6635 P2:2.6565 P3:2.653 P4:2.645 STATE:IDLE
[2026-06-03 00:07:29Z] CHK MOM:0.66% RANGE:0.83% UP:31.25% SPREAD:0.03756574% BID:2.662 ASK:2.663 MID:2.66249999 P1:2.66249999 P2:2.6635 P3:2.6565 P4:2.653 STATE:IDLE
[2026-06-03 00:07:29Z] CHK MOM:0.66% RANGE:0.83% UP:33.33% SPREAD:0.03756574% BID:2.662 ASK:2.663 MID:2.66249999 P1:2.66249999 P2:2.66249999 P3:2.6635 P4:2.6565 STATE:IDLE
[2026-06-03 00:07:30Z] CHK MOM:0.58% RANGE:0.83% UP:31.25% SPREAD:0.03759398% BID:2.66 ASK:2.661 MID:2.6605 P1:2.6605 P2:2.66249999 P3:2.66249999 P4:2.6635 STATE:IDLE
[2026-06-03 00:07:30Z] CHK MOM:0.6% RANGE:0.83% UP:37.5% SPREAD:0.07518796% BID:2.66 ASK:2.662 MID:2.661 P1:2.661 P2:2.6605 P3:2.66249999 P4:2.66249999 STATE:IDLE
[2026-06-03 00:07:31Z] CHK MOM:0.62% RANGE:0.83% UP:41.17% SPREAD:0.03757985% BID:2.661 ASK:2.662 MID:2.6615 P1:2.6615 P2:2.661 P3:2.6605 P4:2.66249999 STATE:IDLE
[2026-06-03 00:07:31Z] CHK MOM:0.71% RANGE:0.83% UP:41.17% SPREAD:0.03759398% BID:2.66 ASK:2.661 MID:2.6605 P1:2.6605 P2:2.6615 P3:2.661 P4:2.6605 STATE:IDLE
[2026-06-03 00:07:32Z] CHK MOM:0.75% RANGE:0.83% UP:50% SPREAD:0.03757985% BID:2.661 ASK:2.662 MID:2.6615 P1:2.6615 P2:2.6605 P3:2.6615 P4:2.661 STATE:IDLE
[2026-06-03 00:07:32Z] CHK MOM:0.75% RANGE:0.83% UP:50% SPREAD:0.03757985% BID:2.661 ASK:2.662 MID:2.6615 P1:2.6615 P2:2.6615 P3:2.6605 P4:2.6615 STATE:IDLE
[2026-06-03 00:07:33Z] CHK MOM:0.75% RANGE:0.83% UP:47.05% SPREAD:0.03757985% BID:2.661 ASK:2.662 MID:2.6615 P1:2.6615 P2:2.6615 P3:2.6615 P4:2.6605 STATE:IDLE
[2026-06-03 00:07:34Z] CHK MOM:0.83% RANGE:0.83% UP:52.94% SPREAD:0.03755163% BID:2.663 ASK:2.664 MID:2.6635 P1:2.6635 P2:2.6615 P3:2.6615 P4:2.6615 STATE:IDLE
[2026-06-03 00:07:34Z] CHK MOM:0.87% RANGE:0.87% UP:55.55% SPREAD:0.03753753% BID:2.664 ASK:2.665 MID:2.6645 P1:2.6645 P2:2.6635 P3:2.6615 P4:2.6615 STATE:IDLE
[2026-06-03 00:07:35Z] CHK MOM:0.83% RANGE:0.87% UP:55.55% SPREAD:0.03755163% BID:2.663 ASK:2.664 MID:2.6635 P1:2.6635 P2:2.6645 P3:2.6635 P4:2.6615 STATE:IDLE
[2026-06-03 00:07:35Z] CHK MOM:0.68% RANGE:0.75% UP:50% SPREAD:0.03756574% BID:2.662 ASK:2.663 MID:2.66249999 P1:2.66249999 P2:2.6635 P3:2.6645 P4:2.6635 STATE:IDLE
[2026-06-03 00:07:36Z] CHK MOM:0.68% RANGE:0.75% UP:47.36% SPREAD:0.03756574% BID:2.662 ASK:2.663 MID:2.66249999 P1:2.66249999 P2:2.66249999 P3:2.6635 P4:2.6645 STATE:IDLE
[2026-06-03 00:07:36Z] CHK MOM:0.66% RANGE:0.73% UP:42.1% SPREAD:0.03756574% BID:2.662 ASK:2.663 MID:2.66249999 P1:2.66249999 P2:2.66249999 P3:2.66249999 P4:2.6635 STATE:IDLE
[2026-06-03 00:07:37Z] CHK MOM:0.32% RANGE:0.43% UP:38.88% SPREAD:0.03757985% BID:2.661 ASK:2.662 MID:2.6615 P1:2.6615 P2:2.66249999 P3:2.66249999 P4:2.66249999 STATE:IDLE
[2026-06-03 00:07:37Z] CHK MOM:0.32% RANGE:0.43% UP:36.84% SPREAD:0.03757985% BID:2.661 ASK:2.662 MID:2.6615 P1:2.6615 P2:2.6615 P3:2.66249999 P4:2.66249999 STATE:IDLE
[2026-06-03 00:07:38Z] CHK MOM:0.33% RANGE:0.43% UP:40% SPREAD:0.07515971% BID:2.661 ASK:2.663 MID:2.662 P1:2.662 P2:2.6615 P3:2.6615 P4:2.66249999 STATE:IDLE
[2026-06-03 00:07:39Z] CHK MOM:0.2% RANGE:0.3% UP:35% SPREAD:0.07515971% BID:2.661 ASK:2.663 MID:2.662 P1:2.662 P2:2.662 P3:2.6615 P4:2.6615 STATE:IDLE
[2026-06-03 00:07:39Z] CHK MOM:0.03% RANGE:0.15% UP:35% SPREAD:0.03753753% BID:2.664 ASK:2.665 MID:2.6645 P1:2.6645 P2:2.662 P3:2.662 P4:2.6615 STATE:IDLE
[2026-06-03 00:07:40Z] CHK MOM:0% RANGE:0.15% UP:33.33% SPREAD:0.03755163% BID:2.663 ASK:2.664 MID:2.6635 P1:2.6635 P2:2.6645 P3:2.662 P4:2.662 STATE:IDLE
[2026-06-03 00:07:40Z] CHK MOM:0% RANGE:0.15% UP:31.81% SPREAD:0.03755163% BID:2.663 ASK:2.664 MID:2.6635 P1:2.6635 P2:2.6635 P3:2.6645 P4:2.662 STATE:IDLE
[2026-06-03 00:07:41Z] CHK MOM:0.03% RANGE:0.15% UP:33.33% SPREAD:0.03755163% BID:2.663 ASK:2.664 MID:2.6635 P1:2.6635 P2:2.6635 P3:2.6635 P4:2.6645 STATE:IDLE
[2026-06-03 00:07:41Z] CHK MOM:0.07% RANGE:0.15% UP:36.36% SPREAD:0.03753753% BID:2.664 ASK:2.665 MID:2.6645 P1:2.6645 P2:2.6635 P3:2.6635 P4:2.6635 STATE:IDLE
[2026-06-03 00:07:42Z] CHK MOM:0.2% RANGE:0.2% UP:40.9% SPREAD:0.0750469% BID:2.665 ASK:2.667 MID:2.666 P1:2.666 P2:2.6645 P3:2.6635 P4:2.6635 STATE:IDLE
[2026-06-03 00:07:42Z] CHK MOM:0.2% RANGE:0.2% UP:40.9% SPREAD:0.0750469% BID:2.665 ASK:2.667 MID:2.666 P1:2.666 P2:2.6645 P3:2.6635 P4:2.6635 STATE:IDLE
[2026-06-03 00:07:43Z] CHK MOM:0.15% RANGE:0.2% UP:35% SPREAD:0.03753753% BID:2.664 ASK:2.665 MID:2.6645 P1:2.6645 P2:2.666 P3:2.6645 P4:2.6635 STATE:IDLE
[2026-06-03 00:07:43Z] CHK MOM:0.2% RANGE:0.2% UP:38.09% SPREAD:0.0750469% BID:2.665 ASK:2.667 MID:2.666 P1:2.666 P2:2.6645 P3:2.666 P4:2.6645 STATE:IDLE
[2026-06-03 00:07:44Z] CHK MOM:0.11% RANGE:0.16% UP:33.33% SPREAD:0.03753753% BID:2.664 ASK:2.665 MID:2.6645 P1:2.6645 P2:2.666 P3:2.6645 P4:2.666 STATE:IDLE
[2026-06-03 00:07:45Z] CHK MOM:0.11% RANGE:0.16% UP:35% SPREAD:0.03753753% BID:2.664 ASK:2.665 MID:2.6645 P1:2.6645 P2:2.6645 P3:2.666 P4:2.6645 STATE:IDLE
[2026-06-03 00:07:45Z] CHK MOM:0.11% RANGE:0.18% UP:35% SPREAD:0.03750937% BID:2.666 ASK:2.667 MID:2.6665 P1:2.6665 P2:2.6645 P3:2.6645 P4:2.666 STATE:IDLE
[2026-06-03 00:07:46Z] CHK MOM:0.11% RANGE:0.18% UP:33.33% SPREAD:0.03750937% BID:2.666 ASK:2.667 MID:2.6665 P1:2.6665 P2:2.6665 P3:2.6645 P4:2.6645 STATE:IDLE
[2026-06-03 00:07:46Z] CHK MOM:0.07% RANGE:0.18% UP:28.57% SPREAD:0.03750937% BID:2.666 ASK:2.667 MID:2.6665 P1:2.6665 P2:2.6665 P3:2.6665 P4:2.6645 STATE:IDLE
[2026-06-03 00:07:47Z] CHK MOM:0.11% RANGE:0.18% UP:28.57% SPREAD:0.03750937% BID:2.666 ASK:2.667 MID:2.6665 P1:2.6665 P2:2.6665 P3:2.6665 P4:2.6665 STATE:IDLE
[2026-06-03 00:07:47Z] CHK MOM:0.15% RANGE:0.18% UP:30% SPREAD:0.03750937% BID:2.666 ASK:2.667 MID:2.6665 P1:2.6665 P2:2.6665 P3:2.6665 P4:2.6665 STATE:IDLE
[2026-06-03 00:07:48Z] CHK MOM:0.11% RANGE:0.18% UP:30% SPREAD:0.03752345% BID:2.665 ASK:2.666 MID:2.66549999 P1:2.66549999 P2:2.6665 P3:2.6665 P4:2.6665 STATE:IDLE
[2026-06-03 00:07:48Z] CHK MOM:0.11% RANGE:0.18% UP:30% SPREAD:0.03753753% BID:2.664 ASK:2.665 MID:2.6645 P1:2.6645 P2:2.66549999 P3:2.6665 P4:2.6665 STATE:IDLE
[2026-06-03 00:07:49Z] CHK MOM:0.09% RANGE:0.18% UP:28.57% SPREAD:0.07510326% BID:2.663 ASK:2.665 MID:2.66399999 P1:2.66399999 P2:2.6645 P3:2.66549999 P4:2.6665 STATE:IDLE
[2026-06-03 00:07:50Z] CHK MOM:0.09% RANGE:0.18% UP:28.57% SPREAD:0.07510326% BID:2.663 ASK:2.665 MID:2.66399999 P1:2.66399999 P2:2.6645 P3:2.66549999 P4:2.6665 STATE:IDLE
[2026-06-03 00:07:50Z] CHK MOM:0.05% RANGE:0.16% UP:25% SPREAD:0.03755163% BID:2.663 ASK:2.664 MID:2.6635 P1:2.6635 P2:2.66399999 P3:2.6645 P4:2.66549999 STATE:IDLE
[2026-06-03 00:07:51Z] CHK MOM:-0.03% RANGE:0.11% UP:21.05% SPREAD:0.03755163% BID:2.663 ASK:2.664 MID:2.6635 P1:2.6635 P2:2.6635 P3:2.66399999 P4:2.6645 STATE:IDLE
[2026-06-03 00:07:51Z] CHK MOM:-0.03% RANGE:0.11% UP:20% SPREAD:0.03755163% BID:2.663 ASK:2.664 MID:2.6635 P1:2.6635 P2:2.6635 P3:2.6635 P4:2.66399999 STATE:IDLE
[2026-06-03 00:07:52Z] CHK MOM:-0.03% RANGE:0.11% UP:20% SPREAD:0.03755163% BID:2.663 ASK:2.664 MID:2.6635 P1:2.6635 P2:2.6635 P3:2.6635 P4:2.66399999 STATE:IDLE
[2026-06-03 00:07:52Z] CHK MOM:0.01% RANGE:0.11% UP:27.77% SPREAD:0.07510326% BID:2.663 ASK:2.665 MID:2.66399999 P1:2.66399999 P2:2.6635 P3:2.6635 P4:2.6635 STATE:IDLE
[2026-06-03 00:07:53Z] CHK MOM:0.11% RANGE:0.11% UP:31.57% SPREAD:0.03750937% BID:2.666 ASK:2.667 MID:2.6665 P1:2.6665 P2:2.66399999 P3:2.6635 P4:2.6635 STATE:IDLE
[2026-06-03 00:07:53Z] CHK MOM:0.03% RANGE:0.11% UP:26.31% SPREAD:0.03752345% BID:2.665 ASK:2.666 MID:2.66549999 P1:2.66549999 P2:2.6665 P3:2.66399999 P4:2.6635 STATE:IDLE
[2026-06-03 00:07:54Z] CHK MOM:-0.01% RANGE:0.11% UP:21.05% SPREAD:0.03752345% BID:2.665 ASK:2.666 MID:2.66549999 P1:2.66549999 P2:2.66549999 P3:2.6665 P4:2.66399999 STATE:IDLE
[2026-06-03 00:07:54Z] CHK MOM:0.01% RANGE:0.11% UP:21.05% SPREAD:0.07507507% BID:2.664 ASK:2.666 MID:2.665 P1:2.665 P2:2.66549999 P3:2.66549999 P4:2.6665 STATE:IDLE
[2026-06-03 00:07:55Z] CHK MOM:0.03% RANGE:0.11% UP:25% SPREAD:0.03752345% BID:2.665 ASK:2.666 MID:2.66549999 P1:2.66549999 P2:2.665 P3:2.66549999 P4:2.66549999 STATE:IDLE
[2026-06-03 00:07:56Z] CHK MOM:0% RANGE:0.11% UP:25% SPREAD:0.0750469% BID:2.665 ASK:2.667 MID:2.666 P1:2.666 P2:2.66549999 P3:2.665 P4:2.66549999 STATE:IDLE
[2026-06-03 00:07:56Z] CHK MOM:0.09% RANGE:0.13% UP:31.57% SPREAD:0.07501875% BID:2.666 ASK:2.668 MID:2.667 P1:2.667 P2:2.666 P3:2.66549999 P4:2.665 STATE:IDLE
[2026-06-03 00:07:57Z] CHK MOM:0.01% RANGE:0.13% UP:26.31% SPREAD:0.07501875% BID:2.666 ASK:2.668 MID:2.667 P1:2.667 P2:2.667 P3:2.666 P4:2.66549999 STATE:IDLE
[2026-06-03 00:07:57Z] CHK MOM:-0.01% RANGE:0.13% UP:26.31% SPREAD:0.0750469% BID:2.665 ASK:2.667 MID:2.666 P1:2.666 P2:2.667 P3:2.667 P4:2.666 STATE:IDLE
[2026-06-03 00:07:58Z] CHK MOM:-0.03% RANGE:0.13% UP:26.31% SPREAD:0.03752345% BID:2.665 ASK:2.666 MID:2.66549999 P1:2.66549999 P2:2.666 P3:2.667 P4:2.667 STATE:IDLE
[2026-06-03 00:07:58Z] CHK MOM:0.01% RANGE:0.13% UP:30% SPREAD:0.07501875% BID:2.666 ASK:2.668 MID:2.667 P1:2.667 P2:2.66549999 P3:2.666 P4:2.667 STATE:IDLE
[2026-06-03 00:07:59Z] CHK MOM:0.01% RANGE:0.13% UP:30% SPREAD:0.07501875% BID:2.666 ASK:2.668 MID:2.667 P1:2.667 P2:2.667 P3:2.66549999 P4:2.666 STATE:IDLE
[2026-06-03 00:07:59Z] CHK MOM:0.01% RANGE:0.13% UP:30% SPREAD:0.07501875% BID:2.666 ASK:2.668 MID:2.667 P1:2.667 P2:2.667 P3:2.667 P4:2.66549999 STATE:IDLE
[2026-06-03 00:08:00Z] CHK MOM:0.01% RANGE:0.13% UP:30% SPREAD:0.0750469% BID:2.665 ASK:2.667 MID:2.666 P1:2.666 P2:2.667 P3:2.667 P4:2.667 STATE:IDLE
[2026-06-03 00:08:01Z] CHK MOM:0.05% RANGE:0.13% UP:31.57% SPREAD:0.03752345% BID:2.665 ASK:2.666 MID:2.66549999 P1:2.66549999 P2:2.666 P3:2.667 P4:2.667 STATE:IDLE
[2026-06-03 00:08:01Z] CHK MOM:-0.07% RANGE:0.2% UP:31.57% SPREAD:0.03757985% BID:2.661 ASK:2.662 MID:2.6615 P1:2.6615 P2:2.66549999 P3:2.666 P4:2.667 STATE:IDLE
[2026-06-03 00:08:02Z] CHK MOM:-0.15% RANGE:0.28% UP:31.57% SPREAD:0.03760812% BID:2.659 ASK:2.66 MID:2.6595 P1:2.6595 P2:2.6615 P3:2.66549999 P4:2.666 STATE:IDLE
[2026-06-03 00:08:02Z] CHK MOM:-0.11% RANGE:0.28% UP:35% SPREAD:0.03759398% BID:2.66 ASK:2.661 MID:2.6605 P1:2.6605 P2:2.6595 P3:2.6615 P4:2.66549999 STATE:IDLE
[2026-06-03 00:08:03Z] CHK MOM:-0.11% RANGE:0.28% UP:33.33% SPREAD:0.03759398% BID:2.66 ASK:2.661 MID:2.6605 P1:2.6605 P2:2.6605 P3:2.6595 P4:2.6615 STATE:IDLE
[2026-06-03 00:08:03Z] CHK MOM:-0.13% RANGE:0.28% UP:30% SPREAD:0.03759398% BID:2.66 ASK:2.661 MID:2.6605 P1:2.6605 P2:2.6605 P3:2.6605 P4:2.6595 STATE:IDLE
[2026-06-03 00:08:04Z] CHK MOM:-0.13% RANGE:0.28% UP:28.57% SPREAD:0.03759398% BID:2.66 ASK:2.661 MID:2.6605 P1:2.6605 P2:2.6605 P3:2.6605 P4:2.6605 STATE:IDLE
[2026-06-03 00:08:04Z] CHK MOM:-0.13% RANGE:0.28% UP:27.27% SPREAD:0.03759398% BID:2.66 ASK:2.661 MID:2.6605 P1:2.6605 P2:2.6605 P3:2.6605 P4:2.6605 STATE:IDLE
[2026-06-03 00:08:05Z] CHK MOM:-0.22% RANGE:0.28% UP:22.72% SPREAD:0.03759398% BID:2.66 ASK:2.661 MID:2.6605 P1:2.6605 P2:2.6605 P3:2.6605 P4:2.6605 STATE:IDLE
[2026-06-03 00:08:06Z] CHK MOM:-0.18% RANGE:0.28% UP:22.72% SPREAD:0.03759398% BID:2.66 ASK:2.661 MID:2.6605 P1:2.6605 P2:2.6605 P3:2.6605 P4:2.6605 STATE:IDLE
[2026-06-03 00:08:06Z] CHK MOM:-0.2% RANGE:0.28% UP:20% SPREAD:0.07521624% BID:2.659 ASK:2.661 MID:2.66 P1:2.66 P2:2.6605 P3:2.6605 P4:2.6605 STATE:IDLE
[2026-06-03 00:08:07Z] CHK MOM:-0.18% RANGE:0.28% UP:23.8% SPREAD:0.03759398% BID:2.66 ASK:2.661 MID:2.6605 P1:2.6605 P2:2.66 P3:2.6605 P4:2.6605 STATE:IDLE
[2026-06-03 00:08:07Z] CHK MOM:-0.2% RANGE:0.28% UP:19.04% SPREAD:0.03759398% BID:2.66 ASK:2.661 MID:2.6605 P1:2.6605 P2:2.6605 P3:2.66 P4:2.6605 STATE:IDLE
[2026-06-03 00:08:08Z] CHK MOM:-0.24% RANGE:0.28% UP:14.28% SPREAD:0.03759398% BID:2.66 ASK:2.661 MID:2.6605 P1:2.6605 P2:2.6605 P3:2.6605 P4:2.66 STATE:IDLE
[2026-06-03 00:08:08Z] CHK MOM:-0.24% RANGE:0.28% UP:13.63% SPREAD:0.03759398% BID:2.66 ASK:2.661 MID:2.6605 P1:2.6605 P2:2.6605 P3:2.6605 P4:2.6605 STATE:IDLE
[2026-06-03 00:08:09Z] CHK MOM:0.03% RANGE:0.28% UP:19.04% SPREAD:0.07501875% BID:2.666 ASK:2.668 MID:2.667 P1:2.667 P2:2.6605 P3:2.6605 P4:2.6605 STATE:IDLE
[2026-06-03 00:08:09Z] CHK MOM:0.15% RANGE:0.39% UP:22.72% SPREAD:0.07493443% BID:2.669 ASK:2.671 MID:2.67 P1:2.67 P2:2.667 P3:2.6605 P4:2.6605 STATE:IDLE
[2026-06-03 00:08:10Z] BURST_TRIGGER ret=0.3383% need=0.2997% vel=0.2473%/s eff=1.001 pressure=999.00 drop=0.0000% dt=1.368s
[2026-06-03 00:08:13Z] ENTRY_TIMEOUT_CANCEL
[2026-06-03 00:08:34Z] CHK MOM:-0.05% RANGE:0.09% UP:13.63% SPREAD:0.03743916% BID:2.671 ASK:2.672 MID:2.6715 P1:2.6715 P2:2.6715 P3:2.6715 P4:2.67049999 STATE:IDLE
[2026-06-03 00:08:34Z] CHK MOM:-0.05% RANGE:0.09% UP:13.63% SPREAD:0.03743916% BID:2.671 ASK:2.672 MID:2.6715 P1:2.6715 P2:2.6715 P3:2.6715 P4:2.6715 STATE:IDLE
[2026-06-03 00:08:35Z] CHK MOM:-0.05% RANGE:0.09% UP:13.63% SPREAD:0.03743916% BID:2.671 ASK:2.672 MID:2.6715 P1:2.6715 P2:2.6715 P3:2.6715 P4:2.6715 STATE:IDLE
[2026-06-03 00:08:35Z] CHK MOM:0% RANGE:0.09% UP:15% SPREAD:0.03743916% BID:2.671 ASK:2.672 MID:2.6715 P1:2.6715 P2:2.6715 P3:2.6715 P4:2.6715 STATE:IDLE
[2026-06-03 00:08:36Z] CHK MOM:-0.01% RANGE:0.09% UP:14.28% SPREAD:0.07490636% BID:2.67 ASK:2.672 MID:2.671 P1:2.671 P2:2.6715 P3:2.6715 P4:2.6715 STATE:IDLE
[2026-06-03 00:08:36Z] CHK MOM:-0.01% RANGE:0.09% UP:14.28% SPREAD:0.07490636% BID:2.67 ASK:2.672 MID:2.671 P1:2.671 P2:2.671 P3:2.6715 P4:2.6715 STATE:IDLE
[2026-06-03 00:08:37Z] CHK MOM:-0.18% RANGE:0.24% UP:14.28% SPREAD:0.03750937% BID:2.666 ASK:2.667 MID:2.6665 P1:2.6665 P2:2.671 P3:2.671 P4:2.6715 STATE:IDLE
[2026-06-03 00:08:37Z] CHK MOM:-0.11% RANGE:0.24% UP:19.04% SPREAD:0.03748125% BID:2.668 ASK:2.669 MID:2.6685 P1:2.6685 P2:2.6665 P3:2.671 P4:2.671 STATE:IDLE
[2026-06-03 00:08:38Z] CHK MOM:-0.09% RANGE:0.24% UP:22.72% SPREAD:0.07496251% BID:2.668 ASK:2.67 MID:2.669 P1:2.669 P2:2.6685 P3:2.6665 P4:2.671 STATE:IDLE
[2026-06-03 00:08:38Z] CHK MOM:-0.14% RANGE:0.24% UP:18.18% SPREAD:0.07496251% BID:2.668 ASK:2.67 MID:2.669 P1:2.669 P2:2.669 P3:2.6685 P4:2.6665 STATE:IDLE
[2026-06-03 00:08:39Z] CHK MOM:-0.09% RANGE:0.2% UP:23.8% SPREAD:0.03746721% BID:2.669 ASK:2.67 MID:2.6695 P1:2.6695 P2:2.669 P3:2.669 P4:2.6685 STATE:IDLE
[2026-06-03 00:08:40Z] CHK MOM:-0.09% RANGE:0.2% UP:25% SPREAD:0.03746721% BID:2.669 ASK:2.67 MID:2.6695 P1:2.6695 P2:2.6695 P3:2.669 P4:2.669 STATE:IDLE
[2026-06-03 00:08:40Z] CHK MOM:-0.14% RANGE:0.18% UP:25% SPREAD:0.07501875% BID:2.666 ASK:2.668 MID:2.667 P1:2.667 P2:2.6695 P3:2.6695 P4:2.669 STATE:IDLE
[2026-06-03 00:08:41Z] CHK MOM:-0.16% RANGE:0.18% UP:25% SPREAD:0.03750937% BID:2.666 ASK:2.667 MID:2.6665 P1:2.6665 P2:2.667 P3:2.6695 P4:2.6695 STATE:IDLE
[2026-06-03 00:08:41Z] CHK MOM:-0.16% RANGE:0.18% UP:23.8% SPREAD:0.03750937% BID:2.666 ASK:2.667 MID:2.6665 P1:2.6665 P2:2.6665 P3:2.667 P4:2.6695 STATE:IDLE
[2026-06-03 00:08:42Z] CHK MOM:-0.18% RANGE:0.18% UP:19.04% SPREAD:0.03750937% BID:2.666 ASK:2.667 MID:2.6665 P1:2.6665 P2:2.6665 P3:2.6665 P4:2.667 STATE:IDLE
[2026-06-03 00:08:42Z] CHK MOM:-0.14% RANGE:0.18% UP:19.04% SPREAD:0.03750937% BID:2.666 ASK:2.667 MID:2.6665 P1:2.6665 P2:2.6665 P3:2.6665 P4:2.6665 STATE:IDLE
[2026-06-03 00:08:43Z] CHK MOM:-0.14% RANGE:0.18% UP:19.04% SPREAD:0.03750937% BID:2.666 ASK:2.667 MID:2.6665 P1:2.6665 P2:2.6665 P3:2.6665 P4:2.6665 STATE:IDLE
[2026-06-03 00:08:43Z] CHK MOM:-0.18% RANGE:0.22% UP:20% SPREAD:0.03752345% BID:2.665 ASK:2.666 MID:2.66549999 P1:2.66549999 P2:2.6665 P3:2.6665 P4:2.6665 STATE:IDLE
[2026-06-03 00:08:44Z] CHK MOM:-0.18% RANGE:0.22% UP:19.04% SPREAD:0.03752345% BID:2.665 ASK:2.666 MID:2.66549999 P1:2.66549999 P2:2.66549999 P3:2.6665 P4:2.6665 STATE:IDLE
[2026-06-03 00:08:45Z] CHK MOM:-0.22% RANGE:0.22% UP:14.28% SPREAD:0.03752345% BID:2.665 ASK:2.666 MID:2.66549999 P1:2.66549999 P2:2.66549999 P3:2.66549999 P4:2.6665 STATE:IDLE
[2026-06-03 00:08:45Z] CHK MOM:-0.22% RANGE:0.22% UP:14.28% SPREAD:0.03752345% BID:2.665 ASK:2.666 MID:2.66549999 P1:2.66549999 P2:2.66549999 P3:2.66549999 P4:2.66549999 STATE:IDLE
[2026-06-03 00:08:46Z] CHK MOM:-0.22% RANGE:0.22% UP:15% SPREAD:0.03752345% BID:2.665 ASK:2.666 MID:2.66549999 P1:2.66549999 P2:2.66549999 P3:2.66549999 P4:2.66549999 STATE:IDLE
[2026-06-03 00:08:46Z] CHK MOM:-0.26% RANGE:0.26% UP:15% SPREAD:0.03753753% BID:2.664 ASK:2.665 MID:2.6645 P1:2.6645 P2:2.66549999 P3:2.66549999 P4:2.66549999 STATE:IDLE
[2026-06-03 00:08:47Z] CHK MOM:-0.22% RANGE:0.26% UP:19.04% SPREAD:0.03752345% BID:2.665 ASK:2.666 MID:2.66549999 P1:2.66549999 P2:2.6645 P3:2.66549999 P4:2.66549999 STATE:IDLE
[2026-06-03 00:08:47Z] CHK MOM:-0.24% RANGE:0.26% UP:18.18% SPREAD:0.07507507% BID:2.664 ASK:2.666 MID:2.665 P1:2.665 P2:2.66549999 P3:2.6645 P4:2.66549999 STATE:IDLE
[2026-06-03 00:08:48Z] CHK MOM:-0.22% RANGE:0.24% UP:19.04% SPREAD:0.07507507% BID:2.664 ASK:2.666 MID:2.665 P1:2.665 P2:2.665 P3:2.66549999 P4:2.6645 STATE:IDLE
[2026-06-03 00:08:48Z] CHK MOM:-0.22% RANGE:0.24% UP:18.18% SPREAD:0.07507507% BID:2.664 ASK:2.666 MID:2.665 P1:2.665 P2:2.665 P3:2.665 P4:2.66549999 STATE:IDLE
[2026-06-03 00:08:49Z] CHK MOM:-0.05% RANGE:0.18% UP:18.18% SPREAD:0.07507507% BID:2.664 ASK:2.666 MID:2.665 P1:2.665 P2:2.665 P3:2.665 P4:2.665 STATE:IDLE
[2026-06-03 00:08:49Z] CHK MOM:-0.11% RANGE:0.18% UP:18.18% SPREAD:0.03752345% BID:2.665 ASK:2.666 MID:2.66549999 P1:2.66549999 P2:2.665 P3:2.665 P4:2.665 STATE:IDLE
[2026-06-03 00:08:50Z] CHK MOM:-0.16% RANGE:0.18% UP:14.28% SPREAD:0.03753753% BID:2.664 ASK:2.665 MID:2.6645 P1:2.6645 P2:2.66549999 P3:2.665 P4:2.665 STATE:IDLE
[2026-06-03 00:08:51Z] CHK MOM:-0.16% RANGE:0.18% UP:14.28% SPREAD:0.07507507% BID:2.664 ASK:2.666 MID:2.665 P1:2.665 P2:2.6645 P3:2.66549999 P4:2.665 STATE:IDLE
[2026-06-03 00:08:51Z] CHK MOM:-0.18% RANGE:0.18% UP:14.28% SPREAD:0.03753753% BID:2.664 ASK:2.665 MID:2.6645 P1:2.6645 P2:2.665 P3:2.6645 P4:2.66549999 STATE:IDLE
[2026-06-03 00:08:52Z] CHK MOM:-0.18% RANGE:0.18% UP:14.28% SPREAD:0.07515971% BID:2.661 ASK:2.663 MID:2.662 P1:2.662 P2:2.6645 P3:2.665 P4:2.6645 STATE:IDLE
[2026-06-03 00:08:52Z] CHK MOM:-0.15% RANGE:0.16% UP:19.04% SPREAD:0.03756574% BID:2.662 ASK:2.663 MID:2.66249999 P1:2.66249999 P2:2.662 P3:2.6645 P4:2.665 STATE:IDLE
[2026-06-03 00:08:53Z] CHK MOM:-0.16% RANGE:0.16% UP:18.18% SPREAD:0.07515971% BID:2.661 ASK:2.663 MID:2.662 P1:2.662 P2:2.66249999 P3:2.662 P4:2.6645 STATE:IDLE
[2026-06-03 00:08:53Z] CHK MOM:-0.16% RANGE:0.16% UP:19.04% SPREAD:0.07515971% BID:2.661 ASK:2.663 MID:2.662 P1:2.662 P2:2.662 P3:2.66249999 P4:2.662 STATE:IDLE
[2026-06-03 00:08:54Z] CHK MOM:-0.22% RANGE:0.22% UP:19.04% SPREAD:0.03759398% BID:2.66 ASK:2.661 MID:2.6605 P1:2.6605 P2:2.662 P3:2.662 P4:2.66249999 STATE:IDLE
[2026-06-03 00:08:54Z] CHK MOM:-0.2% RANGE:0.22% UP:23.8% SPREAD:0.07518796% BID:2.66 ASK:2.662 MID:2.661 P1:2.661 P2:2.6605 P3:2.662 P4:2.662 STATE:IDLE
[2026-06-03 00:08:55Z] CHK MOM:-0.16% RANGE:0.18% UP:23.8% SPREAD:0.07518796% BID:2.66 ASK:2.662 MID:2.661 P1:2.661 P2:2.661 P3:2.6605 P4:2.662 STATE:IDLE
[2026-06-03 00:08:56Z] CHK MOM:-0.15% RANGE:0.18% UP:27.27% SPREAD:0.03757985% BID:2.661 ASK:2.662 MID:2.6615 P1:2.6615 P2:2.661 P3:2.661 P4:2.6605 STATE:IDLE
[2026-06-03 00:08:56Z] CHK MOM:-0.15% RANGE:0.18% UP:28.57% SPREAD:0.03757985% BID:2.661 ASK:2.662 MID:2.6615 P1:2.6615 P2:2.6615 P3:2.661 P4:2.661 STATE:IDLE
[2026-06-03 00:08:57Z] CHK MOM:-0.15% RANGE:0.18% UP:30% SPREAD:0.03757985% BID:2.661 ASK:2.662 MID:2.6615 P1:2.6615 P2:2.6615 P3:2.6615 P4:2.661 STATE:IDLE
[2026-06-03 00:08:57Z] CHK MOM:-0.15% RANGE:0.18% UP:28.57% SPREAD:0.03757985% BID:2.661 ASK:2.662 MID:2.6615 P1:2.6615 P2:2.6615 P3:2.6615 P4:2.6615 STATE:IDLE
[2026-06-03 00:08:58Z] CHK MOM:-0.15% RANGE:0.18% UP:28.57% SPREAD:0.03757985% BID:2.661 ASK:2.662 MID:2.6615 P1:2.6615 P2:2.6615 P3:2.6615 P4:2.6615 STATE:IDLE
[2026-06-03 00:08:58Z] CHK MOM:-0.15% RANGE:0.18% UP:28.57% SPREAD:0.03759398% BID:2.66 ASK:2.661 MID:2.6605 P1:2.6605 P2:2.6615 P3:2.6615 P4:2.6615 STATE:IDLE
[2026-06-03 00:08:59Z] CHK MOM:-0.16% RANGE:0.18% UP:25% SPREAD:0.03759398% BID:2.66 ASK:2.661 MID:2.6605 P1:2.6605 P2:2.6605 P3:2.6615 P4:2.6615 STATE:IDLE
[2026-06-03 00:08:59Z] CHK MOM:-0.15% RANGE:0.18% UP:30% SPREAD:0.07518796% BID:2.66 ASK:2.662 MID:2.661 P1:2.661 P2:2.6605 P3:2.6605 P4:2.6615 STATE:IDLE
[2026-06-03 00:09:00Z] CHK MOM:-0.09% RANGE:0.18% UP:35% SPREAD:0.03756574% BID:2.662 ASK:2.663 MID:2.66249999 P1:2.66249999 P2:2.661 P3:2.6605 P4:2.6605 STATE:IDLE
[2026-06-03 00:09:01Z] CHK MOM:-0.11% RANGE:0.18% UP:33.33% SPREAD:0.07515971% BID:2.661 ASK:2.663 MID:2.662 P1:2.662 P2:2.66249999 P3:2.661 P4:2.6605 STATE:IDLE
[2026-06-03 00:09:01Z] CHK MOM:-0.15% RANGE:0.16% UP:31.57% SPREAD:0.03759398% BID:2.66 ASK:2.661 MID:2.6605 P1:2.6605 P2:2.662 P3:2.66249999 P4:2.661 STATE:IDLE
[2026-06-03 00:09:02Z] CHK MOM:-0.15% RANGE:0.16% UP:30% SPREAD:0.03759398% BID:2.66 ASK:2.661 MID:2.6605 P1:2.6605 P2:2.6605 P3:2.662 P4:2.66249999 STATE:IDLE
[2026-06-03 00:09:02Z] CHK MOM:-0.16% RANGE:0.16% UP:25% SPREAD:0.03759398% BID:2.66 ASK:2.661 MID:2.6605 P1:2.6605 P2:2.6605 P3:2.6605 P4:2.662 STATE:IDLE
[2026-06-03 00:09:03Z] CHK MOM:-0.16% RANGE:0.16% UP:23.8% SPREAD:0.03759398% BID:2.66 ASK:2.661 MID:2.6605 P1:2.6605 P2:2.6605 P3:2.6605 P4:2.6605 STATE:IDLE
[2026-06-03 00:09:03Z] CHK MOM:-0.18% RANGE:0.18% UP:23.8% SPREAD:0.03760812% BID:2.659 ASK:2.66 MID:2.6595 P1:2.6595 P2:2.6605 P3:2.6605 P4:2.6605 STATE:IDLE
[2026-06-03 00:09:04Z] CHK MOM:-0.15% RANGE:0.15% UP:20% SPREAD:0.03762227% BID:2.658 ASK:2.659 MID:2.6585 P1:2.6585 P2:2.6595 P3:2.6605 P4:2.6605 STATE:IDLE
[2026-06-03 00:09:04Z] CHK MOM:-0.13% RANGE:0.15% UP:20% SPREAD:0.03762227% BID:2.658 ASK:2.659 MID:2.6585 P1:2.6585 P2:2.6585 P3:2.6595 P4:2.6605 STATE:IDLE
[2026-06-03 00:09:05Z] CHK MOM:-0.16% RANGE:0.18% UP:20% SPREAD:0.03763643% BID:2.657 ASK:2.658 MID:2.65749999 P1:2.65749999 P2:2.6585 P3:2.6585 P4:2.6595 STATE:IDLE
[2026-06-03 00:09:05Z] CHK MOM:-0.18% RANGE:0.2% UP:19.04% SPREAD:0.0753012% BID:2.656 ASK:2.658 MID:2.657 P1:2.657 P2:2.65749999 P3:2.6585 P4:2.6585 STATE:IDLE
[2026-06-03 00:09:06Z] CHK MOM:-0.16% RANGE:0.22% UP:15% SPREAD:0.0376506% BID:2.656 ASK:2.657 MID:2.6565 P1:2.6565 P2:2.657 P3:2.65749999 P4:2.6585 STATE:IDLE
[2026-06-03 00:09:07Z] CHK MOM:-0.18% RANGE:0.22% UP:10.52% SPREAD:0.0376506% BID:2.656 ASK:2.657 MID:2.6565 P1:2.6565 P2:2.6565 P3:2.657 P4:2.65749999 STATE:IDLE
[2026-06-03 00:09:07Z] CHK MOM:-0.18% RANGE:0.22% UP:10.52% SPREAD:0.0376506% BID:2.656 ASK:2.657 MID:2.6565 P1:2.6565 P2:2.6565 P3:2.657 P4:2.65749999 STATE:IDLE
[2026-06-03 00:09:08Z] CHK MOM:-0.18% RANGE:0.22% UP:10.52% SPREAD:0.0376506% BID:2.656 ASK:2.657 MID:2.6565 P1:2.6565 P2:2.6565 P3:2.6565 P4:2.657 STATE:IDLE
[2026-06-03 00:09:08Z] CHK MOM:-0.16% RANGE:0.22% UP:15.78% SPREAD:0.0753012% BID:2.656 ASK:2.658 MID:2.657 P1:2.657 P2:2.6565 P3:2.6565 P4:2.6565 STATE:IDLE
[2026-06-03 00:09:09Z] CHK MOM:-0.18% RANGE:0.22% UP:15.78% SPREAD:0.0376506% BID:2.656 ASK:2.657 MID:2.6565 P1:2.6565 P2:2.657 P3:2.6565 P4:2.6565 STATE:IDLE
[2026-06-03 00:09:09Z] CHK MOM:-0.18% RANGE:0.22% UP:15% SPREAD:0.0376506% BID:2.656 ASK:2.657 MID:2.6565 P1:2.6565 P2:2.6565 P3:2.657 P4:2.6565 STATE:IDLE
[2026-06-03 00:09:10Z] CHK MOM:-0.15% RANGE:0.22% UP:15% SPREAD:0.0376506% BID:2.656 ASK:2.657 MID:2.6565 P1:2.6565 P2:2.6565 P3:2.6565 P4:2.657 STATE:IDLE
[2026-06-03 00:09:10Z] CHK MOM:-0.15% RANGE:0.22% UP:14.28% SPREAD:0.0376506% BID:2.656 ASK:2.657 MID:2.6565 P1:2.6565 P2:2.6565 P3:2.6565 P4:2.6565 STATE:IDLE
[2026-06-03 00:09:11Z] CHK MOM:-0.15% RANGE:0.22% UP:14.28% SPREAD:0.0376506% BID:2.656 ASK:2.657 MID:2.6565 P1:2.6565 P2:2.6565 P3:2.6565 P4:2.6565 STATE:IDLE
[2026-06-03 00:09:12Z] CHK MOM:-0.15% RANGE:0.22% UP:14.28% SPREAD:0.0376506% BID:2.656 ASK:2.657 MID:2.6565 P1:2.6565 P2:2.6565 P3:2.6565 P4:2.6565 STATE:IDLE
[2026-06-03 00:09:12Z] CHK MOM:-0.22% RANGE:0.22% UP:5.55% SPREAD:0.03767897% BID:2.654 ASK:2.655 MID:2.65449999 P1:2.65449999 P2:2.6565 P3:2.6565 P4:2.6565 STATE:IDLE
[2026-06-03 00:09:13Z] CHK MOM:-0.22% RANGE:0.22% UP:5.26% SPREAD:0.03767897% BID:2.654 ASK:2.655 MID:2.65449999 P1:2.65449999 P2:2.65449999 P3:2.6565 P4:2.6565 STATE:IDLE
[2026-06-03 00:09:13Z] CHK MOM:-0.22% RANGE:0.22% UP:5.26% SPREAD:0.03767897% BID:2.654 ASK:2.655 MID:2.65449999 P1:2.65449999 P2:2.65449999 P3:2.65449999 P4:2.6565 STATE:IDLE
[2026-06-03 00:09:14Z] CHK MOM:-0.22% RANGE:0.22% UP:5% SPREAD:0.03767897% BID:2.654 ASK:2.655 MID:2.65449999 P1:2.65449999 P2:2.65449999 P3:2.65449999 P4:2.65449999 STATE:IDLE
[2026-06-03 00:09:14Z] CHK MOM:-0.26% RANGE:0.26% UP:5.26% SPREAD:0.03769317% BID:2.653 ASK:2.654 MID:2.6535 P1:2.6535 P2:2.65449999 P3:2.65449999 P4:2.65449999 STATE:IDLE
[2026-06-03 00:09:15Z] CHK MOM:-0.26% RANGE:0.26% UP:5% SPREAD:0.03769317% BID:2.653 ASK:2.654 MID:2.6535 P1:2.6535 P2:2.6535 P3:2.65449999 P4:2.65449999 STATE:IDLE
[2026-06-03 00:09:15Z] CHK MOM:-0.18% RANGE:0.18% UP:5.26% SPREAD:0.03769317% BID:2.653 ASK:2.654 MID:2.6535 P1:2.6535 P2:2.6535 P3:2.6535 P4:2.65449999 STATE:IDLE
[2026-06-03 00:09:16Z] CHK MOM:-0.18% RANGE:0.18% UP:5% SPREAD:0.03769317% BID:2.653 ASK:2.654 MID:2.6535 P1:2.6535 P2:2.6535 P3:2.6535 P4:2.6535 STATE:IDLE
[2026-06-03 00:09:16Z] CHK MOM:-0.18% RANGE:0.18% UP:5% SPREAD:0.03769317% BID:2.653 ASK:2.654 MID:2.6535 P1:2.6535 P2:2.6535 P3:2.6535 P4:2.6535 STATE:IDLE
[2026-06-03 00:09:17Z] CHK MOM:-0.18% RANGE:0.18% UP:5% SPREAD:0.03769317% BID:2.653 ASK:2.654 MID:2.6535 P1:2.6535 P2:2.6535 P3:2.6535 P4:2.6535 STATE:IDLE
[2026-06-03 00:09:18Z] CHK MOM:0.07% RANGE:0.18% UP:11.76% SPREAD:0.03762227% BID:2.658 ASK:2.659 MID:2.6585 P1:2.6585 P2:2.6535 P3:2.6535 P4:2.6535 STATE:IDLE
[2026-06-03 00:09:19Z] DECIDE_HOLD reason=HOLD_BURST_EMA spread=0.0376% mom=0.0753% range=0.1884% up=11.76% mid=2.65850000 P1=2.6585 P2=2.6535 P3=2.6535 P4=2.6535 ema5=0
[2026-06-03 00:09:19Z] CHK MOM:-0.05% RANGE:0.18% UP:12.5% SPREAD:0.07535795% BID:2.654 ASK:2.656 MID:2.655 P1:2.655 P2:2.6585 P3:2.6535 P4:2.6535 STATE:IDLE
[2026-06-03 00:09:20Z] CHK MOM:-0.07% RANGE:0.18% UP:6.25% SPREAD:0.07535795% BID:2.654 ASK:2.656 MID:2.655 P1:2.655 P2:2.655 P3:2.6585 P4:2.6535 STATE:IDLE
[2026-06-03 00:09:20Z] CHK MOM:-0.05% RANGE:0.18% UP:11.76% SPREAD:0.03766478% BID:2.655 ASK:2.656 MID:2.6555 P1:2.6555 P2:2.655 P3:2.655 P4:2.6585 STATE:IDLE
[2026-06-03 00:09:21Z] CHK MOM:-0.03% RANGE:0.18% UP:11.76% SPREAD:0.03766478% BID:2.655 ASK:2.656 MID:2.6555 P1:2.6555 P2:2.6555 P3:2.655 P4:2.655 STATE:IDLE
[2026-06-03 00:09:21Z] CHK MOM:0.01% RANGE:0.18% UP:18.75% SPREAD:0.0753012% BID:2.656 ASK:2.658 MID:2.657 P1:2.657 P2:2.6555 P3:2.6555 P4:2.655 STATE:IDLE
[2026-06-03 00:09:22Z] CHK MOM:0.01% RANGE:0.18% UP:18.75% SPREAD:0.0753012% BID:2.656 ASK:2.658 MID:2.657 P1:2.657 P2:2.657 P3:2.6555 P4:2.6555 STATE:IDLE
[2026-06-03 00:09:23Z] CHK MOM:0.01% RANGE:0.18% UP:18.75% SPREAD:0.0753012% BID:2.656 ASK:2.658 MID:2.657 P1:2.657 P2:2.657 P3:2.6555 P4:2.6555 STATE:IDLE
[2026-06-03 00:09:23Z] CHK MOM:0.09% RANGE:0.18% UP:20% SPREAD:0.0753012% BID:2.656 ASK:2.658 MID:2.657 P1:2.657 P2:2.657 P3:2.657 P4:2.6555 STATE:IDLE
[2026-06-03 00:09:24Z] CHK MOM:0.09% RANGE:0.18% UP:18.75% SPREAD:0.0753012% BID:2.656 ASK:2.658 MID:2.657 P1:2.657 P2:2.657 P3:2.657 P4:2.657 STATE:IDLE
[2026-06-03 00:09:24Z] CHK MOM:0.09% RANGE:0.18% UP:18.75% SPREAD:0.0753012% BID:2.656 ASK:2.658 MID:2.657 P1:2.657 P2:2.657 P3:2.657 P4:2.657 STATE:IDLE
[2026-06-03 00:09:25Z] CHK MOM:0.22% RANGE:0.26% UP:26.66% SPREAD:0.03759398% BID:2.66 ASK:2.661 MID:2.6605 P1:2.6605 P2:2.657 P3:2.657 P4:2.657 STATE:IDLE
[2026-06-03 00:09:25Z] CHK MOM:0.2% RANGE:0.26% UP:25% SPREAD:0.07521624% BID:2.659 ASK:2.661 MID:2.66 P1:2.66 P2:2.6605 P3:2.657 P4:2.657 STATE:IDLE
[2026-06-03 00:09:26Z] CHK MOM:0.24% RANGE:0.26% UP:26.66% SPREAD:0.07521624% BID:2.659 ASK:2.661 MID:2.66 P1:2.66 P2:2.66 P3:2.6605 P4:2.657 STATE:IDLE
[2026-06-03 00:09:26Z] CHK MOM:0.2% RANGE:0.26% UP:26.66% SPREAD:0.07524454% BID:2.658 ASK:2.66 MID:2.659 P1:2.659 P2:2.66 P3:2.66 P4:2.6605 STATE:IDLE
[2026-06-03 00:09:27Z] CHK MOM:0.2% RANGE:0.26% UP:26.66% SPREAD:0.07524454% BID:2.658 ASK:2.66 MID:2.659 P1:2.659 P2:2.659 P3:2.66 P4:2.66 STATE:IDLE
[2026-06-03 00:09:28Z] CHK MOM:0.2% RANGE:0.26% UP:26.66% SPREAD:0.07524454% BID:2.658 ASK:2.66 MID:2.659 P1:2.659 P2:2.659 P3:2.66 P4:2.66 STATE:IDLE
[2026-06-03 00:09:28Z] CHK MOM:0.01% RANGE:0.2% UP:21.42% SPREAD:0.07524454% BID:2.658 ASK:2.66 MID:2.659 P1:2.659 P2:2.659 P3:2.659 P4:2.66 STATE:IDLE
[2026-06-03 00:09:29Z] CHK MOM:0.01% RANGE:0.2% UP:20% SPREAD:0.07524454% BID:2.658 ASK:2.66 MID:2.659 P1:2.659 P2:2.659 P3:2.659 P4:2.659 STATE:IDLE
[2026-06-03 00:09:29Z] CHK MOM:0% RANGE:0.2% UP:18.75% SPREAD:0.03762227% BID:2.658 ASK:2.659 MID:2.6585 P1:2.6585 P2:2.659 P3:2.659 P4:2.659 STATE:IDLE
[2026-06-03 00:09:30Z] CHK MOM:0.01% RANGE:0.2% UP:23.52% SPREAD:0.07524454% BID:2.658 ASK:2.66 MID:2.659 P1:2.659 P2:2.6585 P3:2.659 P4:2.659 STATE:IDLE
[2026-06-03 00:09:30Z] CHK MOM:0.13% RANGE:0.2% UP:23.52% SPREAD:0.03762227% BID:2.658 ASK:2.659 MID:2.6585 P1:2.6585 P2:2.659 P3:2.6585 P4:2.659 STATE:IDLE
[2026-06-03 00:09:31Z] CHK MOM:0.13% RANGE:0.2% UP:22.22% SPREAD:0.03762227% BID:2.658 ASK:2.659 MID:2.6585 P1:2.6585 P2:2.6585 P3:2.659 P4:2.6585 STATE:IDLE
[2026-06-03 00:09:31Z] CHK MOM:0.2% RANGE:0.2% UP:27.77% SPREAD:0.03759398% BID:2.66 ASK:2.661 MID:2.6605 P1:2.6605 P2:2.6585 P3:2.6585 P4:2.659 STATE:IDLE
[2026-06-03 00:09:32Z] CHK MOM:0.2% RANGE:0.2% UP:26.31% SPREAD:0.03759398% BID:2.66 ASK:2.661 MID:2.6605 P1:2.6605 P2:2.6605 P3:2.6585 P4:2.6585 STATE:IDLE
[2026-06-03 00:09:32Z] CHK MOM:0.15% RANGE:0.18% UP:22.22% SPREAD:0.03760812% BID:2.659 ASK:2.66 MID:2.6595 P1:2.6595 P2:2.6605 P3:2.6605 P4:2.6585 STATE:IDLE
[2026-06-03 00:09:34Z] CHK MOM:0.13% RANGE:0.18% UP:21.05% SPREAD:0.07524454% BID:2.658 ASK:2.66 MID:2.659 P1:2.659 P2:2.6595 P3:2.6605 P4:2.6605 STATE:IDLE
[2026-06-03 00:09:34Z] CHK MOM:0.07% RANGE:0.13% UP:17.64% SPREAD:0.07524454% BID:2.658 ASK:2.66 MID:2.659 P1:2.659 P2:2.659 P3:2.6595 P4:2.6605 STATE:IDLE
[2026-06-03 00:09:35Z] CHK MOM:0.07% RANGE:0.13% UP:17.64% SPREAD:0.07524454% BID:2.658 ASK:2.66 MID:2.659 P1:2.659 P2:2.659 P3:2.6595 P4:2.6605 STATE:IDLE
[2026-06-03 00:09:35Z] CHK MOM:0.09% RANGE:0.13% UP:23.52% SPREAD:0.03760812% BID:2.659 ASK:2.66 MID:2.6595 P1:2.6595 P2:2.659 P3:2.659 P4:2.6595 STATE:IDLE
[2026-06-03 00:09:36Z] CHK MOM:0% RANGE:0.07% UP:23.52% SPREAD:0.03759398% BID:2.66 ASK:2.661 MID:2.6605 P1:2.6605 P2:2.6595 P3:2.659 P4:2.659 STATE:IDLE
[2026-06-03 00:09:36Z] CHK MOM:-0.01% RANGE:0.07% UP:22.22% SPREAD:0.07521624% BID:2.659 ASK:2.661 MID:2.66 P1:2.66 P2:2.6605 P3:2.6595 P4:2.659 STATE:IDLE
[2026-06-03 00:09:37Z] CHK MOM:-0.01% RANGE:0.07% UP:22.22% SPREAD:0.07521624% BID:2.659 ASK:2.661 MID:2.66 P1:2.66 P2:2.6605 P3:2.6595 P4:2.659 STATE:IDLE
[2026-06-03 00:09:37Z] CHK MOM:0% RANGE:0.07% UP:23.52% SPREAD:0.07521624% BID:2.659 ASK:2.661 MID:2.66 P1:2.66 P2:2.66 P3:2.6605 P4:2.6595 STATE:IDLE
[2026-06-03 00:09:38Z] CHK MOM:0.03% RANGE:0.07% UP:23.52% SPREAD:0.07521624% BID:2.659 ASK:2.661 MID:2.66 P1:2.66 P2:2.66 P3:2.66 P4:2.6605 STATE:IDLE
[2026-06-03 00:09:39Z] CHK MOM:0% RANGE:0.07% UP:22.22% SPREAD:0.07524454% BID:2.658 ASK:2.66 MID:2.659 P1:2.659 P2:2.66 P3:2.66 P4:2.66 STATE:IDLE
[2026-06-03 00:09:40Z] CHK MOM:0.03% RANGE:0.07% UP:29.41% SPREAD:0.07521624% BID:2.659 ASK:2.661 MID:2.66 P1:2.66 P2:2.659 P3:2.66 P4:2.66 STATE:IDLE
[2026-06-03 00:09:40Z] CHK MOM:0.01% RANGE:0.07% UP:29.41% SPREAD:0.03760812% BID:2.659 ASK:2.66 MID:2.6595 P1:2.6595 P2:2.66 P3:2.659 P4:2.66 STATE:IDLE
[2026-06-03 00:09:41Z] CHK MOM:0.01% RANGE:0.07% UP:27.77% SPREAD:0.03760812% BID:2.659 ASK:2.66 MID:2.6595 P1:2.6595 P2:2.6595 P3:2.66 P4:2.659 STATE:IDLE
[2026-06-03 00:09:41Z] CHK MOM:0.01% RANGE:0.07% UP:27.77% SPREAD:0.03760812% BID:2.659 ASK:2.66 MID:2.6595 P1:2.6595 P2:2.6595 P3:2.66 P4:2.659 STATE:IDLE
[2026-06-03 00:09:42Z] CHK MOM:0.6% RANGE:0.6% UP:31.25% SPREAD:0.03739715% BID:2.674 ASK:2.675 MID:2.6745 P1:2.6745 P2:2.6595 P3:2.6595 P4:2.66 STATE:IDLE
[2026-06-03 00:09:43Z] BURST_TRIGGER ret=0.5641% need=0.1496% vel=0.3804%/s eff=1.000 pressure=999.00 drop=0.0000% dt=1.483s
[2026-06-03 00:09:44Z] BUY symbol=NEARUSDC qty=3.7 entry=2.6750000000000003 mode=BURST reason=BURST ret=0.5641% vel=0.3804%/s eff=1.000 pressure=999.00 drop=0.0000% P1=2.6745 P2=2.6595 P3=2.6595 P4=2.66
[2026-06-03 00:09:45Z] CHK MOM:0.5% RANGE:0.58% UP:33.33% SPREAD:0.03742514% BID:2.672 ASK:2.673 MID:2.6725 P1:2.6725 P2:2.6745 P3:2.6595 P4:2.6595 STATE:IN_POS
[2026-06-03 00:09:45Z] CHK MOM:0.5% RANGE:0.58% UP:33.33% SPREAD:0.03742514% BID:2.672 ASK:2.673 MID:2.6725 P1:2.6725 P2:2.6725 P3:2.6745 P4:2.6595 STATE:IN_POS
[2026-06-03 00:09:46Z] CHK MOM:0.54% RANGE:0.58% UP:38.46% SPREAD:0.03741114% BID:2.673 ASK:2.674 MID:2.67349999 P1:2.67349999 P2:2.6725 P3:2.6725 P4:2.6745 STATE:IN_POS
[2026-06-03 00:09:46Z] CHK MOM:0.52% RANGE:0.58% UP:30.76% SPREAD:0.03741114% BID:2.673 ASK:2.674 MID:2.67349999 P1:2.67349999 P2:2.67349999 P3:2.6725 P4:2.6725 STATE:IN_POS
[2026-06-03 00:09:47Z] CHK MOM:0.58% RANGE:0.6% UP:35.71% SPREAD:0.07479431% BID:2.674 ASK:2.676 MID:2.675 P1:2.675 P2:2.67349999 P3:2.67349999 P4:2.6725 STATE:IN_POS
[2026-06-03 00:09:47Z] CHK MOM:0.56% RANGE:0.6% UP:33.33% SPREAD:0.03739715% BID:2.674 ASK:2.675 MID:2.6745 P1:2.6745 P2:2.675 P3:2.67349999 P4:2.67349999 STATE:IN_POS
[2026-06-03 00:09:48Z] CHK MOM:0.56% RANGE:0.62% UP:33.33% SPREAD:0.03738317% BID:2.675 ASK:2.676 MID:2.6755 P1:2.6755 P2:2.6745 P3:2.675 P4:2.67349999 STATE:IN_POS
[2026-06-03 00:09:48Z] CHK MOM:0.63% RANGE:0.67% UP:40% SPREAD:0.07473841% BID:2.676 ASK:2.678 MID:2.677 P1:2.677 P2:2.6755 P3:2.6745 P4:2.675 STATE:IN_POS
[2026-06-03 00:09:49Z] CHK MOM:0.63% RANGE:0.67% UP:40% SPREAD:0.07473841% BID:2.676 ASK:2.678 MID:2.677 P1:2.677 P2:2.677 P3:2.6755 P4:2.6745 STATE:IN_POS
[2026-06-03 00:09:49Z] CHK MOM:0.62% RANGE:0.67% UP:37.5% SPREAD:0.0373692% BID:2.676 ASK:2.677 MID:2.6765 P1:2.6765 P2:2.677 P3:2.677 P4:2.6755 STATE:IN_POS
[2026-06-03 00:09:50Z] CHK MOM:0.62% RANGE:0.67% UP:37.5% SPREAD:0.0373692% BID:2.676 ASK:2.677 MID:2.6765 P1:2.6765 P2:2.6765 P3:2.677 P4:2.677 STATE:IN_POS
[2026-06-03 00:09:51Z] CHK MOM:0.65% RANGE:0.67% UP:40% SPREAD:0.03735524% BID:2.677 ASK:2.678 MID:2.6775 P1:2.6775 P2:2.6765 P3:2.6765 P4:2.677 STATE:IN_POS
[2026-06-03 00:09:51Z] CHK MOM:0.65% RANGE:0.67% UP:37.5% SPREAD:0.03735524% BID:2.677 ASK:2.678 MID:2.6775 P1:2.6775 P2:2.6775 P3:2.6765 P4:2.6765 STATE:IN_POS
[2026-06-03 00:09:52Z] CHK MOM:0.65% RANGE:0.67% UP:37.5% SPREAD:0.03735524% BID:2.677 ASK:2.678 MID:2.6775 P1:2.6775 P2:2.6775 P3:2.6765 P4:2.6765 STATE:IN_POS
[2026-06-03 00:09:52Z] CHK MOM:0.65% RANGE:0.67% UP:37.5% SPREAD:0.03735524% BID:2.677 ASK:2.678 MID:2.6775 P1:2.6775 P2:2.6775 P3:2.6765 P4:2.6765 STATE:IN_POS
[2026-06-03 00:09:53Z] CHK MOM:0.67% RANGE:0.67% UP:40% SPREAD:0.03735524% BID:2.677 ASK:2.678 MID:2.6775 P1:2.6775 P2:2.6775 P3:2.6775 P4:2.6765 STATE:IN_POS
[2026-06-03 00:09:53Z] BURST_HANDOFF age=8.46s ext=0.0748% loss=0.0000% peak=2.67700000 stop=2.65300000 protect=0 trail=0
[2026-06-03 00:09:53Z] CHK MOM:0.11% RANGE:0.18% UP:33.33% SPREAD:0.03735524% BID:2.677 ASK:2.678 MID:2.6775 P1:2.6775 P2:2.6775 P3:2.6775 P4:2.6775 STATE:IN_POS
[2026-06-03 00:09:54Z] CHK MOM:0.11% RANGE:0.18% UP:33.33% SPREAD:0.03735524% BID:2.677 ASK:2.678 MID:2.6775 P1:2.6775 P2:2.6775 P3:2.6775 P4:2.6775 STATE:IN_POS
[2026-06-03 00:09:54Z] CHK MOM:0.16% RANGE:0.18% UP:33.33% SPREAD:0.07473841% BID:2.676 ASK:2.678 MID:2.677 P1:2.677 P2:2.6775 P3:2.6775 P4:2.6775 STATE:IN_POS
[2026-06-03 00:09:55Z] CHK MOM:0.18% RANGE:0.18% UP:37.5% SPREAD:0.03735524% BID:2.677 ASK:2.678 MID:2.6775 P1:2.6775 P2:2.677 P3:2.6775 P4:2.6775 STATE:IN_POS
[2026-06-03 00:09:56Z] CHK MOM:0.24% RANGE:0.24% UP:41.17% SPREAD:0.07468259% BID:2.678 ASK:2.68 MID:2.679 P1:2.679 P2:2.6775 P3:2.677 P4:2.6775 STATE:IN_POS
[2026-06-03 00:09:56Z] CHK MOM:0.26% RANGE:0.26% UP:44.44% SPREAD:0.03732736% BID:2.679 ASK:2.68 MID:2.6795 P1:2.6795 P2:2.679 P3:2.6775 P4:2.677 STATE:IN_POS
[2026-06-03 00:09:57Z] CHK MOM:0.29% RANGE:0.29% UP:50% SPREAD:0.03731343% BID:2.68 ASK:2.681 MID:2.6805 P1:2.6805 P2:2.6795 P3:2.679 P4:2.6775 STATE:IN_POS
[2026-06-03 00:09:57Z] CHK MOM:0.29% RANGE:0.29% UP:47.36% SPREAD:0.03731343% BID:2.68 ASK:2.681 MID:2.6805 P1:2.6805 P2:2.6805 P3:2.6795 P4:2.679 STATE:IN_POS
[2026-06-03 00:09:59Z] CHK MOM:0.22% RANGE:0.22% UP:43.75% SPREAD:0.03731343% BID:2.68 ASK:2.681 MID:2.6805 P1:2.6805 P2:2.6805 P3:2.6805 P4:2.6795 STATE:IN_POS
[2026-06-03 00:09:59Z] CHK MOM:0.22% RANGE:0.22% UP:41.17% SPREAD:0.03731343% BID:2.68 ASK:2.681 MID:2.6805 P1:2.6805 P2:2.6805 P3:2.6805 P4:2.6805 STATE:IN_POS
[2026-06-03 00:10:00Z] CHK MOM:0.11% RANGE:0.18% UP:35.29% SPREAD:0.03734129% BID:2.678 ASK:2.679 MID:2.67849999 P1:2.67849999 P2:2.6805 P3:2.6805 P4:2.6805 STATE:IN_POS
[2026-06-03 00:10:00Z] CHK MOM:0.01% RANGE:0.14% UP:31.25% SPREAD:0.03735524% BID:2.677 ASK:2.678 MID:2.6775 P1:2.6775 P2:2.67849999 P3:2.6805 P4:2.6805 STATE:IN_POS
[2026-06-03 00:10:01Z] CHK MOM:0% RANGE:0.14% UP:31.25% SPREAD:0.0373692% BID:2.676 ASK:2.677 MID:2.6765 P1:2.6765 P2:2.6775 P3:2.67849999 P4:2.6805 STATE:IN_POS
[2026-06-03 00:10:02Z] CHK MOM:-0.03% RANGE:0.14% UP:26.66% SPREAD:0.0373692% BID:2.676 ASK:2.677 MID:2.6765 P1:2.6765 P2:2.6765 P3:2.6775 P4:2.67849999 STATE:IN_POS
[2026-06-03 00:10:02Z] CHK MOM:-0.03% RANGE:0.14% UP:25% SPREAD:0.0373692% BID:2.676 ASK:2.677 MID:2.6765 P1:2.6765 P2:2.6765 P3:2.6765 P4:2.6775 STATE:IN_POS
[2026-06-03 00:10:03Z] CHK MOM:0% RANGE:0.14% UP:31.25% SPREAD:0.03735524% BID:2.677 ASK:2.678 MID:2.6775 P1:2.6775 P2:2.6765 P3:2.6765 P4:2.6765 STATE:IN_POS
[2026-06-03 00:10:03Z] CHK MOM:0% RANGE:0.14% UP:31.25% SPREAD:0.03735524% BID:2.677 ASK:2.678 MID:2.6775 P1:2.6775 P2:2.6765 P3:2.6765 P4:2.6765 STATE:IN_POS
[2026-06-03 00:10:04Z] CHK MOM:-0.03% RANGE:0.14% UP:31.25% SPREAD:0.0373692% BID:2.676 ASK:2.677 MID:2.6765 P1:2.6765 P2:2.6775 P3:2.6765 P4:2.6765 STATE:IN_POS
[2026-06-03 00:10:04Z] CHK MOM:-0.03% RANGE:0.14% UP:29.41% SPREAD:0.0373692% BID:2.676 ASK:2.677 MID:2.6765 P1:2.6765 P2:2.6765 P3:2.6775 P4:2.6765 STATE:IN_POS
[2026-06-03 00:10:05Z] CHK MOM:-0.05% RANGE:0.16% UP:29.41% SPREAD:0.07476635% BID:2.675 ASK:2.677 MID:2.676 P1:2.676 P2:2.6765 P3:2.6765 P4:2.6775 STATE:IN_POS
[2026-06-03 00:10:05Z] CHK MOM:-0.09% RANGE:0.22% UP:29.41% SPREAD:0.03739715% BID:2.674 ASK:2.675 MID:2.6745 P1:2.6745 P2:2.676 P3:2.6765 P4:2.6765 STATE:IN_POS
[2026-06-03 00:10:06Z] CHK MOM:-0.09% RANGE:0.22% UP:27.77% SPREAD:0.03739715% BID:2.674 ASK:2.675 MID:2.6745 P1:2.6745 P2:2.6745 P3:2.676 P4:2.6765 STATE:IN_POS
[2026-06-03 00:10:07Z] CHK MOM:-0.09% RANGE:0.22% UP:27.77% SPREAD:0.07479431% BID:2.674 ASK:2.676 MID:2.675 P1:2.675 P2:2.6745 P3:2.6745 P4:2.676 STATE:IN_POS
[2026-06-03 00:10:07Z] CHK MOM:-0.13% RANGE:0.22% UP:27.77% SPREAD:0.03738317% BID:2.675 ASK:2.676 MID:2.6755 P1:2.6755 P2:2.675 P3:2.6745 P4:2.6745 STATE:IN_POS
[2026-06-03 00:10:08Z] CHK MOM:-0.14% RANGE:0.22% UP:22.22% SPREAD:0.03738317% BID:2.675 ASK:2.676 MID:2.6755 P1:2.6755 P2:2.6755 P3:2.675 P4:2.6745 STATE:IN_POS
[2026-06-03 00:10:08Z] CHK MOM:-0.29% RANGE:0.29% UP:16.66% SPREAD:0.03742514% BID:2.672 ASK:2.673 MID:2.6725 P1:2.6725 P2:2.6755 P3:2.6755 P4:2.675 STATE:IN_POS
[2026-06-03 00:10:09Z] CHK MOM:-0.29% RANGE:0.29% UP:15.78% SPREAD:0.03742514% BID:2.672 ASK:2.673 MID:2.6725 P1:2.6725 P2:2.6725 P3:2.6755 P4:2.6755 STATE:IN_POS
[2026-06-03 00:10:09Z] CHK MOM:-0.33% RANGE:0.33% UP:16.66% SPREAD:0.03743916% BID:2.671 ASK:2.672 MID:2.6715 P1:2.6715 P2:2.6725 P3:2.6725 P4:2.6755 STATE:IN_POS
[2026-06-03 00:10:10Z] CHK MOM:-0.31% RANGE:0.33% UP:21.05% SPREAD:0.07487832% BID:2.671 ASK:2.673 MID:2.67199999 P1:2.67199999 P2:2.6715 P3:2.6725 P4:2.6725 STATE:IN_POS
[2026-06-03 00:10:10Z] CHK MOM:-0.31% RANGE:0.33% UP:20% SPREAD:0.07487832% BID:2.671 ASK:2.673 MID:2.67199999 P1:2.67199999 P2:2.67199999 P3:2.6715 P4:2.6725 STATE:IN_POS
[2026-06-03 00:10:11Z] CHK MOM:-0.29% RANGE:0.33% UP:23.8% SPREAD:0.03742514% BID:2.672 ASK:2.673 MID:2.6725 P1:2.6725 P2:2.67199999 P3:2.67199999 P4:2.6715 STATE:IN_POS
[2026-06-03 00:10:11Z] CHK MOM:-0.22% RANGE:0.26% UP:25% SPREAD:0.03742514% BID:2.672 ASK:2.673 MID:2.6725 P1:2.6725 P2:2.6725 P3:2.67199999 P4:2.67199999 STATE:IN_POS
[2026-06-03 00:10:12Z] CHK MOM:-0.22% RANGE:0.26% UP:23.8% SPREAD:0.03742514% BID:2.672 ASK:2.673 MID:2.6725 P1:2.6725 P2:2.6725 P3:2.6725 P4:2.67199999 STATE:IN_POS
[2026-06-03 00:10:13Z] CHK MOM:-0.11% RANGE:0.22% UP:30% SPREAD:0.03741114% BID:2.673 ASK:2.674 MID:2.67349999 P1:2.67349999 P2:2.6725 P3:2.6725 P4:2.6725 STATE:IN_POS
[2026-06-03 00:10:14Z] CHK MOM:-0.11% RANGE:0.22% UP:31.57% SPREAD:0.03741114% BID:2.673 ASK:2.674 MID:2.67349999 P1:2.67349999 P2:2.67349999 P3:2.6725 P4:2.6725 STATE:IN_POS
[2026-06-03 00:10:15Z] CHK MOM:-0.14% RANGE:0.22% UP:26.31% SPREAD:0.03741114% BID:2.673 ASK:2.674 MID:2.67349999 P1:2.67349999 P2:2.67349999 P3:2.67349999 P4:2.6725 STATE:IN_POS
[2026-06-03 00:10:15Z] CHK MOM:-0.09% RANGE:0.18% UP:31.57% SPREAD:0.07482229% BID:2.673 ASK:2.675 MID:2.674 P1:2.674 P2:2.67349999 P3:2.67349999 P4:2.67349999 STATE:IN_POS
[2026-06-03 00:10:16Z] CHK MOM:-0.11% RANGE:0.18% UP:31.57% SPREAD:0.03741114% BID:2.673 ASK:2.674 MID:2.67349999 P1:2.67349999 P2:2.674 P3:2.67349999 P4:2.67349999 STATE:IN_POS
[2026-06-03 00:10:16Z] CHK MOM:-0.11% RANGE:0.18% UP:30% SPREAD:0.03741114% BID:2.673 ASK:2.674 MID:2.67349999 P1:2.67349999 P2:2.67349999 P3:2.674 P4:2.67349999 STATE:IN_POS
[2026-06-03 00:10:17Z] CHK MOM:-0.09% RANGE:0.16% UP:30% SPREAD:0.03741114% BID:2.673 ASK:2.674 MID:2.67349999 P1:2.67349999 P2:2.67349999 P3:2.67349999 P4:2.674 STATE:IN_POS
[2026-06-03 00:10:18Z] CHK MOM:-0.05% RANGE:0.14% UP:30% SPREAD:0.07485029% BID:2.672 ASK:2.674 MID:2.673 P1:2.673 P2:2.67349999 P3:2.67349999 P4:2.67349999 STATE:IN_POS
[2026-06-03 00:10:18Z] CHK MOM:-0.03% RANGE:0.14% UP:35% SPREAD:0.03741114% BID:2.673 ASK:2.674 MID:2.67349999 P1:2.67349999 P2:2.673 P3:2.67349999 P4:2.67349999 STATE:IN_POS
[2026-06-03 00:10:19Z] CHK MOM:-0.05% RANGE:0.14% UP:31.57% SPREAD:0.07482229% BID:2.673 ASK:2.675 MID:2.674 P1:2.674 P2:2.67349999 P3:2.673 P4:2.67349999 STATE:IN_POS
[2026-06-03 00:10:19Z] CHK MOM:-0.01% RANGE:0.14% UP:36.84% SPREAD:0.07479431% BID:2.674 ASK:2.676 MID:2.675 P1:2.675 P2:2.674 P3:2.67349999 P4:2.673 STATE:IN_POS
[2026-06-03 00:10:20Z] CHK MOM:0.11% RANGE:0.14% UP:42.1% SPREAD:0.03738317% BID:2.675 ASK:2.676 MID:2.6755 P1:2.6755 P2:2.675 P3:2.674 P4:2.67349999 STATE:IN_POS
[2026-06-03 00:10:20Z] CHK MOM:0.03% RANGE:0.14% UP:40% SPREAD:0.03741114% BID:2.673 ASK:2.674 MID:2.67349999 P1:2.67349999 P2:2.6755 P3:2.675 P4:2.674 STATE:IN_POS
[2026-06-03 00:10:21Z] CHK MOM:0.03% RANGE:0.14% UP:40% SPREAD:0.03741114% BID:2.673 ASK:2.674 MID:2.67349999 P1:2.67349999 P2:2.67349999 P3:2.6755 P4:2.675 STATE:IN_POS
[2026-06-03 00:10:21Z] CHK MOM:0.07% RANGE:0.14% UP:40% SPREAD:0.03741114% BID:2.673 ASK:2.674 MID:2.67349999 P1:2.67349999 P2:2.67349999 P3:2.67349999 P4:2.6755 STATE:IN_POS
[2026-06-03 00:10:22Z] CHK MOM:0.05% RANGE:0.13% UP:36.84% SPREAD:0.03741114% BID:2.673 ASK:2.674 MID:2.67349999 P1:2.67349999 P2:2.67349999 P3:2.67349999 P4:2.67349999 STATE:IN_POS
[2026-06-03 00:10:22Z] CHK MOM:0.03% RANGE:0.11% UP:31.57% SPREAD:0.03741114% BID:2.673 ASK:2.674 MID:2.67349999 P1:2.67349999 P2:2.67349999 P3:2.67349999 P4:2.67349999 STATE:IN_POS
[2026-06-03 00:10:23Z] CHK MOM:0.03% RANGE:0.11% UP:30% SPREAD:0.03741114% BID:2.673 ASK:2.674 MID:2.67349999 P1:2.67349999 P2:2.67349999 P3:2.67349999 P4:2.67349999 STATE:IN_POS
[2026-06-03 00:10:24Z] CHK MOM:0.05% RANGE:0.11% UP:35% SPREAD:0.07482229% BID:2.673 ASK:2.675 MID:2.674 P1:2.674 P2:2.67349999 P3:2.67349999 P4:2.67349999 STATE:IN_POS
[2026-06-03 00:10:24Z] CHK MOM:0.03% RANGE:0.09% UP:36.84% SPREAD:0.03739715% BID:2.674 ASK:2.675 MID:2.6745 P1:2.6745 P2:2.674 P3:2.67349999 P4:2.67349999 STATE:IN_POS
[2026-06-03 00:10:25Z] CHK MOM:0.03% RANGE:0.09% UP:35% SPREAD:0.03739715% BID:2.674 ASK:2.675 MID:2.6745 P1:2.6745 P2:2.6745 P3:2.674 P4:2.67349999 STATE:IN_POS
[2026-06-03 00:10:25Z] CHK MOM:0.03% RANGE:0.09% UP:35% SPREAD:0.03739715% BID:2.674 ASK:2.675 MID:2.6745 P1:2.6745 P2:2.6745 P3:2.674 P4:2.67349999 STATE:IN_POS
[2026-06-03 00:10:26Z] CHK MOM:0.03% RANGE:0.09% UP:35% SPREAD:0.03739715% BID:2.674 ASK:2.675 MID:2.6745 P1:2.6745 P2:2.6745 P3:2.6745 P4:2.674 STATE:IN_POS
[2026-06-03 00:10:26Z] CHK MOM:0.05% RANGE:0.09% UP:38.09% SPREAD:0.07479431% BID:2.674 ASK:2.676 MID:2.675 P1:2.675 P2:2.6745 P3:2.6745 P4:2.6745 STATE:IN_POS
[2026-06-03 00:10:27Z] CHK MOM:0.01% RANGE:0.09% UP:38.09% SPREAD:0.07482229% BID:2.673 ASK:2.675 MID:2.674 P1:2.674 P2:2.675 P3:2.6745 P4:2.6745 STATE:IN_POS
[2026-06-03 00:10:27Z] CHK MOM:-0.01% RANGE:0.09% UP:33.33% SPREAD:0.03741114% BID:2.673 ASK:2.674 MID:2.67349999 P1:2.67349999 P2:2.674 P3:2.675 P4:2.6745 STATE:IN_POS
[2026-06-03 00:10:28Z] CHK MOM:-0.01% RANGE:0.09% UP:33.33% SPREAD:0.03741114% BID:2.673 ASK:2.674 MID:2.67349999 P1:2.67349999 P2:2.674 P3:2.675 P4:2.6745 STATE:IN_POS
[2026-06-03 00:10:29Z] CHK MOM:0.03% RANGE:0.09% UP:40% SPREAD:0.03739715% BID:2.674 ASK:2.675 MID:2.6745 P1:2.6745 P2:2.67349999 P3:2.674 P4:2.675 STATE:IN_POS
[2026-06-03 00:10:30Z] CHK MOM:0.01% RANGE:0.07% UP:35.29% SPREAD:0.03739715% BID:2.674 ASK:2.675 MID:2.6745 P1:2.6745 P2:2.6745 P3:2.67349999 P4:2.674 STATE:IN_POS
[2026-06-03 00:10:30Z] CHK MOM:0.01% RANGE:0.07% UP:35.29% SPREAD:0.03739715% BID:2.674 ASK:2.675 MID:2.6745 P1:2.6745 P2:2.6745 P3:2.67349999 P4:2.674 STATE:IN_POS
[2026-06-03 00:10:31Z] CHK MOM:0.01% RANGE:0.07% UP:35.29% SPREAD:0.03739715% BID:2.674 ASK:2.675 MID:2.6745 P1:2.6745 P2:2.6745 P3:2.67349999 P4:2.674 STATE:IN_POS
[2026-06-03 00:10:31Z] CHK MOM:-0.03% RANGE:0.07% UP:25% SPREAD:0.03739715% BID:2.674 ASK:2.675 MID:2.6745 P1:2.6745 P2:2.6745 P3:2.6745 P4:2.67349999 STATE:IN_POS
[2026-06-03 00:10:32Z] CHK MOM:0.01% RANGE:0.05% UP:26.66% SPREAD:0.07482229% BID:2.673 ASK:2.675 MID:2.674 P1:2.674 P2:2.6745 P3:2.6745 P4:2.6745 STATE:IN_POS
[2026-06-03 00:10:32Z] CHK MOM:0.03% RANGE:0.05% UP:31.25% SPREAD:0.03739715% BID:2.674 ASK:2.675 MID:2.6745 P1:2.6745 P2:2.674 P3:2.6745 P4:2.6745 STATE:IN_POS
[2026-06-03 00:10:33Z] CHK MOM:0.03% RANGE:0.05% UP:31.25% SPREAD:0.03739715% BID:2.674 ASK:2.675 MID:2.6745 P1:2.6745 P2:2.674 P3:2.6745 P4:2.6745 STATE:IN_POS
[2026-06-03 00:10:34Z] CHK MOM:0.05% RANGE:0.05% UP:40% SPREAD:0.07479431% BID:2.674 ASK:2.676 MID:2.675 P1:2.675 P2:2.6745 P3:2.674 P4:2.6745 STATE:IN_POS
[2026-06-03 00:10:34Z] CHK MOM:0.09% RANGE:0.11% UP:46.15% SPREAD:0.0373692% BID:2.676 ASK:2.677 MID:2.6765 P1:2.6765 P2:2.675 P3:2.6745 P4:2.674 STATE:IN_POS
[2026-06-03 00:10:35Z] CHK MOM:0.11% RANGE:0.14% UP:46.15% SPREAD:0.03735524% BID:2.677 ASK:2.678 MID:2.6775 P1:2.6775 P2:2.6765 P3:2.675 P4:2.6745 STATE:IN_POS
[2026-06-03 00:10:35Z] CHK MOM:0.11% RANGE:0.14% UP:42.85% SPREAD:0.03735524% BID:2.677 ASK:2.678 MID:2.6775 P1:2.6775 P2:2.6775 P3:2.6765 P4:2.675 STATE:IN_POS
[2026-06-03 00:10:36Z] CHK MOM:0.11% RANGE:0.14% UP:40% SPREAD:0.03735524% BID:2.677 ASK:2.678 MID:2.6775 P1:2.6775 P2:2.6775 P3:2.6775 P4:2.6765 STATE:IN_POS
[2026-06-03 00:10:36Z] CHK MOM:0.11% RANGE:0.14% UP:40% SPREAD:0.03735524% BID:2.677 ASK:2.678 MID:2.6775 P1:2.6775 P2:2.6775 P3:2.6775 P4:2.6775 STATE:IN_POS
[2026-06-03 00:10:37Z] CHK MOM:0.11% RANGE:0.14% UP:40% SPREAD:0.03735524% BID:2.677 ASK:2.678 MID:2.6775 P1:2.6775 P2:2.6775 P3:2.6775 P4:2.6775 STATE:IN_POS
[2026-06-03 00:10:37Z] CHK MOM:0.11% RANGE:0.14% UP:37.5% SPREAD:0.03735524% BID:2.677 ASK:2.678 MID:2.6775 P1:2.6775 P2:2.6775 P3:2.6775 P4:2.6775 STATE:IN_POS
[2026-06-03 00:10:38Z] CHK MOM:0.16% RANGE:0.18% UP:40% SPREAD:0.03734129% BID:2.678 ASK:2.679 MID:2.67849999 P1:2.67849999 P2:2.6775 P3:2.6775 P4:2.6775 STATE:IN_POS
[2026-06-03 00:10:38Z] CHK MOM:0.18% RANGE:0.18% UP:40% SPREAD:0.03734129% BID:2.678 ASK:2.679 MID:2.67849999 P1:2.67849999 P2:2.67849999 P3:2.6775 P4:2.6775 STATE:IN_POS
[2026-06-03 00:10:39Z] CHK MOM:0.16% RANGE:0.18% UP:40% SPREAD:0.07468259% BID:2.678 ASK:2.68 MID:2.679 P1:2.679 P2:2.67849999 P3:2.67849999 P4:2.6775 STATE:IN_POS
[2026-06-03 00:10:40Z] CHK MOM:0.16% RANGE:0.18% UP:37.5% SPREAD:0.07468259% BID:2.678 ASK:2.68 MID:2.679 P1:2.679 P2:2.679 P3:2.67849999 P4:2.67849999 STATE:IN_POS
[2026-06-03 00:10:40Z] CHK MOM:0.14% RANGE:0.18% UP:37.5% SPREAD:0.03734129% BID:2.678 ASK:2.679 MID:2.67849999 P1:2.67849999 P2:2.679 P3:2.679 P4:2.67849999 STATE:IN_POS
[2026-06-03 00:10:41Z] CHK MOM:0.16% RANGE:0.18% UP:41.17% SPREAD:0.07468259% BID:2.678 ASK:2.68 MID:2.679 P1:2.679 P2:2.67849999 P3:2.679 P4:2.679 STATE:IN_POS
[2026-06-03 00:10:41Z] CHK MOM:0.14% RANGE:0.18% UP:38.88% SPREAD:0.03734129% BID:2.678 ASK:2.679 MID:2.67849999 P1:2.67849999 P2:2.679 P3:2.67849999 P4:2.679 STATE:IN_POS
[2026-06-03 00:10:42Z] CHK MOM:0.14% RANGE:0.18% UP:38.88% SPREAD:0.03734129% BID:2.678 ASK:2.679 MID:2.67849999 P1:2.67849999 P2:2.67849999 P3:2.679 P4:2.67849999 STATE:IN_POS
[2026-06-03 00:10:42Z] CHK MOM:0.18% RANGE:0.2% UP:42.1% SPREAD:0.03732736% BID:2.679 ASK:2.68 MID:2.6795 P1:2.6795 P2:2.67849999 P3:2.67849999 P4:2.679 STATE:IN_POS
[2026-06-03 00:10:43Z] CHK MOM:0.18% RANGE:0.2% UP:40% SPREAD:0.03732736% BID:2.679 ASK:2.68 MID:2.6795 P1:2.6795 P2:2.6795 P3:2.67849999 P4:2.67849999 STATE:IN_POS
[2026-06-03 00:10:43Z] CHK MOM:0.24% RANGE:0.24% UP:45% SPREAD:0.03731343% BID:2.68 ASK:2.681 MID:2.6805 P1:2.6805 P2:2.6795 P3:2.6795 P4:2.67849999 STATE:IN_POS
[2026-06-03 00:10:44Z] CHK MOM:0.2% RANGE:0.24% UP:42.85% SPREAD:0.03732736% BID:2.679 ASK:2.68 MID:2.6795 P1:2.6795 P2:2.6805 P3:2.6795 P4:2.6795 STATE:IN_POS
[2026-06-03 00:10:46Z] CHK MOM:0.05% RANGE:0.2% UP:35% SPREAD:0.0373692% BID:2.676 ASK:2.677 MID:2.6765 P1:2.6765 P2:2.6795 P3:2.6805 P4:2.6795 STATE:IN_POS
[2026-06-03 00:10:46Z] CHK MOM:0% RANGE:0.14% UP:30% SPREAD:0.0373692% BID:2.676 ASK:2.677 MID:2.6765 P1:2.6765 P2:2.6765 P3:2.6795 P4:2.6805 STATE:IN_POS
[2026-06-03 00:10:47Z] CHK MOM:-0.03% RANGE:0.14% UP:25% SPREAD:0.0373692% BID:2.676 ASK:2.677 MID:2.6765 P1:2.6765 P2:2.6765 P3:2.6765 P4:2.6795 STATE:IN_POS
[2026-06-03 00:10:47Z] CHK MOM:-0.03% RANGE:0.14% UP:26.31% SPREAD:0.0373692% BID:2.676 ASK:2.677 MID:2.6765 P1:2.6765 P2:2.6765 P3:2.6765 P4:2.6765 STATE:IN_POS
[2026-06-03 00:10:48Z] CHK MOM:-0.03% RANGE:0.14% UP:26.31% SPREAD:0.0373692% BID:2.676 ASK:2.677 MID:2.6765 P1:2.6765 P2:2.6765 P3:2.6765 P4:2.6765 STATE:IN_POS
[2026-06-03 00:10:48Z] CHK MOM:-0.03% RANGE:0.14% UP:26.31% SPREAD:0.0373692% BID:2.676 ASK:2.677 MID:2.6765 P1:2.6765 P2:2.6765 P3:2.6765 P4:2.6765 STATE:IN_POS
[2026-06-03 00:10:49Z] CHK MOM:-0.13% RANGE:0.24% UP:25% SPREAD:0.07482229% BID:2.673 ASK:2.675 MID:2.674 P1:2.674 P2:2.6765 P3:2.6765 P4:2.6765 STATE:IN_POS
[2026-06-03 00:10:49Z] CHK MOM:-0.18% RANGE:0.26% UP:21.05% SPREAD:0.03741114% BID:2.673 ASK:2.674 MID:2.67349999 P1:2.67349999 P2:2.674 P3:2.6765 P4:2.6765 STATE:IN_POS
[2026-06-03 00:10:50Z] CHK MOM:-0.16% RANGE:0.26% UP:25% SPREAD:0.07482229% BID:2.673 ASK:2.675 MID:2.674 P1:2.674 P2:2.67349999 P3:2.674 P4:2.6765 STATE:IN_POS
[2026-06-03 00:10:50Z] CHK MOM:-0.16% RANGE:0.26% UP:25% SPREAD:0.07482229% BID:2.673 ASK:2.675 MID:2.674 P1:2.674 P2:2.674 P3:2.67349999 P4:2.674 STATE:IN_POS
[2026-06-03 00:10:51Z] CHK MOM:-0.2% RANGE:0.26% UP:20% SPREAD:0.03741114% BID:2.673 ASK:2.674 MID:2.67349999 P1:2.67349999 P2:2.674 P3:2.674 P4:2.67349999 STATE:IN_POS
[2026-06-03 00:10:52Z] CHK MOM:-0.18% RANGE:0.26% UP:21.05% SPREAD:0.03741114% BID:2.673 ASK:2.674 MID:2.67349999 P1:2.67349999 P2:2.67349999 P3:2.674 P4:2.674 STATE:IN_POS
[2026-06-03 00:10:52Z] CHK MOM:-0.18% RANGE:0.26% UP:21.05% SPREAD:0.03741114% BID:2.673 ASK:2.674 MID:2.67349999 P1:2.67349999 P2:2.67349999 P3:2.674 P4:2.674 STATE:IN_POS
[2026-06-03 00:10:53Z] CHK MOM:-0.22% RANGE:0.29% UP:16.66% SPREAD:0.03742514% BID:2.672 ASK:2.673 MID:2.6725 P1:2.6725 P2:2.67349999 P3:2.67349999 P4:2.674 STATE:IN_POS
[2026-06-03 00:10:53Z] CHK MOM:-0.22% RANGE:0.29% UP:15.78% SPREAD:0.03742514% BID:2.672 ASK:2.673 MID:2.6725 P1:2.6725 P2:2.6725 P3:2.67349999 P4:2.67349999 STATE:IN_POS
[2026-06-03 00:10:54Z] CHK MOM:-0.26% RANGE:0.33% UP:15.78% SPREAD:0.03743916% BID:2.671 ASK:2.672 MID:2.6715 P1:2.6715 P2:2.6725 P3:2.6725 P4:2.67349999 STATE:IN_POS
[2026-06-03 00:10:54Z] CHK MOM:-0.26% RANGE:0.33% UP:15.78% SPREAD:0.03743916% BID:2.671 ASK:2.672 MID:2.6715 P1:2.6715 P2:2.6725 P3:2.6725 P4:2.67349999 STATE:IN_POS
[2026-06-03 00:10:55Z] CHK MOM:-0.29% RANGE:0.33% UP:11.11% SPREAD:0.03743916% BID:2.671 ASK:2.672 MID:2.6715 P1:2.6715 P2:2.6715 P3:2.6725 P4:2.6725 STATE:IN_POS
[2026-06-03 00:10:55Z] CHK MOM:-0.29% RANGE:0.33% UP:11.11% SPREAD:0.03743916% BID:2.671 ASK:2.672 MID:2.6715 P1:2.6715 P2:2.6715 P3:2.6725 P4:2.6725 STATE:IN_POS
[2026-06-03 00:10:56Z] CHK MOM:-0.29% RANGE:0.29% UP:5.88% SPREAD:0.03743916% BID:2.671 ASK:2.672 MID:2.6715 P1:2.6715 P2:2.6715 P3:2.6715 P4:2.6725 STATE:IN_POS
[2026-06-03 00:10:57Z] CHK MOM:-0.29% RANGE:0.29% UP:5.88% SPREAD:0.03743916% BID:2.671 ASK:2.672 MID:2.6715 P1:2.6715 P2:2.6715 P3:2.6715 P4:2.6725 STATE:IN_POS
[2026-06-03 00:10:57Z] CHK MOM:-0.18% RANGE:0.18% UP:5.88% SPREAD:0.03743916% BID:2.671 ASK:2.672 MID:2.6715 P1:2.6715 P2:2.6715 P3:2.6715 P4:2.6715 STATE:IN_POS
[2026-06-03 00:10:58Z] CHK MOM:-0.18% RANGE:0.18% UP:5.88% SPREAD:0.03743916% BID:2.671 ASK:2.672 MID:2.6715 P1:2.6715 P2:2.6715 P3:2.6715 P4:2.6715 STATE:IN_POS
[2026-06-03 00:10:58Z] CHK MOM:-0.18% RANGE:0.18% UP:5.88% SPREAD:0.03743916% BID:2.671 ASK:2.672 MID:2.6715 P1:2.6715 P2:2.6715 P3:2.6715 P4:2.6715 STATE:IN_POS
[2026-06-03 00:10:59Z] CHK MOM:-0.18% RANGE:0.18% UP:6.25% SPREAD:0.03743916% BID:2.671 ASK:2.672 MID:2.6715 P1:2.6715 P2:2.6715 P3:2.6715 P4:2.6715 STATE:IN_POS
[2026-06-03 00:10:59Z] CHK MOM:-0.18% RANGE:0.18% UP:6.25% SPREAD:0.03743916% BID:2.671 ASK:2.672 MID:2.6715 P1:2.6715 P2:2.6715 P3:2.6715 P4:2.6715 STATE:IN_POS
[2026-06-03 00:11:01Z] CHK MOM:-0.11% RANGE:0.13% UP:7.14% SPREAD:0.03745318% BID:2.67 ASK:2.671 MID:2.67049999 P1:2.67049999 P2:2.6715 P3:2.6715 P4:2.6715 STATE:IN_POS
[2026-06-03 00:11:02Z] CHK MOM:-0.2% RANGE:0.2% UP:0% SPREAD:0.03748125% BID:2.668 ASK:2.669 MID:2.6685 P1:2.6685 P2:2.67049999 P3:2.6715 P4:2.6715 STATE:IN_POS
[2026-06-03 00:11:03Z] CHK MOM:-0.29% RANGE:0.3% UP:0% SPREAD:0.03752345% BID:2.665 ASK:2.666 MID:2.66549999 P1:2.66549999 P2:2.6685 P3:2.67049999 P4:2.6715 STATE:IN_POS
[2026-06-03 00:11:03Z] CHK MOM:-0.29% RANGE:0.3% UP:0% SPREAD:0.03752345% BID:2.665 ASK:2.666 MID:2.66549999 P1:2.66549999 P2:2.66549999 P3:2.6685 P4:2.67049999 STATE:IN_POS
[2026-06-03 00:11:04Z] CHK MOM:-0.29% RANGE:0.3% UP:0% SPREAD:0.03752345% BID:2.665 ASK:2.666 MID:2.66549999 P1:2.66549999 P2:2.66549999 P3:2.66549999 P4:2.6685 STATE:IN_POS
[2026-06-03 00:11:04Z] CHK MOM:-0.24% RANGE:0.26% UP:7.14% SPREAD:0.0750469% BID:2.665 ASK:2.667 MID:2.666 P1:2.666 P2:2.66549999 P3:2.66549999 P4:2.66549999 STATE:IN_POS
[2026-06-03 00:11:05Z] CHK MOM:-0.22% RANGE:0.26% UP:13.33% SPREAD:0.03750937% BID:2.666 ASK:2.667 MID:2.6665 P1:2.6665 P2:2.666 P3:2.66549999 P4:2.66549999 STATE:IN_POS
[2026-06-03 00:11:05Z] CHK MOM:-0.16% RANGE:0.26% UP:20% SPREAD:0.07499062% BID:2.667 ASK:2.669 MID:2.668 P1:2.668 P2:2.6665 P3:2.666 P4:2.66549999 STATE:IN_POS
[2026-06-03 00:11:06Z] CHK MOM:-0.13% RANGE:0.22% UP:20% SPREAD:0.07499062% BID:2.667 ASK:2.669 MID:2.668 P1:2.668 P2:2.668 P3:2.6665 P4:2.666 STATE:IN_POS
[2026-06-03 00:11:06Z] CHK MOM:-0.11% RANGE:0.22% UP:26.66% SPREAD:0.03748125% BID:2.668 ASK:2.669 MID:2.6685 P1:2.6685 P2:2.668 P3:2.668 P4:2.6665 STATE:IN_POS
[2026-06-03 00:11:07Z] CHK MOM:-0.11% RANGE:0.22% UP:26.66% SPREAD:0.03748125% BID:2.668 ASK:2.669 MID:2.6685 P1:2.6685 P2:2.6685 P3:2.668 P4:2.668 STATE:IN_POS
[2026-06-03 00:11:08Z] CHK MOM:-0.11% RANGE:0.22% UP:25% SPREAD:0.03748125% BID:2.668 ASK:2.669 MID:2.6685 P1:2.6685 P2:2.6685 P3:2.6685 P4:2.668 STATE:IN_POS
[2026-06-03 00:11:08Z] CHK MOM:-0.11% RANGE:0.22% UP:25% SPREAD:0.03748125% BID:2.668 ASK:2.669 MID:2.6685 P1:2.6685 P2:2.6685 P3:2.6685 P4:2.668 STATE:IN_POS
[2026-06-03 00:11:09Z] CHK MOM:-0.11% RANGE:0.22% UP:25% SPREAD:0.03748125% BID:2.668 ASK:2.669 MID:2.6685 P1:2.6685 P2:2.6685 P3:2.6685 P4:2.668 STATE:IN_POS
[2026-06-03 00:11:09Z] CHK MOM:-0.11% RANGE:0.22% UP:25% SPREAD:0.03748125% BID:2.668 ASK:2.669 MID:2.6685 P1:2.6685 P2:2.6685 P3:2.6685 P4:2.6685 STATE:IN_POS
[2026-06-03 00:11:10Z] CHK MOM:-0.11% RANGE:0.22% UP:25% SPREAD:0.03748125% BID:2.668 ASK:2.669 MID:2.6685 P1:2.6685 P2:2.6685 P3:2.6685 P4:2.6685 STATE:IN_POS
[2026-06-03 00:11:10Z] CHK MOM:-0.11% RANGE:0.22% UP:25% SPREAD:0.03748125% BID:2.668 ASK:2.669 MID:2.6685 P1:2.6685 P2:2.6685 P3:2.6685 P4:2.6685 STATE:IN_POS
[2026-06-03 00:11:11Z] CHK MOM:-0.09% RANGE:0.22% UP:29.41% SPREAD:0.07496251% BID:2.668 ASK:2.67 MID:2.669 P1:2.669 P2:2.6685 P3:2.6685 P4:2.6685 STATE:IN_POS
[2026-06-03 00:11:11Z] CHK MOM:-0.03% RANGE:0.22% UP:35.29% SPREAD:0.03745318% BID:2.67 ASK:2.671 MID:2.67049999 P1:2.67049999 P2:2.669 P3:2.6685 P4:2.6685 STATE:IN_POS
[2026-06-03 00:11:12Z] CHK MOM:-0.01% RANGE:0.18% UP:35.29% SPREAD:0.07493443% BID:2.669 ASK:2.671 MID:2.67 P1:2.67 P2:2.67049999 P3:2.669 P4:2.6685 STATE:IN_POS
[2026-06-03 00:11:13Z] CHK MOM:-0.01% RANGE:0.18% UP:33.33% SPREAD:0.07493443% BID:2.669 ASK:2.671 MID:2.67 P1:2.67 P2:2.67 P3:2.67049999 P4:2.669 STATE:IN_POS
[2026-06-03 00:11:13Z] CHK MOM:-0.01% RANGE:0.18% UP:31.57% SPREAD:0.07493443% BID:2.669 ASK:2.671 MID:2.67 P1:2.67 P2:2.67 P3:2.67 P4:2.67049999 STATE:IN_POS
[2026-06-03 00:11:14Z] CHK MOM:-0.01% RANGE:0.18% UP:31.57% SPREAD:0.07493443% BID:2.669 ASK:2.671 MID:2.67 P1:2.67 P2:2.67 P3:2.67 P4:2.67049999 STATE:IN_POS
[2026-06-03 00:11:14Z] CHK MOM:0.18% RANGE:0.18% UP:38.88% SPREAD:0.03745318% BID:2.67 ASK:2.671 MID:2.67049999 P1:2.67049999 P2:2.67 P3:2.67 P4:2.67 STATE:IN_POS
[2026-06-03 00:11:15Z] CHK MOM:0.11% RANGE:0.18% UP:36.84% SPREAD:0.03748125% BID:2.668 ASK:2.669 MID:2.6685 P1:2.6685 P2:2.67049999 P3:2.67 P4:2.67 STATE:IN_POS
[2026-06-03 00:11:16Z] CHK MOM:0.07% RANGE:0.16% UP:35.29% SPREAD:0.07499062% BID:2.667 ASK:2.669 MID:2.668 P1:2.668 P2:2.6685 P3:2.67049999 P4:2.67 STATE:IN_POS
[2026-06-03 00:11:17Z] CHK MOM:0% RANGE:0.15% UP:29.41% SPREAD:0.03750937% BID:2.666 ASK:2.667 MID:2.6665 P1:2.6665 P2:2.668 P3:2.6685 P4:2.67049999 STATE:IN_POS
[2026-06-03 00:11:17Z] CHK MOM:-0.05% RANGE:0.15% UP:25% SPREAD:0.03750937% BID:2.666 ASK:2.667 MID:2.6665 P1:2.6665 P2:2.6665 P3:2.668 P4:2.6685 STATE:IN_POS
[2026-06-03 00:11:18Z] CHK MOM:-0.07% RANGE:0.15% UP:18.75% SPREAD:0.03750937% BID:2.666 ASK:2.667 MID:2.6665 P1:2.6665 P2:2.6665 P3:2.6665 P4:2.668 STATE:IN_POS
[2026-06-03 00:11:19Z] CHK MOM:-0.07% RANGE:0.15% UP:18.75% SPREAD:0.03750937% BID:2.666 ASK:2.667 MID:2.6665 P1:2.6665 P2:2.6665 P3:2.6665 P4:2.6665 STATE:IN_POS
[2026-06-03 00:11:19Z] CHK MOM:-0.07% RANGE:0.15% UP:18.75% SPREAD:0.03750937% BID:2.666 ASK:2.667 MID:2.6665 P1:2.6665 P2:2.6665 P3:2.6665 P4:2.6665 STATE:IN_POS
[2026-06-03 00:11:20Z] CHK MOM:-0.07% RANGE:0.15% UP:18.75% SPREAD:0.03750937% BID:2.666 ASK:2.667 MID:2.6665 P1:2.6665 P2:2.6665 P3:2.6665 P4:2.6665 STATE:IN_POS
[2026-06-03 00:11:20Z] CHK MOM:-0.05% RANGE:0.15% UP:23.52% SPREAD:0.07501875% BID:2.666 ASK:2.668 MID:2.667 P1:2.667 P2:2.6665 P3:2.6665 P4:2.6665 STATE:IN_POS
[2026-06-03 00:11:21Z] CHK MOM:-0.05% RANGE:0.15% UP:22.22% SPREAD:0.07501875% BID:2.666 ASK:2.668 MID:2.667 P1:2.667 P2:2.667 P3:2.6665 P4:2.6665 STATE:IN_POS
[2026-06-03 00:11:21Z] CHK MOM:0% RANGE:0.15% UP:27.77% SPREAD:0.03748125% BID:2.668 ASK:2.669 MID:2.6685 P1:2.6685 P2:2.667 P3:2.667 P4:2.6665 STATE:IN_POS
[2026-06-03 00:11:22Z] CHK MOM:0% RANGE:0.15% UP:26.31% SPREAD:0.03748125% BID:2.668 ASK:2.669 MID:2.6685 P1:2.6685 P2:2.6685 P3:2.667 P4:2.667 STATE:IN_POS
[2026-06-03 00:11:22Z] CHK MOM:0.03% RANGE:0.15% UP:31.57% SPREAD:0.03746721% BID:2.669 ASK:2.67 MID:2.6695 P1:2.6695 P2:2.6685 P3:2.6685 P4:2.667 STATE:IN_POS
[2026-06-03 00:11:23Z] CHK MOM:0.01% RANGE:0.15% UP:26.31% SPREAD:0.03746721% BID:2.669 ASK:2.67 MID:2.6695 P1:2.6695 P2:2.6695 P3:2.6685 P4:2.6685 STATE:IN_POS
[2026-06-03 00:11:24Z] CHK MOM:-0.01% RANGE:0.15% UP:26.31% SPREAD:0.07493443% BID:2.669 ASK:2.671 MID:2.67 P1:2.67 P2:2.6695 P3:2.6695 P4:2.6685 STATE:IN_POS
[2026-06-03 00:11:24Z] CHK MOM:-0.01% RANGE:0.15% UP:25% SPREAD:0.07493443% BID:2.669 ASK:2.671 MID:2.67 P1:2.67 P2:2.67 P3:2.6695 P4:2.6695 STATE:IN_POS
[2026-06-03 00:11:25Z] CHK MOM:0.01% RANGE:0.15% UP:33.33% SPREAD:0.03745318% BID:2.67 ASK:2.671 MID:2.67049999 P1:2.67049999 P2:2.67 P3:2.67 P4:2.6695 STATE:IN_POS
[2026-06-03 00:11:25Z] CHK MOM:0.01% RANGE:0.15% UP:31.57% SPREAD:0.03745318% BID:2.67 ASK:2.671 MID:2.67049999 P1:2.67049999 P2:2.67049999 P3:2.67 P4:2.67 STATE:IN_POS
[2026-06-03 00:11:26Z] CHK MOM:0% RANGE:0.15% UP:26.31% SPREAD:0.03745318% BID:2.67 ASK:2.671 MID:2.67049999 P1:2.67049999 P2:2.67049999 P3:2.67049999 P4:2.67 STATE:IN_POS
[2026-06-03 00:11:26Z] CHK MOM:0% RANGE:0.15% UP:25% SPREAD:0.03745318% BID:2.67 ASK:2.671 MID:2.67049999 P1:2.67049999 P2:2.67049999 P3:2.67049999 P4:2.67049999 STATE:IN_POS
[2026-06-03 00:11:27Z] CHK MOM:0.07% RANGE:0.15% UP:25% SPREAD:0.03745318% BID:2.67 ASK:2.671 MID:2.67049999 P1:2.67049999 P2:2.67049999 P3:2.67049999 P4:2.67049999 STATE:IN_POS
[2026-06-03 00:11:27Z] CHK MOM:0.09% RANGE:0.15% UP:25% SPREAD:0.03745318% BID:2.67 ASK:2.671 MID:2.67049999 P1:2.67049999 P2:2.67049999 P3:2.67049999 P4:2.67049999 STATE:IN_POS
[2026-06-03 00:11:28Z] CHK MOM:0.11% RANGE:0.16% UP:28.57% SPREAD:0.07490636% BID:2.67 ASK:2.672 MID:2.671 P1:2.671 P2:2.67049999 P3:2.67049999 P4:2.67049999 STATE:IN_POS
[2026-06-03 00:11:28Z] CHK MOM:0.09% RANGE:0.16% UP:27.27% SPREAD:0.03745318% BID:2.67 ASK:2.671 MID:2.67049999 P1:2.67049999 P2:2.671 P3:2.67049999 P4:2.67049999 STATE:IN_POS
[2026-06-03 00:11:29Z] CHK MOM:0.15% RANGE:0.16% UP:27.27% SPREAD:0.03745318% BID:2.67 ASK:2.671 MID:2.67049999 P1:2.67049999 P2:2.67049999 P3:2.671 P4:2.67049999 STATE:IN_POS
[2026-06-03 00:11:30Z] CHK MOM:0.18% RANGE:0.18% UP:31.81% SPREAD:0.03743916% BID:2.671 ASK:2.672 MID:2.6715 P1:2.6715 P2:2.67049999 P3:2.67049999 P4:2.671 STATE:IN_POS
[2026-06-03 00:11:30Z] CHK MOM:0.22% RANGE:0.22% UP:38.09% SPREAD:0.03742514% BID:2.672 ASK:2.673 MID:2.6725 P1:2.6725 P2:2.6715 P3:2.67049999 P4:2.67049999 STATE:IN_POS
[2026-06-03 00:11:32Z] CHK MOM:0.22% RANGE:0.22% UP:40% SPREAD:0.03742514% BID:2.672 ASK:2.673 MID:2.6725 P1:2.6725 P2:2.6725 P3:2.6715 P4:2.67049999 STATE:IN_POS
[2026-06-03 00:11:32Z] CHK MOM:0.2% RANGE:0.2% UP:35% SPREAD:0.03742514% BID:2.672 ASK:2.673 MID:2.6725 P1:2.6725 P2:2.6725 P3:2.6725 P4:2.6715 STATE:IN_POS
[2026-06-03 00:11:33Z] CHK MOM:0.11% RANGE:0.14% UP:31.57% SPREAD:0.03743916% BID:2.671 ASK:2.672 MID:2.6715 P1:2.6715 P2:2.6725 P3:2.6725 P4:2.6725 STATE:IN_POS
[2026-06-03 00:11:33Z] CHK MOM:0.11% RANGE:0.14% UP:31.57% SPREAD:0.03743916% BID:2.671 ASK:2.672 MID:2.6715 P1:2.6715 P2:2.6725 P3:2.6725 P4:2.6725 STATE:IN_POS
[2026-06-03 00:11:34Z] CHK MOM:0.07% RANGE:0.11% UP:27.77% SPREAD:0.03743916% BID:2.671 ASK:2.672 MID:2.6715 P1:2.6715 P2:2.6715 P3:2.6725 P4:2.6725 STATE:IN_POS
[2026-06-03 00:11:35Z] CHK MOM:0.07% RANGE:0.11% UP:26.31% SPREAD:0.03743916% BID:2.671 ASK:2.672 MID:2.6715 P1:2.6715 P2:2.6715 P3:2.6715 P4:2.6725 STATE:IN_POS
[2026-06-03 00:11:35Z] CHK MOM:0.01% RANGE:0.09% UP:22.22% SPREAD:0.03745318% BID:2.67 ASK:2.671 MID:2.67049999 P1:2.67049999 P2:2.6715 P3:2.6715 P4:2.6715 STATE:IN_POS
[2026-06-03 00:11:36Z] CHK MOM:-0.07% RANGE:0.14% UP:17.64% SPREAD:0.03748125% BID:2.668 ASK:2.669 MID:2.6685 P1:2.6685 P2:2.67049999 P3:2.6715 P4:2.6715 STATE:IN_POS
[2026-06-03 00:11:36Z] CHK MOM:-0.07% RANGE:0.14% UP:16.66% SPREAD:0.03748125% BID:2.668 ASK:2.669 MID:2.6685 P1:2.6685 P2:2.6685 P3:2.67049999 P4:2.6715 STATE:IN_POS
[2026-06-03 00:11:37Z] CHK MOM:-0.07% RANGE:0.14% UP:15.78% SPREAD:0.03748125% BID:2.668 ASK:2.669 MID:2.6685 P1:2.6685 P2:2.6685 P3:2.6685 P4:2.67049999 STATE:IN_POS
[2026-06-03 00:11:37Z] CHK MOM:-0.07% RANGE:0.14% UP:16.66% SPREAD:0.03748125% BID:2.668 ASK:2.669 MID:2.6685 P1:2.6685 P2:2.6685 P3:2.6685 P4:2.6685 STATE:IN_POS
[2026-06-03 00:11:38Z] CHK MOM:-0.07% RANGE:0.14% UP:16.66% SPREAD:0.03748125% BID:2.668 ASK:2.669 MID:2.6685 P1:2.6685 P2:2.6685 P3:2.6685 P4:2.6685 STATE:IN_POS
[2026-06-03 00:11:38Z] CHK MOM:-0.03% RANGE:0.14% UP:22.22% SPREAD:0.03746721% BID:2.669 ASK:2.67 MID:2.6695 P1:2.6695 P2:2.6685 P3:2.6685 P4:2.6685 STATE:IN_POS
[2026-06-03 00:11:39Z] CHK MOM:-0.03% RANGE:0.14% UP:23.52% SPREAD:0.03746721% BID:2.669 ASK:2.67 MID:2.6695 P1:2.6695 P2:2.6695 P3:2.6685 P4:2.6685 STATE:IN_POS
[2026-06-03 00:11:39Z] CHK MOM:0% RANGE:0.14% UP:27.77% SPREAD:0.03745318% BID:2.67 ASK:2.671 MID:2.67049999 P1:2.67049999 P2:2.6695 P3:2.6695 P4:2.6685 STATE:IN_POS
[2026-06-03 00:11:40Z] CHK MOM:-0.01% RANGE:0.14% UP:22.22% SPREAD:0.03745318% BID:2.67 ASK:2.671 MID:2.67049999 P1:2.67049999 P2:2.67049999 P3:2.6695 P4:2.6695 STATE:IN_POS
[2026-06-03 00:11:41Z] CHK MOM:-0.03% RANGE:0.14% UP:18.75% SPREAD:0.03745318% BID:2.67 ASK:2.671 MID:2.67049999 P1:2.67049999 P2:2.67049999 P3:2.67049999 P4:2.6695 STATE:IN_POS
[2026-06-03 00:11:41Z] CHK MOM:-0.03% RANGE:0.14% UP:17.64% SPREAD:0.03745318% BID:2.67 ASK:2.671 MID:2.67049999 P1:2.67049999 P2:2.67049999 P3:2.67049999 P4:2.67049999 STATE:IN_POS
[2026-06-03 00:11:42Z] CHK MOM:-0.03% RANGE:0.14% UP:17.64% SPREAD:0.03745318% BID:2.67 ASK:2.671 MID:2.67049999 P1:2.67049999 P2:2.67049999 P3:2.67049999 P4:2.67049999 STATE:IN_POS
[2026-06-03 00:11:42Z] CHK MOM:-0.07% RANGE:0.14% UP:12.5% SPREAD:0.03745318% BID:2.67 ASK:2.671 MID:2.67049999 P1:2.67049999 P2:2.67049999 P3:2.67049999 P4:2.67049999 STATE:IN_POS
[2026-06-03 00:11:43Z] CHK MOM:-0.07% RANGE:0.14% UP:11.76% SPREAD:0.03745318% BID:2.67 ASK:2.671 MID:2.67049999 P1:2.67049999 P2:2.67049999 P3:2.67049999 P4:2.67049999 STATE:IN_POS
[2026-06-03 00:11:43Z] CHK MOM:-0.07% RANGE:0.14% UP:11.76% SPREAD:0.03745318% BID:2.67 ASK:2.671 MID:2.67049999 P1:2.67049999 P2:2.67049999 P3:2.67049999 P4:2.67049999 STATE:IN_POS
[2026-06-03 00:11:44Z] CHK MOM:-0.07% RANGE:0.14% UP:11.76% SPREAD:0.03745318% BID:2.67 ASK:2.671 MID:2.67049999 P1:2.67049999 P2:2.67049999 P3:2.67049999 P4:2.67049999 STATE:IN_POS
[2026-06-03 00:11:44Z] CHK MOM:-0.07% RANGE:0.14% UP:11.76% SPREAD:0.03745318% BID:2.67 ASK:2.671 MID:2.67049999 P1:2.67049999 P2:2.67049999 P3:2.67049999 P4:2.67049999 STATE:IN_POS
[2026-06-03 00:11:45Z] CHK MOM:0% RANGE:0.11% UP:18.75% SPREAD:0.03743916% BID:2.671 ASK:2.672 MID:2.6715 P1:2.6715 P2:2.67049999 P3:2.67049999 P4:2.67049999 STATE:IN_POS
[2026-06-03 00:11:46Z] CHK MOM:-0.07% RANGE:0.11% UP:18.75% SPREAD:0.03746721% BID:2.669 ASK:2.67 MID:2.6695 P1:2.6695 P2:2.6715 P3:2.67049999 P4:2.67049999 STATE:IN_POS
[2026-06-03 00:11:47Z] CHK MOM:-0.07% RANGE:0.11% UP:20% SPREAD:0.03748125% BID:2.668 ASK:2.669 MID:2.6685 P1:2.6685 P2:2.6695 P3:2.6715 P4:2.67049999 STATE:IN_POS
[2026-06-03 00:11:48Z] CHK MOM:0.01% RANGE:0.11% UP:26.66% SPREAD:0.07496251% BID:2.668 ASK:2.67 MID:2.669 P1:2.669 P2:2.6685 P3:2.6695 P4:2.6715 STATE:IN_POS
[2026-06-03 00:11:48Z] CHK MOM:0.01% RANGE:0.11% UP:26.66% SPREAD:0.07496251% BID:2.668 ASK:2.67 MID:2.669 P1:2.669 P2:2.669 P3:2.6685 P4:2.6695 STATE:IN_POS
[2026-06-03 00:11:49Z] CHK MOM:0.01% RANGE:0.11% UP:26.66% SPREAD:0.07496251% BID:2.668 ASK:2.67 MID:2.669 P1:2.669 P2:2.669 P3:2.6685 P4:2.6695 STATE:IN_POS
[2026-06-03 00:11:49Z] CHK MOM:0.01% RANGE:0.11% UP:26.66% SPREAD:0.07496251% BID:2.668 ASK:2.67 MID:2.669 P1:2.669 P2:2.669 P3:2.6685 P4:2.6695 STATE:IN_POS
[2026-06-03 00:11:50Z] CHK MOM:0.01% RANGE:0.11% UP:26.66% SPREAD:0.07496251% BID:2.668 ASK:2.67 MID:2.669 P1:2.669 P2:2.669 P3:2.6685 P4:2.6695 STATE:IN_POS
[2026-06-03 00:11:51Z] CHK MOM:0% RANGE:0.11% UP:33.33% SPREAD:0.03746721% BID:2.669 ASK:2.67 MID:2.6695 P1:2.6695 P2:2.669 P3:2.669 P4:2.6685 STATE:IN_POS
[2026-06-03 00:11:52Z] CHK MOM:-0.11% RANGE:0.14% UP:25% SPREAD:0.03749531% BID:2.667 ASK:2.668 MID:2.6675 P1:2.6675 P2:2.6695 P3:2.669 P4:2.669 STATE:IN_POS
[2026-06-03 00:11:52Z] CHK MOM:-0.11% RANGE:0.14% UP:27.27% SPREAD:0.03749531% BID:2.667 ASK:2.668 MID:2.6675 P1:2.6675 P2:2.6675 P3:2.6695 P4:2.669 STATE:IN_POS
[2026-06-03 00:11:53Z] CHK MOM:-0.11% RANGE:0.14% UP:27.27% SPREAD:0.03749531% BID:2.667 ASK:2.668 MID:2.6675 P1:2.6675 P2:2.6675 P3:2.6695 P4:2.669 STATE:IN_POS
[2026-06-03 00:11:53Z] CHK MOM:-0.11% RANGE:0.14% UP:27.27% SPREAD:0.03749531% BID:2.667 ASK:2.668 MID:2.6675 P1:2.6675 P2:2.6675 P3:2.6675 P4:2.6695 STATE:IN_POS
[2026-06-03 00:11:54Z] CHK MOM:-0.11% RANGE:0.14% UP:27.27% SPREAD:0.03749531% BID:2.667 ASK:2.668 MID:2.6675 P1:2.6675 P2:2.6675 P3:2.6675 P4:2.6675 STATE:IN_POS
[2026-06-03 00:11:54Z] CHK MOM:-0.11% RANGE:0.14% UP:25% SPREAD:0.03749531% BID:2.667 ASK:2.668 MID:2.6675 P1:2.6675 P2:2.6675 P3:2.6675 P4:2.6675 STATE:IN_POS
[2026-06-03 00:11:55Z] CHK MOM:-0.14% RANGE:0.18% UP:25% SPREAD:0.03750937% BID:2.666 ASK:2.667 MID:2.6665 P1:2.6665 P2:2.6675 P3:2.6675 P4:2.6675 STATE:IN_POS
[2026-06-03 00:11:55Z] CHK MOM:-0.14% RANGE:0.18% UP:25% SPREAD:0.03750937% BID:2.666 ASK:2.667 MID:2.6665 P1:2.6665 P2:2.6675 P3:2.6675 P4:2.6675 STATE:IN_POS
[2026-06-03 00:11:56Z] CHK MOM:-0.18% RANGE:0.18% UP:16.66% SPREAD:0.03750937% BID:2.666 ASK:2.667 MID:2.6665 P1:2.6665 P2:2.6665 P3:2.6675 P4:2.6675 STATE:IN_POS
[2026-06-03 00:11:57Z] CHK MOM:-0.18% RANGE:0.18% UP:15.38% SPREAD:0.03750937% BID:2.666 ASK:2.667 MID:2.6665 P1:2.6665 P2:2.6665 P3:2.6665 P4:2.6675 STATE:IN_POS
[2026-06-03 00:11:57Z] CHK MOM:-0.18% RANGE:0.18% UP:15.38% SPREAD:0.03750937% BID:2.666 ASK:2.667 MID:2.6665 P1:2.6665 P2:2.6665 P3:2.6665 P4:2.6675 STATE:IN_POS
[2026-06-03 00:11:58Z] CHK MOM:-0.18% RANGE:0.18% UP:15.38% SPREAD:0.03750937% BID:2.666 ASK:2.667 MID:2.6665 P1:2.6665 P2:2.6665 P3:2.6665 P4:2.6675 STATE:IN_POS
[2026-06-03 00:11:58Z] CHK MOM:-0.07% RANGE:0.11% UP:16.66% SPREAD:0.03750937% BID:2.666 ASK:2.667 MID:2.6665 P1:2.6665 P2:2.6665 P3:2.6665 P4:2.6665 STATE:IN_POS
[2026-06-03 00:11:59Z] CHK MOM:-0.07% RANGE:0.11% UP:15.38% SPREAD:0.03750937% BID:2.666 ASK:2.667 MID:2.6665 P1:2.6665 P2:2.6665 P3:2.6665 P4:2.6665 STATE:IN_POS
[2026-06-03 00:11:59Z] CHK MOM:-0.07% RANGE:0.11% UP:15.38% SPREAD:0.03750937% BID:2.666 ASK:2.667 MID:2.6665 P1:2.6665 P2:2.6665 P3:2.6665 P4:2.6665 STATE:IN_POS
[2026-06-03 00:12:00Z] CHK MOM:-0.09% RANGE:0.11% UP:7.69% SPREAD:0.03750937% BID:2.666 ASK:2.667 MID:2.6665 P1:2.6665 P2:2.6665 P3:2.6665 P4:2.6665 STATE:IN_POS
[2026-06-03 00:12:00Z] CHK MOM:-0.11% RANGE:0.11% UP:0% SPREAD:0.03750937% BID:2.666 ASK:2.667 MID:2.6665 P1:2.6665 P2:2.6665 P3:2.6665 P4:2.6665 STATE:IN_POS
[2026-06-03 00:12:01Z] CHK MOM:-0.14% RANGE:0.15% UP:0% SPREAD:0.03752345% BID:2.665 ASK:2.666 MID:2.66549999 P1:2.66549999 P2:2.6665 P3:2.6665 P4:2.6665 STATE:IN_POS
[2026-06-03 00:12:02Z] CHK MOM:-0.14% RANGE:0.15% UP:0% SPREAD:0.03752345% BID:2.665 ASK:2.666 MID:2.66549999 P1:2.66549999 P2:2.66549999 P3:2.6665 P4:2.6665 STATE:IN_POS
[2026-06-03 00:12:03Z] CHK MOM:-0.07% RANGE:0.07% UP:0% SPREAD:0.03752345% BID:2.665 ASK:2.666 MID:2.66549999 P1:2.66549999 P2:2.66549999 P3:2.66549999 P4:2.6665 STATE:IN_POS
[2026-06-03 00:12:03Z] CHK MOM:-0.07% RANGE:0.07% UP:0% SPREAD:0.03752345% BID:2.665 ASK:2.666 MID:2.66549999 P1:2.66549999 P2:2.66549999 P3:2.66549999 P4:2.6665 STATE:IN_POS
[2026-06-03 00:12:04Z] CHK MOM:-0.07% RANGE:0.07% UP:0% SPREAD:0.03752345% BID:2.665 ASK:2.666 MID:2.66549999 P1:2.66549999 P2:2.66549999 P3:2.66549999 P4:2.66549999 STATE:IN_POS
[2026-06-03 00:12:04Z] CHK MOM:-0.07% RANGE:0.07% UP:0% SPREAD:0.03752345% BID:2.665 ASK:2.666 MID:2.66549999 P1:2.66549999 P2:2.66549999 P3:2.66549999 P4:2.66549999 STATE:IN_POS
[2026-06-03 00:12:05Z] CHK MOM:-0.05% RANGE:0.07% UP:7.14% SPREAD:0.0750469% BID:2.665 ASK:2.667 MID:2.666 P1:2.666 P2:2.66549999 P3:2.66549999 P4:2.66549999 STATE:IN_POS
[2026-06-03 00:12:05Z] CHK MOM:-0.05% RANGE:0.07% UP:6.66% SPREAD:0.0750469% BID:2.665 ASK:2.667 MID:2.666 P1:2.666 P2:2.666 P3:2.66549999 P4:2.66549999 STATE:IN_POS
[2026-06-03 00:12:06Z] CHK MOM:-0.05% RANGE:0.07% UP:6.66% SPREAD:0.0750469% BID:2.665 ASK:2.667 MID:2.666 P1:2.666 P2:2.666 P3:2.666 P4:2.66549999 STATE:IN_POS
[2026-06-03 00:12:07Z] CHK MOM:0% RANGE:0.03% UP:14.28% SPREAD:0.03750937% BID:2.666 ASK:2.667 MID:2.6665 P1:2.6665 P2:2.666 P3:2.666 P4:2.666 STATE:IN_POS
[2026-06-03 00:12:07Z] CHK MOM:-0.01% RANGE:0.03% UP:13.33% SPREAD:0.0750469% BID:2.665 ASK:2.667 MID:2.666 P1:2.666 P2:2.6665 P3:2.666 P4:2.666 STATE:IN_POS
[2026-06-03 00:12:08Z] CHK MOM:-0.07% RANGE:0.07% UP:13.33% SPREAD:0.03753753% BID:2.664 ASK:2.665 MID:2.6645 P1:2.6645 P2:2.666 P3:2.6665 P4:2.666 STATE:IN_POS
[2026-06-03 00:12:08Z] CHK MOM:-0.05% RANGE:0.07% UP:20% SPREAD:0.07507507% BID:2.664 ASK:2.666 MID:2.665 P1:2.665 P2:2.6645 P3:2.666 P4:2.6665 STATE:IN_POS
[2026-06-03 00:12:09Z] CHK MOM:-0.05% RANGE:0.07% UP:18.75% SPREAD:0.07507507% BID:2.664 ASK:2.666 MID:2.665 P1:2.665 P2:2.665 P3:2.6645 P4:2.666 STATE:IN_POS
[2026-06-03 00:12:09Z] CHK MOM:-0.07% RANGE:0.07% UP:17.64% SPREAD:0.03753753% BID:2.664 ASK:2.665 MID:2.6645 P1:2.6645 P2:2.665 P3:2.665 P4:2.6645 STATE:IN_POS
[2026-06-03 00:12:10Z] CHK MOM:0% RANGE:0.07% UP:23.52% SPREAD:0.03750937% BID:2.666 ASK:2.667 MID:2.6665 P1:2.6665 P2:2.6645 P3:2.665 P4:2.665 STATE:IN_POS
[2026-06-03 00:12:11Z] CHK MOM:0% RANGE:0.07% UP:22.22% SPREAD:0.03750937% BID:2.666 ASK:2.667 MID:2.6665 P1:2.6665 P2:2.6665 P3:2.6645 P4:2.665 STATE:IN_POS
[2026-06-03 00:12:11Z] CHK MOM:-0.03% RANGE:0.07% UP:22.22% SPREAD:0.03752345% BID:2.665 ASK:2.666 MID:2.66549999 P1:2.66549999 P2:2.6665 P3:2.6665 P4:2.6645 STATE:IN_POS
[2026-06-03 00:12:12Z] CHK MOM:-0.03% RANGE:0.07% UP:22.22% SPREAD:0.03752345% BID:2.665 ASK:2.666 MID:2.66549999 P1:2.66549999 P2:2.66549999 P3:2.6665 P4:2.6665 STATE:IN_POS
[2026-06-03 00:12:12Z] CHK MOM:0% RANGE:0.07% UP:22.22% SPREAD:0.03752345% BID:2.665 ASK:2.666 MID:2.66549999 P1:2.66549999 P2:2.66549999 P3:2.66549999 P4:2.6665 STATE:IN_POS
[2026-06-03 00:12:13Z] CHK MOM:0% RANGE:0.07% UP:22.22% SPREAD:0.03752345% BID:2.665 ASK:2.666 MID:2.66549999 P1:2.66549999 P2:2.66549999 P3:2.66549999 P4:2.6665 STATE:IN_POS
[2026-06-03 00:12:13Z] CHK MOM:0.09% RANGE:0.13% UP:29.41% SPREAD:0.07499062% BID:2.667 ASK:2.669 MID:2.668 P1:2.668 P2:2.66549999 P3:2.66549999 P4:2.66549999 STATE:IN_POS
[2026-06-03 00:12:14Z] CHK MOM:0.39% RANGE:0.43% UP:33.33% SPREAD:0.07476635% BID:2.675 ASK:2.677 MID:2.676 P1:2.676 P2:2.668 P3:2.66549999 P4:2.66549999 STATE:IN_POS
[2026-06-03 00:12:14Z] CHK MOM:0.41% RANGE:0.45% UP:36.84% SPREAD:0.0373692% BID:2.676 ASK:2.677 MID:2.6765 P1:2.6765 P2:2.676 P3:2.668 P4:2.66549999 STATE:IN_POS
[2026-06-03 00:12:15Z] CHK MOM:0.43% RANGE:0.46% UP:42.1% SPREAD:0.07473841% BID:2.676 ASK:2.678 MID:2.677 P1:2.677 P2:2.6765 P3:2.676 P4:2.668 STATE:IN_POS
[2026-06-03 00:12:15Z] CHK MOM:0.43% RANGE:0.46% UP:40% SPREAD:0.07473841% BID:2.676 ASK:2.678 MID:2.677 P1:2.677 P2:2.677 P3:2.6765 P4:2.676 STATE:IN_POS
[2026-06-03 00:12:16Z] CHK MOM:0.37% RANGE:0.46% UP:40% SPREAD:0.03738317% BID:2.675 ASK:2.676 MID:2.6755 P1:2.6755 P2:2.677 P3:2.677 P4:2.6765 STATE:IN_POS
[2026-06-03 00:12:16Z] CHK MOM:0.41% RANGE:0.46% UP:42.85% SPREAD:0.0373692% BID:2.676 ASK:2.677 MID:2.6765 P1:2.6765 P2:2.6755 P3:2.677 P4:2.677 STATE:IN_POS
[2026-06-03 00:12:18Z] CHK MOM:0.39% RANGE:0.46% UP:38.09% SPREAD:0.0373692% BID:2.676 ASK:2.677 MID:2.6765 P1:2.6765 P2:2.6765 P3:2.6755 P4:2.677 STATE:IN_POS
[2026-06-03 00:12:19Z] CHK MOM:0.5% RANGE:0.56% UP:44.44% SPREAD:0.03732736% BID:2.679 ASK:2.68 MID:2.6795 P1:2.6795 P2:2.6765 P3:2.6765 P4:2.6755 STATE:IN_POS
[2026-06-03 00:12:20Z] CHK MOM:0.56% RANGE:0.56% UP:44.44% SPREAD:0.03732736% BID:2.679 ASK:2.68 MID:2.6795 P1:2.6795 P2:2.6795 P3:2.6765 P4:2.6765 STATE:IN_POS
[2026-06-03 00:12:20Z] CHK MOM:0.54% RANGE:0.56% UP:38.88% SPREAD:0.03732736% BID:2.679 ASK:2.68 MID:2.6795 P1:2.6795 P2:2.6795 P3:2.6795 P4:2.6765 STATE:IN_POS
[2026-06-03 00:12:21Z] CHK MOM:0.54% RANGE:0.56% UP:38.88% SPREAD:0.03732736% BID:2.679 ASK:2.68 MID:2.6795 P1:2.6795 P2:2.6795 P3:2.6795 P4:2.6795 STATE:IN_POS
[2026-06-03 00:12:21Z] CHK MOM:0.54% RANGE:0.56% UP:38.88% SPREAD:0.03732736% BID:2.679 ASK:2.68 MID:2.6795 P1:2.6795 P2:2.6795 P3:2.6795 P4:2.6795 STATE:IN_POS
[2026-06-03 00:12:22Z] CHK MOM:0.52% RANGE:0.56% UP:43.75% SPREAD:0.03731343% BID:2.68 ASK:2.681 MID:2.6805 P1:2.6805 P2:2.6795 P3:2.6795 P4:2.6795 STATE:IN_POS
[2026-06-03 00:12:23Z] CHK MOM:0.48% RANGE:0.56% UP:41.17% SPREAD:0.03732736% BID:2.679 ASK:2.68 MID:2.6795 P1:2.6795 P2:2.6805 P3:2.6795 P4:2.6795 STATE:IN_POS
[2026-06-03 00:12:24Z] CHK MOM:0.56% RANGE:0.56% UP:53.33% SPREAD:0.03731343% BID:2.68 ASK:2.681 MID:2.6805 P1:2.6805 P2:2.6795 P3:2.6805 P4:2.6795 STATE:IN_POS
[2026-06-03 00:12:24Z] CHK MOM:0.56% RANGE:0.56% UP:50% SPREAD:0.03731343% BID:2.68 ASK:2.681 MID:2.6805 P1:2.6805 P2:2.6805 P3:2.6795 P4:2.6805 STATE:IN_POS
[2026-06-03 00:12:25Z] CHK MOM:0.46% RANGE:0.46% UP:43.75% SPREAD:0.03731343% BID:2.68 ASK:2.681 MID:2.6805 P1:2.6805 P2:2.6805 P3:2.6805 P4:2.6795 STATE:IN_POS
[2026-06-03 00:12:25Z] CHK MOM:0.46% RANGE:0.46% UP:41.17% SPREAD:0.03731343% BID:2.68 ASK:2.681 MID:2.6805 P1:2.6805 P2:2.6805 P3:2.6805 P4:2.6805 STATE:IN_POS
[2026-06-03 00:12:26Z] CHK MOM:0.16% RANGE:0.18% UP:35.29% SPREAD:0.03731343% BID:2.68 ASK:2.681 MID:2.6805 P1:2.6805 P2:2.6805 P3:2.6805 P4:2.6805 STATE:IN_POS
[2026-06-03 00:12:26Z] CHK MOM:0.14% RANGE:0.18% UP:29.41% SPREAD:0.03731343% BID:2.68 ASK:2.681 MID:2.6805 P1:2.6805 P2:2.6805 P3:2.6805 P4:2.6805 STATE:IN_POS
[2026-06-03 00:12:27Z] CHK MOM:0.13% RANGE:0.18% UP:23.52% SPREAD:0.03731343% BID:2.68 ASK:2.681 MID:2.6805 P1:2.6805 P2:2.6805 P3:2.6805 P4:2.6805 STATE:IN_POS
[2026-06-03 00:12:27Z] CHK MOM:0.13% RANGE:0.18% UP:23.52% SPREAD:0.03731343% BID:2.68 ASK:2.681 MID:2.6805 P1:2.6805 P2:2.6805 P3:2.6805 P4:2.6805 STATE:IN_POS
[2026-06-03 00:12:28Z] CHK MOM:0.18% RANGE:0.18% UP:23.52% SPREAD:0.03731343% BID:2.68 ASK:2.681 MID:2.6805 P1:2.6805 P2:2.6805 P3:2.6805 P4:2.6805 STATE:IN_POS
[2026-06-03 00:12:29Z] CHK MOM:0.16% RANGE:0.16% UP:25% SPREAD:0.07462686% BID:2.68 ASK:2.682 MID:2.681 P1:2.681 P2:2.6805 P3:2.6805 P4:2.6805 STATE:IN_POS
[2026-06-03 00:12:29Z] CHK MOM:0.05% RANGE:0.05% UP:18.75% SPREAD:0.07462686% BID:2.68 ASK:2.682 MID:2.681 P1:2.681 P2:2.681 P3:2.6805 P4:2.6805 STATE:IN_POS
[2026-06-03 00:12:30Z] CHK MOM:0.03% RANGE:0.05% UP:17.64% SPREAD:0.03731343% BID:2.68 ASK:2.681 MID:2.6805 P1:2.6805 P2:2.681 P3:2.681 P4:2.6805 STATE:IN_POS
[2026-06-03 00:12:30Z] CHK MOM:0.03% RANGE:0.05% UP:16.66% SPREAD:0.03731343% BID:2.68 ASK:2.681 MID:2.6805 P1:2.6805 P2:2.6805 P3:2.681 P4:2.681 STATE:IN_POS
[2026-06-03 00:12:31Z] CHK MOM:0.03% RANGE:0.05% UP:15.78% SPREAD:0.03731343% BID:2.68 ASK:2.681 MID:2.6805 P1:2.6805 P2:2.6805 P3:2.6805 P4:2.681 STATE:IN_POS
[2026-06-03 00:12:31Z] CHK MOM:0% RANGE:0.05% UP:15.78% SPREAD:0.03732736% BID:2.679 ASK:2.68 MID:2.6795 P1:2.6795 P2:2.6805 P3:2.6805 P4:2.6805 STATE:IN_POS
[2026-06-03 00:12:32Z] CHK MOM:0% RANGE:0.05% UP:15% SPREAD:0.03732736% BID:2.679 ASK:2.68 MID:2.6795 P1:2.6795 P2:2.6795 P3:2.6805 P4:2.6805 STATE:IN_POS
[2026-06-03 00:12:32Z] CHK MOM:0% RANGE:0.05% UP:15% SPREAD:0.03732736% BID:2.679 ASK:2.68 MID:2.6795 P1:2.6795 P2:2.6795 P3:2.6795 P4:2.6805 STATE:IN_POS
[2026-06-03 00:12:33Z] CHK MOM:0% RANGE:0.05% UP:15% SPREAD:0.03732736% BID:2.679 ASK:2.68 MID:2.6795 P1:2.6795 P2:2.6795 P3:2.6795 P4:2.6805 STATE:IN_POS
[2026-06-03 00:12:34Z] CHK MOM:-0.03% RANGE:0.05% UP:10.52% SPREAD:0.03732736% BID:2.679 ASK:2.68 MID:2.6795 P1:2.6795 P2:2.6795 P3:2.6795 P4:2.6795 STATE:IN_POS
[2026-06-03 00:12:35Z] CHK MOM:-0.07% RANGE:0.09% UP:5.55% SPREAD:0.03734129% BID:2.678 ASK:2.679 MID:2.67849999 P1:2.67849999 P2:2.6795 P3:2.6795 P4:2.6795 STATE:IN_POS
[2026-06-03 00:12:36Z] CHK MOM:-0.05% RANGE:0.09% UP:11.11% SPREAD:0.07468259% BID:2.678 ASK:2.68 MID:2.679 P1:2.679 P2:2.67849999 P3:2.6795 P4:2.6795 STATE:IN_POS
[2026-06-03 00:12:36Z] CHK MOM:-0.07% RANGE:0.09% UP:10.52% SPREAD:0.03734129% BID:2.678 ASK:2.679 MID:2.67849999 P1:2.67849999 P2:2.679 P3:2.67849999 P4:2.6795 STATE:IN_POS
[2026-06-03 00:12:37Z] CHK MOM:-0.07% RANGE:0.09% UP:10.52% SPREAD:0.03734129% BID:2.678 ASK:2.679 MID:2.67849999 P1:2.67849999 P2:2.679 P3:2.67849999 P4:2.6795 STATE:IN_POS
[2026-06-03 00:12:37Z] CHK MOM:-0.05% RANGE:0.09% UP:16.66% SPREAD:0.07468259% BID:2.678 ASK:2.68 MID:2.679 P1:2.679 P2:2.67849999 P3:2.679 P4:2.67849999 STATE:IN_POS
[2026-06-03 00:12:38Z] CHK MOM:-0.07% RANGE:0.09% UP:15.78% SPREAD:0.03734129% BID:2.678 ASK:2.679 MID:2.67849999 P1:2.67849999 P2:2.679 P3:2.67849999 P4:2.679 STATE:IN_POS
[2026-06-03 00:12:38Z] CHK MOM:-0.07% RANGE:0.09% UP:15.78% SPREAD:0.03734129% BID:2.678 ASK:2.679 MID:2.67849999 P1:2.67849999 P2:2.679 P3:2.67849999 P4:2.679 STATE:IN_POS
[2026-06-03 00:12:40Z] CHK MOM:-0.07% RANGE:0.09% UP:17.64% SPREAD:0.03734129% BID:2.678 ASK:2.679 MID:2.67849999 P1:2.67849999 P2:2.67849999 P3:2.679 P4:2.67849999 STATE:IN_POS
[2026-06-03 00:12:40Z] CHK MOM:-0.09% RANGE:0.09% UP:13.33% SPREAD:0.03734129% BID:2.678 ASK:2.679 MID:2.67849999 P1:2.67849999 P2:2.67849999 P3:2.67849999 P4:2.679 STATE:IN_POS
[2026-06-03 00:12:41Z] CHK MOM:-0.13% RANGE:0.13% UP:12.5% SPREAD:0.03735524% BID:2.677 ASK:2.678 MID:2.6775 P1:2.6775 P2:2.67849999 P3:2.67849999 P4:2.67849999 STATE:IN_POS
[2026-06-03 00:12:41Z] CHK MOM:-0.16% RANGE:0.16% UP:12.5% SPREAD:0.0373692% BID:2.676 ASK:2.677 MID:2.6765 P1:2.6765 P2:2.6775 P3:2.67849999 P4:2.67849999 STATE:IN_POS
[2026-06-03 00:12:42Z] CHK MOM:-0.16% RANGE:0.16% UP:12.5% SPREAD:0.0373692% BID:2.676 ASK:2.677 MID:2.6765 P1:2.6765 P2:2.6775 P3:2.67849999 P4:2.67849999 STATE:IN_POS
[2026-06-03 00:12:42Z] CHK MOM:-0.14% RANGE:0.14% UP:13.33% SPREAD:0.0373692% BID:2.676 ASK:2.677 MID:2.6765 P1:2.6765 P2:2.6765 P3:2.6775 P4:2.67849999 STATE:IN_POS
[2026-06-03 00:12:43Z] CHK MOM:-0.14% RANGE:0.14% UP:13.33% SPREAD:0.0373692% BID:2.676 ASK:2.677 MID:2.6765 P1:2.6765 P2:2.6765 P3:2.6765 P4:2.6775 STATE:IN_POS
[2026-06-03 00:12:43Z] CHK MOM:-0.03% RANGE:0.11% UP:20% SPREAD:0.03734129% BID:2.678 ASK:2.679 MID:2.67849999 P1:2.67849999 P2:2.6765 P3:2.6765 P4:2.6765 STATE:IN_POS
[2026-06-03 00:12:44Z] CHK MOM:-0.03% RANGE:0.11% UP:20% SPREAD:0.03734129% BID:2.678 ASK:2.679 MID:2.67849999 P1:2.67849999 P2:2.6765 P3:2.6765 P4:2.6765 STATE:IN_POS
[2026-06-03 00:12:45Z] CHK MOM:-0.03% RANGE:0.11% UP:21.42% SPREAD:0.03734129% BID:2.678 ASK:2.679 MID:2.67849999 P1:2.67849999 P2:2.67849999 P3:2.6765 P4:2.6765 STATE:IN_POS
[2026-06-03 00:12:45Z] CHK MOM:-0.03% RANGE:0.11% UP:21.42% SPREAD:0.03734129% BID:2.678 ASK:2.679 MID:2.67849999 P1:2.67849999 P2:2.67849999 P3:2.67849999 P4:2.6765 STATE:IN_POS
[2026-06-03 00:12:46Z] CHK MOM:-0.03% RANGE:0.11% UP:21.42% SPREAD:0.03734129% BID:2.678 ASK:2.679 MID:2.67849999 P1:2.67849999 P2:2.67849999 P3:2.67849999 P4:2.6765 STATE:IN_POS
[2026-06-03 00:12:46Z] CHK MOM:0% RANGE:0.09% UP:21.42% SPREAD:0.03734129% BID:2.678 ASK:2.679 MID:2.67849999 P1:2.67849999 P2:2.67849999 P3:2.67849999 P4:2.67849999 STATE:IN_POS
[2026-06-03 00:12:47Z] CHK MOM:0.01% RANGE:0.09% UP:26.66% SPREAD:0.07468259% BID:2.678 ASK:2.68 MID:2.679 P1:2.679 P2:2.67849999 P3:2.67849999 P4:2.67849999 STATE:IN_POS
[2026-06-03 00:12:47Z] CHK MOM:0% RANGE:0.09% UP:25% SPREAD:0.03734129% BID:2.678 ASK:2.679 MID:2.67849999 P1:2.67849999 P2:2.679 P3:2.67849999 P4:2.67849999 STATE:IN_POS
[2026-06-03 00:12:48Z] CHK MOM:0% RANGE:0.09% UP:25% SPREAD:0.03734129% BID:2.678 ASK:2.679 MID:2.67849999 P1:2.67849999 P2:2.679 P3:2.67849999 P4:2.67849999 STATE:IN_POS
[2026-06-03 00:12:48Z] CHK MOM:0% RANGE:0.09% UP:25% SPREAD:0.03734129% BID:2.678 ASK:2.679 MID:2.67849999 P1:2.67849999 P2:2.679 P3:2.67849999 P4:2.67849999 STATE:IN_POS
[2026-06-03 00:12:49Z] CHK MOM:0% RANGE:0.09% UP:25% SPREAD:0.03734129% BID:2.678 ASK:2.679 MID:2.67849999 P1:2.67849999 P2:2.679 P3:2.67849999 P4:2.67849999 STATE:IN_POS
[2026-06-03 00:12:49Z] CHK MOM:0% RANGE:0.09% UP:21.42% SPREAD:0.07468259% BID:2.678 ASK:2.68 MID:2.679 P1:2.679 P2:2.67849999 P3:2.679 P4:2.67849999 STATE:IN_POS
[2026-06-03 00:12:52Z] CHK MOM:0.07% RANGE:0.14% UP:30.76% SPREAD:0.03731343% BID:2.68 ASK:2.681 MID:2.6805 P1:2.6805 P2:2.679 P3:2.67849999 P4:2.679 STATE:IN_POS
[2026-06-03 00:12:52Z] CHK MOM:0.11% RANGE:0.14% UP:33.33% SPREAD:0.03731343% BID:2.68 ASK:2.681 MID:2.6805 P1:2.6805 P2:2.6805 P3:2.679 P4:2.67849999 STATE:IN_POS
[2026-06-03 00:12:53Z] CHK MOM:0.13% RANGE:0.16% UP:38.46% SPREAD:0.07462686% BID:2.68 ASK:2.682 MID:2.681 P1:2.681 P2:2.6805 P3:2.6805 P4:2.679 STATE:IN_POS
[2026-06-03 00:12:53Z] CHK MOM:0.14% RANGE:0.16% UP:38.46% SPREAD:0.03731343% BID:2.68 ASK:2.681 MID:2.6805 P1:2.6805 P2:2.681 P3:2.6805 P4:2.6805 STATE:IN_POS
[2026-06-03 00:12:54Z] CHK MOM:0.16% RANGE:0.16% UP:46.15% SPREAD:0.07462686% BID:2.68 ASK:2.682 MID:2.681 P1:2.681 P2:2.6805 P3:2.681 P4:2.6805 STATE:IN_POS
[2026-06-03 00:12:54Z] CHK MOM:0.16% RANGE:0.16% UP:46.15% SPREAD:0.07462686% BID:2.68 ASK:2.682 MID:2.681 P1:2.681 P2:2.681 P3:2.6805 P4:2.681 STATE:IN_POS
[2026-06-03 00:12:55Z] CHK MOM:0.13% RANGE:0.16% UP:42.85% SPREAD:0.07465472% BID:2.679 ASK:2.681 MID:2.67999999 P1:2.67999999 P2:2.681 P3:2.681 P4:2.6805 STATE:IN_POS
[2026-06-03 00:12:55Z] CHK MOM:0.07% RANGE:0.09% UP:42.85% SPREAD:0.03731343% BID:2.68 ASK:2.681 MID:2.6805 P1:2.6805 P2:2.67999999 P3:2.681 P4:2.681 STATE:IN_POS
[2026-06-03 00:12:56Z] CHK MOM:0.07% RANGE:0.09% UP:42.85% SPREAD:0.03731343% BID:2.68 ASK:2.681 MID:2.6805 P1:2.6805 P2:2.6805 P3:2.67999999 P4:2.681 STATE:IN_POS
[2026-06-03 00:12:57Z] CHK MOM:0.11% RANGE:0.11% UP:46.66% SPREAD:0.03729951% BID:2.681 ASK:2.682 MID:2.68149999 P1:2.68149999 P2:2.6805 P3:2.6805 P4:2.67999999 STATE:IN_POS
[2026-06-03 00:12:57Z] CHK MOM:0.14% RANGE:0.14% UP:57.14% SPREAD:0.0372856% BID:2.682 ASK:2.683 MID:2.6825 P1:2.6825 P2:2.68149999 P3:2.6805 P4:2.6805 STATE:IN_POS
[2026-06-03 00:12:58Z] CHK MOM:0.11% RANGE:0.14% UP:53.33% SPREAD:0.03729951% BID:2.681 ASK:2.682 MID:2.68149999 P1:2.68149999 P2:2.6825 P3:2.68149999 P4:2.6805 STATE:IN_POS
[2026-06-03 00:12:58Z] CHK MOM:0.11% RANGE:0.14% UP:50% SPREAD:0.03729951% BID:2.681 ASK:2.682 MID:2.68149999 P1:2.68149999 P2:2.68149999 P3:2.6825 P4:2.68149999 STATE:IN_POS
[2026-06-03 00:12:59Z] CHK MOM:0.11% RANGE:0.14% UP:50% SPREAD:0.03729951% BID:2.681 ASK:2.682 MID:2.68149999 P1:2.68149999 P2:2.68149999 P3:2.6825 P4:2.68149999 STATE:IN_POS
[2026-06-03 00:12:59Z] CHK MOM:0.13% RANGE:0.14% UP:53.33% SPREAD:0.07459903% BID:2.681 ASK:2.683 MID:2.682 P1:2.682 P2:2.68149999 P3:2.68149999 P4:2.6825 STATE:IN_POS
[2026-06-03 00:13:00Z] CHK MOM:0.09% RANGE:0.13% UP:46.66% SPREAD:0.03729951% BID:2.681 ASK:2.682 MID:2.68149999 P1:2.68149999 P2:2.682 P3:2.68149999 P4:2.68149999 STATE:IN_POS
[2026-06-03 00:13:00Z] CHK MOM:0.07% RANGE:0.13% UP:43.75% SPREAD:0.07462686% BID:2.68 ASK:2.682 MID:2.681 P1:2.681 P2:2.68149999 P3:2.682 P4:2.68149999 STATE:IN_POS
[2026-06-03 00:13:01Z] CHK MOM:0.05% RANGE:0.13% UP:41.17% SPREAD:0.03731343% BID:2.68 ASK:2.681 MID:2.6805 P1:2.6805 P2:2.681 P3:2.68149999 P4:2.682 STATE:IN_POS
[2026-06-03 00:13:01Z] CHK MOM:0.03% RANGE:0.09% UP:41.17% SPREAD:0.03729951% BID:2.681 ASK:2.682 MID:2.68149999 P1:2.68149999 P2:2.6805 P3:2.681 P4:2.68149999 STATE:IN_POS
[2026-06-03 00:13:02Z] CHK MOM:0.05% RANGE:0.09% UP:44.44% SPREAD:0.07459903% BID:2.681 ASK:2.683 MID:2.682 P1:2.682 P2:2.68149999 P3:2.6805 P4:2.681 STATE:IN_POS
[2026-06-03 00:13:03Z] CHK MOM:-0.01% RANGE:0.09% UP:42.1% SPREAD:0.07465472% BID:2.679 ASK:2.681 MID:2.67999999 P1:2.67999999 P2:2.682 P3:2.68149999 P4:2.6805 STATE:IN_POS
[2026-06-03 00:13:03Z] CHK MOM:-0.05% RANGE:0.13% UP:42.1% SPREAD:0.07468259% BID:2.678 ASK:2.68 MID:2.679 P1:2.679 P2:2.67999999 P3:2.682 P4:2.68149999 STATE:IN_POS
[2026-06-03 00:13:04Z] CHK MOM:-0.07% RANGE:0.14% UP:40% SPREAD:0.03734129% BID:2.678 ASK:2.679 MID:2.67849999 P1:2.67849999 P2:2.679 P3:2.67999999 P4:2.682 STATE:IN_POS
[2026-06-03 00:13:04Z] CHK MOM:-0.11% RANGE:0.18% UP:38.09% SPREAD:0.03735524% BID:2.677 ASK:2.678 MID:2.6775 P1:2.6775 P2:2.67849999 P3:2.679 P4:2.67999999 STATE:IN_POS
[2026-06-03 00:13:05Z] CHK MOM:-0.11% RANGE:0.18% UP:35% SPREAD:0.03735524% BID:2.677 ASK:2.678 MID:2.6775 P1:2.6775 P2:2.6775 P3:2.67849999 P4:2.679 STATE:IN_POS
[2026-06-03 00:13:06Z] CHK MOM:-0.09% RANGE:0.18% UP:35% SPREAD:0.03734129% BID:2.678 ASK:2.679 MID:2.67849999 P1:2.67849999 P2:2.6775 P3:2.6775 P4:2.67849999 STATE:IN_POS
[2026-06-03 00:13:07Z] CHK MOM:-0.09% RANGE:0.18% UP:35% SPREAD:0.03734129% BID:2.678 ASK:2.679 MID:2.67849999 P1:2.67849999 P2:2.6775 P3:2.6775 P4:2.67849999 STATE:IN_POS
[2026-06-03 00:13:08Z] CHK MOM:-0.09% RANGE:0.18% UP:35% SPREAD:0.03734129% BID:2.678 ASK:2.679 MID:2.67849999 P1:2.67849999 P2:2.6775 P3:2.6775 P4:2.67849999 STATE:IN_POS
[2026-06-03 00:13:08Z] CHK MOM:-0.09% RANGE:0.18% UP:35% SPREAD:0.03734129% BID:2.678 ASK:2.679 MID:2.67849999 P1:2.67849999 P2:2.6775 P3:2.6775 P4:2.67849999 STATE:IN_POS
[2026-06-03 00:13:09Z] CHK MOM:-0.14% RANGE:0.18% UP:26.66% SPREAD:0.03734129% BID:2.678 ASK:2.679 MID:2.67849999 P1:2.67849999 P2:2.67849999 P3:2.6775 P4:2.6775 STATE:IN_POS
[2026-06-03 00:13:09Z] CHK MOM:-0.14% RANGE:0.18% UP:26.66% SPREAD:0.03734129% BID:2.678 ASK:2.679 MID:2.67849999 P1:2.67849999 P2:2.67849999 P3:2.6775 P4:2.6775 STATE:IN_POS
[2026-06-03 00:13:10Z] CHK MOM:-0.11% RANGE:0.16% UP:26.66% SPREAD:0.03734129% BID:2.678 ASK:2.679 MID:2.67849999 P1:2.67849999 P2:2.67849999 P3:2.67849999 P4:2.6775 STATE:IN_POS
[2026-06-03 00:13:10Z] CHK MOM:-0.09% RANGE:0.16% UP:28.57% SPREAD:0.03732736% BID:2.679 ASK:2.68 MID:2.6795 P1:2.6795 P2:2.67849999 P3:2.67849999 P4:2.67849999 STATE:IN_POS
[2026-06-03 00:13:11Z] CHK MOM:-0.05% RANGE:0.16% UP:33.33% SPREAD:0.03731343% BID:2.68 ASK:2.681 MID:2.6805 P1:2.6805 P2:2.6795 P3:2.67849999 P4:2.67849999 STATE:IN_POS
[2026-06-03 00:13:11Z] CHK MOM:-0.05% RANGE:0.16% UP:33.33% SPREAD:0.03731343% BID:2.68 ASK:2.681 MID:2.6805 P1:2.6805 P2:2.6795 P3:2.67849999 P4:2.67849999 STATE:IN_POS
[2026-06-03 00:13:12Z] CHK MOM:-0.05% RANGE:0.16% UP:33.33% SPREAD:0.07465472% BID:2.679 ASK:2.681 MID:2.67999999 P1:2.67999999 P2:2.6805 P3:2.6795 P4:2.67849999 STATE:IN_POS
[2026-06-03 00:13:12Z] CHK MOM:-0.01% RANGE:0.16% UP:40% SPREAD:0.03731343% BID:2.68 ASK:2.681 MID:2.6805 P1:2.6805 P2:2.67999999 P3:2.6805 P4:2.6795 STATE:IN_POS
[2026-06-03 00:13:13Z] CHK MOM:-0.01% RANGE:0.16% UP:40% SPREAD:0.03731343% BID:2.68 ASK:2.681 MID:2.6805 P1:2.6805 P2:2.67999999 P3:2.6805 P4:2.6795 STATE:IN_POS
[2026-06-03 00:13:14Z] CHK MOM:-0.07% RANGE:0.16% UP:30.76% SPREAD:0.07465472% BID:2.679 ASK:2.681 MID:2.67999999 P1:2.67999999 P2:2.6805 P3:2.67999999 P4:2.6805 STATE:IN_POS
[2026-06-03 00:13:14Z] CHK MOM:0% RANGE:0.11% UP:30.76% SPREAD:0.07465472% BID:2.679 ASK:2.681 MID:2.67999999 P1:2.67999999 P2:2.67999999 P3:2.6805 P4:2.67999999 STATE:IN_POS
[2026-06-03 00:13:15Z] CHK MOM:0% RANGE:0.11% UP:30.76% SPREAD:0.07465472% BID:2.679 ASK:2.681 MID:2.67999999 P1:2.67999999 P2:2.67999999 P3:2.6805 P4:2.67999999 STATE:IN_POS
[2026-06-03 00:13:15Z] CHK MOM:0.05% RANGE:0.11% UP:38.46% SPREAD:0.03731343% BID:2.68 ASK:2.681 MID:2.6805 P1:2.6805 P2:2.67999999 P3:2.67999999 P4:2.6805 STATE:IN_POS
[2026-06-03 00:13:16Z] CHK MOM:0.07% RANGE:0.11% UP:38.46% SPREAD:0.03731343% BID:2.68 ASK:2.681 MID:2.6805 P1:2.6805 P2:2.6805 P3:2.67999999 P4:2.67999999 STATE:IN_POS
[2026-06-03 00:13:16Z] CHK MOM:0.09% RANGE:0.11% UP:38.46% SPREAD:0.07465472% BID:2.679 ASK:2.681 MID:2.67999999 P1:2.67999999 P2:2.6805 P3:2.6805 P4:2.67999999 STATE:IN_POS
[2026-06-03 00:13:17Z] CHK MOM:0.11% RANGE:0.11% UP:46.15% SPREAD:0.03731343% BID:2.68 ASK:2.681 MID:2.6805 P1:2.6805 P2:2.67999999 P3:2.6805 P4:2.6805 STATE:IN_POS
[2026-06-03 00:13:17Z] CHK MOM:0.11% RANGE:0.11% UP:46.15% SPREAD:0.03729951% BID:2.681 ASK:2.682 MID:2.68149999 P1:2.68149999 P2:2.6805 P3:2.67999999 P4:2.6805 STATE:IN_POS
[2026-06-03 00:13:18Z] CHK MOM:0.09% RANGE:0.11% UP:46.15% SPREAD:0.07462686% BID:2.68 ASK:2.682 MID:2.681 P1:2.681 P2:2.68149999 P3:2.6805 P4:2.67999999 STATE:IN_POS
[2026-06-03 00:13:18Z] CHK MOM:0.05% RANGE:0.11% UP:42.85% SPREAD:0.07465472% BID:2.679 ASK:2.681 MID:2.67999999 P1:2.67999999 P2:2.681 P3:2.68149999 P4:2.6805 STATE:IN_POS
[2026-06-03 00:13:19Z] CHK MOM:0.05% RANGE:0.11% UP:40% SPREAD:0.07465472% BID:2.679 ASK:2.681 MID:2.67999999 P1:2.67999999 P2:2.67999999 P3:2.681 P4:2.68149999 STATE:IN_POS
[2026-06-03 00:13:19Z] CHK MOM:0.03% RANGE:0.11% UP:37.5% SPREAD:0.03732736% BID:2.679 ASK:2.68 MID:2.6795 P1:2.6795 P2:2.67999999 P3:2.67999999 P4:2.681 STATE:IN_POS
[2026-06-03 00:13:20Z] CHK MOM:0.07% RANGE:0.11% UP:41.17% SPREAD:0.03731343% BID:2.68 ASK:2.681 MID:2.6805 P1:2.6805 P2:2.6795 P3:2.67999999 P4:2.67999999 STATE:IN_POS
[2026-06-03 00:13:21Z] CHK MOM:0.14% RANGE:0.14% UP:43.75% SPREAD:0.03727171% BID:2.683 ASK:2.684 MID:2.6835 P1:2.6835 P2:2.6805 P3:2.6795 P4:2.67999999 STATE:IN_POS
[2026-06-03 00:13:22Z] CHK MOM:0.16% RANGE:0.16% UP:47.05% SPREAD:0.07454342% BID:2.683 ASK:2.685 MID:2.684 P1:2.684 P2:2.6835 P3:2.6805 P4:2.6795 STATE:IN_POS
[2026-06-03 00:13:22Z] CHK MOM:0.11% RANGE:0.16% UP:41.17% SPREAD:0.03727171% BID:2.683 ASK:2.684 MID:2.6835 P1:2.6835 P2:2.684 P3:2.6835 P4:2.6805 STATE:IN_POS
[2026-06-03 00:13:23Z] CHK MOM:0.11% RANGE:0.16% UP:41.17% SPREAD:0.03727171% BID:2.683 ASK:2.684 MID:2.6835 P1:2.6835 P2:2.684 P3:2.6835 P4:2.6805 STATE:IN_POS
[2026-06-03 00:13:24Z] CHK MOM:0.11% RANGE:0.16% UP:41.17% SPREAD:0.03727171% BID:2.683 ASK:2.684 MID:2.6835 P1:2.6835 P2:2.684 P3:2.6835 P4:2.6805 STATE:IN_POS
[2026-06-03 00:13:24Z] CHK MOM:0.13% RANGE:0.16% UP:40% SPREAD:0.03727171% BID:2.683 ASK:2.684 MID:2.6835 P1:2.6835 P2:2.6835 P3:2.684 P4:2.6835 STATE:IN_POS
[2026-06-03 00:13:25Z] CHK MOM:0.16% RANGE:0.18% UP:43.75% SPREAD:0.03725782% BID:2.684 ASK:2.685 MID:2.6845 P1:2.6845 P2:2.6835 P3:2.6835 P4:2.684 STATE:IN_POS
[2026-06-03 00:13:25Z] CHK MOM:0.16% RANGE:0.18% UP:41.17% SPREAD:0.03725782% BID:2.684 ASK:2.685 MID:2.6845 P1:2.6845 P2:2.6845 P3:2.6835 P4:2.6835 STATE:IN_POS
[2026-06-03 00:13:26Z] CHK MOM:0.16% RANGE:0.18% UP:41.17% SPREAD:0.03725782% BID:2.684 ASK:2.685 MID:2.6845 P1:2.6845 P2:2.6845 P3:2.6835 P4:2.6835 STATE:IN_POS
[2026-06-03 00:13:26Z] CHK MOM:0.14% RANGE:0.18% UP:37.5% SPREAD:0.03725782% BID:2.684 ASK:2.685 MID:2.6845 P1:2.6845 P2:2.6845 P3:2.6845 P4:2.6835 STATE:IN_POS
[2026-06-03 00:13:27Z] CHK MOM:0.14% RANGE:0.18% UP:37.5% SPREAD:0.03725782% BID:2.684 ASK:2.685 MID:2.6845 P1:2.6845 P2:2.6845 P3:2.6845 P4:2.6845 STATE:IN_POS
[2026-06-03 00:13:27Z] CHK MOM:0.14% RANGE:0.18% UP:37.5% SPREAD:0.03725782% BID:2.684 ASK:2.685 MID:2.6845 P1:2.6845 P2:2.6845 P3:2.6845 P4:2.6845 STATE:IN_POS
[2026-06-03 00:13:28Z] CHK MOM:0.16% RANGE:0.18% UP:37.5% SPREAD:0.03725782% BID:2.684 ASK:2.685 MID:2.6845 P1:2.6845 P2:2.6845 P3:2.6845 P4:2.6845 STATE:IN_POS
[2026-06-03 00:13:28Z] CHK MOM:0.16% RANGE:0.18% UP:37.5% SPREAD:0.03725782% BID:2.684 ASK:2.685 MID:2.6845 P1:2.6845 P2:2.6845 P3:2.6845 P4:2.6845 STATE:IN_POS
[2026-06-03 00:13:29Z] CHK MOM:0.16% RANGE:0.18% UP:37.5% SPREAD:0.03725782% BID:2.684 ASK:2.685 MID:2.6845 P1:2.6845 P2:2.6845 P3:2.6845 P4:2.6845 STATE:IN_POS
[2026-06-03 00:13:30Z] CHK MOM:0.18% RANGE:0.2% UP:38.46% SPREAD:0.07451564% BID:2.684 ASK:2.686 MID:2.685 P1:2.685 P2:2.6845 P3:2.6845 P4:2.6845 STATE:IN_POS
[2026-06-03 00:13:30Z] CHK MOM:0.18% RANGE:0.2% UP:38.46% SPREAD:0.07451564% BID:2.684 ASK:2.686 MID:2.685 P1:2.685 P2:2.685 P3:2.6845 P4:2.6845 STATE:IN_POS
[2026-06-03 00:13:31Z] CHK MOM:0.09% RANGE:0.2% UP:35.71% SPREAD:0.0372856% BID:2.682 ASK:2.683 MID:2.6825 P1:2.6825 P2:2.685 P3:2.685 P4:2.6845 STATE:IN_POS
[2026-06-03 00:13:31Z] CHK MOM:0.09% RANGE:0.2% UP:35.71% SPREAD:0.07459903% BID:2.681 ASK:2.683 MID:2.682 P1:2.682 P2:2.6825 P3:2.685 P4:2.685 STATE:IN_POS
[2026-06-03 00:13:32Z] CHK MOM:-0.01% RANGE:0.11% UP:30.76% SPREAD:0.07457121% BID:2.682 ASK:2.684 MID:2.683 P1:2.683 P2:2.682 P3:2.6825 P4:2.685 STATE:IN_POS
[2026-06-03 00:13:32Z] CHK MOM:-0.01% RANGE:0.11% UP:28.57% SPREAD:0.07457121% BID:2.682 ASK:2.684 MID:2.683 P1:2.683 P2:2.683 P3:2.682 P4:2.6825 STATE:IN_POS
[2026-06-03 00:13:33Z] CHK MOM:-0.01% RANGE:0.11% UP:28.57% SPREAD:0.07457121% BID:2.682 ASK:2.684 MID:2.683 P1:2.683 P2:2.683 P3:2.682 P4:2.6825 STATE:IN_POS
[2026-06-03 00:13:33Z] CHK MOM:-0.01% RANGE:0.11% UP:26.66% SPREAD:0.07457121% BID:2.682 ASK:2.684 MID:2.683 P1:2.683 P2:2.683 P3:2.683 P4:2.682 STATE:IN_POS
[2026-06-03 00:13:34Z] CHK MOM:-0.01% RANGE:0.11% UP:26.66% SPREAD:0.07457121% BID:2.682 ASK:2.684 MID:2.683 P1:2.683 P2:2.683 P3:2.683 P4:2.682 STATE:IN_POS
[2026-06-03 00:13:35Z] CHK MOM:-0.01% RANGE:0.11% UP:26.66% SPREAD:0.07457121% BID:2.682 ASK:2.684 MID:2.683 P1:2.683 P2:2.683 P3:2.683 P4:2.682 STATE:IN_POS
[2026-06-03 00:13:35Z] CHK MOM:-0.03% RANGE:0.11% UP:23.07% SPREAD:0.0372856% BID:2.682 ASK:2.683 MID:2.6825 P1:2.6825 P2:2.683 P3:2.683 P4:2.683 STATE:IN_POS
[2026-06-03 00:13:37Z] CHK MOM:-0.09% RANGE:0.11% UP:15.38% SPREAD:0.07459903% BID:2.681 ASK:2.683 MID:2.682 P1:2.682 P2:2.6825 P3:2.683 P4:2.683 STATE:IN_POS
[2026-06-03 00:13:37Z] CHK MOM:-0.09% RANGE:0.11% UP:16.66% SPREAD:0.07459903% BID:2.681 ASK:2.683 MID:2.682 P1:2.682 P2:2.682 P3:2.6825 P4:2.683 STATE:IN_POS
[2026-06-03 00:13:38Z] CHK MOM:-0.09% RANGE:0.11% UP:15.38% SPREAD:0.07459903% BID:2.681 ASK:2.683 MID:2.682 P1:2.682 P2:2.682 P3:2.682 P4:2.6825 STATE:IN_POS
[2026-06-03 00:13:38Z] CHK MOM:-0.09% RANGE:0.11% UP:14.28% SPREAD:0.07459903% BID:2.681 ASK:2.683 MID:2.682 P1:2.682 P2:2.682 P3:2.682 P4:2.682 STATE:IN_POS
[2026-06-03 00:13:39Z] CHK MOM:-0.09% RANGE:0.11% UP:13.33% SPREAD:0.07459903% BID:2.681 ASK:2.683 MID:2.682 P1:2.682 P2:2.682 P3:2.682 P4:2.682 STATE:IN_POS
[2026-06-03 00:13:39Z] CHK MOM:-0.09% RANGE:0.11% UP:13.33% SPREAD:0.07459903% BID:2.681 ASK:2.683 MID:2.682 P1:2.682 P2:2.682 P3:2.682 P4:2.682 STATE:IN_POS
[2026-06-03 00:13:41Z] CHK MOM:-0.11% RANGE:0.11% UP:7.69% SPREAD:0.07459903% BID:2.681 ASK:2.683 MID:2.682 P1:2.682 P2:2.682 P3:2.682 P4:2.682 STATE:IN_POS
[2026-06-03 00:13:41Z] CHK MOM:-0.11% RANGE:0.11% UP:7.14% SPREAD:0.07459903% BID:2.681 ASK:2.683 MID:2.682 P1:2.682 P2:2.682 P3:2.682 P4:2.682 STATE:IN_POS
[2026-06-03 00:13:42Z] CHK MOM:-0.11% RANGE:0.11% UP:6.66% SPREAD:0.07459903% BID:2.681 ASK:2.683 MID:2.682 P1:2.682 P2:2.682 P3:2.682 P4:2.682 STATE:IN_POS
[2026-06-03 00:13:42Z] CHK MOM:-0.11% RANGE:0.11% UP:6.66% SPREAD:0.07459903% BID:2.681 ASK:2.683 MID:2.682 P1:2.682 P2:2.682 P3:2.682 P4:2.682 STATE:IN_POS
[2026-06-03 00:13:43Z] CHK MOM:-0.01% RANGE:0.03% UP:7.14% SPREAD:0.07459903% BID:2.681 ASK:2.683 MID:2.682 P1:2.682 P2:2.682 P3:2.682 P4:2.682 STATE:IN_POS
[2026-06-03 00:13:43Z] CHK MOM:-0.01% RANGE:0.05% UP:7.14% SPREAD:0.03729951% BID:2.681 ASK:2.682 MID:2.68149999 P1:2.68149999 P2:2.682 P3:2.682 P4:2.682 STATE:IN_POS
[2026-06-03 00:13:44Z] CHK MOM:-0.01% RANGE:0.05% UP:7.14% SPREAD:0.03729951% BID:2.681 ASK:2.682 MID:2.68149999 P1:2.68149999 P2:2.682 P3:2.682 P4:2.682 STATE:IN_POS
[2026-06-03 00:13:44Z] CHK MOM:-0.01% RANGE:0.05% UP:7.14% SPREAD:0.03729951% BID:2.681 ASK:2.682 MID:2.68149999 P1:2.68149999 P2:2.682 P3:2.682 P4:2.682 STATE:IN_POS
[2026-06-03 00:13:45Z] SELL symbol=NEARUSDC qty=3.7 exit=2.681 pnl=0.002383 reason=TIME profile=major
[2026-06-03 00:13:45Z] TOKEN_SWITCH old=NEARUSDC new=XLMUSDC source=.service.env
[2026-06-03 00:27:46Z] SESSION_START symbol=NEARUSDC dry_run=0 profile=major strategy=momentum base_url=https://api.binance.com
[2026-06-03 00:27:46Z] TOXIC_MEMORY_LOADED count=1 symbols=ORDIUSDC
[2026-06-03 00:27:48Z] CHK MOM:0% RANGE:0% UP:0% SPREAD:0.03681885% BID:2.716 ASK:2.717 MID:2.7165 P1:2.7165 P2:NA P3:NA P4:NA STATE:IDLE
[2026-06-03 00:27:48Z] CHK MOM:0.03% RANGE:0.03% UP:100% SPREAD:0.03680529% BID:2.717 ASK:2.718 MID:2.7175 P1:2.7175 P2:2.7165 P3:NA P4:NA STATE:IDLE
[2026-06-03 00:27:49Z] CHK MOM:0.01% RANGE:0.03% UP:50% SPREAD:0.0736377% BID:2.716 ASK:2.718 MID:2.717 P1:2.717 P2:2.7175 P3:2.7165 P4:NA STATE:IDLE
[2026-06-03 00:27:49Z] CHK MOM:0.03% RANGE:0.03% UP:66.66% SPREAD:0.03680529% BID:2.717 ASK:2.718 MID:2.7175 P1:2.7175 P2:2.717 P3:2.7175 P4:2.7165 STATE:IDLE
[2026-06-03 00:27:50Z] CHK MOM:0.01% RANGE:0.03% UP:50% SPREAD:0.0736377% BID:2.716 ASK:2.718 MID:2.717 P1:2.717 P2:2.7175 P3:2.717 P4:2.7175 STATE:IDLE
[2026-06-03 00:27:50Z] CHK MOM:0.01% RANGE:0.03% UP:40% SPREAD:0.0736377% BID:2.716 ASK:2.718 MID:2.717 P1:2.717 P2:2.717 P3:2.7175 P4:2.717 STATE:IDLE
[2026-06-03 00:27:51Z] CHK MOM:0.01% RANGE:0.03% UP:33.33% SPREAD:0.0736377% BID:2.716 ASK:2.718 MID:2.717 P1:2.717 P2:2.717 P3:2.717 P4:2.7175 STATE:IDLE
[2026-06-03 00:27:51Z] CHK MOM:0.01% RANGE:0.03% UP:28.57% SPREAD:0.0736377% BID:2.716 ASK:2.718 MID:2.717 P1:2.717 P2:2.717 P3:2.717 P4:2.717 STATE:IDLE
[2026-06-03 00:27:52Z] CHK MOM:0.05% RANGE:0.05% UP:37.5% SPREAD:0.07361059% BID:2.717 ASK:2.719 MID:2.718 P1:2.718 P2:2.717 P3:2.717 P4:2.717 STATE:IDLE
[2026-06-03 00:27:52Z] CHK MOM:0.05% RANGE:0.05% UP:33.33% SPREAD:0.07361059% BID:2.717 ASK:2.719 MID:2.718 P1:2.718 P2:2.718 P3:2.717 P4:2.717 STATE:IDLE
[2026-06-03 00:27:54Z] CHK MOM:0.07% RANGE:0.07% UP:40% SPREAD:0.03679175% BID:2.718 ASK:2.719 MID:2.71849999 P1:2.71849999 P2:2.718 P3:2.718 P4:2.717 STATE:IDLE
[2026-06-03 00:27:54Z] CHK MOM:0.05% RANGE:0.07% UP:36.36% SPREAD:0.07361059% BID:2.717 ASK:2.719 MID:2.718 P1:2.718 P2:2.71849999 P3:2.718 P4:2.718 STATE:IDLE
[2026-06-03 00:27:55Z] CHK MOM:0.03% RANGE:0.07% UP:33.33% SPREAD:0.03680529% BID:2.717 ASK:2.718 MID:2.7175 P1:2.7175 P2:2.718 P3:2.71849999 P4:2.718 STATE:IDLE
[2026-06-03 00:27:55Z] CHK MOM:0.03% RANGE:0.07% UP:30.76% SPREAD:0.03680529% BID:2.717 ASK:2.718 MID:2.7175 P1:2.7175 P2:2.7175 P3:2.718 P4:2.71849999 STATE:IDLE
[2026-06-03 00:27:56Z] CHK MOM:0.01% RANGE:0.07% UP:28.57% SPREAD:0.0736377% BID:2.716 ASK:2.718 MID:2.717 P1:2.717 P2:2.7175 P3:2.7175 P4:2.718 STATE:IDLE
[2026-06-03 00:27:56Z] CHK MOM:0.07% RANGE:0.07% UP:33.33% SPREAD:0.03679175% BID:2.718 ASK:2.719 MID:2.71849999 P1:2.71849999 P2:2.717 P3:2.7175 P4:2.7175 STATE:IDLE
[2026-06-03 00:27:57Z] CHK MOM:0.07% RANGE:0.07% UP:31.25% SPREAD:0.03679175% BID:2.718 ASK:2.719 MID:2.71849999 P1:2.71849999 P2:2.71849999 P3:2.717 P4:2.7175 STATE:IDLE
[2026-06-03 00:27:57Z] CHK MOM:0.07% RANGE:0.07% UP:29.41% SPREAD:0.03679175% BID:2.718 ASK:2.719 MID:2.71849999 P1:2.71849999 P2:2.71849999 P3:2.71849999 P4:2.717 STATE:IDLE
[2026-06-03 00:27:58Z] CHK MOM:0.07% RANGE:0.07% UP:27.77% SPREAD:0.03679175% BID:2.718 ASK:2.719 MID:2.71849999 P1:2.71849999 P2:2.71849999 P3:2.71849999 P4:2.71849999 STATE:IDLE
[2026-06-03 00:27:58Z] CHK MOM:0.07% RANGE:0.07% UP:26.31% SPREAD:0.03679175% BID:2.718 ASK:2.719 MID:2.71849999 P1:2.71849999 P2:2.71849999 P3:2.71849999 P4:2.71849999 STATE:IDLE
[2026-06-03 00:27:59Z] CHK MOM:0.07% RANGE:0.07% UP:25% SPREAD:0.03679175% BID:2.718 ASK:2.719 MID:2.71849999 P1:2.71849999 P2:2.71849999 P3:2.71849999 P4:2.71849999 STATE:IDLE
[2026-06-03 00:28:00Z] CHK MOM:0.05% RANGE:0.07% UP:25% SPREAD:0.07358351% BID:2.718 ASK:2.72 MID:2.719 P1:2.719 P2:2.71849999 P3:2.71849999 P4:2.71849999 STATE:IDLE
[2026-06-03 00:28:00Z] CHK MOM:0.09% RANGE:0.09% UP:30% SPREAD:0.03677822% BID:2.719 ASK:2.72 MID:2.7195 P1:2.7195 P2:2.719 P3:2.71849999 P4:2.71849999 STATE:IDLE
[2026-06-03 00:28:01Z] CHK MOM:0.09% RANGE:0.09% UP:28.57% SPREAD:0.03677822% BID:2.719 ASK:2.72 MID:2.7195 P1:2.7195 P2:2.7195 P3:2.719 P4:2.71849999 STATE:IDLE
[2026-06-03 00:28:01Z] CHK MOM:0.09% RANGE:0.09% UP:25% SPREAD:0.03677822% BID:2.719 ASK:2.72 MID:2.7195 P1:2.7195 P2:2.7195 P3:2.7195 P4:2.719 STATE:IDLE
[2026-06-03 00:28:02Z] CHK MOM:0.09% RANGE:0.09% UP:23.8% SPREAD:0.03677822% BID:2.719 ASK:2.72 MID:2.7195 P1:2.7195 P2:2.7195 P3:2.7195 P4:2.7195 STATE:IDLE
[2026-06-03 00:28:02Z] CHK MOM:0.09% RANGE:0.09% UP:23.8% SPREAD:0.03677822% BID:2.719 ASK:2.72 MID:2.7195 P1:2.7195 P2:2.7195 P3:2.7195 P4:2.7195 STATE:IDLE
[2026-06-03 00:28:03Z] CHK MOM:0.09% RANGE:0.09% UP:23.8% SPREAD:0.03677822% BID:2.719 ASK:2.72 MID:2.7195 P1:2.7195 P2:2.7195 P3:2.7195 P4:2.7195 STATE:IDLE
[2026-06-03 00:28:03Z] CHK MOM:0.05% RANGE:0.09% UP:21.05% SPREAD:0.03677822% BID:2.719 ASK:2.72 MID:2.7195 P1:2.7195 P2:2.7195 P3:2.7195 P4:2.7195 STATE:IDLE
[2026-06-03 00:28:04Z] CHK MOM:0.09% RANGE:0.12% UP:26.31% SPREAD:0.0367647% BID:2.72 ASK:2.721 MID:2.7205 P1:2.7205 P2:2.7195 P3:2.7195 P4:2.7195 STATE:IDLE
[2026-06-03 00:28:05Z] CHK MOM:0.16% RANGE:0.2% UP:27.77% SPREAD:0.03673769% BID:2.722 ASK:2.723 MID:2.7225 P1:2.7225 P2:2.7205 P3:2.7195 P4:2.7195 STATE:IDLE
[2026-06-03 00:28:05Z] CHK MOM:0.01% RANGE:0.2% UP:27.77% SPREAD:0.07361059% BID:2.717 ASK:2.719 MID:2.718 P1:2.718 P2:2.7225 P3:2.7205 P4:2.7195 STATE:IDLE
[2026-06-03 00:28:06Z] CHK MOM:-0.03% RANGE:0.22% UP:26.31% SPREAD:0.03681885% BID:2.716 ASK:2.717 MID:2.7165 P1:2.7165 P2:2.718 P3:2.7225 P4:2.7205 STATE:IDLE
[2026-06-03 00:28:06Z] CHK MOM:0% RANGE:0.22% UP:31.57% SPREAD:0.03680529% BID:2.717 ASK:2.718 MID:2.7175 P1:2.7175 P2:2.7165 P3:2.718 P4:2.7225 STATE:IDLE
[2026-06-03 00:28:07Z] CHK MOM:-0.03% RANGE:0.22% UP:30% SPREAD:0.03681885% BID:2.716 ASK:2.717 MID:2.7165 P1:2.7165 P2:2.7175 P3:2.7165 P4:2.718 STATE:IDLE
[2026-06-03 00:28:07Z] CHK MOM:-0.01% RANGE:0.22% UP:30% SPREAD:0.03681885% BID:2.716 ASK:2.717 MID:2.7165 P1:2.7165 P2:2.7165 P3:2.7175 P4:2.7165 STATE:IDLE
[2026-06-03 00:28:08Z] CHK MOM:-0.09% RANGE:0.23% UP:25% SPREAD:0.07366482% BID:2.715 ASK:2.717 MID:2.716 P1:2.716 P2:2.7165 P3:2.7165 P4:2.7175 STATE:IDLE
[2026-06-03 00:28:08Z] CHK MOM:-0.14% RANGE:0.29% UP:26.31% SPREAD:0.03684598% BID:2.714 ASK:2.715 MID:2.7145 P1:2.7145 P2:2.716 P3:2.7165 P4:2.7165 STATE:IDLE
[2026-06-03 00:28:09Z] CHK MOM:-0.12% RANGE:0.29% UP:30% SPREAD:0.07369196% BID:2.714 ASK:2.716 MID:2.715 P1:2.715 P2:2.7145 P3:2.716 P4:2.7165 STATE:IDLE
[2026-06-03 00:28:10Z] CHK MOM:-0.31% RANGE:0.46% UP:33.33% SPREAD:0.07382798% BID:2.709 ASK:2.711 MID:2.71 P1:2.71 P2:2.715 P3:2.7145 P4:2.716 STATE:IDLE
[2026-06-03 00:28:10Z] CHK MOM:-0.33% RANGE:0.47% UP:31.57% SPREAD:0.03691399% BID:2.709 ASK:2.71 MID:2.7095 P1:2.7095 P2:2.71 P3:2.715 P4:2.7145 STATE:IDLE
[2026-06-03 00:28:11Z] CHK MOM:-0.31% RANGE:0.47% UP:35% SPREAD:0.07382798% BID:2.709 ASK:2.711 MID:2.71 P1:2.71 P2:2.7095 P3:2.71 P4:2.715 STATE:IDLE
[2026-06-03 00:28:11Z] CHK MOM:-0.12% RANGE:0.47% UP:31.57% SPREAD:0.07366482% BID:2.715 ASK:2.717 MID:2.716 P1:2.716 P2:2.71 P3:2.7095 P4:2.71 STATE:IDLE
[2026-06-03 00:28:12Z] CHK MOM:-0.12% RANGE:0.47% UP:30% SPREAD:0.07366482% BID:2.715 ASK:2.717 MID:2.716 P1:2.716 P2:2.716 P3:2.71 P4:2.7095 STATE:IDLE
[2026-06-03 00:28:12Z] CHK MOM:-0.16% RANGE:0.47% UP:31.57% SPREAD:0.07369196% BID:2.714 ASK:2.716 MID:2.715 P1:2.715 P2:2.716 P3:2.716 P4:2.71 STATE:IDLE
[2026-06-03 00:28:13Z] CHK MOM:-0.16% RANGE:0.47% UP:30% SPREAD:0.07369196% BID:2.714 ASK:2.716 MID:2.715 P1:2.715 P2:2.715 P3:2.716 P4:2.716 STATE:IDLE
[2026-06-03 00:28:13Z] CHK MOM:-0.34% RANGE:0.47% UP:31.57% SPREAD:0.07382798% BID:2.709 ASK:2.711 MID:2.71 P1:2.71 P2:2.715 P3:2.715 P4:2.716 STATE:IDLE
[2026-06-03 00:28:14Z] CHK MOM:-0.34% RANGE:0.47% UP:30% SPREAD:0.07382798% BID:2.709 ASK:2.711 MID:2.71 P1:2.71 P2:2.71 P3:2.715 P4:2.715 STATE:IDLE
[2026-06-03 00:28:15Z] CHK MOM:-0.38% RANGE:0.49% UP:30% SPREAD:0.07385524% BID:2.708 ASK:2.71 MID:2.709 P1:2.709 P2:2.71 P3:2.71 P4:2.715 STATE:IDLE
[2026-06-03 00:28:15Z] CHK MOM:-0.38% RANGE:0.49% UP:28.57% SPREAD:0.07385524% BID:2.708 ASK:2.71 MID:2.709 P1:2.709 P2:2.709 P3:2.71 P4:2.71 STATE:IDLE
[2026-06-03 00:28:16Z] CHK MOM:-0.49% RANGE:0.49% UP:20% SPREAD:0.07385524% BID:2.708 ASK:2.71 MID:2.709 P1:2.709 P2:2.709 P3:2.709 P4:2.71 STATE:IDLE
[2026-06-03 00:28:16Z] CHK MOM:-0.47% RANGE:0.49% UP:23.8% SPREAD:0.03691399% BID:2.709 ASK:2.71 MID:2.7095 P1:2.7095 P2:2.709 P3:2.709 P4:2.709 STATE:IDLE
[2026-06-03 00:28:17Z] CHK MOM:-0.47% RANGE:0.49% UP:22.72% SPREAD:0.03691399% BID:2.709 ASK:2.71 MID:2.7095 P1:2.7095 P2:2.7095 P3:2.709 P4:2.709 STATE:IDLE
[2026-06-03 00:28:17Z] CHK MOM:-0.33% RANGE:0.33% UP:22.72% SPREAD:0.07385524% BID:2.708 ASK:2.71 MID:2.709 P1:2.709 P2:2.7095 P3:2.7095 P4:2.709 STATE:IDLE
[2026-06-03 00:28:18Z] CHK MOM:-0.29% RANGE:0.33% UP:22.72% SPREAD:0.03692762% BID:2.708 ASK:2.709 MID:2.7085 P1:2.7085 P2:2.709 P3:2.7095 P4:2.7095 STATE:IDLE
[2026-06-03 00:28:18Z] CHK MOM:-0.34% RANGE:0.35% UP:18.18% SPREAD:0.07388252% BID:2.707 ASK:2.709 MID:2.708 P1:2.708 P2:2.7085 P3:2.709 P4:2.7095 STATE:IDLE
[2026-06-03 00:28:19Z] CHK MOM:-0.29% RANGE:0.31% UP:23.8% SPREAD:0.03692762% BID:2.708 ASK:2.709 MID:2.7085 P1:2.7085 P2:2.708 P3:2.7085 P4:2.709 STATE:IDLE
[2026-06-03 00:28:19Z] CHK MOM:-0.29% RANGE:0.29% UP:23.8% SPREAD:0.07388252% BID:2.707 ASK:2.709 MID:2.708 P1:2.708 P2:2.7085 P3:2.708 P4:2.7085 STATE:IDLE
[2026-06-03 00:28:20Z] CHK MOM:-0.29% RANGE:0.29% UP:22.72% SPREAD:0.07388252% BID:2.707 ASK:2.709 MID:2.708 P1:2.708 P2:2.708 P3:2.7085 P4:2.708 STATE:IDLE
[2026-06-03 00:28:21Z] CHK MOM:-0.22% RANGE:0.29% UP:27.27% SPREAD:0.03692762% BID:2.708 ASK:2.709 MID:2.7085 P1:2.7085 P2:2.708 P3:2.708 P4:2.7085 STATE:IDLE
[2026-06-03 00:28:21Z] CHK MOM:-0.07% RANGE:0.29% UP:23.8% SPREAD:0.07388252% BID:2.707 ASK:2.709 MID:2.708 P1:2.708 P2:2.7085 P3:2.708 P4:2.708 STATE:IDLE
[2026-06-03 00:28:22Z] CHK MOM:-0.07% RANGE:0.29% UP:22.72% SPREAD:0.07388252% BID:2.707 ASK:2.709 MID:2.708 P1:2.708 P2:2.708 P3:2.7085 P4:2.708 STATE:IDLE
[2026-06-03 00:28:22Z] CHK MOM:-0.03% RANGE:0.29% UP:27.27% SPREAD:0.03692762% BID:2.708 ASK:2.709 MID:2.7085 P1:2.7085 P2:2.708 P3:2.708 P4:2.7085 STATE:IDLE
[2026-06-03 00:28:23Z] CHK MOM:-0.05% RANGE:0.29% UP:22.72% SPREAD:0.03692762% BID:2.708 ASK:2.709 MID:2.7085 P1:2.7085 P2:2.7085 P3:2.708 P4:2.708 STATE:IDLE
[2026-06-03 00:28:23Z] CHK MOM:-0.34% RANGE:0.35% UP:18.18% SPREAD:0.03695491% BID:2.706 ASK:2.707 MID:2.7065 P1:2.7065 P2:2.7085 P3:2.7085 P4:2.708 STATE:IDLE
[2026-06-03 00:28:24Z] CHK MOM:-0.38% RANGE:0.38% UP:19.04% SPREAD:0.03698224% BID:2.704 ASK:2.705 MID:2.7045 P1:2.7045 P2:2.7065 P3:2.7085 P4:2.7085 STATE:IDLE
[2026-06-03 00:28:24Z] CHK MOM:-0.38% RANGE:0.38% UP:18.18% SPREAD:0.03698224% BID:2.704 ASK:2.705 MID:2.7045 P1:2.7045 P2:2.7045 P3:2.7065 P4:2.7085 STATE:IDLE
[2026-06-03 00:28:25Z] CHK MOM:-0.38% RANGE:0.38% UP:18.18% SPREAD:0.03698224% BID:2.704 ASK:2.705 MID:2.7045 P1:2.7045 P2:2.7045 P3:2.7045 P4:2.7065 STATE:IDLE
[2026-06-03 00:28:26Z] CHK MOM:-0.18% RANGE:0.2% UP:23.8% SPREAD:0.07396449% BID:2.704 ASK:2.706 MID:2.705 P1:2.705 P2:2.7045 P3:2.7045 P4:2.7045 STATE:IDLE
[2026-06-03 00:28:26Z] CHK MOM:-0.14% RANGE:0.18% UP:23.8% SPREAD:0.07396449% BID:2.704 ASK:2.706 MID:2.705 P1:2.705 P2:2.705 P3:2.7045 P4:2.7045 STATE:IDLE
[2026-06-03 00:28:27Z] CHK MOM:-0.14% RANGE:0.18% UP:25% SPREAD:0.07396449% BID:2.704 ASK:2.706 MID:2.705 P1:2.705 P2:2.705 P3:2.705 P4:2.7045 STATE:IDLE
[2026-06-03 00:28:27Z] CHK MOM:-0.14% RANGE:0.18% UP:23.8% SPREAD:0.07396449% BID:2.704 ASK:2.706 MID:2.705 P1:2.705 P2:2.705 P3:2.705 P4:2.705 STATE:IDLE
[2026-06-03 00:28:28Z] CHK MOM:-0.07% RANGE:0.18% UP:27.27% SPREAD:0.07390983% BID:2.706 ASK:2.708 MID:2.707 P1:2.707 P2:2.705 P3:2.705 P4:2.705 STATE:IDLE
[2026-06-03 00:28:28Z] CHK MOM:-0.05% RANGE:0.18% UP:27.27% SPREAD:0.07388252% BID:2.707 ASK:2.709 MID:2.708 P1:2.708 P2:2.707 P3:2.705 P4:2.705 STATE:IDLE
[2026-06-03 00:28:29Z] CHK MOM:-0.09% RANGE:0.18% UP:27.27% SPREAD:0.07390983% BID:2.706 ASK:2.708 MID:2.707 P1:2.707 P2:2.708 P3:2.707 P4:2.705 STATE:IDLE
[2026-06-03 00:28:29Z] CHK MOM:-0.07% RANGE:0.16% UP:27.27% SPREAD:0.07390983% BID:2.706 ASK:2.708 MID:2.707 P1:2.707 P2:2.707 P3:2.708 P4:2.707 STATE:IDLE
[2026-06-03 00:28:30Z] CHK MOM:-0.07% RANGE:0.16% UP:27.27% SPREAD:0.07390983% BID:2.706 ASK:2.708 MID:2.707 P1:2.707 P2:2.707 P3:2.708 P4:2.707 STATE:IDLE
[2026-06-03 00:28:30Z] CHK MOM:-0.03% RANGE:0.14% UP:28.57% SPREAD:0.07390983% BID:2.706 ASK:2.708 MID:2.707 P1:2.707 P2:2.707 P3:2.707 P4:2.708 STATE:IDLE
[2026-06-03 00:28:31Z] CHK MOM:-0.03% RANGE:0.14% UP:28.57% SPREAD:0.07390983% BID:2.706 ASK:2.708 MID:2.707 P1:2.707 P2:2.707 P3:2.707 P4:2.708 STATE:IDLE
[2026-06-03 00:28:32Z] CHK MOM:-0.22% RANGE:0.22% UP:22.22% SPREAD:0.03700962% BID:2.702 ASK:2.703 MID:2.70249999 P1:2.70249999 P2:2.707 P3:2.707 P4:2.707 STATE:IDLE
[2026-06-03 00:28:32Z] CHK MOM:-0.18% RANGE:0.22% UP:26.31% SPREAD:0.03699593% BID:2.703 ASK:2.704 MID:2.7035 P1:2.7035 P2:2.70249999 P3:2.707 P4:2.707 STATE:IDLE
[2026-06-03 00:28:33Z] CHK MOM:-0.2% RANGE:0.22% UP:26.31% SPREAD:0.03700962% BID:2.702 ASK:2.703 MID:2.70249999 P1:2.70249999 P2:2.7035 P3:2.70249999 P4:2.707 STATE:IDLE
[2026-06-03 00:28:33Z] CHK MOM:-0.2% RANGE:0.22% UP:25% SPREAD:0.03700962% BID:2.702 ASK:2.703 MID:2.70249999 P1:2.70249999 P2:2.70249999 P3:2.7035 P4:2.70249999 STATE:IDLE
[2026-06-03 00:28:34Z] CHK MOM:-0.2% RANGE:0.22% UP:26.31% SPREAD:0.07401924% BID:2.702 ASK:2.704 MID:2.703 P1:2.703 P2:2.70249999 P3:2.70249999 P4:2.7035 STATE:IDLE
[2026-06-03 00:28:34Z] CHK MOM:-0.22% RANGE:0.22% UP:25% SPREAD:0.03700962% BID:2.702 ASK:2.703 MID:2.70249999 P1:2.70249999 P2:2.703 P3:2.70249999 P4:2.70249999 STATE:IDLE
[2026-06-03 00:28:35Z] CHK MOM:-0.14% RANGE:0.2% UP:26.31% SPREAD:0.03700962% BID:2.702 ASK:2.703 MID:2.70249999 P1:2.70249999 P2:2.70249999 P3:2.703 P4:2.70249999 STATE:IDLE
[2026-06-03 00:28:35Z] CHK MOM:-0.14% RANGE:0.2% UP:25% SPREAD:0.03700962% BID:2.702 ASK:2.703 MID:2.70249999 P1:2.70249999 P2:2.70249999 P3:2.70249999 P4:2.703 STATE:IDLE
[2026-06-03 00:28:36Z] CHK MOM:-0.01% RANGE:0.2% UP:30% SPREAD:0.07399186% BID:2.703 ASK:2.705 MID:2.70399999 P1:2.70399999 P2:2.70249999 P3:2.70249999 P4:2.70249999 STATE:IDLE
[2026-06-03 00:28:37Z] CHK MOM:-0.03% RANGE:0.2% UP:31.57% SPREAD:0.03699593% BID:2.703 ASK:2.704 MID:2.7035 P1:2.7035 P2:2.70399999 P3:2.70249999 P4:2.70249999 STATE:IDLE
[2026-06-03 00:28:37Z] CHK MOM:-0.03% RANGE:0.2% UP:31.57% SPREAD:0.07399186% BID:2.703 ASK:2.705 MID:2.70399999 P1:2.70399999 P2:2.7035 P3:2.70399999 P4:2.70249999 STATE:IDLE
[2026-06-03 00:28:38Z] CHK MOM:-0.03% RANGE:0.2% UP:31.57% SPREAD:0.07399186% BID:2.703 ASK:2.705 MID:2.70399999 P1:2.70399999 P2:2.7035 P3:2.70399999 P4:2.70249999 STATE:IDLE
[2026-06-03 00:28:38Z] CHK MOM:-0.05% RANGE:0.2% UP:31.57% SPREAD:0.03699593% BID:2.703 ASK:2.704 MID:2.7035 P1:2.7035 P2:2.70399999 P3:2.7035 P4:2.70399999 STATE:IDLE
[2026-06-03 00:28:39Z] CHK MOM:-0.05% RANGE:0.2% UP:31.57% SPREAD:0.03699593% BID:2.703 ASK:2.704 MID:2.7035 P1:2.7035 P2:2.7035 P3:2.70399999 P4:2.7035 STATE:IDLE
[2026-06-03 00:28:39Z] CHK MOM:-0.05% RANGE:0.2% UP:31.57% SPREAD:0.03699593% BID:2.703 ASK:2.704 MID:2.7035 P1:2.7035 P2:2.7035 P3:2.70399999 P4:2.7035 STATE:IDLE
[2026-06-03 00:28:40Z] CHK MOM:-0.05% RANGE:0.2% UP:31.57% SPREAD:0.03699593% BID:2.703 ASK:2.704 MID:2.7035 P1:2.7035 P2:2.7035 P3:2.70399999 P4:2.7035 STATE:IDLE
[2026-06-03 00:28:40Z] CHK MOM:-0.16% RANGE:0.2% UP:23.52% SPREAD:0.03699593% BID:2.703 ASK:2.704 MID:2.7035 P1:2.7035 P2:2.7035 P3:2.7035 P4:2.70399999 STATE:IDLE
[2026-06-03 00:28:41Z] CHK MOM:-0.12% RANGE:0.16% UP:25% SPREAD:0.03699593% BID:2.703 ASK:2.704 MID:2.7035 P1:2.7035 P2:2.7035 P3:2.7035 P4:2.7035 STATE:IDLE
[2026-06-03 00:28:41Z] CHK MOM:-0.2% RANGE:0.2% UP:25% SPREAD:0.03702332% BID:2.701 ASK:2.702 MID:2.7015 P1:2.7015 P2:2.7035 P3:2.7035 P4:2.7035 STATE:IDLE
[2026-06-03 00:28:42Z] CHK MOM:-0.2% RANGE:0.2% UP:23.52% SPREAD:0.03702332% BID:2.701 ASK:2.702 MID:2.7015 P1:2.7015 P2:2.7015 P3:2.7035 P4:2.7035 STATE:IDLE
[2026-06-03 00:28:43Z] CHK MOM:-0.03% RANGE:0.09% UP:23.52% SPREAD:0.03702332% BID:2.701 ASK:2.702 MID:2.7015 P1:2.7015 P2:2.7015 P3:2.7015 P4:2.7035 STATE:IDLE
[2026-06-03 00:28:43Z] CHK MOM:-0.03% RANGE:0.09% UP:22.22% SPREAD:0.03702332% BID:2.701 ASK:2.702 MID:2.7015 P1:2.7015 P2:2.7015 P3:2.7015 P4:2.7015 STATE:IDLE
[2026-06-03 00:28:44Z] CHK MOM:-0.03% RANGE:0.09% UP:21.05% SPREAD:0.03702332% BID:2.701 ASK:2.702 MID:2.7015 P1:2.7015 P2:2.7015 P3:2.7015 P4:2.7015 STATE:IDLE
[2026-06-03 00:28:44Z] CHK MOM:0.01% RANGE:0.09% UP:21.05% SPREAD:0.07399186% BID:2.703 ASK:2.705 MID:2.70399999 P1:2.70399999 P2:2.7015 P3:2.7015 P4:2.7015 STATE:IDLE
[2026-06-03 00:28:45Z] CHK MOM:0.05% RANGE:0.09% UP:22.22% SPREAD:0.07399186% BID:2.703 ASK:2.705 MID:2.70399999 P1:2.70399999 P2:2.70399999 P3:2.7015 P4:2.7015 STATE:IDLE
[2026-06-03 00:28:45Z] CHK MOM:0.03% RANGE:0.09% UP:21.05% SPREAD:0.03699593% BID:2.703 ASK:2.704 MID:2.7035 P1:2.7035 P2:2.70399999 P3:2.70399999 P4:2.7015 STATE:IDLE
[2026-06-03 00:28:46Z] CHK MOM:0.05% RANGE:0.09% UP:22.22% SPREAD:0.07399186% BID:2.703 ASK:2.705 MID:2.70399999 P1:2.70399999 P2:2.7035 P3:2.70399999 P4:2.70399999 STATE:IDLE
[2026-06-03 00:28:46Z] CHK MOM:0.03% RANGE:0.09% UP:21.05% SPREAD:0.03699593% BID:2.703 ASK:2.704 MID:2.7035 P1:2.7035 P2:2.70399999 P3:2.7035 P4:2.70399999 STATE:IDLE
[2026-06-03 00:28:47Z] CHK MOM:0.03% RANGE:0.09% UP:21.05% SPREAD:0.03699593% BID:2.703 ASK:2.704 MID:2.7035 P1:2.7035 P2:2.70399999 P3:2.7035 P4:2.70399999 STATE:IDLE
[2026-06-03 00:28:48Z] CHK MOM:0.03% RANGE:0.09% UP:21.05% SPREAD:0.03699593% BID:2.703 ASK:2.704 MID:2.7035 P1:2.7035 P2:2.70399999 P3:2.7035 P4:2.70399999 STATE:IDLE
[2026-06-03 00:28:48Z] CHK MOM:0.03% RANGE:0.11% UP:25% SPREAD:0.03698224% BID:2.704 ASK:2.705 MID:2.7045 P1:2.7045 P2:2.7035 P3:2.70399999 P4:2.7035 STATE:IDLE
[2026-06-03 00:28:49Z] CHK MOM:0.03% RANGE:0.12% UP:25% SPREAD:0.07396449% BID:2.704 ASK:2.706 MID:2.705 P1:2.705 P2:2.7045 P3:2.7035 P4:2.70399999 STATE:IDLE
[2026-06-03 00:28:49Z] CHK MOM:0.01% RANGE:0.12% UP:23.52% SPREAD:0.03698224% BID:2.704 ASK:2.705 MID:2.7045 P1:2.7045 P2:2.705 P3:2.7045 P4:2.7035 STATE:IDLE
[2026-06-03 00:28:50Z] CHK MOM:0.03% RANGE:0.12% UP:23.52% SPREAD:0.03698224% BID:2.704 ASK:2.705 MID:2.7045 P1:2.7045 P2:2.7045 P3:2.705 P4:2.7045 STATE:IDLE
[2026-06-03 00:28:50Z] CHK MOM:0.05% RANGE:0.12% UP:29.41% SPREAD:0.07396449% BID:2.704 ASK:2.706 MID:2.705 P1:2.705 P2:2.7045 P3:2.7045 P4:2.705 STATE:IDLE
[2026-06-03 00:28:51Z] CHK MOM:0.05% RANGE:0.12% UP:27.77% SPREAD:0.07396449% BID:2.704 ASK:2.706 MID:2.705 P1:2.705 P2:2.705 P3:2.7045 P4:2.7045 STATE:IDLE
[2026-06-03 00:28:51Z] CHK MOM:0.05% RANGE:0.12% UP:27.77% SPREAD:0.07396449% BID:2.704 ASK:2.706 MID:2.705 P1:2.705 P2:2.705 P3:2.705 P4:2.7045 STATE:IDLE
[2026-06-03 00:28:52Z] CHK MOM:0.09% RANGE:0.16% UP:31.57% SPREAD:0.07393715% BID:2.705 ASK:2.707 MID:2.706 P1:2.706 P2:2.705 P3:2.705 P4:2.705 STATE:IDLE
[2026-06-03 00:28:52Z] CHK MOM:0.11% RANGE:0.18% UP:36.84% SPREAD:0.03695491% BID:2.706 ASK:2.707 MID:2.7065 P1:2.7065 P2:2.706 P3:2.705 P4:2.705 STATE:IDLE
[2026-06-03 00:28:53Z] CHK MOM:0.11% RANGE:0.18% UP:35% SPREAD:0.03695491% BID:2.706 ASK:2.707 MID:2.7065 P1:2.7065 P2:2.7065 P3:2.706 P4:2.705 STATE:IDLE
[2026-06-03 00:28:54Z] CHK MOM:0.18% RANGE:0.18% UP:36.84% SPREAD:0.03695491% BID:2.706 ASK:2.707 MID:2.7065 P1:2.7065 P2:2.7065 P3:2.7065 P4:2.706 STATE:IDLE
[2026-06-03 00:28:54Z] CHK MOM:0.2% RANGE:0.2% UP:42.1% SPREAD:0.07390983% BID:2.706 ASK:2.708 MID:2.707 P1:2.707 P2:2.7065 P3:2.7065 P4:2.7065 STATE:IDLE
[2026-06-03 00:28:55Z] CHK MOM:0.14% RANGE:0.2% UP:40% SPREAD:0.03696857% BID:2.705 ASK:2.706 MID:2.7055 P1:2.7055 P2:2.707 P3:2.7065 P4:2.7065 STATE:IDLE
[2026-06-03 00:28:55Z] CHK MOM:0.14% RANGE:0.2% UP:42.1% SPREAD:0.03696857% BID:2.705 ASK:2.706 MID:2.7055 P1:2.7055 P2:2.7055 P3:2.707 P4:2.7065 STATE:IDLE
[2026-06-03 00:28:56Z] CHK MOM:0.14% RANGE:0.2% UP:40% SPREAD:0.03696857% BID:2.705 ASK:2.706 MID:2.7055 P1:2.7055 P2:2.7055 P3:2.7055 P4:2.707 STATE:IDLE
[2026-06-03 00:28:56Z] CHK MOM:0.05% RANGE:0.12% UP:35% SPREAD:0.03696857% BID:2.705 ASK:2.706 MID:2.7055 P1:2.7055 P2:2.7055 P3:2.7055 P4:2.7055 STATE:IDLE
[2026-06-03 00:28:57Z] CHK MOM:-0.01% RANGE:0.12% UP:35% SPREAD:0.03699593% BID:2.703 ASK:2.704 MID:2.7035 P1:2.7035 P2:2.7055 P3:2.7055 P4:2.7055 STATE:IDLE
[2026-06-03 00:28:57Z] CHK MOM:0.01% RANGE:0.12% UP:40% SPREAD:0.07399186% BID:2.703 ASK:2.705 MID:2.70399999 P1:2.70399999 P2:2.7035 P3:2.7055 P4:2.7055 STATE:IDLE
[2026-06-03 00:28:58Z] CHK MOM:0% RANGE:0.12% UP:35% SPREAD:0.07399186% BID:2.703 ASK:2.705 MID:2.70399999 P1:2.70399999 P2:2.70399999 P3:2.7035 P4:2.7055 STATE:IDLE
[2026-06-03 00:28:59Z] CHK MOM:0% RANGE:0.12% UP:35% SPREAD:0.03699593% BID:2.703 ASK:2.704 MID:2.7035 P1:2.7035 P2:2.70399999 P3:2.70399999 P4:2.7035 STATE:IDLE
[2026-06-03 00:28:59Z] CHK MOM:-0.01% RANGE:0.12% UP:35% SPREAD:0.07399186% BID:2.703 ASK:2.705 MID:2.70399999 P1:2.70399999 P2:2.7035 P3:2.70399999 P4:2.70399999 STATE:IDLE
[2026-06-03 00:29:00Z] CHK MOM:-0.01% RANGE:0.12% UP:35% SPREAD:0.07399186% BID:2.703 ASK:2.705 MID:2.70399999 P1:2.70399999 P2:2.7035 P3:2.70399999 P4:2.70399999 STATE:IDLE
[2026-06-03 00:29:00Z] CHK MOM:0% RANGE:0.12% UP:35% SPREAD:0.07396449% BID:2.704 ASK:2.706 MID:2.705 P1:2.705 P2:2.70399999 P3:2.7035 P4:2.70399999 STATE:IDLE
[2026-06-03 00:29:01Z] CHK MOM:0.05% RANGE:0.12% UP:40% SPREAD:0.07393715% BID:2.705 ASK:2.707 MID:2.706 P1:2.706 P2:2.705 P3:2.70399999 P4:2.7035 STATE:IDLE
[2026-06-03 00:29:01Z] CHK MOM:0.03% RANGE:0.12% UP:40% SPREAD:0.03696857% BID:2.705 ASK:2.706 MID:2.7055 P1:2.7055 P2:2.706 P3:2.705 P4:2.70399999 STATE:IDLE
[2026-06-03 00:29:02Z] CHK MOM:0.03% RANGE:0.12% UP:40% SPREAD:0.07393715% BID:2.705 ASK:2.707 MID:2.706 P1:2.706 P2:2.7055 P3:2.706 P4:2.705 STATE:IDLE
[2026-06-03 00:29:02Z] CHK MOM:0.03% RANGE:0.12% UP:38.09% SPREAD:0.07393715% BID:2.705 ASK:2.707 MID:2.706 P1:2.706 P2:2.706 P3:2.7055 P4:2.706 STATE:IDLE
[2026-06-03 00:29:03Z] CHK MOM:0.01% RANGE:0.12% UP:40% SPREAD:0.03696857% BID:2.705 ASK:2.706 MID:2.7055 P1:2.7055 P2:2.706 P3:2.706 P4:2.7055 STATE:IDLE
[2026-06-03 00:29:03Z] CHK MOM:-0.05% RANGE:0.12% UP:38.09% SPREAD:0.03699593% BID:2.703 ASK:2.704 MID:2.7035 P1:2.7035 P2:2.7055 P3:2.706 P4:2.706 STATE:IDLE
[2026-06-03 00:29:04Z] CHK MOM:-0.01% RANGE:0.12% UP:35% SPREAD:0.07393715% BID:2.705 ASK:2.707 MID:2.706 P1:2.706 P2:2.7035 P3:2.7055 P4:2.706 STATE:IDLE
[2026-06-03 00:29:05Z] CHK MOM:-0.03% RANGE:0.12% UP:33.33% SPREAD:0.03696857% BID:2.705 ASK:2.706 MID:2.7055 P1:2.7055 P2:2.706 P3:2.7035 P4:2.7055 STATE:IDLE
[2026-06-03 00:29:05Z] CHK MOM:-0.01% RANGE:0.12% UP:40% SPREAD:0.07393715% BID:2.705 ASK:2.707 MID:2.706 P1:2.706 P2:2.7055 P3:2.706 P4:2.7035 STATE:IDLE
[2026-06-03 00:29:06Z] CHK MOM:-0.01% RANGE:0.12% UP:38.09% SPREAD:0.07393715% BID:2.705 ASK:2.707 MID:2.706 P1:2.706 P2:2.706 P3:2.7055 P4:2.706 STATE:IDLE
[2026-06-03 00:29:06Z] CHK MOM:0.01% RANGE:0.09% UP:35% SPREAD:0.07393715% BID:2.705 ASK:2.707 MID:2.706 P1:2.706 P2:2.706 P3:2.706 P4:2.7055 STATE:IDLE
[2026-06-03 00:29:07Z] CHK MOM:0.01% RANGE:0.09% UP:35% SPREAD:0.07393715% BID:2.705 ASK:2.707 MID:2.706 P1:2.706 P2:2.706 P3:2.706 P4:2.7055 STATE:IDLE
[2026-06-03 00:29:07Z] CHK MOM:0.01% RANGE:0.09% UP:35% SPREAD:0.07393715% BID:2.705 ASK:2.707 MID:2.706 P1:2.706 P2:2.706 P3:2.706 P4:2.7055 STATE:IDLE
[2026-06-03 00:29:08Z] CHK MOM:0.05% RANGE:0.12% UP:44.44% SPREAD:0.07390983% BID:2.706 ASK:2.708 MID:2.707 P1:2.707 P2:2.706 P3:2.706 P4:2.706 STATE:IDLE
[2026-06-03 00:29:08Z] CHK MOM:0.05% RANGE:0.12% UP:44.44% SPREAD:0.07390983% BID:2.706 ASK:2.708 MID:2.707 P1:2.707 P2:2.706 P3:2.706 P4:2.706 STATE:IDLE
[2026-06-03 00:29:09Z] CHK MOM:0.11% RANGE:0.12% UP:41.17% SPREAD:0.07390983% BID:2.706 ASK:2.708 MID:2.707 P1:2.707 P2:2.707 P3:2.706 P4:2.706 STATE:IDLE
[2026-06-03 00:29:10Z] CHK MOM:0.12% RANGE:0.12% UP:43.75% SPREAD:0.07390983% BID:2.706 ASK:2.708 MID:2.707 P1:2.707 P2:2.707 P3:2.707 P4:2.706 STATE:IDLE
[2026-06-03 00:29:10Z] CHK MOM:0.12% RANGE:0.12% UP:43.75% SPREAD:0.07390983% BID:2.706 ASK:2.708 MID:2.707 P1:2.707 P2:2.707 P3:2.707 P4:2.706 STATE:IDLE
[2026-06-03 00:29:11Z] CHK MOM:0.11% RANGE:0.12% UP:37.5% SPREAD:0.07390983% BID:2.706 ASK:2.708 MID:2.707 P1:2.707 P2:2.707 P3:2.707 P4:2.707 STATE:IDLE
[2026-06-03 00:29:11Z] CHK MOM:0.11% RANGE:0.12% UP:37.5% SPREAD:0.07390983% BID:2.706 ASK:2.708 MID:2.707 P1:2.707 P2:2.707 P3:2.707 P4:2.707 STATE:IDLE
[2026-06-03 00:29:12Z] CHK MOM:0.07% RANGE:0.12% UP:31.25% SPREAD:0.07390983% BID:2.706 ASK:2.708 MID:2.707 P1:2.707 P2:2.707 P3:2.707 P4:2.707 STATE:IDLE
[2026-06-03 00:29:12Z] CHK MOM:0.07% RANGE:0.12% UP:29.41% SPREAD:0.07390983% BID:2.706 ASK:2.708 MID:2.707 P1:2.707 P2:2.707 P3:2.707 P4:2.707 STATE:IDLE
[2026-06-03 00:29:13Z] CHK MOM:0.07% RANGE:0.12% UP:29.41% SPREAD:0.07390983% BID:2.706 ASK:2.708 MID:2.707 P1:2.707 P2:2.707 P3:2.707 P4:2.707 STATE:IDLE
[2026-06-03 00:29:13Z] CHK MOM:0.05% RANGE:0.12% UP:25% SPREAD:0.07390983% BID:2.706 ASK:2.708 MID:2.707 P1:2.707 P2:2.707 P3:2.707 P4:2.707 STATE:IDLE
[2026-06-03 00:29:14Z] CHK MOM:0.05% RANGE:0.12% UP:25% SPREAD:0.07390983% BID:2.706 ASK:2.708 MID:2.707 P1:2.707 P2:2.707 P3:2.707 P4:2.707 STATE:IDLE
[2026-06-03 00:29:15Z] CHK MOM:0.05% RANGE:0.12% UP:25% SPREAD:0.07390983% BID:2.706 ASK:2.708 MID:2.707 P1:2.707 P2:2.707 P3:2.707 P4:2.707 STATE:IDLE
[2026-06-03 00:29:15Z] CHK MOM:0.05% RANGE:0.12% UP:21.42% SPREAD:0.07390983% BID:2.706 ASK:2.708 MID:2.707 P1:2.707 P2:2.707 P3:2.707 P4:2.707 STATE:IDLE
[2026-06-03 00:29:16Z] CHK MOM:0.03% RANGE:0.05% UP:15.38% SPREAD:0.07390983% BID:2.706 ASK:2.708 MID:2.707 P1:2.707 P2:2.707 P3:2.707 P4:2.707 STATE:IDLE
[2026-06-03 00:29:16Z] CHK MOM:0.03% RANGE:0.03% UP:8.33% SPREAD:0.07390983% BID:2.706 ASK:2.708 MID:2.707 P1:2.707 P2:2.707 P3:2.707 P4:2.707 STATE:IDLE
[2026-06-03 00:29:17Z] CHK MOM:0.03% RANGE:0.03% UP:8.33% SPREAD:0.07390983% BID:2.706 ASK:2.708 MID:2.707 P1:2.707 P2:2.707 P3:2.707 P4:2.707 STATE:IDLE
[2026-06-03 00:29:17Z] CHK MOM:0.03% RANGE:0.03% UP:8.33% SPREAD:0.07390983% BID:2.706 ASK:2.708 MID:2.707 P1:2.707 P2:2.707 P3:2.707 P4:2.707 STATE:IDLE
[2026-06-03 00:29:18Z] CHK MOM:0.03% RANGE:0.03% UP:9.09% SPREAD:0.07390983% BID:2.706 ASK:2.708 MID:2.707 P1:2.707 P2:2.707 P3:2.707 P4:2.707 STATE:IDLE
[2026-06-03 00:29:18Z] CHK MOM:0.03% RANGE:0.03% UP:9.09% SPREAD:0.07390983% BID:2.706 ASK:2.708 MID:2.707 P1:2.707 P2:2.707 P3:2.707 P4:2.707 STATE:IDLE
[2026-06-03 00:29:19Z] CHK MOM:0.03% RANGE:0.03% UP:9.09% SPREAD:0.07390983% BID:2.706 ASK:2.708 MID:2.707 P1:2.707 P2:2.707 P3:2.707 P4:2.707 STATE:IDLE
[2026-06-03 00:29:19Z] CHK MOM:0.03% RANGE:0.03% UP:9.09% SPREAD:0.07390983% BID:2.706 ASK:2.708 MID:2.707 P1:2.707 P2:2.707 P3:2.707 P4:2.707 STATE:IDLE
[2026-06-03 00:29:20Z] CHK MOM:0.01% RANGE:0.01% UP:10% SPREAD:0.03694126% BID:2.707 ASK:2.708 MID:2.7075 P1:2.7075 P2:2.707 P3:2.707 P4:2.707 STATE:IDLE
[2026-06-03 00:29:21Z] CHK MOM:0.01% RANGE:0.01% UP:9.09% SPREAD:0.03694126% BID:2.707 ASK:2.708 MID:2.7075 P1:2.7075 P2:2.7075 P3:2.707 P4:2.707 STATE:IDLE
[2026-06-03 00:29:21Z] CHK MOM:0% RANGE:0.01% UP:9.09% SPREAD:0.07390983% BID:2.706 ASK:2.708 MID:2.707 P1:2.707 P2:2.7075 P3:2.7075 P4:2.707 STATE:IDLE
[2026-06-03 00:29:22Z] CHK MOM:0% RANGE:0.01% UP:9.09% SPREAD:0.07390983% BID:2.706 ASK:2.708 MID:2.707 P1:2.707 P2:2.7075 P3:2.7075 P4:2.707 STATE:IDLE
[2026-06-03 00:29:22Z] CHK MOM:0% RANGE:0.01% UP:9.09% SPREAD:0.07390983% BID:2.706 ASK:2.708 MID:2.707 P1:2.707 P2:2.7075 P3:2.7075 P4:2.707 STATE:IDLE
[2026-06-03 00:29:23Z] CHK MOM:0% RANGE:0.01% UP:9.09% SPREAD:0.07390983% BID:2.706 ASK:2.708 MID:2.707 P1:2.707 P2:2.7075 P3:2.7075 P4:2.707 STATE:IDLE
[2026-06-03 00:29:23Z] CHK MOM:0.01% RANGE:0.01% UP:20% SPREAD:0.03694126% BID:2.707 ASK:2.708 MID:2.7075 P1:2.7075 P2:2.707 P3:2.7075 P4:2.7075 STATE:IDLE
[2026-06-03 00:29:24Z] CHK MOM:0.01% RANGE:0.01% UP:20% SPREAD:0.03694126% BID:2.707 ASK:2.708 MID:2.7075 P1:2.7075 P2:2.707 P3:2.7075 P4:2.7075 STATE:IDLE
[2026-06-03 00:29:24Z] CHK MOM:0.01% RANGE:0.01% UP:20% SPREAD:0.03694126% BID:2.707 ASK:2.708 MID:2.7075 P1:2.7075 P2:2.707 P3:2.7075 P4:2.7075 STATE:IDLE
[2026-06-03 00:29:25Z] CHK MOM:0.09% RANGE:0.09% UP:33.33% SPREAD:0.03691399% BID:2.709 ASK:2.71 MID:2.7095 P1:2.7095 P2:2.7075 P3:2.707 P4:2.7075 STATE:IDLE
[2026-06-03 00:29:26Z] CHK MOM:0.16% RANGE:0.16% UP:44.44% SPREAD:0.03688675% BID:2.711 ASK:2.712 MID:2.7115 P1:2.7115 P2:2.7095 P3:2.7075 P4:2.707 STATE:IDLE
[2026-06-03 00:29:27Z] BURST_TRIGGER ret=0.1478% need=0.1475% vel=0.0626%/s eff=1.000 pressure=999.00 drop=0.0000% dt=2.360s
[2026-06-03 00:29:27Z] BUY symbol=NEARUSDC qty=3.5 entry=2.712 mode=BURST reason=BURST ret=0.1478% vel=0.0626%/s eff=1.000 pressure=999.00 drop=0.0000% P1=2.7115 P2=2.7095000000000002 P3=2.7075 P4=2.707
[2026-06-03 00:29:27Z] CHK MOM:0.16% RANGE:0.16% UP:44.44% SPREAD:0.03688675% BID:2.711 ASK:2.712 MID:2.7115 P1:2.7115 P2:2.7115 P3:2.7095 P4:2.7075 STATE:IN_POS
[2026-06-03 00:29:28Z] CHK MOM:0.12% RANGE:0.16% UP:44.44% SPREAD:0.03690036% BID:2.71 ASK:2.711 MID:2.71049999 P1:2.71049999 P2:2.7115 P3:2.7115 P4:2.7095 STATE:IN_POS
[2026-06-03 00:29:28Z] CHK MOM:0.09% RANGE:0.16% UP:40% SPREAD:0.03691399% BID:2.709 ASK:2.71 MID:2.7095 P1:2.7095 P2:2.71049999 P3:2.7115 P4:2.7115 STATE:IN_POS
[2026-06-03 00:29:29Z] CHK MOM:0.09% RANGE:0.16% UP:40% SPREAD:0.03691399% BID:2.709 ASK:2.71 MID:2.7095 P1:2.7095 P2:2.71049999 P3:2.7115 P4:2.7115 STATE:IN_POS
[2026-06-03 00:29:29Z] CHK MOM:0.05% RANGE:0.16% UP:40% SPREAD:0.03692762% BID:2.708 ASK:2.709 MID:2.7085 P1:2.7085 P2:2.7095 P3:2.71049999 P4:2.7115 STATE:IN_POS
[2026-06-03 00:29:30Z] CHK MOM:0.05% RANGE:0.16% UP:40% SPREAD:0.03692762% BID:2.708 ASK:2.709 MID:2.7085 P1:2.7085 P2:2.7095 P3:2.71049999 P4:2.7115 STATE:IN_POS
[2026-06-03 00:29:31Z] CHK MOM:0.05% RANGE:0.16% UP:40% SPREAD:0.03692762% BID:2.708 ASK:2.709 MID:2.7085 P1:2.7085 P2:2.7095 P3:2.71049999 P4:2.7115 STATE:IN_POS
[2026-06-03 00:29:31Z] CHK MOM:0.07% RANGE:0.16% UP:40% SPREAD:0.03691399% BID:2.709 ASK:2.71 MID:2.7095 P1:2.7095 P2:2.7085 P3:2.7095 P4:2.71049999 STATE:IN_POS
[2026-06-03 00:29:32Z] CHK MOM:0% RANGE:0.16% UP:40% SPREAD:0.03694126% BID:2.707 ASK:2.708 MID:2.7075 P1:2.7075 P2:2.7095 P3:2.7085 P4:2.7095 STATE:IN_POS
[2026-06-03 00:29:32Z] CHK MOM:-0.03% RANGE:0.18% UP:36.36% SPREAD:0.03695491% BID:2.706 ASK:2.707 MID:2.7065 P1:2.7065 P2:2.7075 P3:2.7095 P4:2.7085 STATE:IN_POS
[2026-06-03 00:29:33Z] CHK MOM:-0.01% RANGE:0.18% UP:36.36% SPREAD:0.03695491% BID:2.706 ASK:2.707 MID:2.7065 P1:2.7065 P2:2.7065 P3:2.7075 P4:2.7095 STATE:IN_POS
[2026-06-03 00:29:33Z] CHK MOM:-0.01% RANGE:0.18% UP:36.36% SPREAD:0.03695491% BID:2.706 ASK:2.707 MID:2.7065 P1:2.7065 P2:2.7065 P3:2.7075 P4:2.7095 STATE:IN_POS
[2026-06-03 00:29:34Z] CHK MOM:-0.03% RANGE:0.18% UP:27.27% SPREAD:0.03695491% BID:2.706 ASK:2.707 MID:2.7065 P1:2.7065 P2:2.7065 P3:2.7065 P4:2.7075 STATE:IN_POS
[2026-06-03 00:29:34Z] CHK MOM:-0.03% RANGE:0.18% UP:27.27% SPREAD:0.03695491% BID:2.706 ASK:2.707 MID:2.7065 P1:2.7065 P2:2.7065 P3:2.7065 P4:2.7075 STATE:IN_POS
[2026-06-03 00:29:35Z] CHK MOM:-0.03% RANGE:0.18% UP:25% SPREAD:0.03695491% BID:2.706 ASK:2.707 MID:2.7065 P1:2.7065 P2:2.7065 P3:2.7065 P4:2.7065 STATE:IN_POS
[2026-06-03 00:29:35Z] CHK MOM:-0.09% RANGE:0.18% UP:25% SPREAD:0.07390983% BID:2.706 ASK:2.708 MID:2.707 P1:2.707 P2:2.7065 P3:2.7065 P4:2.7065 STATE:IN_POS
[2026-06-03 00:29:36Z] CHK MOM:-0.07% RANGE:0.18% UP:30.76% SPREAD:0.03694126% BID:2.707 ASK:2.708 MID:2.7075 P1:2.7075 P2:2.707 P3:2.7065 P4:2.7065 STATE:IN_POS
[2026-06-03 00:29:36Z] BURST_HANDOFF age=8.96s ext=0.0000% loss=0.1844% peak=2.71200000 stop=2.69000000 protect=0 trail=0
[2026-06-03 00:29:37Z] CHK MOM:-0.07% RANGE:0.18% UP:28.57% SPREAD:0.03694126% BID:2.707 ASK:2.708 MID:2.7075 P1:2.7075 P2:2.7075 P3:2.707 P4:2.7065 STATE:IN_POS
[2026-06-03 00:29:37Z] CHK MOM:-0.07% RANGE:0.18% UP:28.57% SPREAD:0.03694126% BID:2.707 ASK:2.708 MID:2.7075 P1:2.7075 P2:2.7075 P3:2.707 P4:2.7065 STATE:IN_POS
[2026-06-03 00:29:38Z] CHK MOM:-0.25% RANGE:0.25% UP:23.07% SPREAD:0.03698224% BID:2.704 ASK:2.705 MID:2.7045 P1:2.7045 P2:2.7075 P3:2.7075 P4:2.707 STATE:IN_POS
[2026-06-03 00:29:38Z] CHK MOM:-0.25% RANGE:0.25% UP:23.07% SPREAD:0.03698224% BID:2.704 ASK:2.705 MID:2.7045 P1:2.7045 P2:2.7075 P3:2.7075 P4:2.707 STATE:IN_POS
[2026-06-03 00:29:39Z] CHK MOM:-0.25% RANGE:0.25% UP:23.07% SPREAD:0.03698224% BID:2.704 ASK:2.705 MID:2.7045 P1:2.7045 P2:2.7075 P3:2.7075 P4:2.707 STATE:IN_POS
[2026-06-03 00:29:39Z] CHK MOM:-0.16% RANGE:0.22% UP:30.76% SPREAD:0.07393715% BID:2.705 ASK:2.707 MID:2.706 P1:2.706 P2:2.7045 P3:2.7075 P4:2.7075 STATE:IN_POS
[2026-06-03 00:29:40Z] CHK MOM:-0.14% RANGE:0.22% UP:35.71% SPREAD:0.03695491% BID:2.706 ASK:2.707 MID:2.7065 P1:2.7065 P2:2.706 P3:2.7045 P4:2.7075 STATE:IN_POS
[2026-06-03 00:29:40Z] CHK MOM:-0.14% RANGE:0.22% UP:35.71% SPREAD:0.03695491% BID:2.706 ASK:2.707 MID:2.7065 P1:2.7065 P2:2.706 P3:2.7045 P4:2.7075 STATE:IN_POS
[2026-06-03 00:29:42Z] CHK MOM:-0.18% RANGE:0.18% UP:33.33% SPREAD:0.03698224% BID:2.704 ASK:2.705 MID:2.7045 P1:2.7045 P2:2.7065 P3:2.706 P4:2.7045 STATE:IN_POS
[2026-06-03 00:29:43Z] CHK MOM:-0.22% RANGE:0.22% UP:30.76% SPREAD:0.03699593% BID:2.703 ASK:2.704 MID:2.7035 P1:2.7035 P2:2.7045 P3:2.7065 P4:2.706 STATE:IN_POS
[2026-06-03 00:29:43Z] CHK MOM:-0.22% RANGE:0.22% UP:28.57% SPREAD:0.03699593% BID:2.703 ASK:2.704 MID:2.7035 P1:2.7035 P2:2.7035 P3:2.7045 P4:2.7065 STATE:IN_POS
[2026-06-03 00:29:44Z] CHK MOM:-0.22% RANGE:0.22% UP:28.57% SPREAD:0.03699593% BID:2.703 ASK:2.704 MID:2.7035 P1:2.7035 P2:2.7035 P3:2.7045 P4:2.7065 STATE:IN_POS
[2026-06-03 00:29:44Z] CHK MOM:-0.11% RANGE:0.14% UP:30.76% SPREAD:0.03699593% BID:2.703 ASK:2.704 MID:2.7035 P1:2.7035 P2:2.7035 P3:2.7035 P4:2.7045 STATE:IN_POS
[2026-06-03 00:29:45Z] CHK MOM:-0.12% RANGE:0.16% UP:30.76% SPREAD:0.07401924% BID:2.702 ASK:2.704 MID:2.703 P1:2.703 P2:2.7035 P3:2.7035 P4:2.7035 STATE:IN_POS
[2026-06-03 00:29:45Z] CHK MOM:-0.12% RANGE:0.16% UP:30.76% SPREAD:0.07401924% BID:2.702 ASK:2.704 MID:2.703 P1:2.703 P2:2.703 P3:2.7035 P4:2.7035 STATE:IN_POS
[2026-06-03 00:29:46Z] CHK MOM:-0.12% RANGE:0.16% UP:30.76% SPREAD:0.07401924% BID:2.702 ASK:2.704 MID:2.703 P1:2.703 P2:2.703 P3:2.7035 P4:2.7035 STATE:IN_POS
[2026-06-03 00:29:46Z] CHK MOM:-0.12% RANGE:0.16% UP:30.76% SPREAD:0.07401924% BID:2.702 ASK:2.704 MID:2.703 P1:2.703 P2:2.703 P3:2.7035 P4:2.7035 STATE:IN_POS
[2026-06-03 00:29:47Z] CHK MOM:-0.12% RANGE:0.16% UP:30.76% SPREAD:0.07401924% BID:2.702 ASK:2.704 MID:2.703 P1:2.703 P2:2.703 P3:2.703 P4:2.7035 STATE:IN_POS
[2026-06-03 00:29:48Z] CHK MOM:-0.14% RANGE:0.16% UP:23.07% SPREAD:0.07401924% BID:2.702 ASK:2.704 MID:2.703 P1:2.703 P2:2.703 P3:2.703 P4:2.703 STATE:IN_POS
[2026-06-03 00:29:48Z] CHK MOM:-0.14% RANGE:0.16% UP:23.07% SPREAD:0.07401924% BID:2.702 ASK:2.704 MID:2.703 P1:2.703 P2:2.703 P3:2.703 P4:2.703 STATE:IN_POS
[2026-06-03 00:29:49Z] CHK MOM:-0.14% RANGE:0.16% UP:23.07% SPREAD:0.07401924% BID:2.702 ASK:2.704 MID:2.703 P1:2.703 P2:2.703 P3:2.703 P4:2.703 STATE:IN_POS
[2026-06-03 00:29:49Z] CHK MOM:-0.14% RANGE:0.16% UP:23.07% SPREAD:0.07401924% BID:2.702 ASK:2.704 MID:2.703 P1:2.703 P2:2.703 P3:2.703 P4:2.703 STATE:IN_POS
[2026-06-03 00:29:50Z] CHK MOM:-0.14% RANGE:0.16% UP:23.07% SPREAD:0.07401924% BID:2.702 ASK:2.704 MID:2.703 P1:2.703 P2:2.703 P3:2.703 P4:2.703 STATE:IN_POS
[2026-06-03 00:29:50Z] CHK MOM:-0.14% RANGE:0.16% UP:10% SPREAD:0.07404664% BID:2.701 ASK:2.703 MID:2.702 P1:2.702 P2:2.703 P3:2.703 P4:2.703 STATE:IN_POS
[2026-06-03 00:29:51Z] CHK MOM:-0.14% RANGE:0.16% UP:10% SPREAD:0.07404664% BID:2.701 ASK:2.703 MID:2.702 P1:2.702 P2:2.703 P3:2.703 P4:2.703 STATE:IN_POS
[2026-06-03 00:29:51Z] CHK MOM:-0.14% RANGE:0.16% UP:9.09% SPREAD:0.07404664% BID:2.701 ASK:2.703 MID:2.702 P1:2.702 P2:2.702 P3:2.703 P4:2.703 STATE:IN_POS
[2026-06-03 00:29:52Z] CHK MOM:-0.09% RANGE:0.09% UP:0% SPREAD:0.07404664% BID:2.701 ASK:2.703 MID:2.702 P1:2.702 P2:2.702 P3:2.702 P4:2.703 STATE:IN_POS
[2026-06-03 00:29:52Z] CHK MOM:-0.09% RANGE:0.09% UP:0% SPREAD:0.07404664% BID:2.701 ASK:2.703 MID:2.702 P1:2.702 P2:2.702 P3:2.702 P4:2.703 STATE:IN_POS
[2026-06-03 00:29:53Z] CHK MOM:-0.09% RANGE:0.09% UP:0% SPREAD:0.07404664% BID:2.701 ASK:2.703 MID:2.702 P1:2.702 P2:2.702 P3:2.702 P4:2.703 STATE:IN_POS
[2026-06-03 00:29:54Z] CHK MOM:-0.07% RANGE:0.07% UP:0% SPREAD:0.03702332% BID:2.701 ASK:2.702 MID:2.7015 P1:2.7015 P2:2.702 P3:2.702 P4:2.702 STATE:IN_POS
[2026-06-03 00:29:54Z] CHK MOM:-0.07% RANGE:0.07% UP:0% SPREAD:0.03702332% BID:2.701 ASK:2.702 MID:2.7015 P1:2.7015 P2:2.7015 P3:2.702 P4:2.702 STATE:IN_POS
[2026-06-03 00:29:55Z] CHK MOM:-0.05% RANGE:0.07% UP:9.09% SPREAD:0.07404664% BID:2.701 ASK:2.703 MID:2.702 P1:2.702 P2:2.7015 P3:2.7015 P4:2.702 STATE:IN_POS
[2026-06-03 00:29:55Z] CHK MOM:-0.01% RANGE:0.07% UP:16.66% SPREAD:0.07401924% BID:2.702 ASK:2.704 MID:2.703 P1:2.703 P2:2.702 P3:2.7015 P4:2.7015 STATE:IN_POS
[2026-06-03 00:29:56Z] CHK MOM:-0.01% RANGE:0.07% UP:16.66% SPREAD:0.07401924% BID:2.702 ASK:2.704 MID:2.703 P1:2.703 P2:2.703 P3:2.702 P4:2.7015 STATE:IN_POS
[2026-06-03 00:29:57Z] CHK MOM:-0.01% RANGE:0.05% UP:20% SPREAD:0.03700962% BID:2.702 ASK:2.703 MID:2.70249999 P1:2.70249999 P2:2.703 P3:2.703 P4:2.702 STATE:IN_POS
[2026-06-03 00:29:58Z] CHK MOM:-0.01% RANGE:0.05% UP:18.18% SPREAD:0.03700962% BID:2.702 ASK:2.703 MID:2.70249999 P1:2.70249999 P2:2.70249999 P3:2.703 P4:2.703 STATE:IN_POS
[2026-06-03 00:29:59Z] CHK MOM:-0.01% RANGE:0.05% UP:16.66% SPREAD:0.03700962% BID:2.702 ASK:2.703 MID:2.70249999 P1:2.70249999 P2:2.70249999 P3:2.70249999 P4:2.703 STATE:IN_POS
[2026-06-03 00:29:59Z] CHK MOM:-0.03% RANGE:0.05% UP:16.66% SPREAD:0.07404664% BID:2.701 ASK:2.703 MID:2.702 P1:2.702 P2:2.70249999 P3:2.70249999 P4:2.70249999 STATE:IN_POS
[2026-06-03 00:30:00Z] CHK MOM:-0.03% RANGE:0.05% UP:16.66% SPREAD:0.07404664% BID:2.701 ASK:2.703 MID:2.702 P1:2.702 P2:2.70249999 P3:2.70249999 P4:2.70249999 STATE:IN_POS
[2026-06-03 00:30:00Z] CHK MOM:0% RANGE:0.05% UP:16.66% SPREAD:0.07404664% BID:2.701 ASK:2.703 MID:2.702 P1:2.702 P2:2.702 P3:2.70249999 P4:2.70249999 STATE:IN_POS
[2026-06-03 00:30:01Z] CHK MOM:-0.05% RANGE:0.09% UP:15.38% SPREAD:0.03703703% BID:2.7 ASK:2.701 MID:2.7005 P1:2.7005 P2:2.702 P3:2.702 P4:2.70249999 STATE:IN_POS
[2026-06-03 00:30:01Z] CHK MOM:-0.05% RANGE:0.09% UP:14.28% SPREAD:0.03703703% BID:2.7 ASK:2.701 MID:2.7005 P1:2.7005 P2:2.7005 P3:2.702 P4:2.702 STATE:IN_POS
[2026-06-03 00:30:02Z] CHK MOM:-0.03% RANGE:0.09% UP:20% SPREAD:0.07407407% BID:2.7 ASK:2.702 MID:2.701 P1:2.701 P2:2.7005 P3:2.7005 P4:2.702 STATE:IN_POS
[2026-06-03 00:30:02Z] CHK MOM:-0.03% RANGE:0.09% UP:18.75% SPREAD:0.07407407% BID:2.7 ASK:2.702 MID:2.701 P1:2.701 P2:2.701 P3:2.7005 P4:2.7005 STATE:IN_POS
[2026-06-03 00:30:03Z] CHK MOM:-0.01% RANGE:0.09% UP:25% SPREAD:0.03702332% BID:2.701 ASK:2.702 MID:2.7015 P1:2.7015 P2:2.701 P3:2.701 P4:2.7005 STATE:IN_POS
[2026-06-03 00:30:03Z] CHK MOM:-0.03% RANGE:0.09% UP:23.52% SPREAD:0.07407407% BID:2.7 ASK:2.702 MID:2.701 P1:2.701 P2:2.7015 P3:2.701 P4:2.701 STATE:IN_POS
[2026-06-03 00:30:04Z] CHK MOM:-0.05% RANGE:0.09% UP:23.52% SPREAD:0.03703703% BID:2.7 ASK:2.701 MID:2.7005 P1:2.7005 P2:2.701 P3:2.7015 P4:2.701 STATE:IN_POS
[2026-06-03 00:30:05Z] CHK MOM:-0.03% RANGE:0.09% UP:23.52% SPREAD:0.03703703% BID:2.7 ASK:2.701 MID:2.7005 P1:2.7005 P2:2.7005 P3:2.701 P4:2.7015 STATE:IN_POS
[2026-06-03 00:30:05Z] CHK MOM:-0.01% RANGE:0.09% UP:27.77% SPREAD:0.07407407% BID:2.7 ASK:2.702 MID:2.701 P1:2.701 P2:2.7005 P3:2.7005 P4:2.701 STATE:IN_POS
[2026-06-03 00:30:06Z] CHK MOM:-0.03% RANGE:0.09% UP:26.31% SPREAD:0.03703703% BID:2.7 ASK:2.701 MID:2.7005 P1:2.7005 P2:2.701 P3:2.7005 P4:2.7005 STATE:IN_POS
[2026-06-03 00:30:06Z] CHK MOM:-0.09% RANGE:0.12% UP:22.22% SPREAD:0.03705075% BID:2.699 ASK:2.7 MID:2.6995 P1:2.6995 P2:2.7005 P3:2.701 P4:2.7005 STATE:IN_POS
[2026-06-03 00:30:07Z] CHK MOM:-0.12% RANGE:0.16% UP:21.05% SPREAD:0.03706449% BID:2.698 ASK:2.699 MID:2.6985 P1:2.6985 P2:2.6995 P3:2.7005 P4:2.701 STATE:IN_POS
[2026-06-03 00:30:07Z] CHK MOM:-0.2% RANGE:0.2% UP:15.78% SPREAD:0.03707823% BID:2.697 ASK:2.698 MID:2.6975 P1:2.6975 P2:2.6985 P3:2.6995 P4:2.7005 STATE:IN_POS
[2026-06-03 00:30:08Z] CHK MOM:-0.2% RANGE:0.2% UP:15.78% SPREAD:0.03707823% BID:2.697 ASK:2.698 MID:2.6975 P1:2.6975 P2:2.6975 P3:2.6985 P4:2.6995 STATE:IN_POS
[2026-06-03 00:30:08Z] CHK MOM:-0.18% RANGE:0.18% UP:15.78% SPREAD:0.03707823% BID:2.697 ASK:2.698 MID:2.6975 P1:2.6975 P2:2.6975 P3:2.6975 P4:2.6985 STATE:IN_POS
[2026-06-03 00:30:09Z] CHK MOM:-0.16% RANGE:0.18% UP:20% SPREAD:0.07415647% BID:2.697 ASK:2.699 MID:2.698 P1:2.698 P2:2.6975 P3:2.6975 P4:2.6975 STATE:IN_POS
[2026-06-03 00:30:10Z] CHK MOM:-0.18% RANGE:0.18% UP:19.04% SPREAD:0.03707823% BID:2.697 ASK:2.698 MID:2.6975 P1:2.6975 P2:2.698 P3:2.6975 P4:2.6975 STATE:IN_POS
[2026-06-03 00:30:10Z] CHK MOM:-0.18% RANGE:0.18% UP:21.05% SPREAD:0.07418397% BID:2.696 ASK:2.698 MID:2.697 P1:2.697 P2:2.6975 P3:2.698 P4:2.6975 STATE:IN_POS
[2026-06-03 00:30:11Z] CHK MOM:-0.18% RANGE:0.18% UP:20% SPREAD:0.07418397% BID:2.696 ASK:2.698 MID:2.697 P1:2.697 P2:2.697 P3:2.6975 P4:2.698 STATE:IN_POS
[2026-06-03 00:30:11Z] CHK MOM:-0.16% RANGE:0.18% UP:23.8% SPREAD:0.03707823% BID:2.697 ASK:2.698 MID:2.6975 P1:2.6975 P2:2.697 P3:2.697 P4:2.6975 STATE:IN_POS
[2026-06-03 00:30:13Z] CHK MOM:-0.14% RANGE:0.18% UP:25% SPREAD:0.03709198% BID:2.696 ASK:2.697 MID:2.6965 P1:2.6965 P2:2.6975 P3:2.697 P4:2.697 STATE:IN_POS
[2026-06-03 00:30:13Z] CHK MOM:-0.14% RANGE:0.18% UP:25% SPREAD:0.03709198% BID:2.696 ASK:2.697 MID:2.6965 P1:2.6965 P2:2.6975 P3:2.697 P4:2.697 STATE:IN_POS
[2026-06-03 00:30:14Z] CHK MOM:-0.14% RANGE:0.18% UP:25% SPREAD:0.03709198% BID:2.696 ASK:2.697 MID:2.6965 P1:2.6965 P2:2.6975 P3:2.697 P4:2.697 STATE:IN_POS
[2026-06-03 00:30:14Z] CHK MOM:-0.16% RANGE:0.18% UP:22.22% SPREAD:0.03709198% BID:2.696 ASK:2.697 MID:2.6965 P1:2.6965 P2:2.6965 P3:2.6975 P4:2.697 STATE:IN_POS
[2026-06-03 00:30:15Z] CHK MOM:-0.16% RANGE:0.18% UP:22.22% SPREAD:0.03709198% BID:2.696 ASK:2.697 MID:2.6965 P1:2.6965 P2:2.6965 P3:2.6975 P4:2.697 STATE:IN_POS
[2026-06-03 00:30:16Z] CHK MOM:-0.07% RANGE:0.16% UP:25% SPREAD:0.03706449% BID:2.698 ASK:2.699 MID:2.6985 P1:2.6985 P2:2.6965 P3:2.6965 P4:2.6975 STATE:IN_POS
[2026-06-03 00:30:16Z] CHK MOM:-0.03% RANGE:0.16% UP:31.25% SPREAD:0.03705075% BID:2.699 ASK:2.7 MID:2.6995 P1:2.6995 P2:2.6985 P3:2.6965 P4:2.6965 STATE:IN_POS
[2026-06-03 00:30:17Z] CHK MOM:-0.05% RANGE:0.16% UP:29.41% SPREAD:0.07412898% BID:2.698 ASK:2.7 MID:2.699 P1:2.699 P2:2.6995 P3:2.6985 P4:2.6965 STATE:IN_POS
[2026-06-03 00:30:17Z] CHK MOM:-0.07% RANGE:0.16% UP:23.52% SPREAD:0.07412898% BID:2.698 ASK:2.7 MID:2.699 P1:2.699 P2:2.699 P3:2.6995 P4:2.6985 STATE:IN_POS
[2026-06-03 00:30:18Z] CHK MOM:-0.05% RANGE:0.14% UP:23.52% SPREAD:0.07412898% BID:2.698 ASK:2.7 MID:2.699 P1:2.699 P2:2.699 P3:2.699 P4:2.6995 STATE:IN_POS
[2026-06-03 00:30:18Z] CHK MOM:-0.07% RANGE:0.11% UP:23.52% SPREAD:0.03707823% BID:2.697 ASK:2.698 MID:2.6975 P1:2.6975 P2:2.699 P3:2.699 P4:2.699 STATE:IN_POS
[2026-06-03 00:30:19Z] CHK MOM:0.03% RANGE:0.11% UP:31.25% SPREAD:0.03706449% BID:2.698 ASK:2.699 MID:2.6985 P1:2.6985 P2:2.6975 P3:2.699 P4:2.699 STATE:IN_POS
[2026-06-03 00:30:19Z] CHK MOM:0.01% RANGE:0.11% UP:31.25% SPREAD:0.07415647% BID:2.697 ASK:2.699 MID:2.698 P1:2.698 P2:2.6985 P3:2.6975 P4:2.699 STATE:IN_POS
[2026-06-03 00:30:20Z] CHK MOM:0.09% RANGE:0.12% UP:35.29% SPREAD:0.07410151% BID:2.699 ASK:2.701 MID:2.7 P1:2.7 P2:2.698 P3:2.6985 P4:2.6975 STATE:IN_POS
[2026-06-03 00:30:21Z] CHK MOM:0.07% RANGE:0.12% UP:35.29% SPREAD:0.03705075% BID:2.699 ASK:2.7 MID:2.6995 P1:2.6995 P2:2.7 P3:2.698 P4:2.6985 STATE:IN_POS
[2026-06-03 00:30:21Z] CHK MOM:0.07% RANGE:0.12% UP:31.25% SPREAD:0.03705075% BID:2.699 ASK:2.7 MID:2.6995 P1:2.6995 P2:2.6995 P3:2.7 P4:2.698 STATE:IN_POS
[2026-06-03 00:30:22Z] CHK MOM:0.11% RANGE:0.12% UP:37.5% SPREAD:0.07410151% BID:2.699 ASK:2.701 MID:2.7 P1:2.7 P2:2.6995 P3:2.6995 P4:2.7 STATE:IN_POS
[2026-06-03 00:30:22Z] CHK MOM:0.11% RANGE:0.12% UP:37.5% SPREAD:0.07410151% BID:2.699 ASK:2.701 MID:2.7 P1:2.7 P2:2.7 P3:2.6995 P4:2.6995 STATE:IN_POS
[2026-06-03 00:30:23Z] CHK MOM:0.07% RANGE:0.12% UP:31.25% SPREAD:0.03705075% BID:2.699 ASK:2.7 MID:2.6995 P1:2.6995 P2:2.7 P3:2.7 P4:2.6995 STATE:IN_POS
[2026-06-03 00:30:23Z] CHK MOM:0.03% RANGE:0.12% UP:29.41% SPREAD:0.03706449% BID:2.698 ASK:2.699 MID:2.6985 P1:2.6985 P2:2.6995 P3:2.7 P4:2.7 STATE:IN_POS
[2026-06-03 00:30:24Z] CHK MOM:0.03% RANGE:0.12% UP:29.41% SPREAD:0.03707823% BID:2.697 ASK:2.698 MID:2.6975 P1:2.6975 P2:2.6985 P3:2.6995 P4:2.7 STATE:IN_POS
[2026-06-03 00:30:24Z] CHK MOM:0.07% RANGE:0.12% UP:33.33% SPREAD:0.03706449% BID:2.698 ASK:2.699 MID:2.6985 P1:2.6985 P2:2.6975 P3:2.6985 P4:2.6995 STATE:IN_POS
[2026-06-03 00:30:25Z] CHK MOM:0.14% RANGE:0.14% UP:38.88% SPREAD:0.03703703% BID:2.7 ASK:2.701 MID:2.7005 P1:2.7005 P2:2.6985 P3:2.6975 P4:2.6985 STATE:IN_POS
[2026-06-03 00:30:25Z] CHK MOM:0.18% RANGE:0.18% UP:42.1% SPREAD:0.03702332% BID:2.701 ASK:2.702 MID:2.7015 P1:2.7015 P2:2.7005 P3:2.6985 P4:2.6975 STATE:IN_POS
[2026-06-03 00:30:26Z] CHK MOM:0.18% RANGE:0.18% UP:40% SPREAD:0.03702332% BID:2.701 ASK:2.702 MID:2.7015 P1:2.7015 P2:2.7015 P3:2.7005 P4:2.6985 STATE:IN_POS
[2026-06-03 00:30:27Z] CHK MOM:0.12% RANGE:0.16% UP:40% SPREAD:0.07404664% BID:2.701 ASK:2.703 MID:2.702 P1:2.702 P2:2.7015 P3:2.7015 P4:2.7005 STATE:IN_POS
[2026-06-03 00:30:28Z] CHK MOM:0.12% RANGE:0.18% UP:42.1% SPREAD:0.03700962% BID:2.702 ASK:2.703 MID:2.70249999 P1:2.70249999 P2:2.702 P3:2.7015 P4:2.7015 STATE:IN_POS
[2026-06-03 00:30:29Z] CHK MOM:0.12% RANGE:0.18% UP:40% SPREAD:0.03700962% BID:2.702 ASK:2.703 MID:2.70249999 P1:2.70249999 P2:2.70249999 P3:2.702 P4:2.7015 STATE:IN_POS
[2026-06-03 00:30:29Z] CHK MOM:0.12% RANGE:0.18% UP:40% SPREAD:0.03700962% BID:2.702 ASK:2.703 MID:2.70249999 P1:2.70249999 P2:2.70249999 P3:2.70249999 P4:2.702 STATE:IN_POS
[2026-06-03 00:30:30Z] CHK MOM:0.12% RANGE:0.18% UP:40% SPREAD:0.03700962% BID:2.702 ASK:2.703 MID:2.70249999 P1:2.70249999 P2:2.70249999 P3:2.70249999 P4:2.70249999 STATE:IN_POS
[2026-06-03 00:30:30Z] CHK MOM:0.18% RANGE:0.18% UP:40% SPREAD:0.03700962% BID:2.702 ASK:2.703 MID:2.70249999 P1:2.70249999 P2:2.70249999 P3:2.70249999 P4:2.70249999 STATE:IN_POS
[2026-06-03 00:30:31Z] CHK MOM:0.14% RANGE:0.18% UP:35% SPREAD:0.03700962% BID:2.702 ASK:2.703 MID:2.70249999 P1:2.70249999 P2:2.70249999 P3:2.70249999 P4:2.70249999 STATE:IN_POS
[2026-06-03 00:30:32Z] CHK MOM:0.14% RANGE:0.18% UP:35% SPREAD:0.03700962% BID:2.702 ASK:2.703 MID:2.70249999 P1:2.70249999 P2:2.70249999 P3:2.70249999 P4:2.70249999 STATE:IN_POS
[2026-06-03 00:30:32Z] CHK MOM:0.11% RANGE:0.18% UP:35.29% SPREAD:0.03700962% BID:2.702 ASK:2.703 MID:2.70249999 P1:2.70249999 P2:2.70249999 P3:2.70249999 P4:2.70249999 STATE:IN_POS
[2026-06-03 00:30:33Z] CHK MOM:0.11% RANGE:0.18% UP:33.33% SPREAD:0.03700962% BID:2.702 ASK:2.703 MID:2.70249999 P1:2.70249999 P2:2.70249999 P3:2.70249999 P4:2.70249999 STATE:IN_POS
[2026-06-03 00:30:33Z] CHK MOM:0.12% RANGE:0.22% UP:33.33% SPREAD:0.03699593% BID:2.703 ASK:2.704 MID:2.7035 P1:2.7035 P2:2.70249999 P3:2.70249999 P4:2.70249999 STATE:IN_POS
[2026-06-03 00:30:34Z] CHK MOM:0.12% RANGE:0.22% UP:31.57% SPREAD:0.03699593% BID:2.703 ASK:2.704 MID:2.7035 P1:2.7035 P2:2.7035 P3:2.70249999 P4:2.70249999 STATE:IN_POS
[2026-06-03 00:30:34Z] CHK MOM:0.12% RANGE:0.22% UP:31.57% SPREAD:0.03699593% BID:2.703 ASK:2.704 MID:2.7035 P1:2.7035 P2:2.7035 P3:2.7035 P4:2.70249999 STATE:IN_POS
[2026-06-03 00:30:35Z] CHK MOM:0.12% RANGE:0.22% UP:31.57% SPREAD:0.03699593% BID:2.703 ASK:2.704 MID:2.7035 P1:2.7035 P2:2.7035 P3:2.7035 P4:2.70249999 STATE:IN_POS
[2026-06-03 00:30:35Z] CHK MOM:0.18% RANGE:0.22% UP:33.33% SPREAD:0.03699593% BID:2.703 ASK:2.704 MID:2.7035 P1:2.7035 P2:2.7035 P3:2.7035 P4:2.7035 STATE:IN_POS
[2026-06-03 00:30:36Z] CHK MOM:0.18% RANGE:0.22% UP:33.33% SPREAD:0.03699593% BID:2.703 ASK:2.704 MID:2.7035 P1:2.7035 P2:2.7035 P3:2.7035 P4:2.7035 STATE:IN_POS
[2026-06-03 00:30:36Z] CHK MOM:0.16% RANGE:0.18% UP:29.41% SPREAD:0.07401924% BID:2.702 ASK:2.704 MID:2.703 P1:2.703 P2:2.7035 P3:2.7035 P4:2.7035 STATE:IN_POS
[2026-06-03 00:30:37Z] CHK MOM:0.18% RANGE:0.18% UP:29.41% SPREAD:0.03696857% BID:2.705 ASK:2.706 MID:2.7055 P1:2.7055 P2:2.703 P3:2.7035 P4:2.7035 STATE:IN_POS
[2026-06-03 00:30:38Z] CHK MOM:0.11% RANGE:0.12% UP:20% SPREAD:0.07396449% BID:2.704 ASK:2.706 MID:2.705 P1:2.705 P2:2.7055 P3:2.703 P4:2.7035 STATE:IN_POS
[2026-06-03 00:30:38Z] CHK MOM:0.12% RANGE:0.12% UP:25% SPREAD:0.03696857% BID:2.705 ASK:2.706 MID:2.7055 P1:2.7055 P2:2.705 P3:2.7055 P4:2.703 STATE:IN_POS
[2026-06-03 00:30:39Z] CHK MOM:0.12% RANGE:0.12% UP:25% SPREAD:0.03696857% BID:2.705 ASK:2.706 MID:2.7055 P1:2.7055 P2:2.705 P3:2.7055 P4:2.703 STATE:IN_POS
[2026-06-03 00:30:39Z] CHK MOM:0.11% RANGE:0.11% UP:18.75% SPREAD:0.03696857% BID:2.705 ASK:2.706 MID:2.7055 P1:2.7055 P2:2.7055 P3:2.705 P4:2.7055 STATE:IN_POS
[2026-06-03 00:30:40Z] CHK MOM:0.11% RANGE:0.11% UP:17.64% SPREAD:0.03696857% BID:2.705 ASK:2.706 MID:2.7055 P1:2.7055 P2:2.7055 P3:2.7055 P4:2.705 STATE:IN_POS
[2026-06-03 00:30:40Z] CHK MOM:0.11% RANGE:0.11% UP:16.66% SPREAD:0.03696857% BID:2.705 ASK:2.706 MID:2.7055 P1:2.7055 P2:2.7055 P3:2.7055 P4:2.7055 STATE:IN_POS
[2026-06-03 00:30:41Z] CHK MOM:0.11% RANGE:0.11% UP:16.66% SPREAD:0.03696857% BID:2.705 ASK:2.706 MID:2.7055 P1:2.7055 P2:2.7055 P3:2.7055 P4:2.7055 STATE:IN_POS
[2026-06-03 00:30:41Z] CHK MOM:0.09% RANGE:0.11% UP:18.75% SPREAD:0.07396449% BID:2.704 ASK:2.706 MID:2.705 P1:2.705 P2:2.7055 P3:2.7055 P4:2.7055 STATE:IN_POS
[2026-06-03 00:30:42Z] CHK MOM:0.07% RANGE:0.11% UP:18.75% SPREAD:0.03698224% BID:2.704 ASK:2.705 MID:2.7045 P1:2.7045 P2:2.705 P3:2.7055 P4:2.7055 STATE:IN_POS
[2026-06-03 00:30:43Z] CHK MOM:0.05% RANGE:0.11% UP:18.75% SPREAD:0.07399186% BID:2.703 ASK:2.705 MID:2.70399999 P1:2.70399999 P2:2.7045 P3:2.705 P4:2.7055 STATE:IN_POS
[2026-06-03 00:30:44Z] CHK MOM:0.12% RANGE:0.12% UP:25% SPREAD:0.07393715% BID:2.705 ASK:2.707 MID:2.706 P1:2.706 P2:2.70399999 P3:2.7045 P4:2.705 STATE:IN_POS
[2026-06-03 00:30:44Z] CHK MOM:0.07% RANGE:0.11% UP:20% SPREAD:0.03696857% BID:2.705 ASK:2.706 MID:2.7055 P1:2.7055 P2:2.706 P3:2.70399999 P4:2.7045 STATE:IN_POS
[2026-06-03 00:30:45Z] CHK MOM:0.09% RANGE:0.11% UP:25% SPREAD:0.07393715% BID:2.705 ASK:2.707 MID:2.706 P1:2.706 P2:2.7055 P3:2.706 P4:2.70399999 STATE:IN_POS
[2026-06-03 00:30:45Z] CHK MOM:0.09% RANGE:0.11% UP:25% SPREAD:0.07393715% BID:2.705 ASK:2.707 MID:2.706 P1:2.706 P2:2.7055 P3:2.706 P4:2.70399999 STATE:IN_POS
[2026-06-03 00:30:46Z] CHK MOM:0.07% RANGE:0.11% UP:28.57% SPREAD:0.03696857% BID:2.705 ASK:2.706 MID:2.7055 P1:2.7055 P2:2.706 P3:2.7055 P4:2.706 STATE:IN_POS
[2026-06-03 00:30:46Z] CHK MOM:0.03% RANGE:0.11% UP:26.66% SPREAD:0.03698224% BID:2.704 ASK:2.705 MID:2.7045 P1:2.7045 P2:2.7055 P3:2.706 P4:2.7055 STATE:IN_POS
[2026-06-03 00:30:47Z] CHK MOM:0.03% RANGE:0.11% UP:26.66% SPREAD:0.03698224% BID:2.704 ASK:2.705 MID:2.7045 P1:2.7045 P2:2.7055 P3:2.706 P4:2.7055 STATE:IN_POS
[2026-06-03 00:30:48Z] CHK MOM:0.03% RANGE:0.11% UP:26.66% SPREAD:0.03698224% BID:2.704 ASK:2.705 MID:2.7045 P1:2.7045 P2:2.7055 P3:2.706 P4:2.7055 STATE:IN_POS
[2026-06-03 00:30:48Z] CHK MOM:0.03% RANGE:0.11% UP:26.66% SPREAD:0.03698224% BID:2.704 ASK:2.705 MID:2.7045 P1:2.7045 P2:2.7055 P3:2.706 P4:2.7055 STATE:IN_POS
[2026-06-03 00:30:49Z] CHK MOM:0.03% RANGE:0.11% UP:26.66% SPREAD:0.03698224% BID:2.704 ASK:2.705 MID:2.7045 P1:2.7045 P2:2.7055 P3:2.706 P4:2.7055 STATE:IN_POS
[2026-06-03 00:30:49Z] CHK MOM:-0.01% RANGE:0.07% UP:23.07% SPREAD:0.03698224% BID:2.704 ASK:2.705 MID:2.7045 P1:2.7045 P2:2.7045 P3:2.7055 P4:2.706 STATE:IN_POS
[2026-06-03 00:30:50Z] CHK MOM:-0.01% RANGE:0.07% UP:23.07% SPREAD:0.03698224% BID:2.704 ASK:2.705 MID:2.7045 P1:2.7045 P2:2.7045 P3:2.7055 P4:2.706 STATE:IN_POS
[2026-06-03 00:30:50Z] CHK MOM:-0.03% RANGE:0.07% UP:16.66% SPREAD:0.03698224% BID:2.704 ASK:2.705 MID:2.7045 P1:2.7045 P2:2.7045 P3:2.7045 P4:2.7055 STATE:IN_POS
[2026-06-03 00:30:51Z] CHK MOM:-0.03% RANGE:0.07% UP:16.66% SPREAD:0.03698224% BID:2.704 ASK:2.705 MID:2.7045 P1:2.7045 P2:2.7045 P3:2.7045 P4:2.7045 STATE:IN_POS
[2026-06-03 00:30:51Z] CHK MOM:-0.03% RANGE:0.07% UP:16.66% SPREAD:0.03698224% BID:2.704 ASK:2.705 MID:2.7045 P1:2.7045 P2:2.7045 P3:2.7045 P4:2.7045 STATE:IN_POS
[2026-06-03 00:30:52Z] CHK MOM:-0.01% RANGE:0.07% UP:16.66% SPREAD:0.03698224% BID:2.704 ASK:2.705 MID:2.7045 P1:2.7045 P2:2.7045 P3:2.7045 P4:2.7045 STATE:IN_POS
[2026-06-03 00:30:52Z] CHK MOM:-0.01% RANGE:0.07% UP:16.66% SPREAD:0.03698224% BID:2.704 ASK:2.705 MID:2.7045 P1:2.7045 P2:2.7045 P3:2.7045 P4:2.7045 STATE:IN_POS
[2026-06-03 00:30:53Z] CHK MOM:-0.12% RANGE:0.16% UP:15.38% SPREAD:0.03702332% BID:2.701 ASK:2.702 MID:2.7015 P1:2.7015 P2:2.7045 P3:2.7045 P4:2.7045 STATE:IN_POS
[2026-06-03 00:30:54Z] CHK MOM:-0.09% RANGE:0.16% UP:16.66% SPREAD:0.03702332% BID:2.701 ASK:2.702 MID:2.7015 P1:2.7015 P2:2.7015 P3:2.7045 P4:2.7045 STATE:IN_POS
[2026-06-03 00:30:54Z] CHK MOM:-0.2% RANGE:0.2% UP:8.33% SPREAD:0.03703703% BID:2.7 ASK:2.701 MID:2.7005 P1:2.7005 P2:2.7015 P3:2.7015 P4:2.7045 STATE:IN_POS
[2026-06-03 00:30:55Z] CHK MOM:-0.24% RANGE:0.24% UP:7.69% SPREAD:0.03705075% BID:2.699 ASK:2.7 MID:2.6995 P1:2.6995 P2:2.7005 P3:2.7015 P4:2.7015 STATE:IN_POS
[2026-06-03 00:30:55Z] CHK MOM:-0.24% RANGE:0.24% UP:7.14% SPREAD:0.03705075% BID:2.699 ASK:2.7 MID:2.6995 P1:2.6995 P2:2.6995 P3:2.7005 P4:2.7015 STATE:IN_POS
[2026-06-03 00:30:56Z] CHK MOM:-0.24% RANGE:0.24% UP:6.66% SPREAD:0.03705075% BID:2.699 ASK:2.7 MID:2.6995 P1:2.6995 P2:2.6995 P3:2.6995 P4:2.7005 STATE:IN_POS
[2026-06-03 00:30:56Z] CHK MOM:-0.22% RANGE:0.24% UP:6.66% SPREAD:0.03705075% BID:2.699 ASK:2.7 MID:2.6995 P1:2.6995 P2:2.6995 P3:2.6995 P4:2.6995 STATE:IN_POS
[2026-06-03 00:30:57Z] CHK MOM:-0.22% RANGE:0.24% UP:6.66% SPREAD:0.03705075% BID:2.699 ASK:2.7 MID:2.6995 P1:2.6995 P2:2.6995 P3:2.6995 P4:2.6995 STATE:IN_POS
[2026-06-03 00:30:57Z] CHK MOM:-0.22% RANGE:0.24% UP:6.66% SPREAD:0.03705075% BID:2.699 ASK:2.7 MID:2.6995 P1:2.6995 P2:2.6995 P3:2.6995 P4:2.6995 STATE:IN_POS
[2026-06-03 00:30:58Z] CHK MOM:-0.22% RANGE:0.24% UP:6.66% SPREAD:0.03705075% BID:2.699 ASK:2.7 MID:2.6995 P1:2.6995 P2:2.6995 P3:2.6995 P4:2.6995 STATE:IN_POS
[2026-06-03 00:31:00Z] CHK MOM:-0.25% RANGE:0.25% UP:0% SPREAD:0.03707823% BID:2.697 ASK:2.698 MID:2.6975 P1:2.6975 P2:2.6995 P3:2.6995 P4:2.6995 STATE:IN_POS
[2026-06-03 00:31:00Z] CHK MOM:-0.29% RANGE:0.29% UP:0% SPREAD:0.03709198% BID:2.696 ASK:2.697 MID:2.6965 P1:2.6965 P2:2.6975 P3:2.6995 P4:2.6995 STATE:IN_POS
[2026-06-03 00:31:01Z] CHK MOM:-0.31% RANGE:0.31% UP:0% SPREAD:0.0742115% BID:2.695 ASK:2.697 MID:2.69599999 P1:2.69599999 P2:2.6965 P3:2.6975 P4:2.6995 STATE:IN_POS
[2026-06-03 00:31:01Z] CHK MOM:-0.4% RANGE:0.4% UP:0% SPREAD:0.0371333% BID:2.693 ASK:2.694 MID:2.6935 P1:2.6935 P2:2.69599999 P3:2.6965 P4:2.6975 STATE:IN_POS
[2026-06-03 00:31:02Z] CHK MOM:-0.36% RANGE:0.4% UP:6.66% SPREAD:0.03711952% BID:2.694 ASK:2.695 MID:2.69449999 P1:2.69449999 P2:2.6935 P3:2.69599999 P4:2.6965 STATE:IN_POS
[2026-06-03 00:31:02Z] CHK MOM:-0.35% RANGE:0.4% UP:13.33% SPREAD:0.07423904% BID:2.694 ASK:2.696 MID:2.695 P1:2.695 P2:2.69449999 P3:2.6935 P4:2.69599999 STATE:IN_POS
[2026-06-03 00:31:03Z] CHK MOM:-0.35% RANGE:0.4% UP:12.5% SPREAD:0.07423904% BID:2.694 ASK:2.696 MID:2.695 P1:2.695 P2:2.695 P3:2.69449999 P4:2.6935 STATE:IN_POS
[2026-06-03 00:31:03Z] CHK MOM:-0.31% RANGE:0.4% UP:18.75% SPREAD:0.0742115% BID:2.695 ASK:2.697 MID:2.69599999 P1:2.69599999 P2:2.695 P3:2.695 P4:2.69449999 STATE:IN_POS
[2026-06-03 00:31:04Z] CHK MOM:-0.31% RANGE:0.4% UP:18.75% SPREAD:0.0742115% BID:2.695 ASK:2.697 MID:2.69599999 P1:2.69599999 P2:2.69599999 P3:2.695 P4:2.695 STATE:IN_POS
[2026-06-03 00:31:04Z] CHK MOM:-0.22% RANGE:0.29% UP:18.75% SPREAD:0.03710575% BID:2.695 ASK:2.696 MID:2.6955 P1:2.6955 P2:2.69599999 P3:2.69599999 P4:2.695 STATE:IN_POS
[2026-06-03 00:31:05Z] CHK MOM:-0.22% RANGE:0.29% UP:18.75% SPREAD:0.03710575% BID:2.695 ASK:2.696 MID:2.6955 P1:2.6955 P2:2.69599999 P3:2.69599999 P4:2.695 STATE:IN_POS
[2026-06-03 00:31:06Z] CHK MOM:-0.2% RANGE:0.25% UP:20% SPREAD:0.07423904% BID:2.694 ASK:2.696 MID:2.695 P1:2.695 P2:2.6955 P3:2.69599999 P4:2.69599999 STATE:IN_POS
[2026-06-03 00:31:06Z] CHK MOM:-0.2% RANGE:0.25% UP:20% SPREAD:0.07423904% BID:2.694 ASK:2.696 MID:2.695 P1:2.695 P2:2.6955 P3:2.69599999 P4:2.69599999 STATE:IN_POS
[2026-06-03 00:31:07Z] CHK MOM:-0.2% RANGE:0.25% UP:20% SPREAD:0.07423904% BID:2.694 ASK:2.696 MID:2.695 P1:2.695 P2:2.6955 P3:2.69599999 P4:2.69599999 STATE:IN_POS
[2026-06-03 00:31:07Z] CHK MOM:-0.14% RANGE:0.22% UP:30.76% SPREAD:0.03710575% BID:2.695 ASK:2.696 MID:2.6955 P1:2.6955 P2:2.695 P3:2.6955 P4:2.69599999 STATE:IN_POS
[2026-06-03 00:31:08Z] CHK MOM:-0.14% RANGE:0.22% UP:30.76% SPREAD:0.03710575% BID:2.695 ASK:2.696 MID:2.6955 P1:2.6955 P2:2.695 P3:2.6955 P4:2.69599999 STATE:IN_POS
[2026-06-03 00:31:08Z] CHK MOM:-0.07% RANGE:0.14% UP:33.33% SPREAD:0.03710575% BID:2.695 ASK:2.696 MID:2.6955 P1:2.6955 P2:2.6955 P3:2.695 P4:2.6955 STATE:IN_POS
[2026-06-03 00:31:09Z] SELL symbol=NEARUSDC qty=3.5 exit=2.695 pnl=-0.078425 reason=PSELL FAIL age=101.0s latest=2.69500000 guard=2.70711840 high=2.71200000 peak=0.0000% P1=2.6955 P2=2.6955 P3=2.6950000000000003 P4=2.6955 entry=2.712 profile=major
[2026-06-03 00:31:09Z] TOKEN_SWITCH old=NEARUSDC new=XLMUSDC source=.service.env
