[2026-05-16 04:35:30Z] SESSION_START symbol=ORCAUSDC dry_run=0 profile=major strategy=momentum base_url=https://api.binance.com
[2026-05-16 04:35:30Z] TOXIC_MEMORY_LOADED count=1 symbols=ORDIUSDC
[2026-05-16 04:35:33Z] CHK MOM:0% RANGE:0% UP:0% SPREAD:0.12547051% BID:1.594 ASK:1.596 MID:1.595 P1:1.595 P2:NA P3:NA P4:NA STATE:IDLE
[2026-05-16 04:35:33Z] CHK MOM:0% RANGE:0% UP:0% SPREAD:0.12547051% BID:1.594 ASK:1.596 MID:1.595 P1:1.595 P2:1.595 P3:NA P4:NA STATE:IDLE
[2026-05-16 04:35:34Z] CHK MOM:0% RANGE:0% UP:0% SPREAD:0.12547051% BID:1.594 ASK:1.596 MID:1.595 P1:1.595 P2:1.595 P3:NA P4:NA STATE:IDLE
[2026-05-16 04:35:34Z] CHK MOM:0.06% RANGE:0.06% UP:50% SPREAD:0.12539184% BID:1.595 ASK:1.597 MID:1.596 P1:1.596 P2:1.595 P3:1.595 P4:NA STATE:IDLE
[2026-05-16 04:35:35Z] CHK MOM:0.06% RANGE:0.06% UP:50% SPREAD:0.12539184% BID:1.595 ASK:1.597 MID:1.596 P1:1.596 P2:1.595 P3:1.595 P4:NA STATE:IDLE
[2026-05-16 04:35:35Z] CHK MOM:0.06% RANGE:0.06% UP:50% SPREAD:0.12539184% BID:1.595 ASK:1.597 MID:1.596 P1:1.596 P2:1.595 P3:1.595 P4:NA STATE:IDLE
[2026-05-16 04:35:36Z] CHK MOM:0.06% RANGE:0.06% UP:33.33% SPREAD:0.12539184% BID:1.595 ASK:1.597 MID:1.596 P1:1.596 P2:1.596 P3:1.595 P4:1.595 STATE:IDLE
[2026-05-16 04:35:36Z] CHK MOM:0% RANGE:0.06% UP:25% SPREAD:0.12547051% BID:1.594 ASK:1.596 MID:1.595 P1:1.595 P2:1.596 P3:1.596 P4:1.595 STATE:IDLE
[2026-05-16 04:35:37Z] CHK MOM:0% RANGE:0.06% UP:20% SPREAD:0.12547051% BID:1.594 ASK:1.596 MID:1.595 P1:1.595 P2:1.595 P3:1.596 P4:1.596 STATE:IDLE
[2026-05-16 04:35:37Z] CHK MOM:0% RANGE:0.06% UP:20% SPREAD:0.12547051% BID:1.594 ASK:1.596 MID:1.595 P1:1.595 P2:1.595 P3:1.596 P4:1.596 STATE:IDLE
[2026-05-16 04:35:38Z] CHK MOM:0% RANGE:0.06% UP:20% SPREAD:0.12547051% BID:1.594 ASK:1.596 MID:1.595 P1:1.595 P2:1.595 P3:1.596 P4:1.596 STATE:IDLE
[2026-05-16 04:35:39Z] CHK MOM:0% RANGE:0.06% UP:20% SPREAD:0.12547051% BID:1.594 ASK:1.596 MID:1.595 P1:1.595 P2:1.595 P3:1.596 P4:1.596 STATE:IDLE
[2026-05-16 04:35:39Z] CHK MOM:0% RANGE:0.06% UP:16.66% SPREAD:0.12547051% BID:1.594 ASK:1.596 MID:1.595 P1:1.595 P2:1.595 P3:1.595 P4:1.596 STATE:IDLE
[2026-05-16 04:35:40Z] CHK MOM:0% RANGE:0.06% UP:16.66% SPREAD:0.12547051% BID:1.594 ASK:1.596 MID:1.595 P1:1.595 P2:1.595 P3:1.595 P4:1.596 STATE:IDLE
[2026-05-16 04:35:40Z] CHK MOM:0% RANGE:0.06% UP:16.66% SPREAD:0.12547051% BID:1.594 ASK:1.596 MID:1.595 P1:1.595 P2:1.595 P3:1.595 P4:1.596 STATE:IDLE
[2026-05-16 04:35:41Z] CHK MOM:0% RANGE:0.06% UP:16.66% SPREAD:0.12547051% BID:1.594 ASK:1.596 MID:1.595 P1:1.595 P2:1.595 P3:1.595 P4:1.596 STATE:IDLE
[2026-05-16 04:35:41Z] CHK MOM:0% RANGE:0.06% UP:16.66% SPREAD:0.12547051% BID:1.594 ASK:1.596 MID:1.595 P1:1.595 P2:1.595 P3:1.595 P4:1.596 STATE:IDLE
[2026-05-16 04:35:42Z] CHK MOM:0% RANGE:0.06% UP:16.66% SPREAD:0.12547051% BID:1.594 ASK:1.596 MID:1.595 P1:1.595 P2:1.595 P3:1.595 P4:1.596 STATE:IDLE
[2026-05-16 04:35:44Z] CHK MOM:0.03% RANGE:0.06% UP:28.57% SPREAD:0.06269592% BID:1.595 ASK:1.596 MID:1.5955 P1:1.5955 P2:1.595 P3:1.595 P4:1.595 STATE:IDLE
[2026-05-16 04:35:44Z] CHK MOM:0.03% RANGE:0.06% UP:25% SPREAD:0.06269592% BID:1.595 ASK:1.596 MID:1.5955 P1:1.5955 P2:1.5955 P3:1.595 P4:1.595 STATE:IDLE
[2026-05-16 04:35:45Z] CHK MOM:0.03% RANGE:0.06% UP:25% SPREAD:0.06269592% BID:1.595 ASK:1.596 MID:1.5955 P1:1.5955 P2:1.5955 P3:1.595 P4:1.595 STATE:IDLE
[2026-05-16 04:35:45Z] CHK MOM:0.03% RANGE:0.06% UP:25% SPREAD:0.06269592% BID:1.595 ASK:1.596 MID:1.5955 P1:1.5955 P2:1.5955 P3:1.595 P4:1.595 STATE:IDLE
[2026-05-16 04:35:46Z] CHK MOM:0.03% RANGE:0.06% UP:25% SPREAD:0.06269592% BID:1.595 ASK:1.596 MID:1.5955 P1:1.5955 P2:1.5955 P3:1.595 P4:1.595 STATE:IDLE
[2026-05-16 04:35:46Z] CHK MOM:0.03% RANGE:0.06% UP:25% SPREAD:0.06269592% BID:1.595 ASK:1.596 MID:1.5955 P1:1.5955 P2:1.5955 P3:1.595 P4:1.595 STATE:IDLE
[2026-05-16 04:35:47Z] CHK MOM:-0.06% RANGE:0.06% UP:16.66% SPREAD:0.12547051% BID:1.594 ASK:1.596 MID:1.595 P1:1.595 P2:1.5955 P3:1.5955 P4:1.595 STATE:IDLE
[2026-05-16 04:35:47Z] CHK MOM:-0.21% RANGE:0.21% UP:14.28% SPREAD:0.06281407% BID:1.592 ASK:1.593 MID:1.5925 P1:1.5925 P2:1.595 P3:1.5955 P4:1.5955 STATE:IDLE
[2026-05-16 04:35:48Z] CHK MOM:-0.12% RANGE:0.18% UP:28.57% SPREAD:0.12562814% BID:1.592 ASK:1.594 MID:1.593 P1:1.593 P2:1.5925 P3:1.595 P4:1.5955 STATE:IDLE
[2026-05-16 04:35:48Z] CHK MOM:-0.12% RANGE:0.18% UP:25% SPREAD:0.12562814% BID:1.592 ASK:1.594 MID:1.593 P1:1.593 P2:1.593 P3:1.5925 P4:1.595 STATE:IDLE
[2026-05-16 04:35:49Z] CHK MOM:-0.12% RANGE:0.18% UP:25% SPREAD:0.12562814% BID:1.592 ASK:1.594 MID:1.593 P1:1.593 P2:1.593 P3:1.593 P4:1.5925 STATE:IDLE
[2026-05-16 04:35:49Z] CHK MOM:-0.18% RANGE:0.21% UP:25% SPREAD:0.1257071% BID:1.591 ASK:1.593 MID:1.592 P1:1.592 P2:1.593 P3:1.593 P4:1.593 STATE:IDLE
[2026-05-16 04:35:50Z] CHK MOM:-0.12% RANGE:0.21% UP:33.33% SPREAD:0.12562814% BID:1.592 ASK:1.594 MID:1.593 P1:1.593 P2:1.592 P3:1.593 P4:1.593 STATE:IDLE
[2026-05-16 04:35:50Z] CHK MOM:-0.12% RANGE:0.21% UP:33.33% SPREAD:0.12562814% BID:1.592 ASK:1.594 MID:1.593 P1:1.593 P2:1.592 P3:1.593 P4:1.593 STATE:IDLE
[2026-05-16 04:35:51Z] CHK MOM:-0.18% RANGE:0.21% UP:30% SPREAD:0.1257071% BID:1.591 ASK:1.593 MID:1.592 P1:1.592 P2:1.593 P3:1.592 P4:1.593 STATE:IDLE
[2026-05-16 04:35:51Z] CHK MOM:-0.21% RANGE:0.21% UP:20% SPREAD:0.1257071% BID:1.591 ASK:1.593 MID:1.592 P1:1.592 P2:1.592 P3:1.593 P4:1.592 STATE:IDLE
[2026-05-16 04:35:52Z] CHK MOM:-0.21% RANGE:0.21% UP:18.18% SPREAD:0.1257071% BID:1.591 ASK:1.593 MID:1.592 P1:1.592 P2:1.592 P3:1.592 P4:1.593 STATE:IDLE
[2026-05-16 04:35:52Z] CHK MOM:-0.21% RANGE:0.21% UP:18.18% SPREAD:0.1257071% BID:1.591 ASK:1.593 MID:1.592 P1:1.592 P2:1.592 P3:1.592 P4:1.593 STATE:IDLE
[2026-05-16 04:35:53Z] CHK MOM:-0.21% RANGE:0.21% UP:16.66% SPREAD:0.1257071% BID:1.591 ASK:1.593 MID:1.592 P1:1.592 P2:1.592 P3:1.592 P4:1.592 STATE:IDLE
[2026-05-16 04:35:53Z] CHK MOM:-0.21% RANGE:0.21% UP:15.38% SPREAD:0.1257071% BID:1.591 ASK:1.593 MID:1.592 P1:1.592 P2:1.592 P3:1.592 P4:1.592 STATE:IDLE
[2026-05-16 04:35:54Z] CHK MOM:-0.21% RANGE:0.21% UP:14.28% SPREAD:0.1257071% BID:1.591 ASK:1.593 MID:1.592 P1:1.592 P2:1.592 P3:1.592 P4:1.592 STATE:IDLE
[2026-05-16 04:35:55Z] CHK MOM:-0.21% RANGE:0.21% UP:14.28% SPREAD:0.1257071% BID:1.591 ASK:1.593 MID:1.592 P1:1.592 P2:1.592 P3:1.592 P4:1.592 STATE:IDLE
[2026-05-16 04:35:55Z] CHK MOM:-0.21% RANGE:0.21% UP:13.33% SPREAD:0.1257071% BID:1.591 ASK:1.593 MID:1.592 P1:1.592 P2:1.592 P3:1.592 P4:1.592 STATE:IDLE
[2026-05-16 04:35:56Z] CHK MOM:-0.21% RANGE:0.21% UP:13.33% SPREAD:0.1257071% BID:1.591 ASK:1.593 MID:1.592 P1:1.592 P2:1.592 P3:1.592 P4:1.592 STATE:IDLE
[2026-05-16 04:35:56Z] CHK MOM:-0.21% RANGE:0.21% UP:13.33% SPREAD:0.1257071% BID:1.591 ASK:1.593 MID:1.592 P1:1.592 P2:1.592 P3:1.592 P4:1.592 STATE:IDLE
[2026-05-16 04:35:57Z] CHK MOM:-0.21% RANGE:0.21% UP:13.33% SPREAD:0.1257071% BID:1.591 ASK:1.593 MID:1.592 P1:1.592 P2:1.592 P3:1.592 P4:1.592 STATE:IDLE
[2026-05-16 04:35:57Z] CHK MOM:-0.21% RANGE:0.21% UP:13.33% SPREAD:0.1257071% BID:1.591 ASK:1.593 MID:1.592 P1:1.592 P2:1.592 P3:1.592 P4:1.592 STATE:IDLE
[2026-05-16 04:35:58Z] CHK MOM:-0.21% RANGE:0.21% UP:13.33% SPREAD:0.1257071% BID:1.591 ASK:1.593 MID:1.592 P1:1.592 P2:1.592 P3:1.592 P4:1.592 STATE:IDLE
[2026-05-16 04:35:58Z] CHK MOM:-0.03% RANGE:0.06% UP:14.28% SPREAD:0.1257071% BID:1.591 ASK:1.593 MID:1.592 P1:1.592 P2:1.592 P3:1.592 P4:1.592 STATE:IDLE
[2026-05-16 04:35:59Z] CHK MOM:-0.03% RANGE:0.06% UP:13.33% SPREAD:0.1257071% BID:1.591 ASK:1.593 MID:1.592 P1:1.592 P2:1.592 P3:1.592 P4:1.592 STATE:IDLE
[2026-05-16 04:36:00Z] CHK MOM:-0.06% RANGE:0.06% UP:6.66% SPREAD:0.1257071% BID:1.591 ASK:1.593 MID:1.592 P1:1.592 P2:1.592 P3:1.592 P4:1.592 STATE:IDLE
[2026-05-16 04:36:00Z] CHK MOM:-0.06% RANGE:0.06% UP:7.14% SPREAD:0.1257071% BID:1.591 ASK:1.593 MID:1.592 P1:1.592 P2:1.592 P3:1.592 P4:1.592 STATE:IDLE
[2026-05-16 04:36:01Z] CHK MOM:-0.06% RANGE:0.06% UP:7.14% SPREAD:0.1257071% BID:1.591 ASK:1.593 MID:1.592 P1:1.592 P2:1.592 P3:1.592 P4:1.592 STATE:IDLE
[2026-05-16 04:36:01Z] CHK MOM:-0.06% RANGE:0.06% UP:7.14% SPREAD:0.1257071% BID:1.591 ASK:1.593 MID:1.592 P1:1.592 P2:1.592 P3:1.592 P4:1.592 STATE:IDLE
[2026-05-16 04:36:02Z] CHK MOM:0% RANGE:0.06% UP:7.69% SPREAD:0.12562814% BID:1.592 ASK:1.594 MID:1.593 P1:1.593 P2:1.592 P3:1.592 P4:1.592 STATE:IDLE
[2026-05-16 04:36:02Z] CHK MOM:0% RANGE:0.06% UP:7.69% SPREAD:0.12562814% BID:1.592 ASK:1.594 MID:1.593 P1:1.593 P2:1.592 P3:1.592 P4:1.592 STATE:IDLE
[2026-05-16 04:36:03Z] CHK MOM:0.06% RANGE:0.06% UP:7.69% SPREAD:0.12562814% BID:1.592 ASK:1.594 MID:1.593 P1:1.593 P2:1.593 P3:1.592 P4:1.592 STATE:IDLE
[2026-05-16 04:36:03Z] CHK MOM:0.06% RANGE:0.06% UP:7.69% SPREAD:0.12562814% BID:1.592 ASK:1.594 MID:1.593 P1:1.593 P2:1.593 P3:1.593 P4:1.592 STATE:IDLE
[2026-05-16 04:36:04Z] CHK MOM:0.06% RANGE:0.06% UP:7.69% SPREAD:0.12562814% BID:1.592 ASK:1.594 MID:1.593 P1:1.593 P2:1.593 P3:1.593 P4:1.592 STATE:IDLE
[2026-05-16 04:36:04Z] CHK MOM:0.06% RANGE:0.06% UP:7.69% SPREAD:0.12562814% BID:1.592 ASK:1.594 MID:1.593 P1:1.593 P2:1.593 P3:1.593 P4:1.592 STATE:IDLE
[2026-05-16 04:36:05Z] CHK MOM:0.06% RANGE:0.06% UP:9.09% SPREAD:0.12562814% BID:1.592 ASK:1.594 MID:1.593 P1:1.593 P2:1.593 P3:1.593 P4:1.593 STATE:IDLE
[2026-05-16 04:36:06Z] CHK MOM:0.06% RANGE:0.06% UP:9.09% SPREAD:0.12562814% BID:1.592 ASK:1.594 MID:1.593 P1:1.593 P2:1.593 P3:1.593 P4:1.593 STATE:IDLE
[2026-05-16 04:36:06Z] CHK MOM:0.06% RANGE:0.06% UP:9.09% SPREAD:0.12562814% BID:1.592 ASK:1.594 MID:1.593 P1:1.593 P2:1.593 P3:1.593 P4:1.593 STATE:IDLE
[2026-05-16 04:36:07Z] CHK MOM:0.06% RANGE:0.06% UP:10% SPREAD:0.12562814% BID:1.592 ASK:1.594 MID:1.593 P1:1.593 P2:1.593 P3:1.593 P4:1.593 STATE:IDLE
[2026-05-16 04:36:07Z] CHK MOM:0.06% RANGE:0.06% UP:10% SPREAD:0.12562814% BID:1.592 ASK:1.594 MID:1.593 P1:1.593 P2:1.593 P3:1.593 P4:1.593 STATE:IDLE
[2026-05-16 04:36:08Z] CHK MOM:0.12% RANGE:0.12% UP:22.22% SPREAD:0.12554927% BID:1.593 ASK:1.595 MID:1.59399999 P1:1.59399999 P2:1.593 P3:1.593 P4:1.593 STATE:IDLE
[2026-05-16 04:36:08Z] CHK MOM:0.12% RANGE:0.12% UP:22.22% SPREAD:0.12554927% BID:1.593 ASK:1.595 MID:1.59399999 P1:1.59399999 P2:1.593 P3:1.593 P4:1.593 STATE:IDLE
[2026-05-16 04:36:09Z] CHK MOM:0.12% RANGE:0.12% UP:22.22% SPREAD:0.12554927% BID:1.593 ASK:1.595 MID:1.59399999 P1:1.59399999 P2:1.593 P3:1.593 P4:1.593 STATE:IDLE
[2026-05-16 04:36:09Z] CHK MOM:0.18% RANGE:0.18% UP:30% SPREAD:0.12547051% BID:1.594 ASK:1.596 MID:1.595 P1:1.595 P2:1.59399999 P3:1.593 P4:1.593 STATE:IDLE
[2026-05-16 04:36:10Z] CHK MOM:0.18% RANGE:0.18% UP:27.27% SPREAD:0.12547051% BID:1.594 ASK:1.596 MID:1.595 P1:1.595 P2:1.595 P3:1.59399999 P4:1.593 STATE:IDLE
[2026-05-16 04:36:11Z] CHK MOM:0.25% RANGE:0.25% UP:36.36% SPREAD:0.12539184% BID:1.595 ASK:1.597 MID:1.596 P1:1.596 P2:1.595 P3:1.595 P4:1.59399999 STATE:IDLE
[2026-05-16 04:36:11Z] CHK MOM:0.25% RANGE:0.25% UP:36.36% SPREAD:0.12539184% BID:1.595 ASK:1.597 MID:1.596 P1:1.596 P2:1.596 P3:1.595 P4:1.595 STATE:IDLE
[2026-05-16 04:36:12Z] CHK MOM:0.37% RANGE:0.37% UP:45.45% SPREAD:0.12523481% BID:1.597 ASK:1.599 MID:1.59799999 P1:1.59799999 P2:1.596 P3:1.596 P4:1.595 STATE:IDLE
[2026-05-16 04:36:12Z] CHK MOM:0.28% RANGE:0.31% UP:36.36% SPREAD:0.18796992% BID:1.596 ASK:1.599 MID:1.5975 P1:1.5975 P2:1.59799999 P3:1.596 P4:1.596 STATE:IDLE
[2026-05-16 04:36:13Z] CHK MOM:0.37% RANGE:0.37% UP:41.66% SPREAD:0.12515644% BID:1.598 ASK:1.6 MID:1.599 P1:1.599 P2:1.5975 P3:1.59799999 P4:1.596 STATE:IDLE
[2026-05-16 04:36:13Z] CHK MOM:0.4% RANGE:0.4% UP:46.15% SPREAD:0.06253908% BID:1.599 ASK:1.6 MID:1.5995 P1:1.5995 P2:1.599 P3:1.5975 P4:1.59799999 STATE:IDLE
[2026-05-16 04:36:14Z] CHK MOM:0.34% RANGE:0.4% UP:46.15% SPREAD:0.18785222% BID:1.597 ASK:1.6 MID:1.5985 P1:1.5985 P2:1.5995 P3:1.599 P4:1.5975 STATE:IDLE
[2026-05-16 04:36:14Z] CHK MOM:0.37% RANGE:0.4% UP:50% SPREAD:0.12515644% BID:1.598 ASK:1.6 MID:1.599 P1:1.599 P2:1.5985 P3:1.5995 P4:1.599 STATE:IDLE
[2026-05-16 04:36:15Z] CHK MOM:0.31% RANGE:0.4% UP:50% SPREAD:0.12523481% BID:1.597 ASK:1.599 MID:1.59799999 P1:1.59799999 P2:1.599 P3:1.5985 P4:1.5995 STATE:IDLE
[2026-05-16 04:36:15Z] CHK MOM:0.31% RANGE:0.4% UP:46.66% SPREAD:0.12523481% BID:1.597 ASK:1.599 MID:1.59799999 P1:1.59799999 P2:1.59799999 P3:1.599 P4:1.5985 STATE:IDLE
[2026-05-16 04:36:16Z] CHK MOM:0.25% RANGE:0.4% UP:46.66% SPREAD:0.12531328% BID:1.596 ASK:1.598 MID:1.597 P1:1.597 P2:1.59799999 P3:1.59799999 P4:1.599 STATE:IDLE
[2026-05-16 04:36:17Z] CHK MOM:0.28% RANGE:0.4% UP:50% SPREAD:0.0626174% BID:1.597 ASK:1.598 MID:1.5975 P1:1.5975 P2:1.597 P3:1.59799999 P4:1.59799999 STATE:IDLE
[2026-05-16 04:36:17Z] CHK MOM:0.28% RANGE:0.4% UP:50% SPREAD:0.0626174% BID:1.597 ASK:1.598 MID:1.5975 P1:1.5975 P2:1.597 P3:1.59799999 P4:1.59799999 STATE:IDLE
[2026-05-16 04:36:18Z] CHK MOM:0.28% RANGE:0.4% UP:50% SPREAD:0.0626174% BID:1.597 ASK:1.598 MID:1.5975 P1:1.5975 P2:1.5975 P3:1.597 P4:1.59799999 STATE:IDLE
[2026-05-16 04:36:18Z] CHK MOM:0.28% RANGE:0.4% UP:50% SPREAD:0.0626174% BID:1.597 ASK:1.598 MID:1.5975 P1:1.5975 P2:1.5975 P3:1.597 P4:1.59799999 STATE:IDLE
[2026-05-16 04:36:19Z] CHK MOM:0.28% RANGE:0.4% UP:50% SPREAD:0.0626174% BID:1.597 ASK:1.598 MID:1.5975 P1:1.5975 P2:1.5975 P3:1.597 P4:1.59799999 STATE:IDLE
[2026-05-16 04:36:19Z] CHK MOM:0.28% RANGE:0.4% UP:50% SPREAD:0.0626174% BID:1.597 ASK:1.598 MID:1.5975 P1:1.5975 P2:1.5975 P3:1.597 P4:1.59799999 STATE:IDLE
[2026-05-16 04:36:20Z] CHK MOM:0.28% RANGE:0.4% UP:50% SPREAD:0.0626174% BID:1.597 ASK:1.598 MID:1.5975 P1:1.5975 P2:1.5975 P3:1.597 P4:1.59799999 STATE:IDLE
[2026-05-16 04:36:20Z] CHK MOM:0.09% RANGE:0.28% UP:40% SPREAD:0.06265664% BID:1.596 ASK:1.597 MID:1.5965 P1:1.5965 P2:1.5975 P3:1.5975 P4:1.597 STATE:IDLE
[2026-05-16 04:36:21Z] CHK MOM:0.12% RANGE:0.28% UP:43.75% SPREAD:0.12531328% BID:1.596 ASK:1.598 MID:1.597 P1:1.597 P2:1.5965 P3:1.5975 P4:1.5975 STATE:IDLE
[2026-05-16 04:36:22Z] CHK MOM:0.12% RANGE:0.28% UP:43.75% SPREAD:0.12531328% BID:1.596 ASK:1.598 MID:1.597 P1:1.597 P2:1.5965 P3:1.5975 P4:1.5975 STATE:IDLE
[2026-05-16 04:36:22Z] CHK MOM:0.12% RANGE:0.28% UP:43.75% SPREAD:0.12531328% BID:1.596 ASK:1.598 MID:1.597 P1:1.597 P2:1.5965 P3:1.5975 P4:1.5975 STATE:IDLE
[2026-05-16 04:36:23Z] CHK MOM:0.12% RANGE:0.28% UP:43.75% SPREAD:0.12531328% BID:1.596 ASK:1.598 MID:1.597 P1:1.597 P2:1.5965 P3:1.5975 P4:1.5975 STATE:IDLE
[2026-05-16 04:36:23Z] CHK MOM:-0.25% RANGE:0.34% UP:38.46% SPREAD:0.12554927% BID:1.593 ASK:1.595 MID:1.59399999 P1:1.59399999 P2:1.597 P3:1.5965 P4:1.5975 STATE:IDLE
[2026-05-16 04:36:24Z] CHK MOM:-0.25% RANGE:0.34% UP:35.71% SPREAD:0.12554927% BID:1.593 ASK:1.595 MID:1.59399999 P1:1.59399999 P2:1.59399999 P3:1.597 P4:1.5965 STATE:IDLE
[2026-05-16 04:36:24Z] CHK MOM:-0.25% RANGE:0.34% UP:35.71% SPREAD:0.12554927% BID:1.593 ASK:1.595 MID:1.59399999 P1:1.59399999 P2:1.59399999 P3:1.597 P4:1.5965 STATE:IDLE
[2026-05-16 04:36:25Z] CHK MOM:-0.25% RANGE:0.34% UP:35.71% SPREAD:0.12554927% BID:1.593 ASK:1.595 MID:1.59399999 P1:1.59399999 P2:1.59399999 P3:1.597 P4:1.5965 STATE:IDLE
[2026-05-16 04:36:25Z] CHK MOM:-0.34% RANGE:0.34% UP:25% SPREAD:0.12554927% BID:1.593 ASK:1.595 MID:1.59399999 P1:1.59399999 P2:1.59399999 P3:1.59399999 P4:1.597 STATE:IDLE
[2026-05-16 04:36:26Z] CHK MOM:-0.31% RANGE:0.34% UP:25% SPREAD:0.06277463% BID:1.593 ASK:1.594 MID:1.5935 P1:1.5935 P2:1.59399999 P3:1.59399999 P4:1.59399999 STATE:IDLE
[2026-05-16 04:36:27Z] CHK MOM:-0.31% RANGE:0.34% UP:25% SPREAD:0.06277463% BID:1.593 ASK:1.594 MID:1.5935 P1:1.5935 P2:1.59399999 P3:1.59399999 P4:1.59399999 STATE:IDLE
[2026-05-16 04:36:27Z] CHK MOM:-0.28% RANGE:0.28% UP:20% SPREAD:0.06277463% BID:1.593 ASK:1.594 MID:1.5935 P1:1.5935 P2:1.5935 P3:1.59399999 P4:1.59399999 STATE:IDLE
[2026-05-16 04:36:28Z] CHK MOM:-0.21% RANGE:0.25% UP:20% SPREAD:0.06277463% BID:1.593 ASK:1.594 MID:1.5935 P1:1.5935 P2:1.5935 P3:1.5935 P4:1.59399999 STATE:IDLE
[2026-05-16 04:36:28Z] CHK MOM:-0.21% RANGE:0.25% UP:20% SPREAD:0.06277463% BID:1.593 ASK:1.594 MID:1.5935 P1:1.5935 P2:1.5935 P3:1.5935 P4:1.59399999 STATE:IDLE
[2026-05-16 04:36:29Z] CHK MOM:-0.21% RANGE:0.25% UP:20% SPREAD:0.06277463% BID:1.593 ASK:1.594 MID:1.5935 P1:1.5935 P2:1.5935 P3:1.5935 P4:1.59399999 STATE:IDLE
[2026-05-16 04:36:29Z] CHK MOM:-0.21% RANGE:0.25% UP:20% SPREAD:0.06277463% BID:1.593 ASK:1.594 MID:1.5935 P1:1.5935 P2:1.5935 P3:1.5935 P4:1.59399999 STATE:IDLE
[2026-05-16 04:36:30Z] CHK MOM:-0.21% RANGE:0.25% UP:20% SPREAD:0.06277463% BID:1.593 ASK:1.594 MID:1.5935 P1:1.5935 P2:1.5935 P3:1.5935 P4:1.59399999 STATE:IDLE
[2026-05-16 04:36:30Z] CHK MOM:-0.21% RANGE:0.25% UP:20% SPREAD:0.06277463% BID:1.593 ASK:1.594 MID:1.5935 P1:1.5935 P2:1.5935 P3:1.5935 P4:1.59399999 STATE:IDLE
[2026-05-16 04:36:31Z] CHK MOM:-0.18% RANGE:0.21% UP:12.5% SPREAD:0.06277463% BID:1.593 ASK:1.594 MID:1.5935 P1:1.5935 P2:1.5935 P3:1.5935 P4:1.5935 STATE:IDLE
[2026-05-16 04:36:32Z] CHK MOM:-0.18% RANGE:0.21% UP:12.5% SPREAD:0.06277463% BID:1.593 ASK:1.594 MID:1.5935 P1:1.5935 P2:1.5935 P3:1.5935 P4:1.5935 STATE:IDLE
[2026-05-16 04:36:33Z] CHK MOM:-0.18% RANGE:0.21% UP:12.5% SPREAD:0.06277463% BID:1.593 ASK:1.594 MID:1.5935 P1:1.5935 P2:1.5935 P3:1.5935 P4:1.5935 STATE:IDLE
[2026-05-16 04:36:33Z] CHK MOM:-0.03% RANGE:0.03% UP:0% SPREAD:0.06277463% BID:1.593 ASK:1.594 MID:1.5935 P1:1.5935 P2:1.5935 P3:1.5935 P4:1.5935 STATE:IDLE
[2026-05-16 04:36:34Z] CHK MOM:-0.03% RANGE:0.03% UP:0% SPREAD:0.06277463% BID:1.593 ASK:1.594 MID:1.5935 P1:1.5935 P2:1.5935 P3:1.5935 P4:1.5935 STATE:IDLE
[2026-05-16 04:36:34Z] CHK MOM:-0.03% RANGE:0.03% UP:0% SPREAD:0.06277463% BID:1.593 ASK:1.594 MID:1.5935 P1:1.5935 P2:1.5935 P3:1.5935 P4:1.5935 STATE:IDLE
[2026-05-16 04:36:35Z] CHK MOM:-0.03% RANGE:0.03% UP:0% SPREAD:0.06277463% BID:1.593 ASK:1.594 MID:1.5935 P1:1.5935 P2:1.5935 P3:1.5935 P4:1.5935 STATE:IDLE
[2026-05-16 04:36:35Z] CHK MOM:-0.03% RANGE:0.03% UP:0% SPREAD:0.06277463% BID:1.593 ASK:1.594 MID:1.5935 P1:1.5935 P2:1.5935 P3:1.5935 P4:1.5935 STATE:IDLE
[2026-05-16 04:36:36Z] CHK MOM:-0.03% RANGE:0.03% UP:0% SPREAD:0.06277463% BID:1.593 ASK:1.594 MID:1.5935 P1:1.5935 P2:1.5935 P3:1.5935 P4:1.5935 STATE:IDLE
[2026-05-16 04:36:36Z] CHK MOM:-0.03% RANGE:0.03% UP:0% SPREAD:0.06277463% BID:1.593 ASK:1.594 MID:1.5935 P1:1.5935 P2:1.5935 P3:1.5935 P4:1.5935 STATE:IDLE
[2026-05-16 04:36:37Z] CHK MOM:-0.03% RANGE:0.03% UP:0% SPREAD:0.06277463% BID:1.593 ASK:1.594 MID:1.5935 P1:1.5935 P2:1.5935 P3:1.5935 P4:1.5935 STATE:IDLE
[2026-05-16 04:36:38Z] CHK MOM:-0.06% RANGE:0.06% UP:0% SPREAD:0.06281407% BID:1.592 ASK:1.593 MID:1.5925 P1:1.5925 P2:1.5935 P3:1.5935 P4:1.5935 STATE:IDLE
[2026-05-16 04:36:38Z] CHK MOM:-0.03% RANGE:0.06% UP:14.28% SPREAD:0.12562814% BID:1.592 ASK:1.594 MID:1.593 P1:1.593 P2:1.5925 P3:1.5935 P4:1.5935 STATE:IDLE
[2026-05-16 04:36:39Z] CHK MOM:0.09% RANGE:0.15% UP:28.57% SPREAD:0.12547051% BID:1.594 ASK:1.596 MID:1.595 P1:1.595 P2:1.593 P3:1.5925 P4:1.5935 STATE:IDLE
[2026-05-16 04:36:39Z] CHK MOM:0.09% RANGE:0.15% UP:28.57% SPREAD:0.12547051% BID:1.594 ASK:1.596 MID:1.595 P1:1.595 P2:1.595 P3:1.593 P4:1.5925 STATE:IDLE
[2026-05-16 04:36:40Z] CHK MOM:0.21% RANGE:0.28% UP:42.85% SPREAD:0.12531328% BID:1.596 ASK:1.598 MID:1.597 P1:1.597 P2:1.595 P3:1.595 P4:1.593 STATE:IDLE
[2026-05-16 04:36:40Z] CHK MOM:0.28% RANGE:0.34% UP:50% SPREAD:0.12523481% BID:1.597 ASK:1.599 MID:1.59799999 P1:1.59799999 P2:1.597 P3:1.595 P4:1.595 STATE:IDLE
[2026-05-16 04:36:41Z] CHK MOM:0.28% RANGE:0.34% UP:44.44% SPREAD:0.12523481% BID:1.597 ASK:1.599 MID:1.59799999 P1:1.59799999 P2:1.59799999 P3:1.597 P4:1.595 STATE:IDLE
[2026-05-16 04:36:41Z] CHK MOM:0.21% RANGE:0.34% UP:40% SPREAD:0.12531328% BID:1.596 ASK:1.598 MID:1.597 P1:1.597 P2:1.59799999 P3:1.59799999 P4:1.597 STATE:IDLE
[2026-05-16 04:36:42Z] CHK MOM:0.31% RANGE:0.37% UP:45.45% SPREAD:0.06257822% BID:1.598 ASK:1.599 MID:1.5985 P1:1.5985 P2:1.597 P3:1.59799999 P4:1.59799999 STATE:IDLE
[2026-05-16 04:36:42Z] CHK MOM:0.31% RANGE:0.37% UP:41.66% SPREAD:0.06257822% BID:1.598 ASK:1.599 MID:1.5985 P1:1.5985 P2:1.5985 P3:1.597 P4:1.59799999 STATE:IDLE
[2026-05-16 04:36:43Z] CHK MOM:0.28% RANGE:0.37% UP:38.46% SPREAD:0.12523481% BID:1.597 ASK:1.599 MID:1.59799999 P1:1.59799999 P2:1.5985 P3:1.5985 P4:1.597 STATE:IDLE
[2026-05-16 04:36:44Z] CHK MOM:0.25% RANGE:0.37% UP:35.71% SPREAD:0.0626174% BID:1.597 ASK:1.598 MID:1.5975 P1:1.5975 P2:1.59799999 P3:1.5985 P4:1.5985 STATE:IDLE
[2026-05-16 04:36:44Z] CHK MOM:0.28% RANGE:0.37% UP:42.85% SPREAD:0.12523481% BID:1.597 ASK:1.599 MID:1.59799999 P1:1.59799999 P2:1.5975 P3:1.59799999 P4:1.5985 STATE:IDLE
[2026-05-16 04:36:45Z] CHK MOM:0.28% RANGE:0.37% UP:40% SPREAD:0.12523481% BID:1.597 ASK:1.599 MID:1.59799999 P1:1.59799999 P2:1.59799999 P3:1.5975 P4:1.59799999 STATE:IDLE
[2026-05-16 04:36:45Z] CHK MOM:0.4% RANGE:0.47% UP:46.66% SPREAD:0.12507817% BID:1.599 ASK:1.601 MID:1.6 P1:1.6 P2:1.59799999 P3:1.59799999 P4:1.5975 STATE:IDLE
[2026-05-16 04:36:46Z] CHK MOM:0.34% RANGE:0.47% UP:43.75% SPREAD:0.12515644% BID:1.598 ASK:1.6 MID:1.599 P1:1.599 P2:1.6 P3:1.59799999 P4:1.59799999 STATE:IDLE
[2026-05-16 04:36:46Z] CHK MOM:0.34% RANGE:0.47% UP:43.75% SPREAD:0.12523481% BID:1.597 ASK:1.599 MID:1.59799999 P1:1.59799999 P2:1.599 P3:1.6 P4:1.59799999 STATE:IDLE
[2026-05-16 04:36:47Z] CHK MOM:0.37% RANGE:0.47% UP:47.05% SPREAD:0.06257822% BID:1.598 ASK:1.599 MID:1.5985 P1:1.5985 P2:1.59799999 P3:1.599 P4:1.6 STATE:IDLE
[2026-05-16 04:36:47Z] CHK MOM:0.4% RANGE:0.47% UP:50% SPREAD:0.12515644% BID:1.598 ASK:1.6 MID:1.599 P1:1.599 P2:1.5985 P3:1.59799999 P4:1.599 STATE:IDLE
[2026-05-16 04:36:48Z] CHK MOM:0.37% RANGE:0.47% UP:47.36% SPREAD:0.06257822% BID:1.598 ASK:1.599 MID:1.5985 P1:1.5985 P2:1.599 P3:1.5985 P4:1.59799999 STATE:IDLE
[2026-05-16 04:36:49Z] CHK MOM:0.31% RANGE:0.47% UP:45% SPREAD:0.0626174% BID:1.597 ASK:1.598 MID:1.5975 P1:1.5975 P2:1.5985 P3:1.599 P4:1.5985 STATE:IDLE
[2026-05-16 04:36:49Z] CHK MOM:0.31% RANGE:0.47% UP:42.85% SPREAD:0.0626174% BID:1.597 ASK:1.598 MID:1.5975 P1:1.5975 P2:1.5975 P3:1.5985 P4:1.599 STATE:IDLE
[2026-05-16 04:36:50Z] CHK MOM:0.31% RANGE:0.47% UP:42.85% SPREAD:0.0626174% BID:1.597 ASK:1.598 MID:1.5975 P1:1.5975 P2:1.5975 P3:1.5985 P4:1.599 STATE:IDLE
[2026-05-16 04:36:50Z] CHK MOM:0.15% RANGE:0.31% UP:35% SPREAD:0.0626174% BID:1.597 ASK:1.598 MID:1.5975 P1:1.5975 P2:1.5975 P3:1.5975 P4:1.5985 STATE:IDLE
[2026-05-16 04:36:51Z] CHK MOM:0.12% RANGE:0.31% UP:33.33% SPREAD:0.12531328% BID:1.596 ASK:1.598 MID:1.597 P1:1.597 P2:1.5975 P3:1.5975 P4:1.5975 STATE:IDLE
[2026-05-16 04:36:51Z] CHK MOM:0.03% RANGE:0.18% UP:35% SPREAD:0.0626174% BID:1.597 ASK:1.598 MID:1.5975 P1:1.5975 P2:1.597 P3:1.5975 P4:1.5975 STATE:IDLE
[2026-05-16 04:36:52Z] CHK MOM:0% RANGE:0.18% UP:33.33% SPREAD:0.12531328% BID:1.596 ASK:1.598 MID:1.597 P1:1.597 P2:1.5975 P3:1.597 P4:1.5975 STATE:IDLE
[2026-05-16 04:36:52Z] CHK MOM:-0.09% RANGE:0.21% UP:28.57% SPREAD:0.18808777% BID:1.595 ASK:1.598 MID:1.5965 P1:1.5965 P2:1.597 P3:1.5975 P4:1.597 STATE:IDLE
[2026-05-16 04:36:53Z] CHK MOM:-0.09% RANGE:0.21% UP:28.57% SPREAD:0.18808777% BID:1.595 ASK:1.598 MID:1.5965 P1:1.5965 P2:1.597 P3:1.5975 P4:1.597 STATE:IDLE
[2026-05-16 04:36:53Z] CHK MOM:-0.09% RANGE:0.21% UP:28.57% SPREAD:0.18808777% BID:1.595 ASK:1.598 MID:1.5965 P1:1.5965 P2:1.597 P3:1.5975 P4:1.597 STATE:IDLE
[2026-05-16 04:36:54Z] CHK MOM:-0.09% RANGE:0.21% UP:28.57% SPREAD:0.18808777% BID:1.595 ASK:1.598 MID:1.5965 P1:1.5965 P2:1.597 P3:1.5975 P4:1.597 STATE:IDLE
[2026-05-16 04:36:55Z] CHK MOM:0.12% RANGE:0.21% UP:37.5% SPREAD:0.06253908% BID:1.599 ASK:1.6 MID:1.5995 P1:1.5995 P2:1.5965 P3:1.597 P4:1.5975 STATE:IDLE
[2026-05-16 04:36:55Z] CHK MOM:0.12% RANGE:0.21% UP:37.5% SPREAD:0.06253908% BID:1.599 ASK:1.6 MID:1.5995 P1:1.5995 P2:1.5965 P3:1.597 P4:1.5975 STATE:IDLE
[2026-05-16 04:36:56Z] CHK MOM:0.12% RANGE:0.21% UP:37.5% SPREAD:0.06253908% BID:1.599 ASK:1.6 MID:1.5995 P1:1.5995 P2:1.5965 P3:1.597 P4:1.5975 STATE:IDLE
[2026-05-16 04:36:56Z] CHK MOM:0.12% RANGE:0.21% UP:37.5% SPREAD:0.06253908% BID:1.599 ASK:1.6 MID:1.5995 P1:1.5995 P2:1.5965 P3:1.597 P4:1.5975 STATE:IDLE
[2026-05-16 04:36:57Z] CHK MOM:-0.03% RANGE:0.21% UP:28.57% SPREAD:0.06253908% BID:1.599 ASK:1.6 MID:1.5995 P1:1.5995 P2:1.5995 P3:1.5965 P4:1.597 STATE:IDLE
[2026-05-16 04:36:57Z] CHK MOM:0.03% RANGE:0.25% UP:33.33% SPREAD:0.06249999% BID:1.6 ASK:1.601 MID:1.6005 P1:1.6005 P2:1.5995 P3:1.5995 P4:1.5965 STATE:IDLE
[2026-05-16 04:36:58Z] CHK MOM:0% RANGE:0.25% UP:33.33% SPREAD:0.12515644% BID:1.598 ASK:1.6 MID:1.599 P1:1.599 P2:1.6005 P3:1.5995 P4:1.5995 STATE:IDLE
[2026-05-16 04:36:58Z] CHK MOM:0.06% RANGE:0.25% UP:33.33% SPREAD:0.12515644% BID:1.598 ASK:1.6 MID:1.599 P1:1.599 P2:1.599 P3:1.6005 P4:1.5995 STATE:IDLE
[2026-05-16 04:36:59Z] CHK MOM:0.06% RANGE:0.25% UP:28.57% SPREAD:0.12507817% BID:1.599 ASK:1.601 MID:1.6 P1:1.6 P2:1.599 P3:1.599 P4:1.6005 STATE:IDLE
[2026-05-16 04:37:00Z] CHK MOM:0.09% RANGE:0.25% UP:30.76% SPREAD:0.12515644% BID:1.598 ASK:1.6 MID:1.599 P1:1.599 P2:1.6 P3:1.599 P4:1.599 STATE:IDLE
[2026-05-16 04:37:00Z] CHK MOM:0.06% RANGE:0.25% UP:28.57% SPREAD:0.06257822% BID:1.598 ASK:1.599 MID:1.5985 P1:1.5985 P2:1.599 P3:1.6 P4:1.599 STATE:IDLE
[2026-05-16 04:37:01Z] CHK MOM:0.09% RANGE:0.25% UP:35.71% SPREAD:0.12515644% BID:1.598 ASK:1.6 MID:1.599 P1:1.599 P2:1.5985 P3:1.599 P4:1.6 STATE:IDLE
[2026-05-16 04:37:01Z] CHK MOM:0.09% RANGE:0.25% UP:35.71% SPREAD:0.12515644% BID:1.598 ASK:1.6 MID:1.599 P1:1.599 P2:1.599 P3:1.5985 P4:1.599 STATE:IDLE
[2026-05-16 04:37:02Z] CHK MOM:-0.03% RANGE:0.25% UP:33.33% SPREAD:0.12531328% BID:1.596 ASK:1.598 MID:1.597 P1:1.597 P2:1.599 P3:1.599 P4:1.5985 STATE:IDLE
[2026-05-16 04:37:02Z] CHK MOM:0.03% RANGE:0.25% UP:40% SPREAD:0.0626174% BID:1.597 ASK:1.598 MID:1.5975 P1:1.5975 P2:1.597 P3:1.599 P4:1.599 STATE:IDLE
[2026-05-16 04:37:03Z] CHK MOM:0% RANGE:0.25% UP:33.33% SPREAD:0.0626174% BID:1.597 ASK:1.598 MID:1.5975 P1:1.5975 P2:1.5975 P3:1.597 P4:1.599 STATE:IDLE
[2026-05-16 04:37:03Z] CHK MOM:0.12% RANGE:0.25% UP:40% SPREAD:0.12515644% BID:1.598 ASK:1.6 MID:1.599 P1:1.599 P2:1.5975 P3:1.5975 P4:1.597 STATE:IDLE
[2026-05-16 04:37:04Z] CHK MOM:0.15% RANGE:0.25% UP:40% SPREAD:0.12515644% BID:1.598 ASK:1.6 MID:1.599 P1:1.599 P2:1.599 P3:1.5975 P4:1.5975 STATE:IDLE
[2026-05-16 04:37:05Z] CHK MOM:-0.06% RANGE:0.21% UP:33.33% SPREAD:0.06257822% BID:1.598 ASK:1.599 MID:1.5985 P1:1.5985 P2:1.599 P3:1.599 P4:1.5975 STATE:IDLE
[2026-05-16 04:37:05Z] CHK MOM:-0.06% RANGE:0.21% UP:33.33% SPREAD:0.06257822% BID:1.598 ASK:1.599 MID:1.5985 P1:1.5985 P2:1.599 P3:1.599 P4:1.5975 STATE:IDLE
[2026-05-16 04:37:06Z] CHK MOM:-0.06% RANGE:0.21% UP:33.33% SPREAD:0.06257822% BID:1.598 ASK:1.599 MID:1.5985 P1:1.5985 P2:1.599 P3:1.599 P4:1.5975 STATE:IDLE
[2026-05-16 04:37:06Z] CHK MOM:-0.06% RANGE:0.21% UP:33.33% SPREAD:0.06257822% BID:1.598 ASK:1.599 MID:1.5985 P1:1.5985 P2:1.599 P3:1.599 P4:1.5975 STATE:IDLE
[2026-05-16 04:37:07Z] CHK MOM:-0.06% RANGE:0.21% UP:31.25% SPREAD:0.06257822% BID:1.598 ASK:1.599 MID:1.5985 P1:1.5985 P2:1.5985 P3:1.599 P4:1.599 STATE:IDLE
[2026-05-16 04:37:07Z] CHK MOM:-0.06% RANGE:0.21% UP:31.25% SPREAD:0.06257822% BID:1.598 ASK:1.599 MID:1.5985 P1:1.5985 P2:1.5985 P3:1.599 P4:1.599 STATE:IDLE
[2026-05-16 04:37:08Z] CHK MOM:-0.06% RANGE:0.21% UP:31.25% SPREAD:0.06257822% BID:1.598 ASK:1.599 MID:1.5985 P1:1.5985 P2:1.5985 P3:1.599 P4:1.599 STATE:IDLE
[2026-05-16 04:37:08Z] CHK MOM:-0.03% RANGE:0.21% UP:37.5% SPREAD:0.12515644% BID:1.598 ASK:1.6 MID:1.599 P1:1.599 P2:1.5985 P3:1.5985 P4:1.599 STATE:IDLE
[2026-05-16 04:37:09Z] CHK MOM:0.09% RANGE:0.25% UP:41.17% SPREAD:0.125% BID:1.6 ASK:1.602 MID:1.601 P1:1.601 P2:1.599 P3:1.5985 P4:1.5985 STATE:IDLE
[2026-05-16 04:37:09Z] CHK MOM:0.03% RANGE:0.25% UP:37.5% SPREAD:0.06253908% BID:1.599 ASK:1.6 MID:1.5995 P1:1.5995 P2:1.601 P3:1.599 P4:1.5985 STATE:IDLE
[2026-05-16 04:37:10Z] CHK MOM:0.03% RANGE:0.25% UP:35.29% SPREAD:0.06253908% BID:1.599 ASK:1.6 MID:1.5995 P1:1.5995 P2:1.5995 P3:1.601 P4:1.599 STATE:IDLE
[2026-05-16 04:37:11Z] CHK MOM:0.03% RANGE:0.25% UP:35.29% SPREAD:0.06253908% BID:1.599 ASK:1.6 MID:1.5995 P1:1.5995 P2:1.5995 P3:1.601 P4:1.599 STATE:IDLE
[2026-05-16 04:37:11Z] CHK MOM:0.03% RANGE:0.25% UP:35.29% SPREAD:0.06253908% BID:1.599 ASK:1.6 MID:1.5995 P1:1.5995 P2:1.5995 P3:1.601 P4:1.599 STATE:IDLE
[2026-05-16 04:37:12Z] CHK MOM:0.03% RANGE:0.25% UP:35.29% SPREAD:0.06253908% BID:1.599 ASK:1.6 MID:1.5995 P1:1.5995 P2:1.5995 P3:1.601 P4:1.599 STATE:IDLE
[2026-05-16 04:37:12Z] CHK MOM:0.06% RANGE:0.25% UP:35.71% SPREAD:0.06253908% BID:1.599 ASK:1.6 MID:1.5995 P1:1.5995 P2:1.5995 P3:1.5995 P4:1.601 STATE:IDLE
[2026-05-16 04:37:13Z] CHK MOM:0.06% RANGE:0.25% UP:35.71% SPREAD:0.06253908% BID:1.599 ASK:1.6 MID:1.5995 P1:1.5995 P2:1.5995 P3:1.5995 P4:1.601 STATE:IDLE
[2026-05-16 04:37:13Z] CHK MOM:0.09% RANGE:0.25% UP:33.33% SPREAD:0.06257822% BID:1.598 ASK:1.599 MID:1.5985 P1:1.5985 P2:1.5995 P3:1.5995 P4:1.5995 STATE:IDLE
[2026-05-16 04:37:14Z] CHK MOM:0.09% RANGE:0.25% UP:30.76% SPREAD:0.06257822% BID:1.598 ASK:1.599 MID:1.5985 P1:1.5985 P2:1.5985 P3:1.5995 P4:1.5995 STATE:IDLE
[2026-05-16 04:37:14Z] CHK MOM:0.06% RANGE:0.21% UP:23.07% SPREAD:0.06257822% BID:1.598 ASK:1.599 MID:1.5985 P1:1.5985 P2:1.5985 P3:1.5985 P4:1.5995 STATE:IDLE
[2026-05-16 04:37:15Z] CHK MOM:0.06% RANGE:0.21% UP:23.07% SPREAD:0.06257822% BID:1.598 ASK:1.599 MID:1.5985 P1:1.5985 P2:1.5985 P3:1.5985 P4:1.5995 STATE:IDLE
[2026-05-16 04:37:16Z] CHK MOM:0.06% RANGE:0.21% UP:23.07% SPREAD:0.06257822% BID:1.598 ASK:1.599 MID:1.5985 P1:1.5985 P2:1.5985 P3:1.5985 P4:1.5995 STATE:IDLE
[2026-05-16 04:37:16Z] CHK MOM:-0.15% RANGE:0.31% UP:22.22% SPREAD:0.12539184% BID:1.595 ASK:1.597 MID:1.596 P1:1.596 P2:1.5985 P3:1.5985 P4:1.5985 STATE:IDLE
[2026-05-16 04:37:17Z] CHK MOM:-0.15% RANGE:0.31% UP:20% SPREAD:0.12539184% BID:1.595 ASK:1.597 MID:1.596 P1:1.596 P2:1.596 P3:1.5985 P4:1.5985 STATE:IDLE
[2026-05-16 04:37:17Z] CHK MOM:-0.15% RANGE:0.31% UP:20% SPREAD:0.12539184% BID:1.595 ASK:1.597 MID:1.596 P1:1.596 P2:1.596 P3:1.5985 P4:1.5985 STATE:IDLE
[2026-05-16 04:37:18Z] CHK MOM:-0.15% RANGE:0.31% UP:20% SPREAD:0.12539184% BID:1.595 ASK:1.597 MID:1.596 P1:1.596 P2:1.596 P3:1.5985 P4:1.5985 STATE:IDLE
[2026-05-16 04:37:18Z] CHK MOM:-0.18% RANGE:0.34% UP:18.18% SPREAD:0.06269592% BID:1.595 ASK:1.596 MID:1.5955 P1:1.5955 P2:1.596 P3:1.596 P4:1.5985 STATE:IDLE
[2026-05-16 04:37:19Z] CHK MOM:-0.18% RANGE:0.34% UP:18.18% SPREAD:0.06269592% BID:1.595 ASK:1.596 MID:1.5955 P1:1.5955 P2:1.596 P3:1.596 P4:1.5985 STATE:IDLE
[2026-05-16 04:37:19Z] CHK MOM:-0.18% RANGE:0.34% UP:18.18% SPREAD:0.06269592% BID:1.595 ASK:1.596 MID:1.5955 P1:1.5955 P2:1.596 P3:1.596 P4:1.5985 STATE:IDLE
[2026-05-16 04:37:20Z] CHK MOM:-0.18% RANGE:0.34% UP:18.18% SPREAD:0.06269592% BID:1.595 ASK:1.596 MID:1.5955 P1:1.5955 P2:1.596 P3:1.596 P4:1.5985 STATE:IDLE
[2026-05-16 04:37:20Z] CHK MOM:-0.18% RANGE:0.34% UP:18.18% SPREAD:0.06269592% BID:1.595 ASK:1.596 MID:1.5955 P1:1.5955 P2:1.596 P3:1.596 P4:1.5985 STATE:IDLE
[2026-05-16 04:37:21Z] CHK MOM:-0.24% RANGE:0.34% UP:10% SPREAD:0.12531328% BID:1.596 ASK:1.598 MID:1.597 P1:1.597 P2:1.5955 P3:1.596 P4:1.596 STATE:IDLE
[2026-05-16 04:37:22Z] CHK MOM:-0.12% RANGE:0.25% UP:25% SPREAD:0.0626174% BID:1.597 ASK:1.598 MID:1.5975 P1:1.5975 P2:1.597 P3:1.5955 P4:1.596 STATE:IDLE
[2026-05-16 04:37:22Z] CHK MOM:-0.12% RANGE:0.25% UP:22.22% SPREAD:0.0626174% BID:1.597 ASK:1.598 MID:1.5975 P1:1.5975 P2:1.5975 P3:1.597 P4:1.5955 STATE:IDLE
[2026-05-16 04:37:23Z] CHK MOM:-0.21% RANGE:0.25% UP:20% SPREAD:0.12539184% BID:1.595 ASK:1.597 MID:1.596 P1:1.596 P2:1.5975 P3:1.5975 P4:1.597 STATE:IDLE
[2026-05-16 04:37:23Z] CHK MOM:-0.21% RANGE:0.25% UP:18.18% SPREAD:0.12539184% BID:1.595 ASK:1.597 MID:1.596 P1:1.596 P2:1.596 P3:1.5975 P4:1.5975 STATE:IDLE
[2026-05-16 04:37:24Z] CHK MOM:-0.21% RANGE:0.25% UP:16.66% SPREAD:0.12539184% BID:1.595 ASK:1.597 MID:1.596 P1:1.596 P2:1.596 P3:1.596 P4:1.5975 STATE:IDLE
[2026-05-16 04:37:24Z] CHK MOM:-0.21% RANGE:0.25% UP:16.66% SPREAD:0.12539184% BID:1.595 ASK:1.597 MID:1.596 P1:1.596 P2:1.596 P3:1.596 P4:1.5975 STATE:IDLE
[2026-05-16 04:37:25Z] CHK MOM:-0.15% RANGE:0.18% UP:16.66% SPREAD:0.12539184% BID:1.595 ASK:1.597 MID:1.596 P1:1.596 P2:1.596 P3:1.596 P4:1.596 STATE:IDLE
[2026-05-16 04:37:25Z] CHK MOM:-0.21% RANGE:0.21% UP:15.38% SPREAD:0.12547051% BID:1.594 ASK:1.596 MID:1.595 P1:1.595 P2:1.596 P3:1.596 P4:1.596 STATE:IDLE
[2026-05-16 04:37:26Z] CHK MOM:-0.21% RANGE:0.21% UP:15.38% SPREAD:0.12547051% BID:1.594 ASK:1.596 MID:1.595 P1:1.595 P2:1.595 P3:1.596 P4:1.596 STATE:IDLE
[2026-05-16 04:37:27Z] CHK MOM:-0.21% RANGE:0.21% UP:15.38% SPREAD:0.12547051% BID:1.594 ASK:1.596 MID:1.595 P1:1.595 P2:1.595 P3:1.596 P4:1.596 STATE:IDLE
[2026-05-16 04:37:27Z] CHK MOM:-0.12% RANGE:0.21% UP:16.66% SPREAD:0.12554927% BID:1.593 ASK:1.595 MID:1.59399999 P1:1.59399999 P2:1.595 P3:1.595 P4:1.596 STATE:IDLE
[2026-05-16 04:37:28Z] CHK MOM:-0.12% RANGE:0.21% UP:15.38% SPREAD:0.12554927% BID:1.593 ASK:1.595 MID:1.59399999 P1:1.59399999 P2:1.59399999 P3:1.595 P4:1.595 STATE:IDLE
[2026-05-16 04:37:28Z] CHK MOM:-0.06% RANGE:0.21% UP:21.42% SPREAD:0.12547051% BID:1.594 ASK:1.596 MID:1.595 P1:1.595 P2:1.59399999 P3:1.59399999 P4:1.595 STATE:IDLE
[2026-05-16 04:37:29Z] CHK MOM:-0.06% RANGE:0.21% UP:23.07% SPREAD:0.06273525% BID:1.594 ASK:1.595 MID:1.5945 P1:1.5945 P2:1.595 P3:1.59399999 P4:1.59399999 STATE:IDLE
[2026-05-16 04:37:29Z] CHK MOM:-0.09% RANGE:0.21% UP:21.42% SPREAD:0.12554927% BID:1.593 ASK:1.595 MID:1.59399999 P1:1.59399999 P2:1.5945 P3:1.595 P4:1.59399999 STATE:IDLE
[2026-05-16 04:37:30Z] CHK MOM:-0.09% RANGE:0.21% UP:20% SPREAD:0.12554927% BID:1.593 ASK:1.595 MID:1.59399999 P1:1.59399999 P2:1.59399999 P3:1.5945 P4:1.595 STATE:IDLE
[2026-05-16 04:37:30Z] CHK MOM:-0.06% RANGE:0.21% UP:25% SPREAD:0.06273525% BID:1.594 ASK:1.595 MID:1.5945 P1:1.5945 P2:1.59399999 P3:1.59399999 P4:1.5945 STATE:IDLE
[2026-05-16 04:37:31Z] CHK MOM:-0.18% RANGE:0.21% UP:18.75% SPREAD:0.12554927% BID:1.593 ASK:1.595 MID:1.59399999 P1:1.59399999 P2:1.5945 P3:1.59399999 P4:1.59399999 STATE:IDLE
[2026-05-16 04:37:31Z] CHK MOM:-0.18% RANGE:0.21% UP:17.64% SPREAD:0.12554927% BID:1.593 ASK:1.595 MID:1.59399999 P1:1.59399999 P2:1.59399999 P3:1.5945 P4:1.59399999 STATE:IDLE
[2026-05-16 04:37:32Z] CHK MOM:-0.18% RANGE:0.21% UP:17.64% SPREAD:0.12554927% BID:1.593 ASK:1.595 MID:1.59399999 P1:1.59399999 P2:1.59399999 P3:1.5945 P4:1.59399999 STATE:IDLE
[2026-05-16 04:37:33Z] CHK MOM:-0.12% RANGE:0.21% UP:22.22% SPREAD:0.12547051% BID:1.594 ASK:1.596 MID:1.595 P1:1.595 P2:1.59399999 P3:1.59399999 P4:1.5945 STATE:IDLE
[2026-05-16 04:37:33Z] CHK MOM:-0.18% RANGE:0.21% UP:16.66% SPREAD:0.18832391% BID:1.593 ASK:1.596 MID:1.5945 P1:1.5945 P2:1.595 P3:1.59399999 P4:1.59399999 STATE:IDLE
[2026-05-16 04:37:34Z] CHK MOM:-0.21% RANGE:0.21% UP:15.78% SPREAD:0.12554927% BID:1.593 ASK:1.595 MID:1.59399999 P1:1.59399999 P2:1.5945 P3:1.595 P4:1.59399999 STATE:IDLE
[2026-05-16 04:37:34Z] CHK MOM:-0.21% RANGE:0.21% UP:15.78% SPREAD:0.12554927% BID:1.593 ASK:1.595 MID:1.59399999 P1:1.59399999 P2:1.59399999 P3:1.5945 P4:1.595 STATE:IDLE
[2026-05-16 04:37:35Z] CHK MOM:-0.21% RANGE:0.21% UP:15.78% SPREAD:0.12554927% BID:1.593 ASK:1.595 MID:1.59399999 P1:1.59399999 P2:1.59399999 P3:1.5945 P4:1.595 STATE:IDLE
[2026-05-16 04:37:35Z] CHK MOM:-0.12% RANGE:0.12% UP:16.66% SPREAD:0.12554927% BID:1.593 ASK:1.595 MID:1.59399999 P1:1.59399999 P2:1.59399999 P3:1.59399999 P4:1.5945 STATE:IDLE
[2026-05-16 04:37:36Z] CHK MOM:-0.12% RANGE:0.12% UP:17.64% SPREAD:0.12554927% BID:1.593 ASK:1.595 MID:1.59399999 P1:1.59399999 P2:1.59399999 P3:1.59399999 P4:1.59399999 STATE:IDLE
[2026-05-16 04:37:36Z] CHK MOM:0% RANGE:0.12% UP:22.22% SPREAD:0.12539184% BID:1.595 ASK:1.597 MID:1.596 P1:1.596 P2:1.59399999 P3:1.59399999 P4:1.59399999 STATE:IDLE
[2026-05-16 04:37:37Z] CHK MOM:0.06% RANGE:0.18% UP:26.31% SPREAD:0.12531328% BID:1.596 ASK:1.598 MID:1.597 P1:1.597 P2:1.596 P3:1.59399999 P4:1.59399999 STATE:IDLE
[2026-05-16 04:37:38Z] CHK MOM:0.09% RANGE:0.18% UP:26.31% SPREAD:0.06265664% BID:1.596 ASK:1.597 MID:1.5965 P1:1.5965 P2:1.597 P3:1.596 P4:1.59399999 STATE:IDLE
[2026-05-16 04:37:38Z] CHK MOM:0.09% RANGE:0.18% UP:26.31% SPREAD:0.06265664% BID:1.596 ASK:1.597 MID:1.5965 P1:1.5965 P2:1.597 P3:1.596 P4:1.59399999 STATE:IDLE
[2026-05-16 04:37:39Z] CHK MOM:0.09% RANGE:0.18% UP:26.31% SPREAD:0.06265664% BID:1.596 ASK:1.597 MID:1.5965 P1:1.5965 P2:1.597 P3:1.596 P4:1.59399999 STATE:IDLE
[2026-05-16 04:37:39Z] CHK MOM:0.18% RANGE:0.18% UP:35.29% SPREAD:0.12531328% BID:1.596 ASK:1.598 MID:1.597 P1:1.597 P2:1.5965 P3:1.597 P4:1.596 STATE:IDLE
[2026-05-16 04:37:40Z] CHK MOM:0.12% RANGE:0.18% UP:33.33% SPREAD:0.12539184% BID:1.595 ASK:1.597 MID:1.596 P1:1.596 P2:1.597 P3:1.5965 P4:1.597 STATE:IDLE
[2026-05-16 04:37:40Z] CHK MOM:0.06% RANGE:0.18% UP:27.77% SPREAD:0.12539184% BID:1.595 ASK:1.597 MID:1.596 P1:1.596 P2:1.596 P3:1.597 P4:1.5965 STATE:IDLE
[2026-05-16 04:37:41Z] CHK MOM:0.06% RANGE:0.18% UP:29.41% SPREAD:0.12547051% BID:1.594 ASK:1.596 MID:1.595 P1:1.595 P2:1.596 P3:1.596 P4:1.597 STATE:IDLE
[2026-05-16 04:37:41Z] CHK MOM:0.06% RANGE:0.18% UP:27.77% SPREAD:0.12547051% BID:1.594 ASK:1.596 MID:1.595 P1:1.595 P2:1.595 P3:1.596 P4:1.596 STATE:IDLE
[2026-05-16 04:37:42Z] CHK MOM:0.03% RANGE:0.18% UP:23.52% SPREAD:0.12547051% BID:1.594 ASK:1.596 MID:1.595 P1:1.595 P2:1.595 P3:1.595 P4:1.596 STATE:IDLE
[2026-05-16 04:37:42Z] CHK MOM:0.03% RANGE:0.18% UP:23.52% SPREAD:0.12547051% BID:1.594 ASK:1.596 MID:1.595 P1:1.595 P2:1.595 P3:1.595 P4:1.596 STATE:IDLE
[2026-05-16 04:37:43Z] CHK MOM:0.03% RANGE:0.18% UP:23.52% SPREAD:0.12547051% BID:1.594 ASK:1.596 MID:1.595 P1:1.595 P2:1.595 P3:1.595 P4:1.596 STATE:IDLE
[2026-05-16 04:37:44Z] CHK MOM:0.06% RANGE:0.18% UP:26.66% SPREAD:0.12539184% BID:1.595 ASK:1.597 MID:1.596 P1:1.596 P2:1.595 P3:1.595 P4:1.595 STATE:IDLE
[2026-05-16 04:37:44Z] CHK MOM:0.18% RANGE:0.25% UP:31.25% SPREAD:0.12523481% BID:1.597 ASK:1.599 MID:1.59799999 P1:1.59799999 P2:1.596 P3:1.595 P4:1.595 STATE:IDLE
[2026-05-16 04:37:45Z] CHK MOM:0.21% RANGE:0.25% UP:31.25% SPREAD:0.12523481% BID:1.597 ASK:1.599 MID:1.59799999 P1:1.59799999 P2:1.59799999 P3:1.596 P4:1.595 STATE:IDLE
[2026-05-16 04:37:45Z] CHK MOM:0.28% RANGE:0.31% UP:35.29% SPREAD:0.12515644% BID:1.598 ASK:1.6 MID:1.599 P1:1.599 P2:1.59799999 P3:1.59799999 P4:1.596 STATE:IDLE
[2026-05-16 04:37:46Z] CHK MOM:0.31% RANGE:0.31% UP:35.29% SPREAD:0.12515644% BID:1.598 ASK:1.6 MID:1.599 P1:1.599 P2:1.599 P3:1.59799999 P4:1.59799999 STATE:IDLE
[2026-05-16 04:37:46Z] CHK MOM:0.37% RANGE:0.37% UP:43.75% SPREAD:0.12507817% BID:1.599 ASK:1.601 MID:1.6 P1:1.6 P2:1.599 P3:1.599 P4:1.59799999 STATE:IDLE
[2026-05-16 04:37:47Z] CHK MOM:0.37% RANGE:0.37% UP:41.17% SPREAD:0.12507817% BID:1.599 ASK:1.601 MID:1.6 P1:1.6 P2:1.6 P3:1.599 P4:1.599 STATE:IDLE
[2026-05-16 04:37:47Z] CHK MOM:0.37% RANGE:0.37% UP:41.17% SPREAD:0.12507817% BID:1.599 ASK:1.601 MID:1.6 P1:1.6 P2:1.6 P3:1.599 P4:1.599 STATE:IDLE
[2026-05-16 04:37:48Z] CHK MOM:0.37% RANGE:0.37% UP:41.17% SPREAD:0.12507817% BID:1.599 ASK:1.601 MID:1.6 P1:1.6 P2:1.6 P3:1.599 P4:1.599 STATE:IDLE
[2026-05-16 04:37:49Z] CHK MOM:0.37% RANGE:0.37% UP:41.17% SPREAD:0.12507817% BID:1.599 ASK:1.601 MID:1.6 P1:1.6 P2:1.6 P3:1.599 P4:1.599 STATE:IDLE
[2026-05-16 04:37:49Z] CHK MOM:0.37% RANGE:0.37% UP:41.17% SPREAD:0.12507817% BID:1.599 ASK:1.601 MID:1.6 P1:1.6 P2:1.6 P3:1.599 P4:1.599 STATE:IDLE
[2026-05-16 04:37:50Z] CHK MOM:0.06% RANGE:0.31% UP:30.76% SPREAD:0.12523481% BID:1.597 ASK:1.599 MID:1.59799999 P1:1.59799999 P2:1.6 P3:1.6 P4:1.599 STATE:IDLE
[2026-05-16 04:37:50Z] CHK MOM:0.06% RANGE:0.31% UP:28.57% SPREAD:0.12523481% BID:1.597 ASK:1.599 MID:1.59799999 P1:1.59799999 P2:1.59799999 P3:1.6 P4:1.6 STATE:IDLE
[2026-05-16 04:37:51Z] CHK MOM:0.06% RANGE:0.31% UP:26.66% SPREAD:0.12523481% BID:1.597 ASK:1.599 MID:1.59799999 P1:1.59799999 P2:1.59799999 P3:1.59799999 P4:1.6 STATE:IDLE
[2026-05-16 04:37:51Z] CHK MOM:0.06% RANGE:0.31% UP:25% SPREAD:0.12523481% BID:1.597 ASK:1.599 MID:1.59799999 P1:1.59799999 P2:1.59799999 P3:1.59799999 P4:1.59799999 STATE:IDLE
[2026-05-16 04:37:52Z] CHK MOM:0.15% RANGE:0.31% UP:31.25% SPREAD:0.06257822% BID:1.598 ASK:1.599 MID:1.5985 P1:1.5985 P2:1.59799999 P3:1.59799999 P4:1.59799999 STATE:IDLE
[2026-05-16 04:37:52Z] CHK MOM:0.21% RANGE:0.31% UP:33.33% SPREAD:0.06257822% BID:1.598 ASK:1.599 MID:1.5985 P1:1.5985 P2:1.5985 P3:1.59799999 P4:1.59799999 STATE:IDLE
[2026-05-16 04:37:53Z] CHK MOM:0.21% RANGE:0.31% UP:33.33% SPREAD:0.06257822% BID:1.598 ASK:1.599 MID:1.5985 P1:1.5985 P2:1.5985 P3:1.59799999 P4:1.59799999 STATE:IDLE
[2026-05-16 04:37:53Z] CHK MOM:0.21% RANGE:0.31% UP:33.33% SPREAD:0.06257822% BID:1.598 ASK:1.599 MID:1.5985 P1:1.5985 P2:1.5985 P3:1.59799999 P4:1.59799999 STATE:IDLE
[2026-05-16 04:37:54Z] CHK MOM:0.21% RANGE:0.31% UP:33.33% SPREAD:0.06257822% BID:1.598 ASK:1.599 MID:1.5985 P1:1.5985 P2:1.5985 P3:1.59799999 P4:1.59799999 STATE:IDLE
[2026-05-16 04:37:55Z] CHK MOM:0.18% RANGE:0.25% UP:38.46% SPREAD:0.12515644% BID:1.598 ASK:1.6 MID:1.599 P1:1.599 P2:1.5985 P3:1.5985 P4:1.59799999 STATE:IDLE
[2026-05-16 04:37:55Z] CHK MOM:0.18% RANGE:0.25% UP:38.46% SPREAD:0.12515644% BID:1.598 ASK:1.6 MID:1.599 P1:1.599 P2:1.5985 P3:1.5985 P4:1.59799999 STATE:IDLE
[2026-05-16 04:37:56Z] CHK MOM:0.06% RANGE:0.25% UP:35.71% SPREAD:0.12531328% BID:1.596 ASK:1.598 MID:1.597 P1:1.597 P2:1.599 P3:1.5985 P4:1.5985 STATE:IDLE
[2026-05-16 04:37:56Z] CHK MOM:-0.12% RANGE:0.25% UP:28.57% SPREAD:0.12539184% BID:1.595 ASK:1.597 MID:1.596 P1:1.596 P2:1.597 P3:1.599 P4:1.5985 STATE:IDLE
[2026-05-16 04:37:57Z] CHK MOM:-0.15% RANGE:0.25% UP:30.76% SPREAD:0.06265664% BID:1.596 ASK:1.597 MID:1.5965 P1:1.5965 P2:1.596 P3:1.597 P4:1.599 STATE:IDLE
[2026-05-16 04:37:57Z] CHK MOM:-0.12% RANGE:0.25% UP:35.71% SPREAD:0.12531328% BID:1.596 ASK:1.598 MID:1.597 P1:1.597 P2:1.5965 P3:1.596 P4:1.597 STATE:IDLE
[2026-05-16 04:37:58Z] CHK MOM:-0.18% RANGE:0.25% UP:30.76% SPREAD:0.12531328% BID:1.596 ASK:1.598 MID:1.597 P1:1.597 P2:1.597 P3:1.5965 P4:1.596 STATE:IDLE
[2026-05-16 04:37:58Z] CHK MOM:-0.25% RANGE:0.25% UP:28.57% SPREAD:0.12539184% BID:1.595 ASK:1.597 MID:1.596 P1:1.596 P2:1.597 P3:1.597 P4:1.5965 STATE:IDLE
[2026-05-16 04:37:59Z] CHK MOM:-0.21% RANGE:0.25% UP:35.71% SPREAD:0.06265664% BID:1.596 ASK:1.597 MID:1.5965 P1:1.5965 P2:1.596 P3:1.597 P4:1.597 STATE:IDLE
[2026-05-16 04:38:00Z] CHK MOM:-0.06% RANGE:0.18% UP:42.85% SPREAD:0.12531328% BID:1.596 ASK:1.598 MID:1.597 P1:1.597 P2:1.5965 P3:1.596 P4:1.597 STATE:IDLE
[2026-05-16 04:38:00Z] CHK MOM:-0.09% RANGE:0.18% UP:40% SPREAD:0.06265664% BID:1.596 ASK:1.597 MID:1.5965 P1:1.5965 P2:1.597 P3:1.5965 P4:1.596 STATE:IDLE
[2026-05-16 04:38:01Z] CHK MOM:-0.09% RANGE:0.18% UP:37.5% SPREAD:0.06265664% BID:1.596 ASK:1.597 MID:1.5965 P1:1.5965 P2:1.5965 P3:1.597 P4:1.5965 STATE:IDLE
[2026-05-16 04:38:01Z] CHK MOM:0% RANGE:0.18% UP:41.17% SPREAD:0.12523481% BID:1.597 ASK:1.599 MID:1.59799999 P1:1.59799999 P2:1.5965 P3:1.5965 P4:1.597 STATE:IDLE
[2026-05-16 04:38:02Z] CHK MOM:-0.09% RANGE:0.18% UP:38.88% SPREAD:0.06265664% BID:1.596 ASK:1.597 MID:1.5965 P1:1.5965 P2:1.59799999 P3:1.5965 P4:1.5965 STATE:IDLE
[2026-05-16 04:38:02Z] CHK MOM:-0.09% RANGE:0.18% UP:38.88% SPREAD:0.06265664% BID:1.596 ASK:1.597 MID:1.5965 P1:1.5965 P2:1.5965 P3:1.59799999 P4:1.5965 STATE:IDLE
[2026-05-16 04:38:03Z] CHK MOM:-0.06% RANGE:0.18% UP:47.05% SPREAD:0.12531328% BID:1.596 ASK:1.598 MID:1.597 P1:1.597 P2:1.5965 P3:1.5965 P4:1.59799999 STATE:IDLE
[2026-05-16 04:38:03Z] CHK MOM:-0.03% RANGE:0.18% UP:50% SPREAD:0.0626174% BID:1.597 ASK:1.598 MID:1.5975 P1:1.5975 P2:1.597 P3:1.5965 P4:1.5965 STATE:IDLE
[2026-05-16 04:38:04Z] CHK MOM:-0.03% RANGE:0.18% UP:50% SPREAD:0.0626174% BID:1.597 ASK:1.598 MID:1.5975 P1:1.5975 P2:1.597 P3:1.5965 P4:1.5965 STATE:IDLE
[2026-05-16 04:38:04Z] CHK MOM:-0.03% RANGE:0.18% UP:50% SPREAD:0.0626174% BID:1.597 ASK:1.598 MID:1.5975 P1:1.5975 P2:1.597 P3:1.5965 P4:1.5965 STATE:IDLE
[2026-05-16 04:38:05Z] CHK MOM:-0.03% RANGE:0.18% UP:50% SPREAD:0.0626174% BID:1.597 ASK:1.598 MID:1.5975 P1:1.5975 P2:1.597 P3:1.5965 P4:1.5965 STATE:IDLE
[2026-05-16 04:38:06Z] CHK MOM:-0.06% RANGE:0.18% UP:50% SPREAD:0.12523481% BID:1.597 ASK:1.599 MID:1.59799999 P1:1.59799999 P2:1.5975 P3:1.597 P4:1.5965 STATE:IDLE
[2026-05-16 04:38:06Z] CHK MOM:-0.06% RANGE:0.18% UP:47.05% SPREAD:0.12523481% BID:1.597 ASK:1.599 MID:1.59799999 P1:1.59799999 P2:1.59799999 P3:1.5975 P4:1.597 STATE:IDLE
[2026-05-16 04:38:07Z] CHK MOM:-0.06% RANGE:0.18% UP:47.05% SPREAD:0.12523481% BID:1.597 ASK:1.599 MID:1.59799999 P1:1.59799999 P2:1.59799999 P3:1.5975 P4:1.597 STATE:IDLE
[2026-05-16 04:38:07Z] CHK MOM:-0.06% RANGE:0.18% UP:47.05% SPREAD:0.12523481% BID:1.597 ASK:1.599 MID:1.59799999 P1:1.59799999 P2:1.59799999 P3:1.5975 P4:1.597 STATE:IDLE
[2026-05-16 04:38:08Z] CHK MOM:-0.06% RANGE:0.18% UP:47.05% SPREAD:0.12523481% BID:1.597 ASK:1.599 MID:1.59799999 P1:1.59799999 P2:1.59799999 P3:1.5975 P4:1.597 STATE:IDLE
[2026-05-16 04:38:08Z] CHK MOM:-0.06% RANGE:0.18% UP:47.05% SPREAD:0.12523481% BID:1.597 ASK:1.599 MID:1.59799999 P1:1.59799999 P2:1.59799999 P3:1.5975 P4:1.597 STATE:IDLE
[2026-05-16 04:38:09Z] CHK MOM:0.03% RANGE:0.12% UP:46.66% SPREAD:0.12531328% BID:1.596 ASK:1.598 MID:1.597 P1:1.597 P2:1.59799999 P3:1.59799999 P4:1.5975 STATE:IDLE
[2026-05-16 04:38:09Z] CHK MOM:0% RANGE:0.12% UP:40% SPREAD:0.12531328% BID:1.596 ASK:1.598 MID:1.597 P1:1.597 P2:1.597 P3:1.59799999 P4:1.59799999 STATE:IDLE
[2026-05-16 04:38:10Z] CHK MOM:0.09% RANGE:0.12% UP:50% SPREAD:0.0626174% BID:1.597 ASK:1.598 MID:1.5975 P1:1.5975 P2:1.597 P3:1.597 P4:1.59799999 STATE:IDLE
[2026-05-16 04:38:11Z] CHK MOM:0% RANGE:0.09% UP:38.46% SPREAD:0.12531328% BID:1.596 ASK:1.598 MID:1.597 P1:1.597 P2:1.5975 P3:1.597 P4:1.597 STATE:IDLE
[2026-05-16 04:38:11Z] CHK MOM:0.03% RANGE:0.09% UP:42.85% SPREAD:0.0626174% BID:1.597 ASK:1.598 MID:1.5975 P1:1.5975 P2:1.597 P3:1.5975 P4:1.597 STATE:IDLE
[2026-05-16 04:38:12Z] CHK MOM:0.06% RANGE:0.09% UP:42.85% SPREAD:0.0626174% BID:1.597 ASK:1.598 MID:1.5975 P1:1.5975 P2:1.5975 P3:1.597 P4:1.5975 STATE:IDLE
[2026-05-16 04:38:12Z] CHK MOM:0% RANGE:0.09% UP:42.85% SPREAD:0.06265664% BID:1.596 ASK:1.597 MID:1.5965 P1:1.5965 P2:1.5975 P3:1.5975 P4:1.597 STATE:IDLE
[2026-05-16 04:38:13Z] CHK MOM:-0.06% RANGE:0.09% UP:42.85% SPREAD:0.12531328% BID:1.596 ASK:1.598 MID:1.597 P1:1.597 P2:1.5965 P3:1.5975 P4:1.5975 STATE:IDLE
[2026-05-16 04:38:13Z] CHK MOM:-0.12% RANGE:0.12% UP:40% SPREAD:0.12539184% BID:1.595 ASK:1.597 MID:1.596 P1:1.596 P2:1.597 P3:1.5965 P4:1.5975 STATE:IDLE
[2026-05-16 04:38:14Z] CHK MOM:-0.09% RANGE:0.18% UP:42.85% SPREAD:0.12547051% BID:1.594 ASK:1.596 MID:1.595 P1:1.595 P2:1.596 P3:1.597 P4:1.5965 STATE:IDLE
[2026-05-16 04:38:14Z] CHK MOM:-0.12% RANGE:0.21% UP:40% SPREAD:0.06273525% BID:1.594 ASK:1.595 MID:1.5945 P1:1.5945 P2:1.595 P3:1.596 P4:1.597 STATE:IDLE
[2026-05-16 04:38:15Z] CHK MOM:-0.12% RANGE:0.21% UP:40% SPREAD:0.06273525% BID:1.594 ASK:1.595 MID:1.5945 P1:1.5945 P2:1.595 P3:1.596 P4:1.597 STATE:IDLE
[2026-05-16 04:38:16Z] CHK MOM:-0.21% RANGE:0.21% UP:23.07% SPREAD:0.06273525% BID:1.594 ASK:1.595 MID:1.5945 P1:1.5945 P2:1.5945 P3:1.595 P4:1.596 STATE:IDLE
[2026-05-16 04:38:16Z] CHK MOM:-0.21% RANGE:0.21% UP:23.07% SPREAD:0.06273525% BID:1.594 ASK:1.595 MID:1.5945 P1:1.5945 P2:1.5945 P3:1.595 P4:1.596 STATE:IDLE
[2026-05-16 04:38:17Z] CHK MOM:-0.12% RANGE:0.21% UP:28.57% SPREAD:0.12539184% BID:1.595 ASK:1.597 MID:1.596 P1:1.596 P2:1.5945 P3:1.5945 P4:1.595 STATE:IDLE
[2026-05-16 04:38:17Z] CHK MOM:-0.12% RANGE:0.21% UP:26.66% SPREAD:0.12539184% BID:1.595 ASK:1.597 MID:1.596 P1:1.596 P2:1.596 P3:1.5945 P4:1.5945 STATE:IDLE
[2026-05-16 04:38:18Z] CHK MOM:-0.09% RANGE:0.21% UP:33.33% SPREAD:0.06265664% BID:1.596 ASK:1.597 MID:1.5965 P1:1.5965 P2:1.596 P3:1.596 P4:1.5945 STATE:IDLE
[2026-05-16 04:38:18Z] CHK MOM:-0.06% RANGE:0.18% UP:33.33% SPREAD:0.12539184% BID:1.595 ASK:1.597 MID:1.596 P1:1.596 P2:1.5965 P3:1.596 P4:1.596 STATE:IDLE
[2026-05-16 04:38:19Z] CHK MOM:-0.06% RANGE:0.18% UP:31.25% SPREAD:0.12539184% BID:1.595 ASK:1.597 MID:1.596 P1:1.596 P2:1.596 P3:1.5965 P4:1.596 STATE:IDLE
[2026-05-16 04:38:19Z] CHK MOM:-0.12% RANGE:0.18% UP:29.41% SPREAD:0.12547051% BID:1.594 ASK:1.596 MID:1.595 P1:1.595 P2:1.596 P3:1.596 P4:1.5965 STATE:IDLE
[2026-05-16 04:38:20Z] CHK MOM:-0.12% RANGE:0.18% UP:29.41% SPREAD:0.12547051% BID:1.594 ASK:1.596 MID:1.595 P1:1.595 P2:1.596 P3:1.596 P4:1.5965 STATE:IDLE
[2026-05-16 04:38:20Z] CHK MOM:-0.12% RANGE:0.18% UP:29.41% SPREAD:0.12547051% BID:1.594 ASK:1.596 MID:1.595 P1:1.595 P2:1.596 P3:1.596 P4:1.5965 STATE:IDLE
[2026-05-16 04:38:21Z] CHK MOM:-0.12% RANGE:0.18% UP:29.41% SPREAD:0.12547051% BID:1.594 ASK:1.596 MID:1.595 P1:1.595 P2:1.596 P3:1.596 P4:1.5965 STATE:IDLE
[2026-05-16 04:38:22Z] CHK MOM:-0.12% RANGE:0.18% UP:29.41% SPREAD:0.12547051% BID:1.594 ASK:1.596 MID:1.595 P1:1.595 P2:1.596 P3:1.596 P4:1.5965 STATE:IDLE
[2026-05-16 04:38:22Z] CHK MOM:-0.06% RANGE:0.18% UP:33.33% SPREAD:0.12539184% BID:1.595 ASK:1.597 MID:1.596 P1:1.596 P2:1.595 P3:1.596 P4:1.596 STATE:IDLE
[2026-05-16 04:38:23Z] CHK MOM:-0.06% RANGE:0.18% UP:31.25% SPREAD:0.12539184% BID:1.595 ASK:1.597 MID:1.596 P1:1.596 P2:1.596 P3:1.595 P4:1.596 STATE:IDLE
[2026-05-16 04:38:23Z] CHK MOM:-0.06% RANGE:0.18% UP:31.25% SPREAD:0.12539184% BID:1.595 ASK:1.597 MID:1.596 P1:1.596 P2:1.596 P3:1.595 P4:1.596 STATE:IDLE
[2026-05-16 04:38:24Z] CHK MOM:-0.06% RANGE:0.18% UP:31.25% SPREAD:0.12539184% BID:1.595 ASK:1.597 MID:1.596 P1:1.596 P2:1.596 P3:1.595 P4:1.596 STATE:IDLE
[2026-05-16 04:38:24Z] CHK MOM:-0.06% RANGE:0.18% UP:31.25% SPREAD:0.12539184% BID:1.595 ASK:1.597 MID:1.596 P1:1.596 P2:1.596 P3:1.595 P4:1.596 STATE:IDLE
[2026-05-16 04:38:25Z] CHK MOM:-0.06% RANGE:0.18% UP:31.25% SPREAD:0.12539184% BID:1.595 ASK:1.597 MID:1.596 P1:1.596 P2:1.596 P3:1.595 P4:1.596 STATE:IDLE
[2026-05-16 04:38:25Z] CHK MOM:0.06% RANGE:0.12% UP:27.27% SPREAD:0.12539184% BID:1.595 ASK:1.597 MID:1.596 P1:1.596 P2:1.596 P3:1.596 P4:1.595 STATE:IDLE
[2026-05-16 04:38:26Z] CHK MOM:0.06% RANGE:0.12% UP:27.27% SPREAD:0.12539184% BID:1.595 ASK:1.597 MID:1.596 P1:1.596 P2:1.596 P3:1.596 P4:1.595 STATE:IDLE
[2026-05-16 04:38:27Z] CHK MOM:0.03% RANGE:0.12% UP:30% SPREAD:0.12547051% BID:1.594 ASK:1.596 MID:1.595 P1:1.595 P2:1.596 P3:1.596 P4:1.596 STATE:IDLE
[2026-05-16 04:38:27Z] CHK MOM:0.03% RANGE:0.12% UP:27.27% SPREAD:0.12547051% BID:1.594 ASK:1.596 MID:1.595 P1:1.595 P2:1.595 P3:1.596 P4:1.596 STATE:IDLE
[2026-05-16 04:38:28Z] CHK MOM:-0.09% RANGE:0.12% UP:18.18% SPREAD:0.06273525% BID:1.594 ASK:1.595 MID:1.5945 P1:1.5945 P2:1.595 P3:1.595 P4:1.596 STATE:IDLE
[2026-05-16 04:38:28Z] CHK MOM:0% RANGE:0.12% UP:25% SPREAD:0.12539184% BID:1.595 ASK:1.597 MID:1.596 P1:1.596 P2:1.5945 P3:1.595 P4:1.595 STATE:IDLE
[2026-05-16 04:38:29Z] CHK MOM:-0.06% RANGE:0.12% UP:23.07% SPREAD:0.12547051% BID:1.594 ASK:1.596 MID:1.595 P1:1.595 P2:1.596 P3:1.5945 P4:1.595 STATE:IDLE
[2026-05-16 04:38:29Z] CHK MOM:-0.09% RANGE:0.12% UP:16.66% SPREAD:0.12547051% BID:1.594 ASK:1.596 MID:1.595 P1:1.595 P2:1.595 P3:1.596 P4:1.5945 STATE:IDLE
[2026-05-16 04:38:30Z] CHK MOM:-0.15% RANGE:0.15% UP:15.38% SPREAD:0.12554927% BID:1.593 ASK:1.595 MID:1.59399999 P1:1.59399999 P2:1.595 P3:1.595 P4:1.596 STATE:IDLE
[2026-05-16 04:38:30Z] CHK MOM:-0.12% RANGE:0.12% UP:15.38% SPREAD:0.12554927% BID:1.593 ASK:1.595 MID:1.59399999 P1:1.59399999 P2:1.59399999 P3:1.595 P4:1.595 STATE:IDLE
[2026-05-16 04:38:31Z] CHK MOM:-0.12% RANGE:0.12% UP:15.38% SPREAD:0.12554927% BID:1.593 ASK:1.595 MID:1.59399999 P1:1.59399999 P2:1.59399999 P3:1.595 P4:1.595 STATE:IDLE
[2026-05-16 04:38:31Z] CHK MOM:-0.06% RANGE:0.12% UP:16.66% SPREAD:0.12554927% BID:1.593 ASK:1.595 MID:1.59399999 P1:1.59399999 P2:1.59399999 P3:1.59399999 P4:1.595 STATE:IDLE
[2026-05-16 04:38:32Z] CHK MOM:-0.06% RANGE:0.12% UP:16.66% SPREAD:0.12554927% BID:1.593 ASK:1.595 MID:1.59399999 P1:1.59399999 P2:1.59399999 P3:1.59399999 P4:1.595 STATE:IDLE
[2026-05-16 04:38:33Z] CHK MOM:-0.12% RANGE:0.12% UP:8.33% SPREAD:0.12554927% BID:1.593 ASK:1.595 MID:1.59399999 P1:1.59399999 P2:1.59399999 P3:1.59399999 P4:1.59399999 STATE:IDLE
[2026-05-16 04:38:33Z] CHK MOM:-0.12% RANGE:0.12% UP:8.33% SPREAD:0.12554927% BID:1.593 ASK:1.595 MID:1.59399999 P1:1.59399999 P2:1.59399999 P3:1.59399999 P4:1.59399999 STATE:IDLE
[2026-05-16 04:38:34Z] CHK MOM:-0.12% RANGE:0.12% UP:8.33% SPREAD:0.12554927% BID:1.593 ASK:1.595 MID:1.59399999 P1:1.59399999 P2:1.59399999 P3:1.59399999 P4:1.59399999 STATE:IDLE
[2026-05-16 04:38:34Z] CHK MOM:-0.12% RANGE:0.12% UP:8.33% SPREAD:0.12554927% BID:1.593 ASK:1.595 MID:1.59399999 P1:1.59399999 P2:1.59399999 P3:1.59399999 P4:1.59399999 STATE:IDLE
[2026-05-16 04:38:35Z] CHK MOM:-0.09% RANGE:0.12% UP:18.18% SPREAD:0.18832391% BID:1.593 ASK:1.596 MID:1.5945 P1:1.5945 P2:1.59399999 P3:1.59399999 P4:1.59399999 STATE:IDLE
[2026-05-16 04:38:35Z] CHK MOM:-0.06% RANGE:0.12% UP:25% SPREAD:0.12547051% BID:1.594 ASK:1.596 MID:1.595 P1:1.595 P2:1.5945 P3:1.59399999 P4:1.59399999 STATE:IDLE
[2026-05-16 04:38:36Z] CHK MOM:-0.06% RANGE:0.12% UP:23.07% SPREAD:0.12547051% BID:1.594 ASK:1.596 MID:1.595 P1:1.595 P2:1.595 P3:1.5945 P4:1.59399999 STATE:IDLE
[2026-05-16 04:38:36Z] CHK MOM:-0.06% RANGE:0.12% UP:23.07% SPREAD:0.12547051% BID:1.594 ASK:1.596 MID:1.595 P1:1.595 P2:1.595 P3:1.5945 P4:1.59399999 STATE:IDLE
[2026-05-16 04:38:37Z] CHK MOM:-0.06% RANGE:0.12% UP:23.07% SPREAD:0.12547051% BID:1.594 ASK:1.596 MID:1.595 P1:1.595 P2:1.595 P3:1.5945 P4:1.59399999 STATE:IDLE
[2026-05-16 04:38:38Z] CHK MOM:-0.06% RANGE:0.12% UP:23.07% SPREAD:0.12547051% BID:1.594 ASK:1.596 MID:1.595 P1:1.595 P2:1.595 P3:1.5945 P4:1.59399999 STATE:IDLE
[2026-05-16 04:38:38Z] CHK MOM:-0.06% RANGE:0.12% UP:23.07% SPREAD:0.12547051% BID:1.594 ASK:1.596 MID:1.595 P1:1.595 P2:1.595 P3:1.5945 P4:1.59399999 STATE:IDLE
[2026-05-16 04:38:39Z] CHK MOM:-0.09% RANGE:0.15% UP:25% SPREAD:0.06277463% BID:1.593 ASK:1.594 MID:1.5935 P1:1.5935 P2:1.595 P3:1.595 P4:1.5945 STATE:IDLE
[2026-05-16 04:38:39Z] CHK MOM:-0.06% RANGE:0.15% UP:30.76% SPREAD:0.12554927% BID:1.593 ASK:1.595 MID:1.59399999 P1:1.59399999 P2:1.5935 P3:1.595 P4:1.595 STATE:IDLE
[2026-05-16 04:38:40Z] CHK MOM:-0.06% RANGE:0.15% UP:30.76% SPREAD:0.12554927% BID:1.593 ASK:1.595 MID:1.59399999 P1:1.59399999 P2:1.5935 P3:1.595 P4:1.595 STATE:IDLE
[2026-05-16 04:38:40Z] CHK MOM:-0.12% RANGE:0.12% UP:27.27% SPREAD:0.12562814% BID:1.592 ASK:1.594 MID:1.593 P1:1.593 P2:1.59399999 P3:1.5935 P4:1.595 STATE:IDLE
[2026-05-16 04:38:41Z] CHK MOM:-0.06% RANGE:0.12% UP:33.33% SPREAD:0.12554927% BID:1.593 ASK:1.595 MID:1.59399999 P1:1.59399999 P2:1.593 P3:1.59399999 P4:1.5935 STATE:IDLE
[2026-05-16 04:38:41Z] CHK MOM:-0.06% RANGE:0.12% UP:36.36% SPREAD:0.12562814% BID:1.592 ASK:1.594 MID:1.593 P1:1.593 P2:1.59399999 P3:1.593 P4:1.59399999 STATE:IDLE
[2026-05-16 04:38:42Z] CHK MOM:-0.06% RANGE:0.12% UP:33.33% SPREAD:0.12562814% BID:1.592 ASK:1.594 MID:1.593 P1:1.593 P2:1.593 P3:1.59399999 P4:1.593 STATE:IDLE
[2026-05-16 04:38:42Z] CHK MOM:-0.06% RANGE:0.12% UP:36.36% SPREAD:0.12562814% BID:1.592 ASK:1.594 MID:1.593 P1:1.593 P2:1.593 P3:1.593 P4:1.59399999 STATE:IDLE
[2026-05-16 04:38:43Z] CHK MOM:-0.06% RANGE:0.12% UP:36.36% SPREAD:0.12562814% BID:1.592 ASK:1.594 MID:1.593 P1:1.593 P2:1.593 P3:1.593 P4:1.59399999 STATE:IDLE
[2026-05-16 04:38:44Z] CHK MOM:-0.06% RANGE:0.12% UP:36.36% SPREAD:0.12562814% BID:1.592 ASK:1.594 MID:1.593 P1:1.593 P2:1.593 P3:1.593 P4:1.59399999 STATE:IDLE
[2026-05-16 04:38:44Z] CHK MOM:-0.06% RANGE:0.12% UP:36.36% SPREAD:0.12562814% BID:1.592 ASK:1.594 MID:1.593 P1:1.593 P2:1.593 P3:1.593 P4:1.593 STATE:IDLE
[2026-05-16 04:38:45Z] CHK MOM:-0.09% RANGE:0.15% UP:33.33% SPREAD:0.06281407% BID:1.592 ASK:1.593 MID:1.5925 P1:1.5925 P2:1.593 P3:1.593 P4:1.593 STATE:IDLE
[2026-05-16 04:38:45Z] CHK MOM:-0.15% RANGE:0.18% UP:25% SPREAD:0.1257071% BID:1.591 ASK:1.593 MID:1.592 P1:1.592 P2:1.5925 P3:1.593 P4:1.593 STATE:IDLE
[2026-05-16 04:38:46Z] CHK MOM:-0.09% RANGE:0.18% UP:30.76% SPREAD:0.12562814% BID:1.592 ASK:1.594 MID:1.593 P1:1.593 P2:1.592 P3:1.5925 P4:1.593 STATE:IDLE
[2026-05-16 04:38:46Z] CHK MOM:-0.09% RANGE:0.18% UP:28.57% SPREAD:0.12562814% BID:1.592 ASK:1.594 MID:1.593 P1:1.593 P2:1.593 P3:1.592 P4:1.5925 STATE:IDLE
[2026-05-16 04:38:47Z] CHK MOM:-0.18% RANGE:0.18% UP:21.42% SPREAD:0.1257071% BID:1.591 ASK:1.593 MID:1.592 P1:1.592 P2:1.593 P3:1.593 P4:1.592 STATE:IDLE
[2026-05-16 04:38:47Z] CHK MOM:-0.18% RANGE:0.18% UP:20% SPREAD:0.1257071% BID:1.591 ASK:1.593 MID:1.592 P1:1.592 P2:1.592 P3:1.593 P4:1.593 STATE:IDLE
[2026-05-16 04:38:48Z] CHK MOM:-0.18% RANGE:0.18% UP:20% SPREAD:0.1257071% BID:1.591 ASK:1.593 MID:1.592 P1:1.592 P2:1.592 P3:1.593 P4:1.593 STATE:IDLE
[2026-05-16 04:38:49Z] CHK MOM:-0.09% RANGE:0.12% UP:21.42% SPREAD:0.1257071% BID:1.591 ASK:1.593 MID:1.592 P1:1.592 P2:1.592 P3:1.592 P4:1.593 STATE:IDLE
[2026-05-16 04:38:49Z] CHK MOM:-0.09% RANGE:0.12% UP:20% SPREAD:0.1257071% BID:1.591 ASK:1.593 MID:1.592 P1:1.592 P2:1.592 P3:1.592 P4:1.592 STATE:IDLE
[2026-05-16 04:38:50Z] CHK MOM:-0.09% RANGE:0.12% UP:20% SPREAD:0.1257071% BID:1.591 ASK:1.593 MID:1.592 P1:1.592 P2:1.592 P3:1.592 P4:1.592 STATE:IDLE
[2026-05-16 04:38:50Z] CHK MOM:-0.21% RANGE:0.25% UP:18.75% SPREAD:0.12586532% BID:1.589 ASK:1.591 MID:1.58999999 P1:1.58999999 P2:1.592 P3:1.592 P4:1.592 STATE:IDLE
[2026-05-16 04:38:51Z] CHK MOM:-0.18% RANGE:0.25% UP:23.52% SPREAD:0.06289308% BID:1.59 ASK:1.591 MID:1.5905 P1:1.5905 P2:1.58999999 P3:1.592 P4:1.592 STATE:IDLE
[2026-05-16 04:38:51Z] CHK MOM:-0.18% RANGE:0.25% UP:18.75% SPREAD:0.12586532% BID:1.589 ASK:1.591 MID:1.58999999 P1:1.58999999 P2:1.5905 P3:1.58999999 P4:1.592 STATE:IDLE
[2026-05-16 04:38:52Z] CHK MOM:-0.15% RANGE:0.25% UP:23.52% SPREAD:0.06289308% BID:1.59 ASK:1.591 MID:1.5905 P1:1.5905 P2:1.58999999 P3:1.5905 P4:1.58999999 STATE:IDLE
[2026-05-16 04:38:52Z] CHK MOM:-0.18% RANGE:0.25% UP:22.22% SPREAD:0.12586532% BID:1.589 ASK:1.591 MID:1.58999999 P1:1.58999999 P2:1.5905 P3:1.58999999 P4:1.5905 STATE:IDLE
[2026-05-16 04:38:53Z] CHK MOM:-0.18% RANGE:0.18% UP:17.64% SPREAD:0.12586532% BID:1.589 ASK:1.591 MID:1.58999999 P1:1.58999999 P2:1.58999999 P3:1.5905 P4:1.58999999 STATE:IDLE
[2026-05-16 04:38:53Z] CHK MOM:-0.18% RANGE:0.18% UP:17.64% SPREAD:0.12586532% BID:1.589 ASK:1.591 MID:1.58999999 P1:1.58999999 P2:1.58999999 P3:1.58999999 P4:1.5905 STATE:IDLE
[2026-05-16 04:38:54Z] CHK MOM:-0.18% RANGE:0.18% UP:17.64% SPREAD:0.12586532% BID:1.589 ASK:1.591 MID:1.58999999 P1:1.58999999 P2:1.58999999 P3:1.58999999 P4:1.58999999 STATE:IDLE
[2026-05-16 04:38:55Z] CHK MOM:-0.15% RANGE:0.18% UP:23.52% SPREAD:0.06289308% BID:1.59 ASK:1.591 MID:1.5905 P1:1.5905 P2:1.58999999 P3:1.58999999 P4:1.58999999 STATE:IDLE
[2026-05-16 04:38:55Z] CHK MOM:-0.15% RANGE:0.18% UP:23.52% SPREAD:0.06289308% BID:1.59 ASK:1.591 MID:1.5905 P1:1.5905 P2:1.58999999 P3:1.58999999 P4:1.58999999 STATE:IDLE
[2026-05-16 04:38:56Z] CHK MOM:-0.18% RANGE:0.18% UP:22.22% SPREAD:0.12586532% BID:1.589 ASK:1.591 MID:1.58999999 P1:1.58999999 P2:1.5905 P3:1.58999999 P4:1.58999999 STATE:IDLE
[2026-05-16 04:38:56Z] CHK MOM:-0.18% RANGE:0.18% UP:21.05% SPREAD:0.12586532% BID:1.589 ASK:1.591 MID:1.58999999 P1:1.58999999 P2:1.58999999 P3:1.5905 P4:1.58999999 STATE:IDLE
[2026-05-16 04:38:57Z] CHK MOM:-0.18% RANGE:0.25% UP:22.22% SPREAD:0.12594458% BID:1.588 ASK:1.59 MID:1.589 P1:1.589 P2:1.58999999 P3:1.58999999 P4:1.5905 STATE:IDLE
[2026-05-16 04:38:57Z] CHK MOM:-0.31% RANGE:0.31% UP:16.66% SPREAD:0.12602394% BID:1.587 ASK:1.589 MID:1.588 P1:1.588 P2:1.589 P3:1.58999999 P4:1.58999999 STATE:IDLE
[2026-05-16 04:38:58Z] CHK MOM:-0.31% RANGE:0.31% UP:15.78% SPREAD:0.12602394% BID:1.587 ASK:1.589 MID:1.588 P1:1.588 P2:1.588 P3:1.589 P4:1.58999999 STATE:IDLE
[2026-05-16 04:38:58Z] CHK MOM:-0.31% RANGE:0.31% UP:15.78% SPREAD:0.12602394% BID:1.587 ASK:1.589 MID:1.588 P1:1.588 P2:1.588 P3:1.588 P4:1.589 STATE:IDLE
[2026-05-16 04:38:59Z] CHK MOM:-0.31% RANGE:0.31% UP:15.78% SPREAD:0.12602394% BID:1.587 ASK:1.589 MID:1.588 P1:1.588 P2:1.588 P3:1.588 P4:1.589 STATE:IDLE
[2026-05-16 04:39:00Z] CHK MOM:-0.31% RANGE:0.31% UP:15.78% SPREAD:0.12602394% BID:1.587 ASK:1.589 MID:1.588 P1:1.588 P2:1.588 P3:1.588 P4:1.589 STATE:IDLE
[2026-05-16 04:39:00Z] CHK MOM:-0.25% RANGE:0.25% UP:17.64% SPREAD:0.12602394% BID:1.587 ASK:1.589 MID:1.588 P1:1.588 P2:1.588 P3:1.588 P4:1.588 STATE:IDLE
[2026-05-16 04:39:01Z] CHK MOM:-0.25% RANGE:0.25% UP:17.64% SPREAD:0.12602394% BID:1.587 ASK:1.589 MID:1.588 P1:1.588 P2:1.588 P3:1.588 P4:1.588 STATE:IDLE
[2026-05-16 04:39:01Z] CHK MOM:-0.15% RANGE:0.18% UP:17.64% SPREAD:0.06301197% BID:1.587 ASK:1.588 MID:1.5875 P1:1.5875 P2:1.588 P3:1.588 P4:1.588 STATE:IDLE
[2026-05-16 04:39:02Z] CHK MOM:-0.12% RANGE:0.18% UP:22.22% SPREAD:0.12602394% BID:1.587 ASK:1.589 MID:1.588 P1:1.588 P2:1.5875 P3:1.588 P4:1.588 STATE:IDLE
[2026-05-16 04:39:02Z] CHK MOM:-0.15% RANGE:0.18% UP:21.05% SPREAD:0.06301197% BID:1.587 ASK:1.588 MID:1.5875 P1:1.5875 P2:1.588 P3:1.5875 P4:1.588 STATE:IDLE
[2026-05-16 04:39:03Z] CHK MOM:-0.22% RANGE:0.22% UP:15.78% SPREAD:0.1261034% BID:1.586 ASK:1.588 MID:1.587 P1:1.587 P2:1.5875 P3:1.588 P4:1.5875 STATE:IDLE
[2026-05-16 04:39:03Z] CHK MOM:-0.18% RANGE:0.22% UP:16.66% SPREAD:0.06301197% BID:1.587 ASK:1.588 MID:1.5875 P1:1.5875 P2:1.587 P3:1.5875 P4:1.588 STATE:IDLE
[2026-05-16 04:39:04Z] CHK MOM:-0.18% RANGE:0.22% UP:16.66% SPREAD:0.06301197% BID:1.587 ASK:1.588 MID:1.5875 P1:1.5875 P2:1.587 P3:1.5875 P4:1.588 STATE:IDLE
[2026-05-16 04:39:04Z] CHK MOM:-0.09% RANGE:0.22% UP:22.22% SPREAD:0.06297229% BID:1.588 ASK:1.589 MID:1.5885 P1:1.5885 P2:1.5875 P3:1.587 P4:1.5875 STATE:IDLE
[2026-05-16 04:39:05Z] CHK MOM:-0.06% RANGE:0.22% UP:27.77% SPREAD:0.12594458% BID:1.588 ASK:1.59 MID:1.589 P1:1.589 P2:1.5885 P3:1.5875 P4:1.587 STATE:IDLE
[2026-05-16 04:39:06Z] CHK MOM:0.03% RANGE:0.22% UP:35.29% SPREAD:0.06289308% BID:1.59 ASK:1.591 MID:1.5905 P1:1.5905 P2:1.589 P3:1.5885 P4:1.5875 STATE:IDLE
[2026-05-16 04:39:06Z] CHK MOM:0.03% RANGE:0.22% UP:35.29% SPREAD:0.06289308% BID:1.59 ASK:1.591 MID:1.5905 P1:1.5905 P2:1.589 P3:1.5885 P4:1.5875 STATE:IDLE
[2026-05-16 04:39:07Z] CHK MOM:-0.03% RANGE:0.22% UP:29.41% SPREAD:0.12586532% BID:1.589 ASK:1.591 MID:1.58999999 P1:1.58999999 P2:1.5905 P3:1.589 P4:1.5885 STATE:IDLE
[2026-05-16 04:39:07Z] CHK MOM:-0.03% RANGE:0.22% UP:29.41% SPREAD:0.12586532% BID:1.589 ASK:1.591 MID:1.58999999 P1:1.58999999 P2:1.5905 P3:1.589 P4:1.5885 STATE:IDLE
[2026-05-16 04:39:08Z] CHK MOM:0% RANGE:0.22% UP:29.41% SPREAD:0.12586532% BID:1.589 ASK:1.591 MID:1.58999999 P1:1.58999999 P2:1.58999999 P3:1.5905 P4:1.589 STATE:IDLE
[2026-05-16 04:39:08Z] CHK MOM:0.06% RANGE:0.22% UP:31.25% SPREAD:0.12586532% BID:1.589 ASK:1.591 MID:1.58999999 P1:1.58999999 P2:1.58999999 P3:1.58999999 P4:1.5905 STATE:IDLE
[2026-05-16 04:39:09Z] CHK MOM:0.06% RANGE:0.22% UP:31.25% SPREAD:0.12586532% BID:1.589 ASK:1.591 MID:1.58999999 P1:1.58999999 P2:1.58999999 P3:1.58999999 P4:1.5905 STATE:IDLE
[2026-05-16 04:39:09Z] CHK MOM:0.12% RANGE:0.22% UP:31.25% SPREAD:0.12586532% BID:1.589 ASK:1.591 MID:1.58999999 P1:1.58999999 P2:1.58999999 P3:1.58999999 P4:1.58999999 STATE:IDLE
[2026-05-16 04:39:10Z] CHK MOM:0.12% RANGE:0.22% UP:31.25% SPREAD:0.12586532% BID:1.589 ASK:1.591 MID:1.58999999 P1:1.58999999 P2:1.58999999 P3:1.58999999 P4:1.58999999 STATE:IDLE
[2026-05-16 04:39:11Z] CHK MOM:0.06% RANGE:0.22% UP:33.33% SPREAD:0.12594458% BID:1.588 ASK:1.59 MID:1.589 P1:1.589 P2:1.58999999 P3:1.58999999 P4:1.58999999 STATE:IDLE
[2026-05-16 04:39:11Z] CHK MOM:0.06% RANGE:0.22% UP:31.25% SPREAD:0.12594458% BID:1.588 ASK:1.59 MID:1.589 P1:1.589 P2:1.589 P3:1.58999999 P4:1.58999999 STATE:IDLE
[2026-05-16 04:39:12Z] CHK MOM:0.06% RANGE:0.22% UP:31.25% SPREAD:0.12594458% BID:1.588 ASK:1.59 MID:1.589 P1:1.589 P2:1.589 P3:1.58999999 P4:1.58999999 STATE:IDLE
[2026-05-16 04:39:12Z] CHK MOM:0.06% RANGE:0.22% UP:31.25% SPREAD:0.12594458% BID:1.588 ASK:1.59 MID:1.589 P1:1.589 P2:1.589 P3:1.58999999 P4:1.58999999 STATE:IDLE
[2026-05-16 04:39:13Z] CHK MOM:0.09% RANGE:0.22% UP:33.33% SPREAD:0.12594458% BID:1.588 ASK:1.59 MID:1.589 P1:1.589 P2:1.589 P3:1.589 P4:1.58999999 STATE:IDLE
[2026-05-16 04:39:13Z] CHK MOM:0.09% RANGE:0.22% UP:31.25% SPREAD:0.12594458% BID:1.588 ASK:1.59 MID:1.589 P1:1.589 P2:1.589 P3:1.589 P4:1.589 STATE:IDLE
[2026-05-16 04:39:14Z] CHK MOM:0.09% RANGE:0.22% UP:26.66% SPREAD:0.12594458% BID:1.588 ASK:1.59 MID:1.589 P1:1.589 P2:1.589 P3:1.589 P4:1.589 STATE:IDLE
[2026-05-16 04:39:14Z] CHK MOM:0.09% RANGE:0.22% UP:26.66% SPREAD:0.06297229% BID:1.588 ASK:1.589 MID:1.5885 P1:1.5885 P2:1.589 P3:1.589 P4:1.589 STATE:IDLE
[2026-05-16 04:39:15Z] CHK MOM:0.06% RANGE:0.22% UP:25% SPREAD:0.12602394% BID:1.587 ASK:1.589 MID:1.588 P1:1.588 P2:1.5885 P3:1.589 P4:1.589 STATE:IDLE
[2026-05-16 04:39:15Z] CHK MOM:0.06% RANGE:0.22% UP:25% SPREAD:0.12602394% BID:1.587 ASK:1.589 MID:1.588 P1:1.588 P2:1.5885 P3:1.589 P4:1.589 STATE:IDLE
[2026-05-16 04:39:16Z] CHK MOM:-0.12% RANGE:0.25% UP:13.33% SPREAD:0.0630517% BID:1.586 ASK:1.587 MID:1.5865 P1:1.5865 P2:1.588 P3:1.5885 P4:1.589 STATE:IDLE
[2026-05-16 04:39:17Z] CHK MOM:-0.18% RANGE:0.28% UP:6.66% SPREAD:0.12618296% BID:1.585 ASK:1.587 MID:1.58599999 P1:1.58599999 P2:1.5865 P3:1.588 P4:1.5885 STATE:IDLE
[2026-05-16 04:39:17Z] CHK MOM:-0.18% RANGE:0.28% UP:6.66% SPREAD:0.12618296% BID:1.585 ASK:1.587 MID:1.58599999 P1:1.58599999 P2:1.5865 P3:1.588 P4:1.5885 STATE:IDLE
[2026-05-16 04:39:18Z] CHK MOM:-0.37% RANGE:0.37% UP:0% SPREAD:0.12634238% BID:1.583 ASK:1.585 MID:1.584 P1:1.584 P2:1.58599999 P3:1.5865 P4:1.588 STATE:IDLE
[2026-05-16 04:39:18Z] CHK MOM:-0.37% RANGE:0.37% UP:0% SPREAD:0.12634238% BID:1.583 ASK:1.585 MID:1.584 P1:1.584 P2:1.58599999 P3:1.5865 P4:1.588 STATE:IDLE
[2026-05-16 04:39:19Z] CHK MOM:-0.37% RANGE:0.37% UP:0% SPREAD:0.12634238% BID:1.583 ASK:1.585 MID:1.584 P1:1.584 P2:1.584 P3:1.58599999 P4:1.5865 STATE:IDLE
[2026-05-16 04:39:19Z] CHK MOM:-0.37% RANGE:0.37% UP:0% SPREAD:0.12634238% BID:1.583 ASK:1.585 MID:1.584 P1:1.584 P2:1.584 P3:1.584 P4:1.58599999 STATE:IDLE
[2026-05-16 04:39:20Z] CHK MOM:-0.37% RANGE:0.37% UP:0% SPREAD:0.12634238% BID:1.583 ASK:1.585 MID:1.584 P1:1.584 P2:1.584 P3:1.584 P4:1.584 STATE:IDLE
[2026-05-16 04:39:20Z] CHK MOM:-0.37% RANGE:0.37% UP:0% SPREAD:0.12634238% BID:1.583 ASK:1.585 MID:1.584 P1:1.584 P2:1.584 P3:1.584 P4:1.584 STATE:IDLE
[2026-05-16 04:39:21Z] CHK MOM:-0.37% RANGE:0.37% UP:0% SPREAD:0.12634238% BID:1.583 ASK:1.585 MID:1.584 P1:1.584 P2:1.584 P3:1.584 P4:1.584 STATE:IDLE
[2026-05-16 04:39:22Z] CHK MOM:-0.37% RANGE:0.37% UP:0% SPREAD:0.12634238% BID:1.583 ASK:1.585 MID:1.584 P1:1.584 P2:1.584 P3:1.584 P4:1.584 STATE:IDLE
[2026-05-16 04:39:22Z] CHK MOM:-0.34% RANGE:0.34% UP:0% SPREAD:0.06317119% BID:1.583 ASK:1.584 MID:1.5835 P1:1.5835 P2:1.584 P3:1.584 P4:1.584 STATE:IDLE
[2026-05-16 04:39:23Z] CHK MOM:-0.34% RANGE:0.34% UP:0% SPREAD:0.06317119% BID:1.583 ASK:1.584 MID:1.5835 P1:1.5835 P2:1.584 P3:1.584 P4:1.584 STATE:IDLE
[2026-05-16 04:39:23Z] CHK MOM:-0.44% RANGE:0.44% UP:0% SPREAD:0.12650221% BID:1.581 ASK:1.583 MID:1.58199999 P1:1.58199999 P2:1.5835 P3:1.584 P4:1.584 STATE:IDLE
[2026-05-16 04:39:24Z] CHK MOM:-0.62% RANGE:0.63% UP:0% SPREAD:0.12674271% BID:1.578 ASK:1.58 MID:1.579 P1:1.579 P2:1.58199999 P3:1.5835 P4:1.584 STATE:IDLE
[2026-05-16 04:39:24Z] CHK MOM:-0.62% RANGE:0.63% UP:0% SPREAD:0.12674271% BID:1.578 ASK:1.58 MID:1.579 P1:1.579 P2:1.58199999 P3:1.5835 P4:1.584 STATE:IDLE
[2026-05-16 04:39:25Z] CHK MOM:-0.62% RANGE:0.63% UP:0% SPREAD:0.12674271% BID:1.578 ASK:1.58 MID:1.579 P1:1.579 P2:1.579 P3:1.58199999 P4:1.5835 STATE:IDLE
[2026-05-16 04:39:25Z] CHK MOM:-0.62% RANGE:0.63% UP:0% SPREAD:0.12674271% BID:1.578 ASK:1.58 MID:1.579 P1:1.579 P2:1.579 P3:1.58199999 P4:1.5835 STATE:IDLE
[2026-05-16 04:39:26Z] CHK MOM:-0.62% RANGE:0.63% UP:0% SPREAD:0.12674271% BID:1.578 ASK:1.58 MID:1.579 P1:1.579 P2:1.579 P3:1.58199999 P4:1.5835 STATE:IDLE
[2026-05-16 04:39:26Z] CHK MOM:-0.56% RANGE:0.6% UP:7.14% SPREAD:0.06333122% BID:1.579 ASK:1.58 MID:1.5795 P1:1.5795 P2:1.579 P3:1.579 P4:1.58199999 STATE:IDLE
[2026-05-16 04:39:27Z] CHK MOM:-0.44% RANGE:0.47% UP:7.69% SPREAD:0.06333122% BID:1.579 ASK:1.58 MID:1.5795 P1:1.5795 P2:1.5795 P3:1.579 P4:1.579 STATE:IDLE
[2026-05-16 04:39:28Z] CHK MOM:-0.4% RANGE:0.47% UP:14.28% SPREAD:0.12666244% BID:1.579 ASK:1.581 MID:1.58 P1:1.58 P2:1.5795 P3:1.5795 P4:1.579 STATE:IDLE
[2026-05-16 04:39:28Z] CHK MOM:-0.34% RANGE:0.44% UP:21.42% SPREAD:0.06329113% BID:1.58 ASK:1.581 MID:1.5805 P1:1.5805 P2:1.58 P3:1.5795 P4:1.5795 STATE:IDLE
[2026-05-16 04:39:29Z] CHK MOM:-0.22% RANGE:0.31% UP:21.42% SPREAD:0.06329113% BID:1.58 ASK:1.581 MID:1.5805 P1:1.5805 P2:1.5805 P3:1.58 P4:1.5795 STATE:IDLE
[2026-05-16 04:39:29Z] CHK MOM:-0.22% RANGE:0.31% UP:21.42% SPREAD:0.06329113% BID:1.58 ASK:1.581 MID:1.5805 P1:1.5805 P2:1.5805 P3:1.58 P4:1.5795 STATE:IDLE
[2026-05-16 04:39:30Z] CHK MOM:-0.22% RANGE:0.31% UP:21.42% SPREAD:0.06329113% BID:1.58 ASK:1.581 MID:1.5805 P1:1.5805 P2:1.5805 P3:1.5805 P4:1.58 STATE:IDLE
[2026-05-16 04:39:30Z] CHK MOM:-0.22% RANGE:0.31% UP:21.42% SPREAD:0.06329113% BID:1.58 ASK:1.581 MID:1.5805 P1:1.5805 P2:1.5805 P3:1.5805 P4:1.58 STATE:IDLE
[2026-05-16 04:39:31Z] CHK MOM:-0.25% RANGE:0.31% UP:20% SPREAD:0.12666244% BID:1.579 ASK:1.581 MID:1.58 P1:1.58 P2:1.5805 P3:1.5805 P4:1.5805 STATE:IDLE
[2026-05-16 04:39:31Z] CHK MOM:-0.31% RANGE:0.31% UP:20% SPREAD:0.12674271% BID:1.578 ASK:1.58 MID:1.579 P1:1.579 P2:1.58 P3:1.5805 P4:1.5805 STATE:IDLE
[2026-05-16 04:39:32Z] CHK MOM:-0.31% RANGE:0.31% UP:20% SPREAD:0.12674271% BID:1.578 ASK:1.58 MID:1.579 P1:1.579 P2:1.579 P3:1.58 P4:1.5805 STATE:IDLE
[2026-05-16 04:39:33Z] CHK MOM:-0.31% RANGE:0.31% UP:21.42% SPREAD:0.12674271% BID:1.578 ASK:1.58 MID:1.579 P1:1.579 P2:1.579 P3:1.579 P4:1.58 STATE:IDLE
[2026-05-16 04:39:33Z] CHK MOM:-0.25% RANGE:0.31% UP:26.66% SPREAD:0.12666244% BID:1.579 ASK:1.581 MID:1.58 P1:1.58 P2:1.579 P3:1.579 P4:1.579 STATE:IDLE
[2026-05-16 04:39:34Z] CHK MOM:-0.25% RANGE:0.31% UP:26.66% SPREAD:0.12666244% BID:1.579 ASK:1.581 MID:1.58 P1:1.58 P2:1.579 P3:1.579 P4:1.579 STATE:IDLE
[2026-05-16 04:39:34Z] CHK MOM:-0.22% RANGE:0.28% UP:26.66% SPREAD:0.12666244% BID:1.579 ASK:1.581 MID:1.58 P1:1.58 P2:1.58 P3:1.579 P4:1.579 STATE:IDLE
[2026-05-16 04:39:35Z] CHK MOM:-0.22% RANGE:0.28% UP:26.66% SPREAD:0.12666244% BID:1.579 ASK:1.581 MID:1.58 P1:1.58 P2:1.58 P3:1.579 P4:1.579 STATE:IDLE
[2026-05-16 04:39:35Z] CHK MOM:-0.12% RANGE:0.18% UP:26.66% SPREAD:0.12666244% BID:1.579 ASK:1.581 MID:1.58 P1:1.58 P2:1.58 P3:1.58 P4:1.579 STATE:IDLE
[2026-05-16 04:39:36Z] CHK MOM:0.06% RANGE:0.09% UP:26.66% SPREAD:0.12666244% BID:1.579 ASK:1.581 MID:1.58 P1:1.58 P2:1.58 P3:1.58 P4:1.58 STATE:IDLE
[2026-05-16 04:39:36Z] CHK MOM:0.06% RANGE:0.09% UP:26.66% SPREAD:0.12666244% BID:1.579 ASK:1.581 MID:1.58 P1:1.58 P2:1.58 P3:1.58 P4:1.58 STATE:IDLE
[2026-05-16 04:39:37Z] CHK MOM:0.06% RANGE:0.09% UP:26.66% SPREAD:0.12666244% BID:1.579 ASK:1.581 MID:1.58 P1:1.58 P2:1.58 P3:1.58 P4:1.58 STATE:IDLE
[2026-05-16 04:39:37Z] CHK MOM:-0.03% RANGE:0.09% UP:21.42% SPREAD:0.12674271% BID:1.578 ASK:1.58 MID:1.579 P1:1.579 P2:1.58 P3:1.58 P4:1.58 STATE:IDLE
[2026-05-16 04:39:38Z] CHK MOM:0.03% RANGE:0.09% UP:26.66% SPREAD:0.12666244% BID:1.579 ASK:1.581 MID:1.58 P1:1.58 P2:1.579 P3:1.58 P4:1.58 STATE:IDLE
[2026-05-16 04:39:39Z] CHK MOM:0.06% RANGE:0.09% UP:31.25% SPREAD:0.06329113% BID:1.58 ASK:1.581 MID:1.5805 P1:1.5805 P2:1.58 P3:1.579 P4:1.58 STATE:IDLE
[2026-05-16 04:39:39Z] CHK MOM:0.06% RANGE:0.09% UP:31.25% SPREAD:0.06329113% BID:1.58 ASK:1.581 MID:1.5805 P1:1.5805 P2:1.58 P3:1.579 P4:1.58 STATE:IDLE
[2026-05-16 04:39:40Z] CHK MOM:-0.03% RANGE:0.09% UP:21.42% SPREAD:0.12666244% BID:1.579 ASK:1.581 MID:1.58 P1:1.58 P2:1.5805 P3:1.58 P4:1.579 STATE:IDLE
[2026-05-16 04:39:40Z] CHK MOM:-0.03% RANGE:0.09% UP:20% SPREAD:0.12666244% BID:1.579 ASK:1.581 MID:1.58 P1:1.58 P2:1.58 P3:1.5805 P4:1.58 STATE:IDLE
[2026-05-16 04:39:41Z] CHK MOM:-0.03% RANGE:0.09% UP:21.42% SPREAD:0.12666244% BID:1.579 ASK:1.581 MID:1.58 P1:1.58 P2:1.58 P3:1.58 P4:1.5805 STATE:IDLE
[2026-05-16 04:39:41Z] CHK MOM:-0.03% RANGE:0.09% UP:21.42% SPREAD:0.12666244% BID:1.579 ASK:1.581 MID:1.58 P1:1.58 P2:1.58 P3:1.58 P4:1.5805 STATE:IDLE
[2026-05-16 04:39:42Z] CHK MOM:-0.03% RANGE:0.09% UP:21.42% SPREAD:0.12666244% BID:1.579 ASK:1.581 MID:1.58 P1:1.58 P2:1.58 P3:1.58 P4:1.5805 STATE:IDLE
[2026-05-16 04:39:42Z] CHK MOM:0.03% RANGE:0.09% UP:28.57% SPREAD:0.06329113% BID:1.58 ASK:1.581 MID:1.5805 P1:1.5805 P2:1.58 P3:1.58 P4:1.58 STATE:IDLE
[2026-05-16 04:39:43Z] CHK MOM:0.03% RANGE:0.09% UP:28.57% SPREAD:0.06329113% BID:1.58 ASK:1.581 MID:1.5805 P1:1.5805 P2:1.58 P3:1.58 P4:1.58 STATE:IDLE
[2026-05-16 04:39:44Z] CHK MOM:0.09% RANGE:0.09% UP:28.57% SPREAD:0.06329113% BID:1.58 ASK:1.581 MID:1.5805 P1:1.5805 P2:1.5805 P3:1.58 P4:1.58 STATE:IDLE
[2026-05-16 04:39:44Z] CHK MOM:0.09% RANGE:0.09% UP:28.57% SPREAD:0.06329113% BID:1.58 ASK:1.581 MID:1.5805 P1:1.5805 P2:1.5805 P3:1.58 P4:1.58 STATE:IDLE
[2026-05-16 04:39:45Z] CHK MOM:0.09% RANGE:0.15% UP:33.33% SPREAD:0.0632511% BID:1.581 ASK:1.582 MID:1.5815 P1:1.5815 P2:1.5805 P3:1.5805 P4:1.58 STATE:IDLE
[2026-05-16 04:39:45Z] CHK MOM:0.09% RANGE:0.15% UP:33.33% SPREAD:0.0632511% BID:1.581 ASK:1.582 MID:1.5815 P1:1.5815 P2:1.5805 P3:1.5805 P4:1.58 STATE:IDLE
[2026-05-16 04:39:46Z] CHK MOM:0.09% RANGE:0.15% UP:33.33% SPREAD:0.0632511% BID:1.581 ASK:1.582 MID:1.5815 P1:1.5815 P2:1.5805 P3:1.5805 P4:1.58 STATE:IDLE
[2026-05-16 04:39:46Z] CHK MOM:0.09% RANGE:0.15% UP:33.33% SPREAD:0.0632511% BID:1.581 ASK:1.582 MID:1.5815 P1:1.5815 P2:1.5805 P3:1.5805 P4:1.58 STATE:IDLE
[2026-05-16 04:39:47Z] CHK MOM:0.09% RANGE:0.15% UP:33.33% SPREAD:0.0632511% BID:1.581 ASK:1.582 MID:1.5815 P1:1.5815 P2:1.5805 P3:1.5805 P4:1.58 STATE:IDLE
[2026-05-16 04:39:47Z] CHK MOM:0.09% RANGE:0.15% UP:40% SPREAD:0.0632511% BID:1.581 ASK:1.582 MID:1.5815 P1:1.5815 P2:1.5815 P3:1.5805 P4:1.5805 STATE:IDLE
[2026-05-16 04:39:48Z] CHK MOM:0.09% RANGE:0.15% UP:40% SPREAD:0.0632511% BID:1.581 ASK:1.582 MID:1.5815 P1:1.5815 P2:1.5815 P3:1.5805 P4:1.5805 STATE:IDLE
[2026-05-16 04:39:48Z] CHK MOM:0.09% RANGE:0.15% UP:40% SPREAD:0.0632511% BID:1.581 ASK:1.582 MID:1.5815 P1:1.5815 P2:1.5815 P3:1.5805 P4:1.5805 STATE:IDLE
[2026-05-16 04:39:49Z] CHK MOM:0.09% RANGE:0.15% UP:40% SPREAD:0.0632511% BID:1.581 ASK:1.582 MID:1.5815 P1:1.5815 P2:1.5815 P3:1.5805 P4:1.5805 STATE:IDLE
[2026-05-16 04:39:50Z] CHK MOM:0.09% RANGE:0.15% UP:40% SPREAD:0.0632511% BID:1.581 ASK:1.582 MID:1.5815 P1:1.5815 P2:1.5815 P3:1.5805 P4:1.5805 STATE:IDLE
[2026-05-16 04:39:50Z] CHK MOM:0.06% RANGE:0.09% UP:28.57% SPREAD:0.12658227% BID:1.58 ASK:1.582 MID:1.581 P1:1.581 P2:1.5815 P3:1.5815 P4:1.5805 STATE:IDLE
[2026-05-16 04:39:51Z] CHK MOM:0.06% RANGE:0.09% UP:25% SPREAD:0.12658227% BID:1.58 ASK:1.582 MID:1.581 P1:1.581 P2:1.581 P3:1.5815 P4:1.5815 STATE:IDLE
[2026-05-16 04:39:51Z] CHK MOM:0.06% RANGE:0.09% UP:22.22% SPREAD:0.12658227% BID:1.58 ASK:1.582 MID:1.581 P1:1.581 P2:1.581 P3:1.581 P4:1.5815 STATE:IDLE
[2026-05-16 04:39:52Z] CHK MOM:0.12% RANGE:0.12% UP:33.33% SPREAD:0.12650221% BID:1.581 ASK:1.583 MID:1.58199999 P1:1.58199999 P2:1.581 P3:1.581 P4:1.581 STATE:IDLE
[2026-05-16 04:39:52Z] CHK MOM:0.18% RANGE:0.18% UP:40% SPREAD:0.12642225% BID:1.582 ASK:1.584 MID:1.583 P1:1.583 P2:1.58199999 P3:1.581 P4:1.581 STATE:IDLE
[2026-05-16 04:39:53Z] CHK MOM:0.12% RANGE:0.15% UP:33.33% SPREAD:0.06321112% BID:1.582 ASK:1.583 MID:1.5825 P1:1.5825 P2:1.583 P3:1.58199999 P4:1.581 STATE:IDLE
[2026-05-16 04:39:53Z] CHK MOM:0.12% RANGE:0.15% UP:30% SPREAD:0.06321112% BID:1.582 ASK:1.583 MID:1.5825 P1:1.5825 P2:1.5825 P3:1.583 P4:1.58199999 STATE:IDLE
[2026-05-16 04:39:54Z] CHK MOM:0.09% RANGE:0.15% UP:27.27% SPREAD:0.12650221% BID:1.581 ASK:1.583 MID:1.58199999 P1:1.58199999 P2:1.5825 P3:1.5825 P4:1.583 STATE:IDLE
[2026-05-16 04:39:55Z] CHK MOM:0.09% RANGE:0.15% UP:25% SPREAD:0.12650221% BID:1.581 ASK:1.583 MID:1.58199999 P1:1.58199999 P2:1.58199999 P3:1.5825 P4:1.5825 STATE:IDLE
[2026-05-16 04:39:55Z] CHK MOM:-0.06% RANGE:0.15% UP:18.18% SPREAD:0.06329113% BID:1.58 ASK:1.581 MID:1.5805 P1:1.5805 P2:1.58199999 P3:1.58199999 P4:1.5825 STATE:IDLE
[2026-05-16 04:39:56Z] CHK MOM:-0.06% RANGE:0.15% UP:16.66% SPREAD:0.06329113% BID:1.58 ASK:1.581 MID:1.5805 P1:1.5805 P2:1.5805 P3:1.58199999 P4:1.58199999 STATE:IDLE
[2026-05-16 04:39:56Z] CHK MOM:-0.06% RANGE:0.15% UP:16.66% SPREAD:0.06329113% BID:1.58 ASK:1.581 MID:1.5805 P1:1.5805 P2:1.5805 P3:1.58199999 P4:1.58199999 STATE:IDLE
[2026-05-16 04:39:57Z] CHK MOM:-0.06% RANGE:0.15% UP:16.66% SPREAD:0.06329113% BID:1.58 ASK:1.581 MID:1.5805 P1:1.5805 P2:1.5805 P3:1.58199999 P4:1.58199999 STATE:IDLE
[2026-05-16 04:39:57Z] CHK MOM:-0.06% RANGE:0.15% UP:16.66% SPREAD:0.06329113% BID:1.58 ASK:1.581 MID:1.5805 P1:1.5805 P2:1.5805 P3:1.5805 P4:1.58199999 STATE:IDLE
[2026-05-16 04:39:58Z] CHK MOM:-0.06% RANGE:0.15% UP:16.66% SPREAD:0.06329113% BID:1.58 ASK:1.581 MID:1.5805 P1:1.5805 P2:1.5805 P3:1.5805 P4:1.58199999 STATE:IDLE
[2026-05-16 04:39:58Z] CHK MOM:-0.06% RANGE:0.15% UP:16.66% SPREAD:0.06329113% BID:1.58 ASK:1.581 MID:1.5805 P1:1.5805 P2:1.5805 P3:1.5805 P4:1.58199999 STATE:IDLE
[2026-05-16 04:39:59Z] CHK MOM:-0.06% RANGE:0.15% UP:15.38% SPREAD:0.06329113% BID:1.58 ASK:1.581 MID:1.5805 P1:1.5805 P2:1.5805 P3:1.5805 P4:1.5805 STATE:IDLE
[2026-05-16 04:39:59Z] CHK MOM:-0.06% RANGE:0.15% UP:15.38% SPREAD:0.06329113% BID:1.58 ASK:1.581 MID:1.5805 P1:1.5805 P2:1.5805 P3:1.5805 P4:1.5805 STATE:IDLE
[2026-05-16 04:40:00Z] CHK MOM:0.03% RANGE:0.15% UP:23.07% SPREAD:0.0632511% BID:1.581 ASK:1.582 MID:1.5815 P1:1.5815 P2:1.5805 P3:1.5805 P4:1.5805 STATE:IDLE
[2026-05-16 04:40:01Z] CHK MOM:0.09% RANGE:0.15% UP:28.57% SPREAD:0.06321112% BID:1.582 ASK:1.583 MID:1.5825 P1:1.5825 P2:1.5815 P3:1.5805 P4:1.5805 STATE:IDLE
[2026-05-16 04:40:01Z] CHK MOM:0.09% RANGE:0.15% UP:26.66% SPREAD:0.06321112% BID:1.582 ASK:1.583 MID:1.5825 P1:1.5825 P2:1.5825 P3:1.5815 P4:1.5805 STATE:IDLE
[2026-05-16 04:40:02Z] CHK MOM:0.09% RANGE:0.15% UP:26.66% SPREAD:0.06321112% BID:1.582 ASK:1.583 MID:1.5825 P1:1.5825 P2:1.5825 P3:1.5815 P4:1.5805 STATE:IDLE
[2026-05-16 04:40:02Z] CHK MOM:0.06% RANGE:0.15% UP:25% SPREAD:0.12650221% BID:1.581 ASK:1.583 MID:1.58199999 P1:1.58199999 P2:1.5825 P3:1.5825 P4:1.5815 STATE:IDLE
[2026-05-16 04:40:03Z] CHK MOM:0.06% RANGE:0.15% UP:26.66% SPREAD:0.12650221% BID:1.581 ASK:1.583 MID:1.58199999 P1:1.58199999 P2:1.58199999 P3:1.5825 P4:1.5825 STATE:IDLE
[2026-05-16 04:40:03Z] CHK MOM:0.06% RANGE:0.15% UP:26.66% SPREAD:0.12650221% BID:1.581 ASK:1.583 MID:1.58199999 P1:1.58199999 P2:1.58199999 P3:1.5825 P4:1.5825 STATE:IDLE
[2026-05-16 04:40:04Z] CHK MOM:0.06% RANGE:0.22% UP:21.42% SPREAD:0.12634238% BID:1.583 ASK:1.585 MID:1.584 P1:1.584 P2:1.58199999 P3:1.58199999 P4:1.5825 STATE:IDLE
[2026-05-16 04:40:04Z] CHK MOM:0.06% RANGE:0.22% UP:20% SPREAD:0.12634238% BID:1.583 ASK:1.585 MID:1.584 P1:1.584 P2:1.584 P3:1.58199999 P4:1.58199999 STATE:IDLE
[2026-05-16 04:40:05Z] CHK MOM:0.09% RANGE:0.22% UP:20% SPREAD:0.12634238% BID:1.583 ASK:1.585 MID:1.584 P1:1.584 P2:1.584 P3:1.584 P4:1.58199999 STATE:IDLE
[2026-05-16 04:40:06Z] CHK MOM:0.09% RANGE:0.22% UP:20% SPREAD:0.12634238% BID:1.583 ASK:1.585 MID:1.584 P1:1.584 P2:1.584 P3:1.584 P4:1.58199999 STATE:IDLE
[2026-05-16 04:40:06Z] CHK MOM:0.34% RANGE:0.34% UP:33.33% SPREAD:0.12618296% BID:1.585 ASK:1.587 MID:1.58599999 P1:1.58599999 P2:1.584 P3:1.584 P4:1.584 STATE:IDLE
[2026-05-16 04:40:07Z] CHK MOM:0.34% RANGE:0.34% UP:30.76% SPREAD:0.12618296% BID:1.585 ASK:1.587 MID:1.58599999 P1:1.58599999 P2:1.58599999 P3:1.584 P4:1.584 STATE:IDLE
[2026-05-16 04:40:07Z] CHK MOM:0.31% RANGE:0.34% UP:28.57% SPREAD:0.06309148% BID:1.585 ASK:1.586 MID:1.5855 P1:1.5855 P2:1.58599999 P3:1.58599999 P4:1.584 STATE:IDLE
[2026-05-16 04:40:08Z] CHK MOM:0.34% RANGE:0.34% UP:38.46% SPREAD:0.12618296% BID:1.585 ASK:1.587 MID:1.58599999 P1:1.58599999 P2:1.5855 P3:1.58599999 P4:1.58599999 STATE:IDLE
[2026-05-16 04:40:08Z] CHK MOM:0.37% RANGE:0.37% UP:42.85% SPREAD:0.0630517% BID:1.586 ASK:1.587 MID:1.5865 P1:1.5865 P2:1.58599999 P3:1.5855 P4:1.58599999 STATE:IDLE
[2026-05-16 04:40:09Z] CHK MOM:0.34% RANGE:0.37% UP:40% SPREAD:0.12618296% BID:1.585 ASK:1.587 MID:1.58599999 P1:1.58599999 P2:1.5865 P3:1.58599999 P4:1.5855 STATE:IDLE
[2026-05-16 04:40:09Z] CHK MOM:0.34% RANGE:0.37% UP:40% SPREAD:0.12618296% BID:1.585 ASK:1.587 MID:1.58599999 P1:1.58599999 P2:1.5865 P3:1.58599999 P4:1.5855 STATE:IDLE
[2026-05-16 04:40:10Z] CHK MOM:0.34% RANGE:0.37% UP:40% SPREAD:0.12618296% BID:1.585 ASK:1.587 MID:1.58599999 P1:1.58599999 P2:1.5865 P3:1.58599999 P4:1.5855 STATE:IDLE
[2026-05-16 04:40:10Z] CHK MOM:0.28% RANGE:0.37% UP:40% SPREAD:0.12626262% BID:1.584 ASK:1.586 MID:1.585 P1:1.585 P2:1.58599999 P3:1.5865 P4:1.58599999 STATE:IDLE
[2026-05-16 04:40:11Z] CHK MOM:0.37% RANGE:0.37% UP:40% SPREAD:0.06301197% BID:1.587 ASK:1.588 MID:1.5875 P1:1.5875 P2:1.585 P3:1.58599999 P4:1.5865 STATE:IDLE
[2026-05-16 04:40:12Z] CHK MOM:0.37% RANGE:0.37% UP:37.5% SPREAD:0.06301197% BID:1.587 ASK:1.588 MID:1.5875 P1:1.5875 P2:1.5875 P3:1.585 P4:1.58599999 STATE:IDLE
[2026-05-16 04:40:12Z] CHK MOM:0.37% RANGE:0.37% UP:37.5% SPREAD:0.06301197% BID:1.587 ASK:1.588 MID:1.5875 P1:1.5875 P2:1.5875 P3:1.585 P4:1.58599999 STATE:IDLE
[2026-05-16 04:40:13Z] CHK MOM:0.37% RANGE:0.37% UP:37.5% SPREAD:0.06301197% BID:1.587 ASK:1.588 MID:1.5875 P1:1.5875 P2:1.5875 P3:1.585 P4:1.58599999 STATE:IDLE
[2026-05-16 04:40:13Z] CHK MOM:0.37% RANGE:0.37% UP:37.5% SPREAD:0.06301197% BID:1.587 ASK:1.588 MID:1.5875 P1:1.5875 P2:1.5875 P3:1.585 P4:1.58599999 STATE:IDLE
[2026-05-16 04:40:14Z] CHK MOM:0.37% RANGE:0.37% UP:37.5% SPREAD:0.06301197% BID:1.587 ASK:1.588 MID:1.5875 P1:1.5875 P2:1.5875 P3:1.585 P4:1.58599999 STATE:IDLE
[2026-05-16 04:40:14Z] CHK MOM:0.41% RANGE:0.41% UP:46.15% SPREAD:0.06297229% BID:1.588 ASK:1.589 MID:1.5885 P1:1.5885 P2:1.5875 P3:1.5875 P4:1.585 STATE:IDLE
[2026-05-16 04:40:15Z] CHK MOM:0.41% RANGE:0.41% UP:46.15% SPREAD:0.06297229% BID:1.588 ASK:1.589 MID:1.5885 P1:1.5885 P2:1.5875 P3:1.5875 P4:1.585 STATE:IDLE
[2026-05-16 04:40:15Z] CHK MOM:0.28% RANGE:0.28% UP:38.46% SPREAD:0.06297229% BID:1.588 ASK:1.589 MID:1.5885 P1:1.5885 P2:1.5885 P3:1.5875 P4:1.5875 STATE:IDLE
[2026-05-16 04:40:16Z] CHK MOM:0.28% RANGE:0.28% UP:38.46% SPREAD:0.06297229% BID:1.588 ASK:1.589 MID:1.5885 P1:1.5885 P2:1.5885 P3:1.5875 P4:1.5875 STATE:IDLE
[2026-05-16 04:40:16Z] CHK MOM:0.28% RANGE:0.28% UP:38.46% SPREAD:0.06297229% BID:1.588 ASK:1.589 MID:1.5885 P1:1.5885 P2:1.5885 P3:1.5875 P4:1.5875 STATE:IDLE
[2026-05-16 04:40:17Z] CHK MOM:0.15% RANGE:0.22% UP:36.36% SPREAD:0.06297229% BID:1.588 ASK:1.589 MID:1.5885 P1:1.5885 P2:1.5885 P3:1.5885 P4:1.5875 STATE:IDLE
[2026-05-16 04:40:17Z] CHK MOM:0.15% RANGE:0.22% UP:33.33% SPREAD:0.06297229% BID:1.588 ASK:1.589 MID:1.5885 P1:1.5885 P2:1.5885 P3:1.5885 P4:1.5885 STATE:IDLE
[2026-05-16 04:40:18Z] CHK MOM:0.15% RANGE:0.22% UP:33.33% SPREAD:0.06297229% BID:1.588 ASK:1.589 MID:1.5885 P1:1.5885 P2:1.5885 P3:1.5885 P4:1.5885 STATE:IDLE
[2026-05-16 04:40:18Z] CHK MOM:0.12% RANGE:0.22% UP:33.33% SPREAD:0.12602394% BID:1.587 ASK:1.589 MID:1.588 P1:1.588 P2:1.5885 P3:1.5885 P4:1.5885 STATE:IDLE
[2026-05-16 04:40:19Z] CHK MOM:0.12% RANGE:0.22% UP:27.27% SPREAD:0.12602394% BID:1.587 ASK:1.589 MID:1.588 P1:1.588 P2:1.588 P3:1.5885 P4:1.5885 STATE:IDLE
[2026-05-16 04:40:19Z] CHK MOM:0.03% RANGE:0.22% UP:18.18% SPREAD:0.1261034% BID:1.586 ASK:1.588 MID:1.587 P1:1.587 P2:1.588 P3:1.588 P4:1.5885 STATE:IDLE
[2026-05-16 04:40:20Z] CHK MOM:0.06% RANGE:0.22% UP:18.18% SPREAD:0.1261034% BID:1.586 ASK:1.588 MID:1.587 P1:1.587 P2:1.587 P3:1.588 P4:1.588 STATE:IDLE
[2026-05-16 04:40:21Z] CHK MOM:0.03% RANGE:0.22% UP:18.18% SPREAD:0.06309148% BID:1.585 ASK:1.586 MID:1.5855 P1:1.5855 P2:1.587 P3:1.587 P4:1.588 STATE:IDLE
[2026-05-16 04:40:21Z] CHK MOM:0.03% RANGE:0.22% UP:16.66% SPREAD:0.06309148% BID:1.585 ASK:1.586 MID:1.5855 P1:1.5855 P2:1.5855 P3:1.587 P4:1.587 STATE:IDLE
[2026-05-16 04:40:22Z] CHK MOM:0% RANGE:0.22% UP:15.38% SPREAD:0.12626262% BID:1.584 ASK:1.586 MID:1.585 P1:1.585 P2:1.5855 P3:1.5855 P4:1.587 STATE:IDLE
[2026-05-16 04:40:22Z] CHK MOM:-0.12% RANGE:0.22% UP:15.38% SPREAD:0.06309148% BID:1.585 ASK:1.586 MID:1.5855 P1:1.5855 P2:1.585 P3:1.5855 P4:1.5855 STATE:IDLE
[2026-05-16 04:40:23Z] CHK MOM:-0.12% RANGE:0.22% UP:15.38% SPREAD:0.06309148% BID:1.585 ASK:1.586 MID:1.5855 P1:1.5855 P2:1.585 P3:1.5855 P4:1.5855 STATE:IDLE
[2026-05-16 04:40:23Z] CHK MOM:-0.12% RANGE:0.22% UP:15.38% SPREAD:0.06309148% BID:1.585 ASK:1.586 MID:1.5855 P1:1.5855 P2:1.585 P3:1.5855 P4:1.5855 STATE:IDLE
[2026-05-16 04:40:24Z] CHK MOM:-0.18% RANGE:0.22% UP:8.33% SPREAD:0.06309148% BID:1.585 ASK:1.586 MID:1.5855 P1:1.5855 P2:1.5855 P3:1.585 P4:1.5855 STATE:IDLE
[2026-05-16 04:40:24Z] CHK MOM:-0.18% RANGE:0.22% UP:8.33% SPREAD:0.06309148% BID:1.585 ASK:1.586 MID:1.5855 P1:1.5855 P2:1.5855 P3:1.585 P4:1.5855 STATE:IDLE
[2026-05-16 04:40:25Z] CHK MOM:-0.18% RANGE:0.22% UP:7.69% SPREAD:0.06309148% BID:1.585 ASK:1.586 MID:1.5855 P1:1.5855 P2:1.5855 P3:1.5855 P4:1.585 STATE:IDLE
[2026-05-16 04:40:25Z] CHK MOM:-0.18% RANGE:0.22% UP:7.69% SPREAD:0.06309148% BID:1.585 ASK:1.586 MID:1.5855 P1:1.5855 P2:1.5855 P3:1.5855 P4:1.585 STATE:IDLE
[2026-05-16 04:40:26Z] CHK MOM:-0.18% RANGE:0.22% UP:7.69% SPREAD:0.06309148% BID:1.585 ASK:1.586 MID:1.5855 P1:1.5855 P2:1.5855 P3:1.5855 P4:1.585 STATE:IDLE
[2026-05-16 04:40:26Z] CHK MOM:-0.18% RANGE:0.22% UP:7.69% SPREAD:0.06309148% BID:1.585 ASK:1.586 MID:1.5855 P1:1.5855 P2:1.5855 P3:1.5855 P4:1.585 STATE:IDLE
[2026-05-16 04:40:27Z] CHK MOM:-0.18% RANGE:0.22% UP:7.69% SPREAD:0.06309148% BID:1.585 ASK:1.586 MID:1.5855 P1:1.5855 P2:1.5855 P3:1.5855 P4:1.585 STATE:IDLE
[2026-05-16 04:40:28Z] CHK MOM:-0.18% RANGE:0.22% UP:8.33% SPREAD:0.06309148% BID:1.585 ASK:1.586 MID:1.5855 P1:1.5855 P2:1.5855 P3:1.5855 P4:1.5855 STATE:IDLE
[2026-05-16 04:40:28Z] CHK MOM:-0.28% RANGE:0.28% UP:7.69% SPREAD:0.12634238% BID:1.583 ASK:1.585 MID:1.584 P1:1.584 P2:1.5855 P3:1.5855 P4:1.5855 STATE:IDLE
[2026-05-16 04:40:29Z] CHK MOM:-0.28% RANGE:0.28% UP:7.69% SPREAD:0.12634238% BID:1.583 ASK:1.585 MID:1.584 P1:1.584 P2:1.5855 P3:1.5855 P4:1.5855 STATE:IDLE
[2026-05-16 04:40:29Z] CHK MOM:-0.25% RANGE:0.28% UP:15.38% SPREAD:0.06313131% BID:1.584 ASK:1.585 MID:1.5845 P1:1.5845 P2:1.584 P3:1.5855 P4:1.5855 STATE:IDLE
[2026-05-16 04:40:30Z] CHK MOM:-0.22% RANGE:0.25% UP:15.38% SPREAD:0.06313131% BID:1.584 ASK:1.585 MID:1.5845 P1:1.5845 P2:1.5845 P3:1.584 P4:1.5855 STATE:IDLE
[2026-05-16 04:40:30Z] CHK MOM:-0.22% RANGE:0.25% UP:15.38% SPREAD:0.06313131% BID:1.584 ASK:1.585 MID:1.5845 P1:1.5845 P2:1.5845 P3:1.584 P4:1.5855 STATE:IDLE
[2026-05-16 04:40:31Z] CHK MOM:-0.25% RANGE:0.25% UP:15.38% SPREAD:0.12634238% BID:1.583 ASK:1.585 MID:1.584 P1:1.584 P2:1.5845 P3:1.5845 P4:1.584 STATE:IDLE
[2026-05-16 04:40:31Z] CHK MOM:-0.18% RANGE:0.18% UP:15.38% SPREAD:0.12634238% BID:1.583 ASK:1.585 MID:1.584 P1:1.584 P2:1.584 P3:1.5845 P4:1.5845 STATE:IDLE
[2026-05-16 04:40:32Z] CHK MOM:-0.09% RANGE:0.09% UP:16.66% SPREAD:0.12634238% BID:1.583 ASK:1.585 MID:1.584 P1:1.584 P2:1.584 P3:1.584 P4:1.5845 STATE:IDLE
[2026-05-16 04:40:33Z] CHK MOM:-0.09% RANGE:0.09% UP:15.38% SPREAD:0.12634238% BID:1.583 ASK:1.585 MID:1.584 P1:1.584 P2:1.584 P3:1.584 P4:1.584 STATE:IDLE
[2026-05-16 04:40:33Z] CHK MOM:-0.06% RANGE:0.09% UP:18.18% SPREAD:0.06313131% BID:1.584 ASK:1.585 MID:1.5845 P1:1.5845 P2:1.584 P3:1.584 P4:1.584 STATE:IDLE
[2026-05-16 04:40:34Z] CHK MOM:-0.06% RANGE:0.09% UP:18.18% SPREAD:0.06313131% BID:1.584 ASK:1.585 MID:1.5845 P1:1.5845 P2:1.584 P3:1.584 P4:1.584 STATE:IDLE
[2026-05-16 04:40:34Z] CHK MOM:-0.09% RANGE:0.09% UP:18.18% SPREAD:0.12634238% BID:1.583 ASK:1.585 MID:1.584 P1:1.584 P2:1.5845 P3:1.584 P4:1.584 STATE:IDLE
[2026-05-16 04:40:35Z] CHK MOM:-0.09% RANGE:0.09% UP:18.18% SPREAD:0.12634238% BID:1.583 ASK:1.585 MID:1.584 P1:1.584 P2:1.5845 P3:1.584 P4:1.584 STATE:IDLE
[2026-05-16 04:40:35Z] CHK MOM:-0.06% RANGE:0.09% UP:25% SPREAD:0.06313131% BID:1.584 ASK:1.585 MID:1.5845 P1:1.5845 P2:1.584 P3:1.5845 P4:1.584 STATE:IDLE
[2026-05-16 04:40:36Z] CHK MOM:-0.06% RANGE:0.09% UP:25% SPREAD:0.06313131% BID:1.584 ASK:1.585 MID:1.5845 P1:1.5845 P2:1.584 P3:1.5845 P4:1.584 STATE:IDLE
[2026-05-16 04:40:36Z] CHK MOM:-0.06% RANGE:0.09% UP:25% SPREAD:0.06313131% BID:1.584 ASK:1.585 MID:1.5845 P1:1.5845 P2:1.584 P3:1.5845 P4:1.584 STATE:IDLE
[2026-05-16 04:40:37Z] CHK MOM:-0.06% RANGE:0.09% UP:25% SPREAD:0.06313131% BID:1.584 ASK:1.585 MID:1.5845 P1:1.5845 P2:1.5845 P3:1.584 P4:1.5845 STATE:IDLE
[2026-05-16 04:40:37Z] CHK MOM:-0.12% RANGE:0.12% UP:25% SPREAD:0.06317119% BID:1.583 ASK:1.584 MID:1.5835 P1:1.5835 P2:1.5845 P3:1.5845 P4:1.584 STATE:IDLE
[2026-05-16 04:40:38Z] CHK MOM:-0.12% RANGE:0.12% UP:23.07% SPREAD:0.06317119% BID:1.583 ASK:1.584 MID:1.5835 P1:1.5835 P2:1.5835 P3:1.5845 P4:1.5845 STATE:IDLE
[2026-05-16 04:40:39Z] CHK MOM:-0.15% RANGE:0.15% UP:21.42% SPREAD:0.12642225% BID:1.582 ASK:1.584 MID:1.583 P1:1.583 P2:1.5835 P3:1.5835 P4:1.5845 STATE:IDLE
[2026-05-16 04:40:39Z] CHK MOM:-0.15% RANGE:0.15% UP:21.42% SPREAD:0.12642225% BID:1.582 ASK:1.584 MID:1.583 P1:1.583 P2:1.5835 P3:1.5835 P4:1.5845 STATE:IDLE
[2026-05-16 04:40:40Z] CHK MOM:-0.15% RANGE:0.15% UP:20% SPREAD:0.12642225% BID:1.582 ASK:1.584 MID:1.583 P1:1.583 P2:1.583 P3:1.5835 P4:1.5835 STATE:IDLE
[2026-05-16 04:40:40Z] CHK MOM:-0.15% RANGE:0.15% UP:20% SPREAD:0.12642225% BID:1.582 ASK:1.584 MID:1.583 P1:1.583 P2:1.583 P3:1.5835 P4:1.5835 STATE:IDLE
[2026-05-16 04:40:41Z] CHK MOM:-0.09% RANGE:0.09% UP:14.28% SPREAD:0.12642225% BID:1.582 ASK:1.584 MID:1.583 P1:1.583 P2:1.583 P3:1.583 P4:1.5835 STATE:IDLE
[2026-05-16 04:40:41Z] CHK MOM:-0.12% RANGE:0.12% UP:13.33% SPREAD:0.06321112% BID:1.582 ASK:1.583 MID:1.5825 P1:1.5825 P2:1.583 P3:1.583 P4:1.583 STATE:IDLE
[2026-05-16 04:40:42Z] CHK MOM:-0.09% RANGE:0.12% UP:14.28% SPREAD:0.18975332% BID:1.581 ASK:1.584 MID:1.5825 P1:1.5825 P2:1.5825 P3:1.583 P4:1.583 STATE:IDLE
[2026-05-16 04:40:42Z] CHK MOM:-0.09% RANGE:0.12% UP:14.28% SPREAD:0.18975332% BID:1.581 ASK:1.584 MID:1.5825 P1:1.5825 P2:1.5825 P3:1.583 P4:1.583 STATE:IDLE
[2026-05-16 04:40:43Z] CHK MOM:-0.15% RANGE:0.18% UP:13.33% SPREAD:0.0632511% BID:1.581 ASK:1.582 MID:1.5815 P1:1.5815 P2:1.5825 P3:1.5825 P4:1.583 STATE:IDLE
[2026-05-16 04:40:44Z] CHK MOM:-0.15% RANGE:0.18% UP:14.28% SPREAD:0.0632511% BID:1.581 ASK:1.582 MID:1.5815 P1:1.5815 P2:1.5815 P3:1.5825 P4:1.5825 STATE:IDLE
[2026-05-16 04:40:44Z] CHK MOM:-0.15% RANGE:0.18% UP:14.28% SPREAD:0.0632511% BID:1.581 ASK:1.582 MID:1.5815 P1:1.5815 P2:1.5815 P3:1.5825 P4:1.5825 STATE:IDLE
[2026-05-16 04:40:45Z] CHK MOM:-0.15% RANGE:0.18% UP:15.38% SPREAD:0.12650221% BID:1.581 ASK:1.583 MID:1.58199999 P1:1.58199999 P2:1.5815 P3:1.5815 P4:1.5825 STATE:IDLE
[2026-05-16 04:40:45Z] CHK MOM:-0.15% RANGE:0.18% UP:14.28% SPREAD:0.12650221% BID:1.581 ASK:1.583 MID:1.58199999 P1:1.58199999 P2:1.58199999 P3:1.5815 P4:1.5815 STATE:IDLE
[2026-05-16 04:40:46Z] CHK MOM:-0.15% RANGE:0.18% UP:14.28% SPREAD:0.12650221% BID:1.581 ASK:1.583 MID:1.58199999 P1:1.58199999 P2:1.58199999 P3:1.5815 P4:1.5815 STATE:IDLE
[2026-05-16 04:40:46Z] CHK MOM:-0.18% RANGE:0.22% UP:14.28% SPREAD:0.12658227% BID:1.58 ASK:1.582 MID:1.581 P1:1.581 P2:1.58199999 P3:1.58199999 P4:1.5815 STATE:IDLE
[2026-05-16 04:40:47Z] CHK MOM:-0.22% RANGE:0.22% UP:7.14% SPREAD:0.12658227% BID:1.58 ASK:1.582 MID:1.581 P1:1.581 P2:1.581 P3:1.58199999 P4:1.58199999 STATE:IDLE
[2026-05-16 04:40:47Z] CHK MOM:-0.22% RANGE:0.22% UP:7.14% SPREAD:0.12658227% BID:1.58 ASK:1.582 MID:1.581 P1:1.581 P2:1.581 P3:1.58199999 P4:1.58199999 STATE:IDLE
[2026-05-16 04:40:48Z] CHK MOM:-0.22% RANGE:0.22% UP:7.14% SPREAD:0.12658227% BID:1.58 ASK:1.582 MID:1.581 P1:1.581 P2:1.581 P3:1.58199999 P4:1.58199999 STATE:IDLE
[2026-05-16 04:40:48Z] CHK MOM:-0.18% RANGE:0.22% UP:14.28% SPREAD:0.0632511% BID:1.581 ASK:1.582 MID:1.5815 P1:1.5815 P2:1.581 P3:1.581 P4:1.58199999 STATE:IDLE
[2026-05-16 04:40:49Z] CHK MOM:-0.18% RANGE:0.22% UP:14.28% SPREAD:0.0632511% BID:1.581 ASK:1.582 MID:1.5815 P1:1.5815 P2:1.581 P3:1.581 P4:1.58199999 STATE:IDLE
[2026-05-16 04:40:50Z] CHK MOM:-0.06% RANGE:0.15% UP:21.42% SPREAD:0.06321112% BID:1.582 ASK:1.583 MID:1.5825 P1:1.5825 P2:1.5815 P3:1.581 P4:1.581 STATE:IDLE
[2026-05-16 04:40:50Z] CHK MOM:-0.06% RANGE:0.15% UP:21.42% SPREAD:0.06321112% BID:1.582 ASK:1.583 MID:1.5825 P1:1.5825 P2:1.5815 P3:1.581 P4:1.581 STATE:IDLE
[2026-05-16 04:40:51Z] CHK MOM:-0.06% RANGE:0.15% UP:21.42% SPREAD:0.06321112% BID:1.582 ASK:1.583 MID:1.5825 P1:1.5825 P2:1.5815 P3:1.581 P4:1.581 STATE:IDLE
[2026-05-16 04:40:51Z] CHK MOM:-0.06% RANGE:0.15% UP:21.42% SPREAD:0.06321112% BID:1.582 ASK:1.583 MID:1.5825 P1:1.5825 P2:1.5815 P3:1.581 P4:1.581 STATE:IDLE
[2026-05-16 04:40:52Z] CHK MOM:-0.06% RANGE:0.15% UP:21.42% SPREAD:0.06321112% BID:1.582 ASK:1.583 MID:1.5825 P1:1.5825 P2:1.5815 P3:1.581 P4:1.581 STATE:IDLE
[2026-05-16 04:40:53Z] CHK MOM:-0.03% RANGE:0.09% UP:33.33% SPREAD:0.12650221% BID:1.581 ASK:1.583 MID:1.58199999 P1:1.58199999 P2:1.5825 P3:1.5815 P4:1.581 STATE:IDLE
[2026-05-16 04:40:54Z] CHK MOM:-0.03% RANGE:0.09% UP:30% SPREAD:0.12650221% BID:1.581 ASK:1.583 MID:1.58199999 P1:1.58199999 P2:1.58199999 P3:1.5825 P4:1.5815 STATE:IDLE
[2026-05-16 04:40:55Z] CHK MOM:0.06% RANGE:0.09% UP:40% SPREAD:0.06321112% BID:1.582 ASK:1.583 MID:1.5825 P1:1.5825 P2:1.58199999 P3:1.58199999 P4:1.5825 STATE:IDLE
[2026-05-16 04:40:55Z] CHK MOM:0.06% RANGE:0.09% UP:40% SPREAD:0.06321112% BID:1.582 ASK:1.583 MID:1.5825 P1:1.5825 P2:1.58199999 P3:1.58199999 P4:1.5825 STATE:IDLE
[2026-05-16 04:40:56Z] CHK MOM:-0.03% RANGE:0.09% UP:33.33% SPREAD:0.0632511% BID:1.581 ASK:1.582 MID:1.5815 P1:1.5815 P2:1.5825 P3:1.58199999 P4:1.58199999 STATE:IDLE
[2026-05-16 04:40:56Z] CHK MOM:-0.03% RANGE:0.09% UP:30% SPREAD:0.0632511% BID:1.581 ASK:1.582 MID:1.5815 P1:1.5815 P2:1.5815 P3:1.5825 P4:1.58199999 STATE:IDLE
[2026-05-16 04:40:57Z] CHK MOM:-0.03% RANGE:0.09% UP:30% SPREAD:0.0632511% BID:1.581 ASK:1.582 MID:1.5815 P1:1.5815 P2:1.5815 P3:1.5825 P4:1.58199999 STATE:IDLE
[2026-05-16 04:40:57Z] CHK MOM:-0.03% RANGE:0.09% UP:30% SPREAD:0.0632511% BID:1.581 ASK:1.582 MID:1.5815 P1:1.5815 P2:1.5815 P3:1.5825 P4:1.58199999 STATE:IDLE
[2026-05-16 04:40:58Z] CHK MOM:-0.03% RANGE:0.09% UP:30% SPREAD:0.0632511% BID:1.581 ASK:1.582 MID:1.5815 P1:1.5815 P2:1.5815 P3:1.5825 P4:1.58199999 STATE:IDLE
[2026-05-16 04:40:58Z] CHK MOM:0.09% RANGE:0.09% UP:44.44% SPREAD:0.06321112% BID:1.582 ASK:1.583 MID:1.5825 P1:1.5825 P2:1.5815 P3:1.5815 P4:1.5825 STATE:IDLE
[2026-05-16 04:40:59Z] CHK MOM:0.25% RANGE:0.25% UP:50% SPREAD:0.06309148% BID:1.585 ASK:1.586 MID:1.5855 P1:1.5855 P2:1.5825 P3:1.5815 P4:1.5815 STATE:IDLE
[2026-05-16 04:40:59Z] CHK MOM:0.25% RANGE:0.25% UP:44.44% SPREAD:0.06309148% BID:1.585 ASK:1.586 MID:1.5855 P1:1.5855 P2:1.5855 P3:1.5825 P4:1.5815 STATE:IDLE
[2026-05-16 04:41:00Z] CHK MOM:0.34% RANGE:0.34% UP:50% SPREAD:0.1261034% BID:1.586 ASK:1.588 MID:1.587 P1:1.587 P2:1.5855 P3:1.5855 P4:1.5825 STATE:IDLE
[2026-05-16 04:41:01Z] CHK MOM:0.22% RANGE:0.34% UP:40% SPREAD:0.12618296% BID:1.585 ASK:1.587 MID:1.58599999 P1:1.58599999 P2:1.587 P3:1.5855 P4:1.5855 STATE:IDLE
[2026-05-16 04:41:01Z] CHK MOM:0.25% RANGE:0.34% UP:40% SPREAD:0.12618296% BID:1.585 ASK:1.587 MID:1.58599999 P1:1.58599999 P2:1.58599999 P3:1.587 P4:1.5855 STATE:IDLE
[2026-05-16 04:41:02Z] CHK MOM:0.25% RANGE:0.34% UP:36.36% SPREAD:0.12618296% BID:1.585 ASK:1.587 MID:1.58599999 P1:1.58599999 P2:1.58599999 P3:1.58599999 P4:1.587 STATE:IDLE
[2026-05-16 04:41:02Z] CHK MOM:0.22% RANGE:0.34% UP:33.33% SPREAD:0.06309148% BID:1.585 ASK:1.586 MID:1.5855 P1:1.5855 P2:1.58599999 P3:1.58599999 P4:1.58599999 STATE:IDLE
[2026-05-16 04:41:03Z] CHK MOM:0.22% RANGE:0.34% UP:33.33% SPREAD:0.06309148% BID:1.585 ASK:1.586 MID:1.5855 P1:1.5855 P2:1.58599999 P3:1.58599999 P4:1.58599999 STATE:IDLE
[2026-05-16 04:41:03Z] CHK MOM:0.22% RANGE:0.34% UP:33.33% SPREAD:0.06309148% BID:1.585 ASK:1.586 MID:1.5855 P1:1.5855 P2:1.58599999 P3:1.58599999 P4:1.58599999 STATE:IDLE
[2026-05-16 04:41:04Z] CHK MOM:0.22% RANGE:0.34% UP:30.76% SPREAD:0.06309148% BID:1.585 ASK:1.586 MID:1.5855 P1:1.5855 P2:1.5855 P3:1.58599999 P4:1.58599999 STATE:IDLE
[2026-05-16 04:41:04Z] CHK MOM:0.15% RANGE:0.34% UP:28.57% SPREAD:0.06313131% BID:1.584 ASK:1.585 MID:1.5845 P1:1.5845 P2:1.5855 P3:1.5855 P4:1.58599999 STATE:IDLE
[2026-05-16 04:41:05Z] CHK MOM:0.15% RANGE:0.34% UP:28.57% SPREAD:0.06313131% BID:1.584 ASK:1.585 MID:1.5845 P1:1.5845 P2:1.5855 P3:1.5855 P4:1.58599999 STATE:IDLE
[2026-05-16 04:41:06Z] CHK MOM:0.15% RANGE:0.34% UP:26.66% SPREAD:0.06313131% BID:1.584 ASK:1.585 MID:1.5845 P1:1.5845 P2:1.5845 P3:1.5855 P4:1.5855 STATE:IDLE
[2026-05-16 04:41:06Z] CHK MOM:0.15% RANGE:0.34% UP:26.66% SPREAD:0.06313131% BID:1.584 ASK:1.585 MID:1.5845 P1:1.5845 P2:1.5845 P3:1.5855 P4:1.5855 STATE:IDLE
[2026-05-16 04:41:07Z] CHK MOM:0.15% RANGE:0.34% UP:26.66% SPREAD:0.06313131% BID:1.584 ASK:1.585 MID:1.5845 P1:1.5845 P2:1.5845 P3:1.5855 P4:1.5855 STATE:IDLE
[2026-05-16 04:41:07Z] CHK MOM:0.18% RANGE:0.34% UP:23.07% SPREAD:0.06313131% BID:1.584 ASK:1.585 MID:1.5845 P1:1.5845 P2:1.5845 P3:1.5845 P4:1.5855 STATE:IDLE
[2026-05-16 04:41:08Z] CHK MOM:0.18% RANGE:0.34% UP:23.07% SPREAD:0.06313131% BID:1.584 ASK:1.585 MID:1.5845 P1:1.5845 P2:1.5845 P3:1.5845 P4:1.5855 STATE:IDLE
[2026-05-16 04:41:08Z] CHK MOM:0.18% RANGE:0.34% UP:23.07% SPREAD:0.06313131% BID:1.584 ASK:1.585 MID:1.5845 P1:1.5845 P2:1.5845 P3:1.5845 P4:1.5855 STATE:IDLE
[2026-05-16 04:41:09Z] CHK MOM:0.12% RANGE:0.28% UP:16.66% SPREAD:0.06313131% BID:1.584 ASK:1.585 MID:1.5845 P1:1.5845 P2:1.5845 P3:1.5845 P4:1.5845 STATE:IDLE
[2026-05-16 04:41:09Z] CHK MOM:0.12% RANGE:0.28% UP:16.66% SPREAD:0.06313131% BID:1.584 ASK:1.585 MID:1.5845 P1:1.5845 P2:1.5845 P3:1.5845 P4:1.5845 STATE:IDLE
[2026-05-16 04:41:10Z] CHK MOM:0.12% RANGE:0.28% UP:16.66% SPREAD:0.06313131% BID:1.584 ASK:1.585 MID:1.5845 P1:1.5845 P2:1.5845 P3:1.5845 P4:1.5845 STATE:IDLE
[2026-05-16 04:41:10Z] CHK MOM:0.12% RANGE:0.28% UP:16.66% SPREAD:0.06313131% BID:1.584 ASK:1.585 MID:1.5845 P1:1.5845 P2:1.5845 P3:1.5845 P4:1.5845 STATE:IDLE
[2026-05-16 04:41:11Z] CHK MOM:0.12% RANGE:0.28% UP:16.66% SPREAD:0.06313131% BID:1.584 ASK:1.585 MID:1.5845 P1:1.5845 P2:1.5845 P3:1.5845 P4:1.5845 STATE:IDLE
[2026-05-16 04:41:12Z] CHK MOM:-0.09% RANGE:0.09% UP:0% SPREAD:0.06313131% BID:1.584 ASK:1.585 MID:1.5845 P1:1.5845 P2:1.5845 P3:1.5845 P4:1.5845 STATE:IDLE
[2026-05-16 04:41:13Z] CHK MOM:-0.09% RANGE:0.09% UP:0% SPREAD:0.06313131% BID:1.584 ASK:1.585 MID:1.5845 P1:1.5845 P2:1.5845 P3:1.5845 P4:1.5845 STATE:IDLE
[2026-05-16 04:41:13Z] CHK MOM:-0.09% RANGE:0.09% UP:0% SPREAD:0.06313131% BID:1.584 ASK:1.585 MID:1.5845 P1:1.5845 P2:1.5845 P3:1.5845 P4:1.5845 STATE:IDLE
[2026-05-16 04:41:14Z] CHK MOM:-0.09% RANGE:0.09% UP:0% SPREAD:0.06313131% BID:1.584 ASK:1.585 MID:1.5845 P1:1.5845 P2:1.5845 P3:1.5845 P4:1.5845 STATE:IDLE
[2026-05-16 04:41:14Z] CHK MOM:-0.09% RANGE:0.09% UP:0% SPREAD:0.06313131% BID:1.584 ASK:1.585 MID:1.5845 P1:1.5845 P2:1.5845 P3:1.5845 P4:1.5845 STATE:IDLE
[2026-05-16 04:41:15Z] CHK MOM:-0.09% RANGE:0.09% UP:0% SPREAD:0.06313131% BID:1.584 ASK:1.585 MID:1.5845 P1:1.5845 P2:1.5845 P3:1.5845 P4:1.5845 STATE:IDLE
[2026-05-16 04:41:15Z] CHK MOM:-0.09% RANGE:0.09% UP:0% SPREAD:0.06313131% BID:1.584 ASK:1.585 MID:1.5845 P1:1.5845 P2:1.5845 P3:1.5845 P4:1.5845 STATE:IDLE
[2026-05-16 04:41:16Z] CHK MOM:-0.09% RANGE:0.09% UP:0% SPREAD:0.06313131% BID:1.584 ASK:1.585 MID:1.5845 P1:1.5845 P2:1.5845 P3:1.5845 P4:1.5845 STATE:IDLE
[2026-05-16 04:41:17Z] CHK MOM:0% RANGE:0% UP:0% SPREAD:0.06313131% BID:1.584 ASK:1.585 MID:1.5845 P1:1.5845 P2:1.5845 P3:1.5845 P4:1.5845 STATE:IDLE
[2026-05-16 04:41:17Z] CHK MOM:-0.03% RANGE:0.03% UP:0% SPREAD:0.12634238% BID:1.583 ASK:1.585 MID:1.584 P1:1.584 P2:1.5845 P3:1.5845 P4:1.5845 STATE:IDLE
[2026-05-16 04:41:18Z] CHK MOM:-0.06% RANGE:0.06% UP:0% SPREAD:0.06317119% BID:1.583 ASK:1.584 MID:1.5835 P1:1.5835 P2:1.584 P3:1.5845 P4:1.5845 STATE:IDLE
[2026-05-16 04:41:18Z] CHK MOM:-0.03% RANGE:0.06% UP:12.5% SPREAD:0.12634238% BID:1.583 ASK:1.585 MID:1.584 P1:1.584 P2:1.5835 P3:1.584 P4:1.5845 STATE:IDLE
[2026-05-16 04:41:19Z] CHK MOM:-0.06% RANGE:0.06% UP:11.11% SPREAD:0.06317119% BID:1.583 ASK:1.584 MID:1.5835 P1:1.5835 P2:1.584 P3:1.5835 P4:1.584 STATE:IDLE
[2026-05-16 04:41:19Z] CHK MOM:-0.03% RANGE:0.06% UP:22.22% SPREAD:0.12634238% BID:1.583 ASK:1.585 MID:1.584 P1:1.584 P2:1.5835 P3:1.584 P4:1.5835 STATE:IDLE
[2026-05-16 04:41:20Z] CHK MOM:-0.06% RANGE:0.06% UP:20% SPREAD:0.06317119% BID:1.583 ASK:1.584 MID:1.5835 P1:1.5835 P2:1.584 P3:1.5835 P4:1.584 STATE:IDLE
[2026-05-16 04:41:20Z] CHK MOM:-0.06% RANGE:0.06% UP:18.18% SPREAD:0.06317119% BID:1.583 ASK:1.584 MID:1.5835 P1:1.5835 P2:1.5835 P3:1.584 P4:1.5835 STATE:IDLE
[2026-05-16 04:41:21Z] CHK MOM:-0.03% RANGE:0.06% UP:27.27% SPREAD:0.12634238% BID:1.583 ASK:1.585 MID:1.584 P1:1.584 P2:1.5835 P3:1.5835 P4:1.584 STATE:IDLE
[2026-05-16 04:41:21Z] CHK MOM:-0.03% RANGE:0.06% UP:27.27% SPREAD:0.12634238% BID:1.583 ASK:1.585 MID:1.584 P1:1.584 P2:1.5835 P3:1.5835 P4:1.584 STATE:IDLE
[2026-05-16 04:41:22Z] CHK MOM:-0.03% RANGE:0.06% UP:27.27% SPREAD:0.12634238% BID:1.583 ASK:1.585 MID:1.584 P1:1.584 P2:1.5835 P3:1.5835 P4:1.584 STATE:IDLE
[2026-05-16 04:41:23Z] CHK MOM:-0.09% RANGE:0.09% UP:25% SPREAD:0.12642225% BID:1.582 ASK:1.584 MID:1.583 P1:1.583 P2:1.584 P3:1.5835 P4:1.5835 STATE:IDLE
[2026-05-16 04:41:23Z] CHK MOM:-0.09% RANGE:0.09% UP:23.07% SPREAD:0.12642225% BID:1.582 ASK:1.584 MID:1.583 P1:1.583 P2:1.583 P3:1.584 P4:1.5835 STATE:IDLE
[2026-05-16 04:41:24Z] CHK MOM:-0.09% RANGE:0.09% UP:21.42% SPREAD:0.12642225% BID:1.582 ASK:1.584 MID:1.583 P1:1.583 P2:1.583 P3:1.583 P4:1.584 STATE:IDLE
[2026-05-16 04:41:24Z] CHK MOM:-0.12% RANGE:0.12% UP:21.42% SPREAD:0.06321112% BID:1.582 ASK:1.583 MID:1.5825 P1:1.5825 P2:1.583 P3:1.583 P4:1.583 STATE:IDLE
[2026-05-16 04:41:25Z] CHK MOM:-0.09% RANGE:0.12% UP:26.66% SPREAD:0.12642225% BID:1.582 ASK:1.584 MID:1.583 P1:1.583 P2:1.5825 P3:1.583 P4:1.583 STATE:IDLE
[2026-05-16 04:41:25Z] CHK MOM:-0.09% RANGE:0.12% UP:26.66% SPREAD:0.12642225% BID:1.582 ASK:1.584 MID:1.583 P1:1.583 P2:1.5825 P3:1.583 P4:1.583 STATE:IDLE
[2026-05-16 04:41:26Z] CHK MOM:-0.22% RANGE:0.22% UP:28.57% SPREAD:0.12658227% BID:1.58 ASK:1.582 MID:1.581 P1:1.581 P2:1.583 P3:1.5825 P4:1.583 STATE:IDLE
[2026-05-16 04:41:26Z] CHK MOM:-0.22% RANGE:0.22% UP:26.66% SPREAD:0.12658227% BID:1.58 ASK:1.582 MID:1.581 P1:1.581 P2:1.581 P3:1.583 P4:1.5825 STATE:IDLE
[2026-05-16 04:41:27Z] CHK MOM:-0.22% RANGE:0.22% UP:26.66% SPREAD:0.12658227% BID:1.58 ASK:1.582 MID:1.581 P1:1.581 P2:1.581 P3:1.583 P4:1.5825 STATE:IDLE
[2026-05-16 04:41:28Z] CHK MOM:-0.12% RANGE:0.22% UP:31.25% SPREAD:0.06321112% BID:1.582 ASK:1.583 MID:1.5825 P1:1.5825 P2:1.581 P3:1.581 P4:1.583 STATE:IDLE
[2026-05-16 04:41:28Z] CHK MOM:-0.06% RANGE:0.18% UP:37.5% SPREAD:0.12642225% BID:1.582 ASK:1.584 MID:1.583 P1:1.583 P2:1.5825 P3:1.581 P4:1.581 STATE:IDLE
[2026-05-16 04:41:29Z] CHK MOM:-0.03% RANGE:0.18% UP:41.17% SPREAD:0.06317119% BID:1.583 ASK:1.584 MID:1.5835 P1:1.5835 P2:1.583 P3:1.5825 P4:1.581 STATE:IDLE
[2026-05-16 04:41:29Z] CHK MOM:-0.09% RANGE:0.18% UP:38.88% SPREAD:0.06321112% BID:1.582 ASK:1.583 MID:1.5825 P1:1.5825 P2:1.5835 P3:1.583 P4:1.5825 STATE:IDLE
[2026-05-16 04:41:30Z] CHK MOM:-0.06% RANGE:0.18% UP:38.88% SPREAD:0.06321112% BID:1.582 ASK:1.583 MID:1.5825 P1:1.5825 P2:1.5825 P3:1.5835 P4:1.583 STATE:IDLE
[2026-05-16 04:41:30Z] CHK MOM:-0.06% RANGE:0.18% UP:38.88% SPREAD:0.12642225% BID:1.582 ASK:1.584 MID:1.583 P1:1.583 P2:1.5825 P3:1.5825 P4:1.5835 STATE:IDLE
[2026-05-16 04:41:31Z] CHK MOM:-0.06% RANGE:0.18% UP:35.29% SPREAD:0.12642225% BID:1.582 ASK:1.584 MID:1.583 P1:1.583 P2:1.583 P3:1.5825 P4:1.5825 STATE:IDLE
[2026-05-16 04:41:31Z] CHK MOM:-0.03% RANGE:0.18% UP:35.29% SPREAD:0.12642225% BID:1.582 ASK:1.584 MID:1.583 P1:1.583 P2:1.583 P3:1.583 P4:1.5825 STATE:IDLE
[2026-05-16 04:41:32Z] CHK MOM:-0.03% RANGE:0.18% UP:35.29% SPREAD:0.12642225% BID:1.582 ASK:1.584 MID:1.583 P1:1.583 P2:1.583 P3:1.583 P4:1.5825 STATE:IDLE
[2026-05-16 04:41:32Z] CHK MOM:-0.03% RANGE:0.18% UP:35.29% SPREAD:0.12642225% BID:1.582 ASK:1.584 MID:1.583 P1:1.583 P2:1.583 P3:1.583 P4:1.5825 STATE:IDLE
[2026-05-16 04:41:32Z] TOKEN_SWITCH old=ORCAUSDC new=XRPUSDC source=.service.env
[2026-05-16 04:54:01Z] SESSION_START symbol=ORCAUSDC dry_run=0 profile=major strategy=momentum base_url=https://api.binance.com
[2026-05-16 04:54:01Z] TOXIC_MEMORY_LOADED count=1 symbols=ORDIUSDC
[2026-05-16 04:54:08Z] CHK MOM:0% RANGE:0% UP:0% SPREAD:0.06329113% BID:1.58 ASK:1.581 MID:1.5805 P1:1.5805 P2:NA P3:NA P4:NA STATE:IDLE
[2026-05-16 04:54:09Z] CHK MOM:0% RANGE:0% UP:0% SPREAD:0.06329113% BID:1.58 ASK:1.581 MID:1.5805 P1:1.5805 P2:1.5805 P3:NA P4:NA STATE:IDLE
[2026-05-16 04:54:09Z] CHK MOM:0% RANGE:0% UP:0% SPREAD:0.06329113% BID:1.58 ASK:1.581 MID:1.5805 P1:1.5805 P2:1.5805 P3:NA P4:NA STATE:IDLE
[2026-05-16 04:54:10Z] CHK MOM:0% RANGE:0% UP:0% SPREAD:0.06329113% BID:1.58 ASK:1.581 MID:1.5805 P1:1.5805 P2:1.5805 P3:NA P4:NA STATE:IDLE
[2026-05-16 04:54:10Z] CHK MOM:0% RANGE:0% UP:0% SPREAD:0.06329113% BID:1.58 ASK:1.581 MID:1.5805 P1:1.5805 P2:1.5805 P3:1.5805 P4:NA STATE:IDLE
[2026-05-16 04:54:11Z] CHK MOM:0% RANGE:0% UP:0% SPREAD:0.06329113% BID:1.58 ASK:1.581 MID:1.5805 P1:1.5805 P2:1.5805 P3:1.5805 P4:NA STATE:IDLE
[2026-05-16 04:54:11Z] CHK MOM:0% RANGE:0% UP:0% SPREAD:0.06329113% BID:1.58 ASK:1.581 MID:1.5805 P1:1.5805 P2:1.5805 P3:1.5805 P4:1.5805 STATE:IDLE
[2026-05-16 04:54:12Z] CHK MOM:0% RANGE:0% UP:0% SPREAD:0.06329113% BID:1.58 ASK:1.581 MID:1.5805 P1:1.5805 P2:1.5805 P3:1.5805 P4:1.5805 STATE:IDLE
[2026-05-16 04:54:12Z] CHK MOM:0% RANGE:0% UP:0% SPREAD:0.06329113% BID:1.58 ASK:1.581 MID:1.5805 P1:1.5805 P2:1.5805 P3:1.5805 P4:1.5805 STATE:IDLE
[2026-05-16 04:54:13Z] CHK MOM:0% RANGE:0% UP:0% SPREAD:0.06329113% BID:1.58 ASK:1.581 MID:1.5805 P1:1.5805 P2:1.5805 P3:1.5805 P4:1.5805 STATE:IDLE
[2026-05-16 04:54:14Z] CHK MOM:0% RANGE:0% UP:0% SPREAD:0.06329113% BID:1.58 ASK:1.581 MID:1.5805 P1:1.5805 P2:1.5805 P3:1.5805 P4:1.5805 STATE:IDLE
[2026-05-16 04:54:15Z] CHK MOM:0% RANGE:0% UP:0% SPREAD:0.06329113% BID:1.58 ASK:1.581 MID:1.5805 P1:1.5805 P2:1.5805 P3:1.5805 P4:1.5805 STATE:IDLE
[2026-05-16 04:54:15Z] CHK MOM:0% RANGE:0% UP:0% SPREAD:0.06329113% BID:1.58 ASK:1.581 MID:1.5805 P1:1.5805 P2:1.5805 P3:1.5805 P4:1.5805 STATE:IDLE
[2026-05-16 04:54:16Z] CHK MOM:0.09% RANGE:0.09% UP:20% SPREAD:0.12650221% BID:1.581 ASK:1.583 MID:1.58199999 P1:1.58199999 P2:1.5805 P3:1.5805 P4:1.5805 STATE:IDLE
[2026-05-16 04:54:16Z] CHK MOM:0.09% RANGE:0.09% UP:16.66% SPREAD:0.12650221% BID:1.581 ASK:1.583 MID:1.58199999 P1:1.58199999 P2:1.58199999 P3:1.5805 P4:1.5805 STATE:IDLE
[2026-05-16 04:54:17Z] CHK MOM:0.09% RANGE:0.09% UP:16.66% SPREAD:0.12650221% BID:1.581 ASK:1.583 MID:1.58199999 P1:1.58199999 P2:1.58199999 P3:1.5805 P4:1.5805 STATE:IDLE
[2026-05-16 04:54:17Z] CHK MOM:0.09% RANGE:0.09% UP:16.66% SPREAD:0.12650221% BID:1.581 ASK:1.583 MID:1.58199999 P1:1.58199999 P2:1.58199999 P3:1.5805 P4:1.5805 STATE:IDLE
[2026-05-16 04:54:18Z] CHK MOM:0.09% RANGE:0.09% UP:16.66% SPREAD:0.12650221% BID:1.581 ASK:1.583 MID:1.58199999 P1:1.58199999 P2:1.58199999 P3:1.5805 P4:1.5805 STATE:IDLE
[2026-05-16 04:54:18Z] CHK MOM:0.09% RANGE:0.09% UP:16.66% SPREAD:0.12650221% BID:1.581 ASK:1.583 MID:1.58199999 P1:1.58199999 P2:1.58199999 P3:1.5805 P4:1.5805 STATE:IDLE
[2026-05-16 04:54:19Z] CHK MOM:0.09% RANGE:0.09% UP:16.66% SPREAD:0.12650221% BID:1.581 ASK:1.583 MID:1.58199999 P1:1.58199999 P2:1.58199999 P3:1.5805 P4:1.5805 STATE:IDLE
[2026-05-16 04:54:20Z] CHK MOM:0.12% RANGE:0.12% UP:40% SPREAD:0.06321112% BID:1.582 ASK:1.583 MID:1.5825 P1:1.5825 P2:1.58199999 P3:1.58199999 P4:1.5805 STATE:IDLE
[2026-05-16 04:54:21Z] CHK MOM:0.12% RANGE:0.12% UP:33.33% SPREAD:0.06321112% BID:1.582 ASK:1.583 MID:1.5825 P1:1.5825 P2:1.5825 P3:1.58199999 P4:1.58199999 STATE:IDLE
[2026-05-16 04:54:21Z] CHK MOM:0.12% RANGE:0.12% UP:33.33% SPREAD:0.06321112% BID:1.582 ASK:1.583 MID:1.5825 P1:1.5825 P2:1.5825 P3:1.58199999 P4:1.58199999 STATE:IDLE
[2026-05-16 04:54:22Z] CHK MOM:0.12% RANGE:0.12% UP:33.33% SPREAD:0.06321112% BID:1.582 ASK:1.583 MID:1.5825 P1:1.5825 P2:1.5825 P3:1.58199999 P4:1.58199999 STATE:IDLE
[2026-05-16 04:54:22Z] CHK MOM:0.09% RANGE:0.12% UP:33.33% SPREAD:0.12650221% BID:1.581 ASK:1.583 MID:1.58199999 P1:1.58199999 P2:1.5825 P3:1.5825 P4:1.58199999 STATE:IDLE
[2026-05-16 04:54:23Z] CHK MOM:0.09% RANGE:0.12% UP:33.33% SPREAD:0.12650221% BID:1.581 ASK:1.583 MID:1.58199999 P1:1.58199999 P2:1.5825 P3:1.5825 P4:1.58199999 STATE:IDLE
[2026-05-16 04:54:23Z] CHK MOM:0.09% RANGE:0.12% UP:33.33% SPREAD:0.12650221% BID:1.581 ASK:1.583 MID:1.58199999 P1:1.58199999 P2:1.58199999 P3:1.5825 P4:1.5825 STATE:IDLE
[2026-05-16 04:54:24Z] CHK MOM:0.12% RANGE:0.12% UP:42.85% SPREAD:0.06321112% BID:1.582 ASK:1.583 MID:1.5825 P1:1.5825 P2:1.58199999 P3:1.58199999 P4:1.5825 STATE:IDLE
[2026-05-16 04:54:25Z] CHK MOM:0.12% RANGE:0.12% UP:42.85% SPREAD:0.06321112% BID:1.582 ASK:1.583 MID:1.5825 P1:1.5825 P2:1.58199999 P3:1.58199999 P4:1.5825 STATE:IDLE
[2026-05-16 04:54:25Z] CHK MOM:0.12% RANGE:0.12% UP:37.5% SPREAD:0.06321112% BID:1.582 ASK:1.583 MID:1.5825 P1:1.5825 P2:1.5825 P3:1.58199999 P4:1.58199999 STATE:IDLE
[2026-05-16 04:54:26Z] CHK MOM:0.09% RANGE:0.12% UP:33.33% SPREAD:0.12650221% BID:1.581 ASK:1.583 MID:1.58199999 P1:1.58199999 P2:1.5825 P3:1.5825 P4:1.58199999 STATE:IDLE
[2026-05-16 04:54:26Z] CHK MOM:0.09% RANGE:0.12% UP:33.33% SPREAD:0.12650221% BID:1.581 ASK:1.583 MID:1.58199999 P1:1.58199999 P2:1.5825 P3:1.5825 P4:1.58199999 STATE:IDLE
[2026-05-16 04:54:27Z] CHK MOM:0.09% RANGE:0.12% UP:30% SPREAD:0.12650221% BID:1.581 ASK:1.583 MID:1.58199999 P1:1.58199999 P2:1.58199999 P3:1.5825 P4:1.5825 STATE:IDLE
[2026-05-16 04:54:27Z] CHK MOM:0.09% RANGE:0.12% UP:30% SPREAD:0.12650221% BID:1.581 ASK:1.583 MID:1.58199999 P1:1.58199999 P2:1.58199999 P3:1.5825 P4:1.5825 STATE:IDLE
[2026-05-16 04:54:28Z] CHK MOM:0.09% RANGE:0.12% UP:30% SPREAD:0.12650221% BID:1.581 ASK:1.583 MID:1.58199999 P1:1.58199999 P2:1.58199999 P3:1.5825 P4:1.5825 STATE:IDLE
[2026-05-16 04:54:28Z] CHK MOM:0% RANGE:0.03% UP:25% SPREAD:0.06321112% BID:1.582 ASK:1.583 MID:1.5825 P1:1.5825 P2:1.58199999 P3:1.58199999 P4:1.5825 STATE:IDLE
[2026-05-16 04:54:29Z] CHK MOM:0% RANGE:0.03% UP:22.22% SPREAD:0.06321112% BID:1.582 ASK:1.583 MID:1.5825 P1:1.5825 P2:1.5825 P3:1.58199999 P4:1.58199999 STATE:IDLE
[2026-05-16 04:54:29Z] CHK MOM:0% RANGE:0.03% UP:20% SPREAD:0.06321112% BID:1.582 ASK:1.583 MID:1.5825 P1:1.5825 P2:1.5825 P3:1.5825 P4:1.58199999 STATE:IDLE
[2026-05-16 04:54:30Z] CHK MOM:0% RANGE:0.03% UP:20% SPREAD:0.06321112% BID:1.582 ASK:1.583 MID:1.5825 P1:1.5825 P2:1.5825 P3:1.5825 P4:1.58199999 STATE:IDLE
[2026-05-16 04:54:31Z] CHK MOM:0% RANGE:0.03% UP:18.18% SPREAD:0.06321112% BID:1.582 ASK:1.583 MID:1.5825 P1:1.5825 P2:1.5825 P3:1.5825 P4:1.5825 STATE:IDLE
[2026-05-16 04:54:31Z] CHK MOM:0% RANGE:0.03% UP:18.18% SPREAD:0.06321112% BID:1.582 ASK:1.583 MID:1.5825 P1:1.5825 P2:1.5825 P3:1.5825 P4:1.5825 STATE:IDLE
[2026-05-16 04:54:32Z] CHK MOM:0% RANGE:0.03% UP:18.18% SPREAD:0.06321112% BID:1.582 ASK:1.583 MID:1.5825 P1:1.5825 P2:1.5825 P3:1.5825 P4:1.5825 STATE:IDLE
[2026-05-16 04:54:32Z] CHK MOM:-0.03% RANGE:0.03% UP:16.66% SPREAD:0.12650221% BID:1.581 ASK:1.583 MID:1.58199999 P1:1.58199999 P2:1.5825 P3:1.5825 P4:1.5825 STATE:IDLE
[2026-05-16 04:54:33Z] CHK MOM:-0.03% RANGE:0.03% UP:16.66% SPREAD:0.12650221% BID:1.581 ASK:1.583 MID:1.58199999 P1:1.58199999 P2:1.5825 P3:1.5825 P4:1.5825 STATE:IDLE
[2026-05-16 04:54:33Z] CHK MOM:0% RANGE:0.03% UP:18.18% SPREAD:0.12650221% BID:1.581 ASK:1.583 MID:1.58199999 P1:1.58199999 P2:1.58199999 P3:1.5825 P4:1.5825 STATE:IDLE
[2026-05-16 04:54:34Z] CHK MOM:0% RANGE:0.03% UP:18.18% SPREAD:0.12650221% BID:1.581 ASK:1.583 MID:1.58199999 P1:1.58199999 P2:1.58199999 P3:1.5825 P4:1.5825 STATE:IDLE
[2026-05-16 04:54:34Z] CHK MOM:0% RANGE:0.03% UP:18.18% SPREAD:0.12650221% BID:1.581 ASK:1.583 MID:1.58199999 P1:1.58199999 P2:1.58199999 P3:1.5825 P4:1.5825 STATE:IDLE
[2026-05-16 04:54:35Z] CHK MOM:0% RANGE:0.03% UP:18.18% SPREAD:0.12650221% BID:1.581 ASK:1.583 MID:1.58199999 P1:1.58199999 P2:1.58199999 P3:1.5825 P4:1.5825 STATE:IDLE
[2026-05-16 04:54:36Z] CHK MOM:0% RANGE:0.03% UP:18.18% SPREAD:0.12650221% BID:1.581 ASK:1.583 MID:1.58199999 P1:1.58199999 P2:1.58199999 P3:1.5825 P4:1.5825 STATE:IDLE
[2026-05-16 04:54:37Z] CHK MOM:0% RANGE:0.03% UP:12.5% SPREAD:0.12650221% BID:1.581 ASK:1.583 MID:1.58199999 P1:1.58199999 P2:1.58199999 P3:1.58199999 P4:1.5825 STATE:IDLE
[2026-05-16 04:54:37Z] CHK MOM:0% RANGE:0.03% UP:12.5% SPREAD:0.12650221% BID:1.581 ASK:1.583 MID:1.58199999 P1:1.58199999 P2:1.58199999 P3:1.58199999 P4:1.5825 STATE:IDLE
[2026-05-16 04:54:38Z] CHK MOM:0% RANGE:0.03% UP:12.5% SPREAD:0.12650221% BID:1.581 ASK:1.583 MID:1.58199999 P1:1.58199999 P2:1.58199999 P3:1.58199999 P4:1.5825 STATE:IDLE
[2026-05-16 04:54:38Z] CHK MOM:0% RANGE:0.03% UP:12.5% SPREAD:0.12650221% BID:1.581 ASK:1.583 MID:1.58199999 P1:1.58199999 P2:1.58199999 P3:1.58199999 P4:1.5825 STATE:IDLE
[2026-05-16 04:54:39Z] CHK MOM:-0.15% RANGE:0.15% UP:0% SPREAD:0.12666244% BID:1.579 ASK:1.581 MID:1.58 P1:1.58 P2:1.58199999 P3:1.58199999 P4:1.58199999 STATE:IDLE
[2026-05-16 04:54:39Z] CHK MOM:-0.15% RANGE:0.15% UP:0% SPREAD:0.12666244% BID:1.579 ASK:1.581 MID:1.58 P1:1.58 P2:1.58 P3:1.58199999 P4:1.58199999 STATE:IDLE
[2026-05-16 04:54:40Z] CHK MOM:-0.15% RANGE:0.15% UP:0% SPREAD:0.12666244% BID:1.579 ASK:1.581 MID:1.58 P1:1.58 P2:1.58 P3:1.58 P4:1.58199999 STATE:IDLE
[2026-05-16 04:54:40Z] CHK MOM:-0.15% RANGE:0.15% UP:0% SPREAD:0.12666244% BID:1.579 ASK:1.581 MID:1.58 P1:1.58 P2:1.58 P3:1.58 P4:1.58 STATE:IDLE
[2026-05-16 04:54:41Z] CHK MOM:-0.15% RANGE:0.15% UP:0% SPREAD:0.12666244% BID:1.579 ASK:1.581 MID:1.58 P1:1.58 P2:1.58 P3:1.58 P4:1.58 STATE:IDLE
[2026-05-16 04:54:42Z] CHK MOM:-0.15% RANGE:0.15% UP:0% SPREAD:0.12666244% BID:1.579 ASK:1.581 MID:1.58 P1:1.58 P2:1.58 P3:1.58 P4:1.58 STATE:IDLE
[2026-05-16 04:54:42Z] CHK MOM:-0.15% RANGE:0.15% UP:0% SPREAD:0.12666244% BID:1.579 ASK:1.581 MID:1.58 P1:1.58 P2:1.58 P3:1.58 P4:1.58 STATE:IDLE
[2026-05-16 04:54:43Z] CHK MOM:-0.15% RANGE:0.15% UP:0% SPREAD:0.12666244% BID:1.579 ASK:1.581 MID:1.58 P1:1.58 P2:1.58 P3:1.58 P4:1.58 STATE:IDLE
[2026-05-16 04:54:43Z] CHK MOM:-0.12% RANGE:0.12% UP:0% SPREAD:0.12666244% BID:1.579 ASK:1.581 MID:1.58 P1:1.58 P2:1.58 P3:1.58 P4:1.58 STATE:IDLE
[2026-05-16 04:54:44Z] CHK MOM:-0.12% RANGE:0.12% UP:0% SPREAD:0.12666244% BID:1.579 ASK:1.581 MID:1.58 P1:1.58 P2:1.58 P3:1.58 P4:1.58 STATE:IDLE
[2026-05-16 04:54:44Z] CHK MOM:-0.12% RANGE:0.12% UP:0% SPREAD:0.12666244% BID:1.579 ASK:1.581 MID:1.58 P1:1.58 P2:1.58 P3:1.58 P4:1.58 STATE:IDLE
[2026-05-16 04:54:45Z] CHK MOM:-0.12% RANGE:0.12% UP:0% SPREAD:0.12666244% BID:1.579 ASK:1.581 MID:1.58 P1:1.58 P2:1.58 P3:1.58 P4:1.58 STATE:IDLE
[2026-05-16 04:54:45Z] CHK MOM:-0.12% RANGE:0.12% UP:0% SPREAD:0.12666244% BID:1.579 ASK:1.581 MID:1.58 P1:1.58 P2:1.58 P3:1.58 P4:1.58 STATE:IDLE
[2026-05-16 04:54:46Z] CHK MOM:-0.12% RANGE:0.12% UP:0% SPREAD:0.12666244% BID:1.579 ASK:1.581 MID:1.58 P1:1.58 P2:1.58 P3:1.58 P4:1.58 STATE:IDLE
[2026-05-16 04:54:49Z] CHK MOM:-0.06% RANGE:0.12% UP:16.66% SPREAD:0.12658227% BID:1.58 ASK:1.582 MID:1.581 P1:1.581 P2:1.58 P3:1.58 P4:1.58 STATE:IDLE
[2026-05-16 04:54:49Z] CHK MOM:-0.06% RANGE:0.12% UP:14.28% SPREAD:0.12658227% BID:1.58 ASK:1.582 MID:1.581 P1:1.581 P2:1.581 P3:1.58 P4:1.58 STATE:IDLE
[2026-05-16 04:54:50Z] CHK MOM:-0.06% RANGE:0.12% UP:14.28% SPREAD:0.12658227% BID:1.58 ASK:1.582 MID:1.581 P1:1.581 P2:1.581 P3:1.58 P4:1.58 STATE:IDLE
[2026-05-16 04:54:50Z] CHK MOM:0.06% RANGE:0.06% UP:14.28% SPREAD:0.12658227% BID:1.58 ASK:1.582 MID:1.581 P1:1.581 P2:1.581 P3:1.581 P4:1.58 STATE:IDLE
[2026-05-16 04:54:51Z] CHK MOM:0.06% RANGE:0.06% UP:12.5% SPREAD:0.12658227% BID:1.58 ASK:1.582 MID:1.581 P1:1.581 P2:1.581 P3:1.581 P4:1.581 STATE:IDLE
[2026-05-16 04:54:51Z] CHK MOM:0.06% RANGE:0.06% UP:14.28% SPREAD:0.12658227% BID:1.58 ASK:1.582 MID:1.581 P1:1.581 P2:1.581 P3:1.581 P4:1.581 STATE:IDLE
[2026-05-16 04:54:52Z] CHK MOM:0.06% RANGE:0.06% UP:14.28% SPREAD:0.12658227% BID:1.58 ASK:1.582 MID:1.581 P1:1.581 P2:1.581 P3:1.581 P4:1.581 STATE:IDLE
[2026-05-16 04:54:52Z] CHK MOM:0.06% RANGE:0.06% UP:14.28% SPREAD:0.12658227% BID:1.58 ASK:1.582 MID:1.581 P1:1.581 P2:1.581 P3:1.581 P4:1.581 STATE:IDLE
[2026-05-16 04:54:53Z] CHK MOM:0.06% RANGE:0.06% UP:16.66% SPREAD:0.12658227% BID:1.58 ASK:1.582 MID:1.581 P1:1.581 P2:1.581 P3:1.581 P4:1.581 STATE:IDLE
[2026-05-16 04:54:53Z] CHK MOM:0.06% RANGE:0.06% UP:14.28% SPREAD:0.12658227% BID:1.58 ASK:1.582 MID:1.581 P1:1.581 P2:1.581 P3:1.581 P4:1.581 STATE:IDLE
[2026-05-16 04:54:54Z] CHK MOM:0.03% RANGE:0.06% UP:12.5% SPREAD:0.06329113% BID:1.58 ASK:1.581 MID:1.5805 P1:1.5805 P2:1.581 P3:1.581 P4:1.581 STATE:IDLE
[2026-05-16 04:54:55Z] CHK MOM:-0.06% RANGE:0.12% UP:11.11% SPREAD:0.12674271% BID:1.578 ASK:1.58 MID:1.579 P1:1.579 P2:1.5805 P3:1.581 P4:1.581 STATE:IDLE
[2026-05-16 04:54:55Z] CHK MOM:-0.12% RANGE:0.12% UP:0% SPREAD:0.12674271% BID:1.578 ASK:1.58 MID:1.579 P1:1.579 P2:1.579 P3:1.5805 P4:1.581 STATE:IDLE
[2026-05-16 04:54:56Z] CHK MOM:-0.12% RANGE:0.12% UP:0% SPREAD:0.12674271% BID:1.578 ASK:1.58 MID:1.579 P1:1.579 P2:1.579 P3:1.579 P4:1.5805 STATE:IDLE
[2026-05-16 04:54:56Z] CHK MOM:-0.18% RANGE:0.19% UP:0% SPREAD:0.12682308% BID:1.577 ASK:1.579 MID:1.57799999 P1:1.57799999 P2:1.579 P3:1.579 P4:1.579 STATE:IDLE
[2026-05-16 04:54:57Z] CHK MOM:-0.18% RANGE:0.19% UP:0% SPREAD:0.12682308% BID:1.577 ASK:1.579 MID:1.57799999 P1:1.57799999 P2:1.579 P3:1.579 P4:1.579 STATE:IDLE
[2026-05-16 04:54:57Z] CHK MOM:-0.18% RANGE:0.19% UP:0% SPREAD:0.12682308% BID:1.577 ASK:1.579 MID:1.57799999 P1:1.57799999 P2:1.57799999 P3:1.579 P4:1.579 STATE:IDLE
[2026-05-16 04:54:58Z] CHK MOM:-0.18% RANGE:0.19% UP:0% SPREAD:0.12682308% BID:1.577 ASK:1.579 MID:1.57799999 P1:1.57799999 P2:1.57799999 P3:1.579 P4:1.579 STATE:IDLE
[2026-05-16 04:54:58Z] CHK MOM:-0.18% RANGE:0.19% UP:0% SPREAD:0.12682308% BID:1.577 ASK:1.579 MID:1.57799999 P1:1.57799999 P2:1.57799999 P3:1.579 P4:1.579 STATE:IDLE
[2026-05-16 04:54:59Z] CHK MOM:-0.22% RANGE:0.22% UP:0% SPREAD:0.06341154% BID:1.577 ASK:1.578 MID:1.5775 P1:1.5775 P2:1.57799999 P3:1.57799999 P4:1.579 STATE:IDLE
[2026-05-16 04:55:00Z] CHK MOM:-0.22% RANGE:0.22% UP:0% SPREAD:0.06341154% BID:1.577 ASK:1.578 MID:1.5775 P1:1.5775 P2:1.5775 P3:1.57799999 P4:1.57799999 STATE:IDLE
[2026-05-16 04:55:00Z] CHK MOM:-0.22% RANGE:0.22% UP:0% SPREAD:0.06341154% BID:1.577 ASK:1.578 MID:1.5775 P1:1.5775 P2:1.5775 P3:1.57799999 P4:1.57799999 STATE:IDLE
[2026-05-16 04:55:01Z] CHK MOM:-0.22% RANGE:0.22% UP:0% SPREAD:0.06341154% BID:1.577 ASK:1.578 MID:1.5775 P1:1.5775 P2:1.5775 P3:1.57799999 P4:1.57799999 STATE:IDLE
[2026-05-16 04:55:01Z] CHK MOM:-0.22% RANGE:0.22% UP:0% SPREAD:0.06341154% BID:1.577 ASK:1.578 MID:1.5775 P1:1.5775 P2:1.5775 P3:1.57799999 P4:1.57799999 STATE:IDLE
[2026-05-16 04:55:02Z] CHK MOM:-0.25% RANGE:0.25% UP:0% SPREAD:0.12690355% BID:1.576 ASK:1.578 MID:1.577 P1:1.577 P2:1.5775 P3:1.5775 P4:1.57799999 STATE:IDLE
[2026-05-16 04:55:02Z] CHK MOM:-0.25% RANGE:0.25% UP:0% SPREAD:0.12690355% BID:1.576 ASK:1.578 MID:1.577 P1:1.577 P2:1.577 P3:1.5775 P4:1.5775 STATE:IDLE
[2026-05-16 04:55:03Z] CHK MOM:-0.22% RANGE:0.25% UP:7.14% SPREAD:0.06341154% BID:1.577 ASK:1.578 MID:1.5775 P1:1.5775 P2:1.577 P3:1.577 P4:1.5775 STATE:IDLE
[2026-05-16 04:55:03Z] CHK MOM:-0.15% RANGE:0.25% UP:15.38% SPREAD:0.06337135% BID:1.578 ASK:1.579 MID:1.5785 P1:1.5785 P2:1.5775 P3:1.577 P4:1.577 STATE:IDLE
[2026-05-16 04:55:04Z] CHK MOM:-0.12% RANGE:0.25% UP:21.42% SPREAD:0.12674271% BID:1.578 ASK:1.58 MID:1.579 P1:1.579 P2:1.5785 P3:1.5775 P4:1.577 STATE:IDLE
[2026-05-16 04:55:04Z] CHK MOM:-0.18% RANGE:0.25% UP:20% SPREAD:0.12682308% BID:1.577 ASK:1.579 MID:1.57799999 P1:1.57799999 P2:1.579 P3:1.5785 P4:1.5775 STATE:IDLE
[2026-05-16 04:55:06Z] CHK MOM:-0.18% RANGE:0.25% UP:20% SPREAD:0.12682308% BID:1.577 ASK:1.579 MID:1.57799999 P1:1.57799999 P2:1.579 P3:1.5785 P4:1.5775 STATE:IDLE
[2026-05-16 04:55:07Z] CHK MOM:-0.15% RANGE:0.22% UP:21.42% SPREAD:0.12682308% BID:1.577 ASK:1.579 MID:1.57799999 P1:1.57799999 P2:1.57799999 P3:1.579 P4:1.5785 STATE:IDLE
[2026-05-16 04:55:07Z] CHK MOM:-0.15% RANGE:0.22% UP:21.42% SPREAD:0.12682308% BID:1.577 ASK:1.579 MID:1.57799999 P1:1.57799999 P2:1.57799999 P3:1.579 P4:1.5785 STATE:IDLE
[2026-05-16 04:55:08Z] CHK MOM:-0.06% RANGE:0.12% UP:25% SPREAD:0.12682308% BID:1.577 ASK:1.579 MID:1.57799999 P1:1.57799999 P2:1.57799999 P3:1.57799999 P4:1.579 STATE:IDLE
[2026-05-16 04:55:08Z] CHK MOM:0% RANGE:0.12% UP:25% SPREAD:0.12682308% BID:1.577 ASK:1.579 MID:1.57799999 P1:1.57799999 P2:1.57799999 P3:1.57799999 P4:1.57799999 STATE:IDLE
[2026-05-16 04:55:09Z] CHK MOM:0% RANGE:0.12% UP:25% SPREAD:0.12682308% BID:1.577 ASK:1.579 MID:1.57799999 P1:1.57799999 P2:1.57799999 P3:1.57799999 P4:1.57799999 STATE:IDLE
[2026-05-16 04:55:09Z] CHK MOM:0% RANGE:0.12% UP:25% SPREAD:0.12682308% BID:1.577 ASK:1.579 MID:1.57799999 P1:1.57799999 P2:1.57799999 P3:1.57799999 P4:1.57799999 STATE:IDLE
[2026-05-16 04:55:10Z] CHK MOM:0% RANGE:0.12% UP:25% SPREAD:0.12682308% BID:1.577 ASK:1.579 MID:1.57799999 P1:1.57799999 P2:1.57799999 P3:1.57799999 P4:1.57799999 STATE:IDLE
[2026-05-16 04:55:11Z] CHK MOM:0% RANGE:0.12% UP:25% SPREAD:0.12682308% BID:1.577 ASK:1.579 MID:1.57799999 P1:1.57799999 P2:1.57799999 P3:1.57799999 P4:1.57799999 STATE:IDLE
[2026-05-16 04:55:12Z] CHK MOM:0.09% RANGE:0.12% UP:44.44% SPREAD:0.06337135% BID:1.578 ASK:1.579 MID:1.5785 P1:1.5785 P2:1.57799999 P3:1.57799999 P4:1.57799999 STATE:IDLE
[2026-05-16 04:55:12Z] CHK MOM:0.19% RANGE:0.19% UP:50% SPREAD:0.12666244% BID:1.579 ASK:1.581 MID:1.58 P1:1.58 P2:1.5785 P3:1.57799999 P4:1.57799999 STATE:IDLE
[2026-05-16 04:55:13Z] CHK MOM:0.19% RANGE:0.19% UP:50% SPREAD:0.12666244% BID:1.579 ASK:1.581 MID:1.58 P1:1.58 P2:1.5785 P3:1.57799999 P4:1.57799999 STATE:IDLE
[2026-05-16 04:55:13Z] CHK MOM:0.19% RANGE:0.19% UP:50% SPREAD:0.12666244% BID:1.579 ASK:1.581 MID:1.58 P1:1.58 P2:1.5785 P3:1.57799999 P4:1.57799999 STATE:IDLE
[2026-05-16 04:55:14Z] CHK MOM:0.19% RANGE:0.19% UP:50% SPREAD:0.12666244% BID:1.579 ASK:1.581 MID:1.58 P1:1.58 P2:1.5785 P3:1.57799999 P4:1.57799999 STATE:IDLE
[2026-05-16 04:55:14Z] CHK MOM:0.19% RANGE:0.19% UP:50% SPREAD:0.12666244% BID:1.579 ASK:1.581 MID:1.58 P1:1.58 P2:1.5785 P3:1.57799999 P4:1.57799999 STATE:IDLE
[2026-05-16 04:55:15Z] CHK MOM:0.15% RANGE:0.15% UP:44.44% SPREAD:0.12666244% BID:1.579 ASK:1.581 MID:1.58 P1:1.58 P2:1.58 P3:1.5785 P4:1.57799999 STATE:IDLE
[2026-05-16 04:55:15Z] CHK MOM:0.03% RANGE:0.12% UP:33.33% SPREAD:0.12674271% BID:1.578 ASK:1.58 MID:1.579 P1:1.579 P2:1.58 P3:1.58 P4:1.5785 STATE:IDLE
[2026-05-16 04:55:16Z] CHK MOM:0% RANGE:0.12% UP:22.22% SPREAD:0.12674271% BID:1.578 ASK:1.58 MID:1.579 P1:1.579 P2:1.579 P3:1.58 P4:1.58 STATE:IDLE
[2026-05-16 04:55:17Z] CHK MOM:0.06% RANGE:0.12% UP:22.22% SPREAD:0.12674271% BID:1.578 ASK:1.58 MID:1.579 P1:1.579 P2:1.579 P3:1.579 P4:1.58 STATE:IDLE
[2026-05-16 04:55:17Z] CHK MOM:0.06% RANGE:0.12% UP:22.22% SPREAD:0.12674271% BID:1.578 ASK:1.58 MID:1.579 P1:1.579 P2:1.579 P3:1.579 P4:1.58 STATE:IDLE
[2026-05-16 04:55:18Z] CHK MOM:0.06% RANGE:0.12% UP:22.22% SPREAD:0.12674271% BID:1.578 ASK:1.58 MID:1.579 P1:1.579 P2:1.579 P3:1.579 P4:1.58 STATE:IDLE
[2026-05-16 04:55:18Z] CHK MOM:0.06% RANGE:0.12% UP:25% SPREAD:0.12674271% BID:1.578 ASK:1.58 MID:1.579 P1:1.579 P2:1.579 P3:1.579 P4:1.579 STATE:IDLE
[2026-05-16 04:55:19Z] CHK MOM:0.06% RANGE:0.12% UP:25% SPREAD:0.12674271% BID:1.578 ASK:1.58 MID:1.579 P1:1.579 P2:1.579 P3:1.579 P4:1.579 STATE:IDLE
[2026-05-16 04:55:19Z] CHK MOM:0.06% RANGE:0.12% UP:25% SPREAD:0.12674271% BID:1.578 ASK:1.58 MID:1.579 P1:1.579 P2:1.579 P3:1.579 P4:1.579 STATE:IDLE
[2026-05-16 04:55:20Z] CHK MOM:0.06% RANGE:0.12% UP:25% SPREAD:0.12674271% BID:1.578 ASK:1.58 MID:1.579 P1:1.579 P2:1.579 P3:1.579 P4:1.579 STATE:IDLE
[2026-05-16 04:55:20Z] CHK MOM:0.06% RANGE:0.12% UP:25% SPREAD:0.12674271% BID:1.578 ASK:1.58 MID:1.579 P1:1.579 P2:1.579 P3:1.579 P4:1.579 STATE:IDLE
[2026-05-16 04:55:21Z] CHK MOM:0.06% RANGE:0.12% UP:25% SPREAD:0.12674271% BID:1.578 ASK:1.58 MID:1.579 P1:1.579 P2:1.579 P3:1.579 P4:1.579 STATE:IDLE
[2026-05-16 04:55:23Z] CHK MOM:0.06% RANGE:0.09% UP:28.57% SPREAD:0.06333122% BID:1.579 ASK:1.58 MID:1.5795 P1:1.5795 P2:1.579 P3:1.579 P4:1.579 STATE:IDLE
[2026-05-16 04:55:24Z] CHK MOM:0.06% RANGE:0.09% UP:25% SPREAD:0.06333122% BID:1.579 ASK:1.58 MID:1.5795 P1:1.5795 P2:1.5795 P3:1.579 P4:1.579 STATE:IDLE
[2026-05-16 04:55:24Z] CHK MOM:0.06% RANGE:0.09% UP:25% SPREAD:0.06333122% BID:1.579 ASK:1.58 MID:1.5795 P1:1.5795 P2:1.5795 P3:1.579 P4:1.579 STATE:IDLE
[2026-05-16 04:55:25Z] CHK MOM:0.06% RANGE:0.09% UP:25% SPREAD:0.06333122% BID:1.579 ASK:1.58 MID:1.5795 P1:1.5795 P2:1.5795 P3:1.579 P4:1.579 STATE:IDLE
[2026-05-16 04:55:25Z] CHK MOM:-0.03% RANGE:0.06% UP:14.28% SPREAD:0.06333122% BID:1.579 ASK:1.58 MID:1.5795 P1:1.5795 P2:1.5795 P3:1.5795 P4:1.579 STATE:IDLE
[2026-05-16 04:55:26Z] CHK MOM:-0.03% RANGE:0.06% UP:14.28% SPREAD:0.06333122% BID:1.579 ASK:1.58 MID:1.5795 P1:1.5795 P2:1.5795 P3:1.5795 P4:1.579 STATE:IDLE
[2026-05-16 04:55:26Z] CHK MOM:-0.03% RANGE:0.06% UP:14.28% SPREAD:0.06333122% BID:1.579 ASK:1.58 MID:1.5795 P1:1.5795 P2:1.5795 P3:1.5795 P4:1.579 STATE:IDLE
[2026-05-16 04:55:27Z] CHK MOM:-0.03% RANGE:0.06% UP:14.28% SPREAD:0.06333122% BID:1.579 ASK:1.58 MID:1.5795 P1:1.5795 P2:1.5795 P3:1.5795 P4:1.579 STATE:IDLE
[2026-05-16 04:55:27Z] CHK MOM:-0.03% RANGE:0.06% UP:14.28% SPREAD:0.06333122% BID:1.579 ASK:1.58 MID:1.5795 P1:1.5795 P2:1.5795 P3:1.5795 P4:1.579 STATE:IDLE
[2026-05-16 04:55:28Z] CHK MOM:0% RANGE:0.03% UP:20% SPREAD:0.12674271% BID:1.578 ASK:1.58 MID:1.579 P1:1.579 P2:1.5795 P3:1.5795 P4:1.5795 STATE:IDLE
[2026-05-16 04:55:29Z] CHK MOM:0% RANGE:0.03% UP:20% SPREAD:0.12674271% BID:1.578 ASK:1.58 MID:1.579 P1:1.579 P2:1.5795 P3:1.5795 P4:1.5795 STATE:IDLE
[2026-05-16 04:55:29Z] CHK MOM:0.03% RANGE:0.03% UP:40% SPREAD:0.06333122% BID:1.579 ASK:1.58 MID:1.5795 P1:1.5795 P2:1.579 P3:1.5795 P4:1.5795 STATE:IDLE
[2026-05-16 04:55:30Z] CHK MOM:0.03% RANGE:0.03% UP:40% SPREAD:0.06333122% BID:1.579 ASK:1.58 MID:1.5795 P1:1.5795 P2:1.579 P3:1.5795 P4:1.5795 STATE:IDLE
[2026-05-16 04:55:30Z] CHK MOM:0.03% RANGE:0.03% UP:40% SPREAD:0.06333122% BID:1.579 ASK:1.58 MID:1.5795 P1:1.5795 P2:1.579 P3:1.5795 P4:1.5795 STATE:IDLE
[2026-05-16 04:55:31Z] CHK MOM:0.03% RANGE:0.06% UP:40% SPREAD:0.12666244% BID:1.579 ASK:1.581 MID:1.58 P1:1.58 P2:1.5795 P3:1.579 P4:1.5795 STATE:IDLE
[2026-05-16 04:55:31Z] CHK MOM:0.03% RANGE:0.06% UP:40% SPREAD:0.12666244% BID:1.579 ASK:1.581 MID:1.58 P1:1.58 P2:1.5795 P3:1.579 P4:1.5795 STATE:IDLE
[2026-05-16 04:55:32Z] CHK MOM:0.03% RANGE:0.06% UP:33.33% SPREAD:0.12666244% BID:1.579 ASK:1.581 MID:1.58 P1:1.58 P2:1.58 P3:1.5795 P4:1.579 STATE:IDLE
[2026-05-16 04:55:32Z] CHK MOM:0.03% RANGE:0.06% UP:33.33% SPREAD:0.12666244% BID:1.579 ASK:1.581 MID:1.58 P1:1.58 P2:1.58 P3:1.5795 P4:1.579 STATE:IDLE
[2026-05-16 04:55:33Z] CHK MOM:0% RANGE:0.06% UP:28.57% SPREAD:0.19011406% BID:1.578 ASK:1.581 MID:1.5795 P1:1.5795 P2:1.58 P3:1.58 P4:1.5795 STATE:IDLE
[2026-05-16 04:55:33Z] CHK MOM:0% RANGE:0.06% UP:25% SPREAD:0.19011406% BID:1.578 ASK:1.581 MID:1.5795 P1:1.5795 P2:1.5795 P3:1.58 P4:1.58 STATE:IDLE
[2026-05-16 04:55:34Z] CHK MOM:0% RANGE:0.06% UP:25% SPREAD:0.19011406% BID:1.578 ASK:1.581 MID:1.5795 P1:1.5795 P2:1.5795 P3:1.58 P4:1.58 STATE:IDLE
[2026-05-16 04:55:35Z] CHK MOM:0% RANGE:0.06% UP:22.22% SPREAD:0.19011406% BID:1.578 ASK:1.581 MID:1.5795 P1:1.5795 P2:1.5795 P3:1.5795 P4:1.58 STATE:IDLE
[2026-05-16 04:55:35Z] CHK MOM:0% RANGE:0.06% UP:22.22% SPREAD:0.19011406% BID:1.578 ASK:1.581 MID:1.5795 P1:1.5795 P2:1.5795 P3:1.5795 P4:1.58 STATE:IDLE
[2026-05-16 04:55:36Z] CHK MOM:0% RANGE:0.06% UP:22.22% SPREAD:0.19011406% BID:1.578 ASK:1.581 MID:1.5795 P1:1.5795 P2:1.5795 P3:1.5795 P4:1.58 STATE:IDLE
[2026-05-16 04:55:36Z] CHK MOM:0% RANGE:0.06% UP:22.22% SPREAD:0.19011406% BID:1.578 ASK:1.581 MID:1.5795 P1:1.5795 P2:1.5795 P3:1.5795 P4:1.58 STATE:IDLE
[2026-05-16 04:55:37Z] CHK MOM:0% RANGE:0.06% UP:22.22% SPREAD:0.19011406% BID:1.578 ASK:1.581 MID:1.5795 P1:1.5795 P2:1.5795 P3:1.5795 P4:1.58 STATE:IDLE
[2026-05-16 04:55:37Z] CHK MOM:-0.09% RANGE:0.12% UP:25% SPREAD:0.12682308% BID:1.577 ASK:1.579 MID:1.57799999 P1:1.57799999 P2:1.5795 P3:1.5795 P4:1.5795 STATE:IDLE
[2026-05-16 04:55:38Z] CHK MOM:-0.06% RANGE:0.12% UP:25% SPREAD:0.12682308% BID:1.577 ASK:1.579 MID:1.57799999 P1:1.57799999 P2:1.57799999 P3:1.5795 P4:1.5795 STATE:IDLE
[2026-05-16 04:55:38Z] CHK MOM:-0.12% RANGE:0.19% UP:22.22% SPREAD:0.12690355% BID:1.576 ASK:1.578 MID:1.577 P1:1.577 P2:1.57799999 P3:1.57799999 P4:1.5795 STATE:IDLE
[2026-05-16 04:55:39Z] CHK MOM:-0.12% RANGE:0.19% UP:22.22% SPREAD:0.12690355% BID:1.576 ASK:1.578 MID:1.577 P1:1.577 P2:1.57799999 P3:1.57799999 P4:1.5795 STATE:IDLE
[2026-05-16 04:55:40Z] CHK MOM:-0.12% RANGE:0.19% UP:20% SPREAD:0.12690355% BID:1.576 ASK:1.578 MID:1.577 P1:1.577 P2:1.577 P3:1.57799999 P4:1.57799999 STATE:IDLE
[2026-05-16 04:55:40Z] CHK MOM:-0.15% RANGE:0.19% UP:10% SPREAD:0.12690355% BID:1.576 ASK:1.578 MID:1.577 P1:1.577 P2:1.577 P3:1.577 P4:1.57799999 STATE:IDLE
[2026-05-16 04:55:41Z] CHK MOM:-0.15% RANGE:0.19% UP:10% SPREAD:0.12690355% BID:1.576 ASK:1.578 MID:1.577 P1:1.577 P2:1.577 P3:1.577 P4:1.57799999 STATE:IDLE
[2026-05-16 04:55:41Z] CHK MOM:-0.15% RANGE:0.19% UP:10% SPREAD:0.12690355% BID:1.576 ASK:1.578 MID:1.577 P1:1.577 P2:1.577 P3:1.577 P4:1.57799999 STATE:IDLE
[2026-05-16 04:55:42Z] CHK MOM:-0.15% RANGE:0.19% UP:10% SPREAD:0.12690355% BID:1.576 ASK:1.578 MID:1.577 P1:1.577 P2:1.577 P3:1.577 P4:1.57799999 STATE:IDLE
[2026-05-16 04:55:42Z] CHK MOM:-0.15% RANGE:0.19% UP:10% SPREAD:0.12690355% BID:1.576 ASK:1.578 MID:1.577 P1:1.577 P2:1.577 P3:1.577 P4:1.57799999 STATE:IDLE
[2026-05-16 04:55:43Z] CHK MOM:-0.12% RANGE:0.19% UP:10% SPREAD:0.12682308% BID:1.577 ASK:1.579 MID:1.57799999 P1:1.57799999 P2:1.577 P3:1.577 P4:1.577 STATE:IDLE
[2026-05-16 04:55:43Z] CHK MOM:-0.12% RANGE:0.19% UP:10% SPREAD:0.12682308% BID:1.577 ASK:1.579 MID:1.57799999 P1:1.57799999 P2:1.577 P3:1.577 P4:1.577 STATE:IDLE
[2026-05-16 04:55:44Z] CHK MOM:-0.12% RANGE:0.19% UP:10% SPREAD:0.12682308% BID:1.577 ASK:1.579 MID:1.57799999 P1:1.57799999 P2:1.577 P3:1.577 P4:1.577 STATE:IDLE
[2026-05-16 04:55:44Z] CHK MOM:-0.12% RANGE:0.19% UP:10% SPREAD:0.12682308% BID:1.577 ASK:1.579 MID:1.57799999 P1:1.57799999 P2:1.577 P3:1.577 P4:1.577 STATE:IDLE
[2026-05-16 04:55:45Z] CHK MOM:-0.12% RANGE:0.19% UP:10% SPREAD:0.12682308% BID:1.577 ASK:1.579 MID:1.57799999 P1:1.57799999 P2:1.577 P3:1.577 P4:1.577 STATE:IDLE
[2026-05-16 04:55:46Z] CHK MOM:-0.09% RANGE:0.15% UP:12.5% SPREAD:0.12682308% BID:1.577 ASK:1.579 MID:1.57799999 P1:1.57799999 P2:1.57799999 P3:1.577 P4:1.577 STATE:IDLE
[2026-05-16 04:55:46Z] CHK MOM:-0.09% RANGE:0.15% UP:12.5% SPREAD:0.12682308% BID:1.577 ASK:1.579 MID:1.57799999 P1:1.57799999 P2:1.57799999 P3:1.577 P4:1.577 STATE:IDLE
[2026-05-16 04:55:47Z] CHK MOM:-0.09% RANGE:0.15% UP:12.5% SPREAD:0.12682308% BID:1.577 ASK:1.579 MID:1.57799999 P1:1.57799999 P2:1.57799999 P3:1.577 P4:1.577 STATE:IDLE
[2026-05-16 04:55:47Z] CHK MOM:-0.09% RANGE:0.15% UP:12.5% SPREAD:0.12682308% BID:1.577 ASK:1.579 MID:1.57799999 P1:1.57799999 P2:1.57799999 P3:1.577 P4:1.577 STATE:IDLE
[2026-05-16 04:55:48Z] CHK MOM:-0.09% RANGE:0.15% UP:12.5% SPREAD:0.12682308% BID:1.577 ASK:1.579 MID:1.57799999 P1:1.57799999 P2:1.57799999 P3:1.577 P4:1.577 STATE:IDLE
[2026-05-16 04:55:48Z] CHK MOM:0% RANGE:0.06% UP:14.28% SPREAD:0.12682308% BID:1.577 ASK:1.579 MID:1.57799999 P1:1.57799999 P2:1.57799999 P3:1.57799999 P4:1.577 STATE:IDLE
[2026-05-16 04:55:49Z] CHK MOM:0% RANGE:0.06% UP:14.28% SPREAD:0.12682308% BID:1.577 ASK:1.579 MID:1.57799999 P1:1.57799999 P2:1.57799999 P3:1.57799999 P4:1.577 STATE:IDLE
[2026-05-16 04:55:49Z] CHK MOM:0.03% RANGE:0.09% UP:28.57% SPREAD:0.06337135% BID:1.578 ASK:1.579 MID:1.5785 P1:1.5785 P2:1.57799999 P3:1.57799999 P4:1.57799999 STATE:IDLE
[2026-05-16 04:55:50Z] CHK MOM:0% RANGE:0.09% UP:25% SPREAD:0.12682308% BID:1.577 ASK:1.579 MID:1.57799999 P1:1.57799999 P2:1.5785 P3:1.57799999 P4:1.57799999 STATE:IDLE
[2026-05-16 04:55:51Z] CHK MOM:0.06% RANGE:0.09% UP:28.57% SPREAD:0.12682308% BID:1.577 ASK:1.579 MID:1.57799999 P1:1.57799999 P2:1.57799999 P3:1.5785 P4:1.57799999 STATE:IDLE
[2026-05-16 04:55:51Z] CHK MOM:0.06% RANGE:0.09% UP:25% SPREAD:0.12682308% BID:1.577 ASK:1.579 MID:1.57799999 P1:1.57799999 P2:1.57799999 P3:1.57799999 P4:1.5785 STATE:IDLE
[2026-05-16 04:55:52Z] CHK MOM:0.03% RANGE:0.09% UP:25% SPREAD:0.19035532% BID:1.576 ASK:1.579 MID:1.5775 P1:1.5775 P2:1.57799999 P3:1.57799999 P4:1.57799999 STATE:IDLE
[2026-05-16 04:55:52Z] CHK MOM:0.03% RANGE:0.09% UP:25% SPREAD:0.19035532% BID:1.576 ASK:1.579 MID:1.5775 P1:1.5775 P2:1.57799999 P3:1.57799999 P4:1.57799999 STATE:IDLE
[2026-05-16 04:55:53Z] CHK MOM:0.03% RANGE:0.09% UP:25% SPREAD:0.19035532% BID:1.576 ASK:1.579 MID:1.5775 P1:1.5775 P2:1.57799999 P3:1.57799999 P4:1.57799999 STATE:IDLE
[2026-05-16 04:55:53Z] CHK MOM:0.03% RANGE:0.09% UP:25% SPREAD:0.19035532% BID:1.576 ASK:1.579 MID:1.5775 P1:1.5775 P2:1.57799999 P3:1.57799999 P4:1.57799999 STATE:IDLE
[2026-05-16 04:55:54Z] CHK MOM:0.03% RANGE:0.06% UP:25% SPREAD:0.06337135% BID:1.578 ASK:1.579 MID:1.5785 P1:1.5785 P2:1.5775 P3:1.57799999 P4:1.57799999 STATE:IDLE
[2026-05-16 04:55:54Z] CHK MOM:0% RANGE:0.06% UP:22.22% SPREAD:0.12682308% BID:1.577 ASK:1.579 MID:1.57799999 P1:1.57799999 P2:1.5785 P3:1.5775 P4:1.57799999 STATE:IDLE
[2026-05-16 04:55:55Z] CHK MOM:0% RANGE:0.06% UP:22.22% SPREAD:0.12682308% BID:1.577 ASK:1.579 MID:1.57799999 P1:1.57799999 P2:1.57799999 P3:1.5785 P4:1.5775 STATE:IDLE
[2026-05-16 04:55:55Z] CHK MOM:0% RANGE:0.06% UP:22.22% SPREAD:0.12682308% BID:1.577 ASK:1.579 MID:1.57799999 P1:1.57799999 P2:1.57799999 P3:1.5785 P4:1.5775 STATE:IDLE
[2026-05-16 04:55:56Z] CHK MOM:-0.06% RANGE:0.09% UP:20% SPREAD:0.12690355% BID:1.576 ASK:1.578 MID:1.577 P1:1.577 P2:1.57799999 P3:1.57799999 P4:1.5785 STATE:IDLE
[2026-05-16 04:55:56Z] CHK MOM:-0.06% RANGE:0.09% UP:18.18% SPREAD:0.12690355% BID:1.576 ASK:1.578 MID:1.577 P1:1.577 P2:1.577 P3:1.57799999 P4:1.57799999 STATE:IDLE
[2026-05-16 04:55:57Z] CHK MOM:-0.06% RANGE:0.09% UP:18.18% SPREAD:0.12690355% BID:1.576 ASK:1.578 MID:1.577 P1:1.577 P2:1.577 P3:1.57799999 P4:1.57799999 STATE:IDLE
[2026-05-16 04:55:57Z] CHK MOM:-0.06% RANGE:0.09% UP:18.18% SPREAD:0.12690355% BID:1.576 ASK:1.578 MID:1.577 P1:1.577 P2:1.577 P3:1.577 P4:1.57799999 STATE:IDLE
[2026-05-16 04:55:58Z] CHK MOM:-0.12% RANGE:0.15% UP:16.66% SPREAD:0.12698412% BID:1.575 ASK:1.577 MID:1.576 P1:1.576 P2:1.577 P3:1.577 P4:1.577 STATE:IDLE
[2026-05-16 04:55:58Z] CHK MOM:-0.12% RANGE:0.15% UP:16.66% SPREAD:0.12698412% BID:1.575 ASK:1.577 MID:1.576 P1:1.576 P2:1.577 P3:1.577 P4:1.577 STATE:IDLE
[2026-05-16 04:55:59Z] CHK MOM:-0.12% RANGE:0.15% UP:16.66% SPREAD:0.12698412% BID:1.575 ASK:1.577 MID:1.576 P1:1.576 P2:1.577 P3:1.577 P4:1.577 STATE:IDLE
[2026-05-16 04:55:59Z] CHK MOM:-0.12% RANGE:0.15% UP:16.66% SPREAD:0.12698412% BID:1.575 ASK:1.577 MID:1.576 P1:1.576 P2:1.577 P3:1.577 P4:1.577 STATE:IDLE
[2026-05-16 04:56:00Z] CHK MOM:-0.12% RANGE:0.15% UP:16.66% SPREAD:0.12698412% BID:1.575 ASK:1.577 MID:1.576 P1:1.576 P2:1.577 P3:1.577 P4:1.577 STATE:IDLE
[2026-05-16 04:56:00Z] CHK MOM:-0.15% RANGE:0.15% UP:8.33% SPREAD:0.12698412% BID:1.575 ASK:1.577 MID:1.576 P1:1.576 P2:1.576 P3:1.577 P4:1.577 STATE:IDLE
[2026-05-16 04:56:01Z] CHK MOM:-0.19% RANGE:0.19% UP:7.69% SPREAD:0.06349206% BID:1.575 ASK:1.576 MID:1.5755 P1:1.5755 P2:1.576 P3:1.576 P4:1.577 STATE:IDLE
[2026-05-16 04:56:02Z] CHK MOM:-0.15% RANGE:0.19% UP:8.33% SPREAD:0.06349206% BID:1.575 ASK:1.576 MID:1.5755 P1:1.5755 P2:1.5755 P3:1.576 P4:1.576 STATE:IDLE
[2026-05-16 04:56:02Z] CHK MOM:-0.15% RANGE:0.19% UP:8.33% SPREAD:0.06349206% BID:1.575 ASK:1.576 MID:1.5755 P1:1.5755 P2:1.5755 P3:1.576 P4:1.576 STATE:IDLE
[2026-05-16 04:56:02Z] TOKEN_SWITCH old=ORCAUSDC new=TONUSDC source=.service.env
[2026-05-16 05:04:21Z] SESSION_START symbol=ORCAUSDC dry_run=0 profile=major strategy=momentum base_url=https://api.binance.com
[2026-05-16 05:04:21Z] TOXIC_MEMORY_LOADED count=1 symbols=ORDIUSDC
[2026-05-16 05:04:22Z] CHK MOM:0% RANGE:0% UP:0% SPREAD:0.06257822% BID:1.598 ASK:1.599 MID:1.5985 P1:1.5985 P2:NA P3:NA P4:NA STATE:IDLE
[2026-05-16 05:04:23Z] CHK MOM:0% RANGE:0% UP:0% SPREAD:0.06257822% BID:1.598 ASK:1.599 MID:1.5985 P1:1.5985 P2:1.5985 P3:NA P4:NA STATE:IDLE
[2026-05-16 05:04:23Z] CHK MOM:0% RANGE:0% UP:0% SPREAD:0.06257822% BID:1.598 ASK:1.599 MID:1.5985 P1:1.5985 P2:1.5985 P3:NA P4:NA STATE:IDLE
[2026-05-16 05:04:24Z] CHK MOM:0.03% RANGE:0.03% UP:50% SPREAD:0.12515644% BID:1.598 ASK:1.6 MID:1.599 P1:1.599 P2:1.5985 P3:1.5985 P4:NA STATE:IDLE
[2026-05-16 05:04:24Z] CHK MOM:0% RANGE:0.03% UP:33.33% SPREAD:0.06257822% BID:1.598 ASK:1.599 MID:1.5985 P1:1.5985 P2:1.599 P3:1.5985 P4:1.5985 STATE:IDLE
[2026-05-16 05:04:25Z] CHK MOM:0.03% RANGE:0.03% UP:50% SPREAD:0.12515644% BID:1.598 ASK:1.6 MID:1.599 P1:1.599 P2:1.5985 P3:1.599 P4:1.5985 STATE:IDLE
[2026-05-16 05:04:25Z] CHK MOM:-0.03% RANGE:0.06% UP:40% SPREAD:0.12523481% BID:1.597 ASK:1.599 MID:1.59799999 P1:1.59799999 P2:1.599 P3:1.5985 P4:1.599 STATE:IDLE
[2026-05-16 05:04:26Z] CHK MOM:-0.03% RANGE:0.06% UP:33.33% SPREAD:0.12523481% BID:1.597 ASK:1.599 MID:1.59799999 P1:1.59799999 P2:1.59799999 P3:1.599 P4:1.5985 STATE:IDLE
[2026-05-16 05:04:26Z] CHK MOM:-0.03% RANGE:0.06% UP:28.57% SPREAD:0.12523481% BID:1.597 ASK:1.599 MID:1.59799999 P1:1.59799999 P2:1.59799999 P3:1.59799999 P4:1.599 STATE:IDLE
[2026-05-16 05:04:27Z] CHK MOM:-0.06% RANGE:0.09% UP:25% SPREAD:0.0626174% BID:1.597 ASK:1.598 MID:1.5975 P1:1.5975 P2:1.59799999 P3:1.59799999 P4:1.59799999 STATE:IDLE
[2026-05-16 05:04:28Z] CHK MOM:-0.03% RANGE:0.09% UP:33.33% SPREAD:0.12523481% BID:1.597 ASK:1.599 MID:1.59799999 P1:1.59799999 P2:1.5975 P3:1.59799999 P4:1.59799999 STATE:IDLE
[2026-05-16 05:04:28Z] CHK MOM:-0.06% RANGE:0.09% UP:30% SPREAD:0.0626174% BID:1.597 ASK:1.598 MID:1.5975 P1:1.5975 P2:1.59799999 P3:1.5975 P4:1.59799999 STATE:IDLE
[2026-05-16 05:04:29Z] CHK MOM:-0.03% RANGE:0.09% UP:36.36% SPREAD:0.12523481% BID:1.597 ASK:1.599 MID:1.59799999 P1:1.59799999 P2:1.5975 P3:1.59799999 P4:1.5975 STATE:IDLE
[2026-05-16 05:04:29Z] CHK MOM:-0.03% RANGE:0.09% UP:33.33% SPREAD:0.12523481% BID:1.597 ASK:1.599 MID:1.59799999 P1:1.59799999 P2:1.59799999 P3:1.5975 P4:1.59799999 STATE:IDLE
[2026-05-16 05:04:30Z] CHK MOM:-0.03% RANGE:0.09% UP:33.33% SPREAD:0.12523481% BID:1.597 ASK:1.599 MID:1.59799999 P1:1.59799999 P2:1.59799999 P3:1.5975 P4:1.59799999 STATE:IDLE
[2026-05-16 05:04:30Z] CHK MOM:-0.03% RANGE:0.09% UP:30.76% SPREAD:0.12523481% BID:1.597 ASK:1.599 MID:1.59799999 P1:1.59799999 P2:1.59799999 P3:1.59799999 P4:1.5975 STATE:IDLE
[2026-05-16 05:04:31Z] CHK MOM:-0.03% RANGE:0.09% UP:30.76% SPREAD:0.12523481% BID:1.597 ASK:1.599 MID:1.59799999 P1:1.59799999 P2:1.59799999 P3:1.59799999 P4:1.5975 STATE:IDLE
[2026-05-16 05:04:31Z] CHK MOM:-0.03% RANGE:0.09% UP:30.76% SPREAD:0.12523481% BID:1.597 ASK:1.599 MID:1.59799999 P1:1.59799999 P2:1.59799999 P3:1.59799999 P4:1.5975 STATE:IDLE
[2026-05-16 05:04:32Z] CHK MOM:0.03% RANGE:0.09% UP:35.71% SPREAD:0.12515644% BID:1.598 ASK:1.6 MID:1.599 P1:1.599 P2:1.59799999 P3:1.59799999 P4:1.59799999 STATE:IDLE
[2026-05-16 05:04:32Z] CHK MOM:0.03% RANGE:0.09% UP:35.71% SPREAD:0.12515644% BID:1.598 ASK:1.6 MID:1.599 P1:1.599 P2:1.59799999 P3:1.59799999 P4:1.59799999 STATE:IDLE
[2026-05-16 05:04:33Z] CHK MOM:0.03% RANGE:0.09% UP:35.71% SPREAD:0.12515644% BID:1.598 ASK:1.6 MID:1.599 P1:1.599 P2:1.59799999 P3:1.59799999 P4:1.59799999 STATE:IDLE
[2026-05-16 05:04:34Z] CHK MOM:0.03% RANGE:0.09% UP:35.71% SPREAD:0.12515644% BID:1.598 ASK:1.6 MID:1.599 P1:1.599 P2:1.599 P3:1.59799999 P4:1.59799999 STATE:IDLE
[2026-05-16 05:04:34Z] CHK MOM:0.03% RANGE:0.09% UP:35.71% SPREAD:0.12515644% BID:1.598 ASK:1.6 MID:1.599 P1:1.599 P2:1.599 P3:1.59799999 P4:1.59799999 STATE:IDLE
[2026-05-16 05:04:35Z] CHK MOM:0.03% RANGE:0.09% UP:35.71% SPREAD:0.12515644% BID:1.598 ASK:1.6 MID:1.599 P1:1.599 P2:1.599 P3:1.59799999 P4:1.59799999 STATE:IDLE
[2026-05-16 05:04:35Z] CHK MOM:-0.03% RANGE:0.09% UP:28.57% SPREAD:0.18785222% BID:1.597 ASK:1.6 MID:1.5985 P1:1.5985 P2:1.599 P3:1.599 P4:1.59799999 STATE:IDLE
[2026-05-16 05:04:36Z] CHK MOM:-0.03% RANGE:0.09% UP:28.57% SPREAD:0.18785222% BID:1.597 ASK:1.6 MID:1.5985 P1:1.5985 P2:1.599 P3:1.599 P4:1.59799999 STATE:IDLE
[2026-05-16 05:04:36Z] CHK MOM:-0.03% RANGE:0.09% UP:28.57% SPREAD:0.18785222% BID:1.597 ASK:1.6 MID:1.5985 P1:1.5985 P2:1.599 P3:1.599 P4:1.59799999 STATE:IDLE
[2026-05-16 05:04:37Z] CHK MOM:-0.03% RANGE:0.09% UP:28.57% SPREAD:0.18785222% BID:1.597 ASK:1.6 MID:1.5985 P1:1.5985 P2:1.599 P3:1.599 P4:1.59799999 STATE:IDLE
[2026-05-16 05:04:37Z] CHK MOM:-0.03% RANGE:0.09% UP:28.57% SPREAD:0.18785222% BID:1.597 ASK:1.6 MID:1.5985 P1:1.5985 P2:1.599 P3:1.599 P4:1.59799999 STATE:IDLE
[2026-05-16 05:04:38Z] CHK MOM:-0.03% RANGE:0.09% UP:28.57% SPREAD:0.18785222% BID:1.597 ASK:1.6 MID:1.5985 P1:1.5985 P2:1.599 P3:1.599 P4:1.59799999 STATE:IDLE
[2026-05-16 05:04:44Z] CHK MOM:0% RANGE:0.03% UP:33.33% SPREAD:0.12515644% BID:1.598 ASK:1.6 MID:1.599 P1:1.599 P2:1.5985 P3:1.599 P4:1.599 STATE:IDLE
[2026-05-16 05:04:45Z] CHK MOM:0% RANGE:0.03% UP:33.33% SPREAD:0.12515644% BID:1.598 ASK:1.6 MID:1.599 P1:1.599 P2:1.5985 P3:1.599 P4:1.599 STATE:IDLE
[2026-05-16 05:04:45Z] CHK MOM:0% RANGE:0.03% UP:33.33% SPREAD:0.12515644% BID:1.598 ASK:1.6 MID:1.599 P1:1.599 P2:1.599 P3:1.5985 P4:1.599 STATE:IDLE
[2026-05-16 05:04:46Z] CHK MOM:0.03% RANGE:0.06% UP:50% SPREAD:0.06253908% BID:1.599 ASK:1.6 MID:1.5995 P1:1.5995 P2:1.599 P3:1.599 P4:1.5985 STATE:IDLE
[2026-05-16 05:04:46Z] CHK MOM:0.03% RANGE:0.06% UP:50% SPREAD:0.06253908% BID:1.599 ASK:1.6 MID:1.5995 P1:1.5995 P2:1.599 P3:1.599 P4:1.5985 STATE:IDLE
[2026-05-16 05:04:47Z] CHK MOM:0.12% RANGE:0.12% UP:75% SPREAD:0.06249999% BID:1.6 ASK:1.601 MID:1.6005 P1:1.6005 P2:1.5995 P3:1.599 P4:1.599 STATE:IDLE
[2026-05-16 05:04:47Z] CHK MOM:0.06% RANGE:0.09% UP:50% SPREAD:0.12507817% BID:1.599 ASK:1.601 MID:1.6 P1:1.6 P2:1.6005 P3:1.5995 P4:1.599 STATE:IDLE
[2026-05-16 05:04:48Z] CHK MOM:0.06% RANGE:0.09% UP:40% SPREAD:0.12507817% BID:1.599 ASK:1.601 MID:1.6 P1:1.6 P2:1.6 P3:1.6005 P4:1.5995 STATE:IDLE
[2026-05-16 05:04:48Z] CHK MOM:0.06% RANGE:0.09% UP:33.33% SPREAD:0.12507817% BID:1.599 ASK:1.601 MID:1.6 P1:1.6 P2:1.6 P3:1.6 P4:1.6005 STATE:IDLE
[2026-05-16 05:04:49Z] CHK MOM:0.06% RANGE:0.09% UP:33.33% SPREAD:0.12507817% BID:1.599 ASK:1.601 MID:1.6 P1:1.6 P2:1.6 P3:1.6 P4:1.6005 STATE:IDLE
[2026-05-16 05:04:50Z] CHK MOM:0.06% RANGE:0.09% UP:33.33% SPREAD:0.12507817% BID:1.599 ASK:1.601 MID:1.6 P1:1.6 P2:1.6 P3:1.6 P4:1.6005 STATE:IDLE
[2026-05-16 05:04:50Z] CHK MOM:0.06% RANGE:0.09% UP:33.33% SPREAD:0.12507817% BID:1.599 ASK:1.601 MID:1.6 P1:1.6 P2:1.6 P3:1.6 P4:1.6005 STATE:IDLE
[2026-05-16 05:04:51Z] CHK MOM:0.06% RANGE:0.09% UP:33.33% SPREAD:0.12507817% BID:1.599 ASK:1.601 MID:1.6 P1:1.6 P2:1.6 P3:1.6 P4:1.6005 STATE:IDLE
[2026-05-16 05:04:53Z] CHK MOM:-0.03% RANGE:0.12% UP:28.57% SPREAD:0.06257822% BID:1.598 ASK:1.599 MID:1.5985 P1:1.5985 P2:1.6 P3:1.6 P4:1.6 STATE:IDLE
[2026-05-16 05:04:54Z] CHK MOM:0% RANGE:0.12% UP:37.5% SPREAD:0.12515644% BID:1.598 ASK:1.6 MID:1.599 P1:1.599 P2:1.5985 P3:1.6 P4:1.6 STATE:IDLE
[2026-05-16 05:04:54Z] CHK MOM:-0.03% RANGE:0.12% UP:33.33% SPREAD:0.06257822% BID:1.598 ASK:1.599 MID:1.5985 P1:1.5985 P2:1.599 P3:1.5985 P4:1.6 STATE:IDLE
[2026-05-16 05:04:55Z] CHK MOM:-0.03% RANGE:0.12% UP:30% SPREAD:0.06257822% BID:1.598 ASK:1.599 MID:1.5985 P1:1.5985 P2:1.5985 P3:1.599 P4:1.5985 STATE:IDLE
[2026-05-16 05:04:56Z] CHK MOM:-0.06% RANGE:0.15% UP:30% SPREAD:0.12523481% BID:1.597 ASK:1.599 MID:1.59799999 P1:1.59799999 P2:1.5985 P3:1.5985 P4:1.599 STATE:IDLE
[2026-05-16 05:04:56Z] CHK MOM:0.06% RANGE:0.15% UP:36.36% SPREAD:0.12507817% BID:1.599 ASK:1.601 MID:1.6 P1:1.6 P2:1.59799999 P3:1.5985 P4:1.5985 STATE:IDLE
[2026-05-16 05:04:57Z] CHK MOM:0.12% RANGE:0.18% UP:41.66% SPREAD:0.125% BID:1.6 ASK:1.602 MID:1.601 P1:1.601 P2:1.6 P3:1.59799999 P4:1.5985 STATE:IDLE
[2026-05-16 05:04:57Z] CHK MOM:0.12% RANGE:0.18% UP:38.46% SPREAD:0.125% BID:1.6 ASK:1.602 MID:1.601 P1:1.601 P2:1.601 P3:1.6 P4:1.59799999 STATE:IDLE
[2026-05-16 05:04:58Z] CHK MOM:0.12% RANGE:0.18% UP:38.46% SPREAD:0.125% BID:1.6 ASK:1.602 MID:1.601 P1:1.601 P2:1.601 P3:1.6 P4:1.59799999 STATE:IDLE
[2026-05-16 05:04:58Z] CHK MOM:0.12% RANGE:0.18% UP:38.46% SPREAD:0.125% BID:1.6 ASK:1.602 MID:1.601 P1:1.601 P2:1.601 P3:1.6 P4:1.59799999 STATE:IDLE
[2026-05-16 05:04:59Z] CHK MOM:0.12% RANGE:0.18% UP:38.46% SPREAD:0.125% BID:1.6 ASK:1.602 MID:1.601 P1:1.601 P2:1.601 P3:1.6 P4:1.59799999 STATE:IDLE
[2026-05-16 05:04:59Z] CHK MOM:0.12% RANGE:0.18% UP:38.46% SPREAD:0.125% BID:1.6 ASK:1.602 MID:1.601 P1:1.601 P2:1.601 P3:1.6 P4:1.59799999 STATE:IDLE
[2026-05-16 05:05:00Z] CHK MOM:0.18% RANGE:0.31% UP:40% SPREAD:0.12484394% BID:1.602 ASK:1.604 MID:1.603 P1:1.603 P2:1.601 P3:1.601 P4:1.6 STATE:IDLE
[2026-05-16 05:05:01Z] CHK MOM:0.28% RANGE:0.31% UP:44.44% SPREAD:0.12484394% BID:1.602 ASK:1.604 MID:1.603 P1:1.603 P2:1.603 P3:1.601 P4:1.601 STATE:IDLE
[2026-05-16 05:05:01Z] CHK MOM:0.21% RANGE:0.31% UP:40% SPREAD:0.12492192% BID:1.601 ASK:1.603 MID:1.60199999 P1:1.60199999 P2:1.603 P3:1.603 P4:1.601 STATE:IDLE
[2026-05-16 05:05:02Z] CHK MOM:0.21% RANGE:0.31% UP:36.36% SPREAD:0.12492192% BID:1.601 ASK:1.603 MID:1.60199999 P1:1.60199999 P2:1.60199999 P3:1.603 P4:1.603 STATE:IDLE
[2026-05-16 05:05:02Z] CHK MOM:0.18% RANGE:0.31% UP:33.33% SPREAD:0.06246096% BID:1.601 ASK:1.602 MID:1.6015 P1:1.6015 P2:1.60199999 P3:1.60199999 P4:1.603 STATE:IDLE
[2026-05-16 05:05:03Z] CHK MOM:0.18% RANGE:0.31% UP:33.33% SPREAD:0.06246096% BID:1.601 ASK:1.602 MID:1.6015 P1:1.6015 P2:1.60199999 P3:1.60199999 P4:1.603 STATE:IDLE
[2026-05-16 05:05:03Z] CHK MOM:0.18% RANGE:0.31% UP:30.76% SPREAD:0.06246096% BID:1.601 ASK:1.602 MID:1.6015 P1:1.6015 P2:1.6015 P3:1.60199999 P4:1.60199999 STATE:IDLE
[2026-05-16 05:05:04Z] CHK MOM:0.21% RANGE:0.31% UP:35.71% SPREAD:0.12492192% BID:1.601 ASK:1.603 MID:1.60199999 P1:1.60199999 P2:1.6015 P3:1.6015 P4:1.60199999 STATE:IDLE
[2026-05-16 05:05:04Z] CHK MOM:0.21% RANGE:0.31% UP:33.33% SPREAD:0.12492192% BID:1.601 ASK:1.603 MID:1.60199999 P1:1.60199999 P2:1.60199999 P3:1.6015 P4:1.6015 STATE:IDLE
[2026-05-16 05:05:05Z] CHK MOM:0.21% RANGE:0.31% UP:31.25% SPREAD:0.12492192% BID:1.601 ASK:1.603 MID:1.60199999 P1:1.60199999 P2:1.60199999 P3:1.60199999 P4:1.6015 STATE:IDLE
[2026-05-16 05:05:05Z] CHK MOM:0.18% RANGE:0.31% UP:29.41% SPREAD:0.06246096% BID:1.601 ASK:1.602 MID:1.6015 P1:1.6015 P2:1.60199999 P3:1.60199999 P4:1.60199999 STATE:IDLE
[2026-05-16 05:05:06Z] CHK MOM:0.18% RANGE:0.31% UP:25% SPREAD:0.06246096% BID:1.601 ASK:1.602 MID:1.6015 P1:1.6015 P2:1.6015 P3:1.60199999 P4:1.60199999 STATE:IDLE
[2026-05-16 05:05:07Z] CHK MOM:0.18% RANGE:0.31% UP:25% SPREAD:0.06246096% BID:1.601 ASK:1.602 MID:1.6015 P1:1.6015 P2:1.6015 P3:1.6015 P4:1.60199999 STATE:IDLE
[2026-05-16 05:05:07Z] CHK MOM:0.28% RANGE:0.31% UP:31.25% SPREAD:0.06242197% BID:1.602 ASK:1.603 MID:1.6025 P1:1.6025 P2:1.6015 P3:1.6015 P4:1.6015 STATE:IDLE
[2026-05-16 05:05:08Z] CHK MOM:0.28% RANGE:0.31% UP:29.41% SPREAD:0.06242197% BID:1.602 ASK:1.603 MID:1.6025 P1:1.6025 P2:1.6025 P3:1.6015 P4:1.6015 STATE:IDLE
[2026-05-16 05:05:08Z] CHK MOM:0.15% RANGE:0.18% UP:23.52% SPREAD:0.06242197% BID:1.602 ASK:1.603 MID:1.6025 P1:1.6025 P2:1.6025 P3:1.6025 P4:1.6015 STATE:IDLE
[2026-05-16 05:05:09Z] CHK MOM:0.15% RANGE:0.18% UP:23.52% SPREAD:0.06242197% BID:1.602 ASK:1.603 MID:1.6025 P1:1.6025 P2:1.6025 P3:1.6025 P4:1.6015 STATE:IDLE
[2026-05-16 05:05:09Z] CHK MOM:0.15% RANGE:0.18% UP:23.52% SPREAD:0.06242197% BID:1.602 ASK:1.603 MID:1.6025 P1:1.6025 P2:1.6025 P3:1.6025 P4:1.6015 STATE:IDLE
[2026-05-16 05:05:10Z] CHK MOM:-0.31% RANGE:0.31% UP:13.33% SPREAD:0.12523481% BID:1.597 ASK:1.599 MID:1.59799999 P1:1.59799999 P2:1.6025 P3:1.6025 P4:1.6025 STATE:IDLE
[2026-05-16 05:05:10Z] CHK MOM:-0.31% RANGE:0.31% UP:12.5% SPREAD:0.12523481% BID:1.597 ASK:1.599 MID:1.59799999 P1:1.59799999 P2:1.59799999 P3:1.6025 P4:1.6025 STATE:IDLE
[2026-05-16 05:05:11Z] CHK MOM:-0.31% RANGE:0.31% UP:12.5% SPREAD:0.12523481% BID:1.597 ASK:1.599 MID:1.59799999 P1:1.59799999 P2:1.59799999 P3:1.6025 P4:1.6025 STATE:IDLE
[2026-05-16 05:05:12Z] CHK MOM:-0.31% RANGE:0.31% UP:12.5% SPREAD:0.12523481% BID:1.597 ASK:1.599 MID:1.59799999 P1:1.59799999 P2:1.59799999 P3:1.6025 P4:1.6025 STATE:IDLE
[2026-05-16 05:05:12Z] CHK MOM:-0.31% RANGE:0.31% UP:12.5% SPREAD:0.12523481% BID:1.597 ASK:1.599 MID:1.59799999 P1:1.59799999 P2:1.59799999 P3:1.6025 P4:1.6025 STATE:IDLE
[2026-05-16 05:05:13Z] CHK MOM:-0.31% RANGE:0.31% UP:12.5% SPREAD:0.12523481% BID:1.597 ASK:1.599 MID:1.59799999 P1:1.59799999 P2:1.59799999 P3:1.6025 P4:1.6025 STATE:IDLE
[2026-05-16 05:05:13Z] CHK MOM:-0.24% RANGE:0.28% UP:13.33% SPREAD:0.12523481% BID:1.597 ASK:1.599 MID:1.59799999 P1:1.59799999 P2:1.59799999 P3:1.59799999 P4:1.6025 STATE:IDLE
[2026-05-16 05:05:14Z] CHK MOM:-0.24% RANGE:0.28% UP:13.33% SPREAD:0.12523481% BID:1.597 ASK:1.599 MID:1.59799999 P1:1.59799999 P2:1.59799999 P3:1.59799999 P4:1.6025 STATE:IDLE
[2026-05-16 05:05:14Z] CHK MOM:-0.18% RANGE:0.28% UP:21.42% SPREAD:0.06257822% BID:1.598 ASK:1.599 MID:1.5985 P1:1.5985 P2:1.59799999 P3:1.59799999 P4:1.59799999 STATE:IDLE
[2026-05-16 05:05:15Z] CHK MOM:-0.24% RANGE:0.31% UP:21.42% SPREAD:0.0626174% BID:1.597 ASK:1.598 MID:1.5975 P1:1.5975 P2:1.5985 P3:1.59799999 P4:1.59799999 STATE:IDLE
[2026-05-16 05:05:15Z] CHK MOM:-0.24% RANGE:0.31% UP:21.42% SPREAD:0.0626174% BID:1.597 ASK:1.598 MID:1.5975 P1:1.5975 P2:1.5985 P3:1.59799999 P4:1.59799999 STATE:IDLE
[2026-05-16 05:05:16Z] CHK MOM:-0.24% RANGE:0.31% UP:21.42% SPREAD:0.12523481% BID:1.597 ASK:1.599 MID:1.59799999 P1:1.59799999 P2:1.5975 P3:1.5985 P4:1.59799999 STATE:IDLE
[2026-05-16 05:05:16Z] CHK MOM:-0.18% RANGE:0.31% UP:28.57% SPREAD:0.12515644% BID:1.598 ASK:1.6 MID:1.599 P1:1.599 P2:1.59799999 P3:1.5975 P4:1.5985 STATE:IDLE
[2026-05-16 05:05:17Z] CHK MOM:-0.18% RANGE:0.31% UP:28.57% SPREAD:0.12515644% BID:1.598 ASK:1.6 MID:1.599 P1:1.599 P2:1.599 P3:1.59799999 P4:1.5975 STATE:IDLE
[2026-05-16 05:05:18Z] CHK MOM:-0.15% RANGE:0.31% UP:28.57% SPREAD:0.12515644% BID:1.598 ASK:1.6 MID:1.599 P1:1.599 P2:1.599 P3:1.599 P4:1.59799999 STATE:IDLE
[2026-05-16 05:05:18Z] CHK MOM:-0.15% RANGE:0.31% UP:30.76% SPREAD:0.12515644% BID:1.598 ASK:1.6 MID:1.599 P1:1.599 P2:1.599 P3:1.599 P4:1.599 STATE:IDLE
[2026-05-16 05:05:19Z] CHK MOM:-0.28% RANGE:0.31% UP:23.07% SPREAD:0.12523481% BID:1.597 ASK:1.599 MID:1.59799999 P1:1.59799999 P2:1.599 P3:1.599 P4:1.599 STATE:IDLE
[2026-05-16 05:05:19Z] CHK MOM:-0.28% RANGE:0.31% UP:21.42% SPREAD:0.12523481% BID:1.597 ASK:1.599 MID:1.59799999 P1:1.59799999 P2:1.59799999 P3:1.599 P4:1.599 STATE:IDLE
[2026-05-16 05:05:20Z] CHK MOM:-0.28% RANGE:0.31% UP:21.42% SPREAD:0.12523481% BID:1.597 ASK:1.599 MID:1.59799999 P1:1.59799999 P2:1.59799999 P3:1.59799999 P4:1.599 STATE:IDLE
[2026-05-16 05:05:20Z] CHK MOM:-0.28% RANGE:0.31% UP:21.42% SPREAD:0.12523481% BID:1.597 ASK:1.599 MID:1.59799999 P1:1.59799999 P2:1.59799999 P3:1.59799999 P4:1.599 STATE:IDLE
[2026-05-16 05:05:21Z] CHK MOM:-0.28% RANGE:0.31% UP:21.42% SPREAD:0.12523481% BID:1.597 ASK:1.599 MID:1.59799999 P1:1.59799999 P2:1.59799999 P3:1.59799999 P4:1.599 STATE:IDLE
[2026-05-16 05:05:21Z] CHK MOM:0.18% RANGE:0.21% UP:30.76% SPREAD:0.125% BID:1.6 ASK:1.602 MID:1.601 P1:1.601 P2:1.59799999 P3:1.59799999 P4:1.59799999 STATE:IDLE
[2026-05-16 05:05:22Z] CHK MOM:0.18% RANGE:0.21% UP:30.76% SPREAD:0.125% BID:1.6 ASK:1.602 MID:1.601 P1:1.601 P2:1.601 P3:1.59799999 P4:1.59799999 STATE:IDLE
[2026-05-16 05:05:23Z] CHK MOM:0.18% RANGE:0.21% UP:30.76% SPREAD:0.125% BID:1.6 ASK:1.602 MID:1.601 P1:1.601 P2:1.601 P3:1.59799999 P4:1.59799999 STATE:IDLE
[2026-05-16 05:05:23Z] CHK MOM:0.18% RANGE:0.21% UP:30.76% SPREAD:0.125% BID:1.6 ASK:1.602 MID:1.601 P1:1.601 P2:1.601 P3:1.601 P4:1.59799999 STATE:IDLE
[2026-05-16 05:05:24Z] CHK MOM:0.18% RANGE:0.21% UP:30.76% SPREAD:0.125% BID:1.6 ASK:1.602 MID:1.601 P1:1.601 P2:1.601 P3:1.601 P4:1.59799999 STATE:IDLE
[2026-05-16 05:05:24Z] CHK MOM:0.18% RANGE:0.21% UP:30.76% SPREAD:0.125% BID:1.6 ASK:1.602 MID:1.601 P1:1.601 P2:1.601 P3:1.601 P4:1.59799999 STATE:IDLE
[2026-05-16 05:05:25Z] CHK MOM:0.18% RANGE:0.21% UP:30.76% SPREAD:0.125% BID:1.6 ASK:1.602 MID:1.601 P1:1.601 P2:1.601 P3:1.601 P4:1.59799999 STATE:IDLE
[2026-05-16 05:05:25Z] CHK MOM:0.15% RANGE:0.21% UP:23.07% SPREAD:0.125% BID:1.6 ASK:1.602 MID:1.601 P1:1.601 P2:1.601 P3:1.601 P4:1.601 STATE:IDLE
[2026-05-16 05:05:26Z] CHK MOM:0.15% RANGE:0.21% UP:23.07% SPREAD:0.125% BID:1.6 ASK:1.602 MID:1.601 P1:1.601 P2:1.601 P3:1.601 P4:1.601 STATE:IDLE
[2026-05-16 05:05:26Z] CHK MOM:0.21% RANGE:0.21% UP:23.07% SPREAD:0.125% BID:1.6 ASK:1.602 MID:1.601 P1:1.601 P2:1.601 P3:1.601 P4:1.601 STATE:IDLE
[2026-05-16 05:05:27Z] CHK MOM:0.06% RANGE:0.18% UP:15.38% SPREAD:0.12515644% BID:1.598 ASK:1.6 MID:1.599 P1:1.599 P2:1.601 P3:1.601 P4:1.601 STATE:IDLE
[2026-05-16 05:05:27Z] CHK MOM:0.03% RANGE:0.18% UP:14.28% SPREAD:0.06257822% BID:1.598 ASK:1.599 MID:1.5985 P1:1.5985 P2:1.599 P3:1.601 P4:1.601 STATE:IDLE
[2026-05-16 05:05:28Z] CHK MOM:0.06% RANGE:0.18% UP:20% SPREAD:0.12515644% BID:1.598 ASK:1.6 MID:1.599 P1:1.599 P2:1.5985 P3:1.599 P4:1.601 STATE:IDLE
[2026-05-16 05:05:29Z] CHK MOM:0% RANGE:0.18% UP:15.38% SPREAD:0.12515644% BID:1.598 ASK:1.6 MID:1.599 P1:1.599 P2:1.599 P3:1.5985 P4:1.599 STATE:IDLE
[2026-05-16 05:05:29Z] CHK MOM:0.03% RANGE:0.18% UP:23.07% SPREAD:0.06253908% BID:1.599 ASK:1.6 MID:1.5995 P1:1.5995 P2:1.599 P3:1.599 P4:1.5985 STATE:IDLE
[2026-05-16 05:05:30Z] CHK MOM:0.03% RANGE:0.18% UP:23.07% SPREAD:0.06253908% BID:1.599 ASK:1.6 MID:1.5995 P1:1.5995 P2:1.599 P3:1.599 P4:1.5985 STATE:IDLE
[2026-05-16 05:05:30Z] CHK MOM:0.06% RANGE:0.18% UP:23.07% SPREAD:0.12515644% BID:1.598 ASK:1.6 MID:1.599 P1:1.599 P2:1.5995 P3:1.599 P4:1.599 STATE:IDLE
[2026-05-16 05:05:31Z] CHK MOM:0.09% RANGE:0.18% UP:28.57% SPREAD:0.06253908% BID:1.599 ASK:1.6 MID:1.5995 P1:1.5995 P2:1.599 P3:1.5995 P4:1.599 STATE:IDLE
[2026-05-16 05:05:31Z] CHK MOM:0.09% RANGE:0.18% UP:28.57% SPREAD:0.06253908% BID:1.599 ASK:1.6 MID:1.5995 P1:1.5995 P2:1.599 P3:1.5995 P4:1.599 STATE:IDLE
[2026-05-16 05:05:32Z] CHK MOM:-0.12% RANGE:0.15% UP:25% SPREAD:0.12515644% BID:1.598 ASK:1.6 MID:1.599 P1:1.599 P2:1.5995 P3:1.599 P4:1.5995 STATE:IDLE
[2026-05-16 05:05:32Z] CHK MOM:-0.12% RANGE:0.15% UP:25% SPREAD:0.12515644% BID:1.598 ASK:1.6 MID:1.599 P1:1.599 P2:1.5995 P3:1.599 P4:1.5995 STATE:IDLE
[2026-05-16 05:05:33Z] CHK MOM:-0.12% RANGE:0.15% UP:23.07% SPREAD:0.12515644% BID:1.598 ASK:1.6 MID:1.599 P1:1.599 P2:1.599 P3:1.5995 P4:1.599 STATE:IDLE
[2026-05-16 05:05:34Z] CHK MOM:-0.12% RANGE:0.15% UP:23.07% SPREAD:0.12515644% BID:1.598 ASK:1.6 MID:1.599 P1:1.599 P2:1.599 P3:1.5995 P4:1.599 STATE:IDLE
[2026-05-16 05:05:34Z] CHK MOM:-0.21% RANGE:0.21% UP:23.07% SPREAD:0.0626174% BID:1.597 ASK:1.598 MID:1.5975 P1:1.5975 P2:1.599 P3:1.599 P4:1.5995 STATE:IDLE
[2026-05-16 05:05:35Z] CHK MOM:-0.18% RANGE:0.21% UP:30.76% SPREAD:0.12523481% BID:1.597 ASK:1.599 MID:1.59799999 P1:1.59799999 P2:1.5975 P3:1.599 P4:1.599 STATE:IDLE
[2026-05-16 05:05:35Z] CHK MOM:-0.18% RANGE:0.21% UP:30.76% SPREAD:0.12523481% BID:1.597 ASK:1.599 MID:1.59799999 P1:1.59799999 P2:1.5975 P3:1.599 P4:1.599 STATE:IDLE
[2026-05-16 05:05:36Z] CHK MOM:-0.21% RANGE:0.21% UP:30.76% SPREAD:0.0626174% BID:1.597 ASK:1.598 MID:1.5975 P1:1.5975 P2:1.59799999 P3:1.5975 P4:1.599 STATE:IDLE
[2026-05-16 05:05:36Z] CHK MOM:-0.21% RANGE:0.21% UP:30.76% SPREAD:0.0626174% BID:1.597 ASK:1.598 MID:1.5975 P1:1.5975 P2:1.59799999 P3:1.5975 P4:1.599 STATE:IDLE
[2026-05-16 05:05:37Z] CHK MOM:-0.21% RANGE:0.21% UP:30.76% SPREAD:0.0626174% BID:1.597 ASK:1.598 MID:1.5975 P1:1.5975 P2:1.59799999 P3:1.5975 P4:1.599 STATE:IDLE
[2026-05-16 05:05:37Z] CHK MOM:-0.21% RANGE:0.21% UP:30.76% SPREAD:0.0626174% BID:1.597 ASK:1.598 MID:1.5975 P1:1.5975 P2:1.5975 P3:1.59799999 P4:1.5975 STATE:IDLE
[2026-05-16 05:05:38Z] CHK MOM:-0.21% RANGE:0.21% UP:30.76% SPREAD:0.0626174% BID:1.597 ASK:1.598 MID:1.5975 P1:1.5975 P2:1.5975 P3:1.59799999 P4:1.5975 STATE:IDLE
[2026-05-16 05:05:39Z] CHK MOM:-0.15% RANGE:0.18% UP:30.76% SPREAD:0.06265664% BID:1.596 ASK:1.597 MID:1.5965 P1:1.5965 P2:1.5975 P3:1.5975 P4:1.59799999 STATE:IDLE
[2026-05-16 05:05:39Z] CHK MOM:-0.15% RANGE:0.18% UP:30.76% SPREAD:0.06265664% BID:1.596 ASK:1.597 MID:1.5965 P1:1.5965 P2:1.5975 P3:1.5975 P4:1.59799999 STATE:IDLE
[2026-05-16 05:05:40Z] CHK MOM:-0.15% RANGE:0.18% UP:30.76% SPREAD:0.06265664% BID:1.596 ASK:1.597 MID:1.5965 P1:1.5965 P2:1.5975 P3:1.5975 P4:1.59799999 STATE:IDLE
[2026-05-16 05:05:40Z] CHK MOM:-0.15% RANGE:0.18% UP:30.76% SPREAD:0.06265664% BID:1.596 ASK:1.597 MID:1.5965 P1:1.5965 P2:1.5975 P3:1.5975 P4:1.59799999 STATE:IDLE
[2026-05-16 05:05:41Z] CHK MOM:-0.18% RANGE:0.18% UP:20% SPREAD:0.06265664% BID:1.596 ASK:1.597 MID:1.5965 P1:1.5965 P2:1.5965 P3:1.5975 P4:1.5975 STATE:IDLE
[2026-05-16 05:05:41Z] CHK MOM:-0.15% RANGE:0.18% UP:27.27% SPREAD:0.12531328% BID:1.596 ASK:1.598 MID:1.597 P1:1.597 P2:1.5965 P3:1.5965 P4:1.5975 STATE:IDLE
[2026-05-16 05:05:42Z] CHK MOM:-0.15% RANGE:0.18% UP:27.27% SPREAD:0.12531328% BID:1.596 ASK:1.598 MID:1.597 P1:1.597 P2:1.5965 P3:1.5965 P4:1.5975 STATE:IDLE
[2026-05-16 05:05:42Z] CHK MOM:-0.06% RANGE:0.18% UP:36.36% SPREAD:0.12523481% BID:1.597 ASK:1.599 MID:1.59799999 P1:1.59799999 P2:1.597 P3:1.5965 P4:1.5965 STATE:IDLE
[2026-05-16 05:05:43Z] CHK MOM:-0.06% RANGE:0.18% UP:36.36% SPREAD:0.06257822% BID:1.598 ASK:1.599 MID:1.5985 P1:1.5985 P2:1.59799999 P3:1.597 P4:1.5965 STATE:IDLE
[2026-05-16 05:05:43Z] CHK MOM:-0.06% RANGE:0.18% UP:36.36% SPREAD:0.06257822% BID:1.598 ASK:1.599 MID:1.5985 P1:1.5985 P2:1.59799999 P3:1.597 P4:1.5965 STATE:IDLE
[2026-05-16 05:05:44Z] CHK MOM:-0.03% RANGE:0.15% UP:36.36% SPREAD:0.06257822% BID:1.598 ASK:1.599 MID:1.5985 P1:1.5985 P2:1.5985 P3:1.59799999 P4:1.597 STATE:IDLE
[2026-05-16 05:05:45Z] CHK MOM:0.03% RANGE:0.12% UP:40% SPREAD:0.12523481% BID:1.597 ASK:1.599 MID:1.59799999 P1:1.59799999 P2:1.5985 P3:1.5985 P4:1.59799999 STATE:IDLE
[2026-05-16 05:05:45Z] CHK MOM:0.03% RANGE:0.12% UP:40% SPREAD:0.12523481% BID:1.597 ASK:1.599 MID:1.59799999 P1:1.59799999 P2:1.5985 P3:1.5985 P4:1.59799999 STATE:IDLE
[2026-05-16 05:05:46Z] CHK MOM:0.03% RANGE:0.12% UP:40% SPREAD:0.12523481% BID:1.597 ASK:1.599 MID:1.59799999 P1:1.59799999 P2:1.5985 P3:1.5985 P4:1.59799999 STATE:IDLE
[2026-05-16 05:05:46Z] CHK MOM:0.03% RANGE:0.12% UP:40% SPREAD:0.12523481% BID:1.597 ASK:1.599 MID:1.59799999 P1:1.59799999 P2:1.5985 P3:1.5985 P4:1.59799999 STATE:IDLE
[2026-05-16 05:05:47Z] CHK MOM:0.03% RANGE:0.12% UP:40% SPREAD:0.12523481% BID:1.597 ASK:1.599 MID:1.59799999 P1:1.59799999 P2:1.5985 P3:1.5985 P4:1.59799999 STATE:IDLE
[2026-05-16 05:05:47Z] CHK MOM:0.03% RANGE:0.12% UP:40% SPREAD:0.12523481% BID:1.597 ASK:1.599 MID:1.59799999 P1:1.59799999 P2:1.5985 P3:1.5985 P4:1.59799999 STATE:IDLE
[2026-05-16 05:05:51Z] CHK MOM:0.09% RANGE:0.12% UP:50% SPREAD:0.12523481% BID:1.597 ASK:1.599 MID:1.59799999 P1:1.59799999 P2:1.59799999 P3:1.5985 P4:1.5985 STATE:IDLE
[2026-05-16 05:05:51Z] CHK MOM:0.06% RANGE:0.12% UP:42.85% SPREAD:0.0626174% BID:1.597 ASK:1.598 MID:1.5975 P1:1.5975 P2:1.59799999 P3:1.59799999 P4:1.5985 STATE:IDLE
[2026-05-16 05:05:52Z] CHK MOM:0.06% RANGE:0.12% UP:37.5% SPREAD:0.0626174% BID:1.597 ASK:1.598 MID:1.5975 P1:1.5975 P2:1.5975 P3:1.59799999 P4:1.59799999 STATE:IDLE
[2026-05-16 05:05:52Z] CHK MOM:0.03% RANGE:0.12% UP:33.33% SPREAD:0.12531328% BID:1.596 ASK:1.598 MID:1.597 P1:1.597 P2:1.5975 P3:1.5975 P4:1.59799999 STATE:IDLE
[2026-05-16 05:05:53Z] CHK MOM:0.03% RANGE:0.12% UP:33.33% SPREAD:0.12531328% BID:1.596 ASK:1.598 MID:1.597 P1:1.597 P2:1.5975 P3:1.5975 P4:1.59799999 STATE:IDLE
[2026-05-16 05:05:53Z] CHK MOM:0% RANGE:0.09% UP:22.22% SPREAD:0.12531328% BID:1.596 ASK:1.598 MID:1.597 P1:1.597 P2:1.597 P3:1.5975 P4:1.5975 STATE:IDLE
[2026-05-16 05:05:54Z] CHK MOM:-0.03% RANGE:0.09% UP:22.22% SPREAD:0.0626174% BID:1.597 ASK:1.598 MID:1.5975 P1:1.5975 P2:1.597 P3:1.597 P4:1.5975 STATE:IDLE
[2026-05-16 05:05:54Z] CHK MOM:-0.03% RANGE:0.09% UP:22.22% SPREAD:0.0626174% BID:1.597 ASK:1.598 MID:1.5975 P1:1.5975 P2:1.597 P3:1.597 P4:1.5975 STATE:IDLE
[2026-05-16 05:05:55Z] CHK MOM:-0.03% RANGE:0.09% UP:22.22% SPREAD:0.0626174% BID:1.597 ASK:1.598 MID:1.5975 P1:1.5975 P2:1.597 P3:1.597 P4:1.5975 STATE:IDLE
[2026-05-16 05:05:55Z] CHK MOM:-0.03% RANGE:0.09% UP:22.22% SPREAD:0.0626174% BID:1.597 ASK:1.598 MID:1.5975 P1:1.5975 P2:1.597 P3:1.597 P4:1.5975 STATE:IDLE
[2026-05-16 05:05:56Z] CHK MOM:-0.03% RANGE:0.09% UP:22.22% SPREAD:0.0626174% BID:1.597 ASK:1.598 MID:1.5975 P1:1.5975 P2:1.597 P3:1.597 P4:1.5975 STATE:IDLE
[2026-05-16 05:05:57Z] CHK MOM:-0.06% RANGE:0.06% UP:14.28% SPREAD:0.12531328% BID:1.596 ASK:1.598 MID:1.597 P1:1.597 P2:1.5975 P3:1.597 P4:1.597 STATE:IDLE
[2026-05-16 05:05:57Z] CHK MOM:-0.06% RANGE:0.06% UP:14.28% SPREAD:0.12531328% BID:1.596 ASK:1.598 MID:1.597 P1:1.597 P2:1.5975 P3:1.597 P4:1.597 STATE:IDLE
[2026-05-16 05:05:58Z] CHK MOM:-0.06% RANGE:0.06% UP:14.28% SPREAD:0.12531328% BID:1.596 ASK:1.598 MID:1.597 P1:1.597 P2:1.5975 P3:1.597 P4:1.597 STATE:IDLE
[2026-05-16 05:05:58Z] CHK MOM:-0.06% RANGE:0.06% UP:14.28% SPREAD:0.12531328% BID:1.596 ASK:1.598 MID:1.597 P1:1.597 P2:1.5975 P3:1.597 P4:1.597 STATE:IDLE
[2026-05-16 05:05:59Z] CHK MOM:-0.06% RANGE:0.06% UP:14.28% SPREAD:0.12531328% BID:1.596 ASK:1.598 MID:1.597 P1:1.597 P2:1.597 P3:1.5975 P4:1.597 STATE:IDLE
[2026-05-16 05:05:59Z] CHK MOM:-0.06% RANGE:0.06% UP:14.28% SPREAD:0.12531328% BID:1.596 ASK:1.598 MID:1.597 P1:1.597 P2:1.597 P3:1.5975 P4:1.597 STATE:IDLE
[2026-05-16 05:06:00Z] CHK MOM:-0.06% RANGE:0.06% UP:14.28% SPREAD:0.12531328% BID:1.596 ASK:1.598 MID:1.597 P1:1.597 P2:1.597 P3:1.5975 P4:1.597 STATE:IDLE
[2026-05-16 05:06:00Z] CHK MOM:-0.06% RANGE:0.06% UP:14.28% SPREAD:0.12531328% BID:1.596 ASK:1.598 MID:1.597 P1:1.597 P2:1.597 P3:1.5975 P4:1.597 STATE:IDLE
[2026-05-16 05:06:01Z] CHK MOM:-0.06% RANGE:0.06% UP:14.28% SPREAD:0.12531328% BID:1.596 ASK:1.598 MID:1.597 P1:1.597 P2:1.597 P3:1.5975 P4:1.597 STATE:IDLE
[2026-05-16 05:06:02Z] CHK MOM:-0.06% RANGE:0.06% UP:14.28% SPREAD:0.12531328% BID:1.596 ASK:1.598 MID:1.597 P1:1.597 P2:1.597 P3:1.5975 P4:1.597 STATE:IDLE
[2026-05-16 05:06:03Z] CHK MOM:0% RANGE:0.03% UP:28.57% SPREAD:0.0626174% BID:1.597 ASK:1.598 MID:1.5975 P1:1.5975 P2:1.597 P3:1.597 P4:1.5975 STATE:IDLE
[2026-05-16 05:06:03Z] CHK MOM:0% RANGE:0.03% UP:28.57% SPREAD:0.0626174% BID:1.597 ASK:1.598 MID:1.5975 P1:1.5975 P2:1.597 P3:1.597 P4:1.5975 STATE:IDLE
[2026-05-16 05:06:04Z] CHK MOM:0% RANGE:0.03% UP:33.33% SPREAD:0.12531328% BID:1.596 ASK:1.598 MID:1.597 P1:1.597 P2:1.5975 P3:1.597 P4:1.597 STATE:IDLE
[2026-05-16 05:06:04Z] CHK MOM:0.03% RANGE:0.03% UP:50% SPREAD:0.0626174% BID:1.597 ASK:1.598 MID:1.5975 P1:1.5975 P2:1.597 P3:1.5975 P4:1.597 STATE:IDLE
[2026-05-16 05:06:05Z] CHK MOM:0.03% RANGE:0.03% UP:42.85% SPREAD:0.0626174% BID:1.597 ASK:1.598 MID:1.5975 P1:1.5975 P2:1.5975 P3:1.597 P4:1.5975 STATE:IDLE
[2026-05-16 05:06:05Z] CHK MOM:0% RANGE:0.03% UP:28.57% SPREAD:0.0626174% BID:1.597 ASK:1.598 MID:1.5975 P1:1.5975 P2:1.5975 P3:1.5975 P4:1.597 STATE:IDLE
[2026-05-16 05:06:06Z] CHK MOM:0% RANGE:0.03% UP:28.57% SPREAD:0.0626174% BID:1.597 ASK:1.598 MID:1.5975 P1:1.5975 P2:1.5975 P3:1.5975 P4:1.597 STATE:IDLE
[2026-05-16 05:06:06Z] CHK MOM:0% RANGE:0.03% UP:28.57% SPREAD:0.0626174% BID:1.597 ASK:1.598 MID:1.5975 P1:1.5975 P2:1.5975 P3:1.5975 P4:1.597 STATE:IDLE
[2026-05-16 05:06:07Z] CHK MOM:0% RANGE:0.03% UP:28.57% SPREAD:0.12531328% BID:1.596 ASK:1.598 MID:1.597 P1:1.597 P2:1.5975 P3:1.5975 P4:1.5975 STATE:IDLE
[2026-05-16 05:06:08Z] CHK MOM:-0.03% RANGE:0.06% UP:25% SPREAD:0.06265664% BID:1.596 ASK:1.597 MID:1.5965 P1:1.5965 P2:1.597 P3:1.5975 P4:1.5975 STATE:IDLE
[2026-05-16 05:06:08Z] CHK MOM:-0.03% RANGE:0.06% UP:25% SPREAD:0.06265664% BID:1.596 ASK:1.597 MID:1.5965 P1:1.5965 P2:1.597 P3:1.5975 P4:1.5975 STATE:IDLE
[2026-05-16 05:06:09Z] CHK MOM:-0.03% RANGE:0.06% UP:25% SPREAD:0.06265664% BID:1.596 ASK:1.597 MID:1.5965 P1:1.5965 P2:1.597 P3:1.5975 P4:1.5975 STATE:IDLE
[2026-05-16 05:06:09Z] CHK MOM:-0.03% RANGE:0.06% UP:25% SPREAD:0.06265664% BID:1.596 ASK:1.597 MID:1.5965 P1:1.5965 P2:1.597 P3:1.5975 P4:1.5975 STATE:IDLE
[2026-05-16 05:06:10Z] CHK MOM:-0.09% RANGE:0.12% UP:25% SPREAD:0.06269592% BID:1.595 ASK:1.596 MID:1.5955 P1:1.5955 P2:1.5965 P3:1.597 P4:1.5975 STATE:IDLE
[2026-05-16 05:06:10Z] CHK MOM:-0.09% RANGE:0.12% UP:22.22% SPREAD:0.06269592% BID:1.595 ASK:1.596 MID:1.5955 P1:1.5955 P2:1.5955 P3:1.5965 P4:1.597 STATE:IDLE
[2026-05-16 05:06:11Z] CHK MOM:-0.09% RANGE:0.12% UP:22.22% SPREAD:0.06269592% BID:1.595 ASK:1.596 MID:1.5955 P1:1.5955 P2:1.5955 P3:1.5965 P4:1.597 STATE:IDLE
[2026-05-16 05:06:11Z] CHK MOM:-0.12% RANGE:0.12% UP:11.11% SPREAD:0.06269592% BID:1.595 ASK:1.596 MID:1.5955 P1:1.5955 P2:1.5955 P3:1.5955 P4:1.5965 STATE:IDLE
[2026-05-16 05:06:12Z] CHK MOM:-0.12% RANGE:0.12% UP:11.11% SPREAD:0.06269592% BID:1.595 ASK:1.596 MID:1.5955 P1:1.5955 P2:1.5955 P3:1.5955 P4:1.5965 STATE:IDLE
[2026-05-16 05:06:13Z] CHK MOM:-0.12% RANGE:0.12% UP:11.11% SPREAD:0.06269592% BID:1.595 ASK:1.596 MID:1.5955 P1:1.5955 P2:1.5955 P3:1.5955 P4:1.5965 STATE:IDLE
[2026-05-16 05:06:13Z] CHK MOM:-0.03% RANGE:0.12% UP:20% SPREAD:0.12531328% BID:1.596 ASK:1.598 MID:1.597 P1:1.597 P2:1.5955 P3:1.5955 P4:1.5955 STATE:IDLE
[2026-05-16 05:06:14Z] CHK MOM:-0.03% RANGE:0.12% UP:20% SPREAD:0.12531328% BID:1.596 ASK:1.598 MID:1.597 P1:1.597 P2:1.5955 P3:1.5955 P4:1.5955 STATE:IDLE
[2026-05-16 05:06:14Z] CHK MOM:-0.03% RANGE:0.12% UP:20% SPREAD:0.12531328% BID:1.596 ASK:1.598 MID:1.597 P1:1.597 P2:1.5955 P3:1.5955 P4:1.5955 STATE:IDLE
[2026-05-16 05:06:15Z] CHK MOM:-0.06% RANGE:0.12% UP:20% SPREAD:0.12539184% BID:1.595 ASK:1.597 MID:1.596 P1:1.596 P2:1.597 P3:1.5955 P4:1.5955 STATE:IDLE
[2026-05-16 05:06:15Z] CHK MOM:-0.06% RANGE:0.12% UP:18.18% SPREAD:0.12539184% BID:1.595 ASK:1.597 MID:1.596 P1:1.596 P2:1.596 P3:1.597 P4:1.5955 STATE:IDLE
[2026-05-16 05:06:16Z] CHK MOM:-0.06% RANGE:0.12% UP:18.18% SPREAD:0.12539184% BID:1.595 ASK:1.597 MID:1.596 P1:1.596 P2:1.596 P3:1.597 P4:1.5955 STATE:IDLE
[2026-05-16 05:06:16Z] CHK MOM:-0.09% RANGE:0.12% UP:9.09% SPREAD:0.12539184% BID:1.595 ASK:1.597 MID:1.596 P1:1.596 P2:1.596 P3:1.596 P4:1.597 STATE:IDLE
[2026-05-16 05:06:17Z] CHK MOM:-0.09% RANGE:0.12% UP:9.09% SPREAD:0.12539184% BID:1.595 ASK:1.597 MID:1.596 P1:1.596 P2:1.596 P3:1.596 P4:1.596 STATE:IDLE
[2026-05-16 05:06:17Z] CHK MOM:-0.09% RANGE:0.09% UP:10% SPREAD:0.06269592% BID:1.595 ASK:1.596 MID:1.5955 P1:1.5955 P2:1.596 P3:1.596 P4:1.596 STATE:IDLE
[2026-05-16 05:06:18Z] CHK MOM:-0.09% RANGE:0.09% UP:10% SPREAD:0.06269592% BID:1.595 ASK:1.596 MID:1.5955 P1:1.5955 P2:1.596 P3:1.596 P4:1.596 STATE:IDLE
[2026-05-16 05:06:19Z] CHK MOM:-0.09% RANGE:0.09% UP:9.09% SPREAD:0.06269592% BID:1.595 ASK:1.596 MID:1.5955 P1:1.5955 P2:1.5955 P3:1.596 P4:1.596 STATE:IDLE
[2026-05-16 05:06:19Z] CHK MOM:-0.09% RANGE:0.09% UP:9.09% SPREAD:0.06269592% BID:1.595 ASK:1.596 MID:1.5955 P1:1.5955 P2:1.5955 P3:1.596 P4:1.596 STATE:IDLE
[2026-05-16 05:06:20Z] CHK MOM:-0.09% RANGE:0.09% UP:9.09% SPREAD:0.06269592% BID:1.595 ASK:1.596 MID:1.5955 P1:1.5955 P2:1.5955 P3:1.596 P4:1.596 STATE:IDLE
[2026-05-16 05:06:20Z] CHK MOM:-0.09% RANGE:0.09% UP:9.09% SPREAD:0.06269592% BID:1.595 ASK:1.596 MID:1.5955 P1:1.5955 P2:1.5955 P3:1.596 P4:1.596 STATE:IDLE
[2026-05-16 05:06:21Z] CHK MOM:-0.09% RANGE:0.09% UP:9.09% SPREAD:0.06269592% BID:1.595 ASK:1.596 MID:1.5955 P1:1.5955 P2:1.5955 P3:1.596 P4:1.596 STATE:IDLE
[2026-05-16 05:06:27Z] CHK MOM:0.06% RANGE:0.09% UP:16.66% SPREAD:0.12531328% BID:1.596 ASK:1.598 MID:1.597 P1:1.597 P2:1.5955 P3:1.5955 P4:1.596 STATE:IDLE
[2026-05-16 05:06:27Z] CHK MOM:0.06% RANGE:0.09% UP:20% SPREAD:0.12531328% BID:1.596 ASK:1.598 MID:1.597 P1:1.597 P2:1.597 P3:1.5955 P4:1.5955 STATE:IDLE
[2026-05-16 05:06:28Z] CHK MOM:0.06% RANGE:0.09% UP:16.66% SPREAD:0.12531328% BID:1.596 ASK:1.598 MID:1.597 P1:1.597 P2:1.597 P3:1.597 P4:1.5955 STATE:IDLE
[2026-05-16 05:06:28Z] CHK MOM:0.06% RANGE:0.09% UP:16.66% SPREAD:0.12531328% BID:1.596 ASK:1.598 MID:1.597 P1:1.597 P2:1.597 P3:1.597 P4:1.5955 STATE:IDLE
[2026-05-16 05:06:29Z] CHK MOM:0.06% RANGE:0.09% UP:16.66% SPREAD:0.12531328% BID:1.596 ASK:1.598 MID:1.597 P1:1.597 P2:1.597 P3:1.597 P4:1.5955 STATE:IDLE
[2026-05-16 05:06:29Z] CHK MOM:0.03% RANGE:0.09% UP:25% SPREAD:0.12539184% BID:1.595 ASK:1.597 MID:1.596 P1:1.596 P2:1.597 P3:1.597 P4:1.597 STATE:IDLE
[2026-05-16 05:06:30Z] CHK MOM:0.03% RANGE:0.09% UP:20% SPREAD:0.12539184% BID:1.595 ASK:1.597 MID:1.596 P1:1.596 P2:1.596 P3:1.597 P4:1.597 STATE:IDLE
[2026-05-16 05:06:30Z] CHK MOM:0.03% RANGE:0.09% UP:20% SPREAD:0.12539184% BID:1.595 ASK:1.597 MID:1.596 P1:1.596 P2:1.596 P3:1.597 P4:1.597 STATE:IDLE
[2026-05-16 05:06:31Z] CHK MOM:0.03% RANGE:0.09% UP:20% SPREAD:0.12539184% BID:1.595 ASK:1.597 MID:1.596 P1:1.596 P2:1.596 P3:1.597 P4:1.597 STATE:IDLE
[2026-05-16 05:06:31Z] CHK MOM:0.03% RANGE:0.09% UP:20% SPREAD:0.12539184% BID:1.595 ASK:1.597 MID:1.596 P1:1.596 P2:1.596 P3:1.597 P4:1.597 STATE:IDLE
[2026-05-16 05:06:32Z] CHK MOM:0.03% RANGE:0.09% UP:20% SPREAD:0.12539184% BID:1.595 ASK:1.597 MID:1.596 P1:1.596 P2:1.596 P3:1.597 P4:1.597 STATE:IDLE
[2026-05-16 05:06:34Z] CHK MOM:0% RANGE:0.06% UP:20% SPREAD:0.12531328% BID:1.596 ASK:1.598 MID:1.597 P1:1.597 P2:1.596 P3:1.596 P4:1.597 STATE:IDLE
[2026-05-16 05:06:35Z] CHK MOM:0.06% RANGE:0.12% UP:33.33% SPREAD:0.12523481% BID:1.597 ASK:1.599 MID:1.59799999 P1:1.59799999 P2:1.597 P3:1.596 P4:1.596 STATE:IDLE
[2026-05-16 05:06:35Z] CHK MOM:0.09% RANGE:0.15% UP:42.85% SPREAD:0.18785222% BID:1.597 ASK:1.6 MID:1.5985 P1:1.5985 P2:1.59799999 P3:1.597 P4:1.596 STATE:IDLE
[2026-05-16 05:06:36Z] CHK MOM:0.09% RANGE:0.15% UP:42.85% SPREAD:0.18785222% BID:1.597 ASK:1.6 MID:1.5985 P1:1.5985 P2:1.59799999 P3:1.597 P4:1.596 STATE:IDLE
[2026-05-16 05:06:36Z] CHK MOM:0.06% RANGE:0.15% UP:37.5% SPREAD:0.12523481% BID:1.597 ASK:1.599 MID:1.59799999 P1:1.59799999 P2:1.5985 P3:1.59799999 P4:1.597 STATE:IDLE
[2026-05-16 05:06:37Z] CHK MOM:0.06% RANGE:0.15% UP:37.5% SPREAD:0.12523481% BID:1.597 ASK:1.599 MID:1.59799999 P1:1.59799999 P2:1.5985 P3:1.59799999 P4:1.597 STATE:IDLE
[2026-05-16 05:06:38Z] CHK MOM:0.06% RANGE:0.15% UP:33.33% SPREAD:0.12523481% BID:1.597 ASK:1.599 MID:1.59799999 P1:1.59799999 P2:1.59799999 P3:1.5985 P4:1.59799999 STATE:IDLE
[2026-05-16 05:06:38Z] CHK MOM:0.06% RANGE:0.15% UP:30% SPREAD:0.12523481% BID:1.597 ASK:1.599 MID:1.59799999 P1:1.59799999 P2:1.59799999 P3:1.59799999 P4:1.5985 STATE:IDLE
[2026-05-16 05:06:39Z] CHK MOM:0.06% RANGE:0.15% UP:30% SPREAD:0.12523481% BID:1.597 ASK:1.599 MID:1.59799999 P1:1.59799999 P2:1.59799999 P3:1.59799999 P4:1.59799999 STATE:IDLE
[2026-05-16 05:06:39Z] CHK MOM:0.06% RANGE:0.15% UP:30% SPREAD:0.12523481% BID:1.597 ASK:1.599 MID:1.59799999 P1:1.59799999 P2:1.59799999 P3:1.59799999 P4:1.59799999 STATE:IDLE
[2026-05-16 05:06:40Z] CHK MOM:0.06% RANGE:0.15% UP:30% SPREAD:0.12523481% BID:1.597 ASK:1.599 MID:1.59799999 P1:1.59799999 P2:1.59799999 P3:1.59799999 P4:1.59799999 STATE:IDLE
[2026-05-16 05:06:40Z] CHK MOM:0% RANGE:0.15% UP:33.33% SPREAD:0.12539184% BID:1.595 ASK:1.597 MID:1.596 P1:1.596 P2:1.59799999 P3:1.59799999 P4:1.59799999 STATE:IDLE
[2026-05-16 05:06:41Z] CHK MOM:0.06% RANGE:0.15% UP:40% SPREAD:0.12531328% BID:1.596 ASK:1.598 MID:1.597 P1:1.597 P2:1.596 P3:1.59799999 P4:1.59799999 STATE:IDLE
[2026-05-16 05:06:41Z] CHK MOM:0.06% RANGE:0.15% UP:40% SPREAD:0.12531328% BID:1.596 ASK:1.598 MID:1.597 P1:1.597 P2:1.596 P3:1.59799999 P4:1.59799999 STATE:IDLE
[2026-05-16 05:06:42Z] CHK MOM:0.06% RANGE:0.15% UP:40% SPREAD:0.12531328% BID:1.596 ASK:1.598 MID:1.597 P1:1.597 P2:1.596 P3:1.59799999 P4:1.59799999 STATE:IDLE
[2026-05-16 05:06:42Z] CHK MOM:-0.03% RANGE:0.15% UP:33.33% SPREAD:0.06265664% BID:1.596 ASK:1.597 MID:1.5965 P1:1.5965 P2:1.597 P3:1.596 P4:1.59799999 STATE:IDLE
[2026-05-16 05:06:43Z] CHK MOM:-0.03% RANGE:0.15% UP:33.33% SPREAD:0.06265664% BID:1.596 ASK:1.597 MID:1.5965 P1:1.5965 P2:1.597 P3:1.596 P4:1.59799999 STATE:IDLE
[2026-05-16 05:06:44Z] CHK MOM:-0.03% RANGE:0.15% UP:30% SPREAD:0.06265664% BID:1.596 ASK:1.597 MID:1.5965 P1:1.5965 P2:1.5965 P3:1.597 P4:1.596 STATE:IDLE
[2026-05-16 05:06:44Z] CHK MOM:-0.03% RANGE:0.15% UP:30% SPREAD:0.06265664% BID:1.596 ASK:1.597 MID:1.5965 P1:1.5965 P2:1.5965 P3:1.597 P4:1.596 STATE:IDLE
[2026-05-16 05:06:45Z] CHK MOM:-0.03% RANGE:0.15% UP:30% SPREAD:0.06265664% BID:1.596 ASK:1.597 MID:1.5965 P1:1.5965 P2:1.5965 P3:1.597 P4:1.596 STATE:IDLE
[2026-05-16 05:06:45Z] CHK MOM:-0.03% RANGE:0.15% UP:30% SPREAD:0.06265664% BID:1.596 ASK:1.597 MID:1.5965 P1:1.5965 P2:1.5965 P3:1.597 P4:1.596 STATE:IDLE
[2026-05-16 05:06:46Z] CHK MOM:-0.03% RANGE:0.15% UP:30% SPREAD:0.06265664% BID:1.596 ASK:1.597 MID:1.5965 P1:1.5965 P2:1.5965 P3:1.597 P4:1.596 STATE:IDLE
[2026-05-16 05:06:46Z] CHK MOM:-0.03% RANGE:0.15% UP:30% SPREAD:0.06265664% BID:1.596 ASK:1.597 MID:1.5965 P1:1.5965 P2:1.5965 P3:1.597 P4:1.596 STATE:IDLE
[2026-05-16 05:06:55Z] CHK MOM:0% RANGE:0% UP:0% SPREAD:0.06265664% BID:1.596 ASK:1.597 MID:1.5965 P1:1.5965 P2:1.5965 P3:1.5965 P4:1.597 STATE:IDLE
[2026-05-16 05:06:56Z] CHK MOM:0% RANGE:0% UP:0% SPREAD:0.06265664% BID:1.596 ASK:1.597 MID:1.5965 P1:1.5965 P2:1.5965 P3:1.5965 P4:1.597 STATE:IDLE
[2026-05-16 05:06:56Z] CHK MOM:0% RANGE:0% UP:0% SPREAD:0.06265664% BID:1.596 ASK:1.597 MID:1.5965 P1:1.5965 P2:1.5965 P3:1.5965 P4:1.597 STATE:IDLE
[2026-05-16 05:06:57Z] CHK MOM:0% RANGE:0% UP:0% SPREAD:0.06265664% BID:1.596 ASK:1.597 MID:1.5965 P1:1.5965 P2:1.5965 P3:1.5965 P4:1.597 STATE:IDLE
[2026-05-16 05:06:57Z] CHK MOM:-0.06% RANGE:0.06% UP:0% SPREAD:0.06269592% BID:1.595 ASK:1.596 MID:1.5955 P1:1.5955 P2:1.5965 P3:1.5965 P4:1.5965 STATE:IDLE
[2026-05-16 05:06:58Z] CHK MOM:-0.06% RANGE:0.06% UP:0% SPREAD:0.06269592% BID:1.595 ASK:1.596 MID:1.5955 P1:1.5955 P2:1.5965 P3:1.5965 P4:1.5965 STATE:IDLE
[2026-05-16 05:06:58Z] CHK MOM:-0.06% RANGE:0.06% UP:0% SPREAD:0.06269592% BID:1.595 ASK:1.596 MID:1.5955 P1:1.5955 P2:1.5965 P3:1.5965 P4:1.5965 STATE:IDLE
[2026-05-16 05:06:59Z] CHK MOM:-0.06% RANGE:0.06% UP:0% SPREAD:0.06269592% BID:1.595 ASK:1.596 MID:1.5955 P1:1.5955 P2:1.5965 P3:1.5965 P4:1.5965 STATE:IDLE
[2026-05-16 05:06:59Z] CHK MOM:-0.06% RANGE:0.06% UP:0% SPREAD:0.06269592% BID:1.595 ASK:1.596 MID:1.5955 P1:1.5955 P2:1.5965 P3:1.5965 P4:1.5965 STATE:IDLE
[2026-05-16 05:07:00Z] CHK MOM:-0.06% RANGE:0.06% UP:0% SPREAD:0.06269592% BID:1.595 ASK:1.596 MID:1.5955 P1:1.5955 P2:1.5965 P3:1.5965 P4:1.5965 STATE:IDLE
[2026-05-16 05:07:01Z] CHK MOM:-0.06% RANGE:0.06% UP:0% SPREAD:0.06269592% BID:1.595 ASK:1.596 MID:1.5955 P1:1.5955 P2:1.5955 P3:1.5965 P4:1.5965 STATE:IDLE
[2026-05-16 05:07:01Z] CHK MOM:-0.06% RANGE:0.06% UP:0% SPREAD:0.06269592% BID:1.595 ASK:1.596 MID:1.5955 P1:1.5955 P2:1.5955 P3:1.5965 P4:1.5965 STATE:IDLE
[2026-05-16 05:07:02Z] CHK MOM:-0.06% RANGE:0.06% UP:0% SPREAD:0.06269592% BID:1.595 ASK:1.596 MID:1.5955 P1:1.5955 P2:1.5955 P3:1.5965 P4:1.5965 STATE:IDLE
[2026-05-16 05:07:02Z] CHK MOM:-0.09% RANGE:0.09% UP:0% SPREAD:0.12547051% BID:1.594 ASK:1.596 MID:1.595 P1:1.595 P2:1.5955 P3:1.5955 P4:1.5965 STATE:IDLE
[2026-05-16 05:07:03Z] CHK MOM:-0.15% RANGE:0.15% UP:0% SPREAD:0.12554927% BID:1.593 ASK:1.595 MID:1.59399999 P1:1.59399999 P2:1.595 P3:1.5955 P4:1.5955 STATE:IDLE
[2026-05-16 05:07:03Z] CHK MOM:-0.15% RANGE:0.15% UP:0% SPREAD:0.12554927% BID:1.593 ASK:1.595 MID:1.59399999 P1:1.59399999 P2:1.595 P3:1.5955 P4:1.5955 STATE:IDLE
[2026-05-16 05:07:04Z] CHK MOM:-0.15% RANGE:0.15% UP:0% SPREAD:0.12554927% BID:1.593 ASK:1.595 MID:1.59399999 P1:1.59399999 P2:1.595 P3:1.5955 P4:1.5955 STATE:IDLE
[2026-05-16 05:07:04Z] CHK MOM:-0.15% RANGE:0.15% UP:0% SPREAD:0.12554927% BID:1.593 ASK:1.595 MID:1.59399999 P1:1.59399999 P2:1.595 P3:1.5955 P4:1.5955 STATE:IDLE
[2026-05-16 05:07:05Z] CHK MOM:-0.15% RANGE:0.15% UP:0% SPREAD:0.12554927% BID:1.593 ASK:1.595 MID:1.59399999 P1:1.59399999 P2:1.595 P3:1.5955 P4:1.5955 STATE:IDLE
[2026-05-16 05:07:06Z] CHK MOM:-0.15% RANGE:0.15% UP:0% SPREAD:0.12554927% BID:1.593 ASK:1.595 MID:1.59399999 P1:1.59399999 P2:1.595 P3:1.5955 P4:1.5955 STATE:IDLE
[2026-05-16 05:07:15Z] CHK MOM:0% RANGE:0% UP:0% SPREAD:0.12554927% BID:1.593 ASK:1.595 MID:1.59399999 P1:1.59399999 P2:1.59399999 P3:1.595 P4:1.5955 STATE:IDLE
[2026-05-16 05:07:16Z] CHK MOM:-0.03% RANGE:0.03% UP:0% SPREAD:0.06277463% BID:1.593 ASK:1.594 MID:1.5935 P1:1.5935 P2:1.59399999 P3:1.59399999 P4:1.595 STATE:IDLE
[2026-05-16 05:07:16Z] CHK MOM:-0.03% RANGE:0.03% UP:0% SPREAD:0.06277463% BID:1.593 ASK:1.594 MID:1.5935 P1:1.5935 P2:1.59399999 P3:1.59399999 P4:1.595 STATE:IDLE
[2026-05-16 05:07:17Z] CHK MOM:0.06% RANGE:0.09% UP:50% SPREAD:0.12547051% BID:1.594 ASK:1.596 MID:1.595 P1:1.595 P2:1.5935 P3:1.59399999 P4:1.59399999 STATE:IDLE
[2026-05-16 05:07:17Z] CHK MOM:0% RANGE:0.09% UP:33.33% SPREAD:0.12554927% BID:1.593 ASK:1.595 MID:1.59399999 P1:1.59399999 P2:1.595 P3:1.5935 P4:1.59399999 STATE:IDLE
[2026-05-16 05:07:18Z] CHK MOM:0% RANGE:0.09% UP:25% SPREAD:0.12554927% BID:1.593 ASK:1.595 MID:1.59399999 P1:1.59399999 P2:1.59399999 P3:1.595 P4:1.5935 STATE:IDLE
[2026-05-16 05:07:18Z] CHK MOM:0% RANGE:0.09% UP:25% SPREAD:0.12554927% BID:1.593 ASK:1.595 MID:1.59399999 P1:1.59399999 P2:1.59399999 P3:1.595 P4:1.5935 STATE:IDLE
[2026-05-16 05:07:19Z] CHK MOM:0% RANGE:0.09% UP:25% SPREAD:0.12554927% BID:1.593 ASK:1.595 MID:1.59399999 P1:1.59399999 P2:1.59399999 P3:1.595 P4:1.5935 STATE:IDLE
[2026-05-16 05:07:19Z] CHK MOM:0% RANGE:0.09% UP:20% SPREAD:0.12554927% BID:1.593 ASK:1.595 MID:1.59399999 P1:1.59399999 P2:1.59399999 P3:1.59399999 P4:1.595 STATE:IDLE
[2026-05-16 05:07:20Z] CHK MOM:0% RANGE:0.09% UP:20% SPREAD:0.12554927% BID:1.593 ASK:1.595 MID:1.59399999 P1:1.59399999 P2:1.59399999 P3:1.59399999 P4:1.595 STATE:IDLE
[2026-05-16 05:07:21Z] CHK MOM:0% RANGE:0.09% UP:20% SPREAD:0.12554927% BID:1.593 ASK:1.595 MID:1.59399999 P1:1.59399999 P2:1.59399999 P3:1.59399999 P4:1.595 STATE:IDLE
[2026-05-16 05:07:21Z] CHK MOM:0% RANGE:0.09% UP:20% SPREAD:0.12554927% BID:1.593 ASK:1.595 MID:1.59399999 P1:1.59399999 P2:1.59399999 P3:1.59399999 P4:1.595 STATE:IDLE
[2026-05-16 05:07:22Z] CHK MOM:0% RANGE:0.09% UP:20% SPREAD:0.12554927% BID:1.593 ASK:1.595 MID:1.59399999 P1:1.59399999 P2:1.59399999 P3:1.59399999 P4:1.595 STATE:IDLE
[2026-05-16 05:07:23Z] CHK MOM:0% RANGE:0.09% UP:16.66% SPREAD:0.12554927% BID:1.593 ASK:1.595 MID:1.59399999 P1:1.59399999 P2:1.59399999 P3:1.59399999 P4:1.59399999 STATE:IDLE
[2026-05-16 05:07:23Z] CHK MOM:0% RANGE:0.09% UP:16.66% SPREAD:0.12554927% BID:1.593 ASK:1.595 MID:1.59399999 P1:1.59399999 P2:1.59399999 P3:1.59399999 P4:1.59399999 STATE:IDLE
[2026-05-16 05:07:24Z] CHK MOM:0% RANGE:0.09% UP:14.28% SPREAD:0.12554927% BID:1.593 ASK:1.595 MID:1.59399999 P1:1.59399999 P2:1.59399999 P3:1.59399999 P4:1.59399999 STATE:IDLE
[2026-05-16 05:07:24Z] CHK MOM:0% RANGE:0.09% UP:14.28% SPREAD:0.12554927% BID:1.593 ASK:1.595 MID:1.59399999 P1:1.59399999 P2:1.59399999 P3:1.59399999 P4:1.59399999 STATE:IDLE
[2026-05-16 05:07:25Z] CHK MOM:0% RANGE:0.09% UP:14.28% SPREAD:0.12554927% BID:1.593 ASK:1.595 MID:1.59399999 P1:1.59399999 P2:1.59399999 P3:1.59399999 P4:1.59399999 STATE:IDLE
[2026-05-16 05:07:25Z] CHK MOM:0% RANGE:0.09% UP:14.28% SPREAD:0.12554927% BID:1.593 ASK:1.595 MID:1.59399999 P1:1.59399999 P2:1.59399999 P3:1.59399999 P4:1.59399999 STATE:IDLE
[2026-05-16 05:07:26Z] CHK MOM:0% RANGE:0.09% UP:14.28% SPREAD:0.12554927% BID:1.593 ASK:1.595 MID:1.59399999 P1:1.59399999 P2:1.59399999 P3:1.59399999 P4:1.59399999 STATE:IDLE
[2026-05-16 05:07:26Z] CHK MOM:0.03% RANGE:0.09% UP:14.28% SPREAD:0.12554927% BID:1.593 ASK:1.595 MID:1.59399999 P1:1.59399999 P2:1.59399999 P3:1.59399999 P4:1.59399999 STATE:IDLE
[2026-05-16 05:07:27Z] CHK MOM:0.03% RANGE:0.09% UP:12.5% SPREAD:0.12554927% BID:1.593 ASK:1.595 MID:1.59399999 P1:1.59399999 P2:1.59399999 P3:1.59399999 P4:1.59399999 STATE:IDLE
[2026-05-16 05:07:27Z] CHK MOM:-0.09% RANGE:0.09% UP:0% SPREAD:0.06277463% BID:1.593 ASK:1.594 MID:1.5935 P1:1.5935 P2:1.59399999 P3:1.59399999 P4:1.59399999 STATE:IDLE
[2026-05-16 05:07:28Z] CHK MOM:-0.09% RANGE:0.09% UP:0% SPREAD:0.06277463% BID:1.593 ASK:1.594 MID:1.5935 P1:1.5935 P2:1.59399999 P3:1.59399999 P4:1.59399999 STATE:IDLE
[2026-05-16 05:07:29Z] CHK MOM:-0.09% RANGE:0.09% UP:0% SPREAD:0.06277463% BID:1.593 ASK:1.594 MID:1.5935 P1:1.5935 P2:1.59399999 P3:1.59399999 P4:1.59399999 STATE:IDLE
[2026-05-16 05:07:29Z] CHK MOM:-0.03% RANGE:0.03% UP:0% SPREAD:0.06277463% BID:1.593 ASK:1.594 MID:1.5935 P1:1.5935 P2:1.5935 P3:1.59399999 P4:1.59399999 STATE:IDLE
[2026-05-16 05:07:30Z] CHK MOM:-0.03% RANGE:0.03% UP:0% SPREAD:0.06277463% BID:1.593 ASK:1.594 MID:1.5935 P1:1.5935 P2:1.5935 P3:1.5935 P4:1.59399999 STATE:IDLE
[2026-05-16 05:07:30Z] CHK MOM:-0.03% RANGE:0.03% UP:0% SPREAD:0.06277463% BID:1.593 ASK:1.594 MID:1.5935 P1:1.5935 P2:1.5935 P3:1.5935 P4:1.5935 STATE:IDLE
[2026-05-16 05:07:31Z] CHK MOM:-0.03% RANGE:0.03% UP:0% SPREAD:0.06277463% BID:1.593 ASK:1.594 MID:1.5935 P1:1.5935 P2:1.5935 P3:1.5935 P4:1.5935 STATE:IDLE
[2026-05-16 05:07:31Z] CHK MOM:-0.03% RANGE:0.03% UP:0% SPREAD:0.06277463% BID:1.593 ASK:1.594 MID:1.5935 P1:1.5935 P2:1.5935 P3:1.5935 P4:1.5935 STATE:IDLE
[2026-05-16 05:07:32Z] CHK MOM:-0.03% RANGE:0.03% UP:0% SPREAD:0.06277463% BID:1.593 ASK:1.594 MID:1.5935 P1:1.5935 P2:1.5935 P3:1.5935 P4:1.5935 STATE:IDLE
[2026-05-16 05:07:32Z] CHK MOM:-0.03% RANGE:0.03% UP:0% SPREAD:0.06277463% BID:1.593 ASK:1.594 MID:1.5935 P1:1.5935 P2:1.5935 P3:1.5935 P4:1.5935 STATE:IDLE
[2026-05-16 05:07:33Z] CHK MOM:0% RANGE:0.03% UP:10% SPREAD:0.12554927% BID:1.593 ASK:1.595 MID:1.59399999 P1:1.59399999 P2:1.5935 P3:1.5935 P4:1.5935 STATE:IDLE
[2026-05-16 05:07:33Z] CHK MOM:0% RANGE:0.03% UP:10% SPREAD:0.12554927% BID:1.593 ASK:1.595 MID:1.59399999 P1:1.59399999 P2:1.5935 P3:1.5935 P4:1.5935 STATE:IDLE
[2026-05-16 05:07:34Z] CHK MOM:0% RANGE:0.03% UP:9.09% SPREAD:0.12554927% BID:1.593 ASK:1.595 MID:1.59399999 P1:1.59399999 P2:1.59399999 P3:1.5935 P4:1.5935 STATE:IDLE
[2026-05-16 05:07:34Z] CHK MOM:0% RANGE:0.03% UP:9.09% SPREAD:0.12554927% BID:1.593 ASK:1.595 MID:1.59399999 P1:1.59399999 P2:1.59399999 P3:1.5935 P4:1.5935 STATE:IDLE
[2026-05-16 05:07:35Z] CHK MOM:0% RANGE:0.03% UP:9.09% SPREAD:0.12554927% BID:1.593 ASK:1.595 MID:1.59399999 P1:1.59399999 P2:1.59399999 P3:1.5935 P4:1.5935 STATE:IDLE
[2026-05-16 05:07:35Z] CHK MOM:0% RANGE:0.03% UP:9.09% SPREAD:0.12554927% BID:1.593 ASK:1.595 MID:1.59399999 P1:1.59399999 P2:1.59399999 P3:1.5935 P4:1.5935 STATE:IDLE
[2026-05-16 05:07:36Z] CHK MOM:0% RANGE:0.03% UP:9.09% SPREAD:0.12554927% BID:1.593 ASK:1.595 MID:1.59399999 P1:1.59399999 P2:1.59399999 P3:1.5935 P4:1.5935 STATE:IDLE
[2026-05-16 05:07:37Z] CHK MOM:0% RANGE:0.03% UP:10% SPREAD:0.12554927% BID:1.593 ASK:1.595 MID:1.59399999 P1:1.59399999 P2:1.59399999 P3:1.59399999 P4:1.5935 STATE:IDLE
[2026-05-16 05:07:37Z] CHK MOM:0% RANGE:0.03% UP:10% SPREAD:0.12554927% BID:1.593 ASK:1.595 MID:1.59399999 P1:1.59399999 P2:1.59399999 P3:1.59399999 P4:1.5935 STATE:IDLE
[2026-05-16 05:07:38Z] CHK MOM:0% RANGE:0.03% UP:10% SPREAD:0.12554927% BID:1.593 ASK:1.595 MID:1.59399999 P1:1.59399999 P2:1.59399999 P3:1.59399999 P4:1.5935 STATE:IDLE
[2026-05-16 05:07:38Z] CHK MOM:0% RANGE:0.03% UP:10% SPREAD:0.12554927% BID:1.593 ASK:1.595 MID:1.59399999 P1:1.59399999 P2:1.59399999 P3:1.59399999 P4:1.59399999 STATE:IDLE
[2026-05-16 05:07:39Z] CHK MOM:0% RANGE:0.03% UP:10% SPREAD:0.12554927% BID:1.593 ASK:1.595 MID:1.59399999 P1:1.59399999 P2:1.59399999 P3:1.59399999 P4:1.59399999 STATE:IDLE
[2026-05-16 05:07:39Z] CHK MOM:0% RANGE:0.03% UP:11.11% SPREAD:0.06277463% BID:1.593 ASK:1.594 MID:1.5935 P1:1.5935 P2:1.59399999 P3:1.59399999 P4:1.59399999 STATE:IDLE
[2026-05-16 05:07:40Z] CHK MOM:0% RANGE:0.03% UP:10% SPREAD:0.06277463% BID:1.593 ASK:1.594 MID:1.5935 P1:1.5935 P2:1.5935 P3:1.59399999 P4:1.59399999 STATE:IDLE
[2026-05-16 05:07:40Z] CHK MOM:0% RANGE:0.03% UP:10% SPREAD:0.06277463% BID:1.593 ASK:1.594 MID:1.5935 P1:1.5935 P2:1.5935 P3:1.59399999 P4:1.59399999 STATE:IDLE
[2026-05-16 05:07:41Z] CHK MOM:0.06% RANGE:0.06% UP:20% SPREAD:0.06273525% BID:1.594 ASK:1.595 MID:1.5945 P1:1.5945 P2:1.5935 P3:1.5935 P4:1.59399999 STATE:IDLE
[2026-05-16 05:07:41Z] CHK MOM:0.03% RANGE:0.06% UP:20% SPREAD:0.12554927% BID:1.593 ASK:1.595 MID:1.59399999 P1:1.59399999 P2:1.5945 P3:1.5935 P4:1.5935 STATE:IDLE
[2026-05-16 05:07:42Z] CHK MOM:0.03% RANGE:0.06% UP:20% SPREAD:0.12554927% BID:1.593 ASK:1.595 MID:1.59399999 P1:1.59399999 P2:1.59399999 P3:1.5945 P4:1.5935 STATE:IDLE
[2026-05-16 05:07:43Z] CHK MOM:0.03% RANGE:0.06% UP:20% SPREAD:0.12554927% BID:1.593 ASK:1.595 MID:1.59399999 P1:1.59399999 P2:1.59399999 P3:1.5945 P4:1.5935 STATE:IDLE
[2026-05-16 05:07:43Z] CHK MOM:0.03% RANGE:0.06% UP:20% SPREAD:0.12554927% BID:1.593 ASK:1.595 MID:1.59399999 P1:1.59399999 P2:1.59399999 P3:1.5945 P4:1.5935 STATE:IDLE
[2026-05-16 05:07:44Z] CHK MOM:0.03% RANGE:0.06% UP:20% SPREAD:0.12554927% BID:1.593 ASK:1.595 MID:1.59399999 P1:1.59399999 P2:1.59399999 P3:1.5945 P4:1.5935 STATE:IDLE
[2026-05-16 05:07:44Z] CHK MOM:0.18% RANGE:0.18% UP:30% SPREAD:0.06265664% BID:1.596 ASK:1.597 MID:1.5965 P1:1.5965 P2:1.59399999 P3:1.59399999 P4:1.5945 STATE:IDLE
[2026-05-16 05:07:45Z] CHK MOM:0.18% RANGE:0.18% UP:30% SPREAD:0.06265664% BID:1.596 ASK:1.597 MID:1.5965 P1:1.5965 P2:1.59399999 P3:1.59399999 P4:1.5945 STATE:IDLE
[2026-05-16 05:07:45Z] CHK MOM:0.18% RANGE:0.18% UP:30% SPREAD:0.06265664% BID:1.596 ASK:1.597 MID:1.5965 P1:1.5965 P2:1.59399999 P3:1.59399999 P4:1.5945 STATE:IDLE
[2026-05-16 05:07:46Z] CHK MOM:0.18% RANGE:0.18% UP:30% SPREAD:0.06265664% BID:1.596 ASK:1.597 MID:1.5965 P1:1.5965 P2:1.59399999 P3:1.59399999 P4:1.5945 STATE:IDLE
[2026-05-16 05:07:46Z] CHK MOM:0.28% RANGE:0.31% UP:37.5% SPREAD:0.06257822% BID:1.598 ASK:1.599 MID:1.5985 P1:1.5985 P2:1.5965 P3:1.59399999 P4:1.59399999 STATE:IDLE
[2026-05-16 05:07:47Z] CHK MOM:0.28% RANGE:0.31% UP:33.33% SPREAD:0.06257822% BID:1.598 ASK:1.599 MID:1.5985 P1:1.5985 P2:1.5985 P3:1.5965 P4:1.59399999 STATE:IDLE
[2026-05-16 05:07:48Z] CHK MOM:0.28% RANGE:0.31% UP:33.33% SPREAD:0.06257822% BID:1.598 ASK:1.599 MID:1.5985 P1:1.5985 P2:1.5985 P3:1.5965 P4:1.59399999 STATE:IDLE
[2026-05-16 05:07:48Z] CHK MOM:0.15% RANGE:0.31% UP:30% SPREAD:0.06265664% BID:1.596 ASK:1.597 MID:1.5965 P1:1.5965 P2:1.5985 P3:1.5985 P4:1.5965 STATE:IDLE
[2026-05-16 05:07:49Z] CHK MOM:0.15% RANGE:0.31% UP:30% SPREAD:0.06265664% BID:1.596 ASK:1.597 MID:1.5965 P1:1.5965 P2:1.5985 P3:1.5985 P4:1.5965 STATE:IDLE
[2026-05-16 05:07:49Z] CHK MOM:0.15% RANGE:0.31% UP:30% SPREAD:0.06265664% BID:1.596 ASK:1.597 MID:1.5965 P1:1.5965 P2:1.5985 P3:1.5985 P4:1.5965 STATE:IDLE
[2026-05-16 05:07:50Z] CHK MOM:0.15% RANGE:0.31% UP:30% SPREAD:0.06265664% BID:1.596 ASK:1.597 MID:1.5965 P1:1.5965 P2:1.5985 P3:1.5985 P4:1.5965 STATE:IDLE
[2026-05-16 05:07:50Z] CHK MOM:0.15% RANGE:0.31% UP:30% SPREAD:0.06265664% BID:1.596 ASK:1.597 MID:1.5965 P1:1.5965 P2:1.5985 P3:1.5985 P4:1.5965 STATE:IDLE
[2026-05-16 05:07:51Z] CHK MOM:0.15% RANGE:0.31% UP:30% SPREAD:0.06265664% BID:1.596 ASK:1.597 MID:1.5965 P1:1.5965 P2:1.5985 P3:1.5985 P4:1.5965 STATE:IDLE
[2026-05-16 05:07:52Z] CHK MOM:0.18% RANGE:0.28% UP:42.85% SPREAD:0.0626174% BID:1.597 ASK:1.598 MID:1.5975 P1:1.5975 P2:1.5965 P3:1.5985 P4:1.5985 STATE:IDLE
[2026-05-16 05:07:53Z] CHK MOM:0.18% RANGE:0.28% UP:42.85% SPREAD:0.0626174% BID:1.597 ASK:1.598 MID:1.5975 P1:1.5975 P2:1.5965 P3:1.5985 P4:1.5985 STATE:IDLE
[2026-05-16 05:07:54Z] CHK MOM:0.18% RANGE:0.28% UP:42.85% SPREAD:0.0626174% BID:1.597 ASK:1.598 MID:1.5975 P1:1.5975 P2:1.5965 P3:1.5985 P4:1.5985 STATE:IDLE
[2026-05-16 05:07:54Z] CHK MOM:0.18% RANGE:0.28% UP:42.85% SPREAD:0.0626174% BID:1.597 ASK:1.598 MID:1.5975 P1:1.5975 P2:1.5965 P3:1.5985 P4:1.5985 STATE:IDLE
[2026-05-16 05:07:55Z] CHK MOM:0.18% RANGE:0.28% UP:42.85% SPREAD:0.0626174% BID:1.597 ASK:1.598 MID:1.5975 P1:1.5975 P2:1.5965 P3:1.5985 P4:1.5985 STATE:IDLE
[2026-05-16 05:07:57Z] CHK MOM:-0.12% RANGE:0.12% UP:25% SPREAD:0.06265664% BID:1.596 ASK:1.597 MID:1.5965 P1:1.5965 P2:1.5975 P3:1.5965 P4:1.5985 STATE:IDLE
[2026-05-16 05:07:58Z] CHK MOM:-0.12% RANGE:0.12% UP:25% SPREAD:0.06265664% BID:1.596 ASK:1.597 MID:1.5965 P1:1.5965 P2:1.5975 P3:1.5965 P4:1.5985 STATE:IDLE
[2026-05-16 05:07:59Z] CHK MOM:-0.12% RANGE:0.12% UP:20% SPREAD:0.06265664% BID:1.596 ASK:1.597 MID:1.5965 P1:1.5965 P2:1.5965 P3:1.5975 P4:1.5965 STATE:IDLE
[2026-05-16 05:07:59Z] CHK MOM:-0.03% RANGE:0.09% UP:25% SPREAD:0.12539184% BID:1.595 ASK:1.597 MID:1.596 P1:1.596 P2:1.5965 P3:1.5965 P4:1.5975 STATE:IDLE
[2026-05-16 05:08:00Z] CHK MOM:-0.03% RANGE:0.09% UP:25% SPREAD:0.12539184% BID:1.595 ASK:1.597 MID:1.596 P1:1.596 P2:1.5965 P3:1.5965 P4:1.5975 STATE:IDLE
[2026-05-16 05:08:00Z] CHK MOM:-0.09% RANGE:0.09% UP:0% SPREAD:0.12539184% BID:1.595 ASK:1.597 MID:1.596 P1:1.596 P2:1.596 P3:1.5965 P4:1.5965 STATE:IDLE
[2026-05-16 05:08:01Z] CHK MOM:-0.18% RANGE:0.18% UP:0% SPREAD:0.06273525% BID:1.594 ASK:1.595 MID:1.5945 P1:1.5945 P2:1.596 P3:1.596 P4:1.5965 STATE:IDLE
[2026-05-16 05:08:01Z] CHK MOM:-0.18% RANGE:0.18% UP:0% SPREAD:0.06273525% BID:1.594 ASK:1.595 MID:1.5945 P1:1.5945 P2:1.596 P3:1.596 P4:1.5965 STATE:IDLE
[2026-05-16 05:08:02Z] CHK MOM:-0.18% RANGE:0.18% UP:0% SPREAD:0.06273525% BID:1.594 ASK:1.595 MID:1.5945 P1:1.5945 P2:1.5945 P3:1.596 P4:1.596 STATE:IDLE
[2026-05-16 05:08:02Z] CHK MOM:-0.18% RANGE:0.18% UP:0% SPREAD:0.06273525% BID:1.594 ASK:1.595 MID:1.5945 P1:1.5945 P2:1.5945 P3:1.596 P4:1.596 STATE:IDLE
[2026-05-16 05:08:03Z] CHK MOM:-0.18% RANGE:0.18% UP:0% SPREAD:0.06273525% BID:1.594 ASK:1.595 MID:1.5945 P1:1.5945 P2:1.5945 P3:1.596 P4:1.596 STATE:IDLE
[2026-05-16 05:08:03Z] CHK MOM:-0.18% RANGE:0.18% UP:0% SPREAD:0.06273525% BID:1.594 ASK:1.595 MID:1.5945 P1:1.5945 P2:1.5945 P3:1.5945 P4:1.596 STATE:IDLE
[2026-05-16 05:08:04Z] CHK MOM:-0.18% RANGE:0.18% UP:0% SPREAD:0.06273525% BID:1.594 ASK:1.595 MID:1.5945 P1:1.5945 P2:1.5945 P3:1.5945 P4:1.596 STATE:IDLE
[2026-05-16 05:08:05Z] CHK MOM:-0.18% RANGE:0.18% UP:0% SPREAD:0.06273525% BID:1.594 ASK:1.595 MID:1.5945 P1:1.5945 P2:1.5945 P3:1.5945 P4:1.596 STATE:IDLE
[2026-05-16 05:08:05Z] CHK MOM:-0.18% RANGE:0.18% UP:0% SPREAD:0.06273525% BID:1.594 ASK:1.595 MID:1.5945 P1:1.5945 P2:1.5945 P3:1.5945 P4:1.596 STATE:IDLE
[2026-05-16 05:08:06Z] CHK MOM:-0.15% RANGE:0.15% UP:0% SPREAD:0.12554927% BID:1.593 ASK:1.595 MID:1.59399999 P1:1.59399999 P2:1.5945 P3:1.5945 P4:1.5945 STATE:IDLE
[2026-05-16 05:08:06Z] CHK MOM:-0.15% RANGE:0.15% UP:0% SPREAD:0.12554927% BID:1.593 ASK:1.595 MID:1.59399999 P1:1.59399999 P2:1.5945 P3:1.5945 P4:1.5945 STATE:IDLE
[2026-05-16 05:08:07Z] CHK MOM:-0.15% RANGE:0.15% UP:0% SPREAD:0.12554927% BID:1.593 ASK:1.595 MID:1.59399999 P1:1.59399999 P2:1.5945 P3:1.5945 P4:1.5945 STATE:IDLE
[2026-05-16 05:08:07Z] CHK MOM:-0.15% RANGE:0.15% UP:0% SPREAD:0.12554927% BID:1.593 ASK:1.595 MID:1.59399999 P1:1.59399999 P2:1.5945 P3:1.5945 P4:1.5945 STATE:IDLE
[2026-05-16 05:08:08Z] CHK MOM:-0.12% RANGE:0.15% UP:12.5% SPREAD:0.06273525% BID:1.594 ASK:1.595 MID:1.5945 P1:1.5945 P2:1.59399999 P3:1.5945 P4:1.5945 STATE:IDLE
[2026-05-16 05:08:08Z] CHK MOM:-0.12% RANGE:0.15% UP:12.5% SPREAD:0.06273525% BID:1.594 ASK:1.595 MID:1.5945 P1:1.5945 P2:1.59399999 P3:1.5945 P4:1.5945 STATE:IDLE
[2026-05-16 05:08:09Z] CHK MOM:-0.12% RANGE:0.15% UP:12.5% SPREAD:0.06273525% BID:1.594 ASK:1.595 MID:1.5945 P1:1.5945 P2:1.59399999 P3:1.5945 P4:1.5945 STATE:IDLE
[2026-05-16 05:08:10Z] CHK MOM:-0.12% RANGE:0.15% UP:12.5% SPREAD:0.06273525% BID:1.594 ASK:1.595 MID:1.5945 P1:1.5945 P2:1.5945 P3:1.59399999 P4:1.5945 STATE:IDLE
[2026-05-16 05:08:10Z] CHK MOM:-0.06% RANGE:0.12% UP:25% SPREAD:0.12547051% BID:1.594 ASK:1.596 MID:1.595 P1:1.595 P2:1.5945 P3:1.5945 P4:1.59399999 STATE:IDLE
[2026-05-16 05:08:11Z] CHK MOM:-0.06% RANGE:0.12% UP:25% SPREAD:0.12547051% BID:1.594 ASK:1.596 MID:1.595 P1:1.595 P2:1.5945 P3:1.5945 P4:1.59399999 STATE:IDLE
[2026-05-16 05:08:11Z] CHK MOM:-0.06% RANGE:0.12% UP:22.22% SPREAD:0.12547051% BID:1.594 ASK:1.596 MID:1.595 P1:1.595 P2:1.595 P3:1.5945 P4:1.5945 STATE:IDLE
[2026-05-16 05:08:12Z] CHK MOM:-0.06% RANGE:0.12% UP:22.22% SPREAD:0.12547051% BID:1.594 ASK:1.596 MID:1.595 P1:1.595 P2:1.595 P3:1.5945 P4:1.5945 STATE:IDLE
[2026-05-16 05:08:12Z] CHK MOM:-0.03% RANGE:0.12% UP:33.33% SPREAD:0.06269592% BID:1.595 ASK:1.596 MID:1.5955 P1:1.5955 P2:1.595 P3:1.595 P4:1.5945 STATE:IDLE
[2026-05-16 05:08:13Z] CHK MOM:-0.03% RANGE:0.12% UP:33.33% SPREAD:0.06269592% BID:1.595 ASK:1.596 MID:1.5955 P1:1.5955 P2:1.595 P3:1.595 P4:1.5945 STATE:IDLE
[2026-05-16 05:08:13Z] CHK MOM:0.03% RANGE:0.09% UP:37.5% SPREAD:0.12547051% BID:1.594 ASK:1.596 MID:1.595 P1:1.595 P2:1.5955 P3:1.595 P4:1.595 STATE:IDLE
[2026-05-16 05:08:14Z] CHK MOM:0.03% RANGE:0.09% UP:37.5% SPREAD:0.12547051% BID:1.594 ASK:1.596 MID:1.595 P1:1.595 P2:1.5955 P3:1.595 P4:1.595 STATE:IDLE
[2026-05-16 05:08:14Z] CHK MOM:0.03% RANGE:0.09% UP:37.5% SPREAD:0.12547051% BID:1.594 ASK:1.596 MID:1.595 P1:1.595 P2:1.595 P3:1.5955 P4:1.595 STATE:IDLE
[2026-05-16 05:08:15Z] CHK MOM:0.03% RANGE:0.09% UP:37.5% SPREAD:0.12547051% BID:1.594 ASK:1.596 MID:1.595 P1:1.595 P2:1.595 P3:1.5955 P4:1.595 STATE:IDLE
[2026-05-16 05:08:16Z] CHK MOM:-0.09% RANGE:0.18% UP:37.5% SPREAD:0.18856065% BID:1.591 ASK:1.594 MID:1.5925 P1:1.5925 P2:1.595 P3:1.595 P4:1.5955 STATE:IDLE
[2026-05-16 05:08:16Z] CHK MOM:-0.06% RANGE:0.18% UP:44.44% SPREAD:0.12562814% BID:1.592 ASK:1.594 MID:1.593 P1:1.593 P2:1.5925 P3:1.595 P4:1.595 STATE:IDLE
[2026-05-16 05:08:17Z] CHK MOM:-0.09% RANGE:0.18% UP:40% SPREAD:0.06281407% BID:1.592 ASK:1.593 MID:1.5925 P1:1.5925 P2:1.593 P3:1.5925 P4:1.595 STATE:IDLE
[2026-05-16 05:08:17Z] CHK MOM:-0.12% RANGE:0.21% UP:36.36% SPREAD:0.1257071% BID:1.591 ASK:1.593 MID:1.592 P1:1.592 P2:1.5925 P3:1.593 P4:1.5925 STATE:IDLE
[2026-05-16 05:08:18Z] CHK MOM:-0.12% RANGE:0.21% UP:36.36% SPREAD:0.1257071% BID:1.591 ASK:1.593 MID:1.592 P1:1.592 P2:1.5925 P3:1.593 P4:1.5925 STATE:IDLE
[2026-05-16 05:08:18Z] CHK MOM:-0.12% RANGE:0.21% UP:36.36% SPREAD:0.1257071% BID:1.591 ASK:1.593 MID:1.592 P1:1.592 P2:1.5925 P3:1.593 P4:1.5925 STATE:IDLE
[2026-05-16 05:08:19Z] CHK MOM:-0.12% RANGE:0.21% UP:36.36% SPREAD:0.06281407% BID:1.592 ASK:1.593 MID:1.5925 P1:1.5925 P2:1.592 P3:1.5925 P4:1.593 STATE:IDLE
[2026-05-16 05:08:19Z] CHK MOM:0.06% RANGE:0.21% UP:41.66% SPREAD:0.06269592% BID:1.595 ASK:1.596 MID:1.5955 P1:1.5955 P2:1.5925 P3:1.592 P4:1.5925 STATE:IDLE
[2026-05-16 05:08:20Z] BURST_TRIGGER ret=0.2514% need=0.2508% vel=0.1085%/s eff=1.000 pressure=999.00 drop=0.0000% dt=2.318s
[2026-05-16 05:08:23Z] ENTRY_TIMEOUT_CANCEL
[2026-05-16 05:08:44Z] CHK MOM:0% RANGE:0.06% UP:33.33% SPREAD:0.12515644% BID:1.598 ASK:1.6 MID:1.599 P1:1.599 P2:1.5995 P3:1.599 P4:1.599 STATE:IDLE
[2026-05-16 05:08:44Z] CHK MOM:0% RANGE:0.06% UP:30% SPREAD:0.12515644% BID:1.598 ASK:1.6 MID:1.599 P1:1.599 P2:1.599 P3:1.5995 P4:1.599 STATE:IDLE
[2026-05-16 05:08:45Z] CHK MOM:0.03% RANGE:0.06% UP:30% SPREAD:0.12515644% BID:1.598 ASK:1.6 MID:1.599 P1:1.599 P2:1.599 P3:1.599 P4:1.5995 STATE:IDLE
[2026-05-16 05:08:45Z] CHK MOM:0.03% RANGE:0.06% UP:30% SPREAD:0.12515644% BID:1.598 ASK:1.6 MID:1.599 P1:1.599 P2:1.599 P3:1.599 P4:1.5995 STATE:IDLE
[2026-05-16 05:08:46Z] CHK MOM:0.31% RANGE:0.31% UP:36.36% SPREAD:0.06238303% BID:1.603 ASK:1.604 MID:1.6035 P1:1.6035 P2:1.599 P3:1.599 P4:1.599 STATE:IDLE
[2026-05-16 05:08:47Z] BURST_TRIGGER ret=0.3129% need=0.2495% vel=0.1655%/s eff=1.000 pressure=999.00 drop=0.0000% dt=1.891s
[2026-05-16 05:08:48Z] BUY symbol=ORCAUSDC qty=6.02 entry=1.603 mode=BURST reason=BURST ret=0.3129% vel=0.1655%/s eff=1.000 pressure=999.00 drop=0.0000% P1=1.6035 P2=1.5990000000000002 P3=1.5990000000000002 P4=1.5990000000000002
[2026-05-16 05:08:48Z] CHK MOM:0.21% RANGE:0.31% UP:27.27% SPREAD:0.06242197% BID:1.602 ASK:1.603 MID:1.6025 P1:1.6025 P2:1.6035 P3:1.599 P4:1.599 STATE:IN_POS
[2026-05-16 05:08:48Z] CHK MOM:0.21% RANGE:0.31% UP:27.27% SPREAD:0.06242197% BID:1.602 ASK:1.603 MID:1.6025 P1:1.6025 P2:1.6035 P3:1.599 P4:1.599 STATE:IN_POS
[2026-05-16 05:08:49Z] CHK MOM:0.21% RANGE:0.31% UP:25% SPREAD:0.06242197% BID:1.602 ASK:1.603 MID:1.6025 P1:1.6025 P2:1.6025 P3:1.6035 P4:1.599 STATE:IN_POS
[2026-05-16 05:08:50Z] CHK MOM:0.21% RANGE:0.31% UP:25% SPREAD:0.06242197% BID:1.602 ASK:1.603 MID:1.6025 P1:1.6025 P2:1.6025 P3:1.6035 P4:1.599 STATE:IN_POS
[2026-05-16 05:08:50Z] CHK MOM:0.21% RANGE:0.31% UP:25% SPREAD:0.12492192% BID:1.601 ASK:1.603 MID:1.60199999 P1:1.60199999 P2:1.6025 P3:1.6025 P4:1.6035 STATE:IN_POS
[2026-05-16 05:08:51Z] CHK MOM:0.21% RANGE:0.31% UP:25% SPREAD:0.12492192% BID:1.601 ASK:1.603 MID:1.60199999 P1:1.60199999 P2:1.6025 P3:1.6025 P4:1.6035 STATE:IN_POS
[2026-05-16 05:08:51Z] CHK MOM:0.03% RANGE:0.28% UP:20% SPREAD:0.06253908% BID:1.599 ASK:1.6 MID:1.5995 P1:1.5995 P2:1.60199999 P3:1.6025 P4:1.6025 STATE:IN_POS
[2026-05-16 05:08:52Z] CHK MOM:0.03% RANGE:0.28% UP:20% SPREAD:0.06253908% BID:1.599 ASK:1.6 MID:1.5995 P1:1.5995 P2:1.60199999 P3:1.6025 P4:1.6025 STATE:IN_POS
[2026-05-16 05:08:52Z] CHK MOM:0.06% RANGE:0.28% UP:22.22% SPREAD:0.06249999% BID:1.6 ASK:1.601 MID:1.6005 P1:1.6005 P2:1.5995 P3:1.60199999 P4:1.6025 STATE:IN_POS
[2026-05-16 05:08:53Z] CHK MOM:0.06% RANGE:0.28% UP:20% SPREAD:0.06249999% BID:1.6 ASK:1.601 MID:1.6005 P1:1.6005 P2:1.6005 P3:1.5995 P4:1.60199999 STATE:IN_POS
[2026-05-16 05:08:53Z] CHK MOM:0.06% RANGE:0.28% UP:18.18% SPREAD:0.06249999% BID:1.6 ASK:1.601 MID:1.6005 P1:1.6005 P2:1.6005 P3:1.6005 P4:1.5995 STATE:IN_POS
[2026-05-16 05:08:54Z] CHK MOM:0.06% RANGE:0.28% UP:18.18% SPREAD:0.06249999% BID:1.6 ASK:1.601 MID:1.6005 P1:1.6005 P2:1.6005 P3:1.6005 P4:1.5995 STATE:IN_POS
[2026-05-16 05:08:55Z] CHK MOM:0.06% RANGE:0.28% UP:18.18% SPREAD:0.06249999% BID:1.6 ASK:1.601 MID:1.6005 P1:1.6005 P2:1.6005 P3:1.6005 P4:1.5995 STATE:IN_POS
[2026-05-16 05:08:55Z] CHK MOM:0.09% RANGE:0.28% UP:18.18% SPREAD:0.06249999% BID:1.6 ASK:1.601 MID:1.6005 P1:1.6005 P2:1.6005 P3:1.6005 P4:1.6005 STATE:IN_POS
[2026-05-16 05:08:56Z] CHK MOM:0.06% RANGE:0.28% UP:16.66% SPREAD:0.12507817% BID:1.599 ASK:1.601 MID:1.6 P1:1.6 P2:1.6005 P3:1.6005 P4:1.6005 STATE:IN_POS
[2026-05-16 05:08:56Z] CHK MOM:0.06% RANGE:0.28% UP:16.66% SPREAD:0.12507817% BID:1.599 ASK:1.601 MID:1.6 P1:1.6 P2:1.6005 P3:1.6005 P4:1.6005 STATE:IN_POS
[2026-05-16 05:08:56Z] BURST_HANDOFF age=8.49s ext=0.0000% loss=0.2495% peak=1.60300000 stop=1.59000000 protect=0 trail=0
[2026-05-16 05:08:57Z] CHK MOM:0.06% RANGE:0.28% UP:16.66% SPREAD:0.12507817% BID:1.599 ASK:1.601 MID:1.6 P1:1.6 P2:1.6005 P3:1.6005 P4:1.6005 STATE:IN_POS
[2026-05-16 05:08:57Z] CHK MOM:0.06% RANGE:0.28% UP:16.66% SPREAD:0.12507817% BID:1.599 ASK:1.601 MID:1.6 P1:1.6 P2:1.6005 P3:1.6005 P4:1.6005 STATE:IN_POS
[2026-05-16 05:08:58Z] CHK MOM:0.06% RANGE:0.28% UP:16.66% SPREAD:0.12507817% BID:1.599 ASK:1.601 MID:1.6 P1:1.6 P2:1.6005 P3:1.6005 P4:1.6005 STATE:IN_POS
[2026-05-16 05:08:59Z] CHK MOM:-0.24% RANGE:0.25% UP:11.11% SPREAD:0.06257822% BID:1.598 ASK:1.599 MID:1.5985 P1:1.5985 P2:1.6 P3:1.6005 P4:1.6005 STATE:IN_POS
[2026-05-16 05:09:00Z] CHK MOM:-0.24% RANGE:0.25% UP:11.11% SPREAD:0.06257822% BID:1.598 ASK:1.599 MID:1.5985 P1:1.5985 P2:1.6 P3:1.6005 P4:1.6005 STATE:IN_POS
[2026-05-16 05:09:00Z] CHK MOM:-0.24% RANGE:0.25% UP:11.11% SPREAD:0.06257822% BID:1.598 ASK:1.599 MID:1.5985 P1:1.5985 P2:1.6 P3:1.6005 P4:1.6005 STATE:IN_POS
[2026-05-16 05:09:01Z] CHK MOM:-0.21% RANGE:0.21% UP:12.5% SPREAD:0.06257822% BID:1.598 ASK:1.599 MID:1.5985 P1:1.5985 P2:1.5985 P3:1.6 P4:1.6005 STATE:IN_POS
[2026-05-16 05:09:01Z] CHK MOM:-0.21% RANGE:0.21% UP:12.5% SPREAD:0.06257822% BID:1.598 ASK:1.599 MID:1.5985 P1:1.5985 P2:1.5985 P3:1.6 P4:1.6005 STATE:IN_POS
[2026-05-16 05:09:03Z] CHK MOM:-0.21% RANGE:0.21% UP:12.5% SPREAD:0.06257822% BID:1.598 ASK:1.599 MID:1.5985 P1:1.5985 P2:1.5985 P3:1.6 P4:1.6005 STATE:IN_POS
[2026-05-16 05:09:03Z] CHK MOM:-0.21% RANGE:0.21% UP:12.5% SPREAD:0.06257822% BID:1.598 ASK:1.599 MID:1.5985 P1:1.5985 P2:1.5985 P3:1.6 P4:1.6005 STATE:IN_POS
[2026-05-16 05:09:04Z] CHK MOM:-0.12% RANGE:0.12% UP:0% SPREAD:0.06257822% BID:1.598 ASK:1.599 MID:1.5985 P1:1.5985 P2:1.5985 P3:1.5985 P4:1.6 STATE:IN_POS
[2026-05-16 05:09:04Z] CHK MOM:-0.18% RANGE:0.18% UP:0% SPREAD:0.0626174% BID:1.597 ASK:1.598 MID:1.5975 P1:1.5975 P2:1.5985 P3:1.5985 P4:1.5985 STATE:IN_POS
[2026-05-16 05:09:05Z] CHK MOM:-0.21% RANGE:0.21% UP:0% SPREAD:0.12531328% BID:1.596 ASK:1.598 MID:1.597 P1:1.597 P2:1.5975 P3:1.5985 P4:1.5985 STATE:IN_POS
[2026-05-16 05:09:06Z] CHK MOM:-0.21% RANGE:0.21% UP:0% SPREAD:0.12531328% BID:1.596 ASK:1.598 MID:1.597 P1:1.597 P2:1.5975 P3:1.5985 P4:1.5985 STATE:IN_POS
[2026-05-16 05:09:06Z] CHK MOM:-0.21% RANGE:0.21% UP:0% SPREAD:0.12531328% BID:1.596 ASK:1.598 MID:1.597 P1:1.597 P2:1.5975 P3:1.5985 P4:1.5985 STATE:IN_POS
[2026-05-16 05:09:07Z] CHK MOM:-0.21% RANGE:0.21% UP:0% SPREAD:0.12531328% BID:1.596 ASK:1.598 MID:1.597 P1:1.597 P2:1.5975 P3:1.5985 P4:1.5985 STATE:IN_POS
[2026-05-16 05:09:07Z] CHK MOM:-0.21% RANGE:0.21% UP:0% SPREAD:0.12531328% BID:1.596 ASK:1.598 MID:1.597 P1:1.597 P2:1.597 P3:1.5975 P4:1.5985 STATE:IN_POS
[2026-05-16 05:09:08Z] CHK MOM:-0.06% RANGE:0.09% UP:16.66% SPREAD:0.0626174% BID:1.597 ASK:1.598 MID:1.5975 P1:1.5975 P2:1.597 P3:1.597 P4:1.5975 STATE:IN_POS
[2026-05-16 05:09:08Z] CHK MOM:-0.06% RANGE:0.09% UP:16.66% SPREAD:0.0626174% BID:1.597 ASK:1.598 MID:1.5975 P1:1.5975 P2:1.597 P3:1.597 P4:1.5975 STATE:IN_POS
[2026-05-16 05:09:09Z] CHK MOM:-0.09% RANGE:0.09% UP:14.28% SPREAD:0.12531328% BID:1.596 ASK:1.598 MID:1.597 P1:1.597 P2:1.5975 P3:1.597 P4:1.597 STATE:IN_POS
[2026-05-16 05:09:09Z] CHK MOM:-0.09% RANGE:0.09% UP:14.28% SPREAD:0.12531328% BID:1.596 ASK:1.598 MID:1.597 P1:1.597 P2:1.5975 P3:1.597 P4:1.597 STATE:IN_POS
[2026-05-16 05:09:10Z] CHK MOM:-0.09% RANGE:0.09% UP:14.28% SPREAD:0.12531328% BID:1.596 ASK:1.598 MID:1.597 P1:1.597 P2:1.5975 P3:1.597 P4:1.597 STATE:IN_POS
[2026-05-16 05:09:11Z] CHK MOM:-0.09% RANGE:0.09% UP:14.28% SPREAD:0.12531328% BID:1.596 ASK:1.598 MID:1.597 P1:1.597 P2:1.5975 P3:1.597 P4:1.597 STATE:IN_POS
[2026-05-16 05:09:11Z] CHK MOM:-0.09% RANGE:0.09% UP:14.28% SPREAD:0.12531328% BID:1.596 ASK:1.598 MID:1.597 P1:1.597 P2:1.597 P3:1.5975 P4:1.597 STATE:IN_POS
[2026-05-16 05:09:12Z] CHK MOM:-0.09% RANGE:0.09% UP:14.28% SPREAD:0.12531328% BID:1.596 ASK:1.598 MID:1.597 P1:1.597 P2:1.597 P3:1.5975 P4:1.597 STATE:IN_POS
[2026-05-16 05:09:12Z] CHK MOM:-0.09% RANGE:0.09% UP:14.28% SPREAD:0.12531328% BID:1.596 ASK:1.598 MID:1.597 P1:1.597 P2:1.597 P3:1.5975 P4:1.597 STATE:IN_POS
[2026-05-16 05:09:13Z] CHK MOM:-0.09% RANGE:0.09% UP:14.28% SPREAD:0.12531328% BID:1.596 ASK:1.598 MID:1.597 P1:1.597 P2:1.597 P3:1.5975 P4:1.597 STATE:IN_POS
[2026-05-16 05:09:13Z] CHK MOM:-0.09% RANGE:0.09% UP:14.28% SPREAD:0.12531328% BID:1.596 ASK:1.598 MID:1.597 P1:1.597 P2:1.597 P3:1.5975 P4:1.597 STATE:IN_POS
[2026-05-16 05:09:14Z] CHK MOM:-0.09% RANGE:0.09% UP:14.28% SPREAD:0.12531328% BID:1.596 ASK:1.598 MID:1.597 P1:1.597 P2:1.597 P3:1.597 P4:1.5975 STATE:IN_POS
[2026-05-16 05:09:14Z] CHK MOM:-0.06% RANGE:0.09% UP:25% SPREAD:0.0626174% BID:1.597 ASK:1.598 MID:1.5975 P1:1.5975 P2:1.597 P3:1.597 P4:1.597 STATE:IN_POS
[2026-05-16 05:09:15Z] CHK MOM:-0.06% RANGE:0.09% UP:25% SPREAD:0.0626174% BID:1.597 ASK:1.598 MID:1.5975 P1:1.5975 P2:1.597 P3:1.597 P4:1.597 STATE:IN_POS
[2026-05-16 05:09:15Z] CHK MOM:-0.06% RANGE:0.09% UP:25% SPREAD:0.0626174% BID:1.597 ASK:1.598 MID:1.5975 P1:1.5975 P2:1.597 P3:1.597 P4:1.597 STATE:IN_POS
[2026-05-16 05:09:16Z] CHK MOM:-0.06% RANGE:0.09% UP:25% SPREAD:0.0626174% BID:1.597 ASK:1.598 MID:1.5975 P1:1.5975 P2:1.597 P3:1.597 P4:1.597 STATE:IN_POS
[2026-05-16 05:09:17Z] CHK MOM:-0.06% RANGE:0.09% UP:25% SPREAD:0.0626174% BID:1.597 ASK:1.598 MID:1.5975 P1:1.5975 P2:1.597 P3:1.597 P4:1.597 STATE:IN_POS
[2026-05-16 05:09:18Z] CHK MOM:0.09% RANGE:0.09% UP:50% SPREAD:0.06257822% BID:1.598 ASK:1.599 MID:1.5985 P1:1.5985 P2:1.5975 P3:1.597 P4:1.597 STATE:IN_POS
[2026-05-16 05:09:19Z] CHK MOM:0.09% RANGE:0.09% UP:50% SPREAD:0.06257822% BID:1.598 ASK:1.599 MID:1.5985 P1:1.5985 P2:1.5975 P3:1.597 P4:1.597 STATE:IN_POS
[2026-05-16 05:09:19Z] CHK MOM:0.09% RANGE:0.09% UP:50% SPREAD:0.06257822% BID:1.598 ASK:1.599 MID:1.5985 P1:1.5985 P2:1.5975 P3:1.597 P4:1.597 STATE:IN_POS
[2026-05-16 05:09:20Z] CHK MOM:0.09% RANGE:0.09% UP:50% SPREAD:0.06257822% BID:1.598 ASK:1.599 MID:1.5985 P1:1.5985 P2:1.5975 P3:1.597 P4:1.597 STATE:IN_POS
[2026-05-16 05:09:20Z] CHK MOM:0.15% RANGE:0.15% UP:60% SPREAD:0.06253908% BID:1.599 ASK:1.6 MID:1.5995 P1:1.5995 P2:1.5985 P3:1.5975 P4:1.597 STATE:IN_POS
[2026-05-16 05:09:21Z] CHK MOM:0.09% RANGE:0.15% UP:60% SPREAD:0.18785222% BID:1.597 ASK:1.6 MID:1.5985 P1:1.5985 P2:1.5995 P3:1.5985 P4:1.5975 STATE:IN_POS
[2026-05-16 05:09:21Z] CHK MOM:0.09% RANGE:0.15% UP:50% SPREAD:0.18785222% BID:1.597 ASK:1.6 MID:1.5985 P1:1.5985 P2:1.5985 P3:1.5995 P4:1.5985 STATE:IN_POS
[2026-05-16 05:09:22Z] CHK MOM:0.09% RANGE:0.15% UP:42.85% SPREAD:0.18785222% BID:1.597 ASK:1.6 MID:1.5985 P1:1.5985 P2:1.5985 P3:1.5985 P4:1.5995 STATE:IN_POS
[2026-05-16 05:09:22Z] CHK MOM:0.09% RANGE:0.15% UP:42.85% SPREAD:0.18785222% BID:1.597 ASK:1.6 MID:1.5985 P1:1.5985 P2:1.5985 P3:1.5985 P4:1.5995 STATE:IN_POS
[2026-05-16 05:09:23Z] CHK MOM:0.09% RANGE:0.15% UP:42.85% SPREAD:0.18785222% BID:1.597 ASK:1.6 MID:1.5985 P1:1.5985 P2:1.5985 P3:1.5985 P4:1.5985 STATE:IN_POS
[2026-05-16 05:09:23Z] CHK MOM:0% RANGE:0.15% UP:37.5% SPREAD:0.12531328% BID:1.596 ASK:1.598 MID:1.597 P1:1.597 P2:1.5985 P3:1.5985 P4:1.5985 STATE:IN_POS
[2026-05-16 05:09:24Z] CHK MOM:0% RANGE:0.15% UP:33.33% SPREAD:0.12531328% BID:1.596 ASK:1.598 MID:1.597 P1:1.597 P2:1.597 P3:1.5985 P4:1.5985 STATE:IN_POS
[2026-05-16 05:09:24Z] CHK MOM:0% RANGE:0.15% UP:33.33% SPREAD:0.12531328% BID:1.596 ASK:1.598 MID:1.597 P1:1.597 P2:1.597 P3:1.5985 P4:1.5985 STATE:IN_POS
[2026-05-16 05:09:25Z] CHK MOM:0% RANGE:0.15% UP:33.33% SPREAD:0.12531328% BID:1.596 ASK:1.598 MID:1.597 P1:1.597 P2:1.597 P3:1.5985 P4:1.5985 STATE:IN_POS
[2026-05-16 05:09:25Z] CHK MOM:-0.06% RANGE:0.18% UP:22.22% SPREAD:0.18808777% BID:1.595 ASK:1.598 MID:1.5965 P1:1.5965 P2:1.597 P3:1.597 P4:1.5985 STATE:IN_POS
[2026-05-16 05:09:26Z] CHK MOM:-0.12% RANGE:0.18% UP:11.11% SPREAD:0.18808777% BID:1.595 ASK:1.598 MID:1.5965 P1:1.5965 P2:1.5965 P3:1.597 P4:1.597 STATE:IN_POS
[2026-05-16 05:09:27Z] CHK MOM:-0.12% RANGE:0.18% UP:11.11% SPREAD:0.18808777% BID:1.595 ASK:1.598 MID:1.5965 P1:1.5965 P2:1.5965 P3:1.597 P4:1.597 STATE:IN_POS
[2026-05-16 05:09:27Z] CHK MOM:-0.15% RANGE:0.21% UP:10% SPREAD:0.12539184% BID:1.595 ASK:1.597 MID:1.596 P1:1.596 P2:1.5965 P3:1.5965 P4:1.597 STATE:IN_POS
[2026-05-16 05:09:28Z] CHK MOM:-0.15% RANGE:0.21% UP:10% SPREAD:0.12539184% BID:1.595 ASK:1.597 MID:1.596 P1:1.596 P2:1.5965 P3:1.5965 P4:1.597 STATE:IN_POS
[2026-05-16 05:09:28Z] CHK MOM:-0.15% RANGE:0.21% UP:10% SPREAD:0.12539184% BID:1.595 ASK:1.597 MID:1.596 P1:1.596 P2:1.5965 P3:1.5965 P4:1.597 STATE:IN_POS
[2026-05-16 05:09:29Z] CHK MOM:-0.21% RANGE:0.21% UP:0% SPREAD:0.12539184% BID:1.595 ASK:1.597 MID:1.596 P1:1.596 P2:1.596 P3:1.5965 P4:1.5965 STATE:IN_POS
[2026-05-16 05:09:29Z] CHK MOM:-0.21% RANGE:0.21% UP:0% SPREAD:0.12539184% BID:1.595 ASK:1.597 MID:1.596 P1:1.596 P2:1.596 P3:1.596 P4:1.5965 STATE:IN_POS
[2026-05-16 05:09:30Z] CHK MOM:-0.18% RANGE:0.21% UP:8.33% SPREAD:0.06265664% BID:1.596 ASK:1.597 MID:1.5965 P1:1.5965 P2:1.596 P3:1.596 P4:1.596 STATE:IN_POS
[2026-05-16 05:09:30Z] CHK MOM:-0.4% RANGE:0.4% UP:7.69% SPREAD:0.12562814% BID:1.592 ASK:1.594 MID:1.593 P1:1.593 P2:1.5965 P3:1.596 P4:1.596 STATE:IN_POS
[2026-05-16 05:09:31Z] CHK MOM:-0.4% RANGE:0.4% UP:7.14% SPREAD:0.12562814% BID:1.592 ASK:1.594 MID:1.593 P1:1.593 P2:1.593 P3:1.5965 P4:1.596 STATE:IN_POS
[2026-05-16 05:09:31Z] CHK MOM:-0.4% RANGE:0.4% UP:6.66% SPREAD:0.12562814% BID:1.592 ASK:1.594 MID:1.593 P1:1.593 P2:1.593 P3:1.593 P4:1.5965 STATE:IN_POS
[2026-05-16 05:09:32Z] CHK MOM:-0.4% RANGE:0.4% UP:6.66% SPREAD:0.1257071% BID:1.591 ASK:1.593 MID:1.592 P1:1.592 P2:1.593 P3:1.593 P4:1.593 STATE:IN_POS
[2026-05-16 05:09:34Z] CHK MOM:-0.43% RANGE:0.43% UP:7.69% SPREAD:0.06285355% BID:1.591 ASK:1.592 MID:1.5915 P1:1.5915 P2:1.592 P3:1.593 P4:1.593 STATE:IN_POS
[2026-05-16 05:09:34Z] CHK MOM:-0.43% RANGE:0.43% UP:7.14% SPREAD:0.06285355% BID:1.591 ASK:1.592 MID:1.5915 P1:1.5915 P2:1.5915 P3:1.592 P4:1.593 STATE:IN_POS
[2026-05-16 05:09:35Z] CHK MOM:-0.43% RANGE:0.43% UP:6.66% SPREAD:0.06285355% BID:1.591 ASK:1.592 MID:1.5915 P1:1.5915 P2:1.5915 P3:1.5915 P4:1.592 STATE:IN_POS
[2026-05-16 05:09:35Z] CHK MOM:-0.43% RANGE:0.43% UP:6.66% SPREAD:0.06285355% BID:1.591 ASK:1.592 MID:1.5915 P1:1.5915 P2:1.5915 P3:1.5915 P4:1.592 STATE:IN_POS
[2026-05-16 05:09:36Z] CHK MOM:-0.4% RANGE:0.4% UP:7.14% SPREAD:0.06289308% BID:1.59 ASK:1.591 MID:1.5905 P1:1.5905 P2:1.5915 P3:1.5915 P4:1.5915 STATE:IN_POS
[2026-05-16 05:09:37Z] SELL symbol=ORCAUSDC qty=6.01 exit=1.5899999999999999 pnl=-0.09732 reason=STOP profile=major
[2026-05-16 05:10:08Z] CHK MOM:0.09% RANGE:0.09% UP:100% SPREAD:0.06253908% BID:1.599 ASK:1.6 MID:1.5995 P1:1.5995 P2:1.599 P3:1.59799999 P4:1.5945 STATE:IDLE
[2026-05-16 05:10:09Z] CHK MOM:0.09% RANGE:0.09% UP:100% SPREAD:0.06253908% BID:1.599 ASK:1.6 MID:1.5995 P1:1.5995 P2:1.599 P3:1.59799999 P4:1.5945 STATE:IDLE
[2026-05-16 05:10:09Z] CHK MOM:0.09% RANGE:0.09% UP:100% SPREAD:0.06253908% BID:1.599 ASK:1.6 MID:1.5995 P1:1.5995 P2:1.599 P3:1.59799999 P4:1.5945 STATE:IDLE
[2026-05-16 05:10:10Z] CHK MOM:0.09% RANGE:0.09% UP:100% SPREAD:0.06253908% BID:1.599 ASK:1.6 MID:1.5995 P1:1.5995 P2:1.599 P3:1.59799999 P4:1.5945 STATE:IDLE
[2026-05-16 05:10:10Z] CHK MOM:0.09% RANGE:0.09% UP:100% SPREAD:0.06253908% BID:1.599 ASK:1.6 MID:1.5995 P1:1.5995 P2:1.599 P3:1.59799999 P4:1.5945 STATE:IDLE
[2026-05-16 05:10:11Z] CHK MOM:-0.03% RANGE:0.03% UP:0% SPREAD:0.12515644% BID:1.598 ASK:1.6 MID:1.599 P1:1.599 P2:1.5995 P3:1.599 P4:1.59799999 STATE:IDLE
[2026-05-16 05:10:11Z] CHK MOM:-0.03% RANGE:0.03% UP:0% SPREAD:0.12515644% BID:1.598 ASK:1.6 MID:1.599 P1:1.599 P2:1.5995 P3:1.599 P4:1.59799999 STATE:IDLE
[2026-05-16 05:10:12Z] CHK MOM:-0.03% RANGE:0.03% UP:0% SPREAD:0.12515644% BID:1.598 ASK:1.6 MID:1.599 P1:1.599 P2:1.5995 P3:1.599 P4:1.59799999 STATE:IDLE
[2026-05-16 05:10:12Z] CHK MOM:-0.03% RANGE:0.03% UP:0% SPREAD:0.12515644% BID:1.598 ASK:1.6 MID:1.599 P1:1.599 P2:1.5995 P3:1.599 P4:1.59799999 STATE:IDLE
[2026-05-16 05:10:13Z] CHK MOM:0% RANGE:0.03% UP:50% SPREAD:0.06253908% BID:1.599 ASK:1.6 MID:1.5995 P1:1.5995 P2:1.599 P3:1.5995 P4:1.599 STATE:IDLE
[2026-05-16 05:10:14Z] CHK MOM:0.03% RANGE:0.06% UP:66.66% SPREAD:0.12507817% BID:1.599 ASK:1.601 MID:1.6 P1:1.6 P2:1.5995 P3:1.599 P4:1.5995 STATE:IDLE
[2026-05-16 05:10:14Z] CHK MOM:-0.03% RANGE:0.06% UP:50% SPREAD:0.12515644% BID:1.598 ASK:1.6 MID:1.599 P1:1.599 P2:1.6 P3:1.5995 P4:1.599 STATE:IDLE
[2026-05-16 05:10:15Z] CHK MOM:-0.03% RANGE:0.06% UP:40% SPREAD:0.12515644% BID:1.598 ASK:1.6 MID:1.599 P1:1.599 P2:1.599 P3:1.6 P4:1.5995 STATE:IDLE
[2026-05-16 05:10:15Z] CHK MOM:-0.03% RANGE:0.06% UP:33.33% SPREAD:0.12515644% BID:1.598 ASK:1.6 MID:1.599 P1:1.599 P2:1.599 P3:1.599 P4:1.6 STATE:IDLE
[2026-05-16 05:10:16Z] CHK MOM:-0.03% RANGE:0.06% UP:33.33% SPREAD:0.12515644% BID:1.598 ASK:1.6 MID:1.599 P1:1.599 P2:1.599 P3:1.599 P4:1.6 STATE:IDLE
[2026-05-16 05:10:16Z] CHK MOM:-0.03% RANGE:0.06% UP:33.33% SPREAD:0.12515644% BID:1.598 ASK:1.6 MID:1.599 P1:1.599 P2:1.599 P3:1.599 P4:1.6 STATE:IDLE
[2026-05-16 05:10:17Z] CHK MOM:-0.03% RANGE:0.06% UP:33.33% SPREAD:0.12515644% BID:1.598 ASK:1.6 MID:1.599 P1:1.599 P2:1.599 P3:1.599 P4:1.6 STATE:IDLE
[2026-05-16 05:10:17Z] CHK MOM:-0.09% RANGE:0.12% UP:28.57% SPREAD:0.12523481% BID:1.597 ASK:1.599 MID:1.59799999 P1:1.59799999 P2:1.599 P3:1.599 P4:1.599 STATE:IDLE
[2026-05-16 05:10:18Z] CHK MOM:-0.09% RANGE:0.12% UP:28.57% SPREAD:0.12523481% BID:1.597 ASK:1.599 MID:1.59799999 P1:1.59799999 P2:1.599 P3:1.599 P4:1.599 STATE:IDLE
[2026-05-16 05:10:19Z] CHK MOM:-0.09% RANGE:0.12% UP:28.57% SPREAD:0.12523481% BID:1.597 ASK:1.599 MID:1.59799999 P1:1.59799999 P2:1.599 P3:1.599 P4:1.599 STATE:IDLE
[2026-05-16 05:10:19Z] CHK MOM:-0.03% RANGE:0.12% UP:37.5% SPREAD:0.12515644% BID:1.598 ASK:1.6 MID:1.599 P1:1.599 P2:1.59799999 P3:1.599 P4:1.599 STATE:IDLE
[2026-05-16 05:10:20Z] CHK MOM:-0.03% RANGE:0.12% UP:33.33% SPREAD:0.12515644% BID:1.598 ASK:1.6 MID:1.599 P1:1.599 P2:1.599 P3:1.59799999 P4:1.599 STATE:IDLE
[2026-05-16 05:10:20Z] CHK MOM:0% RANGE:0.12% UP:33.33% SPREAD:0.12515644% BID:1.598 ASK:1.6 MID:1.599 P1:1.599 P2:1.599 P3:1.599 P4:1.59799999 STATE:IDLE
[2026-05-16 05:10:21Z] CHK MOM:0% RANGE:0.12% UP:33.33% SPREAD:0.12515644% BID:1.598 ASK:1.6 MID:1.599 P1:1.599 P2:1.599 P3:1.599 P4:1.59799999 STATE:IDLE
[2026-05-16 05:10:21Z] CHK MOM:0% RANGE:0.12% UP:33.33% SPREAD:0.12515644% BID:1.598 ASK:1.6 MID:1.599 P1:1.599 P2:1.599 P3:1.599 P4:1.59799999 STATE:IDLE
[2026-05-16 05:10:22Z] CHK MOM:0% RANGE:0.12% UP:33.33% SPREAD:0.12515644% BID:1.598 ASK:1.6 MID:1.599 P1:1.599 P2:1.599 P3:1.599 P4:1.59799999 STATE:IDLE
[2026-05-16 05:10:22Z] CHK MOM:0% RANGE:0.12% UP:33.33% SPREAD:0.12515644% BID:1.598 ASK:1.6 MID:1.599 P1:1.599 P2:1.599 P3:1.599 P4:1.59799999 STATE:IDLE
[2026-05-16 05:10:23Z] CHK MOM:0% RANGE:0.12% UP:33.33% SPREAD:0.12515644% BID:1.598 ASK:1.6 MID:1.599 P1:1.599 P2:1.599 P3:1.599 P4:1.59799999 STATE:IDLE
[2026-05-16 05:10:23Z] CHK MOM:-0.03% RANGE:0.12% UP:22.22% SPREAD:0.12515644% BID:1.598 ASK:1.6 MID:1.599 P1:1.599 P2:1.599 P3:1.599 P4:1.599 STATE:IDLE
[2026-05-16 05:10:24Z] CHK MOM:-0.03% RANGE:0.12% UP:20% SPREAD:0.12515644% BID:1.598 ASK:1.6 MID:1.599 P1:1.599 P2:1.599 P3:1.599 P4:1.599 STATE:IDLE
[2026-05-16 05:10:25Z] CHK MOM:-0.25% RANGE:0.25% UP:10% SPREAD:0.12539184% BID:1.595 ASK:1.597 MID:1.596 P1:1.596 P2:1.599 P3:1.599 P4:1.599 STATE:IDLE
[2026-05-16 05:10:25Z] CHK MOM:-0.15% RANGE:0.18% UP:20% SPREAD:0.18808777% BID:1.595 ASK:1.598 MID:1.5965 P1:1.5965 P2:1.596 P3:1.599 P4:1.599 STATE:IDLE
[2026-05-16 05:10:26Z] CHK MOM:-0.18% RANGE:0.18% UP:18.18% SPREAD:0.12539184% BID:1.595 ASK:1.597 MID:1.596 P1:1.596 P2:1.5965 P3:1.596 P4:1.599 STATE:IDLE
[2026-05-16 05:10:26Z] CHK MOM:-0.18% RANGE:0.18% UP:18.18% SPREAD:0.12539184% BID:1.595 ASK:1.597 MID:1.596 P1:1.596 P2:1.5965 P3:1.596 P4:1.599 STATE:IDLE
[2026-05-16 05:10:27Z] CHK MOM:-0.18% RANGE:0.18% UP:18.18% SPREAD:0.12539184% BID:1.595 ASK:1.597 MID:1.596 P1:1.596 P2:1.5965 P3:1.596 P4:1.599 STATE:IDLE
[2026-05-16 05:10:27Z] CHK MOM:-0.12% RANGE:0.18% UP:22.22% SPREAD:0.12539184% BID:1.595 ASK:1.597 MID:1.596 P1:1.596 P2:1.596 P3:1.5965 P4:1.596 STATE:IDLE
[2026-05-16 05:10:28Z] CHK MOM:-0.15% RANGE:0.21% UP:20% SPREAD:0.06269592% BID:1.595 ASK:1.596 MID:1.5955 P1:1.5955 P2:1.596 P3:1.596 P4:1.5965 STATE:IDLE
[2026-05-16 05:10:28Z] TOKEN_SWITCH old=ORCAUSDC new=TONUSDC source=.service.env
[2026-05-16 05:16:59Z] SESSION_START symbol=ORCAUSDC dry_run=0 profile=major strategy=momentum base_url=https://api.binance.com
[2026-05-16 05:16:59Z] TOXIC_MEMORY_LOADED count=1 symbols=ORDIUSDC
[2026-05-16 05:17:02Z] CHK MOM:0% RANGE:0% UP:0% SPREAD:0.12594458% BID:1.588 ASK:1.59 MID:1.589 P1:1.589 P2:NA P3:NA P4:NA STATE:IDLE
[2026-05-16 05:17:02Z] CHK MOM:0% RANGE:0% UP:0% SPREAD:0.12594458% BID:1.588 ASK:1.59 MID:1.589 P1:1.589 P2:NA P3:NA P4:NA STATE:IDLE
[2026-05-16 05:17:03Z] CHK MOM:0% RANGE:0% UP:0% SPREAD:0.12594458% BID:1.588 ASK:1.59 MID:1.589 P1:1.589 P2:NA P3:NA P4:NA STATE:IDLE
[2026-05-16 05:17:03Z] CHK MOM:0% RANGE:0% UP:0% SPREAD:0.12594458% BID:1.588 ASK:1.59 MID:1.589 P1:1.589 P2:NA P3:NA P4:NA STATE:IDLE
[2026-05-16 05:17:04Z] CHK MOM:0% RANGE:0% UP:0% SPREAD:0.12594458% BID:1.588 ASK:1.59 MID:1.589 P1:1.589 P2:NA P3:NA P4:NA STATE:IDLE
[2026-05-16 05:17:05Z] CHK MOM:0.03% RANGE:0.03% UP:100% SPREAD:0.06293266% BID:1.589 ASK:1.59 MID:1.5895 P1:1.5895 P2:1.589 P3:NA P4:NA STATE:IDLE
[2026-05-16 05:17:05Z] CHK MOM:0.03% RANGE:0.03% UP:50% SPREAD:0.06293266% BID:1.589 ASK:1.59 MID:1.5895 P1:1.5895 P2:1.5895 P3:1.589 P4:NA STATE:IDLE
[2026-05-16 05:17:06Z] CHK MOM:0.03% RANGE:0.03% UP:33.33% SPREAD:0.06293266% BID:1.589 ASK:1.59 MID:1.5895 P1:1.5895 P2:1.5895 P3:1.5895 P4:1.589 STATE:IDLE
[2026-05-16 05:17:06Z] CHK MOM:0.03% RANGE:0.03% UP:25% SPREAD:0.06293266% BID:1.589 ASK:1.59 MID:1.5895 P1:1.5895 P2:1.5895 P3:1.5895 P4:1.5895 STATE:IDLE
[2026-05-16 05:17:07Z] CHK MOM:0.03% RANGE:0.03% UP:25% SPREAD:0.06293266% BID:1.589 ASK:1.59 MID:1.5895 P1:1.5895 P2:1.5895 P3:1.5895 P4:1.5895 STATE:IDLE
[2026-05-16 05:17:08Z] CHK MOM:0.03% RANGE:0.03% UP:20% SPREAD:0.06293266% BID:1.589 ASK:1.59 MID:1.5895 P1:1.5895 P2:1.5895 P3:1.5895 P4:1.5895 STATE:IDLE
[2026-05-16 05:17:08Z] CHK MOM:0.03% RANGE:0.03% UP:16.66% SPREAD:0.06293266% BID:1.589 ASK:1.59 MID:1.5895 P1:1.5895 P2:1.5895 P3:1.5895 P4:1.5895 STATE:IDLE
[2026-05-16 05:17:09Z] CHK MOM:0.03% RANGE:0.03% UP:14.28% SPREAD:0.06293266% BID:1.589 ASK:1.59 MID:1.5895 P1:1.5895 P2:1.5895 P3:1.5895 P4:1.5895 STATE:IDLE
[2026-05-16 05:17:09Z] CHK MOM:0.03% RANGE:0.03% UP:12.5% SPREAD:0.06293266% BID:1.589 ASK:1.59 MID:1.5895 P1:1.5895 P2:1.5895 P3:1.5895 P4:1.5895 STATE:IDLE
[2026-05-16 05:17:10Z] CHK MOM:0.03% RANGE:0.03% UP:12.5% SPREAD:0.06293266% BID:1.589 ASK:1.59 MID:1.5895 P1:1.5895 P2:1.5895 P3:1.5895 P4:1.5895 STATE:IDLE
[2026-05-16 05:17:10Z] CHK MOM:0.03% RANGE:0.03% UP:11.11% SPREAD:0.06293266% BID:1.589 ASK:1.59 MID:1.5895 P1:1.5895 P2:1.5895 P3:1.5895 P4:1.5895 STATE:IDLE
[2026-05-16 05:17:11Z] CHK MOM:0.03% RANGE:0.03% UP:11.11% SPREAD:0.06293266% BID:1.589 ASK:1.59 MID:1.5895 P1:1.5895 P2:1.5895 P3:1.5895 P4:1.5895 STATE:IDLE
[2026-05-16 05:17:11Z] CHK MOM:0.03% RANGE:0.03% UP:10% SPREAD:0.06293266% BID:1.589 ASK:1.59 MID:1.5895 P1:1.5895 P2:1.5895 P3:1.5895 P4:1.5895 STATE:IDLE
[2026-05-16 05:17:12Z] CHK MOM:0.03% RANGE:0.03% UP:10% SPREAD:0.06293266% BID:1.589 ASK:1.59 MID:1.5895 P1:1.5895 P2:1.5895 P3:1.5895 P4:1.5895 STATE:IDLE
[2026-05-16 05:17:13Z] CHK MOM:0% RANGE:0.03% UP:9.09% SPREAD:0.12594458% BID:1.588 ASK:1.59 MID:1.589 P1:1.589 P2:1.5895 P3:1.5895 P4:1.5895 STATE:IDLE
[2026-05-16 05:17:13Z] CHK MOM:0.06% RANGE:0.06% UP:16.66% SPREAD:0.12586532% BID:1.589 ASK:1.591 MID:1.58999999 P1:1.58999999 P2:1.589 P3:1.5895 P4:1.5895 STATE:IDLE
[2026-05-16 05:17:14Z] CHK MOM:0.03% RANGE:0.06% UP:8.33% SPREAD:0.12586532% BID:1.589 ASK:1.591 MID:1.58999999 P1:1.58999999 P2:1.58999999 P3:1.589 P4:1.5895 STATE:IDLE
[2026-05-16 05:17:14Z] CHK MOM:0.03% RANGE:0.06% UP:8.33% SPREAD:0.12586532% BID:1.589 ASK:1.591 MID:1.58999999 P1:1.58999999 P2:1.58999999 P3:1.589 P4:1.5895 STATE:IDLE
[2026-05-16 05:17:15Z] CHK MOM:0.03% RANGE:0.06% UP:8.33% SPREAD:0.12586532% BID:1.589 ASK:1.591 MID:1.58999999 P1:1.58999999 P2:1.58999999 P3:1.589 P4:1.5895 STATE:IDLE
[2026-05-16 05:17:15Z] CHK MOM:0.03% RANGE:0.06% UP:8.33% SPREAD:0.12586532% BID:1.589 ASK:1.591 MID:1.58999999 P1:1.58999999 P2:1.58999999 P3:1.589 P4:1.5895 STATE:IDLE
[2026-05-16 05:17:16Z] CHK MOM:0.06% RANGE:0.09% UP:15.38% SPREAD:0.06289308% BID:1.59 ASK:1.591 MID:1.5905 P1:1.5905 P2:1.58999999 P3:1.58999999 P4:1.589 STATE:IDLE
[2026-05-16 05:17:16Z] CHK MOM:0.06% RANGE:0.09% UP:15.38% SPREAD:0.06289308% BID:1.59 ASK:1.591 MID:1.5905 P1:1.5905 P2:1.58999999 P3:1.58999999 P4:1.589 STATE:IDLE
[2026-05-16 05:17:17Z] CHK MOM:0.03% RANGE:0.09% UP:15.38% SPREAD:0.12586532% BID:1.589 ASK:1.591 MID:1.58999999 P1:1.58999999 P2:1.5905 P3:1.58999999 P4:1.58999999 STATE:IDLE
[2026-05-16 05:17:18Z] CHK MOM:0.03% RANGE:0.09% UP:15.38% SPREAD:0.12586532% BID:1.589 ASK:1.591 MID:1.58999999 P1:1.58999999 P2:1.5905 P3:1.58999999 P4:1.58999999 STATE:IDLE
[2026-05-16 05:17:18Z] CHK MOM:0.06% RANGE:0.09% UP:25% SPREAD:0.06289308% BID:1.59 ASK:1.591 MID:1.5905 P1:1.5905 P2:1.58999999 P3:1.5905 P4:1.58999999 STATE:IDLE
[2026-05-16 05:17:19Z] CHK MOM:0.06% RANGE:0.09% UP:25% SPREAD:0.06289308% BID:1.59 ASK:1.591 MID:1.5905 P1:1.5905 P2:1.58999999 P3:1.5905 P4:1.58999999 STATE:IDLE
[2026-05-16 05:17:19Z] CHK MOM:0.15% RANGE:0.18% UP:33.33% SPREAD:0.1257071% BID:1.591 ASK:1.593 MID:1.592 P1:1.592 P2:1.5905 P3:1.58999999 P4:1.5905 STATE:IDLE
[2026-05-16 05:17:20Z] CHK MOM:0.15% RANGE:0.18% UP:33.33% SPREAD:0.1257071% BID:1.591 ASK:1.593 MID:1.592 P1:1.592 P2:1.5905 P3:1.58999999 P4:1.5905 STATE:IDLE
[2026-05-16 05:17:20Z] CHK MOM:0.18% RANGE:0.22% UP:41.66% SPREAD:0.06281407% BID:1.592 ASK:1.593 MID:1.5925 P1:1.5925 P2:1.592 P3:1.5905 P4:1.58999999 STATE:IDLE
[2026-05-16 05:17:21Z] CHK MOM:0.18% RANGE:0.22% UP:41.66% SPREAD:0.06281407% BID:1.592 ASK:1.593 MID:1.5925 P1:1.5925 P2:1.592 P3:1.5905 P4:1.58999999 STATE:IDLE
[2026-05-16 05:17:21Z] CHK MOM:0.18% RANGE:0.22% UP:41.66% SPREAD:0.06281407% BID:1.592 ASK:1.593 MID:1.5925 P1:1.5925 P2:1.592 P3:1.5905 P4:1.58999999 STATE:IDLE
[2026-05-16 05:17:22Z] CHK MOM:0.15% RANGE:0.22% UP:50% SPREAD:0.1257071% BID:1.591 ASK:1.593 MID:1.592 P1:1.592 P2:1.5925 P3:1.592 P4:1.5905 STATE:IDLE
[2026-05-16 05:17:22Z] CHK MOM:0.15% RANGE:0.22% UP:45.45% SPREAD:0.1257071% BID:1.591 ASK:1.593 MID:1.592 P1:1.592 P2:1.592 P3:1.5925 P4:1.592 STATE:IDLE
[2026-05-16 05:17:23Z] CHK MOM:0.15% RANGE:0.22% UP:45.45% SPREAD:0.1257071% BID:1.591 ASK:1.593 MID:1.592 P1:1.592 P2:1.592 P3:1.5925 P4:1.592 STATE:IDLE
[2026-05-16 05:17:24Z] CHK MOM:0.15% RANGE:0.22% UP:45.45% SPREAD:0.1257071% BID:1.591 ASK:1.593 MID:1.592 P1:1.592 P2:1.592 P3:1.5925 P4:1.592 STATE:IDLE
[2026-05-16 05:17:24Z] CHK MOM:0.18% RANGE:0.22% UP:50% SPREAD:0.1257071% BID:1.591 ASK:1.593 MID:1.592 P1:1.592 P2:1.592 P3:1.592 P4:1.5925 STATE:IDLE
[2026-05-16 05:17:25Z] CHK MOM:0.18% RANGE:0.22% UP:50% SPREAD:0.1257071% BID:1.591 ASK:1.593 MID:1.592 P1:1.592 P2:1.592 P3:1.592 P4:1.5925 STATE:IDLE
[2026-05-16 05:17:25Z] CHK MOM:0.12% RANGE:0.15% UP:44.44% SPREAD:0.1257071% BID:1.591 ASK:1.593 MID:1.592 P1:1.592 P2:1.592 P3:1.592 P4:1.592 STATE:IDLE
[2026-05-16 05:17:26Z] CHK MOM:0.15% RANGE:0.15% UP:50% SPREAD:0.06281407% BID:1.592 ASK:1.593 MID:1.5925 P1:1.5925 P2:1.592 P3:1.592 P4:1.592 STATE:IDLE
[2026-05-16 05:17:26Z] CHK MOM:0.09% RANGE:0.15% UP:40% SPREAD:0.1257071% BID:1.591 ASK:1.593 MID:1.592 P1:1.592 P2:1.5925 P3:1.592 P4:1.592 STATE:IDLE
[2026-05-16 05:17:27Z] CHK MOM:0.56% RANGE:0.59% UP:45.45% SPREAD:0.06253908% BID:1.599 ASK:1.6 MID:1.5995 P1:1.5995 P2:1.592 P3:1.5925 P4:1.592 STATE:IDLE
[2026-05-16 05:17:27Z] CHK MOM:0.56% RANGE:0.59% UP:41.66% SPREAD:0.06253908% BID:1.599 ASK:1.6 MID:1.5995 P1:1.5995 P2:1.5995 P3:1.592 P4:1.5925 STATE:IDLE
[2026-05-16 05:17:28Z] BURST_TRIGGER ret=0.5028% need=0.2502% vel=0.4934%/s eff=1.000 pressure=999.00 drop=0.0000% dt=1.019s
[2026-05-16 05:17:29Z] BUY symbol=ORCAUSDC qty=5.97 entry=1.6 mode=BURST reason=BURST ret=0.5028% vel=0.4934%/s eff=1.000 pressure=999.00 drop=0.0000% P1=1.5995 P2=1.5995 P3=1.592 P4=1.5925
[2026-05-16 05:17:30Z] CHK MOM:0.53% RANGE:0.56% UP:36.36% SPREAD:0.12515644% BID:1.598 ASK:1.6 MID:1.599 P1:1.599 P2:1.5995 P3:1.5995 P4:1.592 STATE:IN_POS
[2026-05-16 05:17:30Z] CHK MOM:0.59% RANGE:0.59% UP:41.66% SPREAD:0.12507817% BID:1.599 ASK:1.601 MID:1.6 P1:1.6 P2:1.599 P3:1.5995 P4:1.5995 STATE:IN_POS
[2026-05-16 05:17:31Z] CHK MOM:0.53% RANGE:0.53% UP:41.66% SPREAD:0.06249999% BID:1.6 ASK:1.601 MID:1.6005 P1:1.6005 P2:1.6 P3:1.599 P4:1.5995 STATE:IN_POS
[2026-05-16 05:17:31Z] CHK MOM:0.53% RANGE:0.53% UP:41.66% SPREAD:0.06249999% BID:1.6 ASK:1.601 MID:1.6005 P1:1.6005 P2:1.6 P3:1.599 P4:1.5995 STATE:IN_POS
[2026-05-16 05:17:32Z] CHK MOM:0.53% RANGE:0.53% UP:41.66% SPREAD:0.06249999% BID:1.6 ASK:1.601 MID:1.6005 P1:1.6005 P2:1.6 P3:1.599 P4:1.5995 STATE:IN_POS
[2026-05-16 05:17:32Z] CHK MOM:0.5% RANGE:0.53% UP:33.33% SPREAD:0.06249999% BID:1.6 ASK:1.601 MID:1.6005 P1:1.6005 P2:1.6005 P3:1.6 P4:1.599 STATE:IN_POS
[2026-05-16 05:17:33Z] CHK MOM:0.47% RANGE:0.53% UP:30.76% SPREAD:0.12507817% BID:1.599 ASK:1.601 MID:1.6 P1:1.6 P2:1.6005 P3:1.6005 P4:1.6 STATE:IN_POS
[2026-05-16 05:17:33Z] CHK MOM:0.53% RANGE:0.53% UP:38.46% SPREAD:0.06249999% BID:1.6 ASK:1.601 MID:1.6005 P1:1.6005 P2:1.6 P3:1.6005 P4:1.6005 STATE:IN_POS
[2026-05-16 05:17:34Z] CHK MOM:0.53% RANGE:0.53% UP:35.71% SPREAD:0.06249999% BID:1.6 ASK:1.601 MID:1.6005 P1:1.6005 P2:1.6005 P3:1.6 P4:1.6005 STATE:IN_POS
[2026-05-16 05:17:34Z] CHK MOM:0.53% RANGE:0.53% UP:35.71% SPREAD:0.06249999% BID:1.6 ASK:1.601 MID:1.6005 P1:1.6005 P2:1.6005 P3:1.6 P4:1.6005 STATE:IN_POS
[2026-05-16 05:17:35Z] CHK MOM:0.53% RANGE:0.53% UP:35.71% SPREAD:0.06249999% BID:1.6 ASK:1.601 MID:1.6005 P1:1.6005 P2:1.6005 P3:1.6 P4:1.6005 STATE:IN_POS
[2026-05-16 05:17:36Z] CHK MOM:0.53% RANGE:0.53% UP:35.71% SPREAD:0.06249999% BID:1.6 ASK:1.601 MID:1.6005 P1:1.6005 P2:1.6005 P3:1.6 P4:1.6005 STATE:IN_POS
[2026-05-16 05:17:36Z] CHK MOM:0.53% RANGE:0.53% UP:38.46% SPREAD:0.06249999% BID:1.6 ASK:1.601 MID:1.6005 P1:1.6005 P2:1.6005 P3:1.6005 P4:1.6 STATE:IN_POS
[2026-05-16 05:17:37Z] CHK MOM:0.53% RANGE:0.53% UP:35.71% SPREAD:0.06249999% BID:1.6 ASK:1.601 MID:1.6005 P1:1.6005 P2:1.6005 P3:1.6005 P4:1.6005 STATE:IN_POS
[2026-05-16 05:17:37Z] CHK MOM:0.53% RANGE:0.53% UP:35.71% SPREAD:0.06249999% BID:1.6 ASK:1.601 MID:1.6005 P1:1.6005 P2:1.6005 P3:1.6005 P4:1.6005 STATE:IN_POS
[2026-05-16 05:17:38Z] CHK MOM:0.53% RANGE:0.53% UP:35.71% SPREAD:0.06249999% BID:1.6 ASK:1.601 MID:1.6005 P1:1.6005 P2:1.6005 P3:1.6005 P4:1.6005 STATE:IN_POS
[2026-05-16 05:17:38Z] BURST_HANDOFF age=8.48s ext=0.0000% loss=0.0000% peak=1.60000000 stop=1.58700000 protect=0 trail=0
[2026-05-16 05:17:38Z] CHK MOM:0.53% RANGE:0.53% UP:35.71% SPREAD:0.06249999% BID:1.6 ASK:1.601 MID:1.6005 P1:1.6005 P2:1.6005 P3:1.6005 P4:1.6005 STATE:IN_POS
[2026-05-16 05:17:39Z] CHK MOM:0.53% RANGE:0.53% UP:35.71% SPREAD:0.06249999% BID:1.6 ASK:1.601 MID:1.6005 P1:1.6005 P2:1.6005 P3:1.6005 P4:1.6005 STATE:IN_POS
[2026-05-16 05:17:39Z] CHK MOM:0.12% RANGE:0.15% UP:36.36% SPREAD:0.06246096% BID:1.601 ASK:1.602 MID:1.6015 P1:1.6015 P2:1.6005 P3:1.6005 P4:1.6005 STATE:IN_POS
[2026-05-16 05:17:40Z] CHK MOM:0.12% RANGE:0.15% UP:36.36% SPREAD:0.06246096% BID:1.601 ASK:1.602 MID:1.6015 P1:1.6015 P2:1.6005 P3:1.6005 P4:1.6005 STATE:IN_POS
[2026-05-16 05:17:41Z] CHK MOM:0.12% RANGE:0.15% UP:36.36% SPREAD:0.125% BID:1.6 ASK:1.602 MID:1.601 P1:1.601 P2:1.6015 P3:1.6005 P4:1.6005 STATE:IN_POS
[2026-05-16 05:17:41Z] CHK MOM:0.12% RANGE:0.15% UP:33.33% SPREAD:0.125% BID:1.6 ASK:1.602 MID:1.601 P1:1.601 P2:1.601 P3:1.6015 P4:1.6005 STATE:IN_POS
[2026-05-16 05:17:42Z] CHK MOM:0.12% RANGE:0.15% UP:33.33% SPREAD:0.125% BID:1.6 ASK:1.602 MID:1.601 P1:1.601 P2:1.601 P3:1.6015 P4:1.6005 STATE:IN_POS
[2026-05-16 05:17:42Z] CHK MOM:0.06% RANGE:0.09% UP:25% SPREAD:0.125% BID:1.6 ASK:1.602 MID:1.601 P1:1.601 P2:1.601 P3:1.601 P4:1.6015 STATE:IN_POS
[2026-05-16 05:17:43Z] CHK MOM:0.03% RANGE:0.09% UP:18.18% SPREAD:0.125% BID:1.6 ASK:1.602 MID:1.601 P1:1.601 P2:1.601 P3:1.601 P4:1.601 STATE:IN_POS
[2026-05-16 05:17:44Z] CHK MOM:0% RANGE:0.09% UP:16.66% SPREAD:0.18761726% BID:1.599 ASK:1.602 MID:1.6005 P1:1.6005 P2:1.601 P3:1.601 P4:1.601 STATE:IN_POS
[2026-05-16 05:17:44Z] CHK MOM:-0.09% RANGE:0.15% UP:9.09% SPREAD:0.12515644% BID:1.598 ASK:1.6 MID:1.599 P1:1.599 P2:1.6005 P3:1.601 P4:1.601 STATE:IN_POS
[2026-05-16 05:17:45Z] CHK MOM:-0.09% RANGE:0.15% UP:9.09% SPREAD:0.12515644% BID:1.598 ASK:1.6 MID:1.599 P1:1.599 P2:1.599 P3:1.6005 P4:1.601 STATE:IN_POS
[2026-05-16 05:17:46Z] CHK MOM:-0.09% RANGE:0.15% UP:9.09% SPREAD:0.12515644% BID:1.598 ASK:1.6 MID:1.599 P1:1.599 P2:1.599 P3:1.6005 P4:1.601 STATE:IN_POS
[2026-05-16 05:17:46Z] CHK MOM:-0.09% RANGE:0.15% UP:9.09% SPREAD:0.12515644% BID:1.598 ASK:1.6 MID:1.599 P1:1.599 P2:1.599 P3:1.6005 P4:1.601 STATE:IN_POS
[2026-05-16 05:17:47Z] CHK MOM:-0.09% RANGE:0.15% UP:9.09% SPREAD:0.12515644% BID:1.598 ASK:1.6 MID:1.599 P1:1.599 P2:1.599 P3:1.6005 P4:1.601 STATE:IN_POS
[2026-05-16 05:17:47Z] CHK MOM:-0.09% RANGE:0.15% UP:9.09% SPREAD:0.12515644% BID:1.598 ASK:1.6 MID:1.599 P1:1.599 P2:1.599 P3:1.599 P4:1.6005 STATE:IN_POS
[2026-05-16 05:17:48Z] CHK MOM:-0.09% RANGE:0.15% UP:8.33% SPREAD:0.12515644% BID:1.598 ASK:1.6 MID:1.599 P1:1.599 P2:1.599 P3:1.599 P4:1.599 STATE:IN_POS
[2026-05-16 05:17:48Z] CHK MOM:-0.09% RANGE:0.15% UP:8.33% SPREAD:0.12515644% BID:1.598 ASK:1.6 MID:1.599 P1:1.599 P2:1.599 P3:1.599 P4:1.599 STATE:IN_POS
[2026-05-16 05:17:49Z] CHK MOM:-0.09% RANGE:0.15% UP:8.33% SPREAD:0.12515644% BID:1.598 ASK:1.6 MID:1.599 P1:1.599 P2:1.599 P3:1.599 P4:1.599 STATE:IN_POS
[2026-05-16 05:17:49Z] CHK MOM:-0.18% RANGE:0.18% UP:0% SPREAD:0.18785222% BID:1.597 ASK:1.6 MID:1.5985 P1:1.5985 P2:1.599 P3:1.599 P4:1.599 STATE:IN_POS
[2026-05-16 05:17:50Z] CHK MOM:-0.15% RANGE:0.18% UP:9.09% SPREAD:0.12515644% BID:1.598 ASK:1.6 MID:1.599 P1:1.599 P2:1.5985 P3:1.599 P4:1.599 STATE:IN_POS
[2026-05-16 05:17:50Z] CHK MOM:-0.15% RANGE:0.18% UP:9.09% SPREAD:0.12515644% BID:1.598 ASK:1.6 MID:1.599 P1:1.599 P2:1.5985 P3:1.599 P4:1.599 STATE:IN_POS
[2026-05-16 05:17:51Z] CHK MOM:-0.15% RANGE:0.18% UP:9.09% SPREAD:0.12515644% BID:1.598 ASK:1.6 MID:1.599 P1:1.599 P2:1.5985 P3:1.599 P4:1.599 STATE:IN_POS
[2026-05-16 05:17:52Z] CHK MOM:-0.15% RANGE:0.18% UP:9.09% SPREAD:0.12515644% BID:1.598 ASK:1.6 MID:1.599 P1:1.599 P2:1.5985 P3:1.599 P4:1.599 STATE:IN_POS
[2026-05-16 05:17:52Z] CHK MOM:-0.15% RANGE:0.18% UP:9.09% SPREAD:0.12515644% BID:1.598 ASK:1.6 MID:1.599 P1:1.599 P2:1.5985 P3:1.599 P4:1.599 STATE:IN_POS
[2026-05-16 05:17:53Z] CHK MOM:-0.12% RANGE:0.15% UP:11.11% SPREAD:0.12515644% BID:1.598 ASK:1.6 MID:1.599 P1:1.599 P2:1.599 P3:1.5985 P4:1.599 STATE:IN_POS
[2026-05-16 05:17:54Z] CHK MOM:-0.12% RANGE:0.15% UP:10% SPREAD:0.12515644% BID:1.598 ASK:1.6 MID:1.599 P1:1.599 P2:1.599 P3:1.599 P4:1.5985 STATE:IN_POS
[2026-05-16 05:17:54Z] CHK MOM:-0.12% RANGE:0.15% UP:10% SPREAD:0.12515644% BID:1.598 ASK:1.6 MID:1.599 P1:1.599 P2:1.599 P3:1.599 P4:1.5985 STATE:IN_POS
[2026-05-16 05:17:55Z] CHK MOM:-0.12% RANGE:0.15% UP:10% SPREAD:0.12515644% BID:1.598 ASK:1.6 MID:1.599 P1:1.599 P2:1.599 P3:1.599 P4:1.5985 STATE:IN_POS
[2026-05-16 05:17:55Z] CHK MOM:-0.12% RANGE:0.15% UP:10% SPREAD:0.12515644% BID:1.598 ASK:1.6 MID:1.599 P1:1.599 P2:1.599 P3:1.599 P4:1.5985 STATE:IN_POS
[2026-05-16 05:17:56Z] CHK MOM:-0.06% RANGE:0.12% UP:22.22% SPREAD:0.06253908% BID:1.599 ASK:1.6 MID:1.5995 P1:1.5995 P2:1.599 P3:1.599 P4:1.599 STATE:IN_POS
[2026-05-16 05:17:57Z] CHK MOM:-0.06% RANGE:0.12% UP:22.22% SPREAD:0.06253908% BID:1.599 ASK:1.6 MID:1.5995 P1:1.5995 P2:1.599 P3:1.599 P4:1.599 STATE:IN_POS
[2026-05-16 05:17:57Z] CHK MOM:0.03% RANGE:0.06% UP:28.57% SPREAD:0.06253908% BID:1.599 ASK:1.6 MID:1.5995 P1:1.5995 P2:1.5995 P3:1.599 P4:1.599 STATE:IN_POS
[2026-05-16 05:17:58Z] CHK MOM:0.03% RANGE:0.06% UP:28.57% SPREAD:0.06253908% BID:1.599 ASK:1.6 MID:1.5995 P1:1.5995 P2:1.5995 P3:1.599 P4:1.599 STATE:IN_POS
[2026-05-16 05:17:59Z] CHK MOM:0.03% RANGE:0.06% UP:25% SPREAD:0.06253908% BID:1.599 ASK:1.6 MID:1.5995 P1:1.5995 P2:1.5995 P3:1.5995 P4:1.599 STATE:IN_POS
[2026-05-16 05:18:00Z] CHK MOM:0.03% RANGE:0.06% UP:25% SPREAD:0.06253908% BID:1.599 ASK:1.6 MID:1.5995 P1:1.5995 P2:1.5995 P3:1.5995 P4:1.599 STATE:IN_POS
[2026-05-16 05:18:00Z] CHK MOM:0.03% RANGE:0.06% UP:25% SPREAD:0.06253908% BID:1.599 ASK:1.6 MID:1.5995 P1:1.5995 P2:1.5995 P3:1.5995 P4:1.599 STATE:IN_POS
[2026-05-16 05:18:01Z] CHK MOM:0.18% RANGE:0.18% UP:42.85% SPREAD:0.06246096% BID:1.601 ASK:1.602 MID:1.6015 P1:1.6015 P2:1.5995 P3:1.5995 P4:1.5995 STATE:IN_POS
[2026-05-16 05:18:01Z] CHK MOM:0.28% RANGE:0.28% UP:50% SPREAD:0.12484394% BID:1.602 ASK:1.604 MID:1.603 P1:1.603 P2:1.6015 P3:1.5995 P4:1.5995 STATE:IN_POS
[2026-05-16 05:18:02Z] CHK MOM:0.25% RANGE:0.25% UP:37.5% SPREAD:0.12484394% BID:1.602 ASK:1.604 MID:1.603 P1:1.603 P2:1.603 P3:1.6015 P4:1.5995 STATE:IN_POS
[2026-05-16 05:18:03Z] CHK MOM:0.25% RANGE:0.25% UP:37.5% SPREAD:0.12484394% BID:1.602 ASK:1.604 MID:1.603 P1:1.603 P2:1.603 P3:1.6015 P4:1.5995 STATE:IN_POS
[2026-05-16 05:18:03Z] CHK MOM:0.12% RANGE:0.25% UP:37.5% SPREAD:0.125% BID:1.6 ASK:1.602 MID:1.601 P1:1.601 P2:1.603 P3:1.603 P4:1.6015 STATE:IN_POS
[2026-05-16 05:18:04Z] CHK MOM:0.12% RANGE:0.25% UP:37.5% SPREAD:0.125% BID:1.6 ASK:1.602 MID:1.601 P1:1.601 P2:1.603 P3:1.603 P4:1.6015 STATE:IN_POS
[2026-05-16 05:18:04Z] CHK MOM:0.15% RANGE:0.25% UP:44.44% SPREAD:0.06246096% BID:1.601 ASK:1.602 MID:1.6015 P1:1.6015 P2:1.601 P3:1.603 P4:1.603 STATE:IN_POS
[2026-05-16 05:18:05Z] CHK MOM:0.15% RANGE:0.25% UP:40% SPREAD:0.06246096% BID:1.601 ASK:1.602 MID:1.6015 P1:1.6015 P2:1.6015 P3:1.601 P4:1.603 STATE:IN_POS
[2026-05-16 05:18:05Z] CHK MOM:0.15% RANGE:0.25% UP:40% SPREAD:0.06246096% BID:1.601 ASK:1.602 MID:1.6015 P1:1.6015 P2:1.6015 P3:1.601 P4:1.603 STATE:IN_POS
[2026-05-16 05:18:06Z] CHK MOM:0.12% RANGE:0.21% UP:33.33% SPREAD:0.06246096% BID:1.601 ASK:1.602 MID:1.6015 P1:1.6015 P2:1.6015 P3:1.6015 P4:1.601 STATE:IN_POS
[2026-05-16 05:18:06Z] CHK MOM:0.09% RANGE:0.21% UP:30% SPREAD:0.125% BID:1.6 ASK:1.602 MID:1.601 P1:1.601 P2:1.6015 P3:1.6015 P4:1.6015 STATE:IN_POS
[2026-05-16 05:18:07Z] CHK MOM:0.09% RANGE:0.21% UP:30% SPREAD:0.125% BID:1.6 ASK:1.602 MID:1.601 P1:1.601 P2:1.6015 P3:1.6015 P4:1.6015 STATE:IN_POS
[2026-05-16 05:18:08Z] CHK MOM:0.09% RANGE:0.21% UP:30% SPREAD:0.125% BID:1.6 ASK:1.602 MID:1.601 P1:1.601 P2:1.6015 P3:1.6015 P4:1.6015 STATE:IN_POS
[2026-05-16 05:18:08Z] CHK MOM:0.06% RANGE:0.21% UP:27.27% SPREAD:0.06249999% BID:1.6 ASK:1.601 MID:1.6005 P1:1.6005 P2:1.601 P3:1.6015 P4:1.6015 STATE:IN_POS
[2026-05-16 05:18:09Z] CHK MOM:0.06% RANGE:0.21% UP:27.27% SPREAD:0.06249999% BID:1.6 ASK:1.601 MID:1.6005 P1:1.6005 P2:1.601 P3:1.6015 P4:1.6015 STATE:IN_POS
[2026-05-16 05:18:09Z] CHK MOM:0.03% RANGE:0.21% UP:30% SPREAD:0.12507817% BID:1.599 ASK:1.601 MID:1.6 P1:1.6 P2:1.6005 P3:1.601 P4:1.6015 STATE:IN_POS
[2026-05-16 05:18:10Z] CHK MOM:0.03% RANGE:0.21% UP:30% SPREAD:0.12507817% BID:1.599 ASK:1.601 MID:1.6 P1:1.6 P2:1.6005 P3:1.601 P4:1.6015 STATE:IN_POS
[2026-05-16 05:18:10Z] CHK MOM:0.03% RANGE:0.21% UP:30% SPREAD:0.12507817% BID:1.599 ASK:1.601 MID:1.6 P1:1.6 P2:1.6005 P3:1.601 P4:1.6015 STATE:IN_POS
[2026-05-16 05:18:11Z] CHK MOM:0.03% RANGE:0.21% UP:27.27% SPREAD:0.12507817% BID:1.599 ASK:1.601 MID:1.6 P1:1.6 P2:1.6 P3:1.6005 P4:1.601 STATE:IN_POS
[2026-05-16 05:18:11Z] CHK MOM:0.03% RANGE:0.21% UP:27.27% SPREAD:0.12507817% BID:1.599 ASK:1.601 MID:1.6 P1:1.6 P2:1.6 P3:1.6005 P4:1.601 STATE:IN_POS
[2026-05-16 05:18:12Z] CHK MOM:-0.09% RANGE:0.18% UP:18.18% SPREAD:0.12507817% BID:1.599 ASK:1.601 MID:1.6 P1:1.6 P2:1.6 P3:1.6 P4:1.6005 STATE:IN_POS
[2026-05-16 05:18:12Z] CHK MOM:-0.09% RANGE:0.18% UP:16.66% SPREAD:0.12507817% BID:1.599 ASK:1.601 MID:1.6 P1:1.6 P2:1.6 P3:1.6 P4:1.6 STATE:IN_POS
[2026-05-16 05:18:13Z] CHK MOM:-0.09% RANGE:0.18% UP:16.66% SPREAD:0.12507817% BID:1.599 ASK:1.601 MID:1.6 P1:1.6 P2:1.6 P3:1.6 P4:1.6 STATE:IN_POS
[2026-05-16 05:18:15Z] CHK MOM:-0.03% RANGE:0.09% UP:20% SPREAD:0.06249999% BID:1.6 ASK:1.601 MID:1.6005 P1:1.6005 P2:1.6 P3:1.6 P4:1.6 STATE:IN_POS
[2026-05-16 05:18:15Z] CHK MOM:-0.03% RANGE:0.09% UP:20% SPREAD:0.06249999% BID:1.6 ASK:1.601 MID:1.6005 P1:1.6005 P2:1.6 P3:1.6 P4:1.6 STATE:IN_POS
[2026-05-16 05:18:16Z] CHK MOM:-0.03% RANGE:0.09% UP:20% SPREAD:0.06249999% BID:1.6 ASK:1.601 MID:1.6005 P1:1.6005 P2:1.6 P3:1.6 P4:1.6 STATE:IN_POS
[2026-05-16 05:18:16Z] CHK MOM:0% RANGE:0.09% UP:20% SPREAD:0.06246096% BID:1.601 ASK:1.602 MID:1.6015 P1:1.6015 P2:1.6005 P3:1.6 P4:1.6 STATE:IN_POS
[2026-05-16 05:18:17Z] CHK MOM:0% RANGE:0.09% UP:20% SPREAD:0.06246096% BID:1.601 ASK:1.602 MID:1.6015 P1:1.6015 P2:1.6005 P3:1.6 P4:1.6 STATE:IN_POS
[2026-05-16 05:18:17Z] CHK MOM:0% RANGE:0.09% UP:22.22% SPREAD:0.06246096% BID:1.601 ASK:1.602 MID:1.6015 P1:1.6015 P2:1.6015 P3:1.6005 P4:1.6 STATE:IN_POS
[2026-05-16 05:18:18Z] CHK MOM:0% RANGE:0.09% UP:22.22% SPREAD:0.06246096% BID:1.601 ASK:1.602 MID:1.6015 P1:1.6015 P2:1.6015 P3:1.6005 P4:1.6 STATE:IN_POS
[2026-05-16 05:18:19Z] CHK MOM:0% RANGE:0.09% UP:22.22% SPREAD:0.06246096% BID:1.601 ASK:1.602 MID:1.6015 P1:1.6015 P2:1.6015 P3:1.6005 P4:1.6 STATE:IN_POS
[2026-05-16 05:18:19Z] CHK MOM:0% RANGE:0.09% UP:25% SPREAD:0.06249999% BID:1.6 ASK:1.601 MID:1.6005 P1:1.6005 P2:1.6015 P3:1.6015 P4:1.6005 STATE:IN_POS
[2026-05-16 05:18:20Z] CHK MOM:0% RANGE:0.09% UP:22.22% SPREAD:0.06249999% BID:1.6 ASK:1.601 MID:1.6005 P1:1.6005 P2:1.6005 P3:1.6015 P4:1.6015 STATE:IN_POS
[2026-05-16 05:18:20Z] CHK MOM:0.03% RANGE:0.09% UP:22.22% SPREAD:0.06249999% BID:1.6 ASK:1.601 MID:1.6005 P1:1.6005 P2:1.6005 P3:1.6005 P4:1.6015 STATE:IN_POS
[2026-05-16 05:18:21Z] CHK MOM:0.03% RANGE:0.09% UP:22.22% SPREAD:0.06249999% BID:1.6 ASK:1.601 MID:1.6005 P1:1.6005 P2:1.6005 P3:1.6005 P4:1.6015 STATE:IN_POS
[2026-05-16 05:18:21Z] CHK MOM:0.03% RANGE:0.09% UP:22.22% SPREAD:0.06249999% BID:1.6 ASK:1.601 MID:1.6005 P1:1.6005 P2:1.6005 P3:1.6005 P4:1.6015 STATE:IN_POS
[2026-05-16 05:18:22Z] CHK MOM:0.03% RANGE:0.09% UP:22.22% SPREAD:0.06249999% BID:1.6 ASK:1.601 MID:1.6005 P1:1.6005 P2:1.6005 P3:1.6005 P4:1.6015 STATE:IN_POS
[2026-05-16 05:18:22Z] CHK MOM:0.03% RANGE:0.09% UP:22.22% SPREAD:0.06249999% BID:1.6 ASK:1.601 MID:1.6005 P1:1.6005 P2:1.6005 P3:1.6005 P4:1.6015 STATE:IN_POS
[2026-05-16 05:18:23Z] CHK MOM:0.03% RANGE:0.09% UP:22.22% SPREAD:0.06249999% BID:1.6 ASK:1.601 MID:1.6005 P1:1.6005 P2:1.6005 P3:1.6005 P4:1.6015 STATE:IN_POS
[2026-05-16 05:18:24Z] CHK MOM:-0.03% RANGE:0.12% UP:28.57% SPREAD:0.06253908% BID:1.599 ASK:1.6 MID:1.5995 P1:1.5995 P2:1.6005 P3:1.6005 P4:1.6005 STATE:IN_POS
[2026-05-16 05:18:25Z] CHK MOM:-0.06% RANGE:0.12% UP:14.28% SPREAD:0.06253908% BID:1.599 ASK:1.6 MID:1.5995 P1:1.5995 P2:1.5995 P3:1.6005 P4:1.6005 STATE:IN_POS
[2026-05-16 05:18:25Z] CHK MOM:-0.06% RANGE:0.12% UP:14.28% SPREAD:0.06253908% BID:1.599 ASK:1.6 MID:1.5995 P1:1.5995 P2:1.5995 P3:1.6005 P4:1.6005 STATE:IN_POS
[2026-05-16 05:18:26Z] CHK MOM:-0.06% RANGE:0.12% UP:12.5% SPREAD:0.06253908% BID:1.599 ASK:1.6 MID:1.5995 P1:1.5995 P2:1.5995 P3:1.5995 P4:1.6005 STATE:IN_POS
[2026-05-16 05:18:26Z] CHK MOM:-0.06% RANGE:0.12% UP:12.5% SPREAD:0.06253908% BID:1.599 ASK:1.6 MID:1.5995 P1:1.5995 P2:1.5995 P3:1.5995 P4:1.6005 STATE:IN_POS
[2026-05-16 05:18:27Z] CHK MOM:-0.06% RANGE:0.12% UP:12.5% SPREAD:0.06253908% BID:1.599 ASK:1.6 MID:1.5995 P1:1.5995 P2:1.5995 P3:1.5995 P4:1.6005 STATE:IN_POS
[2026-05-16 05:18:27Z] CHK MOM:-0.12% RANGE:0.12% UP:0% SPREAD:0.06253908% BID:1.599 ASK:1.6 MID:1.5995 P1:1.5995 P2:1.5995 P3:1.5995 P4:1.5995 STATE:IN_POS
[2026-05-16 05:18:28Z] CHK MOM:-0.15% RANGE:0.15% UP:0% SPREAD:0.12515644% BID:1.598 ASK:1.6 MID:1.599 P1:1.599 P2:1.5995 P3:1.5995 P4:1.5995 STATE:IN_POS
[2026-05-16 05:18:28Z] CHK MOM:-0.28% RANGE:0.28% UP:0% SPREAD:0.12531328% BID:1.596 ASK:1.598 MID:1.597 P1:1.597 P2:1.599 P3:1.5995 P4:1.5995 STATE:IN_POS
[2026-05-16 05:18:30Z] SELL symbol=ORCAUSDC qty=5.97 exit=1.596 pnl=-0.04296 reason=PSELL FAIL age=59.2s latest=1.59600000 guard=1.59712000 high=1.60200000 peak=0.1250% P1=1.597 P2=1.5990000000000002 P3=1.5995 P4=1.5995 entry=1.6 profile=major
[2026-05-16 05:18:39Z] TOKEN_SWITCH old=ORCAUSDC new=SEIUSDC source=.service.env
